ID,CUSTOMER,ORDERED_AT,STORE_ID,SUBTOTAL,TAX_PAID,ORDER_TOTAL
c9f4e506-4086-4d51-8033-ed3b64e4d179,2ad8ff3c-388e-429b-9b1a-67286e82bd20,2024-06-05 08:03:00,7610d689-246f-467d-8d80-991c4eef401a,600,36,636
701340fd-7109-4878-b1dd-cac1c6e6ceab,6b4f3f63-45e6-42ee-b5c4-ac03835a2d5f,2024-06-05 07:51:00,7610d689-246f-467d-8d80-991c4eef401a,400,24,424
e947504b-e0a3-42f8-901f-93cd5221ce0b,3850daab-891a-45e9-a8de-8be8febc3137,2024-06-05 15:12:00,7610d689-246f-467d-8d80-991c4eef401a,700,42,742
18f8a99f-bdb5-48e2-9d7f-2a4fc030631a,879ff208-ac40-47d2-9c15-e475f635ccbe,2024-06-05 15:04:00,7610d689-246f-467d-8d80-991c4eef401a,1800,108,1908
57728085-86fc-492d-a610-4b2f7c45d59b,24c316fc-ad16-45a1-9ef3-3da9d491b0e7,2024-06-05 08:49:00,7610d689-246f-467d-8d80-991c4eef401a,500,30,530
8eac36d4-4776-4b05-8387-07283de6e35b,7b1522dc-cd21-4c40-b81b-3532f5b9f3eb,2024-06-05 08:41:00,7610d689-246f-467d-8d80-991c4eef401a,500,30,530
a6ecb0c3-a161-46a2-8a4e-62071c1e964f,344bf269-6f68-41c2-a6ff-a8f4eb6f6ca7,2024-06-05 11:59:00,7610d689-246f-467d-8d80-991c4eef401a,700,42,742
ec931f8c-5bf2-4473-8073-5887120cc47e,d10a856b-8bc4-4cf8-bb76-ffdcf2a50f1e,2024-06-05 08:46:00,7610d689-246f-467d-8d80-991c4eef401a,2600,156,2756
cf17bc8e-e1e2-4f37-8650-36b314280eaf,839b9759-0a61-4c7d-872f-591848c1b431,2024-06-05 07:14:00,7610d689-246f-467d-8d80-991c4eef401a,600,36,636
4243d1e0-dee3-4ada-b2ee-f73e03224e72,78e869b8-1d23-4f38-b562-7cd5072dcd5a,2024-06-05 17:48:00,7610d689-246f-467d-8d80-991c4eef401a,400,24,424
8373dfbe-178f-4a73-987e-b946e4100539,4bf534e1-0071-43eb-b3ba-cf7da176d8a6,2024-06-05 16:04:00,7610d689-246f-467d-8d80-991c4eef401a,600,36,636
96f0c927-aa14-43f8-b64c-93f6eb97f659,b7bd8c57-4f91-4c51-88e7-382592e9eaf7,2024-06-05 11:21:00,7610d689-246f-467d-8d80-991c4eef401a,500,30,530
bf75df35-0af9-4fc8-8db8-1bc3499501dc,d96563d3-24d4-40e6-8f4e-a6c5f015d864,2024-06-05 08:03:00,7610d689-246f-467d-8d80-991c4eef401a,500,30,530
62586511-86b9-420c-8205-be0cf4e90b98,44bffcdd-9613-46ca-9f05-b315de5e7ca6,2024-06-05 16:37:00,7610d689-246f-467d-8d80-991c4eef401a,500,30,530
c951f44b-4dac-4138-98e8-d9779f2428d8,78d44e16-ddfd-4429-91bc-9208c7fb2fc8,2024-06-05 08:06:00,7610d689-246f-467d-8d80-991c4eef401a,400,24,424
a3e891dd-7868-4c3b-984b-faf2288d0400,eccd1acd-eac1-49d7-ad10-8883982cdf7d,2024-06-05 14:01:00,7610d689-246f-467d-8d80-991c4eef401a,1800,108,1908
87bfb41d-52c5-4db9-a14f-9b4c9902d195,1e43ae86-f777-4ee7-b336-8e3bc60294ef,2024-06-05 12:09:00,7610d689-246f-467d-8d80-991c4eef401a,700,42,742
fed97503-eafe-4b9e-bc7a-6a483e5ac211,c366eb7d-81d8-46f9-89d9-9d09186d8503,2024-06-05 07:05:00,7610d689-246f-467d-8d80-991c4eef401a,700,42,742
a7956652-f85b-4c80-9934-130c5ff04127,d7e9c90f-0dde-41f1-9be4-09fbe640e794,2024-06-05 07:35:00,7610d689-246f-467d-8d80-991c4eef401a,700,42,742
91ef97e8-946d-4d09-adda-cb973af892a0,47a4b1a8-781d-40e8-bbb2-f769c2c6b5ca,2024-06-05 07:42:00,7610d689-246f-467d-8d80-991c4eef401a,600,36,636
d40c0111-2ed3-49f2-ba82-b831d4d10bac,e4c63951-a231-404c-ad26-f4a492f3447f,2024-06-05 08:05:00,7610d689-246f-467d-8d80-991c4eef401a,500,30,530
a2885f5b-d73d-4607-918e-e2c20ff07d65,c1bbb819-8747-488a-a071-62209789dfd5,2024-06-05 15:36:00,7610d689-246f-467d-8d80-991c4eef401a,1500,89,1589
6cdba9b7-c8fb-4843-a407-858607cec693,4a15f8b9-7c0a-4643-b14d-5ec37ed6b186,2024-06-05 08:20:00,7610d689-246f-467d-8d80-991c4eef401a,400,24,424
b07cd2be-3eef-4045-8ddd-bebe2f8fdf29,5248f2d8-0eb8-420f-9ea5-77ec82307b9b,2024-06-05 07:36:00,7610d689-246f-467d-8d80-991c4eef401a,400,24,424
588f767c-0e33-47d1-8559-d97e4df87a57,fb56c2c7-1769-4c97-9197-2ffa8b82ea0e,2024-06-05 16:43:00,7610d689-246f-467d-8d80-991c4eef401a,600,36,636
b8403270-d768-4b41-a877-9a0dcc3e5d1f,d656f95b-6c2e-4372-ab17-a3bbc93812c1,2024-06-05 08:50:00,7610d689-246f-467d-8d80-991c4eef401a,500,30,530
468dffaf-3047-49fe-8e4e-05128c02a531,5e90dd7a-de2a-412d-88fc-7641dd8da9fd,2024-06-05 10:40:00,7610d689-246f-467d-8d80-991c4eef401a,500,30,530
27a16468-39f1-4ebe-b61a-4829bcdf5e91,62626d20-2e67-4f1d-9386-1b0a5e25956c,2024-06-05 07:33:00,7610d689-246f-467d-8d80-991c4eef401a,500,30,530
b7a76eab-5bfa-4450-a6cc-99e6301fd309,4799ec1e-d9b9-4322-9d76-9221b4bf723f,2024-06-05 18:54:00,7610d689-246f-467d-8d80-991c4eef401a,1600,96,1696
88fb171e-e08d-43f0-9d42-bb97eee45142,89608f14-f4d2-4c6b-a97e-0c4447c79081,2024-06-05 17:26:00,7610d689-246f-467d-8d80-991c4eef401a,500,30,530
93ef72fb-8858-4ac8-8f2c-ca2b8986cdd4,a06737cf-81da-48c9-8ef7-4a332da1e970,2024-06-05 15:30:00,7610d689-246f-467d-8d80-991c4eef401a,500,30,530
8fc76d71-3f77-475e-89db-648bf3fd84b8,971087ab-63dd-4337-bf42-188e6bc92ea8,2024-06-05 11:01:00,7610d689-246f-467d-8d80-991c4eef401a,600,36,636
607041de-1a52-41cd-bf94-524330e960be,1ae36efc-f7b6-45de-8646-8775a98651b1,2024-06-05 13:24:00,7610d689-246f-467d-8d80-991c4eef401a,1800,108,1908
efdafb9d-bf13-40e7-9f97-8ea9343dee74,ef339016-b62e-4c27-8dee-119176b58864,2024-06-05 16:52:00,7610d689-246f-467d-8d80-991c4eef401a,1300,78,1378
438a6797-a9fa-4aba-882a-63d5cda7fa25,95ac520d-f0fc-435a-b0b4-2dcf6b90bd80,2024-06-05 08:36:00,7610d689-246f-467d-8d80-991c4eef401a,700,42,742
65827997-8029-4ec0-8072-ed71ef59dc23,7b802864-fcee-410c-bdbf-7774ce4cfd97,2024-06-05 07:46:00,7610d689-246f-467d-8d80-991c4eef401a,700,42,742
67767fad-366f-4d87-869e-1806c6169b6d,8d19687a-737e-45da-b0d4-d686d57620d6,2024-06-05 14:54:00,7610d689-246f-467d-8d80-991c4eef401a,1200,72,1272
98c6ae55-0f2c-4261-abbf-1bd524c2e498,e821bf99-a819-4aa4-89e9-8b82a338484a,2024-06-05 14:32:00,7610d689-246f-467d-8d80-991c4eef401a,600,36,636
1521920e-9d10-4dfd-b86d-80120af322d0,de57e4f7-4879-435d-a9e1-c9a1763d4961,2024-06-05 14:18:00,7610d689-246f-467d-8d80-991c4eef401a,600,36,636
8bc0b842-b904-40bd-977e-ff38ec162837,aec16166-ed24-473e-a071-c5dc834ca0e4,2024-06-05 08:07:00,7610d689-246f-467d-8d80-991c4eef401a,600,36,636
0b10d22f-f5cb-4183-9651-65166c842d92,c9832d9c-549d-4a87-b495-d09238d3bbed,2024-06-05 13:58:00,7610d689-246f-467d-8d80-991c4eef401a,1100,65,1165
0a15f996-ee20-4fe6-9503-32040d76f02a,2f08d074-f43f-4139-b02d-87d7b52beb3a,2024-06-05 07:52:00,7610d689-246f-467d-8d80-991c4eef401a,600,36,636
cdcf425e-bdb1-4658-946c-125b530261b6,926c3574-687d-438c-95a0-ad55202d049a,2024-06-05 10:10:00,7610d689-246f-467d-8d80-991c4eef401a,0,0,0
4187f8cf-65a1-40e4-b4cd-61c29edbb56c,1dd6668a-adfe-4618-9aad-d10d78dc8272,2024-06-05 15:24:00,7610d689-246f-467d-8d80-991c4eef401a,1700,102,1802
b93346ed-1c33-4ba1-a6e5-f49e3120a889,0bdabea4-30de-4ef8-b11a-a4c8de37ebd9,2024-06-05 16:49:00,7610d689-246f-467d-8d80-991c4eef401a,400,24,424
8eafd8a5-6712-49de-8746-993fde409cb9,9a65f806-8121-4335-941d-d0326c2e4675,2024-06-05 08:24:00,7610d689-246f-467d-8d80-991c4eef401a,400,24,424
280fa981-a4bd-4c2b-91bb-9d62cceb7c40,6995e59e-47cf-4387-a52d-ad45ca6a518d,2024-06-05 15:52:00,7610d689-246f-467d-8d80-991c4eef401a,1800,108,1908
1d4fb34a-156c-47d2-9838-20a4360e7d1e,31827348-11f6-4c64-ad78-71209fc9944b,2024-06-05 08:16:00,7610d689-246f-467d-8d80-991c4eef401a,400,24,424
cd31d0cd-3cb6-4cb1-b8f7-5177329e9965,dea739e8-98c1-4dbb-ba66-3b78d7f0e319,2024-06-05 15:42:00,7610d689-246f-467d-8d80-991c4eef401a,1700,102,1802
627a4c3c-2ff0-4dbe-b393-98c22e700e6a,af5a0e72-a82f-4edc-bf71-94e508485622,2024-06-05 11:59:00,7610d689-246f-467d-8d80-991c4eef401a,600,36,636
91a9d93d-0a05-49de-a609-d39edc189c1b,36b01943-3c96-430b-be52-72d94f53799d,2024-06-05 07:51:00,7610d689-246f-467d-8d80-991c4eef401a,600,36,636
59586bf5-a77c-4f93-a9cd-1c2ba1a47b55,5efd874a-63ad-480e-8d5e-862efb88a592,2024-06-05 14:06:00,7610d689-246f-467d-8d80-991c4eef401a,1700,102,1802
3bb6e6d1-44ce-4edf-b7ed-763a24760793,e4d2e9c5-4db3-42ca-92c6-33624a07b937,2024-06-05 18:44:00,7610d689-246f-467d-8d80-991c4eef401a,1100,65,1165
ffd3bc25-0a84-417c-ab27-dc848d332000,0d16939d-03a0-4dd0-bc65-3b4ccb36fe79,2024-06-05 08:57:00,7610d689-246f-467d-8d80-991c4eef401a,500,30,530
7a1a06ed-d957-4130-bde3-d0de7c4e1d1c,3a3c7ba2-c0e9-4f2e-a33b-25b75a89c624,2024-06-05 07:16:00,7610d689-246f-467d-8d80-991c4eef401a,500,30,530
fb42b62f-14ab-4a04-8723-36417e989359,d37b5f57-5b61-4029-91cd-831255b3587b,2024-06-05 07:00:00,7610d689-246f-467d-8d80-991c4eef401a,500,30,530
d89aff88-d34e-4437-a7b8-327ac565c91e,ffef49f3-f8f1-4be9-88ff-df81293ec90a,2024-06-05 13:58:00,7610d689-246f-467d-8d80-991c4eef401a,2000,120,2120
fd350f2c-3b1b-4a90-81a5-9ed4651f5dbd,e79b9228-3f3d-46b5-8374-fedb9dda3735,2024-06-05 15:11:00,7610d689-246f-467d-8d80-991c4eef401a,1800,108,1908
c2897529-f292-439c-95d7-32bb075cd4b2,cc9d7a30-c27e-472f-ac48-8c5985c795f8,2024-06-05 11:29:00,7610d689-246f-467d-8d80-991c4eef401a,500,30,530
8dcf62e7-c6b0-4400-ad55-026ee2c2ac81,9ef64e35-2590-4115-9d1a-772a11e1b53d,2024-06-05 08:24:00,7610d689-246f-467d-8d80-991c4eef401a,600,36,636
c810245c-48d8-438e-a0d5-33618d05933c,1939ef2f-c862-4774-bfdc-746117412833,2024-06-05 12:45:00,7610d689-246f-467d-8d80-991c4eef401a,600,36,636
0a27827d-b160-4c5b-a5f9-c6ee1d6575e1,8c8c1c3d-4781-4046-bb38-926c9c5738d0,2024-06-05 17:08:00,7610d689-246f-467d-8d80-991c4eef401a,1800,108,1908
367298cd-5af5-4b01-a0ac-6a8fbe03f207,0e18fa04-ce72-4ff8-b56e-7f088e12c004,2024-06-05 07:45:00,7610d689-246f-467d-8d80-991c4eef401a,600,36,636
b78ec144-1260-4655-91e1-73f06d747140,fc6cf27c-b921-4bb5-a3f9-6d90446d79e5,2024-06-05 15:20:00,7610d689-246f-467d-8d80-991c4eef401a,600,36,636
e5039d39-8005-4461-ad16-63606a55ddc5,df37e08e-0277-4735-a73a-1b7c294ea7c7,2024-06-05 15:34:00,7610d689-246f-467d-8d80-991c4eef401a,1800,108,1908
08b1212d-b955-4ec2-bd17-82d653197ac7,8d6d38a0-38c1-46db-9015-09308fac8af1,2024-06-05 12:09:00,7610d689-246f-467d-8d80-991c4eef401a,400,24,424
17766b25-c5f8-4adb-a340-7a5cbd5713d9,57977a86-91ed-41b7-a3ce-5e7ede685b60,2024-06-05 07:44:00,7610d689-246f-467d-8d80-991c4eef401a,600,36,636
dc7ccdb1-d35b-49f3-b834-b23d60db3a79,f0a48cc6-0574-42fa-be95-4d97d8329d9d,2024-06-05 19:30:00,7610d689-246f-467d-8d80-991c4eef401a,400,24,424
af6b7310-0b6d-403f-ad5b-1c0990be3109,b4fcea36-9cc0-4960-91a9-75c9a5a42d37,2024-06-05 16:41:00,7610d689-246f-467d-8d80-991c4eef401a,1800,108,1908
b4464f9f-782e-42c4-b1ac-f48b5bd44a3b,a6d591f5-51c1-47bb-b6d6-99c8b86751d4,2024-06-05 08:04:00,7610d689-246f-467d-8d80-991c4eef401a,700,42,742
811dcb0d-b03a-42bc-be35-14f110a95493,d64dc06b-92b4-412f-811b-f9126ac600de,2024-06-05 15:14:00,7610d689-246f-467d-8d80-991c4eef401a,700,42,742
34c9841a-1400-4bcf-b5a3-60c9b90ad04e,0b3c441f-c735-44c7-8074-4ea0037910ed,2024-06-05 07:18:00,7610d689-246f-467d-8d80-991c4eef401a,500,30,530
7359f693-bff3-4659-859f-cb981b3032d3,3964d6e6-da15-4d05-bfc2-fc2846545d29,2024-06-05 12:48:00,7610d689-246f-467d-8d80-991c4eef401a,500,30,530
a5e44be3-1e48-4e4a-8b19-1f5823a25669,a2fe1103-58db-4c4a-bac9-3af97a20c6e0,2024-06-05 17:57:00,7610d689-246f-467d-8d80-991c4eef401a,1700,102,1802
fe750362-00d5-4b44-b13c-6db5e3176b21,3edb5ca6-a87b-40f7-bd9d-fcebccd767f7,2024-06-05 12:08:00,7610d689-246f-467d-8d80-991c4eef401a,3000,179,3179
08a61763-fb26-4b11-9dc9-b4cafd931045,5d6db1ff-21b1-476e-b683-3f3658705c1b,2024-06-05 08:31:00,7610d689-246f-467d-8d80-991c4eef401a,600,36,636
b41555f3-e156-4c80-9345-2307b2ba2ee3,18412373-d87e-4d56-8449-fdd7446eee92,2024-06-05 14:23:00,7610d689-246f-467d-8d80-991c4eef401a,400,24,424
76adb436-3cfa-4b71-a067-97a0f7fe35ca,9d540d3a-ba2a-4da2-b5b2-8596b612ef7b,2024-06-05 07:44:00,7610d689-246f-467d-8d80-991c4eef401a,500,30,530
a4a2c2aa-327b-4b25-8215-22652c7bb459,29d39df5-9d77-4930-8017-21db53ecf80d,2024-06-05 12:25:00,7610d689-246f-467d-8d80-991c4eef401a,600,36,636
9511b6dd-905e-4bd9-ab05-508b66e5c89b,bddfbc57-6f52-4e22-a57a-6002563d154a,2024-06-05 08:22:00,7610d689-246f-467d-8d80-991c4eef401a,400,24,424
7d9b4468-7855-4d9c-b47b-a7a176d53ec1,f34e0784-b761-478c-bae7-e6e58b109334,2024-06-05 09:05:00,7610d689-246f-467d-8d80-991c4eef401a,1300,78,1378
9d00254a-5461-45ca-bf2c-a9b08ded6068,450a1c69-f98e-4b7e-801d-fd2a78341e96,2024-06-05 07:43:00,7610d689-246f-467d-8d80-991c4eef401a,400,24,424
efdec27b-3096-4cfc-8c8f-ad643dda4326,a4072cf8-44ed-4fba-a09c-52ea1253a626,2024-06-05 08:36:00,7610d689-246f-467d-8d80-991c4eef401a,600,36,636
0798e3a7-e1cb-4471-88bb-55ed7fc24db6,3046aedf-67c1-44e7-ac56-440680327361,2024-06-05 07:10:00,7610d689-246f-467d-8d80-991c4eef401a,700,42,742
f22c1da1-1228-4d54-958c-88271389fdb8,3edf64a9-16d7-4c40-9f5b-330dc725a080,2024-06-05 11:54:00,7610d689-246f-467d-8d80-991c4eef401a,500,30,530
59c44958-0caf-4ba3-904b-14b168265fad,fa0e12db-f609-4728-81c6-46ef4455bb0c,2024-06-05 15:32:00,7610d689-246f-467d-8d80-991c4eef401a,1500,89,1589
0277d519-6d53-4f79-9b12-07e2b5473080,666a6a48-7875-482d-a94e-9f8c64465cf4,2024-06-05 15:33:00,7610d689-246f-467d-8d80-991c4eef401a,600,36,636
291edd55-82e6-4319-a827-1928e28843fd,f61d0b9b-34aa-4b2d-8245-1b56c9c94307,2024-06-05 14:16:00,7610d689-246f-467d-8d80-991c4eef401a,600,36,636
caff9377-1e0d-45c5-bb3a-464012e4d514,f7451f3e-b827-467d-92cf-0dae8d7f486f,2024-06-05 08:50:00,7610d689-246f-467d-8d80-991c4eef401a,1200,72,1272
f4f7cf02-6155-4ab1-9e8c-727e60dbd78e,82f489f1-31c5-4763-91dd-3afd04165450,2024-06-05 16:39:00,7610d689-246f-467d-8d80-991c4eef401a,2100,126,2226
b02434e0-8ce8-4b1a-a12e-2265f5f85c9e,6b9b009b-216f-42fb-8b64-a596a810d02b,2024-06-05 12:26:00,7610d689-246f-467d-8d80-991c4eef401a,600,36,636
0ab792a7-1472-4edb-9bc2-5855261eb5b6,94d0a0fe-75c6-43be-bb84-168e040bc6d5,2024-06-05 15:50:00,7610d689-246f-467d-8d80-991c4eef401a,1700,102,1802
d5c7248b-8dd8-4045-8eb8-bf0db27fc149,250b3408-c860-4797-ac34-33728bf59c99,2024-06-05 11:05:00,7610d689-246f-467d-8d80-991c4eef401a,900,54,954
d7af02bd-8e81-42a0-b510-ff6e2985aeac,23a97ea4-4910-41fc-b79e-db7367a51abe,2024-06-05 14:53:00,7610d689-246f-467d-8d80-991c4eef401a,600,36,636
576d3505-b8dc-4b82-a986-c402de96b360,cf070f90-cdd8-4549-b7e2-0c7254a5fa7d,2024-06-05 12:37:00,7610d689-246f-467d-8d80-991c4eef401a,1000,60,1060
9148ce89-12ec-42c0-83f1-73730b99cf98,a6b53394-b08a-4498-b7c3-91454743d0a8,2024-06-05 10:04:00,7610d689-246f-467d-8d80-991c4eef401a,500,30,530
e33c5917-89ad-4f0d-9f5c-b715415cedae,f808081a-9507-47e5-86cb-7bf828d9d4df,2024-06-05 07:51:00,7610d689-246f-467d-8d80-991c4eef401a,500,30,530
8f7908a1-d2a4-49ac-89a9-6fcfae58a969,0ecfed85-1b84-4e53-966a-152524ece0f4,2024-06-05 16:28:00,7610d689-246f-467d-8d80-991c4eef401a,700,42,742
e6818509-df29-4ae5-985d-9bdbff91e030,f5d008c2-6621-46ef-a6cd-0886f0fe7f96,2024-06-05 15:22:00,7610d689-246f-467d-8d80-991c4eef401a,1800,108,1908
ad97b9eb-5d67-4883-b22d-bfad42e62d34,5d511afd-b502-4192-baad-0548251e5e6d,2024-06-05 08:07:00,7610d689-246f-467d-8d80-991c4eef401a,700,42,742
6de16709-24f3-45fc-9f88-fde0030b4b03,d8b3404c-073c-45e4-8d6a-a87259956b38,2024-06-05 12:33:00,7610d689-246f-467d-8d80-991c4eef401a,700,42,742
b5ab452a-55c9-47b2-a3c5-a71ba1d70d9c,f9841060-a614-481b-94ee-7dfe41607413,2024-06-05 07:30:00,7610d689-246f-467d-8d80-991c4eef401a,400,24,424
d9e23750-c886-481a-b619-09a54b5d5998,c6bd6d54-a717-4955-a92b-b94a48db42dc,2024-06-05 07:17:00,7610d689-246f-467d-8d80-991c4eef401a,500,30,530
2e77168a-cfbd-4be3-886e-ad3c28301b8b,eb7d2aec-bc7d-4c51-a03b-eafee6cb1d8a,2024-06-05 07:52:00,7610d689-246f-467d-8d80-991c4eef401a,600,36,636
604676ff-cfe7-417f-b08e-f7a0d6124306,dc1554c4-7966-43d6-989b-d9371615ed70,2024-06-05 08:07:00,7610d689-246f-467d-8d80-991c4eef401a,700,42,742
1890c223-9469-4787-9e8a-e6d2baa09492,0d210a5d-5016-4929-b467-3c8c4ba1ae9d,2024-06-05 07:05:00,7610d689-246f-467d-8d80-991c4eef401a,600,36,636
f1262e88-764a-4650-a54d-a263dae04b4f,25330444-e5dc-4852-a712-a2747fe6665b,2024-06-05 12:27:00,7610d689-246f-467d-8d80-991c4eef401a,2600,156,2756
c89d5a33-c89a-478b-9639-65a319dc3ad8,9cde1e0d-05f3-450f-bf5a-fa46ba556e66,2024-06-05 12:10:00,7610d689-246f-467d-8d80-991c4eef401a,500,30,530
87c1d3c4-2bc5-48e1-9560-462c995e5621,2e87ed2f-46fa-4c3d-a250-401e8b1ce26f,2024-06-05 12:04:00,7610d689-246f-467d-8d80-991c4eef401a,600,36,636
81b17dc7-ad3a-439d-ab8e-651d63fdd21e,4387d265-a651-45ac-b32f-8dc31bff999a,2024-06-05 13:50:00,7610d689-246f-467d-8d80-991c4eef401a,600,36,636
3ebb6eb7-88a9-4155-a77a-a384cb4c8ae6,026ceb52-c4fd-4803-bc22-2a3906fb6c46,2024-06-05 07:55:00,7610d689-246f-467d-8d80-991c4eef401a,500,30,530
dc63dc1e-a06e-4e8c-91a1-196d2c8c2e40,c8bab90c-54a0-4996-b0b2-10caea8d5184,2024-06-05 07:23:00,7610d689-246f-467d-8d80-991c4eef401a,500,30,530
339ffbe2-da27-4278-9500-0670820d249a,f2efc122-75e1-48bd-b4b8-6a52061637d2,2024-06-05 11:16:00,7610d689-246f-467d-8d80-991c4eef401a,1600,96,1696
fafcd8fd-a317-4bb8-94e5-0782303b11fe,adb75b1e-ebd5-4fb8-9ea1-91af9f74330d,2024-06-05 09:04:00,7610d689-246f-467d-8d80-991c4eef401a,600,36,636
dc81f4a0-f0aa-4cbd-8a04-68094e425db5,7246a425-986b-4cc7-9db5-e2a4f0f36b37,2024-06-05 12:31:00,7610d689-246f-467d-8d80-991c4eef401a,400,24,424
2892e247-0d7d-414c-99c3-8aa28d34d88a,dafbb152-2434-4963-83a6-66bcca661251,2024-06-05 07:45:00,7610d689-246f-467d-8d80-991c4eef401a,500,30,530
d2a71331-3b6d-4c47-8593-f0a652b1c760,2e85fe24-c31c-4881-81b3-ad7239cb4f5d,2024-06-05 10:20:00,7610d689-246f-467d-8d80-991c4eef401a,1800,108,1908
6561e36d-9710-4d15-8090-b9208c9d2c23,751581a7-dcae-4cd6-be9c-0170a28ec0f7,2024-06-05 08:05:00,7610d689-246f-467d-8d80-991c4eef401a,600,36,636
c264ffdd-c06c-450b-842a-f2b7a8fb6955,f2e6c77c-bb0e-4736-8e20-d9a300ad589a,2024-06-05 08:50:00,7610d689-246f-467d-8d80-991c4eef401a,600,36,636
72ab4e36-4fbb-452c-92c5-1e143a156cb6,2e472783-b556-4793-892b-93e4aae66fe8,2024-06-05 08:03:00,7610d689-246f-467d-8d80-991c4eef401a,400,24,424
4f189483-a96b-4e1a-bcfe-3865a3913897,22822edd-5932-40c9-8d1a-0fa99635cd0d,2024-06-05 11:08:00,7610d689-246f-467d-8d80-991c4eef401a,500,30,530
e2ef8674-2ba8-4f27-aa66-366cefd8c881,b33388b4-e129-491e-bcb5-2936b41c9e74,2024-06-05 07:39:00,7610d689-246f-467d-8d80-991c4eef401a,400,24,424
183edafd-bdb8-403e-b4f8-aad3aa89c6ed,e3591c6f-a528-4df8-bbaa-8c969c574113,2024-06-05 13:37:00,7610d689-246f-467d-8d80-991c4eef401a,1900,113,2013
4bb98fb1-53c0-419f-a0f1-17e1510c9b66,100b9b88-fbe2-4f5d-ab6f-986c8aabac36,2024-06-05 12:23:00,7610d689-246f-467d-8d80-991c4eef401a,2600,156,2756
9e224335-5aca-41e7-a97a-f4675f736b13,8c244f6b-7f16-4409-b513-237f6c53e7f0,2024-06-05 16:47:00,7610d689-246f-467d-8d80-991c4eef401a,1200,72,1272
371d0cd2-a7dd-4700-8ab2-8d6a16e43637,25bf9611-3c9a-425d-8d25-eb3ca453e365,2024-06-05 07:21:00,7610d689-246f-467d-8d80-991c4eef401a,600,36,636
b9b19211-a136-4fa5-9923-c4fd88cdb21e,3be0e2aa-b690-4a2f-a42a-323d392a2e56,2024-06-05 07:50:00,7610d689-246f-467d-8d80-991c4eef401a,400,24,424
1f0bebfb-27e4-4705-9a1a-b1e25fe9bdd9,eaf1ce75-babd-4767-adc4-c84916d44ea9,2024-06-05 07:59:00,7610d689-246f-467d-8d80-991c4eef401a,700,42,742
e6e86b0e-ddee-49e0-b5d1-6bd27c9c6e9a,7a631e31-0f36-480d-9d91-b4f11b6b3531,2024-06-05 10:59:00,7610d689-246f-467d-8d80-991c4eef401a,2400,144,2544
f6ba1899-f250-4046-b600-4e93276955de,a511fe7a-129e-4a12-977c-655bc6f729cf,2024-06-05 07:23:00,7610d689-246f-467d-8d80-991c4eef401a,600,36,636
c94d8da9-54b4-498e-b4f2-06d794df2cd8,f7ba70c3-65ab-41b7-b82e-557e864b3b38,2024-06-05 11:25:00,7610d689-246f-467d-8d80-991c4eef401a,600,36,636
8355c5f5-b1b6-4d50-8936-e3807484f128,181bd0ce-2a4e-4351-9ebd-df2dac1447d9,2024-06-05 19:41:00,7610d689-246f-467d-8d80-991c4eef401a,2400,144,2544
18f0654a-98af-46e7-a6b4-2630295bb4ec,cb35d391-3f6e-4b75-9150-0d9b47d1a9fb,2024-06-05 18:34:00,7610d689-246f-467d-8d80-991c4eef401a,1800,108,1908
79a9c211-1217-4c65-9d60-c89914cdeab9,71bd1014-f18c-4f9e-9f6e-a744c212f185,2024-06-05 15:08:00,7610d689-246f-467d-8d80-991c4eef401a,1800,108,1908
1b7fff25-da30-4db3-9df8-e8c559def544,271669e0-565e-4dd1-8b33-5e785cdcb331,2024-06-05 07:49:00,7610d689-246f-467d-8d80-991c4eef401a,400,24,424
e3390df8-d89b-40bc-a6ed-6a0d2e4105e2,3627aff8-26f1-46d0-bc9e-7a087e8ee05a,2024-06-05 11:53:00,7610d689-246f-467d-8d80-991c4eef401a,1600,96,1696
2fc7e1b6-0b9d-4170-b8d4-7d05a864ce69,f0f2ae48-dc46-46e7-84ab-80d7a170ba83,2024-06-05 17:24:00,7610d689-246f-467d-8d80-991c4eef401a,700,42,742
b32553d4-ebc1-4280-b493-e337b64f8f89,25a1ae12-da1a-47ba-8cc5-93ddde1bdd8a,2024-06-05 08:00:00,7610d689-246f-467d-8d80-991c4eef401a,800,48,848
2783172b-581f-4eae-a0cb-7f29d1c0537a,3a4bfb82-86e6-493d-a5c5-7f5f15da46b2,2024-06-05 19:09:00,7610d689-246f-467d-8d80-991c4eef401a,600,36,636
34571381-59e5-482d-b63a-8cb60c3dd809,1ce75bf8-af62-46ae-9ec1-bea716d67cd0,2024-06-05 07:40:00,7610d689-246f-467d-8d80-991c4eef401a,600,36,636
9f0d2d6e-43b6-4533-959b-9ccfce7c54e6,9d86b78b-c5a3-4c47-afde-b6f079c7571f,2024-06-05 08:35:00,7610d689-246f-467d-8d80-991c4eef401a,600,36,636
2c5c2278-bb1e-47ff-811b-17a2ca1bb678,5d0fd1a2-46fb-4f0c-87fd-e8ed66d5d4f1,2024-06-05 11:41:00,7610d689-246f-467d-8d80-991c4eef401a,500,30,530
ca231102-6bea-4d42-8a2e-168af2a18b0b,d6395bce-5b79-4dbe-b156-3fd6e59f0e76,2024-06-05 13:03:00,7610d689-246f-467d-8d80-991c4eef401a,2000,120,2120
7886a5d2-8aa7-49a1-901f-c6ccb28f6600,9db7710b-d037-4a6e-8d62-d1553af9b074,2024-06-05 13:11:00,7610d689-246f-467d-8d80-991c4eef401a,1000,60,1060
30895d70-67d7-4ce4-918b-c3cbdce05ccc,14ea6d96-393f-46a5-8725-05273c037ba8,2024-06-05 11:12:00,7610d689-246f-467d-8d80-991c4eef401a,600,36,636
3a8be637-a1f9-4829-b3e7-7bbe6ba98486,83c2a0a0-ef47-41c3-8130-f4c4bfada767,2024-06-05 08:41:00,7610d689-246f-467d-8d80-991c4eef401a,400,24,424
49eb3e9b-e893-4a2c-84c2-206a113214ef,a5789ae7-87e8-4e02-a0f5-ed465d5b9332,2024-06-05 13:49:00,7610d689-246f-467d-8d80-991c4eef401a,1600,96,1696
98e6f33e-db79-4d8c-83db-1285d466ac0b,3cfdfe82-8d38-458a-9cc0-377ce8640d82,2024-06-05 17:15:00,7610d689-246f-467d-8d80-991c4eef401a,1900,113,2013
d3bd8dc6-658e-4230-8202-3d19dc24bc35,201c75dc-d0d2-49d0-8a57-a674c91be28c,2024-06-05 07:51:00,7610d689-246f-467d-8d80-991c4eef401a,700,42,742
ad981c4b-7bf3-4e5c-9f35-c4a5dbdd1a07,b7810a3b-3aa5-4ebb-9d33-273cfc9007c2,2024-06-05 11:04:00,7610d689-246f-467d-8d80-991c4eef401a,700,42,742
112a0a69-582e-488e-9634-186c57b77f1d,66419994-ccb4-4a5e-8104-430d9f05b787,2024-06-05 13:55:00,7610d689-246f-467d-8d80-991c4eef401a,400,24,424
4b13cf8f-cfbb-4631-9914-144c5681e941,e90f9656-4dbb-43c9-b92e-183e7616d870,2024-06-05 18:45:00,7610d689-246f-467d-8d80-991c4eef401a,400,24,424
8a9ed6b1-3b31-44c3-9c88-2178da879993,50a245b4-409d-40b4-859a-497ffa53d3b5,2024-06-05 07:23:00,7610d689-246f-467d-8d80-991c4eef401a,600,36,636
e2fc6807-d98d-44c5-9f01-c8609efca1b5,97d9be9c-5910-4341-9c34-db0a5d21792b,2024-06-05 08:51:00,7610d689-246f-467d-8d80-991c4eef401a,700,42,742
31c026d8-6a60-4e2d-89b4-82cc2419c7db,1a5a5d31-a37e-4a9c-a6cd-d2022e17eca7,2024-06-05 08:56:00,7610d689-246f-467d-8d80-991c4eef401a,1700,102,1802
a9543496-7fa0-4593-8833-f41054ad13d5,2168d1cd-b8d0-48cc-bba5-45bde32172ca,2024-06-05 12:30:00,7610d689-246f-467d-8d80-991c4eef401a,0,0,0
1694c477-25dd-48fc-941d-6f50deeb6849,d853c060-bc2e-414d-8d42-8cd0fc37d411,2024-06-05 13:40:00,7610d689-246f-467d-8d80-991c4eef401a,1800,108,1908
4cf6cab0-f60a-49e2-909e-b07663fcda78,456fdbb1-8895-420f-8c28-844dbee62b72,2024-06-05 07:34:00,7610d689-246f-467d-8d80-991c4eef401a,500,30,530
3c0bb106-b559-45e7-a550-e3cba1174a13,58ae6de0-40c0-4c65-8c85-52d2e83d9fee,2024-06-05 12:51:00,7610d689-246f-467d-8d80-991c4eef401a,3400,204,3604
3da53ae3-c22d-4c6d-afe0-562b67e1280f,0f0fef3b-66fb-4716-9807-7a8a2bcec7e7,2024-06-05 11:17:00,7610d689-246f-467d-8d80-991c4eef401a,600,36,636
d69541a9-b54c-4dae-a895-e51bee2b5974,0f8daf38-9d2e-4979-a40a-9994e1096dcf,2024-06-05 13:42:00,7610d689-246f-467d-8d80-991c4eef401a,1400,84,1484
9bc31300-5a3c-4e0d-874e-a93fa4540b19,d2c80c70-0626-4e92-9115-8ce300b3a153,2024-06-05 07:54:00,7610d689-246f-467d-8d80-991c4eef401a,600,36,636
02e393be-ec6c-453b-9016-d00bc99dcc5a,87ab0db5-dea7-42ec-9f0c-2845b0311a5e,2024-06-05 08:30:00,7610d689-246f-467d-8d80-991c4eef401a,600,36,636
85b615b4-b49c-47d9-ac7c-9c3168f77891,309669c8-42b3-43b1-8123-2be569933a0c,2024-06-05 12:20:00,7610d689-246f-467d-8d80-991c4eef401a,1100,65,1165
aa83c08d-e93f-4a24-a39d-dc8ac580545c,151aad12-cc70-485f-b635-fd685c75209d,2024-06-05 18:29:00,7610d689-246f-467d-8d80-991c4eef401a,600,36,636
3f021f22-11db-462a-a92f-3d411d0e5ab9,2b93a0e5-e89b-480f-9229-d927b0cb04d5,2024-06-05 07:00:00,7610d689-246f-467d-8d80-991c4eef401a,600,36,636
979df8f9-7027-433a-a681-c54bf0e28223,5e25b7e9-263f-487e-ab81-22525d48e71b,2024-06-05 08:15:00,7610d689-246f-467d-8d80-991c4eef401a,600,36,636
5557db55-f9b5-4e68-9e72-f480782244e0,665e2199-3e9c-44d4-ad37-fdaad66a174c,2024-06-05 07:40:00,7610d689-246f-467d-8d80-991c4eef401a,600,36,636
c129459e-56e2-46cc-a1de-15de1f2f23d3,f919f31e-aafe-4c49-b6e4-fbaad4f298bf,2024-06-05 12:53:00,7610d689-246f-467d-8d80-991c4eef401a,400,24,424
bfa71a01-b275-440b-bade-e3cd20d81d34,1c9cfb2c-1d6e-42ea-abd2-7970d24360ec,2024-06-05 08:19:00,7610d689-246f-467d-8d80-991c4eef401a,600,36,636
605b9d37-e067-4c0d-8f59-3eef264ef597,a81521ff-21dd-4fea-8e3f-fe9c4a1dc1e8,2024-06-05 08:27:00,7610d689-246f-467d-8d80-991c4eef401a,500,30,530
474204d2-1a5a-4835-983b-86d1ad59b84d,a098d142-670c-47f0-9877-a90b05422050,2024-06-05 09:47:00,7610d689-246f-467d-8d80-991c4eef401a,400,24,424
70427b1e-fa29-45ad-ba71-f32ef2d71191,2c3b36b1-b188-488e-b426-1cb1ed10393a,2024-06-05 17:29:00,7610d689-246f-467d-8d80-991c4eef401a,1800,108,1908
be0ff709-667b-4f7b-944c-45471a5253b9,86440644-0c75-465f-bdeb-900d87ec40d4,2024-06-05 07:37:00,7610d689-246f-467d-8d80-991c4eef401a,700,42,742
4732ca79-608c-4a5f-ba1e-b46d54207495,ab65ad9c-95b5-49a5-8338-0a5c83d5817f,2024-06-05 16:00:00,7610d689-246f-467d-8d80-991c4eef401a,600,36,636
d9ae7674-2341-48d7-b138-17f602449eb2,b6084d24-9a8f-481e-8d93-c09ccb6c51c0,2024-06-05 15:23:00,7610d689-246f-467d-8d80-991c4eef401a,700,42,742
9139fc00-853f-44c5-bbb6-00f4034030bf,22fa3e88-bc50-4934-8b6d-1e16ec124ea5,2024-06-05 14:10:00,7610d689-246f-467d-8d80-991c4eef401a,1100,65,1165
7f429438-2c91-4564-ad90-019f62377e6a,d3c6c1f1-8fad-4e3b-b090-1739abc57cf0,2024-06-05 08:02:00,7610d689-246f-467d-8d80-991c4eef401a,500,30,530
b1aced44-0d1f-4bee-9cf9-7cb812f5c9dd,152e39ef-e32b-4140-8d4c-84e1f4efe4ab,2024-06-05 11:29:00,7610d689-246f-467d-8d80-991c4eef401a,700,42,742
0219e234-d3d0-42dc-a19b-8288e760179e,6a0d13b3-0aa7-4970-94b1-a9b08fc329d9,2024-06-05 17:23:00,7610d689-246f-467d-8d80-991c4eef401a,400,24,424
c1e1b2fb-d9f9-44c0-a243-076bd37d0ce6,16055520-2c72-4e4e-9f92-bac49b61437c,2024-06-05 08:05:00,7610d689-246f-467d-8d80-991c4eef401a,600,36,636
39135d1d-b511-4d28-b646-555ea4ba262d,a9a3224d-e299-4835-95d7-96b2ae764b03,2024-06-05 07:00:00,7610d689-246f-467d-8d80-991c4eef401a,600,36,636
f89262b8-125a-42f9-9da6-e1e2f3e0739b,f19d0ad1-80ee-47f5-97ff-186e003f3e38,2024-06-05 12:11:00,7610d689-246f-467d-8d80-991c4eef401a,1000,60,1060
9f453d21-b174-4e0b-ba34-1c4ee452fcdc,d23ca980-dbeb-418a-b89b-bca1590263ee,2024-06-05 13:49:00,7610d689-246f-467d-8d80-991c4eef401a,400,24,424
697cb049-7d06-4555-8425-914a70f64c5c,f48bd87a-ff07-4581-a471-bcb2cd91cd1b,2024-06-05 14:02:00,7610d689-246f-467d-8d80-991c4eef401a,600,36,636
b5e159c5-3931-4ac7-9cfc-c408ad2d0f13,ea8db837-54ac-4615-ab01-9e1d9f2d3ec1,2024-06-05 07:40:00,7610d689-246f-467d-8d80-991c4eef401a,600,36,636
064afcc2-8784-4782-9824-cabd4df4fcf4,572afe5e-e82a-45af-aaac-35948537d83b,2024-06-05 15:09:00,7610d689-246f-467d-8d80-991c4eef401a,600,36,636
1fdc922d-7509-43e5-b895-37dcdb31f07e,786e1981-a9d6-4f2b-9c24-a4d3dd7c7e17,2024-06-05 14:17:00,7610d689-246f-467d-8d80-991c4eef401a,600,36,636
6dc4226d-f00f-4db4-ae5a-dc3bddaf104e,71c1b037-3691-41ec-9286-8b171bdbb6f5,2024-06-05 07:00:00,7610d689-246f-467d-8d80-991c4eef401a,700,42,742
04d64fbd-364d-4723-82f5-53fd8aa5d0b9,8cfe2de3-d27a-456f-ae33-517251aeee4e,2024-06-05 19:57:00,7610d689-246f-467d-8d80-991c4eef401a,1100,65,1165
a6920484-7444-4097-a541-7421ac388789,df3c2d1d-30e2-4371-9b43-3fd918f475bb,2024-06-05 07:50:00,7610d689-246f-467d-8d80-991c4eef401a,600,36,636
5069e716-2908-4a6c-be7a-e6156d6d7aa1,f695d71e-f422-4325-9add-b509be6e4bf1,2024-06-05 11:25:00,7610d689-246f-467d-8d80-991c4eef401a,400,24,424
86b3cf79-849b-4df4-80ee-cd4240c00e18,b95564b0-779d-41ad-9da0-5f65a142d02c,2024-06-05 08:37:00,7610d689-246f-467d-8d80-991c4eef401a,600,36,636
e338fbb9-40c5-44be-9494-2cc8c6f44a5b,3b549ccd-b818-46d6-bb5c-7b514dc724ff,2024-06-05 07:21:00,7610d689-246f-467d-8d80-991c4eef401a,600,36,636
80c6af02-ba0f-426a-aa29-64c6a5d1c6be,b5c391ec-6795-4c92-8074-f881d65b8bb1,2024-06-05 12:00:00,7610d689-246f-467d-8d80-991c4eef401a,600,36,636
217101b0-f941-469d-bfd3-d8357384e32b,8cceb015-0ebd-4bfa-89b5-d5740ebf5eb4,2024-06-05 16:02:00,7610d689-246f-467d-8d80-991c4eef401a,500,30,530
d47f12e9-0486-4fab-8b6a-5a11b0dcb729,ba8a3b82-1b25-4eb0-bcd3-e172ca44a871,2024-06-05 17:22:00,7610d689-246f-467d-8d80-991c4eef401a,1900,113,2013
432cbd88-1e28-4d90-a7b0-12f02650bfe3,19a5fabf-dfd8-444b-a759-fba1764e5bf1,2024-06-05 13:48:00,7610d689-246f-467d-8d80-991c4eef401a,600,36,636
31eb50f5-7f22-47cd-8cff-1838622d1d04,33312611-32f7-45e9-a1ba-76224a4efaf1,2024-06-05 14:45:00,7610d689-246f-467d-8d80-991c4eef401a,600,36,636
70abbeff-1612-4e59-ad1a-803750272698,2df21d90-54d9-4bfc-9b00-12048e94bf7f,2024-06-05 07:44:00,7610d689-246f-467d-8d80-991c4eef401a,500,30,530
1a03c07f-fe14-4b8e-8e55-80cc3cbea48f,b27ac96b-45a5-4ca0-924e-eecc8894d365,2024-06-05 15:36:00,7610d689-246f-467d-8d80-991c4eef401a,700,42,742
0c8a9aca-a5ea-4a75-9639-72503c36ea47,61432b99-679b-4a15-8732-0fcb17a5ef7c,2024-06-05 08:11:00,7610d689-246f-467d-8d80-991c4eef401a,600,36,636
b123c14e-743a-44b0-aecc-22da86747074,905454f7-790f-4855-9e6d-6506f375381a,2024-06-05 07:01:00,7610d689-246f-467d-8d80-991c4eef401a,700,42,742
9243e50f-ba09-4832-a914-7080374f56ff,e44343af-786f-460f-afe9-276fafd4ab72,2024-06-05 12:26:00,7610d689-246f-467d-8d80-991c4eef401a,700,42,742
60526d32-01a1-4c12-9326-727e4676287c,ec2d7fac-e43b-47bb-9667-8389825d6201,2024-06-05 12:21:00,7610d689-246f-467d-8d80-991c4eef401a,400,24,424
788b78a3-e2d6-4e31-809f-672447bce564,e5deefa3-49a9-41cf-9230-a2ac99a13b74,2024-06-05 16:39:00,7610d689-246f-467d-8d80-991c4eef401a,500,30,530
86b59407-d203-44e2-afdd-0dd4ec1960c0,59ee54e5-38ad-4363-846b-dca7d019674a,2024-06-05 10:08:00,7610d689-246f-467d-8d80-991c4eef401a,0,0,0
364728b1-0a38-42da-99c9-abef84af2585,c3113d55-77b9-4b5b-91d0-905284ede6e8,2024-06-05 16:26:00,7610d689-246f-467d-8d80-991c4eef401a,400,24,424
cebc5d0f-7db3-4366-a574-38f17438dfae,b8e6d5cf-5320-400d-9a7a-d392e280ff9a,2024-06-05 07:52:00,7610d689-246f-467d-8d80-991c4eef401a,700,42,742
35059584-283a-406c-8fae-216922142c99,55a186ff-9bda-4b51-8717-546300299f58,2024-06-05 07:37:00,7610d689-246f-467d-8d80-991c4eef401a,600,36,636
741be194-92fb-405b-89dc-6e79fa45566f,90127bdb-59ee-4e26-83af-f34b0bf9f9b5,2024-06-05 13:23:00,7610d689-246f-467d-8d80-991c4eef401a,1100,65,1165
41d64b98-440e-4b9f-b438-7a984f01c9fd,dfe2ecc4-6a89-42bf-809d-eb6d3b80f03c,2024-06-05 07:16:00,7610d689-246f-467d-8d80-991c4eef401a,500,30,530
ba44dfa2-d8f9-41e7-8744-3924f33e83e2,5dee43b9-6180-423d-aa66-0c975c7a6254,2024-06-05 07:52:00,7610d689-246f-467d-8d80-991c4eef401a,600,36,636
fcd4d2b5-036a-436d-b070-c4ef906d60fc,8f860c47-6ffb-400d-a5ea-1b3309f59667,2024-06-05 08:25:00,7610d689-246f-467d-8d80-991c4eef401a,500,30,530
9560bb0c-3153-42eb-857d-48f5c9389b60,8e668625-bb53-48d3-8a35-337b6bfe0528,2024-06-05 08:50:00,7610d689-246f-467d-8d80-991c4eef401a,400,24,424
0d6a9a05-ce34-4253-ac8c-de9b1d4d6f55,4cabdc2c-b086-49e3-8537-89e9ff05bfc2,2024-06-05 16:09:00,7610d689-246f-467d-8d80-991c4eef401a,1800,108,1908
0eb978bf-870d-4043-a1c8-a5424aa86c59,ff579c5a-cd8c-4e66-9fa5-5efd193c7c97,2024-06-05 17:12:00,7610d689-246f-467d-8d80-991c4eef401a,1500,89,1589
15e6d242-6ecf-4b74-97f3-c5b03a51265f,c15f166b-5eea-4544-95ba-c06ab6bdfd54,2024-06-05 10:25:00,7610d689-246f-467d-8d80-991c4eef401a,700,42,742
6d91108f-32c2-4342-88c5-58d72deb8fed,21b47c14-85e6-4345-8b75-fb865313023c,2024-06-05 08:18:00,7610d689-246f-467d-8d80-991c4eef401a,600,36,636
4bc671c7-0673-4c4b-94b8-33d27e70e613,de438868-012e-4090-a23f-435fe782ba8a,2024-06-05 08:52:00,7610d689-246f-467d-8d80-991c4eef401a,600,36,636
dc3291b7-3b4b-4e31-9e7d-fde52af8fc6e,837e09f7-4460-4e4c-9dd1-15e51783c049,2024-06-05 14:08:00,7610d689-246f-467d-8d80-991c4eef401a,600,36,636
55b546a4-dfee-48d5-8b3c-0ef496ecc73e,76e0ad61-6f0a-4ff9-ac30-b153a4382299,2024-06-05 08:21:00,7610d689-246f-467d-8d80-991c4eef401a,500,30,530
928b9c81-22be-442a-8c49-d774c5faa3e1,7a3e0a67-3f90-4b44-ad0e-93018ee4fb40,2024-06-05 10:35:00,7610d689-246f-467d-8d80-991c4eef401a,4500,270,4770
7e885e76-653a-4568-897f-5ad8e6137431,46f597eb-c54b-4468-9b5f-709bcfed28fb,2024-06-05 14:36:00,7610d689-246f-467d-8d80-991c4eef401a,600,36,636
b8402df8-423b-4bbc-9735-135e8147186d,74f8b5d2-4353-4a1d-9d09-c4b033ed1e78,2024-06-05 08:04:00,7610d689-246f-467d-8d80-991c4eef401a,600,36,636
74a16af9-00ea-46b7-a12f-7bc33061bf6f,b072f983-a206-4f65-a800-d1b376f074a7,2024-06-05 07:59:00,7610d689-246f-467d-8d80-991c4eef401a,2000,120,2120
21ef54a9-4630-4d31-a010-5d0bf8b4f69c,468be53a-0f82-4ec2-9400-cfb722feb061,2024-06-05 15:22:00,7610d689-246f-467d-8d80-991c4eef401a,1800,108,1908
4ee71802-e5eb-4d87-ab88-d321ad03ea04,08242f94-d34c-4120-afeb-94e966620c4e,2024-06-05 15:43:00,7610d689-246f-467d-8d80-991c4eef401a,700,42,742
ad58466e-04a9-4ee1-a10a-6f4259a16eab,472069b9-a61b-4488-b3d3-77fd6e057685,2024-06-05 07:00:00,7610d689-246f-467d-8d80-991c4eef401a,500,30,530
57439af5-27bc-4aaa-ba4d-5eea189f3082,c8ecfe04-79be-48af-8d12-9542ae15e266,2024-06-05 07:35:00,7610d689-246f-467d-8d80-991c4eef401a,600,36,636
cce0b7c1-42b2-4292-9e6b-fb8928790a4c,eb33fc86-6f35-4862-88ff-4bf1a6932bc9,2024-06-05 16:15:00,7610d689-246f-467d-8d80-991c4eef401a,1600,96,1696
b30c1937-f592-4e65-818d-a52ff90c0a0c,02af6d80-129a-42e4-99b4-70b2f68dc3b9,2024-06-05 15:43:00,7610d689-246f-467d-8d80-991c4eef401a,400,24,424
47083ae9-a49a-44fd-8c82-eb11668b1e3f,13e6eb04-6067-4f00-8ee7-5675fcc4f621,2024-06-05 09:27:00,7610d689-246f-467d-8d80-991c4eef401a,1300,78,1378
5b81bbe1-2983-4e35-978f-a63a16063211,bd2ae4d9-0ea5-49e1-aea9-3370b4716c00,2024-06-05 11:09:00,7610d689-246f-467d-8d80-991c4eef401a,700,42,742
87557153-2041-416a-adc0-9d7c73d453cd,42f1d1af-ac2e-42d7-80bc-e1dd04b9bce8,2024-06-05 07:33:00,7610d689-246f-467d-8d80-991c4eef401a,700,42,742
93551af6-4087-4ef8-816d-1bbb825b303c,6784c527-d377-48d4-95b3-6d31959e6715,2024-06-05 14:40:00,7610d689-246f-467d-8d80-991c4eef401a,600,36,636
766d5421-8fae-475c-b7ad-e860d6edfcb8,e157473f-67c5-4a77-a3c7-1d690227196f,2024-06-05 13:35:00,7610d689-246f-467d-8d80-991c4eef401a,3800,227,4027
580fa8db-0b79-4594-8ebf-f234f44984bc,4f29c41c-067d-4f9a-9793-8bae170607bc,2024-06-05 11:44:00,7610d689-246f-467d-8d80-991c4eef401a,1900,113,2013
bcd9861e-14d7-4949-ab9d-d61a105f09ec,027e3ca9-84de-4e85-8dfd-499df27dd3e9,2024-06-05 12:38:00,7610d689-246f-467d-8d80-991c4eef401a,1800,108,1908
71de9aeb-cd96-4b1e-8675-1939b508fd81,9a14fd59-3f1b-40ec-ba02-2b2164bc44d7,2024-06-05 08:37:00,7610d689-246f-467d-8d80-991c4eef401a,400,24,424
d5b62cd5-d335-47c1-a17c-b17079d8a7c4,6748aa69-7dcb-49d4-b579-9148e01a46b2,2024-06-05 14:25:00,7610d689-246f-467d-8d80-991c4eef401a,600,36,636
c42c9fe1-74a8-44bf-a9db-edd2fdfd5c17,b973cfc5-c344-4b2d-8fc4-92b69286c494,2024-06-05 10:42:00,7610d689-246f-467d-8d80-991c4eef401a,400,24,424
0a9a9884-8ca3-4282-9294-185809984f47,70a3269b-d4de-46e8-bedc-d856f333e088,2024-06-05 12:37:00,7610d689-246f-467d-8d80-991c4eef401a,500,30,530
7a4fac15-13bb-42e1-81eb-b4ea167c217a,4016b41b-6b04-4ecf-944a-2dec96832f6d,2024-06-05 08:10:00,7610d689-246f-467d-8d80-991c4eef401a,600,36,636
94930133-36b1-453d-94ab-75069d872d28,1691b5c0-20da-438a-8bc7-8f68cdfc6996,2024-06-05 18:15:00,7610d689-246f-467d-8d80-991c4eef401a,700,42,742
b2636cee-24d4-4c25-a22b-4356d54ef1c1,9ec80e0e-eb2a-4cd5-8281-acd97008a40e,2024-06-05 16:36:00,7610d689-246f-467d-8d80-991c4eef401a,1200,72,1272
448c77ff-f004-45d5-bb58-f5592050a612,34e09775-13ce-4c18-925a-12de247b46a2,2024-06-05 16:49:00,7610d689-246f-467d-8d80-991c4eef401a,1800,108,1908
4ea576d0-90d5-4f2e-85d2-dbdd331aa98e,4a9dcd92-3db5-4302-a109-4688ef1daf51,2024-06-05 15:06:00,7610d689-246f-467d-8d80-991c4eef401a,1900,113,2013
d665dad2-5ab4-49e4-95d8-ee090b5817be,754c0e10-2d88-4a29-99f7-cf634206294c,2024-06-05 11:14:00,7610d689-246f-467d-8d80-991c4eef401a,1400,84,1484
a1290a20-6b8e-4000-9527-c320ec31fe62,6436c05b-2e1d-493a-8e5b-8a81dfbb6d27,2024-06-05 14:24:00,7610d689-246f-467d-8d80-991c4eef401a,400,24,424
cac5d4e6-d0c0-45d2-8992-7e41c41d1ed3,20d3b881-e02c-4e1a-b985-58bf7d1becd5,2024-06-05 12:12:00,7610d689-246f-467d-8d80-991c4eef401a,3400,204,3604
ce59a5d9-b002-4a99-94d8-cbc040250141,7612fe7c-aedd-4547-aade-25b4911619c9,2024-06-05 15:14:00,7610d689-246f-467d-8d80-991c4eef401a,2100,126,2226
133f86e2-8076-4761-8e30-3d7d0404b535,d2a66d78-098a-4e8a-9de8-8f53f73a1a68,2024-06-05 14:04:00,7610d689-246f-467d-8d80-991c4eef401a,1000,60,1060
757d012c-7010-40fd-9e35-2f5cc6290dce,f4898a14-5fe5-48dc-b6bb-1f435392dede,2024-06-05 15:18:00,7610d689-246f-467d-8d80-991c4eef401a,400,24,424
40ee0e5d-e159-4929-a48b-453133d8783e,1995fe10-3ace-49c2-a034-9501692d2dd7,2024-06-05 10:56:00,7610d689-246f-467d-8d80-991c4eef401a,2000,120,2120
bf8f0e42-c929-4285-89fe-6175e2a5fc9e,3293ca28-2970-404e-a298-f74c760d7810,2024-06-05 07:47:00,7610d689-246f-467d-8d80-991c4eef401a,600,36,636
fb164f8c-df79-4274-91af-ed4e67535d0b,3029df46-1cef-45bc-9293-520cc8b0255e,2024-06-05 07:46:00,7610d689-246f-467d-8d80-991c4eef401a,500,30,530
f2a12460-6b09-4b53-b9bc-aede165c82fa,72bac195-4083-485e-9081-df5b269d5f48,2024-06-05 16:31:00,7610d689-246f-467d-8d80-991c4eef401a,700,42,742
16657c2b-73ea-44df-8be6-5f20331b5fba,7fdb55c5-62a9-432b-b904-0c8667b2e7aa,2024-06-05 19:59:00,7610d689-246f-467d-8d80-991c4eef401a,400,24,424
ddd2588c-2e4a-43c9-bae9-de80417bc534,3981431e-68a6-4f25-8919-294206d4e783,2024-06-05 07:53:00,7610d689-246f-467d-8d80-991c4eef401a,700,42,742
9a82413b-c486-47fa-83bc-8ccae6fdff53,f8a9b9e5-b4c7-416f-acfd-3b5727417698,2024-06-05 08:17:00,7610d689-246f-467d-8d80-991c4eef401a,600,36,636
6633cf36-185c-4ddf-bf06-331a7593e9da,0b59d505-e47a-4f76-9b72-d038854b68e6,2024-06-05 16:45:00,7610d689-246f-467d-8d80-991c4eef401a,2300,138,2438
1a6d7d07-1e6c-49c0-9769-986ed19027b1,33544b8a-3b0f-4d97-afaa-a5018e66ee32,2024-06-05 18:02:00,7610d689-246f-467d-8d80-991c4eef401a,400,24,424
fe4f1da1-1da4-4346-a7a9-c6e3e15e10a3,27b1e612-2cfe-43aa-bb58-c92646126951,2024-06-05 07:39:00,7610d689-246f-467d-8d80-991c4eef401a,600,36,636
dde24836-1f8b-4233-b13f-17aa27f70260,3706d905-3e5a-4227-9c02-f96968365cef,2024-06-05 12:30:00,7610d689-246f-467d-8d80-991c4eef401a,700,42,742
c6e09f76-39b8-4fa9-b655-3b1fab0ffb5d,b5184b09-3ae6-4520-bc09-912e7eec1e67,2024-06-05 12:37:00,7610d689-246f-467d-8d80-991c4eef401a,600,36,636
ae8d5499-d50f-4be2-8ea3-c3a2d03ff2e7,814c405f-ca8b-4bb0-865c-7c89447ff10a,2024-06-05 13:37:00,7610d689-246f-467d-8d80-991c4eef401a,700,42,742
90839c08-d8f4-4dd1-b111-4807a9cf97e6,800f49c1-d428-4f5a-bdd3-172f56da95b5,2024-06-05 17:35:00,7610d689-246f-467d-8d80-991c4eef401a,1800,108,1908
fd9f061e-32d1-4bcc-b921-81da915f9939,5cc04c18-22fc-4740-a0eb-1525efaf23ad,2024-06-05 16:11:00,7610d689-246f-467d-8d80-991c4eef401a,1200,72,1272
d1c758be-43d1-478a-8e5a-0ec0434a559f,b7fb5b2f-9636-4e7b-be18-b43d0df3c929,2024-06-05 12:56:00,7610d689-246f-467d-8d80-991c4eef401a,600,36,636
ab47de62-8f2a-4710-999d-1ec6c3099174,5bfe0dae-1b79-4360-a29c-17e9ca7851f9,2024-06-05 19:17:00,7610d689-246f-467d-8d80-991c4eef401a,500,30,530
8b465d3d-71a2-4971-9f06-766344218086,1995de61-30f6-4038-b73d-34f4948e764f,2024-06-05 11:47:00,7610d689-246f-467d-8d80-991c4eef401a,1200,72,1272
deecdf50-2feb-4f96-bad0-c2e90c37f4da,1398234d-baf9-4fee-a245-8bf9b8ec1d4a,2024-06-05 13:21:00,7610d689-246f-467d-8d80-991c4eef401a,1500,89,1589
7d102262-3702-4659-9e95-68adc0041701,25c97ef3-e3df-4437-81ea-031cf9228009,2024-06-05 14:32:00,7610d689-246f-467d-8d80-991c4eef401a,1900,113,2013
3e079cf5-9e74-41a8-8936-92cb55ba860e,23e45a32-b6fd-408a-ba27-924b1070c001,2024-06-05 08:10:00,7610d689-246f-467d-8d80-991c4eef401a,400,24,424
e1f46a65-3512-458b-8f1f-b346a22a12d6,26ab928d-c37b-47c3-8949-f5c62e9b8d76,2024-06-05 16:30:00,7610d689-246f-467d-8d80-991c4eef401a,1800,108,1908
a48a6ace-255c-4f0d-9d6d-497266fbb7c1,46b4d50f-720c-4125-8697-a12e19a2391d,2024-06-05 18:17:00,7610d689-246f-467d-8d80-991c4eef401a,500,30,530
18b73c48-384d-4a35-bab7-211b2fa9f050,32c0dd94-681d-4183-8286-cf088864c11b,2024-06-05 11:41:00,7610d689-246f-467d-8d80-991c4eef401a,1600,96,1696
90d7e182-2463-47cb-a41d-d7c3ce381a18,867d1a27-d73e-4645-a7c8-68a8cccc46d6,2024-06-05 12:49:00,7610d689-246f-467d-8d80-991c4eef401a,1300,78,1378
1d3c1744-eccf-4f4a-bef6-2ca2f724e01e,4ae668eb-6510-4e45-96be-bcea4185ecd2,2024-06-05 11:00:00,7610d689-246f-467d-8d80-991c4eef401a,600,36,636
9b307fb7-828c-45a6-a91a-5c0b3a9be401,f4918a53-6c53-4960-a683-610fd1d3cb26,2024-06-05 07:41:00,7610d689-246f-467d-8d80-991c4eef401a,400,24,424
b0b10b26-295a-4691-ab0a-1e78bac2ff3e,67b83532-c6ef-47a9-b708-6fec1ef804c2,2024-06-05 08:41:00,7610d689-246f-467d-8d80-991c4eef401a,700,42,742
4f768f2f-8805-4b5a-a7c4-e54c3dd12f0e,471dd3e1-1cb3-4a37-bd75-154334a05a49,2024-06-05 08:48:00,7610d689-246f-467d-8d80-991c4eef401a,400,24,424
5b8eb84d-c5ef-4dc8-8079-024b0f353037,f612ad73-fdb5-410f-9383-ba51fdc92a8f,2024-06-05 14:08:00,7610d689-246f-467d-8d80-991c4eef401a,1800,108,1908
ddc24ef0-ad2d-47ed-92e0-0f8f18bf066a,c7b8e8b6-6299-45a6-a446-b172e533d17e,2024-06-05 07:53:00,7610d689-246f-467d-8d80-991c4eef401a,600,36,636
7d629196-51e5-4347-86fa-bd3acf79df6c,b0899906-f211-4fe2-a0b9-71b5f9850f75,2024-06-05 08:26:00,7610d689-246f-467d-8d80-991c4eef401a,500,30,530
5d319b6e-de65-413b-85a2-9d5b36f94c29,5b997d2e-38a3-403c-b8d1-441657613eef,2024-06-05 09:52:00,7610d689-246f-467d-8d80-991c4eef401a,2300,138,2438
5873f3cc-ca5e-4a77-8571-51ee6a4cfe0b,69cec439-ef37-47e6-be3f-4ca6604a2334,2024-06-05 16:22:00,7610d689-246f-467d-8d80-991c4eef401a,1800,108,1908
f2aa7eb1-9b7c-45d5-9324-ce329752ff07,8b820ff8-72b5-4b9f-99d5-3c7ece118523,2024-06-05 14:18:00,7610d689-246f-467d-8d80-991c4eef401a,600,36,636
d4c29110-224e-4df8-b24b-08c23a5021c6,e9194bfe-47f4-429d-8a9c-67f9bf10476c,2024-06-05 16:58:00,7610d689-246f-467d-8d80-991c4eef401a,1200,72,1272
89a924fe-ab6b-4d12-a648-dbbe08edbd79,650550ef-4a36-40d5-9125-f24e9c9a7bab,2024-06-05 16:10:00,7610d689-246f-467d-8d80-991c4eef401a,2000,120,2120
5ffa638e-d3db-44bf-bee5-cac954e49483,37e73f82-c93a-4c41-ade6-e62f4a5b446a,2024-06-05 16:03:00,399dfec4-01ec-4e84-80b5-cb325d670571,700,28,728
0813e0c5-5da9-4eb3-b678-6c1babce65c7,bae6e37f-8462-411c-8e89-c0bd2e10d8be,2024-06-05 09:57:00,399dfec4-01ec-4e84-80b5-cb325d670571,3100,124,3224
1cef7cde-d242-49cb-a211-e33053290b04,c5ea4a48-b79a-41fb-8cfb-27cd606cf67c,2024-06-05 07:55:00,399dfec4-01ec-4e84-80b5-cb325d670571,700,28,728
66dfb6bb-0e33-4999-93c5-986222bf5783,a8f18d60-8666-4c0f-a1db-c2866d583b8d,2024-06-05 08:11:00,399dfec4-01ec-4e84-80b5-cb325d670571,700,28,728
e4397398-6786-463e-8a4f-e27083a4211e,0e212e07-1340-414e-b2c5-6ea4fd2b0239,2024-06-05 13:20:00,399dfec4-01ec-4e84-80b5-cb325d670571,600,24,624
8094a00e-062e-4415-a744-a90b450cdcfd,7bcb8723-53df-4b44-9780-6f41535407ea,2024-06-05 07:44:00,399dfec4-01ec-4e84-80b5-cb325d670571,400,16,416
147281cf-204e-4c87-85e5-8518486468cb,63133c36-0c0c-4819-8883-c8fe0f7bb97f,2024-06-05 17:31:00,399dfec4-01ec-4e84-80b5-cb325d670571,700,28,728
87a8a149-cec8-4a1a-b498-6040c7728f46,dc19aa41-6e1d-4f34-9e80-a1be8032c33e,2024-06-05 13:39:00,399dfec4-01ec-4e84-80b5-cb325d670571,1600,64,1664
8d34c5e3-e956-449f-85d0-b9da8ef9a6fa,6245ed4d-3f95-4010-9309-114b1b627744,2024-06-05 07:34:00,399dfec4-01ec-4e84-80b5-cb325d670571,400,16,416
fd58344e-224f-4e3b-a76c-63f66effe4a4,94b1db00-2098-4afd-b3b7-5eb8983cfc17,2024-06-05 08:01:00,399dfec4-01ec-4e84-80b5-cb325d670571,600,24,624
b5c0b6a0-e1b3-45b0-ae3d-c9e11132a876,f87cf5f2-f133-432b-9698-d97df1d3ea32,2024-06-05 07:45:00,399dfec4-01ec-4e84-80b5-cb325d670571,400,16,416
544a6fa1-71c2-48ac-97b7-f0a9c32d4c64,a4ecfbb7-9d6d-44b3-925d-7d29fdc993d8,2024-06-05 13:24:00,399dfec4-01ec-4e84-80b5-cb325d670571,600,24,624
096442da-2c05-4a0f-8e05-5d634496e60a,9ae05117-8a4f-441a-b848-817a78454328,2024-06-05 11:38:00,399dfec4-01ec-4e84-80b5-cb325d670571,500,20,520
de9722b1-bb9c-4f4f-a71a-0a4524eacafa,a0c23a52-fc6d-47ef-b1f6-058a0f3bdd78,2024-06-05 14:01:00,399dfec4-01ec-4e84-80b5-cb325d670571,600,24,624
f30d2c6e-1c1e-495b-bf4b-8b5d7c0a55f1,2ca44b2d-a2dd-4f21-80a2-d1042637712e,2024-06-05 16:46:00,399dfec4-01ec-4e84-80b5-cb325d670571,600,24,624
df0d4534-285f-428f-bff1-ccd0a6310b68,506a6d87-28ad-4107-98f8-eee7ef436e29,2024-06-05 07:38:00,399dfec4-01ec-4e84-80b5-cb325d670571,400,16,416
345e8008-98aa-4cdc-8f24-7fe440e38f8c,81f94344-42da-4710-970b-01040337773f,2024-06-05 08:55:00,399dfec4-01ec-4e84-80b5-cb325d670571,500,20,520
2ea75864-fd5a-43e5-86e2-a3164084a78f,ccb5c165-1568-4be3-967f-4081011dbfa8,2024-06-05 12:51:00,399dfec4-01ec-4e84-80b5-cb325d670571,1700,68,1768
d5a48baf-5be5-4f99-8fae-53f9f1cdcc48,42c5ea60-f682-47d9-b67c-f6f362147071,2024-06-05 07:57:00,399dfec4-01ec-4e84-80b5-cb325d670571,700,28,728
10ff9178-c8c5-40b3-bf27-dd190c0c90b6,16b63951-b5de-4976-b337-c7a164051684,2024-06-05 08:35:00,399dfec4-01ec-4e84-80b5-cb325d670571,600,24,624
e8b85efe-baf8-4c04-82ab-ae56ecba30eb,41aec400-dd32-4254-a52f-0d6fb2d03888,2024-06-05 16:19:00,399dfec4-01ec-4e84-80b5-cb325d670571,700,28,728
ec9e6528-e594-435b-abd1-1acebde7f017,b6e01333-7454-4939-a5ce-c8bef3d60cc0,2024-06-05 08:05:00,399dfec4-01ec-4e84-80b5-cb325d670571,700,28,728
5fcaca79-a48b-4c89-a46b-8b7e7b881963,6e83b42d-59ed-4466-b35a-d764e9c3cdfc,2024-06-05 08:03:00,399dfec4-01ec-4e84-80b5-cb325d670571,700,28,728
4d1b54d0-9be8-45e6-8f68-9ed8aa59a133,0f9c9c26-3320-4837-8235-6386bcbdbf06,2024-06-05 14:23:00,399dfec4-01ec-4e84-80b5-cb325d670571,600,24,624
fc031da6-2e5c-49e8-a80a-1b647e280e12,ddd6bc5c-169a-4f13-aa8d-eb8d78c99e03,2024-06-05 08:03:00,399dfec4-01ec-4e84-80b5-cb325d670571,500,20,520
74e08cc5-6091-49eb-9c6a-542e3f88f617,4debb8bc-c00e-4117-8d9b-0bc00ffd8637,2024-06-05 16:27:00,399dfec4-01ec-4e84-80b5-cb325d670571,1500,60,1560
9cc8a91d-d85c-4c85-b37f-ef854fcbf327,6ba6cff4-9c59-4c33-be13-cbb47b31b82b,2024-06-05 14:18:00,399dfec4-01ec-4e84-80b5-cb325d670571,1800,72,1872
5d5334e1-b7c6-4cd3-adb4-6cfa96136b91,87289d4c-37e9-4151-9045-4ba83f3b4c71,2024-06-05 12:23:00,399dfec4-01ec-4e84-80b5-cb325d670571,1600,64,1664
23a73394-41c7-4fb7-acf1-f1944a9d8ec0,d6af4950-fefc-44bb-8701-d252bd522f00,2024-06-05 07:10:00,399dfec4-01ec-4e84-80b5-cb325d670571,400,16,416
5f324d90-073c-40dc-abca-6c57d3561faa,bff5af40-a32d-4898-8a55-eb25f6d0b6ed,2024-06-05 15:22:00,399dfec4-01ec-4e84-80b5-cb325d670571,600,24,624
98faef4c-8725-4a3a-9a15-255b6fba536c,50b9c414-f72b-43aa-b8b7-b6671518bd84,2024-06-05 13:39:00,399dfec4-01ec-4e84-80b5-cb325d670571,500,20,520
da504c51-cb46-4314-ad64-b1deef80dc60,e3f4b9eb-48b3-4b16-a2ad-8388c37cb821,2024-06-05 16:13:00,399dfec4-01ec-4e84-80b5-cb325d670571,1900,76,1976
b75ab19b-5073-42d2-8e9a-e3e9e4546002,48401445-c4c0-4381-a5d3-b47ddffe4ef2,2024-06-05 11:43:00,399dfec4-01ec-4e84-80b5-cb325d670571,1700,68,1768
fe1855c2-7dc7-4326-aa97-7a8b6dfc51d8,f58667e7-433a-4871-adf6-e74224ae1a7a,2024-06-05 14:55:00,399dfec4-01ec-4e84-80b5-cb325d670571,400,16,416
eadd6ea5-ff1b-46a3-8893-08f80c44ba37,b1e76179-85ef-427c-96b1-6b9276f4752b,2024-06-05 11:46:00,399dfec4-01ec-4e84-80b5-cb325d670571,1400,56,1456
3e404131-ea4b-4018-859e-60a9fb2535e9,b1d2776c-dcae-4587-a995-f535c29a0ad8,2024-06-05 18:08:00,399dfec4-01ec-4e84-80b5-cb325d670571,600,24,624
d34b1a6d-eb96-4e3f-9f10-9122711b7ade,dcf50ba9-5b3e-448f-9529-f27c246d868a,2024-06-05 08:18:00,399dfec4-01ec-4e84-80b5-cb325d670571,600,24,624
08a8490e-ba1e-4e91-82ff-f5ee347e4957,03098dcc-92b6-420b-b161-2027c6c298b7,2024-06-05 12:52:00,399dfec4-01ec-4e84-80b5-cb325d670571,1600,64,1664
6038d812-64f3-4567-ab94-6e717e261b5b,9d25ed88-d934-4a39-bff2-29dd981edc7b,2024-06-05 07:45:00,399dfec4-01ec-4e84-80b5-cb325d670571,700,28,728
81e236cc-5684-41d2-b7bd-8e5510494503,1ab8f64c-68df-4705-82aa-f3e046eec9a1,2024-06-05 08:15:00,399dfec4-01ec-4e84-80b5-cb325d670571,500,20,520
55636722-d2f3-408b-84cd-6afc723fb457,014d4968-8860-436c-9590-b3172aab71ab,2024-06-05 16:58:00,399dfec4-01ec-4e84-80b5-cb325d670571,500,20,520
48022ce3-0768-47cd-b589-f26fc0ec58b9,b132d7fb-457b-400a-a86e-27a184517bc5,2024-06-05 13:04:00,399dfec4-01ec-4e84-80b5-cb325d670571,500,20,520
0826d047-0131-4fff-8255-01b85364870a,bc4c6cb7-8df0-4cf8-abec-003f7fd6b556,2024-06-05 19:36:00,399dfec4-01ec-4e84-80b5-cb325d670571,1700,68,1768
2793daaa-f438-4cb9-9150-120806241128,34fc2867-a0b6-422f-8041-10f81916b1fe,2024-06-05 07:19:00,399dfec4-01ec-4e84-80b5-cb325d670571,400,16,416
258965dc-62e3-4a54-950e-ef38feb86e8e,97c95c72-e129-4e60-b61c-603aee90014e,2024-06-05 12:16:00,399dfec4-01ec-4e84-80b5-cb325d670571,400,16,416
a5ebe58a-a7f1-4cd6-a375-ffe007ff9114,76c48654-6fd5-4383-9917-f82ad4aea2d6,2024-06-05 08:02:00,399dfec4-01ec-4e84-80b5-cb325d670571,400,16,416
c769c8ab-e68b-4aca-958f-7e41d7dd2ba2,aedc7b77-61c3-4a78-b198-3c2c85bdc558,2024-06-05 13:52:00,399dfec4-01ec-4e84-80b5-cb325d670571,1200,48,1248
de8e3801-ff64-444a-849c-042a353c406e,dfbcbe7f-7ed6-424b-97f1-a5860ad72d65,2024-06-05 17:08:00,399dfec4-01ec-4e84-80b5-cb325d670571,1700,68,1768
5c55527f-89f4-4e4d-9f66-575e5840e5cd,c28b2934-ee10-4572-b543-13b07030b674,2024-06-05 07:12:00,399dfec4-01ec-4e84-80b5-cb325d670571,500,20,520
21d13978-40c0-476e-90d6-3483803cf4e3,bf7f88d3-f1c0-4522-88c4-82330c4449ec,2024-06-05 16:54:00,399dfec4-01ec-4e84-80b5-cb325d670571,1700,68,1768
5ae185ba-0417-4427-8999-d2c4efd6797c,9e01e8aa-e852-4d14-a1bd-a7099859350b,2024-06-05 07:54:00,399dfec4-01ec-4e84-80b5-cb325d670571,600,24,624
f89dc04c-297c-45b9-aafd-c5d5b7ef122c,40287d26-4302-43df-a5fe-13be8f368808,2024-06-05 19:19:00,399dfec4-01ec-4e84-80b5-cb325d670571,700,28,728
13f9fa92-385b-4f0d-8af5-2fe734608142,64db26a0-c128-4fd8-8d9d-7d6e8dca816f,2024-06-05 08:00:00,399dfec4-01ec-4e84-80b5-cb325d670571,400,16,416
71b102f4-eebd-4ce8-a91a-2e7a6f966b1f,23c9d5aa-b7ac-43fe-9b34-95a885534f3f,2024-06-05 10:25:00,399dfec4-01ec-4e84-80b5-cb325d670571,400,16,416
618a4d96-ee33-4232-b039-979735e3e0f1,acd3eb6d-6b79-4387-b568-bbae749f77a3,2024-06-05 07:31:00,399dfec4-01ec-4e84-80b5-cb325d670571,500,20,520
ea4e8936-6323-4c63-b66b-fddefa00ac5d,ed4fcf59-fb75-4666-8d20-f06e2aba1167,2024-06-05 15:54:00,399dfec4-01ec-4e84-80b5-cb325d670571,700,28,728
db3f4fb7-b6e1-4090-b991-4817798bfe6e,bc67e790-4d24-486d-807f-451f765d80cd,2024-06-05 07:49:00,399dfec4-01ec-4e84-80b5-cb325d670571,700,28,728
b2a4b9a7-dafb-4a1c-95e6-434cb198e1f6,dad7706f-c7f1-48d1-b917-5c159cfffb63,2024-06-05 07:29:00,399dfec4-01ec-4e84-80b5-cb325d670571,600,24,624
49fa3bfd-b630-4ba0-a670-aed0acc645ca,0a355498-5161-4e43-a119-739ad47fce7c,2024-06-05 07:19:00,399dfec4-01ec-4e84-80b5-cb325d670571,500,20,520
0e97596f-2a04-44c7-927f-b3e4da2fbf90,e5c6f80d-f9e5-4adb-9e14-77344fadcb11,2024-06-05 07:47:00,399dfec4-01ec-4e84-80b5-cb325d670571,400,16,416
7c3f0580-d43f-43a6-9e67-af4c7dc39b18,db76ab32-831a-4cda-966d-d6da473fe822,2024-06-05 15:14:00,399dfec4-01ec-4e84-80b5-cb325d670571,600,24,624
0d9940ef-5f74-4ea8-9c95-0f0358917d19,411d51f6-44fc-4bb3-b070-d4a8ebc1648e,2024-06-05 11:29:00,399dfec4-01ec-4e84-80b5-cb325d670571,600,24,624
26f41767-eba5-4f37-971c-736e3f407a2d,166c3999-d2fd-4356-8470-fbf1029cab0c,2024-06-05 14:48:00,399dfec4-01ec-4e84-80b5-cb325d670571,400,16,416
355ca674-1491-419b-8af4-a4e73f83cba6,8d3da390-2ca0-4b6b-9ede-107ac967da0f,2024-06-05 15:18:00,399dfec4-01ec-4e84-80b5-cb325d670571,900,36,936
1bbc293a-5376-4705-b38e-bb89ffd26fe0,1970761e-30b2-4231-b0c4-e598194512e9,2024-06-05 07:01:00,399dfec4-01ec-4e84-80b5-cb325d670571,600,24,624
b4c41c1b-5def-4573-99b9-05288e96d7e7,05717c12-ddbb-4d36-a0d8-f248cae6a710,2024-06-05 16:06:00,399dfec4-01ec-4e84-80b5-cb325d670571,1900,76,1976
ff04296c-feed-4f11-b2fc-68ad7126ae65,3f44b8aa-7b06-4cbc-b5b8-62c759375abf,2024-06-05 07:25:00,399dfec4-01ec-4e84-80b5-cb325d670571,700,28,728
171eb898-0fae-497a-a425-4c5bc24f1ffd,e51c17e9-54d2-4d0d-951b-d2e942484e4a,2024-06-05 08:48:00,399dfec4-01ec-4e84-80b5-cb325d670571,500,20,520
a75bd482-b1c0-4548-b02a-ca4c9ac5d044,661e7769-737a-4fea-9b2b-61f6ad5f730e,2024-06-05 08:08:00,399dfec4-01ec-4e84-80b5-cb325d670571,600,24,624
ceee2640-3fc2-4fef-9192-fa5ccef3ee69,52a20272-6bdc-4d6e-abb9-dabf740d6785,2024-06-05 14:08:00,399dfec4-01ec-4e84-80b5-cb325d670571,1900,76,1976
2312f54e-afec-44fb-836e-e2a9ed0702d5,925b1e7a-db75-46f3-8233-e9a0d1cd3eea,2024-06-05 07:00:00,399dfec4-01ec-4e84-80b5-cb325d670571,500,20,520
9ff7883d-9b27-45cd-9603-f050082a9e6e,a7b3a12d-695c-4f09-8f51-70f12068de94,2024-06-05 15:22:00,399dfec4-01ec-4e84-80b5-cb325d670571,500,20,520
0b8357a4-cba6-4eb8-b4db-1a7985a5a57e,60314e03-083b-4c10-8481-e96147ef36b6,2024-06-05 08:56:00,399dfec4-01ec-4e84-80b5-cb325d670571,400,16,416
5bc369e0-9b3a-42a8-8946-8e2bf442aed9,1e9b8783-1cf3-480c-ade5-2c44cee664c3,2024-06-05 14:51:00,399dfec4-01ec-4e84-80b5-cb325d670571,400,16,416
97df4b4b-db17-4a4c-9903-77a6e4fc9056,0632018d-13b0-4b17-8c09-2355784aa5aa,2024-06-05 07:52:00,399dfec4-01ec-4e84-80b5-cb325d670571,500,20,520
8e54710a-9376-4c38-80d4-c8c45a43a0e6,463da9b3-4b76-4010-ac18-6f8dc077f5f0,2024-06-05 16:18:00,399dfec4-01ec-4e84-80b5-cb325d670571,1200,48,1248
973bcc1a-08eb-424a-a8ef-0dc75fea7854,6cc22f29-b88b-4f31-9982-e3fd61a88f01,2024-06-05 10:51:00,399dfec4-01ec-4e84-80b5-cb325d670571,2200,88,2288
203d0777-fa9a-4448-9859-dd778befad46,5de2ad61-7d0f-4bd1-976c-54232ea6a2e7,2024-06-05 08:34:00,399dfec4-01ec-4e84-80b5-cb325d670571,400,16,416
e004fbc2-eb43-4a4a-9ffb-865ae0366f41,fbc8d614-e3eb-4407-a764-2523025a5ec8,2024-06-05 18:21:00,399dfec4-01ec-4e84-80b5-cb325d670571,500,20,520
a109aef5-6d20-4a15-9fde-8cc731fff08e,2d6bb117-9504-46a7-85f0-ec0842f450ba,2024-06-05 17:34:00,399dfec4-01ec-4e84-80b5-cb325d670571,2300,92,2392
9728d567-deb5-4714-b0d7-ee1e869e4395,adb373d5-a395-4255-97af-7d0c6cc6b076,2024-06-05 07:17:00,399dfec4-01ec-4e84-80b5-cb325d670571,500,20,520
90e8dd04-1d04-4ae7-870b-8a9e0928ecc7,ec49d138-10a8-4728-b374-f0787bc58520,2024-06-05 17:46:00,399dfec4-01ec-4e84-80b5-cb325d670571,600,24,624
0c5ae771-da9e-4396-b262-46127e4f8982,adb25cda-7b6a-40cf-b406-ad69754ee6b0,2024-06-05 07:21:00,399dfec4-01ec-4e84-80b5-cb325d670571,400,16,416
794df014-7507-49dc-b776-c2d26d034ef6,21682723-7ae2-4cfd-93c9-4947abb44c13,2024-06-05 11:47:00,399dfec4-01ec-4e84-80b5-cb325d670571,2500,100,2600
4eb8738d-c86a-46ae-a60a-4a633276cc1f,837b4aa0-c89e-4bd4-bb7b-eb47bb546bea,2024-06-05 14:04:00,399dfec4-01ec-4e84-80b5-cb325d670571,500,20,520
3533bbad-94f9-4ad4-bb8c-8075ee447e02,2525b843-71b8-49bf-98a1-4233133347d3,2024-06-05 10:57:00,399dfec4-01ec-4e84-80b5-cb325d670571,1800,72,1872
0422f28c-b988-4bf0-8396-302a6b052fac,6d815359-11dd-495a-8d4a-2a0b66de8bbf,2024-06-05 17:48:00,399dfec4-01ec-4e84-80b5-cb325d670571,1800,72,1872
f2d1fa84-72b9-4b90-8b36-5c15ce463c60,0a1048f1-85cc-41f0-b631-2d395fc26b9a,2024-06-05 07:29:00,399dfec4-01ec-4e84-80b5-cb325d670571,700,28,728
6a8c4004-d256-438a-aa6c-bdb916549887,34457f34-21b5-4789-9180-c774a318640e,2024-06-05 15:23:00,399dfec4-01ec-4e84-80b5-cb325d670571,600,24,624
14a0a1d3-6d21-4780-8841-d5945cc1f37f,74273d94-cbf1-411a-8df0-35a4b85b0681,2024-06-05 13:14:00,399dfec4-01ec-4e84-80b5-cb325d670571,800,32,832
550e7c71-ea62-4274-86e4-ffc8a91f8c5f,60d3b546-cebe-4f0e-af9e-e06c841f0d7b,2024-06-05 15:14:00,399dfec4-01ec-4e84-80b5-cb325d670571,700,28,728
1b685d73-0fae-41e9-9ab5-002a7449a7d8,56283449-e2f6-4698-8bc2-66b1eb74eb69,2024-06-05 15:56:00,399dfec4-01ec-4e84-80b5-cb325d670571,600,24,624
b7afb425-a933-4bd0-a56d-545538c52e54,d367c7d7-7060-4d1d-b797-5d47b3ee4dab,2024-06-05 10:56:00,399dfec4-01ec-4e84-80b5-cb325d670571,700,28,728
6b6e862f-202a-472c-bd99-2109da05604c,b46b4fb3-8cac-4fc1-b866-d8a3911e9ee6,2024-06-05 08:51:00,399dfec4-01ec-4e84-80b5-cb325d670571,600,24,624
69fc21d4-f28b-4a95-be9a-3c59fde51965,6d4c7874-f396-4603-9f6b-243c1b2f5249,2024-06-05 07:52:00,399dfec4-01ec-4e84-80b5-cb325d670571,700,28,728
8393b7ed-35bf-4f2f-942d-6bacdd0ff06e,8110a907-2edc-4649-85cd-fc46ec95ccb6,2024-06-05 13:36:00,399dfec4-01ec-4e84-80b5-cb325d670571,600,24,624
952e97dd-9979-4319-a8ef-fedc6fdab0c8,b19ade62-28e0-4316-9ad0-505bd4086678,2024-06-05 13:58:00,399dfec4-01ec-4e84-80b5-cb325d670571,1900,76,1976
4bf80797-8e65-4484-9e54-625c77ddebfb,32feea46-a436-43d4-b088-7f86ddf34e8f,2024-06-05 15:30:00,399dfec4-01ec-4e84-80b5-cb325d670571,600,24,624
2b3935fd-8fed-46bf-981e-522413951e90,1c7c3326-d10b-4cb5-8266-0d9638b1303e,2024-06-05 08:09:00,399dfec4-01ec-4e84-80b5-cb325d670571,500,20,520
07668388-7085-4ca5-8880-8bd227fb6fa6,d28e3df0-016c-4bc4-9440-a810ec9db309,2024-06-05 12:23:00,399dfec4-01ec-4e84-80b5-cb325d670571,1100,44,1144
80b0859f-e410-40fd-81a8-d4239377f5d9,fce510d3-f373-4c57-b604-886eb0d21db0,2024-06-05 18:39:00,399dfec4-01ec-4e84-80b5-cb325d670571,500,20,520
520a9904-e4be-4d38-8141-a1c566373908,2a9ba068-0857-4b4f-b8bf-2a98887be765,2024-06-05 15:00:00,399dfec4-01ec-4e84-80b5-cb325d670571,1600,64,1664
aac5b496-4865-4234-ab26-b42de6e96c9a,3750046f-1d16-4403-b390-b0daba002397,2024-06-05 07:18:00,399dfec4-01ec-4e84-80b5-cb325d670571,400,16,416
7e42b1d2-d1d7-4908-a170-532b6aa521d3,e0b213d9-1768-4dcd-bf89-bcd54ccf63c3,2024-06-05 09:22:00,399dfec4-01ec-4e84-80b5-cb325d670571,600,24,624
4765612c-bf06-497d-8d9a-1ab7ee5ab854,706032a5-7ec5-4263-9b19-a692736a7b4d,2024-06-05 10:13:00,399dfec4-01ec-4e84-80b5-cb325d670571,700,28,728
3c23f701-928a-4b76-8737-8d0a51555c54,c060f105-5ba2-4a34-b2d1-bd98d37213fe,2024-06-05 07:00:00,399dfec4-01ec-4e84-80b5-cb325d670571,400,16,416
8d16212b-d09c-40c4-989f-db39b6f70ff9,53c74fc1-b133-42b2-a1e9-67c9bf047e1b,2024-06-05 08:05:00,399dfec4-01ec-4e84-80b5-cb325d670571,500,20,520
c1de9022-20d9-4224-9ac6-29d7ce4229fb,d7d55d7a-adfa-4bca-aca3-e8d9cdef2bbb,2024-06-05 08:33:00,399dfec4-01ec-4e84-80b5-cb325d670571,600,24,624
e3dd6fac-4f85-41ea-93fa-dfd57de60dee,d9f1e50b-9f13-4b29-84b4-58bce0b318e9,2024-06-05 16:35:00,399dfec4-01ec-4e84-80b5-cb325d670571,400,16,416
7de008e6-f5df-4abb-acf8-61a80012339b,044533c1-2a6d-428d-9c51-24fecdb4ab49,2024-06-05 15:11:00,399dfec4-01ec-4e84-80b5-cb325d670571,700,28,728
99bd8444-6673-4bcc-bdbe-0be27fbfa6ae,ea90cf6c-55a0-4b3f-a71f-d545222e1f94,2024-06-05 08:27:00,399dfec4-01ec-4e84-80b5-cb325d670571,700,28,728
50d39b99-693a-4b4f-95a3-7eafc56451a1,efbc7b36-a08a-4e2b-b07b-10ba647ee226,2024-06-05 12:44:00,399dfec4-01ec-4e84-80b5-cb325d670571,1500,60,1560
9fc4a20e-a02b-4a7c-bd05-5a1583f1bfa9,ae7befdb-3eb2-46eb-be5d-57581dd6e1ce,2024-06-05 16:50:00,399dfec4-01ec-4e84-80b5-cb325d670571,1700,68,1768
f17da2a1-237e-41a5-a41e-75701add87dd,934baca2-0258-4116-9849-fc75dbc9c6f0,2024-06-05 18:05:00,399dfec4-01ec-4e84-80b5-cb325d670571,1800,72,1872
8765f400-3df7-44ef-ab23-2a0d7949f387,9caba1bb-73eb-4a7f-a519-ad2cf648da6f,2024-06-05 07:44:00,399dfec4-01ec-4e84-80b5-cb325d670571,500,20,520
a1bd1872-5b83-442a-8c7f-1b4e7173f828,cecb29ab-71b2-4db2-aa1c-82bbaacba8b2,2024-06-05 08:08:00,399dfec4-01ec-4e84-80b5-cb325d670571,600,24,624
82e16167-4a6d-4a04-b537-527b65bffb6b,66c46797-fba8-4ed2-9d78-9f782204a10c,2024-06-05 07:56:00,399dfec4-01ec-4e84-80b5-cb325d670571,600,24,624
90e2c953-c206-4793-80c4-540e2fa1e04b,59f6cd93-9ddb-4491-92fb-415d9f73dc7d,2024-06-05 09:19:00,399dfec4-01ec-4e84-80b5-cb325d670571,500,20,520
fe91ef86-7def-4dfd-81b1-6796eb706836,63bed2a4-3b22-40b0-ba56-8df88ee6c432,2024-06-05 11:35:00,399dfec4-01ec-4e84-80b5-cb325d670571,1000,40,1040
9dd558a8-5fd6-43af-b120-6642bba807c3,df0ab0b8-fcfa-4c9e-8185-b51285182ccd,2024-06-05 08:17:00,399dfec4-01ec-4e84-80b5-cb325d670571,600,24,624
76ba0d38-3c4f-4f99-8473-d518392ce672,2a7e56cc-6b2f-40a0-a61f-27bf37a61463,2024-06-05 08:27:00,399dfec4-01ec-4e84-80b5-cb325d670571,700,28,728
93f9e9bb-8962-40bc-90d9-296aba25b80d,f6b29537-3df0-46dd-ac88-a11fc5036e04,2024-06-05 07:34:00,399dfec4-01ec-4e84-80b5-cb325d670571,700,28,728
949904c3-52c2-49c4-83e3-74165e4e7385,81491293-27fa-4b4d-a857-fb81998a5f13,2024-06-05 12:55:00,399dfec4-01ec-4e84-80b5-cb325d670571,1800,72,1872
0e48dffb-844c-4c7f-9bac-1207601ce067,967a7022-3d32-4b50-b71a-bcf7644a97fc,2024-06-05 09:00:00,399dfec4-01ec-4e84-80b5-cb325d670571,600,24,624
a6e1f8c3-08db-482c-a418-7cfec00947cc,78642928-cbcd-48ba-bda3-d180d488a8c5,2024-06-05 15:41:00,399dfec4-01ec-4e84-80b5-cb325d670571,600,24,624
a396ceb8-5078-4dfc-b34a-13a9466302eb,860569f1-2232-4cd9-9978-262abc401880,2024-06-05 11:29:00,399dfec4-01ec-4e84-80b5-cb325d670571,400,16,416
f89dad3c-3065-4649-a42e-f86ae972486a,35d0363e-c8ef-4c15-bd00-9aac70b54e5d,2024-06-05 17:01:00,399dfec4-01ec-4e84-80b5-cb325d670571,1900,76,1976
a6b9e6fa-b3c3-419e-856e-f1bb1a8bdf66,446b3f9c-d290-4c3b-a93c-b329d64e2995,2024-06-05 09:06:00,399dfec4-01ec-4e84-80b5-cb325d670571,400,16,416
e3474178-1468-42a5-b471-04eff108b174,d575cd71-0ddd-4bb1-8b77-0b5fde2bcd72,2024-06-05 10:09:00,399dfec4-01ec-4e84-80b5-cb325d670571,1600,64,1664
9411402f-6983-4cbe-8f45-f3cd6f664828,54c06357-05bb-48e5-9b6a-e20fed5ec1e8,2024-06-05 08:03:00,399dfec4-01ec-4e84-80b5-cb325d670571,600,24,624
ef3897bc-bc4a-49a7-9319-088d37fec296,55517e0f-2b21-41dc-8065-d5e01b41691d,2024-06-05 18:49:00,399dfec4-01ec-4e84-80b5-cb325d670571,700,28,728
1c804053-b14b-4886-a218-be9fb10f9889,296f6a4c-2b3f-476b-854b-0d2c759eca2b,2024-06-05 08:03:00,399dfec4-01ec-4e84-80b5-cb325d670571,600,24,624
0931ab0e-1382-4bd1-8351-76174952b95c,72aeb592-96e3-45e7-aa05-21afbd37b13a,2024-06-05 12:57:00,399dfec4-01ec-4e84-80b5-cb325d670571,1700,68,1768
83dc3654-693f-4bd1-a17f-1413a6ea8b67,deb78c99-39dc-4bc6-945d-b40d9b610cc8,2024-06-05 15:37:00,399dfec4-01ec-4e84-80b5-cb325d670571,1600,64,1664
94f10ce6-d77d-4833-bc79-e72314897900,22fca930-291f-4c23-a67f-13d00786a2cf,2024-06-05 09:02:00,399dfec4-01ec-4e84-80b5-cb325d670571,500,20,520
8bf6f61b-6e33-4d9a-b52e-0a879b56fe62,9515927d-5691-4b7b-a235-dffd1b58ebd2,2024-06-05 08:03:00,399dfec4-01ec-4e84-80b5-cb325d670571,700,28,728
e44a142c-27c8-4827-b93f-2401da18f711,b6b02872-b0cd-4e89-abfb-465489960cd6,2024-06-05 07:55:00,399dfec4-01ec-4e84-80b5-cb325d670571,600,24,624
129e81b5-fc1d-4bef-aeb9-ebf1ace219bf,4cb2e92d-fcb5-42b4-a2ee-66cf0ccbc5e1,2024-06-05 14:19:00,399dfec4-01ec-4e84-80b5-cb325d670571,1900,76,1976
1a880eff-f234-4dee-a3c5-2da215e884e3,8b1d2bc3-ebe1-425b-903a-e41320247b12,2024-06-05 07:44:00,399dfec4-01ec-4e84-80b5-cb325d670571,700,28,728
235df6a1-2151-498c-9f18-d1c8abdf8fde,9e56e04d-0188-40ad-af1a-57ca2a3831b1,2024-06-05 08:32:00,399dfec4-01ec-4e84-80b5-cb325d670571,600,24,624
4f77fa4c-9987-42b0-9bf3-d2b24fb8095c,aa148367-0783-4df7-86ab-187e074f6b1e,2024-06-05 12:02:00,399dfec4-01ec-4e84-80b5-cb325d670571,0,0,0
e6d75d36-c9e5-4980-90af-885ec459d199,8642eec3-2ef9-4242-8bd3-867d12ebf55f,2024-06-05 15:44:00,399dfec4-01ec-4e84-80b5-cb325d670571,600,24,624
e664be8f-760b-4b55-ac6f-c00dedd63355,04118228-dc07-47b3-aa7d-8af1dd2612fc,2024-06-05 13:25:00,399dfec4-01ec-4e84-80b5-cb325d670571,500,20,520
820769c9-f78b-4894-915e-3942e241b7e8,3b038156-d454-4b44-b32d-706f0f2da264,2024-06-05 18:43:00,399dfec4-01ec-4e84-80b5-cb325d670571,1600,64,1664
112f162e-d264-42a6-aa2e-7eb3ba488490,c80f7422-fd62-4bf9-aa1f-e01de5afd158,2024-06-05 14:34:00,399dfec4-01ec-4e84-80b5-cb325d670571,400,16,416
30523555-0bae-4792-a78f-18511c5307e2,62ffd2c6-fb04-45b8-9953-aeaf4dc0e21b,2024-06-05 10:37:00,399dfec4-01ec-4e84-80b5-cb325d670571,500,20,520
87b39487-9fce-4570-8395-0f223a97eb2d,62535265-3e0d-4546-bd87-83f41ff4ab86,2024-06-05 14:17:00,399dfec4-01ec-4e84-80b5-cb325d670571,2200,88,2288
68e4c5bf-80d0-4f8b-ac01-67ad5d814b95,094321f3-e548-41d6-aaf0-6a757154ce2a,2024-06-05 17:57:00,399dfec4-01ec-4e84-80b5-cb325d670571,500,20,520
c0ff708a-d869-44c8-b76e-0491307c7cc4,2592a05c-b816-4d42-9094-6c4cc1233fb8,2024-06-05 12:28:00,399dfec4-01ec-4e84-80b5-cb325d670571,600,24,624
cb250c65-d337-4708-ab3b-25d5376cf083,792943df-db3f-4147-9a2e-52694cbb3f9f,2024-06-05 17:21:00,399dfec4-01ec-4e84-80b5-cb325d670571,2100,84,2184
3602c9ec-24ee-4e16-a219-0c560e110824,1d2bee3a-184a-4cb2-80b3-1dce38b22d22,2024-06-05 08:25:00,399dfec4-01ec-4e84-80b5-cb325d670571,600,24,624
72c156ea-de73-41ab-8f6f-b28fcdd2fb04,0d254581-4e34-49a1-8bc2-6664080e7c63,2024-06-05 15:19:00,399dfec4-01ec-4e84-80b5-cb325d670571,1800,72,1872
a7551ba4-33c8-40d3-b91e-98fe37262b6b,b531b498-2a6e-4860-986c-f8afddc6cdae,2024-06-05 10:40:00,399dfec4-01ec-4e84-80b5-cb325d670571,2900,115,3015
0634e1e1-e8ee-4eb8-8de3-66d1dc1c230b,bed25d79-2540-4845-bba9-bf545aa212d5,2024-06-05 08:43:00,399dfec4-01ec-4e84-80b5-cb325d670571,600,24,624
b375092c-fa8e-4a77-8567-43994912255e,d48b8bc6-6b9c-4ea5-ba1f-178d499d6e3c,2024-06-05 07:40:00,399dfec4-01ec-4e84-80b5-cb325d670571,600,24,624
6e13cb70-3b72-46f4-8541-b66f77a83625,6f365f6f-1754-4a30-bcde-ebbb019f50cb,2024-06-05 19:27:00,399dfec4-01ec-4e84-80b5-cb325d670571,1900,76,1976
44524301-7f6a-44c6-8388-ef3e1761c84c,47202b7f-f02c-4fa7-bc76-f0a8a6c3c6f4,2024-06-05 18:21:00,399dfec4-01ec-4e84-80b5-cb325d670571,1600,64,1664
96a8cf64-58ef-4abb-ae2e-bc7d7be777e5,dc9a9021-d724-497c-9335-ff3a0ee8506e,2024-06-05 18:27:00,399dfec4-01ec-4e84-80b5-cb325d670571,600,24,624
dc3e7fcc-cb46-43ce-a1fe-f8500dc31c08,1a397e98-a315-410a-a7b9-84e908831ab2,2024-06-05 15:29:00,399dfec4-01ec-4e84-80b5-cb325d670571,600,24,624
9ae1e9c1-b948-4b71-9252-8e023acc60ca,41987941-1c75-4899-82ce-059f829fe6a7,2024-06-05 18:08:00,399dfec4-01ec-4e84-80b5-cb325d670571,1700,68,1768
d38cde7a-12db-49a5-82a5-60ec40e2dd2d,42edd54e-81f6-441b-8544-03202ee1758b,2024-06-05 07:28:00,399dfec4-01ec-4e84-80b5-cb325d670571,600,24,624
10c6a556-d7e8-4944-95ce-78f6852a0a23,27d02c94-a3b6-42e8-9008-fa7ce7a0733b,2024-06-05 09:40:00,399dfec4-01ec-4e84-80b5-cb325d670571,600,24,624
96e833c1-0f7d-4e0d-8fee-28ab58b60767,bd71fb03-b338-4c1f-a560-f9b491c9b18b,2024-06-05 11:11:00,399dfec4-01ec-4e84-80b5-cb325d670571,700,28,728
bf948116-0a38-4726-b117-286909b2b875,8eaa6afd-6912-40d4-89a5-25edd3277057,2024-06-05 08:12:00,399dfec4-01ec-4e84-80b5-cb325d670571,400,16,416
95ac6802-96ae-4230-a610-be63b21f3e87,047917ca-7ab2-453c-9301-f95121c3fe26,2024-06-05 16:04:00,399dfec4-01ec-4e84-80b5-cb325d670571,1600,64,1664
a5531003-5712-4388-a0f0-67cef086c935,da1f4cec-6a00-4809-9474-e6f12290b50a,2024-06-05 08:22:00,399dfec4-01ec-4e84-80b5-cb325d670571,400,16,416
1c56edd4-a19b-4a08-9a4f-03f6f595bcca,c30e2f33-d889-44eb-966b-5d322f423144,2024-06-05 11:41:00,399dfec4-01ec-4e84-80b5-cb325d670571,4700,188,4888
5dfaeb48-072d-42de-a589-0a1f6366317a,b56a0893-d004-44c2-a04a-521e4c1e11b0,2024-06-05 10:23:00,399dfec4-01ec-4e84-80b5-cb325d670571,600,24,624
d766a956-8e73-4436-8b9a-937fc5b151af,d2bca176-3811-48af-8634-7e79b1e71005,2024-06-05 07:54:00,399dfec4-01ec-4e84-80b5-cb325d670571,400,16,416
5aa379f8-0115-45e8-9b83-75a38783fac9,aa619249-0107-432a-b657-1cd8066c6cf1,2024-06-05 07:51:00,399dfec4-01ec-4e84-80b5-cb325d670571,600,24,624
2ef2674f-19f6-4508-ada2-11d238786f23,8a30d95d-a13d-4ac7-94bd-492255495aa0,2024-06-05 07:21:00,399dfec4-01ec-4e84-80b5-cb325d670571,500,20,520
0d96f1cc-4a86-4b3f-87de-22abe056d29b,e8433fb9-0159-4aab-891c-4ccd4936cda3,2024-06-05 15:15:00,399dfec4-01ec-4e84-80b5-cb325d670571,600,24,624
6f70452c-6865-426a-895d-607757c7bd94,bca7ccae-c4ad-44f6-bac2-61812db72e3c,2024-06-05 16:00:00,399dfec4-01ec-4e84-80b5-cb325d670571,1900,76,1976
d1c9b850-eaa3-4edf-8dc0-63e0987d043f,32493412-a54d-44b7-be0f-be74f4848984,2024-06-05 16:23:00,399dfec4-01ec-4e84-80b5-cb325d670571,400,16,416
d294dac8-0c0e-4225-b6ed-c131390e2880,c2122736-645f-4e2c-8798-f50a038cd3ac,2024-06-05 07:37:00,399dfec4-01ec-4e84-80b5-cb325d670571,700,28,728
93ef87c9-03e1-4993-b7ae-7ba2eb0b21a8,80ca21f8-93e5-495d-bb56-054227484bee,2024-06-05 07:45:00,399dfec4-01ec-4e84-80b5-cb325d670571,500,20,520
83d38477-72f3-46ff-a5a9-ad8bddc49bc9,606c5be6-5591-41fb-b082-e672b5a9d227,2024-06-05 14:34:00,399dfec4-01ec-4e84-80b5-cb325d670571,500,20,520
72b608af-8087-4f40-a23e-5ea9d91275a5,c5eee5d1-adab-4f6c-b0f6-f734e29aaeb9,2024-06-05 15:09:00,399dfec4-01ec-4e84-80b5-cb325d670571,1800,72,1872
84357c1c-822e-4e97-8860-435fc9846efd,2ac5af80-e8de-4e6b-bf57-7946a6ffa134,2024-06-05 12:33:00,399dfec4-01ec-4e84-80b5-cb325d670571,500,20,520
4b969712-2f8b-4e32-9b30-dc067723bd5c,31bcc2b0-1949-4bf8-b3a1-bba8b307b63b,2024-06-05 12:59:00,399dfec4-01ec-4e84-80b5-cb325d670571,600,24,624
860fb9bc-c3eb-4c44-ab5d-d08bd2558edf,02d95fd6-1019-4486-b901-bb53f5b8a321,2024-06-05 07:50:00,399dfec4-01ec-4e84-80b5-cb325d670571,400,16,416
5b61512e-1a3e-4fde-ad39-abe227e2dcb5,bfc3820c-66de-4a51-910b-4ddc3d9ccc64,2024-06-05 12:35:00,399dfec4-01ec-4e84-80b5-cb325d670571,1600,64,1664
77cea039-90e1-45fa-9be1-45df0d2ca5db,386340af-6088-4f1f-ae02-2c9b5354c3a8,2024-06-05 08:57:00,399dfec4-01ec-4e84-80b5-cb325d670571,1100,44,1144
797cf18e-b085-4a39-8884-6ac1203ea494,0e83b29c-870a-4a62-a84b-e7db2a461c34,2024-06-05 12:08:00,399dfec4-01ec-4e84-80b5-cb325d670571,600,24,624
fc4f4882-3dc9-4e81-b32c-51cecddc6d3b,4e2f586d-21cc-44d0-8ba0-0ab553f89593,2024-06-05 08:49:00,399dfec4-01ec-4e84-80b5-cb325d670571,600,24,624
de86e040-ad98-4231-b650-824130bae385,1f318b87-a217-4382-9920-052ed8c34a02,2024-06-05 17:47:00,399dfec4-01ec-4e84-80b5-cb325d670571,700,28,728
71fb5ea5-3d5a-4885-a5ed-51bb7e7dcdcb,8e38740b-b208-41d8-842e-1d3adbc0061f,2024-06-05 15:38:00,399dfec4-01ec-4e84-80b5-cb325d670571,500,20,520
165ae5b6-e96c-4fc2-83f2-16eb28f50efb,8ca41c27-cf82-46d7-a704-e9548ff9b94d,2024-06-05 15:08:00,399dfec4-01ec-4e84-80b5-cb325d670571,0,0,0
7df7ef94-c684-46eb-a187-5db919258411,6fe3333d-6a89-4f8d-8dc0-da6859f4e921,2024-06-05 13:53:00,399dfec4-01ec-4e84-80b5-cb325d670571,600,24,624
ce28d5d5-9273-4e71-bd59-7b61d0805d10,4c7de6c4-7bb8-4a14-a7e5-7073faf72cfe,2024-06-05 15:02:00,399dfec4-01ec-4e84-80b5-cb325d670571,700,28,728
4677d4f6-da4d-4967-b87b-6538ff6bec73,c1bf2415-c749-4874-b0ba-09b667d1e1c7,2024-06-05 14:17:00,399dfec4-01ec-4e84-80b5-cb325d670571,700,28,728
c1ed63be-0982-4829-851e-ce220d8ce665,4c902353-eb78-41c4-bdea-e19c5de3d638,2024-06-05 12:26:00,399dfec4-01ec-4e84-80b5-cb325d670571,1800,72,1872
447a2d59-e95a-40b3-9e37-bda0b1441c0c,f9617f0b-4e19-49f8-a48b-8195da86f70c,2024-06-05 19:26:00,399dfec4-01ec-4e84-80b5-cb325d670571,600,24,624
4b5def5d-6aea-4dd0-9011-a3f3e8509de5,35c48889-9128-49d3-8202-144e3434c195,2024-06-05 07:43:00,399dfec4-01ec-4e84-80b5-cb325d670571,500,20,520
4a960e4f-c3d0-44ec-8a5a-80666b79db2f,5a7695c2-a2b0-4fa9-b900-f13d94db2390,2024-06-05 11:26:00,399dfec4-01ec-4e84-80b5-cb325d670571,400,16,416
84eb7a47-f060-4f67-a446-f48c3360bf17,337caee2-578d-4ff8-8415-bdd171629624,2024-06-05 07:42:00,399dfec4-01ec-4e84-80b5-cb325d670571,600,24,624
c818e9d7-3bd7-48df-b374-bbf7df4f88a9,df7ab85e-a71c-404b-a801-79763e8311d0,2024-06-05 08:45:00,399dfec4-01ec-4e84-80b5-cb325d670571,600,24,624
3a37bbd6-d03e-4920-99f1-40828dd2d701,56523397-5a78-44eb-8c6e-4f63400a088e,2024-06-05 07:23:00,399dfec4-01ec-4e84-80b5-cb325d670571,700,28,728
73181839-f4af-400e-8cca-86114132d207,191e694f-4bc9-4786-b0b6-1198fbb81cf2,2024-06-05 13:11:00,399dfec4-01ec-4e84-80b5-cb325d670571,500,20,520
517535cd-857e-4dcd-8e66-258dc0caee42,3fd9454f-29e8-4ea8-8fba-538c0c968c03,2024-06-05 18:15:00,399dfec4-01ec-4e84-80b5-cb325d670571,1900,76,1976
22e3a3a0-bec2-493d-b984-d2c6dd9addc8,b9892ed8-d7b1-4b54-8ca3-f2eff400a3a2,2024-06-05 07:45:00,399dfec4-01ec-4e84-80b5-cb325d670571,700,28,728
19d6d05e-bea1-42e2-8d13-642740cd7072,10bc48fd-188c-4186-bd31-1e725010e285,2024-06-05 13:11:00,399dfec4-01ec-4e84-80b5-cb325d670571,600,24,624
6d8632e8-4497-43cb-9519-61fcacdd867e,629f5d40-70a3-46cc-aa4e-e07f822098ad,2024-06-05 07:22:00,399dfec4-01ec-4e84-80b5-cb325d670571,500,20,520
72aac8b3-c280-457d-b9bf-5be381c39eaa,7a2ce05d-aa5b-4c52-95e2-fad4eea5312d,2024-06-05 16:55:00,399dfec4-01ec-4e84-80b5-cb325d670571,600,24,624
4db677c5-cbf9-4016-8b82-f9d07c7fe0bd,01ad5e63-5943-467e-a1d9-f9658ba260eb,2024-06-05 08:01:00,399dfec4-01ec-4e84-80b5-cb325d670571,400,16,416
44508bc6-d70b-4823-91e1-bd771e888577,74f04e64-1a60-443e-9276-1d86972df9ff,2024-06-05 13:10:00,399dfec4-01ec-4e84-80b5-cb325d670571,1600,64,1664
fdeb78a9-ad42-4a15-80b0-8b1279f87e71,ae2fbb8f-0ed4-4a44-9b72-66606afefc2a,2024-06-05 08:38:00,399dfec4-01ec-4e84-80b5-cb325d670571,0,0,0
2d724416-8596-47fd-8ef4-5f08692c133b,3ba017e1-3de6-4cf0-986b-4e215573508b,2024-06-05 12:40:00,399dfec4-01ec-4e84-80b5-cb325d670571,500,20,520
c4bb7281-4927-46b1-9af6-1a518b6d6e2a,92463bef-cee2-41ce-be98-e21ffd7897bf,2024-06-05 13:51:00,399dfec4-01ec-4e84-80b5-cb325d670571,500,20,520
e4ce8279-a6e1-4f46-b82d-833e41afbeb1,d787287a-9b36-46ee-8c9a-3425302d81bc,2024-06-05 07:53:00,399dfec4-01ec-4e84-80b5-cb325d670571,700,28,728
3ef8dd3b-9523-429c-9a13-6b1d723af4c7,f8fa33a8-b390-4666-87a1-cebd987d2dee,2024-06-05 08:47:00,399dfec4-01ec-4e84-80b5-cb325d670571,600,24,624
872258ec-06ea-43f9-8b0b-4c98cf1d0345,fab0de85-1e9d-4a30-abed-e99da282f7a9,2024-06-05 12:02:00,399dfec4-01ec-4e84-80b5-cb325d670571,4200,168,4368
78d83f95-08ca-4f43-8712-6218dfeb6d81,4820e533-6ef9-474a-93c4-7d85c2f425a1,2024-06-05 14:52:00,399dfec4-01ec-4e84-80b5-cb325d670571,1800,72,1872
433cb8c8-2dd3-453a-b53f-4c1303884e17,c1aa660d-8170-481b-b06b-b8fd060c8140,2024-06-05 11:09:00,399dfec4-01ec-4e84-80b5-cb325d670571,2800,112,2912
27edf1e5-05fe-4755-b633-d3547c629715,fe5970a8-ffd4-4560-8321-418435f93f1d,2024-06-05 07:44:00,399dfec4-01ec-4e84-80b5-cb325d670571,600,24,624
70a3c2fb-dc74-4020-bcd2-b54aee9ccfdb,fc10183f-d1a5-4d89-8215-35d052711ca7,2024-06-05 11:14:00,399dfec4-01ec-4e84-80b5-cb325d670571,1800,72,1872
683efa81-6b65-4e46-b892-d64241dbc928,175b56d1-f0a1-4312-80d4-933a026c0757,2024-06-05 08:18:00,399dfec4-01ec-4e84-80b5-cb325d670571,600,24,624
1fe719e8-ea21-4809-a97a-f6f554b57f4c,4258d2e3-929f-4c61-9d8a-ecfbebf28309,2024-06-05 11:28:00,399dfec4-01ec-4e84-80b5-cb325d670571,600,24,624
27c9edb0-221e-402b-8475-4a894c412800,393e344b-01f0-4b0f-8532-6a69f5448868,2024-06-05 07:49:00,399dfec4-01ec-4e84-80b5-cb325d670571,600,24,624
399ea472-3819-4f1b-bf37-8e6db543854b,f7e7396b-020c-4ce3-876c-1598ff603f5c,2024-06-05 15:52:00,399dfec4-01ec-4e84-80b5-cb325d670571,400,16,416
738af337-ba4f-4368-83b1-c3e5349c9bc9,88d6b3c9-5501-4dcc-8870-88d2b5a7d2b7,2024-06-05 07:45:00,399dfec4-01ec-4e84-80b5-cb325d670571,400,16,416
5a2b269d-da6b-4d87-a97b-b426b23a59a6,56ca389d-e4ed-4ef5-aad9-06921244e5fa,2024-06-05 11:40:00,399dfec4-01ec-4e84-80b5-cb325d670571,700,28,728
eb2e097b-6eea-4a3e-9c33-da1ab42082b2,c60b2684-3387-4c5b-9304-ce101427a10e,2024-06-05 07:15:00,399dfec4-01ec-4e84-80b5-cb325d670571,600,24,624
31bb7b29-980c-42ef-b29b-06f2cd9b7a3f,190fbfa8-42b6-49cb-bfa2-1f3fa4d2b6c9,2024-06-05 17:58:00,399dfec4-01ec-4e84-80b5-cb325d670571,1900,76,1976
c3ca45bb-6e40-4786-9f08-d519c42bacff,6ebef4bf-63b8-4e88-a3ee-5371e37ad7d2,2024-06-05 14:36:00,399dfec4-01ec-4e84-80b5-cb325d670571,500,20,520
0de64a5d-512d-4e09-a5e7-971698840412,d47ee806-33f9-40d8-82a9-6f70032affaf,2024-06-05 14:06:00,399dfec4-01ec-4e84-80b5-cb325d670571,600,24,624
101d41b3-82be-4c16-93ff-96f8f3b59037,551bc247-f456-46e6-a6fa-c584861be6c0,2024-06-05 13:48:00,399dfec4-01ec-4e84-80b5-cb325d670571,1800,72,1872
8bf541c4-f851-4c1b-b381-cb9558e1979f,49c762bb-3c37-4b70-89e7-915b46aea67e,2024-06-05 13:14:00,399dfec4-01ec-4e84-80b5-cb325d670571,1200,48,1248
08bc6422-6264-4ca5-9f1a-deb7f86366da,82490db6-c9bd-4a9c-a119-f07fbf6a46b5,2024-06-05 08:27:00,399dfec4-01ec-4e84-80b5-cb325d670571,700,28,728
a538c06d-a725-4d7f-853d-fa94975c7a4b,6be14bf4-3d0e-4952-bf65-4c65a84d6317,2024-06-05 08:40:00,399dfec4-01ec-4e84-80b5-cb325d670571,500,20,520
382e0aea-579b-4654-b79f-ea2d489ec887,58ad3080-6386-4389-b206-731a5696a3b1,2024-06-05 18:02:00,399dfec4-01ec-4e84-80b5-cb325d670571,1600,64,1664
cf54e9fe-b848-4de9-adec-5a56c41095b5,638b7677-d131-4292-886e-bf9c8d6b99ba,2024-06-05 07:07:00,399dfec4-01ec-4e84-80b5-cb325d670571,600,24,624
ef8a5498-68a1-49b0-85f3-ac9563667efc,38b04a00-25c3-4cc0-9de5-c5c9807752fb,2024-06-05 13:56:00,399dfec4-01ec-4e84-80b5-cb325d670571,1700,68,1768
36b81016-0f2a-41de-a49f-19c51a944a45,f256cbdd-6aa1-4b99-a1c6-9ab67f9c3223,2024-06-05 12:47:00,399dfec4-01ec-4e84-80b5-cb325d670571,1800,72,1872
cbf930be-06ac-4820-b022-a72f083faa7f,3dfec5a1-2732-414d-82de-29395c432266,2024-06-05 08:08:00,399dfec4-01ec-4e84-80b5-cb325d670571,500,20,520
e75b4e85-a488-4d7e-a5eb-2d95cd52cc1a,d4b10640-7bc3-4058-80e9-f6ec9935faa6,2024-06-05 17:36:00,399dfec4-01ec-4e84-80b5-cb325d670571,600,24,624
9f3f9768-f8a9-47d0-b75c-1a6cf34ea1b4,aedc9d0d-f54d-4c7a-8d16-6a64d34917c1,2024-06-05 17:35:00,399dfec4-01ec-4e84-80b5-cb325d670571,400,16,416
bd34ea58-3c69-4bdf-b4b3-05b64adbec2b,87d299e0-d1b9-48df-9374-deebc903fcec,2024-06-05 12:29:00,399dfec4-01ec-4e84-80b5-cb325d670571,1200,48,1248
75b96ff7-e043-428c-9038-f421cbb4b50b,b741bbdf-2063-4577-a506-c8982e3a0323,2024-06-05 07:35:00,399dfec4-01ec-4e84-80b5-cb325d670571,600,24,624
d76929a3-78fb-4a86-bd95-00e17b8a33c7,47102ecf-be37-4a37-adaa-b5ed933ebf2a,2024-06-05 12:41:00,399dfec4-01ec-4e84-80b5-cb325d670571,600,24,624
f05dce66-0c81-4cfc-8ed8-e87d10e93949,3e144863-036b-4f7e-8ab5-d3d4a50195f7,2024-06-05 12:00:00,399dfec4-01ec-4e84-80b5-cb325d670571,400,16,416
37275a32-f929-4f4d-9659-b5c581ff8b10,37bd0e89-13c9-413d-bad1-249eebfd1bd3,2024-06-05 13:24:00,399dfec4-01ec-4e84-80b5-cb325d670571,400,16,416
11c04bd9-fa81-470e-b393-90673aaa0d36,45ae3232-9552-4065-a1aa-8b670e5a0dfa,2024-06-05 18:09:00,399dfec4-01ec-4e84-80b5-cb325d670571,600,24,624
ce28ecdd-aec1-4876-b23a-0367ad2ec0fa,bb9d7ade-1359-411a-b0e7-e27c37588d1c,2024-06-05 08:01:00,399dfec4-01ec-4e84-80b5-cb325d670571,400,16,416
965d0d7f-17f1-4910-8596-8ce8baa2c5df,269df0b9-75f1-4f95-b858-ab8527a08573,2024-06-05 18:39:00,399dfec4-01ec-4e84-80b5-cb325d670571,2100,84,2184
b53190eb-7a4a-4aec-83ed-f96ff08e4b6e,90c4aa98-bd75-46e4-b7ee-0d5e3c7d7e57,2024-06-05 16:30:00,399dfec4-01ec-4e84-80b5-cb325d670571,400,16,416
a71c5019-09b6-423d-9cf4-c61c387e2a29,419d1cd0-c9ee-4c57-9ce9-f01e6a0c4637,2024-06-05 08:48:00,399dfec4-01ec-4e84-80b5-cb325d670571,600,24,624
f379e185-926e-4359-b458-1dde7dea7b31,9385e880-136f-4853-bb94-87d293e455f9,2024-06-05 15:04:00,399dfec4-01ec-4e84-80b5-cb325d670571,400,16,416
83550578-1cd3-4e49-96cf-256e6fe6cd77,2e115436-fac0-48c1-8088-4a199e32aeb8,2024-06-05 08:22:00,399dfec4-01ec-4e84-80b5-cb325d670571,600,24,624
eb23df6c-011d-4bdf-9a1f-bb4669d682ac,b5cf197e-940c-48e2-b168-b2b93b207616,2024-06-05 14:53:00,399dfec4-01ec-4e84-80b5-cb325d670571,600,24,624
d571b498-f578-4811-94be-c74ee0f6d576,c0f66bfa-64b7-407a-bdba-c8e6d01367c8,2024-06-05 09:26:00,399dfec4-01ec-4e84-80b5-cb325d670571,600,24,624
50e7fd46-5337-452b-94b0-386c9fd4c312,66c7df80-d945-468b-91db-2a2e7f5333f9,2024-06-05 13:32:00,399dfec4-01ec-4e84-80b5-cb325d670571,900,36,936
ee2e06ee-5222-4bfa-b093-4e0cd281c26d,3a49ef30-840a-49cf-9af7-2950d5d6314b,2024-06-05 18:08:00,399dfec4-01ec-4e84-80b5-cb325d670571,1800,72,1872
9cf07949-5cc2-431b-ae9a-c58fbd0256a2,1cf7c15b-9c7e-4885-9240-b1459da8b9d3,2024-06-05 10:29:00,399dfec4-01ec-4e84-80b5-cb325d670571,400,16,416
01d4def8-a1ab-428e-a341-bf3c9778e2ad,5436b071-d444-4632-9ab0-847c7a37dc90,2024-06-05 11:46:00,399dfec4-01ec-4e84-80b5-cb325d670571,700,28,728
a68a2473-8243-4616-a204-b74d61e9e979,60a8ecd6-8c8f-4548-a548-223aa3c4717f,2024-06-05 07:18:00,399dfec4-01ec-4e84-80b5-cb325d670571,700,28,728
f14c9ca6-668a-4703-aa4e-dde2b335a499,9f087b1a-7a86-434b-8ca0-08a841b45429,2024-06-05 07:45:00,399dfec4-01ec-4e84-80b5-cb325d670571,500,20,520
f88d3968-3576-4517-8119-7c6d04012ff9,d21877bf-b729-4e1d-bc29-a1f08b1cece4,2024-06-05 15:31:00,399dfec4-01ec-4e84-80b5-cb325d670571,400,16,416
fe004e43-445c-443b-a2c4-5bb8c3cb2f64,733bc17a-6b25-4b2f-9d45-bfe808dc93c0,2024-06-05 14:30:00,399dfec4-01ec-4e84-80b5-cb325d670571,700,28,728
1a80cf60-213b-4a2c-8698-bb6545b816e9,077821b6-ff2d-4be0-867b-392285ef7f66,2024-06-05 14:57:00,399dfec4-01ec-4e84-80b5-cb325d670571,1900,76,1976
68309af7-734e-46e4-af28-87d463ae8579,5e65c6d6-a81f-4cee-b034-51aa45e41b4e,2024-06-05 08:03:00,399dfec4-01ec-4e84-80b5-cb325d670571,500,20,520
9bc5aa01-7241-4dfc-b49b-fa8ab91c2f17,e4c49a66-027e-4b84-b22c-e8d611b19dc2,2024-06-05 13:57:00,399dfec4-01ec-4e84-80b5-cb325d670571,600,24,624
f9064aba-c64b-4e11-93be-d18eaf4ba38e,408711a0-3260-472a-86c1-07325f01dad7,2024-06-05 16:49:00,399dfec4-01ec-4e84-80b5-cb325d670571,1700,68,1768
acb6c886-ae62-4000-8f55-24edb244de89,749e2083-d8e9-4bad-aa5b-548cf20a6c12,2024-06-05 18:20:00,399dfec4-01ec-4e84-80b5-cb325d670571,2300,92,2392
6061662f-08b4-426f-8c81-f9addd7a7ac5,6f03b818-c7d4-4b58-9d22-0b2e4f095638,2024-06-05 15:18:00,399dfec4-01ec-4e84-80b5-cb325d670571,1900,76,1976
1d6a0209-bc81-4344-98f2-8fdc676ea7c3,18c151b5-773c-4339-a7b0-5088adfe0740,2024-06-05 14:12:00,399dfec4-01ec-4e84-80b5-cb325d670571,3500,140,3640
3890864c-95ce-452d-91bb-2a2aa6b66567,06428c6a-1380-424a-b43e-4531141be890,2024-06-05 08:33:00,399dfec4-01ec-4e84-80b5-cb325d670571,400,16,416
edc22f1d-45d6-4a01-8da3-4d08a259a427,347937b1-a1e4-465a-8806-694910b7f61d,2024-06-05 08:37:00,399dfec4-01ec-4e84-80b5-cb325d670571,500,20,520
4db28381-8b76-4638-b085-0f7a022eb352,32074f1f-acff-4079-893d-b5ad4572a8c4,2024-06-05 19:28:00,399dfec4-01ec-4e84-80b5-cb325d670571,500,20,520
2cb3aec5-d11c-4a5a-ad61-9589cd308122,81accf64-8081-482a-ba4f-b9ab41a42f91,2024-06-05 13:47:00,399dfec4-01ec-4e84-80b5-cb325d670571,1500,60,1560
13081f2d-68e1-4b16-9c21-965b0e4b4016,2d58c862-6caf-4e9a-acfe-df194768718b,2024-06-05 12:15:00,399dfec4-01ec-4e84-80b5-cb325d670571,500,20,520
40d1edc3-c17d-4b9a-9ae8-d8eeb9f8b2ba,372b862f-2875-4256-a3ad-90a3f9022324,2024-06-05 16:26:00,399dfec4-01ec-4e84-80b5-cb325d670571,600,24,624
d40f8dde-4a30-4fc4-8900-439b5d0b7620,5df40cff-214e-4d3c-a396-ebefd20fb640,2024-06-05 16:05:00,399dfec4-01ec-4e84-80b5-cb325d670571,1800,72,1872
45b7cdfe-9d59-435a-95ca-0f80beeee41f,bfc8a6f1-55b6-4f9b-b049-f0bc3483043f,2024-06-05 09:32:00,399dfec4-01ec-4e84-80b5-cb325d670571,1100,44,1144
128cd038-3843-4846-9d0d-b0b6951ce820,0c09e98e-c49b-4490-bccd-36d7bbf30674,2024-06-05 15:10:00,399dfec4-01ec-4e84-80b5-cb325d670571,1200,48,1248
d70220db-b59a-4315-a547-f69f24647971,0b7b056b-c902-4224-87b7-f0310af14cd2,2024-06-05 07:46:00,399dfec4-01ec-4e84-80b5-cb325d670571,700,28,728
1cde76e7-2000-4eee-b1a0-815ce69a433f,e467d5f6-66ab-4541-a74a-f1ba6235240e,2024-06-05 15:18:00,399dfec4-01ec-4e84-80b5-cb325d670571,1700,68,1768
3d5bb85a-b2ae-4015-acfc-e3886ea01d75,49d45173-97fb-46fa-b7ab-351eade2898d,2024-06-05 08:01:00,399dfec4-01ec-4e84-80b5-cb325d670571,600,24,624
119c6604-ac0e-4d9c-950d-ecf3f93608cb,7e04fe6b-5f22-46bc-b418-22d60ac811c0,2024-06-05 07:56:00,399dfec4-01ec-4e84-80b5-cb325d670571,500,20,520
a56f34c4-6278-46c6-a28d-5a168ea9fbfa,c277e494-ed67-421f-9c0a-78ec662fc165,2024-06-05 17:41:00,399dfec4-01ec-4e84-80b5-cb325d670571,600,24,624
c8b3c483-434a-4b3a-8505-a2a1cafd3f6c,3f28bdb7-15a1-4281-8a5c-4c2c2f849c7d,2024-06-05 17:07:00,399dfec4-01ec-4e84-80b5-cb325d670571,1700,68,1768
10f13d57-4b5c-4162-b02f-706af7730431,e86c5af2-7ab5-4de1-a956-c30109f40f15,2024-06-05 10:43:00,399dfec4-01ec-4e84-80b5-cb325d670571,500,20,520
b6626bff-de68-4241-a1ff-9d6783b78b29,996a6380-67cd-421a-8260-817f6575b769,2024-06-05 08:10:00,399dfec4-01ec-4e84-80b5-cb325d670571,500,20,520
8d56597b-4bfa-4ab8-9be8-98b366454482,17a63361-a6ba-41cb-b185-85eac2242369,2024-06-05 14:03:00,399dfec4-01ec-4e84-80b5-cb325d670571,600,24,624
24f3ff4a-0cbe-429e-a89a-a19f74f1067e,130e18e8-70ab-44f4-8e32-4df8ec29ff4b,2024-06-05 11:44:00,399dfec4-01ec-4e84-80b5-cb325d670571,500,20,520
669ff6f8-516a-4345-977a-a6a87995b574,22b25d92-e3ad-493e-84b7-02c1c5bc99c4,2024-06-05 11:09:00,399dfec4-01ec-4e84-80b5-cb325d670571,1800,72,1872
47da1294-76f4-4f95-9e40-625039fd0992,254bfb81-7794-44ad-ad06-d37904bf0e24,2024-06-05 15:54:00,399dfec4-01ec-4e84-80b5-cb325d670571,600,24,624
d5f38d98-517a-4158-a6c6-9e0fa2e4a762,b255511e-5860-44d3-9bc8-07434bb0377c,2024-06-05 08:22:00,399dfec4-01ec-4e84-80b5-cb325d670571,600,24,624
2461b892-3435-4b74-a054-daf59085efb7,a666a8c8-399f-42cc-9765-05db56159a3b,2024-06-05 17:23:00,399dfec4-01ec-4e84-80b5-cb325d670571,700,28,728
91f7ead4-548f-45ea-a9e0-b4489de244d5,0b8d755b-5279-44f7-bac8-81c2738b1111,2024-06-05 08:25:00,399dfec4-01ec-4e84-80b5-cb325d670571,600,24,624
d6208af6-c367-4662-ab60-3da5fb99d016,58ce6298-8492-452a-9f99-a55d99e454e4,2024-06-05 07:59:00,399dfec4-01ec-4e84-80b5-cb325d670571,700,28,728
7ae01e2b-a088-49f8-9638-1d8eebb68eb4,df13ac1c-3ad8-4ead-af33-b27d83bb34c0,2024-06-05 08:45:00,399dfec4-01ec-4e84-80b5-cb325d670571,1600,64,1664
d25ba0ba-6f59-473d-b84b-9da64556a51a,79119db4-69f9-449e-8ce8-a993232bd6f6,2024-06-05 15:56:00,399dfec4-01ec-4e84-80b5-cb325d670571,2400,96,2496
e07bd8c2-64b4-45f4-b933-984452ab21a4,b04d849b-94c4-43b6-86ed-cf26dbe24ee8,2024-06-05 08:28:00,399dfec4-01ec-4e84-80b5-cb325d670571,700,28,728
1829d46e-3420-4618-b616-19516debc65b,64d3dfce-2ddc-4d3d-b298-8b8037e085c0,2024-06-05 12:00:00,399dfec4-01ec-4e84-80b5-cb325d670571,2400,96,2496
881f9198-5581-4d27-b89d-2397d32d7edd,2ae61282-d749-4519-ba0e-6c7e550c7eab,2024-06-05 17:06:00,399dfec4-01ec-4e84-80b5-cb325d670571,500,20,520
666b0fce-82de-4eb2-95b1-d0d32e4a062e,d663fbbf-6362-4dc0-9cff-3f3e00effccc,2024-06-05 16:18:00,399dfec4-01ec-4e84-80b5-cb325d670571,1700,68,1768
a6c69023-fab4-4169-8469-ab7bce00484f,e0bed291-1c5f-4aa1-aa2d-c171134f4e2a,2024-06-05 17:31:00,399dfec4-01ec-4e84-80b5-cb325d670571,700,28,728
90dc2021-224e-4038-b7bd-75b8483c352c,6470f94f-16c7-470a-9717-453be9259960,2024-06-05 15:20:00,399dfec4-01ec-4e84-80b5-cb325d670571,600,24,624
e2af372d-a324-4719-a978-99d893c67973,3f69ef15-abbd-4131-9670-58313d4fd3d1,2024-06-05 15:35:00,399dfec4-01ec-4e84-80b5-cb325d670571,600,24,624
30cdafaf-50cc-414c-885c-05a0a4c451bb,6c4f79c1-c913-4599-a82a-bc6283855909,2024-06-05 07:33:00,399dfec4-01ec-4e84-80b5-cb325d670571,500,20,520
f9e07229-d191-4111-ac57-bcdfaacd10dd,86e797b8-17cd-4741-b470-d0aa63b5de45,2024-06-05 08:12:00,399dfec4-01ec-4e84-80b5-cb325d670571,4200,168,4368
fd4c29f3-3cf2-46f6-884f-111a87125362,28c5e573-dbe9-49da-baa8-11eafd9e1473,2024-06-05 08:20:00,399dfec4-01ec-4e84-80b5-cb325d670571,600,24,624
b0c3361f-a42f-43a1-8e9c-b02368e7382d,87bfb92d-66c8-4568-ad61-e0ae0730e8d0,2024-06-05 08:24:00,399dfec4-01ec-4e84-80b5-cb325d670571,400,16,416
f4f28485-7fe2-482f-8cab-929019690282,a1c6677f-446b-4940-8c40-8e018a7ca815,2024-06-05 11:46:00,399dfec4-01ec-4e84-80b5-cb325d670571,600,24,624
49132faf-14e6-4058-9feb-cbc70373b374,5252229c-8816-4cc0-9061-86b844313715,2024-06-05 07:06:00,399dfec4-01ec-4e84-80b5-cb325d670571,400,16,416
59347c16-b533-478e-a8e5-b0ebe09ba320,c9b3df80-8e43-45a7-87e5-7c1202671a86,2024-06-05 08:07:00,399dfec4-01ec-4e84-80b5-cb325d670571,600,24,624
9a3a89ab-db82-4fbb-a769-0b6c046a101a,a17cdf1c-0c24-4309-8248-906a4e24c1ed,2024-06-05 16:14:00,399dfec4-01ec-4e84-80b5-cb325d670571,1700,68,1768
1712badf-1971-4dc9-a9b0-bcff96c33a86,6de0fa39-0254-45be-b7c2-a0e59eead219,2024-06-05 08:59:00,399dfec4-01ec-4e84-80b5-cb325d670571,500,20,520
103b6f01-f854-41bf-94d8-948b0ed4e7a7,e7b464e8-ea2f-4354-bafa-7df3267922ea,2024-06-05 07:17:00,399dfec4-01ec-4e84-80b5-cb325d670571,3800,152,3952
5741ef29-17b8-46bf-b4fa-87d2f2ba04fd,d19ff309-72e3-4a8b-a6c5-26433433c175,2024-06-05 15:33:00,399dfec4-01ec-4e84-80b5-cb325d670571,500,20,520
ee542ac2-329d-49ff-9fab-fffc90fbb856,738675f7-5520-40c8-9a5c-cc66d9fd338c,2024-06-05 13:19:00,399dfec4-01ec-4e84-80b5-cb325d670571,1800,72,1872
3ba6e911-821e-4d58-974f-edfc5335c699,f4ad4e1b-cb6c-4d4b-8292-765d32912398,2024-06-05 15:11:00,399dfec4-01ec-4e84-80b5-cb325d670571,2000,80,2080
fcb2fe2c-468e-4a4c-be3d-27c16e4362b5,09768a2d-e30f-4fba-bbea-42c4af3c16d0,2024-06-05 12:44:00,399dfec4-01ec-4e84-80b5-cb325d670571,1100,44,1144
720d7201-188f-40c8-afaa-6eea1142c761,d24e9271-8085-46c5-93e2-744d394a96ce,2024-06-05 07:20:00,399dfec4-01ec-4e84-80b5-cb325d670571,400,16,416
a8c8059d-55c4-4c61-aaec-2f05e0ebd5c9,80eb4e1f-be85-4e2d-901d-63851a086877,2024-06-05 07:16:00,399dfec4-01ec-4e84-80b5-cb325d670571,400,16,416
c6dfa152-2710-4c9a-9911-d62534399b9b,93137d6e-3e68-4f5e-81a4-716212bcb9a9,2024-06-05 07:26:00,399dfec4-01ec-4e84-80b5-cb325d670571,600,24,624
17bafe8f-4160-4540-b465-29fd06efcfe8,76c96bb4-46b4-420a-9014-633d4fa008ce,2024-06-05 12:14:00,399dfec4-01ec-4e84-80b5-cb325d670571,1100,44,1144
0abb8338-60ab-4e32-94e4-0384c890326a,38812f12-33f2-493c-860e-166ea6f08176,2024-06-05 08:25:00,399dfec4-01ec-4e84-80b5-cb325d670571,600,24,624
8121d719-1c87-44a1-8ecb-c7726fa73b1f,6160656f-db8b-4a17-8c32-1b69f0546f58,2024-06-05 07:20:00,399dfec4-01ec-4e84-80b5-cb325d670571,700,28,728
548781c6-dde7-417e-af81-59901c2b6ae5,8aa1534d-101a-4387-a192-eadb32347bf3,2024-06-05 17:07:00,399dfec4-01ec-4e84-80b5-cb325d670571,2100,84,2184
96bf9c1e-6e3b-45be-b93d-410dbfa7cfec,666f2378-13e2-4fd0-ac37-36749cb0a391,2024-06-05 19:45:00,399dfec4-01ec-4e84-80b5-cb325d670571,2400,96,2496
ccbcff1c-7bcb-4477-82cc-6a999f77d003,7cb36d58-03a5-4fa5-88d3-047d8d9c82c1,2024-06-05 18:06:00,399dfec4-01ec-4e84-80b5-cb325d670571,1700,68,1768
d02c349b-1cd0-476e-99e5-de4fdc6e8b30,59cbf0dc-0b3a-4388-855e-5bd669cbf70f,2024-06-05 08:34:00,399dfec4-01ec-4e84-80b5-cb325d670571,400,16,416
7c743184-5d4c-4cd7-bb7d-9920cb510889,82a6aee8-f1af-4310-ab80-7b40a6812f97,2024-06-05 07:52:00,399dfec4-01ec-4e84-80b5-cb325d670571,400,16,416
af85584a-efde-4407-b679-5d3437e84bdf,b4795940-db8c-426d-86de-443d77d52769,2024-06-05 08:33:00,399dfec4-01ec-4e84-80b5-cb325d670571,500,20,520
4e3b0be5-a045-4f57-aa39-234dc3012826,42a1f840-5dc9-4c3c-99ae-213221725a32,2024-06-05 19:02:00,399dfec4-01ec-4e84-80b5-cb325d670571,500,20,520
4d39c730-6534-4382-b168-cce07b3a7ac9,352967a1-2643-437f-9078-5cab0677d6c9,2024-06-05 08:41:00,399dfec4-01ec-4e84-80b5-cb325d670571,2000,80,2080
85ceec63-ab71-4fd5-870b-0cd1740b55a3,aee3650e-2a29-49e6-9b76-a014fcb6f488,2024-06-05 11:32:00,399dfec4-01ec-4e84-80b5-cb325d670571,1700,68,1768
9f2f5448-41a4-4df7-99ef-d4b1e22263e2,c0ae5287-fc4d-4f95-9812-fb904bd70178,2024-06-05 09:55:00,399dfec4-01ec-4e84-80b5-cb325d670571,600,24,624
d353a32e-e3f3-4278-832f-d1373632228e,7000f470-f20c-406f-a4ce-0a6b949b0978,2024-06-05 15:12:00,399dfec4-01ec-4e84-80b5-cb325d670571,700,28,728
b9a3964f-c776-4078-8e36-2d91f367e77b,a49b4bb7-ff65-4e64-a8f7-d0b69f4dee4a,2024-06-05 07:58:00,399dfec4-01ec-4e84-80b5-cb325d670571,400,16,416
cd8c7558-9416-41ad-af9a-f1d6a8c8e199,cca74689-b99d-4a88-80cc-7e00df041465,2024-06-05 07:46:00,399dfec4-01ec-4e84-80b5-cb325d670571,400,16,416
bc41fe34-4041-480b-aa6e-8623e2edb53d,00f745c8-1adc-4d55-8ddf-95a61af4ad4f,2024-06-05 09:16:00,399dfec4-01ec-4e84-80b5-cb325d670571,1100,44,1144
fb53219c-50d1-43de-bf4b-5b9da5a07649,2a9f7a07-e7b2-4ca6-a1ae-7769638025f5,2024-06-05 07:40:00,399dfec4-01ec-4e84-80b5-cb325d670571,600,24,624
1d3ddaf8-1432-4e80-9dfc-c64aa336f979,468da1b4-7f5f-426f-b731-0a492e5f13a6,2024-06-05 16:15:00,399dfec4-01ec-4e84-80b5-cb325d670571,600,24,624
d19b6ae8-5779-4de0-8b86-849cfdaab698,38b6a9c4-770d-4115-b10f-b873e2e606a2,2024-06-05 17:29:00,399dfec4-01ec-4e84-80b5-cb325d670571,2000,80,2080
71125004-2341-40a4-b2fe-8a47ca666d5c,56e90f70-5a07-4dd8-bd80-329d6cd71beb,2024-06-05 07:34:00,399dfec4-01ec-4e84-80b5-cb325d670571,500,20,520
bfa78c4f-4735-4c15-b70a-cfc9d1fa3cd9,e7720da8-4896-4ddf-bef1-2ab577ebe12a,2024-06-05 07:50:00,399dfec4-01ec-4e84-80b5-cb325d670571,600,24,624
f2a01df1-4803-43da-9eca-79c2d4304486,85d95b80-0fe8-4c1a-9da5-c07a6f15dc08,2024-06-05 16:05:00,399dfec4-01ec-4e84-80b5-cb325d670571,1600,64,1664
4edc8830-25cb-4427-95db-72992785f405,74c72c23-d7fa-4e25-a8f7-99c5a52ac47a,2024-06-05 17:46:00,399dfec4-01ec-4e84-80b5-cb325d670571,600,24,624
fe2dbd53-481b-420b-b741-37788e11ab7b,79bd7f32-cd59-4ff4-8cdd-fc7c0d35a24c,2024-06-05 08:25:00,399dfec4-01ec-4e84-80b5-cb325d670571,500,20,520
e1c8f5a8-eb6d-44d9-a8a1-55913e241a24,6c567f96-afe7-4c61-9eb4-ae11aa33af50,2024-06-05 07:14:00,399dfec4-01ec-4e84-80b5-cb325d670571,500,20,520
d0323d73-410d-4bf3-be37-49458a975fea,bc9b75c4-c020-4f0d-abf1-ebffb3e2726a,2024-06-05 11:58:00,399dfec4-01ec-4e84-80b5-cb325d670571,2000,80,2080
e61dcc9c-818e-4ff3-b936-60d63ab1c59d,cfb91507-0769-4ef6-910f-493cf5dee61d,2024-06-05 08:39:00,399dfec4-01ec-4e84-80b5-cb325d670571,400,16,416
c9a8e708-a1d5-471f-ae16-aae482a5e824,4998100c-3bd2-4aa4-a0aa-c44ccd440b9d,2024-06-05 14:05:00,399dfec4-01ec-4e84-80b5-cb325d670571,500,20,520
777a8300-c774-4583-810c-9f92c6232eb8,cd4b0a79-ccd3-4169-91ff-e56bddc8c450,2024-06-05 15:35:00,399dfec4-01ec-4e84-80b5-cb325d670571,800,32,832
181e56e1-b481-4402-9a83-bf6be6201221,d3d911e6-991f-4a1c-9323-12711d554974,2024-06-05 17:51:00,399dfec4-01ec-4e84-80b5-cb325d670571,600,24,624
df8d930f-33ac-4716-93e0-e458e90359ed,ff9dbf4b-f83a-47df-8149-1d007473c13b,2024-06-05 08:31:00,399dfec4-01ec-4e84-80b5-cb325d670571,600,24,624
5adb60be-9b81-4733-9e9e-62d363a29d8f,c49fc16b-3bf0-498a-b200-ab3b0a2d21fa,2024-06-05 08:23:00,399dfec4-01ec-4e84-80b5-cb325d670571,400,16,416
d3a7e460-f089-4b93-b145-d45ae4cea4d3,41ceeb72-6594-49c3-aef3-ed466bac5e5f,2024-06-05 12:12:00,399dfec4-01ec-4e84-80b5-cb325d670571,2000,80,2080
299f4039-b642-4128-8e19-67747d1d526c,485991f9-580a-4ca9-98c7-be55ed96ecb1,2024-06-05 13:23:00,399dfec4-01ec-4e84-80b5-cb325d670571,700,28,728
72bb5418-2d3e-48f1-a9a2-71b6dd874436,6c531190-7a87-48c2-9340-eb99ffe43618,2024-06-05 08:48:00,399dfec4-01ec-4e84-80b5-cb325d670571,500,20,520
d5e71b34-edfc-441c-bae7-290ca96984b3,656d2889-01cd-40e9-9a0a-d7161f75bdbb,2024-06-05 07:47:00,399dfec4-01ec-4e84-80b5-cb325d670571,400,16,416
af3b1733-2fd9-430e-9955-34368b57a457,d4b724c3-5b9f-4070-94f3-9a02569c6869,2024-06-05 13:20:00,399dfec4-01ec-4e84-80b5-cb325d670571,1800,72,1872
9a94c44a-e0f8-431a-a6fe-502fd6b98458,5db741f4-0237-4a97-952f-4b4d8736d287,2024-06-05 11:33:00,399dfec4-01ec-4e84-80b5-cb325d670571,600,24,624
a9519e87-73b0-4418-88c5-b7dfca448f19,5c754667-bd0b-413a-97ea-6d494170105d,2024-06-05 16:31:00,399dfec4-01ec-4e84-80b5-cb325d670571,700,28,728
2c965f7d-cd6b-42b6-a70c-b8dbe11a3289,34a667fc-5b95-4873-932b-017bc484fd30,2024-06-05 10:57:00,399dfec4-01ec-4e84-80b5-cb325d670571,1000,40,1040
d07b141f-6468-4703-8f1b-993362dfc61a,dc638163-fb06-4d37-a613-8803a234a3b2,2024-06-05 17:30:00,399dfec4-01ec-4e84-80b5-cb325d670571,1800,72,1872
1352aa78-c198-45dc-8546-bc0b8aa3ea25,f1db0d0d-94a9-4a4c-856c-121f927fa835,2024-06-05 10:38:00,399dfec4-01ec-4e84-80b5-cb325d670571,1400,56,1456
d6dce753-6b5e-44d6-b578-23ff08814729,c39f246c-acfc-44c0-95ec-8dd224592299,2024-06-05 13:44:00,399dfec4-01ec-4e84-80b5-cb325d670571,700,28,728
a6167c7a-d652-4eb9-bdc2-3c954b6d578b,2a83ed6b-202e-41b1-b554-b20f8f7a0eb1,2024-06-05 16:45:00,399dfec4-01ec-4e84-80b5-cb325d670571,600,24,624
95408961-f8e3-44f5-bdb9-628ae361cd94,e0becf9b-a169-49bf-95e5-2c33b1622600,2024-06-05 12:58:00,399dfec4-01ec-4e84-80b5-cb325d670571,3300,132,3432
151d0557-861e-4c38-a00f-4650138bdc81,930ba1e9-ab55-4962-8226-814b5cff5c6b,2024-06-05 16:34:00,399dfec4-01ec-4e84-80b5-cb325d670571,1800,72,1872
fda21e67-e5d8-4195-a965-8df0e843bd66,1877ab43-5472-4035-85c2-57c9455532a7,2024-06-05 13:26:00,399dfec4-01ec-4e84-80b5-cb325d670571,700,28,728
faa46e5a-3462-41fc-8264-60ab30f9295c,7a2aa575-93bb-4e07-b671-715ba4f6e845,2024-06-05 14:33:00,399dfec4-01ec-4e84-80b5-cb325d670571,500,20,520
1e6ef14c-fa75-4cf2-b1e7-554c896ac153,69b02737-366e-4314-b6fa-d52802a4b21c,2024-06-05 11:58:00,399dfec4-01ec-4e84-80b5-cb325d670571,3900,156,4056
c88e1864-5c96-4724-a940-d74b0d8fcf19,d7e41540-bff7-4ed0-a86b-5aee9f21788b,2024-06-05 07:37:00,399dfec4-01ec-4e84-80b5-cb325d670571,700,28,728
8b27ede9-bc36-4a62-a0f1-b01180a3ab99,8262a4d4-998d-4133-8f19-2c4db179f4f0,2024-06-05 13:47:00,399dfec4-01ec-4e84-80b5-cb325d670571,1900,76,1976
d75c3c5a-afcd-406a-8660-477aebd21998,b3b324a4-15eb-41b7-9457-400de83b61ea,2024-06-05 16:36:00,399dfec4-01ec-4e84-80b5-cb325d670571,1800,72,1872
0230a28b-2603-4b97-be48-164b8964ae85,a5a7baae-427a-4692-aef7-16eb13b37793,2024-06-05 07:36:00,399dfec4-01ec-4e84-80b5-cb325d670571,500,20,520
1c21a0dc-7a6e-4bbc-9c6c-37463bad29b6,847aef98-7eed-484a-b834-f5777f38266f,2024-06-05 08:53:00,399dfec4-01ec-4e84-80b5-cb325d670571,600,24,624
8310b96a-bf26-4518-ba76-71dbb0721b3a,328478c8-5184-4102-8cc9-eb3e7b902389,2024-06-05 14:30:00,399dfec4-01ec-4e84-80b5-cb325d670571,600,24,624
a3b486d7-a224-4596-a871-b1eb3b2e27bf,c5d9ad26-76b8-42f4-a362-e95a478d1e92,2024-06-05 13:55:00,399dfec4-01ec-4e84-80b5-cb325d670571,700,28,728
f435dc8a-643b-4ee5-8d0e-07c0a3c5c314,86f6bfbd-28b9-468f-80a0-7b3bd1a9db57,2024-06-05 07:36:00,399dfec4-01ec-4e84-80b5-cb325d670571,500,20,520
0304ec2b-b695-4f3b-919f-c66e5b2df009,bf08c871-984b-4bde-99ef-9b6558abd7af,2024-06-05 11:35:00,399dfec4-01ec-4e84-80b5-cb325d670571,400,16,416
37a5b316-b7e4-487b-b60f-ca0eccceed85,fbaac559-7731-4dfe-8b40-bdd6f8010f67,2024-06-05 08:09:00,399dfec4-01ec-4e84-80b5-cb325d670571,500,20,520
87dfe335-8b0a-44ec-b748-baa5b9f0b158,1c17c750-fcf1-4a07-b7f0-811f62d52895,2024-06-05 11:13:00,399dfec4-01ec-4e84-80b5-cb325d670571,4700,188,4888
219d886f-d4fb-49ff-8ca4-f1087d714ff8,ce4f635a-840e-47e0-b57a-df0b63bbafa7,2024-06-05 13:43:00,399dfec4-01ec-4e84-80b5-cb325d670571,2100,84,2184
4e9f9551-7a6e-4781-b376-50f70b729b9f,a95ddb13-ef71-4cf0-a8a8-2ffaecaaf27b,2024-06-05 07:37:00,399dfec4-01ec-4e84-80b5-cb325d670571,700,28,728
4e3f5922-53dd-4d2c-8a35-e1d12f57c871,22f8b600-cae0-4a84-b021-08740f324c10,2024-06-05 12:45:00,399dfec4-01ec-4e84-80b5-cb325d670571,2000,80,2080
23fc747b-0f11-4eb4-8684-52db4b1e2834,2550c3a5-082c-4582-bf64-ed8cacf87cfc,2024-06-05 15:33:00,399dfec4-01ec-4e84-80b5-cb325d670571,1100,44,1144
99f3425b-fbf3-49ce-877a-34d434a39db4,d9b86aa0-4730-466f-8322-2807ea1d50aa,2024-06-05 11:56:00,399dfec4-01ec-4e84-80b5-cb325d670571,700,28,728
1e518e75-f2b5-4fa4-89cd-abdce6124467,82d81521-fd8c-4073-87b6-9aa0a8e9f0b3,2024-06-05 17:42:00,399dfec4-01ec-4e84-80b5-cb325d670571,500,20,520
a890cc0f-be21-452f-b967-3b12d17ed620,277f188c-086a-4f0d-8ade-c147f84d09ac,2024-06-05 12:21:00,399dfec4-01ec-4e84-80b5-cb325d670571,1400,56,1456
662321b1-57b9-4062-a433-a8912216e91f,13470635-526f-48e9-9715-e528e1e8dbde,2024-06-05 15:04:00,399dfec4-01ec-4e84-80b5-cb325d670571,2000,80,2080
1a959ff1-fd92-431b-b678-60318a8ff89b,38a14cdb-c8f2-4746-a5f7-c8c5cc8c3c95,2024-06-05 16:10:00,399dfec4-01ec-4e84-80b5-cb325d670571,1900,76,1976
e27d7c8b-3533-4110-bfd0-abc7d511a707,e5194824-f51d-4687-9f60-72df2e41a7a5,2024-06-05 17:56:00,399dfec4-01ec-4e84-80b5-cb325d670571,2000,80,2080
af5032c3-54cc-4d6a-abaf-311048587c5c,63b5948f-6961-4db8-b621-892196f7a96e,2024-06-05 07:30:00,399dfec4-01ec-4e84-80b5-cb325d670571,700,28,728
a98096f5-5762-4ffd-b5e0-1410b5b58d4f,2ab5335d-b429-49b4-a459-2354f849e358,2024-06-05 10:41:00,399dfec4-01ec-4e84-80b5-cb325d670571,3200,128,3328
c3e09272-969a-4fcd-876f-e7553ad0d178,73bf3e3c-44ec-45c9-b2cb-670618e256c2,2024-06-05 15:25:00,399dfec4-01ec-4e84-80b5-cb325d670571,400,16,416
aaedf479-5d8a-4936-b1b9-16022c1b3cde,7aec9cdf-282b-43d6-b76a-136094088273,2024-06-05 19:43:00,399dfec4-01ec-4e84-80b5-cb325d670571,1700,68,1768
06802d1c-6054-4511-9ee0-15f06ca730e9,992b8e45-f532-4d7e-9b77-bd94fd451c79,2024-06-05 08:16:00,399dfec4-01ec-4e84-80b5-cb325d670571,600,24,624
94e7f3fe-9c0c-4180-a866-ae5761bfa3cd,2fcb4006-ca51-44cd-9d87-aa34d745ee90,2024-06-05 07:02:00,399dfec4-01ec-4e84-80b5-cb325d670571,700,28,728
bf070ee9-3995-40d0-9de1-d76453d42d51,3a95336d-35a9-4b6a-81ac-84714ffa0ea4,2024-06-05 07:28:00,399dfec4-01ec-4e84-80b5-cb325d670571,600,24,624
da3fe8a5-469b-4f2d-8d75-eb3ce206ae58,3dee0d2d-f11e-4e71-8336-86cb6a9445ad,2024-06-05 07:46:00,399dfec4-01ec-4e84-80b5-cb325d670571,400,16,416
8bb4e51e-eae0-4b24-af57-3cacd9920e7a,9ca91be3-bfcc-4623-9ef5-a4023693a589,2024-06-05 08:06:00,399dfec4-01ec-4e84-80b5-cb325d670571,700,28,728
fdf546b4-3b65-4fb7-ac8d-b80f410dcd6c,e4f2d67a-5c47-4845-a945-4e923836a9bf,2024-06-05 15:45:00,399dfec4-01ec-4e84-80b5-cb325d670571,1700,68,1768
5a2842aa-be19-43d6-b87d-7041d46e2e98,c334810a-f8b3-4f0b-b7f5-feab68f07ae0,2024-06-05 07:09:00,399dfec4-01ec-4e84-80b5-cb325d670571,600,24,624
5c2bc203-7ca5-42c3-8311-d9f25b1d97dd,3d82151b-b0d4-4890-bb63-8f573d494f9d,2024-06-05 08:07:00,399dfec4-01ec-4e84-80b5-cb325d670571,400,16,416
35d3305b-894a-48b7-b0e4-068d57dd5fbf,f711d079-46d9-4d69-8972-e92561b89b64,2024-06-05 10:26:00,399dfec4-01ec-4e84-80b5-cb325d670571,2400,96,2496
87a8c7c1-4050-402b-a95d-9fab2adf00b8,73fa8e0a-42b4-47dc-b0a1-f510a9d057d8,2024-06-05 14:45:00,399dfec4-01ec-4e84-80b5-cb325d670571,500,20,520
daf6be7c-c6d8-4873-87dd-a5e7148ab1bf,2445d187-36c8-440f-a8db-1db27e08268e,2024-06-05 15:37:00,399dfec4-01ec-4e84-80b5-cb325d670571,1800,72,1872
6d344c1d-6110-4a2f-8e4b-52c0e2b54d9e,899bbf23-4208-4aa2-9723-3f7559dfb891,2024-06-05 17:04:00,399dfec4-01ec-4e84-80b5-cb325d670571,900,36,936
3144d91e-c591-4bb8-bf64-67ffe122c23b,c42ba7cd-a313-4776-a56d-8bc908c6b0fe,2024-06-05 13:40:00,399dfec4-01ec-4e84-80b5-cb325d670571,700,28,728
0454ad52-1138-403e-9bb5-4363193d0562,88d4b95f-8525-47ab-b76f-1a86bdcc7b2b,2024-06-05 07:55:00,399dfec4-01ec-4e84-80b5-cb325d670571,600,24,624
a748c70e-bd8e-4585-b422-80d930144f18,bddd0699-14be-4bed-8a03-c3be1c8b86f4,2024-06-05 07:41:00,399dfec4-01ec-4e84-80b5-cb325d670571,600,24,624
5f1dffe1-cc65-4502-b3e5-317dd9ed3776,ef550118-4d33-4419-9a7f-121c8400e9c6,2024-06-05 14:06:00,399dfec4-01ec-4e84-80b5-cb325d670571,1800,72,1872
f68108c4-49c8-4c41-8d3a-37b9a281a8e1,84cdb717-25d5-481f-b814-35cf768ecddb,2024-06-05 07:25:00,399dfec4-01ec-4e84-80b5-cb325d670571,400,16,416
7ccaa0c4-81fa-45c2-919a-917dcd31903b,572579ab-5e23-43fd-a1af-8753798c8659,2024-06-05 07:39:00,399dfec4-01ec-4e84-80b5-cb325d670571,500,20,520
27afa477-204e-4807-93a8-506c0731f85f,e55d222b-7102-42c7-bd28-c147a15b12c5,2024-06-05 08:38:00,399dfec4-01ec-4e84-80b5-cb325d670571,400,16,416
84924244-5fa1-4ea9-b5ff-215664d76ddd,48894cb2-296d-4112-88cb-99945e94b978,2024-06-05 08:27:00,399dfec4-01ec-4e84-80b5-cb325d670571,400,16,416
d36eb1fa-0b9e-4e02-9336-ae61991950df,d9f59eed-a691-4ea7-9102-c38914bc0a5b,2024-06-05 12:17:00,399dfec4-01ec-4e84-80b5-cb325d670571,700,28,728
1c42a3a6-04b1-40dd-9097-c4244d9a3b6c,90dc9d88-5875-4bf3-b871-820449a026b2,2024-06-05 13:19:00,399dfec4-01ec-4e84-80b5-cb325d670571,600,24,624
8903f277-95cc-4915-887b-fb9604ce7eb9,b295a4a4-a6b1-4fb7-847e-0b135ed1c18e,2024-06-05 14:10:00,399dfec4-01ec-4e84-80b5-cb325d670571,400,16,416
4982b18a-7c0f-4df7-a42b-45af66029604,6ae00ce0-276c-40e1-b26d-ee7c41d7a287,2024-06-05 08:12:00,399dfec4-01ec-4e84-80b5-cb325d670571,600,24,624
d75c6427-4e47-4307-87b7-58bf13a022f9,ae73571f-72c6-4767-a468-b4982ef05d1c,2024-06-05 15:09:00,399dfec4-01ec-4e84-80b5-cb325d670571,600,24,624
3d119396-3ed8-4b2c-b13d-121008c80a3a,6485d9cb-6a0f-4d0b-9978-518788907afb,2024-06-05 10:35:00,399dfec4-01ec-4e84-80b5-cb325d670571,600,24,624
a07cf424-3a40-48b9-b2b4-8208ea688156,1641c1fe-b81c-4d56-9441-7a23d922196f,2024-06-05 14:57:00,399dfec4-01ec-4e84-80b5-cb325d670571,500,20,520
d3f58ff9-c20d-4eb5-9f8f-8cc8af307272,361ab65e-9df9-4140-87fb-724985468016,2024-06-05 14:24:00,399dfec4-01ec-4e84-80b5-cb325d670571,1100,44,1144
af4e438f-bca9-4f2b-87cc-227a73efbf0d,33bc9426-832e-483d-a623-5760bf8fdf42,2024-06-05 07:58:00,399dfec4-01ec-4e84-80b5-cb325d670571,600,24,624
b08ba147-d382-4622-ba1c-db7f25fb71cc,ce1fddc8-7087-4b9e-82c8-bc09e6384345,2024-06-05 15:45:00,399dfec4-01ec-4e84-80b5-cb325d670571,1000,40,1040
414aac63-1a3d-4c38-8d33-2c3097c5e6e4,fb199cad-e920-4319-b1de-7da53844f1ed,2024-06-05 07:23:00,399dfec4-01ec-4e84-80b5-cb325d670571,700,28,728
5eb1e5ac-bc7b-48f0-b7c5-6bc38b8b92f6,cacf77ba-7e15-45a0-a3f4-87fdccd569c4,2024-06-05 07:37:00,399dfec4-01ec-4e84-80b5-cb325d670571,500,20,520
08b1c7f4-2020-4523-993c-13128c50f2c6,5a29452c-9230-4b56-9b2a-a1d20ab74781,2024-06-05 07:02:00,399dfec4-01ec-4e84-80b5-cb325d670571,500,20,520
009815ce-5c79-41ac-8866-17a33411ff24,5c37d040-f5cd-46cf-8acc-43c886d34ad0,2024-06-05 08:33:00,399dfec4-01ec-4e84-80b5-cb325d670571,400,16,416
a468dcd8-f174-4086-a15a-17f0090fb346,f4a9a1e0-026f-48df-a4d9-b2bb26fe93a0,2024-06-05 15:26:00,399dfec4-01ec-4e84-80b5-cb325d670571,600,24,624
bb284cfd-2e21-4746-bc2b-a6d546040788,01c86347-415c-4252-814c-a612527d8843,2024-06-05 07:42:00,399dfec4-01ec-4e84-80b5-cb325d670571,600,24,624
323973a0-4994-43f2-a49e-3a1d6b29cc8e,e82b5b62-7070-47bc-a992-278728911d81,2024-06-05 08:01:00,399dfec4-01ec-4e84-80b5-cb325d670571,700,28,728
6b159212-92d9-448d-a928-283205efc460,9cdb2202-788c-4b47-b58d-609db081bb60,2024-06-05 07:56:00,399dfec4-01ec-4e84-80b5-cb325d670571,400,16,416
5c98279d-6fc3-4a0d-b5d7-06840cf19b91,876ab495-dc39-43eb-a0b9-19b5e4c4e15c,2024-06-05 17:15:00,399dfec4-01ec-4e84-80b5-cb325d670571,600,24,624
95dbab8a-6a71-43d0-acbb-08dadf0ca177,593ac4f1-05ec-4f87-a03b-ab6371bbe59d,2024-06-05 10:37:00,399dfec4-01ec-4e84-80b5-cb325d670571,1200,48,1248
a516f72d-61e8-4e96-b59e-25d3d20d86f2,2c15654f-379c-4848-a3e0-4562a56c4da7,2024-06-05 08:12:00,399dfec4-01ec-4e84-80b5-cb325d670571,600,24,624
415ea64c-4e38-4e95-95c5-472cb16ab133,bcc834b4-d5a5-4283-ba01-2fbe27533479,2024-06-05 08:11:00,399dfec4-01ec-4e84-80b5-cb325d670571,600,24,624
08297792-fa96-4651-b84c-bbb338f8da98,8b2d2cd5-c5eb-47f1-b3e3-41c7c00c5828,2024-06-05 12:14:00,399dfec4-01ec-4e84-80b5-cb325d670571,500,20,520
3d2ed1d5-f0f8-4dde-a990-2943d9ddfc2d,dff2f0df-07b7-4c09-8812-8c4a7f83cd94,2024-06-05 08:01:00,399dfec4-01ec-4e84-80b5-cb325d670571,600,24,624
8847f920-f9f1-47ae-adb5-02fe4315ebc2,b0c002ee-eddd-4615-a3fc-b0700f7eafc2,2024-06-05 08:07:00,399dfec4-01ec-4e84-80b5-cb325d670571,600,24,624
6f0115b9-0269-4c9d-b46b-0039e62d019f,798267d5-be32-437a-8020-542e0498810a,2024-06-05 07:00:00,399dfec4-01ec-4e84-80b5-cb325d670571,700,28,728
83daea4c-13e6-47e2-8a4c-fb18d851a266,14205dcb-8a2d-42ca-9b45-ee05ebb00763,2024-06-05 19:08:00,399dfec4-01ec-4e84-80b5-cb325d670571,600,24,624
81fb5ef7-756b-48f2-9b7d-f0582104b6ae,49ccd473-0d76-45da-8360-02143cb40354,2024-06-05 07:35:00,399dfec4-01ec-4e84-80b5-cb325d670571,700,28,728
061d3675-1b11-4c27-962b-2c7e976a489c,6c1f593e-fa25-4522-92a1-002b2f6a6bc7,2024-06-05 17:40:00,399dfec4-01ec-4e84-80b5-cb325d670571,600,24,624
c7ac6350-c7ce-48b3-aaad-10351d9d49f5,00530b16-28e8-4e45-82e0-ffe495b7ff89,2024-06-05 14:13:00,399dfec4-01ec-4e84-80b5-cb325d670571,500,20,520
782c5836-abfd-4f03-be83-cfdecb912fe9,da90d8e9-37d5-4f64-9642-bc11f542e117,2024-06-05 08:05:00,399dfec4-01ec-4e84-80b5-cb325d670571,600,24,624
bf00c8a3-a805-440f-8878-9de2978248d1,060308f5-0857-42a6-813e-96a75cc247ac,2024-06-05 12:26:00,399dfec4-01ec-4e84-80b5-cb325d670571,400,16,416
aa19254f-45d8-43e8-b6df-ed3291dba1d5,0189068c-f3d3-4672-b98b-047d057a0fd5,2024-06-05 08:33:00,399dfec4-01ec-4e84-80b5-cb325d670571,400,16,416
124be690-54c2-4fc1-a9a1-dd05827e0544,1bc1c9dc-b8d3-4560-97b7-febe15ab0506,2024-06-05 07:38:00,399dfec4-01ec-4e84-80b5-cb325d670571,600,24,624
7020264f-854a-4f73-9b21-36872627e5fe,cdee10f4-113a-4b48-8b82-67de974706f1,2024-06-05 17:10:00,399dfec4-01ec-4e84-80b5-cb325d670571,1900,76,1976
96b952d9-af4a-4313-8a29-d39319af1101,7a03ca1d-d911-4037-9f11-75d63cfad5e4,2024-06-05 07:35:00,399dfec4-01ec-4e84-80b5-cb325d670571,600,24,624
e66f5e24-9747-4e52-97a5-20d55723a3e4,21b3fd59-4b01-4c9d-844b-6790ed39fddc,2024-06-05 08:08:00,2c7c0b40-21e5-4026-b405-3281a1c094fa,500,31,531
0c90cc5e-c35a-44d5-ad3c-4c873cbcfae3,5bc0eeb0-31d7-4611-bb9d-71498c761bcb,2024-06-05 11:29:00,2c7c0b40-21e5-4026-b405-3281a1c094fa,600,37,637
e98e4b43-549d-4112-a152-3a548f77ddcf,b4742677-d25f-4cf6-af19-7c4a2d5751fd,2024-06-05 07:43:00,2c7c0b40-21e5-4026-b405-3281a1c094fa,400,25,425
795e446a-7846-4502-a6f4-dd09f30f32cc,fcef0a47-bbe9-4080-9a24-e276ddb4e0e7,2024-06-05 07:47:00,2c7c0b40-21e5-4026-b405-3281a1c094fa,600,37,637
f6c1b5ab-014a-4520-82f6-66f1f0ff7add,ed27966a-5ae2-4a05-8772-1cf818c9f87f,2024-06-05 13:03:00,2c7c0b40-21e5-4026-b405-3281a1c094fa,2400,150,2550
794fab2a-7023-492f-b58a-924c9aa412c0,92c1b8ac-0f8c-4e0d-bf8a-acd3c5a54f25,2024-06-05 18:36:00,2c7c0b40-21e5-4026-b405-3281a1c094fa,1800,112,1912
32a85a67-6cc5-48f9-ac3a-bb961e4114a2,5672d8ec-d299-4823-941e-e84d29a5aca6,2024-06-05 08:51:00,2c7c0b40-21e5-4026-b405-3281a1c094fa,600,37,637
ce1e069a-1700-4e87-bc66-7155d7f36352,31d8ef80-b405-4d99-9a0b-e566200ab033,2024-06-05 07:04:00,2c7c0b40-21e5-4026-b405-3281a1c094fa,600,37,637
3c22ae1d-41df-4fb9-a16f-85b05f8d6ac1,c601f733-7fe7-415c-b872-d63e8f49066b,2024-06-05 15:02:00,2c7c0b40-21e5-4026-b405-3281a1c094fa,500,31,531
ffb00f24-cf04-4378-9584-2f4666dd57d6,cfc196da-1613-48e5-b649-e57a6a927c10,2024-06-05 07:12:00,2c7c0b40-21e5-4026-b405-3281a1c094fa,400,25,425
866a972f-af67-47a4-b475-8e3215aa4876,f19d8935-9c7f-478c-8a8c-d23218d6fc8b,2024-06-05 11:43:00,2c7c0b40-21e5-4026-b405-3281a1c094fa,600,37,637
4a951cf9-4991-464c-afc3-cf50f4d98d81,a26c5d51-ee15-486d-b326-9703275ab2ab,2024-06-05 08:55:00,2c7c0b40-21e5-4026-b405-3281a1c094fa,600,37,637
693956d3-17dd-4c41-9060-b28d44fb2b4e,c8c991b2-ee2e-4dbf-b8aa-6e52e61ac8e8,2024-06-05 11:52:00,2c7c0b40-21e5-4026-b405-3281a1c094fa,1400,87,1487
a246e716-7ae9-402b-b0e9-49230f645323,a5eaa660-fbee-49f6-87da-6df064c916d0,2024-06-05 15:57:00,2c7c0b40-21e5-4026-b405-3281a1c094fa,600,37,637
9e9d7bc2-1916-4de2-adab-8f8c7a13c649,bed501e6-d9e1-40f4-9e7f-d1073803ba16,2024-06-05 10:03:00,2c7c0b40-21e5-4026-b405-3281a1c094fa,600,37,637
6f96bcb2-d29f-4736-bea3-d582132a70d8,f5b90b38-b61b-42af-a8f4-4815317a3571,2024-06-05 14:00:00,2c7c0b40-21e5-4026-b405-3281a1c094fa,1800,112,1912
458f80e4-9842-4de0-ac52-b3746bbf813b,1d8b9d13-c62c-4446-977d-412869e6c4b6,2024-06-05 08:25:00,2c7c0b40-21e5-4026-b405-3281a1c094fa,600,37,637
2f445c1f-4a04-4882-9e6e-0b9348f285f7,b239e930-6de8-4346-87b0-1981dc56bb9f,2024-06-05 08:13:00,2c7c0b40-21e5-4026-b405-3281a1c094fa,500,31,531
4a70ce0b-29b1-44b4-b5cd-55fb6e29f87b,ca73909a-648b-4522-a10d-c4c3c9bfaba1,2024-06-05 08:07:00,2c7c0b40-21e5-4026-b405-3281a1c094fa,400,25,425
a697dc82-8ae7-4aa1-bfb4-285e8bef739e,2bc19a21-82b4-4029-b044-96060d4e044b,2024-06-05 13:18:00,2c7c0b40-21e5-4026-b405-3281a1c094fa,4600,287,4887
9aa2cf90-8157-415d-a78a-4b578e50582a,0da8bfd8-a8e8-4bc3-85ae-f527018c2e8b,2024-06-05 07:14:00,2c7c0b40-21e5-4026-b405-3281a1c094fa,400,25,425
ffb34963-bb9f-418e-b903-9e5df47e0299,92f85679-d678-4b1f-9343-b97924ced844,2024-06-05 08:01:00,2c7c0b40-21e5-4026-b405-3281a1c094fa,600,37,637
45e7a83d-2095-4a48-9637-03c7372b59d2,78748d05-917c-446b-8b2f-1bb8275f3983,2024-06-05 07:18:00,2c7c0b40-21e5-4026-b405-3281a1c094fa,2500,156,2656
dd69dced-3306-4830-a985-013ca42a1912,e61583e8-f052-430d-90fd-68085acfc960,2024-06-05 07:34:00,2c7c0b40-21e5-4026-b405-3281a1c094fa,500,31,531
b70e4131-afca-4de1-905c-3ae4a92c1f0b,4334d3c1-d272-4f31-b4ff-de447c05f4dd,2024-06-05 14:38:00,2c7c0b40-21e5-4026-b405-3281a1c094fa,500,31,531
8bfc4ff3-3b0e-4fc3-90e4-649bfe7dae2b,9559b3f5-0745-4104-aeff-b4f1f8886bd7,2024-06-05 10:23:00,2c7c0b40-21e5-4026-b405-3281a1c094fa,1200,75,1275
102f4905-04f4-4cf4-a940-eb49576532d1,de885f45-3a20-4c29-a25b-662ee4bd48ea,2024-06-05 16:18:00,2c7c0b40-21e5-4026-b405-3281a1c094fa,1600,100,1700
e3b429b3-b108-458b-bd0c-ed23b9cb2fcf,5b2dc95e-efec-46b9-aa80-1ca5c85a4269,2024-06-05 08:26:00,2c7c0b40-21e5-4026-b405-3281a1c094fa,400,25,425
cdb8ea74-96f8-4c56-ad9e-9feeabaef28d,2b2611ec-0afe-4c68-9361-65b0cda595e3,2024-06-05 19:18:00,2c7c0b40-21e5-4026-b405-3281a1c094fa,2000,125,2125
24f76dab-19b1-4044-ab60-2aacea06914a,df6fe074-e03b-4605-bc26-5510896e9d5c,2024-06-05 15:28:00,2c7c0b40-21e5-4026-b405-3281a1c094fa,1600,100,1700
df027691-dd8b-4382-b2fd-239947629749,e52aaea4-1556-4821-8cd6-a24a8217815f,2024-06-05 08:52:00,2c7c0b40-21e5-4026-b405-3281a1c094fa,700,43,743
747c8a4f-0cb6-4fee-807d-0ac713c2d35b,ab4df321-67bc-425a-8aee-7e81929639d1,2024-06-05 07:43:00,2c7c0b40-21e5-4026-b405-3281a1c094fa,400,25,425
253f7762-202e-4142-9b6d-cbe73b5433bf,4bf036f8-cdd5-4fd4-bb15-96f6fdfb6472,2024-06-05 08:05:00,2c7c0b40-21e5-4026-b405-3281a1c094fa,700,43,743
6a3e0988-921c-4d85-a0d7-e81cdd24e555,be9a5cd7-728a-4593-b5b5-b13c1f98920d,2024-06-05 07:41:00,2c7c0b40-21e5-4026-b405-3281a1c094fa,500,31,531
68f1fe05-be87-467b-899f-d2d5c2b231f4,a56eaf67-ae11-49c8-ad29-20271c45924b,2024-06-05 09:53:00,2c7c0b40-21e5-4026-b405-3281a1c094fa,1700,106,1806
f70c1051-53bc-498c-9022-bb7b7fab5882,17813273-d6cb-446d-a0cc-5df31fb0263f,2024-06-05 15:46:00,2c7c0b40-21e5-4026-b405-3281a1c094fa,500,31,531
9578078c-710f-4952-8f7d-df82f3e6489a,24796668-1d6a-493c-a0dd-1bafc84036be,2024-06-05 08:17:00,2c7c0b40-21e5-4026-b405-3281a1c094fa,600,37,637
bfbd5c9f-84ce-4f90-8759-8b357e5953aa,5a88b3e4-1ba1-4430-8899-483fd984e89d,2024-06-05 07:29:00,2c7c0b40-21e5-4026-b405-3281a1c094fa,600,37,637
a21c4434-3041-4fe9-a0c8-74e9508f0969,9739993f-f502-493c-a220-bfc05e1635a7,2024-06-05 15:57:00,2c7c0b40-21e5-4026-b405-3281a1c094fa,1500,93,1593
223abe5d-c0de-45e1-95e8-88dab54fa1f0,10e46bfd-d0f5-4e00-b866-118e3d12fb34,2024-06-05 12:38:00,2c7c0b40-21e5-4026-b405-3281a1c094fa,600,37,637
1c4948e2-9721-4349-ba04-1ba78f2931ff,cc90bdd5-438f-4c36-b399-4b1be7281e64,2024-06-05 14:43:00,2c7c0b40-21e5-4026-b405-3281a1c094fa,1800,112,1912
2d817891-0582-49f4-997a-4d8c3a30b445,de14b04b-3662-48cd-8bf6-16eae90fbc67,2024-06-05 11:30:00,2c7c0b40-21e5-4026-b405-3281a1c094fa,500,31,531
ff4a971a-c7d7-4635-b349-6aaf6955e97e,8c433684-7a25-467e-afb1-be6cb25cb156,2024-06-05 12:17:00,2c7c0b40-21e5-4026-b405-3281a1c094fa,600,37,637
2a70f5b7-e8de-462e-87e2-9879490e2f30,c21472e1-f6ab-489f-9f36-de3ff9aea42c,2024-06-05 10:42:00,2c7c0b40-21e5-4026-b405-3281a1c094fa,700,43,743
6628468e-bc18-4bed-a06a-23994496a308,6711753d-3774-4e54-9f79-3ebf7762b9f9,2024-06-05 13:35:00,2c7c0b40-21e5-4026-b405-3281a1c094fa,600,37,637
a2087034-c7b4-4696-8a6e-fd30e6703654,cc8b427a-fcd6-4d92-8601-2a3c7d54e171,2024-06-05 14:24:00,2c7c0b40-21e5-4026-b405-3281a1c094fa,2000,125,2125
39c99c71-ef93-449e-9d0f-3e0e388f224e,89d86da7-67e0-4324-965d-77ebd26b7396,2024-06-05 07:37:00,2c7c0b40-21e5-4026-b405-3281a1c094fa,400,25,425
d57ab7ed-f284-4863-bfed-a467c2a220e6,c4cffa02-aa09-4ae6-a4dc-bb7e26c3b440,2024-06-05 07:57:00,2c7c0b40-21e5-4026-b405-3281a1c094fa,600,37,637
5e596ff6-d260-4c8c-8f1d-97a692d23f43,5c298d25-bd60-448d-a828-a1d1c08d3bf4,2024-06-05 07:20:00,2c7c0b40-21e5-4026-b405-3281a1c094fa,500,31,531
58695508-a508-4124-9dc7-691937d4bad5,f231f357-ff6c-4960-938f-a5596a13fb07,2024-06-05 15:33:00,2c7c0b40-21e5-4026-b405-3281a1c094fa,700,43,743
45983c98-5418-41ab-a8bf-8ebe596c3c6e,0c395bc0-5637-4465-8c77-9232349cf3ee,2024-06-05 10:08:00,2c7c0b40-21e5-4026-b405-3281a1c094fa,1100,68,1168
ef655ed1-de71-4cd8-ba32-1e4dbe059607,b612256d-3418-40c1-97fc-fbbf395ac791,2024-06-05 12:29:00,2c7c0b40-21e5-4026-b405-3281a1c094fa,600,37,637
a4025b54-b337-4574-9f57-bac54ef9a0bd,3c426c6a-4b67-4d8e-a89a-57a563164dee,2024-06-05 08:24:00,2c7c0b40-21e5-4026-b405-3281a1c094fa,600,37,637
ab107162-7ce8-4554-8cac-9cb010231c2a,627e216c-0671-47dd-902c-9fb076543b9e,2024-06-05 07:49:00,2c7c0b40-21e5-4026-b405-3281a1c094fa,400,25,425
c2acfdca-628a-4a71-aaf0-c078b31277e9,1409cd42-7e74-4fa2-9ff3-b4d9d56ac42c,2024-06-05 09:05:00,2c7c0b40-21e5-4026-b405-3281a1c094fa,400,25,425
2dfa9bf3-acbe-49e8-b897-eaa81125c0e8,b95ae917-38af-44ef-98a5-9bdf844ac239,2024-06-05 13:17:00,2c7c0b40-21e5-4026-b405-3281a1c094fa,400,25,425
0a60f039-c95f-45a6-a0b3-6704b36db656,1ccc49eb-7f71-45cc-81df-ac385f685028,2024-06-05 09:11:00,2c7c0b40-21e5-4026-b405-3281a1c094fa,600,37,637
fac1a6dc-2f26-4664-82db-f28b112ce054,e9914ccf-1cab-4fc8-9269-8c1a8f85eb5a,2024-06-05 07:43:00,2c7c0b40-21e5-4026-b405-3281a1c094fa,600,37,637
9e5d613c-9590-441b-968d-1f78f25c6c7e,7e8d4795-8d8a-4188-acba-390847a8c1ae,2024-06-05 11:48:00,2c7c0b40-21e5-4026-b405-3281a1c094fa,500,31,531
5ccfaa8f-e184-4aab-8ccb-7792d586550a,2b24b563-07cf-43f5-bf88-efa0cabe0601,2024-06-05 09:43:00,2c7c0b40-21e5-4026-b405-3281a1c094fa,600,37,637
40fe45e1-a793-4778-9517-e2d270d96abc,16e3010f-92c8-4716-945d-76a4cbabf52a,2024-06-05 12:18:00,2c7c0b40-21e5-4026-b405-3281a1c094fa,1100,68,1168
78ad891f-479d-4bb3-8ae9-ae0ae2b5531c,f8fc32d0-0cfc-4f1e-bc9f-01400e52201b,2024-06-05 16:52:00,2c7c0b40-21e5-4026-b405-3281a1c094fa,700,43,743
e92672e0-60fb-4bc4-a8c0-705f62d9dd0d,1fbcd07d-85bc-4c6a-b8de-d3b6edb361dc,2024-06-05 16:19:00,2c7c0b40-21e5-4026-b405-3281a1c094fa,400,25,425
6e58b4a7-b30e-4671-b2ba-966eb8d91d5f,9d60be57-1b54-4e56-8191-7fc35fef020c,2024-06-05 16:27:00,2c7c0b40-21e5-4026-b405-3281a1c094fa,700,43,743
12e05d1b-1d95-4df5-a895-c005638344e9,5e7c7c18-a637-4a6e-bb24-87a77f90ddf1,2024-06-05 10:30:00,2c7c0b40-21e5-4026-b405-3281a1c094fa,700,43,743
cd43c47b-cc59-4e25-a79c-bc33a0838ce8,d27d7182-0397-4734-b076-2f556218e9f1,2024-06-05 19:29:00,2c7c0b40-21e5-4026-b405-3281a1c094fa,1800,112,1912
1fc25efd-9bcb-446d-af99-5ee1a7fe674c,3a580c58-a316-47fb-b0c9-1d95666d47d7,2024-06-05 07:45:00,2c7c0b40-21e5-4026-b405-3281a1c094fa,600,37,637
e1d60490-932f-4de9-add3-509a3477b2f2,fe9d2747-393a-4e72-8e43-6d997f2418d6,2024-06-05 08:00:00,2c7c0b40-21e5-4026-b405-3281a1c094fa,400,25,425
b7dd4e0a-437a-4c82-8b9e-ba2685cf1d53,27385e8e-11c9-453d-a177-3a8890bab09a,2024-06-05 13:53:00,2c7c0b40-21e5-4026-b405-3281a1c094fa,700,43,743
9b93e66c-8184-4119-9b08-4d5911d94b3f,27d2e3d3-99cb-4478-950f-9cbf9f2cc532,2024-06-05 08:04:00,2c7c0b40-21e5-4026-b405-3281a1c094fa,600,37,637
79f94698-9975-4768-9572-f93fb5e0482f,317af3b3-84ba-4923-9e51-e7933277830f,2024-06-05 13:50:00,2c7c0b40-21e5-4026-b405-3281a1c094fa,600,37,637
66756503-76a2-42eb-807f-17b32552905f,09916698-df9d-4be7-a8f4-f7748cbab9a5,2024-06-05 09:57:00,2c7c0b40-21e5-4026-b405-3281a1c094fa,600,37,637
efddfc4d-f14a-43df-9a9a-5b6cad636f59,376ebf34-5cd8-4b7a-8537-66e16f53ed5f,2024-06-05 17:45:00,2c7c0b40-21e5-4026-b405-3281a1c094fa,500,31,531
b957c9d8-5a3a-4670-923d-21dd81b9756b,62a52493-e5ec-476f-9bec-c8f82abd3323,2024-06-05 07:54:00,2c7c0b40-21e5-4026-b405-3281a1c094fa,400,25,425
15699032-061a-402a-8caf-67682078cf96,6e8abc01-d4ee-4a72-8f08-35b45bf67965,2024-06-05 17:39:00,2c7c0b40-21e5-4026-b405-3281a1c094fa,1700,106,1806
9843e17e-e529-41b7-a4dc-d995d584591f,d6051f3b-7116-4f92-bb67-34699dc3ce20,2024-06-05 09:58:00,2c7c0b40-21e5-4026-b405-3281a1c094fa,700,43,743
267e178c-5727-4363-9bc4-db133227181a,3cb4aad5-6d7d-46ad-a18a-5f6b21f48552,2024-06-05 17:45:00,2c7c0b40-21e5-4026-b405-3281a1c094fa,700,43,743
ba349e87-52aa-4ebe-b73a-9f6be351b32c,aad9060e-f28a-4122-9e78-f451247bce13,2024-06-05 13:12:00,2c7c0b40-21e5-4026-b405-3281a1c094fa,1600,100,1700
66f3c6d7-b560-4525-a463-39464352c776,a87e672a-f008-4b22-bb8a-df6f8dec5d3c,2024-06-05 14:17:00,2c7c0b40-21e5-4026-b405-3281a1c094fa,2600,162,2762
e5cd748a-d5d3-4a2d-ace7-04c97cebabff,681cebbd-56fd-4ad3-99b4-726306cbaa73,2024-06-05 08:46:00,2c7c0b40-21e5-4026-b405-3281a1c094fa,400,25,425
3dcc46f0-b81f-452e-adb0-05f772d7e38c,9c02b9e3-3e53-451a-abb0-96f63308bb02,2024-06-05 07:28:00,2c7c0b40-21e5-4026-b405-3281a1c094fa,600,37,637
1eb89eb6-6334-456d-aec1-f5565436cee9,cc5c0c1a-857b-42ec-991b-22ab9d333141,2024-06-05 08:09:00,2c7c0b40-21e5-4026-b405-3281a1c094fa,600,37,637
d5155d65-39b4-4203-a82f-6e9fbb65f94a,ea97db70-9e3b-4bc2-973f-6e3f2be46e5f,2024-06-05 08:02:00,2c7c0b40-21e5-4026-b405-3281a1c094fa,600,37,637
556f6117-a12d-4a87-b21e-3bb59443e869,1cc557ae-f87b-4765-9bc4-0f1dd6f53013,2024-06-05 09:03:00,2c7c0b40-21e5-4026-b405-3281a1c094fa,400,25,425
d716efb4-6d61-4585-aa01-5a119420af27,f91faf5c-1c47-45c9-aad2-29930f300126,2024-06-05 08:30:00,2c7c0b40-21e5-4026-b405-3281a1c094fa,600,37,637
ed6bcde1-4bba-4222-97bc-5387f6ca5aaf,414e72b8-a890-4597-b3f7-d6da0f9d4531,2024-06-05 08:19:00,2c7c0b40-21e5-4026-b405-3281a1c094fa,600,37,637
293b76f2-eaba-4a15-8664-8c61b4eebb6c,e26fafe1-9a63-43ca-b38b-ed5f0ea96f66,2024-06-05 17:30:00,2c7c0b40-21e5-4026-b405-3281a1c094fa,1000,62,1062
03aaf88a-1364-411f-852a-2a5c872a8d28,905a1a14-02a3-4d80-a710-d9769750a63d,2024-06-05 17:09:00,2c7c0b40-21e5-4026-b405-3281a1c094fa,1500,93,1593
d392e0a0-ad3b-4693-9552-30f255f1912c,1313316f-0c13-404e-8197-2bde150a1ddd,2024-06-05 08:33:00,2c7c0b40-21e5-4026-b405-3281a1c094fa,600,37,637
f5f9ea12-b8a6-4ebb-9f47-3cb641821e51,32a8b8e6-453f-4153-b08b-aaeedc146c9d,2024-06-05 15:21:00,2c7c0b40-21e5-4026-b405-3281a1c094fa,1800,112,1912
cc0de37d-f89a-404c-8174-586abbde71ea,de670223-8a3e-4b82-a4d4-b03cc596af73,2024-06-05 08:32:00,2c7c0b40-21e5-4026-b405-3281a1c094fa,400,25,425
01bdff15-dc4b-4e44-b89d-1c1e0d0b5984,319f2657-c818-4212-a934-1bc84152b2d5,2024-06-05 12:00:00,2c7c0b40-21e5-4026-b405-3281a1c094fa,2300,143,2443
1eb8dcdc-8469-4eef-b2af-10bb8fc0abbb,f304ef62-c15a-4a60-ab1c-ad7af392467e,2024-06-05 08:08:00,2c7c0b40-21e5-4026-b405-3281a1c094fa,400,25,425
68761cb3-ea2a-473a-bc6a-63d0e8577624,3cae3cae-a64f-491f-a508-68ff36ecb4af,2024-06-05 07:00:00,2c7c0b40-21e5-4026-b405-3281a1c094fa,600,37,637
1ccc6a5d-7037-4fa7-8660-ac0621cb7fec,b453354b-0417-476e-8175-326090454bc9,2024-06-05 19:32:00,2c7c0b40-21e5-4026-b405-3281a1c094fa,700,43,743
1aab5edc-df1f-4aae-a4de-6521ec0866d5,7dd6c618-4f1f-4481-8212-0ca877effb17,2024-06-05 16:24:00,2c7c0b40-21e5-4026-b405-3281a1c094fa,600,37,637
8f336403-2890-4c69-82c3-40cca3e949eb,96924eb0-a996-4610-ae35-0949499a223a,2024-06-05 07:38:00,2c7c0b40-21e5-4026-b405-3281a1c094fa,600,37,637
5faf71e9-2ad6-425b-abf1-5dc8f46dbcd8,6c98f86b-b539-4054-a6da-a0f41d26ae4b,2024-06-05 10:21:00,2c7c0b40-21e5-4026-b405-3281a1c094fa,500,31,531
90259ad6-fa09-4ee7-8621-7597ab022f23,f6a983d2-5104-41f4-a579-38c173229679,2024-06-05 08:49:00,2c7c0b40-21e5-4026-b405-3281a1c094fa,600,37,637
58ea74e5-ba0e-4b23-88c1-1b364ab12683,2f0ecbb9-4ae8-45d7-8f01-f82126757ca5,2024-06-05 07:57:00,2c7c0b40-21e5-4026-b405-3281a1c094fa,600,37,637
1a9f3c87-157e-42b8-964c-84eb02504072,c85c39b9-0947-488f-be76-628dda406e4c,2024-06-05 13:40:00,2c7c0b40-21e5-4026-b405-3281a1c094fa,1700,106,1806
13466300-784f-4a6c-b606-2c23bd6fcdbe,746e0e2f-a988-4e0c-b475-91c509254f38,2024-06-05 10:26:00,2c7c0b40-21e5-4026-b405-3281a1c094fa,600,37,637
66793f63-24f6-4e74-b45d-f3422b711f70,104b478d-b925-4eb1-b365-ae2354f1fd19,2024-06-05 07:25:00,2c7c0b40-21e5-4026-b405-3281a1c094fa,700,43,743
9291a9e2-dcec-4a0d-afa1-7890ab3f0557,cdea4af0-7c90-48ed-bb8b-411fb9de8b57,2024-06-05 08:00:00,2c7c0b40-21e5-4026-b405-3281a1c094fa,400,25,425
bf29c44e-4af1-4980-8449-f30d6e632fbc,f3e64264-67a2-42fb-878a-17ff2055ab31,2024-06-05 16:50:00,2c7c0b40-21e5-4026-b405-3281a1c094fa,1600,100,1700
dac77da9-cd43-45fc-a808-8a22727ab2ce,aec1cde7-0627-4bec-a528-fe77ca766b5e,2024-06-05 08:38:00,2c7c0b40-21e5-4026-b405-3281a1c094fa,600,37,637
c5df14bd-8db1-4e31-af28-2967a77528fa,465154fc-21ed-456c-9e03-9b71c66094d5,2024-06-05 08:47:00,2c7c0b40-21e5-4026-b405-3281a1c094fa,600,37,637
cea00332-b379-4221-b336-e3e74ee8315d,88d1c02d-6775-4e15-8928-89781add052b,2024-06-05 16:52:00,2c7c0b40-21e5-4026-b405-3281a1c094fa,700,43,743
3e99e952-415c-40d2-8d8b-4d39ad2b56e4,e81bf9e1-6bf3-4f86-9ca7-47469c22b55f,2024-06-05 15:05:00,2c7c0b40-21e5-4026-b405-3281a1c094fa,1100,68,1168
42a8921e-6266-4c66-8297-4992d3388832,efe6ab20-484e-4550-8eba-b6750c0893a3,2024-06-05 13:43:00,2c7c0b40-21e5-4026-b405-3281a1c094fa,900,56,956
6049d819-19a4-4e4d-bf88-3b11a7bf4200,8383f9c7-21ea-4a43-a564-1e5a6482135c,2024-06-05 11:59:00,2c7c0b40-21e5-4026-b405-3281a1c094fa,4200,262,4462
800cb4f3-d094-4125-8c23-5a7ad2985da0,bafdbd24-482a-4926-ad19-d5f2929c3e93,2024-06-05 12:11:00,2c7c0b40-21e5-4026-b405-3281a1c094fa,900,56,956
478b5774-a446-47b0-8655-5f5e59c7a2b1,2647f821-e1c8-44ee-bc24-7b9932bf9766,2024-06-05 09:10:00,2c7c0b40-21e5-4026-b405-3281a1c094fa,600,37,637
2b9a50e0-f499-48cf-97c2-0220af960571,bb7a9f55-4ac3-43cc-bbe9-d1a3c3e8f35e,2024-06-05 15:47:00,2c7c0b40-21e5-4026-b405-3281a1c094fa,2000,125,2125
20141955-9c69-477e-bbfa-f8ed90b4af70,fe4e4be2-2e96-4037-9bdf-28440a160f62,2024-06-05 07:26:00,2c7c0b40-21e5-4026-b405-3281a1c094fa,600,37,637
ea9983da-e301-4668-9951-29e9d5106e08,a6addfaf-a6de-45ac-940f-5d4614f279d0,2024-06-05 08:27:00,2c7c0b40-21e5-4026-b405-3281a1c094fa,500,31,531
7c219d0f-ecb2-4e98-b662-b6d281315970,5f978986-a526-43a2-bdc6-828868d49b61,2024-06-05 07:58:00,2c7c0b40-21e5-4026-b405-3281a1c094fa,500,31,531
f79a7bf8-cdba-4dac-a52a-fc759c658829,6dbbc49a-b5ce-4831-ba60-3b12b6a89fc4,2024-06-05 09:42:00,2c7c0b40-21e5-4026-b405-3281a1c094fa,400,25,425
38eab3a9-bcf7-441d-b304-2630307d2c1d,1230eb6d-8c33-4314-a706-f84212741ea9,2024-06-05 11:03:00,2c7c0b40-21e5-4026-b405-3281a1c094fa,600,37,637
9843553b-102e-4000-a287-d5ebd9ecf8ce,9ad4b773-20f7-4f08-afaa-931d90d8f229,2024-06-05 14:36:00,2c7c0b40-21e5-4026-b405-3281a1c094fa,400,25,425
4ea50f64-4e58-44a3-9d7e-a03917f082a4,377bb6d8-437c-4b34-9c11-7bd0c9bec26a,2024-06-05 14:27:00,2c7c0b40-21e5-4026-b405-3281a1c094fa,600,37,637
d9d31960-7372-4c03-8d6b-ccbed5b03429,d909260f-5040-471a-9c3f-5651fa8c03ed,2024-06-05 07:33:00,2c7c0b40-21e5-4026-b405-3281a1c094fa,600,37,637
cfb5bc11-e20d-4eb8-bc0c-3dd3a34a2e1d,f1098a10-244b-46cb-b192-2ad182a44975,2024-06-05 07:05:00,2c7c0b40-21e5-4026-b405-3281a1c094fa,400,25,425
f4b46551-3e27-48c7-807f-ec6c5f6e9a66,81dc0475-225a-4cd3-bb26-cdfeb86390df,2024-06-05 11:59:00,2c7c0b40-21e5-4026-b405-3281a1c094fa,600,37,637
fe53426b-e4f8-498f-8b70-a8ae293c8978,b394c22a-41af-4bae-a9f3-dda0649b45ed,2024-06-05 07:57:00,2c7c0b40-21e5-4026-b405-3281a1c094fa,400,25,425
def8c6d1-7ecc-4bfc-9185-d0a63108321f,fb1214b1-db3f-4cac-bc2e-6b6d585600fb,2024-06-05 08:00:00,2c7c0b40-21e5-4026-b405-3281a1c094fa,500,31,531
bd278aa5-ed94-47a2-a6d4-31179c6ed2b3,c7bf9141-bdf4-4972-89cc-19b540b7964f,2024-06-05 11:19:00,2c7c0b40-21e5-4026-b405-3281a1c094fa,2200,137,2337
1701ece8-47e6-4d86-ad27-7e4d7987d087,1bcdea75-7acc-492e-a184-a61e51c1cfa5,2024-06-05 07:49:00,2c7c0b40-21e5-4026-b405-3281a1c094fa,600,37,637
72a14532-dbe3-40de-b8f7-9d5a40ebedab,f8919ba3-1c0e-4da5-9408-18923a2ad8fb,2024-06-05 08:39:00,2c7c0b40-21e5-4026-b405-3281a1c094fa,700,43,743
4e7a5198-5a91-4619-ab23-d43703b37b7e,68633904-669b-4fec-a191-293eab108c93,2024-06-05 14:43:00,2c7c0b40-21e5-4026-b405-3281a1c094fa,600,37,637
c505cb34-25bc-47c2-a7b6-7dc4e04c8550,d753ccfa-106f-47a3-8e03-44b0e6831af3,2024-06-05 08:05:00,2c7c0b40-21e5-4026-b405-3281a1c094fa,600,37,637
3fec8406-3e96-4639-bbc7-17077621f9fc,608b62cf-f498-4f33-9528-de6ffb9555c2,2024-06-05 08:22:00,2c7c0b40-21e5-4026-b405-3281a1c094fa,700,43,743
2a7d1481-cb15-406d-9704-b4a63b16536a,769dd9bd-a72a-437f-a07e-076c97c4ac9a,2024-06-05 11:52:00,2c7c0b40-21e5-4026-b405-3281a1c094fa,700,43,743
66fc8cab-687a-4715-a230-a05b5d33fb52,577d9ba4-08b4-443e-a3dc-495bdb97f58e,2024-06-05 12:20:00,2c7c0b40-21e5-4026-b405-3281a1c094fa,1000,62,1062
e2f98d93-642d-4baa-ba59-2a8a86d16841,b8ca5b54-3fa9-4f61-91ce-beeaa92f1424,2024-06-05 08:10:00,2c7c0b40-21e5-4026-b405-3281a1c094fa,500,31,531
8febfdec-806e-4f33-84fb-3db1034bc995,6b2f49e4-56bd-446a-97ee-d3ddd9804d7f,2024-06-05 09:41:00,2c7c0b40-21e5-4026-b405-3281a1c094fa,700,43,743
3a871f87-0e44-4a5c-9df0-eb5cf6f3bfab,7a493345-f39f-41ad-bde0-d580c0b49953,2024-06-05 16:30:00,2c7c0b40-21e5-4026-b405-3281a1c094fa,600,37,637
8701101a-bc92-442c-85bf-e7b3666bcec7,096383e8-fafc-418f-8cdd-a2ec9f44ddd3,2024-06-05 07:42:00,2c7c0b40-21e5-4026-b405-3281a1c094fa,600,37,637
41c64796-e9a1-47f3-a220-adfdc0641131,1e638d4c-0e3c-4850-a12a-8efcb382ae9a,2024-06-05 16:45:00,2c7c0b40-21e5-4026-b405-3281a1c094fa,2000,125,2125
6b778d92-3c52-47eb-92b3-616124bf10e7,b3f8d609-aecf-4d7a-9323-cd10ba08a44a,2024-06-05 11:57:00,2c7c0b40-21e5-4026-b405-3281a1c094fa,1900,118,2018
90e29eec-9687-41a7-b573-1685590832d5,cf1bbe7c-d999-4a2e-bc3a-93bb9e785f1b,2024-06-05 17:01:00,2c7c0b40-21e5-4026-b405-3281a1c094fa,600,37,637
60fd862f-2ba2-46a6-923c-43b382645dc0,4cd24ca3-21c7-43e7-bd3e-65bc863a16d7,2024-06-05 07:51:00,2c7c0b40-21e5-4026-b405-3281a1c094fa,700,43,743
d8e01604-31c0-4911-8b40-cf3fb399af00,9f8ffc8a-afb8-400e-b77e-4f6a8d204645,2024-06-05 13:11:00,2c7c0b40-21e5-4026-b405-3281a1c094fa,2300,143,2443
9ff2f030-b718-4e3a-bb70-84b876982b6d,aae661ad-0411-4b0f-b7fb-6c26c099cfd7,2024-06-05 08:04:00,2c7c0b40-21e5-4026-b405-3281a1c094fa,600,37,637
21bf59ae-5a87-4878-b5f8-f4e27bb3c8e7,dd1f6a5f-288a-4340-bd70-9eab83f83136,2024-06-05 16:01:00,2c7c0b40-21e5-4026-b405-3281a1c094fa,700,43,743
6a302426-7699-40f2-88c4-095e738807c0,8391b449-3f7a-47a8-b81f-292dfdb07b53,2024-06-05 07:51:00,2c7c0b40-21e5-4026-b405-3281a1c094fa,600,37,637
3c9cef1d-3790-40fe-afe6-d53db1e9659d,377718a4-3157-4608-a4af-666080b15524,2024-06-05 16:02:00,2c7c0b40-21e5-4026-b405-3281a1c094fa,900,56,956
7b9d002a-48a8-4f73-99f5-036e7744dada,6a30b004-d1c0-4e76-9339-45a7fe99fc87,2024-06-05 19:07:00,2c7c0b40-21e5-4026-b405-3281a1c094fa,600,37,637
85af02b1-84ba-4cfb-992e-aac7d2d5f630,e87d7dd4-253c-4904-856b-2bc3e4610bbc,2024-06-05 07:52:00,2c7c0b40-21e5-4026-b405-3281a1c094fa,700,43,743
a7fcda05-3717-4194-8d96-645f38791214,0716e8f7-31e6-4605-8c33-c9717eb1828b,2024-06-05 08:01:00,2c7c0b40-21e5-4026-b405-3281a1c094fa,600,37,637
1907f5f7-c494-42a6-9407-a26014d442a9,f5ca275f-bdbe-419a-ac47-5ffc48b1f4fe,2024-06-05 07:22:00,2c7c0b40-21e5-4026-b405-3281a1c094fa,600,37,637
0bff69ab-de33-4a62-bf70-10ac53834221,770ef8a9-2d3e-436a-8d56-15cbb14191f6,2024-06-05 07:58:00,2c7c0b40-21e5-4026-b405-3281a1c094fa,600,37,637
59805a7c-d403-4d59-a6f3-cd7544da8391,9cf15c00-66f8-446b-aa1e-6cfaa15a28cd,2024-06-05 07:37:00,2c7c0b40-21e5-4026-b405-3281a1c094fa,500,31,531
39de4667-476b-4273-90da-f6cf3420af1f,c950e872-765f-41c6-9298-08946b5da33c,2024-06-05 17:27:00,2c7c0b40-21e5-4026-b405-3281a1c094fa,2500,156,2656
4904bc4e-437e-4085-9a1f-8179ee1991cc,0a1537fd-daf7-45b7-9079-4896eebfc105,2024-06-05 07:00:00,2c7c0b40-21e5-4026-b405-3281a1c094fa,600,37,637
de5db2ea-d337-4df3-ae46-f99f06261fc8,d9f23164-9fc0-4804-9b89-c220b8f14417,2024-06-05 13:00:00,2c7c0b40-21e5-4026-b405-3281a1c094fa,1800,112,1912
5b2bfdad-88a6-4bf3-b345-9b9a7946591d,b1fedc8d-d8e8-45ea-9dfb-5b47351591d6,2024-06-05 16:40:00,2c7c0b40-21e5-4026-b405-3281a1c094fa,600,37,637
b9a9c53c-d1cd-439d-ab32-3b2dfc879cda,e3954c8f-706c-4955-aa47-53462acf95f6,2024-06-05 15:44:00,2c7c0b40-21e5-4026-b405-3281a1c094fa,1600,100,1700
f8be67f2-6c8d-47eb-8655-03f7c3b6eac5,7f07fcee-dd67-4eff-8f85-b102c1043eb8,2024-06-05 19:57:00,2c7c0b40-21e5-4026-b405-3281a1c094fa,2000,125,2125
00de83e7-28db-4f6b-8ea0-3b6745b60104,1481f859-7fad-49a6-8222-7de03bebd7ed,2024-06-05 11:04:00,2c7c0b40-21e5-4026-b405-3281a1c094fa,600,37,637
10913446-454c-431b-af6d-8ecff7a9af42,f31a1202-5968-4ef4-9fab-c9c3e9e6d12a,2024-06-05 12:58:00,2c7c0b40-21e5-4026-b405-3281a1c094fa,1200,75,1275
9b7da261-ba66-4ad5-b2a9-8f4a2a32260e,b261ee63-cdf8-409f-a4d5-5a5f5648f8fd,2024-06-05 08:02:00,2c7c0b40-21e5-4026-b405-3281a1c094fa,500,31,531
2dbf267f-e5ac-4d04-92f3-0b34203d103b,17314111-8073-4571-82b0-3cbdaf3672bd,2024-06-05 08:17:00,2c7c0b40-21e5-4026-b405-3281a1c094fa,600,37,637
91990920-fdb1-45cf-b43a-c9d50614272e,949fe8f4-8334-4f81-b38c-40be2a439d7a,2024-06-05 08:01:00,2c7c0b40-21e5-4026-b405-3281a1c094fa,600,37,637
b95c6429-d9de-4448-b9ca-5be3d0504b50,c00da9ba-d5c6-48cc-a9d7-ae2f6b116876,2024-06-05 08:40:00,2c7c0b40-21e5-4026-b405-3281a1c094fa,600,37,637
db47e998-ace7-4c4e-98dc-6864a880eb28,7b07cdef-7550-4398-a827-0f166702558d,2024-06-05 13:18:00,2c7c0b40-21e5-4026-b405-3281a1c094fa,500,31,531
424040d2-3537-4610-8a42-f7a0ff7fcb2c,7815f514-9fba-4b3a-a396-b1c903e2d5ea,2024-06-05 07:00:00,2c7c0b40-21e5-4026-b405-3281a1c094fa,500,31,531
9ebd7f64-a030-47c5-8b58-e89b0ec501bc,cda4a9bc-f8e6-4524-9544-d93d4a610a47,2024-06-05 17:48:00,2c7c0b40-21e5-4026-b405-3281a1c094fa,1800,112,1912
e24535dd-8882-4904-9e90-d2836fd81060,4ceaf012-7044-4c13-9ff6-afb4f9f197eb,2024-06-05 08:32:00,2c7c0b40-21e5-4026-b405-3281a1c094fa,500,31,531
a321664c-aa14-4778-b8dc-cadea227b551,c6618ebe-a7ef-4995-9121-89db4708048f,2024-06-05 18:18:00,2c7c0b40-21e5-4026-b405-3281a1c094fa,1800,112,1912
20824874-00ac-4f6a-9f41-14e8991e41df,85dc0f8e-0185-44ca-ab0f-e81472fd3739,2024-06-05 19:19:00,2c7c0b40-21e5-4026-b405-3281a1c094fa,700,43,743
ffa59136-39b6-4805-89d1-a25b86cd13f2,411bf114-1d91-4d9e-9b2e-2eb1e59d80bb,2024-06-05 07:13:00,2c7c0b40-21e5-4026-b405-3281a1c094fa,400,25,425
abfefad4-972e-4325-ab6e-e8f1cce7fb31,db840a3d-ae8a-4f70-93d0-a7ceb56ce5d4,2024-06-05 17:48:00,2c7c0b40-21e5-4026-b405-3281a1c094fa,600,37,637
8df585e3-2040-46e8-94e9-b72a696dd890,ede97af1-6cfd-49bc-abd6-1dbfd267d239,2024-06-05 17:09:00,2c7c0b40-21e5-4026-b405-3281a1c094fa,500,31,531
86a64771-d7b8-4af6-9768-d0a2fe2efe78,33e4eccb-501b-4aae-89bb-fa7087ab00f6,2024-06-05 11:51:00,2c7c0b40-21e5-4026-b405-3281a1c094fa,1800,112,1912
b92ea9d4-1279-4d80-9465-b95b505f919a,6cb7ea64-a794-4489-aff9-5d771b62259c,2024-06-05 12:12:00,2c7c0b40-21e5-4026-b405-3281a1c094fa,600,37,637
f373daed-21cb-4875-9bd4-e1bdddf72084,14ebae18-4f6a-4859-bfae-b563d9019e99,2024-06-05 17:21:00,2c7c0b40-21e5-4026-b405-3281a1c094fa,700,43,743
30cee82f-b8e6-47e4-b34d-0c3186c36fcc,41ced0f3-bdf3-4470-b30c-bc95aa96f228,2024-06-05 14:39:00,2c7c0b40-21e5-4026-b405-3281a1c094fa,800,50,850
baa79ab8-6303-4780-b0ad-bfc2a3b6bc75,9d117cbc-8206-44fc-a784-1b7e26e69f14,2024-06-05 08:35:00,2c7c0b40-21e5-4026-b405-3281a1c094fa,600,37,637
01edc858-970c-461e-b90e-47fedbb098c0,0187cae0-cd0c-4287-9064-104261c48c9e,2024-06-05 13:05:00,2c7c0b40-21e5-4026-b405-3281a1c094fa,700,43,743
3ad6bc6d-afd3-40cb-92ed-777cec78c0ed,ea21e050-07b9-4cfa-9099-53c33cccabdd,2024-06-05 15:38:00,2c7c0b40-21e5-4026-b405-3281a1c094fa,500,31,531
1c925476-a5ea-4eb3-8643-a1c81c60e675,b3f5f687-ea5c-49d0-9b70-94ceeb7d8e5e,2024-06-05 15:47:00,2c7c0b40-21e5-4026-b405-3281a1c094fa,500,31,531
ddfc1250-33d3-4dfd-aa5f-320414b937d7,51a229f5-9725-4489-b94d-d06f0c9c9103,2024-06-05 17:45:00,2c7c0b40-21e5-4026-b405-3281a1c094fa,800,50,850
72234b68-6969-49c6-8b5d-4d3da52f138d,c38122f1-bf34-4609-86ba-ffd1f95e88a1,2024-06-05 07:53:00,2c7c0b40-21e5-4026-b405-3281a1c094fa,600,37,637
ba04b33c-9130-4a41-8b52-d76407d2d7ea,33403027-f2f6-4d5b-b72a-f9a6bd0f75d6,2024-06-05 13:46:00,2c7c0b40-21e5-4026-b405-3281a1c094fa,1800,112,1912
aa298b41-d27f-4c1c-8274-915713a0d06d,772d8bfa-fdf2-46f4-a3e9-dc480c44c066,2024-06-05 15:37:00,2c7c0b40-21e5-4026-b405-3281a1c094fa,1200,75,1275
7cae429d-cf36-4d05-bdbd-23b914e13b11,b29427fc-5839-43aa-8cce-5fabfae85302,2024-06-05 15:15:00,2c7c0b40-21e5-4026-b405-3281a1c094fa,500,31,531
a8d14d01-0961-4536-8b2f-04d6c2829b23,9fddd59b-8092-44dd-823a-2a10f4a954f3,2024-06-05 08:34:00,2c7c0b40-21e5-4026-b405-3281a1c094fa,400,25,425
eee21d81-fcf2-45bc-8fa7-450ab2c44f06,3d0f7b2e-b6d1-44b5-8756-a848f2eab391,2024-06-05 14:40:00,2c7c0b40-21e5-4026-b405-3281a1c094fa,1900,118,2018
4e82fab0-c9cf-4e59-8584-c2fa60fd3d59,900c8b72-6cf9-41c2-9528-bfd661a2a6c5,2024-06-05 07:00:00,2c7c0b40-21e5-4026-b405-3281a1c094fa,400,25,425
8fc53bce-7526-460d-8ccd-500f4309c017,fd0a14de-47c2-4cc3-a067-321ea46cfacb,2024-06-05 14:04:00,2c7c0b40-21e5-4026-b405-3281a1c094fa,700,43,743
304126a9-f122-490a-ab2c-5c905a585c26,05d37c9d-0780-45ea-9c41-ae74878ca992,2024-06-05 07:31:00,2c7c0b40-21e5-4026-b405-3281a1c094fa,500,31,531
36b20b80-d395-4a24-91cb-572543a9adfc,2d98fe07-303d-43ac-b2c7-b688f0765087,2024-06-05 07:48:00,2c7c0b40-21e5-4026-b405-3281a1c094fa,600,37,637
18cd0f2d-e265-4b87-9eef-529b1021bc42,f75a6b15-5908-4701-be73-63cc159dd363,2024-06-05 09:08:00,2c7c0b40-21e5-4026-b405-3281a1c094fa,500,31,531
c9694eed-a2b4-4264-8f55-f0c6e5482572,8ba73904-d8b0-484e-9571-8f4fb405a99a,2024-06-05 17:39:00,2c7c0b40-21e5-4026-b405-3281a1c094fa,600,37,637
9086f088-5baa-497f-803e-437f3c16a0bb,385c7b34-d076-445b-b8de-834fe6714ef0,2024-06-05 11:47:00,2c7c0b40-21e5-4026-b405-3281a1c094fa,400,25,425
3da749d4-e814-4a03-ace2-4642b443ba73,325d860f-7129-46e3-84fb-ece38a4a511e,2024-06-05 08:53:00,2c7c0b40-21e5-4026-b405-3281a1c094fa,500,31,531
c251a2e9-64f6-4ff6-a8d7-b692ecd7edf4,185f50fa-1880-4d33-bffb-0229c00021e1,2024-06-05 08:00:00,2c7c0b40-21e5-4026-b405-3281a1c094fa,500,31,531
de16b391-f570-4470-89ff-ba4523bca290,70de3474-e117-42f3-8d50-5371e1acae17,2024-06-05 12:50:00,2c7c0b40-21e5-4026-b405-3281a1c094fa,600,37,637
a54bd036-ad62-4ede-8a8d-60aa27420d95,b20bae30-2c82-4e03-ae3e-c6a9238fa0a2,2024-06-05 08:15:00,2c7c0b40-21e5-4026-b405-3281a1c094fa,500,31,531
6182b71f-948b-48b4-ad84-309b7ce770c8,0b1434d8-87fe-40c9-9029-702c51ba0dc8,2024-06-05 18:08:00,2c7c0b40-21e5-4026-b405-3281a1c094fa,500,31,531
98778c00-c448-4bc9-8c9d-0e97ec65d2de,4e548ed3-d902-4eca-a51d-cde7de665144,2024-06-05 14:35:00,2c7c0b40-21e5-4026-b405-3281a1c094fa,2100,131,2231
7b8d6d0b-9b79-4e39-b500-2d57f4713f96,77679713-afd0-4b0c-84b3-755462888e28,2024-06-05 12:49:00,2c7c0b40-21e5-4026-b405-3281a1c094fa,400,25,425
4ecb0c3b-2acb-4f9d-b627-c580a5fd58e5,54cf7510-06ec-4749-8608-47e47e4bae7e,2024-06-05 16:01:00,2c7c0b40-21e5-4026-b405-3281a1c094fa,600,37,637
6729f1a7-6488-46db-bef3-8580e3a8f6fd,8bdfd5f7-e6c8-4213-90f8-290340275705,2024-06-05 07:51:00,2c7c0b40-21e5-4026-b405-3281a1c094fa,600,37,637
a34ba39d-ab43-495d-933f-cb604a0cab6d,4930bc83-623f-498d-9657-e6946df34670,2024-06-05 08:10:00,2c7c0b40-21e5-4026-b405-3281a1c094fa,700,43,743
4724e07f-1f72-43aa-85b2-12fb5e552e25,ff0e6672-f5c3-49c3-8641-640328bd5e32,2024-06-05 07:13:00,2c7c0b40-21e5-4026-b405-3281a1c094fa,700,43,743
6bae662c-6158-465d-bdaf-1af6e79ad4f0,eb7f58bc-0664-4ace-ae93-92e55562d42c,2024-06-05 10:32:00,2c7c0b40-21e5-4026-b405-3281a1c094fa,600,37,637
8c31b95e-65f5-46c2-add3-8e107fc80201,2126e90c-f785-447f-8084-2c01f266f801,2024-06-05 11:56:00,2c7c0b40-21e5-4026-b405-3281a1c094fa,700,43,743
5ee496f6-7683-41e3-9600-ad547d603cc4,4ed02205-22bb-4bfd-896c-d175d6567c62,2024-06-05 15:07:00,2c7c0b40-21e5-4026-b405-3281a1c094fa,700,43,743
d8e27375-aea9-46bc-a584-35a964c894e8,86ce2bfe-cfd3-43d7-bf73-302839416a8f,2024-06-05 08:17:00,2c7c0b40-21e5-4026-b405-3281a1c094fa,400,25,425
a415e194-5180-441f-8d33-c8aa984706f1,4166ac83-e288-40a4-a9b4-e991ecb409e1,2024-06-05 14:43:00,2c7c0b40-21e5-4026-b405-3281a1c094fa,700,43,743
9bccc607-2190-41d9-9226-a781d5a40696,d3a2e187-0d5f-4c0d-889d-aab3ff2fd8ba,2024-06-05 08:01:00,2c7c0b40-21e5-4026-b405-3281a1c094fa,700,43,743
f01cf8c5-77f3-4481-843d-bb5c7f1112ca,9f15e740-2f82-40a0-be8d-3d0d64c9dd5c,2024-06-05 10:44:00,2c7c0b40-21e5-4026-b405-3281a1c094fa,1500,93,1593
0afe2c9f-1029-4494-9248-cbb62cc363da,669e7a05-fd01-45bb-8275-04e6656af5a3,2024-06-05 07:52:00,2c7c0b40-21e5-4026-b405-3281a1c094fa,3100,193,3293
0f364ac6-892f-4691-a6c3-2142a1e5e9fa,7e704409-e995-4e26-8eae-5d89eeb90107,2024-06-05 13:22:00,2c7c0b40-21e5-4026-b405-3281a1c094fa,600,37,637
590e4848-d80a-4d9b-8356-5362288f54f5,80dfe5a9-a827-4d90-82d0-89f2e2f8c5be,2024-06-05 10:07:00,2c7c0b40-21e5-4026-b405-3281a1c094fa,900,56,956
9ef8fc9b-2d96-40a4-8c62-8f3dba10eb25,b8e42ee1-c094-4f0b-af09-b9952db3e2d9,2024-06-05 11:41:00,2c7c0b40-21e5-4026-b405-3281a1c094fa,600,37,637
80d4787f-115c-4ab0-b80e-e88a177decd8,2aebbf7f-b775-4c03-9a7c-83deebadf4c0,2024-06-05 08:22:00,2c7c0b40-21e5-4026-b405-3281a1c094fa,700,43,743
c4ae41af-1744-40e1-8197-4c8549a0727e,6c89e693-e895-44dc-b33d-28f79f7c619b,2024-06-05 08:25:00,2c7c0b40-21e5-4026-b405-3281a1c094fa,700,43,743
fd9a6500-aacd-49f1-961f-89d1119f8f93,32e90055-dc31-432b-8858-e6a60f312009,2024-06-05 17:01:00,2c7c0b40-21e5-4026-b405-3281a1c094fa,600,37,637
619acc5d-5ba3-46a9-9207-b1f48cbbb22c,7819dde7-1b51-4fa3-8f8a-05d4753ded13,2024-06-05 07:47:00,2c7c0b40-21e5-4026-b405-3281a1c094fa,500,31,531
96f4ca18-449d-4e1c-b0fc-92ed9f97718f,30a2f263-f55c-4b89-83d1-c19eee532a38,2024-06-05 08:15:00,2c7c0b40-21e5-4026-b405-3281a1c094fa,600,37,637
dbb12c73-1bcf-4b46-9eb8-7288bf8d2c6c,2c23560c-f644-4386-bfbe-a9743f443c42,2024-06-05 07:37:00,2c7c0b40-21e5-4026-b405-3281a1c094fa,600,37,637
c7b326bb-e384-44fe-b61c-b2a748a037ed,017ee500-8ec5-4a50-b74c-95520f0a8958,2024-06-05 15:06:00,2c7c0b40-21e5-4026-b405-3281a1c094fa,1800,112,1912
8b23809e-d8df-4bd0-be09-45e7ff2f59bf,c55efd1e-8a85-45c7-9e8c-443b817ddda8,2024-06-05 15:58:00,2c7c0b40-21e5-4026-b405-3281a1c094fa,600,37,637
cdbf687c-7d88-4835-a972-dcf66edbf20e,99f8915a-b1ec-40a3-ae24-14f3dd694d12,2024-06-05 08:23:00,2c7c0b40-21e5-4026-b405-3281a1c094fa,600,37,637
37327b69-99f7-4ade-8394-15db3de41164,92b731d0-8f4e-4454-927b-c08037930a62,2024-06-05 11:25:00,2c7c0b40-21e5-4026-b405-3281a1c094fa,1800,112,1912
47e6fe7f-f63f-400a-a6fc-febaa2f45d34,268ffc49-8df7-491e-a596-028aa31492ef,2024-06-05 07:51:00,2c7c0b40-21e5-4026-b405-3281a1c094fa,400,25,425
1dbb4447-86d6-4229-b966-d5ed28c70b74,31f31b8a-1ee1-4be0-8d9d-246512c978f5,2024-06-05 11:34:00,2c7c0b40-21e5-4026-b405-3281a1c094fa,700,43,743
849c343b-a0f2-42e7-82a9-6ad82fadb2b1,a2bf5af8-fc65-4552-84a0-265009d977a5,2024-06-05 17:02:00,2c7c0b40-21e5-4026-b405-3281a1c094fa,900,56,956
6ba4ccf4-8cbb-4dc8-943f-1d4a3f97a545,0f5163de-14a7-4833-a294-13d3aae250f3,2024-06-05 07:00:00,2c7c0b40-21e5-4026-b405-3281a1c094fa,700,43,743
cf4cdc9c-dfd2-4efc-a33f-df99c0e7f3ba,539ad641-1092-4ba1-aca8-56e07c8ea39f,2024-06-05 11:12:00,2c7c0b40-21e5-4026-b405-3281a1c094fa,2600,162,2762
ddfdb3df-2457-4e56-913c-8078a0bc92ef,2228ab7c-91a4-4cac-bebb-8e8f096524b0,2024-06-05 07:36:00,2c7c0b40-21e5-4026-b405-3281a1c094fa,700,43,743
fcd111d7-d2be-4850-baa7-2e3ff6da8d80,8e784b74-ab3c-4e1d-ac1d-668719158894,2024-06-05 08:00:00,2c7c0b40-21e5-4026-b405-3281a1c094fa,400,25,425
0c6eb7f4-ed79-4449-9dd3-015f3ed844a2,151f36a5-f3cb-4188-b34c-1964b4fcebbe,2024-06-05 18:02:00,2c7c0b40-21e5-4026-b405-3281a1c094fa,1900,118,2018
060839f9-a148-45c5-a72e-16097caaaee7,f2ed3dee-af64-4cc3-abb6-22d3764641b7,2024-06-05 08:06:00,2c7c0b40-21e5-4026-b405-3281a1c094fa,500,31,531
49d9b335-da50-4a36-96f8-7b19b384adc6,d8051266-420e-48a9-b0e7-e23cef1ec950,2024-06-05 16:09:00,2c7c0b40-21e5-4026-b405-3281a1c094fa,2000,125,2125
6995cb86-b8d9-4166-bd44-a393cfc041b4,c77b07ea-c37e-41a3-95f1-813c1f7879db,2024-06-05 08:27:00,2c7c0b40-21e5-4026-b405-3281a1c094fa,400,25,425
fc431ee7-5f0b-4551-9251-960ca65fedf6,54d15939-3a71-4f58-a3f2-0b4f89d3bb64,2024-06-05 16:36:00,2c7c0b40-21e5-4026-b405-3281a1c094fa,1900,118,2018
21a8424a-49eb-494d-9302-ed41bb7ed48b,27ed9719-c79b-40e1-8104-2725a63c045d,2024-06-05 07:07:00,2c7c0b40-21e5-4026-b405-3281a1c094fa,600,37,637
c9b6455b-9545-4016-bfb7-1f0f5adeff42,3e5b15ad-2b58-4454-bd44-3bef2aee95bb,2024-06-05 11:22:00,2c7c0b40-21e5-4026-b405-3281a1c094fa,400,25,425
5f7a7d44-7f63-412f-a5f9-62c9527d0d01,198d803b-ea1a-4a2f-8e03-df5350c8f196,2024-06-05 15:36:00,2c7c0b40-21e5-4026-b405-3281a1c094fa,700,43,743
cac78938-739f-4050-80a2-931b41e22ffe,f4077df6-3f65-49a0-8b0a-6832b2d150f1,2024-06-05 07:56:00,2c7c0b40-21e5-4026-b405-3281a1c094fa,600,37,637
decd3d5b-551e-4fb5-8108-93f236a194dd,0e0470a9-b5e2-4230-82fe-65e5ca22fb62,2024-06-05 14:43:00,2c7c0b40-21e5-4026-b405-3281a1c094fa,500,31,531
fdd99773-5024-4038-b4b1-97fd00a24571,7ccf52c5-9a61-4cdd-b066-1861d44d7118,2024-06-05 13:15:00,2c7c0b40-21e5-4026-b405-3281a1c094fa,500,31,531
7d980cc4-eb38-4730-a7fd-ff4f328639ed,2c03dde5-9104-4078-95cc-262c4d4e306c,2024-06-05 14:26:00,2c7c0b40-21e5-4026-b405-3281a1c094fa,1700,106,1806
d69618ee-4b8c-4036-b8c0-79beef4379aa,ac4afb8d-0558-4ead-8f52-e442e2dd4924,2024-06-05 07:43:00,2c7c0b40-21e5-4026-b405-3281a1c094fa,500,31,531
f647a941-b26b-43c4-90c1-c67f2bad624d,877008e3-94f7-4843-a311-34a98d98fade,2024-06-05 13:42:00,2c7c0b40-21e5-4026-b405-3281a1c094fa,2000,125,2125
dbbca77d-79e9-4333-b4a3-124dd0a93f82,3751b71a-1197-4375-b25c-da8de1782910,2024-06-05 11:06:00,2c7c0b40-21e5-4026-b405-3281a1c094fa,1700,106,1806
e879ae0c-ad79-4fab-b669-8a6ac1364baa,01eafdd9-7ae4-4fc1-81eb-f1b2360d17f6,2024-06-05 16:50:00,2c7c0b40-21e5-4026-b405-3281a1c094fa,1600,100,1700
a849ba63-14e2-48c0-b99c-7310cfad98ab,36439b4b-c7f8-4010-8000-f370ee29e661,2024-06-05 15:36:00,2c7c0b40-21e5-4026-b405-3281a1c094fa,600,37,637
e95c4771-6814-4349-9833-4cb1ac2a008a,b9d253c1-b0be-4045-ad56-78846256bc9b,2024-06-05 07:32:00,2c7c0b40-21e5-4026-b405-3281a1c094fa,600,37,637
d63b0115-1495-4894-99c4-796bad23faea,a199f995-f93f-450a-9dd2-4747e733f032,2024-06-05 08:45:00,2c7c0b40-21e5-4026-b405-3281a1c094fa,600,37,637
aae9ba62-9cfe-413f-b5c2-a73e7afc4069,6aa2e9f4-298e-4a00-ae30-40341edc970b,2024-06-05 15:35:00,2c7c0b40-21e5-4026-b405-3281a1c094fa,1500,93,1593
c43b0d80-d223-4725-b2f6-c09776a28ece,9e954843-2542-4dcb-b42b-15afeb6f54b1,2024-06-05 18:13:00,2c7c0b40-21e5-4026-b405-3281a1c094fa,1900,118,2018
321cdc08-5863-4c20-880e-ad4a3d07ba06,cf2d6243-d331-4c68-ae61-784a22223470,2024-06-05 11:21:00,2c7c0b40-21e5-4026-b405-3281a1c094fa,500,31,531
4cc03a35-f9ff-4e41-aed6-942e6bab7eb9,6a70bb64-0e00-43ef-9d71-59e6ff9d605f,2024-06-05 07:30:00,2c7c0b40-21e5-4026-b405-3281a1c094fa,400,25,425
a41f8f2f-1471-43a1-8cdd-e042da1de623,e3194d11-8cfa-45a1-bf58-318f63ed3179,2024-06-05 08:29:00,2c7c0b40-21e5-4026-b405-3281a1c094fa,400,25,425
8514fe98-967e-4b42-a749-7eaa03483c69,c75de8fa-cf9b-43b7-b3e5-f64a81426a44,2024-06-05 16:56:00,2c7c0b40-21e5-4026-b405-3281a1c094fa,1700,106,1806
65c14b05-3cd0-476a-b606-c79c0c0a3cf3,f558905d-ff4a-41c3-9033-b5c2e2a25d25,2024-06-05 14:58:00,2c7c0b40-21e5-4026-b405-3281a1c094fa,600,37,637
6047615f-a0bc-49e0-8cf9-8454357c0069,0b4e3ffe-f5f7-4114-b024-c6db96ded07c,2024-06-05 07:57:00,2c7c0b40-21e5-4026-b405-3281a1c094fa,600,37,637
7a07051c-0648-4d44-9e66-d41fdfda7f88,fcf524b5-1c15-4765-bd62-40fd2d094003,2024-06-05 11:43:00,2c7c0b40-21e5-4026-b405-3281a1c094fa,0,0,0
b8cd3e58-c7f7-445f-97b9-823d62ce1467,125ad5f0-4a79-4f14-b3a4-47a0d92e2f72,2024-06-05 11:33:00,2c7c0b40-21e5-4026-b405-3281a1c094fa,600,37,637
c7c729ec-fcae-44d7-a6d4-1a8322ce3337,04f0e58e-9310-4613-9620-9d86a9aac81e,2024-06-05 07:13:00,2c7c0b40-21e5-4026-b405-3281a1c094fa,700,43,743
cebb7db1-437d-4bbf-8651-f36a323b18a4,f108b09a-f3b1-4d80-b3d3-0610542982ea,2024-06-05 08:07:00,2c7c0b40-21e5-4026-b405-3281a1c094fa,500,31,531
5b312ecb-efe9-4c69-a507-125933ca4a14,1d4f1fe4-7afc-4f0f-b019-c1e2b9c4d001,2024-06-05 08:13:00,2c7c0b40-21e5-4026-b405-3281a1c094fa,400,25,425
ea1261d4-8670-4694-b7b4-339cacd487f3,5ee74f0a-6394-489c-9731-e60841833a9f,2024-06-05 08:35:00,2c7c0b40-21e5-4026-b405-3281a1c094fa,800,50,850
aecff8d5-ef9a-4cae-9a7c-dd5061a24527,2b0dd3ef-74b8-4b6a-bd42-b747870fbd42,2024-06-05 07:41:00,2c7c0b40-21e5-4026-b405-3281a1c094fa,600,37,637
f99f85e1-2959-4c21-a96d-d9dcf9182857,73e150b4-e63b-40f5-8b1e-e3b0017300f7,2024-06-05 14:25:00,2c7c0b40-21e5-4026-b405-3281a1c094fa,600,37,637
b7f2467c-56eb-4688-8b1a-60f9e9af6b90,46b591a6-100d-4561-ab0e-fc8d82150821,2024-06-05 13:57:00,2c7c0b40-21e5-4026-b405-3281a1c094fa,600,37,637
b4194d02-e7df-468d-b76f-afcc8baff761,e514ebbf-5c53-4da6-a747-46f269467d0a,2024-06-05 16:02:00,2c7c0b40-21e5-4026-b405-3281a1c094fa,400,25,425
5a2f23d7-3864-4a50-ac90-d5778cf37578,f58ade35-beb2-412f-a459-0684fedf4d28,2024-06-05 08:11:00,2c7c0b40-21e5-4026-b405-3281a1c094fa,700,43,743
14a989f2-78cc-436a-8296-9de60a45adeb,e9ed64ae-e9bc-49a1-956f-fb7c07e2f289,2024-06-05 07:08:00,2c7c0b40-21e5-4026-b405-3281a1c094fa,500,31,531
bf41287c-3b91-4d77-87a6-4fee375f841c,0dbb4c55-b011-4c87-a456-6bb698852d78,2024-06-05 16:07:00,2c7c0b40-21e5-4026-b405-3281a1c094fa,500,31,531
70ca4a12-9f26-4873-8f4e-4cd8f50840c5,58e99619-de64-48c0-adb0-1c722e1a8c04,2024-06-05 12:47:00,2c7c0b40-21e5-4026-b405-3281a1c094fa,600,37,637
3efc46d0-7a63-443f-a8bb-8cee24b3ab5e,ad406609-038c-4d8f-908b-29eb83eddb40,2024-06-05 08:45:00,2c7c0b40-21e5-4026-b405-3281a1c094fa,500,31,531
3a3b2da3-8688-486a-948d-0361522d6121,74c597ea-d195-4bd1-aa04-e427bec2fa17,2024-06-05 08:43:00,2c7c0b40-21e5-4026-b405-3281a1c094fa,600,37,637
3df1c347-5854-4b73-ab7c-f6ea8940a66a,4cce8105-937e-47f6-a79a-245b6422e04f,2024-06-05 07:33:00,2c7c0b40-21e5-4026-b405-3281a1c094fa,500,31,531
c45de02e-922f-4f74-aa51-95f00cc71b41,2ff62908-2a68-4369-9d9c-86aa573ca4f2,2024-06-05 13:36:00,2c7c0b40-21e5-4026-b405-3281a1c094fa,400,25,425
121869a6-cb13-44d3-8b2c-19de25ded78b,54505263-9477-4b44-99d7-c3c1cb5b9ae8,2024-06-05 13:08:00,2c7c0b40-21e5-4026-b405-3281a1c094fa,3600,225,3825
95c8e1ec-52f9-401a-9367-30469694f3dc,d88640a1-b1be-4103-b8e4-b43117d8244c,2024-06-05 09:21:00,2c7c0b40-21e5-4026-b405-3281a1c094fa,700,43,743
936e862f-7fcd-4082-bf46-599476b975b1,f09b7477-29b1-4d00-800b-d12d278ac830,2024-06-05 16:39:00,2c7c0b40-21e5-4026-b405-3281a1c094fa,500,31,531
4ba28bb4-0746-4f28-b36f-50ca19980bf2,81dca010-b6fe-4115-8078-94b46cb99c1a,2024-06-05 13:10:00,2c7c0b40-21e5-4026-b405-3281a1c094fa,1300,81,1381
b398b782-de50-46a9-b8f4-3d2f6de48df2,80e1531e-0b86-460a-84d1-e56dedaabaa2,2024-06-05 17:25:00,2c7c0b40-21e5-4026-b405-3281a1c094fa,400,25,425
60e619a0-c1aa-4a16-bf92-3fc2e4da43d5,fd31aa05-c88c-426d-9cd4-1bb676a9aab0,2024-06-05 09:49:00,2c7c0b40-21e5-4026-b405-3281a1c094fa,700,43,743
009d9a33-3ab4-4f01-9375-0249d7415b90,290a6471-6527-42db-8a85-6452a351b89d,2024-06-05 08:15:00,2c7c0b40-21e5-4026-b405-3281a1c094fa,500,31,531
56287f25-7b83-4039-b5dd-89de1af58670,f89fcee5-0944-4ab1-b8f9-7b894803324b,2024-06-05 13:03:00,2c7c0b40-21e5-4026-b405-3281a1c094fa,600,37,637
ef3f11c4-b52d-4f51-ba3b-05b0c7472435,32a7e957-1f4f-4b39-8809-e6b90a909480,2024-06-05 15:47:00,2c7c0b40-21e5-4026-b405-3281a1c094fa,1700,106,1806
04d32f0e-411c-49a0-8414-cf3b0f6a9a67,5ce71596-3a6b-4485-b3e0-f1ea2226a655,2024-06-05 15:28:00,2c7c0b40-21e5-4026-b405-3281a1c094fa,600,37,637
55642464-a1c7-44f4-85ba-134a094fd69b,0ddc410e-f67a-4ea5-8b59-8efea281727e,2024-06-05 08:15:00,2c7c0b40-21e5-4026-b405-3281a1c094fa,600,37,637
7b0d9a73-0564-49fa-8086-8db3388a63cc,09a6f48f-08f7-4722-876e-34a69cd5afe0,2024-06-05 08:49:00,2c7c0b40-21e5-4026-b405-3281a1c094fa,600,37,637
73efe83c-fbf4-4ea1-8466-84d47a3ac843,da04cf5e-9160-4b55-b29b-bac89e3efdef,2024-06-05 18:17:00,2c7c0b40-21e5-4026-b405-3281a1c094fa,500,31,531
8e93f6fb-079c-4ef6-8f1b-8bfaba6811e1,61221960-ce6c-49aa-9007-6deaee1fe79c,2024-06-05 08:08:00,2c7c0b40-21e5-4026-b405-3281a1c094fa,500,31,531
8e9c1090-d51f-4a5d-b962-970509b05c86,fa87813c-8642-4647-819a-d45cdf464ec7,2024-06-05 17:45:00,2c7c0b40-21e5-4026-b405-3281a1c094fa,600,37,637
437ddf11-bb33-45d1-b62c-0f9655de8d0c,95f8367b-c25a-481d-920e-5020e5aa6357,2024-06-05 15:31:00,2c7c0b40-21e5-4026-b405-3281a1c094fa,700,43,743
6b33894f-bcdd-4a74-b1e4-7973f1d9ffa9,e4f06dfc-7b35-4388-8282-b5649cafa195,2024-06-05 16:41:00,2c7c0b40-21e5-4026-b405-3281a1c094fa,500,31,531
2b0f60bf-4d62-4bbb-a015-dc28213eceb3,9258bdcd-9fa0-41f5-9ea0-8fa72ab25157,2024-06-05 07:55:00,2c7c0b40-21e5-4026-b405-3281a1c094fa,500,31,531
9fde582c-34ee-4283-81e6-d1cd762b4979,183fa501-3888-47e3-a4ed-901c09ef0c11,2024-06-05 12:18:00,2c7c0b40-21e5-4026-b405-3281a1c094fa,4100,256,4356
7c38edd4-7e4e-445c-9b4c-e28c9c555943,fa75a7cf-2ade-467f-9125-602e50dd7cda,2024-06-05 13:34:00,2c7c0b40-21e5-4026-b405-3281a1c094fa,500,31,531
75dc5e36-dee7-4fa3-812e-1cc09d58b90b,fa86383d-5c05-4a18-b6eb-6f97cf794762,2024-06-05 08:00:00,2c7c0b40-21e5-4026-b405-3281a1c094fa,700,43,743
8f868390-99eb-44e4-bbc0-079cd4b2c0b3,ed2302d8-540f-40f6-b8ba-1a50086e909b,2024-06-05 13:15:00,2c7c0b40-21e5-4026-b405-3281a1c094fa,1800,112,1912
f0a365b2-bd21-4fd1-9ee4-a6aca04b9dac,225cedf2-e2bb-48d4-9737-4b90a89aa988,2024-06-05 12:37:00,2c7c0b40-21e5-4026-b405-3281a1c094fa,500,31,531
bbbbecc4-4df7-4870-a509-5b23c0aa93a6,a8dd9b84-ec8e-4a39-b972-077d70029935,2024-06-05 17:06:00,2c7c0b40-21e5-4026-b405-3281a1c094fa,600,37,637
840d023c-627d-49b3-a3ed-b6b3e3e93527,af3dc3c6-d7d9-4803-90d7-b55e79b22d76,2024-06-05 08:34:00,2c7c0b40-21e5-4026-b405-3281a1c094fa,600,37,637
01a9d7e0-9b77-4549-a726-d528521c9d9d,84de3748-fd9b-41aa-b434-1b4d8c45b7f8,2024-06-05 09:52:00,2c7c0b40-21e5-4026-b405-3281a1c094fa,1300,81,1381
33185b9a-cc74-4e06-ab76-30ad1ef40826,7187df43-a9cd-4d7d-9c30-f9bd4c359acd,2024-06-05 08:04:00,2c7c0b40-21e5-4026-b405-3281a1c094fa,400,25,425
0f1e477e-941e-4ed2-a731-4ac4672444e1,341cc826-b57e-4bbd-8201-efedaf4c92d1,2024-06-05 09:00:00,2c7c0b40-21e5-4026-b405-3281a1c094fa,1800,112,1912
4801ee13-58ae-4468-8da5-1326ab4e9b80,5ad9d2fc-7fb9-404c-a18e-7ef4de86de05,2024-06-05 14:40:00,2c7c0b40-21e5-4026-b405-3281a1c094fa,500,31,531
119ad861-d7ae-422e-868e-f88811cf471d,d9e29bad-fb1a-4823-b64a-387f3730d778,2024-06-05 08:39:00,2c7c0b40-21e5-4026-b405-3281a1c094fa,600,37,637
a044e7f1-7d0e-4cfc-90d2-eeb9052596b6,5d20b1af-4da2-4c21-9162-be96e4a17e16,2024-06-05 15:56:00,2c7c0b40-21e5-4026-b405-3281a1c094fa,700,43,743
bc9ee85c-a84d-4492-b5d9-c48456f97535,1edc0be5-374b-4971-b3e7-22d6827cc5af,2024-06-05 15:36:00,2c7c0b40-21e5-4026-b405-3281a1c094fa,1800,112,1912
a529dd37-9308-43e0-8139-8d9f677b65d3,cb8bd320-aaf1-407a-97f2-0810af6121c8,2024-06-05 13:34:00,2c7c0b40-21e5-4026-b405-3281a1c094fa,400,25,425
3f3dd3f1-9609-49fc-b198-e0f12cd3f469,5d522def-3044-4408-8540-042f8cff562b,2024-06-05 15:07:00,2c7c0b40-21e5-4026-b405-3281a1c094fa,1700,106,1806
71187759-95f5-4e3e-a570-a30028c78a70,37cde76d-d177-41a0-bb0b-6c40df3f37b1,2024-06-05 08:30:00,2c7c0b40-21e5-4026-b405-3281a1c094fa,400,25,425
aea22877-942a-4c9c-95c6-aada2552368a,90b91ce7-46e2-4b12-baa8-2cdfa15656ea,2024-06-05 08:24:00,2c7c0b40-21e5-4026-b405-3281a1c094fa,600,37,637
23e9d8f9-b469-4d2c-b5c2-b2589f70d2a9,fadca7a4-2277-45c8-88aa-ee9f34bf341f,2024-06-05 10:22:00,2c7c0b40-21e5-4026-b405-3281a1c094fa,1800,112,1912
9a1d2b6f-dfec-48b9-bf9e-439cdee02b8f,04f23052-0975-4fc5-b516-b502a44254eb,2024-06-05 10:44:00,2c7c0b40-21e5-4026-b405-3281a1c094fa,600,37,637
63fe2c2b-f907-4462-884a-bbeb01b7e667,6580d0a6-b610-43c9-98b4-0b3a4d35181f,2024-06-05 08:27:00,2c7c0b40-21e5-4026-b405-3281a1c094fa,600,37,637
9fe17a67-ec87-4fbc-b2cf-63829c14bb3a,ea7f3c07-7866-45ed-9af2-75c96025c924,2024-06-05 18:41:00,2c7c0b40-21e5-4026-b405-3281a1c094fa,1500,93,1593
c685cdf8-68b8-4267-918d-29390ff4b74b,3b910127-b73e-48af-add0-951120f9c1c7,2024-06-05 17:31:00,2c7c0b40-21e5-4026-b405-3281a1c094fa,600,37,637
2424728d-dd38-432f-8fe5-d8ba7c0ed764,8b7c60db-4f5b-40d2-ac84-2a4e24196bd3,2024-06-05 08:05:00,2c7c0b40-21e5-4026-b405-3281a1c094fa,400,25,425
c82fe7f6-fc71-428a-bbc6-632534c2b35a,f09f4350-ea88-425f-a370-f9f2b06c63ac,2024-06-05 11:45:00,2c7c0b40-21e5-4026-b405-3281a1c094fa,700,43,743
079b4cd8-2af0-4fcd-bae5-1db3a2f09738,d9f56e87-a63f-42db-a715-ecfd7c776e6c,2024-06-05 08:34:00,2c7c0b40-21e5-4026-b405-3281a1c094fa,500,31,531
c065e73c-1a6f-4311-ba3e-a7667379c1a2,914a31cb-ac05-4d33-84c3-8ba56558f6fb,2024-06-05 09:01:00,2c7c0b40-21e5-4026-b405-3281a1c094fa,400,25,425
0b0ff171-9f82-44dd-b448-0d41f464d975,5ae067ce-c89b-429a-bfd8-835bd4f6c745,2024-06-05 12:02:00,2c7c0b40-21e5-4026-b405-3281a1c094fa,600,37,637
a033f847-2c5f-4f94-9c12-1dd2eca31f42,6bb09c4b-0695-44ea-abd7-b1f9ea506814,2024-06-05 10:36:00,2c7c0b40-21e5-4026-b405-3281a1c094fa,700,43,743
e65eb960-273b-4fdb-8738-35650e2c7f03,13762769-d697-4b42-a879-4f97cf15f390,2024-06-05 12:19:00,2c7c0b40-21e5-4026-b405-3281a1c094fa,0,0,0
9755e53f-597b-428b-83e6-aa7457acd447,73351b1f-87c4-4ec1-a2d3-0c7034a48f70,2024-06-05 14:11:00,2c7c0b40-21e5-4026-b405-3281a1c094fa,1300,81,1381
112ff53c-f99c-4e74-8cbd-62fa2b47d63b,3fd3b778-820c-446d-9461-9dfda90aa25e,2024-06-05 07:00:00,2c7c0b40-21e5-4026-b405-3281a1c094fa,600,37,637
0436f448-6bfc-4a45-900e-5e0e34f79b46,42e5a617-ec38-425c-aec8-2dc4ef5a53d7,2024-06-05 18:07:00,2c7c0b40-21e5-4026-b405-3281a1c094fa,1800,112,1912
ee8376d6-6b98-4514-a093-7e76586c61e6,163f378a-a94c-4a9c-b6f0-53730585540a,2024-06-05 10:45:00,2c7c0b40-21e5-4026-b405-3281a1c094fa,700,43,743
6fe288d6-19ea-488e-9697-8a79fecb7f1c,d80e2256-edee-4660-8e37-21cb670389f5,2024-06-05 17:49:00,2c7c0b40-21e5-4026-b405-3281a1c094fa,500,31,531
4b5db850-8f24-47c6-bfbd-0ee1d46a232f,6d71309e-800a-463c-80cc-de411ebe5c20,2024-06-05 14:38:00,2c7c0b40-21e5-4026-b405-3281a1c094fa,1900,118,2018
1d30e449-d669-4af5-9551-052bc78b9f1b,a2a067a7-47b7-4c15-a37f-f29551998f16,2024-06-05 10:08:00,2c7c0b40-21e5-4026-b405-3281a1c094fa,400,25,425
bf78e93f-5d4f-450e-9d4f-4de623616118,57bc2478-af54-4b82-b035-3989f131d138,2024-06-05 15:43:00,2c7c0b40-21e5-4026-b405-3281a1c094fa,700,43,743
bdbc6267-8825-4f7b-92d5-cdc6f87a83ab,6a4c7390-cd12-4f21-867f-1fd27ed0529f,2024-06-05 15:23:00,2c7c0b40-21e5-4026-b405-3281a1c094fa,1700,106,1806
15d923bd-e690-41d3-bb9d-c51d14c628e2,1c5fdca0-fa37-49a3-85ee-3614527dbf89,2024-06-05 12:18:00,2c7c0b40-21e5-4026-b405-3281a1c094fa,400,25,425
f32825d1-98f9-437f-bc64-75bc134f90a9,d689cb26-458f-402b-aa4a-aae632f9d57d,2024-06-05 08:18:00,2c7c0b40-21e5-4026-b405-3281a1c094fa,600,37,637
2dbb6224-34da-44e9-a1c3-3d131b2e290d,ec200c8d-8fb0-4370-a443-0ef74c624392,2024-06-05 09:01:00,2c7c0b40-21e5-4026-b405-3281a1c094fa,700,43,743
6801b488-26c9-45a9-81e7-02a3604ffec2,d9cc6c50-9928-4d4f-8750-24817ff2bc24,2024-06-05 07:39:00,2c7c0b40-21e5-4026-b405-3281a1c094fa,700,43,743
cf49cc45-fe99-4632-b6cd-6cb151dad6dd,cb4b008e-1007-492c-80f1-c341d3956d37,2024-06-05 19:24:00,2c7c0b40-21e5-4026-b405-3281a1c094fa,500,31,531
f0b598ea-b9e2-42b6-92bb-75dbf5df3311,11f377bb-0bd9-4fed-bb18-7f818ce17bcb,2024-06-05 14:14:00,2c7c0b40-21e5-4026-b405-3281a1c094fa,700,43,743
6e0c7125-a1ac-492f-8cf9-17d776aefb9a,a0928352-1d2e-4ed9-99d4-1322339e4cc0,2024-06-05 16:47:00,2c7c0b40-21e5-4026-b405-3281a1c094fa,1800,112,1912
59ea5977-99b4-47d9-bab2-94724fc94048,332a1502-92d0-4eca-abc8-3733b038dba7,2024-06-05 13:59:00,2c7c0b40-21e5-4026-b405-3281a1c094fa,600,37,637
1b17beb3-5abc-4743-a676-34fed79a4de6,128657ab-6c0f-4b68-b619-8522913ff958,2024-06-05 11:14:00,2c7c0b40-21e5-4026-b405-3281a1c094fa,600,37,637
cb3300f8-4cc9-46ff-902c-8483a7df004c,486db919-e6fe-40eb-b3f3-154c0426a1e0,2024-06-05 12:38:00,2c7c0b40-21e5-4026-b405-3281a1c094fa,500,31,531
2a4b62ef-41b6-4560-885f-fe550bfc6376,8d221043-e280-4b5b-a3e1-df9e96adc1ef,2024-06-05 15:40:00,2c7c0b40-21e5-4026-b405-3281a1c094fa,700,43,743
924e470e-00a7-4e57-a3ff-7055b6681b22,5ef51cb8-5373-43ab-baa8-bc0bf0b1f03a,2024-06-05 07:46:00,2c7c0b40-21e5-4026-b405-3281a1c094fa,500,31,531
ec1e355e-a70b-4afd-abae-9056efa13580,4503c9d9-3380-4ab0-9c5c-d339b2f9a616,2024-06-05 16:14:00,2c7c0b40-21e5-4026-b405-3281a1c094fa,400,25,425
86abe689-fce8-464a-ab7c-a3ded65a2a6c,776c8db3-e7d4-427e-b6ac-9c5b6d3c9a95,2024-06-05 15:12:00,2c7c0b40-21e5-4026-b405-3281a1c094fa,700,43,743
7be1e1e0-23f3-4c72-aefb-cea9cfa0b640,8d2e11c2-d6a5-4854-bd30-4e74fda2e172,2024-06-05 13:34:00,2c7c0b40-21e5-4026-b405-3281a1c094fa,500,31,531
76b5bdbf-f88a-4c4b-9afd-dc796a1d8fb4,80fbd5cc-a16a-4bfc-b2d6-4c96963c7272,2024-06-05 13:49:00,2c7c0b40-21e5-4026-b405-3281a1c094fa,1600,100,1700
3cb0f0d1-8539-40bb-b755-17757154fc94,567ad296-7827-479a-904c-03986fcd533f,2024-06-05 15:01:00,2c7c0b40-21e5-4026-b405-3281a1c094fa,2200,137,2337
2a36c8dd-fb6d-497e-89a0-d6d7a1081411,6ccf4269-e194-462e-8c01-8c5955d6bd1c,2024-06-05 07:57:00,2c7c0b40-21e5-4026-b405-3281a1c094fa,600,37,637
6474b4e4-76da-42a6-8128-f13c5ad0fcc0,e3031c45-e8dc-4f53-a9d9-d3d2d6da4eab,2024-06-05 08:16:00,2c7c0b40-21e5-4026-b405-3281a1c094fa,500,31,531
ca0be88f-561a-47d3-b51a-147613ae0a5c,f438a665-870f-4f64-b48e-1ee83bfc1aba,2024-06-05 15:33:00,2c7c0b40-21e5-4026-b405-3281a1c094fa,600,37,637
29dc1e8c-e4e9-4b20-9dd7-3cfbe314b612,c9cbb253-97c7-485c-b85f-451a18192201,2024-06-05 07:25:00,2c7c0b40-21e5-4026-b405-3281a1c094fa,400,25,425
db79f9fb-2450-42ec-9355-b2c59ddc038a,6baf1e46-52c6-4e6d-8297-848fe09a0a7d,2024-06-05 11:59:00,2c7c0b40-21e5-4026-b405-3281a1c094fa,4600,287,4887
28de1d71-27f0-4e7f-96f5-9d61d2261665,28cb7926-5024-4e70-bcdb-6f122584b666,2024-06-05 14:43:00,2c7c0b40-21e5-4026-b405-3281a1c094fa,700,43,743
41258aff-54c3-403a-b4bb-9242f8c1067c,df4b8a9b-7fad-4ccb-aed3-d549db457b35,2024-06-05 17:44:00,2c7c0b40-21e5-4026-b405-3281a1c094fa,600,37,637
b2789cfc-0586-41ca-b12b-6ddee627c610,c9caa866-c448-4027-ac51-350ceb472f0a,2024-06-05 08:55:00,2c7c0b40-21e5-4026-b405-3281a1c094fa,400,25,425
a68ebfb7-e8db-4d96-93a9-2d14bdba5e3c,02deee14-c680-46b5-a231-4a5c23642767,2024-06-05 12:30:00,2c7c0b40-21e5-4026-b405-3281a1c094fa,600,37,637
84b5f7df-de79-4925-942d-3c0e3e490b36,870e9d5f-72b4-4c42-a21f-7cdae3df8999,2024-06-05 08:06:00,2c7c0b40-21e5-4026-b405-3281a1c094fa,600,37,637
63944fce-57ba-417e-bc72-47e3b58318f7,88895029-7409-4d53-bf53-9da65334592c,2024-06-05 15:06:00,2c7c0b40-21e5-4026-b405-3281a1c094fa,1800,112,1912
74d5f9c8-f8b4-45ab-984c-ef04cbd141d4,98dd44e0-8267-41d7-9ab7-2ec70d317edd,2024-06-05 08:14:00,2c7c0b40-21e5-4026-b405-3281a1c094fa,600,37,637
b3b4ed87-87ac-4c48-b919-40a42d258159,a3a3e27d-80d7-45cc-9c5a-cb1314ccedc3,2024-06-05 17:06:00,2c7c0b40-21e5-4026-b405-3281a1c094fa,700,43,743
d65712a6-6ea4-4fd9-bec6-8fc22eaba250,21ad42ca-b172-460f-b87d-eb3146cfd7ab,2024-06-05 16:13:00,2c7c0b40-21e5-4026-b405-3281a1c094fa,1200,75,1275
64410c44-116f-46a7-8bf2-5b4a101cd862,a6ba0baa-029e-4a9f-9825-b8af7fc606db,2024-06-05 11:52:00,2c7c0b40-21e5-4026-b405-3281a1c094fa,600,37,637
09dd0d4c-0b79-4979-b9f3-5bc1d554a620,bfb0b52c-65c3-43f9-8780-49304c6b8950,2024-06-05 16:25:00,2c7c0b40-21e5-4026-b405-3281a1c094fa,1500,93,1593
a73dcfa1-b727-4860-8fa8-101974b5eb8d,add5cadc-19b7-496f-be99-3ea4577090a8,2024-06-05 09:55:00,2c7c0b40-21e5-4026-b405-3281a1c094fa,1000,62,1062
df20da08-8669-48fc-b7c0-258d8b60a77d,55fba3bd-b699-4784-aa0f-02eee2bb0505,2024-06-05 13:08:00,2c7c0b40-21e5-4026-b405-3281a1c094fa,1700,106,1806
1cc9f575-d6bd-4acb-8930-e1c64e43d242,86ac6875-25e6-46a1-a433-e627e828fd82,2024-06-05 10:58:00,2c7c0b40-21e5-4026-b405-3281a1c094fa,600,37,637
29b4a1fe-bfd6-48fe-825b-9da188462613,0152df6e-ca2a-4b7f-992b-a8820c211120,2024-06-05 10:46:00,2c7c0b40-21e5-4026-b405-3281a1c094fa,600,37,637
7d6b9aa4-36b7-4ca2-8741-79099234c0ba,09a4ab63-59e2-4bb4-ad07-a754cdbbd0f1,2024-06-05 07:00:00,2c7c0b40-21e5-4026-b405-3281a1c094fa,600,37,637
31a526d2-529a-4f2e-a7e7-435d9d966a5d,cfe721e9-2b3c-471c-ab34-165a74d750ea,2024-06-05 08:26:00,2c7c0b40-21e5-4026-b405-3281a1c094fa,600,37,637
43b324b3-b6eb-406a-9d8f-9fb5d5d903a5,f5420e35-c6ff-4311-a571-dbf68fbbdb43,2024-06-05 15:06:00,2c7c0b40-21e5-4026-b405-3281a1c094fa,400,25,425
b6e1433f-2d39-4432-803c-8650dc0fda29,fc9504bc-32d7-4418-9b0a-629f0c180cc8,2024-06-05 15:49:00,2c7c0b40-21e5-4026-b405-3281a1c094fa,600,37,637
33a1333d-a86c-4b89-bb26-f5066766c9d1,085007d2-a2c8-4c52-8232-249d247eb356,2024-06-05 15:37:00,2c7c0b40-21e5-4026-b405-3281a1c094fa,600,37,637
31619ae7-f993-4030-8d6d-bb7fe4ca18f8,a369f7d7-177a-49e5-804f-b41b61109600,2024-06-05 07:06:00,2c7c0b40-21e5-4026-b405-3281a1c094fa,700,43,743
a6d0796a-ddbd-4272-9994-3e1ea2fc6a94,3ea763b7-6fe2-4a79-8f2e-9c04799b7d30,2024-06-05 16:10:00,2c7c0b40-21e5-4026-b405-3281a1c094fa,1800,112,1912
de36ce5f-e559-4b17-aa07-8d7eb828dda0,88cf1fe9-96fa-404e-ba49-767d646c0446,2024-06-05 12:57:00,2c7c0b40-21e5-4026-b405-3281a1c094fa,700,43,743
56d8d776-cf6c-4679-9f83-8ab6215846ea,365d2e41-1070-4e46-8033-a297d6ef1a98,2024-06-05 07:05:00,2c7c0b40-21e5-4026-b405-3281a1c094fa,600,37,637
a54a3ef4-78ec-4396-8d35-5b5237016541,26695097-7378-4faa-9f62-d0e0664ff11e,2024-06-05 07:44:00,2c7c0b40-21e5-4026-b405-3281a1c094fa,600,37,637
ee8b63d8-8a46-4e7b-a9e5-a2eef0dbb22c,d48cb31c-5a14-4389-8b0f-0d002d402ecb,2024-06-05 11:03:00,2c7c0b40-21e5-4026-b405-3281a1c094fa,1500,93,1593
9221c0f2-ac3f-49f4-9a94-3c97b47693b2,ac66f553-fefe-47d2-bd39-13ed1fcb3330,2024-06-05 14:03:00,2c7c0b40-21e5-4026-b405-3281a1c094fa,500,31,531
afffe579-c3ed-4aa9-952e-c9f4582115e2,879f8d92-cd5a-45b0-a78c-bb13a5542cfe,2024-06-05 17:34:00,2c7c0b40-21e5-4026-b405-3281a1c094fa,1900,118,2018
d4e52156-2a39-4209-9fc1-c2a9163134bb,763902ed-d882-4eca-a0f1-0b333eb57c8d,2024-06-05 08:16:00,2c7c0b40-21e5-4026-b405-3281a1c094fa,600,37,637
8f29b6a9-c191-4f7f-b016-4fe3dbafc8dd,690a51c9-e9a4-4ab0-8a98-19b76e98f62a,2024-06-05 17:29:00,2c7c0b40-21e5-4026-b405-3281a1c094fa,600,37,637
7bd25fcb-f21d-4861-99a7-b988cf70bdd1,9acce0e8-d045-4d2f-b4b2-a017e0dc7a4a,2024-06-05 11:41:00,2c7c0b40-21e5-4026-b405-3281a1c094fa,600,37,637
901d641e-138c-4819-98c3-f633941a7c09,719bec75-cb6a-47a5-a868-7b80e2ccea71,2024-06-05 12:24:00,2c7c0b40-21e5-4026-b405-3281a1c094fa,1900,118,2018
7115840d-84b2-4648-9320-c2605b62245a,44078c2b-ff96-4411-ac21-3ac475d9f62f,2024-06-05 07:55:00,059136e5-beb1-43f4-a3fe-9cc14dd0989b,700,52,752
24eb8be5-f511-47da-bc1f-91832808fce5,09e7c029-5016-4dfa-8e31-77678314c378,2024-06-05 07:05:00,059136e5-beb1-43f4-a3fe-9cc14dd0989b,700,52,752
66aa1368-3a63-4516-b425-042708d6ba9a,81470d98-dacd-4700-ba0c-0c7913bef08f,2024-06-05 07:32:00,059136e5-beb1-43f4-a3fe-9cc14dd0989b,500,37,537
be4c7234-3e2d-4808-8947-08a18f98e19d,a8581b41-551a-4f0c-b260-7d7001b751b1,2024-06-05 15:05:00,059136e5-beb1-43f4-a3fe-9cc14dd0989b,700,52,752
1ae50274-2a26-4446-bc2a-e89c609c8301,486f7413-79ea-433d-adb4-14d7e49487e8,2024-06-05 17:44:00,059136e5-beb1-43f4-a3fe-9cc14dd0989b,700,52,752
0896a88f-a087-46b2-95ed-ef75475cd905,d0dc284e-b60f-48e9-9b8d-c12ab1d0424c,2024-06-05 07:36:00,059136e5-beb1-43f4-a3fe-9cc14dd0989b,700,52,752
9d7c9436-6fa0-463f-af14-12574623c2c4,f1a51900-aed7-4360-a2ff-053803fd229e,2024-06-05 16:17:00,059136e5-beb1-43f4-a3fe-9cc14dd0989b,1700,127,1827
a766a9eb-711a-46ae-93c1-9c1856113794,ff2da684-c201-46c5-8d08-053bd768156b,2024-06-05 10:14:00,059136e5-beb1-43f4-a3fe-9cc14dd0989b,500,37,537
e02b6aad-b888-4878-93cd-6466563ef18d,9cc660cc-7431-45e4-a363-dfdc24f40577,2024-06-05 12:39:00,059136e5-beb1-43f4-a3fe-9cc14dd0989b,1800,135,1935
4dbde8df-347f-48eb-b816-7b7e11a31836,eec4d1d4-4fa4-4078-ad90-fc84ded07515,2024-06-05 11:31:00,059136e5-beb1-43f4-a3fe-9cc14dd0989b,600,44,644
666abb87-e6e8-4a86-8bfe-ce60d54cbd6f,72b98a5e-a9a4-46ad-b5db-be0120ecdb29,2024-06-05 08:08:00,059136e5-beb1-43f4-a3fe-9cc14dd0989b,600,44,644
e580651b-19e8-4082-8956-f4179a16d9b8,dcf87a24-5156-453f-b5ef-aac22c14d08c,2024-06-05 16:17:00,059136e5-beb1-43f4-a3fe-9cc14dd0989b,600,44,644
979e18ab-d9d2-4e01-b7f1-7d87c12b6fff,4beb0ffa-7216-45d7-8f7b-56bf75262d32,2024-06-05 19:23:00,059136e5-beb1-43f4-a3fe-9cc14dd0989b,1200,89,1289
6639d441-6d68-4a66-a552-20a94b921965,1c1ac51a-3921-40e4-a21e-99f6f6f6f01b,2024-06-05 08:10:00,059136e5-beb1-43f4-a3fe-9cc14dd0989b,700,52,752
80cf87f0-2340-434f-9ba1-6a173e678f7f,3f40e3be-f3ab-4e84-b084-3b2f6f92b1ed,2024-06-05 07:30:00,059136e5-beb1-43f4-a3fe-9cc14dd0989b,400,30,430
3c6aba07-79b8-4743-9455-de97891ca006,18b3cb0c-66bf-4610-953a-7d06de368bf4,2024-06-05 08:02:00,059136e5-beb1-43f4-a3fe-9cc14dd0989b,600,44,644
6b9bdd77-d91b-4e9c-9a37-3e73da41452d,e3f6c810-39ff-4eb4-8cc8-3700ee849ace,2024-06-05 07:37:00,059136e5-beb1-43f4-a3fe-9cc14dd0989b,700,52,752
94b085d1-0790-49f6-b726-bd22a8c68d24,9692b46e-25c9-4e94-875e-0f631d0b3e28,2024-06-05 10:42:00,059136e5-beb1-43f4-a3fe-9cc14dd0989b,400,30,430
3aa8c569-2b2b-4c27-9be8-0ae38836f97b,fbbde25c-9726-4609-bf16-18667aaf6916,2024-06-05 08:29:00,059136e5-beb1-43f4-a3fe-9cc14dd0989b,600,44,644
9c4d7550-0756-4233-967b-b14b07c7e238,2a1fde7e-ff9e-41b3-bb63-60756dd3cca3,2024-06-05 14:03:00,059136e5-beb1-43f4-a3fe-9cc14dd0989b,400,30,430
bb400ce2-56d0-40bb-9852-0b3744f84415,f598c3f9-089b-45ed-bdf2-192ebf4b52a8,2024-06-05 08:02:00,059136e5-beb1-43f4-a3fe-9cc14dd0989b,500,37,537
49f022e0-f6e8-417d-bf56-bdc290dddfb5,d7946036-09c5-4ee9-85d7-05ca1e3757d6,2024-06-05 14:34:00,059136e5-beb1-43f4-a3fe-9cc14dd0989b,1800,135,1935
f949b283-03e0-4241-b7bb-679678ad0102,5afdf85a-b5cb-4e72-b99b-b8094cd17122,2024-06-05 14:42:00,059136e5-beb1-43f4-a3fe-9cc14dd0989b,2700,202,2902
456f1f23-e78c-450c-b308-b9f39fdd6f08,dd6054cf-c805-442d-9ba8-23178af8d01c,2024-06-05 08:33:00,059136e5-beb1-43f4-a3fe-9cc14dd0989b,600,44,644
b621dd91-fd00-4a0d-83b9-5159f0dabf82,506e4013-8887-496e-9a04-f0e01887e821,2024-06-05 08:30:00,059136e5-beb1-43f4-a3fe-9cc14dd0989b,600,44,644
402a8b0c-6f23-424c-bebb-ba91eae4921b,6b35587c-c967-4880-9328-d1f4642235e4,2024-06-05 17:53:00,059136e5-beb1-43f4-a3fe-9cc14dd0989b,600,44,644
094ab4cd-917c-4e37-940c-372c8313df08,59c3fff8-9714-4490-bb0a-91b54d55a88e,2024-06-05 13:29:00,059136e5-beb1-43f4-a3fe-9cc14dd0989b,1500,112,1612
8087670b-7aa1-4ed0-ad92-29fbd9724323,4127a97b-c4ac-4d92-9e5d-e067ee9437c7,2024-06-05 09:41:00,059136e5-beb1-43f4-a3fe-9cc14dd0989b,400,30,430
9dc43212-656e-4168-8696-bf43935a25f8,0bd2b5e2-1051-47d3-9c88-8fe2cce0d72c,2024-06-05 08:37:00,059136e5-beb1-43f4-a3fe-9cc14dd0989b,500,37,537
a16409c1-d5f3-491c-831b-aefb134b91b3,5d0ae589-9d32-4770-b34e-3fce58eafd96,2024-06-05 14:36:00,059136e5-beb1-43f4-a3fe-9cc14dd0989b,600,44,644
3039bed7-7dad-4b13-a082-97643295ef64,dce91346-49e1-4dc0-8151-0aee0146f7b0,2024-06-05 08:13:00,059136e5-beb1-43f4-a3fe-9cc14dd0989b,600,44,644
6af384ba-6724-4f64-96ce-ef23ceaeb90d,44cd1c90-3e7d-45f1-b7a7-eb24f631ec62,2024-06-05 11:36:00,059136e5-beb1-43f4-a3fe-9cc14dd0989b,600,44,644
fe0e89fe-a82c-428d-8d2f-fe397ee32869,3ba06841-e0f5-4986-a061-a20a8d1a9468,2024-06-05 07:35:00,059136e5-beb1-43f4-a3fe-9cc14dd0989b,600,44,644
1d82b724-5352-4595-a5a0-c90938d2f133,08a94312-0375-4898-8816-c527f1a9e954,2024-06-05 07:33:00,059136e5-beb1-43f4-a3fe-9cc14dd0989b,600,44,644
b3f84b26-1b37-462e-84a0-f8cc35f92fc4,7018d6b2-3bff-425d-9c6b-bdbdc3f5049e,2024-06-05 18:00:00,059136e5-beb1-43f4-a3fe-9cc14dd0989b,600,44,644
60a96eb6-5a78-4b90-a389-3531027e552c,79729105-3697-4b71-a71a-ef98faaff6e9,2024-06-05 07:54:00,059136e5-beb1-43f4-a3fe-9cc14dd0989b,700,52,752
8ae23704-7662-4700-89d0-46508987e85c,f5ac034d-452e-4cf0-a84a-5956ed2434c8,2024-06-05 18:55:00,059136e5-beb1-43f4-a3fe-9cc14dd0989b,1500,112,1612
e597a55b-c11b-456b-87a1-87efef7c9f79,18456dea-0e90-45e1-8bfa-d45383d9477a,2024-06-05 15:32:00,059136e5-beb1-43f4-a3fe-9cc14dd0989b,1800,135,1935
f2249739-1c09-41a0-abaa-d75109c7ba45,877a7a1a-64dc-41df-8363-8d8e37450087,2024-06-05 14:18:00,059136e5-beb1-43f4-a3fe-9cc14dd0989b,600,44,644
155f8e80-efb3-4278-a359-ba5221f50308,823ed844-fd3f-49a3-acd0-c94ccbede0c4,2024-06-05 16:20:00,059136e5-beb1-43f4-a3fe-9cc14dd0989b,600,44,644
89fcc31e-9189-440b-8be1-8d829d76f949,b0307cea-2d3c-4d8b-8a8a-ff40768baf60,2024-06-05 08:07:00,059136e5-beb1-43f4-a3fe-9cc14dd0989b,500,37,537
1f3d472f-bc90-4104-b361-976df4598ac2,3c804db9-c8df-4b39-a554-920bb75231af,2024-06-05 07:44:00,059136e5-beb1-43f4-a3fe-9cc14dd0989b,600,44,644
b7c313be-f942-40f1-8f16-e7e5cd8b5436,e9a5b80f-7b20-4349-bdbd-3568afefbedd,2024-06-05 11:15:00,059136e5-beb1-43f4-a3fe-9cc14dd0989b,2700,202,2902
2cfd33fd-1b8a-4a9b-a07d-a31eca0e47e3,f7ad63c5-7073-4979-a425-55175695dc63,2024-06-05 08:43:00,059136e5-beb1-43f4-a3fe-9cc14dd0989b,600,44,644
af1f2b29-8d6d-4742-97f6-1188054fdc0b,c1cfb454-4447-43c5-a7b6-6769a6d3506e,2024-06-05 08:10:00,059136e5-beb1-43f4-a3fe-9cc14dd0989b,500,37,537
defa31e2-4077-4e19-b60a-d35dcccde3c0,781e5cf8-ed9f-4299-a163-e6a677bbe364,2024-06-05 07:49:00,059136e5-beb1-43f4-a3fe-9cc14dd0989b,600,44,644
3e879173-ef15-451c-bab2-25e143f68cbe,050ddc48-4654-4eda-bca1-7f1fb8704f7a,2024-06-05 08:25:00,059136e5-beb1-43f4-a3fe-9cc14dd0989b,400,30,430
e14189a0-807b-4c71-ab42-c9ef04a34089,10302e54-e659-4d7e-ac35-4df71a7d22ea,2024-06-05 16:37:00,059136e5-beb1-43f4-a3fe-9cc14dd0989b,1300,97,1397
011cac7b-9f48-4019-90d1-a8bfc3ac80cc,2fa283a1-4467-4a1f-a6eb-da027d38ba02,2024-06-05 08:22:00,059136e5-beb1-43f4-a3fe-9cc14dd0989b,500,37,537
cc4290f5-901c-44da-8ae2-fe3b7fc81799,c1d77bb3-f950-455e-9f7e-6dc773482a79,2024-06-05 19:45:00,059136e5-beb1-43f4-a3fe-9cc14dd0989b,1100,82,1182
0ba94fb6-661a-4232-bfdf-d2104e94f9ca,e785b14b-748f-4b64-9589-e822b226f9a8,2024-06-05 08:21:00,059136e5-beb1-43f4-a3fe-9cc14dd0989b,400,30,430
083e3cb6-edb8-4b46-9628-880eeb9070d9,31d0513e-0837-4053-8b9a-c3eff3970c19,2024-06-05 15:16:00,059136e5-beb1-43f4-a3fe-9cc14dd0989b,600,44,644
421b3df5-1975-473d-9c1b-b2788cbac00a,23bb9204-6575-4bbb-b910-b827f247824b,2024-06-05 07:25:00,059136e5-beb1-43f4-a3fe-9cc14dd0989b,700,52,752
0c6ffe95-657a-40cb-b105-113a6a66b989,7d830ecb-c405-4014-9d03-6443ad08dad7,2024-06-05 08:40:00,059136e5-beb1-43f4-a3fe-9cc14dd0989b,600,44,644
18b65a4e-e35f-4957-b6fd-39d86c66cde4,a72450e6-ac79-41b8-a951-c455c4256bbf,2024-06-05 08:29:00,059136e5-beb1-43f4-a3fe-9cc14dd0989b,400,30,430
73ada810-d9bd-41ef-94e8-929eec343320,384c7811-188d-4f66-83fb-2521b09637b5,2024-06-05 08:25:00,059136e5-beb1-43f4-a3fe-9cc14dd0989b,600,44,644
c680500b-b718-4a32-8c63-119799cf31d1,16c25ed9-359e-491e-a479-07e803146a44,2024-06-05 11:33:00,059136e5-beb1-43f4-a3fe-9cc14dd0989b,3300,247,3547
c0a3e81d-d8cd-40a6-9eac-5f75842c1953,66284830-04a9-4d43-9b02-ef3ebd475c6b,2024-06-05 11:11:00,059136e5-beb1-43f4-a3fe-9cc14dd0989b,3900,292,4192
b1cb7a9f-c43d-479b-8e3e-941eda27cf4c,2c5c0bb7-5aa6-4531-950e-7a90fe92b74d,2024-06-05 07:45:00,059136e5-beb1-43f4-a3fe-9cc14dd0989b,600,44,644
c80d3ff1-556a-49c8-b338-48859a61f8fa,79f9014a-5103-4bc1-9806-b175661422e2,2024-06-05 16:49:00,059136e5-beb1-43f4-a3fe-9cc14dd0989b,600,44,644
6d319298-d7ee-437a-ad0c-b7389158e2d5,e70955bd-402e-406b-9c9b-9a51d74355d6,2024-06-05 10:10:00,059136e5-beb1-43f4-a3fe-9cc14dd0989b,1800,135,1935
2ca85282-2c0a-434f-856e-7d07814ef407,37c19acb-9919-48bd-a09a-1caa2a30c694,2024-06-05 18:11:00,059136e5-beb1-43f4-a3fe-9cc14dd0989b,1100,82,1182
1d1acf2c-aa5a-455d-ac89-8a9f1916af4b,c133b21a-6b80-4f3a-8b2e-43df0b4514c7,2024-06-05 07:18:00,059136e5-beb1-43f4-a3fe-9cc14dd0989b,600,44,644
05c2e715-268a-4edd-8119-a20fb63a1549,ef81bc0d-732d-47f7-af0c-636149b5e9b0,2024-06-05 16:28:00,059136e5-beb1-43f4-a3fe-9cc14dd0989b,2000,150,2150
ce3b79a2-e02c-422e-bb85-4370a7076281,77867314-f5f6-49f6-a191-06f958efd232,2024-06-05 14:05:00,059136e5-beb1-43f4-a3fe-9cc14dd0989b,600,44,644
6ed66c9e-4c79-4976-b7f3-a23cac3cc2a9,16f20232-3ad4-4294-9cad-8c4139b04da4,2024-06-05 16:54:00,059136e5-beb1-43f4-a3fe-9cc14dd0989b,600,44,644
242e147b-15c8-4486-96c1-00777c2f7c10,d0f85214-b373-4e3b-b6fc-0d50802c7e7b,2024-06-05 08:50:00,059136e5-beb1-43f4-a3fe-9cc14dd0989b,600,44,644
fec5c2d3-203b-4169-b5dd-37594bf0b09f,a3ccddd5-51c9-48a7-9d7e-de5d5da704a8,2024-06-05 16:16:00,059136e5-beb1-43f4-a3fe-9cc14dd0989b,500,37,537
4623477a-e118-4fbc-8d34-be3521f4c103,05bd4daf-d823-4927-9486-6a6837585182,2024-06-05 13:21:00,059136e5-beb1-43f4-a3fe-9cc14dd0989b,1900,142,2042
2c33972c-e793-47a5-9fa2-137a842c6bf3,d44d33f8-6d2c-4704-bfa2-2f1883a33f93,2024-06-05 12:27:00,059136e5-beb1-43f4-a3fe-9cc14dd0989b,3200,240,3440
9fc3cb71-5c91-4a2e-a853-0f090d30fff9,efebe247-224d-41d6-8094-612564a8c476,2024-06-05 14:36:00,059136e5-beb1-43f4-a3fe-9cc14dd0989b,1100,82,1182
029b9aa9-2b60-4b9d-b675-312ccecac443,7c3b9a4e-fe3a-42e0-9573-0a14aaf4feeb,2024-06-05 13:17:00,059136e5-beb1-43f4-a3fe-9cc14dd0989b,800,60,860
1ef859c6-b994-4f9e-a920-ca3db9abd8a8,d5efbc69-fc67-4f1a-87f3-30e57baf632a,2024-06-05 07:13:00,059136e5-beb1-43f4-a3fe-9cc14dd0989b,700,52,752
9f8e382a-bb27-4486-a4d7-bddc06333769,2423b39c-fa1e-458b-a033-a7d722bc372e,2024-06-05 12:52:00,059136e5-beb1-43f4-a3fe-9cc14dd0989b,600,44,644
6712203b-41c2-49fa-a6ad-6935cd2581e3,643981ca-358e-445a-9174-e7061f452868,2024-06-05 11:22:00,059136e5-beb1-43f4-a3fe-9cc14dd0989b,600,44,644
280a733f-535f-44a4-953c-89ada3ce5d01,644777dd-2705-4dad-9239-95d9ebf3f348,2024-06-05 16:26:00,059136e5-beb1-43f4-a3fe-9cc14dd0989b,400,30,430
eb87f5c7-cb55-4627-a47a-8aef44c5ae36,5396cc76-d8d6-42e0-9ac3-b8a36f8e9980,2024-06-05 07:22:00,059136e5-beb1-43f4-a3fe-9cc14dd0989b,400,30,430
b114f501-77c2-4297-a9ed-55563db13a66,76728cb5-33de-4142-bcc8-61a9a63b3a90,2024-06-05 12:51:00,059136e5-beb1-43f4-a3fe-9cc14dd0989b,600,44,644
724b0817-7072-4c6c-87a7-d2d7a078e9c4,3d5cdd64-fe7e-4365-9e1d-97ee8a55f0fd,2024-06-05 08:17:00,059136e5-beb1-43f4-a3fe-9cc14dd0989b,600,44,644
460076b4-f6d7-40a6-b003-f560764a668d,6fcc9479-22b4-4340-8e7c-378dff41d8bd,2024-06-05 14:20:00,059136e5-beb1-43f4-a3fe-9cc14dd0989b,400,30,430
1bd9d7b6-c416-4c96-9fc2-0a002309daf7,1968f52b-fb82-40f5-a5f8-8a81be0ffeab,2024-06-05 14:46:00,059136e5-beb1-43f4-a3fe-9cc14dd0989b,400,30,430
1ea622f3-5413-4d94-ac57-685a21dccc13,1ce95b9f-9235-4a87-bcad-3afa90af73ed,2024-06-05 16:22:00,059136e5-beb1-43f4-a3fe-9cc14dd0989b,500,37,537
8725a602-3800-4436-83e5-8cc243bfe19c,4a037cff-561f-4546-a71e-858b06e94940,2024-06-05 18:08:00,059136e5-beb1-43f4-a3fe-9cc14dd0989b,500,37,537
684c854f-3948-4e2f-b87c-1e7c79115fda,922d5b80-73f4-4f36-aa06-0357112d60f7,2024-06-05 14:33:00,059136e5-beb1-43f4-a3fe-9cc14dd0989b,1700,127,1827
c54858da-b07e-4116-8e9b-5e8308be35c0,7609b18e-4057-480c-be36-78507e0021d2,2024-06-05 12:12:00,059136e5-beb1-43f4-a3fe-9cc14dd0989b,400,30,430
5b25e8ca-77da-43df-903d-10976c22ffd5,cbe876c8-a324-4ebb-ae69-ae07df7846fd,2024-06-05 08:33:00,059136e5-beb1-43f4-a3fe-9cc14dd0989b,500,37,537
9daab14d-bff9-4f20-ab8d-d414b42c4f97,fb44c144-83bd-423d-a48c-644991b62aa2,2024-06-05 12:57:00,059136e5-beb1-43f4-a3fe-9cc14dd0989b,600,44,644
43b93c8f-d897-41ee-8af2-9941924f7db1,b6b94f01-4e75-4e65-a9d3-4c45046e90a7,2024-06-05 09:27:00,059136e5-beb1-43f4-a3fe-9cc14dd0989b,600,44,644
482d9aea-74b3-40b9-b34d-05f170f1d32b,3bdd9588-88c1-4e38-a5a2-a2a1cb9c5ba6,2024-06-05 16:42:00,059136e5-beb1-43f4-a3fe-9cc14dd0989b,1800,135,1935
407b0d87-eb6c-4503-8652-e5a6cff96b8d,e20a9b34-c8ae-475a-a91f-e59b5e8490e9,2024-06-05 09:29:00,059136e5-beb1-43f4-a3fe-9cc14dd0989b,600,44,644
d03efd8b-bd11-4573-bf0d-f57c4946216c,92fb892f-6a43-489c-b618-ff370abc4242,2024-06-05 17:50:00,059136e5-beb1-43f4-a3fe-9cc14dd0989b,400,30,430
eabc575c-6168-44e8-917c-aa7de58d19cc,9942aeb9-9494-453e-8ae2-1b85271ceb96,2024-06-05 16:08:00,059136e5-beb1-43f4-a3fe-9cc14dd0989b,1700,127,1827
96a69fbc-e5e2-4eea-a714-673e9b764a21,e34930d8-a95d-4286-b7d2-147d08008c79,2024-06-05 15:38:00,059136e5-beb1-43f4-a3fe-9cc14dd0989b,2300,172,2472
a9482229-4175-4f61-aa27-12aec9f6b03e,529905cf-561e-4337-9a4a-175121574488,2024-06-05 08:09:00,059136e5-beb1-43f4-a3fe-9cc14dd0989b,400,30,430
e2931da8-7ef9-42e9-a410-841299ee8193,a69aab5f-d0c5-48cd-a234-59717d300573,2024-06-05 09:38:00,059136e5-beb1-43f4-a3fe-9cc14dd0989b,700,52,752
7728dbc5-d489-4dbb-8d9c-ecacdb5ad75a,eaa58131-5fab-42f2-804b-c6ac10286bbe,2024-06-05 14:41:00,059136e5-beb1-43f4-a3fe-9cc14dd0989b,1900,142,2042
a704db3d-df7a-4514-a50a-0d8b9788ee2a,478906bc-057a-41da-a756-2ab94b7817b4,2024-06-05 07:47:00,059136e5-beb1-43f4-a3fe-9cc14dd0989b,600,44,644
83e78c6b-5f08-4ea5-bfe0-dca53f71ec40,20447c53-4457-454a-92ff-187ee6461822,2024-06-05 08:00:00,059136e5-beb1-43f4-a3fe-9cc14dd0989b,500,37,537
5b6e5540-0b96-4d8e-8be7-a4b1728ea70c,4744369f-163d-4dd9-b650-9b94350334e7,2024-06-05 08:23:00,059136e5-beb1-43f4-a3fe-9cc14dd0989b,400,30,430
06b8ed46-4083-4355-9639-4ee087e693f9,2c8d74ca-99fc-41ee-8373-d44d5f6b83f1,2024-06-05 11:19:00,059136e5-beb1-43f4-a3fe-9cc14dd0989b,1800,135,1935
a1ba1bf7-7be5-434b-9987-1b29be92f64c,361fcd5d-8d28-433b-abd9-c1e72a5cad2a,2024-06-05 07:52:00,059136e5-beb1-43f4-a3fe-9cc14dd0989b,500,37,537
33617fd0-0ccd-4975-88b1-65d895131971,561657d6-42e9-4820-bb19-8ed7dc3fadd2,2024-06-05 15:12:00,059136e5-beb1-43f4-a3fe-9cc14dd0989b,500,37,537
8b75bd0a-f6bb-442f-b14f-deb029957127,48b85191-c0e7-4f81-96a3-d5f86031cfb9,2024-06-05 07:35:00,059136e5-beb1-43f4-a3fe-9cc14dd0989b,400,30,430
5f63af91-56ba-4794-b3cf-40c294f094b7,beb70ea4-6588-41bb-9999-d1399a467f90,2024-06-05 11:17:00,059136e5-beb1-43f4-a3fe-9cc14dd0989b,2300,172,2472
734ed98b-177e-4978-917b-695be60c93ac,3403b172-cee0-45a1-b3b0-bd780462a988,2024-06-05 07:28:00,059136e5-beb1-43f4-a3fe-9cc14dd0989b,600,44,644
84dccf2b-890d-4569-883e-75d52c044e25,f1993284-9f81-43ed-be18-ebfd355bd0af,2024-06-05 08:19:00,059136e5-beb1-43f4-a3fe-9cc14dd0989b,700,52,752
193ea599-48e3-4549-81c9-c65c7dba424b,525add24-e4bb-4a57-a41a-d1eb58ef9533,2024-06-05 12:26:00,059136e5-beb1-43f4-a3fe-9cc14dd0989b,600,44,644
b02d3bf4-ab1c-450a-a57b-03382325ffa8,f3770952-5a51-4000-a02e-03c4918954dd,2024-06-05 11:25:00,059136e5-beb1-43f4-a3fe-9cc14dd0989b,600,44,644
4390d764-1ad9-45fd-92e8-73c2d247eb2b,6b830d11-3333-4049-8288-6e208d4bc7f0,2024-06-05 08:04:00,059136e5-beb1-43f4-a3fe-9cc14dd0989b,400,30,430
ab0572d0-ae40-4de1-9c06-993f78f8d544,064f11f5-7bac-4f36-84c6-4971eb44a4a8,2024-06-05 15:58:00,059136e5-beb1-43f4-a3fe-9cc14dd0989b,1100,82,1182
36920b5f-3a3e-4630-9515-e66a51e6d275,84345e57-4d88-48e8-823d-ef85cbe1ebea,2024-06-05 11:23:00,059136e5-beb1-43f4-a3fe-9cc14dd0989b,400,30,430
1a5df299-2b1e-4bf2-a64c-196612939fe4,65b2039b-39ba-48d6-b2e7-293dbc866025,2024-06-05 12:26:00,059136e5-beb1-43f4-a3fe-9cc14dd0989b,600,44,644
283e89b5-6b47-4011-aa52-fd49912e72dc,40010f7f-b687-44ea-8480-833608955e88,2024-06-05 08:06:00,059136e5-beb1-43f4-a3fe-9cc14dd0989b,500,37,537
b55e2b19-28e3-4836-8308-28cd0a206b8c,ae8150b4-56c5-4822-abcf-50b46552f222,2024-06-05 07:55:00,059136e5-beb1-43f4-a3fe-9cc14dd0989b,600,44,644
644a5fc0-bd23-461d-ba39-1ed8727c7ff6,57448fbd-ff56-40a7-b47f-0f161b5ae95d,2024-06-05 13:03:00,059136e5-beb1-43f4-a3fe-9cc14dd0989b,600,44,644
c86c8686-0968-4753-8228-1f7f1b098206,4009b786-5c37-4ffe-82fe-8f1dffb7cf4a,2024-06-05 08:03:00,059136e5-beb1-43f4-a3fe-9cc14dd0989b,600,44,644
65b3b16d-c29c-45e7-ad2e-dc1b3a6a82a9,a03939d5-2ed1-48c7-861f-0f54e7c51c5f,2024-06-05 08:18:00,059136e5-beb1-43f4-a3fe-9cc14dd0989b,600,44,644
e72c4757-5120-4a11-903b-692d19669130,b9e02e57-6966-4ef9-8229-8dbcf381d1a4,2024-06-05 13:20:00,059136e5-beb1-43f4-a3fe-9cc14dd0989b,1800,135,1935
e3e162a5-6dda-4354-9fb8-63ed1c3af908,8444b032-8cb2-4a63-9fd1-f6d09e140bec,2024-06-05 14:39:00,059136e5-beb1-43f4-a3fe-9cc14dd0989b,2100,157,2257
c3a8f3cb-abbb-4426-94f0-bac8b5450773,041b470c-0cef-4c3d-9974-e0584908c584,2024-06-05 13:57:00,059136e5-beb1-43f4-a3fe-9cc14dd0989b,600,44,644
5fe6f254-2712-4e86-8619-c9ab3ac8faf8,890d1303-bf49-48c4-ab4d-73f9a0187dd2,2024-06-05 16:39:00,059136e5-beb1-43f4-a3fe-9cc14dd0989b,1800,135,1935
443abf09-6b93-4dab-9ff1-f68c87fe8a18,168a6b37-3ff2-4307-8348-321ef39ada37,2024-06-05 07:43:00,059136e5-beb1-43f4-a3fe-9cc14dd0989b,700,52,752
b94bf89a-1661-4cb1-a2fc-bd60a1a4560b,827d9a15-9457-44f3-a39d-8df06d76b159,2024-06-05 16:04:00,059136e5-beb1-43f4-a3fe-9cc14dd0989b,1100,82,1182
58adf4e1-ef3a-4e98-81ab-73208a14c39d,0fddd792-32d9-4048-ba1f-1bca261a4a84,2024-06-05 13:52:00,059136e5-beb1-43f4-a3fe-9cc14dd0989b,600,44,644
efbbba5a-5cbc-45c5-87be-91ea155e81c5,56cff385-b95f-49b9-b34f-c839e39df055,2024-06-05 15:56:00,059136e5-beb1-43f4-a3fe-9cc14dd0989b,400,30,430
fffcb838-cb93-4d2b-a371-4a651283fe55,4fd07c23-bed4-4ca7-b140-7652784aa802,2024-06-05 16:49:00,059136e5-beb1-43f4-a3fe-9cc14dd0989b,1800,135,1935
8264139f-efa8-4333-9238-a131443ad1e3,37fc1b50-84ef-40db-b99a-64dd7281c7a7,2024-06-05 12:45:00,059136e5-beb1-43f4-a3fe-9cc14dd0989b,2200,165,2365
6c0b2905-04a8-440b-985f-98ac48ab4a46,751e632c-7341-4671-95d2-e348460b3fab,2024-06-05 13:49:00,059136e5-beb1-43f4-a3fe-9cc14dd0989b,1800,135,1935
dc47494e-c312-4d57-be6e-8b287bc43cc2,8413f205-78b2-441a-8916-79cc2820f5d0,2024-06-05 15:49:00,059136e5-beb1-43f4-a3fe-9cc14dd0989b,500,37,537
1c95e7f3-5c21-4168-bf60-fe0379a1f532,d6015423-d5f4-48d9-8dba-5184e114d126,2024-06-05 08:14:00,059136e5-beb1-43f4-a3fe-9cc14dd0989b,600,44,644
64a81a09-0d22-41c8-a0a9-88a4ee99d7be,187c7384-25b3-4172-bee6-99f83f02b761,2024-06-05 08:16:00,059136e5-beb1-43f4-a3fe-9cc14dd0989b,500,37,537
66ef5f0d-eaa5-48b8-a886-05f595d3f8ed,f8a4f769-0195-44be-9cb4-a90210c4047e,2024-06-05 07:41:00,059136e5-beb1-43f4-a3fe-9cc14dd0989b,500,37,537
6b53ce71-019c-4f82-b906-323f88a7e008,d4fa151f-6d10-4c7b-be00-eee08e8c8c70,2024-06-05 11:48:00,059136e5-beb1-43f4-a3fe-9cc14dd0989b,2000,150,2150
7085721b-e50e-4cdf-a6a8-7227bd710b4a,e0983e91-a701-429d-bc70-28a23527f04c,2024-06-05 11:52:00,059136e5-beb1-43f4-a3fe-9cc14dd0989b,600,44,644
1d24f8c4-8240-431f-ad32-29a8114096de,83872f19-552c-47b2-9fd3-4db4c2f6753f,2024-06-05 07:29:00,059136e5-beb1-43f4-a3fe-9cc14dd0989b,700,52,752
dccdc496-a9e8-4532-b122-8c3c26b5b493,0b4320be-1aed-4451-b8d4-bfe6e56b3281,2024-06-05 11:10:00,059136e5-beb1-43f4-a3fe-9cc14dd0989b,700,52,752
0f77662e-fd3a-4dd8-adc4-76388c884d1e,26fc60b3-85e6-43e5-b371-71877025c8d1,2024-06-05 07:37:00,059136e5-beb1-43f4-a3fe-9cc14dd0989b,500,37,537
f0045a99-31e0-4a25-808a-d82d1a2f583f,27b3d9ff-db39-4ce8-8de0-2090a7e90776,2024-06-05 07:42:00,059136e5-beb1-43f4-a3fe-9cc14dd0989b,700,52,752
b95dd136-5c43-4538-87d4-15051902385c,3c7c5fb0-d621-44e5-9d08-388975ae8faf,2024-06-05 08:22:00,059136e5-beb1-43f4-a3fe-9cc14dd0989b,400,30,430
b14d666a-ce4a-4153-821e-b2f115f77bd2,55a28803-2496-4e1a-84e5-f0a46aaead70,2024-06-05 13:24:00,059136e5-beb1-43f4-a3fe-9cc14dd0989b,600,44,644
be2a0250-5338-4cfc-a818-eda0eb98a7dd,cf121e2f-237d-4246-92e7-b175553e7a78,2024-06-05 16:28:00,059136e5-beb1-43f4-a3fe-9cc14dd0989b,500,37,537
8b4fbec8-55b8-4084-b4f6-927edab1502e,a978d5d4-d1da-4b56-bd60-9b92205a925f,2024-06-05 16:13:00,059136e5-beb1-43f4-a3fe-9cc14dd0989b,600,44,644
b1373e5b-121c-44f1-9835-2bb1626df7ca,c4e9c02d-eaf6-451d-9932-9fc9348564b9,2024-06-05 11:49:00,059136e5-beb1-43f4-a3fe-9cc14dd0989b,500,37,537
db74701b-27d3-48b9-9f20-ec0430dbaa98,c1fadf94-71e8-4d09-b9b0-2af116108a24,2024-06-05 08:52:00,059136e5-beb1-43f4-a3fe-9cc14dd0989b,700,52,752
10817a29-01b5-475b-bf22-3aba46c22471,60c396b2-d634-4be2-9aaa-7f1a832f4305,2024-06-05 15:34:00,059136e5-beb1-43f4-a3fe-9cc14dd0989b,600,44,644
9cee9c25-0c9b-4b23-9355-e35147bcc998,2533fffb-72a8-4e71-9e5c-eda4b362c551,2024-06-05 17:01:00,059136e5-beb1-43f4-a3fe-9cc14dd0989b,1500,112,1612
22c6453f-e7fa-4035-be18-1aa8d37d7f1f,ff8e5384-92e3-46a6-a97f-96f2e06d2d0c,2024-06-05 19:48:00,059136e5-beb1-43f4-a3fe-9cc14dd0989b,400,30,430
d4eaa259-fc6c-44c6-981d-4eb40914195b,2c5d1d6e-4f03-4d2d-8a79-72df062b408d,2024-06-05 16:34:00,059136e5-beb1-43f4-a3fe-9cc14dd0989b,1700,127,1827
e11e6d53-bee8-4db6-9b98-b7995c4458b8,71c22f51-5140-4058-aca4-e1297f024cd1,2024-06-05 08:00:00,059136e5-beb1-43f4-a3fe-9cc14dd0989b,500,37,537
addcce65-5418-4937-82c5-7653fcfc6f86,d8196da5-366a-49ed-8e90-a15d0e70dabb,2024-06-05 12:26:00,059136e5-beb1-43f4-a3fe-9cc14dd0989b,700,52,752
73529358-8abd-4298-bd69-3cc662b1ec30,99e72f7b-8e9c-4403-8629-4ba314155564,2024-06-05 15:11:00,059136e5-beb1-43f4-a3fe-9cc14dd0989b,600,44,644
be418947-ee58-47f7-adce-174709fa352d,ca896e2e-2dae-438f-ac59-9b251ce53240,2024-06-05 09:57:00,059136e5-beb1-43f4-a3fe-9cc14dd0989b,1700,127,1827
44b32672-1754-4486-a27a-0230454b4aaa,7e72fe96-b013-4324-869d-caa2d564f37e,2024-06-05 07:40:00,059136e5-beb1-43f4-a3fe-9cc14dd0989b,600,44,644
080d0521-d373-40ef-98cb-6469a792c99e,cae7f2a7-5319-4d2d-b18c-d38b90318742,2024-06-05 11:02:00,059136e5-beb1-43f4-a3fe-9cc14dd0989b,600,44,644
f1a3b92d-a8e2-448e-b0fe-07687e39370f,9b42559d-e62d-4ab2-ba36-11562c60d296,2024-06-05 07:43:00,059136e5-beb1-43f4-a3fe-9cc14dd0989b,600,44,644
1819bc0b-2fd4-4713-8e51-9e5962d18eaf,f637c2f2-576f-420d-bdb7-9836d12af85a,2024-06-05 07:39:00,059136e5-beb1-43f4-a3fe-9cc14dd0989b,600,44,644
46033438-f944-42c6-83e1-4830f993211b,0011a704-5681-4123-8dca-1af0bdc2de41,2024-06-05 07:36:00,059136e5-beb1-43f4-a3fe-9cc14dd0989b,400,30,430
a835232e-d730-4c50-9374-c567981a7ae0,9c3f8f66-e595-47b4-b696-2ef95c13ed39,2024-06-05 10:31:00,059136e5-beb1-43f4-a3fe-9cc14dd0989b,600,44,644
4c74711f-a0da-4c7d-8fa1-6edbbf118734,e9fb0dfd-4765-4a15-aea4-62035a7ac480,2024-06-05 18:58:00,059136e5-beb1-43f4-a3fe-9cc14dd0989b,1500,112,1612
b81a337f-c046-4c48-a50e-a7b7c6874391,70101c56-1cff-4c85-bf95-5f237f43dab5,2024-06-05 13:23:00,059136e5-beb1-43f4-a3fe-9cc14dd0989b,1800,135,1935
95d7b461-02a8-4259-8db6-f0f7d1ec373a,7add3d5c-dfe4-41a7-9a61-3b9186a0f846,2024-06-05 07:25:00,059136e5-beb1-43f4-a3fe-9cc14dd0989b,600,44,644
360285ca-0c33-4390-9dc7-d64b1e3806d6,46c2e8d7-6868-4004-8960-1f640fed6c16,2024-06-05 14:24:00,059136e5-beb1-43f4-a3fe-9cc14dd0989b,400,30,430
9cf1b390-6581-4295-a49b-84f5a0249c4f,b3f1fd68-97bf-448c-b555-6f57c1700866,2024-06-05 07:06:00,059136e5-beb1-43f4-a3fe-9cc14dd0989b,600,44,644
36a9ab10-dbfa-429b-b040-25f38fe717ec,d7e381b1-2fcd-40d3-850a-95701efbfd4a,2024-06-05 15:28:00,059136e5-beb1-43f4-a3fe-9cc14dd0989b,400,30,430
c7831abb-3b06-42e7-86a9-fef51ddcf4e3,39ceb3c4-d968-4af0-8bd1-6010ee5cf91c,2024-06-05 08:13:00,059136e5-beb1-43f4-a3fe-9cc14dd0989b,700,52,752
bbc69dca-ddab-483a-85bd-710e0ab00ad2,6156c2e5-b70a-4109-9e08-c0c9d8dd1210,2024-06-05 08:07:00,059136e5-beb1-43f4-a3fe-9cc14dd0989b,600,44,644
dc17f6a9-b676-4d68-8683-4ee8eac9e35c,bc218511-0fcd-4e51-b161-55bb383e4157,2024-06-05 14:48:00,059136e5-beb1-43f4-a3fe-9cc14dd0989b,600,44,644
52799331-34c0-45a5-b001-38539fc3da96,1578fa35-446f-4174-9169-551e1d5edb6a,2024-06-05 08:11:00,059136e5-beb1-43f4-a3fe-9cc14dd0989b,400,30,430
5f9b1023-6aa1-405b-93a6-f35baf079453,4e33fa20-eeb2-4dd9-975c-8821869dfb64,2024-06-05 17:02:00,059136e5-beb1-43f4-a3fe-9cc14dd0989b,600,44,644
52bd09ed-f8d2-4a87-893c-0df06582816f,8c9bc24a-89cf-47a7-b3c3-328b2591676b,2024-06-05 17:33:00,059136e5-beb1-43f4-a3fe-9cc14dd0989b,400,30,430
3663d4c0-5f74-4478-91da-f5211b6a39a6,63358e1d-e741-46a1-a85b-f5b455bf59d4,2024-06-05 08:01:00,059136e5-beb1-43f4-a3fe-9cc14dd0989b,600,44,644
58248a1f-627f-479b-993f-bef0de905cfd,4a1cb362-b9e9-4214-bb0a-12df6b1ff970,2024-06-05 11:21:00,059136e5-beb1-43f4-a3fe-9cc14dd0989b,3500,262,3762
1cdc8286-b7f1-4b28-af86-7a94cfee50c5,ec31d820-7060-4567-9f40-46916bc49255,2024-06-05 18:34:00,059136e5-beb1-43f4-a3fe-9cc14dd0989b,400,30,430
fb09766e-40cc-451b-9a49-7955ab3246e0,24695eb9-42ed-4f0e-a598-7d6015e38e12,2024-06-05 11:55:00,059136e5-beb1-43f4-a3fe-9cc14dd0989b,1800,135,1935
4d13cb34-a366-4be1-bb5c-b385ebcac137,37a5320c-de51-4a39-8c68-2ff5e37f7a0a,2024-06-05 12:17:00,059136e5-beb1-43f4-a3fe-9cc14dd0989b,600,44,644
9df9e0bd-8d93-4435-b315-911a04eeb31d,da3c426d-80b6-4bc0-b424-a51a461fdf70,2024-06-05 13:23:00,059136e5-beb1-43f4-a3fe-9cc14dd0989b,2100,157,2257
7354adc1-c934-4a0d-89c9-896ea4e17a64,79aa2e3c-4191-4214-8732-6ece67a8c904,2024-06-05 14:20:00,059136e5-beb1-43f4-a3fe-9cc14dd0989b,600,44,644
35490349-5274-4c77-a21e-e1049447f488,879873ef-7ee7-45d1-a0f8-3ab1ff52b1de,2024-06-05 08:18:00,059136e5-beb1-43f4-a3fe-9cc14dd0989b,600,44,644
ee92da38-aeee-45f7-8937-3f79bfd72c1a,2e3f8a56-2251-44a8-8599-fc4cbd175ecb,2024-06-05 13:11:00,059136e5-beb1-43f4-a3fe-9cc14dd0989b,700,52,752
0b6a10ec-d0f4-4d81-9cfd-b4f630ce5782,4a85d967-5582-41b9-886e-b8899e3bb7ac,2024-06-05 15:38:00,059136e5-beb1-43f4-a3fe-9cc14dd0989b,1900,142,2042
be0dee22-abc3-40ba-8ea1-18d7768ef238,9bed6524-997f-46c1-a4d7-37e566808f48,2024-06-05 14:48:00,059136e5-beb1-43f4-a3fe-9cc14dd0989b,400,30,430
c4f3e525-f781-4361-9c5f-ab8157d16784,dbd8ef76-a438-4dc2-b931-58294ab0fdd3,2024-06-05 17:09:00,059136e5-beb1-43f4-a3fe-9cc14dd0989b,1900,142,2042
6eb31fca-0937-4f99-91a1-9127b786011a,757ad23d-2490-44ac-8683-ac603986068b,2024-06-05 07:00:00,059136e5-beb1-43f4-a3fe-9cc14dd0989b,400,30,430
dfeeb4d7-af87-43f9-b115-00629c8ff9a0,8e41ce23-0858-4778-bac4-f113515f4409,2024-06-05 07:50:00,059136e5-beb1-43f4-a3fe-9cc14dd0989b,600,44,644
a883660c-0ba9-4a26-8034-d43d375d4fb4,d3721883-cbf4-403c-86f4-addf916ec123,2024-06-05 13:20:00,059136e5-beb1-43f4-a3fe-9cc14dd0989b,600,44,644
954d333b-44d1-4c45-b72a-8f6ca3171839,ba2dedc4-88f5-4a08-868d-6687a7a2282f,2024-06-05 14:33:00,059136e5-beb1-43f4-a3fe-9cc14dd0989b,600,44,644
a2df5478-cbda-4465-a23f-0963e03edaf3,987ded3d-0eb7-4546-9a65-073dfc15621f,2024-06-05 08:55:00,059136e5-beb1-43f4-a3fe-9cc14dd0989b,500,37,537
e6ae2522-5ba2-43b2-b9f1-2406b7648808,842f310f-2bb8-42c0-8291-b26b81258980,2024-06-05 15:39:00,059136e5-beb1-43f4-a3fe-9cc14dd0989b,1700,127,1827
90141025-e55b-40b1-a396-6f1b1440ebf4,71226ce1-aac0-48fa-b99b-05a4ab69dde7,2024-06-05 08:01:00,059136e5-beb1-43f4-a3fe-9cc14dd0989b,600,44,644
10b0a2fe-d7ca-48cd-80aa-bcceff2585d3,83cd5e82-fcef-4b1a-9a26-3889abd99ee9,2024-06-05 07:44:00,059136e5-beb1-43f4-a3fe-9cc14dd0989b,500,37,537
c44835ac-8498-4f91-a80e-b31799f0bf29,e1279ada-8639-4103-93d1-7e4fe86e915a,2024-06-05 17:46:00,059136e5-beb1-43f4-a3fe-9cc14dd0989b,1700,127,1827
c9a139de-46cf-4eaa-b3fb-f8ec1cf7c03c,b3b08149-77d3-430b-b761-2b06c3d11e7a,2024-06-05 10:30:00,059136e5-beb1-43f4-a3fe-9cc14dd0989b,1200,89,1289
b4e85832-1103-4951-b1ad-29b0c5b38af2,41c9f26f-ad03-4bb6-b0c8-6c4754d887fc,2024-06-05 09:24:00,059136e5-beb1-43f4-a3fe-9cc14dd0989b,600,44,644
642df41b-112c-4dfb-9051-5e18236f2d16,bbd60ac7-5fef-454b-aabb-66031f4a499d,2024-06-05 08:13:00,059136e5-beb1-43f4-a3fe-9cc14dd0989b,500,37,537
0dbff71e-d394-46f3-9887-c8175b5de165,b6988737-8018-43b0-ae79-cd1c1da1db7a,2024-06-05 17:24:00,059136e5-beb1-43f4-a3fe-9cc14dd0989b,600,44,644
6092143f-323f-40c5-bcbb-4bcfe97591c2,aca90745-0103-44ba-b561-ead73d1be7f6,2024-06-05 14:49:00,059136e5-beb1-43f4-a3fe-9cc14dd0989b,1800,135,1935
b5d26c91-f922-4f2a-a72d-236d42ff7b0a,7a117ba4-34c0-4a2b-8950-ef18771fe5c7,2024-06-05 16:55:00,059136e5-beb1-43f4-a3fe-9cc14dd0989b,1600,120,1720
47ba1e27-6870-46f7-976e-54e608fae96f,e7cb0957-3b8a-4d78-807e-241cdafaf2a3,2024-06-05 11:12:00,059136e5-beb1-43f4-a3fe-9cc14dd0989b,0,0,0
9aa2e4b6-2db9-42a3-a5e5-7d01119dd225,9c13901c-0760-4290-bb22-b3cda0ae0492,2024-06-05 12:29:00,059136e5-beb1-43f4-a3fe-9cc14dd0989b,600,44,644
6cebbf4e-c9b5-4348-989b-8e87ec0362b1,4a4cedef-8e87-4c7e-8a57-a47178b26907,2024-06-05 11:51:00,059136e5-beb1-43f4-a3fe-9cc14dd0989b,1100,82,1182
81ca2a80-c70c-433b-8f58-ac4fe56e333d,df8e1c87-b450-4bdb-bb3d-982138f86dbf,2024-06-05 07:40:00,059136e5-beb1-43f4-a3fe-9cc14dd0989b,600,44,644
3d5c383a-f4e5-43ec-87c7-d9a0389bda19,2c6d229d-2be8-4b3f-b969-77e0a1b902ae,2024-06-05 16:19:00,059136e5-beb1-43f4-a3fe-9cc14dd0989b,1800,135,1935
cdec2a15-243a-4cf3-b864-acfeadf0eead,28bd6a31-b941-4df4-92da-9da703597e5b,2024-06-05 08:30:00,059136e5-beb1-43f4-a3fe-9cc14dd0989b,700,52,752
b6976e98-b6d9-4a90-a0d6-19bda7c19006,562a2cec-caac-4d07-918b-b4c60e4b1505,2024-06-05 08:13:00,059136e5-beb1-43f4-a3fe-9cc14dd0989b,700,52,752
38a65d08-894a-47a3-a5b3-774e65c9640e,bfaa418f-dc55-4a58-baf3-ae68dd84beb5,2024-06-05 08:00:00,059136e5-beb1-43f4-a3fe-9cc14dd0989b,600,44,644
c33811d0-ab29-432f-9efc-7e40c76be5e0,1f1cd553-ae63-4f46-9f5f-36c05ed4d698,2024-06-05 15:09:00,059136e5-beb1-43f4-a3fe-9cc14dd0989b,1700,127,1827
8adfaf42-3c30-4dbc-8dd1-11859cb7e84b,15ae0044-7c3f-4ed0-869e-0433ccb541aa,2024-06-05 16:43:00,059136e5-beb1-43f4-a3fe-9cc14dd0989b,2100,157,2257
85af5d91-3c88-417c-a349-4d87273ba2eb,c0baed56-16e4-4b70-8dc9-4cd5328cae45,2024-06-05 09:07:00,059136e5-beb1-43f4-a3fe-9cc14dd0989b,600,44,644
3840b36c-fc55-4f5f-83f0-c9b7bb44ba9f,2452dcd2-e948-40a1-b7ec-fb569ac29d4a,2024-06-05 14:27:00,059136e5-beb1-43f4-a3fe-9cc14dd0989b,1000,75,1075
86fc780b-89b7-4753-b9b8-b9954b6deefd,a38118ea-7e06-44e9-8f7e-e55707283e72,2024-06-05 09:58:00,059136e5-beb1-43f4-a3fe-9cc14dd0989b,2800,210,3010
4edb1931-41bb-4484-98b9-58366bc50274,f27c6496-674b-4200-bd45-ebe8b15fb7dc,2024-06-05 17:17:00,059136e5-beb1-43f4-a3fe-9cc14dd0989b,600,44,644
96ff9634-630b-4b5f-8f6c-74123f55dd16,5702df61-b819-4715-bb9e-ab49fcca2190,2024-06-05 07:13:00,059136e5-beb1-43f4-a3fe-9cc14dd0989b,500,37,537
8f414099-3e9c-4e69-b5a3-9d7b7ef5e66e,3485fe65-fd37-4579-9269-5e83713d1159,2024-06-05 14:35:00,059136e5-beb1-43f4-a3fe-9cc14dd0989b,1600,120,1720
ad0d001e-afee-4a10-87bd-7054eb657f45,4dd3cdca-7c84-4a3c-bee1-4cc40fe4f6c1,2024-06-05 14:31:00,059136e5-beb1-43f4-a3fe-9cc14dd0989b,600,44,644
56db5855-8eb4-4276-b9ca-d741c1d2f187,9f63dc82-925f-46ec-a127-dc0231bc789c,2024-06-05 13:50:00,059136e5-beb1-43f4-a3fe-9cc14dd0989b,1800,135,1935
684bc67d-c81d-468a-92f5-ad8424d33530,4b93879c-0737-40dd-b938-754c1fbf0384,2024-06-05 07:00:00,059136e5-beb1-43f4-a3fe-9cc14dd0989b,500,37,537
3b58bebb-9629-4d66-bbf0-f0bb2618411a,20a41bf6-7092-4e8e-82b9-8df54688b057,2024-06-05 15:46:00,059136e5-beb1-43f4-a3fe-9cc14dd0989b,1700,127,1827
0b85e82c-8f04-43b4-9938-429d98d548f8,f3eb936d-74aa-4b98-8acd-fb9136933e38,2024-06-05 16:47:00,059136e5-beb1-43f4-a3fe-9cc14dd0989b,1500,112,1612
2b9b703f-f8ca-49e7-b1d8-e27d64527caa,5ff6898e-6fbe-41b2-abb0-7bdf107eeb3b,2024-06-05 08:03:00,059136e5-beb1-43f4-a3fe-9cc14dd0989b,400,30,430
4093d432-c6ee-442a-99bb-58d5aadf12bc,d5ed11cf-a7a8-48e0-8db6-b53ea2b4215b,2024-06-05 08:19:00,059136e5-beb1-43f4-a3fe-9cc14dd0989b,400,30,430
33f6a6d3-d446-46ab-9baa-7a2eb49253e4,7c94f11c-d222-4fbf-8a10-b5dc85c91e8c,2024-06-05 08:50:00,059136e5-beb1-43f4-a3fe-9cc14dd0989b,600,44,644
7b6ef738-dfc8-4328-a299-411f6a4ae309,4cb59264-ffcc-452a-8b0e-82b2d93a13f8,2024-06-05 15:14:00,059136e5-beb1-43f4-a3fe-9cc14dd0989b,1100,82,1182
28644529-6448-46d3-86bc-7cb1f638fd82,4c363bb4-2a15-432c-9495-92cadf72cce8,2024-06-05 14:58:00,059136e5-beb1-43f4-a3fe-9cc14dd0989b,400,30,430
3a809af1-d5af-4bb5-9981-d543db1fc448,123f76cb-3dbe-4a9c-aa85-e0dc3091b169,2024-06-05 18:25:00,059136e5-beb1-43f4-a3fe-9cc14dd0989b,2100,157,2257
0239e00e-48b6-49c4-af0f-6902e9699189,86936775-52b3-40ab-9529-3d70c1d85b96,2024-06-05 11:57:00,059136e5-beb1-43f4-a3fe-9cc14dd0989b,700,52,752
e98de566-f2ed-4dec-a4e8-32677d04ab58,69b261e6-ada0-48de-94b4-7449a7e44a5f,2024-06-05 07:52:00,059136e5-beb1-43f4-a3fe-9cc14dd0989b,400,30,430
e289aded-2798-4250-a79f-204276b885ea,f0df6a71-0e23-4623-b363-cd454d8545bb,2024-06-05 12:13:00,059136e5-beb1-43f4-a3fe-9cc14dd0989b,600,44,644
494f138c-4b21-463d-8e69-1f1369756b8b,5b7ca844-231c-4062-ac6a-4b3b609e5c76,2024-06-05 07:28:00,059136e5-beb1-43f4-a3fe-9cc14dd0989b,700,52,752
1619949b-9be2-43fd-8776-23012e30cb92,4f346960-fad5-45cb-b2fb-aa2c25662998,2024-06-05 10:11:00,059136e5-beb1-43f4-a3fe-9cc14dd0989b,700,52,752
acf0ab1f-62d2-45d7-8d8e-2292100a4723,59fb0d19-c3ef-4659-9b3d-dfb568b3fedf,2024-06-05 12:46:00,059136e5-beb1-43f4-a3fe-9cc14dd0989b,600,44,644
d2e1ca6d-7c2a-4b93-a518-16b8e397f8f9,ab97f3ac-1614-471d-82d6-66432507cd64,2024-06-05 08:11:00,059136e5-beb1-43f4-a3fe-9cc14dd0989b,600,44,644
54447fa2-aed2-4973-88f3-65f9f30cd4bb,07a8b0a6-f708-4fe2-93b6-21978691ae73,2024-06-05 07:40:00,059136e5-beb1-43f4-a3fe-9cc14dd0989b,700,52,752
65feeee8-3de0-4944-b5f8-84035054fca5,34d82b57-4819-4794-9ca9-ea6574b20771,2024-06-05 08:00:00,059136e5-beb1-43f4-a3fe-9cc14dd0989b,600,44,644
6ae1512a-b8c1-468f-9121-b429ac6d1d37,e6e521f9-4263-4abe-8cb3-3aec564ed17b,2024-06-05 08:18:00,059136e5-beb1-43f4-a3fe-9cc14dd0989b,700,52,752
6280131c-81c6-4bf9-9b4d-fddd4c471af9,5ae0ad28-397e-48ae-b74c-cf5304acb96f,2024-06-05 11:59:00,059136e5-beb1-43f4-a3fe-9cc14dd0989b,1700,127,1827
332433a9-2b0f-4dcc-bf8f-ee51705c2cd3,0b4f304d-8026-4f2c-a91f-b3a7b61b8413,2024-06-05 10:41:00,059136e5-beb1-43f4-a3fe-9cc14dd0989b,500,37,537
18cf413f-842f-4686-96d9-476fa4710230,d7f9570e-4b88-4892-aee5-c747cf0505ce,2024-06-05 07:57:00,059136e5-beb1-43f4-a3fe-9cc14dd0989b,700,52,752
b11bfaa6-0d1a-408b-b339-3565feb2fc79,2fff5639-709b-454a-803a-084249a1f25f,2024-06-05 09:29:00,059136e5-beb1-43f4-a3fe-9cc14dd0989b,2100,157,2257
dea43398-b6ba-4d39-92c7-04d183a3c95d,65d98288-db49-45ad-8275-fe8812494280,2024-06-05 13:45:00,059136e5-beb1-43f4-a3fe-9cc14dd0989b,400,30,430
70b90459-2b72-45e4-9f0e-e080b8f41793,63179edd-cb4d-4c8a-83a4-01a0da3bb534,2024-06-05 12:26:00,059136e5-beb1-43f4-a3fe-9cc14dd0989b,700,52,752
c9235491-5919-4437-a0b7-6fe13253e44f,56efbcd8-63c0-44d5-8879-81f6a4ae9706,2024-06-05 08:22:00,059136e5-beb1-43f4-a3fe-9cc14dd0989b,600,44,644
bcf6011a-d798-45a7-a616-16041f349400,63c89071-7a92-40d7-b793-900c47a5567d,2024-06-05 08:44:00,059136e5-beb1-43f4-a3fe-9cc14dd0989b,400,30,430
629ffe7e-fef7-4484-8147-93fdb8e66500,34fbe879-d0cc-45b7-bf6b-da9542a4246f,2024-06-05 09:03:00,059136e5-beb1-43f4-a3fe-9cc14dd0989b,400,30,430
c2aca472-3a5c-47f9-8402-43ffa9d763d1,3ad06998-11c6-4642-bd7b-e7455a4d6da5,2024-06-05 11:22:00,059136e5-beb1-43f4-a3fe-9cc14dd0989b,700,52,752
c24afe11-5308-4235-8886-24f133602f4b,b2e021cb-5b71-4a44-9b75-49a8a45a5c8e,2024-06-05 12:18:00,059136e5-beb1-43f4-a3fe-9cc14dd0989b,500,37,537
61aa661b-81c7-4b14-9aa4-ca618af4543d,e8f1ac4f-82cd-44e6-9177-0af3eda24435,2024-06-05 13:03:00,059136e5-beb1-43f4-a3fe-9cc14dd0989b,500,37,537
b7be993d-d5bc-45f4-a313-7686779574cd,87013cfb-6a3d-4e3c-9e31-884b9f979690,2024-06-05 15:00:00,059136e5-beb1-43f4-a3fe-9cc14dd0989b,500,37,537
4d5c9cea-a45c-4853-99e0-88646813f5c6,3a515aa3-68cd-44aa-aace-5182631c4705,2024-06-05 14:46:00,059136e5-beb1-43f4-a3fe-9cc14dd0989b,400,30,430
3e900818-2fbd-4628-916c-4a5719a9b399,1c40cde4-4c0a-4cc5-8eaa-78b7d34c58eb,2024-06-05 07:09:00,059136e5-beb1-43f4-a3fe-9cc14dd0989b,700,52,752
d91d66ab-1e56-484e-83a9-9cf5dee05e20,416ddd70-f0ad-4d6c-8d08-827ca7466f48,2024-06-05 07:09:00,059136e5-beb1-43f4-a3fe-9cc14dd0989b,400,30,430
47edf802-88f5-424c-ae86-9dc229ee7cbf,6a0e68f2-fede-4f45-b3f8-b0325978c2a8,2024-06-05 08:16:00,059136e5-beb1-43f4-a3fe-9cc14dd0989b,600,44,644
1431ef93-9134-40ba-b3fc-107a0ff1951d,d6e7ed2a-93ac-4751-a20d-44a68642f9a7,2024-06-05 12:19:00,059136e5-beb1-43f4-a3fe-9cc14dd0989b,1600,120,1720
472fd401-44a1-42a0-819e-e92dd9ae4d4a,080b2366-0a35-4def-ac8c-f7d8ddbc407d,2024-06-05 08:39:00,059136e5-beb1-43f4-a3fe-9cc14dd0989b,500,37,537
646552ec-c5d6-4a30-b83b-fbee8856e7f4,98136fa4-c411-4fb7-9bed-a26308bbdf32,2024-06-05 07:25:00,059136e5-beb1-43f4-a3fe-9cc14dd0989b,600,44,644
fe65d4ca-b968-4426-ab5c-580ec5427bf5,3161ca22-7e0d-46c4-bfb0-c93e62c46ea8,2024-06-05 07:10:00,059136e5-beb1-43f4-a3fe-9cc14dd0989b,600,44,644
e0d7e317-5013-479f-a6ae-94609a2dfdec,82f6eacc-b18b-4dec-b170-5510d706e698,2024-06-05 08:10:00,059136e5-beb1-43f4-a3fe-9cc14dd0989b,700,52,752
9c0ea183-1385-4cb1-8452-7f84de526327,509898dd-5cbb-4917-ba83-cc39383ed6e1,2024-06-05 13:43:00,059136e5-beb1-43f4-a3fe-9cc14dd0989b,1200,89,1289
6510dbd5-ccd1-47a8-824c-e554cf4cef21,f3f341b2-c96e-47ce-85ed-17b514090f1f,2024-06-05 14:04:00,059136e5-beb1-43f4-a3fe-9cc14dd0989b,1200,89,1289
ead563fe-598c-46c8-a9c9-3623bd1011b7,e1ae5473-912b-494f-b4e4-c4323ccb5509,2024-06-05 07:45:00,059136e5-beb1-43f4-a3fe-9cc14dd0989b,600,44,644
269c6e67-874d-4fea-8e6c-b92a7662deac,335ffb1e-5b15-4ad8-bee9-60b00b39f402,2024-06-05 08:17:00,059136e5-beb1-43f4-a3fe-9cc14dd0989b,700,52,752
692e74ff-5493-4e1d-92bd-f657909d5908,3186b251-cfbc-4073-883d-2d622bb79b96,2024-06-05 07:10:00,059136e5-beb1-43f4-a3fe-9cc14dd0989b,600,44,644
7a755d28-181f-4ea5-8010-e0a9fbaaa464,ff548053-cb32-4f33-ada3-42db8f5e72d1,2024-06-05 12:52:00,059136e5-beb1-43f4-a3fe-9cc14dd0989b,400,30,430
823eaace-4040-4036-90a3-8cd403b7f320,0f5a922a-5641-4941-b276-2b3448dd706f,2024-06-05 07:56:00,059136e5-beb1-43f4-a3fe-9cc14dd0989b,700,52,752
9d5f97bf-5aee-4851-a5a9-03e1253a34fc,d40f4cac-3dde-4451-ae26-8817fa0ac508,2024-06-05 08:31:00,059136e5-beb1-43f4-a3fe-9cc14dd0989b,400,30,430
12f31aa6-9d12-4438-8dca-9e1ce8dee968,a685acd1-4a20-43ad-b355-36cf38348906,2024-06-05 13:33:00,059136e5-beb1-43f4-a3fe-9cc14dd0989b,1800,135,1935
46f30e6d-6a38-4a36-99bc-c12efd262667,ba528372-7be1-417a-8bd9-8b0cfc73b7a3,2024-06-05 15:10:00,059136e5-beb1-43f4-a3fe-9cc14dd0989b,2300,172,2472
8b4f2c68-871b-498f-8487-ee25df8b046e,da5cd671-cf27-4151-8076-5b2369981a8a,2024-06-05 07:12:00,059136e5-beb1-43f4-a3fe-9cc14dd0989b,600,44,644
cfaf1292-3ef0-4a19-bb2f-dbe65684562d,cf2886d3-4bb9-425f-9842-f6ab89f29851,2024-06-05 08:03:00,059136e5-beb1-43f4-a3fe-9cc14dd0989b,600,44,644
5cbe9891-c9a7-402c-95f2-db7cc0c95491,8afd022f-4b28-4638-856c-b2eb7da37530,2024-06-05 13:17:00,059136e5-beb1-43f4-a3fe-9cc14dd0989b,400,30,430
bec85615-d157-461a-914c-0fe642fe0ebc,e09bada2-10c3-44d2-9a3f-d595396ed00a,2024-06-05 15:36:00,059136e5-beb1-43f4-a3fe-9cc14dd0989b,1900,142,2042
c495df64-1780-4f6e-a6e5-0574b9543804,c001075b-b254-41b1-9251-e429aff98318,2024-06-05 17:04:00,059136e5-beb1-43f4-a3fe-9cc14dd0989b,500,37,537
6d98ac34-b757-4a95-a9d8-1a70a2e22153,f2ea92ed-0bee-479f-80a4-d186c2c16020,2024-06-05 16:02:00,059136e5-beb1-43f4-a3fe-9cc14dd0989b,600,44,644
bea416b7-7570-477c-bb25-efa73e45cfb4,99cd74d7-57ce-4af8-b7ce-2b0f74150ded,2024-06-05 15:07:00,059136e5-beb1-43f4-a3fe-9cc14dd0989b,1800,135,1935
09ffdc18-4c9b-48c5-86fe-b9c7b3b89f2a,f5b542da-7d69-4d0d-93d2-004996d805d9,2024-06-05 18:18:00,059136e5-beb1-43f4-a3fe-9cc14dd0989b,2100,157,2257
67e622a8-35dc-4dc0-b793-d2e27a89cd43,537f56af-b73f-4cd3-90e9-5901fb0cf6e1,2024-06-05 07:32:00,059136e5-beb1-43f4-a3fe-9cc14dd0989b,600,44,644
ac7198b0-76ab-4d70-9044-b6e1f1b5ef02,deca356d-a271-49eb-a57e-cefebda03b0d,2024-06-05 08:23:00,059136e5-beb1-43f4-a3fe-9cc14dd0989b,400,30,430
36e064eb-6bf0-4d0d-a5ab-26a917c96538,cb93f4d2-85c6-416a-9d28-2ebba8219fc2,2024-06-05 08:26:00,059136e5-beb1-43f4-a3fe-9cc14dd0989b,500,37,537
f4ed7019-fa0e-41f5-9efe-42a6b2a4883b,cf4af158-856c-40ca-a09e-bc39cc5bcc57,2024-06-05 16:46:00,059136e5-beb1-43f4-a3fe-9cc14dd0989b,2500,187,2687
715e746f-7ecb-469b-816c-9ef8dbdb7ee2,65587b67-2db3-4f9e-9532-5a8b5168baeb,2024-06-05 13:01:00,059136e5-beb1-43f4-a3fe-9cc14dd0989b,1200,89,1289
f9a5d350-1b03-4882-bbbd-e731abc4e7f4,bdb34ac4-1425-4a78-ab36-06203eb04d7e,2024-06-05 15:40:00,059136e5-beb1-43f4-a3fe-9cc14dd0989b,700,52,752
f8b64f51-9fd2-4714-844b-7bea5f1498f2,646780ab-c1fe-4d83-84c6-3a20021869b8,2024-06-05 13:58:00,059136e5-beb1-43f4-a3fe-9cc14dd0989b,600,44,644
789a188d-568e-4c75-bf2b-af50e84448e4,5893c78f-be68-4535-87e4-b9e0a3100d8a,2024-06-05 14:39:00,059136e5-beb1-43f4-a3fe-9cc14dd0989b,600,44,644
b2af0ddd-fc69-4bbf-bb0c-0500ff3b4880,5a85894e-8877-4fe8-abc7-25ee8d4f3683,2024-06-05 08:09:00,059136e5-beb1-43f4-a3fe-9cc14dd0989b,500,37,537
b1ea7fa0-2f6b-42d4-887f-9c8aa860f33f,ff167039-ce55-49a9-a653-d00a88d17fc9,2024-06-05 11:06:00,059136e5-beb1-43f4-a3fe-9cc14dd0989b,2300,172,2472
bd46d4de-020b-4dca-9a04-7581709feb3e,3cd5fd88-7f74-4f00-bf62-641e6d5c8743,2024-06-05 07:37:00,059136e5-beb1-43f4-a3fe-9cc14dd0989b,600,44,644
80becddb-70ec-4f01-a42f-c8a2131b04b1,525b7cde-507b-42ab-9ca4-f010a9e8de28,2024-06-05 07:59:00,059136e5-beb1-43f4-a3fe-9cc14dd0989b,700,52,752
0b1b1bef-00c3-44c3-9898-80ab498c974f,62f4378e-2f4d-428a-ab62-b2c3950af0f0,2024-06-05 10:04:00,059136e5-beb1-43f4-a3fe-9cc14dd0989b,400,30,430
ec9ef15e-0c34-4ca5-919d-f0304b33fe7a,35b4c9ee-b015-4921-8fb3-e18d94ba2acf,2024-06-05 07:31:00,059136e5-beb1-43f4-a3fe-9cc14dd0989b,600,44,644
bf1e2cfe-a42e-4ca5-924a-f15fb898aaa8,429f4082-8e25-42a4-8b71-03eb45a90da2,2024-06-05 14:03:00,059136e5-beb1-43f4-a3fe-9cc14dd0989b,600,44,644
a44ade67-cd0c-499b-ac99-a099705e21af,c1acbc40-5acf-4438-a21b-2b260df6a4bb,2024-06-05 08:29:00,059136e5-beb1-43f4-a3fe-9cc14dd0989b,500,37,537
570865f4-025d-4968-a716-c03df157a9b1,eb946b01-b4e4-4e83-921f-8bdfa6bf8779,2024-06-05 07:38:00,059136e5-beb1-43f4-a3fe-9cc14dd0989b,700,52,752
ac86c2a2-be0c-4c3f-bf5b-d1fc4850075b,081fc5fe-a7fa-4c01-91bc-e6a535fc566e,2024-06-05 14:55:00,059136e5-beb1-43f4-a3fe-9cc14dd0989b,700,52,752
83e81b1a-6602-4cc7-8de1-7519b36874c3,179447a8-7285-4bb4-a34a-03071446d270,2024-06-05 07:13:00,059136e5-beb1-43f4-a3fe-9cc14dd0989b,600,44,644
692d62a9-6a1d-47c3-8f25-abd42131c450,51422d77-7918-4d57-88ed-225044f0d654,2024-06-05 07:00:00,059136e5-beb1-43f4-a3fe-9cc14dd0989b,500,37,537
e2b111ee-bf09-40de-9dcb-adfa533b9a22,508ad1fb-30cb-4403-a945-efca555fc603,2024-06-05 09:18:00,059136e5-beb1-43f4-a3fe-9cc14dd0989b,400,30,430
80ffaafb-5a19-43d8-b408-1ba03bf32fad,c67e5298-2e23-483d-9271-f3a407d60b98,2024-06-05 07:25:00,059136e5-beb1-43f4-a3fe-9cc14dd0989b,600,44,644
48709644-8d64-4d42-bd8e-5887600c07d4,cc0e1091-f21f-4062-a932-82374bcee4ac,2024-06-05 11:31:00,059136e5-beb1-43f4-a3fe-9cc14dd0989b,1800,135,1935
2e84b604-56bb-46c4-b440-eb39c8f79280,7881f065-465b-4e32-a7e5-688fb2bbb84e,2024-06-05 08:15:00,059136e5-beb1-43f4-a3fe-9cc14dd0989b,600,44,644
29da553b-0a2a-4d71-bcc9-b87e9bbfe9b4,7bdf9ccb-e86a-457c-a8d0-b3064be99f48,2024-06-05 11:57:00,059136e5-beb1-43f4-a3fe-9cc14dd0989b,1500,112,1612
4779b07d-3ebe-402b-8665-4687b27aa97e,ec70abb1-0f2b-4f84-8df9-c07a3d01ce2d,2024-06-05 08:08:00,059136e5-beb1-43f4-a3fe-9cc14dd0989b,400,30,430
301a839c-00cb-4c44-af7d-e36910a28cb2,4bc8d1b3-b47e-4bb4-8531-37a7694b301a,2024-06-05 08:18:00,059136e5-beb1-43f4-a3fe-9cc14dd0989b,600,44,644
8d2b15e3-111b-414c-8bfb-a7434a88780d,cfbb01a6-b92f-49e8-b0ad-73c464ec17b0,2024-06-05 08:57:00,059136e5-beb1-43f4-a3fe-9cc14dd0989b,700,52,752
ba828e94-0634-40cc-91e7-b831fa416d5c,6760fa7e-0ff8-4391-bc15-ebc006f502a7,2024-06-05 16:57:00,059136e5-beb1-43f4-a3fe-9cc14dd0989b,600,44,644
c10afa74-b886-4566-9591-c25bd4429eca,78fdcf56-3a2e-4c02-b8c1-2268dc126226,2024-06-05 14:05:00,059136e5-beb1-43f4-a3fe-9cc14dd0989b,1700,127,1827
e66c168f-db16-4f12-a3f8-1e1df0ec6cb8,b933b8d1-2777-4f0a-a2da-d98923e7b020,2024-06-05 11:29:00,059136e5-beb1-43f4-a3fe-9cc14dd0989b,500,37,537
9c2021cf-7fc2-40dd-a349-586363e199f8,c94f282d-c27f-43b3-9a37-89551f87c760,2024-06-05 08:22:00,059136e5-beb1-43f4-a3fe-9cc14dd0989b,700,52,752
54e5cadb-0d68-4491-b958-9a375240973a,223b2d25-636a-4e2e-af36-e18af1f6ede8,2024-06-05 10:53:00,059136e5-beb1-43f4-a3fe-9cc14dd0989b,700,52,752
9ffc68a9-5c7c-44b4-8462-b28432d0d5ea,8031e143-2b42-4f78-ab00-4368a3dd4e0f,2024-06-05 11:30:00,059136e5-beb1-43f4-a3fe-9cc14dd0989b,800,60,860
a360d641-01b6-4d41-9667-2b9956314c39,c99be7e2-14e8-4887-a6a1-c3840ca440e4,2024-06-05 16:52:00,059136e5-beb1-43f4-a3fe-9cc14dd0989b,2100,157,2257
4f612770-4408-4ea6-a82b-20aec456a12f,1ead5dd0-3b9e-404d-80f2-7861e930f91c,2024-06-05 19:04:00,059136e5-beb1-43f4-a3fe-9cc14dd0989b,1700,127,1827
7def631e-f8f6-4ccd-b94a-f67c212a24e8,e4368907-ea3f-41b2-991d-8a7eb4544b10,2024-06-05 12:09:00,059136e5-beb1-43f4-a3fe-9cc14dd0989b,1100,82,1182
a1c189af-6478-4276-b832-707428ac7189,5387a336-309f-46ad-8ff0-c88002123cd1,2024-06-05 13:39:00,059136e5-beb1-43f4-a3fe-9cc14dd0989b,500,37,537
d047c214-0cd9-45c3-8d19-6da900c94b9f,b8f59e83-f045-498d-8359-f97af9a52e2a,2024-06-05 10:46:00,059136e5-beb1-43f4-a3fe-9cc14dd0989b,400,30,430
dcb76d4b-2649-4b1e-9c36-095611f0ebb6,48a627c0-ee76-49ed-a973-831b71164cf6,2024-06-05 07:58:00,059136e5-beb1-43f4-a3fe-9cc14dd0989b,400,30,430
bcdba662-669a-4626-8441-32ab759a19f7,8437dbcc-d837-403b-93dd-6b6b89046f67,2024-06-05 08:41:00,059136e5-beb1-43f4-a3fe-9cc14dd0989b,500,37,537
da8cb953-1bf8-49f8-9150-b509eb51f5f3,b6b3e2f5-352e-401a-967f-e80b22835181,2024-06-05 07:43:00,059136e5-beb1-43f4-a3fe-9cc14dd0989b,600,44,644
93e7678e-e1b4-4aa1-be40-18d2983629e7,be772447-4e61-4f84-aaf4-1631d43476f6,2024-06-05 17:00:00,059136e5-beb1-43f4-a3fe-9cc14dd0989b,2100,157,2257
1a19b86d-6aa1-4817-92c8-0e25f05c780c,529aeb1a-d311-4a43-884e-e717d5e3cad0,2024-06-05 13:21:00,059136e5-beb1-43f4-a3fe-9cc14dd0989b,500,37,537
b0652322-3729-44ca-98d0-b9e20a1ed027,90cc7c61-1525-466e-96a5-004a27f62856,2024-06-05 16:59:00,059136e5-beb1-43f4-a3fe-9cc14dd0989b,700,52,752
dab4948f-002b-4400-ad7e-188ce2bbd1fd,f7250eed-7b37-49f8-ad82-3b0b965d0120,2024-06-05 16:08:00,059136e5-beb1-43f4-a3fe-9cc14dd0989b,1700,127,1827
543f19f5-cbd5-450c-aa45-3b98640599af,9ed84a6c-24d1-4a91-91d7-7e3b9667fb75,2024-06-05 18:31:00,059136e5-beb1-43f4-a3fe-9cc14dd0989b,1100,82,1182
8a4f4013-a7b0-4b48-8594-73c82958ebfb,86342a05-6726-4583-98d2-568fa9bcb114,2024-06-05 14:41:00,059136e5-beb1-43f4-a3fe-9cc14dd0989b,2200,165,2365
c72f2bf4-48f8-4f43-a402-4d5944217c44,96ebbc87-f9c3-4880-b19d-6b115c1d06a9,2024-06-05 18:02:00,059136e5-beb1-43f4-a3fe-9cc14dd0989b,700,52,752
b7a678d7-464b-4322-b240-3dbded62b55e,95d94379-7e44-44b8-869c-b0c1a76573f9,2024-06-05 08:29:00,059136e5-beb1-43f4-a3fe-9cc14dd0989b,600,44,644
068bd4a7-a3c1-49b9-b045-7fce47b16dee,0a79873f-dfaf-4351-b871-82923dc405c3,2024-06-05 17:21:00,059136e5-beb1-43f4-a3fe-9cc14dd0989b,600,44,644
4c00885a-9bcf-409e-8c3d-af49c67b0147,bf526f3f-3326-4dee-a147-afdb0b21f9d0,2024-06-05 07:43:00,059136e5-beb1-43f4-a3fe-9cc14dd0989b,600,44,644
703bdf1a-7528-4cf8-ac84-f9f1dc0ac09e,54896ad7-a568-4185-8256-e3d170c8f235,2024-06-05 07:49:00,059136e5-beb1-43f4-a3fe-9cc14dd0989b,700,52,752
9ce0fc27-e6f8-4537-a96b-b8ff61995800,980904e6-1f3f-4d1c-9941-bf341f315e6e,2024-06-05 07:00:00,059136e5-beb1-43f4-a3fe-9cc14dd0989b,600,44,644
7b082681-28ec-4ad6-bf73-74a15df12587,61658487-1dbc-4dfc-bb5e-cc6862adf39a,2024-06-05 08:10:00,059136e5-beb1-43f4-a3fe-9cc14dd0989b,500,37,537
00fe7760-a790-476e-a7d8-ec73b531002c,71febbc1-2d32-460b-adee-3fe28d05d862,2024-06-05 07:19:00,059136e5-beb1-43f4-a3fe-9cc14dd0989b,400,30,430
c039cd9e-908c-4c4f-aac1-2eacb7b7e2aa,1983b588-cc8c-4486-9324-15dde1e28b95,2024-06-05 08:09:00,059136e5-beb1-43f4-a3fe-9cc14dd0989b,500,37,537
700d4c93-dec5-4b2f-be54-6ffa8b4d0b41,f9235efd-9086-44e7-9a3e-6690eacebd47,2024-06-05 08:46:00,059136e5-beb1-43f4-a3fe-9cc14dd0989b,700,52,752
144e3dd3-6446-499b-87f5-aaa8b9de909c,9f0a6984-4240-496d-89c0-001579285282,2024-06-05 12:24:00,059136e5-beb1-43f4-a3fe-9cc14dd0989b,1200,89,1289
eb10ae9c-7c99-4cc4-9905-b042efd81b97,9975d2cb-8b6a-4d55-9cd7-65b71f75b675,2024-06-05 08:18:00,059136e5-beb1-43f4-a3fe-9cc14dd0989b,400,30,430
48b24121-c0a4-48f1-910c-551c7d00cbb8,1e93548e-a310-47d0-bb52-0b660deefca6,2024-06-05 10:51:00,059136e5-beb1-43f4-a3fe-9cc14dd0989b,3300,247,3547
215b65d7-0f33-46fb-9d21-63ae30854d2e,a3087371-9834-41e5-b616-5906186f66e7,2024-06-05 14:43:00,059136e5-beb1-43f4-a3fe-9cc14dd0989b,2400,179,2579
f19e6919-9c8d-4d5c-b72a-48ba39545b50,8241d5ee-dc4e-4450-adeb-952f814563f6,2024-06-05 12:02:00,059136e5-beb1-43f4-a3fe-9cc14dd0989b,400,30,430
21ad5615-0231-450c-9f26-8833c28cbc31,bc968d3f-f335-49c5-b7d1-a1c1b2c0df9d,2024-06-05 13:28:00,059136e5-beb1-43f4-a3fe-9cc14dd0989b,600,44,644
edfaf215-0679-49f3-b63e-08ae1d0fd867,1e221d26-6807-4370-b901-a5ac94702440,2024-06-05 19:15:00,059136e5-beb1-43f4-a3fe-9cc14dd0989b,1800,135,1935
b3d554ff-bdec-41b8-89bf-654b74096f36,239b8d39-765a-472e-8b88-611bdc0e7812,2024-06-05 08:48:00,059136e5-beb1-43f4-a3fe-9cc14dd0989b,700,52,752
86019723-4698-4891-b0c0-7368393a1b13,6fcb3e33-b407-4fad-a95e-92178dcd8a34,2024-06-05 08:20:00,059136e5-beb1-43f4-a3fe-9cc14dd0989b,500,37,537
220ae14a-f0ce-41d0-8323-dc97b14f0e1d,8164d8c7-ed86-48e2-ba04-4b693a90a81a,2024-06-05 14:36:00,059136e5-beb1-43f4-a3fe-9cc14dd0989b,2600,195,2795
096a54df-9963-4560-8b50-9c702373706c,d205e228-5571-48e7-bd0c-046c3e33704e,2024-06-05 17:32:00,059136e5-beb1-43f4-a3fe-9cc14dd0989b,700,52,752
2940495d-48a1-4ba4-833c-01d523444f0a,04c195d4-4dc6-47ab-8951-45427e72b536,2024-06-05 10:58:00,059136e5-beb1-43f4-a3fe-9cc14dd0989b,600,44,644
b14a3085-4679-4e6d-bcda-d788a14a35d0,3888e62f-5ebe-49cf-93e8-70e8eb32a0de,2024-06-05 08:03:00,059136e5-beb1-43f4-a3fe-9cc14dd0989b,600,44,644
f4f5d448-1e59-4af4-89aa-3e32983e5e30,c085eeee-229f-4875-866c-4edc1617d158,2024-06-05 07:01:00,059136e5-beb1-43f4-a3fe-9cc14dd0989b,600,44,644
40cb6620-ddda-41f7-b6f5-edca56bdf849,b99f585b-4ca3-44d8-ad60-fba8444d6a54,2024-06-05 17:19:00,b5941a70-cf63-407e-8c24-c979e7f61e45,1300,52,1352
c55a302d-39f9-40ed-8a94-64155bba7133,34e3fa3a-3e73-4d2a-bd8f-4aeb7d8b2231,2024-06-05 12:55:00,b5941a70-cf63-407e-8c24-c979e7f61e45,1500,60,1560
f5e56d16-2c0a-4d6d-bddc-becd7cba38a0,52b125df-443d-44c5-bfc6-8a5f3124d3ef,2024-06-05 17:38:00,b5941a70-cf63-407e-8c24-c979e7f61e45,600,24,624
78a22acf-c125-4548-814a-5c44b7c42a77,c1204cb7-2364-40d5-8a6b-d3c001faae6f,2024-06-05 07:46:00,b5941a70-cf63-407e-8c24-c979e7f61e45,400,16,416
7fe06c62-e720-4129-9814-8a4a4a0c95b6,def6a9d5-036b-4315-998b-47908bc1c8ad,2024-06-05 08:01:00,b5941a70-cf63-407e-8c24-c979e7f61e45,600,24,624
3f5995c4-b31e-44e3-8684-997d8e6331f1,fa793654-137e-43d4-b206-81e8119b1b4e,2024-06-05 13:31:00,b5941a70-cf63-407e-8c24-c979e7f61e45,1600,64,1664
6d7a42ee-fa0f-40e5-a075-58b5561c5ca8,b348e89f-677a-4d48-a58b-b4c9448f50a1,2024-06-05 07:11:00,b5941a70-cf63-407e-8c24-c979e7f61e45,400,16,416
d3d09814-7286-4eed-897f-51486b2e560e,8903ed0e-aebe-4557-b8ac-6a0b252ebdbe,2024-06-05 07:56:00,b5941a70-cf63-407e-8c24-c979e7f61e45,400,16,416
91ab9562-8787-4daa-8891-00bbabb16e30,2b95812c-96e3-4c71-b994-40bd090d6422,2024-06-05 11:05:00,b5941a70-cf63-407e-8c24-c979e7f61e45,700,28,728
e22caccc-6a89-49ed-8868-946614e76bc3,cfe678c2-234b-4b62-809d-8caee64e6323,2024-06-05 08:50:00,b5941a70-cf63-407e-8c24-c979e7f61e45,400,16,416
c55e0ffa-84f4-4332-b9de-6fe19e2bd975,c736210a-434f-4b33-955c-6fdf5e35768c,2024-06-05 16:54:00,b5941a70-cf63-407e-8c24-c979e7f61e45,600,24,624
41971b43-e267-44fc-8210-04eaea87cc14,162093d1-12b1-4f06-9ff7-56f2f0a73461,2024-06-05 10:35:00,b5941a70-cf63-407e-8c24-c979e7f61e45,500,20,520
68554dbf-67cb-4ba2-9071-c4b62aa9f3d8,1fae0647-4b82-491d-87b6-ea025c9256a3,2024-06-05 16:53:00,b5941a70-cf63-407e-8c24-c979e7f61e45,1500,60,1560
3f1d8f44-652a-4b57-9f1d-395763e5c762,e4d7d41d-35a6-4e84-89d9-d475369a8b15,2024-06-05 18:06:00,b5941a70-cf63-407e-8c24-c979e7f61e45,600,24,624
47c7650b-6132-4787-9032-9f33dcd69cb3,3fd94dc1-a86f-4596-88c9-1653eff665a6,2024-06-05 16:58:00,b5941a70-cf63-407e-8c24-c979e7f61e45,600,24,624
fc7bb015-b3d4-446a-976f-498c10e1d255,863da1ea-a81b-4946-b9d9-3194617e23d8,2024-06-05 07:00:00,b5941a70-cf63-407e-8c24-c979e7f61e45,400,16,416
5c15579c-9575-4186-bc15-08b1d07c6374,4e5b9daf-b244-4898-87df-7b1b1eb21c5f,2024-06-05 12:02:00,b5941a70-cf63-407e-8c24-c979e7f61e45,4200,168,4368
02d21de0-91bd-40ec-b5e7-ce996a7a0b94,d3c03d2b-e214-4128-b959-7cbb00080b81,2024-06-05 08:08:00,b5941a70-cf63-407e-8c24-c979e7f61e45,400,16,416
8bf7d42c-5cd5-4a4c-b4e0-3bdb0adeac71,e835ed2d-f124-4491-ac98-63c5d43f5b22,2024-06-05 07:53:00,b5941a70-cf63-407e-8c24-c979e7f61e45,500,20,520
c77687d7-7082-48f9-b4b9-e37f9dc1e0da,84446a2a-0a45-4348-9c17-8317f660ad1d,2024-06-05 08:16:00,b5941a70-cf63-407e-8c24-c979e7f61e45,500,20,520
5b487bde-cb18-420a-872f-562cc7f361a7,855ad166-da80-4dee-8c53-b239e364b074,2024-06-05 07:00:00,b5941a70-cf63-407e-8c24-c979e7f61e45,400,16,416
310a491a-3e5b-4eb3-bf86-30a0d13652f8,9f09c473-3854-4d8e-8123-09976c23a1b9,2024-06-05 07:49:00,b5941a70-cf63-407e-8c24-c979e7f61e45,600,24,624
39ef1489-4525-4569-ab34-a051e38e501d,35cb739c-aa7a-4612-b4d0-01c8e37a6c7f,2024-06-05 14:04:00,b5941a70-cf63-407e-8c24-c979e7f61e45,400,16,416
8aae7ea4-8b64-4a7d-8444-67c75b8f6345,665a35f4-221f-4277-8334-627eacce41fd,2024-06-05 11:48:00,b5941a70-cf63-407e-8c24-c979e7f61e45,600,24,624
a37d5da9-0164-414f-9b9c-50b45695ce26,22d560dc-7d37-4c64-a28e-bf2e181c0a81,2024-06-05 12:55:00,b5941a70-cf63-407e-8c24-c979e7f61e45,700,28,728
944ccc5a-d258-430d-9bb3-439497fb5d05,bf200f85-febd-42c5-be55-f8285e5f92c1,2024-06-05 07:26:00,b5941a70-cf63-407e-8c24-c979e7f61e45,700,28,728
fe163023-8511-4de5-9a43-d1c7100a2524,783d638a-a73b-4d58-a792-5b07857366ef,2024-06-05 11:43:00,b5941a70-cf63-407e-8c24-c979e7f61e45,600,24,624
729577e6-c93d-4f3d-be33-035a177a7f91,a3cce527-a7ce-45c1-88eb-1e35f39d9d7d,2024-06-05 09:45:00,b5941a70-cf63-407e-8c24-c979e7f61e45,0,0,0
3f26dba5-3cd1-42bc-8c33-eb69ad3c120d,38e487ca-cf63-4a0a-a0ea-4eb06aa1c914,2024-06-05 08:10:00,b5941a70-cf63-407e-8c24-c979e7f61e45,2000,80,2080
6a88de28-3a7f-40e3-b9e7-322535ce9824,1dc81d14-661d-4552-afc5-3ac554af03a8,2024-06-05 14:38:00,b5941a70-cf63-407e-8c24-c979e7f61e45,600,24,624
74caaac0-ffe9-441c-bc38-b80101469628,eb00c2dc-d709-4af6-801a-5bae8ad2e4da,2024-06-05 09:06:00,b5941a70-cf63-407e-8c24-c979e7f61e45,1200,48,1248
15ba8ce8-1eb2-4f12-af02-0675e94f9718,3026827e-4594-4e12-9104-4393294a37c1,2024-06-05 08:26:00,b5941a70-cf63-407e-8c24-c979e7f61e45,600,24,624
28540957-445b-4350-b62a-3a1aff043a4f,a52016eb-4b27-48c0-b3a0-f34fb0fc0ca8,2024-06-05 07:52:00,b5941a70-cf63-407e-8c24-c979e7f61e45,500,20,520
44c0c9c4-1b96-4466-a109-79c66bbf71d5,49eeffff-dad6-4307-984c-99e7add468e3,2024-06-05 12:50:00,b5941a70-cf63-407e-8c24-c979e7f61e45,1800,72,1872
a3a537a4-61fa-47f9-bf19-1f6a6230cbb6,d520e1c0-909a-4413-a2a1-e8f27b7751b3,2024-06-05 12:31:00,b5941a70-cf63-407e-8c24-c979e7f61e45,400,16,416
628bfac3-8b97-43a2-a2f0-000163a4a321,5f9d6e13-18b2-47d0-8f5d-6acc5cdf4a27,2024-06-05 07:57:00,b5941a70-cf63-407e-8c24-c979e7f61e45,600,24,624
252f6ac7-6672-4e3c-b407-1acf531bf597,6555ae72-a22c-4480-a4e6-26cee8a445be,2024-06-05 07:00:00,b5941a70-cf63-407e-8c24-c979e7f61e45,400,16,416
1437c60f-3814-4c8b-b32a-668bacc78fd0,89bb868a-8886-49a5-aa72-5e3a25626304,2024-06-05 08:03:00,b5941a70-cf63-407e-8c24-c979e7f61e45,600,24,624
c45cf9c1-c726-4c01-9a14-1ca5f5763565,d77e9950-184e-411c-b78a-a5d36b2bdd7b,2024-06-05 12:03:00,b5941a70-cf63-407e-8c24-c979e7f61e45,600,24,624
26326cab-ef06-4af0-8e5d-8ff0ca2f6663,5bdef59a-94a7-4f55-a527-34a14a8ddcd4,2024-06-05 11:33:00,b5941a70-cf63-407e-8c24-c979e7f61e45,600,24,624
c1857828-9102-4e3e-8213-be46020b4bfb,810f2190-c36f-4061-be67-f071ea5b49f9,2024-06-05 07:40:00,b5941a70-cf63-407e-8c24-c979e7f61e45,400,16,416
c671511f-205e-48e4-8613-97777e8ae63a,a9a9ae60-fe0f-401e-ba74-89076abb8301,2024-06-05 10:35:00,b5941a70-cf63-407e-8c24-c979e7f61e45,2700,108,2808
cd16cf50-4d3e-420a-85b9-877b8ec3862c,431cb83d-f3aa-4b3d-8263-0e4c31ea214a,2024-06-05 18:35:00,b5941a70-cf63-407e-8c24-c979e7f61e45,700,28,728
1e1a70c3-ee44-47ab-9423-9495ba9cd181,58661011-90b9-46de-a9c1-8e1f17803683,2024-06-05 07:38:00,b5941a70-cf63-407e-8c24-c979e7f61e45,400,16,416
60cd63a9-4171-4d31-9d0f-dfa909fca4fb,0cc54e37-2408-4b86-9b5e-307919784f57,2024-06-05 16:02:00,b5941a70-cf63-407e-8c24-c979e7f61e45,1700,68,1768
d3aac291-d143-4e3d-a74d-acb8825f86f8,82c401a8-0323-4d08-ac5c-94d255bbf98f,2024-06-05 07:39:00,b5941a70-cf63-407e-8c24-c979e7f61e45,400,16,416
2147bf53-5a50-4d8c-8344-5ba94c583f57,57542780-7d0d-4011-a4c6-2130ee9171eb,2024-06-05 13:32:00,b5941a70-cf63-407e-8c24-c979e7f61e45,1500,60,1560
b9e8fae4-2910-4f93-9b6e-d867be77dec2,59c58e4f-9f02-4032-8725-a11f99244dd1,2024-06-05 12:05:00,b5941a70-cf63-407e-8c24-c979e7f61e45,1900,76,1976
d3701327-77bb-4757-8dc0-960e46ab9739,3edc512f-6a6e-47a4-8b78-d15efb3b5e04,2024-06-05 07:40:00,b5941a70-cf63-407e-8c24-c979e7f61e45,600,24,624
f6ed90a6-d712-4b6b-a601-22ea83661567,c7c559d5-03ff-4091-8ad8-9a0334051778,2024-06-05 15:14:00,b5941a70-cf63-407e-8c24-c979e7f61e45,600,24,624
3008a720-7a2c-4fb0-a148-9652c07679b3,ce41a0de-b655-4e68-b41e-43a38e82b5ae,2024-06-05 12:55:00,b5941a70-cf63-407e-8c24-c979e7f61e45,600,24,624
430cc1f1-2ac4-4c28-bb7d-526c754e253e,8c5fa099-c06b-40f4-89d4-8cf99468b397,2024-06-05 07:58:00,b5941a70-cf63-407e-8c24-c979e7f61e45,600,24,624
2fa2e7cc-1a17-4e01-a89b-daeaf34cf803,ca5ef5f0-0607-4476-b0a6-40717d0c8a13,2024-06-05 19:02:00,b5941a70-cf63-407e-8c24-c979e7f61e45,700,28,728
525a0ec2-c939-42a5-a5b3-d70a18b436ec,90afd4e3-d40c-4469-a511-0b1c2d303cb2,2024-06-05 13:26:00,b5941a70-cf63-407e-8c24-c979e7f61e45,1900,76,1976
f70038b1-f7cc-417e-89a6-62bacf667c0e,cf9d7199-1173-46cf-9a15-c3bbca414e26,2024-06-05 14:34:00,b5941a70-cf63-407e-8c24-c979e7f61e45,1700,68,1768
ba503ac9-9c6e-44a3-ae29-8be9f9816825,e16637ca-b05a-4c31-a176-d2419ec2e18a,2024-06-05 14:23:00,b5941a70-cf63-407e-8c24-c979e7f61e45,1800,72,1872
cb9b6e2b-f4b8-4d59-8a69-1fcd5d6868a7,596caac8-7411-4225-9b52-3a11d72f2653,2024-06-05 08:39:00,b5941a70-cf63-407e-8c24-c979e7f61e45,600,24,624
861e95cd-3b03-44a8-b760-f59f17378bc8,a921920a-817e-4311-8a3b-c77f11b97964,2024-06-05 17:32:00,b5941a70-cf63-407e-8c24-c979e7f61e45,600,24,624
698726b3-f84a-475b-aef6-66ccf39100e4,46172e79-619e-4077-af99-369c4d7f6c1a,2024-06-05 12:55:00,b5941a70-cf63-407e-8c24-c979e7f61e45,400,16,416
b74d45ff-292e-4f6c-967e-ddd4b796ad3b,a539224e-6827-4978-a90a-98965dc8bf1a,2024-06-05 14:40:00,b5941a70-cf63-407e-8c24-c979e7f61e45,500,20,520
f91a9e4f-2b89-4651-9855-81483d1f206c,b5e4f088-535a-4d1a-9dfc-1f0f1a5bbb31,2024-06-05 12:17:00,b5941a70-cf63-407e-8c24-c979e7f61e45,500,20,520
8dfd0628-3b96-4b42-a891-2b21b0803fb5,fc665220-686d-4e6c-aebc-5eccbf9e7900,2024-06-05 12:05:00,b5941a70-cf63-407e-8c24-c979e7f61e45,1600,64,1664
9d78b015-b98f-43e6-b3e0-d1ad0922cca8,612ba113-a667-4f6c-88ff-4719d9b8bd6d,2024-06-05 07:33:00,b5941a70-cf63-407e-8c24-c979e7f61e45,400,16,416
954e9a00-05f7-4525-9f3a-56afbc232e89,4058c008-2139-4019-a484-20f84a44cab9,2024-06-05 11:32:00,b5941a70-cf63-407e-8c24-c979e7f61e45,500,20,520
270f1e7b-d880-449f-ab65-f85e9c661cc0,d2e1ff33-c440-48ba-bdf6-644644ae2ec5,2024-06-05 08:38:00,b5941a70-cf63-407e-8c24-c979e7f61e45,1100,44,1144
c1343183-ede8-4306-be67-a3db7817620f,5f850358-6038-4f2e-a7f6-9ad8be127665,2024-06-05 08:09:00,b5941a70-cf63-407e-8c24-c979e7f61e45,400,16,416
727a7f36-2a50-4a50-84cd-d132a192a1ed,de6351d4-e3e1-4e82-9c3f-ee108764ba3a,2024-06-05 09:35:00,b5941a70-cf63-407e-8c24-c979e7f61e45,400,16,416
403a48e7-b52b-4b2e-8d36-ca6bb03a47b8,37ae6c25-9a54-4bd2-b8ce-8ff408aad37c,2024-06-05 13:29:00,b5941a70-cf63-407e-8c24-c979e7f61e45,600,24,624
d12d640c-ba51-40f1-9bef-2f3aea9bc870,f25ea7d3-6c3c-4726-8089-64ceb86635c0,2024-06-05 17:39:00,b5941a70-cf63-407e-8c24-c979e7f61e45,600,24,624
067182a6-b1d2-48c3-8dbf-733255309256,0ab6cc4a-4d4d-4b0f-bb9e-26934e1b2fb4,2024-06-05 15:47:00,b5941a70-cf63-407e-8c24-c979e7f61e45,2000,80,2080
20453c9e-29bf-421d-97b7-89a8c11f5daa,9d330313-dfc3-4167-8d1e-7010f0360e77,2024-06-05 10:01:00,b5941a70-cf63-407e-8c24-c979e7f61e45,600,24,624
ce9364a2-88d4-4983-b100-8b45e20b18a6,6faee88c-1462-4014-aab0-303e19e38765,2024-06-05 07:58:00,b5941a70-cf63-407e-8c24-c979e7f61e45,600,24,624
06ecebe9-42b4-4158-be17-4b95a8aa4495,bf8dfc01-63c1-4fad-bc87-f235d190076e,2024-06-05 08:01:00,b5941a70-cf63-407e-8c24-c979e7f61e45,500,20,520
223f8577-de57-48ae-ac9f-c675b62adb89,d67db81a-4d2e-4a5a-a1e1-70e3b973dad8,2024-06-05 08:34:00,b5941a70-cf63-407e-8c24-c979e7f61e45,400,16,416
b33098a4-f88f-472d-a74f-08807beabd97,805df221-8701-4577-bc0b-d5ecfbf9334b,2024-06-05 15:08:00,b5941a70-cf63-407e-8c24-c979e7f61e45,900,36,936
8297258f-8e6f-431d-a42d-bf2f4ce3ffb5,99b17443-411b-490a-a48e-a04b3366df95,2024-06-05 07:44:00,b5941a70-cf63-407e-8c24-c979e7f61e45,500,20,520
92ff748d-cc7a-448e-8bbd-cb4f8b6fa863,0dbe6d07-7913-408a-94b4-8f22812b02b7,2024-06-05 11:55:00,b5941a70-cf63-407e-8c24-c979e7f61e45,1300,52,1352
997a5607-376d-4c0a-9258-255528841f00,92426ac9-fb06-489a-b934-4d0a34e875a2,2024-06-05 12:50:00,b5941a70-cf63-407e-8c24-c979e7f61e45,700,28,728
8335bf6e-ca9b-4d40-a4d6-38cdfe31cd0e,99b32ca4-6c29-4f95-86a4-210f753a423e,2024-06-05 07:56:00,b5941a70-cf63-407e-8c24-c979e7f61e45,500,20,520
5097358e-1583-4295-b245-d6195a06837d,c3faf033-87ae-476c-972d-033dc9c309b3,2024-06-05 07:52:00,b5941a70-cf63-407e-8c24-c979e7f61e45,400,16,416
eb1da1e1-1b57-4d72-ad0e-e936fa9839b8,a5aa723a-1b47-4aad-9428-6a1375022eef,2024-06-05 16:58:00,b5941a70-cf63-407e-8c24-c979e7f61e45,500,20,520
ebe5c958-5e10-48d9-92e7-bfede1c4921b,caf3b5dd-09de-4781-9daf-083849d3346b,2024-06-05 14:42:00,b5941a70-cf63-407e-8c24-c979e7f61e45,600,24,624
31d6005e-572d-416e-b689-65300b1686c6,c95036c7-b205-4c9e-b14f-2d009d5d0c76,2024-06-05 11:41:00,b5941a70-cf63-407e-8c24-c979e7f61e45,2500,100,2600
87ed9e7f-a6a1-4eb3-b16c-94af944dd445,cf5542a6-e935-4ac0-83e2-0c9ff00c5ed6,2024-06-05 08:12:00,b5941a70-cf63-407e-8c24-c979e7f61e45,700,28,728
24d803ab-d451-4b7e-b473-53dc045108fc,d63b84b0-56cb-4bde-839a-9678e773fa7c,2024-06-05 15:43:00,b5941a70-cf63-407e-8c24-c979e7f61e45,400,16,416
899138b5-08ec-4cad-8d14-82370b4c9372,ac8f873e-ffa7-42bf-9f3a-11d00e4c98e1,2024-06-05 19:05:00,b5941a70-cf63-407e-8c24-c979e7f61e45,600,24,624
20bcce53-61f5-485b-81af-c3ec00f7a176,dd84de96-1d22-4cc4-a92d-64c9cd3e7d1d,2024-06-05 08:11:00,b5941a70-cf63-407e-8c24-c979e7f61e45,400,16,416
57068c18-0f9e-4fc6-b67b-88855f4a10e7,dc2823ec-0bc9-4530-9ff3-eccb8e52587a,2024-06-05 07:31:00,b5941a70-cf63-407e-8c24-c979e7f61e45,700,28,728
95b24512-1d37-4502-a17c-b1d363a251ac,1bb7c24c-4831-468b-bef3-93d9c1ac3849,2024-06-05 16:48:00,b5941a70-cf63-407e-8c24-c979e7f61e45,1800,72,1872
50380f2b-a325-46a6-8663-43b8ae31ac6a,a493497f-f0cb-4f9d-84b6-4a09288e870d,2024-06-05 13:52:00,b5941a70-cf63-407e-8c24-c979e7f61e45,700,28,728
d2314fad-35b2-4b0f-a103-9a79ecb08488,74b71a0a-315f-4552-9f83-00256329c614,2024-06-05 09:51:00,b5941a70-cf63-407e-8c24-c979e7f61e45,1700,68,1768
66698112-23ab-4bd4-af18-a1b304fd6103,475da3ae-e2eb-4a82-899f-a4d48f805e0e,2024-06-05 07:46:00,b5941a70-cf63-407e-8c24-c979e7f61e45,400,16,416
51b4b931-5dd2-471a-9f55-c017f4ead609,281dca33-a2f6-49ab-8e09-565598b69e26,2024-06-05 13:42:00,b5941a70-cf63-407e-8c24-c979e7f61e45,1700,68,1768
fb3a0203-4ef5-4fc1-833c-a800313ba2a2,fb8ec21d-7aa5-428c-ab41-cfc21aaa5a6a,2024-06-05 12:24:00,b5941a70-cf63-407e-8c24-c979e7f61e45,1100,44,1144
34e0b1b6-0a11-4628-897b-3fd2381de8cc,c797a15c-8e33-48e1-a362-afd706f8cbaa,2024-06-05 13:12:00,b5941a70-cf63-407e-8c24-c979e7f61e45,1900,76,1976
c30419bf-b474-4404-af8b-bdcae69b92bb,dea4bee6-4b99-475c-98f3-d45fa666d228,2024-06-05 08:28:00,b5941a70-cf63-407e-8c24-c979e7f61e45,700,28,728
76defc05-b929-484a-8bd6-8bc26143a6cd,f66664e6-6ea7-4524-95fb-4ecd18c7a220,2024-06-05 13:48:00,b5941a70-cf63-407e-8c24-c979e7f61e45,1600,64,1664
5babcbd2-27b5-4017-87b2-6c56c70d6057,a443515b-c5ea-4400-a9b4-1618a5764390,2024-06-05 11:39:00,b5941a70-cf63-407e-8c24-c979e7f61e45,500,20,520
af1058a5-6310-41be-9943-89b177584117,fb19d959-ff98-44ce-9265-c57eb1f19b1b,2024-06-05 07:31:00,b5941a70-cf63-407e-8c24-c979e7f61e45,600,24,624
7fbf308a-02a2-43a8-8a30-63200fa26a1f,5014751e-3349-4a92-8345-60743b1f057f,2024-06-05 07:57:00,b5941a70-cf63-407e-8c24-c979e7f61e45,600,24,624
9b8e4084-8ee2-41bf-8d1a-691d64c4b180,0ff448ff-ca98-4acd-b4ee-b1328520cb7a,2024-06-05 10:41:00,b5941a70-cf63-407e-8c24-c979e7f61e45,1800,72,1872
fedb6226-c627-4981-bf15-1a38a522deeb,a2a1225b-f682-44c7-a2fe-66bf11875462,2024-06-05 15:21:00,b5941a70-cf63-407e-8c24-c979e7f61e45,600,24,624
f4df26c5-a8ff-4861-b8c1-a42d33cc0773,18f2f19f-5893-49ed-94d6-e0ff3e31fdbc,2024-06-05 14:04:00,b5941a70-cf63-407e-8c24-c979e7f61e45,1700,68,1768
18b7fdc0-0881-4290-87a3-65afb5c647b3,64ab2edd-3638-4512-8637-f5b092e70b12,2024-06-05 08:26:00,b5941a70-cf63-407e-8c24-c979e7f61e45,1800,72,1872
c6a4d146-55fb-4a30-b220-55a5998e604c,eea76b70-f6e9-4d1d-8969-112cf1bede15,2024-06-05 07:19:00,b5941a70-cf63-407e-8c24-c979e7f61e45,500,20,520
aa816bd1-6acf-4843-8447-0513d85c97ab,fc0a74be-b00b-4fee-a08a-b65438c8f712,2024-06-05 12:57:00,b5941a70-cf63-407e-8c24-c979e7f61e45,600,24,624
fe34407f-79da-481c-9634-b089a0693b3b,78f8bb3f-1498-4095-b11b-a9c643056197,2024-06-05 07:50:00,b5941a70-cf63-407e-8c24-c979e7f61e45,500,20,520
706a0b4e-0984-4c66-bf22-02a4f8d7bf6f,575e6a52-60aa-4d2e-88fb-c24afb554e5e,2024-06-05 12:46:00,b5941a70-cf63-407e-8c24-c979e7f61e45,600,24,624
9ba8ac0b-c4f4-4fee-9687-d656bfb57f6c,ade7a602-ff8c-44e4-a906-b65fa89e2cf9,2024-06-05 11:25:00,b5941a70-cf63-407e-8c24-c979e7f61e45,1700,68,1768
c9ea178e-ecd8-426d-85ce-73ff913aa6d9,ba59b9cc-5f30-478b-8810-e40b8f5de59b,2024-06-05 12:35:00,b5941a70-cf63-407e-8c24-c979e7f61e45,500,20,520
f8c1c8af-617f-407c-8e76-3e12207af7aa,2de13ec9-859e-41d0-bda4-b848cf153f54,2024-06-05 13:24:00,b5941a70-cf63-407e-8c24-c979e7f61e45,1700,68,1768
c28ad342-5455-4337-9bb5-e4f10c70e755,64ae60bd-9702-4342-8766-2996c32f2161,2024-06-05 07:59:00,b5941a70-cf63-407e-8c24-c979e7f61e45,500,20,520
ea113ac8-1f6a-4dd1-b2ab-2001988631d4,3a0320ef-2ab5-4253-b221-8e09a98e50a3,2024-06-05 14:02:00,b5941a70-cf63-407e-8c24-c979e7f61e45,400,16,416
880d8090-aff2-427e-b77d-10f2dc89376c,e4195e67-3333-4944-8820-2160913bca91,2024-06-05 08:57:00,b5941a70-cf63-407e-8c24-c979e7f61e45,700,28,728
59f304e9-45ce-4f94-8fbc-208bf6afbc78,dab67da9-65e8-4fde-ab3d-3370cdb5a9a3,2024-06-05 08:10:00,b5941a70-cf63-407e-8c24-c979e7f61e45,600,24,624
5c8a1314-1a3b-43b6-96be-b10a34de0f03,33f1d392-7275-48b2-a60d-cdff021d282e,2024-06-05 11:28:00,b5941a70-cf63-407e-8c24-c979e7f61e45,500,20,520
c6399c00-76e2-4365-9700-64a3193afa43,0d412b28-b5a1-4cea-a1f5-869ea07f821d,2024-06-05 07:53:00,b5941a70-cf63-407e-8c24-c979e7f61e45,400,16,416
01e17e68-6e9c-41c8-97dd-59dc768c8d3f,a2d5c680-5dfa-4c55-8a64-5f2353ac92e9,2024-06-05 07:00:00,b5941a70-cf63-407e-8c24-c979e7f61e45,400,16,416
66b7fea3-6b05-4b39-8dc0-f3510c7c6eea,96a0e34a-c91b-43c3-a6b7-c87030bc1171,2024-06-05 17:32:00,b5941a70-cf63-407e-8c24-c979e7f61e45,1600,64,1664
ac037d96-7030-4cde-98b0-18b1143c2b9a,bb93c5a0-2544-4151-b8e0-8d22fb4b6c8d,2024-06-05 08:11:00,b5941a70-cf63-407e-8c24-c979e7f61e45,400,16,416
c797b13c-b963-49e2-bedb-d7162197d88f,1623a070-caac-4de1-be52-23974b2f1806,2024-06-05 08:12:00,b5941a70-cf63-407e-8c24-c979e7f61e45,400,16,416
69040df1-d382-41c4-a58f-a76131876f53,c2cff44b-8573-42be-b3e3-d2deb524c228,2024-06-05 08:05:00,b5941a70-cf63-407e-8c24-c979e7f61e45,700,28,728
916b3cda-b03f-48d1-bdde-10f8e69e8f15,211767fb-46bb-4bc3-b50d-f6548cecd777,2024-06-05 14:48:00,b5941a70-cf63-407e-8c24-c979e7f61e45,500,20,520
d05c3f6e-b2de-48ed-aa27-ffbe75c87511,9b5611f7-2998-4617-a471-2a797e4403d5,2024-06-05 07:31:00,b5941a70-cf63-407e-8c24-c979e7f61e45,600,24,624
f955dd9d-01a2-42c5-8da9-40b7f1ef5194,d5129247-bd38-4ffc-b010-414e225f66d3,2024-06-05 16:51:00,b5941a70-cf63-407e-8c24-c979e7f61e45,600,24,624
56c02ac1-0bc7-4c24-b292-ae9c610fd9e3,3c05a1bf-1e47-4e78-a5f7-eaa41e8954ce,2024-06-05 15:08:00,b5941a70-cf63-407e-8c24-c979e7f61e45,700,28,728
e13cfba1-e17e-4b41-b9f6-49aa0e05c8e6,425df887-0eb3-4c9d-bc2d-7f0a38912f14,2024-06-05 14:54:00,b5941a70-cf63-407e-8c24-c979e7f61e45,1900,76,1976
8e69c481-a7aa-49ab-a196-efc0307b80c4,aab76d2f-7bb6-40df-9caf-5bb0239d9be0,2024-06-05 09:47:00,b5941a70-cf63-407e-8c24-c979e7f61e45,600,24,624
c84529b2-36fa-42db-a05f-5293e73cf17d,56f5e8d6-f6fa-42d4-b15c-284e8707dbce,2024-06-05 14:21:00,b5941a70-cf63-407e-8c24-c979e7f61e45,1700,68,1768
32b84ea7-3fb9-464d-9fad-ed292401bb6f,242de275-bad2-4f2e-afa4-7dd9ad56d239,2024-06-05 14:34:00,b5941a70-cf63-407e-8c24-c979e7f61e45,1500,60,1560
000250b1-0956-4247-88c7-eb8a6e20feeb,d7fb7e89-b4b9-4504-ba2a-2e421619e418,2024-06-05 16:39:00,b5941a70-cf63-407e-8c24-c979e7f61e45,1700,68,1768
13ea9928-890f-495f-8985-6eda9ee816a0,b6560dae-0a2b-4345-8b36-82819baab3ca,2024-06-05 13:04:00,b5941a70-cf63-407e-8c24-c979e7f61e45,3600,144,3744
98d0e9c5-7968-4728-a846-586fa6b963a2,9ecb6f7d-bfec-4f50-b3d6-0f49ead22191,2024-06-05 10:39:00,b5941a70-cf63-407e-8c24-c979e7f61e45,400,16,416
2f7e2337-91e8-442a-a6ea-ed1ead633768,731a8880-f07b-4135-95e7-7cadecd6c7b6,2024-06-05 10:41:00,b5941a70-cf63-407e-8c24-c979e7f61e45,1800,72,1872
0c642d41-bd5c-449b-b792-8bf82a6ff706,3f442476-f77e-4e32-b935-aec1f3c4f788,2024-06-05 11:56:00,b5941a70-cf63-407e-8c24-c979e7f61e45,700,28,728
8899f338-1700-4958-9e91-c422466e624c,347aaca0-4db6-4e60-ad89-2b61a4032cd6,2024-06-05 07:41:00,b5941a70-cf63-407e-8c24-c979e7f61e45,600,24,624
435e7817-fd4d-45ae-aeba-5123eef74dc4,8d1bb153-3cbc-4d4c-8bb1-542dea3e3ac7,2024-06-05 15:36:00,b5941a70-cf63-407e-8c24-c979e7f61e45,2100,84,2184
80ef555c-3257-4f0e-96a6-0ab4141bb14c,84dfa460-b42f-4d62-86a7-14fc86267d3f,2024-06-05 08:01:00,b5941a70-cf63-407e-8c24-c979e7f61e45,600,24,624
c0f00d78-25ed-4c15-83a7-18342b2bb2aa,cee21671-06de-4819-8862-21cc56c74858,2024-06-05 12:23:00,b5941a70-cf63-407e-8c24-c979e7f61e45,500,20,520
121f9c32-7f95-4ee1-9c2d-25e547287925,deb2aaa1-a28d-4c98-aa82-8908b5c5704a,2024-06-05 07:40:00,b5941a70-cf63-407e-8c24-c979e7f61e45,700,28,728
b0fe222c-d46e-4f7f-a054-13e1190f222b,c1f1aec3-4baa-4122-85ab-2e030e48d90b,2024-06-05 10:58:00,b5941a70-cf63-407e-8c24-c979e7f61e45,600,24,624
d6d0c5d1-f08d-45be-a0c7-d60d6fe9af3a,c2ad7787-dfe9-4b11-b2ce-bf30b5f3687d,2024-06-05 10:23:00,b5941a70-cf63-407e-8c24-c979e7f61e45,400,16,416
b96fb8de-291f-4521-8f05-26dd4e50cadc,dc5e8e7f-8d11-4bdc-91f5-9e0a2d3c9ad3,2024-06-05 08:37:00,b5941a70-cf63-407e-8c24-c979e7f61e45,400,16,416
93b262fb-05ab-4222-9911-f662c3a0bf43,d155fd8e-22d5-4146-9443-7deca68b07e3,2024-06-05 11:30:00,b5941a70-cf63-407e-8c24-c979e7f61e45,700,28,728
0c2f0c2e-2c6b-4078-8391-4ab0a3596e13,5c652666-a538-4cba-8ced-42f0076f90f2,2024-06-05 07:51:00,b5941a70-cf63-407e-8c24-c979e7f61e45,400,16,416
ab3d6fb9-bbcc-4cab-b672-054801a9197e,d780399f-ddd5-43dd-9016-4b8fde6102f6,2024-06-05 08:18:00,b5941a70-cf63-407e-8c24-c979e7f61e45,400,16,416
3751887a-c888-498c-b51c-e8822e9d53a5,4fcc3308-9e40-4b9c-ba8b-1dd327c6d92b,2024-06-05 15:02:00,b5941a70-cf63-407e-8c24-c979e7f61e45,400,16,416
5a70aea1-5616-4dd2-9035-0165b6d37850,ffbaa8ff-9fbc-4001-a903-59836c797117,2024-06-05 13:13:00,b5941a70-cf63-407e-8c24-c979e7f61e45,1400,56,1456
1a63a241-bc6f-4f99-a97a-7bc9e8284a8e,d48775a5-8b7b-44fb-8c0f-dbbee9df0097,2024-06-05 09:00:00,b5941a70-cf63-407e-8c24-c979e7f61e45,500,20,520
b2af4307-b1a4-41fd-8bc4-813137b93df7,dfa74ab3-c15a-4bbd-97b8-ed1ae9e4567f,2024-06-05 17:02:00,b5941a70-cf63-407e-8c24-c979e7f61e45,600,24,624
9d33f4c7-6eff-48c2-8b99-f56e5f51339c,1dfc436c-1fa3-45d3-ae34-9c1dc98ab63e,2024-06-05 15:59:00,b5941a70-cf63-407e-8c24-c979e7f61e45,700,28,728
51e9fafc-25bb-4d72-ba22-eb4f8faa4f15,2f6af405-d569-4a59-bb5c-4a6e120317d8,2024-06-05 08:17:00,b5941a70-cf63-407e-8c24-c979e7f61e45,400,16,416
166cbd0e-3a1e-4abe-bde7-41cf378df3ee,09ff8664-87e2-4157-9c0e-8ce35842860d,2024-06-05 08:23:00,b5941a70-cf63-407e-8c24-c979e7f61e45,700,28,728
de35a20a-41c6-42a6-93bb-4a65ade7f373,86a75aac-48da-4234-8d9a-c3154e3a2e54,2024-06-05 11:08:00,b5941a70-cf63-407e-8c24-c979e7f61e45,400,16,416
0fa80a3a-646c-4391-b995-cd39c1a1b351,57c6c2b0-e2f9-402c-bcf4-0d3c52cd16c8,2024-06-05 07:59:00,b5941a70-cf63-407e-8c24-c979e7f61e45,600,24,624
3d6f1e43-9e06-4b48-a3f3-1d4a10d6ad6b,157e3e8b-d51a-47bc-a86d-07a1fd743c84,2024-06-05 07:27:00,b5941a70-cf63-407e-8c24-c979e7f61e45,600,24,624
74d7806f-f971-4fc6-9e97-464811f55249,570253ab-523e-4653-ab6e-34ece733b11c,2024-06-05 13:50:00,b5941a70-cf63-407e-8c24-c979e7f61e45,400,16,416
126b2673-3258-4c8f-bed5-49b15976dfa9,220ce8d0-aa81-4e3e-ab19-72030bbc4861,2024-06-05 14:15:00,b5941a70-cf63-407e-8c24-c979e7f61e45,500,20,520
909d0574-4401-45a4-a7c1-b85a1e1ba49e,e05f0150-7ec1-4c59-8a6a-d2d29675b858,2024-06-05 14:33:00,b5941a70-cf63-407e-8c24-c979e7f61e45,1800,72,1872
eeae6a6b-9172-4359-a32e-cd8000ce2bf8,6132247f-6f8b-44b1-b413-ba0496c400d4,2024-06-05 09:25:00,b5941a70-cf63-407e-8c24-c979e7f61e45,900,36,936
3351a7fe-7481-4181-b0db-9893ffb917b6,009c22c1-ce18-46fb-98a4-6d56495155f9,2024-06-05 11:11:00,b5941a70-cf63-407e-8c24-c979e7f61e45,600,24,624
18f397ec-513d-4976-b052-68db87a9e596,567dfb44-437c-405b-b2ef-0d1f10f47c9d,2024-06-05 08:16:00,b5941a70-cf63-407e-8c24-c979e7f61e45,700,28,728
6b53e8fb-cd27-4467-8007-f40ddadecf8a,0036c498-6d2c-40fb-af0f-92432b8718bf,2024-06-05 07:18:00,b5941a70-cf63-407e-8c24-c979e7f61e45,400,16,416
d0b25abd-854e-4ab9-915c-d8aa8dd26513,3b0693c1-d1df-4721-975b-ec5cbfc9dffd,2024-06-05 12:15:00,b5941a70-cf63-407e-8c24-c979e7f61e45,600,24,624
c66ef1a7-1bee-4883-933d-cb3b9d29cfac,4fa84c10-1eeb-4d1e-a0eb-a9cad5d3857a,2024-06-05 12:59:00,b5941a70-cf63-407e-8c24-c979e7f61e45,400,16,416
ae941524-927b-4807-9672-b0bb31cd9c7b,85ebb880-ebb4-472b-ab66-1dabc11c201a,2024-06-05 10:09:00,b5941a70-cf63-407e-8c24-c979e7f61e45,600,24,624
560a24f9-e5c3-40e6-9420-fba0403d9824,13984d5f-4868-4031-8a3b-7240b963cd41,2024-06-05 07:59:00,b5941a70-cf63-407e-8c24-c979e7f61e45,700,28,728
ccc3ead5-f420-4b87-82a2-5758c683f253,cb93d5ec-4d83-458a-9601-f3b8982e5faa,2024-06-05 08:37:00,b5941a70-cf63-407e-8c24-c979e7f61e45,600,24,624
47d4555b-8c1a-4c5d-9d89-f75ea48a9f26,b96c7b5b-b61d-4e7e-94b9-4532a2eaabd2,2024-06-05 19:25:00,b5941a70-cf63-407e-8c24-c979e7f61e45,400,16,416
657f8493-d4c5-4a58-9d10-a7f45fc8cf09,5df63f2e-723a-455f-83d3-d3918002449b,2024-06-05 07:45:00,b5941a70-cf63-407e-8c24-c979e7f61e45,700,28,728
f2aa32e2-c021-4a8b-8c9d-58de18ca1a29,fc774722-89fe-4438-ada1-786425c11614,2024-06-05 14:46:00,b5941a70-cf63-407e-8c24-c979e7f61e45,400,16,416
98adaba8-09cb-48c6-a28e-e3b7743dd345,787f14f1-546f-4170-86a7-d3650975ea5b,2024-06-05 15:05:00,b5941a70-cf63-407e-8c24-c979e7f61e45,2400,96,2496
e7ef809a-a761-4259-8951-469741ded722,1123f62c-d5c5-4236-a758-c04dd3d967b9,2024-06-05 14:29:00,b5941a70-cf63-407e-8c24-c979e7f61e45,400,16,416
c9e09337-42fd-4f8e-9f03-cc896c1303fe,31c07056-e35a-4038-b4b8-2892cca33dcf,2024-06-05 13:17:00,b5941a70-cf63-407e-8c24-c979e7f61e45,1100,44,1144
ab0d4f75-69b7-4858-8761-864141de03de,88ccbcfa-ed30-47c5-bbf4-0bef6725123b,2024-06-05 12:57:00,b5941a70-cf63-407e-8c24-c979e7f61e45,600,24,624
a5928f00-1925-4e1b-95ee-02b17a788d6d,186a4f42-32f6-456d-922d-b2d8c2a9d0bd,2024-06-05 16:28:00,b5941a70-cf63-407e-8c24-c979e7f61e45,500,20,520
8462a94c-776d-4b01-8f8a-74e4ecd91021,bcfc514d-c182-42a0-b84e-de154eac94c1,2024-06-05 08:47:00,b5941a70-cf63-407e-8c24-c979e7f61e45,500,20,520
0a51ca57-f2fe-4c03-b362-6a306b681291,3f396eff-3b67-454d-a783-e6306bf440e8,2024-06-05 18:35:00,b5941a70-cf63-407e-8c24-c979e7f61e45,500,20,520
7a7eeca5-156c-4276-9d12-547901a72d3b,5809f003-2708-420f-bcea-034ef0c1ca3c,2024-06-05 18:14:00,b5941a70-cf63-407e-8c24-c979e7f61e45,700,28,728
f52d50f4-c417-4142-9f91-9d011f0b1cf3,0127f387-2025-4b20-95b4-c7fdfdc08887,2024-06-05 14:29:00,b5941a70-cf63-407e-8c24-c979e7f61e45,700,28,728
a8a5c0e4-9018-4f49-987f-8d9cef60ed95,c9193ac6-0dbf-45a7-ab09-d2dbcb8e3cbf,2024-06-05 08:50:00,b5941a70-cf63-407e-8c24-c979e7f61e45,2300,92,2392
45985434-c859-42bf-a952-855ad94bb566,e972e2ef-2344-47cb-91fc-b6e1b2f82ac9,2024-06-05 12:14:00,b5941a70-cf63-407e-8c24-c979e7f61e45,1800,72,1872
4ce331c1-1eaa-45db-a842-5c17532c3a0f,310540d1-8503-4470-8f4b-81ccd6135a4a,2024-06-05 08:59:00,b5941a70-cf63-407e-8c24-c979e7f61e45,400,16,416
4eda0aeb-ad8f-49c3-a0f8-a45d1eda84d6,9cabb6de-db70-4794-a40c-57d0be0c639c,2024-06-05 07:26:00,b5941a70-cf63-407e-8c24-c979e7f61e45,600,24,624
513edfea-46c3-455e-9858-702f7895ab4b,23b40fa9-2c00-4076-beb3-52cc40ebecb9,2024-06-05 08:07:00,b5941a70-cf63-407e-8c24-c979e7f61e45,600,24,624
a99cc541-7f82-4baa-8757-5a37ad307f20,afe8270b-5329-4218-a4c8-e6832a92afd8,2024-06-05 08:04:00,b5941a70-cf63-407e-8c24-c979e7f61e45,600,24,624
7d3b4518-fc91-4fb5-943f-c0647b24e9a0,125ca5d7-df9a-4025-91b8-e0f428d43068,2024-06-05 12:14:00,b5941a70-cf63-407e-8c24-c979e7f61e45,600,24,624
9601af30-7293-48ea-a46b-5a7c9710d843,56489e8f-ff4e-46c9-ae0f-1b337da5bfae,2024-06-05 15:45:00,b5941a70-cf63-407e-8c24-c979e7f61e45,600,24,624
bdf6e0a2-9fee-4f89-a726-7b7b8033eda1,b589328d-e095-4f24-8b43-598650d7987b,2024-06-05 10:54:00,b5941a70-cf63-407e-8c24-c979e7f61e45,500,20,520
26abb02c-cc8a-446b-868c-88eea670ed8a,6ab56a90-712e-4866-8d4a-fb1b7a086de2,2024-06-05 17:41:00,b5941a70-cf63-407e-8c24-c979e7f61e45,700,28,728
cf5d5b9e-6d61-4fb7-ae5b-a996c51eac25,49b9328f-15ce-4610-b926-f7455687982f,2024-06-05 08:32:00,b5941a70-cf63-407e-8c24-c979e7f61e45,400,16,416
b52ff024-9951-4231-b461-b42fcecbbdd7,01b06b2c-1ad5-4112-a37a-61ebdeb7236d,2024-06-05 08:46:00,b5941a70-cf63-407e-8c24-c979e7f61e45,600,24,624
d749cdca-34c4-4081-a3cf-22c0b493b125,0f4b96f1-0b6f-45ab-929b-98c3e847436f,2024-06-05 10:35:00,b5941a70-cf63-407e-8c24-c979e7f61e45,500,20,520
287e9a9c-b1ce-42ea-9930-6059d5fb3be1,4c13d6e1-6bc1-4d79-ad00-7d8c82d88060,2024-06-05 10:52:00,b5941a70-cf63-407e-8c24-c979e7f61e45,3100,124,3224
bbe9debe-8771-4587-855b-d7e42494ba4f,1c89a296-5309-47e6-8cb0-36a6b4c63880,2024-06-05 14:11:00,b5941a70-cf63-407e-8c24-c979e7f61e45,1700,68,1768
f6a1561f-5c22-4059-aa26-678af6678ff4,afcec46d-e1b4-4419-bf05-9316e3dde336,2024-06-05 07:29:00,b5941a70-cf63-407e-8c24-c979e7f61e45,500,20,520
8d27a43d-4393-43d6-95ed-b1997fb14ae0,58251ac9-f1f8-459a-afc2-e12577112356,2024-06-05 07:57:00,b5941a70-cf63-407e-8c24-c979e7f61e45,600,24,624
de0eae13-57e4-4426-aa95-211a1b7eb114,06fb745a-ae90-4cba-a02e-f293ee607c51,2024-06-05 14:41:00,b5941a70-cf63-407e-8c24-c979e7f61e45,700,28,728
e44a520f-9ff6-429e-8a05-c9099841c0dc,3a9926ef-6401-4560-8b6f-e379a863961c,2024-06-05 07:38:00,b5941a70-cf63-407e-8c24-c979e7f61e45,600,24,624
ea6a56ff-e2ec-4886-aeae-23427cfce1a1,1d0db805-775f-4a21-93a9-685c78ded448,2024-06-05 07:08:00,b5941a70-cf63-407e-8c24-c979e7f61e45,500,20,520
5432d48f-5171-4291-bf03-dd2ba04b3bce,30fba204-135e-4e71-a1a8-1c94ddb2c0da,2024-06-05 08:05:00,b5941a70-cf63-407e-8c24-c979e7f61e45,400,16,416
5e1ce1ad-300b-4662-be2b-192c896b8784,fb398617-4d10-4ba7-a36e-b66cd127c45d,2024-06-05 07:27:00,b5941a70-cf63-407e-8c24-c979e7f61e45,400,16,416
fff5cca8-18d7-44dc-9870-4a690e7c3639,3b3487d9-712c-4d93-9cd6-2c8d7e759c76,2024-06-05 08:58:00,b5941a70-cf63-407e-8c24-c979e7f61e45,600,24,624
8f10f94c-515b-4afb-9abc-416fc05c8d6b,8143b925-a728-45dc-90e2-770dc299a5d0,2024-06-05 08:26:00,b5941a70-cf63-407e-8c24-c979e7f61e45,500,20,520
5b610b44-8e77-4eac-aa6e-343fb51b6abc,c7ba7c0b-dcbd-432b-a25d-5f19f08ee302,2024-06-05 10:42:00,b5941a70-cf63-407e-8c24-c979e7f61e45,600,24,624
705640d7-f520-4745-9f09-5b5568a4d7a7,a233190a-52a9-4cf7-9a10-17472b86c1d9,2024-06-05 08:12:00,b5941a70-cf63-407e-8c24-c979e7f61e45,600,24,624
0af5fe69-b782-42d8-94bc-1b442e712e8e,0e36bc6f-6b9f-4c73-bf81-4de9c05bd1f7,2024-06-05 08:30:00,b5941a70-cf63-407e-8c24-c979e7f61e45,500,20,520
26dfd7ce-d145-41bc-971c-3f4efbb4a6d4,1a675d7b-a1eb-4f6f-95dc-3e742f3773c9,2024-06-05 15:47:00,b5941a70-cf63-407e-8c24-c979e7f61e45,400,16,416
57c13c38-d8bd-4a22-9b6b-acfe4c4cdbe0,4818cfac-6545-4c77-b041-6f063a63ddf4,2024-06-05 09:15:00,b5941a70-cf63-407e-8c24-c979e7f61e45,600,24,624
c47a0ce1-63e1-4964-9944-197eef4da522,4b4a5bad-682f-465e-93b0-0b7e74ea0f03,2024-06-05 12:40:00,b5941a70-cf63-407e-8c24-c979e7f61e45,600,24,624
2e60daaf-d43e-4603-9e45-eda796fb56f7,81175ca9-2369-4e1b-823e-472ff9cb0241,2024-06-05 14:19:00,b5941a70-cf63-407e-8c24-c979e7f61e45,700,28,728
85080da3-182d-4b66-87b1-a66486df678c,735200b4-2828-4349-96cd-860b863fb154,2024-06-05 08:40:00,b5941a70-cf63-407e-8c24-c979e7f61e45,500,20,520
27b6d615-29ee-43a7-a01b-577b50dc6223,e7096752-a94d-479f-9544-d482a807aa7a,2024-06-05 16:45:00,b5941a70-cf63-407e-8c24-c979e7f61e45,1600,64,1664
19aa7104-1511-4a83-ab11-75b01c05ce4e,8ecaec4c-7372-4d3c-9e1a-067e0f658cde,2024-06-05 11:46:00,b5941a70-cf63-407e-8c24-c979e7f61e45,1800,72,1872
25964e51-42e7-4eef-bcd7-6c46a5f9bef9,d835a1eb-6636-4c11-a778-5321e636c7e3,2024-06-05 16:12:00,b5941a70-cf63-407e-8c24-c979e7f61e45,1800,72,1872
5c095068-01e5-4e05-83bc-2661d45f8a94,77312b67-634b-44fa-afff-84cd492294dd,2024-06-05 08:57:00,b5941a70-cf63-407e-8c24-c979e7f61e45,400,16,416
9c25dca2-f4fb-433f-ad0b-0d7501b6ac71,157f19e9-dabb-402d-a24a-1a3daad4390a,2024-06-05 07:25:00,b5941a70-cf63-407e-8c24-c979e7f61e45,600,24,624
8b24bbf5-379b-4036-8dcc-0d87fddec2b1,057d6adc-0a93-4e10-a0ad-eecde498a471,2024-06-05 13:11:00,b5941a70-cf63-407e-8c24-c979e7f61e45,700,28,728
41c5b2e5-b04b-4486-be88-382d63de5a10,c1cfdf53-a54d-4650-b94f-c186d4ef6a33,2024-06-05 08:17:00,b5941a70-cf63-407e-8c24-c979e7f61e45,600,24,624
e3ad0909-518e-44cf-b5d8-39c899bed385,6adaa027-c693-435e-89eb-a9bbb5e44b8a,2024-06-05 07:22:00,b5941a70-cf63-407e-8c24-c979e7f61e45,400,16,416
a60d1822-40c7-47bb-9686-413a91aa73c2,3e137f30-9049-4d26-b807-213d23a47ff4,2024-06-05 07:56:00,b5941a70-cf63-407e-8c24-c979e7f61e45,700,28,728
995499e5-b8bc-4dca-a4d8-40b51502088f,25c68765-8234-4afa-972a-1bb70ffdf0de,2024-06-05 13:55:00,b5941a70-cf63-407e-8c24-c979e7f61e45,1100,44,1144
98bfc48c-761d-4cf9-91d6-d00d44a4f940,12bb6504-a73d-4841-9f4b-f77ff5056ebb,2024-06-05 16:14:00,b5941a70-cf63-407e-8c24-c979e7f61e45,1800,72,1872
0fef76d3-b6eb-4d19-87d4-8a5cf0ae202b,8310a031-3027-4e50-9668-13752414d69d,2024-06-05 09:10:00,b5941a70-cf63-407e-8c24-c979e7f61e45,400,16,416
5e6be090-260a-496e-bec1-074016d675fd,11898c7e-ea4f-465e-8729-e6aadfbb23da,2024-06-05 13:44:00,b5941a70-cf63-407e-8c24-c979e7f61e45,600,24,624
8d0e6ef1-0ad1-4e81-aa48-712841e8c032,fd116e0a-17ff-4891-b76a-87564104c894,2024-06-05 13:42:00,b5941a70-cf63-407e-8c24-c979e7f61e45,600,24,624
3183f82d-cf0a-417f-81c3-38b7ff19824c,4476c00f-aa7a-469a-b999-2d09393919f0,2024-06-05 08:18:00,b5941a70-cf63-407e-8c24-c979e7f61e45,600,24,624
51fbfa4e-238b-4f0c-9482-b86dddbb6fb6,5e2f8308-17ff-4a1b-aaf0-7ee5789d624f,2024-06-05 08:10:00,b5941a70-cf63-407e-8c24-c979e7f61e45,600,24,624
cd45a744-1319-4477-89f2-619597145f5e,965ad9dd-b607-4df4-aeb6-2484cd649486,2024-06-05 16:54:00,b5941a70-cf63-407e-8c24-c979e7f61e45,3000,120,3120
2226940d-8c88-4354-8720-4b2c96d6b19e,ce73e748-777f-45ec-9020-2d2cfdb45972,2024-06-05 17:15:00,b5941a70-cf63-407e-8c24-c979e7f61e45,500,20,520
a3471baa-56fa-4587-baf6-69a3f506ad35,330cb663-b876-4a71-aad8-b579d5c68a41,2024-06-05 13:22:00,b5941a70-cf63-407e-8c24-c979e7f61e45,700,28,728
901df2b3-f93f-40ff-8579-c5d01111ac1f,83a9211f-46b5-46e9-83ff-21fcb2333b9d,2024-06-05 12:31:00,b5941a70-cf63-407e-8c24-c979e7f61e45,600,24,624
b965df0c-7a18-497c-bc55-715081f13bfb,8a56193e-7740-40eb-84fc-cfbed31c5b23,2024-06-05 08:09:00,b5941a70-cf63-407e-8c24-c979e7f61e45,600,24,624
60774f8b-c8f1-4a1b-9850-27cbb5b5e6cd,b47a07e8-cf4b-416d-baf5-4eab119a0a08,2024-06-05 16:25:00,b5941a70-cf63-407e-8c24-c979e7f61e45,600,24,624
a1cfccb5-53cd-41da-a6cd-183fdb75d7d9,262fb523-a8a1-4b30-a646-07769b0e0136,2024-06-05 11:13:00,b5941a70-cf63-407e-8c24-c979e7f61e45,2500,100,2600
9fc97b97-7256-4206-9884-edc4755a52ab,32d287f3-b003-4c28-925c-26ffc6847227,2024-06-05 15:48:00,b5941a70-cf63-407e-8c24-c979e7f61e45,400,16,416
a7c6eb1f-b103-4e94-8509-20dfb5c97920,b4831ea7-1598-4d5a-8e8f-8f7a3fc9fd2a,2024-06-05 08:34:00,b5941a70-cf63-407e-8c24-c979e7f61e45,600,24,624
2998a242-8482-412b-a3c2-fbc23e3253ff,96c03846-9246-4cae-b040-d57ef33aaff7,2024-06-05 15:11:00,b5941a70-cf63-407e-8c24-c979e7f61e45,2200,88,2288
b5222028-a715-4ee5-a3be-0e5c0d32c04b,e1381e43-7e52-4fde-bb54-70721c780d75,2024-06-05 07:39:00,b5941a70-cf63-407e-8c24-c979e7f61e45,500,20,520
04bf50ed-d052-4874-906b-6401d56c45c9,51c70362-b335-415c-aedb-b03180cdcc0e,2024-06-05 13:58:00,b5941a70-cf63-407e-8c24-c979e7f61e45,600,24,624
5cfaae54-85d9-40ca-9b59-7146e3fa79e5,ef92459f-9ed1-44f8-bc84-2af20287f25e,2024-06-05 09:08:00,b5941a70-cf63-407e-8c24-c979e7f61e45,700,28,728
c47d7a85-7e98-4317-917b-58458e3f2d85,aca4d865-17e7-4668-be18-d81a17da3466,2024-06-05 14:09:00,b5941a70-cf63-407e-8c24-c979e7f61e45,600,24,624
7637d7c6-d068-456a-91b1-3a34452f81c7,413bce01-ac7a-4af0-8c49-23cd68b4aab5,2024-06-05 14:29:00,b5941a70-cf63-407e-8c24-c979e7f61e45,1800,72,1872
8951c36e-f65b-4079-accd-0d2074241adb,64141f13-bf43-4c2a-86ae-1f78687ace7b,2024-06-05 13:38:00,b5941a70-cf63-407e-8c24-c979e7f61e45,400,16,416
6592023c-9b3b-4057-9be0-a95bac659602,4c002b7f-15e5-4722-80a2-e29fdacffe4c,2024-06-05 07:46:00,b5941a70-cf63-407e-8c24-c979e7f61e45,700,28,728
bae9ec8c-0127-4dc3-9ee3-5bf641ef0d75,da512c5b-68aa-469a-aea3-35b60e5aa607,2024-06-05 13:01:00,b5941a70-cf63-407e-8c24-c979e7f61e45,700,28,728
6281b938-284f-41ad-91ce-d4325d633949,3c3c6349-1759-4e94-a39b-d577360a9edf,2024-06-05 16:36:00,b5941a70-cf63-407e-8c24-c979e7f61e45,1800,72,1872
70cc0a30-4efa-4a83-a6df-8a7c31f7925c,2a13d116-9ce5-4898-8b8d-af7d504361a1,2024-06-05 19:48:00,b5941a70-cf63-407e-8c24-c979e7f61e45,2000,80,2080
7da03432-d14f-4854-9cf3-819b00b736ce,2c53805a-8a5d-4835-a8a5-363ded197da1,2024-06-05 08:18:00,b5941a70-cf63-407e-8c24-c979e7f61e45,700,28,728
3ae0a526-db1e-40a5-83e1-b0941c294c54,ab048a38-1f12-4bca-ab42-1b40682f705b,2024-06-05 14:28:00,b5941a70-cf63-407e-8c24-c979e7f61e45,600,24,624
2a9cc70f-bc49-4793-9236-0ccb9cb303f8,4824e242-620a-44a3-b4aa-6d34b7342b87,2024-06-05 08:00:00,b5941a70-cf63-407e-8c24-c979e7f61e45,500,20,520
d2a78064-7bde-4cc7-81e9-04ee132212f8,e33acab5-9a67-4a77-9171-e8674a44c7c9,2024-06-05 14:14:00,b5941a70-cf63-407e-8c24-c979e7f61e45,3100,124,3224
76537052-1129-4a92-8605-4506fa1e875e,ddbfab2a-b55c-4cf6-92d0-62446994c2e0,2024-06-05 14:20:00,b5941a70-cf63-407e-8c24-c979e7f61e45,600,24,624
4805b0a1-42f3-4c6a-9e69-59ce743a0bcf,f27dbbe4-c022-49a0-978f-6e63a21a1f18,2024-06-05 15:18:00,b5941a70-cf63-407e-8c24-c979e7f61e45,500,20,520
d413d80d-34d6-4035-a9af-dee1b25b8411,31841c6e-3c17-459f-825f-4fe37783068f,2024-06-05 14:24:00,b5941a70-cf63-407e-8c24-c979e7f61e45,700,28,728
8d0a1651-3cef-4aa0-89bc-ad7abc794985,c7d32c1e-66a6-463c-9d0e-1a62583fa6c5,2024-06-05 14:27:00,b5941a70-cf63-407e-8c24-c979e7f61e45,1900,76,1976
15ec3b28-4604-404c-805e-267cd955a006,e54b719a-48b9-4990-b26b-ac3103c62963,2024-06-05 08:02:00,b5941a70-cf63-407e-8c24-c979e7f61e45,600,24,624
94c96eb6-683f-401e-972f-9d266455e6ab,9d6095f7-a9a5-4fb9-aff0-d3e1ac17e3f4,2024-06-05 07:36:00,b5941a70-cf63-407e-8c24-c979e7f61e45,400,16,416
621421dd-0b27-432c-b8d3-fa894759416b,6f2f58e0-3021-482d-9c9e-aed9ff191130,2024-06-05 17:17:00,b5941a70-cf63-407e-8c24-c979e7f61e45,900,36,936
33a73447-3891-4eab-8907-bae1aa9db01f,8015a6ee-2cb8-4023-bd73-83f79ca11c40,2024-06-05 07:33:00,b5941a70-cf63-407e-8c24-c979e7f61e45,600,24,624
f68e6f7c-2f50-45f2-ab1e-481f0bbe102f,f6f7cd36-ad87-48b5-86a4-69c72ffedaf5,2024-06-05 07:58:00,b5941a70-cf63-407e-8c24-c979e7f61e45,600,24,624
0171d012-1b8b-43ae-b987-158a0a3abc02,2dbbf653-fb89-431e-9ce5-5be640628514,2024-06-05 12:32:00,b5941a70-cf63-407e-8c24-c979e7f61e45,600,24,624
b8055af2-759c-4970-bd83-3f76cd9e4c23,d495194b-5412-4a94-963f-a575a3c050a4,2024-06-05 08:44:00,b5941a70-cf63-407e-8c24-c979e7f61e45,600,24,624
eb3d729d-e421-49cf-a596-2a6a9b5be1d0,c8be7249-034b-44a3-b015-48a629b09aa0,2024-06-05 15:24:00,b3406af8-c4a9-4d2d-9e30-e06f3da01c15,400,32,432
26a9e223-66c0-46f9-a817-a80bafd8e296,e43c8ecb-3f23-452b-9898-1b0dc684312f,2024-06-05 07:18:00,b3406af8-c4a9-4d2d-9e30-e06f3da01c15,600,48,648
43d06cbf-2ad9-431b-acb4-b13804ddec0d,c44fedb1-0107-4b01-ad43-16483dd8baed,2024-06-05 08:25:00,b3406af8-c4a9-4d2d-9e30-e06f3da01c15,500,40,540
56606bce-5f3b-4d44-aa7e-fa2180e02231,72da3aec-c83f-4145-a832-15352c7930af,2024-06-05 16:30:00,b3406af8-c4a9-4d2d-9e30-e06f3da01c15,1700,136,1836
9214d7b1-e9e3-4efa-8f77-06a5dff3936c,9486bb2e-4b6e-4d11-b2c7-68422ce31dc8,2024-06-05 08:16:00,b3406af8-c4a9-4d2d-9e30-e06f3da01c15,400,32,432
810c221d-4b40-4f58-a444-b74972b4b879,46ee62e2-9de2-4a65-9acb-9324605c196d,2024-06-05 11:55:00,b3406af8-c4a9-4d2d-9e30-e06f3da01c15,600,48,648
50752231-b533-4b13-81f3-23dc8cf1d0ed,e57fd1ce-9431-4eb9-a57e-c7f220b460a0,2024-06-05 12:21:00,b3406af8-c4a9-4d2d-9e30-e06f3da01c15,600,48,648
a456b591-b8ff-487e-987a-700a40e6b9b6,74f2776c-daf7-46e8-a7dd-53b610532bc4,2024-06-05 12:05:00,b3406af8-c4a9-4d2d-9e30-e06f3da01c15,2700,216,2916
cb079385-e992-46eb-84c2-715a6ef90502,121b8b14-7638-471c-8d3e-84ba6c7ae179,2024-06-05 15:13:00,b3406af8-c4a9-4d2d-9e30-e06f3da01c15,2600,208,2808
caef4e77-a605-4337-a9be-3200a05527dc,575b1246-f573-4082-863e-3db2825636be,2024-06-05 15:18:00,b3406af8-c4a9-4d2d-9e30-e06f3da01c15,2300,184,2484
8ca19543-0ff9-462c-a2f8-7c7284147398,275e94da-aa8e-4a58-a71a-2ed78ee42b09,2024-06-05 13:43:00,b3406af8-c4a9-4d2d-9e30-e06f3da01c15,700,56,756
7aca8a1b-a4e9-4aeb-be5a-7c279c00f0bd,4e118a6e-8d00-4fbf-b3a7-1c2dd411d8f0,2024-06-05 08:20:00,b3406af8-c4a9-4d2d-9e30-e06f3da01c15,400,32,432
975f26fa-45fc-44f2-9644-ebd05033d9da,22fac9d3-80e8-4460-a840-888ca04de01c,2024-06-05 07:52:00,b3406af8-c4a9-4d2d-9e30-e06f3da01c15,500,40,540
4e7722da-c88b-4eea-bb97-5193ff82dab4,88ceab79-75e6-4db6-a2bc-acd9ba60dbf3,2024-06-05 07:34:00,b3406af8-c4a9-4d2d-9e30-e06f3da01c15,500,40,540
fa6a0a9b-f753-4371-8726-dccf799480d2,abf424d5-d0e8-4868-8cc4-ec6715b3ff90,2024-06-05 11:35:00,b3406af8-c4a9-4d2d-9e30-e06f3da01c15,700,56,756
bf610b70-8b9b-4847-bf74-e79afe94891b,8a2408e6-00a5-46d4-924f-b41ebe3d654c,2024-06-05 11:13:00,b3406af8-c4a9-4d2d-9e30-e06f3da01c15,1600,128,1728
a1d77c05-5755-43aa-a85f-0df529ad65b2,3b2e6b11-b740-4416-989f-d333d59d01e3,2024-06-05 13:28:00,b3406af8-c4a9-4d2d-9e30-e06f3da01c15,600,48,648
054e8016-7bd6-48d4-9919-cd6f306304dd,239435ac-7176-47ce-b7dc-bd339b0a5b87,2024-06-05 17:46:00,b3406af8-c4a9-4d2d-9e30-e06f3da01c15,600,48,648
3b22acb0-9d4d-4d04-a802-1435fc40a5d7,4302cbf3-971a-478c-b463-eb3284027248,2024-06-05 08:06:00,b3406af8-c4a9-4d2d-9e30-e06f3da01c15,400,32,432
7b6b18e8-f663-4f31-a97b-1e4a9d6790fe,57af21e0-6171-4029-a116-f9a48606f197,2024-06-05 15:30:00,b3406af8-c4a9-4d2d-9e30-e06f3da01c15,700,56,756
86304174-f1d5-468d-a2c5-848e09cdc151,842933c0-5512-4685-8352-54b6acbce721,2024-06-05 15:49:00,b3406af8-c4a9-4d2d-9e30-e06f3da01c15,700,56,756
e2249581-85ef-4e2e-91e1-2f07f0cef5ef,3b957f8f-558e-4c9c-b7be-6dd661554b79,2024-06-05 08:09:00,b3406af8-c4a9-4d2d-9e30-e06f3da01c15,500,40,540
1522d925-968d-4ecb-8a6b-94c04258b03d,e7557980-b703-4b75-9726-ca57793ec2f7,2024-06-05 07:10:00,b3406af8-c4a9-4d2d-9e30-e06f3da01c15,500,40,540
0627b9d3-5bf9-4c6a-9279-bc7e99c9362c,868bf638-2fcc-4fad-b6a8-ddf22051c14e,2024-06-05 17:43:00,b3406af8-c4a9-4d2d-9e30-e06f3da01c15,1900,152,2052
641eb7c6-f6d3-4145-83a4-9fa09d1de9a3,2a926631-d774-40c9-9a04-d52c882b6edc,2024-06-05 18:23:00,b3406af8-c4a9-4d2d-9e30-e06f3da01c15,1800,144,1944
223153aa-a424-4311-8074-4515a53df238,f72f6178-4c84-4146-84e0-42c9b2bdd0ef,2024-06-05 12:51:00,b3406af8-c4a9-4d2d-9e30-e06f3da01c15,400,32,432
f2ea4fe3-43ea-4167-b5d5-2e672ea35906,2232f985-677f-4201-a2ef-b9936516db2a,2024-06-05 15:49:00,b3406af8-c4a9-4d2d-9e30-e06f3da01c15,1800,144,1944
94494399-05da-466c-8330-32f7cb848ee0,84246c00-52db-4135-ac94-c99469e4864f,2024-06-05 10:00:00,b3406af8-c4a9-4d2d-9e30-e06f3da01c15,600,48,648
97c2b045-af37-454d-8c94-31d4a51ea4be,8de39f64-531f-4acd-af32-84ff0317bbd6,2024-06-05 14:42:00,b3406af8-c4a9-4d2d-9e30-e06f3da01c15,1500,120,1620
cd213d8d-8d63-4ef6-bb37-a59f248ce36e,b6a5a2fe-4d99-493c-8308-800f7aa53561,2024-06-05 14:51:00,b3406af8-c4a9-4d2d-9e30-e06f3da01c15,500,40,540
423db0ce-71ea-42f9-b4c1-10c94f475399,18c2a401-ed3f-4f2e-a7fb-e7e29cb6037f,2024-06-05 10:08:00,b3406af8-c4a9-4d2d-9e30-e06f3da01c15,0,0,0
6fa2e13a-447c-440d-87ec-a8025ef10eda,10422004-7b53-4701-ae2d-788d043f119d,2024-06-05 15:09:00,b3406af8-c4a9-4d2d-9e30-e06f3da01c15,1800,144,1944
c4c86824-deb3-4475-a9f3-05dbcb5a12d8,a2091e93-b175-4a4d-a1ad-22e65dd882e2,2024-06-05 13:26:00,b3406af8-c4a9-4d2d-9e30-e06f3da01c15,400,32,432
e364b774-1fd4-4da2-8f68-a780513af018,b46178ba-13a1-4725-9580-4c50678971fd,2024-06-05 14:15:00,b3406af8-c4a9-4d2d-9e30-e06f3da01c15,600,48,648
76cebf4e-c545-4c0d-a966-254091c0048e,fe61d173-a5a0-4639-9464-a1f7719807fa,2024-06-05 07:47:00,b3406af8-c4a9-4d2d-9e30-e06f3da01c15,700,56,756
2d108b24-ab1a-40db-8a76-96b6210776c2,feeba5b2-ee35-494f-bf9a-fc5317519eca,2024-06-05 07:52:00,b3406af8-c4a9-4d2d-9e30-e06f3da01c15,500,40,540
5708531f-61ae-482b-825c-59fdfa58e145,3dcda216-30ce-47c1-b61e-64e7f3fd38dc,2024-06-05 07:00:00,b3406af8-c4a9-4d2d-9e30-e06f3da01c15,400,32,432
be01c4d9-278c-4698-be3d-3e781bb1b629,f27a3372-0d29-4d6a-b883-f6e124a1f046,2024-06-05 16:56:00,b3406af8-c4a9-4d2d-9e30-e06f3da01c15,1800,144,1944
97f449f6-b9cd-44f7-b476-3350d4dd22f6,4c14b657-2a3c-4ea5-9948-df7e1566baba,2024-06-05 08:11:00,b3406af8-c4a9-4d2d-9e30-e06f3da01c15,600,48,648
0eaf471c-f36a-4500-a62c-654202961ece,44835168-a3c6-4c3a-afd2-f6c657bb8ed0,2024-06-05 07:39:00,b3406af8-c4a9-4d2d-9e30-e06f3da01c15,400,32,432
309b9434-e4cf-4aaf-b701-11b02d4eca0b,1b67a578-3e3a-496f-b2db-2e233b75a057,2024-06-05 08:38:00,b3406af8-c4a9-4d2d-9e30-e06f3da01c15,500,40,540
ef8c2129-2eab-40c3-a931-b1762f56f3cc,8c60eddd-f0d2-4fac-ae0d-7e455baf9e20,2024-06-05 08:44:00,b3406af8-c4a9-4d2d-9e30-e06f3da01c15,600,48,648
15837f18-88f3-43cc-8d5e-815bc20957ce,38c43380-025d-443c-9929-69575b8c1476,2024-06-05 12:25:00,b3406af8-c4a9-4d2d-9e30-e06f3da01c15,2200,176,2376
4feca6f5-810f-411a-877d-e42ee86784cf,05617299-025b-4e35-82e6-3129af08b43b,2024-06-05 08:53:00,b3406af8-c4a9-4d2d-9e30-e06f3da01c15,600,48,648
37748cdb-67b6-4dfe-ba69-73c96a4bf789,4ceb6495-cfcd-4b13-8fe8-93a2250078d4,2024-06-05 15:24:00,b3406af8-c4a9-4d2d-9e30-e06f3da01c15,600,48,648
4b5d32d1-a992-46c3-9827-37b690afaf76,1e4d3a76-718d-4aaa-ab5c-e0ddba35223d,2024-06-05 12:56:00,b3406af8-c4a9-4d2d-9e30-e06f3da01c15,2100,168,2268
9edad7ae-42c2-479e-b140-75f899b497db,03530b0b-2cc6-45c8-9658-efd1cdcb84b1,2024-06-05 15:34:00,b3406af8-c4a9-4d2d-9e30-e06f3da01c15,400,32,432
965e720c-1ac7-4076-9b48-f8606d2cc4ea,9ad4d7d0-7c6e-4062-b82a-6c1a852fedae,2024-06-05 07:50:00,b3406af8-c4a9-4d2d-9e30-e06f3da01c15,700,56,756
89ff8f67-a026-46fd-bb60-2116fab8b006,c4d9214e-1a8a-4572-ab3c-d4d92c02af28,2024-06-05 07:48:00,b3406af8-c4a9-4d2d-9e30-e06f3da01c15,600,48,648
d666f31b-c78f-4703-b1a4-684ac09d4f02,96926c2b-1043-47ff-8850-51e5bf2f14d8,2024-06-05 08:09:00,b3406af8-c4a9-4d2d-9e30-e06f3da01c15,700,56,756
44af500b-c38a-41da-bb65-6c07e3142a4c,4a9277ea-471b-44e3-91d1-812ae38ee0af,2024-06-05 07:54:00,b3406af8-c4a9-4d2d-9e30-e06f3da01c15,700,56,756
cda10ccc-a2ca-4887-bbfc-92e17cafe7a7,c363df3a-cefa-46da-aab7-940b980cae89,2024-06-05 07:55:00,b3406af8-c4a9-4d2d-9e30-e06f3da01c15,600,48,648
2b923023-536d-4a17-8458-9221d682d107,8618519d-5857-46b6-aa82-bab2e311d7b8,2024-06-05 14:44:00,b3406af8-c4a9-4d2d-9e30-e06f3da01c15,1500,120,1620
36e0ccf7-76a3-444a-96d8-24b3b38c2e9e,06747680-9930-4877-b467-a5cb4396185d,2024-06-05 17:43:00,b3406af8-c4a9-4d2d-9e30-e06f3da01c15,600,48,648
a8b63f67-278c-42e7-ae04-9aa234f3bb3d,5779e275-8994-4267-9474-f3a509802221,2024-06-05 13:59:00,b3406af8-c4a9-4d2d-9e30-e06f3da01c15,1700,136,1836
3e978ca7-0fd0-47a0-a9a0-d5746a12277b,88128252-2a15-43e6-9f6b-d087b22720a9,2024-06-05 08:11:00,b3406af8-c4a9-4d2d-9e30-e06f3da01c15,600,48,648
e3868fa9-1f67-4ff3-9237-ea087ea5635c,b8a0bca5-a3fe-47b5-b54c-f11d3b3566b3,2024-06-05 10:25:00,b3406af8-c4a9-4d2d-9e30-e06f3da01c15,1600,128,1728
489e5538-5594-4fe9-8be9-c0160847d4e5,27aa2e5e-189e-4554-bd68-cdc6769ac85e,2024-06-05 08:05:00,b3406af8-c4a9-4d2d-9e30-e06f3da01c15,600,48,648
e736ba83-fd1c-412a-8f00-2269a8bd05e5,935f8df0-9ed4-421f-a330-c022fd690f49,2024-06-05 08:00:00,b3406af8-c4a9-4d2d-9e30-e06f3da01c15,700,56,756
9f54527f-3fd2-4c71-87e3-3eeb3bcaac7d,8b254b72-c00b-42d4-8b23-55801d3496e2,2024-06-05 19:36:00,b3406af8-c4a9-4d2d-9e30-e06f3da01c15,1800,144,1944
c076f63b-4fb6-49a1-b899-7bfbe344aa84,bf98777f-16f7-465d-a17c-31e1ae97506b,2024-06-05 15:59:00,b3406af8-c4a9-4d2d-9e30-e06f3da01c15,600,48,648
21ccc06d-be12-4825-99e6-39be234a644e,4dc43541-9eb4-418a-af40-7b08737d3c43,2024-06-05 07:39:00,b3406af8-c4a9-4d2d-9e30-e06f3da01c15,600,48,648
e8cd6de3-600a-4498-b695-113962c81a81,23c89686-b6e1-4cb4-8afe-527a20aeede9,2024-06-05 08:05:00,b3406af8-c4a9-4d2d-9e30-e06f3da01c15,500,40,540
9f0e64b5-381f-4d29-948b-c1a06d2562ca,095bf03a-d1cd-4d20-abd1-3f4739172cf4,2024-06-05 17:31:00,b3406af8-c4a9-4d2d-9e30-e06f3da01c15,500,40,540
54f75582-3bcf-402c-aee8-aeffdc643cea,c7758618-5de9-4f71-ae03-b51042e88f76,2024-06-05 08:09:00,b3406af8-c4a9-4d2d-9e30-e06f3da01c15,1700,136,1836
60e1a3d6-bf14-4aad-9245-9d365df1cc07,8c760acd-0e02-41da-a2cd-c99c07732c1a,2024-06-05 12:40:00,b3406af8-c4a9-4d2d-9e30-e06f3da01c15,1500,120,1620
3a445533-f828-4e41-90ba-e364a8b55e1a,80beca59-cd9e-4ff3-9d94-e1c6879c1316,2024-06-05 07:24:00,b3406af8-c4a9-4d2d-9e30-e06f3da01c15,600,48,648
57bba524-8795-42d2-8e7a-e9d0cb983ee9,2efd88fb-9b50-48f6-817a-ca2c8541cfd1,2024-06-05 07:42:00,b3406af8-c4a9-4d2d-9e30-e06f3da01c15,500,40,540
bb8b4c83-9dd1-4a7d-8e00-53b9f1d96060,268cd69b-28ea-4af8-9538-9fa9498732b9,2024-06-05 12:58:00,b3406af8-c4a9-4d2d-9e30-e06f3da01c15,400,32,432
81277df9-1629-477b-b4d6-e429c1823d2b,39138df5-0ee9-413c-9571-c4df064cba64,2024-06-05 07:19:00,b3406af8-c4a9-4d2d-9e30-e06f3da01c15,600,48,648
348c9f10-dfc0-4617-b0c4-a48003e57129,99237b9e-22d6-4ea4-bdfd-187420c78483,2024-06-05 17:41:00,b3406af8-c4a9-4d2d-9e30-e06f3da01c15,1800,144,1944
55290e4c-09b9-4d2a-bc4c-f6dcb1cb9f5b,f851a187-0388-4c20-9b76-18bdd3c92dec,2024-06-05 19:11:00,b3406af8-c4a9-4d2d-9e30-e06f3da01c15,600,48,648
a7b6fd18-7223-4f27-9956-21add411e41f,ecb26b3c-a58f-4237-90c2-d5f78efb30db,2024-06-05 13:12:00,b3406af8-c4a9-4d2d-9e30-e06f3da01c15,1100,88,1188
42d1d60e-e1a5-4ca9-84e4-d2eec93a0460,76c7924f-d1ef-4af5-b145-514191a0d17f,2024-06-05 10:23:00,b3406af8-c4a9-4d2d-9e30-e06f3da01c15,2300,184,2484
56f99f41-7cb5-48fe-bdf6-a223f7e215cf,37a5d7eb-a9ee-47c9-930f-e557d51483d1,2024-06-05 19:11:00,b3406af8-c4a9-4d2d-9e30-e06f3da01c15,400,32,432
69ee52de-059e-47de-9dab-9da0d79b45cc,4cc1e57b-b471-4656-987b-ef25a03ca42e,2024-06-05 15:03:00,b3406af8-c4a9-4d2d-9e30-e06f3da01c15,600,48,648
e45e172b-18f0-4a39-b8a3-6d5968883a3d,8aa9665b-27f4-4c93-a9d6-edfa376819e1,2024-06-05 18:41:00,b3406af8-c4a9-4d2d-9e30-e06f3da01c15,1200,96,1296
d601a1fd-6ee6-413b-bbce-71c3090ca897,e153b65e-f6c1-4043-932d-e1357a7d50e7,2024-06-05 07:00:00,b3406af8-c4a9-4d2d-9e30-e06f3da01c15,600,48,648
c9d065ee-9e10-4bd0-a795-4e83819daae6,13a7703d-03d1-4063-84ca-b89d789a1738,2024-06-05 08:44:00,b3406af8-c4a9-4d2d-9e30-e06f3da01c15,500,40,540
ad4040d8-3122-472f-9879-7c8425d95425,47bdc2f3-2221-45ba-87aa-957ae3eca21b,2024-06-05 12:33:00,b3406af8-c4a9-4d2d-9e30-e06f3da01c15,500,40,540
831a6d64-3257-4113-a6cf-ce153ff7ce4b,d8b32b5c-b453-46b3-972f-a82740c80425,2024-06-05 11:54:00,b3406af8-c4a9-4d2d-9e30-e06f3da01c15,1800,144,1944
d70a3f48-f1a8-4aee-97e4-a526c4b2e8cd,1b4695e3-474d-4a57-8330-b29e2b1e34a4,2024-06-05 08:24:00,b3406af8-c4a9-4d2d-9e30-e06f3da01c15,400,32,432
8c5255d9-9512-45b4-b384-aafa5355d55e,5baa0737-66e1-4769-a9bd-d3f5136cfb42,2024-06-05 18:01:00,b3406af8-c4a9-4d2d-9e30-e06f3da01c15,1100,88,1188
d56754e7-33d2-4bd4-a03a-4df6a90132c0,80a49a51-3aad-4ab0-a876-84ac983a1ecb,2024-06-05 07:30:00,b3406af8-c4a9-4d2d-9e30-e06f3da01c15,400,32,432
4912e65f-1126-48ba-b26a-6f603cec4c88,7b930b65-6a9e-4445-8ae1-1503b76ac988,2024-06-05 08:45:00,b3406af8-c4a9-4d2d-9e30-e06f3da01c15,700,56,756
b5f96222-e0fb-477a-9b9a-9ff3d5251967,449f4341-9f93-4cc5-8e2a-f00ea11228b8,2024-06-05 15:38:00,b3406af8-c4a9-4d2d-9e30-e06f3da01c15,500,40,540
7a9a5e1e-0f92-49f3-955c-042c36572fda,ea9d5fbe-aa7d-4e34-9eac-a2d38103cf4d,2024-06-05 13:51:00,b3406af8-c4a9-4d2d-9e30-e06f3da01c15,600,48,648
36a306be-827e-4e4c-b167-ff82aed7a697,5d9f037d-9045-46b5-99b7-f51314dfe487,2024-06-05 11:43:00,b3406af8-c4a9-4d2d-9e30-e06f3da01c15,600,48,648
945f8ee0-f6b8-478a-91bd-7747f7825adc,361f6a4e-0eaa-4595-9086-b3ad40e8a618,2024-06-05 07:18:00,b3406af8-c4a9-4d2d-9e30-e06f3da01c15,600,48,648
1baad915-455a-4998-83b3-cdfdfbc7b009,6b6847b1-c79c-4831-969c-e1b95141232c,2024-06-05 07:36:00,b3406af8-c4a9-4d2d-9e30-e06f3da01c15,500,40,540
5b682063-09e8-47f3-8e52-b7ddccdee515,ab9ec2ba-efbc-40af-a2d9-15186dd81cd4,2024-06-05 11:25:00,b3406af8-c4a9-4d2d-9e30-e06f3da01c15,400,32,432
f42e2a47-f83f-4895-ac43-d8dcd1bc13a0,c05af6ca-529b-48e3-9cbf-d11a290da116,2024-06-05 15:43:00,b3406af8-c4a9-4d2d-9e30-e06f3da01c15,400,32,432
844c2dd4-d00f-4a4f-8c1e-c2af7877ec58,1dbd8c01-5471-4c5a-b2e4-db6418673cb3,2024-06-05 19:44:00,b3406af8-c4a9-4d2d-9e30-e06f3da01c15,500,40,540
c6f8b55f-f182-407b-b04c-01595684eae2,310b49e2-458d-4fc5-8c04-f4ab394152fe,2024-06-05 16:25:00,b3406af8-c4a9-4d2d-9e30-e06f3da01c15,2000,160,2160
5390bade-a5be-4c5f-a1bc-c2b03fba10b4,621183af-0262-460a-ba41-8fcd61b78119,2024-06-05 13:34:00,b3406af8-c4a9-4d2d-9e30-e06f3da01c15,2000,160,2160
c494bf63-d16a-4229-80e4-047ac4cf3c75,a5b4ca03-0415-4ab0-887f-e9c900e32790,2024-06-05 12:52:00,b3406af8-c4a9-4d2d-9e30-e06f3da01c15,1800,144,1944
97420fec-7623-42c7-afef-9b2dc3038fef,fce60606-1c32-4073-abab-5e73f36b3302,2024-06-05 07:43:00,b3406af8-c4a9-4d2d-9e30-e06f3da01c15,600,48,648
35374094-6176-4e70-823d-a4bf995a5741,cbcda1f0-7b97-4053-ad4b-cc4b5a76e903,2024-06-05 07:47:00,b3406af8-c4a9-4d2d-9e30-e06f3da01c15,600,48,648
f018a6b0-5723-4451-87a2-b34b296050d2,52b280cc-66a1-4aff-a315-65a3e08ba082,2024-06-05 07:55:00,b3406af8-c4a9-4d2d-9e30-e06f3da01c15,600,48,648
ab160fb6-d6dd-4508-a004-c73d12b1f630,db206fbc-6df6-47aa-9f6c-7d3bdce9e3c5,2024-06-05 08:40:00,b3406af8-c4a9-4d2d-9e30-e06f3da01c15,600,48,648
46cc5684-8d1d-46ec-9007-c2fbd71167fa,6ed4fff1-f154-471e-b304-f0a6506925bb,2024-06-05 10:07:00,b3406af8-c4a9-4d2d-9e30-e06f3da01c15,1800,144,1944
7fb9666f-de3d-4ec1-b0bf-01a1e4f2cb03,c2085572-8827-4de1-ac06-5f3d40324313,2024-06-05 07:44:00,b3406af8-c4a9-4d2d-9e30-e06f3da01c15,600,48,648
c3f681a2-061d-4b59-8623-1d5924ebca63,d4954aec-b60d-426c-9058-f2d3d61ecf7f,2024-06-05 14:07:00,b3406af8-c4a9-4d2d-9e30-e06f3da01c15,700,56,756
b0e56c34-456e-4f2a-8c79-4be56032bcd2,8429261b-8ba3-41d8-beda-f33f31540c22,2024-06-05 11:38:00,b3406af8-c4a9-4d2d-9e30-e06f3da01c15,600,48,648
2f6e25a2-38c6-4e59-8f85-8f40a5e25814,3254d2fb-f762-4502-ad4f-6f57b4a21620,2024-06-05 08:25:00,b3406af8-c4a9-4d2d-9e30-e06f3da01c15,400,32,432
e21a9a63-5271-4fe5-a360-e5e814955991,db7b3e64-5805-46a2-8e59-f78fb53db9ab,2024-06-05 11:17:00,b3406af8-c4a9-4d2d-9e30-e06f3da01c15,2300,184,2484
d635e6cb-81a1-417b-a51f-0c0d0aafc236,794398f0-d003-410e-81b9-97cfb53b31d1,2024-06-05 13:19:00,b3406af8-c4a9-4d2d-9e30-e06f3da01c15,700,56,756
4ac69679-0200-4a3b-8736-7d53c191d9f8,37fb0e02-a1ba-418d-90f7-2bd67e71feb0,2024-06-05 16:44:00,b3406af8-c4a9-4d2d-9e30-e06f3da01c15,500,40,540
917244e2-124e-4e85-b935-515ac7c1b7a8,e84bffdc-b85d-42a5-900a-67979727373d,2024-06-05 07:09:00,b3406af8-c4a9-4d2d-9e30-e06f3da01c15,600,48,648
eb1acd2e-3fd6-468e-b398-e86df8ce2da2,0acbf411-6839-44f0-8956-631074bb22e0,2024-06-05 08:45:00,b3406af8-c4a9-4d2d-9e30-e06f3da01c15,500,40,540
e23c860f-fc23-412c-8d73-83c43d7ad260,25ac8d3c-f20d-445c-98a5-92ba07716d01,2024-06-05 07:57:00,b3406af8-c4a9-4d2d-9e30-e06f3da01c15,700,56,756
928e7959-ec5c-47f9-9ba3-93f2faf4b360,1892dd7a-8ba7-4839-891c-a1faa3c38b01,2024-06-05 12:34:00,b3406af8-c4a9-4d2d-9e30-e06f3da01c15,400,32,432
c2739118-b3e3-4165-b166-c55a7e5f2674,423631a6-92ea-471b-88bc-c47f120439ff,2024-06-05 17:06:00,b3406af8-c4a9-4d2d-9e30-e06f3da01c15,600,48,648
7a44d5b2-96a7-4092-85b8-2ae57925e4dc,1d402c5f-2fac-4f95-9d30-6ef180da3feb,2024-06-05 14:30:00,b3406af8-c4a9-4d2d-9e30-e06f3da01c15,1600,128,1728
cae98fee-d54e-431b-bb2f-b22212214c2b,881b46ba-02e1-4cbb-8806-031dc3bbeca7,2024-06-05 18:52:00,b3406af8-c4a9-4d2d-9e30-e06f3da01c15,1600,128,1728
0c1cfe91-ecf7-4b48-887f-e620a8257148,235014d2-591b-47a1-bbff-aeb890034fd3,2024-06-05 09:53:00,b3406af8-c4a9-4d2d-9e30-e06f3da01c15,600,48,648
6e34a6bd-f3c9-4924-a728-a889e93631de,d3873be4-b64c-42ee-84b6-5bb82cfc5320,2024-06-05 13:13:00,b3406af8-c4a9-4d2d-9e30-e06f3da01c15,1600,128,1728
48fd3793-4323-4709-a46c-65aac3ad7f1f,f2f7747d-afbe-47b0-b53b-b1befdd2248f,2024-06-05 08:35:00,b3406af8-c4a9-4d2d-9e30-e06f3da01c15,600,48,648
78a7f68f-1251-4bb7-bfc0-9aea83c83960,9218401a-a3fe-4361-b974-75ab3912ede2,2024-06-05 08:09:00,b3406af8-c4a9-4d2d-9e30-e06f3da01c15,400,32,432
e4ca5856-3585-48ce-8c05-504551815209,8d65ca70-f409-4ca5-8358-00184b8ca792,2024-06-05 07:56:00,b3406af8-c4a9-4d2d-9e30-e06f3da01c15,500,40,540
e6ccca7b-a10b-41e8-a727-cf972d12acb0,a458afe9-c65f-409f-8219-b305bca5a3cf,2024-06-05 08:13:00,b3406af8-c4a9-4d2d-9e30-e06f3da01c15,600,48,648
1adc6296-23e4-41df-a106-40c98b0ecc57,86b0709f-3cb4-4745-a48f-d886fb407676,2024-06-05 07:37:00,b3406af8-c4a9-4d2d-9e30-e06f3da01c15,600,48,648
ccfc14c4-4227-46bc-b225-c4a1b2499792,a007d2c8-f005-484a-9bba-492bde02b53a,2024-06-05 07:50:00,b3406af8-c4a9-4d2d-9e30-e06f3da01c15,500,40,540
7344a542-296e-45f1-9026-5e6b27653fd4,e16a6ba6-9dd7-494f-8317-85068747c218,2024-06-05 07:29:00,b3406af8-c4a9-4d2d-9e30-e06f3da01c15,600,48,648
4e4081c0-525d-4f68-b22a-b669ba7d4603,2f45a670-e065-4371-8202-083f6698877c,2024-06-05 13:17:00,b3406af8-c4a9-4d2d-9e30-e06f3da01c15,1100,88,1188
10c8b1d2-b5f0-4ca7-9e7e-8ae138f469d1,0a99f923-70d6-40f5-8870-92a09715bce2,2024-06-05 08:10:00,b3406af8-c4a9-4d2d-9e30-e06f3da01c15,700,56,756
e66af756-8edd-47b1-8c53-2d56fcb7b3c2,ed5ab19d-1777-4342-ab81-aa1bc6f6b498,2024-06-05 13:14:00,b3406af8-c4a9-4d2d-9e30-e06f3da01c15,1600,128,1728
ee841a10-7103-4824-91db-f999c4d31107,27007e99-75c0-4708-bd7c-7d588972a823,2024-06-05 08:02:00,b3406af8-c4a9-4d2d-9e30-e06f3da01c15,400,32,432
8428490f-6bb1-4fac-b775-d6e909f13ac4,7d0d3560-9574-4d65-a9b3-a026cb9b0bbe,2024-06-05 12:37:00,b3406af8-c4a9-4d2d-9e30-e06f3da01c15,2400,192,2592
b5508684-5eb9-4a14-b0d5-4ab7c1ada7b9,5c34ed01-e5d5-4589-b968-4286a6b2c3cf,2024-06-05 09:05:00,b3406af8-c4a9-4d2d-9e30-e06f3da01c15,600,48,648
17f0545d-a5c3-4de5-835d-e85300228c0e,f986eceb-8694-41cf-ae4c-2be2024e8781,2024-06-05 08:21:00,b3406af8-c4a9-4d2d-9e30-e06f3da01c15,600,48,648
5d78b405-b4a1-47d9-9d75-7ab1f90c2c3e,0e12aa9f-f4e0-4e16-93b6-10b7083ca873,2024-06-05 14:58:00,b3406af8-c4a9-4d2d-9e30-e06f3da01c15,1800,144,1944
25485ad2-c705-4f9f-a29d-2ecc83d99d53,b4d7bbaf-cc87-47f2-a964-1a64d7d18e19,2024-06-05 08:11:00,b3406af8-c4a9-4d2d-9e30-e06f3da01c15,600,48,648
f7d1f2b4-7f18-426d-9151-65ef2aa65685,6e33e101-a26d-4b95-b7a0-e5a77ebc64dd,2024-06-05 08:36:00,b3406af8-c4a9-4d2d-9e30-e06f3da01c15,600,48,648
2996951a-e52f-4614-943f-d0fb8c78ff05,4c529355-b86a-410a-bd67-d69a08e26469,2024-06-05 10:01:00,b3406af8-c4a9-4d2d-9e30-e06f3da01c15,600,48,648
46fd812d-08ea-4504-b764-3092d17b2a00,e1850c0e-781b-4ab6-9df3-0574ffb34203,2024-06-05 07:50:00,b3406af8-c4a9-4d2d-9e30-e06f3da01c15,400,32,432
db4e9918-1150-46b0-bf33-e59be8bc2099,698e721e-d046-458b-8082-08c8bb54ecad,2024-06-05 16:37:00,b3406af8-c4a9-4d2d-9e30-e06f3da01c15,1500,120,1620
faf52207-556b-4435-845c-cfeeb5a184f5,b8ebe9c1-1add-4673-afe5-93f07113de45,2024-06-05 10:37:00,b3406af8-c4a9-4d2d-9e30-e06f3da01c15,0,0,0
78ade744-2062-4489-81de-70298385e149,f487f45c-143d-4d73-9d45-d6d9a100bafa,2024-06-05 07:33:00,b3406af8-c4a9-4d2d-9e30-e06f3da01c15,600,48,648
13230b9b-df2a-425e-9f6e-4b400756637d,abb9bca3-59ae-4a9f-b115-16c1c3bf57ef,2024-06-05 07:34:00,b3406af8-c4a9-4d2d-9e30-e06f3da01c15,500,40,540
eb830135-ef84-4b18-bae8-caceaf26f1f8,4a26cec1-b080-40ee-967d-31caa23f742c,2024-06-05 07:15:00,b3406af8-c4a9-4d2d-9e30-e06f3da01c15,3700,296,3996
a058775b-95c9-41f1-9362-db56b7e11eb6,2bd22f13-76a5-4011-bef8-686940d3ba2d,2024-06-05 11:15:00,b3406af8-c4a9-4d2d-9e30-e06f3da01c15,0,0,0
98a4a6a1-c2c6-47e2-b674-d32ba5331acf,e7cdd862-6c8e-4af5-91e8-e017767a279b,2024-06-05 10:26:00,b3406af8-c4a9-4d2d-9e30-e06f3da01c15,600,48,648
df9aa903-de3b-4a47-bb64-573eb3f6bb6b,a1932494-1e79-4f11-90d6-2c3d14b17ff9,2024-06-05 08:03:00,b3406af8-c4a9-4d2d-9e30-e06f3da01c15,700,56,756
c171e645-61f5-41c7-92b2-48232481938a,0a996dc6-ec23-473c-964f-78456fbcf5da,2024-06-05 08:07:00,b3406af8-c4a9-4d2d-9e30-e06f3da01c15,600,48,648
157ad975-87f7-40f7-8c43-74fb45d664af,ff396751-b162-46df-8c81-61f6062eab97,2024-06-05 18:21:00,b3406af8-c4a9-4d2d-9e30-e06f3da01c15,600,48,648
c175c930-58b2-4952-9a14-3ae937b9db4b,598e831c-2388-4cb6-9cf0-22e14fee9400,2024-06-05 15:02:00,b3406af8-c4a9-4d2d-9e30-e06f3da01c15,2100,168,2268
699e7e62-3b6e-48e6-9c99-31e93a5a361b,09afb464-d131-423d-a7a7-10d3f6093399,2024-06-05 07:36:00,b3406af8-c4a9-4d2d-9e30-e06f3da01c15,400,32,432
e76998b7-340d-48f1-9bc9-0e344b20c4be,aa665be8-f1e3-4044-9620-f83b294f8b69,2024-06-05 17:05:00,b3406af8-c4a9-4d2d-9e30-e06f3da01c15,600,48,648
8e789f08-c0c3-411d-89d8-abd42c6fb8d0,0bafee08-21f3-43d6-9aee-ab1d60a7d7ec,2024-06-05 17:11:00,b3406af8-c4a9-4d2d-9e30-e06f3da01c15,600,48,648
99cb28ef-cd85-4eb4-91c8-31ba988921f9,e7104275-32a7-4e9c-a3ee-4d9a6086f605,2024-06-05 13:33:00,b3406af8-c4a9-4d2d-9e30-e06f3da01c15,3400,272,3672
f12fde67-d7e6-4155-a413-05152611c4de,30bb7b4b-20a7-4691-a3fc-4b196f282c03,2024-06-05 17:24:00,b3406af8-c4a9-4d2d-9e30-e06f3da01c15,600,48,648
10e2751c-c29c-4b5f-8c3b-8374f3125a16,96a08a67-3a4f-4c5f-a78b-79cc00ce235c,2024-06-05 08:00:00,b3406af8-c4a9-4d2d-9e30-e06f3da01c15,700,56,756
4a40b0cc-3caa-4c81-ae15-e4f1e1f26fcd,608ca642-8a7f-4061-86a0-b0b6ca27da21,2024-06-05 08:25:00,b3406af8-c4a9-4d2d-9e30-e06f3da01c15,400,32,432
906df14e-491e-4720-88f8-778299ddd99f,f2786374-fd22-43a8-96d8-929e18656d5a,2024-06-05 10:58:00,b3406af8-c4a9-4d2d-9e30-e06f3da01c15,500,40,540
718e1455-2cdb-4cd7-8cd2-3a6e4f182b4e,ef1fba28-a42f-40cf-8279-cc78382e4a4d,2024-06-05 15:55:00,b3406af8-c4a9-4d2d-9e30-e06f3da01c15,700,56,756
7c887a98-5141-424a-b8a4-1ca551f974a1,318d3c38-cc45-4e02-bc63-99141525c4f3,2024-06-05 07:15:00,b3406af8-c4a9-4d2d-9e30-e06f3da01c15,600,48,648
51c5281a-5581-464f-94c3-19cb66682e1f,e0a6f2cd-e20c-413e-b17e-49ee6bd43cfa,2024-06-05 13:00:00,b3406af8-c4a9-4d2d-9e30-e06f3da01c15,1800,144,1944
06a9d8ed-9938-41ad-b113-dd734a1eb6ea,03e63491-df23-46b5-aa4e-70612e0286c3,2024-06-05 07:00:00,b3406af8-c4a9-4d2d-9e30-e06f3da01c15,600,48,648
8a17e3b6-3e07-4b8e-af80-9c7a6b035f51,f84d9433-99fb-4dc1-a7b4-ed28df01589c,2024-06-05 09:18:00,b3406af8-c4a9-4d2d-9e30-e06f3da01c15,700,56,756
eb561efa-2df0-4476-a46d-d1905b41c142,89f23a88-e155-403c-81b7-74624a2a8b7c,2024-06-05 07:50:00,b3406af8-c4a9-4d2d-9e30-e06f3da01c15,400,32,432
2a04b1c5-6bf1-47c8-80c3-a411cc033e81,6955924f-52b4-4a14-8a1a-4141c64f990f,2024-06-05 08:27:00,b3406af8-c4a9-4d2d-9e30-e06f3da01c15,600,48,648
e9db67d5-a25e-4604-89df-263afd97cda7,528277e8-4ab5-4238-8977-eef05607a07b,2024-06-05 17:42:00,b3406af8-c4a9-4d2d-9e30-e06f3da01c15,600,48,648
5ed527ae-cd32-4e85-a3f0-10b626f569a4,3ced9be5-34a5-4ecb-b0c6-0914d923f289,2024-06-05 07:54:00,b3406af8-c4a9-4d2d-9e30-e06f3da01c15,500,40,540
88dc6823-3bef-416c-a09e-d8ffe5223e23,0f3e973c-42e0-4b6d-8940-db51a4fbdfaf,2024-06-05 07:27:00,b3406af8-c4a9-4d2d-9e30-e06f3da01c15,500,40,540
425247ba-fb70-4965-a15b-9ba34d99dd1d,4a5e57dc-e244-4e0d-8e41-6c0deca10336,2024-06-05 08:21:00,b3406af8-c4a9-4d2d-9e30-e06f3da01c15,600,48,648
fc81e0e6-7045-4b93-b714-b59e3dd47e06,31a4ccea-3d90-4e67-a6f8-8d990cfffd1a,2024-06-05 08:01:00,b3406af8-c4a9-4d2d-9e30-e06f3da01c15,400,32,432
8f08caa8-87e4-4bc0-bba9-602a09567588,86faf3a1-bcd6-4bd4-8900-ba8ed0ffe0f2,2024-06-05 08:07:00,b3406af8-c4a9-4d2d-9e30-e06f3da01c15,400,32,432
0e2f927f-1025-4134-9236-164900cdf527,a709f29f-6f8e-4f51-b1b6-0d7e99fe176a,2024-06-05 13:38:00,b3406af8-c4a9-4d2d-9e30-e06f3da01c15,2100,168,2268
c207aed9-10c7-4fc3-8236-4a001bac3da1,50823f14-a532-448f-a310-02980e02795d,2024-06-05 16:07:00,b3406af8-c4a9-4d2d-9e30-e06f3da01c15,700,56,756
e3289816-9adf-4e7f-bac6-b5d9ff7ce566,87f0edf1-082f-460b-bc4f-9e72db2598ec,2024-06-05 07:57:00,b3406af8-c4a9-4d2d-9e30-e06f3da01c15,400,32,432
a6ce8e44-9c61-4973-ac88-f3d50875337a,06a02b8b-8290-49eb-a59a-1ed359cee4d9,2024-06-05 13:01:00,b3406af8-c4a9-4d2d-9e30-e06f3da01c15,700,56,756
6118aba0-20e4-4a5c-9ec5-183ca9c990b0,b7af6b39-c4de-481a-95b9-872e4b399c9e,2024-06-05 11:05:00,b3406af8-c4a9-4d2d-9e30-e06f3da01c15,600,48,648
32c88024-9539-4c74-98f8-05f500099411,44a1345c-83cd-4105-bc81-eb61a59948bc,2024-06-05 07:58:00,b3406af8-c4a9-4d2d-9e30-e06f3da01c15,400,32,432
d04c8a82-ef9d-4dc9-9b86-c7fbdf843175,abd96f0c-1f71-4940-b799-0029d8748822,2024-06-05 07:36:00,b3406af8-c4a9-4d2d-9e30-e06f3da01c15,700,56,756
307a047c-264d-4ec0-93b9-3bec9e2f7886,5f9b70bf-6872-4382-8d21-99901b648a96,2024-06-05 13:48:00,b3406af8-c4a9-4d2d-9e30-e06f3da01c15,1600,128,1728
a4a5ce4e-4aba-4e7c-8532-429dc78a2411,c404f93f-22ca-4704-b231-83c13bb26a63,2024-06-05 09:40:00,b3406af8-c4a9-4d2d-9e30-e06f3da01c15,600,48,648
6890f70e-45b9-4cba-ab90-7b2cef44745b,c26ac399-6c40-4f9c-8b03-1ec608843dee,2024-06-05 08:07:00,b3406af8-c4a9-4d2d-9e30-e06f3da01c15,500,40,540
d605dd18-466c-44d9-a6bf-b115f416025e,4190f662-1219-4f03-803f-413f95e73ac8,2024-06-05 17:36:00,b3406af8-c4a9-4d2d-9e30-e06f3da01c15,1800,144,1944
393db8ec-d636-419c-ad9f-1cc23cf55e7a,0e9616a6-6c31-4010-812b-329c8f7b4853,2024-06-05 16:26:00,b3406af8-c4a9-4d2d-9e30-e06f3da01c15,600,48,648
09e367e5-63f2-4128-9296-0a912442a079,e035ac52-ddc6-40b9-8ff0-323f85959735,2024-06-05 12:27:00,b3406af8-c4a9-4d2d-9e30-e06f3da01c15,700,56,756
f0761a87-61c6-401e-8860-1ec1910a50e9,a8998506-bf65-496e-b0cd-f9f69e104054,2024-06-05 15:09:00,b3406af8-c4a9-4d2d-9e30-e06f3da01c15,600,48,648
2fd84cbd-ec06-4022-9006-f2c54c8414e3,d95f31c5-538e-45b8-b561-b1a13cdfef1e,2024-06-05 07:41:00,b3406af8-c4a9-4d2d-9e30-e06f3da01c15,500,40,540
43bbd0ff-e5ee-4156-844c-7995ed9b13e2,5f34c06b-36b6-4e9b-a063-e54491135063,2024-06-05 11:26:00,b3406af8-c4a9-4d2d-9e30-e06f3da01c15,1100,88,1188
32a48f68-5625-4fb1-a3a4-880370e1086d,d593cb3f-5c32-4ae8-b090-2b2d6cc364e0,2024-06-05 08:50:00,b3406af8-c4a9-4d2d-9e30-e06f3da01c15,400,32,432
23abe78c-91c3-42d4-a2d2-69616a59decb,b9c12e8c-8d2a-43d5-a79a-29aeb082c72a,2024-06-05 07:00:00,b3406af8-c4a9-4d2d-9e30-e06f3da01c15,0,0,0
53941399-4213-4a6a-a341-7489df10543b,722c012f-efd2-49d0-8fd3-047157c22e79,2024-06-05 07:07:00,b3406af8-c4a9-4d2d-9e30-e06f3da01c15,400,32,432
eba0f48f-de1b-4b0d-87a2-b0e260577a61,5096dc25-d8a1-44a1-a629-f07365c1878a,2024-06-05 16:50:00,b3406af8-c4a9-4d2d-9e30-e06f3da01c15,400,32,432
7bf4751a-8659-4048-adf8-59342918d259,8db6beac-c887-48a0-a243-51364c4b54e5,2024-06-05 12:16:00,b3406af8-c4a9-4d2d-9e30-e06f3da01c15,1800,144,1944
b119d658-1bd4-4453-a4c0-93acd12717fe,6acbf0ba-f1c3-49cc-963a-d0c2f7c4d8f5,2024-06-05 07:57:00,b3406af8-c4a9-4d2d-9e30-e06f3da01c15,700,56,756
c7b0b5ad-902c-4ee1-9ebf-83299aa2af5a,48cd3500-f9c1-471b-9786-fc1d6b7dfb2b,2024-06-05 12:23:00,b3406af8-c4a9-4d2d-9e30-e06f3da01c15,1500,120,1620
cd8afdfb-f140-445e-b307-4972234cd94f,2a47cf71-066f-4856-941a-0dcedb495e25,2024-06-05 08:33:00,b3406af8-c4a9-4d2d-9e30-e06f3da01c15,600,48,648
4388fcb6-483f-421e-8109-bcd3453f54fd,dfcbcca6-3b8b-4b74-8b8a-35d542b61bea,2024-06-05 07:49:00,b3406af8-c4a9-4d2d-9e30-e06f3da01c15,600,48,648
2cf21fb1-d73f-451c-a6d6-8a0a392286ae,5169248c-0343-424f-9004-6c4898defb2e,2024-06-05 13:55:00,b3406af8-c4a9-4d2d-9e30-e06f3da01c15,700,56,756
b6502712-a8d1-4593-ac33-b0dae5fe0054,3e0bfbc5-de9c-4029-9e07-9abf3ea45e78,2024-06-05 08:18:00,b3406af8-c4a9-4d2d-9e30-e06f3da01c15,600,48,648
517af6fd-4d49-4b14-b5ac-e14d67df4272,565b67c6-951e-4d74-b047-1adf6fc2575c,2024-06-05 16:02:00,b3406af8-c4a9-4d2d-9e30-e06f3da01c15,2400,192,2592
661b51bb-c923-4bb4-80b1-3d832970a1a8,19f5d8a1-6ea7-4cf1-a579-6255b6bfe1a2,2024-06-05 14:55:00,b3406af8-c4a9-4d2d-9e30-e06f3da01c15,600,48,648
b204c330-0835-49e8-b18e-0a15e8685aba,5f7050b5-70b0-4e68-87ca-3057e2b22fec,2024-06-05 07:15:00,b3406af8-c4a9-4d2d-9e30-e06f3da01c15,500,40,540
3da27c52-f68f-4d2b-8685-9a539c4e628a,33cfa771-7267-4b01-be99-d035630b41c7,2024-06-05 14:54:00,b3406af8-c4a9-4d2d-9e30-e06f3da01c15,700,56,756
be65225a-ddb0-4538-b6b5-6416545270da,09a85561-3dcd-44bf-b9d7-6e19a1d38ecb,2024-06-05 13:51:00,b3406af8-c4a9-4d2d-9e30-e06f3da01c15,600,48,648
3f705bb1-6880-4ab3-b6b5-801efb14a2dc,cf232296-6a6b-4d24-9a71-2649bcbac8c1,2024-06-05 16:23:00,b3406af8-c4a9-4d2d-9e30-e06f3da01c15,1600,128,1728
78cad1c4-4435-4625-ada4-1a31cf80d249,58618b9b-fd0a-4274-bbe4-0fe50a9d9a88,2024-06-05 18:16:00,b3406af8-c4a9-4d2d-9e30-e06f3da01c15,1200,96,1296
d7e5de46-ac77-437d-91aa-bcfbf321948c,a4f9127b-d74a-4f58-810f-420971b161f1,2024-06-05 10:52:00,b3406af8-c4a9-4d2d-9e30-e06f3da01c15,700,56,756
ee96652b-b49f-48d9-8c0d-e66bcdff69b6,69f7975c-4dc8-44dc-a8cd-1ada09c809f4,2024-06-05 08:16:00,b3406af8-c4a9-4d2d-9e30-e06f3da01c15,600,48,648
e46644c2-a7db-4523-8cda-b16098089720,93437d2a-3844-4289-b40d-fddae4789e9f,2024-06-05 08:05:00,b3406af8-c4a9-4d2d-9e30-e06f3da01c15,700,56,756
a86c065c-4d49-43fb-bb3d-7092d3258508,96f755ed-3cd7-4c7a-a270-c8decb7e333c,2024-06-05 08:02:00,b3406af8-c4a9-4d2d-9e30-e06f3da01c15,400,32,432
3513c12f-3097-48e3-8f25-c24b5ede9d5a,5426db7a-b305-431e-981b-30fb5a510434,2024-06-05 08:20:00,b3406af8-c4a9-4d2d-9e30-e06f3da01c15,600,48,648
557f2c98-e90f-4136-84f9-1cc7139c3936,783a4c82-83fb-4f38-8f75-4a7e4824221c,2024-06-05 15:47:00,b3406af8-c4a9-4d2d-9e30-e06f3da01c15,600,48,648
971aa4d0-b31b-4f46-b4eb-f2e2dd3dd630,679485b7-5dd6-41b6-b898-8ef7079bc93a,2024-06-05 17:36:00,b3406af8-c4a9-4d2d-9e30-e06f3da01c15,600,48,648
9dcecaaa-bf23-4afe-bf6e-b7004617e69d,6abd1eaa-ddec-4830-9213-0c88cbf37819,2024-06-05 08:09:00,b3406af8-c4a9-4d2d-9e30-e06f3da01c15,700,56,756
78e168ef-1f77-4a26-b760-7f1cc16f462a,da5f74ed-37ae-4e24-a565-e28f636b84c1,2024-06-05 09:09:00,b3406af8-c4a9-4d2d-9e30-e06f3da01c15,600,48,648
67238a20-855a-4b48-a44e-6dff8e0c3fce,f2c43620-2285-47a4-9419-0fb60eb8d25a,2024-06-05 07:36:00,b3406af8-c4a9-4d2d-9e30-e06f3da01c15,500,40,540
5f3cff3a-8ae2-44b3-ae68-b2d6784b12d7,3bd451ff-c133-4697-ac9d-1dfee63011f5,2024-06-05 14:58:00,b3406af8-c4a9-4d2d-9e30-e06f3da01c15,1800,144,1944
55081b62-e978-4e31-8f03-0d35ec7e1f1b,780dac38-0863-491a-b46d-bc3cd528c1e4,2024-06-05 07:32:00,b3406af8-c4a9-4d2d-9e30-e06f3da01c15,600,48,648
5deaa9f8-497d-49ca-93ec-be3526c23ebc,2a2621d7-3929-4b01-ba9c-c91bc485bd78,2024-06-05 10:25:00,b3406af8-c4a9-4d2d-9e30-e06f3da01c15,600,48,648
33571791-b9a7-4eb9-89de-ee493814403b,4c25cfbb-7971-47e1-be1f-7a5110941d8e,2024-06-05 17:28:00,b3406af8-c4a9-4d2d-9e30-e06f3da01c15,1600,128,1728
927a1d54-ccca-41f2-9690-9f62cb8fdccd,f0ef0634-7b1f-4088-9657-9ad991d04f64,2024-06-05 07:50:00,b3406af8-c4a9-4d2d-9e30-e06f3da01c15,400,32,432
55470f4c-74db-4bb8-90ba-81d99b11811f,d9345814-fb89-4e3f-9b22-312557035896,2024-06-05 10:58:00,b3406af8-c4a9-4d2d-9e30-e06f3da01c15,600,48,648
f3616952-e3ea-40b2-88a8-a748b882af23,b5b8ba14-c913-48ca-8f53-c0634b770bc5,2024-06-05 07:04:00,b3406af8-c4a9-4d2d-9e30-e06f3da01c15,600,48,648
0d2b28e8-6caa-442d-b2c1-42a382637410,7c0b728c-03b2-4074-97b0-820e04f72bc1,2024-06-05 11:39:00,b3406af8-c4a9-4d2d-9e30-e06f3da01c15,600,48,648
894f3fff-7589-4d05-b0eb-07f176e5d43e,75c09e8f-8645-4c9f-ac93-1699443c14cb,2024-06-05 07:39:00,b3406af8-c4a9-4d2d-9e30-e06f3da01c15,500,40,540
ba40b1dd-1037-4b7b-b011-04445f105ec1,be28b3ee-678e-4706-8265-7912b58409ca,2024-06-05 16:15:00,b3406af8-c4a9-4d2d-9e30-e06f3da01c15,1600,128,1728
b1d5f2cf-6daf-457b-96f9-aaef0ae1f1de,6cb308a6-4f17-44e2-b53d-772f2b8c7f3b,2024-06-05 10:28:00,b3406af8-c4a9-4d2d-9e30-e06f3da01c15,1200,96,1296
c7fec06c-d239-4979-9f83-a7df2ba55067,60f6f9d2-5739-45d8-a478-3113ae487937,2024-06-05 08:29:00,b3406af8-c4a9-4d2d-9e30-e06f3da01c15,1100,88,1188
2fb5a0c0-2f33-4433-a888-11c9733a5451,bb5ab63c-2b60-4ad2-b1b5-a02988e61b69,2024-06-05 15:56:00,b3406af8-c4a9-4d2d-9e30-e06f3da01c15,1200,96,1296
f551ce14-4460-4c8e-975e-7019bb4812b2,d0fb7f3a-f27f-4d4e-ba9b-df1d3fbc30eb,2024-06-05 10:45:00,b3406af8-c4a9-4d2d-9e30-e06f3da01c15,3100,248,3348
d30da358-fabe-4a69-bc09-ef0b9aebc47b,9fb4a20c-205f-4b24-9b1b-e9cf352df13c,2024-06-05 16:46:00,b3406af8-c4a9-4d2d-9e30-e06f3da01c15,1800,144,1944
9262ad7e-e778-45e3-ac44-699c5af2d767,89beb553-07d8-468a-afb8-475cddc32a77,2024-06-05 08:55:00,b3406af8-c4a9-4d2d-9e30-e06f3da01c15,600,48,648
ea7462c7-dc48-49e3-a886-f6d68a5788b9,c506b71a-787f-4a35-87ed-45c7f1b1d01d,2024-06-05 14:23:00,b3406af8-c4a9-4d2d-9e30-e06f3da01c15,1800,144,1944
0f56ebcb-7a44-4b19-b35a-703bf913e7b9,6f62631e-1d5a-4f8f-8e63-0a0f41dbd8ee,2024-06-05 07:34:00,b3406af8-c4a9-4d2d-9e30-e06f3da01c15,500,40,540
2f2ae1a0-056c-4be8-b8b8-d7a42c1d7c51,16e865e6-eca2-4dba-b362-059d91cbde66,2024-06-05 12:04:00,b3406af8-c4a9-4d2d-9e30-e06f3da01c15,400,32,432
b62f3f59-0adb-4a64-ab49-ad020f408add,e719b42e-3376-4371-b1b6-b4fdccad5115,2024-06-05 15:06:00,b3406af8-c4a9-4d2d-9e30-e06f3da01c15,2200,176,2376
e882c1be-a559-4cf1-b3f0-f7a424981193,ff5a232b-ee8b-4ca2-96b1-ef1650c72b1a,2024-06-05 07:32:00,b3406af8-c4a9-4d2d-9e30-e06f3da01c15,700,56,756
833fac9e-ecf9-446b-bd86-43ab53924ae5,5f6dc068-c7a6-4b9f-8f6b-cc0a2c0f5920,2024-06-05 08:21:00,b3406af8-c4a9-4d2d-9e30-e06f3da01c15,600,48,648
c9b1f8f2-b956-46a7-b893-81b4ba27a189,9af44487-75a5-464e-9686-6f0f667729e7,2024-06-05 13:18:00,b3406af8-c4a9-4d2d-9e30-e06f3da01c15,600,48,648
da3bc4fd-a33a-4ed8-8f7f-037ab48439bc,e5a9b9ac-c173-44e3-bd7b-273f20532544,2024-06-05 13:42:00,b3406af8-c4a9-4d2d-9e30-e06f3da01c15,400,32,432
734a4d2b-f3fc-4b36-a691-754e091c31c5,d4eac3ba-2779-4b21-99f2-198fba33f339,2024-06-05 12:37:00,b3406af8-c4a9-4d2d-9e30-e06f3da01c15,3600,288,3888
18c0fd71-98f6-4a00-8ea8-c2a2248bcb42,fa9e8c55-3724-43ef-bc87-cd18cf46c453,2024-06-05 07:55:00,b3406af8-c4a9-4d2d-9e30-e06f3da01c15,700,56,756
249345ca-7bde-46d1-8e1a-511fde457262,063e0a0b-9da6-413a-9759-065854e5f48f,2024-06-05 16:01:00,b3406af8-c4a9-4d2d-9e30-e06f3da01c15,500,40,540
70a75ea0-aeea-49af-a2bb-2137956a9443,f5f40b10-cc7e-4664-bc08-bc601775c40d,2024-06-05 10:43:00,b3406af8-c4a9-4d2d-9e30-e06f3da01c15,4100,328,4428
bcaa3cf9-ec65-47c9-aa29-4ceadd31d632,72e39e59-1d0a-43f5-9fd7-68c18e43f2f1,2024-06-05 11:34:00,b3406af8-c4a9-4d2d-9e30-e06f3da01c15,2800,224,3024
93fc7e32-2267-417a-b903-d9f06746b3a1,81d151e6-2213-44c8-b3f8-3c92ca5f9d6f,2024-06-05 14:38:00,b3406af8-c4a9-4d2d-9e30-e06f3da01c15,700,56,756
9068a45a-568a-47f0-83c8-aae5fb32307f,9914ddf0-df99-410f-bac5-a8a753f033b9,2024-06-05 10:02:00,b3406af8-c4a9-4d2d-9e30-e06f3da01c15,1200,96,1296
476c9cbd-a370-4a4b-add4-4c5178642f3a,250a707f-0648-4114-aed3-fc271fbdae6e,2024-06-05 07:00:00,b3406af8-c4a9-4d2d-9e30-e06f3da01c15,700,56,756
cbab8e57-99b0-4a48-b0d1-865a0d4649ad,b17947fc-f4f9-4d4d-82a7-a21c9ef29f08,2024-06-05 14:16:00,b3406af8-c4a9-4d2d-9e30-e06f3da01c15,800,64,864
1cbbe335-c3d7-480f-813e-3650f0654d86,38fd0df9-b14a-469c-b91c-66b120a207cc,2024-06-05 13:16:00,b3406af8-c4a9-4d2d-9e30-e06f3da01c15,1100,88,1188
af87e441-5b2c-4f43-a681-520af8c8e14f,0709c8a9-a54b-4f66-94c2-ba1671a61c01,2024-06-05 11:10:00,b3406af8-c4a9-4d2d-9e30-e06f3da01c15,600,48,648
