ID,ORDER_ID,SKU,QUANTITY,PRICE
5e72a67f-f8f4-45de-aadd-ea4cf880cef2,a424fa3e-45d4-499a-8301-16286bcf7550,BEV-001,4,904.75
d1683328-baf9-4d13-9c62-c40a9649f4b1,c3b0b77a-fed2-4d6f-93d3-8ad4193e4007,BEV-004,5,122.34
729fdb69-ea53-491e-8a22-66a6bcf44ccd,bef29f79-ce4d-43a2-95b9-76efbfbbf649,BEV-001,1,129.22
fee84e30-a2f0-432f-be95-1825ef2517f6,bef29f79-ce4d-43a2-95b9-76efbfbbf649,JAF-003,5,377.81
78cb4787-a923-4e0c-a529-53b88112950d,5c0dcbd5-59f9-428b-a8fd-32e2240720b7,BEV-005,8,322.67
b51879db-c6ac-48ff-88f8-8cde9124e0d2,8b62b8d8-05aa-4f80-a0db-2ebfb7bd333c,BEV-005,10,545.93
a600bbb4-765b-46c9-9734-984b0361afab,63d24dba-a86f-4e7a-b75a-82f287cb5989,BEV-003,5,680.35
1d189269-f439-4b4e-a2e3-bed84cb8b6f8,cfd12025-a95d-4b34-9384-1649a436e85b,BEV-001,9,893.17
79f0e029-15df-4753-a33a-c8051f69c5a2,cfd12025-a95d-4b34-9384-1649a436e85b,JAF-002,1,633.72
e3af91b7-49d1-4a4a-a7bd-787634fa1db8,084d2a14-ed00-455d-a57a-b6794d8c6e0f,BEV-005,10,160.27
27f6d1d3-27ec-46aa-b8f3-0641318b7b0c,74e0efc3-973a-4ca0-a3eb-ed2af1957227,BEV-002,5,131.3
2b373cb2-ee3d-4654-8805-eb7258a92912,028fe8a3-b566-4960-960e-0b0f91d20278,BEV-005,3,372.7
ba35ac5d-afe1-46c6-89e5-b7a292322825,028fe8a3-b566-4960-960e-0b0f91d20278,BEV-004,10,431.39
04d8582f-0b01-4873-b8bf-24faa1875b7c,dcdaf7d7-8c17-4a2c-96aa-fc992bef50b0,BEV-003,5,577.18
0b42e50a-ffab-4428-815d-9ba5bca54005,b61e298b-1bc6-4e7b-b58d-624ba67cf221,BEV-001,2,539.03
1596e9a4-e161-40b6-a910-5969b4dbe674,3bc751cb-8486-4cb2-ba70-4e216415154a,BEV-001,6,924.82
76083306-ceae-42cf-9ed4-9de03cdb6c0e,ff495bc9-89ea-4ba9-aeed-06053702fc1a,BEV-005,5,240.24
d03a8b70-8d36-47a6-9ec0-9683cfdc27db,ff495bc9-89ea-4ba9-aeed-06053702fc1a,BEV-004,9,421.65
ab21e974-0d1c-4fba-86da-59fc4d066300,a9372c72-cb87-4597-adc5-724f6f6c9033,BEV-005,7,881.19
d83919bc-af9a-4981-a948-b54d638efc1c,015a7576-4a40-424b-85fa-c3e733adda4d,BEV-003,4,69.41
74872fe8-c643-406b-ab9a-ba78eb6204a4,d52e4a1f-8d70-4301-90c9-caaabb1d1718,BEV-003,5,947.54
47114496-c1f0-475f-b773-68b987f6e37a,62921827-1bed-48d9-a5f0-18d820d2cb89,BEV-002,3,820.06
bc330129-3efe-45c6-a57d-6bd014ebf715,1ef69a4f-8083-4892-b3d3-bb0cd2b9825c,BEV-004,5,736.08
62e42ab5-a0b7-41eb-ae2a-9243ece913ef,26147e8c-c5c0-4ded-bfe2-deb96b5048f2,BEV-003,2,430.75
18095942-89b7-44c2-aa76-ea0efa6ac400,8ed6b6de-5045-481f-8e7a-d5a03dab5793,BEV-002,2,561.47
bd8a50b7-a761-4a46-838e-fa4dd4515a1b,931978cf-1057-4c8b-9a53-f4e462acfd46,BEV-005,3,611.87
0b84b594-459f-4f74-9cc4-68a3986c813b,36bb3776-5aa3-46be-a296-dcd5cc108448,BEV-001,3,481.71
fe902bce-7b9d-48cc-aaab-c4cf3daadff7,063ffe48-8a38-4aa6-bee6-b98842954af0,BEV-002,9,612.99
8f6c51f7-4625-45ea-bb35-c3ed0d81239e,d62541a3-e270-4863-a164-771cfd42cc6b,BEV-002,5,694.44
e1da7a43-d8aa-4cef-91e8-ff999af80701,7077e3ec-8d63-4a9c-8072-876120ab9a8c,BEV-003,9,650.39
fe1bd3e4-ef79-4fe1-a660-f152c44c2019,18eaadbc-b9c9-4765-923b-f3aefc30aefb,BEV-003,4,82.93
54f0e184-5191-4ccc-80a6-d840c8892919,18eaadbc-b9c9-4765-923b-f3aefc30aefb,JAF-005,6,874.48
4b7c4539-8a42-4677-a34c-83485146c4a9,2943c996-b96b-4beb-9725-241149418ad3,BEV-003,5,202.33
e9900586-3cd6-4c8e-8e66-099120ae6ab0,2943c996-b96b-4beb-9725-241149418ad3,BEV-004,7,537.02
af7346be-d004-44cc-bdf3-a0cea6f12066,aa27f114-9113-4600-9525-de36aea37e04,BEV-001,2,17.51
b6be8999-ccf9-4145-b8a4-0c4a939c409d,aa27f114-9113-4600-9525-de36aea37e04,BEV-005,10,128.6
17352376-bca2-4d12-80d5-7e811b1580db,42db322e-1a71-4b46-aa90-fb62758e9d7e,BEV-005,1,786.53
b43224ea-f79b-403e-b6ef-4bd1446e05b0,54ea190c-2053-4f4a-b1e4-2f3465212f55,BEV-001,6,470.25
7251f5c7-f3e9-4eb3-9515-a0d09debb12d,71653394-6e2e-44bb-a188-6eac4a57bf24,BEV-004,1,142.32
034c4707-24df-4d0f-a32e-9c86f6e71f10,9f86051f-8e99-422e-b16e-29027c591a91,BEV-005,10,612.83
ca643569-d151-4a21-bf00-e1ada3006df4,3f4bdb56-167b-42be-8f9a-a1adbba396ba,BEV-001,4,869.82
82ba6d59-985a-4dbe-ad49-c926cadb8b24,35b089b4-4f89-45b6-afa4-15d313266d15,BEV-002,8,964.57
be614d4a-7d6b-4c2e-9826-e2db27b64975,390e8b67-ce38-4e97-a850-681a65a69ef1,BEV-003,3,216.33
92ae7891-867e-4568-bd35-74e87a9edde1,2a16fd49-ff58-406d-997a-50a82a2a1ca4,BEV-003,9,838.41
db0587d3-ba3f-48fd-b559-8d051adbd65e,0572e553-b335-45e9-9b14-e043bb16019d,BEV-002,1,899.34
80bb70f6-a449-429b-a610-a9ab9d53bb57,0572e553-b335-45e9-9b14-e043bb16019d,JAF-005,7,499.22
cdd1d2be-ff26-4257-9590-18eb17549de1,e94cb4dc-c11d-4281-b5e9-cd2a4fbfa2e0,BEV-003,4,327.87
cbed7c67-d9a5-4720-9075-a0c98aa5ce38,c9c893c6-fc8e-4289-b901-419302de170f,BEV-002,10,739.91
210eaf46-3f94-410c-a957-8fd4d65e1aca,23d360df-cb89-47a0-9c66-e8b5a90636eb,BEV-005,9,529.45
0b15ed2d-ac5c-4702-b45d-8ffc2ad91cd7,0d0e72c5-9700-4e06-b31d-5ba3e32cc114,BEV-004,3,585.39
a6232140-c01e-4333-af88-3b2cb1672257,ba69fefd-705e-4146-b454-cd02fa8364c7,BEV-004,5,591.01
2eed0b0c-08a1-4b2d-8c8e-1587e324d9ca,aac68e22-10b6-476e-a38d-455bab8281f8,BEV-004,8,474.19
a6820bcb-87aa-4470-9133-0fb2eb34c093,9a4f3cc7-4f83-44be-9fb1-728d4f94546a,BEV-003,2,40.36
744ce772-0c8e-466c-b69e-c8735fa59249,3f310b64-7a38-4a47-a248-978fa3a03f9e,BEV-001,3,437.57
b07ec5e8-3e9f-4332-9bf3-f9d7a9ab5649,242f656f-a408-42b4-844b-fcb5b0889503,BEV-005,10,776.51
c195896b-f5fa-4de6-b943-e3a4917894ec,285d83cb-45dd-43a6-8e0e-08103813f217,BEV-005,7,57.83
4dcef4f2-ad3f-4e69-8366-d02d4925dd13,9e17ea4c-d4b1-43be-b744-0a79fa96c14a,BEV-003,9,947.71
4478d20f-c118-4792-b6c5-54a8c90c5797,7dee7f97-b9fc-4f86-a85d-c83db57e277f,BEV-001,6,45.67
9638804d-516c-4cb8-a74e-8e1e65b12f24,c3640544-32bb-4c2a-b053-9e4b07916dd8,BEV-003,9,496.93
b82fcb68-c5bf-4786-9201-fe8d249c60c1,0b74154c-46a5-423f-b1ce-148a917e21a6,BEV-005,10,135.38
34cd5943-a71e-46c9-b8e9-bdd268af4c11,0a4e62d3-f9f0-4abc-8961-2aca3815b1db,BEV-005,7,868.18
216c3dcf-07ac-4fd1-99af-aaa252585471,e01c24d9-a9b2-406e-892a-580a0a503d97,BEV-001,7,674.48
357e537c-2b92-4269-8c9e-117695441edd,6fd0d435-d9f2-4b4b-888e-ef452ef6a8e6,BEV-003,2,780.25
da39d46c-d1d4-4a3e-bce8-feec86d9a240,6fd0d435-d9f2-4b4b-888e-ef452ef6a8e6,JAF-004,4,653.52
e48bdcf8-a5ea-4e94-965a-43cffb7ce22a,0ce7eb74-2579-49e9-853c-1530fc6aa4cc,BEV-003,2,829.72
30904ee6-6842-4943-8e25-0eb358bfde6f,521c5b60-456c-46d1-bccb-27e77deaf013,BEV-002,5,641.55
66cc7a5c-766b-4638-b408-9eece452e59b,521c5b60-456c-46d1-bccb-27e77deaf013,BEV-003,4,829.69
60de8d3f-31d8-48d3-b4f6-787948b2efd8,bc377459-b8bb-4136-9012-a02f9ba44985,BEV-001,5,794.62
5cc4f768-f1ec-44da-be27-7d6a5fbcf317,753408c9-acd1-433e-b6a8-d1ad644bb605,BEV-004,7,34.62
05bd8046-c91d-4684-ba74-348a72dc0893,adac60d4-2299-430f-97da-92032dccfc38,BEV-005,7,276.37
b361784e-3792-4d8d-a39f-d8cac8a8c8b2,59fa5868-8ad4-48df-9b85-b610697026b0,BEV-004,10,639.43
99b32d2e-c8dc-4cfb-a80d-4477cb99cf9c,59fa5868-8ad4-48df-9b85-b610697026b0,JAF-004,9,290.07
6d912911-c688-486e-9b82-ecbf87082bff,55b23129-96c9-4cf0-be3a-25ef6453521c,BEV-003,2,418.45
5bd819ef-46ae-4762-8ab6-69a86407c4df,55b23129-96c9-4cf0-be3a-25ef6453521c,JAF-005,5,335.81
eba69599-f944-462d-8b7c-0f8da921b68f,4c362c10-98d3-4422-9c84-a625a73a1ee4,BEV-003,4,358.48
1ee45951-ab50-4ff1-a661-950b339661df,325b4546-5831-4be2-aa51-b23b5e906074,BEV-001,3,103.77
8b47bef4-6c2a-4d67-9002-9d752f7a9656,325b4546-5831-4be2-aa51-b23b5e906074,BEV-002,6,396.02
3966f71a-a0c8-405d-84ef-e27cc308e364,325b4546-5831-4be2-aa51-b23b5e906074,JAF-004,9,776.14
ead9dafe-a26b-49e8-afdd-48c0e96367fe,325b4546-5831-4be2-aa51-b23b5e906074,JAF-005,2,23.88
cbcc597b-3ca8-4a8d-962e-1c3bb45fc879,cc78bab9-890d-4784-83fb-135a8622574a,BEV-003,7,824.36
7340cc09-94a3-4e49-b773-b3f2c9ed4b8d,71b60547-4b08-4155-a7b4-dd314313da0a,BEV-005,7,273.96
ac71301d-c98f-47da-b8dd-3c380bc68a49,e2bdc944-c095-44df-be4e-38fc4ff0147c,BEV-005,4,994.08
697906b4-22cd-430f-b754-5a6202647cb5,50fc3c97-8367-4218-8e46-8c24917242d4,BEV-002,4,677.29
bb3ad70b-a909-4ecb-a6b9-fa1f862a6de9,b9a03389-cd68-4f16-9a86-dffa64dde9bd,BEV-001,2,931.85
3414f6bf-55d8-4816-bec6-af8cfe3342d0,72c8fe1c-07ad-48ca-8a47-22c2f6f912d6,BEV-005,3,337.72
fe95bd4b-ab5b-4304-9769-647009a32ec0,a9e2a646-9210-45a8-a382-93c4443518fc,BEV-004,7,91.09
c33d2ead-d485-4af5-b9e4-d83ad02054d9,38a6e8fb-8da0-4ba9-9986-ae6479b36a1c,BEV-003,6,660.78
aae015fa-1e93-4012-a6df-0b2947c33fcc,2357bba4-2efe-4904-ac7d-8f135c0c5a69,BEV-004,10,139.63
19db7787-c8bd-419d-8711-dd11b3453393,5fdcea1f-fe15-4258-ae1b-e18304209216,BEV-004,1,154.27
24d55667-16c1-457f-830a-be2470ab2f8e,20cf0ee5-7433-40dc-9b1c-bbbfc1c69611,BEV-004,5,990.08
29c3defc-e0e6-4b2c-b7f8-012bcb28339d,42d79fb0-b589-4237-9922-64ed6291e810,BEV-001,5,819.2
77202fe9-107b-492b-bd44-0b60ed65379c,8641512c-2729-4c5b-b464-23834e293d78,BEV-002,5,913.95
7523ade5-b561-4893-80b3-94890fb66dd2,8641512c-2729-4c5b-b464-23834e293d78,BEV-004,2,472.25
02ba13b9-5e97-415c-97c4-29ec0a712727,2ef59244-a840-49de-848c-eed2918d2480,BEV-003,3,721.89
a2b3db06-0024-4b05-bd36-754e6abc77de,491675d7-930a-4f01-ab25-1654fcb418c3,BEV-003,6,724.07
599e2112-d045-459f-a604-ad6bc68ad539,cc1dd7da-719e-4135-831c-d4ae73b699d4,BEV-004,5,81.26
1e0806ae-445b-4291-8f50-87ca9633da13,b6b76493-52ed-4a8b-a090-fb90118ad445,BEV-005,5,534.29
46b02abe-fc9f-4806-b2e9-ba59f955a774,b6b76493-52ed-4a8b-a090-fb90118ad445,JAF-001,7,187.45
3ddb3f1a-9316-45a7-a6a0-06e6638bf01a,b6b76493-52ed-4a8b-a090-fb90118ad445,JAF-005,7,848.17
8006bb12-360e-454e-b8fa-aec0614f10ca,88aafbb7-8f39-4055-b2dd-e08bcb3ef631,BEV-003,3,206.69
95e7116e-0e60-4b5b-ae3d-3a1916f46f27,4aa89c3e-cf1d-41fa-a8f6-952028976705,BEV-001,7,863.72
f3bbf330-1bd8-4937-822d-2262590f7893,8296b848-5b4d-46c1-9e03-557af9b354e0,BEV-004,5,925.95
8bcf8f3b-5abb-4bdb-84dc-7717ccaa3323,ed5e1806-9b8c-4699-ae40-a10f2cfc35bc,BEV-005,4,895.44
c17f260f-629a-4f20-9650-282a01f20fe9,1369be91-7cdf-4f61-8acb-4669aa45d7c1,BEV-002,2,956.32
a37b81df-cbde-4850-85e6-a5b7c8f5eda4,48f1df52-9bc0-40f4-9ef4-4f6861679655,BEV-001,8,827.76
3011c29c-05b0-4fb3-acdb-19422e402230,48f1df52-9bc0-40f4-9ef4-4f6861679655,BEV-002,6,355.89
41c20ce1-8251-4355-8e0c-6987ea2f868d,48f1df52-9bc0-40f4-9ef4-4f6861679655,JAF-004,6,959.54
bea4287b-69ca-4624-a501-d29f4d0f9f22,24d67817-7aca-429d-b75b-b403ce6e6c78,BEV-003,6,240.35
0462dba4-e4fb-4123-9037-98c9325286c6,5d59bf78-4ba8-410c-a60f-4ea23a7766d9,BEV-002,7,298.11
98f356a6-fd30-4c88-982f-185af6660097,ea3d5ce3-a26d-43bc-b2de-ccb6ad100ac7,BEV-002,5,182.86
5e991413-c842-4787-9ee6-6aa963fc47dc,a6c5e787-18a9-4145-9fb4-c3db816acebe,BEV-002,3,803.11
d4d83a6a-e4b7-4f54-8a97-78a02599fbf4,a6c5e787-18a9-4145-9fb4-c3db816acebe,JAF-004,1,369.4
84c497be-5aaf-4c66-bbc7-110b6286740b,577fee26-5056-4887-85f2-a791b9658f83,BEV-004,10,50.92
6dfc5533-be57-44db-b2a8-0102304a263d,04d33515-c155-4f36-8db6-41af49497949,BEV-002,10,469.19
12e274d8-2181-4a36-9ec8-2112853a8c7f,26f30891-e995-4903-b30a-7984f90834be,BEV-002,7,991.59
a4a2289c-6448-4711-b400-7268d05ebfd7,58a7bee0-9878-41fd-8223-e79b4b20be79,BEV-004,10,964.27
ae383e29-0456-4526-9d2c-069e94c83156,58a7bee0-9878-41fd-8223-e79b4b20be79,JAF-004,10,917.09
bac6a28a-486f-4d37-85f2-abf9e56376ff,b8479c4a-f7c8-4346-93fd-919e4460f610,BEV-003,1,13.7
bd9266bb-bf4a-4172-a559-4233a3cba3c6,73e13a86-b7be-4a68-bcc1-8ed15f8352dd,BEV-003,2,398.02
d49a7d4f-1151-48e1-b7eb-1885aca06da2,bb2824cc-7da6-4f10-9d5d-d6e2d15e93f7,BEV-003,1,527.22
ea2fc84b-c6b9-46fd-83e1-64df86bf1571,bb2824cc-7da6-4f10-9d5d-d6e2d15e93f7,JAF-003,2,30.68
aef92ca8-801f-4269-b12c-8e99a46a3b17,b89ea87f-8388-4f9b-b5ef-aed9254ceb48,BEV-002,6,245.26
1c27ec35-1951-4218-bcd2-d91905ce3780,f3d55fd9-8466-48dd-b81a-9ef67bb565fd,BEV-002,4,217.57
c2bfe72d-44a7-45f1-aec7-881cab3e6611,b8d94f08-1e37-437a-ae7d-2f1dfe604276,BEV-004,5,845.58
e491f747-6b44-4b13-a226-6cff8872b24f,b8d94f08-1e37-437a-ae7d-2f1dfe604276,BEV-001,8,676.6
df978be7-eb7a-4876-890b-ceea1925cc7a,a0ee6e3a-b22b-4263-8076-288149c61cd4,BEV-002,6,69.58
34d56fcf-718a-4d7f-ad58-52e678fc931a,1a76299a-68b4-4249-a5d4-2e6d63ef4e96,BEV-003,3,918.5
536a78f8-0437-48d5-9db9-0795d165713c,9f432ceb-77b3-4c9e-a071-a889530aa146,BEV-003,5,530.31
f90bf06c-7a0a-44e1-855a-044de7e5fa80,9a6accaf-9734-4867-b4ea-21fdf9d45b9f,BEV-003,4,357.82
056d640c-d1c6-49eb-ad92-5e2eb390d5a9,9a6accaf-9734-4867-b4ea-21fdf9d45b9f,BEV-005,3,601.55
7f7b2e62-d559-4998-be7b-4c049ca7105a,5cd2cfbf-d355-4bc5-8fa3-fe56ae816806,BEV-002,1,692.69
48145ce0-66b5-42ae-aeb2-462ef948e388,34f609a4-24fa-4cce-acb2-ec573f09def1,BEV-003,10,65.35
7fce61f7-24d4-4d8a-83f5-a3f4250dd589,b57d96da-632c-4873-924a-aee6d17584bc,BEV-004,2,911.78
02e6f696-12c8-4f41-8199-ffd12347668a,5a85dcc6-7d9a-468d-993e-b60b99334717,BEV-005,2,849.88
0875805f-9816-41a4-93bc-32c2d6bbff44,5a85dcc6-7d9a-468d-993e-b60b99334717,BEV-001,8,465.28
0cbdcfb4-98cc-4076-8604-f97d6d9d3249,5fa96b96-cdcf-41e3-b33c-7d9494921c90,BEV-001,9,10.99
b7a2d57f-15a4-48b7-a29d-fd64c456cf1b,08e19bfc-ad4d-4149-aeac-bee9114dc27a,BEV-004,1,640.16
63de65e0-3746-454b-8cae-3d2be932524d,4f20fe8f-c071-4466-a87e-8e272efb568e,BEV-002,9,146.03
59ea97fc-491f-4318-bcba-468e85e59195,01ecbdf9-5378-4663-8b1a-ea60e27615cd,BEV-002,2,961.77
d0a97873-2ae2-48d7-8388-1838ca6c9510,34419753-5ca5-4182-9728-53073399f47f,BEV-005,7,666.07
7dba6168-51fe-4dfd-8009-95741cbde405,9cd68136-31a7-4acf-9cb1-05d0db0a566b,BEV-005,8,254.02
36550bb1-ae64-418b-beba-1afed03aa969,9f9dddb4-d46f-4158-b2ae-206f73ad0f47,BEV-002,6,292.83
0179359d-c887-4f1a-9a0c-627d8259cb39,e1425748-1ad7-4430-a32e-7cd108409376,BEV-004,5,199.37
6f5cc0b9-8607-4146-88d4-69bc7044b40a,6be5172b-c64a-47f8-bc95-38aea52b7d48,BEV-002,9,567.17
d4fd0366-bb6f-4401-afb8-7dc8223eedb8,1734d04b-8961-4f07-b8b4-ad9893ce91d7,BEV-001,4,76.25
5afbcc95-d6c1-41c3-a343-a1f6c9374b8e,df70be24-6408-4e91-9410-fd7924e1e6b1,BEV-003,9,744.75
134b5006-7a4d-485b-ba99-44895602f8e0,4889eabd-93e5-4627-bc3a-c84f583c8eb8,BEV-001,8,250.75
89312bbf-789f-4776-819b-1bf0217e971a,f1b6bb89-ae44-4ef2-9021-553f203dcd22,BEV-001,9,274.22
9436fdba-07a4-4b5c-b021-b8f54b58c91a,d70fc01b-791f-4112-91ea-a951334bda06,BEV-002,4,197.17
667ea590-52bf-4577-9ac8-960cb5f792d1,d4cba1b3-08f7-4df9-a667-473112f425bc,BEV-001,1,721.73
fc0f3c0e-13cd-46a7-9c2c-5e9d931fefc3,d4cba1b3-08f7-4df9-a667-473112f425bc,JAF-002,9,72.13
bddd3863-4881-46bd-a953-a7fc163983d3,0586f36e-b4cb-4b22-bfef-6f87228f01b2,BEV-003,4,813.66
601ff680-7746-44a3-9b3b-43aea681bb3a,fd64e413-8b19-4960-b605-75d6b1758df9,BEV-003,5,508.18
f7c66f21-a31d-4a0a-87d0-c120bd60d8be,fd64e413-8b19-4960-b605-75d6b1758df9,BEV-003,4,49.01
4d041bd6-b02e-45b0-92bf-49cc9d2d1f8b,fd64e413-8b19-4960-b605-75d6b1758df9,JAF-004,5,543.15
60d8b161-f7d2-429a-8757-66c395790ade,6ebfb4e6-0f22-4c95-8c25-0cc35d0d61eb,BEV-005,4,796.18
63946518-2e4a-426a-a490-bfdf70791cef,5663d08f-b250-443b-95c4-7e1a5f3e2bf2,BEV-003,3,131.12
986d49fc-152c-41eb-a237-4eb507ead43b,ff914500-6b2d-4c15-b7d1-b3c889832e78,BEV-001,1,259.82
2db180e4-86e2-463c-85e9-14413b348416,30d584ee-6814-4ba6-ad95-226a805d8890,BEV-002,2,193.06
99a98cc7-37ff-4a5c-92b0-3c5507a97378,30d584ee-6814-4ba6-ad95-226a805d8890,BEV-002,5,775.69
97edd79a-5526-4567-be43-6d8bd05b190b,050742b4-6f72-47a2-849c-30348214ae65,BEV-004,4,82.63
b5a7232f-2c63-4461-a9c4-c68b2423d476,98d60609-458f-491c-bf56-1cce864fde9d,BEV-002,3,246.58
41f9423a-f5cb-45f8-a18a-a2f0464cce6e,059c8e72-5d5a-4311-bbd2-c533fbf5c664,BEV-001,7,111.71
938d5022-f79d-414e-9ff9-dca81526b017,059c8e72-5d5a-4311-bbd2-c533fbf5c664,JAF-004,10,435.21
e1385476-174c-4f14-b2b9-059a30016644,d0739b6d-92db-49bd-9066-9d9be5a6dda9,BEV-002,6,139.35
98e06835-92dd-43f2-951c-bd17859042c9,a7d94b8b-23dc-4a47-a942-9d4c8b790300,BEV-003,6,552.0
2ce0fd8d-9670-47a4-9177-3be2762c8247,a7d94b8b-23dc-4a47-a942-9d4c8b790300,JAF-002,2,945.32
65633de4-1d44-4054-ac44-c3bc4c47c0da,9f1acb72-1280-4a2d-a3e8-0cd02eaf47a7,BEV-001,4,340.6
ae8575cd-fd27-4174-bbdd-ddda7e00b30c,9f1acb72-1280-4a2d-a3e8-0cd02eaf47a7,JAF-004,2,669.27
ce59dffd-b085-44ae-ba1b-59985d696bfd,5c713a4a-4071-477f-8aa6-c3f3451b80d4,BEV-005,4,755.94
bad099ce-e4d1-4450-a2c4-426d812feeca,3b5656bf-a80c-4e96-8310-1f2537459a4f,BEV-001,1,653.16
4aa78783-d418-44e5-95b8-91051d3b3f48,46f9ddc8-fd0f-4339-9f09-3d0b91123b34,BEV-005,7,284.29
e7214c0e-e3a9-47a7-ae38-56db6f458183,1efcae55-18c5-4577-ad04-80d4897a33ca,BEV-001,6,637.5
9ca4ef67-ddfd-4322-bd2d-2e3bd1fa8a53,aabe068f-f855-4523-a0b8-f61cb315fd00,BEV-003,2,921.69
1194e3bd-b75c-4df0-8ce1-03213bc7617e,1fda14e3-b5f1-4d6d-b398-71ea0117a165,BEV-005,10,467.02
e0df6afd-ab9d-41f6-a9b8-53e4f8f6ae95,945327fd-f74d-4126-9a6f-d14dca137b93,BEV-001,8,993.34
2824e080-eccd-40ee-86d9-e2a303a40ef3,69e7b051-cc54-4b40-a22e-c518a188abe7,BEV-001,10,544.06
ecd7dc2f-4f33-411d-bc89-09be8cb74765,0be817c0-6eef-4495-8a82-4c80b72ce11b,JAF-004,10,15.04
8f0d107c-5d8b-4110-b09a-08301bd5c4c8,0be817c0-6eef-4495-8a82-4c80b72ce11b,JAF-003,3,78.62
191e4ab0-a98f-4c42-a3a5-07212b3ad7bf,fc0d419d-86dd-4269-9ef2-ffff5337e094,BEV-004,6,980.5
a5bd6e9c-745c-4758-9be9-f00e86a770d7,a26f882d-1da1-4524-9f5c-ed3000d9f7b6,BEV-003,4,411.23
aac91dab-1834-4682-a032-c46bf88d4dcc,e6c83e1e-43d9-4081-8ed8-68ab102829c3,BEV-001,10,844.03
16c44148-2430-4f6e-836f-bdb54e97500f,c8d6f5ca-53e7-49ac-a16a-944c5a63f8a6,BEV-004,10,532.46
63132535-c8cb-4fbc-be46-1a9dc40c6f3a,ff8d5aca-eed8-4e6e-8109-37abdf546934,BEV-001,5,905.58
414fa56b-b4c4-40b0-ae12-87f06a44dae2,ff8d5aca-eed8-4e6e-8109-37abdf546934,BEV-002,3,117.11
80f8bec6-77b6-47f2-b2d4-01ac86990878,ff8d5aca-eed8-4e6e-8109-37abdf546934,JAF-004,8,948.85
04e7c155-85b0-474e-9099-96b050e86299,b4fdc572-2de8-49cb-99ca-f8ecf540d011,BEV-001,3,164.47
0dcab04d-6ab3-45cd-bbb3-bedd6b69793e,ababefe7-aa67-47d2-aa7b-6739b638c3aa,BEV-001,10,135.2
4337c550-2ca1-4ab6-9a24-64ae1fa912b8,1fca6eaa-53cf-4778-9b22-c5d37034d1cb,BEV-005,1,143.09
2bc87ca9-c9b4-4087-b414-3d0ee2f8fbba,16826b29-0213-4cdd-80e4-24f0eef3e4aa,BEV-002,9,345.9
2ed50390-14dc-4597-93a5-a35b6aa8bae2,50403802-bcdb-46b1-a7c3-f37359c6a268,BEV-003,7,292.09
e903878b-1f83-4a4b-ade6-2cca22807e57,50403802-bcdb-46b1-a7c3-f37359c6a268,JAF-002,3,893.94
0bea9181-32cd-478e-bd14-2663bdf34151,3e24adf2-e23a-445f-831d-f51a21bee79d,BEV-003,7,37.82
ef4c4db7-d9b9-4f84-8b67-0c851efa04ab,915fc251-92f5-4ac6-8bee-2cea92c0d7e5,BEV-005,5,716.12
a3c895a6-8b46-429e-b2e6-5d2ae84f2608,915fc251-92f5-4ac6-8bee-2cea92c0d7e5,BEV-002,5,129.83
d99b46bb-2479-4832-a0a7-944ed316dd2e,696c82f9-aa0d-42b9-ac1f-4956d81ffbf3,BEV-002,9,809.61
ce1689de-40f3-4859-976f-7da6f91087a6,d977628d-794e-4f9b-b23d-d95b1e0c6b06,BEV-001,9,152.59
83ef8dd3-bd8f-4ab6-81bb-fdb7e728826b,d977628d-794e-4f9b-b23d-d95b1e0c6b06,BEV-002,4,225.11
ed1cda12-d0fe-4a48-a6c8-0ddaa16f8886,86193cbf-171f-46e2-8ba5-8877fcbd851c,BEV-004,2,75.56
ec1935b7-24b7-4620-b4a0-bfb3722c2307,c01d6022-2414-42c8-a93e-f97d44d89e7a,BEV-005,6,452.32
50ae530a-ea2e-4a49-a592-21be319b8dae,c01d6022-2414-42c8-a93e-f97d44d89e7a,BEV-005,5,144.97
7167e20d-d75f-408c-bdfa-d3ca9822c3ad,c01d6022-2414-42c8-a93e-f97d44d89e7a,JAF-005,4,243.47
063f654c-af60-4ad8-ae27-5dc3ab2f19dd,8c2f51b7-efc5-49d9-9ca4-e4b395b2200f,BEV-004,3,365.47
fb3e5606-f586-4172-9964-569c2c7f5e9a,bf67cbb9-61fe-45cd-97d7-5d059c732b7d,BEV-003,3,33.25
b3215a51-3409-4517-a283-78a3a2ca3b23,4d9c190d-a7f5-472f-b897-53e38eb77666,BEV-002,7,856.44
deb5a883-99b5-4833-b0b8-e5d6d6b76bef,4d9c190d-a7f5-472f-b897-53e38eb77666,BEV-003,9,609.44
abc6470f-969a-474d-ab30-339cad142be8,d9f4e8e8-821a-4855-9235-1b2fafcb6c93,BEV-001,7,624.08
520084e2-b79d-4fb7-aee1-a014c825f2fd,51d7c1f6-eb89-4d0f-a818-49f8af9ee0ce,BEV-004,2,639.07
0d6b53af-1a25-43da-98d5-2c6a90ca0379,4e229176-a3f8-4daf-a70a-7ecf6bb7b656,BEV-002,5,545.72
64e105af-ba6c-4b3a-b4b8-7e5cb70256a3,c4231d30-31cc-4335-a76a-e741427aad32,BEV-002,8,152.8
2f6c8cec-008a-4e6a-b4ea-a51cdd5c1786,41af8c61-33e5-4f0a-bd2d-a9a725c63430,BEV-001,7,589.5
aa6c2b84-2c06-4f55-a0f4-b9cc68149040,40a11831-0827-44af-8318-855c94cfb56d,BEV-003,8,222.51
cfdc6357-4d2b-42af-8df2-162c3c0c36cb,b229b1b4-9071-4e05-a9b0-2e7bcdb80fb5,BEV-004,6,484.34
29f53f98-4b63-47bc-afa9-f8cf10eda95b,875f148c-2d6a-48b3-8b7a-affb01ca9b2a,BEV-003,6,138.6
36971f95-bdd9-4532-bdf5-cfe80a84edbe,875f148c-2d6a-48b3-8b7a-affb01ca9b2a,BEV-004,10,680.67
f6aee899-4ff4-400e-a5e7-9667428d81f4,875f148c-2d6a-48b3-8b7a-affb01ca9b2a,JAF-004,2,990.27
6442045d-5e2d-493b-ad1b-8221cc288d6f,875f148c-2d6a-48b3-8b7a-affb01ca9b2a,JAF-003,3,208.94
a5b7a5f6-f855-450a-a619-8acbef2058e6,e6f9a954-b543-41df-99ad-2cdf7a04cf20,JAF-005,3,933.76
1bcfba27-75a3-47fd-93db-ffd32b22da7f,e8771d10-012f-460a-84fc-fec342007352,BEV-001,7,60.59
3a6b82e3-ce90-4cdf-b3a7-e364fdf6246f,89999162-3273-4f69-9460-0a064d71cd99,BEV-004,7,234.04
6d98d9b6-9619-4ed5-9812-b3bfebd851fa,a9203f06-aec2-49f5-b905-01b27d12bf4d,BEV-002,2,355.64
d6755935-f8dc-4fd5-b45e-4f047102fba3,d47e065c-adb3-4fe9-9388-6d7ece43cc2e,BEV-003,2,780.9
fc120279-0e9c-45f5-a65c-8c50357ec7db,d47e065c-adb3-4fe9-9388-6d7ece43cc2e,JAF-003,6,860.53
b00b8c3f-ee4f-4253-9ab3-8645b3cea9a8,4834bfb9-d151-4a02-a95d-b2b3ed925bf0,BEV-005,9,281.44
35ef309c-d0d9-4306-8935-38ce502239df,4834bfb9-d151-4a02-a95d-b2b3ed925bf0,BEV-002,2,647.44
74ce478f-cc42-4478-b04b-05dcc2365cc6,7363b9e0-56c2-4167-98c6-c3659afe8c7b,BEV-004,2,848.55
607e344a-97e2-44f3-a492-f2609d092118,bfd3696f-6446-4cac-819d-2101cb0b93f2,BEV-005,3,404.48
9d6bb57b-8033-40d1-9ae3-6764ad42924f,bfb47132-d264-4ff3-89c6-da3a43b6fcb4,BEV-001,10,491.56
f781f220-8c0e-4c14-9ebd-b87c1652c12a,2032fcd1-0fe7-4b72-8ea4-d7dc7fa4aff5,BEV-001,4,157.0
2acb1a8a-8e83-49ae-bbe1-284f50d75aef,2032fcd1-0fe7-4b72-8ea4-d7dc7fa4aff5,JAF-004,10,956.26
e9350afa-4688-42b7-9ec4-7e16bf580ab0,2032fcd1-0fe7-4b72-8ea4-d7dc7fa4aff5,JAF-001,2,172.39
1a10e7fa-a0c5-4e77-aa24-650372edeb88,2032fcd1-0fe7-4b72-8ea4-d7dc7fa4aff5,JAF-004,2,231.27
895d222e-601d-43a9-97f3-aaab20e0dacc,9ca0f715-e22d-46a5-9d8a-d667ff7fb15b,BEV-002,4,675.7
269ff636-d499-4c95-9b95-298b7dfd1fa6,32c7299e-112d-4e43-9391-d713c8c5116f,BEV-001,8,767.65
a78b73ae-0190-4e0f-8e6b-d0d41caae47c,76ef732e-9e33-4db3-8275-8ad30a6d2ae5,BEV-001,7,420.57
e80cf3a7-8000-4870-a2bd-51a2c0f220ec,7944d368-b3d1-478e-be2e-77e37cb8263c,BEV-003,8,888.87
d2959f3b-c1b9-41bd-a08f-fa96df7c9110,683339ab-4067-48c9-b051-2cb47ee3bad6,BEV-001,9,423.07
1b715904-9f65-4777-b6ec-d2b3edfd1b86,eadd5ba5-8a2c-4f3e-bf1d-86545cee5a1f,BEV-005,4,868.16
9aaa8648-4f0f-46b0-8415-23a11671f7f7,eadd5ba5-8a2c-4f3e-bf1d-86545cee5a1f,BEV-003,8,972.03
347eed42-c7c1-40a8-9ed2-785d8276bc10,eadd5ba5-8a2c-4f3e-bf1d-86545cee5a1f,JAF-004,2,181.13
b3662cd6-82df-4ff1-9039-100d24de5ce5,5dc36d67-dcf8-439b-a023-6e51869cc155,BEV-005,2,413.56
0d86aafd-7723-44b5-86a7-b0f7f6fed351,5dc36d67-dcf8-439b-a023-6e51869cc155,BEV-001,7,180.65
10219efd-4e6d-4ef5-94ad-b7b4482b26f9,5dc36d67-dcf8-439b-a023-6e51869cc155,JAF-004,10,420.36
e9edce6e-2a4e-43f2-88a8-0735c31629ed,5dc36d67-dcf8-439b-a023-6e51869cc155,JAF-003,10,417.95
3ae53a13-8f7d-490c-b6bd-882604e3c149,f5354257-0d22-44d9-8192-da6e582226d3,BEV-001,5,449.17
9a418ba7-b8a6-4f70-b870-660229fb7130,d1b00c70-c821-4aa1-9735-9d5fe88c52fd,BEV-003,8,816.04
3baac7cf-ee45-41c1-b5a1-3b613cf511af,d1b00c70-c821-4aa1-9735-9d5fe88c52fd,JAF-004,3,230.28
0d6570bf-f78c-42f0-9ce8-e12bfc33054c,90d8b9db-fa9b-4435-b4b8-9a08cbc3bc4d,BEV-002,3,377.93
e2ec88d0-56e5-4b0c-b9b7-f995735b3d25,71cbc759-8d4b-4956-aeca-1c90288b2dfc,BEV-001,9,372.29
ccaef99a-ec94-4704-afeb-25695bc73052,b1dfeb44-8610-489e-a470-0c5556341347,BEV-001,6,452.82
b085b097-61ea-4f25-a5a3-188db3c3c099,55e98ff1-fe57-4056-8808-ea9e1b81abd4,BEV-001,1,877.74
d4813362-585d-426f-86ad-0ef0fa5f8149,55e98ff1-fe57-4056-8808-ea9e1b81abd4,JAF-003,5,567.83
a51d7d18-c305-4f47-a17a-fd1aa93025e0,a9326a9b-abc3-429c-bb55-770b703e264a,BEV-001,3,289.75
da5eba87-cc87-49bf-991a-7f4a5aecdf62,4b0f3011-ad37-4d4f-8ef5-78d6f596e015,BEV-001,5,569.17
7805a1b9-739d-4430-bd81-0515ee14b976,7c401da9-cf65-420f-ab45-ac07627d6d76,BEV-001,10,255.1
fa490903-99f5-4948-8c8b-ed05899d241d,c44394c8-593a-452f-9ae2-8ba738a495c9,BEV-005,4,503.21
70bc394c-e02a-43bd-b0d3-aaf6de5cfab9,8bab6664-ddf6-4525-9fe2-24e477d4c8d9,BEV-004,4,592.09
91ba655c-af8f-435b-93c3-80b26f263dd2,d67a1f95-4f28-4c9d-a789-938a6c5191fe,BEV-001,5,307.44
655e63f0-307b-4b8d-8d52-570d0118e185,b5bde573-fe67-4625-ab52-b328c4906fec,BEV-005,2,891.67
28ae9e5a-b0a4-40f3-bd7e-2783158d9212,b5bde573-fe67-4625-ab52-b328c4906fec,JAF-004,9,740.11
4b4bc0cb-0521-4ad9-8f63-831622217363,d11b7a79-22f3-4f75-be5b-67700109cac7,BEV-003,7,675.83
6f0d01f0-353f-4b9f-bbe3-0be35d2ad4df,c4c89a01-b31a-4f7a-9128-26b090fc743a,BEV-001,6,384.59
982d74a3-88f2-4e74-8cfb-f7139e9934e4,0ac54113-f494-46f5-8b85-b257106fafd4,BEV-002,9,985.73
e16ecb87-f767-4684-a02d-c53ffe3f6736,111f7260-dc1e-438f-be8c-b6bc13aec6de,BEV-001,6,954.5
10014aae-7f01-4072-8146-b6657369d6c0,111f7260-dc1e-438f-be8c-b6bc13aec6de,JAF-001,5,637.29
9238e582-d4f4-4120-aabb-84e51f4619d2,61abb463-d99e-491d-88b6-5b75e83e66b6,JAF-004,6,378.96
6633057a-f280-4da1-886a-393ebeb4a079,61abb463-d99e-491d-88b6-5b75e83e66b6,JAF-002,2,612.39
dd926a87-a95c-4213-97ac-e2a7b8046203,1d45ccb6-5192-4003-b080-ac0f314c9a16,BEV-005,8,649.65
8ff1a14b-ce91-4b83-adbb-4ff8dd3864ad,8fb86013-3820-4186-8fa5-f879eaaf946f,BEV-005,6,416.06
fea544da-30a5-4156-87d0-208b4d30af9b,8fb86013-3820-4186-8fa5-f879eaaf946f,BEV-005,7,793.79
9bcededc-d8a1-419b-a40f-f55f582534df,3ef90b1e-1ad0-404b-873a-f0e14eba84e7,BEV-001,5,963.05
31dbce0f-d54e-4a99-b26d-24deb1e5aced,3ef90b1e-1ad0-404b-873a-f0e14eba84e7,BEV-005,3,902.97
d854ed64-465c-4e2d-af4d-24a73739889f,be1be270-f359-477f-828f-f7e9d1c3e6d7,BEV-002,5,170.18
387418e8-4dea-4887-8ff1-da43f715b0fb,e4b0f455-132a-41f5-b905-4d305d5eee37,BEV-004,4,510.51
f1524ea6-ee22-47bd-ad47-9077e2ec1c98,379d1bc7-b2ab-40a5-ae1e-a9a1e641f094,BEV-005,1,508.11
7c4effad-f747-493c-ad75-53963ea9dbe1,578955ea-ac1d-4df7-9f84-bbe74bc8cd0c,BEV-004,10,860.37
42ea7b59-c970-49bf-8cb3-f34445a387a5,7aadf9cb-eed2-4835-b720-8c3b43b2e07c,BEV-002,10,482.81
768f21ff-3238-4d18-8db5-897449813f16,633c3e56-82b6-4948-b462-6178e130ffe0,BEV-005,4,865.89
11b261b5-2dfc-408e-99bf-a3291e893b8e,f8a04613-50c5-4543-9fa1-285855c322a6,BEV-005,8,923.65
6a922c1d-4556-46c9-8e47-5620cfe3b350,3f5d0322-5674-4268-9df5-37981ea66f80,BEV-003,8,307.97
3f8827df-618a-4c46-b916-810adaf647c9,d86d8cb1-fee7-43b6-bf54-0521bbde038d,BEV-005,3,742.62
5b27a962-0f60-4516-8baf-1db0eaa3a6ef,646f142f-a778-4dfe-93f5-b59d91415087,BEV-005,5,254.06
a63cc7cf-536f-4799-885f-86105412e15b,568475d8-94fe-41c7-9e2e-0db061a5ced5,BEV-004,5,846.74
108a73fa-82a8-441c-b1e4-bed207eae238,d1b8a349-46c7-4159-a05e-7dd322b58b59,BEV-003,8,905.04
59ebf60a-6196-45f4-8ad3-87150fe2bded,5a89e553-3309-44ad-89af-c5096738c177,BEV-005,9,154.0
2bce2da5-4ad8-498b-93cd-d52d50622260,3906005c-d405-4e25-a962-e8fc4df923d8,BEV-004,9,84.54
8388f006-fba3-4976-aacb-82d8fffc8d4c,226e457f-8471-40a4-b9f7-5389afea2443,BEV-001,9,979.85
96816745-1ba6-4634-b116-2b40ac6feb3c,226e457f-8471-40a4-b9f7-5389afea2443,JAF-003,2,524.44
66616e41-9f17-417c-9913-6c8d31f55f8f,0c58d80e-da0f-40bb-8dae-d01e95e60f67,BEV-005,1,611.14
008348f8-9bfb-4fdc-8817-a718fb4efcab,80dd339b-af92-466a-89e3-8f17875b7632,BEV-004,7,967.4
2ddb5bb3-324c-41a4-b9ec-dc0545981f95,80dd339b-af92-466a-89e3-8f17875b7632,JAF-002,1,624.66
ea412e42-9c7d-4602-b253-8bff0b0ea665,28dacb9f-8e97-45c8-a449-10ef74c011c6,BEV-004,2,975.73
b21cc53e-47bb-4b0c-a040-7462fdd6b282,28dacb9f-8e97-45c8-a449-10ef74c011c6,BEV-003,2,142.05
b879850e-7655-4f0a-9de9-858668dd5806,3921bb53-04ea-4fc2-b090-25ade43db4b1,BEV-003,3,822.09
89594919-6d42-41b4-ad9a-aead3d11d154,3921bb53-04ea-4fc2-b090-25ade43db4b1,BEV-002,1,579.62
fceb7ce6-c13d-4393-9414-ba801dcf8807,3921bb53-04ea-4fc2-b090-25ade43db4b1,BEV-001,2,325.68
348114f6-8e10-4ae2-ad9a-77a46a522985,56f7e15e-c498-41f3-a4df-44eaafa0d9b2,BEV-005,6,135.21
2d252507-6eae-467f-8f14-4bed49ee4bd3,a02a5b4d-7ffc-433a-bf95-ec0f8ba35563,BEV-002,8,404.46
1338eb90-cfae-40ae-9651-30cea09d5356,fb3fc711-46a8-4f99-8569-9d929f3f7f6d,BEV-004,10,898.07
0df68ff8-27b4-4e9e-a28a-1ab27caea767,3e81e3bb-ec08-4a7d-87ed-7fe4d8e0f92a,BEV-002,9,147.87
3830a541-cbaa-4817-93d0-91e6a41e16eb,3bf5cf89-9dbd-40a0-b5ea-dfc766156fda,BEV-003,4,877.82
0cff8905-9af7-4250-a43b-fd28a43210b9,eda33728-5b40-469d-aee4-9375fb1a9541,BEV-005,4,732.55
6c9f4d43-264e-4a63-934e-dca9d580f4ab,c226d322-abdb-47fa-80d7-3ebd329bc3fd,BEV-004,10,920.44
c64bee89-e1b6-4156-9ef5-063f7a5859ae,ca9d579e-7ab7-49c5-92d0-bbdeba950436,BEV-004,9,829.97
0f248015-a6e6-4c3c-9e55-465e615b3132,ca9d579e-7ab7-49c5-92d0-bbdeba950436,JAF-004,7,766.48
bd2635db-f9f8-42b9-9ebd-7a4a00566879,e4f441be-a18d-44e5-a053-706e75a6384d,BEV-005,3,754.83
3befc649-1e79-4a31-9d6c-7b767377922b,c022d965-60d3-4d31-9243-7c1e97e9a847,BEV-002,9,459.69
b71ccfc1-87c5-4037-aebf-c0866c3b0cad,f509da24-6eb9-460c-b11a-b347bc8d4dd6,BEV-001,8,112.86
89fc5bb3-d77e-4eec-8269-34542f43d24c,1eb0a694-7126-45b0-88f1-9ed692aba95d,BEV-002,4,96.4
4a7cf5f7-e7d6-4067-890f-34165ad5e8ca,76bee071-6122-4702-8427-aff6004237aa,BEV-001,1,893.26
0deb092a-f299-43bf-a968-9e46ca5764b9,5e3321b3-64b7-4c83-bef9-9d062d2093b7,BEV-002,3,643.63
cbae52a5-3052-435f-9f96-c16476877127,919e15c7-b7d2-471a-a43d-3debf9c7df7b,BEV-002,4,732.66
7519ad7d-14da-48e4-9abc-d41ae5949323,0d4bb126-f48c-4251-bfab-9ffe186a1b25,BEV-005,4,994.81
489ea3f1-8a4e-4bc2-881d-f3e9f831334f,e76f538e-3013-4c39-ad15-5cb01245a95c,BEV-005,1,88.46
67dbdb77-f30a-44de-9960-8280de157bb9,e9ca86eb-3097-4112-b6ab-6e9a9be5d91b,BEV-001,9,250.18
190c4f57-e9d2-46e4-90f3-c7b2564254c4,9e8594c8-0720-4132-9cd2-0188f0bbc21b,BEV-002,2,493.05
106cc707-c2dc-41f0-9d95-54ab94a72f64,7c8f3afd-f143-4430-8b1a-bff34d8aa5a1,BEV-003,8,439.87
b3b8c95b-ed5f-4c88-83c5-e5da4e1bd6fb,1e66f550-3c03-40e1-b119-d3b0497f6828,BEV-001,4,985.44
6b86e3d5-bb06-448e-8b58-2292273d0d52,df0396e9-1c81-461c-bf84-219fdef8b8ba,BEV-002,1,452.93
69b8fdc9-9369-4919-bcc5-831bb9f2da0b,df0396e9-1c81-461c-bf84-219fdef8b8ba,BEV-002,2,432.98
f8270943-d26e-4cb0-8177-716567a950e2,71238d6a-9121-4843-adc5-8131f5774acb,BEV-001,2,223.19
aac54a83-aed6-491c-827a-e5e8070cc93e,ea99e989-4e14-4345-9ac8-2e4590ad314b,BEV-005,10,829.1
fd16334c-1e12-4355-b3cf-eae9e1b9e352,1438045b-4f74-4417-8f12-bbb38229592b,BEV-002,3,207.5
7bcdece6-d5db-4a0c-88e0-54d0b420e1a0,1438045b-4f74-4417-8f12-bbb38229592b,JAF-004,5,913.96
5b3b3e45-81a7-4332-b84f-4c66565370a8,2e8cd62f-7514-494c-be4d-d3e1969040e3,BEV-001,6,698.57
f5f8844f-9747-497c-8280-d7248293cf81,6076a97b-d4af-4a80-9019-cfd6df41881d,BEV-004,5,792.62
e1e8507e-e261-4b2e-b6b5-7804529a939d,2ba7ba46-341d-4198-848b-ed7a228330dd,BEV-002,2,644.97
1fdb0e70-5d7d-4980-b95f-a262800a92f2,bb70a897-9660-480d-8477-ac75942b0961,BEV-004,5,324.12
6a24c0e5-e1b5-4585-9a32-3d12a50a5412,0425be2d-1bfe-4c95-83f5-3ac746db151e,BEV-004,5,71.03
4cc140a6-8958-4c64-aae2-ed65b7f63330,411508d3-ba53-4a6c-ba8e-e558fd002bec,BEV-004,8,479.55
5ae2a0da-bd69-4e0c-aaaa-23cc2cd9a2cc,4c79dd0d-2d04-43f9-9247-44f449809a36,BEV-002,1,955.23
c0dfce71-21ab-4234-b3ff-7c249b1d6053,4c79dd0d-2d04-43f9-9247-44f449809a36,JAF-002,4,311.88
60ff73f5-9398-4c0b-82aa-6b69dc998871,6890d64c-4a97-46d9-9295-9179e9d43547,BEV-005,3,941.0
c0d6a13e-8391-4a7d-8d29-40433db6e8c3,6890d64c-4a97-46d9-9295-9179e9d43547,JAF-004,4,875.2
e1e56f2b-0390-4126-9a11-b4bddcbafb1a,da244d1e-6371-4559-83b4-300b8be2ba9f,BEV-004,5,129.77
fe7822cd-ff04-4295-9181-453f1a6cff9a,43f133a7-ea5c-4df5-8f45-06e2d5bfe964,BEV-001,2,38.18
93b1236d-b8e4-4e8d-ab2a-38d328493c45,ddb7aea9-6209-42fa-804b-e8dbf04a99af,BEV-002,3,788.77
d5e50fef-34e8-4ab4-aaa8-96c037af6c3d,6be72a09-1551-4569-8d6e-ceb98d3ee455,JAF-005,6,833.35
beb3e55c-cdd7-4d40-95c8-159f5451c89b,99ae4a9e-63bc-4daf-81c4-14b9361bd7f1,BEV-001,1,575.72
579816fb-d5db-468a-9e64-015f20e8a9f2,99ae4a9e-63bc-4daf-81c4-14b9361bd7f1,BEV-005,7,23.84
da19a8e9-0307-482f-afa4-725a45bc48e9,99ae4a9e-63bc-4daf-81c4-14b9361bd7f1,JAF-003,4,585.75
0b3f570e-db2a-4630-8259-b1b7484fac4c,f8487785-753a-4d5e-956e-0ba8905a8695,BEV-004,6,338.76
5acd52cb-77ab-41c5-a4eb-df58ae6cdfaf,f8487785-753a-4d5e-956e-0ba8905a8695,BEV-001,7,706.93
9c567fb1-9b53-4fbb-918c-d06634de22c8,f8487785-753a-4d5e-956e-0ba8905a8695,JAF-004,7,580.66
77f55e91-3c46-4ec0-b203-f0f3b1d973c6,08307958-ecb9-4b79-b60d-8fa5b67af6b2,BEV-004,1,130.56
2e3dbfc5-b724-4e5d-ba75-34a8ec374767,7568d42b-7878-418b-9e5a-b87d3ffae499,BEV-003,10,156.08
eaf26776-d45b-41e8-9cdb-51e2b0870b5c,f5268a60-f960-43b2-928b-2acb4127ca68,BEV-003,3,873.61
0375420d-4995-446d-b414-4bef6c102945,940d496d-3bbf-4a48-ba8b-41070a579bc3,BEV-002,3,370.99
a32e0c4e-4228-4e96-8136-fe53f42cc467,df8cd83b-1fd1-478b-98ce-ab7d79a7b2cb,BEV-004,4,257.44
057da0f0-5982-4471-8a7b-e6d17762da98,4d803d4f-1d4d-4382-b064-1d752d8501bd,BEV-001,3,685.82
c4399726-8834-41d5-b49e-64ef21b42084,2f69d241-3285-4f4b-89b0-9230193ba145,BEV-005,1,185.39
e942185a-ad25-42cb-a892-365199b82326,2f69d241-3285-4f4b-89b0-9230193ba145,BEV-005,8,140.11
8c7927f2-d448-4215-abb8-808084598b31,2f69d241-3285-4f4b-89b0-9230193ba145,JAF-005,4,407.67
abe7276b-d4aa-44f4-b377-e7ea9572e8ee,2f69d241-3285-4f4b-89b0-9230193ba145,JAF-004,2,747.35
f748bd81-a76c-4991-b17b-1460f2cff0c2,bad71349-52ce-4c14-9ad8-6aa0fa803b12,BEV-004,7,351.47
673fa0c4-3baf-4262-b953-64b3184b7df8,e97a8d29-00e3-450f-8e52-fc4ea282c94d,BEV-003,4,956.29
1d949ceb-d56e-4666-ad94-0a3bb5ec1dba,294108cc-16ec-4dc8-8b39-39bdc7b41f2c,BEV-002,8,698.36
25307a45-6e39-47b5-984a-16d5fd0202da,252324e4-80cc-4b94-9f00-26b22d3784aa,BEV-002,8,282.69
6f323424-269c-4513-9b5f-c6d502031bdc,252324e4-80cc-4b94-9f00-26b22d3784aa,BEV-004,8,623.32
f173a603-38ff-40e4-b1d9-827877dc8337,5f904d63-d237-4c90-af55-649716352089,BEV-004,6,332.96
7c30d280-2204-46fc-94f3-63d7c2c07c03,9cbcc824-ba12-4ee3-b9fa-c7507c040d88,BEV-002,7,978.06
48c65259-5347-4b99-b4ba-592ed24d8e1e,ebe486f9-f745-49c3-84df-84c471f4386e,BEV-003,4,958.72
2cb497be-b158-4434-9fc4-f349c2871fcd,722d4e05-aaee-4bac-977b-345748c6f6b3,JAF-002,5,680.03
23a850a2-c582-48b7-a5ce-200f147ff9b6,722d4e05-aaee-4bac-977b-345748c6f6b3,JAF-005,7,996.72
de4c6966-b85a-4637-bd69-69f79181919a,722d4e05-aaee-4bac-977b-345748c6f6b3,JAF-004,10,692.5
0b0c219d-786c-4f40-a59b-897125020adb,c7dbcd5b-e757-4e63-8d68-b470b9a75862,BEV-004,5,460.63
98aeb8fb-c7e7-49df-b489-c770d2b17086,01562b0a-9fe0-4993-81f3-d8d697c35c6c,BEV-005,10,880.62
957daefc-7e6b-4bf2-b638-c7e4db056469,747b3d8c-87f1-4c7a-8080-e9c6daa06760,BEV-003,9,680.84
7108d748-7411-4563-8e9d-f1645f1c1845,747b3d8c-87f1-4c7a-8080-e9c6daa06760,BEV-003,7,956.37
cac78075-9556-4904-9747-f2f4d40f0c22,747b3d8c-87f1-4c7a-8080-e9c6daa06760,JAF-005,7,989.22
db61d880-183e-493f-8661-a0ed8cc3c561,5a2153cd-58a6-4db6-8834-8969394d44a2,BEV-001,10,671.25
f5b14b88-b797-4bee-8012-26d461445796,35be6bee-7abf-473b-9f40-432336dbb69d,BEV-004,3,194.41
28c34c92-d946-40c4-96d9-759fa3126da0,35be6bee-7abf-473b-9f40-432336dbb69d,JAF-005,6,130.14
c2a27e64-643a-4c87-95e1-5a256a05a358,014d760a-739c-4661-a88d-197c852a38d0,BEV-003,7,80.51
bdabc4d0-945c-4516-bee3-180596f8b610,48bed8ce-99c6-4dc5-a94e-1818211b82f5,BEV-003,7,605.75
8686278b-feef-4f31-81de-5a7b9f458ecf,48bed8ce-99c6-4dc5-a94e-1818211b82f5,JAF-003,2,472.35
b3af34bc-626f-4a49-9675-18c0a034db50,66c625e6-15df-4193-97bd-d482a65548e1,BEV-005,9,796.7
d50b5890-e79d-47f6-99cd-658de26ebd1e,63dc94c0-d57b-4c15-9212-b3b384338ae9,BEV-004,2,754.86
4af9afcc-e93d-44f6-b5bc-358f6c6fc8ff,4907fca1-39bc-47ac-b1dc-0d96efe78932,BEV-005,6,109.9
dc62bc0c-637e-4a3b-8ea3-0edad6e2588c,c66f5968-aad4-4848-a7c3-f3d5f4d129ea,BEV-002,8,994.66
72ba4276-8b19-48bb-9ba3-0db385050279,1249b1ae-abc7-4812-87dd-c56a60d680e3,BEV-004,9,695.44
50e13cc6-59cc-4499-b9c6-895b38bba3e6,0b9268cd-13bb-41e0-b692-43b3d6ebf498,BEV-002,10,382.41
6eee8d45-3810-4a09-a231-9136b05d2972,dceb239b-5f2f-4e0f-9b34-241c5826a7f6,BEV-001,3,431.86
7fad5f9c-3742-4a9c-9b0f-e43c8ecc8832,de621f84-7afd-4fe5-a7ab-1b65821cbf04,BEV-005,8,131.69
cd956a7e-4581-4a2a-a7b3-8659afc37933,de621f84-7afd-4fe5-a7ab-1b65821cbf04,BEV-003,5,50.28
92fbe962-e372-422f-af8e-01b63e7868d3,de621f84-7afd-4fe5-a7ab-1b65821cbf04,BEV-005,9,923.84
d4518d0c-c704-4503-b483-facee87c2234,de621f84-7afd-4fe5-a7ab-1b65821cbf04,JAF-003,5,404.06
631d93d9-77e7-4509-8d45-418dc551ebd2,de621f84-7afd-4fe5-a7ab-1b65821cbf04,JAF-001,3,956.33
3f6131d4-b18b-46d7-83c5-211bec67f3fd,efaf7521-0279-4707-aa65-4aa0a853787d,BEV-003,3,199.57
d09f5adb-c3c2-4d82-9352-214c107546b9,07ac238c-13c4-4606-a34a-9338c28ab40e,BEV-003,3,630.51
997c1235-7a1d-48ba-bd59-eff6c891ebb8,c6f008c4-f8cf-47f9-8a49-ebc1070593d0,BEV-003,2,137.43
24cf41db-7fbb-4ced-8a29-a3871f8a9609,c6f008c4-f8cf-47f9-8a49-ebc1070593d0,BEV-003,1,503.49
d2244b2c-1466-4bb7-985d-a74c32b42ee0,36c098a0-c2e2-48dd-b0c0-2b1eb78e2ee4,BEV-002,5,816.93
74ca94c8-b3d2-4845-82a4-35533e300cbd,46e05aae-dc42-4ccf-8af7-bfc791706265,BEV-004,4,845.1
baa5c842-d540-43cd-98c5-63515115fbc0,d88541e8-fa3f-44c6-8f92-6af520794d65,BEV-003,6,609.91
ee6217c6-c53f-4762-aa86-15af7f1374c5,774817ca-ec78-48b2-bfb9-4ba1de3bd132,BEV-002,8,39.56
771c86c9-c19f-4884-aaee-afee1e26b1d1,134a4808-5117-45f3-b5aa-06f1f833af36,BEV-003,3,667.12
9d687ea8-c725-407a-a095-11c61b7270de,9fb81624-8258-4a75-aa59-8afa04abd9d8,BEV-003,10,202.85
516ae896-105c-40b8-8080-e0db92c8bf16,c15ea1d0-19c4-4745-af62-e2da258f11ba,BEV-003,2,287.12
f297a2cb-d80b-43b0-8060-4c58cacc2541,a42981d8-ebec-4130-a3f1-202a16ece7db,BEV-003,6,206.06
ffd31fd7-9e15-4fbd-8f37-e6a5535f1c18,57bad050-af79-44a8-b4a6-d328db83c57d,BEV-005,9,76.28
15993c1a-be99-4406-8ab8-723e59a2ef56,96a7c338-e890-4366-abfd-11c37608aadf,BEV-002,4,550.64
d7040ade-03ba-4672-b2ff-2ce727b4dad6,bcf042f4-d1bf-45ad-afc1-1603e03d8a47,BEV-001,5,26.43
32e1eec3-6848-4d7a-af35-ca7c977fdcc5,f76cf053-d284-4a64-b98d-3785e3bd8470,BEV-001,5,167.71
485860a8-d547-4756-9b94-de659ff277ec,747db6c8-3479-4235-8790-c1411e86a122,BEV-002,3,168.29
19e22051-bf1c-4bf1-8432-0f9045e1a999,42f12525-85be-4fee-83b0-344b8a4896ce,BEV-005,6,968.69
8c789822-bd6e-40ec-b368-f7e2a2ef735d,67d9552f-7f6b-402d-af5f-f8cf99364e22,BEV-003,8,319.49
192116e6-1b5d-449d-8d91-98adf4331864,56081dd2-cf93-497d-b4aa-00493b3e035b,BEV-005,9,993.5
42da0c07-8bbb-4af3-9c33-dcf1fa9f5510,6a69df45-7642-479b-a7c4-a520da24a042,JAF-004,2,750.75
700b0e85-7bad-4477-9893-f0a6a7257df3,242b07db-5540-458e-ab69-9aadce03d0b7,BEV-005,9,508.16
9af24e3b-9117-4d0f-b710-493d2ab5ae3b,242b07db-5540-458e-ab69-9aadce03d0b7,JAF-003,4,490.56
eb045dac-09d0-4208-92f2-6dec94f73187,242b07db-5540-458e-ab69-9aadce03d0b7,JAF-004,10,376.52
ebec648b-5f2a-4b3b-9d3c-a940cf16ab9f,242b07db-5540-458e-ab69-9aadce03d0b7,JAF-001,3,996.99
30985b6e-890f-4a14-b404-c032a262ac68,3a2c1338-5b42-4ae4-b3fa-22cf95c3324f,BEV-005,7,616.56
d19bea53-4500-4bb6-a111-21792a8448d9,650d1672-e260-4c23-b147-c80153897ad2,BEV-005,2,732.44
cb7e60a1-3007-4ea3-8fb1-26f41a935e23,a325e4f6-81b3-4fd5-a7fc-51684744e6b6,BEV-005,5,642.45
6aa24979-06f2-43a3-8ec5-989bc4fd3cfa,a325e4f6-81b3-4fd5-a7fc-51684744e6b6,JAF-005,3,523.77
2cf25306-afc2-42ed-93a4-b200540c9b20,b2d57ca8-44bd-4e4d-b8a2-b6b4338f3f67,BEV-002,1,322.64
fb6a3967-b286-44b9-8a0e-6b79146b4eb6,0e5147b4-25e1-49d9-bcfb-003550372f4c,BEV-002,1,579.97
c22c9068-0596-4db1-80c8-93ff4016d4fb,e64ba364-7df2-4d10-a0b1-e5d6f06de0c5,BEV-003,5,67.2
fd7d6427-71e0-4a56-ae94-1660a95c0928,e64ba364-7df2-4d10-a0b1-e5d6f06de0c5,BEV-001,3,503.09
df11af51-526d-4116-872a-04aee84f60c9,7fc70774-86f6-45ae-89e3-418af7009d5e,BEV-002,4,736.69
88a42f16-12e4-4f3b-bddc-e76e6781d2a0,3ca45c7c-bff3-4bc8-a313-c3590a99d457,BEV-003,8,43.86
f1811ba3-7438-41c3-bdfc-0c1db8195136,6b3b5be1-ba52-47a8-9562-68e8630e30de,BEV-003,8,352.04
109499e4-f6ff-4ee4-a23d-1b37f62e4a25,ab5d72a9-528b-4c8b-993d-492875dae015,BEV-004,8,427.31
2395a207-1c32-4880-969f-9dadad07c9fb,89e2bbe4-28fe-4628-991f-46290d888cac,BEV-005,7,396.5
d3a73f03-6567-4fb4-a772-def4a1e9aaa0,ab7a63b8-3e38-4ab0-a2ab-9fcb70e7ee11,BEV-002,3,755.36
6bec1ba2-1d66-4a37-a49c-cd1ba2bb7a71,ab7a63b8-3e38-4ab0-a2ab-9fcb70e7ee11,BEV-005,1,356.04
dac0ff4c-0791-4174-bc5a-9d858f2f0134,ab7a63b8-3e38-4ab0-a2ab-9fcb70e7ee11,JAF-003,5,31.96
7ebda3bc-f247-4d38-9df8-44097863627a,73d30930-dd71-4fba-81a1-4523ceaad62f,BEV-005,8,465.38
a84e8050-e92f-4b2b-9504-881699c48a4d,4d3cd802-929a-49c1-9dd5-dd85bb6ff636,BEV-003,9,805.67
5d9347e8-598d-493d-b4bf-e84180182bfd,07725c47-0d73-4b3e-b31e-1741c85a7b48,BEV-002,7,848.3
dfef0078-36cd-44d3-972f-5ba2968d87eb,b21d7438-ef79-46e4-98ac-e8a270d7793d,BEV-004,9,296.61
2751d4af-5728-4181-9242-4540c2b8c425,b21d7438-ef79-46e4-98ac-e8a270d7793d,JAF-003,1,85.4
4527eeab-1674-43e4-b04c-6dcb49e54e17,6dc1e0c1-7b65-4cc5-b0ba-cbb4725c95f0,BEV-003,9,120.17
b73b8b78-c7fa-4604-9682-9e6a8981ce0d,6dc1e0c1-7b65-4cc5-b0ba-cbb4725c95f0,BEV-005,3,29.1
140bbcbc-89ee-47d6-b4f9-18073feae678,c9a58857-27cb-4c17-9190-68dbe789cc96,BEV-001,4,848.02
29721044-18e1-484b-acf2-0b03f0c7340c,a473b703-393a-4fd5-aab0-031937fee503,BEV-004,3,517.91
6c7ca6e0-8880-47a7-8404-cdc114b0a3a7,a473b703-393a-4fd5-aab0-031937fee503,BEV-005,4,767.87
d948cb98-c056-43ca-9bf7-b5bf84b61458,ca28454c-4609-49ed-bf2e-0fcecc2a5ba5,BEV-005,6,316.49
b54ce4af-8463-48b0-9b89-0326908cadb8,b3a2cc63-d0c6-4502-aa3f-a315db18aa35,BEV-003,4,936.35
4fa689c5-aba4-4073-a6c0-ebf1a0d86d45,5d7c4477-f143-4361-95ed-52cff7615328,BEV-004,5,557.96
babdf4ef-0488-4035-af03-20c0ffdb81ca,5d7c4477-f143-4361-95ed-52cff7615328,BEV-001,4,473.04
c36b919f-faa3-4c79-862f-4bd79554b250,5e231d5a-5779-439a-a64a-65a210567766,JAF-002,6,899.27
181c7e02-c21f-4bd8-ae86-73856acba5e2,5e231d5a-5779-439a-a64a-65a210567766,JAF-005,5,433.22
2dda6ede-4d05-4314-a90f-b28577c5c966,2fd5b193-f4d2-49dd-97cb-11437c9843c0,BEV-001,5,551.78
11aecc52-cb99-442e-a78e-d84eddbc98cc,929437f3-6252-4d02-a1b2-4f5814c51975,BEV-002,10,673.15
65963c44-4ea1-42bc-be26-a9e879ad1667,929437f3-6252-4d02-a1b2-4f5814c51975,JAF-002,2,565.83
fac72c1e-2b6e-4123-9082-3eaa4afb3efb,a8a7c8f4-c5b3-4065-8077-1fe7357c6ae0,BEV-001,7,130.85
bd095193-fbea-4279-bc49-14a839670c35,77ce0610-9b7d-4dd1-9240-f42a9faeb224,BEV-004,7,855.38
2de0e316-c29d-4322-bb04-1b7aa8a693d7,b4d9ef79-131b-4f4e-81e7-fa7a7e110fb1,BEV-001,6,825.11
31bb424f-02c9-466f-bf7a-94ace9a6de3b,4357130d-8c33-4332-a2e3-740aea30929e,BEV-003,9,975.93
843d2a2a-c7ed-477b-abf2-2c9df80177de,14555b6c-2aa9-4c19-8999-2f8e0d38dba9,BEV-001,7,316.93
5bd2428e-5cf6-4a24-82de-7656c0eaf9fa,2152ee7c-12be-44fe-a7b5-7010192a2e47,BEV-005,10,92.87
9f0b2c63-5a48-45a7-84b3-9b3dc2d62842,f26931ca-fe57-4651-8466-8d4acdb69ed3,BEV-001,9,499.38
a75daa4b-6f17-4142-a46b-a3de03de6d5f,c3c46d98-78dc-48b7-a815-949b125c968b,BEV-003,9,172.5
99d1d058-2156-4863-97e0-d6d712a631b6,8b3670fa-830b-4111-ad2a-f1b1e6115480,JAF-005,6,685.43
f2e6ab3c-cb92-420c-9c20-629b15ae1941,8b3670fa-830b-4111-ad2a-f1b1e6115480,JAF-003,7,141.38
662a9a5f-32ae-445b-b3b4-ed0fe3a61095,56dce2e9-0296-41f6-8a80-6fdbe569b7e2,BEV-002,10,953.66
9f9ab701-dc48-470c-8a54-9e787f5c4006,b3bbf82d-6ef8-4032-af8f-8a92ea5f284f,BEV-004,8,507.6
d60b9d73-2727-40f4-8978-f2fb15e14e27,b9a1e3d8-3d0c-4170-937e-5624ad38a929,BEV-002,9,385.47
59dff4e5-5c61-47ee-90c0-67819f8966dd,d96ac591-66c1-421f-bc97-899c3aabbef5,BEV-005,6,149.42
2ae78ca1-4701-4639-bab6-8ae62fb11ea8,461b2a79-6d44-4049-9500-8c67ee556394,BEV-002,2,774.59
c273b2a9-f006-4e9a-bc0e-e9dd57cf0cd1,fb7c9a92-6fb3-4603-a921-6dee8dd871a6,BEV-003,7,259.49
efc07727-8091-4e8d-b2ef-01d44d42a893,287d7ee4-e41a-4fa5-86e5-f0a147b13a65,BEV-001,8,178.59
1062289e-e03b-41e3-b29d-03892d72bb8d,9c67ddf1-da73-4ac2-a4ef-b0383baf34d6,BEV-001,5,471.93
70b3875c-d35e-4e97-82f8-823fc596d875,e45fdd70-3ea1-4ca0-b54e-86f4b3206f26,BEV-003,9,453.09
48ed4603-b5d8-4a52-8187-5efc8b3b50ac,cbb181a1-4bf9-44ac-8486-3fd25ea4b9a8,BEV-004,3,521.47
2b335f23-3df8-4385-9b25-590156aaa943,ab96b63c-f0bb-4945-87f5-c3c8f85c0c94,BEV-005,8,767.19
9aec8599-f729-4c3b-91d9-e3b698f4ff48,358601ba-5351-48f2-a381-e79c72e341ba,BEV-005,7,601.28
1c41dcc2-e991-4c92-b7c1-16088702db4b,358601ba-5351-48f2-a381-e79c72e341ba,BEV-005,10,969.27
f4b09f8a-3a7a-439b-81cd-d018bca6c58f,358601ba-5351-48f2-a381-e79c72e341ba,JAF-002,4,271.27
046534c5-6644-4121-ab86-054bc5a07426,a84b6082-e948-4591-ba06-d736be112898,BEV-003,4,379.74
3becd8cd-ac4e-453b-8096-7699c8d3536f,ee81d6bb-7943-4d58-b61e-97279be90e74,BEV-002,10,605.88
f392fc9e-da17-4ea4-9ed4-026c7d49a1bb,5484c4a4-70e2-4508-b928-ab4c1f418c19,BEV-002,9,640.48
7aac50f8-e1f5-46a0-a18a-b906f0dc133b,0b73782a-2527-45e7-8863-1230a171a870,BEV-002,8,677.93
700970a5-82ce-4656-b966-cd347656c246,6f0c3791-c793-4d44-b9a7-e28a77af2358,BEV-002,10,14.98
b935ff76-8fb8-4456-9778-d17baaac4097,6f0c3791-c793-4d44-b9a7-e28a77af2358,BEV-001,4,415.12
251e2e3c-a95d-4a1f-884c-3986481b0a8d,6f0c3791-c793-4d44-b9a7-e28a77af2358,BEV-003,2,809.28
18280660-3471-4247-8686-0eb828c02967,413384b9-ed72-4fab-8195-7c14a059de43,BEV-003,5,141.11
a5f9382d-2639-4197-8492-7b3a2245d4d3,a17ea0ba-b36f-46ed-8ab1-ffb31634e757,BEV-003,4,205.7
c89d8499-8915-4818-be1d-f3b67c379810,cce8f934-2276-4018-b1f8-6227d3dfc3ff,BEV-004,3,695.87
d1ded4e4-8b67-4b49-a376-10e84ce616cc,7e434ec2-742c-4b2c-8c4b-dc6a45f8d9c3,BEV-003,6,447.2
acbe1013-e8df-4875-a620-2d4f6266b3f4,50b0ec5b-7e8d-4d6b-b8c2-88888797c291,BEV-001,9,493.96
75954e1a-f635-4389-adb4-377f1c2f9b03,70d4f954-648b-4131-a059-5b6a07c63fdd,BEV-005,2,997.98
170c388e-09ad-4acd-85ba-d540e7e97c2c,c29f0869-baf7-4f37-b4b7-d9bd8685fc44,BEV-005,6,455.01
652fc92b-2d7d-4aeb-a853-1a22fed71347,c29f0869-baf7-4f37-b4b7-d9bd8685fc44,BEV-002,3,697.99
38d354cc-9d5e-43d5-95b1-4caa13d095cb,41d5daca-5e55-4606-9aa0-3d678a895c26,BEV-001,6,592.88
05a6f74d-3f79-4037-9052-58cea5e9424e,41d5daca-5e55-4606-9aa0-3d678a895c26,BEV-004,1,633.84
421c5e3d-28f3-41bd-b7f6-aad5f9c52444,492407c1-56ad-4094-9512-eb427e897c17,BEV-004,10,691.89
4e0749ed-f3aa-4f68-b616-ef8425c2a1f0,b28b884f-765d-48c6-bdc6-41ab1a10aee1,BEV-005,10,730.19
1445efd3-e471-4151-be7f-3b8ff48c20dd,2034086e-143b-4785-a586-6a122e0439f6,BEV-004,7,614.88
e4b772d0-a19c-4c63-9fc6-ca05809450d5,2034086e-143b-4785-a586-6a122e0439f6,JAF-004,3,100.99
0fa9ec2c-34b4-48ed-bdbb-1ea012f20363,61a9fe9f-e1e7-4f6f-86fe-e4c6d2c48e51,BEV-001,4,392.52
e660f301-d7dd-4435-8224-c808185c618a,0104f8d0-a3c6-4f2d-bd97-0d3a4e707e0f,BEV-004,9,785.28
dcb28223-d9d1-40fa-b39a-f8645859a4ef,70c89463-8e74-490b-9452-7116b0e660b9,BEV-001,9,525.49
d3744b0f-f30a-433b-9dd7-3642d6d0ce30,3fa2d636-3a59-425d-94dd-4f46010dd8df,BEV-005,5,400.69
a5c00add-b3e5-4bb7-9c95-0d1a9cbe8e29,f4e99e5e-bc7e-4004-8df0-cc1a783e63fd,BEV-004,3,819.82
785cad9e-86d5-40a9-a120-8d9dc8e3839f,f4e99e5e-bc7e-4004-8df0-cc1a783e63fd,JAF-004,1,80.82
37f51202-5507-4a25-aee4-f1934a5c5546,ce585b65-1b9c-43c5-b07f-a02a4db4088b,BEV-004,1,726.26
5e725b49-37b6-48b1-ae68-337ef9e5be65,28ed8bef-2d32-46f3-87f8-2d4b8cfe5b84,BEV-005,5,829.38
620235c5-74e3-4e91-aa93-abb19c3ca72f,7486a23f-29c8-4846-99ab-7abdf44f1f11,BEV-001,10,966.48
b1685517-c2cd-4257-8019-fd7ce5ceb02c,3e86c866-e85d-4df6-9f8b-a6d9e9f7bcf3,BEV-005,10,280.95
53db8bac-5739-4c78-8908-6b9d03d432f7,3e86c866-e85d-4df6-9f8b-a6d9e9f7bcf3,BEV-005,8,670.43
36306c5a-fffd-4eab-a7af-52b37e1fa5bb,b33599c2-538d-4681-80e9-83b23d3f5c02,BEV-002,7,261.04
df47cfda-7525-43f4-9edc-78c7ba7b1847,b33599c2-538d-4681-80e9-83b23d3f5c02,BEV-005,8,579.99
b3da5898-1b60-48de-9f8f-17d3148ae306,b33599c2-538d-4681-80e9-83b23d3f5c02,JAF-003,7,21.57
3d723800-8d10-4ccc-b8e9-52fb75a07254,3120c2d2-b89f-46d9-9d27-59a2e5c01eb6,BEV-004,7,999.3
d54f90ab-e6a4-42ce-9c09-18e56db74d61,8b4f9550-d463-44ee-b0f1-0aa7f9bc7067,BEV-003,7,684.52
b6fdce12-cfa3-4cf0-944b-4a9d6c92b148,9b54da9b-068e-4d49-a661-8fe31cc6834c,BEV-005,10,837.83
b65a48e6-67cc-4ad3-b277-2ace61eb9aa7,ce2c87a8-81fc-4c84-a9c0-cfaab32aea4e,BEV-004,8,466.36
575452b4-bbad-4a85-817e-cb1c77ae9f25,2e964fde-04a0-406b-b2f1-0093475d7351,BEV-003,1,542.23
aba2c69f-4b44-4eaf-82e2-8e3fbed46e85,24b7458c-45a1-469c-a2e9-79cc569a965b,BEV-002,10,793.17
d03b3289-42e5-4ec5-8b0f-63ed22d05e87,f32d4868-1af8-4b5b-8d61-2f42bfa0eea1,BEV-003,10,525.43
39660984-ab13-4e20-a295-ac5d9ef1595b,9fcfec73-4b5e-42b4-a91c-d4497c772c52,BEV-005,9,789.33
bc620f8d-28c1-4c87-a19a-09cfcd11348a,b86f4ed8-90ee-4e86-9d1f-3e473386a97d,BEV-003,7,70.13
d288c8ea-ff84-4b24-b3f7-12cd0025b932,b86f4ed8-90ee-4e86-9d1f-3e473386a97d,JAF-005,3,373.89
99e223b8-07ec-4246-9a2d-237829aab843,40cd5f34-6629-43f0-aba4-34b10fd5a984,BEV-002,7,544.9
5084f781-ed20-4cf5-b98e-7aaa720e1906,b7521913-5c90-47f3-9a00-30e23965705d,BEV-002,2,33.89
0a6b67a6-f386-4a4a-9d53-30a4a71a9579,b7521913-5c90-47f3-9a00-30e23965705d,BEV-003,6,145.44
2c75decb-252c-4f15-ba28-6d31882436de,9475c3b7-9981-40be-997d-3c9b620998f1,BEV-002,7,111.1
926bc621-eac6-456b-b29d-aa58beef3313,52010aed-3506-41bb-af52-530b398d7df9,BEV-005,6,107.13
93edcdf0-e27c-4ef1-826c-694d43da677d,794b0387-6bd2-4b1a-96e8-40c95838455a,BEV-004,5,614.81
def8d75f-c30a-4be4-a263-afbed6fa53df,d10cd4a1-d9a6-472c-8a90-8f949da7c637,BEV-003,8,216.4
4640e70a-64ad-470d-861a-b0d0ded6e421,70cf00c0-d2b7-4490-983d-7abc6d7275cb,BEV-004,4,922.48
163623cf-2dfe-48df-b818-034397c426fd,f7be8880-d60a-4fb3-8022-3fc03f633402,BEV-001,10,158.02
9ec462f5-93ce-4bfa-82a8-7e7a41d6d370,f7be8880-d60a-4fb3-8022-3fc03f633402,BEV-001,2,777.41
3bb1ae80-da37-4718-abe3-461659326a00,f7be8880-d60a-4fb3-8022-3fc03f633402,JAF-003,7,510.88
54ea1a9f-e713-45bf-bdca-6ef56de21dd4,ea66ded7-7e8c-48d5-a204-1b09ab561d99,BEV-003,10,669.07
d2117737-ff9f-4bcf-a7a0-593232843b91,ea66ded7-7e8c-48d5-a204-1b09ab561d99,BEV-001,8,767.13
b074481c-12da-42e7-b423-377b531e46b0,c6f4b7bd-164d-477c-8ec5-9365739b7099,BEV-001,3,456.7
a6cd3a01-4230-4062-a0b2-922707702baa,cb1fcf37-a58b-4c7c-bfca-9cdf8d5d3e8e,BEV-004,4,133.14
07a959d3-d191-4968-a45b-6c4dcc376ba8,8a34ffc1-1798-437f-8559-ea33fa4467c5,BEV-003,7,490.05
b7a593a0-1c22-49cf-99c2-f612cb9c7c38,8a34ffc1-1798-437f-8559-ea33fa4467c5,BEV-003,4,165.78
8fc32336-f386-4b07-8e78-f118ed05c6f6,2a0104b0-9f37-4527-a100-f507d97d2539,BEV-002,5,39.25
e0fab203-62d9-4615-a02f-612b97e0953e,2a0104b0-9f37-4527-a100-f507d97d2539,JAF-004,6,372.55
c505e3f3-bc09-492e-9153-b9311ef1d2b6,a4fa7fb8-8307-49bb-ad79-aa584c8a00c6,BEV-001,7,681.86
c0f5ab95-cf64-497e-9344-fd3283f16842,a4fa7fb8-8307-49bb-ad79-aa584c8a00c6,JAF-002,5,303.97
5ff263fb-933c-44aa-9dcb-fd06dc01d817,6e83ba6b-af1a-4f8c-b28c-526f81bac7fa,BEV-001,1,511.78
7ff77c94-9058-432e-bdec-b9ae0f2fa8d6,bc2df8c2-87cf-4c88-bd92-d781b11e7702,BEV-001,3,587.68
7783c2e4-2450-45ba-822f-deee8d88e7cc,79cc8b80-5ab3-430e-9f52-9ef7ecfdef59,BEV-002,1,893.18
1f43c9c8-b654-4ec6-98ac-6fbbb32c8a1c,55264c6d-56a9-48fc-aa45-9fd63e2b86ba,BEV-003,4,762.18
6d3eea89-cddb-4034-8742-f5b6624ea3c9,55264c6d-56a9-48fc-aa45-9fd63e2b86ba,BEV-002,1,932.61
48cf0650-7ab5-47b4-bf29-a09f05368fab,126560b7-8bd0-491f-b0a7-bac4778f9d7b,BEV-004,6,445.68
066706eb-16ce-4a77-b21e-bac53a66039a,126560b7-8bd0-491f-b0a7-bac4778f9d7b,BEV-002,10,902.06
48c4f5cb-d675-4f59-b770-b5d68c7fcb7e,126560b7-8bd0-491f-b0a7-bac4778f9d7b,JAF-002,9,322.87
d28cbc9a-3d70-481e-b849-0edad6754222,37716e4b-ae97-4bf2-9e14-233794fade26,BEV-003,9,595.01
870ab7ab-bd85-4103-909a-3412a103531d,41259a5b-0387-43f7-a409-ead092af7da5,BEV-001,3,333.61
a9096d0e-09ea-4654-a071-68b27e4ae9ec,7c54c529-36e7-490d-bc4b-02198cd3c98b,BEV-001,4,455.4
b305337a-9ab4-4978-9857-81da41645dd6,b20114ee-f1fb-47aa-8eef-32ebc493b931,BEV-003,10,189.75
dcc062da-9667-4256-b62c-569b11395ef1,b81fbaef-e0c7-4b7c-a46a-0d55f23e8cf0,BEV-002,2,243.07
4a2f1f44-f855-40ba-9d6b-0f66d565549b,019620f4-9f00-4007-9425-0b86414ec6e1,BEV-001,2,353.38
6014bddf-2c40-4789-9eed-bb0bcba6e62d,ab601fa0-9ec5-4e43-b82b-a0374b75e5e0,BEV-002,8,233.95
295b7884-c78f-43d4-bd7f-ba82e2a7f90f,a71a8497-7914-40fd-b0f6-41f7a6f0302c,BEV-001,3,786.47
dd574035-c2d3-4a5b-99cf-f111f4022a5d,e69a4ae7-53c1-4ff2-82b4-6e650c3b1fbb,BEV-002,1,589.79
563bc29b-33df-4f45-8a5c-8fd0951f6ec1,e69a4ae7-53c1-4ff2-82b4-6e650c3b1fbb,JAF-002,5,517.06
f8847b95-5492-4818-a3a1-7eb6d053ec4c,003a5af4-9c31-439d-aab8-fb341724b1d0,BEV-003,6,122.31
b1f2287f-e47e-49c9-a3b5-e0ce5ca261fd,199953a3-ae21-41e3-bc1a-7b6b4119dd0f,BEV-005,1,560.87
29a50db9-2311-45b8-ae99-d0dd46f0ebf3,67a0ccb1-4297-4c63-9a10-bae870187830,BEV-002,4,674.08
287db3a4-3291-4f79-92c9-65846d2596e4,e5887599-01dd-4845-8344-845bb9fe1416,BEV-004,1,979.76
ed957ed1-e494-40c8-a8df-3a2c2facce2b,d9fad111-691e-4ab8-91d1-2b6c17ad32a3,BEV-001,8,899.31
fe97330c-628c-4b2a-9452-8e28ab901f7a,b3861d90-e315-40fd-9463-b12bef404ecb,BEV-002,9,176.28
d35b9ad1-1c23-43be-9824-43d371d243b7,6df7c646-64f3-4d9a-9261-6610b4615bcc,BEV-004,4,110.24
764f3422-045e-444f-8a6c-877a6152ada2,3d85eba9-fa7d-4e74-946a-a67861e1f67b,BEV-002,8,403.07
dc38f7bd-78cf-4b5d-b79c-8c8fe2331053,3d85eba9-fa7d-4e74-946a-a67861e1f67b,BEV-005,4,404.35
c3c1bfc7-4a02-458b-b30e-c8ed3797e90a,b4112470-46b9-4f4c-a9df-e948bf8dc266,BEV-001,3,419.51
513b5da4-c044-40a6-9634-9555b56848ca,b4112470-46b9-4f4c-a9df-e948bf8dc266,JAF-001,7,204.9
4f772be3-5d54-43fe-8641-46b9b07a1227,ef3cca9b-b336-4e7e-b29a-b3e44c5acef5,BEV-003,10,143.35
bb8a1a96-838b-4b40-b70e-c38eae8283fe,00e84147-a22e-42c7-ace0-e75877024c23,BEV-005,2,11.22
d5ee9273-29fe-4e27-91aa-50370270321a,00e84147-a22e-42c7-ace0-e75877024c23,JAF-005,9,803.38
e9019329-02fa-419c-9d2c-2f5107a77b9e,a9013fa3-f836-4dfb-93a0-044ae3e30a95,BEV-002,5,273.91
f9f4c635-18be-4395-a6ae-91275aa4226b,48e1f33e-c925-4c3a-98dd-d449c6ef99c7,BEV-002,10,667.18
7d19fba0-9e63-4e38-8113-2199ad9c71e6,b52adf09-aec1-472e-a8f9-0e560d53a495,BEV-002,5,876.02
900917c6-68ea-4819-8bc2-783758066aba,2fea1c9a-df54-41a2-82d5-b3220fcc1f71,BEV-004,4,293.34
138cfa5e-8deb-4048-ac09-faeddf2fce82,9b2b2802-0c81-4372-8382-fb6e00255ea2,BEV-004,9,390.72
474705ec-92ba-466b-971b-5287a836b2b8,2bdda669-a521-46d2-b37a-f58d1a4ca328,BEV-005,9,949.28
3c0ef00c-4134-4cef-b87b-476e4be5e156,44c108d0-49c2-4b7d-afb0-0eb301f4c49e,BEV-002,6,382.18
f58fcfbf-af8b-4a56-a755-c1f11f52d7ae,6660290a-e8b2-47d0-88ae-3da09de91578,BEV-005,10,123.44
451e8797-fa4f-4db4-8938-d29cb4b2765b,f45ee563-7573-49e8-b3eb-676ac6d55593,BEV-005,7,484.87
819b909a-3c24-4184-83f5-5871abfb4a75,f45ee563-7573-49e8-b3eb-676ac6d55593,BEV-005,6,322.32
7aff7972-49ec-4ee3-9cbf-919d31cf7dd1,f45ee563-7573-49e8-b3eb-676ac6d55593,JAF-001,2,874.76
acff8e05-199d-4b89-9370-dded45eacb5d,8e49224e-f4f7-4185-a87b-b26631cbfefc,BEV-001,6,218.96
4a39e069-fbdf-4b94-aba7-cb218514f086,33f3b370-0a18-4430-9c1a-99e745494866,BEV-004,6,683.83
1fefd638-43db-4f05-b7e9-283bb996beab,a2062ec2-c1c4-4f8f-9091-10ecc7cb0359,JAF-002,6,433.45
bbe3c2f6-e578-48a7-a753-7602bee15261,94c4a4a2-fd96-4cde-abeb-9d8e9238b913,BEV-005,10,771.53
4a776069-70dd-4fb5-9138-305fbc917e9c,b55a3446-9f35-4ed3-8faf-079389eec43d,BEV-001,1,115.17
dd0bf60e-6d5a-47f4-9532-0b08d479b945,b55a3446-9f35-4ed3-8faf-079389eec43d,BEV-003,3,614.83
4f2b35ce-fef1-4941-ac9f-e861b8faf996,426d47ab-bc6f-4c54-b408-e205200f0712,BEV-004,9,332.95
221afa9c-23ca-4e38-96b9-4091f37f8e97,426d47ab-bc6f-4c54-b408-e205200f0712,JAF-004,3,223.96
a05c10bf-85fa-4eec-a40a-4d5038dbd5a4,b37d5b08-2713-4bce-a37d-de8fed50b11b,BEV-001,4,401.68
d2ed7ecc-ad56-4b76-b11d-9606a7b554d2,caa42446-0867-48a8-93d7-2b2e5da41b18,BEV-003,3,49.78
2f0bf8a4-983e-4c1e-80aa-45545fad8fba,c8c30b3c-4157-423c-a02d-d368f1b801f4,BEV-004,8,126.13
27e47f9e-226d-4738-99e7-4ffe36106b3f,0cb34fa8-7666-4208-9652-007897d82283,BEV-005,6,352.93
9a2334b8-d170-4266-a71f-e565bd8af4c9,ab45d998-b19d-4cc2-90b4-c510d117cfd4,BEV-003,4,104.82
72979471-62cd-4e4a-bd1d-9d7edd7d6631,92a87c45-2c64-4b55-bb0a-cb81ec15680f,BEV-004,6,274.25
495de5e3-4940-4871-be7d-12c0b8bd78b1,bfc6ec06-894c-4b1e-808a-f50b1343b3c8,BEV-001,2,62.12
a50764e7-82a0-4898-875f-a497fa28224f,1445db4d-d54e-486b-a1ec-51daca51d543,BEV-002,5,807.24
cf51e4f1-9808-4b5d-811c-bee4aa4bbd28,e3293f8e-1bdd-431f-b5c5-f96ba2e19005,BEV-002,10,780.13
aedd3586-3478-4d15-8b76-f63415bc8b05,368c8222-4650-4ab3-9c39-24673d250863,BEV-004,7,339.73
2bf7397d-2d53-4773-a228-173cbe14627c,368c8222-4650-4ab3-9c39-24673d250863,JAF-005,7,91.84
a78755e1-6a38-4037-aa48-3d65684e7c1f,ce0a2e88-d02a-4031-86f3-3ee405fdcce3,BEV-005,9,405.97
910ebf69-7606-4c97-8109-f84b9fa4ba47,e2a05bbb-1c19-4652-bd45-dcf05ef07022,BEV-003,2,689.41
050c6237-ac7c-4d2c-aa0d-e151dd206241,e9d37fbd-7e31-4bda-9942-c90eaf8a7cb8,BEV-003,5,731.16
454ded8e-7ec7-4cf8-a832-640bd82ec10e,fc719bb4-fce9-4c82-aaf7-2d30426d5a53,BEV-003,8,572.39
c78fd3ae-d704-4b24-95ef-95164126ece6,026c52f0-dc14-4af3-92b7-edeee5835ccb,BEV-002,8,665.88
582f9ba4-fca8-4107-b2b6-96f8a151cc14,4ac6b5b8-19b9-478d-8764-36cddeb5e076,BEV-001,9,434.89
90a503d8-61ff-444b-bf77-e7dcf725d9db,cd138522-d280-4466-9b73-0a3c8269aa87,BEV-001,9,540.51
7466de12-2c8c-41c0-a000-d15779cfd6e9,fadeb69d-8ba5-4a47-b649-5d43707a160d,BEV-002,10,527.66
07bf427f-5bfe-4a46-94f3-1cea712433aa,c99f0fec-880e-4519-b73c-57299f75d33f,BEV-001,3,794.61
f4f0642c-0327-40eb-9ff6-a0eb850d5d31,c99f0fec-880e-4519-b73c-57299f75d33f,JAF-001,8,538.3
220d01a8-2a55-4704-81d1-e2ecad6c3549,c99f0fec-880e-4519-b73c-57299f75d33f,JAF-005,3,170.3
16cda00e-0dcf-4e64-bd1b-951cfdc9dc5e,6dbd26f1-1664-4a57-8724-7a231e929f96,BEV-003,1,945.31
80be3e81-dfa5-4293-a5ed-d56135da4c0b,b17c5552-e861-4562-9e3f-606c0ac71a67,BEV-001,7,591.95
1e2b9d0b-4868-4f8d-af63-4fdef8969b76,deb0fcfa-5001-4989-88c8-574ee94148e6,BEV-005,9,278.19
36aed8be-8c75-442e-b773-925a7d6fcb2d,8023e7c3-e798-4d3a-93c9-fab9fdb55e2b,BEV-005,1,744.44
9c686910-1ec1-4c60-8ba7-049686afb237,c97764e4-b43f-4286-8c7e-a0400b392b02,BEV-004,4,753.61
82c6c64a-e6cb-43fe-b320-65d0339c16d4,b5fffeab-4658-4395-ab9a-ac6e66a0f8ab,BEV-005,10,896.47
f1762620-73c6-40f2-9f1f-1dd2312e3a25,b5fffeab-4658-4395-ab9a-ac6e66a0f8ab,JAF-003,10,898.93
7f463127-dda9-4ced-8a1b-b982431ed7d9,e7cd08a4-10e1-41b2-a9f3-9bc801e777ee,BEV-002,7,656.64
9cc4d358-3262-4c01-a4fb-43fdecf18ea0,4cd73509-8e21-40c2-9cee-94fe1730c519,BEV-002,4,115.74
8762f98d-3a4f-4d45-90c3-8b9a870d8da8,4cd73509-8e21-40c2-9cee-94fe1730c519,BEV-003,3,781.41
1769859e-9791-492b-af1d-7aa0a8df704d,4cd73509-8e21-40c2-9cee-94fe1730c519,JAF-004,2,171.76
5ebcd947-e190-404c-be3f-fd743847d74d,4cd73509-8e21-40c2-9cee-94fe1730c519,JAF-002,3,86.35
898e96d6-9f3e-41a0-b53a-469a8def6df6,db3d3d17-a709-46ee-b4b3-61c281982153,BEV-004,2,511.94
68976eb5-0f14-419f-9a50-25b00524c9eb,1ddf8121-765c-49d9-9622-ce2668444a12,BEV-001,10,152.54
b9800d15-4bb7-4d32-ada7-4e99a669f1b1,fb82fae7-8621-45a5-9804-43e461faa54b,BEV-004,4,116.7
80aef3c1-b57a-4d5c-989f-c5c29ce541d6,fb82fae7-8621-45a5-9804-43e461faa54b,BEV-001,2,913.61
01833940-b5fe-4e1d-bf0e-734c780ad7cf,fb82fae7-8621-45a5-9804-43e461faa54b,JAF-003,4,632.17
c5677320-4a45-4e65-a00c-0ef868b7c1d9,dfdc80ec-3438-4e9b-a180-4a9d7d10d931,BEV-001,10,875.28
4d4829cc-c11a-4af2-8ff8-c9f677297873,d4ac9091-21da-4d86-86c3-36a63863720a,BEV-001,9,97.25
5fece790-a427-43f7-835b-a5fc6b66f7a7,506f1b4b-31df-4397-87fb-513a2760a970,BEV-003,5,97.05
dd8fd57f-7c24-40b1-83ee-5e54f4e3c726,5773ff41-ffb7-48a4-b0ae-f9496fe19201,BEV-004,3,222.34
10a6a0a3-f7de-42b8-a3a3-ccdca76c190a,a0a360c1-a36d-4518-8991-a69ad50ef826,BEV-003,1,371.81
7dca78bc-2ab6-4cbd-b2ab-b52367f40aad,c2549f72-e688-434e-822f-5c64ab8dd4b5,BEV-005,3,767.63
6ef741a0-202b-439b-b001-1e196d82f63c,c2549f72-e688-434e-822f-5c64ab8dd4b5,BEV-001,9,158.91
c2bcab0a-64b8-4628-8bf9-fb56089ce30d,cc95e25e-6725-4b46-a0e7-f86e4497a389,BEV-003,2,279.96
06da3938-db62-455f-b4fb-588ff25583e7,1d76639b-4b0a-4f49-9915-4da11b1273ef,BEV-002,8,972.49
bb7863f0-7c30-4438-91fb-5ad22a74d0bc,1b25beab-2721-4683-ad53-7a59fecb536b,BEV-002,3,457.96
9dbfd756-d14c-4296-8b47-6a19c76dcaf9,8c15f513-2dbf-43ab-aeae-fbd4004a0eb0,BEV-002,8,805.61
57eaec79-7f2f-4109-8749-05e740fdf674,e15568be-a245-46c3-a6f3-d57b97fe02eb,BEV-003,5,323.19
19f7dd05-9481-495f-95f9-e5d15e1572b8,6f29ef5f-9772-4830-8459-828d9e798dfc,BEV-001,3,192.95
f2cfd70b-a813-49d3-95c9-084235459878,3b7aae21-93b5-4150-b5f2-8ca564eedf6e,BEV-001,9,848.33
1a6a9fc0-dbcb-4ed9-b0b5-fd4ea8907415,3b7aae21-93b5-4150-b5f2-8ca564eedf6e,BEV-001,2,839.64
d5d63b3c-c082-40b3-aaa2-b5b6d560e344,3b7aae21-93b5-4150-b5f2-8ca564eedf6e,JAF-002,10,554.16
4f2abe60-30cf-407a-b6e1-b1502756afec,3b7aae21-93b5-4150-b5f2-8ca564eedf6e,JAF-001,10,769.76
ad5265bf-912e-4afa-afed-10f3a44d0ebe,c022316a-351b-455e-a4d6-c49ba677e76f,BEV-004,1,995.85
29ae7d47-96d0-4700-9f49-f05341dc461f,c022316a-351b-455e-a4d6-c49ba677e76f,BEV-002,9,259.0
90c1a54c-a229-43ef-a0b4-b74356e0ded9,b306848b-daf3-480a-a730-fc653250ca47,BEV-001,1,746.33
11bdaa3f-f9c2-4a5b-b8c0-3d6c4a3a72a3,71baf69a-22af-4357-bbd7-7069feed0c8c,BEV-005,8,768.85
44af901f-c4a6-492a-bf61-b8f0bf2f410d,71baf69a-22af-4357-bbd7-7069feed0c8c,BEV-004,6,756.46
61d6d923-0050-4de9-9a3d-0941990a77cf,937ca561-0aa6-4d65-9250-90dbe9f31b91,BEV-004,1,166.46
da03dcc1-9384-4f93-89da-6b896263fd12,937ca561-0aa6-4d65-9250-90dbe9f31b91,BEV-003,8,422.68
7fd0ef99-671f-4c04-8a9d-0fa4ec895a5a,937ca561-0aa6-4d65-9250-90dbe9f31b91,JAF-003,7,181.01
7f612991-c091-4d50-871a-57b36b18cf16,ec2e7355-8484-4232-9f2f-aa1d8f4462a4,BEV-005,9,356.13
d2152981-e69d-4caf-8297-ff1e0d807dc2,ec2e7355-8484-4232-9f2f-aa1d8f4462a4,BEV-002,10,599.07
9ac9b14a-d3cc-4b87-895f-54a821f61aa5,75a63ae0-0f1b-41e4-af4b-de2b024d1ab1,BEV-002,1,596.3
20591e88-bed8-4627-acf3-2f9d8124fd56,ee440cac-e5f0-4145-a0c4-7053674d4746,BEV-005,1,150.21
a35ebdf7-abbc-489d-9a2d-817005851beb,ee440cac-e5f0-4145-a0c4-7053674d4746,BEV-003,3,203.12
4b887c68-7a59-42af-9166-97daa599ed6a,ee440cac-e5f0-4145-a0c4-7053674d4746,JAF-002,6,393.13
25a9a254-c097-4c8d-bc28-fa639056f15f,4a8e0879-6fc8-4708-a7a7-61c28b6cec8a,BEV-002,8,15.9
b70795bb-0478-41ab-8636-a77cb4cd6979,22a03054-378a-48ca-be03-e82b23f4022a,BEV-002,3,852.86
ce875ea2-81c9-4a7e-a428-7b4e4718a594,fbdb449f-f3b1-429d-9419-e7e9e4e636bf,BEV-004,5,384.1
f2fc49b2-01c1-4900-b0f2-948d02ffdf89,1fe2dbe1-b3b5-43f2-955e-030d91021a31,BEV-003,5,171.03
42d9bc94-99e4-4c33-bf8e-d5f735949a29,cb444d26-61dc-4d93-b57c-fb8eb9bc8146,BEV-003,1,490.27
5224c8fd-35d6-488d-aece-2ddfa2023480,9bf7533b-b0ad-4838-927c-c63249fb515a,BEV-005,2,35.66
118c956e-75ee-4595-959c-f8ac3abaa335,5bb9c141-5f6a-49c1-af80-780b68c71371,BEV-005,6,834.42
288b1bc2-e6b0-4ae5-9d33-a1f95674d40b,dcc31c21-7b85-4a15-bfc7-2a47e0168baf,BEV-003,10,437.54
ea1969f2-a818-42dd-8ca1-efb84718c20f,dcc31c21-7b85-4a15-bfc7-2a47e0168baf,BEV-004,4,651.68
7598489c-6e51-4e18-8b9a-4d4c7a0c1c90,50bf50f8-8076-4547-be85-900ec5db3b17,BEV-003,1,961.23
de71fa90-293a-499f-8bfc-1308fee27d34,b29db6ca-1484-4f3c-bd92-9c50ede5b49d,BEV-005,10,228.64
c4987339-c1fc-43ab-a4d9-1709cffc36d0,ebe6dc5c-75e4-4b34-a0f4-3fd1eecdc62d,BEV-004,8,732.67
940cb345-d785-4349-9003-fccedf7823c0,070bad8b-5219-4837-a8ed-f0570bcd3d64,BEV-003,6,623.74
fd9b9063-f945-45a5-9d26-821ed636a364,8ea14cec-759f-4411-bf8d-76b8de12fe4a,BEV-005,6,790.57
a6bfbcf4-aa5d-455f-a32d-1ebe1ec0ef50,8be0b5f8-8b0b-46d9-81a1-ea3c3bc990ab,BEV-001,7,618.89
f1863af9-50a8-4829-a6c5-e07c0e4bdd07,fa78cca0-ef90-4265-a980-e52f2f1adbeb,BEV-002,7,927.67
caa2f9a1-6557-4e7c-a5f9-fb9c3ce1d77a,c8f7cc87-e255-4473-b55d-c5f660f49652,JAF-004,7,96.6
c0a84987-6404-4271-82c4-4fe99e014530,d59527ae-b14f-4e36-b684-5a218beeded3,BEV-002,4,850.86
261ada58-d3e5-4576-9029-df999cfae063,d3543813-84aa-4ceb-878b-87d084cccdf2,BEV-004,8,443.7
4f087dd4-1593-462a-aa8e-17385ce32c87,83a51bb1-63e7-4dd2-990d-52e3051e7e08,BEV-004,1,982.62
ef580313-b8d9-46e7-a759-80063a422adb,6d5cd927-49cb-40da-af71-cb5a6cc1d95b,BEV-005,9,852.58
394599d9-f8da-4848-91d5-e4f2bc287753,61fdc9a7-1c06-4021-aa6c-935a5226c71b,BEV-002,4,198.07
ebd748d8-d0e8-4059-a833-2c1ca0242165,b6ecdc64-9bfc-4be1-9792-cf7c2984fd52,BEV-002,4,522.51
3e2ba7a3-ee78-40c5-851a-66ce0669970e,1937b554-ba83-4bd0-b673-5ad90f32ca1f,BEV-001,6,925.81
fc35f7e4-8fe6-45d4-9384-8545581b3b71,f65e893f-edb5-4d78-8ea0-e39c274d4aa4,BEV-003,8,301.55
f5e3054c-e13f-4bd1-b531-b55dbba204d5,7990fad9-8453-44fc-b8a9-58b03b1e5c88,BEV-004,3,23.21
29f464ce-4814-467f-b211-3e740e2aae97,7990fad9-8453-44fc-b8a9-58b03b1e5c88,JAF-002,1,76.35
5e5704f5-977d-4b75-b2a1-6c8cd8f9aa03,8a6ca4f1-3bc9-4697-9ba3-58b495571a20,BEV-004,4,204.65
35c8be3d-5ae8-40af-b259-b28d92e0b070,974aadb6-d6c8-4b15-a17a-8df4facaddc1,BEV-005,9,290.54
5a07eaf8-2a36-491e-a441-68b335ceffda,9243fcd0-27e8-4872-a1d4-05f59545f59b,BEV-005,5,902.82
012b19d3-1b53-4b56-ab7c-7f462ec85168,ec331d2e-a0b9-4ebd-9f01-a58977a91c3e,BEV-004,1,898.73
5adfc535-3fd4-4c67-8f19-6cf451c9f0b0,2e1d420d-d942-4680-b21c-053cda1cd37f,BEV-004,7,676.38
c6a0ed2d-fd25-4dee-b571-1372fd614ef6,27b60a6d-77aa-446a-aa04-39c4a4cbff6c,BEV-003,10,390.49
1a02f977-eab7-4383-a83b-3bcd7195ecfc,0c3ab77c-7116-4877-8069-cdce1cb2229c,BEV-001,1,864.79
68000255-bb33-48d8-9ae0-6e9a1d3598e6,1840fd0f-7eb6-433e-974e-2b3a9e2068c4,BEV-001,3,435.73
517b4de9-25d6-4145-98f2-1459d2153aba,446ff1e1-897c-4c98-9721-5a0c0c372538,BEV-004,2,430.36
1cc86b65-ef6a-4ff7-b323-475df447db6a,384a4f6f-69d8-4626-9c42-2f0cb8c39fc7,BEV-003,3,712.81
54181f1e-e7fb-4de3-b1e5-33ca32815f6d,097f6d77-8b10-43fe-bb1c-01efac153b9b,BEV-001,8,805.85
08100c7e-06af-449c-a838-5a9eceefb40b,dd7e8958-18ad-4002-8ca7-ab37fe196153,BEV-001,5,865.62
aa30f8cd-7a5f-48ba-847c-7b9218089212,cbddf240-2a96-48f3-9e59-f1751030f89f,BEV-001,2,484.49
b090774d-5982-4210-8e67-e259d49d7d62,fb0a07ed-9ef4-4b9f-af3e-aa9f3fc27cd0,BEV-002,8,828.86
d1183109-6f1b-4c3f-a1ba-30d2094a9fff,6c7c0e34-ea78-4aea-8944-19b583cf6919,BEV-005,10,48.07
9f431877-a142-40d1-96fc-caf086d0e939,2f709d2f-fc37-4f60-8cef-39369317f9d1,BEV-003,4,803.7
9b58d17b-2f4f-4682-b4ed-b23bd7a37cb6,bc2dfd53-8b86-435c-8747-87521a82ec69,BEV-001,1,785.61
eee7aa7b-856a-465b-9523-597f1f1850c3,e36880a5-c424-420c-975a-044440bdf929,BEV-003,8,557.46
a3485c67-7fde-4951-9b6c-10e7b3a04bb3,b85c95a3-ec85-4bae-9614-d0174bb18bde,BEV-004,1,722.0
ca83603e-b771-4e85-bc36-871c3614d69d,8a060960-5e05-487b-9ea0-b63cbf733807,BEV-001,10,869.86
5a12104d-a20c-4ca8-b9bc-6d7add93e58c,8a060960-5e05-487b-9ea0-b63cbf733807,BEV-002,7,617.8
2d04e42d-d773-44aa-aa91-e5019d5afa37,17d364bc-2133-47f0-b587-d7f63d058276,BEV-005,1,358.54
965a75db-78bd-4680-85ec-bbc35d62f654,001ef213-e453-4b52-bda2-cff8dafd3d0c,BEV-001,3,557.72
aaa24ae6-b824-4759-a0e5-cd7a588d4aa4,dd7404dc-1527-4f73-94ff-2d02ae215586,JAF-003,3,818.18
7c79ae6f-b801-4b74-bbfa-2fae7f546193,dd7404dc-1527-4f73-94ff-2d02ae215586,JAF-003,5,136.81
ce21a9ae-afa9-4b00-8523-89ddd09651ca,39705213-1783-4ac6-af44-6039ddfac39f,BEV-004,9,642.57
69a2fbf2-44c7-4838-bd1b-b573ae492c25,39705213-1783-4ac6-af44-6039ddfac39f,JAF-001,8,950.41
463f793a-f35e-40b8-b940-8f94d645a574,a7891da5-b04b-40b8-9d00-5b519606ad18,BEV-001,8,865.85
901e195a-c423-431e-8e97-bb8c99a5acbb,7f998e80-f98c-4a7b-9d84-a185c30ad26f,BEV-002,10,926.28
b2b5113c-7070-42da-8100-1c4f882d2ac7,295d21a0-846d-4354-bcde-9a27533e301f,BEV-003,10,895.15
c32f9fb5-f28c-4c43-87ea-af70ead3a686,44bc84b3-197d-4959-864c-e4815482a4f5,BEV-002,7,934.65
1f961d05-bdb8-43f8-9550-03e5fe2e4aea,44bc84b3-197d-4959-864c-e4815482a4f5,JAF-004,2,712.14
c7867bd9-9375-4f30-8b9f-9cf460c02446,6563eb8f-16e7-4392-8a0d-cdf9ed4a2757,BEV-001,3,228.08
75c6b4e9-88f4-4a8e-80f4-99ba4ac9fb24,ee7e20c1-9c3d-495b-8a74-e8ea6c569ca7,BEV-002,1,125.0
3e15a3f1-3bdc-40a7-bf36-e6a0ed179fc3,ed186971-0484-41e5-9653-76a54b5e8298,BEV-001,4,132.36
cecb9bac-ce6b-4eb5-a89c-53cbd17556d1,c27748d6-f2c0-452c-9851-514e1ae7693d,BEV-002,4,848.56
5fd58285-1fcb-4e8d-af1d-bfca1a4ad01b,b261619f-9a6e-4fd9-a9c9-9ddbcab0eef0,BEV-004,5,950.64
5fce8e75-8ecd-432f-9041-4ba63e10b9b8,b261619f-9a6e-4fd9-a9c9-9ddbcab0eef0,BEV-003,2,646.26
f4b40c91-ef1a-4f36-be1b-4dfa0b651def,731c0bfb-9794-469d-94bf-d8f002242534,BEV-001,1,572.45
f71d03e3-80c4-4390-8a96-92f79e7353d0,bee44cfb-caa9-4e46-9085-bb6a6f58816f,BEV-001,4,240.19
3eac7a53-6e04-4bdb-adf4-fcc03c7d3ac0,44b7425a-e7dc-49dc-830e-8b29b817e2b5,BEV-004,2,601.37
d88989e5-5a29-40b9-bd95-f40a7a4df968,70674092-4efa-4b20-aa96-e8e6a8d9da42,BEV-003,9,608.75
b0b3c966-0d51-4436-9d3e-1c50ca48faec,37dd3938-e733-43d4-9cb1-068a3f9ca60c,BEV-001,2,272.32
18d95dd0-c373-479b-a51e-b962d3bf2bb1,37dd3938-e733-43d4-9cb1-068a3f9ca60c,BEV-003,1,940.17
b7fb4b97-d0d5-4171-9a08-c52d733bd7a1,37dd3938-e733-43d4-9cb1-068a3f9ca60c,JAF-004,9,42.26
ac60a4c8-db0c-44bc-8721-e2622aa9e48e,c554d53f-d53e-4b97-a793-c628ae1af1b8,BEV-004,5,254.08
4a173595-a965-44d7-8365-b9cb13531dc8,b0292a86-2c9a-4de2-8555-fa8311d983f8,BEV-004,3,281.56
3379357b-96f7-4830-97a7-7635e41edc0b,4c168fe0-031f-4d0f-a111-9796ab35297b,BEV-003,7,601.43
5c86aff9-7a6b-4942-9085-a852e0f0add2,78c3ad0c-7272-448a-8591-aebbb8d0403b,BEV-003,6,129.88
14ef684e-7eb6-43f7-b15f-aa524d9a1ebb,78c3ad0c-7272-448a-8591-aebbb8d0403b,JAF-001,8,783.27
ebb2d318-b1a1-463c-a1a3-07ef91bd844e,d570d23a-e33f-4bb9-aec7-116af904aa3b,BEV-003,4,571.27
74e48429-1b3b-401d-9d94-8de8a9022591,de195441-ca27-4824-ad0d-38927f59ebe6,BEV-004,5,120.38
f7d4d29b-9dfe-4d90-9df4-05cf0ad87363,3d925b87-13b2-4ee7-8d91-fb86c4ecee67,BEV-001,4,683.25
a57be95a-629b-4e7a-a275-c4d0b3b362d9,1f8428f3-7ea2-417b-875c-8164f6dde184,BEV-004,3,137.24
95d6d1a8-cb4c-4f59-92b9-ad3584053ecd,00a7adb4-0225-4d2f-87ed-83a8c9663b04,BEV-005,2,258.54
5e20277b-478a-46be-a3d2-39da617c0bf2,a53a3584-5abc-4476-8278-c888d87581fc,BEV-003,7,968.28
3c9cf0a8-3d30-4abf-999c-8df4333726f6,af9846de-52f6-4458-9c6e-d92896ba9961,BEV-004,3,631.63
3a239b98-3f83-4293-a39f-82c27a4fd39d,84ef8f3a-dbda-492b-8918-5d711b29e3e6,BEV-003,6,148.43
2965ae6a-6b6e-4bc8-97b0-dc7e53ca83b7,34a3e3ef-8675-4e1c-b027-3ff8ec3dbd61,JAF-002,4,428.65
a88b6975-3683-4e29-a8a6-3999a2f60c92,34a3e3ef-8675-4e1c-b027-3ff8ec3dbd61,JAF-003,1,952.4
46d0db26-ccfb-444a-af29-833d5988c982,b9f94481-54fe-49c9-82ce-f086ead6d685,BEV-002,5,13.02
6e391f20-472b-44b9-88d5-bcbedac990fc,2243cbc0-a270-49a9-8989-86c3de968171,BEV-003,1,937.9
0a02dadb-3395-4885-9342-9379d59cfa81,5da317c3-c563-43d4-8092-15270f413606,BEV-005,10,812.73
bac4ceaa-1f28-4399-bfa5-3576af87a788,d02a88dc-b80b-4318-af70-a70e45f8b7e2,BEV-002,4,326.35
3f12aa92-39d3-46c9-b8c9-bcfc84a49a59,d02a88dc-b80b-4318-af70-a70e45f8b7e2,BEV-002,4,354.38
968e96ab-238b-4b28-ba29-9f679dd07dff,d02a88dc-b80b-4318-af70-a70e45f8b7e2,JAF-004,2,914.82
8692a2ec-230c-4faf-8fe2-7d5e1e634ae3,f1a8e034-c56f-402c-9587-8e3b6ec30481,BEV-004,8,666.38
07738911-f0b6-45ca-b155-143ce4dcb28c,606b1589-77f4-4635-a44c-3af6052b68b4,BEV-005,9,847.51
f97c1c77-c6bc-4678-b2be-dd30ae5db316,41c294a6-308b-48df-9ab4-655458810335,BEV-005,4,223.25
71a2c77a-6582-4b90-a955-5574e5ffafaa,bd5d3903-6df1-4481-b2c7-f70bd3cb604a,BEV-003,10,993.16
70df8fdc-33c3-4aa7-a99d-cc72194505d8,ea436926-2a70-4255-a9e5-45192a86c8a4,BEV-003,9,264.39
615f9b8f-79c2-417c-be66-0cea17fb9ae8,c4f1dd34-1407-474b-bb4c-3b48ab01361d,BEV-001,8,704.92
909be45b-40f4-4be1-85f1-1d5279264fd4,fc92cb78-e2c4-4cca-869b-cfa0691f7f44,BEV-003,2,614.11
7ca6a7d9-f9eb-4157-8ec3-42d552f417a9,762aecd7-6397-42e6-b320-09af01f1015a,JAF-004,5,574.65
842f41fd-005b-43f9-a37c-0cd4c8a6790f,762aecd7-6397-42e6-b320-09af01f1015a,JAF-005,10,447.15
b9bc261c-bf1f-4f69-b3cd-705c260b4cbd,5ea7d807-d0e2-4562-8767-076a34728496,BEV-001,1,687.64
489bbd76-c921-4234-ac01-2b527475ef22,626e4daa-69dc-4664-a1f7-a8d9cf9369c8,BEV-003,7,410.89
f433477e-a25e-4db7-933f-4280f8d468e7,ed3d37ba-f7d4-471b-bf1f-b7ce387ba926,BEV-005,10,940.42
7ee66f83-0d54-4ae0-90b1-c02f2060513b,997cc9df-6d09-46e9-89cf-466717f53960,JAF-003,4,800.43
01751086-959e-43fb-8dbe-644bae8c81af,997cc9df-6d09-46e9-89cf-466717f53960,JAF-004,7,196.08
164bc163-2da9-4498-a3ce-9326cca7846e,997cc9df-6d09-46e9-89cf-466717f53960,JAF-004,10,939.13
2e5a994c-198e-425b-92c6-2ec383970b88,156448ae-c615-4402-8c33-09f09539624a,BEV-002,5,910.44
61da8642-f9a6-4a24-bfa9-a12eadb96d83,156448ae-c615-4402-8c33-09f09539624a,BEV-003,1,343.96
7beb41ed-0ac2-47dc-8307-c250dd0aa87c,156448ae-c615-4402-8c33-09f09539624a,JAF-004,5,931.35
ffb0e538-68c2-40a9-9234-faf08e2bea64,970cfacb-1586-473a-9784-3c38cd4547b4,BEV-002,8,662.06
6ef85513-e449-4142-aa4f-702145e21a08,ab51bade-217e-4800-8e98-9a299e11ebef,BEV-002,3,429.83
4dd92ea8-d785-4b1f-bf6e-80e3cf96e259,ab51bade-217e-4800-8e98-9a299e11ebef,JAF-003,5,100.31
49995218-6a7d-4a14-86e0-f96e65dac44c,22c5cfdd-7381-480d-8cbf-d7768ed82cf7,BEV-005,9,512.32
8a2a9e56-742a-40bb-bab7-b73b90eefbf3,466ffa96-1bb6-44ac-bd74-cca7bb3e6d12,BEV-005,7,581.13
a9fe5cdb-f465-406f-af3e-2c7ecee69236,3e403d4b-1482-4718-a2a5-f568cf974e27,BEV-004,2,669.79
a1e13198-ddbb-4492-9e75-2ece573d53b7,4449ae18-e466-4896-9f9b-24690588f2de,BEV-002,6,210.36
bb00e1d7-64b0-4bfb-92df-312342a4de6f,4449ae18-e466-4896-9f9b-24690588f2de,BEV-002,6,270.53
6f52af15-6681-4004-a9e2-7efe019cfc9d,4449ae18-e466-4896-9f9b-24690588f2de,JAF-001,2,832.09
24793ff7-4da6-44b3-b53c-4559eb6d0190,94e8fd64-8466-4e7f-9ea3-02b6e5f84bb2,BEV-004,4,568.57
5dec13db-8827-4829-85ba-79e4937d3958,d5e01eea-4187-4a50-805a-22b070e8c09b,BEV-004,8,124.66
7a00f8d8-7e33-4b10-9eb4-38208106d4bf,6fca78d5-12b4-4eb7-80d3-6904057a7b39,BEV-005,2,617.38
f16b4376-0dfb-4d90-885c-0dd4334ceec7,6fca78d5-12b4-4eb7-80d3-6904057a7b39,BEV-003,7,371.66
8e5655ab-cb18-4b5d-a856-03bc7a2bd70f,9f73647b-df76-4aa3-a13f-364abbb5f881,BEV-005,4,699.09
6381bbd1-233f-4906-b8e3-136a9f575884,b6db2a8e-024e-4b5d-a652-7c2d26b65bca,BEV-004,10,829.7
06f5ceb1-189f-4a25-9664-36f1da5667e9,a2a78e28-ccda-4034-af3e-250ae2a35c88,BEV-003,9,311.09
facdd2ce-ee96-40a1-9858-1be40289984c,800e2621-c4c6-4d52-a20c-941d3dae487d,BEV-004,6,516.27
cf8c13ab-c65b-4a1c-9269-b96d0bd3233d,800e2621-c4c6-4d52-a20c-941d3dae487d,BEV-002,3,337.94
9657c29b-f0e9-4401-b099-c44feb661359,800e2621-c4c6-4d52-a20c-941d3dae487d,JAF-003,5,39.56
61f416c2-ba88-44af-9e00-dcd9bb2f1e62,99608142-3305-49da-8d22-291fcb6d0e07,BEV-004,5,601.08
06b4986d-1806-49d3-8003-c1016d06327b,99608142-3305-49da-8d22-291fcb6d0e07,JAF-002,1,90.9
5bf4ccaa-dcfc-402b-ade2-c9ccca6e3b30,99608142-3305-49da-8d22-291fcb6d0e07,JAF-004,7,589.3
0f119661-084e-4759-97ac-293694e2c1e7,c067fe5a-5293-4d7f-9d04-a2f30626bdd0,BEV-005,1,519.9
108aa20f-8958-4c56-9a73-9ed30631d518,25f2a9d0-b4e3-43f5-b2db-869276d38c5a,BEV-004,3,903.18
e9dc0a9e-e316-488d-b826-da7263b7756e,25f2a9d0-b4e3-43f5-b2db-869276d38c5a,BEV-005,10,419.51
927a3259-811a-462b-9f79-eb17a4ae62e4,25f2a9d0-b4e3-43f5-b2db-869276d38c5a,JAF-003,2,458.11
4a053682-48de-4a12-a838-295dcf63e057,c5400973-c1a7-4d66-8a18-a641dda3d41c,BEV-002,10,38.1
03805cba-d5a0-4df3-953e-8be297b24e3b,c5400973-c1a7-4d66-8a18-a641dda3d41c,BEV-003,2,841.62
9b1dd750-760a-437d-85f3-8979422dfab2,c5400973-c1a7-4d66-8a18-a641dda3d41c,JAF-002,10,233.45
1856bea4-ca4d-4b6f-ad04-71ea14be8938,ec2d2223-fd6b-4c39-8af3-0f841f01522c,BEV-001,1,815.96
3d872153-89fb-431a-a406-ba7fd698fdbb,e9898e48-7133-4fe3-af81-2f85f92d163d,BEV-003,7,826.43
33ea5f11-7cbe-4b24-938e-3ef0f732afc9,c814d82a-c2c8-461e-835c-8e479650e8af,BEV-002,7,878.03
a2a227fe-940b-4cb1-aafe-1574c00eb961,9319646f-b24d-435a-a0dd-08172a5a81f7,BEV-005,4,874.31
0f489d52-bbdf-4c13-8391-c1c70372d883,4c288b32-ffcc-443f-909a-70c119047adb,BEV-004,5,679.89
34985003-83ea-499f-be04-f3918098dfff,b90e096e-4101-47d5-be2f-3244cfe4de3e,BEV-001,3,584.4
7a7e5b4f-f642-4a58-bea5-24e26c4b8aff,3fe9868c-6b80-491a-af7a-e111b36a0121,BEV-004,4,447.85
4cec1428-caea-4013-8caf-c15d9f36328f,206760bd-4f21-44e8-9293-94dbe2538ce9,BEV-005,9,813.02
f63c52c9-6385-46b5-82d0-0662b584da94,206760bd-4f21-44e8-9293-94dbe2538ce9,JAF-005,6,98.22
4251fc2e-f7aa-4cb1-9f1a-f6784ed00baa,df13c2cf-e1bb-41e6-b149-694b1093ddbd,BEV-005,5,881.9
f2ac7cc6-147a-41b3-a0c3-e13909b4e5f2,39012dcf-6ab2-4428-ab7b-dd8918a2ebc5,BEV-004,5,458.95
cc0b53cf-00d5-46a9-aa83-b84f572d5c9b,dbfd6ab2-6b8b-479e-b37d-b239a8750017,BEV-002,3,87.9
a214fd85-f847-492b-b4e5-f7ccebfd2426,eb2a1f1d-9a39-4080-9b69-7156c86af3f2,BEV-005,1,942.93
f5724f50-5143-4c78-9f1b-d1c7800dbc47,bcd0e814-967d-486d-b7a1-619eaa2fbdb5,BEV-001,5,661.95
985ff35e-ff63-4cc6-b177-ef054c189e8f,111bc6ac-a36b-4489-b27a-2cf3812726bc,BEV-004,3,830.29
41f871b4-0ec8-4652-9cf7-6025ce377f0c,9994ee22-9554-4c11-b894-ca0524af0a09,BEV-003,7,977.5
6beaed81-4f00-4e17-9097-4071657b65f2,9994ee22-9554-4c11-b894-ca0524af0a09,BEV-001,7,315.07
2950909a-43b3-41ca-8083-850450331fe9,9994ee22-9554-4c11-b894-ca0524af0a09,JAF-004,10,320.59
1dedde1a-42d8-4573-87a5-1dae9179e672,f3aa211d-7abc-4549-ab3c-2460704db645,BEV-005,1,291.88
a5bbbf2f-cce5-4737-ae8d-e43e9a1b0d33,fdc2e3ad-e45b-4e77-9e0d-d136f16a1d9d,BEV-005,8,475.55
dd2062b7-8dd7-4b82-9a79-7fafc0f5f426,62d7644f-6383-4225-8193-b81ed539c0cb,BEV-004,5,984.79
a4f8d643-d2a2-44cc-a024-e44654ff8e21,a2f0b95c-e9b0-4e41-ad35-4726a826cacb,BEV-004,5,611.15
1b6d7f9d-2bae-48b7-85fc-950a0ff87e01,3e109e9b-c0df-43da-b2c0-33085c2b23ef,BEV-002,6,541.81
f28babbd-fb05-471f-857b-1d218a776220,18463e94-d0b7-4e28-b851-3fd1d949bbaf,BEV-001,10,732.88
9dfbaf0f-8a0b-40da-b9ee-e6efdfdacb2a,fd37fc59-40ac-42d3-a158-8889c715f6dd,BEV-003,2,707.77
3f375c74-8b66-4d8b-bc05-639981a7dd6a,fd37fc59-40ac-42d3-a158-8889c715f6dd,JAF-004,7,586.95
688ec917-7c94-485a-b33e-7f6dd3c5c34f,d982553a-f3b6-4ac1-a509-2d049e78730b,BEV-002,1,375.24
f1cd835a-8fae-46ab-a466-b349c0bb1016,d873e885-07df-4b67-a36a-f47132402c4d,BEV-003,1,181.38
db62b16e-ff72-48e6-99c2-73f74cabeaa5,f4759c72-2e55-4f4d-839e-c38cf4d53cfc,BEV-004,8,228.29
8f84a491-c3ae-40fb-85bc-1c9b82a4d519,c4d19dc5-398d-461c-9bc9-0730fade4eae,BEV-004,7,982.23
27a91749-5799-4657-968d-8202ddbbe6e8,e553c2e0-27ef-4014-b877-b4c4b93af8e0,BEV-004,1,719.2
b42c5e61-d713-491b-9bf5-28c3ad5263f8,5166fd2f-61da-48df-9e32-3d9ba236a096,BEV-003,4,284.42
34da3745-6a7e-4c87-84bb-1652573e7dc9,1139a5c2-6f03-4bbc-9494-55263347505c,BEV-005,6,118.58
c8586dce-38e4-4b29-b0de-bd081c0b2241,17980e8c-dd74-4e49-8df6-50b60ebab599,BEV-005,5,52.67
f683bbfc-cebb-4434-ac87-6c231e6f03f8,b27bfabf-c693-4f2d-8956-24a6044dae6d,BEV-001,7,807.32
e992276a-6c91-4d55-9aeb-341509b7afc7,560a211a-2ed1-4edb-b6f3-d37f5dab071c,BEV-001,1,212.73
b4203d8a-50f4-457b-9d62-577d2f97ef42,f592e00a-15f5-4731-8298-f21770925fb3,BEV-005,8,542.96
c5f4c29f-97b4-475a-8858-fc7521868bb6,7ee0fecb-e7a0-414b-8eb5-685be465d450,BEV-003,4,418.17
8563d728-c965-4f3c-b947-2a8d57c5e61d,42eac3aa-065e-4589-87f0-20ddcfb7ea11,BEV-003,4,545.14
b3948752-ff3f-4a6a-a84d-c84d1b49a991,1c535003-246f-4584-bee0-39ce34aa7ceb,BEV-001,1,866.48
62171625-2023-4ff5-84f0-8521d13c752b,79d971e6-8097-40f6-9995-291cd51aec57,BEV-003,1,894.32
ec51e56d-6b5d-4781-849a-85f4f76813d1,b558234d-7224-497d-8fb7-88428f18a7ce,BEV-003,9,399.82
1442b4e2-faf1-487d-b02b-6bd3cc374da7,371df3e0-be19-4141-8b0c-01a4acd3c9c6,BEV-004,4,271.9
5af9bc9c-d94a-4964-a86f-0cda4445902c,50ad6304-6868-42d1-82f4-29f787bfb27d,BEV-003,6,208.52
3679a3d7-33a1-4cc0-b19b-cee8390fd277,4a088b9d-dfff-49a0-92dd-207b84da1c21,BEV-003,7,665.7
6a3aed60-15c8-4d6f-8af9-237ad86106ba,d0983e03-81f6-4ef1-8734-53cc8374307f,BEV-004,5,429.29
3fd1092a-e063-423a-8986-17ba005404b7,3e925f71-8256-44a5-8258-29cc6aac4b52,BEV-001,10,463.87
552e0ace-dd45-4781-b4e9-3d5ab0093e60,666a26bf-59b4-4423-ae5e-b1ac38f089ca,BEV-003,10,892.38
532abbe1-3399-4f02-9055-2c0300c44f20,666a26bf-59b4-4423-ae5e-b1ac38f089ca,JAF-002,7,451.09
26af44d4-3a09-41e2-818d-03bfd0283bb9,30bc2f07-e878-4871-b22a-0d4003443193,BEV-004,2,456.23
47838a3e-4d3e-410f-a040-81e1f0022114,b2c115ff-8feb-4396-98a1-cc6f3d61594d,BEV-001,4,25.99
b5e6f47a-92b0-4e25-b5cd-229c63846f5f,b60c7905-f458-40ae-bd16-bad95dcc5b87,BEV-002,10,610.56
1ebcfd7b-5b40-4368-b737-73ed2b976c3d,745d8d2e-e2f4-4475-b38d-442cd187ffd7,BEV-003,10,17.39
537fbe98-3f41-4d48-b57b-c163234f8c9e,745d8d2e-e2f4-4475-b38d-442cd187ffd7,BEV-001,4,909.63
ca07b357-5b13-4db1-8b17-a17719523056,1897dd13-050a-4e04-863f-0e088339c565,BEV-005,3,379.61
9c7c38ff-fc59-44b9-8d44-1f085142ab92,0e6e4d67-b42c-4e1f-8e15-af7d67e9c8e4,BEV-004,5,764.97
43c863d9-307c-42e1-a64f-b55c741f2cae,297f10f9-ab68-4cc9-bc8a-18a70d832fc4,BEV-004,1,769.64
11b767a5-5b9e-41fc-a25f-545f21e1dcac,b241aa46-94e3-447c-9981-fb3907ee70d2,BEV-003,9,41.25
f80c3363-605d-4710-a43f-660138a7c481,b241aa46-94e3-447c-9981-fb3907ee70d2,BEV-001,9,506.23
b4537fa9-22de-4be8-83f9-fa59f1dcb0db,78287661-4a87-40a7-ac72-c116c4bc6a92,BEV-002,3,200.28
72ab1b27-b76a-4c99-a9ca-cb9acb565d2d,78287661-4a87-40a7-ac72-c116c4bc6a92,BEV-003,2,297.0
b93d767c-76ce-4e36-9452-8d9a5150cc7a,537d0485-741a-4868-a95a-80ab4794cc29,BEV-004,7,964.33
de3c284e-c2f8-41ee-808e-912e96bc6d69,537d0485-741a-4868-a95a-80ab4794cc29,JAF-003,8,102.66
88cbd370-d2b2-41f2-bc01-102315e47a9c,4ca4347b-44cc-42e9-82a8-9c70f4ddc794,BEV-005,8,67.11
1ee9a128-aca1-487d-89a4-3de627bb269e,5e967458-4f49-47bc-8cf0-feb0cb6241b6,BEV-004,8,700.9
4564225f-5539-43ba-9859-34b292dc359e,f169fb0c-eb33-4743-b15f-64d805c50d95,BEV-003,4,792.12
01663c6c-f717-4501-937d-afcd5abd7ad7,48585229-514b-445f-b21b-1562d6f83e3f,BEV-001,2,91.53
4b2c1ce1-3da5-44b1-984e-36e4e3426ec6,3f54387a-63ca-4c91-8097-909fc03581c5,BEV-003,6,582.06
8d055360-3016-4615-ba15-fed1ab153906,e915ab0e-56dc-49ba-a825-4f3eb08fc2ea,BEV-004,10,896.73
f9db4dd1-1578-4bfa-97d6-b3587b11578a,97f7034b-0e16-4218-8d99-6c1d4419ce17,BEV-004,1,841.4
fab916fb-4b6e-4bd2-8b24-d51375f2c5d1,97f7034b-0e16-4218-8d99-6c1d4419ce17,JAF-002,3,47.84
8edbcec0-cf7a-4176-a479-e8e85ce2bcc9,be39aa4c-65cb-41d1-8c52-f8c31ba3c621,BEV-003,7,12.94
5e88c899-a2ad-47ee-8274-ca036f5a808c,2921b55b-19bf-4b34-94d0-7c8e21a33a6c,BEV-005,8,126.61
2b53dc49-2d24-41df-88a7-ccd19c71ebba,2921b55b-19bf-4b34-94d0-7c8e21a33a6c,BEV-004,5,961.37
85fe5999-825b-4dfe-badd-16266b3e8195,2921b55b-19bf-4b34-94d0-7c8e21a33a6c,JAF-002,6,229.54
9cd1162b-fa4f-4026-b070-3607ecf00f36,700d54db-d303-46b8-b2f5-62ef000e97ee,BEV-004,1,307.91
9e1ffa7b-305b-4747-b495-fdf6cc887c64,9c118bef-7da6-468b-9a7c-896528c3d136,BEV-005,10,502.8
81349799-63ff-41a9-ad72-32f1a6935351,e9a2d2a1-d854-4605-9739-65619f9bc580,BEV-001,6,38.12
8fcf372e-f159-442b-93da-2db8f7d5aa96,ea3bd261-3ed5-4a4d-8a96-a026b33a23fa,BEV-004,2,264.16
00e0517f-c528-46b8-b933-a8aabf75a8cb,864ea873-8ab4-4285-8282-b1a29db84a9e,BEV-001,4,464.16
7d82468d-a8d2-4192-a8c1-91c15cb69ee8,673f818a-5a89-43ea-ba7f-5ba1771ec247,BEV-005,9,924.83
1f5d512f-8419-4c25-9782-aab087e117e6,72df8ec2-2f68-444d-b39d-bd00e84f9d74,BEV-004,9,648.97
3422f7fb-1267-4f7b-8559-3b0ef002dcb4,aaa1bb50-5153-4252-8402-792be94ee631,BEV-001,1,447.38
1b4cdad9-3898-4020-bc6c-6525019116f7,80d0499f-cc35-41f4-92a0-c247fc828235,BEV-003,10,37.16
80a3b687-c5f6-49e2-82bf-ab58048ae500,4bfa19be-cbcc-4db9-b01a-d70f099c6992,BEV-002,5,837.49
5b54278e-e85b-441f-8a04-719f0040efa0,4bfa19be-cbcc-4db9-b01a-d70f099c6992,BEV-005,4,329.13
8a4824a2-6ffc-48c1-bf55-a12eda7df9e6,4bfa19be-cbcc-4db9-b01a-d70f099c6992,JAF-003,7,576.16
2db889a5-3673-4d66-9a17-7f45904787de,4bfa19be-cbcc-4db9-b01a-d70f099c6992,JAF-003,5,953.03
df3797a5-6a01-4a6f-afcf-afa52c68646a,a2328e97-ea51-47c6-b0c5-e4563303a6c0,BEV-005,10,835.41
633eef99-c4d8-4bd4-9821-448efe3cc6cc,abb44af0-fd57-46fd-8674-96b3b3630411,BEV-003,2,832.55
f6dbb117-8898-41e6-a795-191a8feb9874,522d0697-0daa-4040-922a-dd6865ffdfcc,BEV-002,1,45.4
1675e881-be97-47d9-a3a6-4c8c7a1b15bb,522d0697-0daa-4040-922a-dd6865ffdfcc,JAF-002,8,786.55
6a9f6611-20e0-4715-9dce-23cb58125700,082786f7-da4e-4c01-97d6-dad827e6ca3d,BEV-002,7,348.15
8d295c37-ba59-4816-a602-ec56eb829d40,a1a7ca4d-979e-4f5e-9ac4-bfaf87b20d53,BEV-004,5,527.88
79c05e9d-968d-41b9-8673-25c76bdaf429,4905c0c6-b3d9-40b2-9a0a-8e06413129ae,BEV-003,6,98.68
1511d0c0-7386-4983-9a4d-16df57d05e21,4905c0c6-b3d9-40b2-9a0a-8e06413129ae,JAF-005,6,964.49
7ab8bee5-4add-4533-9425-31cd0a46cf5c,9b537740-6245-40eb-8239-16e0efeaa2c2,BEV-002,9,891.92
4fa13566-de1a-4384-b14d-a401ba44d586,7e9eeb3a-2827-4f93-b186-c75b671528e0,BEV-001,2,950.12
6fc0b20b-dd3f-464c-8bdd-48b1d8fe547e,80e5c30f-2bb9-4355-b13c-fdaf11eb354d,BEV-002,1,87.58
f1642df6-846e-4a0b-9afa-476f4ce95985,0fccfd9c-a7b1-4309-b805-df6ce3124a26,BEV-002,5,989.6
4e19cb6f-b47b-428d-903f-f76b422f56a4,a9efd422-37dd-4b67-93a1-ad5323e82276,BEV-003,2,760.05
bba422fb-ab05-4b85-aa75-5936ec144623,a9efd422-37dd-4b67-93a1-ad5323e82276,BEV-005,2,538.15
95d1fcdd-6295-4be2-9b7b-c59afe8da55d,67ee7e4f-a44c-4ef7-8157-3e4da5a27a6e,BEV-003,8,446.03
fe30e0c3-47e7-4c99-ac03-e2a5ea40a083,19b02fab-e56a-413d-9fdb-a7256a2d260f,BEV-001,4,654.93
e2f0e6dd-b4b4-4276-b41d-1d3fcdc8dfed,565097de-04f3-41d8-a967-5fe51fe9965c,BEV-001,6,119.17
24961d2e-42e3-482f-bbc7-e3150ba10cde,4dc178cb-cde1-4ec3-b176-fa6fc41e4db4,BEV-001,1,388.78
8131833f-6af8-4a32-bf28-46bf17539b40,04af7429-f936-4ee7-b203-0ce68a674474,BEV-001,3,223.61
175a3b97-9f74-4bab-9510-468dc537684f,04af7429-f936-4ee7-b203-0ce68a674474,BEV-002,3,672.69
be371ac5-b07e-42a4-820d-6b83d1ac393e,04af7429-f936-4ee7-b203-0ce68a674474,BEV-002,1,392.18
6f9fc0c9-2390-46fc-a4a4-bd9a7ba81b9e,04af7429-f936-4ee7-b203-0ce68a674474,JAF-002,4,409.88
f2cd7efd-cea4-4460-a9f2-9faba0f29191,bef5f35f-7ed0-4848-96d8-ca4672bba651,BEV-003,10,13.2
36889d63-5822-411b-97de-33f1b73cd383,6eca8484-7ff2-4af1-adf9-4b6288566855,BEV-002,2,333.21
deddb34b-fde2-4a10-960b-f6c1a8efa62c,3ddcd9ad-3c48-402c-9e7f-165bfb6a9974,BEV-005,10,40.13
de7df3f7-d6d6-46d6-9f75-c678cbd079fb,1ff4a39f-2f98-4141-b322-223beaffd6d9,BEV-003,1,550.59
40109a3e-9ff3-4afa-a47a-1c98d491fc71,e9c003c7-db93-4a20-93d4-cee3d64a5f02,BEV-004,5,839.27
44cf6764-bda5-4948-82f9-439b7839cb55,a0e6b8ea-f3e4-4e3c-aedf-545b2da0cfa9,BEV-004,2,424.59
777346e5-1bed-413b-bd5a-b5b526b4e6d5,a0e6b8ea-f3e4-4e3c-aedf-545b2da0cfa9,BEV-002,5,998.45
2717452f-e354-4a45-a857-895bbbbcfd8c,a0e6b8ea-f3e4-4e3c-aedf-545b2da0cfa9,JAF-001,9,446.44
8155643e-a0bd-4b31-9d50-22ccdbbf64db,78bee372-d8e2-430c-b5b7-c9f8696025b1,BEV-001,10,337.4
bd03e5ac-05a9-4a4a-a7a2-9f7b767447fc,ae640a5e-a913-4241-a83d-8d03e9a22262,BEV-003,6,94.18
edb87ee3-9739-4082-89a9-9117a018939f,3f3502a9-aec5-40b1-b72b-2a4950973ffe,BEV-001,7,602.09
a7da8272-fc36-4647-9b8f-4a219e5e811d,12904691-e7d5-4770-903c-fef74f246fed,BEV-001,9,284.93
0cfb9a80-8af0-4cac-8c5c-e8f1b392dfbd,d6785e3e-f0fd-4c2f-a98f-a503241a84df,BEV-002,10,549.5
125f0027-8a44-4e02-914c-575cd1f99f11,5831ac45-0866-422f-b635-e25ef873920c,BEV-001,3,191.69
86c46014-6dbc-406d-965a-85d50c937910,6bade8a8-74dc-4faa-bc8f-90d61d02275c,BEV-004,5,637.5
ef39107b-568b-467e-a17d-c02d938df862,f2f0cdb9-cf0c-40c4-ab95-fcab8dd482d1,BEV-005,7,761.87
8abbf368-065c-428b-b284-423dd0eb4c81,76c004f2-d2a3-4bba-a5cb-2072dbc2a5a6,BEV-003,4,748.74
43231d65-ab6f-4764-96b1-ef6336a981b5,76c004f2-d2a3-4bba-a5cb-2072dbc2a5a6,BEV-001,5,931.1
ed3539b2-6309-48cb-b228-fe884cb2bb36,76c004f2-d2a3-4bba-a5cb-2072dbc2a5a6,BEV-003,4,422.63
5d8ac3d5-622a-4d02-95d6-54ed94f74457,76c004f2-d2a3-4bba-a5cb-2072dbc2a5a6,JAF-001,4,19.37
cc9474cc-9387-43d5-8157-89d4f89d6d1d,76c004f2-d2a3-4bba-a5cb-2072dbc2a5a6,JAF-004,1,370.77
e6e3c8ef-74a3-4acf-86f5-764276e51f71,52da3345-732d-4930-b10f-8a2b2c429cac,BEV-003,1,301.45
33b7421b-b339-48b8-9931-6893cbaad0f3,ded634e0-3224-4a95-b259-543b644c6a43,BEV-001,7,367.54
5934e9b6-67a8-4bda-824c-a53c6f35e051,8c21470f-ee79-4fa2-918b-20e61af88ceb,BEV-005,1,629.98
f4128986-2c72-400c-b9bd-fcba774ac0db,8c21470f-ee79-4fa2-918b-20e61af88ceb,JAF-002,9,939.28
065d2d4a-d933-436d-9c4a-5a7822985c9d,d891a207-1b25-4f88-bf9d-5471c61eb5c7,BEV-001,2,147.97
8389cced-8897-48d3-b50b-cac005b242b8,d891a207-1b25-4f88-bf9d-5471c61eb5c7,BEV-004,5,995.52
09f0a247-db27-4882-b82f-d7fe5b18030e,d891a207-1b25-4f88-bf9d-5471c61eb5c7,JAF-004,6,495.81
2aee3649-f3ec-437d-90be-1d6f041aa141,58168adb-b5c0-4b35-b103-b59231c0b7a9,BEV-003,5,705.41
6ffc6b9e-0493-4536-924f-bb3fc9872d73,f742c585-9ce6-4030-a588-50689b9957ab,BEV-002,1,245.71
05b09a42-5d28-458e-adf5-0b52e5e49188,f742c585-9ce6-4030-a588-50689b9957ab,BEV-003,2,105.92
6bfbe776-467c-4185-b5e2-f0255ecda80c,c3b5f098-13f3-432b-ab1b-836ee983852f,BEV-001,8,968.93
a7efdc1f-8cf4-44c3-9dcd-ac5ed995e36b,c3b5f098-13f3-432b-ab1b-836ee983852f,BEV-003,9,610.39
05eb2c47-bc36-44e2-8d0d-aeb5703ce502,c3b5f098-13f3-432b-ab1b-836ee983852f,BEV-003,7,968.89
4c0cdca6-0dae-4eb8-a11c-73f60cb5b0b9,c3b5f098-13f3-432b-ab1b-836ee983852f,JAF-003,6,766.99
8363b154-e00b-4816-9a2a-679510ed564a,96378cd3-fc2d-4c84-9c86-2bee838ab4b1,BEV-004,6,414.63
5d1ae8a1-481b-4605-a6a4-ce774e2968fc,dc413d8f-7d24-4886-8e50-fa13795cc0ab,BEV-005,9,706.27
07196ad7-b0ea-4b53-9979-a42cbd310f3e,6fe319d8-ad8f-4da8-8d29-f9d9cb18390c,BEV-001,3,422.92
4899d4e8-e99a-4827-a835-9830498d6757,6fe319d8-ad8f-4da8-8d29-f9d9cb18390c,BEV-004,5,213.18
a29d801a-e304-4d7a-a5f5-82dee68e9eba,6fe319d8-ad8f-4da8-8d29-f9d9cb18390c,BEV-005,3,789.02
86a143aa-ff22-4d62-bea6-852410d2f012,6fe319d8-ad8f-4da8-8d29-f9d9cb18390c,JAF-003,7,551.36
bd33ea76-f092-4b29-8de5-01574d309fca,6fe319d8-ad8f-4da8-8d29-f9d9cb18390c,JAF-004,6,323.84
c754313c-6360-44d7-8ba6-c3777303d827,6fe319d8-ad8f-4da8-8d29-f9d9cb18390c,JAF-002,2,600.77
52fc00b5-dfc0-47a7-8c19-44dc9a7870e6,b8a33df9-0e0a-41f9-a719-53a16c6ee516,BEV-003,3,984.51
426d4d09-ee5f-4c6f-8bff-9c14a10f430e,57d8ddbc-7d4a-499e-b3b3-4109d6b87b29,BEV-002,4,416.89
c00a46df-04e8-4191-a82b-fb6a0594e54d,b256401e-b5f6-4b36-992e-b23f59adce3e,BEV-001,10,119.63
9874d55a-2f79-4c77-94ca-8ca2a93de2f4,ced7fa58-4278-4f75-a90a-1e323cde9d91,BEV-003,3,701.4
b9cc5c67-6797-4657-87ab-4115ada0cd5f,cab865f8-f7a6-4c38-b581-7ff45ec45216,BEV-004,9,28.91
1a782c00-cd9f-4e35-afbc-a35454976ef3,634924bc-074d-4150-93ee-5052abb501eb,BEV-005,1,289.73
40ef15b7-ac81-4cce-9b6b-0dd06c98af56,713371d3-1a9c-42a4-8162-ae973f055ae8,BEV-002,10,713.92
b59eb9be-baa3-4604-a243-69c91cef719b,4ad22c3a-efbb-457f-8e49-2f251a2b62b9,BEV-004,4,340.51
47974f68-2fe6-40bc-8073-21d3f9f0198b,cbac444c-601e-463d-b5b8-374a8f77b82e,BEV-001,9,986.97
ab89d5a1-2a5f-4cb2-aae7-185f92b73217,d60529e6-8433-43b4-bd71-645d4f7dd0ff,BEV-001,5,319.17
19424e43-e38e-44e8-8e85-9ea0fcb03822,56e378d2-e30d-478f-a63a-ece6a4bb3831,BEV-002,4,645.45
9efbd5b0-7832-4f72-8288-9458366bdf1a,e0245ce6-a984-4c11-bd5e-f3000ba8a9a4,BEV-005,9,40.11
9d68e3ae-d0e9-48df-9e49-36ad5f5cbeae,e0245ce6-a984-4c11-bd5e-f3000ba8a9a4,JAF-003,3,810.55
d83cbfac-52dc-4ce1-bda9-4396045f0143,1af4b6a4-1b69-4414-86d4-915f8b50a5c8,BEV-002,8,243.63
838b4a6e-626d-4341-adb0-5607c6e73d44,311bc818-d560-4fe3-abae-31e83d63b592,BEV-002,6,140.24
cab186a4-354e-4648-adc6-9363e2ceebe9,152b30d1-846d-403f-b498-c92f74070e37,BEV-004,10,516.61
2712f6fc-2691-45b8-9c76-e34d00b0bc8c,848cc4ce-b6ed-448f-8f78-cef4ee304e37,BEV-004,2,566.56
5ba10d90-3fe9-4466-8d07-97a5e8981360,848cc4ce-b6ed-448f-8f78-cef4ee304e37,JAF-003,4,929.09
eff7ec0d-f46e-4316-aa73-c4268fe9994d,64c30254-81ee-4331-8296-bd3aab6e8f6a,BEV-005,5,921.52
3799bd0e-7124-4385-9344-2589a62d8958,245754ac-3283-4139-8550-809a37eadd84,BEV-002,1,402.15
2beee7dd-102b-4e33-9ca6-2a1f1452dca8,4fac3519-e316-47cd-9d39-eeee03ae25d6,BEV-005,2,759.97
6017bfe8-1de6-478a-8636-4c51fa0a728c,405b110e-0fad-4be2-bf00-02f82df181fa,BEV-002,5,608.97
1f27686e-4326-4183-9426-3f4738dde1a2,9397cb27-f12a-4b9c-b61f-b375d9b1f82a,BEV-001,10,46.89
d373b319-d860-4dc5-95a2-bd0a019041e2,d24dd1a9-81e2-44b8-8cdd-df59792d0151,BEV-005,9,679.16
1ffade16-374d-41dc-9808-576686828f1c,6af026f9-0c37-445e-8157-fd0fa0d467ee,BEV-004,1,560.25
abef4c19-95b2-4bbc-89d8-26490374f1aa,e4748e32-ce73-4902-ae33-e1f2e738f5f7,BEV-005,9,722.6
5f4b86fc-2cf7-428c-93ab-2800b397ffcf,e4748e32-ce73-4902-ae33-e1f2e738f5f7,JAF-001,1,664.56
6e0f126f-bb48-4051-a911-d8171427c416,2efea1c8-de1c-42f7-8386-ec39e19ab698,BEV-003,3,302.1
8f5c9b88-5b96-4a74-b586-edecaf3ed8b7,b14e8947-ee21-44fe-a8f7-f214ec693e1d,BEV-004,10,892.88
90f4b54b-0906-412b-8352-e15b0252c7eb,1d00352f-0bb6-4668-a9b2-36e9e5ba4c0f,BEV-003,1,949.24
ca52dcfc-bf7a-4d99-91be-969c8c162059,c1d3232b-4ad3-4fd6-b49a-e30466a74d7c,BEV-002,1,177.55
af4767da-ca0d-481c-b5dd-fb03662a1f14,3fbd4707-b40a-469f-943c-b298e79d9978,BEV-003,3,617.35
aea152a2-5862-4f04-b029-9db6044aab9d,711e6ce9-4e70-4a07-9279-fd3ca001a2db,BEV-004,9,912.94
97d85b13-9695-4753-b36a-e05009f86748,20fa3bdf-9dae-4567-b4d7-c66cffabeb30,BEV-002,7,701.15
2042fda6-f8d3-4ffd-8187-fc668abf3030,0c899e9b-e5e3-4d15-97e3-ca18edd649ae,BEV-005,7,478.63
90458983-96a2-472c-9e32-08af9efe07af,ce6cacc7-fe46-468c-8179-011d45f3713a,BEV-004,6,722.69
f7b0ff82-a181-47f4-90c6-941ae2c0c51b,d9b65e5e-d6c0-4a71-b391-c611666fb105,BEV-001,9,483.84
b681928b-c9cb-403e-bf09-50a6e3dad23e,4e903de6-2926-4e19-953f-708e395d45f1,BEV-002,5,528.01
72db373e-2f8b-4a66-83c9-accf4d056a14,4e903de6-2926-4e19-953f-708e395d45f1,BEV-005,4,548.48
f7f8558c-384d-4b36-a5e9-4cb25def0ca2,4e903de6-2926-4e19-953f-708e395d45f1,JAF-002,3,969.95
389958f4-7009-4705-9d52-2ad8496d4531,4e903de6-2926-4e19-953f-708e395d45f1,JAF-001,6,10.97
37a69e3a-151b-4703-a4b5-d1a36ea6abf6,4e903de6-2926-4e19-953f-708e395d45f1,JAF-001,9,859.03
a481a1ee-33a8-481b-ae8a-c3a895ff771c,34c72bff-f4c4-4751-b828-aff78dab8322,BEV-001,3,385.95
965027f1-d997-49c2-aeac-059ad5430928,51862178-9460-43a2-8503-7a907a18e40a,BEV-004,6,810.63
01236af1-a0dd-45db-840b-a6b27116ac2b,51862178-9460-43a2-8503-7a907a18e40a,JAF-003,1,128.45
a2d0f722-9970-4c43-b6f6-fd146544d199,d03803ea-02cb-4615-aabb-17340b23bd13,BEV-004,3,431.88
476527b3-bcf5-485d-85e3-25d372de8231,a334f826-a8fb-4845-9209-082c7ff4346c,BEV-003,10,386.26
0efd09e1-46a1-4b3f-b82f-70f81a0e525a,9cee254a-093f-48d9-9438-c22c75981a15,BEV-005,1,514.51
19f3f673-68f0-4ee5-8daf-adad01881309,a3a61dc8-458e-4d62-b68f-7d181eb16abc,BEV-001,7,560.02
8ee666d4-7607-4cb1-b0e9-5680a53cc478,fc5a37f3-8265-49a5-a9b2-3e9ec701b9c4,BEV-004,4,236.22
ba51d180-586e-483d-b184-9e880dd9cf9c,0a647378-ef4a-4d76-8bfb-bfa3e832360b,BEV-003,2,563.61
4baef8e0-1216-486a-b5cf-273686b2587f,0a647378-ef4a-4d76-8bfb-bfa3e832360b,BEV-003,2,148.19
00c06616-0b18-4528-ad29-d534c6253253,1b415ff0-8573-490f-8e14-a2a0181907e4,BEV-004,5,120.56
1c449a30-d4ec-4c9b-bfdc-1b7a13e9989a,6c82b204-7735-4a14-9f6d-c31046cf1300,BEV-002,6,89.82
69e301c4-508e-41e2-92dd-f966525eb6c2,fa9864fd-b716-4e7f-b8b9-2975a6054723,BEV-003,5,526.71
852c4a6d-f29e-40fc-9014-f4bc349ffe36,21a93fcc-4ebb-44d5-8b27-8a5f31900e78,BEV-003,9,307.97
f93cacb1-7bb4-4667-989a-95291b53bc7a,ddd275c8-d93d-4f90-b1fc-e445a76ad33f,BEV-005,10,564.23
904171ef-a960-4581-a59c-621cba43855c,afa3a9a9-07a2-44c9-9d99-7cf947aa9571,BEV-004,4,134.45
f1787b04-b694-4be3-95b2-eae654a9695e,3375e04b-f197-4078-96af-bd0445c29ec8,BEV-001,5,921.63
733a1ae8-7c90-4d94-aef4-438501bb2ed1,7c9f69c5-f521-4f61-9133-b576d44f9673,BEV-001,8,810.86
088a25c0-6819-410b-bc55-85f6d2ba9c1d,9d248fbc-4523-4168-bf8d-85f682f268f2,BEV-004,8,752.25
12cf8ede-3633-4065-bc2d-f2c17096a6bb,5a7993a5-401f-49d7-9a4e-496b94ce6817,BEV-001,9,682.42
75f6499d-5702-4a14-a263-907f260cd6cb,48747d43-468f-4d50-a794-7474ee33a8f6,BEV-002,1,878.59
20ce6cf0-ed27-48ef-924b-5aaa2fcc74e8,caa7e45d-89b6-4b7e-ac36-98119c204625,BEV-005,1,803.66
18281f6e-e807-42c0-b1e7-ec60f51d31be,cc0b03da-5474-47dc-af9c-297e1de48f75,BEV-001,5,422.71
e75864bb-04d9-4fc6-b37f-374760cba9cc,7b9b5299-f6c2-40d3-9114-5a064f0f0e93,BEV-004,8,676.96
f9cfe1cf-b25e-4e08-a319-30d347a2e7cf,dd41a407-97d2-4d82-b044-5fa77f350246,BEV-003,5,986.93
14aa7a5a-e24f-42af-b207-f7164c8b650c,dd41a407-97d2-4d82-b044-5fa77f350246,JAF-003,4,822.63
580734b7-fd41-4535-b133-93ee6db830a0,4d144f00-fb20-4c99-b66b-299bc963bb5d,BEV-004,9,69.89
e2407c1f-0aa1-4b6c-b289-ca6afe236371,2b8a4a0d-56b1-427c-b60b-c48f2a7e9b65,BEV-003,8,927.17
d1904f17-8fd0-4c84-bd07-dea12c010362,b19f77e4-d3ad-4a5b-83ad-fe2163327125,BEV-005,8,248.89
2e574cbe-ba5c-44c0-92db-e49069f4a084,326a6a19-24f3-4c73-bd96-76fc780c6962,BEV-002,8,688.0
b3feb04a-ee40-490d-ab68-2370d3e79ac2,c4cbba92-c9d2-400e-b705-3fe3833fd713,BEV-005,10,333.12
47850438-f25c-4e5f-ae5a-31aadb40d753,dd5fcf18-93df-4dc5-b527-10374ba635da,BEV-003,4,328.97
bb5f5685-dc26-4fbf-9efc-af784c026884,781a3cc8-d584-4900-a5f3-f05106905fb3,BEV-001,9,961.17
85d6da67-54b6-4144-913d-fe328cfd11f4,f91cf718-412a-49af-8742-eb44fa1b0405,BEV-003,4,951.84
2f3ac9ea-9856-4e59-8dda-7e46978987da,dbfabd87-6779-490e-b517-2e5989254c18,BEV-003,9,298.02
0bf7d224-7d02-4c51-b31a-f9e00544af88,dbfabd87-6779-490e-b517-2e5989254c18,BEV-002,10,107.23
069580c7-bbeb-49e5-93e1-845dfb9d0b7b,dbfabd87-6779-490e-b517-2e5989254c18,JAF-003,3,460.0
9ed93d83-2b46-4cbc-8fa4-4052b422335e,52c11a73-fc73-45aa-9cc9-65aafaab4619,BEV-002,1,994.82
580f2227-43af-4acb-8325-a5d2163485fc,42ddbd91-cde2-49dd-8c35-66c0546f47fa,BEV-003,10,410.66
a1b6eaa7-d979-4ea2-8609-47846549b003,b8a03887-7da4-4707-8d90-1c9754cfee69,BEV-003,7,65.54
1ec095ff-4993-4e72-82dc-17a4284d6972,ad09b8f2-2eb5-4b46-8152-9d2326c19a7b,BEV-001,2,39.65
14c99f4d-6efb-46ea-90c4-c92c18eb4c62,b01bb472-da37-4092-9c25-95614b476af3,BEV-003,7,36.6
5d8454ca-1887-46a4-9802-98be7da17464,1c730b6a-520d-4f58-a34f-4a33eb79b41a,BEV-005,8,819.61
b759be7a-047f-48c1-ba3f-7d8c81901663,1c730b6a-520d-4f58-a34f-4a33eb79b41a,JAF-002,2,434.48
cbaabd75-e11d-4077-b8c0-3e6badda99f6,225647e5-d40d-4b49-a8e8-72a2b610fff6,BEV-004,5,538.29
f52c1f9f-29dd-4a16-ba45-a9494700a2da,ce06e81c-1812-471e-821f-ba9c7cea9e76,BEV-002,6,181.37
07e2e750-a2a0-4c7a-92e7-89bbc9202181,087b3758-5100-42e8-8fbd-28b100866a66,BEV-005,7,303.02
c162d6dd-0d7b-415c-b81e-c980723ca884,087b3758-5100-42e8-8fbd-28b100866a66,JAF-001,7,976.46
f04eddf2-2fc1-47aa-b607-0dad32dfd009,aab97efe-83c3-4867-badd-59377471975c,BEV-003,6,176.51
bae1ad01-fafd-44b4-bb45-badddd16b1ee,10db9688-26dd-43f8-9576-733fd0fda7b1,JAF-002,4,398.8
0b2cd36c-4ac0-400a-8530-b248d4f0779e,d123c1c5-e57a-4192-b30d-5be76e3fc171,BEV-003,1,115.23
129faaf7-41f1-45e4-89de-22e4c126e813,0b22ff4c-fb0f-44ef-a13a-5fe4bed9d3ad,BEV-003,1,499.88
6bccd47c-ef7b-4fa1-95f5-b221eff90e86,0b22ff4c-fb0f-44ef-a13a-5fe4bed9d3ad,BEV-002,3,672.13
574ca949-08d5-4e1b-be04-2629b7f8d1e1,172682ee-3b8c-4b31-b7ca-659ce200d9d6,BEV-003,6,387.31
b9bf88ae-f1c7-4be5-88ba-be7a425729e0,38e68aa5-14e3-4778-ab2d-d8c80a8ea023,BEV-003,2,514.33
dd5428e7-f987-4c16-bd76-379be1ce6e4e,38e68aa5-14e3-4778-ab2d-d8c80a8ea023,BEV-001,8,998.78
fce5441e-dfee-4594-bc38-8375b5be84b6,e8a7eb57-6457-4312-8ceb-a5c11cf556a5,BEV-001,9,374.89
2bbfe405-371f-456a-8186-4253a97f3c25,43e57858-7050-41b2-8138-c051e242c285,BEV-002,4,848.74
763923fe-146e-4257-8a5f-83f9fdd0768c,22ecf0a4-d057-4bda-b838-b58ca6c11205,BEV-002,3,438.98
c4b581ef-ae06-47b3-9296-9aa7be6ad349,d55cf223-2242-47e2-b33e-ad5bf2441d7d,BEV-001,9,879.81
df274087-d368-4fc5-b972-6ac58ae35330,d55cf223-2242-47e2-b33e-ad5bf2441d7d,JAF-004,8,122.95
6a538ba0-c6a6-4bd1-99dd-a0599101619f,2ef5091a-75ee-448e-b801-55c17907978e,BEV-001,4,119.47
c426973e-a0c3-483a-994b-035390c638ca,92cf89e1-38b0-470a-9a8c-732af97bb655,BEV-004,8,594.46
19af7c5c-8436-43d8-a227-691e64556006,92cf89e1-38b0-470a-9a8c-732af97bb655,BEV-004,5,801.02
a419ff8e-b5b0-478f-993a-63c6d62801a0,92cf89e1-38b0-470a-9a8c-732af97bb655,JAF-005,3,961.89
d63627e0-21b5-488b-bc57-0557dbcae590,92cf89e1-38b0-470a-9a8c-732af97bb655,JAF-005,8,481.05
c8ed202f-003e-4793-8fc0-134e2a25e848,926301c8-eda7-4492-ae2b-1f3301e7bcb2,BEV-004,1,122.28
18144cb9-36d5-4d98-8f1b-3c5846ef01fb,bb0b8ef8-6a31-4a42-8ddf-9d01d89d2c31,BEV-003,5,116.64
8e4b5dff-058d-40bb-803e-535eddd5c0ac,95497cb0-b232-41d3-b18e-ae0499e64ed2,BEV-002,5,381.85
d8a4cfde-2314-4607-8c1c-a93fa560ed96,8653b637-b7e5-4e34-a4bd-74d1438713df,BEV-004,1,721.08
3d7202c2-10e5-42f3-9579-d3e742b0adf6,8653b637-b7e5-4e34-a4bd-74d1438713df,JAF-002,5,970.08
c997e15f-07cf-4147-99d0-b98f61a160e2,a82e8499-f938-4898-acce-ad1ee2baea34,BEV-002,1,731.9
5ce1ed44-1710-422b-878b-672ad0faa5a5,a82e8499-f938-4898-acce-ad1ee2baea34,BEV-001,8,830.61
96a6dfae-7926-4b7c-916e-d8efff6dff13,1b12f5be-0d4c-44cf-a356-dcd97a003549,BEV-003,4,564.12
6550f56f-878c-4f67-a951-8c28f77c3698,073e0cfd-182d-4b93-a1fb-f6c3f0a7a5a9,BEV-001,2,180.34
5414e60c-539c-41d1-b8c7-1206d1ac282e,fd69cbcf-eb1e-4bb4-be0b-c538ae965f22,BEV-004,3,217.47
f72c4e98-c893-4d5c-a61e-10baa20d3315,daba1b15-6819-4f65-aa2f-b019a93618f6,BEV-001,8,86.77
d75bbd6e-b751-4a42-9e48-3fd98b23e938,c7998dc9-a4f7-4b43-a9d4-f470ca3f7ed5,BEV-002,5,963.71
1e314785-b8b7-431f-9db1-dfe76822f53c,17129819-f596-43f4-b16e-1a78ceda6f14,BEV-001,3,126.05
67ace582-327e-4006-a514-16f3d84dacbe,dd506574-0faf-481f-8b07-f26d1268b227,BEV-001,6,483.14
9755510c-8428-4610-894e-75e0f5de6932,cbba67f9-dc3c-4165-a4c5-b27bdfee1f38,BEV-001,10,927.68
8b0ceac8-94f9-40a6-b5ad-9b0d7b0e55f1,812a84af-c3ed-4434-ab54-5e18d591ba8d,BEV-003,4,104.65
1e0e7821-1b36-4aa8-bcfc-6cfe665d2740,f8256f1f-a2d4-498c-aeef-c002d2f810f2,BEV-005,6,611.78
12fb5305-1158-4ba4-a198-e916e00c51ba,b77a5bc6-37e1-43b8-a66a-47167e4d95dd,BEV-005,10,112.88
28ddc2bd-223f-4e3d-a22b-81439e701000,522e07c2-96f2-447d-9b08-b3939ea4eac6,BEV-001,2,683.41
fe66b9a8-5d90-416c-9ad3-75584355be51,cb02848b-4930-4183-bb10-c0c67adfa03f,BEV-004,4,945.5
d13c0a97-a82e-4c8a-a89e-535425bf7219,ccd3b1f8-6e1e-45cc-bdec-529c3e1630ab,BEV-001,4,173.57
6f8d9f7a-d8b7-4511-87fc-dc11a321fe65,b32ceea9-f3e8-430b-9576-ad9d79ab6684,BEV-004,2,797.44
5d6eaaf8-cdaa-4ab7-a13d-c57d306abd62,1ed1c33c-c4c7-47cd-9424-5f7f11bb6889,BEV-003,9,694.17
dda8847a-06b2-4b26-8543-c99a9d7ac2eb,fc3dc254-bc37-4144-b266-95c2bc2045ca,BEV-003,3,693.35
0820a89e-5e2d-48f8-9082-89b81de78ba9,3e4fabef-649a-40af-9e1e-b5b69bba38e7,BEV-002,5,608.92
68aee80e-211c-4035-8375-a9b6c2ae8579,aef10cca-d374-4859-a09f-bf6a75d3eaae,BEV-003,7,682.42
b1779c68-8685-4821-80cc-d130b0982931,7ca7bc9a-73a6-4d28-88ac-26e2254c9e1c,BEV-004,10,172.31
87df5e8e-03e1-48df-b345-67864e7b1efc,5a46f24c-e7d3-4aea-aaae-b9b756c04f01,BEV-002,5,457.45
638082e1-e632-46d0-87f2-4f2e633e0a26,7b606228-1b56-4a78-a95a-9c7ff5c7ace8,BEV-003,2,395.78
2fe65ce4-6c5d-48b0-9755-86f3814e38bb,9ba9acdf-b31a-4bb6-b5bf-00a9efadeeaa,BEV-002,7,910.53
a5ce931f-65d3-404d-99c9-e51f91b43ee1,d44c0264-8278-4add-b4f4-47179bef8924,BEV-004,10,445.68
09adb78a-8b11-4b46-b46c-3a357956ad2c,d44c0264-8278-4add-b4f4-47179bef8924,BEV-004,9,108.95
58cc235f-95c1-4933-9d73-4e17960d21c1,b89f42fa-c3f6-46df-af38-e365977bffe7,BEV-002,1,608.51
f1f06859-f1ad-4166-a1ae-d54a80553af0,b89f42fa-c3f6-46df-af38-e365977bffe7,JAF-002,10,192.79
d417802a-10c9-4e5d-92e5-ffdf6a8689c6,efa5912e-be27-4071-ab93-b918f148b319,BEV-005,7,987.36
79d31598-f66c-4c24-8745-037399e703b7,f58f50fb-8fba-4ecf-8d90-4c0ba4ac41d3,BEV-002,2,207.14
5decc127-4bb9-4321-ad74-0c3596421811,f58f50fb-8fba-4ecf-8d90-4c0ba4ac41d3,BEV-004,6,52.67
221e60a7-85e2-4cfe-811b-00119c9c0dd8,f58f50fb-8fba-4ecf-8d90-4c0ba4ac41d3,JAF-003,3,747.72
68a5facc-c797-46c1-bda6-fa928cf9a0ee,f58f50fb-8fba-4ecf-8d90-4c0ba4ac41d3,JAF-005,1,599.14
8007e83c-fc67-4216-9e3e-4bc617eb5593,f58f50fb-8fba-4ecf-8d90-4c0ba4ac41d3,JAF-003,8,571.76
d3ae4b9c-f2f5-4238-9f0b-eb91559ffa9b,f5e63e83-77eb-4d54-8f14-ae261d358fed,BEV-002,3,830.92
67cf22d9-2669-4b61-9898-55e005f98df2,87ee1585-5baf-4a98-98b3-e36983f0453f,BEV-001,4,891.19
0dd29c5d-dbde-4775-8d59-8954cd2f3561,77e4bf0c-037b-4f78-bdfc-d2de7031ac3b,BEV-003,5,380.75
d9680045-2c27-4d91-b982-ee01bee2f49a,77e4bf0c-037b-4f78-bdfc-d2de7031ac3b,JAF-005,7,322.13
d6d8c020-addd-46a9-b78f-2ed260b9fd43,09f7d3c8-21ee-440d-959a-71413937881a,BEV-003,7,326.19
fc072fb8-fd2d-45a3-b011-c307a7033162,09f7d3c8-21ee-440d-959a-71413937881a,BEV-004,7,365.6
4291f664-ebab-4810-bc14-98f6f93e05d6,09f7d3c8-21ee-440d-959a-71413937881a,BEV-005,2,803.4
af5f1773-820f-4880-87bb-c19f344c9859,15340d3d-3450-4f82-b6bc-71b41ce83f76,BEV-004,6,954.18
9f3d8711-4bf3-4947-9aa1-411edaba6ebc,15340d3d-3450-4f82-b6bc-71b41ce83f76,BEV-001,4,709.22
2f432c93-ff3c-4663-ba91-6196dad27552,15340d3d-3450-4f82-b6bc-71b41ce83f76,BEV-004,5,601.22
2796c527-7fe6-4630-95ff-6c9ab4fcdb86,15340d3d-3450-4f82-b6bc-71b41ce83f76,JAF-003,8,484.78
fd2d3b9a-f3c4-41e4-b3c9-deafa7493416,15340d3d-3450-4f82-b6bc-71b41ce83f76,JAF-002,4,511.12
237c930d-5f30-49cf-910d-bc5fac4cde43,15340d3d-3450-4f82-b6bc-71b41ce83f76,JAF-004,2,468.72
96910cc9-aa1a-4b6d-a14b-fc00758804ef,e3957d96-c845-484e-a958-053423141377,BEV-003,5,40.13
19864530-0338-4bdc-897d-39f111e8e9ab,697e96c5-7a99-449f-9d1e-c497afe84700,BEV-002,5,777.87
211e05a1-aa01-440a-a6c1-6a39f47c4166,9f8abbcb-d2bb-4961-b42a-e773d522f6ea,BEV-003,6,881.05
bde529cb-289e-4ed5-a2b3-e956d88e1304,53490eac-d07b-4337-9411-5daaffc7398b,BEV-003,8,402.57
0410cdc4-3b49-49cb-9716-42a46c70cd7f,51e16a9d-4e00-43ec-8e5a-70dda3a3593b,BEV-004,8,150.64
8d006f61-d787-4e65-8f63-132b2f81aebe,432e1c32-4ec1-4b43-9d3b-352decc929b1,BEV-003,2,232.47
205781eb-cf14-4483-b230-011c7c2fe014,a924b49a-05ff-4ec8-ac65-c03a250c9f92,BEV-005,1,396.06
3d66361d-37eb-4254-a618-c3da5e9852f6,45e49b92-315d-4026-98cf-b0976ce652f2,BEV-001,3,409.02
3177ea8f-2279-425d-92ac-ab973b9cf980,ec16f17d-85ae-4b66-8ed9-7c47d206cc40,BEV-004,5,41.95
a8f64b3a-373e-4671-b259-0ae7d7d840e1,dd7e7a95-b65f-49f7-ad42-b731a993e4d0,BEV-003,10,416.77
a591e043-dd9e-41a7-ae31-03be10cff415,e6fe4bdd-755c-4e8f-a557-de4dc43fb4af,BEV-004,9,886.35
c3ae33c7-25dd-4d24-b337-5f9e23b35a24,0d684298-3786-4c74-9b5a-fdf088fe703a,BEV-004,8,360.6
e496a02e-c0a7-467a-91e0-da202b58ef22,9544c19a-9b61-46dd-b930-1a130e4d53f1,BEV-005,10,22.69
cc0a3c1c-3c4f-47fa-866b-1a43980e5c77,e24a4563-3a14-4ce0-9e3c-ee454636f4af,BEV-004,1,886.92
1f0bc065-d66b-4a0b-8adb-cda07ec25855,b1a1f1e8-b81e-40b7-9330-e28e240cc944,BEV-005,10,599.5
7f54e795-9586-4aff-989e-5fe9df4f3aae,b1a1f1e8-b81e-40b7-9330-e28e240cc944,BEV-004,5,89.78
a4414421-8cc2-48a6-86a5-0879bb197341,b1a1f1e8-b81e-40b7-9330-e28e240cc944,JAF-002,9,881.64
a3516c45-4cba-4b2d-a4db-1525e6c4edf6,08f5b7c1-bde9-4ea6-afd1-9dd48a7949e6,BEV-005,10,755.64
1b13769d-bfbc-444f-8d2f-1ed974ca5d08,f7c32d65-6878-4132-967f-e163d9d3e208,BEV-004,10,272.17
fa4f50bf-0dad-4727-95a3-2aa00364fd5b,1e1f731e-c3cb-4b86-9956-f2bfaec1a99e,BEV-002,3,682.03
bcd9cbb9-7358-468f-a8d5-cd001893bd66,2a127627-4ef8-4e4b-954d-56d600ac5b55,BEV-004,10,845.84
a7ccb04e-2f0d-460e-9050-81540384231f,3ad28f74-ba6f-414b-a484-7330ec5f8c49,BEV-004,5,77.12
807ba830-7062-4a95-93f7-8f1aee5e0281,3ad28f74-ba6f-414b-a484-7330ec5f8c49,BEV-003,9,440.59
db84039f-d325-4449-81d6-b6e6722f5041,786db40c-aa3b-4a29-bbf6-b14c803bb34b,BEV-003,5,985.19
3839d5ba-8fb4-482a-8871-14c943ef205c,612c3583-e505-4f46-9431-373b4a7a6494,BEV-004,4,672.82
d7404b58-e141-42e5-a694-6f634fdae08b,140ba555-7df6-452b-ac2b-0ac8f8a6a042,BEV-005,6,567.56
51818e5d-d3f5-4fb5-81aa-f85637553bd4,3fd9b9f3-c96f-4c17-b236-4ab3396c5425,BEV-005,4,152.94
abce5ed5-5195-466c-857c-8d7a5cf700c8,2fed0846-9ac7-4920-a958-89f4657ba9bb,BEV-004,10,263.58
5e219a68-2ca9-423f-ab01-30b9abb9759f,8fa18a8e-dbc2-4262-8145-ce0fbbdf2477,BEV-004,5,709.54
68d489ec-ecb9-4c9d-a4f2-8a0043e2e4d3,8fa18a8e-dbc2-4262-8145-ce0fbbdf2477,JAF-005,2,446.37
5f986e25-4050-4558-a4ee-32c691615b42,8fa18a8e-dbc2-4262-8145-ce0fbbdf2477,JAF-002,10,585.97
3147c847-b7a4-44fe-ba6c-b842a9b3eb63,218b6b5d-38b3-4117-9da1-ef23fa9fbb6c,BEV-003,1,339.24
ca7f4540-c34e-4846-ae2a-f100d72be09d,218b6b5d-38b3-4117-9da1-ef23fa9fbb6c,JAF-004,7,296.63
c44a9030-b21f-494a-9df9-25d264b9a865,218b6b5d-38b3-4117-9da1-ef23fa9fbb6c,JAF-005,9,487.16
532cd3a5-670d-4d4b-88bb-4e8cf0019749,c04d33e6-33a4-43c2-b666-41af6793165b,BEV-004,7,568.86
6286c594-801f-43ab-8e19-a202d541fea4,2ed7f1ea-c1c1-4063-9620-70978a005096,BEV-002,6,401.73
6584d5f6-0544-487e-bc9d-4477f9810a08,b72689d9-5eee-45af-981c-90f88d79e60a,BEV-005,5,611.28
b132e5ad-18a7-4d69-a6a2-15ed676cdd2c,b99db26a-8685-4582-9e46-bcccd80621a3,BEV-001,6,237.62
e4bdeb5a-55ab-49a5-bda8-ad3a724f57d9,c23f4ff7-234c-43d6-91d2-0b399a410087,BEV-002,2,557.23
a432c313-61a1-463f-ac72-64d241471656,c23f4ff7-234c-43d6-91d2-0b399a410087,BEV-004,5,612.04
94fba5d9-e8d5-401e-ad71-070130518264,2939d359-9c1a-4258-b385-19792da63ae6,BEV-002,5,815.37
b1dd0401-b178-4c93-9565-f1e872d255be,33cecc55-daa2-4172-9903-360240c844e5,BEV-001,1,321.31
511024fd-94da-4a4e-950b-ce5fc75b1628,769b3ddb-e5c7-4bb5-8d57-6a54bcab522c,BEV-005,7,36.96
f571df68-f501-444b-ad76-f80846dd3d5d,769b3ddb-e5c7-4bb5-8d57-6a54bcab522c,BEV-001,2,180.43
c02ec35c-3bc9-4afe-91a9-59afa29e21cc,3df50b41-c766-455b-8943-e09aff5cfc70,BEV-005,3,603.01
9d008c26-754b-4253-9968-694bcb7ea8f4,962e25eb-aefb-47cf-b586-d80f1c82a458,BEV-005,6,682.79
b9ecf628-571a-49a8-90b3-994f770c5b55,962e25eb-aefb-47cf-b586-d80f1c82a458,BEV-001,6,612.08
9307b7da-18c6-4909-879e-39a5fc824a69,4ca76043-f286-4672-a061-8877756d9c31,BEV-004,3,369.48
a7724466-5c97-4dc1-b415-ac15ff9e6402,35fa23f6-81ba-4358-a8c0-2e80be5fe0d0,BEV-002,7,21.36
95a43067-1f9a-4f58-882c-0ce3e065d32f,140463ac-21f8-451f-bcfb-f31862537513,BEV-005,7,391.49
de46e26a-a790-4b67-a41c-39f09fc931f8,fc8ecbf5-75c3-4743-bad4-7ed51627f109,BEV-001,9,786.29
dafca78f-4998-498d-92e1-03bce31a2dbc,c44fb711-6b1a-46c3-af78-044d8685f4f2,BEV-004,10,465.68
d0f5d049-6875-4c7c-a81a-2af992a90a5a,501164d6-bcd5-4c28-9b0b-6b48fb00fd72,BEV-002,7,105.43
12864512-45af-4e12-b80c-753d746a4a7d,501164d6-bcd5-4c28-9b0b-6b48fb00fd72,BEV-004,2,756.04
2f3b9cde-e606-4d63-b3a5-9723ec4bd43c,501164d6-bcd5-4c28-9b0b-6b48fb00fd72,JAF-002,1,224.26
e35bdea4-108c-4ff1-b5d1-9c7be1fd0002,775aa6d9-7035-40c3-8222-11803987bc4b,BEV-005,1,65.26
ead54f89-fd6d-4ba3-95cc-50f8a5cbcc94,6caf95f0-f177-4117-8fc5-28e416aa3c81,BEV-003,7,809.77
dd6414fc-30de-4c7f-812a-dbabe4b11034,ca10c9ab-3acc-401b-8e7b-fd8bdac462d4,BEV-005,7,599.98
d239a031-13d7-4119-92af-785879094b1d,ca10c9ab-3acc-401b-8e7b-fd8bdac462d4,BEV-004,8,12.05
87cc0b98-6d26-4c22-8677-ba38e321c2b8,10116e62-753b-4815-b41c-49cef31bff9d,BEV-001,6,477.46
1eb76abc-a7ed-4959-9702-d885df6d8aaa,b35a0b52-0b3c-4f9c-b728-0556cdc0b8c9,BEV-001,10,560.45
1811f9fb-5b68-467b-bc82-95cec7ee0fec,78584472-7483-4807-8f46-9390bf6f3ad5,BEV-002,9,884.51
7c8c7f72-e62c-4260-81ee-6f376c80e32a,78584472-7483-4807-8f46-9390bf6f3ad5,JAF-004,4,383.48
0220f912-9e35-4bfc-a020-876c19477576,e678c517-ddd2-43ce-87f7-2d06fa2b7942,BEV-003,9,382.32
f6b761df-ac93-43bc-a15e-74aa721ff8ba,89f72201-5722-48f4-aa71-8ac2ee0280ff,BEV-004,5,960.55
7d01d18c-ed44-41e5-9ff6-cb35f8852385,7f3162be-e8d9-4862-aecb-a727892ad5e1,BEV-003,9,13.63
3a5dd693-41d7-45f1-9912-9dd47669d5b8,1353cde6-3ee8-46c6-8868-3bfc51e92266,BEV-003,6,925.02
bf224c23-7e85-490a-a997-9167dea73c95,d200d833-4cf3-4e0c-beae-ef8766c8d8d2,BEV-004,5,731.68
e99c560f-d97d-4b7d-90a3-3c7df9db0ec3,d200d833-4cf3-4e0c-beae-ef8766c8d8d2,BEV-004,9,98.81
284a38ae-5b0f-456e-91e5-6dd48efe4094,9d9d8ae5-f06a-4dac-9177-6a24e25eaa90,BEV-005,9,493.57
27881eaf-e3fb-400c-aac4-8fdf533b1e87,07bcd195-f9f9-49a3-a43f-1653327cdb8c,BEV-003,8,603.26
c53e1c9b-42d9-4a47-b91f-76cf0bd43257,07bcd195-f9f9-49a3-a43f-1653327cdb8c,BEV-001,3,787.79
0c5cf8ab-a99e-4c55-a814-ec85aec417a6,07bcd195-f9f9-49a3-a43f-1653327cdb8c,JAF-001,4,833.25
87167778-7c1f-4a8f-92aa-61df4c8a7d74,56f2b45f-654c-4601-a179-ba37c77c15e5,BEV-002,7,153.1
3d5b32af-6d26-4199-94ac-d38f4f510b02,8a49b753-74c4-4f1c-8b68-107d960c24f6,BEV-003,1,407.97
0667c973-9120-4ac5-8509-61f406328050,c7ea7aed-6b91-4faa-9b49-548e8d01d02f,BEV-001,4,69.47
b59f5fa2-0673-49d6-b0cf-c85efb3c546f,dda8236e-ccc9-4e0c-bb64-ddd235edf0d6,BEV-002,7,270.22
d1549cff-cfa5-444f-b555-9fec8125971f,04684355-6482-41b7-9ff5-43e7a0813b55,BEV-003,8,835.55
6b79cd09-da2d-416d-8e4a-f05e24bd3272,2c6d0c02-315f-4682-bb54-695e9cb2df2e,BEV-001,6,54.16
e2f7c6fd-bf5e-406f-99d6-9d033e63a814,59550384-3085-4bad-bb72-eddcf2b9bbd4,BEV-001,9,436.44
74c23749-9ade-4a7d-9e8b-dc62753ed97a,e90ac759-c3b5-4b72-bc91-0a9fcb342db1,BEV-005,2,192.5
ac9ce2e8-187a-4207-a0d9-d0d05a6f5b15,650caa52-de2a-4d67-94a4-df45a5087b68,BEV-002,8,822.52
326eceba-7151-439e-b7e1-5fdb2ddff033,ee5d76eb-1eb0-4594-a6b6-de4fd658f67a,BEV-002,9,52.63
bc073b90-53a5-418f-8d8d-621b026ad03c,f3f68c00-acdb-4381-83b2-ce3f0e2a26d6,BEV-003,5,812.16
a3ca76a7-0424-4013-81b5-ef0d7ef4732b,0690e6b9-774a-43b9-bacd-f200afb64d1e,BEV-005,3,340.49
5fbfe7c5-5788-41f4-b10e-392ee1fbb4f7,c79bacb9-5216-4055-9059-16ef0b6ee124,BEV-003,9,807.34
8ca534d7-95d7-4019-832a-f0feba28340c,c79bacb9-5216-4055-9059-16ef0b6ee124,JAF-003,2,317.61
10efd6f5-ebfe-449e-9c6d-9f5db6a02479,9b62e035-2a8f-487e-8e24-632fe6421195,BEV-002,6,538.08
892bcd91-7f92-4e68-8867-7a6f51e055ce,bf1ea294-2d4b-457b-a822-5be9e8924f55,BEV-003,3,942.98
60330b60-f054-497d-a515-8c0e8aa45207,bf1ea294-2d4b-457b-a822-5be9e8924f55,BEV-001,9,469.55
85dd5672-e841-49a5-a606-ee2cd29ad231,bf1ea294-2d4b-457b-a822-5be9e8924f55,JAF-004,6,898.41
46c4e7e1-98fa-4528-98a3-0faa39af9587,9bacd031-0665-4941-b96e-1df5c968705b,BEV-003,4,716.27
3cd6ff72-3713-468e-8f70-75247cc4a374,3a0feff7-d8b5-44f2-a8eb-588bad0fccdf,BEV-002,8,467.47
cb6c6e29-e693-47c2-918b-28b542471a94,3a0feff7-d8b5-44f2-a8eb-588bad0fccdf,BEV-005,6,854.76
6078a838-6e03-49e0-9e84-0923e3b5a918,9cc1847f-58c3-448d-9f97-af05db121dfd,BEV-004,2,938.77
7c972e9c-c991-43ec-80fd-a76a432613df,404ccc7d-8b0d-4292-8ebd-a668873c95d8,BEV-001,7,924.09
9aa1a7ca-f5f4-4177-bf37-3cf20af10d29,0bb459a2-cb81-45f7-9a66-64e353dd5054,BEV-003,7,808.49
a196b54b-276d-4b15-9dbe-c18dacb60e57,21e6be6d-646a-4c32-a1a1-d95582d2312c,BEV-005,2,630.08
09b8d5c6-b2ec-4b26-9621-36bd136614b6,f1c06876-4dd8-4e69-bf73-137ae5dc3506,BEV-002,6,722.2
8e2e7ce6-abaa-4857-ae81-a996568db739,c44ffd70-8dd2-4fe8-822e-02e7393c1e71,BEV-003,3,838.22
5b3664fa-eab5-437c-8e22-bc70b4780c06,c44ffd70-8dd2-4fe8-822e-02e7393c1e71,JAF-005,10,536.16
6f1e16dc-5346-418e-8e48-816648256b45,0f032701-9372-4041-ae28-7193fdb67bb7,BEV-002,10,842.66
a1a0fa2f-c746-4be8-bdfe-c751ec5ce314,cf10579f-dbfa-4de6-ac91-dcbc041bec6b,BEV-003,4,709.45
0c12058c-61e6-4e04-8a71-35bac63eb1b1,b5c61e5c-49d7-439f-8b6e-0c65c2623e6c,BEV-005,1,105.29
8ea8b2a7-81b3-4c5b-92a2-a7f1e3564ef2,7303994e-e963-4ce7-b1d5-bb95ea92a1e7,BEV-005,3,995.92
bbf2feb5-1a7b-42b5-9c8f-2a3bcfdc34fb,8d8c42ef-bfb4-4e9f-8afb-5845f246a078,BEV-005,1,894.31
fd604709-de11-44fd-9049-44e43e8c68be,2247f62d-7031-49ad-a222-80edf36803ce,BEV-003,3,591.65
e8280e0b-1181-40d0-ad1b-95e4b0b76c5a,dd31c520-eb83-4c4e-b1ad-11f6b561d6eb,BEV-004,7,845.84
9348a1ab-a770-4087-898d-7faec8051452,b6433767-bbec-4a6c-92a1-3aacd85f0696,BEV-002,6,533.31
946a2ef5-e877-4a3e-87d3-a142e9de9b6e,e3061fee-ba3d-4ba2-aa2d-2b8f0f0f4e46,BEV-002,4,525.29
40026009-f6ee-459d-8e84-21dd494d9313,383965cd-e4f7-4205-a64b-db8ddb5e25a8,BEV-002,9,965.77
f12f6750-94d4-4aa8-a48d-5895171edc85,2acd6740-041b-42b7-b314-9e45fc38312f,BEV-005,7,291.5
6f1c5c2e-c7e8-4228-8060-f3cfb2686d17,80f1bec6-57fa-4530-985f-63e4823c9783,BEV-003,8,726.02
98340f37-4400-4f95-914d-680355db9c8e,760e3dd2-9c64-4c29-8b22-982a9d370eb8,BEV-002,2,766.85
36d2bf35-e4a5-46d1-a9ad-8106b1f56bde,d21ec311-5978-427e-a43b-45d815d8c46d,BEV-004,5,497.47
cd77a4fa-74a6-4bc5-b62c-44179a57d7a9,d21ec311-5978-427e-a43b-45d815d8c46d,BEV-004,3,991.31
a0a74f1a-67f8-4d48-bfca-a670c8d05bef,82f5edcb-76f6-43c8-b30a-ae24ee037cca,BEV-005,1,540.82
a29b3706-9367-4114-854b-86ee60c5d8b7,1347984b-484e-4cbd-b62e-66e82c7e2baa,BEV-003,9,771.13
0806511d-4488-44a2-b621-340bae55d0e7,1347984b-484e-4cbd-b62e-66e82c7e2baa,BEV-003,7,953.77
e31cf627-d30d-446c-a412-73fab97b5338,94c2fadc-a8be-4a0d-84f8-b3dceb197f51,BEV-002,7,865.02
2b2b8441-81ef-41f4-8f5d-07652e37644a,94c2fadc-a8be-4a0d-84f8-b3dceb197f51,BEV-002,6,641.99
405565f2-5626-45a9-85c9-e7c3337b315a,b38baccf-c4fb-4d5a-aa17-dca954ec18ab,BEV-003,2,543.06
d206e3a0-8a04-43b3-b40f-2d4e8f1409c5,e039ffd0-5095-47be-aa14-0d117eca0baf,BEV-004,9,993.05
f4f8ce2d-bea1-47d3-b357-659f9f10cbe3,fe48a697-a281-4ede-9017-10466963ea74,BEV-004,4,470.87
ed102c0f-92dd-46c0-bde3-34c4158e6539,e3b6f338-ed1f-4d0c-9395-937178be5945,BEV-004,10,482.9
dab62637-f5a6-4566-9530-982ee19d3849,f1c76c63-04e5-4a53-ad3b-e53e36e9d090,BEV-001,8,668.29
42720218-7a18-4451-b23b-1b64f87c4cfe,3c4cb9cf-5096-47c2-99eb-3bb39f8911e9,BEV-001,4,20.27
2e2e2d4f-5c07-48a4-9ed5-d98296c85e00,1851a25f-233e-4e3f-8168-4cc98fffbaa0,BEV-003,2,484.67
bcb72557-74e0-4217-bc31-5ccda1c75d78,c2c200fd-9d0c-44ee-bce4-73c615fa60d6,BEV-004,4,91.87
90115f73-155f-4fc5-bc9d-9ba9c21a6c32,1b2c6611-32a5-431a-89a3-473c0727d11b,BEV-001,2,145.94
5b06123f-8004-4bc8-8b78-1cb23c18236c,eb117d04-687a-4914-9f0e-eccf4a50ddf0,BEV-003,9,881.08
c514b238-b916-4a60-ac76-3c59508dc5fe,e302b3fd-3604-4455-8cec-170b4ac72d4c,BEV-005,8,505.83
7345b4b9-d1fc-481d-aa6f-19a95641de71,999a0c3d-78f6-4e40-b157-d247b9fd85ac,BEV-004,8,975.2
bac36320-ab6b-43dc-a4a3-a70a09a5201c,01cb9a16-8d25-404a-933a-6852db90fceb,BEV-002,7,172.22
6d850868-80f1-4a51-af56-e767d7275204,afd11151-7e94-44ef-8642-cde896b9442d,BEV-005,7,304.51
c3e68a6f-2f31-4b7b-bb03-57a9aa61cbf2,5ea3ed96-7922-4d16-b6f8-508be79003a5,BEV-004,8,629.61
ca863e84-07d5-4aa1-b0a5-d947fb22886b,33261b8d-d349-4a92-becb-520a85b1181e,JAF-001,3,227.36
11da69a2-5edd-40c1-b7eb-13bf4d585395,33261b8d-d349-4a92-becb-520a85b1181e,JAF-003,5,744.37
cc575bfc-e8bd-4631-84f2-2db50cfc2ccb,e735bb6b-061a-419c-a8d2-dcc8bafadd17,BEV-005,2,792.45
f00067ee-6c88-4b81-b939-32eaa371a7be,c5255f58-989e-4b40-91b7-8e55a6f1751e,BEV-004,9,261.18
693a0d1e-35a8-44fb-b6a9-d2ea348693ba,3e03ae2f-2576-4bc4-bcc7-2ae2cc3c5be3,BEV-003,7,654.79
03c30aeb-a199-4e17-96c9-ceaf3736ca8e,14f476e6-a9fa-47bc-96c5-b0df4a71f20d,BEV-001,9,474.76
2e6e1a1a-32bb-4acb-bb2e-e18ff3d02560,ded07826-2853-4ec9-be09-617bbd4bb80e,BEV-004,10,960.93
a9ef9b1a-1f83-45d3-ba56-9f3cad792cc7,b2fea3ff-0a65-4136-8762-dc48d7ff047e,BEV-001,8,893.04
dea78174-74df-4c3c-a613-ccb799b3f134,81332a59-b907-44da-beff-0ec40655ed68,BEV-003,8,233.24
835b9b1e-ede6-46c6-8ac5-ffda8c3184a4,c789e1db-91f2-45ce-9aeb-f557d547f97b,BEV-002,4,423.51
6e432326-9de6-4d02-8e42-d98622eac294,55f13c1a-3566-4629-900b-228ec8ceea9d,BEV-005,8,45.19
a9ae9694-443f-4a3c-b415-ad8f62d4f4e6,6f9fc553-491c-456e-8ea2-c94330d8df85,BEV-005,7,505.88
0ec7c937-4a74-4094-95c0-fa7c5ccc23a6,6f9fc553-491c-456e-8ea2-c94330d8df85,JAF-003,8,66.95
086edb50-7fa1-434d-89ee-3ababb1a4955,1fd455b8-a182-4578-8887-683ecbfc5ca7,BEV-004,8,446.14
4036d31b-6a8f-4b26-9586-7a80e68e6608,3977b753-a406-47fb-9d61-18c27d2ba85a,BEV-005,8,545.57
13a84673-996c-4da7-981c-59bfe474f758,65b883d6-83a8-4ddb-96ae-6e0e104e9d29,BEV-001,2,154.81
70ff31f7-66c0-49f4-b708-d24522e168f2,489d40b2-647b-482d-b3b3-4c8fb3ee7d57,BEV-002,3,821.81
2aaa31ee-2eba-4534-9e49-6f886dc4b503,e0a63802-fe04-40f9-925d-5257d4dda204,BEV-001,10,608.33
e12d5d17-cfe1-4613-bb49-b17376579fa5,98df05fa-cbc0-497a-9fee-71c9d20cb340,BEV-004,9,140.43
79647308-a916-4dd2-866c-8c613304bd69,bbc67d7c-2b7a-4230-8b76-be336d9ca32d,BEV-005,5,424.73
95479a41-957d-4852-a7d2-067512219314,86ac0049-fa7f-4e3b-a53f-093d697d30d9,BEV-003,8,35.42
815bbde5-472d-4bf8-b24e-3ec982d56619,86ac0049-fa7f-4e3b-a53f-093d697d30d9,BEV-002,7,546.21
1ae6f907-e199-4187-be7a-3ffa043eef74,67b5ed7a-573e-4d89-a376-e1a689fdfbaf,BEV-003,8,621.76
6c81b0e3-407e-4558-ad06-763385710cfa,67b5ed7a-573e-4d89-a376-e1a689fdfbaf,JAF-004,8,284.86
f92bda83-4dbb-437f-9fb8-1c40ca784a0f,12c1e2b6-6718-4a27-890c-e25a06c62efd,BEV-005,3,424.45
99a675ce-0812-4992-bb27-ba6c3056451f,8f84607e-63e2-4f42-bb3e-ee2aac80c483,BEV-005,9,606.81
b3b65aa8-ff5f-4975-a5eb-0387b42faafa,92d8e6cc-cb8a-4c12-a57a-70f7328a9b16,BEV-002,7,727.86
336c349b-39c9-4cfa-a14c-df0022184263,c82c9cf6-16a9-40b7-9f50-8522f612e271,BEV-002,8,953.94
b439fa0f-c981-4ba3-8ebe-ed8d184efbe8,ff6fc512-966f-45d9-9904-3b0e89ef6713,BEV-005,6,646.65
edf2d7f7-b3b2-4948-be3a-8beebec4073a,ff6fc512-966f-45d9-9904-3b0e89ef6713,BEV-003,10,293.29
c10b6c37-8182-43bf-a235-272e4785835a,ff6fc512-966f-45d9-9904-3b0e89ef6713,JAF-003,4,888.99
a35bc90a-65a4-4bc7-8d15-ed58cb739c8c,c00e09e6-8144-4289-88b4-a23fcd89c89b,BEV-003,9,431.14
ea5115db-42d0-44c2-b204-1210d6250146,30e021cf-485d-48d1-980c-2a30ce4b6ce4,BEV-005,10,204.63
ab263be6-ac36-427f-80be-b9d3e2bd7f58,43f5a619-cb10-4f5e-95c6-443692cae899,BEV-002,9,57.02
ffc046e5-47f5-42b7-880d-0b0a3265b269,43f5a619-cb10-4f5e-95c6-443692cae899,JAF-001,8,831.82
1408171a-92aa-43ab-93e8-55bf0193c851,362b754d-5808-42cf-9472-107b0872a740,BEV-004,4,869.25
64519737-e2fa-4234-8f2c-d1043688dcc9,362b754d-5808-42cf-9472-107b0872a740,JAF-005,4,276.78
ae8f3464-7a03-4476-a99e-c9e4bcbe0348,ed8b0d9f-9291-4bbf-9f99-680ce580c9ea,BEV-004,6,814.34
7ffad7e3-8b63-4201-98cf-8dfeba216f23,f57da776-f1a5-4ec0-bb54-b177efe4cf9f,BEV-002,6,164.01
6ca4a520-9bb5-44e1-81b5-4e4bcd5e45b1,98fcc130-f801-47f5-8d8f-637027ca4c99,BEV-003,4,71.35
9ed0c591-e061-4669-a395-0fc1a2a6e63c,1b1b4b0f-79d5-44f9-bb9f-02981c48f330,BEV-004,2,205.1
d63a021d-db51-48ea-ab88-1f6adde9d154,ae2e032e-64bc-4197-b3eb-b7dc98f73862,BEV-003,2,445.97
bae5995b-f3b9-4e87-bc20-0df9bef7af1b,ae2e032e-64bc-4197-b3eb-b7dc98f73862,BEV-005,7,513.31
d41ea00d-35f3-4368-8a97-7f4045d9c5c6,ae2e032e-64bc-4197-b3eb-b7dc98f73862,JAF-005,3,859.75
cf7a5a42-f21d-40f8-a69d-cab56e7890dc,700cdafd-3e9f-434a-b56b-4694afd5ee1c,BEV-002,10,808.96
fc5d20b8-583a-49c2-a229-8e16e4e5a1cd,700cdafd-3e9f-434a-b56b-4694afd5ee1c,BEV-004,6,343.37
46af3b23-6a2d-42ac-bd31-f65785e44bd7,5a87492b-d8d6-4f8b-a17f-71833b8cc625,BEV-002,7,960.62
50d02e0c-93af-4159-9854-6e7734f12f5c,fc112522-81fe-4bed-a53e-5738ae0029be,BEV-004,3,515.27
d5b74bd4-984b-44d9-9307-a0baf9357f11,d7566278-e422-4dc0-873b-3c7b7754c50b,BEV-004,4,82.73
e3360bc3-633d-4abe-8e6d-32fba2c256ad,1750cf45-7f7a-42df-990c-ed1e656fb754,BEV-004,5,225.57
f3efb432-69f2-4aec-af9b-347aa70b457f,3951bf79-fa48-4ddc-9384-d5a9b24e0511,BEV-003,9,258.35
d082678c-03e7-4a21-9a05-74aa552926bc,97b74a4d-aae3-400b-a6c0-a8cb1e8f05f3,BEV-001,2,320.77
8430958f-e67b-4ccb-aa96-01c54ac575e0,3d85ab06-160f-4997-9560-eb6a6742021d,BEV-003,8,360.4
68b3e2c4-17af-4c5a-97a1-4db7c575376b,ec08e359-ef59-4474-a602-383061176571,BEV-003,7,430.4
5fe9cbd3-93b2-4054-bcfd-7e89764b5f5a,a90d2d2f-1cc9-4397-b425-19f64c865bf7,BEV-004,7,234.9
cb76bb0b-e7be-4cec-8356-d7508be858c2,fea73ddc-b6ea-4ffa-8a1c-e968d7ac859b,BEV-005,3,505.53
7dedd739-6a76-4098-a7e3-c3bb37bd31ca,fea73ddc-b6ea-4ffa-8a1c-e968d7ac859b,BEV-005,3,571.8
cce1ea50-7c26-47cd-9650-2614db961eca,bdbd7d40-7d9f-4336-8cb6-c1e59c4ccb71,BEV-004,3,865.85
c079966b-8688-4f26-97b2-09dca7b77b9a,50c4b740-de4f-4dc9-baa0-3feec9bd9609,BEV-005,9,972.95
2fbf5890-053d-4bb4-8ecc-e7dc9ff4eaed,b9080ea8-8e2d-4269-b562-60f3146551dd,BEV-005,10,336.51
4275ba55-ec91-485c-86dd-65618e0465c4,c612c423-baab-4629-bf6b-92652f5972a1,BEV-001,5,410.67
b9478e0d-e975-436a-9be2-dd1859adda51,ff02c329-6d79-4878-93f6-033370cc78ce,BEV-003,3,320.15
08eee8f6-1a0e-4620-afaf-146264007e63,61ca009f-1072-4c52-b2a4-f77ba3c26874,BEV-005,3,606.18
2828f8c9-4928-4716-9b57-ce6c66afac14,0035184b-c945-48bf-aaad-5f7e1bea3f30,BEV-001,4,248.7
83b22458-f092-4449-b811-b63e9d412c0f,2c25d3ef-ccb4-4f4a-9b40-0bfece5ef6f8,BEV-001,2,907.4
f5eab559-89c1-4b85-a990-f9c29ebb84bc,0acaeb85-ba5d-473d-aa35-657ae7b5dfde,BEV-001,10,406.58
303e66cc-85b8-42c2-a642-88661d2f07bd,7f7a632a-0430-4b93-af2c-6dec48e67585,BEV-002,5,746.62
32f316e2-3bc1-4118-9e68-74c4672c1962,d31e490f-0b19-4cba-8cd9-13ffd3d07a1f,BEV-003,6,468.07
c0bd9d60-ae36-41d9-9f6f-0a534713d2d4,73dc02f1-ef7e-44bd-842b-c4d4415f6f47,BEV-003,9,642.23
088edf35-d4e0-43c6-a7c3-d0c103ec3ad1,639c0b34-082a-4638-ad5e-53a8e1fb76c1,BEV-002,2,746.7
4dede71a-99e9-4530-9759-441069d94bd6,9c17240b-2faf-47d6-95a8-bef028315841,BEV-001,1,294.41
c9c22102-8c6f-4d8a-9b66-5a2d5017d8e1,541cc2cb-a568-4bd9-ac30-15227b9dbcdf,BEV-003,1,419.48
2ce003fc-3522-491c-a9da-eb752a0cb848,f653d705-05ca-4a11-b1c9-9a9f11471205,BEV-004,3,700.27
39ae8143-8679-4bcf-a7b9-09b7d8090f34,f653d705-05ca-4a11-b1c9-9a9f11471205,BEV-001,7,760.5
056d987f-c665-4a9a-9191-277fe56e7add,f653d705-05ca-4a11-b1c9-9a9f11471205,JAF-005,1,461.3
85e723ad-fc39-40c4-a0a8-37ea465013c8,84aab5eb-e762-458e-9634-e2195a82d909,BEV-004,2,557.8
4546741d-52d9-414f-9e9c-da7952a06590,ba387dd2-cee5-4c03-910f-c2201ab5b3b3,BEV-003,1,132.72
2774dd93-fbad-4f22-96ec-e3eebd15be8f,ae94f139-537d-42ab-b2ac-97cd3ed1ab0c,BEV-005,10,123.55
cf54a6ac-e539-466a-a264-1324c15a659c,ae42070d-a532-4c3f-8253-5044196a444d,BEV-003,4,541.8
ff24b88a-cbb3-4af2-a878-dae50c61ade0,6ca0c188-6af8-4cd9-89ef-07b5990f301b,BEV-003,2,414.79
74204fb1-a67a-4438-9232-a80c6153c78e,e12eb5c3-cb95-4e6e-8209-17a15ec2c00d,BEV-002,4,806.59
92c6b616-c478-44e6-874f-9eb6c0f3c628,0e197b21-742f-4458-b311-181af91e236d,BEV-003,2,214.83
a526f634-32ee-43fa-8809-bb0802b4dc73,ccab3e93-d47a-4de1-b5a3-281e25e50bc1,BEV-005,9,936.05
c519c938-6027-47e3-8769-b9e0f1f625a7,b1487507-875a-40a4-90e3-11db17a9cc38,BEV-001,1,215.17
90037787-c25b-4a0a-b8e7-6fa5e701bfc6,d8fbade7-30dc-4697-9f00-66dcfdc51e83,BEV-004,4,339.77
200e403b-bfc6-4d2e-a457-eb0bd8f329f9,d8fbade7-30dc-4697-9f00-66dcfdc51e83,BEV-003,7,177.39
bcab1fd7-1b6c-4a9b-ba07-fa425a6f1702,46ef3863-a6ea-48d1-a3e6-d3bc4a099520,BEV-002,7,896.53
41bedb1c-a905-4491-9a76-ebfb54853f35,cd4c8ce6-978d-4de7-98ed-e313722cfbfd,BEV-005,5,430.65
f143a0c7-1462-432b-ac24-bb854bdcd128,d29fb503-d58a-49b0-ab7b-c5b8abb3e96b,BEV-003,5,586.76
f02e93ae-7925-47f2-9fb6-eaae50376cb4,ccc16a1d-a7d5-4ad0-8ed6-17f33b55b470,BEV-001,4,669.28
fd3a0deb-d037-428d-9c04-25949128ba9b,ccc16a1d-a7d5-4ad0-8ed6-17f33b55b470,BEV-003,9,960.94
d3b3cf6c-3fee-4523-9e01-1ce4a059ca1a,ccc16a1d-a7d5-4ad0-8ed6-17f33b55b470,JAF-005,1,17.12
6f2f3c3e-76e0-47a8-9c89-389df3296747,c57bbdf3-2524-4960-99d6-0b8d7c3863a4,BEV-003,7,898.99
c9c653a7-48c7-419a-b4a9-08f0b648af47,b01ebb66-3779-4685-b9f2-70f09fde46e7,BEV-002,7,946.11
d2ed3c6e-3395-4723-b80a-73af9e4e1f3f,99c541b7-6e0d-4f8a-be49-067bd5ef7ee6,BEV-003,1,731.66
4f8bdcc9-109f-4556-b08f-857bd15a277f,0df0980f-da90-4a17-ba78-5630003ae2af,BEV-003,3,218.24
f4a30265-30e7-4b4b-9245-fec5624a9bee,0df0980f-da90-4a17-ba78-5630003ae2af,BEV-002,3,412.51
887bbcc5-11fa-4e7a-a69a-d8f96a9857df,0df0980f-da90-4a17-ba78-5630003ae2af,JAF-002,1,644.92
7b58e974-b960-43ed-8fc1-42b61f252865,e74a4790-0d66-45d1-b493-915a0a920fe0,BEV-001,1,977.57
08641820-639e-4df7-a1bc-550d9402212d,a16e7449-f73f-4311-be5b-f1e2fa736a9f,BEV-003,2,11.52
6b912f83-2937-4698-a926-f81b086dc12e,aaaa31d3-32f1-41dd-893f-bbcc5cdf45ee,BEV-005,3,761.0
bffa3ee8-c483-4f67-b0c8-097075173e80,7fa9d454-2b7e-4717-9fab-8e61562e93d7,JAF-004,7,833.15
cd316fc1-7dc1-401b-b17a-28e98ce7ad83,7fa9d454-2b7e-4717-9fab-8e61562e93d7,JAF-003,1,534.29
4a226c32-9ccb-4975-9101-47eece50de18,f7f5753e-2265-4b6c-9df9-c8b8528f5300,BEV-004,6,353.36
6144a078-c7cd-407e-a942-ab231faf36fe,06ea885c-457e-4bf2-b895-7fb6ea25694c,BEV-003,3,50.49
7e45b35b-f4f8-456a-af63-74247eacfd46,7c709acf-a946-4ca0-8dc1-1f4b05dfa57c,BEV-002,8,494.08
34db8e56-c98f-4a45-874c-8ae1a84a901e,7c65949c-25ce-4a0f-aa7a-c53e4c504bf4,BEV-004,8,998.82
6563cbe4-4d4a-4e77-8593-31649ca317af,5751a0b0-bbb7-464d-9b88-e6515e19f0e5,BEV-005,6,196.11
cce8c01f-1898-443a-8e8d-fdc4076e4776,5751a0b0-bbb7-464d-9b88-e6515e19f0e5,BEV-002,8,244.67
708adfef-e48a-48f2-b680-8493de4696f0,4732e7b1-9e92-461f-aa62-b6039ea38ebb,BEV-002,7,470.42
9a60ba9e-f56d-415f-b307-fd18c6abb051,00e20022-3741-4a2b-a9b0-8deb7b80f0cb,BEV-001,9,418.56
99222c3b-a6fa-4d33-841c-52d954905951,80666000-e891-4e27-bbed-83ae60e2a984,JAF-003,9,852.08
487e290a-3472-4947-a2b6-1f2a37cae894,3698722e-ced2-4e1e-8322-8128304d36c3,BEV-005,8,673.06
6ab9d9b1-844b-4773-a313-603fa40c3a1f,3698722e-ced2-4e1e-8322-8128304d36c3,BEV-002,5,915.98
19066881-e5eb-464f-947f-af1b1a02829c,3698722e-ced2-4e1e-8322-8128304d36c3,JAF-005,10,351.39
80b9fb0a-20c7-4e64-bb6e-5faa8c7874af,6fc3b0c9-7271-4702-960a-5674f2f41082,BEV-003,5,145.39
406d85a6-654e-4a1b-a0a9-db5d411a5682,d0d72098-9ec5-4e5b-a90d-c9f4bd5f951e,BEV-005,4,652.23
9f9a6eee-f3af-4dea-9a20-5c888ad79688,c13f1e93-0776-41d7-a71f-57ee9332748e,BEV-002,8,975.73
9c30cffc-c2d4-4dc3-a6d5-09e1e0725969,12820255-f60c-4b38-a817-1b0b8dd76419,BEV-001,1,463.11
1b3d15ef-4bf3-4195-ae77-e817e165b777,12820255-f60c-4b38-a817-1b0b8dd76419,BEV-004,2,558.82
78cc5eed-e890-450f-85aa-f9f6d1e56a1d,12820255-f60c-4b38-a817-1b0b8dd76419,JAF-002,2,786.43
d390fdc0-a6c9-4873-95fb-252002c6bbd7,f7213a9f-2ca8-4ac6-88f3-e6919ea97774,BEV-002,1,517.1
a757d762-ef99-41d7-a22f-7f867a597970,3240d88e-ef5f-4d40-b02d-53544addc111,BEV-002,4,42.84
d176845f-dbaa-4c95-b7e9-44d285461888,a8190057-18e9-43d2-bf24-13b6b8c61874,BEV-001,8,950.23
bf3f9775-3a2b-4a1d-aad5-109a69ac1b1e,f06bbcb7-13a2-4cab-94f8-3b406701b860,BEV-001,6,57.04
f4c6540d-2124-4d13-b632-da051290c63f,d9948435-c9da-4984-b7b8-2df78609da22,BEV-002,1,355.63
ade2c3a8-226b-4c78-93c4-06181b3e16b1,d9948435-c9da-4984-b7b8-2df78609da22,BEV-004,6,534.78
f1f54fc5-ed08-4fbc-a7a0-00ce4c2eb39f,15f194f9-a3a3-4c21-9e8c-fc851fa4776e,BEV-004,3,545.03
c7f2e288-020d-4fb7-9536-414d5bb49f38,15f194f9-a3a3-4c21-9e8c-fc851fa4776e,BEV-003,6,791.79
df6b9167-6348-44b6-95fe-668499899383,15f194f9-a3a3-4c21-9e8c-fc851fa4776e,JAF-004,8,622.86
96b5294a-8006-42a2-b9b8-4c592ddcb2b0,f059c3a9-4eb3-43a1-ab52-14c0055d553d,BEV-003,4,660.72
1659e329-8108-4463-ba39-eba13e215c89,5f773290-5385-4cc0-8dcd-dc3abbd23c66,BEV-004,5,684.87
4724dae5-be4c-4e84-84b1-d741866c6003,5f773290-5385-4cc0-8dcd-dc3abbd23c66,JAF-004,1,717.91
8c8d201c-68ed-4fec-aa0d-dd2bd2be9dab,3840aef4-248a-4608-9233-b9b2c5064ec1,BEV-002,8,709.34
ee4a5038-0b76-4730-9499-4fc57ce2fb0a,3840aef4-248a-4608-9233-b9b2c5064ec1,JAF-001,6,386.47
b4b52006-136a-4d3c-9b80-1f1bc6135d7b,76b59774-6cda-4f8a-b493-bebe1e74cc45,BEV-001,5,173.41
f366e6e0-bec6-4f04-8bd4-3b428aa00d2d,c06c5898-6729-42d2-b665-28ab27445ecd,BEV-004,2,991.88
8109b748-983b-40f8-bf5d-98244408934f,c06c5898-6729-42d2-b665-28ab27445ecd,JAF-005,5,269.44
e1705c18-ae82-4b27-b33e-81571251342a,b8c9ca1c-368e-482f-b388-29c000ae4278,BEV-003,7,704.39
e8702db6-7222-477c-bc0b-cca0a4d05487,d1a55680-c0b9-4d83-9af4-0b122c63a5c0,BEV-002,9,179.68
7656eddc-6bad-452e-a373-eabf4c602ea4,9d03db71-cf86-4520-8b3c-9d94f8610c96,BEV-004,2,166.7
29ed0618-72a5-4f90-bbb0-35354ecf2e13,9d03db71-cf86-4520-8b3c-9d94f8610c96,JAF-005,4,93.98
8f084881-5a52-4de9-b08c-ac03f727cb9c,cbfa237f-c22a-4635-8fd7-5b66d79eba48,JAF-003,7,591.41
ee485e41-baa9-4c89-99b2-98a8c0abea6c,192c5890-d3fd-40d2-b03e-6a9c7f8d01b7,BEV-002,8,997.54
5da4f3f1-5c82-414f-a97f-91cec44424d6,58a6e5ba-9511-4478-b721-47b02fb8dd74,BEV-001,7,648.95
f0901f0c-720c-4142-9545-b69ebe94590d,9b180797-d554-4f56-8bf0-c07300d2b07f,BEV-002,4,120.35
896a5b18-4364-41cd-ae0b-cc509cbd844a,d44d3322-4335-4c32-8f6e-6bb24f9e1c4a,BEV-005,6,344.38
a52e8f0b-ffac-4a98-8b22-2b13efad5bfe,d44d3322-4335-4c32-8f6e-6bb24f9e1c4a,BEV-004,7,759.53
753aa287-3c19-4d3f-8fb2-05e1d0a65ee3,d44d3322-4335-4c32-8f6e-6bb24f9e1c4a,BEV-003,1,431.58
b5e2aa6b-7c84-42d8-b266-2994f3e2cea7,d44d3322-4335-4c32-8f6e-6bb24f9e1c4a,JAF-002,2,731.3
878799e4-5e71-4bdd-9152-03fccf0eef17,d44d3322-4335-4c32-8f6e-6bb24f9e1c4a,JAF-005,1,921.18
2378096e-8e99-4db6-b92c-e95bec1a7400,3b4e2468-b182-4b5e-b671-7a891247d0d0,BEV-004,7,217.44
4e921c6f-5039-484f-9422-d932599ba011,8d8f7d48-fdd6-4751-8c4e-82dd42da745f,BEV-003,6,442.11
9e38d4e2-6429-41a9-851c-8521ba6c0559,8d8f7d48-fdd6-4751-8c4e-82dd42da745f,BEV-001,10,488.64
e1f608e5-241f-4813-a372-249d49ba1980,8d8f7d48-fdd6-4751-8c4e-82dd42da745f,JAF-001,6,425.1
a1adda8a-cebf-4362-a60e-b82a5fd14e8b,2664a3ec-c54f-4201-a28f-706a0f0f9fda,BEV-004,10,814.37
48f8eb31-30f4-4adf-b6aa-d230808c3463,b7236315-845b-4e22-9d2b-56f5eeac8cfe,BEV-001,2,412.72
fa4c9899-4c26-433d-8a74-eb9e2bca4dfb,e2f7016c-fe0b-4180-bbbe-0a1d6fe5593e,BEV-005,9,23.99
44c31ef7-bf15-4bc1-aae9-7fd4a17ff2e5,3c228fb8-ace7-4089-8a91-d4e2e2275d37,BEV-002,5,834.87
a8662236-29da-4587-815e-53c92205d15d,4f946a8e-7068-45b8-af5f-d75e2b94482d,BEV-004,9,482.77
813ea9a7-1f2d-4be9-9aee-0dcf85f27284,ded11af1-b1ff-4f7c-abb0-e47d039349d8,BEV-004,10,498.74
fcaa6bb5-0892-44bc-9a76-50be625d3d37,f28b8b38-a100-4ad3-8502-25f4d61b5cce,BEV-003,1,982.69
8c599f23-e7f0-4aee-8661-81e1d96bda03,a0db93f2-1e61-44d2-bc35-7dd301e3d001,BEV-001,3,366.88
baab4d36-bc43-4cc0-ad43-d17945b2e1c7,88e5c9ef-9181-43ba-b024-a9dc44d5a881,BEV-003,7,606.5
b08d8694-8c5f-40e1-a07e-4787c5df05fc,f97aec5a-b29a-48df-a8e4-d2687acfc5c0,BEV-005,5,163.32
5f4ccd53-121f-47b5-bc9e-ac20b90dffab,61529e00-defc-4383-9aae-3fc68b4edb27,BEV-002,8,576.56
03345d30-3510-4ebd-a971-f78be6e8c082,ffec3450-e982-442a-89e3-80b45d9042f2,BEV-001,7,457.47
3e49b946-84c4-4e59-8f7a-85f126e9e13f,31a9fd4c-6c8b-4c54-9671-a02240cd6248,BEV-003,6,576.38
f488ad7f-6b9e-4abb-91cf-f55dbb12b304,3f0eaf0f-dabe-41e0-a7fd-bf21feccf42b,BEV-005,6,784.72
53f2d8ea-c04b-40d4-993a-fd0ed6bb5e13,19bf79d0-a5d4-4e6f-b2f6-e157a79e802a,BEV-002,3,404.16
c8eb44e9-e0dc-44b6-a574-b5b4128be6b7,19bf79d0-a5d4-4e6f-b2f6-e157a79e802a,BEV-002,2,844.8
7d0cf85f-222e-43e8-b715-ea60a3c89d29,0d673a7d-68c0-4f8e-9a77-1cffa54335fe,BEV-004,2,317.73
8d9ab65d-015f-4894-a110-8b061056d323,d09b0397-51f6-48fd-bdf2-0f4293d84ffc,JAF-005,9,173.25
3df766ab-7602-4efd-a4d3-6c8f6db47151,af1a643a-d90a-4013-acdc-6085bcd4982b,BEV-003,2,756.19
77fde010-5f39-461a-8f35-115bee6d4e7b,86c8a34a-7c13-498d-9351-c32a6d918a85,BEV-002,1,489.25
be0c8db7-8660-474b-96ce-14913045ce72,70c71789-7a6f-4b02-a739-cc2789a9c0fa,BEV-002,6,893.83
edb932b0-7d58-4ec2-b3cb-08611a2167ee,70c71789-7a6f-4b02-a739-cc2789a9c0fa,BEV-003,7,226.72
bd9b5bef-e21e-4e18-a2c2-8e28cba44394,07fb09d9-0065-4d07-8c67-ee228a070d9c,BEV-001,8,848.58
0f904a2a-4b98-4b01-93cb-c3fcdb6add38,5fe01e3e-9c19-464b-9f3e-956533f2afe3,BEV-002,1,287.79
47decd4c-b8b3-4169-a7dd-eb4b2070ab63,bc052078-dc01-4373-a6eb-b525cf76eac3,BEV-002,5,876.54
f194ea58-a9ae-4f36-be28-667657e1a143,c3e42995-5e22-4418-a43b-84d4ecf40cd0,BEV-003,3,377.11
ff9aa856-6f83-424c-af61-399f1a2b4596,9ba359ee-ca89-495a-8511-0f2113d0477b,BEV-001,3,427.84
d18c5438-f9d0-48c3-8b7a-f114ebb02763,d61ec901-635b-4daf-88b6-40ee5d9c284a,BEV-002,10,173.93
d9ae7b75-8767-41be-b8b8-59a1f7f92674,64eccf70-4ae6-4745-aa84-07b6c66002f7,BEV-004,1,498.8
c78d3a6a-3aa6-4ee3-88ba-ab766d63d2ba,64eccf70-4ae6-4745-aa84-07b6c66002f7,BEV-005,9,668.74
c633dec9-cefb-455c-b73d-216734bfa79e,f3360cf2-632d-4dea-a223-fa6a55f36bee,BEV-001,5,970.19
9a1e4c16-8715-429d-a9ee-a24f58e4630b,abd4584c-4c6a-4719-9ec2-2b5499bd53e5,BEV-004,5,245.42
9a3a3cec-401a-40a9-a1ce-fdf901e9c7ea,a8d85a37-4bcf-4cee-8ffa-672e61132abb,BEV-002,9,605.84
3e6043c6-e3f5-4fcb-9fed-a1ec35845df1,7008404e-8c81-4030-bcba-80553f676a6f,BEV-005,6,889.45
5e63abaf-6671-44c4-a0dc-8fad0e4e6651,1005a497-8058-47ef-ab82-b718c2a4292e,BEV-003,7,467.63
cd03ecda-f53e-4216-baef-63dd00b5f128,1f8c1acf-0411-46f5-b451-f93a4bc92ff7,BEV-005,9,309.5
548b0835-d225-486d-ac94-01c00003b17d,d2075d1e-2044-4ef1-bcc6-5b4f9592b3f6,BEV-003,5,389.86
a627e0b1-b4e9-4973-a14d-b63a5966f410,3ad9ee95-caa5-4fdb-91ba-1bc0fe24426a,BEV-004,8,170.29
a695bdb5-e226-459f-a5e7-b51cabea0c3c,3ad9ee95-caa5-4fdb-91ba-1bc0fe24426a,BEV-002,6,467.44
a0a9d321-4691-4ea8-b78d-284f498b37ea,3ad9ee95-caa5-4fdb-91ba-1bc0fe24426a,JAF-002,7,992.84
99728e5f-991f-4de3-ac00-eafdcddec586,bf295b12-854c-4686-9212-cdeefc529514,BEV-002,10,598.29
bdd334dd-5470-4f0f-81ef-1a645f10f0ed,70f23425-c48e-42dd-a013-b9cbbf7eca21,BEV-001,5,697.76
8ead57e7-674b-436f-b7d9-cdf2a094687a,933163dc-3a11-40a3-8caf-fe0d57c2466d,BEV-003,6,412.9
76e7f725-bdc6-4c48-8d5f-ef1d3b7b76d2,dba95897-2206-4b79-9df2-35ae2a3f64b5,BEV-005,10,683.55
86ab563e-8e60-4d4c-a534-de923b62de52,5ff9d05f-e8d4-46fe-be67-68bbb972959e,BEV-002,1,254.21
ee3158d0-98a2-4626-8b6d-8b4f0b668876,a5da354a-31b4-4419-be63-f5005177b4af,BEV-002,7,463.55
0af91eaa-4aef-4e6d-84df-0de979a75619,a5da354a-31b4-4419-be63-f5005177b4af,JAF-002,1,547.57
eac9a58f-79ec-440f-b668-f7f3163710ae,46411f91-af0d-4ad6-a1b0-076b806ed1c5,BEV-005,8,157.6
ca3f114b-ab42-4d66-825d-b1fe4bbc3b96,46411f91-af0d-4ad6-a1b0-076b806ed1c5,JAF-003,8,11.18
4ff5d77a-667b-4e6f-8f64-8bcd53935082,3e6ecf60-7d95-480d-b640-94f855aa3da8,BEV-004,5,55.18
b998fae4-6fe4-4fb5-81cc-9c6b85dc81ca,2db2c2e1-48d9-4bcd-bf36-8699534e4622,BEV-005,8,629.13
74bedf40-1750-4d4e-9ee1-7940666d09ba,1bd7bfc8-8be0-463d-bd45-0ec54f01e24d,BEV-002,4,583.13
30d799f4-216a-4465-9a6b-195aa1f9250b,e79d4eb9-a28c-4a6f-a545-f9462d11b535,JAF-005,9,200.38
a9cb63d6-813f-494f-8bb6-566bff46fc7b,91de1806-cf2c-4f58-954f-62471de6408d,BEV-005,5,950.75
7d340ff9-763e-45c5-84aa-366c95ad26cb,74a90ce6-71cd-40bd-848e-f87d532db5a4,BEV-004,4,983.06
f19ae638-bb58-493e-ad15-6543ad81e068,5380531e-2aae-403f-9924-e31cb226e59b,BEV-004,10,450.64
a52d3e6d-4b15-455b-9bcf-56bf337dcf29,6f83961c-875e-49de-9373-0a83dd989391,BEV-003,8,20.81
3b269971-9ce8-43d9-8f85-d1a333adf82a,dea2f77d-035b-46ea-a749-320a59704310,BEV-003,1,435.24
e1825d06-4150-41df-a036-6abf95e38775,c27ddb49-8667-4ff7-9d44-ea433bcae0b4,BEV-003,7,711.21
6e5622a6-ee74-489e-8810-2979474ec245,c27ddb49-8667-4ff7-9d44-ea433bcae0b4,JAF-005,2,136.55
57eaa2ac-02c8-42ea-9413-f5c2915f7d1e,dbc5a1c5-eee1-4953-b766-72a0425380e1,BEV-005,8,78.14
eddb8c6c-157b-4985-802b-1a5e1da7247e,91472631-bd5b-4699-803f-d36cd064a2ac,BEV-003,8,330.9
cbf24704-21b6-4899-812d-0430161ca5d4,936bb7a2-6dba-4cd2-8dab-a3708bae1f11,BEV-001,5,198.92
74f4defc-9a71-4b0d-96a8-7433ff6433be,133c570e-c188-4d38-aafa-f537157dcdbf,BEV-001,9,851.61
c4679165-a094-499d-a219-c211e0126f36,d2275929-b1d3-418f-8e8f-4daf5e182dc2,BEV-004,3,57.88
f86b2448-14d5-4a31-ba0b-515f8d0494cd,d2275929-b1d3-418f-8e8f-4daf5e182dc2,BEV-004,10,623.15
3c5f40ed-0dda-4358-88e4-b4b720b2679f,d2275929-b1d3-418f-8e8f-4daf5e182dc2,JAF-002,10,89.16
4547f7ed-d15c-4d65-887f-9e0737feaf53,977b1d83-d416-43c1-be80-8c8e76ce4c5c,BEV-005,1,821.25
342b490c-a0a9-47ec-9402-3e25e1867698,75c1ea06-9aaa-46ae-b4df-9c1c0fc9e756,BEV-003,6,790.98
06fe7020-644e-4087-9053-21630527b2cf,0acf15c6-bbf0-4c68-adfe-063a55a0bbae,BEV-001,4,97.61
3177995a-6531-4a26-9a7e-8bdeb687ca65,b2f9c8a4-45bf-406f-97db-94046d8b54f5,BEV-001,1,967.04
b319190d-d21a-4ede-8411-9000d2b2fee2,394b6d11-8bf4-4660-bb20-ee749e049095,BEV-003,5,655.49
1b0837fb-a593-464a-bf8f-577ffe5a69c4,394b6d11-8bf4-4660-bb20-ee749e049095,JAF-002,3,281.74
8f9a3e37-4192-4b74-867e-2831edb01bde,69c8f56f-7f70-4005-bfcc-828309c6efac,BEV-003,8,262.61
e8eca729-f1d2-47f7-bdcc-9024d879ab95,69c8f56f-7f70-4005-bfcc-828309c6efac,BEV-002,2,910.85
e01c7ca7-26c4-4224-9ddc-fb83ffefbcdc,2b415509-d4f2-4c13-ac17-e10b0ee7f767,BEV-005,7,112.7
77898406-62d3-4d51-89c7-e8fbf9f4007d,3c06c0bc-a357-4665-ad63-035ddf70772c,BEV-004,7,527.51
359574dd-8214-4e23-88d4-6423dd8f3779,3c06c0bc-a357-4665-ad63-035ddf70772c,JAF-002,3,39.51
d1dbc7dd-c50f-4072-ada1-c5c5f9a8aa5b,3c06c0bc-a357-4665-ad63-035ddf70772c,JAF-001,8,643.38
2df0d250-7a4e-4c33-8ffb-42d35cbbae8b,3c06c0bc-a357-4665-ad63-035ddf70772c,JAF-005,8,454.43
ff24badb-36cc-42cc-8784-c63381639c65,8573dd48-aed7-40d3-b0cb-493e6ec5878d,BEV-004,9,734.06
f91e168a-4a3c-4774-99b7-26b3a5e24565,eda03f45-8771-4fc3-bb12-f10f941cbcdc,BEV-002,3,491.2
94de4a95-0e82-4010-9604-8af6bf3b49c1,37393d69-6fc0-4508-8881-ba0e8b983dad,BEV-002,8,50.75
c501a5f5-e31e-41b3-aa75-d6ea0bf7aabb,ca82da76-6c0f-428c-9906-e03bb7e8e237,BEV-002,7,542.33
fbfa0a57-4ee7-4a72-be87-81370d3ea748,ca82da76-6c0f-428c-9906-e03bb7e8e237,BEV-005,9,711.14
f68cfcf1-c201-422c-b3ef-932857e55d22,ca82da76-6c0f-428c-9906-e03bb7e8e237,JAF-002,10,799.36
c864d6c9-ae9d-4195-aa2b-0163cd0881ff,ca82da76-6c0f-428c-9906-e03bb7e8e237,JAF-005,4,847.94
57a669b0-2359-4c64-9716-38c88b4294de,3a9750b9-7419-40ce-be9a-d4e5df800d4e,BEV-001,1,738.54
16eae04f-72d2-47b1-9e92-5dc7d88b7c49,3a9750b9-7419-40ce-be9a-d4e5df800d4e,BEV-005,2,989.12
ed45a52c-a762-42ad-9c77-331162f585e8,e77689a0-9d4e-4680-a632-6f2e73eb6756,BEV-005,8,160.39
78b8c86e-65d1-4802-8707-ba75bc1c02fd,28759c3d-5ae5-4d78-8b30-3fffb947a7e8,JAF-001,10,318.46
be4f4f70-de0a-4281-857f-f24a3f401984,28759c3d-5ae5-4d78-8b30-3fffb947a7e8,JAF-001,3,926.18
18feee7b-eb76-4c28-9f13-86f2374ec86c,3f29f078-13f7-453f-84f4-94caa993d95b,BEV-001,9,60.59
6c4414a9-8933-48a4-87d0-241311ce2442,3f29f078-13f7-453f-84f4-94caa993d95b,JAF-003,4,15.23
ff0802e1-91d6-4658-9365-c9962a340a96,32bae454-31fd-430f-8a26-f858e1338168,BEV-002,9,766.37
55d7216a-964a-4402-bdfc-2284e0fa8c42,5ffb5e12-3931-4eb5-b2b7-f071dda78abf,BEV-004,2,458.88
cca625d0-d12f-48a8-bcf6-991a626a8733,cbad5d31-bda4-4814-a38f-b9d6cc238d0a,BEV-003,5,795.05
9175cd1b-abee-43d2-b914-392e22f624f8,d0bf0e77-1990-47f0-852d-cfe3bf284ed5,BEV-004,7,728.83
3f3d42d5-4c77-4bd1-966a-dbf56fd515b6,d0bf0e77-1990-47f0-852d-cfe3bf284ed5,JAF-003,6,478.35
7095ebdc-142c-40e8-aa71-cf90f0b25682,dc87579c-0caa-4197-8bb5-66cb14a5c376,BEV-002,4,550.72
e95b4a69-afa8-4e8c-9ea7-e77179444c48,f115b208-09e8-4332-9d28-8d3f1a957b3a,BEV-003,2,477.51
884c11ea-5446-4887-bb2f-6ac41677f51b,1adaef2c-8569-4f5d-8e2e-c17f57c41fd8,BEV-003,8,706.51
28210c32-45ad-49e0-8cf2-47119d12a7e7,551c6e52-7409-4e00-9ae2-79a0836d5596,BEV-002,9,202.91
7dab1339-44e4-4612-ae72-459756b2e051,551c6e52-7409-4e00-9ae2-79a0836d5596,BEV-005,2,494.48
fab84039-c95c-4078-a7dd-b0683dd9613f,551c6e52-7409-4e00-9ae2-79a0836d5596,JAF-001,10,582.32
1c15087f-3819-46ae-aca3-e336463e3b41,5801f3f2-b201-4760-9e57-9a1821f7022e,BEV-005,4,392.99
fa2f74be-b1f2-49e8-9530-9790b8e6f4bb,42466ef7-9f6d-4886-a8ae-510c6f61eaf4,BEV-001,10,898.51
aec5e418-4432-4e28-98cc-dc1fdb882a37,0922daf5-276f-471c-be3d-39b20a365ba8,BEV-002,10,453.39
b5d41ed2-3c3e-4fc7-86a5-18cd590b6b50,7e91af3d-68dc-43ec-b4ab-cfa75e5c6f03,BEV-002,3,134.57
d12c6b39-75d6-4be5-9fcf-697d89b5f67f,7e91af3d-68dc-43ec-b4ab-cfa75e5c6f03,JAF-001,1,334.37
75907bea-42b0-4846-8c2f-6ceca5952acf,bfd47980-0dbd-4303-a799-e4c96315bee3,BEV-001,9,492.05
45ecabdf-e8f3-448c-a373-ad3b4f1d7f07,652a60f4-7b0f-4453-8716-a4f9fa42a087,BEV-001,3,693.63
b4332e6a-3e29-4bc9-9ebe-5ac176f3e732,87199713-37a1-4c4c-9639-5e9d03d68590,BEV-001,1,202.65
10d63696-2725-4cf3-b7b1-6abbf14f288d,4bd703ed-b98b-443f-b9cb-e7c0b27311d7,BEV-001,2,492.19
305c29eb-d479-46de-b5c7-e89969d28544,9fb9a70b-60df-4b3c-be6e-8661cadf704f,BEV-004,8,788.94
7bdd9771-2505-479a-a504-4b34497dd593,c14a377a-3b70-45eb-aaff-83be2fc17d46,BEV-002,1,33.96
1d478204-e5e6-4e0a-9f45-d1eb1ee21659,ed3fdcaa-64ca-47fc-8be2-32bd00fea8b1,BEV-003,8,697.05
8e47e3f4-c660-40fc-ba62-340356755451,3714ed91-5f63-484f-842a-438ca72bfe78,BEV-001,7,490.96
38fd77a2-ae4b-4b4d-8d14-2b174631107d,9d3ef8da-6153-41a3-9c9d-3f72fed174a7,BEV-004,9,884.88
3d0bca56-19b2-459b-a181-7baad942be69,e3c9db76-2453-482d-8761-5ac0f73f1b09,BEV-002,7,582.83
23149096-907e-457b-98f1-338d19ad06c4,e0f11c57-4b8a-4b8e-b48a-82006efd24ae,BEV-002,10,265.22
cf9c1090-9ce1-42f5-8520-cc3d083b8bb6,e0f11c57-4b8a-4b8e-b48a-82006efd24ae,BEV-005,6,559.58
4a3a307a-71f0-4714-a728-734f8beeb6de,9275d418-9208-41e9-8180-c20b4a0ce6ac,BEV-001,6,924.33
18ca60e9-7e35-4b4b-9fac-7c453f77f605,883d2ef7-db3e-44b1-93d5-627b4cecd729,BEV-004,8,992.03
d3daaa90-8e4b-41e8-ba6b-e19ed14f1df3,883d2ef7-db3e-44b1-93d5-627b4cecd729,JAF-005,10,816.12
da425027-2a71-4510-ad29-069ee0175a7f,883d2ef7-db3e-44b1-93d5-627b4cecd729,JAF-003,9,235.28
1641d79d-e6da-4da3-a352-d43b353f9b77,e27b5b06-b017-484a-b152-498793cc2442,BEV-005,4,159.88
24884517-9c9b-4d57-9d78-c2193212036b,a61f8a91-efa4-4e58-a616-8833803ed943,BEV-001,5,386.85
6fdb4e0f-621e-4702-b24d-e96a975b38c9,d8947ef7-0080-4826-bbfc-98a7cf4be15b,BEV-003,10,954.29
7c2c33e6-1815-4821-b137-93884550cf1f,99abac58-e7b1-4af4-8777-895960cadb17,BEV-003,7,734.94
2031b3c4-389a-44b2-9cc1-aa58e7aa9653,9c65645a-a88e-4e26-9882-bbfd3ce7ebdb,BEV-001,3,759.22
0eed0ec9-58f9-4843-9680-071dd400e703,b82dcca6-4446-489a-a0ca-88a51bd70d80,BEV-002,10,496.09
c7c15c3e-4443-4049-8dee-7bc93475a048,36326605-8bc3-4307-92bb-fc672f733003,BEV-003,8,328.85
47d464d0-c368-49e5-85ca-75ba69c4ebc7,6378f02d-8ecc-4132-97ee-0e53212a6605,BEV-005,9,468.43
4d034781-789e-40c3-8bed-8268130d523c,6378f02d-8ecc-4132-97ee-0e53212a6605,BEV-005,4,200.5
8cd3901d-693b-4d3d-a581-547e4c7c560f,2eb06630-17c5-4a29-8666-98bf86606da9,BEV-003,6,135.98
2d099284-f568-408f-9e0c-59c33af4e28c,30864a96-22ba-4a90-872a-5c9426564a97,BEV-001,6,285.02
1843df9d-dbc6-4e5e-af2f-2923473d7bbc,e5182853-b5c3-43e5-ad06-ba423ec7c66e,BEV-005,10,280.28
d3c4d88e-a832-4555-9837-af55cdf2185d,e5182853-b5c3-43e5-ad06-ba423ec7c66e,JAF-005,8,162.89
b8b2259a-cccf-4996-95f3-fbe770644a3d,ce6ec266-a7ec-4b88-b308-d8317b09adaa,BEV-002,5,724.2
cdba1a83-7819-43ed-a0d1-cc998144cb70,1ef45168-3a98-4060-b02d-b29c207b4d3f,BEV-001,3,61.74
ed3a6b98-1176-44e5-9b0e-9603d384e4a2,1ef45168-3a98-4060-b02d-b29c207b4d3f,BEV-001,2,660.02
82da6476-6d85-4a8e-8caf-69a195a78fc9,0091976f-0fc7-4a20-be3f-eaa8f92a16d3,BEV-003,1,141.14
9311c3bd-e131-4a51-ab8d-bdd4eb095be8,aa7974aa-d0a5-4d8e-b34e-f6235a346e8c,BEV-001,8,918.98
95a0f06b-b9df-45e3-922f-050b39eab805,53bae298-9bf4-4d00-bd48-a0341caba90a,BEV-001,8,748.07
4a6aa5af-9efd-4ffe-83c0-a73c03c754ba,53bae298-9bf4-4d00-bd48-a0341caba90a,JAF-001,1,682.3
80535725-6e91-492d-80c7-a398307de716,aaf0011e-f53a-48e3-8ec1-cdc9f022b6e9,BEV-005,8,263.54
a3eb7aa2-5fa6-413b-88e7-52ac24c0d90e,33d91746-c1df-4962-8e60-7006f2e5f9f6,BEV-005,7,567.83
5e0357ae-44df-45bf-a15a-b42cedb54733,8674ef03-173f-4b97-a204-6def14b236fe,BEV-001,8,628.59
b210c101-d700-47b3-9207-2a1083c3a038,8674ef03-173f-4b97-a204-6def14b236fe,BEV-005,2,232.84
f1ddb119-ea29-4c07-aaeb-6f675c9cb3e9,87a63ec1-579a-41dd-816d-94a1a553d2c9,BEV-002,6,558.27
1a451307-55c7-4373-a800-04d8fa862bdc,9b0e5225-74b4-4142-aad3-a57417d6a4c5,BEV-002,2,478.74
5d80cead-2457-4568-b888-e4d3c234001c,48dae2b7-36c4-4e04-872d-cf078a2abb93,BEV-004,1,776.55
e2e114c7-d875-4cd1-ab4a-b4ffd469cffa,48dae2b7-36c4-4e04-872d-cf078a2abb93,BEV-004,7,636.54
a766d81e-0b31-423a-8889-ca56e02b6861,48dae2b7-36c4-4e04-872d-cf078a2abb93,BEV-005,5,23.52
ee1a0b19-631a-4686-825a-906dce30f570,48dae2b7-36c4-4e04-872d-cf078a2abb93,JAF-001,1,128.13
d958750b-f503-495b-a557-53d949f56533,48dae2b7-36c4-4e04-872d-cf078a2abb93,JAF-002,7,172.57
8a6a78d6-6aff-4cd3-bb81-744125e5f81a,48dae2b7-36c4-4e04-872d-cf078a2abb93,JAF-003,5,252.62
0c237b98-cee8-40f8-8dd1-80eb9796aa7d,ea5a7a6a-b675-4f81-9a20-96e7c3faf7f2,BEV-003,6,684.51
f9e5ec15-8cce-4179-a1f8-98efc2d16b99,f235bdd2-bf00-4f0d-b507-77f746cbadbc,BEV-002,2,791.11
40682e0b-b37c-44cd-a5bc-958b08fd8390,c033b040-5720-4b9a-aee6-65e47ac3368e,BEV-005,3,978.14
dbd093e8-b41f-4f63-bf42-f4858695f5f4,c033b040-5720-4b9a-aee6-65e47ac3368e,BEV-002,10,647.97
ecee3254-7ee9-4fad-a378-3d186b85a372,c033b040-5720-4b9a-aee6-65e47ac3368e,BEV-001,7,344.05
536ccfb5-b3c4-4ca4-90b3-753c4ebd59b6,cedb1e7f-99af-4e09-a5fa-b96f09fd3b26,BEV-001,1,419.86
d6353052-3684-4a46-af0e-607e6be2bca5,8ead82e2-2be7-494e-b025-d26089c4c6ab,BEV-002,7,43.37
694dd8b0-9f38-4d5f-9117-bad9fe0c685b,c4eb8443-3d91-4736-809d-d38cbe3f2a56,BEV-001,10,388.66
08c55c6f-1317-4c6c-854b-3d43b44d0f7f,654077e8-f7da-4771-b527-92fed8c5038b,BEV-005,10,651.4
620f3f20-d1f6-4076-9354-06b84d657c19,d0dce424-57c1-4be2-b705-617633f0ccb3,BEV-001,5,100.23
58f9fa94-a8bb-4b35-8d25-481173da4ca5,80674423-8c3b-4fd5-b400-06e2a2befd38,BEV-004,7,717.42
e31212e6-0907-4ea2-8826-e75950eae329,6371d9ff-7fb8-49e3-ac73-a3974bbde091,BEV-005,9,567.07
e94f9847-156e-4a77-b913-0950aaf6759b,c57bbc05-7e75-40a6-8831-ca0f3bd0745d,BEV-003,3,512.3
9ec6aaf9-8fcf-4530-9c4a-68c68574c5ce,662e528b-b044-401e-9116-172171d888ae,BEV-004,10,764.51
5b2b63ec-accc-4333-95de-3ba6d886f3f3,0ea820f4-ea88-4eec-911b-f91acad38df0,BEV-003,7,215.05
881c0acb-a53e-4a11-9f4d-3697e7ae844e,203a2573-0422-4f24-84e3-ace48d4c14d4,BEV-005,6,622.95
deaf2c36-8d0c-4e71-be98-db52d41fbf1e,81892b4e-0482-48e0-a059-bba4cd65b185,BEV-002,3,568.93
9e6f505c-a8fb-41f9-a429-72491bfd80d7,211236d1-62b4-4dc0-a983-70d8340bbd86,BEV-004,2,415.65
b38a4f63-d43a-4998-97d6-fa8cdb31b0fc,c2ab169f-15ba-4c4a-834c-a93932eafe74,BEV-004,5,921.09
6c29e717-0716-41a4-830b-dab1a1d285fe,40bf39aa-63a7-4734-9180-86e06b84881d,BEV-002,9,221.77
0c15b61a-e56a-4e59-80c6-d937cbdddea2,905b680d-2037-471d-909e-8ee7ad7702e5,BEV-003,3,610.82
752cf508-4ee3-4c3d-bf3d-1b6aa3d1ba9f,4f206bb5-9f00-4d93-bb3c-a1d0ff2dd2bd,BEV-003,3,449.83
3edecd87-b36d-4fb9-9a30-e966b97a1960,5b6b1cde-de87-455b-9c0a-39ff2a2c3989,BEV-002,7,949.06
f90307f0-5db2-41f3-81de-5db166dac45a,f7646085-9b37-457d-88e2-3fd2c8f386cd,BEV-002,10,700.12
6b9b20ed-ca80-4a72-83b1-eb98aaa6d75c,2b807911-75c1-47d5-be23-b638a28cc612,BEV-002,9,749.61
273a3a87-c83d-4aba-adf4-e4a79f8630b2,8611352c-f437-4395-8954-c8fc68034f27,BEV-003,10,311.25
6dedc076-36d8-4939-bf35-064fd74b07e5,c837717a-d80b-46b7-8a3b-388ec0fbd27b,BEV-003,8,546.68
7fce17b5-1600-463b-bebd-26df5f5796a0,36ba50dd-980f-480d-8c5a-e55ea0e1e539,BEV-004,9,797.87
65514b7a-0717-45dd-b681-400fbec93907,b0de70b0-19ff-4bc1-a3d2-b8cc4a710c82,BEV-003,6,81.51
7bdc0f4b-9a31-4ee8-9dc7-349d15ffa528,082b69da-97ee-4dc1-8b37-ab9423a8ed3d,BEV-002,2,711.09
fe6278ed-bf38-4d8b-ab23-9d72c9ef393d,035634e3-8574-43ee-99ac-0fd0df707b9b,BEV-004,5,810.8
ed96d0c3-9b72-49b0-9d19-6254d3b3c277,7dcee0d0-849b-4b97-a645-2998106ce5c9,BEV-002,9,612.41
84794909-c5d0-452b-b459-3950c3234d51,c2010f8e-e761-4abb-bda9-d708e5935228,BEV-003,2,748.76
b25c1966-64f4-4591-9321-930adbed757b,41c227d8-429f-4b7d-8e1c-8bc9d5bbca21,BEV-001,7,494.93
bccf6cdb-cb98-47d6-890a-933f8620ac3b,78697382-0e8a-4968-b593-c84582c8dbba,BEV-003,4,553.93
8fb01442-313a-4200-84f3-cfbc8e461a5d,877ab904-b5ed-4501-a58d-db7e186f7392,BEV-005,6,722.46
28291ade-3f1a-4462-a3ec-4ecb1644a8f9,0fe7b7d1-38b5-4dab-a5b5-0778d7b6dcd9,BEV-004,9,281.48
2f2d708b-62ea-4f42-81eb-e90ff5003d7b,69a2decf-501f-414e-a64e-d7c3da48ea59,BEV-005,10,567.49
612112bc-b1d0-427b-93a1-99c3aaf2e672,e1076180-d6f4-4936-a75c-06a5ca3c0571,BEV-001,5,356.57
04642de1-d75d-4259-96b7-09946dfc1469,3f5ba377-7b5a-4968-9d3a-12470a5afc05,BEV-004,2,974.68
672667a2-d1eb-4eaf-9f3b-1351d18456ba,1e423720-b805-4154-90d5-d7bd254bd897,BEV-004,8,422.93
0a4b6bc7-66ee-404e-9f95-603cb1f3fc7e,1e423720-b805-4154-90d5-d7bd254bd897,BEV-005,3,833.17
03e50899-722d-4a87-b5bb-9a4470788485,c8c00ba5-8e99-461c-8037-ca0cfbd4a02c,BEV-002,4,382.81
43461db0-e970-4d03-a66f-49da4fdcf588,80921764-18f5-47fd-b006-bbece6870c53,BEV-001,2,394.74
c6e67185-4583-481a-8af5-77cfc210e49d,d894f990-1b70-4925-9276-d72c988b5891,BEV-002,5,319.71
edf2cef2-8a86-49f2-a136-fa5ff96462ad,c2daef48-e06d-42a3-8bbf-a708b00a4315,BEV-004,5,152.68
f9ecdd1a-7ba2-426c-8263-a74b481d3952,3478c5e9-96e9-43cc-840d-9652f17d6f1e,BEV-001,6,319.8
7c5904a3-170f-4560-b8ef-2d972bfce133,44da63dd-0034-43e3-8ba5-a70623cd885b,BEV-002,8,487.84
3488ca85-fddb-45b2-b442-55b21ff8c941,d08ded87-28ab-499c-901b-e65b621a62e9,BEV-002,3,553.59
77454233-7cf8-45d5-9d54-07e623dc3b9d,0aee78c1-61f6-4c0b-9dd2-63c07474f949,BEV-001,6,200.13
21197e5e-0291-4504-9204-772b1057f82c,e9cc428e-3613-4397-aeb4-9f0d8d673bc2,BEV-005,6,24.95
a825b0d7-bb70-4f5f-8fd7-9dba20aee8f2,93f10028-91cc-4cdd-b55c-87d4041e7a03,BEV-005,5,204.57
96fe85a9-c84d-4456-8f99-8448e94be504,93f10028-91cc-4cdd-b55c-87d4041e7a03,JAF-002,9,194.78
f237d939-259f-4ee1-b4e1-72604fbf3be3,1102fd46-604f-430f-be1a-6f3f3caf51a3,BEV-001,10,399.08
b325e555-14b3-4c23-bdb5-40d7b627b0a0,dd4d5dde-9259-40e6-9c81-1a51915b49c1,BEV-001,2,398.0
e32fa280-8cb0-4d42-81e1-36c130375ca6,9700f57a-5a9e-48e9-91d8-6b509f9ef00a,BEV-003,2,198.55
2e9ac1cb-d058-457a-8b9f-008e0a8f0704,58034a0a-745b-4e51-ae2b-9b72c86cdc49,BEV-002,6,475.65
723e5567-a904-40bd-8dc7-1bfae952a3fd,2161e36b-d444-4051-84d8-6bd057812d46,BEV-003,9,505.0
09e5b738-ce59-432d-89bb-0d46f65576a1,90ca1fe6-6e48-477a-b2e4-6138dc0169dd,BEV-004,3,486.45
77045728-b62c-44d3-9453-6ba38b3f27ec,eff31d5e-146a-4e23-8405-d188111f2048,BEV-004,7,241.87
9ef36406-3df6-4dab-b252-052c40f811f7,eff31d5e-146a-4e23-8405-d188111f2048,BEV-002,5,811.48
2325fe89-64af-46df-9bc0-ad8fbb8bf2af,eff31d5e-146a-4e23-8405-d188111f2048,JAF-005,7,69.12
fed3b1d6-96a7-4be9-89b4-e4be96de51e2,99c60252-7701-4064-9739-9a723c6e1ec8,BEV-002,5,274.03
ceb44371-d393-4a4e-a73b-1719621f24b0,e6c976f4-4b15-4497-86c8-ff9b4a2c4f9c,BEV-005,6,174.52
83194634-d735-49f1-a8ad-951556cdf116,4745022d-a3c5-4505-9d79-cfd80701bf48,BEV-003,8,892.64
18462d97-50af-4eb2-8c0e-876795ceb07e,7fb0c861-9a81-461e-bcf3-690008a18525,BEV-005,3,112.26
30fedc4d-2727-4900-ba13-c5a575f6a972,a43bf521-2ca3-4978-9517-0f87d4b595eb,BEV-004,1,494.27
2afbb58a-9c5c-4e31-879c-bdce9fd2ce28,fdbc2ffc-1815-497a-9145-f6b64af06294,BEV-001,9,772.12
80db825b-b4d4-41b4-8cdb-2ef6ecd480b9,6486928b-3e56-4aaf-8214-fe9e9045bcb5,BEV-002,5,423.12
db350a09-f675-4333-a2d9-8df7623bdf28,da841152-7e1c-44b0-8134-88fa834ebfe7,BEV-004,5,967.61
fed9a212-23b1-499e-8fb8-42f07cdc4dae,c29053b0-fde1-49bc-9960-d5557b48e1c6,BEV-001,4,85.63
6d776d8b-05bb-4b62-87c5-9552c194dfd4,174ab79f-534f-43bd-bf8f-e0926362ffa6,BEV-004,7,960.02
47bbeece-7b65-453d-806b-e7383ce0de4e,1487efb5-c9c8-4a45-a44c-00939441623a,BEV-002,2,569.96
ab13481e-5627-4c29-8783-98afb83b1d06,69b6b6eb-4d44-4158-afec-318e0ce8dcd0,BEV-004,3,982.57
a4550ca0-88e6-4b8d-9c33-fa215a8e87dc,429dc4b8-8fd0-4341-b0a3-c6d53f62e903,BEV-005,2,234.77
f471bd4f-da66-4510-b752-11e628beb666,6e9dcd89-6394-45dc-9cfe-4cfd40b9d022,BEV-002,9,673.95
f3234597-cd16-482b-bda8-941f63070bd0,6e9dcd89-6394-45dc-9cfe-4cfd40b9d022,BEV-004,7,306.37
647fffee-be99-40af-9e21-934a115a2f09,64dd255a-7b15-4196-bb74-47d078fa435c,BEV-005,2,697.36
a355dd50-507d-42fc-a730-4eedbaaf28b9,eb23921d-2801-4cdd-b8cc-fb6ce67c0cb4,BEV-002,6,590.46
42ced2b4-3b72-44f0-b05f-768cb9f216e1,eb23921d-2801-4cdd-b8cc-fb6ce67c0cb4,JAF-002,4,626.89
713e550d-46ec-4b0e-b190-e91ab475bb03,2f176e70-0e15-4089-aac8-233169682bed,BEV-005,5,981.27
9d493b26-0e27-46f8-9f00-abe8ae6dc9df,de98f503-000d-445e-9df4-313385e02a5c,BEV-003,4,198.95
7ff68259-a31a-4e64-afeb-58d90fa0a15b,6817c5a6-12a4-41a9-a482-4588abffdc11,BEV-004,3,435.04
0dde9de0-62eb-4422-bc31-160877a6e252,8c957f8c-1016-465f-9d7e-ed70b4253d10,BEV-005,1,207.47
c111073a-2ccb-4e28-99a6-c0e18aeeb81f,20cd0239-8ebf-45e8-9656-16f35392b152,BEV-003,10,837.71
8a2df386-f0e9-4449-aed7-532c1f7a0539,55958376-9f9d-4e1a-b158-c6c4ddfb3267,BEV-003,10,695.95
9aeee4be-054c-49b5-9d18-0da5656774ef,730dbdb2-44cf-454a-8a73-95c3096f73d5,BEV-001,2,561.9
362f7af6-1249-488d-878e-bec9cf1cd439,e8502b11-7ad0-4c7f-8283-a154c5ab228d,BEV-003,8,772.99
8ee19f50-99eb-4dc0-b2d8-f18b088a7f67,e8502b11-7ad0-4c7f-8283-a154c5ab228d,JAF-003,9,868.96
d02f25f0-3753-48e2-a024-f976d26d5987,dfd87bd2-573c-41b6-8f4a-dd0956abc8a4,BEV-001,9,564.82
6a429062-2093-4357-985b-c95495e83697,f15773eb-3d54-4664-9132-381e0507dc3e,BEV-004,2,440.38
8321cdcd-b6bb-4782-873b-5815cba27ec5,32fbad43-6742-44ff-85e9-f1908be657be,BEV-002,2,877.12
98e5008d-7854-4b9d-a14b-f8732157a507,ecb40cea-1b91-4294-93aa-6ed23ad41860,BEV-005,7,876.75
ed3fc78c-f29e-4738-989a-8d6e138f7fac,4445a919-64aa-4a82-b2af-4b889027b4e0,BEV-003,10,540.72
bea2eecd-84e6-4281-b22a-81d957926806,4445a919-64aa-4a82-b2af-4b889027b4e0,JAF-003,2,533.82
7c65612a-0d1e-42bc-b4a2-f3e74e866abe,94f0f566-b2cd-4814-9bf0-afc49f6fca75,BEV-005,6,12.69
bce44196-97e5-480c-8554-77452f3dfd2c,ef9ee6b7-4b6e-4611-ad34-026523244f88,BEV-004,10,365.88
cb396488-13e2-4cb1-81c7-2d701055ea70,ef9ee6b7-4b6e-4611-ad34-026523244f88,BEV-002,8,134.62
6f9477f0-688e-4538-a1df-3c287696edd8,92a3f0a2-8c17-484e-8805-2ca5b3f6dc47,BEV-004,2,289.96
217dc930-7372-4e19-960a-305db6e84c7e,51b2c9a9-62b1-497d-87c7-12971c9c7a09,BEV-004,7,276.79
c3228970-3332-44fb-90af-e5705c9357bf,9cfd37fc-583b-4a04-bd3f-90aed4beea62,BEV-004,7,901.52
4e7cb937-1cc9-4ddb-947e-ffff7d04052e,59e69d0b-75ad-4177-b9af-d1f46eedacf4,BEV-001,6,29.55
2c9e5f13-54dc-4c3a-a078-b6174af89d63,59e69d0b-75ad-4177-b9af-d1f46eedacf4,BEV-003,10,96.98
6057fffd-d9d4-4cb7-bb32-a072b8afec9e,59e69d0b-75ad-4177-b9af-d1f46eedacf4,JAF-005,3,400.24
45d8105b-f503-46c9-a4ad-b13827827813,142bb01b-eec1-4b4c-b5f3-166da65e58ff,BEV-005,2,873.52
9443c6aa-c722-40b9-bfbf-cd651143ab8d,e39b9822-5bcd-476b-bb39-77a3feed3d2e,BEV-001,3,572.46
1776fdbd-f0f9-4620-a25a-b6de0cd2a579,939496c9-edba-4fdc-8db8-d9c25d3c6913,BEV-001,10,949.5
9dd716d5-fe42-4626-8582-da057148e698,52e8698b-a1e0-4be6-b21f-ef107ae7e871,BEV-005,8,872.97
7d0d42e5-b107-4e7e-b06c-35419430fa5b,a869070c-4696-4aac-a830-9281851d571e,BEV-005,2,628.02
2cf3ed55-252b-4c15-88f2-20541af87f25,f0ce6620-d577-466f-8dc2-6260bae062ca,BEV-004,5,594.56
9e4e18c9-a094-4c1e-ac8f-d02423d8b3f1,3df1fc92-7498-450b-bccc-3b42616b7912,BEV-005,2,401.17
751ea48f-0452-4993-afcc-00dd874cdae2,79e25691-b514-4e10-9e89-269f9a09e823,BEV-003,6,527.69
777cd306-dabc-495c-8e3a-b2299e4da633,79e25691-b514-4e10-9e89-269f9a09e823,JAF-003,9,998.55
c6354ca6-36e8-473d-83b5-eb37d649493c,c9d5d3fe-2d15-4c72-acd4-0207416bb656,BEV-005,2,345.12
285fa2e5-40ed-44c2-8db1-1e079d0d0436,c9d5d3fe-2d15-4c72-acd4-0207416bb656,BEV-001,4,610.46
b3de35fe-cde8-4acf-8dd3-0850d1c08733,c9d5d3fe-2d15-4c72-acd4-0207416bb656,JAF-004,5,647.46
9fe88901-0014-41dc-9dc3-2c6e245e66fa,62a618a9-f234-4c2a-961f-3eb3bb054af5,BEV-004,7,967.32
21a57ca2-9172-4f01-9729-1de78932b488,f4979f6c-1bca-402e-bc66-da9b902d0adf,BEV-004,3,947.5
817f4a64-7d94-4ad9-8631-a159a3c2bbf4,94140e17-e0da-4110-ba43-20dfc148977a,BEV-001,2,758.26
cdee16d6-c583-4269-a6e0-d22ff043dde2,9910df2e-b50a-4d5a-8a94-d88c9a52d41d,BEV-002,3,736.04
60f3ed82-d18c-42fa-94cb-1a866af71ddd,a240dd20-ea22-475a-aa02-bee532600ba4,BEV-003,6,704.39
7bfbd1b8-403d-479f-8a25-e6c6fb6ca974,c844d82d-9d63-4d6d-8c9c-a24bd22cbdc6,BEV-001,7,912.24
3b87409b-0689-46ea-9cc2-11c801012102,bf9fcfd6-9c41-42f7-9fad-6ff14ab73aca,BEV-003,3,638.01
065a2f00-c229-456b-9a24-1991550fbc6f,bf9fcfd6-9c41-42f7-9fad-6ff14ab73aca,JAF-005,7,124.17
8df9ec86-cffd-41fb-b645-d6b3c497e6a9,bf9fcfd6-9c41-42f7-9fad-6ff14ab73aca,JAF-003,7,126.4
4855511b-0536-4569-a9ff-ac0a06b1d990,bd81b602-a650-4ee4-99b5-fc2297752b5f,BEV-003,10,461.41
00bc2add-3c32-4f1b-abe5-22702dc41326,0f4d87e1-ff60-40d4-ace7-18c8e3c0dc88,BEV-005,1,364.44
3a2b4ad9-57af-4d86-8dc2-6ca019444fb1,0f4d87e1-ff60-40d4-ace7-18c8e3c0dc88,JAF-003,4,884.84
9615e211-d0a1-41af-ac74-f0488b5eec4e,0f4d87e1-ff60-40d4-ace7-18c8e3c0dc88,JAF-001,2,996.25
78b4713f-3af8-41be-bf3e-bc47f5ce42f0,f98ae350-c6bf-4907-b3f3-de61ccde7af8,BEV-001,7,327.71
573e6528-4505-4be8-97ab-b1cff3c1d9fd,25c016c5-695a-456a-8a33-20ceb12acb16,BEV-004,5,807.99
63994f46-72cd-47a3-a9eb-6faebd15e32a,d6c6a024-b7be-4d5f-a47a-48233d68f7b7,BEV-003,7,88.14
779d2e53-522f-4a0e-aeb7-8c551eb346d4,5cf04aa5-e9e5-41ba-ac82-a69d731d32bb,BEV-003,6,697.56
d4f75323-4e7a-426d-8c9c-0d15cc9ac6f1,8798f208-2553-4eb9-aa15-55005bb3909a,BEV-001,8,644.05
81d9313d-7f01-4886-96ed-cf22985f3210,c212ae64-e827-4186-87f6-5db4db2912f3,BEV-005,9,950.28
e8b9cb9e-06a0-42cb-bcd2-f56f49a9200e,c212ae64-e827-4186-87f6-5db4db2912f3,BEV-004,5,123.99
10ab27be-206e-405b-823b-db5faf7f481f,c212ae64-e827-4186-87f6-5db4db2912f3,JAF-002,1,370.4
be9f0233-fddf-4477-b78c-a45f7c896e6c,d5b01fc1-8c37-45ba-9231-22d15b4901d3,BEV-005,7,63.43
8b62455d-d566-45c0-b681-ff8d8e6cc539,9283cdd1-f911-415f-84cb-7096891aaea2,BEV-001,8,28.11
87e050e1-6052-48bc-a6ce-42ca39821c85,796388d1-a054-4031-9392-bb18a9baf73d,BEV-004,1,956.99
f9f9fac6-6503-47a9-b4b3-d356dafa9826,ec65b62b-7067-4c32-ad8c-9ebe4fa096ff,BEV-005,8,193.79
1b8bd9b9-4de8-4623-82e0-418a78884ff0,5f653372-a70c-4603-a20b-9c9ce65189ea,BEV-003,1,521.83
12b59fad-285f-4d7c-b5e7-de2a676d2684,5f653372-a70c-4603-a20b-9c9ce65189ea,JAF-002,2,732.91
4a981562-5cf0-49d4-ad3b-88babf3c1564,ba9bbff2-0283-449c-8ee3-58583112a897,BEV-003,10,268.9
79293768-04de-44f8-ba27-8bf26fb8518c,4209a1c3-ae15-4e2c-9614-41e1d1ca626b,BEV-002,8,739.25
dd2e42e6-fbf4-448a-8b38-7637bb73d714,cc7f5bcc-adb0-4b9f-b687-dee59a3536ad,BEV-004,6,416.16
beb1a19e-cb53-49b4-a705-6605ae289caa,cc7f5bcc-adb0-4b9f-b687-dee59a3536ad,JAF-001,8,716.71
1f271b7a-a613-4d38-999a-138ea883e913,c28e51ee-a8dc-42f5-9fcd-e7f8adc68afc,BEV-003,8,496.97
54e5a5b3-50bb-45c8-8c6c-38c4955ac677,1250f2f3-dd17-4a0b-b2b0-2f5aa15c58dd,BEV-002,5,324.03
e9c0e357-7621-4590-b810-10f7333b0c95,5c865168-a259-4970-95e0-f2e83ef7225d,BEV-002,4,241.25
5d3f6b26-6e11-4991-b5f4-0c2e3fe338b1,75d34b75-29ac-4d91-80cb-b15000d8f599,BEV-002,5,157.49
7a58660c-91ca-49c1-8bad-ad72e0533b4f,2fecdb4d-0f25-4e3a-8c2d-e1bc298f1075,BEV-004,3,945.06
268ee53f-bb3c-4bdb-858d-80aa75706d70,8e241141-e7c6-4419-8189-f5e3cb86e04a,BEV-001,7,781.26
1902e8bf-1a55-44fe-8ed7-5a1a380414c1,8e241141-e7c6-4419-8189-f5e3cb86e04a,JAF-004,4,286.67
f926ae81-52e8-423b-a4a5-ab31cc024778,c8f48411-3ab0-48cc-b826-9882b8d8fa12,BEV-003,10,476.2
27df8d5e-1cc0-4ec9-bede-b2c82b2e1980,c8f48411-3ab0-48cc-b826-9882b8d8fa12,JAF-003,5,38.7
020855f8-f62f-46ee-ad39-e60006630dc4,18dc6f73-a5a4-43b8-94a9-71b8dbf5a050,BEV-001,9,347.08
f8dd9524-b40e-4ef6-a521-cc93330407f5,0c514ef4-d7d3-4289-afa9-87346e613510,BEV-003,7,445.1
a2903c2a-f52a-4cf9-84c5-408fe6b81be4,0c514ef4-d7d3-4289-afa9-87346e613510,JAF-001,4,570.57
8feb2bbe-1247-4930-bf18-215aeb273389,b5932ba1-1262-4939-a03e-61c8287de598,BEV-005,10,514.63
c2570eb3-4773-477c-9b40-5e21d74d32e8,cd501cc7-4720-4f66-93e9-a5165587e11b,BEV-003,7,107.86
08f0520a-faf1-4b49-9a35-abad8918f467,6bc126e4-f182-496c-b92c-14678ea01b55,BEV-003,4,86.42
664dd8ac-301b-44d4-829e-b5e50dadc24d,2e0d7af7-c306-48fc-94ae-ae2fbd32a30e,BEV-002,3,874.64
8de7058a-7f2d-45d5-9556-2c379a435bd6,cc16d3fa-a194-4815-8844-29ebeecfa388,BEV-001,1,375.03
ff495afd-3ab0-495a-8a68-3d0737f52fcb,41e3d25f-0a61-4521-b105-5a5cc714b3a3,BEV-003,7,778.48
76b3ffac-ce00-485d-b654-3a4291fdfd79,4600251a-4ffc-407d-9dc3-c14a9c3d560e,BEV-001,10,674.35
886cae07-fdeb-4ad3-938a-5c69f37f4c40,2c12c00b-2dc8-4d8e-a168-28abca397282,BEV-004,8,92.45
963c570f-4041-4ad8-ac0f-a2c647b5df0e,f130bd61-c679-4564-9ef4-0fc1ea2b0a7a,BEV-002,4,14.58
cd274b8b-d980-4999-8587-0121b01e571d,79db2335-35a7-4c12-bcb3-eb04585164bc,BEV-004,3,858.45
2150ee98-f4be-4f52-a682-d38fe3546e87,2f6d7bef-47d6-42c2-b6f3-53549d00d53c,BEV-004,6,113.69
b64a55da-a059-4a79-b48d-12d9c5f46f04,3c85397d-d47a-47c0-b6f7-e999ecbfc0e6,BEV-003,6,520.37
ef8c255e-374a-401c-bcd9-819511d7a43d,3c85397d-d47a-47c0-b6f7-e999ecbfc0e6,BEV-002,2,925.26
a4d2b641-39de-4e00-a6d0-ae14998736b1,3c85397d-d47a-47c0-b6f7-e999ecbfc0e6,BEV-004,2,151.99
d6de7537-e53c-491e-8818-b6a442d535ed,06628c0c-3859-45db-ab4a-9a69dc7dc37a,BEV-005,3,559.56
0c83b2e8-1101-4fc5-90dd-32b89540ac02,38c14e71-f8f2-48bb-ae83-09fc440b3c6b,BEV-002,10,651.66
9969bc81-8935-4c24-86a1-4dfa150409a0,ff459cc4-a89f-482d-8cf2-996807210824,BEV-003,6,386.26
adbafd91-fe84-4f5d-9464-9b6d010c48ff,17fd174a-b952-4f4b-b95d-994e3a549cc0,BEV-004,3,485.21
621acc8b-d4ce-4943-9909-0cb0481e3dc5,cd599ca3-b086-414a-aaf8-35dee8b51a91,BEV-002,4,983.06
125b92b5-aaa8-4c49-ae60-497e8a822fed,a0e079ff-1649-4a04-950e-b42412a51b51,BEV-002,3,878.02
09d62a4d-f60f-466e-933d-a72de85ab404,847d7328-8048-4b98-b405-2065b349d9eb,BEV-002,4,25.14
7624e4b8-c5b2-4a15-9f2f-e7f7f3c6494d,b0ccc28e-db00-4ca4-b4fe-9764668e35c7,BEV-005,7,491.99
8f7fe393-92a1-4dea-ac0c-118c15818c6f,843f9cb3-c9cc-4d96-b717-b748ad63c748,BEV-002,3,241.54
8ef346cd-7eff-4e74-b4e3-71b0139e29a0,843f9cb3-c9cc-4d96-b717-b748ad63c748,BEV-002,10,124.33
2cc0e605-7422-4f69-be06-5b4e9a6e229c,843f9cb3-c9cc-4d96-b717-b748ad63c748,BEV-002,6,390.64
b76ff3a6-6a0c-4fb0-aa0d-3832ccb9eb9e,843f9cb3-c9cc-4d96-b717-b748ad63c748,JAF-001,8,240.54
8d34d3c1-302d-46b9-acac-33b2fd4f6caa,843f9cb3-c9cc-4d96-b717-b748ad63c748,JAF-002,1,830.38
8d683da7-9d99-4838-bc55-a3203a78155d,37093c01-bd58-4e2b-a240-8aafa77ddc49,BEV-003,5,495.72
7e93040b-d3e3-4bc6-81a2-0c766cb0af45,09b1881c-d0b6-442b-aa0e-e3cd8d6b3eb4,BEV-002,5,884.13
63639176-9432-4584-b115-b18eec1db439,8aa4f090-5ce4-4ed6-818d-b0581e3898ec,BEV-003,2,476.73
484c5e69-9d90-4b13-abbc-7897642ac29c,8aa4f090-5ce4-4ed6-818d-b0581e3898ec,JAF-005,3,269.03
aa730066-6300-4ace-9da1-9a3fb988640e,c2e8eb12-78ec-4698-b0d9-47e11b202f4a,BEV-002,3,404.3
7daf5757-12c4-466e-8c22-6ef2f2315795,7bd62d3a-3ee4-46ae-83ee-bd63f5fffcee,BEV-002,10,260.73
a1f23a04-30bc-4026-8a2a-0231429665d4,7bd62d3a-3ee4-46ae-83ee-bd63f5fffcee,JAF-002,7,357.94
fed48181-0f1c-4f18-a00e-d4a4d79d3662,4f3f70a5-2149-4a13-85cf-1908b81b687c,BEV-001,8,27.13
01d26312-bc7f-4e9e-8ecd-ed7119b19c36,4f3f70a5-2149-4a13-85cf-1908b81b687c,JAF-002,6,803.39
2ea3d313-7348-42fa-85c1-ecb7ca58a3c2,510a8ce1-543d-412b-af6f-75b8e125612a,BEV-002,1,89.36
57bc082f-c28f-43a5-a293-26e37953d61d,94addc57-9636-4e1a-92ac-186940ef1147,BEV-004,6,319.89
27ebd0fd-c8df-4678-a7c5-115323981239,d775e1e7-de19-467a-b634-fe9ac2237ac5,BEV-003,3,888.65
6cc89b49-7b13-44d6-a481-8c75fd442311,d775e1e7-de19-467a-b634-fe9ac2237ac5,BEV-002,4,540.77
f3f3feac-494b-4c89-a5a0-e42c1472ec15,8bca1077-94ae-4033-8214-1d74d538c358,BEV-003,5,233.41
4094361a-6b4f-4ea7-a94b-1501279172c1,9226e170-cc95-41e9-a67a-edf3a42690b2,BEV-002,6,774.57
010828b6-09ba-4513-b46f-fb603d55a14f,9226e170-cc95-41e9-a67a-edf3a42690b2,JAF-003,2,800.48
75208ef1-1da9-4d55-88c3-ed369fa9607e,61663de8-b91a-48f6-a3f2-388f4cc8c955,JAF-005,10,983.09
97ef29ab-3cd9-480b-8e66-d40e386ebf54,75e4cec7-2435-4faa-8da1-0796642a63a9,BEV-004,5,611.48
bf74a36b-3b9d-4064-8ebf-24c33bf5903c,4eea5fcd-0681-4c56-baf0-ba369b25cd04,BEV-003,6,355.23
268a5bc0-b96d-46f4-bb46-5e971dfc5263,cdd8fd8e-f59a-4d07-8f71-98a17a137ebf,BEV-004,2,888.72
799abb1a-ce45-465b-b505-c098a94c9872,9b97d9eb-ea77-47fe-8f34-dbce6088f850,BEV-001,8,338.85
eafb8ce7-cc7b-4002-81dc-0d7b96ee71a3,b346ccd0-3a06-4f45-880d-13ecd1212c9f,BEV-002,2,736.28
40d72e1f-6289-4f23-b196-3c654c2e81c0,4c432dcf-1db1-4700-b2f6-500bf3caf9b4,BEV-002,1,839.3
e16b4c3d-08e7-4785-bbd8-184838da2275,b4964636-1be1-42ab-9bf8-1012137836a3,BEV-001,5,770.59
531a52c7-c07e-4fcc-938a-3eda5d126831,5869833d-0c1f-45eb-b8ff-ca959e965273,BEV-005,6,821.25
d347da3e-dbe3-4a3d-b447-5939b2fc3399,89f2892c-73b4-4fb2-b284-3c7b7990c234,BEV-003,6,425.76
440a53f4-8897-4f39-8b52-6407a5e51908,eefd1ab3-9a3b-4b8a-a448-6441da44aa95,BEV-001,2,875.29
78c528a5-394d-49b6-a1cc-8c2b6825b31d,8add2e62-523e-48ff-ada8-1d83f1bb9b60,BEV-002,5,182.01
d6aef31c-e954-4010-9401-0956450e20c0,53bd1852-6898-4fa1-bf9c-25219c85db49,BEV-002,6,94.28
0faa61f7-1efd-41eb-957e-e7a5510444d5,bd47f8ac-80dd-474b-bc8e-314375f43a48,BEV-001,1,197.64
95cf95be-ffd4-4699-82d4-ca1c1673aee8,33c853d0-2898-43fb-8db4-32f91be5e7b4,BEV-001,7,333.37
806cd4cd-2b59-4ba0-ae7f-b4cd2209dd11,33c853d0-2898-43fb-8db4-32f91be5e7b4,JAF-001,7,392.76
19390721-3414-481b-a37f-a6ae1e286820,d06a12b1-0f2d-450a-abc1-231b26234881,BEV-003,4,372.83
771efeca-512e-4203-a6d1-ae17866e604a,85c6397b-dc80-4871-8dba-660cbd5bfc8b,BEV-003,5,535.6
318561bf-f56f-4c8e-bce2-9b98d5a56099,76b35e08-5208-43a6-ad3f-b8d696ef07a2,BEV-005,6,670.69
70e4c71c-af53-416f-ad59-a5a586aa2617,76b35e08-5208-43a6-ad3f-b8d696ef07a2,BEV-001,9,605.19
4a8a53c6-4744-42f2-9258-96ff218721e1,67502f9d-5373-4cdc-b84a-027d7db47f66,BEV-003,7,478.82
081ba458-925d-40b0-8042-ac7ba55a1820,a65f38fe-367b-430c-971f-fe4021860df9,BEV-005,10,551.27
15f5211d-1aca-4f64-aa8a-07da1669f96d,99da8390-4dfb-492f-884a-409f806f0434,JAF-003,10,29.81
dc1c4410-0b3a-4add-a919-a502d9eb275b,91df03eb-b64a-455e-8d95-fe2f5dd37963,BEV-005,2,745.99
7a32f6b7-d83b-40d3-80ff-100478358d25,13dafcb5-a7ce-48c3-9fb3-f446d731e431,BEV-004,2,101.05
a22473b3-a8ab-439a-b0c4-0bd052ca1abb,b08e9a84-bbe5-453b-931a-0fcbe56a7e2b,BEV-005,7,755.39
5b342db5-e6d2-4b60-a483-fdf1a9d6db58,f70fc4f2-8710-4d3a-bfac-002e67a6ee6e,BEV-004,2,763.09
e6dbdfb9-48b3-41e3-9553-142d1914368e,e661f700-905b-4852-bd36-9a97afdf6f63,BEV-004,5,339.23
76bbdf23-7f4d-40b1-ba63-e649f36548f9,42950f3e-1285-4200-86e0-8e1476b9480a,BEV-003,8,295.86
0e244694-7e98-469d-b9c8-fa9a598b974d,2a0cef47-88e3-4408-8930-2515da3b4408,BEV-001,1,389.54
6a7518d9-9400-4917-b080-3d9a4f8fa620,1b58713f-a97e-4a4c-8733-29c94329dd2f,BEV-003,9,322.99
d3c8d89b-a3a5-4d6f-afab-0e72bfa223f8,1b58713f-a97e-4a4c-8733-29c94329dd2f,BEV-005,9,394.88
5eb01b57-c0ec-4d5f-bd4c-07a785ea868b,1b58713f-a97e-4a4c-8733-29c94329dd2f,BEV-003,10,669.68
66597852-6e61-4b36-a53a-98866681b3a7,5af37ea5-3511-403f-9373-af686463150a,BEV-004,1,411.34
77416475-e94f-42a8-93dc-8194882f3ed2,9a4c7bd4-d68b-4622-ba89-b3c380620597,BEV-002,10,223.27
45233ee1-abd6-458c-84c8-81122ddabc96,9a4c7bd4-d68b-4622-ba89-b3c380620597,JAF-004,3,631.15
a50dc8e9-eea9-431c-9c0e-0e2ac417bd1e,4d9ded34-6e20-4811-bb2e-33d9f29b2b4f,BEV-005,5,442.39
a4db1e7e-7c9c-4871-a975-88ceefadda59,d69374d6-99bc-4af4-88ee-a41315e63096,BEV-005,5,753.05
c8d5c0b7-6578-4645-9a3a-b73d0c0e54ce,86e42494-9fed-41d5-8c16-0bf3d926671a,BEV-003,8,814.92
06973fe0-1baf-47e7-ad4f-aa44984d3c59,86c0b2d6-49aa-457d-b084-0d665542ea9f,BEV-002,7,392.25
0869c609-cc4a-46ae-bd74-8987c29b244c,86c0b2d6-49aa-457d-b084-0d665542ea9f,BEV-003,6,407.61
3ef807f4-07e3-4916-9bbc-cf3baf79cc78,6e384cba-ef55-41f7-a6e9-b4b661f8b2d3,BEV-005,1,838.83
45d3f666-c7d2-4b51-a684-8a67f74b09ea,12e34106-9426-4df9-823a-ce6a63edd033,BEV-003,1,200.37
c55eb516-f2de-4e80-91ed-b22b87c70b46,12e34106-9426-4df9-823a-ce6a63edd033,JAF-003,8,99.12
40c90100-ae18-4adb-b27c-fe25beca3b21,e744c85c-33be-488b-8ccf-b4f18c54ffde,BEV-003,7,972.86
9de8f330-9f9c-431a-a726-0a3df885de43,f57ff7c7-d8ad-44b1-b215-91967df50205,BEV-005,5,913.66
2f4911ef-2025-4129-bff5-e861967cea40,152f61e5-fb92-4bed-9f79-ae8611220c66,BEV-002,5,416.33
8a59932f-c77f-48e3-9892-aa55d634082b,825a0544-20b5-48bb-8402-3ea98d581c4e,BEV-003,8,418.63
79d39828-fc56-4e9a-bda2-7e6a3466b780,25071e72-e40a-48d8-8b6f-eb0b3f7e632a,BEV-001,6,115.54
391d06b8-c4a9-4c56-b070-a4d943ca1874,87f8cad9-0e1b-4ead-b601-f0aaec8048bb,BEV-004,2,467.23
94c8b762-4fda-433e-811f-372d76ccbfff,a95fc321-8073-4a1e-aa96-c57364f93a61,BEV-003,4,813.99
1f3644f0-1ce1-4ec7-9641-6760c4ff69c5,ffbc1250-1989-44f1-a37d-ec76f8ceebe8,BEV-002,6,346.6
e7c15470-5a5a-4207-b16a-da11b5010c5c,aa5e09aa-081f-4ee5-b578-fadf1d3e3000,BEV-005,9,685.31
5a4f0f8e-e488-497e-9b77-33d2f91e90ce,35239806-5e95-44ed-a28b-7138ac5efa87,BEV-004,7,292.48
9229f46e-ba17-48f9-9efb-3c2d7880cd02,0d1a700f-7de8-4501-957b-5df8c1ea1c7c,BEV-001,7,753.5
e3a04acb-6f0c-41a9-8f24-9045aeca8f41,9f3c8a2c-99ef-4c53-97ae-d9e277b5dd71,BEV-004,3,371.47
cd48acc8-21f7-46b6-a46f-4641e5791129,56b4947f-3202-4e20-ba15-1799c10e0172,BEV-001,9,676.61
0cb0d910-ddef-402a-9dc3-abc8f2578e6c,b3b917eb-5e41-43ac-b1ca-711f2cbe5e74,BEV-002,9,643.14
6707f562-81d7-460a-81f1-246d029f7a97,9e41ea6d-db6f-4e0d-ac0a-faecaae6441b,BEV-005,4,105.92
3bbfd40d-4244-4df6-979f-036a46a2f46f,9e41ea6d-db6f-4e0d-ac0a-faecaae6441b,BEV-004,7,835.61
373a1e86-a5b6-4d2c-b27f-bf57c36cd381,11da34c8-5bb8-44ac-8efc-fc8b55c58a85,BEV-003,9,17.64
9e31ebd9-61fb-4b59-bfc8-6c045c898336,11da34c8-5bb8-44ac-8efc-fc8b55c58a85,BEV-003,6,718.79
015b7296-85c0-42c7-ac35-7ab424f253a6,11da34c8-5bb8-44ac-8efc-fc8b55c58a85,JAF-001,5,572.56
838ad90c-ed49-4d7c-91db-ba61ff990578,11da34c8-5bb8-44ac-8efc-fc8b55c58a85,JAF-001,10,386.48
48a5a075-a4bd-49ef-b520-d767fc5fc668,12633966-9a2a-44ad-a55f-3e3316f72345,BEV-004,2,44.9
560af21b-6192-4e0f-aef3-12681029a799,15d1d7a5-9661-45cf-89ea-096f0ea9448a,BEV-005,2,409.65
9959fc44-c09d-4137-9e84-2e2d8ab1644e,3fa4bac3-8d6c-4aa1-b1f3-4b05ec9afd8c,BEV-003,3,932.61
387b5042-5a28-46ad-891d-f2cae1c6e0cb,8acb6fea-7058-4741-b070-056afca0f687,BEV-005,7,637.77
22a36a0a-bfc4-4891-998f-2d297b3098ed,4f92e7fd-8496-4362-a4cf-73fde06549bf,BEV-004,9,653.37
7a3156f5-e4bf-4764-9820-8a1c24c3f961,4f92e7fd-8496-4362-a4cf-73fde06549bf,BEV-001,10,650.13
f8066b95-98f6-4881-8c79-7cf1c1396da6,0221804a-64e9-466d-b84c-00eea41a272d,BEV-004,5,577.3
8616b6ec-4c4c-4b84-8412-7a0671cb47b8,8910e661-edc0-43f1-92b8-4af40c9eb282,BEV-001,4,572.04
93f9e2e0-8717-4375-90de-16d3f53d7f78,6fda8476-c556-4d4c-bb96-36ca38ad7681,BEV-001,5,473.17
885b2b6f-1a26-41e3-85a2-7dce26043653,2befefa9-62ef-43ff-bfbb-5a6c7be68968,BEV-005,4,243.38
39dccc32-e703-4d11-9b52-962cb86391cf,13689c05-0e54-4fff-898e-8e771b8d6070,BEV-002,9,232.03
64ec1dfa-ee45-4b10-a6ed-bff0eb4e052d,318f2b3d-890a-43e6-a332-9c8d8c71d0fe,BEV-002,8,54.12
cbbaa647-ad55-46f2-ab0a-9c27d204388f,39b89b70-3a32-41a2-a124-63b444cade67,BEV-003,6,915.28
150fca82-e5e5-4070-b00a-9a2834a858ea,f3702c3b-dfb2-4df4-a167-b5965c8f6428,BEV-003,7,693.67
1180c3c3-aa77-43e7-9cb0-6bc04661763e,f3702c3b-dfb2-4df4-a167-b5965c8f6428,JAF-005,10,878.1
41d98018-2c61-4d5a-bdee-b6c09d4e6d10,a4406fe9-017e-48c3-9fdf-fc2d1d6b35b9,BEV-001,3,552.56
cfdd11b2-b847-4856-b9b0-e62ed41e4adf,d20a6c0f-79ac-41a1-afcf-ed03e288fcee,BEV-002,3,624.84
bf53904e-1579-410d-9aec-5526e57eef9f,d20a6c0f-79ac-41a1-afcf-ed03e288fcee,JAF-003,7,645.58
5679fa70-2f3a-473d-bcdf-b8b43d12b223,166db701-7c14-481e-a3cd-cf99c883cd95,BEV-004,3,889.24
d4e5821d-bddb-4e98-950f-1e64726f0424,3ef1ccff-78bd-42cf-bd20-bf11b8000bdf,BEV-005,6,971.32
7cc4927c-8c7f-46bf-a1f8-d20cb11d8ff6,e54bc943-efbc-40b0-9ec8-af8897a7a5d0,BEV-002,1,528.95
e7442c55-a8e9-4d54-8802-e69b0f8c48eb,c1c31536-a0ab-4986-aef7-4a8f0b383a9c,BEV-005,5,139.05
a52d57aa-30bc-4efa-9352-b17155dec74d,ac31b327-70aa-442b-b03a-17a865ab6806,BEV-002,8,982.93
7e0d7e03-3651-4fcd-be80-cd3f7663de77,05c4571d-39d9-487a-87d7-a1fd52526205,JAF-001,6,896.02
8e9a8663-446c-498b-9381-4aadda05bdc2,05c4571d-39d9-487a-87d7-a1fd52526205,JAF-001,10,407.12
f32f2667-2834-4427-af52-2daabd9febff,df82d808-e026-442f-9539-fa90f3372e0d,BEV-004,8,318.46
a0a260dd-63d9-4898-940d-8df903630cd4,c0c6a805-0b2a-4f61-891d-cfdea48c874d,BEV-001,1,877.12
d7f945a9-7102-4742-98d9-a4df1857512d,9199b9b3-b495-4a80-b0da-6d6366fcefd3,BEV-004,3,883.65
bd4e41e1-c1ee-44d3-8547-84bf19ef3c96,0929f566-32b5-4389-8220-c62e8d69bf1d,BEV-002,10,417.4
fb194100-aec4-45ec-bf7e-85f4ff553bb2,789a897b-ce15-4acb-9491-1563c37c8bf1,BEV-001,4,667.82
aadcd447-7ff0-4fb8-b39d-b5b5096080fc,5486dce1-11f6-42be-b1c1-82a577307ae4,BEV-002,8,866.69
75ed47e9-bca9-4069-97cb-2ceaf4f342f1,4719d5f1-2198-4ecb-93d2-78dadb88458d,BEV-005,8,643.2
49400ff8-1469-44f0-8cf9-b5017568ff14,4719d5f1-2198-4ecb-93d2-78dadb88458d,JAF-005,2,582.76
23c895a2-e643-4440-8197-950049e36b37,4719d5f1-2198-4ecb-93d2-78dadb88458d,JAF-001,4,419.66
4becd7fd-077a-401f-a60e-4c2cc79418fa,4719d5f1-2198-4ecb-93d2-78dadb88458d,JAF-004,9,729.56
91a1ccf3-e5d4-4dd2-b3b4-88e0c5456627,9c173e73-21df-4f56-b45d-f972dd6864d2,BEV-002,9,959.34
714cbe11-eb20-42a6-9ee6-40f846667653,07ef57ba-e114-4bf5-ac95-7f73ad82a5fc,BEV-005,8,640.39
1365fb62-f7f1-40d2-a978-7aaf457b45cc,116d9c10-5998-44d5-b49a-0458281ac320,JAF-004,2,138.32
