ID,CUSTOMER,ORDERED_AT,STORE_ID,SUBTOTAL,TAX_PAID,ORDER_TOTAL
07025325-9fad-40b6-8aed-3dc7f6a9e261,2ad8ff3c-388e-429b-9b1a-67286e82bd20,2023-11-30 08:11:00,7610d689-246f-467d-8d80-991c4eef401a,600,36,636
f0deee74-54a8-45aa-9b06-36eb20a8e648,6b4f3f63-45e6-42ee-b5c4-ac03835a2d5f,2023-11-30 07:53:00,7610d689-246f-467d-8d80-991c4eef401a,700,42,742
cdea0af1-1ce4-4607-b40b-bc9d5726432f,3850daab-891a-45e9-a8de-8be8febc3137,2023-11-30 15:18:00,7610d689-246f-467d-8d80-991c4eef401a,1600,96,1696
5f2190b6-822b-4395-849f-99a8230931a9,879ff208-ac40-47d2-9c15-e475f635ccbe,2023-11-30 16:00:00,7610d689-246f-467d-8d80-991c4eef401a,700,42,742
1206a861-74ea-4b69-bd09-0eba600d586d,24c316fc-ad16-45a1-9ef3-3da9d491b0e7,2023-11-30 08:56:00,7610d689-246f-467d-8d80-991c4eef401a,600,36,636
8720398d-66de-4346-83fa-fcc5d5458e7a,7b1522dc-cd21-4c40-b81b-3532f5b9f3eb,2023-11-30 08:29:00,7610d689-246f-467d-8d80-991c4eef401a,700,42,742
6311c9de-9e93-40dc-997b-713e9fbafc40,344bf269-6f68-41c2-a6ff-a8f4eb6f6ca7,2023-11-30 10:18:00,7610d689-246f-467d-8d80-991c4eef401a,700,42,742
840f902c-88bb-43b2-8f26-9fadc3eb9037,d10a856b-8bc4-4cf8-bb76-ffdcf2a50f1e,2023-11-30 09:54:00,7610d689-246f-467d-8d80-991c4eef401a,1200,72,1272
b5b9d4ff-d9ba-4b1c-8c2d-0f1b43e5c1ff,839b9759-0a61-4c7d-872f-591848c1b431,2023-11-30 08:05:00,7610d689-246f-467d-8d80-991c4eef401a,700,42,742
61ac1d32-5b1b-442a-9922-c980be7af0a4,78e869b8-1d23-4f38-b562-7cd5072dcd5a,2023-11-30 15:34:00,7610d689-246f-467d-8d80-991c4eef401a,500,30,530
f449f89a-884c-4e12-a879-1c8a9f055eba,4bf534e1-0071-43eb-b3ba-cf7da176d8a6,2023-11-30 10:57:00,7610d689-246f-467d-8d80-991c4eef401a,600,36,636
f8e4640f-b311-4e9b-b87a-0f2d69f59240,3ee8e86e-7163-4316-8dfa-15db0098b81e,2023-11-30 16:07:00,7610d689-246f-467d-8d80-991c4eef401a,1300,78,1378
d2610173-908d-4555-bd42-897d9cef04bc,b7bd8c57-4f91-4c51-88e7-382592e9eaf7,2023-11-30 15:52:00,7610d689-246f-467d-8d80-991c4eef401a,600,36,636
3deee05f-9ba1-4dac-ab5a-72eaffc042be,d96563d3-24d4-40e6-8f4e-a6c5f015d864,2023-11-30 08:05:00,7610d689-246f-467d-8d80-991c4eef401a,700,42,742
da395a79-fa8c-4335-b8db-44d543b89110,120ecf2b-f133-45a8-bab0-875cb5523df5,2023-11-30 13:26:00,7610d689-246f-467d-8d80-991c4eef401a,1300,78,1378
4bc6c98f-ca24-4ffc-9f8a-e7136bdca50d,78d44e16-ddfd-4429-91bc-9208c7fb2fc8,2023-11-30 08:03:00,7610d689-246f-467d-8d80-991c4eef401a,500,30,530
2b376b1d-6dee-4ea6-80e3-b3254d764556,1e43ae86-f777-4ee7-b336-8e3bc60294ef,2023-11-30 07:48:00,7610d689-246f-467d-8d80-991c4eef401a,600,36,636
3519c8a6-ad6f-4aaa-af79-91f2863087cf,83f67506-7c12-4107-864a-918a35b4fcf9,2023-11-30 11:32:00,7610d689-246f-467d-8d80-991c4eef401a,500,30,530
ee569877-7b36-4965-99a7-45fd0a527bea,c366eb7d-81d8-46f9-89d9-9d09186d8503,2023-11-30 07:40:00,7610d689-246f-467d-8d80-991c4eef401a,500,30,530
02ebdb2c-5007-4b09-a984-d5ce86872f6d,d7e9c90f-0dde-41f1-9be4-09fbe640e794,2023-11-30 07:25:00,7610d689-246f-467d-8d80-991c4eef401a,600,36,636
4d77d26b-fe40-4f0c-8bef-50978d931f15,47a4b1a8-781d-40e8-bbb2-f769c2c6b5ca,2023-11-30 07:39:00,7610d689-246f-467d-8d80-991c4eef401a,500,30,530
168bced6-ee5f-4fa5-8eea-49a10276f2f6,e4c63951-a231-404c-ad26-f4a492f3447f,2023-11-30 08:04:00,7610d689-246f-467d-8d80-991c4eef401a,700,42,742
51be0401-40f1-45dc-a44f-17ab03d7a27a,0f9dcb09-ef47-45c8-9a5e-feff0a288bf2,2023-11-30 15:19:00,7610d689-246f-467d-8d80-991c4eef401a,2000,120,2120
c160962d-bf13-4b3f-8977-1f436da145e8,c1bbb819-8747-488a-a071-62209789dfd5,2023-11-30 15:00:00,7610d689-246f-467d-8d80-991c4eef401a,1500,89,1589
7448fe3d-26b7-4b38-9a71-ad446fc80545,4a15f8b9-7c0a-4643-b14d-5ec37ed6b186,2023-11-30 08:19:00,7610d689-246f-467d-8d80-991c4eef401a,600,36,636
12965037-64d2-45e0-b09f-4f3ea89b8b86,5248f2d8-0eb8-420f-9ea5-77ec82307b9b,2023-11-30 08:10:00,7610d689-246f-467d-8d80-991c4eef401a,500,30,530
df37de1e-1ead-4c92-8046-078510746ec9,fb56c2c7-1769-4c97-9197-2ffa8b82ea0e,2023-11-30 16:08:00,7610d689-246f-467d-8d80-991c4eef401a,1100,65,1165
a047ab63-f39e-4c88-959d-e20a82c813ed,d656f95b-6c2e-4372-ab17-a3bbc93812c1,2023-11-30 07:02:00,7610d689-246f-467d-8d80-991c4eef401a,600,36,636
ef111ae0-c958-45e4-b6ea-f358738d61e4,321d4178-6652-49bf-9663-4b6887811080,2023-11-30 17:48:00,7610d689-246f-467d-8d80-991c4eef401a,2000,120,2120
9e6528d3-66ce-4391-afd8-0b818db7b5ab,5e90dd7a-de2a-412d-88fc-7641dd8da9fd,2023-11-30 10:55:00,7610d689-246f-467d-8d80-991c4eef401a,500,30,530
32b6f7dc-de4b-44b0-8d3f-f8c86117b981,315fd00b-6f86-43d0-97ec-4e56811af6a0,2023-11-30 18:00:00,7610d689-246f-467d-8d80-991c4eef401a,1500,89,1589
2467e529-75b1-4c08-8d31-a0a3e84bc502,62626d20-2e67-4f1d-9386-1b0a5e25956c,2023-11-30 07:30:00,7610d689-246f-467d-8d80-991c4eef401a,600,36,636
5c03c105-a069-401b-96f9-bd8b916e66a5,4799ec1e-d9b9-4322-9d76-9221b4bf723f,2023-11-30 17:14:00,7610d689-246f-467d-8d80-991c4eef401a,600,36,636
de8cd73f-3d43-4304-a6f8-6d59715e12ef,1ae36efc-f7b6-45de-8646-8775a98651b1,2023-11-30 14:35:00,7610d689-246f-467d-8d80-991c4eef401a,500,30,530
32b9470c-c127-4cff-a761-4409f51477d9,ef339016-b62e-4c27-8dee-119176b58864,2023-11-30 16:02:00,7610d689-246f-467d-8d80-991c4eef401a,600,36,636
7236b9c0-3629-4966-a4d1-500bafdcc41e,95ac520d-f0fc-435a-b0b4-2dcf6b90bd80,2023-11-30 08:37:00,7610d689-246f-467d-8d80-991c4eef401a,600,36,636
69c0f27a-dd46-49d5-9f9d-b0e3a7fcc0fb,c9a69c9a-6aea-40eb-95b6-9605c84b1f5f,2023-11-30 09:09:00,7610d689-246f-467d-8d80-991c4eef401a,1000,60,1060
e124fc58-03d4-4f8b-a52a-9939f4e627ed,7b802864-fcee-410c-bdbf-7774ce4cfd97,2023-11-30 07:36:00,7610d689-246f-467d-8d80-991c4eef401a,400,24,424
8f248670-6d05-4b6a-af3c-3a618de839f4,8d19687a-737e-45da-b0d4-d686d57620d6,2023-11-30 16:47:00,7610d689-246f-467d-8d80-991c4eef401a,1000,60,1060
a3df6ff8-4e3a-4571-ad33-2a322546df98,e821bf99-a819-4aa4-89e9-8b82a338484a,2023-11-30 13:14:00,7610d689-246f-467d-8d80-991c4eef401a,1600,96,1696
6ecf8b3a-4a5a-4f7d-be60-8cc0c8b905a4,de57e4f7-4879-435d-a9e1-c9a1763d4961,2023-11-30 13:59:00,7610d689-246f-467d-8d80-991c4eef401a,700,42,742
2b239957-4c97-4c6f-9d34-6ca75454b085,aec16166-ed24-473e-a071-c5dc834ca0e4,2023-11-30 07:43:00,7610d689-246f-467d-8d80-991c4eef401a,600,36,636
fcdb4611-9c4c-489f-864c-56b6afb8cdfd,c9832d9c-549d-4a87-b495-d09238d3bbed,2023-11-30 10:47:00,7610d689-246f-467d-8d80-991c4eef401a,700,42,742
a74a8a93-c2c8-42f0-9163-11e55bf172e1,2f08d074-f43f-4139-b02d-87d7b52beb3a,2023-11-30 08:28:00,7610d689-246f-467d-8d80-991c4eef401a,700,42,742
40490559-15f7-4436-aa4a-39b3e67cfc99,926c3574-687d-438c-95a0-ad55202d049a,2023-11-30 12:35:00,7610d689-246f-467d-8d80-991c4eef401a,2600,156,2756
731af3ec-8ceb-43ac-bb16-5eb9c275de74,d2c2719d-f10f-4693-a227-9c4dd85e7d30,2023-11-30 13:39:00,7610d689-246f-467d-8d80-991c4eef401a,3400,204,3604
a32e9881-3904-4991-87f2-adea629943d7,1dd6668a-adfe-4618-9aad-d10d78dc8272,2023-11-30 17:19:00,7610d689-246f-467d-8d80-991c4eef401a,600,36,636
58afbd0f-dc35-4644-97ff-e480be169640,0bdabea4-30de-4ef8-b11a-a4c8de37ebd9,2023-11-30 16:12:00,7610d689-246f-467d-8d80-991c4eef401a,1700,102,1802
92257928-1225-4551-8529-bda5b7023591,9a65f806-8121-4335-941d-d0326c2e4675,2023-11-30 08:16:00,7610d689-246f-467d-8d80-991c4eef401a,600,36,636
9702d162-52f2-4cfa-8bb9-694df4e945b7,6995e59e-47cf-4387-a52d-ad45ca6a518d,2023-11-30 16:00:00,7610d689-246f-467d-8d80-991c4eef401a,400,24,424
3b5b4504-8b7e-49cf-9566-460466ddde39,edad01ae-d0e3-498a-8dad-7210358c427c,2023-11-30 07:47:00,7610d689-246f-467d-8d80-991c4eef401a,400,24,424
8728d8ec-5175-4481-b2d3-8a70a4286713,31827348-11f6-4c64-ad78-71209fc9944b,2023-11-30 07:36:00,7610d689-246f-467d-8d80-991c4eef401a,700,42,742
454898a2-bfcd-42d1-812e-f121b4b1410e,dea739e8-98c1-4dbb-ba66-3b78d7f0e319,2023-11-30 11:56:00,7610d689-246f-467d-8d80-991c4eef401a,2100,126,2226
92b0857a-0587-42e7-b38a-800baa016b9b,36b01943-3c96-430b-be52-72d94f53799d,2023-11-30 08:36:00,7610d689-246f-467d-8d80-991c4eef401a,400,24,424
7f88d9ff-d5b3-4175-a343-6a55e7d9c01e,456ceb44-1215-4cac-8509-e0ff899b2d08,2023-11-30 15:03:00,7610d689-246f-467d-8d80-991c4eef401a,2800,168,2968
0e870fee-0120-402d-97af-c985a8bba630,5efd874a-63ad-480e-8d5e-862efb88a592,2023-11-30 11:58:00,7610d689-246f-467d-8d80-991c4eef401a,700,42,742
fec4c238-ad1b-42a0-8bdd-ccb1104f13c6,e4d2e9c5-4db3-42ca-92c6-33624a07b937,2023-11-30 13:12:00,7610d689-246f-467d-8d80-991c4eef401a,2400,144,2544
9c6e9420-905d-4e83-870d-575a654e6a05,0d16939d-03a0-4dd0-bc65-3b4ccb36fe79,2023-11-30 07:25:00,7610d689-246f-467d-8d80-991c4eef401a,700,42,742
a4fdf495-f923-4c42-8a80-f679d63dc44c,3a3c7ba2-c0e9-4f2e-a33b-25b75a89c624,2023-11-30 08:14:00,7610d689-246f-467d-8d80-991c4eef401a,500,30,530
10c15ee3-a719-437e-9813-fd98b9f8a96c,d37b5f57-5b61-4029-91cd-831255b3587b,2023-11-30 08:10:00,7610d689-246f-467d-8d80-991c4eef401a,700,42,742
8c13c269-304d-4733-a74d-7db7416c3195,ffef49f3-f8f1-4be9-88ff-df81293ec90a,2023-11-30 13:02:00,7610d689-246f-467d-8d80-991c4eef401a,1800,108,1908
43bebaff-5c8e-467c-bab3-b966f175de23,e79b9228-3f3d-46b5-8374-fedb9dda3735,2023-11-30 18:55:00,7610d689-246f-467d-8d80-991c4eef401a,1500,89,1589
db78fa01-2909-4611-817c-46f8e21cbccc,cc9d7a30-c27e-472f-ac48-8c5985c795f8,2023-11-30 14:53:00,7610d689-246f-467d-8d80-991c4eef401a,1900,113,2013
403a82bb-ef82-45f7-b2f0-4c2358abc175,9ef64e35-2590-4115-9d1a-772a11e1b53d,2023-11-30 08:13:00,7610d689-246f-467d-8d80-991c4eef401a,500,30,530
ca5f7142-b68a-4e61-909a-8db0e4bee97e,1939ef2f-c862-4774-bfdc-746117412833,2023-11-30 11:19:00,7610d689-246f-467d-8d80-991c4eef401a,500,30,530
9bc01ede-8c5b-4ccd-8087-15d97f5e973f,1c358914-4b9d-4776-a4b9-32a4bfd77df4,2023-11-30 09:45:00,7610d689-246f-467d-8d80-991c4eef401a,400,24,424
bdd8c40d-bccb-49b8-9c01-16a8f3013755,451da3da-7087-4d36-9ab1-436c9a4f095f,2023-11-30 15:33:00,7610d689-246f-467d-8d80-991c4eef401a,1700,102,1802
2b312583-ce8d-4d79-9877-ee47b8cf303a,8c8c1c3d-4781-4046-bb38-926c9c5738d0,2023-11-30 16:15:00,7610d689-246f-467d-8d80-991c4eef401a,1800,108,1908
70975040-3e03-4e0d-96fb-bfd4356b1325,0e18fa04-ce72-4ff8-b56e-7f088e12c004,2023-11-30 08:20:00,7610d689-246f-467d-8d80-991c4eef401a,500,30,530
e547cff1-51b4-43a9-9e40-e34f81ebfea7,df37e08e-0277-4735-a73a-1b7c294ea7c7,2023-11-30 16:24:00,7610d689-246f-467d-8d80-991c4eef401a,2000,120,2120
d917186b-0ed8-4d36-bf03-ed0d315263c0,8d6d38a0-38c1-46db-9015-09308fac8af1,2023-11-30 14:11:00,7610d689-246f-467d-8d80-991c4eef401a,600,36,636
3a4bae96-40cb-41c4-8ea1-54f78a34c677,688d0660-f2f1-48d9-866b-16769b221d35,2023-11-30 14:13:00,7610d689-246f-467d-8d80-991c4eef401a,1200,72,1272
91f802ff-f215-4170-bab4-decbbc9ca59d,57977a86-91ed-41b7-a3ce-5e7ede685b60,2023-11-30 07:30:00,7610d689-246f-467d-8d80-991c4eef401a,600,36,636
485e61d9-6297-41ae-8e15-bd7717a9007a,79d9eb18-1591-4372-ad4d-893033109e57,2023-11-30 13:53:00,7610d689-246f-467d-8d80-991c4eef401a,500,30,530
410ac5aa-a9a6-4161-a587-5279cd158b5d,f0a48cc6-0574-42fa-be95-4d97d8329d9d,2023-11-30 14:46:00,7610d689-246f-467d-8d80-991c4eef401a,1900,113,2013
8a876272-1874-4a0c-8e9a-325c902be388,b4fcea36-9cc0-4960-91a9-75c9a5a42d37,2023-11-30 13:35:00,7610d689-246f-467d-8d80-991c4eef401a,700,42,742
511cbdba-d33c-4804-bf79-a6f5b107bdfe,a6d591f5-51c1-47bb-b6d6-99c8b86751d4,2023-11-30 07:42:00,7610d689-246f-467d-8d80-991c4eef401a,700,42,742
ef55fb85-b95c-415f-aed2-ecc647e61c0d,d64dc06b-92b4-412f-811b-f9126ac600de,2023-11-30 17:35:00,7610d689-246f-467d-8d80-991c4eef401a,600,36,636
a92d31bd-33b9-42e4-b7f2-119ff317ef14,0b3c441f-c735-44c7-8074-4ea0037910ed,2023-11-30 07:13:00,7610d689-246f-467d-8d80-991c4eef401a,600,36,636
dfd1dab5-f920-4057-a7d7-d1d2b889e635,3964d6e6-da15-4d05-bfc2-fc2846545d29,2023-11-30 11:45:00,7610d689-246f-467d-8d80-991c4eef401a,600,36,636
a2c59b18-e9b2-4b19-90f1-f29ec375c35d,a2fe1103-58db-4c4a-bac9-3af97a20c6e0,2023-11-30 16:04:00,7610d689-246f-467d-8d80-991c4eef401a,600,36,636
2720f3d7-3584-479b-82c1-fe03147f7d87,3edb5ca6-a87b-40f7-bd9d-fcebccd767f7,2023-11-30 16:54:00,7610d689-246f-467d-8d80-991c4eef401a,500,30,530
5c37d7e6-a352-4e0c-9a79-8e7b9519cbea,5d6db1ff-21b1-476e-b683-3f3658705c1b,2023-11-30 07:48:00,7610d689-246f-467d-8d80-991c4eef401a,700,42,742
4c312ee9-d274-423a-96c7-cd64ba85b4a3,18412373-d87e-4d56-8449-fdd7446eee92,2023-11-30 13:53:00,7610d689-246f-467d-8d80-991c4eef401a,400,24,424
47d067c8-2761-4e02-aeb7-544021cc46a1,9d540d3a-ba2a-4da2-b5b2-8596b612ef7b,2023-11-30 08:23:00,7610d689-246f-467d-8d80-991c4eef401a,600,36,636
bbfba506-e2ad-404d-9014-a279b7993773,29d39df5-9d77-4930-8017-21db53ecf80d,2023-11-30 16:51:00,7610d689-246f-467d-8d80-991c4eef401a,1500,89,1589
f7258ce2-1230-41e6-9c36-c389c65895be,bddfbc57-6f52-4e22-a57a-6002563d154a,2023-11-30 08:36:00,7610d689-246f-467d-8d80-991c4eef401a,600,36,636
0622a6fd-b8cd-49a6-b6da-e048343af48d,b984ff09-e77c-4243-8b06-df73a4cfcab4,2023-11-30 09:55:00,7610d689-246f-467d-8d80-991c4eef401a,700,42,742
dd7f4668-5efe-4b36-a226-6a2c898ecfaf,450a1c69-f98e-4b7e-801d-fd2a78341e96,2023-11-30 07:59:00,7610d689-246f-467d-8d80-991c4eef401a,700,42,742
af4dfbe0-698a-4a2d-a03e-7cad9116b70c,2da1361f-4429-48c2-82c5-914e0aa8f5f7,2023-11-30 18:55:00,7610d689-246f-467d-8d80-991c4eef401a,600,36,636
75e7df0a-9c02-4d09-9f8f-8b60fb5f2dd9,a4072cf8-44ed-4fba-a09c-52ea1253a626,2023-11-30 07:36:00,7610d689-246f-467d-8d80-991c4eef401a,400,24,424
1bd5f84e-4524-4c9e-a54b-60a556ca9f62,3046aedf-67c1-44e7-ac56-440680327361,2023-11-30 07:35:00,7610d689-246f-467d-8d80-991c4eef401a,400,24,424
ce7a9394-272c-455e-aca4-625bcf38c1fc,fa0e12db-f609-4728-81c6-46ef4455bb0c,2023-11-30 15:59:00,7610d689-246f-467d-8d80-991c4eef401a,700,42,742
0f2363e6-e997-4313-ad7d-9513f56f1069,666a6a48-7875-482d-a94e-9f8c64465cf4,2023-11-30 12:09:00,7610d689-246f-467d-8d80-991c4eef401a,400,24,424
da44ccab-3ae4-4fef-9fd8-e1cdee98f8d3,f61d0b9b-34aa-4b2d-8245-1b56c9c94307,2023-11-30 17:25:00,7610d689-246f-467d-8d80-991c4eef401a,1700,102,1802
1dbd914d-df49-4ac3-b9dc-d4e326dc21f4,7b88c165-b4b5-49c8-8bc5-fc7f7f0f2578,2023-11-30 13:56:00,7610d689-246f-467d-8d80-991c4eef401a,1200,72,1272
278b69b5-ec19-49bc-9bc4-d5ccb47257e2,bfe1b846-d4bc-4600-af95-6ae41b24dac9,2023-11-30 07:55:00,7610d689-246f-467d-8d80-991c4eef401a,700,42,742
f4d880c7-79df-481f-8949-350321414d74,6b9b009b-216f-42fb-8b64-a596a810d02b,2023-11-30 11:02:00,7610d689-246f-467d-8d80-991c4eef401a,600,36,636
74a17ae4-3780-4101-ae99-7c288880a154,bcf395ee-025e-44f8-8f73-484421f6d5fb,2023-11-30 12:55:00,7610d689-246f-467d-8d80-991c4eef401a,700,42,742
f39c211e-0e2c-4c6c-8969-d8a8ccf8d915,94d0a0fe-75c6-43be-bb84-168e040bc6d5,2023-11-30 13:06:00,7610d689-246f-467d-8d80-991c4eef401a,400,24,424
d7d3b63e-e1d8-4923-9731-86a103162d80,23a97ea4-4910-41fc-b79e-db7367a51abe,2023-11-30 15:30:00,7610d689-246f-467d-8d80-991c4eef401a,700,42,742
5bdfbfa3-abee-4992-a324-64a4e3a67fe4,cf070f90-cdd8-4549-b7e2-0c7254a5fa7d,2023-11-30 14:26:00,7610d689-246f-467d-8d80-991c4eef401a,600,36,636
3cfe8fad-aa4a-43d7-941c-a6c4b021c418,f261c486-1d6b-4b57-9824-facbc9349254,2023-11-30 13:24:00,7610d689-246f-467d-8d80-991c4eef401a,1700,102,1802
6b2d9748-2724-4d63-ac92-f303889b891b,a6b53394-b08a-4498-b7c3-91454743d0a8,2023-11-30 12:25:00,7610d689-246f-467d-8d80-991c4eef401a,700,42,742
198df0b5-d207-43d9-bbfc-0adbafe45f3c,f808081a-9507-47e5-86cb-7bf828d9d4df,2023-11-30 07:11:00,7610d689-246f-467d-8d80-991c4eef401a,600,36,636
29920aca-3c96-4241-a89c-679a41091f10,0ecfed85-1b84-4e53-966a-152524ece0f4,2023-11-30 14:23:00,7610d689-246f-467d-8d80-991c4eef401a,400,24,424
5de1acd3-0577-4f59-8af9-95a7f4a454fc,f5d008c2-6621-46ef-a6cd-0886f0fe7f96,2023-11-30 14:20:00,7610d689-246f-467d-8d80-991c4eef401a,1600,96,1696
5d225c3c-b6d8-4d83-a274-fa0e39722007,5d511afd-b502-4192-baad-0548251e5e6d,2023-11-30 08:31:00,7610d689-246f-467d-8d80-991c4eef401a,600,36,636
af6c3f97-d441-472a-8a6a-511b2f9b6f88,d8b3404c-073c-45e4-8d6a-a87259956b38,2023-11-30 16:14:00,7610d689-246f-467d-8d80-991c4eef401a,700,42,742
fe67965f-3bce-4075-b57a-ea7d9cb1bb13,4d4c7b21-8990-4720-990f-7746db61168d,2023-11-30 10:48:00,7610d689-246f-467d-8d80-991c4eef401a,400,24,424
f4276c28-5c91-4ff3-ab31-7ca23a088952,f9841060-a614-481b-94ee-7dfe41607413,2023-11-30 07:32:00,7610d689-246f-467d-8d80-991c4eef401a,600,36,636
1ce81cb8-13a8-4012-b980-348876d04cb4,c6bd6d54-a717-4955-a92b-b94a48db42dc,2023-11-30 07:35:00,7610d689-246f-467d-8d80-991c4eef401a,600,36,636
c83a4a13-9baa-4cf4-8499-5cbc9db04fdc,eb7d2aec-bc7d-4c51-a03b-eafee6cb1d8a,2023-11-30 07:25:00,7610d689-246f-467d-8d80-991c4eef401a,700,42,742
7f45da35-986a-4373-8a97-e544796c8116,dc1554c4-7966-43d6-989b-d9371615ed70,2023-11-30 08:37:00,7610d689-246f-467d-8d80-991c4eef401a,500,30,530
159ae30e-7246-46dd-abb3-756a5e1ca89d,0d210a5d-5016-4929-b467-3c8c4ba1ae9d,2023-11-30 08:09:00,7610d689-246f-467d-8d80-991c4eef401a,700,42,742
41b921b7-31fc-4fe9-84e9-36bc09f5b845,25330444-e5dc-4852-a712-a2747fe6665b,2023-11-30 11:45:00,7610d689-246f-467d-8d80-991c4eef401a,2200,131,2331
ad4a7e1c-e303-4eec-b6a1-f17aa6ffb538,ae87b6ae-d8fa-411b-8af9-e27f1f1ebc49,2023-11-30 17:18:00,7610d689-246f-467d-8d80-991c4eef401a,400,24,424
b5a42e57-d52d-4ce0-9797-3e80a8506ea7,9cde1e0d-05f3-450f-bf5a-fa46ba556e66,2023-11-30 11:21:00,7610d689-246f-467d-8d80-991c4eef401a,600,36,636
09bff4f2-a661-467b-9fd0-0334953895cd,2e87ed2f-46fa-4c3d-a250-401e8b1ce26f,2023-11-30 07:00:00,7610d689-246f-467d-8d80-991c4eef401a,600,36,636
071f4887-6556-440d-ba70-348f779cc363,4387d265-a651-45ac-b32f-8dc31bff999a,2023-11-30 14:11:00,7610d689-246f-467d-8d80-991c4eef401a,400,24,424
475af46b-44d9-42d1-b46f-6fb99fd2c14d,026ceb52-c4fd-4803-bc22-2a3906fb6c46,2023-11-30 08:07:00,7610d689-246f-467d-8d80-991c4eef401a,700,42,742
6e22481e-735a-485d-8d96-65f123e4ffb0,c8bab90c-54a0-4996-b0b2-10caea8d5184,2023-11-30 08:09:00,7610d689-246f-467d-8d80-991c4eef401a,700,42,742
62aa0a08-27cd-4551-8fc1-82cff68cfa20,f2efc122-75e1-48bd-b4b8-6a52061637d2,2023-11-30 13:35:00,7610d689-246f-467d-8d80-991c4eef401a,1600,96,1696
822c12f9-d8f9-4d4e-98e4-f47c465ea121,766271ed-188f-4288-b9f4-5a3f1a22c810,2023-11-30 18:28:00,7610d689-246f-467d-8d80-991c4eef401a,1300,78,1378
e2f31560-0e4e-4aa5-a573-1189407dbf68,adb75b1e-ebd5-4fb8-9ea1-91af9f74330d,2023-11-30 08:36:00,7610d689-246f-467d-8d80-991c4eef401a,400,24,424
36337a1a-de4e-4a56-92eb-16015109b941,7523436b-bfe8-439b-8ba3-a6ea6c2c274c,2023-11-30 08:06:00,7610d689-246f-467d-8d80-991c4eef401a,1100,65,1165
febc85cb-fd32-4d76-b2bb-8f9739e63a65,7246a425-986b-4cc7-9db5-e2a4f0f36b37,2023-11-30 14:16:00,7610d689-246f-467d-8d80-991c4eef401a,1800,108,1908
8713b19a-8dcc-41b4-9897-257347dc37ea,dafbb152-2434-4963-83a6-66bcca661251,2023-11-30 08:19:00,7610d689-246f-467d-8d80-991c4eef401a,500,30,530
7077b40e-b7b4-4152-84d2-47f90e4a9c2a,37185ad3-bd4b-4923-b4cb-d81ca7d9dcf4,2023-11-30 17:56:00,7610d689-246f-467d-8d80-991c4eef401a,1700,102,1802
29760103-a6fb-4880-8597-c6b15655d212,751581a7-dcae-4cd6-be9c-0170a28ec0f7,2023-11-30 08:18:00,7610d689-246f-467d-8d80-991c4eef401a,500,30,530
7e950eab-5a18-4f2d-9101-53bd1074ede6,f2e6c77c-bb0e-4736-8e20-d9a300ad589a,2023-11-30 08:09:00,7610d689-246f-467d-8d80-991c4eef401a,600,36,636
e04fa3ce-4716-4d05-bfdc-397a0fb11da9,7ada98ab-4d4a-4814-b592-71cbf95a981f,2023-11-30 12:34:00,7610d689-246f-467d-8d80-991c4eef401a,600,36,636
d85974db-1f3c-4e59-bf5a-c6e6f5b8f72e,2e472783-b556-4793-892b-93e4aae66fe8,2023-11-30 07:54:00,7610d689-246f-467d-8d80-991c4eef401a,700,42,742
da19bd5b-938d-4460-8d81-470ced829fc1,22822edd-5932-40c9-8d1a-0fa99635cd0d,2023-11-30 15:33:00,7610d689-246f-467d-8d80-991c4eef401a,1500,89,1589
5b45fa83-bd29-4605-831b-3dd89efaa4b2,b33388b4-e129-491e-bcb5-2936b41c9e74,2023-11-30 08:31:00,7610d689-246f-467d-8d80-991c4eef401a,500,30,530
e7f4ed48-8ddc-4cab-a2fa-b75364faa1a9,e3591c6f-a528-4df8-bbaa-8c969c574113,2023-11-30 15:22:00,7610d689-246f-467d-8d80-991c4eef401a,400,24,424
df385039-9637-4ea4-a32e-2e820aec254b,100b9b88-fbe2-4f5d-ab6f-986c8aabac36,2023-11-30 18:32:00,7610d689-246f-467d-8d80-991c4eef401a,800,48,848
73d74566-47e2-4b4a-85fa-4a7ea198e887,1fb76357-c7a2-4992-8900-214689f817f6,2023-11-30 13:22:00,7610d689-246f-467d-8d80-991c4eef401a,1200,72,1272
a95ba077-07ec-41f1-b3ca-a38205b6cbd4,25bf9611-3c9a-425d-8d25-eb3ca453e365,2023-11-30 07:57:00,7610d689-246f-467d-8d80-991c4eef401a,500,30,530
a9d5c805-3e5f-4b23-b824-f57c27931e36,eadecf6d-7e61-47f3-a9e1-92d5865305e0,2023-11-30 18:32:00,7610d689-246f-467d-8d80-991c4eef401a,600,36,636
b0296970-99cf-499b-ba8e-d0fe099a3aa1,16b323b3-be80-4671-9172-263be1a8bdee,2023-11-30 11:52:00,7610d689-246f-467d-8d80-991c4eef401a,1100,65,1165
38fd9522-44bc-4cbf-a5eb-1d1835d67d6b,f7f95a28-6e03-43ef-b3bd-87deb2cd1c39,2023-11-30 14:06:00,7610d689-246f-467d-8d80-991c4eef401a,1100,65,1165
b695feed-5b6b-4793-b058-519397406f9e,deef47c5-0b09-452c-97a3-88e756de53fb,2023-11-30 12:53:00,7610d689-246f-467d-8d80-991c4eef401a,600,36,636
ea22bad6-7d52-43aa-917e-31d11dc827e7,3be0e2aa-b690-4a2f-a42a-323d392a2e56,2023-11-30 07:24:00,7610d689-246f-467d-8d80-991c4eef401a,400,24,424
0fd8cb12-8f81-4d23-bb24-be4d98fc1941,eaf1ce75-babd-4767-adc4-c84916d44ea9,2023-11-30 07:54:00,7610d689-246f-467d-8d80-991c4eef401a,700,42,742
65b88a53-47f4-46c6-97e8-4717b52e3a66,8ed958e2-d38f-4836-a244-19f7f1ac0ab9,2023-11-30 18:55:00,7610d689-246f-467d-8d80-991c4eef401a,400,24,424
308fb388-6b3e-45cc-9020-c6cd514a49df,7a631e31-0f36-480d-9d91-b4f11b6b3531,2023-11-30 11:57:00,7610d689-246f-467d-8d80-991c4eef401a,4500,270,4770
7aae306f-eb4f-4c7c-8cf4-ce8193650ab3,a511fe7a-129e-4a12-977c-655bc6f729cf,2023-11-30 08:12:00,7610d689-246f-467d-8d80-991c4eef401a,700,42,742
4c5e53ab-6207-48bc-bd55-5dd4d3fdbfcb,f7ba70c3-65ab-41b7-b82e-557e864b3b38,2023-11-30 11:57:00,7610d689-246f-467d-8d80-991c4eef401a,400,24,424
d399dd54-cef8-429f-98e6-54fabfc74535,181bd0ce-2a4e-4351-9ebd-df2dac1447d9,2023-11-30 17:02:00,7610d689-246f-467d-8d80-991c4eef401a,1700,102,1802
e38f869a-8d64-4a89-8162-75b1b4322a48,71bd1014-f18c-4f9e-9f6e-a744c212f185,2023-11-30 19:22:00,7610d689-246f-467d-8d80-991c4eef401a,600,36,636
11272d6b-6d49-40c0-ae8a-be0a13cb0186,271669e0-565e-4dd1-8b33-5e785cdcb331,2023-11-30 07:45:00,7610d689-246f-467d-8d80-991c4eef401a,600,36,636
e7d1d9a4-b0fa-4a4b-a4ca-6436d6e19a02,f0f2ae48-dc46-46e7-84ab-80d7a170ba83,2023-11-30 11:12:00,7610d689-246f-467d-8d80-991c4eef401a,2100,126,2226
34cc156d-7bda-4590-9422-9444506cc89e,25a1ae12-da1a-47ba-8cc5-93ddde1bdd8a,2023-11-30 12:45:00,7610d689-246f-467d-8d80-991c4eef401a,600,36,636
753e0db7-c66a-4bf3-948a-1561e329d15a,3a4bfb82-86e6-493d-a5c5-7f5f15da46b2,2023-11-30 16:51:00,7610d689-246f-467d-8d80-991c4eef401a,600,36,636
34423e42-f65e-48a3-8021-50c0b7c33c77,1ce75bf8-af62-46ae-9ec1-bea716d67cd0,2023-11-30 08:25:00,7610d689-246f-467d-8d80-991c4eef401a,700,42,742
7da4f7fd-2f88-4dda-be90-bf29190d41b3,9d86b78b-c5a3-4c47-afde-b6f079c7571f,2023-11-30 07:40:00,7610d689-246f-467d-8d80-991c4eef401a,400,24,424
3a99a87e-cae1-41e9-88bd-313ea846a833,5d0fd1a2-46fb-4f0c-87fd-e8ed66d5d4f1,2023-11-30 11:12:00,7610d689-246f-467d-8d80-991c4eef401a,700,42,742
3be69d01-407b-433a-9ac0-6df4d61d3164,d6395bce-5b79-4dbe-b156-3fd6e59f0e76,2023-11-30 14:38:00,7610d689-246f-467d-8d80-991c4eef401a,1700,102,1802
808428d6-e5b9-4c7b-be85-3292b670159d,83c2a0a0-ef47-41c3-8130-f4c4bfada767,2023-11-30 08:07:00,7610d689-246f-467d-8d80-991c4eef401a,600,36,636
db065d13-66e6-4088-a2da-badc986775de,534e8469-a018-4efb-a1cc-fd23169c8c8e,2023-11-30 11:39:00,7610d689-246f-467d-8d80-991c4eef401a,600,36,636
adf1f9f2-9b7f-44a7-8f7a-4d1ca0c0699b,201c75dc-d0d2-49d0-8a57-a674c91be28c,2023-11-30 07:37:00,7610d689-246f-467d-8d80-991c4eef401a,600,36,636
40709a2f-115b-47dc-a802-e1890dc5a8ff,b7810a3b-3aa5-4ebb-9d33-273cfc9007c2,2023-11-30 19:01:00,7610d689-246f-467d-8d80-991c4eef401a,700,42,742
79525c73-7f86-44de-8284-d35d553455d6,66419994-ccb4-4a5e-8104-430d9f05b787,2023-11-30 12:52:00,7610d689-246f-467d-8d80-991c4eef401a,1000,60,1060
68341517-3faf-488b-96fc-870bfca1c1b8,e59558e5-bf1d-4ab7-ab9f-192967a99993,2023-11-30 15:29:00,7610d689-246f-467d-8d80-991c4eef401a,400,24,424
ae02c3f7-7fe5-4d15-86a2-3063e13a8ec6,e90f9656-4dbb-43c9-b92e-183e7616d870,2023-11-30 16:55:00,7610d689-246f-467d-8d80-991c4eef401a,1700,102,1802
d38e4a5b-36cf-4934-88d5-819304e0cdff,50a245b4-409d-40b4-859a-497ffa53d3b5,2023-11-30 07:36:00,7610d689-246f-467d-8d80-991c4eef401a,600,36,636
dec28662-b273-4ed1-8e8f-e3365988c129,97d9be9c-5910-4341-9c34-db0a5d21792b,2023-11-30 07:09:00,7610d689-246f-467d-8d80-991c4eef401a,700,42,742
0522fecd-e3b3-418b-ab5e-3a5843f691f7,1a5a5d31-a37e-4a9c-a6cd-d2022e17eca7,2023-11-30 16:14:00,7610d689-246f-467d-8d80-991c4eef401a,1200,72,1272
3721da86-bc00-48f9-a09d-0ddcaab9b7a7,2168d1cd-b8d0-48cc-bba5-45bde32172ca,2023-11-30 14:24:00,7610d689-246f-467d-8d80-991c4eef401a,1200,72,1272
adb669d0-fcc0-4c24-917c-727d10516806,456fdbb1-8895-420f-8c28-844dbee62b72,2023-11-30 08:08:00,7610d689-246f-467d-8d80-991c4eef401a,500,30,530
db862ecd-0567-4540-8ed4-a6dd73233db6,1a616871-cf07-4962-8005-fd25b7b631bd,2023-11-30 12:21:00,7610d689-246f-467d-8d80-991c4eef401a,400,24,424
13d09de4-2bd9-450a-b935-e74c5395c1fd,535833dc-00da-4d3d-89a5-24d05500e1a0,2023-11-30 10:59:00,7610d689-246f-467d-8d80-991c4eef401a,500,30,530
2641d702-8eb8-48f5-83a8-dc40d9a1902c,0f0fef3b-66fb-4716-9807-7a8a2bcec7e7,2023-11-30 11:19:00,7610d689-246f-467d-8d80-991c4eef401a,400,24,424
bb7759a0-ab94-42dc-9d15-76127bab6030,0f8daf38-9d2e-4979-a40a-9994e1096dcf,2023-11-30 11:21:00,7610d689-246f-467d-8d80-991c4eef401a,1100,65,1165
2f1fe0dd-9e34-4c62-b240-674ac42b938a,d2c80c70-0626-4e92-9115-8ce300b3a153,2023-11-30 08:35:00,7610d689-246f-467d-8d80-991c4eef401a,400,24,424
8e4dc744-f092-4c3e-9c91-02ace3f37576,87ab0db5-dea7-42ec-9f0c-2845b0311a5e,2023-11-30 07:10:00,7610d689-246f-467d-8d80-991c4eef401a,700,42,742
2eb73f26-78f6-4a1e-b624-70d0ff44ebd8,309669c8-42b3-43b1-8123-2be569933a0c,2023-11-30 12:50:00,7610d689-246f-467d-8d80-991c4eef401a,1600,96,1696
b86ccbe8-d3be-4559-abeb-caa25a43409e,151aad12-cc70-485f-b635-fd685c75209d,2023-11-30 16:08:00,7610d689-246f-467d-8d80-991c4eef401a,1700,102,1802
76619152-1590-444e-a56f-2b051b5e6b4e,2b93a0e5-e89b-480f-9229-d927b0cb04d5,2023-11-30 07:38:00,7610d689-246f-467d-8d80-991c4eef401a,600,36,636
b0533968-eb3d-4e23-84a6-92c8ef4d879e,5e25b7e9-263f-487e-ab81-22525d48e71b,2023-11-30 07:48:00,7610d689-246f-467d-8d80-991c4eef401a,500,30,530
07831fbd-d448-40af-baa0-a5c76df727f9,665e2199-3e9c-44d4-ad37-fdaad66a174c,2023-11-30 07:55:00,7610d689-246f-467d-8d80-991c4eef401a,500,30,530
90403c18-81dd-41f5-8590-097928c54fb4,f919f31e-aafe-4c49-b6e4-fbaad4f298bf,2023-11-30 16:09:00,7610d689-246f-467d-8d80-991c4eef401a,2100,126,2226
4df0834b-c830-427d-9c13-2bc29e5fc097,1c9cfb2c-1d6e-42ea-abd2-7970d24360ec,2023-11-30 08:16:00,7610d689-246f-467d-8d80-991c4eef401a,700,42,742
f5d3d138-72c8-48d8-b08a-81ed0fdb775c,a81521ff-21dd-4fea-8e3f-fe9c4a1dc1e8,2023-11-30 07:49:00,7610d689-246f-467d-8d80-991c4eef401a,600,36,636
1cc88b82-56d3-4a32-a9ce-f9fd9c247a18,2c3b36b1-b188-488e-b426-1cb1ed10393a,2023-11-30 16:16:00,7610d689-246f-467d-8d80-991c4eef401a,600,36,636
4deb959e-bb6c-48f8-a578-68016d04dcea,48959ed8-08dd-4ef2-bffb-7a52f1416a29,2023-11-30 08:23:00,7610d689-246f-467d-8d80-991c4eef401a,700,42,742
2f6a56f7-36a3-4c34-9a9a-933baec3b5eb,86440644-0c75-465f-bdeb-900d87ec40d4,2023-11-30 07:53:00,7610d689-246f-467d-8d80-991c4eef401a,500,30,530
00dcdb7d-5026-4591-8604-c2d734cdcbc7,ab65ad9c-95b5-49a5-8338-0a5c83d5817f,2023-11-30 18:55:00,7610d689-246f-467d-8d80-991c4eef401a,1200,72,1272
d7c988b7-2b0e-4cd8-aa5b-443f983be41e,3fccd325-23ce-47e6-a2e5-3f5b609113a9,2023-11-30 12:00:00,7610d689-246f-467d-8d80-991c4eef401a,500,30,530
b53b049c-153a-42a7-b590-69e79badaa3b,b6084d24-9a8f-481e-8d93-c09ccb6c51c0,2023-11-30 13:26:00,7610d689-246f-467d-8d80-991c4eef401a,600,36,636
1cc2c56b-b44e-44a6-8beb-6c2c9e663c7e,a35a2470-78bd-43fe-aca9-e82d731daecc,2023-11-30 12:51:00,7610d689-246f-467d-8d80-991c4eef401a,500,30,530
a3d84296-9ae7-4870-a107-4cf4d96eb88e,d3c6c1f1-8fad-4e3b-b090-1739abc57cf0,2023-11-30 07:22:00,7610d689-246f-467d-8d80-991c4eef401a,600,36,636
addf9814-8aca-4943-9bae-401eb489ae7d,31705639-1dc7-450a-a954-9c9ab38822cf,2023-11-30 15:55:00,7610d689-246f-467d-8d80-991c4eef401a,1600,96,1696
a4f4ab9b-a194-4d59-a5d6-28df7feae78c,d60e7604-3b35-41cb-91c6-f220b3e8eb3d,2023-11-30 11:32:00,7610d689-246f-467d-8d80-991c4eef401a,400,24,424
14ff57a5-cf0b-4bcd-af0b-18507c3b3fc0,152e39ef-e32b-4140-8d4c-84e1f4efe4ab,2023-11-30 12:00:00,7610d689-246f-467d-8d80-991c4eef401a,400,24,424
45abcbdc-87d5-4f8a-843c-7328e87babab,16055520-2c72-4e4e-9f92-bac49b61437c,2023-11-30 07:29:00,7610d689-246f-467d-8d80-991c4eef401a,600,36,636
ec4bf2df-2652-44fe-b10f-dccd1b205287,a9a3224d-e299-4835-95d7-96b2ae764b03,2023-11-30 12:58:00,7610d689-246f-467d-8d80-991c4eef401a,600,36,636
c6e67dae-3c4b-46ee-85f6-fd8c2f84a857,f19d0ad1-80ee-47f5-97ff-186e003f3e38,2023-11-30 15:05:00,7610d689-246f-467d-8d80-991c4eef401a,1200,72,1272
63f99672-b476-40df-896f-e8978d2caedd,d23ca980-dbeb-418a-b89b-bca1590263ee,2023-11-30 14:06:00,7610d689-246f-467d-8d80-991c4eef401a,700,42,742
1f813819-4f2e-4c3c-84fb-31650181eb2b,f48bd87a-ff07-4581-a471-bcb2cd91cd1b,2023-11-30 17:06:00,7610d689-246f-467d-8d80-991c4eef401a,600,36,636
8883e554-a01a-442a-8571-210fbe56b1fb,ea8db837-54ac-4615-ab01-9e1d9f2d3ec1,2023-11-30 08:16:00,7610d689-246f-467d-8d80-991c4eef401a,600,36,636
9e342598-14f4-49cc-9b8b-3cf4bbf0ea21,ef0b0d0b-5ecf-4f39-8937-bb9ddaaadfa3,2023-11-30 16:18:00,7610d689-246f-467d-8d80-991c4eef401a,500,30,530
468b53e6-599a-469c-ac97-6000e20cdb6e,7fe3d1b7-4c1f-4ba2-9a83-9b48c757dcd2,2023-11-30 16:14:00,7610d689-246f-467d-8d80-991c4eef401a,1500,89,1589
102a6569-6b39-4d18-a746-2d34f3445f8c,71c1b037-3691-41ec-9286-8b171bdbb6f5,2023-11-30 16:04:00,7610d689-246f-467d-8d80-991c4eef401a,700,42,742
772ab81c-3a48-4c38-9dc4-829b057e637b,e59b4e1f-ba7c-401c-8106-d4745af1b66c,2023-11-30 13:31:00,7610d689-246f-467d-8d80-991c4eef401a,1800,108,1908
c70656de-67c6-4938-b645-5cc7cbe5d7f9,8cfe2de3-d27a-456f-ae33-517251aeee4e,2023-11-30 13:33:00,7610d689-246f-467d-8d80-991c4eef401a,400,24,424
63ca4cdc-3ce6-417b-99d8-2654eb834241,df3c2d1d-30e2-4371-9b43-3fd918f475bb,2023-11-30 08:07:00,7610d689-246f-467d-8d80-991c4eef401a,400,24,424
7e397a36-92a3-42e7-aa3c-5e9d36dd2cb8,f695d71e-f422-4325-9add-b509be6e4bf1,2023-11-30 12:21:00,7610d689-246f-467d-8d80-991c4eef401a,600,36,636
7c7afbbe-db12-4daa-abe0-2169e41ee78a,25026909-2ede-4661-871d-156396a83b6c,2023-11-30 14:24:00,7610d689-246f-467d-8d80-991c4eef401a,600,36,636
13a405d1-cd69-4a44-846e-21637642f745,b95564b0-779d-41ad-9da0-5f65a142d02c,2023-11-30 07:45:00,7610d689-246f-467d-8d80-991c4eef401a,600,36,636
925ae711-5d9f-40bd-a898-3191f375eb4e,3b549ccd-b818-46d6-bb5c-7b514dc724ff,2023-11-30 07:26:00,7610d689-246f-467d-8d80-991c4eef401a,400,24,424
96ccb1eb-02cb-4702-b8ac-0bb24d2f2d39,ba8a3b82-1b25-4eb0-bcd3-e172ca44a871,2023-11-30 16:37:00,7610d689-246f-467d-8d80-991c4eef401a,700,42,742
ec9b228f-2069-4a6d-a7b6-1f22b4e031ac,33312611-32f7-45e9-a1ba-76224a4efaf1,2023-11-30 12:28:00,7610d689-246f-467d-8d80-991c4eef401a,1900,113,2013
6e63015d-dd6d-4755-8465-9007b3231030,2df21d90-54d9-4bfc-9b00-12048e94bf7f,2023-11-30 07:56:00,7610d689-246f-467d-8d80-991c4eef401a,600,36,636
8c9abe5b-5d56-46b6-a03e-6cfd98149544,b27ac96b-45a5-4ca0-924e-eecc8894d365,2023-11-30 14:13:00,7610d689-246f-467d-8d80-991c4eef401a,1900,113,2013
f7e22339-662e-4f54-8473-bcbb0d8c0ca2,61432b99-679b-4a15-8732-0fcb17a5ef7c,2023-11-30 08:25:00,7610d689-246f-467d-8d80-991c4eef401a,700,42,742
2d37e074-6be2-4873-872e-d153354b157a,905454f7-790f-4855-9e6d-6506f375381a,2023-11-30 08:00:00,7610d689-246f-467d-8d80-991c4eef401a,600,36,636
e5444acb-145d-4ddf-a870-7ebb4bbcb05a,ec2d7fac-e43b-47bb-9667-8389825d6201,2023-11-30 15:59:00,7610d689-246f-467d-8d80-991c4eef401a,400,24,424
54d3f653-532a-408d-bef0-515bb2e36981,270fc651-fdbe-43d7-b9d3-e6bc8d729c00,2023-11-30 12:51:00,7610d689-246f-467d-8d80-991c4eef401a,600,36,636
bf9cc29c-ff3f-4e78-be07-3b497681adb6,e5deefa3-49a9-41cf-9230-a2ac99a13b74,2023-11-30 17:37:00,7610d689-246f-467d-8d80-991c4eef401a,400,24,424
77af3cfe-a1f0-4b23-b5aa-33ec14ac5590,a8d4018e-74dd-481b-9ec0-047653c406bc,2023-11-30 10:20:00,7610d689-246f-467d-8d80-991c4eef401a,2300,138,2438
8d1dde55-d9bd-49de-a904-37a776c5988d,66eeda05-0d6d-490c-b2b3-a4184a6e593d,2023-11-30 09:16:00,7610d689-246f-467d-8d80-991c4eef401a,600,36,636
5c4563e7-9f96-4c1f-bc55-2e0d292ffbd3,c3113d55-77b9-4b5b-91d0-905284ede6e8,2023-11-30 14:27:00,7610d689-246f-467d-8d80-991c4eef401a,2100,126,2226
2d93a386-c2d5-4db5-944c-775c533e5551,b8e6d5cf-5320-400d-9a7a-d392e280ff9a,2023-11-30 07:40:00,7610d689-246f-467d-8d80-991c4eef401a,600,36,636
85869050-1ff3-4be4-b5c5-0d8c894cbf93,55a186ff-9bda-4b51-8717-546300299f58,2023-11-30 08:23:00,7610d689-246f-467d-8d80-991c4eef401a,600,36,636
c9a525c6-abed-4b91-9e19-f1b8dfce3165,ee6d763d-1298-46e9-a102-98c548f91916,2023-11-30 19:34:00,7610d689-246f-467d-8d80-991c4eef401a,500,30,530
97283134-f396-46be-a47f-f31a10959e60,3a3d9f52-a1f9-4640-a5ac-3565b6fc94d6,2023-11-30 10:53:00,7610d689-246f-467d-8d80-991c4eef401a,700,42,742
26fc2e1b-20ab-434a-b2a9-8dab945e0711,90127bdb-59ee-4e26-83af-f34b0bf9f9b5,2023-11-30 15:30:00,7610d689-246f-467d-8d80-991c4eef401a,600,36,636
02244a62-d420-4b44-a3ad-22c428fa7f29,dfe2ecc4-6a89-42bf-809d-eb6d3b80f03c,2023-11-30 08:26:00,7610d689-246f-467d-8d80-991c4eef401a,700,42,742
8c2cc035-cf1e-4f06-a772-6f310a71ac2a,8f860c47-6ffb-400d-a5ea-1b3309f59667,2023-11-30 07:11:00,7610d689-246f-467d-8d80-991c4eef401a,400,24,424
786377cf-cd06-4bf0-b137-bc2359d8a813,8e668625-bb53-48d3-8a35-337b6bfe0528,2023-11-30 08:28:00,7610d689-246f-467d-8d80-991c4eef401a,700,42,742
91c036cf-4f3d-43a7-b2fc-8c636c6a07c7,4cabdc2c-b086-49e3-8537-89e9ff05bfc2,2023-11-30 17:09:00,7610d689-246f-467d-8d80-991c4eef401a,1600,96,1696
534464ef-0835-432f-9674-861fe846d1e4,8b985220-0522-4c7e-9086-b5e3ec1da5ad,2023-11-30 11:55:00,7610d689-246f-467d-8d80-991c4eef401a,1800,108,1908
515ab70e-eb3a-4069-9a6b-9bab688286a9,ff579c5a-cd8c-4e66-9fa5-5efd193c7c97,2023-11-30 13:30:00,7610d689-246f-467d-8d80-991c4eef401a,500,30,530
a4e828d3-cabb-4185-94b2-3870a19a728c,c15f166b-5eea-4544-95ba-c06ab6bdfd54,2023-11-30 17:34:00,7610d689-246f-467d-8d80-991c4eef401a,400,24,424
fa1dc589-a2c3-4a00-94d9-c313a2c48bd8,4c0311a9-36a1-489e-b9a6-d0c6fbb216d0,2023-11-30 11:56:00,7610d689-246f-467d-8d80-991c4eef401a,600,36,636
0e83c53c-54dc-4f21-9f79-8e231188d567,21b47c14-85e6-4345-8b75-fb865313023c,2023-11-30 09:08:00,7610d689-246f-467d-8d80-991c4eef401a,500,30,530
4e8e7ca6-c62b-424d-a208-dcd958abe2f2,de438868-012e-4090-a23f-435fe782ba8a,2023-11-30 07:32:00,7610d689-246f-467d-8d80-991c4eef401a,700,42,742
541b2cd8-3b71-414a-a376-f198e4bd4141,837e09f7-4460-4e4c-9dd1-15e51783c049,2023-11-30 11:47:00,7610d689-246f-467d-8d80-991c4eef401a,1900,113,2013
d828de3d-61aa-446c-99c0-6f98a9ee26c2,76e0ad61-6f0a-4ff9-ac30-b153a4382299,2023-11-30 08:27:00,7610d689-246f-467d-8d80-991c4eef401a,400,24,424
305f3936-f4f7-4d85-9dae-1e72b0329eb7,7a3e0a67-3f90-4b44-ad0e-93018ee4fb40,2023-11-30 10:49:00,7610d689-246f-467d-8d80-991c4eef401a,1700,102,1802
39fb1ab3-6663-45f2-a39a-6fd97873803d,46f597eb-c54b-4468-9b5f-709bcfed28fb,2023-11-30 13:19:00,7610d689-246f-467d-8d80-991c4eef401a,500,30,530
c8f19129-7492-4f4c-ae9c-711591f38ee5,74f8b5d2-4353-4a1d-9d09-c4b033ed1e78,2023-11-30 08:24:00,7610d689-246f-467d-8d80-991c4eef401a,600,36,636
207885eb-5573-423d-949a-1e5f51611788,56b50d24-13a2-45fe-9f11-02b1df86f7ab,2023-11-30 09:53:00,7610d689-246f-467d-8d80-991c4eef401a,700,42,742
23baf725-b4d5-436d-b39c-c36d9b2957bf,b072f983-a206-4f65-a800-d1b376f074a7,2023-11-30 14:55:00,7610d689-246f-467d-8d80-991c4eef401a,600,36,636
9787cc45-1a29-4d07-9128-8e487bab3daa,468be53a-0f82-4ec2-9400-cfb722feb061,2023-11-30 19:03:00,7610d689-246f-467d-8d80-991c4eef401a,400,24,424
e5254dd9-646b-46e6-a7dd-e89c4fca8524,08242f94-d34c-4120-afeb-94e966620c4e,2023-11-30 17:04:00,7610d689-246f-467d-8d80-991c4eef401a,1700,102,1802
9d748a86-0ac2-426a-b9df-4d3399edfad4,472069b9-a61b-4488-b3d3-77fd6e057685,2023-11-30 07:35:00,7610d689-246f-467d-8d80-991c4eef401a,600,36,636
063d0dfd-687d-4dba-bc0d-83dea5113170,c8ecfe04-79be-48af-8d12-9542ae15e266,2023-11-30 07:59:00,7610d689-246f-467d-8d80-991c4eef401a,600,36,636
d3705243-7d6c-481a-8902-6c5cb3a3d858,02af6d80-129a-42e4-99b4-70b2f68dc3b9,2023-11-30 15:38:00,7610d689-246f-467d-8d80-991c4eef401a,1800,108,1908
9cf39b8c-9dbc-40af-a858-bb4afe39d2e5,13e6eb04-6067-4f00-8ee7-5675fcc4f621,2023-11-30 13:57:00,7610d689-246f-467d-8d80-991c4eef401a,1000,60,1060
f934a430-15cc-43b5-8dc3-fde6e0970d0d,bd2ae4d9-0ea5-49e1-aea9-3370b4716c00,2023-11-30 18:14:00,7610d689-246f-467d-8d80-991c4eef401a,1200,72,1272
b7a6b108-3a18-4284-9098-afd61aa78e8e,42f1d1af-ac2e-42d7-80bc-e1dd04b9bce8,2023-11-30 07:08:00,7610d689-246f-467d-8d80-991c4eef401a,400,24,424
c4817d83-4f7d-4531-a541-dc284e2cb5e8,6784c527-d377-48d4-95b3-6d31959e6715,2023-11-30 10:43:00,7610d689-246f-467d-8d80-991c4eef401a,1800,108,1908
539206e0-c7d3-491e-a71b-568f87260db6,4f29c41c-067d-4f9a-9793-8bae170607bc,2023-11-30 17:41:00,7610d689-246f-467d-8d80-991c4eef401a,1200,72,1272
63f007b0-7e2a-4930-bcb6-98bb832a0803,027e3ca9-84de-4e85-8dfd-499df27dd3e9,2023-11-30 14:57:00,7610d689-246f-467d-8d80-991c4eef401a,1900,113,2013
e91aff97-d2e8-4624-9036-d077df8f4b75,9a14fd59-3f1b-40ec-ba02-2b2164bc44d7,2023-11-30 07:42:00,7610d689-246f-467d-8d80-991c4eef401a,400,24,424
f0fcf04e-59a0-4709-af62-fb3e5d3b0f14,6748aa69-7dcb-49d4-b579-9148e01a46b2,2023-11-30 09:44:00,7610d689-246f-467d-8d80-991c4eef401a,500,30,530
86abd01a-0b56-4d3d-8900-1730adce8df6,a6a53f05-a7e5-414f-ba8a-df80c2f23c61,2023-11-30 14:02:00,7610d689-246f-467d-8d80-991c4eef401a,2600,156,2756
96a0a3a4-5dd0-4176-8053-9568b621203d,4016b41b-6b04-4ecf-944a-2dec96832f6d,2023-11-30 08:17:00,7610d689-246f-467d-8d80-991c4eef401a,600,36,636
a2eb9e36-123e-4848-9a50-22e29e0f160a,636b3d28-0139-4e15-93c7-8953b8835726,2023-11-30 18:31:00,7610d689-246f-467d-8d80-991c4eef401a,2000,120,2120
1af7d871-87bd-4daa-89a6-d097dfaebb0b,1691b5c0-20da-438a-8bc7-8f68cdfc6996,2023-11-30 11:17:00,7610d689-246f-467d-8d80-991c4eef401a,1700,102,1802
77d83775-cca0-411f-83d6-9b19719ade16,9ec80e0e-eb2a-4cd5-8281-acd97008a40e,2023-11-30 14:55:00,7610d689-246f-467d-8d80-991c4eef401a,700,42,742
596a7c29-feff-4adf-8ed3-5b5d80a704d8,34e09775-13ce-4c18-925a-12de247b46a2,2023-11-30 16:46:00,7610d689-246f-467d-8d80-991c4eef401a,600,36,636
229d3d81-938f-4374-871b-ffa91ea4d307,4a9dcd92-3db5-4302-a109-4688ef1daf51,2023-11-30 12:37:00,7610d689-246f-467d-8d80-991c4eef401a,1600,96,1696
590bc6fb-1f3a-408a-9d32-148dbdfe8d67,754c0e10-2d88-4a29-99f7-cf634206294c,2023-11-30 16:59:00,7610d689-246f-467d-8d80-991c4eef401a,500,30,530
0e75961a-e283-466a-b278-f96f85cff36e,6436c05b-2e1d-493a-8e5b-8a81dfbb6d27,2023-11-30 15:36:00,7610d689-246f-467d-8d80-991c4eef401a,500,30,530
f21091eb-cbde-4424-868d-d6c7d616c8f3,cca4d2f2-7b78-4400-800f-84e9491d330d,2023-11-30 11:09:00,7610d689-246f-467d-8d80-991c4eef401a,5200,312,5512
84480ece-72eb-4d69-8cdb-425fa1cd8ec1,f57f8c58-ddd5-4ef6-9098-f1f0e6d117ec,2023-11-30 09:42:00,7610d689-246f-467d-8d80-991c4eef401a,600,36,636
cd9f8008-d00f-4133-b29d-81bc88f9cb0c,7612fe7c-aedd-4547-aade-25b4911619c9,2023-11-30 15:01:00,7610d689-246f-467d-8d80-991c4eef401a,1500,89,1589
0764983d-83fd-417e-a05e-cd9336c2be76,d2a66d78-098a-4e8a-9de8-8f53f73a1a68,2023-11-30 17:34:00,7610d689-246f-467d-8d80-991c4eef401a,500,30,530
4441d528-3d59-44b7-a424-74047697b076,f4898a14-5fe5-48dc-b6bb-1f435392dede,2023-11-30 18:31:00,7610d689-246f-467d-8d80-991c4eef401a,1500,89,1589
3ff0732d-727a-4e91-b256-6044830d6865,1995fe10-3ace-49c2-a034-9501692d2dd7,2023-11-30 14:04:00,7610d689-246f-467d-8d80-991c4eef401a,1600,96,1696
bb645afb-2a5d-4d01-9ce5-92d3ed50b614,3293ca28-2970-404e-a298-f74c760d7810,2023-11-30 08:25:00,7610d689-246f-467d-8d80-991c4eef401a,600,36,636
95f6997e-2640-4156-9062-922ef178053b,3029df46-1cef-45bc-9293-520cc8b0255e,2023-11-30 08:45:00,7610d689-246f-467d-8d80-991c4eef401a,500,30,530
06173e8b-2d92-4b1a-a8bc-cc8e1838f472,72bac195-4083-485e-9081-df5b269d5f48,2023-11-30 15:00:00,7610d689-246f-467d-8d80-991c4eef401a,2000,120,2120
61d919be-44aa-480e-bbdf-baf970786cc9,3981431e-68a6-4f25-8919-294206d4e783,2023-11-30 08:25:00,7610d689-246f-467d-8d80-991c4eef401a,400,24,424
8d4e4e5f-27f2-441a-bef0-c7e414c1b190,e8624338-c99b-4285-8018-073b5931f3d7,2023-11-30 15:09:00,7610d689-246f-467d-8d80-991c4eef401a,1800,108,1908
b041fe89-32a0-408a-a7e6-5e72e1a10ea9,b79f9939-07ce-4f15-bdca-a9e5a43ab862,2023-11-30 11:47:00,7610d689-246f-467d-8d80-991c4eef401a,600,36,636
789e4fc0-e3d5-4665-bbae-f738f39bac66,4080c176-2d27-43e3-9526-735f9330b06c,2023-11-30 10:47:00,7610d689-246f-467d-8d80-991c4eef401a,3400,204,3604
1e733b1b-ef55-46be-b8dd-9243139faa9c,f8a9b9e5-b4c7-416f-acfd-3b5727417698,2023-11-30 08:08:00,7610d689-246f-467d-8d80-991c4eef401a,600,36,636
ed328d34-0b77-4246-8400-2a89bff063cd,0b59d505-e47a-4f76-9b72-d038854b68e6,2023-11-30 18:47:00,7610d689-246f-467d-8d80-991c4eef401a,1800,108,1908
b6a62431-17f1-4e3b-b872-dcdbff052986,33544b8a-3b0f-4d97-afaa-a5018e66ee32,2023-11-30 17:45:00,7610d689-246f-467d-8d80-991c4eef401a,500,30,530
274a0766-f0da-46ee-9f09-a358580f1d7b,27b1e612-2cfe-43aa-bb58-c92646126951,2023-11-30 07:04:00,7610d689-246f-467d-8d80-991c4eef401a,400,24,424
d26807f5-4579-4c97-986a-9290bac93e4b,6cd42113-cc70-4857-985d-d31a7adf9ab1,2023-11-30 15:26:00,7610d689-246f-467d-8d80-991c4eef401a,1600,96,1696
1d84c263-cd48-499a-acee-7c0ab890f488,b5184b09-3ae6-4520-bc09-912e7eec1e67,2023-11-30 14:14:00,7610d689-246f-467d-8d80-991c4eef401a,400,24,424
36f44067-fade-43ff-8216-a0c150610d06,5cc04c18-22fc-4740-a0eb-1525efaf23ad,2023-11-30 12:18:00,7610d689-246f-467d-8d80-991c4eef401a,1200,72,1272
9035cc18-8c68-44ca-b27d-7cf2aee8736d,5bfe0dae-1b79-4360-a29c-17e9ca7851f9,2023-11-30 13:44:00,7610d689-246f-467d-8d80-991c4eef401a,1800,108,1908
6e5d5f42-d77b-4ee2-810a-bccf2c858130,1398234d-baf9-4fee-a245-8bf9b8ec1d4a,2023-11-30 10:26:00,7610d689-246f-467d-8d80-991c4eef401a,4000,240,4240
77156f7c-e368-4041-936a-f8276b0e8f62,25c97ef3-e3df-4437-81ea-031cf9228009,2023-11-30 11:04:00,7610d689-246f-467d-8d80-991c4eef401a,500,30,530
da890298-b435-4f9c-be35-a4d8a92c5131,23e45a32-b6fd-408a-ba27-924b1070c001,2023-11-30 08:27:00,7610d689-246f-467d-8d80-991c4eef401a,600,36,636
7b2bdd93-4b10-404e-861f-d46af79e2116,26ab928d-c37b-47c3-8949-f5c62e9b8d76,2023-11-30 14:08:00,7610d689-246f-467d-8d80-991c4eef401a,400,24,424
362af852-bcfd-4c18-a6d0-d72761657b89,32c0dd94-681d-4183-8286-cf088864c11b,2023-11-30 13:14:00,7610d689-246f-467d-8d80-991c4eef401a,2000,120,2120
2c629042-741c-4435-8065-8d47175bae40,867d1a27-d73e-4645-a7c8-68a8cccc46d6,2023-11-30 14:27:00,7610d689-246f-467d-8d80-991c4eef401a,700,42,742
11360cd4-7e7d-49c9-a92c-10d498dba1bf,f4918a53-6c53-4960-a683-610fd1d3cb26,2023-11-30 08:44:00,7610d689-246f-467d-8d80-991c4eef401a,400,24,424
5f060239-487a-4584-a005-e5a6293fcec1,67b83532-c6ef-47a9-b708-6fec1ef804c2,2023-11-30 07:55:00,7610d689-246f-467d-8d80-991c4eef401a,600,36,636
b7c246ce-6d5b-420b-a3fd-895e3f462f64,471dd3e1-1cb3-4a37-bd75-154334a05a49,2023-11-30 08:10:00,7610d689-246f-467d-8d80-991c4eef401a,600,36,636
123c43f9-8246-48cf-8d4c-3428d768fd9f,006ebf27-e836-4961-86f8-19a81bd60992,2023-11-30 09:08:00,7610d689-246f-467d-8d80-991c4eef401a,2700,162,2862
860ef667-7744-472d-b3aa-5d0b1c6fc6ec,c7b8e8b6-6299-45a6-a446-b172e533d17e,2023-11-30 08:15:00,7610d689-246f-467d-8d80-991c4eef401a,500,30,530
b699e7f5-6523-4352-b8a3-6b96177654ba,b0899906-f211-4fe2-a0b9-71b5f9850f75,2023-11-30 07:41:00,7610d689-246f-467d-8d80-991c4eef401a,400,24,424
b94c8593-35b5-4f8e-bd80-695e86b3ef7d,cb929743-17c3-430c-91be-1a5d739adbb4,2023-11-30 10:15:00,7610d689-246f-467d-8d80-991c4eef401a,3500,210,3710
50730662-ec85-4996-ae5a-70cdb91e8cf7,5b997d2e-38a3-403c-b8d1-441657613eef,2023-11-30 07:00:00,7610d689-246f-467d-8d80-991c4eef401a,600,36,636
3ce36d1b-4dc6-441b-b20f-c4770506ded3,563caefa-5675-4645-a701-6272b42dd217,2023-11-30 09:44:00,7610d689-246f-467d-8d80-991c4eef401a,700,42,742
2b35a39a-ca93-4b95-9e81-9e8019c84f8c,69cec439-ef37-47e6-be3f-4ca6604a2334,2023-11-30 13:09:00,7610d689-246f-467d-8d80-991c4eef401a,1600,96,1696
52a5dd59-ca03-4239-bdb6-b33f8ae9971f,e9194bfe-47f4-429d-8a9c-67f9bf10476c,2023-11-30 13:29:00,7610d689-246f-467d-8d80-991c4eef401a,1800,108,1908
182e4e1c-3076-41b0-81bf-d745ecc6273c,4141f701-5633-42c2-b647-4b6fc428802f,2023-11-30 14:02:00,7610d689-246f-467d-8d80-991c4eef401a,1800,108,1908
3533bc8c-6e6a-48fd-9cdd-4c7e699619ff,650550ef-4a36-40d5-9125-f24e9c9a7bab,2023-11-30 15:49:00,7610d689-246f-467d-8d80-991c4eef401a,1500,89,1589
3e2bb01c-55cb-4e73-a49c-7349bfc38100,37e73f82-c93a-4c41-ade6-e62f4a5b446a,2023-11-30 13:20:00,399dfec4-01ec-4e84-80b5-cb325d670571,2100,84,2184
aa25e5a0-d674-4ad3-a128-6d50641c4486,bae6e37f-8462-411c-8e89-c0bd2e10d8be,2023-11-30 10:31:00,399dfec4-01ec-4e84-80b5-cb325d670571,2300,92,2392
29c41d68-fc0c-412b-9893-793fdeb2117b,11c514d0-814d-4379-aa5e-87eaaf3758af,2023-11-30 13:33:00,399dfec4-01ec-4e84-80b5-cb325d670571,700,28,728
e596c885-f903-46b5-8ac5-58eb57188f0c,c5ea4a48-b79a-41fb-8cfb-27cd606cf67c,2023-11-30 08:06:00,399dfec4-01ec-4e84-80b5-cb325d670571,700,28,728
69e5bf08-dc3f-4c04-8152-8260326e8781,a8f18d60-8666-4c0f-a1db-c2866d583b8d,2023-11-30 07:40:00,399dfec4-01ec-4e84-80b5-cb325d670571,400,16,416
4c72a6ab-dd84-4ce6-90a8-69e0d376a897,7bcb8723-53df-4b44-9780-6f41535407ea,2023-11-30 08:16:00,399dfec4-01ec-4e84-80b5-cb325d670571,500,20,520
16601009-7db3-4528-b2bc-f1f399f0bd79,cec3488a-b584-4a3a-a0c8-8e8e9fe62005,2023-11-30 14:03:00,399dfec4-01ec-4e84-80b5-cb325d670571,1000,40,1040
6b4eec79-0e5d-494e-91a6-2573d077935d,2d691724-c042-4e6d-af25-3d4016fae282,2023-11-30 08:19:00,399dfec4-01ec-4e84-80b5-cb325d670571,1400,56,1456
fb1631d0-53a1-45d0-ad2c-263dcef9a9ad,63133c36-0c0c-4819-8883-c8fe0f7bb97f,2023-11-30 17:45:00,399dfec4-01ec-4e84-80b5-cb325d670571,1800,72,1872
ad68a970-73ef-4e0f-bf74-84dc47e9c3e5,6245ed4d-3f95-4010-9309-114b1b627744,2023-11-30 08:14:00,399dfec4-01ec-4e84-80b5-cb325d670571,600,24,624
0b2c6a0f-bbf0-4a93-8cc8-ec00fdb6bb0d,94b1db00-2098-4afd-b3b7-5eb8983cfc17,2023-11-30 07:41:00,399dfec4-01ec-4e84-80b5-cb325d670571,400,16,416
69c48e0d-0378-450c-9619-43a92389b113,d2b78715-1c35-41d5-a173-86bbde66041c,2023-11-30 12:00:00,399dfec4-01ec-4e84-80b5-cb325d670571,400,16,416
6c9da807-8c32-4f30-86e6-2f9301e5bdc5,f87cf5f2-f133-432b-9698-d97df1d3ea32,2023-11-30 07:00:00,399dfec4-01ec-4e84-80b5-cb325d670571,600,24,624
d6c33d10-9cb8-4b86-bd7b-7a39260f225e,a4ecfbb7-9d6d-44b3-925d-7d29fdc993d8,2023-11-30 13:04:00,399dfec4-01ec-4e84-80b5-cb325d670571,1600,64,1664
6ad33ba1-df3e-4e0f-8df9-61e73e64d878,9ae05117-8a4f-441a-b848-817a78454328,2023-11-30 09:22:00,399dfec4-01ec-4e84-80b5-cb325d670571,1800,72,1872
ca1a7454-6e30-4591-bdce-7ac040cc13bc,a0c23a52-fc6d-47ef-b1f6-058a0f3bdd78,2023-11-30 16:29:00,399dfec4-01ec-4e84-80b5-cb325d670571,400,16,416
f67e364e-bacf-4352-aa87-13b953a2c132,2ca44b2d-a2dd-4f21-80a2-d1042637712e,2023-11-30 15:54:00,399dfec4-01ec-4e84-80b5-cb325d670571,600,24,624
de9b059f-08c1-414a-afa4-613e4f2d5b70,506a6d87-28ad-4107-98f8-eee7ef436e29,2023-11-30 07:58:00,399dfec4-01ec-4e84-80b5-cb325d670571,400,16,416
84f43c93-a469-4093-912e-c1809b0ed319,ccb5c165-1568-4be3-967f-4081011dbfa8,2023-11-30 15:16:00,399dfec4-01ec-4e84-80b5-cb325d670571,600,24,624
a532d03a-1da9-4bd4-b90f-d7590aeaaff4,42c5ea60-f682-47d9-b67c-f6f362147071,2023-11-30 07:14:00,399dfec4-01ec-4e84-80b5-cb325d670571,700,28,728
2c8cb939-7fc8-4388-9ec5-fe6a82f0198b,16b63951-b5de-4976-b337-c7a164051684,2023-11-30 09:25:00,399dfec4-01ec-4e84-80b5-cb325d670571,600,24,624
b4826485-60cb-4ca6-95b4-62c4469e7206,41aec400-dd32-4254-a52f-0d6fb2d03888,2023-11-30 17:24:00,399dfec4-01ec-4e84-80b5-cb325d670571,1700,68,1768
1185ba74-b405-4639-8cd8-c8114261ab93,b6e01333-7454-4939-a5ce-c8bef3d60cc0,2023-11-30 07:57:00,399dfec4-01ec-4e84-80b5-cb325d670571,600,24,624
a783a370-1221-4a5a-bcce-1c3efd2bcef4,6e83b42d-59ed-4466-b35a-d764e9c3cdfc,2023-11-30 07:51:00,399dfec4-01ec-4e84-80b5-cb325d670571,400,16,416
0b35f4fa-a77d-4c1a-b1d8-f222d104fd85,e80559a4-b5da-4434-a7a4-813d513bfd83,2023-11-30 17:34:00,399dfec4-01ec-4e84-80b5-cb325d670571,1800,72,1872
131c9c22-432b-4ec8-b694-31b47738c6b8,0f9c9c26-3320-4837-8235-6386bcbdbf06,2023-11-30 17:19:00,399dfec4-01ec-4e84-80b5-cb325d670571,600,24,624
f24aae17-e9f5-4ed1-88a0-61c0112cfd2b,ddd6bc5c-169a-4f13-aa8d-eb8d78c99e03,2023-11-30 07:47:00,399dfec4-01ec-4e84-80b5-cb325d670571,700,28,728
1bca90c0-957e-4895-8863-d31fc1ce68a4,df529715-211d-4d44-bce5-8c04f8447eeb,2023-11-30 10:02:00,399dfec4-01ec-4e84-80b5-cb325d670571,2400,96,2496
2add83c5-8104-4720-8cf4-6f45a641d1dc,4debb8bc-c00e-4117-8d9b-0bc00ffd8637,2023-11-30 12:13:00,399dfec4-01ec-4e84-80b5-cb325d670571,1800,72,1872
8f451f18-091b-48d2-9466-19721cd3fbfd,f59319a4-b9b6-458a-aec7-f43d079c3a28,2023-11-30 15:47:00,399dfec4-01ec-4e84-80b5-cb325d670571,500,20,520
4cdec210-721a-4bbf-8ce7-365ed2e4e41e,87289d4c-37e9-4151-9045-4ba83f3b4c71,2023-11-30 09:33:00,399dfec4-01ec-4e84-80b5-cb325d670571,1900,76,1976
9186d819-b273-4139-8681-189f4d7afc3e,d6af4950-fefc-44bb-8701-d252bd522f00,2023-11-30 08:28:00,399dfec4-01ec-4e84-80b5-cb325d670571,600,24,624
32494b0b-3af3-440a-a5bf-7339f0625c29,bff5af40-a32d-4898-8a55-eb25f6d0b6ed,2023-11-30 19:33:00,399dfec4-01ec-4e84-80b5-cb325d670571,700,28,728
c30ba7c7-c041-4cb1-a31a-d68cabb6d636,3f9ce19d-dc65-49bd-81d5-de27d736b5bf,2023-11-30 13:52:00,399dfec4-01ec-4e84-80b5-cb325d670571,1800,72,1872
94ba1d65-e721-4ea6-b4f2-92c9f58d575e,e4813f2e-1b48-4035-8b99-9dbc490b1182,2023-11-30 16:03:00,399dfec4-01ec-4e84-80b5-cb325d670571,2300,92,2392
c96bd848-4850-421b-a57b-7b704db88660,48401445-c4c0-4381-a5d3-b47ddffe4ef2,2023-11-30 08:45:00,399dfec4-01ec-4e84-80b5-cb325d670571,1200,48,1248
c3842071-9493-4c1c-9dac-8b1e67943776,b1032ecf-73a3-4af5-95dc-41a97682fac5,2023-11-30 11:50:00,399dfec4-01ec-4e84-80b5-cb325d670571,2200,88,2288
f99985ac-92ae-486b-bb75-ff443f30b501,b1e76179-85ef-427c-96b1-6b9276f4752b,2023-11-30 13:18:00,399dfec4-01ec-4e84-80b5-cb325d670571,1400,56,1456
225698a9-1e42-47f6-859f-1927ce1be440,b1d2776c-dcae-4587-a995-f535c29a0ad8,2023-11-30 12:02:00,399dfec4-01ec-4e84-80b5-cb325d670571,1600,64,1664
0600452c-0075-4404-9841-59770dd1eea5,711044e1-8bdf-47ab-b9ab-3d108e5590d9,2023-11-30 09:19:00,399dfec4-01ec-4e84-80b5-cb325d670571,3900,156,4056
8e4fb7a6-43ab-4c26-9b76-d99c1f5daee8,dcf50ba9-5b3e-448f-9529-f27c246d868a,2023-11-30 07:12:00,399dfec4-01ec-4e84-80b5-cb325d670571,600,24,624
402855d6-6add-45eb-b22f-e0e0b1570c51,03098dcc-92b6-420b-b161-2027c6c298b7,2023-11-30 17:53:00,399dfec4-01ec-4e84-80b5-cb325d670571,1700,68,1768
410987f7-4248-4ac3-b87d-69c5bf479757,9d25ed88-d934-4a39-bff2-29dd981edc7b,2023-11-30 07:46:00,399dfec4-01ec-4e84-80b5-cb325d670571,700,28,728
ec4b3fec-66b3-4486-9d51-8f9947c0353a,0b281af4-2be3-4d04-9ed7-bddd85812aad,2023-11-30 12:11:00,399dfec4-01ec-4e84-80b5-cb325d670571,600,24,624
54bd5db0-03ad-4bc9-b093-bb69efdd997a,1ab8f64c-68df-4705-82aa-f3e046eec9a1,2023-11-30 08:18:00,399dfec4-01ec-4e84-80b5-cb325d670571,600,24,624
7a409f1c-f58c-474c-8704-be85f41d1b8b,014d4968-8860-436c-9590-b3172aab71ab,2023-11-30 15:53:00,399dfec4-01ec-4e84-80b5-cb325d670571,2300,92,2392
b8375bac-4b63-4f3e-bdb9-f20a151dea9a,b132d7fb-457b-400a-a86e-27a184517bc5,2023-11-30 10:20:00,399dfec4-01ec-4e84-80b5-cb325d670571,600,24,624
783f7353-dd4c-41ae-a1de-5ec9f52aafc1,bc4c6cb7-8df0-4cf8-abec-003f7fd6b556,2023-11-30 16:57:00,399dfec4-01ec-4e84-80b5-cb325d670571,700,28,728
ad1ac99f-c708-4216-bd63-51743737a1f9,34fc2867-a0b6-422f-8041-10f81916b1fe,2023-11-30 07:26:00,399dfec4-01ec-4e84-80b5-cb325d670571,700,28,728
c76927ff-2884-47a6-9d84-d06000b406ce,97c95c72-e129-4e60-b61c-603aee90014e,2023-11-30 07:00:00,399dfec4-01ec-4e84-80b5-cb325d670571,700,28,728
2c969a2c-520d-40bb-ae81-4bb01ffa97e2,76c48654-6fd5-4383-9917-f82ad4aea2d6,2023-11-30 08:41:00,399dfec4-01ec-4e84-80b5-cb325d670571,700,28,728
b881c8d6-15df-414f-ae21-378fd769f8b3,2c57c610-0005-4cad-80d1-645d35f2c1bd,2023-11-30 13:11:00,399dfec4-01ec-4e84-80b5-cb325d670571,600,24,624
74706018-205b-451a-8e03-769b28e5ea05,aedc7b77-61c3-4a78-b198-3c2c85bdc558,2023-11-30 18:58:00,399dfec4-01ec-4e84-80b5-cb325d670571,1900,76,1976
c98eb432-796e-45d0-a2c5-b3f25ce55353,d2ce1916-ff3f-4dc8-8c68-6bd3cb205c68,2023-11-30 07:53:00,399dfec4-01ec-4e84-80b5-cb325d670571,400,16,416
0ca4b2a7-0ab5-4f8e-8c84-ff49ad588f7c,dfbcbe7f-7ed6-424b-97f1-a5860ad72d65,2023-11-30 15:31:00,399dfec4-01ec-4e84-80b5-cb325d670571,600,24,624
764b8f14-8a28-426c-881a-fb7d8f74e81f,c28b2934-ee10-4572-b543-13b07030b674,2023-11-30 08:08:00,399dfec4-01ec-4e84-80b5-cb325d670571,500,20,520
5ac9f9cd-8a03-406a-adf9-b66b49f98f5b,bf7f88d3-f1c0-4522-88c4-82330c4449ec,2023-11-30 15:09:00,399dfec4-01ec-4e84-80b5-cb325d670571,700,28,728
1af4251b-8bc0-46a7-8db2-e928aa1de139,9e01e8aa-e852-4d14-a1bd-a7099859350b,2023-11-30 07:19:00,399dfec4-01ec-4e84-80b5-cb325d670571,600,24,624
b267b58c-15f8-4991-969d-2576d9dcb2af,6c61d1a8-d299-4add-a628-1e8840673829,2023-11-30 14:39:00,399dfec4-01ec-4e84-80b5-cb325d670571,500,20,520
e676f3d2-bb4d-49fa-99d4-0225e2aefea3,40287d26-4302-43df-a5fe-13be8f368808,2023-11-30 17:23:00,399dfec4-01ec-4e84-80b5-cb325d670571,500,20,520
7592ac61-81a2-4cae-b28f-41829025b303,0e8e5ba3-41fa-49ca-97f4-c447a239e83f,2023-11-30 12:38:00,399dfec4-01ec-4e84-80b5-cb325d670571,2600,104,2704
9b616f86-ded4-42a3-820a-7efe5fafd0ab,64db26a0-c128-4fd8-8d9d-7d6e8dca816f,2023-11-30 07:37:00,399dfec4-01ec-4e84-80b5-cb325d670571,600,24,624
6b9bf4dc-4d75-4b1f-95d6-efa9e1b79c4e,53beee08-3f7a-41ad-9b8d-e9dde5890c21,2023-11-30 09:19:00,399dfec4-01ec-4e84-80b5-cb325d670571,600,24,624
51dee20e-9635-48c5-b6fa-1c4ff6c1a73d,acd3eb6d-6b79-4387-b568-bbae749f77a3,2023-11-30 08:27:00,399dfec4-01ec-4e84-80b5-cb325d670571,600,24,624
f6627099-5928-4706-aa6c-f6fd9bf9450c,bc67e790-4d24-486d-807f-451f765d80cd,2023-11-30 09:08:00,399dfec4-01ec-4e84-80b5-cb325d670571,700,28,728
482cd470-89a5-458c-8ac3-2f26e35064be,dad7706f-c7f1-48d1-b917-5c159cfffb63,2023-11-30 08:36:00,399dfec4-01ec-4e84-80b5-cb325d670571,600,24,624
179aea22-2a5d-4668-aaea-7c5ef069f426,0a355498-5161-4e43-a119-739ad47fce7c,2023-11-30 08:59:00,399dfec4-01ec-4e84-80b5-cb325d670571,400,16,416
d90abab3-ebae-4366-83c3-192e9ce625a6,e5c6f80d-f9e5-4adb-9e14-77344fadcb11,2023-11-30 08:09:00,399dfec4-01ec-4e84-80b5-cb325d670571,400,16,416
a82cc929-7c0c-40be-8eda-f04e430f6953,cdcb2920-cc0f-45c8-a08d-f245414cc4d1,2023-11-30 15:53:00,399dfec4-01ec-4e84-80b5-cb325d670571,1800,72,1872
f562fba2-2b28-44d9-adaf-d3ad21776828,166c3999-d2fd-4356-8470-fbf1029cab0c,2023-11-30 17:06:00,399dfec4-01ec-4e84-80b5-cb325d670571,700,28,728
25f75661-e46b-4753-92cb-6964c21e4d22,8d3da390-2ca0-4b6b-9ede-107ac967da0f,2023-11-30 07:00:00,399dfec4-01ec-4e84-80b5-cb325d670571,500,20,520
7166a05f-fa71-435e-9f34-0de18323c41d,1970761e-30b2-4231-b0c4-e598194512e9,2023-11-30 07:45:00,399dfec4-01ec-4e84-80b5-cb325d670571,700,28,728
cf503b98-3f26-4083-9755-46a39f8c10e2,05717c12-ddbb-4d36-a0d8-f248cae6a710,2023-11-30 13:35:00,399dfec4-01ec-4e84-80b5-cb325d670571,1800,72,1872
ce9af447-8ed9-4058-adbb-d74f1dfc815f,3f44b8aa-7b06-4cbc-b5b8-62c759375abf,2023-11-30 08:24:00,399dfec4-01ec-4e84-80b5-cb325d670571,700,28,728
8d2753cb-0d41-4505-89b4-24f438349fa8,6fdbcc82-f9bb-4e4f-9213-da734cd8953d,2023-11-30 08:49:00,399dfec4-01ec-4e84-80b5-cb325d670571,500,20,520
eeb4c9ef-6037-4f07-ae00-9f9d6eea945f,e51c17e9-54d2-4d0d-951b-d2e942484e4a,2023-11-30 07:51:00,399dfec4-01ec-4e84-80b5-cb325d670571,500,20,520
8d7da838-ef9a-4c22-b78c-324fdb659024,661e7769-737a-4fea-9b2b-61f6ad5f730e,2023-11-30 08:12:00,399dfec4-01ec-4e84-80b5-cb325d670571,600,24,624
4c4745cd-ad5e-4715-88ed-832d5891807b,52a20272-6bdc-4d6e-abb9-dabf740d6785,2023-11-30 17:03:00,399dfec4-01ec-4e84-80b5-cb325d670571,1900,76,1976
d461ca95-ab5a-4ccd-b322-bfbe56ff2a6c,925b1e7a-db75-46f3-8233-e9a0d1cd3eea,2023-11-30 08:54:00,399dfec4-01ec-4e84-80b5-cb325d670571,700,28,728
b77eabb5-513e-4e35-9923-5fc30d692993,a7b3a12d-695c-4f09-8f51-70f12068de94,2023-11-30 16:25:00,399dfec4-01ec-4e84-80b5-cb325d670571,400,16,416
fedd8356-b853-4069-99a7-f41b1f687bff,60314e03-083b-4c10-8481-e96147ef36b6,2023-11-30 07:24:00,399dfec4-01ec-4e84-80b5-cb325d670571,600,24,624
c8af389e-cd96-4620-9718-495c1400ff6c,1e9b8783-1cf3-480c-ade5-2c44cee664c3,2023-11-30 15:42:00,399dfec4-01ec-4e84-80b5-cb325d670571,500,20,520
0a1957ff-1e37-4c7f-bf10-9a60f30dced5,0632018d-13b0-4b17-8c09-2355784aa5aa,2023-11-30 07:23:00,399dfec4-01ec-4e84-80b5-cb325d670571,700,28,728
04f312ed-eea1-4151-bbea-418d0f2c70c6,cbfe5614-8eaa-4e55-8eb0-280ca8c3b206,2023-11-30 18:21:00,399dfec4-01ec-4e84-80b5-cb325d670571,1800,72,1872
26537708-d8a6-4bab-9c1f-49f986f7795c,6cc22f29-b88b-4f31-9982-e3fd61a88f01,2023-11-30 11:45:00,399dfec4-01ec-4e84-80b5-cb325d670571,600,24,624
82737b42-b832-4699-bbbd-634e350558c6,5de2ad61-7d0f-4bd1-976c-54232ea6a2e7,2023-11-30 08:11:00,399dfec4-01ec-4e84-80b5-cb325d670571,700,28,728
b288caa9-6529-46c6-8221-7cf422d2c7ba,3bb49496-c584-4dca-96ec-46f242a9196e,2023-11-30 11:57:00,399dfec4-01ec-4e84-80b5-cb325d670571,900,36,936
9cf562e9-4880-45a8-bf37-f4f559e5d6ec,fbc8d614-e3eb-4407-a764-2523025a5ec8,2023-11-30 09:21:00,399dfec4-01ec-4e84-80b5-cb325d670571,600,24,624
18e23b5a-f6fd-4e38-af71-ffd3060a5c15,2d6bb117-9504-46a7-85f0-ec0842f450ba,2023-11-30 18:26:00,399dfec4-01ec-4e84-80b5-cb325d670571,700,28,728
97db3974-054d-4ce8-9dea-2389dfd9096c,adb373d5-a395-4255-97af-7d0c6cc6b076,2023-11-30 07:47:00,399dfec4-01ec-4e84-80b5-cb325d670571,600,24,624
ef8669a4-a60b-4daa-a5f1-5839d992a89e,af32d332-5348-4db7-b85e-10e8c869b09b,2023-11-30 14:54:00,399dfec4-01ec-4e84-80b5-cb325d670571,600,24,624
e2997ca9-70dc-4733-8fe3-61d42faa8e29,ec49d138-10a8-4728-b374-f0787bc58520,2023-11-30 17:52:00,399dfec4-01ec-4e84-80b5-cb325d670571,1800,72,1872
0452fc95-0e82-41ae-891f-34c7e6ea76ce,adb25cda-7b6a-40cf-b406-ad69754ee6b0,2023-11-30 08:27:00,399dfec4-01ec-4e84-80b5-cb325d670571,400,16,416
f5991c31-e29c-4628-abaf-0a8e52297cad,5287ce91-88ed-4f3c-97ab-9e4b1a54601b,2023-11-30 16:08:00,399dfec4-01ec-4e84-80b5-cb325d670571,600,24,624
19539222-d506-43a4-8af2-d3a1f28c41e4,837b4aa0-c89e-4bd4-bb7b-eb47bb546bea,2023-11-30 11:42:00,399dfec4-01ec-4e84-80b5-cb325d670571,700,28,728
4a388a38-4411-47ad-8c5b-99d4aa1f721f,2525b843-71b8-49bf-98a1-4233133347d3,2023-11-30 13:12:00,399dfec4-01ec-4e84-80b5-cb325d670571,1000,40,1040
6dd46d10-2ccd-49d1-8f7b-954279bcc65c,0a1048f1-85cc-41f0-b631-2d395fc26b9a,2023-11-30 07:58:00,399dfec4-01ec-4e84-80b5-cb325d670571,400,16,416
6844206e-293c-4fdb-b9d5-8088e35501c1,34457f34-21b5-4789-9180-c774a318640e,2023-11-30 16:41:00,399dfec4-01ec-4e84-80b5-cb325d670571,600,24,624
1bdfa9ef-8237-4f78-a2a5-b12a00ce209c,60d3b546-cebe-4f0e-af9e-e06c841f0d7b,2023-11-30 15:21:00,399dfec4-01ec-4e84-80b5-cb325d670571,600,24,624
8c310a16-9d70-4235-a090-3db0c2e85ae4,56283449-e2f6-4698-8bc2-66b1eb74eb69,2023-11-30 17:27:00,399dfec4-01ec-4e84-80b5-cb325d670571,400,16,416
f8e49440-9cbe-47fa-8ac0-451cceacb429,b46b4fb3-8cac-4fc1-b866-d8a3911e9ee6,2023-11-30 08:08:00,399dfec4-01ec-4e84-80b5-cb325d670571,400,16,416
e2bcbdb3-ea64-4bb2-a496-8e36a40bb043,4fdc08de-573f-43d1-9124-2486a1325037,2023-11-30 16:38:00,399dfec4-01ec-4e84-80b5-cb325d670571,1600,64,1664
57d083d5-5861-45f4-b696-e441a69b9588,6d4c7874-f396-4603-9f6b-243c1b2f5249,2023-11-30 07:35:00,399dfec4-01ec-4e84-80b5-cb325d670571,400,16,416
437aa91e-e006-4d22-90e9-e9e1337ff2ce,8110a907-2edc-4649-85cd-fc46ec95ccb6,2023-11-30 12:34:00,399dfec4-01ec-4e84-80b5-cb325d670571,2300,92,2392
88a42a5f-ff3e-4aaf-b50e-a86d96d1b825,b19ade62-28e0-4316-9ad0-505bd4086678,2023-11-30 14:45:00,399dfec4-01ec-4e84-80b5-cb325d670571,1200,48,1248
9b7e0e61-d07b-4ab4-8866-3460d922465a,32feea46-a436-43d4-b088-7f86ddf34e8f,2023-11-30 13:05:00,399dfec4-01ec-4e84-80b5-cb325d670571,400,16,416
bb97f8f7-b745-463b-b4f7-86095e32a3a2,1c7c3326-d10b-4cb5-8266-0d9638b1303e,2023-11-30 09:20:00,399dfec4-01ec-4e84-80b5-cb325d670571,600,24,624
1bc7eca3-d7b5-4f53-a219-13302e5ea628,2a9ba068-0857-4b4f-b8bf-2a98887be765,2023-11-30 12:42:00,399dfec4-01ec-4e84-80b5-cb325d670571,1000,40,1040
4dae1b08-ab86-4c02-bcd2-2d985931b136,322e4136-8305-4e1b-b14a-5c106d516790,2023-11-30 14:12:00,399dfec4-01ec-4e84-80b5-cb325d670571,500,20,520
df379a35-1ca8-4393-8c6e-770796247198,fd59c062-af23-4f13-964f-d33abe7a9d2a,2023-11-30 14:26:00,399dfec4-01ec-4e84-80b5-cb325d670571,4100,164,4264
12c2f089-e400-43bf-908b-7b6ce87f9cf1,3750046f-1d16-4403-b390-b0daba002397,2023-11-30 07:30:00,399dfec4-01ec-4e84-80b5-cb325d670571,500,20,520
df9bbfde-3d0f-40ee-8cbd-8612a9cebd34,733c49b4-b2bb-4b79-8925-2f00ca5f792b,2023-11-30 09:47:00,399dfec4-01ec-4e84-80b5-cb325d670571,1200,48,1248
4157e0a4-e075-404a-85e6-bc1f42c91bf6,706032a5-7ec5-4263-9b19-a692736a7b4d,2023-11-30 15:32:00,399dfec4-01ec-4e84-80b5-cb325d670571,600,24,624
badd0f06-526b-4a4d-99b3-6c842d38b253,d6d0eeb7-92ab-49be-a540-70ee3478c470,2023-11-30 14:29:00,399dfec4-01ec-4e84-80b5-cb325d670571,2700,108,2808
02402e5f-84aa-470a-9ad0-92ab049e529a,53c74fc1-b133-42b2-a1e9-67c9bf047e1b,2023-11-30 07:54:00,399dfec4-01ec-4e84-80b5-cb325d670571,700,28,728
d002be91-3652-4017-afa9-82c647b2fea9,f4c58163-72ff-4bb0-bb23-a96e150c760b,2023-11-30 15:57:00,399dfec4-01ec-4e84-80b5-cb325d670571,600,24,624
9e1a7f0f-cbfd-418e-b861-357fd5adbb49,34841c77-0ef1-4182-a690-bf7189924a9d,2023-11-30 10:26:00,399dfec4-01ec-4e84-80b5-cb325d670571,1100,44,1144
17c0abbd-57ec-4ff1-b901-fa04fcaa4f1d,d7d55d7a-adfa-4bca-aca3-e8d9cdef2bbb,2023-11-30 07:56:00,399dfec4-01ec-4e84-80b5-cb325d670571,600,24,624
c801f256-b0a9-4852-995b-1c60891c843d,d9f1e50b-9f13-4b29-84b4-58bce0b318e9,2023-11-30 15:51:00,399dfec4-01ec-4e84-80b5-cb325d670571,1800,72,1872
90e25df5-3e91-4a64-a0ee-f600102bbfdc,ea90cf6c-55a0-4b3f-a71f-d545222e1f94,2023-11-30 08:43:00,399dfec4-01ec-4e84-80b5-cb325d670571,700,28,728
c49bb4b0-1026-4407-bad0-a8bdb3e05db5,efbc7b36-a08a-4e2b-b07b-10ba647ee226,2023-11-30 12:57:00,399dfec4-01ec-4e84-80b5-cb325d670571,1100,44,1144
a682f17f-d5ed-4c8b-a41f-378202aa1ff8,441877dc-847f-4121-b39c-8455a7f0240e,2023-11-30 12:28:00,399dfec4-01ec-4e84-80b5-cb325d670571,1100,44,1144
87c62ca7-5457-4462-923d-23a2cb2d9e4a,ae7befdb-3eb2-46eb-be5d-57581dd6e1ce,2023-11-30 13:57:00,399dfec4-01ec-4e84-80b5-cb325d670571,500,20,520
14c08fab-fc75-46f6-a30e-7be84ea4e3ab,934baca2-0258-4116-9849-fc75dbc9c6f0,2023-11-30 15:20:00,399dfec4-01ec-4e84-80b5-cb325d670571,600,24,624
f4b33566-93a0-42e8-8fb8-0dba792fbe1b,9caba1bb-73eb-4a7f-a519-ad2cf648da6f,2023-11-30 07:29:00,399dfec4-01ec-4e84-80b5-cb325d670571,700,28,728
7fb68599-d60f-44f5-ac2c-e2d340c69f02,cecb29ab-71b2-4db2-aa1c-82bbaacba8b2,2023-11-30 07:33:00,399dfec4-01ec-4e84-80b5-cb325d670571,600,24,624
909212a5-37af-40e6-a730-1de47fc6d24f,66c46797-fba8-4ed2-9d78-9f782204a10c,2023-11-30 13:35:00,399dfec4-01ec-4e84-80b5-cb325d670571,500,20,520
2b184201-a24f-4f1e-942a-0d2c963f03fb,59f6cd93-9ddb-4491-92fb-415d9f73dc7d,2023-11-30 08:04:00,399dfec4-01ec-4e84-80b5-cb325d670571,700,28,728
83ce4ec2-eb41-4338-a3a1-5f6e5a58fbf5,df581c5b-e78f-4d3d-a853-428b70f3ff95,2023-11-30 14:58:00,399dfec4-01ec-4e84-80b5-cb325d670571,1600,64,1664
3d035ea3-40b9-4c7d-8e7b-7cd7183fea5e,63bed2a4-3b22-40b0-ba56-8df88ee6c432,2023-11-30 11:59:00,399dfec4-01ec-4e84-80b5-cb325d670571,700,28,728
2ffb4ddd-f6d1-4b85-b782-c68a89be9516,df0ab0b8-fcfa-4c9e-8185-b51285182ccd,2023-11-30 07:45:00,399dfec4-01ec-4e84-80b5-cb325d670571,500,20,520
ded12068-2324-44ab-857c-f6eb0bb746a2,2a7e56cc-6b2f-40a0-a61f-27bf37a61463,2023-11-30 08:03:00,399dfec4-01ec-4e84-80b5-cb325d670571,600,24,624
0ed6a0a6-70d6-45e2-9863-e74b4a57aff3,c2e46f89-14b1-43c3-ac54-bfa75042db0e,2023-11-30 11:56:00,399dfec4-01ec-4e84-80b5-cb325d670571,0,0,0
f7a32bdc-8eda-47f4-882a-9bcd00ff26f0,f6b29537-3df0-46dd-ac88-a11fc5036e04,2023-11-30 07:53:00,399dfec4-01ec-4e84-80b5-cb325d670571,500,20,520
aa6be979-ad26-42c9-9ca3-837b9649cfdb,81491293-27fa-4b4d-a857-fb81998a5f13,2023-11-30 17:11:00,399dfec4-01ec-4e84-80b5-cb325d670571,1800,72,1872
0410d049-9263-44c1-b218-580e97b9ac09,967a7022-3d32-4b50-b71a-bcf7644a97fc,2023-11-30 07:07:00,399dfec4-01ec-4e84-80b5-cb325d670571,600,24,624
1243015b-5253-4d33-ab40-36ce30277fef,78642928-cbcd-48ba-bda3-d180d488a8c5,2023-11-30 16:08:00,399dfec4-01ec-4e84-80b5-cb325d670571,2000,80,2080
1fb4679c-fadd-4221-bef2-beb2151c0f5d,446b3f9c-d290-4c3b-a93c-b329d64e2995,2023-11-30 12:24:00,399dfec4-01ec-4e84-80b5-cb325d670571,400,16,416
b5dae29a-eaf2-4fe7-b8fc-23636739594a,d575cd71-0ddd-4bb1-8b77-0b5fde2bcd72,2023-11-30 10:30:00,399dfec4-01ec-4e84-80b5-cb325d670571,3700,148,3848
727a701e-12f3-409f-b0a8-ccf1e4761c6c,54c06357-05bb-48e5-9b6a-e20fed5ec1e8,2023-11-30 08:37:00,399dfec4-01ec-4e84-80b5-cb325d670571,600,24,624
ca79d7ff-1023-4043-8d51-0c091eb1d739,55517e0f-2b21-41dc-8065-d5e01b41691d,2023-11-30 14:54:00,399dfec4-01ec-4e84-80b5-cb325d670571,1800,72,1872
3ab8baf9-8dfe-441d-b46c-03c06959d4ec,296f6a4c-2b3f-476b-854b-0d2c759eca2b,2023-11-30 08:17:00,399dfec4-01ec-4e84-80b5-cb325d670571,600,24,624
c67bacc7-8052-4211-b2a7-1e4bf445cee5,72aeb592-96e3-45e7-aa05-21afbd37b13a,2023-11-30 17:55:00,399dfec4-01ec-4e84-80b5-cb325d670571,600,24,624
b69e3782-4bd1-42b1-ba1e-1c15b3a06889,deb78c99-39dc-4bc6-945d-b40d9b610cc8,2023-11-30 17:51:00,399dfec4-01ec-4e84-80b5-cb325d670571,1600,64,1664
ff94f345-a048-470c-9178-93076461ed33,22fca930-291f-4c23-a67f-13d00786a2cf,2023-11-30 08:40:00,399dfec4-01ec-4e84-80b5-cb325d670571,600,24,624
1fe6d285-8a56-48a5-bc86-1f554efc5a16,9515927d-5691-4b7b-a235-dffd1b58ebd2,2023-11-30 08:36:00,399dfec4-01ec-4e84-80b5-cb325d670571,600,24,624
5d31e421-c218-4322-abd2-3803675dc8a4,b6b02872-b0cd-4e89-abfb-465489960cd6,2023-11-30 09:03:00,399dfec4-01ec-4e84-80b5-cb325d670571,700,28,728
b1bee883-8c54-46ec-9da0-64490e5e394c,4cb2e92d-fcb5-42b4-a2ee-66cf0ccbc5e1,2023-11-30 15:26:00,399dfec4-01ec-4e84-80b5-cb325d670571,1900,76,1976
39d8c8e4-822c-41f9-b060-7f63c2cd2e07,8b1d2bc3-ebe1-425b-903a-e41320247b12,2023-11-30 07:55:00,399dfec4-01ec-4e84-80b5-cb325d670571,700,28,728
a93594e3-cd89-4b0e-931b-c3f850d743fa,c6f07dd8-f835-4d99-b7bb-8312d4a48768,2023-11-30 10:22:00,399dfec4-01ec-4e84-80b5-cb325d670571,1100,44,1144
38380bd1-f63f-45e7-ac2a-bf4cf4ab2bc0,9e56e04d-0188-40ad-af1a-57ca2a3831b1,2023-11-30 07:50:00,399dfec4-01ec-4e84-80b5-cb325d670571,600,24,624
6a0c2484-134c-46c0-84b8-e8e1ef1507ea,5b02ecdc-5f45-4f12-ba3a-c3c7771c27ca,2023-11-30 13:43:00,399dfec4-01ec-4e84-80b5-cb325d670571,0,0,0
3954775d-4158-4d0b-9eab-ef3f9cfcbccb,4ba928b5-ed2b-40d8-9d0e-6832ecd0bfc5,2023-11-30 14:46:00,399dfec4-01ec-4e84-80b5-cb325d670571,600,24,624
8208b359-c3f9-478a-9c38-2e51a539ee8f,aa148367-0783-4df7-86ab-187e074f6b1e,2023-11-30 09:16:00,399dfec4-01ec-4e84-80b5-cb325d670571,3700,148,3848
01c8f00f-ad83-47cf-a6fb-d339399e6120,8642eec3-2ef9-4242-8bd3-867d12ebf55f,2023-11-30 17:09:00,399dfec4-01ec-4e84-80b5-cb325d670571,400,16,416
cb401758-7ad1-4d34-8835-dba381fd3759,a5eb7cf0-6759-473e-8bc4-6975697afa56,2023-11-30 17:58:00,399dfec4-01ec-4e84-80b5-cb325d670571,1700,68,1768
0eee1284-05f0-4f94-b2ac-f46311d1830b,8c84dcd6-b688-4626-9015-e867dc2f3b84,2023-11-30 13:35:00,399dfec4-01ec-4e84-80b5-cb325d670571,600,24,624
ef20a0d3-1830-4629-94fb-180c0315058a,62535265-3e0d-4546-bd87-83f41ff4ab86,2023-11-30 12:25:00,399dfec4-01ec-4e84-80b5-cb325d670571,3200,128,3328
ceb684db-7c08-4b5b-b0bc-8b49b75659e1,81f3d088-3350-4505-b96b-337f89915135,2023-11-30 11:52:00,399dfec4-01ec-4e84-80b5-cb325d670571,700,28,728
ef9b1c75-ab80-40b8-ab8a-f5fa83f24d86,792943df-db3f-4147-9a2e-52694cbb3f9f,2023-11-30 17:44:00,399dfec4-01ec-4e84-80b5-cb325d670571,1700,68,1768
22abb0c2-34ad-4987-8bd4-c67142cdd32d,1d2bee3a-184a-4cb2-80b3-1dce38b22d22,2023-11-30 07:45:00,399dfec4-01ec-4e84-80b5-cb325d670571,400,16,416
0c38b6d3-c744-45f2-9f7c-79bb80c2088d,260a02f0-ba27-48e5-b585-ad95614b3ac9,2023-11-30 10:40:00,399dfec4-01ec-4e84-80b5-cb325d670571,2500,100,2600
6f8f8571-b4dc-4abb-a60d-6b726f2104d1,b531b498-2a6e-4860-986c-f8afddc6cdae,2023-11-30 14:13:00,399dfec4-01ec-4e84-80b5-cb325d670571,3800,152,3952
8b959310-6944-416e-9086-16c61fc1c124,bed25d79-2540-4845-bba9-bf545aa212d5,2023-11-30 07:46:00,399dfec4-01ec-4e84-80b5-cb325d670571,600,24,624
410e6bc3-9043-48d5-8d47-575bb1d03435,d48b8bc6-6b9c-4ea5-ba1f-178d499d6e3c,2023-11-30 08:45:00,399dfec4-01ec-4e84-80b5-cb325d670571,700,28,728
abb404f6-b0bc-4e04-b329-2f7f6037d2f3,6f365f6f-1754-4a30-bcde-ebbb019f50cb,2023-11-30 14:44:00,399dfec4-01ec-4e84-80b5-cb325d670571,1700,68,1768
fe73445d-380d-405b-8d65-b5d09831618d,47202b7f-f02c-4fa7-bc76-f0a8a6c3c6f4,2023-11-30 15:41:00,399dfec4-01ec-4e84-80b5-cb325d670571,400,16,416
0c96a8c9-57ae-46f7-9bbd-147e4fc1da1b,cc305b23-814f-4328-9ed6-a264c0273f45,2023-11-30 18:30:00,399dfec4-01ec-4e84-80b5-cb325d670571,700,28,728
e7c864d6-1916-4b5d-92a6-c048ebbaf140,dc9a9021-d724-497c-9335-ff3a0ee8506e,2023-11-30 14:12:00,399dfec4-01ec-4e84-80b5-cb325d670571,600,24,624
6babc97d-ab70-4b75-99a4-008892244917,1a397e98-a315-410a-a7b9-84e908831ab2,2023-11-30 16:39:00,399dfec4-01ec-4e84-80b5-cb325d670571,1700,68,1768
71186b8b-4581-469f-b682-456354b124a5,c806e9ec-86a1-49ff-bccd-d1b29cb94e49,2023-11-30 15:14:00,399dfec4-01ec-4e84-80b5-cb325d670571,400,16,416
28da0737-d3f1-464d-bd18-9bc66495b19d,41987941-1c75-4899-82ce-059f829fe6a7,2023-11-30 17:21:00,399dfec4-01ec-4e84-80b5-cb325d670571,2100,84,2184
6da60d31-9499-44b5-974a-5fbf7b59d273,113856d3-99ee-41a6-b3f6-e3a0f903c8ab,2023-11-30 08:15:00,399dfec4-01ec-4e84-80b5-cb325d670571,700,28,728
9e4e8b80-e091-46bc-ac9f-855e18d1b041,42edd54e-81f6-441b-8544-03202ee1758b,2023-11-30 08:06:00,399dfec4-01ec-4e84-80b5-cb325d670571,600,24,624
dfd12c7a-0f1e-4fde-84f1-a4b0398d0e08,27d02c94-a3b6-42e8-9008-fa7ce7a0733b,2023-11-30 15:57:00,399dfec4-01ec-4e84-80b5-cb325d670571,1200,48,1248
c2d1dccf-2b9e-4577-9c00-b23093d154c7,31fb652a-56da-44e9-a049-706d14e65f47,2023-11-30 16:20:00,399dfec4-01ec-4e84-80b5-cb325d670571,400,16,416
494ec745-1c65-457a-a291-4265328bc30d,bd71fb03-b338-4c1f-a560-f9b491c9b18b,2023-11-30 13:49:00,399dfec4-01ec-4e84-80b5-cb325d670571,400,16,416
33be9715-1606-4cf7-a159-5185843d1463,8eaa6afd-6912-40d4-89a5-25edd3277057,2023-11-30 07:44:00,399dfec4-01ec-4e84-80b5-cb325d670571,600,24,624
c4e2e510-2eb7-4ee9-9343-ec4d6ba03032,047917ca-7ab2-453c-9301-f95121c3fe26,2023-11-30 15:42:00,399dfec4-01ec-4e84-80b5-cb325d670571,1700,68,1768
2c71c4a3-d34e-4527-87c1-071193d37b5d,da1f4cec-6a00-4809-9474-e6f12290b50a,2023-11-30 08:00:00,399dfec4-01ec-4e84-80b5-cb325d670571,600,24,624
e68fc06f-f22d-47d0-90c3-812bca092223,c30e2f33-d889-44eb-966b-5d322f423144,2023-11-30 09:55:00,399dfec4-01ec-4e84-80b5-cb325d670571,2200,88,2288
f1d55890-e3c3-47a7-94f4-f18766d6898a,b56a0893-d004-44c2-a04a-521e4c1e11b0,2023-11-30 16:33:00,399dfec4-01ec-4e84-80b5-cb325d670571,600,24,624
686fb3f9-578c-4da3-b6ff-7ee4b84051e0,d2bca176-3811-48af-8634-7e79b1e71005,2023-11-30 07:10:00,399dfec4-01ec-4e84-80b5-cb325d670571,600,24,624
e269058b-270c-44c4-aeeb-6621f5ae3baf,aa619249-0107-432a-b657-1cd8066c6cf1,2023-11-30 07:24:00,399dfec4-01ec-4e84-80b5-cb325d670571,600,24,624
fbc995b9-67c7-4719-bb5c-c6ffeddfcbfe,8a30d95d-a13d-4ac7-94bd-492255495aa0,2023-11-30 07:41:00,399dfec4-01ec-4e84-80b5-cb325d670571,600,24,624
aa2842db-d029-428b-9e01-39e2cf9e63b2,aa7f1968-ea02-48ca-9133-4b9a11130085,2023-11-30 13:09:00,399dfec4-01ec-4e84-80b5-cb325d670571,1900,76,1976
a3b7e5e5-1ad1-4e4c-94a1-38f2e9a8949c,e8433fb9-0159-4aab-891c-4ccd4936cda3,2023-11-30 13:22:00,399dfec4-01ec-4e84-80b5-cb325d670571,400,16,416
cf2956d7-beba-4444-963f-07c692c51643,bca7ccae-c4ad-44f6-bac2-61812db72e3c,2023-11-30 17:58:00,399dfec4-01ec-4e84-80b5-cb325d670571,600,24,624
89af1083-d175-4620-b1e3-c59d239263d5,32493412-a54d-44b7-be0f-be74f4848984,2023-11-30 13:19:00,399dfec4-01ec-4e84-80b5-cb325d670571,700,28,728
9ed15ded-8f75-4af9-9ff7-cb2206d536a6,c2122736-645f-4e2c-8798-f50a038cd3ac,2023-11-30 08:30:00,399dfec4-01ec-4e84-80b5-cb325d670571,600,24,624
f557f43a-7b2e-4494-ba3e-263a7d101b7c,80ca21f8-93e5-495d-bb56-054227484bee,2023-11-30 07:06:00,399dfec4-01ec-4e84-80b5-cb325d670571,500,20,520
9659fb4a-0626-4020-8af0-ea5883208deb,78786d33-bad0-48cc-beb9-8f5be69b253a,2023-11-30 15:43:00,399dfec4-01ec-4e84-80b5-cb325d670571,1800,72,1872
3c158383-00fb-4486-bf7b-f7369da58030,606c5be6-5591-41fb-b082-e672b5a9d227,2023-11-30 10:30:00,399dfec4-01ec-4e84-80b5-cb325d670571,1700,68,1768
106c898c-984b-46fc-ae6c-7a3e7734a4bb,c5eee5d1-adab-4f6c-b0f6-f734e29aaeb9,2023-11-30 18:02:00,399dfec4-01ec-4e84-80b5-cb325d670571,1600,64,1664
b761a144-70f0-4477-8fe4-a45dbe94668f,31bcc2b0-1949-4bf8-b3a1-bba8b307b63b,2023-11-30 13:45:00,399dfec4-01ec-4e84-80b5-cb325d670571,2300,92,2392
4b92798c-95fd-4d8d-8472-61e5235a05a5,02d95fd6-1019-4486-b901-bb53f5b8a321,2023-11-30 07:01:00,399dfec4-01ec-4e84-80b5-cb325d670571,600,24,624
598a9623-0f3b-4f04-afdf-4e18d71eab37,f562c197-2120-4bc3-ad48-f86f3af31d93,2023-11-30 14:13:00,399dfec4-01ec-4e84-80b5-cb325d670571,1100,44,1144
d7dda758-c4b0-4087-b08d-4f95c11a4106,9d5d41c1-38c8-4da6-9be9-23487ec0ea78,2023-11-30 14:42:00,399dfec4-01ec-4e84-80b5-cb325d670571,600,24,624
df505b72-4da1-4937-9135-e8aecea0b976,0e83b29c-870a-4a62-a84b-e7db2a461c34,2023-11-30 15:05:00,399dfec4-01ec-4e84-80b5-cb325d670571,500,20,520
90e39ca1-a002-461c-a3a3-5f2a64377595,4e2f586d-21cc-44d0-8ba0-0ab553f89593,2023-11-30 07:00:00,399dfec4-01ec-4e84-80b5-cb325d670571,700,28,728
b36e5e90-b94e-44c3-bfad-d5a126a7ba7c,1f318b87-a217-4382-9920-052ed8c34a02,2023-11-30 18:07:00,399dfec4-01ec-4e84-80b5-cb325d670571,600,24,624
e457f9bf-be0c-4607-8210-e2d42fa54a2f,8e38740b-b208-41d8-842e-1d3adbc0061f,2023-11-30 11:30:00,399dfec4-01ec-4e84-80b5-cb325d670571,400,16,416
ecbc5336-8e75-4ff9-a833-940dd1d240a6,6fe3333d-6a89-4f8d-8dc0-da6859f4e921,2023-11-30 12:54:00,399dfec4-01ec-4e84-80b5-cb325d670571,700,28,728
2dffb551-f389-425c-8e05-262bec03c521,4c7de6c4-7bb8-4a14-a7e5-7073faf72cfe,2023-11-30 18:33:00,399dfec4-01ec-4e84-80b5-cb325d670571,600,24,624
390ec0ff-6b30-4862-a3ad-2d5db39d6fc3,c1bf2415-c749-4874-b0ba-09b667d1e1c7,2023-11-30 11:30:00,399dfec4-01ec-4e84-80b5-cb325d670571,700,28,728
e5cca005-905d-43e4-a44a-3c2ffada7676,4c902353-eb78-41c4-bdea-e19c5de3d638,2023-11-30 16:24:00,399dfec4-01ec-4e84-80b5-cb325d670571,2000,80,2080
46da5bbc-920e-474f-a21a-b92b2cccfffb,f9617f0b-4e19-49f8-a48b-8195da86f70c,2023-11-30 14:37:00,399dfec4-01ec-4e84-80b5-cb325d670571,500,20,520
a5174cf8-b9f4-4ba4-9e3b-a143598ed0ce,a027cde1-ec2d-4458-847a-97019eb00598,2023-11-30 15:18:00,399dfec4-01ec-4e84-80b5-cb325d670571,3800,152,3952
7fe6c311-6ae3-453b-9881-63b07e323c16,35c48889-9128-49d3-8202-144e3434c195,2023-11-30 08:49:00,399dfec4-01ec-4e84-80b5-cb325d670571,700,28,728
a81d12e6-bbfa-4bf7-ac22-77dd3215222f,66356bfc-72ef-4d2c-bc16-577d3a57383a,2023-11-30 14:04:00,399dfec4-01ec-4e84-80b5-cb325d670571,600,24,624
c8615e81-6fab-4372-b4e6-620534094d4c,337caee2-578d-4ff8-8415-bdd171629624,2023-11-30 07:34:00,399dfec4-01ec-4e84-80b5-cb325d670571,500,20,520
5b700822-80c9-46c0-aa0b-3ee3131a5cf2,df7ab85e-a71c-404b-a801-79763e8311d0,2023-11-30 07:33:00,399dfec4-01ec-4e84-80b5-cb325d670571,700,28,728
0a0e066a-5596-48a2-a251-9a251374ac6e,56523397-5a78-44eb-8c6e-4f63400a088e,2023-11-30 07:59:00,399dfec4-01ec-4e84-80b5-cb325d670571,500,20,520
c8a43c49-bca9-421b-824c-f662393729f0,e9a08355-9bf4-4d1e-8360-23a480b06bd9,2023-11-30 15:41:00,399dfec4-01ec-4e84-80b5-cb325d670571,1900,76,1976
b49e42d5-9f9c-44f7-b6d1-391e6a0f5598,3fd9454f-29e8-4ea8-8fba-538c0c968c03,2023-11-30 14:40:00,399dfec4-01ec-4e84-80b5-cb325d670571,700,28,728
e0de578c-6f96-4c30-bff2-c9ffb98b56af,10c67e82-7415-43cc-a59d-dc03591a2150,2023-11-30 12:11:00,399dfec4-01ec-4e84-80b5-cb325d670571,600,24,624
1706b698-46dc-4da0-83f9-c2268fc7f2f2,b9892ed8-d7b1-4b54-8ca3-f2eff400a3a2,2023-11-30 07:36:00,399dfec4-01ec-4e84-80b5-cb325d670571,600,24,624
f8028a43-2ee8-4043-9d35-319a9878c632,10bc48fd-188c-4186-bd31-1e725010e285,2023-11-30 15:37:00,399dfec4-01ec-4e84-80b5-cb325d670571,1800,72,1872
6e0de4a0-e440-4f30-a51d-af02c30da085,629f5d40-70a3-46cc-aa4e-e07f822098ad,2023-11-30 08:29:00,399dfec4-01ec-4e84-80b5-cb325d670571,600,24,624
cc7305da-cb8d-4539-81dd-cf994141929f,7a2ce05d-aa5b-4c52-95e2-fad4eea5312d,2023-11-30 12:03:00,399dfec4-01ec-4e84-80b5-cb325d670571,600,24,624
b06b54da-4e74-40a3-a1ee-1b1a455615e2,94fa38c4-08f6-410a-a684-f73ecb423350,2023-11-30 12:20:00,399dfec4-01ec-4e84-80b5-cb325d670571,3400,136,3536
6ea9a07f-10a6-4170-8667-1b52546ad3b2,01ad5e63-5943-467e-a1d9-f9658ba260eb,2023-11-30 07:59:00,399dfec4-01ec-4e84-80b5-cb325d670571,600,24,624
ac182169-dca3-4506-a4be-6b0e04ba8a73,74f04e64-1a60-443e-9276-1d86972df9ff,2023-11-30 14:00:00,399dfec4-01ec-4e84-80b5-cb325d670571,600,24,624
299133d6-ec37-4393-b11a-51cfc7f5862c,3ba017e1-3de6-4cf0-986b-4e215573508b,2023-11-30 08:57:00,399dfec4-01ec-4e84-80b5-cb325d670571,500,20,520
72868728-667f-4da5-a747-1d8e959868a1,92463bef-cee2-41ce-be98-e21ffd7897bf,2023-11-30 13:59:00,399dfec4-01ec-4e84-80b5-cb325d670571,1700,68,1768
84483bfb-1143-4857-96cb-c322a0679cb8,d787287a-9b36-46ee-8c9a-3425302d81bc,2023-11-30 09:05:00,399dfec4-01ec-4e84-80b5-cb325d670571,500,20,520
2f0b15c4-5d03-411a-b621-3bf3debd0861,f8fa33a8-b390-4666-87a1-cebd987d2dee,2023-11-30 07:53:00,399dfec4-01ec-4e84-80b5-cb325d670571,600,24,624
e0748a8a-b497-4695-a185-705d5d68d860,fab0de85-1e9d-4a30-abed-e99da282f7a9,2023-11-30 12:07:00,399dfec4-01ec-4e84-80b5-cb325d670571,3300,132,3432
56b1e9c8-bc16-4e55-b35d-779d99e7b423,4820e533-6ef9-474a-93c4-7d85c2f425a1,2023-11-30 17:13:00,399dfec4-01ec-4e84-80b5-cb325d670571,1700,68,1768
0f1aef57-bfea-44b7-b168-af61fe8e0e17,fe5970a8-ffd4-4560-8321-418435f93f1d,2023-11-30 07:43:00,399dfec4-01ec-4e84-80b5-cb325d670571,600,24,624
98f0009e-8f2d-450b-9a86-079651817054,fc10183f-d1a5-4d89-8215-35d052711ca7,2023-11-30 09:35:00,399dfec4-01ec-4e84-80b5-cb325d670571,3500,140,3640
23f93d54-9f60-4f8c-8579-b650dc4abd8b,175b56d1-f0a1-4312-80d4-933a026c0757,2023-11-30 08:17:00,399dfec4-01ec-4e84-80b5-cb325d670571,700,28,728
1a10aaf0-e18e-4eba-b4d7-4f507057b0e6,393e344b-01f0-4b0f-8532-6a69f5448868,2023-11-30 08:06:00,399dfec4-01ec-4e84-80b5-cb325d670571,400,16,416
f0eafa9d-8302-49ff-9f21-366dd449c5a7,f7e7396b-020c-4ce3-876c-1598ff603f5c,2023-11-30 14:34:00,399dfec4-01ec-4e84-80b5-cb325d670571,1700,68,1768
07b6f5f2-e0ca-400f-96ca-5525f534f32d,88d6b3c9-5501-4dcc-8870-88d2b5a7d2b7,2023-11-30 08:30:00,399dfec4-01ec-4e84-80b5-cb325d670571,500,20,520
8241a557-8751-4006-8292-72c00197134a,56ca389d-e4ed-4ef5-aad9-06921244e5fa,2023-11-30 16:58:00,399dfec4-01ec-4e84-80b5-cb325d670571,1900,76,1976
696c9186-0906-4aab-aa62-2564f47d29c4,c60b2684-3387-4c5b-9304-ce101427a10e,2023-11-30 07:44:00,399dfec4-01ec-4e84-80b5-cb325d670571,600,24,624
5e0c5e5e-c21d-4e87-8b52-3b6bc6b8508f,bbd4a2a1-6d78-49be-847b-042067ac5461,2023-11-30 09:32:00,399dfec4-01ec-4e84-80b5-cb325d670571,2500,100,2600
c39f5006-08d6-433a-b696-357e7698a1d1,6ebef4bf-63b8-4e88-a3ee-5371e37ad7d2,2023-11-30 12:00:00,399dfec4-01ec-4e84-80b5-cb325d670571,700,28,728
d3ae62f2-2f89-461d-8c13-69cd02dec173,d47ee806-33f9-40d8-82a9-6f70032affaf,2023-11-30 16:38:00,399dfec4-01ec-4e84-80b5-cb325d670571,500,20,520
6a549a6d-9124-49ec-894a-ec7106621b6c,49c762bb-3c37-4b70-89e7-915b46aea67e,2023-11-30 10:52:00,399dfec4-01ec-4e84-80b5-cb325d670571,700,28,728
ffa3428e-7894-47dc-89dc-b97aa4d0b526,82490db6-c9bd-4a9c-a119-f07fbf6a46b5,2023-11-30 08:23:00,399dfec4-01ec-4e84-80b5-cb325d670571,400,16,416
8f6d24b6-1e7b-4ff3-9ca4-c0d59e539d2d,6be14bf4-3d0e-4952-bf65-4c65a84d6317,2023-11-30 07:56:00,399dfec4-01ec-4e84-80b5-cb325d670571,700,28,728
961420fe-3249-466e-9714-fb79cd9f132d,58ad3080-6386-4389-b206-731a5696a3b1,2023-11-30 14:24:00,399dfec4-01ec-4e84-80b5-cb325d670571,1500,60,1560
6f41f721-4084-4979-a397-836ae7052d90,c1b18263-70bc-4b00-99a6-4f17212b6651,2023-11-30 10:00:00,399dfec4-01ec-4e84-80b5-cb325d670571,700,28,728
5f01155e-504a-40a4-9b59-4999881ee633,638b7677-d131-4292-886e-bf9c8d6b99ba,2023-11-30 07:54:00,399dfec4-01ec-4e84-80b5-cb325d670571,600,24,624
d8bf57cb-39e1-4025-ad2d-d674e92cbf82,f256cbdd-6aa1-4b99-a1c6-9ab67f9c3223,2023-11-30 16:47:00,399dfec4-01ec-4e84-80b5-cb325d670571,1700,68,1768
63809c94-a4fb-447a-a06a-dd45251d0148,3dfec5a1-2732-414d-82de-29395c432266,2023-11-30 08:00:00,399dfec4-01ec-4e84-80b5-cb325d670571,400,16,416
d4650bcc-48fe-4040-8173-60b48fa22d93,e9ef1eb3-db11-4e4b-b0f6-55acc47d73e7,2023-11-30 15:30:00,399dfec4-01ec-4e84-80b5-cb325d670571,600,24,624
66eb43c8-aee4-449b-815d-6d4480ed1ad9,aedc9d0d-f54d-4c7a-8d16-6a64d34917c1,2023-11-30 16:02:00,399dfec4-01ec-4e84-80b5-cb325d670571,1600,64,1664
bf2f741e-7342-48fb-9d63-0adb3a9e3ddd,b741bbdf-2063-4577-a506-c8982e3a0323,2023-11-30 07:59:00,399dfec4-01ec-4e84-80b5-cb325d670571,700,28,728
a1b20ced-1fc9-4dd9-a150-603a61862e4b,47102ecf-be37-4a37-adaa-b5ed933ebf2a,2023-11-30 15:04:00,399dfec4-01ec-4e84-80b5-cb325d670571,600,24,624
3c6e5b27-bdd7-4b85-8bee-b28cd3423bef,47712520-fdeb-4483-bc9c-cbd3d715ddd0,2023-11-30 13:30:00,399dfec4-01ec-4e84-80b5-cb325d670571,700,28,728
0fba2541-fea4-40d9-bf5c-ccb4d7a94b1a,3e144863-036b-4f7e-8ab5-d3d4a50195f7,2023-11-30 13:12:00,399dfec4-01ec-4e84-80b5-cb325d670571,1900,76,1976
9ca11c28-2878-46be-b891-6865734d0f12,3c6cf4c6-49bc-4e6c-901f-ebf9af01ee6c,2023-11-30 14:43:00,399dfec4-01ec-4e84-80b5-cb325d670571,600,24,624
81c0fa45-4d7a-4c1f-af15-bded2392ab96,efd0fccf-5287-4ba1-83d3-390d49c76861,2023-11-30 19:48:00,399dfec4-01ec-4e84-80b5-cb325d670571,1300,52,1352
b22cfbf6-8db9-4be1-b4cc-d179cd42d023,45ae3232-9552-4065-a1aa-8b670e5a0dfa,2023-11-30 13:23:00,399dfec4-01ec-4e84-80b5-cb325d670571,1900,76,1976
7919f9c5-0097-45bc-8ac9-62564a54c41f,bb9d7ade-1359-411a-b0e7-e27c37588d1c,2023-11-30 07:37:00,399dfec4-01ec-4e84-80b5-cb325d670571,700,28,728
56dc0297-b437-4ca5-8941-ba1600b172f3,90c4aa98-bd75-46e4-b7ee-0d5e3c7d7e57,2023-11-30 11:15:00,399dfec4-01ec-4e84-80b5-cb325d670571,2700,108,2808
eca0ae3e-402c-4c61-97bb-2123f79d2e2f,419d1cd0-c9ee-4c57-9ce9-f01e6a0c4637,2023-11-30 08:19:00,399dfec4-01ec-4e84-80b5-cb325d670571,500,20,520
8ada3399-9e56-4268-b250-87d9844af42c,9385e880-136f-4853-bb94-87d293e455f9,2023-11-30 14:15:00,399dfec4-01ec-4e84-80b5-cb325d670571,600,24,624
f9bce045-4e46-4f44-8bb7-1559310d609f,094b3055-b2cc-40f4-beaa-4b479baede47,2023-11-30 15:55:00,399dfec4-01ec-4e84-80b5-cb325d670571,700,28,728
e0c13891-9f7b-4fd8-a763-63930222ded8,9350c210-10a7-4b2f-ba74-5f52c9f4319b,2023-11-30 17:02:00,399dfec4-01ec-4e84-80b5-cb325d670571,600,24,624
e7a9185c-58a3-48f1-a5da-8af822de3deb,2e115436-fac0-48c1-8088-4a199e32aeb8,2023-11-30 07:07:00,399dfec4-01ec-4e84-80b5-cb325d670571,400,16,416
7538bf7b-7f13-4078-a52b-dc87b4f117f0,b5cf197e-940c-48e2-b168-b2b93b207616,2023-11-30 16:39:00,399dfec4-01ec-4e84-80b5-cb325d670571,400,16,416
a8fdcc5e-fbcd-4e94-b62c-8dad97554fb4,c0f66bfa-64b7-407a-bdba-c8e6d01367c8,2023-11-30 13:02:00,399dfec4-01ec-4e84-80b5-cb325d670571,500,20,520
30fefa15-8ca5-49c1-b3b7-69633126eb96,66c7df80-d945-468b-91db-2a2e7f5333f9,2023-11-30 15:22:00,399dfec4-01ec-4e84-80b5-cb325d670571,1300,52,1352
795e1d6d-6a46-4707-9057-137c99c3f54d,3a49ef30-840a-49cf-9af7-2950d5d6314b,2023-11-30 13:22:00,399dfec4-01ec-4e84-80b5-cb325d670571,600,24,624
a649f5ac-a8ee-4367-868a-438351722e09,1cf7c15b-9c7e-4885-9240-b1459da8b9d3,2023-11-30 13:34:00,399dfec4-01ec-4e84-80b5-cb325d670571,700,28,728
f1b1f5dd-49a2-49db-bdbf-54e83d7ff0cf,60a8ecd6-8c8f-4548-a548-223aa3c4717f,2023-11-30 07:59:00,399dfec4-01ec-4e84-80b5-cb325d670571,500,20,520
fc505b46-08d7-46da-9218-36957f61533c,9f087b1a-7a86-434b-8ca0-08a841b45429,2023-11-30 07:45:00,399dfec4-01ec-4e84-80b5-cb325d670571,600,24,624
fc49db63-3d45-46c7-afd3-6db1089aac43,b259e63d-c998-4f0c-ab7f-8d3a22fd7aa7,2023-11-30 18:40:00,399dfec4-01ec-4e84-80b5-cb325d670571,1800,72,1872
bbd8b468-f7e3-4dab-b4bc-10652ddf4d5b,6fadd350-0f6a-4d1d-bedc-1227fa69f959,2023-11-30 13:36:00,399dfec4-01ec-4e84-80b5-cb325d670571,400,16,416
e67533eb-62e7-46de-9ef1-95d4477fffda,d21877bf-b729-4e1d-bc29-a1f08b1cece4,2023-11-30 19:25:00,399dfec4-01ec-4e84-80b5-cb325d670571,600,24,624
417eacd8-4a09-4606-a517-3a4b9432d9ec,0cc755c0-0f54-4056-ae9a-18f3670a8c41,2023-11-30 15:14:00,399dfec4-01ec-4e84-80b5-cb325d670571,500,20,520
2efff908-403f-43e5-9b84-3242021e0939,733bc17a-6b25-4b2f-9d45-bfe808dc93c0,2023-11-30 10:19:00,399dfec4-01ec-4e84-80b5-cb325d670571,500,20,520
1be31ce6-14f5-4344-9f91-9e057bd9d812,21b796ce-f7e3-447f-b2fc-b7ab9e3f0d85,2023-11-30 15:29:00,399dfec4-01ec-4e84-80b5-cb325d670571,600,24,624
460035f5-13cd-4578-9295-6f53bab34658,5e65c6d6-a81f-4cee-b034-51aa45e41b4e,2023-11-30 07:42:00,399dfec4-01ec-4e84-80b5-cb325d670571,600,24,624
9ec7266b-d78a-4ef6-920b-c7da2f016595,408711a0-3260-472a-86c1-07325f01dad7,2023-11-30 13:55:00,399dfec4-01ec-4e84-80b5-cb325d670571,600,24,624
3abbb2f9-7415-47f3-96a8-e95313716503,749e2083-d8e9-4bad-aa5b-548cf20a6c12,2023-11-30 12:37:00,399dfec4-01ec-4e84-80b5-cb325d670571,700,28,728
15bb405b-a707-4f5c-bc09-caa3f2932879,6f03b818-c7d4-4b58-9d22-0b2e4f095638,2023-11-30 15:42:00,399dfec4-01ec-4e84-80b5-cb325d670571,700,28,728
fa1695c9-852e-45d5-aa9d-84f7bedbf9a0,7ff9d476-6e5a-4127-b544-2e2d564cb581,2023-11-30 10:18:00,399dfec4-01ec-4e84-80b5-cb325d670571,1600,64,1664
53f6132a-907c-405b-8326-82b5daf2127a,06428c6a-1380-424a-b43e-4531141be890,2023-11-30 07:40:00,399dfec4-01ec-4e84-80b5-cb325d670571,700,28,728
2bd36ebc-9cd5-48a2-acc0-0d91be6cd965,347937b1-a1e4-465a-8806-694910b7f61d,2023-11-30 08:01:00,399dfec4-01ec-4e84-80b5-cb325d670571,600,24,624
d37a9814-7685-4e67-bd9a-c2ac56d80aef,32074f1f-acff-4079-893d-b5ad4572a8c4,2023-11-30 09:39:00,399dfec4-01ec-4e84-80b5-cb325d670571,1700,68,1768
a2991c26-efe1-46fa-b4af-42948ac9a856,81accf64-8081-482a-ba4f-b9ab41a42f91,2023-11-30 17:39:00,399dfec4-01ec-4e84-80b5-cb325d670571,1900,76,1976
95d5689c-ec09-4b46-9ec8-89ea7e63909c,c8f546ab-e1bc-475e-951f-b7d04fedfd6c,2023-11-30 14:16:00,399dfec4-01ec-4e84-80b5-cb325d670571,2000,80,2080
2d6b6611-7822-4e31-b7f5-bd08a32ce9cd,2d58c862-6caf-4e9a-acfe-df194768718b,2023-11-30 12:51:00,399dfec4-01ec-4e84-80b5-cb325d670571,1800,72,1872
a80b6dda-7e14-4eb6-b0d6-8422fbd5e940,372b862f-2875-4256-a3ad-90a3f9022324,2023-11-30 16:02:00,399dfec4-01ec-4e84-80b5-cb325d670571,1500,60,1560
e9f952fb-3820-42f3-bf40-d078151eb164,bf4431e0-408f-46e2-9427-0006512e70f9,2023-11-30 13:43:00,399dfec4-01ec-4e84-80b5-cb325d670571,500,20,520
e6d796b4-d0cf-499d-9bf8-f7db41e4b9fd,5df40cff-214e-4d3c-a396-ebefd20fb640,2023-11-30 15:16:00,399dfec4-01ec-4e84-80b5-cb325d670571,1700,68,1768
e26f2829-5a59-45d1-b042-2b27448c1592,bfc8a6f1-55b6-4f9b-b049-f0bc3483043f,2023-11-30 13:09:00,399dfec4-01ec-4e84-80b5-cb325d670571,1200,48,1248
ec030b4e-3ab9-4300-89d5-fa2d8c666a45,0c09e98e-c49b-4490-bccd-36d7bbf30674,2023-11-30 12:00:00,399dfec4-01ec-4e84-80b5-cb325d670571,1800,72,1872
258fe994-96fd-4c38-8f4c-e4cca2cf018d,0b7b056b-c902-4224-87b7-f0310af14cd2,2023-11-30 08:35:00,399dfec4-01ec-4e84-80b5-cb325d670571,500,20,520
41d7556e-f09e-4c2a-a86a-1b0f45e685d1,49d45173-97fb-46fa-b7ab-351eade2898d,2023-11-30 07:11:00,399dfec4-01ec-4e84-80b5-cb325d670571,400,16,416
d6f38b6f-c5f4-4818-a43e-23cba4f511f4,7e04fe6b-5f22-46bc-b418-22d60ac811c0,2023-11-30 08:20:00,399dfec4-01ec-4e84-80b5-cb325d670571,400,16,416
f8c78480-434c-48af-916e-e48b6688f305,3f28bdb7-15a1-4281-8a5c-4c2c2f849c7d,2023-11-30 16:53:00,399dfec4-01ec-4e84-80b5-cb325d670571,600,24,624
c751a32d-9397-46f1-b78e-821b4febe3f2,e86c5af2-7ab5-4de1-a956-c30109f40f15,2023-11-30 16:13:00,399dfec4-01ec-4e84-80b5-cb325d670571,400,16,416
0fc6dd87-785d-4dc7-b0e4-c9bbe8bd39be,996a6380-67cd-421a-8260-817f6575b769,2023-11-30 07:31:00,399dfec4-01ec-4e84-80b5-cb325d670571,400,16,416
d43304d3-effc-4b8e-965a-78173bcfde4c,d5fbd31a-52ec-4888-a8e9-72d82db651a8,2023-11-30 13:28:00,399dfec4-01ec-4e84-80b5-cb325d670571,600,24,624
e69ad58f-7c6c-41b5-b593-9d4154d8a738,22b25d92-e3ad-493e-84b7-02c1c5bc99c4,2023-11-30 15:25:00,399dfec4-01ec-4e84-80b5-cb325d670571,500,20,520
ea454e28-9fa8-4e3d-8dbb-5b79be5af265,b255511e-5860-44d3-9bc8-07434bb0377c,2023-11-30 07:32:00,399dfec4-01ec-4e84-80b5-cb325d670571,400,16,416
e1b263c5-2dc7-4cf3-a888-4a1a6d9d475d,a666a8c8-399f-42cc-9765-05db56159a3b,2023-11-30 10:23:00,399dfec4-01ec-4e84-80b5-cb325d670571,1600,64,1664
2dc46b51-7422-4c7c-b70b-ded63df4947d,0b8d755b-5279-44f7-bac8-81c2738b1111,2023-11-30 08:33:00,399dfec4-01ec-4e84-80b5-cb325d670571,500,20,520
d2f5634b-92ea-4bea-a18e-1b094a7b659e,58ce6298-8492-452a-9f99-a55d99e454e4,2023-11-30 08:19:00,399dfec4-01ec-4e84-80b5-cb325d670571,700,28,728
b80225fe-7656-4674-a71a-5a77d1cc82b5,df13ac1c-3ad8-4ead-af33-b27d83bb34c0,2023-11-30 12:09:00,399dfec4-01ec-4e84-80b5-cb325d670571,400,16,416
0f1f9e4e-7d07-4c21-94dd-b02b9748924f,b04d849b-94c4-43b6-86ed-cf26dbe24ee8,2023-11-30 07:50:00,399dfec4-01ec-4e84-80b5-cb325d670571,400,16,416
9f8a7402-17c7-4eba-ab9c-1531e10cf848,2ae61282-d749-4519-ba0e-6c7e550c7eab,2023-11-30 14:33:00,399dfec4-01ec-4e84-80b5-cb325d670571,600,24,624
7c6eec2f-ed1e-4a42-a49b-4268b950ef22,d663fbbf-6362-4dc0-9cff-3f3e00effccc,2023-11-30 14:43:00,399dfec4-01ec-4e84-80b5-cb325d670571,2000,80,2080
63e1710b-4d5a-4f90-8ea4-0839d2a3139c,e0bed291-1c5f-4aa1-aa2d-c171134f4e2a,2023-11-30 13:01:00,399dfec4-01ec-4e84-80b5-cb325d670571,500,20,520
aae73b77-a07c-4e24-9770-4fcdccbdcd2a,6470f94f-16c7-470a-9717-453be9259960,2023-11-30 16:10:00,399dfec4-01ec-4e84-80b5-cb325d670571,600,24,624
0e984075-6640-4aac-92a1-b88ed0339167,00fe0742-ca1a-462a-ab05-2297bc4cded9,2023-11-30 09:42:00,399dfec4-01ec-4e84-80b5-cb325d670571,400,16,416
afc4629e-b157-42ad-a6d0-d5c4af81918f,6c4f79c1-c913-4599-a82a-bc6283855909,2023-11-30 07:22:00,399dfec4-01ec-4e84-80b5-cb325d670571,400,16,416
ae2d48f9-293c-4558-8afe-8d20f2e029a6,80305b45-2835-4e06-87ca-f95cf5004a8e,2023-11-30 13:12:00,399dfec4-01ec-4e84-80b5-cb325d670571,2400,96,2496
d41ec3d6-342e-4282-b236-680994f63992,256a57f7-a9ff-437a-b529-bbd094c118d7,2023-11-30 12:20:00,399dfec4-01ec-4e84-80b5-cb325d670571,1800,72,1872
ffdb5a55-f441-46f2-b764-88873011a166,28c5e573-dbe9-49da-baa8-11eafd9e1473,2023-11-30 08:29:00,399dfec4-01ec-4e84-80b5-cb325d670571,600,24,624
3789d5f1-ed8a-4f30-824e-fbf8da646cbf,87bfb92d-66c8-4568-ad61-e0ae0730e8d0,2023-11-30 08:10:00,399dfec4-01ec-4e84-80b5-cb325d670571,500,20,520
46c9c4f5-ebe3-46d9-a5aa-c66d262599c1,a1c6677f-446b-4940-8c40-8e018a7ca815,2023-11-30 14:40:00,399dfec4-01ec-4e84-80b5-cb325d670571,600,24,624
3873e532-66a1-43e2-9e59-b93f58135991,5252229c-8816-4cc0-9061-86b844313715,2023-11-30 07:52:00,399dfec4-01ec-4e84-80b5-cb325d670571,600,24,624
4d23ad39-18cc-4d6c-93be-b624bb47ba16,bf64fe32-6f45-493f-af8b-5a00b85148fc,2023-11-30 11:31:00,399dfec4-01ec-4e84-80b5-cb325d670571,600,24,624
977f9332-88f5-49bf-8788-30543ce77533,c9b3df80-8e43-45a7-87e5-7c1202671a86,2023-11-30 08:11:00,399dfec4-01ec-4e84-80b5-cb325d670571,500,20,520
667c217b-9da4-4376-915a-09cd99dde254,a17cdf1c-0c24-4309-8248-906a4e24c1ed,2023-11-30 14:26:00,399dfec4-01ec-4e84-80b5-cb325d670571,1000,40,1040
a198e490-573c-4824-8b4a-ba5e4b80d0b6,16663c3b-6311-46f3-bed7-0bfc02d66eb5,2023-11-30 07:55:00,399dfec4-01ec-4e84-80b5-cb325d670571,700,28,728
135dc29e-b4fc-4ece-9e8a-ede96c86bcef,6de0fa39-0254-45be-b7c2-a0e59eead219,2023-11-30 07:38:00,399dfec4-01ec-4e84-80b5-cb325d670571,400,16,416
847c9f9a-bf5e-47ef-bbb3-4f395e9c4527,d19ff309-72e3-4a8b-a6c5-26433433c175,2023-11-30 17:32:00,399dfec4-01ec-4e84-80b5-cb325d670571,1600,64,1664
5f5015d7-2d8b-4d1c-a616-87a1ec94c9db,738675f7-5520-40c8-9a5c-cc66d9fd338c,2023-11-30 13:17:00,399dfec4-01ec-4e84-80b5-cb325d670571,1000,40,1040
b105f083-27f6-4dab-868c-cf6c46092294,f4ad4e1b-cb6c-4d4b-8292-765d32912398,2023-11-30 16:12:00,399dfec4-01ec-4e84-80b5-cb325d670571,1700,68,1768
3d5b5485-e549-46cd-98fd-a31f7eb68b2c,09768a2d-e30f-4fba-bbea-42c4af3c16d0,2023-11-30 10:56:00,399dfec4-01ec-4e84-80b5-cb325d670571,600,24,624
923b3fe7-3b63-4e9a-9441-ff7f27d49ec1,d24e9271-8085-46c5-93e2-744d394a96ce,2023-11-30 08:02:00,399dfec4-01ec-4e84-80b5-cb325d670571,600,24,624
b23d6776-a6ca-4f4f-988b-bfa2fc883c43,80eb4e1f-be85-4e2d-901d-63851a086877,2023-11-30 08:22:00,399dfec4-01ec-4e84-80b5-cb325d670571,600,24,624
cde7644e-df2f-49bb-803e-9d6bf20dcbb2,93137d6e-3e68-4f5e-81a4-716212bcb9a9,2023-11-30 07:12:00,399dfec4-01ec-4e84-80b5-cb325d670571,600,24,624
5c20e1e7-2e56-4f09-947e-86bf151c982c,76c96bb4-46b4-420a-9014-633d4fa008ce,2023-11-30 14:08:00,399dfec4-01ec-4e84-80b5-cb325d670571,400,16,416
5443b72b-2878-4125-b056-57e2d7e60d38,38812f12-33f2-493c-860e-166ea6f08176,2023-11-30 07:39:00,399dfec4-01ec-4e84-80b5-cb325d670571,400,16,416
2f1d4bf8-26d9-4dd6-9cb7-2fd97779dc3b,6160656f-db8b-4a17-8c32-1b69f0546f58,2023-11-30 08:21:00,399dfec4-01ec-4e84-80b5-cb325d670571,600,24,624
74992605-c314-41fd-a847-1382e226d4b8,8aa1534d-101a-4387-a192-eadb32347bf3,2023-11-30 15:57:00,399dfec4-01ec-4e84-80b5-cb325d670571,1600,64,1664
8cea6150-7d86-4b0c-bca7-393655362e4a,2134a68a-aebf-46d9-8143-0f110f8b4aae,2023-11-30 15:11:00,399dfec4-01ec-4e84-80b5-cb325d670571,1600,64,1664
b3f917b9-c92d-4199-852d-44b7e87e5880,666f2378-13e2-4fd0-ac37-36749cb0a391,2023-11-30 10:44:00,399dfec4-01ec-4e84-80b5-cb325d670571,600,24,624
8532fbca-667c-4f4c-90f7-fb1ae23a483f,7cb36d58-03a5-4fa5-88d3-047d8d9c82c1,2023-11-30 15:00:00,399dfec4-01ec-4e84-80b5-cb325d670571,700,28,728
6f39facd-e498-4831-ba26-20a005bc5431,59cbf0dc-0b3a-4388-855e-5bd669cbf70f,2023-11-30 07:32:00,399dfec4-01ec-4e84-80b5-cb325d670571,700,28,728
143a2ef2-bc12-4e52-ade7-2607f52def57,82a6aee8-f1af-4310-ab80-7b40a6812f97,2023-11-30 07:39:00,399dfec4-01ec-4e84-80b5-cb325d670571,500,20,520
36c9b915-b8b6-4c1f-a999-e55d2daf6ce0,b4795940-db8c-426d-86de-443d77d52769,2023-11-30 09:13:00,399dfec4-01ec-4e84-80b5-cb325d670571,400,16,416
6de8849d-d0c7-4987-84f9-180545fc40ff,aee3650e-2a29-49e6-9b76-a014fcb6f488,2023-11-30 16:17:00,399dfec4-01ec-4e84-80b5-cb325d670571,700,28,728
858a598a-ea90-4c14-8585-837e38ffeab8,c0ae5287-fc4d-4f95-9812-fb904bd70178,2023-11-30 11:52:00,399dfec4-01ec-4e84-80b5-cb325d670571,400,16,416
b575ab63-bcd6-44a0-b02b-1e3636c19c20,7000f470-f20c-406f-a4ce-0a6b949b0978,2023-11-30 11:49:00,399dfec4-01ec-4e84-80b5-cb325d670571,600,24,624
5c3e32bf-a3fe-4caa-8918-8d82b4b77e33,a49b4bb7-ff65-4e64-a8f7-d0b69f4dee4a,2023-11-30 08:39:00,399dfec4-01ec-4e84-80b5-cb325d670571,600,24,624
4237010e-39ad-469d-aaa2-8fa16a9bd565,cca74689-b99d-4a88-80cc-7e00df041465,2023-11-30 08:24:00,399dfec4-01ec-4e84-80b5-cb325d670571,700,28,728
9151a032-554e-4198-902f-e63fc513349a,00f745c8-1adc-4d55-8ddf-95a61af4ad4f,2023-11-30 16:07:00,399dfec4-01ec-4e84-80b5-cb325d670571,400,16,416
9a8f0858-982a-448e-b283-9e9a1dee61e9,2a9f7a07-e7b2-4ca6-a1ae-7769638025f5,2023-11-30 08:48:00,399dfec4-01ec-4e84-80b5-cb325d670571,400,16,416
405b82fd-e2b8-4144-b580-14941895c650,9ac47955-e8be-406d-b9db-02736e13e8f8,2023-11-30 18:27:00,399dfec4-01ec-4e84-80b5-cb325d670571,1800,72,1872
fcbcb805-be5f-4fc3-afdc-10a09ed90dd8,38b6a9c4-770d-4115-b10f-b873e2e606a2,2023-11-30 12:34:00,399dfec4-01ec-4e84-80b5-cb325d670571,1600,64,1664
aed7e538-9e90-444b-b0c4-0b5273fb6c06,13b0c9ce-53dc-4c0f-8f07-e25191ae7e9e,2023-11-30 12:11:00,399dfec4-01ec-4e84-80b5-cb325d670571,600,24,624
3fea656b-b2e3-44dc-a81a-929aaff8200f,56e90f70-5a07-4dd8-bd80-329d6cd71beb,2023-11-30 07:27:00,399dfec4-01ec-4e84-80b5-cb325d670571,600,24,624
33147090-fdd2-4b6f-a0e8-392eb6bb20d9,e7720da8-4896-4ddf-bef1-2ab577ebe12a,2023-11-30 07:54:00,399dfec4-01ec-4e84-80b5-cb325d670571,700,28,728
97852ccc-3460-4728-bad2-7fb0953fce5c,85d95b80-0fe8-4c1a-9da5-c07a6f15dc08,2023-11-30 17:56:00,399dfec4-01ec-4e84-80b5-cb325d670571,2000,80,2080
e52a446a-45ca-4557-8ce3-524ada38a777,7a7bd01a-8a8c-4d07-8806-125db5b3f93d,2023-11-30 13:49:00,399dfec4-01ec-4e84-80b5-cb325d670571,0,0,0
4d271ec1-595e-4579-b89f-9120261398a0,74c72c23-d7fa-4e25-a8f7-99c5a52ac47a,2023-11-30 17:39:00,399dfec4-01ec-4e84-80b5-cb325d670571,2100,84,2184
a683f08a-2a3f-4cc8-ba13-1dce99153b02,79bd7f32-cd59-4ff4-8cdd-fc7c0d35a24c,2023-11-30 07:38:00,399dfec4-01ec-4e84-80b5-cb325d670571,600,24,624
f2932d58-c80b-4270-b097-39bc0f19f8ae,6c567f96-afe7-4c61-9eb4-ae11aa33af50,2023-11-30 07:59:00,399dfec4-01ec-4e84-80b5-cb325d670571,700,28,728
c529ccc8-f8e6-4b38-9e98-a776a8480c0b,b6135829-98b1-474f-8e0f-c05749688ddc,2023-11-30 16:51:00,399dfec4-01ec-4e84-80b5-cb325d670571,400,16,416
011a56ae-ebf1-4b64-aa1c-983b0d5f88db,bc9b75c4-c020-4f0d-abf1-ebffb3e2726a,2023-11-30 10:37:00,399dfec4-01ec-4e84-80b5-cb325d670571,1600,64,1664
2ff9107f-e486-4f5a-80d3-8577b7d6b3b5,a64e639a-0cc0-475b-a94e-d09fde41e930,2023-11-30 17:13:00,399dfec4-01ec-4e84-80b5-cb325d670571,1200,48,1248
9a4edd7f-c2ba-4e8c-9dce-17e6d07a4097,cfb91507-0769-4ef6-910f-493cf5dee61d,2023-11-30 07:51:00,399dfec4-01ec-4e84-80b5-cb325d670571,400,16,416
4047743d-90a3-4bb6-a20d-c752110b7e07,8087043b-2bf7-4128-b23b-491f8828ab94,2023-11-30 11:52:00,399dfec4-01ec-4e84-80b5-cb325d670571,400,16,416
9dad7105-6dbb-4ce8-bfb4-39bd293bbd70,cd4b0a79-ccd3-4169-91ff-e56bddc8c450,2023-11-30 10:48:00,399dfec4-01ec-4e84-80b5-cb325d670571,1700,68,1768
4f6537e2-479e-4338-afd7-dbb43ccb4418,d3d911e6-991f-4a1c-9323-12711d554974,2023-11-30 17:18:00,399dfec4-01ec-4e84-80b5-cb325d670571,500,20,520
aed7cb73-55cf-4d4c-a0ee-4f41bdb56fce,ff9dbf4b-f83a-47df-8149-1d007473c13b,2023-11-30 07:35:00,399dfec4-01ec-4e84-80b5-cb325d670571,600,24,624
5a05a902-16ef-4639-8234-2258bd912747,2d1ced3b-1535-4ab1-bfa3-f91b08a62ce0,2023-11-30 13:08:00,399dfec4-01ec-4e84-80b5-cb325d670571,3700,148,3848
d203438b-7323-40e8-add1-97400e9a9b36,c49fc16b-3bf0-498a-b200-ab3b0a2d21fa,2023-11-30 08:07:00,399dfec4-01ec-4e84-80b5-cb325d670571,600,24,624
78d9406d-cfe9-481f-8571-20d3135ea8f3,49c08f3b-71bd-4a05-b692-45763689821a,2023-11-30 15:56:00,399dfec4-01ec-4e84-80b5-cb325d670571,600,24,624
ca84cc6c-21a0-4da8-b758-7dbb5ebab0c5,6c531190-7a87-48c2-9340-eb99ffe43618,2023-11-30 08:25:00,399dfec4-01ec-4e84-80b5-cb325d670571,700,28,728
64e48c9a-7b8f-4336-ae36-edf30cf53b1b,07601b5c-7ed9-4968-be5c-2cba1ac5e749,2023-11-30 11:17:00,399dfec4-01ec-4e84-80b5-cb325d670571,700,28,728
c9c77f79-de2f-47f7-8c2d-eeffe7778710,656d2889-01cd-40e9-9a0a-d7161f75bdbb,2023-11-30 07:47:00,399dfec4-01ec-4e84-80b5-cb325d670571,500,20,520
27d41efa-e818-47c2-995b-22662ff6da0f,d4b724c3-5b9f-4070-94f3-9a02569c6869,2023-11-30 13:54:00,399dfec4-01ec-4e84-80b5-cb325d670571,700,28,728
61df15e7-c907-4b02-ab5c-c051adbb77f2,5db741f4-0237-4a97-952f-4b4d8736d287,2023-11-30 13:03:00,399dfec4-01ec-4e84-80b5-cb325d670571,700,28,728
5eab8b36-f3a1-4aff-b8dd-d94d9083b855,5c754667-bd0b-413a-97ea-6d494170105d,2023-11-30 13:48:00,399dfec4-01ec-4e84-80b5-cb325d670571,2000,80,2080
d95b7990-95d2-4a29-b56e-f9b21ab9f881,dc638163-fb06-4d37-a613-8803a234a3b2,2023-11-30 12:53:00,399dfec4-01ec-4e84-80b5-cb325d670571,500,20,520
23b6629e-c8fe-4c23-b87c-6cb886bdba75,f1db0d0d-94a9-4a4c-856c-121f927fa835,2023-11-30 15:02:00,399dfec4-01ec-4e84-80b5-cb325d670571,1300,52,1352
cb984f7b-1905-4952-be80-27a220cde131,c39f246c-acfc-44c0-95ec-8dd224592299,2023-11-30 08:08:00,399dfec4-01ec-4e84-80b5-cb325d670571,400,16,416
9ee3d5e5-f40b-4d9f-b000-d1fd973fe792,074494a3-c96d-425a-ac76-574c3bf0682b,2023-11-30 08:10:00,399dfec4-01ec-4e84-80b5-cb325d670571,700,28,728
bff90f7f-8290-4419-95a0-121e652f5fd4,2a83ed6b-202e-41b1-b554-b20f8f7a0eb1,2023-11-30 19:06:00,399dfec4-01ec-4e84-80b5-cb325d670571,500,20,520
83c8edb9-36da-4804-9345-2793b62afc2b,930ba1e9-ab55-4962-8226-814b5cff5c6b,2023-11-30 14:51:00,399dfec4-01ec-4e84-80b5-cb325d670571,1600,64,1664
f87f37ab-f2e0-47e2-aef9-b9b9b961cc41,7a2aa575-93bb-4e07-b671-715ba4f6e845,2023-11-30 16:04:00,399dfec4-01ec-4e84-80b5-cb325d670571,400,16,416
4136e2b0-fde4-4d0c-98ef-47ee0597a2c9,18ced2bd-3551-425a-87e7-42722bffdd24,2023-11-30 10:57:00,399dfec4-01ec-4e84-80b5-cb325d670571,500,20,520
823aeb58-6951-4183-8654-2c59f14f7387,8262a4d4-998d-4133-8f19-2c4db179f4f0,2023-11-30 13:30:00,399dfec4-01ec-4e84-80b5-cb325d670571,1800,72,1872
a92245f5-3b59-4c39-895a-5753e40ff9c4,b3b324a4-15eb-41b7-9457-400de83b61ea,2023-11-30 14:05:00,399dfec4-01ec-4e84-80b5-cb325d670571,2000,80,2080
739dd2f1-f48f-4dfd-bfa4-dc91ab51a623,a5a7baae-427a-4692-aef7-16eb13b37793,2023-11-30 07:39:00,399dfec4-01ec-4e84-80b5-cb325d670571,700,28,728
9015a6c1-9656-4a6b-b850-ea483f19da0c,847aef98-7eed-484a-b834-f5777f38266f,2023-11-30 07:59:00,399dfec4-01ec-4e84-80b5-cb325d670571,500,20,520
37c5390e-6306-484c-a6fc-dc334fd66491,328478c8-5184-4102-8cc9-eb3e7b902389,2023-11-30 14:22:00,399dfec4-01ec-4e84-80b5-cb325d670571,600,24,624
c3e73735-2df2-4372-a45e-36de04a5c478,c5d9ad26-76b8-42f4-a362-e95a478d1e92,2023-11-30 16:57:00,399dfec4-01ec-4e84-80b5-cb325d670571,600,24,624
0e0a2433-f5b7-4834-8dff-9abc0a6ccef8,9dc4f4a2-e0c9-4e0c-b425-2b1d1c88d3a5,2023-11-30 14:51:00,399dfec4-01ec-4e84-80b5-cb325d670571,600,24,624
d1a67cc0-63cb-4437-be52-8b8bcba90beb,86f6bfbd-28b9-468f-80a0-7b3bd1a9db57,2023-11-30 07:53:00,399dfec4-01ec-4e84-80b5-cb325d670571,600,24,624
d2706672-ef6f-453e-9807-04b702a184b7,fbaac559-7731-4dfe-8b40-bdd6f8010f67,2023-11-30 07:29:00,399dfec4-01ec-4e84-80b5-cb325d670571,700,28,728
fb23cde3-c62d-429f-8c47-cb8b870ecfce,ce4f635a-840e-47e0-b57a-df0b63bbafa7,2023-11-30 12:41:00,399dfec4-01ec-4e84-80b5-cb325d670571,700,28,728
d2040867-04e0-4118-8e4c-837e10187b6f,a95ddb13-ef71-4cf0-a8a8-2ffaecaaf27b,2023-11-30 07:52:00,399dfec4-01ec-4e84-80b5-cb325d670571,400,16,416
f43b3619-78d5-4c39-9a1d-a3f9662fe73b,22f8b600-cae0-4a84-b021-08740f324c10,2023-11-30 11:30:00,399dfec4-01ec-4e84-80b5-cb325d670571,1300,52,1352
6ec5d2ee-881a-4441-a2ac-c1508d4352e8,d9b86aa0-4730-466f-8322-2807ea1d50aa,2023-11-30 12:24:00,399dfec4-01ec-4e84-80b5-cb325d670571,600,24,624
1a82b53c-fc0e-4c29-a226-15edf777631f,277f188c-086a-4f0d-8ade-c147f84d09ac,2023-11-30 12:51:00,399dfec4-01ec-4e84-80b5-cb325d670571,2700,108,2808
8021a079-30e1-4fdd-a5ed-788665a7f0df,13470635-526f-48e9-9715-e528e1e8dbde,2023-11-30 16:05:00,399dfec4-01ec-4e84-80b5-cb325d670571,600,24,624
7c96ef94-5bf9-45bb-a257-73c507e4e645,38a14cdb-c8f2-4746-a5f7-c8c5cc8c3c95,2023-11-30 15:16:00,399dfec4-01ec-4e84-80b5-cb325d670571,600,24,624
ac0c23d2-652b-4894-bad3-5ae336fa9b5c,e5194824-f51d-4687-9f60-72df2e41a7a5,2023-11-30 15:31:00,399dfec4-01ec-4e84-80b5-cb325d670571,600,24,624
6bb4bd9a-9b31-4d40-8ce8-cc57a3f53f0d,63b5948f-6961-4db8-b621-892196f7a96e,2023-11-30 07:03:00,399dfec4-01ec-4e84-80b5-cb325d670571,500,20,520
04416091-b622-4840-8654-9878a73132e6,6d12e477-f54e-429f-9e88-c7f7562792a9,2023-11-30 14:37:00,399dfec4-01ec-4e84-80b5-cb325d670571,1600,64,1664
60627638-3371-40cd-aa78-f417253edf03,73bf3e3c-44ec-45c9-b2cb-670618e256c2,2023-11-30 16:22:00,399dfec4-01ec-4e84-80b5-cb325d670571,700,28,728
d8fa02d3-dfc6-4d2f-9a52-fb2bf581aa6f,7aec9cdf-282b-43d6-b76a-136094088273,2023-11-30 16:06:00,399dfec4-01ec-4e84-80b5-cb325d670571,600,24,624
f2f5ba72-623c-426f-9748-6df62faf712e,992b8e45-f532-4d7e-9b77-bd94fd451c79,2023-11-30 08:38:00,399dfec4-01ec-4e84-80b5-cb325d670571,700,28,728
46dc073b-5e17-4a8c-bff4-dba562e96f77,2fcb4006-ca51-44cd-9d87-aa34d745ee90,2023-11-30 08:17:00,399dfec4-01ec-4e84-80b5-cb325d670571,600,24,624
98bd2282-a0ef-481e-af16-551f76f75cac,3a95336d-35a9-4b6a-81ac-84714ffa0ea4,2023-11-30 08:24:00,399dfec4-01ec-4e84-80b5-cb325d670571,400,16,416
95d59848-bf66-41db-a5b2-0b4d9ec115f4,3dee0d2d-f11e-4e71-8336-86cb6a9445ad,2023-11-30 08:03:00,399dfec4-01ec-4e84-80b5-cb325d670571,700,28,728
c659bcfa-2acc-4652-8a88-f0921c937581,5c6b3c85-be4e-405a-a4a0-6179a7381d2a,2023-11-30 14:17:00,399dfec4-01ec-4e84-80b5-cb325d670571,1900,76,1976
6843dd71-4c40-4d2c-aef0-850c836a63df,9ca91be3-bfcc-4623-9ef5-a4023693a589,2023-11-30 08:44:00,399dfec4-01ec-4e84-80b5-cb325d670571,500,20,520
e63aacbc-26d3-465b-a3a0-3b56ec579e21,e4f2d67a-5c47-4845-a945-4e923836a9bf,2023-11-30 16:34:00,399dfec4-01ec-4e84-80b5-cb325d670571,2000,80,2080
8f248281-de41-43f5-b612-bf9901775c7b,bbac9b57-854a-4f52-aec0-51184f9190c4,2023-11-30 07:50:00,399dfec4-01ec-4e84-80b5-cb325d670571,600,24,624
d7d279db-99c5-4f20-98c9-3adee2bcc8db,c334810a-f8b3-4f0b-b7f5-feab68f07ae0,2023-11-30 09:02:00,399dfec4-01ec-4e84-80b5-cb325d670571,600,24,624
1fc5a5d5-e243-4bd1-b799-b0ac87e9a73c,3d82151b-b0d4-4890-bb63-8f573d494f9d,2023-11-30 07:55:00,399dfec4-01ec-4e84-80b5-cb325d670571,700,28,728
efda7be8-303c-455a-9d1e-5adeb567111b,2445d187-36c8-440f-a8db-1db27e08268e,2023-11-30 15:24:00,399dfec4-01ec-4e84-80b5-cb325d670571,1600,64,1664
761cd1a6-99a6-4446-a785-975eacc7aea4,899bbf23-4208-4aa2-9723-3f7559dfb891,2023-11-30 17:38:00,399dfec4-01ec-4e84-80b5-cb325d670571,600,24,624
734ac068-eb96-4f5e-ae44-936e0f73a614,c42ba7cd-a313-4776-a56d-8bc908c6b0fe,2023-11-30 15:32:00,399dfec4-01ec-4e84-80b5-cb325d670571,600,24,624
162b4ce6-fb41-4ffb-9ed0-6e4bfcd76895,88d4b95f-8525-47ab-b76f-1a86bdcc7b2b,2023-11-30 08:18:00,399dfec4-01ec-4e84-80b5-cb325d670571,500,20,520
2d9322bc-5eb8-4a0b-8189-e59233b27b21,bddd0699-14be-4bed-8a03-c3be1c8b86f4,2023-11-30 08:00:00,399dfec4-01ec-4e84-80b5-cb325d670571,400,16,416
b3c8e729-8f23-4e8e-8f75-1461858758f2,ef550118-4d33-4419-9a7f-121c8400e9c6,2023-11-30 14:10:00,399dfec4-01ec-4e84-80b5-cb325d670571,600,24,624
4a4040dc-90c2-4d76-9890-8f107cfc5951,84cdb717-25d5-481f-b814-35cf768ecddb,2023-11-30 07:29:00,399dfec4-01ec-4e84-80b5-cb325d670571,400,16,416
2498dfe3-41be-4a01-9b09-fd38e6c81c8a,572579ab-5e23-43fd-a1af-8753798c8659,2023-11-30 07:26:00,399dfec4-01ec-4e84-80b5-cb325d670571,500,20,520
6d634075-6af6-4864-aadf-d64b57739009,662a13a8-1309-48d5-bf4c-6d48b05418fe,2023-11-30 07:33:00,399dfec4-01ec-4e84-80b5-cb325d670571,1400,56,1456
55045d9a-db1a-46a1-9a88-1a60c46dc03f,e55d222b-7102-42c7-bd28-c147a15b12c5,2023-11-30 08:35:00,399dfec4-01ec-4e84-80b5-cb325d670571,600,24,624
68b3602d-b310-4e69-9e10-9e3a787bf939,11dfb8fb-c6ad-44e6-b50b-f390d132d5b1,2023-11-30 13:19:00,399dfec4-01ec-4e84-80b5-cb325d670571,700,28,728
6d66f1ce-9bb0-4659-b8b4-4d2ba2cc1416,48894cb2-296d-4112-88cb-99945e94b978,2023-11-30 08:13:00,399dfec4-01ec-4e84-80b5-cb325d670571,700,28,728
485471d8-a781-4a20-86c3-a981769754a1,d9f59eed-a691-4ea7-9102-c38914bc0a5b,2023-11-30 10:31:00,399dfec4-01ec-4e84-80b5-cb325d670571,1100,44,1144
750706a1-0eab-427e-a8b9-632b3bb99379,bc624e4d-32f3-4180-ac3a-86652cd1d6a8,2023-11-30 17:10:00,399dfec4-01ec-4e84-80b5-cb325d670571,600,24,624
8d3f7d48-e463-43a3-a6c4-e7443ae14bee,90dc9d88-5875-4bf3-b871-820449a026b2,2023-11-30 11:41:00,399dfec4-01ec-4e84-80b5-cb325d670571,600,24,624
54262e08-7d05-417b-83a7-63b91712eaec,b295a4a4-a6b1-4fb7-847e-0b135ed1c18e,2023-11-30 08:34:00,399dfec4-01ec-4e84-80b5-cb325d670571,700,28,728
5b5dd654-e557-4453-884f-8570773da254,6ae00ce0-276c-40e1-b26d-ee7c41d7a287,2023-11-30 07:32:00,399dfec4-01ec-4e84-80b5-cb325d670571,400,16,416
208cb4ad-e3c1-4080-91f8-bb6c29ad977f,ae73571f-72c6-4767-a468-b4982ef05d1c,2023-11-30 15:47:00,399dfec4-01ec-4e84-80b5-cb325d670571,600,24,624
44d42ec6-a02b-4f2b-b90a-8cdaefde92bc,1641c1fe-b81c-4d56-9441-7a23d922196f,2023-11-30 08:55:00,399dfec4-01ec-4e84-80b5-cb325d670571,600,24,624
d697f8d1-1b11-4fe1-9204-ca90838fb809,a5dd7747-0bdc-407b-a80d-f266a9dcfdbe,2023-11-30 18:26:00,399dfec4-01ec-4e84-80b5-cb325d670571,2100,84,2184
02c6e9e3-40d1-4273-a7df-566127f01307,33bc9426-832e-483d-a623-5760bf8fdf42,2023-11-30 08:28:00,399dfec4-01ec-4e84-80b5-cb325d670571,500,20,520
8c76655c-8550-49d3-b9b6-0f6b64cdaec8,ce1fddc8-7087-4b9e-82c8-bc09e6384345,2023-11-30 15:21:00,399dfec4-01ec-4e84-80b5-cb325d670571,700,28,728
0e0132fe-24d0-4380-b160-aa71ec4a3f9b,fb199cad-e920-4319-b1de-7da53844f1ed,2023-11-30 08:31:00,399dfec4-01ec-4e84-80b5-cb325d670571,400,16,416
d654a09f-8c01-434c-8d3d-75be0ae1df06,cacf77ba-7e15-45a0-a3f4-87fdccd569c4,2023-11-30 07:38:00,399dfec4-01ec-4e84-80b5-cb325d670571,700,28,728
5174452b-b05d-41c7-8c7a-8e8b21acf5a0,5a29452c-9230-4b56-9b2a-a1d20ab74781,2023-11-30 07:35:00,399dfec4-01ec-4e84-80b5-cb325d670571,600,24,624
a62e6dda-5d34-4f4b-b7bf-23c8a2530f29,1142280f-5f9e-4229-97e2-9e6460d24acb,2023-11-30 14:18:00,399dfec4-01ec-4e84-80b5-cb325d670571,2300,92,2392
84ea0901-44b1-4c2a-bc58-7cc13b54249f,5c37d040-f5cd-46cf-8acc-43c886d34ad0,2023-11-30 07:35:00,399dfec4-01ec-4e84-80b5-cb325d670571,600,24,624
baaf7a0b-c3f0-43f5-8f68-e40175a7f6cb,7704c14b-191e-436e-814f-08b0fb28dcfc,2023-11-30 11:43:00,399dfec4-01ec-4e84-80b5-cb325d670571,600,24,624
bdc1497e-f562-4bb4-8271-4f4c8d5d1059,f4a9a1e0-026f-48df-a4d9-b2bb26fe93a0,2023-11-30 08:49:00,399dfec4-01ec-4e84-80b5-cb325d670571,600,24,624
0fd4b3b6-2612-4637-b9f0-cb388f9be5c1,01c86347-415c-4252-814c-a612527d8843,2023-11-30 08:14:00,399dfec4-01ec-4e84-80b5-cb325d670571,500,20,520
55f7744b-6c52-4d7c-b51d-625c0f12c7ef,e82b5b62-7070-47bc-a992-278728911d81,2023-11-30 09:05:00,399dfec4-01ec-4e84-80b5-cb325d670571,500,20,520
b6fe0e61-39dc-4fa1-90c9-337d1e0aa085,9cdb2202-788c-4b47-b58d-609db081bb60,2023-11-30 08:14:00,399dfec4-01ec-4e84-80b5-cb325d670571,600,24,624
b2130b71-7590-4dbf-862b-6014a263ba9e,2c15654f-379c-4848-a3e0-4562a56c4da7,2023-11-30 08:42:00,399dfec4-01ec-4e84-80b5-cb325d670571,500,20,520
124a5991-412f-4729-b4ed-d5049a5487ac,bcc834b4-d5a5-4283-ba01-2fbe27533479,2023-11-30 07:50:00,399dfec4-01ec-4e84-80b5-cb325d670571,600,24,624
61967d20-501b-4159-85f8-3ff873702da4,dff2f0df-07b7-4c09-8812-8c4a7f83cd94,2023-11-30 07:13:00,399dfec4-01ec-4e84-80b5-cb325d670571,700,28,728
5acbfa2d-f1bd-4a46-b45d-6d07743354dd,b0c002ee-eddd-4615-a3fc-b0700f7eafc2,2023-11-30 07:46:00,399dfec4-01ec-4e84-80b5-cb325d670571,600,24,624
2a08bf2e-b349-41b5-a73e-d7b890b7e430,08268747-4708-4ba5-b67f-4a53449663ce,2023-11-30 19:28:00,399dfec4-01ec-4e84-80b5-cb325d670571,600,24,624
161ecc79-78bc-4acf-be1d-512aabc37d3d,798267d5-be32-437a-8020-542e0498810a,2023-11-30 09:25:00,399dfec4-01ec-4e84-80b5-cb325d670571,400,16,416
9e0fd846-b41f-4049-b724-3fdff5d77d96,14205dcb-8a2d-42ca-9b45-ee05ebb00763,2023-11-30 17:11:00,399dfec4-01ec-4e84-80b5-cb325d670571,1800,72,1872
c4825a7c-22b1-42f6-84be-c63c6afd0c75,49ccd473-0d76-45da-8360-02143cb40354,2023-11-30 07:56:00,399dfec4-01ec-4e84-80b5-cb325d670571,500,20,520
78ca3aba-536d-482d-8e13-e1359cf9b3fe,6c1f593e-fa25-4522-92a1-002b2f6a6bc7,2023-11-30 11:32:00,399dfec4-01ec-4e84-80b5-cb325d670571,1100,44,1144
a4a1b6c0-69a1-432f-a14a-6a9c29139986,00530b16-28e8-4e45-82e0-ffe495b7ff89,2023-11-30 17:00:00,399dfec4-01ec-4e84-80b5-cb325d670571,400,16,416
fb44527c-9495-461c-808c-988866380409,da90d8e9-37d5-4f64-9642-bc11f542e117,2023-11-30 08:15:00,399dfec4-01ec-4e84-80b5-cb325d670571,600,24,624
6ad7bdc8-dd9e-4411-81f0-78566ec2956d,79f701f0-7977-4b5f-b1cf-f1cdd2d8b96b,2023-11-30 09:01:00,399dfec4-01ec-4e84-80b5-cb325d670571,900,36,936
70cb81bc-5896-4fe0-b0b3-634eb4e3a3d4,0189068c-f3d3-4672-b98b-047d057a0fd5,2023-11-30 08:22:00,399dfec4-01ec-4e84-80b5-cb325d670571,700,28,728
6a257b85-0f8c-46c8-b8f7-4ff5c72978a3,1bc1c9dc-b8d3-4560-97b7-febe15ab0506,2023-11-30 08:08:00,399dfec4-01ec-4e84-80b5-cb325d670571,400,16,416
0185dd25-3d81-44a4-9dd3-58cc9859cd7d,cdee10f4-113a-4b48-8b82-67de974706f1,2023-11-30 18:21:00,399dfec4-01ec-4e84-80b5-cb325d670571,500,20,520
4491b0f9-f091-4e45-a7a0-8e0a79e3148f,7a03ca1d-d911-4037-9f11-75d63cfad5e4,2023-11-30 07:53:00,399dfec4-01ec-4e84-80b5-cb325d670571,700,28,728
0d38d850-c6cf-4f8d-bc7a-5d537a7a6619,21b3fd59-4b01-4c9d-844b-6790ed39fddc,2023-11-30 08:42:00,2c7c0b40-21e5-4026-b405-3281a1c094fa,600,37,637
f8d8bb68-4ea6-4542-8475-4aa382f13d92,a5f76c9d-f7ed-457b-b3b3-eb0c3e4af0e7,2023-11-30 11:03:00,2c7c0b40-21e5-4026-b405-3281a1c094fa,600,37,637
284105b8-cdbe-4ace-bd1c-fff30132c2e6,b4742677-d25f-4cf6-af19-7c4a2d5751fd,2023-11-30 08:08:00,2c7c0b40-21e5-4026-b405-3281a1c094fa,600,37,637
88b3180e-8a59-4a53-9bbe-3721bb73392c,fcef0a47-bbe9-4080-9a24-e276ddb4e0e7,2023-11-30 07:17:00,2c7c0b40-21e5-4026-b405-3281a1c094fa,400,25,425
bcfa8619-897a-46cf-b8c7-6d32ed950166,ed27966a-5ae2-4a05-8772-1cf818c9f87f,2023-11-30 12:29:00,2c7c0b40-21e5-4026-b405-3281a1c094fa,2500,156,2656
b04d98d2-ec32-4c81-b876-e7a351f2072c,f099b990-a8b3-492f-8974-61e3112a060e,2023-11-30 14:15:00,2c7c0b40-21e5-4026-b405-3281a1c094fa,600,37,637
cf0cb9f0-0f9a-401f-83f6-24e76b663de9,92c1b8ac-0f8c-4e0d-bf8a-acd3c5a54f25,2023-11-30 14:12:00,2c7c0b40-21e5-4026-b405-3281a1c094fa,1200,75,1275
749dd25a-9243-4547-8491-e4b8f5197d36,b8bb90a8-dfd1-476e-95b8-c329a425e221,2023-11-30 19:41:00,2c7c0b40-21e5-4026-b405-3281a1c094fa,2600,162,2762
f1dd6029-5831-4f47-9a6a-068b472d010c,5672d8ec-d299-4823-941e-e84d29a5aca6,2023-11-30 08:01:00,2c7c0b40-21e5-4026-b405-3281a1c094fa,700,43,743
127dfa0a-143c-4f04-8e4c-e556ce453f1d,31d8ef80-b405-4d99-9a0b-e566200ab033,2023-11-30 08:15:00,2c7c0b40-21e5-4026-b405-3281a1c094fa,700,43,743
277f25ec-4b07-4c72-b4d7-4a177f3a41c7,cfc196da-1613-48e5-b649-e57a6a927c10,2023-11-30 08:32:00,2c7c0b40-21e5-4026-b405-3281a1c094fa,600,37,637
3488fe5f-9a3e-4e85-8c37-6f01a6d364bc,0ece81c9-6e7a-4306-891f-29eb0945e326,2023-11-30 11:55:00,2c7c0b40-21e5-4026-b405-3281a1c094fa,1800,112,1912
d26a8c0d-1218-47d2-8e77-2abbddb1f277,f19d8935-9c7f-478c-8a8c-d23218d6fc8b,2023-11-30 17:30:00,2c7c0b40-21e5-4026-b405-3281a1c094fa,1800,112,1912
fd18fc30-985d-4693-af42-c1641cd36909,a26c5d51-ee15-486d-b326-9703275ab2ab,2023-11-30 08:25:00,2c7c0b40-21e5-4026-b405-3281a1c094fa,500,31,531
c543a02a-9c93-4bf8-9a84-f7dd7517a805,a5eaa660-fbee-49f6-87da-6df064c916d0,2023-11-30 16:45:00,2c7c0b40-21e5-4026-b405-3281a1c094fa,400,25,425
71363c8e-c0ee-4bdf-b88d-bd9a8dcfd27f,bed501e6-d9e1-40f4-9e7f-d1073803ba16,2023-11-30 10:39:00,2c7c0b40-21e5-4026-b405-3281a1c094fa,400,25,425
220527af-8ed9-4816-ba66-625ededf69d9,f5b90b38-b61b-42af-a8f4-4815317a3571,2023-11-30 11:49:00,2c7c0b40-21e5-4026-b405-3281a1c094fa,1800,112,1912
e273f264-a03b-4413-b843-d07b209efb85,1d8b9d13-c62c-4446-977d-412869e6c4b6,2023-11-30 07:56:00,2c7c0b40-21e5-4026-b405-3281a1c094fa,600,37,637
21ef96ce-e3f8-4d92-b3e8-4c80d47a5735,a0e48668-90fd-471e-979c-455e5d4e532c,2023-11-30 15:57:00,2c7c0b40-21e5-4026-b405-3281a1c094fa,500,31,531
b04b4671-2558-45e3-822d-ef798cd3fc4d,b239e930-6de8-4346-87b0-1981dc56bb9f,2023-11-30 08:04:00,2c7c0b40-21e5-4026-b405-3281a1c094fa,600,37,637
fec6a7a2-51a9-4aa2-b22d-a3981d1fa0bd,94e8bb75-d618-4999-8bea-b7fc6888523f,2023-11-30 13:58:00,2c7c0b40-21e5-4026-b405-3281a1c094fa,1700,106,1806
e4e64559-ba8f-4884-84fa-9e257e5b023f,ca73909a-648b-4522-a10d-c4c3c9bfaba1,2023-11-30 07:49:00,2c7c0b40-21e5-4026-b405-3281a1c094fa,700,43,743
cbb51691-a1d6-4631-b5ed-337d64572994,70ed100e-695a-40c3-847f-07a87a984c6c,2023-11-30 17:18:00,2c7c0b40-21e5-4026-b405-3281a1c094fa,1300,81,1381
cdaa407d-4625-4092-933a-fcf44266e6bf,e4515ece-d1b9-4ec7-9b74-b22decc6d435,2023-11-30 11:36:00,2c7c0b40-21e5-4026-b405-3281a1c094fa,1800,112,1912
4e38f381-1b8d-4e45-949d-dbab13c310f2,0da8bfd8-a8e8-4bc3-85ae-f527018c2e8b,2023-11-30 07:39:00,2c7c0b40-21e5-4026-b405-3281a1c094fa,700,43,743
bd3035ce-b902-4d64-b937-ca741ecf8991,92f85679-d678-4b1f-9343-b97924ced844,2023-11-30 08:16:00,2c7c0b40-21e5-4026-b405-3281a1c094fa,700,43,743
8aa4ec71-e9db-45ad-9762-90e8c83c9b44,1d9773b9-b306-416f-9338-2b1d4cd51e0b,2023-11-30 16:29:00,2c7c0b40-21e5-4026-b405-3281a1c094fa,600,37,637
2a4f7697-a938-4f64-8b05-9d7bdc6a1462,78748d05-917c-446b-8b2f-1bb8275f3983,2023-11-30 18:44:00,2c7c0b40-21e5-4026-b405-3281a1c094fa,600,37,637
d235fef4-3b53-4036-ba30-7057d5e2677d,e61583e8-f052-430d-90fd-68085acfc960,2023-11-30 07:19:00,2c7c0b40-21e5-4026-b405-3281a1c094fa,500,31,531
9de2a39d-53fe-40e2-b678-60ae6c0b8545,9559b3f5-0745-4104-aeff-b4f1f8886bd7,2023-11-30 11:52:00,2c7c0b40-21e5-4026-b405-3281a1c094fa,2400,150,2550
f7262801-0891-4438-be9a-eeafe81020de,de885f45-3a20-4c29-a25b-662ee4bd48ea,2023-11-30 13:26:00,2c7c0b40-21e5-4026-b405-3281a1c094fa,1900,118,2018
16810e64-c2f6-43e7-a85a-76e1a99330a1,5b2dc95e-efec-46b9-aa80-1ca5c85a4269,2023-11-30 09:01:00,2c7c0b40-21e5-4026-b405-3281a1c094fa,600,37,637
5182b428-67e5-4e8e-b037-20b1c446fec0,842bb7f3-6050-4516-a4c0-191bec3c1ba7,2023-11-30 11:03:00,2c7c0b40-21e5-4026-b405-3281a1c094fa,2600,162,2762
83c3d302-497d-4ca2-b403-c94bdfd8017e,df6fe074-e03b-4605-bc26-5510896e9d5c,2023-11-30 18:41:00,2c7c0b40-21e5-4026-b405-3281a1c094fa,1900,118,2018
1aeaaee2-f63b-4507-8c52-77eca3a39f42,e52aaea4-1556-4821-8cd6-a24a8217815f,2023-11-30 08:24:00,2c7c0b40-21e5-4026-b405-3281a1c094fa,400,25,425
4a5ebcd0-43e9-48f6-92da-b622fbdace9a,ab4df321-67bc-425a-8aee-7e81929639d1,2023-11-30 08:43:00,2c7c0b40-21e5-4026-b405-3281a1c094fa,600,37,637
d87f7539-e8b6-4e10-b1b7-d373e57a6d63,4bf036f8-cdd5-4fd4-bb15-96f6fdfb6472,2023-11-30 08:14:00,2c7c0b40-21e5-4026-b405-3281a1c094fa,500,31,531
b65b8f78-fd16-45a1-b551-0683ccd4d129,be9a5cd7-728a-4593-b5b5-b13c1f98920d,2023-11-30 08:23:00,2c7c0b40-21e5-4026-b405-3281a1c094fa,400,25,425
f52c3f5b-7bd4-46f7-924d-1676b1bfb08e,17813273-d6cb-446d-a0cc-5df31fb0263f,2023-11-30 18:46:00,2c7c0b40-21e5-4026-b405-3281a1c094fa,600,37,637
e9cd84aa-be3e-4f25-93f6-3cbc0186d551,24796668-1d6a-493c-a0dd-1bafc84036be,2023-11-30 08:11:00,2c7c0b40-21e5-4026-b405-3281a1c094fa,700,43,743
6148de5d-d473-45ed-9413-cb9bba200380,50472b1b-3caf-49fd-a0f0-3f28b45262fd,2023-11-30 13:19:00,2c7c0b40-21e5-4026-b405-3281a1c094fa,3700,231,3931
8fbb6097-4868-476a-b99f-e811fea955e9,5a88b3e4-1ba1-4430-8899-483fd984e89d,2023-11-30 07:56:00,2c7c0b40-21e5-4026-b405-3281a1c094fa,600,37,637
ba3416e4-2dbf-4a97-9678-f0a7ff5543a6,b5e90877-2a83-4959-9512-8328d9403492,2023-11-30 16:55:00,2c7c0b40-21e5-4026-b405-3281a1c094fa,600,37,637
e0c1ba01-405a-4dda-93bc-40c7901e2456,9739993f-f502-493c-a220-bfc05e1635a7,2023-11-30 16:45:00,2c7c0b40-21e5-4026-b405-3281a1c094fa,1800,112,1912
c756da59-c5ba-4e1c-ba47-a1dadc75320d,10e46bfd-d0f5-4e00-b866-118e3d12fb34,2023-11-30 10:38:00,2c7c0b40-21e5-4026-b405-3281a1c094fa,500,31,531
040658c6-c611-4ba1-b53d-ac162786e478,de14b04b-3662-48cd-8bf6-16eae90fbc67,2023-11-30 11:18:00,2c7c0b40-21e5-4026-b405-3281a1c094fa,700,43,743
70404d43-95a5-4438-9894-9561ae35d895,0de2aeba-fbe0-42cc-a250-f49f11ccb1b7,2023-11-30 12:17:00,2c7c0b40-21e5-4026-b405-3281a1c094fa,600,37,637
4d675fff-6f80-407a-9918-2f8188f22bb0,8c433684-7a25-467e-afb1-be6cb25cb156,2023-11-30 14:40:00,2c7c0b40-21e5-4026-b405-3281a1c094fa,400,25,425
762785e3-d589-44f3-a984-55d618170347,c21472e1-f6ab-489f-9f36-de3ff9aea42c,2023-11-30 09:43:00,2c7c0b40-21e5-4026-b405-3281a1c094fa,2200,137,2337
e373207d-22d8-4c40-ab6f-f5f5c35401db,cc8b427a-fcd6-4d92-8601-2a3c7d54e171,2023-11-30 12:40:00,2c7c0b40-21e5-4026-b405-3281a1c094fa,700,43,743
ce3f5128-bf1d-4168-a4aa-acbef2c07be3,89d86da7-67e0-4324-965d-77ebd26b7396,2023-11-30 08:18:00,2c7c0b40-21e5-4026-b405-3281a1c094fa,500,31,531
b47f6f24-21d2-4a32-821c-99216c73cf9b,c4cffa02-aa09-4ae6-a4dc-bb7e26c3b440,2023-11-30 07:22:00,2c7c0b40-21e5-4026-b405-3281a1c094fa,400,25,425
3bec9a2b-89a6-4125-81eb-732ff47e14a8,5c298d25-bd60-448d-a828-a1d1c08d3bf4,2023-11-30 08:18:00,2c7c0b40-21e5-4026-b405-3281a1c094fa,600,37,637
108e2e0d-89f6-433d-923c-7c3d3c3a4dec,f231f357-ff6c-4960-938f-a5596a13fb07,2023-11-30 12:15:00,2c7c0b40-21e5-4026-b405-3281a1c094fa,1700,106,1806
a4edf38d-0380-4cd9-a69c-4957992e8bd4,0c395bc0-5637-4465-8c77-9232349cf3ee,2023-11-30 15:54:00,2c7c0b40-21e5-4026-b405-3281a1c094fa,1000,62,1062
22b6002f-5c79-49da-a6bd-b80a672ffcea,27b9ce38-866c-40e4-8d9a-ddf217e9f16d,2023-11-30 16:58:00,2c7c0b40-21e5-4026-b405-3281a1c094fa,1300,81,1381
8f91dea0-8f57-4e66-aa06-0f42612b2950,b612256d-3418-40c1-97fc-fbbf395ac791,2023-11-30 13:47:00,2c7c0b40-21e5-4026-b405-3281a1c094fa,400,25,425
4d425fae-c5c0-43d4-9f63-aac81263b74c,3c426c6a-4b67-4d8e-a89a-57a563164dee,2023-11-30 08:17:00,2c7c0b40-21e5-4026-b405-3281a1c094fa,600,37,637
74b6aa51-52cf-4c79-a0fd-9cb87f707ff7,627e216c-0671-47dd-902c-9fb076543b9e,2023-11-30 08:40:00,2c7c0b40-21e5-4026-b405-3281a1c094fa,600,37,637
aff843c4-055c-49b3-92c4-8c277767437a,1409cd42-7e74-4fa2-9ff3-b4d9d56ac42c,2023-11-30 07:45:00,2c7c0b40-21e5-4026-b405-3281a1c094fa,400,25,425
94053e22-f97e-4829-adf3-d1f3d394217f,f878e8ca-ab74-463a-8f66-556e0b5213c2,2023-11-30 13:48:00,2c7c0b40-21e5-4026-b405-3281a1c094fa,0,0,0
3e47eb6f-f4ae-4a9f-927d-f330ad401941,b95ae917-38af-44ef-98a5-9bdf844ac239,2023-11-30 13:23:00,2c7c0b40-21e5-4026-b405-3281a1c094fa,600,37,637
813e2492-6d88-4321-8c8e-208e66bc0784,1ccc49eb-7f71-45cc-81df-ac385f685028,2023-11-30 07:43:00,2c7c0b40-21e5-4026-b405-3281a1c094fa,700,43,743
bb879846-4ba8-40c3-93da-e9aa30abd05f,e9914ccf-1cab-4fc8-9269-8c1a8f85eb5a,2023-11-30 08:14:00,2c7c0b40-21e5-4026-b405-3281a1c094fa,600,37,637
47f5f8b8-7163-44ec-9b42-d532fd1609b7,7e8d4795-8d8a-4188-acba-390847a8c1ae,2023-11-30 17:20:00,2c7c0b40-21e5-4026-b405-3281a1c094fa,1800,112,1912
630d8d76-7c68-4009-9182-17b590f1fc0e,2b24b563-07cf-43f5-bf88-efa0cabe0601,2023-11-30 08:13:00,2c7c0b40-21e5-4026-b405-3281a1c094fa,400,25,425
685b72a7-f50e-41d6-b263-0642b620da83,7a976727-d6b6-45e6-a9ec-9f9bee01295b,2023-11-30 17:56:00,2c7c0b40-21e5-4026-b405-3281a1c094fa,400,25,425
a383fe3f-a30c-4036-a4dc-9f0ffb76e054,16e3010f-92c8-4716-945d-76a4cbabf52a,2023-11-30 09:45:00,2c7c0b40-21e5-4026-b405-3281a1c094fa,600,37,637
7fe5d31b-924a-444b-a21d-1be85daf9b42,1fbcd07d-85bc-4c6a-b8de-d3b6edb361dc,2023-11-30 15:32:00,2c7c0b40-21e5-4026-b405-3281a1c094fa,700,43,743
1cf8bd66-8fbb-4cfb-b123-658f4460ef2f,9d60be57-1b54-4e56-8191-7fc35fef020c,2023-11-30 09:07:00,2c7c0b40-21e5-4026-b405-3281a1c094fa,2100,131,2231
ff5f6f97-0025-4857-a999-0641d9895c25,cc27fffc-130e-4544-9950-5954536d72d1,2023-11-30 11:45:00,2c7c0b40-21e5-4026-b405-3281a1c094fa,700,43,743
4e882893-67a9-4029-a812-06f899766889,a898b31f-c8bd-4f5e-b261-ebe31e5158bc,2023-11-30 13:59:00,2c7c0b40-21e5-4026-b405-3281a1c094fa,600,37,637
b4c771fb-efab-4361-a561-4117d9b7eae3,5e7c7c18-a637-4a6e-bb24-87a77f90ddf1,2023-11-30 09:23:00,2c7c0b40-21e5-4026-b405-3281a1c094fa,400,25,425
26f0c50c-a062-4322-8937-401e5011ffc1,2e97063b-f63f-4550-949b-5fb891a5f70d,2023-11-30 13:14:00,2c7c0b40-21e5-4026-b405-3281a1c094fa,600,37,637
70ea5b7c-4d4b-4f84-ba53-8d211c7823a6,d27d7182-0397-4734-b076-2f556218e9f1,2023-11-30 13:59:00,2c7c0b40-21e5-4026-b405-3281a1c094fa,1500,93,1593
f19e222d-9f39-4b24-8a12-866fdbd7e66e,3a580c58-a316-47fb-b0c9-1d95666d47d7,2023-11-30 08:33:00,2c7c0b40-21e5-4026-b405-3281a1c094fa,700,43,743
1285b0cd-c607-4bb2-9ac9-7bdf413e0979,fe9d2747-393a-4e72-8e43-6d997f2418d6,2023-11-30 08:24:00,2c7c0b40-21e5-4026-b405-3281a1c094fa,600,37,637
1cd58e9a-019e-4db9-9bad-4768e5044cba,27385e8e-11c9-453d-a177-3a8890bab09a,2023-11-30 12:56:00,2c7c0b40-21e5-4026-b405-3281a1c094fa,600,37,637
214f870b-bc03-4173-8f03-7b9c9af8b0c9,27d2e3d3-99cb-4478-950f-9cbf9f2cc532,2023-11-30 08:15:00,2c7c0b40-21e5-4026-b405-3281a1c094fa,700,43,743
3e14e597-1797-41c6-8659-0e09d1a6e7e0,317af3b3-84ba-4923-9e51-e7933277830f,2023-11-30 14:11:00,2c7c0b40-21e5-4026-b405-3281a1c094fa,600,37,637
50193bbc-72db-4f14-9e06-e219aa4612a7,74081b13-72f9-4b54-8152-940c5aa59b4a,2023-11-30 18:36:00,2c7c0b40-21e5-4026-b405-3281a1c094fa,600,37,637
9eaad98f-21f2-4aba-b9e8-5c5d75be55fd,9209c56e-0f5f-493e-a7ad-a5c3f0889aac,2023-11-30 11:27:00,2c7c0b40-21e5-4026-b405-3281a1c094fa,500,31,531
7c78ec6c-8fcb-482c-a1c9-784baf4097c7,09916698-df9d-4be7-a8f4-f7748cbab9a5,2023-11-30 09:33:00,2c7c0b40-21e5-4026-b405-3281a1c094fa,2400,150,2550
88ed522a-7a93-4c45-abb5-aaa121292d68,376ebf34-5cd8-4b7a-8537-66e16f53ed5f,2023-11-30 16:25:00,2c7c0b40-21e5-4026-b405-3281a1c094fa,600,37,637
a7b708b1-3b07-4e2f-80ab-26b46e95c7ee,62a52493-e5ec-476f-9bec-c8f82abd3323,2023-11-30 07:19:00,2c7c0b40-21e5-4026-b405-3281a1c094fa,700,43,743
524f3f44-09b0-4c9f-a84c-470eb96a9250,6e8abc01-d4ee-4a72-8f08-35b45bf67965,2023-11-30 16:03:00,2c7c0b40-21e5-4026-b405-3281a1c094fa,2100,131,2231
447ea50a-2bb6-4983-b54f-9b54c0639d3e,d6051f3b-7116-4f92-bb67-34699dc3ce20,2023-11-30 10:33:00,2c7c0b40-21e5-4026-b405-3281a1c094fa,500,31,531
4202c548-3407-40ed-8832-b55302e080c4,aad9060e-f28a-4122-9e78-f451247bce13,2023-11-30 12:50:00,2c7c0b40-21e5-4026-b405-3281a1c094fa,2900,181,3081
9fa4cc78-4382-4deb-94c7-c23f096f8f62,a87e672a-f008-4b22-bb8a-df6f8dec5d3c,2023-11-30 16:52:00,2c7c0b40-21e5-4026-b405-3281a1c094fa,1200,75,1275
e30ef33e-0e3e-4d46-b2c9-369bbabcdc6e,681cebbd-56fd-4ad3-99b4-726306cbaa73,2023-11-30 08:04:00,2c7c0b40-21e5-4026-b405-3281a1c094fa,600,37,637
150cc35f-57fa-418d-9c4a-cfb09dacc82d,9c02b9e3-3e53-451a-abb0-96f63308bb02,2023-11-30 08:15:00,2c7c0b40-21e5-4026-b405-3281a1c094fa,600,37,637
3d1aba52-ff1e-4625-8b02-0e83c1a9f116,cc5c0c1a-857b-42ec-991b-22ab9d333141,2023-11-30 07:12:00,2c7c0b40-21e5-4026-b405-3281a1c094fa,700,43,743
e63430d6-cb93-4e9b-aeca-fac463a31fbb,ea97db70-9e3b-4bc2-973f-6e3f2be46e5f,2023-11-30 08:03:00,2c7c0b40-21e5-4026-b405-3281a1c094fa,400,25,425
4b269e05-a55b-4c98-b397-b791ab7d48f3,1cc557ae-f87b-4765-9bc4-0f1dd6f53013,2023-11-30 08:06:00,2c7c0b40-21e5-4026-b405-3281a1c094fa,400,25,425
adeb0b43-6da7-4680-be11-ab1e9fcc509e,f91faf5c-1c47-45c9-aad2-29930f300126,2023-11-30 07:40:00,2c7c0b40-21e5-4026-b405-3281a1c094fa,700,43,743
c6c47593-76e2-467c-81bf-59b700833ec5,414e72b8-a890-4597-b3f7-d6da0f9d4531,2023-11-30 09:01:00,2c7c0b40-21e5-4026-b405-3281a1c094fa,600,37,637
634ff6b1-3468-4b46-bbef-c4c46141069a,e26fafe1-9a63-43ca-b38b-ed5f0ea96f66,2023-11-30 15:18:00,2c7c0b40-21e5-4026-b405-3281a1c094fa,1900,118,2018
4fb3ff70-ad6b-4c59-b6bb-30aa3f4e1528,905a1a14-02a3-4d80-a710-d9769750a63d,2023-11-30 14:24:00,2c7c0b40-21e5-4026-b405-3281a1c094fa,700,43,743
1e9a4eb7-ba02-4a09-ad77-583e09884efa,1313316f-0c13-404e-8197-2bde150a1ddd,2023-11-30 07:53:00,2c7c0b40-21e5-4026-b405-3281a1c094fa,700,43,743
3c7753aa-cfde-4dfa-930f-63891ce75802,32a8b8e6-453f-4153-b08b-aaeedc146c9d,2023-11-30 19:08:00,2c7c0b40-21e5-4026-b405-3281a1c094fa,1700,106,1806
c296d868-228f-481f-af85-77c9c30f4bf9,de670223-8a3e-4b82-a4d4-b03cc596af73,2023-11-30 08:15:00,2c7c0b40-21e5-4026-b405-3281a1c094fa,600,37,637
48bc3e9d-3772-458d-80ec-9d89ca900353,f304ef62-c15a-4a60-ab1c-ad7af392467e,2023-11-30 08:05:00,2c7c0b40-21e5-4026-b405-3281a1c094fa,400,25,425
eb0d942c-52c2-4ec4-a96e-5a2b01291438,dc0bde54-b18c-450d-a2a5-7ec3e3bce7c3,2023-11-30 12:29:00,2c7c0b40-21e5-4026-b405-3281a1c094fa,600,37,637
c5b15a36-2dfd-4a13-a3e5-b939ee6e6f52,3cae3cae-a64f-491f-a508-68ff36ecb4af,2023-11-30 08:27:00,2c7c0b40-21e5-4026-b405-3281a1c094fa,400,25,425
79d5df8e-dd66-42e8-b5fb-76abb67b767c,b453354b-0417-476e-8175-326090454bc9,2023-11-30 18:32:00,2c7c0b40-21e5-4026-b405-3281a1c094fa,600,37,637
bbcf0c7f-f63e-45cf-9073-277847c2c369,96924eb0-a996-4610-ae35-0949499a223a,2023-11-30 08:08:00,2c7c0b40-21e5-4026-b405-3281a1c094fa,400,25,425
1c00f41d-b8ca-4c0a-b574-9fad31566180,6c98f86b-b539-4054-a6da-a0f41d26ae4b,2023-11-30 16:33:00,2c7c0b40-21e5-4026-b405-3281a1c094fa,700,43,743
2d91b540-4d96-40b1-8cf0-857377764bf6,90be0a7e-945b-4bb7-b8e8-47e877d61e85,2023-11-30 15:01:00,2c7c0b40-21e5-4026-b405-3281a1c094fa,700,43,743
be241eb5-b6ff-45ae-8a7d-215b06be23f8,685c96af-5c89-414f-a885-bfb3740026ed,2023-11-30 17:00:00,2c7c0b40-21e5-4026-b405-3281a1c094fa,1500,93,1593
fdbf0f18-d34b-4525-9373-0030101dd1da,2f0ecbb9-4ae8-45d7-8f01-f82126757ca5,2023-11-30 07:56:00,2c7c0b40-21e5-4026-b405-3281a1c094fa,500,31,531
8dd82655-035f-4e55-8a19-8284f3cd40aa,c85c39b9-0947-488f-be76-628dda406e4c,2023-11-30 18:13:00,2c7c0b40-21e5-4026-b405-3281a1c094fa,1800,112,1912
866ed27c-076e-40e1-bb97-8b550d3ddc98,746e0e2f-a988-4e0c-b475-91c509254f38,2023-11-30 11:37:00,2c7c0b40-21e5-4026-b405-3281a1c094fa,2500,156,2656
450eb559-f9e1-4568-a3f1-d4aae4691ad6,104b478d-b925-4eb1-b365-ae2354f1fd19,2023-11-30 08:01:00,2c7c0b40-21e5-4026-b405-3281a1c094fa,700,43,743
d8184e22-3abf-4dad-bfae-0f859d0e8cde,cdea4af0-7c90-48ed-bb8b-411fb9de8b57,2023-11-30 07:08:00,2c7c0b40-21e5-4026-b405-3281a1c094fa,500,31,531
0a16f02c-7e5a-4c8f-8849-140b197e568f,f3e64264-67a2-42fb-878a-17ff2055ab31,2023-11-30 12:45:00,2c7c0b40-21e5-4026-b405-3281a1c094fa,1800,112,1912
2498ad31-dd8f-4627-8710-4745207d6805,aec1cde7-0627-4bec-a528-fe77ca766b5e,2023-11-30 07:54:00,2c7c0b40-21e5-4026-b405-3281a1c094fa,400,25,425
f7ff410f-4cb3-4913-9fc6-909e56c60f82,aa4ec845-d8fb-4eed-855a-86968f2d2ef4,2023-11-30 13:36:00,2c7c0b40-21e5-4026-b405-3281a1c094fa,500,31,531
0a71c7f9-bb3a-40c4-aef1-78b6900f5c3e,465154fc-21ed-456c-9e03-9b71c66094d5,2023-11-30 08:00:00,2c7c0b40-21e5-4026-b405-3281a1c094fa,400,25,425
9f3563a0-01df-43c6-911e-85014a78b252,88d1c02d-6775-4e15-8928-89781add052b,2023-11-30 14:38:00,2c7c0b40-21e5-4026-b405-3281a1c094fa,600,37,637
a9dc689f-521b-4c10-93da-cfdf9482cde1,efe6ab20-484e-4550-8eba-b6750c0893a3,2023-11-30 15:45:00,2c7c0b40-21e5-4026-b405-3281a1c094fa,1500,93,1593
db7cabda-2636-4ea2-b36c-e752c05042ad,8383f9c7-21ea-4a43-a564-1e5a6482135c,2023-11-30 12:06:00,2c7c0b40-21e5-4026-b405-3281a1c094fa,3300,206,3506
3766281d-4009-4ee2-9228-9c1a7df3d816,bafdbd24-482a-4926-ad19-d5f2929c3e93,2023-11-30 16:21:00,2c7c0b40-21e5-4026-b405-3281a1c094fa,1200,75,1275
1c537dfc-92b6-4ca6-9a50-6f60a2bc3c2c,2647f821-e1c8-44ee-bc24-7b9932bf9766,2023-11-30 08:07:00,2c7c0b40-21e5-4026-b405-3281a1c094fa,500,31,531
4ca218a3-e8d6-4e6c-a634-cd8e3e3c379c,bb7a9f55-4ac3-43cc-bbe9-d1a3c3e8f35e,2023-11-30 09:25:00,2c7c0b40-21e5-4026-b405-3281a1c094fa,1100,68,1168
9fe901c4-f095-404a-8351-8aa4a19d2a2e,fe4e4be2-2e96-4037-9bdf-28440a160f62,2023-11-30 08:23:00,2c7c0b40-21e5-4026-b405-3281a1c094fa,500,31,531
e3e4766e-5811-48e2-a7c9-365790c30dbb,a6addfaf-a6de-45ac-940f-5d4614f279d0,2023-11-30 08:34:00,2c7c0b40-21e5-4026-b405-3281a1c094fa,600,37,637
6e7de1de-524f-4c12-9a83-6cb9d2197b26,ed638312-1c1b-49b3-8fb5-9f1ffcf9b352,2023-11-30 15:55:00,2c7c0b40-21e5-4026-b405-3281a1c094fa,600,37,637
ff0fef8e-e6b9-482b-8a3b-21a8db45d1a0,c166c928-03f6-4635-b322-14421afbbbaa,2023-11-30 15:52:00,2c7c0b40-21e5-4026-b405-3281a1c094fa,2400,150,2550
4abdc7c3-8a55-4b1d-8bc0-6a7d97354197,5f978986-a526-43a2-bdc6-828868d49b61,2023-11-30 07:15:00,2c7c0b40-21e5-4026-b405-3281a1c094fa,600,37,637
083c674a-cbf7-490b-a579-1d7ee0a9660c,e7e3f127-04db-4c6a-b6fd-13f7df091a78,2023-11-30 12:23:00,2c7c0b40-21e5-4026-b405-3281a1c094fa,1300,81,1381
c197f38e-fae2-4992-a1c9-841dcf3abced,098e9f20-15e3-45dd-8771-7dc4fe836ca7,2023-11-30 11:53:00,2c7c0b40-21e5-4026-b405-3281a1c094fa,500,31,531
5f6ea22a-1cd8-448b-8823-75d4e0a3e097,1230eb6d-8c33-4314-a706-f84212741ea9,2023-11-30 14:08:00,2c7c0b40-21e5-4026-b405-3281a1c094fa,600,37,637
89ddeaa5-404a-4917-ad18-af06282f17dd,d3cfc0ae-db6e-4a28-b44b-a1dac1061d90,2023-11-30 12:28:00,2c7c0b40-21e5-4026-b405-3281a1c094fa,1900,118,2018
18baae6e-070d-43f2-abfb-1020893b8411,377bb6d8-437c-4b34-9c11-7bd0c9bec26a,2023-11-30 10:52:00,2c7c0b40-21e5-4026-b405-3281a1c094fa,400,25,425
3539518a-77ff-41d1-872d-bded7dec0450,d909260f-5040-471a-9c3f-5651fa8c03ed,2023-11-30 07:44:00,2c7c0b40-21e5-4026-b405-3281a1c094fa,600,37,637
98c934b8-3e3b-42a8-9327-ae85799d368c,f1098a10-244b-46cb-b192-2ad182a44975,2023-11-30 08:06:00,2c7c0b40-21e5-4026-b405-3281a1c094fa,600,37,637
9029a161-434e-4448-aaeb-e4ff42b27fe5,b394c22a-41af-4bae-a9f3-dda0649b45ed,2023-11-30 08:30:00,2c7c0b40-21e5-4026-b405-3281a1c094fa,700,43,743
241e5d93-974c-48d7-b06a-6c1458a19e50,fb1214b1-db3f-4cac-bc2e-6b6d585600fb,2023-11-30 07:43:00,2c7c0b40-21e5-4026-b405-3281a1c094fa,500,31,531
e04c1a23-ad12-444d-b655-aa46c9cea2df,1bcdea75-7acc-492e-a184-a61e51c1cfa5,2023-11-30 07:26:00,2c7c0b40-21e5-4026-b405-3281a1c094fa,600,37,637
a4898f33-416b-4c9e-a2fb-140328e6292d,f8919ba3-1c0e-4da5-9408-18923a2ad8fb,2023-11-30 08:44:00,2c7c0b40-21e5-4026-b405-3281a1c094fa,500,31,531
b3661732-e513-4dbd-be1e-0ace1316c89d,89e0be6f-b800-46b3-b14a-d6c78ced2780,2023-11-30 08:37:00,2c7c0b40-21e5-4026-b405-3281a1c094fa,600,37,637
e22f9ceb-4563-4ae5-a63e-1a63d857afed,68633904-669b-4fec-a191-293eab108c93,2023-11-30 14:20:00,2c7c0b40-21e5-4026-b405-3281a1c094fa,600,37,637
787aba1f-c3df-4697-8c3d-335caffffb27,d753ccfa-106f-47a3-8e03-44b0e6831af3,2023-11-30 07:24:00,2c7c0b40-21e5-4026-b405-3281a1c094fa,500,31,531
7e3a3683-56be-4cee-bf8e-694c57735042,608b62cf-f498-4f33-9528-de6ffb9555c2,2023-11-30 07:06:00,2c7c0b40-21e5-4026-b405-3281a1c094fa,600,37,637
6cb2b3bc-8c63-4656-b178-1ff91a586434,577d9ba4-08b4-443e-a3dc-495bdb97f58e,2023-11-30 12:44:00,2c7c0b40-21e5-4026-b405-3281a1c094fa,600,37,637
73a942b7-5e36-4fe8-934e-036829e62cfb,b8ca5b54-3fa9-4f61-91ce-beeaa92f1424,2023-11-30 08:23:00,2c7c0b40-21e5-4026-b405-3281a1c094fa,500,31,531
ad6a9f45-9a46-43ef-8981-0a38c751dfec,6b2f49e4-56bd-446a-97ee-d3ddd9804d7f,2023-11-30 07:41:00,2c7c0b40-21e5-4026-b405-3281a1c094fa,400,25,425
45209315-7fd9-461f-a1a1-da5e5bc2df33,7a493345-f39f-41ad-bde0-d580c0b49953,2023-11-30 19:15:00,2c7c0b40-21e5-4026-b405-3281a1c094fa,600,37,637
62e82a7c-b428-40e3-bfcd-d1afc1faccfd,096383e8-fafc-418f-8cdd-a2ec9f44ddd3,2023-11-30 07:49:00,2c7c0b40-21e5-4026-b405-3281a1c094fa,400,25,425
58ca0158-a22d-4e0e-8727-f30085d61932,b3f8d609-aecf-4d7a-9323-cd10ba08a44a,2023-11-30 14:05:00,2c7c0b40-21e5-4026-b405-3281a1c094fa,600,37,637
f66a3b79-7e57-48c7-9a8e-3f49a46fe2b1,cf1bbe7c-d999-4a2e-bc3a-93bb9e785f1b,2023-11-30 16:50:00,2c7c0b40-21e5-4026-b405-3281a1c094fa,2100,131,2231
31313d7c-8cba-45ec-a412-1fa972136e32,4cd24ca3-21c7-43e7-bd3e-65bc863a16d7,2023-11-30 07:42:00,2c7c0b40-21e5-4026-b405-3281a1c094fa,400,25,425
9cc6e0ac-d14c-4873-9507-fb3d3afe3838,9f8ffc8a-afb8-400e-b77e-4f6a8d204645,2023-11-30 15:31:00,2c7c0b40-21e5-4026-b405-3281a1c094fa,1100,68,1168
ec95edfe-569f-4996-87a9-9f84354f4a4a,aae661ad-0411-4b0f-b7fb-6c26c099cfd7,2023-11-30 07:55:00,2c7c0b40-21e5-4026-b405-3281a1c094fa,600,37,637
8699af06-d0a1-4b0f-a794-a61c0efa37de,dd1f6a5f-288a-4340-bd70-9eab83f83136,2023-11-30 16:54:00,2c7c0b40-21e5-4026-b405-3281a1c094fa,600,37,637
04625fd9-1f15-43b1-b8b5-b360a7322e11,8391b449-3f7a-47a8-b81f-292dfdb07b53,2023-11-30 08:25:00,2c7c0b40-21e5-4026-b405-3281a1c094fa,500,31,531
28b31469-b875-43bb-a65b-f2baa8f79fce,762c5a04-e686-4d09-b4c3-40c6aed67774,2023-11-30 14:11:00,2c7c0b40-21e5-4026-b405-3281a1c094fa,700,43,743
136a13a9-463e-431a-94eb-440cb0ab68b7,95cd817f-1c5b-4828-99f7-7fe575406cc9,2023-11-30 15:52:00,2c7c0b40-21e5-4026-b405-3281a1c094fa,2200,137,2337
a49f1c8c-530a-4070-8e0e-ba866b5e29ad,b7269c9b-2132-4217-b89e-d49b2d674311,2023-11-30 08:49:00,2c7c0b40-21e5-4026-b405-3281a1c094fa,600,37,637
ef1cf51e-4a3c-4f79-ae4d-916299db30d9,c634d777-fa2f-4894-85ba-aa9ccededaf8,2023-11-30 16:30:00,2c7c0b40-21e5-4026-b405-3281a1c094fa,400,25,425
762d1948-cc2a-4955-92dd-677551cacc4f,6a30b004-d1c0-4e76-9339-45a7fe99fc87,2023-11-30 13:28:00,2c7c0b40-21e5-4026-b405-3281a1c094fa,1100,68,1168
29853946-5662-44af-8bfa-7e4fd11a5bd9,18afc0db-1e5b-4253-8e28-7d9b763a4796,2023-11-30 15:41:00,2c7c0b40-21e5-4026-b405-3281a1c094fa,2900,181,3081
e0a09c34-831f-4694-9ef0-e168fd227410,e87d7dd4-253c-4904-856b-2bc3e4610bbc,2023-11-30 08:17:00,2c7c0b40-21e5-4026-b405-3281a1c094fa,600,37,637
1e122908-d303-4f22-b9ba-354e7941c7e7,0716e8f7-31e6-4605-8c33-c9717eb1828b,2023-11-30 08:15:00,2c7c0b40-21e5-4026-b405-3281a1c094fa,500,31,531
47d924cf-789a-4d5b-9c4b-e1efb1284acd,f5ca275f-bdbe-419a-ac47-5ffc48b1f4fe,2023-11-30 07:47:00,2c7c0b40-21e5-4026-b405-3281a1c094fa,600,37,637
1acbba2f-1e98-4e8d-9a39-14057a11b276,770ef8a9-2d3e-436a-8d56-15cbb14191f6,2023-11-30 07:25:00,2c7c0b40-21e5-4026-b405-3281a1c094fa,700,43,743
ca7e1c83-1bc0-489b-aee7-606b087856f6,9a65900b-27f4-4b08-a09b-f919986f3b7f,2023-11-30 10:50:00,2c7c0b40-21e5-4026-b405-3281a1c094fa,600,37,637
ca8510ec-ede9-4928-bb78-c4e6875b230f,bfcf1f8f-5629-4da7-a70b-69650ccee4da,2023-11-30 13:05:00,2c7c0b40-21e5-4026-b405-3281a1c094fa,500,31,531
81699d93-c1cb-4863-b15a-5ed1707d4296,9cf15c00-66f8-446b-aa1e-6cfaa15a28cd,2023-11-30 08:08:00,2c7c0b40-21e5-4026-b405-3281a1c094fa,600,37,637
1db6977a-695d-44f8-9fac-daf80b4e8b80,c950e872-765f-41c6-9298-08946b5da33c,2023-11-30 09:49:00,2c7c0b40-21e5-4026-b405-3281a1c094fa,500,31,531
08d7e76f-c919-4fb5-bddf-b723e6fcecb6,0a1537fd-daf7-45b7-9079-4896eebfc105,2023-11-30 07:59:00,2c7c0b40-21e5-4026-b405-3281a1c094fa,700,43,743
7713d724-3691-4f1d-9387-4242273d1afc,d9f23164-9fc0-4804-9b89-c220b8f14417,2023-11-30 18:20:00,2c7c0b40-21e5-4026-b405-3281a1c094fa,2200,137,2337
f567f819-4886-4d01-8d9b-5fba475e36ac,b1fedc8d-d8e8-45ea-9dfb-5b47351591d6,2023-11-30 16:53:00,2c7c0b40-21e5-4026-b405-3281a1c094fa,400,25,425
7dd0ef66-f926-49ce-9bb0-290e67beb0e8,e3954c8f-706c-4955-aa47-53462acf95f6,2023-11-30 17:24:00,2c7c0b40-21e5-4026-b405-3281a1c094fa,1700,106,1806
2ed8f3a3-13d9-4337-9a68-bf6107507e26,e57fd108-3118-442c-b5b5-7c1add68fb8a,2023-11-30 15:08:00,2c7c0b40-21e5-4026-b405-3281a1c094fa,600,37,637
78d374a2-fb69-48aa-afe7-cc9632372cf2,7f07fcee-dd67-4eff-8f85-b102c1043eb8,2023-11-30 11:59:00,2c7c0b40-21e5-4026-b405-3281a1c094fa,700,43,743
38b912c5-fb78-429c-be35-c435ddc8b6a8,1481f859-7fad-49a6-8222-7de03bebd7ed,2023-11-30 15:14:00,2c7c0b40-21e5-4026-b405-3281a1c094fa,500,31,531
a8e46768-e9f4-4222-a1cd-f39620082cd2,b261ee63-cdf8-409f-a4d5-5a5f5648f8fd,2023-11-30 08:03:00,2c7c0b40-21e5-4026-b405-3281a1c094fa,600,37,637
46ecc730-c30d-4c66-9352-2950d35d488e,17314111-8073-4571-82b0-3cbdaf3672bd,2023-11-30 07:43:00,2c7c0b40-21e5-4026-b405-3281a1c094fa,700,43,743
02ee0044-bbf3-4e16-8c05-b2ef9d292c2c,949fe8f4-8334-4f81-b38c-40be2a439d7a,2023-11-30 08:19:00,2c7c0b40-21e5-4026-b405-3281a1c094fa,600,37,637
a5c0ad93-c254-45e8-93e1-67cf62dcffdd,c00da9ba-d5c6-48cc-a9d7-ae2f6b116876,2023-11-30 07:56:00,2c7c0b40-21e5-4026-b405-3281a1c094fa,700,43,743
00b4b9de-d95c-405d-8435-9f5648f7b53f,7815f514-9fba-4b3a-a396-b1c903e2d5ea,2023-11-30 08:29:00,2c7c0b40-21e5-4026-b405-3281a1c094fa,600,37,637
89b4df96-fcd8-424d-ab65-53af6e01d69d,cda4a9bc-f8e6-4524-9544-d93d4a610a47,2023-11-30 14:16:00,2c7c0b40-21e5-4026-b405-3281a1c094fa,400,25,425
b9e36d7f-f7aa-4f43-a667-af69aa1e0415,4ceaf012-7044-4c13-9ff6-afb4f9f197eb,2023-11-30 07:32:00,2c7c0b40-21e5-4026-b405-3281a1c094fa,600,37,637
c4c3c0e5-f96c-4ab7-a672-405923ff14af,e5296814-9316-48d8-8b0e-ee925b70e267,2023-11-30 13:21:00,2c7c0b40-21e5-4026-b405-3281a1c094fa,600,37,637
4e8de6cf-c2bb-4366-a163-0c4d4d1c6357,81623240-5b2b-4c4c-9123-2b9d204810d4,2023-11-30 11:31:00,2c7c0b40-21e5-4026-b405-3281a1c094fa,2400,150,2550
9280ec37-425b-430b-b914-12b257d8ffad,85dc0f8e-0185-44ca-ab0f-e81472fd3739,2023-11-30 16:44:00,2c7c0b40-21e5-4026-b405-3281a1c094fa,1700,106,1806
55ec0219-cedb-4acd-ae88-93b4d7ed1862,411bf114-1d91-4d9e-9b2e-2eb1e59d80bb,2023-11-30 07:56:00,2c7c0b40-21e5-4026-b405-3281a1c094fa,600,37,637
14c65df0-1f09-4cfe-9d6f-0d118401352d,95482014-2031-41aa-aed1-10e1966f8211,2023-11-30 11:01:00,2c7c0b40-21e5-4026-b405-3281a1c094fa,700,43,743
e8bf64af-cc2f-4a29-a63a-aa3053a3477b,db840a3d-ae8a-4f70-93d0-a7ceb56ce5d4,2023-11-30 19:40:00,2c7c0b40-21e5-4026-b405-3281a1c094fa,1600,100,1700
64bcc67d-2f9c-48bb-a04d-458ada6f20ef,5d0a759c-32bd-4362-8ef8-5387885c5bdd,2023-11-30 13:19:00,2c7c0b40-21e5-4026-b405-3281a1c094fa,1200,75,1275
ff8e7a3f-baa8-4c8e-b196-a2edcb4e7d5b,ede97af1-6cfd-49bc-abd6-1dbfd267d239,2023-11-30 15:37:00,2c7c0b40-21e5-4026-b405-3281a1c094fa,1900,118,2018
b3b8fc86-3c1e-4ce5-bbf6-b66e200e83cd,ceac67dd-d360-4dc4-9cc4-c8ae08998559,2023-11-30 12:47:00,2c7c0b40-21e5-4026-b405-3281a1c094fa,500,31,531
58c09ce1-63b6-4b68-90a7-c02e5d16c4b1,33e4eccb-501b-4aae-89bb-fa7087ab00f6,2023-11-30 10:27:00,2c7c0b40-21e5-4026-b405-3281a1c094fa,3000,187,3187
4ddee717-3387-482e-bb11-f2716e4ffe3c,6cb7ea64-a794-4489-aff9-5d771b62259c,2023-11-30 13:53:00,2c7c0b40-21e5-4026-b405-3281a1c094fa,700,43,743
9226a581-0d87-4001-b0c0-239a53460d44,14ebae18-4f6a-4859-bfae-b563d9019e99,2023-11-30 17:21:00,2c7c0b40-21e5-4026-b405-3281a1c094fa,500,31,531
aeb4ccc1-2d58-427e-837a-4de49e8e72d9,9d117cbc-8206-44fc-a784-1b7e26e69f14,2023-11-30 08:30:00,2c7c0b40-21e5-4026-b405-3281a1c094fa,600,37,637
aa85536f-a398-4fd5-8b6b-efaafb45d95e,0187cae0-cd0c-4287-9064-104261c48c9e,2023-11-30 13:14:00,2c7c0b40-21e5-4026-b405-3281a1c094fa,1800,112,1912
5f742c38-f187-488f-83e4-62a3796ff2d6,ea21e050-07b9-4cfa-9099-53c33cccabdd,2023-11-30 15:50:00,2c7c0b40-21e5-4026-b405-3281a1c094fa,400,25,425
de5503cf-52d3-41a7-8857-2daf2bed686b,b3f5f687-ea5c-49d0-9b70-94ceeb7d8e5e,2023-11-30 17:45:00,2c7c0b40-21e5-4026-b405-3281a1c094fa,500,31,531
ffae7b40-dc87-4b2d-a828-019f14303ddb,51a229f5-9725-4489-b94d-d06f0c9c9103,2023-11-30 13:52:00,2c7c0b40-21e5-4026-b405-3281a1c094fa,1000,62,1062
392a56a8-73b6-4599-b948-2efdffb99661,adc9502e-fb1e-4dfb-8824-cb9f7988898f,2023-11-30 17:02:00,2c7c0b40-21e5-4026-b405-3281a1c094fa,1600,100,1700
fc05e24e-288b-4c9a-a95e-b638558fab12,c38122f1-bf34-4609-86ba-ffd1f95e88a1,2023-11-30 07:50:00,2c7c0b40-21e5-4026-b405-3281a1c094fa,400,25,425
b0038a6d-af20-4add-88c7-2aa8ffcbd02a,ee30e714-bfc5-4f26-8ecd-4bd35e193dfb,2023-11-30 14:42:00,2c7c0b40-21e5-4026-b405-3281a1c094fa,2400,150,2550
c8af45ba-5837-4517-b22d-d66ec405dfc9,33403027-f2f6-4d5b-b72a-f9a6bd0f75d6,2023-11-30 18:47:00,2c7c0b40-21e5-4026-b405-3281a1c094fa,1800,112,1912
35c6009d-08df-4de7-a547-61955d277c48,b29427fc-5839-43aa-8cce-5fabfae85302,2023-11-30 14:27:00,2c7c0b40-21e5-4026-b405-3281a1c094fa,1700,106,1806
a1fe0aeb-3d9d-44be-a275-209662df2cbb,9fddd59b-8092-44dd-823a-2a10f4a954f3,2023-11-30 08:11:00,2c7c0b40-21e5-4026-b405-3281a1c094fa,500,31,531
af1cff46-4c9f-4186-85af-addeee4eb6ba,3d0f7b2e-b6d1-44b5-8756-a848f2eab391,2023-11-30 16:24:00,2c7c0b40-21e5-4026-b405-3281a1c094fa,1800,112,1912
1c89b815-ed51-4239-a97c-99b38bc6f4f6,07b7f34d-6032-4d38-b47c-e38ceaa35664,2023-11-30 11:07:00,2c7c0b40-21e5-4026-b405-3281a1c094fa,2800,175,2975
bbe8f468-e0c0-4685-b8d9-e6cae910acf7,900c8b72-6cf9-41c2-9528-bfd661a2a6c5,2023-11-30 08:16:00,2c7c0b40-21e5-4026-b405-3281a1c094fa,700,43,743
73bbda71-ae3a-4397-a093-17c58646151b,fd0a14de-47c2-4cc3-a067-321ea46cfacb,2023-11-30 18:39:00,2c7c0b40-21e5-4026-b405-3281a1c094fa,600,37,637
c1a76bd6-772c-402b-9116-8dda3f65f320,05d37c9d-0780-45ea-9c41-ae74878ca992,2023-11-30 07:36:00,2c7c0b40-21e5-4026-b405-3281a1c094fa,700,43,743
223358e5-036b-4d00-8c05-b4684f288d7d,2d98fe07-303d-43ac-b2c7-b688f0765087,2023-11-30 08:21:00,2c7c0b40-21e5-4026-b405-3281a1c094fa,500,31,531
1117c59d-1f85-48f1-9f6f-6669347ebfa8,f75a6b15-5908-4701-be73-63cc159dd363,2023-11-30 08:13:00,2c7c0b40-21e5-4026-b405-3281a1c094fa,400,25,425
dcf56f89-0d14-4e51-825f-227002425424,8ba73904-d8b0-484e-9571-8f4fb405a99a,2023-11-30 16:57:00,2c7c0b40-21e5-4026-b405-3281a1c094fa,400,25,425
7ebe1c2f-9966-4b37-aec5-d3a2d3a54185,325d860f-7129-46e3-84fb-ece38a4a511e,2023-11-30 08:38:00,2c7c0b40-21e5-4026-b405-3281a1c094fa,600,37,637
3958bc00-32b5-4c26-be77-4dd5690e6b6d,185f50fa-1880-4d33-bffb-0229c00021e1,2023-11-30 08:11:00,2c7c0b40-21e5-4026-b405-3281a1c094fa,700,43,743
c6677897-ca0e-4bf2-925c-fcfee200c14f,70de3474-e117-42f3-8d50-5371e1acae17,2023-11-30 16:38:00,2c7c0b40-21e5-4026-b405-3281a1c094fa,1800,112,1912
0fefb82e-62ea-477f-8216-02e4641f12e7,82ebe082-4789-437f-b9ad-9b5af2e151f2,2023-11-30 12:21:00,2c7c0b40-21e5-4026-b405-3281a1c094fa,600,37,637
713d502c-8a71-4ad2-aa98-9ddb7248aa83,b20bae30-2c82-4e03-ae3e-c6a9238fa0a2,2023-11-30 07:34:00,2c7c0b40-21e5-4026-b405-3281a1c094fa,700,43,743
155f0833-16f1-4867-878a-c5c66705611c,0b1434d8-87fe-40c9-9029-702c51ba0dc8,2023-11-30 13:39:00,2c7c0b40-21e5-4026-b405-3281a1c094fa,2100,131,2231
c30c4183-2453-47c2-8c1d-fbcffd3d0305,d1d9e650-9178-4395-b1e9-36d4bf78b10b,2023-11-30 13:31:00,2c7c0b40-21e5-4026-b405-3281a1c094fa,400,25,425
5d0e452d-7bb7-4ad1-97a1-e0b23ff80287,77679713-afd0-4b0c-84b3-755462888e28,2023-11-30 13:30:00,2c7c0b40-21e5-4026-b405-3281a1c094fa,1900,118,2018
f1af7657-6c56-4b62-a843-2846f7d907cb,6a0564fc-7a6d-481e-b89e-3ff39fde4e6f,2023-11-30 15:49:00,2c7c0b40-21e5-4026-b405-3281a1c094fa,1800,112,1912
3c8d89b1-7bc7-4b4e-8b9e-91712ca7ef97,54cf7510-06ec-4749-8608-47e47e4bae7e,2023-11-30 17:40:00,2c7c0b40-21e5-4026-b405-3281a1c094fa,500,31,531
739c0857-fb00-4302-8c35-74209d835e4b,8bdfd5f7-e6c8-4213-90f8-290340275705,2023-11-30 07:36:00,2c7c0b40-21e5-4026-b405-3281a1c094fa,500,31,531
e59f795d-7a0f-4ef9-aabd-d58ebe83b255,4930bc83-623f-498d-9657-e6946df34670,2023-11-30 08:04:00,2c7c0b40-21e5-4026-b405-3281a1c094fa,600,37,637
37cc5c71-d5b2-447c-bd33-2042caa023b8,ff0e6672-f5c3-49c3-8641-640328bd5e32,2023-11-30 07:19:00,2c7c0b40-21e5-4026-b405-3281a1c094fa,600,37,637
031bd331-07d1-4a4c-b97b-905d734dddf3,2126e90c-f785-447f-8084-2c01f266f801,2023-11-30 14:24:00,2c7c0b40-21e5-4026-b405-3281a1c094fa,1700,106,1806
9c577711-5b99-4302-94bc-e4f34f4e231a,4ed02205-22bb-4bfd-896c-d175d6567c62,2023-11-30 14:26:00,2c7c0b40-21e5-4026-b405-3281a1c094fa,600,37,637
3d41854a-2de4-4ec5-9759-53358e50b838,86ce2bfe-cfd3-43d7-bf73-302839416a8f,2023-11-30 08:10:00,2c7c0b40-21e5-4026-b405-3281a1c094fa,700,43,743
baebb5a2-4055-41f0-bd16-b243e3a128d4,d3a2e187-0d5f-4c0d-889d-aab3ff2fd8ba,2023-11-30 07:35:00,2c7c0b40-21e5-4026-b405-3281a1c094fa,400,25,425
99be4ac3-33b4-4a30-90a9-c63f33ce8ec1,9f15e740-2f82-40a0-be8d-3d0d64c9dd5c,2023-11-30 11:23:00,2c7c0b40-21e5-4026-b405-3281a1c094fa,700,43,743
fdee0b75-fc22-4f8a-b452-9218194001e5,7e704409-e995-4e26-8eae-5d89eeb90107,2023-11-30 16:03:00,2c7c0b40-21e5-4026-b405-3281a1c094fa,1700,106,1806
f5a2b96a-1ef8-4cf7-adb3-9e1344956231,b8e42ee1-c094-4f0b-af09-b9952db3e2d9,2023-11-30 12:13:00,2c7c0b40-21e5-4026-b405-3281a1c094fa,700,43,743
26636c44-d243-4021-a630-e05940e07db2,2aebbf7f-b775-4c03-9a7c-83deebadf4c0,2023-11-30 08:48:00,2c7c0b40-21e5-4026-b405-3281a1c094fa,400,25,425
37e6cb4f-c8e7-4605-87b6-c64166989707,6c89e693-e895-44dc-b33d-28f79f7c619b,2023-11-30 07:41:00,2c7c0b40-21e5-4026-b405-3281a1c094fa,500,31,531
b1cb847b-59c3-4836-ae1c-385f14fb251c,32e90055-dc31-432b-8858-e6a60f312009,2023-11-30 18:17:00,2c7c0b40-21e5-4026-b405-3281a1c094fa,700,43,743
64de376e-6429-4b67-9915-8d483c1a3d5f,7819dde7-1b51-4fa3-8f8a-05d4753ded13,2023-11-30 07:55:00,2c7c0b40-21e5-4026-b405-3281a1c094fa,500,31,531
bd30a502-a3b4-4775-8526-f1e599832759,30a2f263-f55c-4b89-83d1-c19eee532a38,2023-11-30 07:17:00,2c7c0b40-21e5-4026-b405-3281a1c094fa,600,37,637
48ae2d3b-aed5-4685-8daa-b975790eaa60,25be8c41-9718-48cd-b694-0be70c58545a,2023-11-30 11:41:00,2c7c0b40-21e5-4026-b405-3281a1c094fa,600,37,637
a4e322d5-069a-4434-b207-c551bb699518,2c23560c-f644-4386-bfbe-a9743f443c42,2023-11-30 08:18:00,2c7c0b40-21e5-4026-b405-3281a1c094fa,400,25,425
ea15ec00-454c-43e4-abfd-ff36541d4e8c,e083c7ff-a159-4823-9314-09d3984c3785,2023-11-30 17:09:00,2c7c0b40-21e5-4026-b405-3281a1c094fa,1700,106,1806
fda6c09b-a81e-413c-a3ee-fb19cf7d95de,696f0c48-8a40-4f8f-8859-0850ae368437,2023-11-30 07:00:00,2c7c0b40-21e5-4026-b405-3281a1c094fa,600,37,637
59d5c6c6-8ce4-4144-bfc3-c6df3a20ac63,017ee500-8ec5-4a50-b74c-95520f0a8958,2023-11-30 15:54:00,2c7c0b40-21e5-4026-b405-3281a1c094fa,700,43,743
50237af6-98a9-486c-aef8-4b9dd19cf265,c55efd1e-8a85-45c7-9e8c-443b817ddda8,2023-11-30 12:56:00,2c7c0b40-21e5-4026-b405-3281a1c094fa,400,25,425
9d8fcb55-caa5-4c80-97a7-27a143d41d5a,99f8915a-b1ec-40a3-ae24-14f3dd694d12,2023-11-30 08:01:00,2c7c0b40-21e5-4026-b405-3281a1c094fa,400,25,425
b497d2c3-b444-41b3-a15f-a9cc8ce15eca,8d3cdf25-82d6-4a3d-84c4-f2e0a031b3fe,2023-11-30 11:40:00,2c7c0b40-21e5-4026-b405-3281a1c094fa,600,37,637
5681cfae-1e55-4e68-a898-e965dabdc839,92b731d0-8f4e-4454-927b-c08037930a62,2023-11-30 14:04:00,2c7c0b40-21e5-4026-b405-3281a1c094fa,600,37,637
76389a5e-6faa-44ed-8f85-b7f5c9a6b14d,268ffc49-8df7-491e-a596-028aa31492ef,2023-11-30 08:45:00,2c7c0b40-21e5-4026-b405-3281a1c094fa,700,43,743
fda359e5-d60e-46ae-930b-e3417feb54ec,3220d599-e583-4cac-9428-261bd8e3b069,2023-11-30 13:20:00,2c7c0b40-21e5-4026-b405-3281a1c094fa,1200,75,1275
bd11d88f-2737-4fa5-ab6a-3494a7cad2de,31f31b8a-1ee1-4be0-8d9d-246512c978f5,2023-11-30 14:59:00,2c7c0b40-21e5-4026-b405-3281a1c094fa,1900,118,2018
d5153604-39f0-4034-b657-1bcff858ae9d,a2bf5af8-fc65-4552-84a0-265009d977a5,2023-11-30 11:48:00,2c7c0b40-21e5-4026-b405-3281a1c094fa,700,43,743
3fe0fb32-2f72-4c5e-8b75-90ceb4702eeb,0f5163de-14a7-4833-a294-13d3aae250f3,2023-11-30 07:51:00,2c7c0b40-21e5-4026-b405-3281a1c094fa,600,37,637
db9afba3-527e-48e7-b9c1-7aa937bb5922,60bc1e14-fc8d-459f-9069-ea94123b17f3,2023-11-30 11:54:00,2c7c0b40-21e5-4026-b405-3281a1c094fa,2300,143,2443
623c85b4-8c5c-41be-b1a0-8dc1c11f6b93,2228ab7c-91a4-4cac-bebb-8e8f096524b0,2023-11-30 07:53:00,2c7c0b40-21e5-4026-b405-3281a1c094fa,500,31,531
efce90be-b6a8-4947-b241-8f342bbb8eb2,8e784b74-ab3c-4e1d-ac1d-668719158894,2023-11-30 08:20:00,2c7c0b40-21e5-4026-b405-3281a1c094fa,400,25,425
fd0bcbd6-d464-40a2-b8a7-f3aee0b3fbe8,151f36a5-f3cb-4188-b34c-1964b4fcebbe,2023-11-30 16:38:00,2c7c0b40-21e5-4026-b405-3281a1c094fa,600,37,637
b3b45a20-85e3-4253-b6ac-9ecef8d35064,f2ed3dee-af64-4cc3-abb6-22d3764641b7,2023-11-30 08:01:00,2c7c0b40-21e5-4026-b405-3281a1c094fa,600,37,637
5fd86825-fc69-4f31-857a-91f676e5a225,d8051266-420e-48a9-b0e7-e23cef1ec950,2023-11-30 13:35:00,2c7c0b40-21e5-4026-b405-3281a1c094fa,400,25,425
7b399214-6d2b-43cc-a7c8-ca3ee9e09abf,c77b07ea-c37e-41a3-95f1-813c1f7879db,2023-11-30 08:06:00,2c7c0b40-21e5-4026-b405-3281a1c094fa,400,25,425
49d1bfb2-bb31-4027-9960-acb4afc2b41a,8fb4658e-e123-42df-8e77-a6ed29fc5f38,2023-11-30 15:21:00,2c7c0b40-21e5-4026-b405-3281a1c094fa,400,25,425
664f291f-4fbc-41b4-aaaf-112d622b6df4,54d15939-3a71-4f58-a3f2-0b4f89d3bb64,2023-11-30 15:33:00,2c7c0b40-21e5-4026-b405-3281a1c094fa,500,31,531
9383b9f3-e89d-427f-8fb4-c95dcb867fb9,731a3243-ba6e-4903-ad46-9d414fd8964f,2023-11-30 15:43:00,2c7c0b40-21e5-4026-b405-3281a1c094fa,700,43,743
15d9f3ca-00b4-42c7-a6b8-c11728c37c60,27ed9719-c79b-40e1-8104-2725a63c045d,2023-11-30 07:32:00,2c7c0b40-21e5-4026-b405-3281a1c094fa,400,25,425
3576186e-54d5-4512-b629-91779dbb5209,02642c3e-981a-40f6-8403-7e10f5c62737,2023-11-30 13:37:00,2c7c0b40-21e5-4026-b405-3281a1c094fa,700,43,743
f4c34354-ce7e-470b-afc2-d74b596b8ae6,3e5b15ad-2b58-4454-bd44-3bef2aee95bb,2023-11-30 13:29:00,2c7c0b40-21e5-4026-b405-3281a1c094fa,600,37,637
0042de9a-c636-4b5e-915f-d25445fc42d6,198d803b-ea1a-4a2f-8e03-df5350c8f196,2023-11-30 14:22:00,2c7c0b40-21e5-4026-b405-3281a1c094fa,1500,93,1593
a856ee62-1990-49e7-9362-265a739acf14,f4077df6-3f65-49a0-8b0a-6832b2d150f1,2023-11-30 07:39:00,2c7c0b40-21e5-4026-b405-3281a1c094fa,700,43,743
2824fa40-00dc-44b2-b647-953441f4ad3b,7ccf52c5-9a61-4cdd-b066-1861d44d7118,2023-11-30 18:03:00,2c7c0b40-21e5-4026-b405-3281a1c094fa,500,31,531
b551f97e-6713-4982-8694-833df208d1ef,2c03dde5-9104-4078-95cc-262c4d4e306c,2023-11-30 18:35:00,2c7c0b40-21e5-4026-b405-3281a1c094fa,600,37,637
4a38c592-2d16-444a-9857-b9f22636dd0c,ac4afb8d-0558-4ead-8f52-e442e2dd4924,2023-11-30 07:48:00,2c7c0b40-21e5-4026-b405-3281a1c094fa,500,31,531
5ae2b8c8-8363-46e7-b3e4-ddefc5653f4c,877008e3-94f7-4843-a311-34a98d98fade,2023-11-30 16:35:00,2c7c0b40-21e5-4026-b405-3281a1c094fa,1800,112,1912
13cef390-d9e6-4bec-a97e-3ae9f8affbe6,3751b71a-1197-4375-b25c-da8de1782910,2023-11-30 14:25:00,2c7c0b40-21e5-4026-b405-3281a1c094fa,2600,162,2762
c3ab6962-3fec-4c85-8f0f-385189f7f684,b9d253c1-b0be-4045-ad56-78846256bc9b,2023-11-30 07:58:00,2c7c0b40-21e5-4026-b405-3281a1c094fa,500,31,531
413d2ffd-d139-4143-b5c4-e5fa8c93503a,a199f995-f93f-450a-9dd2-4747e733f032,2023-11-30 07:46:00,2c7c0b40-21e5-4026-b405-3281a1c094fa,500,31,531
d07f0d06-b331-48bf-82e1-078647270394,6aa2e9f4-298e-4a00-ae30-40341edc970b,2023-11-30 15:36:00,2c7c0b40-21e5-4026-b405-3281a1c094fa,700,43,743
73324c77-5fc1-4284-ab1a-5fece8975892,9e954843-2542-4dcb-b42b-15afeb6f54b1,2023-11-30 15:27:00,2c7c0b40-21e5-4026-b405-3281a1c094fa,600,37,637
5105c8e3-2cc3-4325-8851-fb381b49ca4e,cf2d6243-d331-4c68-ae61-784a22223470,2023-11-30 13:53:00,2c7c0b40-21e5-4026-b405-3281a1c094fa,600,37,637
a1d8f06f-57bb-4986-85de-13d9d97c21e5,6a70bb64-0e00-43ef-9d71-59e6ff9d605f,2023-11-30 08:51:00,2c7c0b40-21e5-4026-b405-3281a1c094fa,600,37,637
3f2b5823-b06b-42b2-b451-24d4836ea4a2,e3194d11-8cfa-45a1-bf58-318f63ed3179,2023-11-30 08:18:00,2c7c0b40-21e5-4026-b405-3281a1c094fa,500,31,531
8abf1dd2-4781-4e4c-865b-47652d0effd0,95d47085-8645-4f96-bfdb-3e8d8280e39e,2023-11-30 18:45:00,2c7c0b40-21e5-4026-b405-3281a1c094fa,1700,106,1806
a6c41f9d-838e-435b-b926-78cdc2f5d321,c75de8fa-cf9b-43b7-b3e5-f64a81426a44,2023-11-30 18:18:00,2c7c0b40-21e5-4026-b405-3281a1c094fa,2100,131,2231
ed63a009-6779-41b5-87c6-daf9a4eff0de,f558905d-ff4a-41c3-9033-b5c2e2a25d25,2023-11-30 11:58:00,2c7c0b40-21e5-4026-b405-3281a1c094fa,1600,100,1700
535799d6-7d65-4fd4-93c8-5f1feb79dc83,de26451c-3959-420f-a098-380adce42371,2023-11-30 12:34:00,2c7c0b40-21e5-4026-b405-3281a1c094fa,600,37,637
a83330f3-d7cb-4eb6-912f-73334c895cd6,0b4e3ffe-f5f7-4114-b024-c6db96ded07c,2023-11-30 08:09:00,2c7c0b40-21e5-4026-b405-3281a1c094fa,600,37,637
8f7c3084-34fa-4c27-a575-fd9ccee326d4,af2f7eac-f0fd-47b3-950c-56407269efef,2023-11-30 13:16:00,2c7c0b40-21e5-4026-b405-3281a1c094fa,1000,62,1062
e47b6673-2d55-4335-8d9a-1089923988db,f76e7677-2b6c-436a-b99c-2c46889222e6,2023-11-30 08:32:00,2c7c0b40-21e5-4026-b405-3281a1c094fa,500,31,531
1a3186e6-8561-4363-acd1-ab0139ee95f0,fcf524b5-1c15-4765-bd62-40fd2d094003,2023-11-30 09:28:00,2c7c0b40-21e5-4026-b405-3281a1c094fa,2300,143,2443
01d3a3d8-4b48-451d-84b9-c5846d85f05b,04f0e58e-9310-4613-9620-9d86a9aac81e,2023-11-30 08:58:00,2c7c0b40-21e5-4026-b405-3281a1c094fa,500,31,531
39ca6a49-7311-4789-8a19-4ea88e202437,f108b09a-f3b1-4d80-b3d3-0610542982ea,2023-11-30 08:10:00,2c7c0b40-21e5-4026-b405-3281a1c094fa,700,43,743
c7252117-4b82-4c83-8999-ea0666a1fd05,1d4f1fe4-7afc-4f0f-b019-c1e2b9c4d001,2023-11-30 07:54:00,2c7c0b40-21e5-4026-b405-3281a1c094fa,700,43,743
79bf2012-f9ac-4eea-8c55-625c22c34eab,e936075e-f265-47cf-9324-35d6187af866,2023-11-30 14:14:00,2c7c0b40-21e5-4026-b405-3281a1c094fa,400,25,425
e75760ac-6eca-484e-94d4-eb0b37424492,5ee74f0a-6394-489c-9731-e60841833a9f,2023-11-30 13:25:00,2c7c0b40-21e5-4026-b405-3281a1c094fa,0,0,0
03565116-93dd-4c7f-aec4-96701a395e62,a0e231cb-637d-4493-85da-e7abb1fe936a,2023-11-30 10:41:00,2c7c0b40-21e5-4026-b405-3281a1c094fa,400,25,425
c73e13da-7206-403a-9da5-d4180294b8ba,e3d19320-c4f4-41ba-b6a0-684f4897e53d,2023-11-30 12:08:00,2c7c0b40-21e5-4026-b405-3281a1c094fa,500,31,531
5d0164d4-35e9-4f77-afe9-9cd2d6973fd8,2b0dd3ef-74b8-4b6a-bd42-b747870fbd42,2023-11-30 07:23:00,2c7c0b40-21e5-4026-b405-3281a1c094fa,700,43,743
002d7221-7d6f-4826-82a7-4cca9a8b2888,73e150b4-e63b-40f5-8b1e-e3b0017300f7,2023-11-30 17:35:00,2c7c0b40-21e5-4026-b405-3281a1c094fa,700,43,743
3b9aa0a5-d468-48eb-9cd7-546698d67263,f58ade35-beb2-412f-a459-0684fedf4d28,2023-11-30 08:12:00,2c7c0b40-21e5-4026-b405-3281a1c094fa,500,31,531
0654b253-417e-4840-bbb0-cd875909545a,e9ed64ae-e9bc-49a1-956f-fb7c07e2f289,2023-11-30 08:04:00,2c7c0b40-21e5-4026-b405-3281a1c094fa,700,43,743
41738d0d-eb4d-44c2-b736-6669398045b4,8cdfd70a-f030-42d1-ac6b-815aa77d768d,2023-11-30 10:44:00,2c7c0b40-21e5-4026-b405-3281a1c094fa,600,37,637
b3bcf0f7-b9fc-4b22-bcdc-8140c4155ff7,0dbb4c55-b011-4c87-a456-6bb698852d78,2023-11-30 17:29:00,2c7c0b40-21e5-4026-b405-3281a1c094fa,700,43,743
9e4de818-767f-46a8-9a11-476f1dcf4fd6,58e99619-de64-48c0-adb0-1c722e1a8c04,2023-11-30 12:44:00,2c7c0b40-21e5-4026-b405-3281a1c094fa,500,31,531
0e1e0d96-a4d5-4960-b2d2-d6aa32121abd,ad406609-038c-4d8f-908b-29eb83eddb40,2023-11-30 07:21:00,2c7c0b40-21e5-4026-b405-3281a1c094fa,500,31,531
ad46c679-fcd0-4b33-95ca-2fe823bce178,74c597ea-d195-4bd1-aa04-e427bec2fa17,2023-11-30 08:41:00,2c7c0b40-21e5-4026-b405-3281a1c094fa,400,25,425
f5de238b-d07f-46ad-bc1f-72b1c44c1d55,4cce8105-937e-47f6-a79a-245b6422e04f,2023-11-30 08:11:00,2c7c0b40-21e5-4026-b405-3281a1c094fa,500,31,531
7fefedd9-6485-4733-86e4-87f247d294b6,2ff62908-2a68-4369-9d9c-86aa573ca4f2,2023-11-30 14:57:00,2c7c0b40-21e5-4026-b405-3281a1c094fa,1800,112,1912
1c870256-1c2b-4578-90d1-13792a9d2c43,54505263-9477-4b44-99d7-c3c1cb5b9ae8,2023-11-30 07:54:00,2c7c0b40-21e5-4026-b405-3281a1c094fa,2500,156,2656
d74cc35e-287a-4f81-8ea3-9405d83df112,d88640a1-b1be-4103-b8e4-b43117d8244c,2023-11-30 12:42:00,2c7c0b40-21e5-4026-b405-3281a1c094fa,600,37,637
3ed9b21c-5a6d-4c58-aa05-27728ad3fa32,f09b7477-29b1-4d00-800b-d12d278ac830,2023-11-30 13:30:00,2c7c0b40-21e5-4026-b405-3281a1c094fa,1900,118,2018
991a79f6-fcba-499d-bfaa-c36ffb335636,81dca010-b6fe-4115-8078-94b46cb99c1a,2023-11-30 16:47:00,2c7c0b40-21e5-4026-b405-3281a1c094fa,600,37,637
91311e84-c6e5-40b6-9720-246638cbc809,80e1531e-0b86-460a-84d1-e56dedaabaa2,2023-11-30 13:30:00,2c7c0b40-21e5-4026-b405-3281a1c094fa,1600,100,1700
bd4a2f65-7c7f-4798-899d-07d80a8d884a,fd31aa05-c88c-426d-9cd4-1bb676a9aab0,2023-11-30 14:44:00,2c7c0b40-21e5-4026-b405-3281a1c094fa,400,25,425
6ea805b0-a728-4888-a556-d5bf1f78e118,717b775b-5eaa-463e-ba45-ac45e63cc1ca,2023-11-30 07:01:00,2c7c0b40-21e5-4026-b405-3281a1c094fa,500,31,531
d688c536-091c-480c-895c-0fdeb96f6b20,33e8b867-e2fc-41c6-9a25-dee67fa2f23f,2023-11-30 15:16:00,2c7c0b40-21e5-4026-b405-3281a1c094fa,600,37,637
e793fc53-abf8-4927-aeb1-0e120bd3f275,290a6471-6527-42db-8a85-6452a351b89d,2023-11-30 08:51:00,2c7c0b40-21e5-4026-b405-3281a1c094fa,400,25,425
e7535ecd-d147-4d9e-b2ce-9b78a7f7a7d7,f89fcee5-0944-4ab1-b8f9-7b894803324b,2023-11-30 13:05:00,2c7c0b40-21e5-4026-b405-3281a1c094fa,700,43,743
6479c632-705a-4ce3-87bf-768327cf96b9,5ce71596-3a6b-4485-b3e0-f1ea2226a655,2023-11-30 14:52:00,2c7c0b40-21e5-4026-b405-3281a1c094fa,600,37,637
3a3ada9f-834c-4776-8367-fd67ad1a798f,0ddc410e-f67a-4ea5-8b59-8efea281727e,2023-11-30 09:10:00,2c7c0b40-21e5-4026-b405-3281a1c094fa,500,31,531
f4c57798-1bbc-40f7-ac89-f5871e58cc7f,09a6f48f-08f7-4722-876e-34a69cd5afe0,2023-11-30 08:44:00,2c7c0b40-21e5-4026-b405-3281a1c094fa,500,31,531
fa60db87-6055-4698-82b0-69bd7f334921,da04cf5e-9160-4b55-b29b-bac89e3efdef,2023-11-30 16:51:00,2c7c0b40-21e5-4026-b405-3281a1c094fa,1800,112,1912
78719863-43da-45cd-9240-f28f563fb026,61221960-ce6c-49aa-9007-6deaee1fe79c,2023-11-30 07:30:00,2c7c0b40-21e5-4026-b405-3281a1c094fa,400,25,425
3327330c-ad89-471e-b1e6-7dacfaed0dd2,fa87813c-8642-4647-819a-d45cdf464ec7,2023-11-30 13:34:00,2c7c0b40-21e5-4026-b405-3281a1c094fa,400,25,425
3b8ddfb9-50f4-4991-af0c-a48e47224f9e,95f8367b-c25a-481d-920e-5020e5aa6357,2023-11-30 15:31:00,2c7c0b40-21e5-4026-b405-3281a1c094fa,1900,118,2018
806ce03b-2b64-4389-9084-6b564a879b3f,e4f06dfc-7b35-4388-8282-b5649cafa195,2023-11-30 15:45:00,2c7c0b40-21e5-4026-b405-3281a1c094fa,500,31,531
c488f073-8e20-412d-8a91-dfb310c34dfb,9258bdcd-9fa0-41f5-9ea0-8fa72ab25157,2023-11-30 09:02:00,2c7c0b40-21e5-4026-b405-3281a1c094fa,700,43,743
757e2c6b-b353-4589-b735-ea86eaeae111,edf93937-7467-4cbe-be92-0abc0bc28432,2023-11-30 12:17:00,2c7c0b40-21e5-4026-b405-3281a1c094fa,400,25,425
4af86a6d-1300-4bdc-b4df-d194ec2c6f22,fa75a7cf-2ade-467f-9125-602e50dd7cda,2023-11-30 13:01:00,2c7c0b40-21e5-4026-b405-3281a1c094fa,600,37,637
84ecd96c-3d84-4d5c-80a0-72d00cfbcf4f,fa86383d-5c05-4a18-b6eb-6f97cf794762,2023-11-30 08:22:00,2c7c0b40-21e5-4026-b405-3281a1c094fa,600,37,637
1010d039-85ce-4093-a648-65d09429e959,ed2302d8-540f-40f6-b8ba-1a50086e909b,2023-11-30 14:30:00,2c7c0b40-21e5-4026-b405-3281a1c094fa,400,25,425
222b95d4-7e6f-442b-97a1-da8b9912ce27,225cedf2-e2bb-48d4-9737-4b90a89aa988,2023-11-30 11:43:00,2c7c0b40-21e5-4026-b405-3281a1c094fa,2100,131,2231
fa7d5eb6-8cf6-4463-b37a-2a67ad73caa5,b330ba9a-70a3-47c1-9e4d-5ee87da77593,2023-11-30 15:13:00,2c7c0b40-21e5-4026-b405-3281a1c094fa,400,25,425
e9420bbd-7dfa-4eac-b301-6ef98bf7044f,af3dc3c6-d7d9-4803-90d7-b55e79b22d76,2023-11-30 08:23:00,2c7c0b40-21e5-4026-b405-3281a1c094fa,500,31,531
555e2519-b62b-4cc3-b576-62b5796c2932,7187df43-a9cd-4d7d-9c30-f9bd4c359acd,2023-11-30 07:30:00,2c7c0b40-21e5-4026-b405-3281a1c094fa,600,37,637
c36c730d-d48f-4f19-b89d-9f103b5d356e,341cc826-b57e-4bbd-8201-efedaf4c92d1,2023-11-30 10:20:00,2c7c0b40-21e5-4026-b405-3281a1c094fa,1700,106,1806
4fd54235-83b2-491a-98f7-8d1248709a50,d9e29bad-fb1a-4823-b64a-387f3730d778,2023-11-30 07:59:00,2c7c0b40-21e5-4026-b405-3281a1c094fa,600,37,637
ac97c637-5f8e-4e2d-9d89-c3b07f9b80c0,5d20b1af-4da2-4c21-9162-be96e4a17e16,2023-11-30 13:53:00,2c7c0b40-21e5-4026-b405-3281a1c094fa,1700,106,1806
51850e85-084a-4f13-9aea-1acdc4af00b5,1edc0be5-374b-4971-b3e7-22d6827cc5af,2023-11-30 16:35:00,2c7c0b40-21e5-4026-b405-3281a1c094fa,1800,112,1912
f88e9d07-1fdb-4fc0-83aa-756f0b4d7872,cb8bd320-aaf1-407a-97f2-0810af6121c8,2023-11-30 18:20:00,2c7c0b40-21e5-4026-b405-3281a1c094fa,1600,100,1700
7d4606b5-51df-49c4-abcc-f17a0f35c409,37cde76d-d177-41a0-bb0b-6c40df3f37b1,2023-11-30 07:51:00,2c7c0b40-21e5-4026-b405-3281a1c094fa,600,37,637
99756c6a-7be3-41a2-a44f-0d15e784976d,490eb03b-b6c7-4dc9-81db-76fc63f7e94e,2023-11-30 16:20:00,2c7c0b40-21e5-4026-b405-3281a1c094fa,500,31,531
fa6431ab-1ccc-439a-99f3-54a00f505f2c,90b91ce7-46e2-4b12-baa8-2cdfa15656ea,2023-11-30 08:42:00,2c7c0b40-21e5-4026-b405-3281a1c094fa,500,31,531
b434436d-fd5b-49ce-8bca-c8f956d79d94,4f65c9cf-09ca-407b-9eb9-d1927236fed1,2023-11-30 15:37:00,2c7c0b40-21e5-4026-b405-3281a1c094fa,1800,112,1912
8b31109d-afec-44a8-9161-0e9df8b832f6,04f23052-0975-4fc5-b516-b502a44254eb,2023-11-30 14:08:00,2c7c0b40-21e5-4026-b405-3281a1c094fa,500,31,531
eb6fce0e-6cc3-478d-b08b-09583213c60e,6580d0a6-b610-43c9-98b4-0b3a4d35181f,2023-11-30 08:18:00,2c7c0b40-21e5-4026-b405-3281a1c094fa,500,31,531
0996c337-5089-465a-8d7b-d0264d5f573d,ea7f3c07-7866-45ed-9af2-75c96025c924,2023-11-30 16:26:00,2c7c0b40-21e5-4026-b405-3281a1c094fa,1800,112,1912
c0058e97-86ca-49f7-b1cf-ca6653249551,3b910127-b73e-48af-add0-951120f9c1c7,2023-11-30 17:08:00,2c7c0b40-21e5-4026-b405-3281a1c094fa,1700,106,1806
b85dd45c-fdf5-4c5e-bcc1-8864295c7402,8b7c60db-4f5b-40d2-ac84-2a4e24196bd3,2023-11-30 07:44:00,2c7c0b40-21e5-4026-b405-3281a1c094fa,600,37,637
4e84b833-56f9-42e3-b6bb-5833442b4a81,d9f56e87-a63f-42db-a715-ecfd7c776e6c,2023-11-30 08:28:00,2c7c0b40-21e5-4026-b405-3281a1c094fa,400,25,425
80fafcf0-369d-4fc4-9e97-a37c6b84081f,914a31cb-ac05-4d33-84c3-8ba56558f6fb,2023-11-30 07:52:00,2c7c0b40-21e5-4026-b405-3281a1c094fa,700,43,743
52c5fe40-6fdb-4dec-8c63-9fd6d726635b,5ae067ce-c89b-429a-bfd8-835bd4f6c745,2023-11-30 11:49:00,2c7c0b40-21e5-4026-b405-3281a1c094fa,400,25,425
65ecdc8c-47ca-4e19-a34c-5ad04359d408,d76996e6-2a54-4d8e-8f38-1ee332f3cadd,2023-11-30 17:08:00,2c7c0b40-21e5-4026-b405-3281a1c094fa,1900,118,2018
a6d10181-50fb-49b8-89c8-a198d8832f4b,6bb09c4b-0695-44ea-abd7-b1f9ea506814,2023-11-30 13:26:00,2c7c0b40-21e5-4026-b405-3281a1c094fa,700,43,743
e7ade53b-2790-4de0-9a7f-35e42eb220dc,73351b1f-87c4-4ec1-a2d3-0c7034a48f70,2023-11-30 10:24:00,2c7c0b40-21e5-4026-b405-3281a1c094fa,600,37,637
469f5934-5f3c-455c-8e53-2432c72a4b11,3fd3b778-820c-446d-9461-9dfda90aa25e,2023-11-30 07:06:00,2c7c0b40-21e5-4026-b405-3281a1c094fa,700,43,743
87808d04-2af2-4fa3-9a15-88d2c4a5805b,42e5a617-ec38-425c-aec8-2dc4ef5a53d7,2023-11-30 17:13:00,2c7c0b40-21e5-4026-b405-3281a1c094fa,1600,100,1700
03364388-1183-40bf-91b5-a6733fcb7346,6d71309e-800a-463c-80cc-de411ebe5c20,2023-11-30 13:37:00,2c7c0b40-21e5-4026-b405-3281a1c094fa,2200,137,2337
6130964e-83de-42e2-a0ff-5d010febcb7b,a2a067a7-47b7-4c15-a37f-f29551998f16,2023-11-30 14:11:00,2c7c0b40-21e5-4026-b405-3281a1c094fa,500,31,531
24086cce-a242-496d-8000-12e16d8556ef,d9731a0e-c5f3-4a28-a7b7-108045d90039,2023-11-30 11:54:00,2c7c0b40-21e5-4026-b405-3281a1c094fa,600,37,637
1549a23a-5f9a-4064-ad58-603c288ea7e3,af23a8f9-7c01-484b-948c-15c04b633ecb,2023-11-30 12:33:00,2c7c0b40-21e5-4026-b405-3281a1c094fa,1700,106,1806
341d731a-1bff-46a3-ad26-cf1af9726c19,6a4c7390-cd12-4f21-867f-1fd27ed0529f,2023-11-30 18:18:00,2c7c0b40-21e5-4026-b405-3281a1c094fa,700,43,743
1ac54a4d-9ada-4555-b07a-54688bd02846,d689cb26-458f-402b-aa4a-aae632f9d57d,2023-11-30 07:09:00,2c7c0b40-21e5-4026-b405-3281a1c094fa,600,37,637
40673b73-4b83-4abb-9ee1-5759dfe3b9c8,ec200c8d-8fb0-4370-a443-0ef74c624392,2023-11-30 08:00:00,2c7c0b40-21e5-4026-b405-3281a1c094fa,700,43,743
fd37ded2-6e10-4dab-bff5-f55b38ff751e,d9cc6c50-9928-4d4f-8750-24817ff2bc24,2023-11-30 07:49:00,2c7c0b40-21e5-4026-b405-3281a1c094fa,600,37,637
16690084-88e6-4c25-9a60-498261595e79,f42f9a30-6970-4860-a605-2683706990ab,2023-11-30 13:42:00,2c7c0b40-21e5-4026-b405-3281a1c094fa,1800,112,1912
4e442c54-3dc7-4780-967d-ef3ae2970441,11f377bb-0bd9-4fed-bb18-7f818ce17bcb,2023-11-30 13:32:00,2c7c0b40-21e5-4026-b405-3281a1c094fa,400,25,425
8d5d8a76-cc35-4583-83e8-ea9f9eb5cacb,a0928352-1d2e-4ed9-99d4-1322339e4cc0,2023-11-30 14:46:00,2c7c0b40-21e5-4026-b405-3281a1c094fa,2000,125,2125
fc255bce-53cf-4db3-9edf-455a58e0ab8f,549648e0-135e-46c1-b6a0-42895fb5325d,2023-11-30 09:39:00,2c7c0b40-21e5-4026-b405-3281a1c094fa,1800,112,1912
f6242d08-3269-4413-afb5-1d88290b6d27,332a1502-92d0-4eca-abc8-3733b038dba7,2023-11-30 08:35:00,2c7c0b40-21e5-4026-b405-3281a1c094fa,400,25,425
71f4a785-2e15-4d06-8be9-6d1e9de3987f,128657ab-6c0f-4b68-b619-8522913ff958,2023-11-30 14:48:00,2c7c0b40-21e5-4026-b405-3281a1c094fa,500,31,531
599f0873-ad03-4caf-a5d0-fcdb313a427f,b25cf0ba-5ca4-45e8-b091-a250f62871e0,2023-11-30 15:17:00,2c7c0b40-21e5-4026-b405-3281a1c094fa,700,43,743
a729c625-743a-49e8-a3ad-a604fe3ff1c3,dea24063-82bc-4e4d-8ff1-ce2ad51ba43c,2023-11-30 17:23:00,2c7c0b40-21e5-4026-b405-3281a1c094fa,1500,93,1593
8d866985-a8fb-4ec3-a5e1-6b4030c67404,c83203f8-a243-44c6-beb5-6f579475ce13,2023-11-30 16:13:00,2c7c0b40-21e5-4026-b405-3281a1c094fa,1900,118,2018
7c6351b8-b473-4f57-8edb-7751d1e906ba,8d221043-e280-4b5b-a3e1-df9e96adc1ef,2023-11-30 14:51:00,2c7c0b40-21e5-4026-b405-3281a1c094fa,500,31,531
fb131dc3-bcf5-4849-99ff-4b37450ef778,5ef51cb8-5373-43ab-baa8-bc0bf0b1f03a,2023-11-30 08:26:00,2c7c0b40-21e5-4026-b405-3281a1c094fa,600,37,637
9421dbf1-8ef1-417a-81dd-fb89b2409b54,4503c9d9-3380-4ab0-9c5c-d339b2f9a616,2023-11-30 16:48:00,2c7c0b40-21e5-4026-b405-3281a1c094fa,1100,68,1168
24c191f9-7c3b-4f12-b700-fabeccd100cb,532ea9a3-d791-4781-9da2-01fff6161ac4,2023-11-30 08:14:00,2c7c0b40-21e5-4026-b405-3281a1c094fa,1700,106,1806
6ced5d1a-2761-4dbe-b72f-0d7bcc2cf3ba,82ffeefb-7c59-4625-be1d-d1a60cf599e0,2023-11-30 16:59:00,2c7c0b40-21e5-4026-b405-3281a1c094fa,1800,112,1912
7429d093-dc6a-4363-8b28-17668bfd4619,776c8db3-e7d4-427e-b6ac-9c5b6d3c9a95,2023-11-30 14:37:00,2c7c0b40-21e5-4026-b405-3281a1c094fa,400,25,425
cc74fb08-c7b2-4354-bb8b-56f714cf2fbf,c63d7b39-84c4-496f-9e49-b022d4c67379,2023-11-30 13:03:00,2c7c0b40-21e5-4026-b405-3281a1c094fa,600,37,637
1e1ff0ec-bd34-4810-9b03-ef15aa9093db,80fbd5cc-a16a-4bfc-b2d6-4c96963c7272,2023-11-30 17:16:00,2c7c0b40-21e5-4026-b405-3281a1c094fa,600,37,637
b7249e89-873f-4cfc-a4e3-fe145a513e58,567ad296-7827-479a-904c-03986fcd533f,2023-11-30 14:28:00,2c7c0b40-21e5-4026-b405-3281a1c094fa,500,31,531
c5f42ed3-fcb3-443b-8323-70d86ded967c,6ccf4269-e194-462e-8c01-8c5955d6bd1c,2023-11-30 08:44:00,2c7c0b40-21e5-4026-b405-3281a1c094fa,500,31,531
ac22b4c3-a08b-45f3-9a60-d8115007b8b1,2e832c93-3fe2-48f3-9c75-853ddcc51188,2023-11-30 19:07:00,2c7c0b40-21e5-4026-b405-3281a1c094fa,1600,100,1700
a39d22fe-5251-4895-8e70-9f80bcb80250,e3031c45-e8dc-4f53-a9d9-d3d2d6da4eab,2023-11-30 09:00:00,2c7c0b40-21e5-4026-b405-3281a1c094fa,500,31,531
e6795132-8584-43b0-91fc-84208a34c78c,f438a665-870f-4f64-b48e-1ee83bfc1aba,2023-11-30 18:14:00,2c7c0b40-21e5-4026-b405-3281a1c094fa,400,25,425
f7c495c1-8ce0-4d4b-addf-cc1df06f25e3,c9cbb253-97c7-485c-b85f-451a18192201,2023-11-30 07:13:00,2c7c0b40-21e5-4026-b405-3281a1c094fa,700,43,743
c63cb405-3cac-4016-8d0d-1a83995cd12f,c23880b8-861f-4efd-b8d3-ecef7a43da0a,2023-11-30 17:04:00,2c7c0b40-21e5-4026-b405-3281a1c094fa,1800,112,1912
a965a84c-9f8c-4153-a1ff-6575b1e0d97f,6baf1e46-52c6-4e6d-8297-848fe09a0a7d,2023-11-30 14:10:00,2c7c0b40-21e5-4026-b405-3281a1c094fa,700,43,743
c7fa1c03-7ab4-4ae3-98c6-b9996a05e0e1,73ffeb0a-1eff-45da-a196-7ff2b71038cd,2023-11-30 13:27:00,2c7c0b40-21e5-4026-b405-3281a1c094fa,2200,137,2337
201da967-fc33-4f2a-be22-f915a71730c2,df4b8a9b-7fad-4ccb-aed3-d549db457b35,2023-11-30 10:55:00,2c7c0b40-21e5-4026-b405-3281a1c094fa,500,31,531
afbf5287-22bd-401e-adcf-b51be6fde18d,c9caa866-c448-4027-ac51-350ceb472f0a,2023-11-30 07:27:00,2c7c0b40-21e5-4026-b405-3281a1c094fa,500,31,531
adccd938-3210-4c55-97f8-1ebbf21b7585,02deee14-c680-46b5-a231-4a5c23642767,2023-11-30 16:57:00,2c7c0b40-21e5-4026-b405-3281a1c094fa,600,37,637
0c27b2dd-c7b7-48f4-8782-651a90a3cd9d,870e9d5f-72b4-4c42-a21f-7cdae3df8999,2023-11-30 08:02:00,2c7c0b40-21e5-4026-b405-3281a1c094fa,500,31,531
105c4f44-0b5e-44be-99c6-9a1b67569d63,88895029-7409-4d53-bf53-9da65334592c,2023-11-30 08:29:00,2c7c0b40-21e5-4026-b405-3281a1c094fa,1200,75,1275
24cae257-6029-4afe-9ccc-059f08316fc1,98dd44e0-8267-41d7-9ab7-2ec70d317edd,2023-11-30 07:36:00,2c7c0b40-21e5-4026-b405-3281a1c094fa,500,31,531
863d253e-4a66-4439-87f5-f1976e723c22,a3a3e27d-80d7-45cc-9c5a-cb1314ccedc3,2023-11-30 11:19:00,2c7c0b40-21e5-4026-b405-3281a1c094fa,2400,150,2550
2f861a19-68f5-4c7a-bb52-76e481da9ddf,21ad42ca-b172-460f-b87d-eb3146cfd7ab,2023-11-30 17:16:00,2c7c0b40-21e5-4026-b405-3281a1c094fa,400,25,425
c96c87dc-6622-4bab-85fb-8c04eaa2fddb,a6ba0baa-029e-4a9f-9825-b8af7fc606db,2023-11-30 15:54:00,2c7c0b40-21e5-4026-b405-3281a1c094fa,2100,131,2231
21e91ef9-049c-4d0a-83ff-a57c0b2d56bb,bfb0b52c-65c3-43f9-8780-49304c6b8950,2023-11-30 16:53:00,2c7c0b40-21e5-4026-b405-3281a1c094fa,700,43,743
e1e3c580-9720-4784-b070-81a935eff598,add5cadc-19b7-496f-be99-3ea4577090a8,2023-11-30 12:10:00,2c7c0b40-21e5-4026-b405-3281a1c094fa,1200,75,1275
322efd06-2c23-4c6b-8778-21e828278a89,55fba3bd-b699-4784-aa0f-02eee2bb0505,2023-11-30 17:57:00,2c7c0b40-21e5-4026-b405-3281a1c094fa,1800,112,1912
bbc058f4-8b6c-4f9b-9c1e-72c5b2cc671b,86ac6875-25e6-46a1-a433-e627e828fd82,2023-11-30 13:15:00,2c7c0b40-21e5-4026-b405-3281a1c094fa,600,37,637
e90298ba-e9cf-4ef9-b377-f70b2d4ea431,09a4ab63-59e2-4bb4-ad07-a754cdbbd0f1,2023-11-30 08:30:00,2c7c0b40-21e5-4026-b405-3281a1c094fa,600,37,637
0bd8bf4b-7113-4660-8809-8939c10f06fd,cfe721e9-2b3c-471c-ab34-165a74d750ea,2023-11-30 07:53:00,2c7c0b40-21e5-4026-b405-3281a1c094fa,600,37,637
cd065a96-d30f-477b-af62-4982d30a915e,fc9504bc-32d7-4418-9b0a-629f0c180cc8,2023-11-30 16:40:00,2c7c0b40-21e5-4026-b405-3281a1c094fa,1800,112,1912
dd12c006-be47-47a2-8580-3d6fbc9f8abb,085007d2-a2c8-4c52-8232-249d247eb356,2023-11-30 14:26:00,2c7c0b40-21e5-4026-b405-3281a1c094fa,1400,87,1487
cb56572c-b11c-4bae-a601-c099b73eeb4f,a369f7d7-177a-49e5-804f-b41b61109600,2023-11-30 07:37:00,2c7c0b40-21e5-4026-b405-3281a1c094fa,500,31,531
34ebfe3e-3f7a-4b72-9ac9-85e5163e50cf,3ea763b7-6fe2-4a79-8f2e-9c04799b7d30,2023-11-30 12:22:00,2c7c0b40-21e5-4026-b405-3281a1c094fa,1700,106,1806
de5318c2-0b3a-47ab-b840-8387e2d62bda,88cf1fe9-96fa-404e-ba49-767d646c0446,2023-11-30 16:45:00,2c7c0b40-21e5-4026-b405-3281a1c094fa,1700,106,1806
949c0f33-8393-472b-b3ea-ab0f916fa9aa,365d2e41-1070-4e46-8033-a297d6ef1a98,2023-11-30 08:21:00,2c7c0b40-21e5-4026-b405-3281a1c094fa,700,43,743
25c03c83-b64b-4366-9c0e-3a78c9adbf16,26695097-7378-4faa-9f62-d0e0664ff11e,2023-11-30 07:22:00,2c7c0b40-21e5-4026-b405-3281a1c094fa,400,25,425
e672d7c0-bcc7-43b4-8a67-23b4ffa9fcd8,186384b9-43b2-44b6-8c1b-43fafd8e5e0f,2023-11-30 18:06:00,2c7c0b40-21e5-4026-b405-3281a1c094fa,1700,106,1806
ad1d069c-a5a5-4673-80c1-1ce77f0b97c0,d48cb31c-5a14-4389-8b0f-0d002d402ecb,2023-11-30 17:09:00,2c7c0b40-21e5-4026-b405-3281a1c094fa,600,37,637
1f7a0d11-8b74-482a-a757-1bca65d25175,ac66f553-fefe-47d2-bd39-13ed1fcb3330,2023-11-30 14:09:00,2c7c0b40-21e5-4026-b405-3281a1c094fa,1800,112,1912
af9e612b-a647-4c4b-ab68-2b40c3b87624,47e6b98f-1bc2-4e71-9c31-7359525c89a4,2023-11-30 13:37:00,2c7c0b40-21e5-4026-b405-3281a1c094fa,3000,187,3187
32d42757-b132-4587-8d70-32746cdbafc1,879f8d92-cd5a-45b0-a78c-bb13a5542cfe,2023-11-30 17:08:00,2c7c0b40-21e5-4026-b405-3281a1c094fa,1500,93,1593
22fb08e1-10c1-4c64-a0af-5f079b0a3c74,763902ed-d882-4eca-a0f1-0b333eb57c8d,2023-11-30 07:46:00,2c7c0b40-21e5-4026-b405-3281a1c094fa,500,31,531
483814e6-f24a-41cb-8765-ac5bf7617b86,690a51c9-e9a4-4ab0-8a98-19b76e98f62a,2023-11-30 15:17:00,2c7c0b40-21e5-4026-b405-3281a1c094fa,700,43,743
67aa1666-a615-48c9-ba4b-bd17375c78e5,9acce0e8-d045-4d2f-b4b2-a017e0dc7a4a,2023-11-30 08:55:00,2c7c0b40-21e5-4026-b405-3281a1c094fa,1200,75,1275
f0547f9b-3061-49db-8992-167e91958ea1,44078c2b-ff96-4411-ac21-3ac475d9f62f,2023-11-30 08:07:00,059136e5-beb1-43f4-a3fe-9cc14dd0989b,700,52,752
ae668a41-0073-4a5c-82b7-298dbfb2e754,a0354bad-2ea1-40d9-8f93-fd88591247e2,2023-11-30 14:01:00,059136e5-beb1-43f4-a3fe-9cc14dd0989b,500,37,537
1876dfd3-2592-4be6-91ef-8eba9692ecd1,09e7c029-5016-4dfa-8e31-77678314c378,2023-11-30 08:12:00,059136e5-beb1-43f4-a3fe-9cc14dd0989b,600,44,644
412bf7b0-70de-411f-b98a-0854228fbb9e,81470d98-dacd-4700-ba0c-0c7913bef08f,2023-11-30 07:51:00,059136e5-beb1-43f4-a3fe-9cc14dd0989b,600,44,644
32baad1f-0a8c-4a92-b574-8345538723f5,a8581b41-551a-4f0c-b260-7d7001b751b1,2023-11-30 14:16:00,059136e5-beb1-43f4-a3fe-9cc14dd0989b,1800,135,1935
27e39dae-6e48-4be1-bed6-ef9fb52b1c4e,486f7413-79ea-433d-adb4-14d7e49487e8,2023-11-30 13:48:00,059136e5-beb1-43f4-a3fe-9cc14dd0989b,400,30,430
9bd76563-d9c9-4cfb-adb6-50f29f87bce1,d0dc284e-b60f-48e9-9b8d-c12ab1d0424c,2023-11-30 07:59:00,059136e5-beb1-43f4-a3fe-9cc14dd0989b,600,44,644
c18b4d4d-81ff-43d9-92bd-131cbb18db3e,f1a51900-aed7-4360-a2ff-053803fd229e,2023-11-30 17:23:00,059136e5-beb1-43f4-a3fe-9cc14dd0989b,400,30,430
44c28fe8-b79e-493a-8203-4a36e32bbd10,daeb0a8d-7840-447b-bb99-8952510a6f73,2023-11-30 09:07:00,059136e5-beb1-43f4-a3fe-9cc14dd0989b,600,44,644
2927c854-aec7-41bc-8930-1df7859b40e1,ff2da684-c201-46c5-8d08-053bd768156b,2023-11-30 08:43:00,059136e5-beb1-43f4-a3fe-9cc14dd0989b,400,30,430
365dc5a8-b8c4-4f88-8c13-434cabbd5a6e,71c39325-a7ad-4d27-8f8e-9bd563ba86c3,2023-11-30 13:01:00,059136e5-beb1-43f4-a3fe-9cc14dd0989b,500,37,537
01571513-95d4-4f6d-a6af-8e4ce57f02f2,9cc660cc-7431-45e4-a363-dfdc24f40577,2023-11-30 11:29:00,059136e5-beb1-43f4-a3fe-9cc14dd0989b,600,44,644
64fd7e9c-94f1-419c-8c30-f89305133221,eec4d1d4-4fa4-4078-ad90-fc84ded07515,2023-11-30 14:54:00,059136e5-beb1-43f4-a3fe-9cc14dd0989b,700,52,752
f9dda78d-8ba6-40b4-9635-19a8dc2eec5a,72b98a5e-a9a4-46ad-b5db-be0120ecdb29,2023-11-30 08:29:00,059136e5-beb1-43f4-a3fe-9cc14dd0989b,400,30,430
c40e934b-9d2a-4fbc-bd6d-72b830a2a4ec,dcf87a24-5156-453f-b5ef-aac22c14d08c,2023-11-30 16:56:00,059136e5-beb1-43f4-a3fe-9cc14dd0989b,400,30,430
a37bd82c-8426-472d-aa10-d4df7f09ac1c,f8b78676-afd7-4af9-97ab-f0214590c933,2023-11-30 13:08:00,059136e5-beb1-43f4-a3fe-9cc14dd0989b,1300,97,1397
fe3acfe7-cf8f-4dd8-ae0d-11e70c52e4e6,4beb0ffa-7216-45d7-8f7b-56bf75262d32,2023-11-30 13:25:00,059136e5-beb1-43f4-a3fe-9cc14dd0989b,700,52,752
5f2a8093-35c6-405d-949d-eb3cb21fd782,211dd5c2-004c-4428-a977-ff1d69bd2b17,2023-11-30 12:30:00,059136e5-beb1-43f4-a3fe-9cc14dd0989b,2300,172,2472
0819dde4-1ba2-431a-84fc-50a02511a297,1c1ac51a-3921-40e4-a21e-99f6f6f6f01b,2023-11-30 07:26:00,059136e5-beb1-43f4-a3fe-9cc14dd0989b,400,30,430
ad5f8f30-67ff-4417-9dea-661241db46b6,3f40e3be-f3ab-4e84-b084-3b2f6f92b1ed,2023-11-30 08:13:00,059136e5-beb1-43f4-a3fe-9cc14dd0989b,700,52,752
0690b54c-3161-4eba-92ae-4d14cc6a9f3d,c8754fc3-e053-42e0-9cbd-964bf34f51f6,2023-11-30 11:15:00,059136e5-beb1-43f4-a3fe-9cc14dd0989b,600,44,644
5bdb4137-f2fc-497f-b34d-3ba01c83a27c,18b3cb0c-66bf-4610-953a-7d06de368bf4,2023-11-30 07:14:00,059136e5-beb1-43f4-a3fe-9cc14dd0989b,400,30,430
6b7823e6-f4fb-47e9-a771-8ce0d48548c0,e3f6c810-39ff-4eb4-8cc8-3700ee849ace,2023-11-30 08:26:00,059136e5-beb1-43f4-a3fe-9cc14dd0989b,400,30,430
37511fcc-b979-488e-b2df-0510e4a048ff,01edc445-0ab9-4ece-b57d-56073a6a59fd,2023-11-30 12:53:00,059136e5-beb1-43f4-a3fe-9cc14dd0989b,2500,187,2687
ada46466-e82a-422b-b537-4f89cbe82351,2a1fde7e-ff9e-41b3-bb63-60756dd3cca3,2023-11-30 12:47:00,059136e5-beb1-43f4-a3fe-9cc14dd0989b,1700,127,1827
c8163016-41fd-429c-b07b-af7f15ab036f,f598c3f9-089b-45ed-bdf2-192ebf4b52a8,2023-11-30 08:11:00,059136e5-beb1-43f4-a3fe-9cc14dd0989b,500,37,537
1f74df1a-e103-4292-a2a2-3acc9f4b78fd,d7946036-09c5-4ee9-85d7-05ca1e3757d6,2023-11-30 15:57:00,059136e5-beb1-43f4-a3fe-9cc14dd0989b,600,44,644
67da3570-a1da-42ec-9ac3-123ce40da9e4,dd6054cf-c805-442d-9ba8-23178af8d01c,2023-11-30 09:04:00,059136e5-beb1-43f4-a3fe-9cc14dd0989b,400,30,430
47a8a4a9-29b7-4c54-b0e5-9cca555b71a6,506e4013-8887-496e-9a04-f0e01887e821,2023-11-30 08:19:00,059136e5-beb1-43f4-a3fe-9cc14dd0989b,600,44,644
01b66b16-22e9-478f-8e68-1be9a4d398bc,db50af94-1909-4313-988e-8695a73ed980,2023-11-30 12:52:00,059136e5-beb1-43f4-a3fe-9cc14dd0989b,600,44,644
2c76e683-978c-4a9c-88a1-57dfbf75e51f,286c7b1a-c254-4b5a-aed6-0b013043d54d,2023-11-30 12:55:00,059136e5-beb1-43f4-a3fe-9cc14dd0989b,2300,172,2472
82680698-8a96-4539-b507-0d191cd63409,066549a0-a727-4dc8-bea0-a47abd763698,2023-11-30 18:25:00,059136e5-beb1-43f4-a3fe-9cc14dd0989b,2000,150,2150
ddf7b235-f664-47c1-98c1-f1966e6d4e46,0bd2b5e2-1051-47d3-9c88-8fe2cce0d72c,2023-11-30 08:00:00,059136e5-beb1-43f4-a3fe-9cc14dd0989b,500,37,537
98c8272b-ee02-4507-b6c8-dc468ce1573e,aab05592-ac5f-4f9d-9f06-1701032ffd68,2023-11-30 14:22:00,059136e5-beb1-43f4-a3fe-9cc14dd0989b,400,30,430
b6430e08-bfab-4cef-8617-3208e8ed98ff,dce91346-49e1-4dc0-8151-0aee0146f7b0,2023-11-30 07:56:00,059136e5-beb1-43f4-a3fe-9cc14dd0989b,500,37,537
1a2ceba8-fb7a-4a3c-a066-e6ed6bdd7061,44cd1c90-3e7d-45f1-b7a7-eb24f631ec62,2023-11-30 11:45:00,059136e5-beb1-43f4-a3fe-9cc14dd0989b,600,44,644
428062f5-2c1c-4e7c-a9bf-ae78565a05ea,3ba06841-e0f5-4986-a061-a20a8d1a9468,2023-11-30 07:28:00,059136e5-beb1-43f4-a3fe-9cc14dd0989b,600,44,644
d111c696-cb3d-4017-8535-e4abd36f90f3,08a94312-0375-4898-8816-c527f1a9e954,2023-11-30 09:01:00,059136e5-beb1-43f4-a3fe-9cc14dd0989b,500,37,537
0197e035-82cd-4948-93c5-59045f3a2ce4,7018d6b2-3bff-425d-9c6b-bdbdc3f5049e,2023-11-30 19:29:00,059136e5-beb1-43f4-a3fe-9cc14dd0989b,400,30,430
83dbcd36-2b4d-4843-b725-12447bbba1db,79729105-3697-4b71-a71a-ef98faaff6e9,2023-11-30 08:22:00,059136e5-beb1-43f4-a3fe-9cc14dd0989b,400,30,430
b74cee03-9212-4a38-9592-d701ac2520c2,ab9a0bd4-92b5-4830-85c6-278efca955b1,2023-11-30 10:17:00,059136e5-beb1-43f4-a3fe-9cc14dd0989b,500,37,537
f8c2f2ba-b7eb-4ce6-a00a-74f0a331efe1,18456dea-0e90-45e1-8bfa-d45383d9477a,2023-11-30 16:06:00,059136e5-beb1-43f4-a3fe-9cc14dd0989b,1700,127,1827
5e8b0533-9ec6-4ffc-a5e4-2160d9019f6b,504165b5-1c7f-4bfa-846d-1eb205d06012,2023-11-30 18:07:00,059136e5-beb1-43f4-a3fe-9cc14dd0989b,600,44,644
4338105e-f1c1-4179-a19d-edceafc04fe4,877a7a1a-64dc-41df-8363-8d8e37450087,2023-11-30 15:14:00,059136e5-beb1-43f4-a3fe-9cc14dd0989b,1800,135,1935
7b23b007-b0a1-4d92-8178-0b9d066561db,823ed844-fd3f-49a3-acd0-c94ccbede0c4,2023-11-30 12:43:00,059136e5-beb1-43f4-a3fe-9cc14dd0989b,1900,142,2042
c7abb916-0ab2-4f1c-8204-64bc4cceec4c,b0307cea-2d3c-4d8b-8a8a-ff40768baf60,2023-11-30 08:21:00,059136e5-beb1-43f4-a3fe-9cc14dd0989b,400,30,430
bda832e0-227e-4e78-82a7-b909fabd5dec,3c804db9-c8df-4b39-a554-920bb75231af,2023-11-30 08:28:00,059136e5-beb1-43f4-a3fe-9cc14dd0989b,700,52,752
df48824b-56d0-4559-9ebd-7a3993f25d82,f7ad63c5-7073-4979-a425-55175695dc63,2023-11-30 08:34:00,059136e5-beb1-43f4-a3fe-9cc14dd0989b,500,37,537
9a9b1cac-f49d-497d-9caf-dd3a6777c9e4,c1cfb454-4447-43c5-a7b6-6769a6d3506e,2023-11-30 08:13:00,059136e5-beb1-43f4-a3fe-9cc14dd0989b,500,37,537
3dfecd88-0b2c-456e-8d23-7e67bab15472,781e5cf8-ed9f-4299-a163-e6a677bbe364,2023-11-30 08:29:00,059136e5-beb1-43f4-a3fe-9cc14dd0989b,600,44,644
ffe33143-1814-4bcc-8d67-4165145180a4,050ddc48-4654-4eda-bca1-7f1fb8704f7a,2023-11-30 08:16:00,059136e5-beb1-43f4-a3fe-9cc14dd0989b,600,44,644
b211c1c5-59e2-4707-8fad-1a79164ad0f8,10302e54-e659-4d7e-ac35-4df71a7d22ea,2023-11-30 15:29:00,059136e5-beb1-43f4-a3fe-9cc14dd0989b,1200,89,1289
24e02c13-959f-4513-935e-b2fe557bd0f9,2fa283a1-4467-4a1f-a6eb-da027d38ba02,2023-11-30 07:35:00,059136e5-beb1-43f4-a3fe-9cc14dd0989b,400,30,430
2a76c015-780a-4300-af0d-886fb499e941,8579dc59-feca-41a5-805a-7ad410476f97,2023-11-30 13:51:00,059136e5-beb1-43f4-a3fe-9cc14dd0989b,400,30,430
41af3302-e284-4b68-b3ec-25aad0ad7628,f34929ee-3e72-4a33-add6-7a7058bf05d7,2023-11-30 14:00:00,059136e5-beb1-43f4-a3fe-9cc14dd0989b,600,44,644
c0dae999-c589-44ed-bba6-322134609be6,d402ab9e-b483-45d9-9d7a-2c18331a665a,2023-11-30 13:34:00,059136e5-beb1-43f4-a3fe-9cc14dd0989b,1500,112,1612
fa44514f-35e9-4e1e-acee-749e65c92d78,e785b14b-748f-4b64-9589-e822b226f9a8,2023-11-30 08:40:00,059136e5-beb1-43f4-a3fe-9cc14dd0989b,700,52,752
5cf76cfb-d9b1-4fe0-a3b5-5ad8059d90f7,31d0513e-0837-4053-8b9a-c3eff3970c19,2023-11-30 14:11:00,059136e5-beb1-43f4-a3fe-9cc14dd0989b,1800,135,1935
88672377-6810-4e1c-819c-6bf231d7da49,23bb9204-6575-4bbb-b910-b827f247824b,2023-11-30 07:40:00,059136e5-beb1-43f4-a3fe-9cc14dd0989b,700,52,752
2d1fda36-5569-407c-af48-29c0818ec97e,51cad696-8312-4f57-8a0b-4fbdbe11af59,2023-11-30 12:57:00,059136e5-beb1-43f4-a3fe-9cc14dd0989b,600,44,644
ed7c1f9b-cc0d-4a44-b783-6383caab88fa,7d830ecb-c405-4014-9d03-6443ad08dad7,2023-11-30 08:07:00,059136e5-beb1-43f4-a3fe-9cc14dd0989b,500,37,537
6d73dbfb-d3ea-4e36-8490-ac441485609b,eaf16352-4c93-41eb-abe1-239d134b93b6,2023-11-30 14:06:00,059136e5-beb1-43f4-a3fe-9cc14dd0989b,700,52,752
c90b1d0e-1495-482f-aab9-d3173d26737d,a72450e6-ac79-41b8-a951-c455c4256bbf,2023-11-30 07:59:00,059136e5-beb1-43f4-a3fe-9cc14dd0989b,700,52,752
5bb8ba72-045e-4ebe-a349-82deca958566,db141e3f-3d18-40d6-839f-2134a82d5c7d,2023-11-30 11:44:00,059136e5-beb1-43f4-a3fe-9cc14dd0989b,4000,300,4300
9b8f24dd-5ba7-4c2b-9b7a-1d20ee35c186,384c7811-188d-4f66-83fb-2521b09637b5,2023-11-30 08:10:00,059136e5-beb1-43f4-a3fe-9cc14dd0989b,400,30,430
61ecfc4c-a57b-4029-a1b1-ebbb5c5a5626,cdd27214-fc9f-499b-9d14-a631ea1543e5,2023-11-30 12:29:00,059136e5-beb1-43f4-a3fe-9cc14dd0989b,500,37,537
e475a25b-7b5a-42b9-b248-7906e2ea0a2d,66284830-04a9-4d43-9b02-ef3ebd475c6b,2023-11-30 14:28:00,059136e5-beb1-43f4-a3fe-9cc14dd0989b,2900,217,3117
395ceff7-1d24-4827-bd31-29818eceafcc,2c5c0bb7-5aa6-4531-950e-7a90fe92b74d,2023-11-30 07:22:00,059136e5-beb1-43f4-a3fe-9cc14dd0989b,600,44,644
8fe5baea-ce46-46a7-8441-8cba3d486055,e9693d06-c67a-4253-9aac-e35246aa06d9,2023-11-30 16:44:00,059136e5-beb1-43f4-a3fe-9cc14dd0989b,600,44,644
9e55f61c-2295-4adc-a630-a96aac42525d,e70955bd-402e-406b-9c9b-9a51d74355d6,2023-11-30 17:12:00,059136e5-beb1-43f4-a3fe-9cc14dd0989b,1700,127,1827
ddd5f917-319c-4779-a488-e40cf2551b82,c133b21a-6b80-4f3a-8b2e-43df0b4514c7,2023-11-30 07:18:00,059136e5-beb1-43f4-a3fe-9cc14dd0989b,400,30,430
423900a0-162a-42ba-9d55-1d3117972bec,ef81bc0d-732d-47f7-af0c-636149b5e9b0,2023-11-30 14:32:00,059136e5-beb1-43f4-a3fe-9cc14dd0989b,700,52,752
55e4502e-ad2d-479d-b4d1-067e294ac49a,77867314-f5f6-49f6-a191-06f958efd232,2023-11-30 18:21:00,059136e5-beb1-43f4-a3fe-9cc14dd0989b,1700,127,1827
6b6cd5e7-13f3-4b49-a8fc-7ce5bf8bfed3,16f20232-3ad4-4294-9cad-8c4139b04da4,2023-11-30 14:00:00,059136e5-beb1-43f4-a3fe-9cc14dd0989b,1600,120,1720
edf14d95-fbe9-461d-b04e-a63494696baa,d0f85214-b373-4e3b-b6fc-0d50802c7e7b,2023-11-30 07:50:00,059136e5-beb1-43f4-a3fe-9cc14dd0989b,600,44,644
9ffd7354-c7ae-417a-94c9-3cbc046ff126,a3ccddd5-51c9-48a7-9d7e-de5d5da704a8,2023-11-30 17:20:00,059136e5-beb1-43f4-a3fe-9cc14dd0989b,400,30,430
4a13073a-e196-4b3d-9047-4f4dd5a321d2,22c9f078-e96b-46ab-bd20-ad8cc11ee13a,2023-11-30 19:07:00,059136e5-beb1-43f4-a3fe-9cc14dd0989b,400,30,430
72b1273b-c552-4a6d-9b58-0e8f14bbe0c1,05bd4daf-d823-4927-9486-6a6837585182,2023-11-30 14:50:00,059136e5-beb1-43f4-a3fe-9cc14dd0989b,500,37,537
652f5f8b-a0f0-468c-860b-cfb0819b192f,d44d33f8-6d2c-4704-bfa2-2f1883a33f93,2023-11-30 10:57:00,059136e5-beb1-43f4-a3fe-9cc14dd0989b,3600,270,3870
5920504c-f03a-4e52-accf-f06fe46b539a,efebe247-224d-41d6-8094-612564a8c476,2023-11-30 15:52:00,059136e5-beb1-43f4-a3fe-9cc14dd0989b,500,37,537
981147cf-69b4-4709-ad84-a641c290a3e8,3765c425-f1ec-457a-8dec-576eea412dd5,2023-11-30 10:11:00,059136e5-beb1-43f4-a3fe-9cc14dd0989b,400,30,430
4ea7ba54-cd95-4cbf-b3ef-8b2060bff23c,3a8c813f-cb84-4c7b-b929-95db99df1811,2023-11-30 16:42:00,059136e5-beb1-43f4-a3fe-9cc14dd0989b,2100,157,2257
ca1195da-6445-4168-8150-fa36b0fb436c,fe2c2d66-9698-4bbc-8733-0d8cb1b70a1f,2023-11-30 14:32:00,059136e5-beb1-43f4-a3fe-9cc14dd0989b,400,30,430
0954fec8-72c9-4a97-a158-7d88690124ce,5c6bb004-7084-44dc-9283-9b00665c82bc,2023-11-30 14:04:00,059136e5-beb1-43f4-a3fe-9cc14dd0989b,1700,127,1827
c3c801bc-a1c4-48d8-8d36-cc0f6096aba3,7c3b9a4e-fe3a-42e0-9573-0a14aaf4feeb,2023-11-30 12:43:00,059136e5-beb1-43f4-a3fe-9cc14dd0989b,2100,157,2257
0cdc3f2d-dd26-49fd-b7be-83223cd80a53,d5efbc69-fc67-4f1a-87f3-30e57baf632a,2023-11-30 08:28:00,059136e5-beb1-43f4-a3fe-9cc14dd0989b,400,30,430
67cd160e-f556-4965-af1e-904e48435030,2423b39c-fa1e-458b-a033-a7d722bc372e,2023-11-30 09:14:00,059136e5-beb1-43f4-a3fe-9cc14dd0989b,700,52,752
5e29aa21-2d8d-4473-a41f-c2ef1141c816,643981ca-358e-445a-9174-e7061f452868,2023-11-30 08:16:00,059136e5-beb1-43f4-a3fe-9cc14dd0989b,700,52,752
7637f6b0-43c8-4947-9039-76fa236feb4e,644777dd-2705-4dad-9239-95d9ebf3f348,2023-11-30 13:36:00,059136e5-beb1-43f4-a3fe-9cc14dd0989b,600,44,644
90bc7259-98ba-40ef-bcf9-35d81444d892,e14001b0-3932-4497-86c9-3d31d51b3e3e,2023-11-30 11:12:00,059136e5-beb1-43f4-a3fe-9cc14dd0989b,700,52,752
92a961c5-cb35-40df-a096-6a969ecef145,5396cc76-d8d6-42e0-9ac3-b8a36f8e9980,2023-11-30 08:17:00,059136e5-beb1-43f4-a3fe-9cc14dd0989b,700,52,752
adfd13be-889d-4762-a081-253e702ca3ea,76728cb5-33de-4142-bcc8-61a9a63b3a90,2023-11-30 12:01:00,059136e5-beb1-43f4-a3fe-9cc14dd0989b,400,30,430
4378fdb0-050c-4250-af2f-08db1fe809c8,3d5cdd64-fe7e-4365-9e1d-97ee8a55f0fd,2023-11-30 07:33:00,059136e5-beb1-43f4-a3fe-9cc14dd0989b,600,44,644
56b3359f-a01b-480c-a113-bed525979909,6fcc9479-22b4-4340-8e7c-378dff41d8bd,2023-11-30 17:03:00,059136e5-beb1-43f4-a3fe-9cc14dd0989b,600,44,644
25d012dc-0ee8-41c1-b15c-901e30af2c47,1ce95b9f-9235-4a87-bcad-3afa90af73ed,2023-11-30 15:10:00,059136e5-beb1-43f4-a3fe-9cc14dd0989b,700,52,752
0164cb02-7bf5-4628-9f4e-b1473e146abe,4a037cff-561f-4546-a71e-858b06e94940,2023-11-30 15:34:00,059136e5-beb1-43f4-a3fe-9cc14dd0989b,800,60,860
8aaecc46-f812-4bbf-8653-d83b0ffe0fc8,922d5b80-73f4-4f36-aa06-0357112d60f7,2023-11-30 16:39:00,059136e5-beb1-43f4-a3fe-9cc14dd0989b,500,37,537
0283906c-a66a-4798-8b61-2bedb8596f1b,7609b18e-4057-480c-be36-78507e0021d2,2023-11-30 12:21:00,059136e5-beb1-43f4-a3fe-9cc14dd0989b,700,52,752
297c1381-5ea5-4dce-b26c-59c6d7fa73d9,cbe876c8-a324-4ebb-ae69-ae07df7846fd,2023-11-30 08:02:00,059136e5-beb1-43f4-a3fe-9cc14dd0989b,700,52,752
89364d6f-2a60-4f7e-bbe9-ab9e26c83292,b6b94f01-4e75-4e65-a9d3-4c45046e90a7,2023-11-30 13:32:00,059136e5-beb1-43f4-a3fe-9cc14dd0989b,600,44,644
d869ce81-e0ea-45ee-9197-b58ca2425297,3bdd9588-88c1-4e38-a5a2-a2a1cb9c5ba6,2023-11-30 16:23:00,059136e5-beb1-43f4-a3fe-9cc14dd0989b,1600,120,1720
6c0b50fe-2ec8-4c14-a4f0-e393a184e284,7bf95b47-6cc7-4454-8e8d-c6ae37383823,2023-11-30 11:35:00,059136e5-beb1-43f4-a3fe-9cc14dd0989b,600,44,644
fb2f9c19-284d-4c6e-875f-bb9a259f8aad,92fb892f-6a43-489c-b618-ff370abc4242,2023-11-30 12:30:00,059136e5-beb1-43f4-a3fe-9cc14dd0989b,1700,127,1827
74d95746-13f5-4dc8-902e-fc7da8ea9200,9942aeb9-9494-453e-8ae2-1b85271ceb96,2023-11-30 15:05:00,059136e5-beb1-43f4-a3fe-9cc14dd0989b,1800,135,1935
ea3a8cc5-b08c-4b9b-a489-1998aa823e03,e34930d8-a95d-4286-b7d2-147d08008c79,2023-11-30 14:30:00,059136e5-beb1-43f4-a3fe-9cc14dd0989b,700,52,752
e5140708-2af6-4f68-9b2b-a367d7f3c640,529905cf-561e-4337-9a4a-175121574488,2023-11-30 08:10:00,059136e5-beb1-43f4-a3fe-9cc14dd0989b,600,44,644
6cde9e43-924d-417f-bbed-b4b4ae432452,478906bc-057a-41da-a756-2ab94b7817b4,2023-11-30 07:56:00,059136e5-beb1-43f4-a3fe-9cc14dd0989b,400,30,430
9eed5b1b-f522-43b4-a914-647f8e79f0ca,20447c53-4457-454a-92ff-187ee6461822,2023-11-30 07:42:00,059136e5-beb1-43f4-a3fe-9cc14dd0989b,700,52,752
edf8e773-3069-49d9-9de7-1a0039271e06,4744369f-163d-4dd9-b650-9b94350334e7,2023-11-30 07:00:00,059136e5-beb1-43f4-a3fe-9cc14dd0989b,500,37,537
73a13a8a-fb75-4226-ba58-06628fdfa69d,ed697b2d-ca88-4faa-99a4-9c92fa1017e2,2023-11-30 15:30:00,059136e5-beb1-43f4-a3fe-9cc14dd0989b,600,44,644
8165e007-b7b1-40ee-9020-c219a9e8fb0f,361fcd5d-8d28-433b-abd9-c1e72a5cad2a,2023-11-30 08:07:00,059136e5-beb1-43f4-a3fe-9cc14dd0989b,500,37,537
952857f1-d905-4405-8117-007a6892e83d,82d6e5b0-c058-4190-b376-53c5e56df29c,2023-11-30 07:00:00,059136e5-beb1-43f4-a3fe-9cc14dd0989b,600,44,644
605829af-b9d8-4e14-bd6b-d816d98995be,561657d6-42e9-4820-bb19-8ed7dc3fadd2,2023-11-30 17:06:00,059136e5-beb1-43f4-a3fe-9cc14dd0989b,600,44,644
f670f542-7082-4b2d-a7e1-b4594e25f9af,b5cb0c28-0cc6-4467-8486-0c9eb5e599c1,2023-11-30 15:41:00,059136e5-beb1-43f4-a3fe-9cc14dd0989b,600,44,644
301cdb4e-b0d0-44bd-a080-9dca256f4a9e,48b85191-c0e7-4f81-96a3-d5f86031cfb9,2023-11-30 07:27:00,059136e5-beb1-43f4-a3fe-9cc14dd0989b,500,37,537
19afee32-a266-4b5c-b6ab-6b7284872368,beb70ea4-6588-41bb-9999-d1399a467f90,2023-11-30 10:27:00,059136e5-beb1-43f4-a3fe-9cc14dd0989b,2800,210,3010
dfb3692a-fc74-4e9b-beb8-a7baaf0d8d48,3403b172-cee0-45a1-b3b0-bd780462a988,2023-11-30 07:15:00,059136e5-beb1-43f4-a3fe-9cc14dd0989b,600,44,644
dc1e3bff-c70f-4ece-8b02-78c704456882,f1993284-9f81-43ed-be18-ebfd355bd0af,2023-11-30 08:05:00,059136e5-beb1-43f4-a3fe-9cc14dd0989b,600,44,644
0b9ad327-1f49-4b48-981c-57e6c2b41354,f3770952-5a51-4000-a02e-03c4918954dd,2023-11-30 15:07:00,059136e5-beb1-43f4-a3fe-9cc14dd0989b,500,37,537
c9b12dae-4ded-4785-9a5d-a7738201686b,6b830d11-3333-4049-8288-6e208d4bc7f0,2023-11-30 09:01:00,059136e5-beb1-43f4-a3fe-9cc14dd0989b,600,44,644
231bf021-d7a2-41b1-958c-08c12277ebd7,4b58cedb-94dc-439d-bb7b-7c5c75747a53,2023-11-30 16:42:00,059136e5-beb1-43f4-a3fe-9cc14dd0989b,600,44,644
b5e2defd-5135-4adf-b3fb-cf5734244c11,064f11f5-7bac-4f36-84c6-4971eb44a4a8,2023-11-30 12:09:00,059136e5-beb1-43f4-a3fe-9cc14dd0989b,500,37,537
59e85b44-45d1-4f9b-8967-1e20c1150ed7,84345e57-4d88-48e8-823d-ef85cbe1ebea,2023-11-30 13:46:00,059136e5-beb1-43f4-a3fe-9cc14dd0989b,600,44,644
b28a46d9-1c67-42e5-94b4-4bc97894e783,ec3e334b-eb4d-460d-a9a9-ed604e92bdf0,2023-11-30 18:49:00,059136e5-beb1-43f4-a3fe-9cc14dd0989b,400,30,430
228c0e48-da8e-4074-9175-d5cae3f51b55,3b5c482b-db0f-4224-b3c0-17ab92ef7ef3,2023-11-30 10:33:00,059136e5-beb1-43f4-a3fe-9cc14dd0989b,1600,120,1720
6c6e431e-4834-489a-b7e7-c749dfc61338,ae8150b4-56c5-4822-abcf-50b46552f222,2023-11-30 08:35:00,059136e5-beb1-43f4-a3fe-9cc14dd0989b,500,37,537
fe20148d-67a6-4a6e-ad49-936b8ac18442,4009b786-5c37-4ffe-82fe-8f1dffb7cf4a,2023-11-30 07:35:00,059136e5-beb1-43f4-a3fe-9cc14dd0989b,700,52,752
450b4d6b-2299-4c3d-b8de-078eaf9df2ac,a03939d5-2ed1-48c7-861f-0f54e7c51c5f,2023-11-30 08:26:00,059136e5-beb1-43f4-a3fe-9cc14dd0989b,600,44,644
bd8a6dc2-7204-4f81-8893-dc5590062cc2,41635a49-5cce-4aab-9afc-00d493262797,2023-11-30 12:41:00,059136e5-beb1-43f4-a3fe-9cc14dd0989b,700,52,752
ff9d2d7d-c3f1-4146-82ed-869893ffc907,8444b032-8cb2-4a63-9fd1-f6d09e140bec,2023-11-30 15:10:00,059136e5-beb1-43f4-a3fe-9cc14dd0989b,600,44,644
fafab464-9aa2-42c5-bd9b-b33562633b53,9f9cc618-fb12-4064-9726-a9236f358de4,2023-11-30 09:13:00,059136e5-beb1-43f4-a3fe-9cc14dd0989b,1200,89,1289
3c82ee97-3949-403e-b5bb-d5e774e06fad,890d1303-bf49-48c4-ab4d-73f9a0187dd2,2023-11-30 17:52:00,059136e5-beb1-43f4-a3fe-9cc14dd0989b,1800,135,1935
29ff6f7f-0d0c-4354-82b2-35ff5821d8a0,168a6b37-3ff2-4307-8348-321ef39ada37,2023-11-30 07:56:00,059136e5-beb1-43f4-a3fe-9cc14dd0989b,500,37,537
896f1b51-2b0a-4ecd-92ee-bd552bbd00f8,827d9a15-9457-44f3-a39d-8df06d76b159,2023-11-30 12:50:00,059136e5-beb1-43f4-a3fe-9cc14dd0989b,1300,97,1397
66d540c6-a6b3-47a3-bccb-90a2c6ba7849,0fddd792-32d9-4048-ba1f-1bca261a4a84,2023-11-30 12:34:00,059136e5-beb1-43f4-a3fe-9cc14dd0989b,600,44,644
3824875e-cd18-4b6d-a477-4fda18f545e2,2031ab1b-c0c0-4875-81ef-63f6ec7db843,2023-11-30 07:39:00,059136e5-beb1-43f4-a3fe-9cc14dd0989b,1800,135,1935
29025c21-cff5-406a-aafc-e1cc91ce9bcb,4fd07c23-bed4-4ca7-b140-7652784aa802,2023-11-30 17:10:00,059136e5-beb1-43f4-a3fe-9cc14dd0989b,500,37,537
eaf01732-fcc2-4a67-a3f6-1fd269e988eb,37fc1b50-84ef-40db-b99a-64dd7281c7a7,2023-11-30 08:17:00,059136e5-beb1-43f4-a3fe-9cc14dd0989b,900,67,967
248b8f00-f9d2-4344-bcb7-aa1f99176e3a,14b55929-5438-4892-9073-524d32d4e944,2023-11-30 14:11:00,059136e5-beb1-43f4-a3fe-9cc14dd0989b,600,44,644
7cfe6f70-1df4-4b51-80ab-85841c29894c,751e632c-7341-4671-95d2-e348460b3fab,2023-11-30 10:09:00,059136e5-beb1-43f4-a3fe-9cc14dd0989b,500,37,537
7b8816ea-3416-4c16-8b04-62b6b0a36bd3,8413f205-78b2-441a-8916-79cc2820f5d0,2023-11-30 14:19:00,059136e5-beb1-43f4-a3fe-9cc14dd0989b,2200,165,2365
d0d134cc-d865-464a-8212-54a6403f1169,d6015423-d5f4-48d9-8dba-5184e114d126,2023-11-30 07:35:00,059136e5-beb1-43f4-a3fe-9cc14dd0989b,600,44,644
4fd954cd-eb53-410c-a116-166ae04c2363,187c7384-25b3-4172-bee6-99f83f02b761,2023-11-30 11:04:00,059136e5-beb1-43f4-a3fe-9cc14dd0989b,500,37,537
53bb4df3-ce57-4715-89f7-3e8c87d55617,f8a4f769-0195-44be-9cb4-a90210c4047e,2023-11-30 08:18:00,059136e5-beb1-43f4-a3fe-9cc14dd0989b,600,44,644
f27a59ac-98bd-4077-9092-d434aece1345,d4fa151f-6d10-4c7b-be00-eee08e8c8c70,2023-11-30 12:05:00,059136e5-beb1-43f4-a3fe-9cc14dd0989b,600,44,644
48d76da7-6b72-4653-ae42-9350f7f2ad02,35bf73a3-f268-4294-8a12-bc9a1b83db11,2023-11-30 13:27:00,059136e5-beb1-43f4-a3fe-9cc14dd0989b,3100,232,3332
f0410e14-baf7-43c8-b1ea-f4d33ffcd44b,e0983e91-a701-429d-bc70-28a23527f04c,2023-11-30 11:55:00,059136e5-beb1-43f4-a3fe-9cc14dd0989b,500,37,537
fc9a5bbd-3238-42a7-9b50-693c7ff8a1ea,40ec592a-e3ab-417e-ad8f-8f4c3f5dc8cd,2023-11-30 10:08:00,059136e5-beb1-43f4-a3fe-9cc14dd0989b,600,44,644
c78657d5-88af-4392-bf98-852b3c2b3a72,83872f19-552c-47b2-9fd3-4db4c2f6753f,2023-11-30 08:02:00,059136e5-beb1-43f4-a3fe-9cc14dd0989b,600,44,644
fe88129c-55cb-4463-b724-0cf371abd17f,0b4320be-1aed-4451-b8d4-bfe6e56b3281,2023-11-30 07:13:00,059136e5-beb1-43f4-a3fe-9cc14dd0989b,600,44,644
18f12153-36bd-421b-9c63-3a7104e0eddc,26fc60b3-85e6-43e5-b371-71877025c8d1,2023-11-30 07:51:00,059136e5-beb1-43f4-a3fe-9cc14dd0989b,700,52,752
fec5477d-9b6a-4f95-a8ff-9d838d830c19,b2bcb97e-4971-4a36-b07b-6441cb1a6192,2023-11-30 17:00:00,059136e5-beb1-43f4-a3fe-9cc14dd0989b,1000,75,1075
15ffbd0f-f536-4633-bc51-305080a1e365,c7fe7715-b1b6-47c4-88ca-4a2bf466a61a,2023-11-30 11:31:00,059136e5-beb1-43f4-a3fe-9cc14dd0989b,1800,135,1935
6aca4fe1-6768-4f16-9da4-e765b6c6fbce,cf4cb81b-3231-491c-bff8-a6da05b7b93f,2023-11-30 07:00:00,059136e5-beb1-43f4-a3fe-9cc14dd0989b,0,0,0
ad2c5407-caa0-460b-9aec-2100376cb1ce,27b3d9ff-db39-4ce8-8de0-2090a7e90776,2023-11-30 07:43:00,059136e5-beb1-43f4-a3fe-9cc14dd0989b,600,44,644
78fd40dc-7e83-48de-ab89-2cd87dd7cce1,3c7c5fb0-d621-44e5-9d08-388975ae8faf,2023-11-30 08:55:00,059136e5-beb1-43f4-a3fe-9cc14dd0989b,600,44,644
08b39127-98c8-435f-a555-fd1c21708698,4e749dde-0bfb-45f8-bfb7-cee60c7f5012,2023-11-30 13:41:00,059136e5-beb1-43f4-a3fe-9cc14dd0989b,500,37,537
ac3fb929-528e-413b-aff7-f0a9a8b44f9a,55a28803-2496-4e1a-84e5-f0a46aaead70,2023-11-30 13:09:00,059136e5-beb1-43f4-a3fe-9cc14dd0989b,700,52,752
0d63e437-5b45-434a-bea2-77b90ba7b602,cf121e2f-237d-4246-92e7-b175553e7a78,2023-11-30 17:56:00,059136e5-beb1-43f4-a3fe-9cc14dd0989b,1900,142,2042
2a4120d4-cd76-49ed-9821-0aa0c0b322f9,a978d5d4-d1da-4b56-bd60-9b92205a925f,2023-11-30 17:01:00,059136e5-beb1-43f4-a3fe-9cc14dd0989b,600,44,644
1b2cacfd-9ae2-4028-997c-7eda2be3284a,c4e9c02d-eaf6-451d-9932-9fc9348564b9,2023-11-30 07:51:00,059136e5-beb1-43f4-a3fe-9cc14dd0989b,1900,142,2042
88e3e9dc-64f0-4fc8-a702-7d138a20d680,c1fadf94-71e8-4d09-b9b0-2af116108a24,2023-11-30 08:44:00,059136e5-beb1-43f4-a3fe-9cc14dd0989b,700,52,752
9d91746d-a5b1-4f3c-96f8-598e9579fbce,60c396b2-d634-4be2-9aaa-7f1a832f4305,2023-11-30 12:40:00,059136e5-beb1-43f4-a3fe-9cc14dd0989b,500,37,537
4f6c73a5-cb18-486d-8196-770d5d1daea6,771dfa76-30ed-43e7-9aab-d026b7b2e4de,2023-11-30 18:28:00,059136e5-beb1-43f4-a3fe-9cc14dd0989b,600,44,644
5fc180ae-4c24-442e-af72-9d494f8256f3,cf1cc4db-a760-402c-8f7a-ef9892e05ee8,2023-11-30 10:29:00,059136e5-beb1-43f4-a3fe-9cc14dd0989b,600,44,644
853e0848-509e-4bf0-9152-6708fd07e787,2533fffb-72a8-4e71-9e5c-eda4b362c551,2023-11-30 10:17:00,059136e5-beb1-43f4-a3fe-9cc14dd0989b,600,44,644
b4f8f5d5-57f7-464b-ace2-c7dfe6726bd2,ff8e5384-92e3-46a6-a97f-96f2e06d2d0c,2023-11-30 13:08:00,059136e5-beb1-43f4-a3fe-9cc14dd0989b,1700,127,1827
64db403c-7968-4406-818e-53c4db849a57,71c22f51-5140-4058-aca4-e1297f024cd1,2023-11-30 08:11:00,059136e5-beb1-43f4-a3fe-9cc14dd0989b,400,30,430
e8baa572-14b8-4491-bd9f-a8f460fa9687,d8196da5-366a-49ed-8e90-a15d0e70dabb,2023-11-30 14:21:00,059136e5-beb1-43f4-a3fe-9cc14dd0989b,500,37,537
1f1819d1-f203-46ae-9dfc-7492d05b5c4b,0c903c1d-a0ab-4e8e-b1ce-e40f8f7c70ee,2023-11-30 11:19:00,059136e5-beb1-43f4-a3fe-9cc14dd0989b,1700,127,1827
ab63562e-cf61-4558-9683-01f67e52c997,99e72f7b-8e9c-4403-8629-4ba314155564,2023-11-30 14:22:00,059136e5-beb1-43f4-a3fe-9cc14dd0989b,600,44,644
4dc39c39-1fb0-4565-afe3-25a151abcf87,ca896e2e-2dae-438f-ac59-9b251ce53240,2023-11-30 11:14:00,059136e5-beb1-43f4-a3fe-9cc14dd0989b,400,30,430
8ad991c3-2dee-407a-8f0a-b84b011c91c3,7e72fe96-b013-4324-869d-caa2d564f37e,2023-11-30 08:33:00,059136e5-beb1-43f4-a3fe-9cc14dd0989b,500,37,537
84320142-aa72-488f-8542-53a7cd9b5e36,cae7f2a7-5319-4d2d-b18c-d38b90318742,2023-11-30 14:41:00,059136e5-beb1-43f4-a3fe-9cc14dd0989b,700,52,752
76879ada-3161-44d1-b116-e47805e61f4a,9b42559d-e62d-4ab2-ba36-11562c60d296,2023-11-30 08:19:00,059136e5-beb1-43f4-a3fe-9cc14dd0989b,600,44,644
51feb54a-d1f9-4ff3-bdad-ed9672d25d5d,f637c2f2-576f-420d-bdb7-9836d12af85a,2023-11-30 07:43:00,059136e5-beb1-43f4-a3fe-9cc14dd0989b,600,44,644
7aa2520a-b220-4a4e-b002-b1124bf76118,0011a704-5681-4123-8dca-1af0bdc2de41,2023-11-30 07:59:00,059136e5-beb1-43f4-a3fe-9cc14dd0989b,700,52,752
e969c9ff-7586-4bd5-beda-94996940228c,9c3f8f66-e595-47b4-b696-2ef95c13ed39,2023-11-30 12:25:00,059136e5-beb1-43f4-a3fe-9cc14dd0989b,600,44,644
d9e324ab-e06f-419f-b6ae-d47749dc9725,e9fb0dfd-4765-4a15-aea4-62035a7ac480,2023-11-30 16:52:00,059136e5-beb1-43f4-a3fe-9cc14dd0989b,500,37,537
51857ec5-3376-4af9-91b0-17903b0558e8,7add3d5c-dfe4-41a7-9a61-3b9186a0f846,2023-11-30 07:29:00,059136e5-beb1-43f4-a3fe-9cc14dd0989b,600,44,644
ebfd19e5-02a3-49fd-895c-94173370b79b,46c2e8d7-6868-4004-8960-1f640fed6c16,2023-11-30 07:00:00,059136e5-beb1-43f4-a3fe-9cc14dd0989b,600,44,644
840e8713-b5a7-4ecf-8eba-430ebc039f6b,b3f1fd68-97bf-448c-b555-6f57c1700866,2023-11-30 08:13:00,059136e5-beb1-43f4-a3fe-9cc14dd0989b,400,30,430
f5c204e0-e336-4c3e-938a-bb58325a6f0d,d7e381b1-2fcd-40d3-850a-95701efbfd4a,2023-11-30 19:52:00,059136e5-beb1-43f4-a3fe-9cc14dd0989b,700,52,752
206de4cd-e8ee-4c23-9020-bae378c649fe,39ceb3c4-d968-4af0-8bd1-6010ee5cf91c,2023-11-30 08:31:00,059136e5-beb1-43f4-a3fe-9cc14dd0989b,600,44,644
c6f913bd-2580-47f5-b0ab-17eb5ad99c04,6156c2e5-b70a-4109-9e08-c0c9d8dd1210,2023-11-30 08:14:00,059136e5-beb1-43f4-a3fe-9cc14dd0989b,600,44,644
a0c215ce-65de-4b8d-b7ff-b8804d7c50c3,bc218511-0fcd-4e51-b161-55bb383e4157,2023-11-30 14:25:00,059136e5-beb1-43f4-a3fe-9cc14dd0989b,600,44,644
59e3c43f-4bf0-45d3-9be0-7fefcb8c0eef,1578fa35-446f-4174-9169-551e1d5edb6a,2023-11-30 07:16:00,059136e5-beb1-43f4-a3fe-9cc14dd0989b,500,37,537
3c93e83b-8387-45bb-8d4c-24e1f900cac4,da27997d-033a-4572-9ec1-68423b3910b9,2023-11-30 16:55:00,059136e5-beb1-43f4-a3fe-9cc14dd0989b,1800,135,1935
836a4209-b37e-4c8e-b75a-8eff63eba78f,4e33fa20-eeb2-4dd9-975c-8821869dfb64,2023-11-30 18:47:00,059136e5-beb1-43f4-a3fe-9cc14dd0989b,1900,142,2042
7752cfe6-4a5c-4a14-baa9-420fe143a223,e51ff3e5-c9ac-4a9c-b8d4-2d62d04f9d59,2023-11-30 10:59:00,059136e5-beb1-43f4-a3fe-9cc14dd0989b,400,30,430
bff94234-d309-4ef0-9c18-cd77ee397229,8c9bc24a-89cf-47a7-b3c3-328b2591676b,2023-11-30 17:12:00,059136e5-beb1-43f4-a3fe-9cc14dd0989b,600,44,644
111b94fb-574f-48ea-b909-b60ec8ae1f93,63358e1d-e741-46a1-a85b-f5b455bf59d4,2023-11-30 07:07:00,059136e5-beb1-43f4-a3fe-9cc14dd0989b,600,44,644
3888d3a3-94e6-4898-b4fb-cd6a4b7c63d5,4a1cb362-b9e9-4214-bb0a-12df6b1ff970,2023-11-30 13:18:00,059136e5-beb1-43f4-a3fe-9cc14dd0989b,2600,195,2795
2a953550-093f-441f-b271-c3c0985a3622,19d93d29-786d-4ecb-b11f-1fda12e23d03,2023-11-30 14:38:00,059136e5-beb1-43f4-a3fe-9cc14dd0989b,600,44,644
60ccab1b-2e6b-419a-9011-971c316fa48d,ec31d820-7060-4567-9f40-46916bc49255,2023-11-30 12:36:00,059136e5-beb1-43f4-a3fe-9cc14dd0989b,500,37,537
9bcc3b01-0c79-4331-b130-4e0a0eeaadb9,3c5d20b1-e38f-466d-a6ed-e54fa6bc4d3a,2023-11-30 16:15:00,059136e5-beb1-43f4-a3fe-9cc14dd0989b,1600,120,1720
af4602ee-d804-4c8e-86dd-41ddb9a40f88,37a5320c-de51-4a39-8c68-2ff5e37f7a0a,2023-11-30 10:47:00,059136e5-beb1-43f4-a3fe-9cc14dd0989b,600,44,644
495811d5-7989-423f-a2b6-febec852b312,da3c426d-80b6-4bc0-b424-a51a461fdf70,2023-11-30 14:16:00,059136e5-beb1-43f4-a3fe-9cc14dd0989b,700,52,752
c2854826-8fe8-42ba-9da3-3d24e2b3f051,879873ef-7ee7-45d1-a0f8-3ab1ff52b1de,2023-11-30 08:24:00,059136e5-beb1-43f4-a3fe-9cc14dd0989b,700,52,752
3dd4148a-0975-4fbf-a4b0-98e19e296650,94f6387a-97ef-43f5-b203-90565c727538,2023-11-30 08:28:00,059136e5-beb1-43f4-a3fe-9cc14dd0989b,1600,120,1720
8f597861-68fa-4f41-90ce-c8fd072c1fcf,2e3f8a56-2251-44a8-8599-fc4cbd175ecb,2023-11-30 15:20:00,059136e5-beb1-43f4-a3fe-9cc14dd0989b,400,30,430
25a051fd-8b17-49bb-9cd6-9683c499635c,4a85d967-5582-41b9-886e-b8899e3bb7ac,2023-11-30 11:31:00,059136e5-beb1-43f4-a3fe-9cc14dd0989b,5500,412,5912
cd79e571-ac6f-4f4d-b7ac-0cb2fdcea05f,0ac09bcc-50a7-41e6-88c1-e23be2b88c97,2023-11-30 09:20:00,059136e5-beb1-43f4-a3fe-9cc14dd0989b,700,52,752
e1dbdfec-c3f6-4da4-af1b-5e770532d61e,24d003ab-ccb6-4065-91b7-bbca21bc21f8,2023-11-30 16:16:00,059136e5-beb1-43f4-a3fe-9cc14dd0989b,2400,179,2579
8b9bbf19-4817-41f3-af69-97cd5346cbc9,dbd8ef76-a438-4dc2-b931-58294ab0fdd3,2023-11-30 17:09:00,059136e5-beb1-43f4-a3fe-9cc14dd0989b,600,44,644
919f525d-5f34-4074-acd7-8a0af86d62c5,757ad23d-2490-44ac-8683-ac603986068b,2023-11-30 08:06:00,059136e5-beb1-43f4-a3fe-9cc14dd0989b,500,37,537
2b8b7350-4707-48a6-8588-ef0f03c056be,8e41ce23-0858-4778-bac4-f113515f4409,2023-11-30 07:55:00,059136e5-beb1-43f4-a3fe-9cc14dd0989b,700,52,752
7ea4275f-3f35-405e-a70d-d3003a2f7a0a,d9f02350-2ac6-4b03-ba72-d0def0c5c1f5,2023-11-30 16:24:00,059136e5-beb1-43f4-a3fe-9cc14dd0989b,400,30,430
c8ec4617-3755-458e-9515-41d4b3e232c7,5557ee9c-aeb5-4267-9fc0-6430874d3a0c,2023-11-30 12:34:00,059136e5-beb1-43f4-a3fe-9cc14dd0989b,0,0,0
3c848e09-a229-4866-afdb-d17960e546d0,ba2dedc4-88f5-4a08-868d-6687a7a2282f,2023-11-30 14:40:00,059136e5-beb1-43f4-a3fe-9cc14dd0989b,1600,120,1720
a1c1335a-e662-444f-90b6-83c3156601fe,987ded3d-0eb7-4546-9a65-073dfc15621f,2023-11-30 07:37:00,059136e5-beb1-43f4-a3fe-9cc14dd0989b,700,52,752
f8dd5ddb-636d-46d1-bfd8-a1f8157c8770,842f310f-2bb8-42c0-8291-b26b81258980,2023-11-30 15:39:00,059136e5-beb1-43f4-a3fe-9cc14dd0989b,1800,135,1935
2498c27c-d9db-4e5e-8f80-df63ed3f7ac4,71226ce1-aac0-48fa-b99b-05a4ab69dde7,2023-11-30 07:27:00,059136e5-beb1-43f4-a3fe-9cc14dd0989b,600,44,644
1dfd4bee-3d04-468f-a7cc-5f5d74eedf2a,83cd5e82-fcef-4b1a-9a26-3889abd99ee9,2023-11-30 07:30:00,059136e5-beb1-43f4-a3fe-9cc14dd0989b,400,30,430
25cf143c-bac9-467a-baea-9705b966e760,e1279ada-8639-4103-93d1-7e4fe86e915a,2023-11-30 15:43:00,059136e5-beb1-43f4-a3fe-9cc14dd0989b,2500,187,2687
dbe645c7-d247-49ba-ad32-782cdd829385,b3b08149-77d3-430b-b761-2b06c3d11e7a,2023-11-30 10:33:00,059136e5-beb1-43f4-a3fe-9cc14dd0989b,3200,240,3440
925056db-96c8-4e7a-b9f6-9b7d58ce33bd,cb0c82ee-5ea6-4290-b4ef-33a938e280d3,2023-11-30 13:10:00,059136e5-beb1-43f4-a3fe-9cc14dd0989b,1700,127,1827
984d2654-1bd1-4093-9d9e-7ed15697bb8c,bbd60ac7-5fef-454b-aabb-66031f4a499d,2023-11-30 07:15:00,059136e5-beb1-43f4-a3fe-9cc14dd0989b,400,30,430
0c2f67ec-2871-4899-9d39-f782294b0615,b6988737-8018-43b0-ae79-cd1c1da1db7a,2023-11-30 19:19:00,059136e5-beb1-43f4-a3fe-9cc14dd0989b,1700,127,1827
70488d42-a0d1-4366-87e0-c4da038a4941,aca90745-0103-44ba-b561-ead73d1be7f6,2023-11-30 15:03:00,059136e5-beb1-43f4-a3fe-9cc14dd0989b,500,37,537
6200920f-d284-4f6c-b1f1-9ac901eafbf9,7a117ba4-34c0-4a2b-8950-ef18771fe5c7,2023-11-30 15:25:00,059136e5-beb1-43f4-a3fe-9cc14dd0989b,400,30,430
9a52a56a-999b-430a-a37d-761b347ccac6,9c13901c-0760-4290-bb22-b3cda0ae0492,2023-11-30 11:15:00,059136e5-beb1-43f4-a3fe-9cc14dd0989b,400,30,430
050edf2c-40cc-4102-be48-31a5f4123311,4a4cedef-8e87-4c7e-8a57-a47178b26907,2023-11-30 10:21:00,059136e5-beb1-43f4-a3fe-9cc14dd0989b,1800,135,1935
29fe2157-03a9-4e73-b9d0-2c6c9e6e09d7,df8e1c87-b450-4bdb-bb3d-982138f86dbf,2023-11-30 07:15:00,059136e5-beb1-43f4-a3fe-9cc14dd0989b,600,44,644
01147e28-6eec-4f70-bbe4-1a4e3422cc12,2c6d229d-2be8-4b3f-b969-77e0a1b902ae,2023-11-30 17:37:00,059136e5-beb1-43f4-a3fe-9cc14dd0989b,600,44,644
ace050b7-82f6-4ad3-a7a4-fbf5ace99ad8,28bd6a31-b941-4df4-92da-9da703597e5b,2023-11-30 07:24:00,059136e5-beb1-43f4-a3fe-9cc14dd0989b,500,37,537
f2963fd3-4f60-44c2-a973-eafeaa878b8a,5205dbf0-a115-4aa8-977b-96db1e73df12,2023-11-30 15:26:00,059136e5-beb1-43f4-a3fe-9cc14dd0989b,1500,112,1612
b5fcf0f6-3823-4bb6-a17f-02f9c226a9c1,f813d86e-8dfa-492e-8e09-ac432110ec41,2023-11-30 09:28:00,059136e5-beb1-43f4-a3fe-9cc14dd0989b,500,37,537
a968cea1-d30b-4e9f-8a0a-a9e5e420f20f,562a2cec-caac-4d07-918b-b4c60e4b1505,2023-11-30 07:44:00,059136e5-beb1-43f4-a3fe-9cc14dd0989b,400,30,430
be1a41c7-3698-4cee-a9ca-65b0d93b6dda,bfaa418f-dc55-4a58-baf3-ae68dd84beb5,2023-11-30 07:36:00,059136e5-beb1-43f4-a3fe-9cc14dd0989b,600,44,644
0f7646b0-3092-480f-a313-e159e29ac099,c0baed56-16e4-4b70-8dc9-4cd5328cae45,2023-11-30 07:53:00,059136e5-beb1-43f4-a3fe-9cc14dd0989b,500,37,537
495b7658-b0d2-4638-9e12-38ad75fad8af,f27c6496-674b-4200-bd45-ebe8b15fb7dc,2023-11-30 14:50:00,059136e5-beb1-43f4-a3fe-9cc14dd0989b,600,44,644
20fc3ae3-d13f-4d00-998d-ea50476bd076,5702df61-b819-4715-bb9e-ab49fcca2190,2023-11-30 08:28:00,059136e5-beb1-43f4-a3fe-9cc14dd0989b,500,37,537
257c4a19-7702-4a4c-9f95-1b917a960966,3485fe65-fd37-4579-9269-5e83713d1159,2023-11-30 14:20:00,059136e5-beb1-43f4-a3fe-9cc14dd0989b,2100,157,2257
317587fe-ce2a-4ff6-a8bf-028da6836477,9f63dc82-925f-46ec-a127-dc0231bc789c,2023-11-30 11:24:00,059136e5-beb1-43f4-a3fe-9cc14dd0989b,1800,135,1935
62b2fbeb-9a62-4df0-9759-bb0ad3dc6cb7,aec2afd8-9774-4a64-a81c-40bb66acfcfd,2023-11-30 10:33:00,059136e5-beb1-43f4-a3fe-9cc14dd0989b,3400,254,3654
9b2571e6-833c-4ec5-97e2-fbace5a85937,4b93879c-0737-40dd-b938-754c1fbf0384,2023-11-30 19:23:00,059136e5-beb1-43f4-a3fe-9cc14dd0989b,1100,82,1182
38ca96f6-7e91-41f3-bdb6-0787ecb97b3c,20a41bf6-7092-4e8e-82b9-8df54688b057,2023-11-30 14:00:00,059136e5-beb1-43f4-a3fe-9cc14dd0989b,1100,82,1182
067718b6-734f-4aa7-a0b7-003493b9e2a4,f3eb936d-74aa-4b98-8acd-fb9136933e38,2023-11-30 16:10:00,059136e5-beb1-43f4-a3fe-9cc14dd0989b,600,44,644
aca33b1f-2fcf-42c1-9b46-1842170fa3c7,5ff6898e-6fbe-41b2-abb0-7bdf107eeb3b,2023-11-30 08:40:00,059136e5-beb1-43f4-a3fe-9cc14dd0989b,600,44,644
a5be994a-1a44-43e8-a8bd-101fcb5dbc17,e03d6e06-c748-4b67-bc54-1902c85555f0,2023-11-30 11:07:00,059136e5-beb1-43f4-a3fe-9cc14dd0989b,600,44,644
9cfc00fc-724f-4ddd-bd7e-cc11b8ef30fe,9c03a2ed-6343-4c79-979e-7b94d8c41b9a,2023-11-30 15:52:00,059136e5-beb1-43f4-a3fe-9cc14dd0989b,1500,112,1612
a23dba70-5314-4909-acaf-f79716f890eb,4b9e45a3-6ebf-4492-a4ea-834b7143f962,2023-11-30 14:53:00,059136e5-beb1-43f4-a3fe-9cc14dd0989b,600,44,644
ed7e3bf2-62f6-48e2-87de-c49d5f6e9d40,9ce4e9b6-d52c-489e-86b9-dd732ad63698,2023-11-30 14:04:00,059136e5-beb1-43f4-a3fe-9cc14dd0989b,600,44,644
25c4fc31-5afa-4f10-ac12-41758a32f0e9,d5ed11cf-a7a8-48e0-8db6-b53ea2b4215b,2023-11-30 07:43:00,059136e5-beb1-43f4-a3fe-9cc14dd0989b,700,52,752
80de170e-4dae-4cbb-ba0a-19d92c7c5af7,4cb59264-ffcc-452a-8b0e-82b2d93a13f8,2023-11-30 17:38:00,059136e5-beb1-43f4-a3fe-9cc14dd0989b,600,44,644
812345a8-9463-4a76-b671-5f73ee785e2f,123f76cb-3dbe-4a9c-aa85-e0dc3091b169,2023-11-30 15:35:00,059136e5-beb1-43f4-a3fe-9cc14dd0989b,1800,135,1935
f00374bb-5fcc-489c-a391-c748883aed89,86936775-52b3-40ab-9529-3d70c1d85b96,2023-11-30 14:31:00,059136e5-beb1-43f4-a3fe-9cc14dd0989b,700,52,752
81fd75fb-150d-40c7-a8ea-4328661099cb,69b261e6-ada0-48de-94b4-7449a7e44a5f,2023-11-30 08:15:00,059136e5-beb1-43f4-a3fe-9cc14dd0989b,500,37,537
60f6745e-59f2-4357-89e6-08075dab75ea,5b7ca844-231c-4062-ac6a-4b3b609e5c76,2023-11-30 08:15:00,059136e5-beb1-43f4-a3fe-9cc14dd0989b,600,44,644
349291e3-cc81-46f2-af82-dfef9ce368f8,e30823c7-4938-46fa-acf1-e89610c26f81,2023-11-30 11:52:00,059136e5-beb1-43f4-a3fe-9cc14dd0989b,500,37,537
a28b999f-010c-47fd-9c1e-5ae5fc220286,4f346960-fad5-45cb-b2fb-aa2c25662998,2023-11-30 14:54:00,059136e5-beb1-43f4-a3fe-9cc14dd0989b,2400,179,2579
234abd63-88fd-4df6-8718-b1a40dfb6814,59fb0d19-c3ef-4659-9b3d-dfb568b3fedf,2023-11-30 10:17:00,059136e5-beb1-43f4-a3fe-9cc14dd0989b,700,52,752
774411a7-e665-4fa9-a1e7-ad51fbd7551e,ab97f3ac-1614-471d-82d6-66432507cd64,2023-11-30 07:22:00,059136e5-beb1-43f4-a3fe-9cc14dd0989b,500,37,537
d54dae0f-47b0-4e2c-8117-f4795bdfe386,07a8b0a6-f708-4fe2-93b6-21978691ae73,2023-11-30 07:37:00,059136e5-beb1-43f4-a3fe-9cc14dd0989b,600,44,644
9279535f-888e-44a9-aa98-ff07fce4acfb,34d82b57-4819-4794-9ca9-ea6574b20771,2023-11-30 08:03:00,059136e5-beb1-43f4-a3fe-9cc14dd0989b,700,52,752
f4f0d825-ab57-4968-9bae-52cf117e1e5f,e6e521f9-4263-4abe-8cb3-3aec564ed17b,2023-11-30 08:02:00,059136e5-beb1-43f4-a3fe-9cc14dd0989b,500,37,537
c9c424d3-e24a-4ef9-8b12-082eef07011c,06b0a9b7-2b18-413f-9a81-47b63b8ddb40,2023-11-30 13:33:00,059136e5-beb1-43f4-a3fe-9cc14dd0989b,400,30,430
147ddb08-ac92-44a4-9ec7-1d7f921dc3dd,dd182f76-63eb-4173-848a-8c03f76c83b7,2023-11-30 16:13:00,059136e5-beb1-43f4-a3fe-9cc14dd0989b,1900,142,2042
d1140de7-6fb0-4c4e-acfc-d6ea6d88a586,5ae0ad28-397e-48ae-b74c-cf5304acb96f,2023-11-30 14:31:00,059136e5-beb1-43f4-a3fe-9cc14dd0989b,1700,127,1827
d6e6c5ee-7e69-44ed-bad0-a196fc6c7601,0b4f304d-8026-4f2c-a91f-b3a7b61b8413,2023-11-30 11:33:00,059136e5-beb1-43f4-a3fe-9cc14dd0989b,600,44,644
0527dabf-f962-4cf1-adb4-31768dad5cda,d7f9570e-4b88-4892-aee5-c747cf0505ce,2023-11-30 07:39:00,059136e5-beb1-43f4-a3fe-9cc14dd0989b,500,37,537
654cb01e-20dc-4883-8392-718b6232995f,2fff5639-709b-454a-803a-084249a1f25f,2023-11-30 15:32:00,059136e5-beb1-43f4-a3fe-9cc14dd0989b,1700,127,1827
befaae7f-3e42-4bcc-8b22-73aaa0e5d8f5,0505f2cb-3909-461e-b4dd-0e908c55c808,2023-11-30 13:19:00,059136e5-beb1-43f4-a3fe-9cc14dd0989b,600,44,644
40655d4b-05bc-47d8-80b7-f3fa9dd3c43f,1b6c6a19-0dc9-4bb0-b2c0-dc05e526aeb6,2023-11-30 14:07:00,059136e5-beb1-43f4-a3fe-9cc14dd0989b,2000,150,2150
c60ac783-6582-430e-8c7f-56e597076090,56efbcd8-63c0-44d5-8879-81f6a4ae9706,2023-11-30 07:41:00,059136e5-beb1-43f4-a3fe-9cc14dd0989b,700,52,752
fd399f4a-7d98-4ef6-9d7e-553cd7b4e9b8,63c89071-7a92-40d7-b793-900c47a5567d,2023-11-30 08:37:00,059136e5-beb1-43f4-a3fe-9cc14dd0989b,400,30,430
d11c4779-3f09-405b-8e33-986f68aa57be,34fbe879-d0cc-45b7-bf6b-da9542a4246f,2023-11-30 11:29:00,059136e5-beb1-43f4-a3fe-9cc14dd0989b,600,44,644
02e48846-e1d6-47af-a298-8c282c76311c,3ad06998-11c6-4642-bd7b-e7455a4d6da5,2023-11-30 10:43:00,059136e5-beb1-43f4-a3fe-9cc14dd0989b,700,52,752
7fe89dc2-7b2c-4596-997c-6629f45ced1d,b2e021cb-5b71-4a44-9b75-49a8a45a5c8e,2023-11-30 10:35:00,059136e5-beb1-43f4-a3fe-9cc14dd0989b,600,44,644
dea80666-1610-46ca-b0cb-ba46f9ab674f,e8f1ac4f-82cd-44e6-9177-0af3eda24435,2023-11-30 11:19:00,059136e5-beb1-43f4-a3fe-9cc14dd0989b,700,52,752
a398e7d4-ad31-454a-9464-f4ab0ad44cda,9c2859ae-e58b-45d1-a0fb-3efdd7401deb,2023-11-30 15:45:00,059136e5-beb1-43f4-a3fe-9cc14dd0989b,700,52,752
324c89e9-00fc-4a56-ac70-a1faf86864a2,87013cfb-6a3d-4e3c-9e31-884b9f979690,2023-11-30 16:29:00,059136e5-beb1-43f4-a3fe-9cc14dd0989b,1800,135,1935
2524aad2-b772-4199-859e-f70b73b1893d,1c40cde4-4c0a-4cc5-8eaa-78b7d34c58eb,2023-11-30 07:17:00,059136e5-beb1-43f4-a3fe-9cc14dd0989b,400,30,430
6d3ddabc-75ed-4b5b-8aef-05c98b517c04,416ddd70-f0ad-4d6c-8d08-827ca7466f48,2023-11-30 07:08:00,059136e5-beb1-43f4-a3fe-9cc14dd0989b,600,44,644
941eebbc-c3d7-4688-beb2-c3165e0a80cb,6a0e68f2-fede-4f45-b3f8-b0325978c2a8,2023-11-30 08:25:00,059136e5-beb1-43f4-a3fe-9cc14dd0989b,600,44,644
8a4bd4ea-7f79-401c-8247-470f95e9d2f4,d6e7ed2a-93ac-4751-a20d-44a68642f9a7,2023-11-30 10:46:00,059136e5-beb1-43f4-a3fe-9cc14dd0989b,600,44,644
9ef69984-02d2-4563-aabd-84a9053c7b06,3e2dd302-520d-45bd-a7b8-b43652be9e88,2023-11-30 14:45:00,059136e5-beb1-43f4-a3fe-9cc14dd0989b,1700,127,1827
719d15c7-b422-4cb1-bd67-50ef28591a02,080b2366-0a35-4def-ac8c-f7d8ddbc407d,2023-11-30 07:26:00,059136e5-beb1-43f4-a3fe-9cc14dd0989b,600,44,644
fca2d097-0dc1-474a-bc10-fc84abd3fb73,98136fa4-c411-4fb7-9bed-a26308bbdf32,2023-11-30 08:26:00,059136e5-beb1-43f4-a3fe-9cc14dd0989b,700,52,752
4310ddcc-8c79-4a02-8722-89266fb9187b,fa8db2f2-318b-4fc3-b288-2523bddf013d,2023-11-30 17:21:00,059136e5-beb1-43f4-a3fe-9cc14dd0989b,500,37,537
cd7c1418-5f7b-4693-82ac-9231a54b6181,05345af9-f758-4bca-bb47-3233aedbf543,2023-11-30 14:46:00,059136e5-beb1-43f4-a3fe-9cc14dd0989b,1700,127,1827
8677be3f-0425-4fdf-9337-191a6f2358cc,3161ca22-7e0d-46c4-bfb0-c93e62c46ea8,2023-11-30 08:49:00,059136e5-beb1-43f4-a3fe-9cc14dd0989b,600,44,644
63a9cb4b-3384-47d6-a3c2-184ad568bd76,82f6eacc-b18b-4dec-b170-5510d706e698,2023-11-30 08:23:00,059136e5-beb1-43f4-a3fe-9cc14dd0989b,400,30,430
887e305f-8038-4ce2-9be5-ebbf63d120b5,f3f341b2-c96e-47ce-85ed-17b514090f1f,2023-11-30 14:06:00,059136e5-beb1-43f4-a3fe-9cc14dd0989b,3800,285,4085
34f38da2-8865-4f0e-8947-a458819b529c,e1ae5473-912b-494f-b4e4-c4323ccb5509,2023-11-30 07:43:00,059136e5-beb1-43f4-a3fe-9cc14dd0989b,500,37,537
2e1708b9-53ce-4b97-a75e-896779704f80,5ea59296-8af5-4885-b5b3-bf4dda717012,2023-11-30 14:17:00,059136e5-beb1-43f4-a3fe-9cc14dd0989b,1800,135,1935
4ac8e9d1-beaf-4432-a6c9-51ae78e56371,2dad54bc-4a80-410c-b92d-40030696b367,2023-11-30 14:04:00,059136e5-beb1-43f4-a3fe-9cc14dd0989b,1600,120,1720
dfbc0bcc-b546-4249-8e89-eb870a0e1e6d,335ffb1e-5b15-4ad8-bee9-60b00b39f402,2023-11-30 07:32:00,059136e5-beb1-43f4-a3fe-9cc14dd0989b,700,52,752
31210805-369c-4e88-a765-94e795e8b0e5,3186b251-cfbc-4073-883d-2d622bb79b96,2023-11-30 08:20:00,059136e5-beb1-43f4-a3fe-9cc14dd0989b,600,44,644
852c9664-79f7-49fb-ab9e-139a53e4cb97,ff548053-cb32-4f33-ada3-42db8f5e72d1,2023-11-30 17:36:00,059136e5-beb1-43f4-a3fe-9cc14dd0989b,2000,150,2150
14bbe81c-0a5a-4063-95aa-5de86f37c9a2,0f5a922a-5641-4941-b276-2b3448dd706f,2023-11-30 07:52:00,059136e5-beb1-43f4-a3fe-9cc14dd0989b,600,44,644
21a1323a-bf74-43a6-9ae4-25123bfa56ed,d40f4cac-3dde-4451-ae26-8817fa0ac508,2023-11-30 07:34:00,059136e5-beb1-43f4-a3fe-9cc14dd0989b,600,44,644
6212455d-169b-4cb5-824a-01d47be634e1,a685acd1-4a20-43ad-b355-36cf38348906,2023-11-30 15:44:00,059136e5-beb1-43f4-a3fe-9cc14dd0989b,1900,142,2042
377b9455-e9e7-4c93-ad3b-30f5cebd7ebc,3ddc09e5-5df2-48d6-8451-ab82ed8489e2,2023-11-30 17:01:00,059136e5-beb1-43f4-a3fe-9cc14dd0989b,2100,157,2257
b4527fed-8f2e-410f-bcbd-d1b7271bce32,1ceec0f9-a0bb-40ff-a5cb-2bc97c25fdab,2023-11-30 12:30:00,059136e5-beb1-43f4-a3fe-9cc14dd0989b,500,37,537
f46a1b14-f5bc-4bb8-a3a5-3b062b7a57b0,ba528372-7be1-417a-8bd9-8b0cfc73b7a3,2023-11-30 08:06:00,059136e5-beb1-43f4-a3fe-9cc14dd0989b,1200,89,1289
d785583d-71e0-498d-a8ec-d567f5b7296f,da5cd671-cf27-4151-8076-5b2369981a8a,2023-11-30 08:06:00,059136e5-beb1-43f4-a3fe-9cc14dd0989b,500,37,537
9c3c5ee1-a9c6-49a6-bb2c-6b136b128aee,cf2886d3-4bb9-425f-9842-f6ab89f29851,2023-11-30 08:03:00,059136e5-beb1-43f4-a3fe-9cc14dd0989b,500,37,537
38369196-d7cc-40f3-baaa-286fcbaf0c03,a0d40ec8-67bf-4a0a-acba-00984f72b96a,2023-11-30 13:18:00,059136e5-beb1-43f4-a3fe-9cc14dd0989b,1800,135,1935
8d3ba7ff-1678-426a-80b6-6aedfb84ed52,e09bada2-10c3-44d2-9a3f-d595396ed00a,2023-11-30 14:37:00,059136e5-beb1-43f4-a3fe-9cc14dd0989b,1600,120,1720
b4910e99-26e7-438f-9d13-b9b3f5f92613,c001075b-b254-41b1-9251-e429aff98318,2023-11-30 12:40:00,059136e5-beb1-43f4-a3fe-9cc14dd0989b,1400,105,1505
d10ce33d-9093-4ec4-a7bb-7a8cc4ab2744,f2ea92ed-0bee-479f-80a4-d186c2c16020,2023-11-30 15:45:00,059136e5-beb1-43f4-a3fe-9cc14dd0989b,400,30,430
bedcc57d-6307-4198-81f9-9e3cb053202f,99cd74d7-57ce-4af8-b7ce-2b0f74150ded,2023-11-30 07:00:00,059136e5-beb1-43f4-a3fe-9cc14dd0989b,1800,135,1935
22a0d004-93ad-4297-b82c-65159f36bea5,f5b542da-7d69-4d0d-93d2-004996d805d9,2023-11-30 17:09:00,059136e5-beb1-43f4-a3fe-9cc14dd0989b,500,37,537
de4d3fc1-d851-4f22-ac36-f9faabf95177,9929ce1c-11c1-48d6-936f-562518640d5c,2023-11-30 11:57:00,059136e5-beb1-43f4-a3fe-9cc14dd0989b,600,44,644
c593b7dc-3743-4110-a06c-fba42f297dd8,537f56af-b73f-4cd3-90e9-5901fb0cf6e1,2023-11-30 07:43:00,059136e5-beb1-43f4-a3fe-9cc14dd0989b,500,37,537
755f05b3-2f51-45ed-b69e-173a25430272,f7feb52a-5089-47fd-8310-0376fc9e61c1,2023-11-30 18:57:00,059136e5-beb1-43f4-a3fe-9cc14dd0989b,600,44,644
8cb6bf68-0e89-483f-ba31-7b8881685966,deca356d-a271-49eb-a57e-cefebda03b0d,2023-11-30 08:06:00,059136e5-beb1-43f4-a3fe-9cc14dd0989b,400,30,430
7d0fc227-2b1a-4a22-88c8-2d85bbee870a,cb93f4d2-85c6-416a-9d28-2ebba8219fc2,2023-11-30 08:07:00,059136e5-beb1-43f4-a3fe-9cc14dd0989b,700,52,752
de23d4de-f13b-47c5-94bd-7f2b8d8397cd,bdb34ac4-1425-4a78-ab36-06203eb04d7e,2023-11-30 19:39:00,059136e5-beb1-43f4-a3fe-9cc14dd0989b,1700,127,1827
46685512-25f5-42bd-9508-15dc61bf4f87,5893c78f-be68-4535-87e4-b9e0a3100d8a,2023-11-30 15:42:00,059136e5-beb1-43f4-a3fe-9cc14dd0989b,400,30,430
dd29a78e-05b4-40ce-9e68-c6429a270f68,5a85894e-8877-4fe8-abc7-25ee8d4f3683,2023-11-30 07:00:00,059136e5-beb1-43f4-a3fe-9cc14dd0989b,600,44,644
dbdbb0a4-848f-4454-8b24-0f595b8effe0,145a1598-5bd8-4864-b1bc-7daefb193a28,2023-11-30 14:59:00,059136e5-beb1-43f4-a3fe-9cc14dd0989b,700,52,752
4d5b7096-a6af-40a9-b637-016c99b75946,ff167039-ce55-49a9-a653-d00a88d17fc9,2023-11-30 15:47:00,059136e5-beb1-43f4-a3fe-9cc14dd0989b,400,30,430
ca5613cd-e58a-4b12-bc7f-f2b8706af971,3cd5fd88-7f74-4f00-bf62-641e6d5c8743,2023-11-30 07:38:00,059136e5-beb1-43f4-a3fe-9cc14dd0989b,600,44,644
a628f4c7-2d82-4b7c-bc67-1c03f1fa5b74,525b7cde-507b-42ab-9ca4-f010a9e8de28,2023-11-30 07:26:00,059136e5-beb1-43f4-a3fe-9cc14dd0989b,500,37,537
6c3d8b8c-c7ca-4ea0-a989-43aa8d383dc7,62f4378e-2f4d-428a-ab62-b2c3950af0f0,2023-11-30 10:46:00,059136e5-beb1-43f4-a3fe-9cc14dd0989b,600,44,644
1acc3288-5f67-4f10-99e6-67bd8345c919,f2d3b7b6-cb0d-4ad8-ab6d-d428c7f48c29,2023-11-30 07:19:00,059136e5-beb1-43f4-a3fe-9cc14dd0989b,500,37,537
fdc8e2d3-ca08-42db-b1a2-7c2d83b4f175,35b4c9ee-b015-4921-8fb3-e18d94ba2acf,2023-11-30 08:29:00,059136e5-beb1-43f4-a3fe-9cc14dd0989b,500,37,537
4714b249-54b0-45ac-953d-4ffb48fe07b8,ee7c3fb3-ed03-4efb-af8d-ddcec90a202a,2023-11-30 12:18:00,059136e5-beb1-43f4-a3fe-9cc14dd0989b,3400,254,3654
562494f7-b29b-40b3-9d87-5925f36073d1,c1acbc40-5acf-4438-a21b-2b260df6a4bb,2023-11-30 07:49:00,059136e5-beb1-43f4-a3fe-9cc14dd0989b,700,52,752
71662d49-d94a-4cab-9267-2fdf8f249914,29272c1d-470c-4452-b97c-2666adaaa2f1,2023-11-30 19:37:00,059136e5-beb1-43f4-a3fe-9cc14dd0989b,500,37,537
4e8a8a61-ed57-4b82-b2a9-9397b4ccfad1,eb946b01-b4e4-4e83-921f-8bdfa6bf8779,2023-11-30 07:53:00,059136e5-beb1-43f4-a3fe-9cc14dd0989b,700,52,752
148d78b4-001c-4abe-b7b7-24d2b7572c6c,081fc5fe-a7fa-4c01-91bc-e6a535fc566e,2023-11-30 19:55:00,059136e5-beb1-43f4-a3fe-9cc14dd0989b,2100,157,2257
eb049c48-025e-40f7-ac23-575bb004de5e,179447a8-7285-4bb4-a34a-03071446d270,2023-11-30 08:31:00,059136e5-beb1-43f4-a3fe-9cc14dd0989b,500,37,537
6c07f147-ec8b-4857-8bcb-6918b044a8a0,51422d77-7918-4d57-88ed-225044f0d654,2023-11-30 13:52:00,059136e5-beb1-43f4-a3fe-9cc14dd0989b,600,44,644
95b03b6f-8979-4454-acae-15e4ebd5cc81,508ad1fb-30cb-4403-a945-efca555fc603,2023-11-30 11:12:00,059136e5-beb1-43f4-a3fe-9cc14dd0989b,400,30,430
49648804-a691-4f40-84b6-9d7775fd1bed,c67e5298-2e23-483d-9271-f3a407d60b98,2023-11-30 09:01:00,059136e5-beb1-43f4-a3fe-9cc14dd0989b,600,44,644
678eea2f-5c0b-4384-8614-c18c92dd998f,cc0e1091-f21f-4062-a932-82374bcee4ac,2023-11-30 11:24:00,059136e5-beb1-43f4-a3fe-9cc14dd0989b,4600,345,4945
51ba95c2-a902-4447-8c8f-43dcbe40302a,7881f065-465b-4e32-a7e5-688fb2bbb84e,2023-11-30 07:44:00,059136e5-beb1-43f4-a3fe-9cc14dd0989b,500,37,537
94770e36-2ee8-4637-baa0-8a6fa1c23ec5,ec70abb1-0f2b-4f84-8df9-c07a3d01ce2d,2023-11-30 07:51:00,059136e5-beb1-43f4-a3fe-9cc14dd0989b,600,44,644
b56b1edf-1402-46fd-a85f-ed2202d40d43,4bc8d1b3-b47e-4bb4-8531-37a7694b301a,2023-11-30 08:00:00,059136e5-beb1-43f4-a3fe-9cc14dd0989b,700,52,752
44652075-a157-4965-93cd-78bcc3ac8be2,cfbb01a6-b92f-49e8-b0ad-73c464ec17b0,2023-11-30 07:56:00,059136e5-beb1-43f4-a3fe-9cc14dd0989b,600,44,644
3af649a6-caab-4063-84eb-6c20d1ce15dc,a894594e-9ef5-4450-a048-185b1becba41,2023-11-30 07:33:00,059136e5-beb1-43f4-a3fe-9cc14dd0989b,600,44,644
06945342-edc5-45a0-8619-d89aeb02639f,458069c2-357c-48d5-838d-618b3c991344,2023-11-30 18:32:00,059136e5-beb1-43f4-a3fe-9cc14dd0989b,400,30,430
9399d4a9-c383-4982-b344-9e87a2dd6ccb,6760fa7e-0ff8-4391-bc15-ebc006f502a7,2023-11-30 14:25:00,059136e5-beb1-43f4-a3fe-9cc14dd0989b,600,44,644
7e8ce4f1-f133-4217-a96f-501470a85d3d,78fdcf56-3a2e-4c02-b8c1-2268dc126226,2023-11-30 07:53:00,059136e5-beb1-43f4-a3fe-9cc14dd0989b,500,37,537
dec294c7-6378-481b-8665-b4b20267e8e8,b933b8d1-2777-4f0a-a2da-d98923e7b020,2023-11-30 13:46:00,059136e5-beb1-43f4-a3fe-9cc14dd0989b,400,30,430
c7ee9bf6-b8d3-4394-8b19-5eab57c12264,c94f282d-c27f-43b3-9a37-89551f87c760,2023-11-30 08:33:00,059136e5-beb1-43f4-a3fe-9cc14dd0989b,600,44,644
059adab9-c533-498c-a8c5-0d8c953d1409,223b2d25-636a-4e2e-af36-e18af1f6ede8,2023-11-30 16:11:00,059136e5-beb1-43f4-a3fe-9cc14dd0989b,700,52,752
4e06e7db-6977-44a0-b27c-662e4a42d4a0,01ebacae-f8e9-436f-8ae1-8a621be9f5e5,2023-11-30 13:20:00,059136e5-beb1-43f4-a3fe-9cc14dd0989b,5100,382,5482
9663e4fa-7ebd-4658-ba80-d16f010519a0,3096fdce-e3a2-4362-9436-618b55f584e1,2023-11-30 14:28:00,059136e5-beb1-43f4-a3fe-9cc14dd0989b,500,37,537
c0016145-ca63-4f9f-b18f-47babc94628e,c99be7e2-14e8-4887-a6a1-c3840ca440e4,2023-11-30 17:30:00,059136e5-beb1-43f4-a3fe-9cc14dd0989b,700,52,752
86bf4cfe-df01-4cec-bab4-d0285172b52f,1ead5dd0-3b9e-404d-80f2-7861e930f91c,2023-11-30 15:21:00,059136e5-beb1-43f4-a3fe-9cc14dd0989b,1700,127,1827
8e6ebf12-29ae-4591-a3e0-08e5aedbccef,aeffa343-3fd6-48bd-96c4-f0d427f3e16d,2023-11-30 12:20:00,059136e5-beb1-43f4-a3fe-9cc14dd0989b,600,44,644
788ecdca-21e8-4b3b-8a8c-898c57eb32c7,b8f59e83-f045-498d-8359-f97af9a52e2a,2023-11-30 09:42:00,059136e5-beb1-43f4-a3fe-9cc14dd0989b,600,44,644
8d82f40d-7f87-408a-a1f6-96736909ce63,34481e71-4145-49cc-8497-35c0025c84c3,2023-11-30 15:04:00,059136e5-beb1-43f4-a3fe-9cc14dd0989b,600,44,644
fd59b0ac-cb82-443c-a444-c8db018875dc,48a627c0-ee76-49ed-a973-831b71164cf6,2023-11-30 08:48:00,059136e5-beb1-43f4-a3fe-9cc14dd0989b,700,52,752
2cb01bd8-1575-4775-83e8-2d3ac445b798,8437dbcc-d837-403b-93dd-6b6b89046f67,2023-11-30 08:41:00,059136e5-beb1-43f4-a3fe-9cc14dd0989b,700,52,752
60bb3154-030d-431c-aef7-e04c0e67bdd5,b6b3e2f5-352e-401a-967f-e80b22835181,2023-11-30 07:57:00,059136e5-beb1-43f4-a3fe-9cc14dd0989b,600,44,644
4f773e5f-7319-4df9-a3f6-828050aadf4e,be772447-4e61-4f84-aaf4-1631d43476f6,2023-11-30 14:15:00,059136e5-beb1-43f4-a3fe-9cc14dd0989b,1000,75,1075
8a0c39eb-eb0b-4d80-815a-1492b68082fa,529aeb1a-d311-4a43-884e-e717d5e3cad0,2023-11-30 15:54:00,059136e5-beb1-43f4-a3fe-9cc14dd0989b,400,30,430
acedff9a-15f1-4ebf-bf25-94ef7a5dc0dd,90cc7c61-1525-466e-96a5-004a27f62856,2023-11-30 18:33:00,059136e5-beb1-43f4-a3fe-9cc14dd0989b,500,37,537
f689d88f-a5d4-4666-a5e8-56c9773e5445,9ed84a6c-24d1-4a91-91d7-7e3b9667fb75,2023-11-30 09:54:00,059136e5-beb1-43f4-a3fe-9cc14dd0989b,1200,89,1289
63bd0aaa-eef7-4339-bceb-7681278c393d,5c367221-1359-47c9-87cb-44b94201fe2d,2023-11-30 14:42:00,059136e5-beb1-43f4-a3fe-9cc14dd0989b,600,44,644
253cca18-ee6d-4853-9508-af80395a63b2,a733246c-0410-466a-bd38-18b2581844f8,2023-11-30 16:05:00,059136e5-beb1-43f4-a3fe-9cc14dd0989b,600,44,644
3a868304-401e-41b4-a29f-b8a7293cda27,86342a05-6726-4583-98d2-568fa9bcb114,2023-11-30 11:43:00,059136e5-beb1-43f4-a3fe-9cc14dd0989b,1200,89,1289
a0bc0f46-7648-4953-ad85-4d176a8d4ba6,96ebbc87-f9c3-4880-b19d-6b115c1d06a9,2023-11-30 16:32:00,059136e5-beb1-43f4-a3fe-9cc14dd0989b,400,30,430
362e6c48-d7c0-4923-a1a4-17e73a189cb5,95d94379-7e44-44b8-869c-b0c1a76573f9,2023-11-30 08:23:00,059136e5-beb1-43f4-a3fe-9cc14dd0989b,500,37,537
fabb3bc9-70dc-4184-94dc-84301aaa9f0c,0a79873f-dfaf-4351-b871-82923dc405c3,2023-11-30 12:13:00,059136e5-beb1-43f4-a3fe-9cc14dd0989b,1200,89,1289
8ca738d7-f1f8-4f41-b4ff-9e27664d016d,2753b71d-8872-4b48-8234-a6fc8ba92d23,2023-11-30 16:57:00,059136e5-beb1-43f4-a3fe-9cc14dd0989b,600,44,644
645b2144-6c45-4560-8585-a2347d3a5e18,bf526f3f-3326-4dee-a147-afdb0b21f9d0,2023-11-30 08:44:00,059136e5-beb1-43f4-a3fe-9cc14dd0989b,600,44,644
6bf4f694-1aa0-4f3d-a852-d8dab2a0b4f7,54896ad7-a568-4185-8256-e3d170c8f235,2023-11-30 19:26:00,059136e5-beb1-43f4-a3fe-9cc14dd0989b,2100,157,2257
131dfc7f-1f42-40d1-b06f-379705a974b8,980904e6-1f3f-4d1c-9941-bf341f315e6e,2023-11-30 08:25:00,059136e5-beb1-43f4-a3fe-9cc14dd0989b,600,44,644
279d0b03-f242-41e4-bf01-0cd5ad50cc5f,fc4e6603-cce0-44d4-b235-be8819d5525a,2023-11-30 14:09:00,059136e5-beb1-43f4-a3fe-9cc14dd0989b,700,52,752
7a36d0b1-c31f-4d6d-baf8-32c880c6998e,61658487-1dbc-4dfc-bb5e-cc6862adf39a,2023-11-30 07:15:00,059136e5-beb1-43f4-a3fe-9cc14dd0989b,600,44,644
fa254a05-84e4-47c4-a988-9ba7c1644d72,35b0a6b4-27a7-4ce4-99e7-e6a4e3bc0deb,2023-11-30 12:46:00,059136e5-beb1-43f4-a3fe-9cc14dd0989b,3400,254,3654
2c498906-815d-48cf-8bce-9949901a289f,71febbc1-2d32-460b-adee-3fe28d05d862,2023-11-30 08:17:00,059136e5-beb1-43f4-a3fe-9cc14dd0989b,400,30,430
0661b7ed-cbcf-4fbb-9e39-a1680125b599,1983b588-cc8c-4486-9324-15dde1e28b95,2023-11-30 07:27:00,059136e5-beb1-43f4-a3fe-9cc14dd0989b,600,44,644
0b930495-e87b-4985-ab9f-5d3b8b40fffa,f9235efd-9086-44e7-9a3e-6690eacebd47,2023-11-30 08:48:00,059136e5-beb1-43f4-a3fe-9cc14dd0989b,500,37,537
e5bbca0b-420a-49cb-8a67-94c0fa9dd104,a3f5c8d9-09af-4512-a5a5-a334d3fba9f3,2023-11-30 13:33:00,059136e5-beb1-43f4-a3fe-9cc14dd0989b,1500,112,1612
b052d139-51b5-4412-af01-50604ddbb4c3,9975d2cb-8b6a-4d55-9cd7-65b71f75b675,2023-11-30 07:06:00,059136e5-beb1-43f4-a3fe-9cc14dd0989b,400,30,430
37435cab-31f7-4f81-85fc-b8ce652fec33,8241d5ee-dc4e-4450-adeb-952f814563f6,2023-11-30 15:14:00,059136e5-beb1-43f4-a3fe-9cc14dd0989b,600,44,644
a73c72ac-f215-438a-a6b5-24d05266dfb7,bc968d3f-f335-49c5-b7d1-a1c1b2c0df9d,2023-11-30 16:09:00,059136e5-beb1-43f4-a3fe-9cc14dd0989b,1000,75,1075
adf5f82b-8469-4c1f-b593-c89ae3bb6112,1e221d26-6807-4370-b901-a5ac94702440,2023-11-30 18:11:00,059136e5-beb1-43f4-a3fe-9cc14dd0989b,600,44,644
940aee77-30b1-4fb5-9caa-4e2e1bdcc29c,239b8d39-765a-472e-8b88-611bdc0e7812,2023-11-30 08:53:00,059136e5-beb1-43f4-a3fe-9cc14dd0989b,600,44,644
34f082af-d287-4ed1-9217-8eec25414a24,6fcb3e33-b407-4fad-a95e-92178dcd8a34,2023-11-30 07:57:00,059136e5-beb1-43f4-a3fe-9cc14dd0989b,700,52,752
17cd59e2-2e87-4d63-9ecd-9885ae6a57c1,8164d8c7-ed86-48e2-ba04-4b693a90a81a,2023-11-30 12:52:00,059136e5-beb1-43f4-a3fe-9cc14dd0989b,600,44,644
3d32202a-b653-4100-b643-507b9e4651fb,ecb3a8a1-642b-4103-a093-12773210926e,2023-11-30 15:18:00,059136e5-beb1-43f4-a3fe-9cc14dd0989b,500,37,537
55cc5007-1dfa-4ecc-98f5-76b7854f34d6,d205e228-5571-48e7-bd0c-046c3e33704e,2023-11-30 13:39:00,059136e5-beb1-43f4-a3fe-9cc14dd0989b,1800,135,1935
0854174c-b868-49fd-8184-f377b95c7b74,04c195d4-4dc6-47ab-8951-45427e72b536,2023-11-30 11:56:00,059136e5-beb1-43f4-a3fe-9cc14dd0989b,400,30,430
9b56cdb3-2442-44e0-912e-a90085c2860e,3888e62f-5ebe-49cf-93e8-70e8eb32a0de,2023-11-30 08:29:00,059136e5-beb1-43f4-a3fe-9cc14dd0989b,500,37,537
f87cc4e0-13ff-406c-a0ee-f5d099fd5ada,c085eeee-229f-4875-866c-4edc1617d158,2023-11-30 07:38:00,059136e5-beb1-43f4-a3fe-9cc14dd0989b,600,44,644
96635467-2efa-497e-b6ec-f6b452346764,b99f585b-4ca3-44d8-ad60-fba8444d6a54,2023-11-30 13:12:00,b5941a70-cf63-407e-8c24-c979e7f61e45,1800,72,1872
39b2d940-5fd8-4ea0-905a-ff19971551a8,34e3fa3a-3e73-4d2a-bd8f-4aeb7d8b2231,2023-11-30 13:24:00,b5941a70-cf63-407e-8c24-c979e7f61e45,1700,68,1768
ca462d62-65f3-4d64-98f5-f2c6a7037ba6,07802969-246c-489b-9096-7642f0c1b45d,2023-11-30 11:57:00,b5941a70-cf63-407e-8c24-c979e7f61e45,1700,68,1768
eb537566-f63a-47ae-bc0b-74496f612128,52b125df-443d-44c5-bfc6-8a5f3124d3ef,2023-11-30 14:43:00,b5941a70-cf63-407e-8c24-c979e7f61e45,1800,72,1872
552becdd-ada2-4a1e-b084-4928610d8348,c1204cb7-2364-40d5-8a6b-d3c001faae6f,2023-11-30 07:58:00,b5941a70-cf63-407e-8c24-c979e7f61e45,700,28,728
4c28a5ba-e080-41ca-8f07-ad4d3fdba460,def6a9d5-036b-4315-998b-47908bc1c8ad,2023-11-30 07:00:00,b5941a70-cf63-407e-8c24-c979e7f61e45,400,16,416
f1a93b10-be0c-4e13-8d42-f22ab0f0c260,fa793654-137e-43d4-b206-81e8119b1b4e,2023-11-30 17:26:00,b5941a70-cf63-407e-8c24-c979e7f61e45,1700,68,1768
937e27d5-ae4b-46a7-921c-7f18267222f0,b348e89f-677a-4d48-a58b-b4c9448f50a1,2023-11-30 07:52:00,b5941a70-cf63-407e-8c24-c979e7f61e45,600,24,624
f9baaedd-0643-406c-bcb0-f296f67d707f,8903ed0e-aebe-4557-b8ac-6a0b252ebdbe,2023-11-30 08:29:00,b5941a70-cf63-407e-8c24-c979e7f61e45,700,28,728
0c5cf11f-8ba5-4b3f-8a55-a0ca82d539ac,2b95812c-96e3-4c71-b994-40bd090d6422,2023-11-30 09:41:00,b5941a70-cf63-407e-8c24-c979e7f61e45,500,20,520
fca4bcc4-b500-4e5e-b815-fe9af9913220,cfe678c2-234b-4b62-809d-8caee64e6323,2023-11-30 08:21:00,b5941a70-cf63-407e-8c24-c979e7f61e45,500,20,520
96696970-4407-4953-9cfa-04cf47bae3b9,c736210a-434f-4b33-955c-6fdf5e35768c,2023-11-30 18:03:00,b5941a70-cf63-407e-8c24-c979e7f61e45,1700,68,1768
a4f135a3-3a62-4f40-9e30-703043288e31,48fb38a1-f0ff-46e0-964c-df51a0ba2612,2023-11-30 17:45:00,b5941a70-cf63-407e-8c24-c979e7f61e45,2000,80,2080
1b797b21-c0ae-48a0-9498-a77a775aa0dc,162093d1-12b1-4f06-9ff7-56f2f0a73461,2023-11-30 09:48:00,b5941a70-cf63-407e-8c24-c979e7f61e45,500,20,520
465baadc-ca5a-4e2c-9e0b-d639095da594,e4d7d41d-35a6-4e84-89d9-d475369a8b15,2023-11-30 11:23:00,b5941a70-cf63-407e-8c24-c979e7f61e45,400,16,416
423f54d2-f623-4c3d-b416-875f57bdc198,3fd94dc1-a86f-4596-88c9-1653eff665a6,2023-11-30 12:44:00,b5941a70-cf63-407e-8c24-c979e7f61e45,2300,92,2392
888db26e-7b85-4fc8-98da-17c40904c6b2,af2bf82c-ea3d-4e9b-be5d-f79cf8707704,2023-11-30 09:37:00,b5941a70-cf63-407e-8c24-c979e7f61e45,2500,100,2600
ad625d70-3e63-475a-8937-b39ba894b8d1,863da1ea-a81b-4946-b9d9-3194617e23d8,2023-11-30 14:14:00,b5941a70-cf63-407e-8c24-c979e7f61e45,1100,44,1144
23fff1b8-1467-4010-98cd-8ed79dfb9b71,d3c03d2b-e214-4128-b959-7cbb00080b81,2023-11-30 08:29:00,b5941a70-cf63-407e-8c24-c979e7f61e45,700,28,728
33ebd999-1aba-443d-9ef0-04367d65596e,e835ed2d-f124-4491-ac98-63c5d43f5b22,2023-11-30 07:34:00,b5941a70-cf63-407e-8c24-c979e7f61e45,600,24,624
b2650c29-a4ea-4648-9b31-5e41ae7f40aa,84446a2a-0a45-4348-9c17-8317f660ad1d,2023-11-30 08:19:00,b5941a70-cf63-407e-8c24-c979e7f61e45,600,24,624
3d64b73b-abee-4166-8ee5-52e3183a269e,855ad166-da80-4dee-8c53-b239e364b074,2023-11-30 09:11:00,b5941a70-cf63-407e-8c24-c979e7f61e45,600,24,624
a6c42467-769d-48ef-b324-eee417e303b1,9f09c473-3854-4d8e-8123-09976c23a1b9,2023-11-30 08:00:00,b5941a70-cf63-407e-8c24-c979e7f61e45,600,24,624
7c11a932-640d-43a1-a6e2-7e89adc2969f,665a35f4-221f-4277-8334-627eacce41fd,2023-11-30 12:50:00,b5941a70-cf63-407e-8c24-c979e7f61e45,600,24,624
32355387-1416-42c5-87cc-602b02594fc4,ec867770-aa2f-425e-8f03-4269cb2c8432,2023-11-30 11:54:00,b5941a70-cf63-407e-8c24-c979e7f61e45,700,28,728
e068b3a0-8ca0-47a7-87b2-0e810736dab8,bf200f85-febd-42c5-be55-f8285e5f92c1,2023-11-30 08:01:00,b5941a70-cf63-407e-8c24-c979e7f61e45,700,28,728
f6ff907b-7707-4300-b69b-24806f2619a2,783d638a-a73b-4d58-a792-5b07857366ef,2023-11-30 10:38:00,b5941a70-cf63-407e-8c24-c979e7f61e45,600,24,624
edb8105c-285c-4e95-8c16-60a6818a132c,9bc4dd2a-a233-4f6a-a56d-5855cf3ba908,2023-11-30 18:40:00,b5941a70-cf63-407e-8c24-c979e7f61e45,2000,80,2080
2bb21e7d-0f5c-4824-87ef-b68ec049b92b,38e487ca-cf63-4a0a-a0ea-4eb06aa1c914,2023-11-30 12:02:00,b5941a70-cf63-407e-8c24-c979e7f61e45,1200,48,1248
ae4028cc-c6a7-4bab-b1ce-66ec5f466998,1dc81d14-661d-4552-afc5-3ac554af03a8,2023-11-30 12:13:00,b5941a70-cf63-407e-8c24-c979e7f61e45,600,24,624
bcf8dbae-60a0-4120-8f18-1a15bc17aad7,3026827e-4594-4e12-9104-4393294a37c1,2023-11-30 08:27:00,b5941a70-cf63-407e-8c24-c979e7f61e45,400,16,416
f96bcb81-85c5-46c4-abb6-d58269a3911c,a52016eb-4b27-48c0-b3a0-f34fb0fc0ca8,2023-11-30 07:29:00,b5941a70-cf63-407e-8c24-c979e7f61e45,600,24,624
8a588da6-f5e4-41a8-ba5c-70cc2cafbac3,49eeffff-dad6-4307-984c-99e7add468e3,2023-11-30 16:14:00,b5941a70-cf63-407e-8c24-c979e7f61e45,700,28,728
0c1253c1-f6ce-4109-b2ec-655cdbc5f6bc,ce98655e-a7d1-4fd5-88dc-cdba73dd8e31,2023-11-30 10:50:00,b5941a70-cf63-407e-8c24-c979e7f61e45,2800,112,2912
20650492-0941-4cf2-b42b-7c3f7ffaeda1,b634ac19-b773-47fa-9bea-3e85ba225eab,2023-11-30 14:36:00,b5941a70-cf63-407e-8c24-c979e7f61e45,1800,72,1872
0eb2207a-101e-49a4-b66e-e1682dec622b,5f9d6e13-18b2-47d0-8f5d-6acc5cdf4a27,2023-11-30 08:06:00,b5941a70-cf63-407e-8c24-c979e7f61e45,600,24,624
e7d15aa8-b9c0-49c8-a28d-e44428607333,6555ae72-a22c-4480-a4e6-26cee8a445be,2023-11-30 11:09:00,b5941a70-cf63-407e-8c24-c979e7f61e45,600,24,624
d6b1d5a1-d4be-4169-8b4f-c3dc394fd310,89bb868a-8886-49a5-aa72-5e3a25626304,2023-11-30 08:45:00,b5941a70-cf63-407e-8c24-c979e7f61e45,400,16,416
5ecb02f5-021e-40b8-bd86-2a0c57121960,d77e9950-184e-411c-b78a-a5d36b2bdd7b,2023-11-30 10:41:00,b5941a70-cf63-407e-8c24-c979e7f61e45,600,24,624
ac8bd439-b951-41fc-827b-4c396fa9e097,5bdef59a-94a7-4f55-a527-34a14a8ddcd4,2023-11-30 15:00:00,b5941a70-cf63-407e-8c24-c979e7f61e45,600,24,624
4abe7606-be60-48e1-b54e-6f762e0c6a83,810f2190-c36f-4061-be67-f071ea5b49f9,2023-11-30 08:37:00,b5941a70-cf63-407e-8c24-c979e7f61e45,700,28,728
1a83e0eb-d04a-4cea-ae8c-8332a2dac15f,13bed8da-2e02-4e0b-8258-df34a7c2d850,2023-11-30 18:39:00,b5941a70-cf63-407e-8c24-c979e7f61e45,600,24,624
0462b916-1c9f-4b53-994f-90fd86293756,58661011-90b9-46de-a9c1-8e1f17803683,2023-11-30 07:43:00,b5941a70-cf63-407e-8c24-c979e7f61e45,500,20,520
4da48f59-c71a-405c-86a1-9b865d96fcfe,0cc54e37-2408-4b86-9b5e-307919784f57,2023-11-30 15:10:00,b5941a70-cf63-407e-8c24-c979e7f61e45,600,24,624
9bf662c0-c3cd-4d32-a516-d3d5c51c6250,82c401a8-0323-4d08-ac5c-94d255bbf98f,2023-11-30 07:19:00,b5941a70-cf63-407e-8c24-c979e7f61e45,700,28,728
e5fa033e-ca31-40d4-8319-685cd4ab6f79,59c58e4f-9f02-4032-8725-a11f99244dd1,2023-11-30 13:05:00,b5941a70-cf63-407e-8c24-c979e7f61e45,1200,48,1248
b834e5a1-edea-4e92-a909-f66e40bc03c4,3edc512f-6a6e-47a4-8b78-d15efb3b5e04,2023-11-30 08:03:00,b5941a70-cf63-407e-8c24-c979e7f61e45,600,24,624
96514e8a-0795-4767-bb1e-b34bac5de6fa,ce41a0de-b655-4e68-b41e-43a38e82b5ae,2023-11-30 11:29:00,b5941a70-cf63-407e-8c24-c979e7f61e45,1200,48,1248
bb156f62-def5-4190-9b96-a70f6403ca85,8c5fa099-c06b-40f4-89d4-8cf99468b397,2023-11-30 07:24:00,b5941a70-cf63-407e-8c24-c979e7f61e45,400,16,416
c4ce9efb-15b6-4f61-a29b-87fab0ecf2e7,ca5ef5f0-0607-4476-b0a6-40717d0c8a13,2023-11-30 15:36:00,b5941a70-cf63-407e-8c24-c979e7f61e45,1600,64,1664
07f0253f-fa6c-45c1-b2c1-9994ab6861fd,cf9d7199-1173-46cf-9a15-c3bbca414e26,2023-11-30 14:14:00,b5941a70-cf63-407e-8c24-c979e7f61e45,400,16,416
142496bb-418e-48eb-95ee-422e31dafc21,e16637ca-b05a-4c31-a176-d2419ec2e18a,2023-11-30 17:33:00,b5941a70-cf63-407e-8c24-c979e7f61e45,1700,68,1768
3e42cf98-e141-4b3c-9f4f-a1d8b556aac5,596caac8-7411-4225-9b52-3a11d72f2653,2023-11-30 08:05:00,b5941a70-cf63-407e-8c24-c979e7f61e45,600,24,624
cf4a7cc5-f667-4d33-b233-b81264dbfd0c,a921920a-817e-4311-8a3b-c77f11b97964,2023-11-30 17:47:00,b5941a70-cf63-407e-8c24-c979e7f61e45,1800,72,1872
350cb0f7-2af8-47b3-8f14-8492dbb1a81b,20d3c912-c56f-4e52-81f5-0270797ca85a,2023-11-30 12:10:00,b5941a70-cf63-407e-8c24-c979e7f61e45,600,24,624
b132f563-226e-4f7e-9b18-06a79cd845d0,46172e79-619e-4077-af99-369c4d7f6c1a,2023-11-30 10:17:00,b5941a70-cf63-407e-8c24-c979e7f61e45,1400,56,1456
7c263921-3086-4b1f-bc39-f0a1bbdcbf78,a539224e-6827-4978-a90a-98965dc8bf1a,2023-11-30 16:50:00,b5941a70-cf63-407e-8c24-c979e7f61e45,600,24,624
9921d160-961b-4971-8c7a-41d943b9509b,b5e4f088-535a-4d1a-9dfc-1f0f1a5bbb31,2023-11-30 13:41:00,b5941a70-cf63-407e-8c24-c979e7f61e45,1800,72,1872
50089b06-20bd-4f07-afe8-78794cfdbb04,fc665220-686d-4e6c-aebc-5eccbf9e7900,2023-11-30 14:51:00,b5941a70-cf63-407e-8c24-c979e7f61e45,2400,96,2496
915980dc-57cf-449a-93ec-5b82506d4f6e,612ba113-a667-4f6c-88ff-4719d9b8bd6d,2023-11-30 07:51:00,b5941a70-cf63-407e-8c24-c979e7f61e45,500,20,520
fe607ca2-6bce-4477-8ecf-de6869731959,4058c008-2139-4019-a484-20f84a44cab9,2023-11-30 15:22:00,b5941a70-cf63-407e-8c24-c979e7f61e45,1100,44,1144
9a4cbbe4-e433-4a43-8418-710abce9e88a,d2e1ff33-c440-48ba-bdf6-644644ae2ec5,2023-11-30 16:48:00,b5941a70-cf63-407e-8c24-c979e7f61e45,600,24,624
1b453830-d68d-4460-934d-33931e4fb180,5f850358-6038-4f2e-a7f6-9ad8be127665,2023-11-30 08:20:00,b5941a70-cf63-407e-8c24-c979e7f61e45,500,20,520
fc79dabf-455c-470c-a1c5-f2a2479ebbb6,4eb25e8b-f2da-4daf-89c8-26ee5427b154,2023-11-30 11:46:00,b5941a70-cf63-407e-8c24-c979e7f61e45,2200,88,2288
74eefee1-ebd2-4ef4-963c-36c354189651,de6351d4-e3e1-4e82-9c3f-ee108764ba3a,2023-11-30 10:30:00,b5941a70-cf63-407e-8c24-c979e7f61e45,500,20,520
a704df71-0485-4c83-8100-4e6703224c0f,37ae6c25-9a54-4bd2-b8ce-8ff408aad37c,2023-11-30 10:18:00,b5941a70-cf63-407e-8c24-c979e7f61e45,700,28,728
b759ff56-435c-4548-87fe-1d8776944bdd,d2506204-6b5b-4bef-bae3-9c5a699459d4,2023-11-30 15:46:00,b5941a70-cf63-407e-8c24-c979e7f61e45,500,20,520
6d9b02b1-eaa3-4a03-a5ad-09de0d0c283a,0ab6cc4a-4d4d-4b0f-bb9e-26934e1b2fb4,2023-11-30 11:04:00,b5941a70-cf63-407e-8c24-c979e7f61e45,700,28,728
2a2e3ead-d853-4192-a73f-ef52c0a2cbd0,6faee88c-1462-4014-aab0-303e19e38765,2023-11-30 08:54:00,b5941a70-cf63-407e-8c24-c979e7f61e45,400,16,416
420c9c2a-0988-4ba5-8930-c463f3e8af23,bf8dfc01-63c1-4fad-bc87-f235d190076e,2023-11-30 08:20:00,b5941a70-cf63-407e-8c24-c979e7f61e45,600,24,624
06e7a25e-94f9-4203-bae0-048e800d28a0,d67db81a-4d2e-4a5a-a1e1-70e3b973dad8,2023-11-30 08:50:00,b5941a70-cf63-407e-8c24-c979e7f61e45,500,20,520
bc304f6c-d2f8-4ee4-a42a-718d256e5355,805df221-8701-4577-bc0b-d5ecfbf9334b,2023-11-30 12:41:00,b5941a70-cf63-407e-8c24-c979e7f61e45,600,24,624
5748eb8c-f844-45f3-aed5-0443282c30b5,99b17443-411b-490a-a48e-a04b3366df95,2023-11-30 07:44:00,b5941a70-cf63-407e-8c24-c979e7f61e45,400,16,416
be2ebcf2-d558-49e0-9083-468b5feb3acd,0dbe6d07-7913-408a-94b4-8f22812b02b7,2023-11-30 16:10:00,b5941a70-cf63-407e-8c24-c979e7f61e45,600,24,624
4c7cbd8f-0edb-4d86-996e-67747a2e5148,92426ac9-fb06-489a-b934-4d0a34e875a2,2023-11-30 15:25:00,b5941a70-cf63-407e-8c24-c979e7f61e45,1700,68,1768
a71621e1-6a95-4313-90f5-9e8219105d14,99b32ca4-6c29-4f95-86a4-210f753a423e,2023-11-30 08:02:00,b5941a70-cf63-407e-8c24-c979e7f61e45,400,16,416
37d3c5bc-1707-4cf0-9d69-f2306dffe091,67a854b8-54c7-40ee-b9f9-e7b0f261bbb1,2023-11-30 15:27:00,b5941a70-cf63-407e-8c24-c979e7f61e45,400,16,416
5a68e2a8-d6c8-4ae3-8c28-948b5ee41f37,c3faf033-87ae-476c-972d-033dc9c309b3,2023-11-30 08:13:00,b5941a70-cf63-407e-8c24-c979e7f61e45,600,24,624
d4446a59-bfbf-4baa-9759-1a87e78dfd5b,a5aa723a-1b47-4aad-9428-6a1375022eef,2023-11-30 17:00:00,b5941a70-cf63-407e-8c24-c979e7f61e45,600,24,624
7ebc85a4-75ba-48f0-8c6a-d954b52778c7,caf3b5dd-09de-4781-9daf-083849d3346b,2023-11-30 17:53:00,b5941a70-cf63-407e-8c24-c979e7f61e45,1200,48,1248
27da578c-c45f-4d9c-9837-78bbdf9e33a1,c95036c7-b205-4c9e-b14f-2d009d5d0c76,2023-11-30 10:39:00,b5941a70-cf63-407e-8c24-c979e7f61e45,3300,132,3432
b2a2e163-b262-47e3-b9e2-40c45eca6b1f,cf5542a6-e935-4ac0-83e2-0c9ff00c5ed6,2023-11-30 07:10:00,b5941a70-cf63-407e-8c24-c979e7f61e45,600,24,624
7450a190-2ed0-4161-beef-dd0ff1e92e8c,d63b84b0-56cb-4bde-839a-9678e773fa7c,2023-11-30 19:13:00,b5941a70-cf63-407e-8c24-c979e7f61e45,500,20,520
780dc0ed-b038-4453-8394-36980e3c3589,ff577722-6ee8-4cc1-982c-667b02662534,2023-11-30 12:19:00,b5941a70-cf63-407e-8c24-c979e7f61e45,1500,60,1560
cf38cf11-cbb2-4dca-87e1-2c5d425f29ba,ac8f873e-ffa7-42bf-9f3a-11d00e4c98e1,2023-11-30 16:34:00,b5941a70-cf63-407e-8c24-c979e7f61e45,2000,80,2080
13735ed7-2ce6-4c86-ad01-0b80655db601,dd84de96-1d22-4cc4-a92d-64c9cd3e7d1d,2023-11-30 08:53:00,b5941a70-cf63-407e-8c24-c979e7f61e45,500,20,520
bc7f024c-7521-40fa-ade2-1bd170989789,dc2823ec-0bc9-4530-9ff3-eccb8e52587a,2023-11-30 08:06:00,b5941a70-cf63-407e-8c24-c979e7f61e45,500,20,520
a8a68fe5-253e-4b17-ada3-aba178bdd8ac,1bb7c24c-4831-468b-bef3-93d9c1ac3849,2023-11-30 18:47:00,b5941a70-cf63-407e-8c24-c979e7f61e45,1600,64,1664
6e299c90-6d6d-4ad2-83c6-d2f89afe8a34,a493497f-f0cb-4f9d-84b6-4a09288e870d,2023-11-30 15:14:00,b5941a70-cf63-407e-8c24-c979e7f61e45,600,24,624
87319749-7230-4b0b-b349-1de3a60a6dab,74b71a0a-315f-4552-9f83-00256329c614,2023-11-30 15:05:00,b5941a70-cf63-407e-8c24-c979e7f61e45,1200,48,1248
203d0367-ebcd-43df-a7d2-df247a4961b0,c32286df-cafb-4e3d-b0b6-bf0fff1f4f0f,2023-11-30 12:12:00,b5941a70-cf63-407e-8c24-c979e7f61e45,400,16,416
4674b072-37a9-42c7-92dd-eb2f2c5addbc,475da3ae-e2eb-4a82-899f-a4d48f805e0e,2023-11-30 07:13:00,b5941a70-cf63-407e-8c24-c979e7f61e45,600,24,624
04c6af6a-853d-4c04-8efc-0501e46e1a36,281dca33-a2f6-49ab-8e09-565598b69e26,2023-11-30 16:56:00,b5941a70-cf63-407e-8c24-c979e7f61e45,600,24,624
295a700d-6f76-4913-9dad-95aea9f90021,fb8ec21d-7aa5-428c-ab41-cfc21aaa5a6a,2023-11-30 14:45:00,b5941a70-cf63-407e-8c24-c979e7f61e45,1000,40,1040
77df7b3b-ef9f-4e26-97de-d8f76c89b632,5fd88fba-3fdd-4be3-b693-023235215d66,2023-11-30 12:48:00,b5941a70-cf63-407e-8c24-c979e7f61e45,3000,120,3120
0c6de002-a5fd-4ce7-8e79-219dad218b24,1355ad23-6961-4874-a5ce-b7503db14ca6,2023-11-30 15:55:00,b5941a70-cf63-407e-8c24-c979e7f61e45,1900,76,1976
88a7ee62-7064-42d4-9bc0-d9fdeaaf48c4,c797a15c-8e33-48e1-a362-afd706f8cbaa,2023-11-30 15:16:00,b5941a70-cf63-407e-8c24-c979e7f61e45,1900,76,1976
9617e273-4f39-4121-8184-d1d41c80e762,dea4bee6-4b99-475c-98f3-d45fa666d228,2023-11-30 07:22:00,b5941a70-cf63-407e-8c24-c979e7f61e45,700,28,728
a9424493-b8d7-49fc-a060-d0d88d6074a5,a443515b-c5ea-4400-a9b4-1618a5764390,2023-11-30 11:41:00,b5941a70-cf63-407e-8c24-c979e7f61e45,600,24,624
9fd5bc5d-6e5d-4715-a17b-8efd74270541,fb19d959-ff98-44ce-9265-c57eb1f19b1b,2023-11-30 07:20:00,b5941a70-cf63-407e-8c24-c979e7f61e45,600,24,624
7c0524c0-a62a-4f0a-9129-f4ca51563428,5014751e-3349-4a92-8345-60743b1f057f,2023-11-30 07:53:00,b5941a70-cf63-407e-8c24-c979e7f61e45,400,16,416
b2bcc28b-0652-4f1d-8a80-5aeca630128d,a2a1225b-f682-44c7-a2fe-66bf11875462,2023-11-30 16:46:00,b5941a70-cf63-407e-8c24-c979e7f61e45,2000,80,2080
a2c07e02-069e-46bb-9c2a-d468a6ad7c22,18f2f19f-5893-49ed-94d6-e0ff3e31fdbc,2023-11-30 16:39:00,b5941a70-cf63-407e-8c24-c979e7f61e45,600,24,624
9906b64c-1774-4878-8aab-6c8a2b8d39ec,615c2b61-925a-454f-8302-0ff235595665,2023-11-30 13:05:00,b5941a70-cf63-407e-8c24-c979e7f61e45,0,0,0
6ac5d6ef-a914-47c3-a190-e6161430af8a,64ab2edd-3638-4512-8637-f5b092e70b12,2023-11-30 09:49:00,b5941a70-cf63-407e-8c24-c979e7f61e45,2800,112,2912
527cae92-bc3c-4cc4-9dfc-ffb1b7c09291,eea76b70-f6e9-4d1d-8969-112cf1bede15,2023-11-30 08:30:00,b5941a70-cf63-407e-8c24-c979e7f61e45,500,20,520
24ed4fe5-27a5-439b-84e7-6cb279566c5a,fc0a74be-b00b-4fee-a08a-b65438c8f712,2023-11-30 14:01:00,b5941a70-cf63-407e-8c24-c979e7f61e45,1600,64,1664
b6e7d475-61de-4f6c-8954-08fbdcb684c7,de2c905c-62ed-4d9f-bf34-2d7c90034c4c,2023-11-30 15:39:00,b5941a70-cf63-407e-8c24-c979e7f61e45,1300,52,1352
89ad0fcd-b4b1-4911-a732-b7d375faf54c,78f8bb3f-1498-4095-b11b-a9c643056197,2023-11-30 08:37:00,b5941a70-cf63-407e-8c24-c979e7f61e45,400,16,416
3c530344-421e-4304-9914-28c6ef05d7ab,575e6a52-60aa-4d2e-88fb-c24afb554e5e,2023-11-30 12:44:00,b5941a70-cf63-407e-8c24-c979e7f61e45,700,28,728
d3237a68-62b6-46f1-bb5f-7d6178753677,ade7a602-ff8c-44e4-a906-b65fa89e2cf9,2023-11-30 15:51:00,b5941a70-cf63-407e-8c24-c979e7f61e45,900,36,936
c42b53be-ce74-4a5d-8907-144eb86f35f1,ee3bf5de-51b0-471c-8fc8-83fdb65d2089,2023-11-30 09:16:00,b5941a70-cf63-407e-8c24-c979e7f61e45,1600,64,1664
5d12571a-84cc-424f-a9db-961d7753d6ec,3ac82e2d-4337-43f2-852f-933842baca7a,2023-11-30 13:03:00,b5941a70-cf63-407e-8c24-c979e7f61e45,600,24,624
9361674a-7309-45f7-953d-5bac99808f2f,2de13ec9-859e-41d0-bda4-b848cf153f54,2023-11-30 17:31:00,b5941a70-cf63-407e-8c24-c979e7f61e45,1600,64,1664
2e4035d2-12c6-473b-95af-d9352568aba6,64ae60bd-9702-4342-8766-2996c32f2161,2023-11-30 08:01:00,b5941a70-cf63-407e-8c24-c979e7f61e45,500,20,520
635832c4-d4fd-41d3-9b9e-075f9ae3cac7,3a0320ef-2ab5-4253-b221-8e09a98e50a3,2023-11-30 10:45:00,b5941a70-cf63-407e-8c24-c979e7f61e45,500,20,520
08aa52ad-bc51-4f5e-af3c-7318bd3792ff,e4195e67-3333-4944-8820-2160913bca91,2023-11-30 14:34:00,b5941a70-cf63-407e-8c24-c979e7f61e45,600,24,624
5ab03fae-b790-4767-96f1-8e585d8afadc,dab67da9-65e8-4fde-ab3d-3370cdb5a9a3,2023-11-30 07:45:00,b5941a70-cf63-407e-8c24-c979e7f61e45,600,24,624
877fa728-e946-42e9-aee4-f4dd9012e667,33f1d392-7275-48b2-a60d-cdff021d282e,2023-11-30 11:34:00,b5941a70-cf63-407e-8c24-c979e7f61e45,600,24,624
4cdaeab4-6ae4-41f3-a0f7-e954ee57ed9e,0d412b28-b5a1-4cea-a1f5-869ea07f821d,2023-11-30 08:41:00,b5941a70-cf63-407e-8c24-c979e7f61e45,500,20,520
7fa073ac-0b61-4e45-8e81-247546e099b3,a2d5c680-5dfa-4c55-8a64-5f2353ac92e9,2023-11-30 08:36:00,b5941a70-cf63-407e-8c24-c979e7f61e45,700,28,728
64c79727-cde2-4cb3-b0e8-b62a75d3523d,96a0e34a-c91b-43c3-a6b7-c87030bc1171,2023-11-30 14:00:00,b5941a70-cf63-407e-8c24-c979e7f61e45,1600,64,1664
758b1567-2fad-4f56-b8ea-8ba059113e8c,bb93c5a0-2544-4151-b8e0-8d22fb4b6c8d,2023-11-30 08:12:00,b5941a70-cf63-407e-8c24-c979e7f61e45,700,28,728
0086e0bf-7788-48dc-a464-9b4f8c08e047,1623a070-caac-4de1-be52-23974b2f1806,2023-11-30 07:33:00,b5941a70-cf63-407e-8c24-c979e7f61e45,500,20,520
6b86b26b-967c-4f93-88dd-ee914fa653f1,a61f8fb8-cfeb-418f-8c0b-5d790aa1879d,2023-11-30 14:27:00,b5941a70-cf63-407e-8c24-c979e7f61e45,1500,60,1560
e2a5a96c-f402-4cfb-99ad-f54da3839f26,c2cff44b-8573-42be-b3e3-d2deb524c228,2023-11-30 08:16:00,b5941a70-cf63-407e-8c24-c979e7f61e45,600,24,624
e2e962be-c2d5-4bfa-b7fb-a9220793bf6d,211767fb-46bb-4bc3-b50d-f6548cecd777,2023-11-30 19:33:00,b5941a70-cf63-407e-8c24-c979e7f61e45,700,28,728
23ef3cf6-f9dc-4858-a817-8d74b5500534,9b5611f7-2998-4617-a471-2a797e4403d5,2023-11-30 07:50:00,b5941a70-cf63-407e-8c24-c979e7f61e45,400,16,416
f13f63ce-05f4-45b4-ab1c-76b063426ad9,3c05a1bf-1e47-4e78-a5f7-eaa41e8954ce,2023-11-30 12:23:00,b5941a70-cf63-407e-8c24-c979e7f61e45,600,24,624
dffe5079-e035-4830-8126-3c5fff0d7b21,425df887-0eb3-4c9d-bc2d-7f0a38912f14,2023-11-30 15:02:00,b5941a70-cf63-407e-8c24-c979e7f61e45,700,28,728
a27bb618-cb6b-42e8-83f7-641f8e2f6252,56f5e8d6-f6fa-42d4-b15c-284e8707dbce,2023-11-30 12:05:00,b5941a70-cf63-407e-8c24-c979e7f61e45,1800,72,1872
5ac06d0a-591d-47e0-8f68-1d88015a6e1e,242de275-bad2-4f2e-afa4-7dd9ad56d239,2023-11-30 18:30:00,b5941a70-cf63-407e-8c24-c979e7f61e45,2100,84,2184
703f2e99-b597-4e6f-af31-716197bf65fc,d7fb7e89-b4b9-4504-ba2a-2e421619e418,2023-11-30 16:36:00,b5941a70-cf63-407e-8c24-c979e7f61e45,1700,68,1768
ce4c4cea-85a3-4442-b431-286ed61a5c82,731a8880-f07b-4135-95e7-7cadecd6c7b6,2023-11-30 15:55:00,b5941a70-cf63-407e-8c24-c979e7f61e45,1800,72,1872
8f225c94-d837-4610-a1d9-0d33fe72c14d,3f442476-f77e-4e32-b935-aec1f3c4f788,2023-11-30 13:10:00,b5941a70-cf63-407e-8c24-c979e7f61e45,600,24,624
9a147365-129c-497a-9724-8e4421e10235,d5d4a5a0-dd76-437a-98ee-452bc4cc56a2,2023-11-30 13:28:00,b5941a70-cf63-407e-8c24-c979e7f61e45,600,24,624
1ea427bf-bd97-453c-9bf1-4972cab2c392,52fe122b-3cb6-4253-b389-dc5abdc3f63b,2023-11-30 16:01:00,b5941a70-cf63-407e-8c24-c979e7f61e45,500,20,520
78229d08-1184-4441-b438-f3c040ead719,347aaca0-4db6-4e60-ad89-2b61a4032cd6,2023-11-30 07:41:00,b5941a70-cf63-407e-8c24-c979e7f61e45,700,28,728
0cbf1380-2c9e-4437-8353-c458128c6f7d,ed222830-2cb7-4340-a033-588bb4d49e67,2023-11-30 15:42:00,b5941a70-cf63-407e-8c24-c979e7f61e45,1100,44,1144
01336b6f-6ee6-4eda-bc22-def6a6106580,8d1bb153-3cbc-4d4c-8bb1-542dea3e3ac7,2023-11-30 16:24:00,b5941a70-cf63-407e-8c24-c979e7f61e45,400,16,416
b046ac2a-fa83-4d8f-af6e-3af3b50d741a,4e60a0e2-e696-4be5-ad3c-a536ff945f36,2023-11-30 12:15:00,b5941a70-cf63-407e-8c24-c979e7f61e45,1300,52,1352
7456c319-e3bf-416b-a724-ed91955aea57,84dfa460-b42f-4d62-86a7-14fc86267d3f,2023-11-30 08:08:00,b5941a70-cf63-407e-8c24-c979e7f61e45,400,16,416
07325cdd-5c66-438c-97b3-2fb96928537f,7a63a3e0-4487-4e17-9764-5d10e4b61b1d,2023-11-30 14:57:00,b5941a70-cf63-407e-8c24-c979e7f61e45,600,24,624
c1a7c699-41e7-4585-baeb-18cf92080ee2,cee21671-06de-4819-8862-21cc56c74858,2023-11-30 12:18:00,b5941a70-cf63-407e-8c24-c979e7f61e45,600,24,624
b781e802-3572-4f9e-b163-b430761c3da9,deb2aaa1-a28d-4c98-aa82-8908b5c5704a,2023-11-30 08:52:00,b5941a70-cf63-407e-8c24-c979e7f61e45,400,16,416
79374e94-7c45-4c40-b3dc-41e5283a1214,c1f1aec3-4baa-4122-85ab-2e030e48d90b,2023-11-30 15:58:00,b5941a70-cf63-407e-8c24-c979e7f61e45,700,28,728
f81c9fd9-4e73-4ab0-8a34-87c96f4d9ebf,c2ad7787-dfe9-4b11-b2ce-bf30b5f3687d,2023-11-30 10:17:00,b5941a70-cf63-407e-8c24-c979e7f61e45,700,28,728
a3f06a70-7751-4c87-9ee7-12fa73503481,dc5e8e7f-8d11-4bdc-91f5-9e0a2d3c9ad3,2023-11-30 08:06:00,b5941a70-cf63-407e-8c24-c979e7f61e45,700,28,728
665a97d0-a914-4f8c-8166-0b93e9901b6e,d155fd8e-22d5-4146-9443-7deca68b07e3,2023-11-30 16:38:00,b5941a70-cf63-407e-8c24-c979e7f61e45,700,28,728
7fe45f5d-9399-452c-bc9b-212ea42448ac,5c652666-a538-4cba-8ced-42f0076f90f2,2023-11-30 07:44:00,b5941a70-cf63-407e-8c24-c979e7f61e45,700,28,728
7da289c9-4035-4804-99d4-ef833c56dffe,d780399f-ddd5-43dd-9016-4b8fde6102f6,2023-11-30 08:17:00,b5941a70-cf63-407e-8c24-c979e7f61e45,400,16,416
6b6ed1d9-3d8a-416d-a3dd-87ed01fff905,4fcc3308-9e40-4b9c-ba8b-1dd327c6d92b,2023-11-30 15:33:00,b5941a70-cf63-407e-8c24-c979e7f61e45,1000,40,1040
e966841c-300b-45ec-b9c0-5171395f6623,2aebc3e7-9b26-44ea-9a23-0f6a38540dba,2023-11-30 11:34:00,b5941a70-cf63-407e-8c24-c979e7f61e45,3400,136,3536
a48be288-15e1-4a3f-84df-a02d23de4583,d48775a5-8b7b-44fb-8c0f-dbbee9df0097,2023-11-30 08:12:00,b5941a70-cf63-407e-8c24-c979e7f61e45,400,16,416
a2bf4b33-b7f2-4450-a587-7e702f9d7a63,dfa74ab3-c15a-4bbd-97b8-ed1ae9e4567f,2023-11-30 15:38:00,b5941a70-cf63-407e-8c24-c979e7f61e45,2000,80,2080
0d6ae01f-037a-4ca6-b245-e78938d8ced8,1dfc436c-1fa3-45d3-ae34-9c1dc98ab63e,2023-11-30 15:58:00,b5941a70-cf63-407e-8c24-c979e7f61e45,500,20,520
f289a0f3-60e6-4e6a-b250-a4b112931ec2,2f6af405-d569-4a59-bb5c-4a6e120317d8,2023-11-30 07:50:00,b5941a70-cf63-407e-8c24-c979e7f61e45,500,20,520
f2235baa-c862-4990-95e1-973147802026,09ff8664-87e2-4157-9c0e-8ce35842860d,2023-11-30 09:02:00,b5941a70-cf63-407e-8c24-c979e7f61e45,600,24,624
17b584a9-6f49-4108-8d72-7055aa71a770,4f7f7512-8d29-42ff-ab4e-dc85fc8a8263,2023-11-30 18:56:00,b5941a70-cf63-407e-8c24-c979e7f61e45,1100,44,1144
7e5e3743-652d-4f19-8a7f-5ab44f816136,57c6c2b0-e2f9-402c-bcf4-0d3c52cd16c8,2023-11-30 08:07:00,b5941a70-cf63-407e-8c24-c979e7f61e45,700,28,728
60425f60-89fa-4c1a-92fb-b1d710c2c19f,157e3e8b-d51a-47bc-a86d-07a1fd743c84,2023-11-30 07:39:00,b5941a70-cf63-407e-8c24-c979e7f61e45,500,20,520
baae2fb8-2661-47a7-a43b-4ec2b7f8ad0d,570253ab-523e-4653-ab6e-34ece733b11c,2023-11-30 11:43:00,b5941a70-cf63-407e-8c24-c979e7f61e45,1200,48,1248
63511870-21bd-4866-ac4c-9f4fd35c7cd1,aa39b158-e991-4356-a09b-49dcf3d28b08,2023-11-30 13:28:00,b5941a70-cf63-407e-8c24-c979e7f61e45,1600,64,1664
96c340c2-5c62-44fd-ae6a-29bfc36a40e5,e05f0150-7ec1-4c59-8a6a-d2d29675b858,2023-11-30 12:04:00,b5941a70-cf63-407e-8c24-c979e7f61e45,1800,72,1872
c17f5146-bfe3-47f9-9b86-3608aa0f9ea9,6132247f-6f8b-44b1-b413-ba0496c400d4,2023-11-30 11:13:00,b5941a70-cf63-407e-8c24-c979e7f61e45,600,24,624
9b2e6f2a-9926-4871-900a-5ca9f81c5f62,0e6a03f3-0e7b-49c1-ac39-423dc1ac8636,2023-11-30 09:31:00,b5941a70-cf63-407e-8c24-c979e7f61e45,400,16,416
243ba93b-e5e7-4f1a-9d72-1c6210a5bfbd,567dfb44-437c-405b-b2ef-0d1f10f47c9d,2023-11-30 07:53:00,b5941a70-cf63-407e-8c24-c979e7f61e45,600,24,624
d1a84914-9307-462e-9730-800e52b95c29,0036c498-6d2c-40fb-af0f-92432b8718bf,2023-11-30 07:48:00,b5941a70-cf63-407e-8c24-c979e7f61e45,600,24,624
7e42b116-af5b-428d-b24c-efc86b999b39,27cfdd1c-0f4b-49fc-be05-69c85ca32ec9,2023-11-30 12:57:00,b5941a70-cf63-407e-8c24-c979e7f61e45,1500,60,1560
ad8ce72d-6501-4336-bc62-0ec94fd81ba3,046cf642-b58e-4a9e-afff-6f692cb6274e,2023-11-30 16:44:00,b5941a70-cf63-407e-8c24-c979e7f61e45,0,0,0
cc796ff7-d63c-48ed-b486-6ea019287b11,4fa84c10-1eeb-4d1e-a0eb-a9cad5d3857a,2023-11-30 16:42:00,b5941a70-cf63-407e-8c24-c979e7f61e45,700,28,728
a9ddfc81-e315-4a53-8612-ac26a7c2d74e,13984d5f-4868-4031-8a3b-7240b963cd41,2023-11-30 07:38:00,b5941a70-cf63-407e-8c24-c979e7f61e45,600,24,624
de30825f-b607-4a0a-8f88-fedd0ef08a0c,6ee92fc3-196c-4f81-b063-115ba8cbc26f,2023-11-30 10:30:00,b5941a70-cf63-407e-8c24-c979e7f61e45,500,20,520
d744984b-aa09-4f81-b2fe-f90e1bb30303,c75adf32-8908-4fab-a877-132b9cb25d69,2023-11-30 13:51:00,b5941a70-cf63-407e-8c24-c979e7f61e45,1700,68,1768
77588aa7-fd35-467c-9067-ee6ccb94d1d7,cb93d5ec-4d83-458a-9601-f3b8982e5faa,2023-11-30 08:22:00,b5941a70-cf63-407e-8c24-c979e7f61e45,600,24,624
4ac9b12b-50d5-4fae-9dd6-a5f9ce949e2f,5df63f2e-723a-455f-83d3-d3918002449b,2023-11-30 07:59:00,b5941a70-cf63-407e-8c24-c979e7f61e45,500,20,520
a3e7b687-9dc1-42f1-a72c-e39f17f17957,fc774722-89fe-4438-ada1-786425c11614,2023-11-30 16:22:00,b5941a70-cf63-407e-8c24-c979e7f61e45,1700,68,1768
36c48e71-a3cf-4e09-8724-553cc14b3d04,88ccbcfa-ed30-47c5-bbf4-0bef6725123b,2023-11-30 11:15:00,b5941a70-cf63-407e-8c24-c979e7f61e45,400,16,416
132839ba-790b-4666-b49d-2fcbcb81eec9,bcfc514d-c182-42a0-b84e-de154eac94c1,2023-11-30 08:36:00,b5941a70-cf63-407e-8c24-c979e7f61e45,700,28,728
e00c00f5-1867-47bb-8e75-f2fc30fdf167,8c28837e-8305-429a-be35-17afd80d2dff,2023-11-30 10:12:00,b5941a70-cf63-407e-8c24-c979e7f61e45,700,28,728
8858baa7-fa4e-4389-a678-7f6b2f620355,3f396eff-3b67-454d-a783-e6306bf440e8,2023-11-30 13:37:00,b5941a70-cf63-407e-8c24-c979e7f61e45,700,28,728
1c35ba80-1914-4d7c-9cd1-fd3bbb30431b,5809f003-2708-420f-bcea-034ef0c1ca3c,2023-11-30 16:58:00,b5941a70-cf63-407e-8c24-c979e7f61e45,700,28,728
80d4c60c-2d67-42d0-a6e7-400269d9e7bc,0127f387-2025-4b20-95b4-c7fdfdc08887,2023-11-30 12:16:00,b5941a70-cf63-407e-8c24-c979e7f61e45,600,24,624
cee1c5ad-ced0-413a-a4b2-c4949cdc4458,c9193ac6-0dbf-45a7-ab09-d2dbcb8e3cbf,2023-11-30 19:26:00,b5941a70-cf63-407e-8c24-c979e7f61e45,700,28,728
d03f1bb7-8e86-423d-a264-93721fd3ac05,a38f7258-c871-49d4-89e1-f535dcb60dc3,2023-11-30 18:25:00,b5941a70-cf63-407e-8c24-c979e7f61e45,700,28,728
1eaad400-2f45-4d07-ad94-d303bc6f664f,e972e2ef-2344-47cb-91fc-b6e1b2f82ac9,2023-11-30 09:56:00,b5941a70-cf63-407e-8c24-c979e7f61e45,700,28,728
d04d6d51-7e15-4ab4-8fe4-c84de645f201,310540d1-8503-4470-8f4b-81ccd6135a4a,2023-11-30 08:33:00,b5941a70-cf63-407e-8c24-c979e7f61e45,500,20,520
ba547cfd-6f71-4d04-80a4-b2fe024b9903,9cabb6de-db70-4794-a40c-57d0be0c639c,2023-11-30 07:21:00,b5941a70-cf63-407e-8c24-c979e7f61e45,400,16,416
ac4d125f-73ed-4bef-a860-8a86c55ef17e,23b40fa9-2c00-4076-beb3-52cc40ebecb9,2023-11-30 07:46:00,b5941a70-cf63-407e-8c24-c979e7f61e45,500,20,520
074655f3-8276-4080-9241-a9ed1b7af68f,afe8270b-5329-4218-a4c8-e6832a92afd8,2023-11-30 09:01:00,b5941a70-cf63-407e-8c24-c979e7f61e45,400,16,416
42e308ae-fb43-4671-b3f4-152f04f99061,9038b25f-a757-4ad9-957c-bf9c897bf7f7,2023-11-30 14:41:00,b5941a70-cf63-407e-8c24-c979e7f61e45,1500,60,1560
f7ca0515-844d-4a90-b76b-04e0ae69757b,125ca5d7-df9a-4025-91b8-e0f428d43068,2023-11-30 12:11:00,b5941a70-cf63-407e-8c24-c979e7f61e45,600,24,624
06213327-bc6a-49e7-b3f2-9a2a43472cd2,ee57713c-2156-4af8-80fc-599f34f1ec60,2023-11-30 13:48:00,b5941a70-cf63-407e-8c24-c979e7f61e45,600,24,624
1ea162f0-d83f-4072-bb46-6f4a6c0e8216,45ea5caf-d5c3-4772-a218-c6c7413e64fe,2023-11-30 19:00:00,b5941a70-cf63-407e-8c24-c979e7f61e45,1700,68,1768
37512845-f766-4963-becb-b1badb19cb0f,56489e8f-ff4e-46c9-ae0f-1b337da5bfae,2023-11-30 11:24:00,b5941a70-cf63-407e-8c24-c979e7f61e45,2000,80,2080
2e97229c-c07b-435e-9355-1664c90da5a3,b589328d-e095-4f24-8b43-598650d7987b,2023-11-30 16:09:00,b5941a70-cf63-407e-8c24-c979e7f61e45,800,32,832
3bb41dc4-0a44-43fc-8367-a22bd2594d17,6ab56a90-712e-4866-8d4a-fb1b7a086de2,2023-11-30 15:32:00,b5941a70-cf63-407e-8c24-c979e7f61e45,700,28,728
f1fd4af6-1720-4bf4-b65b-c3c8a6a9574a,49b9328f-15ce-4610-b926-f7455687982f,2023-11-30 07:14:00,b5941a70-cf63-407e-8c24-c979e7f61e45,600,24,624
e9dc76bd-caee-476b-a9e0-d137c3c21776,01b06b2c-1ad5-4112-a37a-61ebdeb7236d,2023-11-30 08:08:00,b5941a70-cf63-407e-8c24-c979e7f61e45,500,20,520
a4465b97-d9d5-4dc6-b09c-8abec5187bd5,0f4b96f1-0b6f-45ab-929b-98c3e847436f,2023-11-30 11:58:00,b5941a70-cf63-407e-8c24-c979e7f61e45,500,20,520
8a660120-58a0-4d9d-827f-cebfba1aafa9,1c89a296-5309-47e6-8cb0-36a6b4c63880,2023-11-30 19:11:00,b5941a70-cf63-407e-8c24-c979e7f61e45,2000,80,2080
84b3f911-96d3-434a-830f-21851a084f13,afcec46d-e1b4-4419-bf05-9316e3dde336,2023-11-30 08:09:00,b5941a70-cf63-407e-8c24-c979e7f61e45,700,28,728
e7c4c416-5c7d-45b4-b7d6-e31b50660de9,58251ac9-f1f8-459a-afc2-e12577112356,2023-11-30 07:40:00,b5941a70-cf63-407e-8c24-c979e7f61e45,400,16,416
0c388d6d-8d82-411b-8479-3e69f3a5791c,3a9926ef-6401-4560-8b6f-e379a863961c,2023-11-30 07:44:00,b5941a70-cf63-407e-8c24-c979e7f61e45,700,28,728
2792f581-3e7e-449a-b7f0-48a36900b46c,35ef9a20-373b-49a0-94e7-a652a49ad546,2023-11-30 13:48:00,b5941a70-cf63-407e-8c24-c979e7f61e45,400,16,416
2e75ff5c-1470-41fb-a941-3be5376d1738,1d0db805-775f-4a21-93a9-685c78ded448,2023-11-30 08:40:00,b5941a70-cf63-407e-8c24-c979e7f61e45,600,24,624
3ef4350f-b51f-4c76-ac69-36d9c5750ab9,30fba204-135e-4e71-a1a8-1c94ddb2c0da,2023-11-30 07:52:00,b5941a70-cf63-407e-8c24-c979e7f61e45,600,24,624
3ef18eff-0c62-4194-bdec-03e91e5ce4a7,c4cece21-cc77-4ff3-a9bf-7193c1e488b3,2023-11-30 16:38:00,b5941a70-cf63-407e-8c24-c979e7f61e45,1600,64,1664
2cf0812c-09a7-43ea-b61b-f82560245c58,fb398617-4d10-4ba7-a36e-b66cd127c45d,2023-11-30 09:08:00,b5941a70-cf63-407e-8c24-c979e7f61e45,500,20,520
d6f7a3f4-9155-4440-9a59-a898e79b13ac,3b3487d9-712c-4d93-9cd6-2c8d7e759c76,2023-11-30 07:56:00,b5941a70-cf63-407e-8c24-c979e7f61e45,700,28,728
3760154f-e8fc-4d1d-9fa9-4253471b402c,8143b925-a728-45dc-90e2-770dc299a5d0,2023-11-30 07:00:00,b5941a70-cf63-407e-8c24-c979e7f61e45,500,20,520
5582e7ab-fdad-4330-b6de-5b48497bb9b2,079c5ccc-da93-4cd1-836d-38c631bf48a6,2023-11-30 12:14:00,b5941a70-cf63-407e-8c24-c979e7f61e45,400,16,416
3ffe9157-e2f5-4637-bc08-ea75964242f2,c7ba7c0b-dcbd-432b-a25d-5f19f08ee302,2023-11-30 10:39:00,b5941a70-cf63-407e-8c24-c979e7f61e45,500,20,520
6f77190e-3aa4-4fc0-82d7-235b81e46602,a233190a-52a9-4cf7-9a10-17472b86c1d9,2023-11-30 07:52:00,b5941a70-cf63-407e-8c24-c979e7f61e45,700,28,728
9703e665-bec9-4dee-98ef-99b89eddce27,0e36bc6f-6b9f-4c73-bf81-4de9c05bd1f7,2023-11-30 07:57:00,b5941a70-cf63-407e-8c24-c979e7f61e45,600,24,624
476cf251-baa6-4868-82b3-87a6c779d569,1a675d7b-a1eb-4f6f-95dc-3e742f3773c9,2023-11-30 15:57:00,b5941a70-cf63-407e-8c24-c979e7f61e45,400,16,416
48610661-d3cc-4c20-a001-2b10b98e8966,c1582622-5de3-4f41-846c-28d3d78fedaa,2023-11-30 15:27:00,b5941a70-cf63-407e-8c24-c979e7f61e45,600,24,624
e847d960-77cb-4fc8-a50e-5db3648af2e6,b0f4cef9-ee4a-4cdb-97fc-9f091c007881,2023-11-30 15:18:00,b5941a70-cf63-407e-8c24-c979e7f61e45,400,16,416
669d55c0-fff5-4f29-8b69-ff6edc4a5e70,4818cfac-6545-4c77-b041-6f063a63ddf4,2023-11-30 07:56:00,b5941a70-cf63-407e-8c24-c979e7f61e45,500,20,520
2ecd2acc-d324-4990-acfc-92e4589cfabb,dc125238-3664-4f03-9895-5003bb3abd49,2023-11-30 19:58:00,b5941a70-cf63-407e-8c24-c979e7f61e45,700,28,728
86098916-af0c-4a23-8acf-52f51cb20407,d3d3d406-1198-463b-a8df-6b9971422816,2023-11-30 12:53:00,b5941a70-cf63-407e-8c24-c979e7f61e45,1700,68,1768
332b7311-9ddc-4c6a-80b9-9f271088b9dd,4b4a5bad-682f-465e-93b0-0b7e74ea0f03,2023-11-30 14:20:00,b5941a70-cf63-407e-8c24-c979e7f61e45,400,16,416
9c0969ac-413e-446b-a0f5-7d6c6ab83281,5729d739-8c7e-469d-9fc7-fb95612fc92e,2023-11-30 10:17:00,b5941a70-cf63-407e-8c24-c979e7f61e45,2100,84,2184
94b7d9b5-b540-49e0-9a88-c72819a96961,81175ca9-2369-4e1b-823e-472ff9cb0241,2023-11-30 15:12:00,b5941a70-cf63-407e-8c24-c979e7f61e45,1700,68,1768
b77769f7-cfab-405e-9563-d42fbacf8095,735200b4-2828-4349-96cd-860b863fb154,2023-11-30 07:42:00,b5941a70-cf63-407e-8c24-c979e7f61e45,600,24,624
f2987993-704e-4af7-a950-0c17145443ca,e7096752-a94d-479f-9544-d482a807aa7a,2023-11-30 18:14:00,b5941a70-cf63-407e-8c24-c979e7f61e45,500,20,520
abea7886-10ec-4d42-951a-9cffda57a591,8ecaec4c-7372-4d3c-9e1a-067e0f658cde,2023-11-30 14:29:00,b5941a70-cf63-407e-8c24-c979e7f61e45,700,28,728
cc886bad-d1d4-47f0-a4c7-539be04202b6,d835a1eb-6636-4c11-a778-5321e636c7e3,2023-11-30 18:05:00,b5941a70-cf63-407e-8c24-c979e7f61e45,1700,68,1768
f61c545b-3f94-4dd9-aec2-bab36d9c5352,77312b67-634b-44fa-afff-84cd492294dd,2023-11-30 07:54:00,b5941a70-cf63-407e-8c24-c979e7f61e45,500,20,520
28102a64-a39b-4879-81f0-f5b80dfbf1b9,157f19e9-dabb-402d-a24a-1a3daad4390a,2023-11-30 08:11:00,b5941a70-cf63-407e-8c24-c979e7f61e45,700,28,728
f8270ab1-0255-44dd-9f47-749e7419f95a,c1cfdf53-a54d-4650-b94f-c186d4ef6a33,2023-11-30 08:07:00,b5941a70-cf63-407e-8c24-c979e7f61e45,500,20,520
230538c9-d097-4aed-af77-5d41bb2a5204,e596c316-2043-4865-87fe-c7f9979aef23,2023-11-30 12:13:00,b5941a70-cf63-407e-8c24-c979e7f61e45,2100,84,2184
970bfe0d-1e4f-403b-a4d4-b24ad22c3c08,6adaa027-c693-435e-89eb-a9bbb5e44b8a,2023-11-30 07:46:00,b5941a70-cf63-407e-8c24-c979e7f61e45,500,20,520
01b5566d-1ef6-41ce-91bf-41ced2827388,3e137f30-9049-4d26-b807-213d23a47ff4,2023-11-30 07:31:00,b5941a70-cf63-407e-8c24-c979e7f61e45,600,24,624
e7193aa6-80c7-4487-881f-edf16efed64f,12bb6504-a73d-4841-9f4b-f77ff5056ebb,2023-11-30 15:14:00,b5941a70-cf63-407e-8c24-c979e7f61e45,1700,68,1768
84d1f474-0962-4579-9353-1853f8c7670a,8310a031-3027-4e50-9668-13752414d69d,2023-11-30 08:04:00,b5941a70-cf63-407e-8c24-c979e7f61e45,500,20,520
55dad924-7282-4412-a407-963b4f5893cb,11898c7e-ea4f-465e-8729-e6aadfbb23da,2023-11-30 10:17:00,b5941a70-cf63-407e-8c24-c979e7f61e45,700,28,728
8d46b959-8e15-4aa8-93c0-822c42a47802,fd116e0a-17ff-4891-b76a-87564104c894,2023-11-30 14:04:00,b5941a70-cf63-407e-8c24-c979e7f61e45,500,20,520
47307da4-a638-4f56-8b72-c80df458866d,4476c00f-aa7a-469a-b999-2d09393919f0,2023-11-30 08:03:00,b5941a70-cf63-407e-8c24-c979e7f61e45,500,20,520
69e840dc-3479-411a-8f86-1dcbb5f02070,5e2f8308-17ff-4a1b-aaf0-7ee5789d624f,2023-11-30 08:09:00,b5941a70-cf63-407e-8c24-c979e7f61e45,600,24,624
173e3248-b294-4795-8593-af91ca6a9b90,ce73e748-777f-45ec-9020-2d2cfdb45972,2023-11-30 19:49:00,b5941a70-cf63-407e-8c24-c979e7f61e45,1800,72,1872
12c1d1ee-3b6f-469f-803a-1ea8e10a7a9e,330cb663-b876-4a71-aad8-b579d5c68a41,2023-11-30 10:06:00,b5941a70-cf63-407e-8c24-c979e7f61e45,700,28,728
d4bbeddb-ce01-456c-a467-0237516e959a,83a9211f-46b5-46e9-83ff-21fcb2333b9d,2023-11-30 12:45:00,b5941a70-cf63-407e-8c24-c979e7f61e45,600,24,624
51258fde-e8f5-4a46-a914-5087993c6760,8a56193e-7740-40eb-84fc-cfbed31c5b23,2023-11-30 07:30:00,b5941a70-cf63-407e-8c24-c979e7f61e45,600,24,624
ac00494d-a051-4e19-9efe-4ee76ded950d,4bacdb26-77a5-499d-8369-54f7bc613311,2023-11-30 10:33:00,b5941a70-cf63-407e-8c24-c979e7f61e45,1200,48,1248
b652aa5a-6a9f-4b8d-bf0e-833ac7de7763,94eed14f-8001-4b43-8f44-165f49fd933d,2023-11-30 10:54:00,b5941a70-cf63-407e-8c24-c979e7f61e45,600,24,624
53437529-4c8b-45d4-b2b1-416211155e4b,b47a07e8-cf4b-416d-baf5-4eab119a0a08,2023-11-30 13:28:00,b5941a70-cf63-407e-8c24-c979e7f61e45,1600,64,1664
01c1af09-8611-44f3-9b42-6825bb8e897a,711f6709-f3ba-47b2-a1b8-64c4ee16d2f8,2023-11-30 15:29:00,b5941a70-cf63-407e-8c24-c979e7f61e45,400,16,416
4a32bb00-0717-4395-aaa6-6f1178abd918,262fb523-a8a1-4b30-a646-07769b0e0136,2023-11-30 18:28:00,b5941a70-cf63-407e-8c24-c979e7f61e45,1800,72,1872
cefdfefa-ea03-44cc-92f6-38319f9bcc72,32d287f3-b003-4c28-925c-26ffc6847227,2023-11-30 12:48:00,b5941a70-cf63-407e-8c24-c979e7f61e45,700,28,728
fd7f6a27-949b-41f4-815b-0016ebde2309,b4831ea7-1598-4d5a-8e8f-8f7a3fc9fd2a,2023-11-30 08:27:00,b5941a70-cf63-407e-8c24-c979e7f61e45,700,28,728
ce330015-b1be-446f-b48f-cbbe189915e6,e1381e43-7e52-4fde-bb54-70721c780d75,2023-11-30 08:23:00,b5941a70-cf63-407e-8c24-c979e7f61e45,700,28,728
a1bd4030-1bff-472e-836e-53d9264954fd,51c70362-b335-415c-aedb-b03180cdcc0e,2023-11-30 13:23:00,b5941a70-cf63-407e-8c24-c979e7f61e45,400,16,416
3752fce0-0bdf-4c0a-8296-55f9ceec5f67,ef92459f-9ed1-44f8-bc84-2af20287f25e,2023-11-30 07:55:00,b5941a70-cf63-407e-8c24-c979e7f61e45,400,16,416
76211b9c-38c3-49b3-a88d-d90a7cbb7e9b,aca4d865-17e7-4668-be18-d81a17da3466,2023-11-30 17:39:00,b5941a70-cf63-407e-8c24-c979e7f61e45,1900,76,1976
affb3d64-8d97-46d3-898e-fe3eb863b053,413bce01-ac7a-4af0-8c49-23cd68b4aab5,2023-11-30 10:33:00,b5941a70-cf63-407e-8c24-c979e7f61e45,400,16,416
ab0f15d3-aca5-4d28-baac-ea14a07963f1,4c002b7f-15e5-4722-80a2-e29fdacffe4c,2023-11-30 07:21:00,b5941a70-cf63-407e-8c24-c979e7f61e45,500,20,520
ad055b9e-2dad-483f-ad27-9bed7f746f1a,7e8c137a-15e2-4556-887f-03064ee78ac4,2023-11-30 13:50:00,b5941a70-cf63-407e-8c24-c979e7f61e45,500,20,520
d4b479cc-9cbf-45c1-b492-9e3b059e0c8a,da512c5b-68aa-469a-aea3-35b60e5aa607,2023-11-30 10:03:00,b5941a70-cf63-407e-8c24-c979e7f61e45,500,20,520
31d31d5e-115d-445b-9656-1148e3016bf1,6e64cd75-e932-49b0-b502-2525f0d050d0,2023-11-30 16:13:00,b5941a70-cf63-407e-8c24-c979e7f61e45,1900,76,1976
32da804b-ad74-4a33-818d-bd3f4b7e27ee,3c3c6349-1759-4e94-a39b-d577360a9edf,2023-11-30 15:24:00,b5941a70-cf63-407e-8c24-c979e7f61e45,400,16,416
7e6d4989-04a7-4235-9ce0-b15defeb463d,2a13d116-9ce5-4898-8b8d-af7d504361a1,2023-11-30 13:22:00,b5941a70-cf63-407e-8c24-c979e7f61e45,1500,60,1560
ba315a1a-fe15-4b92-9733-ab1f1ae2cf03,2c53805a-8a5d-4835-a8a5-363ded197da1,2023-11-30 08:12:00,b5941a70-cf63-407e-8c24-c979e7f61e45,600,24,624
7a8323fe-d89c-4256-bb94-fc49b00e1586,4824e242-620a-44a3-b4aa-6d34b7342b87,2023-11-30 07:46:00,b5941a70-cf63-407e-8c24-c979e7f61e45,500,20,520
9dceb280-e751-43dc-b269-cdd6c74c1e8b,e33acab5-9a67-4a77-9171-e8674a44c7c9,2023-11-30 10:28:00,b5941a70-cf63-407e-8c24-c979e7f61e45,1200,48,1248
dc556dc2-c844-4296-a60e-9f7ac7427036,ddbfab2a-b55c-4cf6-92d0-62446994c2e0,2023-11-30 11:07:00,b5941a70-cf63-407e-8c24-c979e7f61e45,600,24,624
299c46cc-1601-49a7-a2f1-50642702797a,f27dbbe4-c022-49a0-978f-6e63a21a1f18,2023-11-30 17:04:00,b5941a70-cf63-407e-8c24-c979e7f61e45,600,24,624
eaf0f7b5-cda8-4226-9dc8-ba91659ad4ee,31841c6e-3c17-459f-825f-4fe37783068f,2023-11-30 16:38:00,b5941a70-cf63-407e-8c24-c979e7f61e45,600,24,624
2d6dbf59-0447-40a2-ba17-c9d6b3d49186,e54b719a-48b9-4990-b26b-ac3103c62963,2023-11-30 07:00:00,b5941a70-cf63-407e-8c24-c979e7f61e45,700,28,728
af6978e4-2ce1-4bca-81c7-8c0889ae5f03,9d6095f7-a9a5-4fb9-aff0-d3e1ac17e3f4,2023-11-30 08:17:00,b5941a70-cf63-407e-8c24-c979e7f61e45,600,24,624
9b14ff20-49ab-48e8-a828-9ca2022065d1,b9da3cdd-baf0-43c8-af24-bef0191aa626,2023-11-30 07:00:00,b5941a70-cf63-407e-8c24-c979e7f61e45,1400,56,1456
99e1530d-0eca-401f-a4ef-a5f563343b82,fb448b08-7725-42e0-9ab1-296312325b35,2023-11-30 13:01:00,b5941a70-cf63-407e-8c24-c979e7f61e45,1400,56,1456
1078d035-bc1b-49b4-8daf-41e271adb142,8015a6ee-2cb8-4023-bd73-83f79ca11c40,2023-11-30 08:40:00,b5941a70-cf63-407e-8c24-c979e7f61e45,500,20,520
e6c1b703-0b93-4e17-a6c7-a1bc453a02ed,f6f7cd36-ad87-48b5-86a4-69c72ffedaf5,2023-11-30 07:22:00,b5941a70-cf63-407e-8c24-c979e7f61e45,500,20,520
de4c7949-d7ff-46d5-b61a-e90a3043d58a,2dbbf653-fb89-431e-9ce5-5be640628514,2023-11-30 18:05:00,b5941a70-cf63-407e-8c24-c979e7f61e45,500,20,520
b57a96ea-1e75-4d37-af8d-8663a1cdf234,d495194b-5412-4a94-963f-a575a3c050a4,2023-11-30 07:00:00,b5941a70-cf63-407e-8c24-c979e7f61e45,600,24,624
12fe9872-9cc6-49e2-9397-2a6491eaa67c,c8be7249-034b-44a3-b015-48a629b09aa0,2023-11-30 18:06:00,b3406af8-c4a9-4d2d-9e30-e06f3da01c15,400,32,432
16f8f35c-95ff-443b-a0da-3327fc589c62,e43c8ecb-3f23-452b-9898-1b0dc684312f,2023-11-30 08:05:00,b3406af8-c4a9-4d2d-9e30-e06f3da01c15,500,40,540
30f271fa-26a9-47c6-a7ca-d8843fcddff2,c44fedb1-0107-4b01-ad43-16483dd8baed,2023-11-30 08:00:00,b3406af8-c4a9-4d2d-9e30-e06f3da01c15,500,40,540
038cebf4-927a-4292-af00-00080b0874da,72da3aec-c83f-4145-a832-15352c7930af,2023-11-30 17:01:00,b3406af8-c4a9-4d2d-9e30-e06f3da01c15,1800,144,1944
8838af2f-fa20-438b-9c92-0c650308c065,9486bb2e-4b6e-4d11-b2c7-68422ce31dc8,2023-11-30 07:25:00,b3406af8-c4a9-4d2d-9e30-e06f3da01c15,500,40,540
ae7ad462-3d47-4c5c-9877-9d51af6c44a9,46ee62e2-9de2-4a65-9acb-9324605c196d,2023-11-30 12:52:00,b3406af8-c4a9-4d2d-9e30-e06f3da01c15,400,32,432
bb064f9e-e11d-4b15-9f0f-658a5177cc74,121b8b14-7638-471c-8d3e-84ba6c7ae179,2023-11-30 18:37:00,b3406af8-c4a9-4d2d-9e30-e06f3da01c15,500,40,540
aeb5cc8d-c55e-4a6e-8e1e-46914fa694bf,37c7145b-b539-42ec-915d-37461adcfff7,2023-11-30 18:28:00,b3406af8-c4a9-4d2d-9e30-e06f3da01c15,500,40,540
8edbe683-5ace-4aed-b274-7ef5e6eed675,275e94da-aa8e-4a58-a71a-2ed78ee42b09,2023-11-30 15:09:00,b3406af8-c4a9-4d2d-9e30-e06f3da01c15,1000,80,1080
28a74390-4ea6-41da-af8a-261bfbf6e3e8,4e118a6e-8d00-4fbf-b3a7-1c2dd411d8f0,2023-11-30 07:07:00,b3406af8-c4a9-4d2d-9e30-e06f3da01c15,600,48,648
11581b98-737a-4f50-9c78-be447d8761e3,22fac9d3-80e8-4460-a840-888ca04de01c,2023-11-30 07:13:00,b3406af8-c4a9-4d2d-9e30-e06f3da01c15,700,56,756
108dc9e0-31b0-425a-8f18-c587e061c288,88ceab79-75e6-4db6-a2bc-acd9ba60dbf3,2023-11-30 07:45:00,b3406af8-c4a9-4d2d-9e30-e06f3da01c15,700,56,756
2a325e80-e984-49d4-bd4c-3bc36d02a774,88effe09-4c26-4803-beff-503926d7cec1,2023-11-30 09:10:00,b3406af8-c4a9-4d2d-9e30-e06f3da01c15,3300,264,3564
c05c491f-1532-4dd1-8801-db5f795f1500,abf424d5-d0e8-4868-8cc4-ec6715b3ff90,2023-11-30 18:17:00,b3406af8-c4a9-4d2d-9e30-e06f3da01c15,400,32,432
e02aa5f6-4543-4980-8956-c13ee2792ce7,3b2e6b11-b740-4416-989f-d333d59d01e3,2023-11-30 13:30:00,b3406af8-c4a9-4d2d-9e30-e06f3da01c15,600,48,648
1df5474a-ca92-4ed6-a09d-1672ae16c202,239435ac-7176-47ce-b7dc-bd339b0a5b87,2023-11-30 10:23:00,b3406af8-c4a9-4d2d-9e30-e06f3da01c15,500,40,540
89c30fdf-09f6-4709-bc1c-94ace50f778b,4302cbf3-971a-478c-b463-eb3284027248,2023-11-30 08:04:00,b3406af8-c4a9-4d2d-9e30-e06f3da01c15,600,48,648
b590204d-2d20-43d1-9f88-b5f484d789dd,57af21e0-6171-4029-a116-f9a48606f197,2023-11-30 15:14:00,b3406af8-c4a9-4d2d-9e30-e06f3da01c15,700,56,756
4d07acd8-4be1-4a87-9ccd-95ebffb419a5,4cfbac8b-49fa-4480-b23c-2b3a3206d25c,2023-11-30 12:57:00,b3406af8-c4a9-4d2d-9e30-e06f3da01c15,1900,152,2052
0f47c0a6-c5ad-4211-8533-3a54986ef179,842933c0-5512-4685-8352-54b6acbce721,2023-11-30 17:10:00,b3406af8-c4a9-4d2d-9e30-e06f3da01c15,400,32,432
bddb5601-34ca-45f6-8aad-fe795ccd1db0,3b957f8f-558e-4c9c-b7be-6dd661554b79,2023-11-30 08:04:00,b3406af8-c4a9-4d2d-9e30-e06f3da01c15,500,40,540
d593da64-2fea-4de7-b387-86b9aebd3cbe,064cf927-4d76-4a1c-96e2-0e2849fe3247,2023-11-30 10:46:00,b3406af8-c4a9-4d2d-9e30-e06f3da01c15,500,40,540
554f1bfb-52be-4db0-b553-b8fa1eab314a,e7557980-b703-4b75-9726-ca57793ec2f7,2023-11-30 08:10:00,b3406af8-c4a9-4d2d-9e30-e06f3da01c15,400,32,432
624e3151-44f6-4595-8322-f29d708e9ad0,868bf638-2fcc-4fad-b6a8-ddf22051c14e,2023-11-30 16:01:00,b3406af8-c4a9-4d2d-9e30-e06f3da01c15,1500,120,1620
23f68aed-0616-43be-82f8-bb9fe84b926a,2a926631-d774-40c9-9a04-d52c882b6edc,2023-11-30 15:23:00,b3406af8-c4a9-4d2d-9e30-e06f3da01c15,1800,144,1944
d3924607-8219-4066-bf4e-a6c4775f0d44,d7538bff-54f1-40cf-b3e0-cf3244e312de,2023-11-30 13:26:00,b3406af8-c4a9-4d2d-9e30-e06f3da01c15,600,48,648
6b2ca220-f496-457b-b0c1-b9f9b397c058,2232f985-677f-4201-a2ef-b9936516db2a,2023-11-30 15:13:00,b3406af8-c4a9-4d2d-9e30-e06f3da01c15,1500,120,1620
f3e09436-4d49-434d-b5f5-d0e3498f5a06,84246c00-52db-4135-ac94-c99469e4864f,2023-11-30 13:01:00,b3406af8-c4a9-4d2d-9e30-e06f3da01c15,2200,176,2376
9f4b3e42-de6c-4a48-8208-bc69c2ddba9f,253c99a5-b969-491d-8525-0b736e9ffc7f,2023-11-30 12:36:00,b3406af8-c4a9-4d2d-9e30-e06f3da01c15,2100,168,2268
3f3ac229-48f1-420d-b354-c0884685c074,b6a5a2fe-4d99-493c-8308-800f7aa53561,2023-11-30 13:51:00,b3406af8-c4a9-4d2d-9e30-e06f3da01c15,600,48,648
f98e2f14-c2b2-4fd7-8bd5-0ae5060092eb,18c2a401-ed3f-4f2e-a7fb-e7e29cb6037f,2023-11-30 14:22:00,b3406af8-c4a9-4d2d-9e30-e06f3da01c15,4500,360,4860
c3998d92-a76a-449a-8e1f-e5dc51229571,10422004-7b53-4701-ae2d-788d043f119d,2023-11-30 14:41:00,b3406af8-c4a9-4d2d-9e30-e06f3da01c15,400,32,432
a5b2188f-7265-4030-8379-6a141fa440bf,a2091e93-b175-4a4d-a1ad-22e65dd882e2,2023-11-30 15:31:00,b3406af8-c4a9-4d2d-9e30-e06f3da01c15,1100,88,1188
0daf3b84-3a99-4cf9-b6d0-01d8fafff6e7,ec4b1e07-796f-47db-9441-9f4618fe7125,2023-11-30 11:57:00,b3406af8-c4a9-4d2d-9e30-e06f3da01c15,1600,128,1728
ba3d4b01-01d2-4cfe-9dcf-e480a2f8da20,b46178ba-13a1-4725-9580-4c50678971fd,2023-11-30 17:18:00,b3406af8-c4a9-4d2d-9e30-e06f3da01c15,1900,152,2052
31eb627e-214b-40f8-8b3d-8a1d43cc34ce,fe61d173-a5a0-4639-9464-a1f7719807fa,2023-11-30 08:46:00,b3406af8-c4a9-4d2d-9e30-e06f3da01c15,400,32,432
c40b24b9-a7f3-4a13-8381-b3970b046e63,feeba5b2-ee35-494f-bf9a-fc5317519eca,2023-11-30 08:50:00,b3406af8-c4a9-4d2d-9e30-e06f3da01c15,700,56,756
515ae627-9dee-46e7-abf9-995e4de19677,53dad1bc-76f9-4977-806f-e5433e273d58,2023-11-30 17:26:00,b3406af8-c4a9-4d2d-9e30-e06f3da01c15,1700,136,1836
ad284af5-d48a-45ba-be2a-504dc8a92c56,c6199251-a226-4c23-92e7-d79c30862553,2023-11-30 13:07:00,b3406af8-c4a9-4d2d-9e30-e06f3da01c15,3400,272,3672
cb537596-0fb1-472c-8f38-3fcf26d9ddbd,856e13e3-732e-4d27-b681-554c8d89d267,2023-11-30 14:32:00,b3406af8-c4a9-4d2d-9e30-e06f3da01c15,700,56,756
557b197f-8897-4c9b-ac8b-f2b6a69b48b5,8327e7bb-845d-4ea3-bf02-c4664e7caa24,2023-11-30 15:34:00,b3406af8-c4a9-4d2d-9e30-e06f3da01c15,1500,120,1620
27181423-e886-4045-8094-b7bf20ad84bc,c65ff255-8363-4bfb-9389-cdd7a2336e07,2023-11-30 11:13:00,b3406af8-c4a9-4d2d-9e30-e06f3da01c15,1900,152,2052
db9c2d95-9736-42cd-bd5d-14a21ed49804,772c9860-6f1b-45a3-83ce-1dd29c675dfc,2023-11-30 16:37:00,b3406af8-c4a9-4d2d-9e30-e06f3da01c15,700,56,756
078afdbd-8825-49f3-9851-182b5965afe2,3dcda216-30ce-47c1-b61e-64e7f3fd38dc,2023-11-30 08:32:00,b3406af8-c4a9-4d2d-9e30-e06f3da01c15,700,56,756
5ee5835f-fc37-4c06-bc03-cd1d352458fd,f27a3372-0d29-4d6a-b883-f6e124a1f046,2023-11-30 16:57:00,b3406af8-c4a9-4d2d-9e30-e06f3da01c15,700,56,756
d919b741-b7c7-4721-b7ca-26083be6be73,4c14b657-2a3c-4ea5-9948-df7e1566baba,2023-11-30 09:25:00,b3406af8-c4a9-4d2d-9e30-e06f3da01c15,600,48,648
93d39a56-b1e8-4249-a09b-b7b81be8f48d,44835168-a3c6-4c3a-afd2-f6c657bb8ed0,2023-11-30 07:48:00,b3406af8-c4a9-4d2d-9e30-e06f3da01c15,500,40,540
0a2f2127-e126-4437-a97d-ef041900018f,1b67a578-3e3a-496f-b2db-2e233b75a057,2023-11-30 07:34:00,b3406af8-c4a9-4d2d-9e30-e06f3da01c15,400,32,432
778278ef-6b13-4cd6-ae7c-8fa436b2989e,e113f431-60c7-41f5-82ca-610abb42f9a3,2023-11-30 17:26:00,b3406af8-c4a9-4d2d-9e30-e06f3da01c15,500,40,540
1f1fb5a2-ef50-4d8d-a039-57072e07d739,05617299-025b-4e35-82e6-3129af08b43b,2023-11-30 07:37:00,b3406af8-c4a9-4d2d-9e30-e06f3da01c15,400,32,432
612c6dcc-dad1-4488-927d-3180160e45df,4ceb6495-cfcd-4b13-8fe8-93a2250078d4,2023-11-30 14:03:00,b3406af8-c4a9-4d2d-9e30-e06f3da01c15,1900,152,2052
640902cc-60f9-4879-a005-9f45dc593fad,a2000870-ced8-44cc-9747-f8f7d5b5499d,2023-11-30 13:34:00,b3406af8-c4a9-4d2d-9e30-e06f3da01c15,2200,176,2376
fcccf63b-50bc-48e2-9edf-1cbd3e08617e,1e4d3a76-718d-4aaa-ab5c-e0ddba35223d,2023-11-30 15:08:00,b3406af8-c4a9-4d2d-9e30-e06f3da01c15,1900,152,2052
5b3886b8-4582-40ae-b74b-0586d7a39f54,03530b0b-2cc6-45c8-9658-efd1cdcb84b1,2023-11-30 15:45:00,b3406af8-c4a9-4d2d-9e30-e06f3da01c15,1700,136,1836
724844aa-e199-4a85-a66a-05fd0a81def2,9ad4d7d0-7c6e-4062-b82a-6c1a852fedae,2023-11-30 07:50:00,b3406af8-c4a9-4d2d-9e30-e06f3da01c15,500,40,540
95b1baed-9bb4-4d37-a5bf-8520a9ff838a,c42b0f6f-93ab-4eca-8dc6-c5bbece44b0b,2023-11-30 14:56:00,b3406af8-c4a9-4d2d-9e30-e06f3da01c15,600,48,648
4a81da4d-529e-47a8-b4cb-6e92a7cc6512,c4d9214e-1a8a-4572-ab3c-d4d92c02af28,2023-11-30 08:08:00,b3406af8-c4a9-4d2d-9e30-e06f3da01c15,500,40,540
2d75fb66-98ce-4162-8382-fc1eb1ec8c22,96926c2b-1043-47ff-8850-51e5bf2f14d8,2023-11-30 08:06:00,b3406af8-c4a9-4d2d-9e30-e06f3da01c15,700,56,756
4458f7d4-29db-4ec3-ab5c-859465e90994,4a9277ea-471b-44e3-91d1-812ae38ee0af,2023-11-30 07:10:00,b3406af8-c4a9-4d2d-9e30-e06f3da01c15,600,48,648
8af28dba-9f5d-4181-bd41-d67f4505aefd,c363df3a-cefa-46da-aab7-940b980cae89,2023-11-30 07:52:00,b3406af8-c4a9-4d2d-9e30-e06f3da01c15,500,40,540
fd9909f8-dda9-42cb-a178-446cad3f9228,8618519d-5857-46b6-aa82-bab2e311d7b8,2023-11-30 15:20:00,b3406af8-c4a9-4d2d-9e30-e06f3da01c15,1800,144,1944
f465c515-f03f-4db9-ba62-e9fd36cfc3f7,da1d52ce-844e-47b9-aeb1-873344c86ed5,2023-11-30 17:38:00,b3406af8-c4a9-4d2d-9e30-e06f3da01c15,2600,208,2808
4b2a6626-ab19-4f5f-ba16-36a3c9380b70,06747680-9930-4877-b467-a5cb4396185d,2023-11-30 16:45:00,b3406af8-c4a9-4d2d-9e30-e06f3da01c15,600,48,648
35aae4f0-9918-4ff0-aba9-921bb573aa4b,88128252-2a15-43e6-9f6b-d087b22720a9,2023-11-30 07:57:00,b3406af8-c4a9-4d2d-9e30-e06f3da01c15,500,40,540
172c7efc-f5eb-4f52-9859-f860bcb6f163,b8a0bca5-a3fe-47b5-b54c-f11d3b3566b3,2023-11-30 13:40:00,b3406af8-c4a9-4d2d-9e30-e06f3da01c15,500,40,540
e8786dad-9bdd-4fcc-bef4-b7a674856727,27aa2e5e-189e-4554-bd68-cdc6769ac85e,2023-11-30 08:00:00,b3406af8-c4a9-4d2d-9e30-e06f3da01c15,700,56,756
09938820-8124-425e-8f65-857d1c566219,d038e662-59d6-4144-86f3-341b3ffade9a,2023-11-30 13:10:00,b3406af8-c4a9-4d2d-9e30-e06f3da01c15,3000,240,3240
d3d761ce-e2ec-4969-b18f-836ed3d3b01f,935f8df0-9ed4-421f-a330-c022fd690f49,2023-11-30 08:52:00,b3406af8-c4a9-4d2d-9e30-e06f3da01c15,600,48,648
50d14645-c3da-4378-91eb-1deb52689c8d,a0adc3c2-77d8-4e4b-a254-525252d95ff2,2023-11-30 07:00:00,b3406af8-c4a9-4d2d-9e30-e06f3da01c15,500,40,540
317398ad-771f-4b93-ad68-ed73706658dd,8b254b72-c00b-42d4-8b23-55801d3496e2,2023-11-30 07:24:00,b3406af8-c4a9-4d2d-9e30-e06f3da01c15,2100,168,2268
839b5dc9-e12b-4a4d-a474-9ba0b67cd1fa,bf98777f-16f7-465d-a17c-31e1ae97506b,2023-11-30 19:26:00,b3406af8-c4a9-4d2d-9e30-e06f3da01c15,1700,136,1836
53eb44ac-4e5b-4a2a-a8cd-4603aa1105a8,4dc43541-9eb4-418a-af40-7b08737d3c43,2023-11-30 07:40:00,b3406af8-c4a9-4d2d-9e30-e06f3da01c15,400,32,432
e708dc93-4c6e-48d2-9d58-bbce731c66dc,23c89686-b6e1-4cb4-8afe-527a20aeede9,2023-11-30 08:04:00,b3406af8-c4a9-4d2d-9e30-e06f3da01c15,700,56,756
f3285954-13a6-42f3-8a39-9fe5dd9339ef,c7758618-5de9-4f71-ae03-b51042e88f76,2023-11-30 13:24:00,b3406af8-c4a9-4d2d-9e30-e06f3da01c15,1700,136,1836
6f4f669f-15fe-42aa-9d1a-808f2a300713,80beca59-cd9e-4ff3-9d94-e1c6879c1316,2023-11-30 08:47:00,b3406af8-c4a9-4d2d-9e30-e06f3da01c15,700,56,756
8488cb2e-b32f-4d84-97ef-7ca55e6fbe3a,2efd88fb-9b50-48f6-817a-ca2c8541cfd1,2023-11-30 08:28:00,b3406af8-c4a9-4d2d-9e30-e06f3da01c15,500,40,540
822b0cff-1219-4499-a23a-db9ee5dc1b25,268cd69b-28ea-4af8-9538-9fa9498732b9,2023-11-30 17:36:00,b3406af8-c4a9-4d2d-9e30-e06f3da01c15,1600,128,1728
a7c24031-dafc-40a2-a173-cf532d2f4ef5,39138df5-0ee9-413c-9571-c4df064cba64,2023-11-30 07:15:00,b3406af8-c4a9-4d2d-9e30-e06f3da01c15,500,40,540
7b05aad9-06bb-4298-9249-e404f0ac89cb,99237b9e-22d6-4ea4-bdfd-187420c78483,2023-11-30 15:10:00,b3406af8-c4a9-4d2d-9e30-e06f3da01c15,700,56,756
fb3a6ef0-8600-463f-a9e5-683fcb4935df,ecb26b3c-a58f-4237-90c2-d5f78efb30db,2023-11-30 10:19:00,b3406af8-c4a9-4d2d-9e30-e06f3da01c15,2300,184,2484
6214afc9-0a49-404c-9c7a-6c1fffb26c1e,76c7924f-d1ef-4af5-b145-514191a0d17f,2023-11-30 19:12:00,b3406af8-c4a9-4d2d-9e30-e06f3da01c15,700,56,756
4f8a4697-faee-44a8-89aa-a2af91101f17,e153b65e-f6c1-4043-932d-e1357a7d50e7,2023-11-30 07:45:00,b3406af8-c4a9-4d2d-9e30-e06f3da01c15,700,56,756
7a69cc4e-d5b5-46b5-80c5-65fe37fe9990,13a7703d-03d1-4063-84ca-b89d789a1738,2023-11-30 09:15:00,b3406af8-c4a9-4d2d-9e30-e06f3da01c15,700,56,756
6ef1a38a-29bd-416c-b12a-7e5723191148,13f6fed2-fd76-4b9a-afe2-38d310642ae3,2023-11-30 15:06:00,b3406af8-c4a9-4d2d-9e30-e06f3da01c15,1600,128,1728
02dace61-5601-4345-b858-edb2416fdc18,1b2379c1-efcd-4b6e-8114-a55e17996a17,2023-11-30 16:45:00,b3406af8-c4a9-4d2d-9e30-e06f3da01c15,1700,136,1836
fed4b901-5c9d-4543-b41c-450b3208afe1,d8b32b5c-b453-46b3-972f-a82740c80425,2023-11-30 14:31:00,b3406af8-c4a9-4d2d-9e30-e06f3da01c15,500,40,540
987285a4-5abf-43af-aaaa-92afc6097cb8,1b4695e3-474d-4a57-8330-b29e2b1e34a4,2023-11-30 07:42:00,b3406af8-c4a9-4d2d-9e30-e06f3da01c15,600,48,648
619ed714-73fe-4a91-acf1-009d80ec6541,5baa0737-66e1-4769-a9bd-d3f5136cfb42,2023-11-30 15:56:00,b3406af8-c4a9-4d2d-9e30-e06f3da01c15,1300,104,1404
169c112e-a9b7-4fa6-93c9-9d228f57f96b,80a49a51-3aad-4ab0-a876-84ac983a1ecb,2023-11-30 07:43:00,b3406af8-c4a9-4d2d-9e30-e06f3da01c15,400,32,432
598f615d-da54-4674-9434-599387e6a221,7b930b65-6a9e-4445-8ae1-1503b76ac988,2023-11-30 08:31:00,b3406af8-c4a9-4d2d-9e30-e06f3da01c15,600,48,648
3b703c04-b2a1-4939-a68c-84258aecc822,449f4341-9f93-4cc5-8e2a-f00ea11228b8,2023-11-30 12:50:00,b3406af8-c4a9-4d2d-9e30-e06f3da01c15,1700,136,1836
2ea84185-61d2-40c9-9ad9-376afbcfe60f,d6d9d62c-9cb2-454b-8d33-46481d62557b,2023-11-30 11:25:00,b3406af8-c4a9-4d2d-9e30-e06f3da01c15,600,48,648
e6066202-dad7-47e1-8714-8e1c6286457a,5d9f037d-9045-46b5-99b7-f51314dfe487,2023-11-30 13:40:00,b3406af8-c4a9-4d2d-9e30-e06f3da01c15,500,40,540
c2ce8127-acce-48b1-bd79-980a846d565f,8a87962d-68e3-4597-b43e-27b048d4439d,2023-11-30 10:38:00,b3406af8-c4a9-4d2d-9e30-e06f3da01c15,700,56,756
25b19b8e-18c1-45bc-95b1-433c92599d7c,9f3d6f04-8cfa-44c8-9be8-f6257a05765d,2023-11-30 09:16:00,b3406af8-c4a9-4d2d-9e30-e06f3da01c15,600,48,648
acab2fb6-3270-4df4-8f4e-1b9d6a82af1d,361f6a4e-0eaa-4595-9086-b3ad40e8a618,2023-11-30 08:16:00,b3406af8-c4a9-4d2d-9e30-e06f3da01c15,400,32,432
df3bdf1b-c8ef-4269-bcec-39fabd02d28c,6b6847b1-c79c-4831-969c-e1b95141232c,2023-11-30 07:22:00,b3406af8-c4a9-4d2d-9e30-e06f3da01c15,500,40,540
39af2c93-cd1b-4e5f-bbd2-2e611354d3cf,ab9ec2ba-efbc-40af-a2d9-15186dd81cd4,2023-11-30 07:00:00,b3406af8-c4a9-4d2d-9e30-e06f3da01c15,600,48,648
476d08da-1b00-4765-9412-88a0b0c423e1,c05af6ca-529b-48e3-9cbf-d11a290da116,2023-11-30 16:45:00,b3406af8-c4a9-4d2d-9e30-e06f3da01c15,1700,136,1836
93d07cd1-bfb2-4a6a-9c74-26e59d8fc179,6f778558-31ec-4f18-a44e-cc3c6ae30cfb,2023-11-30 13:42:00,b3406af8-c4a9-4d2d-9e30-e06f3da01c15,1700,136,1836
aa09aca6-c33d-4392-8971-d36b05b0fdc5,1dbd8c01-5471-4c5a-b2e4-db6418673cb3,2023-11-30 17:33:00,b3406af8-c4a9-4d2d-9e30-e06f3da01c15,1500,120,1620
652dd005-b6df-4101-8dfc-7d57f2de74ee,310b49e2-458d-4fc5-8c04-f4ab394152fe,2023-11-30 16:36:00,b3406af8-c4a9-4d2d-9e30-e06f3da01c15,600,48,648
9438f976-fefe-4149-a65f-57e2f40c152c,d1632fc8-d982-4a8a-8ef9-53a6c238f72c,2023-11-30 11:34:00,b3406af8-c4a9-4d2d-9e30-e06f3da01c15,400,32,432
8139b2cd-a111-4ed4-8bf1-dd8eb47e3511,a5b4ca03-0415-4ab0-887f-e9c900e32790,2023-11-30 17:14:00,b3406af8-c4a9-4d2d-9e30-e06f3da01c15,500,40,540
6d28837e-c6c7-492c-93b7-deace9f3fb31,fce60606-1c32-4073-abab-5e73f36b3302,2023-11-30 07:49:00,b3406af8-c4a9-4d2d-9e30-e06f3da01c15,600,48,648
83c4eec1-1260-42ab-b83e-0eb4f759bd31,cbcda1f0-7b97-4053-ad4b-cc4b5a76e903,2023-11-30 07:00:00,b3406af8-c4a9-4d2d-9e30-e06f3da01c15,500,40,540
66e83ef9-4454-4ca5-b8de-a911bd8a1a0f,52b280cc-66a1-4aff-a315-65a3e08ba082,2023-11-30 08:19:00,b3406af8-c4a9-4d2d-9e30-e06f3da01c15,600,48,648
ecfea55e-9ca9-47ca-b053-c7a205f82cf8,db206fbc-6df6-47aa-9f6c-7d3bdce9e3c5,2023-11-30 08:34:00,b3406af8-c4a9-4d2d-9e30-e06f3da01c15,400,32,432
1eaac047-3fd8-4b1c-ba83-89d9cb959c46,6ed4fff1-f154-471e-b304-f0a6506925bb,2023-11-30 13:45:00,b3406af8-c4a9-4d2d-9e30-e06f3da01c15,1200,96,1296
5449553c-506e-46d0-ad80-d814b4fe54a8,c2085572-8827-4de1-ac06-5f3d40324313,2023-11-30 08:06:00,b3406af8-c4a9-4d2d-9e30-e06f3da01c15,600,48,648
f5f60956-210b-4f59-880d-425b4c68b137,d4954aec-b60d-426c-9058-f2d3d61ecf7f,2023-11-30 12:32:00,b3406af8-c4a9-4d2d-9e30-e06f3da01c15,900,72,972
05e255fe-0ab0-4b4e-9470-84d6a24e6556,ff6249e1-3d4b-4910-8cf5-7539649d5959,2023-11-30 17:48:00,b3406af8-c4a9-4d2d-9e30-e06f3da01c15,600,48,648
08c24e96-b3df-4e49-9767-8d95e6d041e4,3254d2fb-f762-4502-ad4f-6f57b4a21620,2023-11-30 08:18:00,b3406af8-c4a9-4d2d-9e30-e06f3da01c15,400,32,432
6df10edb-163f-4757-9ff3-9454b81d7266,db7b3e64-5805-46a2-8e59-f78fb53db9ab,2023-11-30 14:17:00,b3406af8-c4a9-4d2d-9e30-e06f3da01c15,600,48,648
99e3413d-59bd-4347-8059-a347e3bd8538,a2fcb9a7-aaa5-4383-a4fb-21687e933dde,2023-11-30 16:17:00,b3406af8-c4a9-4d2d-9e30-e06f3da01c15,600,48,648
c347c913-974a-492b-b403-60cfc9867b77,794398f0-d003-410e-81b9-97cfb53b31d1,2023-11-30 17:24:00,b3406af8-c4a9-4d2d-9e30-e06f3da01c15,1700,136,1836
9facc065-c0c1-4633-8a2b-5db36ac51885,37fb0e02-a1ba-418d-90f7-2bd67e71feb0,2023-11-30 18:04:00,b3406af8-c4a9-4d2d-9e30-e06f3da01c15,600,48,648
257cf243-a7c9-469d-960e-1898ae4a7282,e84bffdc-b85d-42a5-900a-67979727373d,2023-11-30 08:13:00,b3406af8-c4a9-4d2d-9e30-e06f3da01c15,600,48,648
b972718a-642d-45f7-b312-be4082af30e2,0acbf411-6839-44f0-8956-631074bb22e0,2023-11-30 13:08:00,b3406af8-c4a9-4d2d-9e30-e06f3da01c15,600,48,648
4512754d-9983-4056-b4da-ae9e2499984e,25ac8d3c-f20d-445c-98a5-92ba07716d01,2023-11-30 07:36:00,b3406af8-c4a9-4d2d-9e30-e06f3da01c15,700,56,756
2f5e5d44-5593-494b-a01c-432993c3b9a7,1892dd7a-8ba7-4839-891c-a1faa3c38b01,2023-11-30 11:05:00,b3406af8-c4a9-4d2d-9e30-e06f3da01c15,500,40,540
5e09f7c9-5221-4442-9aa2-b2676710976b,c9a27e2e-04e1-4bb4-b573-24236a552b08,2023-11-30 12:49:00,b3406af8-c4a9-4d2d-9e30-e06f3da01c15,2500,200,2700
0f926bd9-774a-4a90-a448-de0b6727a22d,881b46ba-02e1-4cbb-8806-031dc3bbeca7,2023-11-30 14:06:00,b3406af8-c4a9-4d2d-9e30-e06f3da01c15,700,56,756
748ce63a-0fbc-4e53-aa70-c2d4fd898ac1,235014d2-591b-47a1-bbff-aeb890034fd3,2023-11-30 12:58:00,b3406af8-c4a9-4d2d-9e30-e06f3da01c15,1900,152,2052
cc7d2a96-dac2-4607-bc68-662571acdc38,d3873be4-b64c-42ee-84b6-5bb82cfc5320,2023-11-30 17:56:00,b3406af8-c4a9-4d2d-9e30-e06f3da01c15,600,48,648
8a12828b-010a-4c0d-8e22-11a7c6c69b7c,f2f7747d-afbe-47b0-b53b-b1befdd2248f,2023-11-30 07:53:00,b3406af8-c4a9-4d2d-9e30-e06f3da01c15,600,48,648
bc6a2dfc-b5b7-4114-8322-2e0a09b6a16d,9218401a-a3fe-4361-b974-75ab3912ede2,2023-11-30 07:36:00,b3406af8-c4a9-4d2d-9e30-e06f3da01c15,400,32,432
79fc396e-efda-446a-9418-9d942f087e9f,8d65ca70-f409-4ca5-8358-00184b8ca792,2023-11-30 07:26:00,b3406af8-c4a9-4d2d-9e30-e06f3da01c15,600,48,648
552db570-47b3-4c92-900a-ae759a3865eb,a458afe9-c65f-409f-8219-b305bca5a3cf,2023-11-30 07:56:00,b3406af8-c4a9-4d2d-9e30-e06f3da01c15,600,48,648
a28fed97-7dd3-4a99-bb5b-a5a7f84307c3,b2f61eb0-f9d4-4c93-b37f-26081e1fe30a,2023-11-30 10:32:00,b3406af8-c4a9-4d2d-9e30-e06f3da01c15,600,48,648
d4579565-2b28-484d-89e9-e0221f6ed9a2,86b0709f-3cb4-4745-a48f-d886fb407676,2023-11-30 07:59:00,b3406af8-c4a9-4d2d-9e30-e06f3da01c15,700,56,756
9746cc8b-ed1c-444d-8401-baf27361543f,a007d2c8-f005-484a-9bba-492bde02b53a,2023-11-30 07:32:00,b3406af8-c4a9-4d2d-9e30-e06f3da01c15,500,40,540
762de909-56cd-4b10-a2de-30ef4ee28c3a,e16a6ba6-9dd7-494f-8317-85068747c218,2023-11-30 07:04:00,b3406af8-c4a9-4d2d-9e30-e06f3da01c15,700,56,756
c685c6ec-de3e-4ba9-a1a5-cf3fa543ea23,0a99f923-70d6-40f5-8870-92a09715bce2,2023-11-30 07:24:00,b3406af8-c4a9-4d2d-9e30-e06f3da01c15,400,32,432
76e72436-9e0b-490e-9e0e-efdb929cdcca,c7ae24da-fb5c-469e-b470-e2aea0050b1b,2023-11-30 14:11:00,b3406af8-c4a9-4d2d-9e30-e06f3da01c15,600,48,648
556c7594-302b-452a-86b9-a14475d50253,31934ece-77ac-425f-a29c-8c5460f3ab19,2023-11-30 13:55:00,b3406af8-c4a9-4d2d-9e30-e06f3da01c15,2400,192,2592
1261c5ea-bc7e-49b2-b8d5-e81aeeaa8adc,ed5ab19d-1777-4342-ab81-aa1bc6f6b498,2023-11-30 14:11:00,b3406af8-c4a9-4d2d-9e30-e06f3da01c15,500,40,540
fa761272-1363-40fe-9acd-8ec7497301e0,27007e99-75c0-4708-bd7c-7d588972a823,2023-11-30 07:51:00,b3406af8-c4a9-4d2d-9e30-e06f3da01c15,400,32,432
edbeaea3-0563-4995-9c1b-ae4396401300,7d0d3560-9574-4d65-a9b3-a026cb9b0bbe,2023-11-30 13:01:00,b3406af8-c4a9-4d2d-9e30-e06f3da01c15,400,32,432
f76f60c8-7422-48e9-9a62-86a8d0c0135e,5c34ed01-e5d5-4589-b968-4286a6b2c3cf,2023-11-30 07:12:00,b3406af8-c4a9-4d2d-9e30-e06f3da01c15,400,32,432
2ce7f01e-d706-4f69-8209-16d8e1b6f9d3,c91e5309-b793-4fd2-9600-73bcf71a5d1b,2023-11-30 12:26:00,b3406af8-c4a9-4d2d-9e30-e06f3da01c15,2200,176,2376
96868dbf-2e69-4949-b62e-7d1afef53d88,f986eceb-8694-41cf-ae4c-2be2024e8781,2023-11-30 08:00:00,b3406af8-c4a9-4d2d-9e30-e06f3da01c15,500,40,540
46eaab68-70a3-4fb4-8855-30181a92e1d4,0e12aa9f-f4e0-4e16-93b6-10b7083ca873,2023-11-30 11:43:00,b3406af8-c4a9-4d2d-9e30-e06f3da01c15,1800,144,1944
339a7e9b-d683-49d7-8330-0c766ce853ac,d8af82e4-d55d-4cdb-bbd3-86bd96440e7a,2023-11-30 13:24:00,b3406af8-c4a9-4d2d-9e30-e06f3da01c15,600,48,648
bc43eb44-655f-4505-b4e6-13506a1e3008,bc469ed6-7fb7-46b7-b20f-e9d5e5b220c3,2023-11-30 13:29:00,b3406af8-c4a9-4d2d-9e30-e06f3da01c15,500,40,540
f982c7dc-e700-482c-82e2-53a5bccfe922,b4d7bbaf-cc87-47f2-a964-1a64d7d18e19,2023-11-30 07:40:00,b3406af8-c4a9-4d2d-9e30-e06f3da01c15,600,48,648
2dd0ed43-cc30-410d-a47f-a3c9e20b835a,6e33e101-a26d-4b95-b7a0-e5a77ebc64dd,2023-11-30 08:12:00,b3406af8-c4a9-4d2d-9e30-e06f3da01c15,600,48,648
b64ec6f7-262c-4982-96d2-da2f9279f537,25ca8a8e-9061-4213-96b1-6691e7a73e63,2023-11-30 13:03:00,b3406af8-c4a9-4d2d-9e30-e06f3da01c15,400,32,432
3a2dd5a3-e304-44a9-8fcd-bbc7b7e8129d,4c529355-b86a-410a-bd67-d69a08e26469,2023-11-30 13:16:00,b3406af8-c4a9-4d2d-9e30-e06f3da01c15,600,48,648
f7f88e37-38d1-48d3-afb9-4a656a2b7e29,e1850c0e-781b-4ab6-9df3-0574ffb34203,2023-11-30 07:33:00,b3406af8-c4a9-4d2d-9e30-e06f3da01c15,600,48,648
92abf832-e18b-4f4c-af24-7505227827d5,698e721e-d046-458b-8082-08c8bb54ecad,2023-11-30 15:02:00,b3406af8-c4a9-4d2d-9e30-e06f3da01c15,1600,128,1728
48f9bc33-5971-4419-9e6a-b293dad8ec8a,306845f9-3a60-4c21-b7dc-7097dd33a2b5,2023-11-30 14:44:00,b3406af8-c4a9-4d2d-9e30-e06f3da01c15,2000,160,2160
6abe8fd9-dc16-49d1-a8be-291145d63faa,f487f45c-143d-4d73-9d45-d6d9a100bafa,2023-11-30 07:16:00,b3406af8-c4a9-4d2d-9e30-e06f3da01c15,500,40,540
fd303d7e-cca9-49b9-a982-d45c3eb2d82b,abb9bca3-59ae-4a9f-b115-16c1c3bf57ef,2023-11-30 08:39:00,b3406af8-c4a9-4d2d-9e30-e06f3da01c15,500,40,540
af38369f-bfdb-48cc-a7e5-422b3b808c50,2bd22f13-76a5-4011-bef8-686940d3ba2d,2023-11-30 10:46:00,b3406af8-c4a9-4d2d-9e30-e06f3da01c15,1400,112,1512
da5673dd-807f-449f-b4f5-97da8bdf544c,e7cdd862-6c8e-4af5-91e8-e017767a279b,2023-11-30 10:28:00,b3406af8-c4a9-4d2d-9e30-e06f3da01c15,600,48,648
f3905e9e-0394-41b7-972d-3096a949d042,a1932494-1e79-4f11-90d6-2c3d14b17ff9,2023-11-30 08:06:00,b3406af8-c4a9-4d2d-9e30-e06f3da01c15,600,48,648
db175a0e-45e3-4c68-9d93-2bfcc78c1c96,6dd8ff30-cee1-4a7a-9ccd-dfa7018493e7,2023-11-30 14:18:00,b3406af8-c4a9-4d2d-9e30-e06f3da01c15,3600,288,3888
cd00d53c-e7b8-487c-a080-71f91c124354,0a996dc6-ec23-473c-964f-78456fbcf5da,2023-11-30 08:26:00,b3406af8-c4a9-4d2d-9e30-e06f3da01c15,500,40,540
0654a66c-67d2-4c67-ab3b-23053d8f0824,ff396751-b162-46df-8c81-61f6062eab97,2023-11-30 18:30:00,b3406af8-c4a9-4d2d-9e30-e06f3da01c15,1700,136,1836
94af4ac6-de60-400d-862f-ae2860c2f4c8,598e831c-2388-4cb6-9cf0-22e14fee9400,2023-11-30 14:47:00,b3406af8-c4a9-4d2d-9e30-e06f3da01c15,400,32,432
5acb3400-e805-45f5-be66-602137c25255,09afb464-d131-423d-a7a7-10d3f6093399,2023-11-30 08:10:00,b3406af8-c4a9-4d2d-9e30-e06f3da01c15,400,32,432
906dcce4-c219-43ab-9e9a-994ec2cb6b7d,aa665be8-f1e3-4044-9620-f83b294f8b69,2023-11-30 18:14:00,b3406af8-c4a9-4d2d-9e30-e06f3da01c15,400,32,432
3edfac3c-f477-4afa-b822-0a1a4f4155ab,0bafee08-21f3-43d6-9aee-ab1d60a7d7ec,2023-11-30 13:20:00,b3406af8-c4a9-4d2d-9e30-e06f3da01c15,400,32,432
90dd49a0-2244-49b6-b87c-1cbbb1a5ac68,30bb7b4b-20a7-4691-a3fc-4b196f282c03,2023-11-30 16:37:00,b3406af8-c4a9-4d2d-9e30-e06f3da01c15,700,56,756
fcb96663-ee9c-4568-8c7b-6d78fd4a8322,96a08a67-3a4f-4c5f-a78b-79cc00ce235c,2023-11-30 08:15:00,b3406af8-c4a9-4d2d-9e30-e06f3da01c15,500,40,540
c81881f1-9b54-441b-8a8a-d8f5fdf8a36d,608ca642-8a7f-4061-86a0-b0b6ca27da21,2023-11-30 14:16:00,b3406af8-c4a9-4d2d-9e30-e06f3da01c15,2200,176,2376
011a028d-1dd7-4528-81ba-c44c278a9e31,f2786374-fd22-43a8-96d8-929e18656d5a,2023-11-30 13:36:00,b3406af8-c4a9-4d2d-9e30-e06f3da01c15,400,32,432
37bf098d-0a37-4189-b37f-6652e31d1dff,ef1fba28-a42f-40cf-8279-cc78382e4a4d,2023-11-30 11:13:00,b3406af8-c4a9-4d2d-9e30-e06f3da01c15,600,48,648
ffa04fe1-f8d2-4778-83ad-4d3a55227593,a1ad81da-9458-4b70-a0ef-c189af7d837c,2023-11-30 13:08:00,b3406af8-c4a9-4d2d-9e30-e06f3da01c15,700,56,756
aa4f89a5-1899-4417-990a-85b2c98d0439,318d3c38-cc45-4e02-bc63-99141525c4f3,2023-11-30 08:55:00,b3406af8-c4a9-4d2d-9e30-e06f3da01c15,500,40,540
5d8e5188-56dd-45aa-b8d0-e4fc9c7af1aa,0a0e52b6-cde9-4602-8769-b9c061d710b3,2023-11-30 10:03:00,b3406af8-c4a9-4d2d-9e30-e06f3da01c15,600,48,648
249ecda7-9e38-4241-bd35-c98426a36ca0,6f84ddb9-2ff6-47b8-a17c-3768afb7c1de,2023-11-30 17:25:00,b3406af8-c4a9-4d2d-9e30-e06f3da01c15,1700,136,1836
c7d51f5e-cf03-4702-b72d-e9801d6c1a09,03e63491-df23-46b5-aa4e-70612e0286c3,2023-11-30 08:14:00,b3406af8-c4a9-4d2d-9e30-e06f3da01c15,700,56,756
698af003-d27f-4e0e-9f36-f927d2351d20,f84d9433-99fb-4dc1-a7b4-ed28df01589c,2023-11-30 08:00:00,b3406af8-c4a9-4d2d-9e30-e06f3da01c15,400,32,432
7ac13bc5-aaaa-4d24-a125-12678b3a2678,89f23a88-e155-403c-81b7-74624a2a8b7c,2023-11-30 08:12:00,b3406af8-c4a9-4d2d-9e30-e06f3da01c15,600,48,648
eba682d7-18a4-4c4b-8e9f-880ddb8444a2,6955924f-52b4-4a14-8a1a-4141c64f990f,2023-11-30 07:33:00,b3406af8-c4a9-4d2d-9e30-e06f3da01c15,600,48,648
7991bb3d-13b2-4075-8c10-43b374cbffc0,3a34f173-2b77-44ba-92da-28e10ad98f0f,2023-11-30 17:42:00,b3406af8-c4a9-4d2d-9e30-e06f3da01c15,1700,136,1836
b5d4abb3-e91a-46ae-8623-ad8fb1895f0c,528277e8-4ab5-4238-8977-eef05607a07b,2023-11-30 19:41:00,b3406af8-c4a9-4d2d-9e30-e06f3da01c15,1700,136,1836
f8fe5c1a-e088-42d0-861b-681068820cdd,3ced9be5-34a5-4ecb-b0c6-0914d923f289,2023-11-30 08:15:00,b3406af8-c4a9-4d2d-9e30-e06f3da01c15,600,48,648
e66d8392-f083-4410-99f4-c7da29dfd840,0f3e973c-42e0-4b6d-8940-db51a4fbdfaf,2023-11-30 08:14:00,b3406af8-c4a9-4d2d-9e30-e06f3da01c15,600,48,648
2626ab62-8b05-4cfd-9779-c320d9b877ea,4a5e57dc-e244-4e0d-8e41-6c0deca10336,2023-11-30 07:41:00,b3406af8-c4a9-4d2d-9e30-e06f3da01c15,400,32,432
0092ef3a-0410-45c9-ad4b-c2f1a6dc76e4,31a4ccea-3d90-4e67-a6f8-8d990cfffd1a,2023-11-30 07:47:00,b3406af8-c4a9-4d2d-9e30-e06f3da01c15,500,40,540
701fab91-389a-4213-ae60-b2fb7f9ab1e6,86faf3a1-bcd6-4bd4-8900-ba8ed0ffe0f2,2023-11-30 07:40:00,b3406af8-c4a9-4d2d-9e30-e06f3da01c15,600,48,648
53478296-4fa1-46ec-bd32-57f43965f968,a709f29f-6f8e-4f51-b1b6-0d7e99fe176a,2023-11-30 11:01:00,b3406af8-c4a9-4d2d-9e30-e06f3da01c15,400,32,432
a580a40f-2d02-4595-a182-68517bfbb27c,50823f14-a532-448f-a310-02980e02795d,2023-11-30 09:37:00,b3406af8-c4a9-4d2d-9e30-e06f3da01c15,500,40,540
1c403b4d-af88-4478-89d7-cf4d9c061f22,87f0edf1-082f-460b-bc4f-9e72db2598ec,2023-11-30 08:15:00,b3406af8-c4a9-4d2d-9e30-e06f3da01c15,700,56,756
e0ebd134-0c88-46e0-a5a6-3de3901dda68,44a1345c-83cd-4105-bc81-eb61a59948bc,2023-11-30 08:25:00,b3406af8-c4a9-4d2d-9e30-e06f3da01c15,700,56,756
aa5e1892-a437-4415-a7f4-dc9c926e03e1,abd96f0c-1f71-4940-b799-0029d8748822,2023-11-30 08:22:00,b3406af8-c4a9-4d2d-9e30-e06f3da01c15,700,56,756
2aaecf30-07e5-4558-8a41-03c4630d17ca,5f9b70bf-6872-4382-8d21-99901b648a96,2023-11-30 13:37:00,b3406af8-c4a9-4d2d-9e30-e06f3da01c15,500,40,540
2869ba5f-84f9-472b-9906-51c344af7db9,c26ac399-6c40-4f9c-8b03-1ec608843dee,2023-11-30 07:55:00,b3406af8-c4a9-4d2d-9e30-e06f3da01c15,600,48,648
2bf30fdc-fc53-4df2-a961-10474a0b3d4f,4190f662-1219-4f03-803f-413f95e73ac8,2023-11-30 10:50:00,b3406af8-c4a9-4d2d-9e30-e06f3da01c15,500,40,540
a7bb314f-1e52-4135-a7d6-c1cda1568d18,0e9616a6-6c31-4010-812b-329c8f7b4853,2023-11-30 17:32:00,b3406af8-c4a9-4d2d-9e30-e06f3da01c15,600,48,648
978e2071-d927-4abc-8452-24af19d24cf4,e035ac52-ddc6-40b9-8ff0-323f85959735,2023-11-30 18:59:00,b3406af8-c4a9-4d2d-9e30-e06f3da01c15,1500,120,1620
fb865893-7691-4a5a-8f90-13b7687d2f87,d95f31c5-538e-45b8-b561-b1a13cdfef1e,2023-11-30 08:09:00,b3406af8-c4a9-4d2d-9e30-e06f3da01c15,700,56,756
5a2c78f7-0f95-4151-8670-a5cafb7c8266,d593cb3f-5c32-4ae8-b090-2b2d6cc364e0,2023-11-30 07:59:00,b3406af8-c4a9-4d2d-9e30-e06f3da01c15,600,48,648
80ab5108-8741-48e0-867f-70c3a5853105,f99ecdb6-6f31-4a22-a1bb-a9151ecd5616,2023-11-30 15:33:00,b3406af8-c4a9-4d2d-9e30-e06f3da01c15,1600,128,1728
ff7f6943-c8be-4778-864a-86c1fa16f900,722c012f-efd2-49d0-8fd3-047157c22e79,2023-11-30 08:06:00,b3406af8-c4a9-4d2d-9e30-e06f3da01c15,400,32,432
f4a8116f-227c-411e-9584-fef218764fba,5096dc25-d8a1-44a1-a629-f07365c1878a,2023-11-30 17:31:00,b3406af8-c4a9-4d2d-9e30-e06f3da01c15,1800,144,1944
37a76947-4065-4f37-a3db-2063a8a5c646,8db6beac-c887-48a0-a243-51364c4b54e5,2023-11-30 14:43:00,b3406af8-c4a9-4d2d-9e30-e06f3da01c15,2000,160,2160
9a6d64c8-f14a-4124-a588-5ce76484f89e,6acbf0ba-f1c3-49cc-963a-d0c2f7c4d8f5,2023-11-30 07:51:00,b3406af8-c4a9-4d2d-9e30-e06f3da01c15,600,48,648
abacd0de-ed87-4167-ba1d-1cf0d9a76744,48cd3500-f9c1-471b-9786-fc1d6b7dfb2b,2023-11-30 18:15:00,b3406af8-c4a9-4d2d-9e30-e06f3da01c15,1600,128,1728
08561a82-ad99-4e55-8773-15b4ade302fd,2a47cf71-066f-4856-941a-0dcedb495e25,2023-11-30 07:58:00,b3406af8-c4a9-4d2d-9e30-e06f3da01c15,600,48,648
b8263f0a-a5db-4ec9-a63d-be7d17d28083,709e1ebc-a13e-4513-af01-7be3db5969f0,2023-11-30 15:22:00,b3406af8-c4a9-4d2d-9e30-e06f3da01c15,1200,96,1296
e88c8340-92d5-4760-95a8-8347ba6ff052,dfcbcca6-3b8b-4b74-8b8a-35d542b61bea,2023-11-30 08:17:00,b3406af8-c4a9-4d2d-9e30-e06f3da01c15,400,32,432
ad11f19b-3727-485c-9af1-2fe9852855cb,5169248c-0343-424f-9004-6c4898defb2e,2023-11-30 10:11:00,b3406af8-c4a9-4d2d-9e30-e06f3da01c15,1500,120,1620
f77b6de8-dc5f-41f2-a3d1-f999c4e99698,0f4147c7-27df-466b-b6c1-340e584759a8,2023-11-30 11:49:00,b3406af8-c4a9-4d2d-9e30-e06f3da01c15,1100,88,1188
0310fd9d-48b0-4e18-9c29-43f8af5ceb55,3e0bfbc5-de9c-4029-9e07-9abf3ea45e78,2023-11-30 08:36:00,b3406af8-c4a9-4d2d-9e30-e06f3da01c15,600,48,648
f6c9293a-b10d-4db6-a67f-3b96ec48a4d1,565b67c6-951e-4d74-b047-1adf6fc2575c,2023-11-30 17:45:00,b3406af8-c4a9-4d2d-9e30-e06f3da01c15,1200,96,1296
ce1df896-58eb-4267-acd5-1517d036fbe5,19f5d8a1-6ea7-4cf1-a579-6255b6bfe1a2,2023-11-30 12:31:00,b3406af8-c4a9-4d2d-9e30-e06f3da01c15,600,48,648
c8ecf8bb-7cb3-478e-a313-a3e7d3daf657,5f7050b5-70b0-4e68-87ca-3057e2b22fec,2023-11-30 07:12:00,b3406af8-c4a9-4d2d-9e30-e06f3da01c15,400,32,432
a11986c8-0279-4074-acc0-e014adb4f34e,09a85561-3dcd-44bf-b9d7-6e19a1d38ecb,2023-11-30 11:05:00,b3406af8-c4a9-4d2d-9e30-e06f3da01c15,1700,136,1836
292229e2-e3c5-4b6b-8fa7-3ca6d28725e2,58618b9b-fd0a-4274-bbe4-0fe50a9d9a88,2023-11-30 13:32:00,b3406af8-c4a9-4d2d-9e30-e06f3da01c15,700,56,756
51dbf0e3-a907-43e1-8467-ec0762b368fb,ad313942-5f85-4732-8271-51d684aed9b6,2023-11-30 07:57:00,b3406af8-c4a9-4d2d-9e30-e06f3da01c15,600,48,648
4d3eff91-578f-4d98-99e0-8d40ee5b2b9f,69f7975c-4dc8-44dc-a8cd-1ada09c809f4,2023-11-30 07:50:00,b3406af8-c4a9-4d2d-9e30-e06f3da01c15,600,48,648
fee813b8-6eb8-41d1-9eff-35b8b09cae47,93437d2a-3844-4289-b40d-fddae4789e9f,2023-11-30 08:17:00,b3406af8-c4a9-4d2d-9e30-e06f3da01c15,600,48,648
f4cd04da-279a-472e-9d37-fcde44f3f5db,96f755ed-3cd7-4c7a-a270-c8decb7e333c,2023-11-30 07:56:00,b3406af8-c4a9-4d2d-9e30-e06f3da01c15,600,48,648
e59a8e9b-1069-4069-b78e-ef86ff74e3c5,5426db7a-b305-431e-981b-30fb5a510434,2023-11-30 07:37:00,b3406af8-c4a9-4d2d-9e30-e06f3da01c15,500,40,540
cae809d7-d631-4ffd-897f-9fcc2ceafb34,783a4c82-83fb-4f38-8f75-4a7e4824221c,2023-11-30 16:41:00,b3406af8-c4a9-4d2d-9e30-e06f3da01c15,1900,152,2052
981ddb89-6832-4591-83a0-c636dde0f726,679485b7-5dd6-41b6-b898-8ef7079bc93a,2023-11-30 15:05:00,b3406af8-c4a9-4d2d-9e30-e06f3da01c15,1800,144,1944
a702a914-cf2c-4ac6-ab85-7e65d2f6be67,6abd1eaa-ddec-4830-9213-0c88cbf37819,2023-11-30 07:50:00,b3406af8-c4a9-4d2d-9e30-e06f3da01c15,400,32,432
b5f72144-29b5-41b9-9f45-4c4bfae18a79,da5f74ed-37ae-4e24-a565-e28f636b84c1,2023-11-30 08:17:00,b3406af8-c4a9-4d2d-9e30-e06f3da01c15,400,32,432
22e744b1-8f3e-429b-9494-13d242b5edd3,15842696-4fc9-4c29-9996-308a244bddf6,2023-11-30 12:05:00,b3406af8-c4a9-4d2d-9e30-e06f3da01c15,1200,96,1296
3e92d7c4-6be6-4b94-82f2-5a50b3754075,6541cefd-735f-4fc9-836f-dbc22255ad85,2023-11-30 17:59:00,b3406af8-c4a9-4d2d-9e30-e06f3da01c15,500,40,540
09d78827-8573-4c5d-b8ff-32cca89aa494,f2c43620-2285-47a4-9419-0fb60eb8d25a,2023-11-30 08:34:00,b3406af8-c4a9-4d2d-9e30-e06f3da01c15,500,40,540
6beea55c-d371-4fc5-8e11-195f5372f462,3bd451ff-c133-4697-ac9d-1dfee63011f5,2023-11-30 13:19:00,b3406af8-c4a9-4d2d-9e30-e06f3da01c15,2000,160,2160
e4149f4b-8c0a-43ff-9cae-e03c11a94f2e,780dac38-0863-491a-b46d-bc3cd528c1e4,2023-11-30 08:05:00,b3406af8-c4a9-4d2d-9e30-e06f3da01c15,600,48,648
43991c69-2a1d-4090-a1f9-ba01ef0aaa6e,4c25cfbb-7971-47e1-be1f-7a5110941d8e,2023-11-30 15:49:00,b3406af8-c4a9-4d2d-9e30-e06f3da01c15,1700,136,1836
98a4ed42-348e-482a-ad44-9d85fb4fffdc,f0ef0634-7b1f-4088-9657-9ad991d04f64,2023-11-30 08:12:00,b3406af8-c4a9-4d2d-9e30-e06f3da01c15,500,40,540
d54dec5d-bd91-42cd-9708-da5672c9d57b,d9345814-fb89-4e3f-9b22-312557035896,2023-11-30 10:54:00,b3406af8-c4a9-4d2d-9e30-e06f3da01c15,400,32,432
ab10fe1c-aa82-4c10-9fac-5b4442954752,b5b8ba14-c913-48ca-8f53-c0634b770bc5,2023-11-30 07:43:00,b3406af8-c4a9-4d2d-9e30-e06f3da01c15,600,48,648
9b32c8ad-8c64-42d5-bc87-d66e5bdcae45,4c1b1465-1124-4da0-a845-304ff87d7b80,2023-11-30 14:25:00,b3406af8-c4a9-4d2d-9e30-e06f3da01c15,400,32,432
255d810c-a0a6-4913-bbd5-8bc8836884b6,7c0b728c-03b2-4074-97b0-820e04f72bc1,2023-11-30 09:57:00,b3406af8-c4a9-4d2d-9e30-e06f3da01c15,700,56,756
7e44ba38-7722-4ff7-8a17-a8bde8788f69,df944cfd-9e28-4a8b-8d3d-71140900f498,2023-11-30 17:35:00,b3406af8-c4a9-4d2d-9e30-e06f3da01c15,400,32,432
7e63aec8-4a8e-4f6a-a50f-875abad952c1,75c09e8f-8645-4c9f-ac93-1699443c14cb,2023-11-30 07:52:00,b3406af8-c4a9-4d2d-9e30-e06f3da01c15,700,56,756
f2182cc0-d769-4e94-8186-da64c32e8ade,dde07e03-7642-4680-83ea-1d2d9c20a749,2023-11-30 11:57:00,b3406af8-c4a9-4d2d-9e30-e06f3da01c15,600,48,648
f8f50a28-0923-4c73-aa28-fe29b9f288db,be28b3ee-678e-4706-8265-7912b58409ca,2023-11-30 14:14:00,b3406af8-c4a9-4d2d-9e30-e06f3da01c15,500,40,540
adb916a0-2ae6-41ae-bb45-9dbc5eb2f514,a42a919b-7c2d-4e5a-b76f-048d8f425f48,2023-11-30 14:47:00,b3406af8-c4a9-4d2d-9e30-e06f3da01c15,1700,136,1836
3cbea25c-4d0e-440a-8488-bd267f662b25,60f6f9d2-5739-45d8-a478-3113ae487937,2023-11-30 09:18:00,b3406af8-c4a9-4d2d-9e30-e06f3da01c15,2600,208,2808
91b0ef5d-0787-4367-ac73-3fe361f0f7fc,bb5ab63c-2b60-4ad2-b1b5-a02988e61b69,2023-11-30 12:26:00,b3406af8-c4a9-4d2d-9e30-e06f3da01c15,500,40,540
bc64b8ce-e73f-4cf2-a83b-5e4d254e452d,d0fb7f3a-f27f-4d4e-ba9b-df1d3fbc30eb,2023-11-30 12:59:00,b3406af8-c4a9-4d2d-9e30-e06f3da01c15,3200,256,3456
89fd73ec-53ee-4bdd-a637-9057f8a486e5,ce0a5720-9060-41a3-87ed-6c94ade8161b,2023-11-30 18:44:00,b3406af8-c4a9-4d2d-9e30-e06f3da01c15,1900,152,2052
7da6ea25-8bc5-463d-8299-7bf6e84de5d5,e64930bf-9aea-452b-9770-6d9ab8e75b98,2023-11-30 15:42:00,b3406af8-c4a9-4d2d-9e30-e06f3da01c15,700,56,756
f449aee2-27dc-4505-b485-b0ae1bbaa0b2,2e523f43-e1d5-4705-9bf0-a303ac8e2325,2023-11-30 15:15:00,b3406af8-c4a9-4d2d-9e30-e06f3da01c15,2700,216,2916
0c288b82-e492-4fd7-a474-8b13b0d56f64,84366d77-ed78-4457-aabb-53ccd06f1776,2023-11-30 16:40:00,b3406af8-c4a9-4d2d-9e30-e06f3da01c15,1600,128,1728
a99eb45e-57c1-4088-870e-1b1d7003cfc5,89beb553-07d8-468a-afb8-475cddc32a77,2023-11-30 08:00:00,b3406af8-c4a9-4d2d-9e30-e06f3da01c15,700,56,756
228229f8-79f3-4035-bca2-9417f06595f4,c506b71a-787f-4a35-87ed-45c7f1b1d01d,2023-11-30 16:55:00,b3406af8-c4a9-4d2d-9e30-e06f3da01c15,1800,144,1944
ce272dd6-920b-4add-9a0e-52e96c634ffb,6f62631e-1d5a-4f8f-8e63-0a0f41dbd8ee,2023-11-30 07:45:00,b3406af8-c4a9-4d2d-9e30-e06f3da01c15,400,32,432
e84081a2-da52-410d-8f91-2a46ea46bc88,16e865e6-eca2-4dba-b362-059d91cbde66,2023-11-30 13:57:00,b3406af8-c4a9-4d2d-9e30-e06f3da01c15,700,56,756
c7a10d19-93cc-4b0e-994e-016830b03cfc,ff5a232b-ee8b-4ca2-96b1-ef1650c72b1a,2023-11-30 08:01:00,b3406af8-c4a9-4d2d-9e30-e06f3da01c15,700,56,756
b56148da-3d30-4225-a49a-f61729928310,5f6dc068-c7a6-4b9f-8f6b-cc0a2c0f5920,2023-11-30 07:22:00,b3406af8-c4a9-4d2d-9e30-e06f3da01c15,500,40,540
6bf79c24-eb89-4104-9d67-752ee2e71355,9af44487-75a5-464e-9686-6f0f667729e7,2023-11-30 18:05:00,b3406af8-c4a9-4d2d-9e30-e06f3da01c15,2100,168,2268
a5c19790-07ae-4c83-a3eb-cdc7213f8ecf,b1c24d63-af0f-4aba-93b3-c59a8e4101bf,2023-11-30 13:21:00,b3406af8-c4a9-4d2d-9e30-e06f3da01c15,400,32,432
4ecd007d-d90e-480a-8483-6ce2f648f8ed,ce1f8a7f-7721-44d4-96d8-7d520acad1f1,2023-11-30 08:23:00,b3406af8-c4a9-4d2d-9e30-e06f3da01c15,700,56,756
667c7afb-c482-4ff1-a233-05d5aeb5cfd3,d4eac3ba-2779-4b21-99f2-198fba33f339,2023-11-30 11:02:00,b3406af8-c4a9-4d2d-9e30-e06f3da01c15,400,32,432
6816c48a-f0ed-4a2d-b51d-d742ca5a9fe3,4b4d226b-43b8-4ab9-b8c9-0ff707cf3862,2023-11-30 16:03:00,b3406af8-c4a9-4d2d-9e30-e06f3da01c15,3500,280,3780
4f28da51-bc80-4dc6-94d3-80c7a37d40f4,fa9e8c55-3724-43ef-bc87-cd18cf46c453,2023-11-30 08:00:00,b3406af8-c4a9-4d2d-9e30-e06f3da01c15,600,48,648
0a7be0b5-d94e-4b15-a662-3ca5d91b835f,063e0a0b-9da6-413a-9759-065854e5f48f,2023-11-30 16:13:00,b3406af8-c4a9-4d2d-9e30-e06f3da01c15,400,32,432
c6b9e7db-cf81-4d16-b87e-9f68f861ee39,81d151e6-2213-44c8-b3f8-3c92ca5f9d6f,2023-11-30 16:43:00,b3406af8-c4a9-4d2d-9e30-e06f3da01c15,600,48,648
7ec8f627-b3b1-454a-ba66-f7bdb93814ca,9914ddf0-df99-410f-bac5-a8a753f033b9,2023-11-30 08:14:00,b3406af8-c4a9-4d2d-9e30-e06f3da01c15,1800,144,1944
6b132c66-ea5b-495f-9175-8c82d02d9a5d,2eef6761-a562-43e0-becd-e1ab245983ab,2023-11-30 19:19:00,b3406af8-c4a9-4d2d-9e30-e06f3da01c15,1900,152,2052
af5ff227-4c10-43ff-bc26-8ddc79202d28,250a707f-0648-4114-aed3-fc271fbdae6e,2023-11-30 08:09:00,b3406af8-c4a9-4d2d-9e30-e06f3da01c15,500,40,540
83212254-e697-487e-9e4b-bd9a48bace21,b17947fc-f4f9-4d4d-82a7-a21c9ef29f08,2023-11-30 11:19:00,b3406af8-c4a9-4d2d-9e30-e06f3da01c15,1200,96,1296
dfd4fe05-545f-4a38-ab7f-107e0cb256a6,0709c8a9-a54b-4f66-94c2-ba1671a61c01,2023-11-30 14:03:00,b3406af8-c4a9-4d2d-9e30-e06f3da01c15,700,56,756
