ID,ORDER_ID,SKU,QUANTITY,PRICE
76d31174-c4c3-4872-ba66-f28407b66f63,93d3bd92-616f-41d3-93ac-0306cfb13dad,BEV-001,9,679.19
9f6f3f30-3a04-41c8-af8c-f792619cd696,eae8bce6-0080-4f85-a9c6-2bc06f8b3dd1,BEV-004,9,125.51
19018193-e72c-4d2b-b7b9-558f7da24a6f,2d606d6f-5455-477d-ae73-900da8f7e2e3,BEV-003,6,975.14
ddc33511-c403-48c7-b29b-ee5497a3adc1,7a2736d7-4c44-4d71-9524-73d1b7b64eda,BEV-002,9,520.01
06c6d880-2b20-4dfe-afcc-caf5157c9bc6,13fd2635-40d2-4282-b1b7-f0dd8625871c,BEV-005,2,561.87
736075f5-7fff-409e-b326-05bd1be1008e,7bbb728f-c6d5-4286-a21e-1d4ccd7eba95,BEV-004,1,496.5
04f9539f-8df1-43be-b1d1-3d3090c5cf5d,cc988e02-8f9e-4cae-a982-43d15ca1cd78,BEV-002,7,751.93
5993b4db-4766-4d31-9c2b-bbb23d3945d3,f68a2cdd-c708-4f8e-9377-31be11b76e77,BEV-001,10,758.48
4b332c25-602d-465a-894e-63377985a11d,605fe1ef-e55f-40e3-a11d-43eff7f4cc4b,BEV-002,3,689.96
43d83273-b368-4b99-82d8-40f46381a311,52a400d9-957c-4a2d-a7a3-ccbc18e5c258,BEV-001,8,442.91
0b3ef2d3-b549-4892-830f-8c562307354e,c44c8c22-4c05-4abb-92b0-81cd31fa6336,BEV-002,5,692.77
95cbed19-fb58-45b2-a486-99f39d0f5161,9bbce244-340c-4ea6-bc37-2d07fcc92407,BEV-001,1,680.71
2b89ff5b-897c-41c1-84b1-74f53e5b78d6,4dc3b5d0-257d-4540-9d0c-096fb2478f5c,BEV-005,1,454.88
3ae0be8f-7c27-4558-90dc-b53b91fbe0eb,5e37ad2a-e695-45ec-a35a-d988abef30c9,BEV-004,4,399.25
83d96283-3479-42dd-bde2-6a77485fd9de,5e37ad2a-e695-45ec-a35a-d988abef30c9,JAF-001,1,681.63
dcdce03c-e031-4fc2-bc5b-a39394dacdf4,20a338f2-fc1e-4de4-ba6b-4e0eeb6541a5,BEV-001,3,622.12
47587ed3-f4a6-4c50-b65c-8f0e8e1e60bd,9f9a4b90-3c3c-486e-a443-1f6f4c68e537,BEV-001,6,311.97
45468959-7db9-4147-9ba1-4736cd8b5700,267ed4ae-e3d3-4197-af1c-78f6a27f19c3,BEV-001,7,271.98
183b0be0-a42f-4c63-8f4d-1dc8e49b9196,b3a15011-2396-44ef-bf4d-dd8a7d85043d,BEV-002,6,425.56
6555a350-7ad4-4d66-bb27-a265cadc5ae2,2cd945a1-aa55-43a2-a937-55108f616149,BEV-001,4,616.56
9dd5fc0f-9f09-4972-be12-47d7fbc1ab3d,dc372b0d-3f73-48ee-a085-1143c6daf21c,BEV-003,3,160.15
0fd9871e-7352-461e-8a9a-1acea154b170,dc372b0d-3f73-48ee-a085-1143c6daf21c,BEV-004,9,955.95
d0593bd7-dfcd-43cf-9f48-3a8b55728d15,b4ec87be-8de3-433a-b0b9-fcada3007ada,BEV-004,9,581.94
317617f2-bd9e-45e3-9afa-612c08b4c01a,28445da5-d993-476e-b940-7945ea07710f,BEV-005,8,204.95
dd56f479-44b7-4713-a716-2d4410a50837,f53c1d3d-1bcd-46ed-a735-61304849d969,BEV-001,9,820.67
caccc845-3e10-445a-8ad9-d19de9a649a8,4ce14ac9-6c47-45bd-919b-9fc3e7cb3832,BEV-001,10,524.26
5d2abfbb-b294-4c16-bbec-ad3c6224e34e,5d11a84e-e246-45bd-a15c-af2d73b1ccf3,BEV-001,4,189.09
339c7ac9-e5f4-438b-910f-cdaff587fadc,f7c40518-b8ef-45c8-9cbb-00e849292c22,BEV-005,9,163.14
d8f455e6-c9a6-4a99-a3ef-17f2988860ae,b2ef0ddb-b325-4daa-bf01-4216d4097ac0,BEV-005,6,149.25
40ce447d-5460-4501-922e-f46478ada757,b2ef0ddb-b325-4daa-bf01-4216d4097ac0,BEV-001,4,493.12
6968a686-2481-4480-a7dd-43bc82cc6cfd,4e112683-ff17-4324-b5f2-a1e7e23eb895,BEV-002,6,575.56
d0d4085c-4b01-412d-ba00-d3354036c130,493a1c4b-b0a9-4dee-a1c0-3db274ff1b70,BEV-001,1,23.1
91dc396f-da1f-4faf-8516-cbaa6350216f,2ec7764a-6d2f-4be1-8a3f-92facc398130,BEV-003,3,112.96
4d2f2fda-ef7b-4941-8686-7fa60dffa342,446d8a22-e3ff-40f6-b90b-08281ed05c1e,BEV-001,9,288.39
55c2e000-b8ba-4aeb-8d45-8df54d649a6f,9373c6a4-3b56-4529-8b1d-39025ecdee11,BEV-005,8,727.57
c50e4b7e-7826-4897-ad76-85ec41dca757,345d6f75-ad4a-4d51-9e7d-76c96b24baf7,BEV-005,9,319.92
656adcc9-b3b4-4196-991f-55eb3be2269b,345d6f75-ad4a-4d51-9e7d-76c96b24baf7,JAF-004,10,981.04
b6bcd93a-f5c4-4982-bc66-cd071a3983f0,36a22cc8-ae68-406c-be3e-e3878b384aa0,BEV-002,9,944.79
4f7e410f-1bc2-4364-bb1c-6379d7c517ef,92b6f1b6-bb73-49ae-9108-bf1308a97631,BEV-003,6,42.81
9f079935-2216-4700-a857-ae86bcc3ba7e,098e7176-3268-4a52-b633-332056342f3b,BEV-002,6,806.67
915a9edf-7e27-40b1-b7c7-ef4b42a6f7d0,5bc29afb-c9e4-433c-bb80-87ed2c92fa5b,BEV-002,10,510.81
42cfb4b8-7124-468b-9aed-4cd0c6c98cb2,45a98345-a991-4576-839c-984cdb9afe27,BEV-003,3,672.97
95c3ffe5-3ca3-464a-a65f-faad02935007,04f2d40f-14c2-4abf-8a49-a41225779182,BEV-003,4,133.43
d509aeae-f012-4de8-918d-2ced31a2c886,8cfe6fb1-6394-49fa-b551-321d889a5c1c,BEV-002,7,998.03
aa84ffc7-f8c0-4f5b-ac92-db61839e6451,8cfe6fb1-6394-49fa-b551-321d889a5c1c,JAF-002,7,92.25
69ea8820-e81c-4c26-80b4-5264326d46be,a6a3f4a5-e880-4e64-b553-640a48f0ce8e,BEV-004,1,510.14
b49197ce-a4aa-4cfd-88ac-adb4fa0f7963,efaacaad-eb24-4719-8f79-5de2ea17c91c,BEV-002,2,433.68
88d42599-9783-4021-b6c1-68bf54f3c600,93962be5-e072-419d-8e79-6fd3b98d2c9f,BEV-004,3,759.85
05396c3f-3fc8-449b-82e9-0982a55a9421,799769a6-b688-4d25-a7ee-f743502e3379,BEV-002,2,830.7
f32cea63-6739-4dac-bdf0-9826bdf05a6c,19d4028b-318b-42a6-af17-c3b5adaf2529,BEV-005,4,470.79
dbc22396-abef-41cf-8d62-adc7560b27cc,19d4028b-318b-42a6-af17-c3b5adaf2529,BEV-002,9,723.24
57c011bb-28b8-4f09-926d-6a6f45648c06,a62cc889-ca98-49f8-a223-47e1ba21ff99,BEV-003,4,908.7
8ed67469-fbf0-40b5-8cdf-851bd55f543b,5a715497-ea0e-4566-b2f8-39c24f5d1b70,BEV-004,5,304.87
27ca4499-8495-486a-8dae-c794ffdf94cd,b2a23330-9c00-4fc9-808c-d8bc4cd6f86b,BEV-005,6,109.53
61605c1a-7233-40ce-8786-82585aeb9d77,54c44d21-e099-49c2-ac39-9000ca8577c2,BEV-004,2,755.36
f0a6511d-7b55-4ded-b336-dd13c75d969f,f63e4ab8-f796-4bc0-92f3-ff3268e23f41,BEV-002,1,923.42
d35dcffb-6c64-4296-bf6e-a3740f30cebf,bbd63f04-86e9-441e-a455-ae60f1579bda,BEV-003,10,658.37
383687e6-1de4-4746-8115-8e7a295d6882,a7e679d7-ebba-4f00-b032-553316dd1a92,BEV-005,6,479.59
8f52b378-eefa-42aa-bef2-cbd90e072407,ca9e1f1c-686d-4c2f-b2e7-de97328c43e2,BEV-003,8,485.71
140a0f5c-8e18-4562-94e5-6b7ce62a4cdb,ba84598d-8593-4836-bd97-76aa33a36926,BEV-002,3,245.83
ee11f332-c12f-45a4-a6ab-f409fe5f94e0,2d3165b5-fdd0-41bf-85ff-1198b218cfb1,BEV-002,5,21.01
e85a543b-aaad-4aaa-9346-a5c745a612e4,f4fde0c9-131f-4c4d-a0f5-1b759d9c7859,BEV-001,1,840.45
6b650b06-7759-4c16-bdea-18da4468cba0,f073d052-2b95-41e1-85ef-a69462234ebe,BEV-003,10,518.55
ce8162fd-ba32-4ba1-8527-7370b7fbe2f9,f073d052-2b95-41e1-85ef-a69462234ebe,BEV-005,6,956.84
21c6d4ea-517a-4ceb-8e0d-55b0332a2d73,f073d052-2b95-41e1-85ef-a69462234ebe,JAF-002,1,294.45
dae5c5b1-168c-47a8-8ee4-c1752624e77e,f073d052-2b95-41e1-85ef-a69462234ebe,JAF-003,8,574.97
d21b1b09-f3bc-4116-9f17-3b27b972b6ed,70210a7a-520c-479c-90ae-08953b56436b,BEV-004,5,873.77
62ab8e30-97eb-4364-8a1c-c00c9bb68704,21a2cf4b-332e-4664-be44-837cc1e7fe90,BEV-004,10,84.05
a052b951-9c28-4511-a4ba-d8f75e3963c7,627e2582-bea2-495d-9a94-8ef2fe8d350f,BEV-004,5,991.82
cc13fb07-7e36-4614-9ab6-4c882ee361ce,9158dc77-ef61-4b52-8b37-42e2ec39081a,BEV-005,3,704.69
63bd8c7b-7dfc-4ca7-a8fb-1faa8d7d1c15,bf9b1174-4cf0-4686-909b-193dcac6bb03,BEV-001,10,119.04
2ed020bc-f747-481c-9ed0-e452d6d6296c,fa237411-daf9-40ca-b36b-c1bbf6f8ad20,BEV-003,8,447.23
47cd1a86-d96d-4291-a13c-e49089808523,c1854c04-a7aa-49aa-a28c-4a11c7552576,BEV-001,7,337.59
f62ee6a9-8145-4836-9c5d-a2c9f4ff2dd0,883575f8-1a64-450f-8501-f73e9e91b67f,BEV-004,7,159.56
d4c4950f-6d0a-47ec-a8f5-b9933ed92f41,fb5eb540-8437-477e-bd71-934fb28d8960,BEV-004,7,136.8
bf994cab-392e-400e-a395-e9407b25af60,fb5eb540-8437-477e-bd71-934fb28d8960,JAF-002,6,397.41
a2f5608e-c35f-4345-9665-6d8b89ab405e,fd77df36-223a-4f4f-a0d9-1681d41c4668,BEV-001,8,251.06
471a2048-0dc4-4f1b-8175-53852ff3fd77,81606761-1fef-4cad-ab20-16519d4b3c59,BEV-004,6,251.94
74fd78e8-18d1-49e9-9dfe-9e7f052e66c6,81606761-1fef-4cad-ab20-16519d4b3c59,JAF-004,1,605.73
6304ecaf-c2b2-4176-bb99-841cfca96fe1,78a367f3-79d0-41ad-ae48-5266527af95d,BEV-005,6,45.43
d9e6bbe0-958c-4369-8149-e54506a97ab7,78a367f3-79d0-41ad-ae48-5266527af95d,JAF-003,2,845.59
f8b8f16c-d183-4103-8e3b-8354bd871d2e,0f38906f-842b-470a-b199-6ba897325b6e,BEV-003,4,242.48
5bf2a638-b3b9-4a27-af67-525028ff8a2d,fa8b812c-3704-4807-80d6-bef1855c1ccc,BEV-004,4,753.14
150906f6-8908-45c9-a9ff-8cac021fcda5,fa8b812c-3704-4807-80d6-bef1855c1ccc,JAF-005,6,870.67
0b5fc996-3321-489b-9aed-f5ed514a44ff,5d19aa7d-fc30-47f4-ad12-7dc386005741,BEV-005,10,491.9
f61f3781-e437-4e83-873a-94206aeb443c,5d19aa7d-fc30-47f4-ad12-7dc386005741,JAF-003,4,363.62
c6ccdbe5-18a8-42be-aa55-e5ddf80eb879,21e8b9f6-8abe-43db-8607-e258989c0252,JAF-004,5,611.23
608bb34b-0846-466f-b0c1-c3d28f39ccc7,21e8b9f6-8abe-43db-8607-e258989c0252,JAF-003,3,14.24
a5f587bd-c5b2-4aec-8662-a03e94afe010,d6430cbe-44da-4da5-9964-b795f1bb2890,BEV-001,3,531.64
67f6f4a3-506e-44f5-ab0b-e09cbe226d62,d6430cbe-44da-4da5-9964-b795f1bb2890,BEV-002,3,703.55
9e25f48b-d63f-4e64-888b-a4e38be921f0,da7f69d1-17f3-49c8-b819-b327fa1701ac,BEV-003,9,715.1
888a8a34-2fcf-4eff-be4e-dc7f0aa35a00,447fe835-16e1-4fef-ab86-e5c99450f397,BEV-003,2,94.6
59975611-6ea3-4296-8600-de2526fc48d3,8b8f3546-7951-4f31-95cc-f906458a1b88,BEV-001,3,561.79
584fff72-cd8e-46a7-8d3e-c99fe6fc5754,8b8f3546-7951-4f31-95cc-f906458a1b88,BEV-005,6,473.41
6226aee3-52c9-44b0-a930-82e4ed1becc9,2ea6933d-1b66-453e-bea1-62135160cb7c,BEV-003,8,833.03
59a31077-5fca-415f-a7c9-15c860a3da43,cf8942ed-3de8-4543-b569-e6d8ee2f40a8,BEV-003,3,52.41
6091ab93-2127-458f-9eac-a940900f9d9e,1f14f588-1070-4fc3-80e6-35f346638369,BEV-003,10,889.05
a8f61164-a4e4-452e-9555-9208d7d3de96,dfc6ae8d-dd64-4fcf-9de3-51d69a397e5f,BEV-003,3,961.86
7c8dbcb2-58ec-4abd-8344-56d62568db9f,e2d4238e-ca70-4c4c-8a4d-28b5eeed2530,BEV-004,3,444.4
c153ce03-7b00-4d2a-b572-3f116e22ed7d,f0b4451c-0eaf-44c6-a313-cda1b5ebbdd0,BEV-001,9,816.6
5cf3cf8e-5c99-47de-a07e-4f439f2fec11,f0b4451c-0eaf-44c6-a313-cda1b5ebbdd0,BEV-004,6,183.73
bfd92aef-2c52-4e5d-aa59-ce923a0b7182,79ab612a-6d32-4850-b087-ef032999fbc8,BEV-004,5,67.62
4d5b1513-778d-47a1-bdba-f16a8e1110b0,600d4cbc-eaba-47e6-b78b-4d17ee5653f9,BEV-005,4,610.49
b066e2f4-024b-4fe6-92f1-a7cbd94e3c2b,8c313c59-ade5-4038-8880-ad02cbf19890,BEV-003,7,248.64
39695494-4320-4f55-b969-6fdf4384dde5,8c313c59-ade5-4038-8880-ad02cbf19890,BEV-004,3,945.16
6664e749-1d50-4dc7-90cb-1e92a1d22506,8c313c59-ade5-4038-8880-ad02cbf19890,JAF-005,9,65.88
ac724363-f510-4f39-b38a-0f973ebc959d,71f87e98-3c98-43da-bcf1-4314d2b8bc9e,BEV-004,7,23.5
c6e9759c-9950-4a71-b334-cff43be9e30c,333235ec-585c-4be7-8864-262340ff90f7,BEV-001,1,407.69
6ddbfa36-c05a-467c-b20e-144bd4330090,6e9048a3-106b-4d04-8e56-4c63449dd029,BEV-003,7,482.37
bea56a3f-d851-454f-9736-aa0eb617bc7c,7e578afd-5241-4bd1-83e9-f710fc410a94,BEV-003,6,126.07
1289107d-8372-4a48-b09c-3d3cc7471b49,3e7be7bb-f66a-4666-a6da-bedf094dbfaf,BEV-001,7,173.65
9e8ec713-1230-45e7-9306-5a299fdfdd4b,a98801c4-31b3-4de9-8ed9-f8aa6a998e18,BEV-001,5,245.53
1399e895-6801-470e-bbd0-38f8c7bc6af8,a98801c4-31b3-4de9-8ed9-f8aa6a998e18,BEV-005,5,838.52
d410f6c9-c6ed-4298-8c6e-c636614501cc,198014d9-58a8-4e7a-ae22-c4ea322879a2,BEV-004,8,507.96
4e78d300-6a0b-437c-b10e-b3532da04d83,cda9de19-f22d-48f4-8992-98a26979e8f0,BEV-003,6,220.6
94d27f73-ec34-49bf-8754-cf50bf332395,a5008c69-e29b-44b6-b8d4-7e3a2c487cf0,BEV-002,8,793.58
b5d82ea6-ce92-4c1a-8595-c69d3020610c,1cf31eb2-794e-4892-b0d4-55542946ec4c,BEV-005,4,576.7
55cd1410-5a26-4afd-9bc0-e4a3ebcedac7,c23e13aa-1e0c-45dc-8401-a7476021162c,BEV-001,8,101.27
4814798f-f0d9-4b10-a4f6-94226403c3f1,c23e13aa-1e0c-45dc-8401-a7476021162c,JAF-003,4,506.66
fe138dd1-2fe6-4ffb-83c8-4f8191c7f94f,aee41e10-2aaf-4298-aa76-adc235839d92,BEV-004,4,406.09
9baa16c7-c942-4994-b0a6-7cafd1498ac4,9f3701af-5657-4d13-8e33-3aa61f816f53,BEV-001,9,230.63
041472bf-1ac9-44c0-8d67-d666771fb02e,9f3701af-5657-4d13-8e33-3aa61f816f53,BEV-005,10,632.69
5ef40ed3-82b2-4dc6-bb51-ec3e10dcfd84,9f3701af-5657-4d13-8e33-3aa61f816f53,JAF-005,9,847.96
bf81898e-aba0-47e0-a2dc-671f00f68041,3822ed36-b301-4048-ae45-13e2b09014b5,BEV-001,5,363.72
6823bc75-1460-41da-bd56-15f638db73f0,c8dfb720-4cd4-4aad-9a56-0b7b7b369839,BEV-004,9,437.4
17180d19-3c18-43a8-9ee6-923b10a46089,c8dfb720-4cd4-4aad-9a56-0b7b7b369839,JAF-001,6,751.87
7579bae9-0165-47f2-a27a-b6bf1c699f39,380e5494-4327-45d0-8ef7-cc702ce871fe,BEV-002,6,821.09
db3cebaf-aae5-45ca-9920-f2a8d39c0a3f,816ac2d4-807e-4e92-90db-caa659332b07,BEV-005,7,920.29
8a980c99-2c29-4fa9-bb7b-94eaa9bac281,0ad3aefe-7c75-4589-9009-0e58cf468c2e,BEV-002,1,616.15
6878b8d5-8f31-4e13-8c8c-a452b18b96dd,3270d72a-faf0-477d-8eb7-f6c8357cdd32,BEV-003,4,234.65
facdcd92-22f1-4198-bd46-10d2b572056d,455b0979-889e-4d35-8f8d-57e459a93ae7,BEV-002,7,891.41
6e30b58e-47d9-405c-ac77-d5b163a9b07f,455b0979-889e-4d35-8f8d-57e459a93ae7,BEV-003,2,750.95
d465115b-7b64-429a-ada7-daa4c76ff495,455b0979-889e-4d35-8f8d-57e459a93ae7,BEV-003,6,362.57
b5b18ef5-3193-4f96-931f-d6a5fcff72af,030f26a0-b7c5-45f9-8461-188c0df7be30,BEV-001,5,40.3
3c72ccb1-c6eb-492a-a91b-dfb6ca5425e0,c4459469-147c-457d-9333-ffe18f816636,BEV-005,1,209.17
9f4e305c-0356-47a5-b0ad-5cbd6eb2700b,0cf384a7-acc5-4516-9099-c32fcd9eafe0,BEV-002,4,767.19
d19c7c67-b459-43f7-ac69-3200321d96c8,0cf384a7-acc5-4516-9099-c32fcd9eafe0,JAF-003,7,336.88
2f280e2a-436c-43af-ad16-a981130d02d1,efd07813-0c32-4466-a320-17ff678bf13d,BEV-001,7,446.65
e192bba8-9382-4105-aef5-69dd2c20d05c,148dfd16-5030-4162-9604-5bd8cedf3aef,BEV-003,4,398.92
5daf4e14-a251-4efd-b7c4-48b2d57aa5fb,148dfd16-5030-4162-9604-5bd8cedf3aef,JAF-004,4,714.83
9213a1c6-c91b-4579-bd77-ff5e67755f64,b206fc84-426d-4a48-af3f-6f509ab98dd0,BEV-005,10,129.27
db8ed6e4-bd77-4c71-89a2-82112d7fac12,b206fc84-426d-4a48-af3f-6f509ab98dd0,BEV-002,6,602.08
76819ac5-13fa-4a85-b746-7b1750ce7ef9,b206fc84-426d-4a48-af3f-6f509ab98dd0,JAF-001,8,81.77
293c3078-3f2c-443d-8df9-603b9d2dc6f1,680187b3-2c42-4715-b14d-de1744933427,BEV-002,3,383.44
216ea4b4-1315-4fe5-b93a-f5edeba599aa,680187b3-2c42-4715-b14d-de1744933427,JAF-002,8,710.5
efdf903b-29e5-41e1-8923-433d9bd60cbf,7b60f156-25e2-499e-b712-75c35e1106ed,BEV-003,7,490.79
66eb3fcc-0ace-4b38-9fd2-458e6f0116ab,449e0a72-9cbd-4081-a529-2161291ba3d2,BEV-004,3,513.59
0a75b4a3-9368-4fb2-8d2d-4688f7a7bdf5,94974132-a49a-45bf-9607-b98d169debee,BEV-005,10,762.84
58e5cbd6-97df-462c-bc44-34a30ce82e4e,8976edc2-28cb-4262-8658-f2896a992be1,BEV-001,2,249.05
882e18ae-accd-40fa-a3a0-214cff1da6b0,8736732c-c091-4dfa-8ece-1ffd7d2d91ed,BEV-001,9,734.23
ae316357-25a6-4e9b-b796-722032987e8b,97c8f22a-1286-4d4c-99f6-6df68db4f380,BEV-001,9,448.63
f8866877-a97b-4104-b110-79cef3d42f08,c716462f-e017-4fec-8d01-757ac3ec8bee,BEV-003,6,53.18
4dc33efd-ddba-4749-bed3-b550d5aeda17,c716462f-e017-4fec-8d01-757ac3ec8bee,JAF-004,3,490.69
62399108-f7a8-448b-8b62-8b2127ba3a2d,eeb72d10-7c3c-4d07-bdd9-1d640281aff8,BEV-005,1,491.45
405bb096-0c55-46fb-8677-8db44eca71e9,bdb12dc6-0bdf-462d-ae1f-0b31c740bab6,BEV-003,2,21.79
79f11ed0-b6f4-4151-9710-52fca2ba7ae9,47b6cac1-eab3-46ba-af58-2674d885d433,BEV-005,8,754.09
f4673198-d436-46b4-96cf-ac97aee8e12a,8ce2d6cc-41b4-4401-ba68-1231434642bc,BEV-001,6,396.58
b8e25c6d-d0e2-4656-9eeb-73e1a6f7bb48,f03e82a3-5f99-436d-9821-58c1387ec1ba,BEV-004,3,865.97
ee8f40e1-09f9-4707-987e-63c881e6aec5,afdadbdb-d449-409b-840d-19cdb71489dc,BEV-003,7,655.04
f0b4ff2e-b282-4b82-8ee3-6de9519462a4,afdadbdb-d449-409b-840d-19cdb71489dc,BEV-004,3,713.65
efc69e88-30b5-4e8d-a73c-8fc4ebc9385f,f577cde0-e8d4-43c5-a2ca-f61e71198d5d,BEV-005,1,737.95
65f37a36-2a8b-48c0-9db0-132729155d78,8f8fb2c2-ca08-40a8-b0cd-0a7d4f582d18,JAF-004,7,929.02
dd533264-af91-47b9-9d9d-6a0e384eb0ee,8f8fb2c2-ca08-40a8-b0cd-0a7d4f582d18,JAF-003,5,76.58
ae156241-155c-4efc-a9b3-a5a46b12e4e3,8f8fb2c2-ca08-40a8-b0cd-0a7d4f582d18,JAF-003,5,462.05
05c2ce22-0c00-4648-b2f1-cdd75fdca4f3,85aa88d5-c7fb-4854-9893-cec8300ab2d8,BEV-004,2,980.42
361d6013-d455-4187-87ab-45f2bfe69cc3,85aa88d5-c7fb-4854-9893-cec8300ab2d8,JAF-005,6,546.47
ee17d755-d9e9-46e1-a2a7-1ff10c80175f,aef8670d-479a-4125-af35-20b6ff487697,BEV-003,9,999.72
0e6c4ad3-fd12-4bb2-9c87-643eb271ca6f,a684e5b3-2318-4ca1-98f9-0c9bc0d61345,BEV-001,8,616.8
f9f6f72b-e8b6-4193-8b06-4eafd9e2110c,9edd265e-a43e-4d99-afb1-849235ef8b41,BEV-004,7,562.95
95a72e79-e452-4789-9a52-0d872632a8d8,9edd265e-a43e-4d99-afb1-849235ef8b41,BEV-002,7,411.16
9e01c0a7-3fb8-4214-8709-011d443e54ee,9edd265e-a43e-4d99-afb1-849235ef8b41,BEV-002,10,19.12
1fafedf0-36c5-4c2a-a75d-856320df4a69,9edd265e-a43e-4d99-afb1-849235ef8b41,JAF-005,4,704.24
470fe0a3-133b-4c27-8302-ebc6465b8eb5,9edd265e-a43e-4d99-afb1-849235ef8b41,JAF-005,9,110.8
ccb14210-e4df-449e-b589-37b8ac2e2615,2a54bddd-6477-43dc-a1c1-c695fc9a84f0,BEV-002,8,762.13
e44b9af5-dcba-4e25-afce-2e56e7612b4e,dfa0ad6e-539c-4898-92cd-acfb0366238e,BEV-003,7,302.94
178d4fda-1f3f-4f86-b49e-698b2ffdb34f,89fd1f6c-fd0b-46d3-92c0-ecd79620a3d2,BEV-004,1,576.02
f1a3766f-b50f-48f4-a207-3a05f6ffeae2,89fd1f6c-fd0b-46d3-92c0-ecd79620a3d2,BEV-001,5,186.48
78401fcc-d99e-42ad-970f-a02f4dc1c718,c7618923-d7b9-4169-9453-a5ce86ffcd13,BEV-001,6,786.97
20945c46-a72d-40af-b6a7-d337fef071a9,31661364-87e7-431d-83b9-4f544c6f4bac,BEV-002,7,739.7
a4af3761-02b2-4fd3-a099-9fd8870f7291,4f3ca1c9-8f75-4b1a-aeff-0012c6d9d110,BEV-001,3,308.63
e8c06de0-5a5b-44bd-9858-407f904a9db0,4297e024-4d82-4569-9516-da4df8150209,BEV-004,10,797.15
c7a0c388-fad1-4490-bc6e-0376da7e0e15,b0e0e43e-1f6e-4a18-8b71-9b7c8087106d,BEV-001,5,867.81
7806fdca-df63-4880-8d1a-1ceb76ae9f2a,4faf3c62-71e1-4515-904d-59aadcd8dc1b,BEV-002,10,485.91
08f43c9a-f4df-44bd-b530-2a3d1c2a6d4f,83a5c805-a3fb-4069-b05b-dd15d14304b9,BEV-005,4,837.2
4efd70ee-dacd-40b8-a801-4ac42aec3cb8,7bac677f-b6cb-441d-b4de-377e439e0800,BEV-005,10,770.67
9263d0ac-b994-4a09-b370-259f89f4fec8,fb8a80c5-fa41-4fae-9e3d-dbe94856ae39,BEV-005,3,113.44
1501afa6-606a-4cf5-97cb-a12a31def6f8,fb8a80c5-fa41-4fae-9e3d-dbe94856ae39,JAF-005,9,715.85
bcbde3a9-3b92-4ffb-8707-5dca0f5cd631,25a8e1fa-9961-4bb3-b039-0eb58059ce2b,BEV-002,6,288.17
10b2809f-e235-4f86-80e2-e6334200ee71,9d1088e6-2bd9-44b0-82dc-d44a08ab58c8,BEV-002,5,778.35
6d665440-57af-4b7a-b48c-d5798181a6bc,9d1088e6-2bd9-44b0-82dc-d44a08ab58c8,BEV-004,1,679.3
a2711e35-b4a7-4781-ac85-f373324b418e,624dd185-ad17-4855-b548-827b2c518160,BEV-005,9,561.07
decb9a63-0ce3-40f7-8162-721da954ff33,48b66cda-74aa-45c8-ad79-61c086aa737c,BEV-001,7,896.69
b6cdd9dc-f5b2-413c-940e-ca3e17b7ec8f,e7101988-27f2-415d-812e-8ce368ce946a,BEV-002,6,134.19
0b3bc51b-84f6-438c-99d3-8910c01659da,50ae456b-a130-425a-83e9-8222b7c87a88,BEV-004,7,542.26
abb09c4f-b121-414d-b257-9f5a9978e335,302c8115-5ff9-4088-809f-94ba40d8e11e,BEV-004,3,116.33
7765cc20-3240-4ee0-864b-19a87d71698f,6bc0c9fe-4179-411d-a326-56638bea3c3f,BEV-004,1,76.91
7e78f1c3-0b97-4ac7-99fd-794f344b896c,2cc62baa-02f6-4ebd-af9c-c56ffe37423b,BEV-001,3,991.45
fd9937a2-b208-48a7-a2bd-d0ac3469b340,2cc62baa-02f6-4ebd-af9c-c56ffe37423b,JAF-005,1,83.35
37a8da46-9ae4-4070-a72b-c571c6748ef4,a4f4bda8-e126-4695-855e-92d9e81af154,BEV-001,6,429.02
4e97d168-e710-4e67-96ec-66fb31d10edf,f1c9f47e-94d3-416c-bd1c-be8871dbed45,BEV-001,9,529.06
c6e81b5a-a759-47d3-898e-8f7d39d0cd2b,7d608a87-c19e-469e-bf5d-9b8560a09f02,BEV-002,5,937.33
332c1196-d986-4e6a-bfb7-d574d4593dae,1f7d2a02-59ed-402b-8c5e-34473956b731,BEV-005,5,864.28
66e49061-2977-4d6b-a0af-2120658306c1,bcadfff9-a914-46db-83d5-03fbc83a077f,BEV-001,6,59.85
91417c71-0a34-4afa-8076-345fbebf5951,0e50ccb9-0859-4c88-a0e5-f06b63d76e2a,BEV-003,10,990.95
6d828804-9919-4c50-b600-3f7ae0055136,b3eb21c1-d53d-42bd-8aef-0a1710de2802,BEV-002,7,455.62
cf80aed7-e997-438b-b1f1-b7465a795cea,74fe29d9-caf3-417c-8b81-213c541cf9a5,BEV-002,8,159.37
dc1100a5-cf8d-4d85-9abe-7339cd3f3b71,9b74c8cc-fc49-44f5-9d1c-3248531fe535,BEV-002,2,701.6
c3a4ed35-6bff-4dcf-80e3-d45b98d15670,70a19a4d-b2a2-4905-880b-9bbf5736a4ee,BEV-001,8,947.15
e36a22e4-67a3-476d-855f-149d3ed3022e,b47ef9bb-ec0d-48ba-aac8-e229eedd10ea,BEV-005,3,867.49
6dd2e4d8-fd2f-41fd-87ac-c372de5dcb9b,e031df55-9fdb-45aa-bddd-32a1ced30068,BEV-004,2,21.33
e0017c85-8047-41b5-aaab-6fd7491cdb58,4b6df7bc-6408-464e-8b2d-70e2dcf5367c,BEV-003,10,350.72
29391850-a11c-4ea5-88c2-dafb7cd2a199,170bbec3-8221-4d42-8a72-61757f568dec,BEV-004,4,708.03
c7775989-d134-45ea-af84-40436888c687,10a700c0-ab5c-42ca-af5d-5e73e44eb525,BEV-002,10,772.01
1045b7b0-ee82-42d4-8faa-a015fbc40542,8a6e3b77-f785-4bbb-b482-6b5c1f180341,BEV-002,8,114.92
1da4f542-68b1-4367-a858-899f18a4dd82,5b97f556-4168-453c-b3d3-c102706110cd,BEV-002,4,195.9
80c1ceff-fd11-4090-bff6-c641a89a678a,4b56cb03-d314-4176-a6f0-5404283e564b,BEV-002,8,110.87
6dc77b1c-237e-48fd-8009-741f3baba762,905a13e6-b226-4a71-b95a-d959cae412bc,BEV-002,10,916.69
9a7c7dfa-9ca9-4533-8f10-910b54eae170,7933ed2f-0e0c-4a96-a354-bdd5e70efa73,BEV-003,9,885.19
78ef5abf-e4dc-4955-9ea6-2f2dc7b57412,4ec299fd-3530-49cb-a600-61012e9abfe7,BEV-004,4,841.18
8d99bb2f-8d71-48d1-80b8-d916c16f2ac7,f62d009c-5576-470a-a21a-95cd205e6c37,BEV-005,5,571.14
ba9144a5-6c5e-41a2-b112-522a0d964c99,7ce4cbf7-c290-4eb6-9412-c4fd03d04b9d,BEV-002,8,520.94
94cb635b-4f33-49fa-84bc-2295f475fdf9,fc2d8c02-5113-40f4-913f-ee00b8c35d21,BEV-004,1,474.86
a10cdd76-900c-4584-84b3-c05e7b5a7f32,ef729204-4138-4c1e-8007-ab6fd73cd608,BEV-003,3,757.4
66cb5148-57be-4f62-93d1-bc0a76e4ebab,4eca004e-4ee4-4b45-8807-670163908412,BEV-001,7,530.74
919bb8cf-cdf1-4133-878e-ee9cc52d533b,06d620c3-159d-4236-b381-3c75ac133d04,BEV-003,6,926.06
8cb86930-35c0-4a9e-90e1-4edb6105e577,44b499fb-837e-4868-ae17-2a9639503e09,BEV-002,9,695.24
55d1bbac-0b49-45fd-83ea-3caec0e78982,44b499fb-837e-4868-ae17-2a9639503e09,JAF-002,9,276.87
3ffe47e9-cd74-42df-93b4-b44d5d885d24,3f964138-3297-4561-81cf-45ce3294b59a,BEV-001,9,709.76
ba61796b-0f93-4eb4-812f-bd3e79c94a82,aa949f5d-4087-43c4-be49-b8b5ed3b336c,BEV-002,1,526.98
2e52a203-cd09-4f56-af03-f39f473dab72,2a9ec53f-55f0-4b2e-b900-7d6a1974a893,BEV-001,5,614.31
aafbd1f7-090b-4dba-bbab-30750ca218ca,2a9ec53f-55f0-4b2e-b900-7d6a1974a893,BEV-003,6,386.53
276f0fd2-28f3-49c3-b7a5-32fe8e896966,ab57ca2d-ecb3-4e92-93b8-85968daa6d5c,BEV-003,8,516.96
f8891a69-1cd3-4153-bf41-f756890b7242,ab57ca2d-ecb3-4e92-93b8-85968daa6d5c,JAF-001,1,746.05
245388e5-fd46-442f-af54-e7d2b347fa19,19d8baa0-ce67-4ecd-899c-b004c42e8c12,BEV-005,5,59.79
25327cbe-91d3-418e-bc85-621fa8832328,19d8baa0-ce67-4ecd-899c-b004c42e8c12,BEV-004,9,199.14
3b46c447-f4c1-42b5-8f4b-5fc61415b660,592e31c4-f399-4b3b-9284-b5a2ace30eb0,BEV-003,4,475.4
d036accb-e695-42db-bee0-bc02a3e812f2,879008d8-bfb6-42da-abf6-3b2b214669d1,BEV-003,1,687.0
18dc07ff-2ca5-4e0c-b11c-18658a2321ff,879008d8-bfb6-42da-abf6-3b2b214669d1,JAF-001,4,55.81
8550b461-94b5-4748-b2e9-dd09df194681,4ea45ad8-67f9-4c5a-aa53-9fd345e33182,BEV-002,1,196.29
f838d4b0-f056-4191-a191-3bd16223ec8c,b3aa7337-995a-48d5-9992-e7b727242037,BEV-004,4,406.03
36049640-8e78-4784-b9a8-49b50a713f32,e382bb37-29a4-4dee-a46b-85a203b814d1,BEV-005,9,862.47
7530205f-9c74-4695-913e-b6c8a7bd5dc4,4ed223b3-352c-40d0-b132-74c508e15df2,BEV-002,8,233.77
ab6c995f-cc41-4a20-9f10-d85117cbaa2f,9b7f87ac-a34f-4c1d-bbac-c8a903030119,BEV-002,4,383.78
924812a7-42ad-4252-acf2-2d237d4e3e8b,9b7f87ac-a34f-4c1d-bbac-c8a903030119,JAF-001,5,161.05
008d4176-b2e9-4943-9b29-ccee390b0afb,3cae4674-7659-4571-8744-dd86db1d53cd,BEV-001,7,831.35
73862b16-e553-4ac7-9575-7576fdf8b217,c9c1f4b9-aef6-47ef-a1c4-96a93c1a7135,BEV-004,8,653.86
bb8b3e0b-e859-4833-9bcd-756b5e937996,c9c1f4b9-aef6-47ef-a1c4-96a93c1a7135,JAF-001,2,757.63
8a03a1d3-fb09-419d-83ce-e05fe32d76ae,b8c0e156-5cb7-466b-a817-f689727afb01,BEV-003,3,555.79
9ff9e851-ce56-42cd-99f0-ef97ede127c6,37635d02-f6f0-4028-85f1-c240d7da46bc,BEV-001,3,415.87
cf644deb-b7ec-4a40-b7da-e3cf46c028a9,e376b7cf-468f-4c7d-8df4-61198b476f20,BEV-001,2,505.84
ba39d4df-4795-4fdc-88a5-62fc17d8df1e,842e59bf-dcac-4152-9e17-72fad34e8257,BEV-002,4,898.12
f8de238a-e896-4d67-b480-340d3b0e77ad,216038e8-714f-4133-b298-8b8827ef4665,BEV-002,2,561.49
238b3753-7ba4-4ae3-b32b-5db89a478851,d61525fa-4237-41f2-9fa2-af6fc485cbf1,BEV-004,2,26.46
9b7f277f-55b7-471a-8abd-b10f0ebdcd63,b62f1a5e-893c-42a0-9716-75c36019bf1f,JAF-001,1,126.46
2098df59-0bb7-4fe9-8df0-ae2ff993c54e,b62f1a5e-893c-42a0-9716-75c36019bf1f,JAF-003,3,800.16
a455ceae-8f63-4efd-9486-53d132af7d3b,2ca1ae9a-5f87-48c9-a56a-7e9cfc5a7a96,BEV-004,1,766.25
b8ed70aa-c0d9-455f-8a94-3a6b20b3f547,d8c13966-c12c-478a-a741-79866e64133d,BEV-005,6,652.34
ad6f4426-f945-446c-b931-ff58bd57a5b5,4e8c8878-14a5-4ed7-b361-6e02b265713f,BEV-002,6,787.81
718c278b-94ab-4eae-b38b-3ca9e3fc9270,4e8c8878-14a5-4ed7-b361-6e02b265713f,BEV-002,4,359.94
abd6f3fa-bd6d-4768-9d99-601434230c76,2b90e0e2-3dd5-498c-8015-fc1ca91d052f,BEV-004,10,495.97
c83558eb-6c0f-4b55-96c5-652e4e6bd32a,d1d965e6-a5f1-4b57-8983-7ad76bcb20d4,BEV-002,1,395.32
4964087d-b42c-460a-a708-b75120743e91,461ec040-52f2-434d-81fe-008b4aca1172,BEV-001,1,24.01
ba943256-2172-49a6-955a-539d1c5b3ae6,461ec040-52f2-434d-81fe-008b4aca1172,BEV-002,5,121.25
bcf4819d-6009-48a9-b916-9aa9f4a7b8d3,69d79996-4c93-411f-b1f6-79e2af42e3d3,BEV-003,1,642.97
cd41c06c-5f2c-4cb7-aed6-7b1d1e1d107b,594d8e97-78f5-4c4b-b33c-f25e1be430e1,BEV-002,6,885.81
2ba4d95d-d374-45e9-823e-87b69780a8fc,7d247167-64a0-45dc-af94-c2333e64e8b4,BEV-001,5,209.62
e53f15e3-08f5-43d7-9cbc-c9fa360b5409,50967764-9c77-4925-9891-0dfea67a2024,BEV-005,2,395.53
010635c7-1c57-4918-83f5-0e56adffce6d,638b9eff-f9e8-4d17-adf0-1ff31397906a,BEV-002,8,810.37
3f6d62e4-2cd2-4be4-ac74-3b435eca250a,69660db8-bb9a-4162-b44d-d6b7f49d4695,JAF-004,8,428.84
ee219dad-b5a1-48ac-acf2-d1270a2369ba,69660db8-bb9a-4162-b44d-d6b7f49d4695,JAF-004,6,375.74
97366f8e-f58e-441e-b66a-043f893e0ce5,5fd7786d-48dd-41f2-b85e-f904827ccbbd,BEV-003,5,847.41
6ce01a77-707b-4b29-b610-cd196af55c43,9e8782a3-fee8-42da-b301-6bd81978f734,BEV-004,4,26.95
56cc92cb-50c2-4ac7-a1dd-24cce7218f85,62c3087c-98fb-4b54-a6ab-e2fce523fcfe,BEV-005,5,246.72
6aa2b17a-8b6d-4e6a-b59f-9766a6183db2,62c3087c-98fb-4b54-a6ab-e2fce523fcfe,JAF-001,2,893.54
d8760660-d7aa-40e4-be24-ac06d0db33c8,4b2fc78c-3921-4856-8a59-105a74465426,BEV-001,3,470.46
3e4edaa6-ba8e-4a0c-87c4-491dfc3c716f,4b2fc78c-3921-4856-8a59-105a74465426,JAF-002,4,123.07
80409860-19d5-477b-a66c-af2246fc5385,5bf3c84e-cf03-428c-99ee-b2d492b02aae,BEV-004,9,259.46
85d8978e-9ce0-4c9c-9aba-7ceb0f8318be,5bf3c84e-cf03-428c-99ee-b2d492b02aae,BEV-001,7,723.18
ccb3dbd7-64b9-49be-ae2c-055d6b1e2901,9bf39e21-319f-4ae8-9f44-d5b838689330,BEV-004,2,977.29
c1489bf5-fa56-4f61-9419-bc96906ee513,9bf39e21-319f-4ae8-9f44-d5b838689330,BEV-003,6,876.71
dc19edf2-e4a4-4250-bf2b-bb660b647172,9bf39e21-319f-4ae8-9f44-d5b838689330,JAF-005,6,901.3
ecf2e2c6-c4f0-4939-ba06-7581cef86f54,3bc1e9d3-201e-4965-b23d-9ff72bf2dbf3,BEV-002,6,933.56
33356246-5b53-4a44-a7f1-11bf842a1922,15ff2e09-b364-4de3-b1dc-bf0737c4f57b,BEV-001,2,257.65
842f944e-7f36-40e5-b203-b2039f46389a,7c6c6819-7109-4995-bd6f-dbc305783a35,BEV-004,4,799.89
5493468a-5f85-4fb4-b7eb-7db0f894fe1d,7c6c6819-7109-4995-bd6f-dbc305783a35,BEV-001,8,217.54
d5aad490-40f8-49d7-84dc-bd5d2e342ce2,9aef65f8-38d2-4baa-894d-e058aaaebf43,BEV-001,10,604.29
65e3d53e-08cc-4d63-8503-4dae84e7077c,63ccca76-a32b-42f6-9b1f-6afeaf992f23,BEV-005,7,128.78
86ca3f74-9557-441d-b2bc-1576a8c6bdc2,11249194-0eed-467d-939e-3d1d873e7cf9,BEV-002,3,89.35
bbe862b5-e593-4ae2-89c9-e8063bf11eaf,8a139a0f-2828-4c4f-abf4-aa80fb2f010e,BEV-005,4,896.38
8d81e80c-13d0-4bdd-b044-41609a35b442,9d7ace8c-5d8c-4fc8-baa1-7f0ec3e14db4,BEV-003,3,145.36
0b0ea2bb-7ab0-454e-b91f-fc86646dc756,43f52c60-4e4a-488d-9bbd-0167f10dcf05,BEV-001,2,116.8
99e23e71-abbd-4050-88af-ba366c5583d9,205638f8-5e66-44d5-bd98-0c1f0a376aa7,BEV-003,7,341.87
e1c58e49-ca5e-4417-82c0-4ebf2752a34a,e4b42f86-b84c-4f72-87a9-c9878ec78114,BEV-005,5,281.71
ee831ff7-35ff-436b-8179-b9301e3b97d3,e4b42f86-b84c-4f72-87a9-c9878ec78114,BEV-003,7,921.61
7055180a-1edf-4cc7-b237-ec421aeee7ab,3557c0d7-9126-42a3-8f28-778bcdfc80cf,BEV-005,9,477.01
7f1ae824-656f-4802-8fa9-b6021544530f,3557c0d7-9126-42a3-8f28-778bcdfc80cf,BEV-002,9,470.96
fcbecc08-8539-4d16-b6d2-736787c6c286,3557c0d7-9126-42a3-8f28-778bcdfc80cf,JAF-005,1,997.16
7ada2c47-9753-4d86-bb28-9e1913ee8075,82896837-088b-425f-b53b-4fa8efd741b3,BEV-001,3,466.76
6af0df69-62e7-4118-933f-980a2d23f59f,080f2682-ae1a-42b5-89da-3b562ad0e005,BEV-001,2,827.89
2a751e4b-f37b-4b35-899a-d3193ef19fda,5127d218-fc90-4a74-9f2a-39e52a0ca891,BEV-001,1,946.58
9b58a5e2-b39d-4ba2-a477-875b0cc07de5,5127d218-fc90-4a74-9f2a-39e52a0ca891,JAF-004,10,546.78
260acea9-c339-49b0-98c9-a3dd03b454ab,17441eaa-14d8-4f88-a520-17d38a2267f7,BEV-003,2,252.62
c66ade57-353e-4bba-8e39-62eed17c67d9,8d08f634-6db5-4cb2-bc3a-022040c6abfd,BEV-003,4,774.62
1e473e5c-6bdc-47f9-b5d4-d3f145ffb2e2,43a687ab-3b81-42c8-9726-9228152f8eee,BEV-004,2,311.64
1a94c7b5-cd77-44aa-8175-ec6520634d1c,69dbdba5-f571-4460-aab2-d5ff1534de31,BEV-004,7,648.54
93d0e541-3f50-4770-bfa1-354c753fb36a,5b155902-3985-4f4f-a8b9-f33f2044c0cc,BEV-001,9,607.77
59a23c5e-4736-41ba-898c-4f1d0cb1baff,8feea372-50f9-4093-9914-e8d26614c1ab,BEV-001,5,838.06
b2a62d5e-167f-4d3a-8d1b-8ad6f3b48dd1,907b77bd-1a5c-4969-80d9-5e2fee13809c,JAF-005,8,833.38
9f1691c6-cf99-4866-9748-13d9b8910e4d,f16c9361-2160-4e58-a970-5e471fd5cc4d,BEV-001,8,956.27
c9f84488-1879-4b53-b07c-242832f303ef,f16c9361-2160-4e58-a970-5e471fd5cc4d,JAF-003,1,576.91
9084edd0-a5f2-4fd0-8d70-83bc8885f767,86939df7-f3af-4f91-89eb-6f2a0e20b8a9,BEV-002,4,476.38
a6f38fdb-25b9-48c8-a5e8-3ec67900fd7d,c2087271-3dc7-48c3-aca7-7dda5d154eeb,BEV-005,2,985.03
256f2512-a992-4517-9547-d667bba38a89,c2087271-3dc7-48c3-aca7-7dda5d154eeb,BEV-003,7,272.31
0fd3a423-8f22-467e-82e3-4949c25451d9,c2087271-3dc7-48c3-aca7-7dda5d154eeb,JAF-005,8,188.65
3f56985d-76de-4ad6-9ee1-d4e1add0b239,cc336f5e-fd9d-4478-901d-eda10d44398a,BEV-004,6,760.0
976d6fe9-bf50-415a-9d70-64b47dfff791,398b95ab-4e73-4f74-a6ab-e6a218a7f218,BEV-005,3,603.01
0b4bee02-74f2-433d-ac06-5b1b376a9f5f,90a63812-e202-4591-9415-d039abd6586a,BEV-003,2,959.83
c0dda0f8-99aa-4f28-970c-0ec9c8fdf093,90a63812-e202-4591-9415-d039abd6586a,JAF-003,8,260.63
2e09d8b8-6edd-4416-bbdf-7fed1426bd26,2cb9fa0a-08f6-47ed-aa6d-dc82dc2a1c27,JAF-002,10,892.98
0364a129-8eaa-4da6-837a-63a7f403bfe6,2cb9fa0a-08f6-47ed-aa6d-dc82dc2a1c27,JAF-005,10,901.22
30e8b71d-2f3a-4d9b-a9f9-074538a592ab,2cb9fa0a-08f6-47ed-aa6d-dc82dc2a1c27,JAF-004,3,663.72
7acf802c-4da9-4420-a3f5-4acbc385d04f,2ebc0b56-5419-47d4-964e-b4aeeae9a1be,BEV-004,8,181.09
925e1f6d-6dca-4abc-9b87-f3f9dbbe4dfd,0b370f9f-0b71-4657-9aaf-73270ee6d860,BEV-001,2,673.27
fe2e382b-f0f1-43b6-8548-0a0b85a1fb75,466225e5-2876-4d3e-ad6e-f65c1e32f59b,BEV-003,1,140.4
e6622a9a-ff3d-4b8a-90ae-9ac51a60bfea,466225e5-2876-4d3e-ad6e-f65c1e32f59b,JAF-005,10,939.03
b7895335-a19e-4ede-ad84-6c6d8d41c1c0,56eafb62-44e0-440d-8616-b895f807e6d3,BEV-005,4,969.48
5eb4ea0c-3df5-4232-85a8-48d973c30e5f,46b5190a-f634-4ea0-aca3-767ab26a1358,BEV-005,7,711.69
6096412d-6cd3-482f-86e5-57683d2eb30a,702a2761-2283-4eaa-8c0a-c63b5968052b,BEV-004,4,312.48
72d63dc5-15db-4753-8432-237790a3a2e1,702a2761-2283-4eaa-8c0a-c63b5968052b,BEV-001,6,888.22
8e7e39a2-a782-4270-8a7e-187732955614,702a2761-2283-4eaa-8c0a-c63b5968052b,JAF-005,1,591.42
27c4d682-b4a3-46ae-9f1a-52759e58924d,052a444d-9d81-46ea-a8de-09665db79c2b,BEV-001,5,553.41
998deaf9-95b9-44d0-a75c-c46f6e7eb498,d9a98d35-bb0a-4fe3-9c38-e2e2057166d5,BEV-004,2,557.85
6263e5e0-239d-4169-8d24-c89b9752f85a,899d54c9-bb78-45c6-86e2-c4459e3d082b,BEV-002,8,226.07
8a67673a-543f-4657-9c1b-9d3128d0fd42,359ecd5f-bf1c-4b46-8060-ab5b6560dc27,BEV-001,10,554.39
45ba7451-2b92-405a-a4ff-b5b07249280c,c438027e-4493-4dec-951b-d93ef029ce2d,BEV-001,4,223.43
ae853cb3-8f59-4917-bcbd-1687c6729035,d027e436-ee81-46d1-b2bb-7138c7c50093,BEV-001,7,721.43
0f3ee958-2a35-4c7b-bbaf-950ff4476acc,1fbd8371-823d-4b02-b7c5-2e3c3e93daed,BEV-001,1,385.7
4ca4cedd-0f37-4fdd-804a-3c48d24d4230,ffff1f09-066d-43c7-9a9c-b269725cffb0,BEV-005,3,593.09
06f11c39-82ef-475c-b908-5fab710e9421,b35a3c92-8e1f-4b55-8673-4c810228d50b,BEV-003,3,976.5
37ea8155-c871-4a0a-8939-43e6468e6230,9d0b3d44-d1e5-438d-aa31-b291d0461d28,BEV-003,7,419.18
0bd5ed72-bc83-4fcd-a6cd-a7ef477f4764,5c58d905-ec15-4159-a3cf-399d1b12a2a2,JAF-003,6,587.48
808c201f-97ed-4e88-93d2-449f6c8b68d2,b5654d20-cd06-48b3-9e6b-fa63bd7d8140,BEV-001,4,22.94
e02694cc-412c-44e3-b28d-9451811f7f41,394cd384-f19e-4807-b740-e4b2da69ecb8,BEV-001,3,138.72
9d06e09f-83d7-4a8f-9bf4-8c9f299a43ef,b4f34666-0185-4346-924e-d5e56d963d58,BEV-001,10,429.27
a7e86590-7167-4276-8eaf-77958bad2b7f,fbae3edd-5d01-4a38-872f-7bd5382192af,BEV-002,6,212.5
64e7bbac-eae9-4cfc-958e-1fd25d0a10df,81e00b31-ad4e-466d-9901-5de883355a04,BEV-002,2,174.03
f3feead6-59d7-4572-b402-994a988beb52,a715ff0b-f570-43c3-959d-11a2b2049f29,BEV-003,3,668.0
99c432f3-6be0-4ed3-a706-c61595517cc2,4c247185-96a6-478c-a826-972cb1430f2e,BEV-004,9,55.96
de808fed-0332-470e-90eb-085c9173aa37,7318f474-84ab-4b2c-88a7-cef4b7fdf322,JAF-001,8,578.78
3e7800d0-b844-4931-9c7e-f1938ee4a1b5,7f865c06-cbae-4550-a371-55b9a8ac342e,BEV-004,9,565.47
aff8e587-f71b-4650-a672-7dae34832948,7f865c06-cbae-4550-a371-55b9a8ac342e,JAF-001,10,310.53
cb363549-d139-4656-bf62-4cd41532a0a7,56b1a740-6570-4460-b824-f51f285d1e7f,BEV-001,2,49.51
2a130c88-aa2d-41e7-8cb9-a46fd115f4eb,56b1a740-6570-4460-b824-f51f285d1e7f,JAF-002,1,677.07
1d2e2deb-16d9-4ad9-80e4-68b913345074,1354a75a-cebd-49f3-a27c-236417226d4a,BEV-004,7,712.7
a27fd19e-7bbc-40b4-addc-aac4139abdd0,1902f636-a46f-42f6-b64b-23f34cf0b531,BEV-005,6,228.61
d1e8654e-dff8-4aaa-8182-6d425a036690,abe2eb96-5ae4-4f1c-b915-6de1adf5f4bd,BEV-005,2,195.21
9a257bde-5f56-46a1-bf88-1b5381728318,80d2cbe4-1f70-4546-be0e-b3ad441bc313,BEV-003,8,269.72
df2a46c5-ec87-41f2-8f8c-cdad22a656e1,3e2a40f9-a70d-481b-8c17-c971b72ce5a1,BEV-002,7,62.85
4f79a2ba-e58a-451b-8ecd-1d18f6f65934,ed7badf7-9afe-4cdb-8613-93f25ed3c051,BEV-003,9,833.63
1e9cfcf9-2b6a-4608-93f5-67710375ac91,cada1254-2e3a-4760-9a44-71825a79ccca,BEV-005,6,651.57
75fa0be0-d818-4415-aae6-40656cc3d8c4,6ea37981-1a2a-4480-948a-584e896e50f0,BEV-005,1,477.71
32562044-f080-42fc-a63e-e4ebaf362967,7b9fba04-35af-426d-8a7b-85b2e9d784a1,BEV-001,1,795.0
bf39eec7-128d-4b9b-a412-822299ea4608,08199b60-3ed0-4ae4-b94f-b4c46b344bd7,BEV-005,10,145.81
8e3acfbe-b66a-46db-8f8d-23c8eb69c60e,44e01d7d-a72e-43da-b3db-06713fda63f7,BEV-005,8,352.47
36e63eef-2e07-4240-871e-8dbc698c4748,c54a2db1-f5fb-4cc5-a995-175dfc5c7963,BEV-004,4,878.82
e3b81134-fdab-4652-a62a-599c3c9c02e6,6413111e-e007-4dfa-a3da-13f4b5dc701c,BEV-005,9,951.38
2d4d0858-9d60-49e7-a67f-2e4bd1658df5,b9886ab0-cbb2-4cf3-86d2-885aa3877821,BEV-004,7,322.41
d287cc48-6b25-44f6-a936-101f1c7a5354,54290d76-53c4-48c8-85bf-9d51a9944b93,BEV-001,5,156.81
dd906835-b69e-423e-88ab-53bf3bd465c5,54290d76-53c4-48c8-85bf-9d51a9944b93,BEV-002,5,746.19
4ba6352b-3240-4185-bd2c-eac7542be2cd,54290d76-53c4-48c8-85bf-9d51a9944b93,BEV-001,10,914.2
a1a9dd38-ce3e-4fa7-b6f9-c402aec5476d,54290d76-53c4-48c8-85bf-9d51a9944b93,JAF-001,6,201.31
b81446e9-d0c8-4510-b55c-adcecfca48d2,92839851-3a23-4c97-8b95-52f937c220f7,BEV-005,1,675.19
6b5317cc-5c79-4c84-afe4-12f18a3aa4f8,92839851-3a23-4c97-8b95-52f937c220f7,BEV-003,5,203.69
afc33154-14a7-450b-bf01-8c958f2fc9ba,2e0275fc-1e2a-42aa-b06a-e664e27630ad,BEV-005,9,636.86
40fe1be2-f81e-40fd-9d7f-774b687f11ac,3d8ef17c-8b64-46e6-8c90-8878e2cb6303,BEV-001,1,95.08
7e4fd726-a656-4cb4-b0f7-c631a0ba54ef,87b653d6-def6-4003-b673-ca2fe0f2b748,BEV-001,10,728.84
88eab564-9a04-476c-9c57-11293cc3f503,f053b527-082f-49fd-bdf0-73d9e346d46d,BEV-005,6,695.39
18689b65-9d79-4bbc-9e31-8334f66e4a55,3290c8e5-817d-4b69-b81e-5cf347c2124c,BEV-004,8,184.08
20250bfb-eedf-42e3-bf43-4798c107f14d,1948b7c2-dd64-4dca-804c-ecdf3c9117c3,BEV-003,1,790.8
f38b6675-bd83-4806-ae2e-89f647f3ef5a,c0a5dd1c-78b7-4f69-bc5b-a0587fd2bde9,BEV-004,3,179.83
f3166824-8373-4877-b038-1d7e94d67c97,c0a5dd1c-78b7-4f69-bc5b-a0587fd2bde9,JAF-005,5,323.47
0c11b3de-e66f-402e-86ed-25f7ceaf23f6,41102329-68c0-44e7-8563-3ba78fba956c,BEV-005,8,520.88
6c5e736a-1b32-4fc1-a3c9-5190124a1852,41102329-68c0-44e7-8563-3ba78fba956c,BEV-003,3,638.05
360f43ba-24d7-4feb-91d6-01447753faa5,5dab80fd-24a0-4ed7-b7fc-468d640f853b,BEV-002,2,503.23
58567c22-df6e-4304-a169-552aac70de52,f1a6fecc-a72a-4ece-8fa2-ca6858794316,BEV-005,4,358.96
fa15c58b-a22d-4f5e-b15e-45839936e508,045114e9-d586-49a0-8fd0-9fbd6f73d897,BEV-005,5,631.69
21bb7718-459e-4063-bcec-ddb09df1b5e6,045114e9-d586-49a0-8fd0-9fbd6f73d897,JAF-002,8,387.56
4d67dfe4-c419-4d8a-bcfb-74c78211b77f,045114e9-d586-49a0-8fd0-9fbd6f73d897,JAF-003,6,997.16
d3476e0c-5f57-4c0f-a60e-80d03983d5dd,bdeb8b35-bb5a-4b01-88e9-2b828d25f504,BEV-002,3,110.63
9f13424f-9602-400c-8b31-cb0b341d6705,bdeb8b35-bb5a-4b01-88e9-2b828d25f504,BEV-001,5,736.23
eb0671a3-c224-4243-9891-82cbe63a4cfa,b658831f-b1c2-4282-afb5-fd2310dd6370,BEV-004,10,520.9
d2f83153-73f4-463d-b961-3ab3d2073cba,b658831f-b1c2-4282-afb5-fd2310dd6370,JAF-001,9,323.66
8d139975-324a-4021-8f33-e6867ab85a47,2a2e6698-d849-4fad-b692-ff056d7cd5d1,BEV-001,8,780.84
97351e7e-7bb9-4c10-a97d-72481342afc0,2a2e6698-d849-4fad-b692-ff056d7cd5d1,BEV-001,2,321.02
e1c30a2a-db07-4e6f-857a-6c95d7869751,bbbc96ef-b569-4aeb-af1f-4b0914f7de80,BEV-002,9,165.72
ab0ad983-7771-4f46-ae53-7c3dce45d694,bbbc96ef-b569-4aeb-af1f-4b0914f7de80,BEV-005,2,369.93
eeb2fc25-1218-4708-ab4c-5c2a27bdba23,bbbc96ef-b569-4aeb-af1f-4b0914f7de80,JAF-001,1,954.3
41dfb939-3985-44a2-9033-a892f4faae63,f4b04b2a-bd05-4282-b74b-b9000d10f3a0,BEV-002,7,927.63
e57be227-4cd3-445a-8867-ed7e5e529221,ca234dfb-eda3-4a61-a360-8afc84c6ec0d,BEV-001,1,340.72
001aa4c2-b14c-418f-8ac9-088cacb644fc,d05c353a-a042-4e9c-8eb9-cb35014e7147,BEV-002,8,815.96
9bb7d75f-28ea-4ed9-9857-8d50b3007135,ed85b76b-c7d6-46af-adcd-bf912bb65243,BEV-004,1,487.97
9b211864-ee5e-483f-9522-094ba93eeb33,ed85b76b-c7d6-46af-adcd-bf912bb65243,JAF-002,8,834.17
4dc3d4c3-ef98-4efa-a5b0-6599a03033ad,d6eaee7d-dd0d-4a1c-9275-e02132742946,BEV-003,8,600.82
041ab41b-44fe-423f-8046-82824a341482,d6eaee7d-dd0d-4a1c-9275-e02132742946,BEV-005,8,28.86
46c657fb-4971-47d2-ad38-1af0552cc5d5,896eb6d7-a7f3-4b2d-a4a7-643fa4a0c1fe,BEV-005,6,546.75
976b2aef-004c-4f41-9089-2fdafa894745,7980231f-f4e7-4ebe-9f39-7dc1362fd172,BEV-004,4,845.3
8b575de4-dac0-4de4-b8da-5a12cb969a2a,7980231f-f4e7-4ebe-9f39-7dc1362fd172,BEV-003,10,58.63
61bd7d59-2258-4854-83ff-f761f1936415,7980231f-f4e7-4ebe-9f39-7dc1362fd172,JAF-005,10,88.32
c20cc628-1220-47c9-b65b-ba124c21999c,6fe4a5db-281e-4abd-a137-cd57d26c3686,BEV-004,8,863.07
22b93e92-0dde-43ba-a6aa-8d28bcde0788,71451797-15c3-403b-8e02-a4a7e228d444,BEV-003,5,277.29
77857d09-6eec-4d2d-a4c8-fce32b65b5b4,95915f31-36d9-4acb-92d4-cd9610d23ad9,BEV-003,10,978.94
717cc4a7-2179-48c8-a365-fe50dc9cf4ff,652823aa-acb8-4067-9c84-4d43bcc58b46,BEV-005,7,803.83
875fec7c-8938-438d-94f0-637dafee57a4,361dbd6d-bef7-42ad-ac8a-c5a8a83d47c0,BEV-001,1,800.28
179d6006-02b4-4277-a9f3-22d7e89e3230,d36fc9af-4a8b-4f60-b0b9-cebddc74aca1,BEV-004,7,27.79
824b205b-e23f-4889-8693-78da6b5dcfb1,d36fc9af-4a8b-4f60-b0b9-cebddc74aca1,BEV-002,9,448.58
2cd3c021-20ef-4897-83a6-d5ec6e9c3127,d36fc9af-4a8b-4f60-b0b9-cebddc74aca1,JAF-004,4,293.93
a89791e8-6a71-4441-81a8-43a2e6f008af,d36fc9af-4a8b-4f60-b0b9-cebddc74aca1,JAF-004,4,737.07
1ca9353c-49c9-4e4b-a1b6-1130511cc22f,4707d152-664e-459e-b542-938208fb4555,BEV-002,9,627.1
947b2f82-ba08-4563-8f5f-37b3e703c958,d1f2749c-3493-4ffa-ac8b-95d9912303e9,BEV-001,7,26.43
9674cd5f-c198-42dd-a846-b1e1f879e1ef,8a4ee337-c5ea-4e8e-9105-6b4906b27a91,BEV-002,10,20.64
3ca7c793-dd84-4399-b2d6-e064effe4751,cb12cc56-d1d6-470b-a21f-a8aaee24f570,BEV-001,7,363.78
e48d32bb-38a9-4f25-a9d6-ccaba3368104,c33255e9-b371-4462-94ca-e6bd0d93b0f3,BEV-003,7,94.28
d3e4f8b5-4487-4913-a469-d66ca2eeedd8,c33255e9-b371-4462-94ca-e6bd0d93b0f3,BEV-005,2,590.06
499eddfe-c06f-48ba-a6da-8a6162446254,9f466456-6b1a-455b-b316-0d8b23a90715,BEV-003,4,585.76
4f12f095-33c5-46c2-9964-52b5796a4e2f,a6744e0c-8fe8-484c-9b0f-d37bc7e5ea44,BEV-003,3,67.06
96bf8da8-d242-4d55-ad49-469343f83c25,f3a25da6-b24f-4059-8e47-70ed633cd220,BEV-004,10,289.69
52d9fc89-a82f-48ca-86e6-6ad70cd0699d,71fcd0b5-0393-42c2-bb0a-01003f0bb7cb,BEV-004,10,932.14
2a8b4553-0ad5-4960-b89c-5fe704657597,47dc7499-a771-4b09-994a-f866a8524482,BEV-001,2,248.43
b2fee42d-0c9f-472e-99bf-8f0aba8259c4,390f69cf-ecfd-464b-b699-19b786aab325,BEV-001,8,153.3
d2277d3a-a97c-47b7-85e2-5b295839665c,0728e4f3-48f8-4565-a61d-024d090b541b,BEV-004,4,829.82
c1c7e9b7-9bde-45f3-917f-6899b7c0bc25,250ddd81-d606-4123-87db-9c4ba3cbecc8,BEV-005,7,443.0
35577361-3b9c-4112-a475-32a0398ccfce,250ddd81-d606-4123-87db-9c4ba3cbecc8,JAF-001,3,217.88
09a9c664-3f03-46d1-96c1-2844043af03b,250ddd81-d606-4123-87db-9c4ba3cbecc8,JAF-004,8,901.52
a15921f1-71df-475f-a8fc-f9c2b7e4f6cd,250ddd81-d606-4123-87db-9c4ba3cbecc8,JAF-001,10,98.51
de972aea-a467-4fee-a849-73350c16b8c7,3f5d1a59-d80d-4f77-ac99-ad321f02522a,BEV-004,9,275.8
3a5cd5d3-3c36-48fd-a024-da7486db5aad,6e3b23e5-cc9a-4600-9447-bfcd2cda0b33,BEV-005,4,913.39
ab1846f8-6fb9-43e0-8b74-bf506acedf9e,38de265b-d56b-4556-a258-2c9e7e85da90,BEV-002,2,416.23
a7fdcf74-bf66-42f6-8a2d-cc5569d4068f,78ff3042-b89a-4a23-b0b1-a5cde0d477ac,BEV-003,3,848.08
7f8b5c0c-a8fb-477c-bdef-b93c4bd452b3,209fe8ff-309c-422b-b2d1-1a20a47f0e0c,BEV-005,4,289.74
d3b7cc04-cef7-4bee-89fd-9ffeeb2a6202,d99a0d7f-ca42-4f7a-81cc-a1a033c4e497,BEV-001,9,144.86
515eccd7-0217-454b-874f-eb5396db997c,6a3e178c-812c-4242-a0a3-cdbb907556d6,BEV-003,4,448.82
73fe87ee-21b4-4d6f-84e4-c178ac3007f4,31776f10-147b-4d02-a65b-2fcf043f0d5b,BEV-001,9,429.37
701a81d6-17b3-4dfd-b9e2-c7d694b0f990,70524232-fa0b-4fe1-b131-f7620a0b3a13,BEV-002,8,541.18
030701b2-e751-429e-946b-1ee4263ea15c,e810c1a5-df84-4208-815c-2ce5bd77b9e9,BEV-005,5,734.95
defcec22-b359-497a-bdbd-140f9817f0bd,c4b486d8-3a24-47f9-b029-be38dcca5be1,BEV-002,9,771.18
d4ab1b8c-72a9-4bb0-a58b-0fe8e6ca0974,c4b486d8-3a24-47f9-b029-be38dcca5be1,JAF-001,8,506.86
575c98f1-73bd-4c83-9cbb-06d102ccc52e,665dd404-83fe-4ba4-9404-39a3a3ec8551,BEV-002,2,96.18
ecb791af-3273-4097-a0f5-a2b745cdc2f4,665dd404-83fe-4ba4-9404-39a3a3ec8551,JAF-002,5,104.31
1357d472-b201-4866-8363-bef3b51b27b4,665dd404-83fe-4ba4-9404-39a3a3ec8551,JAF-004,3,986.24
b6ed7880-dcbc-437a-a72e-4016d2a906b1,665dd404-83fe-4ba4-9404-39a3a3ec8551,JAF-004,9,444.87
28df75c7-edb2-4c1e-917a-9f6b3f81c085,5196041c-3065-44d1-8e3d-eb256e0c0a6a,BEV-001,5,285.65
3b805d72-b22c-4a47-a365-8169160fde12,a238ff5c-b2ba-4977-b37c-70239cffa2ae,BEV-002,9,384.31
9772ef1a-9ad5-47ad-b226-724bd596c541,b0674132-6fe2-44da-96ef-3c88fb2fc41e,BEV-004,4,35.77
a8121940-0dce-45fb-b31c-7e48607958c3,b0674132-6fe2-44da-96ef-3c88fb2fc41e,JAF-002,7,85.41
1bd53abd-1320-4058-9bd4-6fad2ba41ace,4dd6e4c2-55f0-4096-9a34-45b244dd365f,BEV-001,5,553.04
b8ae4af7-a9f8-4d53-bd27-e623834d1945,a29a2fbc-6b12-4240-bc44-af80a674dad4,BEV-003,1,99.85
314bb346-f763-490e-854f-2d15fb099088,a29a2fbc-6b12-4240-bc44-af80a674dad4,JAF-001,2,598.4
4766145b-07cd-4d33-9ae0-ba85b07b7bfa,2e86bcfa-3ede-4a32-a462-e8617e116b8c,BEV-001,3,459.08
0e83ff2c-b722-42e8-a759-acbf2a0a36a2,9b72d0a9-6cdc-46be-b775-4d7d65c67437,BEV-005,4,355.99
bc8cdfc8-4518-4b32-afd8-accc4d668203,944d723d-ed56-429d-a01c-c7801753931c,BEV-004,2,237.13
01a2085f-91d7-4463-bc56-81a54bb90cd5,952fc631-c13c-4cc2-81b0-214b4b27c856,BEV-003,2,589.81
ae850070-91ad-43bc-9d50-b6d489f7af64,8c5415b5-e988-46aa-a512-0e44af714b41,BEV-002,9,771.86
afc26388-9fe2-425b-afd9-a36bb9a8c487,b168414a-4f07-4a86-a419-264de53364ee,BEV-001,8,499.53
8686b5f6-3e45-466f-b5a1-7f5560e86c05,a12c0989-1d20-439c-b06c-7bc205f4e37d,BEV-005,7,300.58
cd51f68c-317a-401c-8270-d032ab04186f,a12c0989-1d20-439c-b06c-7bc205f4e37d,BEV-002,10,971.57
8ad29c19-b60b-4caa-89af-75693afb43ce,74aa40db-1ae2-401d-89f9-54dc47b673ae,BEV-001,10,859.36
da3a3cd7-df56-476b-9b4f-733ce1db69c4,0dacc218-8106-4d60-aaaf-74e2c0a4a654,BEV-004,7,624.53
decb0406-c4ba-4b61-96c9-495bbb569b63,f00b3e9a-e0a4-4f5e-8c24-ad1ce39ad3b0,BEV-003,7,465.81
e4138a3d-9769-4760-bd9c-6eedaaab0730,08a3844e-2850-45e1-b97a-32234a5cdc0a,BEV-004,5,152.97
e0c9df63-c08a-4664-8a0a-72f23f60f1c7,7ffe977c-43a3-4c75-b6ef-677db32f91e5,BEV-004,6,725.26
b582d0da-ca86-43cd-9300-fbc6ae26c4c8,a5877903-3a3e-494e-a2e7-267ab002b8ff,BEV-002,2,14.97
3225ed88-ac9e-4fd7-95c6-543e9b953b53,af023d5c-2a71-4ce4-bfab-8374bb5cf4e3,BEV-004,4,569.77
a19a475e-9766-46cb-be78-44da0b414e9e,945cb467-bd54-49d0-af2e-6d50b8b46e25,BEV-005,9,325.55
3a3aba18-4fd4-43f8-8e86-a7dacca3a43d,6f26319b-bf9b-47ef-bc06-c13f1bffe41c,BEV-005,2,57.27
e54330ef-3913-4f03-aa03-6fc56c1bd887,6f26319b-bf9b-47ef-bc06-c13f1bffe41c,JAF-002,5,222.89
2095183d-2e6e-47e4-a712-fd8bd1d16799,1d169e48-f5af-49f7-9150-42b468aa9f20,BEV-004,10,950.33
22b419ae-e8c7-4c49-a148-c469707ddfd4,cb4f450b-e014-4f47-bb8a-d436da58c18c,BEV-003,10,86.03
d19aafe6-35ef-4474-baa8-0405d8df9fd7,cb4f450b-e014-4f47-bb8a-d436da58c18c,JAF-003,7,354.34
d4933bff-3248-480b-aa4b-78a648dfc29e,e8380ab6-6ad8-4392-b3ca-9f37e152ad66,BEV-003,4,578.31
f0989475-fed9-4b38-ab34-23a01238405d,302eb65f-1893-4473-aed6-18ee02d228ca,BEV-005,6,944.17
4285e6b2-29bd-49ed-be26-e6e2d94e1eb4,302eb65f-1893-4473-aed6-18ee02d228ca,JAF-001,7,345.01
b4c7ea87-2ae9-4d2e-a02c-fe411995455f,d3b09c9f-9903-49cd-bab3-ef553142e6d0,BEV-003,1,302.29
235f79b3-ac44-4562-8ba6-8359b44e80a9,14034d75-c70e-4002-bd20-25ba504ead26,BEV-004,3,589.27
498692e4-60a6-4936-89e4-9d877b24d5d0,3e8b23e5-23ad-4026-bbce-87479cacf65e,BEV-005,6,14.82
746680d9-d873-4ce6-8774-06488758315d,578b2850-6745-4368-9c65-eb2e1d892b82,BEV-005,9,663.37
0d861124-3e40-47b0-9432-774338f5e128,b7cb5280-d54f-4a6b-92fb-b71e3643efc0,BEV-004,9,311.92
ef53eff1-fadc-4385-b335-aaf2fd8a86a5,de1f35ae-1a4e-4031-b81b-4eaf45e3b8e1,BEV-002,9,630.92
4ae233e5-3f50-4ddf-9048-728d7af29e52,930a6e34-2141-4b83-aa4e-91b8b42a243b,BEV-002,2,832.12
bd73196f-b820-4215-9b44-eb06e6358468,930a6e34-2141-4b83-aa4e-91b8b42a243b,JAF-005,6,632.39
e764dbb6-9a9f-44c9-aa0e-a080f3032b27,a1fa1e4f-b29f-4ab1-b73d-2c2326f1e593,BEV-005,4,944.8
4df73915-5570-41e8-8d54-e39cdf0fe985,a1fa1e4f-b29f-4ab1-b73d-2c2326f1e593,BEV-004,6,939.58
c31437a1-675f-4507-91af-efed8ea13bd6,3b2706fb-ba75-433d-8ba6-e562c8f59c45,BEV-002,10,391.14
f8477a01-06dc-4259-af11-ddd87515a341,3b2706fb-ba75-433d-8ba6-e562c8f59c45,BEV-003,3,591.8
9bf41e80-bc57-4f42-8ad1-09608f172399,2a576092-0815-405d-affe-cdc59eceacd4,BEV-005,1,500.51
7a4a9dc4-cce9-4b1c-b36b-619d9c67d984,5f5f08af-649d-413d-9412-decdc81258cb,BEV-004,7,921.81
af9e5622-96c1-4acb-8b53-2ef6297a7ff3,65cc73da-039a-4472-a897-466042372380,BEV-004,8,748.8
55e3b136-104b-403e-be06-35df725677ac,ed079a21-581b-40a4-a07f-893efd885ad4,BEV-004,8,869.67
a248b9f4-c060-4b0b-8a67-d22e90727366,d4072ca0-656b-44c2-9157-ac7d9f52dd3b,BEV-005,7,431.93
54e3a4c5-9eee-4bca-a33d-0ab9654127ea,8267865d-b59c-40f6-9420-49bab08842e4,BEV-001,8,426.9
0ba25820-7b4f-4acb-b4b0-0475992c366f,c1bb4e8e-7185-452f-87e2-31f833ef8f82,BEV-002,5,85.68
a689ebc9-8933-4e00-bfa3-13a2f928b0a0,1207cdb5-94b2-49bb-86dc-e425cbb3867c,BEV-002,10,982.89
e2220364-15da-4727-8644-ac07b898b79b,b686f3ac-319c-443b-a49a-53e894f6df5f,BEV-005,8,388.63
46e6b7b5-a7d0-4026-a3d7-ce9fe9c9cb60,1180b73b-1c44-4c92-8655-e6e76d8b7db5,BEV-001,5,365.54
44328627-1bb9-4388-bfde-ef0cb7b38516,1180b73b-1c44-4c92-8655-e6e76d8b7db5,JAF-001,8,376.67
335d487a-bbac-4660-8044-d24349a81b69,1180b73b-1c44-4c92-8655-e6e76d8b7db5,JAF-001,1,348.34
fbdbb720-3dcd-4ea3-a319-8a4696e85f84,f00ef001-c876-415e-ac8f-f017d26026a3,BEV-001,4,838.53
75ceae99-7f32-42a8-a7c3-5408ed228d8d,88cbd950-d777-47c0-8811-a3237187b994,BEV-001,1,532.16
9e966d05-cbe8-4cff-a513-fca4a38373ef,ccd08c16-4c8a-49d9-b6cb-ee87062a4507,BEV-004,5,189.56
274923da-7cff-4e35-b267-3eaaa98a22de,ccd08c16-4c8a-49d9-b6cb-ee87062a4507,JAF-002,3,666.19
11da6ef2-d65f-4da4-a2d8-bbfd58f516d3,f470b81d-6139-4fda-98cd-0ca2982da900,BEV-001,2,308.14
05c4425a-4f7a-4a4f-8e6f-7160a349a69c,18160587-cfd6-41bb-baf1-f475f27feb1c,BEV-005,8,677.6
113bc48c-eb2f-4a82-b16d-49859004fc41,22ac7f4a-e3e8-401c-bcfb-37529fc0cc13,BEV-003,1,782.99
7947cbf9-f1ad-46ed-a88d-dc2190d11d04,22ac7f4a-e3e8-401c-bcfb-37529fc0cc13,BEV-003,4,894.9
4a9afbd1-f6ba-4e64-b8a8-05e79f45508b,22ac7f4a-e3e8-401c-bcfb-37529fc0cc13,BEV-002,8,856.88
4aad2cba-45a6-4c49-94bb-90440029f51d,22ac7f4a-e3e8-401c-bcfb-37529fc0cc13,JAF-005,8,995.85
a6c95d5d-377f-4a0c-89bf-7b26d3b8e3d2,22ac7f4a-e3e8-401c-bcfb-37529fc0cc13,JAF-005,10,851.71
9a3ab1db-c690-4441-b296-ac1500af24c3,d3f5b23b-9654-43af-947f-a3fefb46eb47,BEV-001,1,571.38
eb7061d4-94f7-4b61-a445-55f95bfbb75c,d3f5b23b-9654-43af-947f-a3fefb46eb47,BEV-003,1,682.98
46dad4b5-14c9-4fcd-b1ee-168765756678,d3f5b23b-9654-43af-947f-a3fefb46eb47,JAF-002,1,878.74
c4814a9e-205e-4be5-9498-3da29b2bc773,0167deb9-ce17-45bd-86a0-beb5b9f66da5,BEV-003,4,527.36
11647302-79a3-4438-b808-3fcdccf6bb08,3fafa572-f56d-4506-ad4b-3ed2021e2cee,BEV-002,8,586.85
b8d291ed-07a9-48ae-bbd1-2a0cdaf51972,5082e538-e96c-4cea-8560-0d5d467a19ec,BEV-005,5,443.3
6404cca9-38e5-4d36-a036-7898519506f3,049736dc-9c55-4eee-89f5-5143974728f6,BEV-003,5,562.65
c9749d18-e9ea-4136-b2dd-f8f666bbe068,cb0201b5-65b1-49b6-a1cd-b7d9d03057f7,BEV-002,10,327.63
b0ee7448-bbce-4481-b4d1-0f2c159d18d4,cb0201b5-65b1-49b6-a1cd-b7d9d03057f7,JAF-003,5,649.74
3659535e-3c7d-4f99-9e2f-fecc1c431695,89b5d75b-c763-41c1-b0d9-aa946cc50835,BEV-002,10,207.28
586b8a12-c742-4fd3-b4e7-5c2724a26257,715be0da-ef44-4bb8-9a86-02b73a09a65d,BEV-004,10,823.09
32d77446-1813-464e-8d70-bde6e4ce39b3,0312850d-e326-4ecc-a842-700653aaadb8,BEV-004,3,679.55
cd683a44-0cd9-452b-ac44-efec3b0e9963,9847e899-4a65-47d5-b417-d888247316f8,BEV-004,2,850.05
db1f0676-c711-4e75-b3be-790f8025f091,13a1b3c2-fcdb-4d78-a822-c69cbede8508,BEV-005,10,743.55
678776c4-00b8-44cc-b0fa-b345e8983493,13a1b3c2-fcdb-4d78-a822-c69cbede8508,BEV-003,2,673.75
1f12b875-1a82-4669-9bb2-a8e44169677f,13a1b3c2-fcdb-4d78-a822-c69cbede8508,BEV-003,7,974.26
b687996a-e075-4096-8d70-fdb4c40949a1,13a1b3c2-fcdb-4d78-a822-c69cbede8508,JAF-005,3,660.72
92a759f1-249e-4292-8fc5-8fd42c373947,13a1b3c2-fcdb-4d78-a822-c69cbede8508,JAF-005,4,506.22
c9b04708-9e7f-4871-bd03-23ea7b0a8190,dd7b24e3-fcb5-4834-9d93-2a58eb3cbf18,BEV-003,4,933.93
c7c2e7bf-ca78-49e8-921d-34639f555758,63bec5d0-9633-4aaf-842a-3171f8a4be4a,BEV-002,7,555.93
ecab9fe2-82e7-4327-9354-765acd520ac3,e9769e71-33ff-4382-acea-a48b98f55c92,BEV-002,8,54.38
165e6eaf-5bad-450c-8e60-20363a660e37,0ce2e558-4b7f-4ec1-b6be-82ecd559fd59,BEV-003,1,988.67
d52ee50c-443f-4979-95e4-3e9f6c43bb36,8d9982c4-6fc0-412b-8050-255a2ee75644,BEV-004,9,377.75
545f5645-9f5a-4820-b146-de851267fc4d,b8f8370f-47a5-4773-8f03-06584c5e2bc9,BEV-001,9,696.54
2af14672-d12f-45e8-b2ca-3477feb24583,6bf144c2-db4c-4e91-b936-a49ac8bb724d,BEV-004,3,537.41
4b554f9c-0153-445f-b354-a94dd0624219,82788337-9967-4a8d-8dbc-08ac7bd0f4a4,BEV-005,10,248.02
2db611bf-3ac4-48a7-b939-f20c0e6b48a3,835e58f1-b390-490c-bee7-ee916eabaa16,BEV-004,10,573.56
4bbb7168-a483-4fbf-8119-dd2fdd4e97b0,81fb97e2-3548-4204-bbf1-ff3276cf8ff6,BEV-004,3,489.23
b447f202-66f6-44b7-a979-305b8e810600,81fb97e2-3548-4204-bbf1-ff3276cf8ff6,BEV-003,2,299.89
13b95755-1e05-4f9c-8848-e402a3ed2fe3,81fb97e2-3548-4204-bbf1-ff3276cf8ff6,JAF-003,3,783.06
37ea3d02-692e-4196-b434-acace9bcb6d5,81fb97e2-3548-4204-bbf1-ff3276cf8ff6,JAF-003,2,38.45
4ac1e6be-63fc-4c7c-a686-647034133bbf,1ea2c33e-6e68-4d73-b7e2-afaf1e1fdd85,BEV-002,3,109.67
a4199cea-d89c-4f64-949c-44c94ba7db1b,174b5fc2-40a5-4021-aec5-bfefae452e98,BEV-001,7,65.65
a44c5a9a-2be2-4e8a-944c-73ffb5c4e6ca,f2f330ae-bf5d-42b0-9772-b79d4f9cc762,BEV-002,5,827.31
e26f6ef2-4e8e-4280-a57a-e18ccf9333a6,d3061a58-439b-47da-b95e-38cae988322b,BEV-005,3,366.61
aa2eec27-c0c4-4f83-893a-ed02370deb1a,d3061a58-439b-47da-b95e-38cae988322b,BEV-001,3,697.79
4f8a25e0-22ae-4d24-8ce5-9abebc9baa7a,c1df0c48-a9b9-4740-962a-5934f8ec0b67,BEV-001,4,400.5
2126b72f-2618-4075-8f32-a2d45f00a468,adfcb17d-d878-45e8-af79-3ea9a7c6f82d,BEV-003,5,591.2
591bf33b-0e17-47f7-be1b-6356d322e27c,b1d73d05-cb2f-4c9e-b6ff-45c2dc1731b5,BEV-003,5,425.44
58759d21-5ce4-449a-b763-4e1294eb4fc7,b1d73d05-cb2f-4c9e-b6ff-45c2dc1731b5,BEV-001,3,749.79
7f146fc5-dba7-4364-85b3-94a3d565498b,b1d73d05-cb2f-4c9e-b6ff-45c2dc1731b5,JAF-005,4,385.75
f71356d3-3622-43db-bd6a-7dc2cc66794c,b1d73d05-cb2f-4c9e-b6ff-45c2dc1731b5,JAF-003,4,879.03
0a0043c3-ef99-4c88-bc25-8f3a0b497315,b1d73d05-cb2f-4c9e-b6ff-45c2dc1731b5,JAF-003,4,63.94
88ce35a4-645b-4d0e-a9e4-a284a891c126,fafe691f-3e7d-4b08-8e73-d5bf08197b66,BEV-002,6,213.33
58456732-7120-47ed-bbb2-96299556a770,45040cd5-ba6e-42c9-9eaa-78b79fef0350,BEV-003,9,124.3
49a33bf3-6067-4272-acc0-ad96f51d087d,14f86b2a-fd19-4497-8561-d5d4b61564ef,BEV-005,5,604.87
53fab077-126b-4524-a396-56827e75243a,6e3e6051-ba83-4fa0-b560-fa176632cf9e,BEV-003,5,574.82
c3e1528e-ad1f-4013-b4f7-6ea1ca280237,d2c7fe24-7526-4010-801d-d039cff4ef3a,BEV-001,8,930.49
3443cfc6-a3b2-4f2e-8b33-6fa061537f31,b9b05457-a164-43d5-a54a-a93c4d45760c,BEV-004,8,82.0
8b662fe1-1520-48fc-ac88-9802a1eda9b6,799bc4f6-75db-47d9-851a-456a77b1a159,BEV-003,8,730.7
f61b29f2-41fd-4c62-9345-a5301d8c36a9,799bc4f6-75db-47d9-851a-456a77b1a159,BEV-003,6,416.87
7e9a5347-0f42-4daf-9e7a-dfc19663d1e9,799bc4f6-75db-47d9-851a-456a77b1a159,JAF-004,8,652.95
c343ca7d-2774-4d03-b1c6-ad172a22952e,c3c35c97-aa2c-4daa-ab61-ed24eae4d88a,BEV-003,10,912.92
0be1c45a-0882-4880-9700-854b3ec386ac,53ba21ce-40f6-4ac7-b7fb-65522367dcc6,BEV-004,4,215.75
30e44d1f-7bb2-4d37-a76c-a0e677a9e914,999a4fc2-84e2-439a-a0b5-10b9b1171b5f,BEV-001,9,341.58
3b61a3dc-8290-471d-a3f1-b98a6ea8dfb8,1d3f340d-d5ae-46e4-89c0-13daed7fd5d1,BEV-004,7,433.36
d93c6970-7346-4ac2-a7fa-53b5f661af8e,1d3f340d-d5ae-46e4-89c0-13daed7fd5d1,BEV-002,2,756.85
f28632e2-9edb-47ce-89b3-cded223a2c1d,a387fa6d-aaec-44a2-8c5d-712e68f96a8b,BEV-003,10,893.86
5d95e2bb-824a-4a5d-97cc-3a083e1aa053,a387fa6d-aaec-44a2-8c5d-712e68f96a8b,BEV-004,9,969.6
14e0fa62-669d-45d0-b37f-305e004f57d8,a3f00abf-a546-4c9f-81f0-d514d7ecc617,BEV-004,5,356.84
9b86dfdb-d5af-46c5-bcb4-62d6f2673dd1,adf91cd2-c8ee-47e6-b67f-27992b6108d4,BEV-001,7,773.46
16a72258-34f9-4d78-97f3-adbeb66322ab,ea580f51-2060-4921-8969-a5d797e4d67b,BEV-002,10,335.65
7dad1ec1-154a-4fce-8805-7efd4ca4b8ca,0113ef7c-1d12-4d82-8f61-79a07dbacf30,BEV-001,6,425.16
3b06b36d-e516-4bcf-840a-b3a105174746,0113ef7c-1d12-4d82-8f61-79a07dbacf30,BEV-001,6,418.06
1bd2c827-6a65-479d-8bd2-99b95e5d10d9,5bf5d43a-c3c6-4310-9054-ed261fe077ef,BEV-003,10,167.21
c152301b-997b-483e-8ea2-033fea785c18,5bf5d43a-c3c6-4310-9054-ed261fe077ef,BEV-001,6,929.05
aeff511f-7216-4362-b791-ac92acfbca2f,cc1240d2-aa75-40a7-a3ba-57e405c4a3c9,BEV-005,1,390.16
bda1f623-b8b8-45ab-b31c-443296f66ead,cc1240d2-aa75-40a7-a3ba-57e405c4a3c9,BEV-001,10,75.45
2cc40267-b713-4453-a4eb-aa36ae566503,40ba2a8d-1756-414b-b105-0d51439fd4a0,BEV-001,1,478.75
7f98b9d1-6231-4dd6-9d06-a7457e4b903a,3dceb021-49a6-4f57-86f4-921deb2e28d4,BEV-003,8,455.35
60ce8b7b-1e52-4786-b000-fe2410c6913e,54bbea77-860e-4df0-bb08-1d68a7fa6dc2,BEV-003,2,658.08
4e27a493-3a22-4394-b811-defe3b93420e,63f37bd9-8709-4b98-bab9-10e3ade91bd6,BEV-004,10,995.24
ae320fb0-b529-43f5-bb04-97579f62e168,c370e3a8-0536-472f-b4a4-64793913da1a,BEV-004,3,530.03
dadb34c1-6d94-456e-97d3-0d92f5f56156,c370e3a8-0536-472f-b4a4-64793913da1a,BEV-003,8,822.34
cc30cffc-2256-4478-bc91-2f6c07a220e8,34aefbcd-a169-41ec-b164-4f8b52f27b5f,BEV-004,10,465.25
449b48a3-c611-4df9-94ca-298fb79ad6f7,bc93b8ca-4802-4af9-9e4f-6018e59a47b0,BEV-001,1,802.58
61405309-6127-4026-bcec-34a204efaae1,c048e19c-ec6d-4156-95be-2a3b60649c81,BEV-004,10,867.15
cb547878-2198-4cce-9979-5ebfa0c60a66,0752694b-d06d-4097-8299-dada53105f05,BEV-001,2,425.98
b9e9c3bd-040c-493e-89b1-78f69fae809e,4d0d0c37-3af9-4de8-8b70-deec4fc0a82b,BEV-003,4,262.37
251b7cb8-283c-471d-8c5c-59a44d706eac,6488d279-6a11-4ce7-9ed5-da80ae6e0b88,BEV-003,5,710.02
8f9cd7cb-b723-4646-b673-500aebf63e3a,8097d095-415e-4b6e-a847-1329202509b0,BEV-001,9,705.42
ac38c921-8a1c-43e1-a5f9-6d8b008ddb7b,3950bc78-f9d7-4449-b4e5-7240cbffb78e,BEV-005,3,962.11
b30e82e8-af98-4411-b3de-0c2df88dafbd,3950bc78-f9d7-4449-b4e5-7240cbffb78e,BEV-004,1,73.12
b2f381b0-3053-4462-8fe3-0c4fb66e8f04,ba25f2d8-143a-41a2-9929-452c14a7ad23,BEV-001,8,645.03
fdfb0eaf-9d17-49a7-89aa-ea29954df6ca,4cfdf5a3-9f62-49df-ad6d-f2049f789cd4,BEV-005,1,863.62
5128de17-f990-4dc3-b306-42f5ee822c20,457f9b78-f525-4793-bfc3-14c32d43c341,BEV-004,9,774.27
7fa16246-9bbf-4781-8679-fab41547d479,21bb8850-4005-4949-ad52-f6a4846c57f5,BEV-001,1,284.73
affc04aa-3dcc-43c9-af9d-8bef6279b137,ba511bff-2643-4692-9c1f-63d7bb265893,BEV-003,7,111.76
f2da784f-d830-4141-b595-b596f80bc67d,a7a92d6e-b01d-4e1c-b597-ff5588d3228f,BEV-004,10,481.35
bd303fe9-6eb7-4e9e-9ee3-88ce48023a9a,d2a43364-52ff-4037-99ea-97ca09b35ac6,BEV-002,8,104.53
445ba9d5-6d54-46d9-b71f-11c42736ad30,7e03dc74-0d14-4640-b361-cb4ae8b1abb7,BEV-005,4,414.14
26964bd0-8bd6-4592-8c62-59e76c551171,1bdfd138-5bc5-4d1a-a23b-08628922db83,BEV-002,6,761.39
efb14fc8-3f91-49b5-8da1-7c55d739623d,1bdfd138-5bc5-4d1a-a23b-08628922db83,JAF-001,2,678.43
bd67c674-b2b5-4fb2-9645-48446c302c17,5e61b4c4-aa86-4ab3-bf33-8d591a2ad26f,BEV-001,7,833.55
c45bc7b5-e539-450b-9c07-1cda4f6bffe8,aa9f2f99-832c-4fc3-a74a-96983d7abf06,BEV-001,6,346.08
c3f61873-8097-4401-8f0a-c4c06e1dbb1b,894761fb-75a7-4faa-b962-1593d20110ba,BEV-002,9,488.31
c34058e2-364f-402a-8e1a-69a7464207cc,08c3a886-2ae6-4b46-870c-3483640485f9,BEV-003,10,32.17
a92a6fcd-baa0-4434-a697-5b95f568b9e6,e7e068c5-9db4-49ea-9359-b40d862da8e8,BEV-004,8,249.82
1cca5e47-4fcc-4ebc-9d2d-356866f06f4b,db3ef434-aa65-496b-a12e-7e8da4eb5063,BEV-001,8,304.8
f29746fb-0f26-4d38-a73e-be1dd901fa83,f04fe7a3-8b5f-4795-bb65-b9c326253087,BEV-005,4,537.84
d187722f-9ef2-484c-8b22-ffc3871e1326,f04fe7a3-8b5f-4795-bb65-b9c326253087,JAF-005,4,667.94
618de449-a88a-43e1-a9d1-0c167f29a509,e4dfabeb-0355-446b-850f-cec7a262d8d0,BEV-004,3,639.34
84ff9330-72ca-46ee-8226-056661b230e1,4ab4c576-4a49-47aa-adeb-aaa6c41a8bf5,BEV-004,8,732.29
824909a8-3861-45db-8116-b53db177247a,07744029-bdfc-4dcb-915c-2c45ab585bd0,BEV-004,10,648.03
9b7c4021-7bc2-4217-8b3f-1bbc2203153b,07744029-bdfc-4dcb-915c-2c45ab585bd0,JAF-005,10,288.88
2c938ca2-89bb-4c4d-a354-66261e173af0,0281fd61-dc6d-4520-9c8a-de72671dd190,BEV-005,4,577.11
31f36908-3853-475a-8900-5f9eb751d6bd,027cded9-9324-4850-9496-9687c919ccac,BEV-003,10,176.23
3fe62884-1953-4645-9351-a627a3f5def6,27738517-14a1-4046-a79f-44d8fb6c64a6,JAF-004,9,537.11
5a648de4-aa2c-445c-ad98-d56f9d635eba,27738517-14a1-4046-a79f-44d8fb6c64a6,JAF-004,7,825.45
6b09d5f8-fcaf-404e-b853-a9d1393564dd,885b1fa7-0069-4be9-be00-4e054a7f432f,BEV-004,3,766.01
929f0daa-18b5-46be-ae97-1694a62ac360,90882bd3-567b-4b52-8c6c-548bbb07aff3,BEV-004,1,666.8
dd5183e5-31a6-4666-9e48-fa2985ee2abb,3ecae31e-6f3d-42ad-a77f-4fde81b8dbcf,BEV-004,5,669.16
a8007e81-bf2b-401b-8969-9d5583ad0f3c,8c36e597-9abd-478d-9908-853c0ffd33f3,BEV-002,6,510.07
3d630964-a900-4c56-9ac2-9e4e0c0b0dcd,01740f98-3ce8-4a95-9425-be3fa787f05e,BEV-005,7,856.36
c699fea4-ee43-4fe9-bccd-7e94a7a8c82c,01740f98-3ce8-4a95-9425-be3fa787f05e,JAF-005,5,620.93
b59be47e-7b1d-412c-a562-cd42776e9928,bc53a969-0e91-4d34-bff4-7e3e3451e43c,BEV-001,1,505.49
987a94e1-85a8-4f66-a2c4-d438cfaf1041,91c6fc7c-55a3-41df-a5d5-e2a778c9eb5e,BEV-003,10,107.51
5171ff50-6f8c-484a-ab86-4854a44b2c40,5ba1417f-4158-42eb-a7b9-ef05e9c8105c,BEV-004,1,185.18
cc217edd-e685-4375-be9c-537f5fdd3656,71c4d299-3c00-4ab9-9e62-52129642a522,BEV-005,4,480.36
e017b86c-bc5a-4b0b-be81-0c5bef76eae6,eced166b-7dd6-4634-a629-0e050a11f11c,BEV-001,10,782.76
e9c2651c-0a95-4158-970f-71e2536d6589,eced166b-7dd6-4634-a629-0e050a11f11c,JAF-002,10,577.12
891d6f22-939b-4927-a560-21f03f69e72b,9715bea9-1bbb-4c94-a918-4b448b1909ef,BEV-002,6,182.44
2e52ebf2-32bd-429b-a908-70fb79d1a0a2,bff748c9-6c40-400c-b05e-08816032d100,BEV-005,1,945.74
b8d3b3ee-fd2f-47f1-9ad5-b66e86e882bc,e7ae5ba6-dabb-4868-afc1-8a14b6269f23,BEV-004,4,572.84
2928d42b-2b55-4b12-9176-b1e31a64c682,c82e5189-3da3-49cd-ba6f-57b7f01c46da,BEV-003,7,799.61
0dc8f2de-4e34-4cb2-94d1-f5abffad8d9b,2b86a8c0-32f3-4944-835d-ec8f7331d880,BEV-004,1,97.84
0ca121fb-6f24-4d5d-8e75-20b39fadc360,2b86a8c0-32f3-4944-835d-ec8f7331d880,BEV-005,8,965.6
4629f2f4-7009-4004-88fd-c321a2bbd4f2,2b86a8c0-32f3-4944-835d-ec8f7331d880,JAF-001,3,701.44
2da06527-eb9d-4ee5-b4a3-06d1d4089985,b66d3dfe-40d1-44cf-9ddb-77fb2da9eaff,BEV-004,4,74.05
e02fe856-71a3-4656-b149-01d55f3f14d8,70098977-59c9-41eb-867c-4ebbbddfa915,BEV-004,3,389.85
0d0658d5-d102-4fed-aff6-521e9703577e,3feaea68-f0af-451e-b2eb-329dd3a0123e,BEV-004,2,163.51
1623fa34-1011-4c75-a735-afbb01c38d12,996f794c-5e33-4325-800c-4eddac95d05e,BEV-003,1,133.56
e28c6cfb-f4ab-4f65-9f52-dc3f0b664b00,b4bdb3c3-b6e3-429e-aca9-fe2af0bbb983,BEV-001,4,452.54
a5c1c8f5-6402-4f15-8fc8-7c625850e997,db23d59c-b6d5-4d3b-ac51-7e07b5cd5d11,BEV-003,8,14.86
6308308e-e3fa-4938-b625-f1565d7d5ee1,9e033c68-c7ff-42af-9fc9-af2c4f868aea,BEV-002,1,654.67
155d3fb8-540f-4600-a04f-9a9eac0ca8b8,9e033c68-c7ff-42af-9fc9-af2c4f868aea,JAF-002,9,523.51
e9d177b4-ac10-40a2-8c5c-de8d2627aae7,5800065e-0866-49cd-962c-748ae8134e30,BEV-001,2,79.06
a20542a7-d89a-4969-92b6-654544ff7df8,93748c6d-33dd-464e-bcc9-ada3657f386f,BEV-001,9,333.88
80927ee4-2f55-470f-a7f7-7562116a019f,198542d9-dbe5-48aa-973e-cf1110d7e0e5,BEV-002,7,728.48
051bf3b3-f9e0-4b34-a65d-95ab9a71f463,5b7914e1-69b7-4326-93f7-5d08d31e9229,BEV-003,2,730.04
44fa3211-02df-4e00-b695-b727410fd131,5b7914e1-69b7-4326-93f7-5d08d31e9229,BEV-003,10,69.66
610ba86a-ab4c-4f04-a496-1599176e4478,5b7914e1-69b7-4326-93f7-5d08d31e9229,JAF-002,1,180.74
429e5bb0-0673-4189-837b-086e872aedb2,5b7914e1-69b7-4326-93f7-5d08d31e9229,JAF-005,2,364.15
1e475dec-f8e2-4b24-ba4f-88965137906a,a7b2af7a-ca21-4020-bd4b-365a0c0fa7c3,BEV-003,6,875.47
8e48547a-9639-409d-b0ec-3951b3d286a0,50d004b7-9a63-40e1-9b11-14e6cb16ae9d,BEV-002,2,881.93
bb4e9820-11f4-489d-ab94-381e39c40af3,e4f0006e-7d65-45f6-9b56-35eb534056cf,BEV-003,3,361.04
f6ce90e9-cbb1-4b98-80cb-871262a46fb8,1dbe523d-be2b-418a-b792-9cc0db9c83ed,BEV-005,5,937.9
0cdb77b0-9b91-4616-acd9-36658ec2b829,868727dc-d994-4c24-9756-faf6da034409,BEV-005,5,324.61
ced07980-2f52-4ccc-89a4-31b59cc16fa5,af4bb09d-c302-488a-adab-fbe712b20ca7,BEV-001,10,826.79
a6ae65b3-87ca-4087-a7e1-7558657bff33,5aea5a54-85fe-41a5-8991-44a578e38275,BEV-003,2,701.38
1723fea1-3074-4fdc-9dd7-03cd60b2eb06,9f0fb9d5-66fd-41fd-be38-d1aa9c40832f,BEV-003,8,796.32
ad7f058b-da39-42e9-89f4-a9c5c742d742,dd171830-376c-4fe9-8210-8f30bcc1be80,BEV-004,2,987.07
f2e14c13-9dca-48ca-b009-5787fb0fb88a,7de93428-9d83-442e-ae81-a9ce00dcf97f,BEV-004,2,724.22
0f8ec3f5-4def-4e84-a05c-01b9fbd7748f,11c089ad-e2a0-4f95-8550-cd4e0b05cecf,BEV-001,8,868.02
e8eca2b0-90d2-4bb6-a153-cccd7d02fc48,1d422354-8abb-4437-a269-7855e2dbbcc9,BEV-003,7,956.23
3370ce7e-0c32-4086-836e-1782f4f31b7b,1d422354-8abb-4437-a269-7855e2dbbcc9,JAF-005,8,767.96
7f46d9db-c5d5-412c-bd01-55aa7d6677e0,993b9dd5-b5cf-4886-a289-c5b0840eb60b,BEV-003,5,216.98
c1091ae6-c39a-412d-ba83-f62e8b40addb,8efabecc-ec53-49a5-b7d6-521262114df1,BEV-003,3,479.58
34a41a93-6174-4f54-9bba-7c0f85b4b61e,66b8fa39-6cbb-43a2-beda-c5e0de637c5b,BEV-002,1,579.58
18527680-9194-4ee2-96b2-84bcecbbc3cd,ed645fb1-d6d5-491c-bc48-9721ce8078de,BEV-001,7,495.32
93e59475-0f83-4afb-80ac-cddd8de9375a,8fc10ac3-74dc-48fd-b464-4d652eb3af50,BEV-002,7,860.44
8cdf76b0-22e2-413e-83e8-c5e3b328f7e9,b84b5c96-799e-4cfb-9489-e9d7492c9c02,BEV-004,8,671.6
de2895c2-90f0-4984-b4ac-265e254d54a4,542a492d-442b-48e0-8e92-a56e7cee9696,BEV-003,10,495.93
daf8691d-c467-4507-80c0-379d414e3181,4a5cf859-f925-44f4-84e1-243a3e89c937,BEV-001,6,584.23
48914aa7-0fe3-47c7-856f-90dfc082990e,ea612da2-5623-4385-8cb6-cadea98c4638,BEV-005,10,642.74
a2117eb9-8d4c-4c3d-8028-178f9aa94ff0,ea612da2-5623-4385-8cb6-cadea98c4638,BEV-003,3,511.89
1f8b81a8-f10e-48be-a85c-d887beff56f7,ea612da2-5623-4385-8cb6-cadea98c4638,JAF-001,10,909.45
64cfb959-837d-4df7-aa39-90f6e3b667b4,4c4dd766-e71f-43b0-8f66-869b50e35e69,BEV-003,10,103.79
14b371c9-97ed-4eea-8844-060fd83efb9d,74dd1de3-cef2-42ee-90e9-00c747c5306c,BEV-001,7,107.53
63a535a9-bc74-45c9-bc17-e191d645996d,13cdef08-8064-4ef9-a0ed-bd98418a07fe,BEV-005,2,948.98
ef30a90b-a70e-4bfa-9326-2e8e805ad84c,62d8a2c7-8552-4c5a-bc3c-70dd79476dd9,BEV-004,8,188.44
eaa77104-67e6-44d8-a60f-0594d0cc65b9,70b90a69-bae6-40cf-86d3-1c025379653d,BEV-001,7,343.1
ca89d421-7b58-4b70-8f8b-10effd4df609,2c1aa894-0eb9-4979-8ce8-fe4e8d0a2ccf,BEV-001,8,125.93
e64eb7cb-87e3-409d-a8ca-f8a61d7dcb46,e6742286-fe38-40c2-915e-5c1777ab0dcb,BEV-002,10,82.08
c54079b1-ffa0-4831-82a2-526bdf0ce371,6fcfbb08-b5f8-424f-bf1b-e302eb971fb4,BEV-005,9,994.25
6ab76796-182d-472b-8b9f-c656cdda4bf8,24837416-1bce-448a-b12a-ce62aa653f11,BEV-005,5,105.51
c9d4c148-8ed3-4118-a07e-e9c0f5c7a01a,8168a6a2-5935-43b0-87e9-90c419c83fcd,BEV-003,7,668.28
dfbb8d19-5f06-400d-9c19-d345abfcd5e3,aab3201a-f34e-406b-b19c-034f5aa5b87f,BEV-003,6,968.49
4c22a76c-e417-428c-bd7a-9f623bb8de29,e0ecd7c3-e200-44ed-9d06-6c0a44bfc995,BEV-001,5,713.09
74541a2f-eb10-473a-b9c0-135358629713,e0ecd7c3-e200-44ed-9d06-6c0a44bfc995,BEV-005,5,981.21
eb68d4b1-3183-4d02-a026-c0d7624e0348,e0ecd7c3-e200-44ed-9d06-6c0a44bfc995,JAF-001,7,503.17
a74b09ec-5f2c-4a39-9656-b3c133370486,c35bbddd-f68e-42e6-8979-e646928d7e88,BEV-001,6,772.29
a941c2df-8370-47bf-b0ce-57f9aca221b0,27153e3e-6f87-44f2-b26b-be6b3d4024ac,BEV-004,9,620.44
b30b2e84-a2e4-4095-971b-6fa04f32aa62,9e0569ba-e016-41b7-bd28-7e8ad87438b1,BEV-001,2,624.75
77ebc0a9-6e6a-4eb5-a8fa-7211362be39f,03ca0474-7bae-4bb1-b85c-50373ed49f88,BEV-001,2,230.5
06b038e8-3d06-4cb7-9cb6-922bccad7a1e,e7e5cea8-95f6-4bfd-89cc-5a0f02ce6c62,BEV-004,8,870.81
68609298-df7c-454f-93f4-cbd72495095b,4668ffe5-ca77-43f7-ad04-ac5cf40bb6b8,BEV-005,9,441.09
d9fd6eff-753f-434f-95ac-b41373db3693,27c6ab62-c3f1-44d4-a9a6-83dade1d7af6,BEV-003,1,296.96
7010648e-194e-4687-9661-0234b56d2a87,bfd1738a-198b-4384-a44c-1e8297e098e9,BEV-004,2,470.77
d8a41a5d-9f33-4035-a0b0-54cbbf36872b,bfd1738a-198b-4384-a44c-1e8297e098e9,JAF-004,3,334.61
a09f2d60-16cb-40e3-a26a-9462b42c2a1f,7265f6f6-70b7-45c5-8ab7-a823e171823d,BEV-002,1,982.59
2e9c1b68-9a96-485e-92f8-123becd53417,ab39eb14-8f21-4e31-bd25-2cf43bae508f,BEV-003,10,485.35
f6ba1dff-5a92-4d1b-9d06-718e19d309bc,18338dfd-7f43-4a9f-aa8e-f4a0471a83f6,BEV-001,10,668.34
ba495686-8c9b-40a7-a6a5-116a2037e422,f64d0293-e4f7-43b6-a7e4-75afa5bc19bf,BEV-005,1,975.79
7bcae205-0bd8-4eea-bcd7-3bcf8355e5e6,f64d0293-e4f7-43b6-a7e4-75afa5bc19bf,BEV-003,8,305.09
18088b6a-1225-4d9a-8f58-50f2d6c3b71f,546176ab-6632-49db-add2-0741cb0784a1,BEV-002,10,97.17
986df4a0-b9b2-4407-892c-213bdf5f2222,dd9ee4d0-58c2-47f6-82dd-9f0c06a284e7,BEV-002,4,862.28
c9ae3c02-07b0-46e1-8c49-4d8abff6ce55,16ef5352-c16c-4e9f-bd11-b2f56936cacf,BEV-001,2,988.75
0b7e9403-c118-46ff-a1ae-5f9c1506265f,47c6cdd8-63ae-48b8-b0ad-395ed019d081,BEV-005,3,826.84
e38be9fb-3be1-4608-9a45-0ee8e11ca9f9,b65a5478-57dd-4cc5-9ea3-cfa217295b74,BEV-004,4,503.67
647a710f-18d4-46a1-9441-9b670318d83c,a02248bc-64e3-4954-878b-3d2adffec626,BEV-004,1,669.22
c74bf8b8-ab2c-4dd0-a7bd-b267a1059179,e82a612c-e505-4185-8b51-b96b2e1a0d84,BEV-001,9,469.24
4b3b271c-0df4-4ab7-ae9f-411d219214ae,9e350642-66b7-4411-b5b4-3e736b200425,BEV-003,6,851.55
c6942b19-6dbc-43ab-9a0f-2887a765f967,9e350642-66b7-4411-b5b4-3e736b200425,JAF-004,1,307.66
64ca6ac2-6594-43bb-a3ba-bd7348844942,fbbd98a2-024f-4d69-a604-22f1064f51ac,BEV-002,9,586.11
027e5ea9-009c-4455-a0a6-08c5f813e50d,79c25bbe-324c-493a-99eb-1d01ed2376fe,BEV-003,4,976.78
6486f345-6cd3-4900-9635-cc0d44106a7a,b492b7dd-c94c-4f1e-b1d9-193bada63d42,BEV-003,7,10.42
8b12adf2-9435-4fd0-b3c7-cd70eca8f91e,f61fd643-b5e3-4350-a062-b43fac7d3cdd,BEV-005,8,723.48
fb5ec83d-3d6d-4bb6-a319-9dcba93175f0,d93df9f7-d1b9-4ae4-b589-c77be5660b3e,BEV-002,3,208.71
343554d3-e095-4d99-98b5-053f9db881f5,a5a4f846-4ca9-413e-88fc-c8ec14e80731,BEV-002,9,458.97
8963b2c7-1eb1-4858-b0cc-30b047e71788,c555c75d-67d6-4d86-ab0f-16850e229bb8,BEV-004,4,236.53
9d96a90f-b282-4d5e-8034-d13546462891,4cc97fa5-ffdf-4075-a982-b4dbcb9c424d,BEV-005,6,310.71
cb2094e3-f027-46b9-a519-f0f0b87da9ec,4cc97fa5-ffdf-4075-a982-b4dbcb9c424d,BEV-003,1,20.69
48954df2-a298-4705-92c1-0251b95db4d4,9f5d5f66-a59b-47db-ae8a-25c1c87b386b,BEV-001,1,284.64
eb74d74b-3abb-4c41-aa6b-cf26b09913f1,a66a541c-f992-4541-b675-3695cb2512f2,BEV-002,5,452.7
0262595f-43a5-4133-aabf-4b3ffee725d9,8932f401-9dfe-4e28-9f92-afbadf9f1f69,BEV-002,6,49.61
0e679a4b-222e-41e2-85ca-83b3d4c39bb0,163a8963-6faf-4b29-969d-9caea10730df,BEV-004,6,933.95
67d4e661-c63f-492b-842c-76d1d8a5e09e,d4a35f2b-2178-4d4d-9a1b-2d326cbc64f3,BEV-004,4,122.28
5220b6c6-eb33-4a33-a6f9-5df595d539ee,e9c23eee-3a8a-4a98-b198-d9c3cbcc24b8,BEV-005,4,556.55
c358fb22-6391-4c61-bff2-097df9c203cf,6ff5c9e4-668e-4408-a880-d9f72ac662f8,BEV-003,1,757.12
142fbb7d-324a-4eea-81fe-50ece74c41fc,a8ce52f1-0632-4c18-995f-59c3d379ee03,BEV-003,1,803.69
385169f3-63c4-49fe-8422-8c0389f4f0a1,d24b353c-2233-4d14-9f57-e9df55fd6b1b,BEV-002,7,636.21
c61552e2-8e4f-4f14-85e2-49415cb12f06,1006fd5e-3825-4a6f-84cb-07962a8755f1,BEV-005,4,923.4
c60c7443-bc59-4bf7-b025-7c2622414fb2,9c0dd968-e736-438b-8aef-88780371b81a,BEV-002,3,353.79
30b64046-58b6-43d7-aaa1-f1362ce1c5c3,d0d30eb6-4d74-456f-8974-f54bd6014d17,BEV-005,1,991.65
519643f6-2e5f-4dc5-b0e4-419ca97d61a4,1663143a-9e15-4fe8-bf27-85ac3f60fb66,BEV-002,10,185.04
5ba2bfd4-d809-43bb-baf9-4203fdda7730,73a0327a-8576-453f-bfbc-c8a3e207ed1e,BEV-003,10,946.02
8ec66658-5b6a-4fc8-8a58-62478195ebe9,b552ed20-1515-4ca9-9d35-69bdd9f2ca37,BEV-003,3,884.4
58bcd1d2-dc8c-4256-aa69-47be71e383a1,b7e89fa0-70a9-45ba-b8e4-59bde93a7c6c,BEV-004,4,157.13
31c231de-7af1-45c6-8bd1-80fcb6951b29,720ade58-ba78-4aea-a846-bc4d48a0fc4a,BEV-003,1,614.11
251fa54e-ea2a-4925-89cd-0241f6d18f2a,5cd71f8f-4b65-4a7c-b5ae-a5ac2021a725,BEV-005,2,686.14
c7dfb162-a00a-4246-9e12-463fb506bd39,dcefadb2-989a-41bc-9b28-fadf25a20f1f,BEV-003,9,833.0
cd0e5033-3b33-4491-a448-06bff4f84485,6283f801-f31a-4318-8b1a-3f4c1c9f5f5c,BEV-005,8,224.98
9f3548af-ceea-4cb8-92cb-4004e9485a22,6283f801-f31a-4318-8b1a-3f4c1c9f5f5c,BEV-005,6,188.51
fe7447de-0c21-4560-98e7-fe849fb2609e,6283f801-f31a-4318-8b1a-3f4c1c9f5f5c,JAF-003,9,446.89
8ea00a85-e59d-4577-aace-aaf9a70ed31a,38fb7e2a-5371-4524-8f88-39e8427526d9,BEV-002,9,274.17
c298ca8b-d894-4132-b939-ade7068658fd,38fb7e2a-5371-4524-8f88-39e8427526d9,JAF-003,3,132.97
87869e14-012d-47fa-ad24-eb5f4b450be5,110952f0-ad74-402d-bce9-8b925bc7eaa9,BEV-005,7,647.86
c2029afc-4f44-4436-a099-d30cf36538ee,740a50be-956b-4181-8d99-3d6dcff5014d,BEV-005,10,359.78
61778ba0-5401-4061-ba7b-2130f3847c9c,11468db0-dd23-482b-8fcb-1105ab3b500a,BEV-003,7,921.62
c2e5a327-9c89-4fdd-a96f-2db4da53ff2e,2a49fba9-90d1-4f76-b674-5bb3315c9273,BEV-002,5,884.49
aca83c3a-c649-41c6-9413-c9b273420ef4,2a49fba9-90d1-4f76-b674-5bb3315c9273,JAF-001,2,446.54
38f2b5d3-da3e-41b7-8f66-55d1cfbfdc50,5628d0ec-0030-4f2c-80b1-77109f2b9cec,JAF-002,2,29.37
0b001a24-4423-4a78-80d8-88ffebe993e0,5628d0ec-0030-4f2c-80b1-77109f2b9cec,JAF-003,3,637.89
e0056853-55f4-4b09-aa6e-679fa4c5f3c9,5628d0ec-0030-4f2c-80b1-77109f2b9cec,JAF-002,10,134.95
d083dd07-c948-4465-b64c-8fb1d9dd6e51,58227f5b-882f-4539-bfe8-a3dd2720b0e2,BEV-002,4,883.14
b22d5c36-c9f6-4025-9200-b9640fc84b80,68abc468-89bc-4828-9fe7-2de71daaf8d2,BEV-005,3,575.76
59255942-440f-457c-87e9-1a2aebf5fcae,68abc468-89bc-4828-9fe7-2de71daaf8d2,BEV-003,4,229.36
c6ecde3a-c743-428a-bf89-ef0d015a2321,a8de5cca-d5f3-4d5c-80fb-ae2932240735,BEV-003,5,495.78
7299c9cf-db9d-45b8-9e1f-c3788c26d4ce,f32c732c-fa76-4848-84cf-8c00e73c213e,BEV-001,9,245.75
6230f5a4-5ec2-43dc-a0ff-da0b6e58a784,f32c732c-fa76-4848-84cf-8c00e73c213e,BEV-002,1,148.54
f89afac6-86ab-47d9-bf0c-44ee19a8dafd,28b07b8d-c5fb-418b-b2c1-a1d5c230080d,BEV-002,9,333.55
524cfc0b-704b-4f71-a60e-6007ec4a41c1,859c826b-f339-48f8-b2dd-81709ff6f8b6,BEV-005,8,892.24
c5291542-8ca0-4bf4-ae97-0fc04b77bcc6,9621e9d5-6ec3-4936-8d71-54f3262e418c,BEV-001,6,741.88
2a843906-5384-45a3-a9fb-3d443361883a,92c3b30d-c5e8-4018-ada8-f175786bbd19,BEV-003,1,518.88
00061b20-9ceb-48a4-9555-5c89b064aab3,93a3194e-fb1b-42ee-9c36-ac1aecf58d86,BEV-003,6,399.58
de5fa4aa-bd01-49f2-aed8-c792d43364ca,93a3194e-fb1b-42ee-9c36-ac1aecf58d86,BEV-002,2,106.91
80a890a5-4d73-43e6-acb3-df0b25d0d316,9b9cf733-afe7-4db5-99da-0195765dfd88,BEV-004,2,673.54
ccd20660-a4c2-4dbf-a49f-f2067bdc9079,9b9cf733-afe7-4db5-99da-0195765dfd88,BEV-005,8,68.66
3300c206-6639-4598-a9d1-bc32ae987900,9b9cf733-afe7-4db5-99da-0195765dfd88,JAF-003,4,660.97
3f0b7b7e-1763-4596-b59b-62a7488bead1,9b9cf733-afe7-4db5-99da-0195765dfd88,JAF-001,8,528.28
91656869-95f2-4a14-803f-1310c6bfb535,b1715a86-5d58-465a-81cd-f70dd1fc53df,BEV-004,5,616.58
250dd8d0-d549-4b0f-9d58-767523c16cfe,b1715a86-5d58-465a-81cd-f70dd1fc53df,BEV-003,7,453.22
03013a8e-aa6c-4a92-84d9-b68784e2ee5c,1409f6ed-f407-45e8-abdb-11a964f3903b,BEV-003,9,425.64
81e956a2-3ee6-44d1-9194-3eb36bd98bcd,ebcfd10a-9b10-4370-9268-7ff83a6a96d1,BEV-003,2,997.47
929ac87c-9fc4-4339-8805-719370aedd75,185fb99d-2e4d-429e-9245-af4f108580d8,BEV-004,6,303.36
637b405f-6043-48b7-a488-ab0c52553a76,fb3ac6cf-654d-4a4d-a482-5c16aed36cab,BEV-001,5,917.66
753c7fa4-6145-4047-8188-a8b35610b213,fb3ac6cf-654d-4a4d-a482-5c16aed36cab,BEV-003,2,652.19
41266490-edef-46ed-a725-30e2db973c14,ee56bb52-8d6c-4faa-8156-c31b1693ee89,BEV-001,10,98.59
bc669182-591c-48a1-a483-6977531dafbe,3cbcd590-be8b-4cf2-9418-8277d90c3575,BEV-001,2,633.75
ab0409a0-e02e-4bbc-a338-9c27e481c937,8c2de52c-338e-434b-9fff-34a978b785eb,BEV-004,1,975.14
0ec6fa70-b9d4-4778-861d-ab8991b2ddfb,8c2de52c-338e-434b-9fff-34a978b785eb,BEV-002,1,499.51
1098ad4c-b937-4d36-9e23-c689460fbcdb,cc87101d-16ef-4e00-a600-588956a48591,BEV-001,6,994.51
8a59b752-b454-4fe1-ac02-38622f38e48e,e36baa19-5663-44e6-9c16-1a875aac12c4,BEV-003,8,226.76
8a98618e-bb2f-4bdc-b0cc-33a8d13b2988,8f16fda4-a7a3-47a3-bfba-d93b284f0117,BEV-003,2,547.16
39bfb5bf-657b-4065-96e7-a1b11e034746,c2219ec9-6dd2-4d9c-8097-8777e747cf81,BEV-004,4,747.24
fec155b4-3595-4a67-8315-44ab95434af7,83be8f08-8133-4ffb-bf19-7c2fdc57abe0,BEV-004,4,141.87
a6f9c54d-adb7-4780-88c0-db446eafe83e,f683ca83-7ff4-41a0-81c1-ba0f1de51b97,BEV-003,1,821.71
e9ff9865-5804-43a0-8e7c-c145422e59cd,8d98d1ad-8492-48c6-a5dc-821d71a8afd1,BEV-003,4,412.01
4e622ea7-19fe-4d91-979c-19b3a2e3cb05,7943dfad-2d2a-4743-a988-bb8b8e672ce3,BEV-002,8,787.28
cb8723a9-aba8-4d83-a547-38c0805cd85f,7943dfad-2d2a-4743-a988-bb8b8e672ce3,BEV-005,2,581.64
36e7d468-2c19-432f-a767-ae061d15f2fe,7943dfad-2d2a-4743-a988-bb8b8e672ce3,JAF-004,4,578.9
f6f75e65-0209-45ed-be76-73a193f3e03a,f453fefc-424e-4e69-a048-92865c3f326c,BEV-003,3,834.38
17c19cf5-9337-43e1-9e5d-959a9b4855dd,464e6c00-c7a0-40c7-9514-206e986719a1,BEV-005,2,770.84
fc34bb23-f5ed-4d5b-8310-723febf7c872,e87c8ea7-45c7-468e-86dd-e44aaaa8ca3f,JAF-003,1,765.78
1a00f48a-59ca-438c-a792-b25ae4180329,d2fc988e-1220-4213-b470-e26268473229,BEV-001,3,249.26
85082702-a61a-449b-96aa-2fbee3193147,d144edfc-84f5-4c17-ae0a-bcc439314e38,BEV-005,2,256.39
067c1e4c-a7cb-492a-81fe-5a2056928625,a7496ce5-aba8-4c30-a402-18e914896739,BEV-003,6,335.43
b1c38452-8a19-4bdb-aab7-ee9b077169ce,69969361-8b8c-47e6-af82-031ddd55941d,BEV-005,8,565.55
19c890b8-8ae5-46e8-944e-d40e2c807444,8f076bda-fb30-4604-9cc3-6c04b17f3b50,BEV-002,6,556.8
6d4e0998-29aa-4002-83fb-1556d08d5d34,8f076bda-fb30-4604-9cc3-6c04b17f3b50,JAF-003,2,826.35
8b822b49-e2c5-49f4-aca5-7e2e2a319e76,727b4e16-2b08-4b15-83c2-6a7a1b8afd09,BEV-004,1,721.41
dd678291-7b44-4c9b-bdab-0c37fe143288,10000217-e36d-4c81-aa11-71421ef0be24,BEV-005,10,289.03
84363b84-79e5-4745-9dc9-a7a646147415,d1bc6974-c542-43b2-ae8e-50d1741ec3da,BEV-003,5,60.8
ec88516b-81b4-4d18-b68e-966974dd9d84,f8ebd95d-fd18-4785-852d-01f72d3b760a,BEV-003,1,921.54
c2d18463-de54-4f2c-b794-597473b787ed,f8ebd95d-fd18-4785-852d-01f72d3b760a,BEV-003,9,874.56
3c1c059a-4c28-4cdf-9def-eb325bd6e4d7,f8ebd95d-fd18-4785-852d-01f72d3b760a,BEV-005,3,717.08
494750eb-b725-47fa-951d-764542f98c0a,110c0248-c9aa-480d-9d5d-38e4994c5a72,BEV-005,7,515.92
d9d8a7db-929c-4510-9dbd-12c877910c4f,24f5dc87-b313-416a-ade6-55ae8cd18012,BEV-002,2,176.76
f3d18fb8-6098-4870-a726-3412b92d3b84,88bd9873-0fec-4139-9bed-2954755a0487,BEV-002,4,194.58
84e0f549-9804-4e33-9b6c-deb3498e2ba2,526425a1-25d3-4265-8532-670e9ff4b4a3,BEV-005,10,256.46
46f976f1-0382-41a3-9666-64425b909103,526425a1-25d3-4265-8532-670e9ff4b4a3,JAF-002,6,380.45
ff4352c0-f4df-40ad-b860-ffd6ad1383c1,526425a1-25d3-4265-8532-670e9ff4b4a3,JAF-003,1,333.91
1dc73b28-b0c9-4da7-8ba2-b4a96b622b90,10eb55cd-58f8-47e8-9a14-4298ff745b74,BEV-004,10,996.51
e5cfcc7f-6142-4767-bf80-ab6ccc951f5e,a657a8bf-5c54-4630-b0c1-152b20ae4257,BEV-002,5,242.29
9bcf1b31-1a38-4dcb-bd47-8729629a2059,84ccc7f9-cb0f-4ab8-be1e-cdf6ba6fdf5f,BEV-001,3,831.63
66596191-334d-456c-b679-241a6673c1e9,98b47e28-2e29-4cba-9c59-2bf94f192abf,BEV-002,4,33.93
34885599-6650-40d3-88a4-24ad0b241aef,6c661e59-3d7a-4a7c-8707-9c06e091dfcf,BEV-005,4,330.65
412f3d97-4eae-4e1a-a3ad-658da9437faf,f7834ace-78f0-4ac8-a502-743a8527702f,BEV-002,6,371.17
e5820b66-d86e-45df-af85-22e86eedb2e8,3abd13c1-f767-45a9-aa3b-5f67d1006a36,BEV-004,4,971.58
9c4c64a2-3e1f-4417-ae08-1a7372e87cb8,3abd13c1-f767-45a9-aa3b-5f67d1006a36,JAF-004,7,800.82
e1b2a101-5658-4208-87b6-a21b4abf7535,c85ff02a-fce7-4e35-8a94-e6c37f54fe52,BEV-002,8,416.17
388316c1-7c39-4dd5-9fdb-4fa766c1e32c,36fc043c-9236-4913-b3e6-18fa6858f188,BEV-005,5,482.94
c168943a-91eb-4a07-bf8a-ab682d62ae9d,1c2bf4ad-4790-4ce8-868e-b8b9b2042fad,BEV-003,4,546.26
cf51764f-7e70-42d6-a7ef-85246eee1701,46cad015-1a75-44f4-ac04-51cdbf022971,BEV-003,9,852.31
2e357d85-b10f-40c7-9adc-2ce9e4fe4bed,46cad015-1a75-44f4-ac04-51cdbf022971,JAF-001,7,559.74
367c3bd1-a516-43f5-813a-936863ce54e9,74531d0a-dde7-4453-8ab8-2bce40b5e149,BEV-004,7,712.44
7aa879bd-867b-4299-991f-f5803882d40d,74531d0a-dde7-4453-8ab8-2bce40b5e149,BEV-004,2,485.21
28b666f6-6c14-403d-b38c-8d775167bafa,57097d5c-42f4-453f-9066-67b413041105,BEV-003,9,666.67
a2cd80df-d48e-444d-b514-1ec560bf82ee,df2500e8-36a6-4d2b-a5da-516c6494926a,BEV-004,10,677.51
ebf96f8e-f72a-4eaa-ba36-3357d99e122b,27fd6227-4a3b-49f9-aa06-275fd3f2171b,BEV-004,2,713.7
20c7b47d-e18d-40d4-9fac-f5a1bc34d8d2,65e2e7af-dce0-4f00-9904-9dd43b884f57,BEV-002,4,721.49
101b43f3-2741-446b-bda7-ea48f028fd47,1f0430cb-2cde-44ad-ad6f-1d5050cb8189,BEV-004,7,645.17
c60503fb-98c0-43bd-8761-1ebff1fc8064,7f327c1d-4a15-4f02-bd2e-c3e5f43a4ea9,BEV-004,2,57.84
50b42955-1072-43b7-8ba1-44cc49a0d270,b4fc120b-1c4f-4e99-b70e-9e7647081d2d,BEV-003,1,279.46
e7ee2de7-c43a-4ced-9554-c872db62b8f0,97476f19-7ac8-4ccd-8e93-b62036b7f4d3,BEV-005,5,374.78
8abe9e35-dc7b-405d-a0d8-20485f645efe,639f3c52-eb82-432e-a1aa-5fd83159ef93,BEV-002,6,51.87
6daf1440-c92c-413f-bdd5-64d4a931f377,571a569c-af25-4848-ba32-c033260d587c,BEV-001,4,490.53
7c308e43-2459-4c11-b0c7-c264bdc95715,5cc05e1b-d15f-4360-8114-3f4746838704,BEV-005,2,436.69
a16feadf-be0c-48aa-9700-95eca7216240,6b8eb5b7-6573-4a0b-822b-bcbdaef2be9d,BEV-002,9,116.92
9d5c6e77-173b-4a53-bf9e-dda583c2e38a,508dd074-0403-4e01-bd00-8e272c21b6c2,BEV-002,8,412.76
0c3d9ee1-ab42-4a97-a6ec-ef8ae1f54b69,ef392236-2f65-4591-9227-a1a1c030ed60,BEV-001,8,351.01
c394dd93-1513-400c-90c1-126a8308f398,5faf4c0c-2324-4efe-897f-02a43a0cb979,BEV-003,1,256.55
d5d94e79-708d-45e5-b204-4ccbcdd0e830,a4b151af-3b95-431e-a886-2053fd97b49d,BEV-004,8,605.54
12655495-cb83-4c2a-9479-83255a1199ab,d43f6fe0-a6a0-40ef-8d5d-0aa3ae89b59c,BEV-003,7,846.27
9f8446b8-2122-43ec-b4fb-68aa87b89f41,3534533b-f860-4e5a-841b-3a77ed5f4198,BEV-001,9,488.71
0e7191de-0ced-459c-883f-a0d88aa968c6,3b86d319-71ad-4a94-a5fd-6d090bd388c1,BEV-003,2,716.54
28bdecdf-bd19-4440-a408-fa6b1c26bd26,ff9865b5-538b-4ab4-b641-24fa00247488,BEV-001,1,866.68
79c8d557-af09-4643-9043-1557a6f5fbac,bf7ac1ec-0b88-42cf-b296-30def033ba8b,BEV-003,4,263.45
aca8bb2a-9a13-4550-a9a3-6c618036273f,73606c97-9262-48e2-800f-54241bf6e8b0,BEV-003,9,402.36
a5549712-4b93-48a7-acec-0a85001ac403,ec3a9c2a-ac2b-40c0-a73a-88f26a50e6f1,BEV-003,4,15.85
4bf474be-fc8c-44fc-af78-fb6a91a19ecc,f72a27fb-9ef4-479e-8040-f30b1470663e,BEV-005,8,238.19
608f5c29-51bd-45b1-a282-dd76156b74f0,1d7ce4a9-d07d-4880-a660-307775277f11,BEV-001,4,288.32
890e4f68-0b57-4c89-9568-2cd4a86a1b32,1d7ce4a9-d07d-4880-a660-307775277f11,JAF-002,10,402.85
fb38d2da-8662-4632-814b-0105e4563f73,1d7ce4a9-d07d-4880-a660-307775277f11,JAF-001,1,492.06
0804e0fa-90dc-4357-8ffa-dba7a7cef7d7,b967d13b-7af5-47db-acd3-ab1b5f908b81,BEV-002,1,561.48
cb81c513-296a-4dbb-934e-bdcc7d4dd745,1f181b9d-3227-4a23-92e6-6e019bc99880,BEV-003,4,883.06
d7bd5333-1017-4655-89a6-cdb01f587148,442786af-744c-4603-a8c6-e05f8baaf531,BEV-001,7,200.02
e233d3c2-e207-4da1-b130-1f12b1afba26,226ecfbf-a4bf-4dc0-9726-155701fbf684,BEV-001,9,647.88
f87df3d0-c298-4f2f-9d15-5e96c4831d11,226ecfbf-a4bf-4dc0-9726-155701fbf684,JAF-005,9,942.12
a6d98ebd-ed76-4013-b61b-446a0f0d24e2,32a6d66d-0139-4a66-94c1-4b0a9d02e618,BEV-003,5,900.86
e422be30-3a93-40a9-b9be-62b2e400c9df,da73c695-5865-46ac-94a4-55071e5b5b69,BEV-002,4,344.92
ac5e240d-e94a-4c87-adb4-ae22d459aa75,da73c695-5865-46ac-94a4-55071e5b5b69,BEV-003,7,596.37
d0c14cb6-34ca-4c8c-9dc2-0676ccb44309,a307fbaf-9e0e-443a-b4ae-33d12b36e30e,BEV-004,4,54.5
f9b13ffa-14b5-4577-8c90-146deb4a51d3,6d6d45c3-75fd-4785-ad56-1fe615f47950,BEV-003,7,890.27
9633e6e7-d204-41e4-91c2-e8a0682702aa,c99b245a-3f70-433b-b574-fbf2b81638ad,BEV-004,3,152.72
509a2461-49fc-44ae-b4af-91438fd43ffd,c99b245a-3f70-433b-b574-fbf2b81638ad,BEV-005,9,939.54
41c0c363-339b-4d6b-a1a2-bb525f7916bd,c99b245a-3f70-433b-b574-fbf2b81638ad,JAF-003,4,916.71
4b8ea1e0-63b4-4c11-89d7-137127bab6cb,5cd650b6-12e2-45d2-ae99-0ae663e14598,BEV-001,3,241.32
26850032-89bf-42fe-a678-225f02948200,c2ccd0a0-9caf-445f-8091-80f214b4ece1,BEV-004,8,988.17
c373eac7-026c-4b6e-84db-1461ae7bdfae,c2ccd0a0-9caf-445f-8091-80f214b4ece1,JAF-003,9,642.81
acd7191e-a9b4-44c9-82ee-8134af457aa9,a6f5d6ca-f31d-46e9-8217-092603070910,BEV-004,7,194.85
7eedb12e-7990-4e50-892f-009400b859a3,92b30d45-a1d4-43b6-82ab-3233f208856a,BEV-004,4,728.6
8b2312e3-d0fe-4d69-81f4-b0a3f8b35b46,92b30d45-a1d4-43b6-82ab-3233f208856a,BEV-001,10,616.93
c40323b9-dedd-4576-9b0e-86d503b70c8f,3b4244b5-79ba-4a99-a982-a0b87275efce,BEV-005,10,32.9
83c7210b-dcef-4999-859e-fde4b54292b7,debf4dd3-9c76-4e75-9b20-c8ba662bb495,BEV-004,7,122.38
0bf2f8b2-bc00-4020-830b-dead5cf94531,b5e23beb-cda3-4ac3-b28f-3564acf4322b,BEV-001,7,587.64
18df5433-def6-471c-b7f3-90e3a83ee18b,47c025b3-2c6a-4448-a1f5-6f6c44bbb832,BEV-001,1,673.98
6d2f0bd3-c52c-403b-8f06-a9d6be4c80c4,b0463de0-9d76-4a80-abb3-69b70fdae1db,BEV-002,3,664.05
f7a54d3e-1070-4887-995e-a40a93768e53,061128be-2baf-45e8-931d-5660b7cb5afb,BEV-002,1,725.88
35dd8ed2-bd7d-44cd-86ca-f349f90cb87d,061128be-2baf-45e8-931d-5660b7cb5afb,BEV-005,2,652.13
dc46abf8-e0e7-4dce-9d16-00cd0b42b3e9,061128be-2baf-45e8-931d-5660b7cb5afb,BEV-004,2,518.59
039405c1-7c59-4ddf-b4ae-a64d5d5c5f6a,29246a0b-ed1b-47da-a518-57ccf26ce09b,BEV-003,10,809.45
84d77e9b-3f28-470f-8a48-d2636a0e592c,d707814d-ed35-4d59-b446-eec405b459ff,BEV-004,10,837.81
37b6dfbd-1047-4b04-b703-963f25fa4035,7a95e392-c222-4738-8603-19641d0b1e96,BEV-003,7,115.11
a93d4ed0-f243-41d6-9f0b-9c796c6aa7cb,a1827adc-0f79-4e92-88ae-83b6377a96c6,BEV-005,3,52.01
f7a69997-4291-46dc-b849-509d162f87fa,f0603c34-37c1-4abf-992c-acb0db3112e4,BEV-004,3,522.6
dabe8cda-6b0a-4225-9e43-89a7211775e6,20fd253e-e2be-4fc9-ae14-75d57dde3ca0,BEV-003,1,720.31
9881b50b-4749-4d49-992a-1f84e5c69f4f,1d050712-d378-4dce-814f-e56525b3e1c4,BEV-001,5,823.81
9ca3cacf-94db-4a6b-9262-87695c38f212,dfac2ec6-f607-4535-b15c-c4f6f9414673,BEV-005,7,650.8
fa564bae-c877-4ce1-acdb-ff2dd8c49bc1,bbe9d6e1-966d-4630-9ecb-8b821131af74,BEV-005,10,213.6
be6de574-e95f-4703-bda3-b153ac46bf69,fbb63e80-b40e-417b-bd79-99cb32fb2391,BEV-001,9,105.25
f849fdb5-11b0-47be-8ee0-22ac109302c2,25968b07-6bb9-47ed-8354-02afa5406dff,BEV-003,7,919.97
dca7d842-448d-4931-a184-c4376a39aab6,53434a1a-ebbc-42cf-96c3-9de5b49cfb1b,BEV-005,8,917.12
bc2c23a0-0982-408b-9ab6-aff08e26d045,025880da-6b11-4a24-beaf-a811dbb68c33,BEV-005,4,100.52
28ed1f99-3270-4607-bed0-6c1b758f53db,855a5bd6-3c3d-4c5e-b69b-5d2dbac46909,BEV-001,5,279.11
0a793d59-ad2d-4e6c-9dbe-07248eb2b328,bb6194a8-f1c4-47dd-ba40-29593fffc00a,BEV-005,8,554.98
9431402f-753f-4acf-8e31-a604fa4c1b82,bb6194a8-f1c4-47dd-ba40-29593fffc00a,JAF-003,10,227.96
d011d609-d793-4ec0-9b2b-31cede4ccbce,609475b2-c1fb-4888-8420-a236b7c737fe,BEV-004,8,598.51
067948f1-38d5-4444-940a-5822ee24518e,0f301aac-9738-4f00-bfa5-e03cbf395caa,BEV-003,7,375.11
09d76578-e7fd-42e4-b756-8f3a6a04058b,015cd6a6-502e-4af5-8a2f-446524edf0ea,BEV-004,5,835.93
ad518482-c89f-4bb6-97bd-2419336d14e4,3d580212-109e-43d5-ae62-a3b13c83425b,BEV-004,5,970.28
0887f31f-fcdc-402f-9bc1-ab9c14a52d45,a15cd6c3-0f0d-4b09-891e-77c5d54ecf1e,BEV-004,9,138.29
fe14339a-b8b3-412d-b316-86703f036df1,d90ea145-edae-464d-8e07-09e06821f954,BEV-004,1,274.46
1388d233-2273-4a32-b83d-1c00e3923596,d90ea145-edae-464d-8e07-09e06821f954,BEV-005,6,223.52
79407a63-f22d-4c6e-9176-bb6a0730191d,d90ea145-edae-464d-8e07-09e06821f954,JAF-005,1,547.13
754a49e6-58cb-4004-9a8d-91135c4e3a76,cb982c8b-d8a7-4c86-a8cd-df1ac46efcdc,BEV-005,2,509.27
b0f9178a-fa79-4e6f-803c-84142ca9f1ae,d1d09653-4e8d-4df0-a1a0-73c04f639836,BEV-004,10,110.24
8fcd879b-36e5-4a5b-9269-53a6f489b23b,d1d09653-4e8d-4df0-a1a0-73c04f639836,JAF-003,1,785.82
6ee11317-f84b-4c01-858b-b8cb879a8280,14e06e5e-1f7d-4f63-b1f8-3aa97de3c575,BEV-004,4,757.89
3b957858-6500-4dd5-9ef6-4233fa8c3ba2,0e7135e6-447a-435b-9d2d-afe3de90612a,BEV-002,10,684.91
577b0f9a-883b-435b-8cad-624da2b1a669,0e7135e6-447a-435b-9d2d-afe3de90612a,BEV-003,1,219.95
c4cb8dcc-19cf-419b-ada4-b1915f743dd8,bd1689ed-3892-4c02-a4c8-e20f58ed8c69,BEV-003,5,508.2
209475ac-88ab-422a-aa79-9a4742f570e8,5c001c40-29e3-4fd0-9d40-8c015976d974,BEV-005,7,930.48
984226d4-0788-4c4b-be1c-5671caf2f5c6,ed7dd0ae-d415-4b2a-ba6c-c5a6d5aad0ac,BEV-003,7,552.65
0eeee7f9-876e-4181-a064-00c6c763d9a1,e77d739f-0c11-460e-8130-943472d7c495,BEV-002,8,829.46
c4b01d0d-26dc-46cc-9ff3-68390be5a902,3a7506ae-021f-4850-bfb9-1bb40775e90b,BEV-004,8,866.37
9e203ffd-c454-481b-95fa-56071d408a5d,ca53831a-78b0-4b38-b233-ac09522a43f0,BEV-005,5,888.77
1e86359f-7f2a-44ed-b172-e80daa6c6b2c,b42bf3e5-617a-46ff-bffa-8c7e678278e4,BEV-001,7,599.08
7a31a950-5c30-44d5-a8cc-9d91ac288433,197d6f2b-a1fa-40b5-8b64-431709529407,BEV-002,8,64.94
b1eef65f-f268-40a1-979b-e6fe65695f62,bf925c20-fa65-4d8d-a54d-3983785f7dfb,BEV-002,6,452.34
7fe758ee-e624-411f-8a5e-6965f33ab49e,946f9028-961c-4e96-902d-7fd3bd793be4,BEV-005,8,934.56
a85c6432-84c0-4ac3-a583-d8e8a0b02b18,405fbe1b-629d-4667-a868-874fa3321f5b,BEV-005,5,255.51
f7e5a092-73af-4958-8d0e-0671e6e7ff07,405fbe1b-629d-4667-a868-874fa3321f5b,BEV-004,9,670.07
74f394c4-673e-4c7b-af4b-32d2ca3ee44b,44761b82-7bca-4a2d-95ab-0c8bc7f7746a,BEV-001,5,810.87
611f92c2-6285-4c68-a9f4-c49d1bfab396,44761b82-7bca-4a2d-95ab-0c8bc7f7746a,BEV-001,5,587.01
8efd5019-ec4e-4d80-8f76-d90b9097ce6a,44761b82-7bca-4a2d-95ab-0c8bc7f7746a,JAF-003,5,562.12
2e2a40e9-5468-4cfe-a489-5e71c6231110,5a18cf6b-d89c-43f4-8962-dd87a39ae169,BEV-005,6,149.77
2235e45f-a86b-4a64-9f73-18176617c719,bb67d0ec-84f5-4c1d-b92b-d6a34b490a41,BEV-001,5,363.31
a48f0568-a851-4d66-a609-6b7a23dc041f,f6989d61-e226-4505-b931-5a02a7e58071,BEV-003,4,799.81
93e1d511-8f06-40a0-8572-54976df33d59,f6989d61-e226-4505-b931-5a02a7e58071,BEV-002,1,907.23
9b6a8135-9c01-482c-a8a4-a4715bb6c305,f6989d61-e226-4505-b931-5a02a7e58071,JAF-005,3,670.36
3d7820e6-62ca-4f34-ba91-0ee0e9e6ed8d,f6989d61-e226-4505-b931-5a02a7e58071,JAF-003,7,139.15
c533657b-6f37-4924-b247-7b1da50d811c,eaad4a0a-fb2f-4d54-b9be-ee0afed8ad4b,BEV-001,9,346.51
5a292909-289f-4f7a-9d58-b2cbaaebbd55,da892738-8ffd-48e0-9008-38a04bf4fe33,BEV-005,5,138.32
73abf4cb-b1e4-49fe-a0de-582540996639,26f267c7-d422-46a1-b6d2-62aebd011354,BEV-003,5,892.4
9f4519b6-4e65-4d8e-91e6-326dd253ac98,121aac25-22c8-4df1-af19-9699f0ffdbfb,BEV-005,2,195.07
a7c64b73-9276-4e29-b875-e2ea0cb3297c,eda69c95-4893-4225-9ec6-4ab0a54a7529,BEV-005,4,836.95
cc3cae60-5e42-44d4-9af0-3fceffad7749,6009e57d-dfbd-458b-9658-80af1a19a918,BEV-002,7,128.12
32d28a14-af47-41fb-9977-113aff9872b0,6009e57d-dfbd-458b-9658-80af1a19a918,JAF-004,3,231.59
fad4704e-beac-4d15-8b25-e5ff42103413,3f42ef1b-49e6-439a-b1fe-341cdeb54222,BEV-001,5,659.04
90e64ecd-678a-4e59-b8d3-b46d4f4f9618,d025ce31-edd5-4b48-b04c-a0782e1d2b6c,BEV-002,8,778.15
177e45c8-6c86-4ba4-b602-bf430d02609c,c9500acb-e22d-4002-95d0-9c01fdb2ffa1,BEV-001,9,835.57
c6756743-36c3-44b7-a4af-023e37c95199,4912eac7-e0db-4448-a497-b40f5bd86b93,BEV-004,9,474.99
715dbec7-4ae6-415b-b3d1-625ace3a6256,34879eeb-ed38-4891-b55a-3e354852d73c,BEV-004,4,551.3
cbf48bac-b485-4b6f-9054-03924bff73e4,ace6174d-970a-45ce-af13-86c96b1ca8f6,BEV-005,5,931.99
84e633b2-2999-4ce1-8032-22d97a907d48,ace6174d-970a-45ce-af13-86c96b1ca8f6,BEV-003,6,283.03
b7429f5b-4053-499c-8546-688bfa8dc5d5,ce04c692-1a8a-4aaf-a8dd-fd6369cacb7f,BEV-001,10,385.79
7858276f-2c1c-447b-b4c7-e7425d37df66,6deee0e5-9ba4-4452-9b5f-2a8432033b76,BEV-003,4,780.5
05ef515c-eac9-49fb-9a0a-be3cabb8312c,cdbbc398-3b46-46b6-9940-f7f86b12463c,BEV-003,3,320.23
0a6f29ef-4fa9-44a9-9688-338387b551b3,6bc43f21-9cdb-41ee-9527-80c17ab4165e,BEV-005,6,531.34
e225498f-e67c-44b1-8671-39da19babb63,47bcfa7a-b010-499c-a666-7b6a6d3092ee,BEV-005,9,140.55
78e66ee1-b38d-4836-92d9-814ae73a50db,f9e9bb34-8bea-4251-9c15-935c061b2ca6,BEV-003,1,754.42
603e6daf-9b0e-486c-af44-3564ddfe7530,c1b1ef2a-e5c6-45b4-8c46-2ab7a2cc6a70,BEV-003,9,683.81
bb8ecd50-4f5b-45cb-95cd-83459a9ab8ba,850bd106-965e-4792-8495-a61d66c67536,BEV-004,2,590.89
254c96ca-5fd3-43ce-a705-c364205db898,478fc96d-fcf6-4f67-90be-e0f32f72c919,BEV-002,4,227.06
0e96c756-cae6-46a2-968a-6a1d2d7a835d,478fc96d-fcf6-4f67-90be-e0f32f72c919,JAF-005,7,647.7
27c932b6-0ad9-4b09-94a9-4d438ba9fd0b,c6cf17e2-b88f-4d23-a9b3-78f2173cdedc,BEV-001,10,820.82
473ec948-7c26-40d2-a24d-ea62dc034532,b7a94af6-6e8a-44e3-89c2-932aba82f6f2,BEV-003,3,972.74
ec6c7e65-585b-4646-a0aa-bbe1a0a2c3cc,2568b938-53c3-46c6-8c0e-5320959122fb,BEV-002,10,185.99
2f7c618f-2e44-4db2-870a-b6aedc83d48f,bdff35b9-35e6-4c24-9c26-8ad40ddb40b6,BEV-001,8,913.83
adcc971d-d8e4-4d72-b47c-3974006e5b59,8e3e941d-7fd1-4155-9f0f-e5e14fb67b38,BEV-004,10,671.82
b719daf0-2389-43ca-a7fa-a9b06e91bd85,1129f88b-d436-45da-b602-468ad85a09a9,BEV-004,2,241.53
fe0e80c1-fc3b-4733-b666-830698665c53,ff31bdcf-9bea-4f38-9fd7-63478c73cf92,BEV-005,6,536.59
2fea9131-7275-44ab-955f-25c2dbc3333e,ff31bdcf-9bea-4f38-9fd7-63478c73cf92,JAF-001,6,267.46
64569be1-7ac5-48f4-8429-22d24829f441,1650bb62-08a3-4f77-b9e5-b5dc1a93cf1a,BEV-001,6,774.76
8df25c40-8712-4b6e-a034-505c475a399c,441570b0-dcd2-414c-ac01-d4dfb8fb4af7,JAF-003,6,345.98
351f6c24-f5f3-4743-a79d-eeef9ff03fae,0e665a65-5b16-4410-ac50-74864a6932b9,BEV-001,7,564.76
33f50a28-090a-4513-bbfb-8eff4242d46a,98bce56e-1880-4b79-8316-483c523e9f79,BEV-002,9,978.24
65faf85d-9f4b-4ba8-ac02-799bde7b5a3e,6c300c66-25fa-4e02-964d-fa7b975983d9,BEV-004,5,446.52
f2d7d1bb-ba1d-44e2-b1ce-9e3ee34a125e,154ece3a-368f-48a9-b12d-77968ca1c60e,BEV-003,3,235.69
b203bd1b-3dc3-429e-8099-772babc1bdfd,f7baea3c-b696-4b93-8fab-bb49bc65ea34,BEV-004,3,579.99
10467324-9c13-4a2a-adc7-dfd0314b15fb,97ebf809-cc31-4845-89d8-e6409ce88757,BEV-003,3,130.85
d3423b26-3705-42db-bd78-9b34a39d1b23,97ebf809-cc31-4845-89d8-e6409ce88757,BEV-004,4,41.63
fa88b356-5d8d-4cfe-bedb-31eb9cd28df6,97ebf809-cc31-4845-89d8-e6409ce88757,BEV-001,10,572.65
99aa853e-805c-4097-8549-c4ae75d03a5c,d9208fc0-19c6-41a4-a5d2-e379eb0c6dec,BEV-001,4,183.86
c3f974f3-421e-4a57-9499-52918d5a1ecf,d23532b1-7896-47c2-b28b-08bcbf99ea72,BEV-005,9,552.06
f1ae479f-a04c-40cb-842e-ee71b1c8da86,1cf23420-8daf-417b-a257-50e8229b3c16,BEV-004,7,445.34
2b00e750-0f2f-4e72-a378-41d7e4d31cfc,a9c7f506-d7aa-41a0-a154-ba87a2585107,BEV-005,2,267.8
ab81872d-2fa6-4a48-8a8b-23753a01eabb,78413a7a-6d0f-41c8-b725-0d9d228d65a9,BEV-003,1,110.24
618eec71-9911-48ba-8664-25e25ec913a1,2ca69126-181f-4bfa-a87d-2b977a168caa,BEV-004,5,645.6
9c40749b-9de8-4051-9eb3-2c759ee5f5b7,f80cb2cd-3fa3-4d2c-9ecc-c7a6715c331a,BEV-003,9,294.29
12d016b2-f219-4da1-b79f-4a3a7e3a4b02,5c89ae41-11b5-4b75-bd3a-2b668320521b,BEV-004,5,249.78
4e5d1934-a510-4d26-bab8-7800453a9bbf,5c89ae41-11b5-4b75-bd3a-2b668320521b,BEV-005,1,738.33
35a416cf-a0a6-4ced-aafa-9daf6b55918f,0b2af369-7d0e-4501-b801-50cf65f33e62,BEV-005,7,334.8
a99c89bf-2654-4c77-87bb-c2ec65089aec,ee82bab0-d211-4502-879b-7cbfc016ce51,BEV-002,4,957.25
3ccf2cfe-7065-40ff-86cb-a2f197bf52b6,5c399fff-bee5-4a9a-ab53-0bce37586de3,BEV-005,4,56.89
8b2c0963-3db3-4947-9474-10b1f498eed5,5c399fff-bee5-4a9a-ab53-0bce37586de3,BEV-004,10,284.19
f618ccde-2852-4abd-b124-160ac85a47bf,58f78fa8-988b-40b8-9a2e-52d37bc39825,BEV-005,5,636.38
0930d980-61b6-41d4-8fd0-6f268d63264d,8eb17715-1ed0-4c78-8bf8-be01aa789f6a,BEV-004,10,742.89
5d2e8d72-b4cf-4712-a6f8-b80610de676c,962850ca-f64a-44dd-9254-eb4f0b553037,BEV-002,9,775.27
c0108594-feef-4e01-87e8-5c428b27022c,75ad4757-3b32-4f5c-aa86-8134bfb25c35,BEV-005,6,320.1
bd90080a-cd44-4ce9-b867-e70dbf1d8eb3,95a7a3af-3d72-4c14-a710-e68c16629250,BEV-003,8,831.45
3c3e053d-53ca-45cd-b497-90a9035c99f9,95a7a3af-3d72-4c14-a710-e68c16629250,BEV-001,9,701.77
e22a12d7-e05f-48ad-bcea-55a21bfbf712,05cd9f98-0bde-40b3-853b-da4f34f517a9,BEV-004,5,709.76
2c2a83d3-55a6-4b4b-9fe5-7a7001233dce,96f25c8b-68f3-44b4-b88d-87c9079cdb73,BEV-002,2,754.31
c3a8e23f-84bb-409b-8df6-3a50b6ec1d69,d50a7404-bb5c-4bf3-b1f2-d154cab40cf3,BEV-003,9,246.99
1e2a9979-3ad7-40c5-8c6a-3849ffef4c21,d50a7404-bb5c-4bf3-b1f2-d154cab40cf3,JAF-004,10,214.97
d62e4667-d841-45d7-a568-42fd3d9b67af,021fd9f9-6299-45df-903e-5c74fbc825d8,JAF-002,9,634.78
11556519-480e-4d6c-bf86-542d5d7af2ae,021fd9f9-6299-45df-903e-5c74fbc825d8,JAF-004,8,738.43
954df692-a12f-45dd-80b3-2957736699da,021fd9f9-6299-45df-903e-5c74fbc825d8,JAF-003,8,556.94
39900d16-cfb1-46af-9a04-ff333b46ff75,2ce9f634-c729-405e-bfda-56670a451b50,BEV-005,8,868.42
17759671-f1cd-4c6b-9c81-fa1c300c13ed,2ce9f634-c729-405e-bfda-56670a451b50,BEV-004,6,581.27
1ddcf5c8-2fef-40eb-9776-db721bdc14d1,309ab11d-376c-494d-8837-8ca825d76d59,BEV-001,7,393.12
92e508d2-5e76-4864-8d6d-1a0ca8cc9ed7,49a2695e-94bb-4942-afdd-5e27e42fd988,BEV-004,2,655.04
60f81370-d613-46f1-b934-ebc3fa66fb7e,977baada-7adf-4008-b261-1a4608865859,BEV-004,9,928.31
6e9c1bd3-c9fe-44e9-82ab-4b3703942ed7,fe850969-58d6-4151-b49c-6ca96068efd3,BEV-002,5,560.7
34547960-8421-476b-9d24-6ad569812c7a,cb9650f8-ef62-4eee-9dac-e177a9a82c8c,BEV-005,8,933.13
6356157a-74c0-45d3-936c-41633b52507b,2d24b145-0ead-4850-9e8d-8bfbdded6859,BEV-003,2,974.72
d28ec571-d1a1-4a7c-8349-dd05ae755c1e,58265a1a-e960-499a-8c40-2dd9317e5d3c,BEV-005,6,618.97
f947ee21-8efa-4015-a20a-08682e8db90f,58265a1a-e960-499a-8c40-2dd9317e5d3c,BEV-002,5,260.34
2bf863b6-7466-4798-86e9-afe2df47753a,e70231fd-799d-4a52-a7f1-bde99f0dfefa,BEV-001,1,694.62
1dd2fbc6-2466-4382-9678-58190d2e4fb9,c8090798-9dfc-4c6a-9d58-0c055ca00e93,BEV-005,4,61.37
1f27cc21-2a8e-4ffb-92ff-929717a01eed,b12eaf4c-f0c9-4d2d-83e4-69c067a78075,BEV-001,1,414.39
38242744-b443-41a0-b16b-9ec3c82a8fb3,14dc4ef1-b0e2-478c-8236-cb5f6d880885,BEV-003,3,282.56
d639c16b-6fdb-4dce-b1a0-021cf218d04d,84976e12-491c-463a-8dc5-ffc9c27995b5,BEV-002,1,285.98
0d580eb0-af51-4264-b59c-52e03d16bc9c,4e5f61b7-2d67-403e-85d9-ca884256a042,BEV-002,9,579.46
feb7f3ce-e366-4894-aef4-9a87ac25e3fc,93a70495-f67a-40d7-bbb7-448f65c04961,BEV-004,1,708.24
50bb9649-8b73-4e45-b215-db3db4a4e13b,71f2bb99-f0d7-4e41-beb0-8a0f66f4ae01,BEV-005,4,809.11
b1c29ef8-fec1-4d90-8e16-b4303fbcf744,d97d115f-f658-4f01-a1f4-8b1997f2181e,BEV-002,9,769.11
62f03b3a-8acb-4fd0-bada-694daae67b75,f825e358-2b5d-4828-a084-11c2dfa7a0d6,BEV-002,2,940.0
e7bdedeb-301b-4ce7-a9b9-9bc6d665ec56,6b638314-d759-4be4-bbfb-c8762c0d8586,BEV-004,1,934.64
29675dec-ad5c-4461-9a81-e253c1e53ca6,275c488d-b01b-472c-a5db-4f45427a689e,BEV-005,7,400.61
241b9b9c-9c00-4501-9278-e5a55c3ac627,9230dd29-32c3-4c4e-b564-bd4993f14924,BEV-005,7,753.63
4c9acdc9-9c5f-4dc2-bc17-1f5dbe58785f,7c0980fd-35a5-4dba-bc31-18b30fe73561,BEV-002,7,988.31
2b256c91-a412-49c8-9697-a55ffa1bca4c,bf46aac3-8dc2-41c7-9c24-cd14b10a7e2a,BEV-001,3,851.8
b87cbdbd-955e-4706-b624-d6f280ea58f0,cce1b808-eede-485f-96b4-f795f4d35953,BEV-005,5,214.83
4440ae43-ca83-4562-9647-dc66495613b0,06785dd9-7ed2-4bb8-9484-73e6428bf007,BEV-005,3,95.78
9ae5031a-1856-4482-bb9c-9e5a500d619e,cb814534-a53c-4208-a165-8fa330cf2b03,BEV-002,10,22.06
75728c63-0fc8-4f5a-ab1b-62e45d3d926f,cb814534-a53c-4208-a165-8fa330cf2b03,JAF-004,10,72.77
2c92d831-c259-482a-9f5f-fcb4120596ee,e6218929-e3b2-4c9d-b48b-4eeb609a4f19,BEV-002,2,653.31
4184fdb8-f70d-49d0-b975-bd701988f602,2b69e77a-5b1c-48c8-8525-9a0979a98b2c,BEV-001,4,813.03
ec99a5bd-d8f7-4a6b-a2ae-daec67601eb6,2b69e77a-5b1c-48c8-8525-9a0979a98b2c,JAF-002,7,542.64
2e0cebf3-677f-4ff6-9e09-2221d81fae3b,2b69e77a-5b1c-48c8-8525-9a0979a98b2c,JAF-003,1,589.66
b7216998-88d2-4896-9df0-7416fc79c21c,2b69e77a-5b1c-48c8-8525-9a0979a98b2c,JAF-003,5,23.52
8f3ab88d-dad5-463e-83ff-21fabe18ba55,51c172b6-5b38-4d0b-8149-ce39693d5563,BEV-005,1,421.28
b1a01fc2-474d-4ee7-b755-723250ede9cd,7c25d304-1dd6-4fb3-b936-5faea0f1fd0c,BEV-003,4,471.8
1178d87b-3997-4de7-87c3-e51366c56e92,6e9b24ae-a138-484c-adb7-5b28dff8da1d,BEV-002,7,295.11
911e83aa-250b-47d3-ac46-a21a26834c5d,9fa014eb-657d-4b4e-9afd-04afce670588,BEV-004,2,145.29
9ec8d268-ef06-4e78-aeda-3b0df421db39,9fa014eb-657d-4b4e-9afd-04afce670588,JAF-001,10,649.19
f9fe2827-12c8-4eb8-a45f-cf8e83499851,2ac166bd-25ca-44ac-a76b-7da93b960312,BEV-002,5,269.64
c9d436a9-aefe-4f7a-8ab3-eca3a6cceecd,fd06b6dd-15c4-4908-99d6-86250eb7157b,BEV-005,10,506.01
5ffeb00d-647c-44ff-b7af-10c90e11fd62,f0a5d7a7-084a-4102-83a0-f9ed504b5353,BEV-001,1,374.72
2950c5fc-969a-475d-9ee0-7aec299993a7,f0a5d7a7-084a-4102-83a0-f9ed504b5353,JAF-005,5,260.25
0c0d01f8-fc0f-4385-b582-98dacf016a87,7dab37b9-e339-4398-8f67-da155356b334,BEV-002,6,846.46
46cdf06a-3278-41dd-b0b3-418161401aa3,99ffff85-d7ce-4d5f-b912-87aff17a8415,BEV-004,3,238.41
bf022504-671b-4cd5-87d3-5a0e068f43d0,ccd122bc-194e-4d96-8ff8-768b2fa4d12f,BEV-003,5,432.54
30c7a0fd-9771-4507-8165-ade6c8f10eab,489624d7-811a-42c5-be8a-361ddc9fe294,BEV-005,5,164.63
acca20d3-c4a9-45d0-a29e-e6c22827c871,57458851-e34a-4c47-88cd-a95423561da3,BEV-005,1,373.8
2f60ddb0-a3fd-4a73-b1e4-049115609c6b,b1930823-8bbb-41af-be43-eec666700c05,BEV-004,9,532.75
4d7d3ad5-c46d-4da9-ac77-bca6cf4bd324,9692875f-39b6-4e6e-9728-b97845b0b9fc,BEV-005,7,769.32
ea03e579-b0c7-403d-b5a1-b1d46e14ac7a,1a57d59f-a89e-4066-bce6-c952282e38f9,BEV-005,9,648.5
b06c2ec1-3b1b-4874-9da5-f126e828a430,d6c0b716-6c38-4936-880c-7eb2bbe1caea,BEV-005,7,427.96
68d6522f-9d43-4a5d-a183-7824f8a71c67,d6c0b716-6c38-4936-880c-7eb2bbe1caea,BEV-002,4,279.62
28664884-3f58-46d4-8d0a-02893da0eb07,d6c0b716-6c38-4936-880c-7eb2bbe1caea,JAF-004,7,380.98
947059c6-adeb-41fe-8a52-4c88fda24610,e63f10c0-e594-4ff7-98cc-d9fc3ca502bb,BEV-005,7,588.4
3c52bf22-b0ab-48c0-96ca-de02d12d3b2d,e63f10c0-e594-4ff7-98cc-d9fc3ca502bb,JAF-003,7,638.21
a61d714b-6fec-4cd6-b58f-bef3a9dfbab5,e9b36078-09e3-4cbf-9868-7eaa73ffc337,BEV-002,1,412.64
ff6bd64a-1ab9-4b90-9fa6-4117e0999f23,6600f09f-4561-412d-a3e6-aa72fc4c7524,BEV-002,4,443.34
dfd720ac-75a2-4773-908c-6f05934e4ade,adeb7520-3525-4b65-973e-e309d80ed590,BEV-003,3,293.79
930e7cfb-13cc-4b62-869b-8c54c330ab49,53421fcd-7a75-488a-9807-185954726403,BEV-002,2,636.9
68824b95-bc6a-4a34-94dd-b65d02deebe7,17553206-f7c8-4d9b-bd73-3230080bff73,BEV-003,10,513.23
32857ef8-0e1a-400a-b6a2-186263e2268c,dabf6848-bbe1-4716-b5c3-4aec615f5521,BEV-002,8,133.9
7cfe06f4-ced9-4f55-b728-b2716a3c1cfe,cc3f50fe-b1a0-497d-9926-dedb63c41db8,BEV-005,9,387.66
1c90f79d-9448-41cb-9c10-7e9280141f15,cc3f50fe-b1a0-497d-9926-dedb63c41db8,BEV-001,4,633.35
0ec9e018-2d0d-438e-bd6c-5cded612f2cc,b6ab9ab5-4d75-48c7-b5ec-0dd089710236,BEV-002,3,799.61
4834cb34-01b9-4530-b759-cae72a6b45d8,d2908e39-92b9-49d6-a81b-e44be071f857,BEV-002,2,495.26
6cc85966-5c9d-4324-bf7a-f9a11f88c0c6,d2908e39-92b9-49d6-a81b-e44be071f857,JAF-004,4,837.84
ed20fcba-4649-456f-a957-57be97043fa0,646b95ce-6570-4b0e-8e7f-3680a20d1e21,BEV-002,2,784.64
59d1c9be-47c4-487f-9eb0-27b5bd2067ea,646b95ce-6570-4b0e-8e7f-3680a20d1e21,JAF-004,4,287.45
dff8b3d6-ca33-4b71-8c42-e6b0b9dbbb9f,c22298e2-1549-491f-8ea9-1d9d20ed4759,BEV-003,2,99.48
8f2e4f13-5f4a-40cd-ae1a-5ff13ae0a9b2,5258bea7-03ff-44e1-9093-bd84a3f85427,BEV-002,4,107.51
5448eb45-67b9-4129-96b9-3cfb2ac1eb1e,5258bea7-03ff-44e1-9093-bd84a3f85427,JAF-003,3,464.33
abe1ce23-af6d-42da-a21d-8ad912f30e21,cb296718-9b44-4874-92e5-2f416aff6013,BEV-005,5,283.85
a34fa96a-407f-4565-9446-651e6f578585,9600e505-5587-473d-b9de-d0454afe148c,BEV-005,9,230.42
b3d9a7ac-75a0-4c44-a997-ed60d4887798,9600e505-5587-473d-b9de-d0454afe148c,JAF-001,7,840.68
bde38d54-1c68-4e52-85e2-be5c82f09d43,ca11cc77-435e-40c7-a0ea-a2f57db5fe92,BEV-005,4,176.19
fa28c559-d5b6-453e-8912-f07da8aaf94f,7cad260d-8260-49e6-ad06-551115436dec,BEV-004,6,37.75
8927ca20-5e66-4601-96bf-a81531b29a44,e54ea267-e7bc-49b4-8cd5-6068c8fbf783,BEV-005,8,569.6
5f7d6447-79a4-455c-8de2-aad91a29b3ea,8680b1ec-6629-4f25-8720-f6496c4064b7,BEV-003,2,113.37
b54f9b2d-26ca-485e-b2e4-eee929b9057b,80841591-f00e-4fe8-adbc-bc0db2dda8fa,BEV-002,1,787.53
d38b3e35-e84d-440d-8f1b-d5c6b77dc1bd,80841591-f00e-4fe8-adbc-bc0db2dda8fa,BEV-003,2,464.47
261a0d35-2985-4f34-99aa-aa38ba119a2c,80841591-f00e-4fe8-adbc-bc0db2dda8fa,JAF-003,6,884.96
4a8b4b40-fa6e-4fb5-870e-f8d69163a16f,80841591-f00e-4fe8-adbc-bc0db2dda8fa,JAF-002,5,31.28
338e7f38-5c08-44d4-8266-a377c35056b8,f78ee613-cd02-42b2-b6f5-fbee4a4b8487,BEV-003,4,890.05
207113ee-f79a-4e19-ba3a-27570a27a08b,2efac739-85a9-4353-9151-d84f1dd7b3a8,BEV-001,3,817.9
adc8edf5-8fa7-48e1-a662-3c84839f8eee,f1606ec8-b0ac-4daf-aa7c-21546126eedf,BEV-002,2,574.96
85845e8c-054c-4537-ac1e-6fbefd1c5b70,f1606ec8-b0ac-4daf-aa7c-21546126eedf,BEV-003,1,921.68
9a073c2d-7898-4c97-9370-4fe46247fdfa,f1606ec8-b0ac-4daf-aa7c-21546126eedf,JAF-004,4,145.64
a43f5832-cd4d-49b1-9772-d6d19017a500,ca393607-c925-4531-a475-d76cd441d823,BEV-004,4,959.94
1ff6b272-46d1-42de-aa28-43f90aa95580,b43c1d18-6382-4ac4-be44-1f50582249ef,BEV-004,6,740.63
f615e2aa-12c9-4c2a-9167-925898be5fc1,b43c1d18-6382-4ac4-be44-1f50582249ef,BEV-004,3,659.63
f72b9268-24a0-467f-a135-b63a9db44f5c,b43c1d18-6382-4ac4-be44-1f50582249ef,JAF-002,4,73.19
88c160e0-57cf-4f41-9920-5d4d347f4b72,3da38039-1720-4619-aed9-f15171a5265c,BEV-005,10,445.36
294290e8-d651-405f-b9bd-8bdec0809058,040d2bc2-fd9c-4aed-9a34-319993e87d42,BEV-001,1,637.64
a858c54d-6fc0-4438-bc7e-67bb22a92b59,592d65ec-0be2-4324-b0e5-20492516ea83,BEV-005,3,628.84
88a651eb-3a67-48a4-8005-f5d87920e4e0,a622cdcf-3ebc-4a9f-bcf1-9cf3bdf6c712,BEV-001,7,811.0
76be8085-e602-426e-9fe5-54ab46191844,b382050c-319e-439c-8a35-122c7494214e,BEV-005,6,320.89
38bce838-85d3-43ad-bb85-3d2591921b58,49127b46-7c0a-4d8d-be9f-e42686e3ce5e,BEV-001,7,163.2
8dee6a77-efff-467e-bd1c-40deb7e0bd8f,83a60b26-b451-476c-9da9-6dc865e743d6,BEV-005,1,621.88
d76d2dd5-1b2d-440c-bf5d-20224c99e2a5,7b7e94d1-93bf-4e0b-b816-687d5b7d422c,BEV-005,5,875.08
ab1e48e0-c442-448d-ada5-438a76d58c35,7b7e94d1-93bf-4e0b-b816-687d5b7d422c,JAF-004,7,677.31
6630c428-50e4-472f-bbc3-b5afe8832131,7b7e94d1-93bf-4e0b-b816-687d5b7d422c,JAF-004,7,947.59
c83dbaf6-fe28-445a-a85d-1b571152fbe7,b9a1f1aa-30c9-4379-8b21-de11d220ed46,BEV-003,3,116.3
e7ebf2ab-9492-47df-80e2-dd2b933f4429,48bee958-dc3a-41c0-8c57-973d12e6c2c2,BEV-004,7,114.27
d9e8cc65-0425-4c3d-823f-07f015dd3ec4,c5742e99-11b9-445d-a671-c1dd1eae6ebb,BEV-002,4,756.53
556c1f01-5ec6-415c-8db1-64a4bdc2fdb2,c5742e99-11b9-445d-a671-c1dd1eae6ebb,BEV-002,4,208.92
28d4f600-0a4b-4f7a-a7ff-b9963c844d6c,c5742e99-11b9-445d-a671-c1dd1eae6ebb,JAF-001,8,904.2
578e4f66-06c8-462d-8804-03fcc48f64df,4867fb4b-6065-4786-b7c8-86b5716c34ad,BEV-005,2,83.43
690d86b8-4563-47d2-8f7a-217995197083,98aeec82-0204-4c0a-8448-69f28befcb32,BEV-001,7,292.6
5e6273d5-9aad-4016-84c4-ab5c34b5f145,98aeec82-0204-4c0a-8448-69f28befcb32,BEV-001,2,942.11
188d976c-35bc-4011-8e60-1ff4411704ca,b52fad7d-e36d-4a47-9666-8de2769f2c70,BEV-003,7,212.27
fc9956a6-544c-40a1-bedc-4f07a4f99ba6,f723a58d-5b4a-4894-8e1b-0e8589fed9d4,BEV-003,8,441.85
20ec41a9-765e-4b42-862f-1fe448cc7f18,f713c671-f2c8-494e-843f-eec2a6c964a2,BEV-005,1,67.8
a9321cc9-9e3a-42f7-8379-2cf4e72567f1,f713c671-f2c8-494e-843f-eec2a6c964a2,BEV-002,7,547.28
324e71a4-6785-4691-879c-8d740c810c11,9534db52-2dcf-4f6d-ba2d-0d8d7bb12179,BEV-001,1,28.44
bff42ac4-d452-45ba-aa44-a2fd8623e9b7,c3eab646-ab0b-4c0c-9b11-10d4d529ef28,BEV-003,7,408.66
3ea583af-f5ed-4ef3-aba1-0e2f601c61ea,c3eab646-ab0b-4c0c-9b11-10d4d529ef28,BEV-005,6,211.95
3576c1c2-36bc-4293-a8fd-ec93c2c5bfc4,70e6d72b-ddea-4614-a10a-93c81cae3ae3,BEV-001,7,979.45
04929888-e1ab-4291-957e-44111ab2f56f,707767e5-d6ee-405c-ab58-1eef8aba8ab9,BEV-004,4,94.5
38383b99-c3f5-40db-8b4e-2e454e995192,3663297a-1267-442c-bbcf-77bcfde7ade9,BEV-003,7,747.54
46a16c93-fdd2-4e70-9c34-3448d0e041d9,1bb824b7-1f3b-4a19-85f9-d9001474b923,BEV-003,1,526.35
ab774693-b221-4273-9b45-7d379d763435,7bf2f9ca-bbe5-4136-8096-123e0e6fba65,BEV-004,5,981.67
fb4e4569-f315-4bfe-af18-c9784eeab618,fb7ec1b4-812c-46b4-9b5b-364b623c6dd1,BEV-004,2,396.97
95e91793-be0b-4721-8dbd-062b32bd0b5d,11abbd70-ab91-40fe-8d14-c0e15ed0feb6,BEV-005,2,901.36
26534b3c-fa6a-4df8-b83e-3eee3778acac,929053fc-24c8-45ab-8e05-40c35524d786,BEV-001,8,127.33
fa224381-c3ff-4f52-9ff4-111734c11965,bbc27105-ab2a-4b75-b30e-62b76832252c,JAF-001,4,275.18
df019e8c-0cc1-4a36-969f-0e849ad31ea8,88e4c929-8d9e-4b3b-ba66-3abcb2f003bd,BEV-005,7,303.69
fe60318f-9684-41d3-a928-60528dbc007a,11845a94-e800-4b9c-aad2-c4bcd5d5ffee,BEV-005,9,830.48
fc341471-18b5-4bf3-9b91-d75c3ca81212,d010849f-24dd-4ba4-83d6-6fb1ddec5ccb,BEV-004,6,545.83
8a8f4cb9-2b32-4745-8037-12c5cddac5ce,b7151cd1-9387-4c11-95bb-a892fae0f127,BEV-002,10,447.0
a8cf8f2e-19e2-4a4c-8b3d-c158cad8750b,18f49a6a-cabf-4789-8223-585c65765ea6,BEV-001,7,848.63
37d282a1-a949-4451-87ce-2a116cb522d4,483abeb8-477b-43b5-91dc-59a1db9bb9ae,BEV-001,2,446.48
bd7285aa-95af-43ae-815a-0b2d82bd16e3,a409f426-dd90-4488-aebf-cf907c50105f,BEV-004,6,510.17
67073546-af2e-43c7-a523-33118c07ac7f,37e82ee8-f25b-4276-b07f-652303b58741,BEV-001,4,895.22
1d6f3b85-e407-42d5-ba1e-d785dbc68159,9c8288d9-43fb-4996-9f30-43d0af127f0a,BEV-004,6,25.91
8c5af510-187b-457a-b260-3ecc338b2ade,9c8288d9-43fb-4996-9f30-43d0af127f0a,JAF-004,6,154.09
4bc1e88d-6a80-4e93-9413-52f823d7de26,a0472925-9538-4013-b04c-0db61c0ea9ce,BEV-002,8,157.29
9b0373d0-8011-4def-92c6-85490ea3a552,aed07964-0b79-4a1c-841a-0f8673f540f7,BEV-002,4,500.74
add68536-5783-48ca-b130-98de4fef51a4,8f0ecba9-d494-4c86-970d-0a458a4a0a0b,BEV-001,4,928.15
b75ae6cc-6fa9-407a-9db2-da4e48c7846e,931e300c-304e-4c95-b757-a15d147f205a,BEV-005,1,383.14
f9cda946-5ab3-4f62-822d-8872c0ad1dd4,f2191b41-d9c5-4783-8fb6-cd10ac04c29d,BEV-003,3,859.55
ce1ded4d-e50e-41f5-89f5-3fd5db6e637b,424c92e2-b87d-47ed-a373-ef3a14dd244b,BEV-004,8,458.04
050040d4-dda1-40b0-9423-466e91c24301,7ac7321b-15c8-422a-8544-8c68b0dcbf9d,BEV-002,1,596.48
73d7cb92-14c6-46cd-895b-84afe84f0264,fb0cebec-b19b-4baa-9d5a-6e8133440f16,BEV-004,10,519.98
908282e6-8661-4ebe-baa0-51661c510ac5,fb0cebec-b19b-4baa-9d5a-6e8133440f16,BEV-001,9,409.02
d282ef62-2f59-4bd3-8e41-dd57d620db57,31e1f375-d772-4545-acd3-d067294a8053,BEV-003,2,11.26
92363e74-5007-4574-822e-090ff8361559,13137ebd-f4ad-494a-a900-e705a3ee6d56,BEV-003,3,675.19
523ea7f6-d489-4395-9436-beb242008f20,bdf7c7a7-d461-44ad-96d3-e0085e3e6783,BEV-002,5,367.73
e919edd4-2595-4610-8483-3978d73bcc25,6b8212e3-c0c9-4b3b-8aab-f08f5d2bf942,BEV-002,4,486.17
bca3290c-e3ee-4fef-8c1d-87f4207561fc,926b0109-ed94-4197-bb62-351d7029cf6b,BEV-003,10,427.64
feba6355-fa8a-4326-807b-404f088e7332,926b0109-ed94-4197-bb62-351d7029cf6b,BEV-003,7,35.09
cbed3857-8c95-4d82-934e-e375a03bb956,926b0109-ed94-4197-bb62-351d7029cf6b,JAF-004,3,988.13
4e254d7a-c62c-4c31-a131-115fc84bb783,926b0109-ed94-4197-bb62-351d7029cf6b,JAF-004,8,182.61
43c2088c-e0c1-41f8-b6a2-0bdd42042bee,98624ed1-244f-4bc7-96d4-bad1c323ff0e,BEV-004,6,393.22
21109d20-311c-46b3-8b45-2046406db1c0,550aaef0-5656-485b-ac69-051248891a4f,BEV-004,2,507.15
fede1015-132e-43bf-8ab1-3977336f0ea5,6e23fccc-cb13-4edf-baa8-5e0fdab91c38,BEV-004,5,515.39
242e3bb3-bda6-402f-89a5-e21c866d39aa,346b532d-b8c9-401c-b879-67b58648ab90,BEV-002,10,96.41
01052429-9f30-429a-90f4-c6c59ffe8758,f6b53b71-c7e7-4a1e-b1f2-8e9447450e50,BEV-002,9,684.17
18774008-4583-4954-86b2-558a7877a250,a7feb75f-4ee3-4a8c-89a4-1a7898d3a72f,BEV-005,4,743.6
2f969634-8e20-4c1d-9bef-57db9d7d67df,f866743b-9f8c-4e12-bc70-546711089873,BEV-002,1,524.13
e42c46cd-8f63-4f7a-b92b-88dfe4e3c71a,67a0c3b4-2b5a-4565-b13f-ec9ec6fca0f9,BEV-004,4,229.34
8136ce4b-81ee-408a-9ea5-a97acc10e77c,5ab08e20-f5b7-47c3-8d8d-4bb8120cc892,BEV-002,6,421.74
95c31f78-22e5-4265-bdbb-6eb1b2d14cce,84567ffb-09ab-4243-bfcc-bb767df6dbf7,BEV-004,1,430.35
a154a5fd-f9e1-4ce8-805f-0aabfb99f3d1,30543cb4-d8fd-494c-b026-f5fb246a7dc9,BEV-004,4,25.26
c8221c37-82e9-4bae-847b-228324b1b405,fbb974f2-2684-4c65-8e17-3c5ce372e346,BEV-003,5,607.07
dfc2d45e-aaca-4789-a2fb-085c626e056b,4002f272-b6ce-4edb-a8d1-5af335196c9e,BEV-003,7,919.93
316e1f2c-3896-4240-891e-536f4401b22d,23ad3983-49c2-4da2-8f7d-86072c7a7e67,BEV-005,7,536.55
927b734c-54c4-4285-afcb-0076103b1920,eef1c4ed-29c7-44b4-9daa-aa5e9ef134a6,BEV-001,3,848.78
f94cc1cd-704e-48d9-8eed-ffb4d6a9f57a,eef1c4ed-29c7-44b4-9daa-aa5e9ef134a6,BEV-002,9,59.28
c45ba128-20b2-4347-b121-34a283ba0b9d,7ed7783a-86b4-43d7-aad5-136b241ce1eb,BEV-001,5,170.85
89325bef-2c5e-4290-a1b0-7719854d0a57,612196b7-7428-443c-81fd-eebdb254d595,BEV-002,2,330.47
5ac45695-a36e-4a1d-962f-3fdedb450f41,a04535d8-8528-4a2b-a761-246e25c9a55c,BEV-001,4,71.18
89da4dd1-05b4-47ab-83f9-48a5a07846fc,acdd7675-4cef-4f46-956c-2111883720c2,BEV-005,7,682.26
b74f66ad-1311-45e2-a8b8-6961d94b8bf8,661aefe4-38e1-4c1d-a503-c8b7e80b116e,BEV-004,1,851.82
47f0f5d6-0026-42f9-a8e4-76ad7e77f334,c5fbcaf0-88b8-469b-9f7b-63467b2b5933,BEV-001,1,906.16
4cc5442c-c224-4c6c-a727-504ba65bb455,c5fbcaf0-88b8-469b-9f7b-63467b2b5933,BEV-003,2,520.19
9b02e055-f0af-482e-ac29-e1c910bd30eb,2f07ed32-df68-472a-bfea-73f192ee57b5,BEV-002,2,673.48
30a7bd8d-6d4c-44bf-8441-8cac9ea4ccc2,2f07ed32-df68-472a-bfea-73f192ee57b5,JAF-004,3,395.33
c1f25b44-e328-46bb-92b2-543e95d5d8d3,f4dd0462-4419-461b-abde-1a66da3c63b3,BEV-004,10,427.67
adfcaebc-ff5a-4fab-a205-4cf5d0b2f998,3c37b45c-9af7-48ab-99c9-b821edff153e,BEV-002,1,940.87
5c486769-2bcc-4760-abc6-929eecd93f4f,3c37b45c-9af7-48ab-99c9-b821edff153e,JAF-001,6,421.53
9930364c-c21b-4d6c-a37b-830fc38d3d80,b488ddcf-512d-41e5-a706-072e97d3d807,BEV-005,4,442.61
34142bb0-8224-462d-a1e9-3df7b2bf6047,86b11b53-ee65-4346-90d9-65306411a2b1,BEV-003,9,945.34
8efc3b62-8435-4ac8-8b27-f104802cf774,1d98fe95-1e2e-4806-a837-640eddc20358,BEV-001,8,384.46
9ebb0355-64fc-4061-9dc6-8da138aaea5d,72811d25-66b7-47da-aedc-5e358f7aa097,BEV-002,9,644.96
b0a9a84b-ac44-49ee-9748-4f324db0ab58,c55a9a99-d547-46e9-be77-3773cd239ab9,BEV-004,4,436.66
7baaaf8a-06c7-4a50-84a5-3da2f558f364,d4581289-98b9-4c0d-82ac-517e707365a7,BEV-004,4,992.71
c0c6087e-0260-40d2-8232-a03bf380d3f8,2b82f71f-6b74-4cb0-8b4a-d276f0a8c89f,BEV-003,2,693.59
a5166994-276f-42c6-b0c6-f4611a64c9c3,13b6b867-6844-49ec-93ad-bec76459d4fe,JAF-002,2,735.02
1b7c1046-67ae-4d34-ab0e-9fcfa48b91c0,35118ac7-ac02-4954-8354-1f28f3b4ac2d,BEV-004,4,840.17
26a1ada7-2b51-4c46-a019-11f26c00c7ca,c7e89481-31b9-4d09-8a63-6020fe0109fd,BEV-004,9,27.49
5f26b534-fe2d-48fb-995c-dab4f3154819,c7e89481-31b9-4d09-8a63-6020fe0109fd,JAF-004,1,797.24
da6bd394-9fa6-4ebb-8ceb-70516b51a860,043029a8-a578-4f4c-b2f2-67ee7a36cdf2,BEV-001,8,995.1
d0491a44-d528-4676-958c-4a81fb3f28fe,0bf0f1ad-8544-4029-ab65-01f426680324,BEV-004,2,925.82
dff68d54-4a4f-4955-b5d9-9ba1f22e2b76,0cccdf65-2c11-457d-8ab1-b6248b96c608,BEV-005,5,407.58
a9a0a775-5817-4464-a10f-2b60ca2c592c,0cccdf65-2c11-457d-8ab1-b6248b96c608,BEV-005,2,333.64
129b4163-a971-4d74-9842-b78df8ffc106,0cccdf65-2c11-457d-8ab1-b6248b96c608,JAF-005,8,403.9
896cd6f7-bed3-42c2-ae66-cf68c461270e,5ecc6191-e866-4078-b47b-cf542831bb66,BEV-005,10,751.66
53e488d0-51cb-45fc-93cd-6e7b2492b0a7,5ecc6191-e866-4078-b47b-cf542831bb66,JAF-004,4,402.7
b7a27dc3-cba0-4904-8c4b-61c2d4ac2262,c0e26304-0ed8-4574-b6ab-687eb929f476,BEV-002,3,29.29
c96984ff-1cc7-43a6-9940-d91e5e73e4ba,c0e26304-0ed8-4574-b6ab-687eb929f476,BEV-004,5,467.99
6002a7bf-c0fb-48b3-842e-924e7e38e43c,c0e26304-0ed8-4574-b6ab-687eb929f476,JAF-002,6,92.46
725edec3-c94b-4614-9a81-da71cdbc4e80,c0e26304-0ed8-4574-b6ab-687eb929f476,JAF-005,2,916.66
d30ba71f-4c78-4bd6-b29b-7a7bbef8009b,5112b675-e45b-4c03-b877-cf8851535958,BEV-005,3,51.91
49b236c3-df96-4be3-b365-f7a247dc62aa,ca6acc0d-0c04-409f-8daf-58e60e741758,BEV-005,4,927.33
ab0afe69-7d15-4060-aac9-9cb1474fac6a,22f665f0-656e-457b-875d-b9bdcbaf8715,BEV-004,4,326.42
3a3508a6-97a1-40c7-aa5b-93ba1922ff04,22f665f0-656e-457b-875d-b9bdcbaf8715,BEV-003,9,231.34
7cab3698-64ee-4c0a-a0e4-9d11094bbdad,4304d29c-6335-4432-b134-fbfab5077976,BEV-005,1,208.49
8578bbbc-9eca-4bc1-98e3-f02b0dc0d994,71e805c3-6664-4c1f-b75b-ae8e57aa4afd,BEV-005,9,587.64
9bab0d49-ef89-4640-8d33-d573906ee053,1fc95cc7-d156-4260-82ec-8db76be5d606,BEV-001,2,941.78
b1c10a19-ff25-4877-9c9b-4cddd933105e,296e1d20-d481-417b-a68b-c749075e1b5a,BEV-004,4,21.95
ce0419f4-0f8a-4ed3-99f0-06099216e0cb,5c6fdcdb-01f8-4d62-83bb-7271bf1fb81a,BEV-005,1,588.86
aac97e7a-97aa-4ba0-b3f1-a02b8c335554,391991e8-4fe7-42c7-a0c4-aa6467586f24,BEV-003,10,748.48
2598bf6b-3a20-4a98-b021-847307e6c3fe,3c64a415-ec75-4d03-bf03-8fc40c5c0a8b,BEV-002,10,100.29
ecfbb8ce-30d6-44d4-ad19-93163c654683,3c64a415-ec75-4d03-bf03-8fc40c5c0a8b,BEV-001,6,563.04
6976ff27-40da-4004-980c-5d883f2639be,5b6d41e3-7d21-4e42-a1e7-f75fbcb95ab3,BEV-005,7,791.94
011ac9cc-2e36-4658-8eb3-a9ea9fd16a4d,fc650ac6-97c2-42b8-8355-aa17e5161d4c,BEV-002,7,285.64
d94941c3-2a65-4388-9228-8be4fc5296c5,cb0b6b80-416f-4859-b61c-c34523ef7249,BEV-005,6,862.73
2aaf981f-30b2-4cd6-a417-3ef89a0bf50c,3ce2bcf4-d0fb-4188-94ae-32feee92acee,BEV-002,6,970.75
99ea333a-e678-4af8-92cc-e7c4d06b11bf,3ce2bcf4-d0fb-4188-94ae-32feee92acee,BEV-001,1,274.03
3ce66dcd-a613-4b4a-8318-480105c1b335,3f6d8f01-4e83-46be-98de-9726f0eade86,BEV-002,6,715.34
053375d1-d53e-4d46-abef-4d90eedf3b0d,a6b468fd-7ca3-48bb-9a64-05cf00d55c69,BEV-003,5,271.28
6337cd1c-449b-4467-a65b-86908da34a38,d13e1c3a-f87c-4bbe-8889-9670eff26199,BEV-004,1,401.71
c392a5fd-b5bc-4f75-ab7e-4b102591ec57,cd335767-27e6-43d7-9eeb-99fd4af4ebdd,BEV-003,4,723.78
b66126fb-8a9d-43e0-85b3-9b0f5f722539,df489e55-f112-4f42-991e-44618ead050d,BEV-005,1,62.4
b52d47dc-a4f6-4414-97bd-a35e97d1703e,c073e649-0871-41f3-b532-a0e968d8a63f,BEV-001,5,967.64
15d9122c-2d98-4815-98d4-e807f90e6759,c073e649-0871-41f3-b532-a0e968d8a63f,JAF-003,2,65.77
6d771239-45e7-4cdf-b950-9593fcc6be73,417d53c3-825a-406c-9a4f-5401341836e4,BEV-002,6,57.99
a2bb77a2-8723-4545-a226-8dd32f078274,aa16a8ef-8f5d-44b8-be27-6519b1da27f2,BEV-005,10,849.21
80e42414-0b55-4441-b464-563deb97d013,aa16a8ef-8f5d-44b8-be27-6519b1da27f2,BEV-001,7,766.21
eafedb5a-b160-48e2-851e-334cb574960a,aa16a8ef-8f5d-44b8-be27-6519b1da27f2,JAF-001,1,534.64
6d13dd41-c957-4dc1-b279-0978475f7970,d5dad38f-5cd0-46d8-9c5e-0f02a93118f4,BEV-003,3,362.84
d14e5370-59e7-44e4-84c3-3450af341bb3,b688f86f-75f3-4ed4-91e6-ea49d1d2617e,BEV-001,8,681.28
57d56c85-5e0e-4209-8f27-75f4915959f5,b688f86f-75f3-4ed4-91e6-ea49d1d2617e,BEV-005,4,31.17
5c91a6af-8db2-4803-876f-e7d828943254,b688f86f-75f3-4ed4-91e6-ea49d1d2617e,JAF-003,8,521.42
f99d03b9-1951-4fc3-91ac-13b94d55bf84,e4c8e105-faa4-4817-a2e5-72ab3d8cd5f5,BEV-003,8,272.41
da4d0132-56d4-4d80-b00f-6a0b3a8955b2,70313933-1172-4cfe-990e-ff779cd18838,BEV-004,5,237.76
8e154dfc-0c90-45a3-9c54-8f1c2c321c19,c67ad836-d860-4e1f-9566-91d380315876,BEV-001,8,213.08
75679cad-671d-4045-913d-dd5c0a3305ac,deeab981-e0ea-41ce-a340-3455ac52301b,BEV-003,7,36.32
6b6d4c8e-a12c-4a3d-b3e0-40fb7de1601c,bb2589f4-cdc6-4049-a4ce-4d3482e2027b,BEV-004,1,72.98
e7c6a3b1-da0c-4af4-a4ae-729b38fe79ec,3b89f530-f75a-40a4-a5c4-c164dcc0e9bf,BEV-003,1,739.62
b7721b99-9965-47ff-a5f9-11338ce85d49,ae309ec5-ce54-4e4b-87cc-04fe5a3b3ec1,BEV-002,3,89.65
575a0110-7fdd-48e1-a208-2ba6665ca542,ae309ec5-ce54-4e4b-87cc-04fe5a3b3ec1,BEV-004,8,265.65
a24eee03-0a80-4387-9d89-497730a01901,725e0274-ddbe-498c-9715-bfe1458d56ea,BEV-002,7,747.69
3d82cbf5-cfb8-45ee-a6a5-6149ca3aca1a,745d0205-bf3e-4ca0-989e-34b11eb550a8,BEV-002,1,713.15
daf7e16e-f161-41d7-bf93-25f5e020fb02,30341acc-1413-484d-b72a-2cbd1fee5e9d,BEV-002,7,896.17
0531fe18-aaf0-49fb-93aa-8bc05441276d,192b29b5-e221-4d5a-b5a4-efe7ee40a062,BEV-002,10,594.75
9a427bf3-ebf8-4b1c-8343-35c5ce8f2249,755144bb-46bc-4f2d-be83-a58f3d5fc9d6,BEV-004,4,29.04
88866fb8-c6a5-4e10-a507-cd262dc3f778,1c029d17-6bcf-4b91-b124-90bc644bae86,BEV-001,5,788.72
2b4260a6-5b40-4c21-8ee6-dd45da1a82e0,f7c67ffe-cb1e-442b-a16e-b12eb9e20b17,BEV-003,4,741.02
fc0a985b-dc09-429a-b0b7-fb45ecb0b568,f7c67ffe-cb1e-442b-a16e-b12eb9e20b17,BEV-003,8,184.08
076d8e30-cb2d-41cb-920d-47a9f75823ab,f7c67ffe-cb1e-442b-a16e-b12eb9e20b17,JAF-005,6,15.72
b22d2234-5c42-4fd8-8b72-97522a473403,f7c67ffe-cb1e-442b-a16e-b12eb9e20b17,JAF-003,10,804.94
2a50e1f4-c209-48f3-9284-fd713040640f,53a99b41-6ce7-4c32-8abc-8216d8992133,BEV-001,8,145.83
b69014cb-544d-4f6c-a3e8-bdafe20e030f,53a99b41-6ce7-4c32-8abc-8216d8992133,JAF-005,5,723.29
8b30fc00-c284-490e-a01b-455017b30dec,f54643f8-e005-41f2-9995-63efb3796f6f,BEV-002,6,733.28
6c7a5c75-cdf7-49d3-b13a-7cfb572b2281,f54643f8-e005-41f2-9995-63efb3796f6f,BEV-003,1,985.07
608979a7-be8c-473c-9588-bdeb044df2c0,f55bc723-3300-427a-bd13-1625fbb6ce61,BEV-005,7,914.06
5ff114a7-de1f-441a-bd4f-d6a7dd55d0c2,ca8cb291-83b2-4892-bb28-c4cb81975730,BEV-004,5,232.59
d0fee972-dcbf-44c1-9857-71f43fd3e23c,61bb4385-2f80-4105-abfe-81f994a54a7a,BEV-002,5,891.52
e25e29e1-86c1-4079-8c96-964de5f23c4b,9aa492e8-1917-4b0f-97d5-fa0f50ef3976,BEV-003,6,748.19
dc44c644-1a0e-4946-b825-ea53a9c74f53,4c6d0d54-58e9-4516-9911-8e3d0500c65d,BEV-004,3,153.81
8c507f15-d637-43b8-af36-f5cc8613e6fb,895b1500-4228-4ad5-aa0a-a0b3ad30e39c,BEV-002,10,165.71
5e7728be-f86a-41e0-8e26-02c38bb6531b,4d3e7bef-828a-451a-bf3a-4267c4dcc6a2,BEV-005,7,493.22
9ed3e334-7806-4cd2-855d-4e4144da95ad,2fb073cd-b619-485f-bc3d-f65e8525792b,BEV-005,1,158.45
2d7f3e9b-c299-4adc-b8a7-670d002fa8c7,8c01d748-32b9-4c82-9088-a659d6fd00a5,BEV-001,4,307.26
dd78058a-07ea-4f69-816a-7bf0136a71cd,710ba5f0-60d3-4943-b74e-706c8ee7b30d,BEV-001,10,788.33
e98acd4b-d37d-4681-893b-6c25e04b2c40,8af1ce57-813e-46bb-aa49-5df472bfda3d,BEV-005,7,958.62
5b25182b-5d48-478c-8caf-c2ae2b352801,795dfa3f-6fb9-412e-b459-7eb225230895,BEV-003,8,332.34
033216a7-947c-47e9-a51c-744700fc029f,f71f61f8-b52d-40ae-a7c3-4e54e8adbb16,BEV-005,8,981.14
acfe7fd4-abf9-4e32-bd87-f065c0acbb02,f71f61f8-b52d-40ae-a7c3-4e54e8adbb16,BEV-002,6,959.49
c9e178c9-f3c6-44a4-81b8-c499681758f9,dda86265-decf-40d2-9612-f575e4583a95,BEV-001,7,587.64
b442787b-8415-4a02-a1eb-977ff4beb203,e2011b93-f3c8-4b59-b35d-55c87fb1a18e,BEV-001,6,247.37
cde70721-606e-49c1-90e0-a0ffb5bd6f03,436c06da-f3dd-49c7-9569-58d0332661c7,BEV-005,9,483.51
35a92d45-5f61-4890-b953-3f87d48d5419,7649b881-23a3-4d5f-872c-559c487a753a,BEV-002,2,623.28
418abcf3-9399-4802-ae46-5aafcbd07097,074863cd-7bfe-4c4b-89d8-97404d78a30b,BEV-002,1,407.54
11b5a973-8077-412c-840d-b742717ff63a,f90e27f9-aaba-49be-834e-0fc0d916dfbe,BEV-003,9,482.58
a1b51347-4b9e-4525-a13c-74a019dbb7d8,7b79961b-41e2-4109-b806-c35e6276a4ae,BEV-003,8,781.48
831f6d9d-9119-4f24-a145-1671749ae84a,c6994481-4344-479e-902e-d1facefcb4bd,BEV-002,10,582.73
d7cd5998-3558-4bfc-87bb-fe57291a856b,006cd50c-9ded-45ac-a113-73aacd4e9a2d,BEV-002,7,35.59
97e150eb-39a3-4c3c-99e2-9de2b0caba11,006cd50c-9ded-45ac-a113-73aacd4e9a2d,BEV-002,10,471.15
f838990e-20f3-4888-b63b-ab3c60acfddb,f2afc0c5-c27a-49eb-b5fb-c9298b44b3c8,BEV-003,2,781.23
954c0a6c-eaf5-43af-95c1-f669c09b902c,1f7132d8-d54c-486b-9e81-9af77f245fd1,BEV-002,5,812.66
7ecda8c1-71ba-4535-ae59-c06890072ca7,05d22acd-bda7-4ced-9c7c-f19a6edd3be2,BEV-001,10,255.78
a9afdd9e-eb7f-4419-80e3-866866fc3efc,7c81a1db-2d96-491a-839a-0e2fa3b4051c,BEV-001,10,881.49
40620b6c-3e45-48fc-81d4-9b07cfaf129c,0e828128-acb2-4515-b2cf-ced548a6a81b,BEV-002,3,241.73
d08a822b-1852-4882-ac85-14b0849fd93e,41822bcd-4a4a-442a-a4ef-61818674e045,BEV-001,1,109.89
3ac7bd82-b538-4392-8ef2-3ed5f1a45a14,7b96eb0d-57d1-4519-ab91-7739074c4d94,BEV-003,5,496.66
ea37875d-a030-4ef9-bc7e-7c1ae975017d,6613fadd-a510-49b1-bc43-0f0a5a1cdddb,BEV-003,10,272.44
9fb18817-9ece-4ab3-b9cf-a680bdaa7721,048bc0e7-678a-4369-9b53-b38d13ee54bd,BEV-004,8,199.3
01f46c20-a804-49cc-b971-0805de42672b,6e000904-8cfd-430a-a8ad-fde682a7d9ec,BEV-004,8,857.09
f2bc48ce-d74d-48e6-86e3-0b07e497e586,b668db3b-c865-4926-bda0-bad7832c36f1,BEV-005,10,823.23
10695b6f-b912-4e68-95b0-76c495fcb07e,5f393393-58d7-4270-b8c2-194c0c59fcdf,BEV-003,7,158.04
1a02a136-e078-47af-a7f8-c8a721c9d3d1,fd353eaf-3269-49dc-9c0c-152b27fcc5fc,BEV-005,4,76.8
3eab62b7-0f60-4be9-871c-d5ff4d0bdd71,e5f9b6ff-ba83-49ac-bcc0-6ec694a2570d,BEV-003,9,394.13
14d49049-a7d4-4eeb-9a89-edeb144a7db1,1f1fca9d-e953-47ca-9fa9-df024f7f5809,BEV-001,7,607.52
03953e7e-ecb7-42f3-8da6-cdcea2a3d913,1f1fca9d-e953-47ca-9fa9-df024f7f5809,JAF-005,7,806.76
7f26b984-1ce3-4ad5-93bf-4cc979db8487,bef7eef4-1e32-4840-95c1-71d8b71579cd,BEV-003,4,629.46
588c387a-f955-4f71-b71b-1b33269267cf,347c7747-a05b-4004-91b5-81db6d34ae31,BEV-005,6,312.92
63cc1748-629d-48ef-b09c-e494296abb97,7731d2d2-6aca-455f-86a0-c9485979f46f,BEV-001,8,612.34
8daa2160-9675-48db-920d-918ca2309b19,7731d2d2-6aca-455f-86a0-c9485979f46f,BEV-003,2,38.05
7fa35536-9705-4441-bb49-3a30ad2a6654,41499e43-4dd6-4dec-b517-1cdc59432fb9,BEV-005,4,628.34
3e6ed833-6f9f-4424-ad1c-ead2af40799f,2ec17e41-c928-4de0-a914-6992f4bded60,BEV-004,3,806.79
bc79948c-a4e2-40a3-83c8-d05382f4b1c3,42987e4b-1c7f-417e-af40-27a83ed294cf,BEV-003,4,662.93
b9ca0a54-4c7d-4c2c-b126-780b821b5c87,114d1403-aa22-439a-8b88-0f8d33d378eb,BEV-005,10,404.79
6aaeaca3-bb4e-4417-8da9-b92bf7a30f92,032c0dbe-e93c-47bb-b6fd-8a97e2eac419,BEV-002,5,83.98
082ddda7-6b59-4025-a9c7-931e05c9d939,032c0dbe-e93c-47bb-b6fd-8a97e2eac419,JAF-001,1,539.08
31cbfb3a-8a0d-48df-95eb-c27be7144ba3,df1597b7-b33d-45bb-8aa2-291dafa67e72,BEV-002,6,199.54
2be2bd16-1b97-46af-bf8e-684613961b86,dd3f7fca-2683-4e30-87fb-9898adfa389b,BEV-003,5,800.37
bc0a287b-c51b-452b-b6fd-e46657d96b66,40b0e6b8-808a-422c-a4b7-918c29f129b5,BEV-003,8,22.52
23901829-bfdc-4e83-9231-26a4ad44115c,abf6240c-ee45-40f1-887e-44447c77342c,BEV-003,7,641.52
e50fc1a8-b9de-4275-a8f3-f8edbe1cf1b8,72116a0c-7835-4db8-bf57-a16243198a4c,BEV-002,8,234.97
3e06de52-45b5-4b14-9663-bdb4d9281a48,7fa8c85b-f125-43b8-a7f6-c55308611cd2,BEV-003,5,938.21
24b7ac6f-247b-4253-9484-d77449b8529d,9fb5b32b-7639-4c7d-a88e-8e34b8b29e8e,BEV-005,5,458.91
bba81f22-3a2a-4840-88aa-84116e9b9aa9,27677488-cc3e-4624-9ff5-eb37e78c394b,BEV-001,10,613.84
5e0ef1b1-3d72-4442-ba54-68822369d923,77341d95-03a1-4911-a1e1-0cf77a333a47,BEV-002,6,108.01
b62201de-51bd-474f-9860-09819810f026,77341d95-03a1-4911-a1e1-0cf77a333a47,BEV-001,9,350.7
96b5e668-f573-4d86-89f2-7eb6695717c0,02c83132-e7c1-4766-8709-b866f36260ad,BEV-001,3,276.73
3f68a25d-9009-4af2-8c70-7b18ce6a2da8,d4d6315a-bbbe-450a-877a-4b873b00813b,BEV-004,8,728.29
f6c99296-981a-4002-b361-76c531722dba,d4d6315a-bbbe-450a-877a-4b873b00813b,JAF-002,1,770.31
e56c580f-6339-4a28-83fa-5e1bfae315c4,27f3260c-7adc-4f51-b1a4-e2c5c87adb18,BEV-001,2,274.79
91cf0a55-e22d-41cd-af5f-6dd188f6a5b2,ae5028f7-1457-4c42-a838-0f0065f1c2fd,BEV-004,4,382.84
4d71aa70-55ea-428d-be77-ac4aa940d46a,25e5a40d-6e9b-415b-b6bf-d9ddb83055e7,BEV-001,9,500.58
4f16694f-9cd8-4527-8c96-0b474534502e,6d43acd3-9a5b-431f-aec5-ae3252458e9c,BEV-001,3,218.24
b0ece8eb-ee8c-4777-a572-220f68715311,266fe6fc-fbd3-49e5-9712-0b83486afe37,BEV-005,4,192.12
0c0e4a9c-ee1e-4ef1-8ab1-4f1736cd18a7,b324994f-1c34-483c-9c0a-51f5b76f8fd0,BEV-004,3,30.75
dff117ef-4f8b-4987-a49f-c1fe6ea51887,371782f6-a490-49f8-ae8c-cdbfc4183259,BEV-002,2,903.99
49eb4229-1f34-43cc-aaa3-06d9814d6ec9,2f7f628e-1bd3-422a-8a07-e3c3d6d6bd49,BEV-004,10,854.56
1afde606-7b35-4c3a-b97c-0d2dfd7b03ed,2f7f628e-1bd3-422a-8a07-e3c3d6d6bd49,JAF-003,7,69.61
225464bd-edc6-4b66-a565-2d6309726107,b59e9eb6-810f-430f-9ba1-a356f82c7979,BEV-001,6,515.94
713d6499-35fa-4eaf-981a-a8c92c3b1da5,b59e9eb6-810f-430f-9ba1-a356f82c7979,BEV-004,4,583.88
5bf8a01f-c859-42d5-97a3-9f8548ef1d1f,b59e9eb6-810f-430f-9ba1-a356f82c7979,JAF-005,10,138.89
3427c07c-88d6-425e-80b8-7d76d17cddc2,b59e9eb6-810f-430f-9ba1-a356f82c7979,JAF-005,1,225.15
7f043a9b-1f7d-4703-827b-d5f92a3a91bc,5ea7d5cb-d893-422b-a1cd-1d62cbd5f369,BEV-005,9,850.0
f3d1bd6d-bc73-4066-841d-ab45e8391567,0ea9395d-a9ce-40f1-9bc8-e4d1e80d82b3,BEV-002,5,821.45
4be5ad75-6a79-45cb-81f2-4d88d6cd35fc,bcbd375e-66de-48eb-a121-b5553671f57b,JAF-001,4,856.4
89d7bcff-f823-4cb5-ad6f-cb80253d79f9,65d2525e-1d53-4846-a447-285419060e71,BEV-005,6,534.16
1a054793-a68a-4557-827e-b2ce87de1c0f,85b0b443-845a-491a-9843-f7c8af56ada5,BEV-003,9,492.09
8bb8cf72-39f4-438d-843d-68cb21aef59d,5cfb2c78-9df7-4ff5-9b3b-ccf0f1310a3b,BEV-004,5,861.47
75f22c4d-d746-4378-9123-a732e047a252,9c61ace0-664b-4998-b300-612ed37ca91f,BEV-002,8,950.98
9adb39bd-3500-4d2b-a4f4-0931c3fc52d3,3fdf0c42-9030-4c54-ab23-b50c8e475b0e,BEV-002,7,874.15
2c6d5181-98ea-4425-9e48-82097fb62072,3fdf0c42-9030-4c54-ab23-b50c8e475b0e,JAF-004,4,325.04
5a7f34ec-e2e6-469d-8ae2-cbdeb40b00bb,ef431e16-6728-4ba4-ae0b-7363b2c7e228,BEV-004,7,678.44
4ce81730-11f4-429b-8859-e17d4177e340,e0907623-5e4f-4542-bc6e-c6b74fab05ac,BEV-002,7,328.82
fb57211d-faea-48da-a249-31d9599d43de,e0907623-5e4f-4542-bc6e-c6b74fab05ac,BEV-001,8,532.3
d723d44a-9ba7-495e-a6d2-c6bdec0752e1,e0907623-5e4f-4542-bc6e-c6b74fab05ac,JAF-001,8,940.02
6ee8ca89-57b5-4257-b31b-826181a9fbd5,d02f445a-0ea3-4951-a5a7-659e70173878,BEV-001,8,287.89
dbc0322f-92b2-4d85-be86-5b3d410ea21c,9fa26b97-f08e-4bab-bb99-4b36cb05cd44,BEV-004,6,402.55
d1f57b5e-6ece-408b-9eda-62e113ba4461,9fa26b97-f08e-4bab-bb99-4b36cb05cd44,JAF-005,4,138.25
c816ffe8-fbe9-4131-ba5a-ba86fbe77dad,b8a2a66e-7b43-4786-a071-14e89673c375,BEV-003,7,945.79
a6b566dc-755a-4d5c-8b2d-9eda408d2983,b8a2a66e-7b43-4786-a071-14e89673c375,BEV-001,3,298.3
956027cf-2572-4535-b9f7-ed9fdd2bcbaf,43e6271f-bfe4-4e48-8889-6fc167299258,BEV-005,8,547.43
f9521d76-27d7-49f4-9b61-6fb61653180b,43e6271f-bfe4-4e48-8889-6fc167299258,BEV-004,1,845.31
bdea26bf-708b-4563-befc-78fc6a1207e7,27b98cf0-c656-4ada-984d-07d7a0768bbb,BEV-001,9,971.07
31441da8-be39-4565-b07c-73fd9ef76563,6d2619ae-538f-4740-b012-3bb749a1c210,BEV-002,1,22.94
56fe3a99-a981-42f9-bc69-38202dce2927,6d2619ae-538f-4740-b012-3bb749a1c210,BEV-001,5,765.94
46b8681e-f2ba-4149-8f95-d1984eea2f0e,6d2619ae-538f-4740-b012-3bb749a1c210,JAF-002,4,223.93
78da66da-2e8a-4e53-9b45-eb139440120c,4a7e6134-41a9-4450-bf91-837e95a80005,BEV-002,2,404.44
fc51f234-a469-4ea4-b7a2-3a73417f6850,4f55179a-268c-4c3c-92ce-1123d724586e,BEV-005,1,89.4
7803e194-1075-415c-a3a8-c1e3cd62ea7a,774dc768-6b34-4e82-a9fa-6a64614e812e,BEV-001,3,110.93
06a369b3-0dac-451f-b694-9de4cbb5f2cd,0238093b-dcd8-4f80-a39e-c14ff6ffaf37,BEV-004,4,398.57
c7e7b530-ce43-4700-978e-615cc5104e71,3a872c6a-0fec-4c1b-bf71-68b6d35f2dbd,BEV-005,5,10.28
cc97051c-e94b-4a06-a68f-a956555a59f7,2978ea67-164f-4922-8f1b-04f944cd26e3,BEV-005,5,416.1
5ec98c6d-83c8-497f-a531-c5afe8983c6c,acd56a04-de96-4e2b-89bf-af8c33059409,BEV-002,3,613.77
16e91642-54de-41d0-baf8-e200c6c5b52b,0b1de28f-1a91-4a75-9a9d-b46b54b7c9fd,BEV-004,6,139.73
94c8c5b0-f79d-4d1d-b153-aa0dddef6405,58798774-52a9-43f7-a260-b90bdbae6082,BEV-002,7,855.37
64c12bbe-bed9-4d06-8279-e9a70cb3b1ea,d74b16a3-8402-41ed-a2d7-a7d24080e3de,BEV-004,3,900.09
d9b5a8ac-2c40-49f0-8bb3-1130c8824c4b,41914179-a396-4a2f-8efe-30a96a9b3ade,BEV-001,6,878.49
61a86df9-7c0c-43c0-899a-93b0213d7c23,33c72ce1-db61-47dc-bbb3-99ae02c7b660,BEV-002,1,415.63
fbdda634-3574-444c-b857-ebec61dada9d,088e67bb-e1b4-4808-aca9-3dbb41b0c057,BEV-005,5,286.83
5c69286a-3730-4686-b25a-739b0825d25a,ed711f06-9c2f-4710-9913-f0930e04ab7e,BEV-001,7,533.23
446d2597-ac78-45b5-88d0-8cd6dc98e5c6,2cfe867b-40d7-4244-a119-6c08d092baa1,BEV-004,7,765.05
173ecdeb-4370-40d8-aa1f-821159f9d218,cdd22b98-2afb-464e-b39e-2e9e80cb762e,BEV-001,5,205.44
926bbb2e-2a98-445f-8646-c731fcc0b5ea,a24fd679-00c3-4cb8-abbf-5ae25087bb0d,BEV-004,6,503.48
756cbc31-0af7-44de-a0b3-be09da077fa6,db3d1a0a-dd9f-4a69-a291-441f56c355ff,BEV-002,7,891.63
5dfe3f38-64e5-4d36-90c7-f90329cade44,53fcafb8-c4a4-4ca5-9846-6475f5196339,BEV-002,6,613.26
61de87bb-1efa-44a1-9ee7-696dd74f3c27,33dda6a3-8246-4871-931e-8deec2129375,BEV-005,9,853.08
7167445a-5d7f-4834-8ebc-39fe6c037b60,231b6f0f-d447-4778-a64e-dd268912c200,BEV-002,9,934.98
53c9337c-29c0-477a-95d2-de75ba2d3277,10da90ef-9627-4507-9fb0-a05d76e7470b,BEV-002,1,386.94
b4dd4d26-8f01-4979-8504-e4a78386a1b8,550c5d08-7cdd-4904-abe3-758b61ebe3b1,BEV-002,2,271.26
2dd39712-cefa-4df6-b376-3ae619e65d14,fd93164d-1b7b-4836-a4b5-fb8c11d386cc,BEV-004,3,934.98
006f7ab6-73f8-4ad2-9e38-d906ab210798,601fc9d5-a1c4-440e-bea1-9d6ffb2d1834,BEV-001,8,331.7
ae996d33-c69c-4507-8d3e-1fff4c30c35e,5b4318f7-ab3f-49a0-8892-15df4034c045,JAF-001,7,510.36
bf28af59-c9b9-47ba-9779-826671796248,b48adf68-cf2d-420d-a3d9-97865a11fb2b,BEV-005,5,142.25
fde495a3-b9ae-4b6f-a210-af8f8e58848a,7adede44-e47b-4c7d-9231-27b1d8d83447,BEV-001,9,495.41
3c076b2c-ac28-4af2-ba69-2275812808f8,3f169059-bff3-4e08-a9f4-1a140af4f974,BEV-002,3,498.41
2e9890e4-5671-4a9e-9043-2f0129f92399,9a3be0d6-11b6-4e1e-bd88-043b9ce402cf,BEV-004,2,917.51
24b9e7d2-4079-458f-bbf6-cf7823e9e3e2,acf86924-fcfb-47a3-b0e6-8bcefe02b35a,BEV-005,4,720.06
a2d00f2b-4e6a-4fa9-85d3-be68546cf23f,6c2dd6dc-d5c0-41f9-b880-722a4ff7d3f8,BEV-005,3,849.62
da5e8417-972f-4af4-82aa-0b7c421b6bb0,297ff567-3dfe-4524-943a-6a46c2a18d13,BEV-001,4,880.5
4a72a560-d77f-47fc-9e5b-f580722a72cf,297ff567-3dfe-4524-943a-6a46c2a18d13,BEV-005,8,232.56
8fa264ef-2d4b-41e1-93d4-c7766d1c3c21,297ff567-3dfe-4524-943a-6a46c2a18d13,JAF-005,2,487.09
34d933d5-4a59-4176-9f61-8e03eb0cd822,297ff567-3dfe-4524-943a-6a46c2a18d13,JAF-005,4,91.94
6c7fe274-72b0-4043-a847-f6b526d30fe7,297ff567-3dfe-4524-943a-6a46c2a18d13,JAF-005,10,660.37
27659c4c-35aa-4157-9747-b54267ae5b03,5213c98b-d348-4c5e-8844-9847c86323a1,BEV-003,5,501.52
2996a395-5d5c-4756-8274-355741728cf4,9b238951-7346-4f9d-a299-720b723d7336,BEV-001,6,669.37
43ac7ff0-502f-40bb-8243-5af853d538a6,3c930759-cb31-423b-b33b-4927b28b0412,BEV-001,9,460.8
2b84a05b-8613-46c0-8c31-ea1089403bed,430a6276-88bd-4e2e-91d6-9752a711d2ee,BEV-002,10,748.31
69ad4cb3-a823-4a12-aed1-0ed7a5ab551d,430a6276-88bd-4e2e-91d6-9752a711d2ee,JAF-003,5,258.92
3ce46fec-d319-4e48-8ce2-350489b03449,bc093008-4647-4cdd-a2d0-1f8b96842804,BEV-002,9,656.72
e25da13d-cb61-4a51-9965-692974d7c174,20be212d-62a4-4359-95ce-2e578845e3df,BEV-001,7,573.89
da443bfa-b27b-4144-b6ac-e0c715433066,cfdc0c6d-3cf7-4c3f-baf7-925e474e9bc4,BEV-002,8,336.95
5b42aaec-123f-41e6-8525-b1b00bf15df5,7b0ec62c-ea3e-435b-90c8-b12f2daafb97,BEV-004,9,40.74
132c8aac-37c2-43d7-be4a-6b2ca2470232,b3e9a0d3-3bf1-4460-ba3e-eeb278b154d1,BEV-004,3,153.99
3cbdadc9-95f8-46ef-a3c7-545dc8041502,b3e9a0d3-3bf1-4460-ba3e-eeb278b154d1,JAF-001,2,364.4
4a098adc-1a32-4147-8110-d1ef854074d6,e1b9c743-dfc9-49c9-b7d6-fa80d8aaf45a,BEV-001,4,666.25
2ccb58b4-2997-4423-9f31-370d3e4161ee,7d0097b2-7b53-43a3-962b-de2e16cd3c5a,BEV-004,2,778.9
781251d3-c359-439d-b32a-b2ab3fcf77b6,1a4e362c-8408-4ddb-8b97-9043a3d98f80,BEV-001,5,382.32
2fe46bcd-6908-4bd9-8ac3-19e2957ddee0,c42b3d0a-9620-487d-91cd-fe2eefe849b4,BEV-004,2,302.12
bb7e217c-28e1-43e8-a789-46dbb77ce7f6,584e4651-ff28-45d4-9932-b522fdedb45c,BEV-001,3,733.23
3a731c21-92c3-4797-959b-819a5fd3133f,191104b6-dfe4-40bc-938f-fdc09ce1c66f,BEV-001,2,560.54
86b332a4-94d1-40ec-90d0-56cc07df90eb,322c1b3e-6a96-437a-8e8e-02a78126c59d,BEV-001,9,349.27
ab2dc74e-45c2-4fcb-999c-c26f920b6432,30d6a458-9c5b-47d9-9533-fa5b397e7bac,BEV-003,6,580.44
d263ce06-0b21-4c54-bb9f-7196153e04bf,e0392e07-b258-4205-8569-d1d2b04fe942,BEV-003,8,932.72
7eea24bb-dfc5-4be6-a5aa-89a0ebaee393,2a624ee7-57ab-42f1-ae6d-2117cf47572e,BEV-001,10,359.26
abad83c3-9f0d-4499-9d4e-d44d84070a43,91b949dc-d165-464e-8064-d52eed01da21,BEV-005,1,573.74
f60b0882-d703-42ca-9fcb-16b826b8ea19,91b949dc-d165-464e-8064-d52eed01da21,BEV-002,5,147.02
7391ef62-91e6-4d4e-92d5-44ce78085f10,2db5bff0-b0df-468d-a72e-92fb7fe51696,BEV-004,4,480.42
e82fd1bb-958b-40c9-9842-c3a4494acfcb,86a0cf8c-0c78-423c-950b-b93fcf3509b6,BEV-004,2,401.86
350536ec-dfff-4ee4-acee-1a7122afdb81,f4dc6f6b-8a77-41c6-b7aa-bfd783f0ebeb,BEV-003,4,31.34
c52bf162-1a59-46ad-ab2c-b6abaffee3ae,319287c5-31e8-475d-8c8e-38df3725ff82,JAF-003,2,404.19
48cd7152-b32a-48a4-a9c3-2816bdf83048,319287c5-31e8-475d-8c8e-38df3725ff82,JAF-003,9,623.69
03294a55-2952-4c7f-9e44-2f0e977d40e2,df326117-e9e2-4b98-8036-84aa43649065,BEV-002,1,236.39
da092632-f8e8-4d3c-afc7-bba5a4bac487,f2b0c0d1-cbd1-4457-992e-8b2ec5061b18,BEV-005,6,358.86
b3046d52-5267-4e15-86d0-2cd3990b30bb,dd547592-2be8-4287-a1c9-2f5fb2801ddb,BEV-004,2,99.27
ef12798d-51b3-4a0a-8798-34fabaa27ac1,05a83735-c82f-4093-ba73-58ae5050411d,BEV-004,5,225.2
f69f9362-d4c8-4fb1-a27b-70d4cfa380b5,65dee87c-89a1-48ae-959d-55fa0fa43e54,BEV-002,5,230.74
d2d6fd5e-85b1-457d-b0f3-f8bb894ccc49,78ea06ba-6edc-48e1-8bc8-95deea440585,BEV-005,2,214.01
4fedcee0-eb26-4c8b-8c1b-3f1999e8a44e,c3d6ad96-40ae-4083-ba93-6e711e83c031,BEV-003,2,51.48
ddd2d134-845c-40f1-bef8-d2970475f917,ea1a4561-1061-467d-a401-2b87e7f87909,BEV-005,2,27.42
c55a6d3e-49aa-45d0-bc7a-5c18fe69ab8f,c7329971-7c63-46af-82a9-a1bf6e7c93e7,BEV-001,4,988.48
49650bc2-ec11-4373-9a22-d5d1b4978976,c7329971-7c63-46af-82a9-a1bf6e7c93e7,JAF-002,6,254.83
6d6200eb-f338-4699-8f6d-7b3738b02d17,fbed2deb-a941-4282-85e4-9435bae5180a,BEV-004,1,294.67
41a42ac5-6ad3-4e1f-b6c3-026994e6c3a0,fbed2deb-a941-4282-85e4-9435bae5180a,JAF-003,3,582.03
c73645f5-9edb-401d-9e52-efe92a735ee8,2c3b8cc8-55ba-46e0-81d7-e2fd914fd68d,BEV-005,4,213.5
1fd5b41a-32c2-40e6-8e5b-c778159e0af6,2c3b8cc8-55ba-46e0-81d7-e2fd914fd68d,BEV-005,8,307.21
54f8119a-5464-494b-a070-ac6661b77da1,2c3b8cc8-55ba-46e0-81d7-e2fd914fd68d,JAF-005,4,593.05
233a0fe4-794f-4c5b-81e6-dc88c6a26b16,476209bc-8d76-4deb-8d2c-50813b52909e,BEV-005,4,930.62
47431281-320d-4e8f-84bc-e229dceac489,e13f0ef5-def3-44e6-8a4e-26d3204d9af7,BEV-002,8,776.81
77e0bdb1-7dc9-465f-9c08-2bde12d4eba0,7df16e6b-cb39-4eea-bb40-a18b7afbdde1,BEV-003,1,554.27
cb872f17-1ee1-4e60-aafa-f12cef5921f4,94a148a8-c0a8-49c0-8122-6d0c54b97f40,BEV-005,1,108.67
ab3edd86-a8d2-4938-abad-d8fd91af1d17,94a148a8-c0a8-49c0-8122-6d0c54b97f40,BEV-002,7,101.46
ab7a8f81-f424-4449-bb22-0b869cf6bee3,3df8aa05-e775-4194-94ed-77e46a408a17,BEV-005,5,611.59
4bfc7b58-9569-4633-828d-4a18b66e4772,43962598-9d2b-43de-a9f4-962a549a4dd3,BEV-003,4,642.16
7c17b0df-5093-4b37-9a52-4734827a9307,00875f97-a747-4a35-9852-f82357255a6a,BEV-001,10,605.53
ffa63592-179e-4df1-85cf-52c4a314e474,696b0565-664d-4eb7-bded-e2bd190a0c30,BEV-004,2,109.38
c758bac7-1645-4e2c-961d-f326cfa669df,b33e86a5-0f01-4867-a02f-6dd32e680230,BEV-004,6,104.24
b7a3f3ee-26f3-46a8-a69f-1d9806da3817,8857009c-ed74-4a82-bc63-8bb60be88fc3,BEV-003,9,250.65
432e7d00-bff0-4dd8-b057-ba2cc3d09ce9,baf9fdfc-85f0-43eb-ade2-9fdabfa98571,BEV-003,8,314.9
394d1fb0-7794-40f5-9e74-9edece77dc4b,baf9fdfc-85f0-43eb-ade2-9fdabfa98571,BEV-005,9,991.46
76ef5165-9b91-45bb-83c1-d1d60946bfd5,baf9fdfc-85f0-43eb-ade2-9fdabfa98571,JAF-001,9,723.54
93b66107-e3b2-40a6-bde5-6c72265584d6,2037c0f7-ed8b-4433-b6d1-c1a4bc18abc1,BEV-001,1,233.68
06fd1c68-a611-44b5-8eaf-c07f82e4d83c,2037c0f7-ed8b-4433-b6d1-c1a4bc18abc1,BEV-001,9,119.0
86748644-04dc-4c01-938b-78a9f2bd3a1e,6c7027ab-dbc3-407e-82a7-878fd130cae1,BEV-001,1,331.48
91d994af-ac3f-48bb-ab3c-3bacac41af60,6c7027ab-dbc3-407e-82a7-878fd130cae1,BEV-003,2,430.89
60aa75b2-d970-4855-a3eb-64d08abecba0,fd2ba5da-619f-4b2f-af85-3ac46fabbe14,BEV-001,6,114.9
0d97a53c-170e-4f4a-907f-482516b1d8d7,fd2ba5da-619f-4b2f-af85-3ac46fabbe14,BEV-001,5,876.03
f7b5b298-5502-403b-a06c-09215a449135,fd2ba5da-619f-4b2f-af85-3ac46fabbe14,BEV-004,7,421.8
944bc262-6e59-4d30-bf96-63c03a4689b8,fd2ba5da-619f-4b2f-af85-3ac46fabbe14,JAF-004,5,968.6
1b9cdec4-9f20-4d5b-8b95-401c661db9b2,fd2ba5da-619f-4b2f-af85-3ac46fabbe14,JAF-004,4,292.4
829f34f0-c039-4882-825f-fb8af4f96d22,51ca86d7-45a2-4a95-bb80-2634f2e4a8e5,BEV-003,5,939.58
43935dac-9bbb-483b-9ff6-7ab45ab10355,51ca86d7-45a2-4a95-bb80-2634f2e4a8e5,BEV-003,1,955.93
8ae107d6-0039-459c-ba0c-66ad1bbabae5,51ca86d7-45a2-4a95-bb80-2634f2e4a8e5,JAF-005,3,705.19
d604ac34-c605-4b4f-a2c2-282c1e5a7e16,51ca86d7-45a2-4a95-bb80-2634f2e4a8e5,JAF-001,5,520.76
2a2ba4ef-ee54-4ad5-a11d-4a9614689437,7981a601-a377-4b0b-8dd7-f5692c889ac5,BEV-004,5,656.23
513588d9-1a1d-4778-98e4-2663c582b53c,0cd8b248-17fa-47b7-9138-e5c55707c0e8,BEV-002,9,320.48
c050c5c9-a46a-4726-8b8d-12f1a4ac63f0,5ca7db9a-da85-4734-9ba4-13df7d914687,BEV-003,9,614.49
da84e4ff-8cd7-4992-b82d-02760bae40be,88efe265-c682-4407-ba71-5946d063a12c,BEV-001,1,529.81
84ecd243-ddf7-4f6b-8a38-da3b5c1b9614,9f594700-de6a-49f9-aed5-acec83e24eb5,BEV-003,6,445.14
327b95ca-5eb7-437c-a688-aa46824b9950,9f594700-de6a-49f9-aed5-acec83e24eb5,BEV-004,5,277.17
eda6d461-15d2-4c61-857a-99a36e32b811,c241f660-f243-4e95-ba8e-b5382e1b7554,BEV-002,7,89.69
3961d1d0-94b1-4600-a357-26add512d3e2,03b2c051-114c-40a7-9f6a-90194d0cbe90,BEV-002,10,528.83
369f5705-e717-41fa-bcb6-3020dec6ec78,822f0ea0-69d2-42e6-8cc5-1ef90f395672,BEV-004,4,557.45
72e91c8d-ff08-497d-969e-108f39b3ea56,a844c5f1-b5a0-464d-9504-5d1921702690,BEV-002,3,393.5
cc3603d7-90e1-41f6-8e16-ede6bf851570,ab8a60b5-6c04-4da5-bb08-b31b9605c498,BEV-002,10,212.6
245d2d16-62ff-4911-8fb2-d6243f02ae8b,a23ef6a8-500d-4646-936a-79a52016422d,BEV-004,5,196.88
b8ae2216-375e-489f-9bb7-ec656c7c781d,f46f40cf-4167-4346-ada5-f435b7fca81a,BEV-004,2,244.84
ba13794c-71aa-46c3-be60-cde619086706,c36fd13a-a6ad-4402-a1f2-7ef1bc364b9c,BEV-002,8,953.08
75d947b8-fd71-4db7-8167-58386c6d352a,26aa1b7e-d249-4f41-96ed-a3ef433ce5b7,BEV-002,6,511.52
22c909ac-e5ce-46ef-8c8c-a1df55732eeb,c5abad31-624a-4ba1-96c3-ef12b0145908,BEV-001,6,515.33
69e096e0-592d-4cd5-a7c1-abb894676537,434ff0f5-6323-4241-bb6b-9634e971d946,BEV-002,2,741.69
1046c4ff-cf9c-4fda-83e0-d9a0225e3d0d,58f252b9-49f5-462c-bc3d-eb79f4f122c3,BEV-003,6,626.43
d28f7534-b2eb-43b1-b472-a4ac880bbebd,91c6cf16-dc5a-4297-ae33-47d33b9c4ed2,BEV-003,7,247.69
a0acbce8-e9db-4e0b-97d4-167976e1eb22,3d00ce8d-e426-4c87-b19d-6be94fc211c3,BEV-004,10,935.84
bff05491-9ab1-4322-811a-078a135f7c6b,1febc9c2-60b6-400c-a533-5e37a82acc04,BEV-005,8,82.42
720611fb-a032-4cca-96a8-be69c3f55aa1,89000161-91e1-4b4d-bc91-63b812323507,BEV-001,1,252.82
dcc8efa9-7b28-4700-90ae-0135066228b2,8cbe8b37-629f-4f4a-9597-3f1d0fb51942,BEV-002,4,909.37
dff32fd3-73a7-4267-9ddc-b20eb8d5e012,10c5fbdb-b0e3-45b4-b32f-410beb678a9c,BEV-002,5,912.48
17a43b8f-49c7-47d5-bb81-e3bfd01deb77,d20c6092-8e5c-48e7-a4be-3972c986fd95,BEV-003,4,70.2
b3f29511-45f6-420f-9435-76335dae8b4e,25595b62-34e5-48db-8ec3-3ad8d2bebda1,BEV-002,8,493.82
542384a3-13b0-454b-85db-e860f8bd6a25,3f451d89-309f-46b8-9428-d22afe0c3923,BEV-003,9,813.05
abcc796d-7423-475b-9220-31a075194ccb,f5e227d0-6d2c-4aa7-a527-dc3938226889,BEV-002,4,31.71
38625e04-3df5-4dea-ac09-f3c48c68a675,f5e227d0-6d2c-4aa7-a527-dc3938226889,BEV-003,9,974.07
7fbc24fe-94ae-441b-9a84-c825e8708ae4,f5e227d0-6d2c-4aa7-a527-dc3938226889,JAF-004,9,53.85
5f676502-18fa-43c7-be1a-b5f68d83782c,156c6bec-72a7-44fb-a453-b49142399a48,BEV-005,2,483.39
15a74594-fcb3-4cfa-879b-4361a0a33a7a,156c6bec-72a7-44fb-a453-b49142399a48,BEV-005,4,721.01
949f6743-4107-43b3-ad98-f6623ef152d5,35305d61-624e-4b9f-9de0-4f2594419b16,BEV-001,2,627.84
ffe1689c-6c31-4f61-b049-373943ba5029,35305d61-624e-4b9f-9de0-4f2594419b16,BEV-004,6,656.41
88d5a5de-c090-4aaa-bee5-f73dd5a322f8,35305d61-624e-4b9f-9de0-4f2594419b16,BEV-002,10,142.35
661a6971-7c6f-47fa-a04f-ad7edd58bac9,35305d61-624e-4b9f-9de0-4f2594419b16,JAF-004,1,792.38
5843d7ac-fba8-4120-80e7-16b23812e560,35305d61-624e-4b9f-9de0-4f2594419b16,JAF-003,10,919.29
306554d9-34b5-4bf8-8573-9800a28c4b55,c9be3b0d-9587-4e19-9cdc-7991fe7b3960,BEV-003,2,30.75
acdcd8cb-6604-4deb-9070-4537ad8a3eb3,b429c4fe-fc8d-4a9c-9ad8-3bbb25ed7797,BEV-003,7,998.55
bf9fcc3c-4bca-4299-bfea-d9379b27b804,d743b380-5974-4839-84b9-f7a5e9e47b88,BEV-005,8,578.16
25a770d9-0726-4d84-9495-5690038e4ddd,424709bf-f0e5-4269-826c-ad5f47949fd8,BEV-004,10,607.15
11a833de-fd26-4a91-990f-62d83774c467,638277ff-b236-4fe3-b85f-10a690b12845,BEV-005,3,111.18
76b6c3e7-884f-4106-908b-efcbf09c3932,58d19557-11fb-496e-90b6-49e68947648a,BEV-003,3,751.72
1c4e73b9-0ab0-4b81-97ef-1ab06df8ef6b,368f0173-0557-4da1-bcf7-413733ce57a9,BEV-001,9,156.28
ba3cebe2-637d-42c2-85c0-48fd5fa60803,6b317ab6-bd61-48b3-9b13-27ac94e6dd03,BEV-002,10,810.76
f4277320-d1b7-43da-9835-34b72059d374,b514d9d1-5f0a-4c97-ad1a-c2b39a4b5129,BEV-002,2,503.43
150877ea-176a-4902-8f17-840adf5c0c88,13c5073d-c323-457f-8ca4-00059be85b38,BEV-003,6,155.76
bad7bd5b-b14a-424c-b785-622262137ce2,5571f87e-6b6f-4103-8bcc-c3daa1c345c5,BEV-003,9,773.33
1b6dce71-7931-48fb-b23e-1c9df9c82dda,72899a88-5712-4d0d-91ce-ddc437131484,BEV-002,6,544.58
718612d3-10f5-4496-84e8-2a1ca7524a19,72899a88-5712-4d0d-91ce-ddc437131484,BEV-001,5,971.29
41069149-7a76-49a0-b362-db3929ba0134,8e55b57e-234c-4503-804f-0b39ca181b1a,BEV-001,1,197.91
c3bf7983-a341-4b61-a4e8-be86e6ebc0fa,8e55b57e-234c-4503-804f-0b39ca181b1a,JAF-001,8,752.33
e97f8874-edbc-4c5a-ae40-6a7cdf1631e2,b6745544-b3cc-4c3e-a9f0-284719338f8e,BEV-004,6,81.5
798ba694-f8ea-471e-be28-e07aa32826f1,666d0447-793b-44e4-afe8-5037bc300fde,BEV-005,4,674.36
2d3ff414-2e03-46ea-8d58-2a640c5fb2c7,41c4c1cf-172f-46de-820a-ac21b5dee80e,BEV-003,3,168.88
1f1ad3a5-3984-4047-aba7-1a3a314cdbcc,f1c156eb-5780-41cc-8586-8021913d1a2a,BEV-004,1,625.87
ee61058d-7f02-4713-83d8-dff894cee4e0,cd5bf555-af85-4ba9-8f57-28b9d0b1775b,BEV-003,7,935.53
9be5b51a-346d-456d-a25d-2cd9e90c5959,6c4c1784-1893-4249-8d3a-6e044762ea6a,BEV-001,5,68.56
658d6208-965f-4104-8b26-2f0728fa58ab,9b7ac2e8-04c4-4dad-a785-b0222c48d668,BEV-004,7,132.92
3c3e36c7-c37b-447d-b816-eb0051299973,d929e98b-fec6-4707-a86b-c8c1294abee2,BEV-004,1,696.59
18e65407-1ea7-4a4c-aaff-37a750900e22,68cd62f6-61e4-481e-80d8-46c2d5590bad,BEV-001,3,14.71
ff2200bf-79c4-42cc-a376-8f4ea1269c06,f6f67ee1-37db-4a77-8de1-bb955a43926d,BEV-005,9,581.41
54d94de2-f626-496e-bc45-99fa527b943c,72e21500-c9a1-4299-8b2e-e82d16a8abfb,BEV-003,1,806.61
f2cebabd-74cd-4123-8558-f978a9317d61,82538fc2-1b66-4049-9a07-27a5be2dad5e,BEV-003,10,473.76
94c0dbd0-eac6-46ae-ab1d-610c9b087f1d,2376783f-3deb-41af-955d-4fc8c84aac1b,BEV-003,8,369.19
ef3196c1-1f60-403f-bf03-602bfd73f427,632e4f7b-aa79-441e-841a-016ce79b2d57,BEV-002,8,327.44
3466dc95-2dca-4dee-870e-1ace05a842fb,54be8963-4fde-4c4c-a62f-e8b2f19070af,BEV-001,9,672.04
964209dc-2802-4c2d-bce3-75f48e9587ef,82333933-2dc5-4d12-aacc-fe7caf2a8cc2,BEV-004,7,646.04
8747e137-9e42-4a5b-b647-14f0f064230d,1aa4e216-1c79-4d7b-92e9-bb777a01aaa2,BEV-002,6,366.86
c0cdc0f1-0a15-4d14-8fc9-9f73b26783ae,a430f8e8-4446-427e-9728-31eb6b5034d7,BEV-004,3,849.28
765555bb-742b-4d9e-97a6-0eb31aea9d28,326b3040-e19a-4c0b-9ac7-fd0d95dd2606,BEV-004,9,190.07
e69005fb-825b-48c4-917b-dc525df55c35,8186f7b8-3105-4d7f-b6a4-f906cab2481a,BEV-005,10,33.26
3c92367c-bb86-4dcb-8a41-6779c39bc0bb,8186f7b8-3105-4d7f-b6a4-f906cab2481a,JAF-003,2,973.12
36fccf89-40cd-4ec5-8e8a-8a40763d81bc,8186f7b8-3105-4d7f-b6a4-f906cab2481a,JAF-002,6,880.68
60b5988d-47c3-432e-9f05-549be3590fac,b70d35dc-4c2a-4788-9130-966cf9f3559a,BEV-004,8,357.18
201be91f-a93c-4ad7-869e-70772ee762ad,8287f4dc-ba70-4397-a155-7fbbc467fc55,BEV-001,6,292.44
70a467fe-d5b5-412b-8559-e34ccaf33224,271efbd2-ed60-42d4-a1b8-597722609f1f,BEV-001,1,718.5
f4544924-5e53-4301-bdbe-9afb07e6a8e0,271efbd2-ed60-42d4-a1b8-597722609f1f,BEV-002,7,969.55
78188f3a-010c-4756-986b-040af9c21812,271efbd2-ed60-42d4-a1b8-597722609f1f,JAF-004,2,990.86
9f91141e-babf-40fe-b82d-07b147af9c43,ef23761a-0cee-4369-99b9-f498782521f7,BEV-001,9,799.41
2eca9382-728c-45c1-8d31-519ef5610b8c,ef23761a-0cee-4369-99b9-f498782521f7,BEV-004,6,763.69
9d03dc0a-f7a4-484e-9e98-5b1ba1755003,d11fae33-e1d7-444e-94e7-87036cacc883,BEV-005,4,185.99
b1938b66-d216-4188-bf35-0a6e90918ad3,1d8e671b-7544-4922-9585-5efe364be6f4,BEV-005,5,83.37
a303af7b-e0ca-47de-8d2a-36f94d89b1a9,26923b58-9d75-48b1-a3d2-be462e0972d0,BEV-002,5,413.16
a1306e2a-b54e-410f-9e19-207aa1a41e7d,5972f341-72fc-413e-9cc4-becd9a7daf13,BEV-005,4,985.73
b81d14b4-42fa-4589-b5ee-882284ff9d5a,812d873e-3a90-46c8-a347-64e178039e69,BEV-004,9,84.28
c2299751-ff63-4759-8767-21d7bda87ca5,4cedfb13-d7e8-46c1-9cbb-a770a8d7ba7a,BEV-004,7,343.06
1bc45237-0d10-42d0-82e4-8fc7fdf1a8cc,6bf4666d-981a-418a-87b4-b01c849e32de,BEV-004,10,940.18
7356489f-a3ee-4ce1-8067-c0462d9e7f90,6be492a6-6302-40bf-aec9-a59ebda3d5dd,BEV-001,10,62.02
33dcb781-25cb-4971-9e86-fa4a9fbfc7fb,1cc0f8a6-7c3b-4706-ae52-f0ca432a2515,BEV-002,10,496.03
93820dd3-82e7-4e46-9b9f-e729c4d56878,1cc0f8a6-7c3b-4706-ae52-f0ca432a2515,BEV-005,10,305.34
8068c31d-eda1-42ff-aedc-fae7a7389f52,02c9d626-87fe-41a0-b1f2-aeb899835848,BEV-002,7,330.93
fd0ed8d8-82d5-476f-a43f-ebe202d23a03,e7d14576-4e07-4d19-9601-4103492d046a,BEV-004,8,297.0
2e63274f-1e38-4b13-a8a7-dc6e06b94aff,6ed8c382-6009-4a8a-a523-fdead7817755,BEV-003,7,761.03
455aea8e-42ff-4296-9eaa-03a62caa1e68,37f2b22c-e98b-4e2e-a6c3-bb0e2f2743a6,BEV-003,1,843.88
1284a448-85c9-4884-8cbd-c1a3c9776115,37f2b22c-e98b-4e2e-a6c3-bb0e2f2743a6,JAF-005,6,161.39
6ea0cf3e-6503-48b1-8279-a5bedf58bf7b,7860837c-3bcb-46d6-b819-c4c8cfa4122f,BEV-002,6,645.33
207d1a36-5618-4165-b4ef-dfe0c8a3375d,1b42b616-ab79-46b7-9778-26ed6cf9844b,BEV-002,5,60.52
6459fc92-51b7-4dff-8ce0-05ce9f87702f,355bb599-71b6-4566-bc23-bcab42ba3920,BEV-001,9,885.34
01d5495a-6c39-43d7-ae66-b940925b9173,355bb599-71b6-4566-bc23-bcab42ba3920,BEV-005,2,559.01
62db5181-5c14-4004-8367-fb3c8a01b1dd,e064611c-c9c3-43b6-bb98-67418cbe8a4b,BEV-004,6,984.64
18f77968-fd83-4a61-8dc2-60e978dcd962,59a8e042-7ce7-431c-833f-41b811b9dd0a,BEV-005,3,785.27
fcf7ec48-6997-4e4a-bfd0-f6fe9ec0d8a7,4ff27d83-47a5-416b-9816-a4d224d0b493,BEV-005,6,519.92
f75c330b-28d3-42d6-afb4-2a7a04f46b9b,f44a5b6b-9804-41d8-aa01-5c5d22d87527,BEV-002,3,871.41
e65dccf1-760b-4812-aef9-b5e6b3a71b44,298453b4-b9bb-49dd-a187-ee7bbd66f3b4,BEV-002,6,256.09
3a6f981d-1e21-4d24-bd8e-a468ed059ee9,7a06c8d3-a805-421f-8e3c-ced68fcf8c57,BEV-002,3,392.84
b90a1148-9376-40bf-b72b-d824a30f177a,d8f62c95-bee7-4472-95ca-488b5d1ee149,BEV-004,4,386.06
a52f1412-18e3-4ea0-853b-a9b4d3644ee1,d8f62c95-bee7-4472-95ca-488b5d1ee149,BEV-005,5,650.03
8092db1e-aef1-467b-994e-8ff3adf56299,0f815fba-b47f-4ba4-8287-9072aab658b6,BEV-004,4,585.54
abd34e2f-2430-464d-bb51-cd0679c041fb,0f815fba-b47f-4ba4-8287-9072aab658b6,JAF-001,2,195.59
9ae86410-b923-4187-9a40-79d456f485b7,326444aa-7d8a-4f7c-8554-3d5cd27a6910,BEV-002,10,454.28
b6227a6e-4c16-4bf0-a87b-70b783299828,d3afa67f-9a0f-4d37-a98f-38056e55d47b,BEV-004,5,270.53
1183331a-8a38-434f-9a13-b18949249f8a,29f5addb-3fb9-4199-8348-121b71eebc28,BEV-001,2,264.7
90e196d5-9890-41a8-9521-9eff7b61ef7e,29f5addb-3fb9-4199-8348-121b71eebc28,BEV-002,5,632.24
6e3afef0-8897-4a61-8912-1052e7177dcd,35a0c3b3-d50f-4044-8787-363991358e2e,BEV-005,5,436.58
ecbc94f6-2109-4fa2-beed-45f06e555ac6,8cc8d941-0826-47c7-90d7-9a30af1e8bf4,BEV-001,6,661.85
4633b4fe-a8d8-4eac-b30d-c34843db832f,08da9942-d08f-4d8a-8021-7aa63720f7ef,BEV-004,3,325.32
59cb859f-4d81-4570-baa4-a0d5a170d63d,535d5f8c-c5f1-4895-b8e1-98c62387da70,BEV-004,4,999.32
87fe5494-59f1-406b-ba4a-c0884e275bce,a5a6eba8-2af6-43a2-b0e7-b5a468e58844,BEV-001,2,790.97
55173ae3-a7e4-4da3-a5ba-9ec803a8dff4,15bbbbf4-0233-4ac4-b837-6d79bd6f50ab,BEV-002,5,73.35
95b95b85-da9d-481a-a3f9-c4cc68acc6ae,fa766def-b48c-4877-b925-c3ee123b9a83,BEV-004,8,191.63
37e37907-3acb-4cc4-b026-75c61f5a95f9,9f4b61ba-425c-4d60-876f-9e318801eda3,BEV-003,6,19.69
9b0df9e5-73d9-4b2b-a966-fa5b5aa0a83e,65f0f2b5-40ce-4b52-82d4-55ad5a1c4a4b,BEV-003,10,932.75
ce2e342b-1c1b-4474-ad3f-90eeb1f89fea,c99ee54b-c2be-4bce-9026-227680b62bd9,BEV-005,1,65.17
2d6146d9-2dfa-47fd-9339-fafa6394ceab,639b050c-e1d4-4be3-ab5b-23c74cb8204f,BEV-001,1,72.3
5ccd3284-637c-457a-a457-543a2f73df7f,07b54a58-3349-4517-9551-9e8d5a861d4b,BEV-005,5,709.73
fb21788a-c466-4968-9788-41397e4ff109,6cd0231f-bdb5-4da9-87f4-755739bffa20,BEV-005,3,841.93
cb3c5417-45ee-4999-8aea-6a5dff6e60b9,9a814c9a-dae0-4540-8a16-94e04d176f41,BEV-005,6,742.01
bc317baf-30cd-4bac-92e6-7683e6a3269d,e10ad87c-9e90-4437-bcf3-3137c724b764,BEV-003,6,808.16
f773d898-c2f2-4252-81ef-a238eb34a241,0e5760c5-fe14-4c54-87a3-3d19750bf910,BEV-004,9,953.61
9f9609ac-5810-408c-95a1-25cba139556f,325147a9-09e6-43c0-a9ff-866e71f0e779,BEV-003,6,786.47
f9a6c1e5-dcaf-4106-b8da-4ee5954933ef,fa51a9da-514b-4312-a33c-cc23834bdffd,BEV-005,6,511.59
f2246142-2713-44f3-8983-654e6ec38bd1,1b813ee1-c184-46bf-a3ae-dc5ae5724915,BEV-001,5,170.64
935dffd9-d027-4ce4-8873-d70b96d039b4,c954e86d-e5ac-47a9-a78d-163b66dd3298,BEV-004,2,90.71
3d773785-edcb-43a9-8679-b38186cc91c0,77da4c2b-78e9-479f-acf6-1115a018a08b,BEV-005,7,653.86
359e791f-b1ea-4bb6-8b95-44030b79b266,e3ccfa57-c099-437e-b668-75f60129c595,BEV-004,1,179.38
6729bfe4-856a-4baa-9d5b-232249c60d7d,2ee57b6f-41c0-4643-8d83-0e20d14d01c2,BEV-005,6,817.0
cb5fe0cc-b4b8-47bb-b225-ca017148001a,2ee57b6f-41c0-4643-8d83-0e20d14d01c2,BEV-003,1,504.63
2e3c5bfd-1033-4122-9700-22be2d378fc4,2ee57b6f-41c0-4643-8d83-0e20d14d01c2,JAF-005,1,970.13
388522ad-b907-4ad4-8fe0-8230df3e7423,561d5e13-5856-4497-affa-3a1bcbae7c62,BEV-004,10,239.68
cb9c0273-abe0-422d-990f-a265949c3389,90d93920-c367-449c-a0b7-b6f231547fb9,BEV-005,2,40.83
203ee599-bd3f-4bf2-a1e1-9ebc16b972dc,2005bdb3-2bf4-4f82-bed6-2ee8e8164780,BEV-005,1,978.08
d4c48f1f-a261-46f9-b8f1-ebd883362a5e,f6a7dab8-a8b2-454c-a4e2-d037f831f061,BEV-004,6,81.14
9bad5c03-a4e3-4c33-9374-a069ee734626,f6a7dab8-a8b2-454c-a4e2-d037f831f061,JAF-005,5,971.6
a03c514b-e666-4be6-bb56-86a632e5dabc,f6a7dab8-a8b2-454c-a4e2-d037f831f061,JAF-001,8,902.18
9c34a0b5-9571-448f-9f11-f2bfef2d54af,d76f12ef-1f38-4b21-9583-14916587f27f,BEV-003,9,926.99
3528e6e6-fe32-4ee5-89db-cd588a04470b,59ee94f1-1345-4c4a-a1c6-00eafc8fbe84,BEV-002,9,232.3
f17b54d2-d7f2-4635-85ec-77f42a391409,59ee94f1-1345-4c4a-a1c6-00eafc8fbe84,BEV-002,2,749.41
11b859c0-9b57-44b4-9521-dcf6bb95d9db,81b17fd3-3b9d-4cef-a4d5-da015da685f8,BEV-002,6,25.81
23004342-d070-4487-957b-3ee147179b89,81b17fd3-3b9d-4cef-a4d5-da015da685f8,BEV-003,10,12.8
47a610ad-6beb-44e4-bb50-d330cd01ce8b,81b17fd3-3b9d-4cef-a4d5-da015da685f8,JAF-005,3,592.85
4d29c1fd-fb61-48af-a895-8716e049de6f,81b17fd3-3b9d-4cef-a4d5-da015da685f8,JAF-001,3,484.42
8161a60a-d628-41e1-b905-4e6bbc8927d6,3e0eb826-b42b-4b22-b459-a8d8fd9d4fb0,BEV-005,1,321.93
c9fc2115-7ee8-4962-833f-e801fcf5093d,2a60f282-67a9-49ac-881f-7cbe3ee902bc,BEV-004,2,320.15
05f0442b-8112-49b2-a4bc-03d7d8e43dc2,dd3b12ee-5add-4a62-95ff-db86a96dbd22,BEV-003,4,352.95
0e91e401-371f-4aea-ba99-b7d4623c4f2c,494b7c85-f068-45fa-b537-515809051169,BEV-002,10,101.43
70007cea-91c3-41f5-a579-317d75d504db,3dfdf610-6633-4193-bbcf-da3ccc3fe431,BEV-003,8,873.2
ff5775ea-6599-4eb8-8cd7-5ebe624bd0a4,5e1e6fec-92ec-474d-846a-0fb246f7b13d,BEV-004,4,140.44
568b57e6-a2fa-4d8c-a4b8-5141b8e23af6,03d8376d-5e11-4d34-9c14-5508daee5286,BEV-001,1,26.24
78a4e37b-ba85-47f2-b6bf-aac345b7f600,3c6896a7-938e-4fd0-bd30-ebfe0680b53d,BEV-001,6,199.91
8cb1519b-aec3-4662-a1f5-1f327d563393,3c6896a7-938e-4fd0-bd30-ebfe0680b53d,JAF-004,8,696.72
4bb161cf-1fd3-4e90-88d5-0aa64c1f0035,e30e1c4c-cffb-4ae7-9459-8d9ab2d42718,BEV-002,6,941.21
150ebe00-7c69-4790-89bf-3ab2d1d826c3,adf3b068-ccee-4009-b2a5-73136c447758,BEV-003,2,940.73
5adcfb2c-4c9d-4b27-b6be-16398181c174,adf3b068-ccee-4009-b2a5-73136c447758,BEV-004,4,724.34
6286beee-bd16-42a5-aaba-a6f4691137b6,adf3b068-ccee-4009-b2a5-73136c447758,JAF-002,7,823.72
1500ef1a-1813-43d1-9ddc-94de8db02ac5,33d37ffa-4c41-40a6-a5d5-291c5e1bb812,BEV-004,5,720.73
a1836f65-3899-42db-8863-dffb7068b275,07087c25-5dd8-4949-a84c-59d3c0149139,BEV-005,4,773.77
bb18feb0-748b-4d2e-8d68-c6a002d42ed6,07087c25-5dd8-4949-a84c-59d3c0149139,BEV-003,8,830.75
44c01178-c519-4868-b343-2db191dfa22f,2272fd72-9a02-45cc-abc1-8da4abc74dd0,BEV-004,10,300.79
8fbf7e12-799d-48b7-8c2b-b0447e1a50d0,1ccb71e0-e783-43f1-b8dc-28f524d72a23,BEV-005,5,571.84
a0e01afb-f0cc-4eb2-ad23-54a4385d3b21,4c77fd55-dd2b-47f9-a0c9-65345de128fe,BEV-001,1,432.76
91e6feba-b96b-44a2-b71a-dd269ddd0a2f,4c77fd55-dd2b-47f9-a0c9-65345de128fe,BEV-004,10,855.37
bf24a5ed-783f-49e8-80a3-a64961959927,1182d470-2da0-4cb7-96c0-c6f05005e81e,BEV-003,2,594.26
ed27d1f8-95cc-476b-bf72-614896c86584,1182d470-2da0-4cb7-96c0-c6f05005e81e,JAF-002,1,139.72
ac95a2f8-591a-4129-a35a-bef3d1b88d6e,bf83e9e1-c4ac-4ed7-902f-8407f9223aeb,BEV-001,10,800.35
7093ca91-b0f2-4f3e-ba2e-d90b2961a11d,56ada42f-de5e-46a9-a927-b6b56f6b9775,BEV-002,8,487.13
00e313d3-789d-44a4-a5b1-85b2ed354ad7,0764b3a1-48fd-499f-a830-e96235cec5ce,BEV-005,4,618.41
f798af76-0de2-45a6-b1a8-f5ce92f881a4,0764b3a1-48fd-499f-a830-e96235cec5ce,BEV-003,9,145.94
dfcfa01b-a96f-4167-9e2a-9d9b56b1330e,0764b3a1-48fd-499f-a830-e96235cec5ce,JAF-003,1,990.44
e47d16c6-5027-487b-9978-06fe9b9e20ea,c467c19d-4840-4f87-84eb-a1f5371835eb,JAF-003,9,537.89
eccd246f-ec74-4cba-ae78-8c648afe6a6c,39b9a68f-a5e8-475a-a3c8-14bd1f9a665f,BEV-004,9,147.5
63740534-62ec-495e-a11a-e34d1656c8d4,a82ed380-fe6b-4696-8eec-d39fd919e2ce,BEV-004,6,938.55
b4cecaae-89be-4b05-8210-8049fa37bffe,a82ed380-fe6b-4696-8eec-d39fd919e2ce,BEV-005,4,398.61
925d8ed2-4a5a-43d7-9b33-c8080a557579,a82ed380-fe6b-4696-8eec-d39fd919e2ce,JAF-004,8,219.88
59c1309d-cf2c-4ef0-89c8-b1a53e0db5ee,fd7de0c8-c777-4cc4-9f08-ca6ab6c9e5ff,BEV-003,2,418.09
13bc4e70-2469-413d-8969-596fa23945b5,d25f1a1f-2ef7-4f96-88e2-239b527f6d99,BEV-002,2,263.58
448caf57-5986-490f-aac4-9973374d1883,506b8526-8b2d-4c8b-b659-e155dd455adf,BEV-005,7,355.95
164646ce-ffd3-40e7-b876-c458f2ffbc05,099432d6-37cf-4b8a-81bf-0ee11fd49666,BEV-003,8,311.78
20e0afc5-c2ce-43a3-847a-9ffda4c6956d,099432d6-37cf-4b8a-81bf-0ee11fd49666,BEV-001,5,953.96
1bde5978-0835-4713-b568-17f5625c9043,c0cea91e-604f-43fe-8140-31e44a7a969f,BEV-002,3,821.78
0b892264-ac82-4a78-a781-b5917a9ba875,8e86faf8-8e9f-41e7-9529-a794f68fd3b3,BEV-002,3,218.93
11feafee-56b2-40da-aaef-2a61710ec384,0bffdd7f-07b9-4b90-a6e2-66c23630c0e2,BEV-001,1,430.0
65f7cf06-969a-4549-aace-0be91065bd5e,f04ae427-6711-4de8-805b-3f95f47b146d,BEV-001,1,797.84
1c55a066-43dd-427f-909f-ccb0e5284cdd,8002121d-2298-49ec-9908-658035bf932b,BEV-003,9,93.33
840375c1-d22d-4561-b074-71c1962e5826,aa91e52b-92fb-4dff-87e8-c9369d8bd027,BEV-002,6,992.24
6cc59fbe-8a26-4aea-855d-a830a768ba73,aa91e52b-92fb-4dff-87e8-c9369d8bd027,JAF-002,8,180.48
244add2e-3fbd-4d24-91af-464fb2c5c1c5,b9471211-8c40-48c9-86fc-01854e549533,BEV-002,5,876.54
104199c1-1635-46d5-9fd5-3dcbef04b215,d87c7c36-016e-4fba-8197-6c61f2fef432,BEV-004,7,713.03
4494c85d-1884-4b02-a097-d979d0b297dd,fbaa2019-07d6-4ee6-80da-2f726bd74cd5,BEV-003,2,341.82
b5daad2e-6bb9-40af-b659-3bb499dbc32d,fbaa2019-07d6-4ee6-80da-2f726bd74cd5,JAF-002,7,565.35
1fb938f7-d1e5-4ca9-8702-0b16898f701e,fbaa2019-07d6-4ee6-80da-2f726bd74cd5,JAF-005,8,649.95
a37160b3-8b81-499d-b05b-20812ff91e85,f2b352c0-bd3c-4159-8495-f2bc46046726,BEV-005,9,612.62
9b1217ff-d6c9-4b9b-8429-38d356b1d4c4,f2b352c0-bd3c-4159-8495-f2bc46046726,BEV-003,1,966.76
01ddbb59-3c17-4c16-9d19-6e7e8260b2e6,f2b352c0-bd3c-4159-8495-f2bc46046726,JAF-001,8,759.38
e3f833f7-9255-4990-a11f-05ee7af6df6b,246f192b-d0f5-44a2-b98a-fd4a4185b0ca,BEV-002,6,537.38
4f36d755-131c-4e9e-8bff-c58112452e65,97aa4211-9a8b-4e8a-a001-ba4c3ab127b4,BEV-002,8,392.78
ee836126-a578-4ee5-ba98-e617e7fcd4d4,97aa4211-9a8b-4e8a-a001-ba4c3ab127b4,JAF-001,10,859.52
b220ec89-4aaa-4aee-a832-c27a9325f896,bbb6d361-2349-4ec8-9dba-f5ea187cf35d,JAF-005,10,483.7
57ba94b7-73b2-4021-9394-6536358748cd,bbb6d361-2349-4ec8-9dba-f5ea187cf35d,JAF-005,10,209.28
9e71147e-5448-403a-8b1d-7f8ab34763a4,bbb6d361-2349-4ec8-9dba-f5ea187cf35d,JAF-005,5,147.7
0b75d046-ee49-4da8-98de-a0508fc5f8ba,e68d61f7-867c-422c-ab4c-494e26f53016,BEV-004,9,665.56
17f352fe-f330-45ee-bbe1-d4a6f75ecd49,e68d61f7-867c-422c-ab4c-494e26f53016,BEV-004,4,84.68
8ef73b89-328d-440f-93d1-11115fde3bcd,e68d61f7-867c-422c-ab4c-494e26f53016,JAF-004,3,462.3
edb5e337-6930-4fe4-8c56-d15476800389,5c33d8c3-2270-455f-a6bd-fd5da3e26a01,BEV-005,5,137.6
05e04696-5eec-4084-8458-7302e7efab3e,5c33d8c3-2270-455f-a6bd-fd5da3e26a01,BEV-001,6,18.05
ea5f721e-9d49-4199-a600-f524594934f6,4f61ad11-172c-49f6-aae6-cfa810592d1b,BEV-004,4,336.82
d65f9988-aeb9-4b30-84b7-c12977c0b2c2,13ec64ae-e8b1-4ccb-8b60-74c88199ba21,BEV-003,9,581.67
767eb482-3f01-4127-b849-d17c49c9c728,dedc0c00-8627-4479-a896-644ee2985529,BEV-005,8,371.04
249775cc-d3ff-4a47-8b19-8afdaf779c66,9eec398a-69a3-44ae-91ce-55f65784fe48,BEV-002,3,212.68
cc3e0d1b-5aa2-4a70-8404-baff036d6087,6ce1d578-9c19-48f2-91ee-89f5241b77af,BEV-004,9,473.72
181956ae-a294-4a73-bfd9-53b4232270f6,e248f720-6f16-4c80-b742-099ca91b4e76,BEV-004,10,237.3
855bb927-4e99-4ca3-8ac0-ed9eaedbcb5b,458ef39e-1602-4e3b-9e68-b1fb13162b27,BEV-005,4,362.55
09685dd7-5839-4de7-b008-892d53fbe2ba,a4b5096d-6975-486d-ae5e-17d95b65fee5,BEV-002,8,221.48
488a3b7b-22b9-4bac-b539-f93794fc7afa,a4b5096d-6975-486d-ae5e-17d95b65fee5,JAF-005,4,471.88
e04e1417-06c9-4ff9-9343-28892d470ca0,dfdef4a8-d0aa-4246-ab32-3e54b8949bc6,BEV-003,10,645.36
b4129adf-5947-432d-83ab-1fb29a4872ed,68164e19-6d71-4852-8e22-66b7d2aa6601,BEV-001,5,941.71
acdcaa8b-9b0b-4263-890e-432f5b1191b0,39e35439-fb46-42fd-8d93-c4f06d28a822,BEV-005,5,627.5
e6ea3992-ee3a-49bd-bda2-f581347f3f3a,5de6235b-81f3-4ca8-8ca4-d03ca80d4555,BEV-004,5,584.73
f9dd77ed-5f9a-4cab-ae0c-bc8e5803c942,9f0ce99d-0fd1-499f-ab88-6046e7c25186,BEV-002,3,866.89
0da33ed1-d278-4ce2-bb74-2fb6a8e81360,9f0ce99d-0fd1-499f-ab88-6046e7c25186,JAF-005,3,588.37
718cef5b-13cb-4b50-afb4-0185f201a51a,9f0ce99d-0fd1-499f-ab88-6046e7c25186,JAF-002,8,801.45
d02d5453-fce4-4dac-b5c8-7ac81d7a5cf4,9f0ce99d-0fd1-499f-ab88-6046e7c25186,JAF-001,10,800.67
e86fc3b6-9182-425d-a9a1-7296ade3efe4,dd28d754-5c74-46d5-b317-5a6030b7a9b0,BEV-003,6,849.57
4008290c-dd2c-4014-b961-c5eda6c58156,f31060c2-2bf8-4c2f-ba93-f1c6df07c2f1,BEV-002,6,776.55
5804eedf-c197-4772-b7db-a2060553b909,60b56589-14fe-4935-a38e-6a90bb32934b,BEV-003,4,645.43
86d35697-3c04-4956-b3e1-31a360b2cacc,636f7797-ef1b-408a-b709-81672cc123d3,BEV-002,5,25.05
3addf051-d9c0-4ec1-8266-6591ca985f25,c5b49530-ad0c-48d8-9c63-163181bb7113,BEV-001,2,131.26
b5d3e863-8e7b-49d5-8601-d491d57f62f9,32366ec2-de87-4178-b1da-78e91c385c0d,BEV-001,2,868.77
f89a03dd-f455-4c13-9163-e92f7dcc9233,4012996a-4af9-499e-bd42-ac895f454b5b,BEV-003,9,516.08
dfb8b292-7e55-4ffe-83a7-f10a9db29311,585acb06-e5ea-4c31-9164-22a68ede5552,BEV-001,4,444.02
de8fc7dc-ac64-49c4-94fb-e8329120a7c5,3cafab65-fa92-4cb9-8d31-e09de966395c,BEV-004,3,454.37
59f046dc-2d30-49f0-8405-afdbd4eda6a6,131dbfcd-5210-487d-9775-e13fec763fd5,BEV-003,5,874.58
afc447dc-7427-4ee6-b392-9b50fb13ff1c,ac3ebef8-6591-4bf0-8c86-0cdb441ef269,BEV-001,9,692.49
539cb0fd-c808-4bcf-b419-b4ac7e723048,bc85639c-2e30-4de5-a897-a47cae3c7f4d,BEV-005,10,259.54
b8cc337d-1ce8-454c-8bc0-57c827022449,8108ed89-8700-4fa7-afb3-c467438a2e62,BEV-005,10,912.23
ff83e784-de05-4667-a375-b76b410575d9,99e62e6a-a69e-4d99-ba25-1024de73af64,BEV-001,5,769.82
b14b30f9-c8a6-402d-b1c0-e8ef15c64fc9,b3aa8b87-ea76-49e2-8492-3041388d0433,BEV-005,9,180.94
fb33ee54-73c4-4484-92fd-c162c50cc87c,236e0898-bc8c-4a66-be50-38aecbef3ba6,BEV-002,8,159.56
7eff00c5-fabf-43ae-b867-1d78a153aece,236e0898-bc8c-4a66-be50-38aecbef3ba6,JAF-004,10,509.02
4b50453b-6dae-4db1-b040-91f65ca7387c,7e945f91-41c5-47a6-bf32-05e92916b8f6,BEV-005,7,836.91
ad5e24a7-a196-420c-b347-5401ab1e7f42,b1025d35-1560-4610-a55e-a7807a0eaf12,BEV-003,9,611.11
6aa4cf01-71d1-46fc-ad57-efc776122f53,b1025d35-1560-4610-a55e-a7807a0eaf12,BEV-004,1,683.53
cae490d7-f1ca-4b75-a4d3-722dbb8e2117,6474ae71-d204-4a0e-bd02-86470c0dbe54,BEV-005,7,883.34
997c8b7f-2b50-4795-a138-cba69bf1e04c,6474ae71-d204-4a0e-bd02-86470c0dbe54,BEV-005,8,791.57
f306f4a8-a15d-4ca0-92af-cd776cbbba94,6474ae71-d204-4a0e-bd02-86470c0dbe54,BEV-002,2,232.93
3b5fa105-8f8c-4e02-bfd6-fcb875edbde3,6474ae71-d204-4a0e-bd02-86470c0dbe54,JAF-005,3,969.01
4ce62ab3-ce54-4683-bdfd-8df9dbae6b03,6a4502db-2da1-4228-a3ac-8777adddfc94,BEV-003,1,693.3
ba34f93a-8da2-4028-a86d-137cf06e79c4,a02d2493-e2ae-47bc-ab8f-d26ee5408e2b,BEV-001,2,283.88
0d4ae84e-06fa-4711-b181-d28051d7f8ec,216f7fb9-dedd-4527-93d8-5b9ba71a315f,BEV-003,8,903.11
e681b267-82a0-400f-8ec6-9763e71575db,21e1c6ad-0824-4333-81c6-0cda7e6de55d,BEV-001,9,707.15
2acd02a6-8f1f-469e-b406-73f6453f38da,49bf045b-e20a-49d4-8a8f-8c71ea433307,BEV-004,4,887.65
f0515447-d92e-49a3-9b88-094a8c766e7d,49bf045b-e20a-49d4-8a8f-8c71ea433307,BEV-005,8,544.37
36891b7a-4652-4e80-bb6a-bf5fc53b311c,a2cf6da1-6309-47eb-a691-a151c0503b0e,BEV-001,2,508.58
e1a8feda-010c-40ba-ae35-838bb404fed6,199d48ab-6567-4543-9afe-0b0cf5e11e71,BEV-003,2,470.03
9c1aaaf4-46e3-4f5a-a85f-c4153dc784ee,3d520774-b311-43bf-ac61-292e77c280b2,BEV-002,9,588.82
01aa37ba-616a-40b5-bbb3-b91c5b8287d7,3d520774-b311-43bf-ac61-292e77c280b2,BEV-002,6,868.95
16fd5e85-b8e2-45a3-9806-46ad9b569179,13f3069b-71d4-477a-95c2-9ddc94d0ad0e,BEV-003,4,376.41
60be86f2-75b3-4a8e-8187-8dcd2b4f7566,098299bf-eeaf-4598-a35d-325240ab5f1f,BEV-001,7,399.51
6eba0ee1-9666-4028-aa81-5e490dc59f9a,a2c21818-6e13-43be-bd0a-91bb0458ab7c,BEV-004,5,229.35
31eb5bf1-ade4-4183-8a85-b255ccf6dabd,b65cf135-6587-44e2-8742-e0bf06a21344,BEV-002,4,323.79
6f944ecc-ffb8-4ba4-aab1-fdc83e4dacfd,e63d9b08-3003-447c-b5ab-3584c440ad2d,BEV-002,2,98.55
50072e6e-8df6-4a2e-aa89-b6f217f8dfde,cf2f5ff9-4a5f-408b-afae-dedb3c427b08,BEV-004,10,408.46
c67a2d78-4a27-4e4c-aad6-85bf232adb87,320ac856-d431-4379-8d75-04fd3756ba3c,BEV-003,5,904.39
66bdc0e6-4230-4862-b257-f61a6e4f9411,064f1eaa-3537-432e-87e2-4b684337ab2c,BEV-005,5,594.33
702b3017-d510-45d2-844f-c580f376a770,fd8cbf9a-79b8-455a-9a3c-45bd093eb896,BEV-005,9,943.2
bbd38931-a447-4242-a800-fa609efc29b6,0ad4184f-d439-4127-9968-8323f6361904,BEV-003,4,145.15
bfacfb14-f042-4c6e-8e90-d247dc2bf389,41d68864-236e-40e6-8b6b-c99e24a8beb6,BEV-003,9,970.62
c6477535-2a63-40d2-b702-9e20aabdbb3c,059e9aa4-21ee-4564-990f-0c3f20e6e8fa,BEV-003,9,489.7
a744a5d3-e3b0-465d-a0f3-03c961134070,42cc3a73-9b75-4bd1-aafc-a6def4194bf5,BEV-004,6,442.7
f1ed25fd-9c58-4df0-990a-0a3b6c072acd,4aed83a4-ffb9-4dae-b917-d50c0d97c642,BEV-005,9,849.3
8b59547d-b62d-40a9-81f6-094a4c90c4cc,b8d9c901-b6c9-4d9f-8413-012fe4a8fcd7,BEV-005,3,860.17
311c78a1-05ef-4448-b2e9-8ad21110812f,866eb114-5e5d-4ecb-bd12-8d356d8a908c,BEV-004,7,268.94
15354094-8d91-4d02-8171-7190a1597390,d6521b79-bb12-46d7-aaa5-22238f034eb4,BEV-004,8,465.06
208f5f20-20f9-441a-89d9-a07c7b129c85,5ab7730e-4db7-4a0c-b9a4-0ab3bf67fe12,BEV-001,8,970.46
a3973b5c-e8c6-4977-b20d-d9e7198d3906,6199dea0-6070-4180-8f93-36f2b93ba28d,BEV-003,9,470.17
8ce1b8a6-4b7b-4c83-a4e6-b501434a62fd,54092a2c-730b-4748-8536-00da826efec0,BEV-001,3,960.83
0a9372a2-949b-4d14-bee7-93939badb12c,9f29cf0b-9fc8-4f38-ba05-aeb54571dcfa,BEV-002,4,322.38
c95f4a5c-042e-4378-99ae-431728c2ac7f,f0467f9d-07a7-4e17-b099-c7807d27ec87,BEV-005,9,864.85
3363eeec-c37a-4edc-9205-d30c28a22b03,1baa0308-fb06-4ca0-af36-55d4ed5db3df,BEV-002,3,905.03
6f5ab3f6-d758-49a7-9d7d-f281b9014b96,6b843c58-be96-4118-9b8b-ff80c9103e44,BEV-005,6,862.12
defc30aa-b4c8-47bb-b440-52acf3d5e358,6b843c58-be96-4118-9b8b-ff80c9103e44,BEV-003,10,806.27
a0bd2823-e1c4-4839-b6d7-f20acdf9603e,6b843c58-be96-4118-9b8b-ff80c9103e44,JAF-001,7,384.9
1edfabcc-0b10-41ae-8335-fd897c7132e2,42760c7b-44c1-4e08-ace5-c0c4178f9634,BEV-001,2,694.68
234dcb51-ce4b-41b6-9202-b96e614e9812,42760c7b-44c1-4e08-ace5-c0c4178f9634,BEV-002,2,919.06
1adfb0bc-6a4c-4639-8be3-6807bc68d0e9,42760c7b-44c1-4e08-ace5-c0c4178f9634,BEV-002,8,818.81
6b9fa518-a7b1-4b9d-a4a8-f049cb99620c,42760c7b-44c1-4e08-ace5-c0c4178f9634,JAF-002,7,42.15
83be4837-2ff4-42d9-b7a9-bc27f58125b7,42760c7b-44c1-4e08-ace5-c0c4178f9634,JAF-005,1,354.45
89f55b79-662a-4fbb-9fcc-b91c627c2a0e,d837e5a9-65c0-4881-b19a-9f15844c41f6,BEV-003,10,911.25
32004cb3-5bd0-4361-96f1-c08969bb48ff,8246b46e-6642-4d22-9ae8-76c924d244eb,BEV-004,2,468.68
e1974993-421d-4bb2-8661-752aad301799,1002031c-b6a5-4737-93e8-2910298c32bf,BEV-003,8,84.86
bb7a16f6-aeab-489f-92ec-61fff23933da,3d98dfad-1aab-4a47-a280-3a7baf4641dd,BEV-005,4,373.66
23773dbe-2a31-4af9-8335-bfe8c603c8c9,74f3e2ba-73c4-4cc8-ad5c-9eb2632b5d89,BEV-004,3,394.68
b316f7b4-827d-47b3-ac8e-95b3d4c0675a,705e0a71-edde-468f-ac67-ca3efa9c22bb,BEV-003,7,609.58
79f24c6c-7bcc-48e5-9f75-6460b57b6aee,2d77061a-34e0-418f-b7a5-1e4f92b5d15e,BEV-005,7,216.0
437e7aa5-9446-4614-9da7-71d57bf8ad41,7d790fcd-3303-491d-9b41-443d77d2e1ee,BEV-002,3,377.02
d9f7f16a-ce38-4eeb-bcda-e5602b05a86a,76576f34-5ab5-4495-9472-7719dfe75159,BEV-005,1,175.32
279c0335-6bd4-4cd0-8387-28ce9334d0be,500bef69-95d5-40a1-a0a8-4ab69bd2bd28,BEV-002,10,890.09
23796572-431f-4b51-8548-66621f5bf639,f02bce2f-2fdf-407c-8de8-a9fc5c04e134,BEV-001,1,95.94
ace45794-5998-42b8-b0f4-59e4c4f3aba7,f02bce2f-2fdf-407c-8de8-a9fc5c04e134,BEV-004,7,709.99
a396b14e-8cbe-407f-9120-735d9f3c3ab7,cf0b384f-4267-46b9-a4c5-24b11962f758,BEV-004,2,797.96
2cfcf341-53e4-450d-a14b-491433fc77b6,cf0b384f-4267-46b9-a4c5-24b11962f758,JAF-002,6,551.18
5c067677-3a48-4982-8471-a29908ec444c,c728cac4-c01e-40c5-ab55-0a94c481b1a4,BEV-004,5,208.15
407a1120-4f89-4647-8b78-9be765cfa389,c728cac4-c01e-40c5-ab55-0a94c481b1a4,JAF-001,1,257.51
f4a56b2b-cc3e-4e16-a6eb-be8f1cac3fca,e817e8dd-b682-430a-885c-41241250e2c0,BEV-001,2,885.22
ac88d0df-946d-425f-b777-0b69cacfb823,a2fdf206-563c-4870-be28-9b150d81575a,BEV-001,3,946.34
cb9d8e91-f742-4bd2-b2c2-510acb39da2a,5b197474-d866-43cf-a5a4-162e8b8214cf,BEV-002,6,882.77
38ccedda-552a-4a2b-9f0b-327945497c7f,3e65d0c3-695e-4e6f-8bb8-18a8b48dc4e4,BEV-002,10,165.53
234a7288-2f00-4e98-995b-ac4ffb5feeea,3e65d0c3-695e-4e6f-8bb8-18a8b48dc4e4,BEV-001,9,424.43
470812c1-14d1-472e-a084-63fac6c68ccc,3e65d0c3-695e-4e6f-8bb8-18a8b48dc4e4,JAF-001,4,809.73
d7774dbd-f3f5-484d-bba5-e61c3d637c9b,1e490f2c-e3b0-4281-bd3a-13c5cc1228a2,BEV-001,8,197.43
f89789d5-ec34-4848-876b-ab3d05308405,1e490f2c-e3b0-4281-bd3a-13c5cc1228a2,BEV-003,4,517.17
5243b5b8-ae4b-4645-8877-4f2fd3be7de2,1e490f2c-e3b0-4281-bd3a-13c5cc1228a2,JAF-002,6,123.16
e3629dba-6dc1-4401-affd-0ff20fa5e448,fecb407a-c639-4715-9f5b-64555259fee8,BEV-005,10,226.88
2d333bb7-2989-46d9-87a5-3f7871d721d4,83abac88-6f8a-40f0-be63-6e3493020670,BEV-003,8,889.84
b0cf4c2f-babf-42f2-a849-bee9b48b0804,a45141d3-c198-49e1-8417-68360dc09ca0,BEV-004,1,219.29
de96a261-b04a-403c-b083-0a40f53b351d,a45141d3-c198-49e1-8417-68360dc09ca0,BEV-001,9,361.14
be5789f6-522e-4bf3-aea9-b62132c75171,a45141d3-c198-49e1-8417-68360dc09ca0,JAF-004,2,695.53
45e9433f-29bf-4210-963d-dd39a3bd9641,5d935a83-e6ea-4d3b-97b4-93b0222b3bff,BEV-002,9,597.62
8eb99d43-d34b-4b8e-8886-912b69d3daab,81e542e7-d3bf-4bdc-b5fb-3582baf8c65d,BEV-001,6,190.0
e3baaec9-be92-4eca-9552-a94926fc0f67,81e542e7-d3bf-4bdc-b5fb-3582baf8c65d,BEV-005,9,490.99
cae14f1d-dabf-4e27-9e32-534366e8585e,7c765646-9cac-467b-bcf6-3e8e73aa7604,BEV-003,1,856.1
4258556a-a59e-4669-8b8f-c38cb7802b4c,b73fb53d-7d0d-4e62-a47f-c57c5d0f384a,BEV-002,10,294.0
c09545db-e312-4155-a6b9-93b43dba9ad8,c5efa2e7-5f55-4d24-a239-411bf56915d8,BEV-004,2,353.83
07b6ed0a-200e-4aee-9013-71a2cda0c7c1,5244647a-e69b-4f34-b1a9-789158c7b5a8,BEV-005,2,862.6
2f5edbb0-31e5-497b-a117-24a74a9e0ca0,1e078e3b-57e7-4ead-93af-d243692a915c,BEV-004,4,339.76
48930310-655a-481f-b330-9ef90a6a20b3,32159900-ed64-4e26-b421-7ce03cb531f9,JAF-003,1,620.51
9504bf0c-863c-4897-a454-c599bc3f7e12,d43d098a-4b83-4302-a925-6aa701f34f66,BEV-005,3,835.62
f73f90ee-9b40-4b0d-95b4-27d2080fa41d,a9d346d6-cfd3-4545-8e0d-d78e913fed16,BEV-005,8,327.46
7b785719-8061-4afb-a158-dd70da873836,7999d5d8-f3cc-46d1-94c0-fd5c598ac3dd,BEV-003,8,492.74
d6ed5ac7-07e8-4220-ad40-9f6b4e40afdf,b1554a63-106f-427c-9148-7d42b92f1f79,BEV-004,1,681.43
888ad3b2-a569-4985-b01c-4b9fffdda25a,9e676ded-c8e9-483e-a940-b9de807c9b59,BEV-002,1,21.46
0a87bea3-fe68-48b0-89ec-75adf77e753e,e35fe466-5387-47b0-a221-4e8fc0cbd894,BEV-004,4,912.81
fcca3001-9dbe-4e0e-9456-3aac51efa076,acd57896-b882-44c1-bfa0-59ae64863a0c,BEV-002,8,175.3
26c4cf06-5357-4607-8791-de9043f43926,e256a182-2c1a-41b1-8aa2-58ea25cc4f31,BEV-004,6,178.92
e509db0b-fbf8-4cd7-b4de-d23d3497b342,4c08be6b-9d26-41e1-b687-16d8c922de81,BEV-001,7,724.15
dfc7728d-bd8e-4aa2-9357-2d425d2280a5,0aabbd0e-e744-457b-adbd-5c299acfa5fd,BEV-005,9,156.91
7bab6619-5e90-4425-99d6-951887b37f67,5197d801-924d-4a7c-91d2-f53f058690d4,BEV-005,7,426.33
18417420-69bb-4072-af55-e05f93c4505c,f816a556-6aa8-4efb-b903-5815042ab53b,BEV-002,6,952.45
f8966c4e-c28b-4403-b30e-31a255d769b0,f816a556-6aa8-4efb-b903-5815042ab53b,BEV-005,4,801.7
fea90688-c193-4603-9f03-ecab27923f92,f816a556-6aa8-4efb-b903-5815042ab53b,JAF-004,9,167.5
dafb148b-ccd2-4564-83bb-7ee156324cd0,f816a556-6aa8-4efb-b903-5815042ab53b,JAF-004,4,498.33
745e7cea-85cf-4fc0-a130-c0b33cd76b2b,a623a66c-3ad9-4063-a839-58ff64fae548,BEV-003,7,247.27
01a92750-b9fb-4d45-9951-014934f81d11,4f3c86d5-0bf9-472f-8c25-d4e58394ecd3,BEV-002,3,710.16
bad5f03a-4449-4df8-b0e9-d10685f63db6,64bc2092-ff3e-426f-b161-aa5374dc63dd,BEV-003,8,407.21
06c59d7c-1aba-46e8-85e4-86ae24c96740,aaa19399-bd31-4785-a45f-c49f07f3f623,BEV-004,8,231.49
8a620b19-f7c2-43e5-b280-d670d08327c8,311f256d-66d7-4c91-a716-6fee43bd64b5,BEV-001,1,429.9
6d9c9afa-46ad-4c95-9256-367298264814,b27b5bd4-bcc9-4714-847d-600c997a95dc,BEV-005,2,958.28
a5372ac2-70a2-4179-affa-eab4d47a14f3,0544a02a-83b7-4686-b667-49f5f9d4c256,BEV-004,7,661.97
cf29c805-616d-4a8e-8879-cca234530245,0544a02a-83b7-4686-b667-49f5f9d4c256,JAF-001,3,111.15
ae150909-bdbb-49af-911c-2dd62c6972d3,00615a38-547f-4c8d-96ab-b449dbbc08db,BEV-001,1,432.76
abb1bdc3-aaae-457a-bc67-0ada81f4fb92,dcd47319-04e6-43b4-a536-8dcb2ec72340,BEV-001,10,980.68
d0d83ab3-b986-48fb-bfd9-e7540b98b9a1,9684070c-cfd0-47e5-9a7a-0470cbdc2538,BEV-002,7,786.66
364d017f-ce85-4c7f-bcfe-2be361dcf567,9684070c-cfd0-47e5-9a7a-0470cbdc2538,BEV-003,1,460.84
f88d2de6-0d63-410d-8b19-f7a7c787e523,9684070c-cfd0-47e5-9a7a-0470cbdc2538,JAF-004,3,922.35
00f1bcd5-3e97-4b4d-a5d2-8ca2dcfba15f,640bb12a-3fb3-4c97-9676-64b2fff06526,BEV-001,3,33.46
e5d56006-d579-403d-9e8d-67a135741974,cbd5038f-3c50-435b-8131-face33496129,BEV-001,5,993.64
52e3ce20-4d83-4ec5-b5d0-6c267ecb82ad,65f8b3e6-e281-4b45-9b55-c80a1f6cceb6,BEV-002,8,759.85
c4c352c7-52fd-4edc-8f2a-beed5414c3c2,b58f9340-3fd6-40f6-b53e-2dbc144a283d,BEV-001,8,440.32
ee8b982b-3088-4370-8c10-564cb0a51bfb,ed7c5293-d4fa-4d68-9bf4-962418168f3d,BEV-005,7,953.85
896b9db1-f7a0-4169-9370-a640f4202846,ed7c5293-d4fa-4d68-9bf4-962418168f3d,JAF-004,5,332.08
c2b4c799-ef77-4017-bddb-91b9aa2d0ccf,fc718223-29be-42d2-996b-ca20bd1cb991,BEV-003,7,18.59
fb3a70a7-2031-43c7-a8fa-891c6b39d155,d5ea7e32-718f-4ace-b668-0263d4810bb0,BEV-002,7,169.77
0b0122a9-ffe9-4a05-bcd2-2d1e8db18e18,f81ad96e-8cb3-4fed-a5e0-a1707cd2a54a,BEV-004,4,440.62
44770c99-5b64-4e68-9683-3256e8fafcdc,f81ad96e-8cb3-4fed-a5e0-a1707cd2a54a,BEV-003,1,847.02
13046152-064a-4887-b9eb-4255c61bfea3,298fb9a0-1bd6-4cad-bc33-77b017159303,BEV-003,5,550.79
0bd749f9-847d-4788-8405-50f1c9be3434,1f5b8629-3bb3-4bee-9611-385394fc2fea,BEV-005,1,464.73
0241db2a-8c49-4c93-bdef-ac1ecfce9b16,812a705e-ba9d-4603-96ec-cf54ebf93a11,BEV-001,4,953.06
dcbbe8d8-1a59-4389-960f-6a44f67c772f,6d1281c3-bc68-449d-bee8-edf0ac8bf8fa,BEV-001,6,309.52
f0e38ce7-cd4f-4b7b-8577-1eda4e1005bb,a67ebc78-0224-4bc2-bd87-a3c059b8942f,BEV-001,3,793.23
61b12820-2426-4390-ab76-fb944227ac38,af2926d3-f0ac-4589-9606-fcd1c0d226c6,BEV-002,3,936.82
6beb1a2c-abbc-49df-b759-d028e966d943,af2926d3-f0ac-4589-9606-fcd1c0d226c6,BEV-001,8,64.16
6975ca2e-8dc0-4ba5-b79b-2b275b3a7104,af2926d3-f0ac-4589-9606-fcd1c0d226c6,JAF-003,10,502.36
518a0cbd-55bc-4704-a7cc-d5d697114b7f,a4df27ea-7493-4853-b575-dd3e81b4a151,BEV-004,9,569.21
5b7a815c-4d56-42d9-9798-b38016366397,a4df27ea-7493-4853-b575-dd3e81b4a151,BEV-003,3,970.86
08427af4-2305-413d-bc88-a9b7614cedeb,4747ba43-ff2a-42c9-8b48-8822ed70e0fe,BEV-005,8,175.16
02f12e25-c8bc-43bd-878e-e82c27799e3b,4747ba43-ff2a-42c9-8b48-8822ed70e0fe,BEV-005,4,265.98
81d91fb4-b09f-40ce-a2c6-6f928affa9fc,a7b8002d-1f7c-486a-8559-dd57c0503233,BEV-003,7,303.94
fa43512b-938a-4ff0-b805-22161791e8bc,a7b8002d-1f7c-486a-8559-dd57c0503233,BEV-001,5,157.39
775a27cb-5580-4d0a-a759-5b76170794ce,61f76739-ae09-464a-b830-cd6e9f365335,BEV-002,3,995.53
0e61bbd4-c3f9-4ef4-aa45-2b35ab9b3332,2ce405f4-9d00-4d8f-9297-e93a120cf285,BEV-003,7,254.88
3b18207f-ea5d-4902-a99f-b2ead0fa75e8,46b8e412-0f65-4f35-a655-f199d694ff35,BEV-005,5,398.7
2735f691-5b9b-454a-9b18-41843782d561,127ff803-cd1c-42e8-a68d-5d82ca929edd,BEV-003,7,554.8
b3bfcbab-3880-41e8-88b4-c8cd98bf5b4d,1d7f458a-296d-4345-897b-0393a8ebbd39,BEV-001,1,302.76
a9063a48-fd71-4416-8cce-871b1b1803d9,7c4b7ea5-0944-4f3a-832a-3dc9e762b8ab,BEV-005,9,965.86
7f3ad054-26c3-4e5f-97cf-f5c039df2a2d,f937801d-3ed2-47bf-a5bd-138cd7f5f583,BEV-005,7,395.02
cb251a5a-6007-4f6e-b074-71abbf109a23,9244db8e-d0b1-4bd8-a9ec-fed0899d606e,BEV-004,5,755.33
61e0d746-6784-4b89-a413-f37aae95d115,370ea25e-36b0-4525-9595-9558d096bf00,BEV-004,2,546.32
3acbd763-ca88-4469-abe2-f7d7bbc72e12,3e9e6357-d8bd-4899-8e68-aab5e2061084,BEV-003,5,605.99
00eea0a9-69a0-403c-9a59-91260bfbda67,4da48fac-ab38-4e95-ba48-54826ec795ca,BEV-002,8,344.14
d53866fd-1771-4dc8-bce6-9569424656f7,4da48fac-ab38-4e95-ba48-54826ec795ca,JAF-003,7,297.47
844cf611-1d8c-4ab4-9c12-573aa62d4b42,d98abcb5-7590-4eac-9b71-8c88cadbd467,BEV-001,4,51.83
4100885b-1ae8-4c96-95aa-9fc75ef7198f,2efde355-b655-4a5a-96ac-abd1c8b27731,BEV-001,7,594.27
27c14be3-7cae-4741-948e-06137ef0d967,a6e17fbe-c027-479c-87aa-ca500e1043fc,BEV-004,5,286.22
15d55b0c-be09-463d-901e-e547f435dfb0,147f2b01-79c5-4e40-94d4-330fc0cbb3b9,BEV-003,1,739.16
9c253ec4-a96e-407f-ba14-197dee9e75e9,ef9119f5-a068-4dda-bd9c-4ba17224d5d4,BEV-003,6,268.38
85706854-ef24-4225-8d9a-395fd08fa87f,c42361ec-8513-4041-ad31-bb9bc6d5bcf0,BEV-001,9,263.76
5c02ac46-1a03-434e-acec-eca85e114d7b,7e7f0787-fadd-4207-a654-2d09c2ad038e,BEV-005,2,933.84
b8da6985-c343-4a5e-bb53-9b910b675e0d,06210d0f-736a-426c-972c-a48745ab4366,BEV-002,2,388.74
1ed9df61-18ce-4650-aa70-a9d29c1e114f,1c878808-0add-421c-b2b5-96926aad7955,BEV-004,2,996.96
64cc9018-1148-422f-bda8-6800adae9ee2,4d7eb007-e0ae-41a1-8754-b65ecdda8ab0,BEV-004,7,976.73
cc24230b-b4cd-485c-8b2e-cae2ecf40a0d,705237f4-374f-46c4-918e-8bd21b74f3b7,BEV-002,1,570.25
6c299a32-1c39-4346-bac1-8f76a50892a8,930d6324-2146-4f99-b0fa-eb10f1ddee3e,BEV-002,2,936.42
ed71841f-bc9f-45c6-93cd-e196cab7f10e,3593b9db-3c2e-4b43-a78f-d2988222e57b,BEV-004,1,193.6
8c6022a9-9fc7-404e-a77f-aaf24d0e8554,4419c0dc-653a-4c77-9888-ccc22a0b089e,BEV-004,6,409.21
a3edbe79-f963-4534-bf54-4cfd67e3c559,4419c0dc-653a-4c77-9888-ccc22a0b089e,BEV-003,1,51.36
22ee03ba-a8fe-476e-976a-cced99dc71d4,847594a5-d429-4f05-9c5b-d57fcfc2df53,BEV-002,8,118.56
d6a162d7-2fe4-4311-a9a8-27c4452d0b91,83f2724c-6f1d-4e3b-8082-aa3d3228f990,BEV-001,8,30.28
1b3edf70-70fd-44df-b60f-67f0efffe202,83f2724c-6f1d-4e3b-8082-aa3d3228f990,JAF-003,10,377.57
f8d0e91c-e159-43dc-88b3-4a456cee6646,ca536dcd-95e6-4263-8fe8-6c5d285acd11,BEV-001,2,163.11
f1888f7e-74f0-4200-a2aa-d3638c9b7b78,7596b71a-ae4f-4450-9f32-c403e5987316,BEV-002,8,985.66
946b0d94-de0b-4ffe-b4df-1bfcc598c6b7,72178225-9e3b-454d-809b-da2313114c24,BEV-004,9,452.25
22502899-6b1c-4b14-908d-67f323d65bb0,72178225-9e3b-454d-809b-da2313114c24,BEV-004,2,173.47
0ef926f2-98fd-49ba-b8fc-a3716267ae97,72178225-9e3b-454d-809b-da2313114c24,JAF-004,4,330.77
89dfcb4f-af5a-4b68-9c68-baf8df491db0,72178225-9e3b-454d-809b-da2313114c24,JAF-001,1,253.02
a0f8a3fb-4905-460a-af76-af41da1b8837,72178225-9e3b-454d-809b-da2313114c24,JAF-005,4,223.41
5ebdab24-de7e-4977-958b-3783a6cf2c02,d946dc83-7898-445d-a207-e642a0cf7931,BEV-004,2,159.4
158b8d87-8eec-4071-9f46-7803910d9ad2,1e707a9d-729c-4098-a6a7-b9080f9beb93,BEV-004,1,948.2
c28b25ff-c263-415b-a229-fdb7407ee1dd,2ccfbe82-76cf-4ab4-8860-6b116b44c622,BEV-001,6,960.29
600cb054-c092-4e5b-9dcf-024e371ef144,2895b9e0-ba26-491e-8f93-a8e861978bb1,BEV-001,5,63.19
5a0cf06e-69f0-447d-825f-facd00a7c76d,2895b9e0-ba26-491e-8f93-a8e861978bb1,BEV-003,5,637.89
986f859b-58ef-4b28-a679-360158fbccb4,725bc6f7-cc01-41c7-b993-11972968eb72,BEV-002,10,658.33
a4efcec6-f4a6-4126-9dbd-581e418f77e4,2c63176b-cd63-44d9-9bb7-41ce9623817a,BEV-004,9,755.94
dc512ee2-3902-4501-a200-e357ff68672f,f1a90c84-8d1f-4734-8cd9-c514b470ba46,BEV-004,5,716.94
d38b029d-65b4-4e7a-8117-ae2225bea9f6,804c6936-ff7e-48c7-9bf0-0aed56b3e77d,BEV-005,1,26.39
5fbc4cf9-d77f-4562-ab66-db95714c9849,8a2a6a06-1eed-42e2-853d-fbaa1b85980c,BEV-003,9,18.14
3eff819c-4083-4fe6-b22d-80dff0a50a6e,8a2a6a06-1eed-42e2-853d-fbaa1b85980c,JAF-002,6,142.41
26c7db3d-2855-49ce-bf20-bfefc23f5f97,0b1782f3-73cd-432f-8b5d-af1e817b256b,BEV-002,5,194.25
109b8997-272c-4af4-88b4-cb1404972bb8,05f6c6ce-08ca-44d8-ab01-c0e38ec5feb8,BEV-001,10,644.69
d23aaa96-2324-4cf3-a0d6-d8c52c594cae,3a5cc475-db60-48ea-8986-453ca03174a4,BEV-002,10,969.53
cc7c3e8b-cb56-43a5-87e0-b75a706f7932,246a6c91-232b-4c54-9f81-9c00e49339cb,BEV-002,2,68.75
41696626-ada0-49e1-9151-10c322e1365c,e34cd78d-7559-4f5f-b1aa-452944c218c5,BEV-004,4,910.15
9ba5a447-ec39-4df3-b5c0-44057ca58350,57a37b7a-228e-4eac-8315-dfcb6b56d673,BEV-003,10,92.94
b392687a-1b01-4e67-bc3e-ee655070c016,11aabda5-9ece-4b07-95d0-89686deecc0a,BEV-003,8,428.83
cdf77c20-37a8-4b8a-9792-77e4367bc674,11aabda5-9ece-4b07-95d0-89686deecc0a,BEV-003,9,470.19
892a335a-9871-484d-a3a9-8299305b2069,11aabda5-9ece-4b07-95d0-89686deecc0a,JAF-003,6,777.98
63263e72-1950-4207-acb4-7ac82ab198ff,89c4f2be-8b28-451a-a86a-7cbabfcb9aa7,BEV-001,4,85.91
f5b76bb7-4dff-431c-be88-d0b4ca81785f,c1fac775-6b71-424f-8d87-f2ca359502f8,BEV-005,1,315.65
dff152b6-f4dd-4b1f-9141-4a8e9b78abed,fdc9d575-15af-489e-be9a-c05eba8699c2,BEV-005,1,208.09
d501bd2b-90e8-401e-ac13-d3682f4667ee,fdc9d575-15af-489e-be9a-c05eba8699c2,BEV-005,5,645.28
95edb136-bb95-4c57-a368-5f4d206f1c79,fd3c12e9-740b-4098-90d0-2870826eee75,BEV-005,5,928.84
a72e0b7c-91f4-48b0-8605-accd5afd70ea,fd3c12e9-740b-4098-90d0-2870826eee75,BEV-003,4,995.62
bf000ed8-0458-4616-a13f-94c7d791d04f,fd3c12e9-740b-4098-90d0-2870826eee75,JAF-003,10,586.49
f8863af2-3e5e-49c0-a87c-a4f3c0f819bf,5e143b7f-4706-4bba-8ba7-2e227dbe56bf,BEV-003,7,825.99
3e76bfa6-ce21-4860-90cb-853e8a8c1883,8679522a-88ce-496c-b840-d87a3cc2b688,BEV-002,2,972.79
13289f7c-0e57-449d-82c8-99e50d732bbd,0a0cad73-bb92-4143-8114-678b98e7dc29,BEV-001,7,93.48
2e73f530-f8a0-44d4-b9af-170dffecf591,5c50cc9d-0129-4d3c-a819-2b24de37ed54,BEV-003,4,295.97
264289b5-5b12-4955-b3ec-4353a5c385ee,ace1e50d-35af-4c88-bbbe-5de6f4598ea5,BEV-004,5,764.42
b0a0434b-3699-48d3-a0c3-e916796128f9,ace1e50d-35af-4c88-bbbe-5de6f4598ea5,BEV-002,4,71.02
511e2bb9-e3af-4ddc-847d-33eb6e54a049,c59967d9-1b75-4afb-bf07-95b53dda6df8,BEV-001,7,428.12
8becc26d-a5b6-49af-839c-dd3bc0e8668a,25750ad4-2796-47b5-b6c4-cccb8dcc941e,BEV-003,10,796.28
a812547f-32d0-433d-8295-9e3b31596a1a,6379f860-3b45-4edf-9e36-f0344d0dcf9d,JAF-003,5,775.98
2a7571ab-a337-4d47-bf8d-29756854d602,6379f860-3b45-4edf-9e36-f0344d0dcf9d,JAF-002,2,755.39
1b502c3b-664b-46b8-b771-186eedfa69a9,017e9b84-ec4e-46be-bfe2-be107c4e93fe,BEV-004,6,689.3
bdf1008e-f619-4507-b36b-3e3e78b44502,017e9b84-ec4e-46be-bfe2-be107c4e93fe,BEV-003,6,757.65
bfb0aedd-e9fd-460f-9753-2aa6d13b1943,017e9b84-ec4e-46be-bfe2-be107c4e93fe,JAF-003,7,571.32
8bf1b188-cbf8-4488-b1fb-ac1ef25a78d9,328b411f-55fd-4edc-8730-5ac44c0a96ca,BEV-001,1,127.13
f3148aee-d911-4f92-95cc-d06bb525df65,fb1d2390-141f-4134-9bdd-ed719338bf85,BEV-004,8,416.02
e71f4e64-51ff-4325-bd26-a8b8da841247,6da4dffc-f37d-4767-8f7c-311f31a455b6,BEV-003,8,740.4
59e0811d-3ff5-4c85-8d26-ddf4ebaca9d7,6da4dffc-f37d-4767-8f7c-311f31a455b6,BEV-003,9,512.27
41589b28-8cfe-47d1-bf57-675c206bf9d5,6da4dffc-f37d-4767-8f7c-311f31a455b6,BEV-005,4,855.91
3ee5a3a7-e1d9-43b5-9321-d250da84082c,6da4dffc-f37d-4767-8f7c-311f31a455b6,JAF-003,10,19.97
c8aaaded-22ef-41dc-8882-1073d6964a81,6da4dffc-f37d-4767-8f7c-311f31a455b6,JAF-005,3,303.77
d4fab454-a7ac-4f14-ae25-edbfcf6e3e42,3418e7b6-3adb-4b53-9fe0-4ae39283a3b3,BEV-002,6,594.63
11e54171-d2ed-42a3-b55b-e6de6f71c7db,44c0738d-5203-4a77-9a0e-8c39370258e0,BEV-004,5,469.86
82852b3e-7c82-4f4c-bbb8-eab8865ae3fc,44c0738d-5203-4a77-9a0e-8c39370258e0,BEV-003,4,771.53
ed13c453-719f-44ea-9a31-811aa54c9a43,f38c767a-bae1-46c3-b138-da2d32cc4cb6,BEV-001,2,438.65
49f7f410-b668-4b37-abed-9b4c9ef33f9b,4a7d622c-b2fd-4eba-847e-86db967c0885,BEV-005,6,870.55
3ee7c854-3186-4de7-ab15-cf2f3ee6781d,3238eeea-56ff-4e12-a835-6d05c26978f1,JAF-005,10,560.17
633b655d-1d5f-48f0-8e20-29580e8a1494,3238eeea-56ff-4e12-a835-6d05c26978f1,JAF-001,6,983.58
86237dfc-6560-4f9c-b45c-b2c55d849230,3c596e98-6c9d-45c4-a84a-d8f90d9f6f49,BEV-004,5,144.33
1e18272c-4280-4d9a-a22c-84fa172e63f7,dbd60f4b-09a6-452a-8e18-f5d8a457c63b,BEV-003,1,114.64
50c952a0-0513-4004-b764-bca23fc0ba85,4a11ba16-7173-47ce-a455-db60ff4b6c8f,BEV-002,5,824.59
542219ee-57d2-4eeb-9236-ab49c8b447d9,3d6049ba-c13d-46d3-b25a-4872bba26aa5,BEV-005,1,628.55
e8fc5720-872f-4f7c-9516-b277fc1f83dc,06d51dfc-da64-4e9f-9912-d7741444f6ba,BEV-004,9,817.4
6e340ac8-0ed6-4743-99f4-60250c32010b,3af51dfa-206b-4c3f-8163-261e80ada188,BEV-003,3,360.2
f10990db-6d56-49e7-ba97-c706b34092ff,56b2621a-ed75-4fab-8a72-1701e63ddb05,BEV-003,3,253.1
a7e99bd2-52f2-4596-96d5-949e6210cc85,b915d5de-bee6-4f65-ac38-4561bd442c6e,BEV-003,10,389.67
a8c811e7-ca34-4de7-a34f-a3cafca4e757,20f22b2e-ece4-4f7f-8766-3546ccdc40f2,BEV-003,9,214.46
59051079-dd92-4c59-b04f-39cd5c24ae3a,1a8233b6-dc93-4805-9cde-390642ef93a2,BEV-002,2,971.07
c166eedd-47cc-4ba1-bcf5-8f09e8224555,92757567-8260-4e5a-af4a-323c2d8d460f,BEV-003,7,87.58
3f4764fb-94b5-452a-9e4c-0526d134e302,68382941-ed01-4f1e-94c8-e5b021f4474a,BEV-004,7,675.62
96ac1d89-a023-48bc-b439-7cf9273b20ea,04dc7419-9d04-44d4-bc49-5d2ecac8df33,BEV-004,1,287.46
547b5720-7fb1-4164-88c1-d8e36fb932c0,8dbb2ea1-6705-41da-af27-79d60900209c,BEV-002,5,147.03
355662c3-8615-4589-aad6-8cce55e89eb8,8b93c7f0-a883-4473-97c7-0f72348e95db,BEV-001,3,491.72
59b38ecb-b0c8-4336-ab1c-b4d1abd4a97f,2693fcf4-cc51-45c2-bb65-49e333ce8482,BEV-003,7,762.96
b75b4414-99ed-4ab3-94ce-b5d4ef0a0adc,bc57dcb3-4615-4065-b9b4-65e88d6f8771,BEV-002,5,396.9
83bbe904-294a-4f9b-b25e-b986fc7619c0,aaf6aa8c-b5b6-4c9c-a1c5-af48418eccdb,BEV-004,1,851.16
3d8565a5-d186-45d1-a862-753ace1c6056,95a3d592-0717-4c0c-bff2-54caee638b9f,BEV-005,5,623.31
80f80e7a-df03-4d4e-a5b0-d192f3e37f88,a1184303-b602-4ba7-ad78-bee264c6b9b2,BEV-003,5,578.46
494b6f43-3e1b-412f-91e1-0065dfe2cb6c,2a86a8b8-d3db-4943-821d-958cfe95527f,BEV-001,9,276.93
bd06b0a4-5674-42f7-a3f5-e0f923b810aa,bcafba7e-48ba-443d-bb58-f49335d2ee39,BEV-005,7,132.98
f62b2c1d-7d75-41fe-a443-a70074408a38,bcafba7e-48ba-443d-bb58-f49335d2ee39,BEV-003,7,402.08
a98d7ea4-6c88-4785-9bdd-a404e71c3925,bcafba7e-48ba-443d-bb58-f49335d2ee39,JAF-003,10,65.65
b78ea785-ad13-4f06-9b4e-1357d464741e,8a09811b-685d-40d3-a536-78bfe015ba8d,BEV-002,2,27.81
164455a3-b0be-498b-a151-e8bfce7bfe86,e21969ef-5650-44dd-9d92-da378034e701,BEV-004,3,991.24
a49b7a43-f933-440a-bafd-a575dd528536,04dc49b7-56b2-42b7-97a7-698b04c035bd,JAF-005,8,621.08
651cfe6c-7417-4b88-bee0-7fc6840c40ff,04dc49b7-56b2-42b7-97a7-698b04c035bd,JAF-001,6,757.53
c05f98be-e810-4f2a-bf47-654b76de77ab,9e19945c-f762-415a-8366-8b2309c5f180,BEV-003,5,90.99
b78564ac-f8d7-4dcb-9bed-04ead5fdde57,7aaadaae-e719-48c3-b558-1b3055c3c9f6,BEV-004,2,998.03
857554f3-9d2c-45d4-a9bc-6b906c1102ed,5c4800d8-c1ea-4bc5-b346-dbf850269a5d,BEV-003,3,500.46
12fa0b59-88a3-4d95-a87e-aaf9e24339a9,50dd7e7c-7cdf-42b6-bcc6-bebdf519e5a4,BEV-004,7,21.8
98a14ed3-43ec-472c-b652-1d6b96ed8e74,50dd7e7c-7cdf-42b6-bcc6-bebdf519e5a4,BEV-003,10,945.83
d76a0b52-e1d1-46fd-bf47-d586b6b45010,94ebadbe-48cf-41fe-b7dc-d1108f795664,BEV-005,1,299.98
6792bece-d9f8-41be-adf3-eb05a394b083,c19715bc-2a66-4979-a850-e0ed0227160e,BEV-004,6,254.54
bc1c3010-7ddc-4c44-9665-c01401a9559f,bb4e3717-4712-45e3-93e7-bd89cd9bea6c,BEV-004,1,932.49
ef7a5e73-d04f-4cb8-9e66-9feee02e339a,50cf7181-8422-4653-b1fc-5a56e83c24a2,BEV-005,10,45.67
cef929e9-220f-4ce2-862f-8e42c12ab61b,50cf7181-8422-4653-b1fc-5a56e83c24a2,BEV-001,2,954.88
fd6759db-e1bb-4b95-9604-124b93cdd6ec,e578cdbc-016b-40d1-bdd8-5da0ed2685b4,BEV-002,5,904.22
fbfe4e09-0e74-47d6-a126-e66ee92487a1,d4adb917-fddf-45b9-a186-b7b47d5a0eb9,BEV-004,9,147.75
8ec95b57-c100-48f7-ba66-137f1b2c3ec8,d4adb917-fddf-45b9-a186-b7b47d5a0eb9,BEV-004,9,27.2
e444f623-7bd3-4a96-a618-7eb7136e85c7,d4adb917-fddf-45b9-a186-b7b47d5a0eb9,JAF-002,9,382.43
bd785966-f294-4b88-b963-f1c2896a0c05,f1266dc7-ff0b-4a90-846a-1f68804de898,BEV-005,3,866.22
eed3db40-0ea0-4f43-8b98-a6917132418c,54155d73-3139-457d-b6be-e5dd62560f3d,BEV-002,4,816.82
ba7277cf-c6dd-4f06-b580-fc33cf0ebcc8,104c216b-0510-4e52-b04b-aa939da869d9,BEV-005,6,728.93
b601a803-70d5-4ffc-8a2c-2555a266c9d9,104c216b-0510-4e52-b04b-aa939da869d9,BEV-001,10,821.94
de5451d7-1c76-4cd1-8c11-9b3adc1cdc27,104c216b-0510-4e52-b04b-aa939da869d9,JAF-002,5,408.43
d5c2b8cf-2e40-4c49-bbbe-692a0755aa3f,bab1e18b-aea0-42b7-b21d-e5e9e8a6e2c4,BEV-002,7,808.89
eb08449e-9501-40dc-b743-55108280887c,3ff72d9e-9a4c-4d92-be44-8791950b2326,BEV-001,2,56.37
2a5b9fa7-0e26-4bfc-b472-789a29d7905c,f0dcbea3-e916-423d-bb5e-0381b7a28d2f,BEV-005,6,563.19
20977db4-6612-48be-9fb9-44435a706abb,f0dcbea3-e916-423d-bb5e-0381b7a28d2f,JAF-001,1,408.14
bf561a62-87f2-4042-b76a-36bdf7ad0d15,05220071-7558-41a5-950d-a0ab944f8515,BEV-001,6,841.53
b344febf-acaa-4e3c-a168-e73f4d2bbcfc,05220071-7558-41a5-950d-a0ab944f8515,BEV-004,1,135.44
98e68db2-5bdb-442b-a4b5-4e76ca1245c7,1289f5c0-2f81-45cc-ab6e-3bebc5f8c4a9,BEV-003,6,429.3
ce741bb9-45fa-4afe-8ed9-0d9dddefb9b4,b07b69eb-99d9-46bd-9846-0d03b6eb6885,BEV-004,5,23.65
a8f5ff1f-9a64-428d-bcff-588351857404,d4483d37-fcc1-4b4f-b228-0448468061c5,BEV-004,4,734.2
9760206c-06c2-4879-9055-49908325d411,536ab9cc-2c94-43d0-a20f-bc1c65f4ba46,BEV-003,9,781.02
57a82139-31f4-48aa-908c-f1ab1dd28aab,ccb40997-ca2e-4068-9761-ce3955839272,BEV-003,3,73.41
ea34116c-fde4-4e1c-b9e2-0583b208f0ba,f6d5b9e1-a4a4-4677-b2f9-ec1cd926f901,BEV-004,6,378.89
f38ae1e7-a5e9-48fe-9f9c-0c9cab1a55fc,06b7ecb3-61f2-426e-a9fb-da5b26f4e9c2,BEV-003,9,162.7
e357f96b-787c-4054-a4ca-ea0f48c29f84,153cf170-0f8b-4588-84f0-794e133be81b,BEV-005,6,398.91
ac5f5902-a0c7-4871-bfcb-ba86acb61c6b,5ccfcb56-c33d-4b8b-9a29-1e610570d5e7,BEV-004,7,696.74
db7982f0-7e2b-49e9-9597-959243f91eb0,5ccfcb56-c33d-4b8b-9a29-1e610570d5e7,BEV-005,3,314.97
896af41b-bc32-4c0a-af93-d021a9cae34f,6eb41d43-3776-466a-81f2-f253bb308b4c,BEV-001,2,727.39
a5fe711e-96eb-4a5b-ac94-115295134c87,c45fb41c-e930-4eff-96e2-a5d6b459830f,BEV-002,5,458.07
d4ccd1d7-eed3-446e-9578-18448373b341,4939b17f-3f7d-4bdb-b1b4-047e9510a341,BEV-002,6,205.5
121bd562-a62b-41df-82dc-494c1bfcf506,e7c8b9cd-28fa-42bf-9899-e9b15dd8a131,BEV-005,1,222.26
690df577-b5d8-4978-86de-393d07cffb9a,2a5e51fe-543c-4f0d-91ea-383ee266976f,BEV-002,2,253.89
ce347f2a-a5b7-4afa-be2f-2bd523a4720d,166b3313-332d-4d00-8830-0f58dfa1a0a7,BEV-004,3,199.18
47562abc-9140-4f80-8fd2-5bd8be1966f7,84e36270-2bfa-44c4-a708-2727a46d8f6d,BEV-002,4,584.51
0e22edf8-75b2-48fe-8514-a58dddea8aa3,ab6f5cdb-8edb-4b74-880e-7a78527e6da1,BEV-001,3,406.71
ec192505-90a8-4bf7-85cc-daad77701709,a875f3b2-4862-40f0-b849-d171b0edd1f1,BEV-002,8,139.35
70ac78e8-ef85-4c33-a454-2ddb67969933,a875f3b2-4862-40f0-b849-d171b0edd1f1,BEV-002,4,433.1
b1fa2d2b-8c2a-4db8-8b8d-2dd9c6eb6243,a875f3b2-4862-40f0-b849-d171b0edd1f1,JAF-001,5,31.28
2acd30ad-203e-4884-bbe3-c3950260c9aa,b6a7ae77-a34e-4889-9966-6d0405b2579b,BEV-001,4,698.82
4642e8bf-5291-42f3-961b-d97ceb679792,b6a7ae77-a34e-4889-9966-6d0405b2579b,BEV-003,10,809.84
a6fcaf4c-2844-4b9b-8d9c-2e8deac57a1b,dae3d246-a7f4-40b6-9038-cb03df5db09d,BEV-004,4,815.97
7fcb7487-c46b-49b3-bbc3-c6ff5192c588,e1b9c20e-18bf-4492-b806-954d242173f9,BEV-003,4,677.0
88619244-a5a7-4753-937b-5cc918236984,b55c4275-75d6-47be-bbaa-787d7a932bb9,BEV-003,5,25.91
fd6438d0-7922-438e-bb82-a2ad8e1140ae,b55c4275-75d6-47be-bbaa-787d7a932bb9,BEV-001,8,844.62
ab6ec1d6-565d-4149-9f7b-dad494ddfc15,aacebbbf-c95d-4ca7-a370-785788bd687b,BEV-001,10,708.95
5189bc4b-3b8f-4bfd-8b2c-21b46f8b696c,48247919-e91e-486c-b2a1-3e6c523f51a5,BEV-005,1,523.96
3b3f2194-e0a3-40e5-8873-11948ab46b61,e3ad384c-1944-46ef-8712-131a993b1c1c,BEV-001,6,655.88
be4da81d-caae-4d42-8ba9-591014c91505,6dc11a6e-d674-462f-910b-f9874861d954,BEV-002,4,659.83
7009a73d-454e-4408-b8cf-ac7c2a297145,535381ed-fa85-4e02-9773-5954b654a204,BEV-004,3,547.1
be4e7c45-063e-46c2-b62a-8ad44068c5fc,0c432764-d69b-4ca0-bb1c-85c49eceee72,BEV-001,3,300.3
0d487a2f-a14c-49cf-83c0-df777868bf23,0c432764-d69b-4ca0-bb1c-85c49eceee72,JAF-002,1,760.94
215fbe64-3f77-4146-84f8-152ec608ec2c,5bc9629b-2246-4f0a-9227-69fd15cb2eaf,BEV-002,3,549.99
c1b79c92-560c-40dc-ab79-d0f9570163db,82a3c02e-b638-4c0d-a390-62329157618c,BEV-002,8,299.79
df134323-b14a-4c6a-b2a7-715902b13285,f2fc2ff6-f166-4f32-9e3b-d5d5d9d86378,BEV-003,1,195.22
7ad615ed-1c78-4f05-8735-fcd011e32463,c5e2887e-df7f-43de-9eff-579191b8d644,BEV-003,7,558.54
61a942ab-a3ed-49e9-8bf8-22738c44115d,c5e2887e-df7f-43de-9eff-579191b8d644,JAF-001,5,15.18
