ID,CUSTOMER,ORDERED_AT,STORE_ID,SUBTOTAL,TAX_PAID,ORDER_TOTAL
9214b8b4-3fde-41ca-89a1-f80a8c81de0f,2ad8ff3c-388e-429b-9b1a-67286e82bd20,2023-08-03 07:12:00,7610d689-246f-467d-8d80-991c4eef401a,600,36,636
20878c0f-fb9e-47e8-b376-841b0f210b2b,6b4f3f63-45e6-42ee-b5c4-ac03835a2d5f,2023-08-03 07:37:00,7610d689-246f-467d-8d80-991c4eef401a,500,30,530
b40c7478-46b1-465e-b4eb-b6a04a3021f2,24c316fc-ad16-45a1-9ef3-3da9d491b0e7,2023-08-03 08:03:00,7610d689-246f-467d-8d80-991c4eef401a,400,24,424
79ab130e-3772-45b8-95bb-a74a5d93cc3a,7b1522dc-cd21-4c40-b81b-3532f5b9f3eb,2023-08-03 07:27:00,7610d689-246f-467d-8d80-991c4eef401a,500,30,530
d9f2d2e3-29f2-4ad1-9a60-34865e8b5637,344bf269-6f68-41c2-a6ff-a8f4eb6f6ca7,2023-08-03 12:15:00,7610d689-246f-467d-8d80-991c4eef401a,1600,96,1696
79dfb24c-2f60-4425-bbc6-0e171c114efe,d10a856b-8bc4-4cf8-bb76-ffdcf2a50f1e,2023-08-03 14:53:00,7610d689-246f-467d-8d80-991c4eef401a,1700,102,1802
e52636c1-5a58-4f30-a885-92f41396c03d,839b9759-0a61-4c7d-872f-591848c1b431,2023-08-03 07:45:00,7610d689-246f-467d-8d80-991c4eef401a,500,30,530
f8d2019c-e797-4086-b9c2-ee08b7af8cc5,4bf534e1-0071-43eb-b3ba-cf7da176d8a6,2023-08-03 15:14:00,7610d689-246f-467d-8d80-991c4eef401a,600,36,636
f565a76a-1d4b-4441-9652-d138dd749543,3ee8e86e-7163-4316-8dfa-15db0098b81e,2023-08-03 09:21:00,7610d689-246f-467d-8d80-991c4eef401a,700,42,742
c1bed80c-b5aa-425a-862c-90938b6544eb,b7bd8c57-4f91-4c51-88e7-382592e9eaf7,2023-08-03 14:26:00,7610d689-246f-467d-8d80-991c4eef401a,700,42,742
97b692be-5e93-4f58-abfc-e84d5068dae9,d96563d3-24d4-40e6-8f4e-a6c5f015d864,2023-08-03 09:06:00,7610d689-246f-467d-8d80-991c4eef401a,500,30,530
8a1ad986-1dd5-4802-8235-40e99e58d940,120ecf2b-f133-45a8-bab0-875cb5523df5,2023-08-03 11:08:00,7610d689-246f-467d-8d80-991c4eef401a,400,24,424
cd69833d-e17c-4a6d-97c5-f11df93e5169,78d44e16-ddfd-4429-91bc-9208c7fb2fc8,2023-08-03 08:59:00,7610d689-246f-467d-8d80-991c4eef401a,400,24,424
fc556792-29ef-48fc-b4db-937c59d18459,1e43ae86-f777-4ee7-b336-8e3bc60294ef,2023-08-03 11:52:00,7610d689-246f-467d-8d80-991c4eef401a,700,42,742
c4d4bae8-73e5-42a3-b78d-a80edef1e63e,c366eb7d-81d8-46f9-89d9-9d09186d8503,2023-08-03 08:02:00,7610d689-246f-467d-8d80-991c4eef401a,400,24,424
bc24a36b-a167-4298-b5f7-d4dccb3811d5,d7e9c90f-0dde-41f1-9be4-09fbe640e794,2023-08-03 08:04:00,7610d689-246f-467d-8d80-991c4eef401a,600,36,636
60d55043-68de-46a6-8a04-fd2609530c68,47a4b1a8-781d-40e8-bbb2-f769c2c6b5ca,2023-08-03 08:11:00,7610d689-246f-467d-8d80-991c4eef401a,600,36,636
ebe5f495-3788-4b85-9da9-affd9778c9be,e4c63951-a231-404c-ad26-f4a492f3447f,2023-08-03 08:30:00,7610d689-246f-467d-8d80-991c4eef401a,500,30,530
b81755e8-75b6-4bb7-83c4-b94a6c40ca0b,0f9dcb09-ef47-45c8-9a5e-feff0a288bf2,2023-08-03 08:16:00,7610d689-246f-467d-8d80-991c4eef401a,700,42,742
3f2f7adb-81e2-45e4-9348-efc22896b45e,4a15f8b9-7c0a-4643-b14d-5ec37ed6b186,2023-08-03 07:28:00,7610d689-246f-467d-8d80-991c4eef401a,400,24,424
3323dcf3-f157-4357-8eb4-6a8a2721a8d0,5248f2d8-0eb8-420f-9ea5-77ec82307b9b,2023-08-03 08:09:00,7610d689-246f-467d-8d80-991c4eef401a,700,42,742
a86fb7dd-f06a-473f-b313-a84b5fcc7d70,d656f95b-6c2e-4372-ab17-a3bbc93812c1,2023-08-03 07:26:00,7610d689-246f-467d-8d80-991c4eef401a,400,24,424
7a48de01-4ff5-499b-a8b8-364b136e8bd0,62626d20-2e67-4f1d-9386-1b0a5e25956c,2023-08-03 07:19:00,7610d689-246f-467d-8d80-991c4eef401a,700,42,742
ce866b3f-4ce8-435d-9cc8-23a0127fda17,971087ab-63dd-4337-bf42-188e6bc92ea8,2023-08-03 14:12:00,7610d689-246f-467d-8d80-991c4eef401a,1800,108,1908
dad22dcf-d2db-4d41-88fd-a9345e3a1f7f,146f68d0-ad70-4af9-9210-f25d25cdd39f,2023-08-03 15:41:00,7610d689-246f-467d-8d80-991c4eef401a,400,24,424
f6a87587-172b-4e1e-aa8e-47ace7272831,f50ff9af-29c0-4629-9c9c-1c0c6fade0f6,2023-08-03 07:03:00,7610d689-246f-467d-8d80-991c4eef401a,400,24,424
0bc3eeba-150c-4f05-bc9c-bbcbc5459b5c,ef339016-b62e-4c27-8dee-119176b58864,2023-08-03 16:24:00,7610d689-246f-467d-8d80-991c4eef401a,2200,131,2331
a56cff0f-4b37-4184-b29d-4bedeb78b18e,95ac520d-f0fc-435a-b0b4-2dcf6b90bd80,2023-08-03 07:30:00,7610d689-246f-467d-8d80-991c4eef401a,400,24,424
58953c7c-7e00-4408-a5ab-5142a4034eea,c9a69c9a-6aea-40eb-95b6-9605c84b1f5f,2023-08-03 11:32:00,7610d689-246f-467d-8d80-991c4eef401a,600,36,636
9a3bc995-3a10-44f4-8742-4c535dd37e92,7b802864-fcee-410c-bdbf-7774ce4cfd97,2023-08-03 08:06:00,7610d689-246f-467d-8d80-991c4eef401a,400,24,424
0130a075-1b73-4d15-9c91-c0a78a40e780,8d19687a-737e-45da-b0d4-d686d57620d6,2023-08-03 15:28:00,7610d689-246f-467d-8d80-991c4eef401a,600,36,636
98df849e-1a9d-459a-951b-cae7ce1964cd,de57e4f7-4879-435d-a9e1-c9a1763d4961,2023-08-03 13:20:00,7610d689-246f-467d-8d80-991c4eef401a,700,42,742
89526a5e-222c-4d80-8a6d-82b3eb0e24ee,aec16166-ed24-473e-a071-c5dc834ca0e4,2023-08-03 07:57:00,7610d689-246f-467d-8d80-991c4eef401a,700,42,742
2fb5ea2a-07bf-429e-b37f-01f53486621b,c9832d9c-549d-4a87-b495-d09238d3bbed,2023-08-03 13:53:00,7610d689-246f-467d-8d80-991c4eef401a,700,42,742
1a313a48-af99-41e6-b366-abf6ffe64cf4,2f08d074-f43f-4139-b02d-87d7b52beb3a,2023-08-03 07:39:00,7610d689-246f-467d-8d80-991c4eef401a,600,36,636
46c49441-7e9d-4fc4-be70-2e25abf485db,926c3574-687d-438c-95a0-ad55202d049a,2023-08-03 11:35:00,7610d689-246f-467d-8d80-991c4eef401a,1400,84,1484
4f414830-35c3-4384-96e8-a5e82c835d79,d2c2719d-f10f-4693-a227-9c4dd85e7d30,2023-08-03 16:23:00,7610d689-246f-467d-8d80-991c4eef401a,3000,179,3179
d6b6a9c8-24b9-445a-b750-03e80e6f3244,9a65f806-8121-4335-941d-d0326c2e4675,2023-08-03 08:08:00,7610d689-246f-467d-8d80-991c4eef401a,600,36,636
c48ef38a-9865-4642-81b9-4643aabc7ddf,31827348-11f6-4c64-ad78-71209fc9944b,2023-08-03 07:17:00,7610d689-246f-467d-8d80-991c4eef401a,400,24,424
aacfc9f3-23fa-489c-a4a4-0b95950e6811,36b01943-3c96-430b-be52-72d94f53799d,2023-08-03 08:19:00,7610d689-246f-467d-8d80-991c4eef401a,500,30,530
7cbdac3b-db0a-46b4-a735-f7c14d2e3220,456ceb44-1215-4cac-8509-e0ff899b2d08,2023-08-03 10:05:00,7610d689-246f-467d-8d80-991c4eef401a,1400,84,1484
b85739e6-c84a-449b-bc0e-8402d644700d,e4d2e9c5-4db3-42ca-92c6-33624a07b937,2023-08-03 17:19:00,7610d689-246f-467d-8d80-991c4eef401a,400,24,424
094a2a5b-4601-4de7-912f-11e6299a5e82,0d16939d-03a0-4dd0-bc65-3b4ccb36fe79,2023-08-03 08:06:00,7610d689-246f-467d-8d80-991c4eef401a,600,36,636
f55dafc8-aaf5-453c-8150-38b8a88e9d50,3a3c7ba2-c0e9-4f2e-a33b-25b75a89c624,2023-08-03 09:06:00,7610d689-246f-467d-8d80-991c4eef401a,400,24,424
0c31c352-5f16-49ba-96f1-f7b3f04fd333,d37b5f57-5b61-4029-91cd-831255b3587b,2023-08-03 08:02:00,7610d689-246f-467d-8d80-991c4eef401a,400,24,424
9ee169b5-5239-43fe-9e88-000c9cc15824,ffef49f3-f8f1-4be9-88ff-df81293ec90a,2023-08-03 09:15:00,7610d689-246f-467d-8d80-991c4eef401a,1800,108,1908
91db0cce-1c14-49f4-9cd3-5faab1ae71d8,9ef64e35-2590-4115-9d1a-772a11e1b53d,2023-08-03 07:18:00,7610d689-246f-467d-8d80-991c4eef401a,500,30,530
7238f3fc-7ed6-48f3-a4a4-0784aee9e3c9,1c358914-4b9d-4776-a4b9-32a4bfd77df4,2023-08-03 13:59:00,7610d689-246f-467d-8d80-991c4eef401a,700,42,742
4e06b338-ff03-45b8-b633-b8b3bec7a7f2,0e18fa04-ce72-4ff8-b56e-7f088e12c004,2023-08-03 08:29:00,7610d689-246f-467d-8d80-991c4eef401a,600,36,636
aedca50f-9a9a-404d-ac38-6e53aa7c8a3d,fc6cf27c-b921-4bb5-a3f9-6d90446d79e5,2023-08-03 15:44:00,7610d689-246f-467d-8d80-991c4eef401a,600,36,636
179c8528-04d3-4edd-a793-e98bd8d417b6,8d6d38a0-38c1-46db-9015-09308fac8af1,2023-08-03 12:22:00,7610d689-246f-467d-8d80-991c4eef401a,400,24,424
f269bf86-e8b9-422e-b509-53c95653e252,688d0660-f2f1-48d9-866b-16769b221d35,2023-08-03 11:28:00,7610d689-246f-467d-8d80-991c4eef401a,1700,102,1802
2db6b230-7264-4a53-bf69-3de2e128b2db,57977a86-91ed-41b7-a3ce-5e7ede685b60,2023-08-03 08:24:00,7610d689-246f-467d-8d80-991c4eef401a,600,36,636
2fb0e01d-e4df-4f33-9501-a3b8e718a4c0,a6d591f5-51c1-47bb-b6d6-99c8b86751d4,2023-08-03 07:50:00,7610d689-246f-467d-8d80-991c4eef401a,400,24,424
e9dcacca-e1db-4690-aeaa-b21e1331a6f0,0b3c441f-c735-44c7-8074-4ea0037910ed,2023-08-03 08:34:00,7610d689-246f-467d-8d80-991c4eef401a,600,36,636
04e05c58-5744-4791-ba6b-b1ffc3610b55,3964d6e6-da15-4d05-bfc2-fc2846545d29,2023-08-03 14:15:00,7610d689-246f-467d-8d80-991c4eef401a,700,42,742
f0eee6ef-1962-44f7-a4af-477562af3cb9,5d6db1ff-21b1-476e-b683-3f3658705c1b,2023-08-03 08:39:00,7610d689-246f-467d-8d80-991c4eef401a,400,24,424
2198b123-2ade-44ff-8905-9d645364766b,9d540d3a-ba2a-4da2-b5b2-8596b612ef7b,2023-08-03 08:14:00,7610d689-246f-467d-8d80-991c4eef401a,400,24,424
8e7b85f0-172b-4075-bcdf-171af3e51bad,29d39df5-9d77-4930-8017-21db53ecf80d,2023-08-03 13:01:00,7610d689-246f-467d-8d80-991c4eef401a,2100,126,2226
23530d2a-4333-401c-a91e-d9b1c802d015,bddfbc57-6f52-4e22-a57a-6002563d154a,2023-08-03 08:11:00,7610d689-246f-467d-8d80-991c4eef401a,700,42,742
7bd9342e-7dec-46c9-9f56-ac6fecf164c0,450a1c69-f98e-4b7e-801d-fd2a78341e96,2023-08-03 09:09:00,7610d689-246f-467d-8d80-991c4eef401a,700,42,742
adeb2fd0-2410-430b-b257-691bba78c9a6,a4072cf8-44ed-4fba-a09c-52ea1253a626,2023-08-03 08:01:00,7610d689-246f-467d-8d80-991c4eef401a,700,42,742
314be353-5ad1-4b15-aaf6-07b3ebcad757,3046aedf-67c1-44e7-ac56-440680327361,2023-08-03 08:20:00,7610d689-246f-467d-8d80-991c4eef401a,600,36,636
7f017eaa-111d-4b38-a7d3-8f6e0ddb0254,3edf64a9-16d7-4c40-9f5b-330dc725a080,2023-08-03 12:49:00,7610d689-246f-467d-8d80-991c4eef401a,600,36,636
5c7787ed-8b6a-4017-8ee2-ab0edc0ba70c,f61d0b9b-34aa-4b2d-8245-1b56c9c94307,2023-08-03 12:43:00,7610d689-246f-467d-8d80-991c4eef401a,600,36,636
c61f8bd5-0220-4c0f-be10-ec2d17bcc430,f7451f3e-b827-467d-92cf-0dae8d7f486f,2023-08-03 10:58:00,7610d689-246f-467d-8d80-991c4eef401a,900,54,954
654870b8-bd4c-446b-b114-2a42a13a0504,6b9b009b-216f-42fb-8b64-a596a810d02b,2023-08-03 18:23:00,7610d689-246f-467d-8d80-991c4eef401a,1300,78,1378
5e08c5fe-9472-4f46-be59-8c4bf2d877ad,bcf395ee-025e-44f8-8f73-484421f6d5fb,2023-08-03 11:29:00,7610d689-246f-467d-8d80-991c4eef401a,600,36,636
a7147cd3-54cd-4fde-ad97-e8b3c8e99260,f6fa9153-ba45-423c-b636-4e6b84cd914e,2023-08-03 12:04:00,7610d689-246f-467d-8d80-991c4eef401a,600,36,636
8557d561-fcb9-4fff-95ae-5a3ae97774a4,cf070f90-cdd8-4549-b7e2-0c7254a5fa7d,2023-08-03 17:53:00,7610d689-246f-467d-8d80-991c4eef401a,400,24,424
83a4a441-8a35-4b0f-8036-7362299c2d08,f261c486-1d6b-4b57-9824-facbc9349254,2023-08-03 13:06:00,7610d689-246f-467d-8d80-991c4eef401a,1500,89,1589
4e1f97a3-11dc-4b68-bb4e-eadac57abb04,f808081a-9507-47e5-86cb-7bf828d9d4df,2023-08-03 07:36:00,7610d689-246f-467d-8d80-991c4eef401a,500,30,530
ce93c6b3-b202-4185-a6a2-022a51a30e19,0ecfed85-1b84-4e53-966a-152524ece0f4,2023-08-03 17:11:00,7610d689-246f-467d-8d80-991c4eef401a,700,42,742
2198be20-1438-4577-8ed2-f374d6a64cd6,0426d112-e55b-46b3-8cd6-e3a55e386eb0,2023-08-03 14:29:00,7610d689-246f-467d-8d80-991c4eef401a,600,36,636
c0796cea-c7f9-4451-b1e9-f212bfeb1b86,5d511afd-b502-4192-baad-0548251e5e6d,2023-08-03 07:16:00,7610d689-246f-467d-8d80-991c4eef401a,600,36,636
434cd2ad-aa03-4fb1-afb8-6fdb37a9dcd6,4d4c7b21-8990-4720-990f-7746db61168d,2023-08-03 13:18:00,7610d689-246f-467d-8d80-991c4eef401a,700,42,742
d5e260b0-b027-40d5-b597-0d0eca3339f1,f9841060-a614-481b-94ee-7dfe41607413,2023-08-03 07:48:00,7610d689-246f-467d-8d80-991c4eef401a,600,36,636
b21e36df-7960-4b71-a950-82545a65acd5,c6bd6d54-a717-4955-a92b-b94a48db42dc,2023-08-03 08:09:00,7610d689-246f-467d-8d80-991c4eef401a,700,42,742
58386a25-2625-4133-b153-205fc9448388,eb7d2aec-bc7d-4c51-a03b-eafee6cb1d8a,2023-08-03 07:47:00,7610d689-246f-467d-8d80-991c4eef401a,600,36,636
84e3d5c6-b000-4c1b-b881-ce8efb9df559,d0300ad3-5d05-4564-8560-5929a263f5d4,2023-08-03 11:21:00,7610d689-246f-467d-8d80-991c4eef401a,1400,84,1484
02421fb3-1f1c-4904-86f1-963e8dba3b9c,dc1554c4-7966-43d6-989b-d9371615ed70,2023-08-03 07:34:00,7610d689-246f-467d-8d80-991c4eef401a,600,36,636
ea1bbf97-8246-40fe-a887-58f6e9d98318,0d210a5d-5016-4929-b467-3c8c4ba1ae9d,2023-08-03 08:33:00,7610d689-246f-467d-8d80-991c4eef401a,600,36,636
22ee6429-0bd6-428e-93d3-582ccff31e8a,9cde1e0d-05f3-450f-bf5a-fa46ba556e66,2023-08-03 12:47:00,7610d689-246f-467d-8d80-991c4eef401a,600,36,636
e9f6b6a8-edab-4569-9b63-f2c6f7e3f649,2e87ed2f-46fa-4c3d-a250-401e8b1ce26f,2023-08-03 10:10:00,7610d689-246f-467d-8d80-991c4eef401a,700,42,742
a4089bb3-db40-425c-b77e-a0b5e4dce07e,026ceb52-c4fd-4803-bc22-2a3906fb6c46,2023-08-03 07:27:00,7610d689-246f-467d-8d80-991c4eef401a,600,36,636
8176e3e9-8f48-4384-a686-29db7d41cfc7,c8bab90c-54a0-4996-b0b2-10caea8d5184,2023-08-03 07:27:00,7610d689-246f-467d-8d80-991c4eef401a,500,30,530
206fb5c7-538c-4369-9425-58c3cbc799cf,766271ed-188f-4288-b9f4-5a3f1a22c810,2023-08-03 13:06:00,7610d689-246f-467d-8d80-991c4eef401a,600,36,636
73e045a7-7638-437d-b210-5f67ff87f76d,adb75b1e-ebd5-4fb8-9ea1-91af9f74330d,2023-08-03 07:57:00,7610d689-246f-467d-8d80-991c4eef401a,600,36,636
3f37471b-4b08-47e0-9153-bfb7e48882df,7523436b-bfe8-439b-8ba3-a6ea6c2c274c,2023-08-03 12:05:00,7610d689-246f-467d-8d80-991c4eef401a,600,36,636
4405da46-13e1-4d95-a8a1-4439ca9ddf8c,dafbb152-2434-4963-83a6-66bcca661251,2023-08-03 08:25:00,7610d689-246f-467d-8d80-991c4eef401a,700,42,742
ff22f504-9451-41b4-867e-7e9b044e7821,2e85fe24-c31c-4881-81b3-ad7239cb4f5d,2023-08-03 11:34:00,7610d689-246f-467d-8d80-991c4eef401a,3700,221,3921
7c5a00e7-96b7-4831-9c0a-2763a42305ba,751581a7-dcae-4cd6-be9c-0170a28ec0f7,2023-08-03 07:42:00,7610d689-246f-467d-8d80-991c4eef401a,600,36,636
ef99630c-ce06-4fea-b817-194221251007,f2e6c77c-bb0e-4736-8e20-d9a300ad589a,2023-08-03 07:18:00,7610d689-246f-467d-8d80-991c4eef401a,700,42,742
efe67be2-9336-4dad-8d53-3be6a2e1c729,7ada98ab-4d4a-4814-b592-71cbf95a981f,2023-08-03 16:21:00,7610d689-246f-467d-8d80-991c4eef401a,900,54,954
91701123-4268-4fdf-9947-01ca0223beaa,2e472783-b556-4793-892b-93e4aae66fe8,2023-08-03 08:04:00,7610d689-246f-467d-8d80-991c4eef401a,500,30,530
7ef896e3-b53a-4fcb-8d9d-06beeb093c64,22822edd-5932-40c9-8d1a-0fa99635cd0d,2023-08-03 12:57:00,7610d689-246f-467d-8d80-991c4eef401a,500,30,530
7a0e9046-97e8-487b-b418-b21e2176f8f5,b33388b4-e129-491e-bcb5-2936b41c9e74,2023-08-03 07:57:00,7610d689-246f-467d-8d80-991c4eef401a,400,24,424
abc800e5-a13e-432c-a478-32576115761a,100b9b88-fbe2-4f5d-ab6f-986c8aabac36,2023-08-03 10:16:00,7610d689-246f-467d-8d80-991c4eef401a,600,36,636
93e6a5d3-8102-4723-8d44-856092d83d7c,25bf9611-3c9a-425d-8d25-eb3ca453e365,2023-08-03 07:12:00,7610d689-246f-467d-8d80-991c4eef401a,600,36,636
797aba10-2507-4529-a842-13911bce2c09,deef47c5-0b09-452c-97a3-88e756de53fb,2023-08-03 07:59:00,7610d689-246f-467d-8d80-991c4eef401a,700,42,742
0f837943-cda6-477a-82cd-f2b7adefb0cc,3be0e2aa-b690-4a2f-a42a-323d392a2e56,2023-08-03 09:04:00,7610d689-246f-467d-8d80-991c4eef401a,600,36,636
218c69b0-b0b7-416d-8748-a57a32b92b52,eaf1ce75-babd-4767-adc4-c84916d44ea9,2023-08-03 07:40:00,7610d689-246f-467d-8d80-991c4eef401a,600,36,636
5ba5c60c-add2-4380-a492-5e75239509ce,799aa08f-1e79-4a82-bf2f-b6f16ac78452,2023-08-03 12:13:00,7610d689-246f-467d-8d80-991c4eef401a,600,36,636
b69686d2-38d0-434b-953a-a8be7a321e2a,7a631e31-0f36-480d-9d91-b4f11b6b3531,2023-08-03 11:59:00,7610d689-246f-467d-8d80-991c4eef401a,1100,65,1165
31cee1d9-6a1d-4d71-8f16-b8c525b4e1ad,a511fe7a-129e-4a12-977c-655bc6f729cf,2023-08-03 07:38:00,7610d689-246f-467d-8d80-991c4eef401a,600,36,636
b1585185-6527-4654-b816-54dddf0e05b8,f7ba70c3-65ab-41b7-b82e-557e864b3b38,2023-08-03 12:20:00,7610d689-246f-467d-8d80-991c4eef401a,500,30,530
81ed0d79-fb1f-4978-9f39-3c64bce489a4,271669e0-565e-4dd1-8b33-5e785cdcb331,2023-08-03 07:11:00,7610d689-246f-467d-8d80-991c4eef401a,400,24,424
68567dc5-2a90-46ca-9ba0-06f00ef95d56,3627aff8-26f1-46d0-bc9e-7a087e8ee05a,2023-08-03 13:10:00,7610d689-246f-467d-8d80-991c4eef401a,1700,102,1802
fa11dd9c-d95f-482e-9086-c41bb549b63c,f0f2ae48-dc46-46e7-84ab-80d7a170ba83,2023-08-03 09:56:00,7610d689-246f-467d-8d80-991c4eef401a,2000,120,2120
8243b89d-84fc-4c3f-bec4-b8d9b06419f6,1ce75bf8-af62-46ae-9ec1-bea716d67cd0,2023-08-03 08:38:00,7610d689-246f-467d-8d80-991c4eef401a,500,30,530
c6030fb2-0296-4575-a369-54b0c0c9ad62,9d86b78b-c5a3-4c47-afde-b6f079c7571f,2023-08-03 08:28:00,7610d689-246f-467d-8d80-991c4eef401a,500,30,530
b1f9aa2b-049a-4e21-b326-ab89e97b0b9b,d922bdd6-209c-46aa-88e0-42fa58d126fd,2023-08-03 12:53:00,7610d689-246f-467d-8d80-991c4eef401a,700,42,742
a9a8b177-d1b6-419b-aeb7-dc1d1b3d218f,83c2a0a0-ef47-41c3-8130-f4c4bfada767,2023-08-03 07:56:00,7610d689-246f-467d-8d80-991c4eef401a,400,24,424
8936dc83-67d3-4f8e-8850-3464fd824324,534e8469-a018-4efb-a1cc-fd23169c8c8e,2023-08-03 17:51:00,7610d689-246f-467d-8d80-991c4eef401a,400,24,424
0fe2f64f-9bf3-4174-acae-9d660dc47452,3cfdfe82-8d38-458a-9cc0-377ce8640d82,2023-08-03 08:48:00,7610d689-246f-467d-8d80-991c4eef401a,600,36,636
d386fdef-e6e0-456c-a980-fe16703e2400,201c75dc-d0d2-49d0-8a57-a674c91be28c,2023-08-03 07:51:00,7610d689-246f-467d-8d80-991c4eef401a,400,24,424
ca992b1a-c244-4bf6-aac3-942b06353bb3,66419994-ccb4-4a5e-8104-430d9f05b787,2023-08-03 12:07:00,7610d689-246f-467d-8d80-991c4eef401a,1000,60,1060
a06216da-0cea-4d89-9ea6-f7548699644d,e59558e5-bf1d-4ab7-ab9f-192967a99993,2023-08-03 15:41:00,7610d689-246f-467d-8d80-991c4eef401a,600,36,636
6c71608e-de73-4149-8808-648f45203686,50a245b4-409d-40b4-859a-497ffa53d3b5,2023-08-03 07:18:00,7610d689-246f-467d-8d80-991c4eef401a,600,36,636
f5d8d178-bf22-4f03-a833-e5de2210d9df,97d9be9c-5910-4341-9c34-db0a5d21792b,2023-08-03 07:54:00,7610d689-246f-467d-8d80-991c4eef401a,700,42,742
90e6a5a7-3617-48a4-9106-5ca764e484d1,b670279c-0a52-495b-b3aa-e023c2cc127f,2023-08-03 14:25:00,7610d689-246f-467d-8d80-991c4eef401a,700,42,742
617916c9-13ab-48e4-8acc-aa90883dfef9,1a5a5d31-a37e-4a9c-a6cd-d2022e17eca7,2023-08-03 15:22:00,7610d689-246f-467d-8d80-991c4eef401a,2100,126,2226
a18bef0c-efa5-4de1-96c9-6181dd8474e2,2168d1cd-b8d0-48cc-bba5-45bde32172ca,2023-08-03 10:08:00,7610d689-246f-467d-8d80-991c4eef401a,3100,186,3286
7ffaa4de-6859-4f8c-8b76-463ef4ce456a,d853c060-bc2e-414d-8d42-8cd0fc37d411,2023-08-03 12:31:00,7610d689-246f-467d-8d80-991c4eef401a,2000,120,2120
281c1ac7-1c8a-4c27-8a77-e6fcc187f4a2,456fdbb1-8895-420f-8c28-844dbee62b72,2023-08-03 07:38:00,7610d689-246f-467d-8d80-991c4eef401a,400,24,424
1a87657a-f000-4da4-a4fe-6612cd38c44d,58ae6de0-40c0-4c65-8c85-52d2e83d9fee,2023-08-03 11:45:00,7610d689-246f-467d-8d80-991c4eef401a,1200,72,1272
eab6a8ee-4ef8-40b8-8f3f-61a730595cde,1a616871-cf07-4962-8005-fd25b7b631bd,2023-08-03 14:01:00,7610d689-246f-467d-8d80-991c4eef401a,800,48,848
860df1ed-74b1-40ef-b3f2-a60be5f371d1,0f0fef3b-66fb-4716-9807-7a8a2bcec7e7,2023-08-03 13:27:00,7610d689-246f-467d-8d80-991c4eef401a,600,36,636
49f8f68b-bcb0-4050-8691-54b8a9a24bd3,0f8daf38-9d2e-4979-a40a-9994e1096dcf,2023-08-03 09:54:00,7610d689-246f-467d-8d80-991c4eef401a,1100,65,1165
f54319dd-4241-4501-b52c-7c5aa885f5b9,d2c80c70-0626-4e92-9115-8ce300b3a153,2023-08-03 07:43:00,7610d689-246f-467d-8d80-991c4eef401a,400,24,424
0f776a82-98ab-4591-968b-fa2309692553,87ab0db5-dea7-42ec-9f0c-2845b0311a5e,2023-08-03 07:57:00,7610d689-246f-467d-8d80-991c4eef401a,500,30,530
6e296428-2ada-4fbd-8c83-e5cee647e695,2b93a0e5-e89b-480f-9229-d927b0cb04d5,2023-08-03 07:34:00,7610d689-246f-467d-8d80-991c4eef401a,600,36,636
28478616-882d-4824-b755-2a0c04372e8d,5e25b7e9-263f-487e-ab81-22525d48e71b,2023-08-03 07:20:00,7610d689-246f-467d-8d80-991c4eef401a,500,30,530
878fff71-e633-4c2d-a5ea-17a2ad882866,665e2199-3e9c-44d4-ad37-fdaad66a174c,2023-08-03 07:45:00,7610d689-246f-467d-8d80-991c4eef401a,500,30,530
8cf19af5-c949-4502-9378-05ac97fcfe4e,f919f31e-aafe-4c49-b6e4-fbaad4f298bf,2023-08-03 19:11:00,7610d689-246f-467d-8d80-991c4eef401a,2200,131,2331
29987da6-78ad-4d3c-bdd7-b6baa45a2586,1c9cfb2c-1d6e-42ea-abd2-7970d24360ec,2023-08-03 08:06:00,7610d689-246f-467d-8d80-991c4eef401a,400,24,424
86de4068-da5f-4264-b0f2-918ab6ea97b7,a81521ff-21dd-4fea-8e3f-fe9c4a1dc1e8,2023-08-03 08:24:00,7610d689-246f-467d-8d80-991c4eef401a,600,36,636
3e8e9985-928d-47ad-9c10-7ea522a05c1c,86440644-0c75-465f-bdeb-900d87ec40d4,2023-08-03 07:20:00,7610d689-246f-467d-8d80-991c4eef401a,400,24,424
c5739988-4903-4604-aa18-e1dc7a7ed547,ab65ad9c-95b5-49a5-8338-0a5c83d5817f,2023-08-03 12:37:00,7610d689-246f-467d-8d80-991c4eef401a,400,24,424
f6b547a0-2f42-4e60-917b-45ff3f64dac1,22fa3e88-bc50-4934-8b6d-1e16ec124ea5,2023-08-03 08:47:00,7610d689-246f-467d-8d80-991c4eef401a,1100,65,1165
af20c213-e929-470e-bad2-f2ff04a4f9ff,d3c6c1f1-8fad-4e3b-b090-1739abc57cf0,2023-08-03 08:23:00,7610d689-246f-467d-8d80-991c4eef401a,600,36,636
8fad819d-203e-460a-8bdb-5916ae3ac6ed,d60e7604-3b35-41cb-91c6-f220b3e8eb3d,2023-08-03 13:13:00,7610d689-246f-467d-8d80-991c4eef401a,600,36,636
d173870f-5a7c-4bb6-977a-47ea995f43b7,152e39ef-e32b-4140-8d4c-84e1f4efe4ab,2023-08-03 10:30:00,7610d689-246f-467d-8d80-991c4eef401a,600,36,636
d9953ec0-36b9-427f-bb8d-04bf97315d20,16055520-2c72-4e4e-9f92-bac49b61437c,2023-08-03 07:19:00,7610d689-246f-467d-8d80-991c4eef401a,400,24,424
b16268be-c420-43aa-bfdf-7bef1c56986c,a9a3224d-e299-4835-95d7-96b2ae764b03,2023-08-03 15:25:00,7610d689-246f-467d-8d80-991c4eef401a,600,36,636
df0101db-8946-4d71-828b-9988e1e2ee5b,ea8db837-54ac-4615-ab01-9e1d9f2d3ec1,2023-08-03 07:50:00,7610d689-246f-467d-8d80-991c4eef401a,700,42,742
72d56aca-d936-4cbe-bc85-e409e29ff148,ef0b0d0b-5ecf-4f39-8937-bb9ddaaadfa3,2023-08-03 15:49:00,7610d689-246f-467d-8d80-991c4eef401a,2300,138,2438
b6cf14eb-aa03-4de0-9f50-5d581b461d4a,218ceda7-f404-433d-b810-fe322bfdf660,2023-08-03 12:50:00,7610d689-246f-467d-8d80-991c4eef401a,700,42,742
c0ab79c1-6932-4d0e-aa4e-6e0b2166d36e,786e1981-a9d6-4f2b-9c24-a4d3dd7c7e17,2023-08-03 13:06:00,7610d689-246f-467d-8d80-991c4eef401a,500,30,530
75262b6a-bee2-45d3-98ee-1ba0fcb9a828,8cfe2de3-d27a-456f-ae33-517251aeee4e,2023-08-03 12:41:00,7610d689-246f-467d-8d80-991c4eef401a,600,36,636
f33bf606-22c7-4754-af7b-c7f34d39272b,df3c2d1d-30e2-4371-9b43-3fd918f475bb,2023-08-03 07:40:00,7610d689-246f-467d-8d80-991c4eef401a,700,42,742
26162e1a-624a-4d8f-969b-9ca726abe27b,f695d71e-f422-4325-9add-b509be6e4bf1,2023-08-03 12:08:00,7610d689-246f-467d-8d80-991c4eef401a,600,36,636
d57362fe-77a1-48a4-8c6b-670541138b1a,25026909-2ede-4661-871d-156396a83b6c,2023-08-03 11:20:00,7610d689-246f-467d-8d80-991c4eef401a,1000,60,1060
092f632c-e9df-42d8-a57f-b7e227590e74,b95564b0-779d-41ad-9da0-5f65a142d02c,2023-08-03 07:35:00,7610d689-246f-467d-8d80-991c4eef401a,400,24,424
5b63edb9-1299-4dc8-8e02-e9460b4d4953,3b549ccd-b818-46d6-bb5c-7b514dc724ff,2023-08-03 08:16:00,7610d689-246f-467d-8d80-991c4eef401a,600,36,636
87be5383-3c40-4d8d-9361-e5b7dc3bca49,2df21d90-54d9-4bfc-9b00-12048e94bf7f,2023-08-03 07:51:00,7610d689-246f-467d-8d80-991c4eef401a,600,36,636
ad2cab78-4e91-4d03-8e18-9de87100a4e0,61432b99-679b-4a15-8732-0fcb17a5ef7c,2023-08-03 07:34:00,7610d689-246f-467d-8d80-991c4eef401a,600,36,636
97a4b8ca-d62d-4c28-8b1c-4f11a36c77a4,905454f7-790f-4855-9e6d-6506f375381a,2023-08-03 07:41:00,7610d689-246f-467d-8d80-991c4eef401a,600,36,636
c94b5f25-21c8-49bd-80ef-c87b794b851b,59ee54e5-38ad-4363-846b-dca7d019674a,2023-08-03 12:41:00,7610d689-246f-467d-8d80-991c4eef401a,1900,113,2013
1309bf2b-0d64-4c12-9741-f8764765a214,66eeda05-0d6d-490c-b2b3-a4184a6e593d,2023-08-03 13:46:00,7610d689-246f-467d-8d80-991c4eef401a,600,36,636
a96cb251-2557-4ea6-a8b2-054c8521b24f,1fe8a9e9-5e8e-41ed-8f2f-e16bb832f81e,2023-08-03 13:53:00,7610d689-246f-467d-8d80-991c4eef401a,700,42,742
b7746603-7501-4768-8612-4ddec64c1b03,beeafc1a-1df5-4e92-b649-9887417b6e99,2023-08-03 19:10:00,7610d689-246f-467d-8d80-991c4eef401a,400,24,424
9e3ab2ee-0fe3-4e29-81f5-61112217e6fe,52286fbc-9f9b-4692-9e88-c27eb229055b,2023-08-03 10:18:00,7610d689-246f-467d-8d80-991c4eef401a,3000,179,3179
f7ca5d63-3f19-4163-acb1-631c7df368f0,b8e6d5cf-5320-400d-9a7a-d392e280ff9a,2023-08-03 08:17:00,7610d689-246f-467d-8d80-991c4eef401a,400,24,424
57c6e2e7-f2fc-4552-bd8c-5e76b6ddfdce,55a186ff-9bda-4b51-8717-546300299f58,2023-08-03 08:34:00,7610d689-246f-467d-8d80-991c4eef401a,500,30,530
074680a0-a4c8-4a76-b9b8-060e9379e724,3a3d9f52-a1f9-4640-a5ac-3565b6fc94d6,2023-08-03 17:02:00,7610d689-246f-467d-8d80-991c4eef401a,1800,108,1908
689ad778-19b4-4f43-b1d9-b0c15ae41b56,90127bdb-59ee-4e26-83af-f34b0bf9f9b5,2023-08-03 18:47:00,7610d689-246f-467d-8d80-991c4eef401a,600,36,636
9d5bff84-ed5c-41c5-b481-0ca017d03caa,dfe2ecc4-6a89-42bf-809d-eb6d3b80f03c,2023-08-03 08:20:00,7610d689-246f-467d-8d80-991c4eef401a,600,36,636
e580f71b-d849-4017-a1fc-ff4d9d9bc0b6,5dee43b9-6180-423d-aa66-0c975c7a6254,2023-08-03 13:41:00,7610d689-246f-467d-8d80-991c4eef401a,400,24,424
ba07efa3-3638-4606-9f89-348a51947670,8f860c47-6ffb-400d-a5ea-1b3309f59667,2023-08-03 08:04:00,7610d689-246f-467d-8d80-991c4eef401a,700,42,742
ad19e180-f997-4afb-9a96-f1fe9e5c07c1,8e668625-bb53-48d3-8a35-337b6bfe0528,2023-08-03 08:11:00,7610d689-246f-467d-8d80-991c4eef401a,600,36,636
d5661a5d-3a0a-4271-a73e-e0534ad9c11d,c15f166b-5eea-4544-95ba-c06ab6bdfd54,2023-08-03 14:04:00,7610d689-246f-467d-8d80-991c4eef401a,700,42,742
a0c9e01e-92f1-4b90-8a68-fa95e91f82af,4c0311a9-36a1-489e-b9a6-d0c6fbb216d0,2023-08-03 12:49:00,7610d689-246f-467d-8d80-991c4eef401a,1600,96,1696
a51daa2b-b069-4e63-bbe5-3a3e4db352e2,21b47c14-85e6-4345-8b75-fb865313023c,2023-08-03 07:41:00,7610d689-246f-467d-8d80-991c4eef401a,500,30,530
511ef2ff-03c6-4ce6-b9ee-d5aa1eb76faf,de438868-012e-4090-a23f-435fe782ba8a,2023-08-03 07:52:00,7610d689-246f-467d-8d80-991c4eef401a,400,24,424
61f1f667-0241-441c-80a7-791e06e9aac7,837e09f7-4460-4e4c-9dd1-15e51783c049,2023-08-03 16:47:00,7610d689-246f-467d-8d80-991c4eef401a,600,36,636
70c82d5a-a68b-42b4-9f1f-080fb6222b7b,76e0ad61-6f0a-4ff9-ac30-b153a4382299,2023-08-03 08:40:00,7610d689-246f-467d-8d80-991c4eef401a,700,42,742
e6a7aefc-7371-44a9-9ab4-622e03e21974,7a3e0a67-3f90-4b44-ad0e-93018ee4fb40,2023-08-03 12:46:00,7610d689-246f-467d-8d80-991c4eef401a,2500,150,2650
6315afdb-404c-460d-9b4e-851c80a1e808,46f597eb-c54b-4468-9b5f-709bcfed28fb,2023-08-03 10:02:00,7610d689-246f-467d-8d80-991c4eef401a,400,24,424
2b1ba028-d47f-44b9-bd8c-ba305a3342c0,74f8b5d2-4353-4a1d-9d09-c4b033ed1e78,2023-08-03 08:15:00,7610d689-246f-467d-8d80-991c4eef401a,600,36,636
1fd52b04-5c03-4724-bbe6-9c6433528d12,b072f983-a206-4f65-a800-d1b376f074a7,2023-08-03 15:39:00,7610d689-246f-467d-8d80-991c4eef401a,1300,78,1378
ecea378c-11aa-49c7-bd12-9c100de13bac,472069b9-a61b-4488-b3d3-77fd6e057685,2023-08-03 08:14:00,7610d689-246f-467d-8d80-991c4eef401a,600,36,636
0ac17450-a03c-4359-8146-dbf168485ba6,c8ecfe04-79be-48af-8d12-9542ae15e266,2023-08-03 08:02:00,7610d689-246f-467d-8d80-991c4eef401a,600,36,636
66af8258-0e95-42b6-bbf3-3e298e501ea7,13e6eb04-6067-4f00-8ee7-5675fcc4f621,2023-08-03 16:03:00,7610d689-246f-467d-8d80-991c4eef401a,500,30,530
59d2bbd9-027b-45a1-81dc-7f3669bd3a85,42f1d1af-ac2e-42d7-80bc-e1dd04b9bce8,2023-08-03 07:44:00,7610d689-246f-467d-8d80-991c4eef401a,500,30,530
bda0c3af-04b9-4141-956e-c5c598e7763d,4f29c41c-067d-4f9a-9793-8bae170607bc,2023-08-03 07:57:00,7610d689-246f-467d-8d80-991c4eef401a,1100,65,1165
e316baab-d96d-45d4-952b-83d806e8fefb,9a14fd59-3f1b-40ec-ba02-2b2164bc44d7,2023-08-03 07:55:00,7610d689-246f-467d-8d80-991c4eef401a,600,36,636
9a7474a5-af56-453d-8328-8dc10115bd87,6748aa69-7dcb-49d4-b579-9148e01a46b2,2023-08-03 12:08:00,7610d689-246f-467d-8d80-991c4eef401a,1800,108,1908
973e020b-6573-4b36-bc05-72d8b7fbfca2,a6a53f05-a7e5-414f-ba8a-df80c2f23c61,2023-08-03 11:06:00,7610d689-246f-467d-8d80-991c4eef401a,1600,96,1696
01575cba-ed38-4aae-901f-f1ed4a64c88f,4016b41b-6b04-4ecf-944a-2dec96832f6d,2023-08-03 08:40:00,7610d689-246f-467d-8d80-991c4eef401a,700,42,742
10b61862-dd75-4ae7-bddd-94a67db30f30,9ec80e0e-eb2a-4cd5-8281-acd97008a40e,2023-08-03 13:14:00,7610d689-246f-467d-8d80-991c4eef401a,1800,108,1908
092f206a-468f-4c59-bde0-23954ac0fcf6,754c0e10-2d88-4a29-99f7-cf634206294c,2023-08-03 17:05:00,7610d689-246f-467d-8d80-991c4eef401a,900,54,954
d1149412-4537-40a4-9935-3c033171fa61,cca4d2f2-7b78-4400-800f-84e9491d330d,2023-08-03 12:18:00,7610d689-246f-467d-8d80-991c4eef401a,0,0,0
38fe304c-48e4-4999-8056-6e9ba8488263,20d3b881-e02c-4e1a-b985-58bf7d1becd5,2023-08-03 09:46:00,7610d689-246f-467d-8d80-991c4eef401a,2500,150,2650
ed7320c6-9df3-4383-af4c-40ec3b070c0b,d2a66d78-098a-4e8a-9de8-8f53f73a1a68,2023-08-03 14:40:00,7610d689-246f-467d-8d80-991c4eef401a,2000,120,2120
06a58593-f97e-423b-b095-8efe8ac314ce,3293ca28-2970-404e-a298-f74c760d7810,2023-08-03 07:34:00,7610d689-246f-467d-8d80-991c4eef401a,600,36,636
54a2853d-d3d6-4cd1-81f2-6764ee2eb090,3029df46-1cef-45bc-9293-520cc8b0255e,2023-08-03 08:41:00,7610d689-246f-467d-8d80-991c4eef401a,700,42,742
5755e6f2-362e-4e42-9991-c795f0f106a6,3981431e-68a6-4f25-8919-294206d4e783,2023-08-03 08:05:00,7610d689-246f-467d-8d80-991c4eef401a,400,24,424
a4fd7ad0-d087-4d9c-a247-f39acdd3c9ca,25e6bad5-7ed0-46b3-b595-aa6cfe8d5e51,2023-08-03 12:28:00,7610d689-246f-467d-8d80-991c4eef401a,600,36,636
759c99f7-5e52-4163-a3d2-7d8c0c2af595,b79f9939-07ce-4f15-bdca-a9e5a43ab862,2023-08-03 11:17:00,7610d689-246f-467d-8d80-991c4eef401a,600,36,636
36968889-637a-4068-9fb7-8631095e7427,3bf43252-3e01-4d5b-afd5-8aa6abc59e89,2023-08-03 11:41:00,7610d689-246f-467d-8d80-991c4eef401a,4900,294,5194
b4f52131-2785-4e39-ade2-c28dfe8f7434,f8a9b9e5-b4c7-416f-acfd-3b5727417698,2023-08-03 08:20:00,7610d689-246f-467d-8d80-991c4eef401a,500,30,530
8f34fe7c-19d4-4211-a216-f0ec13bf30ed,0b59d505-e47a-4f76-9b72-d038854b68e6,2023-08-03 13:02:00,7610d689-246f-467d-8d80-991c4eef401a,1100,65,1165
aa830d1f-aab2-4516-b152-f4f91a50ee9e,27b1e612-2cfe-43aa-bb58-c92646126951,2023-08-03 08:04:00,7610d689-246f-467d-8d80-991c4eef401a,700,42,742
18234e7c-e278-4f5e-bc41-8e3995a541b1,814c405f-ca8b-4bb0-865c-7c89447ff10a,2023-08-03 18:36:00,7610d689-246f-467d-8d80-991c4eef401a,1600,96,1696
6059a4db-2c3a-412f-bfcb-047984cc88b8,b7fb5b2f-9636-4e7b-be18-b43d0df3c929,2023-08-03 11:07:00,7610d689-246f-467d-8d80-991c4eef401a,600,36,636
998650f0-aed0-4f17-b7e6-f89947adfcee,1995de61-30f6-4038-b73d-34f4948e764f,2023-08-03 12:29:00,7610d689-246f-467d-8d80-991c4eef401a,1100,65,1165
a0e63d56-d7c1-4eb5-87ea-5b8c9a1f167b,1398234d-baf9-4fee-a245-8bf9b8ec1d4a,2023-08-03 12:26:00,7610d689-246f-467d-8d80-991c4eef401a,4100,246,4346
b13ba1d5-9f1c-4c6d-832b-2472074fb8c6,25c97ef3-e3df-4437-81ea-031cf9228009,2023-08-03 13:06:00,7610d689-246f-467d-8d80-991c4eef401a,400,24,424
63a7c17b-7903-400f-b5d7-d0653b745a8b,23e45a32-b6fd-408a-ba27-924b1070c001,2023-08-03 08:47:00,7610d689-246f-467d-8d80-991c4eef401a,500,30,530
2b1697cb-418c-4f57-9e57-0407d7bc68bd,32c0dd94-681d-4183-8286-cf088864c11b,2023-08-03 17:21:00,7610d689-246f-467d-8d80-991c4eef401a,600,36,636
10cfeaec-ec97-4f9e-8606-ef48c4bc656d,867d1a27-d73e-4645-a7c8-68a8cccc46d6,2023-08-03 11:41:00,7610d689-246f-467d-8d80-991c4eef401a,1000,60,1060
d58644b3-fc5f-492d-b4aa-d74040509d61,4ae668eb-6510-4e45-96be-bcea4185ecd2,2023-08-03 09:27:00,7610d689-246f-467d-8d80-991c4eef401a,600,36,636
fb900c03-ec52-4263-9777-dbf631864e00,f4918a53-6c53-4960-a683-610fd1d3cb26,2023-08-03 07:14:00,7610d689-246f-467d-8d80-991c4eef401a,600,36,636
361610f1-e77f-4108-b7ef-fa8f6708a495,c813f06d-10b8-4f22-a23f-d6901bb1c703,2023-08-03 18:19:00,7610d689-246f-467d-8d80-991c4eef401a,600,36,636
3a4f543b-57e1-4573-bd51-bd8e5a1a2c21,67b83532-c6ef-47a9-b708-6fec1ef804c2,2023-08-03 07:29:00,7610d689-246f-467d-8d80-991c4eef401a,400,24,424
a07de9ee-7566-424f-824b-37423fa6e611,471dd3e1-1cb3-4a37-bd75-154334a05a49,2023-08-03 07:36:00,7610d689-246f-467d-8d80-991c4eef401a,600,36,636
6f83012f-c785-4838-9851-302b104a5a00,006ebf27-e836-4961-86f8-19a81bd60992,2023-08-03 15:20:00,7610d689-246f-467d-8d80-991c4eef401a,500,30,530
04fecec6-e55d-4947-812f-648e4c1f747e,70216b97-9f6c-4474-a45e-c8e31684968c,2023-08-03 10:46:00,7610d689-246f-467d-8d80-991c4eef401a,1100,65,1165
b82276d6-05b3-4a00-83bc-dad6eaf42ee6,c7b8e8b6-6299-45a6-a446-b172e533d17e,2023-08-03 07:32:00,7610d689-246f-467d-8d80-991c4eef401a,600,36,636
96e0980d-865b-4251-93eb-3541fe1eebd7,b0899906-f211-4fe2-a0b9-71b5f9850f75,2023-08-03 07:53:00,7610d689-246f-467d-8d80-991c4eef401a,700,42,742
a21b9be3-1ad2-4ad8-aa54-4cc2291adae4,5b997d2e-38a3-403c-b8d1-441657613eef,2023-08-03 11:00:00,7610d689-246f-467d-8d80-991c4eef401a,1000,60,1060
a75946a9-7601-48be-9054-af8bc3e6960e,324666c3-5f25-4452-998a-e05dbbeee6a0,2023-08-03 12:06:00,7610d689-246f-467d-8d80-991c4eef401a,2100,126,2226
79dcdfb2-e82f-4c82-ab85-c4cd6e7c1377,563caefa-5675-4645-a701-6272b42dd217,2023-08-03 10:25:00,7610d689-246f-467d-8d80-991c4eef401a,400,24,424
eef43b5b-a923-4552-a5fd-4a4e8a2c9b15,e9194bfe-47f4-429d-8a9c-67f9bf10476c,2023-08-03 13:18:00,7610d689-246f-467d-8d80-991c4eef401a,2100,126,2226
6e88da71-e0f8-48c0-a057-145858d3e6ec,4c348755-d66d-46bb-9d04-3d6564b49ec0,2023-08-03 14:39:00,399dfec4-01ec-4e84-80b5-cb325d670571,700,28,728
154bed3b-48d8-436a-8198-215916410385,37e73f82-c93a-4c41-ade6-e62f4a5b446a,2023-08-03 14:44:00,399dfec4-01ec-4e84-80b5-cb325d670571,500,20,520
79c561ce-2059-440f-ab01-9c8617d9e427,c5ea4a48-b79a-41fb-8cfb-27cd606cf67c,2023-08-03 07:40:00,399dfec4-01ec-4e84-80b5-cb325d670571,500,20,520
7dff6cce-664e-4dfa-a0b4-04cb83faa517,a8f18d60-8666-4c0f-a1db-c2866d583b8d,2023-08-03 07:21:00,399dfec4-01ec-4e84-80b5-cb325d670571,700,28,728
6311ec7e-7474-4569-b92e-ae5960cae3bc,7bcb8723-53df-4b44-9780-6f41535407ea,2023-08-03 07:08:00,399dfec4-01ec-4e84-80b5-cb325d670571,600,24,624
5e346024-8c7e-4248-9a2e-de34c2cbca03,cec3488a-b584-4a3a-a0c8-8e8e9fe62005,2023-08-03 12:20:00,399dfec4-01ec-4e84-80b5-cb325d670571,2500,100,2600
ed22d7f6-68ae-47f3-92d2-5acebfab0573,6245ed4d-3f95-4010-9309-114b1b627744,2023-08-03 07:17:00,399dfec4-01ec-4e84-80b5-cb325d670571,400,16,416
84308287-8051-49b5-ae78-eda8c583479b,94b1db00-2098-4afd-b3b7-5eb8983cfc17,2023-08-03 07:34:00,399dfec4-01ec-4e84-80b5-cb325d670571,700,28,728
7ff0825d-2948-45e2-886a-2ebb35b51c12,d2b78715-1c35-41d5-a173-86bbde66041c,2023-08-03 12:07:00,399dfec4-01ec-4e84-80b5-cb325d670571,600,24,624
90377d8c-ba15-41c1-9335-d3ac924053a0,f87cf5f2-f133-432b-9698-d97df1d3ea32,2023-08-03 07:23:00,399dfec4-01ec-4e84-80b5-cb325d670571,600,24,624
e5d01973-8b57-4564-9fc3-940edea99338,a4ecfbb7-9d6d-44b3-925d-7d29fdc993d8,2023-08-03 13:35:00,399dfec4-01ec-4e84-80b5-cb325d670571,1300,52,1352
ddc9d81b-ad02-4f73-90f6-1166a8edbc0d,9ae05117-8a4f-441a-b848-817a78454328,2023-08-03 14:30:00,399dfec4-01ec-4e84-80b5-cb325d670571,1100,44,1144
3c020199-cd19-44e4-b68e-f749047fb737,506a6d87-28ad-4107-98f8-eee7ef436e29,2023-08-03 08:26:00,399dfec4-01ec-4e84-80b5-cb325d670571,600,24,624
5eafb24d-23ea-4039-bf9d-216ef61615de,81f94344-42da-4710-970b-01040337773f,2023-08-03 11:12:00,399dfec4-01ec-4e84-80b5-cb325d670571,600,24,624
6876ebdb-0064-47fb-8dc7-2e2c258c0efa,ccb5c165-1568-4be3-967f-4081011dbfa8,2023-08-03 12:18:00,399dfec4-01ec-4e84-80b5-cb325d670571,1700,68,1768
600d251e-44d1-4905-83ed-3fbd48f6795e,42c5ea60-f682-47d9-b67c-f6f362147071,2023-08-03 07:10:00,399dfec4-01ec-4e84-80b5-cb325d670571,600,24,624
a60e6dc6-e16c-40d6-99d3-4ba32731e6fb,16b63951-b5de-4976-b337-c7a164051684,2023-08-03 07:50:00,399dfec4-01ec-4e84-80b5-cb325d670571,700,28,728
99b5add9-b7c5-49ad-8ffe-7fb13ed384aa,b6e01333-7454-4939-a5ce-c8bef3d60cc0,2023-08-03 07:38:00,399dfec4-01ec-4e84-80b5-cb325d670571,600,24,624
50c368e4-ccd0-4de3-ab4e-ea11f1707b04,6e83b42d-59ed-4466-b35a-d764e9c3cdfc,2023-08-03 07:58:00,399dfec4-01ec-4e84-80b5-cb325d670571,400,16,416
99f9e0ea-f618-43cf-910d-94ac249c4ac4,ddd6bc5c-169a-4f13-aa8d-eb8d78c99e03,2023-08-03 08:00:00,399dfec4-01ec-4e84-80b5-cb325d670571,600,24,624
2fe5bda6-7704-4a5e-81af-e7ac51c8a8d4,df529715-211d-4d44-bce5-8c04f8447eeb,2023-08-03 11:14:00,399dfec4-01ec-4e84-80b5-cb325d670571,2700,108,2808
4e3c18e7-f1a9-4c83-a53c-37c3902a57ca,f59319a4-b9b6-458a-aec7-f43d079c3a28,2023-08-03 12:46:00,399dfec4-01ec-4e84-80b5-cb325d670571,400,16,416
9f0f581a-b893-4ce4-b5d6-e90ae3c21de5,87289d4c-37e9-4151-9045-4ba83f3b4c71,2023-08-03 10:15:00,399dfec4-01ec-4e84-80b5-cb325d670571,1600,64,1664
878ffe10-153e-4858-b7f4-58b4f282e05f,d6af4950-fefc-44bb-8701-d252bd522f00,2023-08-03 09:25:00,399dfec4-01ec-4e84-80b5-cb325d670571,700,28,728
6ad01a47-8401-4821-a070-9458f06ac8f9,e4813f2e-1b48-4035-8b99-9dbc490b1182,2023-08-03 16:43:00,399dfec4-01ec-4e84-80b5-cb325d670571,2300,92,2392
e9abe310-973d-4afd-99f3-f0882695aa50,48401445-c4c0-4381-a5d3-b47ddffe4ef2,2023-08-03 13:31:00,399dfec4-01ec-4e84-80b5-cb325d670571,500,20,520
3e2b1113-65fc-4e97-84a3-7bcaec3a675c,337e472c-b132-404f-b734-2693796b2745,2023-08-03 09:53:00,399dfec4-01ec-4e84-80b5-cb325d670571,3200,128,3328
20972c1c-63b1-43e7-bdd3-df8c1729336c,b1032ecf-73a3-4af5-95dc-41a97682fac5,2023-08-03 08:25:00,399dfec4-01ec-4e84-80b5-cb325d670571,1700,68,1768
a22121ee-f00f-45be-b0b6-1586354c6ce5,b1e76179-85ef-427c-96b1-6b9276f4752b,2023-08-03 09:57:00,399dfec4-01ec-4e84-80b5-cb325d670571,3700,148,3848
215727cf-c2cf-450b-bc94-a7c22487c9dc,711044e1-8bdf-47ab-b9ab-3d108e5590d9,2023-08-03 13:36:00,399dfec4-01ec-4e84-80b5-cb325d670571,5300,212,5512
7d425170-1867-446a-91ef-cf4835dccbd2,dcf50ba9-5b3e-448f-9529-f27c246d868a,2023-08-03 08:05:00,399dfec4-01ec-4e84-80b5-cb325d670571,500,20,520
0270d76e-b1ec-49fb-9ccc-557af197962d,9d25ed88-d934-4a39-bff2-29dd981edc7b,2023-08-03 08:44:00,399dfec4-01ec-4e84-80b5-cb325d670571,500,20,520
968b22ae-8fc3-4582-817b-92baafed0d67,1ab8f64c-68df-4705-82aa-f3e046eec9a1,2023-08-03 07:43:00,399dfec4-01ec-4e84-80b5-cb325d670571,700,28,728
dd4dad90-c7a5-4c77-8542-0d3def329a2b,014d4968-8860-436c-9590-b3172aab71ab,2023-08-03 13:54:00,399dfec4-01ec-4e84-80b5-cb325d670571,400,16,416
eb846199-f27f-4ebf-8810-47390d77a5a7,34fc2867-a0b6-422f-8041-10f81916b1fe,2023-08-03 07:18:00,399dfec4-01ec-4e84-80b5-cb325d670571,700,28,728
6a1bc79d-d4f7-4fe9-870a-3a412da8a229,97c95c72-e129-4e60-b61c-603aee90014e,2023-08-03 16:21:00,399dfec4-01ec-4e84-80b5-cb325d670571,1700,68,1768
f35ef04a-c83d-4a7d-92e8-6e528aca3eff,76c48654-6fd5-4383-9917-f82ad4aea2d6,2023-08-03 08:14:00,399dfec4-01ec-4e84-80b5-cb325d670571,600,24,624
6407a180-6967-4e99-93a7-72b42498992d,2c57c610-0005-4cad-80d1-645d35f2c1bd,2023-08-03 09:08:00,399dfec4-01ec-4e84-80b5-cb325d670571,400,16,416
db24c926-bdc7-42f7-a4b9-e29afc252965,aedc7b77-61c3-4a78-b198-3c2c85bdc558,2023-08-03 11:01:00,399dfec4-01ec-4e84-80b5-cb325d670571,700,28,728
1055ea5d-f33b-45ea-9e43-908ae934e8f1,d2ce1916-ff3f-4dc8-8c68-6bd3cb205c68,2023-08-03 07:33:00,399dfec4-01ec-4e84-80b5-cb325d670571,500,20,520
69fcd7bc-8b79-4c45-a581-11f22c031cc4,c28b2934-ee10-4572-b543-13b07030b674,2023-08-03 08:20:00,399dfec4-01ec-4e84-80b5-cb325d670571,400,16,416
63de6dec-9c17-487e-a111-ab40503e8438,9e01e8aa-e852-4d14-a1bd-a7099859350b,2023-08-03 08:08:00,399dfec4-01ec-4e84-80b5-cb325d670571,600,24,624
faf0161a-dd2e-4e2f-8439-89bb2624316b,6c61d1a8-d299-4add-a628-1e8840673829,2023-08-03 13:15:00,399dfec4-01ec-4e84-80b5-cb325d670571,700,28,728
5a672bab-10a0-4e91-af60-bd6c3685648a,0e8e5ba3-41fa-49ca-97f4-c447a239e83f,2023-08-03 11:36:00,399dfec4-01ec-4e84-80b5-cb325d670571,2500,100,2600
5c1bdfd7-cd6c-4944-894c-d8e7745951e4,64db26a0-c128-4fd8-8d9d-7d6e8dca816f,2023-08-03 08:12:00,399dfec4-01ec-4e84-80b5-cb325d670571,600,24,624
de02c86f-7c02-444e-9eeb-a47674c5528e,23c9d5aa-b7ac-43fe-9b34-95a885534f3f,2023-08-03 11:01:00,399dfec4-01ec-4e84-80b5-cb325d670571,400,16,416
023c61e6-f045-43a7-b0c6-a3c1a8a0583e,53beee08-3f7a-41ad-9b8d-e9dde5890c21,2023-08-03 16:47:00,399dfec4-01ec-4e84-80b5-cb325d670571,600,24,624
48ec2f1f-3ada-41df-a198-f5d61b4115cf,5e245f8b-8a35-48fc-bfd1-8d70aae8c168,2023-08-03 11:15:00,399dfec4-01ec-4e84-80b5-cb325d670571,3100,124,3224
ae2436ec-8416-480a-8184-b224ae501e2b,acd3eb6d-6b79-4387-b568-bbae749f77a3,2023-08-03 07:23:00,399dfec4-01ec-4e84-80b5-cb325d670571,600,24,624
6985b4dd-bdc5-48ca-84e4-d8a2392a0f92,bc67e790-4d24-486d-807f-451f765d80cd,2023-08-03 07:54:00,399dfec4-01ec-4e84-80b5-cb325d670571,600,24,624
5cde24f5-c945-42e3-9756-b86eab95beae,dad7706f-c7f1-48d1-b917-5c159cfffb63,2023-08-03 07:57:00,399dfec4-01ec-4e84-80b5-cb325d670571,500,20,520
0647dbda-b235-44c6-b48d-da858cdae6ca,0a355498-5161-4e43-a119-739ad47fce7c,2023-08-03 07:00:00,399dfec4-01ec-4e84-80b5-cb325d670571,700,28,728
20ee09bc-d117-409b-abe0-422160848090,e5c6f80d-f9e5-4adb-9e14-77344fadcb11,2023-08-03 08:37:00,399dfec4-01ec-4e84-80b5-cb325d670571,700,28,728
0877f9bd-f58e-4d3c-a57e-7b55a596c410,db76ab32-831a-4cda-966d-d6da473fe822,2023-08-03 15:43:00,399dfec4-01ec-4e84-80b5-cb325d670571,500,20,520
0a114069-4471-4f2f-b371-364e4a64c703,cdcb2920-cc0f-45c8-a08d-f245414cc4d1,2023-08-03 15:13:00,399dfec4-01ec-4e84-80b5-cb325d670571,700,28,728
7c279c75-3e3f-4ca9-806b-e4a77c8b68af,1970761e-30b2-4231-b0c4-e598194512e9,2023-08-03 07:34:00,399dfec4-01ec-4e84-80b5-cb325d670571,600,24,624
e0031009-e018-410e-8383-adb902af43ab,3f44b8aa-7b06-4cbc-b5b8-62c759375abf,2023-08-03 08:01:00,399dfec4-01ec-4e84-80b5-cb325d670571,500,20,520
0f08f9da-bcf2-479c-a19a-b7b3737c67ca,e51c17e9-54d2-4d0d-951b-d2e942484e4a,2023-08-03 08:07:00,399dfec4-01ec-4e84-80b5-cb325d670571,500,20,520
0e528d8d-388b-4a98-9236-f0e6bddfea1d,661e7769-737a-4fea-9b2b-61f6ad5f730e,2023-08-03 08:45:00,399dfec4-01ec-4e84-80b5-cb325d670571,700,28,728
aeaab70a-f4b2-4680-a8d6-d3abe17af91b,925b1e7a-db75-46f3-8233-e9a0d1cd3eea,2023-08-03 08:05:00,399dfec4-01ec-4e84-80b5-cb325d670571,700,28,728
0afbfcdf-8966-4f68-abf4-436b83fa078c,60314e03-083b-4c10-8481-e96147ef36b6,2023-08-03 09:15:00,399dfec4-01ec-4e84-80b5-cb325d670571,500,20,520
83eb23b4-d1a0-4246-9a84-8043313f556e,0632018d-13b0-4b17-8c09-2355784aa5aa,2023-08-03 07:47:00,399dfec4-01ec-4e84-80b5-cb325d670571,500,20,520
083792b7-e9f2-4269-a71a-8fc891cefb95,6cc22f29-b88b-4f31-9982-e3fd61a88f01,2023-08-03 08:14:00,399dfec4-01ec-4e84-80b5-cb325d670571,500,20,520
3045990d-9a1a-4e6e-bb8d-9c0291923c8a,5de2ad61-7d0f-4bd1-976c-54232ea6a2e7,2023-08-03 07:36:00,399dfec4-01ec-4e84-80b5-cb325d670571,500,20,520
a708de11-997d-49d0-922f-000fcf662387,fbc8d614-e3eb-4407-a764-2523025a5ec8,2023-08-03 13:09:00,399dfec4-01ec-4e84-80b5-cb325d670571,600,24,624
2fc8177f-d57a-4c92-8d0e-f2d85ef80a05,2d6bb117-9504-46a7-85f0-ec0842f450ba,2023-08-03 16:34:00,399dfec4-01ec-4e84-80b5-cb325d670571,2500,100,2600
d580bc9b-63d3-4acf-a305-c3d3276570f9,adb373d5-a395-4255-97af-7d0c6cc6b076,2023-08-03 08:24:00,399dfec4-01ec-4e84-80b5-cb325d670571,600,24,624
8848bb43-3221-4d1a-95d4-b320f959c4c9,af32d332-5348-4db7-b85e-10e8c869b09b,2023-08-03 10:01:00,399dfec4-01ec-4e84-80b5-cb325d670571,600,24,624
ccb0e1ce-6532-442e-95e8-e5c85e1344c7,adb25cda-7b6a-40cf-b406-ad69754ee6b0,2023-08-03 08:24:00,399dfec4-01ec-4e84-80b5-cb325d670571,500,20,520
9830bbcb-2483-43f2-b6ed-de73e16ed8ae,21682723-7ae2-4cfd-93c9-4947abb44c13,2023-08-03 15:05:00,399dfec4-01ec-4e84-80b5-cb325d670571,1400,56,1456
b99d31ce-b1ab-49ae-8fb8-a9fbb5184807,837b4aa0-c89e-4bd4-bb7b-eb47bb546bea,2023-08-03 10:57:00,399dfec4-01ec-4e84-80b5-cb325d670571,700,28,728
ad2d188c-2d4a-4d7b-a2c8-ebc732f0c739,96e76e0f-05a8-4b35-8c59-a93df15f3359,2023-08-03 10:04:00,399dfec4-01ec-4e84-80b5-cb325d670571,1000,40,1040
f31c3392-9dea-441e-af13-07424bda8cbe,2525b843-71b8-49bf-98a1-4233133347d3,2023-08-03 13:29:00,399dfec4-01ec-4e84-80b5-cb325d670571,1800,72,1872
1217d406-6e3e-47b7-a8c6-e73b0c36a23b,6d815359-11dd-495a-8d4a-2a0b66de8bbf,2023-08-03 14:19:00,399dfec4-01ec-4e84-80b5-cb325d670571,600,24,624
0c4ae210-036e-40f1-8728-2390d9cdcecf,0a1048f1-85cc-41f0-b631-2d395fc26b9a,2023-08-03 08:33:00,399dfec4-01ec-4e84-80b5-cb325d670571,700,28,728
16288a24-5c7c-4ca9-83bf-18571709d194,b46b4fb3-8cac-4fc1-b866-d8a3911e9ee6,2023-08-03 07:33:00,399dfec4-01ec-4e84-80b5-cb325d670571,600,24,624
90f5aeae-108e-4f27-ad7f-fc86d3f268b0,6d4c7874-f396-4603-9f6b-243c1b2f5249,2023-08-03 08:02:00,399dfec4-01ec-4e84-80b5-cb325d670571,600,24,624
67730b2f-b334-4ca8-bb13-c84340fc5b6c,1c7c3326-d10b-4cb5-8266-0d9638b1303e,2023-08-03 07:10:00,399dfec4-01ec-4e84-80b5-cb325d670571,700,28,728
8e34cca9-1b9a-43e3-aa3c-0d363a4b4a37,d28e3df0-016c-4bc4-9440-a810ec9db309,2023-08-03 11:55:00,399dfec4-01ec-4e84-80b5-cb325d670571,1500,60,1560
5da7119d-2ea5-4ee5-9ba7-9ac3a0b7c9f6,47dabfd4-2050-4494-b080-1a34b1bc9616,2023-08-03 09:22:00,399dfec4-01ec-4e84-80b5-cb325d670571,400,16,416
1d960f77-7f73-4a5f-95bc-2bb0730e7c86,fd59c062-af23-4f13-964f-d33abe7a9d2a,2023-08-03 08:11:00,399dfec4-01ec-4e84-80b5-cb325d670571,1700,68,1768
a818fb2c-a895-4e76-b3fd-c67527104491,3750046f-1d16-4403-b390-b0daba002397,2023-08-03 07:56:00,399dfec4-01ec-4e84-80b5-cb325d670571,600,24,624
490278d8-7aa9-4a99-ac52-dae1867319c1,e0b213d9-1768-4dcd-bf89-bcd54ccf63c3,2023-08-03 12:12:00,399dfec4-01ec-4e84-80b5-cb325d670571,2100,84,2184
a79bd48f-227f-46a3-b161-93b7bea98277,706032a5-7ec5-4263-9b19-a692736a7b4d,2023-08-03 19:31:00,399dfec4-01ec-4e84-80b5-cb325d670571,700,28,728
cfc374bc-1438-4ba9-8502-35257522f891,53c74fc1-b133-42b2-a1e9-67c9bf047e1b,2023-08-03 08:01:00,399dfec4-01ec-4e84-80b5-cb325d670571,500,20,520
d3fe1ed7-8e93-47d2-add3-c5ade8e08133,f4c58163-72ff-4bb0-bb23-a96e150c760b,2023-08-03 14:10:00,399dfec4-01ec-4e84-80b5-cb325d670571,500,20,520
69a93bbc-0763-43d2-a99d-c816c6313fe0,34841c77-0ef1-4182-a690-bf7189924a9d,2023-08-03 09:01:00,399dfec4-01ec-4e84-80b5-cb325d670571,5300,212,5512
f52b3bfe-2cd5-46a6-acc1-2d65165c77da,d7d55d7a-adfa-4bca-aca3-e8d9cdef2bbb,2023-08-03 08:07:00,399dfec4-01ec-4e84-80b5-cb325d670571,600,24,624
e575a8b7-6c50-46b9-9b3a-3d556f3ac6cc,e49a11b4-2626-4a77-8438-1b4631d3c8cb,2023-08-03 09:35:00,399dfec4-01ec-4e84-80b5-cb325d670571,1900,76,1976
ebe9e1b5-ae81-4c0b-a35b-ff9e58068508,044533c1-2a6d-428d-9c51-24fecdb4ab49,2023-08-03 12:52:00,399dfec4-01ec-4e84-80b5-cb325d670571,1300,52,1352
ad8aa3ac-64d6-413a-bb03-a952bd5a9a8f,90a4b194-49ac-403f-bdf9-07ac020d3a39,2023-08-03 15:23:00,399dfec4-01ec-4e84-80b5-cb325d670571,1700,68,1768
5e28ddc6-01a6-4b93-b0d6-90ef6fd5db41,ea90cf6c-55a0-4b3f-a71f-d545222e1f94,2023-08-03 07:57:00,399dfec4-01ec-4e84-80b5-cb325d670571,700,28,728
82ea03fd-2c55-4eac-b88b-461aa9c24bd2,9caba1bb-73eb-4a7f-a519-ad2cf648da6f,2023-08-03 07:24:00,399dfec4-01ec-4e84-80b5-cb325d670571,600,24,624
60e0f16d-ac4f-4f10-b36e-297f06000d2a,cecb29ab-71b2-4db2-aa1c-82bbaacba8b2,2023-08-03 07:31:00,399dfec4-01ec-4e84-80b5-cb325d670571,400,16,416
a42af03b-3181-48d4-9052-a61b89d8cbb3,66c46797-fba8-4ed2-9d78-9f782204a10c,2023-08-03 12:25:00,399dfec4-01ec-4e84-80b5-cb325d670571,600,24,624
98842d15-42a2-4f3c-aafd-64c99e3e8ace,59f6cd93-9ddb-4491-92fb-415d9f73dc7d,2023-08-03 08:14:00,399dfec4-01ec-4e84-80b5-cb325d670571,500,20,520
4a4deb9a-58df-4091-b5be-9921e2a0d822,df0ab0b8-fcfa-4c9e-8185-b51285182ccd,2023-08-03 08:24:00,399dfec4-01ec-4e84-80b5-cb325d670571,500,20,520
ac2c2e45-e64e-4cb5-9f64-bf32203fd27d,2a7e56cc-6b2f-40a0-a61f-27bf37a61463,2023-08-03 08:10:00,399dfec4-01ec-4e84-80b5-cb325d670571,500,20,520
277e4e7c-43bc-4ba5-9b96-967775d497e1,2cc18cd9-eca0-4f06-a2c9-5e6dc206500f,2023-08-03 11:52:00,399dfec4-01ec-4e84-80b5-cb325d670571,600,24,624
98727730-2465-4355-b12a-a62e89564e44,f6b29537-3df0-46dd-ac88-a11fc5036e04,2023-08-03 07:37:00,399dfec4-01ec-4e84-80b5-cb325d670571,600,24,624
fa9728a0-6309-4bef-abad-1ddfebdbbe19,967a7022-3d32-4b50-b71a-bcf7644a97fc,2023-08-03 08:05:00,399dfec4-01ec-4e84-80b5-cb325d670571,600,24,624
10d036f5-ca49-4c4d-86b2-1fcf5d579c61,54c06357-05bb-48e5-9b6a-e20fed5ec1e8,2023-08-03 08:41:00,399dfec4-01ec-4e84-80b5-cb325d670571,500,20,520
6c48085d-ca2d-40de-9dcd-8b19ca1ec45f,296f6a4c-2b3f-476b-854b-0d2c759eca2b,2023-08-03 08:10:00,399dfec4-01ec-4e84-80b5-cb325d670571,500,20,520
035bfd0f-558a-4f42-8514-67709a9f24c7,22fca930-291f-4c23-a67f-13d00786a2cf,2023-08-03 08:13:00,399dfec4-01ec-4e84-80b5-cb325d670571,700,28,728
408ce36a-addb-4e36-b3e1-0abe4f319fe1,9515927d-5691-4b7b-a235-dffd1b58ebd2,2023-08-03 07:48:00,399dfec4-01ec-4e84-80b5-cb325d670571,600,24,624
50925cf9-9074-4022-919b-5dd0bd0b0625,b6b02872-b0cd-4e89-abfb-465489960cd6,2023-08-03 08:07:00,399dfec4-01ec-4e84-80b5-cb325d670571,700,28,728
8375085e-aac4-456a-9066-8b14af89596d,8b1d2bc3-ebe1-425b-903a-e41320247b12,2023-08-03 07:00:00,399dfec4-01ec-4e84-80b5-cb325d670571,600,24,624
02c06589-a647-4dd8-811d-afad8b2c7191,9e56e04d-0188-40ad-af1a-57ca2a3831b1,2023-08-03 07:31:00,399dfec4-01ec-4e84-80b5-cb325d670571,400,16,416
192676fe-13fc-4b6a-89f0-66401d79cdca,5b02ecdc-5f45-4f12-ba3a-c3c7771c27ca,2023-08-03 11:47:00,399dfec4-01ec-4e84-80b5-cb325d670571,3600,144,3744
d58c328a-328b-4d25-9a2a-40bdfb382496,aa148367-0783-4df7-86ab-187e074f6b1e,2023-08-03 09:49:00,399dfec4-01ec-4e84-80b5-cb325d670571,4700,188,4888
6a814cd7-d502-4b58-a5d6-ac9c6f3bedf5,8c84dcd6-b688-4626-9015-e867dc2f3b84,2023-08-03 10:21:00,399dfec4-01ec-4e84-80b5-cb325d670571,700,28,728
5024b5c1-73cb-4e43-864e-3dc61c7b2cdd,04118228-dc07-47b3-aa7d-8af1dd2612fc,2023-08-03 09:34:00,399dfec4-01ec-4e84-80b5-cb325d670571,500,20,520
5d477f25-35a7-4ee5-9538-631bd80535b7,c80f7422-fd62-4bf9-aa1f-e01de5afd158,2023-08-03 12:44:00,399dfec4-01ec-4e84-80b5-cb325d670571,600,24,624
cb644c9d-dfb3-48e8-836e-67f5583b86e7,62535265-3e0d-4546-bd87-83f41ff4ab86,2023-08-03 09:37:00,399dfec4-01ec-4e84-80b5-cb325d670571,2600,104,2704
3c0759f8-bacd-4a03-b239-99f3a6fee77a,094321f3-e548-41d6-aaf0-6a757154ce2a,2023-08-03 14:41:00,399dfec4-01ec-4e84-80b5-cb325d670571,1800,72,1872
fb9b5454-535d-4dbd-afcb-b3ac991c037a,e6f54082-ac4d-47e8-ac20-39c78a44cf2f,2023-08-03 08:36:00,399dfec4-01ec-4e84-80b5-cb325d670571,1800,72,1872
2976ede6-a53c-45af-9644-5b72350673f9,2592a05c-b816-4d42-9094-6c4cc1233fb8,2023-08-03 16:44:00,399dfec4-01ec-4e84-80b5-cb325d670571,600,24,624
293cc3a2-b0f9-4a7e-b19b-c9a1abd22791,1d2bee3a-184a-4cb2-80b3-1dce38b22d22,2023-08-03 08:42:00,399dfec4-01ec-4e84-80b5-cb325d670571,600,24,624
74c2e5eb-66b4-421f-8b12-2eb1ea0d4387,260a02f0-ba27-48e5-b585-ad95614b3ac9,2023-08-03 13:23:00,399dfec4-01ec-4e84-80b5-cb325d670571,1200,48,1248
6ca6020d-d91b-4611-a583-16ab189a24ad,0d254581-4e34-49a1-8bc2-6664080e7c63,2023-08-03 12:56:00,399dfec4-01ec-4e84-80b5-cb325d670571,2300,92,2392
ebb20fab-d87a-4ca9-aad1-e75a0b7c29ff,b531b498-2a6e-4860-986c-f8afddc6cdae,2023-08-03 08:36:00,399dfec4-01ec-4e84-80b5-cb325d670571,2600,104,2704
d2473a09-57d0-4560-b8f6-732ec3c7861a,bed25d79-2540-4845-bba9-bf545aa212d5,2023-08-03 08:24:00,399dfec4-01ec-4e84-80b5-cb325d670571,400,16,416
7d2bc38d-c1b9-4756-930f-b3a53bf57994,d48b8bc6-6b9c-4ea5-ba1f-178d499d6e3c,2023-08-03 08:26:00,399dfec4-01ec-4e84-80b5-cb325d670571,600,24,624
9003646c-bb51-4598-9d41-2b5605bb2f14,1a397e98-a315-410a-a7b9-84e908831ab2,2023-08-03 13:45:00,399dfec4-01ec-4e84-80b5-cb325d670571,1700,68,1768
eef4ad2b-261e-4e44-9ef7-4d4ccfe2d857,c806e9ec-86a1-49ff-bccd-d1b29cb94e49,2023-08-03 12:20:00,399dfec4-01ec-4e84-80b5-cb325d670571,600,24,624
4b6b06be-3a13-44df-99c7-0656102d3bf3,113856d3-99ee-41a6-b3f6-e3a0f903c8ab,2023-08-03 12:31:00,399dfec4-01ec-4e84-80b5-cb325d670571,500,20,520
07927312-5e7f-4b51-a5b1-fe5354bc0871,42edd54e-81f6-441b-8544-03202ee1758b,2023-08-03 07:23:00,399dfec4-01ec-4e84-80b5-cb325d670571,700,28,728
a1dfe49d-f727-41fc-834c-e08ed14ef727,27d02c94-a3b6-42e8-9008-fa7ce7a0733b,2023-08-03 16:21:00,399dfec4-01ec-4e84-80b5-cb325d670571,1100,44,1144
30e87da8-33df-4b58-9e66-a9c671b7583a,bd71fb03-b338-4c1f-a560-f9b491c9b18b,2023-08-03 08:54:00,399dfec4-01ec-4e84-80b5-cb325d670571,500,20,520
fa9bdeba-1780-419a-80c5-32575dcd3ff8,8eaa6afd-6912-40d4-89a5-25edd3277057,2023-08-03 07:36:00,399dfec4-01ec-4e84-80b5-cb325d670571,600,24,624
c07f704e-a24a-4ea8-b2b5-1e55ec8c4820,da1f4cec-6a00-4809-9474-e6f12290b50a,2023-08-03 07:19:00,399dfec4-01ec-4e84-80b5-cb325d670571,700,28,728
e94c2658-2450-43cf-a6a4-2f8eda97a363,c30e2f33-d889-44eb-966b-5d322f423144,2023-08-03 09:39:00,399dfec4-01ec-4e84-80b5-cb325d670571,1900,76,1976
dd0c09f5-d903-44c4-a7f8-9138bd416b1d,d2bca176-3811-48af-8634-7e79b1e71005,2023-08-03 08:04:00,399dfec4-01ec-4e84-80b5-cb325d670571,400,16,416
51b1bfd1-099c-4990-b733-2ad9384cead3,aa619249-0107-432a-b657-1cd8066c6cf1,2023-08-03 08:15:00,399dfec4-01ec-4e84-80b5-cb325d670571,600,24,624
63dbfce2-ad4c-402c-8b81-ef6ab3c3dea5,8a30d95d-a13d-4ac7-94bd-492255495aa0,2023-08-03 07:32:00,399dfec4-01ec-4e84-80b5-cb325d670571,700,28,728
2b226b71-e4cb-42d4-992f-577ae0269fe9,e8433fb9-0159-4aab-891c-4ccd4936cda3,2023-08-03 15:09:00,399dfec4-01ec-4e84-80b5-cb325d670571,600,24,624
e4555d99-29b1-420e-afa5-7600dc7cd3a6,32493412-a54d-44b7-be0f-be74f4848984,2023-08-03 11:11:00,399dfec4-01ec-4e84-80b5-cb325d670571,700,28,728
2a203d80-7a96-450a-94e2-61f25addd73d,c2122736-645f-4e2c-8798-f50a038cd3ac,2023-08-03 08:10:00,399dfec4-01ec-4e84-80b5-cb325d670571,600,24,624
2a9a8ade-0451-4a0c-bfcd-0f24f7f39e79,80ca21f8-93e5-495d-bb56-054227484bee,2023-08-03 07:17:00,399dfec4-01ec-4e84-80b5-cb325d670571,500,20,520
b1a56070-326c-4d90-b9f0-cda3fa2ef405,2ac5af80-e8de-4e6b-bf57-7946a6ffa134,2023-08-03 13:12:00,399dfec4-01ec-4e84-80b5-cb325d670571,900,36,936
c309ae27-a135-45d0-b446-182cc1a305ad,02d95fd6-1019-4486-b901-bb53f5b8a321,2023-08-03 08:53:00,399dfec4-01ec-4e84-80b5-cb325d670571,600,24,624
caa6ea69-98ab-456a-bb77-00567f258647,bfc3820c-66de-4a51-910b-4ddc3d9ccc64,2023-08-03 19:51:00,399dfec4-01ec-4e84-80b5-cb325d670571,2000,80,2080
2c128ad8-1a2a-4fe6-8e0d-647508bd80bb,f562c197-2120-4bc3-ad48-f86f3af31d93,2023-08-03 09:10:00,399dfec4-01ec-4e84-80b5-cb325d670571,600,24,624
1b6ce031-1cd0-4522-91e7-46a2fbc7569f,9d5d41c1-38c8-4da6-9be9-23487ec0ea78,2023-08-03 11:21:00,399dfec4-01ec-4e84-80b5-cb325d670571,600,24,624
4c3aefed-db8c-4cee-9b4d-04da85f26637,0e83b29c-870a-4a62-a84b-e7db2a461c34,2023-08-03 10:53:00,399dfec4-01ec-4e84-80b5-cb325d670571,600,24,624
473a5b94-4f71-4239-8ed3-23a7edddc4d1,4e2f586d-21cc-44d0-8ba0-0ab553f89593,2023-08-03 07:03:00,399dfec4-01ec-4e84-80b5-cb325d670571,400,16,416
08d51d00-43e7-42d6-bcd2-0315de220458,8e38740b-b208-41d8-842e-1d3adbc0061f,2023-08-03 14:50:00,399dfec4-01ec-4e84-80b5-cb325d670571,1700,68,1768
3c7311c7-564d-45de-9e47-65239b3114bc,6fe3333d-6a89-4f8d-8dc0-da6859f4e921,2023-08-03 14:31:00,399dfec4-01ec-4e84-80b5-cb325d670571,600,24,624
e4da4843-de98-4392-98cf-dbe450bffea0,c1bf2415-c749-4874-b0ba-09b667d1e1c7,2023-08-03 15:27:00,399dfec4-01ec-4e84-80b5-cb325d670571,400,16,416
d85b6c76-a9d2-487a-b806-f2ce83009dc3,f9617f0b-4e19-49f8-a48b-8195da86f70c,2023-08-03 17:20:00,399dfec4-01ec-4e84-80b5-cb325d670571,1800,72,1872
3ae8d873-d949-46a1-b50a-57959cdec75a,35c48889-9128-49d3-8202-144e3434c195,2023-08-03 08:03:00,399dfec4-01ec-4e84-80b5-cb325d670571,700,28,728
7c8d421a-fc45-4f06-aaa4-5816f9003fe8,5a7695c2-a2b0-4fa9-b900-f13d94db2390,2023-08-03 14:28:00,399dfec4-01ec-4e84-80b5-cb325d670571,600,24,624
a3184e2f-92c9-4075-9461-6e6569baba13,66356bfc-72ef-4d2c-bc16-577d3a57383a,2023-08-03 10:24:00,399dfec4-01ec-4e84-80b5-cb325d670571,500,20,520
1b65ec42-bd56-443b-8fc0-67bebe35e0c5,337caee2-578d-4ff8-8415-bdd171629624,2023-08-03 07:28:00,399dfec4-01ec-4e84-80b5-cb325d670571,600,24,624
0e42ac83-51dc-4cd7-a7fd-492b2f267a25,df7ab85e-a71c-404b-a801-79763e8311d0,2023-08-03 08:52:00,399dfec4-01ec-4e84-80b5-cb325d670571,500,20,520
ad1f872a-07ff-4ca3-9334-f6757aaf350f,56523397-5a78-44eb-8c6e-4f63400a088e,2023-08-03 07:50:00,399dfec4-01ec-4e84-80b5-cb325d670571,500,20,520
34adf184-18ed-4f67-b244-a63f1db784e5,191e694f-4bc9-4786-b0b6-1198fbb81cf2,2023-08-03 12:59:00,399dfec4-01ec-4e84-80b5-cb325d670571,400,16,416
5e862241-5b22-4083-b650-b1751f588637,e9a08355-9bf4-4d1e-8360-23a480b06bd9,2023-08-03 10:22:00,399dfec4-01ec-4e84-80b5-cb325d670571,400,16,416
ce37622f-2977-4efb-87b9-b9950ceee5ec,b9892ed8-d7b1-4b54-8ca3-f2eff400a3a2,2023-08-03 07:09:00,399dfec4-01ec-4e84-80b5-cb325d670571,400,16,416
16723dba-554c-4d14-8395-11689890149f,629f5d40-70a3-46cc-aa4e-e07f822098ad,2023-08-03 08:48:00,399dfec4-01ec-4e84-80b5-cb325d670571,500,20,520
d5d306c3-f07d-4b8e-9b87-9fc03b091dc5,01ad5e63-5943-467e-a1d9-f9658ba260eb,2023-08-03 07:48:00,399dfec4-01ec-4e84-80b5-cb325d670571,600,24,624
63ada882-ada6-4b06-b4f9-b3a8c5550de9,3ba017e1-3de6-4cf0-986b-4e215573508b,2023-08-03 15:22:00,399dfec4-01ec-4e84-80b5-cb325d670571,600,24,624
c2f359e3-856b-40e1-a740-2f382b4c0b10,d787287a-9b36-46ee-8c9a-3425302d81bc,2023-08-03 08:09:00,399dfec4-01ec-4e84-80b5-cb325d670571,600,24,624
bfcd5e47-af76-4cd2-b286-7c7cefaebfbb,f8fa33a8-b390-4666-87a1-cebd987d2dee,2023-08-03 08:09:00,399dfec4-01ec-4e84-80b5-cb325d670571,600,24,624
3f727bbc-55af-4e26-b387-d1a36dd7bc53,fab0de85-1e9d-4a30-abed-e99da282f7a9,2023-08-03 12:13:00,399dfec4-01ec-4e84-80b5-cb325d670571,1800,72,1872
57b56562-7a60-47f7-bd3d-8923f456cda5,e1e9b8c7-d134-4c0b-bcaa-e9fe90851348,2023-08-03 11:07:00,399dfec4-01ec-4e84-80b5-cb325d670571,3400,136,3536
1ba5bf2e-ffa5-4042-8aa0-d8f15cae709e,fe5970a8-ffd4-4560-8321-418435f93f1d,2023-08-03 07:11:00,399dfec4-01ec-4e84-80b5-cb325d670571,600,24,624
ee38d29f-eb1b-4fc2-9975-c38140ce7573,175b56d1-f0a1-4312-80d4-933a026c0757,2023-08-03 07:52:00,399dfec4-01ec-4e84-80b5-cb325d670571,700,28,728
c608b364-0259-4ff1-91ff-ce5141a6028a,393e344b-01f0-4b0f-8532-6a69f5448868,2023-08-03 07:50:00,399dfec4-01ec-4e84-80b5-cb325d670571,400,16,416
98985b4d-5c55-44ea-a8ea-2ff400b04d7e,f7e7396b-020c-4ce3-876c-1598ff603f5c,2023-08-03 17:01:00,399dfec4-01ec-4e84-80b5-cb325d670571,500,20,520
4531cf5f-f56c-4573-9c6f-dcf95a507d5e,88d6b3c9-5501-4dcc-8870-88d2b5a7d2b7,2023-08-03 08:32:00,399dfec4-01ec-4e84-80b5-cb325d670571,400,16,416
6ccf859d-dc6d-4922-b9c5-1dde58c83bb1,c60b2684-3387-4c5b-9304-ce101427a10e,2023-08-03 08:03:00,399dfec4-01ec-4e84-80b5-cb325d670571,500,20,520
6db126fd-ed7e-446f-886b-00471cf40b24,bbd4a2a1-6d78-49be-847b-042067ac5461,2023-08-03 12:27:00,399dfec4-01ec-4e84-80b5-cb325d670571,1800,72,1872
64d84430-90ca-46a1-84bf-ca1cdfce46fe,6ebef4bf-63b8-4e88-a3ee-5371e37ad7d2,2023-08-03 09:18:00,399dfec4-01ec-4e84-80b5-cb325d670571,500,20,520
4f494893-9003-415b-8ff0-4e45cf219cf3,49f333a5-ceed-47fa-bb47-d3312f0c3caf,2023-08-03 15:58:00,399dfec4-01ec-4e84-80b5-cb325d670571,1100,44,1144
faa1b949-4ee5-49d5-bb9e-6b58f4262f70,49c762bb-3c37-4b70-89e7-915b46aea67e,2023-08-03 13:39:00,399dfec4-01ec-4e84-80b5-cb325d670571,600,24,624
0b0c454a-b73f-4f3f-a0f2-4596235f526c,82490db6-c9bd-4a9c-a119-f07fbf6a46b5,2023-08-03 07:19:00,399dfec4-01ec-4e84-80b5-cb325d670571,500,20,520
fa4c573d-8dea-4252-804c-a186c6400d78,6be14bf4-3d0e-4952-bf65-4c65a84d6317,2023-08-03 07:56:00,399dfec4-01ec-4e84-80b5-cb325d670571,700,28,728
38679714-ca33-427f-9706-f4001fc0ffe0,c1b18263-70bc-4b00-99a6-4f17212b6651,2023-08-03 15:02:00,399dfec4-01ec-4e84-80b5-cb325d670571,1100,44,1144
47b9b6e2-9b1b-49a7-8ae4-72026610a2e4,638b7677-d131-4292-886e-bf9c8d6b99ba,2023-08-03 08:56:00,399dfec4-01ec-4e84-80b5-cb325d670571,700,28,728
2d19ac6b-485e-4055-8640-3d4ad16ed531,9aadacf8-7794-44fd-a9d6-9841d4462262,2023-08-03 10:10:00,399dfec4-01ec-4e84-80b5-cb325d670571,500,20,520
596b82c1-f77b-4b2d-bf29-64237c06df48,3dfec5a1-2732-414d-82de-29395c432266,2023-08-03 08:08:00,399dfec4-01ec-4e84-80b5-cb325d670571,700,28,728
8e6d4237-0988-47f0-9c8c-4a4c466a1175,d4b10640-7bc3-4058-80e9-f6ec9935faa6,2023-08-03 12:23:00,399dfec4-01ec-4e84-80b5-cb325d670571,500,20,520
174a8909-f920-4fe4-a575-f14396892a80,b741bbdf-2063-4577-a506-c8982e3a0323,2023-08-03 07:43:00,399dfec4-01ec-4e84-80b5-cb325d670571,400,16,416
11329263-a10c-45f0-a78d-f5940629ab71,47712520-fdeb-4483-bc9c-cbd3d715ddd0,2023-08-03 11:26:00,399dfec4-01ec-4e84-80b5-cb325d670571,700,28,728
417744d8-480b-4b40-afcf-0a78d8833673,3e144863-036b-4f7e-8ab5-d3d4a50195f7,2023-08-03 15:31:00,399dfec4-01ec-4e84-80b5-cb325d670571,900,36,936
509d545c-f420-4c1b-ade6-66f87a29f0b0,3c6cf4c6-49bc-4e6c-901f-ebf9af01ee6c,2023-08-03 15:58:00,399dfec4-01ec-4e84-80b5-cb325d670571,1000,40,1040
283b753f-7880-4659-b2c2-e5bc2438ab2b,efd0fccf-5287-4ba1-83d3-390d49c76861,2023-08-03 12:28:00,399dfec4-01ec-4e84-80b5-cb325d670571,600,24,624
a196a126-bcae-48ee-b085-356e44acf631,37bd0e89-13c9-413d-bad1-249eebfd1bd3,2023-08-03 12:40:00,399dfec4-01ec-4e84-80b5-cb325d670571,700,28,728
e12f8290-b7dc-466a-8c34-e0790402fb07,bb9d7ade-1359-411a-b0e7-e27c37588d1c,2023-08-03 08:02:00,399dfec4-01ec-4e84-80b5-cb325d670571,700,28,728
d4989e91-34ca-42ca-a21f-1195b0ee46b3,90c4aa98-bd75-46e4-b7ee-0d5e3c7d7e57,2023-08-03 12:00:00,399dfec4-01ec-4e84-80b5-cb325d670571,600,24,624
ca7f2f77-ba4e-446b-ab03-085b02b54a5f,a357ce93-5d89-46aa-a14e-af795d356c1f,2023-08-03 10:50:00,399dfec4-01ec-4e84-80b5-cb325d670571,500,20,520
3666e646-f8a2-44b3-a1ea-30c0d5fdbb0d,419d1cd0-c9ee-4c57-9ce9-f01e6a0c4637,2023-08-03 07:00:00,399dfec4-01ec-4e84-80b5-cb325d670571,700,28,728
b1638b0f-5710-4249-9ccc-c29797652641,094b3055-b2cc-40f4-beaa-4b479baede47,2023-08-03 11:14:00,399dfec4-01ec-4e84-80b5-cb325d670571,1800,72,1872
b170e69c-6b0e-47a9-9473-3f5c1631f6f7,9350c210-10a7-4b2f-ba74-5f52c9f4319b,2023-08-03 18:22:00,399dfec4-01ec-4e84-80b5-cb325d670571,1800,72,1872
9e4b644e-9826-4dff-8a30-14e211580efd,2e115436-fac0-48c1-8088-4a199e32aeb8,2023-08-03 08:36:00,399dfec4-01ec-4e84-80b5-cb325d670571,500,20,520
696afc1e-e8d4-456b-9ab6-5561790e4e1f,b5cf197e-940c-48e2-b168-b2b93b207616,2023-08-03 10:14:00,399dfec4-01ec-4e84-80b5-cb325d670571,2400,96,2496
7e1602ef-e55f-479f-b908-f7c7fb157fc2,0be01822-b3ad-436b-8a28-31a7c0cca801,2023-08-03 09:03:00,399dfec4-01ec-4e84-80b5-cb325d670571,1800,72,1872
eacf4378-9406-4ddb-bcd9-02194ce556c4,c0f66bfa-64b7-407a-bdba-c8e6d01367c8,2023-08-03 09:37:00,399dfec4-01ec-4e84-80b5-cb325d670571,500,20,520
5138f0c2-3470-4180-b840-97f9121ee23d,66c7df80-d945-468b-91db-2a2e7f5333f9,2023-08-03 10:43:00,399dfec4-01ec-4e84-80b5-cb325d670571,1700,68,1768
6e5bfce6-745f-4596-9ad4-3c028f7fa5b2,1cf7c15b-9c7e-4885-9240-b1459da8b9d3,2023-08-03 15:48:00,399dfec4-01ec-4e84-80b5-cb325d670571,500,20,520
29fb225b-4f27-465b-b8b5-28059e5da35b,60a8ecd6-8c8f-4548-a548-223aa3c4717f,2023-08-03 07:56:00,399dfec4-01ec-4e84-80b5-cb325d670571,400,16,416
076e2a6c-ae97-4b9f-9c1f-dae492e04676,9f087b1a-7a86-434b-8ca0-08a841b45429,2023-08-03 08:18:00,399dfec4-01ec-4e84-80b5-cb325d670571,600,24,624
762156b2-428e-484b-b719-cb9fc73cde98,6fadd350-0f6a-4d1d-bedc-1227fa69f959,2023-08-03 07:51:00,399dfec4-01ec-4e84-80b5-cb325d670571,400,16,416
4c5df228-f9d1-4b71-89e2-5337c2b7758f,733bc17a-6b25-4b2f-9d45-bfe808dc93c0,2023-08-03 13:08:00,399dfec4-01ec-4e84-80b5-cb325d670571,600,24,624
ef903b76-6599-4ced-a656-6fc941210459,077821b6-ff2d-4be0-867b-392285ef7f66,2023-08-03 15:31:00,399dfec4-01ec-4e84-80b5-cb325d670571,1000,40,1040
be44cab5-5090-48af-aef1-764a1de397f4,21b796ce-f7e3-447f-b2fc-b7ab9e3f0d85,2023-08-03 10:39:00,399dfec4-01ec-4e84-80b5-cb325d670571,1000,40,1040
35411245-f74f-4992-83a7-3723fca900bf,5e65c6d6-a81f-4cee-b034-51aa45e41b4e,2023-08-03 08:15:00,399dfec4-01ec-4e84-80b5-cb325d670571,500,20,520
7813fee5-ab21-42bd-86cb-f98f38c89081,b1cabaa2-6a94-4142-a4be-2bf09e3bb6b2,2023-08-03 12:29:00,399dfec4-01ec-4e84-80b5-cb325d670571,700,28,728
4ce15154-66cf-4346-9d02-b3638324446b,648d484a-86f7-432d-ae8b-dcf99cc85b67,2023-08-03 10:13:00,399dfec4-01ec-4e84-80b5-cb325d670571,600,24,624
3fe05ff3-bce5-4a57-9304-aeebe66a949b,e4c49a66-027e-4b84-b22c-e8d611b19dc2,2023-08-03 10:01:00,399dfec4-01ec-4e84-80b5-cb325d670571,600,24,624
fe6f43d9-ba60-4377-b2c5-dc1ef8ef137e,408711a0-3260-472a-86c1-07325f01dad7,2023-08-03 12:05:00,399dfec4-01ec-4e84-80b5-cb325d670571,2300,92,2392
c49aa254-62ca-4f79-a978-ed81f836bd96,749e2083-d8e9-4bad-aa5b-548cf20a6c12,2023-08-03 11:30:00,399dfec4-01ec-4e84-80b5-cb325d670571,900,36,936
cd0a2a34-c558-4362-8417-dc875a3efe25,7ff9d476-6e5a-4127-b544-2e2d564cb581,2023-08-03 17:28:00,399dfec4-01ec-4e84-80b5-cb325d670571,1300,52,1352
3a5aedb3-f155-471f-9bf9-2af58b08a500,06428c6a-1380-424a-b43e-4531141be890,2023-08-03 08:31:00,399dfec4-01ec-4e84-80b5-cb325d670571,500,20,520
ab3afb51-ce54-4937-b1e2-29b4682def38,347937b1-a1e4-465a-8806-694910b7f61d,2023-08-03 07:18:00,399dfec4-01ec-4e84-80b5-cb325d670571,600,24,624
97c06e73-e133-4027-bd69-438438d0e5f3,32074f1f-acff-4079-893d-b5ad4572a8c4,2023-08-03 11:15:00,399dfec4-01ec-4e84-80b5-cb325d670571,1700,68,1768
e30fa668-4a1e-4960-a0cf-a6da0b7c651d,16b577c9-c1e2-4734-82e4-ca1c0c0fa7c3,2023-08-03 13:30:00,399dfec4-01ec-4e84-80b5-cb325d670571,500,20,520
292eae18-3d99-4cb8-8428-fcb97e453a5a,2d58c862-6caf-4e9a-acfe-df194768718b,2023-08-03 16:14:00,399dfec4-01ec-4e84-80b5-cb325d670571,600,24,624
380f0c94-f15e-4bd8-a18a-8be51ebd9881,0b7b056b-c902-4224-87b7-f0310af14cd2,2023-08-03 07:47:00,399dfec4-01ec-4e84-80b5-cb325d670571,700,28,728
cfd0fc60-853d-4296-bec7-fb38b4d0f439,49d45173-97fb-46fa-b7ab-351eade2898d,2023-08-03 07:48:00,399dfec4-01ec-4e84-80b5-cb325d670571,500,20,520
225183a5-b686-4ccc-ba57-9437620d0cb5,7e04fe6b-5f22-46bc-b418-22d60ac811c0,2023-08-03 08:34:00,399dfec4-01ec-4e84-80b5-cb325d670571,400,16,416
02b5d5ca-bcf7-42a6-8afc-c2e2fc6e2bca,e86c5af2-7ab5-4de1-a956-c30109f40f15,2023-08-03 11:59:00,399dfec4-01ec-4e84-80b5-cb325d670571,600,24,624
4a1fdd56-7993-44ae-9ce5-b84aef79685f,996a6380-67cd-421a-8260-817f6575b769,2023-08-03 07:43:00,399dfec4-01ec-4e84-80b5-cb325d670571,500,20,520
6aa40abd-f924-4a73-ad8b-d39fa76f88d2,130e18e8-70ab-44f4-8e32-4df8ec29ff4b,2023-08-03 11:21:00,399dfec4-01ec-4e84-80b5-cb325d670571,1500,60,1560
902ddbbd-d276-455c-8c98-c4bdbb1ec263,254bfb81-7794-44ad-ad06-d37904bf0e24,2023-08-03 11:32:00,399dfec4-01ec-4e84-80b5-cb325d670571,400,16,416
98d2f2f4-d4ce-44ac-9178-bf7c13fe9bda,b255511e-5860-44d3-9bc8-07434bb0377c,2023-08-03 07:13:00,399dfec4-01ec-4e84-80b5-cb325d670571,600,24,624
e487d968-8435-431e-adb9-b312fa5eda69,a666a8c8-399f-42cc-9765-05db56159a3b,2023-08-03 17:31:00,399dfec4-01ec-4e84-80b5-cb325d670571,1800,72,1872
9dd13f71-1f93-416a-8904-12230ea07bc0,a4bba0f7-6122-4743-ac59-f8ba8c5a721a,2023-08-03 12:23:00,399dfec4-01ec-4e84-80b5-cb325d670571,3500,140,3640
b9d5c3ca-445d-4d09-94ec-33d281fbff04,0b8d755b-5279-44f7-bac8-81c2738b1111,2023-08-03 07:09:00,399dfec4-01ec-4e84-80b5-cb325d670571,600,24,624
f4ba7895-eba0-48e5-968d-8d8aba1c9cea,58ce6298-8492-452a-9f99-a55d99e454e4,2023-08-03 08:35:00,399dfec4-01ec-4e84-80b5-cb325d670571,700,28,728
91e4f055-a612-4234-a176-45f6bd602057,df13ac1c-3ad8-4ead-af33-b27d83bb34c0,2023-08-03 16:51:00,399dfec4-01ec-4e84-80b5-cb325d670571,500,20,520
43cd96f1-e930-408c-b175-26f67831ddf9,79119db4-69f9-449e-8ce8-a993232bd6f6,2023-08-03 11:07:00,399dfec4-01ec-4e84-80b5-cb325d670571,1800,72,1872
84b4860c-945f-4972-8eb8-77dadb9fe3b9,b04d849b-94c4-43b6-86ed-cf26dbe24ee8,2023-08-03 08:35:00,399dfec4-01ec-4e84-80b5-cb325d670571,400,16,416
6e3e1210-e9ab-456d-beb2-e9696492f612,2ae61282-d749-4519-ba0e-6c7e550c7eab,2023-08-03 12:21:00,399dfec4-01ec-4e84-80b5-cb325d670571,1900,76,1976
50435d33-976f-40d8-a648-5aeddd269d60,800e0e83-395f-4b3b-9632-78c5071b6fd6,2023-08-03 10:31:00,399dfec4-01ec-4e84-80b5-cb325d670571,1000,40,1040
f0cf2aa5-7dff-4957-8d74-f1e99ae753b1,e0bed291-1c5f-4aa1-aa2d-c171134f4e2a,2023-08-03 13:23:00,399dfec4-01ec-4e84-80b5-cb325d670571,1200,48,1248
3445cac7-e46f-41d2-9ffe-8ac5d92586d4,00fe0742-ca1a-462a-ab05-2297bc4cded9,2023-08-03 14:01:00,399dfec4-01ec-4e84-80b5-cb325d670571,500,20,520
393669c9-5a38-434e-8a48-660384568593,6c4f79c1-c913-4599-a82a-bc6283855909,2023-08-03 07:52:00,399dfec4-01ec-4e84-80b5-cb325d670571,400,16,416
320f7fba-0c71-444a-949c-6b6a603d3831,86e797b8-17cd-4741-b470-d0aa63b5de45,2023-08-03 10:04:00,399dfec4-01ec-4e84-80b5-cb325d670571,1600,64,1664
23f06a03-3c31-478a-9c75-2fd03ca9786e,80305b45-2835-4e06-87ca-f95cf5004a8e,2023-08-03 14:15:00,399dfec4-01ec-4e84-80b5-cb325d670571,600,24,624
f7404fea-b03c-4ba3-bb9c-dafd549ebebe,28c5e573-dbe9-49da-baa8-11eafd9e1473,2023-08-03 07:36:00,399dfec4-01ec-4e84-80b5-cb325d670571,600,24,624
490d206e-f979-4a42-8585-de57918af58a,87bfb92d-66c8-4568-ad61-e0ae0730e8d0,2023-08-03 07:24:00,399dfec4-01ec-4e84-80b5-cb325d670571,600,24,624
75145fd1-5b89-4d8e-9663-52ca303fafcc,a1c6677f-446b-4940-8c40-8e018a7ca815,2023-08-03 12:13:00,399dfec4-01ec-4e84-80b5-cb325d670571,700,28,728
21f2a43c-4639-4449-9bbe-ba6b53d99f2a,5252229c-8816-4cc0-9061-86b844313715,2023-08-03 08:14:00,399dfec4-01ec-4e84-80b5-cb325d670571,600,24,624
bd36b3db-6621-4882-ab44-12ce984fdfee,c9b3df80-8e43-45a7-87e5-7c1202671a86,2023-08-03 07:38:00,399dfec4-01ec-4e84-80b5-cb325d670571,400,16,416
7b7f845a-e470-460d-bf47-8bd8b7c02188,a17cdf1c-0c24-4309-8248-906a4e24c1ed,2023-08-03 16:00:00,399dfec4-01ec-4e84-80b5-cb325d670571,400,16,416
405a42cc-8b1e-444c-b2eb-45b63843c147,c7a05487-ec6d-4cef-ae2f-eb45fb5695f9,2023-08-03 13:15:00,399dfec4-01ec-4e84-80b5-cb325d670571,2200,88,2288
0d256457-ad32-4e3a-8228-fe012731ea66,6de0fa39-0254-45be-b7c2-a0e59eead219,2023-08-03 08:29:00,399dfec4-01ec-4e84-80b5-cb325d670571,700,28,728
2b54bc27-999a-466c-8355-04225d9c2d78,738675f7-5520-40c8-9a5c-cc66d9fd338c,2023-08-03 13:32:00,399dfec4-01ec-4e84-80b5-cb325d670571,2400,96,2496
0eb0808f-7f74-429f-a394-921f845ad215,d24e9271-8085-46c5-93e2-744d394a96ce,2023-08-03 08:24:00,399dfec4-01ec-4e84-80b5-cb325d670571,600,24,624
8c1b3af7-3138-43bb-ad7e-4ae3112f259a,80eb4e1f-be85-4e2d-901d-63851a086877,2023-08-03 07:18:00,399dfec4-01ec-4e84-80b5-cb325d670571,700,28,728
b6bec2bf-2380-4a0c-b6ab-75410b5782c6,93137d6e-3e68-4f5e-81a4-716212bcb9a9,2023-08-03 07:04:00,399dfec4-01ec-4e84-80b5-cb325d670571,600,24,624
5f029371-4961-4ee2-9a6a-1abad6a389b8,76c96bb4-46b4-420a-9014-633d4fa008ce,2023-08-03 10:04:00,399dfec4-01ec-4e84-80b5-cb325d670571,400,16,416
823ae6d0-6623-446f-907b-8cb61a28c723,38812f12-33f2-493c-860e-166ea6f08176,2023-08-03 07:47:00,399dfec4-01ec-4e84-80b5-cb325d670571,400,16,416
ed4d2588-2b6c-4f27-9b16-2e16372382fc,6160656f-db8b-4a17-8c32-1b69f0546f58,2023-08-03 07:45:00,399dfec4-01ec-4e84-80b5-cb325d670571,400,16,416
b8d9dcf2-8e05-4db6-8dd4-fa1c8ad24c93,e1b1bfdd-31de-442a-b9b4-d9afc8a9b68a,2023-08-03 10:42:00,399dfec4-01ec-4e84-80b5-cb325d670571,400,16,416
c0fa0138-9522-4645-8dda-cbf2654f31a3,666f2378-13e2-4fd0-ac37-36749cb0a391,2023-08-03 10:22:00,399dfec4-01ec-4e84-80b5-cb325d670571,500,20,520
420e84cd-4c3e-4306-99f3-7deba8dd88cd,59cbf0dc-0b3a-4388-855e-5bd669cbf70f,2023-08-03 07:55:00,399dfec4-01ec-4e84-80b5-cb325d670571,400,16,416
a9a7c3b6-4061-47d3-956a-110626ce3b07,82a6aee8-f1af-4310-ab80-7b40a6812f97,2023-08-03 08:07:00,399dfec4-01ec-4e84-80b5-cb325d670571,500,20,520
a70cd189-96da-4e4f-b158-75bde0af9286,b4795940-db8c-426d-86de-443d77d52769,2023-08-03 08:07:00,399dfec4-01ec-4e84-80b5-cb325d670571,600,24,624
1aa14d98-67eb-4e57-9f8a-c833d6d65a23,352967a1-2643-437f-9078-5cab0677d6c9,2023-08-03 12:14:00,399dfec4-01ec-4e84-80b5-cb325d670571,1900,76,1976
469fc1a7-d0f0-4c01-9d81-6003199cbc23,c0ae5287-fc4d-4f95-9812-fb904bd70178,2023-08-03 08:12:00,399dfec4-01ec-4e84-80b5-cb325d670571,700,28,728
a2031cf0-d406-4d5d-8feb-c1285e9d737a,074c11c2-fd9a-4b0f-986f-bc7383f9b376,2023-08-03 14:39:00,399dfec4-01ec-4e84-80b5-cb325d670571,500,20,520
990eb082-1169-4ca7-b948-0551186fa90f,a49b4bb7-ff65-4e64-a8f7-d0b69f4dee4a,2023-08-03 08:14:00,399dfec4-01ec-4e84-80b5-cb325d670571,400,16,416
61c8241e-8a7d-457f-a1bf-a27239563acb,cca74689-b99d-4a88-80cc-7e00df041465,2023-08-03 08:13:00,399dfec4-01ec-4e84-80b5-cb325d670571,600,24,624
5dda0ea3-ad76-4d0f-a7c6-e5307ff18069,00f745c8-1adc-4d55-8ddf-95a61af4ad4f,2023-08-03 18:21:00,399dfec4-01ec-4e84-80b5-cb325d670571,1200,48,1248
4831dcbc-4c49-4b02-8cfa-b53635260b33,2a9f7a07-e7b2-4ca6-a1ae-7769638025f5,2023-08-03 08:30:00,399dfec4-01ec-4e84-80b5-cb325d670571,600,24,624
e4e57a94-c2fa-4e65-9744-e22e1f6b175b,13b0c9ce-53dc-4c0f-8f07-e25191ae7e9e,2023-08-03 16:43:00,399dfec4-01ec-4e84-80b5-cb325d670571,400,16,416
f483b56d-55b7-41d1-b7ae-d0d8fc829f16,56e90f70-5a07-4dd8-bd80-329d6cd71beb,2023-08-03 07:57:00,399dfec4-01ec-4e84-80b5-cb325d670571,600,24,624
a05e2f15-4dd0-47ee-92d0-f4714cea83b0,e7720da8-4896-4ddf-bef1-2ab577ebe12a,2023-08-03 08:01:00,399dfec4-01ec-4e84-80b5-cb325d670571,500,20,520
c524ebee-aad0-4e3c-86d5-4680a0dfb1c6,7a7bd01a-8a8c-4d07-8806-125db5b3f93d,2023-08-03 11:11:00,399dfec4-01ec-4e84-80b5-cb325d670571,700,28,728
ccdf7e66-2f44-4af4-a8db-dee76fca8a1d,79bd7f32-cd59-4ff4-8cdd-fc7c0d35a24c,2023-08-03 07:57:00,399dfec4-01ec-4e84-80b5-cb325d670571,600,24,624
2b4a8849-2b5b-4e19-adc4-a568692da127,6c567f96-afe7-4c61-9eb4-ae11aa33af50,2023-08-03 09:19:00,399dfec4-01ec-4e84-80b5-cb325d670571,500,20,520
a477944c-78f9-441f-9720-1029c950269c,b6135829-98b1-474f-8e0f-c05749688ddc,2023-08-03 11:19:00,399dfec4-01ec-4e84-80b5-cb325d670571,600,24,624
fbf4a4d0-d7b8-4ec5-b0b7-74dabf0c3911,a64e639a-0cc0-475b-a94e-d09fde41e930,2023-08-03 17:04:00,399dfec4-01ec-4e84-80b5-cb325d670571,1000,40,1040
3c9fc5c9-aff5-42d7-82ba-a52560dc2faf,cfb91507-0769-4ef6-910f-493cf5dee61d,2023-08-03 08:34:00,399dfec4-01ec-4e84-80b5-cb325d670571,500,20,520
390a1e5d-79d3-4d7c-a20f-512dee599c22,8087043b-2bf7-4128-b23b-491f8828ab94,2023-08-03 14:20:00,399dfec4-01ec-4e84-80b5-cb325d670571,600,24,624
3b20dbdc-bb90-4a93-b7bd-1caf9704d957,d3d911e6-991f-4a1c-9323-12711d554974,2023-08-03 10:42:00,399dfec4-01ec-4e84-80b5-cb325d670571,1600,64,1664
ca0b576a-a8ed-4738-a1c0-8f5fcf5c3509,ff9dbf4b-f83a-47df-8149-1d007473c13b,2023-08-03 08:25:00,399dfec4-01ec-4e84-80b5-cb325d670571,500,20,520
a2e6dbad-813f-4aa5-a3d2-802ac3053585,c49fc16b-3bf0-498a-b200-ab3b0a2d21fa,2023-08-03 08:03:00,399dfec4-01ec-4e84-80b5-cb325d670571,700,28,728
fb89f2b8-51c5-4a1f-8f64-03b41177fba7,49c08f3b-71bd-4a05-b692-45763689821a,2023-08-03 18:04:00,399dfec4-01ec-4e84-80b5-cb325d670571,700,28,728
0a165a63-97c5-48c9-8d27-90a40736918c,41ceeb72-6594-49c3-aef3-ed466bac5e5f,2023-08-03 11:54:00,399dfec4-01ec-4e84-80b5-cb325d670571,3500,140,3640
d4f22b9f-ee6a-4ff3-8411-27517325d6eb,485991f9-580a-4ca9-98c7-be55ed96ecb1,2023-08-03 11:56:00,399dfec4-01ec-4e84-80b5-cb325d670571,600,24,624
903dd7ca-ccd9-43d8-bd37-0af50971f414,6c531190-7a87-48c2-9340-eb99ffe43618,2023-08-03 07:22:00,399dfec4-01ec-4e84-80b5-cb325d670571,700,28,728
686b1f61-5ae8-4b7f-9f12-8262eb52a2cd,07601b5c-7ed9-4968-be5c-2cba1ac5e749,2023-08-03 10:08:00,399dfec4-01ec-4e84-80b5-cb325d670571,400,16,416
203cb1e0-1309-4a9a-a2ee-883ef2b5224a,656d2889-01cd-40e9-9a0a-d7161f75bdbb,2023-08-03 08:45:00,399dfec4-01ec-4e84-80b5-cb325d670571,500,20,520
1d3125c8-98e3-490e-aef8-56faf3c3ae34,5db741f4-0237-4a97-952f-4b4d8736d287,2023-08-03 10:26:00,399dfec4-01ec-4e84-80b5-cb325d670571,600,24,624
5151f037-ba21-4d5a-a63a-b8e7401617ef,34a667fc-5b95-4873-932b-017bc484fd30,2023-08-03 13:48:00,399dfec4-01ec-4e84-80b5-cb325d670571,1300,52,1352
de8e2e9b-0ef3-46cf-adbc-a2033b439d5e,f1db0d0d-94a9-4a4c-856c-121f927fa835,2023-08-03 11:40:00,399dfec4-01ec-4e84-80b5-cb325d670571,500,20,520
2e69fc5b-884e-4900-87e8-7b076b3ddd9c,c39f246c-acfc-44c0-95ec-8dd224592299,2023-08-03 11:58:00,399dfec4-01ec-4e84-80b5-cb325d670571,500,20,520
fd0c39f1-4638-4278-a5d7-0c7edffd1828,7a2aa575-93bb-4e07-b671-715ba4f6e845,2023-08-03 14:38:00,399dfec4-01ec-4e84-80b5-cb325d670571,1100,44,1144
33c6185e-8cb4-4fbe-a617-72d664b90d0e,18ced2bd-3551-425a-87e7-42722bffdd24,2023-08-03 09:03:00,399dfec4-01ec-4e84-80b5-cb325d670571,1300,52,1352
1208f526-9e16-4347-a3f7-125ecfdd390c,a5a7baae-427a-4692-aef7-16eb13b37793,2023-08-03 08:03:00,399dfec4-01ec-4e84-80b5-cb325d670571,600,24,624
dc1bb100-a851-44c7-9526-ecccbafee5b5,847aef98-7eed-484a-b834-f5777f38266f,2023-08-03 08:05:00,399dfec4-01ec-4e84-80b5-cb325d670571,400,16,416
c4e73301-4b67-4a4b-b05b-7237817cc25b,86f6bfbd-28b9-468f-80a0-7b3bd1a9db57,2023-08-03 08:03:00,399dfec4-01ec-4e84-80b5-cb325d670571,600,24,624
53ad06cd-7ee9-4aef-8904-7bdbe5cb06ec,bf08c871-984b-4bde-99ef-9b6558abd7af,2023-08-03 11:55:00,399dfec4-01ec-4e84-80b5-cb325d670571,400,16,416
3351a171-bab0-4eaa-94e0-790a85111ff2,fbaac559-7731-4dfe-8b40-bdd6f8010f67,2023-08-03 08:05:00,399dfec4-01ec-4e84-80b5-cb325d670571,400,16,416
a164b7aa-9ba8-4b1b-bd32-1a8778b8177d,ce4f635a-840e-47e0-b57a-df0b63bbafa7,2023-08-03 07:00:00,399dfec4-01ec-4e84-80b5-cb325d670571,700,28,728
585d912b-8d69-424d-a6c5-8aaa4fcdd37f,a95ddb13-ef71-4cf0-a8a8-2ffaecaaf27b,2023-08-03 08:37:00,399dfec4-01ec-4e84-80b5-cb325d670571,500,20,520
6eabfab5-e15b-4d18-9714-f9c90a4f280c,22f8b600-cae0-4a84-b021-08740f324c10,2023-08-03 14:07:00,399dfec4-01ec-4e84-80b5-cb325d670571,1900,76,1976
7c3d1996-e383-4790-bf61-fb8e7d811f49,bf0f7de0-ac71-4613-a9a4-28aebf69681e,2023-08-03 16:24:00,399dfec4-01ec-4e84-80b5-cb325d670571,1900,76,1976
9cb7d542-216c-4bba-aa93-b6b47f6d40f5,2550c3a5-082c-4582-bf64-ed8cacf87cfc,2023-08-03 18:34:00,399dfec4-01ec-4e84-80b5-cb325d670571,400,16,416
1c93ca78-8fb0-4f56-9676-5fd40e002472,277f188c-086a-4f0d-8ade-c147f84d09ac,2023-08-03 11:50:00,399dfec4-01ec-4e84-80b5-cb325d670571,2400,96,2496
4c52632d-1f4d-4716-9d9c-1dd65abbc33b,63b5948f-6961-4db8-b621-892196f7a96e,2023-08-03 07:17:00,399dfec4-01ec-4e84-80b5-cb325d670571,400,16,416
82701c1c-b91a-4d34-987c-bd02c604a6ee,2ab5335d-b429-49b4-a459-2354f849e358,2023-08-03 14:08:00,399dfec4-01ec-4e84-80b5-cb325d670571,600,24,624
94848ffa-1c72-42bc-b17f-18a232c547af,992b8e45-f532-4d7e-9b77-bd94fd451c79,2023-08-03 08:00:00,399dfec4-01ec-4e84-80b5-cb325d670571,700,28,728
4f1a3d9f-42ca-43d5-b918-2251f3de8140,2fcb4006-ca51-44cd-9d87-aa34d745ee90,2023-08-03 08:09:00,399dfec4-01ec-4e84-80b5-cb325d670571,600,24,624
d92423ec-ea0c-4764-ae4f-5eded37fda7d,3a95336d-35a9-4b6a-81ac-84714ffa0ea4,2023-08-03 07:36:00,399dfec4-01ec-4e84-80b5-cb325d670571,700,28,728
d794bae4-2dc1-4aed-b459-0cc036915ec1,3dee0d2d-f11e-4e71-8336-86cb6a9445ad,2023-08-03 08:25:00,399dfec4-01ec-4e84-80b5-cb325d670571,600,24,624
cb900cad-70a2-42e3-b6aa-d78c0b3a47ac,5c6b3c85-be4e-405a-a4a0-6179a7381d2a,2023-08-03 11:58:00,399dfec4-01ec-4e84-80b5-cb325d670571,0,0,0
44e7f531-3911-4011-90d9-7e26057f8e44,9ca91be3-bfcc-4623-9ef5-a4023693a589,2023-08-03 07:00:00,399dfec4-01ec-4e84-80b5-cb325d670571,400,16,416
82f49445-8c74-46bd-97de-6ab5ee30cf34,c334810a-f8b3-4f0b-b7f5-feab68f07ae0,2023-08-03 08:00:00,399dfec4-01ec-4e84-80b5-cb325d670571,500,20,520
38949034-447f-4ef3-995d-8061e8f2912e,3d82151b-b0d4-4890-bb63-8f573d494f9d,2023-08-03 07:38:00,399dfec4-01ec-4e84-80b5-cb325d670571,600,24,624
73b861f8-8c0f-44fe-a03c-ce126c3d55e2,899bbf23-4208-4aa2-9723-3f7559dfb891,2023-08-03 12:57:00,399dfec4-01ec-4e84-80b5-cb325d670571,1000,40,1040
2fdceff4-e086-4d20-90b9-54428df8a3c6,88d4b95f-8525-47ab-b76f-1a86bdcc7b2b,2023-08-03 08:05:00,399dfec4-01ec-4e84-80b5-cb325d670571,600,24,624
341da068-8196-429b-825f-ce7d1f14270b,bddd0699-14be-4bed-8a03-c3be1c8b86f4,2023-08-03 08:28:00,399dfec4-01ec-4e84-80b5-cb325d670571,400,16,416
1a7621ae-d300-49b8-97c2-754c28a7e066,84cdb717-25d5-481f-b814-35cf768ecddb,2023-08-03 07:13:00,399dfec4-01ec-4e84-80b5-cb325d670571,400,16,416
b14bdfe6-6cdb-4be4-a6c4-fa94353f1e4f,572579ab-5e23-43fd-a1af-8753798c8659,2023-08-03 08:01:00,399dfec4-01ec-4e84-80b5-cb325d670571,400,16,416
85a08580-afde-44aa-87d6-aa5ea3c49222,e55d222b-7102-42c7-bd28-c147a15b12c5,2023-08-03 08:05:00,399dfec4-01ec-4e84-80b5-cb325d670571,600,24,624
44f41b79-1618-4d55-8457-9369dc610f04,11dfb8fb-c6ad-44e6-b50b-f390d132d5b1,2023-08-03 13:30:00,399dfec4-01ec-4e84-80b5-cb325d670571,400,16,416
51883fda-5779-4d62-a038-96c274d60190,48894cb2-296d-4112-88cb-99945e94b978,2023-08-03 08:23:00,399dfec4-01ec-4e84-80b5-cb325d670571,700,28,728
0738faed-dbd5-4925-9b20-304db84a9cab,b295a4a4-a6b1-4fb7-847e-0b135ed1c18e,2023-08-03 10:46:00,399dfec4-01ec-4e84-80b5-cb325d670571,600,24,624
fa7a281a-1fbc-4d22-b2ed-bdffbacb7d57,6ae00ce0-276c-40e1-b26d-ee7c41d7a287,2023-08-03 08:04:00,399dfec4-01ec-4e84-80b5-cb325d670571,700,28,728
80a4b30a-c953-4fdf-82ff-97266359fa82,668e5c10-e564-47c7-bf67-1ce9cc3758f6,2023-08-03 12:51:00,399dfec4-01ec-4e84-80b5-cb325d670571,600,24,624
cc71f85d-a63b-4261-bda2-c8082869ff2b,1641c1fe-b81c-4d56-9441-7a23d922196f,2023-08-03 13:07:00,399dfec4-01ec-4e84-80b5-cb325d670571,600,24,624
a1ec07f7-cdd4-4451-8ca4-a1eeb94de538,361ab65e-9df9-4140-87fb-724985468016,2023-08-03 12:56:00,399dfec4-01ec-4e84-80b5-cb325d670571,1700,68,1768
c254dc92-65e0-44d9-a8ac-78c4e081275c,33bc9426-832e-483d-a623-5760bf8fdf42,2023-08-03 07:18:00,399dfec4-01ec-4e84-80b5-cb325d670571,700,28,728
187353c5-cb21-4d49-a0aa-4a6d91a46e85,ce1fddc8-7087-4b9e-82c8-bc09e6384345,2023-08-03 09:45:00,399dfec4-01ec-4e84-80b5-cb325d670571,1100,44,1144
c6ad3773-51f5-413e-a0c9-a041a9fea196,fb199cad-e920-4319-b1de-7da53844f1ed,2023-08-03 07:40:00,399dfec4-01ec-4e84-80b5-cb325d670571,600,24,624
68063751-6114-477c-94a2-fc2af1ddf6d2,cacf77ba-7e15-45a0-a3f4-87fdccd569c4,2023-08-03 08:24:00,399dfec4-01ec-4e84-80b5-cb325d670571,600,24,624
deb2c65a-3be0-4edd-a165-1397b123f1dc,5a29452c-9230-4b56-9b2a-a1d20ab74781,2023-08-03 08:12:00,399dfec4-01ec-4e84-80b5-cb325d670571,600,24,624
cfaaa1f9-cc78-4450-a659-253dd2be6fcf,1142280f-5f9e-4229-97e2-9e6460d24acb,2023-08-03 12:25:00,399dfec4-01ec-4e84-80b5-cb325d670571,600,24,624
83879e20-a94f-4f0b-a7bf-6a66ab27a303,5c37d040-f5cd-46cf-8acc-43c886d34ad0,2023-08-03 07:27:00,399dfec4-01ec-4e84-80b5-cb325d670571,600,24,624
342f3fe4-1a87-45e2-980a-c8f9a29bf5e7,82d54037-4259-4dc0-986b-1035beb9e3f5,2023-08-03 13:49:00,399dfec4-01ec-4e84-80b5-cb325d670571,600,24,624
3ac49dc4-a565-4ccc-84c7-9ca09312b257,7704c14b-191e-436e-814f-08b0fb28dcfc,2023-08-03 10:33:00,399dfec4-01ec-4e84-80b5-cb325d670571,700,28,728
97f471c9-a45a-4efd-9a45-071dd0fd117b,f4a9a1e0-026f-48df-a4d9-b2bb26fe93a0,2023-08-03 15:32:00,399dfec4-01ec-4e84-80b5-cb325d670571,1700,68,1768
bfd6e360-736b-4588-a52b-8a444c0fc8df,01c86347-415c-4252-814c-a612527d8843,2023-08-03 08:03:00,399dfec4-01ec-4e84-80b5-cb325d670571,600,24,624
47c87cc7-14a4-421f-a071-e3ff672d19b1,e82b5b62-7070-47bc-a992-278728911d81,2023-08-03 08:18:00,399dfec4-01ec-4e84-80b5-cb325d670571,700,28,728
991c506a-f322-44b7-a70e-099345b939e8,9cdb2202-788c-4b47-b58d-609db081bb60,2023-08-03 08:32:00,399dfec4-01ec-4e84-80b5-cb325d670571,400,16,416
eae448d6-228d-4953-8243-cbb6338d9582,876ab495-dc39-43eb-a0b9-19b5e4c4e15c,2023-08-03 11:30:00,399dfec4-01ec-4e84-80b5-cb325d670571,1000,40,1040
66d86c94-7faa-41a2-889b-03b793be0e8a,593ac4f1-05ec-4f87-a03b-ab6371bbe59d,2023-08-03 16:07:00,399dfec4-01ec-4e84-80b5-cb325d670571,1000,40,1040
1659feab-4547-4b16-9906-b9f594375119,2c15654f-379c-4848-a3e0-4562a56c4da7,2023-08-03 08:00:00,399dfec4-01ec-4e84-80b5-cb325d670571,600,24,624
04d496b2-bf48-4a55-acd6-fd5dad1f4fba,bcc834b4-d5a5-4283-ba01-2fbe27533479,2023-08-03 07:27:00,399dfec4-01ec-4e84-80b5-cb325d670571,700,28,728
39f59e74-829e-43dd-a276-a4eeb2168973,dff2f0df-07b7-4c09-8812-8c4a7f83cd94,2023-08-03 07:53:00,399dfec4-01ec-4e84-80b5-cb325d670571,700,28,728
abb3d8c4-ce4e-4cc6-848a-40dd4b8c0903,b0c002ee-eddd-4615-a3fc-b0700f7eafc2,2023-08-03 08:33:00,399dfec4-01ec-4e84-80b5-cb325d670571,500,20,520
1b7ec4c4-3fa1-4ad7-b900-c3cb7dc324ac,798267d5-be32-437a-8020-542e0498810a,2023-08-03 08:36:00,399dfec4-01ec-4e84-80b5-cb325d670571,600,24,624
a5a2360d-057f-439f-949d-2ef71dd0ea5b,49ccd473-0d76-45da-8360-02143cb40354,2023-08-03 08:11:00,399dfec4-01ec-4e84-80b5-cb325d670571,600,24,624
11722ea5-d8fe-4dbd-bfbf-6d4f66b77187,6c1f593e-fa25-4522-92a1-002b2f6a6bc7,2023-08-03 13:00:00,399dfec4-01ec-4e84-80b5-cb325d670571,1200,48,1248
4fb0756e-a26a-40d3-b825-222aed78e55c,da90d8e9-37d5-4f64-9642-bc11f542e117,2023-08-03 08:03:00,399dfec4-01ec-4e84-80b5-cb325d670571,600,24,624
fe3e9e5d-39cd-4a57-a7ab-8db18500d7c3,79f701f0-7977-4b5f-b1cf-f1cdd2d8b96b,2023-08-03 13:10:00,399dfec4-01ec-4e84-80b5-cb325d670571,1700,68,1768
37d13ce9-4818-4469-b2ca-090c1f9bef00,0189068c-f3d3-4672-b98b-047d057a0fd5,2023-08-03 07:37:00,399dfec4-01ec-4e84-80b5-cb325d670571,400,16,416
2a901aa9-506a-41d9-bcf2-78a201e25c22,1bc1c9dc-b8d3-4560-97b7-febe15ab0506,2023-08-03 08:15:00,399dfec4-01ec-4e84-80b5-cb325d670571,700,28,728
7285b8ce-3293-44d3-a0cf-9561e843c5cd,7a03ca1d-d911-4037-9f11-75d63cfad5e4,2023-08-03 08:02:00,399dfec4-01ec-4e84-80b5-cb325d670571,500,20,520
45a086ee-11dd-415b-b8fa-06987f2c407e,21b3fd59-4b01-4c9d-844b-6790ed39fddc,2023-08-03 08:15:00,2c7c0b40-21e5-4026-b405-3281a1c094fa,400,25,425
805500c4-c085-4d3c-8eac-995cfffe6932,5bc0eeb0-31d7-4611-bb9d-71498c761bcb,2023-08-03 11:13:00,2c7c0b40-21e5-4026-b405-3281a1c094fa,600,37,637
c1d1d392-eda8-467d-961f-f97251721b02,a5f76c9d-f7ed-457b-b3b3-eb0c3e4af0e7,2023-08-03 09:24:00,2c7c0b40-21e5-4026-b405-3281a1c094fa,800,50,850
a5d65946-605c-4b90-aa54-c6185686138f,b4742677-d25f-4cf6-af19-7c4a2d5751fd,2023-08-03 08:28:00,2c7c0b40-21e5-4026-b405-3281a1c094fa,500,31,531
b6669a45-dfbd-4266-871a-87e0b586af7a,fcef0a47-bbe9-4080-9a24-e276ddb4e0e7,2023-08-03 08:06:00,2c7c0b40-21e5-4026-b405-3281a1c094fa,700,43,743
6e8e9408-e533-45af-8562-223c7ef9d64b,ed27966a-5ae2-4a05-8772-1cf818c9f87f,2023-08-03 11:06:00,2c7c0b40-21e5-4026-b405-3281a1c094fa,3000,187,3187
6629142e-7fa3-4c0f-b1f8-65471062d247,92c1b8ac-0f8c-4e0d-bf8a-acd3c5a54f25,2023-08-03 15:52:00,2c7c0b40-21e5-4026-b405-3281a1c094fa,1100,68,1168
4ab7f5f1-5b50-4673-bb35-be982c0e4169,5672d8ec-d299-4823-941e-e84d29a5aca6,2023-08-03 07:58:00,2c7c0b40-21e5-4026-b405-3281a1c094fa,400,25,425
cb2c5705-6cc6-4268-9195-e6c574eb9fff,31d8ef80-b405-4d99-9a0b-e566200ab033,2023-08-03 08:08:00,2c7c0b40-21e5-4026-b405-3281a1c094fa,500,31,531
50c59d2e-7ce7-4c5e-b028-777dd46e916e,cfc196da-1613-48e5-b649-e57a6a927c10,2023-08-03 08:29:00,2c7c0b40-21e5-4026-b405-3281a1c094fa,600,37,637
a33ce7af-4e3f-4481-b469-d28b886e8982,f19d8935-9c7f-478c-8a8c-d23218d6fc8b,2023-08-03 18:09:00,2c7c0b40-21e5-4026-b405-3281a1c094fa,500,31,531
eee6f00f-6354-4677-b501-49c95c6e2d6b,47d48c6c-58d0-458b-b06f-963d2de8ac91,2023-08-03 14:10:00,2c7c0b40-21e5-4026-b405-3281a1c094fa,1700,106,1806
522f6179-e9fb-4d18-bd12-4d24953ae527,a26c5d51-ee15-486d-b326-9703275ab2ab,2023-08-03 08:18:00,2c7c0b40-21e5-4026-b405-3281a1c094fa,400,25,425
011adb14-3cf5-4521-80dd-e9fe115a74cf,784c9a3e-b023-4a14-87c3-cb46212c638b,2023-08-03 15:22:00,2c7c0b40-21e5-4026-b405-3281a1c094fa,2100,131,2231
c8c61558-9cf4-4ff5-92ab-7a2805927f5e,bed501e6-d9e1-40f4-9e7f-d1073803ba16,2023-08-03 12:04:00,2c7c0b40-21e5-4026-b405-3281a1c094fa,600,37,637
6ca582e4-632e-4cda-8091-40dd7261ff78,1d8b9d13-c62c-4446-977d-412869e6c4b6,2023-08-03 07:41:00,2c7c0b40-21e5-4026-b405-3281a1c094fa,700,43,743
6b9ddc1e-b989-44ef-9c6b-a618cbc982e0,b239e930-6de8-4346-87b0-1981dc56bb9f,2023-08-03 08:02:00,2c7c0b40-21e5-4026-b405-3281a1c094fa,500,31,531
cd6cfd98-5699-4b7e-8619-8b68fb115bf0,ca73909a-648b-4522-a10d-c4c3c9bfaba1,2023-08-03 07:36:00,2c7c0b40-21e5-4026-b405-3281a1c094fa,600,37,637
0e36826c-4f95-45e4-b85e-a7551a90cef7,bcde7da6-a0ce-4721-9a8b-e297fe682d71,2023-08-03 11:43:00,2c7c0b40-21e5-4026-b405-3281a1c094fa,600,37,637
2c69ab44-f20e-43b8-8181-77959d03ce0e,e4515ece-d1b9-4ec7-9b74-b22decc6d435,2023-08-03 14:28:00,2c7c0b40-21e5-4026-b405-3281a1c094fa,1100,68,1168
e47060bf-1380-41a4-a428-937929dcb149,0da8bfd8-a8e8-4bc3-85ae-f527018c2e8b,2023-08-03 07:34:00,2c7c0b40-21e5-4026-b405-3281a1c094fa,600,37,637
3a6ab199-b490-4f7e-807e-56f8db4b5faa,92f85679-d678-4b1f-9343-b97924ced844,2023-08-03 07:40:00,2c7c0b40-21e5-4026-b405-3281a1c094fa,400,25,425
70cbab44-3f5b-49cb-b977-ebd7ee9d36e0,1d9773b9-b306-416f-9338-2b1d4cd51e0b,2023-08-03 12:48:00,2c7c0b40-21e5-4026-b405-3281a1c094fa,700,43,743
8719b4f0-e215-42ad-b8df-204733821f9c,78748d05-917c-446b-8b2f-1bb8275f3983,2023-08-03 14:14:00,2c7c0b40-21e5-4026-b405-3281a1c094fa,400,25,425
c3af5353-dfe7-4c69-bb72-b64b0afca0da,e61583e8-f052-430d-90fd-68085acfc960,2023-08-03 08:23:00,2c7c0b40-21e5-4026-b405-3281a1c094fa,500,31,531
8269aed2-57e7-4108-8176-2917e8adb55b,4334d3c1-d272-4f31-b4ff-de447c05f4dd,2023-08-03 15:07:00,2c7c0b40-21e5-4026-b405-3281a1c094fa,700,43,743
43752506-d4e8-48e8-a240-0f15225994c2,9559b3f5-0745-4104-aeff-b4f1f8886bd7,2023-08-03 15:45:00,2c7c0b40-21e5-4026-b405-3281a1c094fa,2100,131,2231
78064f7b-50ce-4a69-b85f-5d7d945dd5ad,5b2dc95e-efec-46b9-aa80-1ca5c85a4269,2023-08-03 08:11:00,2c7c0b40-21e5-4026-b405-3281a1c094fa,700,43,743
0fa78072-4c4e-4ad8-acd1-5c44dcf7ead0,842bb7f3-6050-4516-a4c0-191bec3c1ba7,2023-08-03 15:15:00,2c7c0b40-21e5-4026-b405-3281a1c094fa,400,25,425
936149b5-537f-423f-ad3d-3f6218d2dd4b,e52aaea4-1556-4821-8cd6-a24a8217815f,2023-08-03 08:21:00,2c7c0b40-21e5-4026-b405-3281a1c094fa,500,31,531
0c9019d0-3686-4ec9-85cd-45dfd91ba1e7,ab4df321-67bc-425a-8aee-7e81929639d1,2023-08-03 08:05:00,2c7c0b40-21e5-4026-b405-3281a1c094fa,600,37,637
d4e431e5-0333-4606-b6ae-0bd6cd4f5f6c,4bf036f8-cdd5-4fd4-bb15-96f6fdfb6472,2023-08-03 07:00:00,2c7c0b40-21e5-4026-b405-3281a1c094fa,600,37,637
500e45c8-9b7f-410f-85eb-26f14cfd9d1f,be9a5cd7-728a-4593-b5b5-b13c1f98920d,2023-08-03 08:36:00,2c7c0b40-21e5-4026-b405-3281a1c094fa,500,31,531
7051981e-5a7c-4f22-9f87-691f496114de,24796668-1d6a-493c-a0dd-1bafc84036be,2023-08-03 07:34:00,2c7c0b40-21e5-4026-b405-3281a1c094fa,600,37,637
6ecd30b7-3b8a-4ed4-86d2-5f71f8c1776b,50472b1b-3caf-49fd-a0f0-3f28b45262fd,2023-08-03 10:59:00,2c7c0b40-21e5-4026-b405-3281a1c094fa,4700,293,4993
0e8c40d2-6238-4e33-9ad0-717a9899bc01,5a88b3e4-1ba1-4430-8899-483fd984e89d,2023-08-03 08:22:00,2c7c0b40-21e5-4026-b405-3281a1c094fa,700,43,743
35992c33-7345-4d14-b715-bac9d9ab968c,10e46bfd-d0f5-4e00-b866-118e3d12fb34,2023-08-03 13:48:00,2c7c0b40-21e5-4026-b405-3281a1c094fa,600,37,637
15789fd4-0523-4031-b114-7b7401c8952a,cc90bdd5-438f-4c36-b399-4b1be7281e64,2023-08-03 12:16:00,2c7c0b40-21e5-4026-b405-3281a1c094fa,400,25,425
0bdd4e6d-b7a5-4eb5-bdcb-d79b61520a3c,de14b04b-3662-48cd-8bf6-16eae90fbc67,2023-08-03 09:50:00,2c7c0b40-21e5-4026-b405-3281a1c094fa,600,37,637
05a8419e-17a5-4196-befd-d4684fbcd439,8c433684-7a25-467e-afb1-be6cb25cb156,2023-08-03 11:05:00,2c7c0b40-21e5-4026-b405-3281a1c094fa,1200,75,1275
3245fa15-4663-4879-8f20-dc8c783c1313,c21472e1-f6ab-489f-9f36-de3ff9aea42c,2023-08-03 11:20:00,2c7c0b40-21e5-4026-b405-3281a1c094fa,1800,112,1912
61d31dc4-f960-4959-b834-7d6c0bdf561d,89d86da7-67e0-4324-965d-77ebd26b7396,2023-08-03 07:17:00,2c7c0b40-21e5-4026-b405-3281a1c094fa,400,25,425
bc6c1dd8-7268-408a-a312-0b52a831fb69,c4cffa02-aa09-4ae6-a4dc-bb7e26c3b440,2023-08-03 08:28:00,2c7c0b40-21e5-4026-b405-3281a1c094fa,400,25,425
7340a570-016c-47a8-bc6f-925033304787,e2a09e44-912c-47c0-9386-7145291fb06f,2023-08-03 11:25:00,2c7c0b40-21e5-4026-b405-3281a1c094fa,700,43,743
df249331-4cb5-45dc-b99a-501936498ab0,5c298d25-bd60-448d-a828-a1d1c08d3bf4,2023-08-03 07:49:00,2c7c0b40-21e5-4026-b405-3281a1c094fa,600,37,637
4b74330b-d1a7-4155-9beb-63b7078bbc31,0c395bc0-5637-4465-8c77-9232349cf3ee,2023-08-03 16:19:00,2c7c0b40-21e5-4026-b405-3281a1c094fa,400,25,425
7d5fa7d6-bbd4-4ca0-89e5-1246d5b9656e,3c426c6a-4b67-4d8e-a89a-57a563164dee,2023-08-03 07:52:00,2c7c0b40-21e5-4026-b405-3281a1c094fa,400,25,425
60d6bb8e-856c-4544-a37d-5ee84131a4b5,627e216c-0671-47dd-902c-9fb076543b9e,2023-08-03 08:32:00,2c7c0b40-21e5-4026-b405-3281a1c094fa,400,25,425
f29fc3e8-81bc-4a6a-ae4c-f242aa0001f0,1409cd42-7e74-4fa2-9ff3-b4d9d56ac42c,2023-08-03 08:14:00,2c7c0b40-21e5-4026-b405-3281a1c094fa,500,31,531
b763c552-a7a1-4e0d-b639-cbd2e7dd4acd,b95ae917-38af-44ef-98a5-9bdf844ac239,2023-08-03 11:46:00,2c7c0b40-21e5-4026-b405-3281a1c094fa,700,43,743
bbd030b6-8167-4643-9c3e-db81930a285b,1ccc49eb-7f71-45cc-81df-ac385f685028,2023-08-03 08:15:00,2c7c0b40-21e5-4026-b405-3281a1c094fa,700,43,743
9afca5b1-3f05-4af4-8a22-2172b0c99661,e9914ccf-1cab-4fc8-9269-8c1a8f85eb5a,2023-08-03 08:25:00,2c7c0b40-21e5-4026-b405-3281a1c094fa,700,43,743
a88c5622-ad6c-43af-8db8-22025c84b232,16e3010f-92c8-4716-945d-76a4cbabf52a,2023-08-03 12:38:00,2c7c0b40-21e5-4026-b405-3281a1c094fa,600,37,637
afe2f94f-90e9-40da-8b20-89edaaa0ee76,1fbcd07d-85bc-4c6a-b8de-d3b6edb361dc,2023-08-03 11:38:00,2c7c0b40-21e5-4026-b405-3281a1c094fa,600,37,637
a07b33a4-7975-4f3e-b066-818136c4091e,9d60be57-1b54-4e56-8191-7fc35fef020c,2023-08-03 13:24:00,2c7c0b40-21e5-4026-b405-3281a1c094fa,400,25,425
a7e96413-6a5c-4819-9226-284e09ff5c44,a898b31f-c8bd-4f5e-b261-ebe31e5158bc,2023-08-03 09:55:00,2c7c0b40-21e5-4026-b405-3281a1c094fa,700,43,743
2019e523-27d8-4694-9c8f-470bb1af2c86,3a580c58-a316-47fb-b0c9-1d95666d47d7,2023-08-03 08:13:00,2c7c0b40-21e5-4026-b405-3281a1c094fa,400,25,425
8e250cd0-344f-46d7-90c1-154b9ab86749,86fa6d80-37ef-4cca-8727-173b1a366c48,2023-08-03 10:46:00,2c7c0b40-21e5-4026-b405-3281a1c094fa,700,43,743
b1dec738-5a9d-4f1c-9de1-9c0359b17d28,fe9d2747-393a-4e72-8e43-6d997f2418d6,2023-08-03 08:31:00,2c7c0b40-21e5-4026-b405-3281a1c094fa,400,25,425
c4b618c1-32b1-4375-b6ad-7c0825c7dcd2,27d2e3d3-99cb-4478-950f-9cbf9f2cc532,2023-08-03 08:25:00,2c7c0b40-21e5-4026-b405-3281a1c094fa,500,31,531
46432732-6b1d-4d32-8048-a3b543cefa37,09916698-df9d-4be7-a8f4-f7748cbab9a5,2023-08-03 10:00:00,2c7c0b40-21e5-4026-b405-3281a1c094fa,0,0,0
832fdd2a-a885-4763-a5ad-df2f7c684d8e,62a52493-e5ec-476f-9bec-c8f82abd3323,2023-08-03 07:21:00,2c7c0b40-21e5-4026-b405-3281a1c094fa,600,37,637
f267835a-e156-4790-9dea-703bb514203a,681cebbd-56fd-4ad3-99b4-726306cbaa73,2023-08-03 07:00:00,2c7c0b40-21e5-4026-b405-3281a1c094fa,700,43,743
98e38944-244b-4711-a024-f3ad2affc64d,9c02b9e3-3e53-451a-abb0-96f63308bb02,2023-08-03 07:41:00,2c7c0b40-21e5-4026-b405-3281a1c094fa,400,25,425
6acfde2a-f7e4-47ff-84c2-34f6764a1e37,cc5c0c1a-857b-42ec-991b-22ab9d333141,2023-08-03 08:20:00,2c7c0b40-21e5-4026-b405-3281a1c094fa,600,37,637
836185aa-45bb-4d7e-8d67-9b08a33b8e4b,ea97db70-9e3b-4bc2-973f-6e3f2be46e5f,2023-08-03 07:48:00,2c7c0b40-21e5-4026-b405-3281a1c094fa,600,37,637
15de6a50-cb19-44c9-864f-74b57085e420,1cc557ae-f87b-4765-9bc4-0f1dd6f53013,2023-08-03 07:53:00,2c7c0b40-21e5-4026-b405-3281a1c094fa,400,25,425
3441c515-942a-45d1-a7e2-0820535e4fff,f91faf5c-1c47-45c9-aad2-29930f300126,2023-08-03 08:51:00,2c7c0b40-21e5-4026-b405-3281a1c094fa,700,43,743
e7ce7e58-b76e-451c-8e52-e2648daffdb5,414e72b8-a890-4597-b3f7-d6da0f9d4531,2023-08-03 07:41:00,2c7c0b40-21e5-4026-b405-3281a1c094fa,600,37,637
a4aba388-b7f2-4e33-83ed-772394d95a70,e26fafe1-9a63-43ca-b38b-ed5f0ea96f66,2023-08-03 12:00:00,2c7c0b40-21e5-4026-b405-3281a1c094fa,600,37,637
b9ee023c-ba38-4e07-b3fa-f4fad6529312,1313316f-0c13-404e-8197-2bde150a1ddd,2023-08-03 07:14:00,2c7c0b40-21e5-4026-b405-3281a1c094fa,700,43,743
991f7cf7-c171-4b9b-8019-3f92b4d51e44,de670223-8a3e-4b82-a4d4-b03cc596af73,2023-08-03 07:43:00,2c7c0b40-21e5-4026-b405-3281a1c094fa,400,25,425
7044d2c4-e986-4443-be28-4ee2877229f8,319f2657-c818-4212-a934-1bc84152b2d5,2023-08-03 11:18:00,2c7c0b40-21e5-4026-b405-3281a1c094fa,2300,143,2443
1c7139d1-1fb6-4215-9256-27636eafba01,f304ef62-c15a-4a60-ab1c-ad7af392467e,2023-08-03 08:28:00,2c7c0b40-21e5-4026-b405-3281a1c094fa,600,37,637
64c9fa74-d11b-4779-8ae0-4df17158c575,dc0bde54-b18c-450d-a2a5-7ec3e3bce7c3,2023-08-03 13:54:00,2c7c0b40-21e5-4026-b405-3281a1c094fa,600,37,637
b49a37ac-23ef-4c0d-a7d6-b2a49228d6e5,3cae3cae-a64f-491f-a508-68ff36ecb4af,2023-08-03 08:55:00,2c7c0b40-21e5-4026-b405-3281a1c094fa,500,31,531
78a8a481-c604-4956-8534-1c46434a1641,96924eb0-a996-4610-ae35-0949499a223a,2023-08-03 08:18:00,2c7c0b40-21e5-4026-b405-3281a1c094fa,600,37,637
d10736a7-30f7-47da-b388-44a002d424da,6c98f86b-b539-4054-a6da-a0f41d26ae4b,2023-08-03 10:13:00,2c7c0b40-21e5-4026-b405-3281a1c094fa,400,25,425
c2a925ef-bb39-4c90-8494-025a8b07bd7c,f6a983d2-5104-41f4-a579-38c173229679,2023-08-03 15:50:00,2c7c0b40-21e5-4026-b405-3281a1c094fa,600,37,637
77b4eebc-71aa-490c-8501-dc7f8f90ad7a,2f0ecbb9-4ae8-45d7-8f01-f82126757ca5,2023-08-03 07:37:00,2c7c0b40-21e5-4026-b405-3281a1c094fa,600,37,637
283d4cdd-620b-4237-8021-3774734e5145,104b478d-b925-4eb1-b365-ae2354f1fd19,2023-08-03 07:45:00,2c7c0b40-21e5-4026-b405-3281a1c094fa,400,25,425
944fb826-14a0-48a4-95c4-16c9661d11f4,cdea4af0-7c90-48ed-bb8b-411fb9de8b57,2023-08-03 09:21:00,2c7c0b40-21e5-4026-b405-3281a1c094fa,400,25,425
6159d841-072e-458c-b14f-c628dfdc3136,aec1cde7-0627-4bec-a528-fe77ca766b5e,2023-08-03 08:06:00,2c7c0b40-21e5-4026-b405-3281a1c094fa,600,37,637
1b6c6be8-9f8e-4de0-9009-362da887a520,465154fc-21ed-456c-9e03-9b71c66094d5,2023-08-03 08:38:00,2c7c0b40-21e5-4026-b405-3281a1c094fa,600,37,637
120dcd99-49f1-470d-80ae-b89ff5317e72,e81bf9e1-6bf3-4f86-9ca7-47469c22b55f,2023-08-03 17:24:00,2c7c0b40-21e5-4026-b405-3281a1c094fa,400,25,425
d299d961-d0ca-41cb-aa99-9da02259839e,efe6ab20-484e-4550-8eba-b6750c0893a3,2023-08-03 16:49:00,2c7c0b40-21e5-4026-b405-3281a1c094fa,2000,125,2125
4786d7e1-7166-4840-a4c6-04804fae0995,8383f9c7-21ea-4a43-a564-1e5a6482135c,2023-08-03 10:32:00,2c7c0b40-21e5-4026-b405-3281a1c094fa,2900,181,3081
6d9bd2fb-38aa-47a9-8e34-2f4360d1837f,bafdbd24-482a-4926-ad19-d5f2929c3e93,2023-08-03 11:06:00,2c7c0b40-21e5-4026-b405-3281a1c094fa,400,25,425
d191e560-9110-447d-8da1-81e4f98cebf4,2647f821-e1c8-44ee-bc24-7b9932bf9766,2023-08-03 08:06:00,2c7c0b40-21e5-4026-b405-3281a1c094fa,500,31,531
5c6d1d4e-4ae1-4305-8df3-c725fa63f7fc,bb7a9f55-4ac3-43cc-bbe9-d1a3c3e8f35e,2023-08-03 14:50:00,2c7c0b40-21e5-4026-b405-3281a1c094fa,1200,75,1275
fc8cf246-72fe-4bfe-8ac3-6c82638ca5ef,fe4e4be2-2e96-4037-9bdf-28440a160f62,2023-08-03 07:56:00,2c7c0b40-21e5-4026-b405-3281a1c094fa,600,37,637
dd576242-c7a4-4718-a50c-093b78aa2c07,a6addfaf-a6de-45ac-940f-5d4614f279d0,2023-08-03 08:30:00,2c7c0b40-21e5-4026-b405-3281a1c094fa,600,37,637
6b689a02-c086-468f-acb8-5e60ebbb2105,ed638312-1c1b-49b3-8fb5-9f1ffcf9b352,2023-08-03 12:12:00,2c7c0b40-21e5-4026-b405-3281a1c094fa,400,25,425
e6baf664-53b3-4716-a635-b371491c101a,c166c928-03f6-4635-b322-14421afbbbaa,2023-08-03 13:21:00,2c7c0b40-21e5-4026-b405-3281a1c094fa,700,43,743
0e64616a-c6ff-4cad-b4be-fe21ef0ab7e7,5f978986-a526-43a2-bdc6-828868d49b61,2023-08-03 07:00:00,2c7c0b40-21e5-4026-b405-3281a1c094fa,400,25,425
b0f8c6cf-fb6b-49ac-88bc-14500dbbe630,6dbbc49a-b5ce-4831-ba60-3b12b6a89fc4,2023-08-03 13:28:00,2c7c0b40-21e5-4026-b405-3281a1c094fa,500,31,531
962c74ea-01c9-4761-994e-1ac0d4d6a22e,1230eb6d-8c33-4314-a706-f84212741ea9,2023-08-03 10:35:00,2c7c0b40-21e5-4026-b405-3281a1c094fa,600,37,637
0bfbc8b8-78b9-4dba-ae84-027af5d3d36a,d3cfc0ae-db6e-4a28-b44b-a1dac1061d90,2023-08-03 19:37:00,2c7c0b40-21e5-4026-b405-3281a1c094fa,1300,81,1381
fe94c7de-809d-48cb-bc41-97332ae6f517,9ad4b773-20f7-4f08-afaa-931d90d8f229,2023-08-03 13:43:00,2c7c0b40-21e5-4026-b405-3281a1c094fa,600,37,637
9d67d52c-dfb9-4d51-8935-8c850808b944,377bb6d8-437c-4b34-9c11-7bd0c9bec26a,2023-08-03 14:09:00,2c7c0b40-21e5-4026-b405-3281a1c094fa,500,31,531
c6e7fc9d-64e4-4a30-8303-0c50befe2e81,d909260f-5040-471a-9c3f-5651fa8c03ed,2023-08-03 08:13:00,2c7c0b40-21e5-4026-b405-3281a1c094fa,700,43,743
6666b952-0179-4ac3-ae56-fda484df45fb,f1098a10-244b-46cb-b192-2ad182a44975,2023-08-03 08:24:00,2c7c0b40-21e5-4026-b405-3281a1c094fa,600,37,637
a9b9b5bf-14bc-4c34-9f63-9d170f20afc4,b394c22a-41af-4bae-a9f3-dda0649b45ed,2023-08-03 07:59:00,2c7c0b40-21e5-4026-b405-3281a1c094fa,600,37,637
29c3f494-ae84-4b4f-bf43-ce9793578c0a,fb1214b1-db3f-4cac-bc2e-6b6d585600fb,2023-08-03 07:39:00,2c7c0b40-21e5-4026-b405-3281a1c094fa,700,43,743
05d543d5-0b74-414b-abe9-5eee4923dc49,c7bf9141-bdf4-4972-89cc-19b540b7964f,2023-08-03 12:04:00,2c7c0b40-21e5-4026-b405-3281a1c094fa,1100,68,1168
1d5c99d6-2027-47b7-add1-13eb6b6b629c,1bcdea75-7acc-492e-a184-a61e51c1cfa5,2023-08-03 08:26:00,2c7c0b40-21e5-4026-b405-3281a1c094fa,400,25,425
6cf4194e-abbb-4c7a-b8cb-7c50787a59ec,f8919ba3-1c0e-4da5-9408-18923a2ad8fb,2023-08-03 07:57:00,2c7c0b40-21e5-4026-b405-3281a1c094fa,600,37,637
525e9206-e9bb-4a9b-a260-fbcbe2554a0f,89e0be6f-b800-46b3-b14a-d6c78ced2780,2023-08-03 12:31:00,2c7c0b40-21e5-4026-b405-3281a1c094fa,400,25,425
873a83c6-3d22-4e8a-97a2-96cd94f8dcab,d753ccfa-106f-47a3-8e03-44b0e6831af3,2023-08-03 08:11:00,2c7c0b40-21e5-4026-b405-3281a1c094fa,600,37,637
6e216138-e97a-4019-b5ed-6d1fa5320f95,608b62cf-f498-4f33-9528-de6ffb9555c2,2023-08-03 08:13:00,2c7c0b40-21e5-4026-b405-3281a1c094fa,700,43,743
cc38f295-a248-4d66-a49f-f67d98664393,769dd9bd-a72a-437f-a07e-076c97c4ac9a,2023-08-03 08:54:00,2c7c0b40-21e5-4026-b405-3281a1c094fa,600,37,637
08233eee-0147-4ceb-b2e3-6a9bba0c5210,577d9ba4-08b4-443e-a3dc-495bdb97f58e,2023-08-03 10:39:00,2c7c0b40-21e5-4026-b405-3281a1c094fa,1300,81,1381
e4aef95f-fcc1-433a-baf7-061a9a4c0481,b8ca5b54-3fa9-4f61-91ce-beeaa92f1424,2023-08-03 08:27:00,2c7c0b40-21e5-4026-b405-3281a1c094fa,400,25,425
3c544095-139d-4bda-a76c-9b738534477d,84dfad87-6db7-49e5-9691-023247bed167,2023-08-03 18:27:00,2c7c0b40-21e5-4026-b405-3281a1c094fa,500,31,531
fc8b2aa6-88e2-432e-a366-6a49fdfe9f87,6b2f49e4-56bd-446a-97ee-d3ddd9804d7f,2023-08-03 07:33:00,2c7c0b40-21e5-4026-b405-3281a1c094fa,700,43,743
695eb220-94a9-451d-ac7c-81d2e936b8f8,096383e8-fafc-418f-8cdd-a2ec9f44ddd3,2023-08-03 08:25:00,2c7c0b40-21e5-4026-b405-3281a1c094fa,600,37,637
4c26768c-cc1a-45d3-9609-eced34e7ad35,4cd24ca3-21c7-43e7-bd3e-65bc863a16d7,2023-08-03 08:00:00,2c7c0b40-21e5-4026-b405-3281a1c094fa,600,37,637
56ed0400-80fa-452f-9418-37d3194926c1,aae661ad-0411-4b0f-b7fb-6c26c099cfd7,2023-08-03 08:23:00,2c7c0b40-21e5-4026-b405-3281a1c094fa,500,31,531
0c7c8b2b-c03d-4156-9624-cfb3adb50935,dd1f6a5f-288a-4340-bd70-9eab83f83136,2023-08-03 08:59:00,2c7c0b40-21e5-4026-b405-3281a1c094fa,600,37,637
a27fa694-ce92-4710-826e-fbbfa909f8c6,8391b449-3f7a-47a8-b81f-292dfdb07b53,2023-08-03 08:12:00,2c7c0b40-21e5-4026-b405-3281a1c094fa,700,43,743
3bd5b2ec-ee51-4484-8129-63cc13810d3b,762c5a04-e686-4d09-b4c3-40c6aed67774,2023-08-03 13:42:00,2c7c0b40-21e5-4026-b405-3281a1c094fa,600,37,637
33687df3-bead-49d7-88c9-01b15c1c10e5,95cd817f-1c5b-4828-99f7-7fe575406cc9,2023-08-03 16:33:00,2c7c0b40-21e5-4026-b405-3281a1c094fa,1200,75,1275
3e17d7e9-0519-4e8a-bed3-9736ebd06e2c,377718a4-3157-4608-a4af-666080b15524,2023-08-03 11:39:00,2c7c0b40-21e5-4026-b405-3281a1c094fa,600,37,637
ef687f8b-d0c1-4c7c-808d-fe229353d244,6a30b004-d1c0-4e76-9339-45a7fe99fc87,2023-08-03 19:26:00,2c7c0b40-21e5-4026-b405-3281a1c094fa,600,37,637
b750d087-14dc-4dc5-bf95-f071853bb3c4,e87d7dd4-253c-4904-856b-2bc3e4610bbc,2023-08-03 07:38:00,2c7c0b40-21e5-4026-b405-3281a1c094fa,400,25,425
dd031b71-313f-4472-8c14-8b035d804b0d,0716e8f7-31e6-4605-8c33-c9717eb1828b,2023-08-03 07:59:00,2c7c0b40-21e5-4026-b405-3281a1c094fa,600,37,637
46bd2e9f-1735-46f5-b572-38725a48edd4,f5ca275f-bdbe-419a-ac47-5ffc48b1f4fe,2023-08-03 07:25:00,2c7c0b40-21e5-4026-b405-3281a1c094fa,700,43,743
8dd85312-bf6d-43a7-b267-7913d410bd3f,770ef8a9-2d3e-436a-8d56-15cbb14191f6,2023-08-03 07:44:00,2c7c0b40-21e5-4026-b405-3281a1c094fa,400,25,425
61ee6a01-c349-4c06-88c7-3fcd33030ac6,9a65900b-27f4-4b08-a09b-f919986f3b7f,2023-08-03 13:32:00,2c7c0b40-21e5-4026-b405-3281a1c094fa,600,37,637
1c4c5d67-925d-4cbd-98c0-9dcdac1f28d7,9cf15c00-66f8-446b-aa1e-6cfaa15a28cd,2023-08-03 08:30:00,2c7c0b40-21e5-4026-b405-3281a1c094fa,600,37,637
67659290-37d9-4bf7-afc7-2c994d8f2d37,48509249-030e-4da5-aabe-34c1bb302e05,2023-08-03 13:04:00,2c7c0b40-21e5-4026-b405-3281a1c094fa,700,43,743
e8c5b2c5-3b6e-40b1-92d9-d77a4b90d7a6,c950e872-765f-41c6-9298-08946b5da33c,2023-08-03 14:25:00,2c7c0b40-21e5-4026-b405-3281a1c094fa,600,37,637
a611d369-411d-43f7-b55f-5140bb11fa70,0a1537fd-daf7-45b7-9079-4896eebfc105,2023-08-03 07:15:00,2c7c0b40-21e5-4026-b405-3281a1c094fa,600,37,637
6ab85261-2667-4cb1-8dff-5cf43e0543b1,d9f23164-9fc0-4804-9b89-c220b8f14417,2023-08-03 12:46:00,2c7c0b40-21e5-4026-b405-3281a1c094fa,400,25,425
7a3bdb73-92b6-4ba2-8336-d1f3e67e215e,1481f859-7fad-49a6-8222-7de03bebd7ed,2023-08-03 11:28:00,2c7c0b40-21e5-4026-b405-3281a1c094fa,500,31,531
be276370-6e27-4b98-b84b-4373ab83228f,f31a1202-5968-4ef4-9fab-c9c3e9e6d12a,2023-08-03 13:38:00,2c7c0b40-21e5-4026-b405-3281a1c094fa,700,43,743
c1d792bf-9d22-4423-bfc1-10e6363fdbcf,b261ee63-cdf8-409f-a4d5-5a5f5648f8fd,2023-08-03 08:06:00,2c7c0b40-21e5-4026-b405-3281a1c094fa,700,43,743
35159f54-2d96-4d58-9a82-4dc1e4af9286,17314111-8073-4571-82b0-3cbdaf3672bd,2023-08-03 07:37:00,2c7c0b40-21e5-4026-b405-3281a1c094fa,500,31,531
ed6cc287-9070-4854-a83a-a17ce92d432a,949fe8f4-8334-4f81-b38c-40be2a439d7a,2023-08-03 07:54:00,2c7c0b40-21e5-4026-b405-3281a1c094fa,600,37,637
beb0cab0-abb3-4d9a-aafa-43f087ae3409,2a960d6e-bc31-4bfd-bd29-c7658913ce72,2023-08-03 15:54:00,2c7c0b40-21e5-4026-b405-3281a1c094fa,600,37,637
7d5c7f46-404f-40e4-bc0d-9c1085484fc4,c00da9ba-d5c6-48cc-a9d7-ae2f6b116876,2023-08-03 08:18:00,2c7c0b40-21e5-4026-b405-3281a1c094fa,400,25,425
0b8c0501-9cbc-41b3-a607-cf91a27087b0,7b07cdef-7550-4398-a827-0f166702558d,2023-08-03 14:18:00,2c7c0b40-21e5-4026-b405-3281a1c094fa,700,43,743
2fe32af7-8802-4963-8a78-b1dd94c8f2e0,7815f514-9fba-4b3a-a396-b1c903e2d5ea,2023-08-03 07:51:00,2c7c0b40-21e5-4026-b405-3281a1c094fa,600,37,637
b611ec00-53cf-44d6-98b3-ebb05e67e542,4ceaf012-7044-4c13-9ff6-afb4f9f197eb,2023-08-03 07:13:00,2c7c0b40-21e5-4026-b405-3281a1c094fa,400,25,425
ef93213d-ff21-42fe-8ad5-ed987032885d,e5296814-9316-48d8-8b0e-ee925b70e267,2023-08-03 10:22:00,2c7c0b40-21e5-4026-b405-3281a1c094fa,600,37,637
24845283-d573-4b5e-aafe-10bd92782118,81623240-5b2b-4c4c-9123-2b9d204810d4,2023-08-03 11:43:00,2c7c0b40-21e5-4026-b405-3281a1c094fa,700,43,743
12448080-427b-4043-b6dc-eb1a7720cfa3,411bf114-1d91-4d9e-9b2e-2eb1e59d80bb,2023-08-03 08:36:00,2c7c0b40-21e5-4026-b405-3281a1c094fa,600,37,637
898a7edd-1f15-4010-8d01-69cdbe8d94ce,5d0a759c-32bd-4362-8ef8-5387885c5bdd,2023-08-03 14:02:00,2c7c0b40-21e5-4026-b405-3281a1c094fa,2400,150,2550
41cf38c8-2cfc-463a-9992-97651d86ad0c,ceac67dd-d360-4dc4-9cc4-c8ae08998559,2023-08-03 10:43:00,2c7c0b40-21e5-4026-b405-3281a1c094fa,2400,150,2550
9ed469ff-d5d0-4b55-baea-12e5bc83d71f,6cb7ea64-a794-4489-aff9-5d771b62259c,2023-08-03 13:50:00,2c7c0b40-21e5-4026-b405-3281a1c094fa,2000,125,2125
058ed2c4-4052-433a-a33d-fa37990d8e35,9d117cbc-8206-44fc-a784-1b7e26e69f14,2023-08-03 08:16:00,2c7c0b40-21e5-4026-b405-3281a1c094fa,600,37,637
f3df0fe1-3779-441d-b80d-19c8b750302d,c38122f1-bf34-4609-86ba-ffd1f95e88a1,2023-08-03 08:58:00,2c7c0b40-21e5-4026-b405-3281a1c094fa,600,37,637
c027225d-7e90-4c3c-bddf-6e0a21f00b1f,9fddd59b-8092-44dd-823a-2a10f4a954f3,2023-08-03 08:30:00,2c7c0b40-21e5-4026-b405-3281a1c094fa,600,37,637
b6bb9273-6f0d-46f0-bca7-5044604f92c8,900c8b72-6cf9-41c2-9528-bfd661a2a6c5,2023-08-03 08:28:00,2c7c0b40-21e5-4026-b405-3281a1c094fa,500,31,531
dfa29867-09a5-48db-9f4d-4433296db0de,05d37c9d-0780-45ea-9c41-ae74878ca992,2023-08-03 08:23:00,2c7c0b40-21e5-4026-b405-3281a1c094fa,700,43,743
28e0e30b-4fbe-4e2a-b1be-4266c619bfe8,2d98fe07-303d-43ac-b2c7-b688f0765087,2023-08-03 08:37:00,2c7c0b40-21e5-4026-b405-3281a1c094fa,700,43,743
728b7014-f286-4285-9f42-554981e49276,f75a6b15-5908-4701-be73-63cc159dd363,2023-08-03 08:20:00,2c7c0b40-21e5-4026-b405-3281a1c094fa,600,37,637
f7f48dfd-e81a-4325-a7ae-13ef151e8c13,8ba73904-d8b0-484e-9571-8f4fb405a99a,2023-08-03 13:34:00,2c7c0b40-21e5-4026-b405-3281a1c094fa,1700,106,1806
06135825-e632-48d0-8797-45e4622b12b0,325d860f-7129-46e3-84fb-ece38a4a511e,2023-08-03 07:46:00,2c7c0b40-21e5-4026-b405-3281a1c094fa,600,37,637
24884472-48b2-4add-9fc8-f7ed0d0d114e,185f50fa-1880-4d33-bffb-0229c00021e1,2023-08-03 07:28:00,2c7c0b40-21e5-4026-b405-3281a1c094fa,500,31,531
00b4e0e7-e7de-437c-acc6-f3fa34c878c0,82ebe082-4789-437f-b9ad-9b5af2e151f2,2023-08-03 13:59:00,2c7c0b40-21e5-4026-b405-3281a1c094fa,600,37,637
702b037b-ee60-4d25-a3d8-86c165868b97,b20bae30-2c82-4e03-ae3e-c6a9238fa0a2,2023-08-03 08:03:00,2c7c0b40-21e5-4026-b405-3281a1c094fa,700,43,743
81ef61d7-e96d-4d75-a961-f78c2bc67072,8bdfd5f7-e6c8-4213-90f8-290340275705,2023-08-03 08:16:00,2c7c0b40-21e5-4026-b405-3281a1c094fa,600,37,637
c3d6324d-6e5d-4397-8950-c44fd60a04b6,cbeee0fc-3284-458f-93fd-3c8b150ac383,2023-08-03 15:35:00,2c7c0b40-21e5-4026-b405-3281a1c094fa,600,37,637
0f6dc78f-8849-464e-bcbb-b0435d1bc7c5,4930bc83-623f-498d-9657-e6946df34670,2023-08-03 07:28:00,2c7c0b40-21e5-4026-b405-3281a1c094fa,700,43,743
9cfbd187-3d50-4698-acb9-4fe11b63b879,ff0e6672-f5c3-49c3-8641-640328bd5e32,2023-08-03 08:44:00,2c7c0b40-21e5-4026-b405-3281a1c094fa,600,37,637
8c44a179-17f2-46b3-b9d7-1bd358078cf1,86ce2bfe-cfd3-43d7-bf73-302839416a8f,2023-08-03 08:21:00,2c7c0b40-21e5-4026-b405-3281a1c094fa,700,43,743
b3e20cfd-4deb-46a1-99b5-1abf70da8598,d3a2e187-0d5f-4c0d-889d-aab3ff2fd8ba,2023-08-03 08:20:00,2c7c0b40-21e5-4026-b405-3281a1c094fa,400,25,425
b85eee0d-568a-4ba9-bf61-a880a2d117b7,9f15e740-2f82-40a0-be8d-3d0d64c9dd5c,2023-08-03 15:20:00,2c7c0b40-21e5-4026-b405-3281a1c094fa,600,37,637
679e9830-7ac1-412d-9551-91f6e3e9a6fb,669e7a05-fd01-45bb-8275-04e6656af5a3,2023-08-03 09:57:00,2c7c0b40-21e5-4026-b405-3281a1c094fa,3400,212,3612
b0989bb4-3d93-48b5-8595-4b8d2676c202,80dfe5a9-a827-4d90-82d0-89f2e2f8c5be,2023-08-03 11:10:00,2c7c0b40-21e5-4026-b405-3281a1c094fa,1300,81,1381
962ac05c-6ae0-4f75-a8b8-97d17dbd695a,b8e42ee1-c094-4f0b-af09-b9952db3e2d9,2023-08-03 13:13:00,2c7c0b40-21e5-4026-b405-3281a1c094fa,500,31,531
727af93b-6f39-4492-b5b7-69f7583d7b68,2aebbf7f-b775-4c03-9a7c-83deebadf4c0,2023-08-03 08:04:00,2c7c0b40-21e5-4026-b405-3281a1c094fa,400,25,425
6e26b79b-7e6b-4ee1-94e4-0cd60bdd1756,6c89e693-e895-44dc-b33d-28f79f7c619b,2023-08-03 07:40:00,2c7c0b40-21e5-4026-b405-3281a1c094fa,700,43,743
1c192b27-5bdd-4bc1-af6f-5b0dca85ff27,7819dde7-1b51-4fa3-8f8a-05d4753ded13,2023-08-03 08:04:00,2c7c0b40-21e5-4026-b405-3281a1c094fa,400,25,425
a0327f5a-7602-4a9e-90f5-b8e708234a97,30a2f263-f55c-4b89-83d1-c19eee532a38,2023-08-03 07:25:00,2c7c0b40-21e5-4026-b405-3281a1c094fa,600,37,637
95646dfc-e405-402d-81ea-e3fd4e7992c2,3e682e33-7cbe-4994-9744-100e97f4af69,2023-08-03 12:36:00,2c7c0b40-21e5-4026-b405-3281a1c094fa,3800,237,4037
1f0bac43-2b56-460c-a2df-6f9c859f54ca,25be8c41-9718-48cd-b694-0be70c58545a,2023-08-03 09:43:00,2c7c0b40-21e5-4026-b405-3281a1c094fa,0,0,0
09e06b5b-45ed-4ce9-b54d-4bdaa10ce9db,2c23560c-f644-4386-bfbe-a9743f443c42,2023-08-03 07:39:00,2c7c0b40-21e5-4026-b405-3281a1c094fa,400,25,425
f6942519-892b-44d5-afb1-7707656b3775,696f0c48-8a40-4f8f-8859-0850ae368437,2023-08-03 12:42:00,2c7c0b40-21e5-4026-b405-3281a1c094fa,4000,250,4250
cd09f882-c936-4c2b-8927-d11a38c3a18b,0fd9e06a-f844-4443-a59f-a35b876d3990,2023-08-03 10:50:00,2c7c0b40-21e5-4026-b405-3281a1c094fa,500,31,531
9ff5cbab-a4f9-4568-a731-ab0109b0e4aa,c55efd1e-8a85-45c7-9e8c-443b817ddda8,2023-08-03 14:19:00,2c7c0b40-21e5-4026-b405-3281a1c094fa,400,25,425
57906fc4-5cee-4c70-8373-da8102676a22,99f8915a-b1ec-40a3-ae24-14f3dd694d12,2023-08-03 07:53:00,2c7c0b40-21e5-4026-b405-3281a1c094fa,400,25,425
fd36c49a-fd20-4e8a-b971-120945ad61a4,8d3cdf25-82d6-4a3d-84c4-f2e0a031b3fe,2023-08-03 14:19:00,2c7c0b40-21e5-4026-b405-3281a1c094fa,600,37,637
82fd491a-933f-4160-a3ca-1d0908b45bb8,92b731d0-8f4e-4454-927b-c08037930a62,2023-08-03 11:31:00,2c7c0b40-21e5-4026-b405-3281a1c094fa,400,25,425
0d512941-7985-444f-be8e-7873c98c9eec,268ffc49-8df7-491e-a596-028aa31492ef,2023-08-03 07:55:00,2c7c0b40-21e5-4026-b405-3281a1c094fa,600,37,637
7b8f25b3-c01c-4bf2-8b06-907023376e36,3220d599-e583-4cac-9428-261bd8e3b069,2023-08-03 13:51:00,2c7c0b40-21e5-4026-b405-3281a1c094fa,1100,68,1168
af0af63b-3850-428f-9143-9842d16ff6bb,700e4d1f-cf30-4c0a-973c-7fd20e31e10a,2023-08-03 10:36:00,2c7c0b40-21e5-4026-b405-3281a1c094fa,700,43,743
327fdb96-341a-42ff-8288-8571d7204f01,0f5163de-14a7-4833-a294-13d3aae250f3,2023-08-03 07:46:00,2c7c0b40-21e5-4026-b405-3281a1c094fa,600,37,637
47e61985-8a84-47b4-8ac0-b60e9c4b5bd2,1f76a524-5999-4128-9a1c-d23931ae721b,2023-08-03 09:43:00,2c7c0b40-21e5-4026-b405-3281a1c094fa,700,43,743
c823f532-6b14-4167-bfd3-92c29268ae7f,2228ab7c-91a4-4cac-bebb-8e8f096524b0,2023-08-03 08:16:00,2c7c0b40-21e5-4026-b405-3281a1c094fa,500,31,531
49f92f6b-d890-466f-97ee-63875c6dc853,8e784b74-ab3c-4e1d-ac1d-668719158894,2023-08-03 08:29:00,2c7c0b40-21e5-4026-b405-3281a1c094fa,500,31,531
e79e9125-f4c3-4d02-8a11-f49be6e60508,f2ed3dee-af64-4cc3-abb6-22d3764641b7,2023-08-03 07:46:00,2c7c0b40-21e5-4026-b405-3281a1c094fa,600,37,637
77d3cf87-fea5-454c-ae43-05d95bf327df,c77b07ea-c37e-41a3-95f1-813c1f7879db,2023-08-03 07:22:00,2c7c0b40-21e5-4026-b405-3281a1c094fa,500,31,531
97eb64ac-6879-4154-afc7-06cd7b7c0d0f,731a3243-ba6e-4903-ad46-9d414fd8964f,2023-08-03 12:42:00,2c7c0b40-21e5-4026-b405-3281a1c094fa,500,31,531
49f2ac86-d7a6-480b-b542-58f278e5fd7f,27ed9719-c79b-40e1-8104-2725a63c045d,2023-08-03 08:29:00,2c7c0b40-21e5-4026-b405-3281a1c094fa,600,37,637
b4efb79a-77ef-4a46-b36f-2e815f98ed8b,02642c3e-981a-40f6-8403-7e10f5c62737,2023-08-03 13:33:00,2c7c0b40-21e5-4026-b405-3281a1c094fa,600,37,637
a1f8efdf-ab63-4bd5-a442-483eee8cbc22,3e5b15ad-2b58-4454-bd44-3bef2aee95bb,2023-08-03 13:27:00,2c7c0b40-21e5-4026-b405-3281a1c094fa,700,43,743
51389f2e-c346-418a-b081-d1ea92c764a2,f4077df6-3f65-49a0-8b0a-6832b2d150f1,2023-08-03 07:43:00,2c7c0b40-21e5-4026-b405-3281a1c094fa,500,31,531
64b28b32-3a1d-498c-9d3c-9567547af708,c8d5f897-ee46-4420-9672-70cd7d878c30,2023-08-03 08:01:00,2c7c0b40-21e5-4026-b405-3281a1c094fa,900,56,956
e2fda8b9-a27b-4df1-be61-ad935731cae4,0e0470a9-b5e2-4230-82fe-65e5ca22fb62,2023-08-03 10:49:00,2c7c0b40-21e5-4026-b405-3281a1c094fa,500,31,531
52281759-b35f-47b1-9bfe-17b8222cefed,ac4afb8d-0558-4ead-8f52-e442e2dd4924,2023-08-03 07:12:00,2c7c0b40-21e5-4026-b405-3281a1c094fa,400,25,425
8bcc1983-dccb-40b0-a6f5-74d321f8b052,3751b71a-1197-4375-b25c-da8de1782910,2023-08-03 16:10:00,2c7c0b40-21e5-4026-b405-3281a1c094fa,600,37,637
41f3fb0c-15f6-4782-9f05-30b390714dd5,b9d253c1-b0be-4045-ad56-78846256bc9b,2023-08-03 07:25:00,2c7c0b40-21e5-4026-b405-3281a1c094fa,400,25,425
44983f72-d38e-4059-adf5-8132c3359197,a199f995-f93f-450a-9dd2-4747e733f032,2023-08-03 07:17:00,2c7c0b40-21e5-4026-b405-3281a1c094fa,500,31,531
1e09004c-195e-40b9-a8e5-b74eec10af7d,6aa2e9f4-298e-4a00-ae30-40341edc970b,2023-08-03 17:37:00,2c7c0b40-21e5-4026-b405-3281a1c094fa,400,25,425
52c4c550-c353-45c2-835e-722cabaa7187,cf2d6243-d331-4c68-ae61-784a22223470,2023-08-03 13:10:00,2c7c0b40-21e5-4026-b405-3281a1c094fa,1900,118,2018
a9a5362f-3ceb-43ce-b527-3467ff72abe5,6a70bb64-0e00-43ef-9d71-59e6ff9d605f,2023-08-03 07:21:00,2c7c0b40-21e5-4026-b405-3281a1c094fa,600,37,637
762c9138-b9fc-42fc-9794-a9300f327cc9,e3194d11-8cfa-45a1-bf58-318f63ed3179,2023-08-03 08:18:00,2c7c0b40-21e5-4026-b405-3281a1c094fa,400,25,425
50591200-e0bd-47ab-a1cb-176f43e4f96f,0b4e3ffe-f5f7-4114-b024-c6db96ded07c,2023-08-03 08:25:00,2c7c0b40-21e5-4026-b405-3281a1c094fa,500,31,531
b155b71b-01a8-412d-8816-70b3956b326c,f76e7677-2b6c-436a-b99c-2c46889222e6,2023-08-03 15:18:00,2c7c0b40-21e5-4026-b405-3281a1c094fa,400,25,425
53383008-c320-4e09-956b-76c00825c759,04f0e58e-9310-4613-9620-9d86a9aac81e,2023-08-03 07:45:00,2c7c0b40-21e5-4026-b405-3281a1c094fa,400,25,425
16ae9275-e9ca-48c3-aabc-814ba61dc733,f108b09a-f3b1-4d80-b3d3-0610542982ea,2023-08-03 08:05:00,2c7c0b40-21e5-4026-b405-3281a1c094fa,700,43,743
7a6e5dad-c504-49c4-9a74-940af552637b,1d4f1fe4-7afc-4f0f-b019-c1e2b9c4d001,2023-08-03 08:12:00,2c7c0b40-21e5-4026-b405-3281a1c094fa,500,31,531
c18bea85-5ac8-4d3b-b9cd-73b6b7ee547b,e936075e-f265-47cf-9324-35d6187af866,2023-08-03 12:33:00,2c7c0b40-21e5-4026-b405-3281a1c094fa,1000,62,1062
997ff08d-c855-4455-8973-b51a8869fe33,2b0dd3ef-74b8-4b6a-bd42-b747870fbd42,2023-08-03 07:21:00,2c7c0b40-21e5-4026-b405-3281a1c094fa,600,37,637
2631f3ba-d8e2-4e41-beba-be418a290d33,46b591a6-100d-4561-ab0e-fc8d82150821,2023-08-03 15:13:00,2c7c0b40-21e5-4026-b405-3281a1c094fa,1100,68,1168
1be830f4-bc13-4ccf-bda9-e800135b639b,f58ade35-beb2-412f-a459-0684fedf4d28,2023-08-03 08:32:00,2c7c0b40-21e5-4026-b405-3281a1c094fa,600,37,637
78dd96ff-3c50-4480-8dfc-70a3ffebdb4d,e9ed64ae-e9bc-49a1-956f-fb7c07e2f289,2023-08-03 08:36:00,2c7c0b40-21e5-4026-b405-3281a1c094fa,600,37,637
88b62efc-5464-47a9-9fcb-36663deb44f3,58e99619-de64-48c0-adb0-1c722e1a8c04,2023-08-03 10:09:00,2c7c0b40-21e5-4026-b405-3281a1c094fa,600,37,637
fce149ee-70d6-42cf-8f35-694a36e57511,ad406609-038c-4d8f-908b-29eb83eddb40,2023-08-03 08:10:00,2c7c0b40-21e5-4026-b405-3281a1c094fa,500,31,531
328e8244-290b-4a20-84c4-6505dc32e4cf,74c597ea-d195-4bd1-aa04-e427bec2fa17,2023-08-03 07:57:00,2c7c0b40-21e5-4026-b405-3281a1c094fa,600,37,637
86ef3413-9052-4a81-9782-d60e8f5f359b,4cce8105-937e-47f6-a79a-245b6422e04f,2023-08-03 08:45:00,2c7c0b40-21e5-4026-b405-3281a1c094fa,700,43,743
43749cd6-664a-4b39-84df-bc6db63daa93,325ac660-f37c-4ee1-9a04-d41de102801e,2023-08-03 10:35:00,2c7c0b40-21e5-4026-b405-3281a1c094fa,4300,268,4568
62bbb8e8-64f7-48d7-ad67-7c51a3b916c7,2ff62908-2a68-4369-9d9c-86aa573ca4f2,2023-08-03 16:41:00,2c7c0b40-21e5-4026-b405-3281a1c094fa,1700,106,1806
d623bacc-856a-4666-acf3-8651bfdaf5c7,54505263-9477-4b44-99d7-c3c1cb5b9ae8,2023-08-03 10:41:00,2c7c0b40-21e5-4026-b405-3281a1c094fa,4500,281,4781
2fd095e0-67ab-4fb8-ad73-0fa4a5c3d361,d88640a1-b1be-4103-b8e4-b43117d8244c,2023-08-03 14:12:00,2c7c0b40-21e5-4026-b405-3281a1c094fa,600,37,637
59ba7bc0-791f-42cd-86a1-35f8904df8ed,fd31aa05-c88c-426d-9cd4-1bb676a9aab0,2023-08-03 12:17:00,2c7c0b40-21e5-4026-b405-3281a1c094fa,700,43,743
4c39ec5a-8249-437e-bf6e-4d70ec80df03,33e8b867-e2fc-41c6-9a25-dee67fa2f23f,2023-08-03 16:02:00,2c7c0b40-21e5-4026-b405-3281a1c094fa,600,37,637
129db87f-e30f-427c-98d1-a7563d8b77f1,290a6471-6527-42db-8a85-6452a351b89d,2023-08-03 08:42:00,2c7c0b40-21e5-4026-b405-3281a1c094fa,700,43,743
02698269-5d2d-41aa-a720-906613bc3bfb,f89fcee5-0944-4ab1-b8f9-7b894803324b,2023-08-03 12:32:00,2c7c0b40-21e5-4026-b405-3281a1c094fa,700,43,743
ad40b727-b042-4de7-8c3a-3ae40ba0a83b,0ddc410e-f67a-4ea5-8b59-8efea281727e,2023-08-03 07:54:00,2c7c0b40-21e5-4026-b405-3281a1c094fa,700,43,743
3c741bde-f101-430c-97e3-acd9d81e5be1,09a6f48f-08f7-4722-876e-34a69cd5afe0,2023-08-03 07:59:00,2c7c0b40-21e5-4026-b405-3281a1c094fa,600,37,637
ea0ce8ff-7e3e-4aca-ab0f-5787a6e9c52f,61221960-ce6c-49aa-9007-6deaee1fe79c,2023-08-03 07:46:00,2c7c0b40-21e5-4026-b405-3281a1c094fa,500,31,531
943a2e01-01a4-4e7e-a1d9-ee49aa9686b6,9258bdcd-9fa0-41f5-9ea0-8fa72ab25157,2023-08-03 07:50:00,2c7c0b40-21e5-4026-b405-3281a1c094fa,400,25,425
0309eabd-ce4d-405a-865e-b3754676df50,edf93937-7467-4cbe-be92-0abc0bc28432,2023-08-03 12:37:00,2c7c0b40-21e5-4026-b405-3281a1c094fa,600,37,637
422626e2-71a5-4091-9d67-2b335b22430e,fa75a7cf-2ade-467f-9125-602e50dd7cda,2023-08-03 11:18:00,2c7c0b40-21e5-4026-b405-3281a1c094fa,400,25,425
d451bbeb-4b2a-48a3-897b-bdd309de60ba,fa86383d-5c05-4a18-b6eb-6f97cf794762,2023-08-03 08:30:00,2c7c0b40-21e5-4026-b405-3281a1c094fa,600,37,637
a52dcba1-2c8d-4821-b310-6e90acf42d8c,225cedf2-e2bb-48d4-9737-4b90a89aa988,2023-08-03 15:14:00,2c7c0b40-21e5-4026-b405-3281a1c094fa,700,43,743
1621140e-47dc-4a98-9feb-cee609433a0d,4b733367-6af0-4554-9c5b-0dd8387cf875,2023-08-03 17:51:00,2c7c0b40-21e5-4026-b405-3281a1c094fa,600,37,637
b267df72-a289-4c22-ba3b-ef96fd457cb4,af3dc3c6-d7d9-4803-90d7-b55e79b22d76,2023-08-03 07:40:00,2c7c0b40-21e5-4026-b405-3281a1c094fa,600,37,637
d7fb3db8-b4cd-496a-bad7-5e085a853dd7,7187df43-a9cd-4d7d-9c30-f9bd4c359acd,2023-08-03 07:48:00,2c7c0b40-21e5-4026-b405-3281a1c094fa,700,43,743
65086899-0b3f-4941-b753-1d6e163268f3,5ad9d2fc-7fb9-404c-a18e-7ef4de86de05,2023-08-03 10:00:00,2c7c0b40-21e5-4026-b405-3281a1c094fa,400,25,425
c6caee96-4305-4b01-add7-142bc57828bc,d9e29bad-fb1a-4823-b64a-387f3730d778,2023-08-03 08:33:00,2c7c0b40-21e5-4026-b405-3281a1c094fa,700,43,743
795b4ac1-959b-41e3-b3d7-3e0aa53adee1,37cde76d-d177-41a0-bb0b-6c40df3f37b1,2023-08-03 07:47:00,2c7c0b40-21e5-4026-b405-3281a1c094fa,600,37,637
9a51a35c-1a72-40d3-830b-5db02dfe400f,490eb03b-b6c7-4dc9-81db-76fc63f7e94e,2023-08-03 12:51:00,2c7c0b40-21e5-4026-b405-3281a1c094fa,700,43,743
b725371c-cfa6-49f9-8148-17886633b18e,90b91ce7-46e2-4b12-baa8-2cdfa15656ea,2023-08-03 08:22:00,2c7c0b40-21e5-4026-b405-3281a1c094fa,500,31,531
909ef508-44bb-4168-acd8-4b21f0b92ad7,04f23052-0975-4fc5-b516-b502a44254eb,2023-08-03 10:59:00,2c7c0b40-21e5-4026-b405-3281a1c094fa,600,37,637
3cd95191-d06d-46e7-b7ae-d8ee07997f32,6580d0a6-b610-43c9-98b4-0b3a4d35181f,2023-08-03 08:10:00,2c7c0b40-21e5-4026-b405-3281a1c094fa,700,43,743
4cf0ed41-1f33-41ab-939f-a4e5d85f0435,8b7c60db-4f5b-40d2-ac84-2a4e24196bd3,2023-08-03 07:35:00,2c7c0b40-21e5-4026-b405-3281a1c094fa,700,43,743
33cd1a97-113e-49a5-8aed-9aecfa0864cf,d9f56e87-a63f-42db-a715-ecfd7c776e6c,2023-08-03 08:26:00,2c7c0b40-21e5-4026-b405-3281a1c094fa,600,37,637
c30b36e4-b458-4957-89df-5fff02e3bcfe,914a31cb-ac05-4d33-84c3-8ba56558f6fb,2023-08-03 08:02:00,2c7c0b40-21e5-4026-b405-3281a1c094fa,700,43,743
378676bf-8653-4795-8ed7-5deb13705d35,5ae067ce-c89b-429a-bfd8-835bd4f6c745,2023-08-03 11:04:00,2c7c0b40-21e5-4026-b405-3281a1c094fa,400,25,425
15ae762d-1877-483d-b526-2f0136929294,6bb09c4b-0695-44ea-abd7-b1f9ea506814,2023-08-03 11:59:00,2c7c0b40-21e5-4026-b405-3281a1c094fa,600,37,637
d9b2fcba-d46d-4f28-b850-6276ca6c93a1,73351b1f-87c4-4ec1-a2d3-0c7034a48f70,2023-08-03 12:11:00,2c7c0b40-21e5-4026-b405-3281a1c094fa,1800,112,1912
640cea5a-683a-4e51-b334-ef31e0a56b08,3fd3b778-820c-446d-9461-9dfda90aa25e,2023-08-03 08:27:00,2c7c0b40-21e5-4026-b405-3281a1c094fa,600,37,637
58ed161c-cf74-4d7f-a095-45014c03d109,163f378a-a94c-4a9c-b6f0-53730585540a,2023-08-03 13:22:00,2c7c0b40-21e5-4026-b405-3281a1c094fa,600,37,637
f597518d-1bbb-4579-a2d0-ba8a2a83f289,d80e2256-edee-4660-8e37-21cb670389f5,2023-08-03 12:19:00,2c7c0b40-21e5-4026-b405-3281a1c094fa,1600,100,1700
5fa10fb4-21ef-4bd8-95a3-67d74c0ae5c7,6d71309e-800a-463c-80cc-de411ebe5c20,2023-08-03 13:37:00,2c7c0b40-21e5-4026-b405-3281a1c094fa,2500,156,2656
c533d4e8-fe7a-4781-8a67-30a175935b1a,a2a067a7-47b7-4c15-a37f-f29551998f16,2023-08-03 19:00:00,2c7c0b40-21e5-4026-b405-3281a1c094fa,1000,62,1062
dc1c7fd3-f1ad-4399-bf08-3097803592fa,d9731a0e-c5f3-4a28-a7b7-108045d90039,2023-08-03 11:23:00,2c7c0b40-21e5-4026-b405-3281a1c094fa,700,43,743
afc5b6b0-e877-415b-8173-2f944669cef9,e7e3fcdf-879d-45fc-b066-362dfd474354,2023-08-03 11:36:00,2c7c0b40-21e5-4026-b405-3281a1c094fa,400,25,425
73ba3dfc-113b-4bce-882a-6202585b665b,1c5fdca0-fa37-49a3-85ee-3614527dbf89,2023-08-03 15:56:00,2c7c0b40-21e5-4026-b405-3281a1c094fa,1000,62,1062
883417e5-7dc6-4d70-a4cf-ee23ed340d04,d689cb26-458f-402b-aa4a-aae632f9d57d,2023-08-03 08:21:00,2c7c0b40-21e5-4026-b405-3281a1c094fa,400,25,425
e6f3fcb7-f5b8-462a-ac8f-15f50251f75f,bd05b338-26ea-4d55-b01c-de4c82c0f0e3,2023-08-03 16:50:00,2c7c0b40-21e5-4026-b405-3281a1c094fa,2300,143,2443
4f710953-4136-4124-85ff-732378fc7e63,ec200c8d-8fb0-4370-a443-0ef74c624392,2023-08-03 07:42:00,2c7c0b40-21e5-4026-b405-3281a1c094fa,400,25,425
5b965524-163e-4918-8d5d-223a5511a10a,d9cc6c50-9928-4d4f-8750-24817ff2bc24,2023-08-03 07:28:00,2c7c0b40-21e5-4026-b405-3281a1c094fa,600,37,637
66dfd325-d46b-46d6-922d-8e470d9e8304,4d56719c-923f-4b2e-ad9b-fb3f63869a1c,2023-08-03 17:40:00,2c7c0b40-21e5-4026-b405-3281a1c094fa,500,31,531
0a2b690c-6268-41c3-99bc-0ce77cea1f25,cb4b008e-1007-492c-80f1-c341d3956d37,2023-08-03 11:39:00,2c7c0b40-21e5-4026-b405-3281a1c094fa,1200,75,1275
16d205c9-eedc-43d6-840b-4d6bd8d34e69,332a1502-92d0-4eca-abc8-3733b038dba7,2023-08-03 15:23:00,2c7c0b40-21e5-4026-b405-3281a1c094fa,400,25,425
ec6d2434-bebd-4309-a868-f0fb6455a003,128657ab-6c0f-4b68-b619-8522913ff958,2023-08-03 09:37:00,2c7c0b40-21e5-4026-b405-3281a1c094fa,500,31,531
f5440f0e-1042-430c-9260-bec925dec67b,5ef51cb8-5373-43ab-baa8-bc0bf0b1f03a,2023-08-03 08:10:00,2c7c0b40-21e5-4026-b405-3281a1c094fa,500,31,531
bc1286ca-5133-480e-a95b-6fd9f790dc1a,4503c9d9-3380-4ab0-9c5c-d339b2f9a616,2023-08-03 10:10:00,2c7c0b40-21e5-4026-b405-3281a1c094fa,1100,68,1168
14317e26-b784-4b1b-aa18-ddbe93101eee,1e3c848c-e4ec-483c-9ae8-52d3965fd30f,2023-08-03 11:33:00,2c7c0b40-21e5-4026-b405-3281a1c094fa,600,37,637
7988be3c-8a95-42c9-8eb0-c2406dc8054d,8d2e11c2-d6a5-4854-bd30-4e74fda2e172,2023-08-03 10:08:00,2c7c0b40-21e5-4026-b405-3281a1c094fa,600,37,637
9153a165-493e-41a4-9fbb-c819a9c44b81,c63d7b39-84c4-496f-9e49-b022d4c67379,2023-08-03 13:15:00,2c7c0b40-21e5-4026-b405-3281a1c094fa,500,31,531
20c5dc70-a5cc-4ec6-b0e8-bd1685aed65c,567ad296-7827-479a-904c-03986fcd533f,2023-08-03 18:40:00,2c7c0b40-21e5-4026-b405-3281a1c094fa,600,37,637
a7728ec4-8979-4e40-98f4-824c057172b8,6ccf4269-e194-462e-8c01-8c5955d6bd1c,2023-08-03 07:46:00,2c7c0b40-21e5-4026-b405-3281a1c094fa,600,37,637
41bd8ed8-fca2-4f72-9783-d72e2d2de98b,e3031c45-e8dc-4f53-a9d9-d3d2d6da4eab,2023-08-03 08:06:00,2c7c0b40-21e5-4026-b405-3281a1c094fa,600,37,637
1ac49b16-d42a-4a3b-82db-99a58a25b225,c9cbb253-97c7-485c-b85f-451a18192201,2023-08-03 07:37:00,2c7c0b40-21e5-4026-b405-3281a1c094fa,700,43,743
c95ea984-b439-4217-9db3-f0bf334cd62b,6baf1e46-52c6-4e6d-8297-848fe09a0a7d,2023-08-03 11:52:00,2c7c0b40-21e5-4026-b405-3281a1c094fa,1200,75,1275
1b5ac6db-e968-4586-a2ea-4267cc1fe6f7,73ffeb0a-1eff-45da-a196-7ff2b71038cd,2023-08-03 11:51:00,2c7c0b40-21e5-4026-b405-3281a1c094fa,1600,100,1700
fe24ecfb-cd36-4df2-b5a4-2f487a9a10a9,61294bf7-3bd8-43ee-9337-959f51976365,2023-08-03 17:49:00,2c7c0b40-21e5-4026-b405-3281a1c094fa,1800,112,1912
29e51712-5882-433e-9b3a-1d518379e6c2,c9caa866-c448-4027-ac51-350ceb472f0a,2023-08-03 08:38:00,2c7c0b40-21e5-4026-b405-3281a1c094fa,600,37,637
64eefb6d-a783-4a01-810a-46aa02c5115a,ee6f24e9-513d-4727-a83d-116c25f2ddf4,2023-08-03 09:43:00,2c7c0b40-21e5-4026-b405-3281a1c094fa,2300,143,2443
9f5f09ac-1d88-4dc1-830d-f312858a1add,02deee14-c680-46b5-a231-4a5c23642767,2023-08-03 08:47:00,2c7c0b40-21e5-4026-b405-3281a1c094fa,900,56,956
96e8eff0-9f78-4f48-999d-ae4dcea89660,870e9d5f-72b4-4c42-a21f-7cdae3df8999,2023-08-03 08:04:00,2c7c0b40-21e5-4026-b405-3281a1c094fa,500,31,531
7e9382c1-d686-493f-9262-55e9418fa862,88895029-7409-4d53-bf53-9da65334592c,2023-08-03 16:39:00,2c7c0b40-21e5-4026-b405-3281a1c094fa,700,43,743
0b4ca3e7-9269-483c-8d30-ef500a425cfa,98dd44e0-8267-41d7-9ab7-2ec70d317edd,2023-08-03 08:25:00,2c7c0b40-21e5-4026-b405-3281a1c094fa,600,37,637
06e3d00f-57a4-4aa7-badb-d142b5d6e1fc,17533317-5f2a-48ba-96e0-d717d539ddbb,2023-08-03 19:57:00,2c7c0b40-21e5-4026-b405-3281a1c094fa,600,37,637
e64d5939-64d4-45fd-9d6f-4ebb419450c4,a3a3e27d-80d7-45cc-9c5a-cb1314ccedc3,2023-08-03 16:44:00,2c7c0b40-21e5-4026-b405-3281a1c094fa,400,25,425
4867c13a-25ab-48ac-bf1b-d3f59ff41c27,21ad42ca-b172-460f-b87d-eb3146cfd7ab,2023-08-03 13:06:00,2c7c0b40-21e5-4026-b405-3281a1c094fa,1900,118,2018
1ea1c23d-29bd-46d7-8ee1-655baca28df8,a6ba0baa-029e-4a9f-9825-b8af7fc606db,2023-08-03 17:03:00,2c7c0b40-21e5-4026-b405-3281a1c094fa,600,37,637
3025cf86-cae2-4901-86e6-f488961ef052,3c55c3b5-53c7-4c08-ae08-36d5c77362e5,2023-08-03 11:27:00,2c7c0b40-21e5-4026-b405-3281a1c094fa,600,37,637
3958dd6f-f824-4e88-812b-9f7e7e807b11,0152df6e-ca2a-4b7f-992b-a8820c211120,2023-08-03 15:41:00,2c7c0b40-21e5-4026-b405-3281a1c094fa,400,25,425
07485085-f6b1-4af8-a0e7-250bde0121b7,09a4ab63-59e2-4bb4-ad07-a754cdbbd0f1,2023-08-03 07:57:00,2c7c0b40-21e5-4026-b405-3281a1c094fa,700,43,743
419b1685-e0f1-44e1-bdeb-f2d7f16a84f0,cfe721e9-2b3c-471c-ab34-165a74d750ea,2023-08-03 08:02:00,2c7c0b40-21e5-4026-b405-3281a1c094fa,600,37,637
1ec52150-f436-43a5-85f5-96c02320805b,a369f7d7-177a-49e5-804f-b41b61109600,2023-08-03 07:19:00,2c7c0b40-21e5-4026-b405-3281a1c094fa,400,25,425
d1171983-b36b-4f2d-868c-2e65ea0fd12f,365d2e41-1070-4e46-8033-a297d6ef1a98,2023-08-03 08:34:00,2c7c0b40-21e5-4026-b405-3281a1c094fa,700,43,743
804b3783-9e08-4451-b886-da6405e8ae6d,26695097-7378-4faa-9f62-d0e0664ff11e,2023-08-03 08:01:00,2c7c0b40-21e5-4026-b405-3281a1c094fa,400,25,425
bc459f90-da30-4e37-b123-5e2997e0b71b,20cf11ec-8799-4af2-bd7a-9e7f288d535c,2023-08-03 13:27:00,2c7c0b40-21e5-4026-b405-3281a1c094fa,1800,112,1912
5c305ccf-91fb-4aed-a720-ec5a3a12daec,d48cb31c-5a14-4389-8b0f-0d002d402ecb,2023-08-03 12:29:00,2c7c0b40-21e5-4026-b405-3281a1c094fa,600,37,637
504d21b8-1037-4495-a23e-42bd4e31357d,b653f7bd-b936-4fb5-aab7-010797a6d1f2,2023-08-03 16:52:00,2c7c0b40-21e5-4026-b405-3281a1c094fa,2200,137,2337
ef29b1fd-bcad-4999-b0b0-453707e9bdf8,763902ed-d882-4eca-a0f1-0b333eb57c8d,2023-08-03 07:45:00,2c7c0b40-21e5-4026-b405-3281a1c094fa,600,37,637
2572b7ab-f5ad-4621-9ed6-2dbb992e56fb,9acce0e8-d045-4d2f-b4b2-a017e0dc7a4a,2023-08-03 15:03:00,2c7c0b40-21e5-4026-b405-3281a1c094fa,700,43,743
7b8bf656-6732-4c0f-907e-c6e2029fbca7,44078c2b-ff96-4411-ac21-3ac475d9f62f,2023-08-03 08:02:00,059136e5-beb1-43f4-a3fe-9cc14dd0989b,500,37,537
22abf900-dfef-491b-bffe-ef05651da084,09e7c029-5016-4dfa-8e31-77678314c378,2023-08-03 08:54:00,059136e5-beb1-43f4-a3fe-9cc14dd0989b,400,30,430
9d2b4026-d5ab-4315-bee2-91fc94c9d7ac,81470d98-dacd-4700-ba0c-0c7913bef08f,2023-08-03 07:31:00,059136e5-beb1-43f4-a3fe-9cc14dd0989b,700,52,752
e2dc1349-6e09-4c41-9d6f-647752bfe08f,eb73fd2b-84fb-4ac2-99e5-bcd032393a5c,2023-08-03 13:06:00,059136e5-beb1-43f4-a3fe-9cc14dd0989b,1000,75,1075
f63b28c7-ff35-479a-bad8-797c63d653f9,d0dc284e-b60f-48e9-9b8d-c12ab1d0424c,2023-08-03 07:52:00,059136e5-beb1-43f4-a3fe-9cc14dd0989b,500,37,537
81808f99-4820-422f-a27a-35891fc760a9,daeb0a8d-7840-447b-bb99-8952510a6f73,2023-08-03 12:11:00,059136e5-beb1-43f4-a3fe-9cc14dd0989b,700,52,752
85d86aef-a4fb-4d5f-b0ef-4207a40667bb,ff2da684-c201-46c5-8d08-053bd768156b,2023-08-03 10:02:00,059136e5-beb1-43f4-a3fe-9cc14dd0989b,400,30,430
573c0183-8fae-4b0b-8b0e-e4d7f278fb76,71c39325-a7ad-4d27-8f8e-9bd563ba86c3,2023-08-03 12:35:00,059136e5-beb1-43f4-a3fe-9cc14dd0989b,600,44,644
e9587f69-345f-4d79-a2a8-2dff4a02a04f,a2c1254d-0f59-448f-ad1b-3148ddac6759,2023-08-03 14:28:00,059136e5-beb1-43f4-a3fe-9cc14dd0989b,600,44,644
8a9c55f1-0d47-4b46-8043-f031f3beea87,72b98a5e-a9a4-46ad-b5db-be0120ecdb29,2023-08-03 09:14:00,059136e5-beb1-43f4-a3fe-9cc14dd0989b,600,44,644
746b5563-361d-436b-8f59-ad2b5c476c4e,f8b78676-afd7-4af9-97ab-f0214590c933,2023-08-03 18:29:00,059136e5-beb1-43f4-a3fe-9cc14dd0989b,2000,150,2150
bdc5ed75-5961-48f9-9e47-c35008d7eb46,1c1ac51a-3921-40e4-a21e-99f6f6f6f01b,2023-08-03 08:22:00,059136e5-beb1-43f4-a3fe-9cc14dd0989b,500,37,537
d7f05f83-be9a-481c-9ef8-a6f243422f77,3f40e3be-f3ab-4e84-b084-3b2f6f92b1ed,2023-08-03 08:28:00,059136e5-beb1-43f4-a3fe-9cc14dd0989b,700,52,752
3df96154-fbdd-4508-abef-89b5daac2ffd,18b3cb0c-66bf-4610-953a-7d06de368bf4,2023-08-03 08:09:00,059136e5-beb1-43f4-a3fe-9cc14dd0989b,500,37,537
26f82725-0792-44b1-b9f8-7b3c4bd8a3fc,e3f6c810-39ff-4eb4-8cc8-3700ee849ace,2023-08-03 07:54:00,059136e5-beb1-43f4-a3fe-9cc14dd0989b,500,37,537
3aa2c5ab-eb7c-4c79-a50a-eafaec68d8fa,01edc445-0ab9-4ece-b57d-56073a6a59fd,2023-08-03 13:06:00,059136e5-beb1-43f4-a3fe-9cc14dd0989b,700,52,752
93d1b9fe-9668-49ed-9522-322de1f3b252,9692b46e-25c9-4e94-875e-0f631d0b3e28,2023-08-03 14:07:00,059136e5-beb1-43f4-a3fe-9cc14dd0989b,500,37,537
28120abd-d1dd-43a7-9ef3-a4911d9337a2,fbbde25c-9726-4609-bf16-18667aaf6916,2023-08-03 12:40:00,059136e5-beb1-43f4-a3fe-9cc14dd0989b,400,30,430
39bef5b6-5804-411b-9c2a-336e0b5554c5,2a1fde7e-ff9e-41b3-bb63-60756dd3cca3,2023-08-03 12:32:00,059136e5-beb1-43f4-a3fe-9cc14dd0989b,600,44,644
677c54da-33f9-4bb3-aa3e-466b57a07b8a,f598c3f9-089b-45ed-bdf2-192ebf4b52a8,2023-08-03 08:13:00,059136e5-beb1-43f4-a3fe-9cc14dd0989b,600,44,644
8d3daf17-d215-4af9-98a4-60a078715d87,dd6054cf-c805-442d-9ba8-23178af8d01c,2023-08-03 08:04:00,059136e5-beb1-43f4-a3fe-9cc14dd0989b,400,30,430
0ab6b0b5-8cb0-408b-9dd7-243efcb6d741,506e4013-8887-496e-9a04-f0e01887e821,2023-08-03 08:29:00,059136e5-beb1-43f4-a3fe-9cc14dd0989b,600,44,644
41951e3c-37c0-47b9-986a-ca736bf491de,59c3fff8-9714-4490-bb0a-91b54d55a88e,2023-08-03 13:00:00,059136e5-beb1-43f4-a3fe-9cc14dd0989b,600,44,644
dad9211e-3914-4710-b726-f17b62f77cc7,db50af94-1909-4313-988e-8695a73ed980,2023-08-03 11:37:00,059136e5-beb1-43f4-a3fe-9cc14dd0989b,600,44,644
48e5336f-6164-49d0-997b-c1b82e57e855,286c7b1a-c254-4b5a-aed6-0b013043d54d,2023-08-03 12:29:00,059136e5-beb1-43f4-a3fe-9cc14dd0989b,2900,217,3117
6b5a38ca-8069-4537-8eb4-04a96c456418,0bd2b5e2-1051-47d3-9c88-8fe2cce0d72c,2023-08-03 07:48:00,059136e5-beb1-43f4-a3fe-9cc14dd0989b,400,30,430
27820544-6652-4f02-a46d-5be5834a63cc,dce91346-49e1-4dc0-8151-0aee0146f7b0,2023-08-03 08:35:00,059136e5-beb1-43f4-a3fe-9cc14dd0989b,400,30,430
d80efea5-9a79-45bf-b455-1a409fa8d38a,44cd1c90-3e7d-45f1-b7a7-eb24f631ec62,2023-08-03 11:48:00,059136e5-beb1-43f4-a3fe-9cc14dd0989b,700,52,752
c0c016d4-cbc1-4215-9ca2-06eae7d4499b,3ba06841-e0f5-4986-a061-a20a8d1a9468,2023-08-03 07:29:00,059136e5-beb1-43f4-a3fe-9cc14dd0989b,600,44,644
874604af-95c7-4906-bcfa-1fd1600a7436,08a94312-0375-4898-8816-c527f1a9e954,2023-08-03 07:52:00,059136e5-beb1-43f4-a3fe-9cc14dd0989b,600,44,644
15ccd675-3060-483f-8ffc-07445b0d7a0d,79729105-3697-4b71-a71a-ef98faaff6e9,2023-08-03 07:02:00,059136e5-beb1-43f4-a3fe-9cc14dd0989b,600,44,644
51c64f3f-34aa-4ef7-b786-1917427b4665,ab9a0bd4-92b5-4830-85c6-278efca955b1,2023-08-03 14:41:00,059136e5-beb1-43f4-a3fe-9cc14dd0989b,600,44,644
5ceeee07-11d7-4840-b944-93765a8cfe2f,b0307cea-2d3c-4d8b-8a8a-ff40768baf60,2023-08-03 07:18:00,059136e5-beb1-43f4-a3fe-9cc14dd0989b,600,44,644
46ea97e0-7908-485b-a88b-7cb55ba34637,3c804db9-c8df-4b39-a554-920bb75231af,2023-08-03 07:20:00,059136e5-beb1-43f4-a3fe-9cc14dd0989b,600,44,644
bbcebd08-915e-44c7-95e9-f60dc867b8f9,e9a5b80f-7b20-4349-bdbd-3568afefbedd,2023-08-03 11:01:00,059136e5-beb1-43f4-a3fe-9cc14dd0989b,2000,150,2150
9b83fae7-c503-421f-ae86-7c9f5508e05a,f7ad63c5-7073-4979-a425-55175695dc63,2023-08-03 08:56:00,059136e5-beb1-43f4-a3fe-9cc14dd0989b,600,44,644
a160b430-371c-4b64-9f77-e463fd5d9b13,a0cf9c75-f7b3-4933-a348-25b101bd09cb,2023-08-03 17:47:00,059136e5-beb1-43f4-a3fe-9cc14dd0989b,2000,150,2150
8c0b37cc-45c1-456c-aee5-b2b79ad339d3,c1cfb454-4447-43c5-a7b6-6769a6d3506e,2023-08-03 07:56:00,059136e5-beb1-43f4-a3fe-9cc14dd0989b,600,44,644
76a13f7d-4f53-4d46-9174-50d084e25301,781e5cf8-ed9f-4299-a163-e6a677bbe364,2023-08-03 07:44:00,059136e5-beb1-43f4-a3fe-9cc14dd0989b,700,52,752
4ec7347a-fb51-47a7-891a-bbd370ea4be7,050ddc48-4654-4eda-bca1-7f1fb8704f7a,2023-08-03 08:22:00,059136e5-beb1-43f4-a3fe-9cc14dd0989b,600,44,644
3adf2351-3ee8-4527-b3d4-562f33c561e3,10302e54-e659-4d7e-ac35-4df71a7d22ea,2023-08-03 10:09:00,059136e5-beb1-43f4-a3fe-9cc14dd0989b,2000,150,2150
60b4cb7e-5ce7-4b3e-9e58-ab920adb6053,2fa283a1-4467-4a1f-a6eb-da027d38ba02,2023-08-03 07:55:00,059136e5-beb1-43f4-a3fe-9cc14dd0989b,600,44,644
00eec171-d6a1-440e-b8ad-fa1a9753814c,f34929ee-3e72-4a33-add6-7a7058bf05d7,2023-08-03 16:10:00,059136e5-beb1-43f4-a3fe-9cc14dd0989b,2500,187,2687
80c1d488-9d2b-4ea3-8e81-ff8e1739e796,e785b14b-748f-4b64-9589-e822b226f9a8,2023-08-03 07:53:00,059136e5-beb1-43f4-a3fe-9cc14dd0989b,500,37,537
7269e912-d03c-4b40-bf0e-b25502acdb3a,31d0513e-0837-4053-8b9a-c3eff3970c19,2023-08-03 13:16:00,059136e5-beb1-43f4-a3fe-9cc14dd0989b,1000,75,1075
2b1ec4a5-2f1b-4a03-ad08-878b21da8695,23bb9204-6575-4bbb-b910-b827f247824b,2023-08-03 07:48:00,059136e5-beb1-43f4-a3fe-9cc14dd0989b,400,30,430
4cc3c6b4-d95a-4c65-b1e5-33d887a30ad2,51cad696-8312-4f57-8a0b-4fbdbe11af59,2023-08-03 12:55:00,059136e5-beb1-43f4-a3fe-9cc14dd0989b,600,44,644
034b1b3d-54c8-4bfc-b2c0-c58eea748198,7d830ecb-c405-4014-9d03-6443ad08dad7,2023-08-03 08:52:00,059136e5-beb1-43f4-a3fe-9cc14dd0989b,700,52,752
d22f07e7-63fd-4156-a13f-0d1d163c4b9e,a72450e6-ac79-41b8-a951-c455c4256bbf,2023-08-03 08:40:00,059136e5-beb1-43f4-a3fe-9cc14dd0989b,600,44,644
6da8e7da-aafd-41f6-b39e-a52153a01c6d,384c7811-188d-4f66-83fb-2521b09637b5,2023-08-03 07:44:00,059136e5-beb1-43f4-a3fe-9cc14dd0989b,600,44,644
dfe66313-6d7b-4633-8dbf-c87b969d8dc1,16c25ed9-359e-491e-a479-07e803146a44,2023-08-03 11:14:00,059136e5-beb1-43f4-a3fe-9cc14dd0989b,1700,127,1827
abfe28f7-040c-4897-b10b-566420019355,66284830-04a9-4d43-9b02-ef3ebd475c6b,2023-08-03 10:14:00,059136e5-beb1-43f4-a3fe-9cc14dd0989b,0,0,0
bfd6dfc6-ac2c-410a-8d12-d2703b07fae2,2c5c0bb7-5aa6-4531-950e-7a90fe92b74d,2023-08-03 08:19:00,059136e5-beb1-43f4-a3fe-9cc14dd0989b,500,37,537
5d6534b3-8e9d-4ced-88f8-883c3aead313,79f9014a-5103-4bc1-9806-b175661422e2,2023-08-03 11:06:00,059136e5-beb1-43f4-a3fe-9cc14dd0989b,600,44,644
1a312de2-967f-495e-9ebc-d7fb83c325e1,c133b21a-6b80-4f3a-8b2e-43df0b4514c7,2023-08-03 07:55:00,059136e5-beb1-43f4-a3fe-9cc14dd0989b,600,44,644
bde6cb54-3f90-4c10-a9d2-2dbbb1eee425,6051d0e2-7b43-4406-af46-4349d49109fa,2023-08-03 18:04:00,059136e5-beb1-43f4-a3fe-9cc14dd0989b,3000,225,3225
d274af4c-3726-45e7-9b45-8c1c60d18bb4,d0f85214-b373-4e3b-b6fc-0d50802c7e7b,2023-08-03 08:07:00,059136e5-beb1-43f4-a3fe-9cc14dd0989b,700,52,752
3714fda4-8d3b-4fa4-991a-9e62b878b3df,a3ccddd5-51c9-48a7-9d7e-de5d5da704a8,2023-08-03 15:14:00,059136e5-beb1-43f4-a3fe-9cc14dd0989b,1300,97,1397
06b79f18-6c00-40fd-96f6-5b930218287f,efebe247-224d-41d6-8094-612564a8c476,2023-08-03 11:28:00,059136e5-beb1-43f4-a3fe-9cc14dd0989b,1900,142,2042
37c3a309-f724-4c54-aabf-422ddd9f93fa,d5efbc69-fc67-4f1a-87f3-30e57baf632a,2023-08-03 09:02:00,059136e5-beb1-43f4-a3fe-9cc14dd0989b,600,44,644
1b426219-9bb9-4732-a1a2-f5cb4fed398c,643981ca-358e-445a-9174-e7061f452868,2023-08-03 11:27:00,059136e5-beb1-43f4-a3fe-9cc14dd0989b,600,44,644
4e681c17-f442-4561-a2a0-414b2eef0e5a,e14001b0-3932-4497-86c9-3d31d51b3e3e,2023-08-03 10:59:00,059136e5-beb1-43f4-a3fe-9cc14dd0989b,700,52,752
677708f0-4fc5-493b-a99f-32c7a8e9f5f2,5396cc76-d8d6-42e0-9ac3-b8a36f8e9980,2023-08-03 07:57:00,059136e5-beb1-43f4-a3fe-9cc14dd0989b,500,37,537
7ed0c830-8d4f-41da-83f3-47ef172a3957,76728cb5-33de-4142-bcc8-61a9a63b3a90,2023-08-03 13:52:00,059136e5-beb1-43f4-a3fe-9cc14dd0989b,700,52,752
e392a72f-ad03-412d-82ec-f1434fdfb344,3d5cdd64-fe7e-4365-9e1d-97ee8a55f0fd,2023-08-03 07:50:00,059136e5-beb1-43f4-a3fe-9cc14dd0989b,700,52,752
a2529b11-c7c5-43f4-ad6b-275a1b933d74,4a037cff-561f-4546-a71e-858b06e94940,2023-08-03 13:06:00,059136e5-beb1-43f4-a3fe-9cc14dd0989b,600,44,644
c5fd97a0-1012-473e-90b2-90cae307eafc,7609b18e-4057-480c-be36-78507e0021d2,2023-08-03 17:57:00,059136e5-beb1-43f4-a3fe-9cc14dd0989b,1900,142,2042
428b870a-c30d-428c-8d56-d8d55e61c9db,cbe876c8-a324-4ebb-ae69-ae07df7846fd,2023-08-03 08:42:00,059136e5-beb1-43f4-a3fe-9cc14dd0989b,600,44,644
ed246290-40b0-4d6d-ab26-ceaa4309b77c,fb44c144-83bd-423d-a48c-644991b62aa2,2023-08-03 13:05:00,059136e5-beb1-43f4-a3fe-9cc14dd0989b,700,52,752
8fd75b20-5123-4613-91db-1c3682b8ff80,e20a9b34-c8ae-475a-a91f-e59b5e8490e9,2023-08-03 09:36:00,059136e5-beb1-43f4-a3fe-9cc14dd0989b,400,30,430
08cdea0d-5683-49a9-b778-0129e1724f49,7bf95b47-6cc7-4454-8e8d-c6ae37383823,2023-08-03 13:45:00,059136e5-beb1-43f4-a3fe-9cc14dd0989b,500,37,537
af78f245-a53d-44b0-8107-fe0dd1bd967b,e34930d8-a95d-4286-b7d2-147d08008c79,2023-08-03 16:04:00,059136e5-beb1-43f4-a3fe-9cc14dd0989b,700,52,752
dde1fb19-49d7-4c59-a1c7-1ec5896566de,529905cf-561e-4337-9a4a-175121574488,2023-08-03 08:19:00,059136e5-beb1-43f4-a3fe-9cc14dd0989b,400,30,430
0f8cede3-d5ec-44c9-8616-cb36db490633,a69aab5f-d0c5-48cd-a234-59717d300573,2023-08-03 12:26:00,059136e5-beb1-43f4-a3fe-9cc14dd0989b,600,44,644
44ce4cec-5e10-4881-bbb3-b14dfebcc7c5,eaa58131-5fab-42f2-804b-c6ac10286bbe,2023-08-03 15:03:00,059136e5-beb1-43f4-a3fe-9cc14dd0989b,500,37,537
cc11e810-7d9b-4c45-bd28-e79aee95362b,478906bc-057a-41da-a756-2ab94b7817b4,2023-08-03 08:12:00,059136e5-beb1-43f4-a3fe-9cc14dd0989b,600,44,644
b4b6c683-a504-4dee-be16-2441bbce63ae,20447c53-4457-454a-92ff-187ee6461822,2023-08-03 08:53:00,059136e5-beb1-43f4-a3fe-9cc14dd0989b,600,44,644
08589261-c0c9-47a0-866e-06b2c2b78914,4744369f-163d-4dd9-b650-9b94350334e7,2023-08-03 08:47:00,059136e5-beb1-43f4-a3fe-9cc14dd0989b,400,30,430
3404f2ea-9c5a-4cf4-8db8-22f58111308f,ed697b2d-ca88-4faa-99a4-9c92fa1017e2,2023-08-03 12:18:00,059136e5-beb1-43f4-a3fe-9cc14dd0989b,400,30,430
b5427d84-a083-4ec7-947b-ceae093ae9ab,361fcd5d-8d28-433b-abd9-c1e72a5cad2a,2023-08-03 07:52:00,059136e5-beb1-43f4-a3fe-9cc14dd0989b,400,30,430
da91b218-8a76-4740-858e-6f7c0f331443,b5cb0c28-0cc6-4467-8486-0c9eb5e599c1,2023-08-03 18:15:00,059136e5-beb1-43f4-a3fe-9cc14dd0989b,600,44,644
4b53d64f-5b51-4bc9-8d52-3b4c2e9d6181,48b85191-c0e7-4f81-96a3-d5f86031cfb9,2023-08-03 08:44:00,059136e5-beb1-43f4-a3fe-9cc14dd0989b,700,52,752
a75e643f-d486-4d8b-b3d2-5cacd5b12b06,3403b172-cee0-45a1-b3b0-bd780462a988,2023-08-03 08:12:00,059136e5-beb1-43f4-a3fe-9cc14dd0989b,500,37,537
556477fc-4f69-421a-a8d8-088e732ac74a,f1993284-9f81-43ed-be18-ebfd355bd0af,2023-08-03 07:21:00,059136e5-beb1-43f4-a3fe-9cc14dd0989b,700,52,752
ee6bab94-43a6-411b-ac2b-18d5723bcf54,525add24-e4bb-4a57-a41a-d1eb58ef9533,2023-08-03 14:31:00,059136e5-beb1-43f4-a3fe-9cc14dd0989b,1800,135,1935
ca5f81c8-b0f6-4d2d-8df5-ccb2ac2f4988,f3770952-5a51-4000-a02e-03c4918954dd,2023-08-03 11:33:00,059136e5-beb1-43f4-a3fe-9cc14dd0989b,600,44,644
dde99722-3bbf-44af-9e36-bab28420e9a8,6b830d11-3333-4049-8288-6e208d4bc7f0,2023-08-03 07:37:00,059136e5-beb1-43f4-a3fe-9cc14dd0989b,400,30,430
f79daa65-4f1f-4be7-864f-4b026e5bf159,4b58cedb-94dc-439d-bb7b-7c5c75747a53,2023-08-03 17:38:00,059136e5-beb1-43f4-a3fe-9cc14dd0989b,1100,82,1182
27df2aa6-0140-410f-91ff-5655cf7f013d,84345e57-4d88-48e8-823d-ef85cbe1ebea,2023-08-03 09:12:00,059136e5-beb1-43f4-a3fe-9cc14dd0989b,500,37,537
60d98ce9-5e17-409e-9eae-2e7db134aab3,40010f7f-b687-44ea-8480-833608955e88,2023-08-03 14:40:00,059136e5-beb1-43f4-a3fe-9cc14dd0989b,1800,135,1935
94408b9d-1077-4d84-b277-151215b1f49e,3b5c482b-db0f-4224-b3c0-17ab92ef7ef3,2023-08-03 14:27:00,059136e5-beb1-43f4-a3fe-9cc14dd0989b,500,37,537
c5181057-b5d5-460d-aae8-f8cec04665f3,ae8150b4-56c5-4822-abcf-50b46552f222,2023-08-03 07:55:00,059136e5-beb1-43f4-a3fe-9cc14dd0989b,700,52,752
d66b7dd4-85fa-44cf-8e07-c7c70fc4325b,4009b786-5c37-4ffe-82fe-8f1dffb7cf4a,2023-08-03 08:07:00,059136e5-beb1-43f4-a3fe-9cc14dd0989b,400,30,430
348af747-3de3-41ce-83f6-de66bda45670,a03939d5-2ed1-48c7-861f-0f54e7c51c5f,2023-08-03 08:13:00,059136e5-beb1-43f4-a3fe-9cc14dd0989b,600,44,644
72ca790a-a61f-48d2-be56-a7f567452b76,9f9cc618-fb12-4064-9726-a9236f358de4,2023-08-03 16:35:00,059136e5-beb1-43f4-a3fe-9cc14dd0989b,700,52,752
d7202404-8562-4a4c-9d11-c2bebbd90184,168a6b37-3ff2-4307-8348-321ef39ada37,2023-08-03 08:24:00,059136e5-beb1-43f4-a3fe-9cc14dd0989b,500,37,537
5e5b5af3-4754-48fb-839d-17150c40c73e,827d9a15-9457-44f3-a39d-8df06d76b159,2023-08-03 10:22:00,059136e5-beb1-43f4-a3fe-9cc14dd0989b,600,44,644
14afabd2-5a19-4bd6-8d0c-71637f8a9e24,74363858-755e-4210-b5d9-830b25a965c4,2023-08-03 18:22:00,059136e5-beb1-43f4-a3fe-9cc14dd0989b,800,60,860
923c78bc-211a-4511-98e1-caea091c2fc3,0fddd792-32d9-4048-ba1f-1bca261a4a84,2023-08-03 14:16:00,059136e5-beb1-43f4-a3fe-9cc14dd0989b,600,44,644
64a8a2f2-ea28-435a-9199-b04a016afea8,56cff385-b95f-49b9-b34f-c839e39df055,2023-08-03 09:55:00,059136e5-beb1-43f4-a3fe-9cc14dd0989b,600,44,644
c075a88d-d577-4092-ac51-efa162dc4819,daffc59b-fd5d-48fc-a81a-311c5e0885a5,2023-08-03 08:31:00,059136e5-beb1-43f4-a3fe-9cc14dd0989b,500,37,537
ead57c59-4cb6-40d0-85ed-fcdd0582a373,37fc1b50-84ef-40db-b99a-64dd7281c7a7,2023-08-03 12:25:00,059136e5-beb1-43f4-a3fe-9cc14dd0989b,500,37,537
b14a271c-dfde-4d05-aa0c-5d1f52a4726d,14b55929-5438-4892-9073-524d32d4e944,2023-08-03 10:04:00,059136e5-beb1-43f4-a3fe-9cc14dd0989b,500,37,537
fa125cee-1fc2-49c5-8f89-8ae334662271,8413f205-78b2-441a-8916-79cc2820f5d0,2023-08-03 16:01:00,059136e5-beb1-43f4-a3fe-9cc14dd0989b,700,52,752
f1e5ce33-02b0-48cb-a829-1856fce2a941,d6015423-d5f4-48d9-8dba-5184e114d126,2023-08-03 08:26:00,059136e5-beb1-43f4-a3fe-9cc14dd0989b,700,52,752
e8fba823-92f4-4f82-bcd6-83a49d0b9332,187c7384-25b3-4172-bee6-99f83f02b761,2023-08-03 15:44:00,059136e5-beb1-43f4-a3fe-9cc14dd0989b,600,44,644
83de926f-d01b-4a17-88af-d776c5823f50,f8a4f769-0195-44be-9cb4-a90210c4047e,2023-08-03 07:00:00,059136e5-beb1-43f4-a3fe-9cc14dd0989b,700,52,752
f1bf3ddf-fdfc-415f-a6b2-c4ddd9b15841,e0983e91-a701-429d-bc70-28a23527f04c,2023-08-03 11:30:00,059136e5-beb1-43f4-a3fe-9cc14dd0989b,500,37,537
2d3a50cb-dead-4e91-be88-d8f40777ecb1,40ec592a-e3ab-417e-ad8f-8f4c3f5dc8cd,2023-08-03 13:15:00,059136e5-beb1-43f4-a3fe-9cc14dd0989b,600,44,644
b43bb98f-aad7-4226-bafe-002cbdb9dfc9,b8a55754-7bb6-4a63-9c0d-1acd5d4d49ca,2023-08-03 07:29:00,059136e5-beb1-43f4-a3fe-9cc14dd0989b,600,44,644
a2ed34d7-5c6e-4def-b8ad-3b0ca7c652b8,83872f19-552c-47b2-9fd3-4db4c2f6753f,2023-08-03 07:32:00,059136e5-beb1-43f4-a3fe-9cc14dd0989b,700,52,752
0e22811e-6f29-443f-b6ee-58153ad0e8f9,0b4320be-1aed-4451-b8d4-bfe6e56b3281,2023-08-03 16:14:00,059136e5-beb1-43f4-a3fe-9cc14dd0989b,600,44,644
2315be4e-f7b8-4507-8961-e1f5632d512f,26fc60b3-85e6-43e5-b371-71877025c8d1,2023-08-03 07:55:00,059136e5-beb1-43f4-a3fe-9cc14dd0989b,400,30,430
0853882b-95b7-437f-9a99-4228912e04dc,27b3d9ff-db39-4ce8-8de0-2090a7e90776,2023-08-03 08:21:00,059136e5-beb1-43f4-a3fe-9cc14dd0989b,500,37,537
e20fddac-50fc-44a2-8a3b-6b8de26bf277,3c7c5fb0-d621-44e5-9d08-388975ae8faf,2023-08-03 08:02:00,059136e5-beb1-43f4-a3fe-9cc14dd0989b,400,30,430
ea1d49bf-523a-4d09-962d-1bb592ba7141,55a28803-2496-4e1a-84e5-f0a46aaead70,2023-08-03 14:01:00,059136e5-beb1-43f4-a3fe-9cc14dd0989b,500,37,537
6ec863c5-a36e-436b-85aa-4b37659168e4,c1fadf94-71e8-4d09-b9b0-2af116108a24,2023-08-03 08:00:00,059136e5-beb1-43f4-a3fe-9cc14dd0989b,400,30,430
ffe5d877-3fa8-4716-bebf-74d3d10dfa6b,60c396b2-d634-4be2-9aaa-7f1a832f4305,2023-08-03 11:32:00,059136e5-beb1-43f4-a3fe-9cc14dd0989b,400,30,430
3bc4d769-fde2-4c4c-b28e-24670884959d,71c22f51-5140-4058-aca4-e1297f024cd1,2023-08-03 07:50:00,059136e5-beb1-43f4-a3fe-9cc14dd0989b,500,37,537
0ad09760-57f8-409a-b84a-12ea838d439c,0c903c1d-a0ab-4e8e-b1ce-e40f8f7c70ee,2023-08-03 14:38:00,059136e5-beb1-43f4-a3fe-9cc14dd0989b,1200,89,1289
1cff0898-ebe5-4fb5-9813-dc83ce5dd292,ca896e2e-2dae-438f-ac59-9b251ce53240,2023-08-03 14:14:00,059136e5-beb1-43f4-a3fe-9cc14dd0989b,900,67,967
61c80687-5ace-40f1-a0ca-0f8eb142112a,7e72fe96-b013-4324-869d-caa2d564f37e,2023-08-03 08:44:00,059136e5-beb1-43f4-a3fe-9cc14dd0989b,600,44,644
249ac013-fd9c-433d-addd-5372d46d5aef,cae7f2a7-5319-4d2d-b18c-d38b90318742,2023-08-03 10:41:00,059136e5-beb1-43f4-a3fe-9cc14dd0989b,700,52,752
94232420-9833-4da3-85e8-1857e7f8ac6d,9b42559d-e62d-4ab2-ba36-11562c60d296,2023-08-03 08:24:00,059136e5-beb1-43f4-a3fe-9cc14dd0989b,700,52,752
8ed55fda-1b43-4214-93cf-349581e9ab0c,f637c2f2-576f-420d-bdb7-9836d12af85a,2023-08-03 08:07:00,059136e5-beb1-43f4-a3fe-9cc14dd0989b,500,37,537
80117875-1fea-4ea0-9e18-3d03e39c6072,0011a704-5681-4123-8dca-1af0bdc2de41,2023-08-03 08:19:00,059136e5-beb1-43f4-a3fe-9cc14dd0989b,600,44,644
bcb1e487-271d-4813-9a1c-a4848bc3d29b,9c3f8f66-e595-47b4-b696-2ef95c13ed39,2023-08-03 13:13:00,059136e5-beb1-43f4-a3fe-9cc14dd0989b,700,52,752
049cf66b-32aa-4662-86ba-e649aa372108,7add3d5c-dfe4-41a7-9a61-3b9186a0f846,2023-08-03 07:46:00,059136e5-beb1-43f4-a3fe-9cc14dd0989b,400,30,430
b8b1b918-73c4-45ab-a3cf-1e90c7d90974,46c2e8d7-6868-4004-8960-1f640fed6c16,2023-08-03 13:39:00,059136e5-beb1-43f4-a3fe-9cc14dd0989b,700,52,752
ad6c0a0c-c10b-4b4d-a437-9cb1dc63640c,b3f1fd68-97bf-448c-b555-6f57c1700866,2023-08-03 08:45:00,059136e5-beb1-43f4-a3fe-9cc14dd0989b,400,30,430
c0b61e48-918f-4a09-b6ea-9b55c99039fb,9811ec22-d635-41a7-a89e-82847322d546,2023-08-03 13:13:00,059136e5-beb1-43f4-a3fe-9cc14dd0989b,400,30,430
2917d8d7-24dc-47cb-8661-30580fa3fc57,39ceb3c4-d968-4af0-8bd1-6010ee5cf91c,2023-08-03 07:36:00,059136e5-beb1-43f4-a3fe-9cc14dd0989b,600,44,644
a2b60514-ca80-474e-a10c-6cd206ff1cb9,6156c2e5-b70a-4109-9e08-c0c9d8dd1210,2023-08-03 08:17:00,059136e5-beb1-43f4-a3fe-9cc14dd0989b,600,44,644
e61d0637-bc8b-4c9b-be4f-9ec0e3d387f0,bc218511-0fcd-4e51-b161-55bb383e4157,2023-08-03 15:33:00,059136e5-beb1-43f4-a3fe-9cc14dd0989b,700,52,752
afb19896-2253-4fcc-9d73-d06a2d50a1bd,1578fa35-446f-4174-9169-551e1d5edb6a,2023-08-03 07:22:00,059136e5-beb1-43f4-a3fe-9cc14dd0989b,500,37,537
4fb46877-b28f-4cc3-9315-2eca0344113c,da27997d-033a-4572-9ec1-68423b3910b9,2023-08-03 14:17:00,059136e5-beb1-43f4-a3fe-9cc14dd0989b,2000,150,2150
dabbc212-c91e-4209-b667-2b28e3e677f5,e51ff3e5-c9ac-4a9c-b8d4-2d62d04f9d59,2023-08-03 12:00:00,059136e5-beb1-43f4-a3fe-9cc14dd0989b,400,30,430
6b6f9d01-9198-4186-8ad9-8c68fd521209,63358e1d-e741-46a1-a85b-f5b455bf59d4,2023-08-03 08:22:00,059136e5-beb1-43f4-a3fe-9cc14dd0989b,400,30,430
48c7f42a-9db0-4ecc-a29e-caaffc1a8614,6f1a267d-6197-403b-bea9-2d3f5f9665ae,2023-08-03 13:09:00,059136e5-beb1-43f4-a3fe-9cc14dd0989b,700,52,752
8b66052d-a57b-4a90-8088-04b03569ee00,ec31d820-7060-4567-9f40-46916bc49255,2023-08-03 13:30:00,059136e5-beb1-43f4-a3fe-9cc14dd0989b,1800,135,1935
26194883-a47a-492c-bd6c-23ee9a0d373d,879873ef-7ee7-45d1-a0f8-3ab1ff52b1de,2023-08-03 07:58:00,059136e5-beb1-43f4-a3fe-9cc14dd0989b,600,44,644
c8f3c5b4-8aca-43cf-8d19-f3222e085369,24d003ab-ccb6-4065-91b7-bbca21bc21f8,2023-08-03 13:01:00,059136e5-beb1-43f4-a3fe-9cc14dd0989b,1700,127,1827
1aea566f-8dbb-4d53-8477-ad05c9d6b9a7,9bed6524-997f-46c1-a4d7-37e566808f48,2023-08-03 09:13:00,059136e5-beb1-43f4-a3fe-9cc14dd0989b,600,44,644
33405f51-c057-4c55-a017-efc65610caf8,757ad23d-2490-44ac-8683-ac603986068b,2023-08-03 07:30:00,059136e5-beb1-43f4-a3fe-9cc14dd0989b,600,44,644
100b54b8-7643-4592-8d46-f78993bc1857,8e41ce23-0858-4778-bac4-f113515f4409,2023-08-03 08:00:00,059136e5-beb1-43f4-a3fe-9cc14dd0989b,600,44,644
82932893-8ec6-4762-9cd0-7ce49fb77a81,5557ee9c-aeb5-4267-9fc0-6430874d3a0c,2023-08-03 09:59:00,059136e5-beb1-43f4-a3fe-9cc14dd0989b,2800,210,3010
758d7a76-b7bb-4143-9033-f43241d2f39c,d3721883-cbf4-403c-86f4-addf916ec123,2023-08-03 09:52:00,059136e5-beb1-43f4-a3fe-9cc14dd0989b,400,30,430
abc15914-5033-4381-ba68-ff5d1a0a3aeb,987ded3d-0eb7-4546-9a65-073dfc15621f,2023-08-03 08:22:00,059136e5-beb1-43f4-a3fe-9cc14dd0989b,400,30,430
80bea3da-3174-4fb7-86a6-974ce51ad6a9,71226ce1-aac0-48fa-b99b-05a4ab69dde7,2023-08-03 07:36:00,059136e5-beb1-43f4-a3fe-9cc14dd0989b,500,37,537
4710fda9-1277-43d0-8e0d-20d69b47d72c,83cd5e82-fcef-4b1a-9a26-3889abd99ee9,2023-08-03 07:09:00,059136e5-beb1-43f4-a3fe-9cc14dd0989b,700,52,752
553f1a0c-f123-4c7d-97b1-aacfdc52bade,e1279ada-8639-4103-93d1-7e4fe86e915a,2023-08-03 14:06:00,059136e5-beb1-43f4-a3fe-9cc14dd0989b,600,44,644
3b8bebda-478e-4206-9853-3ea513c48db6,41c9f26f-ad03-4bb6-b0c8-6c4754d887fc,2023-08-03 11:58:00,059136e5-beb1-43f4-a3fe-9cc14dd0989b,500,37,537
717f7599-7e45-4910-bf44-386390d37eca,bbd60ac7-5fef-454b-aabb-66031f4a499d,2023-08-03 08:38:00,059136e5-beb1-43f4-a3fe-9cc14dd0989b,600,44,644
b6b4cec7-8631-46dd-8fde-b674d5a2b92d,7a117ba4-34c0-4a2b-8950-ef18771fe5c7,2023-08-03 12:09:00,059136e5-beb1-43f4-a3fe-9cc14dd0989b,1200,89,1289
6f7befa7-449a-45d8-931c-33733b4bad3e,e7cb0957-3b8a-4d78-807e-241cdafaf2a3,2023-08-03 12:26:00,059136e5-beb1-43f4-a3fe-9cc14dd0989b,3000,225,3225
67ce2923-cb19-46b2-88f7-3f9510358a5b,9c13901c-0760-4290-bb22-b3cda0ae0492,2023-08-03 08:25:00,059136e5-beb1-43f4-a3fe-9cc14dd0989b,400,30,430
aaf96d57-9af4-4ad1-b0f0-5acc84b69878,df8e1c87-b450-4bdb-bb3d-982138f86dbf,2023-08-03 08:42:00,059136e5-beb1-43f4-a3fe-9cc14dd0989b,500,37,537
e9b5b7f5-429e-4fa0-a969-4f361674f857,28bd6a31-b941-4df4-92da-9da703597e5b,2023-08-03 07:06:00,059136e5-beb1-43f4-a3fe-9cc14dd0989b,600,44,644
ae59e688-e284-4795-af88-af3dfd4a19ad,f813d86e-8dfa-492e-8e09-ac432110ec41,2023-08-03 10:21:00,059136e5-beb1-43f4-a3fe-9cc14dd0989b,500,37,537
f660b93e-d318-4f6f-89f2-525c2221c462,562a2cec-caac-4d07-918b-b4c60e4b1505,2023-08-03 08:23:00,059136e5-beb1-43f4-a3fe-9cc14dd0989b,600,44,644
b67b3195-f19e-4be2-9525-7110535636a9,bfaa418f-dc55-4a58-baf3-ae68dd84beb5,2023-08-03 07:20:00,059136e5-beb1-43f4-a3fe-9cc14dd0989b,600,44,644
28836cfc-fa5f-4ea5-b131-2aacb9e5d2ed,c0baed56-16e4-4b70-8dc9-4cd5328cae45,2023-08-03 08:16:00,059136e5-beb1-43f4-a3fe-9cc14dd0989b,600,44,644
033c5d82-0c73-41cf-aed6-20ba56c327a3,2452dcd2-e948-40a1-b7ec-fb569ac29d4a,2023-08-03 14:17:00,059136e5-beb1-43f4-a3fe-9cc14dd0989b,2400,179,2579
2459ca8f-37be-425d-87ba-bdd7a8c5026e,a38118ea-7e06-44e9-8f7e-e55707283e72,2023-08-03 15:15:00,059136e5-beb1-43f4-a3fe-9cc14dd0989b,1400,105,1505
063e5694-2e76-45c3-9c32-86a014c4dc26,5702df61-b819-4715-bb9e-ab49fcca2190,2023-08-03 07:40:00,059136e5-beb1-43f4-a3fe-9cc14dd0989b,500,37,537
ac24f771-7cfc-43eb-a011-28140fcde1c0,aec2afd8-9774-4a64-a81c-40bb66acfcfd,2023-08-03 12:56:00,059136e5-beb1-43f4-a3fe-9cc14dd0989b,2900,217,3117
852369e3-3373-4b81-b061-21b609527a55,5ff6898e-6fbe-41b2-abb0-7bdf107eeb3b,2023-08-03 08:41:00,059136e5-beb1-43f4-a3fe-9cc14dd0989b,600,44,644
eaac693c-33d4-4cc4-a04d-633e13847e96,d5ed11cf-a7a8-48e0-8db6-b53ea2b4215b,2023-08-03 08:27:00,059136e5-beb1-43f4-a3fe-9cc14dd0989b,400,30,430
e410a1cb-e6b3-4faf-9073-8bc2c7e67d96,4d6aa9ce-769b-41ba-93f7-fd93ac143e2e,2023-08-03 10:31:00,059136e5-beb1-43f4-a3fe-9cc14dd0989b,3300,247,3547
da01075e-78c6-4c71-af70-a02590425ad1,7c94f11c-d222-4fbf-8a10-b5dc85c91e8c,2023-08-03 10:22:00,059136e5-beb1-43f4-a3fe-9cc14dd0989b,1700,127,1827
fb26403e-315e-4369-845c-b1ed825b86ba,4cb59264-ffcc-452a-8b0e-82b2d93a13f8,2023-08-03 12:39:00,059136e5-beb1-43f4-a3fe-9cc14dd0989b,700,52,752
3027f6dc-21fb-4e32-9216-87460370268d,69b261e6-ada0-48de-94b4-7449a7e44a5f,2023-08-03 07:31:00,059136e5-beb1-43f4-a3fe-9cc14dd0989b,600,44,644
38b892a8-0b5a-4d46-be7a-f739dfdc16fe,5b7ca844-231c-4062-ac6a-4b3b609e5c76,2023-08-03 08:15:00,059136e5-beb1-43f4-a3fe-9cc14dd0989b,600,44,644
131909a0-361d-4918-b478-f4b54a5bb244,4f346960-fad5-45cb-b2fb-aa2c25662998,2023-08-03 14:57:00,059136e5-beb1-43f4-a3fe-9cc14dd0989b,600,44,644
12147e28-093d-44ff-85e3-13a7f30e233c,ab97f3ac-1614-471d-82d6-66432507cd64,2023-08-03 08:02:00,059136e5-beb1-43f4-a3fe-9cc14dd0989b,700,52,752
c2b41ddc-be5f-449c-b575-a95e90d89726,07a8b0a6-f708-4fe2-93b6-21978691ae73,2023-08-03 07:43:00,059136e5-beb1-43f4-a3fe-9cc14dd0989b,600,44,644
f5204cd0-5419-49a8-ba5e-c7f83b2dcc6e,8a23372e-fab4-4779-8f74-6f8a0f73b768,2023-08-03 12:56:00,059136e5-beb1-43f4-a3fe-9cc14dd0989b,2300,172,2472
43ee97b8-70d7-469e-bc06-6255716e7e7c,e6e521f9-4263-4abe-8cb3-3aec564ed17b,2023-08-03 07:46:00,059136e5-beb1-43f4-a3fe-9cc14dd0989b,700,52,752
01a6e011-7171-4cb7-9f86-15910f2b5bf5,0b4f304d-8026-4f2c-a91f-b3a7b61b8413,2023-08-03 09:16:00,059136e5-beb1-43f4-a3fe-9cc14dd0989b,500,37,537
abd4b930-debb-4b6b-b2ca-96d28addb6bc,144f7fec-c604-4938-9da9-0bfe2ddb8e7f,2023-08-03 11:12:00,059136e5-beb1-43f4-a3fe-9cc14dd0989b,1800,135,1935
29c67390-772c-4b27-b98b-e3e48efba5a0,d7f9570e-4b88-4892-aee5-c747cf0505ce,2023-08-03 07:00:00,059136e5-beb1-43f4-a3fe-9cc14dd0989b,400,30,430
62a256c9-5924-4992-a8b4-06761cc26634,2fff5639-709b-454a-803a-084249a1f25f,2023-08-03 14:27:00,059136e5-beb1-43f4-a3fe-9cc14dd0989b,400,30,430
18211805-8d16-4ef7-a663-06b493cf4618,56efbcd8-63c0-44d5-8879-81f6a4ae9706,2023-08-03 08:07:00,059136e5-beb1-43f4-a3fe-9cc14dd0989b,600,44,644
415d3646-5c2e-49a7-921f-cb113012b0fc,63c89071-7a92-40d7-b793-900c47a5567d,2023-08-03 08:18:00,059136e5-beb1-43f4-a3fe-9cc14dd0989b,600,44,644
84e877fb-7547-4f61-bb47-88787e94e592,34fbe879-d0cc-45b7-bf6b-da9542a4246f,2023-08-03 15:39:00,059136e5-beb1-43f4-a3fe-9cc14dd0989b,700,52,752
b1917f9c-28dc-4c52-b421-8567b44f10d4,3ad06998-11c6-4642-bd7b-e7455a4d6da5,2023-08-03 09:43:00,059136e5-beb1-43f4-a3fe-9cc14dd0989b,500,37,537
f93ec2d7-8379-4829-8acb-376fd81cbfb1,b2e021cb-5b71-4a44-9b75-49a8a45a5c8e,2023-08-03 10:59:00,059136e5-beb1-43f4-a3fe-9cc14dd0989b,600,44,644
1e08484f-bbe5-49e7-bb4f-c66ec774e16e,e8f1ac4f-82cd-44e6-9177-0af3eda24435,2023-08-03 14:00:00,059136e5-beb1-43f4-a3fe-9cc14dd0989b,700,52,752
762a6715-3ee9-48c6-b5f4-684055c51af9,1323cb5b-d097-4c01-b440-610aa6e586c1,2023-08-03 10:49:00,059136e5-beb1-43f4-a3fe-9cc14dd0989b,1700,127,1827
7802711a-c7cd-4b45-8102-45f18d3564ec,3a515aa3-68cd-44aa-aace-5182631c4705,2023-08-03 10:43:00,059136e5-beb1-43f4-a3fe-9cc14dd0989b,400,30,430
50b657fd-a547-4278-9b78-a1c3f106c324,1c40cde4-4c0a-4cc5-8eaa-78b7d34c58eb,2023-08-03 07:12:00,059136e5-beb1-43f4-a3fe-9cc14dd0989b,500,37,537
331a8f79-49f3-4a4b-914c-9a80d3254c94,416ddd70-f0ad-4d6c-8d08-827ca7466f48,2023-08-03 07:26:00,059136e5-beb1-43f4-a3fe-9cc14dd0989b,600,44,644
ae5eaf23-dfac-4af2-9a5a-f55c601679b5,6a0e68f2-fede-4f45-b3f8-b0325978c2a8,2023-08-03 08:30:00,059136e5-beb1-43f4-a3fe-9cc14dd0989b,500,37,537
a52ea53d-5734-43f0-8b83-655793a31746,d6e7ed2a-93ac-4751-a20d-44a68642f9a7,2023-08-03 17:11:00,059136e5-beb1-43f4-a3fe-9cc14dd0989b,600,44,644
b7a71b31-54de-49a8-b01d-29a5bea4dce2,080b2366-0a35-4def-ac8c-f7d8ddbc407d,2023-08-03 08:22:00,059136e5-beb1-43f4-a3fe-9cc14dd0989b,400,30,430
a5824ee8-651e-4acf-bc9f-4ab2d5adce7d,98136fa4-c411-4fb7-9bed-a26308bbdf32,2023-08-03 07:29:00,059136e5-beb1-43f4-a3fe-9cc14dd0989b,700,52,752
917c9009-865f-4832-9d04-9b098d0ef729,fa8db2f2-318b-4fc3-b288-2523bddf013d,2023-08-03 16:20:00,059136e5-beb1-43f4-a3fe-9cc14dd0989b,1500,112,1612
1b749eec-952e-4c51-83e3-602b0b44797c,3161ca22-7e0d-46c4-bfb0-c93e62c46ea8,2023-08-03 08:00:00,059136e5-beb1-43f4-a3fe-9cc14dd0989b,600,44,644
cd6ea7cd-0517-4809-bfb8-22518f430be1,82f6eacc-b18b-4dec-b170-5510d706e698,2023-08-03 08:01:00,059136e5-beb1-43f4-a3fe-9cc14dd0989b,600,44,644
876d4109-b763-4726-a22b-ea5a4af57db4,509898dd-5cbb-4917-ba83-cc39383ed6e1,2023-08-03 12:07:00,059136e5-beb1-43f4-a3fe-9cc14dd0989b,1400,105,1505
aed2df8f-0518-4e51-8084-90e212307126,e1ae5473-912b-494f-b4e4-c4323ccb5509,2023-08-03 07:39:00,059136e5-beb1-43f4-a3fe-9cc14dd0989b,700,52,752
96a93871-976c-4f1f-a813-11503cb404fa,335ffb1e-5b15-4ad8-bee9-60b00b39f402,2023-08-03 08:23:00,059136e5-beb1-43f4-a3fe-9cc14dd0989b,600,44,644
c0d39f5b-3880-4c7f-881a-d16bbcc4948a,3186b251-cfbc-4073-883d-2d622bb79b96,2023-08-03 08:37:00,059136e5-beb1-43f4-a3fe-9cc14dd0989b,500,37,537
5974e4bc-08e7-4c59-9f8b-11b88f30e6b9,ff548053-cb32-4f33-ada3-42db8f5e72d1,2023-08-03 12:47:00,059136e5-beb1-43f4-a3fe-9cc14dd0989b,1300,97,1397
dca7d14e-6dae-4692-afaa-1677cb2b739e,0f5a922a-5641-4941-b276-2b3448dd706f,2023-08-03 07:33:00,059136e5-beb1-43f4-a3fe-9cc14dd0989b,400,30,430
ad62843a-944d-4528-983b-393c98a90c7e,d40f4cac-3dde-4451-ae26-8817fa0ac508,2023-08-03 07:49:00,059136e5-beb1-43f4-a3fe-9cc14dd0989b,700,52,752
85013fb6-b3c9-4161-9db1-54a9f7ac16bc,1ceec0f9-a0bb-40ff-a5cb-2bc97c25fdab,2023-08-03 15:23:00,059136e5-beb1-43f4-a3fe-9cc14dd0989b,700,52,752
d72dfb72-e8f2-4f98-9071-a41939ad3766,da5cd671-cf27-4151-8076-5b2369981a8a,2023-08-03 07:00:00,059136e5-beb1-43f4-a3fe-9cc14dd0989b,600,44,644
5164ec21-9c65-41f8-afda-611ac7ea77f1,cf2886d3-4bb9-425f-9842-f6ab89f29851,2023-08-03 07:09:00,059136e5-beb1-43f4-a3fe-9cc14dd0989b,500,37,537
e1201647-74bb-47b4-863d-d9a4f63aeb63,8afd022f-4b28-4638-856c-b2eb7da37530,2023-08-03 12:08:00,059136e5-beb1-43f4-a3fe-9cc14dd0989b,700,52,752
f3611e39-b888-437c-983f-27f95fce3bf1,a0d40ec8-67bf-4a0a-acba-00984f72b96a,2023-08-03 12:24:00,059136e5-beb1-43f4-a3fe-9cc14dd0989b,700,52,752
c4216aab-27e3-488f-b960-99050c885fe3,9929ce1c-11c1-48d6-936f-562518640d5c,2023-08-03 13:39:00,059136e5-beb1-43f4-a3fe-9cc14dd0989b,500,37,537
234375aa-23ed-4769-adae-f97dd64becd5,537f56af-b73f-4cd3-90e9-5901fb0cf6e1,2023-08-03 08:15:00,059136e5-beb1-43f4-a3fe-9cc14dd0989b,500,37,537
f20da73e-73d6-4394-889f-5f674544e7fd,deca356d-a271-49eb-a57e-cefebda03b0d,2023-08-03 08:00:00,059136e5-beb1-43f4-a3fe-9cc14dd0989b,700,52,752
45360915-f1fb-4db5-a3d3-839f9a4d29ee,cb93f4d2-85c6-416a-9d28-2ebba8219fc2,2023-08-03 08:13:00,059136e5-beb1-43f4-a3fe-9cc14dd0989b,600,44,644
796d301e-5977-4205-810d-b2534804bf46,65587b67-2db3-4f9e-9532-5a8b5168baeb,2023-08-03 15:24:00,059136e5-beb1-43f4-a3fe-9cc14dd0989b,1100,82,1182
0ff2105c-982b-4e33-8edf-dd6e29b21fcd,cc1c106c-69ef-44a0-86c1-76735e4e07ed,2023-08-03 14:28:00,059136e5-beb1-43f4-a3fe-9cc14dd0989b,600,44,644
4274569f-604f-4adb-a186-d94e36c2e265,5a85894e-8877-4fe8-abc7-25ee8d4f3683,2023-08-03 08:15:00,059136e5-beb1-43f4-a3fe-9cc14dd0989b,400,30,430
ba97b516-1ea3-410b-8335-ee15ea55bf39,3cd5fd88-7f74-4f00-bf62-641e6d5c8743,2023-08-03 08:28:00,059136e5-beb1-43f4-a3fe-9cc14dd0989b,600,44,644
a6141a44-5a65-4b80-afd8-da1e4f16c5cd,525b7cde-507b-42ab-9ca4-f010a9e8de28,2023-08-03 07:36:00,059136e5-beb1-43f4-a3fe-9cc14dd0989b,500,37,537
8060d2e3-dbbc-42d3-a742-93861e22e1c5,44224fd5-b92c-4619-9508-d36631045e8a,2023-08-03 10:07:00,059136e5-beb1-43f4-a3fe-9cc14dd0989b,2400,179,2579
b6db8f08-6e39-43c5-9eac-8f95b8e888b0,62f4378e-2f4d-428a-ab62-b2c3950af0f0,2023-08-03 12:12:00,059136e5-beb1-43f4-a3fe-9cc14dd0989b,600,44,644
daae5e3f-2819-4bf8-812f-5fd5e2685256,35b4c9ee-b015-4921-8fb3-e18d94ba2acf,2023-08-03 08:01:00,059136e5-beb1-43f4-a3fe-9cc14dd0989b,600,44,644
0af8e6bf-9fe7-4baf-a250-7cb563298da1,ee7c3fb3-ed03-4efb-af8d-ddcec90a202a,2023-08-03 10:06:00,059136e5-beb1-43f4-a3fe-9cc14dd0989b,3500,262,3762
c0d7075e-edc1-48f7-a2f4-903b548dfebb,c1acbc40-5acf-4438-a21b-2b260df6a4bb,2023-08-03 09:05:00,059136e5-beb1-43f4-a3fe-9cc14dd0989b,600,44,644
29df488c-d5a4-4cc9-a311-53578a5d0119,29272c1d-470c-4452-b97c-2666adaaa2f1,2023-08-03 13:57:00,059136e5-beb1-43f4-a3fe-9cc14dd0989b,600,44,644
36378a0a-629f-4b51-95bb-031959c928ac,eb946b01-b4e4-4e83-921f-8bdfa6bf8779,2023-08-03 07:46:00,059136e5-beb1-43f4-a3fe-9cc14dd0989b,500,37,537
ff4c0f97-8f27-428d-aa49-ae24c4f7d998,081fc5fe-a7fa-4c01-91bc-e6a535fc566e,2023-08-03 18:36:00,059136e5-beb1-43f4-a3fe-9cc14dd0989b,1700,127,1827
3af3579b-e925-4abe-8809-9c063918dad7,179447a8-7285-4bb4-a34a-03071446d270,2023-08-03 07:28:00,059136e5-beb1-43f4-a3fe-9cc14dd0989b,600,44,644
b862007c-65de-4f4c-8072-eddfbb910d19,51422d77-7918-4d57-88ed-225044f0d654,2023-08-03 11:11:00,059136e5-beb1-43f4-a3fe-9cc14dd0989b,500,37,537
81f12aa3-c2e7-4e05-8149-320439ab0871,88277afe-3beb-41e3-913b-cfc4a91d6185,2023-08-03 09:46:00,059136e5-beb1-43f4-a3fe-9cc14dd0989b,4900,367,5267
9dc7caba-225a-4ba4-a6bc-03a8c2525321,3cd1d06f-f125-41ef-9dc7-06e1953a097b,2023-08-03 07:26:00,059136e5-beb1-43f4-a3fe-9cc14dd0989b,600,44,644
7f620ac5-bd5a-4598-b0ac-1d8850d85024,c67e5298-2e23-483d-9271-f3a407d60b98,2023-08-03 08:22:00,059136e5-beb1-43f4-a3fe-9cc14dd0989b,600,44,644
72bb7465-a7eb-4370-8233-abc2a2f86708,cc0e1091-f21f-4062-a932-82374bcee4ac,2023-08-03 10:24:00,059136e5-beb1-43f4-a3fe-9cc14dd0989b,2200,165,2365
2cc578d7-a9f1-4aa8-b95f-a3e3653fe280,7881f065-465b-4e32-a7e5-688fb2bbb84e,2023-08-03 08:14:00,059136e5-beb1-43f4-a3fe-9cc14dd0989b,600,44,644
8036c752-0596-4cd1-b450-f371bf5f4f4a,ec70abb1-0f2b-4f84-8df9-c07a3d01ce2d,2023-08-03 08:28:00,059136e5-beb1-43f4-a3fe-9cc14dd0989b,400,30,430
c978d162-87c9-4262-89ed-a49f9861fd1b,4bc8d1b3-b47e-4bb4-8531-37a7694b301a,2023-08-03 08:00:00,059136e5-beb1-43f4-a3fe-9cc14dd0989b,600,44,644
bafc6f90-c77a-4f3e-a522-f09d904b8a17,cfbb01a6-b92f-49e8-b0ad-73c464ec17b0,2023-08-03 07:40:00,059136e5-beb1-43f4-a3fe-9cc14dd0989b,600,44,644
2a06054e-f099-4bd0-a250-f79746a92ac7,a894594e-9ef5-4450-a048-185b1becba41,2023-08-03 11:41:00,059136e5-beb1-43f4-a3fe-9cc14dd0989b,1600,120,1720
47e3c241-1ab0-4680-b8dc-e71456ab3f19,458069c2-357c-48d5-838d-618b3c991344,2023-08-03 10:09:00,059136e5-beb1-43f4-a3fe-9cc14dd0989b,1300,97,1397
33cac705-49b9-4c5a-b6ce-1dfe6eb05ee2,6760fa7e-0ff8-4391-bc15-ebc006f502a7,2023-08-03 12:37:00,059136e5-beb1-43f4-a3fe-9cc14dd0989b,700,52,752
b2283dd6-48ce-4b2d-a1b5-3ada3a8e2525,b933b8d1-2777-4f0a-a2da-d98923e7b020,2023-08-03 12:36:00,059136e5-beb1-43f4-a3fe-9cc14dd0989b,700,52,752
b213e55f-ed18-4c8f-81b5-72b26af1def2,c94f282d-c27f-43b3-9a37-89551f87c760,2023-08-03 07:01:00,059136e5-beb1-43f4-a3fe-9cc14dd0989b,700,52,752
a6e0a14f-4f37-4ba0-8296-e46fbf86a89c,8031e143-2b42-4f78-ab00-4368a3dd4e0f,2023-08-03 13:44:00,059136e5-beb1-43f4-a3fe-9cc14dd0989b,600,44,644
7f794f3e-5153-4d79-88dc-2aa60c7dbe44,aeffa343-3fd6-48bd-96c4-f0d427f3e16d,2023-08-03 11:37:00,059136e5-beb1-43f4-a3fe-9cc14dd0989b,700,52,752
18148d1a-f3bb-46f4-ab2a-88b980f44feb,5387a336-309f-46ad-8ff0-c88002123cd1,2023-08-03 09:54:00,059136e5-beb1-43f4-a3fe-9cc14dd0989b,500,37,537
0fda8d20-da7c-4e08-92fc-f323fb61560f,b8f59e83-f045-498d-8359-f97af9a52e2a,2023-08-03 10:14:00,059136e5-beb1-43f4-a3fe-9cc14dd0989b,600,44,644
2be29d8a-6e1b-44c0-ae55-7e54d0e60013,48a627c0-ee76-49ed-a973-831b71164cf6,2023-08-03 07:50:00,059136e5-beb1-43f4-a3fe-9cc14dd0989b,400,30,430
f7851bd7-cac2-4bd2-8748-7401cb9af030,8437dbcc-d837-403b-93dd-6b6b89046f67,2023-08-03 08:27:00,059136e5-beb1-43f4-a3fe-9cc14dd0989b,600,44,644
21c977bd-7a91-495e-8250-bb95d88a5e12,b6b3e2f5-352e-401a-967f-e80b22835181,2023-08-03 07:54:00,059136e5-beb1-43f4-a3fe-9cc14dd0989b,400,30,430
c00b7012-ff96-4a3c-8903-cd2e35cd3426,be772447-4e61-4f84-aaf4-1631d43476f6,2023-08-03 07:58:00,059136e5-beb1-43f4-a3fe-9cc14dd0989b,2600,195,2795
42f2b4d6-5933-4cfe-bb3b-cf9e02085a4d,9f4289a0-4b05-47f1-b00d-68800d9fe2ef,2023-08-03 13:52:00,059136e5-beb1-43f4-a3fe-9cc14dd0989b,600,44,644
011ecbc6-a8a4-48df-be1f-205e72025c6e,95d94379-7e44-44b8-869c-b0c1a76573f9,2023-08-03 08:10:00,059136e5-beb1-43f4-a3fe-9cc14dd0989b,700,52,752
456d3716-dd8b-4530-94d2-eca34eb7cbac,0a79873f-dfaf-4351-b871-82923dc405c3,2023-08-03 14:26:00,059136e5-beb1-43f4-a3fe-9cc14dd0989b,400,30,430
70ecc55a-35d2-417a-81e8-947ecfaac8a2,bf526f3f-3326-4dee-a147-afdb0b21f9d0,2023-08-03 07:56:00,059136e5-beb1-43f4-a3fe-9cc14dd0989b,500,37,537
33559761-f9c3-4f4a-83ef-b46ae48cf8c6,54896ad7-a568-4185-8256-e3d170c8f235,2023-08-03 13:09:00,059136e5-beb1-43f4-a3fe-9cc14dd0989b,1800,135,1935
eac02ae6-7956-4529-a5c0-abd7358f185b,980904e6-1f3f-4d1c-9941-bf341f315e6e,2023-08-03 07:49:00,059136e5-beb1-43f4-a3fe-9cc14dd0989b,600,44,644
ef06b013-6b23-4007-b2e9-9f86eea37efb,61658487-1dbc-4dfc-bb5e-cc6862adf39a,2023-08-03 07:42:00,059136e5-beb1-43f4-a3fe-9cc14dd0989b,600,44,644
41f7f002-051b-44f9-ac14-5b1157e81a76,1ab259b8-43b5-44cd-b62a-a043943be6be,2023-08-03 14:10:00,059136e5-beb1-43f4-a3fe-9cc14dd0989b,3600,270,3870
b4229bea-4a8e-47eb-95c9-60e0b39db7ae,71febbc1-2d32-460b-adee-3fe28d05d862,2023-08-03 07:45:00,059136e5-beb1-43f4-a3fe-9cc14dd0989b,600,44,644
04a9452f-f9e4-4fae-86a5-4894ef112170,1983b588-cc8c-4486-9324-15dde1e28b95,2023-08-03 07:27:00,059136e5-beb1-43f4-a3fe-9cc14dd0989b,600,44,644
31894fd7-96e2-428e-bfdb-a8fd8dab490f,f9235efd-9086-44e7-9a3e-6690eacebd47,2023-08-03 08:04:00,059136e5-beb1-43f4-a3fe-9cc14dd0989b,500,37,537
7be70617-eb16-4b4f-955d-ed1eac6fac7f,9f0a6984-4240-496d-89c0-001579285282,2023-08-03 13:07:00,059136e5-beb1-43f4-a3fe-9cc14dd0989b,1900,142,2042
4825317e-0b94-4b58-9e40-43ffc26a35c4,9975d2cb-8b6a-4d55-9cd7-65b71f75b675,2023-08-03 08:01:00,059136e5-beb1-43f4-a3fe-9cc14dd0989b,400,30,430
40763802-8868-497f-9028-a7c861a11f3e,1e93548e-a310-47d0-bb52-0b660deefca6,2023-08-03 08:38:00,059136e5-beb1-43f4-a3fe-9cc14dd0989b,3600,270,3870
f9452dae-428b-4954-8fd0-e72066344821,8241d5ee-dc4e-4450-adeb-952f814563f6,2023-08-03 12:55:00,059136e5-beb1-43f4-a3fe-9cc14dd0989b,400,30,430
6869d9a9-7804-446b-aa37-f845471f9b51,bc2e69d4-ac6e-4377-bf7b-e90fb40aad98,2023-08-03 11:35:00,059136e5-beb1-43f4-a3fe-9cc14dd0989b,3900,292,4192
f6c1be3e-93ba-433c-869c-412093aab37a,bc968d3f-f335-49c5-b7d1-a1c1b2c0df9d,2023-08-03 13:48:00,059136e5-beb1-43f4-a3fe-9cc14dd0989b,1000,75,1075
b1e46932-9e6d-4afc-9f14-48d329af2e60,239b8d39-765a-472e-8b88-611bdc0e7812,2023-08-03 07:59:00,059136e5-beb1-43f4-a3fe-9cc14dd0989b,400,30,430
e825bc9f-9f37-4eef-8454-63ad7247f327,6fcb3e33-b407-4fad-a95e-92178dcd8a34,2023-08-03 08:00:00,059136e5-beb1-43f4-a3fe-9cc14dd0989b,700,52,752
3c0d6317-21c3-4aed-a727-8f4969603529,d205e228-5571-48e7-bd0c-046c3e33704e,2023-08-03 15:27:00,059136e5-beb1-43f4-a3fe-9cc14dd0989b,1700,127,1827
742b53e9-ef07-4e64-afa3-e5fa7f39e005,3888e62f-5ebe-49cf-93e8-70e8eb32a0de,2023-08-03 08:28:00,059136e5-beb1-43f4-a3fe-9cc14dd0989b,600,44,644
2c71af06-3e6e-443e-b77f-8a4dc8ec153d,c085eeee-229f-4875-866c-4edc1617d158,2023-08-03 09:02:00,059136e5-beb1-43f4-a3fe-9cc14dd0989b,400,30,430
6660cf3c-a62d-4fd4-8c49-b501dd0f3b33,b99f585b-4ca3-44d8-ad60-fba8444d6a54,2023-08-03 14:22:00,b5941a70-cf63-407e-8c24-c979e7f61e45,500,20,520
c770916a-3f8a-461c-ab09-c7e8aa3c1c65,c1204cb7-2364-40d5-8a6b-d3c001faae6f,2023-08-03 07:23:00,b5941a70-cf63-407e-8c24-c979e7f61e45,400,16,416
336640de-dada-4c69-893e-fe43d66d03f2,def6a9d5-036b-4315-998b-47908bc1c8ad,2023-08-03 07:34:00,b5941a70-cf63-407e-8c24-c979e7f61e45,600,24,624
5e6b20a0-4e96-4368-9c57-d981579b2275,b348e89f-677a-4d48-a58b-b4c9448f50a1,2023-08-03 07:25:00,b5941a70-cf63-407e-8c24-c979e7f61e45,600,24,624
a26f3e87-0676-4c82-b159-9aac4dde0ad6,8903ed0e-aebe-4557-b8ac-6a0b252ebdbe,2023-08-03 07:46:00,b5941a70-cf63-407e-8c24-c979e7f61e45,600,24,624
f3624967-8e14-4556-9b51-61eb0bdf5afc,2b95812c-96e3-4c71-b994-40bd090d6422,2023-08-03 10:56:00,b5941a70-cf63-407e-8c24-c979e7f61e45,500,20,520
df1799df-5216-400f-9424-8cb4de61e56e,cfe678c2-234b-4b62-809d-8caee64e6323,2023-08-03 08:55:00,b5941a70-cf63-407e-8c24-c979e7f61e45,600,24,624
0b3d342b-9979-4af5-a9f8-cac5f7d2cbaa,162093d1-12b1-4f06-9ff7-56f2f0a73461,2023-08-03 08:39:00,b5941a70-cf63-407e-8c24-c979e7f61e45,500,20,520
0059dd1e-100e-46a7-9f2d-c809384061f8,e4d7d41d-35a6-4e84-89d9-d475369a8b15,2023-08-03 17:02:00,b5941a70-cf63-407e-8c24-c979e7f61e45,800,32,832
523dd4fe-a430-48a4-a011-1e3919d3f0d7,3fd94dc1-a86f-4596-88c9-1653eff665a6,2023-08-03 12:36:00,b5941a70-cf63-407e-8c24-c979e7f61e45,1100,44,1144
0f4079b2-2532-441c-b5dd-62c58c15bf6b,863da1ea-a81b-4946-b9d9-3194617e23d8,2023-08-03 13:57:00,b5941a70-cf63-407e-8c24-c979e7f61e45,1200,48,1248
92e21e40-167a-45d6-9256-12ef3b6e9948,d3c03d2b-e214-4128-b959-7cbb00080b81,2023-08-03 08:01:00,b5941a70-cf63-407e-8c24-c979e7f61e45,700,28,728
5be2a7f5-ae39-4313-9e33-ab30eb74d739,e835ed2d-f124-4491-ac98-63c5d43f5b22,2023-08-03 07:31:00,b5941a70-cf63-407e-8c24-c979e7f61e45,700,28,728
d3bf0251-c870-41c5-8209-d620f2ef27bc,84446a2a-0a45-4348-9c17-8317f660ad1d,2023-08-03 07:41:00,b5941a70-cf63-407e-8c24-c979e7f61e45,400,16,416
b2db5b01-3053-456b-84c1-b951e2d57ad8,855ad166-da80-4dee-8c53-b239e364b074,2023-08-03 07:50:00,b5941a70-cf63-407e-8c24-c979e7f61e45,400,16,416
d1fc2ce5-71c1-449d-bf31-864d61cd5d01,9f09c473-3854-4d8e-8123-09976c23a1b9,2023-08-03 07:28:00,b5941a70-cf63-407e-8c24-c979e7f61e45,700,28,728
39730df2-f1b0-4409-ad8c-95282c0f7b4a,665a35f4-221f-4277-8334-627eacce41fd,2023-08-03 16:30:00,b5941a70-cf63-407e-8c24-c979e7f61e45,700,28,728
889ee679-f0af-41c8-881e-a6168e968e1a,bf200f85-febd-42c5-be55-f8285e5f92c1,2023-08-03 08:42:00,b5941a70-cf63-407e-8c24-c979e7f61e45,700,28,728
06a5e5ba-4339-4324-ba40-31a8ac126ac0,a3cce527-a7ce-45c1-88eb-1e35f39d9d7d,2023-08-03 15:46:00,b5941a70-cf63-407e-8c24-c979e7f61e45,0,0,0
528c5ca6-802b-4afb-b8e6-6052b6dc76c2,38e487ca-cf63-4a0a-a0ea-4eb06aa1c914,2023-08-03 12:36:00,b5941a70-cf63-407e-8c24-c979e7f61e45,500,20,520
4a214a0e-9b33-4bef-bb3c-66d90eb479f1,3026827e-4594-4e12-9104-4393294a37c1,2023-08-03 07:56:00,b5941a70-cf63-407e-8c24-c979e7f61e45,600,24,624
72a73024-0fdf-41e8-8b73-cc12bfc17a69,a52016eb-4b27-48c0-b3a0-f34fb0fc0ca8,2023-08-03 08:15:00,b5941a70-cf63-407e-8c24-c979e7f61e45,700,28,728
4feaef18-ba0b-4481-afad-bd2c9f19c899,ce98655e-a7d1-4fd5-88dc-cdba73dd8e31,2023-08-03 09:36:00,b5941a70-cf63-407e-8c24-c979e7f61e45,700,28,728
827585c2-458b-4897-96ac-83aa5ab3003a,d520e1c0-909a-4413-a2a1-e8f27b7751b3,2023-08-03 11:18:00,b5941a70-cf63-407e-8c24-c979e7f61e45,600,24,624
5f5f772d-fe54-4854-a0b5-138469da0ea9,5f9d6e13-18b2-47d0-8f5d-6acc5cdf4a27,2023-08-03 08:12:00,b5941a70-cf63-407e-8c24-c979e7f61e45,600,24,624
37c5765a-961b-4d02-bcd6-99daee1d1b2b,6555ae72-a22c-4480-a4e6-26cee8a445be,2023-08-03 08:41:00,b5941a70-cf63-407e-8c24-c979e7f61e45,700,28,728
baf4d021-002f-4ca3-99c8-04add3dd087f,89bb868a-8886-49a5-aa72-5e3a25626304,2023-08-03 07:00:00,b5941a70-cf63-407e-8c24-c979e7f61e45,500,20,520
25feb1a4-9f31-420a-b608-b263328c7b52,d77e9950-184e-411c-b78a-a5d36b2bdd7b,2023-08-03 12:05:00,b5941a70-cf63-407e-8c24-c979e7f61e45,700,28,728
23b968a3-dd59-49da-b75c-69e2ca857a17,5bdef59a-94a7-4f55-a527-34a14a8ddcd4,2023-08-03 12:28:00,b5941a70-cf63-407e-8c24-c979e7f61e45,600,24,624
ae5998ed-8cc4-4235-abb6-1c3006f9b965,810f2190-c36f-4061-be67-f071ea5b49f9,2023-08-03 07:10:00,b5941a70-cf63-407e-8c24-c979e7f61e45,600,24,624
276a4e74-d5e7-4f0d-a1dd-c2eaf0c455fc,13bed8da-2e02-4e0b-8258-df34a7c2d850,2023-08-03 11:55:00,b5941a70-cf63-407e-8c24-c979e7f61e45,600,24,624
22f936ef-a5fc-40cd-ba2d-ed49f3ee5f3a,a9a9ae60-fe0f-401e-ba74-89076abb8301,2023-08-03 11:21:00,b5941a70-cf63-407e-8c24-c979e7f61e45,4100,164,4264
07d693dc-28cf-4496-a042-ace208d7b0f3,58661011-90b9-46de-a9c1-8e1f17803683,2023-08-03 08:22:00,b5941a70-cf63-407e-8c24-c979e7f61e45,600,24,624
17f9b47a-c8c0-4420-a4ae-827b4a6a3fa5,82c401a8-0323-4d08-ac5c-94d255bbf98f,2023-08-03 07:16:00,b5941a70-cf63-407e-8c24-c979e7f61e45,400,16,416
632445d8-7eb2-4162-b802-ac10ebb1c9c1,57542780-7d0d-4011-a4c6-2130ee9171eb,2023-08-03 15:27:00,b5941a70-cf63-407e-8c24-c979e7f61e45,600,24,624
bd5b475e-c7c1-4653-a3d7-a48d4dee9a1c,59c58e4f-9f02-4032-8725-a11f99244dd1,2023-08-03 12:41:00,b5941a70-cf63-407e-8c24-c979e7f61e45,1800,72,1872
e96804b1-fcdf-4ff3-9ddc-23ced38055cc,3edc512f-6a6e-47a4-8b78-d15efb3b5e04,2023-08-03 08:09:00,b5941a70-cf63-407e-8c24-c979e7f61e45,500,20,520
743d00d1-57f6-4495-b647-545438f0929d,ce41a0de-b655-4e68-b41e-43a38e82b5ae,2023-08-03 13:58:00,b5941a70-cf63-407e-8c24-c979e7f61e45,400,16,416
4ccce936-dc31-4de7-a36a-8681d652a6c1,8c5fa099-c06b-40f4-89d4-8cf99468b397,2023-08-03 08:45:00,b5941a70-cf63-407e-8c24-c979e7f61e45,500,20,520
ba3dce20-c19d-4046-a991-c6e774aefa93,3b4c8c25-e309-4e8c-928c-042c56212f80,2023-08-03 11:39:00,b5941a70-cf63-407e-8c24-c979e7f61e45,600,24,624
5f952d48-ddd2-4ddf-b73d-ba948ce4a308,596caac8-7411-4225-9b52-3a11d72f2653,2023-08-03 08:45:00,b5941a70-cf63-407e-8c24-c979e7f61e45,400,16,416
d1e84470-f6f4-4d18-950a-3c4fa4af6ec7,20d3c912-c56f-4e52-81f5-0270797ca85a,2023-08-03 16:07:00,b5941a70-cf63-407e-8c24-c979e7f61e45,500,20,520
dfe5c9d7-40d9-4a9e-bca6-8e8b4166cd78,46172e79-619e-4077-af99-369c4d7f6c1a,2023-08-03 15:54:00,b5941a70-cf63-407e-8c24-c979e7f61e45,3700,148,3848
b1a81f53-3f55-4184-bbcd-0501a789ca5d,612ba113-a667-4f6c-88ff-4719d9b8bd6d,2023-08-03 08:56:00,b5941a70-cf63-407e-8c24-c979e7f61e45,600,24,624
1269be18-a0ba-480e-a666-0abe720037fd,4058c008-2139-4019-a484-20f84a44cab9,2023-08-03 11:34:00,b5941a70-cf63-407e-8c24-c979e7f61e45,1800,72,1872
bab263b4-c62e-48ce-a576-bc6e2fbd14d3,d2e1ff33-c440-48ba-bdf6-644644ae2ec5,2023-08-03 07:00:00,b5941a70-cf63-407e-8c24-c979e7f61e45,1200,48,1248
80b466ee-8cd0-4490-b8a1-11fc6e409d8b,5f850358-6038-4f2e-a7f6-9ad8be127665,2023-08-03 08:29:00,b5941a70-cf63-407e-8c24-c979e7f61e45,400,16,416
40be59d7-cd17-446e-a64e-8675b50c39d2,4eb25e8b-f2da-4daf-89c8-26ee5427b154,2023-08-03 14:15:00,b5941a70-cf63-407e-8c24-c979e7f61e45,700,28,728
3015b67c-4c50-43fe-bf71-87768fff9caf,de6351d4-e3e1-4e82-9c3f-ee108764ba3a,2023-08-03 10:10:00,b5941a70-cf63-407e-8c24-c979e7f61e45,500,20,520
046a9526-e242-4aa0-b46d-1999d50fd3e4,37ae6c25-9a54-4bd2-b8ce-8ff408aad37c,2023-08-03 12:10:00,b5941a70-cf63-407e-8c24-c979e7f61e45,400,16,416
3d9a8656-762f-4893-8da8-858bd130ff05,0ab6cc4a-4d4d-4b0f-bb9e-26934e1b2fb4,2023-08-03 17:53:00,b5941a70-cf63-407e-8c24-c979e7f61e45,400,16,416
d8da49b2-cb45-4876-bac1-b150ff9f6b34,9d330313-dfc3-4167-8d1e-7010f0360e77,2023-08-03 12:07:00,b5941a70-cf63-407e-8c24-c979e7f61e45,700,28,728
a62b746a-fdf1-4419-8299-dcb6b18d4b2a,6faee88c-1462-4014-aab0-303e19e38765,2023-08-03 08:48:00,b5941a70-cf63-407e-8c24-c979e7f61e45,500,20,520
53fb6ab8-dfff-462c-bea8-12db20ad0933,9a766643-2dbf-43fa-9a8f-67151b2f85bb,2023-08-03 15:23:00,b5941a70-cf63-407e-8c24-c979e7f61e45,2300,92,2392
14181965-587f-41cf-9c04-191d219aac90,bf8dfc01-63c1-4fad-bc87-f235d190076e,2023-08-03 08:23:00,b5941a70-cf63-407e-8c24-c979e7f61e45,600,24,624
b73a37ef-5e82-41e9-a016-8d0be022c77a,d67db81a-4d2e-4a5a-a1e1-70e3b973dad8,2023-08-03 08:24:00,b5941a70-cf63-407e-8c24-c979e7f61e45,500,20,520
eea8f336-bfb0-438c-8038-7842bcc4522c,805df221-8701-4577-bc0b-d5ecfbf9334b,2023-08-03 16:10:00,b5941a70-cf63-407e-8c24-c979e7f61e45,700,28,728
73f82a57-c750-4f70-9a2f-94505b60ba84,99b17443-411b-490a-a48e-a04b3366df95,2023-08-03 07:57:00,b5941a70-cf63-407e-8c24-c979e7f61e45,400,16,416
ba938db2-e142-40b9-9464-f433368150ef,0dbe6d07-7913-408a-94b4-8f22812b02b7,2023-08-03 16:29:00,b5941a70-cf63-407e-8c24-c979e7f61e45,1200,48,1248
b5fb54a9-6f2b-4b08-b665-bf972214c825,99b32ca4-6c29-4f95-86a4-210f753a423e,2023-08-03 07:54:00,b5941a70-cf63-407e-8c24-c979e7f61e45,400,16,416
e9a1d2eb-f6c1-4544-9387-021e563cdd5c,c74b453a-265c-4336-a8fe-e0e46a311697,2023-08-03 12:01:00,b5941a70-cf63-407e-8c24-c979e7f61e45,600,24,624
b18c7fbf-2830-474f-b4d7-51e11949382f,c3faf033-87ae-476c-972d-033dc9c309b3,2023-08-03 07:17:00,b5941a70-cf63-407e-8c24-c979e7f61e45,400,16,416
1a69d49d-0bd2-480f-ae25-73ed13710df1,c95036c7-b205-4c9e-b14f-2d009d5d0c76,2023-08-03 12:01:00,b5941a70-cf63-407e-8c24-c979e7f61e45,4500,180,4680
54b9f88c-a61b-4ca0-8b07-1f46554603be,cf5542a6-e935-4ac0-83e2-0c9ff00c5ed6,2023-08-03 07:58:00,b5941a70-cf63-407e-8c24-c979e7f61e45,600,24,624
879625e9-f031-4b82-bcbe-4dfd6d7b284a,d63b84b0-56cb-4bde-839a-9678e773fa7c,2023-08-03 11:21:00,b5941a70-cf63-407e-8c24-c979e7f61e45,700,28,728
3e962581-efc5-4647-b232-29e5727bac72,ff577722-6ee8-4cc1-982c-667b02662534,2023-08-03 12:00:00,b5941a70-cf63-407e-8c24-c979e7f61e45,3400,136,3536
3a25d4c2-e30c-46b8-9336-2eb786993b06,dd84de96-1d22-4cc4-a92d-64c9cd3e7d1d,2023-08-03 07:52:00,b5941a70-cf63-407e-8c24-c979e7f61e45,500,20,520
13c4f9e4-a17b-4483-8324-8e486d65397b,dc2823ec-0bc9-4530-9ff3-eccb8e52587a,2023-08-03 08:32:00,b5941a70-cf63-407e-8c24-c979e7f61e45,700,28,728
4c51f1a2-2770-43df-8993-cc88dc4d69e9,74b71a0a-315f-4552-9f83-00256329c614,2023-08-03 11:54:00,b5941a70-cf63-407e-8c24-c979e7f61e45,500,20,520
4aaee52e-eda9-4ce3-9497-39b36e6f6bf7,51a2738e-126b-4de1-8d24-d799e22a0814,2023-08-03 08:45:00,b5941a70-cf63-407e-8c24-c979e7f61e45,3300,132,3432
1e0b91aa-45fe-47ad-8895-7fdf1e902715,c32286df-cafb-4e3d-b0b6-bf0fff1f4f0f,2023-08-03 14:07:00,b5941a70-cf63-407e-8c24-c979e7f61e45,1300,52,1352
7c9b788d-1471-4266-96f6-5b12216bcd49,475da3ae-e2eb-4a82-899f-a4d48f805e0e,2023-08-03 07:39:00,b5941a70-cf63-407e-8c24-c979e7f61e45,500,20,520
1aa56749-0f97-45d3-b544-401030a63e6e,dea4bee6-4b99-475c-98f3-d45fa666d228,2023-08-03 07:56:00,b5941a70-cf63-407e-8c24-c979e7f61e45,600,24,624
a5e8e8f8-8f34-45cc-bd78-c8eece2c298e,a443515b-c5ea-4400-a9b4-1618a5764390,2023-08-03 13:22:00,b5941a70-cf63-407e-8c24-c979e7f61e45,700,28,728
6202ac3e-7940-4606-885c-b13eafd2363c,fb19d959-ff98-44ce-9265-c57eb1f19b1b,2023-08-03 07:28:00,b5941a70-cf63-407e-8c24-c979e7f61e45,400,16,416
f3c57c5e-9d9b-4073-9366-d32e6d06e9a3,5014751e-3349-4a92-8345-60743b1f057f,2023-08-03 07:50:00,b5941a70-cf63-407e-8c24-c979e7f61e45,700,28,728
1e5fa4db-fd1c-49ad-8357-68a72cd09d8b,615c2b61-925a-454f-8302-0ff235595665,2023-08-03 11:55:00,b5941a70-cf63-407e-8c24-c979e7f61e45,3500,140,3640
7044e0b6-9539-4f20-8c68-b2b423e962f9,64ab2edd-3638-4512-8637-f5b092e70b12,2023-08-03 13:55:00,b5941a70-cf63-407e-8c24-c979e7f61e45,1000,40,1040
4fede6b5-6ea8-4c77-9f6e-f4cf947d1fd1,2a0619ff-f171-4f1c-ae52-f1154c40b924,2023-08-03 11:06:00,b5941a70-cf63-407e-8c24-c979e7f61e45,2000,80,2080
c41e52a8-803e-4038-9b95-92a45c013f7e,eea76b70-f6e9-4d1d-8969-112cf1bede15,2023-08-03 08:20:00,b5941a70-cf63-407e-8c24-c979e7f61e45,400,16,416
3c4d1d3a-e45a-4a1a-bd7f-fd7c958653f8,de2c905c-62ed-4d9f-bf34-2d7c90034c4c,2023-08-03 13:26:00,b5941a70-cf63-407e-8c24-c979e7f61e45,1200,48,1248
9928060a-2853-49b0-8ae4-2c57a9910b3d,78f8bb3f-1498-4095-b11b-a9c643056197,2023-08-03 09:01:00,b5941a70-cf63-407e-8c24-c979e7f61e45,600,24,624
db6a004b-7dc3-4efc-abeb-19953cb74763,575e6a52-60aa-4d2e-88fb-c24afb554e5e,2023-08-03 13:45:00,b5941a70-cf63-407e-8c24-c979e7f61e45,600,24,624
57823a8b-d56b-4aa0-9126-ff16bd20c73f,ade7a602-ff8c-44e4-a906-b65fa89e2cf9,2023-08-03 07:00:00,b5941a70-cf63-407e-8c24-c979e7f61e45,2200,88,2288
8d73f4c7-efda-4cf5-9a3c-3a3f4ce1d06d,3ac82e2d-4337-43f2-852f-933842baca7a,2023-08-03 12:05:00,b5941a70-cf63-407e-8c24-c979e7f61e45,600,24,624
0528c02b-17c8-4544-ab80-bf8ec65a97ea,64ae60bd-9702-4342-8766-2996c32f2161,2023-08-03 08:11:00,b5941a70-cf63-407e-8c24-c979e7f61e45,600,24,624
d7b026ad-df51-4425-8c1d-8ccf8b801e88,3a0320ef-2ab5-4253-b221-8e09a98e50a3,2023-08-03 11:58:00,b5941a70-cf63-407e-8c24-c979e7f61e45,400,16,416
10cffbc9-ab5c-4446-9a63-dfa913575453,e4195e67-3333-4944-8820-2160913bca91,2023-08-03 13:47:00,b5941a70-cf63-407e-8c24-c979e7f61e45,400,16,416
ffc7321f-c9c0-4d5c-956b-96b2ece45c8e,dab67da9-65e8-4fde-ab3d-3370cdb5a9a3,2023-08-03 08:05:00,b5941a70-cf63-407e-8c24-c979e7f61e45,600,24,624
46c9b666-541c-43cd-aac5-a8add9578765,33f1d392-7275-48b2-a60d-cdff021d282e,2023-08-03 12:08:00,b5941a70-cf63-407e-8c24-c979e7f61e45,600,24,624
6272e703-a0fd-4e0a-99e9-fb0c9c7872d3,0d412b28-b5a1-4cea-a1f5-869ea07f821d,2023-08-03 07:27:00,b5941a70-cf63-407e-8c24-c979e7f61e45,500,20,520
a66e1a6c-fd40-4935-9dda-a03b0e342c60,a2d5c680-5dfa-4c55-8a64-5f2353ac92e9,2023-08-03 07:34:00,b5941a70-cf63-407e-8c24-c979e7f61e45,600,24,624
77339681-5d54-4270-9b18-d13234a04a8c,bb93c5a0-2544-4151-b8e0-8d22fb4b6c8d,2023-08-03 07:17:00,b5941a70-cf63-407e-8c24-c979e7f61e45,700,28,728
0b2b8913-97d0-4c40-979c-8f24c4a55265,1623a070-caac-4de1-be52-23974b2f1806,2023-08-03 09:03:00,b5941a70-cf63-407e-8c24-c979e7f61e45,600,24,624
c7daae28-521e-445c-9016-bb6ce2bf9a12,c2cff44b-8573-42be-b3e3-d2deb524c228,2023-08-03 08:28:00,b5941a70-cf63-407e-8c24-c979e7f61e45,600,24,624
1399a8fa-e514-4306-ae89-065f7f542308,9b5611f7-2998-4617-a471-2a797e4403d5,2023-08-03 07:27:00,b5941a70-cf63-407e-8c24-c979e7f61e45,600,24,624
9d3658c6-e915-4318-aa3c-a0814373bb70,d5129247-bd38-4ffc-b010-414e225f66d3,2023-08-03 12:13:00,b5941a70-cf63-407e-8c24-c979e7f61e45,600,24,624
c2ca1beb-9e70-48a8-b7ae-45a94ab394a2,3c05a1bf-1e47-4e78-a5f7-eaa41e8954ce,2023-08-03 14:08:00,b5941a70-cf63-407e-8c24-c979e7f61e45,500,20,520
ffc18f43-6a88-4a88-818f-7956482f3b8f,936d1ff6-3e00-4b99-8b1b-239b29bdf6a7,2023-08-03 17:01:00,b5941a70-cf63-407e-8c24-c979e7f61e45,700,28,728
5021eba1-ce23-42d1-a967-ebca34167b35,9ecb6f7d-bfec-4f50-b3d6-0f49ead22191,2023-08-03 12:03:00,b5941a70-cf63-407e-8c24-c979e7f61e45,600,24,624
b2bc6bab-6091-4740-9855-f9a5569a0793,3f442476-f77e-4e32-b935-aec1f3c4f788,2023-08-03 10:37:00,b5941a70-cf63-407e-8c24-c979e7f61e45,600,24,624
f4f465ca-d23d-41de-8a03-34a4bf880a64,347aaca0-4db6-4e60-ad89-2b61a4032cd6,2023-08-03 08:25:00,b5941a70-cf63-407e-8c24-c979e7f61e45,500,20,520
9d637e07-1d0a-4a6e-9b82-25ace6fc83a7,84dfa460-b42f-4d62-86a7-14fc86267d3f,2023-08-03 07:58:00,b5941a70-cf63-407e-8c24-c979e7f61e45,500,20,520
39faf198-b917-414c-b9e2-6bf5df885d61,cee21671-06de-4819-8862-21cc56c74858,2023-08-03 12:44:00,b5941a70-cf63-407e-8c24-c979e7f61e45,400,16,416
49a6dfa3-fd83-4671-9630-0ea9b5d720ce,deb2aaa1-a28d-4c98-aa82-8908b5c5704a,2023-08-03 07:52:00,b5941a70-cf63-407e-8c24-c979e7f61e45,600,24,624
a975be29-231f-4b05-8e68-866b7b93b5bf,c2ad7787-dfe9-4b11-b2ce-bf30b5f3687d,2023-08-03 12:14:00,b5941a70-cf63-407e-8c24-c979e7f61e45,600,24,624
eba7de9e-f75f-4619-8ea3-49ea7d607e85,dc5e8e7f-8d11-4bdc-91f5-9e0a2d3c9ad3,2023-08-03 08:32:00,b5941a70-cf63-407e-8c24-c979e7f61e45,600,24,624
2769f930-f594-4221-adeb-ac7525bf6557,d155fd8e-22d5-4146-9443-7deca68b07e3,2023-08-03 11:35:00,b5941a70-cf63-407e-8c24-c979e7f61e45,700,28,728
9fd092c5-b31d-4a89-8cd6-b5c274b74f2a,5c652666-a538-4cba-8ced-42f0076f90f2,2023-08-03 08:04:00,b5941a70-cf63-407e-8c24-c979e7f61e45,700,28,728
3fe4b503-20aa-4650-9aff-66495b325536,d780399f-ddd5-43dd-9016-4b8fde6102f6,2023-08-03 08:14:00,b5941a70-cf63-407e-8c24-c979e7f61e45,500,20,520
572b9714-c4b8-4980-8f4a-2e1f168188fb,4fcc3308-9e40-4b9c-ba8b-1dd327c6d92b,2023-08-03 12:48:00,b5941a70-cf63-407e-8c24-c979e7f61e45,500,20,520
386e649d-53bf-4434-9e4e-939e69919cf4,d48775a5-8b7b-44fb-8c0f-dbbee9df0097,2023-08-03 07:15:00,b5941a70-cf63-407e-8c24-c979e7f61e45,600,24,624
c30e748a-10e1-4819-ab1d-1dac34417445,1dfc436c-1fa3-45d3-ae34-9c1dc98ab63e,2023-08-03 12:03:00,b5941a70-cf63-407e-8c24-c979e7f61e45,1100,44,1144
542e431f-17fa-4c55-9287-e81f30e043ee,2f6af405-d569-4a59-bb5c-4a6e120317d8,2023-08-03 07:41:00,b5941a70-cf63-407e-8c24-c979e7f61e45,600,24,624
938abefa-ef0d-48f7-a305-5a3280da9f30,09ff8664-87e2-4157-9c0e-8ce35842860d,2023-08-03 08:04:00,b5941a70-cf63-407e-8c24-c979e7f61e45,500,20,520
9cbcb68f-7e34-4a86-af5b-4d81eafcb327,86a75aac-48da-4234-8d9a-c3154e3a2e54,2023-08-03 16:52:00,b5941a70-cf63-407e-8c24-c979e7f61e45,400,16,416
dd9541cd-4148-491e-a633-22cd4c70d156,4f7f7512-8d29-42ff-ab4e-dc85fc8a8263,2023-08-03 13:52:00,b5941a70-cf63-407e-8c24-c979e7f61e45,1000,40,1040
12608826-8a57-411b-bcb1-7aff30254549,57c6c2b0-e2f9-402c-bcf4-0d3c52cd16c8,2023-08-03 07:56:00,b5941a70-cf63-407e-8c24-c979e7f61e45,600,24,624
0948c5aa-ae83-4e12-85ab-885472b46805,157e3e8b-d51a-47bc-a86d-07a1fd743c84,2023-08-03 07:20:00,b5941a70-cf63-407e-8c24-c979e7f61e45,700,28,728
8469a77d-c8dd-4dd8-b74b-0ea2c360dc2a,e05f0150-7ec1-4c59-8a6a-d2d29675b858,2023-08-03 14:01:00,b5941a70-cf63-407e-8c24-c979e7f61e45,400,16,416
a68f1f6f-4f3b-40ff-aef8-1a3f9831204e,808a94c7-7a67-4894-bb08-79e474ed271e,2023-08-03 10:37:00,b5941a70-cf63-407e-8c24-c979e7f61e45,5200,208,5408
d167c489-901d-4f45-b853-a1ae7e68f9ec,6132247f-6f8b-44b1-b413-ba0496c400d4,2023-08-03 17:06:00,b5941a70-cf63-407e-8c24-c979e7f61e45,1000,40,1040
7216c2f1-4c24-41c7-8960-63e48916da87,0e6a03f3-0e7b-49c1-ac39-423dc1ac8636,2023-08-03 10:12:00,b5941a70-cf63-407e-8c24-c979e7f61e45,0,0,0
0c1db55f-035b-4f30-85a4-66d42bc1a8c4,009c22c1-ce18-46fb-98a4-6d56495155f9,2023-08-03 12:53:00,b5941a70-cf63-407e-8c24-c979e7f61e45,4200,168,4368
ff5f2b60-8926-462b-b671-f8f16b51b519,567dfb44-437c-405b-b2ef-0d1f10f47c9d,2023-08-03 08:16:00,b5941a70-cf63-407e-8c24-c979e7f61e45,600,24,624
7e2e93f7-04d8-4fb5-8e72-2df80d715530,0036c498-6d2c-40fb-af0f-92432b8718bf,2023-08-03 09:00:00,b5941a70-cf63-407e-8c24-c979e7f61e45,500,20,520
ebdc7e9a-313d-4eb4-9521-b345d980ab72,27cfdd1c-0f4b-49fc-be05-69c85ca32ec9,2023-08-03 17:21:00,b5941a70-cf63-407e-8c24-c979e7f61e45,400,16,416
fffcd025-d92e-4ee4-ab41-0a0ac9008883,046cf642-b58e-4a9e-afff-6f692cb6274e,2023-08-03 12:07:00,b5941a70-cf63-407e-8c24-c979e7f61e45,0,0,0
1b244b60-dce3-4b53-9e20-f39d0d2d04f6,13984d5f-4868-4031-8a3b-7240b963cd41,2023-08-03 07:49:00,b5941a70-cf63-407e-8c24-c979e7f61e45,400,16,416
e8871373-8f5d-403a-a865-888072e3b656,6ee92fc3-196c-4f81-b063-115ba8cbc26f,2023-08-03 07:35:00,b5941a70-cf63-407e-8c24-c979e7f61e45,600,24,624
0b980810-eb55-46bc-b499-3f7c7e581380,cb93d5ec-4d83-458a-9601-f3b8982e5faa,2023-08-03 07:51:00,b5941a70-cf63-407e-8c24-c979e7f61e45,700,28,728
7eb2b157-e68e-4835-906d-22c7b83cc16c,5df63f2e-723a-455f-83d3-d3918002449b,2023-08-03 08:23:00,b5941a70-cf63-407e-8c24-c979e7f61e45,600,24,624
63ef9f28-b554-4dd9-8de6-0c07fcd24da2,787f14f1-546f-4170-86a7-d3650975ea5b,2023-08-03 14:26:00,b5941a70-cf63-407e-8c24-c979e7f61e45,1700,68,1768
bc879652-396f-4077-8d4f-0a67c30bc803,1123f62c-d5c5-4236-a758-c04dd3d967b9,2023-08-03 14:07:00,b5941a70-cf63-407e-8c24-c979e7f61e45,2200,88,2288
9af24fdf-efb3-43c5-ac08-35943cfee327,c79c2398-ec1d-40c3-acb8-b95f93ca96dc,2023-08-03 14:49:00,b5941a70-cf63-407e-8c24-c979e7f61e45,500,20,520
2bb88c1f-419e-42fb-be19-0ea6a95cc5a8,88ccbcfa-ed30-47c5-bbf4-0bef6725123b,2023-08-03 11:39:00,b5941a70-cf63-407e-8c24-c979e7f61e45,600,24,624
45678f6d-34b5-4754-9a68-3fd38c5bb226,bcfc514d-c182-42a0-b84e-de154eac94c1,2023-08-03 08:15:00,b5941a70-cf63-407e-8c24-c979e7f61e45,400,16,416
2205186b-ad65-445b-a43c-6d144f34d920,0127f387-2025-4b20-95b4-c7fdfdc08887,2023-08-03 14:51:00,b5941a70-cf63-407e-8c24-c979e7f61e45,600,24,624
f1cf4457-64c4-46f4-9fba-9f135dfff945,ef6ca526-c8a8-4f4f-ba8c-9cf1bd514d0e,2023-08-03 16:07:00,b5941a70-cf63-407e-8c24-c979e7f61e45,3000,120,3120
e8f6ebc2-d027-4eeb-b564-41d5b5b68663,e972e2ef-2344-47cb-91fc-b6e1b2f82ac9,2023-08-03 13:38:00,b5941a70-cf63-407e-8c24-c979e7f61e45,1900,76,1976
4cf212dd-46aa-4ae1-aef0-79a434868eed,310540d1-8503-4470-8f4b-81ccd6135a4a,2023-08-03 08:13:00,b5941a70-cf63-407e-8c24-c979e7f61e45,600,24,624
cdcc5aea-58ab-47dc-803b-21aec92c46e4,9331e60b-99c8-461f-90eb-9ddf96020fa5,2023-08-03 14:20:00,b5941a70-cf63-407e-8c24-c979e7f61e45,600,24,624
5bf70b19-b90c-45e4-aed8-c791e3a5d19b,9cabb6de-db70-4794-a40c-57d0be0c639c,2023-08-03 08:26:00,b5941a70-cf63-407e-8c24-c979e7f61e45,600,24,624
eac81456-3202-4227-8469-56bb9871f584,23b40fa9-2c00-4076-beb3-52cc40ebecb9,2023-08-03 08:07:00,b5941a70-cf63-407e-8c24-c979e7f61e45,500,20,520
1ae397d3-5faa-4914-84d0-dcc3a8dcdf38,afe8270b-5329-4218-a4c8-e6832a92afd8,2023-08-03 08:34:00,b5941a70-cf63-407e-8c24-c979e7f61e45,400,16,416
e327c1e9-83cc-4ba8-9f3a-7c79de594be7,125ca5d7-df9a-4025-91b8-e0f428d43068,2023-08-03 09:11:00,b5941a70-cf63-407e-8c24-c979e7f61e45,500,20,520
71ca3f0c-5e28-4a90-a515-c230b7d73ab2,56489e8f-ff4e-46c9-ae0f-1b337da5bfae,2023-08-03 14:41:00,b5941a70-cf63-407e-8c24-c979e7f61e45,1600,64,1664
8b80177f-24c1-4efb-80c7-086b78200dd3,b589328d-e095-4f24-8b43-598650d7987b,2023-08-03 14:05:00,b5941a70-cf63-407e-8c24-c979e7f61e45,1100,44,1144
e040084f-60f6-4594-8257-0e3be40ce9b4,49b9328f-15ce-4610-b926-f7455687982f,2023-08-03 07:53:00,b5941a70-cf63-407e-8c24-c979e7f61e45,700,28,728
6b1e2fc0-b27b-4b86-92d3-a4981981c5a3,01b06b2c-1ad5-4112-a37a-61ebdeb7236d,2023-08-03 07:34:00,b5941a70-cf63-407e-8c24-c979e7f61e45,600,24,624
5c0fa80a-86a3-4050-9dfd-6b3456612a3f,0f4b96f1-0b6f-45ab-929b-98c3e847436f,2023-08-03 13:35:00,b5941a70-cf63-407e-8c24-c979e7f61e45,600,24,624
5a8f18fc-8e89-4e36-8dfc-fde0901c166b,4c13d6e1-6bc1-4d79-ad00-7d8c82d88060,2023-08-03 11:50:00,b5941a70-cf63-407e-8c24-c979e7f61e45,600,24,624
f4180f78-02fb-45c4-9898-91b272b66e8a,afcec46d-e1b4-4419-bf05-9316e3dde336,2023-08-03 07:00:00,b5941a70-cf63-407e-8c24-c979e7f61e45,400,16,416
73b84533-aa96-4401-a306-b0a89972c0bc,58251ac9-f1f8-459a-afc2-e12577112356,2023-08-03 08:57:00,b5941a70-cf63-407e-8c24-c979e7f61e45,400,16,416
ce62377d-c612-4183-9e5b-4644bd361642,06fb745a-ae90-4cba-a02e-f293ee607c51,2023-08-03 14:57:00,b5941a70-cf63-407e-8c24-c979e7f61e45,500,20,520
dad99cf0-3cd8-4ced-a0b6-96cbac80b168,3a9926ef-6401-4560-8b6f-e379a863961c,2023-08-03 08:34:00,b5941a70-cf63-407e-8c24-c979e7f61e45,600,24,624
fec88360-67f2-49d0-b061-9a2ac6001256,35ef9a20-373b-49a0-94e7-a652a49ad546,2023-08-03 09:52:00,b5941a70-cf63-407e-8c24-c979e7f61e45,400,16,416
6d7a32ee-e145-4444-972d-2038e869be8f,1d0db805-775f-4a21-93a9-685c78ded448,2023-08-03 08:30:00,b5941a70-cf63-407e-8c24-c979e7f61e45,700,28,728
2ddb11ce-de3a-4025-8328-d0e44c798da5,30fba204-135e-4e71-a1a8-1c94ddb2c0da,2023-08-03 07:47:00,b5941a70-cf63-407e-8c24-c979e7f61e45,700,28,728
4fb93fa9-016a-461f-9334-31c8e46f318e,fb398617-4d10-4ba7-a36e-b66cd127c45d,2023-08-03 08:30:00,b5941a70-cf63-407e-8c24-c979e7f61e45,600,24,624
69b6522c-12e5-4d0b-b002-e48422ced202,3b3487d9-712c-4d93-9cd6-2c8d7e759c76,2023-08-03 08:00:00,b5941a70-cf63-407e-8c24-c979e7f61e45,700,28,728
202dd78c-33b0-4369-bf6c-f8708c3a6974,8143b925-a728-45dc-90e2-770dc299a5d0,2023-08-03 07:18:00,b5941a70-cf63-407e-8c24-c979e7f61e45,500,20,520
de057170-9314-4004-b3c3-23582e2fe490,079c5ccc-da93-4cd1-836d-38c631bf48a6,2023-08-03 09:06:00,b5941a70-cf63-407e-8c24-c979e7f61e45,600,24,624
35c2af2c-c0d7-4af4-a536-2e449ac46c69,c7ba7c0b-dcbd-432b-a25d-5f19f08ee302,2023-08-03 12:14:00,b5941a70-cf63-407e-8c24-c979e7f61e45,700,28,728
1961f9e8-1eef-463f-9343-aadb78bd322e,a233190a-52a9-4cf7-9a10-17472b86c1d9,2023-08-03 08:12:00,b5941a70-cf63-407e-8c24-c979e7f61e45,400,16,416
f3c68706-6cb1-42a7-91ef-f24e5313b4ca,0e36bc6f-6b9f-4c73-bf81-4de9c05bd1f7,2023-08-03 07:29:00,b5941a70-cf63-407e-8c24-c979e7f61e45,700,28,728
778a70fa-1567-45a7-b19f-27d6cd25efec,b0f4cef9-ee4a-4cdb-97fc-9f091c007881,2023-08-03 15:38:00,b5941a70-cf63-407e-8c24-c979e7f61e45,700,28,728
6c9553ed-89f7-460e-893b-f94156f18b26,4818cfac-6545-4c77-b041-6f063a63ddf4,2023-08-03 08:09:00,b5941a70-cf63-407e-8c24-c979e7f61e45,500,20,520
4329a974-b20a-418c-8d81-60d3579bc463,4b4a5bad-682f-465e-93b0-0b7e74ea0f03,2023-08-03 11:14:00,b5941a70-cf63-407e-8c24-c979e7f61e45,400,16,416
15bdd74f-26d7-400b-b596-4a412f17f944,5729d739-8c7e-469d-9fc7-fb95612fc92e,2023-08-03 12:42:00,b5941a70-cf63-407e-8c24-c979e7f61e45,2500,100,2600
c9851bb3-ad24-42a6-a219-f53a151ac5da,735200b4-2828-4349-96cd-860b863fb154,2023-08-03 08:02:00,b5941a70-cf63-407e-8c24-c979e7f61e45,600,24,624
3d34356b-068c-40bd-809e-e59798109739,143486b6-dcbd-45d1-9d83-490582574c81,2023-08-03 13:17:00,b5941a70-cf63-407e-8c24-c979e7f61e45,2400,96,2496
6658e5e7-097c-4791-904c-3f7529c9d931,77312b67-634b-44fa-afff-84cd492294dd,2023-08-03 07:47:00,b5941a70-cf63-407e-8c24-c979e7f61e45,600,24,624
e4eddbc6-1a46-449a-945c-6e62557810ff,a84e1701-2350-4972-a199-bbb09a5018fe,2023-08-03 15:11:00,b5941a70-cf63-407e-8c24-c979e7f61e45,400,16,416
e72a712b-0fd0-40fc-ad70-504514263e74,157f19e9-dabb-402d-a24a-1a3daad4390a,2023-08-03 07:57:00,b5941a70-cf63-407e-8c24-c979e7f61e45,500,20,520
642fee07-3bad-4ac8-8185-4eeda5cfaa6f,057d6adc-0a93-4e10-a0ad-eecde498a471,2023-08-03 12:18:00,b5941a70-cf63-407e-8c24-c979e7f61e45,600,24,624
0997fb76-337a-4fcf-ac2b-8f6609073998,c1cfdf53-a54d-4650-b94f-c186d4ef6a33,2023-08-03 08:31:00,b5941a70-cf63-407e-8c24-c979e7f61e45,400,16,416
5f403f1a-2da1-48de-b55c-95078c1b96dd,e596c316-2043-4865-87fe-c7f9979aef23,2023-08-03 14:28:00,b5941a70-cf63-407e-8c24-c979e7f61e45,1600,64,1664
801e0107-4a4e-4a53-870b-094fb54fbc72,6adaa027-c693-435e-89eb-a9bbb5e44b8a,2023-08-03 07:44:00,b5941a70-cf63-407e-8c24-c979e7f61e45,400,16,416
d2a8fa31-2795-44b8-b300-6a77d8d87f30,3e137f30-9049-4d26-b807-213d23a47ff4,2023-08-03 08:31:00,b5941a70-cf63-407e-8c24-c979e7f61e45,700,28,728
7c5ddf42-3420-499b-a7a7-4427a7869ab5,8310a031-3027-4e50-9668-13752414d69d,2023-08-03 09:02:00,b5941a70-cf63-407e-8c24-c979e7f61e45,700,28,728
1124335c-7380-4219-a835-dfaae8e7e150,11898c7e-ea4f-465e-8729-e6aadfbb23da,2023-08-03 14:06:00,b5941a70-cf63-407e-8c24-c979e7f61e45,2600,104,2704
82101a63-a9d9-4970-9325-799ff20f2395,fd116e0a-17ff-4891-b76a-87564104c894,2023-08-03 16:21:00,b5941a70-cf63-407e-8c24-c979e7f61e45,500,20,520
ec311440-80df-44a2-9f05-882e4a1602df,4476c00f-aa7a-469a-b999-2d09393919f0,2023-08-03 07:02:00,b5941a70-cf63-407e-8c24-c979e7f61e45,600,24,624
e148dc2c-838f-40b8-b35a-a0c9b15781f4,5e2f8308-17ff-4a1b-aaf0-7ee5789d624f,2023-08-03 08:23:00,b5941a70-cf63-407e-8c24-c979e7f61e45,400,16,416
7754e49b-6dcf-41f1-ae75-a8ec02e93523,965ad9dd-b607-4df4-aeb6-2484cd649486,2023-08-03 08:11:00,b5941a70-cf63-407e-8c24-c979e7f61e45,600,24,624
00b9f0d0-7dd7-4437-b4e9-3288810850d8,8a56193e-7740-40eb-84fc-cfbed31c5b23,2023-08-03 08:12:00,b5941a70-cf63-407e-8c24-c979e7f61e45,600,24,624
7c1300df-dcb6-452f-924c-7b370fd31bf9,94eed14f-8001-4b43-8f44-165f49fd933d,2023-08-03 11:56:00,b5941a70-cf63-407e-8c24-c979e7f61e45,400,16,416
ec9a4abc-702e-44e0-9772-6ec81fb1904a,262fb523-a8a1-4b30-a646-07769b0e0136,2023-08-03 17:24:00,b5941a70-cf63-407e-8c24-c979e7f61e45,2200,88,2288
8c43af29-9bdc-4aee-aef5-9a8eb252a021,b4831ea7-1598-4d5a-8e8f-8f7a3fc9fd2a,2023-08-03 07:31:00,b5941a70-cf63-407e-8c24-c979e7f61e45,400,16,416
34b57e42-6c0d-45a7-9dca-a40fb3b31f8c,e1381e43-7e52-4fde-bb54-70721c780d75,2023-08-03 08:25:00,b5941a70-cf63-407e-8c24-c979e7f61e45,400,16,416
bf0a8764-5f38-45ed-9489-3ede4f8127e5,51c70362-b335-415c-aedb-b03180cdcc0e,2023-08-03 11:01:00,b5941a70-cf63-407e-8c24-c979e7f61e45,600,24,624
d7042ac0-f395-4f8e-a2b8-e94311f19b61,ef92459f-9ed1-44f8-bc84-2af20287f25e,2023-08-03 07:50:00,b5941a70-cf63-407e-8c24-c979e7f61e45,700,28,728
af918c8e-2dc8-4445-bbfe-201aee9d40aa,413bce01-ac7a-4af0-8c49-23cd68b4aab5,2023-08-03 14:36:00,b5941a70-cf63-407e-8c24-c979e7f61e45,400,16,416
90e77325-f4de-419d-91a5-49110a5b6a1b,64141f13-bf43-4c2a-86ae-1f78687ace7b,2023-08-03 11:42:00,b5941a70-cf63-407e-8c24-c979e7f61e45,700,28,728
4bf2efb7-6daa-428e-aae7-863c4c1b26f5,4c002b7f-15e5-4722-80a2-e29fdacffe4c,2023-08-03 08:10:00,b5941a70-cf63-407e-8c24-c979e7f61e45,400,16,416
c0caf91e-1b03-4d7b-96dc-e6a2550016ea,ddcd9df3-9f22-42b9-9ebd-d43096c21260,2023-08-03 15:48:00,b5941a70-cf63-407e-8c24-c979e7f61e45,1200,48,1248
bc902955-bc3b-4c14-9b80-790c681f2276,2c53805a-8a5d-4835-a8a5-363ded197da1,2023-08-03 07:15:00,b5941a70-cf63-407e-8c24-c979e7f61e45,400,16,416
e20b4c12-27a2-4779-a430-e9d7917b6339,ab048a38-1f12-4bca-ab42-1b40682f705b,2023-08-03 10:51:00,b5941a70-cf63-407e-8c24-c979e7f61e45,700,28,728
59f3eee4-5527-49d3-8cbf-dda3fdd568d6,4824e242-620a-44a3-b4aa-6d34b7342b87,2023-08-03 08:06:00,b5941a70-cf63-407e-8c24-c979e7f61e45,600,24,624
da517ea5-18bd-4d68-a82d-37faa0eb8626,e33acab5-9a67-4a77-9171-e8674a44c7c9,2023-08-03 08:18:00,b5941a70-cf63-407e-8c24-c979e7f61e45,3000,120,3120
18ef9fc9-092b-4ac8-aa1b-ba3f7352f1f8,ddbfab2a-b55c-4cf6-92d0-62446994c2e0,2023-08-03 14:35:00,b5941a70-cf63-407e-8c24-c979e7f61e45,700,28,728
d591df7e-dc6f-4a37-b2a0-03d56b908702,e54b719a-48b9-4990-b26b-ac3103c62963,2023-08-03 08:02:00,b5941a70-cf63-407e-8c24-c979e7f61e45,600,24,624
23dd5653-a121-4c38-bb2c-e5d6985f5fed,9d6095f7-a9a5-4fb9-aff0-d3e1ac17e3f4,2023-08-03 08:01:00,b5941a70-cf63-407e-8c24-c979e7f61e45,700,28,728
bfbd79f8-455f-4a1f-85f8-fc983908b732,fb448b08-7725-42e0-9ab1-296312325b35,2023-08-03 14:42:00,b5941a70-cf63-407e-8c24-c979e7f61e45,500,20,520
f36243ba-e299-4b9b-adf2-cb5f696a8dc1,8015a6ee-2cb8-4023-bd73-83f79ca11c40,2023-08-03 08:07:00,b5941a70-cf63-407e-8c24-c979e7f61e45,600,24,624
58228700-48ef-4ed0-bc51-912e715afacf,f6f7cd36-ad87-48b5-86a4-69c72ffedaf5,2023-08-03 08:06:00,b5941a70-cf63-407e-8c24-c979e7f61e45,500,20,520
0eb3074b-3d93-4c63-90c7-c6c0c5a225f3,2dbbf653-fb89-431e-9ce5-5be640628514,2023-08-03 10:04:00,b5941a70-cf63-407e-8c24-c979e7f61e45,700,28,728
5c769b7a-4d29-455a-ad92-bc087eb80f88,d495194b-5412-4a94-963f-a575a3c050a4,2023-08-03 08:06:00,b5941a70-cf63-407e-8c24-c979e7f61e45,500,20,520
ba99a7b2-f182-4c7f-9d3e-b475077858c9,e43c8ecb-3f23-452b-9898-1b0dc684312f,2023-08-03 08:04:00,b3406af8-c4a9-4d2d-9e30-e06f3da01c15,700,56,756
3ea84632-58a2-4bc4-9dff-5e5d9e6d3b8a,c44fedb1-0107-4b01-ad43-16483dd8baed,2023-08-03 08:50:00,b3406af8-c4a9-4d2d-9e30-e06f3da01c15,600,48,648
1552587f-aecd-42b3-bcb8-91ef0068c5f2,9486bb2e-4b6e-4d11-b2c7-68422ce31dc8,2023-08-03 07:47:00,b3406af8-c4a9-4d2d-9e30-e06f3da01c15,500,40,540
3d07a825-711f-4e56-9e88-05afdf290a1a,4e118a6e-8d00-4fbf-b3a7-1c2dd411d8f0,2023-08-03 08:47:00,b3406af8-c4a9-4d2d-9e30-e06f3da01c15,600,48,648
9633a72d-c7e9-498b-9d2f-e0d870de00bd,98dda004-b8b8-4899-b938-93da30a150a1,2023-08-03 11:00:00,b3406af8-c4a9-4d2d-9e30-e06f3da01c15,400,32,432
f41dc4e8-f75f-4b15-aa3f-79532e2b92c7,22fac9d3-80e8-4460-a840-888ca04de01c,2023-08-03 07:57:00,b3406af8-c4a9-4d2d-9e30-e06f3da01c15,500,40,540
9e20f5e2-fcf7-4688-9377-639dd94deba0,8358cc3a-5993-44f8-aa25-4fb0dcbbad6e,2023-08-03 10:32:00,b3406af8-c4a9-4d2d-9e30-e06f3da01c15,400,32,432
14ad35b8-7227-451c-8dd1-5aac6d65f23d,88ceab79-75e6-4db6-a2bc-acd9ba60dbf3,2023-08-03 07:58:00,b3406af8-c4a9-4d2d-9e30-e06f3da01c15,600,48,648
b238c749-bf9f-41d8-bbf0-2dbfe2222d1e,8a2408e6-00a5-46d4-924f-b41ebe3d654c,2023-08-03 16:21:00,b3406af8-c4a9-4d2d-9e30-e06f3da01c15,1800,144,1944
6bdb39cd-2196-4362-b0db-c9e62d301e1d,3b2e6b11-b740-4416-989f-d333d59d01e3,2023-08-03 11:53:00,b3406af8-c4a9-4d2d-9e30-e06f3da01c15,600,48,648
91889d61-7caa-405c-9e59-e3d014c19a19,239435ac-7176-47ce-b7dc-bd339b0a5b87,2023-08-03 11:32:00,b3406af8-c4a9-4d2d-9e30-e06f3da01c15,600,48,648
0f83949a-8550-466f-bfda-68464039b193,4302cbf3-971a-478c-b463-eb3284027248,2023-08-03 08:36:00,b3406af8-c4a9-4d2d-9e30-e06f3da01c15,400,32,432
f0557d36-b922-4b36-b498-1eda8d91ff89,842933c0-5512-4685-8352-54b6acbce721,2023-08-03 11:16:00,b3406af8-c4a9-4d2d-9e30-e06f3da01c15,1900,152,2052
d541b9b7-3556-4673-9164-0bb7b2488355,3b957f8f-558e-4c9c-b7be-6dd661554b79,2023-08-03 08:46:00,b3406af8-c4a9-4d2d-9e30-e06f3da01c15,600,48,648
ae222bf2-1301-43f1-a9cb-48a3095adb3d,064cf927-4d76-4a1c-96e2-0e2849fe3247,2023-08-03 12:38:00,b3406af8-c4a9-4d2d-9e30-e06f3da01c15,400,32,432
87434ede-ca99-4d5e-a773-527f5e4696ff,e7557980-b703-4b75-9726-ca57793ec2f7,2023-08-03 08:18:00,b3406af8-c4a9-4d2d-9e30-e06f3da01c15,600,48,648
0e7f2851-3ec7-465f-9304-5a02a2118aaf,d7538bff-54f1-40cf-b3e0-cf3244e312de,2023-08-03 13:22:00,b3406af8-c4a9-4d2d-9e30-e06f3da01c15,1400,112,1512
845da59a-d843-4d95-8f90-3cb4d64462a8,84246c00-52db-4135-ac94-c99469e4864f,2023-08-03 15:07:00,b3406af8-c4a9-4d2d-9e30-e06f3da01c15,1800,144,1944
339768c2-dbb7-441b-a6b9-98adda0bfca0,253c99a5-b969-491d-8525-0b736e9ffc7f,2023-08-03 13:50:00,b3406af8-c4a9-4d2d-9e30-e06f3da01c15,1700,136,1836
10478a03-7abf-470a-8d3d-0051c6dc3b4a,1555720b-72a8-48bb-805c-f18499ea4cf5,2023-08-03 11:32:00,b3406af8-c4a9-4d2d-9e30-e06f3da01c15,2800,224,3024
037ffec9-07b7-4fe6-9e28-b99354de061b,279bb9eb-274e-4d3f-8214-4a0b76d8f3dd,2023-08-03 17:42:00,b3406af8-c4a9-4d2d-9e30-e06f3da01c15,1800,144,1944
8762c50f-1253-453a-8cea-4f11a2c494dd,b6a5a2fe-4d99-493c-8308-800f7aa53561,2023-08-03 13:25:00,b3406af8-c4a9-4d2d-9e30-e06f3da01c15,500,40,540
5471a102-adfa-4423-939f-25df5e05ead7,a2091e93-b175-4a4d-a1ad-22e65dd882e2,2023-08-03 15:02:00,b3406af8-c4a9-4d2d-9e30-e06f3da01c15,1700,136,1836
5fa441b0-6ad6-4cf9-96f0-9eb29a3ae0e9,ec4b1e07-796f-47db-9441-9f4618fe7125,2023-08-03 09:51:00,b3406af8-c4a9-4d2d-9e30-e06f3da01c15,1800,144,1944
7f269928-3ce9-40c0-b95d-6cbcf383a5ed,fe61d173-a5a0-4639-9464-a1f7719807fa,2023-08-03 08:15:00,b3406af8-c4a9-4d2d-9e30-e06f3da01c15,500,40,540
5d6560f0-96e8-488e-aac9-029f9eac311f,feeba5b2-ee35-494f-bf9a-fc5317519eca,2023-08-03 07:56:00,b3406af8-c4a9-4d2d-9e30-e06f3da01c15,500,40,540
bab6b024-ebe0-4b27-9b00-45ccc64d78a2,3dcda216-30ce-47c1-b61e-64e7f3fd38dc,2023-08-03 07:55:00,b3406af8-c4a9-4d2d-9e30-e06f3da01c15,600,48,648
ffb70821-7daa-426b-944a-958ac941aaac,4c14b657-2a3c-4ea5-9948-df7e1566baba,2023-08-03 07:26:00,b3406af8-c4a9-4d2d-9e30-e06f3da01c15,700,56,756
47fefaf7-dfea-4284-8d93-38cfc0961ebd,44835168-a3c6-4c3a-afd2-f6c657bb8ed0,2023-08-03 07:51:00,b3406af8-c4a9-4d2d-9e30-e06f3da01c15,400,32,432
25c5d727-4bd8-4b36-8650-a7935c932f86,1b67a578-3e3a-496f-b2db-2e233b75a057,2023-08-03 07:08:00,b3406af8-c4a9-4d2d-9e30-e06f3da01c15,500,40,540
67f01c35-e87a-49f9-bf25-95328fcfc51b,38c43380-025d-443c-9929-69575b8c1476,2023-08-03 09:34:00,b3406af8-c4a9-4d2d-9e30-e06f3da01c15,4700,376,5076
42932fd6-de58-44c0-968a-56d331dc8ca7,05617299-025b-4e35-82e6-3129af08b43b,2023-08-03 08:01:00,b3406af8-c4a9-4d2d-9e30-e06f3da01c15,600,48,648
5a59fad3-b334-45a7-8776-9cab346bdab1,9ad4d7d0-7c6e-4062-b82a-6c1a852fedae,2023-08-03 07:24:00,b3406af8-c4a9-4d2d-9e30-e06f3da01c15,500,40,540
00b1a5ce-cea0-42ef-b400-c3bbd1b0f6f9,c42b0f6f-93ab-4eca-8dc6-c5bbece44b0b,2023-08-03 10:24:00,b3406af8-c4a9-4d2d-9e30-e06f3da01c15,600,48,648
2e423a99-fcc3-4fd0-94e4-ad200163d6d8,c4d9214e-1a8a-4572-ab3c-d4d92c02af28,2023-08-03 07:21:00,b3406af8-c4a9-4d2d-9e30-e06f3da01c15,400,32,432
8befab7d-53bf-433f-8215-93635a58f502,4149b269-ecae-4eb4-8545-98839f516b6a,2023-08-03 11:25:00,b3406af8-c4a9-4d2d-9e30-e06f3da01c15,900,72,972
c83f944b-77a0-4708-8d4b-b431fc10ca1c,96926c2b-1043-47ff-8850-51e5bf2f14d8,2023-08-03 08:18:00,b3406af8-c4a9-4d2d-9e30-e06f3da01c15,600,48,648
8358ca8d-c3b3-4b11-b3ef-1265bec58636,4a9277ea-471b-44e3-91d1-812ae38ee0af,2023-08-03 07:00:00,b3406af8-c4a9-4d2d-9e30-e06f3da01c15,700,56,756
da49c8e1-c512-4fbe-a8b5-1584b09ef6fc,c363df3a-cefa-46da-aab7-940b980cae89,2023-08-03 08:08:00,b3406af8-c4a9-4d2d-9e30-e06f3da01c15,600,48,648
77d75920-8abd-4cb2-8321-07a285b261b8,da1d52ce-844e-47b9-aeb1-873344c86ed5,2023-08-03 11:31:00,b3406af8-c4a9-4d2d-9e30-e06f3da01c15,1200,96,1296
5fbf6c47-1dae-48a3-83d4-4ffac034ff26,5779e275-8994-4267-9474-f3a509802221,2023-08-03 14:23:00,b3406af8-c4a9-4d2d-9e30-e06f3da01c15,600,48,648
a72bf7a8-5db2-46bf-918f-f20c83c64e80,88128252-2a15-43e6-9f6b-d087b22720a9,2023-08-03 08:32:00,b3406af8-c4a9-4d2d-9e30-e06f3da01c15,700,56,756
7eb746bc-66bc-4a52-a4dc-d3284c3c0fde,b8a0bca5-a3fe-47b5-b54c-f11d3b3566b3,2023-08-03 13:03:00,b3406af8-c4a9-4d2d-9e30-e06f3da01c15,1600,128,1728
469dc1cc-a06f-4e38-90e1-1f7f85d550f0,27aa2e5e-189e-4554-bd68-cdc6769ac85e,2023-08-03 07:20:00,b3406af8-c4a9-4d2d-9e30-e06f3da01c15,400,32,432
be767c9c-6ca8-4b41-ba13-5081f5575758,935f8df0-9ed4-421f-a330-c022fd690f49,2023-08-03 08:13:00,b3406af8-c4a9-4d2d-9e30-e06f3da01c15,600,48,648
dd327a3b-e455-4a48-85d0-b5fb566d6f8a,a0adc3c2-77d8-4e4b-a254-525252d95ff2,2023-08-03 14:23:00,b3406af8-c4a9-4d2d-9e30-e06f3da01c15,600,48,648
469397da-841d-46af-8705-c9c293c0c065,1f746910-e416-4cef-9813-e3065cae4fcd,2023-08-03 12:23:00,b3406af8-c4a9-4d2d-9e30-e06f3da01c15,700,56,756
d7171fc4-25ed-41cf-a898-6db27188031c,bf98777f-16f7-465d-a17c-31e1ae97506b,2023-08-03 11:28:00,b3406af8-c4a9-4d2d-9e30-e06f3da01c15,2000,160,2160
8c6de882-673f-4fa3-bd51-a57b6347334e,4dc43541-9eb4-418a-af40-7b08737d3c43,2023-08-03 07:31:00,b3406af8-c4a9-4d2d-9e30-e06f3da01c15,600,48,648
8cfa7add-038a-4e1c-aa08-e1271ebb2ce4,23c89686-b6e1-4cb4-8afe-527a20aeede9,2023-08-03 07:42:00,b3406af8-c4a9-4d2d-9e30-e06f3da01c15,600,48,648
5b441636-0e23-4a59-9e6b-0765b52ada49,066117d4-b907-47c1-94c3-7f3e19284e7e,2023-08-03 10:49:00,b3406af8-c4a9-4d2d-9e30-e06f3da01c15,900,72,972
7c4c2c39-53b6-42fa-8a3d-4a7fbc9e5aaa,d22e0d48-9bf2-4a43-b32f-2c2607d00dd5,2023-08-03 12:45:00,b3406af8-c4a9-4d2d-9e30-e06f3da01c15,0,0,0
a4d22106-8481-4c58-9f7b-b5bf9568208d,80beca59-cd9e-4ff3-9d94-e1c6879c1316,2023-08-03 07:38:00,b3406af8-c4a9-4d2d-9e30-e06f3da01c15,700,56,756
7ba3366e-f573-46e7-945f-0f8681f18248,2efd88fb-9b50-48f6-817a-ca2c8541cfd1,2023-08-03 07:01:00,b3406af8-c4a9-4d2d-9e30-e06f3da01c15,400,32,432
9d220d14-8ef5-4339-8f87-20065321790e,39138df5-0ee9-413c-9571-c4df064cba64,2023-08-03 07:39:00,b3406af8-c4a9-4d2d-9e30-e06f3da01c15,400,32,432
b074bd0b-75df-4f42-9db0-06f5c69105df,ff60ce7b-ad40-4cfd-b093-f5592bb22810,2023-08-03 09:44:00,b3406af8-c4a9-4d2d-9e30-e06f3da01c15,700,56,756
d78376ff-523d-4775-ae24-ebe6d269d825,f375e828-1afb-4b45-89c1-26c16035508f,2023-08-03 15:58:00,b3406af8-c4a9-4d2d-9e30-e06f3da01c15,1700,136,1836
382e46cb-c6bd-4cce-b0b4-93313272122a,5771b79c-6f7a-4469-b773-289af03e59c9,2023-08-03 13:58:00,b3406af8-c4a9-4d2d-9e30-e06f3da01c15,1800,144,1944
c83e365d-2f4f-4717-96d9-82bcf4b7b658,76c7924f-d1ef-4af5-b145-514191a0d17f,2023-08-03 17:49:00,b3406af8-c4a9-4d2d-9e30-e06f3da01c15,1300,104,1404
f1561733-fbcd-4561-ab57-838e3b10e0d6,5e48221c-cae5-43ec-97c4-8c92051a16a4,2023-08-03 12:44:00,b3406af8-c4a9-4d2d-9e30-e06f3da01c15,400,32,432
89caf64e-a807-4761-bac9-27cf0bf7f1be,e153b65e-f6c1-4043-932d-e1357a7d50e7,2023-08-03 07:50:00,b3406af8-c4a9-4d2d-9e30-e06f3da01c15,400,32,432
0752f0c5-938e-4ad8-b28b-3372978b088f,13a7703d-03d1-4063-84ca-b89d789a1738,2023-08-03 07:36:00,b3406af8-c4a9-4d2d-9e30-e06f3da01c15,400,32,432
8dcbd428-bd1f-4d02-86f9-87283c61b240,47bdc2f3-2221-45ba-87aa-957ae3eca21b,2023-08-03 11:07:00,b3406af8-c4a9-4d2d-9e30-e06f3da01c15,600,48,648
9305bca2-34db-4f83-899e-6380dcea4d09,d8b32b5c-b453-46b3-972f-a82740c80425,2023-08-03 17:07:00,b3406af8-c4a9-4d2d-9e30-e06f3da01c15,1500,120,1620
b699dedf-4279-4e97-9a7e-3b3b8bf40c5f,1b4695e3-474d-4a57-8330-b29e2b1e34a4,2023-08-03 07:31:00,b3406af8-c4a9-4d2d-9e30-e06f3da01c15,400,32,432
08a54660-9ffa-43d8-882f-71a04322e38d,80a49a51-3aad-4ab0-a876-84ac983a1ecb,2023-08-03 08:08:00,b3406af8-c4a9-4d2d-9e30-e06f3da01c15,500,40,540
993f1b1e-9c9c-4ec7-9a9f-c75dab194e43,7b930b65-6a9e-4445-8ae1-1503b76ac988,2023-08-03 08:26:00,b3406af8-c4a9-4d2d-9e30-e06f3da01c15,700,56,756
2f2fa00f-0ff5-4db9-8863-7983c16bdf6e,5d9f037d-9045-46b5-99b7-f51314dfe487,2023-08-03 11:51:00,b3406af8-c4a9-4d2d-9e30-e06f3da01c15,500,40,540
c486c543-ba4b-44a0-8131-5f1efedb4c65,8a87962d-68e3-4597-b43e-27b048d4439d,2023-08-03 12:07:00,b3406af8-c4a9-4d2d-9e30-e06f3da01c15,700,56,756
3b37ce2d-bc18-49e2-af55-8da95a461d79,9f3d6f04-8cfa-44c8-9be8-f6257a05765d,2023-08-03 12:18:00,b3406af8-c4a9-4d2d-9e30-e06f3da01c15,600,48,648
0019cace-0a24-48f4-858b-25768785382a,e58fb269-c11c-4066-a830-f52499508f2a,2023-08-03 11:54:00,b3406af8-c4a9-4d2d-9e30-e06f3da01c15,3900,312,4212
94b04463-b180-4cfc-aa3a-1aac242cc297,361f6a4e-0eaa-4595-9086-b3ad40e8a618,2023-08-03 08:12:00,b3406af8-c4a9-4d2d-9e30-e06f3da01c15,600,48,648
b8ec0a0a-0b03-46af-80f0-08f235c948ae,6b6847b1-c79c-4831-969c-e1b95141232c,2023-08-03 08:03:00,b3406af8-c4a9-4d2d-9e30-e06f3da01c15,500,40,540
fa409fcf-b4c5-4475-b183-6a262ff0a36a,ab9ec2ba-efbc-40af-a2d9-15186dd81cd4,2023-08-03 08:10:00,b3406af8-c4a9-4d2d-9e30-e06f3da01c15,600,48,648
71cf5929-f277-42b7-93d7-f7dc3fc7c972,c14a5811-3017-4d1f-bd5b-9ccd885f4dee,2023-08-03 16:25:00,b3406af8-c4a9-4d2d-9e30-e06f3da01c15,1000,80,1080
e954f148-0578-4def-879c-e7a4aa5eef1c,d1632fc8-d982-4a8a-8ef9-53a6c238f72c,2023-08-03 12:52:00,b3406af8-c4a9-4d2d-9e30-e06f3da01c15,600,48,648
4e5c28d2-d21c-4f43-9436-41d5092c0952,621183af-0262-460a-ba41-8fcd61b78119,2023-08-03 09:32:00,b3406af8-c4a9-4d2d-9e30-e06f3da01c15,700,56,756
265b3b9c-27f8-4a12-adf2-8695ab00fc84,a5b4ca03-0415-4ab0-887f-e9c900e32790,2023-08-03 14:52:00,b3406af8-c4a9-4d2d-9e30-e06f3da01c15,1700,136,1836
50d36c6d-9e6e-4473-a9f1-c8f2dcccfb5b,fce60606-1c32-4073-abab-5e73f36b3302,2023-08-03 07:35:00,b3406af8-c4a9-4d2d-9e30-e06f3da01c15,400,32,432
ac0cc8cb-8cc4-46d1-8478-e7986b44fd62,cbcda1f0-7b97-4053-ad4b-cc4b5a76e903,2023-08-03 07:41:00,b3406af8-c4a9-4d2d-9e30-e06f3da01c15,500,40,540
511fa2f3-9568-4ecb-8600-347a144be407,52b280cc-66a1-4aff-a315-65a3e08ba082,2023-08-03 07:51:00,b3406af8-c4a9-4d2d-9e30-e06f3da01c15,700,56,756
556add26-2ba6-49f1-a0db-e83ce1cbdd78,db206fbc-6df6-47aa-9f6c-7d3bdce9e3c5,2023-08-03 07:55:00,b3406af8-c4a9-4d2d-9e30-e06f3da01c15,500,40,540
d5516c91-9ffd-49dd-acc2-ccda9ee4a1a0,c2085572-8827-4de1-ac06-5f3d40324313,2023-08-03 07:47:00,b3406af8-c4a9-4d2d-9e30-e06f3da01c15,600,48,648
dd1f8a1d-bcb8-431c-92bc-4321e9ead85d,d4954aec-b60d-426c-9058-f2d3d61ecf7f,2023-08-03 18:16:00,b3406af8-c4a9-4d2d-9e30-e06f3da01c15,900,72,972
821f90ba-8049-4b20-9279-e7a473abb44a,8429261b-8ba3-41d8-beda-f33f31540c22,2023-08-03 11:02:00,b3406af8-c4a9-4d2d-9e30-e06f3da01c15,600,48,648
2983a70e-b38b-4575-a716-713dd4f7d3fd,3254d2fb-f762-4502-ad4f-6f57b4a21620,2023-08-03 08:04:00,b3406af8-c4a9-4d2d-9e30-e06f3da01c15,600,48,648
19f28cdc-aabe-4435-a454-440556259aa6,794398f0-d003-410e-81b9-97cfb53b31d1,2023-08-03 16:32:00,b3406af8-c4a9-4d2d-9e30-e06f3da01c15,1600,128,1728
b3306719-0fb2-4ad3-abb1-a1f47066c689,37fb0e02-a1ba-418d-90f7-2bd67e71feb0,2023-08-03 14:41:00,b3406af8-c4a9-4d2d-9e30-e06f3da01c15,1800,144,1944
2d8bb968-79cb-494c-b91d-802ad0a54de6,e84bffdc-b85d-42a5-900a-67979727373d,2023-08-03 07:00:00,b3406af8-c4a9-4d2d-9e30-e06f3da01c15,600,48,648
f704876c-ac31-4c9f-a427-8e334d0d4479,0acbf411-6839-44f0-8956-631074bb22e0,2023-08-03 07:57:00,b3406af8-c4a9-4d2d-9e30-e06f3da01c15,600,48,648
de2df623-906f-4e91-bc37-525060d9408c,66600688-68fb-486a-9109-bafbf8e03b37,2023-08-03 12:14:00,b3406af8-c4a9-4d2d-9e30-e06f3da01c15,1500,120,1620
5ecadeff-cf1a-4e0e-83e0-581cdca464a4,25ac8d3c-f20d-445c-98a5-92ba07716d01,2023-08-03 07:59:00,b3406af8-c4a9-4d2d-9e30-e06f3da01c15,600,48,648
f6250325-f767-485c-99c6-71ff2791cbbf,1d402c5f-2fac-4f95-9d30-6ef180da3feb,2023-08-03 13:17:00,b3406af8-c4a9-4d2d-9e30-e06f3da01c15,1200,96,1296
4c1444a9-25d8-4a9d-81f5-2dfaf850e909,f2f7747d-afbe-47b0-b53b-b1befdd2248f,2023-08-03 08:41:00,b3406af8-c4a9-4d2d-9e30-e06f3da01c15,600,48,648
1e92fe3b-d2f6-43a9-8022-2c366bc300ba,9218401a-a3fe-4361-b974-75ab3912ede2,2023-08-03 07:30:00,b3406af8-c4a9-4d2d-9e30-e06f3da01c15,600,48,648
c4c2e5c2-03cd-4063-a995-a0ef0872145a,8d65ca70-f409-4ca5-8358-00184b8ca792,2023-08-03 07:34:00,b3406af8-c4a9-4d2d-9e30-e06f3da01c15,400,32,432
a62a261d-67b8-4a4e-8500-f2f026949e1a,a458afe9-c65f-409f-8219-b305bca5a3cf,2023-08-03 08:02:00,b3406af8-c4a9-4d2d-9e30-e06f3da01c15,500,40,540
a9c336ed-fefe-420d-8c00-0dc0c4523431,b2f61eb0-f9d4-4c93-b37f-26081e1fe30a,2023-08-03 11:52:00,b3406af8-c4a9-4d2d-9e30-e06f3da01c15,600,48,648
87fcda6d-326d-43ae-8f1b-2938fd3384ca,86b0709f-3cb4-4745-a48f-d886fb407676,2023-08-03 07:51:00,b3406af8-c4a9-4d2d-9e30-e06f3da01c15,400,32,432
a8468b62-124b-4117-b333-0413c328b188,a007d2c8-f005-484a-9bba-492bde02b53a,2023-08-03 08:23:00,b3406af8-c4a9-4d2d-9e30-e06f3da01c15,700,56,756
ef7af291-acd3-412d-8990-d975b18602b7,e16a6ba6-9dd7-494f-8317-85068747c218,2023-08-03 08:15:00,b3406af8-c4a9-4d2d-9e30-e06f3da01c15,500,40,540
29a3f7fc-e023-4ad0-887a-aeb9ace9c0d7,2f45a670-e065-4371-8202-083f6698877c,2023-08-03 13:54:00,b3406af8-c4a9-4d2d-9e30-e06f3da01c15,1800,144,1944
906e6af8-b4c0-44e3-8a9e-ce020d85705f,0a99f923-70d6-40f5-8870-92a09715bce2,2023-08-03 08:39:00,b3406af8-c4a9-4d2d-9e30-e06f3da01c15,600,48,648
e192cd80-50b1-446b-b790-f7fe5f0f79dd,c7ae24da-fb5c-469e-b470-e2aea0050b1b,2023-08-03 11:33:00,b3406af8-c4a9-4d2d-9e30-e06f3da01c15,700,56,756
c94c58fe-5eef-4f45-b6ab-25ad82657102,31934ece-77ac-425f-a29c-8c5460f3ab19,2023-08-03 16:30:00,b3406af8-c4a9-4d2d-9e30-e06f3da01c15,2100,168,2268
1c1be238-ee15-406f-b3d0-8a2c79b116fa,27007e99-75c0-4708-bd7c-7d588972a823,2023-08-03 07:46:00,b3406af8-c4a9-4d2d-9e30-e06f3da01c15,600,48,648
aed9591b-c309-46d0-a764-e6911b5f066e,7d0d3560-9574-4d65-a9b3-a026cb9b0bbe,2023-08-03 13:55:00,b3406af8-c4a9-4d2d-9e30-e06f3da01c15,500,40,540
25a759d4-fb74-4d6d-9a40-ab1c5dabeb9f,5c34ed01-e5d5-4589-b968-4286a6b2c3cf,2023-08-03 07:44:00,b3406af8-c4a9-4d2d-9e30-e06f3da01c15,600,48,648
de8b6a58-3e38-441a-b364-35cd466c82c2,f986eceb-8694-41cf-ae4c-2be2024e8781,2023-08-03 08:11:00,b3406af8-c4a9-4d2d-9e30-e06f3da01c15,400,32,432
1365cce1-ec6a-44e5-815f-3cfbb2e86a59,0e12aa9f-f4e0-4e16-93b6-10b7083ca873,2023-08-03 11:09:00,b3406af8-c4a9-4d2d-9e30-e06f3da01c15,2500,200,2700
b3f6a026-8ef2-4a08-9100-36263ec1cb7f,bc469ed6-7fb7-46b7-b20f-e9d5e5b220c3,2023-08-03 14:07:00,b3406af8-c4a9-4d2d-9e30-e06f3da01c15,700,56,756
ff8e3073-628b-40a1-9d23-1a4aaeb3cc75,b4d7bbaf-cc87-47f2-a964-1a64d7d18e19,2023-08-03 08:08:00,b3406af8-c4a9-4d2d-9e30-e06f3da01c15,400,32,432
2c28e862-d73b-444c-9f1a-8f890d61233d,6e33e101-a26d-4b95-b7a0-e5a77ebc64dd,2023-08-03 07:55:00,b3406af8-c4a9-4d2d-9e30-e06f3da01c15,600,48,648
b1649c1a-1e80-4628-b560-77712c9ce9de,e1850c0e-781b-4ab6-9df3-0574ffb34203,2023-08-03 08:01:00,b3406af8-c4a9-4d2d-9e30-e06f3da01c15,400,32,432
a813fec3-b3af-47bf-90a4-b15bcc57092c,f487f45c-143d-4d73-9d45-d6d9a100bafa,2023-08-03 07:37:00,b3406af8-c4a9-4d2d-9e30-e06f3da01c15,600,48,648
70c364fe-93c3-4177-a2e6-211cdfef9fb3,abb9bca3-59ae-4a9f-b115-16c1c3bf57ef,2023-08-03 07:18:00,b3406af8-c4a9-4d2d-9e30-e06f3da01c15,400,32,432
82067024-1656-4380-9fe5-c71e4feffe9e,7888c346-c8ec-4ebb-b146-16f44590b12f,2023-08-03 09:06:00,b3406af8-c4a9-4d2d-9e30-e06f3da01c15,2300,184,2484
0326f011-d313-4670-8ff7-1c0125ebeff3,4a26cec1-b080-40ee-967d-31caa23f742c,2023-08-03 09:46:00,b3406af8-c4a9-4d2d-9e30-e06f3da01c15,1200,96,1296
4b4dc85c-a1a1-4571-a5a2-8e2ea8afd0b5,e7cdd862-6c8e-4af5-91e8-e017767a279b,2023-08-03 11:30:00,b3406af8-c4a9-4d2d-9e30-e06f3da01c15,400,32,432
2c9eef93-136b-4696-b577-c37b353686c7,a1932494-1e79-4f11-90d6-2c3d14b17ff9,2023-08-03 08:03:00,b3406af8-c4a9-4d2d-9e30-e06f3da01c15,500,40,540
e54a8ed4-14e6-4676-826a-65084283112d,6dd8ff30-cee1-4a7a-9ccd-dfa7018493e7,2023-08-03 14:31:00,b3406af8-c4a9-4d2d-9e30-e06f3da01c15,1800,144,1944
5eb5f710-2baf-4580-8609-4f7c9e1a8a21,0a996dc6-ec23-473c-964f-78456fbcf5da,2023-08-03 07:21:00,b3406af8-c4a9-4d2d-9e30-e06f3da01c15,700,56,756
2201dcb3-a7f4-4a6b-99f4-fa07d03ed5f4,598e831c-2388-4cb6-9cf0-22e14fee9400,2023-08-03 13:53:00,b3406af8-c4a9-4d2d-9e30-e06f3da01c15,1600,128,1728
830b1884-62d0-47f4-9169-fd0c23a42535,09afb464-d131-423d-a7a7-10d3f6093399,2023-08-03 07:43:00,b3406af8-c4a9-4d2d-9e30-e06f3da01c15,600,48,648
9b381471-6e97-4737-8255-ada9227dc627,e7104275-32a7-4e9c-a3ee-4d9a6086f605,2023-08-03 12:54:00,b3406af8-c4a9-4d2d-9e30-e06f3da01c15,0,0,0
aac8ec0c-2964-471d-93b0-8c3cca20c8e8,96a08a67-3a4f-4c5f-a78b-79cc00ce235c,2023-08-03 07:41:00,b3406af8-c4a9-4d2d-9e30-e06f3da01c15,500,40,540
faafefbe-e85a-47a7-982b-f88d10f54413,608ca642-8a7f-4061-86a0-b0b6ca27da21,2023-08-03 16:01:00,b3406af8-c4a9-4d2d-9e30-e06f3da01c15,1500,120,1620
6c0e25c2-e66c-4cab-9f44-d020df4f694c,ef1fba28-a42f-40cf-8279-cc78382e4a4d,2023-08-03 14:10:00,b3406af8-c4a9-4d2d-9e30-e06f3da01c15,700,56,756
817f7931-36e9-4cb1-b3e7-3d629325ab2b,a1ad81da-9458-4b70-a0ef-c189af7d837c,2023-08-03 13:32:00,b3406af8-c4a9-4d2d-9e30-e06f3da01c15,600,48,648
34ffe321-d198-464b-8ee1-54c5b7fa2044,0a0e52b6-cde9-4602-8769-b9c061d710b3,2023-08-03 15:22:00,b3406af8-c4a9-4d2d-9e30-e06f3da01c15,600,48,648
faad85f1-8cb2-4790-bc69-5a0641981f37,03e63491-df23-46b5-aa4e-70612e0286c3,2023-08-03 08:33:00,b3406af8-c4a9-4d2d-9e30-e06f3da01c15,600,48,648
93713404-42b1-4e1c-a51d-dba4ab8c2451,d475196e-cc63-4478-9e57-54e7709a0ca6,2023-08-03 14:19:00,b3406af8-c4a9-4d2d-9e30-e06f3da01c15,700,56,756
219db96e-caf5-4a7d-9e17-1b9f27892d6f,f84d9433-99fb-4dc1-a7b4-ed28df01589c,2023-08-03 08:13:00,b3406af8-c4a9-4d2d-9e30-e06f3da01c15,500,40,540
60b0d566-3837-4250-849d-4b73b76e914e,89f23a88-e155-403c-81b7-74624a2a8b7c,2023-08-03 07:38:00,b3406af8-c4a9-4d2d-9e30-e06f3da01c15,600,48,648
9ad55b03-5118-43db-92b0-82b4896b6185,6955924f-52b4-4a14-8a1a-4141c64f990f,2023-08-03 07:25:00,b3406af8-c4a9-4d2d-9e30-e06f3da01c15,600,48,648
dc4eb3b2-0488-4317-96b6-0a5974389c3c,3ced9be5-34a5-4ecb-b0c6-0914d923f289,2023-08-03 08:42:00,b3406af8-c4a9-4d2d-9e30-e06f3da01c15,700,56,756
a4683709-31df-470c-92cd-edf975bbc240,0f3e973c-42e0-4b6d-8940-db51a4fbdfaf,2023-08-03 08:00:00,b3406af8-c4a9-4d2d-9e30-e06f3da01c15,600,48,648
d8efe05d-987e-49a8-8ae3-aa6a91c711f6,4a5e57dc-e244-4e0d-8e41-6c0deca10336,2023-08-03 07:45:00,b3406af8-c4a9-4d2d-9e30-e06f3da01c15,600,48,648
1b81208c-823f-4fda-9ba3-761fe056166d,31a4ccea-3d90-4e67-a6f8-8d990cfffd1a,2023-08-03 07:46:00,b3406af8-c4a9-4d2d-9e30-e06f3da01c15,600,48,648
70db5211-bca9-4bbb-8188-89be465d605e,86faf3a1-bcd6-4bd4-8900-ba8ed0ffe0f2,2023-08-03 07:55:00,b3406af8-c4a9-4d2d-9e30-e06f3da01c15,400,32,432
8136fa3f-0d82-4023-b535-717ee972377f,177823f1-7955-4fbe-86f9-a65e856a3ca3,2023-08-03 12:08:00,b3406af8-c4a9-4d2d-9e30-e06f3da01c15,600,48,648
848a0da0-37d6-47c6-82e0-c59c4a441e3d,87f0edf1-082f-460b-bc4f-9e72db2598ec,2023-08-03 08:07:00,b3406af8-c4a9-4d2d-9e30-e06f3da01c15,700,56,756
289dcf4a-f6c5-49d2-8780-b16a1d131100,b7af6b39-c4de-481a-95b9-872e4b399c9e,2023-08-03 12:52:00,b3406af8-c4a9-4d2d-9e30-e06f3da01c15,2500,200,2700
3f2ca765-431d-44c9-9b74-4dfe866106d7,44a1345c-83cd-4105-bc81-eb61a59948bc,2023-08-03 07:10:00,b3406af8-c4a9-4d2d-9e30-e06f3da01c15,600,48,648
f9c69f8f-728e-451a-9ed2-65afd3761248,abd96f0c-1f71-4940-b799-0029d8748822,2023-08-03 08:19:00,b3406af8-c4a9-4d2d-9e30-e06f3da01c15,500,40,540
2c40aea8-81f5-4de3-b12d-eec3dc6d5f73,c404f93f-22ca-4704-b231-83c13bb26a63,2023-08-03 13:43:00,b3406af8-c4a9-4d2d-9e30-e06f3da01c15,2100,168,2268
1f3f8f7e-c3e7-4171-9c9a-43848b48e11a,c26ac399-6c40-4f9c-8b03-1ec608843dee,2023-08-03 08:16:00,b3406af8-c4a9-4d2d-9e30-e06f3da01c15,500,40,540
c1fd0309-6d7e-4b34-a94b-0272b8a549eb,41d3c1c8-55d5-47f3-9b6b-15af76bc1687,2023-08-03 13:33:00,b3406af8-c4a9-4d2d-9e30-e06f3da01c15,600,48,648
5875bb2d-1ea4-4ff9-878f-10c74e1bce1b,e035ac52-ddc6-40b9-8ff0-323f85959735,2023-08-03 11:46:00,b3406af8-c4a9-4d2d-9e30-e06f3da01c15,700,56,756
25a4616a-f0b9-4743-8514-aef88db66fa6,b3592dd8-025f-42a5-94d3-2e88c5e14f97,2023-08-03 11:25:00,b3406af8-c4a9-4d2d-9e30-e06f3da01c15,2300,184,2484
8f935a5f-0752-4baf-a1a2-2f02ef89efa2,8dc8937a-97f2-4c2f-a818-c3324d26e599,2023-08-03 13:19:00,b3406af8-c4a9-4d2d-9e30-e06f3da01c15,0,0,0
6c3bebf9-e500-4cb9-9597-87f990adb06f,d95f31c5-538e-45b8-b561-b1a13cdfef1e,2023-08-03 08:43:00,b3406af8-c4a9-4d2d-9e30-e06f3da01c15,500,40,540
d702a5c7-2647-4677-bf46-163b3a7d78f8,d593cb3f-5c32-4ae8-b090-2b2d6cc364e0,2023-08-03 09:22:00,b3406af8-c4a9-4d2d-9e30-e06f3da01c15,700,56,756
56fe9c74-c580-46a8-961e-2be93edb78f0,6acbf0ba-f1c3-49cc-963a-d0c2f7c4d8f5,2023-08-03 07:33:00,b3406af8-c4a9-4d2d-9e30-e06f3da01c15,600,48,648
3f402192-0775-4bfa-bfd9-23021563c49c,2a47cf71-066f-4856-941a-0dcedb495e25,2023-08-03 07:25:00,b3406af8-c4a9-4d2d-9e30-e06f3da01c15,600,48,648
7ee5bd60-cfb9-4e3f-ad11-9166d36ee141,709e1ebc-a13e-4513-af01-7be3db5969f0,2023-08-03 18:01:00,b3406af8-c4a9-4d2d-9e30-e06f3da01c15,600,48,648
63319a42-6576-48f1-988d-f6470c73c0a0,dfcbcca6-3b8b-4b74-8b8a-35d542b61bea,2023-08-03 07:38:00,b3406af8-c4a9-4d2d-9e30-e06f3da01c15,500,40,540
36621249-08dd-4656-a276-0ce9769d95a4,5169248c-0343-424f-9004-6c4898defb2e,2023-08-03 19:10:00,b3406af8-c4a9-4d2d-9e30-e06f3da01c15,1500,120,1620
cc12851d-857b-4019-8f38-5c330a3fe615,0f4147c7-27df-466b-b6c1-340e584759a8,2023-08-03 14:01:00,b3406af8-c4a9-4d2d-9e30-e06f3da01c15,2400,192,2592
3a43364b-6d61-474d-a548-6e882c1a3d84,3e0bfbc5-de9c-4029-9e07-9abf3ea45e78,2023-08-03 07:55:00,b3406af8-c4a9-4d2d-9e30-e06f3da01c15,400,32,432
b5087076-27d4-4add-ba6f-068f38eb1296,565b67c6-951e-4d74-b047-1adf6fc2575c,2023-08-03 12:04:00,b3406af8-c4a9-4d2d-9e30-e06f3da01c15,1200,96,1296
666a21e3-a97f-41e8-b500-a547e1f6e156,5f7050b5-70b0-4e68-87ca-3057e2b22fec,2023-08-03 08:10:00,b3406af8-c4a9-4d2d-9e30-e06f3da01c15,600,48,648
607a3e77-3110-467e-bbd9-38e7dd3d6f25,cf232296-6a6b-4d24-9a71-2649bcbac8c1,2023-08-03 14:52:00,b3406af8-c4a9-4d2d-9e30-e06f3da01c15,600,48,648
891414f4-2a2e-4b01-8494-521fe7982e7d,ad313942-5f85-4732-8271-51d684aed9b6,2023-08-03 16:11:00,b3406af8-c4a9-4d2d-9e30-e06f3da01c15,600,48,648
60560860-5a44-4236-b1fc-dfb31869d882,69f7975c-4dc8-44dc-a8cd-1ada09c809f4,2023-08-03 08:30:00,b3406af8-c4a9-4d2d-9e30-e06f3da01c15,400,32,432
3fc67cc5-c16a-4efc-b998-6a7452445ff5,93437d2a-3844-4289-b40d-fddae4789e9f,2023-08-03 08:23:00,b3406af8-c4a9-4d2d-9e30-e06f3da01c15,500,40,540
62da3649-da1e-4fca-ad17-be8ec17b9f9a,96f755ed-3cd7-4c7a-a270-c8decb7e333c,2023-08-03 07:48:00,b3406af8-c4a9-4d2d-9e30-e06f3da01c15,700,56,756
52d10320-2630-4301-8202-513457894dcd,5426db7a-b305-431e-981b-30fb5a510434,2023-08-03 07:42:00,b3406af8-c4a9-4d2d-9e30-e06f3da01c15,600,48,648
fc8479da-d6c6-47cd-bf5f-3794e58c57fa,6abd1eaa-ddec-4830-9213-0c88cbf37819,2023-08-03 07:06:00,b3406af8-c4a9-4d2d-9e30-e06f3da01c15,600,48,648
141b734e-8686-45c9-bf2b-5cef62798d7c,da5f74ed-37ae-4e24-a565-e28f636b84c1,2023-08-03 09:07:00,b3406af8-c4a9-4d2d-9e30-e06f3da01c15,600,48,648
dbef88b6-47a8-4702-9017-4f8045aa259c,f2c43620-2285-47a4-9419-0fb60eb8d25a,2023-08-03 08:04:00,b3406af8-c4a9-4d2d-9e30-e06f3da01c15,400,32,432
c817ef1b-c3c8-406e-890e-16fe95651c2b,3bd451ff-c133-4697-ac9d-1dfee63011f5,2023-08-03 12:55:00,b3406af8-c4a9-4d2d-9e30-e06f3da01c15,400,32,432
bf40e811-a3f1-4399-af1c-17d84fc98d43,780dac38-0863-491a-b46d-bc3cd528c1e4,2023-08-03 08:00:00,b3406af8-c4a9-4d2d-9e30-e06f3da01c15,600,48,648
4a97285f-3d12-4ba1-b873-864e8c787452,f0ef0634-7b1f-4088-9657-9ad991d04f64,2023-08-03 08:16:00,b3406af8-c4a9-4d2d-9e30-e06f3da01c15,600,48,648
4d249748-3862-4ed2-ac87-014bbe6cb3e1,b5b8ba14-c913-48ca-8f53-c0634b770bc5,2023-08-03 07:36:00,b3406af8-c4a9-4d2d-9e30-e06f3da01c15,500,40,540
4217b2da-990d-4ce4-a143-82ba1a80264b,7c0b728c-03b2-4074-97b0-820e04f72bc1,2023-08-03 14:44:00,b3406af8-c4a9-4d2d-9e30-e06f3da01c15,600,48,648
7a63a9d5-7008-4d24-8bf3-4bc1c331a212,75c09e8f-8645-4c9f-ac93-1699443c14cb,2023-08-03 08:13:00,b3406af8-c4a9-4d2d-9e30-e06f3da01c15,400,32,432
8c6e6318-0d85-4c2b-a30c-f813b0d92f44,a1e6e5bf-8ffb-4a1f-a18f-6e7377165ccc,2023-08-03 12:22:00,b3406af8-c4a9-4d2d-9e30-e06f3da01c15,500,40,540
7df2e390-ce0f-4ccd-8223-af6951a5f293,dde07e03-7642-4680-83ea-1d2d9c20a749,2023-08-03 10:54:00,b3406af8-c4a9-4d2d-9e30-e06f3da01c15,600,48,648
bccc2722-120a-4d69-b9ed-0eb4245c7b8a,6cb308a6-4f17-44e2-b53d-772f2b8c7f3b,2023-08-03 12:22:00,b3406af8-c4a9-4d2d-9e30-e06f3da01c15,600,48,648
55eaeb0d-94fa-4689-a029-2189f2e8272f,e64930bf-9aea-452b-9770-6d9ab8e75b98,2023-08-03 14:14:00,b3406af8-c4a9-4d2d-9e30-e06f3da01c15,600,48,648
3a441b5a-bb99-4ab6-8575-8b6f50c62e5c,2e523f43-e1d5-4705-9bf0-a303ac8e2325,2023-08-03 09:01:00,b3406af8-c4a9-4d2d-9e30-e06f3da01c15,1900,152,2052
5e85ed40-7803-401f-959a-faa2c402e83e,89beb553-07d8-468a-afb8-475cddc32a77,2023-08-03 08:09:00,b3406af8-c4a9-4d2d-9e30-e06f3da01c15,700,56,756
6b2cad06-7483-41f4-8ac5-b13c1407c5ea,6f62631e-1d5a-4f8f-8e63-0a0f41dbd8ee,2023-08-03 07:50:00,b3406af8-c4a9-4d2d-9e30-e06f3da01c15,700,56,756
86b82393-ca10-45db-82d5-1d64130e4f7a,16e865e6-eca2-4dba-b362-059d91cbde66,2023-08-03 12:37:00,b3406af8-c4a9-4d2d-9e30-e06f3da01c15,600,48,648
bd5c5754-d5b0-43ab-aba7-c20c02faf8df,e719b42e-3376-4371-b1b6-b4fdccad5115,2023-08-03 12:31:00,b3406af8-c4a9-4d2d-9e30-e06f3da01c15,3300,264,3564
c75e879a-b0f5-4942-a1a2-4b95b8b81e4c,ff5a232b-ee8b-4ca2-96b1-ef1650c72b1a,2023-08-03 07:37:00,b3406af8-c4a9-4d2d-9e30-e06f3da01c15,700,56,756
9b0099df-b77a-401a-803c-513b2477f82a,5f6dc068-c7a6-4b9f-8f6b-cc0a2c0f5920,2023-08-03 08:43:00,b3406af8-c4a9-4d2d-9e30-e06f3da01c15,600,48,648
b3bf6c01-df2e-4cc1-90e0-3869f7081a9a,e5a9b9ac-c173-44e3-bd7b-273f20532544,2023-08-03 13:25:00,b3406af8-c4a9-4d2d-9e30-e06f3da01c15,2300,184,2484
576c4898-5e83-4406-b397-93e830d7752c,4b4d226b-43b8-4ab9-b8c9-0ff707cf3862,2023-08-03 13:57:00,b3406af8-c4a9-4d2d-9e30-e06f3da01c15,3100,248,3348
c77bcfd4-2d96-42bd-a7d3-a43cce6de565,fa9e8c55-3724-43ef-bc87-cd18cf46c453,2023-08-03 07:43:00,b3406af8-c4a9-4d2d-9e30-e06f3da01c15,700,56,756
0badcee5-00d8-46c7-b3f5-cb60a30256de,f5f40b10-cc7e-4664-bc08-bc601775c40d,2023-08-03 09:26:00,b3406af8-c4a9-4d2d-9e30-e06f3da01c15,600,48,648
24b2fefb-70b4-4b86-8047-f09df98e9422,250a707f-0648-4114-aed3-fc271fbdae6e,2023-08-03 08:49:00,b3406af8-c4a9-4d2d-9e30-e06f3da01c15,700,56,756
c586eb83-da37-4a9a-ae97-d29f09e5f9d0,0709c8a9-a54b-4f66-94c2-ba1671a61c01,2023-08-03 17:56:00,b3406af8-c4a9-4d2d-9e30-e06f3da01c15,1600,128,1728
