ID,CUSTOMER,ORDERED_AT,STORE_ID,SUBTOTAL,TAX_PAID,ORDER_TOTAL
7dd51529-2ecb-42bf-9989-51d3d2b31723,2ad8ff3c-388e-429b-9b1a-67286e82bd20,2023-12-20 08:03:00,7610d689-246f-467d-8d80-991c4eef401a,500,30,530
01427d49-b902-4759-b80d-9ed9ca8be244,6b4f3f63-45e6-42ee-b5c4-ac03835a2d5f,2023-12-20 08:26:00,7610d689-246f-467d-8d80-991c4eef401a,600,36,636
01a66cc5-ccc8-4b68-9335-fcfecef70e35,3850daab-891a-45e9-a8de-8be8febc3137,2023-12-20 16:48:00,7610d689-246f-467d-8d80-991c4eef401a,400,24,424
2ce6cfae-b959-4342-be59-467dbcfc38fa,c6bd166c-2f9d-455c-89dd-72b892f09447,2023-12-20 14:37:00,7610d689-246f-467d-8d80-991c4eef401a,1800,108,1908
faabaec3-cbc8-4dce-8984-0d8ddb1cac01,24c316fc-ad16-45a1-9ef3-3da9d491b0e7,2023-12-20 07:19:00,7610d689-246f-467d-8d80-991c4eef401a,700,42,742
8ee8243b-4cd7-466f-b018-64d9dd42d8f9,7b1522dc-cd21-4c40-b81b-3532f5b9f3eb,2023-12-20 07:12:00,7610d689-246f-467d-8d80-991c4eef401a,600,36,636
d387df82-ac1c-4a10-986a-a3d182bf450c,344bf269-6f68-41c2-a6ff-a8f4eb6f6ca7,2023-12-20 13:42:00,7610d689-246f-467d-8d80-991c4eef401a,400,24,424
cc47a002-a28b-493d-8c9d-9005e8b434e1,d10a856b-8bc4-4cf8-bb76-ffdcf2a50f1e,2023-12-20 09:17:00,7610d689-246f-467d-8d80-991c4eef401a,2600,156,2756
e0ff8750-21b9-4b73-a3cc-efdcec654e69,55f41aa9-ac35-4b25-9c3d-bd9bfe61effc,2023-12-20 13:02:00,7610d689-246f-467d-8d80-991c4eef401a,400,24,424
d5aac80e-4591-4046-a134-6b24eb11a171,839b9759-0a61-4c7d-872f-591848c1b431,2023-12-20 07:55:00,7610d689-246f-467d-8d80-991c4eef401a,400,24,424
3b613043-56a4-4af1-aafc-1c7b8600fe81,78e869b8-1d23-4f38-b562-7cd5072dcd5a,2023-12-20 16:02:00,7610d689-246f-467d-8d80-991c4eef401a,500,30,530
4dc5dc21-c3fd-49a6-bb8e-9cf5b572ba29,4bf534e1-0071-43eb-b3ba-cf7da176d8a6,2023-12-20 17:23:00,7610d689-246f-467d-8d80-991c4eef401a,700,42,742
085860d4-2e2f-4b16-a30c-85709587f46a,b7bd8c57-4f91-4c51-88e7-382592e9eaf7,2023-12-20 08:28:00,7610d689-246f-467d-8d80-991c4eef401a,700,42,742
e28dc6b5-9646-4010-b6f2-569fe126e73f,d96563d3-24d4-40e6-8f4e-a6c5f015d864,2023-12-20 08:12:00,7610d689-246f-467d-8d80-991c4eef401a,600,36,636
b2fd7889-c496-4bb8-92de-223a20c22678,78d44e16-ddfd-4429-91bc-9208c7fb2fc8,2023-12-20 07:47:00,7610d689-246f-467d-8d80-991c4eef401a,400,24,424
b239ff90-d402-4802-9a1a-8d7023ef2295,eccd1acd-eac1-49d7-ad10-8883982cdf7d,2023-12-20 16:59:00,7610d689-246f-467d-8d80-991c4eef401a,1600,96,1696
a52c77ad-d626-4770-a9bc-25ef6413b04a,83f67506-7c12-4107-864a-918a35b4fcf9,2023-12-20 16:44:00,7610d689-246f-467d-8d80-991c4eef401a,2500,150,2650
66e8abe5-9688-45d1-a8fe-f856585df5a6,c366eb7d-81d8-46f9-89d9-9d09186d8503,2023-12-20 08:26:00,7610d689-246f-467d-8d80-991c4eef401a,600,36,636
5db76fa1-779b-4932-9c0b-355ff6eb7dde,d7e9c90f-0dde-41f1-9be4-09fbe640e794,2023-12-20 08:22:00,7610d689-246f-467d-8d80-991c4eef401a,400,24,424
44c9fc38-8200-47b4-a3cb-00077eccc6d5,47a4b1a8-781d-40e8-bbb2-f769c2c6b5ca,2023-12-20 08:46:00,7610d689-246f-467d-8d80-991c4eef401a,600,36,636
f051774c-dac4-49f6-b0f8-fdbf23c8bb3e,935ecf18-cf34-41be-be72-c814ef6ded61,2023-12-20 11:18:00,7610d689-246f-467d-8d80-991c4eef401a,700,42,742
1b839773-f26a-43d8-9b79-57e89f7369ac,e4c63951-a231-404c-ad26-f4a492f3447f,2023-12-20 07:24:00,7610d689-246f-467d-8d80-991c4eef401a,500,30,530
7863d294-b23c-4ef4-8a08-925cb34e104d,0f9dcb09-ef47-45c8-9a5e-feff0a288bf2,2023-12-20 10:39:00,7610d689-246f-467d-8d80-991c4eef401a,1100,65,1165
6466c939-fabf-4715-ab36-b26a37b971d7,4a15f8b9-7c0a-4643-b14d-5ec37ed6b186,2023-12-20 07:36:00,7610d689-246f-467d-8d80-991c4eef401a,400,24,424
4a8db0e4-4fd1-4685-9d4a-36686a3fdb9c,5248f2d8-0eb8-420f-9ea5-77ec82307b9b,2023-12-20 08:37:00,7610d689-246f-467d-8d80-991c4eef401a,600,36,636
a926bc95-b96a-4597-ab5c-5ab17a82ce17,fb56c2c7-1769-4c97-9197-2ffa8b82ea0e,2023-12-20 17:41:00,7610d689-246f-467d-8d80-991c4eef401a,1700,102,1802
9578d901-2ac5-4247-a053-447d2cd7cf3b,d656f95b-6c2e-4372-ab17-a3bbc93812c1,2023-12-20 08:26:00,7610d689-246f-467d-8d80-991c4eef401a,700,42,742
0c0e4a91-1fbf-47e6-bc4c-f376f7472c9e,5e90dd7a-de2a-412d-88fc-7641dd8da9fd,2023-12-20 13:13:00,7610d689-246f-467d-8d80-991c4eef401a,600,36,636
3bc9ab88-69cf-4322-954c-b65b1488259a,315fd00b-6f86-43d0-97ec-4e56811af6a0,2023-12-20 14:34:00,7610d689-246f-467d-8d80-991c4eef401a,600,36,636
de42fce6-2782-4bd0-b80f-a43d06fbb223,62626d20-2e67-4f1d-9386-1b0a5e25956c,2023-12-20 08:20:00,7610d689-246f-467d-8d80-991c4eef401a,400,24,424
8ae7ac51-93af-4589-b668-f0e8da17e5a0,4799ec1e-d9b9-4322-9d76-9221b4bf723f,2023-12-20 13:04:00,7610d689-246f-467d-8d80-991c4eef401a,1900,113,2013
a4048dcd-e328-4219-9990-461577ca7a27,89608f14-f4d2-4c6b-a97e-0c4447c79081,2023-12-20 16:23:00,7610d689-246f-467d-8d80-991c4eef401a,600,36,636
ef5a295c-28bd-4e67-9ea7-eca50cc4bbed,146f68d0-ad70-4af9-9210-f25d25cdd39f,2023-12-20 09:30:00,7610d689-246f-467d-8d80-991c4eef401a,700,42,742
3151176f-df5a-48fe-9587-02b9f0713065,1ae36efc-f7b6-45de-8646-8775a98651b1,2023-12-20 13:52:00,7610d689-246f-467d-8d80-991c4eef401a,500,30,530
7285d9dd-2131-4c9a-8a0b-77c4bedc29bd,f50ff9af-29c0-4629-9c9c-1c0c6fade0f6,2023-12-20 10:31:00,7610d689-246f-467d-8d80-991c4eef401a,600,36,636
b475873d-0cd2-48ac-9a70-571a9cacf27d,ef339016-b62e-4c27-8dee-119176b58864,2023-12-20 14:55:00,7610d689-246f-467d-8d80-991c4eef401a,500,30,530
1ca603c8-8efb-40a6-934e-fb3f866442d3,95ac520d-f0fc-435a-b0b4-2dcf6b90bd80,2023-12-20 08:04:00,7610d689-246f-467d-8d80-991c4eef401a,500,30,530
278c22bc-b7e2-4fde-89e4-e891b55dbba0,c9a69c9a-6aea-40eb-95b6-9605c84b1f5f,2023-12-20 09:22:00,7610d689-246f-467d-8d80-991c4eef401a,600,36,636
ee2f737b-f5e9-46a9-9318-64a9ff033b07,7b802864-fcee-410c-bdbf-7774ce4cfd97,2023-12-20 08:05:00,7610d689-246f-467d-8d80-991c4eef401a,400,24,424
fdd2c223-78ea-4cd7-aed7-f98d39806f85,e821bf99-a819-4aa4-89e9-8b82a338484a,2023-12-20 16:09:00,7610d689-246f-467d-8d80-991c4eef401a,1700,102,1802
f7daba9c-a14d-473a-8c7f-7b1d97318692,de57e4f7-4879-435d-a9e1-c9a1763d4961,2023-12-20 11:01:00,7610d689-246f-467d-8d80-991c4eef401a,400,24,424
3cccce54-4e4d-44c1-b973-bbba56acc930,aec16166-ed24-473e-a071-c5dc834ca0e4,2023-12-20 08:15:00,7610d689-246f-467d-8d80-991c4eef401a,400,24,424
53bdf524-967b-4df0-b31c-d706fb032993,c9832d9c-549d-4a87-b495-d09238d3bbed,2023-12-20 11:25:00,7610d689-246f-467d-8d80-991c4eef401a,1800,108,1908
c9b02b1d-2e76-4c63-a407-67d6e5092c11,2f08d074-f43f-4139-b02d-87d7b52beb3a,2023-12-20 07:56:00,7610d689-246f-467d-8d80-991c4eef401a,600,36,636
3fd321ea-210d-41a4-8ef4-e54fdb10be0d,d2c2719d-f10f-4693-a227-9c4dd85e7d30,2023-12-20 11:36:00,7610d689-246f-467d-8d80-991c4eef401a,1200,72,1272
9a0d453b-fff2-4bc6-8184-d37c499e3802,1dd6668a-adfe-4618-9aad-d10d78dc8272,2023-12-20 18:01:00,7610d689-246f-467d-8d80-991c4eef401a,2000,120,2120
d168136e-2d72-4ee5-b41c-f5305fb27c83,9a65f806-8121-4335-941d-d0326c2e4675,2023-12-20 08:12:00,7610d689-246f-467d-8d80-991c4eef401a,500,30,530
5fa22149-611e-404c-bbc0-9a33ce3bcd0c,6995e59e-47cf-4387-a52d-ad45ca6a518d,2023-12-20 17:13:00,7610d689-246f-467d-8d80-991c4eef401a,700,42,742
a119bf94-fccf-4973-b154-da196f854721,31827348-11f6-4c64-ad78-71209fc9944b,2023-12-20 08:17:00,7610d689-246f-467d-8d80-991c4eef401a,500,30,530
7850af2c-937d-4826-9bd5-8bc3614467e5,af5a0e72-a82f-4edc-bf71-94e508485622,2023-12-20 11:33:00,7610d689-246f-467d-8d80-991c4eef401a,400,24,424
cbfd93fd-c0ce-474b-bde3-445c8de219a9,36b01943-3c96-430b-be52-72d94f53799d,2023-12-20 08:12:00,7610d689-246f-467d-8d80-991c4eef401a,600,36,636
ac774317-41e0-42fe-bd08-b5835e91c996,456ceb44-1215-4cac-8509-e0ff899b2d08,2023-12-20 07:00:00,7610d689-246f-467d-8d80-991c4eef401a,1200,72,1272
214f194e-caed-4ba6-8413-2d8c10fe7e15,b139c52e-1d20-4fc1-87e5-f3ef0aba4698,2023-12-20 12:06:00,7610d689-246f-467d-8d80-991c4eef401a,0,0,0
d8def9b4-315a-49d1-8d61-2d87c30374fa,5efd874a-63ad-480e-8d5e-862efb88a592,2023-12-20 16:40:00,7610d689-246f-467d-8d80-991c4eef401a,1600,96,1696
a7e982a4-f846-4fe0-a64e-d59c23c40b75,e4d2e9c5-4db3-42ca-92c6-33624a07b937,2023-12-20 12:57:00,7610d689-246f-467d-8d80-991c4eef401a,400,24,424
34f4a272-56c5-40e4-8b83-302945980295,0d16939d-03a0-4dd0-bc65-3b4ccb36fe79,2023-12-20 08:18:00,7610d689-246f-467d-8d80-991c4eef401a,400,24,424
45d74ea8-9fef-4290-8def-ac1e99572a29,3a3c7ba2-c0e9-4f2e-a33b-25b75a89c624,2023-12-20 07:06:00,7610d689-246f-467d-8d80-991c4eef401a,500,30,530
1ccbaa35-51f3-4e89-9fd2-d2cd8b031cd1,d37b5f57-5b61-4029-91cd-831255b3587b,2023-12-20 08:23:00,7610d689-246f-467d-8d80-991c4eef401a,400,24,424
ea45b5ed-2794-4896-bc30-c16e1db53d4f,ffef49f3-f8f1-4be9-88ff-df81293ec90a,2023-12-20 10:02:00,7610d689-246f-467d-8d80-991c4eef401a,4100,246,4346
d32600a0-a037-4dbf-a7c4-bade88772113,cc9d7a30-c27e-472f-ac48-8c5985c795f8,2023-12-20 12:05:00,7610d689-246f-467d-8d80-991c4eef401a,1700,102,1802
f2e35a62-2725-4587-a0ef-29c11a45568d,9ef64e35-2590-4115-9d1a-772a11e1b53d,2023-12-20 07:52:00,7610d689-246f-467d-8d80-991c4eef401a,500,30,530
b591606c-f658-47f4-8521-bc91b344fdc1,1939ef2f-c862-4774-bfdc-746117412833,2023-12-20 13:24:00,7610d689-246f-467d-8d80-991c4eef401a,700,42,742
d385edb0-ebc7-47fa-9b92-de93b0e8c9b7,451da3da-7087-4d36-9ab1-436c9a4f095f,2023-12-20 16:56:00,7610d689-246f-467d-8d80-991c4eef401a,600,36,636
459cee89-1854-487c-9912-6247ee5288c6,8c8c1c3d-4781-4046-bb38-926c9c5738d0,2023-12-20 19:02:00,7610d689-246f-467d-8d80-991c4eef401a,600,36,636
422d6d16-49fe-4f88-b289-7813fb247125,0e18fa04-ce72-4ff8-b56e-7f088e12c004,2023-12-20 07:59:00,7610d689-246f-467d-8d80-991c4eef401a,700,42,742
b8453c83-8ae3-4e25-9671-e2f939960b7f,fc6cf27c-b921-4bb5-a3f9-6d90446d79e5,2023-12-20 15:41:00,7610d689-246f-467d-8d80-991c4eef401a,600,36,636
4b261c9a-a849-4a9a-81ed-86d88a3a71b7,df37e08e-0277-4735-a73a-1b7c294ea7c7,2023-12-20 14:09:00,7610d689-246f-467d-8d80-991c4eef401a,1800,108,1908
ec519bf2-d796-45fa-83dc-179b41a9af7e,8d6d38a0-38c1-46db-9015-09308fac8af1,2023-12-20 15:27:00,7610d689-246f-467d-8d80-991c4eef401a,500,30,530
131bf2fc-4895-4b2b-aba4-e56eaa91a767,688d0660-f2f1-48d9-866b-16769b221d35,2023-12-20 12:37:00,7610d689-246f-467d-8d80-991c4eef401a,600,36,636
97ef184c-fab0-405e-bcd6-720a974f4086,57977a86-91ed-41b7-a3ce-5e7ede685b60,2023-12-20 08:09:00,7610d689-246f-467d-8d80-991c4eef401a,700,42,742
f3cc56a9-2cd4-45eb-abac-15687df10dfc,79d9eb18-1591-4372-ad4d-893033109e57,2023-12-20 15:46:00,7610d689-246f-467d-8d80-991c4eef401a,500,30,530
b4f4aa24-1697-40d5-ab9d-716441d9eeb0,f0a48cc6-0574-42fa-be95-4d97d8329d9d,2023-12-20 13:39:00,7610d689-246f-467d-8d80-991c4eef401a,1700,102,1802
53991573-0ddd-4c54-90de-0d728914f9af,b4fcea36-9cc0-4960-91a9-75c9a5a42d37,2023-12-20 13:57:00,7610d689-246f-467d-8d80-991c4eef401a,700,42,742
ca61f9a1-b287-4c66-ae4c-e2f69076e7ad,a6d591f5-51c1-47bb-b6d6-99c8b86751d4,2023-12-20 08:07:00,7610d689-246f-467d-8d80-991c4eef401a,600,36,636
f4ffe4fe-b43e-4fdf-a381-e3d7f4f15769,d64dc06b-92b4-412f-811b-f9126ac600de,2023-12-20 15:49:00,7610d689-246f-467d-8d80-991c4eef401a,1700,102,1802
6c72db82-6a64-4a55-aa05-a117c4c3781f,0b3c441f-c735-44c7-8074-4ea0037910ed,2023-12-20 08:31:00,7610d689-246f-467d-8d80-991c4eef401a,400,24,424
fdfc03ed-6f61-4f09-9091-22783295139c,a2fe1103-58db-4c4a-bac9-3af97a20c6e0,2023-12-20 16:32:00,7610d689-246f-467d-8d80-991c4eef401a,1900,113,2013
8b6ff2f7-e4a5-4f04-8f1f-2a41a7cb92a2,5d6db1ff-21b1-476e-b683-3f3658705c1b,2023-12-20 07:37:00,7610d689-246f-467d-8d80-991c4eef401a,600,36,636
4ecaadc4-e681-48f9-a45c-ab01d948b671,18412373-d87e-4d56-8449-fdd7446eee92,2023-12-20 17:53:00,7610d689-246f-467d-8d80-991c4eef401a,1800,108,1908
9e6c86ce-0592-4112-a80d-cb7c289953d8,9d540d3a-ba2a-4da2-b5b2-8596b612ef7b,2023-12-20 08:11:00,7610d689-246f-467d-8d80-991c4eef401a,700,42,742
bc9ecb91-ec37-4d5b-a2f1-c8649f271d2b,29d39df5-9d77-4930-8017-21db53ecf80d,2023-12-20 16:22:00,7610d689-246f-467d-8d80-991c4eef401a,500,30,530
168357b2-a3f6-4b63-9a8f-227f9df3db97,bddfbc57-6f52-4e22-a57a-6002563d154a,2023-12-20 07:57:00,7610d689-246f-467d-8d80-991c4eef401a,400,24,424
df574624-f78e-4859-bfd1-f3a9a83d148d,450a1c69-f98e-4b7e-801d-fd2a78341e96,2023-12-20 07:39:00,7610d689-246f-467d-8d80-991c4eef401a,400,24,424
718df124-b2f1-4048-a699-0f7d7f4f15a6,2da1361f-4429-48c2-82c5-914e0aa8f5f7,2023-12-20 10:54:00,7610d689-246f-467d-8d80-991c4eef401a,1800,108,1908
d28fbded-f6d1-4cf7-8c5e-76be7bdd3ba2,a4072cf8-44ed-4fba-a09c-52ea1253a626,2023-12-20 08:25:00,7610d689-246f-467d-8d80-991c4eef401a,700,42,742
8e0b8e96-72a4-49b8-b67c-a3fd00e6ed03,3046aedf-67c1-44e7-ac56-440680327361,2023-12-20 07:17:00,7610d689-246f-467d-8d80-991c4eef401a,500,30,530
646a54a3-38f8-46a3-99ba-e961e79ae579,3edf64a9-16d7-4c40-9f5b-330dc725a080,2023-12-20 11:33:00,7610d689-246f-467d-8d80-991c4eef401a,600,36,636
bf274078-b02b-474f-9960-20ca6419c086,fa0e12db-f609-4728-81c6-46ef4455bb0c,2023-12-20 14:27:00,7610d689-246f-467d-8d80-991c4eef401a,500,30,530
9fb0aa1d-4be7-47e8-95a0-332c1cc80cd7,666a6a48-7875-482d-a94e-9f8c64465cf4,2023-12-20 14:36:00,7610d689-246f-467d-8d80-991c4eef401a,600,36,636
50e6ce8d-68e7-4a11-8bd5-7e752815e038,f7451f3e-b827-467d-92cf-0dae8d7f486f,2023-12-20 11:01:00,7610d689-246f-467d-8d80-991c4eef401a,2500,150,2650
894a4b8b-138e-495c-9dcb-a1ad3c0af633,82f489f1-31c5-4763-91dd-3afd04165450,2023-12-20 17:13:00,7610d689-246f-467d-8d80-991c4eef401a,1700,102,1802
68cd5aea-f268-434e-90dd-b75659a3c0a9,7b88c165-b4b5-49c8-8bc5-fc7f7f0f2578,2023-12-20 07:52:00,7610d689-246f-467d-8d80-991c4eef401a,600,36,636
4801b613-6292-4e13-a8cc-7da4a312f914,ed68249a-59e8-4dc6-b38b-0d1e65f681b6,2023-12-20 13:04:00,7610d689-246f-467d-8d80-991c4eef401a,400,24,424
ca9d7a86-c863-40c7-90ca-d3e359066104,bcf395ee-025e-44f8-8f73-484421f6d5fb,2023-12-20 13:56:00,7610d689-246f-467d-8d80-991c4eef401a,400,24,424
2cef68aa-cb4c-4599-885e-151023637990,94d0a0fe-75c6-43be-bb84-168e040bc6d5,2023-12-20 13:48:00,7610d689-246f-467d-8d80-991c4eef401a,1900,113,2013
2e2a7ff3-efa2-4204-983c-de3cc0556cb8,250b3408-c860-4797-ac34-33728bf59c99,2023-12-20 14:55:00,7610d689-246f-467d-8d80-991c4eef401a,600,36,636
a245a32c-1a68-4f6e-a6ce-3db31a3da00a,23a97ea4-4910-41fc-b79e-db7367a51abe,2023-12-20 18:08:00,7610d689-246f-467d-8d80-991c4eef401a,600,36,636
c05025c9-69bf-4405-acc8-0f20a7f9253c,cf070f90-cdd8-4549-b7e2-0c7254a5fa7d,2023-12-20 11:33:00,7610d689-246f-467d-8d80-991c4eef401a,1800,108,1908
888179bb-c7b9-42c7-bceb-e9334660828c,f261c486-1d6b-4b57-9824-facbc9349254,2023-12-20 13:40:00,7610d689-246f-467d-8d80-991c4eef401a,400,24,424
f942455b-7ab7-43dc-acf0-41abb7816741,a6b53394-b08a-4498-b7c3-91454743d0a8,2023-12-20 09:52:00,7610d689-246f-467d-8d80-991c4eef401a,700,42,742
880a4ee1-d937-455f-8194-083eaabdc3c5,f808081a-9507-47e5-86cb-7bf828d9d4df,2023-12-20 08:03:00,7610d689-246f-467d-8d80-991c4eef401a,500,30,530
d825cc05-7d0e-4c88-aaf1-64b72fd2e45f,f5d008c2-6621-46ef-a6cd-0886f0fe7f96,2023-12-20 18:48:00,7610d689-246f-467d-8d80-991c4eef401a,600,36,636
ffc4af2f-7adb-4642-912e-2b53aa04438f,5d511afd-b502-4192-baad-0548251e5e6d,2023-12-20 08:02:00,7610d689-246f-467d-8d80-991c4eef401a,600,36,636
23138cbb-106c-4df5-957d-640bb55c364d,d8b3404c-073c-45e4-8d6a-a87259956b38,2023-12-20 17:54:00,7610d689-246f-467d-8d80-991c4eef401a,600,36,636
65292462-0092-4204-a1e5-1c6a0d64a839,f9841060-a614-481b-94ee-7dfe41607413,2023-12-20 07:44:00,7610d689-246f-467d-8d80-991c4eef401a,600,36,636
dcf7c298-43d3-46c8-9b9b-36033806a12b,c6bd6d54-a717-4955-a92b-b94a48db42dc,2023-12-20 07:38:00,7610d689-246f-467d-8d80-991c4eef401a,600,36,636
6affd8cf-cfef-4eb1-bc81-d1fd815a6f3d,eb7d2aec-bc7d-4c51-a03b-eafee6cb1d8a,2023-12-20 08:37:00,7610d689-246f-467d-8d80-991c4eef401a,500,30,530
775afa75-e1ab-4823-8908-20d865655afe,dc1554c4-7966-43d6-989b-d9371615ed70,2023-12-20 07:47:00,7610d689-246f-467d-8d80-991c4eef401a,700,42,742
41d68e77-e805-4483-9adf-d310b6b01362,0d210a5d-5016-4929-b467-3c8c4ba1ae9d,2023-12-20 07:23:00,7610d689-246f-467d-8d80-991c4eef401a,500,30,530
c92088f3-b89b-4be7-acce-65b6f5df2646,25330444-e5dc-4852-a712-a2747fe6665b,2023-12-20 09:31:00,7610d689-246f-467d-8d80-991c4eef401a,0,0,0
5d01d4af-f7b5-4c1f-b889-7041632f2bc2,ae87b6ae-d8fa-411b-8af9-e27f1f1ebc49,2023-12-20 19:31:00,7610d689-246f-467d-8d80-991c4eef401a,1600,96,1696
e5a0a6a4-ebb7-4c16-b4b5-5c708da60baf,9cde1e0d-05f3-450f-bf5a-fa46ba556e66,2023-12-20 10:50:00,7610d689-246f-467d-8d80-991c4eef401a,400,24,424
2741ad0f-fd99-4f61-866a-493ea0588f8b,2e87ed2f-46fa-4c3d-a250-401e8b1ce26f,2023-12-20 12:50:00,7610d689-246f-467d-8d80-991c4eef401a,600,36,636
9c6979cb-94a7-4dad-9b7c-01fcb525cd18,4387d265-a651-45ac-b32f-8dc31bff999a,2023-12-20 15:07:00,7610d689-246f-467d-8d80-991c4eef401a,600,36,636
5f61a959-91e9-43b1-8813-6ba8e3d472f7,026ceb52-c4fd-4803-bc22-2a3906fb6c46,2023-12-20 08:25:00,7610d689-246f-467d-8d80-991c4eef401a,700,42,742
1957d9e0-04ff-4caf-85a5-6e8fc9348099,c8bab90c-54a0-4996-b0b2-10caea8d5184,2023-12-20 07:47:00,7610d689-246f-467d-8d80-991c4eef401a,600,36,636
4f8d68a2-5741-45a6-b141-06cc2b44449e,adb75b1e-ebd5-4fb8-9ea1-91af9f74330d,2023-12-20 07:18:00,7610d689-246f-467d-8d80-991c4eef401a,500,30,530
c7e595c2-5dca-4294-8b8d-faec5d2f0e5a,7523436b-bfe8-439b-8ba3-a6ea6c2c274c,2023-12-20 15:58:00,7610d689-246f-467d-8d80-991c4eef401a,1300,78,1378
33f2d227-5df7-4be1-9da2-f84b930d678f,7246a425-986b-4cc7-9db5-e2a4f0f36b37,2023-12-20 15:39:00,7610d689-246f-467d-8d80-991c4eef401a,1800,108,1908
cdc0afa5-9b42-4c17-b882-c37e881e8ca4,1512e980-f1c5-4c4e-a6e3-8b3ad08f564a,2023-12-20 07:15:00,7610d689-246f-467d-8d80-991c4eef401a,1200,72,1272
9f251d66-00f2-47b8-add3-51c3f3337cab,dafbb152-2434-4963-83a6-66bcca661251,2023-12-20 07:54:00,7610d689-246f-467d-8d80-991c4eef401a,400,24,424
547bd8df-2738-45d2-8766-5bf0eeda205a,2e85fe24-c31c-4881-81b3-ad7239cb4f5d,2023-12-20 12:50:00,7610d689-246f-467d-8d80-991c4eef401a,2800,168,2968
7f6ce81d-340e-4cf2-8348-3252a805d8eb,37185ad3-bd4b-4923-b4cb-d81ca7d9dcf4,2023-12-20 15:14:00,7610d689-246f-467d-8d80-991c4eef401a,1600,96,1696
5d7b5e7d-5731-4689-9d8e-480e309286f5,751581a7-dcae-4cd6-be9c-0170a28ec0f7,2023-12-20 07:07:00,7610d689-246f-467d-8d80-991c4eef401a,600,36,636
64315708-4844-4032-80a2-d3ba7c9979f8,f2e6c77c-bb0e-4736-8e20-d9a300ad589a,2023-12-20 07:49:00,7610d689-246f-467d-8d80-991c4eef401a,600,36,636
db63f9f8-94c2-41e2-9f11-341c6141b5c6,7ada98ab-4d4a-4814-b592-71cbf95a981f,2023-12-20 13:00:00,7610d689-246f-467d-8d80-991c4eef401a,2200,131,2331
127378c7-ea29-42ac-96a0-6cbdc39fa19b,2e472783-b556-4793-892b-93e4aae66fe8,2023-12-20 07:57:00,7610d689-246f-467d-8d80-991c4eef401a,700,42,742
92f5a2b4-90b6-47e1-86eb-9e386d762f68,22822edd-5932-40c9-8d1a-0fa99635cd0d,2023-12-20 15:23:00,7610d689-246f-467d-8d80-991c4eef401a,1100,65,1165
4a595555-5e0e-4089-992a-4aa2fa717c4c,b33388b4-e129-491e-bcb5-2936b41c9e74,2023-12-20 07:34:00,7610d689-246f-467d-8d80-991c4eef401a,700,42,742
7b01387f-c715-4135-abd9-ac816731c346,e3591c6f-a528-4df8-bbaa-8c969c574113,2023-12-20 18:16:00,7610d689-246f-467d-8d80-991c4eef401a,1900,113,2013
7ad7f8ee-8543-44ee-b6cd-4e1b33bf5c7f,100b9b88-fbe2-4f5d-ab6f-986c8aabac36,2023-12-20 11:05:00,7610d689-246f-467d-8d80-991c4eef401a,700,42,742
2cd1dc7a-1670-4788-83a0-b2271d7292b7,25bf9611-3c9a-425d-8d25-eb3ca453e365,2023-12-20 08:00:00,7610d689-246f-467d-8d80-991c4eef401a,600,36,636
81960630-d636-4077-9c5f-a34ccccbffa4,eadecf6d-7e61-47f3-a9e1-92d5865305e0,2023-12-20 19:36:00,7610d689-246f-467d-8d80-991c4eef401a,500,30,530
5c681bb6-27a0-49d7-865b-9020d993cf0a,16b323b3-be80-4671-9172-263be1a8bdee,2023-12-20 13:34:00,7610d689-246f-467d-8d80-991c4eef401a,600,36,636
40dba09c-1c70-476f-aab8-47362563332e,3be0e2aa-b690-4a2f-a42a-323d392a2e56,2023-12-20 07:43:00,7610d689-246f-467d-8d80-991c4eef401a,600,36,636
b8790c2e-a654-4624-ac17-6818bfa2dc11,eaf1ce75-babd-4767-adc4-c84916d44ea9,2023-12-20 07:48:00,7610d689-246f-467d-8d80-991c4eef401a,600,36,636
3823dd0c-8a0a-4609-b969-b94b01915cef,8ed958e2-d38f-4836-a244-19f7f1ac0ab9,2023-12-20 17:05:00,7610d689-246f-467d-8d80-991c4eef401a,600,36,636
a7ea5daf-ea5e-4ed2-bad0-bd5089ea5e99,a511fe7a-129e-4a12-977c-655bc6f729cf,2023-12-20 08:09:00,7610d689-246f-467d-8d80-991c4eef401a,600,36,636
751bf51c-8e34-42a9-a3eb-ec9438aec054,f7ba70c3-65ab-41b7-b82e-557e864b3b38,2023-12-20 09:52:00,7610d689-246f-467d-8d80-991c4eef401a,500,30,530
51678e3b-26ed-4500-b054-4bfa8c1d52aa,181bd0ce-2a4e-4351-9ebd-df2dac1447d9,2023-12-20 17:44:00,7610d689-246f-467d-8d80-991c4eef401a,600,36,636
56b6879e-bf58-45f7-9bce-8c079411f24e,71bd1014-f18c-4f9e-9f6e-a744c212f185,2023-12-20 16:26:00,7610d689-246f-467d-8d80-991c4eef401a,500,30,530
93ffdf9f-dde2-4c6f-a82b-2db8482a4223,271669e0-565e-4dd1-8b33-5e785cdcb331,2023-12-20 08:27:00,7610d689-246f-467d-8d80-991c4eef401a,400,24,424
aab90af5-cba1-42f7-a9c0-b8c05788dc04,25a1ae12-da1a-47ba-8cc5-93ddde1bdd8a,2023-12-20 14:34:00,7610d689-246f-467d-8d80-991c4eef401a,1200,72,1272
bab75526-01db-47a2-b23a-f2c55d53a08a,3a4bfb82-86e6-493d-a5c5-7f5f15da46b2,2023-12-20 13:15:00,7610d689-246f-467d-8d80-991c4eef401a,600,36,636
aca6e8ae-72bb-4443-aca8-e10f350f04f8,1ce75bf8-af62-46ae-9ec1-bea716d67cd0,2023-12-20 08:40:00,7610d689-246f-467d-8d80-991c4eef401a,700,42,742
2086d1d2-e295-4324-9ef5-ec6441f72365,9d86b78b-c5a3-4c47-afde-b6f079c7571f,2023-12-20 07:31:00,7610d689-246f-467d-8d80-991c4eef401a,600,36,636
acde344d-cd6e-496f-a5a3-01ec0efa4e6a,d922bdd6-209c-46aa-88e0-42fa58d126fd,2023-12-20 12:22:00,7610d689-246f-467d-8d80-991c4eef401a,500,30,530
409646b4-511e-4d8f-8337-05f9d283efd1,83c2a0a0-ef47-41c3-8130-f4c4bfada767,2023-12-20 07:41:00,7610d689-246f-467d-8d80-991c4eef401a,600,36,636
b7fc401d-194b-4d8e-a41e-a60e71990080,3cfdfe82-8d38-458a-9cc0-377ce8640d82,2023-12-20 16:58:00,7610d689-246f-467d-8d80-991c4eef401a,1600,96,1696
b66102c1-563b-4cf5-ad71-b6bfc205933c,201c75dc-d0d2-49d0-8a57-a674c91be28c,2023-12-20 07:50:00,7610d689-246f-467d-8d80-991c4eef401a,400,24,424
cbbb6461-8312-4318-8455-a71025bf3745,b7810a3b-3aa5-4ebb-9d33-273cfc9007c2,2023-12-20 16:31:00,7610d689-246f-467d-8d80-991c4eef401a,700,42,742
30dab7d2-9efd-4fe5-98c1-c39cff88ff45,66419994-ccb4-4a5e-8104-430d9f05b787,2023-12-20 10:18:00,7610d689-246f-467d-8d80-991c4eef401a,1300,78,1378
e2bf171e-22b3-4560-ae01-11a3828ac610,e59558e5-bf1d-4ab7-ab9f-192967a99993,2023-12-20 09:43:00,7610d689-246f-467d-8d80-991c4eef401a,1600,96,1696
9526c3c4-8dd9-4e79-b2c0-3ff7ecbd74f4,e90f9656-4dbb-43c9-b92e-183e7616d870,2023-12-20 15:38:00,7610d689-246f-467d-8d80-991c4eef401a,1900,113,2013
859ee841-c7b9-4485-b961-3e24554b78de,50a245b4-409d-40b4-859a-497ffa53d3b5,2023-12-20 07:55:00,7610d689-246f-467d-8d80-991c4eef401a,700,42,742
a540b930-ab04-4e68-9485-808eb5189b4e,97d9be9c-5910-4341-9c34-db0a5d21792b,2023-12-20 07:31:00,7610d689-246f-467d-8d80-991c4eef401a,600,36,636
9a848547-6b44-4eac-8326-7052d4e6caa1,456fdbb1-8895-420f-8c28-844dbee62b72,2023-12-20 08:18:00,7610d689-246f-467d-8d80-991c4eef401a,500,30,530
f61fcc01-115e-4ba3-9036-13cb7e359e8b,58ae6de0-40c0-4c65-8c85-52d2e83d9fee,2023-12-20 12:33:00,7610d689-246f-467d-8d80-991c4eef401a,2900,174,3074
fa1d0ba1-4909-415b-8f46-026d6f62db87,1a616871-cf07-4962-8005-fd25b7b631bd,2023-12-20 09:00:00,7610d689-246f-467d-8d80-991c4eef401a,2000,120,2120
d8468df9-9293-4910-8c3e-cc8bd99ca1dc,535833dc-00da-4d3d-89a5-24d05500e1a0,2023-12-20 13:51:00,7610d689-246f-467d-8d80-991c4eef401a,400,24,424
94e81c47-ef6f-4e17-bc70-cb75505c6415,0f0fef3b-66fb-4716-9807-7a8a2bcec7e7,2023-12-20 07:48:00,7610d689-246f-467d-8d80-991c4eef401a,500,30,530
3145644f-ca90-47c9-abf5-590ce920f63f,0f8daf38-9d2e-4979-a40a-9994e1096dcf,2023-12-20 13:57:00,7610d689-246f-467d-8d80-991c4eef401a,0,0,0
f1183fef-565f-44f3-b2d6-2bd564356f6d,d2c80c70-0626-4e92-9115-8ce300b3a153,2023-12-20 07:26:00,7610d689-246f-467d-8d80-991c4eef401a,400,24,424
65bf1606-f9e5-4453-b1c1-13ac1a07a5c2,87ab0db5-dea7-42ec-9f0c-2845b0311a5e,2023-12-20 07:11:00,7610d689-246f-467d-8d80-991c4eef401a,400,24,424
644c29db-4f6d-435c-a31a-d6a8ebe72b1a,2b93a0e5-e89b-480f-9229-d927b0cb04d5,2023-12-20 08:13:00,7610d689-246f-467d-8d80-991c4eef401a,400,24,424
a66eb7a6-aa55-4375-a34f-6a66628a765b,5e25b7e9-263f-487e-ab81-22525d48e71b,2023-12-20 08:27:00,7610d689-246f-467d-8d80-991c4eef401a,700,42,742
ba0ee99b-8b03-45a1-8675-f604ed08e5db,665e2199-3e9c-44d4-ad37-fdaad66a174c,2023-12-20 08:02:00,7610d689-246f-467d-8d80-991c4eef401a,600,36,636
1915e5d9-f4bf-4126-9666-6d0c1773c2c7,f919f31e-aafe-4c49-b6e4-fbaad4f298bf,2023-12-20 16:21:00,7610d689-246f-467d-8d80-991c4eef401a,2300,138,2438
25865d90-bef4-45f5-837f-cad4d27a84b7,1c9cfb2c-1d6e-42ea-abd2-7970d24360ec,2023-12-20 08:19:00,7610d689-246f-467d-8d80-991c4eef401a,600,36,636
0be9eb2d-8691-46f5-b296-1cf33000a287,a81521ff-21dd-4fea-8e3f-fe9c4a1dc1e8,2023-12-20 07:54:00,7610d689-246f-467d-8d80-991c4eef401a,600,36,636
52d9c669-63d9-4ab6-872a-2fd077ea87be,a098d142-670c-47f0-9877-a90b05422050,2023-12-20 11:24:00,7610d689-246f-467d-8d80-991c4eef401a,700,42,742
e09e083e-5e93-40f1-b079-d02dc5a864e1,48959ed8-08dd-4ef2-bffb-7a52f1416a29,2023-12-20 13:01:00,7610d689-246f-467d-8d80-991c4eef401a,1100,65,1165
e3ed30a9-6c6b-40f6-9b3a-f88d804087f6,86440644-0c75-465f-bdeb-900d87ec40d4,2023-12-20 08:30:00,7610d689-246f-467d-8d80-991c4eef401a,700,42,742
1bce0575-6cb6-4114-9b6c-d9487785d2fe,ab65ad9c-95b5-49a5-8338-0a5c83d5817f,2023-12-20 09:04:00,7610d689-246f-467d-8d80-991c4eef401a,600,36,636
22dc7f03-caff-4b5c-8295-9ae92b6a8196,3fccd325-23ce-47e6-a2e5-3f5b609113a9,2023-12-20 11:36:00,7610d689-246f-467d-8d80-991c4eef401a,600,36,636
c80c25e3-631b-48d9-b40e-7d41e06e49b7,f823dac0-6919-4b52-bdc1-4e4e7aa07baa,2023-12-20 13:42:00,7610d689-246f-467d-8d80-991c4eef401a,4400,263,4663
5c807ada-4d26-4bcc-9be4-b2d9befecbba,22fa3e88-bc50-4934-8b6d-1e16ec124ea5,2023-12-20 12:16:00,7610d689-246f-467d-8d80-991c4eef401a,2800,168,2968
0230aee9-411f-4381-8adf-1e400d1a57b4,d3c6c1f1-8fad-4e3b-b090-1739abc57cf0,2023-12-20 08:30:00,7610d689-246f-467d-8d80-991c4eef401a,600,36,636
10baf7a5-77a8-4836-bcd3-10781241a539,31705639-1dc7-450a-a954-9c9ab38822cf,2023-12-20 13:24:00,7610d689-246f-467d-8d80-991c4eef401a,1700,102,1802
10cc536b-2184-4ce5-abbf-37c2b4bed32e,d60e7604-3b35-41cb-91c6-f220b3e8eb3d,2023-12-20 10:07:00,7610d689-246f-467d-8d80-991c4eef401a,600,36,636
8f87931b-179b-4474-9031-956f4f8bc8f2,152e39ef-e32b-4140-8d4c-84e1f4efe4ab,2023-12-20 09:00:00,7610d689-246f-467d-8d80-991c4eef401a,600,36,636
c15eee44-2f5f-49e2-a421-74ee3c224f5b,6a0d13b3-0aa7-4970-94b1-a9b08fc329d9,2023-12-20 14:50:00,7610d689-246f-467d-8d80-991c4eef401a,600,36,636
c61776a4-ce07-49be-b9c6-4a16105ceb5b,16055520-2c72-4e4e-9f92-bac49b61437c,2023-12-20 08:10:00,7610d689-246f-467d-8d80-991c4eef401a,400,24,424
eceee54a-3295-4f75-9f10-68a04008b34d,d23ca980-dbeb-418a-b89b-bca1590263ee,2023-12-20 11:59:00,7610d689-246f-467d-8d80-991c4eef401a,700,42,742
8ba3dbe9-94c1-4b64-accf-29f87680b7de,f48bd87a-ff07-4581-a471-bcb2cd91cd1b,2023-12-20 15:02:00,7610d689-246f-467d-8d80-991c4eef401a,500,30,530
836a3305-9dbb-402d-af0f-9b30a9f8bd65,ea8db837-54ac-4615-ab01-9e1d9f2d3ec1,2023-12-20 07:45:00,7610d689-246f-467d-8d80-991c4eef401a,500,30,530
47ff09ed-f85f-4fbc-841f-779ad70c6758,ef0b0d0b-5ecf-4f39-8937-bb9ddaaadfa3,2023-12-20 12:09:00,7610d689-246f-467d-8d80-991c4eef401a,1700,102,1802
6d45e33b-45ef-4838-b7e5-0e2ad35a012b,3e6e1b4a-51e9-407e-b8ab-ed1e11fd056f,2023-12-20 17:14:00,7610d689-246f-467d-8d80-991c4eef401a,600,36,636
88351abf-4ac4-43d6-a345-120b90e13543,786e1981-a9d6-4f2b-9c24-a4d3dd7c7e17,2023-12-20 13:49:00,7610d689-246f-467d-8d80-991c4eef401a,1700,102,1802
87b441ee-8d5f-4389-869c-83b346c9e606,7fe3d1b7-4c1f-4ba2-9a83-9b48c757dcd2,2023-12-20 15:39:00,7610d689-246f-467d-8d80-991c4eef401a,700,42,742
e57c2fb0-ce47-46b5-ba42-877881fc4922,71c1b037-3691-41ec-9286-8b171bdbb6f5,2023-12-20 12:11:00,7610d689-246f-467d-8d80-991c4eef401a,600,36,636
761b4701-f61f-44bc-8e2d-32e4f4ee3ee3,e59b4e1f-ba7c-401c-8106-d4745af1b66c,2023-12-20 16:05:00,7610d689-246f-467d-8d80-991c4eef401a,1800,108,1908
017f635d-d5d4-42f9-81a9-cd90c2d8263b,8cfe2de3-d27a-456f-ae33-517251aeee4e,2023-12-20 12:19:00,7610d689-246f-467d-8d80-991c4eef401a,600,36,636
a623fba5-2f4c-4815-901a-92d2885a427c,df3c2d1d-30e2-4371-9b43-3fd918f475bb,2023-12-20 08:15:00,7610d689-246f-467d-8d80-991c4eef401a,400,24,424
fe56b999-a1b0-40ad-99dc-af6898eae008,25026909-2ede-4661-871d-156396a83b6c,2023-12-20 17:27:00,7610d689-246f-467d-8d80-991c4eef401a,700,42,742
b67bf44f-84cf-4963-a5a9-4a8feb739416,b95564b0-779d-41ad-9da0-5f65a142d02c,2023-12-20 08:30:00,7610d689-246f-467d-8d80-991c4eef401a,600,36,636
4ef52473-6a57-4345-8520-c77f97980330,3b549ccd-b818-46d6-bb5c-7b514dc724ff,2023-12-20 07:51:00,7610d689-246f-467d-8d80-991c4eef401a,500,30,530
4962cfe5-d5b5-4273-8e20-b285897a98d3,8cceb015-0ebd-4bfa-89b5-d5740ebf5eb4,2023-12-20 14:34:00,7610d689-246f-467d-8d80-991c4eef401a,1800,108,1908
a34d5c7b-260d-4884-92e5-137f90f21378,ba8a3b82-1b25-4eb0-bcd3-e172ca44a871,2023-12-20 17:20:00,7610d689-246f-467d-8d80-991c4eef401a,1600,96,1696
96c4c0e9-b70d-4d0c-919a-be211418f3ae,19a5fabf-dfd8-444b-a759-fba1764e5bf1,2023-12-20 16:24:00,7610d689-246f-467d-8d80-991c4eef401a,700,42,742
b9f8b813-8e30-4e77-a5a0-e8e12b8c85fc,33312611-32f7-45e9-a1ba-76224a4efaf1,2023-12-20 19:09:00,7610d689-246f-467d-8d80-991c4eef401a,600,36,636
4a663037-eaae-4e4a-80ea-14bc4db704a5,2df21d90-54d9-4bfc-9b00-12048e94bf7f,2023-12-20 08:54:00,7610d689-246f-467d-8d80-991c4eef401a,700,42,742
fa763f4b-e161-47e5-ae6a-d0bd6b293cdb,b27ac96b-45a5-4ca0-924e-eecc8894d365,2023-12-20 15:53:00,7610d689-246f-467d-8d80-991c4eef401a,500,30,530
8301da5c-ba73-48ac-a7d9-dfb44df37a8b,61432b99-679b-4a15-8732-0fcb17a5ef7c,2023-12-20 08:05:00,7610d689-246f-467d-8d80-991c4eef401a,500,30,530
609b66ca-c969-4381-8c35-1bb635fe14bb,905454f7-790f-4855-9e6d-6506f375381a,2023-12-20 08:03:00,7610d689-246f-467d-8d80-991c4eef401a,700,42,742
ee68d319-c361-466d-a9a4-1754f5a79059,ec2d7fac-e43b-47bb-9667-8389825d6201,2023-12-20 15:49:00,7610d689-246f-467d-8d80-991c4eef401a,1600,96,1696
e3a7fd5b-8a3d-4844-ac85-9037067de785,e5deefa3-49a9-41cf-9230-a2ac99a13b74,2023-12-20 16:06:00,7610d689-246f-467d-8d80-991c4eef401a,1700,102,1802
fb0eec05-aeaf-46b2-abd4-2306f1d4eb1f,a8d4018e-74dd-481b-9ec0-047653c406bc,2023-12-20 09:26:00,7610d689-246f-467d-8d80-991c4eef401a,2300,138,2438
24eafd19-ead9-4c41-831f-a8447d1e33a2,59ee54e5-38ad-4363-846b-dca7d019674a,2023-12-20 14:07:00,7610d689-246f-467d-8d80-991c4eef401a,3300,198,3498
c78ba2df-6214-41a2-8620-e9b98daed249,1fe8a9e9-5e8e-41ed-8f2f-e16bb832f81e,2023-12-20 16:38:00,7610d689-246f-467d-8d80-991c4eef401a,600,36,636
a8d2a121-4013-4b60-bfee-4953d5034367,beeafc1a-1df5-4e92-b649-9887417b6e99,2023-12-20 16:15:00,7610d689-246f-467d-8d80-991c4eef401a,2300,138,2438
d3c76464-0510-4e47-a59a-142548a2a19b,c3113d55-77b9-4b5b-91d0-905284ede6e8,2023-12-20 14:20:00,7610d689-246f-467d-8d80-991c4eef401a,700,42,742
b10a4086-37b9-456b-8625-632676866dfa,b8e6d5cf-5320-400d-9a7a-d392e280ff9a,2023-12-20 07:47:00,7610d689-246f-467d-8d80-991c4eef401a,600,36,636
b2a2ebb5-a00b-404b-9d1a-e7df3816bf8f,55a186ff-9bda-4b51-8717-546300299f58,2023-12-20 07:53:00,7610d689-246f-467d-8d80-991c4eef401a,500,30,530
7b78db98-be54-40af-80f2-df6328ded627,3a3d9f52-a1f9-4640-a5ac-3565b6fc94d6,2023-12-20 14:45:00,7610d689-246f-467d-8d80-991c4eef401a,1200,72,1272
608f29b5-f7b2-4602-9cb7-90d152d625cd,dfe2ecc4-6a89-42bf-809d-eb6d3b80f03c,2023-12-20 07:56:00,7610d689-246f-467d-8d80-991c4eef401a,600,36,636
d94e8bf1-7082-4c99-987c-63312bf8f491,5dee43b9-6180-423d-aa66-0c975c7a6254,2023-12-20 10:19:00,7610d689-246f-467d-8d80-991c4eef401a,400,24,424
cfbb7ca5-46f1-4f75-9458-4eaf6d7da119,8f860c47-6ffb-400d-a5ea-1b3309f59667,2023-12-20 07:03:00,7610d689-246f-467d-8d80-991c4eef401a,700,42,742
73d123c0-949e-4df2-8bc0-160a93cd7215,8e668625-bb53-48d3-8a35-337b6bfe0528,2023-12-20 08:11:00,7610d689-246f-467d-8d80-991c4eef401a,400,24,424
9bee09af-0e1b-4c0e-9fb8-7305b7e1fcf3,8b985220-0522-4c7e-9086-b5e3ec1da5ad,2023-12-20 15:56:00,7610d689-246f-467d-8d80-991c4eef401a,700,42,742
78d44268-37f5-4bc6-a06b-035a7c87334a,ff579c5a-cd8c-4e66-9fa5-5efd193c7c97,2023-12-20 14:05:00,7610d689-246f-467d-8d80-991c4eef401a,1800,108,1908
43aa7c32-1988-490c-b680-a5a8d1df7b66,c15f166b-5eea-4544-95ba-c06ab6bdfd54,2023-12-20 12:47:00,7610d689-246f-467d-8d80-991c4eef401a,600,36,636
c45dff51-db70-43e7-bb3d-7509af9957de,4c0311a9-36a1-489e-b9a6-d0c6fbb216d0,2023-12-20 15:29:00,7610d689-246f-467d-8d80-991c4eef401a,600,36,636
dbd65b7c-2b52-4a81-a16b-38ece955e1e4,21b47c14-85e6-4345-8b75-fb865313023c,2023-12-20 07:50:00,7610d689-246f-467d-8d80-991c4eef401a,600,36,636
53fbc450-05e3-45ac-acd1-2836423d35f2,de438868-012e-4090-a23f-435fe782ba8a,2023-12-20 08:12:00,7610d689-246f-467d-8d80-991c4eef401a,700,42,742
8166c108-4b27-4ad9-aa29-89fd1e703959,837e09f7-4460-4e4c-9dd1-15e51783c049,2023-12-20 14:38:00,7610d689-246f-467d-8d80-991c4eef401a,600,36,636
225a490d-d8d7-41a4-8680-85ea81b9fc62,76e0ad61-6f0a-4ff9-ac30-b153a4382299,2023-12-20 08:47:00,7610d689-246f-467d-8d80-991c4eef401a,500,30,530
8ed0cf2c-b55b-4bc9-8316-43a4c4eb57dd,46f597eb-c54b-4468-9b5f-709bcfed28fb,2023-12-20 10:35:00,7610d689-246f-467d-8d80-991c4eef401a,600,36,636
622adecd-1bf8-4e12-a22e-5283922785e6,74f8b5d2-4353-4a1d-9d09-c4b033ed1e78,2023-12-20 08:10:00,7610d689-246f-467d-8d80-991c4eef401a,400,24,424
13989d3c-871e-44ff-857c-446aefdda241,56b50d24-13a2-45fe-9f11-02b1df86f7ab,2023-12-20 10:14:00,7610d689-246f-467d-8d80-991c4eef401a,600,36,636
b02d3dfe-c19d-490b-81c4-cdc3eb1c9bcb,b072f983-a206-4f65-a800-d1b376f074a7,2023-12-20 09:31:00,7610d689-246f-467d-8d80-991c4eef401a,1800,108,1908
21a2b00f-fb0a-4cc8-bd04-e54c39569eae,468be53a-0f82-4ec2-9400-cfb722feb061,2023-12-20 15:58:00,7610d689-246f-467d-8d80-991c4eef401a,400,24,424
98050289-11f6-49a8-bfce-ef70ed54b13f,08242f94-d34c-4120-afeb-94e966620c4e,2023-12-20 16:01:00,7610d689-246f-467d-8d80-991c4eef401a,2000,120,2120
401e8eac-a57d-48fe-a206-279a0390f6e5,472069b9-a61b-4488-b3d3-77fd6e057685,2023-12-20 08:05:00,7610d689-246f-467d-8d80-991c4eef401a,400,24,424
e53e42b3-4e79-4ec4-a7fd-57559d5acc19,c8ecfe04-79be-48af-8d12-9542ae15e266,2023-12-20 07:20:00,7610d689-246f-467d-8d80-991c4eef401a,500,30,530
001344de-2b36-4cb3-a2d5-a4f2f218661b,eb33fc86-6f35-4862-88ff-4bf1a6932bc9,2023-12-20 15:55:00,7610d689-246f-467d-8d80-991c4eef401a,600,36,636
3fd0ad9f-e98a-403c-a2fd-d3143ed7ce10,3537b7e3-6daa-487d-8d73-2d9adc9bbc2f,2023-12-20 16:50:00,7610d689-246f-467d-8d80-991c4eef401a,700,42,742
783300b4-22ae-4796-a6a5-ff0dfd76a0d6,02af6d80-129a-42e4-99b4-70b2f68dc3b9,2023-12-20 15:19:00,7610d689-246f-467d-8d80-991c4eef401a,600,36,636
875d915c-0f11-46d9-8952-3ba27e6c77ca,13e6eb04-6067-4f00-8ee7-5675fcc4f621,2023-12-20 16:33:00,7610d689-246f-467d-8d80-991c4eef401a,1200,72,1272
a64691f8-52b9-464a-ae02-40c14539e62b,bd2ae4d9-0ea5-49e1-aea9-3370b4716c00,2023-12-20 15:58:00,7610d689-246f-467d-8d80-991c4eef401a,700,42,742
131aeae1-2ed4-4d59-9ecc-9b191f34712b,22f6747d-37ca-4921-ad9b-a28cfb59861f,2023-12-20 18:37:00,7610d689-246f-467d-8d80-991c4eef401a,1000,60,1060
f2c9b938-18ac-445f-b206-80c616c41368,42f1d1af-ac2e-42d7-80bc-e1dd04b9bce8,2023-12-20 07:59:00,7610d689-246f-467d-8d80-991c4eef401a,600,36,636
7efd512e-e0b6-4f84-8a0c-be6ce2edf6bf,6784c527-d377-48d4-95b3-6d31959e6715,2023-12-20 16:44:00,7610d689-246f-467d-8d80-991c4eef401a,1900,113,2013
a5b28b66-b8a7-4aaa-97f2-8140fd260b14,4f29c41c-067d-4f9a-9793-8bae170607bc,2023-12-20 10:26:00,7610d689-246f-467d-8d80-991c4eef401a,600,36,636
4ba93d80-0cb9-426a-92d6-733256c16a97,027e3ca9-84de-4e85-8dfd-499df27dd3e9,2023-12-20 18:13:00,7610d689-246f-467d-8d80-991c4eef401a,1900,113,2013
9c621576-b591-4743-b508-b12c8699c679,9a14fd59-3f1b-40ec-ba02-2b2164bc44d7,2023-12-20 08:04:00,7610d689-246f-467d-8d80-991c4eef401a,400,24,424
7713a8eb-631f-4b4f-a584-831b7698e80e,70a3269b-d4de-46e8-bedc-d856f333e088,2023-12-20 11:49:00,7610d689-246f-467d-8d80-991c4eef401a,4900,294,5194
edefceea-489b-46ba-a66f-0052e6f30211,a6a53f05-a7e5-414f-ba8a-df80c2f23c61,2023-12-20 13:21:00,7610d689-246f-467d-8d80-991c4eef401a,1300,78,1378
20275435-8b61-4576-a2a2-f2931da03ddd,4016b41b-6b04-4ecf-944a-2dec96832f6d,2023-12-20 08:10:00,7610d689-246f-467d-8d80-991c4eef401a,400,24,424
e65fe6a5-6d95-474c-80ad-243a4f303cda,636b3d28-0139-4e15-93c7-8953b8835726,2023-12-20 14:13:00,7610d689-246f-467d-8d80-991c4eef401a,1900,113,2013
e832ec73-318a-4da6-806e-4718e786587a,1691b5c0-20da-438a-8bc7-8f68cdfc6996,2023-12-20 12:15:00,7610d689-246f-467d-8d80-991c4eef401a,2000,120,2120
5655e81a-0524-4c61-8e66-6bc970fb1211,9ec80e0e-eb2a-4cd5-8281-acd97008a40e,2023-12-20 17:39:00,7610d689-246f-467d-8d80-991c4eef401a,1400,84,1484
53d0feff-714b-4740-9ef7-186a4b50f2f1,34e09775-13ce-4c18-925a-12de247b46a2,2023-12-20 13:01:00,7610d689-246f-467d-8d80-991c4eef401a,1500,89,1589
90a5550a-9785-433b-a2b3-ba2fc41c5cd9,4a9dcd92-3db5-4302-a109-4688ef1daf51,2023-12-20 12:18:00,7610d689-246f-467d-8d80-991c4eef401a,600,36,636
7d6a47f7-79a6-422f-a59b-be00808a5252,6436c05b-2e1d-493a-8e5b-8a81dfbb6d27,2023-12-20 13:39:00,7610d689-246f-467d-8d80-991c4eef401a,1500,89,1589
d588e0b7-9bb2-48a2-a2ac-b08fbd076486,cca4d2f2-7b78-4400-800f-84e9491d330d,2023-12-20 10:17:00,7610d689-246f-467d-8d80-991c4eef401a,1800,108,1908
03005321-c367-490e-a240-7bf1bb23128a,f57f8c58-ddd5-4ef6-9098-f1f0e6d117ec,2023-12-20 07:34:00,7610d689-246f-467d-8d80-991c4eef401a,500,30,530
ac00c7dd-10a4-4ca9-8b2f-5f5642846820,7612fe7c-aedd-4547-aade-25b4911619c9,2023-12-20 16:41:00,7610d689-246f-467d-8d80-991c4eef401a,500,30,530
786c3b52-689b-4140-83ea-0ac818d115a8,d2a66d78-098a-4e8a-9de8-8f53f73a1a68,2023-12-20 12:16:00,7610d689-246f-467d-8d80-991c4eef401a,600,36,636
f06a5a4b-829b-4d1d-bff2-9b74aacfde89,f4898a14-5fe5-48dc-b6bb-1f435392dede,2023-12-20 18:18:00,7610d689-246f-467d-8d80-991c4eef401a,700,42,742
18158b57-83e5-49eb-96cb-9b2d6d3302e3,1995fe10-3ace-49c2-a034-9501692d2dd7,2023-12-20 14:05:00,7610d689-246f-467d-8d80-991c4eef401a,1100,65,1165
d02c76de-9e61-4bbb-839f-3d8cb794393a,3293ca28-2970-404e-a298-f74c760d7810,2023-12-20 07:41:00,7610d689-246f-467d-8d80-991c4eef401a,600,36,636
006356b3-e659-4a25-9829-ce395d98e8b5,3029df46-1cef-45bc-9293-520cc8b0255e,2023-12-20 07:45:00,7610d689-246f-467d-8d80-991c4eef401a,600,36,636
3707efe2-fd21-4d59-b3c0-c64c74863ccb,72bac195-4083-485e-9081-df5b269d5f48,2023-12-20 19:04:00,7610d689-246f-467d-8d80-991c4eef401a,600,36,636
3b2cedff-c234-4182-a37b-279058df2cb8,7fdb55c5-62a9-432b-b904-0c8667b2e7aa,2023-12-20 19:53:00,7610d689-246f-467d-8d80-991c4eef401a,500,30,530
020eed81-af4d-494c-9c8c-128001f99b54,3981431e-68a6-4f25-8919-294206d4e783,2023-12-20 07:50:00,7610d689-246f-467d-8d80-991c4eef401a,500,30,530
7d8f7452-3ca3-4396-bdaa-87d57dab851a,e8624338-c99b-4285-8018-073b5931f3d7,2023-12-20 14:43:00,7610d689-246f-467d-8d80-991c4eef401a,500,30,530
2701e6fc-10ef-4f71-a567-22a5cab2c70b,b79f9939-07ce-4f15-bdca-a9e5a43ab862,2023-12-20 11:22:00,7610d689-246f-467d-8d80-991c4eef401a,600,36,636
30fb90ac-f52a-4975-8c50-7cf0687431d8,3bf43252-3e01-4d5b-afd5-8aa6abc59e89,2023-12-20 09:31:00,7610d689-246f-467d-8d80-991c4eef401a,0,0,0
085590d9-1d3f-433b-b5fc-986ad3b73d07,4080c176-2d27-43e3-9526-735f9330b06c,2023-12-20 09:48:00,7610d689-246f-467d-8d80-991c4eef401a,2400,144,2544
3194192e-3788-45ea-afd4-9da74d31fb68,f8a9b9e5-b4c7-416f-acfd-3b5727417698,2023-12-20 08:00:00,7610d689-246f-467d-8d80-991c4eef401a,500,30,530
278e3449-0b2b-411a-a103-54e74fd5a3fa,33544b8a-3b0f-4d97-afaa-a5018e66ee32,2023-12-20 18:52:00,7610d689-246f-467d-8d80-991c4eef401a,1900,113,2013
4695667d-5168-493a-b792-07320e596fae,27b1e612-2cfe-43aa-bb58-c92646126951,2023-12-20 08:18:00,7610d689-246f-467d-8d80-991c4eef401a,500,30,530
99fccdc4-8faa-4592-9d7e-202f629ceae6,3706d905-3e5a-4227-9c02-f96968365cef,2023-12-20 17:55:00,7610d689-246f-467d-8d80-991c4eef401a,700,42,742
6724d21f-b189-485e-af50-ded97660899c,b5184b09-3ae6-4520-bc09-912e7eec1e67,2023-12-20 14:06:00,7610d689-246f-467d-8d80-991c4eef401a,1900,113,2013
673042f7-dfa6-4e0c-ab78-1e6bf54692f0,800f49c1-d428-4f5a-bdd3-172f56da95b5,2023-12-20 15:37:00,7610d689-246f-467d-8d80-991c4eef401a,1300,78,1378
83a8412e-8a84-441a-87d4-4530fc6f397c,b7fb5b2f-9636-4e7b-be18-b43d0df3c929,2023-12-20 10:01:00,7610d689-246f-467d-8d80-991c4eef401a,600,36,636
28c700eb-99d2-43c1-bb37-9f17a1b385fa,5bfe0dae-1b79-4360-a29c-17e9ca7851f9,2023-12-20 11:30:00,7610d689-246f-467d-8d80-991c4eef401a,1300,78,1378
b50906c8-aa3c-4204-b2db-30bd30992500,25c97ef3-e3df-4437-81ea-031cf9228009,2023-12-20 19:39:00,7610d689-246f-467d-8d80-991c4eef401a,2700,162,2862
375c3619-38c9-4726-9630-990d66cb5e0a,23e45a32-b6fd-408a-ba27-924b1070c001,2023-12-20 08:11:00,7610d689-246f-467d-8d80-991c4eef401a,700,42,742
d1f40b61-df15-4799-bf47-b0ba39b90ab0,26ab928d-c37b-47c3-8949-f5c62e9b8d76,2023-12-20 16:32:00,7610d689-246f-467d-8d80-991c4eef401a,700,42,742
22884d11-0fa4-4811-a7a3-a0a1c6537d6e,32c0dd94-681d-4183-8286-cf088864c11b,2023-12-20 10:10:00,7610d689-246f-467d-8d80-991c4eef401a,400,24,424
b041f832-7461-4d09-808e-c4139b80ca78,867d1a27-d73e-4645-a7c8-68a8cccc46d6,2023-12-20 11:57:00,7610d689-246f-467d-8d80-991c4eef401a,700,42,742
25561bd0-c8b2-4fcb-ae54-18abe5f13ac1,f4918a53-6c53-4960-a683-610fd1d3cb26,2023-12-20 08:04:00,7610d689-246f-467d-8d80-991c4eef401a,700,42,742
97090279-0e8e-4ce0-9cf4-e70356f4aef3,67b83532-c6ef-47a9-b708-6fec1ef804c2,2023-12-20 07:25:00,7610d689-246f-467d-8d80-991c4eef401a,700,42,742
7de7330b-7e6c-4865-a389-654f14abd16a,471dd3e1-1cb3-4a37-bd75-154334a05a49,2023-12-20 07:54:00,7610d689-246f-467d-8d80-991c4eef401a,700,42,742
0397dea0-351d-4026-ae3a-d74f429c68b2,946f1cde-d4d1-4fc4-9e42-a82375962636,2023-12-20 12:07:00,7610d689-246f-467d-8d80-991c4eef401a,600,36,636
99583ebf-45e0-4c96-baa4-d9fe44d2dfd7,006ebf27-e836-4961-86f8-19a81bd60992,2023-12-20 14:24:00,7610d689-246f-467d-8d80-991c4eef401a,500,30,530
28bd2a4a-408d-415f-9b94-30b974ebb888,70216b97-9f6c-4474-a45e-c8e31684968c,2023-12-20 16:47:00,7610d689-246f-467d-8d80-991c4eef401a,1200,72,1272
08ee1ae6-800d-432b-865a-2882394a9fca,f612ad73-fdb5-410f-9383-ba51fdc92a8f,2023-12-20 18:29:00,7610d689-246f-467d-8d80-991c4eef401a,400,24,424
d4c09fd5-39f4-4169-a9a0-e75f670997e2,c7b8e8b6-6299-45a6-a446-b172e533d17e,2023-12-20 07:01:00,7610d689-246f-467d-8d80-991c4eef401a,600,36,636
87054774-d193-491f-b110-54326ecb5feb,b0899906-f211-4fe2-a0b9-71b5f9850f75,2023-12-20 07:17:00,7610d689-246f-467d-8d80-991c4eef401a,600,36,636
f515c966-b14c-446e-81b9-ccd12c67ed34,5b997d2e-38a3-403c-b8d1-441657613eef,2023-12-20 08:55:00,7610d689-246f-467d-8d80-991c4eef401a,1800,108,1908
b23ae77c-424b-4c4b-8a70-91a81c93bfbc,69cec439-ef37-47e6-be3f-4ca6604a2334,2023-12-20 17:58:00,7610d689-246f-467d-8d80-991c4eef401a,1800,108,1908
999c0888-afc0-4f63-a31c-e48bee5c8287,8b820ff8-72b5-4b9f-99d5-3c7ece118523,2023-12-20 14:46:00,7610d689-246f-467d-8d80-991c4eef401a,600,36,636
a5d438a3-a618-4523-aa8b-80d208e14389,4141f701-5633-42c2-b647-4b6fc428802f,2023-12-20 08:09:00,7610d689-246f-467d-8d80-991c4eef401a,3300,198,3498
11b31ca4-8db1-4de5-b788-d32264fd3405,650550ef-4a36-40d5-9125-f24e9c9a7bab,2023-12-20 16:41:00,7610d689-246f-467d-8d80-991c4eef401a,1700,102,1802
90013162-b2b2-4369-8ea3-3f0e678567ff,4c348755-d66d-46bb-9d04-3d6564b49ec0,2023-12-20 12:40:00,399dfec4-01ec-4e84-80b5-cb325d670571,600,24,624
f946bc7f-247d-4610-8b17-7f8d74065945,37e73f82-c93a-4c41-ade6-e62f4a5b446a,2023-12-20 11:04:00,399dfec4-01ec-4e84-80b5-cb325d670571,1000,40,1040
fec7e82e-9ffd-4604-bc45-616ab1a73cde,bae6e37f-8462-411c-8e89-c0bd2e10d8be,2023-12-20 12:21:00,399dfec4-01ec-4e84-80b5-cb325d670571,3600,144,3744
db7e3f53-a675-4aea-be28-bb685789b4d9,c5ea4a48-b79a-41fb-8cfb-27cd606cf67c,2023-12-20 07:35:00,399dfec4-01ec-4e84-80b5-cb325d670571,700,28,728
21cc84c3-cda8-46ad-b869-ded2cc5b6c56,a8f18d60-8666-4c0f-a1db-c2866d583b8d,2023-12-20 07:37:00,399dfec4-01ec-4e84-80b5-cb325d670571,400,16,416
1f531c98-d9e7-47a3-97fb-ecbd95cc8294,0e212e07-1340-414e-b2c5-6ea4fd2b0239,2023-12-20 12:54:00,399dfec4-01ec-4e84-80b5-cb325d670571,500,20,520
4521dde3-f7a6-434b-b297-55379e0b2584,7bcb8723-53df-4b44-9780-6f41535407ea,2023-12-20 08:12:00,399dfec4-01ec-4e84-80b5-cb325d670571,600,24,624
7bc72f0b-d30a-4f65-9095-d897dc255dec,2d691724-c042-4e6d-af25-3d4016fae282,2023-12-20 11:29:00,399dfec4-01ec-4e84-80b5-cb325d670571,1200,48,1248
0949caa3-155e-4926-8da9-3d4520c8a28d,63133c36-0c0c-4819-8883-c8fe0f7bb97f,2023-12-20 18:08:00,399dfec4-01ec-4e84-80b5-cb325d670571,1700,68,1768
8d409c59-54d3-456b-9145-a5bb512ad2ef,dc19aa41-6e1d-4f34-9e80-a1be8032c33e,2023-12-20 13:57:00,399dfec4-01ec-4e84-80b5-cb325d670571,500,20,520
34ef96aa-e37b-4b5e-9d21-8f33e1cb6bb2,6245ed4d-3f95-4010-9309-114b1b627744,2023-12-20 08:58:00,399dfec4-01ec-4e84-80b5-cb325d670571,700,28,728
0ab5ba5e-2b7f-407f-886d-39a5d6691b72,94b1db00-2098-4afd-b3b7-5eb8983cfc17,2023-12-20 07:30:00,399dfec4-01ec-4e84-80b5-cb325d670571,600,24,624
860a7503-ffc6-40fd-a27c-336864d666fb,d2b78715-1c35-41d5-a173-86bbde66041c,2023-12-20 14:39:00,399dfec4-01ec-4e84-80b5-cb325d670571,600,24,624
31d3158e-229b-4918-9275-b2b9802c0f34,f87cf5f2-f133-432b-9698-d97df1d3ea32,2023-12-20 08:09:00,399dfec4-01ec-4e84-80b5-cb325d670571,600,24,624
ec2dd185-1a0c-437b-b78c-e9638a586230,a4ecfbb7-9d6d-44b3-925d-7d29fdc993d8,2023-12-20 14:56:00,399dfec4-01ec-4e84-80b5-cb325d670571,600,24,624
58de2427-464b-48ec-b52a-8d3fb8af4a36,9ae05117-8a4f-441a-b848-817a78454328,2023-12-20 10:03:00,399dfec4-01ec-4e84-80b5-cb325d670571,1000,40,1040
d5bfe243-7747-43b1-81b2-b60f1a8a875d,a0c23a52-fc6d-47ef-b1f6-058a0f3bdd78,2023-12-20 14:33:00,399dfec4-01ec-4e84-80b5-cb325d670571,500,20,520
5754846d-98b1-433b-9a27-1fecbe32be22,506a6d87-28ad-4107-98f8-eee7ef436e29,2023-12-20 07:44:00,399dfec4-01ec-4e84-80b5-cb325d670571,400,16,416
250a9bbd-22c5-411d-a99a-86b4214a16fd,42c5ea60-f682-47d9-b67c-f6f362147071,2023-12-20 07:11:00,399dfec4-01ec-4e84-80b5-cb325d670571,400,16,416
551922b9-941d-47f9-b59d-dafb280646cf,16b63951-b5de-4976-b337-c7a164051684,2023-12-20 07:59:00,399dfec4-01ec-4e84-80b5-cb325d670571,500,20,520
4f8b634d-1ec1-4a7a-8c13-c4a1ce10e743,41aec400-dd32-4254-a52f-0d6fb2d03888,2023-12-20 15:52:00,399dfec4-01ec-4e84-80b5-cb325d670571,1500,60,1560
5043ac57-f705-4a0c-9458-e8afb695a0fd,b6e01333-7454-4939-a5ce-c8bef3d60cc0,2023-12-20 08:01:00,399dfec4-01ec-4e84-80b5-cb325d670571,500,20,520
8ad7193d-dd8a-4665-8f6e-d8a0100e9e84,6e83b42d-59ed-4466-b35a-d764e9c3cdfc,2023-12-20 08:41:00,399dfec4-01ec-4e84-80b5-cb325d670571,600,24,624
7fd6baf3-e1b4-4957-98d0-d8b64e69201d,0f9c9c26-3320-4837-8235-6386bcbdbf06,2023-12-20 16:39:00,399dfec4-01ec-4e84-80b5-cb325d670571,1700,68,1768
8957d5d4-cccf-468f-8f01-840cecbc895c,ddd6bc5c-169a-4f13-aa8d-eb8d78c99e03,2023-12-20 07:53:00,399dfec4-01ec-4e84-80b5-cb325d670571,500,20,520
ee241311-7632-4625-9e83-a68e1f639873,4debb8bc-c00e-4117-8d9b-0bc00ffd8637,2023-12-20 14:54:00,399dfec4-01ec-4e84-80b5-cb325d670571,600,24,624
ead65304-ebe3-407c-9e6d-66c46ef72049,f59319a4-b9b6-458a-aec7-f43d079c3a28,2023-12-20 11:20:00,399dfec4-01ec-4e84-80b5-cb325d670571,1300,52,1352
617adcbe-469b-46d2-8273-21da4bbc8434,6ba6cff4-9c59-4c33-be13-cbb47b31b82b,2023-12-20 13:33:00,399dfec4-01ec-4e84-80b5-cb325d670571,400,16,416
2b7ffaff-784e-4dae-a767-85af9c77d717,87289d4c-37e9-4151-9045-4ba83f3b4c71,2023-12-20 16:34:00,399dfec4-01ec-4e84-80b5-cb325d670571,600,24,624
5d3ee457-5f9f-4eac-b01e-53c2ac5fca80,d6af4950-fefc-44bb-8701-d252bd522f00,2023-12-20 07:52:00,399dfec4-01ec-4e84-80b5-cb325d670571,600,24,624
67a5d3e4-dbf2-41b0-8eb2-565296b06f19,bff5af40-a32d-4898-8a55-eb25f6d0b6ed,2023-12-20 17:26:00,399dfec4-01ec-4e84-80b5-cb325d670571,600,24,624
0cf8db9c-99d4-4a02-85a2-a2b8c2a7ea8c,50b9c414-f72b-43aa-b8b7-b6671518bd84,2023-12-20 11:09:00,399dfec4-01ec-4e84-80b5-cb325d670571,400,16,416
28afa313-1ed7-4eab-885c-1851fcd01f46,e3f4b9eb-48b3-4b16-a2ad-8388c37cb821,2023-12-20 15:03:00,399dfec4-01ec-4e84-80b5-cb325d670571,700,28,728
776b4dad-1ac0-4de5-ab3b-fee6ab742dee,3f9ce19d-dc65-49bd-81d5-de27d736b5bf,2023-12-20 18:11:00,399dfec4-01ec-4e84-80b5-cb325d670571,2100,84,2184
60639610-4146-421c-9edb-ed1cd04ea5dc,48401445-c4c0-4381-a5d3-b47ddffe4ef2,2023-12-20 10:12:00,399dfec4-01ec-4e84-80b5-cb325d670571,1900,76,1976
bc6ed702-4e83-46dc-a141-3fadfbe5ab5e,b1032ecf-73a3-4af5-95dc-41a97682fac5,2023-12-20 11:28:00,399dfec4-01ec-4e84-80b5-cb325d670571,4200,168,4368
a2634fe9-45b0-42e7-8475-20e294c4f0c0,f58667e7-433a-4871-adf6-e74224ae1a7a,2023-12-20 17:37:00,399dfec4-01ec-4e84-80b5-cb325d670571,2100,84,2184
dbb7ba8c-f4f6-4aa2-a20a-1908810fab9f,b1e76179-85ef-427c-96b1-6b9276f4752b,2023-12-20 10:32:00,399dfec4-01ec-4e84-80b5-cb325d670571,1200,48,1248
c6e5ff13-cb02-45fb-a9c0-61a362999067,b1d2776c-dcae-4587-a995-f535c29a0ad8,2023-12-20 16:31:00,399dfec4-01ec-4e84-80b5-cb325d670571,600,24,624
1535b9b9-65b4-490b-9d61-321e4726eeac,711044e1-8bdf-47ab-b9ab-3d108e5590d9,2023-12-20 12:40:00,399dfec4-01ec-4e84-80b5-cb325d670571,400,16,416
e11b4074-d26c-4f56-be1b-7af3f4388958,dcf50ba9-5b3e-448f-9529-f27c246d868a,2023-12-20 08:06:00,399dfec4-01ec-4e84-80b5-cb325d670571,600,24,624
0ed79722-f768-4210-9243-fa048d09b762,9d25ed88-d934-4a39-bff2-29dd981edc7b,2023-12-20 07:58:00,399dfec4-01ec-4e84-80b5-cb325d670571,600,24,624
16adac50-a4a3-4fa6-ab01-5e886c0a8fe3,a0ae887b-a1ea-45e2-a49e-fb49cd25e6e8,2023-12-20 15:51:00,399dfec4-01ec-4e84-80b5-cb325d670571,500,20,520
22d3ddf2-f37e-4614-93ee-7835dd1f5b90,1ab8f64c-68df-4705-82aa-f3e046eec9a1,2023-12-20 07:22:00,399dfec4-01ec-4e84-80b5-cb325d670571,600,24,624
a67096b7-88a0-464c-b52d-c977f06b73d7,014d4968-8860-436c-9590-b3172aab71ab,2023-12-20 12:14:00,399dfec4-01ec-4e84-80b5-cb325d670571,600,24,624
b50d7a56-110f-48c6-8996-7722216877fd,50580cce-0003-489b-ac75-1e865cae783d,2023-12-20 10:08:00,399dfec4-01ec-4e84-80b5-cb325d670571,600,24,624
85bca8a7-31d7-43c7-9ac0-f17299b9abf7,bc4c6cb7-8df0-4cf8-abec-003f7fd6b556,2023-12-20 14:04:00,399dfec4-01ec-4e84-80b5-cb325d670571,1800,72,1872
5cf1bd88-698b-46dc-818b-7ee346d42e0a,34fc2867-a0b6-422f-8041-10f81916b1fe,2023-12-20 07:57:00,399dfec4-01ec-4e84-80b5-cb325d670571,700,28,728
cfd4743e-0e16-4ea0-9cb9-42a8e2ab4b08,76c48654-6fd5-4383-9917-f82ad4aea2d6,2023-12-20 08:03:00,399dfec4-01ec-4e84-80b5-cb325d670571,500,20,520
50bfd21d-05cc-492a-bf8b-d6979e4e95d5,2c57c610-0005-4cad-80d1-645d35f2c1bd,2023-12-20 14:11:00,399dfec4-01ec-4e84-80b5-cb325d670571,700,28,728
9cd76963-f39f-44c9-a76f-616f9dc70b54,d2ce1916-ff3f-4dc8-8c68-6bd3cb205c68,2023-12-20 10:20:00,399dfec4-01ec-4e84-80b5-cb325d670571,400,16,416
586e219d-2498-4466-9fb0-1cadfe9eb53f,c28b2934-ee10-4572-b543-13b07030b674,2023-12-20 08:17:00,399dfec4-01ec-4e84-80b5-cb325d670571,600,24,624
773dfa87-bcbf-488f-bdd7-640e9240574c,9e01e8aa-e852-4d14-a1bd-a7099859350b,2023-12-20 07:50:00,399dfec4-01ec-4e84-80b5-cb325d670571,600,24,624
cf997623-ed63-445e-ab9b-46bd1d218236,40287d26-4302-43df-a5fe-13be8f368808,2023-12-20 15:47:00,399dfec4-01ec-4e84-80b5-cb325d670571,400,16,416
00418508-c842-4e10-8859-d7ffa1e177af,0e8e5ba3-41fa-49ca-97f4-c447a239e83f,2023-12-20 11:27:00,399dfec4-01ec-4e84-80b5-cb325d670571,2500,100,2600
3d5d8edc-8928-465c-9b55-a51871f64cbf,64db26a0-c128-4fd8-8d9d-7d6e8dca816f,2023-12-20 08:41:00,399dfec4-01ec-4e84-80b5-cb325d670571,600,24,624
d728f44e-ca1b-4d2a-bae3-d286fb5f95d8,53beee08-3f7a-41ad-9b8d-e9dde5890c21,2023-12-20 07:00:00,399dfec4-01ec-4e84-80b5-cb325d670571,1800,72,1872
42583124-c72e-4a92-99df-4fd8aa8fd80c,5e245f8b-8a35-48fc-bfd1-8d70aae8c168,2023-12-20 10:48:00,399dfec4-01ec-4e84-80b5-cb325d670571,2800,112,2912
3e1fc1fe-9de4-466f-9553-42d9d088a256,acd3eb6d-6b79-4387-b568-bbae749f77a3,2023-12-20 07:17:00,399dfec4-01ec-4e84-80b5-cb325d670571,400,16,416
622b1012-58a9-4fa4-8851-091f9b570311,bc67e790-4d24-486d-807f-451f765d80cd,2023-12-20 08:43:00,399dfec4-01ec-4e84-80b5-cb325d670571,500,20,520
826c751e-ddd6-4fde-9dcc-4778ee9c170d,dad7706f-c7f1-48d1-b917-5c159cfffb63,2023-12-20 07:34:00,399dfec4-01ec-4e84-80b5-cb325d670571,500,20,520
ce3f182a-1417-44cf-b90c-543b64b63a01,0a355498-5161-4e43-a119-739ad47fce7c,2023-12-20 08:41:00,399dfec4-01ec-4e84-80b5-cb325d670571,400,16,416
380c0698-12d7-477e-8bfa-207f12e9356b,e5c6f80d-f9e5-4adb-9e14-77344fadcb11,2023-12-20 08:09:00,399dfec4-01ec-4e84-80b5-cb325d670571,400,16,416
83485f11-4e10-45cf-9abe-6b01e3be7b69,db76ab32-831a-4cda-966d-d6da473fe822,2023-12-20 10:18:00,399dfec4-01ec-4e84-80b5-cb325d670571,700,28,728
2dfdb5f8-d9d1-4cc2-a7c2-2ff8889a9553,cdcb2920-cc0f-45c8-a08d-f245414cc4d1,2023-12-20 13:00:00,399dfec4-01ec-4e84-80b5-cb325d670571,600,24,624
3f0fad2d-f4d5-4460-81e4-e9cab4b176e2,166c3999-d2fd-4356-8470-fbf1029cab0c,2023-12-20 19:28:00,399dfec4-01ec-4e84-80b5-cb325d670571,1700,68,1768
ba1584a9-8c5d-4f1f-9581-2895ee799e21,8d3da390-2ca0-4b6b-9ede-107ac967da0f,2023-12-20 10:57:00,399dfec4-01ec-4e84-80b5-cb325d670571,1000,40,1040
890c8791-a7e3-48ff-b7ce-1f8a125328a0,1970761e-30b2-4231-b0c4-e598194512e9,2023-12-20 08:18:00,399dfec4-01ec-4e84-80b5-cb325d670571,600,24,624
f01871ea-cf82-476e-8784-7fe22844393f,05717c12-ddbb-4d36-a0d8-f248cae6a710,2023-12-20 17:06:00,399dfec4-01ec-4e84-80b5-cb325d670571,1500,60,1560
1a0dcaf5-567f-46c3-9c28-c73e64f03b22,3f44b8aa-7b06-4cbc-b5b8-62c759375abf,2023-12-20 07:57:00,399dfec4-01ec-4e84-80b5-cb325d670571,700,28,728
c18e36a2-8f6c-4f71-aa39-056fdf336cdf,e51c17e9-54d2-4d0d-951b-d2e942484e4a,2023-12-20 07:54:00,399dfec4-01ec-4e84-80b5-cb325d670571,500,20,520
c99e3bde-9461-49a2-96a5-5210be6c10c3,661e7769-737a-4fea-9b2b-61f6ad5f730e,2023-12-20 07:29:00,399dfec4-01ec-4e84-80b5-cb325d670571,500,20,520
1f99c132-b31c-48a5-9bf3-69a31dda6c01,52a20272-6bdc-4d6e-abb9-dabf740d6785,2023-12-20 19:11:00,399dfec4-01ec-4e84-80b5-cb325d670571,1600,64,1664
a23a519a-f571-4425-925a-026de6401765,925b1e7a-db75-46f3-8233-e9a0d1cd3eea,2023-12-20 07:28:00,399dfec4-01ec-4e84-80b5-cb325d670571,600,24,624
4f13327f-bed5-4a53-8c4c-befb98d2a31d,60314e03-083b-4c10-8481-e96147ef36b6,2023-12-20 07:34:00,399dfec4-01ec-4e84-80b5-cb325d670571,600,24,624
8c785e71-9848-4b0e-a1b9-52e579ee336a,1e9b8783-1cf3-480c-ade5-2c44cee664c3,2023-12-20 19:52:00,399dfec4-01ec-4e84-80b5-cb325d670571,1800,72,1872
14d8a484-bc53-4480-90fe-71e64baba238,0632018d-13b0-4b17-8c09-2355784aa5aa,2023-12-20 07:06:00,399dfec4-01ec-4e84-80b5-cb325d670571,400,16,416
ac8eacff-7e2e-4fd1-a8f1-f7f1d5219be8,cbfe5614-8eaa-4e55-8eb0-280ca8c3b206,2023-12-20 17:56:00,399dfec4-01ec-4e84-80b5-cb325d670571,1500,60,1560
f8b7b62b-2b53-4813-bbeb-09ce0605e46f,86e5e6c3-4891-4fc4-8c11-9b25569b7cdf,2023-12-20 16:05:00,399dfec4-01ec-4e84-80b5-cb325d670571,700,28,728
6acfeb7b-f42d-4e2e-b8b2-4ba8bbc41ed2,6cc22f29-b88b-4f31-9982-e3fd61a88f01,2023-12-20 18:22:00,399dfec4-01ec-4e84-80b5-cb325d670571,600,24,624
19101e18-f848-4b5d-87f5-97e31eb2d350,5de2ad61-7d0f-4bd1-976c-54232ea6a2e7,2023-12-20 07:38:00,399dfec4-01ec-4e84-80b5-cb325d670571,600,24,624
13af3bd3-7eca-419b-8f1d-3faf380c0feb,fbc8d614-e3eb-4407-a764-2523025a5ec8,2023-12-20 14:49:00,399dfec4-01ec-4e84-80b5-cb325d670571,500,20,520
f860d408-46a9-4f03-b12d-9362a0d45c0a,2d6bb117-9504-46a7-85f0-ec0842f450ba,2023-12-20 12:16:00,399dfec4-01ec-4e84-80b5-cb325d670571,700,28,728
cbd2d586-c3ff-4c4b-9edd-7220c66d03c0,adb373d5-a395-4255-97af-7d0c6cc6b076,2023-12-20 08:04:00,399dfec4-01ec-4e84-80b5-cb325d670571,700,28,728
07be85fa-7043-479c-9c8a-f2f44cc1dede,af32d332-5348-4db7-b85e-10e8c869b09b,2023-12-20 11:53:00,399dfec4-01ec-4e84-80b5-cb325d670571,500,20,520
95527f10-a39d-4a8c-b55f-2d9e04905061,ec49d138-10a8-4728-b374-f0787bc58520,2023-12-20 14:57:00,399dfec4-01ec-4e84-80b5-cb325d670571,700,28,728
77b9a1e7-ae48-48ed-835b-45b6e6c50a17,adb25cda-7b6a-40cf-b406-ad69754ee6b0,2023-12-20 08:05:00,399dfec4-01ec-4e84-80b5-cb325d670571,600,24,624
1f55a1bf-cd06-41d7-9ed0-035dd76273ca,5287ce91-88ed-4f3c-97ab-9e4b1a54601b,2023-12-20 16:59:00,399dfec4-01ec-4e84-80b5-cb325d670571,1800,72,1872
79e097bf-8988-4f51-b5d0-07f010f692f4,837b4aa0-c89e-4bd4-bb7b-eb47bb546bea,2023-12-20 08:19:00,399dfec4-01ec-4e84-80b5-cb325d670571,600,24,624
db3770a3-9456-45d3-9b60-cef417530abf,96e76e0f-05a8-4b35-8c59-a93df15f3359,2023-12-20 10:04:00,399dfec4-01ec-4e84-80b5-cb325d670571,3500,140,3640
59900e52-5c00-48f9-ac24-6155ef2ff465,2525b843-71b8-49bf-98a1-4233133347d3,2023-12-20 11:21:00,399dfec4-01ec-4e84-80b5-cb325d670571,600,24,624
1a8aa43b-2a9e-4fe5-be34-0c2ac9367704,0a1048f1-85cc-41f0-b631-2d395fc26b9a,2023-12-20 07:58:00,399dfec4-01ec-4e84-80b5-cb325d670571,400,16,416
b983cfc0-49e7-4005-a1d7-1175d872440d,34457f34-21b5-4789-9180-c774a318640e,2023-12-20 12:05:00,399dfec4-01ec-4e84-80b5-cb325d670571,600,24,624
c34f8319-071b-4083-bbe2-c54bec9d098d,60d3b546-cebe-4f0e-af9e-e06c841f0d7b,2023-12-20 18:13:00,399dfec4-01ec-4e84-80b5-cb325d670571,700,28,728
62a5e7ea-7c2f-49f3-b639-43f73b7e5f6f,56283449-e2f6-4698-8bc2-66b1eb74eb69,2023-12-20 15:35:00,399dfec4-01ec-4e84-80b5-cb325d670571,1700,68,1768
cc5586b0-99e4-41bf-9d8e-54492b4de85b,b46b4fb3-8cac-4fc1-b866-d8a3911e9ee6,2023-12-20 08:26:00,399dfec4-01ec-4e84-80b5-cb325d670571,400,16,416
24333cea-ff21-4e31-9109-909343835ef8,4fdc08de-573f-43d1-9124-2486a1325037,2023-12-20 08:56:00,399dfec4-01ec-4e84-80b5-cb325d670571,600,24,624
85866fa6-f882-4810-a731-7cbe4780c695,6d4c7874-f396-4603-9f6b-243c1b2f5249,2023-12-20 09:03:00,399dfec4-01ec-4e84-80b5-cb325d670571,500,20,520
9e03b20a-33b4-4c29-9c5b-95d3d0cc362a,1fd4af81-2e12-4ed4-8893-dd4eaee5ae1a,2023-12-20 15:51:00,399dfec4-01ec-4e84-80b5-cb325d670571,500,20,520
f941a8d2-c4e4-4b52-a56a-f140c4a1f560,8110a907-2edc-4649-85cd-fc46ec95ccb6,2023-12-20 10:12:00,399dfec4-01ec-4e84-80b5-cb325d670571,500,20,520
3c3101e4-4857-43c1-87c8-6b7317018521,32feea46-a436-43d4-b088-7f86ddf34e8f,2023-12-20 15:03:00,399dfec4-01ec-4e84-80b5-cb325d670571,1900,76,1976
5189faa0-3c08-4a01-814d-90a47f58528c,1c7c3326-d10b-4cb5-8266-0d9638b1303e,2023-12-20 08:21:00,399dfec4-01ec-4e84-80b5-cb325d670571,700,28,728
dba0878b-228d-4d7a-8939-7231ee8efa37,2a9ba068-0857-4b4f-b8bf-2a98887be765,2023-12-20 12:27:00,399dfec4-01ec-4e84-80b5-cb325d670571,500,20,520
2472150a-27a9-46cf-afa7-63ee52406461,3750046f-1d16-4403-b390-b0daba002397,2023-12-20 08:16:00,399dfec4-01ec-4e84-80b5-cb325d670571,600,24,624
414a46c7-23ab-4541-b9a3-cd25c54b6dc7,733c49b4-b2bb-4b79-8925-2f00ca5f792b,2023-12-20 10:03:00,399dfec4-01ec-4e84-80b5-cb325d670571,1000,40,1040
ceb55b29-36f7-481c-baa7-245cca9a748c,e0b213d9-1768-4dcd-bf89-bcd54ccf63c3,2023-12-20 16:49:00,399dfec4-01ec-4e84-80b5-cb325d670571,1600,64,1664
233d59ad-dd88-46db-944d-1a3fee051b2e,706032a5-7ec5-4263-9b19-a692736a7b4d,2023-12-20 16:10:00,399dfec4-01ec-4e84-80b5-cb325d670571,600,24,624
b5220f53-e59e-40d2-9c3d-c69c96e876ab,53c74fc1-b133-42b2-a1e9-67c9bf047e1b,2023-12-20 07:55:00,399dfec4-01ec-4e84-80b5-cb325d670571,400,16,416
50386b50-5c23-4c1d-a4fd-435916bd3ff4,f4c58163-72ff-4bb0-bb23-a96e150c760b,2023-12-20 09:36:00,399dfec4-01ec-4e84-80b5-cb325d670571,700,28,728
ba6040e8-4f57-4096-8f59-9c2dea2e5dd8,34841c77-0ef1-4182-a690-bf7189924a9d,2023-12-20 10:56:00,399dfec4-01ec-4e84-80b5-cb325d670571,1600,64,1664
f8da96e0-7f40-4ad2-95e4-8b55b4cfd819,d7d55d7a-adfa-4bca-aca3-e8d9cdef2bbb,2023-12-20 08:12:00,399dfec4-01ec-4e84-80b5-cb325d670571,600,24,624
3fe8ff2e-4665-4ba2-ac39-ce07c747a020,d9f1e50b-9f13-4b29-84b4-58bce0b318e9,2023-12-20 15:49:00,399dfec4-01ec-4e84-80b5-cb325d670571,600,24,624
08949cb6-3a8c-473e-ad2d-93c3fd277aed,044533c1-2a6d-428d-9c51-24fecdb4ab49,2023-12-20 14:38:00,399dfec4-01ec-4e84-80b5-cb325d670571,1200,48,1248
b6a82fb5-5572-4a7e-b4be-7487c1248dc9,90a4b194-49ac-403f-bdf9-07ac020d3a39,2023-12-20 15:23:00,399dfec4-01ec-4e84-80b5-cb325d670571,600,24,624
cd9a1e19-903c-4361-b6aa-01ed954aaf9a,ea90cf6c-55a0-4b3f-a71f-d545222e1f94,2023-12-20 08:00:00,399dfec4-01ec-4e84-80b5-cb325d670571,500,20,520
67be1160-27ea-476e-b2c9-a67a04644de4,efbc7b36-a08a-4e2b-b07b-10ba647ee226,2023-12-20 15:47:00,399dfec4-01ec-4e84-80b5-cb325d670571,1200,48,1248
ff935a46-e947-4da5-9c2f-c3ecb05030d1,441877dc-847f-4121-b39c-8455a7f0240e,2023-12-20 09:23:00,399dfec4-01ec-4e84-80b5-cb325d670571,1000,40,1040
ab31b74c-6a9e-42fa-ab64-11de9bfc9a8f,ae7befdb-3eb2-46eb-be5d-57581dd6e1ce,2023-12-20 16:39:00,399dfec4-01ec-4e84-80b5-cb325d670571,1800,72,1872
7c3632fa-fd5a-4b5f-8e2d-af272f91d2d7,934baca2-0258-4116-9849-fc75dbc9c6f0,2023-12-20 17:42:00,399dfec4-01ec-4e84-80b5-cb325d670571,1800,72,1872
f60a17d9-903c-4c20-abcd-691c61d8a28c,9caba1bb-73eb-4a7f-a519-ad2cf648da6f,2023-12-20 08:06:00,399dfec4-01ec-4e84-80b5-cb325d670571,700,28,728
182bd3da-25d6-4836-994b-9047898e11d6,cecb29ab-71b2-4db2-aa1c-82bbaacba8b2,2023-12-20 08:00:00,399dfec4-01ec-4e84-80b5-cb325d670571,700,28,728
f593a2e8-1e34-44ef-bfab-6e7d3778cd75,66c46797-fba8-4ed2-9d78-9f782204a10c,2023-12-20 08:52:00,399dfec4-01ec-4e84-80b5-cb325d670571,500,20,520
cd973fe5-b6a1-4562-be0f-0bf8aed3b58d,59f6cd93-9ddb-4491-92fb-415d9f73dc7d,2023-12-20 07:09:00,399dfec4-01ec-4e84-80b5-cb325d670571,600,24,624
e753deaa-4cdf-4a9c-ac6d-cf811ccd8319,63bed2a4-3b22-40b0-ba56-8df88ee6c432,2023-12-20 15:44:00,399dfec4-01ec-4e84-80b5-cb325d670571,1800,72,1872
72883582-49f1-451d-a310-eafc620fc1a8,df0ab0b8-fcfa-4c9e-8185-b51285182ccd,2023-12-20 08:51:00,399dfec4-01ec-4e84-80b5-cb325d670571,700,28,728
87a065c6-d4cf-43c1-8af0-cf7167cd0866,2a7e56cc-6b2f-40a0-a61f-27bf37a61463,2023-12-20 07:07:00,399dfec4-01ec-4e84-80b5-cb325d670571,700,28,728
751d7ea0-3bf6-48a7-80fb-444664bb7462,2cc18cd9-eca0-4f06-a2c9-5e6dc206500f,2023-12-20 13:17:00,399dfec4-01ec-4e84-80b5-cb325d670571,500,20,520
c7dfd75b-f490-449b-b8a3-658281edc267,f6b29537-3df0-46dd-ac88-a11fc5036e04,2023-12-20 07:25:00,399dfec4-01ec-4e84-80b5-cb325d670571,600,24,624
004e6305-4e48-4656-8593-9e6a3f13beb2,81491293-27fa-4b4d-a857-fb81998a5f13,2023-12-20 12:33:00,399dfec4-01ec-4e84-80b5-cb325d670571,500,20,520
11c40da5-b609-447e-bbe1-d525de15827c,967a7022-3d32-4b50-b71a-bcf7644a97fc,2023-12-20 07:46:00,399dfec4-01ec-4e84-80b5-cb325d670571,600,24,624
9dbcefd8-6ea8-45ba-b577-2d936a3a7e8b,9492ca1a-2489-42b2-b0c9-6adacca9b1c5,2023-12-20 17:34:00,399dfec4-01ec-4e84-80b5-cb325d670571,400,16,416
79482cf2-fee9-4775-a4f5-873086f815d2,78642928-cbcd-48ba-bda3-d180d488a8c5,2023-12-20 17:15:00,399dfec4-01ec-4e84-80b5-cb325d670571,400,16,416
7dc4a277-481d-401e-a431-6424a4207f04,860569f1-2232-4cd9-9978-262abc401880,2023-12-20 18:47:00,399dfec4-01ec-4e84-80b5-cb325d670571,1600,64,1664
5c54e428-0a49-4946-8122-6b54e6664f5c,54c06357-05bb-48e5-9b6a-e20fed5ec1e8,2023-12-20 08:14:00,399dfec4-01ec-4e84-80b5-cb325d670571,600,24,624
e9157f95-335f-41bd-9200-c66780d446b4,55517e0f-2b21-41dc-8065-d5e01b41691d,2023-12-20 15:37:00,399dfec4-01ec-4e84-80b5-cb325d670571,2100,84,2184
d484a62d-017d-45b0-a772-0f8697123f49,296f6a4c-2b3f-476b-854b-0d2c759eca2b,2023-12-20 08:42:00,399dfec4-01ec-4e84-80b5-cb325d670571,700,28,728
578cdf1e-69e2-4248-a812-ed81f8324d75,72aeb592-96e3-45e7-aa05-21afbd37b13a,2023-12-20 18:19:00,399dfec4-01ec-4e84-80b5-cb325d670571,1900,76,1976
9e79bb97-5f82-4975-b7b7-efb9cc68f7f5,deb78c99-39dc-4bc6-945d-b40d9b610cc8,2023-12-20 18:04:00,399dfec4-01ec-4e84-80b5-cb325d670571,600,24,624
ae8e79c3-8d47-4d33-b388-5d61a7715626,22fca930-291f-4c23-a67f-13d00786a2cf,2023-12-20 07:58:00,399dfec4-01ec-4e84-80b5-cb325d670571,700,28,728
f791eea6-403f-42b5-a026-658fe6dad7f0,9515927d-5691-4b7b-a235-dffd1b58ebd2,2023-12-20 07:51:00,399dfec4-01ec-4e84-80b5-cb325d670571,500,20,520
7f85e67e-47c2-4011-95d2-3e966dc2e016,b6b02872-b0cd-4e89-abfb-465489960cd6,2023-12-20 08:10:00,399dfec4-01ec-4e84-80b5-cb325d670571,700,28,728
6c1d14c6-63d1-4785-93b7-e26607a44b7c,4cb2e92d-fcb5-42b4-a2ee-66cf0ccbc5e1,2023-12-20 12:51:00,399dfec4-01ec-4e84-80b5-cb325d670571,400,16,416
01d72243-1eea-4583-9e98-f9ab091e8477,8b1d2bc3-ebe1-425b-903a-e41320247b12,2023-12-20 07:40:00,399dfec4-01ec-4e84-80b5-cb325d670571,600,24,624
64eb2edf-31a3-481d-a76b-2327e0a43095,9e56e04d-0188-40ad-af1a-57ca2a3831b1,2023-12-20 08:07:00,399dfec4-01ec-4e84-80b5-cb325d670571,700,28,728
905910ae-2cba-46ad-827d-eed0051d58b9,4ba928b5-ed2b-40d8-9d0e-6832ecd0bfc5,2023-12-20 16:56:00,399dfec4-01ec-4e84-80b5-cb325d670571,400,16,416
e1914ca3-4e37-4667-be85-8ad174b1ed0f,aa148367-0783-4df7-86ab-187e074f6b1e,2023-12-20 10:50:00,399dfec4-01ec-4e84-80b5-cb325d670571,1700,68,1768
a63ceeab-49a6-4d26-9a5f-855197335766,07ff8e56-5871-42fd-8bdd-0fb60a37b543,2023-12-20 19:00:00,399dfec4-01ec-4e84-80b5-cb325d670571,1900,76,1976
73482b1d-5c6c-48e1-82af-04f77a7e97f0,dae88525-0ebd-4798-b37f-dc8ee311646a,2023-12-20 12:04:00,399dfec4-01ec-4e84-80b5-cb325d670571,1300,52,1352
98531ae5-3ab3-494e-a3b9-9e443fb9f2c1,a5eb7cf0-6759-473e-8bc4-6975697afa56,2023-12-20 16:11:00,399dfec4-01ec-4e84-80b5-cb325d670571,2100,84,2184
c6f32760-bfe7-4bba-9a2c-84f2d46f8ddf,8c84dcd6-b688-4626-9015-e867dc2f3b84,2023-12-20 09:48:00,399dfec4-01ec-4e84-80b5-cb325d670571,400,16,416
34aa5513-1305-4add-b463-2ed32d922ad6,c80f7422-fd62-4bf9-aa1f-e01de5afd158,2023-12-20 14:08:00,399dfec4-01ec-4e84-80b5-cb325d670571,600,24,624
fd8a3741-33f4-4b5f-a860-c00077ae8d26,62ffd2c6-fb04-45b8-9953-aeaf4dc0e21b,2023-12-20 14:30:00,399dfec4-01ec-4e84-80b5-cb325d670571,500,20,520
e482b8f2-3cb8-45b0-920e-5ff1c4bcf88a,094321f3-e548-41d6-aaf0-6a757154ce2a,2023-12-20 14:04:00,399dfec4-01ec-4e84-80b5-cb325d670571,1000,40,1040
2320d8f3-a569-42c7-91da-6d28dc611b79,e6f54082-ac4d-47e8-ac20-39c78a44cf2f,2023-12-20 09:39:00,399dfec4-01ec-4e84-80b5-cb325d670571,2100,84,2184
84bcac8d-6c5f-4296-8e59-4c404fc5e908,2592a05c-b816-4d42-9094-6c4cc1233fb8,2023-12-20 07:24:00,399dfec4-01ec-4e84-80b5-cb325d670571,500,20,520
3dde60dd-514d-4ee0-b466-b8468fda15c2,792943df-db3f-4147-9a2e-52694cbb3f9f,2023-12-20 13:33:00,399dfec4-01ec-4e84-80b5-cb325d670571,1700,68,1768
964f4d41-079c-41a9-a0d2-2460fe95fa10,1d2bee3a-184a-4cb2-80b3-1dce38b22d22,2023-12-20 08:09:00,399dfec4-01ec-4e84-80b5-cb325d670571,700,28,728
dd438267-554b-40ee-8bcb-8866e5461a1e,260a02f0-ba27-48e5-b585-ad95614b3ac9,2023-12-20 10:27:00,399dfec4-01ec-4e84-80b5-cb325d670571,0,0,0
bd5a0f57-5931-4c9a-be5e-2b9846a340cc,0d254581-4e34-49a1-8bc2-6664080e7c63,2023-12-20 10:26:00,399dfec4-01ec-4e84-80b5-cb325d670571,500,20,520
9f42885d-43d0-4bab-bb27-2fbec6645c2c,bed25d79-2540-4845-bba9-bf545aa212d5,2023-12-20 07:10:00,399dfec4-01ec-4e84-80b5-cb325d670571,600,24,624
6a6aecd3-14ff-4d9f-8e87-db8bf0d1efd0,d48b8bc6-6b9c-4ea5-ba1f-178d499d6e3c,2023-12-20 08:07:00,399dfec4-01ec-4e84-80b5-cb325d670571,700,28,728
73d5bdf5-4f4f-4ef2-b01f-20257fcb1212,6f365f6f-1754-4a30-bcde-ebbb019f50cb,2023-12-20 16:53:00,399dfec4-01ec-4e84-80b5-cb325d670571,500,20,520
49675cee-ec9b-480c-b5ac-3109ce8c108a,47202b7f-f02c-4fa7-bc76-f0a8a6c3c6f4,2023-12-20 13:23:00,399dfec4-01ec-4e84-80b5-cb325d670571,400,16,416
33cfee5c-1e63-4258-8e96-1c6f098048fb,dc9a9021-d724-497c-9335-ff3a0ee8506e,2023-12-20 11:35:00,399dfec4-01ec-4e84-80b5-cb325d670571,500,20,520
eba511d8-92c2-4255-a4c7-a282cee820c2,1a397e98-a315-410a-a7b9-84e908831ab2,2023-12-20 14:18:00,399dfec4-01ec-4e84-80b5-cb325d670571,600,24,624
70051739-be4a-4e9c-9319-0cf6aee1527a,c806e9ec-86a1-49ff-bccd-d1b29cb94e49,2023-12-20 13:53:00,399dfec4-01ec-4e84-80b5-cb325d670571,700,28,728
c867d4a7-f472-46bf-9c63-deb7ccbaacba,113856d3-99ee-41a6-b3f6-e3a0f903c8ab,2023-12-20 13:34:00,399dfec4-01ec-4e84-80b5-cb325d670571,400,16,416
f635a2fd-01dc-4555-a0e0-5f3927db3632,42edd54e-81f6-441b-8544-03202ee1758b,2023-12-20 08:14:00,399dfec4-01ec-4e84-80b5-cb325d670571,600,24,624
451ea4d4-96d4-4d59-9c0a-008d0b90c267,31fb652a-56da-44e9-a049-706d14e65f47,2023-12-20 15:22:00,399dfec4-01ec-4e84-80b5-cb325d670571,1800,72,1872
58708927-861a-49dc-aa5a-c4a100f64f69,bd71fb03-b338-4c1f-a560-f9b491c9b18b,2023-12-20 11:02:00,399dfec4-01ec-4e84-80b5-cb325d670571,600,24,624
f50b38a5-ce09-410b-8863-9ec8fa66f29d,8eaa6afd-6912-40d4-89a5-25edd3277057,2023-12-20 07:59:00,399dfec4-01ec-4e84-80b5-cb325d670571,600,24,624
40589ec7-896a-44fe-a56b-4ee93b5eecd2,047917ca-7ab2-453c-9301-f95121c3fe26,2023-12-20 15:54:00,399dfec4-01ec-4e84-80b5-cb325d670571,400,16,416
8d33fef0-cbb9-4dbe-82cc-5dd8f9ab8b92,da1f4cec-6a00-4809-9474-e6f12290b50a,2023-12-20 07:47:00,399dfec4-01ec-4e84-80b5-cb325d670571,400,16,416
d11c74e7-5fb5-4f74-b944-145a8079345e,c30e2f33-d889-44eb-966b-5d322f423144,2023-12-20 13:33:00,399dfec4-01ec-4e84-80b5-cb325d670571,2800,112,2912
76f0308e-d956-40a1-813d-5a05c8568228,b56a0893-d004-44c2-a04a-521e4c1e11b0,2023-12-20 13:07:00,399dfec4-01ec-4e84-80b5-cb325d670571,2000,80,2080
0ee34bd8-1f23-4133-b4d8-734784761cd4,d2bca176-3811-48af-8634-7e79b1e71005,2023-12-20 07:18:00,399dfec4-01ec-4e84-80b5-cb325d670571,400,16,416
0e25093e-3b5c-4e96-abb4-ef64dadc00e0,aa619249-0107-432a-b657-1cd8066c6cf1,2023-12-20 07:45:00,399dfec4-01ec-4e84-80b5-cb325d670571,600,24,624
9bc9668a-85ab-415d-81f2-729d1de3fac2,8a30d95d-a13d-4ac7-94bd-492255495aa0,2023-12-20 08:28:00,399dfec4-01ec-4e84-80b5-cb325d670571,400,16,416
b08ee4a9-3328-4af3-94cf-f66ef9fb6091,e8433fb9-0159-4aab-891c-4ccd4936cda3,2023-12-20 13:49:00,399dfec4-01ec-4e84-80b5-cb325d670571,1200,48,1248
6737a4cb-c489-42e5-8d82-61a6dd491647,bca7ccae-c4ad-44f6-bac2-61812db72e3c,2023-12-20 17:46:00,399dfec4-01ec-4e84-80b5-cb325d670571,600,24,624
60603113-1a42-4795-b486-0069f797746b,32493412-a54d-44b7-be0f-be74f4848984,2023-12-20 16:06:00,399dfec4-01ec-4e84-80b5-cb325d670571,600,24,624
e0646250-733d-42e8-9561-14f27790e78e,e2bedf8a-634e-43af-b513-b95022189a9b,2023-12-20 14:26:00,399dfec4-01ec-4e84-80b5-cb325d670571,600,24,624
052ff0aa-3bbe-4d0f-a0b5-d8a7065e1fa8,c2122736-645f-4e2c-8798-f50a038cd3ac,2023-12-20 07:44:00,399dfec4-01ec-4e84-80b5-cb325d670571,600,24,624
8c91512d-f9cd-4189-b76b-5cf03a1f9bdb,80ca21f8-93e5-495d-bb56-054227484bee,2023-12-20 08:51:00,399dfec4-01ec-4e84-80b5-cb325d670571,700,28,728
1b9951f4-ee3c-44a0-ad6f-8e639105378d,78786d33-bad0-48cc-beb9-8f5be69b253a,2023-12-20 11:34:00,399dfec4-01ec-4e84-80b5-cb325d670571,400,16,416
9eaf2baf-faf3-4c55-89a0-713e7b9129af,c5eee5d1-adab-4f6c-b0f6-f734e29aaeb9,2023-12-20 13:53:00,399dfec4-01ec-4e84-80b5-cb325d670571,600,24,624
631d08d1-9924-40fd-9014-eff142db0d43,31bcc2b0-1949-4bf8-b3a1-bba8b307b63b,2023-12-20 13:35:00,399dfec4-01ec-4e84-80b5-cb325d670571,1100,44,1144
fd0b9cae-4732-46ae-bb63-42a65a7eea73,02d95fd6-1019-4486-b901-bb53f5b8a321,2023-12-20 07:09:00,399dfec4-01ec-4e84-80b5-cb325d670571,700,28,728
3ff023e2-3e24-442f-afe1-b499ee4aa1ba,386340af-6088-4f1f-ae02-2c9b5354c3a8,2023-12-20 13:50:00,399dfec4-01ec-4e84-80b5-cb325d670571,1500,60,1560
7a714448-fb99-4f69-b75c-9e4fe08f0ac9,f562c197-2120-4bc3-ad48-f86f3af31d93,2023-12-20 12:36:00,399dfec4-01ec-4e84-80b5-cb325d670571,2000,80,2080
ffa19550-a191-457f-bf2c-d7b9e1998634,9d5d41c1-38c8-4da6-9be9-23487ec0ea78,2023-12-20 13:01:00,399dfec4-01ec-4e84-80b5-cb325d670571,500,20,520
2255de6a-579d-44c3-85aa-4e5e95f2e0ff,4e2f586d-21cc-44d0-8ba0-0ab553f89593,2023-12-20 08:02:00,399dfec4-01ec-4e84-80b5-cb325d670571,400,16,416
635ef63e-9ee8-4f5f-85af-ed7f35be1c91,1f318b87-a217-4382-9920-052ed8c34a02,2023-12-20 14:50:00,399dfec4-01ec-4e84-80b5-cb325d670571,1600,64,1664
554727ab-12b3-4cd0-830c-5db95a975e70,8e38740b-b208-41d8-842e-1d3adbc0061f,2023-12-20 12:04:00,399dfec4-01ec-4e84-80b5-cb325d670571,400,16,416
36a9d8b7-418b-464f-b6e9-1bda5a67781b,8ca41c27-cf82-46d7-a704-e9548ff9b94d,2023-12-20 13:47:00,399dfec4-01ec-4e84-80b5-cb325d670571,4300,172,4472
225a38f2-a4e9-423a-a223-01b83fe99597,b30b9d46-d203-40c5-8289-f372b80d6cd1,2023-12-20 17:52:00,399dfec4-01ec-4e84-80b5-cb325d670571,400,16,416
f819d5e4-1b79-42f1-99a8-d470e4a92b00,6fe3333d-6a89-4f8d-8dc0-da6859f4e921,2023-12-20 11:38:00,399dfec4-01ec-4e84-80b5-cb325d670571,400,16,416
befdf7f5-c7f1-4dbc-a7ff-fde5c71ea7ae,4c7de6c4-7bb8-4a14-a7e5-7073faf72cfe,2023-12-20 16:01:00,399dfec4-01ec-4e84-80b5-cb325d670571,600,24,624
0e363271-8bb5-4b43-85dd-80ecc6c449d9,c1bf2415-c749-4874-b0ba-09b667d1e1c7,2023-12-20 18:54:00,399dfec4-01ec-4e84-80b5-cb325d670571,1100,44,1144
6b7cae30-ccc2-42e9-98e9-8bc28542f674,a027cde1-ec2d-4458-847a-97019eb00598,2023-12-20 12:00:00,399dfec4-01ec-4e84-80b5-cb325d670571,3700,148,3848
d2afbe94-a5c7-4078-a4d5-2ec6bab1be60,35c48889-9128-49d3-8202-144e3434c195,2023-12-20 07:21:00,399dfec4-01ec-4e84-80b5-cb325d670571,500,20,520
c72b6bc5-bb04-4f3e-98c6-f57676c508fa,5a7695c2-a2b0-4fa9-b900-f13d94db2390,2023-12-20 12:18:00,399dfec4-01ec-4e84-80b5-cb325d670571,600,24,624
8ee8538d-7e24-47d9-97c7-b90526048d45,66356bfc-72ef-4d2c-bc16-577d3a57383a,2023-12-20 11:14:00,399dfec4-01ec-4e84-80b5-cb325d670571,600,24,624
9844ff0b-f336-4d27-98d5-9a86f265abde,337caee2-578d-4ff8-8415-bdd171629624,2023-12-20 08:35:00,399dfec4-01ec-4e84-80b5-cb325d670571,500,20,520
a8e62e70-45bf-46cb-bf60-4d3b5c2c934e,df7ab85e-a71c-404b-a801-79763e8311d0,2023-12-20 07:51:00,399dfec4-01ec-4e84-80b5-cb325d670571,700,28,728
a79297c0-8e8d-48fe-a923-f67c94183818,56523397-5a78-44eb-8c6e-4f63400a088e,2023-12-20 07:42:00,399dfec4-01ec-4e84-80b5-cb325d670571,600,24,624
a8bc303a-c3cf-4cdd-9221-f9c4ee3e6fbf,191e694f-4bc9-4786-b0b6-1198fbb81cf2,2023-12-20 13:39:00,399dfec4-01ec-4e84-80b5-cb325d670571,600,24,624
44d6f44c-c1a6-42fc-9ebb-2592e6b84aea,3fd9454f-29e8-4ea8-8fba-538c0c968c03,2023-12-20 19:36:00,399dfec4-01ec-4e84-80b5-cb325d670571,400,16,416
4d06996a-f8e4-4d14-871a-eb21fc11f840,b9892ed8-d7b1-4b54-8ca3-f2eff400a3a2,2023-12-20 08:38:00,399dfec4-01ec-4e84-80b5-cb325d670571,600,24,624
efc3610f-1a17-4346-8934-be328ecc5c93,10bc48fd-188c-4186-bd31-1e725010e285,2023-12-20 16:20:00,399dfec4-01ec-4e84-80b5-cb325d670571,1900,76,1976
637c73f6-870d-4704-8537-66e69075eb19,629f5d40-70a3-46cc-aa4e-e07f822098ad,2023-12-20 08:14:00,399dfec4-01ec-4e84-80b5-cb325d670571,500,20,520
e3345010-3677-4310-9d3d-2dd751f731c6,7a2ce05d-aa5b-4c52-95e2-fad4eea5312d,2023-12-20 14:38:00,399dfec4-01ec-4e84-80b5-cb325d670571,700,28,728
9e09681e-bf62-4cbc-8e0c-6304418e2645,94fa38c4-08f6-410a-a684-f73ecb423350,2023-12-20 14:47:00,399dfec4-01ec-4e84-80b5-cb325d670571,2400,96,2496
687ceb48-4590-475e-926d-fe986d63227b,01ad5e63-5943-467e-a1d9-f9658ba260eb,2023-12-20 07:48:00,399dfec4-01ec-4e84-80b5-cb325d670571,500,20,520
1597e1a7-bb83-4739-8f9a-0a1e9249f3b8,74f04e64-1a60-443e-9276-1d86972df9ff,2023-12-20 19:22:00,399dfec4-01ec-4e84-80b5-cb325d670571,600,24,624
1dae4840-76a4-4fed-b5a1-27a7af05edda,ae2fbb8f-0ed4-4a44-9b72-66606afefc2a,2023-12-20 13:55:00,399dfec4-01ec-4e84-80b5-cb325d670571,4600,184,4784
dee8a155-156e-4ea5-9592-8ddbfd7f4c02,d787287a-9b36-46ee-8c9a-3425302d81bc,2023-12-20 07:00:00,399dfec4-01ec-4e84-80b5-cb325d670571,400,16,416
5e52edd4-425d-404e-b841-65e445c98405,f8fa33a8-b390-4666-87a1-cebd987d2dee,2023-12-20 07:25:00,399dfec4-01ec-4e84-80b5-cb325d670571,500,20,520
394fd557-0121-43b4-8d8e-7318e446b01e,fab0de85-1e9d-4a30-abed-e99da282f7a9,2023-12-20 16:07:00,399dfec4-01ec-4e84-80b5-cb325d670571,2300,92,2392
6e57bde5-a8fd-43f4-8101-babfbb9cc2a5,4820e533-6ef9-474a-93c4-7d85c2f425a1,2023-12-20 18:44:00,399dfec4-01ec-4e84-80b5-cb325d670571,1700,68,1768
a7d2abe5-42cb-4302-811f-4cdbbb253dfe,c1aa660d-8170-481b-b06b-b8fd060c8140,2023-12-20 13:14:00,399dfec4-01ec-4e84-80b5-cb325d670571,2700,108,2808
266c844e-c022-4de3-b64f-e37505b046f6,fe5970a8-ffd4-4560-8321-418435f93f1d,2023-12-20 08:16:00,399dfec4-01ec-4e84-80b5-cb325d670571,600,24,624
d5a7f6c7-ce21-4f98-8f89-ec230bf3e437,175b56d1-f0a1-4312-80d4-933a026c0757,2023-12-20 07:46:00,399dfec4-01ec-4e84-80b5-cb325d670571,700,28,728
f4701848-b40c-425a-9d33-7e060a0cdf0c,393e344b-01f0-4b0f-8532-6a69f5448868,2023-12-20 09:14:00,399dfec4-01ec-4e84-80b5-cb325d670571,600,24,624
739b56db-3bf0-412c-8c9b-5cb5450d7874,f7e7396b-020c-4ce3-876c-1598ff603f5c,2023-12-20 17:12:00,399dfec4-01ec-4e84-80b5-cb325d670571,500,20,520
357e7c8a-ab47-4cad-8cf4-f18f66c9c2c2,88d6b3c9-5501-4dcc-8870-88d2b5a7d2b7,2023-12-20 07:40:00,399dfec4-01ec-4e84-80b5-cb325d670571,700,28,728
0d811e63-6bf4-4f47-aab8-f06102c8ee23,56ca389d-e4ed-4ef5-aad9-06921244e5fa,2023-12-20 15:23:00,399dfec4-01ec-4e84-80b5-cb325d670571,500,20,520
a2c1e24d-85f1-4ea7-a1ea-7dcf01f0734f,c60b2684-3387-4c5b-9304-ce101427a10e,2023-12-20 08:16:00,399dfec4-01ec-4e84-80b5-cb325d670571,600,24,624
2a66acf2-1709-4588-9203-7774b3ea818d,190fbfa8-42b6-49cb-bfa2-1f3fa4d2b6c9,2023-12-20 14:40:00,399dfec4-01ec-4e84-80b5-cb325d670571,500,20,520
7bdcb2f5-7434-4737-9398-9cc4ea02cdf7,bbd4a2a1-6d78-49be-847b-042067ac5461,2023-12-20 12:36:00,399dfec4-01ec-4e84-80b5-cb325d670571,1100,44,1144
7d01c0c3-756b-48d6-aa4b-c5575b0308eb,6ebef4bf-63b8-4e88-a3ee-5371e37ad7d2,2023-12-20 10:12:00,399dfec4-01ec-4e84-80b5-cb325d670571,400,16,416
a1181b99-48b0-433d-af55-d558008a7205,d47ee806-33f9-40d8-82a9-6f70032affaf,2023-12-20 12:56:00,399dfec4-01ec-4e84-80b5-cb325d670571,700,28,728
1e925f7b-7723-48e3-baba-4fab239b691f,49f333a5-ceed-47fa-bb47-d3312f0c3caf,2023-12-20 10:43:00,399dfec4-01ec-4e84-80b5-cb325d670571,700,28,728
c1bd68e9-d660-45f9-b782-9f484b2f05b0,5d3136b5-04d4-48ff-a1bb-e79686ef32d5,2023-12-20 10:53:00,399dfec4-01ec-4e84-80b5-cb325d670571,1600,64,1664
4a2083f8-343e-43bd-9dee-31a3454ea615,551bc247-f456-46e6-a6fa-c584861be6c0,2023-12-20 14:55:00,399dfec4-01ec-4e84-80b5-cb325d670571,700,28,728
b79ac78d-583d-4059-934f-f32f71cb6f14,874debbd-986d-4578-8143-0637382cad0d,2023-12-20 07:01:00,399dfec4-01ec-4e84-80b5-cb325d670571,600,24,624
11323ec1-db51-4eae-ad3d-c74bb7c21726,49c762bb-3c37-4b70-89e7-915b46aea67e,2023-12-20 12:55:00,399dfec4-01ec-4e84-80b5-cb325d670571,400,16,416
7192caa3-16e6-41c1-8fe0-eb324b72b2c7,82490db6-c9bd-4a9c-a119-f07fbf6a46b5,2023-12-20 07:45:00,399dfec4-01ec-4e84-80b5-cb325d670571,600,24,624
8c06196a-4b2b-4a83-847e-be274c6d1805,6be14bf4-3d0e-4952-bf65-4c65a84d6317,2023-12-20 07:57:00,399dfec4-01ec-4e84-80b5-cb325d670571,700,28,728
675b1fcb-ffc8-4bf2-adce-2fa6ee2e2335,58ad3080-6386-4389-b206-731a5696a3b1,2023-12-20 15:10:00,399dfec4-01ec-4e84-80b5-cb325d670571,1900,76,1976
c164ca27-2323-410b-8b2c-7ee11e630a0e,c1b18263-70bc-4b00-99a6-4f17212b6651,2023-12-20 11:26:00,399dfec4-01ec-4e84-80b5-cb325d670571,1700,68,1768
3f86a4b2-fa32-4088-8eb9-2ac9f859bc10,638b7677-d131-4292-886e-bf9c8d6b99ba,2023-12-20 07:50:00,399dfec4-01ec-4e84-80b5-cb325d670571,400,16,416
f268bb72-f815-44bf-bb1f-a35a6f03715e,f256cbdd-6aa1-4b99-a1c6-9ab67f9c3223,2023-12-20 15:28:00,399dfec4-01ec-4e84-80b5-cb325d670571,1600,64,1664
fad28943-c54c-496d-8d22-1d1fa1469deb,9aadacf8-7794-44fd-a9d6-9841d4462262,2023-12-20 10:25:00,399dfec4-01ec-4e84-80b5-cb325d670571,600,24,624
7fb1763d-452c-4c85-80d1-448e03c937bf,3dfec5a1-2732-414d-82de-29395c432266,2023-12-20 07:31:00,399dfec4-01ec-4e84-80b5-cb325d670571,600,24,624
ef34ea3d-3bab-4732-954c-b284ee5a07f4,e9ef1eb3-db11-4e4b-b0f6-55acc47d73e7,2023-12-20 18:25:00,399dfec4-01ec-4e84-80b5-cb325d670571,1700,68,1768
f0b95707-d99c-4114-8ea6-e379d1c35190,d4b10640-7bc3-4058-80e9-f6ec9935faa6,2023-12-20 11:25:00,399dfec4-01ec-4e84-80b5-cb325d670571,500,20,520
b13c6a97-2a5e-48bb-970c-2cffce8f958e,aedc9d0d-f54d-4c7a-8d16-6a64d34917c1,2023-12-20 17:58:00,399dfec4-01ec-4e84-80b5-cb325d670571,700,28,728
7afb2bf5-35f5-426e-8b7c-6af14beebeeb,b741bbdf-2063-4577-a506-c8982e3a0323,2023-12-20 08:28:00,399dfec4-01ec-4e84-80b5-cb325d670571,600,24,624
943f386f-8eac-4473-9e83-f4e581cb3cd1,47102ecf-be37-4a37-adaa-b5ed933ebf2a,2023-12-20 10:42:00,399dfec4-01ec-4e84-80b5-cb325d670571,500,20,520
f8183d87-b396-4145-bb58-8ade7edc7f3d,7b4451d7-07ec-4286-8bfa-d625ce343ee2,2023-12-20 08:28:00,399dfec4-01ec-4e84-80b5-cb325d670571,0,0,0
29728b98-c841-4f57-a3f0-7e5d8555f535,3e144863-036b-4f7e-8ab5-d3d4a50195f7,2023-12-20 14:31:00,399dfec4-01ec-4e84-80b5-cb325d670571,2300,92,2392
2a727f3c-e67c-420b-bdf3-86d494519c2a,3c6cf4c6-49bc-4e6c-901f-ebf9af01ee6c,2023-12-20 15:52:00,399dfec4-01ec-4e84-80b5-cb325d670571,2300,92,2392
b7ad1df5-6c7d-4d3f-b1f8-a6b3e0a3dfc4,e425a61c-0b9a-4ede-b145-c4d108321b9e,2023-12-20 11:32:00,399dfec4-01ec-4e84-80b5-cb325d670571,1900,76,1976
78c00654-bdbe-4f12-9d46-b863aeb85ed0,efd0fccf-5287-4ba1-83d3-390d49c76861,2023-12-20 18:50:00,399dfec4-01ec-4e84-80b5-cb325d670571,400,16,416
3adb10a0-4e22-4b52-90cd-4ffa50cc272d,37bd0e89-13c9-413d-bad1-249eebfd1bd3,2023-12-20 11:07:00,399dfec4-01ec-4e84-80b5-cb325d670571,600,24,624
8ff932aa-1452-4bcb-82f6-2fb837fa31ce,45ae3232-9552-4065-a1aa-8b670e5a0dfa,2023-12-20 18:36:00,399dfec4-01ec-4e84-80b5-cb325d670571,1800,72,1872
0f17d12a-b04d-4250-ba04-d264bf34e291,bb9d7ade-1359-411a-b0e7-e27c37588d1c,2023-12-20 07:40:00,399dfec4-01ec-4e84-80b5-cb325d670571,700,28,728
252d5159-b187-4b1f-8daa-58f28233ebd9,4f61cbd1-9a7f-481c-9f5c-ceb21aa6e571,2023-12-20 14:50:00,399dfec4-01ec-4e84-80b5-cb325d670571,2200,88,2288
57763897-351c-4458-abc2-fd9e42e64985,a357ce93-5d89-46aa-a14e-af795d356c1f,2023-12-20 07:54:00,399dfec4-01ec-4e84-80b5-cb325d670571,600,24,624
c78a4eee-1022-4f92-bdf0-3f731a96cd64,419d1cd0-c9ee-4c57-9ce9-f01e6a0c4637,2023-12-20 07:51:00,399dfec4-01ec-4e84-80b5-cb325d670571,400,16,416
94d4ba04-1d24-49c4-b537-204358b43717,9385e880-136f-4853-bb94-87d293e455f9,2023-12-20 15:35:00,399dfec4-01ec-4e84-80b5-cb325d670571,600,24,624
5ed363ea-fa08-4339-85af-01bd0adb2a8c,094b3055-b2cc-40f4-beaa-4b479baede47,2023-12-20 14:12:00,399dfec4-01ec-4e84-80b5-cb325d670571,1700,68,1768
3050ebd9-5780-4fb8-a049-2e1957ba02f8,9350c210-10a7-4b2f-ba74-5f52c9f4319b,2023-12-20 14:00:00,399dfec4-01ec-4e84-80b5-cb325d670571,600,24,624
3965834a-ba07-4968-9236-b2933a749409,2e115436-fac0-48c1-8088-4a199e32aeb8,2023-12-20 07:56:00,399dfec4-01ec-4e84-80b5-cb325d670571,600,24,624
13fb42b9-e05f-41cc-8620-1046746ccfc5,b5cf197e-940c-48e2-b168-b2b93b207616,2023-12-20 14:30:00,399dfec4-01ec-4e84-80b5-cb325d670571,600,24,624
c7fcbdd8-b803-4e53-af78-495f0fe308fc,0be01822-b3ad-436b-8a28-31a7c0cca801,2023-12-20 16:15:00,399dfec4-01ec-4e84-80b5-cb325d670571,400,16,416
028510d1-556d-465d-9476-6e4b86cba4a7,c0f66bfa-64b7-407a-bdba-c8e6d01367c8,2023-12-20 12:18:00,399dfec4-01ec-4e84-80b5-cb325d670571,600,24,624
201ea8f2-b6d9-4a04-9deb-d96a0be2efbd,66c7df80-d945-468b-91db-2a2e7f5333f9,2023-12-20 09:59:00,399dfec4-01ec-4e84-80b5-cb325d670571,2200,88,2288
d7b27e54-058f-4189-8eac-f191d18c3b34,3a49ef30-840a-49cf-9af7-2950d5d6314b,2023-12-20 19:25:00,399dfec4-01ec-4e84-80b5-cb325d670571,600,24,624
aca65584-0235-4b16-8a95-2e2513d680dc,1cf7c15b-9c7e-4885-9240-b1459da8b9d3,2023-12-20 09:24:00,399dfec4-01ec-4e84-80b5-cb325d670571,700,28,728
3cd4bba1-05c3-4d59-ae14-b375723ae8ba,60a8ecd6-8c8f-4548-a548-223aa3c4717f,2023-12-20 08:21:00,399dfec4-01ec-4e84-80b5-cb325d670571,600,24,624
15fb4b80-f8a4-4d3d-a535-686a03b76093,9f087b1a-7a86-434b-8ca0-08a841b45429,2023-12-20 08:07:00,399dfec4-01ec-4e84-80b5-cb325d670571,600,24,624
a5f57d49-c673-4c11-8506-966f94a02b7a,b259e63d-c998-4f0c-ab7f-8d3a22fd7aa7,2023-12-20 17:16:00,399dfec4-01ec-4e84-80b5-cb325d670571,700,28,728
207bec66-4f4f-4012-b4d8-b33500c3175d,d21877bf-b729-4e1d-bc29-a1f08b1cece4,2023-12-20 14:19:00,399dfec4-01ec-4e84-80b5-cb325d670571,400,16,416
82b742c4-9fa2-421b-948d-6f73136320a0,d7be0311-c786-4146-a16e-26ffa7c8db08,2023-12-20 09:39:00,399dfec4-01ec-4e84-80b5-cb325d670571,1400,56,1456
3583ca7b-138e-474f-badd-83e2dca907c4,733bc17a-6b25-4b2f-9d45-bfe808dc93c0,2023-12-20 09:40:00,399dfec4-01ec-4e84-80b5-cb325d670571,400,16,416
c4add0a7-4823-4351-a67d-83bb3aac974d,5df5dc39-24da-42e2-b37a-b4d4018ed856,2023-12-20 14:13:00,399dfec4-01ec-4e84-80b5-cb325d670571,1200,48,1248
432329ba-468b-46f4-9cfb-2bd3c19e28c9,077821b6-ff2d-4be0-867b-392285ef7f66,2023-12-20 10:52:00,399dfec4-01ec-4e84-80b5-cb325d670571,1800,72,1872
a0a10b8a-ca37-45e5-90ff-56aa4e8fe442,5e65c6d6-a81f-4cee-b034-51aa45e41b4e,2023-12-20 07:51:00,399dfec4-01ec-4e84-80b5-cb325d670571,600,24,624
75b1fd41-0634-45a5-bda3-a8cf35d0d11e,b1cabaa2-6a94-4142-a4be-2bf09e3bb6b2,2023-12-20 10:27:00,399dfec4-01ec-4e84-80b5-cb325d670571,700,28,728
2178ba7d-a04b-4aea-b2e8-45f22a5835fd,408711a0-3260-472a-86c1-07325f01dad7,2023-12-20 14:20:00,399dfec4-01ec-4e84-80b5-cb325d670571,600,24,624
60c13b49-ba0a-4a23-b4fd-c5dd8ddcd6c3,749e2083-d8e9-4bad-aa5b-548cf20a6c12,2023-12-20 14:24:00,399dfec4-01ec-4e84-80b5-cb325d670571,1100,44,1144
174eac1a-15d6-4785-b198-7f7ea159a8ba,6f03b818-c7d4-4b58-9d22-0b2e4f095638,2023-12-20 17:48:00,399dfec4-01ec-4e84-80b5-cb325d670571,600,24,624
df6c9b91-5b30-4a20-b365-465321c741a5,18c151b5-773c-4339-a7b0-5088adfe0740,2023-12-20 11:14:00,399dfec4-01ec-4e84-80b5-cb325d670571,3400,136,3536
1883df1b-bcc3-4d34-b772-30c90493228e,06428c6a-1380-424a-b43e-4531141be890,2023-12-20 07:49:00,399dfec4-01ec-4e84-80b5-cb325d670571,600,24,624
b01e61a0-fc88-49f4-9dd6-e1e679e8fe53,347937b1-a1e4-465a-8806-694910b7f61d,2023-12-20 08:49:00,399dfec4-01ec-4e84-80b5-cb325d670571,400,16,416
546f0545-a582-4753-a623-a798519c2592,8084dcf9-bad2-43a6-8b42-48d6d3918cf6,2023-12-20 10:15:00,399dfec4-01ec-4e84-80b5-cb325d670571,700,28,728
675f85c4-52ee-4b73-bc15-62000d98cd8f,32074f1f-acff-4079-893d-b5ad4572a8c4,2023-12-20 13:38:00,399dfec4-01ec-4e84-80b5-cb325d670571,1700,68,1768
d2fd2603-1b59-4e7b-93af-e73b176df0a5,81accf64-8081-482a-ba4f-b9ab41a42f91,2023-12-20 16:26:00,399dfec4-01ec-4e84-80b5-cb325d670571,1500,60,1560
3750640c-3b15-4910-85f8-e43864388212,16b577c9-c1e2-4734-82e4-ca1c0c0fa7c3,2023-12-20 19:51:00,399dfec4-01ec-4e84-80b5-cb325d670571,2200,88,2288
4910bbac-950e-4eb2-8169-ef5b785ddcc3,2d58c862-6caf-4e9a-acfe-df194768718b,2023-12-20 10:08:00,399dfec4-01ec-4e84-80b5-cb325d670571,400,16,416
0aa5f8d1-8149-41da-b895-59bdbc22d9d1,bfc8a6f1-55b6-4f9b-b049-f0bc3483043f,2023-12-20 18:07:00,399dfec4-01ec-4e84-80b5-cb325d670571,600,24,624
b432b00b-15c3-4788-9e7b-12adf1d96b59,0b7b056b-c902-4224-87b7-f0310af14cd2,2023-12-20 08:01:00,399dfec4-01ec-4e84-80b5-cb325d670571,600,24,624
963b22d0-2ebc-4990-ad51-21e0ad1bedb2,e467d5f6-66ab-4541-a74a-f1ba6235240e,2023-12-20 10:32:00,399dfec4-01ec-4e84-80b5-cb325d670571,1800,72,1872
e8e9c779-5e5c-433b-84f8-a9bd67bfc922,49d45173-97fb-46fa-b7ab-351eade2898d,2023-12-20 08:33:00,399dfec4-01ec-4e84-80b5-cb325d670571,500,20,520
5bbf2eaf-245c-4e16-a39c-3e21bf1f1fa3,7e04fe6b-5f22-46bc-b418-22d60ac811c0,2023-12-20 07:14:00,399dfec4-01ec-4e84-80b5-cb325d670571,600,24,624
1e579740-ce27-44ff-9c46-788e96526e69,c277e494-ed67-421f-9c0a-78ec662fc165,2023-12-20 16:08:00,399dfec4-01ec-4e84-80b5-cb325d670571,600,24,624
bd6d33de-e593-40f2-9e17-fd5c7bcf77cf,3f28bdb7-15a1-4281-8a5c-4c2c2f849c7d,2023-12-20 14:45:00,399dfec4-01ec-4e84-80b5-cb325d670571,600,24,624
c2c3e13e-93cb-4e98-90a2-62fa6aee1c2d,996a6380-67cd-421a-8260-817f6575b769,2023-12-20 07:34:00,399dfec4-01ec-4e84-80b5-cb325d670571,700,28,728
4bf939f0-be29-4673-8665-620fd14829d0,d5fbd31a-52ec-4888-a8e9-72d82db651a8,2023-12-20 10:31:00,399dfec4-01ec-4e84-80b5-cb325d670571,700,28,728
89752639-25ae-41f1-a63d-33e4db700419,17a63361-a6ba-41cb-b185-85eac2242369,2023-12-20 15:11:00,399dfec4-01ec-4e84-80b5-cb325d670571,400,16,416
a8b217b3-da47-4dce-a33e-264da627bbbf,130e18e8-70ab-44f4-8e32-4df8ec29ff4b,2023-12-20 13:39:00,399dfec4-01ec-4e84-80b5-cb325d670571,1200,48,1248
31a5af9c-ad2f-40f1-8470-600f9f3586d4,b255511e-5860-44d3-9bc8-07434bb0377c,2023-12-20 08:15:00,399dfec4-01ec-4e84-80b5-cb325d670571,600,24,624
d9495383-43e8-4513-9f6e-e27951abd447,a4bba0f7-6122-4743-ac59-f8ba8c5a721a,2023-12-20 13:22:00,399dfec4-01ec-4e84-80b5-cb325d670571,1300,52,1352
0f628699-28c5-4890-ade5-0ce810196c7d,0b8d755b-5279-44f7-bac8-81c2738b1111,2023-12-20 08:22:00,399dfec4-01ec-4e84-80b5-cb325d670571,700,28,728
91809a9e-73dd-412b-bdf7-5b2f50492dc7,58ce6298-8492-452a-9f99-a55d99e454e4,2023-12-20 07:27:00,399dfec4-01ec-4e84-80b5-cb325d670571,600,24,624
af4c0e2e-b320-4f9a-8ad4-5db97e70477a,df13ac1c-3ad8-4ead-af33-b27d83bb34c0,2023-12-20 15:24:00,399dfec4-01ec-4e84-80b5-cb325d670571,1700,68,1768
b6ad07da-339f-4f9e-958b-292a3584cf99,b04d849b-94c4-43b6-86ed-cf26dbe24ee8,2023-12-20 08:43:00,399dfec4-01ec-4e84-80b5-cb325d670571,600,24,624
722f7f9f-99ef-4f94-b7df-c91f022ed600,2ae61282-d749-4519-ba0e-6c7e550c7eab,2023-12-20 12:51:00,399dfec4-01ec-4e84-80b5-cb325d670571,600,24,624
38b59e4a-9d50-40d3-ab5f-8fb4728d3ed9,d663fbbf-6362-4dc0-9cff-3f3e00effccc,2023-12-20 17:02:00,399dfec4-01ec-4e84-80b5-cb325d670571,1800,72,1872
a51a4ca3-8800-4d6d-9bcc-38dd2324acb6,e0bed291-1c5f-4aa1-aa2d-c171134f4e2a,2023-12-20 13:52:00,399dfec4-01ec-4e84-80b5-cb325d670571,400,16,416
aaaaae61-618d-4489-8efa-ca9bb741f53c,3f69ef15-abbd-4131-9670-58313d4fd3d1,2023-12-20 15:54:00,399dfec4-01ec-4e84-80b5-cb325d670571,2000,80,2080
60390321-b5a6-4285-b12d-8b760cd8263a,00fe0742-ca1a-462a-ab05-2297bc4cded9,2023-12-20 09:24:00,399dfec4-01ec-4e84-80b5-cb325d670571,600,24,624
b2d06922-2a1e-4ea6-9ca7-bc844ed90a3a,6c4f79c1-c913-4599-a82a-bc6283855909,2023-12-20 08:05:00,399dfec4-01ec-4e84-80b5-cb325d670571,400,16,416
3285f9a3-8ffb-4e4b-bf03-039e7f0dc48d,86e797b8-17cd-4741-b470-d0aa63b5de45,2023-12-20 12:36:00,399dfec4-01ec-4e84-80b5-cb325d670571,0,0,0
220b03f6-b686-4ba7-87b8-b476c4467073,80305b45-2835-4e06-87ca-f95cf5004a8e,2023-12-20 12:51:00,399dfec4-01ec-4e84-80b5-cb325d670571,1300,52,1352
30d29d4c-f832-49ed-a031-aabf0753d910,256a57f7-a9ff-437a-b529-bbd094c118d7,2023-12-20 18:05:00,399dfec4-01ec-4e84-80b5-cb325d670571,600,24,624
448e1c3d-82f5-4354-bce0-d3a940f8bdbf,28c5e573-dbe9-49da-baa8-11eafd9e1473,2023-12-20 08:16:00,399dfec4-01ec-4e84-80b5-cb325d670571,600,24,624
1aece1d9-a3f5-460e-adfd-952b785dec76,87bfb92d-66c8-4568-ad61-e0ae0730e8d0,2023-12-20 08:30:00,399dfec4-01ec-4e84-80b5-cb325d670571,600,24,624
0aca245c-9f9f-4fdb-90cc-7ed73616f0e8,a1c6677f-446b-4940-8c40-8e018a7ca815,2023-12-20 09:34:00,399dfec4-01ec-4e84-80b5-cb325d670571,400,16,416
61bb33fd-c7ba-441e-a461-3fd52e30e72f,5252229c-8816-4cc0-9061-86b844313715,2023-12-20 08:48:00,399dfec4-01ec-4e84-80b5-cb325d670571,600,24,624
8ec4b86c-2cc6-479f-b6f6-09f79681b6f1,c9b3df80-8e43-45a7-87e5-7c1202671a86,2023-12-20 07:35:00,399dfec4-01ec-4e84-80b5-cb325d670571,600,24,624
0dc3ea3c-5d4b-405f-8adf-ca823fd2def0,a17cdf1c-0c24-4309-8248-906a4e24c1ed,2023-12-20 15:51:00,399dfec4-01ec-4e84-80b5-cb325d670571,1500,60,1560
1d49dc3e-bb30-43d7-9eeb-f9958a2b048d,c7a05487-ec6d-4cef-ae2f-eb45fb5695f9,2023-12-20 11:17:00,399dfec4-01ec-4e84-80b5-cb325d670571,2500,100,2600
fb556e79-b45b-4cbf-abf4-8b5a2a8b9fc1,16663c3b-6311-46f3-bed7-0bfc02d66eb5,2023-12-20 13:41:00,399dfec4-01ec-4e84-80b5-cb325d670571,600,24,624
72d70da6-9bc7-43de-a10f-61807acdd1b6,6de0fa39-0254-45be-b7c2-a0e59eead219,2023-12-20 07:31:00,399dfec4-01ec-4e84-80b5-cb325d670571,700,28,728
2f40c0fe-a3a9-49a0-b304-fe8672bc49c9,738675f7-5520-40c8-9a5c-cc66d9fd338c,2023-12-20 15:19:00,399dfec4-01ec-4e84-80b5-cb325d670571,1000,40,1040
c7d46464-2eb2-42f9-9edd-d44d0dbd6fff,f4ad4e1b-cb6c-4d4b-8292-765d32912398,2023-12-20 12:18:00,399dfec4-01ec-4e84-80b5-cb325d670571,700,28,728
628cb907-6a68-4ccc-893d-f09bbac79c3a,09768a2d-e30f-4fba-bbea-42c4af3c16d0,2023-12-20 15:30:00,399dfec4-01ec-4e84-80b5-cb325d670571,400,16,416
ff7715dc-34aa-4c5e-8610-18747371d179,d24e9271-8085-46c5-93e2-744d394a96ce,2023-12-20 07:31:00,399dfec4-01ec-4e84-80b5-cb325d670571,500,20,520
63097387-64be-4fee-81da-78af9e5c12cf,217c5782-039f-4c87-a461-d24c4c75963e,2023-12-20 13:19:00,399dfec4-01ec-4e84-80b5-cb325d670571,4400,176,4576
b6c14229-783b-4ee9-9360-d790c93694ae,80eb4e1f-be85-4e2d-901d-63851a086877,2023-12-20 07:45:00,399dfec4-01ec-4e84-80b5-cb325d670571,600,24,624
bd318d1b-990e-4569-b8e5-e53463811f7a,93137d6e-3e68-4f5e-81a4-716212bcb9a9,2023-12-20 07:23:00,399dfec4-01ec-4e84-80b5-cb325d670571,600,24,624
6c93a9f4-ded4-497c-8097-a4d2ae5a5e7e,76c96bb4-46b4-420a-9014-633d4fa008ce,2023-12-20 18:50:00,399dfec4-01ec-4e84-80b5-cb325d670571,600,24,624
e889a968-6267-42c1-8e47-84db129bb49a,38812f12-33f2-493c-860e-166ea6f08176,2023-12-20 08:23:00,399dfec4-01ec-4e84-80b5-cb325d670571,400,16,416
b553219a-a075-4c5a-9cdf-6ab3ca75f3e2,6160656f-db8b-4a17-8c32-1b69f0546f58,2023-12-20 08:33:00,399dfec4-01ec-4e84-80b5-cb325d670571,600,24,624
1f651734-ebff-4a49-84f2-26b9855de520,8aa1534d-101a-4387-a192-eadb32347bf3,2023-12-20 13:28:00,399dfec4-01ec-4e84-80b5-cb325d670571,2000,80,2080
383eea27-9324-45cc-8a32-b36a5fdf94eb,e1b1bfdd-31de-442a-b9b4-d9afc8a9b68a,2023-12-20 07:00:00,399dfec4-01ec-4e84-80b5-cb325d670571,4000,160,4160
a622732b-8189-44fe-96fb-f0f71f4cda5f,666f2378-13e2-4fd0-ac37-36749cb0a391,2023-12-20 10:49:00,399dfec4-01ec-4e84-80b5-cb325d670571,2400,96,2496
07ccb970-0f27-46ad-9349-87b4da4719c7,7cb36d58-03a5-4fa5-88d3-047d8d9c82c1,2023-12-20 15:20:00,399dfec4-01ec-4e84-80b5-cb325d670571,600,24,624
c52ba2e3-0695-446d-903c-b9fad071609c,59cbf0dc-0b3a-4388-855e-5bd669cbf70f,2023-12-20 07:43:00,399dfec4-01ec-4e84-80b5-cb325d670571,700,28,728
cb6fcf82-bf49-4f60-966e-2f5dd6d90ac4,99790003-312c-4738-ac59-24de9dd5ca26,2023-12-20 14:24:00,399dfec4-01ec-4e84-80b5-cb325d670571,1800,72,1872
4ba4cd11-cbaf-445f-bd85-8c9355315cb8,82a6aee8-f1af-4310-ab80-7b40a6812f97,2023-12-20 07:07:00,399dfec4-01ec-4e84-80b5-cb325d670571,700,28,728
61533cb7-3f06-41ce-b355-ec6a2289bb42,b4795940-db8c-426d-86de-443d77d52769,2023-12-20 08:08:00,399dfec4-01ec-4e84-80b5-cb325d670571,600,24,624
0814d3a9-844d-45aa-8833-9cb281617403,42a1f840-5dc9-4c3c-99ae-213221725a32,2023-12-20 11:28:00,399dfec4-01ec-4e84-80b5-cb325d670571,500,20,520
60d2ede0-1164-498d-ad6c-6a52bb1b5c3e,352967a1-2643-437f-9078-5cab0677d6c9,2023-12-20 13:09:00,399dfec4-01ec-4e84-80b5-cb325d670571,1100,44,1144
d2babfe3-0e5a-482c-a469-7df39cce020e,aee3650e-2a29-49e6-9b76-a014fcb6f488,2023-12-20 15:12:00,399dfec4-01ec-4e84-80b5-cb325d670571,1700,68,1768
feee0b4b-fa4b-469d-a788-77c4bf8a5baf,c0ae5287-fc4d-4f95-9812-fb904bd70178,2023-12-20 12:17:00,399dfec4-01ec-4e84-80b5-cb325d670571,400,16,416
9b85facd-5d2d-4023-aa64-3c2e89558d8e,a49b4bb7-ff65-4e64-a8f7-d0b69f4dee4a,2023-12-20 07:38:00,399dfec4-01ec-4e84-80b5-cb325d670571,400,16,416
b28ad33d-b02f-4de5-9b0e-f06c11b75639,cca74689-b99d-4a88-80cc-7e00df041465,2023-12-20 08:26:00,399dfec4-01ec-4e84-80b5-cb325d670571,500,20,520
bd3e5e77-4a4d-4d6d-8f24-2c250beda8c4,00f745c8-1adc-4d55-8ddf-95a61af4ad4f,2023-12-20 07:00:00,399dfec4-01ec-4e84-80b5-cb325d670571,1700,68,1768
16b95ee2-e923-4de6-9863-a15d72af1545,2a9f7a07-e7b2-4ca6-a1ae-7769638025f5,2023-12-20 08:23:00,399dfec4-01ec-4e84-80b5-cb325d670571,600,24,624
68212918-a717-4f64-9e17-9d90211ba849,9ac47955-e8be-406d-b9db-02736e13e8f8,2023-12-20 14:01:00,399dfec4-01ec-4e84-80b5-cb325d670571,400,16,416
289abc58-dbb3-4d0e-a2bb-323f7a130366,468da1b4-7f5f-426f-b731-0a492e5f13a6,2023-12-20 17:52:00,399dfec4-01ec-4e84-80b5-cb325d670571,2100,84,2184
bce3f4e8-f4dc-497b-b2f7-c63ff1c14197,38b6a9c4-770d-4115-b10f-b873e2e606a2,2023-12-20 16:36:00,399dfec4-01ec-4e84-80b5-cb325d670571,400,16,416
87878db4-4b8b-4893-aeb8-20e52b1c0f99,13b0c9ce-53dc-4c0f-8f07-e25191ae7e9e,2023-12-20 09:40:00,399dfec4-01ec-4e84-80b5-cb325d670571,500,20,520
12d21f58-db73-40df-8774-cb8ff041d5b9,06556da8-93e9-4079-85b9-c7da03ab6c4e,2023-12-20 15:25:00,399dfec4-01ec-4e84-80b5-cb325d670571,400,16,416
fee448ea-6ed3-4c16-8bbb-1fab3d8be108,56e90f70-5a07-4dd8-bd80-329d6cd71beb,2023-12-20 07:57:00,399dfec4-01ec-4e84-80b5-cb325d670571,600,24,624
0d29ed4d-7933-40d0-bb9a-ccc59aeecaba,e7720da8-4896-4ddf-bef1-2ab577ebe12a,2023-12-20 08:13:00,399dfec4-01ec-4e84-80b5-cb325d670571,600,24,624
ee74f719-b8ef-44b9-b623-03c3d75ac231,85d95b80-0fe8-4c1a-9da5-c07a6f15dc08,2023-12-20 15:17:00,399dfec4-01ec-4e84-80b5-cb325d670571,700,28,728
eab05d0e-bdf1-44b3-bc76-1a895fd0b3e7,74c72c23-d7fa-4e25-a8f7-99c5a52ac47a,2023-12-20 15:22:00,399dfec4-01ec-4e84-80b5-cb325d670571,600,24,624
c116f3e8-c8b2-4f5b-a2fd-95d9c0869351,79bd7f32-cd59-4ff4-8cdd-fc7c0d35a24c,2023-12-20 07:53:00,399dfec4-01ec-4e84-80b5-cb325d670571,500,20,520
bae206c2-a0ca-426d-80c1-2abcc56f380c,6c567f96-afe7-4c61-9eb4-ae11aa33af50,2023-12-20 08:32:00,399dfec4-01ec-4e84-80b5-cb325d670571,400,16,416
70a81420-66a5-4149-b90e-a57f874406ce,b6135829-98b1-474f-8e0f-c05749688ddc,2023-12-20 08:36:00,399dfec4-01ec-4e84-80b5-cb325d670571,2400,96,2496
e95895de-0125-4e96-a625-71008a78e2ac,b17ea815-1160-488e-9080-583b70820874,2023-12-20 13:17:00,399dfec4-01ec-4e84-80b5-cb325d670571,3100,124,3224
9d276da9-38d3-4903-8864-67a74b276731,cfb91507-0769-4ef6-910f-493cf5dee61d,2023-12-20 07:06:00,399dfec4-01ec-4e84-80b5-cb325d670571,600,24,624
a6beab4c-b004-4e56-9072-187abd9529b5,4998100c-3bd2-4aa4-a0aa-c44ccd440b9d,2023-12-20 14:50:00,399dfec4-01ec-4e84-80b5-cb325d670571,600,24,624
bcfa4195-5a02-42a0-a581-145203989a73,8087043b-2bf7-4128-b23b-491f8828ab94,2023-12-20 09:58:00,399dfec4-01ec-4e84-80b5-cb325d670571,400,16,416
9d55935d-8c17-4edc-a233-2ad487a3e09c,d3d911e6-991f-4a1c-9323-12711d554974,2023-12-20 18:06:00,399dfec4-01ec-4e84-80b5-cb325d670571,500,20,520
a77108bd-b436-438f-a66f-505df76d2086,ff9dbf4b-f83a-47df-8149-1d007473c13b,2023-12-20 08:28:00,399dfec4-01ec-4e84-80b5-cb325d670571,500,20,520
c0c5bc6a-f8b7-422d-bd56-b65bb41ae9ce,fb23375e-1e99-452d-8cfb-5cf70072751a,2023-12-20 17:50:00,399dfec4-01ec-4e84-80b5-cb325d670571,1800,72,1872
7645899c-74fa-4e79-9bde-9cba177bd5e8,c49fc16b-3bf0-498a-b200-ab3b0a2d21fa,2023-12-20 07:59:00,399dfec4-01ec-4e84-80b5-cb325d670571,500,20,520
ca6a1b3c-b4e9-47ef-9314-a35acee1f8d5,49c08f3b-71bd-4a05-b692-45763689821a,2023-12-20 12:20:00,399dfec4-01ec-4e84-80b5-cb325d670571,700,28,728
9542e332-5a5c-46c1-a8e6-98b69fc3f9f5,41ceeb72-6594-49c3-aef3-ed466bac5e5f,2023-12-20 09:25:00,399dfec4-01ec-4e84-80b5-cb325d670571,3100,124,3224
f1e78d1c-bfd6-4b45-a832-5ebe9089c30e,485991f9-580a-4ca9-98c7-be55ed96ecb1,2023-12-20 15:08:00,399dfec4-01ec-4e84-80b5-cb325d670571,600,24,624
178ca76f-a696-45ef-afb3-c4d53e2df16f,6c531190-7a87-48c2-9340-eb99ffe43618,2023-12-20 08:17:00,399dfec4-01ec-4e84-80b5-cb325d670571,700,28,728
958c4108-0d1c-43dc-b211-200d7df13178,07601b5c-7ed9-4968-be5c-2cba1ac5e749,2023-12-20 11:11:00,399dfec4-01ec-4e84-80b5-cb325d670571,600,24,624
4ea3cb20-4946-41db-abf6-20126e75c1a0,656d2889-01cd-40e9-9a0a-d7161f75bdbb,2023-12-20 08:28:00,399dfec4-01ec-4e84-80b5-cb325d670571,400,16,416
d121f5ba-f2cd-491d-b16c-4ef82105f25d,d4b724c3-5b9f-4070-94f3-9a02569c6869,2023-12-20 19:43:00,399dfec4-01ec-4e84-80b5-cb325d670571,1800,72,1872
ab679bf6-6a4c-41fb-872b-ec54c39cf259,5db741f4-0237-4a97-952f-4b4d8736d287,2023-12-20 09:54:00,399dfec4-01ec-4e84-80b5-cb325d670571,700,28,728
8a64550a-fc3d-4e3b-a484-01adbd24bbc0,5c754667-bd0b-413a-97ea-6d494170105d,2023-12-20 17:10:00,399dfec4-01ec-4e84-80b5-cb325d670571,2000,80,2080
36661202-2360-4fcd-9fde-1343d6f1a64e,dc638163-fb06-4d37-a613-8803a234a3b2,2023-12-20 15:29:00,399dfec4-01ec-4e84-80b5-cb325d670571,600,24,624
4d460f22-c76b-4200-9ae2-0d751435b8c9,074494a3-c96d-425a-ac76-574c3bf0682b,2023-12-20 09:46:00,399dfec4-01ec-4e84-80b5-cb325d670571,600,24,624
276cac92-269f-49f7-8d16-700ac0981d7e,2a83ed6b-202e-41b1-b554-b20f8f7a0eb1,2023-12-20 15:19:00,399dfec4-01ec-4e84-80b5-cb325d670571,1800,72,1872
53c8a923-e301-44f9-8a49-c95961255f2d,e0becf9b-a169-49bf-95e5-2c33b1622600,2023-12-20 11:54:00,399dfec4-01ec-4e84-80b5-cb325d670571,1800,72,1872
19de9c07-a2e1-4770-a182-3a85e390f3d5,930ba1e9-ab55-4962-8226-814b5cff5c6b,2023-12-20 17:55:00,399dfec4-01ec-4e84-80b5-cb325d670571,1700,68,1768
8fa2bc32-77ff-4c42-a0d6-320ab6ace0da,1af4b301-7794-4092-8944-de7a2c60bab9,2023-12-20 15:19:00,399dfec4-01ec-4e84-80b5-cb325d670571,2000,80,2080
08d22da2-0ba8-4407-a412-380bea0f2e4c,7a2aa575-93bb-4e07-b671-715ba4f6e845,2023-12-20 10:28:00,399dfec4-01ec-4e84-80b5-cb325d670571,1600,64,1664
5cfd99e7-8962-453a-8ab0-08d8286a3592,d7e41540-bff7-4ed0-a86b-5aee9f21788b,2023-12-20 10:49:00,399dfec4-01ec-4e84-80b5-cb325d670571,400,16,416
de72768d-b8f7-4250-9150-a0d46d9456e6,18ced2bd-3551-425a-87e7-42722bffdd24,2023-12-20 11:07:00,399dfec4-01ec-4e84-80b5-cb325d670571,1100,44,1144
6c12d96c-2182-48c7-8da7-20df16ca0d7e,8262a4d4-998d-4133-8f19-2c4db179f4f0,2023-12-20 19:00:00,399dfec4-01ec-4e84-80b5-cb325d670571,500,20,520
cbb24a44-e7b8-4a76-af74-d91851ae29dc,b3b324a4-15eb-41b7-9457-400de83b61ea,2023-12-20 18:26:00,399dfec4-01ec-4e84-80b5-cb325d670571,400,16,416
b204889d-efdf-4a47-8d6e-3147f1269987,a5a7baae-427a-4692-aef7-16eb13b37793,2023-12-20 08:06:00,399dfec4-01ec-4e84-80b5-cb325d670571,500,20,520
1216cdae-ccb2-4665-b312-ba1e0bd7467e,847aef98-7eed-484a-b834-f5777f38266f,2023-12-20 07:00:00,399dfec4-01ec-4e84-80b5-cb325d670571,500,20,520
be36a05d-41ee-44c7-a30b-126bf52962be,328478c8-5184-4102-8cc9-eb3e7b902389,2023-12-20 14:42:00,399dfec4-01ec-4e84-80b5-cb325d670571,1700,68,1768
ad904b6f-d63b-49a2-aa80-920f8f8052ba,9dc4f4a2-e0c9-4e0c-b425-2b1d1c88d3a5,2023-12-20 16:06:00,399dfec4-01ec-4e84-80b5-cb325d670571,1700,68,1768
00443a79-9a09-436f-a6bb-b64be094426e,86f6bfbd-28b9-468f-80a0-7b3bd1a9db57,2023-12-20 08:29:00,399dfec4-01ec-4e84-80b5-cb325d670571,600,24,624
4112c6b1-0fef-4db9-8673-af7880f54063,bf08c871-984b-4bde-99ef-9b6558abd7af,2023-12-20 14:16:00,399dfec4-01ec-4e84-80b5-cb325d670571,1100,44,1144
36a12d41-0c42-453c-8805-76576505ad25,fbaac559-7731-4dfe-8b40-bdd6f8010f67,2023-12-20 08:05:00,399dfec4-01ec-4e84-80b5-cb325d670571,700,28,728
d0f58513-7ed1-412d-b4f9-88cc094fde9d,1c17c750-fcf1-4a07-b7f0-811f62d52895,2023-12-20 13:09:00,399dfec4-01ec-4e84-80b5-cb325d670571,3200,128,3328
6f1060f3-4337-4dc6-bac4-0c79428cac23,a95ddb13-ef71-4cf0-a8a8-2ffaecaaf27b,2023-12-20 08:08:00,399dfec4-01ec-4e84-80b5-cb325d670571,400,16,416
59a92188-e864-408e-a6f4-08ad1728515c,22f8b600-cae0-4a84-b021-08740f324c10,2023-12-20 16:57:00,399dfec4-01ec-4e84-80b5-cb325d670571,1800,72,1872
c9bdea15-3c86-41d2-ae93-9e814a619d82,2550c3a5-082c-4582-bf64-ed8cacf87cfc,2023-12-20 14:42:00,399dfec4-01ec-4e84-80b5-cb325d670571,600,24,624
07165789-e223-4bcd-8539-f6ff92a3216c,82d81521-fd8c-4073-87b6-9aa0a8e9f0b3,2023-12-20 13:32:00,399dfec4-01ec-4e84-80b5-cb325d670571,400,16,416
1a3724e1-fb84-45f2-91b5-db4d748a7bed,13470635-526f-48e9-9715-e528e1e8dbde,2023-12-20 18:12:00,399dfec4-01ec-4e84-80b5-cb325d670571,1700,68,1768
852509bd-aa6c-4d58-aa64-a4ff1150545c,38a14cdb-c8f2-4746-a5f7-c8c5cc8c3c95,2023-12-20 16:02:00,399dfec4-01ec-4e84-80b5-cb325d670571,700,28,728
07dc2eeb-354f-49c0-86c8-1741c7d1d3ca,e5194824-f51d-4687-9f60-72df2e41a7a5,2023-12-20 13:44:00,399dfec4-01ec-4e84-80b5-cb325d670571,600,24,624
62a74926-679c-4dff-86b9-626fb19dd2da,63b5948f-6961-4db8-b621-892196f7a96e,2023-12-20 08:17:00,399dfec4-01ec-4e84-80b5-cb325d670571,600,24,624
c6a7bbe4-1b48-450e-9889-024de75613e3,6d12e477-f54e-429f-9e88-c7f7562792a9,2023-12-20 15:38:00,399dfec4-01ec-4e84-80b5-cb325d670571,1700,68,1768
df0eece4-adb2-4e20-9b43-17d00fbf8c38,73bf3e3c-44ec-45c9-b2cb-670618e256c2,2023-12-20 17:17:00,399dfec4-01ec-4e84-80b5-cb325d670571,1600,64,1664
c2cd37dc-9d35-4a6e-a477-59a67cd53654,7aec9cdf-282b-43d6-b76a-136094088273,2023-12-20 18:11:00,399dfec4-01ec-4e84-80b5-cb325d670571,700,28,728
a9bb730d-fa64-47ba-a555-abf438f8e6d3,992b8e45-f532-4d7e-9b77-bd94fd451c79,2023-12-20 09:24:00,399dfec4-01ec-4e84-80b5-cb325d670571,700,28,728
25f49ff1-5c48-4866-8b46-399324a35f1b,2fcb4006-ca51-44cd-9d87-aa34d745ee90,2023-12-20 07:44:00,399dfec4-01ec-4e84-80b5-cb325d670571,400,16,416
d08487fc-ded4-4119-b897-b94073ec96a8,3a95336d-35a9-4b6a-81ac-84714ffa0ea4,2023-12-20 07:58:00,399dfec4-01ec-4e84-80b5-cb325d670571,400,16,416
3a6563de-2e9e-4eff-b073-467773ba9421,3dee0d2d-f11e-4e71-8336-86cb6a9445ad,2023-12-20 07:20:00,399dfec4-01ec-4e84-80b5-cb325d670571,500,20,520
a5ade1c2-a97d-4499-adeb-3ee3dcf79b41,5c6b3c85-be4e-405a-a4a0-6179a7381d2a,2023-12-20 09:33:00,399dfec4-01ec-4e84-80b5-cb325d670571,5200,208,5408
2151915d-4210-4028-b26d-3921429ff99b,9ca91be3-bfcc-4623-9ef5-a4023693a589,2023-12-20 07:51:00,399dfec4-01ec-4e84-80b5-cb325d670571,700,28,728
57297f51-5216-40cc-baa1-0f461449054a,e4f2d67a-5c47-4845-a945-4e923836a9bf,2023-12-20 17:25:00,399dfec4-01ec-4e84-80b5-cb325d670571,1600,64,1664
cb53119a-748f-4c66-bbfe-ddd9696a0487,bbac9b57-854a-4f52-aec0-51184f9190c4,2023-12-20 14:27:00,399dfec4-01ec-4e84-80b5-cb325d670571,700,28,728
f826a7f7-c250-43a7-855c-9f4a8ea2a427,c334810a-f8b3-4f0b-b7f5-feab68f07ae0,2023-12-20 09:39:00,399dfec4-01ec-4e84-80b5-cb325d670571,600,24,624
d6d32642-3bb8-46d8-bfe4-b7a380192c7c,3d82151b-b0d4-4890-bb63-8f573d494f9d,2023-12-20 07:32:00,399dfec4-01ec-4e84-80b5-cb325d670571,600,24,624
f626a0c2-0ad2-4622-9f5c-a5713e159deb,73fa8e0a-42b4-47dc-b0a1-f510a9d057d8,2023-12-20 13:44:00,399dfec4-01ec-4e84-80b5-cb325d670571,400,16,416
8a124c2e-61fb-481c-8714-6c1faa31fbe4,2445d187-36c8-440f-a8db-1db27e08268e,2023-12-20 15:11:00,399dfec4-01ec-4e84-80b5-cb325d670571,700,28,728
46f183f9-2433-4d63-9fbe-519bdb23ec1c,899bbf23-4208-4aa2-9723-3f7559dfb891,2023-12-20 18:55:00,399dfec4-01ec-4e84-80b5-cb325d670571,600,24,624
33b0d4bb-1675-4f91-b7cd-4782bfaa171a,88d4b95f-8525-47ab-b76f-1a86bdcc7b2b,2023-12-20 07:15:00,399dfec4-01ec-4e84-80b5-cb325d670571,600,24,624
882c24d1-05fa-4062-8ed1-59bb807e11ad,bddd0699-14be-4bed-8a03-c3be1c8b86f4,2023-12-20 07:45:00,399dfec4-01ec-4e84-80b5-cb325d670571,600,24,624
37128aa3-cc28-4ffc-92b1-90230c1012a7,ef550118-4d33-4419-9a7f-121c8400e9c6,2023-12-20 12:55:00,399dfec4-01ec-4e84-80b5-cb325d670571,600,24,624
f4d0e054-2e85-4f44-bfb6-58503dec8c45,84cdb717-25d5-481f-b814-35cf768ecddb,2023-12-20 07:57:00,399dfec4-01ec-4e84-80b5-cb325d670571,400,16,416
35987711-8218-40fb-807a-4c46a547d200,572579ab-5e23-43fd-a1af-8753798c8659,2023-12-20 07:27:00,399dfec4-01ec-4e84-80b5-cb325d670571,600,24,624
c46ca84a-6712-42fe-9b9f-88ffe7eefa19,e55d222b-7102-42c7-bd28-c147a15b12c5,2023-12-20 07:14:00,399dfec4-01ec-4e84-80b5-cb325d670571,500,20,520
04a06b45-e1ef-492d-9995-4da7fe406164,11dfb8fb-c6ad-44e6-b50b-f390d132d5b1,2023-12-20 09:28:00,399dfec4-01ec-4e84-80b5-cb325d670571,600,24,624
375de3e8-3e24-4d3d-9375-c24e938e1d0c,48894cb2-296d-4112-88cb-99945e94b978,2023-12-20 08:38:00,399dfec4-01ec-4e84-80b5-cb325d670571,600,24,624
f3e447be-c4d9-4da5-ae43-625257e9c01c,64e0d810-94a5-4c80-b63d-886f352ba2f2,2023-12-20 16:32:00,399dfec4-01ec-4e84-80b5-cb325d670571,1700,68,1768
40d4b38c-1ea6-4391-a401-8e79e884f229,90dc9d88-5875-4bf3-b871-820449a026b2,2023-12-20 12:51:00,399dfec4-01ec-4e84-80b5-cb325d670571,400,16,416
8472faf7-14d0-4c6c-a025-0cc29ecfe518,b295a4a4-a6b1-4fb7-847e-0b135ed1c18e,2023-12-20 14:44:00,399dfec4-01ec-4e84-80b5-cb325d670571,400,16,416
960c94cf-2a72-4dd3-afa7-c10d4f67e533,6ae00ce0-276c-40e1-b26d-ee7c41d7a287,2023-12-20 08:04:00,399dfec4-01ec-4e84-80b5-cb325d670571,600,24,624
ab5c0417-d29f-445c-ac3a-8f08aab5948b,ae73571f-72c6-4767-a468-b4982ef05d1c,2023-12-20 15:26:00,399dfec4-01ec-4e84-80b5-cb325d670571,400,16,416
1ec51907-7ca5-4c72-8d53-c689ec6af192,668e5c10-e564-47c7-bf67-1ce9cc3758f6,2023-12-20 13:43:00,399dfec4-01ec-4e84-80b5-cb325d670571,500,20,520
736989cb-b412-437e-a255-825dac676508,6485d9cb-6a0f-4d0b-9978-518788907afb,2023-12-20 08:03:00,399dfec4-01ec-4e84-80b5-cb325d670571,700,28,728
549e9b4c-7f21-4388-a921-ecb57d914831,33bc9426-832e-483d-a623-5760bf8fdf42,2023-12-20 07:36:00,399dfec4-01ec-4e84-80b5-cb325d670571,700,28,728
e7db9103-687b-4661-a4fe-7370bf050495,ce1fddc8-7087-4b9e-82c8-bc09e6384345,2023-12-20 09:58:00,399dfec4-01ec-4e84-80b5-cb325d670571,1000,40,1040
ada21a39-ee6a-4494-b047-59e04c5fcf02,fb199cad-e920-4319-b1de-7da53844f1ed,2023-12-20 08:07:00,399dfec4-01ec-4e84-80b5-cb325d670571,400,16,416
3235d639-58fb-4456-9822-88e0b85ab0e0,cacf77ba-7e15-45a0-a3f4-87fdccd569c4,2023-12-20 08:00:00,399dfec4-01ec-4e84-80b5-cb325d670571,700,28,728
e9103bb3-4a64-4c6f-b891-8919ea909abc,5a29452c-9230-4b56-9b2a-a1d20ab74781,2023-12-20 09:24:00,399dfec4-01ec-4e84-80b5-cb325d670571,400,16,416
2915ed36-51fe-4843-812c-83b4570f56a2,1142280f-5f9e-4229-97e2-9e6460d24acb,2023-12-20 12:22:00,399dfec4-01ec-4e84-80b5-cb325d670571,500,20,520
e013d2e8-39ad-42f7-a050-d5cb7db1e933,5c37d040-f5cd-46cf-8acc-43c886d34ad0,2023-12-20 07:35:00,399dfec4-01ec-4e84-80b5-cb325d670571,400,16,416
3bd30d2b-2e7a-4e0d-9117-ba5dcef7b114,7704c14b-191e-436e-814f-08b0fb28dcfc,2023-12-20 11:44:00,399dfec4-01ec-4e84-80b5-cb325d670571,500,20,520
6e332b54-4166-4bd7-a2a0-7d9abc18f084,f4a9a1e0-026f-48df-a4d9-b2bb26fe93a0,2023-12-20 15:57:00,399dfec4-01ec-4e84-80b5-cb325d670571,800,32,832
ef70a741-adfb-416b-87f9-c0f76f0b68d4,01c86347-415c-4252-814c-a612527d8843,2023-12-20 07:34:00,399dfec4-01ec-4e84-80b5-cb325d670571,700,28,728
f2394fa1-7d21-4d07-8239-607ee8891db2,e82b5b62-7070-47bc-a992-278728911d81,2023-12-20 08:16:00,399dfec4-01ec-4e84-80b5-cb325d670571,700,28,728
e4c3ecbb-3453-4eeb-8a3a-7937b2752329,9cdc61b1-1932-43b4-a55e-1d3ec6fb8833,2023-12-20 11:25:00,399dfec4-01ec-4e84-80b5-cb325d670571,400,16,416
418dc478-80de-4f09-a2ca-3b0e05c89f55,9cdb2202-788c-4b47-b58d-609db081bb60,2023-12-20 07:44:00,399dfec4-01ec-4e84-80b5-cb325d670571,400,16,416
54411cdc-46df-4e84-805a-1a4ff0f1889b,876ab495-dc39-43eb-a0b9-19b5e4c4e15c,2023-12-20 15:19:00,399dfec4-01ec-4e84-80b5-cb325d670571,600,24,624
f6fcf9a4-d922-4d4a-b233-f7d225a5fa4a,593ac4f1-05ec-4f87-a03b-ab6371bbe59d,2023-12-20 11:16:00,399dfec4-01ec-4e84-80b5-cb325d670571,1300,52,1352
a5c786e7-6345-4111-ac61-8e7a883c246f,2c15654f-379c-4848-a3e0-4562a56c4da7,2023-12-20 07:36:00,399dfec4-01ec-4e84-80b5-cb325d670571,600,24,624
854f7d24-2031-4e5d-af5b-ebc3b1ac69a5,bcc834b4-d5a5-4283-ba01-2fbe27533479,2023-12-20 07:47:00,399dfec4-01ec-4e84-80b5-cb325d670571,600,24,624
f0b2ded1-d9bc-4697-83b1-55b8663ba46f,8b2d2cd5-c5eb-47f1-b3e3-41c7c00c5828,2023-12-20 11:36:00,399dfec4-01ec-4e84-80b5-cb325d670571,600,24,624
4875423b-0d3b-4878-9899-0238ec5b6dd9,1539e870-3b19-4449-8cae-3266dd4728d0,2023-12-20 12:14:00,399dfec4-01ec-4e84-80b5-cb325d670571,1800,72,1872
05adac7f-2289-44b7-a118-33820a5c4497,9b7b008c-1fa5-4375-8f86-1556b93c3043,2023-12-20 16:33:00,399dfec4-01ec-4e84-80b5-cb325d670571,1800,72,1872
c2d17627-959c-4172-99a2-0bd7ce8d37fa,dff2f0df-07b7-4c09-8812-8c4a7f83cd94,2023-12-20 08:00:00,399dfec4-01ec-4e84-80b5-cb325d670571,600,24,624
53a57850-4389-4704-b0b9-0c0d3e8ed26e,b0c002ee-eddd-4615-a3fc-b0700f7eafc2,2023-12-20 07:52:00,399dfec4-01ec-4e84-80b5-cb325d670571,600,24,624
3b965d2e-0a59-4e8b-abca-805ece003823,08268747-4708-4ba5-b67f-4a53449663ce,2023-12-20 15:04:00,399dfec4-01ec-4e84-80b5-cb325d670571,2100,84,2184
a6ccae9e-d9ff-4903-a650-84c0b3a7eafc,798267d5-be32-437a-8020-542e0498810a,2023-12-20 08:27:00,399dfec4-01ec-4e84-80b5-cb325d670571,400,16,416
f342e787-acb9-4f34-9c7b-ba11be4b3cb0,14205dcb-8a2d-42ca-9b45-ee05ebb00763,2023-12-20 17:18:00,399dfec4-01ec-4e84-80b5-cb325d670571,1600,64,1664
8f9da07c-f0c4-465e-b9dc-ca956c7e70f6,49ccd473-0d76-45da-8360-02143cb40354,2023-12-20 07:25:00,399dfec4-01ec-4e84-80b5-cb325d670571,700,28,728
163aaa0c-2b1e-4edb-86e1-afb1214f6e48,6c1f593e-fa25-4522-92a1-002b2f6a6bc7,2023-12-20 11:49:00,399dfec4-01ec-4e84-80b5-cb325d670571,900,36,936
2aa72ee0-274c-4997-99a5-36c2952b61f6,00530b16-28e8-4e45-82e0-ffe495b7ff89,2023-12-20 16:33:00,399dfec4-01ec-4e84-80b5-cb325d670571,1700,68,1768
80c6cbc0-67bf-4d47-9fa0-7494891e3b4a,da90d8e9-37d5-4f64-9642-bc11f542e117,2023-12-20 07:59:00,399dfec4-01ec-4e84-80b5-cb325d670571,700,28,728
644a995a-6089-4577-9e79-2bbbb5d4d419,060308f5-0857-42a6-813e-96a75cc247ac,2023-12-20 08:25:00,399dfec4-01ec-4e84-80b5-cb325d670571,700,28,728
9fe31b00-22b4-43c1-9074-309fae0f6065,0189068c-f3d3-4672-b98b-047d057a0fd5,2023-12-20 07:30:00,399dfec4-01ec-4e84-80b5-cb325d670571,600,24,624
d2b895db-68b1-40b2-8e44-41c958e89858,1bc1c9dc-b8d3-4560-97b7-febe15ab0506,2023-12-20 07:45:00,399dfec4-01ec-4e84-80b5-cb325d670571,600,24,624
5a8dca2c-963b-4c94-b7b0-3f32138b2ce1,cdee10f4-113a-4b48-8b82-67de974706f1,2023-12-20 13:37:00,399dfec4-01ec-4e84-80b5-cb325d670571,700,28,728
05a28fbb-605b-45ad-bf0e-1983d28cd501,7a03ca1d-d911-4037-9f11-75d63cfad5e4,2023-12-20 08:25:00,399dfec4-01ec-4e84-80b5-cb325d670571,600,24,624
d17abeb8-ac38-4321-a6d4-371d6eff427e,21b3fd59-4b01-4c9d-844b-6790ed39fddc,2023-12-20 07:52:00,2c7c0b40-21e5-4026-b405-3281a1c094fa,600,37,637
e238cce3-725c-478c-b308-11a152a5a98d,b4742677-d25f-4cf6-af19-7c4a2d5751fd,2023-12-20 08:08:00,2c7c0b40-21e5-4026-b405-3281a1c094fa,700,43,743
e7ac5378-5975-4df1-a6da-dca638fdeceb,fcef0a47-bbe9-4080-9a24-e276ddb4e0e7,2023-12-20 08:32:00,2c7c0b40-21e5-4026-b405-3281a1c094fa,600,37,637
a6120429-a898-43b6-b25d-e9c2a1fa090e,92c1b8ac-0f8c-4e0d-bf8a-acd3c5a54f25,2023-12-20 14:59:00,2c7c0b40-21e5-4026-b405-3281a1c094fa,1900,118,2018
f58fe9ed-a8af-470b-ae11-661656873985,5672d8ec-d299-4823-941e-e84d29a5aca6,2023-12-20 07:48:00,2c7c0b40-21e5-4026-b405-3281a1c094fa,700,43,743
3d5a0849-1c71-49cb-82ef-3ceeb435cfac,31d8ef80-b405-4d99-9a0b-e566200ab033,2023-12-20 08:47:00,2c7c0b40-21e5-4026-b405-3281a1c094fa,600,37,637
93d64ffb-6c72-46fb-960f-73e93ad1a99f,c601f733-7fe7-415c-b872-d63e8f49066b,2023-12-20 16:12:00,2c7c0b40-21e5-4026-b405-3281a1c094fa,500,31,531
cf3c340b-8912-401f-986a-5b4bb5dc9d7d,cfc196da-1613-48e5-b649-e57a6a927c10,2023-12-20 08:00:00,2c7c0b40-21e5-4026-b405-3281a1c094fa,500,31,531
bcbcc75b-3b71-4b85-9243-108b552092a3,f19d8935-9c7f-478c-8a8c-d23218d6fc8b,2023-12-20 16:27:00,2c7c0b40-21e5-4026-b405-3281a1c094fa,700,43,743
452a0160-2094-4027-8a23-7d8a8b1da5ea,47d48c6c-58d0-458b-b06f-963d2de8ac91,2023-12-20 14:21:00,2c7c0b40-21e5-4026-b405-3281a1c094fa,1700,106,1806
8fd639e9-37c7-47eb-8814-a6738fc7faa6,a26c5d51-ee15-486d-b326-9703275ab2ab,2023-12-20 08:18:00,2c7c0b40-21e5-4026-b405-3281a1c094fa,600,37,637
484e468b-afe4-4b29-b761-62bf4c864425,a5eaa660-fbee-49f6-87da-6df064c916d0,2023-12-20 10:06:00,2c7c0b40-21e5-4026-b405-3281a1c094fa,1700,106,1806
22b0aabf-4301-4f2c-93bb-6ac631acda8f,784c9a3e-b023-4a14-87c3-cb46212c638b,2023-12-20 15:28:00,2c7c0b40-21e5-4026-b405-3281a1c094fa,2700,168,2868
a6b62685-1be0-40de-b9ea-3f81c6d53dba,f5b90b38-b61b-42af-a8f4-4815317a3571,2023-12-20 12:57:00,2c7c0b40-21e5-4026-b405-3281a1c094fa,600,37,637
b480fe18-702b-47fe-99b3-58b4e0abc523,1d8b9d13-c62c-4446-977d-412869e6c4b6,2023-12-20 07:26:00,2c7c0b40-21e5-4026-b405-3281a1c094fa,600,37,637
824dc6b7-5680-4b58-884d-772aa99c826f,b239e930-6de8-4346-87b0-1981dc56bb9f,2023-12-20 07:22:00,2c7c0b40-21e5-4026-b405-3281a1c094fa,700,43,743
b32a218b-5615-4b02-b02f-dbac522228d0,94e8bb75-d618-4999-8bea-b7fc6888523f,2023-12-20 14:49:00,2c7c0b40-21e5-4026-b405-3281a1c094fa,2000,125,2125
463c4abd-9765-4a41-8fcd-6a82c6772710,ca73909a-648b-4522-a10d-c4c3c9bfaba1,2023-12-20 07:55:00,2c7c0b40-21e5-4026-b405-3281a1c094fa,400,25,425
732d8c4d-5f4c-4749-b22d-4773fd387a74,2bc19a21-82b4-4029-b044-96060d4e044b,2023-12-20 11:08:00,2c7c0b40-21e5-4026-b405-3281a1c094fa,2800,175,2975
fe988d48-2ccc-48cf-b835-220c9f1de232,e4515ece-d1b9-4ec7-9b74-b22decc6d435,2023-12-20 14:15:00,2c7c0b40-21e5-4026-b405-3281a1c094fa,400,25,425
920c7b4d-3c4f-41e0-ac5c-b8399e087a3d,0da8bfd8-a8e8-4bc3-85ae-f527018c2e8b,2023-12-20 07:13:00,2c7c0b40-21e5-4026-b405-3281a1c094fa,400,25,425
d8c3f326-e028-4a8d-a3da-4f7cb75f08fb,92f85679-d678-4b1f-9343-b97924ced844,2023-12-20 08:42:00,2c7c0b40-21e5-4026-b405-3281a1c094fa,400,25,425
815673ff-0029-47b2-b0fd-f933b16a69c7,1d9773b9-b306-416f-9338-2b1d4cd51e0b,2023-12-20 12:10:00,2c7c0b40-21e5-4026-b405-3281a1c094fa,400,25,425
225f83c1-11ec-40c4-800c-a59be4213f5a,78748d05-917c-446b-8b2f-1bb8275f3983,2023-12-20 09:20:00,2c7c0b40-21e5-4026-b405-3281a1c094fa,1100,68,1168
a5d4ae8d-5280-4f78-b023-8005c9eebb98,e61583e8-f052-430d-90fd-68085acfc960,2023-12-20 07:00:00,2c7c0b40-21e5-4026-b405-3281a1c094fa,700,43,743
bd75c24f-9f77-454a-8c47-19593daba1c3,4334d3c1-d272-4f31-b4ff-de447c05f4dd,2023-12-20 10:17:00,2c7c0b40-21e5-4026-b405-3281a1c094fa,600,37,637
5bb79cc6-ecc8-4064-bffa-147d47dba866,9559b3f5-0745-4104-aeff-b4f1f8886bd7,2023-12-20 17:18:00,2c7c0b40-21e5-4026-b405-3281a1c094fa,700,43,743
3b668c77-a640-4fdb-a75c-30f2f681720c,de885f45-3a20-4c29-a25b-662ee4bd48ea,2023-12-20 18:12:00,2c7c0b40-21e5-4026-b405-3281a1c094fa,1800,112,1912
d6439fd6-fecb-4c0b-879a-265245d20d16,5b2dc95e-efec-46b9-aa80-1ca5c85a4269,2023-12-20 07:57:00,2c7c0b40-21e5-4026-b405-3281a1c094fa,500,31,531
eedfada8-9f44-483c-b083-494815914348,2b2611ec-0afe-4c68-9361-65b0cda595e3,2023-12-20 16:57:00,2c7c0b40-21e5-4026-b405-3281a1c094fa,500,31,531
4d18cb1f-9d17-402b-aa38-d99f0259e4f3,df6fe074-e03b-4605-bc26-5510896e9d5c,2023-12-20 15:29:00,2c7c0b40-21e5-4026-b405-3281a1c094fa,1800,112,1912
907114a6-e67a-452f-a7a4-606b13432013,e52aaea4-1556-4821-8cd6-a24a8217815f,2023-12-20 08:30:00,2c7c0b40-21e5-4026-b405-3281a1c094fa,700,43,743
058d9dd1-1a5e-4c29-9836-2037bfafb161,ab4df321-67bc-425a-8aee-7e81929639d1,2023-12-20 08:14:00,2c7c0b40-21e5-4026-b405-3281a1c094fa,500,31,531
d0d6280b-d44c-4925-b4a7-e53f6279a9e6,4bf036f8-cdd5-4fd4-bb15-96f6fdfb6472,2023-12-20 07:30:00,2c7c0b40-21e5-4026-b405-3281a1c094fa,500,31,531
d1ee1aca-6c66-4a4c-a20c-8ca58702be3f,be9a5cd7-728a-4593-b5b5-b13c1f98920d,2023-12-20 07:34:00,2c7c0b40-21e5-4026-b405-3281a1c094fa,600,37,637
6163dccd-71d0-4014-8089-972fb359e736,a56eaf67-ae11-49c8-ad29-20271c45924b,2023-12-20 11:27:00,2c7c0b40-21e5-4026-b405-3281a1c094fa,1200,75,1275
7dde35c0-f3ad-4945-8ce9-c353cf3057b7,17813273-d6cb-446d-a0cc-5df31fb0263f,2023-12-20 17:22:00,2c7c0b40-21e5-4026-b405-3281a1c094fa,600,37,637
81014e39-fcc2-4a0a-9a21-fb936d2bf64e,24796668-1d6a-493c-a0dd-1bafc84036be,2023-12-20 07:52:00,2c7c0b40-21e5-4026-b405-3281a1c094fa,400,25,425
61ffa2b7-401f-4cfa-8754-cd6cee72b6cc,50472b1b-3caf-49fd-a0f0-3f28b45262fd,2023-12-20 07:00:00,2c7c0b40-21e5-4026-b405-3281a1c094fa,1200,75,1275
52bba7cc-e949-477a-ba4c-203a91f848cb,5a88b3e4-1ba1-4430-8899-483fd984e89d,2023-12-20 08:02:00,2c7c0b40-21e5-4026-b405-3281a1c094fa,700,43,743
365aec47-66ee-49e8-947b-b8c6c05423fa,b5e90877-2a83-4959-9512-8328d9403492,2023-12-20 09:01:00,2c7c0b40-21e5-4026-b405-3281a1c094fa,700,43,743
9c525263-d642-4fc7-a650-c6fe273cebe8,9739993f-f502-493c-a220-bfc05e1635a7,2023-12-20 15:17:00,2c7c0b40-21e5-4026-b405-3281a1c094fa,1900,118,2018
08edc54a-767a-4002-a950-0cf2298114d0,10e46bfd-d0f5-4e00-b866-118e3d12fb34,2023-12-20 09:40:00,2c7c0b40-21e5-4026-b405-3281a1c094fa,600,37,637
d65ad5e4-8efc-4a29-a01c-149b6559b6c3,cc90bdd5-438f-4c36-b399-4b1be7281e64,2023-12-20 15:31:00,2c7c0b40-21e5-4026-b405-3281a1c094fa,1000,62,1062
61e9c72d-7125-48ac-a250-c997e828a542,de14b04b-3662-48cd-8bf6-16eae90fbc67,2023-12-20 13:55:00,2c7c0b40-21e5-4026-b405-3281a1c094fa,700,43,743
46cbaedd-836a-408a-81a7-9d0c8e296370,c21472e1-f6ab-489f-9f36-de3ff9aea42c,2023-12-20 10:59:00,2c7c0b40-21e5-4026-b405-3281a1c094fa,2800,175,2975
b693d34a-87b8-43bb-93cf-78b1eccb64c2,6711753d-3774-4e54-9f79-3ebf7762b9f9,2023-12-20 14:50:00,2c7c0b40-21e5-4026-b405-3281a1c094fa,1400,87,1487
c36a6d0a-fb06-42df-8b68-bf285939f712,cc8b427a-fcd6-4d92-8601-2a3c7d54e171,2023-12-20 19:42:00,2c7c0b40-21e5-4026-b405-3281a1c094fa,1300,81,1381
20c22ab3-f01e-4184-bc97-48e4f56e2cd9,89d86da7-67e0-4324-965d-77ebd26b7396,2023-12-20 07:00:00,2c7c0b40-21e5-4026-b405-3281a1c094fa,600,37,637
bc51c9a2-d367-41a3-bd5a-6d358faa2864,c4cffa02-aa09-4ae6-a4dc-bb7e26c3b440,2023-12-20 07:46:00,2c7c0b40-21e5-4026-b405-3281a1c094fa,700,43,743
28d19167-c2f2-47ba-844e-79a0cface9cb,e2a09e44-912c-47c0-9386-7145291fb06f,2023-12-20 10:24:00,2c7c0b40-21e5-4026-b405-3281a1c094fa,600,37,637
d149a4a8-71bd-4ee4-b31d-ff69c63bbe01,5c298d25-bd60-448d-a828-a1d1c08d3bf4,2023-12-20 07:35:00,2c7c0b40-21e5-4026-b405-3281a1c094fa,600,37,637
498a5653-28e9-4d9b-9ea6-f7bb61f10499,f231f357-ff6c-4960-938f-a5596a13fb07,2023-12-20 18:50:00,2c7c0b40-21e5-4026-b405-3281a1c094fa,2000,125,2125
6f087633-a172-4ebf-bbff-4a553f380b5f,0c395bc0-5637-4465-8c77-9232349cf3ee,2023-12-20 10:24:00,2c7c0b40-21e5-4026-b405-3281a1c094fa,600,37,637
e20def3a-6bde-4de4-b25e-ac7aeed26428,27b9ce38-866c-40e4-8d9a-ddf217e9f16d,2023-12-20 14:33:00,2c7c0b40-21e5-4026-b405-3281a1c094fa,400,25,425
8ae39840-8cdf-4dd1-8a96-cac052557aa1,b612256d-3418-40c1-97fc-fbbf395ac791,2023-12-20 16:22:00,2c7c0b40-21e5-4026-b405-3281a1c094fa,1700,106,1806
a2fc2593-a8e1-499b-bca7-2826637568bb,3c426c6a-4b67-4d8e-a89a-57a563164dee,2023-12-20 07:59:00,2c7c0b40-21e5-4026-b405-3281a1c094fa,500,31,531
fa695f2c-db77-461e-b44f-d43fb2c6c903,627e216c-0671-47dd-902c-9fb076543b9e,2023-12-20 08:05:00,2c7c0b40-21e5-4026-b405-3281a1c094fa,600,37,637
4cef04fe-bade-4ece-a8ee-62c9a37f8463,1409cd42-7e74-4fa2-9ff3-b4d9d56ac42c,2023-12-20 08:14:00,2c7c0b40-21e5-4026-b405-3281a1c094fa,600,37,637
20aca410-668e-490f-8426-fd2c83bd3aa8,b95ae917-38af-44ef-98a5-9bdf844ac239,2023-12-20 12:47:00,2c7c0b40-21e5-4026-b405-3281a1c094fa,400,25,425
1a57ea64-a042-4183-9f38-4977902200e4,1ccc49eb-7f71-45cc-81df-ac385f685028,2023-12-20 07:46:00,2c7c0b40-21e5-4026-b405-3281a1c094fa,600,37,637
79708ab2-0d93-48ad-8014-f227b90e5f52,e9914ccf-1cab-4fc8-9269-8c1a8f85eb5a,2023-12-20 07:21:00,2c7c0b40-21e5-4026-b405-3281a1c094fa,500,31,531
e5bf4dfc-769d-4d1e-9d0f-b40869589770,7e8d4795-8d8a-4188-acba-390847a8c1ae,2023-12-20 14:58:00,2c7c0b40-21e5-4026-b405-3281a1c094fa,700,43,743
3f429c97-992c-4feb-8620-83b8408a7590,2b24b563-07cf-43f5-bf88-efa0cabe0601,2023-12-20 11:18:00,2c7c0b40-21e5-4026-b405-3281a1c094fa,600,37,637
55f9e7c6-3e8b-4417-ab73-daf9cfc65e4d,f8fc32d0-0cfc-4f1e-bc9f-01400e52201b,2023-12-20 18:52:00,2c7c0b40-21e5-4026-b405-3281a1c094fa,400,25,425
52115dd7-8b6f-4f54-bd4c-047854ad0503,1fbcd07d-85bc-4c6a-b8de-d3b6edb361dc,2023-12-20 11:14:00,2c7c0b40-21e5-4026-b405-3281a1c094fa,400,25,425
31f74c8e-5a0b-4783-891d-88b23bff699a,cc27fffc-130e-4544-9950-5954536d72d1,2023-12-20 13:49:00,2c7c0b40-21e5-4026-b405-3281a1c094fa,700,43,743
59c405e5-42e1-4360-a2c5-c12c06077f5a,a898b31f-c8bd-4f5e-b261-ebe31e5158bc,2023-12-20 08:24:00,2c7c0b40-21e5-4026-b405-3281a1c094fa,500,31,531
67d61997-d149-4ba1-b031-5f8bf957d6c9,5e7c7c18-a637-4a6e-bb24-87a77f90ddf1,2023-12-20 11:32:00,2c7c0b40-21e5-4026-b405-3281a1c094fa,600,37,637
3360d045-30df-49f9-8d48-27f7ff984475,2e97063b-f63f-4550-949b-5fb891a5f70d,2023-12-20 16:21:00,2c7c0b40-21e5-4026-b405-3281a1c094fa,1800,112,1912
d1cb64a0-0fd6-4d74-a385-58539324138c,d27d7182-0397-4734-b076-2f556218e9f1,2023-12-20 16:06:00,2c7c0b40-21e5-4026-b405-3281a1c094fa,1900,118,2018
0a129599-6ec2-4661-9be7-55857c83d0ce,3a580c58-a316-47fb-b0c9-1d95666d47d7,2023-12-20 08:54:00,2c7c0b40-21e5-4026-b405-3281a1c094fa,500,31,531
706c6d18-2597-477b-bc0b-8c9f60616980,86fa6d80-37ef-4cca-8727-173b1a366c48,2023-12-20 14:01:00,2c7c0b40-21e5-4026-b405-3281a1c094fa,500,31,531
73491242-ff9d-499d-826f-c87c7b343e64,712b6fc7-31e6-42bd-a5b4-302a27f6d4be,2023-12-20 17:57:00,2c7c0b40-21e5-4026-b405-3281a1c094fa,1100,68,1168
e97c71e6-020e-48c9-bd49-3f06c8e83652,fe9d2747-393a-4e72-8e43-6d997f2418d6,2023-12-20 07:59:00,2c7c0b40-21e5-4026-b405-3281a1c094fa,600,37,637
77c54639-18d3-40fe-a6de-780b1ca38d74,27385e8e-11c9-453d-a177-3a8890bab09a,2023-12-20 14:48:00,2c7c0b40-21e5-4026-b405-3281a1c094fa,600,37,637
4e4fd3a3-73ff-4b44-a596-4aa8cffe0c53,27d2e3d3-99cb-4478-950f-9cbf9f2cc532,2023-12-20 09:21:00,2c7c0b40-21e5-4026-b405-3281a1c094fa,700,43,743
fd3bdd1e-9040-45e2-bbce-b3960ea9b583,9209c56e-0f5f-493e-a7ad-a5c3f0889aac,2023-12-20 12:19:00,2c7c0b40-21e5-4026-b405-3281a1c094fa,1700,106,1806
dca8df0b-8f5d-4526-8186-dd5b9c5826e1,09916698-df9d-4be7-a8f4-f7748cbab9a5,2023-12-20 09:23:00,2c7c0b40-21e5-4026-b405-3281a1c094fa,2600,162,2762
802e90b1-fe94-45e3-ae45-b3ab730f7c02,376ebf34-5cd8-4b7a-8537-66e16f53ed5f,2023-12-20 15:33:00,2c7c0b40-21e5-4026-b405-3281a1c094fa,1600,100,1700
a84f9684-bf24-4497-84f1-5af80ec65924,62a52493-e5ec-476f-9bec-c8f82abd3323,2023-12-20 07:16:00,2c7c0b40-21e5-4026-b405-3281a1c094fa,500,31,531
9831f61c-1bbd-4d15-a86a-b13e49f49a65,6e8abc01-d4ee-4a72-8f08-35b45bf67965,2023-12-20 14:44:00,2c7c0b40-21e5-4026-b405-3281a1c094fa,1700,106,1806
ae78ed40-a943-4390-b450-182c304fbee5,681cebbd-56fd-4ad3-99b4-726306cbaa73,2023-12-20 07:58:00,2c7c0b40-21e5-4026-b405-3281a1c094fa,700,43,743
147bd0d1-de26-45e7-9542-40dde28099fe,9c02b9e3-3e53-451a-abb0-96f63308bb02,2023-12-20 07:26:00,2c7c0b40-21e5-4026-b405-3281a1c094fa,500,31,531
7ee072c4-af0c-4a6f-9d1f-970a8879b19c,cc5c0c1a-857b-42ec-991b-22ab9d333141,2023-12-20 08:06:00,2c7c0b40-21e5-4026-b405-3281a1c094fa,600,37,637
5f3943a4-011a-4f5b-a590-265e2c9286f3,ea97db70-9e3b-4bc2-973f-6e3f2be46e5f,2023-12-20 07:21:00,2c7c0b40-21e5-4026-b405-3281a1c094fa,700,43,743
d973b4ae-6c41-46f4-93e3-ac3b591263c9,1cc557ae-f87b-4765-9bc4-0f1dd6f53013,2023-12-20 07:45:00,2c7c0b40-21e5-4026-b405-3281a1c094fa,700,43,743
f76e9b7d-08fe-4a68-9509-e691c93f3ce3,f91faf5c-1c47-45c9-aad2-29930f300126,2023-12-20 08:22:00,2c7c0b40-21e5-4026-b405-3281a1c094fa,400,25,425
0dbb99e7-69a5-45ad-b351-fa8fafd2b503,414e72b8-a890-4597-b3f7-d6da0f9d4531,2023-12-20 08:22:00,2c7c0b40-21e5-4026-b405-3281a1c094fa,700,43,743
2aa2f429-491a-42c8-a26e-989eaf28994e,e26fafe1-9a63-43ca-b38b-ed5f0ea96f66,2023-12-20 10:44:00,2c7c0b40-21e5-4026-b405-3281a1c094fa,1500,93,1593
e4d45693-0c86-4a43-9c13-351816b87651,905a1a14-02a3-4d80-a710-d9769750a63d,2023-12-20 15:21:00,2c7c0b40-21e5-4026-b405-3281a1c094fa,700,43,743
1deb1194-e7f9-4db5-b733-f2da2ef4356d,1313316f-0c13-404e-8197-2bde150a1ddd,2023-12-20 08:02:00,2c7c0b40-21e5-4026-b405-3281a1c094fa,700,43,743
a353a2d0-c260-490a-9317-c13a56d80693,32a8b8e6-453f-4153-b08b-aaeedc146c9d,2023-12-20 17:22:00,2c7c0b40-21e5-4026-b405-3281a1c094fa,1600,100,1700
c481955d-9a86-4f84-a22d-47d1d8631e6d,de670223-8a3e-4b82-a4d4-b03cc596af73,2023-12-20 07:58:00,2c7c0b40-21e5-4026-b405-3281a1c094fa,700,43,743
1c1b53d4-13ba-4525-803a-5ae7346d99e8,f304ef62-c15a-4a60-ab1c-ad7af392467e,2023-12-20 08:05:00,2c7c0b40-21e5-4026-b405-3281a1c094fa,600,37,637
a907defe-e1a4-4743-9036-7de25adb4ad1,dc0bde54-b18c-450d-a2a5-7ec3e3bce7c3,2023-12-20 10:57:00,2c7c0b40-21e5-4026-b405-3281a1c094fa,400,25,425
e3c32c7a-68ac-467f-82d7-b66f88b2d8c7,3cae3cae-a64f-491f-a508-68ff36ecb4af,2023-12-20 07:42:00,2c7c0b40-21e5-4026-b405-3281a1c094fa,500,31,531
8f86a110-5771-438a-9216-460ddf12df4e,b453354b-0417-476e-8175-326090454bc9,2023-12-20 16:00:00,2c7c0b40-21e5-4026-b405-3281a1c094fa,500,31,531
cf4fc87f-649e-4c49-8ba4-cb6639b445c6,96924eb0-a996-4610-ae35-0949499a223a,2023-12-20 08:37:00,2c7c0b40-21e5-4026-b405-3281a1c094fa,500,31,531
a65d4513-75bd-4093-9c22-8a9bafd4f1c0,6c98f86b-b539-4054-a6da-a0f41d26ae4b,2023-12-20 07:54:00,2c7c0b40-21e5-4026-b405-3281a1c094fa,1200,75,1275
29e4b2dc-8241-485c-b534-4e83ead372a2,90be0a7e-945b-4bb7-b8e8-47e877d61e85,2023-12-20 16:46:00,2c7c0b40-21e5-4026-b405-3281a1c094fa,600,37,637
b31bbd0b-66b6-426b-9e9e-5c745548e8c0,f6a983d2-5104-41f4-a579-38c173229679,2023-12-20 10:53:00,2c7c0b40-21e5-4026-b405-3281a1c094fa,400,25,425
f3e991a8-9704-436c-b3fd-f6aa47206aad,2f0ecbb9-4ae8-45d7-8f01-f82126757ca5,2023-12-20 08:21:00,2c7c0b40-21e5-4026-b405-3281a1c094fa,600,37,637
e1623df4-77ca-4a1b-afb7-1a5dd47e8031,104b478d-b925-4eb1-b365-ae2354f1fd19,2023-12-20 07:54:00,2c7c0b40-21e5-4026-b405-3281a1c094fa,700,43,743
042c9d59-b77a-4091-98a0-9d2906cf23d6,cdea4af0-7c90-48ed-bb8b-411fb9de8b57,2023-12-20 08:18:00,2c7c0b40-21e5-4026-b405-3281a1c094fa,600,37,637
14d371d1-0de5-498d-9b0c-ffd1fdda177c,f3e64264-67a2-42fb-878a-17ff2055ab31,2023-12-20 14:09:00,2c7c0b40-21e5-4026-b405-3281a1c094fa,600,37,637
e410c4f1-30b6-4a06-96ee-7827e21f160d,aec1cde7-0627-4bec-a528-fe77ca766b5e,2023-12-20 08:15:00,2c7c0b40-21e5-4026-b405-3281a1c094fa,500,31,531
12776712-9b3c-48de-aba7-697a6f7def39,aa4ec845-d8fb-4eed-855a-86968f2d2ef4,2023-12-20 19:33:00,2c7c0b40-21e5-4026-b405-3281a1c094fa,600,37,637
44f30caf-7bd6-43dc-a2b2-42585e5d0a12,d6965668-a794-4ad0-b0a8-93a8001a6500,2023-12-20 13:46:00,2c7c0b40-21e5-4026-b405-3281a1c094fa,1800,112,1912
0bd8c1dc-1819-46e5-b518-94c1a117a0fe,465154fc-21ed-456c-9e03-9b71c66094d5,2023-12-20 08:12:00,2c7c0b40-21e5-4026-b405-3281a1c094fa,600,37,637
36eb1524-3455-441e-97fa-870a70f1ed35,88d1c02d-6775-4e15-8928-89781add052b,2023-12-20 16:37:00,2c7c0b40-21e5-4026-b405-3281a1c094fa,1800,112,1912
ed74c847-353e-4147-97fd-4c4ed5d62b91,e81bf9e1-6bf3-4f86-9ca7-47469c22b55f,2023-12-20 12:24:00,2c7c0b40-21e5-4026-b405-3281a1c094fa,1000,62,1062
e909ae05-8ec5-4e63-b29b-6d4789f12d5e,efe6ab20-484e-4550-8eba-b6750c0893a3,2023-12-20 14:53:00,2c7c0b40-21e5-4026-b405-3281a1c094fa,600,37,637
34857a93-b066-4264-a63a-0963bf8abf51,8383f9c7-21ea-4a43-a564-1e5a6482135c,2023-12-20 10:04:00,2c7c0b40-21e5-4026-b405-3281a1c094fa,600,37,637
63d6f04d-43a3-43a3-8b33-263cff02a0ba,bafdbd24-482a-4926-ad19-d5f2929c3e93,2023-12-20 10:22:00,2c7c0b40-21e5-4026-b405-3281a1c094fa,500,31,531
caa6da96-17be-4241-a71a-0257faa8b9c2,b456bef1-be7e-443f-8f55-cfc2ea8e6a4a,2023-12-20 09:48:00,2c7c0b40-21e5-4026-b405-3281a1c094fa,500,31,531
6aef0b24-d692-4cdc-8db8-b3932cddce40,2647f821-e1c8-44ee-bc24-7b9932bf9766,2023-12-20 07:50:00,2c7c0b40-21e5-4026-b405-3281a1c094fa,600,37,637
955a2fd5-27fd-43b1-aef7-30c0c794277b,bb7a9f55-4ac3-43cc-bbe9-d1a3c3e8f35e,2023-12-20 15:44:00,2c7c0b40-21e5-4026-b405-3281a1c094fa,500,31,531
5c715858-e6df-48e0-a112-5467115402a8,fe4e4be2-2e96-4037-9bdf-28440a160f62,2023-12-20 08:13:00,2c7c0b40-21e5-4026-b405-3281a1c094fa,600,37,637
2fa71fa6-ca87-465d-80e2-4f743528f8f2,a6addfaf-a6de-45ac-940f-5d4614f279d0,2023-12-20 07:46:00,2c7c0b40-21e5-4026-b405-3281a1c094fa,500,31,531
e112bcff-51b0-4368-9d09-908451fff167,5f978986-a526-43a2-bdc6-828868d49b61,2023-12-20 09:17:00,2c7c0b40-21e5-4026-b405-3281a1c094fa,600,37,637
7424d4b7-4c45-4ae1-be8f-3309c50e61da,6dbbc49a-b5ce-4831-ba60-3b12b6a89fc4,2023-12-20 19:12:00,2c7c0b40-21e5-4026-b405-3281a1c094fa,700,43,743
38e676c2-9818-4be9-9847-64ee3e139de2,098e9f20-15e3-45dd-8771-7dc4fe836ca7,2023-12-20 15:43:00,2c7c0b40-21e5-4026-b405-3281a1c094fa,1900,118,2018
efc635ce-853f-43df-a95d-ec62fd30a138,1230eb6d-8c33-4314-a706-f84212741ea9,2023-12-20 12:38:00,2c7c0b40-21e5-4026-b405-3281a1c094fa,500,31,531
cd8f229f-892f-41fc-a9df-80496c0dc200,d3cfc0ae-db6e-4a28-b44b-a1dac1061d90,2023-12-20 16:36:00,2c7c0b40-21e5-4026-b405-3281a1c094fa,700,43,743
fa809d43-2a41-45af-be28-6cd015280fc7,9ad4b773-20f7-4f08-afaa-931d90d8f229,2023-12-20 14:15:00,2c7c0b40-21e5-4026-b405-3281a1c094fa,400,25,425
79ef48b8-48d3-4674-aacf-e25c3eeefc73,377bb6d8-437c-4b34-9c11-7bd0c9bec26a,2023-12-20 12:59:00,2c7c0b40-21e5-4026-b405-3281a1c094fa,600,37,637
c0c49228-f5c0-4921-8ce1-d263b87b5680,d909260f-5040-471a-9c3f-5651fa8c03ed,2023-12-20 09:06:00,2c7c0b40-21e5-4026-b405-3281a1c094fa,400,25,425
74ba6d1d-b112-48cd-8996-6429d21175dc,f1098a10-244b-46cb-b192-2ad182a44975,2023-12-20 08:40:00,2c7c0b40-21e5-4026-b405-3281a1c094fa,500,31,531
c919c384-f8ae-4bdd-a0c4-a354e42fadd6,b394c22a-41af-4bae-a9f3-dda0649b45ed,2023-12-20 07:43:00,2c7c0b40-21e5-4026-b405-3281a1c094fa,600,37,637
6fb968a7-b507-4339-8b88-8aafcd2c4e09,7fb83cc2-710f-4e1e-84ca-bfef31448d68,2023-12-20 14:25:00,2c7c0b40-21e5-4026-b405-3281a1c094fa,700,43,743
164beec6-9174-4f5c-96a9-8123b23ddf84,fb1214b1-db3f-4cac-bc2e-6b6d585600fb,2023-12-20 07:21:00,2c7c0b40-21e5-4026-b405-3281a1c094fa,400,25,425
6e85ca39-8854-4303-8d20-2dfd4b4d964c,1bcdea75-7acc-492e-a184-a61e51c1cfa5,2023-12-20 08:15:00,2c7c0b40-21e5-4026-b405-3281a1c094fa,400,25,425
72290130-7258-4218-9bf8-6d27fbe3a1b2,f8919ba3-1c0e-4da5-9408-18923a2ad8fb,2023-12-20 08:09:00,2c7c0b40-21e5-4026-b405-3281a1c094fa,600,37,637
8954f7a3-db6b-4376-82f7-92c0d67474e8,89e0be6f-b800-46b3-b14a-d6c78ced2780,2023-12-20 14:16:00,2c7c0b40-21e5-4026-b405-3281a1c094fa,700,43,743
b5a75eda-5016-4041-8e31-c820d571907b,68633904-669b-4fec-a191-293eab108c93,2023-12-20 17:15:00,2c7c0b40-21e5-4026-b405-3281a1c094fa,1700,106,1806
03e86c48-2d6f-4a87-98a3-919eaa813c62,d753ccfa-106f-47a3-8e03-44b0e6831af3,2023-12-20 08:09:00,2c7c0b40-21e5-4026-b405-3281a1c094fa,600,37,637
194189a7-8af9-4472-885f-395bf72817ad,608b62cf-f498-4f33-9528-de6ffb9555c2,2023-12-20 07:41:00,2c7c0b40-21e5-4026-b405-3281a1c094fa,700,43,743
ba835ce6-608d-4552-8fac-c98fa7b5c0bb,577d9ba4-08b4-443e-a3dc-495bdb97f58e,2023-12-20 16:53:00,2c7c0b40-21e5-4026-b405-3281a1c094fa,600,37,637
39b9bba9-d07e-446c-a3b6-44c6ce8c0dc4,b8ca5b54-3fa9-4f61-91ce-beeaa92f1424,2023-12-20 08:50:00,2c7c0b40-21e5-4026-b405-3281a1c094fa,600,37,637
fe49a5f8-62c1-48a7-8589-56da2b15f7f0,84dfad87-6db7-49e5-9691-023247bed167,2023-12-20 19:06:00,2c7c0b40-21e5-4026-b405-3281a1c094fa,2300,143,2443
08214468-a686-4222-9a99-1b8fc444369d,6b2f49e4-56bd-446a-97ee-d3ddd9804d7f,2023-12-20 08:38:00,2c7c0b40-21e5-4026-b405-3281a1c094fa,400,25,425
652d8895-1ead-48f9-b304-9fd45f97ebb2,7a493345-f39f-41ad-bde0-d580c0b49953,2023-12-20 15:20:00,2c7c0b40-21e5-4026-b405-3281a1c094fa,700,43,743
1811d97e-aad6-4c78-8735-9497d14a3eb9,096383e8-fafc-418f-8cdd-a2ec9f44ddd3,2023-12-20 07:30:00,2c7c0b40-21e5-4026-b405-3281a1c094fa,600,37,637
17e2741f-a757-4249-b609-bd8bf3a33f15,1e638d4c-0e3c-4850-a12a-8efcb382ae9a,2023-12-20 14:23:00,2c7c0b40-21e5-4026-b405-3281a1c094fa,1900,118,2018
c2320701-4c92-4834-943a-4569092d7376,b3f8d609-aecf-4d7a-9323-cd10ba08a44a,2023-12-20 19:55:00,2c7c0b40-21e5-4026-b405-3281a1c094fa,2000,125,2125
4d80be81-d063-4d61-afdc-9e3a514dfe7c,cf1bbe7c-d999-4a2e-bc3a-93bb9e785f1b,2023-12-20 13:20:00,2c7c0b40-21e5-4026-b405-3281a1c094fa,1800,112,1912
fe199056-1ba9-4fc6-ae2a-4cd59a35e221,4cd24ca3-21c7-43e7-bd3e-65bc863a16d7,2023-12-20 07:33:00,2c7c0b40-21e5-4026-b405-3281a1c094fa,500,31,531
2fbe16da-38ab-40be-9ffb-8451c395c699,9f8ffc8a-afb8-400e-b77e-4f6a8d204645,2023-12-20 13:09:00,2c7c0b40-21e5-4026-b405-3281a1c094fa,2900,181,3081
98a09783-bc42-4a02-9f4f-0c7101875805,aae661ad-0411-4b0f-b7fb-6c26c099cfd7,2023-12-20 08:09:00,2c7c0b40-21e5-4026-b405-3281a1c094fa,600,37,637
77056afd-e538-45dc-8fb6-83abf800632b,8391b449-3f7a-47a8-b81f-292dfdb07b53,2023-12-20 07:56:00,2c7c0b40-21e5-4026-b405-3281a1c094fa,500,31,531
1bde3ffb-ce1e-4d18-955c-5cacb109e845,762c5a04-e686-4d09-b4c3-40c6aed67774,2023-12-20 12:15:00,2c7c0b40-21e5-4026-b405-3281a1c094fa,500,31,531
581d11ba-3d16-493d-ae4e-38fb0938381a,6a30b004-d1c0-4e76-9339-45a7fe99fc87,2023-12-20 09:12:00,2c7c0b40-21e5-4026-b405-3281a1c094fa,600,37,637
132c93e7-716d-4e46-a82c-d7db962c185a,e87d7dd4-253c-4904-856b-2bc3e4610bbc,2023-12-20 07:23:00,2c7c0b40-21e5-4026-b405-3281a1c094fa,600,37,637
0e7fceb7-0a96-4078-8d15-4c7dee7c8c83,0716e8f7-31e6-4605-8c33-c9717eb1828b,2023-12-20 08:10:00,2c7c0b40-21e5-4026-b405-3281a1c094fa,500,31,531
b24ba669-0ac6-4394-9f36-dd933135ffc3,f5ca275f-bdbe-419a-ac47-5ffc48b1f4fe,2023-12-20 08:28:00,2c7c0b40-21e5-4026-b405-3281a1c094fa,600,37,637
9b19a0f0-a92b-4223-b67d-814b69fed10c,770ef8a9-2d3e-436a-8d56-15cbb14191f6,2023-12-20 08:58:00,2c7c0b40-21e5-4026-b405-3281a1c094fa,500,31,531
29585323-7989-4a20-90a2-5454c34a5b17,9a65900b-27f4-4b08-a09b-f919986f3b7f,2023-12-20 09:22:00,2c7c0b40-21e5-4026-b405-3281a1c094fa,500,31,531
61e25811-02bd-4beb-adce-edf1d1816873,9cf15c00-66f8-446b-aa1e-6cfaa15a28cd,2023-12-20 08:00:00,2c7c0b40-21e5-4026-b405-3281a1c094fa,700,43,743
1d926567-d277-4f76-bf97-fcbdc9413389,48509249-030e-4da5-aabe-34c1bb302e05,2023-12-20 12:17:00,2c7c0b40-21e5-4026-b405-3281a1c094fa,4400,275,4675
8bd52e70-5a69-4e38-be1e-4a28d6f7a2a6,c950e872-765f-41c6-9298-08946b5da33c,2023-12-20 14:44:00,2c7c0b40-21e5-4026-b405-3281a1c094fa,600,37,637
ff4280ad-3e95-4c3a-bb5d-45b31857ffff,0a1537fd-daf7-45b7-9079-4896eebfc105,2023-12-20 08:08:00,2c7c0b40-21e5-4026-b405-3281a1c094fa,700,43,743
7585ab14-fc5d-451c-a4e9-434ce4745922,b1fedc8d-d8e8-45ea-9dfb-5b47351591d6,2023-12-20 15:27:00,2c7c0b40-21e5-4026-b405-3281a1c094fa,1600,100,1700
a807ef68-4b4e-4365-a9fb-bbf4cb3c028a,e3954c8f-706c-4955-aa47-53462acf95f6,2023-12-20 16:46:00,2c7c0b40-21e5-4026-b405-3281a1c094fa,2000,125,2125
9d4b07f4-1c4f-4d4f-bc80-28f0fc628686,e57fd108-3118-442c-b5b5-7c1add68fb8a,2023-12-20 10:45:00,2c7c0b40-21e5-4026-b405-3281a1c094fa,600,37,637
5c435bb8-b642-43a3-bba2-a84b41d36d8b,7f07fcee-dd67-4eff-8f85-b102c1043eb8,2023-12-20 15:01:00,2c7c0b40-21e5-4026-b405-3281a1c094fa,400,25,425
aafca399-deba-46f9-8b53-70ee6f61a9fc,1481f859-7fad-49a6-8222-7de03bebd7ed,2023-12-20 12:51:00,2c7c0b40-21e5-4026-b405-3281a1c094fa,600,37,637
8da6f6f0-f5a5-4005-a2af-78507e6dc24f,b261ee63-cdf8-409f-a4d5-5a5f5648f8fd,2023-12-20 09:01:00,2c7c0b40-21e5-4026-b405-3281a1c094fa,400,25,425
5779d1f7-e312-461a-a978-171a89b4d27a,17314111-8073-4571-82b0-3cbdaf3672bd,2023-12-20 08:11:00,2c7c0b40-21e5-4026-b405-3281a1c094fa,600,37,637
0d92b1bb-f41f-4aa7-84cc-c2393d283b46,949fe8f4-8334-4f81-b38c-40be2a439d7a,2023-12-20 08:13:00,2c7c0b40-21e5-4026-b405-3281a1c094fa,400,25,425
1371a26d-a217-4f5f-b32c-d173f15eaf64,c00da9ba-d5c6-48cc-a9d7-ae2f6b116876,2023-12-20 07:31:00,2c7c0b40-21e5-4026-b405-3281a1c094fa,700,43,743
81ff8c87-b1f0-414d-bf0b-39bfd9bb4664,7b07cdef-7550-4398-a827-0f166702558d,2023-12-20 10:58:00,2c7c0b40-21e5-4026-b405-3281a1c094fa,700,43,743
dc72622a-2c70-4238-ad72-1107d884a13a,7815f514-9fba-4b3a-a396-b1c903e2d5ea,2023-12-20 08:19:00,2c7c0b40-21e5-4026-b405-3281a1c094fa,600,37,637
d682d1fd-bf2f-4d1e-ab81-a182e114ec77,cda4a9bc-f8e6-4524-9544-d93d4a610a47,2023-12-20 10:22:00,2c7c0b40-21e5-4026-b405-3281a1c094fa,600,37,637
607842f9-70d3-49b9-9b18-7b7e91ea33dd,4ceaf012-7044-4c13-9ff6-afb4f9f197eb,2023-12-20 07:32:00,2c7c0b40-21e5-4026-b405-3281a1c094fa,600,37,637
0f1907b7-ddc2-4e9e-b72f-65c3922ed866,e5296814-9316-48d8-8b0e-ee925b70e267,2023-12-20 12:06:00,2c7c0b40-21e5-4026-b405-3281a1c094fa,600,37,637
c6eb1894-d39b-4059-9f25-a95c7cc644c4,85dc0f8e-0185-44ca-ab0f-e81472fd3739,2023-12-20 16:46:00,2c7c0b40-21e5-4026-b405-3281a1c094fa,2000,125,2125
896bc723-eb64-4a3d-8ecf-818c77975298,411bf114-1d91-4d9e-9b2e-2eb1e59d80bb,2023-12-20 08:12:00,2c7c0b40-21e5-4026-b405-3281a1c094fa,700,43,743
fde1bafd-f386-4892-ad84-a5cd3db02015,db840a3d-ae8a-4f70-93d0-a7ceb56ce5d4,2023-12-20 16:46:00,2c7c0b40-21e5-4026-b405-3281a1c094fa,1800,112,1912
192c3118-97ea-4d5b-9c1d-ddc9e849c749,ede97af1-6cfd-49bc-abd6-1dbfd267d239,2023-12-20 14:57:00,2c7c0b40-21e5-4026-b405-3281a1c094fa,1600,100,1700
b1eb1008-1982-4a58-ad10-df0a5cff7d3a,ceac67dd-d360-4dc4-9cc4-c8ae08998559,2023-12-20 14:20:00,2c7c0b40-21e5-4026-b405-3281a1c094fa,2400,150,2550
af47d070-aec2-4964-b659-e30a160f48de,33e4eccb-501b-4aae-89bb-fa7087ab00f6,2023-12-20 16:40:00,2c7c0b40-21e5-4026-b405-3281a1c094fa,2300,143,2443
694c9a29-f575-4e30-b2f0-72fa76bd349d,14ebae18-4f6a-4859-bfae-b563d9019e99,2023-12-20 19:29:00,2c7c0b40-21e5-4026-b405-3281a1c094fa,2000,125,2125
6de32a3e-27f0-4be5-8b4f-a62d41edc497,41ced0f3-bdf3-4470-b30c-bc95aa96f228,2023-12-20 15:30:00,2c7c0b40-21e5-4026-b405-3281a1c094fa,2500,156,2656
b148d49c-336f-4b82-8a7b-063e87c3a70f,9d117cbc-8206-44fc-a784-1b7e26e69f14,2023-12-20 07:59:00,2c7c0b40-21e5-4026-b405-3281a1c094fa,600,37,637
b9609dba-1f67-4e95-807f-e88687a3d844,0187cae0-cd0c-4287-9064-104261c48c9e,2023-12-20 14:36:00,2c7c0b40-21e5-4026-b405-3281a1c094fa,1700,106,1806
76c69b1c-4fbd-4183-89c7-59be166e9966,ea21e050-07b9-4cfa-9099-53c33cccabdd,2023-12-20 13:40:00,2c7c0b40-21e5-4026-b405-3281a1c094fa,1800,112,1912
e95e6104-849c-4b19-88b8-5f851d9ed0b1,b3f5f687-ea5c-49d0-9b70-94ceeb7d8e5e,2023-12-20 18:22:00,2c7c0b40-21e5-4026-b405-3281a1c094fa,600,37,637
6d106507-dcd1-4f09-b158-8a24c15b4e33,51a229f5-9725-4489-b94d-d06f0c9c9103,2023-12-20 17:47:00,2c7c0b40-21e5-4026-b405-3281a1c094fa,500,31,531
a2c1808f-f880-4b47-9184-e420e917a57e,c38122f1-bf34-4609-86ba-ffd1f95e88a1,2023-12-20 08:02:00,2c7c0b40-21e5-4026-b405-3281a1c094fa,500,31,531
cbf6ea55-beb2-4b78-9b3e-9957ca8d71a8,33403027-f2f6-4d5b-b72a-f9a6bd0f75d6,2023-12-20 13:25:00,2c7c0b40-21e5-4026-b405-3281a1c094fa,500,31,531
71e5c719-e9a4-483c-a110-c491da6305dc,b29427fc-5839-43aa-8cce-5fabfae85302,2023-12-20 15:19:00,2c7c0b40-21e5-4026-b405-3281a1c094fa,400,25,425
ff376562-4f35-401e-a156-26f2dd3db958,9fddd59b-8092-44dd-823a-2a10f4a954f3,2023-12-20 08:11:00,2c7c0b40-21e5-4026-b405-3281a1c094fa,700,43,743
f698e17e-23d7-44d2-ac45-3d8b6ae3ece9,3d0f7b2e-b6d1-44b5-8756-a848f2eab391,2023-12-20 15:29:00,2c7c0b40-21e5-4026-b405-3281a1c094fa,1900,118,2018
dcb723ce-46ae-474c-868a-564de5bbeb41,07b7f34d-6032-4d38-b47c-e38ceaa35664,2023-12-20 11:39:00,2c7c0b40-21e5-4026-b405-3281a1c094fa,2200,137,2337
7f9c82db-be34-4edc-9ee0-128e867ada10,900c8b72-6cf9-41c2-9528-bfd661a2a6c5,2023-12-20 07:58:00,2c7c0b40-21e5-4026-b405-3281a1c094fa,700,43,743
035f927f-90e5-470f-a005-792a2a526606,fd0a14de-47c2-4cc3-a067-321ea46cfacb,2023-12-20 16:07:00,2c7c0b40-21e5-4026-b405-3281a1c094fa,1700,106,1806
3cb93801-777c-4655-b858-9c99dd473b8c,05d37c9d-0780-45ea-9c41-ae74878ca992,2023-12-20 08:20:00,2c7c0b40-21e5-4026-b405-3281a1c094fa,600,37,637
d3d45895-5b5b-4187-a4ed-d808246ba60e,2d98fe07-303d-43ac-b2c7-b688f0765087,2023-12-20 07:20:00,2c7c0b40-21e5-4026-b405-3281a1c094fa,700,43,743
0bb3817b-4ef6-4a81-86ef-9efa5f326bc6,f75a6b15-5908-4701-be73-63cc159dd363,2023-12-20 08:11:00,2c7c0b40-21e5-4026-b405-3281a1c094fa,400,25,425
b463d746-24e5-4255-8a32-2bc2daae2a3c,385c7b34-d076-445b-b8de-834fe6714ef0,2023-12-20 14:08:00,2c7c0b40-21e5-4026-b405-3281a1c094fa,500,31,531
871f75ad-53d2-4477-9b9b-605bf617c879,325d860f-7129-46e3-84fb-ece38a4a511e,2023-12-20 07:55:00,2c7c0b40-21e5-4026-b405-3281a1c094fa,500,31,531
872d7924-37a2-4b68-a1fb-7dffab3aa623,185f50fa-1880-4d33-bffb-0229c00021e1,2023-12-20 07:00:00,2c7c0b40-21e5-4026-b405-3281a1c094fa,600,37,637
aa64cb53-dae1-45b5-8578-8528643efacc,70de3474-e117-42f3-8d50-5371e1acae17,2023-12-20 14:14:00,2c7c0b40-21e5-4026-b405-3281a1c094fa,700,43,743
ad03af85-53e7-431c-8a22-50bf68349440,82ebe082-4789-437f-b9ad-9b5af2e151f2,2023-12-20 07:00:00,2c7c0b40-21e5-4026-b405-3281a1c094fa,700,43,743
a307bdb4-b648-439e-a6de-384afc2dfc64,b20bae30-2c82-4e03-ae3e-c6a9238fa0a2,2023-12-20 08:19:00,2c7c0b40-21e5-4026-b405-3281a1c094fa,600,37,637
b92a97f5-e3a0-442d-9dae-56828b03fd78,0b1434d8-87fe-40c9-9029-702c51ba0dc8,2023-12-20 17:55:00,2c7c0b40-21e5-4026-b405-3281a1c094fa,400,25,425
cf7471c4-31dc-4b0b-a3e8-ccbf652f66f3,d1d9e650-9178-4395-b1e9-36d4bf78b10b,2023-12-20 16:17:00,2c7c0b40-21e5-4026-b405-3281a1c094fa,1900,118,2018
edc27ffd-2507-4f05-948c-e0ce61ec8427,77679713-afd0-4b0c-84b3-755462888e28,2023-12-20 13:14:00,2c7c0b40-21e5-4026-b405-3281a1c094fa,700,43,743
49589ab0-46b7-4534-8224-db40347296b5,6a0564fc-7a6d-481e-b89e-3ff39fde4e6f,2023-12-20 14:30:00,2c7c0b40-21e5-4026-b405-3281a1c094fa,1600,100,1700
8223fab4-fe92-4791-ba3b-1b8e38c1a482,54cf7510-06ec-4749-8608-47e47e4bae7e,2023-12-20 14:50:00,2c7c0b40-21e5-4026-b405-3281a1c094fa,2000,125,2125
b2c01f74-1cee-4a02-9796-32432ce0e3e8,8bdfd5f7-e6c8-4213-90f8-290340275705,2023-12-20 08:04:00,2c7c0b40-21e5-4026-b405-3281a1c094fa,700,43,743
772154dc-4608-47d1-aab0-d29b5e98b7e5,4930bc83-623f-498d-9657-e6946df34670,2023-12-20 07:35:00,2c7c0b40-21e5-4026-b405-3281a1c094fa,400,25,425
b559da0f-19bb-4c54-80d0-cd61dc879933,ff0e6672-f5c3-49c3-8641-640328bd5e32,2023-12-20 07:28:00,2c7c0b40-21e5-4026-b405-3281a1c094fa,700,43,743
36cff427-d9ad-49c0-ad61-65140fee9f40,eb7f58bc-0664-4ace-ae93-92e55562d42c,2023-12-20 11:32:00,2c7c0b40-21e5-4026-b405-3281a1c094fa,600,37,637
f80d8c0e-c9df-468c-910e-188f4f0ca776,2126e90c-f785-447f-8084-2c01f266f801,2023-12-20 12:46:00,2c7c0b40-21e5-4026-b405-3281a1c094fa,400,25,425
587142e1-b537-4b05-adc4-8e16da0bf94a,4ed02205-22bb-4bfd-896c-d175d6567c62,2023-12-20 16:00:00,2c7c0b40-21e5-4026-b405-3281a1c094fa,500,31,531
ac627c39-3696-4750-9060-b50fd64b0748,86ce2bfe-cfd3-43d7-bf73-302839416a8f,2023-12-20 07:52:00,2c7c0b40-21e5-4026-b405-3281a1c094fa,600,37,637
26cbd222-4996-48a8-bf0e-88bc4f6798a9,4166ac83-e288-40a4-a9b4-e991ecb409e1,2023-12-20 18:07:00,2c7c0b40-21e5-4026-b405-3281a1c094fa,1800,112,1912
d7f64fd8-b2df-443a-88e3-f68895ebdf1f,d3a2e187-0d5f-4c0d-889d-aab3ff2fd8ba,2023-12-20 07:22:00,2c7c0b40-21e5-4026-b405-3281a1c094fa,700,43,743
249daa29-8a74-4d2f-a1a3-d583eb6e0c7f,9f15e740-2f82-40a0-be8d-3d0d64c9dd5c,2023-12-20 14:03:00,2c7c0b40-21e5-4026-b405-3281a1c094fa,1000,62,1062
adb63691-fcb8-4807-a3d4-57da44abee46,669e7a05-fd01-45bb-8275-04e6656af5a3,2023-12-20 14:20:00,2c7c0b40-21e5-4026-b405-3281a1c094fa,600,37,637
3b563653-77a4-456e-b0f6-b0da08db2d70,7e704409-e995-4e26-8eae-5d89eeb90107,2023-12-20 17:07:00,2c7c0b40-21e5-4026-b405-3281a1c094fa,700,43,743
38b82a98-420a-4d1a-b7da-a0e524377f64,b8e42ee1-c094-4f0b-af09-b9952db3e2d9,2023-12-20 14:54:00,2c7c0b40-21e5-4026-b405-3281a1c094fa,700,43,743
e57e423f-90d7-4683-b833-ae1dc4866a98,2aebbf7f-b775-4c03-9a7c-83deebadf4c0,2023-12-20 07:00:00,2c7c0b40-21e5-4026-b405-3281a1c094fa,700,43,743
b9d5280f-41ca-46cc-9a17-4040c2528d56,6c89e693-e895-44dc-b33d-28f79f7c619b,2023-12-20 08:20:00,2c7c0b40-21e5-4026-b405-3281a1c094fa,600,37,637
ba5facad-1e5e-4c58-ae56-9f7e0285dff7,32e90055-dc31-432b-8858-e6a60f312009,2023-12-20 17:24:00,2c7c0b40-21e5-4026-b405-3281a1c094fa,600,37,637
fc82b639-7145-4694-9a6a-528bd7ac7b17,7819dde7-1b51-4fa3-8f8a-05d4753ded13,2023-12-20 08:51:00,2c7c0b40-21e5-4026-b405-3281a1c094fa,400,25,425
fdce8d03-d12e-4ffd-97bc-7b34a53bb2fb,30a2f263-f55c-4b89-83d1-c19eee532a38,2023-12-20 08:28:00,2c7c0b40-21e5-4026-b405-3281a1c094fa,600,37,637
dcc201ff-949e-4c7e-b307-71fba30d31b7,3e682e33-7cbe-4994-9744-100e97f4af69,2023-12-20 10:10:00,2c7c0b40-21e5-4026-b405-3281a1c094fa,2600,162,2762
1a90e31f-e64d-430b-a89d-6e6602e45a75,25be8c41-9718-48cd-b694-0be70c58545a,2023-12-20 10:31:00,2c7c0b40-21e5-4026-b405-3281a1c094fa,2600,162,2762
5b53efa4-9cf8-47f4-9e88-cf98c4707f80,2c23560c-f644-4386-bfbe-a9743f443c42,2023-12-20 08:11:00,2c7c0b40-21e5-4026-b405-3281a1c094fa,600,37,637
1e4873f3-caae-4d3a-a7dc-135ddf82472a,e083c7ff-a159-4823-9314-09d3984c3785,2023-12-20 14:29:00,2c7c0b40-21e5-4026-b405-3281a1c094fa,700,43,743
6cc0f862-7637-4956-9a1e-f8aad3484d9a,017ee500-8ec5-4a50-b74c-95520f0a8958,2023-12-20 12:41:00,2c7c0b40-21e5-4026-b405-3281a1c094fa,400,25,425
5869de27-9293-4e5a-95d1-a4d7714e0a3e,c55efd1e-8a85-45c7-9e8c-443b817ddda8,2023-12-20 10:47:00,2c7c0b40-21e5-4026-b405-3281a1c094fa,600,37,637
7076ae9b-bcd1-4447-9e99-1778994f8a97,99f8915a-b1ec-40a3-ae24-14f3dd694d12,2023-12-20 07:31:00,2c7c0b40-21e5-4026-b405-3281a1c094fa,500,31,531
8b3892e7-bdac-47b2-9542-521c6be38278,8d3cdf25-82d6-4a3d-84c4-f2e0a031b3fe,2023-12-20 17:50:00,2c7c0b40-21e5-4026-b405-3281a1c094fa,2400,150,2550
429ae2cb-6eea-4345-998e-ab8d4dd4efe1,92b731d0-8f4e-4454-927b-c08037930a62,2023-12-20 15:12:00,2c7c0b40-21e5-4026-b405-3281a1c094fa,400,25,425
9e220d29-2aed-423e-81ed-87d9486edb6c,268ffc49-8df7-491e-a596-028aa31492ef,2023-12-20 08:05:00,2c7c0b40-21e5-4026-b405-3281a1c094fa,500,31,531
08db1c27-af3b-4ebe-ad48-f1bc1c095743,3220d599-e583-4cac-9428-261bd8e3b069,2023-12-20 12:23:00,2c7c0b40-21e5-4026-b405-3281a1c094fa,1600,100,1700
bc1346d9-1835-485a-9c79-5e82460d588e,700e4d1f-cf30-4c0a-973c-7fd20e31e10a,2023-12-20 10:17:00,2c7c0b40-21e5-4026-b405-3281a1c094fa,1300,81,1381
a0278e90-947b-4d09-a009-a0ac0f5cb14a,31f31b8a-1ee1-4be0-8d9d-246512c978f5,2023-12-20 13:45:00,2c7c0b40-21e5-4026-b405-3281a1c094fa,600,37,637
2c17e98e-b950-4531-9a81-d32bea887b03,0f5163de-14a7-4833-a294-13d3aae250f3,2023-12-20 08:29:00,2c7c0b40-21e5-4026-b405-3281a1c094fa,500,31,531
543ba997-d78a-447c-b37d-42181c4b1515,60bc1e14-fc8d-459f-9069-ea94123b17f3,2023-12-20 09:05:00,2c7c0b40-21e5-4026-b405-3281a1c094fa,1200,75,1275
da329c10-9536-4f01-b54a-f4a2050aacc2,2228ab7c-91a4-4cac-bebb-8e8f096524b0,2023-12-20 07:53:00,2c7c0b40-21e5-4026-b405-3281a1c094fa,400,25,425
2a055328-61bf-4cce-ae47-4b5599779065,8e784b74-ab3c-4e1d-ac1d-668719158894,2023-12-20 08:17:00,2c7c0b40-21e5-4026-b405-3281a1c094fa,600,37,637
d3587c7c-f5ed-424f-a6ce-e8ad1eb01e55,151f36a5-f3cb-4188-b34c-1964b4fcebbe,2023-12-20 17:47:00,2c7c0b40-21e5-4026-b405-3281a1c094fa,600,37,637
e75dc92f-4480-40b9-887a-028db2325577,f2ed3dee-af64-4cc3-abb6-22d3764641b7,2023-12-20 07:46:00,2c7c0b40-21e5-4026-b405-3281a1c094fa,600,37,637
4d9019c7-2f55-4388-a064-fa61b12ac6ea,d8051266-420e-48a9-b0e7-e23cef1ec950,2023-12-20 18:25:00,2c7c0b40-21e5-4026-b405-3281a1c094fa,1800,112,1912
6ab1acae-bcf1-4346-8154-9a1d376f9729,c77b07ea-c37e-41a3-95f1-813c1f7879db,2023-12-20 07:25:00,2c7c0b40-21e5-4026-b405-3281a1c094fa,500,31,531
d3729782-ec46-4b9b-9247-e002d86f665c,8fb4658e-e123-42df-8e77-a6ed29fc5f38,2023-12-20 18:33:00,2c7c0b40-21e5-4026-b405-3281a1c094fa,1800,112,1912
d489b65a-90e2-4ad8-b65a-41f318283b51,731a3243-ba6e-4903-ad46-9d414fd8964f,2023-12-20 12:34:00,2c7c0b40-21e5-4026-b405-3281a1c094fa,1000,62,1062
d764f981-a6db-4741-a9a3-b659ed5bcbd0,27ed9719-c79b-40e1-8104-2725a63c045d,2023-12-20 09:22:00,2c7c0b40-21e5-4026-b405-3281a1c094fa,500,31,531
92a8083c-dddd-4b8d-b69b-fb1fa96edf20,02642c3e-981a-40f6-8403-7e10f5c62737,2023-12-20 12:25:00,2c7c0b40-21e5-4026-b405-3281a1c094fa,400,25,425
b171e242-7cc9-4b94-a2aa-5b1dacc824a5,f4077df6-3f65-49a0-8b0a-6832b2d150f1,2023-12-20 08:17:00,2c7c0b40-21e5-4026-b405-3281a1c094fa,600,37,637
6cbc8b4f-440c-4625-a194-4b60aff586f6,7ccf52c5-9a61-4cdd-b066-1861d44d7118,2023-12-20 16:00:00,2c7c0b40-21e5-4026-b405-3281a1c094fa,1900,118,2018
fe928e93-762f-4e65-b8fc-4bdc124579e8,2c03dde5-9104-4078-95cc-262c4d4e306c,2023-12-20 17:11:00,2c7c0b40-21e5-4026-b405-3281a1c094fa,1800,112,1912
55a52549-8cdc-418b-bf4d-b4b29b89273c,ac4afb8d-0558-4ead-8f52-e442e2dd4924,2023-12-20 07:47:00,2c7c0b40-21e5-4026-b405-3281a1c094fa,600,37,637
38a28173-412e-4f88-bb12-a271bcfe33b7,877008e3-94f7-4843-a311-34a98d98fade,2023-12-20 19:28:00,2c7c0b40-21e5-4026-b405-3281a1c094fa,700,43,743
5f050577-8ad5-4265-9cea-148aeb54eded,3751b71a-1197-4375-b25c-da8de1782910,2023-12-20 11:21:00,2c7c0b40-21e5-4026-b405-3281a1c094fa,600,37,637
b3e876f6-affa-4b5b-8036-66bfb8b6a57a,01eafdd9-7ae4-4fc1-81eb-f1b2360d17f6,2023-12-20 18:07:00,2c7c0b40-21e5-4026-b405-3281a1c094fa,1700,106,1806
dc1c9af9-95f4-464a-a92b-86e365e95982,36439b4b-c7f8-4010-8000-f370ee29e661,2023-12-20 16:34:00,2c7c0b40-21e5-4026-b405-3281a1c094fa,2500,156,2656
791af1a5-04df-485b-a219-c60ab603f58a,b9d253c1-b0be-4045-ad56-78846256bc9b,2023-12-20 08:09:00,2c7c0b40-21e5-4026-b405-3281a1c094fa,400,25,425
f3dd8817-f5aa-4fee-a30f-e0142aa3c397,a199f995-f93f-450a-9dd2-4747e733f032,2023-12-20 07:39:00,2c7c0b40-21e5-4026-b405-3281a1c094fa,500,31,531
9fb94365-6f90-4e50-b25d-52343fc42780,6aa2e9f4-298e-4a00-ae30-40341edc970b,2023-12-20 12:51:00,2c7c0b40-21e5-4026-b405-3281a1c094fa,600,37,637
baec4228-508d-4980-bc37-8128bab2484e,9e954843-2542-4dcb-b42b-15afeb6f54b1,2023-12-20 16:25:00,2c7c0b40-21e5-4026-b405-3281a1c094fa,600,37,637
a5292410-c863-4b7e-9940-f692cd949f16,cf2d6243-d331-4c68-ae61-784a22223470,2023-12-20 14:16:00,2c7c0b40-21e5-4026-b405-3281a1c094fa,600,37,637
a7f7bf78-51de-4a37-99c4-7dc2fd8e3793,6a70bb64-0e00-43ef-9d71-59e6ff9d605f,2023-12-20 07:18:00,2c7c0b40-21e5-4026-b405-3281a1c094fa,700,43,743
b315971b-6629-40b4-b042-747d996edbdc,e3194d11-8cfa-45a1-bf58-318f63ed3179,2023-12-20 08:22:00,2c7c0b40-21e5-4026-b405-3281a1c094fa,600,37,637
2cf14c12-57fd-488a-870c-7adef0664d4e,95d47085-8645-4f96-bfdb-3e8d8280e39e,2023-12-20 15:10:00,2c7c0b40-21e5-4026-b405-3281a1c094fa,1700,106,1806
7140d067-b0c4-48c9-bffd-76ba70b2a6ff,c75de8fa-cf9b-43b7-b3e5-f64a81426a44,2023-12-20 17:23:00,2c7c0b40-21e5-4026-b405-3281a1c094fa,700,43,743
4b631159-591e-492b-a5b9-f381f0b24277,f558905d-ff4a-41c3-9033-b5c2e2a25d25,2023-12-20 14:15:00,2c7c0b40-21e5-4026-b405-3281a1c094fa,600,37,637
c1d933b7-9b2c-4c39-9baa-24828f97b9fe,de26451c-3959-420f-a098-380adce42371,2023-12-20 14:29:00,2c7c0b40-21e5-4026-b405-3281a1c094fa,1200,75,1275
d022e1e3-03bb-41a3-8a30-7a111acc4669,0b4e3ffe-f5f7-4114-b024-c6db96ded07c,2023-12-20 07:44:00,2c7c0b40-21e5-4026-b405-3281a1c094fa,600,37,637
2d923d0c-a6cb-4d72-9a8d-3e6eb695930d,04f0e58e-9310-4613-9620-9d86a9aac81e,2023-12-20 07:51:00,2c7c0b40-21e5-4026-b405-3281a1c094fa,400,25,425
c7a8c44c-b09e-4516-a300-de4410319f8d,f108b09a-f3b1-4d80-b3d3-0610542982ea,2023-12-20 08:11:00,2c7c0b40-21e5-4026-b405-3281a1c094fa,500,31,531
108d446f-a895-4054-a645-2de50d25e018,1d4f1fe4-7afc-4f0f-b019-c1e2b9c4d001,2023-12-20 07:02:00,2c7c0b40-21e5-4026-b405-3281a1c094fa,600,37,637
93506a5b-94a4-4285-b9f1-2d93a609a318,e936075e-f265-47cf-9324-35d6187af866,2023-12-20 15:06:00,2c7c0b40-21e5-4026-b405-3281a1c094fa,500,31,531
02bedcd3-251c-4cf8-ba9a-2fade379663e,5ee74f0a-6394-489c-9731-e60841833a9f,2023-12-20 13:44:00,2c7c0b40-21e5-4026-b405-3281a1c094fa,1200,75,1275
336fc08d-65c3-45ae-8d5c-3e13b53f50db,a0e231cb-637d-4493-85da-e7abb1fe936a,2023-12-20 08:40:00,2c7c0b40-21e5-4026-b405-3281a1c094fa,500,31,531
672c6e81-b1f8-4ede-a302-ba37e47ce99a,e3d19320-c4f4-41ba-b6a0-684f4897e53d,2023-12-20 11:38:00,2c7c0b40-21e5-4026-b405-3281a1c094fa,500,31,531
66c0eb58-a8c0-42b0-aac2-dd5228cb1069,2b0dd3ef-74b8-4b6a-bd42-b747870fbd42,2023-12-20 09:10:00,2c7c0b40-21e5-4026-b405-3281a1c094fa,600,37,637
9329f96b-76c7-427c-b03f-fd85dc773d0d,46b591a6-100d-4561-ab0e-fc8d82150821,2023-12-20 09:18:00,2c7c0b40-21e5-4026-b405-3281a1c094fa,1800,112,1912
ebea80a4-c369-41a6-9deb-14d59a97c4dc,f58ade35-beb2-412f-a459-0684fedf4d28,2023-12-20 08:01:00,2c7c0b40-21e5-4026-b405-3281a1c094fa,600,37,637
ce492b01-c74f-4f61-a25a-211b08fffbf1,e9ed64ae-e9bc-49a1-956f-fb7c07e2f289,2023-12-20 07:54:00,2c7c0b40-21e5-4026-b405-3281a1c094fa,700,43,743
6d5ba5c8-a7bb-4bd0-9f5a-e0f83bed0dc4,8cdfd70a-f030-42d1-ac6b-815aa77d768d,2023-12-20 13:21:00,2c7c0b40-21e5-4026-b405-3281a1c094fa,500,31,531
72424c55-e7d7-4bcd-9b52-906b24a79b18,0dbb4c55-b011-4c87-a456-6bb698852d78,2023-12-20 17:41:00,2c7c0b40-21e5-4026-b405-3281a1c094fa,2000,125,2125
b7abed7a-a289-4242-9212-d2aa9f9014d2,58e99619-de64-48c0-adb0-1c722e1a8c04,2023-12-20 10:49:00,2c7c0b40-21e5-4026-b405-3281a1c094fa,600,37,637
a79a9043-f617-486e-a59d-bd730ead2eda,ad406609-038c-4d8f-908b-29eb83eddb40,2023-12-20 08:37:00,2c7c0b40-21e5-4026-b405-3281a1c094fa,400,25,425
0c6e118a-9504-4f92-ae2e-ba933b249767,74c597ea-d195-4bd1-aa04-e427bec2fa17,2023-12-20 07:57:00,2c7c0b40-21e5-4026-b405-3281a1c094fa,500,31,531
3248f694-09dc-4542-acef-ea8dd62d51e2,4cce8105-937e-47f6-a79a-245b6422e04f,2023-12-20 07:43:00,2c7c0b40-21e5-4026-b405-3281a1c094fa,600,37,637
2e5104b3-3236-4be7-af4d-6c9cc43443f8,2ff62908-2a68-4369-9d9c-86aa573ca4f2,2023-12-20 11:37:00,2c7c0b40-21e5-4026-b405-3281a1c094fa,1100,68,1168
393a769a-6eb9-4d1a-9f9d-4c8b3f355bac,54505263-9477-4b44-99d7-c3c1cb5b9ae8,2023-12-20 16:51:00,2c7c0b40-21e5-4026-b405-3281a1c094fa,1200,75,1275
476fb560-cf9f-4b9f-aec0-ee2de62ea1f9,515cc3da-fd37-487d-a219-a1632ba5e280,2023-12-20 13:06:00,2c7c0b40-21e5-4026-b405-3281a1c094fa,2100,131,2231
b3135842-a5e4-46f0-a1e6-aac012c3de6b,d88640a1-b1be-4103-b8e4-b43117d8244c,2023-12-20 12:28:00,2c7c0b40-21e5-4026-b405-3281a1c094fa,700,43,743
2c72054e-8de3-4a33-935f-f5ac0a8b1c4e,f09b7477-29b1-4d00-800b-d12d278ac830,2023-12-20 14:04:00,2c7c0b40-21e5-4026-b405-3281a1c094fa,1800,112,1912
401ef683-5dc6-44e8-96d0-b2976f9be7b9,fd31aa05-c88c-426d-9cd4-1bb676a9aab0,2023-12-20 11:24:00,2c7c0b40-21e5-4026-b405-3281a1c094fa,500,31,531
57c4a28b-5094-4e7f-9a47-8287f687aff7,717b775b-5eaa-463e-ba45-ac45e63cc1ca,2023-12-20 11:03:00,2c7c0b40-21e5-4026-b405-3281a1c094fa,2800,175,2975
6483cb16-9df2-4a5f-8329-b76a2f1bd770,33e8b867-e2fc-41c6-9a25-dee67fa2f23f,2023-12-20 07:00:00,2c7c0b40-21e5-4026-b405-3281a1c094fa,600,37,637
b75cb630-0c90-4d2c-b71c-0dab546d2fb0,290a6471-6527-42db-8a85-6452a351b89d,2023-12-20 07:42:00,2c7c0b40-21e5-4026-b405-3281a1c094fa,600,37,637
88bbadba-5cd3-4a69-874c-73857cfa0a36,f89fcee5-0944-4ab1-b8f9-7b894803324b,2023-12-20 12:35:00,2c7c0b40-21e5-4026-b405-3281a1c094fa,600,37,637
c5a636d9-b301-4b96-9925-d7e471b33c9e,32a7e957-1f4f-4b39-8809-e6b90a909480,2023-12-20 11:40:00,2c7c0b40-21e5-4026-b405-3281a1c094fa,500,31,531
aadcd959-13e1-4d84-b4a1-b20df6886a3b,5ce71596-3a6b-4485-b3e0-f1ea2226a655,2023-12-20 15:00:00,2c7c0b40-21e5-4026-b405-3281a1c094fa,1700,106,1806
66675390-5595-465c-9fd4-a60df788f02b,0ddc410e-f67a-4ea5-8b59-8efea281727e,2023-12-20 08:16:00,2c7c0b40-21e5-4026-b405-3281a1c094fa,700,43,743
09796b80-decc-45d4-950a-a0350e3ca966,09a6f48f-08f7-4722-876e-34a69cd5afe0,2023-12-20 08:19:00,2c7c0b40-21e5-4026-b405-3281a1c094fa,500,31,531
0ed8d0d1-8e21-467b-af55-008664b64ebc,da04cf5e-9160-4b55-b29b-bac89e3efdef,2023-12-20 18:23:00,2c7c0b40-21e5-4026-b405-3281a1c094fa,1600,100,1700
ceed5a9f-fdd0-41ed-9246-11eb6e336625,61221960-ce6c-49aa-9007-6deaee1fe79c,2023-12-20 07:43:00,2c7c0b40-21e5-4026-b405-3281a1c094fa,400,25,425
de506300-840c-4faf-be02-87e3b284ccce,fa87813c-8642-4647-819a-d45cdf464ec7,2023-12-20 18:31:00,2c7c0b40-21e5-4026-b405-3281a1c094fa,1900,118,2018
875b52ed-a54e-4dca-9748-b9f3478ee4af,95f8367b-c25a-481d-920e-5020e5aa6357,2023-12-20 13:28:00,2c7c0b40-21e5-4026-b405-3281a1c094fa,700,43,743
b57e474a-19ac-4db9-8be4-e180d8c61498,e4f06dfc-7b35-4388-8282-b5649cafa195,2023-12-20 14:48:00,2c7c0b40-21e5-4026-b405-3281a1c094fa,500,31,531
70d74ed6-47f4-489a-878d-717901d98fb5,9258bdcd-9fa0-41f5-9ea0-8fa72ab25157,2023-12-20 07:08:00,2c7c0b40-21e5-4026-b405-3281a1c094fa,400,25,425
af8ae08c-b55b-4ed3-b63e-38edc4200f1c,183fa501-3888-47e3-a4ed-901c09ef0c11,2023-12-20 13:48:00,2c7c0b40-21e5-4026-b405-3281a1c094fa,2300,143,2443
a60ecf20-1a97-495f-a934-d2fa5eba97aa,edf93937-7467-4cbe-be92-0abc0bc28432,2023-12-20 13:19:00,2c7c0b40-21e5-4026-b405-3281a1c094fa,600,37,637
ac004c0a-20ed-473d-8888-e9ffbdd89c9e,fa75a7cf-2ade-467f-9125-602e50dd7cda,2023-12-20 11:05:00,2c7c0b40-21e5-4026-b405-3281a1c094fa,600,37,637
f40e3689-9e82-45db-b14f-c035b1c2cc70,fa86383d-5c05-4a18-b6eb-6f97cf794762,2023-12-20 07:08:00,2c7c0b40-21e5-4026-b405-3281a1c094fa,600,37,637
0fd016d6-b8b0-4eb1-b13f-3ff1c2e37fb6,225cedf2-e2bb-48d4-9737-4b90a89aa988,2023-12-20 17:31:00,2c7c0b40-21e5-4026-b405-3281a1c094fa,600,37,637
e5aa010a-b89a-4006-ae59-7592e745aa7e,a8dd9b84-ec8e-4a39-b972-077d70029935,2023-12-20 14:42:00,2c7c0b40-21e5-4026-b405-3281a1c094fa,2000,125,2125
fe5c75a1-9f4f-4fe6-b167-4c55da89c867,4b733367-6af0-4554-9c5b-0dd8387cf875,2023-12-20 14:02:00,2c7c0b40-21e5-4026-b405-3281a1c094fa,700,43,743
7df39735-b2e1-47ed-ab67-9007c2fec5cc,af3dc3c6-d7d9-4803-90d7-b55e79b22d76,2023-12-20 08:07:00,2c7c0b40-21e5-4026-b405-3281a1c094fa,600,37,637
451bba8e-82a3-47d0-aea3-741a6f6236c8,ffaf2c96-a99d-4903-a02b-7e5eb0994fa5,2023-12-20 18:29:00,2c7c0b40-21e5-4026-b405-3281a1c094fa,700,43,743
34f8dcb6-b682-46af-9e17-7bdb803dbbf4,7187df43-a9cd-4d7d-9c30-f9bd4c359acd,2023-12-20 08:33:00,2c7c0b40-21e5-4026-b405-3281a1c094fa,400,25,425
de24527c-c93d-4e09-96f9-7c30b041d489,5ad9d2fc-7fb9-404c-a18e-7ef4de86de05,2023-12-20 13:52:00,2c7c0b40-21e5-4026-b405-3281a1c094fa,700,43,743
d4b72386-ae5d-45e6-b031-3dff65d7199e,d9e29bad-fb1a-4823-b64a-387f3730d778,2023-12-20 07:37:00,2c7c0b40-21e5-4026-b405-3281a1c094fa,700,43,743
d2d0d939-65b4-4006-a255-eace4d191fd2,5d20b1af-4da2-4c21-9162-be96e4a17e16,2023-12-20 18:09:00,2c7c0b40-21e5-4026-b405-3281a1c094fa,2100,131,2231
68e9019f-e85d-46d3-97c6-fe85ebceb5a1,1edc0be5-374b-4971-b3e7-22d6827cc5af,2023-12-20 16:49:00,2c7c0b40-21e5-4026-b405-3281a1c094fa,600,37,637
69ccb7e1-62ef-44f3-bb29-a99af1b3123c,37cde76d-d177-41a0-bb0b-6c40df3f37b1,2023-12-20 08:03:00,2c7c0b40-21e5-4026-b405-3281a1c094fa,500,31,531
10c99dd7-853e-4b9b-a0fa-8d471a045952,490eb03b-b6c7-4dc9-81db-76fc63f7e94e,2023-12-20 11:57:00,2c7c0b40-21e5-4026-b405-3281a1c094fa,1100,68,1168
8daacb24-2b37-4bca-9d7f-3adad72252a1,90b91ce7-46e2-4b12-baa8-2cdfa15656ea,2023-12-20 07:39:00,2c7c0b40-21e5-4026-b405-3281a1c094fa,600,37,637
5ca6e955-29b6-4a65-8bbb-fb983c8f300e,4f65c9cf-09ca-407b-9eb9-d1927236fed1,2023-12-20 16:49:00,2c7c0b40-21e5-4026-b405-3281a1c094fa,1600,100,1700
236d3adf-ebf3-4af3-972d-aa9922b64476,04f23052-0975-4fc5-b516-b502a44254eb,2023-12-20 13:15:00,2c7c0b40-21e5-4026-b405-3281a1c094fa,500,31,531
5bc92b5d-5b70-462b-a369-73d3f88cae16,6580d0a6-b610-43c9-98b4-0b3a4d35181f,2023-12-20 08:00:00,2c7c0b40-21e5-4026-b405-3281a1c094fa,500,31,531
de027090-d534-407a-b88e-a7a542d1e0e5,ea7f3c07-7866-45ed-9af2-75c96025c924,2023-12-20 14:48:00,2c7c0b40-21e5-4026-b405-3281a1c094fa,600,37,637
27a1ea3f-c3c9-4435-87a8-ebff47f90da3,3b910127-b73e-48af-add0-951120f9c1c7,2023-12-20 18:23:00,2c7c0b40-21e5-4026-b405-3281a1c094fa,600,37,637
d00b82d1-06dd-4690-9287-564e92aabe16,8b7c60db-4f5b-40d2-ac84-2a4e24196bd3,2023-12-20 08:37:00,2c7c0b40-21e5-4026-b405-3281a1c094fa,700,43,743
ac06408a-dc96-4aa7-8ad7-a156af87bc05,f09f4350-ea88-425f-a370-f9f2b06c63ac,2023-12-20 14:00:00,2c7c0b40-21e5-4026-b405-3281a1c094fa,400,25,425
238a4276-0446-4e41-baca-77d12781fb0c,d9f56e87-a63f-42db-a715-ecfd7c776e6c,2023-12-20 07:13:00,2c7c0b40-21e5-4026-b405-3281a1c094fa,500,31,531
fa8a5518-a107-49c1-9334-e146a2ccae8b,914a31cb-ac05-4d33-84c3-8ba56558f6fb,2023-12-20 07:30:00,2c7c0b40-21e5-4026-b405-3281a1c094fa,500,31,531
4448c15c-cb8c-46d6-a413-6ffb753771c3,5ae067ce-c89b-429a-bfd8-835bd4f6c745,2023-12-20 13:57:00,2c7c0b40-21e5-4026-b405-3281a1c094fa,600,37,637
0cb5d750-79a7-4226-a7de-b14662267e3b,6bb09c4b-0695-44ea-abd7-b1f9ea506814,2023-12-20 14:43:00,2c7c0b40-21e5-4026-b405-3281a1c094fa,600,37,637
7209e8b1-e84f-41f7-90d0-e2512ac7838c,3fd3b778-820c-446d-9461-9dfda90aa25e,2023-12-20 07:36:00,2c7c0b40-21e5-4026-b405-3281a1c094fa,500,31,531
dde736c5-9044-43de-a8fe-85518f342756,42e5a617-ec38-425c-aec8-2dc4ef5a53d7,2023-12-20 18:03:00,2c7c0b40-21e5-4026-b405-3281a1c094fa,1700,106,1806
94f34772-3dbc-42d1-9182-ab129eefeb41,163f378a-a94c-4a9c-b6f0-53730585540a,2023-12-20 14:39:00,2c7c0b40-21e5-4026-b405-3281a1c094fa,700,43,743
753546e4-ce91-488d-a09c-191ce2a3521b,6d71309e-800a-463c-80cc-de411ebe5c20,2023-12-20 12:17:00,2c7c0b40-21e5-4026-b405-3281a1c094fa,1800,112,1912
af66d51a-436f-4203-b8c9-a09a1ddebd48,a2a067a7-47b7-4c15-a37f-f29551998f16,2023-12-20 12:40:00,2c7c0b40-21e5-4026-b405-3281a1c094fa,2300,143,2443
d6a7b88e-ee4d-4afc-9bcb-e4599e1c37f2,af23a8f9-7c01-484b-948c-15c04b633ecb,2023-12-20 19:21:00,2c7c0b40-21e5-4026-b405-3281a1c094fa,500,31,531
ac74bb4e-9381-4246-9ade-5967fa695a96,6a4c7390-cd12-4f21-867f-1fd27ed0529f,2023-12-20 15:33:00,2c7c0b40-21e5-4026-b405-3281a1c094fa,500,31,531
937e9bda-9a69-4b2c-9267-b28bd199a30f,d689cb26-458f-402b-aa4a-aae632f9d57d,2023-12-20 07:55:00,2c7c0b40-21e5-4026-b405-3281a1c094fa,500,31,531
fa0dc759-22e0-4d84-9320-57b87ea192af,866ddb83-d4a7-4c92-a1a0-f675b6330e2f,2023-12-20 13:52:00,2c7c0b40-21e5-4026-b405-3281a1c094fa,600,37,637
1f33e9b7-fc59-4693-85a7-f3f9eacfaf15,ec200c8d-8fb0-4370-a443-0ef74c624392,2023-12-20 07:22:00,2c7c0b40-21e5-4026-b405-3281a1c094fa,700,43,743
11729041-df51-4762-a503-fa5b0a5ffd57,d9cc6c50-9928-4d4f-8750-24817ff2bc24,2023-12-20 07:59:00,2c7c0b40-21e5-4026-b405-3281a1c094fa,600,37,637
a380fe6b-b368-4bbd-a57f-8dae62ac475e,4d56719c-923f-4b2e-ad9b-fb3f63869a1c,2023-12-20 11:40:00,2c7c0b40-21e5-4026-b405-3281a1c094fa,600,37,637
8fb404bc-9cb0-4453-9fc5-90ddeddfb0d3,f42f9a30-6970-4860-a605-2683706990ab,2023-12-20 10:47:00,2c7c0b40-21e5-4026-b405-3281a1c094fa,2000,125,2125
cf770fc7-3317-496d-9ee8-5274f40aa0dd,11f377bb-0bd9-4fed-bb18-7f818ce17bcb,2023-12-20 16:01:00,2c7c0b40-21e5-4026-b405-3281a1c094fa,1800,112,1912
dacd86dd-3651-48d3-8984-5d506d8de8fc,a0928352-1d2e-4ed9-99d4-1322339e4cc0,2023-12-20 14:08:00,2c7c0b40-21e5-4026-b405-3281a1c094fa,400,25,425
44a9d7a4-12d9-4c9d-a482-3eb0fc9d3a58,549648e0-135e-46c1-b6a0-42895fb5325d,2023-12-20 10:53:00,2c7c0b40-21e5-4026-b405-3281a1c094fa,400,25,425
fb33e778-a4fd-4b81-a9a9-78a9ba8e7b5d,128657ab-6c0f-4b68-b619-8522913ff958,2023-12-20 12:41:00,2c7c0b40-21e5-4026-b405-3281a1c094fa,500,31,531
2cc25de9-906e-4161-b727-f8b1c5daa268,5ef51cb8-5373-43ab-baa8-bc0bf0b1f03a,2023-12-20 08:08:00,2c7c0b40-21e5-4026-b405-3281a1c094fa,600,37,637
d287bd55-70df-421e-8a41-1b5c386c5c77,4503c9d9-3380-4ab0-9c5c-d339b2f9a616,2023-12-20 19:07:00,2c7c0b40-21e5-4026-b405-3281a1c094fa,600,37,637
7d5369d7-9cdf-446d-b2bc-07c677d6abda,776c8db3-e7d4-427e-b6ac-9c5b6d3c9a95,2023-12-20 15:40:00,2c7c0b40-21e5-4026-b405-3281a1c094fa,600,37,637
a77d5bfc-a1a9-44b4-a2a0-8ace6f608edb,c63d7b39-84c4-496f-9e49-b022d4c67379,2023-12-20 08:14:00,2c7c0b40-21e5-4026-b405-3281a1c094fa,600,37,637
a2ec5918-5e13-4e1a-ac73-1d84a1e1458e,80fbd5cc-a16a-4bfc-b2d6-4c96963c7272,2023-12-20 18:54:00,2c7c0b40-21e5-4026-b405-3281a1c094fa,400,25,425
aad85618-9823-4f5e-a45c-d0a0694db3c9,567ad296-7827-479a-904c-03986fcd533f,2023-12-20 10:44:00,2c7c0b40-21e5-4026-b405-3281a1c094fa,600,37,637
d38091bf-146d-4f17-b4dc-99eff7425e71,6ccf4269-e194-462e-8c01-8c5955d6bd1c,2023-12-20 07:46:00,2c7c0b40-21e5-4026-b405-3281a1c094fa,400,25,425
f321874b-350e-461d-ada5-280290669b9e,2e832c93-3fe2-48f3-9c75-853ddcc51188,2023-12-20 16:21:00,2c7c0b40-21e5-4026-b405-3281a1c094fa,500,31,531
3d5c8665-d06d-4c8d-922d-18c1363c5de8,e3031c45-e8dc-4f53-a9d9-d3d2d6da4eab,2023-12-20 08:28:00,2c7c0b40-21e5-4026-b405-3281a1c094fa,700,43,743
925ac60c-edeb-414b-83cb-18aeaedcc925,f438a665-870f-4f64-b48e-1ee83bfc1aba,2023-12-20 14:02:00,2c7c0b40-21e5-4026-b405-3281a1c094fa,1800,112,1912
21e9ab63-ebee-4f42-b7f6-5ed0c1ddcae4,c9cbb253-97c7-485c-b85f-451a18192201,2023-12-20 08:22:00,2c7c0b40-21e5-4026-b405-3281a1c094fa,600,37,637
f2f87245-c580-4520-83b3-f4d67c40ef7d,c23880b8-861f-4efd-b8d3-ecef7a43da0a,2023-12-20 14:17:00,2c7c0b40-21e5-4026-b405-3281a1c094fa,600,37,637
50bf6bf5-54c6-4617-b9ec-bf914f4ad684,73ffeb0a-1eff-45da-a196-7ff2b71038cd,2023-12-20 12:23:00,2c7c0b40-21e5-4026-b405-3281a1c094fa,1300,81,1381
7b282369-bd4a-4501-85ca-2c3528065abe,df4b8a9b-7fad-4ccb-aed3-d549db457b35,2023-12-20 15:29:00,2c7c0b40-21e5-4026-b405-3281a1c094fa,600,37,637
f0868d3c-82ab-4554-bc61-a1ddfca73caa,c9caa866-c448-4027-ac51-350ceb472f0a,2023-12-20 08:02:00,2c7c0b40-21e5-4026-b405-3281a1c094fa,400,25,425
63415d2f-dbcb-4b5b-a4ec-2ee8f5872291,db5e3f4e-dde6-4508-91d0-251e70e0270f,2023-12-20 11:11:00,2c7c0b40-21e5-4026-b405-3281a1c094fa,2500,156,2656
d9c43c33-d812-4b5a-b2d4-178c5ed8fbb5,02deee14-c680-46b5-a231-4a5c23642767,2023-12-20 07:00:00,2c7c0b40-21e5-4026-b405-3281a1c094fa,1800,112,1912
48e88e35-6484-4e3f-b331-bcd4b7ed0ae8,870e9d5f-72b4-4c42-a21f-7cdae3df8999,2023-12-20 09:05:00,2c7c0b40-21e5-4026-b405-3281a1c094fa,400,25,425
7b894028-b9c0-406e-9f9e-650576327e2e,98dd44e0-8267-41d7-9ab7-2ec70d317edd,2023-12-20 08:19:00,2c7c0b40-21e5-4026-b405-3281a1c094fa,400,25,425
d2b91576-7f9f-4733-a590-84a851cf5aa3,a3a3e27d-80d7-45cc-9c5a-cb1314ccedc3,2023-12-20 13:47:00,2c7c0b40-21e5-4026-b405-3281a1c094fa,1700,106,1806
051806bb-d13a-46a7-9b56-521b2bcae8d8,21ad42ca-b172-460f-b87d-eb3146cfd7ab,2023-12-20 19:51:00,2c7c0b40-21e5-4026-b405-3281a1c094fa,1200,75,1275
d7847d25-755a-4153-83d7-dee9094022ce,a6ba0baa-029e-4a9f-9825-b8af7fc606db,2023-12-20 13:53:00,2c7c0b40-21e5-4026-b405-3281a1c094fa,500,31,531
4c120e38-2f14-4f2e-8dc2-5bde05fdf966,bfb0b52c-65c3-43f9-8780-49304c6b8950,2023-12-20 17:11:00,2c7c0b40-21e5-4026-b405-3281a1c094fa,400,25,425
e6314696-24d3-44d9-b50f-a5f2592bb8ca,3c55c3b5-53c7-4c08-ae08-36d5c77362e5,2023-12-20 13:26:00,2c7c0b40-21e5-4026-b405-3281a1c094fa,400,25,425
4e08c2bb-67ac-47b9-8f73-b32db721cbcd,55fba3bd-b699-4784-aa0f-02eee2bb0505,2023-12-20 14:59:00,2c7c0b40-21e5-4026-b405-3281a1c094fa,600,37,637
0d1170aa-e878-455e-b7cc-76b6d6a37138,86ac6875-25e6-46a1-a433-e627e828fd82,2023-12-20 10:28:00,2c7c0b40-21e5-4026-b405-3281a1c094fa,700,43,743
d7e294a0-0108-4f95-a57a-ddb9ab64122f,0152df6e-ca2a-4b7f-992b-a8820c211120,2023-12-20 13:25:00,2c7c0b40-21e5-4026-b405-3281a1c094fa,600,37,637
e1f65e30-eadf-4dac-9961-c54fe594db49,09a4ab63-59e2-4bb4-ad07-a754cdbbd0f1,2023-12-20 07:59:00,2c7c0b40-21e5-4026-b405-3281a1c094fa,500,31,531
73ea58e3-ffc9-41f9-b415-d5e2a94ef3a4,cfe721e9-2b3c-471c-ab34-165a74d750ea,2023-12-20 08:58:00,2c7c0b40-21e5-4026-b405-3281a1c094fa,700,43,743
c8b6558b-97ae-4220-84a0-53806afec015,fc9504bc-32d7-4418-9b0a-629f0c180cc8,2023-12-20 10:21:00,2c7c0b40-21e5-4026-b405-3281a1c094fa,1600,100,1700
1e5cfac8-ca7a-42a0-a70d-3a6cf685eee8,a369f7d7-177a-49e5-804f-b41b61109600,2023-12-20 08:41:00,2c7c0b40-21e5-4026-b405-3281a1c094fa,400,25,425
e51c30ca-a216-4191-af6c-7e8bc0d71c7e,3ea763b7-6fe2-4a79-8f2e-9c04799b7d30,2023-12-20 14:50:00,2c7c0b40-21e5-4026-b405-3281a1c094fa,700,43,743
6be8c113-ff4d-4475-b84e-9e8452f01a0b,88cf1fe9-96fa-404e-ba49-767d646c0446,2023-12-20 15:56:00,2c7c0b40-21e5-4026-b405-3281a1c094fa,1800,112,1912
c3787f85-ab60-4b97-966e-b238aaf1cbf0,365d2e41-1070-4e46-8033-a297d6ef1a98,2023-12-20 07:47:00,2c7c0b40-21e5-4026-b405-3281a1c094fa,400,25,425
2d2768af-72b7-4188-b0b6-dd06259578b0,26695097-7378-4faa-9f62-d0e0664ff11e,2023-12-20 08:15:00,2c7c0b40-21e5-4026-b405-3281a1c094fa,600,37,637
aea736a4-4efa-426d-b5f0-ca9a7d56b09f,20cf11ec-8799-4af2-bd7a-9e7f288d535c,2023-12-20 15:26:00,2c7c0b40-21e5-4026-b405-3281a1c094fa,1700,106,1806
0b298b44-e8a7-4989-868c-942b23b569ae,186384b9-43b2-44b6-8c1b-43fafd8e5e0f,2023-12-20 17:07:00,2c7c0b40-21e5-4026-b405-3281a1c094fa,900,56,956
97307092-8a94-48d8-a5ab-3e346e353aa7,ac66f553-fefe-47d2-bd39-13ed1fcb3330,2023-12-20 16:36:00,2c7c0b40-21e5-4026-b405-3281a1c094fa,500,31,531
67876e8b-9d33-4ab7-90c1-70414d03c4ae,47e6b98f-1bc2-4e71-9c31-7359525c89a4,2023-12-20 12:31:00,2c7c0b40-21e5-4026-b405-3281a1c094fa,1200,75,1275
a26ae258-e864-4cdd-b8f5-2adc7081e5c8,879f8d92-cd5a-45b0-a78c-bb13a5542cfe,2023-12-20 17:16:00,2c7c0b40-21e5-4026-b405-3281a1c094fa,1900,118,2018
88b19c97-0cea-4044-bca9-a7fbee1697d4,763902ed-d882-4eca-a0f1-0b333eb57c8d,2023-12-20 07:12:00,2c7c0b40-21e5-4026-b405-3281a1c094fa,700,43,743
5e066609-95e6-4c01-8919-3bc1bb9cf1d0,690a51c9-e9a4-4ab0-8a98-19b76e98f62a,2023-12-20 17:35:00,2c7c0b40-21e5-4026-b405-3281a1c094fa,400,25,425
b4fde89a-f4c8-4168-a07b-233645e6eefd,9acce0e8-d045-4d2f-b4b2-a017e0dc7a4a,2023-12-20 16:06:00,2c7c0b40-21e5-4026-b405-3281a1c094fa,700,43,743
6c4f293d-9f43-40b4-aafb-dd3cf44f1985,44078c2b-ff96-4411-ac21-3ac475d9f62f,2023-12-20 08:43:00,059136e5-beb1-43f4-a3fe-9cc14dd0989b,400,30,430
948c87f7-6e80-480f-8d51-c842871a77a8,09e7c029-5016-4dfa-8e31-77678314c378,2023-12-20 08:28:00,059136e5-beb1-43f4-a3fe-9cc14dd0989b,500,37,537
523e5cec-32f4-4bc0-8fd9-db0a3b460ec5,81470d98-dacd-4700-ba0c-0c7913bef08f,2023-12-20 07:43:00,059136e5-beb1-43f4-a3fe-9cc14dd0989b,400,30,430
e4ad3f4b-56dd-4ab3-b654-705cb1a8b3b9,a8581b41-551a-4f0c-b260-7d7001b751b1,2023-12-20 13:40:00,059136e5-beb1-43f4-a3fe-9cc14dd0989b,1800,135,1935
e6b2f0e6-4735-4199-a4ed-d2488c4b50ab,486f7413-79ea-433d-adb4-14d7e49487e8,2023-12-20 18:58:00,059136e5-beb1-43f4-a3fe-9cc14dd0989b,400,30,430
d6c0f305-3fc9-49eb-a44b-845295c7388a,d0dc284e-b60f-48e9-9b8d-c12ab1d0424c,2023-12-20 08:23:00,059136e5-beb1-43f4-a3fe-9cc14dd0989b,400,30,430
fe003d56-042c-4a75-bbc1-1fc959e46d9a,f1a51900-aed7-4360-a2ff-053803fd229e,2023-12-20 16:54:00,059136e5-beb1-43f4-a3fe-9cc14dd0989b,1800,135,1935
8a271428-39b5-4fb2-8977-e76335be5b12,daeb0a8d-7840-447b-bb99-8952510a6f73,2023-12-20 10:42:00,059136e5-beb1-43f4-a3fe-9cc14dd0989b,400,30,430
feea9520-56f1-4a22-9020-52063bb61eff,71c39325-a7ad-4d27-8f8e-9bd563ba86c3,2023-12-20 17:49:00,059136e5-beb1-43f4-a3fe-9cc14dd0989b,500,37,537
db6dd715-9c0b-4b2d-95b3-90cc5949226b,9cc660cc-7431-45e4-a363-dfdc24f40577,2023-12-20 13:12:00,059136e5-beb1-43f4-a3fe-9cc14dd0989b,1800,135,1935
3f9d0ee2-729b-4d10-add6-28912fd896ff,eec4d1d4-4fa4-4078-ad90-fc84ded07515,2023-12-20 15:45:00,059136e5-beb1-43f4-a3fe-9cc14dd0989b,700,52,752
29030266-ad34-4957-bf16-295dbbe5793e,72b98a5e-a9a4-46ad-b5db-be0120ecdb29,2023-12-20 07:34:00,059136e5-beb1-43f4-a3fe-9cc14dd0989b,700,52,752
9b6dcc99-093a-4b63-a6cb-9baa904d924e,dcf87a24-5156-453f-b5ef-aac22c14d08c,2023-12-20 13:51:00,059136e5-beb1-43f4-a3fe-9cc14dd0989b,1800,135,1935
58314d90-43db-4673-be90-b383bdece9ea,1c1ac51a-3921-40e4-a21e-99f6f6f6f01b,2023-12-20 07:49:00,059136e5-beb1-43f4-a3fe-9cc14dd0989b,400,30,430
0bf53ae8-4ccc-4d47-a49b-d82e1ca910df,3f40e3be-f3ab-4e84-b084-3b2f6f92b1ed,2023-12-20 08:00:00,059136e5-beb1-43f4-a3fe-9cc14dd0989b,700,52,752
3fd2557c-f330-4ff9-a6a5-3ac099bb81b9,18b3cb0c-66bf-4610-953a-7d06de368bf4,2023-12-20 07:05:00,059136e5-beb1-43f4-a3fe-9cc14dd0989b,700,52,752
7b23e165-50cb-4dff-a750-c61140759ee4,e3f6c810-39ff-4eb4-8cc8-3700ee849ace,2023-12-20 07:31:00,059136e5-beb1-43f4-a3fe-9cc14dd0989b,600,44,644
590ba05d-963b-4c93-95c0-7ce4b8004692,01edc445-0ab9-4ece-b57d-56073a6a59fd,2023-12-20 13:12:00,059136e5-beb1-43f4-a3fe-9cc14dd0989b,1200,89,1289
3ea1e2fa-c12f-40b8-a54f-590eb19fbc3c,9692b46e-25c9-4e94-875e-0f631d0b3e28,2023-12-20 14:12:00,059136e5-beb1-43f4-a3fe-9cc14dd0989b,600,44,644
21312d6f-775c-410b-9eb3-3e81a415f433,2a1fde7e-ff9e-41b3-bb63-60756dd3cca3,2023-12-20 14:30:00,059136e5-beb1-43f4-a3fe-9cc14dd0989b,700,52,752
3ff993bd-0446-4159-a98c-3f54ad8b74b1,713959e7-0fde-4b83-b323-d8aaee8a874b,2023-12-20 12:41:00,059136e5-beb1-43f4-a3fe-9cc14dd0989b,2100,157,2257
f7eda573-c3ac-4895-b5e6-9b3666efef7b,75099e74-ae33-425d-a841-06eb8dbdfb37,2023-12-20 16:07:00,059136e5-beb1-43f4-a3fe-9cc14dd0989b,700,52,752
0dbe315b-c02a-4596-a942-db6f65402923,f598c3f9-089b-45ed-bdf2-192ebf4b52a8,2023-12-20 07:40:00,059136e5-beb1-43f4-a3fe-9cc14dd0989b,600,44,644
a4dd9dea-7c6d-4221-999d-a04488fea273,d7946036-09c5-4ee9-85d7-05ca1e3757d6,2023-12-20 13:46:00,059136e5-beb1-43f4-a3fe-9cc14dd0989b,600,44,644
9c8cf0e0-dd7f-4df1-8861-4855472bf0fc,dd6054cf-c805-442d-9ba8-23178af8d01c,2023-12-20 09:19:00,059136e5-beb1-43f4-a3fe-9cc14dd0989b,400,30,430
5bbbf403-3117-40eb-aeb6-4c7d967aefd0,506e4013-8887-496e-9a04-f0e01887e821,2023-12-20 07:29:00,059136e5-beb1-43f4-a3fe-9cc14dd0989b,400,30,430
4b873f2a-9150-4650-9cd1-bbe24bdf597f,6b35587c-c967-4880-9328-d1f4642235e4,2023-12-20 16:30:00,059136e5-beb1-43f4-a3fe-9cc14dd0989b,400,30,430
17931a07-2f92-494e-825f-573b8abbf00e,59c3fff8-9714-4490-bb0a-91b54d55a88e,2023-12-20 16:26:00,059136e5-beb1-43f4-a3fe-9cc14dd0989b,600,44,644
fa068f9c-0256-4aae-8b72-92a05aeb2da2,286c7b1a-c254-4b5a-aed6-0b013043d54d,2023-12-20 12:23:00,059136e5-beb1-43f4-a3fe-9cc14dd0989b,3700,277,3977
0e8ff1f3-a3a9-42fc-9f12-b5854f822b37,bccab3fa-d2f0-47b5-b242-b3bd3ca35e31,2023-12-20 17:05:00,059136e5-beb1-43f4-a3fe-9cc14dd0989b,1700,127,1827
c8277ab3-e06f-4ace-b0f0-21958ace9d48,0bd2b5e2-1051-47d3-9c88-8fe2cce0d72c,2023-12-20 08:47:00,059136e5-beb1-43f4-a3fe-9cc14dd0989b,700,52,752
fb6e0cf0-62b9-46d5-9936-50188b657b94,5d0ae589-9d32-4770-b34e-3fce58eafd96,2023-12-20 16:43:00,059136e5-beb1-43f4-a3fe-9cc14dd0989b,400,30,430
522407b7-e6ec-4deb-a679-4271de65bd82,aab05592-ac5f-4f9d-9f06-1701032ffd68,2023-12-20 08:22:00,059136e5-beb1-43f4-a3fe-9cc14dd0989b,600,44,644
eb0ef300-2ccd-4947-a24c-040e30c37917,dce91346-49e1-4dc0-8151-0aee0146f7b0,2023-12-20 08:22:00,059136e5-beb1-43f4-a3fe-9cc14dd0989b,600,44,644
c62d6ba4-dfa2-4780-a005-85d35d96424c,44cd1c90-3e7d-45f1-b7a7-eb24f631ec62,2023-12-20 09:29:00,059136e5-beb1-43f4-a3fe-9cc14dd0989b,500,37,537
3ed05a78-1886-40a6-ac00-5899193421f8,3ba06841-e0f5-4986-a061-a20a8d1a9468,2023-12-20 08:11:00,059136e5-beb1-43f4-a3fe-9cc14dd0989b,500,37,537
e54b88f9-8d1c-4a4d-b33a-63f349c17b15,08a94312-0375-4898-8816-c527f1a9e954,2023-12-20 07:51:00,059136e5-beb1-43f4-a3fe-9cc14dd0989b,500,37,537
0819aa2e-1c04-40d2-9dfd-a1e56106358a,79729105-3697-4b71-a71a-ef98faaff6e9,2023-12-20 07:51:00,059136e5-beb1-43f4-a3fe-9cc14dd0989b,500,37,537
25260de0-03af-43a2-ac82-8051db449690,ab9a0bd4-92b5-4830-85c6-278efca955b1,2023-12-20 15:04:00,059136e5-beb1-43f4-a3fe-9cc14dd0989b,600,44,644
50a6966c-f641-4718-b85d-5600b99e5ec8,f5ac034d-452e-4cf0-a84a-5956ed2434c8,2023-12-20 17:39:00,059136e5-beb1-43f4-a3fe-9cc14dd0989b,1700,127,1827
33c3604d-4ec7-4b98-8b1f-a6c93dfb1c90,18456dea-0e90-45e1-8bfa-d45383d9477a,2023-12-20 16:31:00,059136e5-beb1-43f4-a3fe-9cc14dd0989b,600,44,644
3006b6b3-c74c-42d1-8806-803ad2c9117b,877a7a1a-64dc-41df-8363-8d8e37450087,2023-12-20 15:08:00,059136e5-beb1-43f4-a3fe-9cc14dd0989b,500,37,537
4041d3d8-3c42-4690-94b5-c06f6590d3d9,b0307cea-2d3c-4d8b-8a8a-ff40768baf60,2023-12-20 08:10:00,059136e5-beb1-43f4-a3fe-9cc14dd0989b,500,37,537
15324fd8-ede9-4f0a-b7ef-837cb3eea821,3c804db9-c8df-4b39-a554-920bb75231af,2023-12-20 07:25:00,059136e5-beb1-43f4-a3fe-9cc14dd0989b,400,30,430
fdf079d0-1daa-4225-88b6-03006a5c2d59,e9a5b80f-7b20-4349-bdbd-3568afefbedd,2023-12-20 14:26:00,059136e5-beb1-43f4-a3fe-9cc14dd0989b,600,44,644
d3c09d8e-771a-4be3-8ed7-6dadd83a98bc,f7ad63c5-7073-4979-a425-55175695dc63,2023-12-20 08:19:00,059136e5-beb1-43f4-a3fe-9cc14dd0989b,600,44,644
3ecd9b46-b82d-43b5-af94-f398c05fe805,a0cf9c75-f7b3-4933-a348-25b101bd09cb,2023-12-20 11:24:00,059136e5-beb1-43f4-a3fe-9cc14dd0989b,400,30,430
b69ac17a-3b50-4b99-ae04-1b9cb653cb1e,c1cfb454-4447-43c5-a7b6-6769a6d3506e,2023-12-20 07:25:00,059136e5-beb1-43f4-a3fe-9cc14dd0989b,500,37,537
224c506f-3976-4d48-940a-e5cf813b5aa8,781e5cf8-ed9f-4299-a163-e6a677bbe364,2023-12-20 08:42:00,059136e5-beb1-43f4-a3fe-9cc14dd0989b,600,44,644
348493e8-6453-43ac-bad0-919381b15c41,050ddc48-4654-4eda-bca1-7f1fb8704f7a,2023-12-20 07:27:00,059136e5-beb1-43f4-a3fe-9cc14dd0989b,400,30,430
f179fd16-dd33-457f-bc25-6e6a11300ebe,10302e54-e659-4d7e-ac35-4df71a7d22ea,2023-12-20 12:35:00,059136e5-beb1-43f4-a3fe-9cc14dd0989b,600,44,644
28e91497-3863-4a19-8521-161a61b89545,004d3f7e-1e0a-4e9c-943e-982484dd3386,2023-12-20 12:06:00,059136e5-beb1-43f4-a3fe-9cc14dd0989b,500,37,537
a15a7c5a-132b-47f3-a7c0-ea52fdb3b12e,2fa283a1-4467-4a1f-a6eb-da027d38ba02,2023-12-20 07:33:00,059136e5-beb1-43f4-a3fe-9cc14dd0989b,700,52,752
52211338-63ef-4598-b2e3-4e52c58edf37,8579dc59-feca-41a5-805a-7ad410476f97,2023-12-20 14:27:00,059136e5-beb1-43f4-a3fe-9cc14dd0989b,700,52,752
2a9f0135-fb68-4b70-adae-1f2d45872f66,f34929ee-3e72-4a33-add6-7a7058bf05d7,2023-12-20 14:47:00,059136e5-beb1-43f4-a3fe-9cc14dd0989b,1800,135,1935
540549a4-1888-4381-9056-8db3f5d870bd,d402ab9e-b483-45d9-9d7a-2c18331a665a,2023-12-20 15:00:00,059136e5-beb1-43f4-a3fe-9cc14dd0989b,500,37,537
be4a23e2-e11f-410a-9319-cd2e6557daf9,c1d77bb3-f950-455e-9f7e-6dc773482a79,2023-12-20 15:16:00,059136e5-beb1-43f4-a3fe-9cc14dd0989b,600,44,644
263845ca-4c81-4650-a008-3feeb575dbf4,e785b14b-748f-4b64-9589-e822b226f9a8,2023-12-20 08:06:00,059136e5-beb1-43f4-a3fe-9cc14dd0989b,400,30,430
87c08eae-9127-4a19-9123-a74814605dd4,31d0513e-0837-4053-8b9a-c3eff3970c19,2023-12-20 15:56:00,059136e5-beb1-43f4-a3fe-9cc14dd0989b,600,44,644
27c89f58-35f7-4835-b98a-bf7d6abca0fc,23bb9204-6575-4bbb-b910-b827f247824b,2023-12-20 07:29:00,059136e5-beb1-43f4-a3fe-9cc14dd0989b,500,37,537
6c33abc6-f07e-41a4-91f1-9c57cdc72538,51cad696-8312-4f57-8a0b-4fbdbe11af59,2023-12-20 13:29:00,059136e5-beb1-43f4-a3fe-9cc14dd0989b,600,44,644
2517845a-547d-453c-b951-7a3d500218c4,6d0c0c08-e3f5-4364-b075-cf5316e41b9f,2023-12-20 11:45:00,059136e5-beb1-43f4-a3fe-9cc14dd0989b,700,52,752
51b31627-d7ec-46c7-97b3-3226cd88efde,7d830ecb-c405-4014-9d03-6443ad08dad7,2023-12-20 08:25:00,059136e5-beb1-43f4-a3fe-9cc14dd0989b,700,52,752
b3dea7a2-ef58-43dc-a2fa-a5e33d74703e,eaf16352-4c93-41eb-abe1-239d134b93b6,2023-12-20 14:06:00,059136e5-beb1-43f4-a3fe-9cc14dd0989b,700,52,752
b606a29c-2c08-49d0-adc0-b7b7b48e1bfe,a72450e6-ac79-41b8-a951-c455c4256bbf,2023-12-20 08:12:00,059136e5-beb1-43f4-a3fe-9cc14dd0989b,700,52,752
73dd98ba-ebb1-4253-b6e2-930c9f120f86,384c7811-188d-4f66-83fb-2521b09637b5,2023-12-20 07:09:00,059136e5-beb1-43f4-a3fe-9cc14dd0989b,600,44,644
1dcd3743-6b65-43c9-8a24-9eb68ac8287f,16c25ed9-359e-491e-a479-07e803146a44,2023-12-20 10:03:00,059136e5-beb1-43f4-a3fe-9cc14dd0989b,3400,254,3654
3a729ea2-f86b-4319-9bae-83ad98af6a14,66284830-04a9-4d43-9b02-ef3ebd475c6b,2023-12-20 12:42:00,059136e5-beb1-43f4-a3fe-9cc14dd0989b,0,0,0
a8c336bb-89b6-4d62-85a3-c652ae92d382,2c5c0bb7-5aa6-4531-950e-7a90fe92b74d,2023-12-20 07:21:00,059136e5-beb1-43f4-a3fe-9cc14dd0989b,600,44,644
d539fbcd-2e0c-4103-85c3-18ef7decf101,e9693d06-c67a-4253-9aac-e35246aa06d9,2023-12-20 14:30:00,059136e5-beb1-43f4-a3fe-9cc14dd0989b,1700,127,1827
c964c5f6-62bb-4d6f-a8f1-a497aef093e1,3441ae81-2e55-4022-b4da-001a287c4cc3,2023-12-20 17:19:00,059136e5-beb1-43f4-a3fe-9cc14dd0989b,2000,150,2150
42bc9e60-aeb5-49fc-a191-e86764e72c98,e70955bd-402e-406b-9c9b-9a51d74355d6,2023-12-20 19:53:00,059136e5-beb1-43f4-a3fe-9cc14dd0989b,600,44,644
be7b34fc-4a1d-42f7-aa30-88ff98b4834c,c133b21a-6b80-4f3a-8b2e-43df0b4514c7,2023-12-20 08:59:00,059136e5-beb1-43f4-a3fe-9cc14dd0989b,700,52,752
d61113ea-5143-48cb-942c-d9257c4234c0,6051d0e2-7b43-4406-af46-4349d49109fa,2023-12-20 14:11:00,059136e5-beb1-43f4-a3fe-9cc14dd0989b,0,0,0
0a49337a-3d77-4e03-a943-09f78580dd01,ef81bc0d-732d-47f7-af0c-636149b5e9b0,2023-12-20 12:29:00,059136e5-beb1-43f4-a3fe-9cc14dd0989b,400,30,430
d1ca88d7-8ebd-48eb-bcea-6e17d18b76ec,77867314-f5f6-49f6-a191-06f958efd232,2023-12-20 17:46:00,059136e5-beb1-43f4-a3fe-9cc14dd0989b,400,30,430
e5f9a6a2-12c6-4507-9b48-d07c4f4800cc,16f20232-3ad4-4294-9cad-8c4139b04da4,2023-12-20 14:20:00,059136e5-beb1-43f4-a3fe-9cc14dd0989b,1700,127,1827
5ab1ac04-b51e-4c80-a89e-95ad545c3cde,d0f85214-b373-4e3b-b6fc-0d50802c7e7b,2023-12-20 08:21:00,059136e5-beb1-43f4-a3fe-9cc14dd0989b,600,44,644
86cc09fc-ba1e-4397-b11c-5116201bad13,a3ccddd5-51c9-48a7-9d7e-de5d5da704a8,2023-12-20 11:44:00,059136e5-beb1-43f4-a3fe-9cc14dd0989b,1100,82,1182
61326daa-a84d-4585-be65-7bf475c50762,05bd4daf-d823-4927-9486-6a6837585182,2023-12-20 15:44:00,059136e5-beb1-43f4-a3fe-9cc14dd0989b,1800,135,1935
456520ec-5901-42b7-bbbe-b99e7879d6ea,efebe247-224d-41d6-8094-612564a8c476,2023-12-20 14:00:00,059136e5-beb1-43f4-a3fe-9cc14dd0989b,1500,112,1612
8e1f2451-f937-4d18-8eff-51770950fc09,3a8c813f-cb84-4c7b-b929-95db99df1811,2023-12-20 19:26:00,059136e5-beb1-43f4-a3fe-9cc14dd0989b,500,37,537
25339bf5-edb6-4b23-8fb6-6e8a27ea85d1,477d60a6-466a-46e7-b6c0-d5920edc6f49,2023-12-20 16:44:00,059136e5-beb1-43f4-a3fe-9cc14dd0989b,1000,75,1075
8785e632-51f7-4b13-8fea-11c8e85c8f01,fe2c2d66-9698-4bbc-8733-0d8cb1b70a1f,2023-12-20 11:25:00,059136e5-beb1-43f4-a3fe-9cc14dd0989b,600,44,644
45459cca-53be-4b53-8b7e-1eac0e1be781,5c6bb004-7084-44dc-9283-9b00665c82bc,2023-12-20 15:00:00,059136e5-beb1-43f4-a3fe-9cc14dd0989b,2000,150,2150
caa6b27b-10c1-4d97-8823-4880e98679de,d5efbc69-fc67-4f1a-87f3-30e57baf632a,2023-12-20 08:12:00,059136e5-beb1-43f4-a3fe-9cc14dd0989b,400,30,430
244b1e37-63cb-46b6-9d2d-5ddeb129faf0,5396cc76-d8d6-42e0-9ac3-b8a36f8e9980,2023-12-20 08:04:00,059136e5-beb1-43f4-a3fe-9cc14dd0989b,600,44,644
d7d90128-1bdd-4847-ad54-55cf42e96a77,3d5cdd64-fe7e-4365-9e1d-97ee8a55f0fd,2023-12-20 08:06:00,059136e5-beb1-43f4-a3fe-9cc14dd0989b,600,44,644
2f13c847-8066-46c7-b083-c69a3c3126ad,6fcc9479-22b4-4340-8e7c-378dff41d8bd,2023-12-20 16:29:00,059136e5-beb1-43f4-a3fe-9cc14dd0989b,1700,127,1827
4614e0ba-1683-4fe3-a160-91b74c557751,1968f52b-fb82-40f5-a5f8-8a81be0ffeab,2023-12-20 15:30:00,059136e5-beb1-43f4-a3fe-9cc14dd0989b,600,44,644
e0bbb03b-f6fa-4157-b2c5-0c414bb073c1,1ce95b9f-9235-4a87-bcad-3afa90af73ed,2023-12-20 17:43:00,059136e5-beb1-43f4-a3fe-9cc14dd0989b,600,44,644
ad618366-7193-446b-aec2-6ac2fb8452d1,4a037cff-561f-4546-a71e-858b06e94940,2023-12-20 15:43:00,059136e5-beb1-43f4-a3fe-9cc14dd0989b,600,44,644
35c6a764-35e2-499b-8241-19bd8e8a459f,922d5b80-73f4-4f36-aa06-0357112d60f7,2023-12-20 17:06:00,059136e5-beb1-43f4-a3fe-9cc14dd0989b,1800,135,1935
45f4d164-b54f-4ed4-82b0-64df5f3d0275,7609b18e-4057-480c-be36-78507e0021d2,2023-12-20 11:07:00,059136e5-beb1-43f4-a3fe-9cc14dd0989b,400,30,430
bc49e959-8e6b-439a-841c-7c27a7b01a16,cbe876c8-a324-4ebb-ae69-ae07df7846fd,2023-12-20 07:58:00,059136e5-beb1-43f4-a3fe-9cc14dd0989b,600,44,644
be954598-1d58-47ef-9796-b1ac9628f12b,b6b94f01-4e75-4e65-a9d3-4c45046e90a7,2023-12-20 17:03:00,059136e5-beb1-43f4-a3fe-9cc14dd0989b,1100,82,1182
cf5536b6-57dd-4471-ab1e-d47822296584,3bdd9588-88c1-4e38-a5a2-a2a1cb9c5ba6,2023-12-20 15:04:00,059136e5-beb1-43f4-a3fe-9cc14dd0989b,600,44,644
4d23452f-33de-4575-88d2-5c1da8c84e6c,7bf95b47-6cc7-4454-8e8d-c6ae37383823,2023-12-20 10:33:00,059136e5-beb1-43f4-a3fe-9cc14dd0989b,600,44,644
f4620c91-0111-4073-b9ac-b5d6b9a7cd6c,92fb892f-6a43-489c-b618-ff370abc4242,2023-12-20 15:48:00,059136e5-beb1-43f4-a3fe-9cc14dd0989b,400,30,430
e4bc2bb6-af20-42f8-bab8-083cc1fac857,9942aeb9-9494-453e-8ae2-1b85271ceb96,2023-12-20 11:23:00,059136e5-beb1-43f4-a3fe-9cc14dd0989b,2000,150,2150
e4b1b75a-28a3-4484-a929-e68480d78e5c,529905cf-561e-4337-9a4a-175121574488,2023-12-20 07:42:00,059136e5-beb1-43f4-a3fe-9cc14dd0989b,400,30,430
928339f9-3bdc-46ce-93da-2457d1616626,a69aab5f-d0c5-48cd-a234-59717d300573,2023-12-20 09:34:00,059136e5-beb1-43f4-a3fe-9cc14dd0989b,400,30,430
4e7b5da3-432a-4911-882a-edf6ceddbd93,eaa58131-5fab-42f2-804b-c6ac10286bbe,2023-12-20 11:10:00,059136e5-beb1-43f4-a3fe-9cc14dd0989b,600,44,644
011427c0-1f15-4d0c-91d9-05fbf6ef3b80,478906bc-057a-41da-a756-2ab94b7817b4,2023-12-20 07:12:00,059136e5-beb1-43f4-a3fe-9cc14dd0989b,600,44,644
baa582d2-28e4-4a5d-a2cb-03723b4a5d47,20447c53-4457-454a-92ff-187ee6461822,2023-12-20 08:18:00,059136e5-beb1-43f4-a3fe-9cc14dd0989b,600,44,644
af130738-ce3d-48ce-9afa-a8a7e86828ce,4744369f-163d-4dd9-b650-9b94350334e7,2023-12-20 07:40:00,059136e5-beb1-43f4-a3fe-9cc14dd0989b,700,52,752
8cf5433c-0ba8-49c7-9a56-aad94ce367b6,2c8d74ca-99fc-41ee-8373-d44d5f6b83f1,2023-12-20 17:50:00,059136e5-beb1-43f4-a3fe-9cc14dd0989b,2600,195,2795
8e85ea21-f92a-4e07-895a-201d90efa5c2,ed697b2d-ca88-4faa-99a4-9c92fa1017e2,2023-12-20 14:42:00,059136e5-beb1-43f4-a3fe-9cc14dd0989b,700,52,752
cdbaedf7-e335-4e34-a485-14d8b0acce60,361fcd5d-8d28-433b-abd9-c1e72a5cad2a,2023-12-20 08:21:00,059136e5-beb1-43f4-a3fe-9cc14dd0989b,600,44,644
21b9c01b-e03e-4fd5-9f47-734dede9931b,82d6e5b0-c058-4190-b376-53c5e56df29c,2023-12-20 15:02:00,059136e5-beb1-43f4-a3fe-9cc14dd0989b,1200,89,1289
ae01fbb6-35a6-4f86-b27b-686f03693910,561657d6-42e9-4820-bb19-8ed7dc3fadd2,2023-12-20 15:12:00,059136e5-beb1-43f4-a3fe-9cc14dd0989b,600,44,644
86ea1169-954b-4cf1-9e7a-4d6b9d5848a8,b5cb0c28-0cc6-4467-8486-0c9eb5e599c1,2023-12-20 13:18:00,059136e5-beb1-43f4-a3fe-9cc14dd0989b,1500,112,1612
f1eb7991-1b1a-4c48-a0db-31c7b06ef2cb,48b85191-c0e7-4f81-96a3-d5f86031cfb9,2023-12-20 08:14:00,059136e5-beb1-43f4-a3fe-9cc14dd0989b,600,44,644
7a97177b-e993-49cd-8efb-91f0f2b99d28,3d124ee1-f3d6-4123-9a83-c89c2ae04dee,2023-12-20 10:58:00,059136e5-beb1-43f4-a3fe-9cc14dd0989b,2200,165,2365
5b830b53-baf8-4955-9e69-aa40bfe1460c,beb70ea4-6588-41bb-9999-d1399a467f90,2023-12-20 13:55:00,059136e5-beb1-43f4-a3fe-9cc14dd0989b,3700,277,3977
1b54f1c5-34a5-4fa6-bd31-756b62f90427,3403b172-cee0-45a1-b3b0-bd780462a988,2023-12-20 07:39:00,059136e5-beb1-43f4-a3fe-9cc14dd0989b,400,30,430
0c5c182a-ce2b-43b6-9474-e2052423bbed,f1993284-9f81-43ed-be18-ebfd355bd0af,2023-12-20 08:25:00,059136e5-beb1-43f4-a3fe-9cc14dd0989b,400,30,430
5bb18db7-a6d0-471d-a81d-2ab006da12cf,f3770952-5a51-4000-a02e-03c4918954dd,2023-12-20 08:33:00,059136e5-beb1-43f4-a3fe-9cc14dd0989b,600,44,644
8b048ec3-bccc-4c72-aecc-0f0b8107d298,6b830d11-3333-4049-8288-6e208d4bc7f0,2023-12-20 07:30:00,059136e5-beb1-43f4-a3fe-9cc14dd0989b,700,52,752
fa296ac1-a254-4de9-80be-ab51eace81f8,064f11f5-7bac-4f36-84c6-4971eb44a4a8,2023-12-20 15:06:00,059136e5-beb1-43f4-a3fe-9cc14dd0989b,600,44,644
8ff03f31-f568-4f40-8610-20dd46af5165,84345e57-4d88-48e8-823d-ef85cbe1ebea,2023-12-20 12:25:00,059136e5-beb1-43f4-a3fe-9cc14dd0989b,600,44,644
2966b48e-3234-4d29-a18d-0e60fe41bb08,ec3e334b-eb4d-460d-a9a9-ed604e92bdf0,2023-12-20 13:56:00,059136e5-beb1-43f4-a3fe-9cc14dd0989b,400,30,430
ab60f455-ed08-41ad-9c59-52d0292e9cb1,40010f7f-b687-44ea-8480-833608955e88,2023-12-20 13:02:00,059136e5-beb1-43f4-a3fe-9cc14dd0989b,600,44,644
35585771-a98e-4c91-bf4d-8ac43da9e6b1,ae8150b4-56c5-4822-abcf-50b46552f222,2023-12-20 07:38:00,059136e5-beb1-43f4-a3fe-9cc14dd0989b,600,44,644
755b798a-87c4-498d-83b4-33c5bcb451b4,4009b786-5c37-4ffe-82fe-8f1dffb7cf4a,2023-12-20 07:30:00,059136e5-beb1-43f4-a3fe-9cc14dd0989b,700,52,752
daadfce9-ed31-4fbf-9482-31c7aeddbb3b,a03939d5-2ed1-48c7-861f-0f54e7c51c5f,2023-12-20 07:02:00,059136e5-beb1-43f4-a3fe-9cc14dd0989b,400,30,430
93b2d5b6-e1fc-405e-9c94-64731fe0cdb1,41635a49-5cce-4aab-9afc-00d493262797,2023-12-20 16:20:00,059136e5-beb1-43f4-a3fe-9cc14dd0989b,1800,135,1935
3926205b-6a98-429e-88ea-712f901d9dc9,8444b032-8cb2-4a63-9fd1-f6d09e140bec,2023-12-20 15:37:00,059136e5-beb1-43f4-a3fe-9cc14dd0989b,1800,135,1935
1e0cae79-02d2-4f93-afb5-2c9f8d852b48,9f9cc618-fb12-4064-9726-a9236f358de4,2023-12-20 19:08:00,059136e5-beb1-43f4-a3fe-9cc14dd0989b,1800,135,1935
fab168ba-221c-464c-b30b-554297d0c533,890d1303-bf49-48c4-ab4d-73f9a0187dd2,2023-12-20 13:22:00,059136e5-beb1-43f4-a3fe-9cc14dd0989b,1800,135,1935
4a283916-d6f8-4b84-bdac-96fdd41aa523,168a6b37-3ff2-4307-8348-321ef39ada37,2023-12-20 08:29:00,059136e5-beb1-43f4-a3fe-9cc14dd0989b,600,44,644
8fcadb0c-98f9-487d-8ba7-e413874e02cb,2031ab1b-c0c0-4875-81ef-63f6ec7db843,2023-12-20 08:17:00,059136e5-beb1-43f4-a3fe-9cc14dd0989b,5100,382,5482
a47d3c78-968c-465d-be06-2036cffab919,751e632c-7341-4671-95d2-e348460b3fab,2023-12-20 16:24:00,059136e5-beb1-43f4-a3fe-9cc14dd0989b,1800,135,1935
b6724c23-7202-4921-bed7-0e800adf635c,8413f205-78b2-441a-8916-79cc2820f5d0,2023-12-20 14:15:00,059136e5-beb1-43f4-a3fe-9cc14dd0989b,400,30,430
a46f70bf-b7c6-4f6f-a396-c81c0c7a2002,d6015423-d5f4-48d9-8dba-5184e114d126,2023-12-20 08:00:00,059136e5-beb1-43f4-a3fe-9cc14dd0989b,500,37,537
1e7bc851-a6fb-4fa2-84de-7a4797c4e643,7c8432cf-6e17-4e2b-899c-0526eae11ec4,2023-12-20 18:28:00,059136e5-beb1-43f4-a3fe-9cc14dd0989b,500,37,537
01ba4a7a-ebfe-46f0-bee9-7f1e40d59aaf,187c7384-25b3-4172-bee6-99f83f02b761,2023-12-20 12:27:00,059136e5-beb1-43f4-a3fe-9cc14dd0989b,600,44,644
0d49065e-dd41-41b0-8233-e897b8fc13f9,e5c397a4-f9c3-4d5d-956c-f4cbac6fc1e1,2023-12-20 12:55:00,059136e5-beb1-43f4-a3fe-9cc14dd0989b,600,44,644
1f33e5f1-031c-4cf0-8e2f-506e53c515af,f8a4f769-0195-44be-9cb4-a90210c4047e,2023-12-20 07:41:00,059136e5-beb1-43f4-a3fe-9cc14dd0989b,500,37,537
9c5f7b2a-b5c2-4fbf-87dc-f9ce782b780d,d4fa151f-6d10-4c7b-be00-eee08e8c8c70,2023-12-20 18:30:00,059136e5-beb1-43f4-a3fe-9cc14dd0989b,600,44,644
9196cc2b-6d76-4d3d-83bc-9750d5c92eff,35bf73a3-f268-4294-8a12-bc9a1b83db11,2023-12-20 07:00:00,059136e5-beb1-43f4-a3fe-9cc14dd0989b,3700,277,3977
6e3e16de-16cd-487f-a927-507c95887198,40ec592a-e3ab-417e-ad8f-8f4c3f5dc8cd,2023-12-20 11:19:00,059136e5-beb1-43f4-a3fe-9cc14dd0989b,700,52,752
0db2c746-9723-44e3-b344-87fa164e790e,83872f19-552c-47b2-9fd3-4db4c2f6753f,2023-12-20 08:10:00,059136e5-beb1-43f4-a3fe-9cc14dd0989b,500,37,537
4e4c4775-39e0-407e-98e3-ca3ce7b8305b,26fc60b3-85e6-43e5-b371-71877025c8d1,2023-12-20 07:56:00,059136e5-beb1-43f4-a3fe-9cc14dd0989b,600,44,644
acbe7f58-36cc-4e42-a4c0-c0e595c3fd46,c7fe7715-b1b6-47c4-88ca-4a2bf466a61a,2023-12-20 10:05:00,059136e5-beb1-43f4-a3fe-9cc14dd0989b,400,30,430
97110f0d-0554-4709-80d4-133a39d87e35,27b3d9ff-db39-4ce8-8de0-2090a7e90776,2023-12-20 08:29:00,059136e5-beb1-43f4-a3fe-9cc14dd0989b,500,37,537
bd45d44c-51ca-48dd-87cd-c98448573f99,4b9435bc-6b50-4369-903d-6d7d6deab46a,2023-12-20 13:48:00,059136e5-beb1-43f4-a3fe-9cc14dd0989b,700,52,752
a16cfa1e-2f22-437c-81ce-09fdf2ae1da9,3c7c5fb0-d621-44e5-9d08-388975ae8faf,2023-12-20 07:36:00,059136e5-beb1-43f4-a3fe-9cc14dd0989b,600,44,644
fc5cc443-4dd9-4cdc-9581-2ad70180accf,4e749dde-0bfb-45f8-bfb7-cee60c7f5012,2023-12-20 14:45:00,059136e5-beb1-43f4-a3fe-9cc14dd0989b,1700,127,1827
e7b46576-7bc9-426b-9bdd-e20245a0b78d,55a28803-2496-4e1a-84e5-f0a46aaead70,2023-12-20 11:52:00,059136e5-beb1-43f4-a3fe-9cc14dd0989b,700,52,752
48923402-d652-491e-b375-9c17984d6caa,057baaf5-263c-4e24-b8e5-85f8c4ed8a5c,2023-12-20 10:56:00,059136e5-beb1-43f4-a3fe-9cc14dd0989b,2000,150,2150
deca1561-6168-44c0-a989-6d7f77741182,cf121e2f-237d-4246-92e7-b175553e7a78,2023-12-20 15:23:00,059136e5-beb1-43f4-a3fe-9cc14dd0989b,1700,127,1827
a0563d0c-aa11-4132-a1be-dd938cb9ebfb,a978d5d4-d1da-4b56-bd60-9b92205a925f,2023-12-20 17:01:00,059136e5-beb1-43f4-a3fe-9cc14dd0989b,1800,135,1935
b9971d66-1f8b-4f6b-9aac-b9951bad3d59,c1fadf94-71e8-4d09-b9b0-2af116108a24,2023-12-20 07:38:00,059136e5-beb1-43f4-a3fe-9cc14dd0989b,700,52,752
3c185395-0698-4a9b-9844-6cd4313963f2,60c396b2-d634-4be2-9aaa-7f1a832f4305,2023-12-20 09:56:00,059136e5-beb1-43f4-a3fe-9cc14dd0989b,500,37,537
c684ae4b-c167-4297-a633-4a5ca0c2ef01,771dfa76-30ed-43e7-9aab-d026b7b2e4de,2023-12-20 15:45:00,059136e5-beb1-43f4-a3fe-9cc14dd0989b,400,30,430
525d11e6-3690-4a0a-9bdd-3c7633c91ab6,cf1cc4db-a760-402c-8f7a-ef9892e05ee8,2023-12-20 19:29:00,059136e5-beb1-43f4-a3fe-9cc14dd0989b,600,44,644
db3b1681-8ec9-4193-b144-acb47092f36e,2533fffb-72a8-4e71-9e5c-eda4b362c551,2023-12-20 12:30:00,059136e5-beb1-43f4-a3fe-9cc14dd0989b,600,44,644
d1430023-d0a3-4836-8e1e-5a92f290255c,71c22f51-5140-4058-aca4-e1297f024cd1,2023-12-20 07:57:00,059136e5-beb1-43f4-a3fe-9cc14dd0989b,600,44,644
d29211a3-22e6-42cd-89a1-d526cb71d6a0,d8196da5-366a-49ed-8e90-a15d0e70dabb,2023-12-20 16:28:00,059136e5-beb1-43f4-a3fe-9cc14dd0989b,1600,120,1720
ef2d09c3-2c3e-4226-84b6-5a03cf855c19,0c903c1d-a0ab-4e8e-b1ce-e40f8f7c70ee,2023-12-20 15:36:00,059136e5-beb1-43f4-a3fe-9cc14dd0989b,1700,127,1827
792fde81-1ca7-4d46-86a4-15ea5e29a3c0,99e72f7b-8e9c-4403-8629-4ba314155564,2023-12-20 15:36:00,059136e5-beb1-43f4-a3fe-9cc14dd0989b,2300,172,2472
c4b89944-f4fa-44b7-9249-ef5560254d42,ca896e2e-2dae-438f-ac59-9b251ce53240,2023-12-20 12:34:00,059136e5-beb1-43f4-a3fe-9cc14dd0989b,600,44,644
840b1a9d-51a6-442c-858f-da73ed958f80,7e72fe96-b013-4324-869d-caa2d564f37e,2023-12-20 07:38:00,059136e5-beb1-43f4-a3fe-9cc14dd0989b,700,52,752
6f218542-705d-465b-b5a1-2f6314498fa7,cae7f2a7-5319-4d2d-b18c-d38b90318742,2023-12-20 09:40:00,059136e5-beb1-43f4-a3fe-9cc14dd0989b,700,52,752
1533737d-e17d-46d6-934a-6c9353410ce4,9b42559d-e62d-4ab2-ba36-11562c60d296,2023-12-20 08:48:00,059136e5-beb1-43f4-a3fe-9cc14dd0989b,600,44,644
7c0367b7-bf5b-45ee-9a9b-ef4aa8e36147,f637c2f2-576f-420d-bdb7-9836d12af85a,2023-12-20 07:42:00,059136e5-beb1-43f4-a3fe-9cc14dd0989b,600,44,644
f04f7acf-ae86-4dff-83e4-2b593cc7e3c2,0011a704-5681-4123-8dca-1af0bdc2de41,2023-12-20 08:14:00,059136e5-beb1-43f4-a3fe-9cc14dd0989b,600,44,644
0109916a-6d33-4172-b051-99e9b54b3409,9c3f8f66-e595-47b4-b696-2ef95c13ed39,2023-12-20 09:33:00,059136e5-beb1-43f4-a3fe-9cc14dd0989b,600,44,644
d9c4831e-654f-4a53-9ad8-777e8edbf816,e9fb0dfd-4765-4a15-aea4-62035a7ac480,2023-12-20 18:07:00,059136e5-beb1-43f4-a3fe-9cc14dd0989b,500,37,537
222ceb4d-f895-466a-96a9-0140b0d979b0,70101c56-1cff-4c85-bf95-5f237f43dab5,2023-12-20 11:38:00,059136e5-beb1-43f4-a3fe-9cc14dd0989b,1800,135,1935
5ad9a53d-e699-4613-8905-dfd5e2dc2fe8,7add3d5c-dfe4-41a7-9a61-3b9186a0f846,2023-12-20 07:17:00,059136e5-beb1-43f4-a3fe-9cc14dd0989b,600,44,644
268c349c-7008-4915-bfdb-b171bf2c7b4e,46c2e8d7-6868-4004-8960-1f640fed6c16,2023-12-20 17:30:00,059136e5-beb1-43f4-a3fe-9cc14dd0989b,700,52,752
83083c2a-0461-4b9f-ad33-c34b9a5f6df2,b3f1fd68-97bf-448c-b555-6f57c1700866,2023-12-20 08:06:00,059136e5-beb1-43f4-a3fe-9cc14dd0989b,700,52,752
51476008-59d6-4e26-89f0-c7421f6935b9,39ceb3c4-d968-4af0-8bd1-6010ee5cf91c,2023-12-20 07:21:00,059136e5-beb1-43f4-a3fe-9cc14dd0989b,500,37,537
ff9ae412-6faf-494c-acbc-86fe8cf527b6,6156c2e5-b70a-4109-9e08-c0c9d8dd1210,2023-12-20 07:44:00,059136e5-beb1-43f4-a3fe-9cc14dd0989b,600,44,644
e28edc7e-c1c5-47ac-bbb8-743ab276c306,bc218511-0fcd-4e51-b161-55bb383e4157,2023-12-20 18:38:00,059136e5-beb1-43f4-a3fe-9cc14dd0989b,1500,112,1612
f74913d4-ea3b-4f9f-8068-92cff99d2713,1578fa35-446f-4174-9169-551e1d5edb6a,2023-12-20 08:12:00,059136e5-beb1-43f4-a3fe-9cc14dd0989b,400,30,430
d7069270-c648-47f5-a0d8-78467ebcf100,da27997d-033a-4572-9ec1-68423b3910b9,2023-12-20 11:14:00,059136e5-beb1-43f4-a3fe-9cc14dd0989b,1800,135,1935
0727be70-42e8-45a3-be11-957ae0b4b796,4e33fa20-eeb2-4dd9-975c-8821869dfb64,2023-12-20 16:00:00,059136e5-beb1-43f4-a3fe-9cc14dd0989b,600,44,644
68eebb81-9529-4bf9-a63b-79bf1f222bba,e51ff3e5-c9ac-4a9c-b8d4-2d62d04f9d59,2023-12-20 11:14:00,059136e5-beb1-43f4-a3fe-9cc14dd0989b,700,52,752
42652ca5-5aa7-4a4e-aace-c7d2a09c73d4,5dcbf303-9411-496a-9470-405f2c60a4a9,2023-12-20 12:16:00,059136e5-beb1-43f4-a3fe-9cc14dd0989b,1700,127,1827
23350a36-6fd1-41b3-96e4-a02157d786f0,8c9bc24a-89cf-47a7-b3c3-328b2591676b,2023-12-20 15:37:00,059136e5-beb1-43f4-a3fe-9cc14dd0989b,1900,142,2042
3e15b431-ab6d-452d-b39b-c914ea364f32,63358e1d-e741-46a1-a85b-f5b455bf59d4,2023-12-20 08:47:00,059136e5-beb1-43f4-a3fe-9cc14dd0989b,600,44,644
a180a4e5-79f3-4870-8b68-9146823fe76f,6f1a267d-6197-403b-bea9-2d3f5f9665ae,2023-12-20 12:09:00,059136e5-beb1-43f4-a3fe-9cc14dd0989b,500,37,537
69aed20c-4d44-47cc-95e3-b523848e96c2,ec31d820-7060-4567-9f40-46916bc49255,2023-12-20 13:22:00,059136e5-beb1-43f4-a3fe-9cc14dd0989b,700,52,752
3260b7e8-0e8f-43c4-ab2d-00eda9b06caa,3c5d20b1-e38f-466d-a6ed-e54fa6bc4d3a,2023-12-20 15:34:00,059136e5-beb1-43f4-a3fe-9cc14dd0989b,1800,135,1935
161c6526-53b4-4bab-a0ea-cd1b7a2be436,24695eb9-42ed-4f0e-a598-7d6015e38e12,2023-12-20 15:41:00,059136e5-beb1-43f4-a3fe-9cc14dd0989b,1200,89,1289
9b1db8f9-24bc-455d-9103-ab5f52b002c2,da3c426d-80b6-4bc0-b424-a51a461fdf70,2023-12-20 09:52:00,059136e5-beb1-43f4-a3fe-9cc14dd0989b,600,44,644
ec9c0a1a-e3f1-4ad4-95df-31e0d99cdf8d,79aa2e3c-4191-4214-8732-6ece67a8c904,2023-12-20 14:19:00,059136e5-beb1-43f4-a3fe-9cc14dd0989b,1500,112,1612
1bbc6f95-1820-4bf7-b4f6-5cb1dde862c7,879873ef-7ee7-45d1-a0f8-3ab1ff52b1de,2023-12-20 07:12:00,059136e5-beb1-43f4-a3fe-9cc14dd0989b,600,44,644
17f9db2e-32a8-4e5c-b50e-4dcb957f881f,2e3f8a56-2251-44a8-8599-fc4cbd175ecb,2023-12-20 11:42:00,059136e5-beb1-43f4-a3fe-9cc14dd0989b,500,37,537
d877c10c-8931-4287-87d9-9fd29aceb3fd,0ac09bcc-50a7-41e6-88c1-e23be2b88c97,2023-12-20 11:21:00,059136e5-beb1-43f4-a3fe-9cc14dd0989b,400,30,430
27d352ee-de22-496a-a07c-0c0077d8127c,24d003ab-ccb6-4065-91b7-bbca21bc21f8,2023-12-20 12:42:00,059136e5-beb1-43f4-a3fe-9cc14dd0989b,1000,75,1075
d35ba61e-b6f9-483b-855d-a4cb5c9f70c1,9bed6524-997f-46c1-a4d7-37e566808f48,2023-12-20 09:49:00,059136e5-beb1-43f4-a3fe-9cc14dd0989b,1600,120,1720
9b2b9252-7192-4bff-b22e-0c3875e9a697,dbd8ef76-a438-4dc2-b931-58294ab0fdd3,2023-12-20 15:33:00,059136e5-beb1-43f4-a3fe-9cc14dd0989b,700,52,752
236617d1-f6b9-41e8-9a7a-2355214a4318,757ad23d-2490-44ac-8683-ac603986068b,2023-12-20 07:32:00,059136e5-beb1-43f4-a3fe-9cc14dd0989b,600,44,644
c08e0278-fe48-4f01-a00f-112f4a830f1d,8e41ce23-0858-4778-bac4-f113515f4409,2023-12-20 07:53:00,059136e5-beb1-43f4-a3fe-9cc14dd0989b,700,52,752
0f6b4dba-66c7-43ad-b1cd-1b611e30b128,d9f02350-2ac6-4b03-ba72-d0def0c5c1f5,2023-12-20 16:30:00,059136e5-beb1-43f4-a3fe-9cc14dd0989b,500,37,537
c430bdfe-45c6-4652-b536-d8fe920f7a28,5557ee9c-aeb5-4267-9fc0-6430874d3a0c,2023-12-20 13:30:00,059136e5-beb1-43f4-a3fe-9cc14dd0989b,2300,172,2472
8763f7e1-a66a-4db1-b7a4-954d7f9a272b,ba2dedc4-88f5-4a08-868d-6687a7a2282f,2023-12-20 14:33:00,059136e5-beb1-43f4-a3fe-9cc14dd0989b,500,37,537
16959c49-92a1-40b3-ac6f-3514dfa326ae,987ded3d-0eb7-4546-9a65-073dfc15621f,2023-12-20 07:42:00,059136e5-beb1-43f4-a3fe-9cc14dd0989b,600,44,644
ae5961b0-9ccc-4588-bc93-ab23d41f83ce,842f310f-2bb8-42c0-8291-b26b81258980,2023-12-20 18:38:00,059136e5-beb1-43f4-a3fe-9cc14dd0989b,2000,150,2150
cb4e4575-806f-4e09-ad69-b6a8b3b4a127,71226ce1-aac0-48fa-b99b-05a4ab69dde7,2023-12-20 08:30:00,059136e5-beb1-43f4-a3fe-9cc14dd0989b,700,52,752
4b521f08-6bbd-4b32-ae89-885e6f4cf3e8,83cd5e82-fcef-4b1a-9a26-3889abd99ee9,2023-12-20 08:14:00,059136e5-beb1-43f4-a3fe-9cc14dd0989b,400,30,430
0e080cb4-722b-41b2-84c9-b4439f64c009,e1279ada-8639-4103-93d1-7e4fe86e915a,2023-12-20 14:16:00,059136e5-beb1-43f4-a3fe-9cc14dd0989b,1600,120,1720
11c58f55-8f59-42bf-87bf-b136c15ce27f,b3b08149-77d3-430b-b761-2b06c3d11e7a,2023-12-20 08:14:00,059136e5-beb1-43f4-a3fe-9cc14dd0989b,700,52,752
82b00c01-623f-4a10-aeed-9feebea52fe5,41c9f26f-ad03-4bb6-b0c8-6c4754d887fc,2023-12-20 09:12:00,059136e5-beb1-43f4-a3fe-9cc14dd0989b,600,44,644
84f1cbad-0de6-4593-b07d-6a70627d08c0,bbd60ac7-5fef-454b-aabb-66031f4a499d,2023-12-20 08:09:00,059136e5-beb1-43f4-a3fe-9cc14dd0989b,400,30,430
fa76292b-9b08-4901-832c-5cc5d5fdaf8c,bf9029de-3e32-4ada-9870-16647d9623c5,2023-12-20 10:49:00,059136e5-beb1-43f4-a3fe-9cc14dd0989b,2300,172,2472
eff04a21-c5aa-4669-85d9-55b635097c97,aca90745-0103-44ba-b561-ead73d1be7f6,2023-12-20 15:56:00,059136e5-beb1-43f4-a3fe-9cc14dd0989b,700,52,752
a3fd1367-89b3-4953-bb87-b902bf66e884,7a117ba4-34c0-4a2b-8950-ef18771fe5c7,2023-12-20 18:51:00,059136e5-beb1-43f4-a3fe-9cc14dd0989b,400,30,430
ddf89996-a905-40fc-9aa6-579d7317f2af,e7cb0957-3b8a-4d78-807e-241cdafaf2a3,2023-12-20 09:50:00,059136e5-beb1-43f4-a3fe-9cc14dd0989b,2100,157,2257
d26c1f0f-5738-4a64-b0b6-321ce28178f2,9c13901c-0760-4290-bb22-b3cda0ae0492,2023-12-20 13:37:00,059136e5-beb1-43f4-a3fe-9cc14dd0989b,400,30,430
0192b9b7-2a2a-4735-a62c-0908761f7178,df8e1c87-b450-4bdb-bb3d-982138f86dbf,2023-12-20 08:48:00,059136e5-beb1-43f4-a3fe-9cc14dd0989b,400,30,430
7c744dcc-e965-4c5a-8ed5-f8135b3c286e,2c6d229d-2be8-4b3f-b969-77e0a1b902ae,2023-12-20 16:41:00,059136e5-beb1-43f4-a3fe-9cc14dd0989b,1500,112,1612
21d8a399-0596-4e8c-86a1-c8c24da04d15,28bd6a31-b941-4df4-92da-9da703597e5b,2023-12-20 07:37:00,059136e5-beb1-43f4-a3fe-9cc14dd0989b,400,30,430
5829a83b-e92d-4ba4-b34b-c4682844b567,5205dbf0-a115-4aa8-977b-96db1e73df12,2023-12-20 18:00:00,059136e5-beb1-43f4-a3fe-9cc14dd0989b,600,44,644
e306e9f5-a800-4b9a-a70f-205c2397a86b,f813d86e-8dfa-492e-8e09-ac432110ec41,2023-12-20 09:50:00,059136e5-beb1-43f4-a3fe-9cc14dd0989b,600,44,644
6b33c1c0-dfc9-40b0-bac3-54b3b1aeed5e,562a2cec-caac-4d07-918b-b4c60e4b1505,2023-12-20 08:44:00,059136e5-beb1-43f4-a3fe-9cc14dd0989b,500,37,537
441a2cda-eae9-4baf-a749-ba5700c6f5f9,bfaa418f-dc55-4a58-baf3-ae68dd84beb5,2023-12-20 08:11:00,059136e5-beb1-43f4-a3fe-9cc14dd0989b,600,44,644
3a00e518-a0a7-425e-9631-872de992ad85,15ae0044-7c3f-4ed0-869e-0433ccb541aa,2023-12-20 13:29:00,059136e5-beb1-43f4-a3fe-9cc14dd0989b,1500,112,1612
6962a015-afc8-4487-9f24-343c31221f5d,c0baed56-16e4-4b70-8dc9-4cd5328cae45,2023-12-20 08:25:00,059136e5-beb1-43f4-a3fe-9cc14dd0989b,600,44,644
796070ff-7efc-481a-9fe6-02b3a287d11d,2452dcd2-e948-40a1-b7ec-fb569ac29d4a,2023-12-20 15:38:00,059136e5-beb1-43f4-a3fe-9cc14dd0989b,500,37,537
1cd92412-23df-456d-b739-7a4f5534ae83,48874e5a-841e-48de-9ca3-cd2a04a84721,2023-12-20 15:44:00,059136e5-beb1-43f4-a3fe-9cc14dd0989b,1300,97,1397
1ede443f-577d-4123-98a2-72af991ec2c8,a38118ea-7e06-44e9-8f7e-e55707283e72,2023-12-20 12:46:00,059136e5-beb1-43f4-a3fe-9cc14dd0989b,1100,82,1182
cb180621-79f4-433e-8c00-3c33d40ba7cd,f27c6496-674b-4200-bd45-ebe8b15fb7dc,2023-12-20 13:06:00,059136e5-beb1-43f4-a3fe-9cc14dd0989b,500,37,537
16988d97-b60e-4137-bb92-5b8e0c5a3a4c,5702df61-b819-4715-bb9e-ab49fcca2190,2023-12-20 09:15:00,059136e5-beb1-43f4-a3fe-9cc14dd0989b,600,44,644
d09bfda3-3afe-48e1-a4e9-3bc3c3ee9270,3485fe65-fd37-4579-9269-5e83713d1159,2023-12-20 14:52:00,059136e5-beb1-43f4-a3fe-9cc14dd0989b,400,30,430
c325ccb3-e3f1-4494-9b35-2a2e6fa54d1e,4dd3cdca-7c84-4a3c-bee1-4cc40fe4f6c1,2023-12-20 14:45:00,059136e5-beb1-43f4-a3fe-9cc14dd0989b,900,67,967
4e67c037-5043-4faf-835f-818f912421ee,9f63dc82-925f-46ec-a127-dc0231bc789c,2023-12-20 18:04:00,059136e5-beb1-43f4-a3fe-9cc14dd0989b,1700,127,1827
b60db274-e2e3-4173-bc6b-e4fa79ae30d3,4b93879c-0737-40dd-b938-754c1fbf0384,2023-12-20 14:07:00,059136e5-beb1-43f4-a3fe-9cc14dd0989b,1700,127,1827
f62ccc7b-1a74-404e-83db-e8d6877395ac,f3eb936d-74aa-4b98-8acd-fb9136933e38,2023-12-20 15:45:00,059136e5-beb1-43f4-a3fe-9cc14dd0989b,400,30,430
f780514e-90c5-40d0-b78e-2f490371d8e9,5ff6898e-6fbe-41b2-abb0-7bdf107eeb3b,2023-12-20 08:27:00,059136e5-beb1-43f4-a3fe-9cc14dd0989b,600,44,644
0efd4c50-6482-4e91-9fff-3706de16fa69,e03d6e06-c748-4b67-bc54-1902c85555f0,2023-12-20 13:10:00,059136e5-beb1-43f4-a3fe-9cc14dd0989b,500,37,537
c8bff920-fe2d-45ce-8b47-cadc93fad11e,3d49f94b-d293-4bc7-9785-8c1924b261ed,2023-12-20 15:59:00,059136e5-beb1-43f4-a3fe-9cc14dd0989b,600,44,644
8b6ea318-71f8-4f92-b5a9-453870987ed3,4b9e45a3-6ebf-4492-a4ea-834b7143f962,2023-12-20 10:15:00,059136e5-beb1-43f4-a3fe-9cc14dd0989b,2600,195,2795
38f8f816-5b43-47ef-92b9-a4dad75c1d2d,9ce4e9b6-d52c-489e-86b9-dd732ad63698,2023-12-20 16:03:00,059136e5-beb1-43f4-a3fe-9cc14dd0989b,1800,135,1935
fa2b06a7-3117-4b59-904b-8dd9b5a47124,d5ed11cf-a7a8-48e0-8db6-b53ea2b4215b,2023-12-20 07:58:00,059136e5-beb1-43f4-a3fe-9cc14dd0989b,600,44,644
ed69fe1f-494e-46e7-a3f8-4661b3fea542,7c94f11c-d222-4fbf-8a10-b5dc85c91e8c,2023-12-20 12:18:00,059136e5-beb1-43f4-a3fe-9cc14dd0989b,3200,240,3440
d195f2f3-9b30-42f1-8efb-cc252fdfb2ed,4cb59264-ffcc-452a-8b0e-82b2d93a13f8,2023-12-20 13:16:00,059136e5-beb1-43f4-a3fe-9cc14dd0989b,1100,82,1182
52691f4f-12ff-4917-855c-72a090f39098,52713a79-bbcf-4dae-b373-094c94cdaa42,2023-12-20 09:52:00,059136e5-beb1-43f4-a3fe-9cc14dd0989b,2600,195,2795
6c5cc849-9561-4f22-b156-981a54dba159,86936775-52b3-40ab-9529-3d70c1d85b96,2023-12-20 17:16:00,059136e5-beb1-43f4-a3fe-9cc14dd0989b,1600,120,1720
07e94c55-a3fc-4d2e-8c2a-1e051f0df568,e92d4740-9449-4048-92f5-85fb462dad77,2023-12-20 15:01:00,059136e5-beb1-43f4-a3fe-9cc14dd0989b,1100,82,1182
3db7e887-f9f2-4a41-8424-2ed08c20d7b8,69b261e6-ada0-48de-94b4-7449a7e44a5f,2023-12-20 07:58:00,059136e5-beb1-43f4-a3fe-9cc14dd0989b,500,37,537
0b0017d0-2442-4029-b9ea-2e7c7e85d311,5b7ca844-231c-4062-ac6a-4b3b609e5c76,2023-12-20 07:56:00,059136e5-beb1-43f4-a3fe-9cc14dd0989b,600,44,644
a3381e7a-9587-4f52-9394-6648f9326b4a,4f346960-fad5-45cb-b2fb-aa2c25662998,2023-12-20 15:34:00,059136e5-beb1-43f4-a3fe-9cc14dd0989b,1700,127,1827
16f682bf-0ffe-44ec-994b-f773b030d57e,53760b90-8462-4a28-9982-1a996cdbc8a2,2023-12-20 17:00:00,059136e5-beb1-43f4-a3fe-9cc14dd0989b,600,44,644
a572a5b0-4b99-43ec-bd43-787942a03612,59fb0d19-c3ef-4659-9b3d-dfb568b3fedf,2023-12-20 14:47:00,059136e5-beb1-43f4-a3fe-9cc14dd0989b,600,44,644
6c1582dd-bf28-4643-b8ab-c332dd75e60f,ab97f3ac-1614-471d-82d6-66432507cd64,2023-12-20 07:40:00,059136e5-beb1-43f4-a3fe-9cc14dd0989b,600,44,644
5fd86d89-26b6-4faf-803b-2da0056be698,07a8b0a6-f708-4fe2-93b6-21978691ae73,2023-12-20 08:51:00,059136e5-beb1-43f4-a3fe-9cc14dd0989b,400,30,430
74f01db6-b013-4c07-b150-08a16bc719c7,472472bf-18fe-424e-a45c-e1c80185d4e3,2023-12-20 11:21:00,059136e5-beb1-43f4-a3fe-9cc14dd0989b,400,30,430
40a44eef-8561-49c2-a3c2-9fd09ba2e5cc,8a23372e-fab4-4779-8f74-6f8a0f73b768,2023-12-20 10:35:00,059136e5-beb1-43f4-a3fe-9cc14dd0989b,1400,105,1505
45131316-48ad-437e-88cb-444b44401017,34d82b57-4819-4794-9ca9-ea6574b20771,2023-12-20 08:46:00,059136e5-beb1-43f4-a3fe-9cc14dd0989b,400,30,430
8b323228-e5c7-4e6d-80cf-90af20675146,e6e521f9-4263-4abe-8cb3-3aec564ed17b,2023-12-20 07:19:00,059136e5-beb1-43f4-a3fe-9cc14dd0989b,700,52,752
025132da-5df9-404f-97b2-44959b953e5a,dd182f76-63eb-4173-848a-8c03f76c83b7,2023-12-20 13:11:00,059136e5-beb1-43f4-a3fe-9cc14dd0989b,1800,135,1935
df135631-c4f3-48b4-8299-a04c1a553d73,5ae0ad28-397e-48ae-b74c-cf5304acb96f,2023-12-20 18:00:00,059136e5-beb1-43f4-a3fe-9cc14dd0989b,1800,135,1935
cdc4f461-0e42-4a4c-b7ce-c31bdf588d7b,144f7fec-c604-4938-9da9-0bfe2ddb8e7f,2023-12-20 15:02:00,059136e5-beb1-43f4-a3fe-9cc14dd0989b,700,52,752
5ae8ab90-ea42-4bf1-a44c-68d17a8b5ea5,d7f9570e-4b88-4892-aee5-c747cf0505ce,2023-12-20 09:10:00,059136e5-beb1-43f4-a3fe-9cc14dd0989b,400,30,430
58783e5a-a4e8-4bb0-969f-043096ba5679,2fff5639-709b-454a-803a-084249a1f25f,2023-12-20 19:26:00,059136e5-beb1-43f4-a3fe-9cc14dd0989b,400,30,430
f77139c3-a432-4cd8-9e5c-8f3361b08ee8,65d98288-db49-45ad-8275-fe8812494280,2023-12-20 16:42:00,059136e5-beb1-43f4-a3fe-9cc14dd0989b,1600,120,1720
de5fe197-758b-4e22-810a-48f4f9584ac2,63179edd-cb4d-4c8a-83a4-01a0da3bb534,2023-12-20 11:29:00,059136e5-beb1-43f4-a3fe-9cc14dd0989b,1600,120,1720
a323937f-b733-4625-a323-3357ee7d879e,56efbcd8-63c0-44d5-8879-81f6a4ae9706,2023-12-20 08:02:00,059136e5-beb1-43f4-a3fe-9cc14dd0989b,400,30,430
a52e61b3-8d8a-4f1a-92eb-555ddc2db638,63c89071-7a92-40d7-b793-900c47a5567d,2023-12-20 08:09:00,059136e5-beb1-43f4-a3fe-9cc14dd0989b,700,52,752
c39a9862-046b-4040-acaa-35245923b1f6,34fbe879-d0cc-45b7-bf6b-da9542a4246f,2023-12-20 09:42:00,059136e5-beb1-43f4-a3fe-9cc14dd0989b,600,44,644
8b35f4fa-675a-48d8-b272-906e76afa053,3ad06998-11c6-4642-bd7b-e7455a4d6da5,2023-12-20 11:31:00,059136e5-beb1-43f4-a3fe-9cc14dd0989b,500,37,537
aa6f4b5e-7600-4f5e-9ba8-1c08f88dedbc,b2e021cb-5b71-4a44-9b75-49a8a45a5c8e,2023-12-20 13:47:00,059136e5-beb1-43f4-a3fe-9cc14dd0989b,400,30,430
cf6e65b9-b060-4aa6-8a5f-0de9ab5ed18d,1323cb5b-d097-4c01-b440-610aa6e586c1,2023-12-20 12:45:00,059136e5-beb1-43f4-a3fe-9cc14dd0989b,700,52,752
8aa681d1-9e01-4aa8-ae46-b106a60f6055,9c2859ae-e58b-45d1-a0fb-3efdd7401deb,2023-12-20 16:46:00,059136e5-beb1-43f4-a3fe-9cc14dd0989b,700,52,752
6af05294-b5f3-4ccb-bdcb-ec440d20d4cd,87013cfb-6a3d-4e3c-9e31-884b9f979690,2023-12-20 18:48:00,059136e5-beb1-43f4-a3fe-9cc14dd0989b,400,30,430
3b778954-7311-4748-8b3c-b6cf593d70c2,1c40cde4-4c0a-4cc5-8eaa-78b7d34c58eb,2023-12-20 07:48:00,059136e5-beb1-43f4-a3fe-9cc14dd0989b,600,44,644
cc66c4c7-5055-426b-b979-2026d9e4d917,416ddd70-f0ad-4d6c-8d08-827ca7466f48,2023-12-20 08:42:00,059136e5-beb1-43f4-a3fe-9cc14dd0989b,600,44,644
d39e7543-60e6-47ef-94c4-08345432c224,6a0e68f2-fede-4f45-b3f8-b0325978c2a8,2023-12-20 08:07:00,059136e5-beb1-43f4-a3fe-9cc14dd0989b,500,37,537
afdaad2c-0886-46da-b59e-cb19cd2e2097,d6e7ed2a-93ac-4751-a20d-44a68642f9a7,2023-12-20 15:51:00,059136e5-beb1-43f4-a3fe-9cc14dd0989b,1600,120,1720
aaa4b9d0-4604-4826-8ef5-b589ba360fe9,3e2dd302-520d-45bd-a7b8-b43652be9e88,2023-12-20 13:28:00,059136e5-beb1-43f4-a3fe-9cc14dd0989b,1800,135,1935
6d7b9324-24b8-4027-bc8e-a9bde216b5e4,080b2366-0a35-4def-ac8c-f7d8ddbc407d,2023-12-20 08:26:00,059136e5-beb1-43f4-a3fe-9cc14dd0989b,600,44,644
64574d88-58bc-451d-a8a9-95aec36aaa15,98136fa4-c411-4fb7-9bed-a26308bbdf32,2023-12-20 07:55:00,059136e5-beb1-43f4-a3fe-9cc14dd0989b,400,30,430
9c926dc1-408d-4727-a140-94b3955e3574,05345af9-f758-4bca-bb47-3233aedbf543,2023-12-20 13:53:00,059136e5-beb1-43f4-a3fe-9cc14dd0989b,500,37,537
552c5dd7-b796-4989-8a48-df14dabf3433,3161ca22-7e0d-46c4-bfb0-c93e62c46ea8,2023-12-20 08:27:00,059136e5-beb1-43f4-a3fe-9cc14dd0989b,600,44,644
2e32d77c-1e54-44d0-bd60-5d84822b18ba,82f6eacc-b18b-4dec-b170-5510d706e698,2023-12-20 07:46:00,059136e5-beb1-43f4-a3fe-9cc14dd0989b,500,37,537
35c2c754-8602-48be-bb2c-136f336b3246,e1ae5473-912b-494f-b4e4-c4323ccb5509,2023-12-20 07:14:00,059136e5-beb1-43f4-a3fe-9cc14dd0989b,700,52,752
38e18e1c-89df-4d09-b90b-5342a60d4eea,335ffb1e-5b15-4ad8-bee9-60b00b39f402,2023-12-20 08:22:00,059136e5-beb1-43f4-a3fe-9cc14dd0989b,600,44,644
d696353d-600a-45a8-8945-d1f0f90f933a,3186b251-cfbc-4073-883d-2d622bb79b96,2023-12-20 08:19:00,059136e5-beb1-43f4-a3fe-9cc14dd0989b,500,37,537
ad26b561-4d75-44cf-9f74-cff87123d1f1,ff548053-cb32-4f33-ada3-42db8f5e72d1,2023-12-20 14:20:00,059136e5-beb1-43f4-a3fe-9cc14dd0989b,500,37,537
2f8e7726-e653-446e-9de4-a9ba45dd4b0b,0f5a922a-5641-4941-b276-2b3448dd706f,2023-12-20 08:17:00,059136e5-beb1-43f4-a3fe-9cc14dd0989b,400,30,430
e06db0a8-1df5-421c-8281-c606adcd387d,d40f4cac-3dde-4451-ae26-8817fa0ac508,2023-12-20 08:59:00,059136e5-beb1-43f4-a3fe-9cc14dd0989b,600,44,644
7e81d141-82e7-4bc9-870c-9267c8d45a81,3ddc09e5-5df2-48d6-8451-ab82ed8489e2,2023-12-20 11:47:00,059136e5-beb1-43f4-a3fe-9cc14dd0989b,400,30,430
6bc77b17-bcc0-413a-976f-06b30ebc9c72,1ceec0f9-a0bb-40ff-a5cb-2bc97c25fdab,2023-12-20 11:50:00,059136e5-beb1-43f4-a3fe-9cc14dd0989b,500,37,537
eb6bc510-979a-4820-b00a-4cccf0d118d7,da5cd671-cf27-4151-8076-5b2369981a8a,2023-12-20 07:37:00,059136e5-beb1-43f4-a3fe-9cc14dd0989b,500,37,537
3cf0bbbf-bc4f-40cc-be9f-436e7a3b21b8,cf2886d3-4bb9-425f-9842-f6ab89f29851,2023-12-20 08:18:00,059136e5-beb1-43f4-a3fe-9cc14dd0989b,400,30,430
2351195b-117c-416d-b9d7-7d57b26bdb6e,8afd022f-4b28-4638-856c-b2eb7da37530,2023-12-20 10:09:00,059136e5-beb1-43f4-a3fe-9cc14dd0989b,700,52,752
bda92a9e-7cc4-48fb-a69d-2699f33c9c4d,c001075b-b254-41b1-9251-e429aff98318,2023-12-20 13:36:00,059136e5-beb1-43f4-a3fe-9cc14dd0989b,600,44,644
b9cc5578-6b77-4388-8e6e-3f27f54ad7dc,f2ea92ed-0bee-479f-80a4-d186c2c16020,2023-12-20 14:57:00,059136e5-beb1-43f4-a3fe-9cc14dd0989b,500,37,537
dc3d284f-cd64-495c-ba99-c5b5494dcef1,99cd74d7-57ce-4af8-b7ce-2b0f74150ded,2023-12-20 12:32:00,059136e5-beb1-43f4-a3fe-9cc14dd0989b,400,30,430
bbda1c56-2f40-4960-a4a6-f7fa8b88967b,f5b542da-7d69-4d0d-93d2-004996d805d9,2023-12-20 16:52:00,059136e5-beb1-43f4-a3fe-9cc14dd0989b,1700,127,1827
2f7056f7-03c9-47e4-915f-d7931a4eef2c,537f56af-b73f-4cd3-90e9-5901fb0cf6e1,2023-12-20 07:08:00,059136e5-beb1-43f4-a3fe-9cc14dd0989b,400,30,430
d1283d73-ff92-406f-89ec-a6c0e47133e0,f7feb52a-5089-47fd-8310-0376fc9e61c1,2023-12-20 17:39:00,059136e5-beb1-43f4-a3fe-9cc14dd0989b,400,30,430
76b7a110-3042-490e-a18e-0d6614fdf61b,deca356d-a271-49eb-a57e-cefebda03b0d,2023-12-20 07:37:00,059136e5-beb1-43f4-a3fe-9cc14dd0989b,500,37,537
5e14e617-4f02-4d30-8af0-00920a3ee31c,cb93f4d2-85c6-416a-9d28-2ebba8219fc2,2023-12-20 08:30:00,059136e5-beb1-43f4-a3fe-9cc14dd0989b,400,30,430
581544a7-3ab6-44b9-9f83-5f34d7d6cc44,cf4af158-856c-40ca-a09e-bc39cc5bcc57,2023-12-20 09:40:00,059136e5-beb1-43f4-a3fe-9cc14dd0989b,2200,165,2365
ec6c8202-867b-419b-97d2-a982ca59accc,b6a07bfc-cfe5-4301-acf5-599ec671ed33,2023-12-20 13:30:00,059136e5-beb1-43f4-a3fe-9cc14dd0989b,600,44,644
329951d0-159d-436b-bd66-09854c8d2034,65587b67-2db3-4f9e-9532-5a8b5168baeb,2023-12-20 10:55:00,059136e5-beb1-43f4-a3fe-9cc14dd0989b,0,0,0
fb6844e9-2921-45e3-bb1d-affd0b2cc1be,cc1c106c-69ef-44a0-86c1-76735e4e07ed,2023-12-20 14:05:00,059136e5-beb1-43f4-a3fe-9cc14dd0989b,600,44,644
adebe498-559c-4397-80ca-68dfa0a09ce4,bdb34ac4-1425-4a78-ab36-06203eb04d7e,2023-12-20 12:29:00,059136e5-beb1-43f4-a3fe-9cc14dd0989b,600,44,644
363c60dd-0313-400c-b3ab-7e44bc8f0f0d,646780ab-c1fe-4d83-84c6-3a20021869b8,2023-12-20 10:32:00,059136e5-beb1-43f4-a3fe-9cc14dd0989b,700,52,752
e863b434-87df-4c70-8b7b-e13c325276f1,5893c78f-be68-4535-87e4-b9e0a3100d8a,2023-12-20 17:58:00,059136e5-beb1-43f4-a3fe-9cc14dd0989b,1700,127,1827
6dac2b40-380c-4c34-9699-7b7724b57e4f,5a85894e-8877-4fe8-abc7-25ee8d4f3683,2023-12-20 08:02:00,059136e5-beb1-43f4-a3fe-9cc14dd0989b,400,30,430
4114530b-9fb2-406a-ab3b-5aeeea93fd86,ff167039-ce55-49a9-a653-d00a88d17fc9,2023-12-20 17:52:00,059136e5-beb1-43f4-a3fe-9cc14dd0989b,400,30,430
838fa735-da50-4d5d-9f77-f4edc9006630,3cd5fd88-7f74-4f00-bf62-641e6d5c8743,2023-12-20 07:31:00,059136e5-beb1-43f4-a3fe-9cc14dd0989b,600,44,644
49017b28-d7d7-4847-8a8c-b90fd7fbe7ea,525b7cde-507b-42ab-9ca4-f010a9e8de28,2023-12-20 08:35:00,059136e5-beb1-43f4-a3fe-9cc14dd0989b,600,44,644
394e9e83-283a-44bf-a0dd-64f8a5845feb,44224fd5-b92c-4619-9508-d36631045e8a,2023-12-20 10:21:00,059136e5-beb1-43f4-a3fe-9cc14dd0989b,700,52,752
4f85a5a6-e38e-4cee-8911-6371b7491f79,62f4378e-2f4d-428a-ab62-b2c3950af0f0,2023-12-20 14:04:00,059136e5-beb1-43f4-a3fe-9cc14dd0989b,400,30,430
7e131824-0d28-42c7-953a-14bad901d122,f2d3b7b6-cb0d-4ad8-ab6d-d428c7f48c29,2023-12-20 12:10:00,059136e5-beb1-43f4-a3fe-9cc14dd0989b,500,37,537
923f9e5a-7618-4558-861b-dc8daaea2d6e,35b4c9ee-b015-4921-8fb3-e18d94ba2acf,2023-12-20 08:08:00,059136e5-beb1-43f4-a3fe-9cc14dd0989b,600,44,644
73024d15-abe0-4c49-87db-0d48fcef81ca,ee7c3fb3-ed03-4efb-af8d-ddcec90a202a,2023-12-20 11:01:00,059136e5-beb1-43f4-a3fe-9cc14dd0989b,1200,89,1289
4fdab8f1-4087-41d5-b6cf-2e4a4473b3e3,429f4082-8e25-42a4-8b71-03eb45a90da2,2023-12-20 16:49:00,059136e5-beb1-43f4-a3fe-9cc14dd0989b,1600,120,1720
e024926c-895d-480a-a25f-4fbdef56a9a8,c1acbc40-5acf-4438-a21b-2b260df6a4bb,2023-12-20 07:25:00,059136e5-beb1-43f4-a3fe-9cc14dd0989b,500,37,537
a1c083ea-4f5c-44d4-8e22-d394168f1b12,29272c1d-470c-4452-b97c-2666adaaa2f1,2023-12-20 09:26:00,059136e5-beb1-43f4-a3fe-9cc14dd0989b,700,52,752
8bf8a958-8d2b-4f7a-99ce-06f9ce831180,eb946b01-b4e4-4e83-921f-8bdfa6bf8779,2023-12-20 08:18:00,059136e5-beb1-43f4-a3fe-9cc14dd0989b,600,44,644
58b0ffcc-34aa-406b-a6d8-937946439a8a,081fc5fe-a7fa-4c01-91bc-e6a535fc566e,2023-12-20 08:41:00,059136e5-beb1-43f4-a3fe-9cc14dd0989b,800,60,860
2706de1a-8526-4462-b6a9-a732e7a0c79c,179447a8-7285-4bb4-a34a-03071446d270,2023-12-20 07:22:00,059136e5-beb1-43f4-a3fe-9cc14dd0989b,600,44,644
c04ca636-b2e0-42c4-a963-f0bf7f755ab1,88277afe-3beb-41e3-913b-cfc4a91d6185,2023-12-20 17:01:00,059136e5-beb1-43f4-a3fe-9cc14dd0989b,3400,254,3654
8634b1ac-33c9-43e2-a875-3d02175eef74,c67e5298-2e23-483d-9271-f3a407d60b98,2023-12-20 08:17:00,059136e5-beb1-43f4-a3fe-9cc14dd0989b,600,44,644
86b25f1c-12d7-44ff-97ce-6456981ef263,cc0e1091-f21f-4062-a932-82374bcee4ac,2023-12-20 11:45:00,059136e5-beb1-43f4-a3fe-9cc14dd0989b,2500,187,2687
fb6426bf-5382-4cbd-afd2-1a78267b12d7,7881f065-465b-4e32-a7e5-688fb2bbb84e,2023-12-20 07:12:00,059136e5-beb1-43f4-a3fe-9cc14dd0989b,600,44,644
c4a99b79-8f27-4b2b-a2ea-daa17475965a,ec70abb1-0f2b-4f84-8df9-c07a3d01ce2d,2023-12-20 07:44:00,059136e5-beb1-43f4-a3fe-9cc14dd0989b,500,37,537
0861c208-97d5-4c90-aa6b-22fd8b21ac57,4bc8d1b3-b47e-4bb4-8531-37a7694b301a,2023-12-20 07:54:00,059136e5-beb1-43f4-a3fe-9cc14dd0989b,600,44,644
60746f9d-eb20-4b6d-921a-2261050c3f98,cfbb01a6-b92f-49e8-b0ad-73c464ec17b0,2023-12-20 08:45:00,059136e5-beb1-43f4-a3fe-9cc14dd0989b,700,52,752
a2569796-efcc-48a2-bc5b-fbcc0d78b124,3e0a9ecf-66f7-42c2-8ff6-28dbe97fadce,2023-12-20 14:59:00,059136e5-beb1-43f4-a3fe-9cc14dd0989b,2000,150,2150
fd9098bd-eee9-4a3b-83da-c4cdc960a91f,6760fa7e-0ff8-4391-bc15-ebc006f502a7,2023-12-20 15:20:00,059136e5-beb1-43f4-a3fe-9cc14dd0989b,1000,75,1075
2b8e4f26-3c17-4805-8709-cde875a2035f,78fdcf56-3a2e-4c02-b8c1-2268dc126226,2023-12-20 12:20:00,059136e5-beb1-43f4-a3fe-9cc14dd0989b,1100,82,1182
2d2d4e82-846c-4d5e-af45-c9a03cdab5b3,c94f282d-c27f-43b3-9a37-89551f87c760,2023-12-20 08:08:00,059136e5-beb1-43f4-a3fe-9cc14dd0989b,500,37,537
e189c124-ebd0-42d4-bac3-aae3121ba761,223b2d25-636a-4e2e-af36-e18af1f6ede8,2023-12-20 13:02:00,059136e5-beb1-43f4-a3fe-9cc14dd0989b,400,30,430
cdbb75aa-d7a6-4276-bcab-578c6494ef32,8031e143-2b42-4f78-ab00-4368a3dd4e0f,2023-12-20 11:47:00,059136e5-beb1-43f4-a3fe-9cc14dd0989b,2300,172,2472
32e0127e-16a3-45b7-8bd5-ab3738c70601,3096fdce-e3a2-4362-9436-618b55f584e1,2023-12-20 18:18:00,059136e5-beb1-43f4-a3fe-9cc14dd0989b,600,44,644
508b41d2-8b95-43e9-a870-a8ad854ac0c2,1ead5dd0-3b9e-404d-80f2-7861e930f91c,2023-12-20 14:51:00,059136e5-beb1-43f4-a3fe-9cc14dd0989b,600,44,644
cce3c0d8-e58d-49e3-b0cd-338e8806fce0,aeffa343-3fd6-48bd-96c4-f0d427f3e16d,2023-12-20 08:46:00,059136e5-beb1-43f4-a3fe-9cc14dd0989b,500,37,537
4b52a025-58be-431f-8c48-17e5cf585430,48a627c0-ee76-49ed-a973-831b71164cf6,2023-12-20 08:57:00,059136e5-beb1-43f4-a3fe-9cc14dd0989b,700,52,752
3fa34e6f-943d-4740-bc38-3a0fed9d1a1a,8437dbcc-d837-403b-93dd-6b6b89046f67,2023-12-20 08:04:00,059136e5-beb1-43f4-a3fe-9cc14dd0989b,400,30,430
8b514389-2e49-46b2-95b8-bfbae0c17a38,b6b3e2f5-352e-401a-967f-e80b22835181,2023-12-20 07:40:00,059136e5-beb1-43f4-a3fe-9cc14dd0989b,500,37,537
33ea1161-0c78-40e4-8896-ac60199435e1,be772447-4e61-4f84-aaf4-1631d43476f6,2023-12-20 16:04:00,059136e5-beb1-43f4-a3fe-9cc14dd0989b,2500,187,2687
f6e7293f-6a1d-47c6-b4c7-f79c3675bcdb,529aeb1a-d311-4a43-884e-e717d5e3cad0,2023-12-20 18:58:00,059136e5-beb1-43f4-a3fe-9cc14dd0989b,1800,135,1935
ad6fd86d-2c82-4068-a211-add60a465995,90cc7c61-1525-466e-96a5-004a27f62856,2023-12-20 16:38:00,059136e5-beb1-43f4-a3fe-9cc14dd0989b,1700,127,1827
5807d6e9-720b-440c-beaa-020d9df89c8d,f7250eed-7b37-49f8-ad82-3b0b965d0120,2023-12-20 17:29:00,059136e5-beb1-43f4-a3fe-9cc14dd0989b,1900,142,2042
59d17a88-57da-4289-a032-9d4413809ddc,5c367221-1359-47c9-87cb-44b94201fe2d,2023-12-20 15:03:00,059136e5-beb1-43f4-a3fe-9cc14dd0989b,500,37,537
036f0359-f08c-4d1b-92db-ec5ce13ab6c2,96ebbc87-f9c3-4880-b19d-6b115c1d06a9,2023-12-20 17:00:00,059136e5-beb1-43f4-a3fe-9cc14dd0989b,600,44,644
30cd2738-87b4-4ea5-af6f-5821e52ba21f,95d94379-7e44-44b8-869c-b0c1a76573f9,2023-12-20 08:02:00,059136e5-beb1-43f4-a3fe-9cc14dd0989b,600,44,644
5ee81f4e-e059-404b-a6f6-c1087814c40f,2753b71d-8872-4b48-8234-a6fc8ba92d23,2023-12-20 15:24:00,059136e5-beb1-43f4-a3fe-9cc14dd0989b,2300,172,2472
d8d7c5e9-3ed2-4f10-8a0b-6d8eabdeb396,bf526f3f-3326-4dee-a147-afdb0b21f9d0,2023-12-20 08:25:00,059136e5-beb1-43f4-a3fe-9cc14dd0989b,700,52,752
1d5f112c-d55f-469f-9829-888bffdee1c6,980904e6-1f3f-4d1c-9941-bf341f315e6e,2023-12-20 08:28:00,059136e5-beb1-43f4-a3fe-9cc14dd0989b,500,37,537
932f976f-cf9d-4b30-a07e-1d864d476e96,61658487-1dbc-4dfc-bb5e-cc6862adf39a,2023-12-20 07:37:00,059136e5-beb1-43f4-a3fe-9cc14dd0989b,700,52,752
7ecbcf05-bc6a-4155-97f3-5424cec4a4e7,1ab259b8-43b5-44cd-b62a-a043943be6be,2023-12-20 12:01:00,059136e5-beb1-43f4-a3fe-9cc14dd0989b,2200,165,2365
146875ec-8fe8-4523-a030-4d57c60fe271,35b0a6b4-27a7-4ce4-99e7-e6a4e3bc0deb,2023-12-20 10:36:00,059136e5-beb1-43f4-a3fe-9cc14dd0989b,3500,262,3762
b0f70538-277a-4d1f-952b-96d936de574e,71febbc1-2d32-460b-adee-3fe28d05d862,2023-12-20 07:49:00,059136e5-beb1-43f4-a3fe-9cc14dd0989b,400,30,430
8109d453-7438-4635-9b96-6610d508228f,1983b588-cc8c-4486-9324-15dde1e28b95,2023-12-20 08:52:00,059136e5-beb1-43f4-a3fe-9cc14dd0989b,500,37,537
66100955-8889-4ab5-bf57-f553fcd86d41,f9235efd-9086-44e7-9a3e-6690eacebd47,2023-12-20 08:59:00,059136e5-beb1-43f4-a3fe-9cc14dd0989b,400,30,430
41efe330-8d89-46a1-9cca-c10f12b4dd3f,b5cb4ced-80b0-42b7-aa05-6b3107491038,2023-12-20 10:37:00,059136e5-beb1-43f4-a3fe-9cc14dd0989b,600,44,644
d40a53e0-bd86-44d1-992a-b92caf9db44e,9f0a6984-4240-496d-89c0-001579285282,2023-12-20 15:17:00,059136e5-beb1-43f4-a3fe-9cc14dd0989b,1200,89,1289
88851334-5e80-4bfe-ac30-d9cefc89bfdc,9975d2cb-8b6a-4d55-9cd7-65b71f75b675,2023-12-20 08:15:00,059136e5-beb1-43f4-a3fe-9cc14dd0989b,600,44,644
fa68d124-d78c-4ff5-bb7c-813e68807917,1e93548e-a310-47d0-bb52-0b660deefca6,2023-12-20 12:35:00,059136e5-beb1-43f4-a3fe-9cc14dd0989b,2500,187,2687
ba3ad364-79b4-46e9-a7e1-16e4994f08a3,bc968d3f-f335-49c5-b7d1-a1c1b2c0df9d,2023-12-20 14:54:00,059136e5-beb1-43f4-a3fe-9cc14dd0989b,1300,97,1397
87168c9c-6727-46ca-ae91-1ee72366bec4,239b8d39-765a-472e-8b88-611bdc0e7812,2023-12-20 07:16:00,059136e5-beb1-43f4-a3fe-9cc14dd0989b,400,30,430
43ef46fb-82ce-479e-9c48-c5ee98ac3f4a,6fcb3e33-b407-4fad-a95e-92178dcd8a34,2023-12-20 07:51:00,059136e5-beb1-43f4-a3fe-9cc14dd0989b,500,37,537
cb1369c7-92a0-43a4-ad93-204fc091f7fd,8164d8c7-ed86-48e2-ba04-4b693a90a81a,2023-12-20 19:02:00,059136e5-beb1-43f4-a3fe-9cc14dd0989b,1300,97,1397
a66895a5-df49-46b6-983e-46aa325549c5,ecb3a8a1-642b-4103-a093-12773210926e,2023-12-20 14:11:00,059136e5-beb1-43f4-a3fe-9cc14dd0989b,1800,135,1935
408f7360-8aed-4a93-bb9c-592b98475f43,d205e228-5571-48e7-bd0c-046c3e33704e,2023-12-20 18:17:00,059136e5-beb1-43f4-a3fe-9cc14dd0989b,2500,187,2687
0aef187d-a3d7-4a62-9133-a290d889d5c1,3888e62f-5ebe-49cf-93e8-70e8eb32a0de,2023-12-20 07:47:00,059136e5-beb1-43f4-a3fe-9cc14dd0989b,600,44,644
b5ef664e-5039-484c-8eca-e0f5aa460378,c085eeee-229f-4875-866c-4edc1617d158,2023-12-20 07:30:00,059136e5-beb1-43f4-a3fe-9cc14dd0989b,600,44,644
927acde5-d3b3-4d43-9199-015a105bfeed,34e3fa3a-3e73-4d2a-bd8f-4aeb7d8b2231,2023-12-20 14:30:00,b5941a70-cf63-407e-8c24-c979e7f61e45,700,28,728
14b456b9-728c-459b-bb91-460742b20f38,07802969-246c-489b-9096-7642f0c1b45d,2023-12-20 19:01:00,b5941a70-cf63-407e-8c24-c979e7f61e45,400,16,416
784a80c3-4604-46e7-b530-51d233065216,c1204cb7-2364-40d5-8a6b-d3c001faae6f,2023-12-20 07:32:00,b5941a70-cf63-407e-8c24-c979e7f61e45,500,20,520
89aa8c67-5a13-4aa9-a041-3cb4c7f51938,def6a9d5-036b-4315-998b-47908bc1c8ad,2023-12-20 07:07:00,b5941a70-cf63-407e-8c24-c979e7f61e45,500,20,520
244931d7-3570-48bd-af2f-91b68c08a236,fa793654-137e-43d4-b206-81e8119b1b4e,2023-12-20 15:35:00,b5941a70-cf63-407e-8c24-c979e7f61e45,500,20,520
126a3ab5-7d98-4eed-b90a-cd3fb51d3349,b348e89f-677a-4d48-a58b-b4c9448f50a1,2023-12-20 08:14:00,b5941a70-cf63-407e-8c24-c979e7f61e45,700,28,728
25f7a0a8-de0c-44b5-8698-5f93372195dc,8903ed0e-aebe-4557-b8ac-6a0b252ebdbe,2023-12-20 08:41:00,b5941a70-cf63-407e-8c24-c979e7f61e45,700,28,728
a5e3b639-4ce8-4189-ac92-594e0ca4ca44,2b95812c-96e3-4c71-b994-40bd090d6422,2023-12-20 12:50:00,b5941a70-cf63-407e-8c24-c979e7f61e45,700,28,728
bb4aaf69-74a5-4c16-93f5-6f1802b4f74c,cfe678c2-234b-4b62-809d-8caee64e6323,2023-12-20 08:29:00,b5941a70-cf63-407e-8c24-c979e7f61e45,600,24,624
1e6c8484-2bb7-478a-8201-c456a7a436ce,c736210a-434f-4b33-955c-6fdf5e35768c,2023-12-20 14:56:00,b5941a70-cf63-407e-8c24-c979e7f61e45,1600,64,1664
7d6f4964-cd7f-4165-a03d-e8bbf28e8962,48fb38a1-f0ff-46e0-964c-df51a0ba2612,2023-12-20 12:04:00,b5941a70-cf63-407e-8c24-c979e7f61e45,1700,68,1768
cd724eca-2d44-4c75-a115-f7c94b1c951e,e4d7d41d-35a6-4e84-89d9-d475369a8b15,2023-12-20 19:21:00,b5941a70-cf63-407e-8c24-c979e7f61e45,400,16,416
263591d2-10e8-4626-8d26-69dee12ecf89,3fd94dc1-a86f-4596-88c9-1653eff665a6,2023-12-20 15:47:00,b5941a70-cf63-407e-8c24-c979e7f61e45,2100,84,2184
8108658c-be8d-48df-ab9b-c9eeb64d00dc,af2bf82c-ea3d-4e9b-be5d-f79cf8707704,2023-12-20 14:39:00,b5941a70-cf63-407e-8c24-c979e7f61e45,400,16,416
e8166dbe-b54b-4571-b89a-6309d7ba42d9,863da1ea-a81b-4946-b9d9-3194617e23d8,2023-12-20 10:38:00,b5941a70-cf63-407e-8c24-c979e7f61e45,1800,72,1872
d24e3406-ef35-4fb8-8b44-08ff212c417f,2db91672-0332-4092-8333-8b59707f1744,2023-12-20 19:49:00,b5941a70-cf63-407e-8c24-c979e7f61e45,2000,80,2080
2d0815bb-275f-46ee-942d-7d31fbbafa35,d3c03d2b-e214-4128-b959-7cbb00080b81,2023-12-20 08:16:00,b5941a70-cf63-407e-8c24-c979e7f61e45,700,28,728
0ac5511a-04cf-4247-9d57-d315a750c85b,e835ed2d-f124-4491-ac98-63c5d43f5b22,2023-12-20 07:41:00,b5941a70-cf63-407e-8c24-c979e7f61e45,500,20,520
e6d9f4b1-82aa-4117-8b7c-39a136508efb,dba6f48c-a73b-44fd-8ecc-ba0fccc8e67d,2023-12-20 14:42:00,b5941a70-cf63-407e-8c24-c979e7f61e45,400,16,416
c67b1181-b53c-47c2-b368-62e7afc12985,84446a2a-0a45-4348-9c17-8317f660ad1d,2023-12-20 07:31:00,b5941a70-cf63-407e-8c24-c979e7f61e45,600,24,624
fb5d5683-40ca-449b-a662-ed8100c4ebb2,855ad166-da80-4dee-8c53-b239e364b074,2023-12-20 09:18:00,b5941a70-cf63-407e-8c24-c979e7f61e45,700,28,728
dfe70e9f-3ed1-40e5-8e7d-199ab1661835,9f09c473-3854-4d8e-8123-09976c23a1b9,2023-12-20 07:23:00,b5941a70-cf63-407e-8c24-c979e7f61e45,600,24,624
164f06e6-f002-4d89-8ea1-ba2d1f0a6b7e,665a35f4-221f-4277-8334-627eacce41fd,2023-12-20 14:03:00,b5941a70-cf63-407e-8c24-c979e7f61e45,400,16,416
9dc29106-68aa-4844-9fd0-a6c045ec2836,ec867770-aa2f-425e-8f03-4269cb2c8432,2023-12-20 15:31:00,b5941a70-cf63-407e-8c24-c979e7f61e45,600,24,624
cebe42f9-a5ac-45c8-baf2-8499d01a8e26,bf200f85-febd-42c5-be55-f8285e5f92c1,2023-12-20 07:22:00,b5941a70-cf63-407e-8c24-c979e7f61e45,500,20,520
cf545ea6-7728-49f2-8115-d5d475e7cbed,783d638a-a73b-4d58-a792-5b07857366ef,2023-12-20 11:27:00,b5941a70-cf63-407e-8c24-c979e7f61e45,700,28,728
5290f612-9a1b-418b-92dd-9ff51ab9074f,9bc4dd2a-a233-4f6a-a56d-5855cf3ba908,2023-12-20 15:28:00,b5941a70-cf63-407e-8c24-c979e7f61e45,1800,72,1872
ccacc5f2-e315-48c5-8700-6cdb8d99002d,38e487ca-cf63-4a0a-a0ea-4eb06aa1c914,2023-12-20 15:47:00,b5941a70-cf63-407e-8c24-c979e7f61e45,600,24,624
b03aa641-5545-4fc9-84e0-894ae258a8eb,1dc81d14-661d-4552-afc5-3ac554af03a8,2023-12-20 09:50:00,b5941a70-cf63-407e-8c24-c979e7f61e45,2500,100,2600
3b9b75ae-4348-4c02-8e7b-f03c53d3e7ac,3026827e-4594-4e12-9104-4393294a37c1,2023-12-20 07:50:00,b5941a70-cf63-407e-8c24-c979e7f61e45,700,28,728
fb2e3694-b1e2-465c-93b8-38caf7dcf6b0,a52016eb-4b27-48c0-b3a0-f34fb0fc0ca8,2023-12-20 08:09:00,b5941a70-cf63-407e-8c24-c979e7f61e45,400,16,416
21cb352b-7c7c-4765-ba28-1fa65581680b,49eeffff-dad6-4307-984c-99e7add468e3,2023-12-20 16:41:00,b5941a70-cf63-407e-8c24-c979e7f61e45,700,28,728
fb0d3c8d-2dc1-431b-a315-981e3f4f36d1,b634ac19-b773-47fa-9bea-3e85ba225eab,2023-12-20 16:14:00,b5941a70-cf63-407e-8c24-c979e7f61e45,700,28,728
a4a710ed-9958-4931-8aaa-e7f1ff13afea,5f9d6e13-18b2-47d0-8f5d-6acc5cdf4a27,2023-12-20 08:43:00,b5941a70-cf63-407e-8c24-c979e7f61e45,700,28,728
0af8955d-1d4a-4eb9-858b-bf23a1e79422,6555ae72-a22c-4480-a4e6-26cee8a445be,2023-12-20 15:10:00,b5941a70-cf63-407e-8c24-c979e7f61e45,400,16,416
9cd92e64-08eb-43ff-b3ae-8f6bace49200,89bb868a-8886-49a5-aa72-5e3a25626304,2023-12-20 08:05:00,b5941a70-cf63-407e-8c24-c979e7f61e45,600,24,624
39d275a4-fffd-4fa4-ac7b-6c3e746f1535,d77e9950-184e-411c-b78a-a5d36b2bdd7b,2023-12-20 08:55:00,b5941a70-cf63-407e-8c24-c979e7f61e45,600,24,624
ca8816cd-a8b6-43cd-9240-a99f4707624a,810f2190-c36f-4061-be67-f071ea5b49f9,2023-12-20 07:52:00,b5941a70-cf63-407e-8c24-c979e7f61e45,500,20,520
ca79e28e-8117-430f-aab3-ac0c688300b2,13bed8da-2e02-4e0b-8258-df34a7c2d850,2023-12-20 15:12:00,b5941a70-cf63-407e-8c24-c979e7f61e45,1700,68,1768
bedf25f7-fbcd-46a7-87fd-d290b59b12e7,431cb83d-f3aa-4b3d-8263-0e4c31ea214a,2023-12-20 17:45:00,b5941a70-cf63-407e-8c24-c979e7f61e45,1600,64,1664
ba6e95d4-3ccd-4f78-841b-b88bb6ccc12d,58661011-90b9-46de-a9c1-8e1f17803683,2023-12-20 07:39:00,b5941a70-cf63-407e-8c24-c979e7f61e45,600,24,624
76cefdde-cbf9-484b-b13d-d7d726ea1fee,0cc54e37-2408-4b86-9b5e-307919784f57,2023-12-20 19:42:00,b5941a70-cf63-407e-8c24-c979e7f61e45,600,24,624
ad5ded8d-d956-41b8-bcb7-1b5c172ca8f6,82c401a8-0323-4d08-ac5c-94d255bbf98f,2023-12-20 08:09:00,b5941a70-cf63-407e-8c24-c979e7f61e45,700,28,728
500f292e-edc4-4475-bf02-a734899e5dde,57542780-7d0d-4011-a4c6-2130ee9171eb,2023-12-20 17:47:00,b5941a70-cf63-407e-8c24-c979e7f61e45,1100,44,1144
6e2513ca-54fa-4ac5-b9c2-5ec0b9c11664,59c58e4f-9f02-4032-8725-a11f99244dd1,2023-12-20 12:06:00,b5941a70-cf63-407e-8c24-c979e7f61e45,400,16,416
e5fa27ad-ef1a-4e1a-aeda-826db0407ce8,c72ef573-7104-4b39-b0e3-c1e356d7852d,2023-12-20 09:09:00,b5941a70-cf63-407e-8c24-c979e7f61e45,1200,48,1248
73f65d02-02bc-4cda-96aa-4ae2f5816f9c,3edc512f-6a6e-47a4-8b78-d15efb3b5e04,2023-12-20 08:27:00,b5941a70-cf63-407e-8c24-c979e7f61e45,500,20,520
fd3a3879-b50d-4a42-aed6-815c2e7cddbd,ce41a0de-b655-4e68-b41e-43a38e82b5ae,2023-12-20 13:21:00,b5941a70-cf63-407e-8c24-c979e7f61e45,1300,52,1352
157cd36d-711b-4f08-940c-f7f2dddbdbc2,8c5fa099-c06b-40f4-89d4-8cf99468b397,2023-12-20 08:25:00,b5941a70-cf63-407e-8c24-c979e7f61e45,500,20,520
6eb7dc9d-af49-470c-9f2a-b436d078a370,ca5ef5f0-0607-4476-b0a6-40717d0c8a13,2023-12-20 11:44:00,b5941a70-cf63-407e-8c24-c979e7f61e45,600,24,624
ae0eb08d-c1ee-4724-9a09-aa3930fd7655,90afd4e3-d40c-4469-a511-0b1c2d303cb2,2023-12-20 14:01:00,b5941a70-cf63-407e-8c24-c979e7f61e45,600,24,624
a5a7b5c5-be08-4523-adbe-81d014209403,3b4c8c25-e309-4e8c-928c-042c56212f80,2023-12-20 12:33:00,b5941a70-cf63-407e-8c24-c979e7f61e45,600,24,624
251502de-911c-4420-a3d6-16b959453e15,e16637ca-b05a-4c31-a176-d2419ec2e18a,2023-12-20 18:28:00,b5941a70-cf63-407e-8c24-c979e7f61e45,1700,68,1768
93da91e5-a224-4ec2-b8ee-3b0daf3a64d8,2babb6b1-3132-4f19-9f73-1ffc0feb4354,2023-12-20 12:47:00,b5941a70-cf63-407e-8c24-c979e7f61e45,3100,124,3224
02436191-d524-42bf-930e-95e22594d7b9,596caac8-7411-4225-9b52-3a11d72f2653,2023-12-20 07:50:00,b5941a70-cf63-407e-8c24-c979e7f61e45,600,24,624
8415aa4a-04bd-444e-ba8b-cb658d33934a,a921920a-817e-4311-8a3b-c77f11b97964,2023-12-20 13:42:00,b5941a70-cf63-407e-8c24-c979e7f61e45,1800,72,1872
63e8bc31-b664-47f5-bd71-ef18242b34ac,20d3c912-c56f-4e52-81f5-0270797ca85a,2023-12-20 11:27:00,b5941a70-cf63-407e-8c24-c979e7f61e45,600,24,624
1f8f8908-d04c-4c56-b4db-266fbafd9531,46172e79-619e-4077-af99-369c4d7f6c1a,2023-12-20 11:48:00,b5941a70-cf63-407e-8c24-c979e7f61e45,3700,148,3848
a2186d61-b05f-46fb-bb93-b7bcccf9b81e,a539224e-6827-4978-a90a-98965dc8bf1a,2023-12-20 17:05:00,b5941a70-cf63-407e-8c24-c979e7f61e45,700,28,728
b303ee10-e31a-4d63-a75f-2e41a6561f0f,b5e4f088-535a-4d1a-9dfc-1f0f1a5bbb31,2023-12-20 16:13:00,b5941a70-cf63-407e-8c24-c979e7f61e45,2000,80,2080
407c402a-923e-41ea-a0b3-845c527df0f2,fc665220-686d-4e6c-aebc-5eccbf9e7900,2023-12-20 10:36:00,b5941a70-cf63-407e-8c24-c979e7f61e45,1200,48,1248
e7c26739-baa3-467c-9c68-7a7fd9c7f5f1,612ba113-a667-4f6c-88ff-4719d9b8bd6d,2023-12-20 07:46:00,b5941a70-cf63-407e-8c24-c979e7f61e45,400,16,416
0c762f65-410b-4565-9fe0-b9cc728788c2,4058c008-2139-4019-a484-20f84a44cab9,2023-12-20 13:44:00,b5941a70-cf63-407e-8c24-c979e7f61e45,600,24,624
a087a01f-85e4-4e48-ba55-39bd1082ec1d,5f850358-6038-4f2e-a7f6-9ad8be127665,2023-12-20 07:28:00,b5941a70-cf63-407e-8c24-c979e7f61e45,400,16,416
a2014b71-3a1a-47d5-a176-b5c52ef58645,2e5a7c29-d023-4b29-bd40-b25b4959d544,2023-12-20 10:27:00,b5941a70-cf63-407e-8c24-c979e7f61e45,700,28,728
262617fb-6984-40fe-8ec3-fcadd997e0c5,de6351d4-e3e1-4e82-9c3f-ee108764ba3a,2023-12-20 11:24:00,b5941a70-cf63-407e-8c24-c979e7f61e45,600,24,624
653ee062-d8da-4bde-acd9-2b5e049659b6,37ae6c25-9a54-4bd2-b8ce-8ff408aad37c,2023-12-20 14:49:00,b5941a70-cf63-407e-8c24-c979e7f61e45,700,28,728
b657ca08-8054-4113-86e2-85cfa4520245,d2506204-6b5b-4bef-bae3-9c5a699459d4,2023-12-20 12:28:00,b5941a70-cf63-407e-8c24-c979e7f61e45,500,20,520
15682ce9-1fc3-4ee0-8699-6a089bbbdb64,0ab6cc4a-4d4d-4b0f-bb9e-26934e1b2fb4,2023-12-20 11:30:00,b5941a70-cf63-407e-8c24-c979e7f61e45,2400,96,2496
f7f88fda-d423-4537-af48-6c9515a62a07,6faee88c-1462-4014-aab0-303e19e38765,2023-12-20 08:20:00,b5941a70-cf63-407e-8c24-c979e7f61e45,700,28,728
361e6289-9b79-464e-9a41-6b67da9be282,bf8dfc01-63c1-4fad-bc87-f235d190076e,2023-12-20 07:23:00,b5941a70-cf63-407e-8c24-c979e7f61e45,500,20,520
abb88cc5-6230-44c5-a481-db1c7dba1e3a,d67db81a-4d2e-4a5a-a1e1-70e3b973dad8,2023-12-20 08:02:00,b5941a70-cf63-407e-8c24-c979e7f61e45,400,16,416
d9e4d371-17b2-4fd1-9965-0e764195e423,805df221-8701-4577-bc0b-d5ecfbf9334b,2023-12-20 12:03:00,b5941a70-cf63-407e-8c24-c979e7f61e45,600,24,624
698fc23b-96d7-4404-b836-1e48a039103b,99b17443-411b-490a-a48e-a04b3366df95,2023-12-20 07:26:00,b5941a70-cf63-407e-8c24-c979e7f61e45,700,28,728
3ffb09d0-9d0d-48bf-ae0b-dc81ca3f4a46,0dbe6d07-7913-408a-94b4-8f22812b02b7,2023-12-20 13:14:00,b5941a70-cf63-407e-8c24-c979e7f61e45,600,24,624
eaa63cdc-bab9-453b-b345-e30e95a605fa,92426ac9-fb06-489a-b934-4d0a34e875a2,2023-12-20 18:57:00,b5941a70-cf63-407e-8c24-c979e7f61e45,600,24,624
72888ac4-7fbc-4917-a302-b3603a6d844a,99b32ca4-6c29-4f95-86a4-210f753a423e,2023-12-20 08:34:00,b5941a70-cf63-407e-8c24-c979e7f61e45,600,24,624
32fb1e8b-0db7-4842-8af2-7d77f163b472,c74b453a-265c-4336-a8fe-e0e46a311697,2023-12-20 18:04:00,b5941a70-cf63-407e-8c24-c979e7f61e45,1600,64,1664
1574035c-38c8-42d5-92a7-31419121e818,67a854b8-54c7-40ee-b9f9-e7b0f261bbb1,2023-12-20 13:40:00,b5941a70-cf63-407e-8c24-c979e7f61e45,400,16,416
360692ab-e291-4955-9d60-8b7ad6d36995,c3faf033-87ae-476c-972d-033dc9c309b3,2023-12-20 08:20:00,b5941a70-cf63-407e-8c24-c979e7f61e45,500,20,520
270a5479-9e97-4141-a73f-95d5829cbf2e,5e14a984-de53-4d21-b00c-905bad5e3292,2023-12-20 13:07:00,b5941a70-cf63-407e-8c24-c979e7f61e45,1600,64,1664
fee5bf0c-29ae-4ddb-a4eb-7e16bcdec7c4,a5aa723a-1b47-4aad-9428-6a1375022eef,2023-12-20 14:10:00,b5941a70-cf63-407e-8c24-c979e7f61e45,1700,68,1768
a21cc1e4-f996-448d-9ea9-f8fb8774fb92,cf5542a6-e935-4ac0-83e2-0c9ff00c5ed6,2023-12-20 08:33:00,b5941a70-cf63-407e-8c24-c979e7f61e45,700,28,728
647bded6-bd26-4d3b-b274-5192e41a6f13,ac8f873e-ffa7-42bf-9f3a-11d00e4c98e1,2023-12-20 15:17:00,b5941a70-cf63-407e-8c24-c979e7f61e45,600,24,624
8bbfebdf-3737-478b-b55e-2ddde1fce1c2,dd84de96-1d22-4cc4-a92d-64c9cd3e7d1d,2023-12-20 07:36:00,b5941a70-cf63-407e-8c24-c979e7f61e45,600,24,624
aa5a2195-789a-4776-a0e3-a5818d5b6c60,dc2823ec-0bc9-4530-9ff3-eccb8e52587a,2023-12-20 07:43:00,b5941a70-cf63-407e-8c24-c979e7f61e45,700,28,728
66f3eee0-c2c6-4083-be4b-71a06e51ad7d,1bb7c24c-4831-468b-bef3-93d9c1ac3849,2023-12-20 16:07:00,b5941a70-cf63-407e-8c24-c979e7f61e45,600,24,624
9c7e0084-a40c-4577-8cb9-72dab0f75732,a493497f-f0cb-4f9d-84b6-4a09288e870d,2023-12-20 16:04:00,b5941a70-cf63-407e-8c24-c979e7f61e45,2000,80,2080
eadc81c8-5356-46f3-b657-ebbaf5d4d120,74b71a0a-315f-4552-9f83-00256329c614,2023-12-20 08:49:00,b5941a70-cf63-407e-8c24-c979e7f61e45,600,24,624
6f1d0852-46a6-4f85-9852-48f0c9b40fdc,c32286df-cafb-4e3d-b0b6-bf0fff1f4f0f,2023-12-20 18:34:00,b5941a70-cf63-407e-8c24-c979e7f61e45,2300,92,2392
f85bd092-54e3-47a3-b0b2-581578113b3c,475da3ae-e2eb-4a82-899f-a4d48f805e0e,2023-12-20 08:40:00,b5941a70-cf63-407e-8c24-c979e7f61e45,500,20,520
0354a338-5cf6-4b26-a6a9-4cef7d210ccf,281dca33-a2f6-49ab-8e09-565598b69e26,2023-12-20 16:40:00,b5941a70-cf63-407e-8c24-c979e7f61e45,1600,64,1664
11cefe05-ad93-45ec-997e-df8a67141741,1355ad23-6961-4874-a5ce-b7503db14ca6,2023-12-20 17:30:00,b5941a70-cf63-407e-8c24-c979e7f61e45,2200,88,2288
d88ef4df-46ae-4246-b752-10e3b539865b,c797a15c-8e33-48e1-a362-afd706f8cbaa,2023-12-20 16:16:00,b5941a70-cf63-407e-8c24-c979e7f61e45,600,24,624
632f86bd-e797-4c00-b471-9c203e5accc4,dea4bee6-4b99-475c-98f3-d45fa666d228,2023-12-20 07:34:00,b5941a70-cf63-407e-8c24-c979e7f61e45,600,24,624
aaae4377-970c-41e8-baff-75d90c6d82ab,f66664e6-6ea7-4524-95fb-4ecd18c7a220,2023-12-20 10:16:00,b5941a70-cf63-407e-8c24-c979e7f61e45,500,20,520
d87e91a2-7e7e-457f-ac81-7dd08db20a52,a443515b-c5ea-4400-a9b4-1618a5764390,2023-12-20 08:51:00,b5941a70-cf63-407e-8c24-c979e7f61e45,500,20,520
f1d2cbb7-6cf8-4889-8437-72fd739b6b02,fb19d959-ff98-44ce-9265-c57eb1f19b1b,2023-12-20 09:08:00,b5941a70-cf63-407e-8c24-c979e7f61e45,600,24,624
cc9c0f05-0d0d-492a-9e2c-7fbb8db4495a,5014751e-3349-4a92-8345-60743b1f057f,2023-12-20 08:34:00,b5941a70-cf63-407e-8c24-c979e7f61e45,400,16,416
fc6a178e-2962-4e75-8ed6-a06766204191,0ff448ff-ca98-4acd-b4ee-b1328520cb7a,2023-12-20 13:12:00,b5941a70-cf63-407e-8c24-c979e7f61e45,1600,64,1664
aae0895f-ba92-43f3-9aa5-5002027498f8,a2a1225b-f682-44c7-a2fe-66bf11875462,2023-12-20 15:31:00,b5941a70-cf63-407e-8c24-c979e7f61e45,700,28,728
430cc6d0-43a7-4b28-aaf3-fa012bd30a20,18d1b601-fd5c-4893-827a-f391df2d07dc,2023-12-20 15:38:00,b5941a70-cf63-407e-8c24-c979e7f61e45,1000,40,1040
0b3da29d-1067-4b93-a13f-9d13031e232c,18f2f19f-5893-49ed-94d6-e0ff3e31fdbc,2023-12-20 15:03:00,b5941a70-cf63-407e-8c24-c979e7f61e45,1700,68,1768
29474877-4610-43a2-820c-dcd051515a58,2a0619ff-f171-4f1c-ae52-f1154c40b924,2023-12-20 10:41:00,b5941a70-cf63-407e-8c24-c979e7f61e45,4000,160,4160
8adaa3e9-2498-41b2-9635-eb1bc34ce065,eea76b70-f6e9-4d1d-8969-112cf1bede15,2023-12-20 07:00:00,b5941a70-cf63-407e-8c24-c979e7f61e45,700,28,728
efb0c7c4-683b-4540-a8bb-5ffea20ace1a,fc0a74be-b00b-4fee-a08a-b65438c8f712,2023-12-20 16:30:00,b5941a70-cf63-407e-8c24-c979e7f61e45,500,20,520
27fe3877-0746-469a-abc6-74d0a0c16e0b,de2c905c-62ed-4d9f-bf34-2d7c90034c4c,2023-12-20 16:59:00,b5941a70-cf63-407e-8c24-c979e7f61e45,600,24,624
f8a9fad0-773b-422c-bfc9-2f41fa2064a7,78f8bb3f-1498-4095-b11b-a9c643056197,2023-12-20 08:52:00,b5941a70-cf63-407e-8c24-c979e7f61e45,500,20,520
8239d119-379c-4ed7-8b5c-c1ed6151c23e,575e6a52-60aa-4d2e-88fb-c24afb554e5e,2023-12-20 12:58:00,b5941a70-cf63-407e-8c24-c979e7f61e45,600,24,624
776c36b1-a65c-4d5a-9ae0-744bb70531b3,ade7a602-ff8c-44e4-a906-b65fa89e2cf9,2023-12-20 16:28:00,b5941a70-cf63-407e-8c24-c979e7f61e45,500,20,520
cc87b88a-4add-446e-80aa-40ab6282df94,45772ecd-ec76-4928-9f56-9853b21d12fd,2023-12-20 17:53:00,b5941a70-cf63-407e-8c24-c979e7f61e45,400,16,416
03b0363d-87ad-4b20-99ff-c013ca86904c,3ac82e2d-4337-43f2-852f-933842baca7a,2023-12-20 16:31:00,b5941a70-cf63-407e-8c24-c979e7f61e45,600,24,624
983718ab-299c-4332-ba2d-1d516210fddd,2de13ec9-859e-41d0-bda4-b848cf153f54,2023-12-20 16:53:00,b5941a70-cf63-407e-8c24-c979e7f61e45,600,24,624
d36140ad-b998-4604-8a32-ecf533a6e521,64ae60bd-9702-4342-8766-2996c32f2161,2023-12-20 07:27:00,b5941a70-cf63-407e-8c24-c979e7f61e45,600,24,624
ca353b07-d03a-4bb3-8397-b1e3754e37dc,3a0320ef-2ab5-4253-b221-8e09a98e50a3,2023-12-20 12:43:00,b5941a70-cf63-407e-8c24-c979e7f61e45,400,16,416
8df3fcfc-db5a-4376-bb62-a0e32572a606,e4195e67-3333-4944-8820-2160913bca91,2023-12-20 09:39:00,b5941a70-cf63-407e-8c24-c979e7f61e45,600,24,624
24b83d06-6425-48c3-9e91-1c90fdda8f27,dab67da9-65e8-4fde-ab3d-3370cdb5a9a3,2023-12-20 07:35:00,b5941a70-cf63-407e-8c24-c979e7f61e45,400,16,416
5ac297be-76c7-4bd2-a6a6-5390eb4f1a07,33f1d392-7275-48b2-a60d-cdff021d282e,2023-12-20 13:09:00,b5941a70-cf63-407e-8c24-c979e7f61e45,500,20,520
6003100a-727c-4f2f-8363-ee82c01188ad,0d412b28-b5a1-4cea-a1f5-869ea07f821d,2023-12-20 08:01:00,b5941a70-cf63-407e-8c24-c979e7f61e45,400,16,416
2ac7a697-977d-47bb-9740-028da6b3c3b5,a2d5c680-5dfa-4c55-8a64-5f2353ac92e9,2023-12-20 08:47:00,b5941a70-cf63-407e-8c24-c979e7f61e45,600,24,624
8871ee2c-4b72-4278-a148-035ad86048c6,96a0e34a-c91b-43c3-a6b7-c87030bc1171,2023-12-20 17:04:00,b5941a70-cf63-407e-8c24-c979e7f61e45,500,20,520
010eb1d7-a653-427c-b955-54abab7a7532,bb93c5a0-2544-4151-b8e0-8d22fb4b6c8d,2023-12-20 07:21:00,b5941a70-cf63-407e-8c24-c979e7f61e45,700,28,728
87705748-b26a-4d1f-ae7d-dff560b55d65,1623a070-caac-4de1-be52-23974b2f1806,2023-12-20 08:01:00,b5941a70-cf63-407e-8c24-c979e7f61e45,500,20,520
9dade812-834c-4b63-9b05-21a16ee6c017,c2cff44b-8573-42be-b3e3-d2deb524c228,2023-12-20 08:11:00,b5941a70-cf63-407e-8c24-c979e7f61e45,600,24,624
708f2b09-ace0-4f23-954b-56a2e152c075,9b5611f7-2998-4617-a471-2a797e4403d5,2023-12-20 08:14:00,b5941a70-cf63-407e-8c24-c979e7f61e45,600,24,624
3a76d5ba-b6b6-463b-86fd-118ee17d0603,d5129247-bd38-4ffc-b010-414e225f66d3,2023-12-20 14:23:00,b5941a70-cf63-407e-8c24-c979e7f61e45,700,28,728
09368c7d-ae4b-476b-a7cd-d563f26017a6,3c05a1bf-1e47-4e78-a5f7-eaa41e8954ce,2023-12-20 14:56:00,b5941a70-cf63-407e-8c24-c979e7f61e45,500,20,520
3778adb8-aa53-4951-8ecd-88b2a170ad29,425df887-0eb3-4c9d-bc2d-7f0a38912f14,2023-12-20 17:10:00,b5941a70-cf63-407e-8c24-c979e7f61e45,1600,64,1664
d67eb9a0-768c-4399-a6da-49d327e3f26d,56f5e8d6-f6fa-42d4-b15c-284e8707dbce,2023-12-20 14:17:00,b5941a70-cf63-407e-8c24-c979e7f61e45,1000,40,1040
c14afe53-146b-4832-a6aa-5962542a2d65,242de275-bad2-4f2e-afa4-7dd9ad56d239,2023-12-20 13:24:00,b5941a70-cf63-407e-8c24-c979e7f61e45,1600,64,1664
0fc6cbdb-f281-44ab-b2c1-724bc729079e,d7fb7e89-b4b9-4504-ba2a-2e421619e418,2023-12-20 17:29:00,b5941a70-cf63-407e-8c24-c979e7f61e45,1700,68,1768
c9e2d057-4a23-4fa5-97f7-d25f55472d28,b6560dae-0a2b-4345-8b36-82819baab3ca,2023-12-20 09:50:00,b5941a70-cf63-407e-8c24-c979e7f61e45,2700,108,2808
6fd24148-fc65-410c-a5e6-2aec6701eb1e,731a8880-f07b-4135-95e7-7cadecd6c7b6,2023-12-20 14:41:00,b5941a70-cf63-407e-8c24-c979e7f61e45,400,16,416
e72172eb-794f-4acd-a65f-28c80bbfe9ae,3f442476-f77e-4e32-b935-aec1f3c4f788,2023-12-20 11:13:00,b5941a70-cf63-407e-8c24-c979e7f61e45,500,20,520
51ca0205-a85a-41b4-8fc5-0020699efe32,d5d4a5a0-dd76-437a-98ee-452bc4cc56a2,2023-12-20 11:48:00,b5941a70-cf63-407e-8c24-c979e7f61e45,1200,48,1248
2a2d271c-faeb-4949-951a-6b7c195d937b,52fe122b-3cb6-4253-b389-dc5abdc3f63b,2023-12-20 16:03:00,b5941a70-cf63-407e-8c24-c979e7f61e45,1700,68,1768
adf9381b-e415-4bb3-b50d-0e593840bfe1,347aaca0-4db6-4e60-ad89-2b61a4032cd6,2023-12-20 08:00:00,b5941a70-cf63-407e-8c24-c979e7f61e45,500,20,520
592d4a2f-f940-4bb9-aa39-bc946908933a,8d1bb153-3cbc-4d4c-8bb1-542dea3e3ac7,2023-12-20 14:05:00,b5941a70-cf63-407e-8c24-c979e7f61e45,500,20,520
f59c1228-590d-4c8f-a193-0ca3255c8450,84dfa460-b42f-4d62-86a7-14fc86267d3f,2023-12-20 08:22:00,b5941a70-cf63-407e-8c24-c979e7f61e45,700,28,728
202a7343-bf04-4e72-a0fe-ac89317465a3,7a63a3e0-4487-4e17-9764-5d10e4b61b1d,2023-12-20 14:00:00,b5941a70-cf63-407e-8c24-c979e7f61e45,1800,72,1872
ff45e0b1-daeb-427b-be1d-928144abd178,cee21671-06de-4819-8862-21cc56c74858,2023-12-20 10:18:00,b5941a70-cf63-407e-8c24-c979e7f61e45,500,20,520
efcb86b8-2a66-417c-9a00-013c57da1cff,deb2aaa1-a28d-4c98-aa82-8908b5c5704a,2023-12-20 07:36:00,b5941a70-cf63-407e-8c24-c979e7f61e45,700,28,728
14968402-2b36-4259-8296-43ef99a18298,c1f1aec3-4baa-4122-85ab-2e030e48d90b,2023-12-20 13:00:00,b5941a70-cf63-407e-8c24-c979e7f61e45,600,24,624
4dcfc229-744a-4b07-aa5d-eca919516d05,c2ad7787-dfe9-4b11-b2ce-bf30b5f3687d,2023-12-20 08:46:00,b5941a70-cf63-407e-8c24-c979e7f61e45,600,24,624
cd698a5d-dfa9-4b68-8377-898ebcbdfc2e,dc5e8e7f-8d11-4bdc-91f5-9e0a2d3c9ad3,2023-12-20 08:28:00,b5941a70-cf63-407e-8c24-c979e7f61e45,600,24,624
a9356ebf-1b46-43cf-a02b-718b031337a9,d155fd8e-22d5-4146-9443-7deca68b07e3,2023-12-20 11:45:00,b5941a70-cf63-407e-8c24-c979e7f61e45,500,20,520
32892a61-7f80-4679-bcdd-c0632464ad39,5c652666-a538-4cba-8ced-42f0076f90f2,2023-12-20 08:16:00,b5941a70-cf63-407e-8c24-c979e7f61e45,700,28,728
9bbdcc1b-fb5f-46bd-8b77-3bc11705f4ac,b1319ef3-0643-4d00-acbd-def7acaa1d88,2023-12-20 14:42:00,b5941a70-cf63-407e-8c24-c979e7f61e45,400,16,416
34da79ff-0c18-4f95-9647-f6c4aed3970e,4f507eab-291e-4c7d-9a7a-3fe2b2913b77,2023-12-20 13:57:00,b5941a70-cf63-407e-8c24-c979e7f61e45,400,16,416
48ced8ef-bfc4-4f11-8016-c7fc38787345,d780399f-ddd5-43dd-9016-4b8fde6102f6,2023-12-20 08:06:00,b5941a70-cf63-407e-8c24-c979e7f61e45,400,16,416
735cf2ef-be8c-4444-9066-3ed8e7210447,4fcc3308-9e40-4b9c-ba8b-1dd327c6d92b,2023-12-20 16:01:00,b5941a70-cf63-407e-8c24-c979e7f61e45,800,32,832
0f6616cb-c964-46c1-a0c3-aa3e39946c42,ffbaa8ff-9fbc-4001-a903-59836c797117,2023-12-20 17:07:00,b5941a70-cf63-407e-8c24-c979e7f61e45,600,24,624
2b71218e-4080-4b8e-91ef-1f7ae0a4485f,d48775a5-8b7b-44fb-8c0f-dbbee9df0097,2023-12-20 08:16:00,b5941a70-cf63-407e-8c24-c979e7f61e45,600,24,624
94a1aece-729f-4eab-8338-4e63d4edaef2,dfa74ab3-c15a-4bbd-97b8-ed1ae9e4567f,2023-12-20 15:18:00,b5941a70-cf63-407e-8c24-c979e7f61e45,500,20,520
6856772d-f9f9-43b9-9d2c-8d16d0a12f51,2f6af405-d569-4a59-bb5c-4a6e120317d8,2023-12-20 07:57:00,b5941a70-cf63-407e-8c24-c979e7f61e45,600,24,624
5807b2b8-047d-4e32-b7b1-6171e566b111,09ff8664-87e2-4157-9c0e-8ce35842860d,2023-12-20 08:05:00,b5941a70-cf63-407e-8c24-c979e7f61e45,700,28,728
17b2463b-05e7-4529-bb2b-59dd332ac2a6,52dae94e-c555-46f4-90ce-330eef13c0f9,2023-12-20 16:42:00,b5941a70-cf63-407e-8c24-c979e7f61e45,2400,96,2496
9ddd0607-95fa-41d5-8aed-8361c3cf61c2,86a75aac-48da-4234-8d9a-c3154e3a2e54,2023-12-20 11:59:00,b5941a70-cf63-407e-8c24-c979e7f61e45,800,32,832
46a0bfed-12f3-4f6a-b815-fc05ad3d4001,57c6c2b0-e2f9-402c-bcf4-0d3c52cd16c8,2023-12-20 07:35:00,b5941a70-cf63-407e-8c24-c979e7f61e45,700,28,728
308ad0aa-6ecc-40b5-b3ef-d7625b8d4db9,157e3e8b-d51a-47bc-a86d-07a1fd743c84,2023-12-20 07:55:00,b5941a70-cf63-407e-8c24-c979e7f61e45,600,24,624
ed583a16-cd5d-466b-96f3-4e6ee2412a91,220ce8d0-aa81-4e3e-ab19-72030bbc4861,2023-12-20 14:53:00,b5941a70-cf63-407e-8c24-c979e7f61e45,500,20,520
f52463ed-0830-48d8-8713-7ad503f2c3b1,e05f0150-7ec1-4c59-8a6a-d2d29675b858,2023-12-20 10:03:00,b5941a70-cf63-407e-8c24-c979e7f61e45,700,28,728
c5c7a32f-3360-4905-b601-cc5e0990160c,96644abe-2cf5-4106-9ac1-bdfb88e3fa95,2023-12-20 17:22:00,b5941a70-cf63-407e-8c24-c979e7f61e45,1300,52,1352
d0102b82-fc40-4833-b6a9-def766bb70d0,0e6a03f3-0e7b-49c1-ac39-423dc1ac8636,2023-12-20 10:10:00,b5941a70-cf63-407e-8c24-c979e7f61e45,2700,108,2808
3980cd55-cd9b-4fc0-b586-1d2ee6d18fa0,009c22c1-ce18-46fb-98a4-6d56495155f9,2023-12-20 15:13:00,b5941a70-cf63-407e-8c24-c979e7f61e45,3900,156,4056
63c1ddf0-909e-4b8d-9084-342c33c45214,567dfb44-437c-405b-b2ef-0d1f10f47c9d,2023-12-20 07:14:00,b5941a70-cf63-407e-8c24-c979e7f61e45,600,24,624
a80a4abb-917e-4846-96ef-4c93e4e038b9,4c2dc37a-9410-478a-a21d-475514057fac,2023-12-20 12:49:00,b5941a70-cf63-407e-8c24-c979e7f61e45,1200,48,1248
2aefe250-d83f-4616-aaa9-4ca14da411e3,0036c498-6d2c-40fb-af0f-92432b8718bf,2023-12-20 07:37:00,b5941a70-cf63-407e-8c24-c979e7f61e45,500,20,520
01d98eaf-3f37-4d36-bac9-06415977cf2f,3b0693c1-d1df-4721-975b-ec5cbfc9dffd,2023-12-20 12:26:00,b5941a70-cf63-407e-8c24-c979e7f61e45,600,24,624
d7ed45e7-2612-4836-9384-9c1627da7ff8,4fa84c10-1eeb-4d1e-a0eb-a9cad5d3857a,2023-12-20 14:00:00,b5941a70-cf63-407e-8c24-c979e7f61e45,1800,72,1872
dc6b0463-43b8-436b-ad12-825567105e6c,85ebb880-ebb4-472b-ab66-1dabc11c201a,2023-12-20 12:02:00,b5941a70-cf63-407e-8c24-c979e7f61e45,600,24,624
255edd43-f99f-4eac-8c21-159774936d1d,13984d5f-4868-4031-8a3b-7240b963cd41,2023-12-20 08:42:00,b5941a70-cf63-407e-8c24-c979e7f61e45,600,24,624
f5c5f5ba-dcd0-4bf0-b3c4-a6022154db83,6ee92fc3-196c-4f81-b063-115ba8cbc26f,2023-12-20 12:43:00,b5941a70-cf63-407e-8c24-c979e7f61e45,600,24,624
885382b2-aa01-4b59-b46c-25666780b38c,c75adf32-8908-4fab-a877-132b9cb25d69,2023-12-20 16:29:00,b5941a70-cf63-407e-8c24-c979e7f61e45,1600,64,1664
a1455706-7b1b-496b-b8ac-fc52b162d2c6,cb93d5ec-4d83-458a-9601-f3b8982e5faa,2023-12-20 08:00:00,b5941a70-cf63-407e-8c24-c979e7f61e45,500,20,520
16da4618-690b-44a9-9b22-bc0cd6aa6e2a,b96c7b5b-b61d-4e7e-94b9-4532a2eaabd2,2023-12-20 15:40:00,b5941a70-cf63-407e-8c24-c979e7f61e45,600,24,624
6666bf75-2ece-4a37-bb36-ffb81133f461,5df63f2e-723a-455f-83d3-d3918002449b,2023-12-20 08:21:00,b5941a70-cf63-407e-8c24-c979e7f61e45,600,24,624
02178ee2-0d72-42bc-b267-1d7c9abf8ba4,fc774722-89fe-4438-ada1-786425c11614,2023-12-20 15:30:00,b5941a70-cf63-407e-8c24-c979e7f61e45,1900,76,1976
e99ccaeb-eeb3-4d25-8811-de9e38fe2045,787f14f1-546f-4170-86a7-d3650975ea5b,2023-12-20 12:45:00,b5941a70-cf63-407e-8c24-c979e7f61e45,400,16,416
5f4582d0-1972-4b53-8ef2-85e39f4ba9ae,1123f62c-d5c5-4236-a758-c04dd3d967b9,2023-12-20 13:21:00,b5941a70-cf63-407e-8c24-c979e7f61e45,1300,52,1352
cd9f866b-6e5b-49b3-9b1e-74f6ccc1774a,88ccbcfa-ed30-47c5-bbf4-0bef6725123b,2023-12-20 09:50:00,b5941a70-cf63-407e-8c24-c979e7f61e45,700,28,728
8ff36f7e-3095-4b80-97b2-7d4435f72c01,186a4f42-32f6-456d-922d-b2d8c2a9d0bd,2023-12-20 10:17:00,b5941a70-cf63-407e-8c24-c979e7f61e45,500,20,520
a0272aba-9e93-4192-ac59-f7c0597f07e6,bcfc514d-c182-42a0-b84e-de154eac94c1,2023-12-20 07:42:00,b5941a70-cf63-407e-8c24-c979e7f61e45,500,20,520
1c59016a-0c01-40eb-acee-cc575fbdfad5,8c28837e-8305-429a-be35-17afd80d2dff,2023-12-20 09:21:00,b5941a70-cf63-407e-8c24-c979e7f61e45,1600,64,1664
5ea90955-9bab-4c6f-83e4-46e710f66e34,3f396eff-3b67-454d-a783-e6306bf440e8,2023-12-20 13:59:00,b5941a70-cf63-407e-8c24-c979e7f61e45,700,28,728
d6a39c0e-f43d-4ddc-a24c-f7bece788551,5809f003-2708-420f-bcea-034ef0c1ca3c,2023-12-20 12:15:00,b5941a70-cf63-407e-8c24-c979e7f61e45,1700,68,1768
159b0ae6-2d5c-4a80-a808-9f96d559b06a,0127f387-2025-4b20-95b4-c7fdfdc08887,2023-12-20 12:05:00,b5941a70-cf63-407e-8c24-c979e7f61e45,400,16,416
54f66ec2-9db8-400f-b0b1-acf0d4cf9f75,a38f7258-c871-49d4-89e1-f535dcb60dc3,2023-12-20 16:16:00,b5941a70-cf63-407e-8c24-c979e7f61e45,400,16,416
ab46557c-bd42-4f66-a15f-ab799bab6401,ef6ca526-c8a8-4f4f-ba8c-9cf1bd514d0e,2023-12-20 12:15:00,b5941a70-cf63-407e-8c24-c979e7f61e45,3300,132,3432
e00be28b-f98b-4512-9120-ab4ed02398bf,e972e2ef-2344-47cb-91fc-b6e1b2f82ac9,2023-12-20 12:29:00,b5941a70-cf63-407e-8c24-c979e7f61e45,1000,40,1040
c2303716-91d7-4a8d-b929-3c66af73eea5,310540d1-8503-4470-8f4b-81ccd6135a4a,2023-12-20 07:33:00,b5941a70-cf63-407e-8c24-c979e7f61e45,600,24,624
58341811-f8b4-4c0f-be22-cf96c5655a68,9331e60b-99c8-461f-90eb-9ddf96020fa5,2023-12-20 09:40:00,b5941a70-cf63-407e-8c24-c979e7f61e45,600,24,624
3bc496a9-85d2-4ae6-9386-894123633b41,9cabb6de-db70-4794-a40c-57d0be0c639c,2023-12-20 08:15:00,b5941a70-cf63-407e-8c24-c979e7f61e45,700,28,728
31bf9834-73c6-478c-bd88-7aadc6b25d3d,23b40fa9-2c00-4076-beb3-52cc40ebecb9,2023-12-20 08:10:00,b5941a70-cf63-407e-8c24-c979e7f61e45,500,20,520
b8becd56-b4e5-4895-8917-8de8936efd55,afe8270b-5329-4218-a4c8-e6832a92afd8,2023-12-20 08:53:00,b5941a70-cf63-407e-8c24-c979e7f61e45,600,24,624
7afc3998-823b-45d7-b907-d83dfffd2eab,9038b25f-a757-4ad9-957c-bf9c897bf7f7,2023-12-20 15:25:00,b5941a70-cf63-407e-8c24-c979e7f61e45,600,24,624
6dafeaae-824e-43d8-b9af-e23743852d00,56489e8f-ff4e-46c9-ae0f-1b337da5bfae,2023-12-20 12:44:00,b5941a70-cf63-407e-8c24-c979e7f61e45,600,24,624
990843ad-d9cd-4363-a484-7e5bd6394d76,b589328d-e095-4f24-8b43-598650d7987b,2023-12-20 17:15:00,b5941a70-cf63-407e-8c24-c979e7f61e45,600,24,624
cac6f31b-6274-4161-a7f1-f65dde28934c,6ab56a90-712e-4866-8d4a-fb1b7a086de2,2023-12-20 17:11:00,b5941a70-cf63-407e-8c24-c979e7f61e45,600,24,624
0cff712f-cf05-4759-ba77-04971dd53d4c,49b9328f-15ce-4610-b926-f7455687982f,2023-12-20 07:48:00,b5941a70-cf63-407e-8c24-c979e7f61e45,700,28,728
1456dc41-136b-4d96-a6c0-38eb759eaace,01b06b2c-1ad5-4112-a37a-61ebdeb7236d,2023-12-20 07:12:00,b5941a70-cf63-407e-8c24-c979e7f61e45,600,24,624
336666c4-8d39-4117-9285-535ae3ea5f31,0f4b96f1-0b6f-45ab-929b-98c3e847436f,2023-12-20 13:06:00,b5941a70-cf63-407e-8c24-c979e7f61e45,600,24,624
b7db5a3f-e8cc-4dd5-9bc3-8ef9c6f6effb,4c13d6e1-6bc1-4d79-ad00-7d8c82d88060,2023-12-20 11:15:00,b5941a70-cf63-407e-8c24-c979e7f61e45,1700,68,1768
e3af0271-62c5-4842-baa3-e2b55ff52579,1c89a296-5309-47e6-8cb0-36a6b4c63880,2023-12-20 13:20:00,b5941a70-cf63-407e-8c24-c979e7f61e45,1600,64,1664
a917ef3c-98c6-40e3-9ed5-b91c4b6f5544,afcec46d-e1b4-4419-bf05-9316e3dde336,2023-12-20 07:52:00,b5941a70-cf63-407e-8c24-c979e7f61e45,600,24,624
340edfe2-b288-4710-9019-3e6800ffb8b5,58251ac9-f1f8-459a-afc2-e12577112356,2023-12-20 07:41:00,b5941a70-cf63-407e-8c24-c979e7f61e45,700,28,728
0440b543-8dc7-4fda-83bf-c5e6771b0bdf,3a9926ef-6401-4560-8b6f-e379a863961c,2023-12-20 08:24:00,b5941a70-cf63-407e-8c24-c979e7f61e45,400,16,416
66ba4927-38f6-4b73-b865-65be8b371ba4,35ef9a20-373b-49a0-94e7-a652a49ad546,2023-12-20 14:24:00,b5941a70-cf63-407e-8c24-c979e7f61e45,600,24,624
2afd213c-d47a-41d9-ba5c-caeb3aef160b,1d0db805-775f-4a21-93a9-685c78ded448,2023-12-20 07:58:00,b5941a70-cf63-407e-8c24-c979e7f61e45,400,16,416
20d6173b-beb3-40f7-901e-418ea8897538,30fba204-135e-4e71-a1a8-1c94ddb2c0da,2023-12-20 07:23:00,b5941a70-cf63-407e-8c24-c979e7f61e45,600,24,624
c0a84b63-0876-4aef-b7d0-3c7191ce1dfe,c4cece21-cc77-4ff3-a9bf-7193c1e488b3,2023-12-20 14:38:00,b5941a70-cf63-407e-8c24-c979e7f61e45,1100,44,1144
0f07c5e2-48bd-4923-8505-6d830167de4c,fb398617-4d10-4ba7-a36e-b66cd127c45d,2023-12-20 07:53:00,b5941a70-cf63-407e-8c24-c979e7f61e45,600,24,624
c9d72aaa-429e-41bf-9622-de371f80084d,37c34e7b-e45c-47db-9e3b-264d25b1933c,2023-12-20 10:31:00,b5941a70-cf63-407e-8c24-c979e7f61e45,600,24,624
618dacea-e9f9-4cfd-a9c9-afdb141c2780,3b3487d9-712c-4d93-9cd6-2c8d7e759c76,2023-12-20 07:33:00,b5941a70-cf63-407e-8c24-c979e7f61e45,600,24,624
d8c001c1-ae87-472b-9586-52b7dc599ecf,8143b925-a728-45dc-90e2-770dc299a5d0,2023-12-20 07:00:00,b5941a70-cf63-407e-8c24-c979e7f61e45,400,16,416
4e967c6a-3b62-436e-87ca-67c2e5e35dc2,c7ba7c0b-dcbd-432b-a25d-5f19f08ee302,2023-12-20 09:48:00,b5941a70-cf63-407e-8c24-c979e7f61e45,600,24,624
f10bbfa9-7249-4709-926f-686abbac3a30,a233190a-52a9-4cf7-9a10-17472b86c1d9,2023-12-20 07:45:00,b5941a70-cf63-407e-8c24-c979e7f61e45,600,24,624
4f0a9faf-db7e-4582-94f7-e090dbdb1e2e,0e36bc6f-6b9f-4c73-bf81-4de9c05bd1f7,2023-12-20 08:29:00,b5941a70-cf63-407e-8c24-c979e7f61e45,500,20,520
415e5565-e007-4c28-8b85-8336e9966bd9,c1582622-5de3-4f41-846c-28d3d78fedaa,2023-12-20 16:01:00,b5941a70-cf63-407e-8c24-c979e7f61e45,1700,68,1768
c35e10a6-d557-4b67-8ebf-7254a6b6b1ae,b0f4cef9-ee4a-4cdb-97fc-9f091c007881,2023-12-20 14:15:00,b5941a70-cf63-407e-8c24-c979e7f61e45,700,28,728
f159a332-970b-45f9-8579-e7e1a6775fb7,4818cfac-6545-4c77-b041-6f063a63ddf4,2023-12-20 08:45:00,b5941a70-cf63-407e-8c24-c979e7f61e45,700,28,728
8dbc71f7-2fa2-4f2a-b31f-4f814db0a8d3,dc125238-3664-4f03-9895-5003bb3abd49,2023-12-20 19:00:00,b5941a70-cf63-407e-8c24-c979e7f61e45,2100,84,2184
3fb6929e-5512-4a0c-a191-3f23006eab80,d3d3d406-1198-463b-a8df-6b9971422816,2023-12-20 15:20:00,b5941a70-cf63-407e-8c24-c979e7f61e45,1800,72,1872
2aba303c-5786-450b-95b0-88953c2e2828,f3cbed3f-752a-4169-bb29-5bf932fd648c,2023-12-20 11:11:00,b5941a70-cf63-407e-8c24-c979e7f61e45,600,24,624
dae6ef15-2389-4c0a-bc17-8571b7d5b72d,4b4a5bad-682f-465e-93b0-0b7e74ea0f03,2023-12-20 14:56:00,b5941a70-cf63-407e-8c24-c979e7f61e45,400,16,416
741611df-1547-475b-9fef-ad413b84795a,81175ca9-2369-4e1b-823e-472ff9cb0241,2023-12-20 14:36:00,b5941a70-cf63-407e-8c24-c979e7f61e45,600,24,624
bc897037-c294-4d61-9f02-ace7e75ec9b6,735200b4-2828-4349-96cd-860b863fb154,2023-12-20 07:56:00,b5941a70-cf63-407e-8c24-c979e7f61e45,600,24,624
1e4d70fd-d166-45f7-b4d6-4592b19419bc,e7096752-a94d-479f-9544-d482a807aa7a,2023-12-20 15:51:00,b5941a70-cf63-407e-8c24-c979e7f61e45,1800,72,1872
9bcd7624-9ab7-4934-a058-4c51f8b5eac5,8ecaec4c-7372-4d3c-9e1a-067e0f658cde,2023-12-20 14:37:00,b5941a70-cf63-407e-8c24-c979e7f61e45,400,16,416
cb1e01a4-f40b-451c-b87d-b6bb41feef22,d835a1eb-6636-4c11-a778-5321e636c7e3,2023-12-20 16:22:00,b5941a70-cf63-407e-8c24-c979e7f61e45,600,24,624
b724bc65-609f-40f8-a876-82a9c7229921,77312b67-634b-44fa-afff-84cd492294dd,2023-12-20 07:33:00,b5941a70-cf63-407e-8c24-c979e7f61e45,700,28,728
eb2f6c9d-8914-44ff-aaca-006d319ddf5d,a84e1701-2350-4972-a199-bbb09a5018fe,2023-12-20 12:45:00,b5941a70-cf63-407e-8c24-c979e7f61e45,1500,60,1560
08b2bcb2-1b43-4430-b0df-be0645776c16,157f19e9-dabb-402d-a24a-1a3daad4390a,2023-12-20 07:36:00,b5941a70-cf63-407e-8c24-c979e7f61e45,400,16,416
9709f6f7-397f-4628-b5a0-55c490b43e5d,057d6adc-0a93-4e10-a0ad-eecde498a471,2023-12-20 13:35:00,b5941a70-cf63-407e-8c24-c979e7f61e45,600,24,624
1bfd8458-54d9-4028-8b2f-73848af57834,c1cfdf53-a54d-4650-b94f-c186d4ef6a33,2023-12-20 07:00:00,b5941a70-cf63-407e-8c24-c979e7f61e45,400,16,416
2be85ca5-5a7d-48b3-849a-8c18d144f6e5,6adaa027-c693-435e-89eb-a9bbb5e44b8a,2023-12-20 08:12:00,b5941a70-cf63-407e-8c24-c979e7f61e45,500,20,520
c5dccbe8-a23b-4cf4-aad5-8bff530c44b8,3e137f30-9049-4d26-b807-213d23a47ff4,2023-12-20 08:21:00,b5941a70-cf63-407e-8c24-c979e7f61e45,500,20,520
aff277c3-2914-43ae-bb5d-f415df51ad28,25c68765-8234-4afa-972a-1bb70ffdf0de,2023-12-20 11:01:00,b5941a70-cf63-407e-8c24-c979e7f61e45,2500,100,2600
4ff8ccd6-2d12-4ca1-8bb5-3b7bd861b48f,8310a031-3027-4e50-9668-13752414d69d,2023-12-20 08:42:00,b5941a70-cf63-407e-8c24-c979e7f61e45,600,24,624
88034d85-0f0f-4768-8937-f2c0b3a7d081,11898c7e-ea4f-465e-8729-e6aadfbb23da,2023-12-20 11:30:00,b5941a70-cf63-407e-8c24-c979e7f61e45,400,16,416
0492cce6-5bfc-4a07-98c3-4ac524f88410,fd116e0a-17ff-4891-b76a-87564104c894,2023-12-20 13:29:00,b5941a70-cf63-407e-8c24-c979e7f61e45,1900,76,1976
c7bc7248-ba8e-484f-aa6a-969a038e9fde,4476c00f-aa7a-469a-b999-2d09393919f0,2023-12-20 07:06:00,b5941a70-cf63-407e-8c24-c979e7f61e45,600,24,624
d058d90c-7cf0-4a29-9206-310533d1041a,5e2f8308-17ff-4a1b-aaf0-7ee5789d624f,2023-12-20 07:32:00,b5941a70-cf63-407e-8c24-c979e7f61e45,400,16,416
798be13d-0e42-4615-aeca-d1cb28b155a9,ce73e748-777f-45ec-9020-2d2cfdb45972,2023-12-20 15:12:00,b5941a70-cf63-407e-8c24-c979e7f61e45,500,20,520
72f5bb6b-9e7c-4b77-b37e-35aeea013dab,330cb663-b876-4a71-aad8-b579d5c68a41,2023-12-20 12:44:00,b5941a70-cf63-407e-8c24-c979e7f61e45,400,16,416
a12b93fa-d498-439a-b326-ce42e15767d6,83a9211f-46b5-46e9-83ff-21fcb2333b9d,2023-12-20 11:46:00,b5941a70-cf63-407e-8c24-c979e7f61e45,400,16,416
566dd905-b90a-4426-8cb3-e4b7e10b3333,8a56193e-7740-40eb-84fc-cfbed31c5b23,2023-12-20 08:37:00,b5941a70-cf63-407e-8c24-c979e7f61e45,600,24,624
d944c162-ec25-4a5d-b056-ad11274e3535,94eed14f-8001-4b43-8f44-165f49fd933d,2023-12-20 12:40:00,b5941a70-cf63-407e-8c24-c979e7f61e45,700,28,728
0df808fb-f1fe-4149-929a-1e95933ca4c0,711f6709-f3ba-47b2-a1b8-64c4ee16d2f8,2023-12-20 14:09:00,b5941a70-cf63-407e-8c24-c979e7f61e45,2000,80,2080
2e7847e5-9617-47c5-905a-d96259d3af70,32d287f3-b003-4c28-925c-26ffc6847227,2023-12-20 13:42:00,b5941a70-cf63-407e-8c24-c979e7f61e45,600,24,624
a5e7e287-bf98-4b93-b33c-cb7ab67c3844,b4831ea7-1598-4d5a-8e8f-8f7a3fc9fd2a,2023-12-20 07:41:00,b5941a70-cf63-407e-8c24-c979e7f61e45,600,24,624
387406a2-0e9e-4daf-8352-4f77f8ee8eac,96c03846-9246-4cae-b040-d57ef33aaff7,2023-12-20 08:36:00,b5941a70-cf63-407e-8c24-c979e7f61e45,1600,64,1664
269ed75c-5d55-4498-a371-2fd542427c47,e1381e43-7e52-4fde-bb54-70721c780d75,2023-12-20 08:07:00,b5941a70-cf63-407e-8c24-c979e7f61e45,400,16,416
2f59469a-47eb-4599-830d-7ecc558b606e,51c70362-b335-415c-aedb-b03180cdcc0e,2023-12-20 09:16:00,b5941a70-cf63-407e-8c24-c979e7f61e45,600,24,624
a79f19b6-d96f-4b8e-83a1-6647d8a55e97,ef92459f-9ed1-44f8-bc84-2af20287f25e,2023-12-20 07:51:00,b5941a70-cf63-407e-8c24-c979e7f61e45,500,20,520
a2119949-779a-4318-8ea1-b0a697878df5,aca4d865-17e7-4668-be18-d81a17da3466,2023-12-20 16:57:00,b5941a70-cf63-407e-8c24-c979e7f61e45,600,24,624
f52db62c-8dd1-421e-8414-b4e33e401387,64141f13-bf43-4c2a-86ae-1f78687ace7b,2023-12-20 09:17:00,b5941a70-cf63-407e-8c24-c979e7f61e45,600,24,624
b1d1fa91-4033-4e87-acd8-a1beb6a4108f,4c002b7f-15e5-4722-80a2-e29fdacffe4c,2023-12-20 08:35:00,b5941a70-cf63-407e-8c24-c979e7f61e45,500,20,520
fbfa877d-2e8c-4803-a750-1113033c933f,ddcd9df3-9f22-42b9-9ebd-d43096c21260,2023-12-20 11:19:00,b5941a70-cf63-407e-8c24-c979e7f61e45,600,24,624
5df2408c-9843-470c-a541-2e4fc4f631b1,7e8c137a-15e2-4556-887f-03064ee78ac4,2023-12-20 14:39:00,b5941a70-cf63-407e-8c24-c979e7f61e45,500,20,520
d91578d3-107c-41ad-8d2a-f9187c18f484,da512c5b-68aa-469a-aea3-35b60e5aa607,2023-12-20 09:58:00,b5941a70-cf63-407e-8c24-c979e7f61e45,500,20,520
d804ed23-c65e-4332-8565-b2d2c250a19b,6e64cd75-e932-49b0-b502-2525f0d050d0,2023-12-20 15:10:00,b5941a70-cf63-407e-8c24-c979e7f61e45,1600,64,1664
f7035fc0-2356-4578-9a5e-a4733e7ac1fe,3c3c6349-1759-4e94-a39b-d577360a9edf,2023-12-20 17:59:00,b5941a70-cf63-407e-8c24-c979e7f61e45,600,24,624
efa1d172-f825-4fa8-807c-b2f7b39b0ee3,2c53805a-8a5d-4835-a8a5-363ded197da1,2023-12-20 07:55:00,b5941a70-cf63-407e-8c24-c979e7f61e45,600,24,624
eddcb452-7e56-4e19-a2c4-f05aa41169e3,ab048a38-1f12-4bca-ab42-1b40682f705b,2023-12-20 14:02:00,b5941a70-cf63-407e-8c24-c979e7f61e45,700,28,728
c2fa6fe6-9133-46a8-b405-2503b09899c9,4824e242-620a-44a3-b4aa-6d34b7342b87,2023-12-20 08:47:00,b5941a70-cf63-407e-8c24-c979e7f61e45,600,24,624
156b33cd-c7af-48b9-8ff4-a4fc1dd22969,e33acab5-9a67-4a77-9171-e8674a44c7c9,2023-12-20 09:06:00,b5941a70-cf63-407e-8c24-c979e7f61e45,3800,152,3952
27efb231-18f7-4bae-8713-75f117b5a7c6,ddbfab2a-b55c-4cf6-92d0-62446994c2e0,2023-12-20 09:00:00,b5941a70-cf63-407e-8c24-c979e7f61e45,500,20,520
b4971908-f1f6-466b-9601-7263f94146e5,f27dbbe4-c022-49a0-978f-6e63a21a1f18,2023-12-20 13:35:00,b5941a70-cf63-407e-8c24-c979e7f61e45,700,28,728
892b9dd0-f32b-4fc2-a025-6f652fcaa049,31841c6e-3c17-459f-825f-4fe37783068f,2023-12-20 18:10:00,b5941a70-cf63-407e-8c24-c979e7f61e45,2100,84,2184
5df10d78-9a2b-45be-b2b1-80d1e78765c4,c7d32c1e-66a6-463c-9d0e-1a62583fa6c5,2023-12-20 14:52:00,b5941a70-cf63-407e-8c24-c979e7f61e45,2100,84,2184
d9eefb0c-704c-4621-ab33-5ee2e8a8bfbe,e54b719a-48b9-4990-b26b-ac3103c62963,2023-12-20 08:49:00,b5941a70-cf63-407e-8c24-c979e7f61e45,600,24,624
cb4cfe8f-a32d-44ea-b2f9-e75c0a7e1468,9d6095f7-a9a5-4fb9-aff0-d3e1ac17e3f4,2023-12-20 07:58:00,b5941a70-cf63-407e-8c24-c979e7f61e45,600,24,624
ce0cf88c-2ac6-48a7-baa4-597a24669647,b9da3cdd-baf0-43c8-af24-bef0191aa626,2023-12-20 12:15:00,b5941a70-cf63-407e-8c24-c979e7f61e45,2100,84,2184
bf2b30d7-1488-484f-bbb9-995ad96794b5,6f2f58e0-3021-482d-9c9e-aed9ff191130,2023-12-20 13:24:00,b5941a70-cf63-407e-8c24-c979e7f61e45,600,24,624
a8fb121c-c755-4128-b329-b7f0e60b92d0,8015a6ee-2cb8-4023-bd73-83f79ca11c40,2023-12-20 08:14:00,b5941a70-cf63-407e-8c24-c979e7f61e45,600,24,624
30671cb4-5234-4590-94c9-a981c0cedc26,026619ec-74af-42f0-81e5-1ae8f32fa526,2023-12-20 14:52:00,b5941a70-cf63-407e-8c24-c979e7f61e45,500,20,520
d5fe77d1-7183-47eb-a8df-f4d5148552f0,f6f7cd36-ad87-48b5-86a4-69c72ffedaf5,2023-12-20 07:33:00,b5941a70-cf63-407e-8c24-c979e7f61e45,600,24,624
4cb50b53-795f-4e63-a8e2-c7bad7e3876d,d495194b-5412-4a94-963f-a575a3c050a4,2023-12-20 07:12:00,b5941a70-cf63-407e-8c24-c979e7f61e45,700,28,728
62c568d5-601e-4b9b-8106-881a4675e95e,c8be7249-034b-44a3-b015-48a629b09aa0,2023-12-20 12:12:00,b3406af8-c4a9-4d2d-9e30-e06f3da01c15,700,56,756
decee203-4760-434c-be65-c16e13bbfea3,e43c8ecb-3f23-452b-9898-1b0dc684312f,2023-12-20 08:03:00,b3406af8-c4a9-4d2d-9e30-e06f3da01c15,700,56,756
843e43bf-d224-4875-a773-2840624ae769,c44fedb1-0107-4b01-ad43-16483dd8baed,2023-12-20 07:45:00,b3406af8-c4a9-4d2d-9e30-e06f3da01c15,600,48,648
829714ec-1f74-4426-a439-d202e39aafb7,9486bb2e-4b6e-4d11-b2c7-68422ce31dc8,2023-12-20 07:04:00,b3406af8-c4a9-4d2d-9e30-e06f3da01c15,600,48,648
4c0b70a1-36ff-4efe-bce3-128e2cc054f9,46ee62e2-9de2-4a65-9acb-9324605c196d,2023-12-20 10:01:00,b3406af8-c4a9-4d2d-9e30-e06f3da01c15,600,48,648
13785362-b018-4fb6-9807-eba4065f90e9,121b8b14-7638-471c-8d3e-84ba6c7ae179,2023-12-20 12:51:00,b3406af8-c4a9-4d2d-9e30-e06f3da01c15,500,40,540
8b0ea5f8-0877-46f4-96db-b81449a94932,575b1246-f573-4082-863e-3db2825636be,2023-12-20 11:19:00,b3406af8-c4a9-4d2d-9e30-e06f3da01c15,700,56,756
51b406e7-cd64-4fd9-92f1-7015fba5701f,275e94da-aa8e-4a58-a71a-2ed78ee42b09,2023-12-20 12:17:00,b3406af8-c4a9-4d2d-9e30-e06f3da01c15,1500,120,1620
0a913985-00f1-4a32-8997-96306e315e85,4e118a6e-8d00-4fbf-b3a7-1c2dd411d8f0,2023-12-20 08:16:00,b3406af8-c4a9-4d2d-9e30-e06f3da01c15,500,40,540
9a386593-2ab5-4e0d-8304-8cb35db64033,22fac9d3-80e8-4460-a840-888ca04de01c,2023-12-20 08:04:00,b3406af8-c4a9-4d2d-9e30-e06f3da01c15,500,40,540
8aeec7f5-b02d-43f9-8d89-79b976e5bf32,8358cc3a-5993-44f8-aa25-4fb0dcbbad6e,2023-12-20 15:00:00,b3406af8-c4a9-4d2d-9e30-e06f3da01c15,1000,80,1080
3356c932-1349-46d9-aa0f-6ed1c92b1e23,88ceab79-75e6-4db6-a2bc-acd9ba60dbf3,2023-12-20 07:00:00,b3406af8-c4a9-4d2d-9e30-e06f3da01c15,600,48,648
29e2327f-8ed8-4d70-aa5f-49aeb16ccc30,88effe09-4c26-4803-beff-503926d7cec1,2023-12-20 07:05:00,b3406af8-c4a9-4d2d-9e30-e06f3da01c15,2000,160,2160
c3cddce3-ac5e-47a3-9958-cf09eb1004f0,abf424d5-d0e8-4868-8cc4-ec6715b3ff90,2023-12-20 12:08:00,b3406af8-c4a9-4d2d-9e30-e06f3da01c15,400,32,432
d11eef38-48d5-45c9-a34f-9bfec9d0cef3,8a2408e6-00a5-46d4-924f-b41ebe3d654c,2023-12-20 16:11:00,b3406af8-c4a9-4d2d-9e30-e06f3da01c15,400,32,432
ac960a84-19a7-49ef-ac12-8fb1644e6876,3b2e6b11-b740-4416-989f-d333d59d01e3,2023-12-20 15:00:00,b3406af8-c4a9-4d2d-9e30-e06f3da01c15,500,40,540
8383a9bc-816c-41e5-9251-419ad64ab6ff,239435ac-7176-47ce-b7dc-bd339b0a5b87,2023-12-20 11:41:00,b3406af8-c4a9-4d2d-9e30-e06f3da01c15,400,32,432
dacc3bd3-0be2-40d2-aaea-64807de042c7,4302cbf3-971a-478c-b463-eb3284027248,2023-12-20 07:38:00,b3406af8-c4a9-4d2d-9e30-e06f3da01c15,600,48,648
1462fdcf-5d3b-4051-8881-b2275ed58e4b,57af21e0-6171-4029-a116-f9a48606f197,2023-12-20 15:34:00,b3406af8-c4a9-4d2d-9e30-e06f3da01c15,1800,144,1944
bd6492aa-339a-447d-8ce5-8a1ce33b1e81,51b16cf1-5300-4593-9472-80ede31dc299,2023-12-20 09:40:00,b3406af8-c4a9-4d2d-9e30-e06f3da01c15,600,48,648
4fd2dd06-41de-4cb8-9f6e-756ac8b4a18d,842933c0-5512-4685-8352-54b6acbce721,2023-12-20 13:48:00,b3406af8-c4a9-4d2d-9e30-e06f3da01c15,1200,96,1296
a1762c82-8af3-4f6c-a226-53ec7dab685f,3b957f8f-558e-4c9c-b7be-6dd661554b79,2023-12-20 07:29:00,b3406af8-c4a9-4d2d-9e30-e06f3da01c15,600,48,648
5de005fa-fc79-4bf6-9888-c1548a85ba27,064cf927-4d76-4a1c-96e2-0e2849fe3247,2023-12-20 14:07:00,b3406af8-c4a9-4d2d-9e30-e06f3da01c15,500,40,540
67e102df-88bc-4b82-a0bb-56824a1db53a,e7557980-b703-4b75-9726-ca57793ec2f7,2023-12-20 07:29:00,b3406af8-c4a9-4d2d-9e30-e06f3da01c15,400,32,432
981ed2e1-3185-4cab-8aba-ba9a8e2fa0e4,868bf638-2fcc-4fad-b6a8-ddf22051c14e,2023-12-20 15:19:00,b3406af8-c4a9-4d2d-9e30-e06f3da01c15,700,56,756
660a13bc-f307-4dc4-83f2-19e104afd73a,2a926631-d774-40c9-9a04-d52c882b6edc,2023-12-20 16:42:00,b3406af8-c4a9-4d2d-9e30-e06f3da01c15,400,32,432
b778a580-399d-4e0d-a32c-67a988df788e,d7538bff-54f1-40cf-b3e0-cf3244e312de,2023-12-20 13:33:00,b3406af8-c4a9-4d2d-9e30-e06f3da01c15,600,48,648
8c2bd90a-e714-431c-88f5-c14474444a99,f72f6178-4c84-4146-84e0-42c9b2bdd0ef,2023-12-20 10:14:00,b3406af8-c4a9-4d2d-9e30-e06f3da01c15,700,56,756
302616c4-aa8e-4af6-bb45-aec3067cb9d3,2232f985-677f-4201-a2ef-b9936516db2a,2023-12-20 14:24:00,b3406af8-c4a9-4d2d-9e30-e06f3da01c15,1700,136,1836
ef58207f-2f8e-442d-855c-9acafb63fce2,84246c00-52db-4135-ac94-c99469e4864f,2023-12-20 11:22:00,b3406af8-c4a9-4d2d-9e30-e06f3da01c15,400,32,432
d02ed5cd-4a4e-4987-badf-a1587f450cd9,8de39f64-531f-4acd-af32-84ff0317bbd6,2023-12-20 16:49:00,b3406af8-c4a9-4d2d-9e30-e06f3da01c15,500,40,540
33ac5583-69ba-46fe-b52a-2d024b179959,253c99a5-b969-491d-8525-0b736e9ffc7f,2023-12-20 12:13:00,b3406af8-c4a9-4d2d-9e30-e06f3da01c15,1100,88,1188
2e6c9767-de43-4bda-9c3c-665cf3efc94c,279bb9eb-274e-4d3f-8214-4a0b76d8f3dd,2023-12-20 13:18:00,b3406af8-c4a9-4d2d-9e30-e06f3da01c15,600,48,648
34553651-09c6-4c35-89b6-dd0ae049370a,18c2a401-ed3f-4f2e-a7fb-e7e29cb6037f,2023-12-20 09:53:00,b3406af8-c4a9-4d2d-9e30-e06f3da01c15,1700,136,1836
8c5d2240-8a0b-413f-b802-990ff2defa6e,10422004-7b53-4701-ae2d-788d043f119d,2023-12-20 15:41:00,b3406af8-c4a9-4d2d-9e30-e06f3da01c15,700,56,756
30da202c-68f1-48fc-a2ff-5874e465a581,a2091e93-b175-4a4d-a1ad-22e65dd882e2,2023-12-20 16:56:00,b3406af8-c4a9-4d2d-9e30-e06f3da01c15,500,40,540
beb612a8-3397-4b5d-8ddc-dcdb68f0a9e8,ec4b1e07-796f-47db-9441-9f4618fe7125,2023-12-20 12:51:00,b3406af8-c4a9-4d2d-9e30-e06f3da01c15,3300,264,3564
c27930a6-d45e-4380-84c8-0324eefdc63e,b46178ba-13a1-4725-9580-4c50678971fd,2023-12-20 13:51:00,b3406af8-c4a9-4d2d-9e30-e06f3da01c15,600,48,648
ad0b22fc-3fde-4618-b79e-91a250482835,fe61d173-a5a0-4639-9464-a1f7719807fa,2023-12-20 07:54:00,b3406af8-c4a9-4d2d-9e30-e06f3da01c15,700,56,756
521fd664-d1c4-413d-8592-72dcb4452fad,feeba5b2-ee35-494f-bf9a-fc5317519eca,2023-12-20 07:14:00,b3406af8-c4a9-4d2d-9e30-e06f3da01c15,700,56,756
a99a7cd5-1f9d-45fd-ac01-0cc0f2444ad2,53dad1bc-76f9-4977-806f-e5433e273d58,2023-12-20 14:12:00,b3406af8-c4a9-4d2d-9e30-e06f3da01c15,400,32,432
fb3006fc-3643-46a7-bd78-977057343066,856e13e3-732e-4d27-b681-554c8d89d267,2023-12-20 15:06:00,b3406af8-c4a9-4d2d-9e30-e06f3da01c15,1500,120,1620
587c4cb9-3b6b-4c25-aea4-b330f0a31da3,f936063f-c76b-4cf1-a9a6-63235e91e4b0,2023-12-20 12:18:00,b3406af8-c4a9-4d2d-9e30-e06f3da01c15,4100,328,4428
7f0855d3-c4fc-4e11-a7d7-8c08c14fb98a,3a64cc8e-a202-43c8-bd5c-a3261b2413eb,2023-12-20 14:37:00,b3406af8-c4a9-4d2d-9e30-e06f3da01c15,600,48,648
360a9123-3694-4380-953b-6a89de001086,3dcda216-30ce-47c1-b61e-64e7f3fd38dc,2023-12-20 07:24:00,b3406af8-c4a9-4d2d-9e30-e06f3da01c15,400,32,432
4fed8751-bdd5-43fc-8ee1-0085bfc015be,f27a3372-0d29-4d6a-b883-f6e124a1f046,2023-12-20 14:56:00,b3406af8-c4a9-4d2d-9e30-e06f3da01c15,1600,128,1728
1d086e63-518e-4da6-8fab-af7374ec54f8,4c14b657-2a3c-4ea5-9948-df7e1566baba,2023-12-20 07:53:00,b3406af8-c4a9-4d2d-9e30-e06f3da01c15,500,40,540
7b3c0ffd-61e5-41b7-8128-405d6aad6237,44835168-a3c6-4c3a-afd2-f6c657bb8ed0,2023-12-20 08:07:00,b3406af8-c4a9-4d2d-9e30-e06f3da01c15,600,48,648
a1c0efdd-68ec-4091-bed1-fc39a2ebc81f,1b67a578-3e3a-496f-b2db-2e233b75a057,2023-12-20 07:48:00,b3406af8-c4a9-4d2d-9e30-e06f3da01c15,400,32,432
aaf41539-9113-4deb-bb78-9032c8d23de8,e113f431-60c7-41f5-82ca-610abb42f9a3,2023-12-20 12:28:00,b3406af8-c4a9-4d2d-9e30-e06f3da01c15,2500,200,2700
b6507730-2e35-4d8b-8105-61f9560ba097,05617299-025b-4e35-82e6-3129af08b43b,2023-12-20 07:54:00,b3406af8-c4a9-4d2d-9e30-e06f3da01c15,700,56,756
f6cc97a6-a093-4f21-b24b-7f6ebfa12bcc,4ceb6495-cfcd-4b13-8fe8-93a2250078d4,2023-12-20 13:41:00,b3406af8-c4a9-4d2d-9e30-e06f3da01c15,1700,136,1836
8c0719f7-b7e5-41cc-8cd9-265130da9b72,1e4d3a76-718d-4aaa-ab5c-e0ddba35223d,2023-12-20 15:36:00,b3406af8-c4a9-4d2d-9e30-e06f3da01c15,600,48,648
5cdfb7e0-da2f-43ad-9d0c-0c9e26cc9d17,03530b0b-2cc6-45c8-9658-efd1cdcb84b1,2023-12-20 13:48:00,b3406af8-c4a9-4d2d-9e30-e06f3da01c15,700,56,756
9dcada68-1fe2-42b8-8fea-6c3ea99d1974,9ad4d7d0-7c6e-4062-b82a-6c1a852fedae,2023-12-20 07:34:00,b3406af8-c4a9-4d2d-9e30-e06f3da01c15,500,40,540
d6429dfe-dcae-4d4c-b69b-68098b45f94a,c4d9214e-1a8a-4572-ab3c-d4d92c02af28,2023-12-20 08:19:00,b3406af8-c4a9-4d2d-9e30-e06f3da01c15,400,32,432
d43ead51-ec24-4a23-9212-d6a14aaaf1d4,96926c2b-1043-47ff-8850-51e5bf2f14d8,2023-12-20 07:23:00,b3406af8-c4a9-4d2d-9e30-e06f3da01c15,600,48,648
4e5a5aa1-710f-4db3-8e33-8acfd6db1d37,4a9277ea-471b-44e3-91d1-812ae38ee0af,2023-12-20 08:15:00,b3406af8-c4a9-4d2d-9e30-e06f3da01c15,600,48,648
5c0564ee-ac8c-4026-a5d6-bcbe64feba68,c363df3a-cefa-46da-aab7-940b980cae89,2023-12-20 07:20:00,b3406af8-c4a9-4d2d-9e30-e06f3da01c15,500,40,540
b29d3665-639c-4836-ab89-5805b354e457,da1d52ce-844e-47b9-aeb1-873344c86ed5,2023-12-20 12:01:00,b3406af8-c4a9-4d2d-9e30-e06f3da01c15,1600,128,1728
2251602c-dc90-4fe3-b750-25a239670177,06747680-9930-4877-b467-a5cb4396185d,2023-12-20 18:26:00,b3406af8-c4a9-4d2d-9e30-e06f3da01c15,1900,152,2052
badc228b-52b1-4c51-96a6-3c09caf138d9,5779e275-8994-4267-9474-f3a509802221,2023-12-20 15:31:00,b3406af8-c4a9-4d2d-9e30-e06f3da01c15,1000,80,1080
86767c09-27a9-4305-964d-860f8816522f,88128252-2a15-43e6-9f6b-d087b22720a9,2023-12-20 07:47:00,b3406af8-c4a9-4d2d-9e30-e06f3da01c15,700,56,756
e8f29a4e-b9da-4242-9852-f3d1ca5ea347,b8a0bca5-a3fe-47b5-b54c-f11d3b3566b3,2023-12-20 14:57:00,b3406af8-c4a9-4d2d-9e30-e06f3da01c15,500,40,540
73142841-e59d-463b-afb3-b9b6993353d0,27aa2e5e-189e-4554-bd68-cdc6769ac85e,2023-12-20 08:10:00,b3406af8-c4a9-4d2d-9e30-e06f3da01c15,500,40,540
0ec6d585-f4d9-4e95-a04a-71ea2147c74d,d038e662-59d6-4144-86f3-341b3ffade9a,2023-12-20 14:33:00,b3406af8-c4a9-4d2d-9e30-e06f3da01c15,0,0,0
27afd8d9-9408-406a-ba85-ce69633ce344,935f8df0-9ed4-421f-a330-c022fd690f49,2023-12-20 07:35:00,b3406af8-c4a9-4d2d-9e30-e06f3da01c15,700,56,756
4a38937b-a521-4656-96b9-e6950cae91c4,a0adc3c2-77d8-4e4b-a254-525252d95ff2,2023-12-20 12:12:00,b3406af8-c4a9-4d2d-9e30-e06f3da01c15,600,48,648
0da42bbe-a02e-4565-8448-c875158540ee,bf98777f-16f7-465d-a17c-31e1ae97506b,2023-12-20 11:15:00,b3406af8-c4a9-4d2d-9e30-e06f3da01c15,1700,136,1836
0f420028-3d13-426d-a31a-6c92d2f316d6,4dc43541-9eb4-418a-af40-7b08737d3c43,2023-12-20 08:13:00,b3406af8-c4a9-4d2d-9e30-e06f3da01c15,500,40,540
fb38e2a8-28f5-4c1b-91ec-6850710257e9,23c89686-b6e1-4cb4-8afe-527a20aeede9,2023-12-20 08:03:00,b3406af8-c4a9-4d2d-9e30-e06f3da01c15,700,56,756
8c15eb8a-442a-43cb-9fd1-a98b1835d7c6,095bf03a-d1cd-4d20-abd1-3f4739172cf4,2023-12-20 17:51:00,b3406af8-c4a9-4d2d-9e30-e06f3da01c15,2000,160,2160
02ded797-7465-4a22-95eb-b75f0e0dd549,066117d4-b907-47c1-94c3-7f3e19284e7e,2023-12-20 08:18:00,b3406af8-c4a9-4d2d-9e30-e06f3da01c15,2200,176,2376
fb62d34d-5993-4658-b36c-fd0368b67f10,8c760acd-0e02-41da-a2cd-c99c07732c1a,2023-12-20 17:15:00,b3406af8-c4a9-4d2d-9e30-e06f3da01c15,600,48,648
0b581688-fdd7-4374-9ab1-7b256f88c814,80beca59-cd9e-4ff3-9d94-e1c6879c1316,2023-12-20 08:27:00,b3406af8-c4a9-4d2d-9e30-e06f3da01c15,700,56,756
584d2e8b-d0f9-48a6-a2fc-8c5f70475e2b,2efd88fb-9b50-48f6-817a-ca2c8541cfd1,2023-12-20 07:34:00,b3406af8-c4a9-4d2d-9e30-e06f3da01c15,600,48,648
4e63efbe-1d98-496e-8717-3e5143781246,268cd69b-28ea-4af8-9538-9fa9498732b9,2023-12-20 14:40:00,b3406af8-c4a9-4d2d-9e30-e06f3da01c15,600,48,648
346111e3-1670-4b3a-9a3d-37f7130d45e0,39138df5-0ee9-413c-9571-c4df064cba64,2023-12-20 08:09:00,b3406af8-c4a9-4d2d-9e30-e06f3da01c15,500,40,540
6e854ced-2789-4b6c-b4bc-9258ad08ef8a,bb64b1cb-a9ad-41d3-b2fc-4335f2918759,2023-12-20 13:42:00,b3406af8-c4a9-4d2d-9e30-e06f3da01c15,700,56,756
65b9f317-5f52-4f83-b30e-22b95cbb2414,99237b9e-22d6-4ea4-bdfd-187420c78483,2023-12-20 13:07:00,b3406af8-c4a9-4d2d-9e30-e06f3da01c15,1700,136,1836
b6432817-49c8-42f2-9cfd-9b221bdc2013,ff60ce7b-ad40-4cfd-b093-f5592bb22810,2023-12-20 14:02:00,b3406af8-c4a9-4d2d-9e30-e06f3da01c15,600,48,648
d1c4e204-a343-46d0-b0d3-38ac6b6d7f10,f851a187-0388-4c20-9b76-18bdd3c92dec,2023-12-20 09:03:00,b3406af8-c4a9-4d2d-9e30-e06f3da01c15,500,40,540
99167ddd-1ca7-456b-9dfb-77d88f5e8beb,ecb26b3c-a58f-4237-90c2-d5f78efb30db,2023-12-20 14:26:00,b3406af8-c4a9-4d2d-9e30-e06f3da01c15,2500,200,2700
474a12de-bc04-479b-8fca-84c5a83681d3,76c7924f-d1ef-4af5-b145-514191a0d17f,2023-12-20 18:30:00,b3406af8-c4a9-4d2d-9e30-e06f3da01c15,700,56,756
fb095bcf-852f-46e7-b755-623c9b3cca86,37a5d7eb-a9ee-47c9-930f-e557d51483d1,2023-12-20 12:27:00,b3406af8-c4a9-4d2d-9e30-e06f3da01c15,1300,104,1404
c20e8e22-b2f4-41b7-89e9-1177de73f476,4cc1e57b-b471-4656-987b-ef25a03ca42e,2023-12-20 12:19:00,b3406af8-c4a9-4d2d-9e30-e06f3da01c15,500,40,540
faa2773f-6668-4bff-be7c-92d3ae991b7a,5e48221c-cae5-43ec-97c4-8c92051a16a4,2023-12-20 15:16:00,b3406af8-c4a9-4d2d-9e30-e06f3da01c15,700,56,756
baabbb60-4420-4a1a-966f-fd72b85a428f,e153b65e-f6c1-4043-932d-e1357a7d50e7,2023-12-20 07:35:00,b3406af8-c4a9-4d2d-9e30-e06f3da01c15,700,56,756
f594ac8f-f90a-4e26-a38c-22a5bf6dda99,13a7703d-03d1-4063-84ca-b89d789a1738,2023-12-20 07:59:00,b3406af8-c4a9-4d2d-9e30-e06f3da01c15,400,32,432
f55f782a-3a8b-48ea-befc-51f88480d8f1,47bdc2f3-2221-45ba-87aa-957ae3eca21b,2023-12-20 16:34:00,b3406af8-c4a9-4d2d-9e30-e06f3da01c15,600,48,648
c028ff40-b84c-4a70-b52e-4ecb4ccda4a7,d8b32b5c-b453-46b3-972f-a82740c80425,2023-12-20 13:12:00,b3406af8-c4a9-4d2d-9e30-e06f3da01c15,400,32,432
21e5fbd2-303a-4c24-910c-ccb33fbe9a89,1b4695e3-474d-4a57-8330-b29e2b1e34a4,2023-12-20 07:58:00,b3406af8-c4a9-4d2d-9e30-e06f3da01c15,400,32,432
65cb5ece-4c07-495a-a665-17d573fe030e,80a49a51-3aad-4ab0-a876-84ac983a1ecb,2023-12-20 08:29:00,b3406af8-c4a9-4d2d-9e30-e06f3da01c15,500,40,540
f722f80d-9b72-4c76-b2e4-b851e7519926,7b930b65-6a9e-4445-8ae1-1503b76ac988,2023-12-20 07:23:00,b3406af8-c4a9-4d2d-9e30-e06f3da01c15,600,48,648
0713db1f-aa50-4b89-9d8c-93c4223e0d15,449f4341-9f93-4cc5-8e2a-f00ea11228b8,2023-12-20 15:42:00,b3406af8-c4a9-4d2d-9e30-e06f3da01c15,1900,152,2052
da908394-0efc-4866-9948-285bc4cdd8b0,d6d9d62c-9cb2-454b-8d33-46481d62557b,2023-12-20 10:59:00,b3406af8-c4a9-4d2d-9e30-e06f3da01c15,600,48,648
336719b3-76a1-458c-a981-2040d62d7f23,ea9d5fbe-aa7d-4e34-9eac-a2d38103cf4d,2023-12-20 14:40:00,b3406af8-c4a9-4d2d-9e30-e06f3da01c15,400,32,432
598152cd-375a-4159-9028-8c4d48097bd3,5d9f037d-9045-46b5-99b7-f51314dfe487,2023-12-20 11:18:00,b3406af8-c4a9-4d2d-9e30-e06f3da01c15,600,48,648
2b9d2cd9-b2ed-494f-b17a-9807da0a6845,e58fb269-c11c-4066-a830-f52499508f2a,2023-12-20 09:50:00,b3406af8-c4a9-4d2d-9e30-e06f3da01c15,400,32,432
787adcaa-851f-49dc-b949-225ed827e2e3,361f6a4e-0eaa-4595-9086-b3ad40e8a618,2023-12-20 08:21:00,b3406af8-c4a9-4d2d-9e30-e06f3da01c15,600,48,648
dfbd3a08-4fb2-487a-879d-d1216bd67b89,6b6847b1-c79c-4831-969c-e1b95141232c,2023-12-20 07:54:00,b3406af8-c4a9-4d2d-9e30-e06f3da01c15,700,56,756
1159405e-7bbe-4ccf-93ff-f58627fb4ed4,ab9ec2ba-efbc-40af-a2d9-15186dd81cd4,2023-12-20 11:16:00,b3406af8-c4a9-4d2d-9e30-e06f3da01c15,600,48,648
a4b7b024-f58d-4434-bf79-96fdd9626b00,6f778558-31ec-4f18-a44e-cc3c6ae30cfb,2023-12-20 11:55:00,b3406af8-c4a9-4d2d-9e30-e06f3da01c15,2400,192,2592
2358f6b3-5e38-436a-a858-c9d9b872d637,1dbd8c01-5471-4c5a-b2e4-db6418673cb3,2023-12-20 15:36:00,b3406af8-c4a9-4d2d-9e30-e06f3da01c15,700,56,756
c28c52fd-57f3-4f90-ac75-8d84f728d618,310b49e2-458d-4fc5-8c04-f4ab394152fe,2023-12-20 13:03:00,b3406af8-c4a9-4d2d-9e30-e06f3da01c15,600,48,648
143b05ac-d2b3-4819-96ec-a89b573c1ced,d1632fc8-d982-4a8a-8ef9-53a6c238f72c,2023-12-20 12:30:00,b3406af8-c4a9-4d2d-9e30-e06f3da01c15,400,32,432
4eed7053-512c-4061-9e16-64fdbf9f54ee,621183af-0262-460a-ba41-8fcd61b78119,2023-12-20 15:03:00,b3406af8-c4a9-4d2d-9e30-e06f3da01c15,700,56,756
4ecfb2cf-3679-4a89-8994-ec017a6d8bb9,a5b4ca03-0415-4ab0-887f-e9c900e32790,2023-12-20 13:49:00,b3406af8-c4a9-4d2d-9e30-e06f3da01c15,2200,176,2376
d14bbd03-625b-4618-b802-47866b4c9b0e,fce60606-1c32-4073-abab-5e73f36b3302,2023-12-20 07:00:00,b3406af8-c4a9-4d2d-9e30-e06f3da01c15,600,48,648
faababb9-4be2-4450-b29e-1d664b34ac0d,cbcda1f0-7b97-4053-ad4b-cc4b5a76e903,2023-12-20 07:56:00,b3406af8-c4a9-4d2d-9e30-e06f3da01c15,600,48,648
8999c469-3e48-4487-ba1b-50597abb2fb2,52b280cc-66a1-4aff-a315-65a3e08ba082,2023-12-20 07:37:00,b3406af8-c4a9-4d2d-9e30-e06f3da01c15,700,56,756
a88f477d-a763-4b2d-8467-eeb9bec93ff5,db206fbc-6df6-47aa-9f6c-7d3bdce9e3c5,2023-12-20 08:50:00,b3406af8-c4a9-4d2d-9e30-e06f3da01c15,700,56,756
5f168943-5a28-4f5a-a9cf-3727e1d3cfb5,6ed4fff1-f154-471e-b304-f0a6506925bb,2023-12-20 13:37:00,b3406af8-c4a9-4d2d-9e30-e06f3da01c15,3200,256,3456
36d1e2c1-95e9-4e4e-8558-f196545258b8,c2085572-8827-4de1-ac06-5f3d40324313,2023-12-20 07:16:00,b3406af8-c4a9-4d2d-9e30-e06f3da01c15,600,48,648
1abf5bb6-0756-4de0-86c3-a83fcfaa9790,d4954aec-b60d-426c-9058-f2d3d61ecf7f,2023-12-20 11:33:00,b3406af8-c4a9-4d2d-9e30-e06f3da01c15,600,48,648
7f08df0d-83fa-4528-afbb-4cbaba42674d,8429261b-8ba3-41d8-beda-f33f31540c22,2023-12-20 12:37:00,b3406af8-c4a9-4d2d-9e30-e06f3da01c15,500,40,540
796b8783-b73f-45fc-89e9-cb8d7fbdbd90,3254d2fb-f762-4502-ad4f-6f57b4a21620,2023-12-20 08:24:00,b3406af8-c4a9-4d2d-9e30-e06f3da01c15,400,32,432
376a9451-5c60-4fcd-ad86-a437864bf2f2,db7b3e64-5805-46a2-8e59-f78fb53db9ab,2023-12-20 11:19:00,b3406af8-c4a9-4d2d-9e30-e06f3da01c15,2000,160,2160
fc2535db-ebbc-4b4f-a676-898a5dbb3d91,a2fcb9a7-aaa5-4383-a4fb-21687e933dde,2023-12-20 14:35:00,b3406af8-c4a9-4d2d-9e30-e06f3da01c15,600,48,648
9f8a4a14-e83b-40f3-9720-5d2efcf0d162,794398f0-d003-410e-81b9-97cfb53b31d1,2023-12-20 15:57:00,b3406af8-c4a9-4d2d-9e30-e06f3da01c15,500,40,540
fcf2474b-f808-4808-9a60-ea7816af67f8,39fb828a-b832-4f0a-8967-0e343ba7c360,2023-12-20 14:48:00,b3406af8-c4a9-4d2d-9e30-e06f3da01c15,1500,120,1620
02385194-9cc0-4279-b6bf-bb54b7f39072,37fb0e02-a1ba-418d-90f7-2bd67e71feb0,2023-12-20 13:56:00,b3406af8-c4a9-4d2d-9e30-e06f3da01c15,1200,96,1296
023a10ee-05aa-47d7-acea-6d01104ab710,e84bffdc-b85d-42a5-900a-67979727373d,2023-12-20 08:03:00,b3406af8-c4a9-4d2d-9e30-e06f3da01c15,500,40,540
bf49c4cb-7742-4c85-b4cc-f3a952fd2a00,25ac8d3c-f20d-445c-98a5-92ba07716d01,2023-12-20 08:17:00,b3406af8-c4a9-4d2d-9e30-e06f3da01c15,600,48,648
f249522d-bf15-4ec3-8eef-c7043f2ac755,1892dd7a-8ba7-4839-891c-a1faa3c38b01,2023-12-20 11:39:00,b3406af8-c4a9-4d2d-9e30-e06f3da01c15,700,56,756
3f0df65f-293d-49a8-95f8-159f3ce58fb1,423631a6-92ea-471b-88bc-c47f120439ff,2023-12-20 19:01:00,b3406af8-c4a9-4d2d-9e30-e06f3da01c15,400,32,432
91fd0a80-5336-4034-9b01-7d4a16342fcc,1d402c5f-2fac-4f95-9d30-6ef180da3feb,2023-12-20 13:30:00,b3406af8-c4a9-4d2d-9e30-e06f3da01c15,600,48,648
c0679526-5ea2-4a08-bdb0-2f1dafecf256,c9a27e2e-04e1-4bb4-b573-24236a552b08,2023-12-20 11:01:00,b3406af8-c4a9-4d2d-9e30-e06f3da01c15,2900,231,3131
9079e415-b004-45c4-bf1a-8fc9c9a34730,881b46ba-02e1-4cbb-8806-031dc3bbeca7,2023-12-20 12:39:00,b3406af8-c4a9-4d2d-9e30-e06f3da01c15,700,56,756
f8ab998e-2fc1-4d28-8fe3-fdb2ad0fd23f,d3873be4-b64c-42ee-84b6-5bb82cfc5320,2023-12-20 15:53:00,b3406af8-c4a9-4d2d-9e30-e06f3da01c15,1700,136,1836
5980ea49-c005-4d8c-810e-a7091ecaf037,f2f7747d-afbe-47b0-b53b-b1befdd2248f,2023-12-20 08:37:00,b3406af8-c4a9-4d2d-9e30-e06f3da01c15,600,48,648
9e111861-a46a-447d-8618-5fbf82f4f056,9218401a-a3fe-4361-b974-75ab3912ede2,2023-12-20 08:10:00,b3406af8-c4a9-4d2d-9e30-e06f3da01c15,600,48,648
98d645ea-353f-4319-a61c-b7215798f3ec,8d65ca70-f409-4ca5-8358-00184b8ca792,2023-12-20 07:37:00,b3406af8-c4a9-4d2d-9e30-e06f3da01c15,700,56,756
3441a194-6160-4585-92de-ea246041626a,a458afe9-c65f-409f-8219-b305bca5a3cf,2023-12-20 08:04:00,b3406af8-c4a9-4d2d-9e30-e06f3da01c15,500,40,540
69bf11cb-52d2-41db-9c35-094d966e5e99,b2f61eb0-f9d4-4c93-b37f-26081e1fe30a,2023-12-20 12:57:00,b3406af8-c4a9-4d2d-9e30-e06f3da01c15,2100,168,2268
8be8e522-e5b6-45b6-b83d-145b7229bf89,86b0709f-3cb4-4745-a48f-d886fb407676,2023-12-20 07:45:00,b3406af8-c4a9-4d2d-9e30-e06f3da01c15,700,56,756
6dc0232c-aa24-4373-8f2b-95eab4f40280,a007d2c8-f005-484a-9bba-492bde02b53a,2023-12-20 08:18:00,b3406af8-c4a9-4d2d-9e30-e06f3da01c15,700,56,756
123c1a3f-e14c-4498-923f-15c19065680f,e16a6ba6-9dd7-494f-8317-85068747c218,2023-12-20 08:56:00,b3406af8-c4a9-4d2d-9e30-e06f3da01c15,600,48,648
1b16184f-7a97-45f3-90d1-232fcc1a2f8f,0a99f923-70d6-40f5-8870-92a09715bce2,2023-12-20 07:36:00,b3406af8-c4a9-4d2d-9e30-e06f3da01c15,500,40,540
6197a61a-939c-4ea4-ada5-f4b4d847f1ba,c7ae24da-fb5c-469e-b470-e2aea0050b1b,2023-12-20 12:02:00,b3406af8-c4a9-4d2d-9e30-e06f3da01c15,500,40,540
753d953e-0b54-44b8-85db-151f172c8696,31934ece-77ac-425f-a29c-8c5460f3ab19,2023-12-20 16:44:00,b3406af8-c4a9-4d2d-9e30-e06f3da01c15,1000,80,1080
a3d47c0a-bb07-4453-bb83-62c5a0d440eb,ed5ab19d-1777-4342-ab81-aa1bc6f6b498,2023-12-20 16:49:00,b3406af8-c4a9-4d2d-9e30-e06f3da01c15,600,48,648
3ee1ae72-757b-4379-9a0a-0133a15f9f94,27007e99-75c0-4708-bd7c-7d588972a823,2023-12-20 07:36:00,b3406af8-c4a9-4d2d-9e30-e06f3da01c15,600,48,648
2275e71d-6cbb-41c5-9dfa-012a85d535c5,7d0d3560-9574-4d65-a9b3-a026cb9b0bbe,2023-12-20 16:33:00,b3406af8-c4a9-4d2d-9e30-e06f3da01c15,600,48,648
bfe613cb-385e-4044-a2ef-327f1d0baa01,5c34ed01-e5d5-4589-b968-4286a6b2c3cf,2023-12-20 08:02:00,b3406af8-c4a9-4d2d-9e30-e06f3da01c15,400,32,432
5ea7e158-5522-488f-aeaf-ff9cb39107e1,f986eceb-8694-41cf-ae4c-2be2024e8781,2023-12-20 08:17:00,b3406af8-c4a9-4d2d-9e30-e06f3da01c15,400,32,432
b7015a21-7b0e-4efb-9c11-b5ee8b36e72a,0e12aa9f-f4e0-4e16-93b6-10b7083ca873,2023-12-20 18:07:00,b3406af8-c4a9-4d2d-9e30-e06f3da01c15,1700,136,1836
751b775b-6e4b-4a44-83c0-083d7cfed2c7,d8af82e4-d55d-4cdb-bbd3-86bd96440e7a,2023-12-20 15:23:00,b3406af8-c4a9-4d2d-9e30-e06f3da01c15,400,32,432
642930b3-7c65-4423-bc71-bc9736ffcbc2,bc469ed6-7fb7-46b7-b20f-e9d5e5b220c3,2023-12-20 18:18:00,b3406af8-c4a9-4d2d-9e30-e06f3da01c15,600,48,648
356e0ee5-f02d-4ae6-a608-54b25023e30a,b4d7bbaf-cc87-47f2-a964-1a64d7d18e19,2023-12-20 07:00:00,b3406af8-c4a9-4d2d-9e30-e06f3da01c15,500,40,540
7d274632-8090-461c-85e1-5da6ab97181c,6e33e101-a26d-4b95-b7a0-e5a77ebc64dd,2023-12-20 08:04:00,b3406af8-c4a9-4d2d-9e30-e06f3da01c15,600,48,648
066ea8a5-9e9f-411a-8814-0937e1e40deb,25ca8a8e-9061-4213-96b1-6691e7a73e63,2023-12-20 12:13:00,b3406af8-c4a9-4d2d-9e30-e06f3da01c15,700,56,756
90938b25-5769-4d61-a2f0-55d28cc7349a,4c529355-b86a-410a-bd67-d69a08e26469,2023-12-20 14:15:00,b3406af8-c4a9-4d2d-9e30-e06f3da01c15,600,48,648
c9777439-baab-4293-b27d-9667bde5efd9,e1850c0e-781b-4ab6-9df3-0574ffb34203,2023-12-20 07:51:00,b3406af8-c4a9-4d2d-9e30-e06f3da01c15,600,48,648
2295720b-0423-4187-a45a-e8350b0a3ef8,ec153219-abcb-4073-8ea0-61706b75c2d4,2023-12-20 14:25:00,b3406af8-c4a9-4d2d-9e30-e06f3da01c15,1900,152,2052
3656108c-d560-4ae2-b7f6-b83e86f5e91f,f487f45c-143d-4d73-9d45-d6d9a100bafa,2023-12-20 07:49:00,b3406af8-c4a9-4d2d-9e30-e06f3da01c15,600,48,648
9cb56fc3-f717-4648-9e80-22270b5fbc7a,abb9bca3-59ae-4a9f-b115-16c1c3bf57ef,2023-12-20 07:41:00,b3406af8-c4a9-4d2d-9e30-e06f3da01c15,500,40,540
bbe34010-82ad-4b8f-9729-bd216220263f,4a26cec1-b080-40ee-967d-31caa23f742c,2023-12-20 14:34:00,b3406af8-c4a9-4d2d-9e30-e06f3da01c15,1800,144,1944
c5aacc8a-8c09-4435-a661-ae67f739523e,2bd22f13-76a5-4011-bef8-686940d3ba2d,2023-12-20 16:13:00,b3406af8-c4a9-4d2d-9e30-e06f3da01c15,2200,176,2376
fa909d7f-8d9b-4f07-a698-684da56c65d7,e7cdd862-6c8e-4af5-91e8-e017767a279b,2023-12-20 10:30:00,b3406af8-c4a9-4d2d-9e30-e06f3da01c15,400,32,432
4b462baa-293f-41a0-8b81-73e4f7aa759f,a1932494-1e79-4f11-90d6-2c3d14b17ff9,2023-12-20 07:53:00,b3406af8-c4a9-4d2d-9e30-e06f3da01c15,400,32,432
3c01ca11-f7ce-483f-8adc-e20e35b569c5,6dd8ff30-cee1-4a7a-9ccd-dfa7018493e7,2023-12-20 12:35:00,b3406af8-c4a9-4d2d-9e30-e06f3da01c15,600,48,648
1bff93b6-a778-485f-a5fe-c6563313cc86,0a996dc6-ec23-473c-964f-78456fbcf5da,2023-12-20 08:01:00,b3406af8-c4a9-4d2d-9e30-e06f3da01c15,600,48,648
a6eba725-1b65-4d50-afad-adf9150eeccb,598e831c-2388-4cb6-9cf0-22e14fee9400,2023-12-20 14:02:00,b3406af8-c4a9-4d2d-9e30-e06f3da01c15,700,56,756
be8164f6-a2e1-47f5-88d7-62a4e6d8de4b,09afb464-d131-423d-a7a7-10d3f6093399,2023-12-20 07:21:00,b3406af8-c4a9-4d2d-9e30-e06f3da01c15,400,32,432
3547bf06-ab40-492c-ae5c-f771b806025e,43f6fd00-d1a6-4a98-91d2-7c8ed5145dff,2023-12-20 14:52:00,b3406af8-c4a9-4d2d-9e30-e06f3da01c15,1500,120,1620
655a9073-dde2-47fa-a8c3-409fb075158d,aa665be8-f1e3-4044-9620-f83b294f8b69,2023-12-20 17:19:00,b3406af8-c4a9-4d2d-9e30-e06f3da01c15,1700,136,1836
2a60eef0-1925-4722-8152-80d607ebdff8,0bafee08-21f3-43d6-9aee-ab1d60a7d7ec,2023-12-20 13:43:00,b3406af8-c4a9-4d2d-9e30-e06f3da01c15,600,48,648
e0cde1a9-2b99-417a-8aac-fd3e659462c8,e7104275-32a7-4e9c-a3ee-4d9a6086f605,2023-12-20 09:50:00,b3406af8-c4a9-4d2d-9e30-e06f3da01c15,1300,104,1404
d6f94612-5a8d-456d-aa4f-c2e2f111bbc9,30bb7b4b-20a7-4691-a3fc-4b196f282c03,2023-12-20 15:21:00,b3406af8-c4a9-4d2d-9e30-e06f3da01c15,600,48,648
dcb98880-91dd-4f2b-83fe-ec1a03ef86dd,96a08a67-3a4f-4c5f-a78b-79cc00ce235c,2023-12-20 07:45:00,b3406af8-c4a9-4d2d-9e30-e06f3da01c15,500,40,540
cec34305-af16-4b74-87ff-b5c79f76d9fa,608ca642-8a7f-4061-86a0-b0b6ca27da21,2023-12-20 08:58:00,b3406af8-c4a9-4d2d-9e30-e06f3da01c15,2400,192,2592
4c6ed910-2bc0-49c0-af86-4b0684a2b307,f2786374-fd22-43a8-96d8-929e18656d5a,2023-12-20 19:09:00,b3406af8-c4a9-4d2d-9e30-e06f3da01c15,1700,136,1836
dd34b96b-76e6-47ba-b129-545049ab3688,ef1fba28-a42f-40cf-8279-cc78382e4a4d,2023-12-20 11:00:00,b3406af8-c4a9-4d2d-9e30-e06f3da01c15,600,48,648
6fa3abc6-ac26-456b-b8fa-90057b0ecc15,a1ad81da-9458-4b70-a0ef-c189af7d837c,2023-12-20 12:20:00,b3406af8-c4a9-4d2d-9e30-e06f3da01c15,400,32,432
a9eecf31-874a-4177-b993-a2f6b6405add,318d3c38-cc45-4e02-bc63-99141525c4f3,2023-12-20 07:03:00,b3406af8-c4a9-4d2d-9e30-e06f3da01c15,500,40,540
183c3fe4-6cee-48b1-8913-83f7a1f87be1,0a0e52b6-cde9-4602-8769-b9c061d710b3,2023-12-20 14:26:00,b3406af8-c4a9-4d2d-9e30-e06f3da01c15,1000,80,1080
31c74c1a-5fd2-4387-8df4-e1f38c56c86d,e0a6f2cd-e20c-413e-b17e-49ee6bd43cfa,2023-12-20 16:07:00,b3406af8-c4a9-4d2d-9e30-e06f3da01c15,1700,136,1836
5f255bb2-1485-4d91-981e-ace41de110ad,6f84ddb9-2ff6-47b8-a17c-3768afb7c1de,2023-12-20 19:15:00,b3406af8-c4a9-4d2d-9e30-e06f3da01c15,1600,128,1728
de51b795-4644-46a4-9871-b3eeadace861,03e63491-df23-46b5-aa4e-70612e0286c3,2023-12-20 08:14:00,b3406af8-c4a9-4d2d-9e30-e06f3da01c15,400,32,432
b5874bdd-1843-4901-8ef7-deae5c0a9871,d475196e-cc63-4478-9e57-54e7709a0ca6,2023-12-20 11:18:00,b3406af8-c4a9-4d2d-9e30-e06f3da01c15,400,32,432
73ad3abb-dc87-4691-a3eb-453211860447,f84d9433-99fb-4dc1-a7b4-ed28df01589c,2023-12-20 08:17:00,b3406af8-c4a9-4d2d-9e30-e06f3da01c15,600,48,648
34bfb382-31f7-487d-99ba-a09a4493d0e1,89f23a88-e155-403c-81b7-74624a2a8b7c,2023-12-20 08:16:00,b3406af8-c4a9-4d2d-9e30-e06f3da01c15,600,48,648
f0d731f0-db22-46f7-91fd-7b161eb10b0a,6955924f-52b4-4a14-8a1a-4141c64f990f,2023-12-20 08:05:00,b3406af8-c4a9-4d2d-9e30-e06f3da01c15,600,48,648
dcdec041-9987-4a89-8dcc-287454a36fd1,3a34f173-2b77-44ba-92da-28e10ad98f0f,2023-12-20 17:32:00,b3406af8-c4a9-4d2d-9e30-e06f3da01c15,1900,152,2052
1237b5ab-7cc6-41b5-92ed-97f541550205,528277e8-4ab5-4238-8977-eef05607a07b,2023-12-20 17:31:00,b3406af8-c4a9-4d2d-9e30-e06f3da01c15,1600,128,1728
46060f50-2c12-4a36-b739-282e4a83a548,3ced9be5-34a5-4ecb-b0c6-0914d923f289,2023-12-20 08:23:00,b3406af8-c4a9-4d2d-9e30-e06f3da01c15,700,56,756
34dcbb9d-a01c-4dba-acca-5cf70342b44e,0f3e973c-42e0-4b6d-8940-db51a4fbdfaf,2023-12-20 07:36:00,b3406af8-c4a9-4d2d-9e30-e06f3da01c15,700,56,756
1d110ebb-85c8-4039-8a68-3f7af436d521,4a5e57dc-e244-4e0d-8e41-6c0deca10336,2023-12-20 08:07:00,b3406af8-c4a9-4d2d-9e30-e06f3da01c15,600,48,648
b2a4d42e-5712-45fa-94b9-caa8c617ce38,31a4ccea-3d90-4e67-a6f8-8d990cfffd1a,2023-12-20 08:19:00,b3406af8-c4a9-4d2d-9e30-e06f3da01c15,400,32,432
acfbe126-ec4b-47f8-bb35-408f5c190b92,86faf3a1-bcd6-4bd4-8900-ba8ed0ffe0f2,2023-12-20 07:14:00,b3406af8-c4a9-4d2d-9e30-e06f3da01c15,500,40,540
607c7063-8a69-4355-8b9c-1327e30d9e8b,177823f1-7955-4fbe-86f9-a65e856a3ca3,2023-12-20 14:00:00,b3406af8-c4a9-4d2d-9e30-e06f3da01c15,700,56,756
cba3d5c9-f9af-452a-906b-bacd77129f42,87f0edf1-082f-460b-bc4f-9e72db2598ec,2023-12-20 08:08:00,b3406af8-c4a9-4d2d-9e30-e06f3da01c15,600,48,648
08a6ec34-743a-462b-8527-132a9f139719,06a02b8b-8290-49eb-a59a-1ed359cee4d9,2023-12-20 12:17:00,b3406af8-c4a9-4d2d-9e30-e06f3da01c15,600,48,648
ccbef1a1-7741-470b-9f82-e004e231d805,b7af6b39-c4de-481a-95b9-872e4b399c9e,2023-12-20 14:29:00,b3406af8-c4a9-4d2d-9e30-e06f3da01c15,700,56,756
22cfc651-5a71-491a-b64d-e1a8711340d1,44a1345c-83cd-4105-bc81-eb61a59948bc,2023-12-20 07:58:00,b3406af8-c4a9-4d2d-9e30-e06f3da01c15,600,48,648
47fc2510-2206-457f-bfa2-1b69de7e1884,abd96f0c-1f71-4940-b799-0029d8748822,2023-12-20 07:54:00,b3406af8-c4a9-4d2d-9e30-e06f3da01c15,400,32,432
966b4989-b9f9-4c30-be3c-e960f08d3a13,c404f93f-22ca-4704-b231-83c13bb26a63,2023-12-20 17:13:00,b3406af8-c4a9-4d2d-9e30-e06f3da01c15,1000,80,1080
e43f80b0-f7f7-4778-9372-1cb3afb5b411,c26ac399-6c40-4f9c-8b03-1ec608843dee,2023-12-20 08:31:00,b3406af8-c4a9-4d2d-9e30-e06f3da01c15,400,32,432
ee6231c8-1f8e-4222-aa0d-d3ab44b73828,9b2b7eb4-41b1-4bd2-85fd-8a53ff3daf67,2023-12-20 09:39:00,b3406af8-c4a9-4d2d-9e30-e06f3da01c15,400,32,432
30ec5d0f-4e60-474d-a957-6aad21381b9d,41d3c1c8-55d5-47f3-9b6b-15af76bc1687,2023-12-20 11:52:00,b3406af8-c4a9-4d2d-9e30-e06f3da01c15,700,56,756
570530ad-b121-4eab-b719-be8db91bdfad,4190f662-1219-4f03-803f-413f95e73ac8,2023-12-20 15:24:00,b3406af8-c4a9-4d2d-9e30-e06f3da01c15,600,48,648
650435ac-5e90-4010-9574-74ad9728097c,0e9616a6-6c31-4010-812b-329c8f7b4853,2023-12-20 16:04:00,b3406af8-c4a9-4d2d-9e30-e06f3da01c15,600,48,648
bcc1565a-f8fb-4733-934f-9050ac928230,e035ac52-ddc6-40b9-8ff0-323f85959735,2023-12-20 16:06:00,b3406af8-c4a9-4d2d-9e30-e06f3da01c15,600,48,648
e11c3458-ad94-45c1-b23e-74648c390ddb,b3592dd8-025f-42a5-94d3-2e88c5e14f97,2023-12-20 12:15:00,b3406af8-c4a9-4d2d-9e30-e06f3da01c15,1500,120,1620
41cec8e2-4916-45db-89e3-30583da2f460,a8998506-bf65-496e-b0cd-f9f69e104054,2023-12-20 14:08:00,b3406af8-c4a9-4d2d-9e30-e06f3da01c15,500,40,540
2c3da99b-b933-4dcf-b59e-b961d7d4ccfa,8dc8937a-97f2-4c2f-a818-c3324d26e599,2023-12-20 12:50:00,b3406af8-c4a9-4d2d-9e30-e06f3da01c15,3400,272,3672
16dc6104-a35d-43f3-a33d-cb99e455bdb0,d95f31c5-538e-45b8-b561-b1a13cdfef1e,2023-12-20 08:19:00,b3406af8-c4a9-4d2d-9e30-e06f3da01c15,400,32,432
debeb5c9-0cd4-4e81-a9d8-617c514dbef9,169eed66-bf2f-4c7b-b0ad-b2878d4ba9d2,2023-12-20 16:46:00,b3406af8-c4a9-4d2d-9e30-e06f3da01c15,2000,160,2160
4f837f16-6e7e-4961-8170-1876d6627058,cf45618f-d0a6-4313-b3fe-b9c25130e1e8,2023-12-20 13:19:00,b3406af8-c4a9-4d2d-9e30-e06f3da01c15,1600,128,1728
e11d6e24-9458-4979-aff7-865a51c95efc,d593cb3f-5c32-4ae8-b090-2b2d6cc364e0,2023-12-20 08:06:00,b3406af8-c4a9-4d2d-9e30-e06f3da01c15,500,40,540
e38add20-31ab-40cf-a9a7-40ee06d706fa,b9c12e8c-8d2a-43d5-a79a-29aeb082c72a,2023-12-20 11:27:00,b3406af8-c4a9-4d2d-9e30-e06f3da01c15,1600,128,1728
2b7a6423-02f3-4bdf-be78-c89f98c62833,722c012f-efd2-49d0-8fd3-047157c22e79,2023-12-20 07:57:00,b3406af8-c4a9-4d2d-9e30-e06f3da01c15,500,40,540
c9621ec3-69c1-47eb-a5e6-72c1345cffde,5096dc25-d8a1-44a1-a629-f07365c1878a,2023-12-20 17:55:00,b3406af8-c4a9-4d2d-9e30-e06f3da01c15,1700,136,1836
ba3c08ee-628b-46b3-8a49-f1884d80b9c3,8db6beac-c887-48a0-a243-51364c4b54e5,2023-12-20 17:13:00,b3406af8-c4a9-4d2d-9e30-e06f3da01c15,700,56,756
5822e9a2-0070-4684-a6e3-bfdc68d45e55,6acbf0ba-f1c3-49cc-963a-d0c2f7c4d8f5,2023-12-20 07:15:00,b3406af8-c4a9-4d2d-9e30-e06f3da01c15,400,32,432
891053b7-494c-4fc4-aeab-eb327fe4ef73,48cd3500-f9c1-471b-9786-fc1d6b7dfb2b,2023-12-20 15:36:00,b3406af8-c4a9-4d2d-9e30-e06f3da01c15,1800,144,1944
d9ae90d1-056a-4cbb-8e1c-8b9f45352c31,2a47cf71-066f-4856-941a-0dcedb495e25,2023-12-20 07:08:00,b3406af8-c4a9-4d2d-9e30-e06f3da01c15,400,32,432
b365a9a0-7ce9-4116-b1c3-adda5d186686,709e1ebc-a13e-4513-af01-7be3db5969f0,2023-12-20 14:53:00,b3406af8-c4a9-4d2d-9e30-e06f3da01c15,700,56,756
0d671345-1e1b-4644-9503-51e8ead59d3d,dfcbcca6-3b8b-4b74-8b8a-35d542b61bea,2023-12-20 08:01:00,b3406af8-c4a9-4d2d-9e30-e06f3da01c15,400,32,432
eb942e47-3765-4f99-ac0d-7e7e7bcbd33f,3e0bfbc5-de9c-4029-9e07-9abf3ea45e78,2023-12-20 08:04:00,b3406af8-c4a9-4d2d-9e30-e06f3da01c15,600,48,648
a131a418-20ce-4a3f-b913-9e644ddcded7,565b67c6-951e-4d74-b047-1adf6fc2575c,2023-12-20 19:59:00,b3406af8-c4a9-4d2d-9e30-e06f3da01c15,500,40,540
498f63ac-5ca5-4e1d-bbb2-70319f25120f,5f7050b5-70b0-4e68-87ca-3057e2b22fec,2023-12-20 07:25:00,b3406af8-c4a9-4d2d-9e30-e06f3da01c15,700,56,756
b52f8277-2a49-450c-9906-2b482c9eaf51,33cfa771-7267-4b01-be99-d035630b41c7,2023-12-20 16:51:00,b3406af8-c4a9-4d2d-9e30-e06f3da01c15,1500,120,1620
d07969b5-e037-4304-ba64-af3f603ea744,cf232296-6a6b-4d24-9a71-2649bcbac8c1,2023-12-20 13:18:00,b3406af8-c4a9-4d2d-9e30-e06f3da01c15,700,56,756
e80ba44f-0c9e-443d-b42a-d10916ad597c,58618b9b-fd0a-4274-bbe4-0fe50a9d9a88,2023-12-20 17:16:00,b3406af8-c4a9-4d2d-9e30-e06f3da01c15,1500,120,1620
9287cff4-d0b9-4792-a82e-37840fc3aca8,ad313942-5f85-4732-8271-51d684aed9b6,2023-12-20 16:53:00,b3406af8-c4a9-4d2d-9e30-e06f3da01c15,1300,104,1404
75ed3f4b-338a-46c7-b9ff-996f1aa47e55,69f7975c-4dc8-44dc-a8cd-1ada09c809f4,2023-12-20 08:28:00,b3406af8-c4a9-4d2d-9e30-e06f3da01c15,600,48,648
261bc59e-fdae-49b1-9802-5b8dfac40abc,93437d2a-3844-4289-b40d-fddae4789e9f,2023-12-20 07:42:00,b3406af8-c4a9-4d2d-9e30-e06f3da01c15,500,40,540
169b141a-107a-4c2c-bb86-be5ff8a44593,96f755ed-3cd7-4c7a-a270-c8decb7e333c,2023-12-20 07:18:00,b3406af8-c4a9-4d2d-9e30-e06f3da01c15,700,56,756
2b96f2e1-c5eb-4edf-b3c7-44bd65f43b6e,5426db7a-b305-431e-981b-30fb5a510434,2023-12-20 07:53:00,b3406af8-c4a9-4d2d-9e30-e06f3da01c15,600,48,648
4a19ede2-d820-478a-bb4d-669743df876e,783a4c82-83fb-4f38-8f75-4a7e4824221c,2023-12-20 17:54:00,b3406af8-c4a9-4d2d-9e30-e06f3da01c15,700,56,756
3be72fbf-e260-4dd1-8d92-d6c9bae7fce0,679485b7-5dd6-41b6-b898-8ef7079bc93a,2023-12-20 12:25:00,b3406af8-c4a9-4d2d-9e30-e06f3da01c15,400,32,432
b6a1ad49-1ff7-4494-baf1-0db0987a69d1,6abd1eaa-ddec-4830-9213-0c88cbf37819,2023-12-20 07:55:00,b3406af8-c4a9-4d2d-9e30-e06f3da01c15,400,32,432
18e52f1d-23fb-44a3-8b18-b08128409305,da5f74ed-37ae-4e24-a565-e28f636b84c1,2023-12-20 08:01:00,b3406af8-c4a9-4d2d-9e30-e06f3da01c15,500,40,540
ee7dee7c-d42b-44a7-af7a-8e7795961aab,15842696-4fc9-4c29-9996-308a244bddf6,2023-12-20 10:27:00,b3406af8-c4a9-4d2d-9e30-e06f3da01c15,400,32,432
b4fcdab4-c6d1-4fb3-841f-e8ca7f8015c2,f2c43620-2285-47a4-9419-0fb60eb8d25a,2023-12-20 08:22:00,b3406af8-c4a9-4d2d-9e30-e06f3da01c15,600,48,648
15c261e2-959e-407d-847b-c732b37aa43e,3bd451ff-c133-4697-ac9d-1dfee63011f5,2023-12-20 15:52:00,b3406af8-c4a9-4d2d-9e30-e06f3da01c15,400,32,432
0018a9ef-522b-4165-b6d6-2ed3a677581b,780dac38-0863-491a-b46d-bc3cd528c1e4,2023-12-20 07:35:00,b3406af8-c4a9-4d2d-9e30-e06f3da01c15,600,48,648
31810700-db7c-4ecd-a321-9e5f8af28766,2a2621d7-3929-4b01-ba9c-c91bc485bd78,2023-12-20 10:44:00,b3406af8-c4a9-4d2d-9e30-e06f3da01c15,600,48,648
ab5d1c6f-d928-4b80-a719-9395509e0aa7,4c25cfbb-7971-47e1-be1f-7a5110941d8e,2023-12-20 16:35:00,b3406af8-c4a9-4d2d-9e30-e06f3da01c15,600,48,648
5b3acedf-3c1c-40c8-b29e-acacdd1fad12,f0ef0634-7b1f-4088-9657-9ad991d04f64,2023-12-20 08:22:00,b3406af8-c4a9-4d2d-9e30-e06f3da01c15,700,56,756
545dad70-7f7f-4f23-bc09-b18622f5a948,b5b8ba14-c913-48ca-8f53-c0634b770bc5,2023-12-20 08:25:00,b3406af8-c4a9-4d2d-9e30-e06f3da01c15,500,40,540
5d6500c1-18a1-4ede-90d3-f506ee0a8a19,4c1b1465-1124-4da0-a845-304ff87d7b80,2023-12-20 13:16:00,b3406af8-c4a9-4d2d-9e30-e06f3da01c15,700,56,756
8c2b850f-5f7b-4779-8a89-026829431c3a,7c0b728c-03b2-4074-97b0-820e04f72bc1,2023-12-20 09:54:00,b3406af8-c4a9-4d2d-9e30-e06f3da01c15,400,32,432
527031fb-fae9-4ecb-9a76-a447c95eb095,75c09e8f-8645-4c9f-ac93-1699443c14cb,2023-12-20 08:37:00,b3406af8-c4a9-4d2d-9e30-e06f3da01c15,600,48,648
c97c682f-7a7a-4de7-9d86-ab4aadb93cdc,dde07e03-7642-4680-83ea-1d2d9c20a749,2023-12-20 09:20:00,b3406af8-c4a9-4d2d-9e30-e06f3da01c15,400,32,432
a26ab706-7109-4863-be61-550fbd52913f,be28b3ee-678e-4706-8265-7912b58409ca,2023-12-20 15:48:00,b3406af8-c4a9-4d2d-9e30-e06f3da01c15,600,48,648
73580315-5e9c-40fb-bd4a-33da09a2f32d,60f6f9d2-5739-45d8-a478-3113ae487937,2023-12-20 13:56:00,b3406af8-c4a9-4d2d-9e30-e06f3da01c15,1100,88,1188
e94eb784-a0b9-47c4-8a8a-376f082cf371,bb5ab63c-2b60-4ad2-b1b5-a02988e61b69,2023-12-20 18:49:00,b3406af8-c4a9-4d2d-9e30-e06f3da01c15,500,40,540
7379b37a-1d74-487f-86db-6a8276339769,ef0ff021-ea9a-4f5a-89ca-9605d5694b86,2023-12-20 15:37:00,b3406af8-c4a9-4d2d-9e30-e06f3da01c15,1800,144,1944
39d44fdb-e57b-4b97-a445-69d4b255a1d1,ce0a5720-9060-41a3-87ed-6c94ade8161b,2023-12-20 15:53:00,b3406af8-c4a9-4d2d-9e30-e06f3da01c15,400,32,432
dd5a4ba6-2415-4216-8472-d5fe26081784,9fb4a20c-205f-4b24-9b1b-e9cf352df13c,2023-12-20 18:18:00,b3406af8-c4a9-4d2d-9e30-e06f3da01c15,1700,136,1836
b18dedd4-aae9-4624-be1e-d418bd32fa73,e64930bf-9aea-452b-9770-6d9ab8e75b98,2023-12-20 11:11:00,b3406af8-c4a9-4d2d-9e30-e06f3da01c15,600,48,648
5a5ab64e-8aa7-44fa-ba17-fecc51b5619d,2e523f43-e1d5-4705-9bf0-a303ac8e2325,2023-12-20 13:43:00,b3406af8-c4a9-4d2d-9e30-e06f3da01c15,2400,192,2592
75576a28-611a-44ab-8a5e-cd755ab44fbc,84366d77-ed78-4457-aabb-53ccd06f1776,2023-12-20 12:20:00,b3406af8-c4a9-4d2d-9e30-e06f3da01c15,2000,160,2160
af91cff0-e775-4929-8517-88fc4443fc23,89beb553-07d8-468a-afb8-475cddc32a77,2023-12-20 07:09:00,b3406af8-c4a9-4d2d-9e30-e06f3da01c15,600,48,648
7c2613e0-220f-49d7-9020-e2b964299d8e,c506b71a-787f-4a35-87ed-45c7f1b1d01d,2023-12-20 17:44:00,b3406af8-c4a9-4d2d-9e30-e06f3da01c15,1700,136,1836
5cd59c1e-b098-42bf-b876-ab436da23d44,6f62631e-1d5a-4f8f-8e63-0a0f41dbd8ee,2023-12-20 07:26:00,b3406af8-c4a9-4d2d-9e30-e06f3da01c15,700,56,756
0cc96b25-ca85-438e-96f0-a901e2406726,16e865e6-eca2-4dba-b362-059d91cbde66,2023-12-20 17:02:00,b3406af8-c4a9-4d2d-9e30-e06f3da01c15,1000,80,1080
280d13e8-b2c3-422e-9fbb-b866a4872fdd,e719b42e-3376-4371-b1b6-b4fdccad5115,2023-12-20 11:05:00,b3406af8-c4a9-4d2d-9e30-e06f3da01c15,2600,208,2808
4187232e-bff2-4720-86bc-d471d8a125f1,ff5a232b-ee8b-4ca2-96b1-ef1650c72b1a,2023-12-20 07:00:00,b3406af8-c4a9-4d2d-9e30-e06f3da01c15,400,32,432
24b0b451-650c-4f87-97d8-717ea5d3fb02,5f6dc068-c7a6-4b9f-8f6b-cc0a2c0f5920,2023-12-20 08:21:00,b3406af8-c4a9-4d2d-9e30-e06f3da01c15,400,32,432
a5452556-005f-4708-85d3-7aa484854f6e,9af44487-75a5-464e-9686-6f0f667729e7,2023-12-20 11:51:00,b3406af8-c4a9-4d2d-9e30-e06f3da01c15,1800,144,1944
706e0d36-50d8-41a3-9dc9-3b803e464766,e5a9b9ac-c173-44e3-bd7b-273f20532544,2023-12-20 14:30:00,b3406af8-c4a9-4d2d-9e30-e06f3da01c15,1900,152,2052
3259f392-8068-4db1-8566-423ada95070d,b1c24d63-af0f-4aba-93b3-c59a8e4101bf,2023-12-20 09:21:00,b3406af8-c4a9-4d2d-9e30-e06f3da01c15,500,40,540
cac9c9c6-85aa-45bb-a1cf-6203c0e620bd,ce1f8a7f-7721-44d4-96d8-7d520acad1f1,2023-12-20 16:16:00,b3406af8-c4a9-4d2d-9e30-e06f3da01c15,1300,104,1404
c2ea581e-3840-4f76-942a-25e812eb5922,fa9e8c55-3724-43ef-bc87-cd18cf46c453,2023-12-20 08:49:00,b3406af8-c4a9-4d2d-9e30-e06f3da01c15,500,40,540
3f1fd22e-277c-4c8d-8ba7-5127f42a5b8e,063e0a0b-9da6-413a-9759-065854e5f48f,2023-12-20 18:37:00,b3406af8-c4a9-4d2d-9e30-e06f3da01c15,1600,128,1728
a6c30c76-a734-439f-907d-4f4b534e8e35,f5f40b10-cc7e-4664-bc08-bc601775c40d,2023-12-20 12:39:00,b3406af8-c4a9-4d2d-9e30-e06f3da01c15,2300,184,2484
f571c4a0-025a-4604-a2a7-50e1ff6f1846,72e39e59-1d0a-43f5-9fd7-68c18e43f2f1,2023-12-20 13:32:00,b3406af8-c4a9-4d2d-9e30-e06f3da01c15,400,32,432
99a03091-00fb-4302-86bd-230b789097c2,81d151e6-2213-44c8-b3f8-3c92ca5f9d6f,2023-12-20 15:23:00,b3406af8-c4a9-4d2d-9e30-e06f3da01c15,600,48,648
788fe90f-f4f5-4038-bda5-3b5d1e6395d9,9914ddf0-df99-410f-bac5-a8a753f033b9,2023-12-20 16:33:00,b3406af8-c4a9-4d2d-9e30-e06f3da01c15,4000,320,4320
7f531fb7-fef6-4d66-b473-a5a158f8e057,2eef6761-a562-43e0-becd-e1ab245983ab,2023-12-20 14:04:00,b3406af8-c4a9-4d2d-9e30-e06f3da01c15,700,56,756
89102058-222e-4f5d-8dcc-7e470a0a0b39,250a707f-0648-4114-aed3-fc271fbdae6e,2023-12-20 08:23:00,b3406af8-c4a9-4d2d-9e30-e06f3da01c15,600,48,648
cbf44b14-3502-4fed-a324-3165e3820df1,b17947fc-f4f9-4d4d-82a7-a21c9ef29f08,2023-12-20 15:20:00,b3406af8-c4a9-4d2d-9e30-e06f3da01c15,1300,104,1404
90b421ea-c06e-4dae-a47e-5a2bf6237aa4,0709c8a9-a54b-4f66-94c2-ba1671a61c01,2023-12-20 11:11:00,b3406af8-c4a9-4d2d-9e30-e06f3da01c15,500,40,540
