ID,CUSTOMER,ORDERED_AT,STORE_ID,SUBTOTAL,TAX_PAID,ORDER_TOTAL
1f053e2e-47b5-4f23-8811-c95a78599437,2ad8ff3c-388e-429b-9b1a-67286e82bd20,2024-04-24 08:42:00,7610d689-246f-467d-8d80-991c4eef401a,400,24,424
ddf82a9e-cc83-4cb4-a534-0be01debc72b,6b4f3f63-45e6-42ee-b5c4-ac03835a2d5f,2024-04-24 07:57:00,7610d689-246f-467d-8d80-991c4eef401a,400,24,424
c0bcb8f9-fe88-401a-b952-00539e98c745,3850daab-891a-45e9-a8de-8be8febc3137,2024-04-24 16:44:00,7610d689-246f-467d-8d80-991c4eef401a,700,42,742
0e9364b3-f557-48f3-9ff0-de806890c8e9,c6bd166c-2f9d-455c-89dd-72b892f09447,2024-04-24 09:33:00,7610d689-246f-467d-8d80-991c4eef401a,1100,65,1165
68c6ed41-1738-4fd5-af1b-d636ff3e55e5,879ff208-ac40-47d2-9c15-e475f635ccbe,2024-04-24 17:36:00,7610d689-246f-467d-8d80-991c4eef401a,600,36,636
c810657e-19ce-4ca5-b9f3-c4f25090b1c8,24c316fc-ad16-45a1-9ef3-3da9d491b0e7,2024-04-24 08:36:00,7610d689-246f-467d-8d80-991c4eef401a,600,36,636
d4ec0a83-fdf1-4b6d-9848-43dbf937be8a,7b1522dc-cd21-4c40-b81b-3532f5b9f3eb,2024-04-24 08:38:00,7610d689-246f-467d-8d80-991c4eef401a,500,30,530
8c497612-cafa-4855-bd2c-7b4fa4824950,344bf269-6f68-41c2-a6ff-a8f4eb6f6ca7,2024-04-24 13:27:00,7610d689-246f-467d-8d80-991c4eef401a,600,36,636
6cf0ec3e-6f08-44c3-b14e-794324aa18a2,d10a856b-8bc4-4cf8-bb76-ffdcf2a50f1e,2024-04-24 13:45:00,7610d689-246f-467d-8d80-991c4eef401a,4800,288,5088
9523abc9-0119-434e-80f0-641a634cb793,55f41aa9-ac35-4b25-9c3d-bd9bfe61effc,2024-04-24 13:57:00,7610d689-246f-467d-8d80-991c4eef401a,600,36,636
50392d53-20e2-44cd-a513-f95880ef39af,839b9759-0a61-4c7d-872f-591848c1b431,2024-04-24 08:17:00,7610d689-246f-467d-8d80-991c4eef401a,400,24,424
be3785a7-f6cf-4e0f-ad95-e2e3408703c9,78e869b8-1d23-4f38-b562-7cd5072dcd5a,2024-04-24 19:32:00,7610d689-246f-467d-8d80-991c4eef401a,600,36,636
4cb37932-8a05-4c45-8647-ac156e514e98,934c19cf-d1e4-47fc-9860-39542d7bd56b,2024-04-24 12:11:00,7610d689-246f-467d-8d80-991c4eef401a,600,36,636
c73ff216-7d65-4be7-b17e-fad4de5532c1,4bf534e1-0071-43eb-b3ba-cf7da176d8a6,2024-04-24 14:29:00,7610d689-246f-467d-8d80-991c4eef401a,1700,102,1802
331fe0aa-dd4a-4a35-8610-d1767c4ed3ca,d96563d3-24d4-40e6-8f4e-a6c5f015d864,2024-04-24 08:07:00,7610d689-246f-467d-8d80-991c4eef401a,700,42,742
0966d917-63a8-4c27-8cbc-93a15bb8cfa2,44bffcdd-9613-46ca-9f05-b315de5e7ca6,2024-04-24 11:35:00,7610d689-246f-467d-8d80-991c4eef401a,700,42,742
670cc60f-dd88-40be-aaa5-a381bde7f4a8,78d44e16-ddfd-4429-91bc-9208c7fb2fc8,2024-04-24 07:37:00,7610d689-246f-467d-8d80-991c4eef401a,600,36,636
58a11e67-23f4-489f-9757-e30b35ab4b69,1e43ae86-f777-4ee7-b336-8e3bc60294ef,2024-04-24 12:01:00,7610d689-246f-467d-8d80-991c4eef401a,500,30,530
658f2a3a-2365-4da0-b21a-b0e4cabe0721,c366eb7d-81d8-46f9-89d9-9d09186d8503,2024-04-24 07:46:00,7610d689-246f-467d-8d80-991c4eef401a,400,24,424
3120f131-2482-44fc-86bf-bb093702fb74,d7e9c90f-0dde-41f1-9be4-09fbe640e794,2024-04-24 08:06:00,7610d689-246f-467d-8d80-991c4eef401a,700,42,742
33f7176d-c434-4501-8259-f398a1170332,47a4b1a8-781d-40e8-bbb2-f769c2c6b5ca,2024-04-24 08:45:00,7610d689-246f-467d-8d80-991c4eef401a,700,42,742
c083f451-6814-4fef-bd74-6791b26e5d6f,e4c63951-a231-404c-ad26-f4a492f3447f,2024-04-24 07:45:00,7610d689-246f-467d-8d80-991c4eef401a,600,36,636
944f8318-2291-448b-ac46-4eeb4feec443,4a15f8b9-7c0a-4643-b14d-5ec37ed6b186,2024-04-24 07:43:00,7610d689-246f-467d-8d80-991c4eef401a,700,42,742
3f663790-3fc0-4293-9d5f-763b3a7fbc2d,5248f2d8-0eb8-420f-9ea5-77ec82307b9b,2024-04-24 07:03:00,7610d689-246f-467d-8d80-991c4eef401a,700,42,742
089dc6e3-e5e8-4caf-9d7e-24ace3d15981,fb56c2c7-1769-4c97-9197-2ffa8b82ea0e,2024-04-24 14:04:00,7610d689-246f-467d-8d80-991c4eef401a,1900,113,2013
8afa0645-aed9-4426-bb7c-780f6d9e2c45,d656f95b-6c2e-4372-ab17-a3bbc93812c1,2024-04-24 07:36:00,7610d689-246f-467d-8d80-991c4eef401a,600,36,636
fba9e77f-4938-4268-a76d-5448b23171b2,315fd00b-6f86-43d0-97ec-4e56811af6a0,2024-04-24 14:31:00,7610d689-246f-467d-8d80-991c4eef401a,700,42,742
68fc9117-6bac-4df6-8b79-85ec4a915b0d,62626d20-2e67-4f1d-9386-1b0a5e25956c,2024-04-24 07:14:00,7610d689-246f-467d-8d80-991c4eef401a,700,42,742
e4819833-e8f3-414c-8448-6e5ff2f22d0c,4799ec1e-d9b9-4322-9d76-9221b4bf723f,2024-04-24 17:01:00,7610d689-246f-467d-8d80-991c4eef401a,1800,108,1908
14d777bb-e52c-4e70-ab41-ecf7b076bb97,146f68d0-ad70-4af9-9210-f25d25cdd39f,2024-04-24 11:13:00,7610d689-246f-467d-8d80-991c4eef401a,1000,60,1060
d282abac-c7f4-48e1-b607-7d39d8441089,1ae36efc-f7b6-45de-8646-8775a98651b1,2024-04-24 07:49:00,7610d689-246f-467d-8d80-991c4eef401a,1300,78,1378
64eae8f9-0378-4ef4-988c-c4ee863e7b6f,f50ff9af-29c0-4629-9c9c-1c0c6fade0f6,2024-04-24 11:14:00,7610d689-246f-467d-8d80-991c4eef401a,600,36,636
45f97acf-beef-468a-b6c5-ec5b8b0e9c9a,ef339016-b62e-4c27-8dee-119176b58864,2024-04-24 09:04:00,7610d689-246f-467d-8d80-991c4eef401a,1100,65,1165
89b1891b-ac37-4466-822f-9c0393d85476,95ac520d-f0fc-435a-b0b4-2dcf6b90bd80,2024-04-24 07:00:00,7610d689-246f-467d-8d80-991c4eef401a,600,36,636
f20ccecc-036e-4731-8888-129cb903c3c5,7b802864-fcee-410c-bdbf-7774ce4cfd97,2024-04-24 07:14:00,7610d689-246f-467d-8d80-991c4eef401a,700,42,742
c9961f57-62f0-4f2e-91a8-558b62c403da,8d19687a-737e-45da-b0d4-d686d57620d6,2024-04-24 13:44:00,7610d689-246f-467d-8d80-991c4eef401a,700,42,742
80d4facf-c120-4f54-b741-3c7f4c3bb781,e821bf99-a819-4aa4-89e9-8b82a338484a,2024-04-24 16:45:00,7610d689-246f-467d-8d80-991c4eef401a,700,42,742
d8b61f86-667b-4601-9d7c-112670718477,aec16166-ed24-473e-a071-c5dc834ca0e4,2024-04-24 07:00:00,7610d689-246f-467d-8d80-991c4eef401a,500,30,530
126f8d84-11f7-45ec-ab63-588d9f68d9b0,c9832d9c-549d-4a87-b495-d09238d3bbed,2024-04-24 11:16:00,7610d689-246f-467d-8d80-991c4eef401a,500,30,530
c531767b-3c9a-47e4-8417-f3f65f1039cd,2f08d074-f43f-4139-b02d-87d7b52beb3a,2024-04-24 08:32:00,7610d689-246f-467d-8d80-991c4eef401a,600,36,636
44b1662c-e7fe-47f4-be6b-095102d9bf80,926c3574-687d-438c-95a0-ad55202d049a,2024-04-24 12:30:00,7610d689-246f-467d-8d80-991c4eef401a,600,36,636
b708e5cb-12e5-479f-a9af-142f0ca402a0,1dd6668a-adfe-4618-9aad-d10d78dc8272,2024-04-24 15:45:00,7610d689-246f-467d-8d80-991c4eef401a,400,24,424
5aa9993a-be13-42b8-96bd-1472b711629c,0bdabea4-30de-4ef8-b11a-a4c8de37ebd9,2024-04-24 19:31:00,7610d689-246f-467d-8d80-991c4eef401a,1800,108,1908
4ffe50a4-8856-47f4-8c07-27bdd7be30dc,9a65f806-8121-4335-941d-d0326c2e4675,2024-04-24 08:31:00,7610d689-246f-467d-8d80-991c4eef401a,600,36,636
ef83d023-abde-4d8b-b411-7ab4a4555fee,6995e59e-47cf-4387-a52d-ad45ca6a518d,2024-04-24 16:42:00,7610d689-246f-467d-8d80-991c4eef401a,1800,108,1908
b2a2868d-c50d-4e44-9f3b-f50c15a853f0,31827348-11f6-4c64-ad78-71209fc9944b,2024-04-24 07:00:00,7610d689-246f-467d-8d80-991c4eef401a,600,36,636
640d148f-ccf9-4c75-8f28-8c0506de89a7,dea739e8-98c1-4dbb-ba66-3b78d7f0e319,2024-04-24 15:27:00,7610d689-246f-467d-8d80-991c4eef401a,600,36,636
48e8bb60-8c84-4cf4-b4e0-e5532490cfb1,36b01943-3c96-430b-be52-72d94f53799d,2024-04-24 08:10:00,7610d689-246f-467d-8d80-991c4eef401a,400,24,424
840d14fd-d1b5-4cd6-bca5-0b49b34880c4,b139c52e-1d20-4fc1-87e5-f3ef0aba4698,2024-04-24 15:09:00,7610d689-246f-467d-8d80-991c4eef401a,2200,131,2331
278f5e41-a842-4fc4-9424-9c04bba0f157,5efd874a-63ad-480e-8d5e-862efb88a592,2024-04-24 17:35:00,7610d689-246f-467d-8d80-991c4eef401a,500,30,530
b570bbd7-4613-4a70-a49c-707ed67a537a,e4d2e9c5-4db3-42ca-92c6-33624a07b937,2024-04-24 13:09:00,7610d689-246f-467d-8d80-991c4eef401a,1800,108,1908
1aa0a87b-f484-4637-b6c1-660623f95c49,0d16939d-03a0-4dd0-bc65-3b4ccb36fe79,2024-04-24 07:38:00,7610d689-246f-467d-8d80-991c4eef401a,700,42,742
667851e2-0389-41ce-aa9f-b2d2f11efa99,3a3c7ba2-c0e9-4f2e-a33b-25b75a89c624,2024-04-24 08:16:00,7610d689-246f-467d-8d80-991c4eef401a,700,42,742
429f3296-9cd2-425a-a702-df117282cc58,d37b5f57-5b61-4029-91cd-831255b3587b,2024-04-24 08:01:00,7610d689-246f-467d-8d80-991c4eef401a,500,30,530
c2c74092-da29-4cf4-83be-8129d9572162,823dfb43-74fa-4fac-a977-99bcf899257e,2024-04-24 15:25:00,7610d689-246f-467d-8d80-991c4eef401a,400,24,424
e58cc0cd-6c1b-4e0e-a4ec-deba1525d26f,e79b9228-3f3d-46b5-8374-fedb9dda3735,2024-04-24 19:18:00,7610d689-246f-467d-8d80-991c4eef401a,600,36,636
ea0b187f-fb5a-4d70-b74e-f128a2efe0dd,9ef64e35-2590-4115-9d1a-772a11e1b53d,2024-04-24 07:58:00,7610d689-246f-467d-8d80-991c4eef401a,500,30,530
7dc0e29b-1710-449f-9205-c0e12b57b450,0e18fa04-ce72-4ff8-b56e-7f088e12c004,2024-04-24 08:05:00,7610d689-246f-467d-8d80-991c4eef401a,400,24,424
e18b4525-8d50-4210-b22e-93c4ee4d3824,df37e08e-0277-4735-a73a-1b7c294ea7c7,2024-04-24 16:28:00,7610d689-246f-467d-8d80-991c4eef401a,1900,113,2013
a978c590-b328-49ee-af3a-438c0ca41684,8d6d38a0-38c1-46db-9015-09308fac8af1,2024-04-24 12:03:00,7610d689-246f-467d-8d80-991c4eef401a,600,36,636
995791db-20f7-4aa3-bbd1-a5f992200e66,688d0660-f2f1-48d9-866b-16769b221d35,2024-04-24 12:28:00,7610d689-246f-467d-8d80-991c4eef401a,600,36,636
304059b8-2c9e-461e-bd8f-cc4c14114738,57977a86-91ed-41b7-a3ce-5e7ede685b60,2024-04-24 08:25:00,7610d689-246f-467d-8d80-991c4eef401a,700,42,742
84e29633-0b42-4a69-bec4-c8dfc79b3e4b,f0a48cc6-0574-42fa-be95-4d97d8329d9d,2024-04-24 17:30:00,7610d689-246f-467d-8d80-991c4eef401a,500,30,530
dd121d58-3b6d-476a-9857-7426b0aaa662,b4fcea36-9cc0-4960-91a9-75c9a5a42d37,2024-04-24 14:37:00,7610d689-246f-467d-8d80-991c4eef401a,2000,120,2120
d1b151ad-97e4-4868-996b-a7c53c19f07d,a6d591f5-51c1-47bb-b6d6-99c8b86751d4,2024-04-24 07:52:00,7610d689-246f-467d-8d80-991c4eef401a,700,42,742
e0be0a39-7413-499b-8bfa-9bebb4dc84eb,d64dc06b-92b4-412f-811b-f9126ac600de,2024-04-24 18:18:00,7610d689-246f-467d-8d80-991c4eef401a,1600,96,1696
c4dff55d-2255-411f-87bd-966628331a48,0b3c441f-c735-44c7-8074-4ea0037910ed,2024-04-24 08:04:00,7610d689-246f-467d-8d80-991c4eef401a,500,30,530
220a667d-66fa-4fd5-880e-fe7f0807a02a,5d6db1ff-21b1-476e-b683-3f3658705c1b,2024-04-24 08:01:00,7610d689-246f-467d-8d80-991c4eef401a,600,36,636
7c05d6ca-4676-4e6f-a030-64ba01f14e00,18412373-d87e-4d56-8449-fdd7446eee92,2024-04-24 14:17:00,7610d689-246f-467d-8d80-991c4eef401a,600,36,636
b2ce1ed5-0042-4d6a-9c27-3dcda212c9eb,9d540d3a-ba2a-4da2-b5b2-8596b612ef7b,2024-04-24 07:27:00,7610d689-246f-467d-8d80-991c4eef401a,600,36,636
04af2f1d-4532-4270-af37-685aeb4b1585,bddfbc57-6f52-4e22-a57a-6002563d154a,2024-04-24 08:50:00,7610d689-246f-467d-8d80-991c4eef401a,700,42,742
85ce8012-0b6b-47a9-8976-4a8a7ede40a2,b984ff09-e77c-4243-8b06-df73a4cfcab4,2024-04-24 18:19:00,7610d689-246f-467d-8d80-991c4eef401a,1100,65,1165
397b1a18-a3fb-4a9d-a12c-0913f36c5a84,450a1c69-f98e-4b7e-801d-fd2a78341e96,2024-04-24 08:45:00,7610d689-246f-467d-8d80-991c4eef401a,700,42,742
a9e29c6c-f063-4a19-81fd-4aa7df33afc8,2da1361f-4429-48c2-82c5-914e0aa8f5f7,2024-04-24 12:03:00,7610d689-246f-467d-8d80-991c4eef401a,600,36,636
1f789c05-2bdb-43dd-962b-6f435f44f920,a4072cf8-44ed-4fba-a09c-52ea1253a626,2024-04-24 08:00:00,7610d689-246f-467d-8d80-991c4eef401a,700,42,742
146c151d-6760-43f4-8bdf-45d3f4d9dd05,3046aedf-67c1-44e7-ac56-440680327361,2024-04-24 07:25:00,7610d689-246f-467d-8d80-991c4eef401a,500,30,530
6a236520-33ca-4c76-8b95-5220ede4af20,3edf64a9-16d7-4c40-9f5b-330dc725a080,2024-04-24 12:01:00,7610d689-246f-467d-8d80-991c4eef401a,700,42,742
a67d4547-a94c-4a02-a58f-92d7c49b6b5d,666a6a48-7875-482d-a94e-9f8c64465cf4,2024-04-24 18:12:00,7610d689-246f-467d-8d80-991c4eef401a,400,24,424
372f634c-b8e1-41e7-ab70-f8ac2a019ce3,82f489f1-31c5-4763-91dd-3afd04165450,2024-04-24 17:31:00,7610d689-246f-467d-8d80-991c4eef401a,1800,108,1908
b459a6bd-57ea-43ad-a352-897a85e003b2,7b88c165-b4b5-49c8-8bc5-fc7f7f0f2578,2024-04-24 13:04:00,7610d689-246f-467d-8d80-991c4eef401a,2100,126,2226
96d9e3a6-5914-4ac4-948f-56acaabcb5d8,bfe1b846-d4bc-4600-af95-6ae41b24dac9,2024-04-24 13:04:00,7610d689-246f-467d-8d80-991c4eef401a,1200,72,1272
d918444f-6de1-4d10-b3a2-98e090f55800,ed68249a-59e8-4dc6-b38b-0d1e65f681b6,2024-04-24 12:26:00,7610d689-246f-467d-8d80-991c4eef401a,500,30,530
95081f99-2c97-4d69-9c9a-6be169231ead,bcf395ee-025e-44f8-8f73-484421f6d5fb,2024-04-24 13:59:00,7610d689-246f-467d-8d80-991c4eef401a,600,36,636
723c7d54-ce97-40f0-81c7-28445b190f75,94d0a0fe-75c6-43be-bb84-168e040bc6d5,2024-04-24 15:58:00,7610d689-246f-467d-8d80-991c4eef401a,400,24,424
b6c90aa0-20fd-4bc2-beb5-f1c4f074d228,250b3408-c860-4797-ac34-33728bf59c99,2024-04-24 11:18:00,7610d689-246f-467d-8d80-991c4eef401a,3400,204,3604
00213a81-aec2-4671-8955-de74745df2cb,f6fa9153-ba45-423c-b636-4e6b84cd914e,2024-04-24 09:52:00,7610d689-246f-467d-8d80-991c4eef401a,600,36,636
541bb601-ffff-429e-b4fa-14930a7f61e8,23a97ea4-4910-41fc-b79e-db7367a51abe,2024-04-24 19:53:00,7610d689-246f-467d-8d80-991c4eef401a,500,30,530
e3ef1a03-f14a-47bd-8e25-6cb59cfaf54a,cf070f90-cdd8-4549-b7e2-0c7254a5fa7d,2024-04-24 14:17:00,7610d689-246f-467d-8d80-991c4eef401a,600,36,636
f7ea62db-603e-498c-b8ee-3f0c48d99f23,a6b53394-b08a-4498-b7c3-91454743d0a8,2024-04-24 15:07:00,7610d689-246f-467d-8d80-991c4eef401a,600,36,636
1bdeda7f-eccc-450f-a250-4e8e91c41f7f,f808081a-9507-47e5-86cb-7bf828d9d4df,2024-04-24 07:46:00,7610d689-246f-467d-8d80-991c4eef401a,600,36,636
236e4ee2-2b52-4ff4-b96d-d495a6dd293a,0ecfed85-1b84-4e53-966a-152524ece0f4,2024-04-24 08:43:00,7610d689-246f-467d-8d80-991c4eef401a,500,30,530
1212e574-0330-411f-b8e0-440c80b27901,0426d112-e55b-46b3-8cd6-e3a55e386eb0,2024-04-24 13:36:00,7610d689-246f-467d-8d80-991c4eef401a,400,24,424
1226518c-6c92-4ed8-bbd8-ab73c211c592,f5d008c2-6621-46ef-a6cd-0886f0fe7f96,2024-04-24 18:06:00,7610d689-246f-467d-8d80-991c4eef401a,1500,89,1589
d8afee73-3c98-4ec5-8ae6-0b6769e50c34,5d511afd-b502-4192-baad-0548251e5e6d,2024-04-24 07:05:00,7610d689-246f-467d-8d80-991c4eef401a,600,36,636
815a4585-9195-4f95-8b12-288022dfaf66,4d4c7b21-8990-4720-990f-7746db61168d,2024-04-24 12:20:00,7610d689-246f-467d-8d80-991c4eef401a,600,36,636
bd0609b9-0230-42bb-89f7-071a8f7429da,f9841060-a614-481b-94ee-7dfe41607413,2024-04-24 07:24:00,7610d689-246f-467d-8d80-991c4eef401a,400,24,424
6e1a360a-bae8-4868-862a-892d3d0bc843,c6bd6d54-a717-4955-a92b-b94a48db42dc,2024-04-24 07:00:00,7610d689-246f-467d-8d80-991c4eef401a,700,42,742
bffcbb04-ef4b-4b20-a2bb-05d9443a0755,eb7d2aec-bc7d-4c51-a03b-eafee6cb1d8a,2024-04-24 07:49:00,7610d689-246f-467d-8d80-991c4eef401a,600,36,636
a116e2ae-dbd7-42b8-9cb8-d97afe6efb89,dc1554c4-7966-43d6-989b-d9371615ed70,2024-04-24 07:34:00,7610d689-246f-467d-8d80-991c4eef401a,400,24,424
e689bde4-3152-4ca6-b647-2995f775453d,0d210a5d-5016-4929-b467-3c8c4ba1ae9d,2024-04-24 07:42:00,7610d689-246f-467d-8d80-991c4eef401a,600,36,636
48c32ad2-7b51-4cc0-8dd8-7c4204ca38e4,ae87b6ae-d8fa-411b-8af9-e27f1f1ebc49,2024-04-24 16:47:00,7610d689-246f-467d-8d80-991c4eef401a,600,36,636
977d51b1-ac8b-4bd9-867d-57e3e7bcb29f,9cde1e0d-05f3-450f-bf5a-fa46ba556e66,2024-04-24 11:51:00,7610d689-246f-467d-8d80-991c4eef401a,600,36,636
daf71ee4-bd75-46fc-b673-506f3abb29a6,4387d265-a651-45ac-b32f-8dc31bff999a,2024-04-24 14:36:00,7610d689-246f-467d-8d80-991c4eef401a,1600,96,1696
04d0c7de-0c44-4189-9ff9-1512245da67c,9db10769-95d8-4f4d-8c28-5aa3495a23f0,2024-04-24 14:33:00,7610d689-246f-467d-8d80-991c4eef401a,1800,108,1908
a3ba8f43-441b-4ad6-91b9-72d967b0968b,026ceb52-c4fd-4803-bc22-2a3906fb6c46,2024-04-24 08:00:00,7610d689-246f-467d-8d80-991c4eef401a,700,42,742
bf6dee2d-8a48-42b1-a7d7-dcd544c52d13,c8bab90c-54a0-4996-b0b2-10caea8d5184,2024-04-24 08:10:00,7610d689-246f-467d-8d80-991c4eef401a,700,42,742
ba3053cb-4ac7-42fc-92cf-6f4d08a866a9,f2efc122-75e1-48bd-b4b8-6a52061637d2,2024-04-24 13:38:00,7610d689-246f-467d-8d80-991c4eef401a,700,42,742
4e025b1b-4a2d-4cc9-825a-0b61da4a3913,766271ed-188f-4288-b9f4-5a3f1a22c810,2024-04-24 11:49:00,7610d689-246f-467d-8d80-991c4eef401a,1700,102,1802
083405ab-3852-4fd3-be57-bbc956e06f78,adb75b1e-ebd5-4fb8-9ea1-91af9f74330d,2024-04-24 08:03:00,7610d689-246f-467d-8d80-991c4eef401a,500,30,530
4343563d-9ce4-45f8-a449-fe8660a702b6,7523436b-bfe8-439b-8ba3-a6ea6c2c274c,2024-04-24 15:48:00,7610d689-246f-467d-8d80-991c4eef401a,700,42,742
72c7aabe-a68d-48ad-adb8-1d402320699f,dafbb152-2434-4963-83a6-66bcca661251,2024-04-24 07:48:00,7610d689-246f-467d-8d80-991c4eef401a,600,36,636
856f8440-ce3e-4106-a908-2ad6ac072ea9,2e85fe24-c31c-4881-81b3-ad7239cb4f5d,2024-04-24 09:05:00,7610d689-246f-467d-8d80-991c4eef401a,900,54,954
27fd5268-c794-4f2a-b992-6b3ef8c4047a,751581a7-dcae-4cd6-be9c-0170a28ec0f7,2024-04-24 08:22:00,7610d689-246f-467d-8d80-991c4eef401a,600,36,636
ddd446c4-c16b-4902-8393-83c2b152cf37,f2e6c77c-bb0e-4736-8e20-d9a300ad589a,2024-04-24 07:27:00,7610d689-246f-467d-8d80-991c4eef401a,700,42,742
9b77fa1d-fc26-48ab-a4b1-09a4c19f0ca3,7ada98ab-4d4a-4814-b592-71cbf95a981f,2024-04-24 08:36:00,7610d689-246f-467d-8d80-991c4eef401a,700,42,742
2c7529c4-519b-43ee-8a55-143a76bf0ef8,2e472783-b556-4793-892b-93e4aae66fe8,2024-04-24 07:41:00,7610d689-246f-467d-8d80-991c4eef401a,600,36,636
41341984-b785-46f5-91ea-0c45b50534c3,22822edd-5932-40c9-8d1a-0fa99635cd0d,2024-04-24 18:32:00,7610d689-246f-467d-8d80-991c4eef401a,500,30,530
8cf8feed-72eb-4de5-84d9-1e8f925b8d39,b33388b4-e129-491e-bcb5-2936b41c9e74,2024-04-24 07:25:00,7610d689-246f-467d-8d80-991c4eef401a,700,42,742
66d5dbf2-e694-4fc7-9485-5239739fb822,e3591c6f-a528-4df8-bbaa-8c969c574113,2024-04-24 12:17:00,7610d689-246f-467d-8d80-991c4eef401a,700,42,742
ee8f3b2e-a8f8-46c7-bdda-67f3b10dd2ff,8c244f6b-7f16-4409-b513-237f6c53e7f0,2024-04-24 17:08:00,7610d689-246f-467d-8d80-991c4eef401a,600,36,636
92291a62-6ec5-42ed-94d7-b7a7cca9109f,25bf9611-3c9a-425d-8d25-eb3ca453e365,2024-04-24 07:11:00,7610d689-246f-467d-8d80-991c4eef401a,500,30,530
69916019-d2b9-4134-a622-babf2f46ad68,eadecf6d-7e61-47f3-a9e1-92d5865305e0,2024-04-24 14:26:00,7610d689-246f-467d-8d80-991c4eef401a,400,24,424
ca86ed10-fbdf-4ad7-b8fe-831d6402b53b,f7f95a28-6e03-43ef-b3bd-87deb2cd1c39,2024-04-24 12:56:00,7610d689-246f-467d-8d80-991c4eef401a,2000,120,2120
d776e209-2eac-46b4-b8c5-e7ad78d19b97,deef47c5-0b09-452c-97a3-88e756de53fb,2024-04-24 12:08:00,7610d689-246f-467d-8d80-991c4eef401a,400,24,424
f274ce8a-f062-4ef6-a4a1-97ded5ab276f,3be0e2aa-b690-4a2f-a42a-323d392a2e56,2024-04-24 08:16:00,7610d689-246f-467d-8d80-991c4eef401a,400,24,424
55647c00-8f7d-4edb-b000-beab0db5b3e6,eaf1ce75-babd-4767-adc4-c84916d44ea9,2024-04-24 08:04:00,7610d689-246f-467d-8d80-991c4eef401a,500,30,530
3a6110fc-f4f3-4f42-9b1a-dd404a67819b,799aa08f-1e79-4a82-bf2f-b6f16ac78452,2024-04-24 18:31:00,7610d689-246f-467d-8d80-991c4eef401a,400,24,424
8001fb78-5462-467d-95b4-0d3885638c33,8ed958e2-d38f-4836-a244-19f7f1ac0ab9,2024-04-24 13:39:00,7610d689-246f-467d-8d80-991c4eef401a,1900,113,2013
b9ee844c-24cb-47d9-8970-6c5038d6960d,7a631e31-0f36-480d-9d91-b4f11b6b3531,2024-04-24 13:17:00,7610d689-246f-467d-8d80-991c4eef401a,1400,84,1484
a20a938d-2d02-45b5-8315-faa826fe22c4,a511fe7a-129e-4a12-977c-655bc6f729cf,2024-04-24 07:05:00,7610d689-246f-467d-8d80-991c4eef401a,700,42,742
a9583d6b-08cb-4b7e-9b66-5259eb21aba4,cb35d391-3f6e-4b75-9150-0d9b47d1a9fb,2024-04-24 12:21:00,7610d689-246f-467d-8d80-991c4eef401a,500,30,530
3269345b-9fa9-44f4-90e6-50bb0d72861b,71bd1014-f18c-4f9e-9f6e-a744c212f185,2024-04-24 15:41:00,7610d689-246f-467d-8d80-991c4eef401a,1800,108,1908
ba23b2cb-f638-4e17-afdc-f64b7b401ffb,271669e0-565e-4dd1-8b33-5e785cdcb331,2024-04-24 08:30:00,7610d689-246f-467d-8d80-991c4eef401a,400,24,424
fc906d91-8150-45ae-b1f9-bf2935a32ada,f0f2ae48-dc46-46e7-84ab-80d7a170ba83,2024-04-24 07:00:00,7610d689-246f-467d-8d80-991c4eef401a,1300,78,1378
92ad48cf-b7c3-494c-b4fa-d689c1cd5379,3a4bfb82-86e6-493d-a5c5-7f5f15da46b2,2024-04-24 18:58:00,7610d689-246f-467d-8d80-991c4eef401a,1600,96,1696
1e2ee549-119b-48f7-bc11-f3c9766d8429,1ce75bf8-af62-46ae-9ec1-bea716d67cd0,2024-04-24 08:02:00,7610d689-246f-467d-8d80-991c4eef401a,400,24,424
deda60a7-c97a-4ac8-8943-2fd2f8175dba,9d86b78b-c5a3-4c47-afde-b6f079c7571f,2024-04-24 08:57:00,7610d689-246f-467d-8d80-991c4eef401a,500,30,530
bbb20182-3841-4913-8ae9-cde9ae91bc56,5d0fd1a2-46fb-4f0c-87fd-e8ed66d5d4f1,2024-04-24 19:18:00,7610d689-246f-467d-8d80-991c4eef401a,1300,78,1378
757271d4-b10c-4139-bbe5-893dc6f3610c,d6395bce-5b79-4dbe-b156-3fd6e59f0e76,2024-04-24 13:39:00,7610d689-246f-467d-8d80-991c4eef401a,600,36,636
222dbb1d-c289-4d29-bfae-1909d53c356f,83c2a0a0-ef47-41c3-8130-f4c4bfada767,2024-04-24 07:24:00,7610d689-246f-467d-8d80-991c4eef401a,700,42,742
234fad4e-302e-4848-ad24-b47f73ab8192,a5789ae7-87e8-4e02-a0f5-ed465d5b9332,2024-04-24 18:33:00,7610d689-246f-467d-8d80-991c4eef401a,700,42,742
632a978c-7d37-4a00-af31-52062692f485,3cfdfe82-8d38-458a-9cc0-377ce8640d82,2024-04-24 18:27:00,7610d689-246f-467d-8d80-991c4eef401a,2200,131,2331
5757502b-ab86-40b9-9929-439fdd0a8c1d,201c75dc-d0d2-49d0-8a57-a674c91be28c,2024-04-24 08:12:00,7610d689-246f-467d-8d80-991c4eef401a,700,42,742
54f6610d-b302-4291-9a0b-e13cb5f5be4a,b7810a3b-3aa5-4ebb-9d33-273cfc9007c2,2024-04-24 15:57:00,7610d689-246f-467d-8d80-991c4eef401a,1600,96,1696
fde58bf1-4f83-48ea-9074-734106e81b9f,66419994-ccb4-4a5e-8104-430d9f05b787,2024-04-24 12:24:00,7610d689-246f-467d-8d80-991c4eef401a,500,30,530
da3de189-c0cc-4895-b88f-2c3886190599,e59558e5-bf1d-4ab7-ab9f-192967a99993,2024-04-24 12:40:00,7610d689-246f-467d-8d80-991c4eef401a,500,30,530
4398fea4-a81b-479c-a76f-f974e6d513af,e90f9656-4dbb-43c9-b92e-183e7616d870,2024-04-24 13:53:00,7610d689-246f-467d-8d80-991c4eef401a,400,24,424
ac613a27-10c0-4748-81a0-e639f346265d,50a245b4-409d-40b4-859a-497ffa53d3b5,2024-04-24 08:28:00,7610d689-246f-467d-8d80-991c4eef401a,400,24,424
c0d601df-e02b-49ae-abab-7aab59699ca1,97d9be9c-5910-4341-9c34-db0a5d21792b,2024-04-24 07:27:00,7610d689-246f-467d-8d80-991c4eef401a,500,30,530
406452c5-fc0a-4c59-a50c-11ca3108a913,d853c060-bc2e-414d-8d42-8cd0fc37d411,2024-04-24 12:23:00,7610d689-246f-467d-8d80-991c4eef401a,600,36,636
4b6732c9-77d9-4e98-95ed-534ae0c3d14e,456fdbb1-8895-420f-8c28-844dbee62b72,2024-04-24 07:38:00,7610d689-246f-467d-8d80-991c4eef401a,600,36,636
e565a4de-e83c-40b1-9f0f-c59668913e0b,58ae6de0-40c0-4c65-8c85-52d2e83d9fee,2024-04-24 10:16:00,7610d689-246f-467d-8d80-991c4eef401a,2800,168,2968
19eaab24-099b-4389-882d-e1b69dca5e48,1a616871-cf07-4962-8005-fd25b7b631bd,2024-04-24 19:51:00,7610d689-246f-467d-8d80-991c4eef401a,1000,60,1060
d840210d-74e7-4464-bb8e-2d357e491c6e,535833dc-00da-4d3d-89a5-24d05500e1a0,2024-04-24 10:35:00,7610d689-246f-467d-8d80-991c4eef401a,500,30,530
c26b3e2b-8bb2-4cc5-9a4c-1536644d5ecc,d2c80c70-0626-4e92-9115-8ce300b3a153,2024-04-24 07:17:00,7610d689-246f-467d-8d80-991c4eef401a,400,24,424
68d5d301-619f-4af4-a393-86e8cf9fb667,87ab0db5-dea7-42ec-9f0c-2845b0311a5e,2024-04-24 08:37:00,7610d689-246f-467d-8d80-991c4eef401a,600,36,636
bbdb4a5c-877b-4b94-8b44-8d4fd4ffb046,151aad12-cc70-485f-b635-fd685c75209d,2024-04-24 15:56:00,7610d689-246f-467d-8d80-991c4eef401a,500,30,530
724f6076-e3ce-4c47-a845-2bd3d3553c3f,2b93a0e5-e89b-480f-9229-d927b0cb04d5,2024-04-24 07:36:00,7610d689-246f-467d-8d80-991c4eef401a,700,42,742
92805acf-c0cb-4e33-989d-45f3d3550031,5e25b7e9-263f-487e-ab81-22525d48e71b,2024-04-24 07:46:00,7610d689-246f-467d-8d80-991c4eef401a,600,36,636
3356579f-dc5b-4bb6-a4c8-b0760b20638f,665e2199-3e9c-44d4-ad37-fdaad66a174c,2024-04-24 09:03:00,7610d689-246f-467d-8d80-991c4eef401a,400,24,424
b01151c5-3104-4998-b132-9bbe5952882e,1c9cfb2c-1d6e-42ea-abd2-7970d24360ec,2024-04-24 07:45:00,7610d689-246f-467d-8d80-991c4eef401a,700,42,742
1aa6d749-ab2b-401e-9018-0e283069625a,a81521ff-21dd-4fea-8e3f-fe9c4a1dc1e8,2024-04-24 08:08:00,7610d689-246f-467d-8d80-991c4eef401a,400,24,424
4cc2e45d-931a-484d-b6ac-04d006f7d1d6,2c3b36b1-b188-488e-b426-1cb1ed10393a,2024-04-24 17:17:00,7610d689-246f-467d-8d80-991c4eef401a,1500,89,1589
f87bb410-9113-48b2-af89-aa599b9e31cf,48959ed8-08dd-4ef2-bffb-7a52f1416a29,2024-04-24 12:01:00,7610d689-246f-467d-8d80-991c4eef401a,600,36,636
b6a4606f-1502-4509-9463-6670ed5d626a,86440644-0c75-465f-bdeb-900d87ec40d4,2024-04-24 07:38:00,7610d689-246f-467d-8d80-991c4eef401a,400,24,424
685172dd-e973-4e4d-ae0c-cd1bc172248c,ab65ad9c-95b5-49a5-8338-0a5c83d5817f,2024-04-24 11:34:00,7610d689-246f-467d-8d80-991c4eef401a,700,42,742
3528aac2-e5af-4f90-8ee6-0bed49210265,3fccd325-23ce-47e6-a2e5-3f5b609113a9,2024-04-24 16:28:00,7610d689-246f-467d-8d80-991c4eef401a,1600,96,1696
7cdfff01-8cf0-43d4-9488-9ba1f87eda3a,a35a2470-78bd-43fe-aca9-e82d731daecc,2024-04-24 11:50:00,7610d689-246f-467d-8d80-991c4eef401a,400,24,424
1a14d9b0-bc70-4031-ae6d-aa3ce161af59,d3c6c1f1-8fad-4e3b-b090-1739abc57cf0,2024-04-24 08:35:00,7610d689-246f-467d-8d80-991c4eef401a,500,30,530
320d5f1a-95c2-4f5f-a2a6-470e100231c7,31705639-1dc7-450a-a954-9c9ab38822cf,2024-04-24 16:25:00,7610d689-246f-467d-8d80-991c4eef401a,600,36,636
59dac1e9-55dc-428f-b4f4-5df3736e523a,d60e7604-3b35-41cb-91c6-f220b3e8eb3d,2024-04-24 14:41:00,7610d689-246f-467d-8d80-991c4eef401a,500,30,530
1280480f-9edd-4640-9154-870616316e47,152e39ef-e32b-4140-8d4c-84e1f4efe4ab,2024-04-24 09:07:00,7610d689-246f-467d-8d80-991c4eef401a,500,30,530
99d65fa3-b2ad-4f94-bdc3-179062e5159c,16055520-2c72-4e4e-9f92-bac49b61437c,2024-04-24 07:49:00,7610d689-246f-467d-8d80-991c4eef401a,700,42,742
a3af0d0c-81cb-4ff0-8454-287e4bdaca79,a9a3224d-e299-4835-95d7-96b2ae764b03,2024-04-24 16:12:00,7610d689-246f-467d-8d80-991c4eef401a,400,24,424
27e2cc47-9178-48b4-a4cb-d25095a69122,d23ca980-dbeb-418a-b89b-bca1590263ee,2024-04-24 07:00:00,7610d689-246f-467d-8d80-991c4eef401a,500,30,530
ec9eb4ad-cc51-498b-a52a-229dc3295f51,ea8db837-54ac-4615-ab01-9e1d9f2d3ec1,2024-04-24 07:43:00,7610d689-246f-467d-8d80-991c4eef401a,700,42,742
3d08ad99-9b3f-48ee-8166-a20a9787a7ee,218ceda7-f404-433d-b810-fe322bfdf660,2024-04-24 11:20:00,7610d689-246f-467d-8d80-991c4eef401a,4000,240,4240
59eb3f55-808f-449a-94db-d472dc67445c,3e6e1b4a-51e9-407e-b8ab-ed1e11fd056f,2024-04-24 15:12:00,7610d689-246f-467d-8d80-991c4eef401a,700,42,742
c9beeb23-c059-4a5d-8164-73094d8abfcc,786e1981-a9d6-4f2b-9c24-a4d3dd7c7e17,2024-04-24 16:54:00,7610d689-246f-467d-8d80-991c4eef401a,1900,113,2013
69de9b7d-20f7-4762-b61b-e346862344c0,e59b4e1f-ba7c-401c-8106-d4745af1b66c,2024-04-24 15:10:00,7610d689-246f-467d-8d80-991c4eef401a,1800,108,1908
8c74c3a2-8e7c-4be8-9d00-8503a8042ee1,df3c2d1d-30e2-4371-9b43-3fd918f475bb,2024-04-24 08:17:00,7610d689-246f-467d-8d80-991c4eef401a,400,24,424
9f1850ec-7744-40b4-bc00-01dafb770b27,25026909-2ede-4661-871d-156396a83b6c,2024-04-24 07:58:00,7610d689-246f-467d-8d80-991c4eef401a,500,30,530
a76b6d6d-b527-449c-b833-895381a74cf8,b95564b0-779d-41ad-9da0-5f65a142d02c,2024-04-24 07:48:00,7610d689-246f-467d-8d80-991c4eef401a,400,24,424
88394e3e-5a4d-4ba5-b242-74b458bb0db3,3b549ccd-b818-46d6-bb5c-7b514dc724ff,2024-04-24 08:38:00,7610d689-246f-467d-8d80-991c4eef401a,400,24,424
554fb827-c3d9-414a-b1f2-7cabc4c60c0f,8cceb015-0ebd-4bfa-89b5-d5740ebf5eb4,2024-04-24 16:44:00,7610d689-246f-467d-8d80-991c4eef401a,600,36,636
15016688-e4c0-4091-94b0-a9d0aac2b42d,ba8a3b82-1b25-4eb0-bcd3-e172ca44a871,2024-04-24 17:46:00,7610d689-246f-467d-8d80-991c4eef401a,600,36,636
6adc914b-23f6-4852-9c4f-a8f415895ed4,19a5fabf-dfd8-444b-a759-fba1764e5bf1,2024-04-24 16:57:00,7610d689-246f-467d-8d80-991c4eef401a,1600,96,1696
2dcbf398-a7b9-4033-98c3-861696cc1370,33312611-32f7-45e9-a1ba-76224a4efaf1,2024-04-24 13:13:00,7610d689-246f-467d-8d80-991c4eef401a,2000,120,2120
42070c3d-8e35-4739-b260-ffdc2f927834,2df21d90-54d9-4bfc-9b00-12048e94bf7f,2024-04-24 07:57:00,7610d689-246f-467d-8d80-991c4eef401a,600,36,636
7f2236c7-49e0-4fc5-8529-506b2effad0f,61432b99-679b-4a15-8732-0fcb17a5ef7c,2024-04-24 07:49:00,7610d689-246f-467d-8d80-991c4eef401a,500,30,530
826bda90-04b7-438c-9a4a-b5b2ee7f9435,905454f7-790f-4855-9e6d-6506f375381a,2024-04-24 07:58:00,7610d689-246f-467d-8d80-991c4eef401a,600,36,636
c595bf2b-ee6a-4bb1-94c5-f61fd113e6ed,e44343af-786f-460f-afe9-276fafd4ab72,2024-04-24 11:06:00,7610d689-246f-467d-8d80-991c4eef401a,600,36,636
f75ef71e-c81c-40c5-a6ac-417f13bc9e2b,ec2d7fac-e43b-47bb-9667-8389825d6201,2024-04-24 16:12:00,7610d689-246f-467d-8d80-991c4eef401a,400,24,424
a2118611-481e-444e-ab9d-11fa85a397da,e5deefa3-49a9-41cf-9230-a2ac99a13b74,2024-04-24 19:48:00,7610d689-246f-467d-8d80-991c4eef401a,1700,102,1802
cbdc5265-625e-47ab-b76b-2192bcae7fb6,66eeda05-0d6d-490c-b2b3-a4184a6e593d,2024-04-24 10:37:00,7610d689-246f-467d-8d80-991c4eef401a,500,30,530
a8e98520-fd2d-41e0-b8e1-4d47f138f0de,1fe8a9e9-5e8e-41ed-8f2f-e16bb832f81e,2024-04-24 11:52:00,7610d689-246f-467d-8d80-991c4eef401a,1400,84,1484
cad511e5-0757-4c15-a4b6-d409c86a16af,b8e6d5cf-5320-400d-9a7a-d392e280ff9a,2024-04-24 09:06:00,7610d689-246f-467d-8d80-991c4eef401a,400,24,424
63ddb080-3d91-4d47-a740-fc67afbf4410,55a186ff-9bda-4b51-8717-546300299f58,2024-04-24 07:39:00,7610d689-246f-467d-8d80-991c4eef401a,600,36,636
b2e2c4e0-ef0f-4f9a-8748-00aff4defa9a,ee6d763d-1298-46e9-a102-98c548f91916,2024-04-24 17:30:00,7610d689-246f-467d-8d80-991c4eef401a,700,42,742
a36fe9aa-3560-48e4-bb6a-5530dd2ec397,3a3d9f52-a1f9-4640-a5ac-3565b6fc94d6,2024-04-24 13:04:00,7610d689-246f-467d-8d80-991c4eef401a,700,42,742
6ea71d26-43e3-40f3-8071-cdce5310bfbb,dfe2ecc4-6a89-42bf-809d-eb6d3b80f03c,2024-04-24 08:34:00,7610d689-246f-467d-8d80-991c4eef401a,700,42,742
4a84ce9c-a5a5-4a57-9619-1b9fa912cf4a,8f860c47-6ffb-400d-a5ea-1b3309f59667,2024-04-24 07:38:00,7610d689-246f-467d-8d80-991c4eef401a,500,30,530
a05609fe-9a5b-4c2b-81a3-51e93ea7ef2c,8e668625-bb53-48d3-8a35-337b6bfe0528,2024-04-24 08:03:00,7610d689-246f-467d-8d80-991c4eef401a,500,30,530
e7f15f25-a095-4fa5-8c47-99e53e29a8e4,8b985220-0522-4c7e-9086-b5e3ec1da5ad,2024-04-24 14:47:00,7610d689-246f-467d-8d80-991c4eef401a,500,30,530
c52afeb1-232b-4718-90b6-3f15b7167758,ff579c5a-cd8c-4e66-9fa5-5efd193c7c97,2024-04-24 13:44:00,7610d689-246f-467d-8d80-991c4eef401a,700,42,742
40e5a729-6b42-4a88-b5e1-6b275c2cc65a,c15f166b-5eea-4544-95ba-c06ab6bdfd54,2024-04-24 14:21:00,7610d689-246f-467d-8d80-991c4eef401a,400,24,424
4c659a67-c205-4ef7-b1e8-e24e82803b1b,4c0311a9-36a1-489e-b9a6-d0c6fbb216d0,2024-04-24 17:46:00,7610d689-246f-467d-8d80-991c4eef401a,2500,150,2650
2196b809-0172-4ef0-a314-64e04582c077,21b47c14-85e6-4345-8b75-fb865313023c,2024-04-24 08:16:00,7610d689-246f-467d-8d80-991c4eef401a,500,30,530
a009777f-888d-4265-b0b2-8eab09828354,de438868-012e-4090-a23f-435fe782ba8a,2024-04-24 07:39:00,7610d689-246f-467d-8d80-991c4eef401a,600,36,636
167b043b-f02a-40fe-9f22-61049c13a9e0,837e09f7-4460-4e4c-9dd1-15e51783c049,2024-04-24 07:25:00,7610d689-246f-467d-8d80-991c4eef401a,600,36,636
3c4c9ba0-86ea-44bb-8b3b-26ba8141b06a,76e0ad61-6f0a-4ff9-ac30-b153a4382299,2024-04-24 08:07:00,7610d689-246f-467d-8d80-991c4eef401a,400,24,424
a4a0564b-4ce2-4aff-85d3-9f1b1e41a88d,74f8b5d2-4353-4a1d-9d09-c4b033ed1e78,2024-04-24 07:43:00,7610d689-246f-467d-8d80-991c4eef401a,600,36,636
2d47c202-e32e-4d06-8ea2-781305c9f221,468be53a-0f82-4ec2-9400-cfb722feb061,2024-04-24 14:32:00,7610d689-246f-467d-8d80-991c4eef401a,1900,113,2013
78853c13-0911-405b-8c67-d4959c5ef860,472069b9-a61b-4488-b3d3-77fd6e057685,2024-04-24 07:25:00,7610d689-246f-467d-8d80-991c4eef401a,600,36,636
49a2ddf6-1c02-4980-ae95-59d7855674c3,c8ecfe04-79be-48af-8d12-9542ae15e266,2024-04-24 08:37:00,7610d689-246f-467d-8d80-991c4eef401a,700,42,742
977fff98-1b5f-4653-80ad-dc636e9bbd03,eb33fc86-6f35-4862-88ff-4bf1a6932bc9,2024-04-24 17:21:00,7610d689-246f-467d-8d80-991c4eef401a,500,30,530
b64a0906-5b1b-489b-b881-92137588d9ec,3537b7e3-6daa-487d-8d73-2d9adc9bbc2f,2024-04-24 15:52:00,7610d689-246f-467d-8d80-991c4eef401a,600,36,636
ba4cd1b9-c68d-4401-a7b4-5f8a22e262eb,02af6d80-129a-42e4-99b4-70b2f68dc3b9,2024-04-24 15:18:00,7610d689-246f-467d-8d80-991c4eef401a,500,30,530
ce206bf0-d7d3-48b0-bc5e-e8fdb42018ab,13e6eb04-6067-4f00-8ee7-5675fcc4f621,2024-04-24 15:37:00,7610d689-246f-467d-8d80-991c4eef401a,500,30,530
9a14a0e2-d483-4267-a433-873c4c2d600d,bd2ae4d9-0ea5-49e1-aea9-3370b4716c00,2024-04-24 13:25:00,7610d689-246f-467d-8d80-991c4eef401a,600,36,636
8d1cd8f1-d001-496a-adc4-6cbbd7c4a8ff,22f6747d-37ca-4921-ad9b-a28cfb59861f,2024-04-24 11:39:00,7610d689-246f-467d-8d80-991c4eef401a,600,36,636
91b41eab-bfda-46cd-b3d0-f95fbe187dee,42f1d1af-ac2e-42d7-80bc-e1dd04b9bce8,2024-04-24 08:25:00,7610d689-246f-467d-8d80-991c4eef401a,400,24,424
7ac97d22-7225-4e9e-b7ad-900d11bfc9fc,6784c527-d377-48d4-95b3-6d31959e6715,2024-04-24 15:27:00,7610d689-246f-467d-8d80-991c4eef401a,1900,113,2013
c1bb7d1a-7891-4509-8a0e-cce1ee881042,4f29c41c-067d-4f9a-9793-8bae170607bc,2024-04-24 14:04:00,7610d689-246f-467d-8d80-991c4eef401a,500,30,530
5c067faa-a342-4678-9855-ef92cc24ca01,027e3ca9-84de-4e85-8dfd-499df27dd3e9,2024-04-24 17:09:00,7610d689-246f-467d-8d80-991c4eef401a,1700,102,1802
9d3b77de-ce2f-42a7-9cb2-2b6a289e5439,9a14fd59-3f1b-40ec-ba02-2b2164bc44d7,2024-04-24 08:02:00,7610d689-246f-467d-8d80-991c4eef401a,700,42,742
a54e45b4-5466-4567-8194-6c29e9bdff5e,e7303bf2-a083-4293-a9f4-41ddd16e7e08,2024-04-24 15:19:00,7610d689-246f-467d-8d80-991c4eef401a,1000,60,1060
c64065e4-7c1d-425e-a5bc-9cb5af017a90,70a3269b-d4de-46e8-bedc-d856f333e088,2024-04-24 12:45:00,7610d689-246f-467d-8d80-991c4eef401a,400,24,424
ae525a24-3b8f-45d3-84fa-4130f8e3192e,4016b41b-6b04-4ecf-944a-2dec96832f6d,2024-04-24 08:24:00,7610d689-246f-467d-8d80-991c4eef401a,600,36,636
7dcb8396-9792-4559-a25b-f1aeb097f9fd,1691b5c0-20da-438a-8bc7-8f68cdfc6996,2024-04-24 13:55:00,7610d689-246f-467d-8d80-991c4eef401a,2100,126,2226
ece665ab-063c-491a-8d81-7c111e2e9d9c,9ec80e0e-eb2a-4cd5-8281-acd97008a40e,2024-04-24 16:37:00,7610d689-246f-467d-8d80-991c4eef401a,1000,60,1060
6d8177a8-4a30-4aaa-94ed-4b04920da468,34e09775-13ce-4c18-925a-12de247b46a2,2024-04-24 16:02:00,7610d689-246f-467d-8d80-991c4eef401a,500,30,530
e9bf0d94-3e6b-4f65-8e3c-5e006a10ae19,754c0e10-2d88-4a29-99f7-cf634206294c,2024-04-24 18:30:00,7610d689-246f-467d-8d80-991c4eef401a,1700,102,1802
44451f85-decb-4ac9-aec1-21a7bffab0d7,cca4d2f2-7b78-4400-800f-84e9491d330d,2024-04-24 09:55:00,7610d689-246f-467d-8d80-991c4eef401a,2900,174,3074
3d04dae5-be22-4c15-b394-ad331e15d311,20d3b881-e02c-4e1a-b985-58bf7d1becd5,2024-04-24 12:46:00,7610d689-246f-467d-8d80-991c4eef401a,1400,84,1484
2305148e-5b09-4ef2-9be6-c35d3b2697dd,7612fe7c-aedd-4547-aade-25b4911619c9,2024-04-24 12:44:00,7610d689-246f-467d-8d80-991c4eef401a,600,36,636
6088c331-42fa-4efd-8739-0d40ec41246e,d2a66d78-098a-4e8a-9de8-8f53f73a1a68,2024-04-24 10:58:00,7610d689-246f-467d-8d80-991c4eef401a,600,36,636
45af2da0-c078-4da3-9185-0e1a36c1518d,f4898a14-5fe5-48dc-b6bb-1f435392dede,2024-04-24 15:36:00,7610d689-246f-467d-8d80-991c4eef401a,500,30,530
2b1f4a60-b49c-4962-912e-41ac36446647,1995fe10-3ace-49c2-a034-9501692d2dd7,2024-04-24 12:45:00,7610d689-246f-467d-8d80-991c4eef401a,1100,65,1165
dced2e33-112f-454a-99c6-787a25099c1a,3293ca28-2970-404e-a298-f74c760d7810,2024-04-24 08:10:00,7610d689-246f-467d-8d80-991c4eef401a,400,24,424
d5bdeb89-0bbd-47f4-a121-4de7a86eff30,3029df46-1cef-45bc-9293-520cc8b0255e,2024-04-24 07:36:00,7610d689-246f-467d-8d80-991c4eef401a,600,36,636
86ed06c0-e6c9-426b-94f6-6ea11c8cd9c4,3981431e-68a6-4f25-8919-294206d4e783,2024-04-24 08:17:00,7610d689-246f-467d-8d80-991c4eef401a,600,36,636
1611d65d-b8d0-4074-8465-9b8f338894ea,25e6bad5-7ed0-46b3-b595-aa6cfe8d5e51,2024-04-24 17:46:00,7610d689-246f-467d-8d80-991c4eef401a,2100,126,2226
7b4d1292-0752-452e-85e9-98fea2808cf6,e8624338-c99b-4285-8018-073b5931f3d7,2024-04-24 17:36:00,7610d689-246f-467d-8d80-991c4eef401a,600,36,636
f9ffc52e-fe89-4f11-8a0f-517d23d04611,3bf43252-3e01-4d5b-afd5-8aa6abc59e89,2024-04-24 11:10:00,7610d689-246f-467d-8d80-991c4eef401a,2600,156,2756
08b0a711-0f90-4dc4-acda-6c33d0db4c2b,f8a9b9e5-b4c7-416f-acfd-3b5727417698,2024-04-24 08:36:00,7610d689-246f-467d-8d80-991c4eef401a,500,30,530
4ce77439-4954-48d6-9374-e1e235573181,33544b8a-3b0f-4d97-afaa-a5018e66ee32,2024-04-24 09:28:00,7610d689-246f-467d-8d80-991c4eef401a,1800,108,1908
1d06412a-db85-441c-828f-e22d524ecd0d,27b1e612-2cfe-43aa-bb58-c92646126951,2024-04-24 07:48:00,7610d689-246f-467d-8d80-991c4eef401a,700,42,742
9846025d-d60a-428b-94a1-06b22db3c810,3706d905-3e5a-4227-9c02-f96968365cef,2024-04-24 11:06:00,7610d689-246f-467d-8d80-991c4eef401a,400,24,424
9af5fb0c-411b-4920-9db0-6412c5f22922,b5184b09-3ae6-4520-bc09-912e7eec1e67,2024-04-24 16:49:00,7610d689-246f-467d-8d80-991c4eef401a,1500,89,1589
22df872a-a77f-4b89-a722-46eac469ef12,814c405f-ca8b-4bb0-865c-7c89447ff10a,2024-04-24 13:00:00,7610d689-246f-467d-8d80-991c4eef401a,1200,72,1272
fc98dab6-dde5-454e-8fdd-ba252474d600,800f49c1-d428-4f5a-bdd3-172f56da95b5,2024-04-24 07:57:00,7610d689-246f-467d-8d80-991c4eef401a,400,24,424
637836a2-4836-486e-a217-93b6af46daf0,5cc04c18-22fc-4740-a0eb-1525efaf23ad,2024-04-24 10:09:00,7610d689-246f-467d-8d80-991c4eef401a,2400,144,2544
c246fdac-2272-4fbf-9b81-12c5e3e89bc3,1995de61-30f6-4038-b73d-34f4948e764f,2024-04-24 14:17:00,7610d689-246f-467d-8d80-991c4eef401a,1800,108,1908
577adcea-2c82-4663-b7aa-8f683bf31429,1398234d-baf9-4fee-a245-8bf9b8ec1d4a,2024-04-24 08:52:00,7610d689-246f-467d-8d80-991c4eef401a,3800,227,4027
4bee739b-8d4e-4198-8135-2cf6fa4df5c5,25c97ef3-e3df-4437-81ea-031cf9228009,2024-04-24 13:16:00,7610d689-246f-467d-8d80-991c4eef401a,1000,60,1060
a792308a-dbb1-455f-8b59-eb19be00e7b8,23e45a32-b6fd-408a-ba27-924b1070c001,2024-04-24 08:08:00,7610d689-246f-467d-8d80-991c4eef401a,500,30,530
a39159f9-65b1-47a5-89b4-01325dd8ab08,26ab928d-c37b-47c3-8949-f5c62e9b8d76,2024-04-24 13:27:00,7610d689-246f-467d-8d80-991c4eef401a,1800,108,1908
f2e1ddde-42a5-4c78-8403-b4703b206c46,32c0dd94-681d-4183-8286-cf088864c11b,2024-04-24 16:51:00,7610d689-246f-467d-8d80-991c4eef401a,600,36,636
d91a7f17-387b-46e4-9282-770216d80db7,867d1a27-d73e-4645-a7c8-68a8cccc46d6,2024-04-24 12:58:00,7610d689-246f-467d-8d80-991c4eef401a,1800,108,1908
73880d1d-add1-441e-aee1-fdee6b7e0fb7,4ae668eb-6510-4e45-96be-bcea4185ecd2,2024-04-24 10:53:00,7610d689-246f-467d-8d80-991c4eef401a,500,30,530
c25d8bcc-c395-4d8e-b925-07dfc72278a2,f4918a53-6c53-4960-a683-610fd1d3cb26,2024-04-24 08:25:00,7610d689-246f-467d-8d80-991c4eef401a,400,24,424
f3ad09ca-978f-4d8b-b0a6-36c001df2738,c813f06d-10b8-4f22-a23f-d6901bb1c703,2024-04-24 16:20:00,7610d689-246f-467d-8d80-991c4eef401a,600,36,636
3835e909-3b86-45c7-a64d-ae574061478a,67b83532-c6ef-47a9-b708-6fec1ef804c2,2024-04-24 08:05:00,7610d689-246f-467d-8d80-991c4eef401a,600,36,636
5c916e72-5359-4f2d-a0dc-dc70077b82ff,471dd3e1-1cb3-4a37-bd75-154334a05a49,2024-04-24 08:01:00,7610d689-246f-467d-8d80-991c4eef401a,400,24,424
b753d95c-5e63-4446-aedd-50cc4b00ccad,946f1cde-d4d1-4fc4-9e42-a82375962636,2024-04-24 14:22:00,7610d689-246f-467d-8d80-991c4eef401a,600,36,636
f00e085e-9cff-49bf-89f8-61cde9a3e92a,2bf81bda-a1ca-4b73-be11-695b1539a339,2024-04-24 13:30:00,7610d689-246f-467d-8d80-991c4eef401a,1800,108,1908
fda7d2ae-77a6-4c3f-9cf7-44f35f219595,006ebf27-e836-4961-86f8-19a81bd60992,2024-04-24 13:14:00,7610d689-246f-467d-8d80-991c4eef401a,700,42,742
64474cce-21ba-4202-bd7c-a6bfa1f9c9e4,f612ad73-fdb5-410f-9383-ba51fdc92a8f,2024-04-24 14:20:00,7610d689-246f-467d-8d80-991c4eef401a,600,36,636
5cb0f49b-a54f-4987-aed4-4ea5b714e45a,c7b8e8b6-6299-45a6-a446-b172e533d17e,2024-04-24 07:53:00,7610d689-246f-467d-8d80-991c4eef401a,400,24,424
c5568514-123a-4939-9653-f2185792535f,b0899906-f211-4fe2-a0b9-71b5f9850f75,2024-04-24 07:00:00,7610d689-246f-467d-8d80-991c4eef401a,500,30,530
5063e634-7881-4355-8b68-9be5b75574af,5430ddd8-0061-4b17-8a7c-5754472bcf20,2024-04-24 16:32:00,7610d689-246f-467d-8d80-991c4eef401a,1800,108,1908
1d59124e-abc3-4f04-b196-4235bf560aa1,8b820ff8-72b5-4b9f-99d5-3c7ece118523,2024-04-24 15:53:00,7610d689-246f-467d-8d80-991c4eef401a,700,42,742
aa5511d0-7e92-4644-ab04-d1138dd8f40e,e9194bfe-47f4-429d-8a9c-67f9bf10476c,2024-04-24 13:21:00,7610d689-246f-467d-8d80-991c4eef401a,1100,65,1165
103b507b-ee56-4264-8c32-8fcdf501c166,4141f701-5633-42c2-b647-4b6fc428802f,2024-04-24 12:13:00,7610d689-246f-467d-8d80-991c4eef401a,2800,168,2968
5525916f-fd47-438f-a9eb-2ab0c66c3bd2,650550ef-4a36-40d5-9125-f24e9c9a7bab,2024-04-24 16:58:00,7610d689-246f-467d-8d80-991c4eef401a,500,30,530
7681c6e0-f1a7-4c2b-958d-56bfbb85fc70,37e73f82-c93a-4c41-ade6-e62f4a5b446a,2024-04-24 12:41:00,399dfec4-01ec-4e84-80b5-cb325d670571,1600,64,1664
6d4e734e-ce4b-4ea0-81bf-b44595a7c9db,11c514d0-814d-4379-aa5e-87eaaf3758af,2024-04-24 14:37:00,399dfec4-01ec-4e84-80b5-cb325d670571,600,24,624
6bfb61b3-5642-4c0b-8b6f-42c021efe998,c5ea4a48-b79a-41fb-8cfb-27cd606cf67c,2024-04-24 07:46:00,399dfec4-01ec-4e84-80b5-cb325d670571,700,28,728
3fc3c59d-d15e-42d9-b574-1aca08a4efbf,a8f18d60-8666-4c0f-a1db-c2866d583b8d,2024-04-24 08:51:00,399dfec4-01ec-4e84-80b5-cb325d670571,500,20,520
8d4b29a9-f28d-4212-9f8b-e4e118cc305c,7bcb8723-53df-4b44-9780-6f41535407ea,2024-04-24 08:05:00,399dfec4-01ec-4e84-80b5-cb325d670571,600,24,624
2f098dbc-8fc6-4b1a-a406-554a78ad5bbe,cec3488a-b584-4a3a-a0c8-8e8e9fe62005,2024-04-24 09:44:00,399dfec4-01ec-4e84-80b5-cb325d670571,2300,92,2392
86c4de1f-a68c-4619-9f08-32b3eef9bd3e,63133c36-0c0c-4819-8883-c8fe0f7bb97f,2024-04-24 19:20:00,399dfec4-01ec-4e84-80b5-cb325d670571,1600,64,1664
4dae3060-a0e1-48db-b1b8-adb23cdb765a,6245ed4d-3f95-4010-9309-114b1b627744,2024-04-24 08:39:00,399dfec4-01ec-4e84-80b5-cb325d670571,600,24,624
ad7349c6-80a9-4e8a-a85b-3304fb23752d,94b1db00-2098-4afd-b3b7-5eb8983cfc17,2024-04-24 07:43:00,399dfec4-01ec-4e84-80b5-cb325d670571,700,28,728
3a1f844f-797d-462f-8990-a5a2d0e07964,f87cf5f2-f133-432b-9698-d97df1d3ea32,2024-04-24 07:49:00,399dfec4-01ec-4e84-80b5-cb325d670571,600,24,624
b7d5d043-b9c6-4ee5-889e-5e885e82bd92,a4ecfbb7-9d6d-44b3-925d-7d29fdc993d8,2024-04-24 13:27:00,399dfec4-01ec-4e84-80b5-cb325d670571,700,28,728
7203e305-7d5a-4bda-b0da-0324903166e0,a0c23a52-fc6d-47ef-b1f6-058a0f3bdd78,2024-04-24 17:53:00,399dfec4-01ec-4e84-80b5-cb325d670571,2400,96,2496
591811bd-4080-43fd-bcb4-d9bbd2e679b2,2ca44b2d-a2dd-4f21-80a2-d1042637712e,2024-04-24 18:01:00,399dfec4-01ec-4e84-80b5-cb325d670571,1900,76,1976
8bcd1b10-0db2-4e8f-9488-d7b48df99133,506a6d87-28ad-4107-98f8-eee7ef436e29,2024-04-24 07:57:00,399dfec4-01ec-4e84-80b5-cb325d670571,700,28,728
89b369cc-a53f-49e8-abfe-3dddee35db12,42c5ea60-f682-47d9-b67c-f6f362147071,2024-04-24 07:48:00,399dfec4-01ec-4e84-80b5-cb325d670571,400,16,416
201da8b9-7e02-451e-afb2-9537a98ce673,16b63951-b5de-4976-b337-c7a164051684,2024-04-24 08:32:00,399dfec4-01ec-4e84-80b5-cb325d670571,600,24,624
6fd213c3-fcd9-429b-8e9e-561dab1b63f8,41aec400-dd32-4254-a52f-0d6fb2d03888,2024-04-24 13:33:00,399dfec4-01ec-4e84-80b5-cb325d670571,600,24,624
baa6027c-4fea-4007-b30e-db5fef7eb0d8,b6e01333-7454-4939-a5ce-c8bef3d60cc0,2024-04-24 08:07:00,399dfec4-01ec-4e84-80b5-cb325d670571,700,28,728
c84bd7bd-e8f0-441b-a462-d1497b840df9,6e83b42d-59ed-4466-b35a-d764e9c3cdfc,2024-04-24 08:22:00,399dfec4-01ec-4e84-80b5-cb325d670571,400,16,416
3e08e170-816f-4122-aa30-27df5e5ca204,e80559a4-b5da-4434-a7a4-813d513bfd83,2024-04-24 14:07:00,399dfec4-01ec-4e84-80b5-cb325d670571,1800,72,1872
5807fb02-a1ca-4c2c-a7fa-700fd39663d7,e11863c3-ddcb-49e4-bc43-1bb52335e977,2024-04-24 14:04:00,399dfec4-01ec-4e84-80b5-cb325d670571,600,24,624
4ed7bb90-6792-4816-9ebd-4a09ff2c3575,ddd6bc5c-169a-4f13-aa8d-eb8d78c99e03,2024-04-24 07:02:00,399dfec4-01ec-4e84-80b5-cb325d670571,600,24,624
07d8af09-75b7-4b8a-8857-84ba7a54fac0,4debb8bc-c00e-4117-8d9b-0bc00ffd8637,2024-04-24 16:05:00,399dfec4-01ec-4e84-80b5-cb325d670571,600,24,624
2e47e1b9-67db-4995-8470-50ed877db83a,f59319a4-b9b6-458a-aec7-f43d079c3a28,2024-04-24 14:08:00,399dfec4-01ec-4e84-80b5-cb325d670571,700,28,728
4d619de4-79fd-4723-b142-c13bbfce823d,87289d4c-37e9-4151-9045-4ba83f3b4c71,2024-04-24 14:02:00,399dfec4-01ec-4e84-80b5-cb325d670571,500,20,520
a4c4486a-6381-4f54-90d5-b969d379bbc7,d6af4950-fefc-44bb-8701-d252bd522f00,2024-04-24 08:23:00,399dfec4-01ec-4e84-80b5-cb325d670571,600,24,624
1075c209-687f-47d8-9141-79feb38d8b0b,bff5af40-a32d-4898-8a55-eb25f6d0b6ed,2024-04-24 16:26:00,399dfec4-01ec-4e84-80b5-cb325d670571,400,16,416
4b74a7a5-8e28-4caf-9c73-b810628876b3,50b9c414-f72b-43aa-b8b7-b6671518bd84,2024-04-24 13:40:00,399dfec4-01ec-4e84-80b5-cb325d670571,1100,44,1144
176f7735-d79d-4ffa-aad9-8bbc16077de8,e3f4b9eb-48b3-4b16-a2ad-8388c37cb821,2024-04-24 15:04:00,399dfec4-01ec-4e84-80b5-cb325d670571,1800,72,1872
a2dbaf70-499f-4b1b-81da-25951eaf0ce0,48401445-c4c0-4381-a5d3-b47ddffe4ef2,2024-04-24 11:50:00,399dfec4-01ec-4e84-80b5-cb325d670571,1200,48,1248
21ae5ed4-a9e7-446a-8051-e454197cfaa6,b1d2776c-dcae-4587-a995-f535c29a0ad8,2024-04-24 14:04:00,399dfec4-01ec-4e84-80b5-cb325d670571,1900,76,1976
56df6476-e0c9-41ab-8a3f-177141a7caa9,711044e1-8bdf-47ab-b9ab-3d108e5590d9,2024-04-24 13:43:00,399dfec4-01ec-4e84-80b5-cb325d670571,2600,104,2704
2af06baf-fd8b-47aa-8753-cfdd43b101ba,56d6314c-e71c-4755-a3c1-d6c428548b7a,2024-04-24 13:11:00,399dfec4-01ec-4e84-80b5-cb325d670571,1200,48,1248
47476958-6033-49ac-8192-bf9f53eb48f1,dcf50ba9-5b3e-448f-9529-f27c246d868a,2024-04-24 07:57:00,399dfec4-01ec-4e84-80b5-cb325d670571,600,24,624
3be12d60-0a9a-4ab7-bf52-d30d3f66bece,03098dcc-92b6-420b-b161-2027c6c298b7,2024-04-24 13:22:00,399dfec4-01ec-4e84-80b5-cb325d670571,1800,72,1872
16baeef8-7c0d-47cb-9302-e2aebb5934af,9d25ed88-d934-4a39-bff2-29dd981edc7b,2024-04-24 08:39:00,399dfec4-01ec-4e84-80b5-cb325d670571,600,24,624
bfe8bcab-c4a6-4765-b9a8-a251fb8dcef6,0b281af4-2be3-4d04-9ed7-bddd85812aad,2024-04-24 10:51:00,399dfec4-01ec-4e84-80b5-cb325d670571,600,24,624
2fcab197-1c9f-4d1b-a105-a588149f4ee3,1ab8f64c-68df-4705-82aa-f3e046eec9a1,2024-04-24 08:25:00,399dfec4-01ec-4e84-80b5-cb325d670571,600,24,624
7fdae139-7f95-4b79-889e-f99fb932422a,014d4968-8860-436c-9590-b3172aab71ab,2024-04-24 07:22:00,399dfec4-01ec-4e84-80b5-cb325d670571,600,24,624
ad080f21-5f0d-4f40-baa8-8f3453660c3e,50580cce-0003-489b-ac75-1e865cae783d,2024-04-24 13:42:00,399dfec4-01ec-4e84-80b5-cb325d670571,2600,104,2704
01e70937-353a-49a3-8b61-6c9f5ac4eade,b132d7fb-457b-400a-a86e-27a184517bc5,2024-04-24 11:56:00,399dfec4-01ec-4e84-80b5-cb325d670571,500,20,520
8917ec95-60e7-4ee7-bce9-d32f216168df,bc4c6cb7-8df0-4cf8-abec-003f7fd6b556,2024-04-24 18:04:00,399dfec4-01ec-4e84-80b5-cb325d670571,400,16,416
30cbf9b6-ecfc-4f5c-9440-5459549184ce,34fc2867-a0b6-422f-8041-10f81916b1fe,2024-04-24 07:39:00,399dfec4-01ec-4e84-80b5-cb325d670571,600,24,624
0694e92b-6578-48c7-a612-e66538897069,97c95c72-e129-4e60-b61c-603aee90014e,2024-04-24 16:45:00,399dfec4-01ec-4e84-80b5-cb325d670571,400,16,416
b04f789b-1765-422d-81da-065188c64029,76c48654-6fd5-4383-9917-f82ad4aea2d6,2024-04-24 08:16:00,399dfec4-01ec-4e84-80b5-cb325d670571,600,24,624
6d98eae1-424f-4b19-8f44-176491df3df0,aedc7b77-61c3-4a78-b198-3c2c85bdc558,2024-04-24 15:10:00,399dfec4-01ec-4e84-80b5-cb325d670571,600,24,624
c784ae45-f763-41a3-ad67-949c2a200f35,d2ce1916-ff3f-4dc8-8c68-6bd3cb205c68,2024-04-24 09:47:00,399dfec4-01ec-4e84-80b5-cb325d670571,600,24,624
28357983-646d-4ead-9b78-149f0bb848c8,dfbcbe7f-7ed6-424b-97f1-a5860ad72d65,2024-04-24 16:20:00,399dfec4-01ec-4e84-80b5-cb325d670571,1600,64,1664
aa229151-06bd-4f9e-8528-e196049bf75b,c28b2934-ee10-4572-b543-13b07030b674,2024-04-24 08:51:00,399dfec4-01ec-4e84-80b5-cb325d670571,500,20,520
b285b583-a447-4508-be79-a768a3b1c43b,bf7f88d3-f1c0-4522-88c4-82330c4449ec,2024-04-24 13:38:00,399dfec4-01ec-4e84-80b5-cb325d670571,400,16,416
bc14b7ae-c0ca-4570-a86f-f3cca688abd0,b0b82342-e156-448f-b2e6-660a34223ea6,2024-04-24 12:11:00,399dfec4-01ec-4e84-80b5-cb325d670571,2600,104,2704
f02dd360-79f8-403a-936b-1e24fc51a6fb,9e01e8aa-e852-4d14-a1bd-a7099859350b,2024-04-24 08:11:00,399dfec4-01ec-4e84-80b5-cb325d670571,500,20,520
1ac9b885-fbfc-4c8d-a2a5-c6c4c173a0c6,40287d26-4302-43df-a5fe-13be8f368808,2024-04-24 18:48:00,399dfec4-01ec-4e84-80b5-cb325d670571,2100,84,2184
f3dfaaa3-484a-4dc8-95df-cc1cfacfb338,0e8e5ba3-41fa-49ca-97f4-c447a239e83f,2024-04-24 09:21:00,399dfec4-01ec-4e84-80b5-cb325d670571,600,24,624
63e6212c-860c-4064-b76e-c1e7660322d6,64db26a0-c128-4fd8-8d9d-7d6e8dca816f,2024-04-24 08:30:00,399dfec4-01ec-4e84-80b5-cb325d670571,600,24,624
f3749f18-1014-42c9-a3dd-461e2bf1ca42,23c9d5aa-b7ac-43fe-9b34-95a885534f3f,2024-04-24 12:35:00,399dfec4-01ec-4e84-80b5-cb325d670571,400,16,416
7dcfd67d-fd7a-4f31-ab50-fa8fc501987b,53beee08-3f7a-41ad-9b8d-e9dde5890c21,2024-04-24 12:28:00,399dfec4-01ec-4e84-80b5-cb325d670571,2100,84,2184
f948b961-f433-4ed3-847e-b7f7c11431e6,acd3eb6d-6b79-4387-b568-bbae749f77a3,2024-04-24 07:59:00,399dfec4-01ec-4e84-80b5-cb325d670571,400,16,416
bcd69348-3783-4c3d-880d-a5ed96612c8f,ed4fcf59-fb75-4666-8d20-f06e2aba1167,2024-04-24 10:31:00,399dfec4-01ec-4e84-80b5-cb325d670571,2300,92,2392
ad717de4-e68b-4006-9518-964540854354,bc67e790-4d24-486d-807f-451f765d80cd,2024-04-24 08:45:00,399dfec4-01ec-4e84-80b5-cb325d670571,600,24,624
3d01add4-b9cc-48ad-9cbf-bf270ac7b3a1,dad7706f-c7f1-48d1-b917-5c159cfffb63,2024-04-24 08:11:00,399dfec4-01ec-4e84-80b5-cb325d670571,600,24,624
f1748b0f-afe8-41ce-a082-9236180ec30a,0a355498-5161-4e43-a119-739ad47fce7c,2024-04-24 07:34:00,399dfec4-01ec-4e84-80b5-cb325d670571,700,28,728
cdd7a12d-b2cd-42d5-b533-9493ed3b3ce2,e5c6f80d-f9e5-4adb-9e14-77344fadcb11,2024-04-24 08:12:00,399dfec4-01ec-4e84-80b5-cb325d670571,700,28,728
5ec48f61-020e-401a-affd-339a1aa751c9,411d51f6-44fc-4bb3-b070-d4a8ebc1648e,2024-04-24 11:26:00,399dfec4-01ec-4e84-80b5-cb325d670571,2400,96,2496
42973e7f-6f3f-47ef-99fc-5cd4b0be8ed4,cdcb2920-cc0f-45c8-a08d-f245414cc4d1,2024-04-24 17:07:00,399dfec4-01ec-4e84-80b5-cb325d670571,2000,80,2080
4c008375-7446-4701-9ee1-c74119632a4a,166c3999-d2fd-4356-8470-fbf1029cab0c,2024-04-24 17:00:00,399dfec4-01ec-4e84-80b5-cb325d670571,2100,84,2184
ed3cf3b0-4b69-4af1-b8f4-7289d1d46039,8d3da390-2ca0-4b6b-9ede-107ac967da0f,2024-04-24 07:15:00,399dfec4-01ec-4e84-80b5-cb325d670571,2200,88,2288
f66753a9-b9ed-4752-9aea-ba445a141104,1970761e-30b2-4231-b0c4-e598194512e9,2024-04-24 08:21:00,399dfec4-01ec-4e84-80b5-cb325d670571,600,24,624
4a377d75-1072-49e7-a438-b91aa4204920,05717c12-ddbb-4d36-a0d8-f248cae6a710,2024-04-24 17:32:00,399dfec4-01ec-4e84-80b5-cb325d670571,700,28,728
31efa2fb-c7e8-4f2d-8b12-1fb111c55950,3f44b8aa-7b06-4cbc-b5b8-62c759375abf,2024-04-24 07:40:00,399dfec4-01ec-4e84-80b5-cb325d670571,400,16,416
4d565e1b-b3ac-4a1c-991a-1e83fcad172b,e51c17e9-54d2-4d0d-951b-d2e942484e4a,2024-04-24 07:44:00,399dfec4-01ec-4e84-80b5-cb325d670571,600,24,624
e2154783-51f5-493c-b61a-202529a3b6ad,661e7769-737a-4fea-9b2b-61f6ad5f730e,2024-04-24 08:13:00,399dfec4-01ec-4e84-80b5-cb325d670571,500,20,520
a304c27f-e939-4af3-a061-2f2d2eea343c,52a20272-6bdc-4d6e-abb9-dabf740d6785,2024-04-24 17:12:00,399dfec4-01ec-4e84-80b5-cb325d670571,600,24,624
0de4fc7a-7a8a-4a5b-90eb-b3416ee18858,925b1e7a-db75-46f3-8233-e9a0d1cd3eea,2024-04-24 08:40:00,399dfec4-01ec-4e84-80b5-cb325d670571,700,28,728
189fc346-495f-4015-a0fb-2c75977c657b,a7b3a12d-695c-4f09-8f51-70f12068de94,2024-04-24 18:03:00,399dfec4-01ec-4e84-80b5-cb325d670571,700,28,728
75764b16-8320-4fc2-b574-e98a1ba5ee8b,60314e03-083b-4c10-8481-e96147ef36b6,2024-04-24 07:35:00,399dfec4-01ec-4e84-80b5-cb325d670571,600,24,624
033b2576-7a3f-46ba-82d5-e4c7e6861456,1e9b8783-1cf3-480c-ade5-2c44cee664c3,2024-04-24 16:54:00,399dfec4-01ec-4e84-80b5-cb325d670571,1700,68,1768
5a432c8f-86e2-4303-adf8-07dc9d88df74,0632018d-13b0-4b17-8c09-2355784aa5aa,2024-04-24 07:02:00,399dfec4-01ec-4e84-80b5-cb325d670571,600,24,624
eeafc9b0-0f6b-479b-adec-536fd7859f51,86e5e6c3-4891-4fc4-8c11-9b25569b7cdf,2024-04-24 14:29:00,399dfec4-01ec-4e84-80b5-cb325d670571,1700,68,1768
266eddf8-ca30-49e4-90a1-4b8d75f77971,5de2ad61-7d0f-4bd1-976c-54232ea6a2e7,2024-04-24 07:08:00,399dfec4-01ec-4e84-80b5-cb325d670571,600,24,624
4a458e9a-7516-465c-8a81-ef75104a302d,fbc8d614-e3eb-4407-a764-2523025a5ec8,2024-04-24 14:10:00,399dfec4-01ec-4e84-80b5-cb325d670571,1200,48,1248
89b2be3d-9955-4ebb-8a1c-dcfbd65280dd,2d6bb117-9504-46a7-85f0-ec0842f450ba,2024-04-24 14:59:00,399dfec4-01ec-4e84-80b5-cb325d670571,600,24,624
f12ea65e-198d-4864-a769-da267f77991e,adb373d5-a395-4255-97af-7d0c6cc6b076,2024-04-24 07:22:00,399dfec4-01ec-4e84-80b5-cb325d670571,600,24,624
c9cffc43-68a8-4cd5-9961-f79057b3ad1a,af32d332-5348-4db7-b85e-10e8c869b09b,2024-04-24 12:37:00,399dfec4-01ec-4e84-80b5-cb325d670571,500,20,520
b2151b58-8e1e-46d6-b60f-fce703698f3b,ec49d138-10a8-4728-b374-f0787bc58520,2024-04-24 18:47:00,399dfec4-01ec-4e84-80b5-cb325d670571,1800,72,1872
28750b30-8a35-4116-a139-1c4ae1cd0e02,adb25cda-7b6a-40cf-b406-ad69754ee6b0,2024-04-24 08:02:00,399dfec4-01ec-4e84-80b5-cb325d670571,400,16,416
2d16d546-6e33-48d3-9568-1937519abcb0,21682723-7ae2-4cfd-93c9-4947abb44c13,2024-04-24 09:33:00,399dfec4-01ec-4e84-80b5-cb325d670571,2100,84,2184
7303f279-ac1a-4347-81a3-70c06d451f9a,5287ce91-88ed-4f3c-97ab-9e4b1a54601b,2024-04-24 14:07:00,399dfec4-01ec-4e84-80b5-cb325d670571,1700,68,1768
02b69d2c-9498-4a0d-b638-3c80c43adfd4,837b4aa0-c89e-4bd4-bb7b-eb47bb546bea,2024-04-24 12:12:00,399dfec4-01ec-4e84-80b5-cb325d670571,700,28,728
70255103-5c95-4554-8bcb-0cea995d6ae6,6d815359-11dd-495a-8d4a-2a0b66de8bbf,2024-04-24 12:29:00,399dfec4-01ec-4e84-80b5-cb325d670571,1200,48,1248
a4a38448-ef00-43a6-8abd-f27605475e78,0a1048f1-85cc-41f0-b631-2d395fc26b9a,2024-04-24 07:37:00,399dfec4-01ec-4e84-80b5-cb325d670571,700,28,728
9f81a4ed-3238-47ee-b3fc-4869a9264ae7,74273d94-cbf1-411a-8df0-35a4b85b0681,2024-04-24 13:35:00,399dfec4-01ec-4e84-80b5-cb325d670571,800,32,832
e9c78442-358f-4261-a3b6-aa9869cde8e8,60d3b546-cebe-4f0e-af9e-e06c841f0d7b,2024-04-24 12:51:00,399dfec4-01ec-4e84-80b5-cb325d670571,700,28,728
b58036b6-feb6-49ae-b50c-fd0810090781,56283449-e2f6-4698-8bc2-66b1eb74eb69,2024-04-24 18:54:00,399dfec4-01ec-4e84-80b5-cb325d670571,1800,72,1872
8217f43c-30a3-4946-a3d0-ac7a20b0f143,d367c7d7-7060-4d1d-b797-5d47b3ee4dab,2024-04-24 11:31:00,399dfec4-01ec-4e84-80b5-cb325d670571,700,28,728
1c5c51e2-38e4-41ec-9b0d-1c49eb6a311e,b46b4fb3-8cac-4fc1-b866-d8a3911e9ee6,2024-04-24 08:02:00,399dfec4-01ec-4e84-80b5-cb325d670571,400,16,416
d1ecfea3-c1a4-4000-9e61-91b9b26372f7,4fdc08de-573f-43d1-9124-2486a1325037,2024-04-24 14:54:00,399dfec4-01ec-4e84-80b5-cb325d670571,1300,52,1352
47555875-3251-4e6c-a660-2d67f3c9893b,6d4c7874-f396-4603-9f6b-243c1b2f5249,2024-04-24 07:30:00,399dfec4-01ec-4e84-80b5-cb325d670571,400,16,416
2bbc49ed-bf3d-494f-8042-c7fb8c2172be,1fd4af81-2e12-4ed4-8893-dd4eaee5ae1a,2024-04-24 11:32:00,399dfec4-01ec-4e84-80b5-cb325d670571,700,28,728
ca3a3193-0f4e-4316-9a1e-4b4548ac2da1,32feea46-a436-43d4-b088-7f86ddf34e8f,2024-04-24 17:54:00,399dfec4-01ec-4e84-80b5-cb325d670571,1800,72,1872
86c8f2f2-dadb-4dd7-9785-2ee6bc46b848,1c7c3326-d10b-4cb5-8266-0d9638b1303e,2024-04-24 08:16:00,399dfec4-01ec-4e84-80b5-cb325d670571,600,24,624
bac2e2ad-72f8-421f-9627-857b6d1ff688,47dabfd4-2050-4494-b080-1a34b1bc9616,2024-04-24 10:18:00,399dfec4-01ec-4e84-80b5-cb325d670571,500,20,520
5990ae3a-24a8-4433-918d-456649ce6dba,3750046f-1d16-4403-b390-b0daba002397,2024-04-24 07:32:00,399dfec4-01ec-4e84-80b5-cb325d670571,600,24,624
1f192e8b-8a6b-4736-b88f-d241f92c0afa,733c49b4-b2bb-4b79-8925-2f00ca5f792b,2024-04-24 16:11:00,399dfec4-01ec-4e84-80b5-cb325d670571,0,0,0
129b7aef-32ba-4b41-a76b-905be542ddf3,e0b213d9-1768-4dcd-bf89-bcd54ccf63c3,2024-04-24 13:24:00,399dfec4-01ec-4e84-80b5-cb325d670571,1200,48,1248
8d342a60-c84b-4143-8de8-3268cfd0fa8e,706032a5-7ec5-4263-9b19-a692736a7b4d,2024-04-24 15:12:00,399dfec4-01ec-4e84-80b5-cb325d670571,1500,60,1560
0cab5bbc-f58d-4ffa-a9ef-403379453022,53c74fc1-b133-42b2-a1e9-67c9bf047e1b,2024-04-24 08:04:00,399dfec4-01ec-4e84-80b5-cb325d670571,700,28,728
d934640f-ddcc-42c9-95e1-63d264493658,f4c58163-72ff-4bb0-bb23-a96e150c760b,2024-04-24 13:16:00,399dfec4-01ec-4e84-80b5-cb325d670571,600,24,624
07e50452-ed06-4050-9087-e98cdbb54ac4,d7d55d7a-adfa-4bca-aca3-e8d9cdef2bbb,2024-04-24 08:41:00,399dfec4-01ec-4e84-80b5-cb325d670571,400,16,416
e96b6545-7cf6-407f-ac49-fa9de1f57828,d9f1e50b-9f13-4b29-84b4-58bce0b318e9,2024-04-24 18:00:00,399dfec4-01ec-4e84-80b5-cb325d670571,1800,72,1872
7794ebbf-28e2-46b5-9b4a-2b9542b7340f,90a4b194-49ac-403f-bdf9-07ac020d3a39,2024-04-24 13:48:00,399dfec4-01ec-4e84-80b5-cb325d670571,2400,96,2496
34586c11-bb1b-49a1-bbd6-35e4ac0ddec9,ea90cf6c-55a0-4b3f-a71f-d545222e1f94,2024-04-24 07:40:00,399dfec4-01ec-4e84-80b5-cb325d670571,400,16,416
926cf4c4-632f-4c30-8c5b-7588cb403d2e,efbc7b36-a08a-4e2b-b07b-10ba647ee226,2024-04-24 15:30:00,399dfec4-01ec-4e84-80b5-cb325d670571,600,24,624
7c556cfd-a853-4577-accb-9430eb335a6c,441877dc-847f-4121-b39c-8455a7f0240e,2024-04-24 13:13:00,399dfec4-01ec-4e84-80b5-cb325d670571,2200,88,2288
510b256d-7cc8-43b5-aac1-8dec21f2b09a,ae7befdb-3eb2-46eb-be5d-57581dd6e1ce,2024-04-24 18:13:00,399dfec4-01ec-4e84-80b5-cb325d670571,500,20,520
1ddd29b6-80f3-4afe-9604-e2a615654549,9caba1bb-73eb-4a7f-a519-ad2cf648da6f,2024-04-24 08:29:00,399dfec4-01ec-4e84-80b5-cb325d670571,700,28,728
3ec8a143-5ece-405a-bba9-8022988045aa,cecb29ab-71b2-4db2-aa1c-82bbaacba8b2,2024-04-24 07:40:00,399dfec4-01ec-4e84-80b5-cb325d670571,600,24,624
ebbd6687-9634-4044-841e-2e2e233d81db,66c46797-fba8-4ed2-9d78-9f782204a10c,2024-04-24 14:00:00,399dfec4-01ec-4e84-80b5-cb325d670571,500,20,520
0a9d0059-efa2-485f-8274-1f703b62fffc,59f6cd93-9ddb-4491-92fb-415d9f73dc7d,2024-04-24 08:47:00,399dfec4-01ec-4e84-80b5-cb325d670571,600,24,624
8c1d177d-0014-4462-a649-6a6ff702ec51,df0ab0b8-fcfa-4c9e-8185-b51285182ccd,2024-04-24 07:11:00,399dfec4-01ec-4e84-80b5-cb325d670571,600,24,624
a06bcd90-a094-43fd-a4b0-be5002d3db48,2a7e56cc-6b2f-40a0-a61f-27bf37a61463,2024-04-24 08:29:00,399dfec4-01ec-4e84-80b5-cb325d670571,600,24,624
78e4814e-9b03-4f72-b6e7-dfaddaaf5d15,2cc18cd9-eca0-4f06-a2c9-5e6dc206500f,2024-04-24 14:32:00,399dfec4-01ec-4e84-80b5-cb325d670571,700,28,728
b2694d1b-0295-4d34-815c-ace00bd6f8b8,f6b29537-3df0-46dd-ac88-a11fc5036e04,2024-04-24 07:58:00,399dfec4-01ec-4e84-80b5-cb325d670571,400,16,416
85da5ef4-33d5-4414-a1ad-99b164b0e152,967a7022-3d32-4b50-b71a-bcf7644a97fc,2024-04-24 07:39:00,399dfec4-01ec-4e84-80b5-cb325d670571,400,16,416
0f92cf37-7cdd-4fb0-a0fc-1f85d99b59e8,9492ca1a-2489-42b2-b0c9-6adacca9b1c5,2024-04-24 17:18:00,399dfec4-01ec-4e84-80b5-cb325d670571,1900,76,1976
f8eae78f-5eaa-4d2b-9c38-0a891dadb399,860569f1-2232-4cd9-9978-262abc401880,2024-04-24 15:01:00,399dfec4-01ec-4e84-80b5-cb325d670571,600,24,624
f07c74da-58e6-442b-b613-10f7f9432940,446b3f9c-d290-4c3b-a93c-b329d64e2995,2024-04-24 10:06:00,399dfec4-01ec-4e84-80b5-cb325d670571,600,24,624
f2642e2b-a4f3-4e27-94cf-f4e4dc0c01d8,54c06357-05bb-48e5-9b6a-e20fed5ec1e8,2024-04-24 08:05:00,399dfec4-01ec-4e84-80b5-cb325d670571,600,24,624
aeae60c8-03c3-4048-a5fb-a7c7dc101397,55517e0f-2b21-41dc-8065-d5e01b41691d,2024-04-24 09:56:00,399dfec4-01ec-4e84-80b5-cb325d670571,600,24,624
cd080f96-e80c-47c6-a0fb-cf57d60236d9,296f6a4c-2b3f-476b-854b-0d2c759eca2b,2024-04-24 08:22:00,399dfec4-01ec-4e84-80b5-cb325d670571,700,28,728
596fe4e2-a044-4fce-82f0-9ae35a34d434,deb78c99-39dc-4bc6-945d-b40d9b610cc8,2024-04-24 13:08:00,399dfec4-01ec-4e84-80b5-cb325d670571,700,28,728
58dd7faf-4e6a-440c-8f82-1b494a3a8575,22fca930-291f-4c23-a67f-13d00786a2cf,2024-04-24 07:35:00,399dfec4-01ec-4e84-80b5-cb325d670571,400,16,416
58f64d0e-1d03-47b8-b425-6304e32aeca8,9515927d-5691-4b7b-a235-dffd1b58ebd2,2024-04-24 08:39:00,399dfec4-01ec-4e84-80b5-cb325d670571,400,16,416
ee035591-20a0-4cf0-a2a9-92d8f581ac96,b6b02872-b0cd-4e89-abfb-465489960cd6,2024-04-24 07:43:00,399dfec4-01ec-4e84-80b5-cb325d670571,700,28,728
f5aa9e38-d5a8-4b2c-96d3-8b7f93bf7f01,8b1d2bc3-ebe1-425b-903a-e41320247b12,2024-04-24 08:37:00,399dfec4-01ec-4e84-80b5-cb325d670571,500,20,520
35e31e93-7a36-468b-b11c-5047c63db555,9e56e04d-0188-40ad-af1a-57ca2a3831b1,2024-04-24 08:30:00,399dfec4-01ec-4e84-80b5-cb325d670571,700,28,728
230c12df-f262-49f4-b651-930395efef8c,4ba928b5-ed2b-40d8-9d0e-6832ecd0bfc5,2024-04-24 13:39:00,399dfec4-01ec-4e84-80b5-cb325d670571,1700,68,1768
3f39df8b-b8e0-4209-87a4-d36cc75f20a0,aa148367-0783-4df7-86ab-187e074f6b1e,2024-04-24 11:42:00,399dfec4-01ec-4e84-80b5-cb325d670571,1400,56,1456
026a8984-6a27-418a-9f0e-0bccc40e4a7a,8642eec3-2ef9-4242-8bd3-867d12ebf55f,2024-04-24 16:30:00,399dfec4-01ec-4e84-80b5-cb325d670571,500,20,520
d71450b9-4a34-4f40-bfed-ae384ab3c2ea,07ff8e56-5871-42fd-8bdd-0fb60a37b543,2024-04-24 15:48:00,399dfec4-01ec-4e84-80b5-cb325d670571,700,28,728
1586e3f6-6e82-428f-8c31-bae56cb25dce,dae88525-0ebd-4798-b37f-dc8ee311646a,2024-04-24 16:56:00,399dfec4-01ec-4e84-80b5-cb325d670571,600,24,624
0f198e44-5dfb-4cbb-b849-bf01202cbf8e,8c84dcd6-b688-4626-9015-e867dc2f3b84,2024-04-24 10:53:00,399dfec4-01ec-4e84-80b5-cb325d670571,700,28,728
39f3ba01-f36d-4ab7-9163-60126d31947e,04118228-dc07-47b3-aa7d-8af1dd2612fc,2024-04-24 11:39:00,399dfec4-01ec-4e84-80b5-cb325d670571,700,28,728
7b7bae63-967e-4803-8b5c-e07b56a35589,3b038156-d454-4b44-b32d-706f0f2da264,2024-04-24 12:37:00,399dfec4-01ec-4e84-80b5-cb325d670571,600,24,624
9e306c0b-1508-4f8b-8982-bc77e2500240,affa333a-aadc-487a-8191-7eb17fc5d1a3,2024-04-24 18:39:00,399dfec4-01ec-4e84-80b5-cb325d670571,1600,64,1664
f2f81cbf-0550-4cad-8895-bc09fc42fa71,81f3d088-3350-4505-b96b-337f89915135,2024-04-24 10:10:00,399dfec4-01ec-4e84-80b5-cb325d670571,600,24,624
ebf57fb2-0947-4179-9fb5-becc33ad234e,2592a05c-b816-4d42-9094-6c4cc1233fb8,2024-04-24 13:11:00,399dfec4-01ec-4e84-80b5-cb325d670571,600,24,624
69b57f25-74bc-42fe-a49c-66b12e082867,792943df-db3f-4147-9a2e-52694cbb3f9f,2024-04-24 12:51:00,399dfec4-01ec-4e84-80b5-cb325d670571,500,20,520
d50cd269-aa55-41a5-8ba3-ccea71bf9d43,1d2bee3a-184a-4cb2-80b3-1dce38b22d22,2024-04-24 07:47:00,399dfec4-01ec-4e84-80b5-cb325d670571,400,16,416
5f5ca8e7-add5-48c0-ac23-3fd7ee2e2f69,0d254581-4e34-49a1-8bc2-6664080e7c63,2024-04-24 11:39:00,399dfec4-01ec-4e84-80b5-cb325d670571,600,24,624
d855161e-d540-42ec-80da-cee35cb19626,b531b498-2a6e-4860-986c-f8afddc6cdae,2024-04-24 12:15:00,399dfec4-01ec-4e84-80b5-cb325d670571,3900,156,4056
1bc44a20-a52b-447e-b5bf-a2be445359ca,bed25d79-2540-4845-bba9-bf545aa212d5,2024-04-24 08:08:00,399dfec4-01ec-4e84-80b5-cb325d670571,700,28,728
546baf70-43d9-4116-b105-546584bb0827,d48b8bc6-6b9c-4ea5-ba1f-178d499d6e3c,2024-04-24 07:40:00,399dfec4-01ec-4e84-80b5-cb325d670571,700,28,728
84bcdde9-9a5f-4fb2-972a-17589a070812,6f365f6f-1754-4a30-bcde-ebbb019f50cb,2024-04-24 17:02:00,399dfec4-01ec-4e84-80b5-cb325d670571,1900,76,1976
d0adb41e-caa6-47f5-b8d1-6f30195e7944,47202b7f-f02c-4fa7-bc76-f0a8a6c3c6f4,2024-04-24 14:39:00,399dfec4-01ec-4e84-80b5-cb325d670571,1800,72,1872
ae592b4c-8308-4e9a-b663-cfd5b94ff2de,dc9a9021-d724-497c-9335-ff3a0ee8506e,2024-04-24 11:25:00,399dfec4-01ec-4e84-80b5-cb325d670571,700,28,728
25794544-b265-40c9-8dee-5d58539dec38,1a397e98-a315-410a-a7b9-84e908831ab2,2024-04-24 13:39:00,399dfec4-01ec-4e84-80b5-cb325d670571,400,16,416
e8e1b3a5-52c9-4bf5-b72b-5d933b3750c3,c806e9ec-86a1-49ff-bccd-d1b29cb94e49,2024-04-24 14:22:00,399dfec4-01ec-4e84-80b5-cb325d670571,1000,40,1040
bcd85dbf-5082-4abd-8a37-dc9c2be233e3,41987941-1c75-4899-82ce-059f829fe6a7,2024-04-24 17:55:00,399dfec4-01ec-4e84-80b5-cb325d670571,1700,68,1768
65291da5-29cb-40ec-9fd0-7fcc28e8e193,42edd54e-81f6-441b-8544-03202ee1758b,2024-04-24 07:38:00,399dfec4-01ec-4e84-80b5-cb325d670571,600,24,624
3b6a0f4b-4fef-4b76-8d14-8b45cce94192,27d02c94-a3b6-42e8-9008-fa7ce7a0733b,2024-04-24 10:30:00,399dfec4-01ec-4e84-80b5-cb325d670571,1700,68,1768
ef9ea97d-71d1-45fc-80ac-3e8b50635799,31fb652a-56da-44e9-a049-706d14e65f47,2024-04-24 17:11:00,399dfec4-01ec-4e84-80b5-cb325d670571,1800,72,1872
4cd44ad2-665f-4340-8f3c-31317cd36df0,bd71fb03-b338-4c1f-a560-f9b491c9b18b,2024-04-24 13:12:00,399dfec4-01ec-4e84-80b5-cb325d670571,600,24,624
bfed7ddc-c250-4bc9-ae84-8810ede9d9d9,8eaa6afd-6912-40d4-89a5-25edd3277057,2024-04-24 07:50:00,399dfec4-01ec-4e84-80b5-cb325d670571,500,20,520
ea9a29c7-b2e0-463f-8347-5251eb104e56,047917ca-7ab2-453c-9301-f95121c3fe26,2024-04-24 14:03:00,399dfec4-01ec-4e84-80b5-cb325d670571,700,28,728
c0fbb8b5-bd62-42d0-bbf2-97f0691a4824,da1f4cec-6a00-4809-9474-e6f12290b50a,2024-04-24 07:55:00,399dfec4-01ec-4e84-80b5-cb325d670571,400,16,416
2e0334f3-c797-4b19-93fd-e729744b995f,b56a0893-d004-44c2-a04a-521e4c1e11b0,2024-04-24 16:09:00,399dfec4-01ec-4e84-80b5-cb325d670571,2400,96,2496
47d059d7-59ec-4dda-bb96-e6e3b37842a8,d2bca176-3811-48af-8634-7e79b1e71005,2024-04-24 07:58:00,399dfec4-01ec-4e84-80b5-cb325d670571,600,24,624
ba415957-8b62-47e5-b809-4fe63e125611,aa619249-0107-432a-b657-1cd8066c6cf1,2024-04-24 08:41:00,399dfec4-01ec-4e84-80b5-cb325d670571,600,24,624
bebd7b02-f0d6-4793-bb20-f09327fd4a75,8a30d95d-a13d-4ac7-94bd-492255495aa0,2024-04-24 08:52:00,399dfec4-01ec-4e84-80b5-cb325d670571,600,24,624
a054dd5c-1ba6-4c9a-81eb-6266feb28ad4,bca7ccae-c4ad-44f6-bac2-61812db72e3c,2024-04-24 16:53:00,399dfec4-01ec-4e84-80b5-cb325d670571,600,24,624
049ecacf-8e7e-4106-b619-74ebe6f83cef,32493412-a54d-44b7-be0f-be74f4848984,2024-04-24 12:19:00,399dfec4-01ec-4e84-80b5-cb325d670571,400,16,416
25ca2c2a-8681-4c9c-ad9f-c969db8690d3,c2122736-645f-4e2c-8798-f50a038cd3ac,2024-04-24 07:57:00,399dfec4-01ec-4e84-80b5-cb325d670571,700,28,728
003bbbfe-f0e1-4323-b276-59273c026adc,80ca21f8-93e5-495d-bb56-054227484bee,2024-04-24 07:29:00,399dfec4-01ec-4e84-80b5-cb325d670571,400,16,416
3d5160c0-e0f4-47fa-8161-ce1c3333f6e7,78786d33-bad0-48cc-beb9-8f5be69b253a,2024-04-24 08:20:00,399dfec4-01ec-4e84-80b5-cb325d670571,1200,48,1248
2bd6999e-b441-48b3-b0a3-55e8c5a3eb8e,c5eee5d1-adab-4f6c-b0f6-f734e29aaeb9,2024-04-24 14:35:00,399dfec4-01ec-4e84-80b5-cb325d670571,400,16,416
1b7ebbeb-897e-45f1-a3b6-c8d8d830b220,31bcc2b0-1949-4bf8-b3a1-bba8b307b63b,2024-04-24 10:55:00,399dfec4-01ec-4e84-80b5-cb325d670571,1600,64,1664
26eb2df7-536d-4684-8681-7b0c15e0e419,02d95fd6-1019-4486-b901-bb53f5b8a321,2024-04-24 07:43:00,399dfec4-01ec-4e84-80b5-cb325d670571,600,24,624
5d09e64b-6424-4029-abfa-601ff3a8bf2e,386340af-6088-4f1f-ae02-2c9b5354c3a8,2024-04-24 11:14:00,399dfec4-01ec-4e84-80b5-cb325d670571,2300,92,2392
4d4d1e6a-d14f-45bc-a9a2-3cace48b0831,f562c197-2120-4bc3-ad48-f86f3af31d93,2024-04-24 12:03:00,399dfec4-01ec-4e84-80b5-cb325d670571,700,28,728
e6f24c51-f145-4517-992d-e6c12564a602,4e2f586d-21cc-44d0-8ba0-0ab553f89593,2024-04-24 08:17:00,399dfec4-01ec-4e84-80b5-cb325d670571,600,24,624
a19cb0d8-e14d-482d-9d25-c2141589b945,1f318b87-a217-4382-9920-052ed8c34a02,2024-04-24 13:12:00,399dfec4-01ec-4e84-80b5-cb325d670571,400,16,416
04fec567-9043-495c-8a2c-a47eb6e2d842,8e38740b-b208-41d8-842e-1d3adbc0061f,2024-04-24 08:07:00,399dfec4-01ec-4e84-80b5-cb325d670571,2000,80,2080
ccdc98ea-cd09-4eed-8704-3f1aaf5d20fa,8ca41c27-cf82-46d7-a704-e9548ff9b94d,2024-04-24 10:57:00,399dfec4-01ec-4e84-80b5-cb325d670571,1100,44,1144
02c820f4-9cb6-4a03-be9f-6e425b76ec71,c1bf2415-c749-4874-b0ba-09b667d1e1c7,2024-04-24 16:20:00,399dfec4-01ec-4e84-80b5-cb325d670571,1500,60,1560
15a97fdc-b36e-4d85-b210-11accbb1460a,f9617f0b-4e19-49f8-a48b-8195da86f70c,2024-04-24 19:41:00,399dfec4-01ec-4e84-80b5-cb325d670571,2500,100,2600
e3d4f281-0217-4b5c-9544-db2e206d2a6b,a027cde1-ec2d-4458-847a-97019eb00598,2024-04-24 11:54:00,399dfec4-01ec-4e84-80b5-cb325d670571,0,0,0
46a63745-f27f-46a3-9131-fd4eab140ff4,35c48889-9128-49d3-8202-144e3434c195,2024-04-24 08:24:00,399dfec4-01ec-4e84-80b5-cb325d670571,600,24,624
cf52f8b6-6bef-4f31-bd8d-35869c4367a6,5a7695c2-a2b0-4fa9-b900-f13d94db2390,2024-04-24 12:48:00,399dfec4-01ec-4e84-80b5-cb325d670571,600,24,624
f81bb546-b52b-4daf-aa66-e1c9bf372433,66356bfc-72ef-4d2c-bc16-577d3a57383a,2024-04-24 11:13:00,399dfec4-01ec-4e84-80b5-cb325d670571,600,24,624
358b1ca6-b6f9-4750-90cd-4109145e302f,337caee2-578d-4ff8-8415-bdd171629624,2024-04-24 08:00:00,399dfec4-01ec-4e84-80b5-cb325d670571,500,20,520
85831549-4871-4693-9858-620b3f211d20,f5c4c3cb-5637-4cda-9b83-fd6d23e3269e,2024-04-24 17:08:00,399dfec4-01ec-4e84-80b5-cb325d670571,1500,60,1560
c41ec19e-3913-40fc-af28-48d1998d1c7b,df7ab85e-a71c-404b-a801-79763e8311d0,2024-04-24 08:23:00,399dfec4-01ec-4e84-80b5-cb325d670571,500,20,520
5f615a0a-857b-40f3-9817-38291cacf40a,56523397-5a78-44eb-8c6e-4f63400a088e,2024-04-24 07:45:00,399dfec4-01ec-4e84-80b5-cb325d670571,400,16,416
661e7f58-9231-4786-b11b-b60135ba8548,191e694f-4bc9-4786-b0b6-1198fbb81cf2,2024-04-24 11:46:00,399dfec4-01ec-4e84-80b5-cb325d670571,700,28,728
fbff0b13-a21a-4973-a74f-f467327e0346,3fd9454f-29e8-4ea8-8fba-538c0c968c03,2024-04-24 15:18:00,399dfec4-01ec-4e84-80b5-cb325d670571,1700,68,1768
8bd1651a-7c03-4302-9359-5f89594c9a75,b9892ed8-d7b1-4b54-8ca3-f2eff400a3a2,2024-04-24 07:17:00,399dfec4-01ec-4e84-80b5-cb325d670571,600,24,624
87b0388d-bc25-40a5-93e1-77fbea1961c8,10bc48fd-188c-4186-bd31-1e725010e285,2024-04-24 17:08:00,399dfec4-01ec-4e84-80b5-cb325d670571,1900,76,1976
5b765ba8-de6d-4ed2-90c6-2a58c72078b8,629f5d40-70a3-46cc-aa4e-e07f822098ad,2024-04-24 08:18:00,399dfec4-01ec-4e84-80b5-cb325d670571,600,24,624
aaf13bb0-7e35-4348-9075-0db1d540c90d,94fa38c4-08f6-410a-a684-f73ecb423350,2024-04-24 13:22:00,399dfec4-01ec-4e84-80b5-cb325d670571,2400,96,2496
21a7e4f2-baae-456c-baf8-73d2173ffd83,01ad5e63-5943-467e-a1d9-f9658ba260eb,2024-04-24 08:14:00,399dfec4-01ec-4e84-80b5-cb325d670571,500,20,520
f4a5b2c8-9123-4534-b9cf-bcff6c832042,74f04e64-1a60-443e-9276-1d86972df9ff,2024-04-24 16:46:00,399dfec4-01ec-4e84-80b5-cb325d670571,600,24,624
3ef972ba-8f66-42c0-bce6-7d7beb3559c3,3ba017e1-3de6-4cf0-986b-4e215573508b,2024-04-24 09:06:00,399dfec4-01ec-4e84-80b5-cb325d670571,400,16,416
a2f24338-36ce-4ad8-aa9f-f57d7a6dadd5,92463bef-cee2-41ce-be98-e21ffd7897bf,2024-04-24 09:39:00,399dfec4-01ec-4e84-80b5-cb325d670571,700,28,728
5245f810-881b-47c2-8206-8bea902248ee,d787287a-9b36-46ee-8c9a-3425302d81bc,2024-04-24 07:52:00,399dfec4-01ec-4e84-80b5-cb325d670571,600,24,624
87b707aa-ed2e-473b-88b6-cbf0f31e04f0,f8fa33a8-b390-4666-87a1-cebd987d2dee,2024-04-24 08:11:00,399dfec4-01ec-4e84-80b5-cb325d670571,400,16,416
0fb95ae6-8042-402d-ae47-113f0f42679d,fab0de85-1e9d-4a30-abed-e99da282f7a9,2024-04-24 09:39:00,399dfec4-01ec-4e84-80b5-cb325d670571,3800,152,3952
59237e5d-68cb-4f33-a85d-31797a3822e1,4820e533-6ef9-474a-93c4-7d85c2f425a1,2024-04-24 17:08:00,399dfec4-01ec-4e84-80b5-cb325d670571,600,24,624
056defbc-f804-4f09-a52d-c45715e93276,e1e9b8c7-d134-4c0b-bcaa-e9fe90851348,2024-04-24 12:20:00,399dfec4-01ec-4e84-80b5-cb325d670571,1800,72,1872
4f8d51ee-e9c8-44e3-ba58-701c293e6de9,e1ab4bba-e1ba-4de1-861e-8e60f782f0ae,2024-04-24 11:48:00,399dfec4-01ec-4e84-80b5-cb325d670571,800,32,832
88571022-e58d-4a13-b381-ed9ef668fd39,fe5970a8-ffd4-4560-8321-418435f93f1d,2024-04-24 08:23:00,399dfec4-01ec-4e84-80b5-cb325d670571,600,24,624
a7292610-492b-4ecb-afd0-814b853dac9e,fc10183f-d1a5-4d89-8215-35d052711ca7,2024-04-24 12:34:00,399dfec4-01ec-4e84-80b5-cb325d670571,2300,92,2392
8184f6f9-0af5-4ba8-a58b-276a61a1989d,175b56d1-f0a1-4312-80d4-933a026c0757,2024-04-24 08:32:00,399dfec4-01ec-4e84-80b5-cb325d670571,600,24,624
a051c2d8-d1bd-4375-be3f-1a323281db21,3717e873-e6ac-472e-a8d7-fcf18a19a352,2024-04-24 09:21:00,399dfec4-01ec-4e84-80b5-cb325d670571,1500,60,1560
df181458-c03f-472f-ad5d-6d4918567a65,4258d2e3-929f-4c61-9d8a-ecfbebf28309,2024-04-24 09:50:00,399dfec4-01ec-4e84-80b5-cb325d670571,700,28,728
515b389b-9d59-422c-83e7-4b68368df438,393e344b-01f0-4b0f-8532-6a69f5448868,2024-04-24 08:13:00,399dfec4-01ec-4e84-80b5-cb325d670571,600,24,624
7900fd32-b5b3-43bb-afa4-1d0d58aa58a7,88d6b3c9-5501-4dcc-8870-88d2b5a7d2b7,2024-04-24 07:49:00,399dfec4-01ec-4e84-80b5-cb325d670571,400,16,416
0018b7bf-2499-41dd-a78e-e128a21c9b8e,56ca389d-e4ed-4ef5-aad9-06921244e5fa,2024-04-24 14:29:00,399dfec4-01ec-4e84-80b5-cb325d670571,600,24,624
1b4ea629-1f18-477e-9177-c3e991f05c1a,c60b2684-3387-4c5b-9304-ce101427a10e,2024-04-24 08:23:00,399dfec4-01ec-4e84-80b5-cb325d670571,500,20,520
d02dfc0c-87ab-42a8-8da3-9733c9f92e51,190fbfa8-42b6-49cb-bfa2-1f3fa4d2b6c9,2024-04-24 13:27:00,399dfec4-01ec-4e84-80b5-cb325d670571,500,20,520
85c1f46f-4584-4152-9c29-26bc5ffcf404,6ebef4bf-63b8-4e88-a3ee-5371e37ad7d2,2024-04-24 13:28:00,399dfec4-01ec-4e84-80b5-cb325d670571,700,28,728
227df820-6d1a-45a7-b2c0-685e06f5f28e,d47ee806-33f9-40d8-82a9-6f70032affaf,2024-04-24 13:57:00,399dfec4-01ec-4e84-80b5-cb325d670571,700,28,728
323dfac6-531f-41fe-a5a0-4ee9d74910ae,49f333a5-ceed-47fa-bb47-d3312f0c3caf,2024-04-24 12:19:00,399dfec4-01ec-4e84-80b5-cb325d670571,3500,140,3640
c454cec8-831d-41d8-b514-598af0a1e826,5d3136b5-04d4-48ff-a1bb-e79686ef32d5,2024-04-24 09:43:00,399dfec4-01ec-4e84-80b5-cb325d670571,3700,148,3848
785b03c7-2084-4660-a997-7d1325d88f3c,551bc247-f456-46e6-a6fa-c584861be6c0,2024-04-24 18:55:00,399dfec4-01ec-4e84-80b5-cb325d670571,600,24,624
680c8980-689a-4566-adab-260407ecdf6b,49c762bb-3c37-4b70-89e7-915b46aea67e,2024-04-24 15:29:00,399dfec4-01ec-4e84-80b5-cb325d670571,400,16,416
1ac68463-de84-452f-a5b5-47c03beed3e2,82490db6-c9bd-4a9c-a119-f07fbf6a46b5,2024-04-24 07:45:00,399dfec4-01ec-4e84-80b5-cb325d670571,700,28,728
9ad13925-bca8-47a4-8bf3-cf41cb7fb0ab,6be14bf4-3d0e-4952-bf65-4c65a84d6317,2024-04-24 07:40:00,399dfec4-01ec-4e84-80b5-cb325d670571,600,24,624
0e596d8e-3dd1-4d67-a08f-bf8a90f4eb7f,58ad3080-6386-4389-b206-731a5696a3b1,2024-04-24 16:42:00,399dfec4-01ec-4e84-80b5-cb325d670571,2100,84,2184
8f7d4eb8-960f-497e-b6c8-890a72782809,638b7677-d131-4292-886e-bf9c8d6b99ba,2024-04-24 08:16:00,399dfec4-01ec-4e84-80b5-cb325d670571,600,24,624
96558b90-fbcc-465c-83b6-414ffc562fef,7f2bc1a6-5b0e-4be8-8a21-d5c3591749cb,2024-04-24 17:21:00,399dfec4-01ec-4e84-80b5-cb325d670571,1700,68,1768
c953355e-d23a-4e25-8c93-e17ee778745d,f256cbdd-6aa1-4b99-a1c6-9ab67f9c3223,2024-04-24 16:14:00,399dfec4-01ec-4e84-80b5-cb325d670571,1500,60,1560
58f6f48a-8602-40d6-9fcf-bc3cf790c187,9aadacf8-7794-44fd-a9d6-9841d4462262,2024-04-24 10:51:00,399dfec4-01ec-4e84-80b5-cb325d670571,500,20,520
d0d436fc-3dad-4faa-9190-b97fd2c4e0b5,3dfec5a1-2732-414d-82de-29395c432266,2024-04-24 07:37:00,399dfec4-01ec-4e84-80b5-cb325d670571,400,16,416
5fc703b3-430f-4887-8a4c-f5eac78d6c87,aedc9d0d-f54d-4c7a-8d16-6a64d34917c1,2024-04-24 14:15:00,399dfec4-01ec-4e84-80b5-cb325d670571,1700,68,1768
58e8b096-691c-4054-b94f-8c58c8183317,b741bbdf-2063-4577-a506-c8982e3a0323,2024-04-24 07:53:00,399dfec4-01ec-4e84-80b5-cb325d670571,600,24,624
dc019349-d48f-46bb-bc13-0ec57a148695,47102ecf-be37-4a37-adaa-b5ed933ebf2a,2024-04-24 11:44:00,399dfec4-01ec-4e84-80b5-cb325d670571,400,16,416
fcbada51-c76b-472a-805e-e22695641c66,47712520-fdeb-4483-bc9c-cbd3d715ddd0,2024-04-24 15:35:00,399dfec4-01ec-4e84-80b5-cb325d670571,500,20,520
12e5d945-7a59-4a55-8707-14e88a96094f,3e144863-036b-4f7e-8ab5-d3d4a50195f7,2024-04-24 13:06:00,399dfec4-01ec-4e84-80b5-cb325d670571,1000,40,1040
069e9a04-638e-49e0-a485-c706c2aeb32a,3c6cf4c6-49bc-4e6c-901f-ebf9af01ee6c,2024-04-24 12:20:00,399dfec4-01ec-4e84-80b5-cb325d670571,400,16,416
10ba7408-fc0a-4814-ae59-b76e12433b93,efd0fccf-5287-4ba1-83d3-390d49c76861,2024-04-24 11:33:00,399dfec4-01ec-4e84-80b5-cb325d670571,500,20,520
d58b5643-76a3-4f08-bd0f-9cb196c6b301,bb9d7ade-1359-411a-b0e7-e27c37588d1c,2024-04-24 07:34:00,399dfec4-01ec-4e84-80b5-cb325d670571,600,24,624
6b4de3ab-5c20-4fe2-b3c0-8d336f4c8a1e,4f61cbd1-9a7f-481c-9f5c-ceb21aa6e571,2024-04-24 10:06:00,399dfec4-01ec-4e84-80b5-cb325d670571,1800,72,1872
ad6732b6-8aec-4cdb-ad2f-1c1d35014669,269df0b9-75f1-4f95-b858-ab8527a08573,2024-04-24 16:45:00,399dfec4-01ec-4e84-80b5-cb325d670571,600,24,624
3d140119-298d-4b40-8a17-f002d2874f59,90c4aa98-bd75-46e4-b7ee-0d5e3c7d7e57,2024-04-24 17:26:00,399dfec4-01ec-4e84-80b5-cb325d670571,1000,40,1040
ae3d5d33-e79c-4d9f-8379-c014acd1e24e,419d1cd0-c9ee-4c57-9ce9-f01e6a0c4637,2024-04-24 07:53:00,399dfec4-01ec-4e84-80b5-cb325d670571,700,28,728
3825f1e9-129a-453f-a05e-3c419717e9d2,9385e880-136f-4853-bb94-87d293e455f9,2024-04-24 18:21:00,399dfec4-01ec-4e84-80b5-cb325d670571,1700,68,1768
86e3b138-7594-4807-8361-4cdfb1c8276d,094b3055-b2cc-40f4-beaa-4b479baede47,2024-04-24 15:15:00,399dfec4-01ec-4e84-80b5-cb325d670571,600,24,624
ef8ada3f-fbde-42f8-8e85-41bdc0509963,9350c210-10a7-4b2f-ba74-5f52c9f4319b,2024-04-24 08:49:00,399dfec4-01ec-4e84-80b5-cb325d670571,400,16,416
5cf1152b-0742-45d8-9d77-71e5fb039304,2e115436-fac0-48c1-8088-4a199e32aeb8,2024-04-24 08:02:00,399dfec4-01ec-4e84-80b5-cb325d670571,600,24,624
8b8aab59-4d3e-42a9-878a-e77f943f94db,0be01822-b3ad-436b-8a28-31a7c0cca801,2024-04-24 13:01:00,399dfec4-01ec-4e84-80b5-cb325d670571,1500,60,1560
8a04748b-9776-414c-8bb1-35befabad055,c0f66bfa-64b7-407a-bdba-c8e6d01367c8,2024-04-24 09:11:00,399dfec4-01ec-4e84-80b5-cb325d670571,500,20,520
e602bd13-7c48-42f7-a910-48c6804ed021,66c7df80-d945-468b-91db-2a2e7f5333f9,2024-04-24 12:04:00,399dfec4-01ec-4e84-80b5-cb325d670571,2400,96,2496
761caae0-3a39-4815-bd0a-d509c303b8ef,3a49ef30-840a-49cf-9af7-2950d5d6314b,2024-04-24 10:22:00,399dfec4-01ec-4e84-80b5-cb325d670571,400,16,416
610b0f2e-1907-4eec-b0ff-5f9747ecd58e,1cf7c15b-9c7e-4885-9240-b1459da8b9d3,2024-04-24 10:02:00,399dfec4-01ec-4e84-80b5-cb325d670571,700,28,728
5a53803d-7456-44d0-a28d-9f7d4136315c,60a8ecd6-8c8f-4548-a548-223aa3c4717f,2024-04-24 08:30:00,399dfec4-01ec-4e84-80b5-cb325d670571,500,20,520
f7bdd69e-1456-4988-9ba6-8e16728212ef,9f087b1a-7a86-434b-8ca0-08a841b45429,2024-04-24 07:10:00,399dfec4-01ec-4e84-80b5-cb325d670571,700,28,728
79159b84-6b96-48f1-a6b7-9586ce7693a7,b259e63d-c998-4f0c-ab7f-8d3a22fd7aa7,2024-04-24 13:18:00,399dfec4-01ec-4e84-80b5-cb325d670571,1800,72,1872
6a85fa57-04e0-4623-807d-56645cfc090f,d21877bf-b729-4e1d-bc29-a1f08b1cece4,2024-04-24 15:46:00,399dfec4-01ec-4e84-80b5-cb325d670571,400,16,416
0809f3c0-de0c-4e62-b4d4-14f760fdb463,d7be0311-c786-4146-a16e-26ffa7c8db08,2024-04-24 08:50:00,399dfec4-01ec-4e84-80b5-cb325d670571,2000,80,2080
296af687-cd7e-4be7-8121-5bb3f5a269e2,0cc755c0-0f54-4056-ae9a-18f3670a8c41,2024-04-24 17:13:00,399dfec4-01ec-4e84-80b5-cb325d670571,500,20,520
cd1151f1-26d9-43db-bfd4-530e2ae4caaa,733bc17a-6b25-4b2f-9d45-bfe808dc93c0,2024-04-24 13:02:00,399dfec4-01ec-4e84-80b5-cb325d670571,600,24,624
eb8c726d-107d-4309-bbec-53ef8e94339a,5df5dc39-24da-42e2-b37a-b4d4018ed856,2024-04-24 14:50:00,399dfec4-01ec-4e84-80b5-cb325d670571,900,36,936
be110feb-ce73-4c2f-b744-6d721b4e86c4,21b796ce-f7e3-447f-b2fc-b7ab9e3f0d85,2024-04-24 19:45:00,399dfec4-01ec-4e84-80b5-cb325d670571,400,16,416
cbb46b18-ab1e-4fb4-a59a-eea44a93032f,5e65c6d6-a81f-4cee-b034-51aa45e41b4e,2024-04-24 07:56:00,399dfec4-01ec-4e84-80b5-cb325d670571,400,16,416
1abff52d-f273-4fec-899d-d07f979fbbb9,b1cabaa2-6a94-4142-a4be-2bf09e3bb6b2,2024-04-24 11:44:00,399dfec4-01ec-4e84-80b5-cb325d670571,400,16,416
895baa91-dfd7-4e31-8b1f-6fcc46024fbd,e4c49a66-027e-4b84-b22c-e8d611b19dc2,2024-04-24 13:21:00,399dfec4-01ec-4e84-80b5-cb325d670571,400,16,416
ac3562ae-2482-45ea-875d-136d06f06e72,408711a0-3260-472a-86c1-07325f01dad7,2024-04-24 13:47:00,399dfec4-01ec-4e84-80b5-cb325d670571,400,16,416
ac8a4430-aabe-45d3-b635-6059b2f158b1,749e2083-d8e9-4bad-aa5b-548cf20a6c12,2024-04-24 09:26:00,399dfec4-01ec-4e84-80b5-cb325d670571,1000,40,1040
3689bbc1-6bb4-41ec-b7ec-8eac2b6fb6c5,6f03b818-c7d4-4b58-9d22-0b2e4f095638,2024-04-24 15:15:00,399dfec4-01ec-4e84-80b5-cb325d670571,2000,80,2080
8af5ae3e-247a-43ac-a4f8-afcce3cdeedf,18c151b5-773c-4339-a7b0-5088adfe0740,2024-04-24 15:19:00,399dfec4-01ec-4e84-80b5-cb325d670571,0,0,0
5eee6757-4b19-4f9d-a374-a2c80bad035d,06428c6a-1380-424a-b43e-4531141be890,2024-04-24 07:09:00,399dfec4-01ec-4e84-80b5-cb325d670571,500,20,520
f6e1f2c8-6ecd-44b6-aebf-2a1c3e22c671,347937b1-a1e4-465a-8806-694910b7f61d,2024-04-24 08:57:00,399dfec4-01ec-4e84-80b5-cb325d670571,700,28,728
95e20773-5efc-404c-b13e-1d9857b01280,32074f1f-acff-4079-893d-b5ad4572a8c4,2024-04-24 12:38:00,399dfec4-01ec-4e84-80b5-cb325d670571,1800,72,1872
ab2b87d0-89a2-482c-92a9-04257316e74f,81accf64-8081-482a-ba4f-b9ab41a42f91,2024-04-24 16:40:00,399dfec4-01ec-4e84-80b5-cb325d670571,1700,68,1768
c31db4fd-ad48-495d-a284-0098fc087af7,16b577c9-c1e2-4734-82e4-ca1c0c0fa7c3,2024-04-24 13:48:00,399dfec4-01ec-4e84-80b5-cb325d670571,600,24,624
7f302ad5-3bd2-4afe-ad57-7e71641d2776,372b862f-2875-4256-a3ad-90a3f9022324,2024-04-24 14:42:00,399dfec4-01ec-4e84-80b5-cb325d670571,2000,80,2080
99d99b85-3155-4dba-9ea2-a33582fe6ad9,bfc8a6f1-55b6-4f9b-b049-f0bc3483043f,2024-04-24 14:39:00,399dfec4-01ec-4e84-80b5-cb325d670571,500,20,520
409122f3-b938-4ca9-9501-59693717e48a,fa3865dd-9ba6-49bf-b39a-bfcfd61455ba,2024-04-24 12:18:00,399dfec4-01ec-4e84-80b5-cb325d670571,600,24,624
e5da8001-f04a-4322-a3c0-3bf6d6bef211,0c09e98e-c49b-4490-bccd-36d7bbf30674,2024-04-24 13:52:00,399dfec4-01ec-4e84-80b5-cb325d670571,0,0,0
8db8e8c0-b62f-44cd-92e7-0bf153678eae,0b7b056b-c902-4224-87b7-f0310af14cd2,2024-04-24 07:44:00,399dfec4-01ec-4e84-80b5-cb325d670571,500,20,520
cb28b20d-f063-4387-b6ee-f8b06f049376,49d45173-97fb-46fa-b7ab-351eade2898d,2024-04-24 07:48:00,399dfec4-01ec-4e84-80b5-cb325d670571,700,28,728
a197d46f-6d42-454f-a44c-93266104d326,7e04fe6b-5f22-46bc-b418-22d60ac811c0,2024-04-24 07:15:00,399dfec4-01ec-4e84-80b5-cb325d670571,400,16,416
be23ba89-447f-4e75-8383-030d909d6d4e,e86c5af2-7ab5-4de1-a956-c30109f40f15,2024-04-24 12:26:00,399dfec4-01ec-4e84-80b5-cb325d670571,700,28,728
dd1c101b-023f-468b-88e4-b1b433ba58c5,996a6380-67cd-421a-8260-817f6575b769,2024-04-24 08:49:00,399dfec4-01ec-4e84-80b5-cb325d670571,700,28,728
aed1b378-2257-4ca0-b904-5d532d49200b,d5fbd31a-52ec-4888-a8e9-72d82db651a8,2024-04-24 11:31:00,399dfec4-01ec-4e84-80b5-cb325d670571,500,20,520
befffaa4-55a2-447f-8845-d7960716e52b,17a63361-a6ba-41cb-b185-85eac2242369,2024-04-24 14:11:00,399dfec4-01ec-4e84-80b5-cb325d670571,400,16,416
13db1ce1-c4a4-441f-a941-71d66171edbb,b255511e-5860-44d3-9bc8-07434bb0377c,2024-04-24 07:38:00,399dfec4-01ec-4e84-80b5-cb325d670571,600,24,624
26f9fe08-7e57-45c8-9309-8a9a177734b2,a666a8c8-399f-42cc-9765-05db56159a3b,2024-04-24 11:43:00,399dfec4-01ec-4e84-80b5-cb325d670571,1200,48,1248
d26b76d4-8951-4866-80e2-a5f06640d94d,0b8d755b-5279-44f7-bac8-81c2738b1111,2024-04-24 07:46:00,399dfec4-01ec-4e84-80b5-cb325d670571,600,24,624
73ae9900-b144-418f-9f01-974020c71bc1,58ce6298-8492-452a-9f99-a55d99e454e4,2024-04-24 08:16:00,399dfec4-01ec-4e84-80b5-cb325d670571,700,28,728
3dceddf2-48da-4e53-8fab-efa1f08f838e,df13ac1c-3ad8-4ead-af33-b27d83bb34c0,2024-04-24 14:45:00,399dfec4-01ec-4e84-80b5-cb325d670571,400,16,416
443881dd-70ee-4ab3-b480-2aa3911b38b3,79119db4-69f9-449e-8ce8-a993232bd6f6,2024-04-24 09:59:00,399dfec4-01ec-4e84-80b5-cb325d670571,900,36,936
c8281d3b-4dbc-418c-9656-fc8535b731e6,b04d849b-94c4-43b6-86ed-cf26dbe24ee8,2024-04-24 07:56:00,399dfec4-01ec-4e84-80b5-cb325d670571,400,16,416
8ebb0b0a-a67d-4901-bb15-a433b9cc49f4,2ae61282-d749-4519-ba0e-6c7e550c7eab,2024-04-24 16:45:00,399dfec4-01ec-4e84-80b5-cb325d670571,400,16,416
bdf261af-4740-4399-bf30-1f49a5f0a09d,d663fbbf-6362-4dc0-9cff-3f3e00effccc,2024-04-24 15:23:00,399dfec4-01ec-4e84-80b5-cb325d670571,1600,64,1664
112e2816-412c-461d-854e-725095510ec7,6093872b-6ea0-43af-943c-43da73d77c8a,2024-04-24 17:18:00,399dfec4-01ec-4e84-80b5-cb325d670571,1700,68,1768
cad0dafb-28ef-4680-ab7d-0dfe4aab131f,e0bed291-1c5f-4aa1-aa2d-c171134f4e2a,2024-04-24 14:39:00,399dfec4-01ec-4e84-80b5-cb325d670571,1300,52,1352
be44ad44-ddbd-4c9a-9464-468b59ae6d13,3f69ef15-abbd-4131-9670-58313d4fd3d1,2024-04-24 13:53:00,399dfec4-01ec-4e84-80b5-cb325d670571,2000,80,2080
b28c700b-bf6f-4f5d-b7df-3e35ad9ab0b1,00fe0742-ca1a-462a-ab05-2297bc4cded9,2024-04-24 08:02:00,399dfec4-01ec-4e84-80b5-cb325d670571,500,20,520
73ff72e5-1c2d-4356-801a-ba9249685600,6c4f79c1-c913-4599-a82a-bc6283855909,2024-04-24 07:40:00,399dfec4-01ec-4e84-80b5-cb325d670571,600,24,624
70fe6acd-c4de-4a95-a2d2-0423763ba361,86e797b8-17cd-4741-b470-d0aa63b5de45,2024-04-24 09:14:00,399dfec4-01ec-4e84-80b5-cb325d670571,1700,68,1768
53af26d2-0048-4311-a055-b37753df6617,80305b45-2835-4e06-87ca-f95cf5004a8e,2024-04-24 15:35:00,399dfec4-01ec-4e84-80b5-cb325d670571,0,0,0
aac8487a-5e60-4a48-bd40-7f0de87bc25c,28c5e573-dbe9-49da-baa8-11eafd9e1473,2024-04-24 07:49:00,399dfec4-01ec-4e84-80b5-cb325d670571,700,28,728
d3eb1987-18d8-4690-b7ea-9947eb780487,87bfb92d-66c8-4568-ad61-e0ae0730e8d0,2024-04-24 08:28:00,399dfec4-01ec-4e84-80b5-cb325d670571,700,28,728
b22ba08a-fb38-43d3-b997-aad849278016,5252229c-8816-4cc0-9061-86b844313715,2024-04-24 07:26:00,399dfec4-01ec-4e84-80b5-cb325d670571,500,20,520
8722357e-6aa8-4803-b037-aa1e7500ac50,bf64fe32-6f45-493f-af8b-5a00b85148fc,2024-04-24 13:41:00,399dfec4-01ec-4e84-80b5-cb325d670571,2400,96,2496
72f57a95-172a-430e-852a-1fffaf21b336,c9b3df80-8e43-45a7-87e5-7c1202671a86,2024-04-24 07:48:00,399dfec4-01ec-4e84-80b5-cb325d670571,600,24,624
e4f6f208-ff89-4990-9e7a-ca075c4fd901,a17cdf1c-0c24-4309-8248-906a4e24c1ed,2024-04-24 08:51:00,399dfec4-01ec-4e84-80b5-cb325d670571,1800,72,1872
892e5612-e620-483d-8af2-214ec5fac418,16663c3b-6311-46f3-bed7-0bfc02d66eb5,2024-04-24 07:00:00,399dfec4-01ec-4e84-80b5-cb325d670571,400,16,416
aee785d8-d04c-4714-8f3e-2432f16ec26f,6de0fa39-0254-45be-b7c2-a0e59eead219,2024-04-24 08:27:00,399dfec4-01ec-4e84-80b5-cb325d670571,500,20,520
1130df69-2244-439d-af8d-d195a8afe4d4,d19ff309-72e3-4a8b-a6c5-26433433c175,2024-04-24 13:18:00,399dfec4-01ec-4e84-80b5-cb325d670571,1900,76,1976
15134cfd-a4df-4066-91c8-34154b9b7966,738675f7-5520-40c8-9a5c-cc66d9fd338c,2024-04-24 15:03:00,399dfec4-01ec-4e84-80b5-cb325d670571,600,24,624
faca7958-efa2-41d5-a6ce-d045e0bc6a6e,d24e9271-8085-46c5-93e2-744d394a96ce,2024-04-24 07:59:00,399dfec4-01ec-4e84-80b5-cb325d670571,700,28,728
23b80775-ea3d-46b2-b8c0-406601fc1678,80eb4e1f-be85-4e2d-901d-63851a086877,2024-04-24 07:36:00,399dfec4-01ec-4e84-80b5-cb325d670571,700,28,728
2448e6eb-ff4e-4ff9-9fdd-7261f60c034e,93137d6e-3e68-4f5e-81a4-716212bcb9a9,2024-04-24 07:09:00,399dfec4-01ec-4e84-80b5-cb325d670571,600,24,624
2f3d187d-bea1-4f21-8f3b-6952f72314dd,76c96bb4-46b4-420a-9014-633d4fa008ce,2024-04-24 09:58:00,399dfec4-01ec-4e84-80b5-cb325d670571,2300,92,2392
a1f18070-ab61-4de1-92d8-8b4fb6560f3d,38812f12-33f2-493c-860e-166ea6f08176,2024-04-24 07:48:00,399dfec4-01ec-4e84-80b5-cb325d670571,700,28,728
2d3f3037-6119-40f2-b8af-aa6c7c68cd79,6160656f-db8b-4a17-8c32-1b69f0546f58,2024-04-24 07:46:00,399dfec4-01ec-4e84-80b5-cb325d670571,500,20,520
1fbdfea5-9fc8-411a-86c4-74b9868976f6,8aa1534d-101a-4387-a192-eadb32347bf3,2024-04-24 18:34:00,399dfec4-01ec-4e84-80b5-cb325d670571,600,24,624
21e3cb35-59d5-4ac6-a3d1-8223f5e5bb9c,59cbf0dc-0b3a-4388-855e-5bd669cbf70f,2024-04-24 08:47:00,399dfec4-01ec-4e84-80b5-cb325d670571,700,28,728
3ef05b06-8738-4d8d-a7f0-de011a12236a,99790003-312c-4738-ac59-24de9dd5ca26,2024-04-24 16:09:00,399dfec4-01ec-4e84-80b5-cb325d670571,1700,68,1768
2570d082-1710-40b0-8164-5047095c5ca9,82a6aee8-f1af-4310-ab80-7b40a6812f97,2024-04-24 08:09:00,399dfec4-01ec-4e84-80b5-cb325d670571,600,24,624
04848097-1d8a-4e32-83ac-78d47ff00cca,b4795940-db8c-426d-86de-443d77d52769,2024-04-24 08:29:00,399dfec4-01ec-4e84-80b5-cb325d670571,600,24,624
3abade5c-171d-46f7-a6b2-540f04b67647,42a1f840-5dc9-4c3c-99ae-213221725a32,2024-04-24 18:05:00,399dfec4-01ec-4e84-80b5-cb325d670571,400,16,416
aff719ed-9272-4f70-aea3-09decb93c6bb,352967a1-2643-437f-9078-5cab0677d6c9,2024-04-24 12:38:00,399dfec4-01ec-4e84-80b5-cb325d670571,400,16,416
f0a97d5e-f513-42db-bc3a-0004021aac51,c0ae5287-fc4d-4f95-9812-fb904bd70178,2024-04-24 09:29:00,399dfec4-01ec-4e84-80b5-cb325d670571,500,20,520
6ca41774-9321-4e46-9efd-8189a37c00d7,7000f470-f20c-406f-a4ce-0a6b949b0978,2024-04-24 13:09:00,399dfec4-01ec-4e84-80b5-cb325d670571,400,16,416
eff50ca2-7773-4d10-b2da-c2a595861b42,a49b4bb7-ff65-4e64-a8f7-d0b69f4dee4a,2024-04-24 08:01:00,399dfec4-01ec-4e84-80b5-cb325d670571,600,24,624
48ec3fdd-f95d-4a5f-bf93-dd0d9bb5256f,cca74689-b99d-4a88-80cc-7e00df041465,2024-04-24 08:21:00,399dfec4-01ec-4e84-80b5-cb325d670571,600,24,624
619d0399-786c-43e6-8095-39caa40b77db,00f745c8-1adc-4d55-8ddf-95a61af4ad4f,2024-04-24 15:32:00,399dfec4-01ec-4e84-80b5-cb325d670571,600,24,624
358efd2f-0923-47f4-96bc-5812f347a15d,2a9f7a07-e7b2-4ca6-a1ae-7769638025f5,2024-04-24 08:10:00,399dfec4-01ec-4e84-80b5-cb325d670571,500,20,520
b906be0f-3071-4d5c-b05a-a6e28ea441bd,9ac47955-e8be-406d-b9db-02736e13e8f8,2024-04-24 19:03:00,399dfec4-01ec-4e84-80b5-cb325d670571,700,28,728
b27f02d0-4b0c-4f51-935d-6e68332491c4,38b6a9c4-770d-4115-b10f-b873e2e606a2,2024-04-24 16:34:00,399dfec4-01ec-4e84-80b5-cb325d670571,400,16,416
4a6cffd1-e21d-4b61-b73c-d3291abdacc6,13b0c9ce-53dc-4c0f-8f07-e25191ae7e9e,2024-04-24 12:40:00,399dfec4-01ec-4e84-80b5-cb325d670571,600,24,624
7f11f443-aa4d-4dee-8f94-8cf57329194f,06556da8-93e9-4079-85b9-c7da03ab6c4e,2024-04-24 14:39:00,399dfec4-01ec-4e84-80b5-cb325d670571,700,28,728
a9ae73fe-9516-4056-87c5-e7ef222da0e8,56e90f70-5a07-4dd8-bd80-329d6cd71beb,2024-04-24 07:55:00,399dfec4-01ec-4e84-80b5-cb325d670571,500,20,520
c2998089-069e-4f23-945f-55ccb8fa77d5,e7720da8-4896-4ddf-bef1-2ab577ebe12a,2024-04-24 07:17:00,399dfec4-01ec-4e84-80b5-cb325d670571,400,16,416
ff36dc9d-ca20-4cdc-bd18-50c4f86b0c0d,74c72c23-d7fa-4e25-a8f7-99c5a52ac47a,2024-04-24 17:54:00,399dfec4-01ec-4e84-80b5-cb325d670571,700,28,728
af9bbb4d-d7d6-4daa-b457-6425d336cc2c,79bd7f32-cd59-4ff4-8cdd-fc7c0d35a24c,2024-04-24 08:28:00,399dfec4-01ec-4e84-80b5-cb325d670571,400,16,416
f8e023c3-f505-4124-899a-2cd19b5d2a0d,6c567f96-afe7-4c61-9eb4-ae11aa33af50,2024-04-24 08:22:00,399dfec4-01ec-4e84-80b5-cb325d670571,500,20,520
a0beb7fc-c9e8-4d49-8478-c439d34da814,b6135829-98b1-474f-8e0f-c05749688ddc,2024-04-24 12:33:00,399dfec4-01ec-4e84-80b5-cb325d670571,700,28,728
8b986f2f-f55c-4027-800e-6d60de033080,b10b99c8-2ee9-49ec-b8fa-f2eeea94766b,2024-04-24 13:44:00,399dfec4-01ec-4e84-80b5-cb325d670571,1800,72,1872
2724f9dc-668f-4628-87b9-cf6ce25ede3b,a64e639a-0cc0-475b-a94e-d09fde41e930,2024-04-24 12:53:00,399dfec4-01ec-4e84-80b5-cb325d670571,600,24,624
96173641-324f-485c-9a3d-2023ea6cbe10,cfb91507-0769-4ef6-910f-493cf5dee61d,2024-04-24 08:12:00,399dfec4-01ec-4e84-80b5-cb325d670571,600,24,624
b67faf1d-e618-4d16-ad84-efad44486973,8087043b-2bf7-4128-b23b-491f8828ab94,2024-04-24 13:35:00,399dfec4-01ec-4e84-80b5-cb325d670571,700,28,728
d3f982d9-da35-4656-9aa6-3b594aeac102,d3d911e6-991f-4a1c-9323-12711d554974,2024-04-24 13:07:00,399dfec4-01ec-4e84-80b5-cb325d670571,600,24,624
333dda32-b760-4180-b645-52de890d9cbd,ff9dbf4b-f83a-47df-8149-1d007473c13b,2024-04-24 08:15:00,399dfec4-01ec-4e84-80b5-cb325d670571,400,16,416
c2072495-01f9-42ef-bfca-c36efd748f2c,fb23375e-1e99-452d-8cfb-5cf70072751a,2024-04-24 14:54:00,399dfec4-01ec-4e84-80b5-cb325d670571,600,24,624
ea0b50fb-6eba-4cd4-a5fe-ec766607dc4d,c49fc16b-3bf0-498a-b200-ab3b0a2d21fa,2024-04-24 07:51:00,399dfec4-01ec-4e84-80b5-cb325d670571,700,28,728
a34417d4-9caa-490c-b9c1-5eed0b38d99a,49c08f3b-71bd-4a05-b692-45763689821a,2024-04-24 19:28:00,399dfec4-01ec-4e84-80b5-cb325d670571,700,28,728
1f03da6b-8edc-4bc0-9468-9d3536a53418,485991f9-580a-4ca9-98c7-be55ed96ecb1,2024-04-24 10:45:00,399dfec4-01ec-4e84-80b5-cb325d670571,600,24,624
407ead06-5420-4aed-953b-2ba5efa597a1,6c531190-7a87-48c2-9340-eb99ffe43618,2024-04-24 07:42:00,399dfec4-01ec-4e84-80b5-cb325d670571,500,20,520
a82b60b6-faed-40b6-bdde-734afc034100,656d2889-01cd-40e9-9a0a-d7161f75bdbb,2024-04-24 08:00:00,399dfec4-01ec-4e84-80b5-cb325d670571,500,20,520
0e0b8a0e-1a83-4bef-81be-0d2c825c473e,d4b724c3-5b9f-4070-94f3-9a02569c6869,2024-04-24 15:56:00,399dfec4-01ec-4e84-80b5-cb325d670571,700,28,728
f2fb5382-3d00-4bb3-8354-492f2ecc024c,dc638163-fb06-4d37-a613-8803a234a3b2,2024-04-24 13:32:00,399dfec4-01ec-4e84-80b5-cb325d670571,500,20,520
38ddf483-2857-41f9-a40d-fc96533b2c81,f1db0d0d-94a9-4a4c-856c-121f927fa835,2024-04-24 10:07:00,399dfec4-01ec-4e84-80b5-cb325d670571,4000,160,4160
1f134904-f91d-478d-b9d4-938865600559,c39f246c-acfc-44c0-95ec-8dd224592299,2024-04-24 11:57:00,399dfec4-01ec-4e84-80b5-cb325d670571,600,24,624
b47f038f-2463-463f-b9a9-252febb7de6f,074494a3-c96d-425a-ac76-574c3bf0682b,2024-04-24 09:47:00,399dfec4-01ec-4e84-80b5-cb325d670571,700,28,728
e89039ce-12b4-4891-9f95-29ee9aefe716,2a83ed6b-202e-41b1-b554-b20f8f7a0eb1,2024-04-24 16:55:00,399dfec4-01ec-4e84-80b5-cb325d670571,400,16,416
3740a588-2e19-43a5-aede-8493959fcf1a,e0becf9b-a169-49bf-95e5-2c33b1622600,2024-04-24 13:50:00,399dfec4-01ec-4e84-80b5-cb325d670571,2300,92,2392
67c65441-1188-49ed-b8aa-e8c822b93069,930ba1e9-ab55-4962-8226-814b5cff5c6b,2024-04-24 13:04:00,399dfec4-01ec-4e84-80b5-cb325d670571,1900,76,1976
373139e3-82ae-43c9-aa06-bda86d1dbccd,1877ab43-5472-4035-85c2-57c9455532a7,2024-04-24 16:18:00,399dfec4-01ec-4e84-80b5-cb325d670571,2100,84,2184
093166bd-6ecc-4d9f-8bd6-94349a26db36,1af4b301-7794-4092-8944-de7a2c60bab9,2024-04-24 15:13:00,399dfec4-01ec-4e84-80b5-cb325d670571,600,24,624
682f45e7-8cd2-4e6c-abeb-0e4a8886227b,7a2aa575-93bb-4e07-b671-715ba4f6e845,2024-04-24 11:59:00,399dfec4-01ec-4e84-80b5-cb325d670571,1200,48,1248
4e63a790-0229-47d5-a8b8-c3bd996c3b9b,d7e41540-bff7-4ed0-a86b-5aee9f21788b,2024-04-24 12:54:00,399dfec4-01ec-4e84-80b5-cb325d670571,600,24,624
16dab4d9-d0d4-4f27-9b22-c36f55fc4139,18ced2bd-3551-425a-87e7-42722bffdd24,2024-04-24 11:58:00,399dfec4-01ec-4e84-80b5-cb325d670571,1900,76,1976
71efe5e5-e717-4c88-986f-5e5f0fd8821f,8262a4d4-998d-4133-8f19-2c4db179f4f0,2024-04-24 17:13:00,399dfec4-01ec-4e84-80b5-cb325d670571,1700,68,1768
d5472721-1fab-46a9-bba9-f813c4f5e16e,b3b324a4-15eb-41b7-9457-400de83b61ea,2024-04-24 15:10:00,399dfec4-01ec-4e84-80b5-cb325d670571,1800,72,1872
4716fe01-7e03-4433-a31c-a10243a6558f,a5a7baae-427a-4692-aef7-16eb13b37793,2024-04-24 07:33:00,399dfec4-01ec-4e84-80b5-cb325d670571,600,24,624
67b5a88c-3e52-4118-b0de-297b5bc32012,847aef98-7eed-484a-b834-f5777f38266f,2024-04-24 07:56:00,399dfec4-01ec-4e84-80b5-cb325d670571,700,28,728
64bd560c-c0b8-4544-879d-b8f7acf08eba,328478c8-5184-4102-8cc9-eb3e7b902389,2024-04-24 13:45:00,399dfec4-01ec-4e84-80b5-cb325d670571,600,24,624
0a64ab8f-213b-4cd1-acc4-297b4637aa26,9dc4f4a2-e0c9-4e0c-b425-2b1d1c88d3a5,2024-04-24 18:22:00,399dfec4-01ec-4e84-80b5-cb325d670571,600,24,624
66d6b949-b3d0-4d37-875d-c1b11c0c5642,86f6bfbd-28b9-468f-80a0-7b3bd1a9db57,2024-04-24 08:15:00,399dfec4-01ec-4e84-80b5-cb325d670571,600,24,624
96cc0ee7-c5e9-4722-82b6-5757deb592b7,bf08c871-984b-4bde-99ef-9b6558abd7af,2024-04-24 12:27:00,399dfec4-01ec-4e84-80b5-cb325d670571,1500,60,1560
3f5e3620-3ac0-46e9-ba6d-25267d179a04,fbaac559-7731-4dfe-8b40-bdd6f8010f67,2024-04-24 08:01:00,399dfec4-01ec-4e84-80b5-cb325d670571,400,16,416
d4d224ba-e7f6-4dcf-9162-8c8228be3b63,1c17c750-fcf1-4a07-b7f0-811f62d52895,2024-04-24 12:15:00,399dfec4-01ec-4e84-80b5-cb325d670571,1800,72,1872
ce698c6f-6860-4353-ba49-93ea61846aad,ce4f635a-840e-47e0-b57a-df0b63bbafa7,2024-04-24 08:31:00,399dfec4-01ec-4e84-80b5-cb325d670571,700,28,728
68097dad-060e-427f-b7c5-91aff6ae8bfc,a95ddb13-ef71-4cf0-a8a8-2ffaecaaf27b,2024-04-24 08:25:00,399dfec4-01ec-4e84-80b5-cb325d670571,500,20,520
e9e35b42-f4b8-4be5-9334-592cbf466ba1,22f8b600-cae0-4a84-b021-08740f324c10,2024-04-24 14:23:00,399dfec4-01ec-4e84-80b5-cb325d670571,2600,104,2704
e167a7a6-a5a4-4cfb-a377-68e20c5fe7c2,bf0f7de0-ac71-4613-a9a4-28aebf69681e,2024-04-24 11:51:00,399dfec4-01ec-4e84-80b5-cb325d670571,1800,72,1872
b757f7a6-1255-4eca-8593-8fa0c7cb6a87,2550c3a5-082c-4582-bf64-ed8cacf87cfc,2024-04-24 16:02:00,399dfec4-01ec-4e84-80b5-cb325d670571,600,24,624
3f3eab4b-be01-4408-bc97-7d7be34a8057,d9b86aa0-4730-466f-8322-2807ea1d50aa,2024-04-24 16:00:00,399dfec4-01ec-4e84-80b5-cb325d670571,1000,40,1040
a83657e1-45c5-49af-af01-695d3731a8d6,82d81521-fd8c-4073-87b6-9aa0a8e9f0b3,2024-04-24 17:10:00,399dfec4-01ec-4e84-80b5-cb325d670571,1900,76,1976
a8e02109-c281-4a1c-84d2-30924a06b3b1,13470635-526f-48e9-9715-e528e1e8dbde,2024-04-24 14:30:00,399dfec4-01ec-4e84-80b5-cb325d670571,600,24,624
d97ff9a5-a566-4838-8e82-0aec57327d9e,38a14cdb-c8f2-4746-a5f7-c8c5cc8c3c95,2024-04-24 14:13:00,399dfec4-01ec-4e84-80b5-cb325d670571,500,20,520
8f420fc6-a80e-4934-ac9d-46757a2173b6,e5194824-f51d-4687-9f60-72df2e41a7a5,2024-04-24 16:07:00,399dfec4-01ec-4e84-80b5-cb325d670571,500,20,520
ff0e617d-409b-4758-ad05-7c997798e0eb,63b5948f-6961-4db8-b621-892196f7a96e,2024-04-24 08:20:00,399dfec4-01ec-4e84-80b5-cb325d670571,700,28,728
198b10d0-13dd-49f0-94e2-0f6f1e7c0afa,6d12e477-f54e-429f-9e88-c7f7562792a9,2024-04-24 15:02:00,399dfec4-01ec-4e84-80b5-cb325d670571,2000,80,2080
1cd96dba-02fe-45c4-80dd-dec93536b725,73bf3e3c-44ec-45c9-b2cb-670618e256c2,2024-04-24 16:25:00,399dfec4-01ec-4e84-80b5-cb325d670571,600,24,624
29a4ea04-1bab-4846-bde9-7af3885c5dc9,6f5d60ad-9a43-4fcb-b497-014613bae8ea,2024-04-24 10:11:00,399dfec4-01ec-4e84-80b5-cb325d670571,1200,48,1248
53581422-a5d7-4a41-9d09-96367bc293cc,992b8e45-f532-4d7e-9b77-bd94fd451c79,2024-04-24 08:11:00,399dfec4-01ec-4e84-80b5-cb325d670571,600,24,624
35ed4383-13f8-4c30-83ba-11797fa2a117,2fcb4006-ca51-44cd-9d87-aa34d745ee90,2024-04-24 07:42:00,399dfec4-01ec-4e84-80b5-cb325d670571,700,28,728
091c330a-4866-454e-aaa7-3664568c6a8a,3a95336d-35a9-4b6a-81ac-84714ffa0ea4,2024-04-24 08:25:00,399dfec4-01ec-4e84-80b5-cb325d670571,500,20,520
4cf048bd-9dea-41cb-9d3f-faf18c1aede9,3dee0d2d-f11e-4e71-8336-86cb6a9445ad,2024-04-24 07:48:00,399dfec4-01ec-4e84-80b5-cb325d670571,600,24,624
63c15acc-9ac7-452d-b277-68a7c8f1b2ca,9ca91be3-bfcc-4623-9ef5-a4023693a589,2024-04-24 08:04:00,399dfec4-01ec-4e84-80b5-cb325d670571,500,20,520
69037fd1-dc55-4474-b1f0-0cd42bdb2dc4,e4f2d67a-5c47-4845-a945-4e923836a9bf,2024-04-24 13:09:00,399dfec4-01ec-4e84-80b5-cb325d670571,600,24,624
783dbee6-9bd3-4b4e-bfa1-721b6d8827cc,bbac9b57-854a-4f52-aec0-51184f9190c4,2024-04-24 11:58:00,399dfec4-01ec-4e84-80b5-cb325d670571,600,24,624
f9fe0251-2133-4df8-82f3-c15061b71220,c334810a-f8b3-4f0b-b7f5-feab68f07ae0,2024-04-24 08:01:00,399dfec4-01ec-4e84-80b5-cb325d670571,500,20,520
45fd4e01-28fb-484c-a16e-95ce94a14027,3d82151b-b0d4-4890-bb63-8f573d494f9d,2024-04-24 07:47:00,399dfec4-01ec-4e84-80b5-cb325d670571,500,20,520
51ac0d58-0222-4932-941e-21a10eb1cbb3,f711d079-46d9-4d69-8972-e92561b89b64,2024-04-24 10:33:00,399dfec4-01ec-4e84-80b5-cb325d670571,500,20,520
6a2c00c7-e224-43d3-90ea-65e1f912ddae,73fa8e0a-42b4-47dc-b0a1-f510a9d057d8,2024-04-24 18:42:00,399dfec4-01ec-4e84-80b5-cb325d670571,700,28,728
eb9c3543-8915-4564-bcc0-33406ab11015,2445d187-36c8-440f-a8db-1db27e08268e,2024-04-24 17:34:00,399dfec4-01ec-4e84-80b5-cb325d670571,600,24,624
0d585b7e-d0e8-495d-a8c0-2d34e2abffe1,899bbf23-4208-4aa2-9723-3f7559dfb891,2024-04-24 13:25:00,399dfec4-01ec-4e84-80b5-cb325d670571,700,28,728
83b9895b-0e66-48c0-89df-6d192cf02b1d,88d4b95f-8525-47ab-b76f-1a86bdcc7b2b,2024-04-24 07:49:00,399dfec4-01ec-4e84-80b5-cb325d670571,700,28,728
dc1486b2-d665-4b86-8a72-2dc59dc34585,bddd0699-14be-4bed-8a03-c3be1c8b86f4,2024-04-24 07:54:00,399dfec4-01ec-4e84-80b5-cb325d670571,600,24,624
acfaa82b-734b-427d-a380-2d36cbbfebef,ef550118-4d33-4419-9a7f-121c8400e9c6,2024-04-24 16:58:00,399dfec4-01ec-4e84-80b5-cb325d670571,600,24,624
fec70b3a-cf09-45bb-bed9-dd21b8a5ee0d,84cdb717-25d5-481f-b814-35cf768ecddb,2024-04-24 08:20:00,399dfec4-01ec-4e84-80b5-cb325d670571,500,20,520
e89073bb-8a94-4183-b8b6-9c34886f070d,572579ab-5e23-43fd-a1af-8753798c8659,2024-04-24 08:19:00,399dfec4-01ec-4e84-80b5-cb325d670571,700,28,728
25fed779-a542-46ea-b769-ff72dd4513b0,e55d222b-7102-42c7-bd28-c147a15b12c5,2024-04-24 08:01:00,399dfec4-01ec-4e84-80b5-cb325d670571,500,20,520
5c3f159c-9c41-490e-9320-057136c175d0,11dfb8fb-c6ad-44e6-b50b-f390d132d5b1,2024-04-24 10:20:00,399dfec4-01ec-4e84-80b5-cb325d670571,600,24,624
a9dfb447-7037-47f3-8b78-c69bd077ac92,48894cb2-296d-4112-88cb-99945e94b978,2024-04-24 07:37:00,399dfec4-01ec-4e84-80b5-cb325d670571,500,20,520
82f24ebe-a236-49bd-9540-53d12c086568,64e0d810-94a5-4c80-b63d-886f352ba2f2,2024-04-24 17:29:00,399dfec4-01ec-4e84-80b5-cb325d670571,400,16,416
92750c8a-8f53-4dfa-8dd9-6771e08a5a53,bc624e4d-32f3-4180-ac3a-86652cd1d6a8,2024-04-24 12:54:00,399dfec4-01ec-4e84-80b5-cb325d670571,500,20,520
47f21439-b38b-4e3f-ae28-20dac2491751,90dc9d88-5875-4bf3-b871-820449a026b2,2024-04-24 12:16:00,399dfec4-01ec-4e84-80b5-cb325d670571,400,16,416
96bde80b-6438-4764-a306-a1ef2475fc1a,6ae00ce0-276c-40e1-b26d-ee7c41d7a287,2024-04-24 07:16:00,399dfec4-01ec-4e84-80b5-cb325d670571,600,24,624
47821dad-4506-4a59-a60d-07767b44d1c1,a5dd7747-0bdc-407b-a80d-f266a9dcfdbe,2024-04-24 09:58:00,399dfec4-01ec-4e84-80b5-cb325d670571,1800,72,1872
5e656e86-6c91-4109-b8b4-584b4099fb7a,361ab65e-9df9-4140-87fb-724985468016,2024-04-24 12:21:00,399dfec4-01ec-4e84-80b5-cb325d670571,400,16,416
63cb536a-cbfb-4bbc-9e39-0dce94a0b060,33bc9426-832e-483d-a623-5760bf8fdf42,2024-04-24 07:07:00,399dfec4-01ec-4e84-80b5-cb325d670571,500,20,520
2919008d-9421-4537-9cde-f0f77a4f58c7,ce1fddc8-7087-4b9e-82c8-bc09e6384345,2024-04-24 19:34:00,399dfec4-01ec-4e84-80b5-cb325d670571,2100,84,2184
b14578ea-d024-46c0-8fc9-f7c583cb21d0,fb199cad-e920-4319-b1de-7da53844f1ed,2024-04-24 08:59:00,399dfec4-01ec-4e84-80b5-cb325d670571,500,20,520
7d812a18-c0d7-49ff-8ccf-b91f794f7231,cacf77ba-7e15-45a0-a3f4-87fdccd569c4,2024-04-24 08:48:00,399dfec4-01ec-4e84-80b5-cb325d670571,600,24,624
d810598f-e81a-4f6e-823e-68cd70b0c178,5a29452c-9230-4b56-9b2a-a1d20ab74781,2024-04-24 07:55:00,399dfec4-01ec-4e84-80b5-cb325d670571,600,24,624
a0aac358-9b0b-46f8-b652-0d4a1eea58cc,5c37d040-f5cd-46cf-8acc-43c886d34ad0,2024-04-24 08:05:00,399dfec4-01ec-4e84-80b5-cb325d670571,600,24,624
a3ab1920-a5b8-4407-81e6-ac08c366f52d,82d54037-4259-4dc0-986b-1035beb9e3f5,2024-04-24 14:45:00,399dfec4-01ec-4e84-80b5-cb325d670571,2200,88,2288
81f20546-0ada-4a82-a041-35cefe4a9749,7704c14b-191e-436e-814f-08b0fb28dcfc,2024-04-24 08:27:00,399dfec4-01ec-4e84-80b5-cb325d670571,600,24,624
ec5e153f-60e6-4fd3-8b28-1da18c5ae38f,01c86347-415c-4252-814c-a612527d8843,2024-04-24 08:50:00,399dfec4-01ec-4e84-80b5-cb325d670571,500,20,520
2e617054-bb9b-4644-97dd-257137ead63d,e82b5b62-7070-47bc-a992-278728911d81,2024-04-24 09:03:00,399dfec4-01ec-4e84-80b5-cb325d670571,600,24,624
07a94e59-f963-431e-b158-d58cae3c39ce,9cdc61b1-1932-43b4-a55e-1d3ec6fb8833,2024-04-24 13:51:00,399dfec4-01ec-4e84-80b5-cb325d670571,500,20,520
8328f6ab-f8e5-4180-bf3f-398ba285c554,9cdb2202-788c-4b47-b58d-609db081bb60,2024-04-24 08:04:00,399dfec4-01ec-4e84-80b5-cb325d670571,400,16,416
e928087d-7a53-4c6d-80e6-7ce3486470ec,593ac4f1-05ec-4f87-a03b-ab6371bbe59d,2024-04-24 15:34:00,399dfec4-01ec-4e84-80b5-cb325d670571,700,28,728
42cdcb35-fdc3-45f3-b68d-5b652f7983dc,2c15654f-379c-4848-a3e0-4562a56c4da7,2024-04-24 08:48:00,399dfec4-01ec-4e84-80b5-cb325d670571,600,24,624
99a6ed73-fb98-4c8d-9d82-84e9bdf18509,bcc834b4-d5a5-4283-ba01-2fbe27533479,2024-04-24 07:35:00,399dfec4-01ec-4e84-80b5-cb325d670571,600,24,624
6bcd89b0-0b21-4cd9-ade3-273af6f82d07,8b2d2cd5-c5eb-47f1-b3e3-41c7c00c5828,2024-04-24 13:02:00,399dfec4-01ec-4e84-80b5-cb325d670571,600,24,624
e3d46a7d-8265-4149-881c-1b9b3f37ced2,9b7b008c-1fa5-4375-8f86-1556b93c3043,2024-04-24 15:59:00,399dfec4-01ec-4e84-80b5-cb325d670571,600,24,624
1e28e170-007f-4385-aff8-2c3d8df99c03,dff2f0df-07b7-4c09-8812-8c4a7f83cd94,2024-04-24 08:05:00,399dfec4-01ec-4e84-80b5-cb325d670571,700,28,728
198c37d4-fa79-4d5d-95be-b4ec8f593ead,b0c002ee-eddd-4615-a3fc-b0700f7eafc2,2024-04-24 07:00:00,399dfec4-01ec-4e84-80b5-cb325d670571,700,28,728
9fde6074-9fca-43a0-ba7b-d60bb7aafa95,798267d5-be32-437a-8020-542e0498810a,2024-04-24 07:55:00,399dfec4-01ec-4e84-80b5-cb325d670571,500,20,520
97d100dd-bb1d-4b3c-8190-83020925a7c0,14205dcb-8a2d-42ca-9b45-ee05ebb00763,2024-04-24 14:19:00,399dfec4-01ec-4e84-80b5-cb325d670571,500,20,520
23f53da2-b122-412e-b5be-23f26fb3979d,49ccd473-0d76-45da-8360-02143cb40354,2024-04-24 07:56:00,399dfec4-01ec-4e84-80b5-cb325d670571,400,16,416
206929ef-28f5-4e5f-9e85-1739c20e09bf,6c1f593e-fa25-4522-92a1-002b2f6a6bc7,2024-04-24 18:11:00,399dfec4-01ec-4e84-80b5-cb325d670571,1700,68,1768
da2445c9-7081-44c7-b8b1-7ad1d430aa03,00530b16-28e8-4e45-82e0-ffe495b7ff89,2024-04-24 15:18:00,399dfec4-01ec-4e84-80b5-cb325d670571,1900,76,1976
9ec67c56-f337-439a-b159-a85ba7aeea77,da90d8e9-37d5-4f64-9642-bc11f542e117,2024-04-24 08:20:00,399dfec4-01ec-4e84-80b5-cb325d670571,500,20,520
2d31badf-901c-4935-a529-ef56c7dc4cba,0189068c-f3d3-4672-b98b-047d057a0fd5,2024-04-24 07:53:00,399dfec4-01ec-4e84-80b5-cb325d670571,400,16,416
e2a49e26-f1ae-4f4e-bcad-8adeab8f66a4,1bc1c9dc-b8d3-4560-97b7-febe15ab0506,2024-04-24 09:04:00,399dfec4-01ec-4e84-80b5-cb325d670571,600,24,624
f4a38da8-93c1-433c-971d-aacf56d7a73a,7a03ca1d-d911-4037-9f11-75d63cfad5e4,2024-04-24 07:42:00,399dfec4-01ec-4e84-80b5-cb325d670571,500,20,520
9349b10c-e738-454b-90c3-1617ac58c338,21b3fd59-4b01-4c9d-844b-6790ed39fddc,2024-04-24 07:48:00,2c7c0b40-21e5-4026-b405-3281a1c094fa,700,43,743
16ffa340-63ff-4277-9497-f427cb7b1512,5bc0eeb0-31d7-4611-bb9d-71498c761bcb,2024-04-24 12:47:00,2c7c0b40-21e5-4026-b405-3281a1c094fa,400,25,425
bd8b3ab2-9182-4c31-ae0c-1dc7b6c91389,b4742677-d25f-4cf6-af19-7c4a2d5751fd,2024-04-24 07:46:00,2c7c0b40-21e5-4026-b405-3281a1c094fa,600,37,637
c0c4563e-29f9-43b3-89e7-3d4dc380561f,fcef0a47-bbe9-4080-9a24-e276ddb4e0e7,2024-04-24 08:23:00,2c7c0b40-21e5-4026-b405-3281a1c094fa,500,31,531
b7161f99-5e86-4042-b895-2f6abc70828f,ed27966a-5ae2-4a05-8772-1cf818c9f87f,2024-04-24 09:34:00,2c7c0b40-21e5-4026-b405-3281a1c094fa,2200,137,2337
31b20f56-1724-45e7-856e-e5046c8a2ad3,f099b990-a8b3-492f-8974-61e3112a060e,2024-04-24 12:29:00,2c7c0b40-21e5-4026-b405-3281a1c094fa,1900,118,2018
03103ef4-dc1b-441c-8f68-65289a963348,5672d8ec-d299-4823-941e-e84d29a5aca6,2024-04-24 08:00:00,2c7c0b40-21e5-4026-b405-3281a1c094fa,700,43,743
f7a2b960-2c6b-4fe2-b35a-72a9726d935a,31d8ef80-b405-4d99-9a0b-e566200ab033,2024-04-24 07:21:00,2c7c0b40-21e5-4026-b405-3281a1c094fa,600,37,637
d62d4f56-e15c-429b-9840-414f73a952ee,cfc196da-1613-48e5-b649-e57a6a927c10,2024-04-24 08:30:00,2c7c0b40-21e5-4026-b405-3281a1c094fa,600,37,637
a488a2eb-c9f0-4c7d-9fac-be28176c2611,f19d8935-9c7f-478c-8a8c-d23218d6fc8b,2024-04-24 18:57:00,2c7c0b40-21e5-4026-b405-3281a1c094fa,1900,118,2018
5d26b94f-0fd5-4043-97f3-9321e753f535,47d48c6c-58d0-458b-b06f-963d2de8ac91,2024-04-24 16:26:00,2c7c0b40-21e5-4026-b405-3281a1c094fa,1200,75,1275
2ea93c18-2c8c-42a2-955e-3058a62c6d22,a26c5d51-ee15-486d-b326-9703275ab2ab,2024-04-24 08:18:00,2c7c0b40-21e5-4026-b405-3281a1c094fa,700,43,743
6ddc6195-8f93-491f-ba7e-068143e10406,784c9a3e-b023-4a14-87c3-cb46212c638b,2024-04-24 13:34:00,2c7c0b40-21e5-4026-b405-3281a1c094fa,1300,81,1381
3dcbb49f-1c4f-4477-acdc-d6ac3c4ecdb0,f5b90b38-b61b-42af-a8f4-4815317a3571,2024-04-24 16:03:00,2c7c0b40-21e5-4026-b405-3281a1c094fa,600,37,637
7753cbce-5562-46c2-b540-c2ce0d5ea8b8,1d8b9d13-c62c-4446-977d-412869e6c4b6,2024-04-24 09:10:00,2c7c0b40-21e5-4026-b405-3281a1c094fa,500,31,531
a57191bc-b61a-4693-99d2-c3b2fb624771,a0e48668-90fd-471e-979c-455e5d4e532c,2024-04-24 15:09:00,2c7c0b40-21e5-4026-b405-3281a1c094fa,1700,106,1806
2f8998cc-4c9a-4b0c-beaa-1c93bc119222,b239e930-6de8-4346-87b0-1981dc56bb9f,2024-04-24 08:00:00,2c7c0b40-21e5-4026-b405-3281a1c094fa,600,37,637
3683b336-ec48-4cf7-a922-75e0e6877b3e,94e8bb75-d618-4999-8bea-b7fc6888523f,2024-04-24 17:51:00,2c7c0b40-21e5-4026-b405-3281a1c094fa,2100,131,2231
56d193a1-5cd5-4990-a511-c764b28a6a6e,ca73909a-648b-4522-a10d-c4c3c9bfaba1,2024-04-24 07:32:00,2c7c0b40-21e5-4026-b405-3281a1c094fa,500,31,531
52408bbc-f773-49c1-98bf-46d18dbf930c,bcde7da6-a0ce-4721-9a8b-e297fe682d71,2024-04-24 13:49:00,2c7c0b40-21e5-4026-b405-3281a1c094fa,400,25,425
064d8822-d924-428b-a509-3d05be713cc5,e4515ece-d1b9-4ec7-9b74-b22decc6d435,2024-04-24 17:07:00,2c7c0b40-21e5-4026-b405-3281a1c094fa,1100,68,1168
5339bb78-8dbc-48cd-b734-93d9597a38a9,0da8bfd8-a8e8-4bc3-85ae-f527018c2e8b,2024-04-24 08:35:00,2c7c0b40-21e5-4026-b405-3281a1c094fa,700,43,743
80a7a042-98b2-465c-9ae2-5e3c2c082746,92f85679-d678-4b1f-9343-b97924ced844,2024-04-24 07:58:00,2c7c0b40-21e5-4026-b405-3281a1c094fa,700,43,743
c5bb9ac1-b3f5-467c-bf18-30ab50ebfb93,e61583e8-f052-430d-90fd-68085acfc960,2024-04-24 07:24:00,2c7c0b40-21e5-4026-b405-3281a1c094fa,600,37,637
ee18d5de-bb72-4d48-817e-809298e8696d,9559b3f5-0745-4104-aeff-b4f1f8886bd7,2024-04-24 12:39:00,2c7c0b40-21e5-4026-b405-3281a1c094fa,2300,143,2443
0172e083-2f69-49c7-a3cf-eac4992159b7,de885f45-3a20-4c29-a25b-662ee4bd48ea,2024-04-24 15:36:00,2c7c0b40-21e5-4026-b405-3281a1c094fa,1900,118,2018
9f442e68-f2a3-4156-90f6-1b155256a45e,5b2dc95e-efec-46b9-aa80-1ca5c85a4269,2024-04-24 08:23:00,2c7c0b40-21e5-4026-b405-3281a1c094fa,600,37,637
032c1922-ffd5-45b5-907b-6c0eff53d0a8,2b2611ec-0afe-4c68-9361-65b0cda595e3,2024-04-24 14:09:00,2c7c0b40-21e5-4026-b405-3281a1c094fa,600,37,637
467dc92e-579e-466c-b513-d3a1c9adc0ad,842bb7f3-6050-4516-a4c0-191bec3c1ba7,2024-04-24 16:11:00,2c7c0b40-21e5-4026-b405-3281a1c094fa,2200,137,2337
34cc6669-6f8e-4ce3-b692-adbe023b8a5b,df6fe074-e03b-4605-bc26-5510896e9d5c,2024-04-24 15:13:00,2c7c0b40-21e5-4026-b405-3281a1c094fa,500,31,531
002ae19a-d51b-4b5e-bb68-b33bab83fc10,e52aaea4-1556-4821-8cd6-a24a8217815f,2024-04-24 08:00:00,2c7c0b40-21e5-4026-b405-3281a1c094fa,500,31,531
8c2c3e38-47b5-47a0-824b-c6ed1fb22270,ab4df321-67bc-425a-8aee-7e81929639d1,2024-04-24 07:15:00,2c7c0b40-21e5-4026-b405-3281a1c094fa,600,37,637
f0e4878b-1c53-4a1f-bbce-52405091be46,4bf036f8-cdd5-4fd4-bb15-96f6fdfb6472,2024-04-24 08:28:00,2c7c0b40-21e5-4026-b405-3281a1c094fa,600,37,637
c623eaca-6ec4-4411-a7f3-3707a5edb4d2,be9a5cd7-728a-4593-b5b5-b13c1f98920d,2024-04-24 08:23:00,2c7c0b40-21e5-4026-b405-3281a1c094fa,600,37,637
544e580a-9ebe-453c-9822-088ecdf5bf02,17813273-d6cb-446d-a0cc-5df31fb0263f,2024-04-24 15:41:00,2c7c0b40-21e5-4026-b405-3281a1c094fa,1900,118,2018
d62bf639-d1dd-4e88-b345-4b32375a98d8,24796668-1d6a-493c-a0dd-1bafc84036be,2024-04-24 08:09:00,2c7c0b40-21e5-4026-b405-3281a1c094fa,400,25,425
ed8a110a-65b8-4825-8c86-c31b99db0a4b,50472b1b-3caf-49fd-a0f0-3f28b45262fd,2024-04-24 12:37:00,2c7c0b40-21e5-4026-b405-3281a1c094fa,1400,87,1487
b77860a1-47a9-4d3a-ba4b-bcdbe1a26f2b,5a88b3e4-1ba1-4430-8899-483fd984e89d,2024-04-24 07:25:00,2c7c0b40-21e5-4026-b405-3281a1c094fa,400,25,425
6ea84712-1800-4b79-b015-ef9231b699a7,b5e90877-2a83-4959-9512-8328d9403492,2024-04-24 10:44:00,2c7c0b40-21e5-4026-b405-3281a1c094fa,2600,162,2762
23906b51-77c5-438e-a3d6-49611b0f80e7,9739993f-f502-493c-a220-bfc05e1635a7,2024-04-24 16:10:00,2c7c0b40-21e5-4026-b405-3281a1c094fa,1600,100,1700
252cc093-6355-490c-8167-62e741d57bf4,10e46bfd-d0f5-4e00-b866-118e3d12fb34,2024-04-24 09:12:00,2c7c0b40-21e5-4026-b405-3281a1c094fa,600,37,637
bd625d9e-8516-4822-91c8-d38012f5969b,cc90bdd5-438f-4c36-b399-4b1be7281e64,2024-04-24 17:57:00,2c7c0b40-21e5-4026-b405-3281a1c094fa,1200,75,1275
15de0d95-4427-4cb7-8036-dc76b87416c4,0de2aeba-fbe0-42cc-a250-f49f11ccb1b7,2024-04-24 13:59:00,2c7c0b40-21e5-4026-b405-3281a1c094fa,2200,137,2337
7846575b-d517-46ff-8524-775eda2d86dd,8c433684-7a25-467e-afb1-be6cb25cb156,2024-04-24 18:05:00,2c7c0b40-21e5-4026-b405-3281a1c094fa,1100,68,1168
b3074aaa-c5ef-4bd1-8bd4-a361898f63a6,c21472e1-f6ab-489f-9f36-de3ff9aea42c,2024-04-24 13:29:00,2c7c0b40-21e5-4026-b405-3281a1c094fa,1900,118,2018
d1ccd403-3a2c-4b4e-98cd-068cb4db1777,6711753d-3774-4e54-9f79-3ebf7762b9f9,2024-04-24 15:06:00,2c7c0b40-21e5-4026-b405-3281a1c094fa,700,43,743
69dce2b4-c1a5-4b96-8dca-4c946b9e2dee,cc8b427a-fcd6-4d92-8601-2a3c7d54e171,2024-04-24 10:53:00,2c7c0b40-21e5-4026-b405-3281a1c094fa,700,43,743
ef7b8e20-92d4-44a0-b4a2-9093838373ce,89d86da7-67e0-4324-965d-77ebd26b7396,2024-04-24 08:54:00,2c7c0b40-21e5-4026-b405-3281a1c094fa,500,31,531
b5827436-aa6b-4683-abdd-a0b24db62737,c4cffa02-aa09-4ae6-a4dc-bb7e26c3b440,2024-04-24 07:49:00,2c7c0b40-21e5-4026-b405-3281a1c094fa,600,37,637
cbf30be0-d623-46ce-a4d8-f83eee232f3a,e2a09e44-912c-47c0-9386-7145291fb06f,2024-04-24 11:38:00,2c7c0b40-21e5-4026-b405-3281a1c094fa,600,37,637
e658dfe5-5b45-4ef7-85fa-489af85e5021,5c298d25-bd60-448d-a828-a1d1c08d3bf4,2024-04-24 08:11:00,2c7c0b40-21e5-4026-b405-3281a1c094fa,700,43,743
327c6a6b-e6c6-4351-aeed-b20e0524ba13,f231f357-ff6c-4960-938f-a5596a13fb07,2024-04-24 18:50:00,2c7c0b40-21e5-4026-b405-3281a1c094fa,500,31,531
e21794ef-3db2-4cc5-bc3a-a1408631e25c,0c395bc0-5637-4465-8c77-9232349cf3ee,2024-04-24 14:31:00,2c7c0b40-21e5-4026-b405-3281a1c094fa,1800,112,1912
f0f1a411-f163-4db3-8c59-272f7f9cfe5b,b612256d-3418-40c1-97fc-fbbf395ac791,2024-04-24 14:19:00,2c7c0b40-21e5-4026-b405-3281a1c094fa,2000,125,2125
59c01d03-7af9-4db1-8600-999822cc56b9,3c426c6a-4b67-4d8e-a89a-57a563164dee,2024-04-24 07:55:00,2c7c0b40-21e5-4026-b405-3281a1c094fa,700,43,743
0d2f8606-ed74-46e9-aec3-473a7d5f21da,627e216c-0671-47dd-902c-9fb076543b9e,2024-04-24 07:52:00,2c7c0b40-21e5-4026-b405-3281a1c094fa,400,25,425
ad3ed42e-604b-4128-ac50-1be54737a024,1409cd42-7e74-4fa2-9ff3-b4d9d56ac42c,2024-04-24 08:05:00,2c7c0b40-21e5-4026-b405-3281a1c094fa,700,43,743
51ddf850-b645-4af3-8707-e3e5eddce019,f878e8ca-ab74-463a-8f66-556e0b5213c2,2024-04-24 10:17:00,2c7c0b40-21e5-4026-b405-3281a1c094fa,2500,156,2656
112586ae-d4a4-4045-b7a2-4db821ac4ef8,1ccc49eb-7f71-45cc-81df-ac385f685028,2024-04-24 07:21:00,2c7c0b40-21e5-4026-b405-3281a1c094fa,400,25,425
f9a70fac-8a51-40af-b507-d0efd5a5685b,e9914ccf-1cab-4fc8-9269-8c1a8f85eb5a,2024-04-24 07:36:00,2c7c0b40-21e5-4026-b405-3281a1c094fa,600,37,637
d429c3f9-44b2-49e5-abf4-d2ef27ceb186,7e8d4795-8d8a-4188-acba-390847a8c1ae,2024-04-24 19:28:00,2c7c0b40-21e5-4026-b405-3281a1c094fa,2200,137,2337
189ba59e-2354-4964-94ab-f3166a744388,2b24b563-07cf-43f5-bf88-efa0cabe0601,2024-04-24 12:00:00,2c7c0b40-21e5-4026-b405-3281a1c094fa,700,43,743
ce74ba69-ebec-4619-bed1-18d1fd2f6dca,16e3010f-92c8-4716-945d-76a4cbabf52a,2024-04-24 09:53:00,2c7c0b40-21e5-4026-b405-3281a1c094fa,400,25,425
c69b4a1c-c758-4940-82de-9e80ed8785c9,9d60be57-1b54-4e56-8191-7fc35fef020c,2024-04-24 12:51:00,2c7c0b40-21e5-4026-b405-3281a1c094fa,600,37,637
d813e68c-ea4d-40c7-b5e5-d71896f3e217,cc27fffc-130e-4544-9950-5954536d72d1,2024-04-24 11:52:00,2c7c0b40-21e5-4026-b405-3281a1c094fa,700,43,743
5179c45e-fbb0-421e-80d3-3fae82c85582,a898b31f-c8bd-4f5e-b261-ebe31e5158bc,2024-04-24 10:28:00,2c7c0b40-21e5-4026-b405-3281a1c094fa,700,43,743
22757e58-69e4-4dbb-af74-caea226d5e38,2e97063b-f63f-4550-949b-5fb891a5f70d,2024-04-24 11:47:00,2c7c0b40-21e5-4026-b405-3281a1c094fa,1800,112,1912
485ebeb8-e23c-4699-9b29-6fb1f6150d31,d27d7182-0397-4734-b076-2f556218e9f1,2024-04-24 14:38:00,2c7c0b40-21e5-4026-b405-3281a1c094fa,600,37,637
f805ba59-e85a-41d3-8c76-4d661515e763,3a580c58-a316-47fb-b0c9-1d95666d47d7,2024-04-24 07:28:00,2c7c0b40-21e5-4026-b405-3281a1c094fa,500,31,531
5ac0de3b-2595-4503-a4ad-2078fdaba285,86fa6d80-37ef-4cca-8727-173b1a366c48,2024-04-24 11:29:00,2c7c0b40-21e5-4026-b405-3281a1c094fa,400,25,425
51546f91-60ae-48e3-959e-23bb32f5a27a,fe9d2747-393a-4e72-8e43-6d997f2418d6,2024-04-24 08:09:00,2c7c0b40-21e5-4026-b405-3281a1c094fa,600,37,637
7ec53889-9766-4489-83e5-d669746a8b7e,27d2e3d3-99cb-4478-950f-9cbf9f2cc532,2024-04-24 08:34:00,2c7c0b40-21e5-4026-b405-3281a1c094fa,500,31,531
a8713ff0-1d95-4fb3-9bd4-59cda7c90d15,317af3b3-84ba-4923-9e51-e7933277830f,2024-04-24 15:26:00,2c7c0b40-21e5-4026-b405-3281a1c094fa,600,37,637
a76ccef7-02bf-417f-a24a-29f98c59bac1,9209c56e-0f5f-493e-a7ad-a5c3f0889aac,2024-04-24 13:25:00,2c7c0b40-21e5-4026-b405-3281a1c094fa,700,43,743
efe06e89-1118-4b1f-92e6-020fa3237e10,09916698-df9d-4be7-a8f4-f7748cbab9a5,2024-04-24 11:00:00,2c7c0b40-21e5-4026-b405-3281a1c094fa,2300,143,2443
e5eaef85-79f4-4e60-8ce4-b0247a26d866,376ebf34-5cd8-4b7a-8537-66e16f53ed5f,2024-04-24 18:49:00,2c7c0b40-21e5-4026-b405-3281a1c094fa,600,37,637
a8f7930a-dc28-4a41-8093-59428f939262,62a52493-e5ec-476f-9bec-c8f82abd3323,2024-04-24 07:00:00,2c7c0b40-21e5-4026-b405-3281a1c094fa,700,43,743
e91560bb-65d0-45eb-830e-d9ca13c0adce,d6051f3b-7116-4f92-bb67-34699dc3ce20,2024-04-24 17:22:00,2c7c0b40-21e5-4026-b405-3281a1c094fa,2400,150,2550
15782fe6-2f07-42cf-abdb-bbe6aa96dcf7,681cebbd-56fd-4ad3-99b4-726306cbaa73,2024-04-24 08:13:00,2c7c0b40-21e5-4026-b405-3281a1c094fa,600,37,637
cfb42bdc-35d1-4ae3-8938-da97878883e8,9c02b9e3-3e53-451a-abb0-96f63308bb02,2024-04-24 07:31:00,2c7c0b40-21e5-4026-b405-3281a1c094fa,600,37,637
2d004577-6698-4cbb-9186-85818d6f091b,cc5c0c1a-857b-42ec-991b-22ab9d333141,2024-04-24 08:06:00,2c7c0b40-21e5-4026-b405-3281a1c094fa,600,37,637
7f4f06a4-b5d5-48c7-ac37-161fbe66ebb1,ea97db70-9e3b-4bc2-973f-6e3f2be46e5f,2024-04-24 07:38:00,2c7c0b40-21e5-4026-b405-3281a1c094fa,500,31,531
b4626f82-78df-4e62-a319-91a7cbc457d6,1cc557ae-f87b-4765-9bc4-0f1dd6f53013,2024-04-24 08:16:00,2c7c0b40-21e5-4026-b405-3281a1c094fa,600,37,637
dd5d9326-da66-4396-9b0d-1cc061234a62,f91faf5c-1c47-45c9-aad2-29930f300126,2024-04-24 07:46:00,2c7c0b40-21e5-4026-b405-3281a1c094fa,600,37,637
0ca7bc78-4c80-478c-9690-002d6b65c962,414e72b8-a890-4597-b3f7-d6da0f9d4531,2024-04-24 07:30:00,2c7c0b40-21e5-4026-b405-3281a1c094fa,400,25,425
a0ad3403-7049-4a0a-a77b-ea1d498c16c1,e26fafe1-9a63-43ca-b38b-ed5f0ea96f66,2024-04-24 10:42:00,2c7c0b40-21e5-4026-b405-3281a1c094fa,500,31,531
c7985b2a-4c67-486c-a2b9-6524a3df9aa8,905a1a14-02a3-4d80-a710-d9769750a63d,2024-04-24 14:32:00,2c7c0b40-21e5-4026-b405-3281a1c094fa,400,25,425
82672151-7571-49a6-ae20-98652ade260a,1313316f-0c13-404e-8197-2bde150a1ddd,2024-04-24 07:49:00,2c7c0b40-21e5-4026-b405-3281a1c094fa,600,37,637
a6eb50a8-ff8b-4d8d-9a13-4adf6b38614e,32a8b8e6-453f-4153-b08b-aaeedc146c9d,2024-04-24 15:11:00,2c7c0b40-21e5-4026-b405-3281a1c094fa,700,43,743
45a1508a-f926-45b1-923a-3afc3651c09d,de670223-8a3e-4b82-a4d4-b03cc596af73,2024-04-24 07:37:00,2c7c0b40-21e5-4026-b405-3281a1c094fa,700,43,743
1da9c7bf-8a44-412b-9b95-c7558427c90f,319f2657-c818-4212-a934-1bc84152b2d5,2024-04-24 09:27:00,2c7c0b40-21e5-4026-b405-3281a1c094fa,2500,156,2656
816d73a8-3639-4316-9f57-96b3cba884f8,f304ef62-c15a-4a60-ab1c-ad7af392467e,2024-04-24 08:29:00,2c7c0b40-21e5-4026-b405-3281a1c094fa,400,25,425
a9f28616-2a4e-4e99-b704-338d0474f3cc,dc0bde54-b18c-450d-a2a5-7ec3e3bce7c3,2024-04-24 12:29:00,2c7c0b40-21e5-4026-b405-3281a1c094fa,500,31,531
d64b57dc-166e-4658-9d2c-8b6965bc17b9,3cae3cae-a64f-491f-a508-68ff36ecb4af,2024-04-24 08:08:00,2c7c0b40-21e5-4026-b405-3281a1c094fa,600,37,637
7619277f-f6e6-42c3-8f7a-3f00747016c9,b453354b-0417-476e-8175-326090454bc9,2024-04-24 16:30:00,2c7c0b40-21e5-4026-b405-3281a1c094fa,500,31,531
e09343ff-b5c1-4c6c-86c4-aa71e65e8a4b,7dd6c618-4f1f-4481-8212-0ca877effb17,2024-04-24 16:54:00,2c7c0b40-21e5-4026-b405-3281a1c094fa,1900,118,2018
d75de36c-eb3d-43d7-911b-886c3462ff35,96924eb0-a996-4610-ae35-0949499a223a,2024-04-24 07:37:00,2c7c0b40-21e5-4026-b405-3281a1c094fa,400,25,425
0e8fe393-8cbb-4b91-a83b-f81a650b43af,6c98f86b-b539-4054-a6da-a0f41d26ae4b,2024-04-24 14:59:00,2c7c0b40-21e5-4026-b405-3281a1c094fa,1100,68,1168
02b2a7af-bfee-4c90-afae-06e4476ffb02,90be0a7e-945b-4bb7-b8e8-47e877d61e85,2024-04-24 15:44:00,2c7c0b40-21e5-4026-b405-3281a1c094fa,500,31,531
0cb6a874-7434-4022-8420-ff85edeebd04,f6a983d2-5104-41f4-a579-38c173229679,2024-04-24 10:11:00,2c7c0b40-21e5-4026-b405-3281a1c094fa,600,37,637
60294642-6cba-4941-8b75-1d0caae6afa3,2f0ecbb9-4ae8-45d7-8f01-f82126757ca5,2024-04-24 07:23:00,2c7c0b40-21e5-4026-b405-3281a1c094fa,700,43,743
6e367deb-0b60-41f9-bfa8-36524d3c3bd1,746e0e2f-a988-4e0c-b475-91c509254f38,2024-04-24 11:40:00,2c7c0b40-21e5-4026-b405-3281a1c094fa,900,56,956
68c41dcf-db6c-424a-abd6-e369d1e231f5,104b478d-b925-4eb1-b365-ae2354f1fd19,2024-04-24 08:12:00,2c7c0b40-21e5-4026-b405-3281a1c094fa,700,43,743
ece12fc3-6949-42c6-9303-e45fb3123f0d,cdea4af0-7c90-48ed-bb8b-411fb9de8b57,2024-04-24 07:12:00,2c7c0b40-21e5-4026-b405-3281a1c094fa,400,25,425
15e486bb-c5bd-48be-a814-ab1fcb6a6ffa,f3e64264-67a2-42fb-878a-17ff2055ab31,2024-04-24 16:46:00,2c7c0b40-21e5-4026-b405-3281a1c094fa,600,37,637
8fb1acd6-11b9-451e-b3a1-909d2da1efe6,aec1cde7-0627-4bec-a528-fe77ca766b5e,2024-04-24 08:03:00,2c7c0b40-21e5-4026-b405-3281a1c094fa,400,25,425
480fb162-8ac0-46ff-a1ca-67dd7882512c,aa4ec845-d8fb-4eed-855a-86968f2d2ef4,2024-04-24 17:54:00,2c7c0b40-21e5-4026-b405-3281a1c094fa,600,37,637
509da9d7-b0e3-454b-8336-cd9dd655e639,465154fc-21ed-456c-9e03-9b71c66094d5,2024-04-24 08:38:00,2c7c0b40-21e5-4026-b405-3281a1c094fa,600,37,637
f4649b10-8859-40af-8bf6-6c0e4c6e99f0,bafdbd24-482a-4926-ad19-d5f2929c3e93,2024-04-24 15:04:00,2c7c0b40-21e5-4026-b405-3281a1c094fa,400,25,425
530d4adb-4eca-4f5d-aa6d-f0ebcb24d113,2647f821-e1c8-44ee-bc24-7b9932bf9766,2024-04-24 07:45:00,2c7c0b40-21e5-4026-b405-3281a1c094fa,600,37,637
01fd5e99-6ac0-4376-9788-e310aa3d13bb,bb7a9f55-4ac3-43cc-bbe9-d1a3c3e8f35e,2024-04-24 12:07:00,2c7c0b40-21e5-4026-b405-3281a1c094fa,1100,68,1168
eaa17a4f-e37d-40e0-8f11-d5fd79741448,fe4e4be2-2e96-4037-9bdf-28440a160f62,2024-04-24 08:40:00,2c7c0b40-21e5-4026-b405-3281a1c094fa,600,37,637
d3ac706d-af57-45d5-b5d0-e3bcc92443c0,9e618262-7b79-4704-9035-2fcdf8d34ffb,2024-04-24 12:59:00,2c7c0b40-21e5-4026-b405-3281a1c094fa,500,31,531
ee7e2295-8b3b-4ede-b16f-daedaf3dd667,08a83635-904a-4c48-8187-470b38512520,2024-04-24 17:13:00,2c7c0b40-21e5-4026-b405-3281a1c094fa,700,43,743
f36f1caf-b90b-4576-98b9-3027c95e4083,a6addfaf-a6de-45ac-940f-5d4614f279d0,2024-04-24 07:41:00,2c7c0b40-21e5-4026-b405-3281a1c094fa,400,25,425
f8a53866-9018-419c-a1f7-5e19927c87d1,c166c928-03f6-4635-b322-14421afbbbaa,2024-04-24 08:26:00,2c7c0b40-21e5-4026-b405-3281a1c094fa,1800,112,1912
fad4053a-009a-4550-8671-2fdfaf00679c,5f978986-a526-43a2-bdc6-828868d49b61,2024-04-24 07:23:00,2c7c0b40-21e5-4026-b405-3281a1c094fa,600,37,637
dc3eff1f-9bec-43f6-8ca0-e79c3eb0bb6b,6dbbc49a-b5ce-4831-ba60-3b12b6a89fc4,2024-04-24 11:04:00,2c7c0b40-21e5-4026-b405-3281a1c094fa,1200,75,1275
bba04351-6a60-450f-974e-9dd81b593dd5,098e9f20-15e3-45dd-8771-7dc4fe836ca7,2024-04-24 17:53:00,2c7c0b40-21e5-4026-b405-3281a1c094fa,1700,106,1806
7aacad68-d46d-4cc2-9297-d2592f49d0fe,1230eb6d-8c33-4314-a706-f84212741ea9,2024-04-24 12:38:00,2c7c0b40-21e5-4026-b405-3281a1c094fa,500,31,531
c49efd70-a55e-4d0c-8e6b-0aea12d6d765,d3cfc0ae-db6e-4a28-b44b-a1dac1061d90,2024-04-24 14:10:00,2c7c0b40-21e5-4026-b405-3281a1c094fa,400,25,425
b598a34c-453b-41fc-9b1a-9005970fcda9,9ad4b773-20f7-4f08-afaa-931d90d8f229,2024-04-24 13:46:00,2c7c0b40-21e5-4026-b405-3281a1c094fa,600,37,637
b61234b7-6c98-46aa-8801-69cb27f16261,707aea69-776e-4c29-a2b9-e8d63dbead69,2024-04-24 16:10:00,2c7c0b40-21e5-4026-b405-3281a1c094fa,2000,125,2125
8d1aee9a-39d0-4c16-98f7-9b9f9e5ebaf5,d909260f-5040-471a-9c3f-5651fa8c03ed,2024-04-24 07:05:00,2c7c0b40-21e5-4026-b405-3281a1c094fa,700,43,743
96d5520b-1e1b-4f37-85f1-9633b896123c,f1098a10-244b-46cb-b192-2ad182a44975,2024-04-24 07:38:00,2c7c0b40-21e5-4026-b405-3281a1c094fa,500,31,531
fb7248b5-1b4d-499f-8cef-b1cce0f42186,b394c22a-41af-4bae-a9f3-dda0649b45ed,2024-04-24 07:14:00,2c7c0b40-21e5-4026-b405-3281a1c094fa,500,31,531
6e4470cc-3fbc-462f-9f74-d832f7c75dc1,fb1214b1-db3f-4cac-bc2e-6b6d585600fb,2024-04-24 07:47:00,2c7c0b40-21e5-4026-b405-3281a1c094fa,500,31,531
2b35d8d7-7e73-4667-9d16-44f13c0ebe8a,c7bf9141-bdf4-4972-89cc-19b540b7964f,2024-04-24 11:36:00,2c7c0b40-21e5-4026-b405-3281a1c094fa,3500,218,3718
2c87c29c-fe08-4fbd-b1e2-5c50f1f07364,1bcdea75-7acc-492e-a184-a61e51c1cfa5,2024-04-24 08:33:00,2c7c0b40-21e5-4026-b405-3281a1c094fa,600,37,637
b8ac192a-2666-463e-b05d-7c66e62d7d97,f8919ba3-1c0e-4da5-9408-18923a2ad8fb,2024-04-24 08:46:00,2c7c0b40-21e5-4026-b405-3281a1c094fa,600,37,637
4f179697-23bc-45fc-bd82-73e93895b1c8,89e0be6f-b800-46b3-b14a-d6c78ced2780,2024-04-24 12:18:00,2c7c0b40-21e5-4026-b405-3281a1c094fa,400,25,425
7a113a48-b59d-4606-86bc-9023dd3ae658,68633904-669b-4fec-a191-293eab108c93,2024-04-24 16:51:00,2c7c0b40-21e5-4026-b405-3281a1c094fa,700,43,743
821232a0-0e29-4c5a-a001-a7acabefced8,d753ccfa-106f-47a3-8e03-44b0e6831af3,2024-04-24 07:08:00,2c7c0b40-21e5-4026-b405-3281a1c094fa,400,25,425
8a9a8a33-239d-4e4b-a7c6-9f647352c5e1,608b62cf-f498-4f33-9528-de6ffb9555c2,2024-04-24 07:35:00,2c7c0b40-21e5-4026-b405-3281a1c094fa,500,31,531
44b90140-80bd-4e07-b2ec-ee0b6f319fdc,b8ca5b54-3fa9-4f61-91ce-beeaa92f1424,2024-04-24 07:45:00,2c7c0b40-21e5-4026-b405-3281a1c094fa,600,37,637
02bec7bf-47d4-402b-b758-d3fd7c69b621,84dfad87-6db7-49e5-9691-023247bed167,2024-04-24 19:18:00,2c7c0b40-21e5-4026-b405-3281a1c094fa,1100,68,1168
0109684a-1232-45a4-b193-2dbda8403848,6b2f49e4-56bd-446a-97ee-d3ddd9804d7f,2024-04-24 07:00:00,2c7c0b40-21e5-4026-b405-3281a1c094fa,400,25,425
a5209408-7710-4f1a-8091-7c9ee998df72,7a493345-f39f-41ad-bde0-d580c0b49953,2024-04-24 12:07:00,2c7c0b40-21e5-4026-b405-3281a1c094fa,600,37,637
321294d9-b105-47c6-ab54-b31814d3e71a,096383e8-fafc-418f-8cdd-a2ec9f44ddd3,2024-04-24 09:10:00,2c7c0b40-21e5-4026-b405-3281a1c094fa,600,37,637
ab2906e5-0c68-4922-8db8-2569508961f2,b3f8d609-aecf-4d7a-9323-cd10ba08a44a,2024-04-24 18:01:00,2c7c0b40-21e5-4026-b405-3281a1c094fa,1800,112,1912
de03002e-8b79-4c16-b214-815dc9a84e6c,cf1bbe7c-d999-4a2e-bc3a-93bb9e785f1b,2024-04-24 17:44:00,2c7c0b40-21e5-4026-b405-3281a1c094fa,1800,112,1912
ba3006e0-9a72-49a0-b39b-fd62d8811e05,4cd24ca3-21c7-43e7-bd3e-65bc863a16d7,2024-04-24 07:48:00,2c7c0b40-21e5-4026-b405-3281a1c094fa,500,31,531
2ae5e08b-3dd2-414b-9099-09ac5c547445,aae661ad-0411-4b0f-b7fb-6c26c099cfd7,2024-04-24 08:31:00,2c7c0b40-21e5-4026-b405-3281a1c094fa,500,31,531
888d3d40-a845-4a44-8298-9e94348f5cf3,dd1f6a5f-288a-4340-bd70-9eab83f83136,2024-04-24 15:49:00,2c7c0b40-21e5-4026-b405-3281a1c094fa,700,43,743
61867f07-258a-4785-9ce4-1ceac7c0172e,8391b449-3f7a-47a8-b81f-292dfdb07b53,2024-04-24 07:44:00,2c7c0b40-21e5-4026-b405-3281a1c094fa,500,31,531
cce472f0-64b2-4b9b-a1a2-76362771efc8,762c5a04-e686-4d09-b4c3-40c6aed67774,2024-04-24 15:09:00,2c7c0b40-21e5-4026-b405-3281a1c094fa,400,25,425
93718ff3-9cc7-43d1-97b2-b0142a25c392,95cd817f-1c5b-4828-99f7-7fe575406cc9,2024-04-24 11:50:00,2c7c0b40-21e5-4026-b405-3281a1c094fa,1100,68,1168
8da8dbba-0369-4aa7-96d4-ea06351d21f5,b7269c9b-2132-4217-b89e-d49b2d674311,2024-04-24 07:00:00,2c7c0b40-21e5-4026-b405-3281a1c094fa,1500,93,1593
92d63918-aef2-40e8-ba79-7980990b46bf,377718a4-3157-4608-a4af-666080b15524,2024-04-24 16:34:00,2c7c0b40-21e5-4026-b405-3281a1c094fa,1000,62,1062
37655017-ee79-4e6d-801e-b40207691682,6a30b004-d1c0-4e76-9339-45a7fe99fc87,2024-04-24 11:29:00,2c7c0b40-21e5-4026-b405-3281a1c094fa,2300,143,2443
fdbf5113-1dd8-466d-bbe1-9915da8a06d9,18afc0db-1e5b-4253-8e28-7d9b763a4796,2024-04-24 14:29:00,2c7c0b40-21e5-4026-b405-3281a1c094fa,600,37,637
3e98df66-7885-4393-9712-96781b99ec41,e87d7dd4-253c-4904-856b-2bc3e4610bbc,2024-04-24 07:34:00,2c7c0b40-21e5-4026-b405-3281a1c094fa,500,31,531
ddc3a8c0-7eb9-409f-9b2b-5d703a2c1838,0716e8f7-31e6-4605-8c33-c9717eb1828b,2024-04-24 08:12:00,2c7c0b40-21e5-4026-b405-3281a1c094fa,700,43,743
1b56e420-546f-4052-a459-9015a2c6cc3b,f5ca275f-bdbe-419a-ac47-5ffc48b1f4fe,2024-04-24 07:11:00,2c7c0b40-21e5-4026-b405-3281a1c094fa,600,37,637
1500a7f2-d8fb-4b17-9cfe-a65d4fd50ad6,770ef8a9-2d3e-436a-8d56-15cbb14191f6,2024-04-24 08:11:00,2c7c0b40-21e5-4026-b405-3281a1c094fa,500,31,531
e1f9ee94-554e-4fc2-a03c-aba2d2b97ae6,9cf15c00-66f8-446b-aa1e-6cfaa15a28cd,2024-04-24 08:32:00,2c7c0b40-21e5-4026-b405-3281a1c094fa,500,31,531
6c78fefb-742a-4ec6-9cb6-246c5f0ea40a,c950e872-765f-41c6-9298-08946b5da33c,2024-04-24 16:17:00,2c7c0b40-21e5-4026-b405-3281a1c094fa,600,37,637
a7492632-1fda-4558-bacc-a718bc557e21,0a1537fd-daf7-45b7-9079-4896eebfc105,2024-04-24 08:10:00,2c7c0b40-21e5-4026-b405-3281a1c094fa,700,43,743
1d007e66-a6e3-48b2-826d-c94993ad5f30,d9f23164-9fc0-4804-9b89-c220b8f14417,2024-04-24 16:30:00,2c7c0b40-21e5-4026-b405-3281a1c094fa,400,25,425
10053143-9d50-47d4-b5aa-8dfe3e8aec5c,b1fedc8d-d8e8-45ea-9dfb-5b47351591d6,2024-04-24 12:52:00,2c7c0b40-21e5-4026-b405-3281a1c094fa,1800,112,1912
dc7ea3e4-011b-4306-bb17-e715c8992f15,e3954c8f-706c-4955-aa47-53462acf95f6,2024-04-24 17:00:00,2c7c0b40-21e5-4026-b405-3281a1c094fa,1700,106,1806
f37f11b8-ac08-43bf-b91c-2c67ec683c12,e57fd108-3118-442c-b5b5-7c1add68fb8a,2024-04-24 17:40:00,2c7c0b40-21e5-4026-b405-3281a1c094fa,1600,100,1700
d9b0833a-5e37-4ccf-a22c-74a5f2aff75c,7f07fcee-dd67-4eff-8f85-b102c1043eb8,2024-04-24 17:08:00,2c7c0b40-21e5-4026-b405-3281a1c094fa,500,31,531
c3b70cb0-cdbb-47b6-b19c-95b0e5326009,f31a1202-5968-4ef4-9fab-c9c3e9e6d12a,2024-04-24 16:21:00,2c7c0b40-21e5-4026-b405-3281a1c094fa,400,25,425
eb2317dc-b82d-420b-99de-54a2fbce5b58,b261ee63-cdf8-409f-a4d5-5a5f5648f8fd,2024-04-24 08:08:00,2c7c0b40-21e5-4026-b405-3281a1c094fa,600,37,637
689fc411-4f49-4315-a435-f7e2915dec81,17314111-8073-4571-82b0-3cbdaf3672bd,2024-04-24 08:07:00,2c7c0b40-21e5-4026-b405-3281a1c094fa,400,25,425
545d280d-305e-4e6e-9f39-b37a8f8dfcce,949fe8f4-8334-4f81-b38c-40be2a439d7a,2024-04-24 07:30:00,2c7c0b40-21e5-4026-b405-3281a1c094fa,400,25,425
330961b0-ccb4-490a-b5e8-0ae19cf6b6c8,c00da9ba-d5c6-48cc-a9d7-ae2f6b116876,2024-04-24 08:56:00,2c7c0b40-21e5-4026-b405-3281a1c094fa,400,25,425
dc5bba2c-e7a7-4dfb-88fa-60e0bb0cb84f,7b07cdef-7550-4398-a827-0f166702558d,2024-04-24 08:46:00,2c7c0b40-21e5-4026-b405-3281a1c094fa,600,37,637
f0ca33dd-e6f2-44ff-8a3d-45045e98a836,7815f514-9fba-4b3a-a396-b1c903e2d5ea,2024-04-24 08:24:00,2c7c0b40-21e5-4026-b405-3281a1c094fa,700,43,743
0b4c279e-fdcf-4d51-81c1-21f4c0f454ea,4ceaf012-7044-4c13-9ff6-afb4f9f197eb,2024-04-24 07:58:00,2c7c0b40-21e5-4026-b405-3281a1c094fa,600,37,637
892a841d-c0aa-4fdc-9509-8248ffce021c,e5296814-9316-48d8-8b0e-ee925b70e267,2024-04-24 12:48:00,2c7c0b40-21e5-4026-b405-3281a1c094fa,500,31,531
2f167e90-7a3a-4c02-9913-046686dca7a6,c6618ebe-a7ef-4995-9121-89db4708048f,2024-04-24 16:47:00,2c7c0b40-21e5-4026-b405-3281a1c094fa,1700,106,1806
b8b5c490-4d79-4ed5-8d7b-be3dfccdde92,85dc0f8e-0185-44ca-ab0f-e81472fd3739,2024-04-24 17:27:00,2c7c0b40-21e5-4026-b405-3281a1c094fa,600,37,637
1bf2ca62-40c9-403e-aced-b2412d0e0d94,411bf114-1d91-4d9e-9b2e-2eb1e59d80bb,2024-04-24 07:56:00,2c7c0b40-21e5-4026-b405-3281a1c094fa,600,37,637
8c7e3b17-22d2-4e7f-b2b2-e90644d1561e,95482014-2031-41aa-aed1-10e1966f8211,2024-04-24 14:44:00,2c7c0b40-21e5-4026-b405-3281a1c094fa,400,25,425
b72dbb74-3e05-4a87-bda8-0bf57b424ddd,db840a3d-ae8a-4f70-93d0-a7ceb56ce5d4,2024-04-24 16:43:00,2c7c0b40-21e5-4026-b405-3281a1c094fa,700,43,743
57accbf7-d216-48de-ab2d-58a6f5e8812d,5d0a759c-32bd-4362-8ef8-5387885c5bdd,2024-04-24 14:07:00,2c7c0b40-21e5-4026-b405-3281a1c094fa,0,0,0
87b611d7-4a5c-4bb9-9a05-18884aacb9da,ceac67dd-d360-4dc4-9cc4-c8ae08998559,2024-04-24 09:35:00,2c7c0b40-21e5-4026-b405-3281a1c094fa,600,37,637
f58cdcf7-9146-42f7-bd4c-b0eb434e5292,33e4eccb-501b-4aae-89bb-fa7087ab00f6,2024-04-24 11:35:00,2c7c0b40-21e5-4026-b405-3281a1c094fa,1200,75,1275
692119c9-5f09-4055-ad80-dba713df9587,41ced0f3-bdf3-4470-b30c-bc95aa96f228,2024-04-24 12:24:00,2c7c0b40-21e5-4026-b405-3281a1c094fa,2100,131,2231
4f1110fd-9741-4dba-bd15-982163ccbdc4,9d117cbc-8206-44fc-a784-1b7e26e69f14,2024-04-24 07:37:00,2c7c0b40-21e5-4026-b405-3281a1c094fa,400,25,425
26b3ccfe-6bbf-4848-b615-82b1ab9360c1,0187cae0-cd0c-4287-9064-104261c48c9e,2024-04-24 14:49:00,2c7c0b40-21e5-4026-b405-3281a1c094fa,2100,131,2231
a6230517-02db-401a-8bf6-81b700cdf787,ea21e050-07b9-4cfa-9099-53c33cccabdd,2024-04-24 15:25:00,2c7c0b40-21e5-4026-b405-3281a1c094fa,1600,100,1700
9567a9df-8f26-4b00-a6cc-7a0bbf99ea8a,b3f5f687-ea5c-49d0-9b70-94ceeb7d8e5e,2024-04-24 14:26:00,2c7c0b40-21e5-4026-b405-3281a1c094fa,500,31,531
f95b812a-585e-4e93-b278-ed39dca7b8e6,51a229f5-9725-4489-b94d-d06f0c9c9103,2024-04-24 13:09:00,2c7c0b40-21e5-4026-b405-3281a1c094fa,1900,118,2018
fb7a9de5-03b5-4522-ac06-4535e7b8e439,adc9502e-fb1e-4dfb-8824-cb9f7988898f,2024-04-24 16:56:00,2c7c0b40-21e5-4026-b405-3281a1c094fa,1600,100,1700
d4f966c4-8d7f-4f02-89a9-d32fb712777c,c38122f1-bf34-4609-86ba-ffd1f95e88a1,2024-04-24 08:26:00,2c7c0b40-21e5-4026-b405-3281a1c094fa,700,43,743
98580844-9365-4a05-a466-f285fa0dba15,33403027-f2f6-4d5b-b72a-f9a6bd0f75d6,2024-04-24 12:44:00,2c7c0b40-21e5-4026-b405-3281a1c094fa,500,31,531
06b20e97-1591-456a-8cff-49ddca853678,772d8bfa-fdf2-46f4-a3e9-dc480c44c066,2024-04-24 12:24:00,2c7c0b40-21e5-4026-b405-3281a1c094fa,700,43,743
c5bd1c50-039a-46a1-9ee1-965b93b5f504,b29427fc-5839-43aa-8cce-5fabfae85302,2024-04-24 14:54:00,2c7c0b40-21e5-4026-b405-3281a1c094fa,500,31,531
247f9a9a-39a5-48a8-8750-56e6a1015bdf,9fddd59b-8092-44dd-823a-2a10f4a954f3,2024-04-24 07:55:00,2c7c0b40-21e5-4026-b405-3281a1c094fa,500,31,531
fb1a9e76-48e2-478b-8afe-923d12723375,3d0f7b2e-b6d1-44b5-8756-a848f2eab391,2024-04-24 13:28:00,2c7c0b40-21e5-4026-b405-3281a1c094fa,500,31,531
41fed3a0-9eb8-4eb3-adf0-fde56e94e0b9,900c8b72-6cf9-41c2-9528-bfd661a2a6c5,2024-04-24 07:14:00,2c7c0b40-21e5-4026-b405-3281a1c094fa,600,37,637
832cbdb9-87c6-4ba0-bd96-c8b18696dc5c,d3bb9c17-e481-425d-884d-b62ab58bc9e7,2024-04-24 16:03:00,2c7c0b40-21e5-4026-b405-3281a1c094fa,1600,100,1700
a3544f17-4cbb-4d0f-8a9d-dfe461bfa532,fd0a14de-47c2-4cc3-a067-321ea46cfacb,2024-04-24 17:06:00,2c7c0b40-21e5-4026-b405-3281a1c094fa,500,31,531
c7c1609b-a0a0-4a96-b167-3a8cdb05942c,05d37c9d-0780-45ea-9c41-ae74878ca992,2024-04-24 08:24:00,2c7c0b40-21e5-4026-b405-3281a1c094fa,600,37,637
18a631ef-a1f6-4f53-82ea-6eddcd0166ba,2d98fe07-303d-43ac-b2c7-b688f0765087,2024-04-24 07:49:00,2c7c0b40-21e5-4026-b405-3281a1c094fa,600,37,637
ab788245-04c3-4860-ab21-2e4bdc717c3c,f75a6b15-5908-4701-be73-63cc159dd363,2024-04-24 07:37:00,2c7c0b40-21e5-4026-b405-3281a1c094fa,400,25,425
2cf1ac20-02ed-41b2-80aa-6ba379838a58,8ba73904-d8b0-484e-9571-8f4fb405a99a,2024-04-24 08:54:00,2c7c0b40-21e5-4026-b405-3281a1c094fa,600,37,637
58774d60-e2cb-4c48-9d34-03c48a9396ee,385c7b34-d076-445b-b8de-834fe6714ef0,2024-04-24 13:28:00,2c7c0b40-21e5-4026-b405-3281a1c094fa,2100,131,2231
39ead2b1-1934-4914-a577-26c4632fcfcc,325d860f-7129-46e3-84fb-ece38a4a511e,2024-04-24 08:32:00,2c7c0b40-21e5-4026-b405-3281a1c094fa,700,43,743
55c5a7e7-4db8-47bb-857b-7ad2b810abd1,185f50fa-1880-4d33-bffb-0229c00021e1,2024-04-24 08:04:00,2c7c0b40-21e5-4026-b405-3281a1c094fa,600,37,637
7fb66bbc-56e9-46e4-8782-f6832edccec4,70de3474-e117-42f3-8d50-5371e1acae17,2024-04-24 12:13:00,2c7c0b40-21e5-4026-b405-3281a1c094fa,1800,112,1912
249d33bb-9472-496d-9b1c-d1aa88d1de0c,82ebe082-4789-437f-b9ad-9b5af2e151f2,2024-04-24 14:30:00,2c7c0b40-21e5-4026-b405-3281a1c094fa,700,43,743
53e25f62-a912-4eb8-b6ef-96a970400603,b20bae30-2c82-4e03-ae3e-c6a9238fa0a2,2024-04-24 07:00:00,2c7c0b40-21e5-4026-b405-3281a1c094fa,400,25,425
46121b4c-054e-4a0a-8539-635c78d713e6,0b1434d8-87fe-40c9-9029-702c51ba0dc8,2024-04-24 14:55:00,2c7c0b40-21e5-4026-b405-3281a1c094fa,1800,112,1912
060e7f5d-500d-4930-971c-88bc59ee6ea3,d1d9e650-9178-4395-b1e9-36d4bf78b10b,2024-04-24 13:30:00,2c7c0b40-21e5-4026-b405-3281a1c094fa,1900,118,2018
3d97e4c9-cd65-47af-b2b4-bf8e58c335f2,4e548ed3-d902-4eca-a51d-cde7de665144,2024-04-24 12:06:00,2c7c0b40-21e5-4026-b405-3281a1c094fa,3100,193,3293
ff64c524-a681-49cf-9dc0-a8f45f206c28,77679713-afd0-4b0c-84b3-755462888e28,2024-04-24 18:13:00,2c7c0b40-21e5-4026-b405-3281a1c094fa,1900,118,2018
7b34dfb6-47d1-4a77-8685-b32d2fcf8e83,6a0564fc-7a6d-481e-b89e-3ff39fde4e6f,2024-04-24 14:18:00,2c7c0b40-21e5-4026-b405-3281a1c094fa,600,37,637
cde118af-ba2a-4845-882e-9e4043dfd166,54cf7510-06ec-4749-8608-47e47e4bae7e,2024-04-24 16:01:00,2c7c0b40-21e5-4026-b405-3281a1c094fa,1600,100,1700
6b4ba6ed-92d1-46cf-9e46-c4a6b4770cab,8bdfd5f7-e6c8-4213-90f8-290340275705,2024-04-24 08:18:00,2c7c0b40-21e5-4026-b405-3281a1c094fa,400,25,425
97a06007-1003-4d82-8f4d-a75311a38fe4,cbeee0fc-3284-458f-93fd-3c8b150ac383,2024-04-24 11:20:00,2c7c0b40-21e5-4026-b405-3281a1c094fa,400,25,425
6d7e9710-5903-4cd9-a166-8d02b479f211,4930bc83-623f-498d-9657-e6946df34670,2024-04-24 08:06:00,2c7c0b40-21e5-4026-b405-3281a1c094fa,700,43,743
015603ed-01f7-468a-bd2d-3da754f08dbd,ff0e6672-f5c3-49c3-8641-640328bd5e32,2024-04-24 08:29:00,2c7c0b40-21e5-4026-b405-3281a1c094fa,400,25,425
b688f8b1-248d-4ec7-9d00-05f80038ae2d,2126e90c-f785-447f-8084-2c01f266f801,2024-04-24 07:36:00,2c7c0b40-21e5-4026-b405-3281a1c094fa,1000,62,1062
c933961c-0931-49a3-acf9-4db521a51220,86ce2bfe-cfd3-43d7-bf73-302839416a8f,2024-04-24 08:43:00,2c7c0b40-21e5-4026-b405-3281a1c094fa,700,43,743
6b0443d9-0939-4b7a-aa66-bf761d3fc73e,4166ac83-e288-40a4-a9b4-e991ecb409e1,2024-04-24 14:17:00,2c7c0b40-21e5-4026-b405-3281a1c094fa,1700,106,1806
6a46e200-8036-4871-89f4-9f2ef4a39ac4,d3a2e187-0d5f-4c0d-889d-aab3ff2fd8ba,2024-04-24 07:35:00,2c7c0b40-21e5-4026-b405-3281a1c094fa,600,37,637
53215249-de66-436c-b8a5-6e84fe513643,9f15e740-2f82-40a0-be8d-3d0d64c9dd5c,2024-04-24 12:19:00,2c7c0b40-21e5-4026-b405-3281a1c094fa,1800,112,1912
9df91673-de6d-45d0-a62b-99b575bc2d71,7e704409-e995-4e26-8eae-5d89eeb90107,2024-04-24 14:09:00,2c7c0b40-21e5-4026-b405-3281a1c094fa,1800,112,1912
b3be4afe-a16d-4836-ad69-05765842d99a,b8e42ee1-c094-4f0b-af09-b9952db3e2d9,2024-04-24 13:44:00,2c7c0b40-21e5-4026-b405-3281a1c094fa,400,25,425
ba8d3689-9e1d-4250-9b20-d4db600f84fd,2aebbf7f-b775-4c03-9a7c-83deebadf4c0,2024-04-24 08:01:00,2c7c0b40-21e5-4026-b405-3281a1c094fa,700,43,743
e64cd196-34dd-4d7b-8578-5d8ff1a284a3,6c89e693-e895-44dc-b33d-28f79f7c619b,2024-04-24 09:15:00,2c7c0b40-21e5-4026-b405-3281a1c094fa,600,37,637
bd9883ec-3bb4-4b4f-a3a8-a7137ccdcb33,32e90055-dc31-432b-8858-e6a60f312009,2024-04-24 17:45:00,2c7c0b40-21e5-4026-b405-3281a1c094fa,1900,118,2018
795d9bcf-5105-48fa-b943-0768a788cb55,7819dde7-1b51-4fa3-8f8a-05d4753ded13,2024-04-24 07:02:00,2c7c0b40-21e5-4026-b405-3281a1c094fa,400,25,425
3f38a5b5-5edf-41c5-a776-d06a72d4da38,30a2f263-f55c-4b89-83d1-c19eee532a38,2024-04-24 07:55:00,2c7c0b40-21e5-4026-b405-3281a1c094fa,600,37,637
068d2454-2512-4043-a647-a30ecdeb0848,25be8c41-9718-48cd-b694-0be70c58545a,2024-04-24 09:56:00,2c7c0b40-21e5-4026-b405-3281a1c094fa,0,0,0
f61d99f6-6a1c-48ea-8a67-8236f6f00a07,2c23560c-f644-4386-bfbe-a9743f443c42,2024-04-24 08:36:00,2c7c0b40-21e5-4026-b405-3281a1c094fa,400,25,425
a4715fba-b5c0-4174-9e49-97439576c54c,e083c7ff-a159-4823-9314-09d3984c3785,2024-04-24 18:24:00,2c7c0b40-21e5-4026-b405-3281a1c094fa,1800,112,1912
bdc7d161-6f6e-4358-86b0-d6233be04dcd,696f0c48-8a40-4f8f-8859-0850ae368437,2024-04-24 11:49:00,2c7c0b40-21e5-4026-b405-3281a1c094fa,1800,112,1912
b71b3eac-34e4-4d86-ae04-9501ed284dc2,017ee500-8ec5-4a50-b74c-95520f0a8958,2024-04-24 17:24:00,2c7c0b40-21e5-4026-b405-3281a1c094fa,400,25,425
d89723e5-0072-448f-ae8f-df9aa27579dc,99f8915a-b1ec-40a3-ae24-14f3dd694d12,2024-04-24 07:41:00,2c7c0b40-21e5-4026-b405-3281a1c094fa,400,25,425
f9565c17-af44-4725-a7af-1116c20c0f06,8d3cdf25-82d6-4a3d-84c4-f2e0a031b3fe,2024-04-24 17:21:00,2c7c0b40-21e5-4026-b405-3281a1c094fa,1800,112,1912
8653f7cd-9bb6-43b8-a000-ed9e68bd1ca1,92b731d0-8f4e-4454-927b-c08037930a62,2024-04-24 16:33:00,2c7c0b40-21e5-4026-b405-3281a1c094fa,1700,106,1806
60b29acb-a930-40a5-a719-1e6566755b89,268ffc49-8df7-491e-a596-028aa31492ef,2024-04-24 08:01:00,2c7c0b40-21e5-4026-b405-3281a1c094fa,600,37,637
1d23a93d-d8ad-4bb7-9ae8-f978e2a97f59,3220d599-e583-4cac-9428-261bd8e3b069,2024-04-24 16:55:00,2c7c0b40-21e5-4026-b405-3281a1c094fa,600,37,637
1786484a-0f94-4581-9ca5-000e60a25f2e,13e3079f-03dd-42f2-875c-90e6e64a0aae,2024-04-24 12:11:00,2c7c0b40-21e5-4026-b405-3281a1c094fa,500,31,531
da4504ed-29e7-4458-b870-3f3e95b8f3cb,31f31b8a-1ee1-4be0-8d9d-246512c978f5,2024-04-24 16:26:00,2c7c0b40-21e5-4026-b405-3281a1c094fa,400,25,425
b4795c20-e81a-4473-9dfe-ac8f9215a247,a2bf5af8-fc65-4552-84a0-265009d977a5,2024-04-24 14:27:00,2c7c0b40-21e5-4026-b405-3281a1c094fa,600,37,637
ca4d7037-72c2-46e3-8c6a-895e3162a12d,0f5163de-14a7-4833-a294-13d3aae250f3,2024-04-24 08:04:00,2c7c0b40-21e5-4026-b405-3281a1c094fa,600,37,637
f50c4e24-767c-4327-b574-8a17bc3a61a6,60bc1e14-fc8d-459f-9069-ea94123b17f3,2024-04-24 09:45:00,2c7c0b40-21e5-4026-b405-3281a1c094fa,0,0,0
30e6726c-b754-4ad4-a30b-09d1b28f4ef1,2228ab7c-91a4-4cac-bebb-8e8f096524b0,2024-04-24 08:05:00,2c7c0b40-21e5-4026-b405-3281a1c094fa,600,37,637
ef9c7d62-3e36-439d-bcbe-78f6ea51fad1,8e784b74-ab3c-4e1d-ac1d-668719158894,2024-04-24 07:11:00,2c7c0b40-21e5-4026-b405-3281a1c094fa,600,37,637
3a06bbac-a441-475b-89e8-bc5f3794c962,151f36a5-f3cb-4188-b34c-1964b4fcebbe,2024-04-24 16:21:00,2c7c0b40-21e5-4026-b405-3281a1c094fa,1600,100,1700
396940e4-2e7f-4a43-a89e-1a2f0ac9abaa,f2ed3dee-af64-4cc3-abb6-22d3764641b7,2024-04-24 08:34:00,2c7c0b40-21e5-4026-b405-3281a1c094fa,400,25,425
1bea5c3d-4d06-42c5-82c8-3f2c8ec3d6a9,c77b07ea-c37e-41a3-95f1-813c1f7879db,2024-04-24 08:11:00,2c7c0b40-21e5-4026-b405-3281a1c094fa,700,43,743
0993d76e-97b7-4959-be62-75553f933b04,8fb4658e-e123-42df-8e77-a6ed29fc5f38,2024-04-24 13:02:00,2c7c0b40-21e5-4026-b405-3281a1c094fa,400,25,425
98f04ef9-4f99-41dc-9f02-02454d527596,731a3243-ba6e-4903-ad46-9d414fd8964f,2024-04-24 11:46:00,2c7c0b40-21e5-4026-b405-3281a1c094fa,600,37,637
f0e2a60a-8eb6-47fe-95d5-a094414ff03a,27ed9719-c79b-40e1-8104-2725a63c045d,2024-04-24 08:03:00,2c7c0b40-21e5-4026-b405-3281a1c094fa,700,43,743
0e87cdd2-0fac-4802-b904-01ecec48fe31,3e5b15ad-2b58-4454-bd44-3bef2aee95bb,2024-04-24 10:42:00,2c7c0b40-21e5-4026-b405-3281a1c094fa,700,43,743
a00c285c-38a0-446e-bdf3-6ee985b18e46,198d803b-ea1a-4a2f-8e03-df5350c8f196,2024-04-24 18:41:00,2c7c0b40-21e5-4026-b405-3281a1c094fa,600,37,637
06dc78f3-8b04-464a-b98f-bec31f265882,f4077df6-3f65-49a0-8b0a-6832b2d150f1,2024-04-24 08:17:00,2c7c0b40-21e5-4026-b405-3281a1c094fa,600,37,637
7be6e4ba-83d6-414c-8a24-8a656d7257f6,0e0470a9-b5e2-4230-82fe-65e5ca22fb62,2024-04-24 10:34:00,2c7c0b40-21e5-4026-b405-3281a1c094fa,600,37,637
436c322a-223d-49ca-aa37-7f4e42da420b,7ccf52c5-9a61-4cdd-b066-1861d44d7118,2024-04-24 18:02:00,2c7c0b40-21e5-4026-b405-3281a1c094fa,600,37,637
77297f71-4549-4c8a-950b-8f9727b7dd7a,2c03dde5-9104-4078-95cc-262c4d4e306c,2024-04-24 19:16:00,2c7c0b40-21e5-4026-b405-3281a1c094fa,700,43,743
845ff583-6343-43d5-b270-24f0c253c7cb,ac4afb8d-0558-4ead-8f52-e442e2dd4924,2024-04-24 08:00:00,2c7c0b40-21e5-4026-b405-3281a1c094fa,600,37,637
6a40cf5e-d1c3-45b8-8e92-da695d9b9daf,877008e3-94f7-4843-a311-34a98d98fade,2024-04-24 10:08:00,2c7c0b40-21e5-4026-b405-3281a1c094fa,1700,106,1806
00726b33-a41c-4cfd-8623-4d8e5f631bae,01eafdd9-7ae4-4fc1-81eb-f1b2360d17f6,2024-04-24 14:32:00,2c7c0b40-21e5-4026-b405-3281a1c094fa,700,43,743
ab8c3888-64bb-4bd5-93ef-26eaf54206e6,36439b4b-c7f8-4010-8000-f370ee29e661,2024-04-24 14:26:00,2c7c0b40-21e5-4026-b405-3281a1c094fa,400,25,425
75922338-ad98-4259-8879-0db42331f517,b9d253c1-b0be-4045-ad56-78846256bc9b,2024-04-24 08:59:00,2c7c0b40-21e5-4026-b405-3281a1c094fa,600,37,637
d6e774e2-6987-4829-94da-b0a3bfaf02b3,a199f995-f93f-450a-9dd2-4747e733f032,2024-04-24 07:39:00,2c7c0b40-21e5-4026-b405-3281a1c094fa,500,31,531
6a6022c2-adb2-4d7b-8c9d-d4cb49062de2,6aa2e9f4-298e-4a00-ae30-40341edc970b,2024-04-24 15:02:00,2c7c0b40-21e5-4026-b405-3281a1c094fa,500,31,531
5d54f8ed-3d95-4568-b36c-35ddff06ad12,9e954843-2542-4dcb-b42b-15afeb6f54b1,2024-04-24 16:00:00,2c7c0b40-21e5-4026-b405-3281a1c094fa,700,43,743
98e295f5-cd85-4d54-89b3-af8b95f80016,6a70bb64-0e00-43ef-9d71-59e6ff9d605f,2024-04-24 08:36:00,2c7c0b40-21e5-4026-b405-3281a1c094fa,400,25,425
abd48fc7-b6bc-436a-a8bb-eb50923fcbbd,e3194d11-8cfa-45a1-bf58-318f63ed3179,2024-04-24 07:52:00,2c7c0b40-21e5-4026-b405-3281a1c094fa,500,31,531
258e5573-36b5-429f-83f6-0ff563b644a9,95d47085-8645-4f96-bfdb-3e8d8280e39e,2024-04-24 13:53:00,2c7c0b40-21e5-4026-b405-3281a1c094fa,700,43,743
d9b76a2d-30a8-48c3-9a5e-a62ad43ad4a1,de26451c-3959-420f-a098-380adce42371,2024-04-24 09:12:00,2c7c0b40-21e5-4026-b405-3281a1c094fa,1600,100,1700
149daf3f-b6a5-49fe-b4b3-fe19b1b84e50,0b4e3ffe-f5f7-4114-b024-c6db96ded07c,2024-04-24 08:01:00,2c7c0b40-21e5-4026-b405-3281a1c094fa,700,43,743
e4dff8e6-baf7-4f2b-9153-966830635e01,af2f7eac-f0fd-47b3-950c-56407269efef,2024-04-24 15:26:00,2c7c0b40-21e5-4026-b405-3281a1c094fa,600,37,637
621549b9-23a5-4b2e-84f6-9b756808957d,f76e7677-2b6c-436a-b99c-2c46889222e6,2024-04-24 14:32:00,2c7c0b40-21e5-4026-b405-3281a1c094fa,1300,81,1381
cf651438-891c-4feb-8422-5ac49c8be4d4,fcf524b5-1c15-4765-bd62-40fd2d094003,2024-04-24 11:10:00,2c7c0b40-21e5-4026-b405-3281a1c094fa,400,25,425
5f59662b-fce2-49f6-955f-a3c3f7681d7f,125ad5f0-4a79-4f14-b3a4-47a0d92e2f72,2024-04-24 17:37:00,2c7c0b40-21e5-4026-b405-3281a1c094fa,600,37,637
7492e257-6010-4f34-95d1-810034da0ed7,04f0e58e-9310-4613-9620-9d86a9aac81e,2024-04-24 08:17:00,2c7c0b40-21e5-4026-b405-3281a1c094fa,400,25,425
ad6193f4-4bd4-4538-8f81-8e9365f52110,f108b09a-f3b1-4d80-b3d3-0610542982ea,2024-04-24 07:30:00,2c7c0b40-21e5-4026-b405-3281a1c094fa,400,25,425
e0c024de-625f-4a68-aaa5-c0655ba9c0ba,1d4f1fe4-7afc-4f0f-b019-c1e2b9c4d001,2024-04-24 07:36:00,2c7c0b40-21e5-4026-b405-3281a1c094fa,600,37,637
ab317208-be8f-443a-9607-56ff7c698cd8,e936075e-f265-47cf-9324-35d6187af866,2024-04-24 12:39:00,2c7c0b40-21e5-4026-b405-3281a1c094fa,600,37,637
dacd3964-3228-45ff-858b-974e6511047f,5ee74f0a-6394-489c-9731-e60841833a9f,2024-04-24 13:31:00,2c7c0b40-21e5-4026-b405-3281a1c094fa,1700,106,1806
8dad599d-61dc-4bee-bcc7-8d3fdb44d4c2,2b0dd3ef-74b8-4b6a-bd42-b747870fbd42,2024-04-24 07:05:00,2c7c0b40-21e5-4026-b405-3281a1c094fa,500,31,531
138cc70f-eed5-48d2-be95-4be5b4e932cb,46b591a6-100d-4561-ab0e-fc8d82150821,2024-04-24 13:03:00,2c7c0b40-21e5-4026-b405-3281a1c094fa,400,25,425
67a0d2ff-c818-4899-98ca-5d49968009f5,e514ebbf-5c53-4da6-a747-46f269467d0a,2024-04-24 11:44:00,2c7c0b40-21e5-4026-b405-3281a1c094fa,1300,81,1381
f86018d3-1293-4184-99e3-db80e650e1cc,f58ade35-beb2-412f-a459-0684fedf4d28,2024-04-24 08:16:00,2c7c0b40-21e5-4026-b405-3281a1c094fa,700,43,743
d4c9121f-62af-4ed6-ac0d-48024a7d8c9a,e9ed64ae-e9bc-49a1-956f-fb7c07e2f289,2024-04-24 08:27:00,2c7c0b40-21e5-4026-b405-3281a1c094fa,600,37,637
1c081f57-7902-4e5f-b765-c44016e116b9,0dbb4c55-b011-4c87-a456-6bb698852d78,2024-04-24 18:38:00,2c7c0b40-21e5-4026-b405-3281a1c094fa,1600,100,1700
6b769e11-a66c-4cd4-a281-c39054609f20,ad406609-038c-4d8f-908b-29eb83eddb40,2024-04-24 08:28:00,2c7c0b40-21e5-4026-b405-3281a1c094fa,600,37,637
aa9a460c-305b-4491-88d7-994dd314941b,74c597ea-d195-4bd1-aa04-e427bec2fa17,2024-04-24 07:50:00,2c7c0b40-21e5-4026-b405-3281a1c094fa,700,43,743
796b7535-56da-4255-bab0-3bb5d6658ac2,4cce8105-937e-47f6-a79a-245b6422e04f,2024-04-24 08:15:00,2c7c0b40-21e5-4026-b405-3281a1c094fa,700,43,743
0f25cf50-c761-4eb5-a55a-8bc42a9d6f48,2ff62908-2a68-4369-9d9c-86aa573ca4f2,2024-04-24 18:24:00,2c7c0b40-21e5-4026-b405-3281a1c094fa,1900,118,2018
75b83804-9ce2-4a26-a6dd-cb6937238770,54505263-9477-4b44-99d7-c3c1cb5b9ae8,2024-04-24 13:07:00,2c7c0b40-21e5-4026-b405-3281a1c094fa,1400,87,1487
b9b4ab30-a1db-4a7d-828d-4cd0ca7299c0,515cc3da-fd37-487d-a219-a1632ba5e280,2024-04-24 15:57:00,2c7c0b40-21e5-4026-b405-3281a1c094fa,600,37,637
79faff04-4eaa-449e-9903-ca9c735552f3,d88640a1-b1be-4103-b8e4-b43117d8244c,2024-04-24 11:32:00,2c7c0b40-21e5-4026-b405-3281a1c094fa,500,31,531
fbc9f25e-c1a0-484c-807e-45862a8d25c8,f09b7477-29b1-4d00-800b-d12d278ac830,2024-04-24 15:36:00,2c7c0b40-21e5-4026-b405-3281a1c094fa,2000,125,2125
337e32bb-1059-4d85-aad1-30e265959c23,80e1531e-0b86-460a-84d1-e56dedaabaa2,2024-04-24 16:17:00,2c7c0b40-21e5-4026-b405-3281a1c094fa,500,31,531
87500962-abbf-4879-acd7-40c7afd2677f,fd31aa05-c88c-426d-9cd4-1bb676a9aab0,2024-04-24 10:26:00,2c7c0b40-21e5-4026-b405-3281a1c094fa,500,31,531
0ab8c31b-9b37-4561-8cd2-4e3dd0959c6d,717b775b-5eaa-463e-ba45-ac45e63cc1ca,2024-04-24 10:58:00,2c7c0b40-21e5-4026-b405-3281a1c094fa,2200,137,2337
c93b4048-ae4a-466d-a164-9f55f10b5580,290a6471-6527-42db-8a85-6452a351b89d,2024-04-24 09:01:00,2c7c0b40-21e5-4026-b405-3281a1c094fa,400,25,425
09f29ca9-5582-4526-954e-1468e8f7f48a,f89fcee5-0944-4ab1-b8f9-7b894803324b,2024-04-24 13:09:00,2c7c0b40-21e5-4026-b405-3281a1c094fa,700,43,743
b2e33fe7-9992-4615-83e9-9bead38fa418,32a7e957-1f4f-4b39-8809-e6b90a909480,2024-04-24 13:34:00,2c7c0b40-21e5-4026-b405-3281a1c094fa,700,43,743
a4b18be1-16f2-4112-bf82-497fe04f9a4f,5ce71596-3a6b-4485-b3e0-f1ea2226a655,2024-04-24 15:24:00,2c7c0b40-21e5-4026-b405-3281a1c094fa,1700,106,1806
f5ba0d6a-3a05-455b-bfe3-efcc84094fa3,0ddc410e-f67a-4ea5-8b59-8efea281727e,2024-04-24 08:11:00,2c7c0b40-21e5-4026-b405-3281a1c094fa,600,37,637
3f66e7b9-6eb7-4a5c-96eb-6a7defa0f45d,09a6f48f-08f7-4722-876e-34a69cd5afe0,2024-04-24 07:42:00,2c7c0b40-21e5-4026-b405-3281a1c094fa,600,37,637
0bc575ba-8d72-4081-8ed3-bae07fb0b7fd,da04cf5e-9160-4b55-b29b-bac89e3efdef,2024-04-24 15:51:00,2c7c0b40-21e5-4026-b405-3281a1c094fa,400,25,425
b97f5dd7-a62f-4827-b5bf-0b93e0e853e8,61221960-ce6c-49aa-9007-6deaee1fe79c,2024-04-24 08:11:00,2c7c0b40-21e5-4026-b405-3281a1c094fa,600,37,637
bf1759ec-bcb4-4c41-b397-e3dd20210553,fa87813c-8642-4647-819a-d45cdf464ec7,2024-04-24 16:41:00,2c7c0b40-21e5-4026-b405-3281a1c094fa,400,25,425
b8df2da3-55eb-416c-a6d4-be4f3b48e108,95f8367b-c25a-481d-920e-5020e5aa6357,2024-04-24 13:50:00,2c7c0b40-21e5-4026-b405-3281a1c094fa,2300,143,2443
ad915ab0-fd58-4095-a802-9a6417cb11e0,e4f06dfc-7b35-4388-8282-b5649cafa195,2024-04-24 17:15:00,2c7c0b40-21e5-4026-b405-3281a1c094fa,600,37,637
3ccf1ab3-70f2-4600-a9d9-caba30e579e0,9258bdcd-9fa0-41f5-9ea0-8fa72ab25157,2024-04-24 08:29:00,2c7c0b40-21e5-4026-b405-3281a1c094fa,600,37,637
b16132e6-14d6-4b28-97c1-a60ad6a22f34,183fa501-3888-47e3-a4ed-901c09ef0c11,2024-04-24 12:06:00,2c7c0b40-21e5-4026-b405-3281a1c094fa,1200,75,1275
6323573b-a889-48e7-881a-bba126115b24,edf93937-7467-4cbe-be92-0abc0bc28432,2024-04-24 12:48:00,2c7c0b40-21e5-4026-b405-3281a1c094fa,600,37,637
cdbf94c6-4202-408c-b48e-3b461134365d,fa75a7cf-2ade-467f-9125-602e50dd7cda,2024-04-24 14:05:00,2c7c0b40-21e5-4026-b405-3281a1c094fa,500,31,531
9b47d443-eb5c-4970-8c6e-5f991e5ffab9,fa86383d-5c05-4a18-b6eb-6f97cf794762,2024-04-24 08:21:00,2c7c0b40-21e5-4026-b405-3281a1c094fa,700,43,743
ee7d5c25-a98c-46de-927b-b49662b762b1,ed2302d8-540f-40f6-b8ba-1a50086e909b,2024-04-24 14:27:00,2c7c0b40-21e5-4026-b405-3281a1c094fa,1500,93,1593
aae3529e-ad78-4a1e-9669-68fe6cac884a,225cedf2-e2bb-48d4-9737-4b90a89aa988,2024-04-24 10:11:00,2c7c0b40-21e5-4026-b405-3281a1c094fa,1300,81,1381
22aeb66f-1414-41b4-99c3-dc0716ea0d0b,a8dd9b84-ec8e-4a39-b972-077d70029935,2024-04-24 15:48:00,2c7c0b40-21e5-4026-b405-3281a1c094fa,1900,118,2018
819f882a-a082-4cc1-a9ad-a684fc984c84,af3dc3c6-d7d9-4803-90d7-b55e79b22d76,2024-04-24 08:21:00,2c7c0b40-21e5-4026-b405-3281a1c094fa,500,31,531
e0a422de-64e0-4636-be7f-34d202cdbca8,84de3748-fd9b-41aa-b434-1b4d8c45b7f8,2024-04-24 18:19:00,2c7c0b40-21e5-4026-b405-3281a1c094fa,500,31,531
3124c31d-3f58-4090-bb2d-7a536beef1b0,ffaf2c96-a99d-4903-a02b-7e5eb0994fa5,2024-04-24 18:11:00,2c7c0b40-21e5-4026-b405-3281a1c094fa,400,25,425
32043f20-7d4d-48d6-8cbe-dc508520c43f,7187df43-a9cd-4d7d-9c30-f9bd4c359acd,2024-04-24 07:22:00,2c7c0b40-21e5-4026-b405-3281a1c094fa,700,43,743
3e4cc8eb-0a11-45b3-ac78-ff4234715bed,5ad9d2fc-7fb9-404c-a18e-7ef4de86de05,2024-04-24 13:14:00,2c7c0b40-21e5-4026-b405-3281a1c094fa,600,37,637
f7a97648-f34e-48d0-86ba-18cacee57506,d9e29bad-fb1a-4823-b64a-387f3730d778,2024-04-24 08:19:00,2c7c0b40-21e5-4026-b405-3281a1c094fa,600,37,637
95f9dad6-3ee2-4987-9634-0d2b339c424a,5d20b1af-4da2-4c21-9162-be96e4a17e16,2024-04-24 14:10:00,2c7c0b40-21e5-4026-b405-3281a1c094fa,500,31,531
98d5f81a-23cb-4770-ad9c-373b9f7bce02,1edc0be5-374b-4971-b3e7-22d6827cc5af,2024-04-24 14:19:00,2c7c0b40-21e5-4026-b405-3281a1c094fa,1800,112,1912
86de7233-d5d4-4615-ac8e-e18be0383948,5d522def-3044-4408-8540-042f8cff562b,2024-04-24 10:38:00,2c7c0b40-21e5-4026-b405-3281a1c094fa,900,56,956
30cc3812-2882-4865-a2c5-ff556324dbd2,37cde76d-d177-41a0-bb0b-6c40df3f37b1,2024-04-24 07:48:00,2c7c0b40-21e5-4026-b405-3281a1c094fa,600,37,637
7489c32a-6efb-46e5-8143-f325cd080e99,490eb03b-b6c7-4dc9-81db-76fc63f7e94e,2024-04-24 16:22:00,2c7c0b40-21e5-4026-b405-3281a1c094fa,1000,62,1062
da2c150c-260b-41b3-a4ca-1bd21928005c,90b91ce7-46e2-4b12-baa8-2cdfa15656ea,2024-04-24 08:53:00,2c7c0b40-21e5-4026-b405-3281a1c094fa,400,25,425
29af5d44-e5b8-4902-adc1-b5df594494ac,fadca7a4-2277-45c8-88aa-ee9f34bf341f,2024-04-24 13:36:00,2c7c0b40-21e5-4026-b405-3281a1c094fa,1400,87,1487
a75b2eaa-267e-48c6-a7a9-30a5a370e9cf,4f65c9cf-09ca-407b-9eb9-d1927236fed1,2024-04-24 11:27:00,2c7c0b40-21e5-4026-b405-3281a1c094fa,700,43,743
8eb4f49a-c76a-4e5e-a0fe-2194e6c455e7,04f23052-0975-4fc5-b516-b502a44254eb,2024-04-24 13:07:00,2c7c0b40-21e5-4026-b405-3281a1c094fa,1100,68,1168
d1d0fb41-864c-4854-baeb-625cdcdc78fb,6580d0a6-b610-43c9-98b4-0b3a4d35181f,2024-04-24 08:28:00,2c7c0b40-21e5-4026-b405-3281a1c094fa,700,43,743
c2dd81f7-ae1c-49a3-a7e5-fc39432abe3a,ea7f3c07-7866-45ed-9af2-75c96025c924,2024-04-24 18:04:00,2c7c0b40-21e5-4026-b405-3281a1c094fa,2000,125,2125
a8385988-ebc5-4a68-8eaf-42c2a1c478e1,3b910127-b73e-48af-add0-951120f9c1c7,2024-04-24 18:29:00,2c7c0b40-21e5-4026-b405-3281a1c094fa,1800,112,1912
fec25b56-dc6e-427b-a6d5-892a26e7a197,8b7c60db-4f5b-40d2-ac84-2a4e24196bd3,2024-04-24 08:33:00,2c7c0b40-21e5-4026-b405-3281a1c094fa,500,31,531
7da7d19a-0573-4098-a2ad-9c8ad9964c85,d9f56e87-a63f-42db-a715-ecfd7c776e6c,2024-04-24 08:18:00,2c7c0b40-21e5-4026-b405-3281a1c094fa,600,37,637
fb6fe045-fb55-4e0f-8631-aea2240cee5c,914a31cb-ac05-4d33-84c3-8ba56558f6fb,2024-04-24 07:47:00,2c7c0b40-21e5-4026-b405-3281a1c094fa,500,31,531
4c6e0af6-da72-4cfe-a3f6-de2eb022fe51,5ae067ce-c89b-429a-bfd8-835bd4f6c745,2024-04-24 12:56:00,2c7c0b40-21e5-4026-b405-3281a1c094fa,600,37,637
486d0e0e-d47e-452b-82b3-0a5969b4c4cc,13762769-d697-4b42-a879-4f97cf15f390,2024-04-24 10:28:00,2c7c0b40-21e5-4026-b405-3281a1c094fa,2800,175,2975
e0c32699-c36a-443a-9e44-0fecd05c7e1f,73351b1f-87c4-4ec1-a2d3-0c7034a48f70,2024-04-24 13:20:00,2c7c0b40-21e5-4026-b405-3281a1c094fa,1800,112,1912
c7065177-4e75-42b2-a05a-ae19b747c8ad,3fd3b778-820c-446d-9461-9dfda90aa25e,2024-04-24 08:04:00,2c7c0b40-21e5-4026-b405-3281a1c094fa,500,31,531
40ee7731-4926-48bc-93b7-6542f7b7e407,42e5a617-ec38-425c-aec8-2dc4ef5a53d7,2024-04-24 12:28:00,2c7c0b40-21e5-4026-b405-3281a1c094fa,1600,100,1700
79d06394-72d1-42fc-b8ec-aaab90cfb293,163f378a-a94c-4a9c-b6f0-53730585540a,2024-04-24 10:24:00,2c7c0b40-21e5-4026-b405-3281a1c094fa,700,43,743
12707171-2b86-446c-ab09-37da08a0b657,d80e2256-edee-4660-8e37-21cb670389f5,2024-04-24 16:24:00,2c7c0b40-21e5-4026-b405-3281a1c094fa,1800,112,1912
c2ffc4b1-b33a-469e-b830-2795d738d878,6d71309e-800a-463c-80cc-de411ebe5c20,2024-04-24 14:33:00,2c7c0b40-21e5-4026-b405-3281a1c094fa,1200,75,1275
18a37d70-8be2-4ef5-b650-5713730499da,d9731a0e-c5f3-4a28-a7b7-108045d90039,2024-04-24 11:43:00,2c7c0b40-21e5-4026-b405-3281a1c094fa,600,37,637
3736f68f-4d38-4663-8da3-15f32a7234c1,af23a8f9-7c01-484b-948c-15c04b633ecb,2024-04-24 14:34:00,2c7c0b40-21e5-4026-b405-3281a1c094fa,400,25,425
598dd661-2e74-46f4-8506-7c20d0e27e12,57bc2478-af54-4b82-b035-3989f131d138,2024-04-24 16:29:00,2c7c0b40-21e5-4026-b405-3281a1c094fa,2100,131,2231
07f12df5-a612-4cff-816d-fdc8fa623377,6a4c7390-cd12-4f21-867f-1fd27ed0529f,2024-04-24 14:59:00,2c7c0b40-21e5-4026-b405-3281a1c094fa,500,31,531
e89bae45-321a-48a4-a7f1-80bfeeb4d3db,d689cb26-458f-402b-aa4a-aae632f9d57d,2024-04-24 07:59:00,2c7c0b40-21e5-4026-b405-3281a1c094fa,400,25,425
8af01f9e-a4a8-4769-91be-3730f592a31e,bd05b338-26ea-4d55-b01c-de4c82c0f0e3,2024-04-24 14:38:00,2c7c0b40-21e5-4026-b405-3281a1c094fa,900,56,956
3b7856f1-007f-4ff4-be79-26d992f6fa54,ec200c8d-8fb0-4370-a443-0ef74c624392,2024-04-24 08:04:00,2c7c0b40-21e5-4026-b405-3281a1c094fa,500,31,531
4eb43c0e-4ad0-47a8-9359-4b81051fe0ad,d9cc6c50-9928-4d4f-8750-24817ff2bc24,2024-04-24 08:59:00,2c7c0b40-21e5-4026-b405-3281a1c094fa,600,37,637
f3ff6c90-b9b8-4902-95cb-40a26d916718,4d56719c-923f-4b2e-ad9b-fb3f63869a1c,2024-04-24 13:37:00,2c7c0b40-21e5-4026-b405-3281a1c094fa,1000,62,1062
d87afd1a-0160-45b3-8c77-ca5dab2da5b4,cb4b008e-1007-492c-80f1-c341d3956d37,2024-04-24 07:00:00,2c7c0b40-21e5-4026-b405-3281a1c094fa,1200,75,1275
163cdcdd-0f34-4621-83bc-4f02bea5499b,f42f9a30-6970-4860-a605-2683706990ab,2024-04-24 13:30:00,2c7c0b40-21e5-4026-b405-3281a1c094fa,1100,68,1168
30dc586b-6a2b-40b3-9a84-febbc421d9b1,a0928352-1d2e-4ed9-99d4-1322339e4cc0,2024-04-24 17:26:00,2c7c0b40-21e5-4026-b405-3281a1c094fa,400,25,425
43e56b66-717f-49c2-b822-7c1a31a761a3,dea24063-82bc-4e4d-8ff1-ce2ad51ba43c,2024-04-24 14:53:00,2c7c0b40-21e5-4026-b405-3281a1c094fa,1700,106,1806
123cab0e-9413-4e1e-a0fc-1c90fb6100a9,486db919-e6fe-40eb-b3f3-154c0426a1e0,2024-04-24 15:41:00,2c7c0b40-21e5-4026-b405-3281a1c094fa,500,31,531
fc8649ad-c323-4377-98ef-da3bf9e4f949,5ef51cb8-5373-43ab-baa8-bc0bf0b1f03a,2024-04-24 07:57:00,2c7c0b40-21e5-4026-b405-3281a1c094fa,600,37,637
2a7d11fd-fdee-4d35-920f-af365d967b27,1e3c848c-e4ec-483c-9ae8-52d3965fd30f,2024-04-24 14:53:00,2c7c0b40-21e5-4026-b405-3281a1c094fa,500,31,531
0df921b2-51e6-46b4-a4b9-52ad208bbe5d,82ffeefb-7c59-4625-be1d-d1a60cf599e0,2024-04-24 16:33:00,2c7c0b40-21e5-4026-b405-3281a1c094fa,1500,93,1593
eca86d79-5538-4076-b977-851df1a1d198,776c8db3-e7d4-427e-b6ac-9c5b6d3c9a95,2024-04-24 17:03:00,2c7c0b40-21e5-4026-b405-3281a1c094fa,600,37,637
c9fd85e7-19eb-4513-b639-0c218914a0de,8d2e11c2-d6a5-4854-bd30-4e74fda2e172,2024-04-24 11:43:00,2c7c0b40-21e5-4026-b405-3281a1c094fa,600,37,637
62bf4d00-eaad-4dc7-88d0-144cf97868be,c63d7b39-84c4-496f-9e49-b022d4c67379,2024-04-24 11:58:00,2c7c0b40-21e5-4026-b405-3281a1c094fa,700,43,743
3c4eb2d3-c438-4c95-911a-8b145b4d4b19,567ad296-7827-479a-904c-03986fcd533f,2024-04-24 12:47:00,2c7c0b40-21e5-4026-b405-3281a1c094fa,1800,112,1912
d7e38554-0282-4c7e-afec-d428f8a00284,6ccf4269-e194-462e-8c01-8c5955d6bd1c,2024-04-24 07:47:00,2c7c0b40-21e5-4026-b405-3281a1c094fa,600,37,637
84bb4e14-bf03-405f-a294-f3a2ea64d041,2e832c93-3fe2-48f3-9c75-853ddcc51188,2024-04-24 17:25:00,2c7c0b40-21e5-4026-b405-3281a1c094fa,700,43,743
a2e759b6-62a0-453c-928c-c1f5f5f6f4a3,e3031c45-e8dc-4f53-a9d9-d3d2d6da4eab,2024-04-24 08:01:00,2c7c0b40-21e5-4026-b405-3281a1c094fa,600,37,637
56f3055c-c349-4c23-80af-c7de819809ec,f438a665-870f-4f64-b48e-1ee83bfc1aba,2024-04-24 14:42:00,2c7c0b40-21e5-4026-b405-3281a1c094fa,1600,100,1700
856109cc-7bf4-44fc-a54a-f535576f8d90,c9cbb253-97c7-485c-b85f-451a18192201,2024-04-24 07:52:00,2c7c0b40-21e5-4026-b405-3281a1c094fa,500,31,531
6c558067-2dd0-4055-8672-7b2c9da55304,c23880b8-861f-4efd-b8d3-ecef7a43da0a,2024-04-24 13:07:00,2c7c0b40-21e5-4026-b405-3281a1c094fa,600,37,637
3d758d93-e6f0-48df-8db6-ddd2ecac6f5f,6baf1e46-52c6-4e6d-8297-848fe09a0a7d,2024-04-24 16:02:00,2c7c0b40-21e5-4026-b405-3281a1c094fa,4900,306,5206
dad9e298-486d-445e-afd8-8700f031d7c9,73ffeb0a-1eff-45da-a196-7ff2b71038cd,2024-04-24 11:06:00,2c7c0b40-21e5-4026-b405-3281a1c094fa,1400,87,1487
e50c55cd-62c0-4e9c-adb9-bac8f58b1333,c9caa866-c448-4027-ac51-350ceb472f0a,2024-04-24 07:14:00,2c7c0b40-21e5-4026-b405-3281a1c094fa,500,31,531
8462cffb-54a9-429b-ba8e-69813a5b57e8,ee6f24e9-513d-4727-a83d-116c25f2ddf4,2024-04-24 13:16:00,2c7c0b40-21e5-4026-b405-3281a1c094fa,1100,68,1168
b6b942c0-b417-41ba-8c9f-8d9ca288d22b,db5e3f4e-dde6-4508-91d0-251e70e0270f,2024-04-24 15:38:00,2c7c0b40-21e5-4026-b405-3281a1c094fa,700,43,743
2d3cf8ef-278a-4fd7-861a-3c400f21b990,870e9d5f-72b4-4c42-a21f-7cdae3df8999,2024-04-24 07:48:00,2c7c0b40-21e5-4026-b405-3281a1c094fa,400,25,425
52ec277c-a37f-4bf8-92d4-8a533d3ca9a4,88895029-7409-4d53-bf53-9da65334592c,2024-04-24 13:51:00,2c7c0b40-21e5-4026-b405-3281a1c094fa,1000,62,1062
79c34cbd-c921-4552-9b35-feb7123fcc87,98dd44e0-8267-41d7-9ab7-2ec70d317edd,2024-04-24 07:19:00,2c7c0b40-21e5-4026-b405-3281a1c094fa,500,31,531
781acebc-f442-4933-b5e6-8115c4134dd9,a3a3e27d-80d7-45cc-9c5a-cb1314ccedc3,2024-04-24 08:42:00,2c7c0b40-21e5-4026-b405-3281a1c094fa,2400,150,2550
e7a44513-e887-4657-b395-32e5e0d01b7c,21ad42ca-b172-460f-b87d-eb3146cfd7ab,2024-04-24 11:51:00,2c7c0b40-21e5-4026-b405-3281a1c094fa,600,37,637
25c68581-0a28-4660-8b4c-1900ce139e00,a6ba0baa-029e-4a9f-9825-b8af7fc606db,2024-04-24 08:49:00,2c7c0b40-21e5-4026-b405-3281a1c094fa,600,37,637
4b14b0dd-2fab-4c1c-a330-0601a59a9d9c,add5cadc-19b7-496f-be99-3ea4577090a8,2024-04-24 14:22:00,2c7c0b40-21e5-4026-b405-3281a1c094fa,1000,62,1062
869c0657-ef06-43e2-bff1-544be6848d34,55fba3bd-b699-4784-aa0f-02eee2bb0505,2024-04-24 15:11:00,2c7c0b40-21e5-4026-b405-3281a1c094fa,1800,112,1912
51453708-d29c-4c66-8f77-530d1d32bbbd,86ac6875-25e6-46a1-a433-e627e828fd82,2024-04-24 10:37:00,2c7c0b40-21e5-4026-b405-3281a1c094fa,600,37,637
588af332-0ba2-440e-a017-782ac9867d21,0152df6e-ca2a-4b7f-992b-a8820c211120,2024-04-24 16:29:00,2c7c0b40-21e5-4026-b405-3281a1c094fa,2300,143,2443
d69d9c5a-7f0a-4507-8a6e-5fe123b4065a,09a4ab63-59e2-4bb4-ad07-a754cdbbd0f1,2024-04-24 08:24:00,2c7c0b40-21e5-4026-b405-3281a1c094fa,600,37,637
31da9e53-ec32-47f5-8192-c749e9a78615,cfe721e9-2b3c-471c-ab34-165a74d750ea,2024-04-24 07:41:00,2c7c0b40-21e5-4026-b405-3281a1c094fa,600,37,637
b862071b-97c4-43a7-b04c-e0a9cbaa0ffb,fc9504bc-32d7-4418-9b0a-629f0c180cc8,2024-04-24 14:10:00,2c7c0b40-21e5-4026-b405-3281a1c094fa,2000,125,2125
c213fb63-337d-4d45-b773-d80838f1b4c3,a369f7d7-177a-49e5-804f-b41b61109600,2024-04-24 08:45:00,2c7c0b40-21e5-4026-b405-3281a1c094fa,700,43,743
1819ec6d-3d02-4bee-892f-0b04b555fcec,3ea763b7-6fe2-4a79-8f2e-9c04799b7d30,2024-04-24 17:59:00,2c7c0b40-21e5-4026-b405-3281a1c094fa,2000,125,2125
c13716db-8716-4cb7-bfa8-b76567f709d3,88cf1fe9-96fa-404e-ba49-767d646c0446,2024-04-24 17:09:00,2c7c0b40-21e5-4026-b405-3281a1c094fa,1800,112,1912
7f442f50-447e-4240-a9a6-bc82d30fe57e,365d2e41-1070-4e46-8033-a297d6ef1a98,2024-04-24 08:01:00,2c7c0b40-21e5-4026-b405-3281a1c094fa,600,37,637
675934bd-684d-4d46-a63c-ef71b372b294,26695097-7378-4faa-9f62-d0e0664ff11e,2024-04-24 08:16:00,2c7c0b40-21e5-4026-b405-3281a1c094fa,500,31,531
94ef79ed-0255-41f6-b750-41f6863198c2,20cf11ec-8799-4af2-bd7a-9e7f288d535c,2024-04-24 13:12:00,2c7c0b40-21e5-4026-b405-3281a1c094fa,2100,131,2231
b337a60a-a5c6-4037-af2f-89cc737da2bb,ac66f553-fefe-47d2-bd39-13ed1fcb3330,2024-04-24 16:06:00,2c7c0b40-21e5-4026-b405-3281a1c094fa,1800,112,1912
cc65cac3-8808-4317-8515-439ee000953f,47e6b98f-1bc2-4e71-9c31-7359525c89a4,2024-04-24 12:51:00,2c7c0b40-21e5-4026-b405-3281a1c094fa,3300,206,3506
8746c3c2-290a-4ba4-bf2d-ae9c851bed2b,b653f7bd-b936-4fb5-aab7-010797a6d1f2,2024-04-24 13:56:00,2c7c0b40-21e5-4026-b405-3281a1c094fa,500,31,531
3ae9d04d-cadd-44e7-9bcd-eea8f0a6bf66,879f8d92-cd5a-45b0-a78c-bb13a5542cfe,2024-04-24 13:49:00,2c7c0b40-21e5-4026-b405-3281a1c094fa,1700,106,1806
26a879c5-5301-4c99-894f-aebd43463b8b,763902ed-d882-4eca-a0f1-0b333eb57c8d,2024-04-24 07:00:00,2c7c0b40-21e5-4026-b405-3281a1c094fa,700,43,743
cf3a70f1-2b42-4074-ae14-1829a9a82854,690a51c9-e9a4-4ab0-8a98-19b76e98f62a,2024-04-24 15:45:00,2c7c0b40-21e5-4026-b405-3281a1c094fa,2000,125,2125
6c844c2e-a2c7-406c-bcfb-42ceeacc516b,44078c2b-ff96-4411-ac21-3ac475d9f62f,2024-04-24 07:49:00,059136e5-beb1-43f4-a3fe-9cc14dd0989b,600,44,644
fd96d1fc-fee8-443d-815b-c9c8fc604e7f,a0354bad-2ea1-40d9-8f93-fd88591247e2,2024-04-24 13:40:00,059136e5-beb1-43f4-a3fe-9cc14dd0989b,700,52,752
8ba5529c-afe6-4566-a96a-895262fe580e,09e7c029-5016-4dfa-8e31-77678314c378,2024-04-24 07:59:00,059136e5-beb1-43f4-a3fe-9cc14dd0989b,600,44,644
d82d84ca-b54f-48c3-b4ff-39fe571732ce,81470d98-dacd-4700-ba0c-0c7913bef08f,2024-04-24 07:47:00,059136e5-beb1-43f4-a3fe-9cc14dd0989b,700,52,752
73183b45-7ab6-4583-afa1-81b15479aa0c,eb73fd2b-84fb-4ac2-99e5-bcd032393a5c,2024-04-24 14:55:00,059136e5-beb1-43f4-a3fe-9cc14dd0989b,0,0,0
e639b1af-89b5-461c-bd0d-f407a940ef2a,a8581b41-551a-4f0c-b260-7d7001b751b1,2024-04-24 14:23:00,059136e5-beb1-43f4-a3fe-9cc14dd0989b,600,44,644
b6507b3b-2e53-4095-8189-1b2a58d08faf,486f7413-79ea-433d-adb4-14d7e49487e8,2024-04-24 19:43:00,059136e5-beb1-43f4-a3fe-9cc14dd0989b,700,52,752
46671102-392e-4f2e-9510-cdc2c8ebb19a,d0dc284e-b60f-48e9-9b8d-c12ab1d0424c,2024-04-24 07:00:00,059136e5-beb1-43f4-a3fe-9cc14dd0989b,400,30,430
0619d2c5-f7f0-4ec4-8bde-369894e61aac,f1a51900-aed7-4360-a2ff-053803fd229e,2024-04-24 13:25:00,059136e5-beb1-43f4-a3fe-9cc14dd0989b,700,52,752
e22f3298-b296-44c1-8a74-7e857014e47c,daeb0a8d-7840-447b-bb99-8952510a6f73,2024-04-24 11:14:00,059136e5-beb1-43f4-a3fe-9cc14dd0989b,400,30,430
92930d3d-9c75-4ee3-aaae-b06e1099312d,ff2da684-c201-46c5-8d08-053bd768156b,2024-04-24 12:46:00,059136e5-beb1-43f4-a3fe-9cc14dd0989b,700,52,752
96215690-3841-4b06-8999-6a95fc3ffa38,a2c1254d-0f59-448f-ad1b-3148ddac6759,2024-04-24 14:48:00,059136e5-beb1-43f4-a3fe-9cc14dd0989b,1100,82,1182
ce20203b-cf43-430c-bbf4-9205032bc6a1,eec4d1d4-4fa4-4078-ad90-fc84ded07515,2024-04-24 16:09:00,059136e5-beb1-43f4-a3fe-9cc14dd0989b,700,52,752
cbebe1dd-bdf5-4877-9e12-2e7a0e6e0f6e,72b98a5e-a9a4-46ad-b5db-be0120ecdb29,2024-04-24 08:03:00,059136e5-beb1-43f4-a3fe-9cc14dd0989b,600,44,644
8ea2230e-205c-498b-b2b6-49ea83e43141,dcf87a24-5156-453f-b5ef-aac22c14d08c,2024-04-24 19:20:00,059136e5-beb1-43f4-a3fe-9cc14dd0989b,1800,135,1935
4435b33f-1d25-4eaa-a151-a59a6d857027,f8b78676-afd7-4af9-97ab-f0214590c933,2024-04-24 19:46:00,059136e5-beb1-43f4-a3fe-9cc14dd0989b,2500,187,2687
13db4c17-a3ef-4531-bde3-b740903c446c,211dd5c2-004c-4428-a977-ff1d69bd2b17,2024-04-24 13:11:00,059136e5-beb1-43f4-a3fe-9cc14dd0989b,1700,127,1827
34597c62-fc54-4701-aa2a-0486e76cfd75,1c1ac51a-3921-40e4-a21e-99f6f6f6f01b,2024-04-24 07:44:00,059136e5-beb1-43f4-a3fe-9cc14dd0989b,600,44,644
a7802bc8-fe2c-49c5-b8ba-b3febb83b636,3f40e3be-f3ab-4e84-b084-3b2f6f92b1ed,2024-04-24 08:41:00,059136e5-beb1-43f4-a3fe-9cc14dd0989b,600,44,644
65ca1efe-161c-4bcd-9939-55728ac89697,c8754fc3-e053-42e0-9cbd-964bf34f51f6,2024-04-24 11:22:00,059136e5-beb1-43f4-a3fe-9cc14dd0989b,600,44,644
7593c3a7-f81f-4ab4-854d-3df879f06439,18b3cb0c-66bf-4610-953a-7d06de368bf4,2024-04-24 08:01:00,059136e5-beb1-43f4-a3fe-9cc14dd0989b,700,52,752
10a24232-0d11-440d-b812-c60aa216ae83,e3f6c810-39ff-4eb4-8cc8-3700ee849ace,2024-04-24 08:15:00,059136e5-beb1-43f4-a3fe-9cc14dd0989b,600,44,644
7df23120-8b1d-487e-aa82-75344b1c5c26,01edc445-0ab9-4ece-b57d-56073a6a59fd,2024-04-24 11:48:00,059136e5-beb1-43f4-a3fe-9cc14dd0989b,700,52,752
6610a54f-07c8-4a00-86bb-5b068a3ff2c5,9692b46e-25c9-4e94-875e-0f631d0b3e28,2024-04-24 10:48:00,059136e5-beb1-43f4-a3fe-9cc14dd0989b,600,44,644
1d9ea865-194a-48ba-b6ff-c782e45562e1,fbbde25c-9726-4609-bf16-18667aaf6916,2024-04-24 11:24:00,059136e5-beb1-43f4-a3fe-9cc14dd0989b,600,44,644
c3131e8d-58c7-480f-999e-c60a5ade6760,2a1fde7e-ff9e-41b3-bb63-60756dd3cca3,2024-04-24 15:25:00,059136e5-beb1-43f4-a3fe-9cc14dd0989b,700,52,752
7f6adf2d-b8bd-417a-95c8-e710ba5addd7,75099e74-ae33-425d-a841-06eb8dbdfb37,2024-04-24 15:47:00,059136e5-beb1-43f4-a3fe-9cc14dd0989b,400,30,430
70c74742-09ad-46f7-bd9c-0654d162b5d1,f598c3f9-089b-45ed-bdf2-192ebf4b52a8,2024-04-24 08:31:00,059136e5-beb1-43f4-a3fe-9cc14dd0989b,600,44,644
0ca68cfc-79f3-43f5-96c5-adb0f0b2b209,d7946036-09c5-4ee9-85d7-05ca1e3757d6,2024-04-24 17:16:00,059136e5-beb1-43f4-a3fe-9cc14dd0989b,600,44,644
7eb6ecd3-2754-460b-b4a0-d35c27d1bb53,dd6054cf-c805-442d-9ba8-23178af8d01c,2024-04-24 08:41:00,059136e5-beb1-43f4-a3fe-9cc14dd0989b,600,44,644
f6a84dfa-e7a7-4d44-a36e-59f4f3a2dcf2,506e4013-8887-496e-9a04-f0e01887e821,2024-04-24 08:42:00,059136e5-beb1-43f4-a3fe-9cc14dd0989b,400,30,430
a8451599-6e0c-438f-8691-d4feb4dec5ec,6b35587c-c967-4880-9328-d1f4642235e4,2024-04-24 17:28:00,059136e5-beb1-43f4-a3fe-9cc14dd0989b,1800,135,1935
9d554e7b-c09f-4f9d-9aca-e049881d465a,59c3fff8-9714-4490-bb0a-91b54d55a88e,2024-04-24 09:43:00,059136e5-beb1-43f4-a3fe-9cc14dd0989b,500,37,537
08ee9333-61da-4ffd-a3c4-d690327bf313,4127a97b-c4ac-4d92-9e5d-e067ee9437c7,2024-04-24 11:40:00,059136e5-beb1-43f4-a3fe-9cc14dd0989b,2800,210,3010
d3ddc4d8-a0c6-4338-87ee-4eb520d5cfc6,bccab3fa-d2f0-47b5-b242-b3bd3ca35e31,2024-04-24 14:37:00,059136e5-beb1-43f4-a3fe-9cc14dd0989b,600,44,644
890e2522-ea32-41e2-962d-533a174a96fc,0bd2b5e2-1051-47d3-9c88-8fe2cce0d72c,2024-04-24 08:01:00,059136e5-beb1-43f4-a3fe-9cc14dd0989b,400,30,430
4e72518f-67e8-403b-b9f1-cfc95de2a7e0,5d0ae589-9d32-4770-b34e-3fce58eafd96,2024-04-24 15:40:00,059136e5-beb1-43f4-a3fe-9cc14dd0989b,500,37,537
cc0e765e-9461-4269-bd54-9be30867c38e,dce91346-49e1-4dc0-8151-0aee0146f7b0,2024-04-24 08:26:00,059136e5-beb1-43f4-a3fe-9cc14dd0989b,700,52,752
21d16175-e1bc-4127-a991-15f9dbc1595c,44cd1c90-3e7d-45f1-b7a7-eb24f631ec62,2024-04-24 14:48:00,059136e5-beb1-43f4-a3fe-9cc14dd0989b,400,30,430
05e31726-83c4-4b5c-93d1-e40d2ea4b952,3ba06841-e0f5-4986-a061-a20a8d1a9468,2024-04-24 07:29:00,059136e5-beb1-43f4-a3fe-9cc14dd0989b,600,44,644
377338a5-be3e-4b25-923d-ad8d2347a9c3,08a94312-0375-4898-8816-c527f1a9e954,2024-04-24 07:42:00,059136e5-beb1-43f4-a3fe-9cc14dd0989b,500,37,537
00e1a82c-5745-4ef8-8079-67389e519f2d,7018d6b2-3bff-425d-9c6b-bdbdc3f5049e,2024-04-24 15:48:00,059136e5-beb1-43f4-a3fe-9cc14dd0989b,500,37,537
5d8bac83-1c92-43cf-824c-2e5c5974d5ca,79729105-3697-4b71-a71a-ef98faaff6e9,2024-04-24 07:53:00,059136e5-beb1-43f4-a3fe-9cc14dd0989b,500,37,537
829c0b40-8b98-41f0-8139-c0c3c94277bb,ab9a0bd4-92b5-4830-85c6-278efca955b1,2024-04-24 11:23:00,059136e5-beb1-43f4-a3fe-9cc14dd0989b,400,30,430
59776a80-1a0e-4c6c-a252-988e8088ae49,877a7a1a-64dc-41df-8363-8d8e37450087,2024-04-24 18:01:00,059136e5-beb1-43f4-a3fe-9cc14dd0989b,600,44,644
06d0a7b4-0aa8-495d-9f4a-18c86a508a22,823ed844-fd3f-49a3-acd0-c94ccbede0c4,2024-04-24 13:44:00,059136e5-beb1-43f4-a3fe-9cc14dd0989b,1500,112,1612
7ea165af-d3f6-483d-9392-092c9bbdf87a,b0307cea-2d3c-4d8b-8a8a-ff40768baf60,2024-04-24 07:56:00,059136e5-beb1-43f4-a3fe-9cc14dd0989b,700,52,752
d6a4cf89-841a-47f4-8d91-aa720ff203f7,3c804db9-c8df-4b39-a554-920bb75231af,2024-04-24 08:06:00,059136e5-beb1-43f4-a3fe-9cc14dd0989b,700,52,752
16c99412-af76-4a30-b7d6-d6b3e304f86d,e9a5b80f-7b20-4349-bdbd-3568afefbedd,2024-04-24 15:45:00,059136e5-beb1-43f4-a3fe-9cc14dd0989b,600,44,644
2f7255ac-7199-42bf-be4d-b7e384e280f3,f7ad63c5-7073-4979-a425-55175695dc63,2024-04-24 08:02:00,059136e5-beb1-43f4-a3fe-9cc14dd0989b,600,44,644
b3c57006-e9fe-4484-a6e6-83a5fa8bb2dd,c1cfb454-4447-43c5-a7b6-6769a6d3506e,2024-04-24 07:59:00,059136e5-beb1-43f4-a3fe-9cc14dd0989b,600,44,644
2bed1364-81a2-4640-8a66-49a9618e8b10,781e5cf8-ed9f-4299-a163-e6a677bbe364,2024-04-24 08:26:00,059136e5-beb1-43f4-a3fe-9cc14dd0989b,500,37,537
c6ca96e9-ec69-46b0-9e0b-f4a228cb4bd0,050ddc48-4654-4eda-bca1-7f1fb8704f7a,2024-04-24 07:52:00,059136e5-beb1-43f4-a3fe-9cc14dd0989b,400,30,430
23d28c51-d25c-4b84-8caa-a0131d333ef2,10302e54-e659-4d7e-ac35-4df71a7d22ea,2024-04-24 13:11:00,059136e5-beb1-43f4-a3fe-9cc14dd0989b,1900,142,2042
07dfbfac-8cd6-4416-a6fc-21b227e00278,2fa283a1-4467-4a1f-a6eb-da027d38ba02,2024-04-24 08:26:00,059136e5-beb1-43f4-a3fe-9cc14dd0989b,400,30,430
1bd875f4-9d73-4263-8ad8-e48a5d13dddd,8579dc59-feca-41a5-805a-7ad410476f97,2024-04-24 14:21:00,059136e5-beb1-43f4-a3fe-9cc14dd0989b,600,44,644
a8be18b7-c031-4e9e-8ca5-0ce520b547c9,f34929ee-3e72-4a33-add6-7a7058bf05d7,2024-04-24 12:09:00,059136e5-beb1-43f4-a3fe-9cc14dd0989b,400,30,430
0fc42e7b-5aa6-4b5c-8826-b2b95decd82c,d402ab9e-b483-45d9-9d7a-2c18331a665a,2024-04-24 16:58:00,059136e5-beb1-43f4-a3fe-9cc14dd0989b,500,37,537
6ee816b8-e7ed-48de-93ea-740d71b4582e,e785b14b-748f-4b64-9589-e822b226f9a8,2024-04-24 08:09:00,059136e5-beb1-43f4-a3fe-9cc14dd0989b,700,52,752
9b8a78d9-7b94-4a39-a17e-e94fe7ea6fb6,31d0513e-0837-4053-8b9a-c3eff3970c19,2024-04-24 15:36:00,059136e5-beb1-43f4-a3fe-9cc14dd0989b,600,44,644
e9a5765d-807a-41b4-9af3-9f1031f6a9c6,23bb9204-6575-4bbb-b910-b827f247824b,2024-04-24 08:31:00,059136e5-beb1-43f4-a3fe-9cc14dd0989b,400,30,430
feb63121-47dc-4424-80f4-4b55b7ff1a17,7d830ecb-c405-4014-9d03-6443ad08dad7,2024-04-24 08:14:00,059136e5-beb1-43f4-a3fe-9cc14dd0989b,600,44,644
cd94ec4f-d33b-46d5-9cc0-b5f7e6d5a4d0,eaf16352-4c93-41eb-abe1-239d134b93b6,2024-04-24 10:47:00,059136e5-beb1-43f4-a3fe-9cc14dd0989b,500,37,537
1624fce1-3284-4450-bb90-5fec187d147f,a72450e6-ac79-41b8-a951-c455c4256bbf,2024-04-24 07:46:00,059136e5-beb1-43f4-a3fe-9cc14dd0989b,600,44,644
6f3d2934-5c68-4b85-b0ed-73c4c3351aaa,db141e3f-3d18-40d6-839f-2134a82d5c7d,2024-04-24 11:27:00,059136e5-beb1-43f4-a3fe-9cc14dd0989b,2500,187,2687
e15fa246-22a0-4343-bee1-d4b79fe73b59,384c7811-188d-4f66-83fb-2521b09637b5,2024-04-24 08:09:00,059136e5-beb1-43f4-a3fe-9cc14dd0989b,600,44,644
4ae499c2-23c8-493f-a8ad-ee9a20d371ba,66284830-04a9-4d43-9b02-ef3ebd475c6b,2024-04-24 13:09:00,059136e5-beb1-43f4-a3fe-9cc14dd0989b,2400,179,2579
738e93ba-5c61-45d4-a894-1012324a8ab7,2c5c0bb7-5aa6-4531-950e-7a90fe92b74d,2024-04-24 08:24:00,059136e5-beb1-43f4-a3fe-9cc14dd0989b,500,37,537
4c3a152e-1ca1-41ab-81bd-f30ee01bb538,79f9014a-5103-4bc1-9806-b175661422e2,2024-04-24 10:52:00,059136e5-beb1-43f4-a3fe-9cc14dd0989b,2400,179,2579
43e35318-3899-4ce5-b686-32fb6f441c15,e70955bd-402e-406b-9c9b-9a51d74355d6,2024-04-24 12:55:00,059136e5-beb1-43f4-a3fe-9cc14dd0989b,600,44,644
76fbd5b3-91ac-4aff-b6d9-849331f22794,37c19acb-9919-48bd-a09a-1caa2a30c694,2024-04-24 13:39:00,059136e5-beb1-43f4-a3fe-9cc14dd0989b,2000,150,2150
c141159c-1a2f-4bf5-afb3-155c85137ac6,c133b21a-6b80-4f3a-8b2e-43df0b4514c7,2024-04-24 08:43:00,059136e5-beb1-43f4-a3fe-9cc14dd0989b,600,44,644
74dca82c-c45f-428b-b886-26d6777932ca,6051d0e2-7b43-4406-af46-4349d49109fa,2024-04-24 12:21:00,059136e5-beb1-43f4-a3fe-9cc14dd0989b,1200,89,1289
4ba8e83d-42ab-473b-90af-4a0c9d35ab4f,ef81bc0d-732d-47f7-af0c-636149b5e9b0,2024-04-24 19:56:00,059136e5-beb1-43f4-a3fe-9cc14dd0989b,1800,135,1935
9e802e62-a1fe-4a39-9c73-c7e2ef2466f2,16f20232-3ad4-4294-9cad-8c4139b04da4,2024-04-24 17:23:00,059136e5-beb1-43f4-a3fe-9cc14dd0989b,2000,150,2150
342fb0e3-7b93-48d4-a890-0697016cac3f,d0f85214-b373-4e3b-b6fc-0d50802c7e7b,2024-04-24 07:52:00,059136e5-beb1-43f4-a3fe-9cc14dd0989b,600,44,644
ec9e7069-5cc9-4450-892b-c766165e3dd1,a3ccddd5-51c9-48a7-9d7e-de5d5da704a8,2024-04-24 14:26:00,059136e5-beb1-43f4-a3fe-9cc14dd0989b,500,37,537
105a9d24-f82b-4f05-83e7-8faa52918235,efebe247-224d-41d6-8094-612564a8c476,2024-04-24 13:15:00,059136e5-beb1-43f4-a3fe-9cc14dd0989b,600,44,644
6d623351-2f2e-4586-b436-bbfe633c8769,3a8c813f-cb84-4c7b-b929-95db99df1811,2024-04-24 15:47:00,059136e5-beb1-43f4-a3fe-9cc14dd0989b,1600,120,1720
6b735bf0-e84f-4b4a-81d3-a1456c4bbc12,fe2c2d66-9698-4bbc-8733-0d8cb1b70a1f,2024-04-24 09:33:00,059136e5-beb1-43f4-a3fe-9cc14dd0989b,400,30,430
78260fed-2ffe-42cd-a9ef-c711616bbd03,5c6bb004-7084-44dc-9283-9b00665c82bc,2024-04-24 14:56:00,059136e5-beb1-43f4-a3fe-9cc14dd0989b,600,44,644
229d0bd1-16e4-479e-967b-a013fb9280f8,7c3b9a4e-fe3a-42e0-9573-0a14aaf4feeb,2024-04-24 10:36:00,059136e5-beb1-43f4-a3fe-9cc14dd0989b,1800,135,1935
c8629aca-6e9d-427f-ab91-5d351a5645c9,d5efbc69-fc67-4f1a-87f3-30e57baf632a,2024-04-24 08:01:00,059136e5-beb1-43f4-a3fe-9cc14dd0989b,500,37,537
72c45d12-0386-4eaf-b2d2-591e60774689,2423b39c-fa1e-458b-a033-a7d722bc372e,2024-04-24 08:37:00,059136e5-beb1-43f4-a3fe-9cc14dd0989b,500,37,537
110229b8-f327-4b0b-b1bf-896bdbec21aa,643981ca-358e-445a-9174-e7061f452868,2024-04-24 13:06:00,059136e5-beb1-43f4-a3fe-9cc14dd0989b,600,44,644
019fa553-2dd4-42a4-a530-541a6c7b8138,644777dd-2705-4dad-9239-95d9ebf3f348,2024-04-24 14:55:00,059136e5-beb1-43f4-a3fe-9cc14dd0989b,400,30,430
661ff1e1-f5a7-4825-8a78-0a7d5b89e2ae,e14001b0-3932-4497-86c9-3d31d51b3e3e,2024-04-24 11:11:00,059136e5-beb1-43f4-a3fe-9cc14dd0989b,600,44,644
b6430a75-11aa-4ef7-909f-3f9fdb959290,5396cc76-d8d6-42e0-9ac3-b8a36f8e9980,2024-04-24 08:57:00,059136e5-beb1-43f4-a3fe-9cc14dd0989b,500,37,537
9d3f7321-8f06-417e-9173-197158400e2c,3d5cdd64-fe7e-4365-9e1d-97ee8a55f0fd,2024-04-24 08:02:00,059136e5-beb1-43f4-a3fe-9cc14dd0989b,500,37,537
6633867d-d407-4c2d-ac5e-e65cede71f57,6fcc9479-22b4-4340-8e7c-378dff41d8bd,2024-04-24 17:41:00,059136e5-beb1-43f4-a3fe-9cc14dd0989b,400,30,430
ebb50185-5413-4387-b877-9a1ef1bc7b2b,1968f52b-fb82-40f5-a5f8-8a81be0ffeab,2024-04-24 17:50:00,059136e5-beb1-43f4-a3fe-9cc14dd0989b,1800,135,1935
f4c33bdf-5054-470f-b927-c570f31b7002,1ce95b9f-9235-4a87-bcad-3afa90af73ed,2024-04-24 14:27:00,059136e5-beb1-43f4-a3fe-9cc14dd0989b,1500,112,1612
b03c7a4c-a303-436d-a3aa-c6624a33bc95,4a037cff-561f-4546-a71e-858b06e94940,2024-04-24 09:37:00,059136e5-beb1-43f4-a3fe-9cc14dd0989b,2200,165,2365
390c4c27-03a3-45d2-98f7-2fdb7692fc46,922d5b80-73f4-4f36-aa06-0357112d60f7,2024-04-24 12:54:00,059136e5-beb1-43f4-a3fe-9cc14dd0989b,1500,112,1612
b918fb3d-a285-4c0a-ba4d-8769d774bd0f,7609b18e-4057-480c-be36-78507e0021d2,2024-04-24 17:33:00,059136e5-beb1-43f4-a3fe-9cc14dd0989b,2000,150,2150
84a86328-3ed4-4191-88ed-168f6526b607,cbe876c8-a324-4ebb-ae69-ae07df7846fd,2024-04-24 07:20:00,059136e5-beb1-43f4-a3fe-9cc14dd0989b,600,44,644
c61d7e03-b37f-41a1-b04a-7c1619b1cc7d,b6b94f01-4e75-4e65-a9d3-4c45046e90a7,2024-04-24 11:13:00,059136e5-beb1-43f4-a3fe-9cc14dd0989b,2100,157,2257
b385e8a7-aa1f-463a-adcf-7b2aca83ba72,3bdd9588-88c1-4e38-a5a2-a2a1cb9c5ba6,2024-04-24 13:47:00,059136e5-beb1-43f4-a3fe-9cc14dd0989b,700,52,752
4a18f8c0-bcf5-48db-93d8-a5f5fe8c8b55,92fb892f-6a43-489c-b618-ff370abc4242,2024-04-24 16:13:00,059136e5-beb1-43f4-a3fe-9cc14dd0989b,1800,135,1935
3d982a4a-a273-4046-b84b-2cf4eda76338,e34930d8-a95d-4286-b7d2-147d08008c79,2024-04-24 16:35:00,059136e5-beb1-43f4-a3fe-9cc14dd0989b,700,52,752
c620db5c-dfc7-4029-bcf1-0441ec115830,529905cf-561e-4337-9a4a-175121574488,2024-04-24 07:53:00,059136e5-beb1-43f4-a3fe-9cc14dd0989b,600,44,644
525cb3d9-a7a6-4a7d-8740-0f60524ac57f,eaa58131-5fab-42f2-804b-c6ac10286bbe,2024-04-24 07:00:00,059136e5-beb1-43f4-a3fe-9cc14dd0989b,500,37,537
4a6ad20d-eebd-4e28-b24d-befe043ae564,478906bc-057a-41da-a756-2ab94b7817b4,2024-04-24 08:44:00,059136e5-beb1-43f4-a3fe-9cc14dd0989b,700,52,752
add37527-28e8-489a-8d17-1488340819f2,20447c53-4457-454a-92ff-187ee6461822,2024-04-24 08:03:00,059136e5-beb1-43f4-a3fe-9cc14dd0989b,600,44,644
ca791ede-0ef4-4074-85f6-ed61d8e79634,4744369f-163d-4dd9-b650-9b94350334e7,2024-04-24 08:17:00,059136e5-beb1-43f4-a3fe-9cc14dd0989b,700,52,752
a9e9e980-8eb3-4a6c-a3f1-a92c598cfdef,2c8d74ca-99fc-41ee-8373-d44d5f6b83f1,2024-04-24 14:01:00,059136e5-beb1-43f4-a3fe-9cc14dd0989b,600,44,644
8316c247-476b-434f-b851-c972ae0ac3fd,ed697b2d-ca88-4faa-99a4-9c92fa1017e2,2024-04-24 13:05:00,059136e5-beb1-43f4-a3fe-9cc14dd0989b,500,37,537
46eae192-b838-409a-90b5-4929d951272f,361fcd5d-8d28-433b-abd9-c1e72a5cad2a,2024-04-24 07:36:00,059136e5-beb1-43f4-a3fe-9cc14dd0989b,400,30,430
a5b00e92-bd31-40d2-aeb8-73c1c85745a0,561657d6-42e9-4820-bb19-8ed7dc3fadd2,2024-04-24 15:09:00,059136e5-beb1-43f4-a3fe-9cc14dd0989b,400,30,430
2972be3b-43f0-4db1-8f08-e2cc2c847d26,48b85191-c0e7-4f81-96a3-d5f86031cfb9,2024-04-24 07:25:00,059136e5-beb1-43f4-a3fe-9cc14dd0989b,500,37,537
615f444c-baf1-47d2-9fd7-37abda354382,036f15e9-d039-4cb4-b180-c77ec9a69d54,2024-04-24 12:29:00,059136e5-beb1-43f4-a3fe-9cc14dd0989b,600,44,644
6ddcdad9-329e-4cf8-8f78-52501c433bdb,3d124ee1-f3d6-4123-9a83-c89c2ae04dee,2024-04-24 11:08:00,059136e5-beb1-43f4-a3fe-9cc14dd0989b,4300,322,4622
dc491161-8b33-40eb-9afb-6471641bac40,beb70ea4-6588-41bb-9999-d1399a467f90,2024-04-24 13:38:00,059136e5-beb1-43f4-a3fe-9cc14dd0989b,1800,135,1935
525f96a3-f72c-4fc8-b97e-e03ba0bb6644,3403b172-cee0-45a1-b3b0-bd780462a988,2024-04-24 07:43:00,059136e5-beb1-43f4-a3fe-9cc14dd0989b,600,44,644
38f00034-601c-4575-a932-8e6b4f49a865,f1993284-9f81-43ed-be18-ebfd355bd0af,2024-04-24 08:38:00,059136e5-beb1-43f4-a3fe-9cc14dd0989b,400,30,430
607ea395-8560-4b44-a78c-bc2cf3291027,525add24-e4bb-4a57-a41a-d1eb58ef9533,2024-04-24 14:46:00,059136e5-beb1-43f4-a3fe-9cc14dd0989b,1500,112,1612
0de4e388-ad3f-432b-8c42-fe0defc53c73,f3770952-5a51-4000-a02e-03c4918954dd,2024-04-24 11:32:00,059136e5-beb1-43f4-a3fe-9cc14dd0989b,400,30,430
3de0bb65-28f6-43c2-96d2-0ec73372f36d,6b830d11-3333-4049-8288-6e208d4bc7f0,2024-04-24 08:29:00,059136e5-beb1-43f4-a3fe-9cc14dd0989b,700,52,752
f3628a10-8d25-487b-9f3b-1b55cd3107dc,4b58cedb-94dc-439d-bb7b-7c5c75747a53,2024-04-24 15:38:00,059136e5-beb1-43f4-a3fe-9cc14dd0989b,600,44,644
e353a4b7-3e22-4581-a826-065ec8e0b29e,064f11f5-7bac-4f36-84c6-4971eb44a4a8,2024-04-24 16:23:00,059136e5-beb1-43f4-a3fe-9cc14dd0989b,500,37,537
dc290ebb-c337-428a-a15b-873ac9052f55,84345e57-4d88-48e8-823d-ef85cbe1ebea,2024-04-24 11:04:00,059136e5-beb1-43f4-a3fe-9cc14dd0989b,500,37,537
5069b574-c49b-48e0-8531-4dea200cf7ef,65b2039b-39ba-48d6-b2e7-293dbc866025,2024-04-24 14:11:00,059136e5-beb1-43f4-a3fe-9cc14dd0989b,500,37,537
4d084ff8-6b4e-421d-8a90-f80ba310480f,40010f7f-b687-44ea-8480-833608955e88,2024-04-24 14:31:00,059136e5-beb1-43f4-a3fe-9cc14dd0989b,400,30,430
c51b6ceb-152b-40b2-846a-97e004fd26ff,3b5c482b-db0f-4224-b3c0-17ab92ef7ef3,2024-04-24 18:12:00,059136e5-beb1-43f4-a3fe-9cc14dd0989b,700,52,752
b4d70ca1-0e7d-499d-af5b-7cf50136f72e,ae8150b4-56c5-4822-abcf-50b46552f222,2024-04-24 07:51:00,059136e5-beb1-43f4-a3fe-9cc14dd0989b,400,30,430
0abb510c-603f-4873-9a48-a5fc7886e2bb,4009b786-5c37-4ffe-82fe-8f1dffb7cf4a,2024-04-24 07:46:00,059136e5-beb1-43f4-a3fe-9cc14dd0989b,400,30,430
ff7c28f2-e8fb-42ee-b1e5-b119a0db0c06,a03939d5-2ed1-48c7-861f-0f54e7c51c5f,2024-04-24 08:13:00,059136e5-beb1-43f4-a3fe-9cc14dd0989b,700,52,752
4070d308-2362-452e-a1ac-a2df0707fe46,b6432a79-8549-4e4c-8630-5a7e7781031f,2024-04-24 13:23:00,059136e5-beb1-43f4-a3fe-9cc14dd0989b,600,44,644
3d453663-bb1c-440c-8bcf-9dfc1216728a,41635a49-5cce-4aab-9afc-00d493262797,2024-04-24 14:31:00,059136e5-beb1-43f4-a3fe-9cc14dd0989b,600,44,644
42bc7534-fe48-4e06-87c0-3f6ba838a5a8,8444b032-8cb2-4a63-9fd1-f6d09e140bec,2024-04-24 14:49:00,059136e5-beb1-43f4-a3fe-9cc14dd0989b,1900,142,2042
df2a3daf-1c10-4c46-a46a-58e3db2d9511,b924a733-86f7-4ff6-9d50-28a20cb80fe6,2024-04-24 17:39:00,059136e5-beb1-43f4-a3fe-9cc14dd0989b,1000,75,1075
39a914fb-e630-474c-ae07-d59ba7a1d192,168a6b37-3ff2-4307-8348-321ef39ada37,2024-04-24 08:31:00,059136e5-beb1-43f4-a3fe-9cc14dd0989b,600,44,644
79eccb44-03de-4e79-8c45-047614443f3e,827d9a15-9457-44f3-a39d-8df06d76b159,2024-04-24 13:02:00,059136e5-beb1-43f4-a3fe-9cc14dd0989b,1700,127,1827
2d0ff4b3-a6fb-4a79-bee4-e791fb5a6b82,d0f9f637-0052-4a42-b957-622f2985434a,2024-04-24 10:46:00,059136e5-beb1-43f4-a3fe-9cc14dd0989b,3100,232,3332
f20a3183-2bbe-4d90-a95b-a6ba0d26d213,74363858-755e-4210-b5d9-830b25a965c4,2024-04-24 18:23:00,059136e5-beb1-43f4-a3fe-9cc14dd0989b,600,44,644
75a44550-f0b0-41d3-be29-9c28696c9b33,0fddd792-32d9-4048-ba1f-1bca261a4a84,2024-04-24 12:59:00,059136e5-beb1-43f4-a3fe-9cc14dd0989b,400,30,430
b0227320-b7fb-44b2-921e-7dac6dfa879e,56cff385-b95f-49b9-b34f-c839e39df055,2024-04-24 16:25:00,059136e5-beb1-43f4-a3fe-9cc14dd0989b,500,37,537
6cd8aa2d-9302-4041-aa78-cbbae96df1eb,daffc59b-fd5d-48fc-a81a-311c5e0885a5,2024-04-24 16:12:00,059136e5-beb1-43f4-a3fe-9cc14dd0989b,2200,165,2365
c4de481e-2ea2-460a-a43f-f6e637f5b46e,751e632c-7341-4671-95d2-e348460b3fab,2024-04-24 11:38:00,059136e5-beb1-43f4-a3fe-9cc14dd0989b,1700,127,1827
d6ef03b3-6964-442d-b16f-c1554ab0e0c9,8413f205-78b2-441a-8916-79cc2820f5d0,2024-04-24 16:54:00,059136e5-beb1-43f4-a3fe-9cc14dd0989b,400,30,430
13829c78-a7cd-4a1f-b676-797bdb9a3b2e,d6015423-d5f4-48d9-8dba-5184e114d126,2024-04-24 08:11:00,059136e5-beb1-43f4-a3fe-9cc14dd0989b,400,30,430
7b39c8d5-81a3-46f2-a023-c0789b6a949d,187c7384-25b3-4172-bee6-99f83f02b761,2024-04-24 09:15:00,059136e5-beb1-43f4-a3fe-9cc14dd0989b,600,44,644
e3e00fc4-8089-4a25-a51c-a72cd5a9146a,f8a4f769-0195-44be-9cb4-a90210c4047e,2024-04-24 07:37:00,059136e5-beb1-43f4-a3fe-9cc14dd0989b,400,30,430
0283c31f-24e1-4520-8c11-efcf4a8214a1,d4fa151f-6d10-4c7b-be00-eee08e8c8c70,2024-04-24 12:54:00,059136e5-beb1-43f4-a3fe-9cc14dd0989b,1000,75,1075
326d974c-c557-4efe-8aa0-fb74b9b9163a,35bf73a3-f268-4294-8a12-bc9a1b83db11,2024-04-24 10:12:00,059136e5-beb1-43f4-a3fe-9cc14dd0989b,1800,135,1935
7579e4d8-edea-469c-8310-03d6b2fb6a70,e0983e91-a701-429d-bc70-28a23527f04c,2024-04-24 10:42:00,059136e5-beb1-43f4-a3fe-9cc14dd0989b,600,44,644
66a55104-fc05-4091-913f-92165a9ca739,40ec592a-e3ab-417e-ad8f-8f4c3f5dc8cd,2024-04-24 10:41:00,059136e5-beb1-43f4-a3fe-9cc14dd0989b,600,44,644
c78d03d5-2194-4165-92b1-ee7f38c20f84,b8a55754-7bb6-4a63-9c0d-1acd5d4d49ca,2024-04-24 13:04:00,059136e5-beb1-43f4-a3fe-9cc14dd0989b,700,52,752
ccc73612-de2f-43b2-824c-bcd23127f3cd,83872f19-552c-47b2-9fd3-4db4c2f6753f,2024-04-24 07:56:00,059136e5-beb1-43f4-a3fe-9cc14dd0989b,600,44,644
524ae2de-ada5-4741-b02b-69c8860e495f,0b4320be-1aed-4451-b8d4-bfe6e56b3281,2024-04-24 14:54:00,059136e5-beb1-43f4-a3fe-9cc14dd0989b,400,30,430
5c40daf7-e8e2-42d4-b043-b505d3ce159d,26fc60b3-85e6-43e5-b371-71877025c8d1,2024-04-24 07:00:00,059136e5-beb1-43f4-a3fe-9cc14dd0989b,500,37,537
64ba2ac0-a6f9-4cfa-bf02-2d437244180c,cf4cb81b-3231-491c-bff8-a6da05b7b93f,2024-04-24 08:38:00,059136e5-beb1-43f4-a3fe-9cc14dd0989b,2700,202,2902
7dfe3637-7c89-4fda-a6c7-1813ea4ba49a,27b3d9ff-db39-4ce8-8de0-2090a7e90776,2024-04-24 07:46:00,059136e5-beb1-43f4-a3fe-9cc14dd0989b,600,44,644
ae48ef62-726b-4e46-ae11-f2bc300a1f20,3c7c5fb0-d621-44e5-9d08-388975ae8faf,2024-04-24 08:26:00,059136e5-beb1-43f4-a3fe-9cc14dd0989b,600,44,644
aff6fdf6-5119-4764-9dc7-9e3cdcbea425,4e749dde-0bfb-45f8-bfb7-cee60c7f5012,2024-04-24 18:50:00,059136e5-beb1-43f4-a3fe-9cc14dd0989b,400,30,430
53f408d6-cbff-4491-aca3-4d08e8092996,55a28803-2496-4e1a-84e5-f0a46aaead70,2024-04-24 10:00:00,059136e5-beb1-43f4-a3fe-9cc14dd0989b,700,52,752
d57545f8-4417-4d2e-9c44-e252e1fd7adf,cf121e2f-237d-4246-92e7-b175553e7a78,2024-04-24 14:22:00,059136e5-beb1-43f4-a3fe-9cc14dd0989b,600,44,644
445e3b3d-0520-4037-9d30-44b10dcb40b6,a978d5d4-d1da-4b56-bd60-9b92205a925f,2024-04-24 17:57:00,059136e5-beb1-43f4-a3fe-9cc14dd0989b,1800,135,1935
2f6e9518-3788-4541-9db6-837646d55a34,c4e9c02d-eaf6-451d-9932-9fc9348564b9,2024-04-24 12:43:00,059136e5-beb1-43f4-a3fe-9cc14dd0989b,400,30,430
5638694e-5f30-4eae-8889-ceac33fe8f13,c1fadf94-71e8-4d09-b9b0-2af116108a24,2024-04-24 07:59:00,059136e5-beb1-43f4-a3fe-9cc14dd0989b,500,37,537
eb11ff1c-4463-4f68-8ad4-6d4c59fdaed4,60c396b2-d634-4be2-9aaa-7f1a832f4305,2024-04-24 10:15:00,059136e5-beb1-43f4-a3fe-9cc14dd0989b,600,44,644
6e7fa2bf-bada-4ddf-9b63-aa65c578afb6,771dfa76-30ed-43e7-9aab-d026b7b2e4de,2024-04-24 15:30:00,059136e5-beb1-43f4-a3fe-9cc14dd0989b,500,37,537
fdbceca8-1dc1-406a-8d9d-b67d5f49a87b,cf1cc4db-a760-402c-8f7a-ef9892e05ee8,2024-04-24 13:57:00,059136e5-beb1-43f4-a3fe-9cc14dd0989b,1900,142,2042
8e8db1aa-d73d-40c4-8049-f594c37fbd0c,2533fffb-72a8-4e71-9e5c-eda4b362c551,2024-04-24 17:52:00,059136e5-beb1-43f4-a3fe-9cc14dd0989b,700,52,752
409838ad-e1cd-4bfc-9b2a-ab8328aca51f,ff8e5384-92e3-46a6-a97f-96f2e06d2d0c,2024-04-24 15:09:00,059136e5-beb1-43f4-a3fe-9cc14dd0989b,1900,142,2042
d18c3fcc-8ba3-423e-9c95-2beb9209f6c0,71c22f51-5140-4058-aca4-e1297f024cd1,2024-04-24 08:27:00,059136e5-beb1-43f4-a3fe-9cc14dd0989b,400,30,430
69b7937e-dbd0-423d-a574-f0c2e8b5deb6,d8196da5-366a-49ed-8e90-a15d0e70dabb,2024-04-24 17:38:00,059136e5-beb1-43f4-a3fe-9cc14dd0989b,1700,127,1827
541f1ca5-dd0f-46fd-ae88-bf2c17bd078c,0c903c1d-a0ab-4e8e-b1ce-e40f8f7c70ee,2024-04-24 15:45:00,059136e5-beb1-43f4-a3fe-9cc14dd0989b,2100,157,2257
f23e0457-b913-4321-9e90-b583b6d6d83d,99e72f7b-8e9c-4403-8629-4ba314155564,2024-04-24 09:42:00,059136e5-beb1-43f4-a3fe-9cc14dd0989b,1600,120,1720
2e98d0bb-a5bf-4a3d-90fd-24cc4c665054,ca896e2e-2dae-438f-ac59-9b251ce53240,2024-04-24 13:55:00,059136e5-beb1-43f4-a3fe-9cc14dd0989b,1600,120,1720
b566a5c2-4727-4568-9e07-86e350cc1d8d,7e72fe96-b013-4324-869d-caa2d564f37e,2024-04-24 07:53:00,059136e5-beb1-43f4-a3fe-9cc14dd0989b,500,37,537
eac2c294-efd6-46de-8298-3e557c4b384f,cae7f2a7-5319-4d2d-b18c-d38b90318742,2024-04-24 12:20:00,059136e5-beb1-43f4-a3fe-9cc14dd0989b,600,44,644
83ddfed7-32fd-423d-9071-c09ce7761e69,9b42559d-e62d-4ab2-ba36-11562c60d296,2024-04-24 08:10:00,059136e5-beb1-43f4-a3fe-9cc14dd0989b,600,44,644
b3075f35-a68a-4387-ba25-d073e93742e0,f637c2f2-576f-420d-bdb7-9836d12af85a,2024-04-24 07:59:00,059136e5-beb1-43f4-a3fe-9cc14dd0989b,600,44,644
3492c95a-e6a2-4e5b-8ed3-d7287633751a,0011a704-5681-4123-8dca-1af0bdc2de41,2024-04-24 08:14:00,059136e5-beb1-43f4-a3fe-9cc14dd0989b,600,44,644
8592b100-071b-4ef7-ac42-d249b9e52fd7,e9fb0dfd-4765-4a15-aea4-62035a7ac480,2024-04-24 14:47:00,059136e5-beb1-43f4-a3fe-9cc14dd0989b,400,30,430
91d63477-93a6-4fa7-b417-7e2a9bb059c1,70101c56-1cff-4c85-bf95-5f237f43dab5,2024-04-24 10:11:00,059136e5-beb1-43f4-a3fe-9cc14dd0989b,700,52,752
6672fd0e-2dec-432c-a175-0fe70a5ebaf3,e78f3127-094d-45f2-bbcb-dcb3cf718f7f,2024-04-24 19:54:00,059136e5-beb1-43f4-a3fe-9cc14dd0989b,400,30,430
a06bd891-adc1-4e4b-b61a-88c6fe0a15a8,7add3d5c-dfe4-41a7-9a61-3b9186a0f846,2024-04-24 07:36:00,059136e5-beb1-43f4-a3fe-9cc14dd0989b,500,37,537
0d89e663-79c9-479e-8ac2-2fd2e069fe29,46c2e8d7-6868-4004-8960-1f640fed6c16,2024-04-24 14:13:00,059136e5-beb1-43f4-a3fe-9cc14dd0989b,1900,142,2042
dfcaa2b4-1f75-4a40-8d48-d5ab47f9c094,b3f1fd68-97bf-448c-b555-6f57c1700866,2024-04-24 08:07:00,059136e5-beb1-43f4-a3fe-9cc14dd0989b,400,30,430
2482dcb3-d244-410a-9750-3490c70adf0b,39ceb3c4-d968-4af0-8bd1-6010ee5cf91c,2024-04-24 07:42:00,059136e5-beb1-43f4-a3fe-9cc14dd0989b,600,44,644
b3fe4f5a-c6cc-46c2-81e9-155f5ff40fe4,6156c2e5-b70a-4109-9e08-c0c9d8dd1210,2024-04-24 07:49:00,059136e5-beb1-43f4-a3fe-9cc14dd0989b,500,37,537
573fb83d-0dce-4519-91c4-ebda48721b5d,1578fa35-446f-4174-9169-551e1d5edb6a,2024-04-24 07:46:00,059136e5-beb1-43f4-a3fe-9cc14dd0989b,600,44,644
fda086d1-7f03-4be5-ab31-31989a2a456f,4e33fa20-eeb2-4dd9-975c-8821869dfb64,2024-04-24 12:28:00,059136e5-beb1-43f4-a3fe-9cc14dd0989b,1600,120,1720
cb5992a6-0b30-4c2a-abcf-798f2dd7f31f,5dcbf303-9411-496a-9470-405f2c60a4a9,2024-04-24 16:55:00,059136e5-beb1-43f4-a3fe-9cc14dd0989b,2300,172,2472
c978c9c7-942a-468d-b6a6-13442f485a4b,8c9bc24a-89cf-47a7-b3c3-328b2591676b,2024-04-24 14:35:00,059136e5-beb1-43f4-a3fe-9cc14dd0989b,1900,142,2042
fcee734b-e6ec-43d9-a920-9c0cf6901980,63358e1d-e741-46a1-a85b-f5b455bf59d4,2024-04-24 08:43:00,059136e5-beb1-43f4-a3fe-9cc14dd0989b,600,44,644
eb1f2275-0b4c-4498-8d19-33d88a7c287d,3c5d20b1-e38f-466d-a6ed-e54fa6bc4d3a,2024-04-24 19:46:00,059136e5-beb1-43f4-a3fe-9cc14dd0989b,1700,127,1827
f326dc10-83c2-4731-8925-4148d85b1f21,24695eb9-42ed-4f0e-a598-7d6015e38e12,2024-04-24 12:29:00,059136e5-beb1-43f4-a3fe-9cc14dd0989b,2300,172,2472
ab5602b9-eff0-42c1-8f77-b4dcd8b4bcd4,37a5320c-de51-4a39-8c68-2ff5e37f7a0a,2024-04-24 13:36:00,059136e5-beb1-43f4-a3fe-9cc14dd0989b,600,44,644
4c14d45d-341a-4d49-9abb-96751da280ae,da3c426d-80b6-4bc0-b424-a51a461fdf70,2024-04-24 19:11:00,059136e5-beb1-43f4-a3fe-9cc14dd0989b,1900,142,2042
bf478b16-4d5f-4879-bee2-89753e2d60e6,79aa2e3c-4191-4214-8732-6ece67a8c904,2024-04-24 19:37:00,059136e5-beb1-43f4-a3fe-9cc14dd0989b,500,37,537
56b8c3bd-8ffd-4373-a6ab-d0bb54ccf19b,879873ef-7ee7-45d1-a0f8-3ab1ff52b1de,2024-04-24 07:53:00,059136e5-beb1-43f4-a3fe-9cc14dd0989b,400,30,430
efba23d4-39bf-4e4c-8403-314e0dfd3091,94f6387a-97ef-43f5-b203-90565c727538,2024-04-24 09:05:00,059136e5-beb1-43f4-a3fe-9cc14dd0989b,4900,367,5267
d14e96f7-fed8-4ffb-b6e1-b316d9859436,2e3f8a56-2251-44a8-8599-fc4cbd175ecb,2024-04-24 11:05:00,059136e5-beb1-43f4-a3fe-9cc14dd0989b,1300,97,1397
2fffb079-61e2-4acb-b9a1-d889bc8b6a97,0ac09bcc-50a7-41e6-88c1-e23be2b88c97,2024-04-24 12:38:00,059136e5-beb1-43f4-a3fe-9cc14dd0989b,600,44,644
8511feda-c056-46f4-9a72-d66c33f5e8f8,24d003ab-ccb6-4065-91b7-bbca21bc21f8,2024-04-24 19:56:00,059136e5-beb1-43f4-a3fe-9cc14dd0989b,1500,112,1612
b0ad1d04-0903-4bfb-bf1a-0240be6245d2,dbd8ef76-a438-4dc2-b931-58294ab0fdd3,2024-04-24 14:17:00,059136e5-beb1-43f4-a3fe-9cc14dd0989b,600,44,644
697b80fb-0ded-41c2-8963-95d2372aef55,757ad23d-2490-44ac-8683-ac603986068b,2024-04-24 07:54:00,059136e5-beb1-43f4-a3fe-9cc14dd0989b,600,44,644
1ad9eb87-f46b-456a-a0ff-0f409228f3a2,8e41ce23-0858-4778-bac4-f113515f4409,2024-04-24 07:49:00,059136e5-beb1-43f4-a3fe-9cc14dd0989b,500,37,537
cef1a45f-13be-4a77-ba25-d7df255fe643,d9f02350-2ac6-4b03-ba72-d0def0c5c1f5,2024-04-24 14:02:00,059136e5-beb1-43f4-a3fe-9cc14dd0989b,600,44,644
ec7c2756-2567-407d-b2a4-5c723e04d21c,d3721883-cbf4-403c-86f4-addf916ec123,2024-04-24 10:47:00,059136e5-beb1-43f4-a3fe-9cc14dd0989b,600,44,644
57504f86-6bcf-47d4-853d-99779100e604,ba2dedc4-88f5-4a08-868d-6687a7a2282f,2024-04-24 17:58:00,059136e5-beb1-43f4-a3fe-9cc14dd0989b,1700,127,1827
e6e11c53-708b-4b38-ba81-dc8f953b8dd6,987ded3d-0eb7-4546-9a65-073dfc15621f,2024-04-24 08:15:00,059136e5-beb1-43f4-a3fe-9cc14dd0989b,700,52,752
4d64b061-7d2d-4ab5-8be0-783cd92a9c1d,842f310f-2bb8-42c0-8291-b26b81258980,2024-04-24 15:04:00,059136e5-beb1-43f4-a3fe-9cc14dd0989b,600,44,644
2480d8a2-85c7-4837-b48a-fa76aa01b393,71226ce1-aac0-48fa-b99b-05a4ab69dde7,2024-04-24 08:34:00,059136e5-beb1-43f4-a3fe-9cc14dd0989b,600,44,644
ad27b446-d2e2-44ef-8d00-04b5ca435765,83cd5e82-fcef-4b1a-9a26-3889abd99ee9,2024-04-24 08:10:00,059136e5-beb1-43f4-a3fe-9cc14dd0989b,400,30,430
f2303334-40e5-4c0b-8d24-4e300a90855b,b3b08149-77d3-430b-b761-2b06c3d11e7a,2024-04-24 13:55:00,059136e5-beb1-43f4-a3fe-9cc14dd0989b,600,44,644
0ee6f2c4-1ce0-420d-bc16-c314f5e11117,cb0c82ee-5ea6-4290-b4ef-33a938e280d3,2024-04-24 18:02:00,059136e5-beb1-43f4-a3fe-9cc14dd0989b,1600,120,1720
02f22588-c25b-4273-876a-10f1eee07274,41c9f26f-ad03-4bb6-b0c8-6c4754d887fc,2024-04-24 14:42:00,059136e5-beb1-43f4-a3fe-9cc14dd0989b,700,52,752
e9e344f7-4205-4918-9669-7a1f769c63d5,bbd60ac7-5fef-454b-aabb-66031f4a499d,2024-04-24 07:44:00,059136e5-beb1-43f4-a3fe-9cc14dd0989b,600,44,644
15ee5dcc-6226-4ba7-a0b9-57a1986ee487,aca90745-0103-44ba-b561-ead73d1be7f6,2024-04-24 16:00:00,059136e5-beb1-43f4-a3fe-9cc14dd0989b,1600,120,1720
1ba45c84-e518-4386-9752-2bd2a5626001,7a117ba4-34c0-4a2b-8950-ef18771fe5c7,2024-04-24 12:17:00,059136e5-beb1-43f4-a3fe-9cc14dd0989b,600,44,644
53e49384-9440-4fd5-85ed-808620cf9e61,df8e1c87-b450-4bdb-bb3d-982138f86dbf,2024-04-24 07:57:00,059136e5-beb1-43f4-a3fe-9cc14dd0989b,400,30,430
23cd5a8a-3f7c-46a8-a361-517cfc01f0d8,28bd6a31-b941-4df4-92da-9da703597e5b,2024-04-24 07:26:00,059136e5-beb1-43f4-a3fe-9cc14dd0989b,500,37,537
11f55577-3112-4900-8ca1-68b672a9b0dc,d1221cb3-2f69-46ce-bd21-ed3d9fd32d08,2024-04-24 13:38:00,059136e5-beb1-43f4-a3fe-9cc14dd0989b,700,52,752
3a844b8d-4ee6-44fc-9870-e0763cf5539f,f813d86e-8dfa-492e-8e09-ac432110ec41,2024-04-24 12:56:00,059136e5-beb1-43f4-a3fe-9cc14dd0989b,600,44,644
ea537172-8c54-432c-aa7d-9db45d26fde9,562a2cec-caac-4d07-918b-b4c60e4b1505,2024-04-24 08:07:00,059136e5-beb1-43f4-a3fe-9cc14dd0989b,600,44,644
77c87a49-772a-4de4-bda4-00f16b39689b,bfaa418f-dc55-4a58-baf3-ae68dd84beb5,2024-04-24 08:13:00,059136e5-beb1-43f4-a3fe-9cc14dd0989b,400,30,430
b5a571d6-ce49-4067-8ab8-d2854878edad,1f1cd553-ae63-4f46-9f5f-36c05ed4d698,2024-04-24 17:07:00,059136e5-beb1-43f4-a3fe-9cc14dd0989b,600,44,644
cccc9985-55e8-4ab6-8ddc-74edff0bb591,15ae0044-7c3f-4ed0-869e-0433ccb541aa,2024-04-24 15:32:00,059136e5-beb1-43f4-a3fe-9cc14dd0989b,1600,120,1720
ac3f3fdf-da52-43f5-a29f-1ff09353cd77,c0baed56-16e4-4b70-8dc9-4cd5328cae45,2024-04-24 08:36:00,059136e5-beb1-43f4-a3fe-9cc14dd0989b,400,30,430
13af3698-e4b4-4851-a2b4-30f27dd26840,48874e5a-841e-48de-9ca3-cd2a04a84721,2024-04-24 12:49:00,059136e5-beb1-43f4-a3fe-9cc14dd0989b,1200,89,1289
25a2cec7-c179-4dcf-ab73-d1eb1bc14d81,a38118ea-7e06-44e9-8f7e-e55707283e72,2024-04-24 13:21:00,059136e5-beb1-43f4-a3fe-9cc14dd0989b,2400,179,2579
725a26ab-1cd0-4696-9ce1-57b816af5631,f27c6496-674b-4200-bd45-ebe8b15fb7dc,2024-04-24 19:09:00,059136e5-beb1-43f4-a3fe-9cc14dd0989b,600,44,644
f8db00f4-08a2-447b-9e48-4305a6661448,5702df61-b819-4715-bb9e-ab49fcca2190,2024-04-24 07:00:00,059136e5-beb1-43f4-a3fe-9cc14dd0989b,600,44,644
e94564c3-4300-40d8-9e5f-cc58496e5417,4dd3cdca-7c84-4a3c-bee1-4cc40fe4f6c1,2024-04-24 12:20:00,059136e5-beb1-43f4-a3fe-9cc14dd0989b,600,44,644
47bbaa5e-d2a6-456d-93a9-d4331af95be6,9f63dc82-925f-46ec-a127-dc0231bc789c,2024-04-24 17:12:00,059136e5-beb1-43f4-a3fe-9cc14dd0989b,600,44,644
e9a9dbc3-8944-48ec-bf60-b7f7b89938f1,4b93879c-0737-40dd-b938-754c1fbf0384,2024-04-24 16:42:00,059136e5-beb1-43f4-a3fe-9cc14dd0989b,500,37,537
29615941-149d-4925-8b11-d41b3bc72ea8,20a41bf6-7092-4e8e-82b9-8df54688b057,2024-04-24 11:30:00,059136e5-beb1-43f4-a3fe-9cc14dd0989b,700,52,752
0e2e4095-a1a2-472a-b541-960c9eaa4fc4,5ff6898e-6fbe-41b2-abb0-7bdf107eeb3b,2024-04-24 07:42:00,059136e5-beb1-43f4-a3fe-9cc14dd0989b,400,30,430
0533b11b-3a1a-45c4-b88f-cc084a73f9f4,e03d6e06-c748-4b67-bc54-1902c85555f0,2024-04-24 10:08:00,059136e5-beb1-43f4-a3fe-9cc14dd0989b,700,52,752
ed54acdd-7374-4f24-99e9-e3033a8ead22,3d49f94b-d293-4bc7-9785-8c1924b261ed,2024-04-24 15:08:00,059136e5-beb1-43f4-a3fe-9cc14dd0989b,1700,127,1827
5d9db9db-b764-4549-bcad-de39563b97d9,4b9e45a3-6ebf-4492-a4ea-834b7143f962,2024-04-24 13:45:00,059136e5-beb1-43f4-a3fe-9cc14dd0989b,1100,82,1182
8d89474a-1642-499c-b1a3-2200a5ea75c2,d5ed11cf-a7a8-48e0-8db6-b53ea2b4215b,2024-04-24 07:57:00,059136e5-beb1-43f4-a3fe-9cc14dd0989b,400,30,430
673dc345-72e7-4ad0-a23a-8bf209b05caf,4d6aa9ce-769b-41ba-93f7-fd93ac143e2e,2024-04-24 08:47:00,059136e5-beb1-43f4-a3fe-9cc14dd0989b,1400,105,1505
63c73f29-04d9-4d60-a49c-5f5a258dc542,7c94f11c-d222-4fbf-8a10-b5dc85c91e8c,2024-04-24 10:18:00,059136e5-beb1-43f4-a3fe-9cc14dd0989b,600,44,644
b37faaae-9b57-4829-9af6-80d335f09645,4cb59264-ffcc-452a-8b0e-82b2d93a13f8,2024-04-24 15:29:00,059136e5-beb1-43f4-a3fe-9cc14dd0989b,1200,89,1289
1d31bd70-53cf-45d8-a4c7-c593516e0c37,52713a79-bbcf-4dae-b373-094c94cdaa42,2024-04-24 13:33:00,059136e5-beb1-43f4-a3fe-9cc14dd0989b,3100,232,3332
30ce11c2-48fc-4245-869c-96b10ff889f5,22b6850d-b14f-4bfc-8ad5-1b8e5dd86415,2024-04-24 13:16:00,059136e5-beb1-43f4-a3fe-9cc14dd0989b,900,67,967
6262e42a-495f-40cb-8658-aa2b000dde02,123f76cb-3dbe-4a9c-aa85-e0dc3091b169,2024-04-24 14:14:00,059136e5-beb1-43f4-a3fe-9cc14dd0989b,600,44,644
d9f31014-67ac-4d38-854f-1615dadd14a9,86936775-52b3-40ab-9529-3d70c1d85b96,2024-04-24 13:21:00,059136e5-beb1-43f4-a3fe-9cc14dd0989b,700,52,752
7f4958ea-8f00-4b5d-b13f-4d7efeb76054,e92d4740-9449-4048-92f5-85fb462dad77,2024-04-24 15:16:00,059136e5-beb1-43f4-a3fe-9cc14dd0989b,600,44,644
ef6d66bf-b113-451b-9ca9-45150abac70d,69b261e6-ada0-48de-94b4-7449a7e44a5f,2024-04-24 07:09:00,059136e5-beb1-43f4-a3fe-9cc14dd0989b,700,52,752
0e315c35-f8ef-4bb9-ab3d-f4ad713a97ca,5b7ca844-231c-4062-ac6a-4b3b609e5c76,2024-04-24 08:19:00,059136e5-beb1-43f4-a3fe-9cc14dd0989b,600,44,644
2214a664-6617-42b8-8812-d2925b3d46c1,4f346960-fad5-45cb-b2fb-aa2c25662998,2024-04-24 14:31:00,059136e5-beb1-43f4-a3fe-9cc14dd0989b,700,52,752
8244b0fc-46bf-40da-83f5-dc431e597f16,53760b90-8462-4a28-9982-1a996cdbc8a2,2024-04-24 14:20:00,059136e5-beb1-43f4-a3fe-9cc14dd0989b,1800,135,1935
6b35794f-9e1c-42f6-868c-50de07e5cbb4,59fb0d19-c3ef-4659-9b3d-dfb568b3fedf,2024-04-24 13:05:00,059136e5-beb1-43f4-a3fe-9cc14dd0989b,1100,82,1182
a32a9e4c-5c6d-424c-882c-e81491bb048c,ab97f3ac-1614-471d-82d6-66432507cd64,2024-04-24 08:31:00,059136e5-beb1-43f4-a3fe-9cc14dd0989b,700,52,752
fb36c061-1792-45df-835b-797d74de8b63,07a8b0a6-f708-4fe2-93b6-21978691ae73,2024-04-24 07:00:00,059136e5-beb1-43f4-a3fe-9cc14dd0989b,600,44,644
4323c93a-20c6-46f6-97ef-1095b8a8a3df,8a23372e-fab4-4779-8f74-6f8a0f73b768,2024-04-24 11:25:00,059136e5-beb1-43f4-a3fe-9cc14dd0989b,0,0,0
39b90283-af23-4d9c-8a6c-4930f87d8337,34d82b57-4819-4794-9ca9-ea6574b20771,2024-04-24 07:56:00,059136e5-beb1-43f4-a3fe-9cc14dd0989b,600,44,644
4a2e6625-7d4c-4d2c-a5dd-d24e61aa39e7,e6e521f9-4263-4abe-8cb3-3aec564ed17b,2024-04-24 08:35:00,059136e5-beb1-43f4-a3fe-9cc14dd0989b,500,37,537
269fab67-b0c8-4913-9423-c1cf5a6644f5,dd182f76-63eb-4173-848a-8c03f76c83b7,2024-04-24 14:35:00,059136e5-beb1-43f4-a3fe-9cc14dd0989b,400,30,430
45e640ea-dd3e-4954-99a5-1925dd33018a,71955bb5-1c02-47ff-9b9e-c336437f515f,2024-04-24 17:28:00,059136e5-beb1-43f4-a3fe-9cc14dd0989b,700,52,752
b85941fc-0411-4ced-b541-a47228efb83e,5ae0ad28-397e-48ae-b74c-cf5304acb96f,2024-04-24 17:02:00,059136e5-beb1-43f4-a3fe-9cc14dd0989b,2100,157,2257
047639ac-95b3-4472-8a65-24e46aa382df,0b4f304d-8026-4f2c-a91f-b3a7b61b8413,2024-04-24 14:00:00,059136e5-beb1-43f4-a3fe-9cc14dd0989b,600,44,644
1dbc3ba8-7631-4c26-961d-59aeb09dfdad,d7f9570e-4b88-4892-aee5-c747cf0505ce,2024-04-24 08:04:00,059136e5-beb1-43f4-a3fe-9cc14dd0989b,500,37,537
0afb2405-d71a-4c6c-8d9f-e0d624ef1e5c,2fff5639-709b-454a-803a-084249a1f25f,2024-04-24 12:32:00,059136e5-beb1-43f4-a3fe-9cc14dd0989b,800,60,860
59b7ff08-324a-4939-ae43-afeb0dae2767,65d98288-db49-45ad-8275-fe8812494280,2024-04-24 17:37:00,059136e5-beb1-43f4-a3fe-9cc14dd0989b,400,30,430
9c0a8b57-eb2b-4667-8377-76d8001fc434,0505f2cb-3909-461e-b4dd-0e908c55c808,2024-04-24 14:37:00,059136e5-beb1-43f4-a3fe-9cc14dd0989b,1700,127,1827
42965caf-62ad-4255-96cb-1ed339acd283,63179edd-cb4d-4c8a-83a4-01a0da3bb534,2024-04-24 08:27:00,059136e5-beb1-43f4-a3fe-9cc14dd0989b,500,37,537
0ffb0f9e-8be9-4690-82d9-219d62f2ff14,1b6c6a19-0dc9-4bb0-b2c0-dc05e526aeb6,2024-04-24 18:48:00,059136e5-beb1-43f4-a3fe-9cc14dd0989b,700,52,752
e3dfd948-9a2d-4cdf-9457-b1322b1404b8,56efbcd8-63c0-44d5-8879-81f6a4ae9706,2024-04-24 07:44:00,059136e5-beb1-43f4-a3fe-9cc14dd0989b,600,44,644
d8daba3a-163a-4afe-8d56-b6a71604f76a,63c89071-7a92-40d7-b793-900c47a5567d,2024-04-24 07:49:00,059136e5-beb1-43f4-a3fe-9cc14dd0989b,600,44,644
df69f273-ec76-4772-864c-beb559b4f091,b2e021cb-5b71-4a44-9b75-49a8a45a5c8e,2024-04-24 12:25:00,059136e5-beb1-43f4-a3fe-9cc14dd0989b,600,44,644
96d83d93-bb56-44a2-99e6-7c7484fdb7aa,e8f1ac4f-82cd-44e6-9177-0af3eda24435,2024-04-24 09:17:00,059136e5-beb1-43f4-a3fe-9cc14dd0989b,600,44,644
dc4e9db9-17a7-4bb8-b413-318952fb07c5,87013cfb-6a3d-4e3c-9e31-884b9f979690,2024-04-24 14:05:00,059136e5-beb1-43f4-a3fe-9cc14dd0989b,400,30,430
78cc6040-5901-4b46-8813-236e8fab7188,3a515aa3-68cd-44aa-aace-5182631c4705,2024-04-24 12:14:00,059136e5-beb1-43f4-a3fe-9cc14dd0989b,400,30,430
ef220fbc-305d-4330-86d2-a7a352fd41c9,1c40cde4-4c0a-4cc5-8eaa-78b7d34c58eb,2024-04-24 07:27:00,059136e5-beb1-43f4-a3fe-9cc14dd0989b,500,37,537
8116b818-8a9f-45ec-81d8-6f4aed9c8838,416ddd70-f0ad-4d6c-8d08-827ca7466f48,2024-04-24 08:07:00,059136e5-beb1-43f4-a3fe-9cc14dd0989b,500,37,537
b9eae0a8-228f-4073-9f6d-b2ded4ade61c,6a0e68f2-fede-4f45-b3f8-b0325978c2a8,2024-04-24 07:51:00,059136e5-beb1-43f4-a3fe-9cc14dd0989b,600,44,644
a1614c81-3f76-4be5-b527-0706bd91b7c6,d6e7ed2a-93ac-4751-a20d-44a68642f9a7,2024-04-24 11:09:00,059136e5-beb1-43f4-a3fe-9cc14dd0989b,1700,127,1827
7c85be6e-a8b4-41aa-a5f2-a8d4927d7e9b,3e2dd302-520d-45bd-a7b8-b43652be9e88,2024-04-24 18:45:00,059136e5-beb1-43f4-a3fe-9cc14dd0989b,700,52,752
19439c39-0863-4ec7-bff0-8ddb94831095,080b2366-0a35-4def-ac8c-f7d8ddbc407d,2024-04-24 08:03:00,059136e5-beb1-43f4-a3fe-9cc14dd0989b,500,37,537
0f1919ee-209c-4ed9-a970-5a3b3a7dc4e4,98136fa4-c411-4fb7-9bed-a26308bbdf32,2024-04-24 09:04:00,059136e5-beb1-43f4-a3fe-9cc14dd0989b,700,52,752
4d440bb4-4aae-4110-9118-1c0425804835,fa8db2f2-318b-4fc3-b288-2523bddf013d,2024-04-24 09:43:00,059136e5-beb1-43f4-a3fe-9cc14dd0989b,1600,120,1720
8218419a-3f29-4235-ac50-9ac1ec91bfba,3161ca22-7e0d-46c4-bfb0-c93e62c46ea8,2024-04-24 07:14:00,059136e5-beb1-43f4-a3fe-9cc14dd0989b,400,30,430
c342de7e-25fc-403e-9ffe-332b8d6a6693,82f6eacc-b18b-4dec-b170-5510d706e698,2024-04-24 07:00:00,059136e5-beb1-43f4-a3fe-9cc14dd0989b,600,44,644
a7ab4a41-1e6e-41bd-9c42-48577a6baae1,509898dd-5cbb-4917-ba83-cc39383ed6e1,2024-04-24 11:59:00,059136e5-beb1-43f4-a3fe-9cc14dd0989b,2200,165,2365
b154bb7f-6093-48f2-bd93-52e6e9e9288c,f3f341b2-c96e-47ce-85ed-17b514090f1f,2024-04-24 12:11:00,059136e5-beb1-43f4-a3fe-9cc14dd0989b,3400,254,3654
8d27374f-c327-46c5-b6cf-01e33d97e78a,e1ae5473-912b-494f-b4e4-c4323ccb5509,2024-04-24 07:26:00,059136e5-beb1-43f4-a3fe-9cc14dd0989b,600,44,644
604a31ce-e648-4b30-9d65-4ff895d72b15,335ffb1e-5b15-4ad8-bee9-60b00b39f402,2024-04-24 07:56:00,059136e5-beb1-43f4-a3fe-9cc14dd0989b,600,44,644
b82f8fc2-a691-4931-bd18-ce6950b7283b,3186b251-cfbc-4073-883d-2d622bb79b96,2024-04-24 07:00:00,059136e5-beb1-43f4-a3fe-9cc14dd0989b,400,30,430
ea660237-78bd-4530-8f60-ea0d6f719538,ff548053-cb32-4f33-ada3-42db8f5e72d1,2024-04-24 14:28:00,059136e5-beb1-43f4-a3fe-9cc14dd0989b,1200,89,1289
621dd64e-b0e4-4cce-becb-78e9b44789cb,0f5a922a-5641-4941-b276-2b3448dd706f,2024-04-24 07:22:00,059136e5-beb1-43f4-a3fe-9cc14dd0989b,400,30,430
d0a4d122-19d8-4218-a7aa-f7b9ea606565,d40f4cac-3dde-4451-ae26-8817fa0ac508,2024-04-24 08:41:00,059136e5-beb1-43f4-a3fe-9cc14dd0989b,700,52,752
774c7619-a60f-4a4a-b988-da67504e3897,a685acd1-4a20-43ad-b355-36cf38348906,2024-04-24 16:44:00,059136e5-beb1-43f4-a3fe-9cc14dd0989b,600,44,644
8fbe4f9b-d7b3-403b-923d-f4f0ae8b841c,da5cd671-cf27-4151-8076-5b2369981a8a,2024-04-24 07:14:00,059136e5-beb1-43f4-a3fe-9cc14dd0989b,600,44,644
f4cf9c2c-b9a4-4740-947d-1baec0388ef2,cf2886d3-4bb9-425f-9842-f6ab89f29851,2024-04-24 08:00:00,059136e5-beb1-43f4-a3fe-9cc14dd0989b,700,52,752
e22d8770-5f45-460a-803b-9e1ca09b4206,8afd022f-4b28-4638-856c-b2eb7da37530,2024-04-24 12:15:00,059136e5-beb1-43f4-a3fe-9cc14dd0989b,400,30,430
ef7dabb1-683c-4de9-987e-3d04a26297eb,e09bada2-10c3-44d2-9a3f-d595396ed00a,2024-04-24 14:05:00,059136e5-beb1-43f4-a3fe-9cc14dd0989b,1700,127,1827
811f8d25-1f19-492a-b0af-1890138fb0e0,c001075b-b254-41b1-9251-e429aff98318,2024-04-24 16:11:00,059136e5-beb1-43f4-a3fe-9cc14dd0989b,600,44,644
8af9fd9f-2d7c-4845-8fd6-be23a727aa1a,f2ea92ed-0bee-479f-80a4-d186c2c16020,2024-04-24 14:00:00,059136e5-beb1-43f4-a3fe-9cc14dd0989b,600,44,644
af9038b1-c547-4b09-8b8a-e5973d4cb348,f5b542da-7d69-4d0d-93d2-004996d805d9,2024-04-24 16:41:00,059136e5-beb1-43f4-a3fe-9cc14dd0989b,1900,142,2042
10adc740-e680-48c2-9259-48616efcfb96,9929ce1c-11c1-48d6-936f-562518640d5c,2024-04-24 11:37:00,059136e5-beb1-43f4-a3fe-9cc14dd0989b,400,30,430
81a63a44-a90c-4697-9bbc-3c275b35415e,537f56af-b73f-4cd3-90e9-5901fb0cf6e1,2024-04-24 07:39:00,059136e5-beb1-43f4-a3fe-9cc14dd0989b,500,37,537
a1bf91b1-b7eb-419d-8881-780c00395b93,f7feb52a-5089-47fd-8310-0376fc9e61c1,2024-04-24 16:03:00,059136e5-beb1-43f4-a3fe-9cc14dd0989b,600,44,644
f3c0cab5-85ad-4fa0-872b-4a02daf412c4,deca356d-a271-49eb-a57e-cefebda03b0d,2024-04-24 08:09:00,059136e5-beb1-43f4-a3fe-9cc14dd0989b,700,52,752
d7e29eff-44b4-4ffd-ad70-4c6fae74d658,cb93f4d2-85c6-416a-9d28-2ebba8219fc2,2024-04-24 07:00:00,059136e5-beb1-43f4-a3fe-9cc14dd0989b,400,30,430
da00cdf4-47ad-46f2-ae59-ddbd70de0e22,cf4af158-856c-40ca-a09e-bc39cc5bcc57,2024-04-24 14:41:00,059136e5-beb1-43f4-a3fe-9cc14dd0989b,1600,120,1720
cc44bbed-67c3-4148-81d4-0977d7142886,b6a07bfc-cfe5-4301-acf5-599ec671ed33,2024-04-24 14:23:00,059136e5-beb1-43f4-a3fe-9cc14dd0989b,1700,127,1827
c34e6f6a-6b62-4bcc-b114-fc664f0fe59a,bdb34ac4-1425-4a78-ab36-06203eb04d7e,2024-04-24 12:02:00,059136e5-beb1-43f4-a3fe-9cc14dd0989b,1700,127,1827
4c4ebd0f-8d62-4081-a4cd-96ef99681a9b,cdc20a30-f34c-40e5-89c3-13d1412a8e1a,2024-04-24 08:18:00,059136e5-beb1-43f4-a3fe-9cc14dd0989b,400,30,430
3819492b-6037-4812-be07-f0ba7394c249,5893c78f-be68-4535-87e4-b9e0a3100d8a,2024-04-24 15:27:00,059136e5-beb1-43f4-a3fe-9cc14dd0989b,600,44,644
a95e9307-9dc1-4b7c-bd38-81a8587f5def,5a85894e-8877-4fe8-abc7-25ee8d4f3683,2024-04-24 08:03:00,059136e5-beb1-43f4-a3fe-9cc14dd0989b,700,52,752
18159dce-b9df-433a-bf7d-d1dc9e8a40b0,ff167039-ce55-49a9-a653-d00a88d17fc9,2024-04-24 17:04:00,059136e5-beb1-43f4-a3fe-9cc14dd0989b,1600,120,1720
edc68fae-2444-427e-b88a-f72db07a96c6,3cd5fd88-7f74-4f00-bf62-641e6d5c8743,2024-04-24 08:22:00,059136e5-beb1-43f4-a3fe-9cc14dd0989b,400,30,430
58577701-1ac8-4a9c-9a3d-a8fbd1f4e94c,525b7cde-507b-42ab-9ca4-f010a9e8de28,2024-04-24 07:45:00,059136e5-beb1-43f4-a3fe-9cc14dd0989b,600,44,644
89b1344c-b3b6-4109-a95c-7ce2e2479ff7,f2d3b7b6-cb0d-4ad8-ab6d-d428c7f48c29,2024-04-24 10:20:00,059136e5-beb1-43f4-a3fe-9cc14dd0989b,500,37,537
a1f69969-4895-474e-bcab-2b6461b4ddef,35b4c9ee-b015-4921-8fb3-e18d94ba2acf,2024-04-24 08:04:00,059136e5-beb1-43f4-a3fe-9cc14dd0989b,500,37,537
b175f97f-2b59-4781-82ae-ce8fe59b206d,429f4082-8e25-42a4-8b71-03eb45a90da2,2024-04-24 17:34:00,059136e5-beb1-43f4-a3fe-9cc14dd0989b,1900,142,2042
b67077f5-0f4b-4c78-b929-a4e019f9d432,c1acbc40-5acf-4438-a21b-2b260df6a4bb,2024-04-24 08:02:00,059136e5-beb1-43f4-a3fe-9cc14dd0989b,500,37,537
f6d35aa0-78c6-45ce-9ed1-8c3fcfc75f7c,29272c1d-470c-4452-b97c-2666adaaa2f1,2024-04-24 13:01:00,059136e5-beb1-43f4-a3fe-9cc14dd0989b,1300,97,1397
382fe9df-2ba2-4dc9-9b43-f4ed57f3d206,eb946b01-b4e4-4e83-921f-8bdfa6bf8779,2024-04-24 08:05:00,059136e5-beb1-43f4-a3fe-9cc14dd0989b,600,44,644
8b14688a-5694-43fb-b2d8-cbd300faafca,081fc5fe-a7fa-4c01-91bc-e6a535fc566e,2024-04-24 14:36:00,059136e5-beb1-43f4-a3fe-9cc14dd0989b,2200,165,2365
e29e08a1-f537-4062-a15d-6ad0ebff6d5c,179447a8-7285-4bb4-a34a-03071446d270,2024-04-24 08:42:00,059136e5-beb1-43f4-a3fe-9cc14dd0989b,500,37,537
98353ec7-de43-430a-9184-7e79f80415eb,51422d77-7918-4d57-88ed-225044f0d654,2024-04-24 15:01:00,059136e5-beb1-43f4-a3fe-9cc14dd0989b,400,30,430
d292a0c9-4223-48ae-94f2-44251643549f,3cd1d06f-f125-41ef-9dc7-06e1953a097b,2024-04-24 13:24:00,059136e5-beb1-43f4-a3fe-9cc14dd0989b,600,44,644
ad70f85b-f274-4d88-9cfa-f2ee370e6259,508ad1fb-30cb-4403-a945-efca555fc603,2024-04-24 11:54:00,059136e5-beb1-43f4-a3fe-9cc14dd0989b,400,30,430
f56bea7c-a1f7-48d7-8e67-26a7db2c4d63,c67e5298-2e23-483d-9271-f3a407d60b98,2024-04-24 07:20:00,059136e5-beb1-43f4-a3fe-9cc14dd0989b,500,37,537
cf37d664-25f6-42fa-b027-397ca6c19333,7881f065-465b-4e32-a7e5-688fb2bbb84e,2024-04-24 08:07:00,059136e5-beb1-43f4-a3fe-9cc14dd0989b,400,30,430
8c9b3323-d283-4e53-8bfe-102c33d48f6f,ec70abb1-0f2b-4f84-8df9-c07a3d01ce2d,2024-04-24 07:44:00,059136e5-beb1-43f4-a3fe-9cc14dd0989b,700,52,752
ea489e7b-6ae1-4d69-bacd-c62ad26108f4,4bc8d1b3-b47e-4bb4-8531-37a7694b301a,2024-04-24 08:07:00,059136e5-beb1-43f4-a3fe-9cc14dd0989b,500,37,537
a070907b-878f-479f-b33e-00d96a280bec,cfbb01a6-b92f-49e8-b0ad-73c464ec17b0,2024-04-24 08:25:00,059136e5-beb1-43f4-a3fe-9cc14dd0989b,600,44,644
53bb2ce4-a853-4ea2-814a-f8a703ab696f,3e0a9ecf-66f7-42c2-8ff6-28dbe97fadce,2024-04-24 16:43:00,059136e5-beb1-43f4-a3fe-9cc14dd0989b,400,30,430
64c5a601-f017-48c5-a81c-6248cb4beea6,a894594e-9ef5-4450-a048-185b1becba41,2024-04-24 15:14:00,059136e5-beb1-43f4-a3fe-9cc14dd0989b,500,37,537
72e14e8f-fc65-4544-bceb-85d32cfcf590,458069c2-357c-48d5-838d-618b3c991344,2024-04-24 17:22:00,059136e5-beb1-43f4-a3fe-9cc14dd0989b,1100,82,1182
0943d162-276a-468f-9cb8-a5aea9067630,6760fa7e-0ff8-4391-bc15-ebc006f502a7,2024-04-24 15:47:00,059136e5-beb1-43f4-a3fe-9cc14dd0989b,400,30,430
ec7d2a1b-8406-4967-92f0-d778358dcd2f,78fdcf56-3a2e-4c02-b8c1-2268dc126226,2024-04-24 16:03:00,059136e5-beb1-43f4-a3fe-9cc14dd0989b,1000,75,1075
8d6ee801-05ff-46b1-a6d6-ae86053aeee7,c94f282d-c27f-43b3-9a37-89551f87c760,2024-04-24 07:19:00,059136e5-beb1-43f4-a3fe-9cc14dd0989b,600,44,644
84a20059-3c48-472c-8158-fe49a922a16a,b47c7991-a608-4b18-a03e-95ba4c30976b,2024-04-24 13:54:00,059136e5-beb1-43f4-a3fe-9cc14dd0989b,1700,127,1827
bd363460-1958-4295-8638-aa4cf3796234,223b2d25-636a-4e2e-af36-e18af1f6ede8,2024-04-24 15:34:00,059136e5-beb1-43f4-a3fe-9cc14dd0989b,1900,142,2042
b29f7847-2c2f-4266-a0ea-0ae5a1c89e4d,01ebacae-f8e9-436f-8ae1-8a621be9f5e5,2024-04-24 12:58:00,059136e5-beb1-43f4-a3fe-9cc14dd0989b,2800,210,3010
cfe1e189-d390-4a44-bd00-450f50a4ac98,1ead5dd0-3b9e-404d-80f2-7861e930f91c,2024-04-24 17:41:00,059136e5-beb1-43f4-a3fe-9cc14dd0989b,1900,142,2042
b548cb2c-2ebb-43ac-9540-ac59dd59a747,e4368907-ea3f-41b2-991d-8a7eb4544b10,2024-04-24 13:37:00,059136e5-beb1-43f4-a3fe-9cc14dd0989b,3200,240,3440
30747a51-e764-4bc0-abde-dba86cf56216,5387a336-309f-46ad-8ff0-c88002123cd1,2024-04-24 08:32:00,059136e5-beb1-43f4-a3fe-9cc14dd0989b,700,52,752
7683fae4-9907-46d7-adea-b4e8a81a106d,b8f59e83-f045-498d-8359-f97af9a52e2a,2024-04-24 13:05:00,059136e5-beb1-43f4-a3fe-9cc14dd0989b,600,44,644
d659372e-fdf3-4d4e-8815-36086ccdda24,34481e71-4145-49cc-8497-35c0025c84c3,2024-04-24 17:48:00,059136e5-beb1-43f4-a3fe-9cc14dd0989b,400,30,430
fcf841f1-8651-4569-ab13-1606fbca70ca,48a627c0-ee76-49ed-a973-831b71164cf6,2024-04-24 08:01:00,059136e5-beb1-43f4-a3fe-9cc14dd0989b,600,44,644
2ff3cdd0-c3f0-4193-a8e7-6055bafc6c4d,8437dbcc-d837-403b-93dd-6b6b89046f67,2024-04-24 07:59:00,059136e5-beb1-43f4-a3fe-9cc14dd0989b,700,52,752
99d99d59-4e7a-4fd8-8e1d-8da9baf27629,b6b3e2f5-352e-401a-967f-e80b22835181,2024-04-24 07:49:00,059136e5-beb1-43f4-a3fe-9cc14dd0989b,400,30,430
bd7ba03f-6348-45c4-8e81-b96f11309fb4,be772447-4e61-4f84-aaf4-1631d43476f6,2024-04-24 13:48:00,059136e5-beb1-43f4-a3fe-9cc14dd0989b,1100,82,1182
eca36211-27e1-4aff-9a61-b894e9f10c1d,529aeb1a-d311-4a43-884e-e717d5e3cad0,2024-04-24 15:25:00,059136e5-beb1-43f4-a3fe-9cc14dd0989b,400,30,430
5bc1ac51-7f1e-4184-960c-6fd276f2c49d,90cc7c61-1525-466e-96a5-004a27f62856,2024-04-24 10:44:00,059136e5-beb1-43f4-a3fe-9cc14dd0989b,1700,127,1827
1c32aa0f-9c4a-48a0-837b-49cd38e11331,f7250eed-7b37-49f8-ad82-3b0b965d0120,2024-04-24 14:02:00,059136e5-beb1-43f4-a3fe-9cc14dd0989b,400,30,430
dd322552-b472-43dd-b433-1ba5235d914d,80cfee9e-8280-492a-b735-a3d2118003c1,2024-04-24 12:04:00,059136e5-beb1-43f4-a3fe-9cc14dd0989b,2300,172,2472
62f43781-3202-41dc-9a90-233109f053be,a733246c-0410-466a-bd38-18b2581844f8,2024-04-24 13:47:00,059136e5-beb1-43f4-a3fe-9cc14dd0989b,1700,127,1827
a20d63ff-10e8-4782-aa5e-8570e1bae74c,96ebbc87-f9c3-4880-b19d-6b115c1d06a9,2024-04-24 15:37:00,059136e5-beb1-43f4-a3fe-9cc14dd0989b,500,37,537
d242c4c8-5d2d-43ff-83c2-8ee32adf0b1c,95d94379-7e44-44b8-869c-b0c1a76573f9,2024-04-24 08:21:00,059136e5-beb1-43f4-a3fe-9cc14dd0989b,400,30,430
f02f9d58-8779-4212-b7bb-f2fb75f9bcfe,0a79873f-dfaf-4351-b871-82923dc405c3,2024-04-24 12:54:00,059136e5-beb1-43f4-a3fe-9cc14dd0989b,600,44,644
e2e13ea2-9101-4244-bbdb-5bcb45bd4333,2753b71d-8872-4b48-8234-a6fc8ba92d23,2024-04-24 11:47:00,059136e5-beb1-43f4-a3fe-9cc14dd0989b,700,52,752
464d3700-eb7a-4987-a568-3fcb2e8fcbf9,bf526f3f-3326-4dee-a147-afdb0b21f9d0,2024-04-24 08:53:00,059136e5-beb1-43f4-a3fe-9cc14dd0989b,700,52,752
c491aec7-d91e-46ff-9e32-903de51a9c98,54896ad7-a568-4185-8256-e3d170c8f235,2024-04-24 12:52:00,059136e5-beb1-43f4-a3fe-9cc14dd0989b,500,37,537
127d0719-a2a4-4f8e-9246-73ac015d7a7c,980904e6-1f3f-4d1c-9941-bf341f315e6e,2024-04-24 07:55:00,059136e5-beb1-43f4-a3fe-9cc14dd0989b,700,52,752
a054a232-95f0-4797-9a49-6e5faf33e3c3,fc4e6603-cce0-44d4-b235-be8819d5525a,2024-04-24 16:18:00,059136e5-beb1-43f4-a3fe-9cc14dd0989b,600,44,644
c2b04186-ead4-4f17-8911-6a3b5734b6fc,61658487-1dbc-4dfc-bb5e-cc6862adf39a,2024-04-24 07:23:00,059136e5-beb1-43f4-a3fe-9cc14dd0989b,700,52,752
b7783dbf-8fa4-42f8-bfef-9de18633930a,71febbc1-2d32-460b-adee-3fe28d05d862,2024-04-24 08:12:00,059136e5-beb1-43f4-a3fe-9cc14dd0989b,700,52,752
722b705d-8859-4659-9c8b-201fe19c66c7,1983b588-cc8c-4486-9324-15dde1e28b95,2024-04-24 08:11:00,059136e5-beb1-43f4-a3fe-9cc14dd0989b,700,52,752
c6b85ff7-9ab2-44d5-a1ea-3489ccff1e96,f9235efd-9086-44e7-9a3e-6690eacebd47,2024-04-24 07:50:00,059136e5-beb1-43f4-a3fe-9cc14dd0989b,600,44,644
3f021048-ccca-4498-aebd-415f4361fd1e,b5cb4ced-80b0-42b7-aa05-6b3107491038,2024-04-24 11:19:00,059136e5-beb1-43f4-a3fe-9cc14dd0989b,600,44,644
c4f44b8c-4d9a-4558-b730-c5686d37d783,9f0a6984-4240-496d-89c0-001579285282,2024-04-24 11:17:00,059136e5-beb1-43f4-a3fe-9cc14dd0989b,3800,285,4085
62393519-974d-4ccc-b7ef-9670395c4ee0,9975d2cb-8b6a-4d55-9cd7-65b71f75b675,2024-04-24 08:20:00,059136e5-beb1-43f4-a3fe-9cc14dd0989b,700,52,752
b37f7879-ab82-4164-90f6-d37ad5de43ff,1e93548e-a310-47d0-bb52-0b660deefca6,2024-04-24 10:59:00,059136e5-beb1-43f4-a3fe-9cc14dd0989b,600,44,644
00fa50e4-798e-44da-929a-23583bc44353,8241d5ee-dc4e-4450-adeb-952f814563f6,2024-04-24 09:44:00,059136e5-beb1-43f4-a3fe-9cc14dd0989b,700,52,752
c9650cd9-6940-4b64-a625-ef50d6c592d3,bc2e69d4-ac6e-4377-bf7b-e90fb40aad98,2024-04-24 10:44:00,059136e5-beb1-43f4-a3fe-9cc14dd0989b,1400,105,1505
484b6c4f-964d-4a42-a92c-d3303a795e89,bc968d3f-f335-49c5-b7d1-a1c1b2c0df9d,2024-04-24 14:17:00,059136e5-beb1-43f4-a3fe-9cc14dd0989b,500,37,537
d798436e-e875-4ccb-a5f6-394f49db3fa1,239b8d39-765a-472e-8b88-611bdc0e7812,2024-04-24 07:00:00,059136e5-beb1-43f4-a3fe-9cc14dd0989b,700,52,752
40dece97-96a0-48e4-ba24-e3f82c543edc,6fcb3e33-b407-4fad-a95e-92178dcd8a34,2024-04-24 08:16:00,059136e5-beb1-43f4-a3fe-9cc14dd0989b,500,37,537
4d5a8c99-09a7-4cbf-b88b-ec35ca331a48,8164d8c7-ed86-48e2-ba04-4b693a90a81a,2024-04-24 16:35:00,059136e5-beb1-43f4-a3fe-9cc14dd0989b,900,67,967
4149ad09-5be3-4adf-8a88-2577e2d87d45,ecb3a8a1-642b-4103-a093-12773210926e,2024-04-24 13:21:00,059136e5-beb1-43f4-a3fe-9cc14dd0989b,1600,120,1720
468289c6-f003-4e9f-8aa9-bf842262e119,d205e228-5571-48e7-bd0c-046c3e33704e,2024-04-24 15:08:00,059136e5-beb1-43f4-a3fe-9cc14dd0989b,400,30,430
73dd673f-1a91-44ca-8f9e-6bca5a629ab4,3888e62f-5ebe-49cf-93e8-70e8eb32a0de,2024-04-24 08:09:00,059136e5-beb1-43f4-a3fe-9cc14dd0989b,600,44,644
118c2591-a7c3-43a5-aa10-23a4b6ca5d2c,c085eeee-229f-4875-866c-4edc1617d158,2024-04-24 08:16:00,059136e5-beb1-43f4-a3fe-9cc14dd0989b,500,37,537
d9c6f910-324c-4e05-8c2b-772f623f6fe1,b99f585b-4ca3-44d8-ad60-fba8444d6a54,2024-04-24 12:25:00,b5941a70-cf63-407e-8c24-c979e7f61e45,700,28,728
dea4be5f-1e39-40d9-b9b6-87eeebad8546,c1204cb7-2364-40d5-8a6b-d3c001faae6f,2024-04-24 07:34:00,b5941a70-cf63-407e-8c24-c979e7f61e45,600,24,624
efbdee80-b89f-4b9c-b716-7daf8a9bb1a9,def6a9d5-036b-4315-998b-47908bc1c8ad,2024-04-24 07:50:00,b5941a70-cf63-407e-8c24-c979e7f61e45,500,20,520
593fa1c8-e90b-4b13-9386-fe3fe4ff76db,fa793654-137e-43d4-b206-81e8119b1b4e,2024-04-24 16:12:00,b5941a70-cf63-407e-8c24-c979e7f61e45,1800,72,1872
eb3021cb-d589-4181-8046-ff3d8522666a,b348e89f-677a-4d48-a58b-b4c9448f50a1,2024-04-24 07:41:00,b5941a70-cf63-407e-8c24-c979e7f61e45,600,24,624
709e1eaa-5869-4adb-8479-f563ad0fe814,8903ed0e-aebe-4557-b8ac-6a0b252ebdbe,2024-04-24 08:05:00,b5941a70-cf63-407e-8c24-c979e7f61e45,500,20,520
5b147065-6a5a-4841-9d58-fc594dcd6504,2b95812c-96e3-4c71-b994-40bd090d6422,2024-04-24 13:57:00,b5941a70-cf63-407e-8c24-c979e7f61e45,500,20,520
341a7c9b-a555-490b-a58d-83d009370390,cfe678c2-234b-4b62-809d-8caee64e6323,2024-04-24 08:16:00,b5941a70-cf63-407e-8c24-c979e7f61e45,600,24,624
a59cf9c6-89e3-4692-a05c-e3151db83521,c736210a-434f-4b33-955c-6fdf5e35768c,2024-04-24 13:18:00,b5941a70-cf63-407e-8c24-c979e7f61e45,400,16,416
3a48be3b-d496-4a80-a0a3-b8d49015b7d1,48fb38a1-f0ff-46e0-964c-df51a0ba2612,2024-04-24 17:45:00,b5941a70-cf63-407e-8c24-c979e7f61e45,1600,64,1664
b014f739-8cc2-4df0-b579-2830c3a5963e,1fae0647-4b82-491d-87b6-ea025c9256a3,2024-04-24 16:32:00,b5941a70-cf63-407e-8c24-c979e7f61e45,1700,68,1768
c32d2bcb-baa9-4b25-a9fd-f686dfde42d7,af2bf82c-ea3d-4e9b-be5d-f79cf8707704,2024-04-24 11:40:00,b5941a70-cf63-407e-8c24-c979e7f61e45,2200,88,2288
4584160a-2628-44bb-a077-d603ab7f901d,4e5b9daf-b244-4898-87df-7b1b1eb21c5f,2024-04-24 07:24:00,b5941a70-cf63-407e-8c24-c979e7f61e45,2900,115,3015
8df15ad7-7d3d-4e94-ac0d-f4a1a5b4ceab,2db91672-0332-4092-8333-8b59707f1744,2024-04-24 15:17:00,b5941a70-cf63-407e-8c24-c979e7f61e45,1800,72,1872
88c48fac-8e9e-455e-8e6c-4c788336cf56,d3c03d2b-e214-4128-b959-7cbb00080b81,2024-04-24 08:00:00,b5941a70-cf63-407e-8c24-c979e7f61e45,500,20,520
d31ce791-6de8-4299-9614-36dac5948e34,e835ed2d-f124-4491-ac98-63c5d43f5b22,2024-04-24 08:12:00,b5941a70-cf63-407e-8c24-c979e7f61e45,600,24,624
0e4e8e28-f83c-4f14-bc1a-7af9b2289a4e,84446a2a-0a45-4348-9c17-8317f660ad1d,2024-04-24 08:24:00,b5941a70-cf63-407e-8c24-c979e7f61e45,400,16,416
2b1defb6-a215-41a1-8706-0cf919035c04,855ad166-da80-4dee-8c53-b239e364b074,2024-04-24 08:25:00,b5941a70-cf63-407e-8c24-c979e7f61e45,700,28,728
35eca53a-8be7-4fb3-bffb-3b7cc2acbe22,9f09c473-3854-4d8e-8123-09976c23a1b9,2024-04-24 08:28:00,b5941a70-cf63-407e-8c24-c979e7f61e45,400,16,416
65fc8bc8-c732-4250-b250-a2cf0a20d370,35cb739c-aa7a-4612-b4d0-01c8e37a6c7f,2024-04-24 15:10:00,b5941a70-cf63-407e-8c24-c979e7f61e45,2900,115,3015
8f33fe6f-50ea-4621-b75a-5a35904561db,665a35f4-221f-4277-8334-627eacce41fd,2024-04-24 14:25:00,b5941a70-cf63-407e-8c24-c979e7f61e45,600,24,624
6a0a5cf1-b736-4484-a4bb-9f3baa8f6396,22d560dc-7d37-4c64-a28e-bf2e181c0a81,2024-04-24 12:32:00,b5941a70-cf63-407e-8c24-c979e7f61e45,500,20,520
060b1767-5fb5-4ca2-b3bc-1bf1eb24a18e,ec867770-aa2f-425e-8f03-4269cb2c8432,2024-04-24 14:33:00,b5941a70-cf63-407e-8c24-c979e7f61e45,1800,72,1872
6821af6a-8858-4154-872f-ea82b655c442,5c09e8de-d715-48d6-a75f-b3edcb24f737,2024-04-24 14:59:00,b5941a70-cf63-407e-8c24-c979e7f61e45,600,24,624
c7f893a9-7e90-4c35-ac2b-569a13a20369,bf200f85-febd-42c5-be55-f8285e5f92c1,2024-04-24 08:40:00,b5941a70-cf63-407e-8c24-c979e7f61e45,600,24,624
4a9c1531-7170-45d4-b91f-8e8f701e23a9,783d638a-a73b-4d58-a792-5b07857366ef,2024-04-24 12:16:00,b5941a70-cf63-407e-8c24-c979e7f61e45,600,24,624
7daf110f-589d-43e2-bc67-ebe762b6dc3e,9bc4dd2a-a233-4f6a-a56d-5855cf3ba908,2024-04-24 17:43:00,b5941a70-cf63-407e-8c24-c979e7f61e45,600,24,624
74f5f0aa-fba2-499e-9968-1c23860510b4,a3cce527-a7ce-45c1-88eb-1e35f39d9d7d,2024-04-24 12:33:00,b5941a70-cf63-407e-8c24-c979e7f61e45,2300,92,2392
51541f73-8b75-4d38-91a9-9f71f140f025,1dc81d14-661d-4552-afc5-3ac554af03a8,2024-04-24 14:20:00,b5941a70-cf63-407e-8c24-c979e7f61e45,700,28,728
dcdfc512-aa35-460c-ad1c-358e57ffe097,3026827e-4594-4e12-9104-4393294a37c1,2024-04-24 08:02:00,b5941a70-cf63-407e-8c24-c979e7f61e45,600,24,624
7e86bc1d-cc0c-4a21-bfd5-c08cc772a4a9,a52016eb-4b27-48c0-b3a0-f34fb0fc0ca8,2024-04-24 08:16:00,b5941a70-cf63-407e-8c24-c979e7f61e45,600,24,624
d118b811-649d-43bd-94fd-096951693b30,49eeffff-dad6-4307-984c-99e7add468e3,2024-04-24 16:16:00,b5941a70-cf63-407e-8c24-c979e7f61e45,600,24,624
a1a23da9-858d-4688-be3b-45ef11b5f89a,ce98655e-a7d1-4fd5-88dc-cdba73dd8e31,2024-04-24 12:02:00,b5941a70-cf63-407e-8c24-c979e7f61e45,1000,40,1040
866b0e41-8226-4697-9c7f-57cfaae47d1e,b634ac19-b773-47fa-9bea-3e85ba225eab,2024-04-24 16:58:00,b5941a70-cf63-407e-8c24-c979e7f61e45,1600,64,1664
8fd458cb-fb81-43e4-94ea-c54290973867,d520e1c0-909a-4413-a2a1-e8f27b7751b3,2024-04-24 11:55:00,b5941a70-cf63-407e-8c24-c979e7f61e45,400,16,416
6e8e378d-fffd-4fc0-9dd2-03c109c1332b,5f9d6e13-18b2-47d0-8f5d-6acc5cdf4a27,2024-04-24 08:29:00,b5941a70-cf63-407e-8c24-c979e7f61e45,600,24,624
ad439489-30bd-4deb-a362-562091c8548d,6555ae72-a22c-4480-a4e6-26cee8a445be,2024-04-24 15:11:00,b5941a70-cf63-407e-8c24-c979e7f61e45,600,24,624
1c9115eb-9542-4eae-835a-486599581826,89bb868a-8886-49a5-aa72-5e3a25626304,2024-04-24 08:41:00,b5941a70-cf63-407e-8c24-c979e7f61e45,400,16,416
a0211f14-666b-46f5-aa54-251b0e1a9dfd,d77e9950-184e-411c-b78a-a5d36b2bdd7b,2024-04-24 08:49:00,b5941a70-cf63-407e-8c24-c979e7f61e45,600,24,624
51565445-f8cd-48d4-8a0d-957a8272c0f7,5bdef59a-94a7-4f55-a527-34a14a8ddcd4,2024-04-24 14:25:00,b5941a70-cf63-407e-8c24-c979e7f61e45,600,24,624
27460824-38ce-420c-9df6-609168501b3f,810f2190-c36f-4061-be67-f071ea5b49f9,2024-04-24 08:44:00,b5941a70-cf63-407e-8c24-c979e7f61e45,400,16,416
2d994ef5-4dd5-470d-8d2d-6fd450625106,a9a9ae60-fe0f-401e-ba74-89076abb8301,2024-04-24 11:16:00,b5941a70-cf63-407e-8c24-c979e7f61e45,1100,44,1144
1c40e0c7-2b63-4d1c-9b62-ea4eafcd6bbd,431cb83d-f3aa-4b3d-8263-0e4c31ea214a,2024-04-24 15:54:00,b5941a70-cf63-407e-8c24-c979e7f61e45,1700,68,1768
258d964d-6260-436b-87e1-09ad38a75ff9,58661011-90b9-46de-a9c1-8e1f17803683,2024-04-24 08:04:00,b5941a70-cf63-407e-8c24-c979e7f61e45,700,28,728
51f4b3fa-bb4f-4415-9d29-04963b97b390,0cc54e37-2408-4b86-9b5e-307919784f57,2024-04-24 14:43:00,b5941a70-cf63-407e-8c24-c979e7f61e45,600,24,624
df1d01f9-1497-4a9d-8439-f04c52271f04,82c401a8-0323-4d08-ac5c-94d255bbf98f,2024-04-24 08:00:00,b5941a70-cf63-407e-8c24-c979e7f61e45,500,20,520
74146777-0230-4239-aa97-3c2d12f00128,57542780-7d0d-4011-a4c6-2130ee9171eb,2024-04-24 11:10:00,b5941a70-cf63-407e-8c24-c979e7f61e45,600,24,624
53185e0c-b4fe-4650-a0c6-4ed243e300d4,c72ef573-7104-4b39-b0e3-c1e356d7852d,2024-04-24 15:25:00,b5941a70-cf63-407e-8c24-c979e7f61e45,2400,96,2496
a00c11c3-101a-4d64-9754-655a07b3f7dd,3edc512f-6a6e-47a4-8b78-d15efb3b5e04,2024-04-24 07:28:00,b5941a70-cf63-407e-8c24-c979e7f61e45,600,24,624
d51c06d5-0893-4b1d-b6c0-c1f3751713db,c7c559d5-03ff-4091-8ad8-9a0334051778,2024-04-24 07:44:00,b5941a70-cf63-407e-8c24-c979e7f61e45,500,20,520
c219ee7c-9185-4722-88e6-68d264b3d859,a1844e62-fa31-4b0e-bd86-3f9515eb02d1,2024-04-24 14:07:00,b5941a70-cf63-407e-8c24-c979e7f61e45,1100,44,1144
043a14d2-5ebd-4001-8c9b-244957095b39,8c5fa099-c06b-40f4-89d4-8cf99468b397,2024-04-24 07:44:00,b5941a70-cf63-407e-8c24-c979e7f61e45,400,16,416
8dc9c058-78a6-4ab5-89e4-2686b4a21f75,ca5ef5f0-0607-4476-b0a6-40717d0c8a13,2024-04-24 16:45:00,b5941a70-cf63-407e-8c24-c979e7f61e45,1900,76,1976
0d362453-c351-4199-8cd6-e81dbe1c93b0,3b4c8c25-e309-4e8c-928c-042c56212f80,2024-04-24 11:02:00,b5941a70-cf63-407e-8c24-c979e7f61e45,500,20,520
7032e952-47bf-4859-a847-0c7090ab2926,e16637ca-b05a-4c31-a176-d2419ec2e18a,2024-04-24 16:16:00,b5941a70-cf63-407e-8c24-c979e7f61e45,2100,84,2184
e28287cf-28c9-4585-b3c1-5e5916c13e9a,596caac8-7411-4225-9b52-3a11d72f2653,2024-04-24 08:07:00,b5941a70-cf63-407e-8c24-c979e7f61e45,600,24,624
fb02f15a-70b0-4663-8303-34b444afae8d,a921920a-817e-4311-8a3b-c77f11b97964,2024-04-24 16:40:00,b5941a70-cf63-407e-8c24-c979e7f61e45,1800,72,1872
055ff642-ce34-425a-afbc-94b8b957ea51,46172e79-619e-4077-af99-369c4d7f6c1a,2024-04-24 10:30:00,b5941a70-cf63-407e-8c24-c979e7f61e45,2500,100,2600
6305f808-a7b3-4b5c-a022-60f9c058332d,b5e4f088-535a-4d1a-9dfc-1f0f1a5bbb31,2024-04-24 18:18:00,b5941a70-cf63-407e-8c24-c979e7f61e45,1700,68,1768
fcc99222-095b-463d-85f9-301445c4c82e,fc665220-686d-4e6c-aebc-5eccbf9e7900,2024-04-24 11:51:00,b5941a70-cf63-407e-8c24-c979e7f61e45,1200,48,1248
9c3f0a6c-32e2-4fd6-8a4e-39b6c98c2cfc,612ba113-a667-4f6c-88ff-4719d9b8bd6d,2024-04-24 07:54:00,b5941a70-cf63-407e-8c24-c979e7f61e45,500,20,520
128627b2-6a28-4887-a731-b26979c7e121,d2e1ff33-c440-48ba-bdf6-644644ae2ec5,2024-04-24 16:21:00,b5941a70-cf63-407e-8c24-c979e7f61e45,1300,52,1352
58c6bada-e2bf-4957-b975-38654e995160,5f850358-6038-4f2e-a7f6-9ad8be127665,2024-04-24 07:59:00,b5941a70-cf63-407e-8c24-c979e7f61e45,600,24,624
dad5dd2e-501f-460f-aa0a-172c6edc1867,37ae6c25-9a54-4bd2-b8ce-8ff408aad37c,2024-04-24 12:27:00,b5941a70-cf63-407e-8c24-c979e7f61e45,600,24,624
dfb1efd0-aacc-4c29-8c4c-0cbfc65c8842,0ab6cc4a-4d4d-4b0f-bb9e-26934e1b2fb4,2024-04-24 15:54:00,b5941a70-cf63-407e-8c24-c979e7f61e45,1500,60,1560
91fb8c82-c4ec-4f0e-bd6b-1238b0b9b81e,9d330313-dfc3-4167-8d1e-7010f0360e77,2024-04-24 10:35:00,b5941a70-cf63-407e-8c24-c979e7f61e45,600,24,624
cb99ee2b-4aad-4631-a8cc-0f49e29b36a9,6faee88c-1462-4014-aab0-303e19e38765,2024-04-24 07:34:00,b5941a70-cf63-407e-8c24-c979e7f61e45,700,28,728
3a0bc78b-9ffc-486c-b1fa-5ee4b1f9636f,9a766643-2dbf-43fa-9a8f-67151b2f85bb,2024-04-24 11:49:00,b5941a70-cf63-407e-8c24-c979e7f61e45,400,16,416
eebaef61-ee0b-4bc5-8b17-d03cb7db4d42,bf8dfc01-63c1-4fad-bc87-f235d190076e,2024-04-24 08:14:00,b5941a70-cf63-407e-8c24-c979e7f61e45,500,20,520
df83b734-b3ed-4e17-aa19-97a7e3a1fab4,d67db81a-4d2e-4a5a-a1e1-70e3b973dad8,2024-04-24 08:56:00,b5941a70-cf63-407e-8c24-c979e7f61e45,700,28,728
7d3018ec-c203-4131-b793-a28472000054,805df221-8701-4577-bc0b-d5ecfbf9334b,2024-04-24 15:36:00,b5941a70-cf63-407e-8c24-c979e7f61e45,1600,64,1664
bcccbae3-ab44-4207-857c-c962ac99992e,99b17443-411b-490a-a48e-a04b3366df95,2024-04-24 07:10:00,b5941a70-cf63-407e-8c24-c979e7f61e45,600,24,624
7d0313ae-0883-40e7-a18d-fd96d1ebc3ce,0dbe6d07-7913-408a-94b4-8f22812b02b7,2024-04-24 12:00:00,b5941a70-cf63-407e-8c24-c979e7f61e45,700,28,728
77744d16-783c-4466-86a3-7ac3c6a2ff68,99b32ca4-6c29-4f95-86a4-210f753a423e,2024-04-24 08:48:00,b5941a70-cf63-407e-8c24-c979e7f61e45,700,28,728
28403f52-2384-42d0-bc87-9f7ffdf1dfd0,67a854b8-54c7-40ee-b9f9-e7b0f261bbb1,2024-04-24 14:07:00,b5941a70-cf63-407e-8c24-c979e7f61e45,400,16,416
1a0e26ca-a416-441e-8f22-bb0f1a944092,c3faf033-87ae-476c-972d-033dc9c309b3,2024-04-24 08:02:00,b5941a70-cf63-407e-8c24-c979e7f61e45,600,24,624
b8cfb518-9ff7-4db4-9834-a5a77941ce5f,a5aa723a-1b47-4aad-9428-6a1375022eef,2024-04-24 14:47:00,b5941a70-cf63-407e-8c24-c979e7f61e45,1700,68,1768
272d70a7-dd70-4885-b6a7-d27ac6388951,caf3b5dd-09de-4781-9daf-083849d3346b,2024-04-24 12:58:00,b5941a70-cf63-407e-8c24-c979e7f61e45,1800,72,1872
0ec2ed5c-b318-4aff-b890-3bbefb84d64b,c95036c7-b205-4c9e-b14f-2d009d5d0c76,2024-04-24 18:01:00,b5941a70-cf63-407e-8c24-c979e7f61e45,2200,88,2288
c84e687a-977b-4893-8b28-ffada4c25d6a,cf5542a6-e935-4ac0-83e2-0c9ff00c5ed6,2024-04-24 07:27:00,b5941a70-cf63-407e-8c24-c979e7f61e45,700,28,728
f0a74afd-4be1-447f-abbc-ae8353ab0a11,d63b84b0-56cb-4bde-839a-9678e773fa7c,2024-04-24 13:41:00,b5941a70-cf63-407e-8c24-c979e7f61e45,1400,56,1456
d8a519ac-aaf1-47ce-b907-0c57039670ac,ff577722-6ee8-4cc1-982c-667b02662534,2024-04-24 10:54:00,b5941a70-cf63-407e-8c24-c979e7f61e45,2400,96,2496
ab6dd12e-ab6f-4568-83f7-925b870e6c2d,34cb0169-3ac1-4245-9231-04033d687345,2024-04-24 17:18:00,b5941a70-cf63-407e-8c24-c979e7f61e45,600,24,624
04bc2c2e-245e-44fd-93e3-ac0efbe9aace,ac8f873e-ffa7-42bf-9f3a-11d00e4c98e1,2024-04-24 19:30:00,b5941a70-cf63-407e-8c24-c979e7f61e45,400,16,416
01bbba79-c4e9-4ce3-b3cd-15ad54e6cbda,dd84de96-1d22-4cc4-a92d-64c9cd3e7d1d,2024-04-24 07:28:00,b5941a70-cf63-407e-8c24-c979e7f61e45,600,24,624
7b019464-d9c4-4743-bc88-05fe22a4b642,dc2823ec-0bc9-4530-9ff3-eccb8e52587a,2024-04-24 07:17:00,b5941a70-cf63-407e-8c24-c979e7f61e45,700,28,728
76bfd52a-0a57-42d3-b619-207aaf9b55dc,1bb7c24c-4831-468b-bef3-93d9c1ac3849,2024-04-24 13:05:00,b5941a70-cf63-407e-8c24-c979e7f61e45,700,28,728
16e62df7-6e97-4604-a02a-d6d517c20cbd,a493497f-f0cb-4f9d-84b6-4a09288e870d,2024-04-24 16:47:00,b5941a70-cf63-407e-8c24-c979e7f61e45,1800,72,1872
d28d5200-aff9-416a-a721-f83110afb744,c32286df-cafb-4e3d-b0b6-bf0fff1f4f0f,2024-04-24 17:30:00,b5941a70-cf63-407e-8c24-c979e7f61e45,600,24,624
5f94eafd-0d1c-48a1-82f2-722548a74de1,475da3ae-e2eb-4a82-899f-a4d48f805e0e,2024-04-24 09:00:00,b5941a70-cf63-407e-8c24-c979e7f61e45,700,28,728
b5a73831-4b3c-4991-914e-0d7e9c1a28f0,281dca33-a2f6-49ab-8e09-565598b69e26,2024-04-24 16:03:00,b5941a70-cf63-407e-8c24-c979e7f61e45,2000,80,2080
c432518e-abee-4164-acd4-496d6fa35c2f,5fd88fba-3fdd-4be3-b693-023235215d66,2024-04-24 12:43:00,b5941a70-cf63-407e-8c24-c979e7f61e45,1700,68,1768
52890234-ddc7-48ee-9ca6-d021f38dfa00,1355ad23-6961-4874-a5ce-b7503db14ca6,2024-04-24 14:18:00,b5941a70-cf63-407e-8c24-c979e7f61e45,1800,72,1872
fe88430b-6b42-4964-83f4-003f5ce40f8f,c797a15c-8e33-48e1-a362-afd706f8cbaa,2024-04-24 15:10:00,b5941a70-cf63-407e-8c24-c979e7f61e45,1800,72,1872
ac819e8e-18c7-429f-8cfb-abb49cc49597,dea4bee6-4b99-475c-98f3-d45fa666d228,2024-04-24 08:16:00,b5941a70-cf63-407e-8c24-c979e7f61e45,500,20,520
ecb5c781-1a9a-4671-b66d-e02295a91873,f66664e6-6ea7-4524-95fb-4ecd18c7a220,2024-04-24 11:12:00,b5941a70-cf63-407e-8c24-c979e7f61e45,600,24,624
d758107e-c758-4706-9931-84f7450152de,fb19d959-ff98-44ce-9265-c57eb1f19b1b,2024-04-24 08:00:00,b5941a70-cf63-407e-8c24-c979e7f61e45,600,24,624
c0caacdf-9fb8-43e0-bf52-7fca14aae87d,5014751e-3349-4a92-8345-60743b1f057f,2024-04-24 08:25:00,b5941a70-cf63-407e-8c24-c979e7f61e45,400,16,416
e26c27de-a4d9-4449-9ce9-99579c974bbe,0ff448ff-ca98-4acd-b4ee-b1328520cb7a,2024-04-24 08:42:00,b5941a70-cf63-407e-8c24-c979e7f61e45,2400,96,2496
b7e42a12-8757-4f81-a4d8-2dd5a762bb7b,a2a1225b-f682-44c7-a2fe-66bf11875462,2024-04-24 16:24:00,b5941a70-cf63-407e-8c24-c979e7f61e45,1800,72,1872
c292bea2-5898-461c-9acc-717f6e0223e9,18d1b601-fd5c-4893-827a-f391df2d07dc,2024-04-24 10:03:00,b5941a70-cf63-407e-8c24-c979e7f61e45,700,28,728
6466bf76-f63b-4295-832b-74d02294cc71,18f2f19f-5893-49ed-94d6-e0ff3e31fdbc,2024-04-24 18:36:00,b5941a70-cf63-407e-8c24-c979e7f61e45,400,16,416
4d33b0dc-fc85-4552-bfda-7a3d9a12c921,615c2b61-925a-454f-8302-0ff235595665,2024-04-24 10:23:00,b5941a70-cf63-407e-8c24-c979e7f61e45,2200,88,2288
99771b84-a74f-44dc-ad1f-735cbd119450,64ab2edd-3638-4512-8637-f5b092e70b12,2024-04-24 11:02:00,b5941a70-cf63-407e-8c24-c979e7f61e45,2500,100,2600
2c565612-fee1-4e94-b4f4-49ab4c904cb0,2a0619ff-f171-4f1c-ae52-f1154c40b924,2024-04-24 14:46:00,b5941a70-cf63-407e-8c24-c979e7f61e45,4300,172,4472
1844c47f-ad63-42b4-91d5-9fcb2bb79829,eea76b70-f6e9-4d1d-8969-112cf1bede15,2024-04-24 07:57:00,b5941a70-cf63-407e-8c24-c979e7f61e45,600,24,624
57a420f7-631c-452a-b81f-ae1b43f59e9d,fc0a74be-b00b-4fee-a08a-b65438c8f712,2024-04-24 14:00:00,b5941a70-cf63-407e-8c24-c979e7f61e45,1900,76,1976
45a89ad0-59b0-4308-a77b-944e5bfceb34,de2c905c-62ed-4d9f-bf34-2d7c90034c4c,2024-04-24 13:38:00,b5941a70-cf63-407e-8c24-c979e7f61e45,600,24,624
9b1faf63-d6fb-4e18-8a05-7f24b5286c12,78f8bb3f-1498-4095-b11b-a9c643056197,2024-04-24 07:38:00,b5941a70-cf63-407e-8c24-c979e7f61e45,400,16,416
77fc3caa-e082-4701-a2e5-952d547d5e5d,ee3bf5de-51b0-471c-8fc8-83fdb65d2089,2024-04-24 14:39:00,b5941a70-cf63-407e-8c24-c979e7f61e45,1100,44,1144
6d1ca1d2-e8f5-4b8f-93e0-5b1fb9854759,3ac82e2d-4337-43f2-852f-933842baca7a,2024-04-24 09:37:00,b5941a70-cf63-407e-8c24-c979e7f61e45,400,16,416
63118036-3230-498f-a897-77cac1d1e5a1,2de13ec9-859e-41d0-bda4-b848cf153f54,2024-04-24 16:52:00,b5941a70-cf63-407e-8c24-c979e7f61e45,1700,68,1768
31b32edc-e941-48e2-ab52-e470572d6b3c,64ae60bd-9702-4342-8766-2996c32f2161,2024-04-24 07:25:00,b5941a70-cf63-407e-8c24-c979e7f61e45,600,24,624
9a515cfd-a8f5-49f1-9718-d692bf3ccabb,e4195e67-3333-4944-8820-2160913bca91,2024-04-24 09:23:00,b5941a70-cf63-407e-8c24-c979e7f61e45,600,24,624
af69441c-50a7-4cdd-9d34-63a0ebd54491,dab67da9-65e8-4fde-ab3d-3370cdb5a9a3,2024-04-24 08:11:00,b5941a70-cf63-407e-8c24-c979e7f61e45,700,28,728
4040948d-9758-45f0-a245-80a7ce791847,0d412b28-b5a1-4cea-a1f5-869ea07f821d,2024-04-24 07:36:00,b5941a70-cf63-407e-8c24-c979e7f61e45,700,28,728
d457cebf-f3f6-48e2-94bb-0cb2454abdfd,a2d5c680-5dfa-4c55-8a64-5f2353ac92e9,2024-04-24 07:50:00,b5941a70-cf63-407e-8c24-c979e7f61e45,400,16,416
19a9a437-f172-448f-a96d-61182947eb6a,96a0e34a-c91b-43c3-a6b7-c87030bc1171,2024-04-24 13:13:00,b5941a70-cf63-407e-8c24-c979e7f61e45,1700,68,1768
b5cdb411-80fc-43a3-b1af-f84550d84013,bb93c5a0-2544-4151-b8e0-8d22fb4b6c8d,2024-04-24 07:14:00,b5941a70-cf63-407e-8c24-c979e7f61e45,400,16,416
50f7e636-6538-408b-94e1-b7be7c9f0ccf,1623a070-caac-4de1-be52-23974b2f1806,2024-04-24 08:13:00,b5941a70-cf63-407e-8c24-c979e7f61e45,600,24,624
3068ea3d-aa88-482a-8bef-f76f319bf284,c2cff44b-8573-42be-b3e3-d2deb524c228,2024-04-24 08:58:00,b5941a70-cf63-407e-8c24-c979e7f61e45,600,24,624
cae32a86-b386-4712-a48c-7b79a13109b1,9b5611f7-2998-4617-a471-2a797e4403d5,2024-04-24 07:49:00,b5941a70-cf63-407e-8c24-c979e7f61e45,700,28,728
4b16fd7a-54f7-44ed-8686-c58879577d08,3c05a1bf-1e47-4e78-a5f7-eaa41e8954ce,2024-04-24 09:41:00,b5941a70-cf63-407e-8c24-c979e7f61e45,700,28,728
b63f0c74-15b2-48c9-816e-fc1a5fa1d881,425df887-0eb3-4c9d-bc2d-7f0a38912f14,2024-04-24 15:28:00,b5941a70-cf63-407e-8c24-c979e7f61e45,700,28,728
c51b98ee-893a-49a5-af6f-0cfcf4960c24,aab76d2f-7bb6-40df-9caf-5bb0239d9be0,2024-04-24 09:23:00,b5941a70-cf63-407e-8c24-c979e7f61e45,700,28,728
e89637c1-1d81-4082-b1ec-2fd83806c9cd,56f5e8d6-f6fa-42d4-b15c-284e8707dbce,2024-04-24 17:34:00,b5941a70-cf63-407e-8c24-c979e7f61e45,2500,100,2600
549ca7a7-c9d1-45ba-aff7-e97948afcad0,242de275-bad2-4f2e-afa4-7dd9ad56d239,2024-04-24 16:51:00,b5941a70-cf63-407e-8c24-c979e7f61e45,1800,72,1872
9be2cd01-b824-40ff-a89e-0d15c4feae99,936d1ff6-3e00-4b99-8b1b-239b29bdf6a7,2024-04-24 09:34:00,b5941a70-cf63-407e-8c24-c979e7f61e45,400,16,416
65ef142b-d494-4eba-9d82-b540c45960a6,d7fb7e89-b4b9-4504-ba2a-2e421619e418,2024-04-24 16:25:00,b5941a70-cf63-407e-8c24-c979e7f61e45,400,16,416
9f756b0a-a456-4a96-82dc-7746c6babde8,b6560dae-0a2b-4345-8b36-82819baab3ca,2024-04-24 13:14:00,b5941a70-cf63-407e-8c24-c979e7f61e45,1600,64,1664
39546c95-a434-4dbc-87bc-14139cbd1f95,3f442476-f77e-4e32-b935-aec1f3c4f788,2024-04-24 12:18:00,b5941a70-cf63-407e-8c24-c979e7f61e45,500,20,520
331510a8-8fea-48ea-a61f-e88c9da28157,d5d4a5a0-dd76-437a-98ee-452bc4cc56a2,2024-04-24 11:21:00,b5941a70-cf63-407e-8c24-c979e7f61e45,3100,124,3224
c6ab082b-5199-4de4-946d-8721e2ac7cd1,347aaca0-4db6-4e60-ad89-2b61a4032cd6,2024-04-24 08:39:00,b5941a70-cf63-407e-8c24-c979e7f61e45,600,24,624
a3fd0adb-a08f-4c3e-9338-cf3aa06f672c,8d1bb153-3cbc-4d4c-8bb1-542dea3e3ac7,2024-04-24 14:13:00,b5941a70-cf63-407e-8c24-c979e7f61e45,1700,68,1768
2cdf048c-59ec-4a33-aaf8-9fafbc858055,4e60a0e2-e696-4be5-ad3c-a536ff945f36,2024-04-24 09:45:00,b5941a70-cf63-407e-8c24-c979e7f61e45,1000,40,1040
927606bb-2873-40b9-b531-f7a3f3211138,84dfa460-b42f-4d62-86a7-14fc86267d3f,2024-04-24 07:43:00,b5941a70-cf63-407e-8c24-c979e7f61e45,700,28,728
aef6f4b3-a0fe-4c1c-8c59-650786d65178,deb2aaa1-a28d-4c98-aa82-8908b5c5704a,2024-04-24 07:16:00,b5941a70-cf63-407e-8c24-c979e7f61e45,500,20,520
d038e9f0-0f5f-4d4b-9fea-d96b75524193,c1f1aec3-4baa-4122-85ab-2e030e48d90b,2024-04-24 10:30:00,b5941a70-cf63-407e-8c24-c979e7f61e45,500,20,520
efe986ce-7da6-4879-b649-29b197383029,c2ad7787-dfe9-4b11-b2ce-bf30b5f3687d,2024-04-24 12:12:00,b5941a70-cf63-407e-8c24-c979e7f61e45,500,20,520
5b898a9f-0687-430c-96ee-d614d124b36f,dc5e8e7f-8d11-4bdc-91f5-9e0a2d3c9ad3,2024-04-24 07:30:00,b5941a70-cf63-407e-8c24-c979e7f61e45,600,24,624
35691786-36c7-4adc-bec0-f8cc84ed76d5,5c652666-a538-4cba-8ced-42f0076f90f2,2024-04-24 08:45:00,b5941a70-cf63-407e-8c24-c979e7f61e45,500,20,520
3fc537b8-436c-4c3a-8a1b-e0f0ed2a2469,b1319ef3-0643-4d00-acbd-def7acaa1d88,2024-04-24 14:26:00,b5941a70-cf63-407e-8c24-c979e7f61e45,500,20,520
969f78af-5c56-473a-bd7c-9fe99be9d901,4f507eab-291e-4c7d-9a7a-3fe2b2913b77,2024-04-24 16:03:00,b5941a70-cf63-407e-8c24-c979e7f61e45,2000,80,2080
59146f4c-7957-4cee-b3ff-1584fe769177,d780399f-ddd5-43dd-9016-4b8fde6102f6,2024-04-24 08:19:00,b5941a70-cf63-407e-8c24-c979e7f61e45,600,24,624
e21785bf-cfb8-431c-b0e0-f476ac7591cd,2aebc3e7-9b26-44ea-9a23-0f6a38540dba,2024-04-24 12:43:00,b5941a70-cf63-407e-8c24-c979e7f61e45,3300,132,3432
31fc1ad6-4c4d-4167-b3b1-e41f3067868e,d48775a5-8b7b-44fb-8c0f-dbbee9df0097,2024-04-24 08:39:00,b5941a70-cf63-407e-8c24-c979e7f61e45,600,24,624
79baf477-92dc-4252-84fe-03403c9aa06b,dfa74ab3-c15a-4bbd-97b8-ed1ae9e4567f,2024-04-24 14:46:00,b5941a70-cf63-407e-8c24-c979e7f61e45,700,28,728
6b3006ab-0866-435e-84b3-0f07e0b95498,2f6af405-d569-4a59-bb5c-4a6e120317d8,2024-04-24 07:57:00,b5941a70-cf63-407e-8c24-c979e7f61e45,400,16,416
d2ffd70a-c6ea-4fda-a299-b4b765a7ae91,09ff8664-87e2-4157-9c0e-8ce35842860d,2024-04-24 07:42:00,b5941a70-cf63-407e-8c24-c979e7f61e45,500,20,520
883fcfd4-518a-4210-bb68-fec1bdc4822f,86a75aac-48da-4234-8d9a-c3154e3a2e54,2024-04-24 18:54:00,b5941a70-cf63-407e-8c24-c979e7f61e45,400,16,416
d3497a3d-9515-4eac-8263-f1674dea7b7f,4f7f7512-8d29-42ff-ab4e-dc85fc8a8263,2024-04-24 14:55:00,b5941a70-cf63-407e-8c24-c979e7f61e45,500,20,520
61e92b89-712a-4b96-9b54-4eed734c538a,57c6c2b0-e2f9-402c-bcf4-0d3c52cd16c8,2024-04-24 07:32:00,b5941a70-cf63-407e-8c24-c979e7f61e45,700,28,728
ec5c606a-e454-4ee2-9bb2-09f39f092fd4,157e3e8b-d51a-47bc-a86d-07a1fd743c84,2024-04-24 08:04:00,b5941a70-cf63-407e-8c24-c979e7f61e45,700,28,728
7e776011-6bc0-4337-9af6-285d6482ae06,220ce8d0-aa81-4e3e-ab19-72030bbc4861,2024-04-24 16:34:00,b5941a70-cf63-407e-8c24-c979e7f61e45,1900,76,1976
cd0c4228-d749-4751-b41d-fffd9e47779d,e05f0150-7ec1-4c59-8a6a-d2d29675b858,2024-04-24 11:24:00,b5941a70-cf63-407e-8c24-c979e7f61e45,1200,48,1248
b28549df-a27a-42d6-b098-60778bd05c38,96644abe-2cf5-4106-9ac1-bdfb88e3fa95,2024-04-24 14:41:00,b5941a70-cf63-407e-8c24-c979e7f61e45,1400,56,1456
4db364a7-0415-453a-a6b2-5119ad6f16f1,6132247f-6f8b-44b1-b413-ba0496c400d4,2024-04-24 11:34:00,b5941a70-cf63-407e-8c24-c979e7f61e45,600,24,624
38350276-4110-473d-8392-6f32bae74fa6,567dfb44-437c-405b-b2ef-0d1f10f47c9d,2024-04-24 07:49:00,b5941a70-cf63-407e-8c24-c979e7f61e45,400,16,416
5e2d78c7-c24a-48a9-9a24-8ad5b428053b,4c2dc37a-9410-478a-a21d-475514057fac,2024-04-24 12:15:00,b5941a70-cf63-407e-8c24-c979e7f61e45,3000,120,3120
2650d8a4-c2a7-463a-bba0-e5255046a8f5,0036c498-6d2c-40fb-af0f-92432b8718bf,2024-04-24 08:35:00,b5941a70-cf63-407e-8c24-c979e7f61e45,600,24,624
72cbd090-37bb-4dfa-830a-beab1ea2f45f,27cfdd1c-0f4b-49fc-be05-69c85ca32ec9,2024-04-24 15:46:00,b5941a70-cf63-407e-8c24-c979e7f61e45,500,20,520
b8927150-fb95-48dc-b320-62ac6425aa06,046cf642-b58e-4a9e-afff-6f692cb6274e,2024-04-24 09:08:00,b5941a70-cf63-407e-8c24-c979e7f61e45,0,0,0
4d9ed085-5df3-4002-83cc-e63ac5895f53,4fa84c10-1eeb-4d1e-a0eb-a9cad5d3857a,2024-04-24 12:50:00,b5941a70-cf63-407e-8c24-c979e7f61e45,1800,72,1872
86486ed8-93d9-4ed4-96e7-6e311230f45d,13984d5f-4868-4031-8a3b-7240b963cd41,2024-04-24 07:52:00,b5941a70-cf63-407e-8c24-c979e7f61e45,500,20,520
2cccc590-3d76-4b62-bf8a-0ae7edf87694,6ee92fc3-196c-4f81-b063-115ba8cbc26f,2024-04-24 14:08:00,b5941a70-cf63-407e-8c24-c979e7f61e45,600,24,624
04e6dc39-b831-4a2e-af55-a8f652118df0,cb93d5ec-4d83-458a-9601-f3b8982e5faa,2024-04-24 07:51:00,b5941a70-cf63-407e-8c24-c979e7f61e45,600,24,624
7009dc4f-0414-478d-882c-ce68a93ed394,5df63f2e-723a-455f-83d3-d3918002449b,2024-04-24 07:28:00,b5941a70-cf63-407e-8c24-c979e7f61e45,600,24,624
137e9cfe-a49c-4535-8f5e-70723ed7fe36,fc774722-89fe-4438-ada1-786425c11614,2024-04-24 16:09:00,b5941a70-cf63-407e-8c24-c979e7f61e45,600,24,624
74cc2a03-d2be-4b33-becc-a57aec852c14,787f14f1-546f-4170-86a7-d3650975ea5b,2024-04-24 12:13:00,b5941a70-cf63-407e-8c24-c979e7f61e45,1900,76,1976
0147a64e-cddd-4891-980e-519e272d0e3f,31c07056-e35a-4038-b4b8-2892cca33dcf,2024-04-24 13:09:00,b5941a70-cf63-407e-8c24-c979e7f61e45,4100,164,4264
9bf38705-9457-440c-962a-6199cf8f7111,88ccbcfa-ed30-47c5-bbf4-0bef6725123b,2024-04-24 09:44:00,b5941a70-cf63-407e-8c24-c979e7f61e45,500,20,520
38606a84-dc0b-44cd-9f76-497c3c924f32,186a4f42-32f6-456d-922d-b2d8c2a9d0bd,2024-04-24 10:06:00,b5941a70-cf63-407e-8c24-c979e7f61e45,500,20,520
4ae94680-005d-4f59-891e-795f2685021c,bcfc514d-c182-42a0-b84e-de154eac94c1,2024-04-24 08:39:00,b5941a70-cf63-407e-8c24-c979e7f61e45,700,28,728
c68aed8d-a7ba-47c4-ad92-3cac3c271c1e,da4f26c8-8268-4f57-b631-33897a927a9a,2024-04-24 18:59:00,b5941a70-cf63-407e-8c24-c979e7f61e45,1800,72,1872
ef1fba2e-0ed2-4cd2-9310-7d8f90be900b,3f396eff-3b67-454d-a783-e6306bf440e8,2024-04-24 18:30:00,b5941a70-cf63-407e-8c24-c979e7f61e45,400,16,416
732ba701-2f52-455c-b0ec-252231c6e0e7,5809f003-2708-420f-bcea-034ef0c1ca3c,2024-04-24 15:45:00,b5941a70-cf63-407e-8c24-c979e7f61e45,600,24,624
67297cd3-d7b9-4798-9895-95c49c317b27,0127f387-2025-4b20-95b4-c7fdfdc08887,2024-04-24 19:45:00,b5941a70-cf63-407e-8c24-c979e7f61e45,700,28,728
67906a91-4abb-421c-9717-4f52b6812299,c9193ac6-0dbf-45a7-ab09-d2dbcb8e3cbf,2024-04-24 14:39:00,b5941a70-cf63-407e-8c24-c979e7f61e45,1200,48,1248
0d83b750-7098-4f9b-bc6a-dbe8f0c88f3f,b56a2eff-91be-42e4-925a-98acdfc8dcbe,2024-04-24 15:21:00,b5941a70-cf63-407e-8c24-c979e7f61e45,600,24,624
06ec431c-45ce-4e5d-932d-82db5cdfc9e5,310540d1-8503-4470-8f4b-81ccd6135a4a,2024-04-24 07:19:00,b5941a70-cf63-407e-8c24-c979e7f61e45,500,20,520
7c8fd163-c1c4-47d9-b8b3-6ed293b6d14a,9331e60b-99c8-461f-90eb-9ddf96020fa5,2024-04-24 12:57:00,b5941a70-cf63-407e-8c24-c979e7f61e45,500,20,520
0a436a97-90b8-425d-9ec4-e8931e165b6a,9cabb6de-db70-4794-a40c-57d0be0c639c,2024-04-24 07:13:00,b5941a70-cf63-407e-8c24-c979e7f61e45,500,20,520
c96a3415-9bcc-4fc0-9510-8d32fdc34487,23b40fa9-2c00-4076-beb3-52cc40ebecb9,2024-04-24 09:33:00,b5941a70-cf63-407e-8c24-c979e7f61e45,700,28,728
46e595c7-7939-4ce9-9f1f-fc0264aa3df0,afe8270b-5329-4218-a4c8-e6832a92afd8,2024-04-24 08:08:00,b5941a70-cf63-407e-8c24-c979e7f61e45,500,20,520
c9e70220-937c-44e2-b504-6cea764d058e,9038b25f-a757-4ad9-957c-bf9c897bf7f7,2024-04-24 17:36:00,b5941a70-cf63-407e-8c24-c979e7f61e45,1700,68,1768
9ae93277-deeb-4af4-8005-d3259d2604e3,45ea5caf-d5c3-4772-a218-c6c7413e64fe,2024-04-24 16:59:00,b5941a70-cf63-407e-8c24-c979e7f61e45,700,28,728
3c3c3800-b973-4f16-bc5d-46ef78830ef5,56489e8f-ff4e-46c9-ae0f-1b337da5bfae,2024-04-24 12:42:00,b5941a70-cf63-407e-8c24-c979e7f61e45,700,28,728
ddc0a676-6f2a-4e90-8db7-b0fe2334362b,b589328d-e095-4f24-8b43-598650d7987b,2024-04-24 14:04:00,b5941a70-cf63-407e-8c24-c979e7f61e45,1900,76,1976
e579cd66-bcd1-4d94-99fc-4bbb7efd49b7,6ab56a90-712e-4866-8d4a-fb1b7a086de2,2024-04-24 19:35:00,b5941a70-cf63-407e-8c24-c979e7f61e45,2100,84,2184
2e7ff587-e457-49da-873d-3621dba3b560,49b9328f-15ce-4610-b926-f7455687982f,2024-04-24 08:16:00,b5941a70-cf63-407e-8c24-c979e7f61e45,600,24,624
086a0e5b-4dd3-4e51-8399-b45fb2527344,bbed6a52-9761-4c8c-bbee-a25121e2f690,2024-04-24 13:53:00,b5941a70-cf63-407e-8c24-c979e7f61e45,2300,92,2392
f3814819-9649-4c5a-bd94-1f95939be470,01b06b2c-1ad5-4112-a37a-61ebdeb7236d,2024-04-24 08:10:00,b5941a70-cf63-407e-8c24-c979e7f61e45,600,24,624
754e9359-4c25-40ed-a510-b017aa2bdcd1,afcec46d-e1b4-4419-bf05-9316e3dde336,2024-04-24 07:24:00,b5941a70-cf63-407e-8c24-c979e7f61e45,400,16,416
a9ab7729-07ff-433d-984d-b04455f4d401,58251ac9-f1f8-459a-afc2-e12577112356,2024-04-24 08:17:00,b5941a70-cf63-407e-8c24-c979e7f61e45,600,24,624
22a3d038-0a55-4162-b687-7a592370b33d,06fb745a-ae90-4cba-a02e-f293ee607c51,2024-04-24 11:05:00,b5941a70-cf63-407e-8c24-c979e7f61e45,1500,60,1560
1e7bd36a-d886-4c19-8b75-c0e545aeb64b,3a9926ef-6401-4560-8b6f-e379a863961c,2024-04-24 07:36:00,b5941a70-cf63-407e-8c24-c979e7f61e45,700,28,728
822345f5-2a89-4ea2-b2ef-805690fb9b14,35ef9a20-373b-49a0-94e7-a652a49ad546,2024-04-24 13:43:00,b5941a70-cf63-407e-8c24-c979e7f61e45,700,28,728
8f769283-554b-4ee5-be52-7989312d3ac6,1d0db805-775f-4a21-93a9-685c78ded448,2024-04-24 07:40:00,b5941a70-cf63-407e-8c24-c979e7f61e45,700,28,728
b4732cb8-4c38-4d4c-9c11-cdc229232d2f,30fba204-135e-4e71-a1a8-1c94ddb2c0da,2024-04-24 07:36:00,b5941a70-cf63-407e-8c24-c979e7f61e45,700,28,728
9f1d8179-ffd6-46a7-91c6-e5a5bde3394b,c4cece21-cc77-4ff3-a9bf-7193c1e488b3,2024-04-24 11:10:00,b5941a70-cf63-407e-8c24-c979e7f61e45,700,28,728
f92fd3ca-3c07-4295-8761-4395dbd4af79,fb398617-4d10-4ba7-a36e-b66cd127c45d,2024-04-24 07:59:00,b5941a70-cf63-407e-8c24-c979e7f61e45,400,16,416
488582ed-2182-4e9b-b2b0-01b215016f55,37c34e7b-e45c-47db-9e3b-264d25b1933c,2024-04-24 09:10:00,b5941a70-cf63-407e-8c24-c979e7f61e45,600,24,624
bcb39f72-2842-4407-b2a9-50671a7b7f16,3b3487d9-712c-4d93-9cd6-2c8d7e759c76,2024-04-24 07:54:00,b5941a70-cf63-407e-8c24-c979e7f61e45,700,28,728
4fee5d2b-f590-41b8-b406-63f7246a3efb,8143b925-a728-45dc-90e2-770dc299a5d0,2024-04-24 08:09:00,b5941a70-cf63-407e-8c24-c979e7f61e45,600,24,624
cce3effe-0b4a-44cb-8065-700544ca54bb,079c5ccc-da93-4cd1-836d-38c631bf48a6,2024-04-24 12:57:00,b5941a70-cf63-407e-8c24-c979e7f61e45,600,24,624
0732bdb2-5f32-4c24-ba6f-574a66a331d2,c7ba7c0b-dcbd-432b-a25d-5f19f08ee302,2024-04-24 11:35:00,b5941a70-cf63-407e-8c24-c979e7f61e45,400,16,416
0b0d18b5-b251-4543-bb45-fb397902ed60,a233190a-52a9-4cf7-9a10-17472b86c1d9,2024-04-24 07:46:00,b5941a70-cf63-407e-8c24-c979e7f61e45,400,16,416
4bae71bd-b0b3-4de1-97fa-0341b3d5c93b,0e36bc6f-6b9f-4c73-bf81-4de9c05bd1f7,2024-04-24 08:00:00,b5941a70-cf63-407e-8c24-c979e7f61e45,500,20,520
fbd27654-5d6f-4562-b58b-5f0b50f3148d,c1582622-5de3-4f41-846c-28d3d78fedaa,2024-04-24 15:34:00,b5941a70-cf63-407e-8c24-c979e7f61e45,2100,84,2184
1a896b9e-8bbf-4b21-9091-36e51d2b5d44,4818cfac-6545-4c77-b041-6f063a63ddf4,2024-04-24 08:21:00,b5941a70-cf63-407e-8c24-c979e7f61e45,500,20,520
bff9c1b0-e75a-413a-8f37-3d6bf65228fe,d3d3d406-1198-463b-a8df-6b9971422816,2024-04-24 15:31:00,b5941a70-cf63-407e-8c24-c979e7f61e45,1700,68,1768
5c57e712-540a-4bc2-ab3a-eea1435f2378,f3cbed3f-752a-4169-bb29-5bf932fd648c,2024-04-24 13:33:00,b5941a70-cf63-407e-8c24-c979e7f61e45,2000,80,2080
a1943abe-fac8-47c9-956c-3ce9ac90510d,5729d739-8c7e-469d-9fc7-fb95612fc92e,2024-04-24 11:47:00,b5941a70-cf63-407e-8c24-c979e7f61e45,2000,80,2080
b1cac571-eb50-4649-a3e6-617dd6c8ad86,81175ca9-2369-4e1b-823e-472ff9cb0241,2024-04-24 15:59:00,b5941a70-cf63-407e-8c24-c979e7f61e45,1600,64,1664
e9bab7c5-b01d-44b6-ad5f-8d21e00aa5ff,735200b4-2828-4349-96cd-860b863fb154,2024-04-24 08:33:00,b5941a70-cf63-407e-8c24-c979e7f61e45,400,16,416
9a3fb207-b7d6-4279-b13b-0ef8c9caecff,143486b6-dcbd-45d1-9d83-490582574c81,2024-04-24 14:40:00,b5941a70-cf63-407e-8c24-c979e7f61e45,400,16,416
627a2029-ab26-4784-9b7e-6557408da49e,8ecaec4c-7372-4d3c-9e1a-067e0f658cde,2024-04-24 15:47:00,b5941a70-cf63-407e-8c24-c979e7f61e45,400,16,416
7ad52bde-f286-4c7d-be0d-ba9a2bc7b519,d835a1eb-6636-4c11-a778-5321e636c7e3,2024-04-24 13:38:00,b5941a70-cf63-407e-8c24-c979e7f61e45,1600,64,1664
a68b3790-a222-41e3-a6b3-592a3ee3b349,77312b67-634b-44fa-afff-84cd492294dd,2024-04-24 08:04:00,b5941a70-cf63-407e-8c24-c979e7f61e45,600,24,624
0eec81ba-0a82-48c8-acc8-fc59c0f1654f,a84e1701-2350-4972-a199-bbb09a5018fe,2024-04-24 14:34:00,b5941a70-cf63-407e-8c24-c979e7f61e45,600,24,624
b558d804-49e7-40b5-84a7-dc8f24edd6f8,157f19e9-dabb-402d-a24a-1a3daad4390a,2024-04-24 07:50:00,b5941a70-cf63-407e-8c24-c979e7f61e45,600,24,624
dbc86d42-eb11-4a04-ac14-f8a67453bc3e,057d6adc-0a93-4e10-a0ad-eecde498a471,2024-04-24 09:47:00,b5941a70-cf63-407e-8c24-c979e7f61e45,700,28,728
364b054e-924b-43ee-a6a3-b9f43448b8ea,c1cfdf53-a54d-4650-b94f-c186d4ef6a33,2024-04-24 08:19:00,b5941a70-cf63-407e-8c24-c979e7f61e45,600,24,624
cce9daa5-30f1-4e94-b9ea-a4e0e2f3f2ba,e596c316-2043-4865-87fe-c7f9979aef23,2024-04-24 13:06:00,b5941a70-cf63-407e-8c24-c979e7f61e45,2200,88,2288
65a48f2e-c144-45d8-ada4-70b32c949655,6adaa027-c693-435e-89eb-a9bbb5e44b8a,2024-04-24 08:33:00,b5941a70-cf63-407e-8c24-c979e7f61e45,400,16,416
7ae1bfaf-dbc2-4e60-8e37-eda29066d07a,3e137f30-9049-4d26-b807-213d23a47ff4,2024-04-24 09:03:00,b5941a70-cf63-407e-8c24-c979e7f61e45,700,28,728
a51d7bdc-7080-4c7b-ace9-1b27c224a963,25c68765-8234-4afa-972a-1bb70ffdf0de,2024-04-24 13:11:00,b5941a70-cf63-407e-8c24-c979e7f61e45,1600,64,1664
aaa93884-af6f-4ca9-b0e6-c589e2f0bedc,12bb6504-a73d-4841-9f4b-f77ff5056ebb,2024-04-24 18:21:00,b5941a70-cf63-407e-8c24-c979e7f61e45,400,16,416
33d83c0a-c917-4334-8d1f-b8290b78ec24,8310a031-3027-4e50-9668-13752414d69d,2024-04-24 07:37:00,b5941a70-cf63-407e-8c24-c979e7f61e45,600,24,624
031fda35-2672-4581-a270-6586dcb36d5f,fd116e0a-17ff-4891-b76a-87564104c894,2024-04-24 12:11:00,b5941a70-cf63-407e-8c24-c979e7f61e45,1100,44,1144
030ecdc6-7309-4c13-8506-b58ee8de5726,4476c00f-aa7a-469a-b999-2d09393919f0,2024-04-24 07:54:00,b5941a70-cf63-407e-8c24-c979e7f61e45,400,16,416
eeaaaeb1-e73d-45d9-9f90-c216f9bfa12d,5e2f8308-17ff-4a1b-aaf0-7ee5789d624f,2024-04-24 08:05:00,b5941a70-cf63-407e-8c24-c979e7f61e45,400,16,416
0f04abc2-3633-40fc-b1ae-6e8c0384e3aa,ce73e748-777f-45ec-9020-2d2cfdb45972,2024-04-24 14:12:00,b5941a70-cf63-407e-8c24-c979e7f61e45,1500,60,1560
8f498915-87a3-4ec4-bcd3-b5531f71001b,330cb663-b876-4a71-aad8-b579d5c68a41,2024-04-24 10:48:00,b5941a70-cf63-407e-8c24-c979e7f61e45,600,24,624
f1685da7-8ffd-4fd9-905e-d37fbba2009c,8a56193e-7740-40eb-84fc-cfbed31c5b23,2024-04-24 08:20:00,b5941a70-cf63-407e-8c24-c979e7f61e45,400,16,416
c27b1e7f-fa70-454f-9202-9a0be023c639,711f6709-f3ba-47b2-a1b8-64c4ee16d2f8,2024-04-24 18:45:00,b5941a70-cf63-407e-8c24-c979e7f61e45,500,20,520
713d1564-5616-44f1-8d98-a571736f17e3,262fb523-a8a1-4b30-a646-07769b0e0136,2024-04-24 13:33:00,b5941a70-cf63-407e-8c24-c979e7f61e45,1800,72,1872
4999dcfa-ca3b-4316-a05e-3c6308b422f5,32d287f3-b003-4c28-925c-26ffc6847227,2024-04-24 16:01:00,b5941a70-cf63-407e-8c24-c979e7f61e45,1700,68,1768
2920d281-14f5-4e60-b34d-f490782e0583,b4831ea7-1598-4d5a-8e8f-8f7a3fc9fd2a,2024-04-24 07:14:00,b5941a70-cf63-407e-8c24-c979e7f61e45,600,24,624
0b1bacaf-c702-4cb7-8eaf-991dc93afa81,96c03846-9246-4cae-b040-d57ef33aaff7,2024-04-24 15:04:00,b5941a70-cf63-407e-8c24-c979e7f61e45,2200,88,2288
84b1b497-b880-4e8c-9fe9-d952e84b95be,e1381e43-7e52-4fde-bb54-70721c780d75,2024-04-24 07:44:00,b5941a70-cf63-407e-8c24-c979e7f61e45,500,20,520
b5360152-65b3-4f80-abac-7d7d424030e1,51c70362-b335-415c-aedb-b03180cdcc0e,2024-04-24 09:00:00,b5941a70-cf63-407e-8c24-c979e7f61e45,500,20,520
2eb7ad1d-96d7-48e0-80b2-caf0517664cb,ef92459f-9ed1-44f8-bc84-2af20287f25e,2024-04-24 08:25:00,b5941a70-cf63-407e-8c24-c979e7f61e45,600,24,624
3790145f-19c0-4858-a3ee-47fde7b7c7f0,aca4d865-17e7-4668-be18-d81a17da3466,2024-04-24 15:23:00,b5941a70-cf63-407e-8c24-c979e7f61e45,2000,80,2080
256ea64e-a717-4b49-acff-d74bbc12ecf4,413bce01-ac7a-4af0-8c49-23cd68b4aab5,2024-04-24 15:37:00,b5941a70-cf63-407e-8c24-c979e7f61e45,500,20,520
372eb8ba-fbaf-4288-8a22-5310cdcc29d2,4c002b7f-15e5-4722-80a2-e29fdacffe4c,2024-04-24 08:11:00,b5941a70-cf63-407e-8c24-c979e7f61e45,700,28,728
fba5c7e1-34d8-4c80-84fc-14c5916cf823,da512c5b-68aa-469a-aea3-35b60e5aa607,2024-04-24 09:05:00,b5941a70-cf63-407e-8c24-c979e7f61e45,600,24,624
cae4ac56-3542-47f2-bf52-8b01f558d5b3,6e64cd75-e932-49b0-b502-2525f0d050d0,2024-04-24 17:50:00,b5941a70-cf63-407e-8c24-c979e7f61e45,1700,68,1768
829cb39d-a6de-49c5-ba4e-43c29d28aed1,3c3c6349-1759-4e94-a39b-d577360a9edf,2024-04-24 19:41:00,b5941a70-cf63-407e-8c24-c979e7f61e45,2000,80,2080
ae312869-5f85-420b-a45c-3ad7309dff86,2a13d116-9ce5-4898-8b8d-af7d504361a1,2024-04-24 16:51:00,b5941a70-cf63-407e-8c24-c979e7f61e45,1700,68,1768
d99da672-111a-431d-83b1-fc631bedfc1d,2c53805a-8a5d-4835-a8a5-363ded197da1,2024-04-24 08:21:00,b5941a70-cf63-407e-8c24-c979e7f61e45,600,24,624
355e038f-6490-4797-a51c-f409aaf6ee5b,ab048a38-1f12-4bca-ab42-1b40682f705b,2024-04-24 09:59:00,b5941a70-cf63-407e-8c24-c979e7f61e45,500,20,520
0638ab07-92df-417b-ab4e-238fdbe94c1e,4824e242-620a-44a3-b4aa-6d34b7342b87,2024-04-24 08:02:00,b5941a70-cf63-407e-8c24-c979e7f61e45,600,24,624
1243a2fd-00c1-4c3b-b65a-ddbcee61f486,f27dbbe4-c022-49a0-978f-6e63a21a1f18,2024-04-24 16:14:00,b5941a70-cf63-407e-8c24-c979e7f61e45,1800,72,1872
f5f28922-8a1b-402b-80e6-4f5053830f94,31841c6e-3c17-459f-825f-4fe37783068f,2024-04-24 16:22:00,b5941a70-cf63-407e-8c24-c979e7f61e45,1600,64,1664
cbbd23b7-dff6-4802-9ed0-00ce79cd075a,e54b719a-48b9-4990-b26b-ac3103c62963,2024-04-24 08:09:00,b5941a70-cf63-407e-8c24-c979e7f61e45,600,24,624
e5cddb0e-3791-4964-927d-209b73144386,9d6095f7-a9a5-4fb9-aff0-d3e1ac17e3f4,2024-04-24 08:11:00,b5941a70-cf63-407e-8c24-c979e7f61e45,600,24,624
6a990a41-603d-488e-bd6b-4f0fed3be2bd,6f2f58e0-3021-482d-9c9e-aed9ff191130,2024-04-24 14:50:00,b5941a70-cf63-407e-8c24-c979e7f61e45,700,28,728
7cf7c173-8118-4540-93a1-b2c7974b66c1,fb448b08-7725-42e0-9ab1-296312325b35,2024-04-24 09:45:00,b5941a70-cf63-407e-8c24-c979e7f61e45,1400,56,1456
ca489222-0371-4da5-9ffa-c1e1189f5456,8015a6ee-2cb8-4023-bd73-83f79ca11c40,2024-04-24 08:22:00,b5941a70-cf63-407e-8c24-c979e7f61e45,400,16,416
b42921c3-38ee-4d5e-beee-ea637fc54472,026619ec-74af-42f0-81e5-1ae8f32fa526,2024-04-24 10:19:00,b5941a70-cf63-407e-8c24-c979e7f61e45,2300,92,2392
91960b81-6215-474c-832b-6c6fc8fa1e19,f6f7cd36-ad87-48b5-86a4-69c72ffedaf5,2024-04-24 07:57:00,b5941a70-cf63-407e-8c24-c979e7f61e45,400,16,416
d8cf9c48-5821-47ce-bb7a-499ea6b9fe46,d495194b-5412-4a94-963f-a575a3c050a4,2024-04-24 07:23:00,b5941a70-cf63-407e-8c24-c979e7f61e45,600,24,624
73db1427-a549-404c-b250-5330e17316e3,c8be7249-034b-44a3-b015-48a629b09aa0,2024-04-24 13:13:00,b3406af8-c4a9-4d2d-9e30-e06f3da01c15,400,32,432
f1e04122-a46f-494e-a00c-59a50249da34,e43c8ecb-3f23-452b-9898-1b0dc684312f,2024-04-24 08:59:00,b3406af8-c4a9-4d2d-9e30-e06f3da01c15,600,48,648
d74a450c-e1fe-44f4-8ee8-cb4553031c99,c44fedb1-0107-4b01-ad43-16483dd8baed,2024-04-24 08:09:00,b3406af8-c4a9-4d2d-9e30-e06f3da01c15,600,48,648
6b0ca919-b8aa-4ae7-adcb-7033a93aee90,9486bb2e-4b6e-4d11-b2c7-68422ce31dc8,2024-04-24 08:41:00,b3406af8-c4a9-4d2d-9e30-e06f3da01c15,400,32,432
6f79c0aa-0a7e-40f2-a20c-670301c57c9c,46ee62e2-9de2-4a65-9acb-9324605c196d,2024-04-24 12:26:00,b3406af8-c4a9-4d2d-9e30-e06f3da01c15,600,48,648
6b7517a1-538c-4723-a0fc-52fa46db24b1,37c7145b-b539-42ec-915d-37461adcfff7,2024-04-24 18:47:00,b3406af8-c4a9-4d2d-9e30-e06f3da01c15,400,32,432
70828c66-1e90-40ef-a46f-16afbecbe728,275e94da-aa8e-4a58-a71a-2ed78ee42b09,2024-04-24 17:21:00,b3406af8-c4a9-4d2d-9e30-e06f3da01c15,600,48,648
4be840a2-2a14-4da3-a317-ea41272b823e,4e118a6e-8d00-4fbf-b3a7-1c2dd411d8f0,2024-04-24 08:10:00,b3406af8-c4a9-4d2d-9e30-e06f3da01c15,500,40,540
c0662d71-1098-4972-8137-4cda56632f73,98dda004-b8b8-4899-b938-93da30a150a1,2024-04-24 11:19:00,b3406af8-c4a9-4d2d-9e30-e06f3da01c15,600,48,648
1cccf733-cf1b-457d-ac32-26bc1a3de528,22fac9d3-80e8-4460-a840-888ca04de01c,2024-04-24 08:17:00,b3406af8-c4a9-4d2d-9e30-e06f3da01c15,700,56,756
55031601-a864-4829-9f0a-d9244feda379,8358cc3a-5993-44f8-aa25-4fb0dcbbad6e,2024-04-24 12:53:00,b3406af8-c4a9-4d2d-9e30-e06f3da01c15,700,56,756
a12bb0bc-0f18-4d8c-b1a8-caa0e0a6fa8c,88ceab79-75e6-4db6-a2bc-acd9ba60dbf3,2024-04-24 07:41:00,b3406af8-c4a9-4d2d-9e30-e06f3da01c15,400,32,432
6e551f4d-fec5-425f-80d8-c133150281cf,abf424d5-d0e8-4868-8cc4-ec6715b3ff90,2024-04-24 15:24:00,b3406af8-c4a9-4d2d-9e30-e06f3da01c15,1600,128,1728
447c0b27-606b-4143-b9a3-66e1d939b9e2,8a2408e6-00a5-46d4-924f-b41ebe3d654c,2024-04-24 12:56:00,b3406af8-c4a9-4d2d-9e30-e06f3da01c15,400,32,432
51c038c0-b802-4d85-819c-0a1b29bd154c,3b2e6b11-b740-4416-989f-d333d59d01e3,2024-04-24 11:04:00,b3406af8-c4a9-4d2d-9e30-e06f3da01c15,600,48,648
d094d0c2-a326-4ed2-8d80-3019a69f936f,239435ac-7176-47ce-b7dc-bd339b0a5b87,2024-04-24 13:26:00,b3406af8-c4a9-4d2d-9e30-e06f3da01c15,700,56,756
c448904c-f512-4fe3-9aa8-b008582928ce,4302cbf3-971a-478c-b463-eb3284027248,2024-04-24 07:36:00,b3406af8-c4a9-4d2d-9e30-e06f3da01c15,700,56,756
dd76ba36-84a7-4a29-9f49-3f5cce700d2d,57af21e0-6171-4029-a116-f9a48606f197,2024-04-24 15:05:00,b3406af8-c4a9-4d2d-9e30-e06f3da01c15,600,48,648
efe7aadb-1803-47bb-937a-74300407a50c,51b16cf1-5300-4593-9472-80ede31dc299,2024-04-24 12:21:00,b3406af8-c4a9-4d2d-9e30-e06f3da01c15,500,40,540
a4f897eb-f6a4-499e-8427-dd0c0a084032,842933c0-5512-4685-8352-54b6acbce721,2024-04-24 14:54:00,b3406af8-c4a9-4d2d-9e30-e06f3da01c15,2300,184,2484
db218df7-bf9a-4b17-b691-ac27e1f68ca7,3b957f8f-558e-4c9c-b7be-6dd661554b79,2024-04-24 08:19:00,b3406af8-c4a9-4d2d-9e30-e06f3da01c15,400,32,432
a20f8375-36b8-4685-a709-5b36cba515aa,064cf927-4d76-4a1c-96e2-0e2849fe3247,2024-04-24 10:56:00,b3406af8-c4a9-4d2d-9e30-e06f3da01c15,400,32,432
2ddbae04-457f-4d19-9622-483cc994d69c,e7557980-b703-4b75-9726-ca57793ec2f7,2024-04-24 07:31:00,b3406af8-c4a9-4d2d-9e30-e06f3da01c15,400,32,432
bda8a461-ac7c-444a-ab22-b592344740e0,868bf638-2fcc-4fad-b6a8-ddf22051c14e,2024-04-24 13:34:00,b3406af8-c4a9-4d2d-9e30-e06f3da01c15,2000,160,2160
8e6a65c0-beed-4bdd-ad0a-7f9add744aca,2a926631-d774-40c9-9a04-d52c882b6edc,2024-04-24 18:49:00,b3406af8-c4a9-4d2d-9e30-e06f3da01c15,400,32,432
74c104a6-8516-42e7-88ca-e963e6113f68,d7538bff-54f1-40cf-b3e0-cf3244e312de,2024-04-24 13:03:00,b3406af8-c4a9-4d2d-9e30-e06f3da01c15,400,32,432
41102565-1c42-410c-b163-0debac059948,2232f985-677f-4201-a2ef-b9936516db2a,2024-04-24 14:16:00,b3406af8-c4a9-4d2d-9e30-e06f3da01c15,700,56,756
947aa78f-19b1-4a95-8271-20b305fbbc16,84246c00-52db-4135-ac94-c99469e4864f,2024-04-24 14:04:00,b3406af8-c4a9-4d2d-9e30-e06f3da01c15,1800,144,1944
50c6673f-7108-4404-8b2f-3ba80b02a3a9,253c99a5-b969-491d-8525-0b736e9ffc7f,2024-04-24 11:54:00,b3406af8-c4a9-4d2d-9e30-e06f3da01c15,1600,128,1728
7095d49a-a3e2-43d6-8f1a-684d8112538f,279bb9eb-274e-4d3f-8214-4a0b76d8f3dd,2024-04-24 17:18:00,b3406af8-c4a9-4d2d-9e30-e06f3da01c15,600,48,648
460feffe-9e7d-4c61-bbd4-3e6ed213788a,a2091e93-b175-4a4d-a1ad-22e65dd882e2,2024-04-24 18:50:00,b3406af8-c4a9-4d2d-9e30-e06f3da01c15,400,32,432
b497037f-3d7e-47f2-877d-14c2d16a8639,b46178ba-13a1-4725-9580-4c50678971fd,2024-04-24 14:50:00,b3406af8-c4a9-4d2d-9e30-e06f3da01c15,1700,136,1836
70fb45a6-4e3e-4303-a905-3a74aa03ca69,fe61d173-a5a0-4639-9464-a1f7719807fa,2024-04-24 07:26:00,b3406af8-c4a9-4d2d-9e30-e06f3da01c15,700,56,756
c57d61ff-a0ba-486d-8736-57f8046a5152,feeba5b2-ee35-494f-bf9a-fc5317519eca,2024-04-24 07:23:00,b3406af8-c4a9-4d2d-9e30-e06f3da01c15,700,56,756
351a5757-92fb-46b2-a135-3b4edfcdf510,53dad1bc-76f9-4977-806f-e5433e273d58,2024-04-24 17:01:00,b3406af8-c4a9-4d2d-9e30-e06f3da01c15,500,40,540
c1043857-152f-4616-8837-90379231a4b5,856e13e3-732e-4d27-b681-554c8d89d267,2024-04-24 13:48:00,b3406af8-c4a9-4d2d-9e30-e06f3da01c15,600,48,648
b92c15b1-ff81-4a53-89c7-e2dac964d4ae,8327e7bb-845d-4ea3-bf02-c4664e7caa24,2024-04-24 19:16:00,b3406af8-c4a9-4d2d-9e30-e06f3da01c15,1700,136,1836
934edaa7-c269-4327-9477-1cc410917c00,772c9860-6f1b-45a3-83ce-1dd29c675dfc,2024-04-24 16:24:00,b3406af8-c4a9-4d2d-9e30-e06f3da01c15,1900,152,2052
9cd6b40f-45e4-4489-aedc-6a221ebbb52e,3dcda216-30ce-47c1-b61e-64e7f3fd38dc,2024-04-24 08:25:00,b3406af8-c4a9-4d2d-9e30-e06f3da01c15,600,48,648
9f8f036f-6249-48f6-8746-00999ce9063f,f27a3372-0d29-4d6a-b883-f6e124a1f046,2024-04-24 13:16:00,b3406af8-c4a9-4d2d-9e30-e06f3da01c15,1900,152,2052
f110fbe5-2d5d-41c1-b097-06ad43fc502c,4c14b657-2a3c-4ea5-9948-df7e1566baba,2024-04-24 07:52:00,b3406af8-c4a9-4d2d-9e30-e06f3da01c15,400,32,432
10daf2ed-df62-41cb-a884-964c555a8186,44835168-a3c6-4c3a-afd2-f6c657bb8ed0,2024-04-24 07:29:00,b3406af8-c4a9-4d2d-9e30-e06f3da01c15,600,48,648
807f87a4-7094-4ecd-819c-4ed275449cb3,1b67a578-3e3a-496f-b2db-2e233b75a057,2024-04-24 07:48:00,b3406af8-c4a9-4d2d-9e30-e06f3da01c15,400,32,432
358c27a3-7b23-4e1c-a47b-c094ea27a80e,38c43380-025d-443c-9929-69575b8c1476,2024-04-24 11:14:00,b3406af8-c4a9-4d2d-9e30-e06f3da01c15,3300,264,3564
c3e9ed5f-943d-42fb-8ea0-6e98a108af4e,05617299-025b-4e35-82e6-3129af08b43b,2024-04-24 07:21:00,b3406af8-c4a9-4d2d-9e30-e06f3da01c15,600,48,648
1a9e8322-b1d4-41d7-92db-781b0909743a,4ceb6495-cfcd-4b13-8fe8-93a2250078d4,2024-04-24 15:57:00,b3406af8-c4a9-4d2d-9e30-e06f3da01c15,400,32,432
c6a29c19-3424-4e7e-8342-ee092a12b282,a2000870-ced8-44cc-9747-f8f7d5b5499d,2024-04-24 11:48:00,b3406af8-c4a9-4d2d-9e30-e06f3da01c15,500,40,540
1847552b-d54d-4939-92ec-a8f3590f32af,1e4d3a76-718d-4aaa-ab5c-e0ddba35223d,2024-04-24 16:17:00,b3406af8-c4a9-4d2d-9e30-e06f3da01c15,1800,144,1944
26a7bb9b-0c31-473f-8919-3b0fd9ae225a,03530b0b-2cc6-45c8-9658-efd1cdcb84b1,2024-04-24 16:05:00,b3406af8-c4a9-4d2d-9e30-e06f3da01c15,1500,120,1620
e7d1f51f-6b7e-421e-af13-88f97fa2b695,9ad4d7d0-7c6e-4062-b82a-6c1a852fedae,2024-04-24 07:41:00,b3406af8-c4a9-4d2d-9e30-e06f3da01c15,600,48,648
d396da81-0c5d-4742-bad4-e47819ad9bef,c4d9214e-1a8a-4572-ab3c-d4d92c02af28,2024-04-24 07:53:00,b3406af8-c4a9-4d2d-9e30-e06f3da01c15,600,48,648
9eb47cd7-64c6-4091-bd87-94dc6ff45e6b,4149b269-ecae-4eb4-8545-98839f516b6a,2024-04-24 12:29:00,b3406af8-c4a9-4d2d-9e30-e06f3da01c15,3500,280,3780
26e600d6-9004-4d92-8db8-b6a8a2a3ea15,96926c2b-1043-47ff-8850-51e5bf2f14d8,2024-04-24 08:28:00,b3406af8-c4a9-4d2d-9e30-e06f3da01c15,600,48,648
019faab8-13d1-4281-bd46-4b98daeec3b6,4a9277ea-471b-44e3-91d1-812ae38ee0af,2024-04-24 08:42:00,b3406af8-c4a9-4d2d-9e30-e06f3da01c15,400,32,432
9141a074-31bb-4816-9c1f-cd36f2b350d1,905f3530-1560-46d6-9184-11b76f12c731,2024-04-24 10:31:00,b3406af8-c4a9-4d2d-9e30-e06f3da01c15,3200,256,3456
b9ceeb01-488e-408d-b6bf-b41b277495dc,c363df3a-cefa-46da-aab7-940b980cae89,2024-04-24 07:30:00,b3406af8-c4a9-4d2d-9e30-e06f3da01c15,700,56,756
f6c50fbb-ea73-4ded-b432-ee0869ea754e,8618519d-5857-46b6-aa82-bab2e311d7b8,2024-04-24 15:09:00,b3406af8-c4a9-4d2d-9e30-e06f3da01c15,600,48,648
ed823b6c-f0dc-4198-ab30-3e2f3e9741f8,06747680-9930-4877-b467-a5cb4396185d,2024-04-24 19:38:00,b3406af8-c4a9-4d2d-9e30-e06f3da01c15,500,40,540
0c784509-f1ed-4be9-b7c6-c36f544e6da3,5779e275-8994-4267-9474-f3a509802221,2024-04-24 15:26:00,b3406af8-c4a9-4d2d-9e30-e06f3da01c15,1600,128,1728
d6dc1426-7737-435e-be6c-d04cd2b98e12,88128252-2a15-43e6-9f6b-d087b22720a9,2024-04-24 08:39:00,b3406af8-c4a9-4d2d-9e30-e06f3da01c15,400,32,432
3a3b44d7-4378-4300-91ed-0c266a3fde65,b8a0bca5-a3fe-47b5-b54c-f11d3b3566b3,2024-04-24 18:57:00,b3406af8-c4a9-4d2d-9e30-e06f3da01c15,500,40,540
45d0a32c-ba01-4690-b8b3-f6a78f66ef90,27aa2e5e-189e-4554-bd68-cdc6769ac85e,2024-04-24 08:24:00,b3406af8-c4a9-4d2d-9e30-e06f3da01c15,500,40,540
57859d89-d7e5-43ae-b845-11a96dbecccc,935f8df0-9ed4-421f-a330-c022fd690f49,2024-04-24 08:34:00,b3406af8-c4a9-4d2d-9e30-e06f3da01c15,500,40,540
edd3076a-2d1a-46ff-b237-4364cf9fa08c,bf98777f-16f7-465d-a17c-31e1ae97506b,2024-04-24 15:26:00,b3406af8-c4a9-4d2d-9e30-e06f3da01c15,1700,136,1836
0366dbe0-6a89-4436-9762-d10bd7c2823c,4dc43541-9eb4-418a-af40-7b08737d3c43,2024-04-24 07:40:00,b3406af8-c4a9-4d2d-9e30-e06f3da01c15,700,56,756
ec40f2bc-07b6-4388-840d-f2e75f577b7f,23c89686-b6e1-4cb4-8afe-527a20aeede9,2024-04-24 08:08:00,b3406af8-c4a9-4d2d-9e30-e06f3da01c15,600,48,648
79f86aa7-51ce-4249-86a6-7e678e9d63a0,095bf03a-d1cd-4d20-abd1-3f4739172cf4,2024-04-24 15:27:00,b3406af8-c4a9-4d2d-9e30-e06f3da01c15,600,48,648
572855c9-d48d-4ddf-ab98-5b0dcd8bdd3c,066117d4-b907-47c1-94c3-7f3e19284e7e,2024-04-24 10:42:00,b3406af8-c4a9-4d2d-9e30-e06f3da01c15,1700,136,1836
82da4545-b1cb-4cfe-9f74-c83b6171ba42,c7758618-5de9-4f71-ae03-b51042e88f76,2024-04-24 15:45:00,b3406af8-c4a9-4d2d-9e30-e06f3da01c15,1700,136,1836
f19fb8f0-598c-41f9-8989-dbfd5e231f72,8c760acd-0e02-41da-a2cd-c99c07732c1a,2024-04-24 17:24:00,b3406af8-c4a9-4d2d-9e30-e06f3da01c15,1800,144,1944
c5b3e676-0aae-4da2-bd59-c3a45f80cc43,80beca59-cd9e-4ff3-9d94-e1c6879c1316,2024-04-24 07:42:00,b3406af8-c4a9-4d2d-9e30-e06f3da01c15,500,40,540
a1876296-43a8-4e55-b1a4-d089368036a8,2efd88fb-9b50-48f6-817a-ca2c8541cfd1,2024-04-24 08:32:00,b3406af8-c4a9-4d2d-9e30-e06f3da01c15,600,48,648
cbdf520b-ea5e-426a-8604-5c70a4c9eba7,268cd69b-28ea-4af8-9538-9fa9498732b9,2024-04-24 16:45:00,b3406af8-c4a9-4d2d-9e30-e06f3da01c15,600,48,648
f1971570-1b24-48e3-83fd-f465c5e5d450,39138df5-0ee9-413c-9571-c4df064cba64,2024-04-24 07:53:00,b3406af8-c4a9-4d2d-9e30-e06f3da01c15,600,48,648
547742f4-7dba-4b73-9709-bfba073ec3d8,99237b9e-22d6-4ea4-bdfd-187420c78483,2024-04-24 17:40:00,b3406af8-c4a9-4d2d-9e30-e06f3da01c15,600,48,648
e71024e5-44c0-44c4-917b-aff717ca3b63,f375e828-1afb-4b45-89c1-26c16035508f,2024-04-24 17:29:00,b3406af8-c4a9-4d2d-9e30-e06f3da01c15,900,72,972
73b0f0bd-e408-44e9-9561-7bd39593eedb,f851a187-0388-4c20-9b76-18bdd3c92dec,2024-04-24 10:46:00,b3406af8-c4a9-4d2d-9e30-e06f3da01c15,700,56,756
ef894290-3b78-4e40-9134-0b61cb9d5030,5771b79c-6f7a-4469-b773-289af03e59c9,2024-04-24 09:51:00,b3406af8-c4a9-4d2d-9e30-e06f3da01c15,1100,88,1188
440fba60-a529-4497-a766-968b558ac456,ecb26b3c-a58f-4237-90c2-d5f78efb30db,2024-04-24 13:43:00,b3406af8-c4a9-4d2d-9e30-e06f3da01c15,500,40,540
980bb23f-7e68-4ac1-b112-8745c7dd6644,76c7924f-d1ef-4af5-b145-514191a0d17f,2024-04-24 10:23:00,b3406af8-c4a9-4d2d-9e30-e06f3da01c15,1200,96,1296
8f7a9f97-d91d-4541-8fa0-e7f6655c2059,37a5d7eb-a9ee-47c9-930f-e557d51483d1,2024-04-24 09:35:00,b3406af8-c4a9-4d2d-9e30-e06f3da01c15,1600,128,1728
b307ed6b-7fc2-47f9-afd0-174ecc2d5493,5e48221c-cae5-43ec-97c4-8c92051a16a4,2024-04-24 07:00:00,b3406af8-c4a9-4d2d-9e30-e06f3da01c15,400,32,432
35f1c3d3-a883-4743-93a3-964f8458c11f,e153b65e-f6c1-4043-932d-e1357a7d50e7,2024-04-24 08:53:00,b3406af8-c4a9-4d2d-9e30-e06f3da01c15,500,40,540
3e7ff66c-14d4-4796-8978-aa934496e6b4,13a7703d-03d1-4063-84ca-b89d789a1738,2024-04-24 08:59:00,b3406af8-c4a9-4d2d-9e30-e06f3da01c15,400,32,432
78d49b48-e675-4006-b59a-a8d43564d5ec,47bdc2f3-2221-45ba-87aa-957ae3eca21b,2024-04-24 12:01:00,b3406af8-c4a9-4d2d-9e30-e06f3da01c15,600,48,648
fbe24b86-fc09-4907-80bc-36aeb5cf70f9,1b2379c1-efcd-4b6e-8114-a55e17996a17,2024-04-24 14:09:00,b3406af8-c4a9-4d2d-9e30-e06f3da01c15,1500,120,1620
339b9ccb-3218-40d4-9a7e-e04efe56ca70,65ceb40c-2a5c-4396-99f2-92512e5d8a5b,2024-04-24 18:04:00,b3406af8-c4a9-4d2d-9e30-e06f3da01c15,1800,144,1944
2893b039-2dd1-4d16-8334-3264ca112ac3,d8b32b5c-b453-46b3-972f-a82740c80425,2024-04-24 12:07:00,b3406af8-c4a9-4d2d-9e30-e06f3da01c15,1900,152,2052
64a2984f-5adf-4b54-aeec-bb0c3c9fc080,1b4695e3-474d-4a57-8330-b29e2b1e34a4,2024-04-24 07:55:00,b3406af8-c4a9-4d2d-9e30-e06f3da01c15,700,56,756
4cc67a8c-2e36-42f2-b0d3-5e4364b3972b,80a49a51-3aad-4ab0-a876-84ac983a1ecb,2024-04-24 08:18:00,b3406af8-c4a9-4d2d-9e30-e06f3da01c15,400,32,432
1f7bea08-1891-4302-bb52-3a79323ba1e9,7b930b65-6a9e-4445-8ae1-1503b76ac988,2024-04-24 07:22:00,b3406af8-c4a9-4d2d-9e30-e06f3da01c15,400,32,432
6a851852-6662-41cb-8e97-51a0ab81e3f7,449f4341-9f93-4cc5-8e2a-f00ea11228b8,2024-04-24 17:18:00,b3406af8-c4a9-4d2d-9e30-e06f3da01c15,600,48,648
07e467a9-3d7c-4704-bc1f-c64cbdf8814e,d6d9d62c-9cb2-454b-8d33-46481d62557b,2024-04-24 13:18:00,b3406af8-c4a9-4d2d-9e30-e06f3da01c15,600,48,648
60b98a3c-1f30-4b83-9468-1330b38b8749,5d9f037d-9045-46b5-99b7-f51314dfe487,2024-04-24 13:08:00,b3406af8-c4a9-4d2d-9e30-e06f3da01c15,700,56,756
ffb3f8b3-95be-4e9c-aa2d-f78a12f302d6,8a87962d-68e3-4597-b43e-27b048d4439d,2024-04-24 09:27:00,b3406af8-c4a9-4d2d-9e30-e06f3da01c15,600,48,648
db59145f-e03b-4b97-92e4-06aa1ad56071,361f6a4e-0eaa-4595-9086-b3ad40e8a618,2024-04-24 08:09:00,b3406af8-c4a9-4d2d-9e30-e06f3da01c15,500,40,540
3bf4de3c-1d05-4f69-b80f-fc30059a1c26,4fc86a07-e35f-4338-a2ff-0de089fc9849,2024-04-24 15:21:00,b3406af8-c4a9-4d2d-9e30-e06f3da01c15,1100,88,1188
2ec944f9-fd23-4f6c-84b2-0dcbcd03636f,6b6847b1-c79c-4831-969c-e1b95141232c,2024-04-24 08:35:00,b3406af8-c4a9-4d2d-9e30-e06f3da01c15,500,40,540
8ad6a0d4-7ab0-47f3-8b17-7815e30a9f09,c05af6ca-529b-48e3-9cbf-d11a290da116,2024-04-24 14:07:00,b3406af8-c4a9-4d2d-9e30-e06f3da01c15,2000,160,2160
41fb9b4c-f20d-4668-92a6-4373b470af22,c14a5811-3017-4d1f-bd5b-9ccd885f4dee,2024-04-24 16:21:00,b3406af8-c4a9-4d2d-9e30-e06f3da01c15,2200,176,2376
2aa27416-7139-4bfe-a0fb-615d65ccdf3e,1dbd8c01-5471-4c5a-b2e4-db6418673cb3,2024-04-24 16:19:00,b3406af8-c4a9-4d2d-9e30-e06f3da01c15,500,40,540
b1e17959-eb83-41f4-af6a-2d62c5814544,310b49e2-458d-4fc5-8c04-f4ab394152fe,2024-04-24 15:08:00,b3406af8-c4a9-4d2d-9e30-e06f3da01c15,1600,128,1728
6051a540-7812-44c7-825b-3d1b83689a59,d1632fc8-d982-4a8a-8ef9-53a6c238f72c,2024-04-24 11:09:00,b3406af8-c4a9-4d2d-9e30-e06f3da01c15,400,32,432
d3701a5d-9407-48c7-b0db-da952b3dbec6,621183af-0262-460a-ba41-8fcd61b78119,2024-04-24 12:41:00,b3406af8-c4a9-4d2d-9e30-e06f3da01c15,1000,80,1080
634deaf3-8886-4205-b438-09173be1578c,a5b4ca03-0415-4ab0-887f-e9c900e32790,2024-04-24 14:15:00,b3406af8-c4a9-4d2d-9e30-e06f3da01c15,1800,144,1944
4fc15948-fea7-4250-8ab7-b818da10484e,fce60606-1c32-4073-abab-5e73f36b3302,2024-04-24 07:07:00,b3406af8-c4a9-4d2d-9e30-e06f3da01c15,700,56,756
5cdf0a46-602b-4720-b7a3-918a988c69c8,cbcda1f0-7b97-4053-ad4b-cc4b5a76e903,2024-04-24 07:58:00,b3406af8-c4a9-4d2d-9e30-e06f3da01c15,500,40,540
782d3618-eda9-42e1-a34e-6bb800c0073c,52b280cc-66a1-4aff-a315-65a3e08ba082,2024-04-24 08:40:00,b3406af8-c4a9-4d2d-9e30-e06f3da01c15,400,32,432
9861e0c0-2e18-4a13-bcf0-658f8f8e17ff,db206fbc-6df6-47aa-9f6c-7d3bdce9e3c5,2024-04-24 07:33:00,b3406af8-c4a9-4d2d-9e30-e06f3da01c15,500,40,540
2497e244-0a08-46a9-9ae5-281cf639da6f,c2085572-8827-4de1-ac06-5f3d40324313,2024-04-24 07:59:00,b3406af8-c4a9-4d2d-9e30-e06f3da01c15,700,56,756
b948ba5d-7bcf-4613-b7b8-58d6bb89eff0,d4954aec-b60d-426c-9058-f2d3d61ecf7f,2024-04-24 14:40:00,b3406af8-c4a9-4d2d-9e30-e06f3da01c15,500,40,540
e33fb10e-2e7c-4c7f-97dc-9613b01bb115,663ea5e3-7ce6-4aad-b8d2-4125e48ff362,2024-04-24 15:50:00,b3406af8-c4a9-4d2d-9e30-e06f3da01c15,2400,192,2592
caf204a3-ed41-46c7-a849-2be295cbc4ef,ff6249e1-3d4b-4910-8cf5-7539649d5959,2024-04-24 17:20:00,b3406af8-c4a9-4d2d-9e30-e06f3da01c15,600,48,648
d0426109-68d6-409c-b03a-360aab904987,3254d2fb-f762-4502-ad4f-6f57b4a21620,2024-04-24 08:44:00,b3406af8-c4a9-4d2d-9e30-e06f3da01c15,600,48,648
2443f4ce-8c03-475d-abf3-091607cc7c78,db7b3e64-5805-46a2-8e59-f78fb53db9ab,2024-04-24 11:14:00,b3406af8-c4a9-4d2d-9e30-e06f3da01c15,600,48,648
35a22190-567f-4c3d-8bc3-18b0e1c80802,a2fcb9a7-aaa5-4383-a4fb-21687e933dde,2024-04-24 15:32:00,b3406af8-c4a9-4d2d-9e30-e06f3da01c15,500,40,540
e6c2deaf-e901-4f56-9b06-c489f11577c9,794398f0-d003-410e-81b9-97cfb53b31d1,2024-04-24 11:03:00,b3406af8-c4a9-4d2d-9e30-e06f3da01c15,1100,88,1188
850840a9-eeb8-4a37-b3e3-e1e9f721c4d7,39fb828a-b832-4f0a-8967-0e343ba7c360,2024-04-24 14:27:00,b3406af8-c4a9-4d2d-9e30-e06f3da01c15,700,56,756
b1890c34-fba2-4914-bdac-ab161c58a865,e84bffdc-b85d-42a5-900a-67979727373d,2024-04-24 08:51:00,b3406af8-c4a9-4d2d-9e30-e06f3da01c15,400,32,432
14125852-85b0-4a89-be7e-d847cea29e22,66600688-68fb-486a-9109-bafbf8e03b37,2024-04-24 15:33:00,b3406af8-c4a9-4d2d-9e30-e06f3da01c15,1000,80,1080
b3acc593-067d-469a-af42-382415825ee6,25ac8d3c-f20d-445c-98a5-92ba07716d01,2024-04-24 07:39:00,b3406af8-c4a9-4d2d-9e30-e06f3da01c15,600,48,648
dacb78d8-52a5-4f20-b38f-13ac19b78efb,1892dd7a-8ba7-4839-891c-a1faa3c38b01,2024-04-24 12:27:00,b3406af8-c4a9-4d2d-9e30-e06f3da01c15,600,48,648
86c0cb99-632f-41dc-9397-c6c868391aa5,1d402c5f-2fac-4f95-9d30-6ef180da3feb,2024-04-24 15:30:00,b3406af8-c4a9-4d2d-9e30-e06f3da01c15,400,32,432
ea4f2fdc-fc37-487d-937f-fc68e60118ee,c9a27e2e-04e1-4bb4-b573-24236a552b08,2024-04-24 13:25:00,b3406af8-c4a9-4d2d-9e30-e06f3da01c15,1200,96,1296
b8055d1b-45bd-4b20-b933-4f2ec643de86,881b46ba-02e1-4cbb-8806-031dc3bbeca7,2024-04-24 14:35:00,b3406af8-c4a9-4d2d-9e30-e06f3da01c15,600,48,648
80148cc5-f3b8-455c-8942-f2b46e4399ca,235014d2-591b-47a1-bbff-aeb890034fd3,2024-04-24 10:36:00,b3406af8-c4a9-4d2d-9e30-e06f3da01c15,600,48,648
bd46b525-c1b1-446a-a767-5086e4e1e956,d3873be4-b64c-42ee-84b6-5bb82cfc5320,2024-04-24 12:59:00,b3406af8-c4a9-4d2d-9e30-e06f3da01c15,500,40,540
0ebe1a80-4bcd-4ea4-ac42-2fd69c26afea,f2f7747d-afbe-47b0-b53b-b1befdd2248f,2024-04-24 08:02:00,b3406af8-c4a9-4d2d-9e30-e06f3da01c15,600,48,648
db5ad2f9-5080-48ac-9ada-f7e1591ad81d,9218401a-a3fe-4361-b974-75ab3912ede2,2024-04-24 07:52:00,b3406af8-c4a9-4d2d-9e30-e06f3da01c15,600,48,648
4cab5e81-78de-4cee-868b-b05f279b310d,8d65ca70-f409-4ca5-8358-00184b8ca792,2024-04-24 08:21:00,b3406af8-c4a9-4d2d-9e30-e06f3da01c15,600,48,648
08360b87-6179-49d0-a670-ee2ba275cf6c,a458afe9-c65f-409f-8219-b305bca5a3cf,2024-04-24 07:12:00,b3406af8-c4a9-4d2d-9e30-e06f3da01c15,500,40,540
41d8f02e-e4ca-4eeb-9b95-2efdbeea72dd,86b0709f-3cb4-4745-a48f-d886fb407676,2024-04-24 08:23:00,b3406af8-c4a9-4d2d-9e30-e06f3da01c15,500,40,540
6b41a929-355a-4c42-afb7-98aa2b9a7fe8,a007d2c8-f005-484a-9bba-492bde02b53a,2024-04-24 08:42:00,b3406af8-c4a9-4d2d-9e30-e06f3da01c15,600,48,648
c6772327-f04a-4390-83b4-1cf7ef0187e7,e16a6ba6-9dd7-494f-8317-85068747c218,2024-04-24 07:59:00,b3406af8-c4a9-4d2d-9e30-e06f3da01c15,700,56,756
141a2cac-8cd0-4ee5-86ed-75a4253c271a,0a99f923-70d6-40f5-8870-92a09715bce2,2024-04-24 08:10:00,b3406af8-c4a9-4d2d-9e30-e06f3da01c15,600,48,648
75251e78-3b10-4361-a026-67dbae63daee,c7ae24da-fb5c-469e-b470-e2aea0050b1b,2024-04-24 09:38:00,b3406af8-c4a9-4d2d-9e30-e06f3da01c15,700,56,756
b1a0173d-ce65-4017-ab38-9cfecc0cc7c4,31934ece-77ac-425f-a29c-8c5460f3ab19,2024-04-24 09:45:00,b3406af8-c4a9-4d2d-9e30-e06f3da01c15,1200,96,1296
501f5b01-5ab3-44ad-b82e-8a04438a7494,ed5ab19d-1777-4342-ab81-aa1bc6f6b498,2024-04-24 13:43:00,b3406af8-c4a9-4d2d-9e30-e06f3da01c15,1800,144,1944
9f3b82bc-7ef2-4663-b2f9-1d9dce5f5bd3,27007e99-75c0-4708-bd7c-7d588972a823,2024-04-24 07:58:00,b3406af8-c4a9-4d2d-9e30-e06f3da01c15,500,40,540
027ae3a4-6305-4c7b-aa94-025917a4153b,5c34ed01-e5d5-4589-b968-4286a6b2c3cf,2024-04-24 07:48:00,b3406af8-c4a9-4d2d-9e30-e06f3da01c15,600,48,648
621b9523-19f1-4a8a-8175-bd8f724ce10d,c91e5309-b793-4fd2-9600-73bcf71a5d1b,2024-04-24 14:25:00,b3406af8-c4a9-4d2d-9e30-e06f3da01c15,600,48,648
59516620-d337-452e-b137-59d88826b155,f986eceb-8694-41cf-ae4c-2be2024e8781,2024-04-24 07:56:00,b3406af8-c4a9-4d2d-9e30-e06f3da01c15,700,56,756
76bdcce1-b6eb-48f2-9993-b59f877a9e80,0e12aa9f-f4e0-4e16-93b6-10b7083ca873,2024-04-24 14:38:00,b3406af8-c4a9-4d2d-9e30-e06f3da01c15,600,48,648
bf6446eb-abbe-46b2-b831-f64e17cfdbf5,d8af82e4-d55d-4cdb-bbd3-86bd96440e7a,2024-04-24 17:30:00,b3406af8-c4a9-4d2d-9e30-e06f3da01c15,1800,144,1944
2ee0612c-d12d-4129-bc9c-67bb89a0c2b1,b4d7bbaf-cc87-47f2-a964-1a64d7d18e19,2024-04-24 07:46:00,b3406af8-c4a9-4d2d-9e30-e06f3da01c15,600,48,648
8ba22c51-ccd7-41fb-a77a-f7ffd4925164,6e33e101-a26d-4b95-b7a0-e5a77ebc64dd,2024-04-24 08:20:00,b3406af8-c4a9-4d2d-9e30-e06f3da01c15,600,48,648
e65678c0-952d-491c-a056-5cee91e0ccec,25ca8a8e-9061-4213-96b1-6691e7a73e63,2024-04-24 14:20:00,b3406af8-c4a9-4d2d-9e30-e06f3da01c15,1000,80,1080
4dee8d4e-bd6f-44b0-a01e-5b72e7749708,4c529355-b86a-410a-bd67-d69a08e26469,2024-04-24 10:56:00,b3406af8-c4a9-4d2d-9e30-e06f3da01c15,400,32,432
45148914-31fd-47bd-a49c-6eda38b05b8c,e1850c0e-781b-4ab6-9df3-0574ffb34203,2024-04-24 07:56:00,b3406af8-c4a9-4d2d-9e30-e06f3da01c15,500,40,540
22a93d3c-4ff6-4de1-8583-d27236e022cb,ec153219-abcb-4073-8ea0-61706b75c2d4,2024-04-24 16:19:00,b3406af8-c4a9-4d2d-9e30-e06f3da01c15,1200,96,1296
a0ff61b9-0bad-43a2-96e0-cddd0a589d9e,f487f45c-143d-4d73-9d45-d6d9a100bafa,2024-04-24 08:08:00,b3406af8-c4a9-4d2d-9e30-e06f3da01c15,600,48,648
c435dba9-db05-4ec2-a196-f3fabece2ba2,abb9bca3-59ae-4a9f-b115-16c1c3bf57ef,2024-04-24 08:02:00,b3406af8-c4a9-4d2d-9e30-e06f3da01c15,400,32,432
726699d6-7d31-4675-9226-1ef93cd4c80d,e7cdd862-6c8e-4af5-91e8-e017767a279b,2024-04-24 09:42:00,b3406af8-c4a9-4d2d-9e30-e06f3da01c15,600,48,648
2285acbb-a97a-4a28-8cd8-bb20c7836f1a,a1932494-1e79-4f11-90d6-2c3d14b17ff9,2024-04-24 07:56:00,b3406af8-c4a9-4d2d-9e30-e06f3da01c15,500,40,540
424575a7-1d21-4f05-9153-323ffbc75c84,0a996dc6-ec23-473c-964f-78456fbcf5da,2024-04-24 08:04:00,b3406af8-c4a9-4d2d-9e30-e06f3da01c15,700,56,756
397c72cb-29b1-4c75-8b85-16106af2fb09,598e831c-2388-4cb6-9cf0-22e14fee9400,2024-04-24 14:53:00,b3406af8-c4a9-4d2d-9e30-e06f3da01c15,1100,88,1188
be0bb6fb-4c91-408d-8281-4200a045bd7a,09afb464-d131-423d-a7a7-10d3f6093399,2024-04-24 08:20:00,b3406af8-c4a9-4d2d-9e30-e06f3da01c15,700,56,756
2d0ee9a6-9dbd-40bd-95ce-56a7a681e2cc,43f6fd00-d1a6-4a98-91d2-7c8ed5145dff,2024-04-24 15:33:00,b3406af8-c4a9-4d2d-9e30-e06f3da01c15,600,48,648
f0f22961-0c89-4428-94b1-406b7f8c58bc,aa665be8-f1e3-4044-9620-f83b294f8b69,2024-04-24 14:33:00,b3406af8-c4a9-4d2d-9e30-e06f3da01c15,600,48,648
4ba0f53f-1ea7-470c-999b-d2d7ce2c7f97,30bb7b4b-20a7-4691-a3fc-4b196f282c03,2024-04-24 16:24:00,b3406af8-c4a9-4d2d-9e30-e06f3da01c15,1900,152,2052
9a631cb8-e26f-4e92-8f87-66f86d7aa623,96a08a67-3a4f-4c5f-a78b-79cc00ce235c,2024-04-24 07:46:00,b3406af8-c4a9-4d2d-9e30-e06f3da01c15,400,32,432
95c91fb6-97a6-46a7-b62c-04c6aff419d1,a1ad81da-9458-4b70-a0ef-c189af7d837c,2024-04-24 15:33:00,b3406af8-c4a9-4d2d-9e30-e06f3da01c15,500,40,540
87e883b4-1c45-42f2-91f0-cb8b3c600006,318d3c38-cc45-4e02-bc63-99141525c4f3,2024-04-24 08:59:00,b3406af8-c4a9-4d2d-9e30-e06f3da01c15,700,56,756
a9b654c0-fd56-4713-84c1-31670672c86f,0a0e52b6-cde9-4602-8769-b9c061d710b3,2024-04-24 12:14:00,b3406af8-c4a9-4d2d-9e30-e06f3da01c15,400,32,432
3d86ac1e-0ff4-49f9-b1f6-b5c1dbedb7ac,e0a6f2cd-e20c-413e-b17e-49ee6bd43cfa,2024-04-24 11:19:00,b3406af8-c4a9-4d2d-9e30-e06f3da01c15,600,48,648
d65841df-332a-43a7-a6ac-0b50e7ca016d,6f84ddb9-2ff6-47b8-a17c-3768afb7c1de,2024-04-24 16:19:00,b3406af8-c4a9-4d2d-9e30-e06f3da01c15,1800,144,1944
487f579c-aae6-43c6-9b7e-6172ee287513,03e63491-df23-46b5-aa4e-70612e0286c3,2024-04-24 08:51:00,b3406af8-c4a9-4d2d-9e30-e06f3da01c15,600,48,648
b537fba0-1cc6-48b0-8884-fd5ba52ae246,d475196e-cc63-4478-9e57-54e7709a0ca6,2024-04-24 13:22:00,b3406af8-c4a9-4d2d-9e30-e06f3da01c15,600,48,648
4f91f247-098a-48b5-96a1-c8cf332a69ac,f84d9433-99fb-4dc1-a7b4-ed28df01589c,2024-04-24 08:41:00,b3406af8-c4a9-4d2d-9e30-e06f3da01c15,700,56,756
87b8c52b-a7e7-4d68-9ece-abfa2f8725f1,89f23a88-e155-403c-81b7-74624a2a8b7c,2024-04-24 08:04:00,b3406af8-c4a9-4d2d-9e30-e06f3da01c15,500,40,540
e9f79eec-00d9-400e-8b72-c22f137e0d7b,6955924f-52b4-4a14-8a1a-4141c64f990f,2024-04-24 08:17:00,b3406af8-c4a9-4d2d-9e30-e06f3da01c15,500,40,540
8418a145-1881-45f4-ad3e-f0771811315d,3a34f173-2b77-44ba-92da-28e10ad98f0f,2024-04-24 13:34:00,b3406af8-c4a9-4d2d-9e30-e06f3da01c15,500,40,540
8d8a5498-423d-48ff-8c30-4499e2d4bef2,3ced9be5-34a5-4ecb-b0c6-0914d923f289,2024-04-24 08:03:00,b3406af8-c4a9-4d2d-9e30-e06f3da01c15,700,56,756
ed701549-ba9d-46dc-91b4-cdb8adf40eee,0f3e973c-42e0-4b6d-8940-db51a4fbdfaf,2024-04-24 08:45:00,b3406af8-c4a9-4d2d-9e30-e06f3da01c15,700,56,756
b92120b8-ba29-47cb-88f7-ad5012e4d7db,4a5e57dc-e244-4e0d-8e41-6c0deca10336,2024-04-24 08:10:00,b3406af8-c4a9-4d2d-9e30-e06f3da01c15,700,56,756
cf3eb9de-c2d3-4170-a8f3-53ae6831fc71,31a4ccea-3d90-4e67-a6f8-8d990cfffd1a,2024-04-24 07:07:00,b3406af8-c4a9-4d2d-9e30-e06f3da01c15,700,56,756
22f3e014-7c4c-4cfa-9022-cab87610d84c,86faf3a1-bcd6-4bd4-8900-ba8ed0ffe0f2,2024-04-24 07:18:00,b3406af8-c4a9-4d2d-9e30-e06f3da01c15,700,56,756
70cdb3b1-14f4-467c-ab68-71672049a8c3,a709f29f-6f8e-4f51-b1b6-0d7e99fe176a,2024-04-24 11:38:00,b3406af8-c4a9-4d2d-9e30-e06f3da01c15,1000,80,1080
d20dc7c1-71cb-4f2d-8cc2-f78c518ef82f,177823f1-7955-4fbe-86f9-a65e856a3ca3,2024-04-24 11:49:00,b3406af8-c4a9-4d2d-9e30-e06f3da01c15,600,48,648
559ea6d1-9e69-4856-b045-b999e922f399,50823f14-a532-448f-a310-02980e02795d,2024-04-24 17:55:00,b3406af8-c4a9-4d2d-9e30-e06f3da01c15,400,32,432
69a10894-da94-45a2-8780-0940a90261b7,87f0edf1-082f-460b-bc4f-9e72db2598ec,2024-04-24 07:00:00,b3406af8-c4a9-4d2d-9e30-e06f3da01c15,400,32,432
e561994a-fc57-4b01-868b-93c0cdb0309e,44a1345c-83cd-4105-bc81-eb61a59948bc,2024-04-24 08:10:00,b3406af8-c4a9-4d2d-9e30-e06f3da01c15,500,40,540
33064ebc-7ec1-4f3d-83e8-d9ff4ec2b9fc,abd96f0c-1f71-4940-b799-0029d8748822,2024-04-24 07:36:00,b3406af8-c4a9-4d2d-9e30-e06f3da01c15,600,48,648
309cf305-5281-4e99-a2eb-dac403111dfa,5f9b70bf-6872-4382-8d21-99901b648a96,2024-04-24 15:15:00,b3406af8-c4a9-4d2d-9e30-e06f3da01c15,500,40,540
57b2203c-0fc2-4978-9d06-e652aca6260d,c404f93f-22ca-4704-b231-83c13bb26a63,2024-04-24 13:14:00,b3406af8-c4a9-4d2d-9e30-e06f3da01c15,1100,88,1188
834fbae6-1254-4201-b2e5-eccb434577ee,4fc91ffd-8a4a-40c0-bd26-2d6d00721265,2024-04-24 12:42:00,b3406af8-c4a9-4d2d-9e30-e06f3da01c15,2300,184,2484
09e1f8c1-90ee-4d1e-b12c-9a7c55dfa02a,c26ac399-6c40-4f9c-8b03-1ec608843dee,2024-04-24 07:44:00,b3406af8-c4a9-4d2d-9e30-e06f3da01c15,700,56,756
1bf8f2f7-483e-429f-9b87-931931b6a1bd,9b2b7eb4-41b1-4bd2-85fd-8a53ff3daf67,2024-04-24 12:40:00,b3406af8-c4a9-4d2d-9e30-e06f3da01c15,1800,144,1944
98906894-24a0-4bd9-bde3-43fa94d7bc34,41d3c1c8-55d5-47f3-9b6b-15af76bc1687,2024-04-24 10:12:00,b3406af8-c4a9-4d2d-9e30-e06f3da01c15,700,56,756
209a8e62-3034-4335-9e13-0052c2ba3579,4190f662-1219-4f03-803f-413f95e73ac8,2024-04-24 14:53:00,b3406af8-c4a9-4d2d-9e30-e06f3da01c15,2000,160,2160
026700e9-43a9-4c11-a7a5-7356bf983c35,0e9616a6-6c31-4010-812b-329c8f7b4853,2024-04-24 13:46:00,b3406af8-c4a9-4d2d-9e30-e06f3da01c15,1900,152,2052
dd8fa798-c44c-493e-8dd0-ec16a93bde99,e035ac52-ddc6-40b9-8ff0-323f85959735,2024-04-24 16:51:00,b3406af8-c4a9-4d2d-9e30-e06f3da01c15,600,48,648
3e65612d-c68d-40cd-b53b-3de44dfdb356,a8998506-bf65-496e-b0cd-f9f69e104054,2024-04-24 10:33:00,b3406af8-c4a9-4d2d-9e30-e06f3da01c15,600,48,648
f76825f1-0a9b-4395-a8ee-f7a9106dcfda,d95f31c5-538e-45b8-b561-b1a13cdfef1e,2024-04-24 09:10:00,b3406af8-c4a9-4d2d-9e30-e06f3da01c15,600,48,648
e5ba6755-ea8a-485f-8a7a-6320f2181a4d,d593cb3f-5c32-4ae8-b090-2b2d6cc364e0,2024-04-24 08:03:00,b3406af8-c4a9-4d2d-9e30-e06f3da01c15,400,32,432
eb537b21-eab7-4054-9398-e27badffcd59,b9c12e8c-8d2a-43d5-a79a-29aeb082c72a,2024-04-24 13:38:00,b3406af8-c4a9-4d2d-9e30-e06f3da01c15,3800,304,4104
a21762cb-7a34-4de3-9248-c516642a60e9,722c012f-efd2-49d0-8fd3-047157c22e79,2024-04-24 08:49:00,b3406af8-c4a9-4d2d-9e30-e06f3da01c15,600,48,648
1ce67856-d581-4e8b-9712-21f2a09f2a71,5096dc25-d8a1-44a1-a629-f07365c1878a,2024-04-24 17:10:00,b3406af8-c4a9-4d2d-9e30-e06f3da01c15,500,40,540
b4c722bc-7044-4153-af54-583c104e350b,8db6beac-c887-48a0-a243-51364c4b54e5,2024-04-24 18:23:00,b3406af8-c4a9-4d2d-9e30-e06f3da01c15,600,48,648
3cdb45a2-e363-4c7d-bb79-1c150a331df0,6acbf0ba-f1c3-49cc-963a-d0c2f7c4d8f5,2024-04-24 07:30:00,b3406af8-c4a9-4d2d-9e30-e06f3da01c15,700,56,756
c188fcd1-f614-432d-8ded-aee1e713f136,48cd3500-f9c1-471b-9786-fc1d6b7dfb2b,2024-04-24 17:18:00,b3406af8-c4a9-4d2d-9e30-e06f3da01c15,1800,144,1944
0ba320e8-41a8-493d-97b1-d24468d6a045,2a47cf71-066f-4856-941a-0dcedb495e25,2024-04-24 08:03:00,b3406af8-c4a9-4d2d-9e30-e06f3da01c15,700,56,756
e3c69775-ed89-4253-9f93-0371c4897404,709e1ebc-a13e-4513-af01-7be3db5969f0,2024-04-24 10:52:00,b3406af8-c4a9-4d2d-9e30-e06f3da01c15,600,48,648
95fb4f1b-dca9-4451-8f76-bfe2e5b78753,dfcbcca6-3b8b-4b74-8b8a-35d542b61bea,2024-04-24 07:00:00,b3406af8-c4a9-4d2d-9e30-e06f3da01c15,600,48,648
a9bddbb3-28a2-431d-8ce1-88f49b3afd7b,0f4147c7-27df-466b-b6c1-340e584759a8,2024-04-24 09:29:00,b3406af8-c4a9-4d2d-9e30-e06f3da01c15,1900,152,2052
57735f5a-a7be-4c0d-b985-262ee756c130,3e0bfbc5-de9c-4029-9e07-9abf3ea45e78,2024-04-24 07:36:00,b3406af8-c4a9-4d2d-9e30-e06f3da01c15,600,48,648
ec75a5b9-0f7c-4282-8be7-74f8d13f54a9,565b67c6-951e-4d74-b047-1adf6fc2575c,2024-04-24 14:49:00,b3406af8-c4a9-4d2d-9e30-e06f3da01c15,800,64,864
c8d42cad-fbde-4847-807b-330d4eb40066,19f5d8a1-6ea7-4cf1-a579-6255b6bfe1a2,2024-04-24 15:24:00,b3406af8-c4a9-4d2d-9e30-e06f3da01c15,1200,96,1296
d666e8b0-05ed-4361-a67d-bed3ac0e1db8,5f7050b5-70b0-4e68-87ca-3057e2b22fec,2024-04-24 07:55:00,b3406af8-c4a9-4d2d-9e30-e06f3da01c15,500,40,540
9f1be822-875c-4806-9e05-e7e17461d9b9,69f7975c-4dc8-44dc-a8cd-1ada09c809f4,2024-04-24 07:00:00,b3406af8-c4a9-4d2d-9e30-e06f3da01c15,500,40,540
2d3a269b-f900-4387-bef0-3cd9ee69cede,93437d2a-3844-4289-b40d-fddae4789e9f,2024-04-24 08:01:00,b3406af8-c4a9-4d2d-9e30-e06f3da01c15,600,48,648
ebf0c197-4554-4acf-9510-74bf4d3f25d3,96f755ed-3cd7-4c7a-a270-c8decb7e333c,2024-04-24 08:25:00,b3406af8-c4a9-4d2d-9e30-e06f3da01c15,500,40,540
8dfcb145-b736-4108-bce5-1bdddfe458c9,5426db7a-b305-431e-981b-30fb5a510434,2024-04-24 07:43:00,b3406af8-c4a9-4d2d-9e30-e06f3da01c15,600,48,648
a0ec9a17-f666-4578-8bb0-6b2e4989ff51,783a4c82-83fb-4f38-8f75-4a7e4824221c,2024-04-24 17:18:00,b3406af8-c4a9-4d2d-9e30-e06f3da01c15,1600,128,1728
40972726-ee2a-4360-bdf5-b370b88cd14e,679485b7-5dd6-41b6-b898-8ef7079bc93a,2024-04-24 13:33:00,b3406af8-c4a9-4d2d-9e30-e06f3da01c15,1800,144,1944
001be523-5eba-46fc-a8b4-4b72429d259e,6abd1eaa-ddec-4830-9213-0c88cbf37819,2024-04-24 08:04:00,b3406af8-c4a9-4d2d-9e30-e06f3da01c15,400,32,432
bce403b7-6f03-40b7-89cb-3b1456f3679b,da5f74ed-37ae-4e24-a565-e28f636b84c1,2024-04-24 08:33:00,b3406af8-c4a9-4d2d-9e30-e06f3da01c15,600,48,648
04edcb62-d2a2-4622-9c24-675ae0d65a94,15842696-4fc9-4c29-9996-308a244bddf6,2024-04-24 15:21:00,b3406af8-c4a9-4d2d-9e30-e06f3da01c15,3200,256,3456
bb00521a-f64f-48d9-b5ab-f2e2aa59cf82,6541cefd-735f-4fc9-836f-dbc22255ad85,2024-04-24 17:36:00,b3406af8-c4a9-4d2d-9e30-e06f3da01c15,600,48,648
5898deb7-9bc8-484d-b612-f51c4b47d0e8,f2c43620-2285-47a4-9419-0fb60eb8d25a,2024-04-24 08:04:00,b3406af8-c4a9-4d2d-9e30-e06f3da01c15,700,56,756
3933d558-2f0d-4c28-808b-6cc9af2ee4ee,3bd451ff-c133-4697-ac9d-1dfee63011f5,2024-04-24 09:46:00,b3406af8-c4a9-4d2d-9e30-e06f3da01c15,2300,184,2484
6081792f-381b-48d2-8785-90104b75bc2f,780dac38-0863-491a-b46d-bc3cd528c1e4,2024-04-24 07:44:00,b3406af8-c4a9-4d2d-9e30-e06f3da01c15,500,40,540
45dadab8-c264-45d8-b27f-c943a4803a14,2a2621d7-3929-4b01-ba9c-c91bc485bd78,2024-04-24 07:12:00,b3406af8-c4a9-4d2d-9e30-e06f3da01c15,1200,96,1296
8b037b19-25f4-4f27-af64-b600f230b208,4c25cfbb-7971-47e1-be1f-7a5110941d8e,2024-04-24 14:56:00,b3406af8-c4a9-4d2d-9e30-e06f3da01c15,1500,120,1620
55e34a95-11fd-47db-ab32-17eefeda3632,f0ef0634-7b1f-4088-9657-9ad991d04f64,2024-04-24 07:45:00,b3406af8-c4a9-4d2d-9e30-e06f3da01c15,600,48,648
1b590e9b-e863-4b4d-8445-68e142b252f0,b5b8ba14-c913-48ca-8f53-c0634b770bc5,2024-04-24 08:03:00,b3406af8-c4a9-4d2d-9e30-e06f3da01c15,400,32,432
f21d4783-5dd3-4fed-977a-fae3f89cb73e,4c1b1465-1124-4da0-a845-304ff87d7b80,2024-04-24 13:33:00,b3406af8-c4a9-4d2d-9e30-e06f3da01c15,500,40,540
67b4d224-2ed9-4945-8e1d-198001ae1e3e,7c0b728c-03b2-4074-97b0-820e04f72bc1,2024-04-24 13:11:00,b3406af8-c4a9-4d2d-9e30-e06f3da01c15,400,32,432
d0bbb8fe-e6b5-40a2-b3e9-c5d9e79396fc,df944cfd-9e28-4a8b-8d3d-71140900f498,2024-04-24 14:30:00,b3406af8-c4a9-4d2d-9e30-e06f3da01c15,1300,104,1404
111eeedd-5d72-4c95-8266-d569d5565b93,75c09e8f-8645-4c9f-ac93-1699443c14cb,2024-04-24 07:07:00,b3406af8-c4a9-4d2d-9e30-e06f3da01c15,600,48,648
db102165-e981-4557-a388-947d5bfd675e,a1e6e5bf-8ffb-4a1f-a18f-6e7377165ccc,2024-04-24 14:29:00,b3406af8-c4a9-4d2d-9e30-e06f3da01c15,500,40,540
5de6c8f5-4d43-4e90-ae1c-db36ce5f901e,dde07e03-7642-4680-83ea-1d2d9c20a749,2024-04-24 11:11:00,b3406af8-c4a9-4d2d-9e30-e06f3da01c15,600,48,648
22220440-9053-4e6e-881c-840e9c25caef,be28b3ee-678e-4706-8265-7912b58409ca,2024-04-24 12:41:00,b3406af8-c4a9-4d2d-9e30-e06f3da01c15,700,56,756
06ebfa62-f269-46e8-8ac0-bf6fd6229436,a42a919b-7c2d-4e5a-b76f-048d8f425f48,2024-04-24 17:38:00,b3406af8-c4a9-4d2d-9e30-e06f3da01c15,500,40,540
c3f73f96-865a-450f-91c0-c418eebafa5e,ef0ff021-ea9a-4f5a-89ca-9605d5694b86,2024-04-24 16:37:00,b3406af8-c4a9-4d2d-9e30-e06f3da01c15,1900,152,2052
5b824037-d6b4-495a-adea-a00d4f65c5fd,ce0a5720-9060-41a3-87ed-6c94ade8161b,2024-04-24 13:56:00,b3406af8-c4a9-4d2d-9e30-e06f3da01c15,400,32,432
9438ac28-593a-4407-9740-fb4c36c635db,9fb4a20c-205f-4b24-9b1b-e9cf352df13c,2024-04-24 16:37:00,b3406af8-c4a9-4d2d-9e30-e06f3da01c15,1800,144,1944
8fdc2c49-9b90-40d4-8d37-42de4af617fd,e64930bf-9aea-452b-9770-6d9ab8e75b98,2024-04-24 08:49:00,b3406af8-c4a9-4d2d-9e30-e06f3da01c15,700,56,756
992d4827-1219-4a6d-a6b1-fa251a7bfd78,89beb553-07d8-468a-afb8-475cddc32a77,2024-04-24 08:28:00,b3406af8-c4a9-4d2d-9e30-e06f3da01c15,400,32,432
f7610822-563f-47f8-bf25-7d61d330f45d,c506b71a-787f-4a35-87ed-45c7f1b1d01d,2024-04-24 16:40:00,b3406af8-c4a9-4d2d-9e30-e06f3da01c15,1800,144,1944
27a29069-267c-41a1-bca3-ef8bf85cfa54,6f62631e-1d5a-4f8f-8e63-0a0f41dbd8ee,2024-04-24 07:00:00,b3406af8-c4a9-4d2d-9e30-e06f3da01c15,500,40,540
f75a2efc-fab3-40b0-9417-060a2f26b497,e719b42e-3376-4371-b1b6-b4fdccad5115,2024-04-24 15:27:00,b3406af8-c4a9-4d2d-9e30-e06f3da01c15,1200,96,1296
2243cc2b-5dfe-4fbb-bd45-b41ee6e986be,ff5a232b-ee8b-4ca2-96b1-ef1650c72b1a,2024-04-24 08:01:00,b3406af8-c4a9-4d2d-9e30-e06f3da01c15,500,40,540
1496b81d-435e-42c0-86bc-e7616a59717a,5f6dc068-c7a6-4b9f-8f6b-cc0a2c0f5920,2024-04-24 07:40:00,b3406af8-c4a9-4d2d-9e30-e06f3da01c15,600,48,648
eec346e0-9b48-41ee-8b66-dbe84ef6191c,e5a9b9ac-c173-44e3-bd7b-273f20532544,2024-04-24 12:02:00,b3406af8-c4a9-4d2d-9e30-e06f3da01c15,400,32,432
aa47a69f-63c4-428f-a352-13f3cb2bf79a,d4eac3ba-2779-4b21-99f2-198fba33f339,2024-04-24 12:14:00,b3406af8-c4a9-4d2d-9e30-e06f3da01c15,1300,104,1404
3e581800-f5c6-40b8-b48b-e64ff9e8e8a9,4b4d226b-43b8-4ab9-b8c9-0ff707cf3862,2024-04-24 11:41:00,b3406af8-c4a9-4d2d-9e30-e06f3da01c15,0,0,0
4bb68f72-67b2-4aa7-a521-e278f7d70382,fa9e8c55-3724-43ef-bc87-cd18cf46c453,2024-04-24 07:59:00,b3406af8-c4a9-4d2d-9e30-e06f3da01c15,400,32,432
ab2c5aaa-0b2d-490a-bb41-698741a48032,063e0a0b-9da6-413a-9759-065854e5f48f,2024-04-24 16:24:00,b3406af8-c4a9-4d2d-9e30-e06f3da01c15,1700,136,1836
9903d923-2d4d-4234-aad0-ed5a120d96cf,81d151e6-2213-44c8-b3f8-3c92ca5f9d6f,2024-04-24 13:39:00,b3406af8-c4a9-4d2d-9e30-e06f3da01c15,1800,144,1944
92dcfc98-0cb1-4057-ba99-99aecd02ba32,250a707f-0648-4114-aed3-fc271fbdae6e,2024-04-24 08:07:00,b3406af8-c4a9-4d2d-9e30-e06f3da01c15,600,48,648
15bcab26-5fd3-4c3c-a58c-20a5cec1c1a3,38fd0df9-b14a-469c-b91c-66b120a207cc,2024-04-24 10:37:00,b3406af8-c4a9-4d2d-9e30-e06f3da01c15,3100,248,3348
276c3028-bab9-4089-9e6e-18cbc9a46700,0709c8a9-a54b-4f66-94c2-ba1671a61c01,2024-04-24 16:06:00,b3406af8-c4a9-4d2d-9e30-e06f3da01c15,1700,136,1836
