ID,ORDER_ID,SKU,QUANTITY,PRICE
95d50e60-0737-4a21-99f9-589f7b48a76e,c631364b-f428-4268-9a33-6f4994731fff,BEV-005,2,360.3
6edb5b36-34e0-46e4-8ff6-2644832e5e55,51e5947a-c36a-4dcf-bb7b-9383f7591130,BEV-003,4,991.17
50552e8f-b0e7-439f-99dc-1ccd438549c0,108e6ab9-15fc-49f5-86bc-8e71b1c08ffd,BEV-005,7,756.1
36245625-5502-4ff1-bb03-23792ed1e9c9,8be2f4f2-6c13-4bd3-a307-fe848068b76e,BEV-005,5,263.66
79a26744-013c-4046-98ce-ebfc558e1b73,8be2f4f2-6c13-4bd3-a307-fe848068b76e,BEV-001,5,155.46
ee024c82-2b8d-4358-a431-52d969ea44ae,8be2f4f2-6c13-4bd3-a307-fe848068b76e,JAF-003,3,181.97
19a496b0-b580-4eb1-83bb-b76214127084,3639902a-b792-46ae-8053-f626815795f8,BEV-005,7,817.56
1d122c27-c051-41a3-9e49-7d562a87b3c5,ea23a678-51eb-4ae2-81f7-e7859cba5484,BEV-002,1,278.58
6c6b1751-5752-4335-96c4-a7dc6b5dccee,f87f10ba-bd3e-4720-bd9b-e365cb3bcf49,BEV-002,9,546.87
2fd82b55-ae88-4156-a9ff-ff0c27a86ca2,bf7992c3-7262-457f-9639-9f196d17eccc,BEV-003,1,417.99
f5e937ca-0a9a-4ff3-abc9-85b7d0204488,9dd6a02f-7083-4fcb-a8b2-1dadc2186227,BEV-001,5,87.28
e871432c-2d78-4d84-a8a7-2fd25e1765a2,3ac9d270-7eba-4842-a50d-4b7a93c33083,BEV-002,6,470.45
bc080d57-ab7c-49d3-b780-39eded5e3bde,0f936632-7081-4fc6-84a6-b63cf3cb2e03,BEV-002,1,170.26
f88e8b2e-8638-4c4a-b3d8-0159f0767ecd,55484785-0ed3-4129-8565-e8c85b9e4843,BEV-004,7,103.27
89ad0488-35a1-4895-a102-47f65495485a,55484785-0ed3-4129-8565-e8c85b9e4843,BEV-003,1,61.95
28b523bd-a85f-404e-880d-c67ff0c00abf,55484785-0ed3-4129-8565-e8c85b9e4843,JAF-001,7,777.73
807e13a2-da18-40fb-85a5-9d535e4eeaa3,e4cc4e2f-1c1a-4b89-8ca4-9d628d0709e2,BEV-004,1,386.67
d4eac033-ff20-4d8a-94eb-e1a6aab278bb,e4cc4e2f-1c1a-4b89-8ca4-9d628d0709e2,BEV-001,3,117.24
3c66627f-1413-459c-bfb8-4d854bd1c8d0,d7539ff0-eaad-47f9-a32e-e66bf0507f61,BEV-005,6,187.44
df1efe39-7f09-4ad2-a621-4d53607c487e,f5bcc88c-28ab-4452-bc94-dd30df7093fb,BEV-003,3,564.63
1050f145-dc67-4d72-a687-a2bd5e7b0779,472777fa-7073-46db-ba09-ee28fdfc3651,BEV-003,6,103.53
e24db32c-3bd7-4186-a26e-b0b51bedb03a,472777fa-7073-46db-ba09-ee28fdfc3651,BEV-002,1,391.42
bb288838-01fb-47b2-8e18-2fc7c79e8695,7facc6e8-fd2c-4a3d-9ffc-deb0acb8a7e4,BEV-005,8,783.17
9b9a69d7-dc19-474d-9ea8-85ca2f71f807,e0f4616d-ad53-4cf9-97c3-fa00377b0fe8,BEV-005,6,388.25
dccf79da-33f2-4e4c-8862-fc2e92f10850,f690786c-346a-4d4e-a353-27a2cc033279,BEV-004,3,728.67
263eff33-ca66-4eaf-9ac0-4f3f8c49f347,f690786c-346a-4d4e-a353-27a2cc033279,JAF-005,4,373.5
178b3e03-27e3-42c8-8006-16c9cf5143e3,a64a9940-d342-4877-aa71-02a15211232f,BEV-002,9,411.01
8e309074-a30d-4d98-937e-150bc4c5107a,ab990e99-ce8a-4743-803f-04b2482ee955,BEV-004,5,441.73
6a61ef0e-35e4-4434-8113-c40539bd889f,d278a40b-5e4f-4331-97cb-b57b5ee6407a,BEV-004,10,896.1
78ed80c6-26e1-449e-9600-bd48ba5fe39f,5e25447b-5e77-4c09-9699-933481f8187e,BEV-005,4,788.83
f04da217-f3a3-4cf9-bebc-633b1d099c2e,9db2257a-aa60-467b-a775-cc0cf1893d7a,BEV-003,1,155.34
fb62fff7-8006-4bf8-8f0b-8a337ff7c12e,5f3fb90a-1fff-4d62-bc55-15da0dbf9783,BEV-005,8,998.21
1753b066-6171-4324-b288-e4161ce07c85,ed87764e-5cdc-4c29-942d-7e8d9c16e6d8,BEV-005,6,841.81
d640aef3-e9da-45b4-9960-63edfc3a453e,635198d9-6cc5-434f-8996-341fef62ea58,BEV-003,8,629.82
37502ef6-dad9-457c-b2aa-226d10ab4500,94fcf282-d73b-4305-b0fc-0faeaec518c2,BEV-004,3,119.13
ad49b0aa-998a-4b86-8826-0878aa48490a,60dfb7d9-0596-4b55-ac77-293f6684b03f,BEV-001,9,184.89
9ed137b1-8775-4e7d-b958-c28fbc7c7a39,828b4194-af4e-401c-81b5-3236ad2845af,BEV-004,8,788.56
951ac756-623a-4521-8c1d-117d2bc0fe32,cbe6ca41-819e-48e8-9180-9b451c9b73dd,BEV-003,10,114.93
03b861ef-2041-4bc7-b9ae-c4c0942ab26b,fc5bb943-c2f3-4c52-bdf3-f9f8fe4aa987,BEV-001,6,138.18
61939766-6b58-4986-857f-94253f436ceb,fc5bb943-c2f3-4c52-bdf3-f9f8fe4aa987,JAF-003,6,303.63
5ee85ad1-51e7-41e2-9c93-8fac0fa70baf,c2e6fd0f-c674-448f-8759-c8ca079ba2f4,BEV-004,3,541.03
ff58892a-e347-4a59-bda4-f817854e2474,33f62dba-bbfa-412d-a418-634889f29580,BEV-005,9,996.5
c239b28d-619a-4cc5-a44d-d0e768f75c63,33f62dba-bbfa-412d-a418-634889f29580,JAF-005,8,295.13
7b793534-e2cb-4801-acf1-268438d87ce9,3464bba1-2512-46b2-86d2-a913da807d99,BEV-001,6,915.96
02b0eeed-ebf9-4867-a887-bb439ede1005,0bf8fd42-f4d0-4a14-9e11-23d1cc610853,BEV-002,10,574.66
88626804-28e3-4097-9d4b-220f7ad1da26,73844c1d-783f-462d-8a5c-80e3da3403a4,BEV-004,6,115.65
27f57301-a943-49ed-b926-7db25ad5c4e0,63af7d59-5491-4657-b699-bfd43eacfc4f,BEV-002,4,914.23
f34c7372-bd73-4a24-abf5-a9fa8de0cc1d,63af7d59-5491-4657-b699-bfd43eacfc4f,JAF-003,3,854.79
d1735f14-c60e-429a-99a0-7bde55f12e37,12f59be7-30df-4796-9c0d-07d5630c40ed,BEV-004,10,969.28
e1845466-22b3-4f2d-b8c9-f94741d0c3a4,12f59be7-30df-4796-9c0d-07d5630c40ed,BEV-001,6,805.76
a3b4ae8e-62db-49fd-8a0a-4ca4bd13c94f,97cf1803-ee7c-4375-b3ae-077b39c8c05a,BEV-001,3,575.48
191b54a1-fe33-41f2-986d-067868ab4d87,d3cfaf24-9ecc-4a73-95b1-805bcb14e173,BEV-001,9,665.53
70df1468-19a9-4937-813e-e95515950468,d3cfaf24-9ecc-4a73-95b1-805bcb14e173,JAF-004,3,66.47
9bc02ce9-1ef7-4227-a617-dbc3d93fc703,3e017f8b-8e78-4e77-81d2-c5c8491f6785,BEV-001,8,543.65
261c68ae-491c-46a2-b4b5-b5e43246aac2,ac3045e3-749f-40ff-a1ee-39d1e9dda58f,BEV-004,9,566.04
89f6de2a-4571-466e-b327-dd86f2e0ea2c,7f91d068-6c3d-42fc-9d9e-11303158b034,BEV-001,1,510.4
844e14c7-707c-401c-940b-507a66630cef,cb46b64c-ef90-4910-ab54-0b179e679917,BEV-005,5,901.18
11b2f47d-1d06-45c7-aa32-691433c29e84,cb46b64c-ef90-4910-ab54-0b179e679917,BEV-002,10,23.01
5fcf414a-3af3-4d42-a782-5843d8435262,9325f114-6fcc-485e-8fab-18ceb1375292,BEV-002,2,71.0
c9ca615d-94da-4999-8807-62742ac1b2e4,c6bff606-bb2d-4ad5-be06-5a43909a6f49,BEV-002,10,102.8
1ee50d92-ccaf-4d9b-aa6b-2bfcb9cf567b,c6bff606-bb2d-4ad5-be06-5a43909a6f49,BEV-002,10,533.55
5e43a7ad-ad57-4657-a197-ef9523567132,2ee8e660-1590-4381-9cb3-68fa7b11721a,BEV-001,5,122.18
3439587c-e54c-421b-9f8a-95ee81e37a51,555ac79d-fe71-47fc-8b39-8ec8b0aec51a,BEV-005,2,409.93
de671186-a7d1-4eda-9f3a-f38b7b6356fb,555ac79d-fe71-47fc-8b39-8ec8b0aec51a,JAF-003,10,360.07
43a48725-e489-4fec-b2d4-da5496d02abf,2dfc8e46-e677-467d-8c82-121bb0c6ee59,BEV-005,8,604.25
06fc733e-f650-4635-9c3f-d512f43a79a2,2dfc8e46-e677-467d-8c82-121bb0c6ee59,JAF-005,9,108.66
c28b879f-50dc-42a0-9211-b7ea7017a450,aa171c1a-602b-44ca-ad87-ac6fa2ff179e,BEV-002,6,550.76
6a1771df-3bc0-4f4a-84e7-faa4aa975ea1,5e764449-9580-4453-86ce-f7cad40afe77,BEV-001,8,263.3
53522916-5148-4bd0-9d4a-b67cf15d8eb9,6909fee1-b65c-44fc-b50a-4e13d36e521e,BEV-005,4,546.07
39c2fcef-10d2-4dff-8688-96f4f0c220ba,024fd9d4-08b7-4972-831b-544c5a1285e6,BEV-003,1,497.48
9e47767b-af5b-493f-967a-a2006b6e56f9,024fd9d4-08b7-4972-831b-544c5a1285e6,JAF-004,1,833.84
e58465a8-ec64-42fc-a918-27623e477622,ac841d1e-106f-42e4-8693-cd62ca0235bb,BEV-002,9,434.19
dd345c73-889f-4f12-9e7a-e885a86e060a,6ec14529-43c1-46bd-8aa2-35aa1f8c8ae8,BEV-001,10,731.04
ab73f98b-f441-486b-bfc5-33553c4942a0,3d6f96b0-9cf8-432a-83a5-3fc96bc6db72,BEV-002,10,175.41
24ac87d6-a482-4578-bab7-4a2b38b3dc0c,3d6f96b0-9cf8-432a-83a5-3fc96bc6db72,BEV-003,4,764.43
4914b69d-9bf2-4541-9277-3be1ed12c004,9f8b582b-3144-4414-9645-c04b247bec89,BEV-005,5,49.56
b7c4540d-e726-473d-b1df-c9771e47512f,67bd70c4-b5f2-4058-b177-f2882780cf8d,BEV-005,2,414.55
96718afa-c679-4ce1-82fc-17815adb7d89,d9e439bc-1eea-4ba4-8ca1-ec1bec1f17f9,BEV-001,3,615.26
26bfc2b6-b6a1-41fb-b12f-261718cdc724,b726739b-7637-4c69-8645-e700b707e810,BEV-003,10,780.64
c974d96d-dfb6-4236-b343-c7b1d4f2191c,8faddcde-1296-4fc2-a381-b3d3b395face,BEV-003,9,356.04
da3bb26e-028e-48e1-ba0f-e63b5a04397a,8faddcde-1296-4fc2-a381-b3d3b395face,JAF-005,9,762.37
71a3ff96-38df-4870-8162-a4896788644d,452528d0-062d-4e38-90a3-99d5a707d6e8,BEV-005,8,195.51
586d90e2-2615-497a-8c27-27577817f2c7,abedb709-ae89-4ae8-8222-3cc0658d6346,BEV-002,3,835.61
69a089d6-fc9e-49ae-a4ab-1dbdeee32137,308df857-4db1-4d24-a8b8-6e7fe1c259bc,BEV-005,4,505.68
baec29f1-f062-4494-afb5-02d43c3f8f6b,f6096d05-4022-4726-a6a5-6898516ed422,BEV-004,9,996.73
4646b266-48cd-41d6-acb8-22a7bfce5e68,103ecb13-7f6c-4303-ad19-f996201cff7e,BEV-004,4,895.26
46c7ef05-96bf-4ceb-ba2a-56a2cbab58f9,1a55c36a-3a3b-43c4-bbb6-78e4e7d49431,BEV-003,9,823.47
16ba2c16-9c0c-43e6-9e5f-089c8db4143a,52aa73a0-c919-4941-9cf7-7f3ce27ad733,BEV-003,6,837.07
c0f729a6-0f25-4cb2-ac99-6be33f9c9984,52aa73a0-c919-4941-9cf7-7f3ce27ad733,BEV-004,2,535.12
9d24b4ae-d93b-4346-94f4-1a8bfefbcb2c,8a323ce2-f3d5-4a83-b35e-aecc2bf23840,BEV-005,6,694.22
2f6c871b-3b8d-4349-af8a-6a29bd0d4f2d,8a323ce2-f3d5-4a83-b35e-aecc2bf23840,BEV-001,9,560.98
b4023d8b-7095-4adb-9146-679ef07e9e35,5368bba9-d18a-488a-8920-9c7be8ea2a0e,BEV-003,2,11.57
ee9f55b3-c4b6-4891-92cf-49d4f4de4253,c9a8cac0-d868-4afd-b6cb-5a3a1749ffe9,BEV-001,4,144.21
1a471983-2932-478a-80dd-247acdd3642c,391e599f-bbd5-493b-899d-ebdc19565746,BEV-003,10,618.97
2d14e9e7-b2f1-4987-beaa-71aad940f9ea,b0a5c1fe-5ed0-4e8c-9f78-75c488152eb6,BEV-004,10,724.89
d72bbe7c-bfd4-43bf-a774-9968b89c92d7,04a6b002-2bd0-47fb-aa9d-04f734475ca6,BEV-001,6,499.47
19665140-4f25-45ab-9014-6aaf0a93b364,d7aa521d-8452-4976-ab86-8d70e004dfb0,BEV-003,8,913.12
57d74810-4373-4326-a52f-98a5ea1f0047,a61df1a8-19f0-45ed-b895-6a75dda96732,BEV-001,2,229.68
4556f856-61e2-42f3-9a12-6f633197381e,ea694330-2dd2-437b-b1f7-9eaa1b4ee89a,BEV-002,2,188.06
bc2c2879-f101-4098-b0cd-b69695ba15b0,95d11c65-a309-4a36-b0f5-78ae0bd4b168,BEV-002,10,510.41
08cde06d-c4fd-468c-b56b-9dc86c0a68bf,1b7be10d-bde5-4171-b90a-eb0136d453fe,BEV-004,10,987.54
f77a70a8-77dd-40bb-8bed-29bb33dfdbd8,082ad618-dcf6-4fc4-9310-3d8951f5ea45,BEV-001,1,375.81
6b640513-b656-4512-b660-38393afd43bf,0fd920bb-990b-4460-96a9-621576be1eac,BEV-005,7,199.61
127b5332-c151-4368-bf69-e2b2f008df14,4aec4b15-90a1-49ee-a551-2bbf2ef55f33,BEV-001,10,44.72
a68bd748-0b0d-414e-8a8a-51dfd3a8ae86,d6c2ba43-6ef8-408c-8034-0e2c4af4da64,BEV-001,9,904.35
fcb77b92-deb6-46ee-9a15-540db181f30b,d6c2ba43-6ef8-408c-8034-0e2c4af4da64,JAF-004,8,824.38
ffe3e311-741e-43ee-b147-1d7c352af0e1,d6c2ba43-6ef8-408c-8034-0e2c4af4da64,JAF-004,6,957.49
93696b92-eaa9-47df-a465-6d7207d4bb7d,5184042e-fe13-40c3-aeb6-d71e2cfc9302,BEV-002,9,804.55
6b60f145-936b-4ccb-96b6-c416b23de13d,5184042e-fe13-40c3-aeb6-d71e2cfc9302,BEV-005,8,528.83
5ca71bfb-405c-45e7-9ef9-7a64e9d39f20,5184042e-fe13-40c3-aeb6-d71e2cfc9302,JAF-003,2,632.01
fa75ce3f-dcb4-4a43-9d6e-13f6df484c5a,4107871e-fcf8-46e2-b7a5-b7be6acbdb66,BEV-001,1,349.92
6e444152-1332-422a-9c60-a75c9fbbe5fb,c2a2b042-edf6-4c55-bd61-5e683646e80c,BEV-002,9,942.45
08241fc1-53b1-48dd-b827-1c9c17ab268a,2509839d-5e9f-4d5e-ae3d-0380d22ea3b6,BEV-001,2,138.57
cc181036-824a-4dc4-8c21-275a7b8f19a2,2509839d-5e9f-4d5e-ae3d-0380d22ea3b6,BEV-004,8,198.96
f58134a6-6415-46f0-8d0a-de29e3ffb6ad,619a7100-a572-4fe6-b428-7f3718512daa,BEV-004,8,802.07
86fd3ca5-8880-4dbe-82a6-e781b8350574,002b601c-9be4-4f6e-9a8b-951f0555802f,BEV-001,4,111.68
e8dfadb9-747f-4e2a-bb7c-c725312347e4,a288dafd-3a72-48f2-a9bf-4fdd767e6c43,BEV-001,8,951.97
ce85614d-3896-4245-8e78-18e7b2d14a16,423789d4-51c8-420a-adcb-64726af8345d,BEV-001,3,371.62
06bb0850-a34c-4625-b60f-2a4ec0439298,423789d4-51c8-420a-adcb-64726af8345d,JAF-001,2,368.69
693abb47-fc21-4b1e-8564-4462a57c27dc,6de5100f-5f04-4ccf-b661-cc0333ad5839,BEV-004,7,991.33
105bbd76-fbe4-4791-92a6-771636593dfb,f49e6d65-fe91-46cd-96bd-b8358d586340,BEV-005,10,653.64
8b8c49be-6782-439a-bd02-958978f8c04c,f49e6d65-fe91-46cd-96bd-b8358d586340,BEV-001,9,439.8
0f81da7f-037f-43b0-944a-73de3a77c47c,f49e6d65-fe91-46cd-96bd-b8358d586340,JAF-002,4,924.65
100e9672-50b7-477c-aab0-0087ae43d4b2,efe7a88e-0d02-44f3-8937-afab8bdc240b,BEV-003,6,114.29
378013e8-9b10-4ca9-8731-30b58c424cfc,efe7a88e-0d02-44f3-8937-afab8bdc240b,JAF-001,4,710.88
1ff0358f-208d-46e5-87f6-a64519a9b02f,5055f433-be74-43a3-9279-526993c673e0,BEV-005,2,995.56
7e7fb0d4-07c9-4707-aa6d-2ce8c3297f05,49f1030b-60b7-4c86-8bae-b8cdb547f4f3,BEV-002,7,439.65
d630843c-cc0f-4779-a38d-588cd3eae5aa,3ff309a2-99fa-46e9-abf8-ee5b6ff91832,JAF-004,4,820.17
1c3e491c-4507-4f2c-b433-07bcc20c1acb,7e69acda-d23b-4f34-a7da-bda957f57e75,BEV-002,10,524.78
e5350d65-0ada-4a16-8fd9-62b7ca79ccca,7e69acda-d23b-4f34-a7da-bda957f57e75,JAF-004,6,260.22
80d0c322-d98e-4f66-bb71-e95c56dc2b56,1ca7c991-cd6d-43ad-be0f-92a5f8f9efda,BEV-004,1,978.0
1697b144-6278-4a7c-99bf-7b3e88fdc3d7,569792a8-f49b-4b12-8bfa-6eca562581a2,BEV-001,6,660.6
c6ca7016-7fbf-4ed7-a630-c5b4fe79c027,1c6353c2-1860-4aef-b68e-83515b19f652,BEV-005,1,323.93
0725c1ee-7315-4b71-9e5d-314d1a834323,04d96da1-47e0-4841-a4be-b85c78184996,BEV-001,8,188.37
9f3a15d7-7dd9-4845-b47a-0a709b2df3e8,fb706650-07c3-4f01-b361-67916d153ec7,BEV-002,4,154.3
d58837bd-67d3-49ad-93bd-93c5241d9610,679e5c40-c412-4073-bc3d-b70c4374c2c6,BEV-001,6,68.13
1956228b-234f-460d-be58-0a686ed27c18,fc29938a-df3f-41ae-81e6-1d67ba773773,BEV-005,4,854.2
bbacd2e7-4fa6-42f1-a178-d5a7d234a8cb,2754fdf7-9354-4642-9fba-28a9769cb3c9,BEV-005,2,147.9
5f65e15a-b948-4052-b9a5-56abe8f5c886,b029c51b-2c0a-48b5-a0c9-041d8ba85e62,BEV-004,6,784.67
91cbd739-1968-4f73-aa99-f9bc383c75ba,b029c51b-2c0a-48b5-a0c9-041d8ba85e62,JAF-004,7,398.55
4575df10-b280-4057-9dab-a08e766386c7,b029c51b-2c0a-48b5-a0c9-041d8ba85e62,JAF-002,6,405.08
03e24161-f757-4e69-89be-80966a8585bd,b029c51b-2c0a-48b5-a0c9-041d8ba85e62,JAF-004,10,69.97
98ba6e3a-fb0d-4d96-9a50-69ab1c8c84fc,06d34440-aae5-40e6-aa72-b5483201b086,BEV-004,4,719.44
ddf826da-6fb6-4d8f-bda8-c6160cdd492a,a49348f0-9117-4e80-bd9c-172f90851b95,BEV-005,2,690.52
005b1741-6c08-44e9-b8d3-73e0572dbf16,0aa0963f-177c-43f4-baf2-311335f62a1f,BEV-004,3,547.79
4270cc6e-d9c9-4e14-98f6-387dd0dec898,0358d53e-aef1-4e0f-a37d-027daed60d56,BEV-004,4,390.55
000fa1fb-70b2-471a-bae4-b0c1b88213de,0358d53e-aef1-4e0f-a37d-027daed60d56,JAF-003,5,351.92
a9c47494-3e65-49d4-86f4-712f67d78e93,0013fbe3-d818-40c0-881a-56b53de92a90,BEV-003,9,291.66
7ecef2fc-8bc8-4eef-9095-deb2c01202e0,1b2299a8-61cb-4523-89af-e6999cc903a2,BEV-003,1,913.88
4532c1f6-14cc-467e-b59c-2264a825691b,f35490ea-8f21-4164-944d-e40ddf4d61b3,BEV-002,2,193.27
30d8a0fe-0887-4fff-8156-953244423a35,f3729453-307e-4372-b34b-918397f5818d,BEV-005,9,788.29
5d6812ef-d2e4-473e-809e-4eb19f9707ba,89c104cd-73c6-40db-ab61-bebe0a2f80b5,BEV-003,9,225.91
cae36ede-8d7e-4860-8298-a6d028ae7185,92e2443d-f118-48c7-9cc0-51f4af729694,BEV-004,6,410.9
cd9a2ea7-5013-470a-a2a7-e7904645e26e,30cd8d09-65bb-47b0-9be4-bc0a53971f48,BEV-005,10,682.44
462339a7-6d53-4036-a5e0-1af86f683e8b,30cd8d09-65bb-47b0-9be4-bc0a53971f48,BEV-002,4,331.74
b2636b68-c547-422a-a4a8-f45ff33df4be,30cd8d09-65bb-47b0-9be4-bc0a53971f48,JAF-002,2,678.27
a1bb61b6-a497-4e87-a065-2cae3af59329,30cd8d09-65bb-47b0-9be4-bc0a53971f48,JAF-004,3,67.79
9d7a7a7e-4a7a-49df-804e-a216a0547d76,ec11d67d-6d52-41b2-944d-60dbbf72bb4e,BEV-003,3,291.87
2f7ff806-12b0-42b4-9e7e-dae132f543a8,bf65dab1-14b4-4577-ad29-e15f83e4f1bd,BEV-004,2,41.3
ec9706e9-039d-44aa-bf01-16427566ba5d,a596aaf0-9eaa-4689-874f-c8ea5afcd303,BEV-002,7,416.1
08d6c4b0-4a87-44ee-9a12-3379a75999c5,6602c3cc-e215-4e22-b43c-574f251bf6bb,BEV-003,2,349.17
1f7ce9f5-eeec-482e-9b7f-88c5320aa385,6602c3cc-e215-4e22-b43c-574f251bf6bb,JAF-002,1,287.34
a74d16e3-614b-4f68-a982-457cc0feddd4,99cedbd9-181c-4e56-86f0-cbf46332b4fa,BEV-005,9,81.22
25a2a3f1-0ae3-4d49-819d-305cba42b22a,8c441273-4f86-45ac-8f8d-dca252926744,BEV-004,4,134.14
600ae3a7-5af8-4c01-821a-4a3c1958e6ea,8c441273-4f86-45ac-8f8d-dca252926744,JAF-005,2,209.28
3f8b1c1e-9ae2-4c9a-abe3-f66952bb0ffd,f72fba4d-a1c3-4d97-8ad1-9eb68bb1a2df,BEV-003,6,925.93
1208bfac-4dea-4a5d-ba5a-a2b2971f1ac4,58b37b6b-15e7-409b-b56f-0b20d7598614,BEV-004,9,473.14
ec7e96fa-4a6e-4414-8c61-00712685b2a5,e7922c84-d903-421d-ade9-1e00037a7335,BEV-001,9,828.76
00149744-3273-4e16-ae33-bb39c3608921,cd58c578-334f-4087-8a5d-563d9001a082,BEV-001,10,197.37
f0fd80a0-ea4a-4aec-b64b-3ac946e022d8,2a302f65-4b09-4ded-b847-a1eeb64cf0cc,BEV-002,10,411.91
89386a91-5078-4c4f-9161-a788e6650750,2a302f65-4b09-4ded-b847-a1eeb64cf0cc,JAF-003,5,652.21
54423ded-8f7b-4351-9a69-e87688019088,8d894dc4-41a7-4e0a-ae2a-6012f34c5131,BEV-005,3,796.96
9308601b-42bd-4d28-afd3-7d376f9d11a8,61402d27-dae2-44a8-9966-9af0719d1a2e,BEV-004,9,756.44
4c8cda83-14c9-4293-a6d9-d5a58ad72750,8c89f77b-b56c-4f15-90b4-d64fcf30adda,BEV-002,3,731.83
764bbc4e-9034-4edb-bcde-62038b919378,ad5105f1-2f35-4057-95b4-0d6ccfb0bd3b,BEV-003,1,486.45
10228421-f9db-4f2d-a929-9a847073c228,7e163617-87ef-4899-89f5-3aa8ea6846ae,BEV-001,6,35.21
d3984907-7d34-4c0a-931b-8a7e1db1db70,41699164-bc9c-4a9c-8123-a9922b299ccf,JAF-005,8,821.05
d1ade8e6-b726-4e92-94ee-fd548a894141,f28ef6f5-aff4-471a-b4f2-6335f406d5d9,BEV-004,6,923.89
be73d1e7-c3f9-4f72-940a-af35d356dff7,24b82e17-ea82-4d18-a505-15282d2b524e,BEV-001,3,596.63
def70dc6-0511-4710-96b7-cf242d80b4e1,5f31b3a3-d8e0-4c46-b7ec-6cba964ce95f,BEV-005,8,453.72
ae5cbaef-7128-4eb3-a9f8-6672b8ca09cd,804ac1b4-c27a-4144-bd1b-4de047090cb2,BEV-005,8,258.66
76d793c1-915d-43e0-9928-87edf2ca8547,fa9aac93-6a10-4b79-a849-5e78cfe2a06e,BEV-002,4,238.38
f50bfa76-3e90-455a-b35a-0042f51b89b8,0543a5a0-7f1b-4743-861d-5f1c5e290327,BEV-002,10,639.05
221f209d-2e30-4118-8fe1-4992ccaa5d67,0543a5a0-7f1b-4743-861d-5f1c5e290327,BEV-005,10,509.3
76973400-fcd1-4b52-9a27-a500bcd8d07f,34195092-1602-4f0d-820b-31fa82f5b96a,BEV-003,5,647.65
e6629868-c03c-4419-ba05-cf57953fbf01,a4e902f4-3eb1-4b3c-9d64-3f86b59d61ba,BEV-003,3,236.0
10e7f09c-9327-48be-8431-871b0cd6c770,a4e902f4-3eb1-4b3c-9d64-3f86b59d61ba,JAF-005,10,675.99
b916cdde-a1ac-4eb5-bac5-ba128eef83c7,a02357b5-01b6-4c59-b5ad-166200961987,BEV-001,5,483.72
9dbf222d-51b5-414f-9377-ea9567f6a9c9,ca8f38f8-f38c-43c3-8c8e-e04791789ecb,BEV-005,4,586.39
6e39bf10-9a76-451c-a286-0caa8b1576e8,15f47fe8-ef4f-4961-8e37-1e7f77523e9d,BEV-001,6,86.09
2b52cf5c-215e-4ac6-afcf-8783399eaed5,15f47fe8-ef4f-4961-8e37-1e7f77523e9d,JAF-004,7,472.97
a8bc8ded-0cbb-4cf6-8be6-a2fd733b5918,33ffca4f-357e-4277-a684-db5fe7d65cc4,BEV-001,10,262.49
d53eb6d1-f320-47e1-a079-c93eb82d9490,f68b6242-77bf-48dc-adcd-aab7c5e9b3e2,BEV-002,1,574.71
ea367c1b-f6c7-4f19-bb1a-1ec25d886682,fba21e88-6d9a-44a4-b067-904ebaa75b24,BEV-003,5,60.4
0d6df7d4-f99b-49c1-b8a7-ff9eeff53514,fba21e88-6d9a-44a4-b067-904ebaa75b24,BEV-002,1,628.71
83b0e06d-1005-4704-909c-fded711e049e,fba21e88-6d9a-44a4-b067-904ebaa75b24,JAF-003,2,762.55
378bb3ae-cf39-4752-955b-bdb3dc908296,67bf1bd6-16f3-435a-bc62-d621377d0ccd,BEV-005,6,941.99
e28e4434-99f8-4fc6-8acb-993a79af1e99,67bf1bd6-16f3-435a-bc62-d621377d0ccd,JAF-001,4,14.62
29de4af1-00d4-4784-b97a-19f5533e660e,a2a9e7f9-b64b-4b51-a0ac-0b34b0d9629b,BEV-001,9,752.08
4c461149-be74-4c71-acba-037ef80c7fcf,b221daa9-476c-4b55-8c73-fd649656f297,BEV-002,8,147.86
56c8bf6e-acca-46b8-835b-9d1e5e3afab6,69c4429a-3d09-4d4a-97d2-f75d8e88d58a,BEV-004,5,666.04
433247c4-db31-4406-9ad0-06e08e78fe32,cbd42123-1dc6-4680-904b-6de17cfe90a3,BEV-002,6,346.41
86030c00-f04c-4221-919c-e35c79360877,f91d890b-8fca-433d-b111-5a9bfcfb4b53,BEV-003,9,538.77
05c07475-15c9-44b9-8d97-c3531fda8d0a,4cc169fe-15b9-4c5d-ad35-f42e54cb1aff,BEV-005,8,608.44
26746296-d71e-4964-bca7-dcd3fa51b9ae,4cc169fe-15b9-4c5d-ad35-f42e54cb1aff,BEV-002,5,725.84
66d76741-809a-4a59-a824-aaf906101bc9,bedf8685-8d26-4591-84f0-7766d5ad3533,BEV-005,1,737.15
46ef8ebe-6a02-4698-a98f-3294cd27a270,117ea0bd-6f90-4569-9a12-a977f44e3afb,BEV-004,9,636.04
ac8b3f1f-4604-4e65-aa7d-de326aa64bd9,9fb6fa7e-f967-459b-a21a-982691a072b7,BEV-001,10,559.21
6a9fd403-c814-42e9-bf8a-8285ae8950d5,29409889-7088-4d2e-877d-64314434da39,BEV-002,9,283.18
30671938-42e6-4ba1-9ba6-007d13ec3936,9110daff-934a-4873-96a2-49e4733b44a7,BEV-002,9,535.28
02541bc3-f1df-4f59-92c1-9b824bf534ff,9110daff-934a-4873-96a2-49e4733b44a7,JAF-005,4,503.51
7df45155-19b9-4b4d-a91e-933d5afcba1e,586b8f75-d718-4ebe-9607-06b3686ca6e0,BEV-001,9,390.13
33a72f66-685b-49c7-bfcf-dd7f93e67c00,b273b177-4d34-48d0-b818-7724a447baa2,BEV-002,2,486.06
e78d11b3-6aa7-4322-82d1-cd783ff86286,484b09f4-019b-4f45-ba60-ab9ca5d87a15,BEV-003,1,541.49
ebdb1119-fc42-4ebd-911b-42b9f42130d1,6100bdac-d644-4818-a3f4-58ef19e71fc5,BEV-002,2,534.94
f25b9488-810c-4b31-8970-521e9a28a354,30cb84ab-cc37-4dbd-8d00-4bd7d57f23cc,BEV-003,9,451.31
bada2681-3906-4e5b-8122-4f445502ecdf,8bf4531f-cc8e-4895-b4ff-95caad5ad399,BEV-004,7,206.84
38bb283e-372b-41dd-b6a7-2b4e05be6ee3,ef2493b0-b935-4c4f-84b3-b1032474d757,BEV-001,10,654.49
e4c7737a-7753-4cb1-8a6c-2feb3f98f130,0b2551d6-ad47-4113-ae53-970f7e1f903c,BEV-002,4,204.28
5a246c27-8f99-448c-9362-28fad7af6bef,e9a0a728-c38f-4178-b6ac-47de2aa2ac2f,BEV-002,3,595.98
e36aaaa7-9f8a-4976-9e82-4d6cd8d4266a,d332dda8-0339-4d73-be8c-fe56d15611ce,BEV-001,2,57.25
d2f43ab5-a030-4ce4-8d32-f3b67b9a17a3,d332dda8-0339-4d73-be8c-fe56d15611ce,JAF-002,8,486.1
eaf98ac0-18e9-4409-8a09-7dc809e28734,202fc813-e153-41ca-9b80-2c4bca79fb2b,BEV-003,10,173.92
cafc98b7-96ee-4dd9-8f65-924d55dbc845,202fc813-e153-41ca-9b80-2c4bca79fb2b,BEV-003,1,215.76
c4b794c8-3e3f-4e64-a77d-166953138381,202fc813-e153-41ca-9b80-2c4bca79fb2b,JAF-005,8,887.54
84710a3a-fa8b-4d0a-9689-d5398e22383a,202fc813-e153-41ca-9b80-2c4bca79fb2b,JAF-004,2,603.37
ad596aaa-882c-4f39-940a-ef10c84b9c80,202fc813-e153-41ca-9b80-2c4bca79fb2b,JAF-003,2,169.81
cd5c736f-3b5e-4179-920d-aa6f5e2b841e,e13a93e7-4c87-402a-b174-52726c1471c9,BEV-004,8,936.15
c36e190e-e33d-4f72-8984-2e4c5778413c,e8ce75f5-8bef-4c23-8bb2-0e47c164789f,JAF-003,10,96.54
4665f1f1-924c-4a34-8b55-02b86d690372,e8ce75f5-8bef-4c23-8bb2-0e47c164789f,JAF-004,6,690.58
01dd7512-0335-47d5-af4a-e90a6c013ea4,9d367359-125a-44a1-82b8-58d103644719,BEV-001,7,907.02
2d851589-9682-4518-af28-a81e28a0ac40,810f9e14-7a21-476f-9df7-faedfcb2aae0,BEV-002,5,923.32
0b8cdf06-8723-4a2c-8736-dd870e891b84,5bcd8f5e-d7f5-4a66-8909-ccdd060734fd,BEV-005,8,976.32
dc82b478-8a20-4507-84f7-c60f26bab825,fa5d8826-1440-4fb7-901d-819447861f81,BEV-004,7,510.97
09cd7bbc-b3fa-4147-8171-9a270da3ab80,4e830460-d0ae-4de2-af37-06d94ff1444b,BEV-001,8,471.07
b1be4989-cb65-48ae-aa23-5b1d5860be7f,12043120-680f-49ad-b751-c250cbf0abbd,BEV-005,9,723.63
90038c9d-bfef-4235-a7d8-b78202abf202,12043120-680f-49ad-b751-c250cbf0abbd,JAF-005,7,430.45
68ec7d9c-a9a6-4791-95ab-6e19fcdd98e5,2072de64-cd0e-4805-9801-f71ba3e3866d,BEV-005,5,51.94
74c0a977-6e6e-4aa7-bf7f-7f2776543a8c,e2e2eaa4-c0aa-4284-9c89-fc411a0f32f9,BEV-003,9,140.81
c8b4e97c-9e86-437a-8367-b3d385ec7c2e,e2e2eaa4-c0aa-4284-9c89-fc411a0f32f9,BEV-001,5,678.9
061a09b4-53d9-48aa-b76b-d31ef3df3c80,c24b91da-2c2b-45b0-ac31-5bcb3bb20e38,BEV-002,10,947.13
a9592494-994a-4e56-8081-ee045e7e3e91,c24b91da-2c2b-45b0-ac31-5bcb3bb20e38,JAF-004,2,327.56
214a214a-8fd7-4bf3-b702-37418171df75,709cdae6-e162-4d42-abaa-40618fcd5e33,BEV-005,1,993.98
3138b8e0-7c70-4a75-98dd-4e87f39396c0,260b7bbf-574d-47fd-9421-cc232c5890d3,BEV-001,4,977.73
b4d1ca6a-8c58-4417-9857-cb9f57f0f0be,260b7bbf-574d-47fd-9421-cc232c5890d3,JAF-001,1,800.21
d57f85eb-9b1a-4c5f-81d9-f4f19f735830,1a68b287-251b-4124-90cd-6a87f834af0b,BEV-005,6,51.68
d55c1e04-adc9-45ad-893e-cdb74788f169,1a68b287-251b-4124-90cd-6a87f834af0b,JAF-003,2,323.81
02b399c0-41f5-4ac8-95bf-31554ae229ba,b9c0fa10-bc8d-4903-ac80-df93be7f117c,BEV-003,9,326.15
b6546a72-8b1b-421e-9b52-36eea155a7c4,b9c0fa10-bc8d-4903-ac80-df93be7f117c,JAF-004,4,821.44
1de0a74e-4198-4a15-8b51-bc541e44321d,0bb2472d-a38a-433e-b188-29b75f2f7b76,BEV-004,6,309.99
3f092dda-ecf0-4f64-b40b-2f5ff5057401,e103ae85-35dc-47c6-8927-46cf9d735fad,BEV-001,6,27.76
53a4ebca-daa5-4971-b3a7-3a2c88a46544,7d269dcd-cd75-41af-b448-bb6d880b06f6,BEV-005,2,751.03
b696383f-ef00-4955-bfd0-c9bda7404687,79a0d3ad-a8a7-4a86-8eee-4c5ef821aaad,BEV-004,9,351.44
e46d9597-960b-443c-a1dd-7203d24bff60,9586c9ed-0e98-4d71-b856-f042f0186cf8,BEV-003,5,274.38
15a1e404-7bca-4afe-adbe-4bc87a78a66c,fb74c462-535e-400b-bebc-f4f94612bdb2,BEV-001,6,211.75
07ec02d5-975d-4f79-86aa-7ec6082b89ac,fb74c462-535e-400b-bebc-f4f94612bdb2,JAF-003,9,870.72
edea860f-7636-4772-8859-647e009c98de,b5b9ac79-5782-4194-b901-8f68fe42ee69,BEV-004,2,887.92
d3be68e2-0fef-447c-bf0f-3fd2ee09b161,7dfd5523-c81c-48d1-865a-eff76a7d567d,BEV-005,1,416.36
c44c8fce-cbb1-495b-8fb2-5b3e8f310895,08ace9da-9296-4402-8b18-c88c6a281210,BEV-005,8,352.3
950c6978-fcfa-40b6-9234-da035a13c6f9,3d2f48f7-5ed0-4a38-8dd8-59940a2dfe9d,BEV-001,6,177.04
42981aa8-9e36-480c-b864-cffb4702525c,3d2f48f7-5ed0-4a38-8dd8-59940a2dfe9d,JAF-002,3,934.56
050db673-9bc7-44ae-98af-63725de11da4,a4357288-0d22-42b9-85fd-925237eecc24,BEV-004,4,433.62
85c8f3d8-691e-4ce2-bb7e-78c35b378c86,08a660ca-6c96-4f4f-977b-07b79327ea41,BEV-005,10,488.33
16174f5d-edfa-4eaa-ae07-9f40bba9ea1a,e1409891-a19a-41d1-985d-4a29dd94d651,BEV-003,2,319.5
11e6b9d5-68f0-4c51-9de0-a449e3d52651,e1409891-a19a-41d1-985d-4a29dd94d651,JAF-005,8,910.6
9d3f5bf4-cf3a-4155-9956-623ac7a728c1,7f1be631-5eed-4e05-be16-d0d1372725cd,BEV-003,8,132.82
4fbc4ede-97aa-4336-9b08-af96bf477a28,6e73ca5c-7062-47ea-87f3-f19c5cf30a26,BEV-003,4,270.55
1c50013d-070d-4b7f-9be2-ba1a8c4761c8,6e73ca5c-7062-47ea-87f3-f19c5cf30a26,JAF-002,2,611.84
e22ad9a6-71b3-4cca-854e-fdc51a3549b0,a1376069-3fd6-462a-85a4-d9d2206b75fb,BEV-003,4,646.43
57198860-7465-4e45-b56f-bbfa97e05822,a1376069-3fd6-462a-85a4-d9d2206b75fb,BEV-002,10,136.56
191574a5-4686-4b70-8cdd-9938b6516153,a1376069-3fd6-462a-85a4-d9d2206b75fb,JAF-005,4,905.19
65843a8d-517f-45e7-999b-1d5f319363fa,a1376069-3fd6-462a-85a4-d9d2206b75fb,JAF-002,4,448.6
a9420ed2-e05f-4134-b7b5-2e5e41f9bfae,a1376069-3fd6-462a-85a4-d9d2206b75fb,JAF-001,2,302.65
cc15ff78-5fb7-41ba-9c82-358bc4c614c5,18a86f4e-04f2-494e-8c1d-f24f056ef582,BEV-005,6,140.12
3abd8749-747b-41e2-bbb6-b400b28e7428,985c71e6-7401-4f93-9524-2e3cbcfa4d65,JAF-005,1,363.42
a1baa65a-82ec-416e-9b44-bb18dc597783,eac912fe-bd33-4169-9025-73f50f6e68e0,BEV-002,9,500.1
0fd35ac8-0c59-4a3b-9f53-904c273017d9,4e29a124-a6d2-476a-b4d2-3ca31ba7fef1,BEV-003,8,380.05
f0444e62-d1db-42ad-9330-c7c2da23dcc8,cb002248-ead3-4c92-8e6d-bcceb007c5ce,BEV-003,10,874.44
146a6fef-fa65-42eb-b738-27df9e256bb9,c1b70813-f02c-4b42-af69-987a803351ea,BEV-005,1,352.31
22974708-86d3-4da0-9d56-a82a890927c1,c1b70813-f02c-4b42-af69-987a803351ea,BEV-002,9,959.98
df5b8724-3b06-4f56-8f55-60bac481085d,2d184ff7-5551-4d45-a182-c0e079c597e1,BEV-002,3,325.56
14b4120e-c2c9-4970-9627-7a80ff17e6bb,2d184ff7-5551-4d45-a182-c0e079c597e1,JAF-002,7,753.71
ed721b62-24cd-48b2-ab6c-58d50900b0b7,41951a96-e1f2-42d6-82ad-07ea170a52a5,BEV-004,4,272.94
2b4bdb1c-1bf5-4038-baf7-8b144e63b43f,3e554469-4238-452f-9b76-e3f20981b219,BEV-001,4,495.04
26fc05e3-6b87-4649-95ca-ea77d4caf2fa,361c37b6-865c-469a-b065-1f2f913280b5,BEV-004,6,373.79
aa43793f-8c86-4440-9313-864bb9a49c74,ccbf5040-fe0c-4bad-8046-0fbf4d44ea85,BEV-003,6,752.34
c8a5292d-df5b-4bcb-a665-5032be86ca25,fd36c9f2-2691-460f-a40d-045b0dba0092,BEV-003,5,28.04
7085118f-aa64-4e78-b178-a6b5b5b00797,69a8b9d2-72fb-44fd-8334-c12dd391d886,BEV-002,2,875.03
0a5523a6-0100-4f10-baef-e64132e28cf9,69a8b9d2-72fb-44fd-8334-c12dd391d886,JAF-003,2,115.17
b26633a4-a060-445b-bacb-addb66c88861,44e7564c-01dc-4e7d-8420-cb0432cc3f4a,BEV-001,3,765.35
80a5d676-01dc-403e-b98d-c341fd1b5722,7bcffc44-3220-4437-8a2b-dfecc757a14f,BEV-005,8,312.93
02ebdaeb-8d9e-4f00-9d66-66ee4933e19b,69a269b1-aa01-4321-9dbc-4db6621a5ddc,BEV-005,9,392.29
21233bb3-815c-4826-b7fe-ef7be800b4ed,414d6b47-4928-4cf6-b060-c4914d7bc81c,BEV-002,4,67.78
238bd50a-87a5-46fe-9e8c-80e920a0cd4b,2730d5d3-a676-43c6-a245-44836c6492c2,BEV-001,3,936.34
5a7b0f78-2126-47b1-967e-57f2576ee49f,edffe463-03b8-441c-93f0-5c114ee3c385,BEV-001,1,281.3
7e09d81d-6fe3-4e44-a085-ee1bbad01cf6,7a77bce8-b4f1-4139-9916-848b6216e7ff,BEV-001,4,479.98
fdcbb732-ea03-446e-895b-006a688a97a9,5d53c42c-c5b4-4695-aaa3-7925145620f9,BEV-005,4,158.91
eaa7be60-e2bb-490e-ad93-6c5cf7c06612,5d53c42c-c5b4-4695-aaa3-7925145620f9,JAF-001,3,132.88
270a18d9-0b2d-46c2-a1cc-8f302f1cc7ab,1ef93c55-2b2f-4ddc-bffa-82c6ef078b7b,BEV-001,3,623.0
b5c4a4cf-6871-4320-9928-c3ca80a58444,a321e9d0-8124-4fc6-8925-afd7333e1ea6,BEV-001,8,783.96
379120b8-a364-4ba7-9e67-165eddd69cf4,61031993-1f3e-4518-862e-d764a8d319dd,BEV-001,2,868.07
29e500d8-fbf8-47a2-94d5-a018f422a31f,f3fed4fa-4051-44c1-b048-96577c8106c3,BEV-003,2,690.02
3458040a-7da9-4408-94be-e3ae5c9aada6,b1dafe83-8967-4071-8c6c-c6f150859be4,BEV-003,6,160.06
f11a6c8c-8092-4618-ad67-841da392e8cd,b1dafe83-8967-4071-8c6c-c6f150859be4,JAF-001,3,820.14
4ecc29a1-a6de-465f-9853-8b581dcfedd0,f532f358-20bf-4f9c-8961-928f17426b1b,BEV-001,9,795.51
a950e5a1-ee22-47b9-a2f2-19ac84c60c0d,f532f358-20bf-4f9c-8961-928f17426b1b,JAF-002,9,198.93
e1ea4405-2bf2-4d07-9c05-b2c7290a04e3,7517a769-765c-4c94-ad9d-880e6afd682c,BEV-004,7,126.47
6b0314f2-2735-44d8-b89d-7ab385e8bd55,7517a769-765c-4c94-ad9d-880e6afd682c,BEV-003,1,530.8
9bb014d4-497a-4774-938f-672b30236c22,7517a769-765c-4c94-ad9d-880e6afd682c,JAF-001,10,14.23
42b2cf88-878a-49ec-bb97-720f735c7fff,e7241cb0-dd6a-4500-aa67-2bc400ce3f05,BEV-003,1,461.8
4ade6e3a-d78c-437a-ae43-748d885b05c0,e7241cb0-dd6a-4500-aa67-2bc400ce3f05,BEV-001,4,170.46
850aa239-6df4-491c-b290-3e3d85f118fd,e7241cb0-dd6a-4500-aa67-2bc400ce3f05,JAF-005,3,813.94
89bfaf7f-5882-4ac8-8e23-b61b3c20e15f,337d26bb-8985-4f12-a0b8-2b11c1cf5c93,BEV-002,8,80.91
80695f9b-ddf3-4cff-a552-341820066edc,0fab250e-c6e9-48a3-bc00-688ac5f6145d,BEV-001,8,264.76
4ad9dc86-d12a-47a5-9695-71b7236aeac4,0fab250e-c6e9-48a3-bc00-688ac5f6145d,JAF-004,2,625.7
0350b46d-5eac-4344-b6be-66397b3d4e17,3c7324bb-baca-40fa-883c-9ac94cdafe9e,JAF-002,6,550.93
b15fcd47-8c37-446a-bf2e-466e728157a6,3c7324bb-baca-40fa-883c-9ac94cdafe9e,JAF-002,10,31.47
31516ccd-3a3e-48f9-99a0-513993fad6de,ef47c35c-bf89-461c-843b-233bfe9c15a4,BEV-003,5,666.66
db70184f-8b2e-428c-bcd8-dad29da9617f,8926aa17-8e0c-47cc-a913-d098435be571,BEV-003,8,685.12
8a7c3a05-d204-4995-9e3d-0de7b56cce3d,8926aa17-8e0c-47cc-a913-d098435be571,JAF-002,6,68.49
64accf0f-ec77-44fa-a3b4-370b80d36dcb,bf69cfe6-4a77-4e17-9533-8a259f9fc331,BEV-004,8,20.75
d966f173-30d5-4733-a0df-b71d10ce9873,e25d97cb-1487-47c8-9342-a20adfae3162,BEV-001,7,461.72
4fa146bb-b6be-45d8-af99-d567ab7a9065,79a9d457-f8c0-4400-bf02-fb9d4b19e396,BEV-005,9,882.9
59fbb5b9-72d0-4b88-acc9-35bf12e4778a,79a9d457-f8c0-4400-bf02-fb9d4b19e396,JAF-001,2,925.7
5a116111-3a10-4885-a283-fb6c5b4236d1,d7842e53-3b34-46f0-aee2-79e2fcb455ed,BEV-001,8,258.32
7756f259-29d6-4555-94a9-a79ad558f35c,86c77214-2e1f-4b41-b8fc-dccb87b5244a,BEV-003,6,833.98
71c9b4c7-e43f-4f59-baa7-64ee600681b6,b18c5f4a-05fc-4365-a9a2-8c09be75f1d9,BEV-003,9,962.01
9cfb997f-edf3-4345-ac40-7d158485c3c5,5ae611d9-5870-471d-8a10-bd44a9cc10ac,BEV-002,7,465.26
310a0e0a-e19f-4444-aa36-eef231185435,5ae611d9-5870-471d-8a10-bd44a9cc10ac,BEV-002,4,295.52
e8a023b4-35b8-4a40-929d-e1541835a1d8,f694aedb-7fb7-435a-af3b-dddf3235e955,BEV-005,7,251.34
d64fb5fe-944e-4bdc-8d98-46b25f19c7dd,5c1d5fc2-906c-4303-bb7b-afc9ed6e9299,BEV-004,1,611.93
4293fe8e-15cf-4702-b215-0653e8c667c0,032cfa37-546a-4fb2-b939-2a1f08857d70,JAF-001,2,703.64
73049a31-2d01-451a-ad3c-62651f517a1e,032cfa37-546a-4fb2-b939-2a1f08857d70,JAF-001,8,666.71
33e17931-a07e-4a9a-80b9-5c40d93fc8b4,032cfa37-546a-4fb2-b939-2a1f08857d70,JAF-003,6,156.55
d6b86b49-b945-45f4-89fd-39ccd129d8d5,fb9d6069-3635-4320-8ce2-5b10240c9735,BEV-003,2,883.6
5864b08a-2a52-4327-8110-9a121d121499,fb9d6069-3635-4320-8ce2-5b10240c9735,BEV-003,7,320.76
8e3e82b2-4885-4cf6-8060-9c1f1160dac1,cbe350ec-450c-4ce4-84a2-fb6713697885,BEV-003,2,320.88
ee8b0990-65c2-4d6d-84f4-29d447e60d2b,d87beb6f-c442-4f30-94c9-54021b712149,BEV-002,7,629.73
92be0cae-d656-43f6-841d-72cce68e2b1a,d87beb6f-c442-4f30-94c9-54021b712149,JAF-002,5,762.58
6bacd5ff-62d1-4672-8f2b-021de34387cc,40e7f968-cd19-46f4-bc5e-2be5dcb072cd,BEV-004,10,940.26
39ee08f2-4f3c-4cb2-8fb0-d84b79c3123f,1b9167f9-855a-4744-961d-473e8d16a2fa,BEV-002,5,240.62
debce9b6-b166-4523-99ae-5d958bbcec36,1b9167f9-855a-4744-961d-473e8d16a2fa,JAF-002,2,699.48
9c7b75bf-40a9-46df-a522-f977d6e0bc12,8259143e-ad23-4bb2-966b-d9d24ab73601,BEV-003,7,502.52
48b72951-4e09-42cf-ada9-1fa809099276,a46fa9dd-054b-4f5c-9870-e205d8eaef61,BEV-004,8,774.46
055ee517-e673-4899-ab14-ae531a6bba90,9c6d81af-1cc1-49f2-a1d2-cc4008b3e459,BEV-002,4,667.77
01ee0714-eedb-430d-bd2c-6430972cfd18,c771503a-8268-47d3-9d98-b4d792659b61,BEV-001,4,702.99
db04ca27-d726-4fc7-836b-70efc062a414,05ab065c-f50e-4fdc-9611-93e82fdbd811,BEV-003,1,628.17
4fc760cc-b7f3-4b6f-9ce3-21aedf0d1b9c,af312faf-592d-4197-af6c-a8500925ea89,BEV-001,5,484.53
0ecfc406-bb18-4242-9cf0-6ecb017a4b83,9b6796e8-e8ca-4dc4-8a92-2cba76ec7331,BEV-003,4,784.67
4cefffbc-c470-44e9-9a76-77125547d4e8,25c9d16a-cf82-42c9-82a7-2338f650e986,BEV-002,4,535.96
68574782-011e-4dc5-9d5c-8972373a44ec,25c9d16a-cf82-42c9-82a7-2338f650e986,JAF-005,1,640.51
231d0a85-ecad-48b9-886a-7687dc19efc4,25c9d16a-cf82-42c9-82a7-2338f650e986,JAF-005,7,103.13
04beae45-434f-43af-b8ae-c0b9ceeed785,743eab22-e7c5-4596-bb1b-e2cb5c9550c5,BEV-001,2,846.59
1ce06c1d-80cd-4084-87b5-44526bffa337,5ca531e6-b00a-43bf-a185-d91b665d2274,BEV-003,3,661.78
0190c43e-9077-4cab-98d7-4a2ac5e1e177,c2c9e4df-79c3-4010-84a5-be1c870a6c23,BEV-003,6,471.88
0fbe1b10-11a2-44ed-b142-a9e60e63d4a2,c2c9e4df-79c3-4010-84a5-be1c870a6c23,JAF-002,9,815.59
1ae64a72-b854-4e41-9773-723d11c8bea8,e7151f77-69ec-40a5-bdad-a09f338134a9,BEV-004,2,955.52
ce7c1952-1f37-49e4-a647-5170cb8c8aa2,ebac01f2-1baa-4612-a4c9-ff0e59ea799b,BEV-001,4,199.82
19b0ef2e-3394-4cd1-9d4c-e449a8c88547,ebac01f2-1baa-4612-a4c9-ff0e59ea799b,BEV-005,9,514.58
6012ae91-ab61-4941-901f-598c8da2d15e,57d3f11a-7ad6-4b71-8114-c2de06db2f3c,BEV-005,6,418.95
eb4c2900-4032-4b37-ac07-309b7fcae52c,57d3f11a-7ad6-4b71-8114-c2de06db2f3c,JAF-001,6,349.57
0e89918c-20d8-4302-afc3-85d4ee5dd4f3,c745d2e1-962f-4449-9b14-ff3a8fdd4933,BEV-005,1,989.94
44d06f5f-4f41-4eed-85fe-c5e71084e2b7,1d8b3cda-0f28-4b93-9e28-71a2c91a0382,BEV-001,5,123.25
f7aa90fe-6c2b-4a61-bece-f5c7de7aa4d4,1d8b3cda-0f28-4b93-9e28-71a2c91a0382,JAF-005,8,871.12
5b5c7eda-edba-47a3-8487-dc19a3b3fa0e,35e3ac52-5882-4338-ab32-87c24792821d,BEV-005,7,849.18
57e9a601-aa25-4ff8-8703-e082e30775a0,35e3ac52-5882-4338-ab32-87c24792821d,BEV-005,10,161.48
6c57b3e4-2e05-499b-af68-753930f06505,35e3ac52-5882-4338-ab32-87c24792821d,BEV-005,8,270.16
febad0a4-720e-4d4c-9940-3c0848462a71,35e3ac52-5882-4338-ab32-87c24792821d,JAF-005,3,709.34
fd402a7a-995f-47ec-96c0-95c2a83aabc8,b7e6b82f-f4b0-48dc-b31f-f9bbaeebe116,BEV-005,9,143.33
aedec2c2-7939-4f15-8256-19a563595648,b7e6b82f-f4b0-48dc-b31f-f9bbaeebe116,JAF-002,6,276.99
b3344222-d63e-41d1-a237-66eb7fc6d34e,de27fc10-1eff-43e8-8fa3-95d49fa611c6,BEV-004,10,31.65
49eab1d6-207d-4b10-8186-fbe400af18ce,a25b35d4-fadb-4e39-bbc9-a43a16f662c0,BEV-005,2,577.61
f454d7c3-69c7-49f5-b4b6-1dfa4f3667f0,c3c8992e-1434-49a9-8fc4-5ecf704ba99a,BEV-004,7,536.45
b0d354de-a07a-48dc-9a06-eb2810ceaf33,c3c8992e-1434-49a9-8fc4-5ecf704ba99a,JAF-002,5,222.24
80331c50-d40d-4d6b-be07-188afd8de60c,6eef7201-d3e4-463a-96af-5a98ec13b513,BEV-001,10,42.66
c1239d5f-66d8-4768-9748-076279e5e8f5,ffa19a4e-db1b-4bf7-9925-ec38ecfb2134,BEV-001,3,969.41
6e2b19cb-6ff8-4510-89e5-752c38fab43b,69a28a3f-ed4f-4804-8983-5282304f15a8,BEV-005,5,264.43
bc3248c0-3583-434d-b080-de5d2d95dc81,69a28a3f-ed4f-4804-8983-5282304f15a8,BEV-003,3,511.69
7ceaf576-dd81-45f5-ae85-84b869779e47,b52e2c56-135b-4c13-9c9c-e82fe28c84c5,BEV-001,5,957.46
63815204-aa07-4b1f-8457-0fd10b821881,6fabce2c-fe02-49d1-ac88-67ceb8dfd6b4,BEV-002,3,275.38
18af60c7-0cf7-4476-a456-e49b01b4f1c2,3118d3c7-8ed9-440a-98c9-12fa8391f858,BEV-004,3,190.29
31451272-c138-4bf8-8288-ef3aee15c3ea,1e6fdb6e-f04e-4778-920c-1863dd2dfddd,BEV-001,10,606.76
c1d4fc2b-6d4c-4b7d-ad95-a3c7b5303249,976e1450-072f-44b3-b4ac-24b5614c6909,BEV-001,8,101.0
ae948fd9-0a48-49ea-b69d-7bd226cc651c,7e7c6a29-bc9f-4a3a-922b-2ee482956048,BEV-005,7,404.6
7d93e13f-79fe-4c64-9b4e-801791e41d01,7e7c6a29-bc9f-4a3a-922b-2ee482956048,BEV-002,7,166.64
3d3bded5-d355-4e0c-8371-59100f21dc9c,caf6172a-3d2d-4aa0-b07b-a009d5bdc085,JAF-003,2,409.2
44ac1d9f-3428-4398-b96f-0c632d4f27e8,caf6172a-3d2d-4aa0-b07b-a009d5bdc085,JAF-004,1,645.8
357283cc-0189-46f1-aecf-054f4d0391e7,a5edbd55-5ec1-4e77-adbb-bf01691c1910,BEV-003,6,544.74
7da79c56-9519-44b5-a736-b7ebfc1dcebb,e6cb5e44-2e9a-4b51-b426-56c05039203e,BEV-003,7,229.57
042a44cf-9ef4-482a-976b-e63b1cd97860,38663f16-9f00-43ec-b721-138314002413,BEV-001,7,620.58
4e0ba846-b3ae-413e-b92f-2698fdba634f,09420eda-0d90-490e-bf81-d5335d9cdab8,BEV-002,1,139.28
dcd2e180-2ac8-4ed7-823c-578c8495ab49,36d1d32f-4194-4939-b0eb-06f366423186,BEV-005,1,180.7
c0acde50-0b52-429e-a4ef-c80719135b36,36d1d32f-4194-4939-b0eb-06f366423186,JAF-003,7,918.1
341108ed-107c-4cd4-8b6c-e2fabf5ba2c9,1c2dca2a-8dc3-4d8a-a5d7-344ce8ba2525,BEV-002,3,59.8
7d7dac36-aedb-4e43-97df-c2f98c0005aa,1c2dca2a-8dc3-4d8a-a5d7-344ce8ba2525,BEV-003,6,90.48
f2a5a1c5-7fc7-4da8-95d5-71e5339f0d1e,1c2dca2a-8dc3-4d8a-a5d7-344ce8ba2525,JAF-005,4,812.65
4aa5eb37-b115-40f0-8a0d-bfed959f9b83,6d867bba-a8f4-4798-b9ed-222a97b1b5bf,BEV-002,3,882.75
da3a178f-b834-4952-8c5c-7dfa9f9aabc3,8f0f5b35-8d64-4a07-9e63-42a04ab37eb0,BEV-005,1,172.6
9bc09f14-c20f-4741-b0d0-774baba2f381,5c35d3d2-a030-4ddd-9dff-d3eafc5aec52,BEV-005,10,550.37
e18e1ee3-de36-4fab-9533-276aa1abccfd,be1dd898-9d89-4bc6-a92f-c11628a3c0ec,BEV-004,9,511.32
aee839db-24ca-4ea3-8c2e-407b55dd6b27,19310d54-c1ae-4247-a570-6cc16de1a417,JAF-003,4,855.8
53b4a7a2-0927-4dcc-a33e-1b428b57c785,66ef95c8-71e0-4c6f-9cbc-05fb4f2a1b3e,BEV-003,10,215.83
7827b45d-7eab-445f-8e60-80ae5c2a070b,3f490744-a57f-4eee-860a-2611a45d9be6,BEV-002,6,816.95
02bbd003-7341-4e93-bf91-308187b9def1,103cb2b7-63f1-402e-8bde-ef78f1ec9e14,BEV-001,9,905.74
e469c68e-1178-4389-b4c0-63c3d02c429e,8e5fa2ec-2ba9-49d4-bd5f-e9695a9a0152,BEV-004,7,631.94
31bf4074-1a3a-4c38-9e45-7c0170ffefdc,3e946b84-9e2d-42d6-9928-247b0d710e9e,BEV-004,1,776.58
17c300fc-6328-4c53-bb3f-4e531114c9e6,53522b30-cb26-4ad5-b00d-f7ff0a274e74,BEV-003,5,716.07
f3251bfb-1048-4dc8-91e4-b7c79bb4ca07,a56b94a4-9122-4b8d-9163-855c758dfa39,BEV-001,10,230.18
41d3cb95-c6b4-4049-997e-9bdf1dbb6a60,a56b94a4-9122-4b8d-9163-855c758dfa39,JAF-002,4,496.81
c610f47a-2159-4d60-be85-287f3107f53c,dd688bcd-cf62-4451-9c09-af74e14b310a,BEV-001,3,876.31
086c011a-d569-4be9-96f9-62eb86422728,1369a28d-9ab2-4ab9-93d3-2e423ca2a96b,BEV-003,7,145.66
52cacc32-34d5-448f-b678-a5ee9b1b40d0,0c2d29ac-5e60-4014-879c-5d8779953be7,BEV-001,8,30.43
9729b0d5-2c56-48fa-820d-139a06b4cb82,912a84e8-9493-4442-b200-89e55bb81c5d,BEV-003,9,276.18
abefcddb-5392-42e9-b150-3ffdb86dcf2d,24e927cd-e578-4de0-aae4-fa5e04f48c17,BEV-004,1,559.22
aa287907-2bb7-4492-8bb8-069c8707c2ee,1eb1f947-57c2-4de9-ae40-6d80031b2877,BEV-002,6,161.76
bafe31d5-8774-4d2f-b95d-33d5f58eb6f8,66508705-0d7a-486b-bd86-577ba19549d0,BEV-003,10,661.5
363c6590-a3d4-4801-a442-a54b5bdaa115,0b1f17ba-4c57-49a2-a8ba-5c3d641b390a,BEV-003,6,301.14
e04c03e8-2698-46e9-a908-dbd4c1a05565,e163b7cb-f821-4e72-9fc1-69f20bc7f523,BEV-003,2,101.92
fd09f3c1-ca83-4f43-be8c-a1952fe8a6b6,e163b7cb-f821-4e72-9fc1-69f20bc7f523,JAF-001,9,908.59
9eac1895-8761-4b85-91ac-eacfdbed797a,25d00e70-a14c-46e3-bdb0-dee9f0a86948,BEV-002,2,703.48
5954ac09-f7eb-4aea-8318-7b8ea6322e08,36508e81-5fe4-4e04-936b-684f3e8eac8f,BEV-005,4,449.79
d186993c-dcbe-4c7b-8fdb-1b5d4a7963f9,36508e81-5fe4-4e04-936b-684f3e8eac8f,JAF-004,5,105.63
9104675d-0d00-48c6-90c7-0be25a7ea857,ed8d14c4-f538-4665-a578-49707be101de,BEV-003,10,313.51
bba167c3-43ef-40c5-b617-38d576c677b3,fe1dae34-38f9-43ed-909a-35bbc27303fa,BEV-002,9,398.33
a654a8ea-7ce6-4043-8ec8-fdc7a2bed768,fe1dae34-38f9-43ed-909a-35bbc27303fa,JAF-002,5,741.1
7f723a6a-c4e9-4f28-81a3-5c0aa9d6c5de,0dd7c886-bdf2-4272-b6b0-e2b043c6dec3,BEV-003,10,828.64
1e5cfecc-9f02-4d67-bcb1-2999f19d603e,0dd7c886-bdf2-4272-b6b0-e2b043c6dec3,JAF-005,9,309.95
0d41faea-b324-45d9-98fd-e6b26baaa55d,973b12b1-06f9-4846-8cfe-2e74fa0f6807,BEV-001,3,951.9
578f6f46-46b3-446d-9b16-d8aa740b0012,53b2f925-a770-4def-901e-b0c26b874bf4,BEV-005,2,679.23
611b273e-07d2-4335-97e3-4135eb2cac99,7a5cdcd0-93ad-4371-bb23-bf8f747be154,BEV-003,3,261.24
c2dbef31-2958-4231-91d1-1bb21a54e94a,7a5cdcd0-93ad-4371-bb23-bf8f747be154,JAF-003,9,196.67
3af6aea2-6eef-4da7-9875-6f4317407c3e,24ccb9d7-a9df-4079-91f7-3a4853fa1540,BEV-004,6,63.35
520b4954-79a7-4866-a41f-0787cf765bd8,24ccb9d7-a9df-4079-91f7-3a4853fa1540,BEV-001,8,586.7
c6baf797-a2cc-4b59-897d-43675ec4ff29,3d0b9d93-fed8-4ae3-a5a2-6a9a70053311,BEV-002,2,487.71
1642c112-9512-4b78-9342-3d3e4f1362a8,3d0b9d93-fed8-4ae3-a5a2-6a9a70053311,BEV-004,8,914.17
d07674a5-4483-40cb-a8b7-145be33604b6,2b06b101-a283-46c1-a25d-81cedd5c2374,BEV-002,6,258.1
01c5bd79-1ce0-4d5e-ab81-8434d1bd44f6,2b06b101-a283-46c1-a25d-81cedd5c2374,JAF-003,4,213.27
c8f66557-54bc-4d44-b0cf-bd9bd49c5fbe,2b06b101-a283-46c1-a25d-81cedd5c2374,JAF-004,5,122.94
d3acaaff-e6e4-4ca7-bdc4-a4c1f8d6262f,8c100cc0-ca13-41c7-b3bc-fe57bf9132f1,BEV-003,4,472.99
f37050e4-c0e9-4d89-a162-ab5f8cdd8826,44794e8d-9deb-438c-9095-dd6e7266fabd,BEV-004,7,262.12
988bb107-e321-4a29-853b-0d4e09f0ee11,44794e8d-9deb-438c-9095-dd6e7266fabd,BEV-004,10,143.1
5d054273-0217-4386-86d5-79cf3e114a65,44794e8d-9deb-438c-9095-dd6e7266fabd,JAF-004,1,949.33
3a251922-1935-43fc-86a2-4e1473aeaddc,1350b654-4053-4aae-b287-418c30e9da3c,BEV-001,6,265.16
99c83fbe-90fd-4b9b-af9b-9818aa82ecde,12e5e2c8-adac-40be-ba8f-4b995ce83e34,BEV-002,8,641.76
75b93667-e013-4582-9da5-320cf677dc8e,81c86936-f77e-4d5f-a1dc-a19ef19d15a7,BEV-001,2,478.66
ec8f5cf2-2ebc-463f-ba68-da995ff57c47,5b181b32-0c93-4ebc-adc5-7e5b48e8ee46,BEV-004,9,310.94
6c1f017f-5a53-49eb-bf98-312f3bc2abfa,e97e461b-4bd7-43e4-bbe5-1083d363ba9e,BEV-005,3,459.2
d958b86c-ed9e-4739-a4ed-4ed2e3237f71,e97e461b-4bd7-43e4-bbe5-1083d363ba9e,JAF-002,6,256.98
ce2a9116-86af-4d99-bb40-3540e54d8ac5,b8690d28-f6b4-4a7d-ba39-acc4d5ea0d97,BEV-003,9,243.0
a6b1a2dd-2c25-4d0e-968b-03d743e4c18d,d797b190-a61b-4189-977f-292d0ac93a94,BEV-005,5,387.99
265629d2-da4b-4696-81f2-50c33c73dd94,660eda05-5d07-41da-9a16-3a636455d5db,BEV-005,7,602.28
19743ad8-4957-4819-a62e-dc7a2268541f,660eda05-5d07-41da-9a16-3a636455d5db,JAF-002,10,419.71
12ecb498-b0c1-410a-9663-39b2e8ad25c9,5e865bb7-d44f-4bef-9d1e-b8fa9af2960b,BEV-004,3,119.98
d7b55885-6c43-45dc-b3c2-bbcddc385ba7,fa1b1bd9-614a-4740-8ba0-d37d1ec74f65,BEV-001,3,123.68
8caaee7e-e591-4bab-bbe3-4264d89cc3f8,d0292f54-4d4f-4265-aee5-4104a56dd7f3,BEV-005,3,283.51
52815a9a-e8ab-4449-81a5-245f09fabee0,44d0dd64-4d92-4f17-8f76-5157e5e6c270,BEV-002,3,356.71
0f3f6a66-f6dd-469c-9493-19fbe48d615c,ecdf14c7-82e8-4a3a-8f9b-9aa3c847806c,BEV-003,6,824.16
df734d80-7321-4d5d-95d6-eaf560279cba,ba53e3ad-fa18-4493-9449-5420cdbcaaa4,BEV-004,3,546.81
4bb98fe2-c6d9-4ff0-806e-ef5388250c49,48d586d5-eb88-47ca-86e0-5675b9f4b8d6,BEV-005,9,104.18
211a3867-3d4e-4e2a-8cc7-7960e76d63f9,2b878906-74e7-4f10-b906-93cc98b76e73,BEV-003,10,864.81
2cbdf289-9b46-4145-8851-bf9322773dd8,56919dad-f462-4f1f-b41b-3735057b9306,BEV-003,5,164.91
75658e82-12e4-4330-9ce9-850ff9d92c65,80859a3b-961c-4e31-9433-95bca0854ead,BEV-004,3,632.1
cc12e2a9-b0c2-4515-ac63-be7023917680,34a2dcf4-832e-4204-ab08-fa0576ad68bb,BEV-001,9,125.95
c00f5bcf-53ec-418e-a609-a2d65d5c3670,ef00454d-1192-496a-81c4-4c306dc17e04,JAF-002,6,475.56
c0b62670-8f5b-41d5-bc5d-0fac37a49204,ef00454d-1192-496a-81c4-4c306dc17e04,JAF-004,6,603.2
1293f207-31fe-44e8-829d-e98b94df45b8,fc635783-4a60-419e-8c1b-1853d31ce624,BEV-001,6,932.44
c89f37dc-93e7-42f5-8829-a047471eea7f,75c4a838-b81b-46e7-9eac-eed5f26a124d,BEV-003,5,549.48
1b498f58-6f4f-4b60-93f6-aee4c5e11665,47398f4c-f2cb-467d-8a9b-0845be003d00,BEV-002,6,942.58
bdafe8ab-7ea8-4ffe-a79a-4135a8c2e6cb,4a4780a3-9e42-4779-91fc-646e53dc8e2e,BEV-002,3,67.48
b2887801-2a75-4eea-8889-ce63584d0021,52f36bcf-01b2-45d7-9138-03bfc179d040,BEV-001,9,53.16
c9d8759a-18f1-49f2-86b2-0a39ddf0c35a,a58a1a54-4f74-49aa-ae6c-ad87ad14c89e,BEV-001,8,492.29
06d59afa-4bce-460f-a84b-ee65ef56ecc2,c2032918-3082-4d0f-a5d4-07e7ef5d7ec6,BEV-001,2,954.83
1c070413-c1c8-4587-86c9-b52f456581a9,c2032918-3082-4d0f-a5d4-07e7ef5d7ec6,JAF-003,8,614.39
e734bc13-e749-42b9-85fa-7878e9610d75,00e70d85-b784-4058-b3e6-c9ebe9e9fa1a,BEV-003,10,173.13
7d002def-aab6-46db-abcc-7c1c6cc5b7db,6f0b19f1-42e8-4e13-b3cb-ac1382a6cba0,BEV-003,4,150.8
fe29fd19-f918-4a9c-8eba-2122a29c03e4,9d91bb07-59a9-406f-a5db-71c8b1b969d8,BEV-001,7,592.2
307ee418-c9d6-420a-b570-9603c32a764e,88723b28-d979-43f3-a6f1-e2225e09d5e2,BEV-004,10,684.34
0118a8d3-f617-4345-a036-2b55f151f866,e8c6c686-b26c-4aef-8982-4c16df0363d4,BEV-005,4,341.53
9881ab22-39e3-4e69-94be-a3f28c18571b,8bd31113-9fc3-43e4-ae40-b06a3fa3364c,BEV-001,8,676.09
ee3c6deb-2b41-4514-986d-a5c716617a28,8bd31113-9fc3-43e4-ae40-b06a3fa3364c,JAF-001,4,320.58
149ac292-7a46-4a1c-819d-ca1eadd01f83,8e128eb4-8083-410b-9b4c-de118471f031,BEV-004,1,68.47
0b3b6e40-94f7-4c11-8aba-03915afbcd00,f03495ad-acd2-441d-a1c1-fa019653e628,BEV-005,3,884.16
066dda51-729a-4304-96ed-327aaa2ee276,f03495ad-acd2-441d-a1c1-fa019653e628,JAF-001,3,912.02
2de946bb-6322-4230-a837-c430ba911d93,9e57ae14-c3dc-4004-bf19-68bb194da5ea,BEV-002,6,565.6
d21d652b-573e-4121-b21c-a5f62e5e267e,6e911326-9269-4ecc-b0b3-b46ab1fbbcdb,BEV-004,9,120.73
a668319e-9f1e-43ad-917b-ae8b80ed2e8a,6e911326-9269-4ecc-b0b3-b46ab1fbbcdb,JAF-002,6,97.14
67dfffb4-6004-469a-a3d1-695352e1e2d3,4412ce4a-8852-4eee-81c1-7159b3fb9a5f,BEV-005,1,880.84
a2438ea7-40ac-4c8f-8206-99a105ec902e,c2f0efda-6348-411d-aa69-d5c952a6c31b,BEV-004,2,329.73
077c457f-d3af-4a34-8ce1-85241654793b,c2f0efda-6348-411d-aa69-d5c952a6c31b,JAF-001,2,455.12
4fc509af-029b-4d1c-be9d-a8218da98c5e,001ffcc5-661b-40be-b27c-43a6ca6dbebd,BEV-003,3,93.87
bf578775-4241-4013-a5c6-7ee132de9edc,479824ea-c16a-46b7-a7e7-ec7cf4e9a474,BEV-004,4,107.52
af5422e6-1508-47e7-aef4-7b5ba4c07b1e,479824ea-c16a-46b7-a7e7-ec7cf4e9a474,JAF-005,2,465.51
8bccd670-94a6-4164-9ac1-d5ea4944b983,01b5ef58-768a-4f50-84e3-2c4179f64435,BEV-001,4,980.81
a1db83ad-67a9-4a2e-8926-76fa3935a9ed,b049d44d-c91f-42f1-a3e8-74f8240b109c,BEV-002,8,190.68
fb66b1b6-71c4-42ef-b099-4eb29a2cb5b3,44e7aa3c-ccd6-4286-ad19-0261e43443d5,BEV-001,7,430.08
027b5a08-e908-4800-8352-20a3462ee7cc,2a9345d8-9d7a-4085-adab-990f5a691cfc,BEV-003,9,493.65
dc3372d9-f17e-407e-9019-67b2031aa6ab,a2333c99-87ae-478a-8777-4df8b52afa99,BEV-005,6,908.5
012343ab-b2aa-4411-a4ea-f280d78aa5b2,4558157b-41c1-4cf4-87c3-6ecf6a5c698b,BEV-005,1,384.44
937c2dcd-4d01-4d37-a5a6-06312d77243e,5c2988a9-7faa-4725-9da1-32014c7e01f2,BEV-001,3,787.97
009d51f1-919b-4430-bf4a-c954c340d4b7,45aabb62-d289-4a0f-9d53-d5ca24bc8115,BEV-003,5,660.05
3c512209-6db2-447c-8cd2-71724c9dfc84,09d14e82-2ebb-4fef-8544-7e33d6ed4cf0,BEV-005,9,950.39
dafa2574-343c-44f4-89d2-f72e5abf83c0,09d14e82-2ebb-4fef-8544-7e33d6ed4cf0,BEV-002,2,273.77
c5241aa1-a94b-49da-872b-b25114504232,09d14e82-2ebb-4fef-8544-7e33d6ed4cf0,JAF-005,1,132.38
0916c141-5bfe-4f96-9eb0-eb202d6199a8,b61c6403-12ec-409c-8de9-9053626539c2,BEV-005,10,143.41
a52b8a01-b96e-4f5d-ab1f-858c4c49b501,b61c6403-12ec-409c-8de9-9053626539c2,BEV-003,10,698.87
586925de-611e-481f-b627-0366a5530bc0,b61c6403-12ec-409c-8de9-9053626539c2,JAF-004,2,892.99
a6ad641b-ffad-4394-afc3-34d6ab008e33,2eab976f-3172-4ebc-9cc3-046d5dcb1840,BEV-005,9,943.29
bd30f4cf-6c59-4bd8-b62b-b1e694f86660,e73ea6c0-9059-4c61-8ade-4700d089986a,BEV-004,4,265.17
35798218-22dd-4fdd-a48b-48bb1af1d4d7,e73ea6c0-9059-4c61-8ade-4700d089986a,JAF-003,7,256.01
0a6d729f-060e-4169-96ae-1a28f47e02cd,90957988-203f-4f1a-8de2-2ff3ce9cf2ec,BEV-004,5,551.65
899ff037-9623-4237-8c3a-d148424f8bae,0706d7cc-e353-4595-ad17-2895904a5007,BEV-002,9,826.13
cd3d7f6f-b798-42cd-a4fe-8e6bad34cdba,4551449e-ecc9-4a3d-a250-193f17e45971,BEV-003,1,182.97
35257975-b172-457c-b2d4-fa16ceef2570,bae6bdde-6870-4007-a205-83f65f52a954,BEV-001,2,16.19
713befcc-672c-4fd4-ab1d-006d2d3b8a26,bcfcfda9-efcb-477d-b0db-dbfed352e936,BEV-001,1,134.1
e2bcbbeb-2c1c-4e49-9cdf-829f138ad2dd,6b516802-faaf-4ada-a50c-b8aa038bb35b,BEV-003,7,225.0
1fa660b6-fb50-410c-9f1b-aafd94c09e11,e9d99f86-d108-47a6-94bb-e49efc298b60,BEV-002,5,214.31
8555caa0-9a81-461f-9320-c8f70af6769b,9e4fb2d5-d343-444c-8506-7dd202b1aae2,BEV-005,2,63.8
ac84b5fe-1631-4386-9249-ccff579cd3f6,9e4fb2d5-d343-444c-8506-7dd202b1aae2,JAF-004,5,346.89
aa0d76df-4056-48f4-af3c-d11ee7da4b58,a0d08e13-bfe1-43ae-b07e-6082c40e1edc,BEV-003,1,151.51
603dc148-ad5a-45ca-8cb0-ea3753546fa6,ff6e1466-d475-4dad-a22d-37b43ff39fa8,BEV-001,4,248.12
af637e7b-dc6f-43fd-83fb-8fdd826212cc,27a9a542-36f2-4371-a6ad-6b7a051455bf,BEV-004,6,254.85
9606d606-5810-4c1d-98c2-e36cdb6f12fe,27a9a542-36f2-4371-a6ad-6b7a051455bf,BEV-003,1,448.91
bc58eb94-21b7-4297-a1dd-b6c62e59df97,c9301143-f859-46b7-b2b0-0e5bac0d4b4f,BEV-004,6,121.56
8e2e426c-c659-45b5-9b1c-bc1efcbada41,4e6f809a-0806-4336-bc59-8fb0b4349de5,BEV-002,8,705.71
ff087ae8-f3c3-4cad-9994-7322f11409fc,4e6f809a-0806-4336-bc59-8fb0b4349de5,BEV-005,2,752.74
db32be42-5bc0-4100-8131-f7d0d87372d3,ae046707-d578-4945-9a52-913c400ef4ba,BEV-004,7,445.57
251bcb21-394d-4dee-a755-9fcd14718139,ae046707-d578-4945-9a52-913c400ef4ba,JAF-003,4,137.83
b1082aa9-eb58-4517-8b70-c7408fe2d9f0,9162faa7-1b58-466e-afa8-87e57a51e685,BEV-005,9,923.44
6aefd31e-0af2-476b-8d5c-1cf445dbdc51,11187900-f4b6-4b41-8938-250ada062e06,BEV-004,1,137.4
5bad01d1-e572-44f7-b3fa-87c54d67e69c,eba67c33-a64b-4f55-987a-3cfb94d34fb1,BEV-003,10,796.19
755fc8f6-f909-4e41-a5c5-047a84edcbf4,eba67c33-a64b-4f55-987a-3cfb94d34fb1,BEV-003,1,781.51
d0ef4e8e-1a32-43fd-9fbb-f5803013301f,1a2e0961-8985-40df-815c-4e9f862512a2,BEV-003,1,12.47
6bac681e-1ada-4862-a82c-3c41ec2aab21,f4b45008-d6d8-430c-aa52-0ce66584e3a6,BEV-001,3,883.15
d93537ee-438f-405e-893f-68db38531242,9248cbf6-c2d5-4d83-b3d5-b2b1b1e014d6,JAF-001,8,335.54
7053b443-0bf1-4b1a-8b3d-7c24e8b7d4fd,e8b8bbfc-5dd2-485f-8601-03accc8f2fed,BEV-003,2,666.64
94a27830-ff86-47db-b041-dada3c7d7109,5ab37ea7-ce14-49fe-b072-8a94e9435adb,BEV-003,3,716.22
1d20175a-0e64-41dc-b005-6f0ab1449d53,5ab37ea7-ce14-49fe-b072-8a94e9435adb,JAF-001,9,12.43
7d7b5168-8aca-4cbb-912e-ff648c9cab39,bf7823aa-ed2a-439f-bee3-0f9f831b2988,BEV-002,1,306.97
ab284b7f-958c-4c24-a67f-d00bde8c9095,bf7823aa-ed2a-439f-bee3-0f9f831b2988,BEV-005,2,347.14
608cb7cf-5e70-441b-9b78-71d861f41163,cfb35580-243b-41ad-aca2-4ab661da4b01,BEV-003,1,515.62
6b86b4b0-c9cd-4940-9a41-ae90455c5bf8,cae3bb4b-cefc-44e2-8b83-45d79a943288,BEV-003,1,107.67
4b76c4a2-2d29-40f0-9c19-82cdd786ebac,cae3bb4b-cefc-44e2-8b83-45d79a943288,BEV-003,3,958.01
873b91ae-30dd-49b8-84de-454233f90cd3,7ba4bd5a-02b3-4f75-9d62-597d8d980645,BEV-004,2,680.5
af541f42-e58a-425e-8ca9-9f0f71c465d3,539b42c8-ad89-43ee-96ab-002537abdbad,BEV-003,10,200.68
a5f2f99a-f360-4616-84a5-d905ff80c9b6,a749e401-85c4-4bcd-a78b-d26b321dbd5f,BEV-002,10,405.52
e4046ef7-d811-4f29-aa53-18502dd16505,d61f0c1b-f1e8-48a5-8da7-98317cd457d3,BEV-004,8,445.94
0a8f342d-531e-4406-9114-3d07775f79c9,0189fde9-b4e3-4193-a163-2abd7ea17ca6,BEV-005,9,891.2
a1d6e23b-1b92-4267-94d3-69cff1734b94,0189fde9-b4e3-4193-a163-2abd7ea17ca6,BEV-003,6,707.92
b284744b-477e-49fd-8230-aa026034f5c6,ae969332-3124-4575-9dfc-47fab7f6e1c7,BEV-005,2,907.56
f8757067-27a9-48bb-b14b-1e1984ea6d16,171e7dd8-08e3-4238-b8c7-c96d636060bd,BEV-001,3,637.25
2b631ad0-9fda-4e34-a329-d866cb8a58c5,0a915387-062f-4b0d-b301-3b6307666657,BEV-005,9,757.69
bf362e4a-a671-4fc5-b94f-3e44dcdda359,ed6354c3-6b3f-4ed3-93a0-06a471f79b0e,BEV-002,3,509.99
e5829def-4f5c-4329-9ff4-d0384bcf2716,5443efdd-dada-4063-a5f0-3edd435ee81c,BEV-005,4,147.02
9b952514-5b19-4a3f-ae68-af2cd47703a8,47638208-bb7d-4214-9440-a026e7c3daa9,BEV-005,4,950.01
153c235e-2e94-4186-ab1a-66428b7ed29b,47638208-bb7d-4214-9440-a026e7c3daa9,JAF-003,10,916.16
f1398287-98ac-421f-a076-e275706e2385,a4a55ce8-6913-40a7-a18b-b1f9817e637b,BEV-002,4,573.92
89811d45-7aab-40ce-b51f-6aed35cc54bf,52480656-630b-44a6-ac74-bb640591d1e8,BEV-004,8,750.09
14060ffd-cbb2-4016-8759-df65839a3011,c983fc55-283e-4c8e-b4e3-9b496d06ffc2,BEV-005,6,771.83
5d52a566-84db-494b-8454-38edc1623d14,c983fc55-283e-4c8e-b4e3-9b496d06ffc2,BEV-004,1,60.6
c0c63ad0-9aa8-45e4-bb3c-29f0f0b79d7c,c983fc55-283e-4c8e-b4e3-9b496d06ffc2,JAF-005,7,15.64
330477b1-bb7a-47e8-a9cb-712f06fd15b5,9efe67f5-d307-423c-8ece-8eced96b588e,BEV-004,8,28.27
33d44d7e-7a3e-4a2e-9579-66cb95c56760,a65ea6bd-9e0b-4455-9f62-6f9a9c9911f0,BEV-003,2,126.38
84d37c84-9777-4af0-a618-f290c03b102f,a65ea6bd-9e0b-4455-9f62-6f9a9c9911f0,JAF-004,4,558.81
e96aea00-7639-4153-a692-5ebbd9821719,a14b3178-25d4-4e61-8c1c-389e0bbb050c,BEV-001,1,168.3
29366b56-04fb-4ce5-962c-a89d7bdbbaf9,3336fdd3-1f9b-48e7-a6ad-e331d5fc8924,BEV-005,3,186.16
4d163f6f-60f0-41e0-9f43-3985d97181e2,dc39d3ec-aaad-4880-9497-551deacfd741,BEV-004,2,762.12
5f04206c-1eba-453b-be7c-3af0c2244c79,652e67bf-e3bc-4d92-af9b-6f7b3eab8347,BEV-003,2,402.18
cdb230e1-a7a7-4547-bc06-a1db9968824c,20efc700-1fe6-4c08-964b-ef19331ab55d,BEV-005,1,389.03
9cafcaa4-2fa2-4ea8-b073-06b213683830,4bb4b761-6086-4ecc-846b-fc98a97fe078,BEV-003,6,475.37
86a1db56-c1e6-4d1d-acdb-89d713f136da,5baeb3e5-7b64-4c0a-b3f9-50946b9986c0,BEV-005,7,975.28
42bd8559-2cb2-4eee-a902-411c6033808e,db4f22d5-5327-43c6-816e-bbe4404ec576,BEV-002,4,888.52
d9c902b2-deda-43d2-8fa7-7a791a2e20ab,db4f22d5-5327-43c6-816e-bbe4404ec576,JAF-002,7,791.89
86aa8b76-558d-4b86-8183-f6255ccda4d9,acc992d5-1b00-4d84-a44c-deaf1695d9df,BEV-004,8,154.58
a9a67405-811c-4c30-9ba8-665b2205c8e7,acc992d5-1b00-4d84-a44c-deaf1695d9df,JAF-005,10,979.85
fa464a95-c6aa-4db4-9d15-10ebb9fecf17,7329ffca-c3ab-4902-be56-bde05efff11f,BEV-003,8,59.67
b9ecb05c-eb04-4dcc-b8a3-a654a29cd394,7329ffca-c3ab-4902-be56-bde05efff11f,JAF-005,4,259.6
4c44ea09-4fa5-4ea0-8e41-11cb71f8ada8,8cf26b82-b0b6-49e0-a4a3-d29e9dfe3893,BEV-002,5,78.19
4fc94cbd-2d8e-48ef-8d2c-360891a7072f,aaec912a-4908-4456-91c6-768809f38f97,BEV-003,10,120.38
363b3f4e-ac27-4145-a8d8-aafb6f2f3ad1,99886230-f560-4550-bac0-18615f8ce477,BEV-005,8,811.18
b77c4176-4eb4-4da5-946f-b838526b870d,269fcb8c-040c-4882-8bd5-f24db4e9a7ef,BEV-003,2,877.53
2d9a9d6f-9ebe-4238-81dd-2a9ad77cf42f,2d3d150b-ed81-49db-8957-e257603c7f44,BEV-002,3,869.29
cca95ca2-7bef-423c-a9f4-ad1167bfbff3,2d3d150b-ed81-49db-8957-e257603c7f44,JAF-004,2,894.0
dd34f9a3-18e9-47ba-82f0-c78eb5aabe43,b5cfeeba-193d-4c1e-a430-a4375a7b8547,BEV-001,6,874.75
249b0cee-fa14-4272-bb5a-5acb7f17e623,3e5fcd82-3c9d-47dc-a621-a30efbea253a,BEV-001,1,896.61
7466aea3-8a04-4fc5-bab0-14930b2eeab9,55a539f4-d775-4660-ba91-d7e34a303e93,BEV-005,10,383.08
4484ebc2-0ce5-46ae-bb20-ed1a1748fe25,55a539f4-d775-4660-ba91-d7e34a303e93,BEV-001,4,328.83
afdb0049-27ec-49f0-a2f1-a54bac57080d,55a539f4-d775-4660-ba91-d7e34a303e93,JAF-003,4,977.1
3a41ae14-20c7-46c5-a416-7aa8c330960a,e15916c5-db21-4afc-85c3-1e8194f3b032,BEV-002,10,111.75
2c83d3fe-cd7c-4b81-927d-b8ddc1384091,e15916c5-db21-4afc-85c3-1e8194f3b032,JAF-001,6,749.8
0565a80b-601e-423d-92d3-ae311c3d35ec,acd2f7d5-13cd-4df6-a502-607cca80c9cc,BEV-003,6,452.74
49d0a93b-eee4-4ab8-8c69-9b13f0d19b65,a35e4103-1751-4455-8bd3-7f1c7a25a07f,BEV-004,9,922.03
b3b2ebc5-cbcf-4687-8e78-c36fb6bd0047,a35e4103-1751-4455-8bd3-7f1c7a25a07f,BEV-004,7,748.35
5c4b1f23-c216-46db-afc1-80d4da6188a2,a35e4103-1751-4455-8bd3-7f1c7a25a07f,JAF-003,1,755.69
2c35a3fe-a80e-46e7-9433-2ba3f6a6cc7a,a35e4103-1751-4455-8bd3-7f1c7a25a07f,JAF-003,1,490.47
96b3a877-6233-4154-ae8a-5917f044c614,719b3e98-330d-4fb0-a64f-57041c55f9e8,BEV-001,3,660.71
0a89940e-45cc-40f2-96f3-a1fa12619b44,5a20d9a5-dbbe-4399-bbdd-5465a9c98204,BEV-005,7,751.49
d42c37a7-3463-4db7-9034-29fc487935f9,a165df16-058a-4d8a-a624-efb50b24baeb,BEV-002,8,576.11
9ac002ce-1632-48b1-b9a6-74571bb8db3d,a165df16-058a-4d8a-a624-efb50b24baeb,JAF-004,10,361.27
8b21d787-98e4-4fe4-a632-c5eeed038378,70c70f02-d8a3-4b50-8542-a60940388f47,BEV-005,1,942.52
14f8261f-cfbd-4b3b-9eb1-65a0d3aede59,70c70f02-d8a3-4b50-8542-a60940388f47,JAF-001,5,25.47
37148b6f-16e7-4d39-9e26-f9c547890d1b,5a0c109b-a010-4081-8c72-f28449c99ad7,BEV-001,8,531.06
ee54c034-5b86-4f70-bfc0-563a42376e4f,627100f0-3b6d-4de6-a0fa-636eccf121a7,BEV-003,3,784.53
ec28de95-6aed-44c2-b059-8ec512472f35,627100f0-3b6d-4de6-a0fa-636eccf121a7,JAF-002,10,888.35
8aeb85ec-2932-41a6-8fcc-487999e3fadc,5632b543-9498-439b-afcb-0403f39b7fa4,BEV-002,8,803.56
d6bf3043-4521-4b7a-acab-904571a09cc3,0910952c-baf8-49ac-9c8e-8af163d2033c,BEV-004,3,772.46
b1e59d9a-0857-4ed7-b5c0-da75f15db2f2,5c8bbcb9-25a7-400f-8acb-1e8bbc84946a,BEV-005,1,824.75
615d8a66-9de5-4bd0-95d4-62e48814e914,5c8bbcb9-25a7-400f-8acb-1e8bbc84946a,BEV-001,2,20.18
7d5213a8-ed28-40ab-b8b3-7f8a5b6bb67d,5c8bbcb9-25a7-400f-8acb-1e8bbc84946a,JAF-001,10,974.69
2619dd88-bb43-40dc-88a4-a50f0383f213,88868446-cee6-4a2e-8d55-0d7424e8e6dd,BEV-001,3,939.71
cd5e7025-e960-4842-aff0-fdef6d025913,01d9decf-2690-4ac3-928b-3b9404551ad5,BEV-003,1,548.33
54177e5f-bb66-4d90-8bf6-84b42efff53f,16622616-a1f4-4e19-83a5-d531e16a79e8,BEV-003,10,640.32
4f2dd096-84f5-4a5b-af15-bf5e310b3422,1c06bd89-bb63-4e2e-95d2-9163d88fc269,BEV-001,2,204.15
fa5be2a0-6db8-4b1a-9985-6bf4492cbd84,1c06bd89-bb63-4e2e-95d2-9163d88fc269,JAF-005,7,287.48
7da172d6-5c17-4c47-b790-4e6efbd82865,03c2a1f1-c4e5-42a9-94ee-5935054439c1,BEV-005,10,640.35
4ce85f9e-3138-40e9-8e12-355b3d3f78b4,37753130-e3f8-4d34-8232-4baf59fdd7e4,BEV-001,9,700.27
0479e35d-73ae-4e2c-a171-445c1fac1d35,3d9404f1-b74c-4b21-8496-a15dde2bb70a,BEV-003,2,591.17
3ae3945e-ceb1-4390-a608-5de71887c8a9,f18cccf1-9f9d-4070-bb10-3b7a32ec6e99,BEV-004,6,449.06
6fcf8eae-725b-49ba-88bb-e86ce31c8de5,0c9606fe-cd22-4f19-83c0-061d961875d7,BEV-003,7,501.97
e44b109b-cc8c-4796-b528-6856d14a7d50,0c9606fe-cd22-4f19-83c0-061d961875d7,BEV-004,8,250.59
840f3555-2a41-4401-98f7-42373f619dd4,e9b18a8c-9acd-4c19-b398-3a1660242c80,BEV-002,3,761.1
af073df9-a53e-4eb9-818d-f73a4598d8ff,ce446805-d30f-46cb-a2a8-c66c689ffa07,BEV-005,4,564.07
274575dd-f1bd-4569-8f5d-1b45800127c4,a11c6858-9a93-4323-9da6-71b82c4e893d,BEV-001,6,934.41
351f357c-f009-485b-bafa-a48aa5a51002,77b07db1-f0bf-499f-b630-b98bbaf5bc35,BEV-005,7,183.82
4053b8e8-7370-4799-bab5-78f767dec97c,a8ba8bf6-9651-497d-acd1-06cb607ba07c,BEV-003,10,241.42
c38febff-4c7c-4b22-b98d-538ce692b062,4901ec4a-cfe1-4a93-9931-c1cfc9426cb6,BEV-001,1,363.81
7c510cfb-acad-4bad-9667-556b3d926b3c,4901ec4a-cfe1-4a93-9931-c1cfc9426cb6,JAF-005,9,22.16
bdbb8be4-871e-4bdc-a878-86de24bb4604,d28a94e9-e4f2-4f7f-8b79-d8bb84345705,BEV-005,1,540.53
e3d4ab1d-8785-4a6b-9e05-c0abf284c995,d28a94e9-e4f2-4f7f-8b79-d8bb84345705,JAF-003,4,160.6
12c5ee09-3787-428a-87b7-f8be8c922380,5aac7c07-0a9a-4b5e-8cc0-e3fff2c79abd,BEV-001,4,274.51
382c0681-f9c6-4c40-a808-6fb507c9d04e,2c27a864-ac6b-4635-aeb9-20dcb9cedd05,BEV-003,6,776.74
c1a479ad-4374-4be8-9163-ae7adc50250f,fd816de8-35bc-4f39-b1c7-f9e00bc9b703,BEV-004,7,41.41
620677cd-869d-4c56-a1d1-5507040c5ad8,c4e9e1bf-9a38-4f37-b59b-ca709ac42b7b,BEV-003,2,783.99
6d5dac56-de49-4ba2-be61-db474c9bcd20,41c171ee-0ca5-45e5-a884-328b8ba7ce46,BEV-005,3,446.66
aad932d3-048b-4f47-ae02-c435f0b8cb24,f7b12d78-4a21-424a-b5e5-0080e6fab8ef,BEV-002,3,34.92
c0cd666f-4015-4882-be60-7add4fd13564,d5660646-7c6c-4344-a71b-544dd1781ae4,BEV-004,5,177.59
d88f6519-9afd-4b95-b70b-e8c68d6dbefb,d5660646-7c6c-4344-a71b-544dd1781ae4,JAF-001,3,54.34
1d6c9ddc-30f3-407a-a7a5-01163ed9d519,d56a1e96-67de-4405-bafb-b7acc040a963,BEV-005,2,826.2
e0f47cb0-a469-47af-bc26-f74e97d26d48,d56a1e96-67de-4405-bafb-b7acc040a963,BEV-003,4,682.08
ee628ef7-9cb7-4f36-81c1-e047dd949302,9ea64c0c-13b2-4ab3-a743-cd6cc71a746f,JAF-005,4,384.16
316cc3a6-c298-4658-b51f-00384d8fb1c0,9ea64c0c-13b2-4ab3-a743-cd6cc71a746f,JAF-003,4,755.89
1b9ea290-dae7-4bab-83dc-bf2555bd3de1,f2a86423-a2c2-4956-bf99-8b56f3c3f771,BEV-003,4,160.25
28942f69-5572-4909-9f77-a9d351f57824,6b8716e1-6546-4671-8f0a-95818b1d9b44,BEV-003,6,828.96
ebead152-5efe-42c6-a965-f8944c16b400,d930da6a-ee5c-42f2-8b3b-f6d379a5e7de,BEV-004,5,642.39
d1036b13-363c-4d2f-aabf-ead9f31f361b,d930da6a-ee5c-42f2-8b3b-f6d379a5e7de,JAF-005,7,675.68
eb7e92df-7d3f-4809-bd7c-e83d82279cf0,89220e32-ef48-4146-ba05-03329b233d87,BEV-003,4,159.2
9779eb5b-ebc3-496f-aa1b-2c84a89be818,49987ae3-6835-4e40-ae49-a6411ea63868,BEV-005,7,923.45
d17b02c0-18eb-4de5-9573-35ef883cf6a0,49987ae3-6835-4e40-ae49-a6411ea63868,JAF-005,6,63.95
86f398f2-dac5-4992-baa2-cf0ed3e9c083,a94ed4f9-5d32-4748-823c-96fe7cc3c0bc,BEV-002,1,627.16
91dade94-e5c2-47ee-b01c-614884d7d177,a94ed4f9-5d32-4748-823c-96fe7cc3c0bc,BEV-002,7,869.38
5da9e2d4-26f6-4373-b5e2-f8f0c7b65d08,a94ed4f9-5d32-4748-823c-96fe7cc3c0bc,JAF-004,9,992.88
78c0ad9f-3e85-4507-854b-c1b299c5c3eb,a94ed4f9-5d32-4748-823c-96fe7cc3c0bc,JAF-003,3,259.24
f72cfd16-37c3-41c7-8458-f8628e139341,569e7cb9-78ad-47a5-9428-8250d616f699,BEV-004,10,363.62
03700de7-0a78-4e43-b3ed-4d634e11d438,cc7ac85b-1b32-4876-a4ad-4e8776ab57c8,BEV-003,9,505.95
77d56397-93c0-459d-aec9-2ef8605a0e7a,d67f15f0-d15f-48b6-b6b1-cc4a85383e19,BEV-001,10,280.65
f48854ab-1f00-4aa5-936b-5a8d9b095ac4,285fd881-ea39-4256-ad1e-70bfa0fe445f,BEV-001,4,462.07
de8de21f-a0cd-4c0b-9f23-a3badb1a6845,6d19beaf-a093-4c21-b6c2-e6ad8d8c5f23,BEV-005,3,222.12
ed3aca19-f6ce-4828-9ef8-41b2db7a2c5b,1fbdd0f5-ee3e-447f-af61-7be83a26e73d,BEV-004,8,706.09
96944cda-b6fa-4f3e-910a-1c34b752fc65,1fbdd0f5-ee3e-447f-af61-7be83a26e73d,JAF-002,1,65.4
da78f139-57d0-46c3-a1b6-4385b01e0904,3ecc12b9-aa02-4332-95f1-3c8983684d2a,BEV-004,10,691.17
2e12ca14-85f5-400e-8d93-0cc3a88b5e9a,a56135c8-5789-4d96-954e-20d1b44dd550,BEV-004,4,188.67
9398e0b2-68bd-45b1-aab5-364af0b8a6d0,43139079-7d47-4efe-8e96-4c7219d51791,JAF-005,4,566.1
b2823f0a-616c-4929-83c9-ac2392011ea9,e6ae1604-c33b-4de5-bc27-fbbd806d177b,BEV-005,5,667.25
cc21fae6-4009-4b55-96fe-b6fee97a00ad,e6ae1604-c33b-4de5-bc27-fbbd806d177b,JAF-001,9,382.86
a32331d2-4a15-4669-aac9-cb1f31083113,e3cd81ba-c8d1-481a-83a5-e4eaa2147dd9,BEV-005,7,450.4
ef0ea892-8a76-499c-9931-327decf93d8d,cc4ee68b-ea10-4fa7-9b6d-dfcc44beebbd,BEV-005,1,625.47
8c7b2458-bfe4-4b0c-9379-e3d8e4e9aa6e,4001f8c0-2cb1-4613-98fd-5d9668755f24,BEV-003,5,513.09
f5de924b-46ec-4b00-9f5e-e4978bc2a512,22b0a680-4871-4d68-9443-40a3b5cf35db,BEV-002,8,537.31
222f8a4d-597e-4c0a-b9d5-50b0217f1e95,94906615-8cda-4ecf-8630-cd086547aec7,JAF-003,1,267.4
b77e531d-971b-43dc-a35e-e95033a56ebc,94906615-8cda-4ecf-8630-cd086547aec7,JAF-001,2,279.47
3afac9d7-afd5-4f24-a8e0-3f7b7995b06a,71aa5f19-54d5-4937-95b2-bec235774f01,BEV-002,8,742.81
1c411b55-1e41-4985-8543-1cb41a1a4b0a,3120af39-fd14-420c-9a37-c100b8351d74,BEV-003,7,866.76
80b105c8-87bd-4f4a-ae53-b05492cf9bea,3120af39-fd14-420c-9a37-c100b8351d74,BEV-001,4,898.74
81c818f4-a50b-4ba7-9c4c-f8ed2ddeabe8,610e2522-7216-4b5a-a392-35c7418de415,BEV-004,2,323.4
f192ea9d-b80e-43d6-9e61-a47966885d71,7257a102-14fc-4f12-b4ff-0a00ed7122d7,BEV-001,5,175.27
f11ecaba-d9dc-4398-90c9-9844fc79418d,cfb3ff59-4d67-4b23-813b-094fbdbe5972,BEV-004,1,807.61
ffd275a4-6d61-456d-8c14-88b35e7933a7,b4f94729-a7c7-46b9-83e6-d50b684d46e6,BEV-004,1,975.64
6b9412d2-ac96-44ac-836d-9e3a8b2acd33,b4f94729-a7c7-46b9-83e6-d50b684d46e6,BEV-003,10,430.3
6d1032e4-1342-4ad7-8d07-4d93b73bbaf0,b4f94729-a7c7-46b9-83e6-d50b684d46e6,JAF-005,7,477.18
e6cf0b29-eed3-4b43-bed0-35e71e7a3192,b4f94729-a7c7-46b9-83e6-d50b684d46e6,JAF-005,5,119.03
6db2b651-4047-42db-b964-de76c5febb14,9c71c5df-441e-4088-a4a3-beedce535512,BEV-004,4,687.34
e728cac8-25eb-4b40-b2fd-6d5d7d694e93,385159f9-18dd-430c-9f40-79e68c973a24,BEV-003,7,372.14
8116b1a2-47f9-4f56-882d-b5a43ec4c98d,385159f9-18dd-430c-9f40-79e68c973a24,BEV-003,7,222.99
c2ac9adc-4923-418b-8a28-2413724e3b4d,385159f9-18dd-430c-9f40-79e68c973a24,JAF-003,5,19.97
38135a72-f1cf-4fe2-b1e3-8ae9c224e314,385159f9-18dd-430c-9f40-79e68c973a24,JAF-002,6,226.23
ff12d86a-45a9-42bd-af96-5e529707ab86,e75ce80f-4878-40e9-b727-24efdfecf363,JAF-005,10,661.21
95f73c74-4d31-4b9a-beec-359a6dccd430,0424eb89-793e-4791-887b-7555e45bd555,BEV-003,1,889.27
0c78dc54-e83b-4002-82b5-80a98b72e75d,2b433ac4-14ab-4103-ba5c-80172e087f94,BEV-003,1,418.07
5a1f12f9-171e-420f-afb6-a401d4abe0de,7975c128-76bc-46d5-97f3-d3dd6ff7cdd4,BEV-003,1,746.29
60169a19-3680-45c0-9d64-a24b9300abcf,99479731-70da-484d-99e4-29a510e9a584,BEV-002,1,507.77
f0f5be01-6e28-408b-b390-a63883bd9c02,99479731-70da-484d-99e4-29a510e9a584,BEV-002,5,844.44
1bca6675-a92a-496d-840a-9f8a1cb36da6,f65f68f1-f55b-4943-b078-3ff48b8b5287,BEV-001,9,396.0
2682eab7-83ce-41c3-b326-011d94e4606a,89a82809-a424-47db-8935-6f4e74e44ff3,BEV-004,9,527.14
28d524ac-bf8b-468f-8304-fb5e428258a2,89a82809-a424-47db-8935-6f4e74e44ff3,BEV-001,3,466.38
dfaab18e-b51c-4dc8-b4d8-53c7fe9bb531,89a82809-a424-47db-8935-6f4e74e44ff3,JAF-003,8,110.78
989363d4-240c-45db-8b49-41db545c37ed,07ddad64-5992-4c4e-9a6e-4ef192585dca,BEV-001,9,363.4
dacb21ee-e30f-4c62-b2eb-c6ad105afc06,c1cfe247-31a7-4f8f-9c93-4eb95631af89,BEV-003,8,75.69
8dc7b768-18a2-44e8-8548-22e0bae2864c,bd83e6bc-231d-4b5a-b599-0a60e2a42678,BEV-005,2,582.95
a1cb01fc-eeb2-49d2-a37b-c6262bc4b7a6,3fa46a36-2e7c-4bf6-9f23-4c1db5b2ddf2,BEV-005,10,126.26
219dc821-7b1f-4d26-91e5-d2ec71a4b4da,426fb68b-c0d4-4854-8208-f28773ba4fa6,JAF-001,5,525.29
464021f6-b668-4e88-a2ab-ac974cb16b31,426fb68b-c0d4-4854-8208-f28773ba4fa6,JAF-003,6,516.15
db21d058-f2fb-408e-aa65-408cbff1a67f,b083fabc-9043-4ec2-9cab-72f8b17949d2,BEV-001,6,631.09
bfc9d280-3ba9-4248-8e99-eb34b14c207e,05a75f16-264c-4c48-bd3d-b23d95157bdd,BEV-005,7,579.6
5d69ea31-2423-4834-920a-d8c8b1ea007d,a4843527-1ee1-46fe-ba16-8462f5ceffb3,BEV-001,9,508.05
fdd2693e-4603-47ba-955b-b842c61a8599,ca81d894-6e1c-4995-8487-0d0d50da4222,BEV-002,2,185.15
2bd9a3df-3b23-4ce8-9822-0045af8f1a40,bab1d47e-de4b-4f4d-8552-a91d80f1dc58,BEV-005,10,911.48
4e17fbc4-e544-4d6f-a3df-0835580eb195,5e8bf68e-f6e8-4fb5-88ae-e8f517457db4,BEV-003,1,948.96
c85c3d94-7af7-4a1f-93ef-057bb7a58ca1,5e8bf68e-f6e8-4fb5-88ae-e8f517457db4,JAF-005,4,20.02
3d15c248-46a5-4094-8317-8d2c3d0408d8,e8e7f478-4f33-4692-8b01-256db05ae748,BEV-005,7,910.25
81603f5e-72c0-4f3c-988f-757f501928f4,92c36bb7-7709-4c97-828d-43cc883399b5,BEV-001,6,322.55
6ec2f201-7bb0-4ca6-80de-96f01e403021,8915ae3c-cbcf-4017-975a-71db029bbc8a,BEV-003,2,691.02
420ebdd6-d2a5-4318-8085-e412aa3d9252,4c0af562-7096-498e-8c8e-598545ff7b82,BEV-001,4,548.61
13466dfd-5fe0-47a7-8f76-d4993639730b,0a242049-f439-419f-b72f-d5afb6d28bf4,BEV-002,6,629.12
d910e6a8-bb6f-480b-b7ac-59cf8af1bb94,d960981b-22c4-4442-be45-cc603ea29b02,BEV-004,6,238.2
82e38120-19c7-48e3-9635-21b722730d6c,200cb92c-4b62-4dda-8ae7-6e07cceaab87,BEV-005,10,617.73
95d59567-f4d6-4c66-8b03-80d431815ff7,200cb92c-4b62-4dda-8ae7-6e07cceaab87,BEV-005,6,634.57
8fdd7329-f62e-456a-ac1a-67c7d8b4f7d7,39d6ec7c-fff0-4f81-8c4e-8624e481e3be,BEV-002,7,207.72
8f43008e-7a07-4d80-bcd6-a262720fc332,954519d1-125a-4fef-8f82-34c0cca8e5a6,BEV-002,5,206.59
0b23f557-6d18-4efd-8876-fa6b01eca388,0eb33f10-421f-4b71-a1d9-e057d1ccfe40,BEV-003,8,612.04
1a6499c1-8320-45fc-8b26-55eaa2e76ab0,bf445bce-2611-4e4f-ad8d-08410850afe5,BEV-005,1,291.55
025df21c-ecc2-4649-b623-2c35f91fe0d4,bf445bce-2611-4e4f-ad8d-08410850afe5,JAF-004,8,447.55
6688971a-3784-40a0-ad2f-145672565ac3,ff022f1c-1771-4202-a8a4-bb679ad71f01,BEV-004,10,917.86
40c38f43-7f8d-4f01-b23e-29abe34bb6f3,8f303899-32ea-455b-bbf5-1e17aeab714b,BEV-001,4,974.23
8a121b86-c0cc-4f8c-809f-e6c3103e53e5,8f303899-32ea-455b-bbf5-1e17aeab714b,JAF-002,2,507.98
61a11ed3-979c-486e-90aa-a361121e9a12,35db0bb4-74cc-4f3d-ada9-15c0fa7a3637,BEV-004,4,376.08
98dd684f-0947-4519-b671-1d9811e57d3c,a7103ed8-20e6-4209-904a-dab411165a51,BEV-002,3,210.4
3e98d7a0-a301-4caa-9cc1-f34fb0241ce6,c64e00d8-2920-4656-af19-4ae37489813a,BEV-001,4,170.95
cc13090d-c1d7-4fa0-a32f-40e5bcc728b3,266612b5-74b9-4e33-9807-1a3034006cd3,BEV-005,4,504.9
be025525-9111-4d5f-ae98-82f38bd2821e,d503f7b5-64d8-4e3b-90d0-911f4b521fc1,BEV-001,8,658.69
7eb9006f-ac52-4457-b15c-4ccbd82914c5,83e59e96-2101-4e5d-99e8-9a4e2add57ff,BEV-003,10,329.38
a00f96de-49a3-46fe-9048-10d25a3c6205,4a4680f7-20d1-4ce2-a092-3470db08d25f,BEV-004,2,483.2
9c13f489-19bf-42ca-963d-9abe6db187c9,4a4680f7-20d1-4ce2-a092-3470db08d25f,JAF-004,9,348.24
4b41cb49-b73e-40b9-a4ad-bab17d817836,d9ab5471-5e0b-4fe1-8389-1f0be7c0ee5f,BEV-001,2,760.33
c1b43eba-9fd3-47ae-8d2d-14ac1365afd7,25920faf-f2f5-446e-a534-52a96b0a5a3b,BEV-001,9,105.99
6afb17ef-a4c9-44ad-8ba7-61117096facc,25920faf-f2f5-446e-a534-52a96b0a5a3b,JAF-003,2,383.56
2a23435a-f3db-46d1-9fb0-03a78fecd7de,a52481fa-9665-4fc4-a02c-965323e725b1,BEV-003,10,604.56
8a36a472-3180-48a1-914e-c569fee753f9,8135d810-ba33-4f70-af8e-8f0fe69975e6,BEV-004,6,694.36
f5f33d2e-c14f-4c03-a1c7-982429507da1,b3853af2-ed17-4da3-8b7f-ac2d6997103b,BEV-004,5,584.68
7729b343-a8c5-4f7f-8e8a-b1488d30298f,6c6779a6-698a-431a-826e-d863e919ae78,BEV-005,4,965.35
8a666600-e2b4-4793-b83a-1761a07482ec,f93a2c34-ac74-4f88-9591-55de0150df24,BEV-004,8,71.2
b4111554-cbff-42de-8b63-97b69f834335,a12c720f-eb07-4ae7-ab46-889bd3e4071f,BEV-004,4,717.7
c7f89c4d-3ce4-46d9-85a5-83e3ca34c890,8f0538cc-c4ae-4dde-8d14-11ac277afade,BEV-002,4,23.31
fbe45689-a5e8-4660-b3bc-f0b984c43016,35bf5dd8-2a9a-4e23-9e30-f5c5e6d7d9b7,BEV-001,10,647.92
39341947-68b6-487e-9355-ac1e9fe799ef,2c19d4f0-bf3f-463b-987c-6d1c664d58f6,BEV-003,5,764.79
b5097561-455e-47b1-bf07-f802449a5236,2c19d4f0-bf3f-463b-987c-6d1c664d58f6,BEV-002,3,688.54
393bda69-408a-487e-b149-d9e120568cd1,e92ea361-0436-4658-a013-7d49d65c0780,BEV-001,8,107.0
663148cd-bc9c-47dc-865a-869afb26346b,e92ea361-0436-4658-a013-7d49d65c0780,JAF-005,6,812.77
390f914d-b18b-4e1a-88e5-d3230a78b1bd,35c0190d-2431-4d65-890d-6583c42712e2,BEV-002,7,425.08
9c2a2b22-0c32-4ae8-9cdc-9fbc0be592c0,6d1dd3a7-ea94-40af-81aa-fd10bb5a5902,BEV-004,10,959.27
a9e4b92f-cb5f-4613-8479-ee77aeae6963,f404eeb0-d75a-43a5-9ae0-ca03d1d4a2cc,BEV-001,7,902.41
531f632d-5db7-4c34-ab36-d15882f33611,912d5bda-8b9b-4e33-a770-2fbf4b3070c4,BEV-002,2,255.62
a4dc02e8-939f-4dce-95c9-be953a7d01f6,72c43608-a06e-40b7-81cd-8d34c6aca2da,BEV-002,2,290.3
e19593cf-a893-41d3-b8f0-8b5959c9ace2,2cbf2eef-3547-4469-863a-e512e78a5f98,BEV-002,9,288.26
1ea07f1d-b1e3-46ca-bcc5-db65a7c3d97b,8ced3abe-e469-444c-bb9b-59c3fb8e0881,BEV-002,3,653.93
e3144cff-763a-4a11-96e8-5344ea7d5b00,522adb80-076b-44ac-a9b8-de698125daac,BEV-001,3,189.04
4fe1bd21-dea0-4b50-8d41-96584191bb06,ead93594-53a6-40f1-952f-fc84c2fff6aa,BEV-002,7,93.46
1611e496-a0d0-43c5-8f17-72ff4b858424,e3fbc80d-c48f-415e-9e63-074f74a8232a,BEV-002,5,551.64
a71f4fd8-13fe-4819-92d1-e1dd58b9c444,7cbd2f71-72ba-4864-982f-200d270847fd,BEV-005,5,933.11
08fa038a-6675-4841-bf49-8a6517b7cec2,740e03a2-29e8-4fba-b122-ab99ea6a6e95,BEV-001,1,818.7
566a4274-3b89-4c47-8d21-0876f19907a3,8e471615-3a72-4eac-a6a4-8d013716870e,BEV-002,10,794.97
95365183-3746-485c-85e1-6af41474de7d,a11d70ec-1ed4-4234-8c8d-516d76c02b1c,BEV-005,7,362.66
52936a1f-608d-46af-970e-340d3537eedc,a11d70ec-1ed4-4234-8c8d-516d76c02b1c,JAF-003,7,386.86
f6a96657-b17f-4fcd-8c50-33b4dcb116eb,cf60591f-3b18-4a00-b75d-fe36858e2e72,BEV-003,4,897.39
f45ee835-f8b8-4127-979b-d152da585612,cf60591f-3b18-4a00-b75d-fe36858e2e72,JAF-003,1,831.93
450fa453-8ec1-4ad3-862f-674fd94c53fc,657d3498-c1a2-4b4f-9445-6536bfae9b2b,BEV-004,7,218.67
a4080556-a2ad-4c74-9636-9315bb6f4bf6,8b6cb456-e00d-4c43-9a13-577e2f277d9c,BEV-001,3,895.54
c069c439-885d-4f3f-81c2-a6de69efea40,8d2946e0-57b7-4fc5-abc5-c276ba534868,BEV-001,9,830.79
f1bf79e5-e77b-43c4-9775-5e327c6135fb,d23165db-897b-4a17-add3-428cf90ef44f,BEV-002,5,357.9
f63908ed-add6-41e8-a110-1cd7405f412b,583a7387-6d41-4f7c-a7ff-5c689aba22c2,BEV-001,3,873.99
366af425-c550-43e2-b0c2-6c5f231712ba,583a7387-6d41-4f7c-a7ff-5c689aba22c2,BEV-005,1,296.72
f93c11dd-7b66-4d69-ac2d-075d60cfa513,583a7387-6d41-4f7c-a7ff-5c689aba22c2,JAF-001,10,485.26
ec4cd723-c411-4cf0-a952-acb60cebdbde,a7ea6d5f-bcc2-45c4-baf6-a7eb286b266c,BEV-005,9,461.15
5849fad8-e888-4d69-aa8f-877ea83e96d4,e2a1a1b6-43a3-4c15-80db-ea9935a8a1d8,BEV-001,5,753.94
72e5bc22-8572-4471-b44a-eef402d29a3a,2a6b942e-10f9-4be0-8d32-be3a3a8c16c8,BEV-002,7,84.58
d67abc00-ac29-4c34-afd9-d37fd8ef1b32,2a6b942e-10f9-4be0-8d32-be3a3a8c16c8,JAF-005,8,722.66
e3be9b16-a1cc-492d-a56c-26e9c39c634c,9d51fdec-73ac-48a0-95f4-f90efcbe07e5,BEV-004,1,646.22
505dd4f4-3d8d-4074-b8d6-583928445318,abc0232c-47a3-4573-acc8-d978a7b4c8f3,BEV-003,8,128.98
9d2ef685-2d3a-41ab-98e9-9021492fbf7c,abc0232c-47a3-4573-acc8-d978a7b4c8f3,BEV-004,4,829.06
45843698-a9e1-4c78-952f-ac70b11ec69d,5e17d247-7f7e-45b3-bddb-ca1df12932f2,BEV-001,6,355.76
b1117aba-4fef-4f7f-8021-8e7050fd1ad6,e8a480f5-365f-45a1-a070-6781d6aa228c,BEV-001,4,319.73
860b6a96-8a2d-4d22-8bfb-8c00a12b0d6f,a4cdd5f0-34eb-458f-a2ac-57548c6ce14e,BEV-003,4,154.21
3779a99e-eab7-4fa4-b3eb-9a60eda1063f,4d725f7f-cfb0-4dd7-8391-bbb624a52e67,BEV-001,8,130.96
8496ce16-92e2-46a2-8e46-825a81f67e3a,4d725f7f-cfb0-4dd7-8391-bbb624a52e67,JAF-004,4,311.11
b6f81d0f-01f5-485b-bb3b-c20c6dd9fbc2,5451e57c-8414-4d79-a594-fbe52fb234d5,BEV-002,8,707.61
6201e043-8640-4b10-9b77-b6f6afcf8cea,623dc35d-18d4-41ec-b119-8e8c43d21f13,BEV-001,7,474.61
81a97155-dd65-4bfc-950c-5a130f9f3235,623dc35d-18d4-41ec-b119-8e8c43d21f13,JAF-002,5,455.92
01ce0ee5-c85e-49dd-a803-6ded0a6d3251,9d2b6727-52ae-49ff-93e2-df2f521929ba,BEV-001,9,474.79
18d18b79-552c-4941-825a-f4f54bdfe790,43196229-ba2a-429c-9da4-f4bb15a4b884,BEV-001,2,397.77
64a99f84-6765-465f-9ed5-a52d298d9786,731b291a-35f7-49b3-99b6-944ce3107381,JAF-001,4,943.04
49266523-a066-4c87-87ac-98cb0a663674,731b291a-35f7-49b3-99b6-944ce3107381,JAF-005,5,806.23
0db75b46-24d6-4c47-9a63-e8f9bb3d8c21,43adf7b8-6212-40b8-ab8a-994cac654180,BEV-001,8,691.31
0c3d1f02-278c-487e-9faa-44d720a2bf6a,2a1ff449-a7f5-40b3-bb56-a851fbbb4625,BEV-004,2,810.06
3c3ac347-e83a-43a8-8769-4e7f9872a3e2,ec1f1bc5-e102-4fce-aa1a-394770272d82,BEV-004,9,811.43
708c28e6-2e33-4d4e-8614-30dac80df6e6,2b87e24a-95b6-4420-ac65-d7cfbed26358,BEV-004,2,39.22
2eac46dd-df16-4bfb-bfc7-bccc2eea49d9,2b87e24a-95b6-4420-ac65-d7cfbed26358,BEV-001,8,448.23
06e249af-0e27-43e6-9a9a-16ee759b01ec,2b87e24a-95b6-4420-ac65-d7cfbed26358,JAF-004,9,237.94
467d0586-cad9-49a0-a554-1cca84fd4fb3,724546a8-8dc7-4497-b0e1-d97f83be13d8,BEV-001,4,921.56
41496398-a53f-4461-a494-74306ed2cba6,e44edf73-b270-4a1c-aac4-2ebe853c247b,BEV-004,3,30.17
870ab95b-d47d-4835-94ac-e15a0a64e354,0cef337f-01e4-4c25-ba3e-76d9aa8d63c0,BEV-002,3,435.05
781e2510-991c-4ea3-871e-7cb7d1defb39,0cef337f-01e4-4c25-ba3e-76d9aa8d63c0,JAF-002,5,776.26
472b6da2-a4e8-4604-80a6-d955ad76c3cf,90f86db5-3a78-4295-ad46-14a55ce905f8,BEV-004,4,207.46
0f67d88c-1686-4d78-a5ed-0e76eff0bfbc,1d64aa9a-87a5-4bea-8f8c-e5924f56b663,BEV-004,7,471.29
a10083ee-1a01-4822-9068-563a5a4ab7f2,dacb2188-ffd9-49d3-8a87-752aa1008421,BEV-002,7,989.17
9af1fe37-cfa8-49a6-9052-d54a63e228c7,dacb2188-ffd9-49d3-8a87-752aa1008421,JAF-001,4,494.38
5cb6b58d-3989-4cdb-9f11-95310c085b6b,2d9c75d2-f3f7-46d4-9e05-254545ced6f6,BEV-005,9,566.24
2d56d07f-4cbb-4ae5-8bde-f57232ea7c7f,b0236e43-33d9-4bc3-ab4e-1b8d31878fd2,BEV-005,10,729.13
456191d7-73da-47c7-89ea-8efedff1b5f4,749509c4-66f9-4ac9-957b-6b103a1a6c86,BEV-001,3,923.54
016549c9-a92b-4ee8-bd12-12f646c73aee,3e286405-476b-41ba-a589-d977f6ecd40d,BEV-003,4,123.31
716a9717-82ff-4b17-9ead-ee4db8702d72,5f13c027-2675-44cc-a6b5-cca6ae1742c0,BEV-001,6,40.39
cff13834-096c-49b5-bc4f-673b7fb215db,36c65be8-9d31-447e-ac1c-30da4d75dd5d,BEV-004,7,402.08
655960ed-d897-4eb0-97fe-75fce595c2cc,0f1f8809-0311-4596-bdf5-9d260a2cff9b,BEV-003,7,951.11
ad5394ad-5e45-4b2a-bfa6-636805a2c53e,0f1f8809-0311-4596-bdf5-9d260a2cff9b,BEV-002,4,148.65
2a7cf3a4-b437-4bba-84b4-59ed8139af9e,33e33e78-1b02-4b46-a27d-b9045b616313,BEV-004,8,660.18
33c0ab2a-c45e-48a2-9bb7-22cee08ae9cf,984b1e67-79af-4a70-9659-9a4aeb1d3ea1,BEV-001,9,248.8
9d6a3cfd-dddc-44e4-a33a-95302ec02491,984b1e67-79af-4a70-9659-9a4aeb1d3ea1,BEV-002,5,824.48
c228ec5d-d98c-4ee3-b409-81c955d8d78d,984b1e67-79af-4a70-9659-9a4aeb1d3ea1,JAF-005,3,914.49
89dd955f-12b6-40f7-809a-5e1eb2e641d3,9fe62436-002e-4f9f-9afe-6371bbe35603,BEV-005,8,141.76
b0bfb707-0f6e-40a1-9f33-796ba983b856,922fc600-b31d-4732-9b1e-f96c45f4826b,BEV-001,5,211.33
1db24eb1-fccc-4139-bab2-90d21f6d031b,c9fb3f7c-c66f-4392-a94a-26b30d5c00b6,BEV-001,2,17.75
7995070e-4005-415a-b40c-691f3b4d7e4b,c9fb3f7c-c66f-4392-a94a-26b30d5c00b6,BEV-002,8,500.79
17d4494f-1e4e-4ca7-9eef-ac7c9fecaa0c,428d2490-8433-440b-ad96-44ad1f686024,BEV-002,8,858.14
dfae0980-02c9-4703-b00e-1acc3b831b02,428d2490-8433-440b-ad96-44ad1f686024,BEV-003,4,878.67
a4878c3a-93f7-43d4-b707-b0ac0111e456,f4bf4225-2b9a-4882-aba5-fb29beef2b91,BEV-005,5,291.68
456b5824-058a-4776-94eb-5ef5e867a356,f4bf4225-2b9a-4882-aba5-fb29beef2b91,JAF-005,9,560.65
602cfc73-844c-4ed1-b9ec-8fdf2281c7f9,33a37287-1e6c-4ec3-8d0b-9151b5c38cc0,BEV-004,6,794.58
f4a3584b-2e41-4424-b984-91992177b71b,1d6e3bdb-55ab-458c-90a1-6fe00c6070aa,BEV-003,7,896.76
c7651604-8a34-48ab-acf4-410bfd33d016,fd4fa074-f5b6-40bc-b186-bc1106047019,BEV-004,6,82.56
0288212b-4383-4826-98d7-c9c46ec1449d,885cb095-d51d-47b3-946a-08206c0075dc,BEV-002,3,43.4
22c9b28f-a47d-4e16-8b86-ea3eac20f429,36e742bc-701b-4a8c-a30b-27551c83633e,BEV-003,6,695.12
c5f0a772-aaba-470b-bddf-b0cbd66ab399,7016f22d-0bbd-41c5-bcd9-00d53e89dc65,BEV-001,2,478.87
852cdcd3-e385-46f8-ad41-ee5f7fc3770d,d487ae9a-965f-4bd7-b853-1e90ee82939b,BEV-005,9,597.89
aac6ef15-f49f-4d55-b640-63cee67ffb99,d487ae9a-965f-4bd7-b853-1e90ee82939b,JAF-001,7,210.21
bd78d4c4-f428-419b-af33-f9f93ccf62d3,849335a7-f95d-45ca-a6c2-df75f4c2a070,BEV-001,6,847.2
3fe7149c-3e98-4104-aa33-e2e34c6586f2,849335a7-f95d-45ca-a6c2-df75f4c2a070,BEV-003,5,156.5
f2c5c3a2-9be8-41dc-a667-11d8e9cea12e,849335a7-f95d-45ca-a6c2-df75f4c2a070,JAF-003,5,987.97
482112e0-b710-4569-bbd4-581c140e983e,9dd4608a-64df-4ea9-aa6d-954b59523af2,BEV-001,9,780.31
85664b26-b5fd-4115-8e9a-88b15296e2bc,9dd4608a-64df-4ea9-aa6d-954b59523af2,BEV-002,3,877.5
5038f9f5-c667-411b-9cfd-9e38b4514a8e,a5c3b7e1-61c8-48ea-adab-828e60bab0e9,BEV-005,4,257.73
73f32f73-ca81-4ddc-992d-dfd02ae75282,dd8fe14d-cef3-4e06-954c-a050d68e403b,BEV-004,9,363.53
50c5acd7-6235-4455-8f51-910860518c03,e4e4d95a-838a-4285-93e1-78a2f9ff6df8,BEV-004,9,13.11
0eab1524-c371-429f-b77e-8aa309e7023d,e4e4d95a-838a-4285-93e1-78a2f9ff6df8,JAF-004,9,488.14
fbbf9d70-8302-4ab8-8b91-6354db64ea90,8f2a23af-26b4-441e-9b5d-7929ad526018,BEV-001,8,183.48
391f79a3-48f7-48ae-85f5-00485ea2f25c,892615a5-75a0-4382-b43e-1ad32209d415,BEV-005,9,440.54
1344f441-36a8-49c7-9b09-b4a5258741ce,de5ad3cf-a3ba-4761-b326-d54b157dfc38,BEV-005,6,577.26
18c393e6-cf56-47e9-94e6-0365d3a1a318,348d7612-b450-4e38-9691-2a6613e17b6b,BEV-005,10,369.55
c1ca954d-495f-45d9-bd01-3b8b3c883005,348d7612-b450-4e38-9691-2a6613e17b6b,BEV-002,9,695.22
50dc1952-695e-43ce-beb7-8963b3c0605d,332b75aa-f5a9-4da7-aefd-a4dbec15602a,BEV-004,4,106.31
fa277a21-30ef-4ed5-9fb8-a128c95928cb,9756c3a5-b9dc-4c25-9c77-387c039194d8,BEV-005,9,672.23
7ca96749-9b88-4acd-80dc-8faa525723c3,23db660f-ce99-4401-81d5-994cf629f4c1,BEV-002,2,369.63
5e6c5b96-2e2f-4fbe-b627-a547835c8799,57a8ee9a-66a4-4b57-9f11-53297ab8f06f,BEV-002,5,916.44
c1a4908f-b162-4a6b-8804-d3a6b088a759,57a8ee9a-66a4-4b57-9f11-53297ab8f06f,JAF-004,4,915.46
66668460-111b-46f4-a338-79da719c626e,10a64dae-5790-45c6-98f9-f4e77620f151,BEV-002,3,407.78
0054146a-14de-4173-9319-1d1a45533ab9,961fa3d9-e4ee-400a-a490-30d87209a3bd,BEV-004,1,599.52
66e780eb-02d1-4b8e-9a58-22cb0035fe42,b4edbdfa-14eb-4127-9047-0b5ef40cff4b,BEV-001,1,700.56
f5b9b80b-779f-41f1-8680-5aad19764a4f,cc7758c3-2d5c-44d2-b343-de7e0f24dece,BEV-003,9,593.4
150e25f0-f191-46c6-8f21-f5ca571249ea,92cff846-89e4-4a28-ad63-c7d8db5edc7e,BEV-005,1,827.92
0ae2750e-4e7a-413e-bcc2-d453d8b8eb93,8941482a-c7fd-4834-963e-aa870c3a8f16,BEV-005,7,722.56
18417424-27af-4069-b6b4-10b6fab21f95,c7f29890-fe50-4b4a-80d1-7449020244bd,BEV-005,8,18.37
1666f9a9-030e-42dd-bfd5-5cb39c149bf7,be162014-b834-4653-a4d5-abbb49cf85d7,BEV-004,8,206.59
f204bdcd-d007-4fee-bbf8-7e72865dd72d,74bed53b-5f04-4b1b-9a05-63978a4ff557,BEV-004,8,101.52
fecd9d3a-5550-4b00-b575-aea5724c1c38,a2080e3e-e19d-41c5-ae0c-a01482c551a7,BEV-005,7,934.77
5b5bcc70-e2b0-4233-b109-bff418d05d88,b11d07cf-d0bc-413a-b536-b6dfd6d8c559,BEV-002,5,104.85
78e09bfa-d728-4d62-8a4a-fd20a77c9389,7bdc08dd-d129-4fb8-83a0-e29e6c5f5d5f,BEV-002,7,555.79
c842fa51-8e96-4fe7-a4a5-6e5a6a0eb7c4,7bdc08dd-d129-4fb8-83a0-e29e6c5f5d5f,BEV-001,1,22.98
15de8a9b-9f13-487a-96cd-793efe0272eb,9e19416c-7673-4c18-bd2d-a91b8ace013c,BEV-004,10,183.73
b9e32c21-f981-408e-b337-25f50023f64a,c2c78bcd-d2df-455d-bfe7-37fdbcf7883c,BEV-003,1,198.84
1149d58c-6149-40b7-9e91-0b87974ebbc8,e69caf3f-2329-496a-8ae6-e79f7370cf1d,BEV-003,6,622.1
ed5e61ee-82cc-4740-9a58-85fe48e0cc3d,2d141feb-698b-4433-a482-762d6bb02f34,BEV-001,7,932.48
53db9912-3c51-4c00-8e67-569e660d4e02,746caab2-5806-4dad-87b9-bb442ccd624a,BEV-003,3,49.79
780d766b-242a-491b-8d4d-63b8972d25fd,746caab2-5806-4dad-87b9-bb442ccd624a,BEV-004,7,530.32
e8fd9889-57fd-4f2a-820e-08d80cb247c7,caa4b298-9edd-4753-8fc6-a41f54dc08cc,BEV-005,8,810.98
f978322f-7f65-4f12-ae6a-7841b449edce,8aa14feb-59cc-4036-bd03-96f02f00e8ed,BEV-005,9,603.12
de918041-ec56-4e5a-b7ac-9b385971b29a,c627d226-bc93-4eea-a355-27f02fbdff18,BEV-005,4,433.2
09975f3e-22ab-476a-af7f-15fb18ed978d,b3c2a9f4-dc1a-494d-a961-4c28cd5203f5,BEV-003,2,570.48
7433819c-aed9-4b54-96fa-6d4660f3d220,7cc995b7-bc6f-439b-896d-515079d36f29,BEV-004,2,892.38
56279c7d-2680-4381-acaf-b7f30db0bca9,1bc975ab-fdbb-48c2-ae43-292c5c8ea8e5,BEV-003,4,555.81
6d96513c-a74a-47dc-886f-943c735fc1b9,a3042c6d-582d-425e-9af1-5f393eb2225a,BEV-004,3,305.62
4def64d5-137b-449d-8b0e-78905d0d2401,3c059e16-26d8-4811-94c9-3abf48ab0fe3,BEV-002,8,413.18
08d54d4f-2a70-4c41-be81-3d52afd91e9c,9f8a22e1-4126-4644-a74c-5d4dca38b981,BEV-005,5,73.37
7dc5e4f0-2e7f-4430-9308-7d87746ae7dc,4ccbedd0-c63a-42c9-98fd-1cd561e59793,BEV-005,10,605.84
00eae9a5-70eb-4d4a-bb45-8d82aaa7b083,4ccbedd0-c63a-42c9-98fd-1cd561e59793,JAF-004,8,623.82
0648b365-c25b-4b6d-b516-bc79d88a594d,ff242d11-d090-44c6-b2eb-72c189ffd8d0,BEV-002,9,211.15
547a3cde-4b74-405a-86f3-b6d9bc307977,d3979985-f36b-434b-8535-86a6abda9639,BEV-002,9,499.02
b4df58f8-a7b8-490f-b541-478a5b1e9109,34e180b2-4e47-476c-8a9e-993ef53ac34d,BEV-004,8,265.46
dbfb43e3-ad8e-4b13-89b3-7d70f70ba5db,34e180b2-4e47-476c-8a9e-993ef53ac34d,BEV-001,3,96.9
674f559b-73a9-41c4-be17-8f8cd272c57e,86012722-73f2-4b32-8afa-7d2f3675e63e,BEV-003,6,393.13
381b204d-4f3e-4c52-9804-79c441bc42ad,86012722-73f2-4b32-8afa-7d2f3675e63e,JAF-004,2,497.36
5052ff5c-48c4-4fff-9036-ff777f95fab5,6514ca4c-9c36-4033-a53a-3a7ff4e9537f,BEV-002,7,605.86
26e3aecd-cd83-48a1-b8d1-3ac06ce95261,6514ca4c-9c36-4033-a53a-3a7ff4e9537f,JAF-003,2,558.91
9e864e0d-2cbd-4bc2-815a-638b093365e6,6514ca4c-9c36-4033-a53a-3a7ff4e9537f,JAF-002,9,398.32
22504d9d-e6c2-432c-8c70-62707592ceb2,c9465bc5-6f38-47ee-a727-75ced95db886,BEV-002,7,473.69
f15a3f05-68f0-4710-a4f6-1282b6fd0049,e3b0a489-302d-43bb-ad32-1f7dd1062564,BEV-001,5,762.39
3b5d8ebe-295c-4597-97c7-066fde35c3c5,5d2698a2-d960-4dd1-8520-5be4dbaffee4,JAF-004,6,769.48
74bf5557-5acd-4b67-9070-d2bf63fcb2ad,5d2698a2-d960-4dd1-8520-5be4dbaffee4,JAF-005,6,464.48
d78650d4-0bac-4f98-b016-fea173f0ff7c,520edb9b-52f2-4bdf-876c-166cfc9a54bc,BEV-001,4,866.31
749cd41e-3748-48ec-b107-ce8f44a26d2d,520edb9b-52f2-4bdf-876c-166cfc9a54bc,JAF-002,9,826.9
b361c5aa-0831-479d-b0bf-5a1b787edb4e,470df27e-4639-48b5-ab57-4c427780c2d7,BEV-003,6,775.38
cc30f401-34be-486d-b178-455d19b9820c,470df27e-4639-48b5-ab57-4c427780c2d7,JAF-005,1,180.23
06d289f0-1c67-4262-9be0-538505b2ac58,10b8bc4d-9b32-4ecb-bef0-c8589116c981,BEV-005,8,412.24
0d69db05-541c-4525-a4f4-e90956ec50e1,10b8bc4d-9b32-4ecb-bef0-c8589116c981,BEV-005,10,905.93
73214450-66d0-46c6-abba-60f282b612ea,6c57cd2e-7d39-42a4-a6b9-82eb1804af5b,BEV-001,10,377.67
a16fbb5e-49a4-4a77-be91-2e125d9966f1,6c57cd2e-7d39-42a4-a6b9-82eb1804af5b,BEV-003,2,277.01
ef4a94e8-f73e-40a6-985e-59f4237f7e39,6c57cd2e-7d39-42a4-a6b9-82eb1804af5b,BEV-003,1,76.58
4cd148c9-f0b5-498a-b53e-c33316a840f5,9a25f285-b092-4016-81eb-9e944331eec4,BEV-004,2,799.4
17ea1405-71e5-4b36-8013-103b9d2dbc2a,9d8b97bf-f59d-41e1-88f9-3c2b21d8234a,BEV-003,2,963.5
a4c399a4-5a23-45a2-bda1-1920df382407,7312bded-62fb-466f-9a68-6e977c09cfd3,BEV-004,5,117.32
037b914d-7e6f-4442-b8f7-2eccd1c9bf2c,7312bded-62fb-466f-9a68-6e977c09cfd3,JAF-005,8,674.6
2cc75e32-4a2b-485c-9bcf-e351e0441cfb,f49db59b-980f-4ed9-8e56-37caa0087791,BEV-005,2,23.76
05d012f5-7b71-4c9f-ad21-187957376274,a4c72d10-986c-4ac0-8421-2454f5d691d1,BEV-004,5,969.62
aff5c6fe-41cd-4a76-8ac2-01777c1f7df7,07a54a8e-ad97-43e8-abcb-38d74f76a346,BEV-003,1,579.57
2fffe2ba-2b56-412c-938b-6cae0f8c3aff,07a54a8e-ad97-43e8-abcb-38d74f76a346,JAF-004,6,232.01
aa7ee2a2-7a02-4bee-b8df-4dbe522aea26,f5ee810d-b3af-47a5-bc3c-f0c3ecf83b45,BEV-001,9,322.82
f98e7f99-ae41-4332-ac82-014f67b8cd32,ca1cf93a-4842-43c2-8b5d-d5b8ed925f1c,BEV-004,1,325.42
2c1ab0e1-6072-45a4-b63f-14741e2e84db,ca1cf93a-4842-43c2-8b5d-d5b8ed925f1c,JAF-004,2,622.53
c7e7aed8-ac24-4716-bb42-e0b3e4b1b8d4,495594c0-7e7f-4b0c-b26f-38f150d76863,BEV-001,7,557.38
bbfd769d-5f4a-4e08-ab3a-a30081410a7b,ca3a2846-30d5-4163-85e4-610d4a589c1e,BEV-001,3,164.42
314c7e5a-d3c1-4494-b290-cbf8b2135413,ca3a2846-30d5-4163-85e4-610d4a589c1e,BEV-002,5,409.6
0819b3da-5003-4f15-8c44-6d86face7b25,ca3a2846-30d5-4163-85e4-610d4a589c1e,BEV-003,5,980.2
7048ece4-919c-474b-aaf9-c70eeae68c5d,ca3a2846-30d5-4163-85e4-610d4a589c1e,JAF-003,8,586.55
7e2cf59c-7405-4467-8cbd-c28ad62fa3c9,89938a65-2f69-4c78-bce8-17636e33b673,BEV-005,3,503.98
6f9f4a1b-7a82-428b-be3d-b093ef40140c,89938a65-2f69-4c78-bce8-17636e33b673,BEV-005,1,254.63
f5c99a7d-3c22-4f1e-af92-1d44d372ecf4,89938a65-2f69-4c78-bce8-17636e33b673,JAF-004,10,480.51
2369d64a-d649-40b7-83aa-7ef371623257,2533bc09-a06a-481d-8833-606627051e2e,BEV-001,7,399.56
9adbd536-f98e-42d8-ba29-9142ec2c1e3a,2307035a-855c-4b59-b564-028a0bc69b65,BEV-003,2,287.33
4c0158ea-bb23-4df4-9449-70f7cb594931,2307035a-855c-4b59-b564-028a0bc69b65,BEV-002,2,938.29
f18ae95f-fb5e-4c7a-ab20-b9593440aed7,9b608d18-9ac1-4b7d-8da9-4c50d9b00798,BEV-003,1,445.94
8c9f1e85-f19c-428f-aa17-33771f525aff,9b608d18-9ac1-4b7d-8da9-4c50d9b00798,JAF-003,7,437.16
92d80f2e-7126-49ed-ab20-030a6ea670d6,35a7ed42-fd34-4513-b459-b1e7434952f9,BEV-004,2,467.03
6daa4bf1-c6c0-466d-b848-d6aede4db56b,35a7ed42-fd34-4513-b459-b1e7434952f9,JAF-001,8,351.79
29f4ad52-0031-4280-941d-977bfe657a7e,ccfc69e1-f8ad-4525-acbd-8129b20fa28e,BEV-003,6,312.14
a37d967b-0b83-4d03-b7ea-c040864e8983,57e9087c-1ab3-410c-8924-8a7e91cfa1bb,BEV-004,6,45.55
157d6974-8818-466a-9531-89abfe68add5,09c75354-c27c-4f38-8251-1fa1b18f83d9,BEV-001,9,37.4
cc2c8c03-55b6-4524-8118-b105affad976,fedba40a-ae73-450d-9ea2-dfcd44b7db27,BEV-001,6,624.17
d7893ff4-9083-4ede-a865-9d4ac671eda7,b4e805b1-54bc-488e-96be-fa9d1d4d22b6,BEV-005,9,603.83
ba24a4cb-625a-48c1-b353-9913c0150b88,b4e805b1-54bc-488e-96be-fa9d1d4d22b6,JAF-002,1,787.26
b4cebf7f-cd10-4b04-b34e-1bbfee0b8bd5,471d3ec6-2880-4f18-bfda-a7e10e2e24e9,BEV-004,6,949.19
91ccf40d-c988-4a17-9734-900f4dbc727f,471d3ec6-2880-4f18-bfda-a7e10e2e24e9,BEV-001,4,915.97
02045bf0-bfab-47bb-8845-0df2216d9e5a,471d3ec6-2880-4f18-bfda-a7e10e2e24e9,JAF-001,5,317.6
0714a846-d9f1-4756-8c03-2549d824f2ae,82b22316-1e7a-4515-94eb-240865688460,BEV-001,9,908.67
0542a42d-6e7b-4067-81eb-9d89e651e013,82b22316-1e7a-4515-94eb-240865688460,JAF-002,1,143.89
2af533bf-66d7-4040-92f3-38fd051985d7,aeb00e44-b1d0-4a2b-9207-c57786cab9fd,BEV-001,1,923.37
03ae1bb4-64e3-487a-a4f0-f1685015fb3a,d0d10419-497b-4fad-959e-a3fd9b5e2bba,BEV-003,2,111.77
efd2a10c-7e4d-44e0-8ece-2c9904897893,0628e240-3466-4acd-8b18-dae76d1f0c40,BEV-004,1,805.36
742d455a-f3a3-452e-9a50-44976347c3a5,d609bb3f-23ac-4171-90cf-e4865b6a30df,BEV-003,5,789.02
1dfe69a2-d33c-4eaa-a081-df75665a4de6,cbf0b848-77a0-4c13-bddc-c9053285daf3,JAF-001,3,992.8
70e25ccd-e88e-47be-94d2-beb3d12ef6a1,cd3fba23-490a-4888-8d1a-c57ecd88aa9a,BEV-005,6,701.37
022f1c0c-f416-4354-a3cc-69be5c8167b6,5c842866-7cb2-497b-bbfc-e9aea3042322,BEV-003,9,615.17
b9d8b73c-1ccc-48d0-80bd-08d66f9a2cbf,5c842866-7cb2-497b-bbfc-e9aea3042322,JAF-003,6,788.34
d3e24955-cdfd-4f07-a86b-70081fb2c0d4,be557c0a-9cfc-4587-8362-51474179025e,BEV-001,4,229.98
cd0acc82-5a2a-44ee-a30e-d93a9cd853c4,036a6679-92a8-4ddc-8245-64fcae6ae494,BEV-003,10,859.17
a2acc312-ee49-4ad4-80f3-af10e158f7f1,218cc99a-3595-4dca-be04-385754e23da6,BEV-004,2,458.05
fe266640-3149-4f01-821b-85f3e319e6af,6584d79a-c3c9-4e92-828e-1f653ccc9929,BEV-003,7,275.04
44ca6460-dea7-42fa-9955-0a042cdd3bf4,6584d79a-c3c9-4e92-828e-1f653ccc9929,BEV-004,1,204.12
c721b158-b80c-4b1c-873c-12c9ec363eeb,15458bb0-e279-4a58-a9e1-b8027c116818,BEV-002,2,69.13
386ba4ed-1282-4d11-9d7c-75db48d56d8c,5d744cc3-41bd-4d22-b2ba-6574fd894789,BEV-004,2,722.5
5cdf72fd-78ba-4eeb-96a7-c0f85a0e15b7,62651129-8336-40b9-ae93-a0c857d25aaf,BEV-001,1,554.13
d45edd78-73f8-44ea-9bd7-edbd2714a4e5,dc90dc34-ae5c-48c0-b0b0-d22bf70051a2,BEV-005,2,160.92
54ed17b8-7af2-4f28-baec-fc44e9b2237d,ae2a0291-5a10-464e-a1d1-3af1c5df5abf,BEV-005,1,480.89
33395d38-efa5-433c-8107-98b5f03e3a89,b1133044-842b-464e-bd56-64c97efcbaeb,BEV-004,8,283.67
a302f431-668c-4cd5-94cf-ff6a410c5f7e,b1133044-842b-464e-bd56-64c97efcbaeb,JAF-002,5,462.5
d2a1f110-8e92-46e4-8cc7-fde95273e432,1cf91c8d-ac03-4bf1-85e3-72dadb1ec91a,BEV-003,6,20.28
dab2c76f-c916-4114-9493-6415f64b923b,d26fb94a-4f7a-4f7a-bdf6-2bc314c912ff,BEV-001,6,251.04
4e391c1c-9f30-4ab2-a865-72a3baed1851,7a6ce579-0dc7-4d0e-83fa-8a6d3882ad36,BEV-002,10,184.76
b517c5d4-9cab-45e8-af4b-6ec6df2c9209,7a6ce579-0dc7-4d0e-83fa-8a6d3882ad36,JAF-005,9,221.27
f3bc3636-ecf3-4446-a2ba-01992758edf5,5f9bb1c9-0727-45d7-b0d0-c327b9158389,BEV-002,2,802.62
f357909e-b9fb-4d10-973b-474564030a94,f2883de5-27de-4c3f-93ba-eadf014e833e,BEV-002,4,536.07
c96705c2-5698-418f-a771-c02240e1a28c,ee0eca02-96f2-4a5f-9a0d-a5c7f82c6982,BEV-001,9,952.03
c828aebb-8831-40a2-a67c-125538937c86,3a3e876f-6920-4c81-81de-2cc82a8c0e00,BEV-004,5,513.83
d0d4dd83-61c3-46d4-9721-a6176cf7e90f,3a3e876f-6920-4c81-81de-2cc82a8c0e00,JAF-003,1,788.16
b185877a-96e1-4b61-b871-ecf2044f5e91,357ef52a-4828-4bef-9a2d-4bfc5e158608,BEV-002,8,910.4
da6c13da-3c5a-4753-ae99-c44cbc4ea5fa,357ef52a-4828-4bef-9a2d-4bfc5e158608,JAF-001,1,488.99
a2677ee4-8653-4d77-8e72-2eda7cbeb57e,3eaae83e-1bdb-4a9f-8019-f39d14162bf9,BEV-005,6,732.41
c7070064-4bca-4a11-a077-73fc0b4e1d71,0c09736d-d84a-4d1e-8958-7ecaf7adc560,BEV-001,5,370.02
b3902452-112e-454f-813c-c46c05e6bf6c,ce51e168-f9a2-4d21-9877-08a5f733a7d5,BEV-003,4,82.71
4f7ef2ec-d2ab-4d5c-aee8-8d9a01e9ebc1,ce51e168-f9a2-4d21-9877-08a5f733a7d5,JAF-002,10,232.07
e5be8040-f4ec-4334-81c2-7901c12c8577,e06788f1-9a27-47c0-8734-b4b972f777ea,BEV-005,2,426.33
b4133af3-358b-49e0-af09-34c448133bf9,8b469006-1410-4459-ba1f-aed49bc78b1b,BEV-005,1,275.43
1e1ec2c5-330f-44ef-a28b-8d50a790d15f,62bbc9a6-83f0-4a67-ad2c-5fe964ea429d,BEV-003,4,193.57
38713120-6d2b-47cd-9159-9d18e5ec7d2b,62bbc9a6-83f0-4a67-ad2c-5fe964ea429d,BEV-005,7,707.8
3d72637b-9f88-4b63-a0ea-b3662be40e02,016ea0ec-e390-4ab7-9d10-c421c07f3400,BEV-002,10,317.96
32246bd6-ffb8-450c-b9da-bf3c27b055c6,f45e30b0-c9d2-4d46-98b1-36afef50e12c,BEV-005,8,366.95
4ed62296-d257-4152-9030-6425204c9769,87d3d550-6efd-49e5-88f4-364568204b33,BEV-004,6,414.05
e041e10d-0d5c-42fb-855c-16f604f27bef,b974282d-579d-4515-8c11-1d3b439895df,BEV-005,6,356.79
d92973fa-799a-4cba-b7eb-3bf58a6a7658,15742153-a409-4e54-a80a-a5c723b2ff2e,BEV-001,7,26.13
f416a58a-752c-4bcd-bfd9-4b8b80fee452,9bc2e7b4-8c8f-4899-a73b-14ed3eb1430f,BEV-004,10,162.82
0daca73a-f7a0-4389-81d9-e734b3662b94,a3ad4f0c-e351-47ff-8f05-00f90140d774,BEV-004,9,716.24
67d4dca5-a66e-4b90-84f8-ac264f10098b,89d4f4e3-c7f8-40d4-bdf1-70dce0061f5c,BEV-001,6,541.22
5ddae365-8005-4c07-96d9-722d7caf7fbb,89d4f4e3-c7f8-40d4-bdf1-70dce0061f5c,BEV-003,6,902.49
4be5fc55-5568-4d2d-9282-4fbdb0224a2a,695345a4-821c-4c41-a389-252eb473ccd0,BEV-005,7,257.97
877d9114-635e-4215-b513-746185e334d0,ece710b2-845b-449a-8a6a-2984e0eb889b,BEV-003,3,397.39
012c48db-306e-450c-87e3-1261674b30f4,cceb3119-434b-4c35-b1c5-38f6e22621b6,BEV-005,1,979.11
0dc03249-705c-4dca-939a-3422cd18f69a,77627b89-a864-492a-8608-649b7561b617,BEV-004,4,798.79
69e2f18e-1ca3-45e4-bf14-2b9b90af15c8,e667b691-68ba-42a2-849c-fbd309daf2ab,BEV-004,10,778.34
9791f814-2dd9-436a-a103-16a1a84c2549,ca993a65-58e0-45ef-9691-660ade7d65aa,BEV-004,9,14.83
3afe0459-d636-4237-87b7-4728857cfb50,32ff9e24-4800-4350-ac93-d9de84ef1c8a,BEV-003,4,640.98
57a97da0-9053-4615-a5c3-7d81b73b9480,32ff9e24-4800-4350-ac93-d9de84ef1c8a,JAF-005,9,672.77
c3e0a31c-9fab-43b5-b5c2-de12569ada39,be6f9d8e-2e30-4864-97da-c660583118e7,BEV-003,6,422.4
38f77dea-7e99-47ce-ae85-d19f092c21c0,358f02d1-c0a6-4e2d-a65c-840cd8b89d45,BEV-005,7,644.76
75d6f0c5-b679-4252-bf41-2be8a40e3e00,46d7e05d-832b-4472-861f-4013c4f6b640,BEV-003,7,887.38
45e7a4fd-4aaf-48da-b271-cf125f108957,6c6fedfb-9c91-465a-a674-c4a19a9ecf07,BEV-003,8,276.07
687d2748-f48a-4dd6-a9f0-7868b34a0770,2c43d85d-03c2-4012-a6e4-54342e4ff0ed,BEV-002,3,145.49
d98e85f2-82d6-42b1-be68-de64bf89781a,60043704-9146-4b3a-bdce-94896d9be438,BEV-002,8,836.46
d290fce5-7ea6-4b01-a799-607b0703bd7c,b77ff8aa-9fb8-47c5-b6e3-9fcdde15f889,BEV-005,6,965.64
3e9122b7-c238-4d7a-ab44-1962997672e9,65044274-a136-47b9-b93f-6449cbf952cc,BEV-003,8,883.97
2788dbf3-5e62-41e7-b86e-5a15a5179752,6e5eb78f-b514-4586-85d9-52b096a9c3ab,BEV-004,7,472.46
9b027422-b2a0-4497-b08a-4b1fc7a96c48,a7f779ea-e8e1-44df-9516-9beda6f4c3b7,BEV-001,4,866.22
643e9ec0-501e-4e89-ae9f-94c53ef394cf,a7f779ea-e8e1-44df-9516-9beda6f4c3b7,JAF-001,5,367.32
5f34e9ee-6574-4bdd-a85f-3bff0c372eda,8e113cc8-5ca3-4b57-ac75-2bdba91822b0,BEV-005,2,512.63
751eeb75-e3fd-4304-85a0-683d2ba10d73,61eff138-fd5e-49cc-a885-4b79e9cb91d0,BEV-005,10,395.42
6addeb66-2deb-4f97-940d-9635c1fd27f8,476cfabb-2f43-4d48-bba8-270d794a3ccb,BEV-001,10,67.12
b6d4ea70-fff1-4acd-88d3-9a377af8cb44,18f711d9-651a-403f-bb07-82d7f10dc0b3,BEV-002,10,151.9
f470c13f-a032-4e82-b92f-be82bcd6e1f2,29343796-7f67-4f90-ae58-3254b5665882,BEV-004,3,220.12
7742675c-7324-4f34-abf9-673d70a3acff,25edd76e-2799-4a02-a355-c4f153cfcf9f,BEV-002,2,762.54
5131ddee-79ce-407c-ad4c-2726467815eb,5dc57db5-e4bd-4c37-b047-2c7499c872e8,BEV-002,5,531.13
14d77027-401f-4a00-9d6e-1c2d9eea0cbb,ea58c885-594b-4628-bb20-a7801304cbba,BEV-001,8,830.77
2da81dc2-5bc0-45ca-b087-b32a9d6e6d1c,0d146ecd-71b5-4ece-9e12-625980ca22fa,BEV-004,1,361.66
ff4c0537-a0ba-41f5-ae53-bc394eb78677,b90502c7-d245-48b9-8a55-d989e11ae328,BEV-004,6,54.32
f3946b95-567a-4ceb-a58a-8c66c72eb458,dc700f62-f003-4d78-a470-1c6b3080c3b6,BEV-002,10,315.96
6d049c39-8a01-43b2-a3f9-d105fd640b11,0477e281-95bb-40f3-8519-1026e9de375e,BEV-004,3,719.59
d864c837-eb00-43ce-a70b-ab679bc62c9b,e232df96-cf07-4ae5-9707-2b6d0586c81e,BEV-003,6,204.54
21f2b8ed-f08e-45cf-94f5-7aa5292a47a3,f3df6220-008a-4973-95d0-edd1104ecb4f,BEV-001,3,66.31
cfa34f52-e9cb-47c4-a54c-a281edd1b562,674db70c-2dbd-4a47-8add-6e33287c75f7,BEV-001,2,859.69
1fb37756-e1e4-492d-8cad-4aa1646cade5,674db70c-2dbd-4a47-8add-6e33287c75f7,JAF-004,8,305.21
093b5917-a273-463a-a893-484dbde6a3f5,a2fbcc12-3df3-4312-a084-911a41bb62d1,BEV-001,3,892.92
89eb1d0b-5aef-41cd-8bc0-4608a2d499b6,01db8da5-08c0-477d-bef8-d056f68da9b2,BEV-004,8,247.45
22580da4-c91c-4ef5-b191-72a57b91bab7,9554fecf-12f0-4feb-953c-3c4e7b07b419,BEV-001,9,83.6
96bf0d81-eb3e-4cfc-b821-98d15dc903e2,ff0e6a7e-6a09-45d7-a6a2-ba5d370ddade,BEV-001,3,588.31
3211aaed-1218-4a5c-a7a9-c50d9d65df94,ff0e6a7e-6a09-45d7-a6a2-ba5d370ddade,BEV-005,3,747.7
e4c791fc-d60a-496e-9b4b-beea4d6e616f,0e02ee83-42e1-442e-8c39-b2e398d5521a,BEV-003,2,771.82
f70708fc-4626-4f08-8a85-c7deb580686f,0e02ee83-42e1-442e-8c39-b2e398d5521a,BEV-004,4,940.57
eff4a7c8-0026-49bd-aa25-0dccf86b8b2d,a96dfd06-86a4-489b-b596-8fae5f79419e,BEV-002,1,490.34
c5a19177-3be8-4a7a-9346-916015895bb5,1312d332-cd7f-4d40-8274-b2e28c0a75f2,BEV-002,5,955.93
2d482e22-1d17-4f15-add6-1b5cb77ef3f8,23f0abe9-bdc4-4a9a-9846-8563b8af1cca,BEV-001,6,535.7
17821ac0-e906-40b3-960c-8196433e1f6b,adcca5a8-1435-4b62-95c5-ab7c5ebd4bc4,BEV-001,3,946.67
18223cb6-6772-4cb3-a827-d7a87208cf83,adcca5a8-1435-4b62-95c5-ab7c5ebd4bc4,JAF-004,4,265.33
d87a5e4e-20e7-4fd9-ab2b-7b4613bef1ad,150c559b-1fc5-4c31-8c30-13c3231e9a99,BEV-004,5,918.49
fc5b66f2-40ff-43c1-b74a-005604a149ab,f12127de-d8ff-48c1-95b9-a5f315b8cb74,BEV-003,2,949.93
cad196ee-facc-43b6-a2f9-fab15ce557c0,e2c7ddbe-4603-4dc3-8d3d-df539be7cca8,BEV-004,5,734.82
18e27f13-5d44-4ec5-b4a1-55d53f9bf58d,e2c7ddbe-4603-4dc3-8d3d-df539be7cca8,BEV-005,9,866.37
b7d820a9-8ea3-40f9-bd65-ba30d4387114,266c85f4-65a0-4c1c-aad3-cb689964f9f7,BEV-002,8,253.93
1f455236-b540-423b-a60f-6065f22ba2c2,266c85f4-65a0-4c1c-aad3-cb689964f9f7,BEV-003,7,812.63
6d512b1b-492a-4f70-827f-f9073a0dcd81,266c85f4-65a0-4c1c-aad3-cb689964f9f7,JAF-001,4,82.8
84a26d5f-c886-4701-9b41-e7549e9a01ba,266c85f4-65a0-4c1c-aad3-cb689964f9f7,JAF-003,9,495.74
6740c127-f0eb-43a3-9509-76d706701cd5,aab669b6-7397-44dc-abfd-23d1283cd975,BEV-001,10,275.01
ce722b81-58f8-4cc4-a226-aeb56f9302a9,2f7d0472-f6b0-4f70-be8b-c2d572847f22,BEV-002,5,492.25
0a5f4c36-75a8-43d2-a6a7-5662789f47af,1d262d26-95cb-44a9-a1c5-7bff722977bc,BEV-002,6,161.82
afaa915e-2af0-42bb-84cb-c814a66d62e4,a083c702-2340-4754-9554-e28a2f560e47,BEV-003,1,286.87
12c85cd4-1df2-4d6f-84ca-04b11e09c916,a7787993-fde6-451f-b99d-6b75564a881f,BEV-002,5,679.56
73798947-50b1-4874-8f67-01996d51fb65,18e2b1e9-c9f0-4b6f-8317-b2a7c06b20c8,BEV-005,6,716.03
4a1961eb-bd5e-4adc-8787-55b8c4dea42d,d239a370-b9db-488b-8c83-9e63aa9b71c1,BEV-001,3,254.37
e1bb2ad4-3059-49c0-b0dd-226f46db7870,d239a370-b9db-488b-8c83-9e63aa9b71c1,JAF-004,4,980.87
3fe4e76a-b117-4b1a-a3bb-ed50fe53d784,9208ecc4-9242-457f-9c4c-fad928285b75,BEV-002,5,203.92
1dfdc9f3-d0c2-4b4f-a216-e1025982ac00,8fbf59bf-3209-4c12-bd75-7a34ddeca8da,BEV-005,5,878.52
ecc2f426-21eb-451a-ab84-250e1937daac,f875e627-9bd2-4095-bf61-6a71a4fc1ebf,BEV-002,3,815.88
613ce549-f5f1-43c7-a4d6-724c04376b2d,f875e627-9bd2-4095-bf61-6a71a4fc1ebf,JAF-002,8,943.49
ed9bf577-5793-4f4e-9b95-d264f3764cbf,0df51806-65cc-4d10-a47f-fefb24606b94,BEV-005,9,722.87
d725f7af-b247-48e3-9f94-e152423f1ce4,9a35f814-43f4-436f-b892-04a260f805b0,BEV-004,3,983.95
a5a31a00-0d01-4beb-a076-7fcb8f340b32,8333b9eb-1937-4299-87bf-a2b9076a01d9,BEV-005,6,33.9
3b9e00fa-53b4-4873-9684-a372eef3c8d0,90dffb2f-444a-4668-abad-1b3ad4da5f3f,BEV-002,10,969.74
f8828899-d7e3-4de3-bda4-1b30061d2547,e5689740-5f22-42e1-b464-46a3f81784a2,BEV-002,6,506.98
db5b4286-1b50-4176-9db0-729d437f004f,301d9f69-f044-4543-b734-1642fc2ed83a,BEV-002,10,560.78
0fa93d38-c4d7-44f7-ba15-ae7f7e4ce450,2baea2dd-66c6-4a0e-9a0d-a313f114f782,BEV-002,5,375.56
50b85c1f-f38b-4e10-8f7a-1340aa9ecce3,42330b31-6fc5-4fc3-afc1-624542048dbc,JAF-002,6,674.65
1eda011d-1d8d-4295-9a56-bf587f826748,42330b31-6fc5-4fc3-afc1-624542048dbc,JAF-003,5,444.5
de6ef8f9-e3b0-483c-aa4f-f5a3578cca04,88c6620d-9d41-49b8-8443-c43cd5526e6c,BEV-004,7,737.74
12fdab3b-380b-47e6-b18b-98b1dbf84321,dc0f1739-f695-480a-ae87-746d4ecee9a5,BEV-002,1,991.65
47d0979e-5e88-4d94-bd7c-cac45f2456a3,dc0f1739-f695-480a-ae87-746d4ecee9a5,BEV-005,6,218.45
5235bb75-f7f8-48b9-b9c4-92c1716e980c,4fcd9682-6089-4a33-ac92-96c7862245da,BEV-002,4,377.62
116040a7-cf75-4067-9b61-d5ef4ccd63ee,4fcd9682-6089-4a33-ac92-96c7862245da,JAF-002,10,334.24
7d3c2ec2-b835-4c35-ba34-e8ae81ed77cc,b9c7b860-ae22-4405-ae5b-c3233ead3305,BEV-004,10,209.33
0cc49786-c13a-4418-a311-7ddcfd0a5243,31b77c79-069b-4115-aca1-e0c674ad0596,BEV-004,5,436.09
a6e45c33-2cbf-4a6e-9341-ea8fded3c865,274bb9fe-ca99-4cce-a16b-f9eef93ea0f9,BEV-003,6,130.12
0355b09f-bc52-45e7-a81d-7df96ee2851d,ee59adf2-dee7-4a4e-85de-c0da677692ee,BEV-002,8,289.88
fd6b9c8e-e16f-4aa6-918b-fe8287b80f85,ee59adf2-dee7-4a4e-85de-c0da677692ee,JAF-005,3,17.38
e89b534f-6965-47ad-a291-b3f9d7f1b277,c8dda3df-19f3-4a1d-a6bf-4236e7188778,BEV-004,6,695.49
17b41173-db2f-4222-87fa-14380bc7c48a,98e3c465-d66e-4c30-9213-debd135914ec,BEV-005,3,936.32
c4cf6699-e06d-42d5-a161-6c7c3445e414,9ad7774c-1c59-4af4-bed6-f7b9045bf856,BEV-005,8,44.91
cdee1568-8e1e-4833-b024-2f7fb9b60322,20e75403-6a33-4612-880d-33370fd023a7,BEV-002,6,947.63
9761d767-84fb-4071-bd33-04dd2279e7e0,17f71aa6-86e8-473c-a6f9-5ed8cdf1c052,BEV-003,9,961.14
def27785-64bf-4c70-9564-334ea52ba534,ca5fa58f-21ca-4068-bb66-8372fd2a8831,BEV-005,6,848.09
ade2c8d3-cc1b-40f1-b472-29791af4fe31,ca5fa58f-21ca-4068-bb66-8372fd2a8831,JAF-002,8,289.55
988add35-0985-4df2-a61d-975e74d2ff64,c75c2aed-c42e-4529-b32b-d6faaae6ee25,BEV-004,4,217.64
15d01e64-8cd8-4403-b51d-f5a8831fe8eb,b1bbd602-bbd0-4f0a-9742-e44b3b87579e,BEV-005,8,338.33
1c33f3e9-fae2-497a-9504-909d5c264a9c,0269ada3-fc7d-4a9d-859f-2cdc6a10f36c,BEV-001,4,162.19
63f4ec41-72fb-4cd2-960f-06bb6c510aa2,c4680004-df16-478d-be1b-d7f649b5b613,BEV-002,10,680.06
abedce74-fa48-4f76-9478-446bf7a6faa7,cfd04a24-8d12-48da-b7cf-4102c90e3239,BEV-003,7,726.74
cedcbbea-d311-4bb6-a57f-678c01ad80a6,dc735c92-058a-4a30-a45b-f22f4df69852,BEV-005,10,878.84
c4bcbe33-5b4e-497b-bac9-295aeb05ba2e,2e060b82-923a-4081-bd21-5f31df2dd211,BEV-001,6,881.12
e713db8d-2cd2-4483-bffe-27c4e453157e,2e060b82-923a-4081-bd21-5f31df2dd211,JAF-002,8,726.42
89fe9e16-d202-4aa8-9a0a-d39cc72c1da5,81f0da0e-6c40-4c8e-b3e7-ef5de8608292,BEV-003,5,113.25
8ceab213-1f66-48b4-b95f-7fd091eb9e3e,83e7cd5b-efe6-4211-9f06-6f4578acb90a,BEV-004,4,752.74
60f7b849-f084-4496-b70d-d62f74b60469,a776ba20-eba9-4c90-ba1b-f97ada38a791,BEV-005,3,753.22
4bd22ee2-8074-4701-be9e-5bf0202e6b67,2836b8d3-d975-4bb4-9881-488b2c05624e,BEV-003,6,453.18
aea8a664-1d6a-4042-aaff-dda3d52f09b8,9b51cef0-8e6b-4bb1-a505-dc6e12411625,BEV-003,8,338.02
c4799414-5f2b-4144-bf6e-aafa9cc8be59,f7663ebc-c53b-4ee3-9691-c63287f61947,BEV-002,8,286.58
5fef8104-1849-44f8-a171-a54c36b074f8,a952e84e-c789-4d7a-8861-8a16cfd04742,BEV-001,8,346.12
5be33141-d70b-4952-8b7a-e8a28c35b904,a952e84e-c789-4d7a-8861-8a16cfd04742,BEV-005,7,414.02
35eb61f0-f364-4dab-860d-d5e767f5ad0f,ea8284da-9f06-4673-b013-8ca40ba38dcf,BEV-004,8,576.05
c205c554-aa25-435c-a0da-87681e8979d7,c11481ed-6ba3-45f1-a876-7bd0b3f5dbc9,BEV-005,6,410.34
f0c81521-ff46-4ed7-b4f8-a0a220816849,730ab8b9-5573-4096-943a-0f76bb61eadc,BEV-001,4,581.2
ce742ee3-3765-4690-992d-a4eed6c7106a,730ab8b9-5573-4096-943a-0f76bb61eadc,BEV-004,2,220.6
8d3b6043-08bd-4dff-90e1-4acbde034c87,fd75bde6-4744-440a-b105-8209d2ebb9cb,BEV-005,2,434.25
259f8906-b636-4b20-adea-2ad79e58dcdc,742e1f68-03c3-4d9c-98a4-a54f43d4afbf,BEV-003,3,868.89
f3d8716a-71ad-4f2a-acde-ae015137ddeb,c81ff37c-0368-4183-8bff-af566910fc4b,BEV-001,8,76.78
9f96307a-1710-4bef-9565-b0754a2a44da,9e5129a6-9e9c-4226-94d6-89e718c62265,BEV-003,1,746.74
ce07e7cc-717c-4aeb-ab97-ced49adf8bdd,9e5129a6-9e9c-4226-94d6-89e718c62265,JAF-002,4,957.8
1e665e48-be88-4797-9fd5-af910d437977,c64676b8-bedc-47fe-9fc8-41e3d8d1763c,BEV-002,2,480.96
93a85f4a-e402-47ac-bf3f-08b0bfe72dea,c64676b8-bedc-47fe-9fc8-41e3d8d1763c,BEV-002,6,246.75
b983e9b8-7272-4cca-9460-75354d0c847f,c64676b8-bedc-47fe-9fc8-41e3d8d1763c,JAF-004,8,388.53
a343162e-b2a3-465a-b086-fa9465230af3,1eee24db-bd07-4311-b90b-fa3da162ef42,BEV-003,10,358.46
a43fd557-211a-4fb7-b64b-a2bfc4562003,ae92c8d6-d7b0-498f-80dc-fd55d418aed7,BEV-003,9,407.2
0b66b98a-6b93-48b5-9a37-44a534d41c11,4700aada-6ca3-49fd-ad3e-d6d63898e202,BEV-003,7,533.36
cf9994dc-a456-45a0-b38d-0ce3ac56df4f,403b3ac8-d1fb-40d1-b475-5de263ad8fcd,BEV-004,8,951.75
c3cfcde3-5d95-4ddc-8bf3-74d04fb21511,b42b02c3-4b28-48de-8bd7-2f06d52137b3,BEV-002,1,339.03
fc224e80-de24-4f1c-8143-ddd49625fca2,7fbf1266-f243-40d5-a20f-5869e3a195d0,BEV-001,7,229.35
cc23a0c4-f3fe-4832-89c7-6a3bd95f7026,255bfeae-d29a-425d-affa-81dea5163773,BEV-005,2,809.12
a292b6cf-9168-4bf3-9edb-a0cae5affb1b,b11d2f1d-f19c-4c9f-9af0-42f796062a79,BEV-003,2,757.78
d323e6ff-f86c-4cbc-bef3-20db4a944900,cc5d8c8e-4c30-4c1f-ba6a-09a4f981a073,BEV-001,1,891.17
e8784b78-36ef-46eb-9063-38fd1a1bb0d3,cc5d8c8e-4c30-4c1f-ba6a-09a4f981a073,JAF-002,2,506.22
67d3604e-64fa-494a-84f9-a086c45f26a4,603f7a64-5107-49eb-a68f-2fc2c27f2f43,BEV-005,7,289.02
bd399198-ea78-4277-afd4-2c2a7d444b0b,c071474b-1ec6-4bc9-946b-8485626383af,BEV-004,10,138.48
1248cb87-903c-4c63-bfb4-e60a99bc9662,28aa8d00-bc02-4db3-ae00-a7a2272d928b,BEV-004,3,392.57
dd012c41-2229-4bd7-aa47-f4554e40ef56,e89b0aa2-ec30-43ce-bcbb-5ba891841b02,BEV-005,2,455.01
90060495-16aa-4226-a5fd-8d8e44792004,e188ba6c-9b46-4853-bdde-2134071acbc4,BEV-002,9,40.39
59031690-41f0-4498-b69a-b281ca4c5467,c90bdc64-15c0-4966-b745-6bc89e9adc25,BEV-002,10,553.25
d69db4c0-22bc-4127-8c74-401409caa932,c90bdc64-15c0-4966-b745-6bc89e9adc25,JAF-002,4,611.94
9d5ab35a-536f-4acc-ad17-9c96e6d5eb0a,f8959b65-aef2-45de-b15c-b696e0b3fe2b,BEV-001,6,872.63
34872314-476d-447e-b71e-fbe5344247f0,6ca6b4c5-70ab-45a8-982f-2ace1f0a4cf4,BEV-001,3,279.69
d9cb43c9-e66d-47f3-a92a-829268c2401c,6ca6b4c5-70ab-45a8-982f-2ace1f0a4cf4,JAF-004,8,412.72
98a32fa4-120f-4b78-83b6-56ef981376c4,daebd0cf-d6c2-400a-a38f-766458491b53,BEV-003,6,160.06
91b0aba7-997f-4c5b-8031-082d77a8ec2a,daebd0cf-d6c2-400a-a38f-766458491b53,JAF-004,10,338.42
3dc3eba3-ff26-4c12-a40e-ad4c0a76d232,85b19e13-c694-41d7-b912-649694c21232,BEV-004,10,991.43
e4f5e3fe-27a3-4433-aa6d-561383da00f9,39bd6ca8-0b68-4fe4-9ab4-09453130cfae,BEV-005,4,780.55
4798ccb6-46db-46e8-8f79-254e0e0f412f,0c3fbc2d-8a40-4595-8d4c-91013a979375,BEV-005,7,858.67
a593edb2-e2bc-4e36-97bc-216baec64411,0c3fbc2d-8a40-4595-8d4c-91013a979375,JAF-004,9,527.26
27385563-b7cc-4a9a-ae72-18ed0d342fc4,7aea7b53-caea-4e79-9906-939f9fe0c27c,BEV-004,1,797.74
e3c807dc-721c-40fa-ba1d-4a63bc292c5e,7aea7b53-caea-4e79-9906-939f9fe0c27c,BEV-005,3,833.34
bfc7ee7e-3f9d-4888-bcd4-d95245a0ed3f,7aea7b53-caea-4e79-9906-939f9fe0c27c,JAF-004,8,828.91
1a750d12-dd2b-4b7c-8e91-cf80516186a6,7aea7b53-caea-4e79-9906-939f9fe0c27c,JAF-005,8,535.79
b697d3df-64a5-46b7-abcd-5ed0598bca4b,2192fb45-9217-4de4-a6de-a08e7556eaa8,BEV-003,10,510.89
08bda0c5-67d0-4511-8cbb-922487d11bc2,086fef08-8b8e-4d9d-b298-cd07d6a882cf,BEV-005,1,189.07
3a70d2f3-2102-4ab7-9636-bf9d22c80aa2,870b793c-4eae-4ddc-97dc-331fb67f438d,BEV-004,8,915.92
850e114c-82cc-4623-81f9-1b3a1c262d54,870b793c-4eae-4ddc-97dc-331fb67f438d,JAF-004,8,70.99
1d0dd555-075c-49c7-8c6c-dafbdc973708,e6a78b45-1362-4f76-89a4-21997a8993ef,BEV-002,3,648.09
2a22fe0a-b002-48a4-a922-032d9fecafe5,2b47ce6a-a66a-4b8c-adc5-a7561b29cc89,BEV-001,5,101.06
48fefc9a-28ee-4185-bc3b-28a64739cc5a,2b47ce6a-a66a-4b8c-adc5-a7561b29cc89,JAF-004,3,424.24
41f2239c-93b9-4fe9-b410-a43ca398c292,c584bcdd-a0c3-4960-aa14-193f4efa14fe,BEV-001,7,442.47
ed64dfb8-9b15-4b1a-af67-fd055e98c2fc,14310187-4429-4135-a009-0dbafbe793fe,BEV-004,8,491.33
a9ad3a89-e011-40e3-95e9-c34e17e12beb,14310187-4429-4135-a009-0dbafbe793fe,JAF-002,7,721.46
3c0495cb-8e36-4b11-a48b-a0356fc88712,76c19fe6-de72-45d3-bdce-2f305eec43a0,BEV-001,5,693.57
1a899910-b465-45d8-ace9-b4e9556778b9,aafd94e4-adbe-40a8-9477-77f1d8aecf0e,BEV-001,5,877.34
3471eb56-0041-420c-a40e-bf61fd5702ed,aafd94e4-adbe-40a8-9477-77f1d8aecf0e,JAF-002,6,324.58
843ea0b0-36ea-487e-9e79-9d9a44114c5b,defb8045-2efe-43e7-9b5d-2b9e787d7c6b,JAF-004,7,630.77
ca502707-122c-40a6-8835-40fd0000e4b2,defb8045-2efe-43e7-9b5d-2b9e787d7c6b,JAF-003,2,397.2
e7ae1c26-af11-473d-b1df-9e0fe6674393,defb8045-2efe-43e7-9b5d-2b9e787d7c6b,JAF-005,3,793.02
aa4b482c-9ac3-4e18-b446-8beff0eb52bf,b477a570-2ffe-48bd-a522-45c0257d77c3,BEV-005,9,297.22
0139d3ca-edf5-43d5-9f38-9fc2421265ef,b477a570-2ffe-48bd-a522-45c0257d77c3,BEV-005,3,70.21
3dabe80f-4a41-470e-85f3-b34ed56323ee,1dc7f3b1-9a8f-4187-b6fd-691f010aa506,BEV-001,7,539.09
c566e0a6-993f-4357-92c8-1caaa9f70ade,1bdc4cb1-811e-4644-9a0d-4f8052d662be,BEV-001,6,137.77
3f29f455-0247-4492-bf17-e76162297ffd,dae20fa4-c4bb-4d49-95f2-88f03059ca60,BEV-005,3,25.86
b339b865-aa32-4cc2-9352-85ad0e6c5fe2,0c9c099d-3fba-470d-ace1-2e158b112e6d,BEV-003,5,591.79
54fc19b2-5985-4726-a501-cb6ce4ba34b0,06f3f586-717b-47df-8ccd-e893e55af8d6,BEV-001,9,106.99
923b3adb-e95b-4934-8ccc-bdbecb383377,915033fa-a3b1-4d63-8df2-3a9a32acd0ed,BEV-005,10,141.48
cd23e0cd-ae6a-4c3c-bcdf-bc6d31683f44,915033fa-a3b1-4d63-8df2-3a9a32acd0ed,BEV-005,9,775.2
53ef1af6-ff31-4cab-a836-439d55d48009,5193731f-e017-4cda-892b-e98a7c7c48da,BEV-003,6,734.81
4aae08a4-8e05-41c0-8564-5cc255e0c067,c70656c1-2891-4773-9229-7986ce0e36c0,BEV-004,10,903.82
0fa91cf1-91c9-42e5-95eb-f4d2aae0f60b,8d8d8ac9-fff5-4030-809d-3fc3afcb435b,BEV-005,9,38.24
c5999a19-b1d5-4c58-8b5e-0bd79408770d,adc6a571-b3c8-4d3c-8fc8-0a81121c9cc7,BEV-002,8,194.02
d8fe3983-7e97-4781-91f3-78edd9887ab8,780c7540-279b-4948-95a2-435f182950d5,BEV-001,5,995.36
2bd43356-324c-42cd-912d-b6222ded3c09,09cfd052-7bb1-4ad9-8076-9822662bc91b,BEV-005,7,231.17
24e287ef-f781-4180-8068-90327249937a,ba53597d-db59-4f86-bbfe-cf4491861d0f,BEV-005,5,318.54
5b028b50-1a94-4dcd-80bb-fc2c9807d717,ba53597d-db59-4f86-bbfe-cf4491861d0f,JAF-003,3,437.68
cb147c91-a953-4c00-8afa-e85535e95aec,80551d50-d698-445f-97f3-49417103293a,BEV-001,5,660.22
262b5ecb-1ea6-429d-b97f-f565365278a5,7be5f8f3-2874-4ac8-878b-268cebef3c17,BEV-002,1,722.1
14b17e53-f7f2-4719-ba89-531d9b7ca88e,7be5f8f3-2874-4ac8-878b-268cebef3c17,BEV-005,1,956.43
26da38e4-e475-4f5c-93c2-6350647c8bb6,1a108f39-eb59-4c67-bc92-ed79d66444c0,BEV-001,10,986.07
c1072357-2ea3-49ea-aacb-6dfe3ef2610a,e2a10122-0270-4eb2-925a-d9864577a592,BEV-001,3,77.11
ddbdf1f2-a512-422d-b109-fd2ccf34f875,77051e6f-c270-42dc-bd12-aeeb2a2162f8,BEV-005,7,680.43
69746a87-4e29-4edd-a7e5-0dc396dfae6b,c4629f0e-288b-4619-b3cb-e2eefc8efe3d,BEV-004,6,816.72
803de393-d74f-4967-99f0-4128c021be10,c4629f0e-288b-4619-b3cb-e2eefc8efe3d,JAF-003,4,92.45
916dde72-c38e-4e6d-8905-093b951c6f5c,f8d64e2b-7a94-4fa3-a813-3d9a32c14535,BEV-003,8,497.57
44fbcce2-932f-4642-820a-63781d5b3dd1,431edabb-3905-48da-8e65-3659349225cb,BEV-002,1,242.76
bbdf3626-1a09-4558-a787-7c09af427435,431edabb-3905-48da-8e65-3659349225cb,BEV-003,3,540.68
84ec8d8d-9950-4fb9-b4ad-a569e35fa8df,7f9398eb-204b-406b-af22-31591f3217ae,BEV-004,1,48.66
399777f4-5a1a-4b75-b59f-85d4bc3eb96e,f301e836-1827-44d2-9031-4acf68d4dcf8,BEV-004,3,799.02
a1856c82-cab1-42cb-9ff3-0fd983e73d2a,8c104562-3646-481a-94e5-7d799951d7a5,BEV-001,6,530.21
8cdada44-6cbf-44e1-a3f3-f52f876114b6,013a4cfc-4506-4f16-86a9-64a7a90fa3a9,BEV-004,4,47.04
32d030d8-e836-48a0-a851-cad49dfe7013,2b3e8e23-84d5-4a99-ac1b-8889df6f16c5,BEV-003,9,199.78
614563e7-ec8c-4f63-b875-573f5fcea194,b65a965b-0bdf-465f-b554-31ea00f31fdc,BEV-003,3,261.15
891c0e24-d093-4cc9-9e8f-40ac5f02f78e,5df0088d-4c1d-4971-850f-2d6f497f4001,BEV-004,4,465.42
85f3ac86-22c7-4b12-978c-e424c87afaed,2cba32fd-d7b8-401c-98d3-7e16173fe869,BEV-003,6,898.28
2917564e-f1d2-479a-a72c-421406d87586,2cba32fd-d7b8-401c-98d3-7e16173fe869,BEV-005,5,830.24
3be25363-4641-44c8-94c7-7163834344fc,905c75ad-8077-4e08-accf-6dbc3f1eb117,BEV-002,10,498.16
bbe10f73-9394-40c2-9b51-0eb7f7e10f6f,8b9b975f-80ff-4101-aa9f-2b3da622f1db,BEV-001,1,652.09
cb9c6050-1bd1-4150-8e8e-a617642acbb2,22b451bf-385a-427c-9fd2-5e572393d48c,BEV-003,6,828.29
c9671e49-44f9-4c96-8eec-b8cde4dfb872,0b396c16-b7af-484c-bfdd-617ba3971387,BEV-003,2,69.37
894d1a9d-f0bc-43af-8d6b-1317dfbd59e7,e807afac-34e7-474d-b135-9f6988325fcd,BEV-002,6,61.95
4f486f6c-cb61-47da-9527-819907d7e4c9,e807afac-34e7-474d-b135-9f6988325fcd,JAF-002,8,140.44
595664b2-80ac-44ba-b426-d733b13d7c60,8b6de83d-4e09-42fb-acbb-ab627635b440,BEV-003,7,587.49
4e3c5f8a-8d4a-4840-b661-2df55fee7a77,c0ecb55e-54e4-4548-a6a6-831a68035355,BEV-003,9,263.94
a55797c8-da8c-4a09-87c5-08410926c75e,c0ecb55e-54e4-4548-a6a6-831a68035355,BEV-004,4,249.04
b1083986-f868-4729-a094-afebc03ea82e,5a3cbefe-7318-43bb-a377-212adc3c5574,BEV-005,5,685.95
82288608-150b-48aa-957e-438a5bff40d6,6793d1e0-0565-4f3f-9755-2fc547c7acf1,BEV-003,9,317.09
ba5dab69-6bed-4eca-b21a-c3ebdb84cea1,6793d1e0-0565-4f3f-9755-2fc547c7acf1,BEV-002,1,211.88
803be43e-962d-49f6-b681-c07929475763,c982cb03-577c-4753-834f-caac5a7f2209,BEV-003,9,948.85
fb0a4da0-4620-46e4-93d4-3e8b880bd60d,7f00030c-ae56-48cb-990a-232a39dcdcbf,BEV-002,10,690.7
3964c122-2105-4d2c-b315-76fff3451c14,5665eebe-1bdc-468a-803e-fed1366d014f,BEV-001,1,86.83
f2e16058-f4cc-4a96-b69a-f04378d46b69,6a3da066-ba18-4d1e-b3ab-9556dce429dc,BEV-004,8,573.23
4215e7ed-12cf-4bd9-bd18-55b59c9a6854,6a3da066-ba18-4d1e-b3ab-9556dce429dc,BEV-002,3,57.03
c2c6849a-697b-4068-b694-dcf8612a371e,6a3da066-ba18-4d1e-b3ab-9556dce429dc,JAF-004,8,203.77
64bcc6e7-c474-4f71-90bd-abbd93dec04c,e9a742ef-74c0-4706-a8e3-a7b68d73aa93,BEV-002,10,434.59
f25d4893-e293-4576-9732-62892bf1ac7f,e9a742ef-74c0-4706-a8e3-a7b68d73aa93,BEV-005,3,693.1
7a84ee17-a630-461a-86b2-58aa16ce0bde,e9a742ef-74c0-4706-a8e3-a7b68d73aa93,BEV-003,2,611.89
be0867c7-8c6b-4899-ab77-fd8121e30b72,e9a742ef-74c0-4706-a8e3-a7b68d73aa93,JAF-001,6,119.89
6447ccb2-d612-459b-a0a4-a39027a8a227,64fd1191-caa0-4ae6-bef8-0cb5bc2b109b,BEV-001,4,803.89
8c17ca28-4e4a-4ebf-b328-a682f60d48b9,0f2a0ad5-bc4b-46df-97d0-4ad407f14bdf,BEV-001,8,254.0
1a080fa2-e91e-4c8b-82f5-488682c34000,a639dfe6-1839-49bc-b791-8db23033d083,BEV-003,10,668.26
ed00ac66-1336-48b4-87a9-694f8427de91,3b1391a9-2ef3-4a19-8f5a-f039d11c4928,BEV-005,5,336.6
ea2f532d-5f1f-4b7b-b3b3-5f45dc31ee53,0f3983c3-66e5-4c5b-b1eb-5f118c93dacd,BEV-002,7,47.42
0055d5b6-289c-41c0-a241-ed74774cec7c,8b8d856a-7a47-47d3-9f5b-2b8d8356030c,BEV-002,3,579.9
2afaa125-395a-4c88-8fd0-8b0cf0d109f7,794aa0c6-81e7-48b0-b308-c0175b41497a,BEV-004,9,45.3
432b4f1c-725c-4d7b-a8da-0c912095bce2,794aa0c6-81e7-48b0-b308-c0175b41497a,BEV-001,6,867.47
a3a4907f-1b9e-47e0-aae8-3672b1f1121f,6c94f8ab-00d0-4aa0-8a9a-710f92c1cb6c,BEV-003,4,356.55
4c8f6b5c-fa03-463e-b942-fea9e14ca6b2,a1376874-c055-49d0-9deb-c689234ef4b3,BEV-002,3,991.43
671376b4-20c0-468d-b627-615f1cd9c3b9,a1376874-c055-49d0-9deb-c689234ef4b3,BEV-003,8,60.24
348ee76d-ce6d-43a4-a408-d89902844cb6,9a5b40ae-6784-4066-8a89-e31a274d237b,BEV-002,3,872.31
b4bf562f-a5cf-40e9-9250-f01637c73e9a,9a5b40ae-6784-4066-8a89-e31a274d237b,JAF-005,7,43.03
6a7f8a6a-7693-4c22-b6b6-4fb4955762da,9f9b4d72-1798-4b09-a1c4-e2f0af72c705,BEV-001,4,882.23
439f2202-0fa9-46a3-813b-ae85fd6bb1c5,9f9b4d72-1798-4b09-a1c4-e2f0af72c705,JAF-004,1,458.84
56f18a89-6254-4517-9bb9-c130ea07e807,2ae562e0-dbe1-4bba-9fcf-968a02a942da,BEV-001,6,216.81
a0350970-3da7-45da-a5f9-3dcd50cc06b1,2ae562e0-dbe1-4bba-9fcf-968a02a942da,JAF-001,7,970.5
8a8971b6-d730-4b12-bc32-e66d4f8c9ed7,fdbf6f1a-31b9-4669-875b-88582b975847,BEV-004,10,537.33
50d8352d-9a5b-495c-85af-c9f9335b5037,fdbf6f1a-31b9-4669-875b-88582b975847,JAF-001,9,570.74
ef3e802a-ad6c-4ff3-b803-cf2ca001f2ca,f2a1af16-a423-4779-bc25-bf241f7b11aa,BEV-003,10,636.91
61d344bb-1634-4199-8c39-73ac47621406,89f216c1-21be-4d83-9dbe-e43106c62f13,BEV-005,5,759.37
a57be7b1-9484-49d8-9e4d-fe19b9acc692,89f216c1-21be-4d83-9dbe-e43106c62f13,BEV-003,5,331.43
32fe6ca6-31c4-42f3-a1f1-95e821aa4d03,136a67e3-df44-4663-bfd8-b8f8969e574a,BEV-004,5,525.59
f2f76b02-63d9-4f9a-96e3-003685a724d1,7de282b7-28ce-4b6e-bb2d-d2c797bc29f9,BEV-003,7,844.55
0121548d-b1dc-467b-bac2-2df05cc4a24a,bb278123-48f5-44f1-b005-738af74e334e,BEV-003,9,368.59
b49568ff-985d-4c74-9820-7967caab0eb2,6de21624-1687-459e-a2dc-014390fce38d,BEV-004,7,938.41
574d5e82-c12a-446a-bb53-26b6e67265c7,fdbfef40-9c33-4e21-942a-4812a875a9e7,BEV-005,9,256.12
6a791fa7-ae0d-40d3-837b-3bddf2bbcd9b,b6a8ee53-6e92-4b39-968a-5b4cfbb4f2bb,BEV-003,4,836.29
409ea4a7-86fc-447b-8b55-5567505510c1,b6a8ee53-6e92-4b39-968a-5b4cfbb4f2bb,JAF-002,7,584.97
3e49e341-3ba7-471f-aea7-18c6a3ae01df,cd96922a-dde1-4785-a6d5-fd1dc5b651b1,BEV-004,4,89.33
ab328b20-e550-438c-9baf-66f988815caf,6cbab55f-40b7-4872-8bd9-86b3516c47c5,BEV-003,1,429.83
69135740-0aed-43d3-aac6-9579530edae6,c18e0783-7374-4082-bdfe-c1f426634581,BEV-002,3,128.23
c120b388-e0db-4856-8460-d3022911e6e1,66b81514-92fd-4356-bdbf-be801739015f,BEV-001,5,182.61
043fa304-d8b8-4b4b-8776-6f4bcf825c5f,a59313fb-3be0-4541-bd57-7bd6d9de6599,BEV-002,3,998.48
ec076b34-8cf7-4c70-8b5e-45c7678718d1,229c85e6-8d7c-498d-a3fa-b21e4b64de43,BEV-001,2,129.78
cf0aaf56-8bb7-485a-8e72-60610efa85b0,51843442-f9af-4bb8-8ddf-cad00ff11e27,BEV-003,3,79.81
bf97704d-1460-45fd-b7bc-c1a291587979,5c0b04b7-2ca7-4eab-bd41-57bb58a57b07,BEV-003,8,227.42
f34cc763-34f8-4d3d-af1b-997cd194d7cd,c2eefa67-43ef-473b-8643-11b4c2808e27,BEV-001,4,817.93
777100f8-c5af-4b48-8b91-ac0d8f27839f,9a57d9ab-a3d7-4391-8015-a7e74398cf5b,BEV-004,9,824.16
96061596-8a89-44ec-b5ce-3e6866689941,9a57d9ab-a3d7-4391-8015-a7e74398cf5b,JAF-004,8,854.27
42b866fb-7862-4dc2-bbc7-9adb2cd93425,c7daa5fe-a61e-49d6-9b33-85dba68b3638,BEV-001,9,210.08
29aec42a-0a18-4181-970d-17c415f7bef5,7d784f18-9199-4be1-b28f-7c6d1d1b2b97,BEV-003,4,809.62
98e56191-a98c-4666-838e-16125fbdb8de,7d784f18-9199-4be1-b28f-7c6d1d1b2b97,JAF-002,9,469.68
231dae22-e1bc-4928-8746-41c7d4be1e5f,2f6898f3-f178-472d-a694-de8a756b9997,BEV-001,3,776.74
89ef233e-2599-4060-81b9-f5d406d642e5,fa3b71a2-b774-4811-bccb-fb511125342e,BEV-002,8,702.29
b50b19bf-53a6-417e-9087-521e113feeb9,222df631-31b3-4c3f-afdd-bac5150be149,BEV-004,1,478.57
832b1e91-b498-4629-9635-3ea043d6f137,222df631-31b3-4c3f-afdd-bac5150be149,JAF-002,4,868.73
55521582-8271-46c9-a29f-170703b798dc,ce763612-17e1-4ae1-9253-8ffab4808349,BEV-003,4,277.28
3c120b03-9eb7-48df-bf50-05968816bfc4,f7501361-7e11-4145-86a0-a69d39bd5c81,BEV-003,3,303.31
b3c42091-f8be-443c-ac50-7467621a8d0f,47f11fbc-05ff-4b51-9020-1fb499e7f631,BEV-004,3,387.74
1a38c8f8-027f-483d-b057-2610f099888d,aedb64ac-9494-4554-8cb2-0a5ce444e108,BEV-004,9,835.8
276e067e-b758-4dfe-8912-8b3853a83f6b,aedb64ac-9494-4554-8cb2-0a5ce444e108,JAF-002,1,628.87
61a5a5ff-68b2-4b0e-ae60-f33a68742581,fa08aa64-317a-4328-b362-c7add2ff6db1,BEV-003,5,402.94
d9eecc78-ad4f-4abc-bee5-207070af8e64,9d28889a-e883-46d1-84a7-768732e8b489,BEV-005,3,452.33
675da1de-b3d3-4360-809f-5d6a5ca327d6,c8eae895-8676-44ee-8346-0758fecf19de,BEV-003,4,258.61
5c898bc9-e9ba-45c1-8108-240846e86682,fa753d52-4904-44a1-8ed1-a1ac4a9a6b97,BEV-005,6,321.2
cdb3e0f4-5ae5-4994-be9d-afba9e3dc544,5bbccdd3-5ab2-4941-944b-a5056b67c8e0,BEV-002,5,553.14
e4ddebcf-530a-4da2-b194-8021e415c830,bee208e1-b916-44f3-b28a-0a076d534ccd,BEV-003,10,994.92
a03df43c-7bb7-4544-a3e5-216ea7f033ea,fd8c785a-9342-4990-b81a-59fde7087041,BEV-001,6,470.87
68dc5ad1-0316-4c5a-9f82-22f30a26b63a,fd8c785a-9342-4990-b81a-59fde7087041,JAF-002,7,939.23
0d10d1ea-e856-47d7-b504-34ec235b2537,333108b9-3142-4edd-9606-ca065dd1d2ad,BEV-002,3,221.19
b3e79373-b64e-46bf-acc5-139b9ce204fd,b2a3a9ed-9a26-4c72-a152-09e5f38953aa,BEV-003,9,597.95
f31b3341-fbae-4e4e-99a7-7aed27ecac50,f0b317be-c1f0-45dc-8563-b9019aea37a5,BEV-002,3,556.56
59072d85-a14b-44d9-aace-d754f416470c,d6679ae7-a3b4-4de4-8a21-b2411f390914,BEV-001,1,456.61
349b0713-d70e-4cb9-8550-1f6aa4316e34,5938d8de-1342-44d6-962d-c4fb71d80285,BEV-001,1,834.97
7206fbc3-a4e0-4989-adcc-979bb86f2fea,aac73669-360d-47b5-87bc-847fbecd622f,BEV-001,3,796.36
587f584c-41bc-4e8d-a8ac-0ffefda64c4f,aac73669-360d-47b5-87bc-847fbecd622f,JAF-003,1,100.76
8c892ccf-575a-4df9-9a23-5c4343122d72,bf1d99a0-2631-48a0-af34-981229247492,BEV-004,5,457.2
d61a9f69-f164-4894-90d7-f511561320e0,4709b1a8-f398-4ffb-b774-f2be346311cc,BEV-004,1,288.65
7ec5fb2b-6137-498c-b83f-840198d50a39,4709b1a8-f398-4ffb-b774-f2be346311cc,JAF-002,3,711.21
17aaea93-467d-4e67-aa90-2e93b7a994d7,81691d53-20e4-4d15-8cfa-ad03b16ddf86,BEV-001,9,798.41
2723b7df-55d7-47ab-96b7-0038ee13e480,81691d53-20e4-4d15-8cfa-ad03b16ddf86,JAF-005,8,555.51
7a12a7c7-0cae-4a99-a8cc-a7c6cfac0a1c,f6b7cbaf-eb92-425c-82aa-3a2c5c7ddfe9,BEV-004,4,125.63
91c427d3-c6b2-4309-8fc2-ef80eec3fbd3,1ccfc829-954c-4b47-bb03-5024daaa6432,BEV-004,9,440.13
3ae67652-d9e2-4163-9e35-06769c86e8f6,3b8faef6-69dd-4b9d-a906-6942e43e99d7,BEV-001,6,812.06
54dbc777-3a45-4103-b074-47fd7ae75ab4,e3de0ea2-f468-4c90-b4a1-51ff830e214b,BEV-002,6,689.05
ae818300-cc22-490f-8d18-a2abb29666eb,ea34d9c9-4171-48cd-9df5-9b3b6368710f,BEV-002,1,114.15
cf6e239a-b60c-44c9-8e1a-4913d4830239,cb607041-9c31-4daa-a104-f0e1db1bfa15,BEV-001,8,316.12
f072448a-e4b3-4b64-b7e1-b17f74ddd785,1cf78809-29b9-460d-821f-275f28e17cf1,BEV-001,2,476.27
e5c7bc46-ddd4-4ed5-b7f2-ac0363fc27a1,1cf78809-29b9-460d-821f-275f28e17cf1,JAF-003,5,81.52
36262dbd-c2d7-44bc-b6b9-adf84285a1ae,594f0d16-469d-48bb-8b8e-808c394d9b47,BEV-004,4,686.61
bbe338e8-389f-47d2-99d9-b4c658d6d7b8,aea84f37-243d-4253-ae90-85d19748f224,BEV-004,2,910.02
3bb6fc48-e520-4634-86a8-9be5118c7dd9,1d3e5689-e76e-4088-9716-ab287994f510,BEV-001,4,213.68
5bb41d23-bc4a-4121-9eb7-b42e639eb789,7a942158-7d98-4fdc-9861-399b3d89155c,BEV-002,10,239.92
c19605d1-3a37-47c3-bab3-0daf04a313e7,a6aa251f-e37a-4ec6-8d80-3654e5d7fffd,BEV-001,6,79.86
87cfe130-1bea-4210-91fe-703b714a457e,a6aa251f-e37a-4ec6-8d80-3654e5d7fffd,JAF-004,9,492.55
c65e6a55-b33d-49fc-9f4e-466235eeafec,523a5d55-ecf0-4120-af17-0b49426ed8b4,BEV-004,9,987.91
d9641b3d-7c8c-4645-a27e-3eea78a3cda2,8471b45d-036a-4318-a622-2c5dfd407e47,BEV-003,5,314.7
a3122685-41a5-42d7-ad0d-01d3517c0e22,ab3d2e6b-a478-473f-9271-26ae3d392556,BEV-002,7,66.74
099395a7-637b-4c52-946a-1ae743f04696,3cba331e-36a3-4443-9f48-fa908121ab80,BEV-004,7,477.34
1a752260-2184-4c0d-b1ac-b8c66c9bbbed,3cba331e-36a3-4443-9f48-fa908121ab80,JAF-005,5,577.85
580ba663-ee27-45a8-b4f9-5c2456bc9583,2c72b2dc-56a1-4fd2-82af-7c7e21962c9f,BEV-001,7,601.98
aa39868b-bd67-4044-a16c-6e6169aa3e0c,b7728180-0624-44f1-8af8-0d6b6af71cbc,BEV-003,2,854.73
62f198fb-66bd-49a7-9405-2149c4a60cda,e7d97228-6296-443b-a33a-de2f8f29ed44,BEV-005,5,474.36
89dffe2e-1ed0-46c3-87f4-c327809ab875,5bf79963-bc8b-4f40-9844-739ca1291bcf,BEV-001,9,203.54
e5e50523-d2d5-47b1-bb97-fa2da1f20b23,a1ad1bbe-f322-4175-bdb2-e6b4b35f206b,BEV-002,10,967.89
f5ee1751-114f-4dc1-a553-799a5f98caab,a1ad1bbe-f322-4175-bdb2-e6b4b35f206b,JAF-001,5,276.84
ea61b3e0-4c35-47bc-9f98-5438800b7cd4,0b324a17-1364-451f-b159-62ea28e33ed8,BEV-001,10,737.9
61e7d6ca-2b61-44f2-97f5-bf92a068f052,a2e39dbc-e309-4bc7-80cb-fa41ef3ce88a,BEV-002,5,197.13
ca7b9e7b-c7a0-4fac-9063-d9331756b09e,a2e39dbc-e309-4bc7-80cb-fa41ef3ce88a,BEV-003,9,205.78
8c1ca8db-eab6-4316-878f-13b04a4b0740,a2e39dbc-e309-4bc7-80cb-fa41ef3ce88a,JAF-005,4,527.05
4743c0a1-b11d-4b8c-812b-09cb55bf2976,a2e39dbc-e309-4bc7-80cb-fa41ef3ce88a,JAF-003,1,521.21
c5b29a50-236c-43d7-b320-479a7a8a63c0,a2e39dbc-e309-4bc7-80cb-fa41ef3ce88a,JAF-001,9,333.37
0fdf4919-bcb3-4cf4-bec8-6e1fa23255a9,5af1b467-0d83-4ba2-bacb-6d43b1b4e315,BEV-002,2,269.36
befb5219-f7b2-409f-9eff-2ea1b8965fed,2264f9be-02df-48ac-a57d-32e35fdc05d5,BEV-004,2,307.76
89bfb4e0-d914-48a2-9327-8736ba488346,882457d2-0422-4cce-b677-da6efbadaa20,BEV-001,10,319.65
ccbb0b1d-b04d-4936-9309-6d31f251b158,882457d2-0422-4cce-b677-da6efbadaa20,JAF-003,10,458.91
0826e33c-2b2d-4167-8972-16fdc02f306a,01b6b500-c8de-4f69-8163-7a105867eb83,BEV-002,4,182.85
3254f5fa-a149-401a-a768-f7ae6ac0623c,5c402f2f-0608-4bbc-b8e3-c3710e5168c6,BEV-002,2,786.74
93f38eb4-c115-4718-9a30-34e8b651eb18,5c402f2f-0608-4bbc-b8e3-c3710e5168c6,BEV-001,3,453.38
965ca26a-2ff0-4970-b5ce-8bec9b9bb132,f0048beb-1701-4453-bb1f-945371fc07ef,BEV-002,4,987.38
560b3251-d1df-41ab-af58-fdd7b8fa1615,f0048beb-1701-4453-bb1f-945371fc07ef,BEV-001,10,227.81
8722b702-a26e-4c7f-8aa1-b929e158599b,f0048beb-1701-4453-bb1f-945371fc07ef,JAF-004,7,956.86
2b8a9682-707e-45ca-a8d0-d65693bd8591,a00a5dd0-7513-446e-bf3b-ce939b484f52,BEV-002,6,317.38
99b70dd1-c13f-4a92-94d5-3c494cca195f,490e93bf-d1c7-4834-8027-24a4dd1e7ab8,BEV-005,4,253.2
200cbd42-838e-4177-94fb-7e3aa8adc1cf,fb065b4f-f07b-42b2-978b-98daaea7ff7c,BEV-003,3,234.87
48b2daf5-efe0-4666-9165-3d6253c1ba8a,bff7965d-2ce7-4d30-83dd-f818bb8f0f37,JAF-003,7,585.87
fd146cc3-c246-4e06-98e1-ada99785c17e,145e4082-8270-4ad8-b686-caed12340159,BEV-002,2,473.22
0eb874d1-66f8-4fea-baf8-c4a69caa7426,145e4082-8270-4ad8-b686-caed12340159,JAF-003,1,604.19
acae76e1-1c4d-462a-8505-776373d943dc,4e29c935-241b-47e9-b382-c59b4ae42745,BEV-001,5,402.1
aaff8f57-9bb6-40c1-98eb-043edfa81664,ac8bbaf8-c87b-4a10-98aa-53128994b129,BEV-004,5,173.19
38b08bf7-135d-424d-99c1-77ed81be50a9,f8db9a59-938f-454a-a757-7ef81f1e6cd4,BEV-004,6,45.01
0ffdb026-59ee-4034-9fb8-714b68200381,cf648293-b7ac-40af-a636-39f4eb00bd36,BEV-003,10,698.6
28a64f82-9280-4ced-97d5-043730952c48,7b212931-220f-47a4-a427-91e9bc190758,BEV-003,5,358.18
82003641-51f8-4feb-a350-a779abc4b771,7b212931-220f-47a4-a427-91e9bc190758,JAF-003,1,520.65
67a44243-0dd7-4c8d-bf29-e3ac0080a184,5f20441b-1a76-487b-9d31-eeceb1c7f26a,BEV-005,6,799.54
a06e02e3-dc12-4447-a2ea-cc75b30a7083,d76c87a3-d274-4761-b4b9-dfc82c866997,BEV-002,1,315.46
70644ab6-8a8b-44c5-947d-10ab792a7f79,3ed44639-457b-4114-b37c-916ed1a6c0c0,BEV-002,6,150.31
a8274393-033d-45f3-ac96-c6311504477e,76731335-929d-4b8a-ad81-c0b848ffb34b,BEV-005,10,477.14
e4e674df-b51e-4bdb-ad06-0be24594d3eb,c421da5f-6056-4f3f-844a-06d2fb8fcfa0,BEV-004,4,474.3
a4a3a1c7-569e-4d20-bae4-c4c17e5a76e8,46a00d3f-9897-46c6-9a9c-442a0d9e408b,BEV-002,10,867.37
7588eb27-6f7a-4aa6-b05a-33f6802cd9c2,7000bc25-f835-4c4d-b1c8-832651b57e4c,BEV-001,2,159.51
ea29e0ed-8b15-4d7f-9573-f869287cd173,9bd533de-1cb4-4706-a2b7-7400a53b0303,BEV-001,9,440.72
c3355f67-e98f-4c0f-8fc2-e60c541f26c0,d9f2978a-be6f-427f-a769-f92ea5f9291e,BEV-001,9,489.56
8fd92d96-954c-421e-8fd7-6c7f6c6f9324,7c494976-b970-44ee-af6e-ffeb9a61903a,JAF-002,5,271.32
810dbe6d-090f-41b6-a94c-ccd16046ddaa,7c494976-b970-44ee-af6e-ffeb9a61903a,JAF-004,4,258.67
35b698d2-2851-43e4-829c-d74bde06135c,b83455c4-78dd-41e9-84e6-7a3aa2a0ad66,BEV-002,7,834.91
b4106d23-637e-48ff-ac79-77c9015fe6d2,9b1b1cd0-5ba3-4e7c-83fb-0a6b70ec9857,BEV-002,8,430.68
f577528d-954e-44ff-8ac7-ffa68bb01fac,041e6bcf-c8ad-447d-8106-7bd64085037e,BEV-002,9,760.47
01cb43c9-d966-451e-85fb-f0310672a7e6,041e6bcf-c8ad-447d-8106-7bd64085037e,JAF-003,10,907.1
63a9f7e0-b1c4-4661-8a85-aa5e02c78b3d,4dd9e490-d777-4621-8973-73634028ba50,BEV-004,8,984.53
50a6c71c-f442-4489-9ec7-415f0f2dde99,f941d9f8-dd09-4bea-b8a2-287df3fd077b,BEV-004,9,509.28
cd620eae-fce8-4cc2-b1ad-abc1c64b47ea,f941d9f8-dd09-4bea-b8a2-287df3fd077b,JAF-005,6,621.32
21097388-3aa1-44b6-a28d-4e54b6e982e5,9a73d287-5544-4430-a5da-d917c0b013a5,BEV-003,2,210.89
4f9a897d-94eb-414a-838b-5168f44a2910,1bb48c05-222d-4b8e-bc50-3beed2365245,BEV-003,1,129.58
03fdebb5-6b45-47ea-b512-c50e1501348a,abee098a-59a1-4299-a1c0-0ae129d08ee7,BEV-004,2,406.84
54e29d36-f3c2-46c6-8b35-486b5eca4481,c9682e41-bb4c-4dc0-8a00-787bc61371e8,BEV-004,7,338.28
f4637eca-3948-4b01-ba42-7a82903d3965,c9682e41-bb4c-4dc0-8a00-787bc61371e8,BEV-002,1,164.76
15f7eda4-fd8a-4a38-9375-990847fbc2a5,61053640-f4ef-41ad-96ea-55a2e309c585,BEV-005,2,785.28
02210ea1-d8b1-47b4-99bb-5cfb1565e5c6,61053640-f4ef-41ad-96ea-55a2e309c585,JAF-003,8,53.2
990958ac-b150-4c5d-a9ce-b8aa0b498dfb,754ab4ec-4ce3-4a9c-9a5d-3bb3080801d9,BEV-004,8,186.79
2fd7f607-184f-42c9-b642-9c9ade21a55b,dd0987e6-07a6-437a-8853-0e9b6af1d6b5,BEV-003,8,22.32
f0b2e755-2b06-4d4a-82c6-b7cc109f09cf,b57f5d64-3d32-4354-9eb3-9bb289e321c4,BEV-001,6,353.49
3f5d30a9-532d-454f-bc12-aa3731654403,b57f5d64-3d32-4354-9eb3-9bb289e321c4,JAF-002,8,519.07
702c2b90-4193-4084-8e13-c8fa5697d2ca,5af4d1d1-1cd4-4b72-8a22-6b94653471fa,BEV-001,3,534.43
217f8484-62df-4628-aa15-e7cc8794a6e8,5af4d1d1-1cd4-4b72-8a22-6b94653471fa,JAF-005,10,881.48
b99adbd0-c7b5-4915-bea7-1a716842381c,98fd5228-12b5-4332-b05b-28486b0777df,BEV-001,10,904.27
d033f2a7-3979-40a2-a272-d6167e4fdf1f,71ce7f9f-3809-4fb7-b528-7470cd187c47,BEV-004,6,407.29
bae29e0d-c640-4351-9f68-8b8dd8e7029e,b400a049-ede2-4ea4-8efc-b9ad3d605950,BEV-004,8,687.91
070b0298-5132-4db7-9206-3183b902c9ae,b0390703-a2ad-41f1-9509-89b3f737cbe2,BEV-002,5,940.4
3f867a79-3c31-4198-ab39-5020ec0d8d80,2588ef26-59fa-4e40-ab43-f612634ae7a1,BEV-003,7,129.33
2633955a-5973-44f7-af60-2d34ff8dd900,a754b8ee-6fac-4b51-a1df-19b3c383904e,BEV-003,9,668.97
b4197445-8a13-4383-8895-1865461deaf3,d1395b92-c15e-47d4-bae0-5805a10ced1d,BEV-001,1,640.25
53d18b0d-c216-479c-971e-b3b308e4854b,f86ea62a-dde6-4c56-acf1-36f2f1f1ab22,BEV-004,8,744.88
fe83ab08-eb44-4e3e-aef6-981b8f4b6de3,f09fe687-7e2a-41fa-b1e2-5a5f6ac9560f,BEV-005,3,346.92
9ec1e5cf-ad45-400a-aa27-5da7ef401bbe,d5b007f8-63ac-42e5-9fb8-4b644fd31725,BEV-005,5,835.72
f02ef4f0-7e69-485a-bd6b-963b5ba1471a,d5b007f8-63ac-42e5-9fb8-4b644fd31725,JAF-005,6,50.74
97cf738d-acd6-42b3-a13a-96af611be16a,8e671ddf-6e1f-4e35-b2e1-4d9558ee822a,BEV-002,2,147.97
89b8d958-0c10-4d85-8a71-49f2af99ba35,663aa274-8cb3-4706-a834-4258eb210331,BEV-001,6,757.32
217ce971-6d8e-4d56-a7f8-df97d9bbf8d4,4f7c5963-c07e-49e0-ad99-f87fcd9b9b27,BEV-003,9,910.46
0356482b-a47f-41e8-ae45-e1b42dd76d61,dcd73dde-e319-4fec-b474-3b90cc97a38f,BEV-002,8,419.94
496e9d3e-a60c-42d8-8161-36ccb24fd070,dcd73dde-e319-4fec-b474-3b90cc97a38f,JAF-002,4,529.07
7f11e19b-f0a2-4148-af66-b07b617fc3b9,a5e42e21-b328-4001-a04b-7578af61af79,BEV-002,9,316.55
a9890bcf-caa4-4e10-a7ed-8b8cbf4753b4,948a095d-580a-4be3-aa16-36248a5d1056,BEV-004,3,121.18
5505d5e5-a179-4153-b008-ae10a279937f,a4b108d6-e0a8-49ee-aa04-b6f1b4efafc1,BEV-003,6,108.33
f8ab0c8e-3737-431a-9b77-ea47e6179968,f8a08f2e-ec7b-48ca-9c8e-f05f0a8ddd7a,BEV-003,3,776.03
17a42b09-50d7-433f-a2b6-07fb2b597c06,f8a08f2e-ec7b-48ca-9c8e-f05f0a8ddd7a,BEV-002,3,242.25
23795161-a403-4196-9bc6-fd6c385bf80a,f8a08f2e-ec7b-48ca-9c8e-f05f0a8ddd7a,BEV-003,6,767.4
2bd6db6f-49ba-43d2-947b-9bd92091fc4c,f8a08f2e-ec7b-48ca-9c8e-f05f0a8ddd7a,JAF-001,10,885.08
45b0564d-6ea8-4d33-aa04-fcec94f09cda,a14ad315-83e6-41e5-b771-c6e0bfd21d0a,BEV-003,7,767.27
8b10a128-d5ce-41fa-abb6-e25f50b91d27,a14ad315-83e6-41e5-b771-c6e0bfd21d0a,JAF-004,7,54.66
ea972725-4912-43fb-867f-e98c283a1272,00fd5466-c00a-4207-b183-b376fc7e8ecc,BEV-003,8,100.33
ff4e816e-6ef4-40db-bb2b-f8f015a3a0fc,00fd5466-c00a-4207-b183-b376fc7e8ecc,JAF-004,4,986.71
41a2be80-12cf-444d-9536-1d9adc6cbf0f,a797275d-be1c-4d79-93a8-8df23b1fc792,BEV-004,9,567.94
f17f42d4-28fb-41a3-b02d-91ee03de00f1,a797275d-be1c-4d79-93a8-8df23b1fc792,BEV-004,1,858.92
acc28897-1c11-46d8-9289-c40f86f86b6a,07fb599a-e445-415e-a420-dfb3d239d387,BEV-005,6,628.49
95f70bf4-3886-47b1-b3fb-6d2ffbff12e4,65aee977-5ffe-446a-b97b-9bd256e39958,BEV-001,1,58.96
5c548a88-64ff-4eaf-b919-f14369c25fce,65aee977-5ffe-446a-b97b-9bd256e39958,BEV-001,6,315.73
a9b68687-c91d-43b0-b64c-12e3568809ae,65aee977-5ffe-446a-b97b-9bd256e39958,JAF-001,6,701.1
c79f5a30-a5ee-47e5-a1db-f71768ead663,7e4967ef-adae-4ba2-b152-06b73746ec26,BEV-005,5,719.65
49998a3a-355a-4811-a012-bc6b43ad0b5e,3974d1b3-d3f5-4950-bd74-2bf38647383c,BEV-004,2,391.45
9cc597f9-0d15-44d5-9d4b-f35c258e8305,36391f93-0b3d-4a2a-a042-4767b0591ea5,BEV-005,9,423.36
95480636-2841-4765-883e-a26217aab9fb,15da8644-a87c-4fd2-9682-5595fc3cf7b1,BEV-005,2,932.22
8d9db3f0-31ee-453b-b8a5-01f48270a6a1,c80ff4e7-485a-4b2f-a119-a450ffe062e2,BEV-002,3,755.67
197cedce-a15c-45df-9ff5-fb0b8d276f74,c80ff4e7-485a-4b2f-a119-a450ffe062e2,JAF-004,8,523.33
e4d027c5-5aca-43b3-aedd-c878e2439f8d,078488e7-fb7c-41c0-9637-7eaf8943f442,BEV-003,10,887.8
4ad0c9de-6558-40ae-b8ac-3295a1d53b70,228cac31-ebbc-4a37-9d4d-7596a2276786,BEV-005,5,639.37
2fdce3e7-959f-40a8-a5df-a5f8ba54d595,228cac31-ebbc-4a37-9d4d-7596a2276786,JAF-004,10,125.0
9ece960a-d9d5-4428-9c80-846668dde9f3,81d1ee8e-172e-4468-8cbc-93b744126b33,BEV-005,8,85.02
6369af97-ca7c-4fa0-a8e7-9ec520321b40,111744bf-730e-4616-8ca6-73e613e2d3e6,BEV-004,8,983.58
21d3ba95-e8eb-4e4f-8153-47a9aff24efd,3282efd4-8d4e-4786-926d-902e27d30c18,BEV-005,8,101.76
a9fb929f-f478-4906-924b-1880854e64ed,8a4a4050-cc82-4604-8a43-488a278ac7d3,BEV-004,9,759.22
a2a69f81-87b4-4eae-860d-df380e6ddab2,4a94e7a1-4732-42a6-96ce-e41700edef34,BEV-005,1,980.51
bd65c620-b114-4770-bcb0-07f233b7fc4b,4a94e7a1-4732-42a6-96ce-e41700edef34,JAF-001,5,941.17
30fd25aa-7931-4d58-8ddc-7fcbaa23c11d,b9b9767c-469c-4dd7-b726-80ab338c1542,BEV-005,8,100.89
54138ebc-1481-4e42-921d-7561c8b7615d,bda7835d-fbe3-41bf-8cd2-fca5cb65fc3c,BEV-002,2,24.34
feec198a-3b91-482d-bf31-64daefef3cc2,210bec3d-851b-4039-bdfd-82a0f13e5e56,BEV-005,10,165.61
c7cd0251-2d36-4fc6-8b10-13bfcaadab1c,210bec3d-851b-4039-bdfd-82a0f13e5e56,JAF-005,10,488.98
2a2cb03b-1a85-41b2-9bf9-48185160c061,35cb57ea-c5f2-4b11-84fd-4da450772540,BEV-004,9,575.31
20751d8f-195d-48f1-859f-5fa212ce61ba,e5ec8be7-9239-4369-87cc-5f1e92461d16,BEV-003,8,960.51
ad254773-feb0-4803-b9cb-bcb6abfd64f0,72fdd2bf-25dd-4287-91bc-e5be83e99f0c,BEV-003,5,463.16
e3ac63d6-0ecf-48ae-adb2-37b0951485c9,72fdd2bf-25dd-4287-91bc-e5be83e99f0c,JAF-004,3,906.29
99745804-8583-47ca-9a5a-50d662b3b2bd,ff458de7-f13b-47b9-8221-c978bbb33b28,BEV-001,9,143.79
3b3101ec-8e7c-4e81-9d2d-4791c68fb517,a2b53c99-9e56-471e-97f7-06d8fff79765,BEV-005,3,707.71
dc595ed1-95c4-4d43-aa89-37fdd1880f52,b0a079d2-a166-4f1a-b9e3-0f95a06ca778,BEV-005,4,540.21
cd6de9fc-e429-4fda-99f5-87bfaafd7f18,75853cef-529b-4491-a43e-1d57421af2eb,BEV-001,9,564.37
9e18f754-dfe2-4ca9-81a0-fd323544abaf,75853cef-529b-4491-a43e-1d57421af2eb,JAF-003,3,479.01
0bbd34ae-0709-4eb3-9458-12e49a80240c,8c4b4d0f-9a81-484b-b03d-388944a3424b,BEV-001,1,252.47
8d4923bb-6322-4905-9d00-9fd223838903,2ee76327-41ea-4f61-8c99-3da3a93e2b4d,BEV-005,3,407.16
e198614c-f661-4640-bcf0-59e5e9b087e8,2ee76327-41ea-4f61-8c99-3da3a93e2b4d,BEV-002,4,28.94
0986fa20-c308-4c90-a43a-97995e24d2c1,2ee76327-41ea-4f61-8c99-3da3a93e2b4d,JAF-005,6,695.93
07bcb4fa-5c64-4f0c-aab0-9efa4d14a386,73b08a7c-7944-4372-a268-15695b7d6d47,BEV-001,4,308.03
2087329c-c112-4d69-8a85-13f6c3573770,fca961bb-b94b-4480-b4e9-6a4949d6d10f,BEV-003,6,41.29
ac192833-9a86-422b-bd66-4ce66e7723a6,fff50ad4-838b-4b5f-ab46-a33a3bb0389f,BEV-005,4,836.04
1ab7b491-f62d-411f-8ebd-9bbc8f235080,fff50ad4-838b-4b5f-ab46-a33a3bb0389f,BEV-003,8,209.43
96e4b511-e55d-4974-a62c-899204dea559,fff50ad4-838b-4b5f-ab46-a33a3bb0389f,JAF-002,3,44.73
af5a7d80-5460-4568-ad22-4aeb7729c8a8,399508bd-52f7-4645-9cfb-31b42dbfc897,BEV-003,4,546.98
7820b25a-06f5-43c9-8364-6e4bb33f5224,ef30ca8d-ce3d-4f9d-bed5-4a3b897a3464,BEV-002,9,631.96
d94e2a35-e38f-4491-9eba-b12f2ac78607,ef30ca8d-ce3d-4f9d-bed5-4a3b897a3464,JAF-005,6,792.28
86d5bbb6-6a08-46ff-b8cc-4085c039b424,0ff2b6a0-a190-47b3-9326-4227ce286325,BEV-004,8,910.34
ed8c7f84-dd2a-4177-a78b-2fd6a70a73ef,79265425-7844-4e29-9f87-0853b3fb4d7c,BEV-002,3,950.73
3233a9ac-e3c7-45f2-ad7e-142a2466cd03,57b08cc0-efb9-40ba-a311-5697aed86777,BEV-003,8,172.99
08382059-9d05-4a74-996b-466a69861b2b,95379f9a-f53a-48f8-9013-ffaddea8cd47,BEV-001,3,476.54
db9b571f-07a6-4c51-af71-c2ea11f0f715,e436637e-c7fa-4baf-8c74-543163e800ea,BEV-004,6,697.16
c252aa97-44c5-4e4d-90c4-c150acefb632,5a722961-6a4b-44cc-8d1b-da631ffddb59,JAF-003,5,638.34
b7f66057-8203-4565-97e0-4449d9f64734,5a722961-6a4b-44cc-8d1b-da631ffddb59,JAF-001,4,452.83
4d8d210a-9df9-4117-af93-b6822148fab4,166f2a7a-8669-4071-91a9-cd82fea476ef,BEV-001,7,801.32
6dbff826-2d8c-469c-b773-0d5bef14229c,51c2cda8-1e3e-42a1-8344-0cc531f279fa,BEV-002,7,442.33
7e24a855-297a-4f84-8b03-d31ea419a07a,67903a44-336f-4203-8619-a1da975f2414,BEV-002,5,295.26
203363e5-82b2-4f66-9723-efef1e8e8006,1ad371f5-3a92-4b0e-a058-3a27e726d791,BEV-004,10,942.35
eb356ebd-f613-4f2c-98a3-9c6bc119cf69,9b6557e7-a5d3-4f51-a9e8-cdc6b3209659,BEV-002,2,931.88
212df133-f480-4a63-8003-b564d52b9140,9b6557e7-a5d3-4f51-a9e8-cdc6b3209659,JAF-005,7,580.89
4f592f67-26ab-424a-be96-6e20a9b48f9e,5d74fa82-bfb2-45aa-b4f4-ab3fb7feb900,BEV-003,7,997.49
43a67cfd-77a0-4836-8398-c14d6e97fa99,f3c5d86e-9e0c-4abe-b4ab-2688c313fe6f,BEV-003,10,305.17
78617831-9de2-4062-9340-251de28c088f,f3c5d86e-9e0c-4abe-b4ab-2688c313fe6f,JAF-002,4,237.01
ce4e56fa-9a2a-4169-99ec-694e9879ef61,a82d4aab-2d89-4e66-8ad8-9a402cce0733,BEV-005,2,422.56
816a1f18-8947-442c-91c3-c82ae06e96f5,a82d4aab-2d89-4e66-8ad8-9a402cce0733,JAF-004,3,654.25
2e3d0bb9-f232-482b-bece-33baa6d64654,162c7228-6c43-47e8-93f3-1a107e8f9aae,BEV-003,7,576.2
9bd95830-3355-459c-8c94-df58fe4d84c3,162c7228-6c43-47e8-93f3-1a107e8f9aae,JAF-001,3,673.29
250fdce0-3474-4a21-9846-0fed3c8c1097,87c7ac9b-9810-4499-a89f-7c1312465dc6,BEV-003,8,513.7
55992fdc-bf0a-4c94-a759-80dcc2672949,c3045e74-6be0-4916-95b4-08f52c860d6c,BEV-003,5,20.55
77922671-6cb2-4269-8b6f-6b7083dd0ebe,c3045e74-6be0-4916-95b4-08f52c860d6c,JAF-005,5,931.05
805a8ab4-78d1-47ed-8d6a-6d4df211ad5b,797ff11f-dddd-4057-9cbc-f168cbff7cf1,BEV-001,6,657.14
59bcabba-9b4a-4b3d-8141-437d73cd2386,dab3dfd4-bd11-4321-94fb-d69e1d613104,BEV-002,2,693.37
9b351f7b-219b-46f6-ae52-6a9903ea50c9,735caf31-c93f-4821-85ed-fc86310df90e,BEV-004,6,600.38
6ebef4ec-4a09-4aac-84e5-aaa1790d0d61,a4482723-8f79-4d5c-bc17-3725f6d42eb5,BEV-001,10,342.76
108b79b5-5c81-4273-8e89-2db2a41160d3,1577e417-9c5a-448c-a43a-113ee9969c83,BEV-002,2,490.57
876d734e-58eb-48dd-b9d7-d3b144624f0c,54ed708d-3c24-4594-bc67-1478e521f382,BEV-001,10,704.77
4963f80a-a277-4d27-b2f1-e6136c6c9b08,039b85b0-8111-4aa7-9a00-449d230c3b8a,BEV-005,1,946.3
608dd54f-9778-4623-8441-51047e1e4ed9,b3720c32-83b2-4448-aef0-1f9e3ab62008,JAF-005,10,827.08
a8f34de9-2bb1-470c-a84e-222804eaa2b1,693ee627-7d4b-4917-9292-0cb8aa33d61f,BEV-003,10,128.62
09669dc3-82e9-427e-801d-e9926c1f0036,693ee627-7d4b-4917-9292-0cb8aa33d61f,JAF-003,1,196.18
048c2560-ccfa-4523-8c8e-ce26d64d1a8d,7944ccf2-5ac5-4282-97cf-2bc393015742,BEV-004,10,607.98
1718e388-83f9-4e6f-8183-e121a2ec0196,278ff1d0-40e0-4eff-8ede-13f48d6522e5,BEV-001,4,49.06
c9ff4d0a-45f9-4c8f-adc4-b2ab40c81a75,278ff1d0-40e0-4eff-8ede-13f48d6522e5,BEV-002,4,563.92
f80cd1d0-1d8d-4f43-9c6c-02b47f12e71b,1fc2a4b3-9803-4f01-a3f7-606c5d4907c5,BEV-002,10,444.34
b204aa18-c84b-4048-8934-c1b526727e17,b7fcca8e-de17-41cd-b6a7-5e05a91d29e9,BEV-005,7,776.9
bcbfd3f5-e276-4221-bd0e-b28dd9aa6845,b7fcca8e-de17-41cd-b6a7-5e05a91d29e9,BEV-003,8,820.68
b4a17dfb-5c16-48ad-9bee-e7afa3c461c6,c77fd86e-aa97-45fc-88b6-552659e9ab60,BEV-005,1,728.42
769fc1d4-6f87-46b5-8888-1d149ae57b06,9b70c289-8aaf-4686-9d82-da3704e3e88b,BEV-005,4,137.76
ee1bb8ea-a5d5-4148-bb16-a984676dca06,9b70c289-8aaf-4686-9d82-da3704e3e88b,JAF-005,9,990.09
cca0d5cf-fded-4f47-93d0-b316669f728f,ed328f34-52b2-487e-b03e-60912db69f8e,BEV-001,8,449.95
2232c54c-fc1c-44aa-b881-96530486a528,ed328f34-52b2-487e-b03e-60912db69f8e,BEV-001,3,35.01
23f0281a-7683-4653-9923-a46e32d6d7e7,266fc6cf-9243-48e8-b710-335d8b7412f0,BEV-002,4,562.47
580a7ef7-11ef-4027-a4ae-c67568a08c35,266fc6cf-9243-48e8-b710-335d8b7412f0,JAF-004,5,431.49
acea130c-230d-4eb9-9364-74c1ea48563d,7274b7bb-2f5f-4d25-add3-d02473783bb4,BEV-002,7,738.73
ffd8031c-e56d-4ab7-904c-0de19748d5ab,7274b7bb-2f5f-4d25-add3-d02473783bb4,JAF-002,4,211.96
b52f4161-2fda-4480-95c9-01fd3d2e6815,828a16ff-1f6e-457f-8f73-cbf1a717ede3,BEV-004,7,920.52
fc145eef-aee8-456b-8a7e-bf8e7be22638,ba49e46d-712c-4f9e-962d-35e1af015c05,BEV-003,8,497.19
f35e2db9-1022-4c07-a346-5a9a585d9241,9a8a2b81-49a0-434a-ba55-bef39e0e8a45,BEV-004,10,338.13
dedcdfd9-2f1d-4f12-883a-9d5e32df8258,9a8a2b81-49a0-434a-ba55-bef39e0e8a45,JAF-003,8,816.42
7e9809cd-6953-4d1f-a72a-f983b6039383,7395c2d2-af54-40f4-8b69-6d3971546bf8,BEV-004,5,589.99
c9e1ece6-5ab7-456a-ad67-92eb7d25c2ae,7395c2d2-af54-40f4-8b69-6d3971546bf8,JAF-002,10,761.01
6e78d95c-b889-437b-8a64-357fb6855507,943f403c-9a50-4819-bff6-6536b1aeda84,BEV-005,10,178.85
cb888227-55bf-43dc-9945-9e65fcd59162,00a94c3c-152f-42d6-8793-9a73934f7298,BEV-005,7,240.92
edac83db-84c4-48f2-93f2-8160ff737fa5,00a94c3c-152f-42d6-8793-9a73934f7298,JAF-005,6,881.14
3c56a95e-0c41-4bbc-a66a-bb8a16a61d06,c41500e5-ffac-4bfc-b7d0-c179e70bfed3,BEV-005,8,347.19
2a3f7cb1-f984-44d6-b640-7855d6e79edd,8d7f4978-8275-439f-aa42-a61dfd261977,BEV-002,8,491.17
f564281d-7a38-4ad2-853a-7aeda8095a22,3345bcd4-ca42-43a1-bd19-9802daccf4fe,BEV-003,10,298.72
3247d38a-bb1f-4095-9d2f-f3353a3bb518,ee949454-3401-452b-bc89-9f7ec9b7a70c,BEV-004,8,470.73
6b77a2e3-96a0-42c2-b55b-03bd7df4a13e,8379d80d-44de-429c-b425-341eba7e1c94,BEV-003,9,208.76
bba5604f-1e14-4207-9fdd-6e29806e2904,63760679-2f7b-45f9-a668-bc08851a40b9,BEV-002,2,602.89
9d0efce9-a75c-4a3c-b171-e36d5866207a,0515e40a-353f-4e31-9aa6-6c872ba2fc9f,BEV-003,7,324.71
5d509431-a635-4083-a453-9052da46051d,4ca3a311-2027-4c80-8056-fd0202abc949,BEV-005,4,980.31
110e027b-71aa-4f09-8675-53e699849ce0,4ca3a311-2027-4c80-8056-fd0202abc949,JAF-004,1,377.39
1a00161c-ddfe-4d3f-abbe-aa195f5adbb4,42141b1d-eab7-4af4-8e71-5f50cdf7560d,BEV-002,2,221.92
2ca8717f-94ae-43b5-b47f-02e3bd941752,4a0d88f6-de94-4f2c-8124-719bb62c1c9f,BEV-002,9,737.22
45018a6f-8afb-4185-af9e-22897edda99c,d0dab9a8-dd00-4a6e-901f-db25cbf721f9,BEV-005,7,50.43
7926485c-e238-4670-a2e6-c94b3cbae7cf,04d358c2-c651-40f3-b3ff-ed5b06603e01,BEV-001,8,761.45
0a3c86f1-6b06-495a-b789-bde839effd9a,c393f573-e54d-4be1-bbd9-fcb7c31e940e,BEV-003,5,733.9
f7d1fd45-5c82-4a7e-8565-b10122768232,09aef115-c952-42db-bd37-e70ba5ffc867,BEV-005,7,40.63
2d9bd201-b54a-4575-92cf-9134dbcb1825,0b38d755-9489-4ed4-9a80-20a9febfaa49,BEV-002,5,117.86
41c25e22-d3bf-4b84-8468-ff3a24f4a833,cc4ed58c-5b93-49ee-8dd3-81fadd384339,BEV-002,1,951.01
1674bce8-938c-44ea-bf7c-1fe78773132c,35d89942-724d-487d-8633-a17c9abc6459,BEV-003,1,312.2
adfc7a3e-0339-41b9-9810-5dde2acb74ab,2b7ad9c2-183c-494a-8979-403afed82727,BEV-005,6,462.29
1ab87cd9-377b-4284-b05f-1a184977f4cd,e8465619-6fef-4f4c-ac02-000f30588ae6,BEV-001,7,381.11
73d4b9c3-5007-4963-945e-3cccaab591a6,9b29e8cd-2107-4062-84d8-1d06750642d7,BEV-004,9,835.15
6bf0f9db-9516-4bc0-a847-4f257ef9c484,72c1c4df-f88d-4871-b5ed-c7b025618deb,BEV-005,2,443.96
5a222611-6f55-4ca7-a10d-714249f3fe58,72c1c4df-f88d-4871-b5ed-c7b025618deb,JAF-005,6,530.6
6c3b40c1-98bf-4f12-9944-0504cc8a02b1,fa4a3572-563f-4178-94e2-6ec0ecddaff0,BEV-002,7,391.43
270c66bd-ffb5-49e6-b2ad-0c8699cfa83d,fa4a3572-563f-4178-94e2-6ec0ecddaff0,JAF-001,3,14.59
71420d7a-9d80-4fcd-b1e3-0f1375ee7770,9a649853-2748-4b03-9f2b-cfe86ebce7c7,BEV-002,2,777.12
403b4d10-0ba9-4c25-a8c9-d6d41fcdc0b9,2e910ac6-3715-4e0b-a52c-0de097de6aa8,BEV-004,5,640.71
689125bf-07ae-4d96-b489-c0739a7db825,af1ad2d3-91dc-4ad0-ad16-70f23cfce543,BEV-005,8,590.63
15f702a0-5edd-4f5e-af61-78294c3f8c85,af1ad2d3-91dc-4ad0-ad16-70f23cfce543,JAF-005,3,505.25
d1159e55-955b-4d4a-9e2c-9444923fb78f,1031892f-4151-444d-a5a1-300492001936,BEV-004,6,102.45
a942b6c4-fe2b-4f07-b112-bb639d765899,fdc0ab1a-8ac2-4615-bb10-3ba55ec4944a,BEV-002,3,461.57
c05e9c8f-7aad-46ab-8e25-80913950c6e6,1e6fc6b5-7e92-4b63-89ea-187608499ed3,BEV-005,9,326.15
d5a8975b-5d88-45ab-b35c-181f86e24068,1e6fc6b5-7e92-4b63-89ea-187608499ed3,JAF-004,6,434.23
964664c1-0818-4e4e-9641-c6eaffbed4bf,1c7aad80-d20d-4c61-99f5-11afba348573,BEV-005,4,104.77
4abdd78a-1a8a-447f-b075-b77bc6ad4b4f,1c7aad80-d20d-4c61-99f5-11afba348573,BEV-001,6,903.34
681fe123-be09-4b12-ae9b-63267ad1e915,786b0a20-1951-4619-9ba2-4ccc115e0cba,BEV-003,8,938.74
c316e692-3970-48b0-8f2f-8b5109154ca0,6ed2d1af-3b01-4600-be49-000b7f21529d,BEV-003,10,766.29
cdae0de1-eac3-4eea-969e-28db0952164b,856b3c21-467a-4adc-8aba-ba42ae2f9e8b,BEV-004,1,59.3
5acbe77f-4fe3-496d-b73e-6724d65d3b87,11a251d5-ff6b-4c07-a411-2df612d775b0,BEV-002,10,571.19
0afbbff6-74bb-449a-8d61-c3b8f4d1c3fa,11a251d5-ff6b-4c07-a411-2df612d775b0,JAF-005,7,744.39
8c3552aa-b1d6-4404-a0b3-ee658d64c9d5,a16196d8-1efc-4b31-b52e-929ded5f1708,BEV-003,4,812.04
229aeb5d-8fb6-474c-a06a-b7b0c747929a,257244c8-0bb5-4651-8d79-96418f9813ba,BEV-002,4,396.13
bd06f960-0429-4ccc-8b36-3301c83f6e5a,0909d5f3-29ca-4d30-be59-743d6c32540f,BEV-005,9,726.19
9c32c4d0-bfbf-4c3d-8ad6-b3914db0283d,4f025b4e-1c2b-4757-afc2-03071ea79e3d,BEV-003,6,726.35
54a90cb3-6bb2-4a80-b89b-ea4733b4a5d9,e8db645f-792c-4d60-b64a-13d038a7e818,BEV-005,7,590.6
c5b511f0-1de4-4d8e-bb20-c44ac483b7e1,e8db645f-792c-4d60-b64a-13d038a7e818,JAF-001,5,629.16
4aac926b-9148-4548-a531-1e008a2d9a34,9a82b939-78b9-426b-afcf-dd6abb8d3ebd,BEV-002,2,365.52
2b7d1d27-2413-43e5-b210-19d2f87e8f78,6fa0cea8-116e-461b-9661-64c1be397b1f,BEV-001,7,949.9
db2d2c23-4a8b-422f-bf72-4603d920eea2,25d1603f-0b03-4063-9116-998060c22304,BEV-001,5,187.09
66857143-c24e-4749-a745-2884648c04ff,2cc61c94-c40b-493c-b375-d690d8a10989,BEV-005,8,683.53
57e97fb9-1b78-468b-b167-10e8b9547d63,fafda912-84b9-4f79-813b-896234a83956,BEV-002,3,598.84
8cf18269-0181-4095-942e-6ed336d0842d,3e79267a-cb0d-467d-848e-47ee77c329d3,BEV-003,7,136.83
01306e37-745b-49bd-8651-ddfa595bf51e,54c02951-0d24-4b4e-8a3e-d93570cc8fa0,BEV-002,5,490.9
c83fd22f-38c5-4010-b737-09871c1469e2,776f9d4d-164a-434a-b402-bc079a49f49a,BEV-002,9,464.72
35697ce7-b0cd-4508-8869-d94c2a70368e,bef541ff-55e1-42ba-a58c-3fc818e1f5a3,BEV-001,7,644.76
b98ab28c-8063-4e60-aa47-8402884b6581,66be3293-bfad-40c9-b4c0-f88056bed1cc,BEV-003,8,620.22
a08ab139-debe-4af2-a44b-6a80b01952d6,30fd5f2a-2c8c-4189-b16f-2f47aa4ddcf6,BEV-003,10,752.2
a6f48f39-ce1e-4104-90ae-a780d8f91fc8,30fd5f2a-2c8c-4189-b16f-2f47aa4ddcf6,BEV-004,9,283.7
56eff555-e933-46e8-a3bb-0e152e9f95f3,883eec04-c86a-48b4-baa9-44352217d324,BEV-001,3,436.41
1277baae-3ee6-4e3c-b998-4f1abe4c6293,883eec04-c86a-48b4-baa9-44352217d324,BEV-005,4,828.55
a45692b6-2c46-4b86-8cea-ed3fe981f562,f5e39789-8f8a-46ea-bce0-fe2d8c94b866,BEV-004,7,537.34
a14d46de-973d-4293-96a1-018f5e3c60fd,f5e39789-8f8a-46ea-bce0-fe2d8c94b866,JAF-005,6,668.54
e1753338-5b93-4295-950a-8acd731626d8,13464ca9-7902-4d4b-b369-64d9646b13d3,BEV-005,3,146.86
9cf8a3de-edba-4333-a7bf-6b9b61ba5e7e,7767fc13-56bb-4071-9f24-26dc68b415aa,BEV-002,6,948.81
e13cba4d-1c0d-446a-9d0c-7ee386fc40ba,c0522779-24f8-4a85-89cb-01ab3a79cb6d,BEV-002,3,184.26
3a8fd081-e1ca-4f27-bf53-450378db8c5e,a99c4d20-6421-4c03-b3bf-160c764949d3,BEV-005,6,222.88
79a84b4b-449d-44c3-a5bc-a85dba4b052a,370005b6-5691-4e39-81c2-4e432a3eb2e9,BEV-002,1,720.91
4adae8ee-29e2-446e-b1b6-7272bbf8cf22,370005b6-5691-4e39-81c2-4e432a3eb2e9,JAF-002,6,271.83
472ff402-6ebb-414b-af6c-6ec4c7474bac,87d3b1f3-e0dd-48c0-8e8e-fa309d9a51fd,BEV-003,4,522.73
7c32e5c4-99e6-41e7-abc8-038e609afa23,d7240ac2-6db4-446f-9716-9897f26addb4,JAF-004,2,837.89
f7de8c28-dabe-4db2-95b3-77b2b8bc6b0d,d7240ac2-6db4-446f-9716-9897f26addb4,JAF-002,4,748.11
c3cb0e83-1be9-447e-96d2-218df9565c4d,46d4c9eb-9797-44fb-914c-553f8d56e7a7,BEV-003,7,661.24
8c180e06-66f1-471e-b2c3-782ada7c052c,46d4c9eb-9797-44fb-914c-553f8d56e7a7,JAF-004,6,302.92
bbcec0bb-5d84-4415-b1cb-27cab4432914,38ba5d62-941a-4475-8983-5a730257c94a,BEV-002,10,888.92
f5883e2b-0f53-439a-ae39-34532f6ad1fa,d9e01aa6-827b-4c3a-9cb2-46b96c8610fc,BEV-003,7,495.92
57556ed1-9ef0-4ba5-b8b3-81bd87f95115,d9e01aa6-827b-4c3a-9cb2-46b96c8610fc,JAF-003,8,322.86
b9d1c142-4d21-4b3b-ae8d-c66a16462cd5,eb4c783e-0a84-4a8b-bc26-405aca7de934,BEV-004,7,621.81
6d88ffe0-ae1b-498c-846a-350e2e480e0a,23417bcb-1ef9-4edf-8d2b-5ffb5c134e55,BEV-002,6,140.91
bac98152-7d7b-4aa6-b81c-676282f6f63a,5915632f-6a87-4376-8fa3-82907bd74866,BEV-004,4,937.76
d4bbdccc-5549-4465-8e44-9184a8b49818,51093c8d-50af-4cb9-9d57-1a8fb0263bfd,BEV-002,7,81.21
e06ba8dd-ebc1-4d42-b21b-7b2ed0a14174,3904c512-d9c5-4635-9091-65c78c86e835,BEV-005,1,975.28
cb601e0b-59b4-46bc-84a4-96f8dbfbc94b,3904c512-d9c5-4635-9091-65c78c86e835,JAF-005,5,983.65
7c34bf61-30d5-41ed-94ff-6a14eb8b9632,e46651ad-39a8-4661-8d8c-7692e3a5cb5a,BEV-005,8,566.72
7de5fb61-0e8f-467c-b9a5-7d4207f60cae,9d08c11e-41f1-480b-bde2-3e8e32ddadcf,BEV-002,1,243.95
536541ca-a591-4677-b760-a0241bffe417,33b2dacc-8dd6-46bf-949a-2df8dfe8ba2a,BEV-003,7,366.65
701b8572-6be5-4bd4-a69d-860b9915e8f3,33b2dacc-8dd6-46bf-949a-2df8dfe8ba2a,JAF-005,4,810.97
2e227312-2d1a-4923-a030-534250e96c56,ad175e87-2c61-408c-9d7b-fa005c016462,BEV-005,8,433.84
776b050b-fa78-441b-9445-8075962b05e1,ad175e87-2c61-408c-9d7b-fa005c016462,JAF-005,3,810.95
73999a82-774c-4e7d-831b-c4c82090ba98,46d1d3a0-cf53-4c5a-95ae-77cbd9481698,BEV-003,10,636.31
65555517-39bf-430a-96a7-cc6c7a08d368,46d1d3a0-cf53-4c5a-95ae-77cbd9481698,BEV-004,7,984.04
c7498fbf-e127-488c-aa76-78844c488ba8,6b594ee5-9512-440a-b092-f689ddf39458,BEV-002,8,675.25
8b324808-4724-4f1f-a5b0-8881f5545b89,5176f481-ca82-4000-ad22-799c2994d42a,BEV-005,5,742.74
5bc44ddd-e7a6-45bb-a30b-13b452254855,32e26a56-d82a-44ac-acc9-deddb7475add,BEV-001,4,475.57
9ce651b0-327b-43e6-b7eb-8876aaef0e62,32e26a56-d82a-44ac-acc9-deddb7475add,BEV-004,3,459.92
e1ebbfae-61e2-4891-9913-3cb4589f5657,2655073b-a01c-41a1-9d90-b231c8b96369,BEV-001,8,554.48
ba5e2dc6-ceaa-4889-893d-03dd2415a33c,680f80a4-7b52-4131-b27f-c64f3c5ea3ad,BEV-004,10,335.09
4cc4a9a3-f269-46e9-9dfa-fda0362a88c3,680f80a4-7b52-4131-b27f-c64f3c5ea3ad,BEV-003,9,892.52
ffc833ed-3cf8-40a3-aeed-ae71dc3ea383,41badc36-c4ac-4cc1-90d6-fdf225710cf3,BEV-002,5,848.94
6a9504a7-f199-4900-a178-e7d3e871fb14,f4a13990-1a8a-4bab-a2ae-0462fa4fb5b0,BEV-005,4,627.27
e5cd133d-6ea8-43f9-b5e4-6dc42bda9cbb,064860ad-d3b0-4d16-9019-6a90691dfd2e,BEV-005,4,128.12
53b9bec8-aa62-4859-b697-172d2c71516e,507643d8-f597-4ba3-aec8-9560ec8a39ef,BEV-004,10,260.0
e722e02c-8694-462b-9a6e-511e84fc4815,fbdc1ee9-e121-40bb-b8f0-06359d076fcd,BEV-002,5,778.87
de3c832a-d9e1-49b4-80da-0bbaa98eee61,93217764-cf62-4917-af1a-80b7d0878779,BEV-002,5,280.21
62b7ef06-5cd7-4237-a394-2365bbd7c672,c5d9351b-b409-410a-9524-7e42bdd98134,BEV-005,6,569.55
7a13a638-8c6e-4c29-8beb-acf365a39244,c5d9351b-b409-410a-9524-7e42bdd98134,JAF-002,7,345.97
1de8329f-5e82-4bef-9272-4eb51e0408d0,8669e940-b585-438c-a371-d4df8aeaf120,BEV-001,4,495.56
f4b9255f-9069-4c0b-9409-3d8163e6b7a1,ec73e914-c8e4-4f22-b68f-12598c459795,BEV-005,9,394.52
da1bfe08-eeaa-4f00-a4f3-222d9bf8751b,7785e9d2-a54b-4274-ad0e-d8d8f9cff025,BEV-004,3,509.0
08e9d59c-8d09-4f4b-b354-b386ed7e3fb6,ccb46c06-4529-4670-bcad-727d8ed94fef,BEV-005,9,691.92
f1fa4449-5a3a-438c-92a7-cc8bd7c89b67,edd3bb04-5d42-43bd-9efe-088552417e61,BEV-005,10,546.12
ccd4b7c0-9d6d-4819-8145-fbeac2932453,4791fa11-a245-4ae4-9d1c-3019395b0f55,BEV-001,6,266.08
c20fd98e-5dda-4d86-b7f5-2c99427ea5ee,0cb78d40-87b4-47dc-8cb8-1b4bda2da8fb,BEV-001,5,246.56
f9746871-ca45-41e2-a6a3-0e23917a5ccb,91deeff3-d571-47f7-a01b-41c41fd24b63,BEV-003,6,733.47
4337321d-f3c8-4408-90c5-c4a4f1ec960e,53131b30-4cc0-4dfb-a31c-b9758b0d3c6f,BEV-002,3,907.5
e1047582-a24d-4e33-9e12-0d1c56109ad0,7f081d2e-f98f-421e-ab1f-0e34421c34e7,BEV-002,5,528.73
f875a7ba-d19f-4045-b5ed-48cde631e1ad,b82f0c99-cf5d-4051-9f5d-b519739c105c,BEV-002,7,323.97
fa2c5187-845a-48b8-830a-0bb0aad900aa,b82f0c99-cf5d-4051-9f5d-b519739c105c,JAF-001,7,323.2
3bd2be0e-11f6-4b38-a01c-7f25f552cfb7,b82f0c99-cf5d-4051-9f5d-b519739c105c,JAF-004,2,563.36
e8ee351a-5292-482d-b606-4b9c6b87a09a,b82f0c99-cf5d-4051-9f5d-b519739c105c,JAF-005,2,106.46
a2f1aefd-81d1-4730-a18f-cf4e3b6dc1af,6a7de9f2-2aa9-4ad2-b202-e7d8fe5c715f,BEV-002,5,181.34
9f652b34-2997-4a78-8f3c-9e26e89a7424,ca2b0c6d-3ea9-416f-8af6-662db7c89ea7,BEV-003,8,96.62
cc173e60-0895-449f-afc2-4729cc4a7010,ca2b0c6d-3ea9-416f-8af6-662db7c89ea7,BEV-001,5,700.87
b61a309c-cdbd-4804-ba2c-782d9b6e6d86,2815fcf1-40d7-4765-a329-0fec746ddf2e,BEV-003,3,10.86
3cd2b458-24bb-4f64-bd5d-8d06f591fd5f,cdf272e5-4524-4732-bdb0-3cd6bc6e5098,BEV-005,2,877.94
1e9d7dbe-5b2b-4775-8d04-0db6fe4f5a9f,a82e3cf7-a0e2-4901-89b4-45cb9380acd2,BEV-004,4,433.84
f82a2c2a-b510-4850-a265-13c96d0cf1a9,a82e3cf7-a0e2-4901-89b4-45cb9380acd2,BEV-004,9,735.49
ead1330a-48ed-475b-b2fa-b62ed15809fa,2573f0d1-d90f-4b8c-a83a-0b5acf8f7a08,BEV-005,1,498.67
7b52ada5-fd57-4480-8722-8fe9ecb254f2,fd521e54-7eeb-455e-8353-13e04724b45e,BEV-002,7,527.81
cc860241-c2cf-4c11-99a4-a8aeaa83dfc7,fd521e54-7eeb-455e-8353-13e04724b45e,BEV-002,4,420.5
8367b0aa-9a15-4122-ad50-967a67fc4876,fd521e54-7eeb-455e-8353-13e04724b45e,JAF-004,6,347.73
df2e27b1-e200-4d67-a828-63a577aeee6f,fd521e54-7eeb-455e-8353-13e04724b45e,JAF-001,2,715.32
efa6c4e1-fa1f-48e2-a55a-4854ede984ff,2a063c1d-6e27-45a5-98cb-a79daa1ce379,BEV-005,1,969.77
aa845c04-2910-4197-a067-97f69b059cad,5f250b56-404b-4e79-b057-b70dbf880ed7,BEV-003,10,676.35
ab988199-09b1-4033-8ec3-df0b17f7f0a8,33a0ebec-288e-4ee2-8dc1-af9154d8d421,BEV-004,10,861.41
decb465a-3ec3-49b0-941f-f366dcc01689,05a308ed-bfce-4b5d-86e9-16edde5b2666,BEV-003,6,404.61
f167055b-b6bc-479d-96a7-f5906189c59c,b22447bb-164c-46cb-9478-5489ee767636,BEV-004,4,235.84
29af2317-cb12-435f-bdaa-8e8c7dd76685,b22447bb-164c-46cb-9478-5489ee767636,JAF-003,3,813.58
e4efa0cd-9326-4257-ac3b-d5678d18d358,ae351646-3e61-4206-b3f4-471cf33f1b33,BEV-001,2,489.65
e6a379c0-5001-4437-b495-fa4d4af228a7,cacda314-4b77-46df-91a5-515a6ea76c53,BEV-003,6,467.29
9e3ffb39-9c80-4ab7-ad13-6d5c2e74ef84,cacda314-4b77-46df-91a5-515a6ea76c53,BEV-002,8,400.7
4199991e-2c48-4698-969d-83a23d6cc475,aefcc804-f217-47b4-967b-6594af659a55,BEV-004,7,115.93
dfc56c2b-92af-4583-a217-753044b18e6f,aefcc804-f217-47b4-967b-6594af659a55,JAF-003,6,148.87
a4dabca5-de86-441e-a25f-e6b73e565b23,64ff0c93-6690-468c-8081-11541d326500,BEV-002,8,955.69
4f0f82bd-ccc7-4af1-8c28-9f607ec7f3a0,d3b4ad11-df1f-4c04-b31c-751927361bce,BEV-001,7,961.84
79659a15-fc23-42c8-97bf-6f61ee7d7951,75a0ffb4-8ed8-40ba-a7b2-5820c48228b4,BEV-003,10,263.31
0f9f031a-fe60-4057-9f8d-e8430b091661,7e7cf4f0-dc18-4f9a-9e57-cf0dace1b573,BEV-005,2,731.51
fcb6c687-22b7-41bd-883b-ad9c49e9f599,7e7cf4f0-dc18-4f9a-9e57-cf0dace1b573,JAF-005,2,83.12
167d613f-1c3b-4365-863f-f99de05be859,1e51c5e2-4f77-448f-913f-4b6960a5bfdc,BEV-001,6,449.36
741369aa-a7fe-499f-899f-b3f1cdbb5b8c,45c19434-ac14-401e-8112-b12a1643ee6b,BEV-003,1,233.59
f8cf4aa3-9c1e-48c8-b380-8338fdc50e24,4aba6e52-7eaa-4772-b477-e054533629c6,BEV-005,1,256.36
7486f260-2381-4aa2-9fc3-9acbb0c9e866,9e81c99f-8f6e-40fb-b7d5-b356eb4b8549,BEV-003,2,382.46
9f3a8c8a-f2cb-4cff-b227-576c4662914e,7bd0c8c7-63bb-4ab8-85a3-8f88fbbf9edc,BEV-003,5,820.88
0f8496b1-e533-466e-83b4-ba149efdfb9e,47c381cf-8508-4d5b-a332-4b3df004cdac,BEV-001,6,955.38
84322914-4d6b-4932-a7eb-20ed94834c83,4c92187b-b4ad-4fbc-807a-1f4b1e9604a7,BEV-005,4,449.51
0c68bc31-9302-4b42-90c9-95ab7d46ef7f,4c92187b-b4ad-4fbc-807a-1f4b1e9604a7,JAF-004,10,515.46
0be37e9f-da7d-4fca-9dff-b604fbf8eeb1,e0e4b84b-52c8-453b-a921-872462c0e403,BEV-005,7,557.52
c7648e9c-42ad-44ba-b4fa-3dab441ff074,e0e4b84b-52c8-453b-a921-872462c0e403,JAF-004,4,23.47
0b215347-7210-40b7-8abb-dd8ae31ced16,75838220-f27e-40b7-89e0-7fa332037a3b,BEV-002,2,659.02
6e8095fd-b03a-4ae2-9fdc-3d630264c8df,a335b7e1-5b5f-4029-be30-8c72e247f9c4,BEV-004,7,355.36
84699dca-dc66-4d61-b8c1-73be8db112d3,a335b7e1-5b5f-4029-be30-8c72e247f9c4,JAF-001,9,48.05
dd9a67ce-9a67-4b31-8c19-5f50106f8c02,320013ef-ceba-4e42-9a0e-d10883ace9a3,BEV-005,5,688.82
6860bea1-c7e0-4a02-92fb-296740347439,a0ad4a64-45e0-4796-ad24-bfa0e14b01fc,BEV-001,8,151.42
8478c6b9-18c3-493a-863e-aec1ffeb38e5,68fb26b6-e42b-48c6-9961-f982a0887ed7,BEV-003,9,714.19
d061b3c1-def3-4ab1-ac71-f679a19c71cc,dffa240d-090c-4f08-abd0-eb25b3c311a6,BEV-001,4,490.45
b1b0c4b4-e923-45c0-9cb0-68be1b8cefe6,df3a5201-3424-4eeb-a886-3a01edbece09,BEV-004,10,285.78
57900982-5a02-4b8f-8c8f-3d9ba8e5d56a,3a7dc6fa-e8c3-47c6-a1c7-3ba335e646f9,BEV-002,2,149.33
3892befd-7926-4e38-b346-fe4fe94ec6dd,3a7dc6fa-e8c3-47c6-a1c7-3ba335e646f9,JAF-004,9,44.27
a7fd10ee-07d7-4f4d-b9cb-f692fa826b57,3955cbc4-6012-4703-811c-4823086c3313,BEV-002,6,308.77
6a756611-bd8f-4d20-9792-51d36b44e67b,f4c79ee2-772b-43bd-aeb6-d276b853d6de,BEV-003,2,410.74
9381a01c-9fe8-4c98-afc5-9cf1e9f00947,3e4a6e60-6bbb-42cb-8bd6-a1fb7fa680b7,BEV-002,2,410.54
0946ce18-e2c0-4512-9ad8-897722eba757,f1830f5b-756a-412f-8ec9-3a4b542937f1,BEV-003,10,272.27
c2fd894b-ae62-44da-a093-49bce90712e3,4bc7931e-d54e-4ea5-abf7-2d5508d2e262,BEV-003,7,38.0
8073eb9b-b1d6-4b6b-9a96-e72808867ea6,b59dca00-2818-45b7-ae87-87d94ab71e18,BEV-003,8,927.92
084e0955-96ff-48fe-9498-96603e4543a0,7d875a55-ee3e-4856-b9d0-17ad1fe0e3b6,BEV-005,8,454.86
b340c685-10c0-457e-a166-65d3fae02f32,7d875a55-ee3e-4856-b9d0-17ad1fe0e3b6,BEV-004,8,726.67
3eae0069-9c61-4bd0-9592-1caacb073b73,f1717a61-8a0a-4d0b-a63a-501ddf2d23e5,BEV-002,1,434.77
551f8d53-e686-4b68-ab4a-68984ab08ff2,ebc866f4-d301-4694-8c04-31c7d12d523c,BEV-005,9,697.12
8d6d52da-c7d3-4661-bebb-1a24fe82f66b,a734294c-e5c9-4708-8466-feb4b970e5ff,BEV-005,8,763.7
064e4186-ae7e-419d-b0ab-afe1c174bbf7,21a4ed56-3518-4c31-9229-fdad202bd257,BEV-001,2,166.88
e12f8efa-8c35-4c2a-9609-7eb3cc502f2c,e2ea70a4-14d0-4172-b0ab-fbe4b266501a,JAF-004,5,645.7
25fb7195-424a-4eaa-a1a3-8ffc1cbe7c92,e2ea70a4-14d0-4172-b0ab-fbe4b266501a,JAF-005,8,396.1
f3c75bc3-dbcd-497a-8c3b-c0bbf2f79db9,e2ea70a4-14d0-4172-b0ab-fbe4b266501a,JAF-001,7,848.02
95916d06-393d-448e-b947-69a3d3273e58,70106316-e4ae-41b1-b7da-af9cd8092f1e,BEV-001,3,921.32
b0bd65d1-723a-4ae6-a2a2-466c3f814675,42323eb9-237b-48b8-b595-c49d78f2e422,BEV-001,8,682.3
fa7bd1f9-4c2e-42ad-8d17-7c7f21cc085f,d82e2cb8-99d4-44a9-ba9a-0883b9457bb0,BEV-002,7,979.98
6dedb9dd-07e9-44f5-83e5-ee1b80695dbd,c2fc3830-57a0-4866-b8a3-de0cb4e4c7a1,BEV-003,8,434.47
be34fa12-1588-4f09-a074-46ae27fa015e,e776b9ef-dceb-4800-83cb-97f657deaf15,BEV-002,3,90.9
9fbb8e89-81aa-4da1-82e7-a57ead173787,e605279e-1c09-4e91-b3d0-110bd64dce1d,BEV-001,2,925.83
67b1f65b-9d31-4a65-be5d-dceca7c9480b,ec58cd47-cc88-4987-8b8d-08af3ea380cd,BEV-002,7,330.88
5ba8297f-ff22-45ef-99c8-a9cfda3ee2f7,2ebc1076-a93e-469e-a3d3-b4a27bddd4d9,BEV-002,10,28.45
caadd6a9-0f9a-45a2-a298-d23226fc0ad6,2ebc1076-a93e-469e-a3d3-b4a27bddd4d9,JAF-005,1,512.26
077ef833-0a0e-401e-8b94-16d421bae098,35c3a347-e87a-4692-af27-6a96cfd619ae,BEV-001,3,988.0
cc7eeefb-25e3-4b48-9cb8-31fb1bee4a8a,d37bbd76-5c5f-4a3f-a155-4fdf9b4e165b,BEV-001,2,489.92
23a90248-2d35-4b91-b8f6-eecab4f10028,0f5e0e85-1eae-4c86-9221-0a396dd8f662,BEV-004,1,694.58
3ae94440-d24f-464f-82f6-33090020edf2,369dc992-71da-4f46-91c9-d9818c14e2fe,BEV-002,9,802.3
9b2a37cc-71e7-4865-8783-04c316497fd0,23c75283-896f-4e6e-bc60-ffadda06e6d8,BEV-003,2,958.85
5f1271cf-a409-42a8-92f0-d49e2acf8356,23c75283-896f-4e6e-bc60-ffadda06e6d8,JAF-001,1,968.13
d44a2bfb-6674-4845-9a68-f42fca000c76,0b8577ee-b228-41a8-a4a3-63018d3b2113,BEV-003,5,90.83
b43b1c51-570f-423d-b7db-0f894f19bf72,0b8577ee-b228-41a8-a4a3-63018d3b2113,JAF-003,10,194.41
acfda43c-f1af-4fda-bc0d-a4c620c12b69,cf6a68fc-fef7-42ae-9253-14abc44fc716,BEV-004,10,445.34
493fcbaf-4bb7-4bd6-96f9-079050274221,5557fe48-5906-401e-8090-641fb5fa893b,BEV-003,2,102.66
7513db4d-fdd4-4669-bf45-437f020b881e,a8850efa-cbdb-405c-9969-95b02cecb44f,BEV-001,6,448.96
f4865ccd-6c0d-419c-af4a-38b412c5e66b,05241e51-e0c2-4b2d-9008-03c863f763c2,BEV-002,8,272.53
fc922db1-0240-46a4-849c-800e3ce483c1,05241e51-e0c2-4b2d-9008-03c863f763c2,JAF-001,8,737.06
9aad5034-fd5a-4986-939f-8cf57627ad65,43edca49-b08f-4d25-abc8-f6a4ce3807c1,BEV-001,9,922.74
07491811-ac58-4df4-b780-425876c259eb,43edca49-b08f-4d25-abc8-f6a4ce3807c1,BEV-004,5,680.79
0cc653b8-45d3-462a-bbf7-47e6b51986b9,e29f33b1-a883-4cff-90b6-a4039784ffc3,BEV-005,6,271.63
6a04d996-1f43-4a5e-ba4d-8b8d9370c904,e29f33b1-a883-4cff-90b6-a4039784ffc3,BEV-001,1,611.56
6ed82cb1-4d79-4c02-a266-be3aa43910ab,e29f33b1-a883-4cff-90b6-a4039784ffc3,JAF-001,8,418.98
def87ca8-d958-42ab-8926-98db174a1011,f70e1db5-942e-4563-9c7a-5bfe6af4f345,BEV-005,6,518.71
3bec25f5-ed1a-42c8-be31-59177e401895,f70e1db5-942e-4563-9c7a-5bfe6af4f345,BEV-005,10,349.79
3ce54003-2c67-44e4-99bd-e1c9c590442d,f70e1db5-942e-4563-9c7a-5bfe6af4f345,JAF-003,3,87.11
f57c8607-a61a-4aa7-a6fe-c74003b515b9,152973c4-a28c-4dc0-8df5-85eb81e088da,BEV-005,8,914.81
969711e1-33da-4455-8418-67e340d44ce9,152973c4-a28c-4dc0-8df5-85eb81e088da,BEV-004,5,779.95
f804536b-b088-4039-8eef-677b22c1085d,8dc89bd8-3ffd-4e03-8919-dd358593ad9f,BEV-005,10,781.98
cb1b48e0-6f45-497f-b599-8a677644d8c7,8dc89bd8-3ffd-4e03-8919-dd358593ad9f,JAF-004,7,397.19
a0e9c324-890d-4abf-b498-5386ea882713,8dc89bd8-3ffd-4e03-8919-dd358593ad9f,JAF-004,10,384.18
2d50c746-3dd0-4563-9883-c92c2d7c2956,04676377-5756-4d3f-8bd9-c12df587ed31,BEV-002,2,614.94
ddc67d78-6cd5-417d-a72e-19915ac8afac,04676377-5756-4d3f-8bd9-c12df587ed31,JAF-002,5,688.46
2ca13ba4-84e0-4063-a197-3afd6be2a44c,d0534f9d-87a6-4253-9d21-5e3b6fca5da3,BEV-003,6,62.3
1ea00742-544d-4c59-b1bc-25742df9e31c,7ff89ee9-afee-4af2-990c-7c1b0927dcf8,BEV-005,8,661.7
220df933-693a-4a48-9ce0-d072385deb98,bb5ab820-402d-4b82-a6d9-1f9ea19cf010,BEV-001,4,53.72
9c8acbde-5669-41c5-a7b9-9763c99b7a98,c53613f0-d97a-443b-b253-813283e98d92,BEV-002,5,544.26
13a7c426-3280-477d-b204-1f0c2f448226,c53613f0-d97a-443b-b253-813283e98d92,JAF-004,1,38.05
88adb755-a8f8-43e8-a873-9f70cd9a97a2,4b64ad09-0ad0-47bb-a1a3-ada03879e8b4,BEV-004,2,910.35
890db08d-666b-4c2a-813a-e631462782d5,602a7e53-622b-427e-a2db-3171416277c3,BEV-005,2,836.2
12f0dacc-e4bc-4c5a-9073-b8696c0029a4,602a7e53-622b-427e-a2db-3171416277c3,BEV-005,9,88.91
b558ae23-5b8e-4cb3-9a4d-dbf91ee0f766,b13f0662-b78a-4d7b-9b48-c92f912ea07b,BEV-004,9,569.8
b9c4fa28-e5e1-4bee-ab40-33b5487405c1,93665cf6-ddf1-4f97-8f89-9beeed36e29c,BEV-004,7,485.48
65181a01-112f-47a6-85d2-4d30c1e22c82,93665cf6-ddf1-4f97-8f89-9beeed36e29c,JAF-001,5,866.82
ad48103f-9ecb-46c8-9993-61cd1be0d025,99e86bdf-8242-4c55-83a6-5ed62505d065,BEV-002,10,329.37
486d6d4b-ee74-4bf8-b937-bc3ef9360a7e,04e9f1fc-dc33-4992-8bbf-172b8ae6124b,BEV-001,6,701.17
45ed5e3d-e198-459d-9df5-e62079a000ef,d12e774d-16b8-4dc3-8191-ace787f4a4fa,BEV-002,6,809.49
168e5e8b-12c6-4e8c-9d1e-61c60f8c2b24,77de8649-2e76-4177-b172-c72540ec9320,BEV-004,5,960.71
550d9ddc-34a2-42a7-85f0-3f13648f3c31,3d37284e-93f9-4228-b01d-5d215a11ec19,BEV-004,9,581.26
5aa57a26-e17a-4799-a758-f7ad5d102ade,6d44500e-e356-4d20-8dad-6eb6c88bed3e,BEV-003,10,143.92
2021d652-0edc-4123-953e-c40aba837edb,c752a853-1b0f-4ace-81f2-db363bda6957,BEV-005,2,726.3
e9ed189b-9f77-469f-b976-46f697054b82,ce9cda43-8c34-4cdd-b1ba-dc32a93dffb3,BEV-002,7,332.97
fbffbc27-1993-482c-928a-87f89e8b4d0c,51c38315-95a7-4475-8e1d-40ab948c1c56,BEV-003,10,993.6
1e1c5b76-bd94-4d71-8d44-c55e99fd096f,3774f09e-4c55-4606-b202-0f6916984852,BEV-005,8,28.65
269cf01c-21a9-4899-bb36-829ae4cb6a4a,bbbaf47a-f192-4f09-a2be-ebe346996dc3,BEV-001,3,553.98
3984d271-f687-4a27-b44e-cd007c4deb50,5364b852-6a95-49ff-93e2-4c92c1220334,BEV-003,6,689.63
127e1411-ef72-4790-943a-e8c3bdbb7b3e,7883cb52-125f-4439-835d-02e4c0ddcbd4,BEV-005,5,515.94
43a00263-1d60-4446-b126-9e73920b16c8,00c58274-fee0-4b04-93fd-ccc03851dddd,BEV-005,9,58.22
cbecfe26-9e71-4e62-9545-1675c3790f8b,00c58274-fee0-4b04-93fd-ccc03851dddd,BEV-002,1,638.09
4810a9ec-2289-4047-b30d-22af3e724759,9affef94-6f3b-4719-a1d3-30e1d5bb6a09,BEV-004,2,647.27
ce3f09b9-029e-4c99-abe8-45927d34174c,d5b2c5e0-a79b-4e68-b874-5d9422b57991,BEV-001,1,114.66
07245d87-689a-47d4-abea-502dcc3be2cc,d5b2c5e0-a79b-4e68-b874-5d9422b57991,JAF-002,5,831.78
90d14afa-769e-4bb9-8c9f-cabc9d436b9d,6bc4b135-ee65-4e54-a310-a076667c662e,BEV-005,5,625.58
e8a53d67-fca4-47ac-ab5c-c8a08a6d127a,bfd2edfb-d182-4019-b560-4cd47df48d5d,BEV-002,8,251.4
8fc18299-0a9a-4b9b-8f74-388746302d80,bfd2edfb-d182-4019-b560-4cd47df48d5d,BEV-004,10,872.22
dfec686e-078e-4fde-b6eb-b6d90f95680b,b92b4cee-e898-469d-8c9c-67e1e1cf7b73,BEV-003,6,52.27
ba00935a-267b-4727-847c-4ce32770dcb5,b2efa5a2-16a0-4203-8a0b-9b3fda0f83ee,BEV-002,1,991.54
6f8270bc-5772-4db4-bfd8-11442944c1d0,b2efa5a2-16a0-4203-8a0b-9b3fda0f83ee,JAF-005,2,870.95
e39acc52-c653-4b61-86d6-331ddad13983,8ff3714c-a728-4e76-a80a-59cc97720b69,BEV-004,8,501.37
d90d12db-1a51-478f-99c9-caef6e6475c6,8ff3714c-a728-4e76-a80a-59cc97720b69,JAF-004,6,432.71
57ba4ab4-933a-41ca-8a49-841449075279,257030ed-f90f-4b0c-b77e-e032b2e3f9c1,BEV-002,1,697.09
f5b72e16-f707-4e49-8b8b-0b94f87670cf,257030ed-f90f-4b0c-b77e-e032b2e3f9c1,JAF-004,5,248.72
67adfb02-4770-4052-b17c-6fc8c1e3eac5,477846f4-c294-46bb-ac4a-1086731942c5,BEV-003,1,953.77
1e4918c7-6b2d-4537-bfd6-e73418281601,a7445b9a-953a-42ce-8d86-053e3689dda5,BEV-001,9,39.2
7f36a4ed-3357-49f4-8e11-15d483e6de7e,2778e9ff-2a2b-4302-9b44-7bd8769ff099,BEV-004,8,435.6
e5e09ef8-ba50-4299-84f0-e794dbdb21a2,d29b5d55-5214-49de-aaa4-1ad48a89e90a,BEV-005,9,585.25
2a353e1d-c7d6-4f68-99f1-971469debcf5,c3ddf1d5-9410-4008-838a-0d1d89508c19,BEV-001,4,120.62
9a11460e-a7db-4e1f-bc0d-c9e6ce5d68d5,1617df5c-9f49-46d4-b48c-c6185a7b29dc,BEV-004,9,810.93
62170430-740e-4f56-8e8e-2a0b55eae4bf,04fd310e-37db-47d8-b3ca-fa8c77e4efd5,BEV-001,3,317.14
b5a41730-20fa-424f-8c78-5b7841cabb9b,fc0db315-7890-42f6-9312-874c75ac464d,BEV-003,5,282.5
efbdee9e-5283-4ad1-bb19-17fb31536592,fc0db315-7890-42f6-9312-874c75ac464d,JAF-004,5,430.0
3468890a-510d-4f02-bef1-763a58f94f3a,93c17436-29b0-42a1-be9d-85311ddaac0e,BEV-001,10,829.35
b8d15f11-1fb0-4af5-88c6-20f4e006ab96,4d1b1659-e8c2-4dbf-a47e-f9cbaacfab70,BEV-005,9,160.08
13fa0227-b6d1-476a-aa13-3bef0c9f5fd1,eeb29e8a-dc62-469f-87c4-39d537002a5d,BEV-004,5,611.39
8932c0bd-0c63-474b-9aa0-f9fc325debd6,fd00dcb0-9a9e-4f4e-b0a4-b03920a0b841,BEV-005,8,343.92
ac0a1cb1-81db-4176-ab42-7303f02f7470,b3863dba-60a2-435e-995d-998833d74b51,BEV-004,7,514.04
e8ae8a43-3b8c-4568-bc36-4dbafd26ede1,56721055-ca46-49d9-bccd-9489d6eda4a6,BEV-005,4,827.03
fa80664e-3e62-41a3-90ca-16dd402fb690,56721055-ca46-49d9-bccd-9489d6eda4a6,JAF-001,10,930.65
74352bdd-5763-4465-a267-7ab39d65b108,17385448-43da-4ae7-9317-33034a026d9d,BEV-001,6,782.5
9b20c214-926d-4233-b096-e271492955b2,1f5d4783-02ce-4a2c-8655-b82b617a8c43,BEV-002,1,750.94
554671c3-1ac3-4a37-955a-6a81e7cc3081,1f5d4783-02ce-4a2c-8655-b82b617a8c43,JAF-002,10,172.29
29b6964a-103e-4a21-ba71-275b3019decc,c5070fb4-ff2e-46a4-ac53-b23eebb97166,BEV-003,10,895.97
50299e58-e81b-42e6-918c-4738716213d5,02385670-797e-4bfe-b5b3-cd2bf8d7f6a5,BEV-003,8,904.85
5ac2ea42-6aff-40e7-a3a9-28112ecf5696,d847fd99-d4d0-46d4-914a-5e85dafe72e1,BEV-003,10,694.5
2d5f4d39-54bc-42ee-87f5-ae058ad42e38,f53b9151-03d7-4399-bf4c-39adb5e1c0ea,BEV-003,1,827.77
76fe7575-d378-4c60-8f54-04ddbf0d7b0e,f53b9151-03d7-4399-bf4c-39adb5e1c0ea,JAF-004,2,21.95
ffcac16b-9403-4f09-93e4-7807ae199f3f,daa9350c-b3fd-447e-8d2f-41ccfd38f25d,BEV-005,6,636.83
c9a1cfd9-886c-4d55-8ad0-7f76588f1879,a65ee01f-b633-4aab-b6d5-15b1b4693785,BEV-001,10,742.98
5533e710-02a7-4bd3-96c1-e36e4001f33b,326ecf33-93d7-40e6-8aa4-1aafed664468,BEV-001,5,442.62
19ed92cd-e6a4-4dd6-883c-54de8b4c65b4,326ecf33-93d7-40e6-8aa4-1aafed664468,JAF-005,9,775.72
0ecc5849-fc6d-4ab4-881f-2feac0b0c184,f7f5428a-530f-4e8c-9d6d-fce1d18d24e5,BEV-002,6,908.59
c07f7c7a-7e69-4b1a-9563-e31bb5945f45,f29ae2ef-8173-4c48-859d-2b265cf4d66c,BEV-001,10,546.73
e8f9645b-a0c8-448a-8c91-8b5524e1aac1,f29ae2ef-8173-4c48-859d-2b265cf4d66c,BEV-001,2,72.02
19d35ae7-1303-4303-94d6-dd3175ca07c1,39d68d7a-fa21-45bf-b71e-067fe24815c7,BEV-002,1,792.03
47fb25e2-81b3-4c99-abb2-4fe8dfa59aad,39d68d7a-fa21-45bf-b71e-067fe24815c7,BEV-003,2,625.95
059353fd-3138-457c-9637-35356d6d16df,39d68d7a-fa21-45bf-b71e-067fe24815c7,JAF-005,6,620.43
6faa02d0-0d3c-4278-8a60-4aa881b43202,096d446b-9896-4c55-b4e2-37103fbd04ba,BEV-001,5,217.69
a11efc9f-4495-492a-9cc6-78c0bb6572b7,9e8c5ee8-a74c-44f5-a409-bb241ac8efe6,BEV-005,3,182.6
dac23ce6-41d8-4271-afda-b7270f92a5e3,58adcad3-4036-4e4e-810a-34681d8172c0,BEV-001,5,601.11
f97d7c8b-78a7-47cd-90b8-4b2430eb9994,23437c04-11c6-49bb-bbca-e99a3347749a,BEV-001,7,700.42
dd2e5463-1129-4fa8-8528-c673cf2263c7,0450b1c9-3501-4726-91e8-3ae64f9cd3aa,BEV-004,6,65.46
96cce2d4-a197-4a1a-8274-78bc5862894f,d9b76b70-86f2-470a-9ad6-96bdd455e252,BEV-003,9,368.3
b4192aa8-01dd-4357-8255-e8ac5d34adb6,d80cb861-d672-49f9-b9a0-798a573d07ab,BEV-002,8,215.6
1da4caa0-a4d3-4f4e-ab2f-46ae34d0f004,c39db12a-c524-4f74-9944-8f38be999c4c,BEV-004,9,545.9
82175e44-9c82-4920-9fe7-4337e768aa96,e9040096-f271-450d-ac5c-69efdd804436,BEV-002,7,821.93
4ea365e4-4a79-411b-ad3e-c1b93243f3d2,36c33103-aad3-4db8-a684-a327dae1b800,BEV-003,2,558.35
925be5f3-c5c4-4c5d-836d-4cc71f324185,fcf1a758-2eb2-41aa-86dc-2b2bb7abf8f6,BEV-004,8,216.92
eabb4808-4c11-4042-86a7-274f15985f6f,7692531d-9c93-4f2f-b6a5-013c48d8a002,BEV-003,2,123.17
d7b2df5c-5670-4784-99c7-f6c26cfe6080,7692531d-9c93-4f2f-b6a5-013c48d8a002,JAF-005,3,149.84
97ff878d-fee4-4f55-bcf7-2614da078f6a,722a2e75-904a-4bbe-91da-ecae094e732e,BEV-005,4,546.62
b33e66e6-b882-4b3b-8523-f5fe926f22bc,7571e50b-3375-4509-a34a-1fedacffd387,BEV-004,4,715.77
117c0ea7-a5c5-4e54-a64a-e5e7752a9d59,4bd87066-144a-481e-93c2-89a789a2c6c2,BEV-002,1,311.53
17baf008-07a3-45d2-b733-32058b70a448,4bd87066-144a-481e-93c2-89a789a2c6c2,JAF-005,6,272.73
7a88a5d3-71c0-4ec8-a4bc-1576a03c0fad,5177c4c0-f7a8-48c9-9a5d-ae023899776d,BEV-005,4,102.04
306d3384-f70d-48dc-806e-79b8620a6d2d,02a4740b-ebae-43d6-93e2-51088cbb1388,BEV-005,8,110.2
1b497e73-0530-4804-90f1-67d60c9b57f3,9237375a-952e-4191-a09f-89b84e043864,BEV-002,3,13.1
9551e9d5-4519-45db-a2db-f94a5e406afb,9237375a-952e-4191-a09f-89b84e043864,BEV-002,8,88.71
b584727e-cd5f-4e99-b04d-51090b1d7fea,9237375a-952e-4191-a09f-89b84e043864,JAF-003,2,867.06
fc1587fa-510d-4906-bfbd-15d176c4c8f1,9237375a-952e-4191-a09f-89b84e043864,JAF-005,1,638.64
ea48a21d-6ce9-4a68-b7b2-aa2e89ae7a7a,f156f03c-fa52-4c88-8cb9-da05b2803fd9,BEV-004,1,663.87
e64cee2a-8df7-4c2f-a74b-183580c6b6b4,084aae75-1679-44fe-bb98-8194155c7ec5,BEV-004,6,416.84
f729efd6-7180-4f81-8315-e54f62335a9d,323351bf-ce2a-417b-a92d-16ebf019e213,BEV-001,5,799.98
1473a9bd-7114-4069-90f3-d365f3c193a6,bd00e2cd-71f0-42e9-90ae-d33e773e2ea1,BEV-004,5,318.68
8f12758e-987c-428b-809a-0f911997c49f,8c8335b4-28e3-4d4e-8f5a-0405fbee792b,BEV-001,5,314.26
549eb0db-445c-4aaa-8d13-4c953355dc94,590ef678-6ccd-49e2-8658-99c30599447a,BEV-004,8,253.5
144bec7a-2e61-4e4c-8e2d-a866d7db12a0,e4dda983-06c0-420c-aa2e-0edeaba703ef,BEV-005,10,358.09
51dd837a-9a6f-456a-bed4-2671f279acc2,9d2b5f75-6bdf-4252-9ee1-6d85f27152df,BEV-002,7,259.79
0dfa0c74-6ae3-4432-94c8-45618cb0c8b0,e947a769-9d1e-47a2-938e-7ad35618d9de,BEV-003,3,645.79
5e3c8d59-6d9c-4d0b-a27c-76826a36a093,3c417636-9061-4164-b058-182009f22251,BEV-003,2,571.59
64342a75-51ac-4fe5-bba2-b991bbe0d3e5,3c417636-9061-4164-b058-182009f22251,JAF-003,8,41.34
544544e9-6fc9-4fe2-834c-c703f5948add,a46077fa-435a-4bab-a751-0d835bc8f445,BEV-001,7,252.12
0f9df0e9-b47d-40ff-9fac-fc79f9f1555a,5fc8917c-33b6-4a70-9442-a74f5bdabb23,BEV-001,7,192.89
55606f35-ba1d-40ed-99ec-9c5e317c7b0d,3d4015ac-3efd-44b9-a97a-202fd62138d5,BEV-001,4,334.89
f454d5c8-06ff-40c0-bd4b-00dd2c0cada6,3d4015ac-3efd-44b9-a97a-202fd62138d5,JAF-004,3,778.1
be9e46b6-679a-44c0-8ce7-54f185980604,5bf400e8-49f6-4312-ac9b-901ad498ab5c,BEV-002,7,316.05
b9b3883a-3b13-46cb-a8e6-a6e15954213b,0f2d6c9b-9784-44f8-bdb5-822b90dda2be,BEV-003,1,155.73
db4b11de-6fdb-44a8-9896-9a9c71186a38,21271d1e-6048-488d-a6c8-5079772f20f5,JAF-003,10,791.58
2a25ed00-4ae1-4809-a13a-87a9e15e2968,65771d80-3331-4dd6-865a-d565cacc129b,BEV-001,5,344.49
28cd67d6-84a7-4800-aa9c-4b1bb36b43ee,463837ba-776b-4bb8-b732-964a0f054405,BEV-005,2,17.18
757c3fa7-1b43-4847-8e68-497a394728dd,463837ba-776b-4bb8-b732-964a0f054405,BEV-005,10,166.37
30cd0d5b-4abf-464d-9525-34d2f5a827e3,463837ba-776b-4bb8-b732-964a0f054405,JAF-001,3,438.81
cd889211-4fd9-4ab1-ba4f-11f099959ae3,b85291a9-788d-4116-9dfa-a57fddef6d57,BEV-001,5,828.27
771cb6a9-5b11-4a16-91b4-c4e0728f6d1a,b85291a9-788d-4116-9dfa-a57fddef6d57,JAF-001,1,724.82
20fb902f-9cb8-44e2-8658-6c41c31b245d,eaf9d818-349f-47e5-8b30-d4899bfc89a4,BEV-004,10,326.91
fea07a38-bf58-4711-b60f-f007e15bf0bc,eec9600b-7e25-49fe-b67b-8c8b974271bd,BEV-004,9,825.0
9357a869-39d4-4fe0-93cd-c7171edccf09,ce804f76-079d-44fd-87be-f90b2b7d0753,BEV-005,3,909.58
913aa778-32f3-41b6-97ac-ab83b9abf376,87198a43-aade-472e-a650-a0f362676a05,BEV-003,4,438.79
5256aeb7-5a03-4c87-8c61-910400ad31ff,dff2b190-b8f6-4812-82eb-2f85c4f30304,BEV-005,10,215.24
ca9e3eb8-4084-4742-a8ec-11cefec71f40,feef0568-8749-417f-bdfb-3e7ef336deff,JAF-004,1,909.09
f8096820-9715-4a5b-b16e-2a055b464107,feef0568-8749-417f-bdfb-3e7ef336deff,JAF-003,8,654.03
06cb23ea-7473-4519-942d-b96ea6e91aa4,3c4b37ec-a447-4882-952c-63ffe99ade81,BEV-002,8,211.16
dfc6ae3e-c5ed-4cc0-b6dd-61c8f64b5fcf,3c4b37ec-a447-4882-952c-63ffe99ade81,BEV-005,2,611.64
4def864a-89e7-4acc-b007-e6287ba8681b,bd9fbbdc-c8aa-4354-abd2-fc3da32083be,BEV-005,6,445.25
39cf5da3-10fd-47e3-a664-88cefaacfdb6,bd9fbbdc-c8aa-4354-abd2-fc3da32083be,BEV-002,1,853.57
5c32d62c-469d-4058-a781-3df2a6bc3187,845de8fa-6d4f-4d5f-80a0-cd3adf580b0b,BEV-002,3,871.32
0cea0b92-52a9-461c-afdd-2bbaaca4f2dc,845de8fa-6d4f-4d5f-80a0-cd3adf580b0b,JAF-002,5,521.76
28c02775-b765-4f87-8e22-b393fab78779,42065503-33cc-4c09-bae5-e0bb999c4cf7,BEV-003,3,564.95
f2421628-808d-47f7-ae13-ccd26cbec8a5,42065503-33cc-4c09-bae5-e0bb999c4cf7,JAF-001,5,754.81
294410dc-7414-4791-ac91-dab6d0a220b5,4df1605f-e53f-47e5-9341-1a769d684de2,BEV-003,1,880.71
2645e8ba-4625-495f-aac1-afa02db954b1,5a8312aa-b16a-4699-9540-c0893d7025fc,BEV-001,9,661.17
b4b86e2f-4b0b-46d0-85db-6bbd661862eb,dad3bb16-113c-4949-bdca-93ca862b5d01,BEV-002,4,564.22
2362ff22-28ea-4293-b100-8e7282d33c23,62efe9db-9574-4027-b6ee-e7f1a9f9e78a,BEV-004,2,827.53
488fe27d-d2cf-43a0-a2ec-b91a96c32ba7,62efe9db-9574-4027-b6ee-e7f1a9f9e78a,BEV-005,8,239.71
624c6c19-76dc-43fc-bd50-e22d5c7e3033,62efe9db-9574-4027-b6ee-e7f1a9f9e78a,JAF-003,3,236.89
3ee8eec9-62cd-465a-a269-f8050e50790d,171fa1b4-b9b8-4a59-a522-67189f75a278,BEV-003,6,856.42
64d54caf-df69-49c6-beac-f310fe89afa3,18c2c250-74f3-41e1-92db-1bdc96c2d0e0,BEV-004,9,182.38
7df58000-0515-4d1f-ad13-ff64d1869c69,6b7fd771-3aed-4638-865b-28226cd990d3,BEV-002,6,551.79
8bd7ba46-f872-43e4-bea9-34109991cbc3,6b7fd771-3aed-4638-865b-28226cd990d3,BEV-001,4,251.09
04cb3391-9f50-4d0d-9b0f-9c1c9ca330e8,6b7fd771-3aed-4638-865b-28226cd990d3,BEV-002,4,474.67
2fb8bb90-eca3-4a2e-96e9-b5cad5a8c4a8,6b7fd771-3aed-4638-865b-28226cd990d3,JAF-003,10,853.35
259ad0b3-e536-4e1f-b4f0-cee1e35ee0fb,6b7fd771-3aed-4638-865b-28226cd990d3,JAF-001,6,119.73
99ff04ed-494b-416d-9f30-8efd6cc8d908,95ef124d-3e00-431c-a891-305bcea61eb7,BEV-004,8,287.7
4b567d2a-cc08-4a7d-8be2-2e8cc55ddb3c,538874a5-01a7-4b22-8d15-0e45eb8a16ec,BEV-003,1,489.39
70b08e8b-3d09-4095-8ef8-30a5d8e838f5,b06c9824-a91b-413d-ac5c-1e7dd3913d95,BEV-002,6,632.09
c51228bf-5c53-4683-9150-33b3cf26227e,8810c116-0b11-4961-a32e-c17b668731ff,BEV-001,1,833.97
c7155bb0-ca71-4e78-831c-2511d2bc2c15,e941f12d-12e1-421b-bdd2-7bbe8b7d1d84,BEV-005,8,78.19
14f4bab8-f189-40fb-b310-9d8eb1db7a2d,7e8d30f6-7476-4620-af7d-fe53323a4093,BEV-003,2,177.7
d7e9af7c-5459-4bc7-b3ea-467fad48c56f,7e8d30f6-7476-4620-af7d-fe53323a4093,BEV-003,10,795.14
3be21b97-18b6-421c-bcfa-7cc5cdf1f207,74cf150b-2668-473a-86b2-839479235365,BEV-002,2,880.46
fa2bda69-4d08-4508-a2f6-ad3135800543,f34a4ba1-4c24-46a2-8b48-90046ba6ed3d,BEV-002,8,962.34
60ca09ed-4cca-4b04-9959-88b6b193bd0a,f34a4ba1-4c24-46a2-8b48-90046ba6ed3d,JAF-004,9,420.87
e10da4bc-69d3-4262-bc82-7d13c860ca2e,ba802be9-f172-4b98-917d-02c5e605f443,BEV-002,3,178.49
c1c1c983-fc21-443a-ad8b-75b97ed73ada,ba802be9-f172-4b98-917d-02c5e605f443,JAF-005,7,918.56
857cd6bc-eba3-4248-98c6-25dbf94a9a7d,2c3689f4-e925-49c1-853c-fa9f504881c6,BEV-003,7,63.17
357358ce-dacc-4014-b599-35f1465a28a2,2d55e7d3-9be7-4c2b-9fbb-e8accd97720e,BEV-001,4,464.03
6c92d6c9-7ef8-4d48-b407-16c0284cf265,c5f49b5e-09a6-4127-89a3-dccd21bf86c9,BEV-003,1,615.12
b74a86cf-0ec3-4755-89e5-74a5f6c34108,5bc57fbb-a4cc-4d5f-9fbf-5cbb07836604,BEV-001,2,290.95
2af65b61-ab49-47b4-a84c-472e6322e342,f32c957e-6e58-4b44-a838-443962ec8d66,BEV-003,2,727.41
33be334f-b974-459e-870a-9b22f6f99a06,3892aac9-425a-4ed1-bf2a-83999071215d,BEV-004,3,964.08
2fea2e1f-24e1-421e-a30f-2ce7a3717a89,745b7f61-9f9b-433f-96aa-a07fbe1cd465,BEV-001,3,541.41
7b571114-781b-4cbd-9c99-14694fb07936,fa67590f-c6e8-49c3-8504-5081353d6112,BEV-003,7,745.86
d60a800c-052d-489e-accc-7347baa09706,c2758ebd-5b25-44cc-b9e2-f9ca459bf814,BEV-002,8,839.92
6fbaf6b3-0380-405b-9340-17ddccf49d2d,e7db4ba5-c508-434c-a19e-d4710af5c151,BEV-003,2,994.43
d78c288e-320c-4b3a-8875-c5b4b68a5a09,bcfc12d7-4c9e-4a60-b4d9-07b0d50effae,BEV-003,1,74.96
f2660903-b113-4748-9f86-2daef564d175,4a5b701c-e31e-4d40-93e3-e3922648f345,BEV-001,2,882.02
80dbcc97-7f1c-4a17-87e5-95e956d2ffa3,c8ef0378-1029-43c8-92e5-76a400813786,BEV-004,1,315.64
0b7e4fa2-97df-456e-8b07-333560caa2c4,79549b80-397d-4a5b-a32d-67c49d6086bc,BEV-003,8,381.93
beffb2b7-ef4b-4f95-816d-24f1ac948802,3b5b1323-8936-4ca8-96b7-f02d3943ca69,BEV-005,6,622.92
272dbfbc-4375-4ae2-9c66-f0db4fa59628,3b5b1323-8936-4ca8-96b7-f02d3943ca69,BEV-001,10,324.85
00ad11c1-4a65-466d-a195-c2094b006793,31a719c8-c8bb-4e87-b54b-3b4cb9254318,BEV-004,5,970.03
01ca76a2-02cd-4608-908b-55141bf2605f,31a719c8-c8bb-4e87-b54b-3b4cb9254318,JAF-004,9,314.32
dd364979-05fc-4b4d-977b-4b6f8a7756ae,649ece68-8c16-4cea-bb04-efdca26a9cee,BEV-003,2,383.82
59dd58d8-6983-4d5c-823b-66554c76d766,ab4e3da9-bb75-4e19-9256-6d0bedcf4b9b,BEV-003,3,939.94
131e9e25-3b37-48c1-89ef-a31ea22ddc1c,1621b8d0-1c07-47f7-ace9-af4f7a05999a,BEV-002,6,171.92
80e55f77-1cd8-4617-aac6-ba223b3d0514,cd027c95-d0e4-4ff0-8427-28826b4a8008,BEV-002,6,187.14
73290300-3fe2-4766-846c-c0759eed91bd,d78e7c85-9ce1-40b2-8c6f-1c8db280cc90,BEV-004,3,433.34
a3cdbc10-e343-4ac5-889f-2340bd082632,6013d3de-b17c-4082-81e3-a71738c5af72,BEV-002,9,295.57
72e40d73-721a-4d52-8f9b-16cc9fd53f95,8fe62d76-937c-4d15-a5ed-4c7ba8397e42,BEV-002,10,163.8
ca61c730-fe83-4667-81c3-48fd9c720ff4,89402e32-a301-495b-b40e-68fcf6fdb476,BEV-004,4,181.71
03ee3732-bd52-4e2b-b4eb-026b96e11883,6e43d629-cbc0-42be-97cb-274a68c3a5a7,BEV-001,10,401.69
832be3e2-9b09-4ac3-ba60-21b0506642a7,6e43d629-cbc0-42be-97cb-274a68c3a5a7,BEV-005,6,888.75
244ff6a8-75d2-42f5-8c13-6d30d072d7dc,a78118a4-ef3f-4aba-addb-9e908703d354,BEV-004,2,183.21
a8ec716c-476e-4552-a4b6-78566f2d918b,9095e3b9-b69a-4ee3-89f8-4aed09b440d1,BEV-004,10,248.18
6b91349c-d33a-457b-bca3-8446095ca4af,aa68a1aa-8fb4-40a4-b253-322d3f7b108d,BEV-005,2,968.42
0de1b713-0eb0-4055-8158-ca880b8a4ca9,aa68a1aa-8fb4-40a4-b253-322d3f7b108d,BEV-005,9,654.78
26b6af76-ad6d-4fb2-bcf3-89928a70fc80,830b65a6-bf43-4083-893b-515650f0a0cb,BEV-004,1,878.84
7870665e-bc61-4e9b-8237-ab706eaf0cec,ac4fd1b2-b6e4-460e-903b-409745369500,BEV-001,10,728.62
f0bd062c-38d4-440f-8ef7-18701b0e8067,158b0801-a9ec-4999-a7c1-ffc9e35fedd7,BEV-001,10,122.09
e72c1097-c7e3-4566-83b0-acedc3e3a782,1d4b27d0-f5bb-4d50-849c-248049392df3,BEV-001,9,201.64
b79eb6fe-5d59-4305-adf5-6417851b9293,88a6a871-b63c-4906-8991-91959ead585e,BEV-002,10,130.3
69400eb5-5210-4fbe-b2d1-2f1fe2e72abb,59f4fc60-3c9f-41bd-b35f-8ac9761b7ebe,BEV-004,2,618.01
7c37f89e-7451-41b0-8995-61aba6583c1e,5704419c-c6c3-4a25-8a2c-151925aedfe8,BEV-004,4,53.18
2277b3d2-aff0-4a25-9b4f-1d7950a5245f,efc2c14f-5262-4661-a558-bdcc7aaa7abf,BEV-004,4,375.87
9b397742-bfee-473b-b19d-c49e918a4b97,2cf5f1e1-1150-4a22-80ac-a4ebe0591398,BEV-002,8,443.89
b77af5d3-0dee-4d05-a746-99f8600e0177,2cf5f1e1-1150-4a22-80ac-a4ebe0591398,BEV-001,9,632.91
4eef0a11-9bc9-40f8-a31b-b109fa5038d8,626395a7-e765-4b10-8a7e-ee834a40d98c,BEV-001,3,908.78
24e5ef27-61a8-4acb-bd93-35b002ac6768,0fdfe075-7fc2-40d8-8203-9fb0359c66c7,BEV-002,2,156.62
5ad3b584-e03d-4431-b1be-ffb499595f08,928d5d09-c9be-4cf5-8441-0300033e6c4d,BEV-005,9,706.99
f5598b1b-7852-41f6-8b35-9d4a0e2a44e2,0e5e36ed-f4f1-4d9a-a3d1-50dbe80e5bce,BEV-004,10,848.47
c53e25b9-4fb3-4892-b328-ebb189a99f47,0e5e36ed-f4f1-4d9a-a3d1-50dbe80e5bce,JAF-003,2,214.36
0bf6cfca-3436-440f-b431-d3944273ced2,fddc4742-90b9-4378-9be9-472f2e32f9bc,BEV-002,4,68.81
3bed9422-509f-4f6d-8a60-a2f5a67f3e79,609b0baf-a498-49e7-8227-e5b30adc6139,BEV-004,10,797.19
6721c572-8700-486f-856a-de26678baa2d,765d64ef-1990-4c70-a0b3-a0091bf74b12,BEV-002,4,581.02
dcbdcd57-97d9-4eb3-9fb7-a8c5974d1933,765d64ef-1990-4c70-a0b3-a0091bf74b12,JAF-004,4,275.94
15477d6b-1662-423e-bebb-368aa0cf869d,e199f768-05fc-42b8-90ab-be23f435010d,BEV-003,3,648.19
6cbbdf06-9835-43b2-8e47-8d4d1da27b96,e199f768-05fc-42b8-90ab-be23f435010d,JAF-003,3,313.35
3fb8cb05-c7bd-426d-9850-250fa375d2c4,aab2ba5a-809e-4b26-99d2-310b626bf046,BEV-002,9,557.73
8797a25e-5ad1-4b74-bb8e-a47272b099ad,aab2ba5a-809e-4b26-99d2-310b626bf046,JAF-002,6,692.12
d9cad16d-1aac-4690-afdc-86ff49d33dd2,aab2ba5a-809e-4b26-99d2-310b626bf046,JAF-004,5,73.94
27136091-169d-4b68-a299-00d20f5a66cc,aab2ba5a-809e-4b26-99d2-310b626bf046,JAF-001,1,313.97
aa44a909-0a9a-4852-95e1-93b02f598bb6,3c855e3e-4f29-4d0c-9779-eb84093979d8,BEV-002,5,873.92
5bd7c262-b1b4-46b7-8bf6-210d44917bd7,3c855e3e-4f29-4d0c-9779-eb84093979d8,JAF-004,1,857.09
0eaa11e7-7888-4fbf-a0f9-28f0c92ec828,bc917338-77b8-422b-a6d8-803fabb390a9,BEV-001,7,389.26
38a39941-61cc-4dff-b985-ded216ecafa1,bc917338-77b8-422b-a6d8-803fabb390a9,JAF-004,2,972.82
78e520e9-b1fd-4b94-baa5-b8cfab2b3e5f,3468ef62-9be9-46eb-a5c5-7f9fc48032d5,BEV-003,3,501.3
188996fc-2f5c-4d4c-aa72-245764da888d,3468ef62-9be9-46eb-a5c5-7f9fc48032d5,JAF-003,3,869.82
ea0d2ced-bc7c-4455-a50d-1b28914a4783,fe166ebf-0989-4f75-a4b4-33e17e244418,BEV-003,2,503.29
ce74a8de-aed2-42f4-9c8e-61c501515357,6681a915-406e-4753-a81a-93f5e20810f0,BEV-001,10,376.06
7bba9bda-4b8a-40d2-8122-d894d5c6ed4a,cabcee53-b078-4e64-b3b8-7b8761e57990,BEV-002,9,371.55
265bd43c-575b-4711-b92f-5d7c32b2feeb,8a875c06-d28d-4ec2-a111-903263189f95,BEV-004,8,190.71
c9418cd9-175e-430a-bd9b-c78bf376de27,8a875c06-d28d-4ec2-a111-903263189f95,JAF-003,1,496.14
e15744f2-dc45-4792-8cad-318d7e947292,25149930-93bb-468e-86e9-de87b74c7ea7,BEV-005,7,391.63
be570844-5df0-49ff-9c38-da11e8301e43,f19ed690-b4d7-47c3-a73d-ab7eaa5eb37b,BEV-003,5,239.52
50dac78f-6051-494f-ac2c-a7259249d608,4c01b323-b67e-4293-b581-5f49ed0c84fb,BEV-005,3,964.93
335989f8-c828-46b3-81bd-42a32942f855,db4ce6b9-603a-4438-81b6-8435bad7d147,BEV-001,10,624.68
e3ae875a-fc88-4e1f-b2a8-31dfeef083ef,2df87db9-4108-4f0c-b757-e051e58f5f71,BEV-003,6,181.32
aa9d8173-0db5-4e22-87c4-809c47e5ee4b,2df87db9-4108-4f0c-b757-e051e58f5f71,JAF-003,6,285.02
36cd39bf-105b-4304-81e2-7408e45ad623,1f4a51ed-2f66-4d82-83ed-84fd7463cd83,BEV-004,6,85.04
36041a76-651e-4ed2-923c-d7cc8673d7bc,113daa2d-234b-49ce-b510-d88d83b39b3f,BEV-001,2,256.18
c8eb26b5-bb9f-4ed4-aaae-ab72bb2ec2fc,13f4a15e-76d2-41bc-8aaa-18e12c9d8788,BEV-004,4,431.4
5dbf9fdc-d2ac-4d3d-89b4-adc84e87a702,7cc597c8-cd9a-4cc9-8602-6676be74dc6e,BEV-002,7,512.54
fef62a62-1937-4cd0-88b1-d6c5471eda16,7cc597c8-cd9a-4cc9-8602-6676be74dc6e,BEV-003,1,285.54
936c9d72-d860-4556-922e-66b1336051a7,7cc597c8-cd9a-4cc9-8602-6676be74dc6e,BEV-002,4,379.35
eaf1ea8f-10d2-4fdf-9661-f0357517c3eb,8c9cce9c-bb1f-4e41-86e6-6c171a8cff6c,BEV-004,6,152.98
3be4a686-a1b6-4a45-949a-9f1b6f4f2111,d3af65af-4fb6-4ac8-b139-f2227be876c2,BEV-004,4,266.49
b1174b6c-8a02-453c-aecf-fd5ca7e04741,c4c6ddf6-8e88-48bd-a96a-d8f37fc521db,BEV-001,5,410.52
8993a6ed-1e6a-4cda-affb-e48c1d4c8679,d1455ba0-bb63-40fe-a80d-880ca9d4d12c,BEV-002,2,837.22
236b29a0-9164-4bfc-b7d2-255f17a155d8,78581f1b-54b7-4deb-ac6f-f9dbf28d1376,BEV-003,10,776.85
e1e1f66b-d502-4b0b-b4de-13b73efe579b,88656d5a-2898-48e5-b0a2-f3515c68036f,BEV-003,9,585.64
49b4eb30-8c07-4eb3-9ab7-b5a0e44713d8,8ce21a4d-641e-4eef-a981-d401d04f4cf5,BEV-005,5,465.2
e834d0a6-da1d-43ff-96d9-46bc92384e9d,8ce21a4d-641e-4eef-a981-d401d04f4cf5,JAF-005,1,347.96
17d233a7-3af2-4f60-91dd-e59f1714f994,a583bced-cd66-4866-b33b-1e63e2d8f732,BEV-003,7,177.87
5295323d-61fb-4762-a262-e9c4ed734c08,a583bced-cd66-4866-b33b-1e63e2d8f732,BEV-001,8,621.51
aa80d78c-d40e-4436-bb0b-aa0ed54aa30d,fb9329ce-f988-41c5-bcf5-2de8c30bf6d1,BEV-001,8,324.89
5e44f78f-1a18-46ff-8120-aec8db02cfc2,de50e137-7362-4a40-86bf-84c5ec60930c,BEV-004,6,302.18
6b4d500e-8e3f-428d-aaa8-13d0e29669e7,867affef-eff0-4a26-b991-30db335e88a8,BEV-004,7,748.03
184b2419-be37-4620-abdc-63dec24b1599,0788fe22-60c0-444f-ae60-18af60199b46,BEV-001,10,53.46
144dc8e1-87d0-4819-984f-866cce8beb10,cf65d414-7ab7-4c1e-a662-e1245ef77a9b,BEV-004,8,486.44
fe4cdcac-f2ce-46f2-8928-03a26277f937,e090ca60-2eee-4944-968c-b067dbdbbc6c,JAF-004,3,234.05
f0a1f517-0e03-489d-b1e2-b8ba52a37e15,e090ca60-2eee-4944-968c-b067dbdbbc6c,JAF-004,6,637.28
d68f13a2-4936-49be-b697-49e632f4d6cd,f3a47be1-1c17-4f52-bfa3-62d2e901d1c3,BEV-005,5,700.92
52c186dd-58ef-4e0a-9660-bff48ed599f4,b5aac70b-ed58-4dcd-b559-93c0fa5b7f27,BEV-002,1,578.33
2d92cefa-5dc4-436d-b332-9ab29fe3c40b,9d17f482-755c-430e-adf7-1ded2adc4205,BEV-001,1,152.89
c0460081-874a-4c1f-9004-cdffea0cb395,9d17f482-755c-430e-adf7-1ded2adc4205,BEV-004,6,649.76
0d5835b6-e356-480d-8ee3-4698ea8e2118,9d17f482-755c-430e-adf7-1ded2adc4205,BEV-004,10,782.56
a2544c9e-317c-43da-951d-9eaa46832823,9d17f482-755c-430e-adf7-1ded2adc4205,JAF-005,5,662.66
dbc57ab3-32ae-4d6f-b4ba-40e1acbe290f,9d17f482-755c-430e-adf7-1ded2adc4205,JAF-004,4,481.6
4032a4a1-bda3-4c67-a2ea-f8c42815811c,8e25209e-dbea-4c1a-a420-eeb2c0a05e6e,BEV-004,8,304.85
896a68da-f5b8-4270-88b5-e8a39079680b,87e85ff3-da5f-4a8c-ad74-c20914104a99,BEV-004,8,510.24
7042aa3c-916c-4c3d-a1ac-45ae64c20a8d,e5f3b54f-f746-4a57-bf22-228e5c324e90,BEV-004,5,706.22
d8f3f56b-ceaa-439d-97dc-b3dfe3b9ceca,7ec79cd4-befd-48ad-a441-1cf95b4e0112,BEV-003,7,486.61
6f9692f2-548c-46ef-88ac-2564b61bcc4b,16d32770-e34f-47f6-b404-afb771c21868,BEV-003,8,797.43
d1eae986-0421-4aed-a956-e3d2e249ce46,6e7ba7fa-fbee-458c-8ddf-7828edd79081,BEV-002,10,796.36
f7567f74-5d6c-4476-9a87-5ca657e1cacf,6e7ba7fa-fbee-458c-8ddf-7828edd79081,JAF-005,6,349.38
3ab8704b-1bde-465f-aab8-db41ded14acd,8d952b28-51b3-4e77-89d8-7d850914a25b,BEV-001,1,123.03
23f366b2-7976-498f-aa6f-4f7f059f673d,8d952b28-51b3-4e77-89d8-7d850914a25b,JAF-002,6,527.06
f16a2b8f-9a35-4b3a-aa2e-2b39d5443e0b,7af749ca-4b95-4b3b-a0f6-a1d0892e0c5e,BEV-001,1,881.31
d87fed70-1dba-4d68-ac87-44160eca8012,f54f46a6-cc56-4e0a-8167-6c0f97ef05cb,BEV-005,1,577.94
48862a06-d3e0-4a03-9e69-92a108217031,f54f46a6-cc56-4e0a-8167-6c0f97ef05cb,BEV-001,5,824.05
7af052f6-2ab4-47d6-b230-1bda4ffcf2d7,3763e460-dcc6-4512-8952-2a95ab0a70b7,BEV-003,2,669.07
fd199a18-8176-4648-ad5a-469776abf953,e8a84ba1-c6d2-4345-9259-65b3c81928c5,BEV-003,3,457.22
59e661eb-0d33-42b5-b6e9-b3182789086d,e8a84ba1-c6d2-4345-9259-65b3c81928c5,JAF-003,7,732.71
72ce22c1-4e56-40ce-9fa5-713df8c0c3fe,6b0d58d6-42a8-4f66-9649-21dadc285b31,BEV-002,2,809.93
6d2c6902-c120-47db-b309-d21e2023e49f,ff6bb038-29cb-42e5-ab93-fe2695037eee,BEV-004,3,978.95
3b71d91b-7a8d-49ca-8f5d-b1e24418fc17,1d2d9dc6-2cd6-4ff3-8217-e6b6daca8abf,BEV-003,9,769.82
d8a45771-7ae6-4a64-b4d0-23facad87215,953266a6-cfc9-4c06-90a8-41df758e3b00,BEV-001,5,506.0
ccf264e9-e8f6-4824-9dd3-04595135c1ee,3c7839ba-7b43-4817-96ac-09fc2e265200,BEV-005,3,654.45
6cf43f78-0f60-4b6f-a6bd-40dc78b103d7,1b5f088d-fb72-4607-a792-6063c2fd673b,BEV-004,6,740.35
bc1da102-24c3-46c1-a3d2-56b72b094810,46030b6b-5c55-4c4f-b62b-8454fd0552f4,BEV-003,9,20.71
dd0c1c27-94b2-4d4e-be37-c1fc8960f2a4,103b6170-b25d-4fc8-8985-1edeb5166269,BEV-001,7,920.15
604e56fb-74a5-448d-80ed-42fc8fecec5f,e5791860-f0e5-4b71-b116-cacee74c1358,BEV-005,10,533.03
5c339d29-7ab4-4743-81d2-fc4cd9b9aec8,2c959755-9a42-42e4-95fa-4e58c6292d5f,BEV-003,6,437.65
89f9c7b1-d6e6-4ed6-b20c-b31074fea62f,2c959755-9a42-42e4-95fa-4e58c6292d5f,JAF-002,2,325.93
9bc866ce-409d-476a-80c8-573ba3746912,2c959755-9a42-42e4-95fa-4e58c6292d5f,JAF-004,3,723.69
9cc00c91-6ebc-4e62-a156-ebfe598b6acc,2c959755-9a42-42e4-95fa-4e58c6292d5f,JAF-003,3,510.24
28019fd1-9dcd-4a51-bf87-de5379d53004,9781ec4f-187c-4bbf-9783-063b7fb5430e,BEV-004,6,492.23
a304db8f-b233-4973-a9d3-26608fa35983,7e08bc3e-435b-48dc-a01a-be691bf8a5d7,BEV-003,8,883.68
62569afa-2735-4a87-bee2-97987ab37116,7e08bc3e-435b-48dc-a01a-be691bf8a5d7,BEV-005,6,869.71
66f18d33-270e-4681-98bb-1b98f78b6a96,7e08bc3e-435b-48dc-a01a-be691bf8a5d7,BEV-001,1,112.22
86483b4e-a29c-497c-a8db-d7b7a55d5814,4efe51f4-7b68-4312-927d-2f11e9aa7828,BEV-004,10,342.96
d4e22f8d-7b0b-4abe-bbd3-8fb04b5ee3eb,4efe51f4-7b68-4312-927d-2f11e9aa7828,JAF-004,2,473.67
98f3737c-9893-4895-a8f5-0831bc695419,4efe51f4-7b68-4312-927d-2f11e9aa7828,JAF-005,1,297.32
0a948198-5259-414e-bf8f-021d820a4bb4,4efe51f4-7b68-4312-927d-2f11e9aa7828,JAF-005,4,385.8
856d8c4c-31c0-4173-8d3a-7b3bfa3f553a,e965e27b-c5fc-4bd7-ae4e-833143c1fe9e,BEV-005,2,467.45
e907f700-c209-46f4-b566-964f00f8168d,8246a4e8-4370-408b-895c-bf18559162e6,BEV-004,8,863.4
84bf2df6-8a42-4fee-a89b-805c2f0b4784,8246a4e8-4370-408b-895c-bf18559162e6,JAF-003,8,360.73
ccf89058-db22-401b-912d-4cc3dea8ac6f,4b644016-eda5-49cc-99f5-082be3961518,BEV-002,1,623.24
49685531-c62e-41e6-9506-a570d96be203,81a910cb-51ce-40d7-8d8c-81ac57fdead4,BEV-005,3,678.46
2b064e12-a021-47a0-9475-90f0664f8359,188a15e7-31a3-4c59-b77f-751045fe67b6,BEV-001,4,491.13
cf3c5e74-e420-437d-a543-040e6f7ffe29,188a15e7-31a3-4c59-b77f-751045fe67b6,BEV-001,6,96.92
ac2ebccd-e221-468b-a17d-df9c6c21d777,8d472c2c-3916-43e9-ab2b-cb8c148f6473,BEV-003,7,681.47
5fdde9a4-340d-4adf-8ada-6f48d4102178,34c0af1f-cb7c-4c31-8bc4-915c98036218,BEV-005,6,259.96
d10e41ed-18fc-4ea8-bee1-b8287a9eef20,f0054d4b-eb03-487e-b769-5509d4d77940,BEV-004,4,510.49
6e2eb444-b074-419f-a495-171d586c202e,7eed2b1e-0774-45b7-99f9-eea1cdcc19ed,BEV-003,7,679.69
6519c1fe-59d1-4589-a3c9-084827d649ea,21f6b79b-9621-419f-ba1f-bbe2c8287f1b,BEV-004,6,575.07
29437986-2456-45ba-b4ab-d8f2c1a7ec05,f2a27b41-d856-4ab2-9aef-5cbda3f0a837,BEV-001,8,299.4
e69f22b1-8594-450f-a886-cf6b6f18b1ea,3e2e8967-23d1-4ffb-a035-91be0a9b76fe,BEV-002,1,995.59
c319d75b-3f1c-4e91-8f5d-5b9589d5f693,629c44c0-ffb1-42e3-bdf9-01bf5ed550f3,BEV-005,3,405.69
a95052cc-5968-40c8-9095-8d954bae5f7e,46220ff2-5a85-4362-809f-141046429c79,BEV-002,2,822.26
a13df103-5b2b-4df9-8105-8f928f8b8ed1,bb21a60b-9141-455f-ad6f-a0a94e753dd1,BEV-004,9,986.5
b4a42e46-4cd2-4302-b884-d56180b18ede,07545006-67fe-479b-9533-ad9aca37a03e,BEV-003,4,700.59
6db98d2c-d43b-40a8-abef-05ad1e07012f,45a28f00-a96b-4651-a390-162f406410a2,BEV-003,1,206.64
f74701cd-ab41-4fd6-8461-bb23181e1a96,2384d0c1-0e86-437d-a2bc-2f87e5202c84,BEV-002,9,272.55
855dd873-2421-45a4-9e77-c22a79e727dd,789fdb0a-9fda-4fd4-964e-c931da9df465,BEV-001,4,649.16
051363ef-37e1-4376-9bad-3bad8597b9d1,383a123b-91f6-45b9-8d7c-b4ab8968612b,BEV-002,1,25.71
e4d7dc8f-52e7-41ff-b3ed-450950e146c9,d1b01526-ba89-45da-b68b-e128850d3618,BEV-004,6,394.99
db52cbfa-d45f-4831-8755-cf51d9f52e10,ca9055e8-98aa-42cc-835c-076d5305bda7,BEV-002,6,422.8
30f373c7-fa13-4511-9fd4-ecd570bee660,913aa91b-3247-4255-ae4f-d37e994f16fd,BEV-004,9,659.02
d9bd593e-7995-46b9-9870-1ec7c64c9af0,913aa91b-3247-4255-ae4f-d37e994f16fd,BEV-001,5,989.73
7c68825f-2da7-4927-9af0-d4f429ca5917,92c873f9-668c-4189-83cf-4ebde210822b,BEV-003,2,419.26
21f5d440-98d8-42c4-b567-cb4c4fdf96ca,61b461e7-7f25-4fdc-85c7-c50ccaca6b97,BEV-003,8,310.14
2832d1eb-ec13-4a9b-af0d-5a797b3e7136,6d601e09-1bb7-4c8c-9c2e-91382e061c41,BEV-002,8,754.81
bc22b17c-7548-46ad-9786-cb4ed38b381b,5ccfff27-85dc-4135-8037-6a68fc3a03e4,BEV-003,5,622.83
0fba91fc-37a9-486d-b54b-12057e13ae7b,5ccfff27-85dc-4135-8037-6a68fc3a03e4,BEV-004,3,373.87
97dc0a47-c49f-4504-921c-783c6b05a4c0,29c292e5-9926-41b1-8254-90690182ff9f,BEV-003,6,252.9
8d53b26f-16ee-4621-8c40-7b3380b19045,1325985e-6a98-49bd-9541-5e9d7f4bf691,BEV-005,9,624.49
6d4c946d-07f5-4d97-903a-002391ce372a,e1dec159-01ac-4e8b-bd2b-baab54858047,BEV-003,6,150.81
707d681d-f2cd-4d9d-8536-738926feac0b,900b4b22-5825-49e1-88b2-72c3b84cb677,BEV-005,7,12.68
90d2f24b-89c7-43ce-a0b1-c79ffcb37f9f,900b4b22-5825-49e1-88b2-72c3b84cb677,BEV-002,3,262.09
088a09e6-11e2-42ee-a27e-94f948b49ca6,900b4b22-5825-49e1-88b2-72c3b84cb677,JAF-002,6,763.01
c8e73857-d20f-4a60-a74e-8af89f7a6a18,900b4b22-5825-49e1-88b2-72c3b84cb677,JAF-001,7,538.46
d162502e-7add-4af9-88ba-80339b0b6c32,6a3884f6-7369-4bff-bb0f-8707f2c44069,BEV-005,4,694.23
0f8c52e0-a19c-40f8-8396-69d337bfd432,ef7e06bb-eaa9-4f53-91c6-4a24109bae04,BEV-005,5,228.81
6a222f79-e513-4765-b4d5-ba5090b26613,b13ad05d-656c-4218-ae6d-4df76af19e4d,BEV-003,8,773.48
169d215c-ca38-4c53-8999-05dba653e167,b13ad05d-656c-4218-ae6d-4df76af19e4d,BEV-004,6,312.8
658b0296-0ef6-4b73-845f-20bc37c2f1dc,b13ad05d-656c-4218-ae6d-4df76af19e4d,JAF-004,5,829.03
ac28d173-ed35-4dd5-a133-f778f8a97887,b13ad05d-656c-4218-ae6d-4df76af19e4d,JAF-005,7,441.37
058abb03-9765-4f46-a022-a8fcbf0e6ecb,2c948ea1-b02d-4d0c-901f-f637d36de220,BEV-001,10,601.21
231ee83e-acb5-4dba-8a1f-d1f32f8029f7,920bb91a-7481-40d9-aace-0eab940583fe,BEV-004,4,431.92
10e39cda-ddbe-4d6f-b4d6-aafd233be85e,5614e005-d3e7-4abe-b1d5-78c17e87da02,BEV-002,2,38.24
49741774-751c-4c96-99f2-2542f73ed4fc,bcf9ced5-faa8-40b0-bc2f-92ecf7b1db38,BEV-005,3,627.76
ee535764-7b67-460a-b565-7a0081d069b6,bcf9ced5-faa8-40b0-bc2f-92ecf7b1db38,JAF-004,2,320.24
06aff67d-96bd-4586-90ce-1443e1623ba9,701f3f0d-7c1d-4b7f-83b8-e3ee79b4efd3,BEV-001,10,72.13
5ae292cc-647b-4acc-af48-23afcb91461b,701f3f0d-7c1d-4b7f-83b8-e3ee79b4efd3,BEV-004,5,507.08
d4e2ecc8-a2b8-4299-b503-a180b403bce2,701f3f0d-7c1d-4b7f-83b8-e3ee79b4efd3,BEV-005,6,805.43
e7a1ff6f-9480-42f9-9029-0c76597d6235,701f3f0d-7c1d-4b7f-83b8-e3ee79b4efd3,JAF-003,2,888.25
d46463f4-7664-40ba-ac46-b61139e6d087,701f3f0d-7c1d-4b7f-83b8-e3ee79b4efd3,JAF-004,4,320.63
750ca48b-6328-474b-8ebc-cb9820a9d291,74df5dac-40e1-4fc1-af08-c3c334089eae,BEV-002,4,166.93
5d644edd-f166-4f08-91d9-e6ad23de42df,771f283c-6e0e-4dad-9fdf-efd09ae8ae60,BEV-002,6,927.72
d8ac0450-e85d-4c43-bc55-f887bd99cf73,af3a8f70-407c-484c-9d2b-808883d0e3e8,BEV-002,2,569.29
3a57d638-f310-4ee6-a2c1-6422ebf1a4d1,eb251c22-f733-4ffe-9313-2a0c633b239a,BEV-002,9,870.41
01a95dd0-7a70-4c37-8369-558fc1f3ad08,8ceae5dc-c590-4e24-b3ae-448017e35b52,BEV-002,9,931.0
0e8d8e68-81f2-4c84-b372-af21ab3500be,34f81bf6-f279-49d1-9381-df793fd07ab0,BEV-003,4,758.26
4fd01a39-3090-45d9-b573-c1b393eefceb,9a9a67f9-98dc-4512-b801-caed20a7e19a,BEV-004,2,540.63
3ec77402-c512-4602-b7fa-6958f3527d61,b8cb65e3-7b0d-4df7-a241-fdad2b9fc173,BEV-003,8,248.98
6c9e78aa-5845-4923-bd8e-67b63e573841,0b1498be-53d8-4756-8d59-0f1abbcd7a34,BEV-002,9,430.64
7fdb3d77-ae63-4de8-9010-06f6641fe8e9,b037919e-e4f2-4d1b-a8f3-83eef453b609,BEV-001,8,236.19
da9790ec-aa23-4f8d-a4ba-abc602dbfe8f,7ee245a1-80a2-4909-993f-36a59ad1b4f6,BEV-002,7,210.49
c02def8f-e5e5-4919-bade-0ae185ffd280,5d7d87ad-aa24-40a0-86b5-b15afa8c80e8,BEV-003,4,87.44
c8692226-4202-4c4f-bf57-fe5d6adb46c9,c4b698bc-29af-489d-accc-0e2b9347d23d,BEV-003,5,576.7
f5ea85b0-9ea1-4062-9095-298bf27adda4,c4b698bc-29af-489d-accc-0e2b9347d23d,BEV-004,9,685.05
7cefd0ad-0dc6-4cc7-bfbb-2bab60fb882a,0f185919-eff7-4aa9-8c33-769f55435c00,BEV-001,9,332.78
93236701-4344-4204-933a-8180f7731c36,0f185919-eff7-4aa9-8c33-769f55435c00,BEV-004,8,166.37
7c555cd1-1833-4e50-8a2b-79ecabc6f101,e52fafd2-c937-4e73-84b5-710654b2daa6,BEV-004,4,123.63
745b7cec-2e3a-494e-bdfb-4e714d27e7ad,802d43ee-bac8-4125-a59f-15e79cb6c94a,BEV-004,6,19.62
631d32b1-1154-4fa0-99f6-bf9b8a529d5e,fa2aa905-7383-4038-8c08-16fde85fb9a3,BEV-004,6,861.83
dc096108-545c-4693-8b4e-8e1da6e98482,9be29477-5187-4bd9-b18b-5d3c2efb0b20,BEV-001,9,185.39
18d05d99-db2d-48f2-8648-bd7ad9a05df2,9be29477-5187-4bd9-b18b-5d3c2efb0b20,JAF-001,6,875.32
9d5e0a99-b441-405f-9747-c126244f775f,fc896c2e-2239-4b65-a82d-76131f63cbad,BEV-002,1,901.62
91b788b3-6e17-4046-8016-57602e4466b5,5f5ab4a6-7331-4a54-bd81-1240aceb8dab,BEV-004,6,541.43
4af670b4-47e5-44b1-b020-99fb69977f7c,bc391d5b-a2a5-41ff-be9b-c7432af5cf41,BEV-003,1,661.83
8833fdca-399b-4f9d-9d0f-f2e52d9bdfdf,f6341dfa-c66f-4bf0-b88c-fe95eef59510,BEV-004,4,488.64
00c71d0f-a574-450d-9a3f-3ab27b84ca11,f6341dfa-c66f-4bf0-b88c-fe95eef59510,JAF-005,8,700.18
f5ecf868-ab43-408d-b839-6fdfa6b439c3,e88ce97f-e9ea-476a-869e-063ea15667a1,JAF-003,6,334.41
c2e6ab4c-45f2-47fe-915a-86644afa5f01,d765f097-a7bc-446a-a44a-996ff01ae0ed,BEV-004,8,409.15
d6980dea-bcde-461d-b0f8-4aad3d093514,cd888fa8-0a66-484b-8002-4feec74850bb,BEV-004,10,579.81
6718b8af-d5ec-4762-98e3-9f542e0a85ed,cd888fa8-0a66-484b-8002-4feec74850bb,JAF-004,9,821.1
aa0434cf-6cc7-4efb-b848-b2a3cb372c00,54a261d6-5bdc-4e1d-9ac9-771bf8e98fad,BEV-004,1,168.96
2952697b-a5d2-4c1e-8b0e-353de7fab4a9,54a261d6-5bdc-4e1d-9ac9-771bf8e98fad,BEV-004,1,286.64
d9d88409-7036-450c-94db-2b6e6d77f1f4,904bc5c2-2a77-4399-ae08-b52d4532bf93,BEV-001,7,81.49
7c160513-9c5c-45b1-a1af-4c637bc6f743,904bc5c2-2a77-4399-ae08-b52d4532bf93,JAF-001,4,809.67
870c49ae-21df-4caf-b4db-706fb98763b3,bbadb38d-f7b5-4a00-97a0-8f557df49a52,BEV-005,4,436.92
e96dbf8e-b42c-45d6-9ed5-0bb8fd071092,bbadb38d-f7b5-4a00-97a0-8f557df49a52,JAF-001,2,843.19
75bbdf67-1303-48f7-9704-50fd3f101c33,f346ab7d-5b5d-40bc-bd17-f71474d648c4,BEV-005,1,480.46
87a236d3-c72f-40a0-bf95-a8bfb7a2472d,f346ab7d-5b5d-40bc-bd17-f71474d648c4,BEV-001,5,508.28
df62e7e4-9a1a-4e10-9d57-c26458731aad,7b78d3a5-b72e-4c35-98fc-886630d284aa,BEV-002,8,25.12
69533b54-2b5b-4227-b198-e891e8b605b8,63baeab7-1134-4ebf-be64-ad88a1d1b3c0,BEV-003,4,963.45
b392dc9c-45de-47e8-9718-f983a5de3f20,63baeab7-1134-4ebf-be64-ad88a1d1b3c0,BEV-005,8,113.26
949059d8-fcea-40ed-9c70-68189b7bfc86,6f1eb0ac-9bbc-4a3b-8639-b9a59312991a,BEV-005,1,645.25
019c5925-9d55-4542-832b-ec8d82ca8f23,6f1eb0ac-9bbc-4a3b-8639-b9a59312991a,BEV-004,5,618.76
87cd3b86-c784-49a8-a777-b9b3b1776f8d,8304f531-817f-4ee4-86b6-326cbea9f980,BEV-003,2,425.06
b378d5c4-bf72-4674-8c80-683174d39a1c,7293cdf2-148c-4bbc-b7f5-2ca0b19d5732,BEV-001,9,562.66
148822b9-6f08-4dca-a64f-5782ee17b4ef,36667baf-ae8e-4ce1-a9a6-5bf731e79f00,BEV-001,2,665.99
a738e63d-a1b5-4a00-a0b4-0f20a4cbf5cb,7068972d-a44a-44cf-888c-ec0c76478901,BEV-002,9,222.22
cfa34ddd-b016-4a14-a155-fd3d5852b0fc,5e894d7e-3508-41b1-bef2-de227797e1de,BEV-003,2,107.79
910f3069-89d2-4a94-b878-9d2dc5d2ab85,dc58a9a0-079d-45e3-8048-e3646af0fcb9,BEV-003,8,706.05
96d973e6-612d-4f34-bd7a-19627178373a,dc58a9a0-079d-45e3-8048-e3646af0fcb9,BEV-004,2,571.41
38aa9618-5479-4ea4-96c0-b9d528d60599,dc58a9a0-079d-45e3-8048-e3646af0fcb9,JAF-004,9,378.24
0e60c218-ea95-4218-8f76-09f5db7687a2,7a4fed72-d85b-461a-866a-ba735ad27158,BEV-002,6,862.27
71f30a44-fc3f-47e6-9998-7388ab83d718,5671535d-5016-44e8-a111-dd378876a444,BEV-002,1,79.4
0c03bebd-dfa4-4bdb-af2c-1b482f77bfd5,5e94f666-5dc0-431d-9609-1635af5e73ab,BEV-002,4,216.4
c736b8d9-148d-4b42-975a-e5c1ee833b33,9f5665fb-214d-4522-adbf-edd3ee4a4c68,BEV-004,6,885.17
c7f180f9-3298-45b8-b2f9-f0c42b0d8efd,f2e67ce4-bd1f-4c9e-9e8e-6804c38c4bd1,BEV-003,7,720.32
648ac323-ddb4-487e-b0dc-ab21e1ef5a1f,059a640f-0b16-4fbe-bdc2-60738aad8b7c,BEV-004,6,898.05
a8c880e9-8c1f-4dcf-91cf-27fc93e837da,8ce035af-dab2-40a1-b952-293e5ced85fa,BEV-001,5,524.24
4ea3952d-2f8a-4c7e-a25e-9652ff09c879,007116a7-e156-4a1d-a30a-49c1974e05a4,BEV-005,4,307.41
ab310840-6bd8-4a81-98ba-290948f08379,007116a7-e156-4a1d-a30a-49c1974e05a4,JAF-002,5,838.45
25577c6f-7968-42fc-b77d-9fca2575b89d,2ea57b98-61b6-4c78-83ab-b6c212da164d,BEV-002,7,21.76
8af3e9fb-ec10-47e5-b043-c113e2ccc180,de9e1454-3029-4f45-bf48-b7b544622633,BEV-002,9,574.41
98c705d3-5f7d-4d00-9270-1fa48bb58d06,9d87b158-bc50-49d0-bf56-20d380e5d329,BEV-001,7,299.43
2a33b095-f72e-4a30-83dd-3c1ec77a268d,c3227c32-c217-4254-b076-ca6cf7cd6dcc,BEV-001,8,615.06
d2892db5-5500-4d7f-917e-90a02ad3ab8d,c3227c32-c217-4254-b076-ca6cf7cd6dcc,JAF-004,2,348.36
b0c61ccc-e797-4e56-939d-ebfc233e704e,ffdd0e5b-6e7e-43e0-9d5a-f453ba0b5152,BEV-005,5,483.11
789408e3-406a-4fad-8d79-d9e3e8b0f6a3,ffdd0e5b-6e7e-43e0-9d5a-f453ba0b5152,JAF-003,5,736.23
f0318c46-65b0-4e17-af68-60fbe08c9921,a75093aa-be11-414a-8b38-6c63529409c8,BEV-001,8,548.44
b96466fd-09f0-4876-b429-e972b1840c92,a482b43b-45da-42d1-b999-3addb550968d,BEV-003,6,640.29
0e901305-ed27-4ddc-95ba-e1a396f25539,0f9c8478-e45b-403d-9667-0ec33e8bd781,BEV-004,1,771.35
2eb2b49f-1487-4841-b625-3e10e4399791,9feb4280-6053-4ea5-995f-53de15ad7356,BEV-003,2,407.9
061f546c-495d-4d98-9f87-2625addde3a4,072c5b5e-b722-4d5b-8a95-96a8f10b87c9,BEV-001,6,808.0
a172e1bd-a0e5-4692-8a98-97108d2378ce,072c5b5e-b722-4d5b-8a95-96a8f10b87c9,JAF-002,7,532.7
06a78c5d-51c1-40fb-a4cb-13a3baacf059,4efbac51-13a7-43ac-ad8c-425c81d35169,BEV-003,2,224.79
3b559791-e1c7-4969-af5f-69e11f72d349,4efbac51-13a7-43ac-ad8c-425c81d35169,BEV-002,3,588.03
10627aa6-6389-4f0a-9665-67b5cf4580a3,4efbac51-13a7-43ac-ad8c-425c81d35169,JAF-002,1,377.97
e08bba68-a467-495f-a542-4fe4c7623d1f,715ee0fd-894a-407b-b2f7-ff0dfbc278d8,BEV-003,10,742.94
083bc9d4-41fc-41f6-9aa5-33af96f664c6,1003d902-7c27-4b92-89c7-377d1ee5645d,BEV-002,10,464.18
e67570ee-5121-4289-bf48-70ad8552cfde,210c7aaa-f413-4361-9de5-50ff6759f8dc,BEV-003,2,511.79
f35b9f24-2e69-44ce-97fc-bf8cd8773a2e,39a12259-3c8f-489e-8663-4727410360e2,BEV-003,6,690.95
58d0bff9-3870-4cd7-adf3-197247a16ad9,39a12259-3c8f-489e-8663-4727410360e2,JAF-004,5,605.14
8eebbf5e-8da2-4b98-bce2-1a44ea4f4e69,711528d9-f759-42ae-bf23-f018e589e78e,BEV-003,4,376.05
1ed92326-f486-40c8-adfe-5af9a208a22a,711528d9-f759-42ae-bf23-f018e589e78e,BEV-003,10,694.43
fa528166-08aa-4dc0-a1da-93a688b1fe22,85f2a0a3-36d5-46c1-a303-fe83354e252c,BEV-005,7,731.19
4eeac639-efe0-4dcb-85bd-e2d9a79ab671,4fdb2aa0-b938-4287-b217-c77ce6fa93a4,BEV-003,10,61.27
af3bf4ef-9739-453a-a6ac-28bb01c18d4f,aff8e3fa-14f9-41cc-bd92-624443cf703a,BEV-003,8,810.51
f3145bdf-1903-4966-b76a-11e686bd2652,a4899d50-5d00-4aed-ae78-c9adbc2dc3f5,BEV-002,4,932.36
59497d4d-803d-4e56-970a-9f9afc90c6ab,36291213-4ce3-4123-8f72-a4f703749f40,BEV-001,5,625.32
ef5f6a0e-021c-4a14-82b0-b2e8975fa6e8,0b2a7c9e-822f-4f58-aad7-e5c8c8d8e372,BEV-001,6,701.38
3f2dd3b1-9c60-4ede-8260-501ea4f01bb1,87c96b96-50c4-418a-b167-b3e140074cc9,BEV-004,4,302.04
ab932378-35ec-436a-91e8-48be5e497cff,0aba4dca-6d35-4753-9a25-95c61195ef99,BEV-004,8,689.34
2ea131d7-f370-4449-a88d-d2df7fe62975,0aba4dca-6d35-4753-9a25-95c61195ef99,BEV-004,8,438.2
55d7b6bd-dfcb-4ddc-9669-0f332c07c5b9,9c9ed319-bf87-422e-adec-45c9c9f7c13a,BEV-002,8,827.12
4fdd3d87-3fc9-43c8-be21-0844b2448949,975f4364-822d-4eca-b248-353796d1025c,BEV-001,5,858.44
06b40234-63de-4910-84b3-4a6fe92fdb7e,975f4364-822d-4eca-b248-353796d1025c,BEV-003,9,848.23
2dc59bd1-bcc9-4b09-9da9-5199c37d14bc,975f4364-822d-4eca-b248-353796d1025c,JAF-005,3,467.09
c120ae03-7052-4a0f-b0d8-b49f4e26a610,46956ad5-b980-4c75-8aca-ac199257940f,BEV-001,7,926.15
c802d873-7421-4916-bf51-7c4fdeaac8d5,0c20df41-785a-4561-82c0-484d27c6e93f,BEV-004,9,33.87
01dd32f2-8c00-460a-a4d2-99182ac272eb,70f45565-af77-498d-932b-95b782347345,BEV-001,8,184.99
46ad8c67-175b-48d7-86b2-3dce0a8ac558,70f45565-af77-498d-932b-95b782347345,JAF-004,9,794.2
64fec7b3-48c0-49d8-9db1-3a4acb4c93fb,44c1021b-e3c4-49f2-a697-8aef46ee8764,BEV-001,6,538.63
b0843fb5-f79b-495e-a662-957d6c70d709,ed2152e0-1455-4d9d-bd3b-5159f604c2f0,BEV-001,8,585.14
134c65eb-8e4b-4a99-8d9c-516cca7c0680,80fd7de0-12ea-40ad-a372-42a5dff64e67,BEV-002,1,342.05
e396221f-4c9c-4cf4-bd4c-778dfe1cd0c5,42de3445-3004-42bb-89a3-188c8b74af57,BEV-005,8,871.04
c8940f8b-092f-4f6a-8948-9d5db41f05a1,f0f39a26-f456-44e7-ab6e-94c68e0c54a3,BEV-004,8,209.49
9c1697de-9dfe-4396-b113-638cc2bb1f7d,afad9946-e863-41a5-9f84-3dc016912d1f,BEV-002,8,68.24
09af9e35-5e59-4045-8bf1-5b5c6973ead5,82a9edd1-8fed-4176-a709-64bb650cf21b,BEV-003,3,406.92
6dfaec3a-b66e-4c43-9918-7b3498a241ec,12f9ee2b-6e0d-4b6e-8836-f72c498ef9c5,BEV-001,2,823.29
d8bf9f98-080c-41a5-ba0f-1315a0108962,0e22f50f-f20a-499f-8f9e-216ce163d52b,BEV-003,2,359.76
af40b52a-80d1-46e0-a708-a67b62277d7e,ce5cc637-4673-4469-babe-16218ecb49b9,BEV-003,2,535.06
206b75f3-78e1-41d8-ae5a-92648d65c562,8b5116d6-9de2-4b41-a804-bdb01892761a,BEV-001,3,466.75
d5b48ac3-bbb0-499a-8824-e79b3efa9444,c3adbe62-f873-4204-a583-d57503b31ffe,BEV-001,4,36.36
b55d5322-a63e-482c-ba27-8e7c8c29acab,6c29ee73-375a-47bf-8f4b-1134300573ca,BEV-003,3,51.46
becdc4e9-ebc7-4c7d-986b-2a556d113ca6,f54dce83-83f0-4efe-b6f4-8e78cd4db20b,BEV-001,7,230.36
a3670380-bc83-46c1-9f2b-a5d29e1932e7,5125729e-a777-4926-b634-cebf0ee36817,BEV-002,1,819.87
401677aa-a9c0-439a-9c62-78d430615423,19d3e2a6-5de1-47ac-98fd-75669039f04e,BEV-002,1,93.36
cab1c15e-24ca-4803-be50-42ceefe941e5,37c66c59-81fd-419b-b125-2a6ebaed9060,BEV-001,2,500.71
16822699-4dd5-4d4f-b588-03a52abcc333,0f3b1e87-ca2b-452c-951c-a1a9c08d32a4,BEV-003,5,782.52
c2af6e79-954d-4de8-a018-90aee03f023d,0f3b1e87-ca2b-452c-951c-a1a9c08d32a4,JAF-005,8,986.51
56218600-0920-4ff5-b091-41ecaf719509,0f3b1e87-ca2b-452c-951c-a1a9c08d32a4,JAF-005,7,428.65
9c7455fd-6cd7-4b53-9f5b-18ed44ff2f91,094276f2-36a2-40dc-b25c-a6da0cbe77de,BEV-001,2,686.87
3a0b2bf0-8285-4219-aa7a-f4162f3d138b,094276f2-36a2-40dc-b25c-a6da0cbe77de,JAF-004,3,118.67
5a8f083d-228c-4e2a-9a0e-5b6cfdac8031,715b803f-5a9c-4109-80fa-a62fcc0b0de2,BEV-002,2,907.77
6970ff0f-88fa-4a62-b702-1cc0a5aeaab8,715b803f-5a9c-4109-80fa-a62fcc0b0de2,BEV-004,3,57.6
40e5aa78-f73d-4127-aa73-e7013ef89a27,999a497d-2379-4cb9-aa83-57fa412bfaf2,BEV-001,8,670.57
987564bf-7b20-4987-9583-fa632e7ebd3b,77cf7f20-87cc-46e2-b60b-838b03b74e74,BEV-005,6,903.9
c0cf1136-0748-43d8-8afc-1b778ad1b60e,77cf7f20-87cc-46e2-b60b-838b03b74e74,BEV-001,8,775.39
d9fcc118-a32f-4bb3-9a81-fe096b77fe67,77cf7f20-87cc-46e2-b60b-838b03b74e74,JAF-004,4,145.78
e32807fb-52d9-46c9-b026-bb1e47273ebb,77cf7f20-87cc-46e2-b60b-838b03b74e74,JAF-005,1,291.71
1d04260b-1ab4-4cf5-947c-196a13b31abb,b779bcf6-f1d8-45cb-a181-af1433eed255,BEV-001,5,943.78
7cb688ac-f7b1-40d4-95bd-7f1bb39cbab0,b779bcf6-f1d8-45cb-a181-af1433eed255,JAF-005,7,417.99
9b1309bd-fcb9-4b13-b805-05b437dee4ed,26c83231-9a69-4cfe-901f-17a25276987b,JAF-002,4,461.56
d08cf8a8-2fa3-4d40-8718-461f22a31db8,26c83231-9a69-4cfe-901f-17a25276987b,JAF-004,2,82.27
bd37962c-1ec2-445a-b253-96ac8e2456f8,e78ed12b-c098-4df9-8263-96aa19d04fd7,BEV-002,4,765.06
cc69c222-d94c-4fcc-947b-544eedcbe129,e14d564c-bc6f-4224-9c76-498639ef5a49,BEV-002,3,791.99
c0a243ff-71cb-4609-82e0-f6a4444dda50,4e7c0620-7fea-453f-b9d1-588aae7a1909,BEV-005,2,680.19
fcecee1b-5a54-4ac5-bb93-1a5ce3d1728f,5e2a5e48-f62f-40b8-af7f-f05368e194f4,BEV-001,8,783.49
6bc67a3d-4163-44d6-a6f2-f43054073aa5,6a7cafc1-670c-4d90-b923-f2cdf2c3b13c,BEV-002,3,616.53
afaf4462-1c20-4b3f-b438-02ed05ce450a,305e608a-d3d8-41cd-baed-b7f092ff2909,BEV-002,3,947.34
593fa33d-3107-4150-b3c3-323d8a7ea163,2245a583-428c-45f9-b622-e62ea344b443,BEV-002,4,293.82
f8d76d34-b24e-4cb0-aee2-6e9f6b125968,d76243d0-ca4a-4a06-bd2b-75ca3a06be3f,BEV-005,9,211.37
29cd580f-7739-4343-8331-f79e8b4529d4,0d6ea4e6-789c-4e23-82e3-38648fe5b101,BEV-001,4,853.25
5757e0a1-de72-456e-8a02-b5234e5dc80f,5a8fad13-0ae1-4250-8163-fca287c1571f,BEV-005,1,61.82
9eedad1b-5c7e-44d4-8b4b-ffa159125fde,96728fe1-a9a5-4b0b-88b7-c2fef061085c,BEV-003,3,643.52
2b1ac630-a16f-4b81-a329-1c7e73fbe3cb,0ff77abd-a991-478b-98a2-7b005bc4eb18,BEV-001,7,209.85
dc5a2354-0355-4293-a846-20e4c5b507fa,79e76e11-392f-4513-89d8-c2128cb4fd9e,BEV-002,4,881.45
f3184894-52a7-4cd1-b6d2-f2b872a4ac43,e266cb45-3db8-424b-bda8-660ef4584ed9,BEV-003,1,863.29
cff5f221-9b33-407a-9127-50f19a194efb,b731be97-7909-45f0-9638-fbc1447db02e,BEV-001,5,130.52
feb34306-e6ea-480e-8da2-af74ec418e4c,b731be97-7909-45f0-9638-fbc1447db02e,BEV-002,3,236.51
a7bbb1e6-14b1-400b-a912-b84e831cc8f3,b731be97-7909-45f0-9638-fbc1447db02e,JAF-001,2,522.66
7e140054-8570-4519-b92b-943a0e02ae71,35731117-8fcd-4e84-98ae-b12f31bc08c9,BEV-001,8,756.06
c677bffe-3612-4699-a276-509bd6e9536b,35731117-8fcd-4e84-98ae-b12f31bc08c9,JAF-003,1,928.5
b45f93a8-a1d3-4bb1-bb0c-a2baae641b48,c449e900-2423-4d29-be41-f045db382d6f,BEV-004,10,944.94
2eec209f-9882-4998-9f71-5eb8e0f813a0,f6134799-8098-4e3c-b53f-f8d1fa442297,BEV-002,8,19.61
0e5bc01d-c50f-4048-ab0c-c1c295361570,5b1427b5-6c7f-4928-a7d9-8d1a04562ef1,BEV-002,6,821.09
afba635c-9e11-4da2-aebf-42fbc8f3e8e2,5b1427b5-6c7f-4928-a7d9-8d1a04562ef1,JAF-001,9,848.83
21993c6e-f918-47ba-b653-ab47beb18ecb,3eff9998-ca0e-455a-a179-56fbfc6ed134,BEV-003,9,87.75
f6758e7f-000b-49fe-951b-d8899c01a8b9,3eff9998-ca0e-455a-a179-56fbfc6ed134,JAF-003,9,920.02
9978fca7-a89e-44aa-a705-5a182567f566,34c4ba63-ecd8-4369-8d56-86615dcbac1b,BEV-001,7,524.09
a1b4a196-2357-4a21-887b-3a3ce5241cf3,c752307c-deeb-4c8a-a7d4-b3c77174aa48,BEV-005,9,447.17
876054ad-eff0-4f25-bbfc-e410ebf81f2a,c752307c-deeb-4c8a-a7d4-b3c77174aa48,BEV-004,2,103.96
cc68dcf0-dd1d-4189-818e-1c38e040490f,c255d729-de12-42d5-8b24-cbc3421d672d,BEV-001,6,636.29
87fba918-01ae-4eaf-aaa1-fd35f44a1528,c255d729-de12-42d5-8b24-cbc3421d672d,BEV-005,10,530.8
820e9a3f-6ceb-4424-934b-397ef87d0272,47f855e0-9d44-4bf1-a010-03fe3881d704,BEV-002,3,266.28
e5897f90-5bf3-4244-bbe0-be9a711ff1ed,d171b7bf-67f7-40a7-8f7a-ba6feba3c1c3,BEV-004,2,880.42
bc91ae05-8465-49ce-9a11-f5073b4672ed,74d7fdc3-5d89-4d01-b050-2162e961b944,BEV-004,9,495.09
ad2d4d51-db7b-419c-8aad-43f03f92ed85,74d7fdc3-5d89-4d01-b050-2162e961b944,BEV-002,8,243.83
54a039c3-0803-4e0f-8d03-8a7595c321eb,74d7fdc3-5d89-4d01-b050-2162e961b944,JAF-005,2,729.83
3c9e5fb9-ec2b-4d20-b99e-68153fad1295,74d7fdc3-5d89-4d01-b050-2162e961b944,JAF-002,6,109.11
c670fa53-be68-437c-8720-7d33e8ee1e67,9ef713bf-dfe1-45b7-85f1-77cee74d47fb,BEV-002,7,663.04
fcbc3066-fd7f-4290-bee0-7a548064a5b9,1494a37e-278e-4f0e-8ce6-5215a2a2e7a4,BEV-002,9,923.89
ce460059-d7fe-4001-8911-049b9e9bfc1f,a9342ba6-6c35-4452-a728-7aefa640cd32,BEV-004,7,455.8
a1ccf6a6-2f53-4777-aa70-9ec1011ae27d,5f38b8db-5a78-4406-80ef-8145ae14f170,BEV-004,6,302.79
3ca49eec-fecb-4513-aa28-dc61c904e575,dd8339d8-433f-4497-8d4c-3e0fe2a07660,BEV-003,9,605.25
297bd870-a649-403c-ad37-b9f2663e02bc,dd8339d8-433f-4497-8d4c-3e0fe2a07660,JAF-002,10,842.06
835ce10e-fa11-420a-b4b2-6df13c7bc3d2,349e6ad0-c6e7-4a93-be0a-9e9efc1dff3f,BEV-001,5,260.23
94e0ffe4-65a7-481e-b30b-bf02d46a5cf6,349e6ad0-c6e7-4a93-be0a-9e9efc1dff3f,JAF-002,9,873.39
681ddf3a-e069-48e9-a393-43864b721c01,c0ec0aae-57c2-47d1-92a6-be9f9371be61,BEV-005,7,248.62
32298aa3-98d6-4e3a-8481-c35d14d908c4,067c9788-570d-4a1b-a41e-a27d8de4bb31,BEV-002,8,475.94
de395f19-4e86-4b4b-8b70-aba856991bc7,067c9788-570d-4a1b-a41e-a27d8de4bb31,JAF-005,3,292.42
ed2b6e28-79ac-4edf-ada6-204f5e43ad1b,19482a5d-b87d-4c95-ad5b-21a52e0f63ab,BEV-002,2,473.11
44c74d59-476b-411b-ba6d-e4e6979d2297,3222e7e6-9ae6-4cfc-a7e4-709860161b33,BEV-003,3,387.36
8e55a920-5490-4132-a225-d5f09d8d329f,6c52c3a7-7ccc-4e7a-b4c6-ace526d4abab,BEV-005,9,950.57
29514988-6a54-4575-9341-b374fed40d75,6c52c3a7-7ccc-4e7a-b4c6-ace526d4abab,BEV-001,2,46.9
3fcc51fd-714f-48d7-b78d-aec26ce82320,6c52c3a7-7ccc-4e7a-b4c6-ace526d4abab,BEV-005,10,883.99
12e9ab79-f810-4130-895a-2bd62a052ac4,6c52c3a7-7ccc-4e7a-b4c6-ace526d4abab,JAF-005,6,229.1
94e9ead4-8205-4c3d-9bb1-a330a87f6ab8,6c52c3a7-7ccc-4e7a-b4c6-ace526d4abab,JAF-002,7,519.52
8199a689-c9eb-4f64-9660-8817868979ac,300ce371-f82d-4d41-82c7-530fcd88f4b3,BEV-003,9,263.47
05119196-4350-43a3-a5cb-a912e69d845f,8f873613-aab2-402b-ad9a-eb05e4f7d776,BEV-004,6,556.74
a6873dfe-00d0-46cf-a8fd-96d4bae02117,a864bd41-a534-404d-9bbc-a9c0085b3904,BEV-005,6,602.49
84b9fbf8-2f91-40b8-a4c8-7d44587cb490,2d9a1caf-4b21-4b03-8267-db913afc4330,JAF-004,5,79.57
060cf7fd-94ab-462d-95b9-8e89f3668235,9cb3d30d-0e3e-439f-a51a-7bb8f125cf76,BEV-001,6,556.15
182cd541-8f57-4650-b12c-93f863fc3dcc,9cb3d30d-0e3e-439f-a51a-7bb8f125cf76,JAF-001,4,913.47
464ea2fa-e088-4f0b-81be-d38952ad057a,4ff16187-409f-44ed-b606-7d06fd754724,BEV-002,1,108.61
172ccc53-0fc4-4452-9e9b-03c71374f1d0,0fd73e3b-5390-440f-8f5b-fed7f5f94299,BEV-003,9,680.87
83b2160f-de77-4191-8867-538df8a61045,0fd73e3b-5390-440f-8f5b-fed7f5f94299,JAF-002,9,917.51
e6ccbcc8-5559-43bc-9ae7-8483e46121fb,cc2e4306-049f-4ee1-a3ad-63f4d357a324,BEV-001,1,644.32
1cc2a8f6-1705-4bc5-8458-e7359f4564f1,ff57c0ab-4ab5-41b8-96db-f83f98776dbc,BEV-002,4,384.67
14d2b1f8-8939-4b2f-9709-f0a45fd7c1b0,ff57c0ab-4ab5-41b8-96db-f83f98776dbc,BEV-003,1,242.05
78f38954-14b6-466f-b77a-aed15f6a1e7a,0d6baae8-f3d9-45c7-aa80-fa5445071049,BEV-004,4,837.38
20baf29b-f583-4c49-bb17-ae4f90c51676,426f8359-b5f0-4277-a74f-77cf4f15fdb1,BEV-004,1,56.65
d44bf423-6afd-405f-bfc4-b616ecc97a95,8b33a8f2-790d-4a86-b7c2-4a4c4d8c295f,BEV-004,4,29.67
2007f594-6d68-4bd2-9beb-960e6766e2e5,a755bbd3-d36d-4e05-b911-92991009f7e6,BEV-004,7,400.5
8f667f24-95fb-42d3-819e-5190408a26cc,5878b56e-6fee-45cf-9f3a-a81d2a2fc3e1,BEV-003,9,121.81
ec19c0f2-440f-4334-8af2-af9d13025ad3,ab4c9b6f-a701-4f3e-8d53-8fae8aa3580b,BEV-001,6,985.71
1fd6ab8f-d7ef-4e5d-9c30-8d50b5ee7b80,91c36862-afbc-44f7-a54d-d9e426c3fb6a,BEV-001,9,956.36
66b2afa5-2e68-4f60-bba0-220bd9ee94cc,e0667514-90a4-4fb4-99ff-0628b58620e4,BEV-005,3,374.41
07e5d3a7-9211-4136-aea1-a9966e72b481,e0667514-90a4-4fb4-99ff-0628b58620e4,JAF-005,1,107.44
2c3cd0fd-8981-48cd-b032-d07bdb15f7df,219caa41-1ed2-443c-a6db-302dc5a48b36,BEV-002,8,642.9
1f1b2c7d-56cf-43a9-a48e-0752eb24b794,6e858bf7-6fc0-4f0c-8f9b-5d6346844828,BEV-005,10,117.35
33eae0f7-5f4d-410c-a8ed-7abf8089c7d8,6e858bf7-6fc0-4f0c-8f9b-5d6346844828,BEV-004,6,75.46
9891158e-a77f-4ad2-bed2-7de4733e24fc,08180e69-522a-4b70-99ea-bbe38795759b,BEV-003,6,85.76
52dc1032-01a6-4d58-a021-f9628eaf6c3a,d1490242-1ae9-4969-82dd-ffd526190cd8,BEV-003,6,803.34
07cec1fb-c7f1-4237-9525-09e62f2962c3,e6d69126-cbeb-498e-805f-b61f8437c761,BEV-005,2,76.55
28fd28d6-ee3d-4694-b131-63f10a640563,cad4f2f8-ddfc-432a-b987-4f4bc2b07a9e,BEV-005,6,560.16
d655f8a6-c502-4690-96f5-0a238391b768,8cdc7865-a1a7-4dfc-84a7-56277f00482d,BEV-003,2,520.76
356fab4e-e95a-4186-a134-181358053cd1,bb77ffd2-6bda-4eb0-9463-1a37cc554cd6,BEV-003,7,186.14
fd9eba21-26ca-4d43-a45d-8aa77e5befb5,4e1a1f99-f8ca-4b38-866f-cc44c942f633,BEV-004,6,772.19
b27d359b-2e82-4542-8711-8414bd512c02,f00a0d3d-e676-4e69-bca7-bc078693a449,BEV-005,9,630.62
547c36ac-d717-4727-a453-931bd41e3f2f,54d7b34d-0f72-4f31-a927-e0cb0c5f5cbc,BEV-003,9,702.98
7c4cf0c1-c88d-4f14-a0ec-1b833fad28b2,4c9fce4e-ff87-42f3-a406-867ea35d458a,BEV-004,10,722.3
a14d1e96-e9be-4cdb-928b-7f9892a49219,99176a4c-64a0-434c-927f-b1eb3a82b215,BEV-002,1,775.1
4d6387da-fa37-4c88-8e5a-d7178c13f167,68be8cf4-89f1-4e7d-b432-41bf269751cd,BEV-005,10,301.3
17068cdd-ffc1-4f32-b32f-2f2a37095a98,66f4868c-f1f8-4282-b44a-98cea125e35f,BEV-004,9,198.36
08f1db2d-1b19-49cb-8c4d-3cc5982a5452,57357378-9eb5-4fcc-ae3a-ee89f9d6e823,BEV-004,5,391.27
a2d0b4d4-97fc-4735-9123-b396c98d5b0c,9d66f8e9-3c9b-4f57-84ce-3bac4811fbba,BEV-004,8,402.67
068078db-20bc-474d-9853-a4433fa02909,f48d0fb2-00d3-4843-b36c-14ec8e43cf19,BEV-001,2,270.74
1e8e263f-48ec-46cb-a25e-ad58c04a6cbf,f29294c1-7fb3-47f5-9800-421ee646520c,BEV-002,7,823.64
ed4f7d9d-c454-43a2-b5b8-ee8654e2a790,fcf2f0c3-d98e-4f0b-aa27-e0f3479a76db,BEV-003,8,365.06
a3c0f153-5b03-4b07-b28f-78677bdce7ea,3939f9bb-0f45-43a2-a29c-04c034a19386,BEV-005,9,391.31
97fd5453-25e3-4047-a679-a7f7b9c3a907,bc50fd70-da17-479f-ab30-37fc424c7107,BEV-005,9,653.25
8a7bdb4b-c734-429f-8da0-e65ec8314232,5054394b-6bcd-4ac4-83d1-b98be0964669,BEV-004,2,235.02
1286eecd-1687-42b2-83c4-8a69cd04307f,5054394b-6bcd-4ac4-83d1-b98be0964669,JAF-002,9,778.72
5068c3cc-fbaf-4d8d-b171-1576b6fea737,efbd7ded-7f65-47f1-8ae9-dde52543647d,BEV-005,1,197.37
20767682-b01c-4ae3-9e83-3f8b2728a718,f97eff21-5ccc-4c21-8425-7b7df2905a99,BEV-002,8,182.83
adebd451-43c6-4b3e-bd1c-ddeb663a14fe,f97eff21-5ccc-4c21-8425-7b7df2905a99,JAF-003,7,780.05
2e2ebb4a-b8ed-49d3-93f4-60330dc00443,f97eff21-5ccc-4c21-8425-7b7df2905a99,JAF-005,3,912.37
19f9ad28-7e5f-48ca-b479-99dc4ce8a7a5,3711d001-97e8-4448-808c-69609cad893d,BEV-003,2,382.45
83c80e78-fe2d-4c4a-a6d8-c6495fd83dec,f7feaa22-3a39-491f-85c9-1afd4ad6db76,BEV-005,9,456.34
4746ca34-50d8-488f-ab51-97ba8e3c375d,754500fe-be70-4319-87d6-df3410451333,BEV-002,7,763.31
608d4bb7-878b-4d53-9c21-10623ea49d5a,44321bd1-c9cf-4b43-819f-e382764885fa,BEV-003,5,247.86
864825fa-eefa-4820-9201-727eb0c67b6f,6c47780b-7e4b-4c1d-8aac-86cc11709a46,BEV-003,2,33.22
f52f8105-9819-471c-ba8a-e1f967d6525f,9a3d46ce-16a3-4bf9-8152-69609ca624d0,BEV-004,7,273.19
f9c2f19d-0b6f-4df6-ac2e-3eaae99948a9,730d0c9c-59f0-4a8f-9fb3-eda361a4f054,BEV-001,2,159.53
c88a654a-de16-4fd3-9659-e4c89cd8f526,d0868ec0-d4f9-49c1-8756-c11e33017245,BEV-004,4,907.71
24cc870d-484b-454c-921c-1e6cff438264,37208d28-4005-4f61-8957-2c0935448342,BEV-002,5,286.17
ff71cd57-61f1-4e2e-a827-4972c51b7740,c8157b70-0a8d-4b91-9ba5-f4599761c384,BEV-003,4,722.59
d87048d2-2fbb-4bf6-9f22-105002b10d23,544a26db-dfa9-431b-add9-ed0f229bbe1f,BEV-001,9,777.52
f588390d-9f1b-46dc-b4eb-6acd5b52ea6a,9dfc44b2-cdac-4474-927e-c1230903a4c5,BEV-001,9,264.94
729ca144-92bd-4031-8c38-d8873f20ddef,491128eb-335d-401f-bd3e-5df5a9d46b86,BEV-003,10,754.12
b73b26a6-aa13-474f-9c83-a1936451928d,eca8eafa-f203-4eb4-a1a0-e9172d8d8b42,BEV-002,8,485.31
536e7880-9eda-43ca-b30e-962039cedd85,eca8eafa-f203-4eb4-a1a0-e9172d8d8b42,JAF-001,9,183.97
87d8fbad-3bae-43cf-9605-06fae446151d,f671890b-e89e-4f2d-847c-14c95425b05a,BEV-004,3,826.33
6dd37a88-9123-4c90-92d4-8ab4d27d9a6b,d1ba80a9-cd82-484c-8e9c-49f53a4e22b2,BEV-002,2,414.31
d1e6da81-8721-4f24-9a57-cdb9bbb31cfb,96456771-e63f-4acf-850f-4264c7599dec,BEV-005,10,636.6
a15f8d5e-6a0d-486b-8ecb-617237c99e1a,9b7e2a91-96ec-40f8-80fb-3b308ce0b767,BEV-002,3,613.22
3b3a874a-3a95-4e9a-8b15-b7ba6ac433d4,06dacf06-b3c5-4773-9e95-c53bdb6b2531,BEV-005,10,929.11
08aafe1b-0756-42d3-bbc4-207c5cc5c672,75c11d50-1c2e-4978-a7a4-70c611505173,BEV-002,7,107.05
b9218fe4-6e15-4cbb-adb8-d0dd5e25e751,06233bd0-20a2-4eea-a141-4c59784fcfce,BEV-003,4,231.49
e1edd947-f4e2-4b82-9277-de3c8b587e34,1fe49513-85c1-4f3a-9356-991109bf8e8a,BEV-002,7,565.14
c5dd2c25-77be-46c7-b390-cbae680ff56e,ab9cc61d-20b1-47ae-9d06-a3d8100432d2,BEV-005,3,769.75
cd98cbdb-40e8-4ef5-b303-e248f8a98476,6c7e0225-074d-4e21-bbbe-4bc61d5c53af,BEV-005,9,951.55
f543bbe6-3c06-4ceb-9469-fa24711cd57d,88bf436c-8c7f-4eaf-a9bb-d445d36a097b,BEV-004,2,548.36
94c4b30f-7c46-4cdb-ab03-edbf9e950b84,0f5c9ce8-9845-483f-adb0-8e413da22aae,BEV-005,4,629.68
999781c7-3edf-4b3a-9f5c-724d96b38644,0f5c9ce8-9845-483f-adb0-8e413da22aae,JAF-001,3,369.85
72090d83-5483-47af-b982-3f7a372b97ca,1732493e-90e7-46ee-bad6-cb28e10349bf,BEV-001,8,770.86
eeedc677-0919-45e6-8497-b0ed17f88a93,b4acfb4c-a504-415d-8aca-7e98928733e0,BEV-004,6,157.74
d0f27a99-c605-4585-8293-75f3b02f5211,6121f150-3650-4ab2-bbe2-c0a8e981771e,BEV-003,3,578.13
8db6ee49-719a-4579-91fc-820c20d6dfb0,3817bac7-bf72-48d2-93ec-625f9eaad5ce,BEV-004,6,288.95
929e02cc-e442-4202-b4c3-bcee9c7701b3,cb72cffa-f50b-4c09-ad7a-a6bc718d36b5,BEV-002,7,395.59
0b98c872-ab99-4028-adff-60df5889b94d,31454c01-aaf3-480d-bb52-1584c7191de7,BEV-005,10,317.15
029704db-15b3-486e-aace-e3a6f2167e61,31454c01-aaf3-480d-bb52-1584c7191de7,JAF-004,7,102.26
0fd8fe1f-37be-421f-9323-578711554de9,50ebcb73-1767-4e03-8d0e-f3c33efd850c,BEV-002,5,904.69
5725db62-e9fb-4ce5-8348-bc4a08a2ff94,50ebcb73-1767-4e03-8d0e-f3c33efd850c,JAF-005,8,346.6
713abc8d-1853-41c9-b7f5-77f2b59b427e,b40f3060-be1a-4d8f-a66f-cb485365df1c,BEV-003,5,79.74
4d9a3c2b-23eb-4701-90ab-d3a8a058680a,b127e509-771a-4417-afd6-d8c6eb6e7f4b,BEV-002,6,544.26
b9c88e5b-2bbc-4498-a266-ba44bc1669be,5671124d-6659-4ffe-af5b-aa65e523878d,BEV-001,7,359.95
ad5514c2-4e69-49bd-9051-9822c87a5f11,83081694-3045-4c38-943b-0d20a6fe2ee4,BEV-001,3,853.48
8f15ca6f-e6c6-44c7-9c66-1d264d196c3c,83081694-3045-4c38-943b-0d20a6fe2ee4,JAF-003,8,218.93
d832bf03-6798-4f42-ae21-697586009711,2f438257-63be-4f52-8985-a2a7cd0a3ca3,BEV-004,10,918.85
fc9efbd1-448b-44c0-bfe8-551d8116fe3c,b8771296-0cf8-4090-9fad-d752fc664558,BEV-004,1,237.35
79dc96d1-6fe5-434f-83ff-4a3226f9ae24,b8771296-0cf8-4090-9fad-d752fc664558,JAF-005,4,76.5
b8a6a675-16b5-48c9-b4bf-d0af8be80ca4,7795de84-12f0-4633-82a6-d731fedfc9e3,BEV-004,1,366.54
ce20e563-b8c0-463d-ae21-5981acf8870f,05a94835-38ea-462f-9086-9171c61f724a,BEV-005,5,690.34
003cc1b9-c12e-4d81-8e7d-ea937fb356a3,25624654-0582-4d76-8cb9-3867ffea7310,BEV-004,5,761.54
700c23a6-0484-4d1a-b5cd-6fa3b3f04ba3,25624654-0582-4d76-8cb9-3867ffea7310,BEV-004,10,44.71
1f4e1189-4774-428d-bbe3-06158167b26e,0a2f8bf5-754e-4787-9730-8fd95c9b72f7,JAF-003,5,950.69
6fd70479-1985-4927-989a-752eec163a1b,dc6a68b3-8b90-4d1b-9ad1-2e76d5d2a831,BEV-003,8,319.15
067aca28-e80c-4747-bd0c-d3cd79db356f,a3864435-9e90-475a-a851-d87dfc6bd53b,BEV-001,7,310.04
786520ee-ee94-4f0a-9e78-c170c6c534d7,a3864435-9e90-475a-a851-d87dfc6bd53b,BEV-003,9,824.56
e4b88f6a-84fd-41e2-9f9f-7f4d96bb1295,a3864435-9e90-475a-a851-d87dfc6bd53b,JAF-003,7,866.83
ed6ff626-4382-48c0-82cf-878f7581765b,0d1be08c-7a92-4f92-9ef7-0faaa5f0b605,BEV-004,6,837.17
0323269a-c7f7-4119-9ece-d37f5beab18e,33e988d0-2910-47b5-92be-ecb93bb8239f,BEV-001,2,334.48
1e390551-d38f-4801-9400-a882fa82fd6c,9df53b43-9f2f-4bfe-b32f-549b84b1ffab,BEV-003,9,671.9
a912e2ab-2284-4959-9ff2-15eb90bf39a9,1b04ad25-c19c-4372-b686-e1bb115b37c9,BEV-003,5,414.2
d2a4d3a4-02fa-4751-b3de-421372faff26,1b04ad25-c19c-4372-b686-e1bb115b37c9,JAF-001,7,816.84
bfe659cc-6007-4772-acb3-b37967697b73,94bdb3ad-6f39-48ff-b5df-7bda425a7153,BEV-002,5,375.84
4ad34335-cad1-4e11-8632-37df2de3c2ea,261c20f4-5919-4e1b-ba61-9aa2549ddd1c,BEV-001,7,538.3
fbd1d788-85c8-4f73-b2c7-4b81eabfddf9,f4c65815-d4c2-4579-ad0e-090cb899349b,BEV-001,4,432.29
c9b87547-0813-47f5-8ad8-be60189be063,40b7669e-4de9-4bd8-85f5-eca160f10cf4,BEV-005,7,882.94
507140cd-859c-4347-96f0-622837bfef90,963213fa-8294-4051-bc90-aad8a3f3959f,BEV-001,8,660.15
6004f506-8254-4ed2-9a96-fadb913f2b98,963213fa-8294-4051-bc90-aad8a3f3959f,BEV-002,5,629.48
584fbc77-7890-4ca3-b91d-a304f4d02107,ed263856-0e2e-4523-ab0b-9f3890396fde,BEV-005,7,611.23
216922b5-b6a1-42e9-8b46-abcef6194230,bedd8964-31bd-426f-9258-0729976776d8,BEV-004,4,590.94
06bfb249-ed28-4b6b-953b-714f2cb827ae,bedd8964-31bd-426f-9258-0729976776d8,JAF-005,1,425.7
e7d19a01-7714-468c-843a-4ab4da625f60,8125e677-c165-4efd-a734-5749b5937d91,BEV-002,9,462.4
f8420462-cfc4-42f9-b472-7f93b1fbeb44,a091d032-206f-4af6-87ef-67a30cd7d382,BEV-002,8,554.12
6beb7c4e-5b3a-4e5a-8d26-377e2d20b603,5136be6e-6d57-48b7-9bca-7f94d8cfc6b5,BEV-005,4,718.25
14fb5f94-7875-45f0-9a4f-b848ade1eac1,e7adc590-f50e-452b-8c92-673605807cd5,BEV-001,6,795.02
f2fa98ff-a475-4dee-94e9-901b26b53ae7,de5398e1-dbce-48db-89f9-ce95dd6a6c18,BEV-002,8,801.39
0cd91e13-1de5-48c4-949d-ff7c98520464,de5398e1-dbce-48db-89f9-ce95dd6a6c18,BEV-001,5,855.04
b2b111d0-1eb7-4ee4-94c3-41b81a96853a,e08a2ce5-6ff9-40f8-a619-d68adb6e6e71,BEV-004,2,189.9
937c2780-42f0-4c7a-bd42-f693de4129ac,e08a2ce5-6ff9-40f8-a619-d68adb6e6e71,JAF-002,8,134.51
f61361fd-11ad-4ec5-81a5-46c8d301744d,dc1f291d-47fc-4e57-823f-387486fb7fd9,BEV-001,10,799.44
e43193e5-27a3-4b4b-9d08-9c8b03e14f52,4060248a-1e2f-4e5e-a709-72e513b88b93,BEV-003,2,595.95
579406b2-4c4b-48b2-8fbb-a41aee128035,4060248a-1e2f-4e5e-a709-72e513b88b93,JAF-003,3,180.52
fd6efcf0-4a07-49e3-997e-54083240d64a,ea81418d-f95c-41d4-ba8f-d645fbf54cc9,BEV-001,5,956.59
908c8f06-bdfe-46ab-9614-4374394deb0b,ea81418d-f95c-41d4-ba8f-d645fbf54cc9,BEV-003,5,173.98
0767e149-6776-461f-aa59-31a35b0784a7,ad416d38-1193-40fe-8c99-6b443bc328a5,BEV-002,8,626.05
ec192a24-8480-48fc-b768-01e09388d8a8,bcae6f45-ce94-4f31-9ccb-d9b7f9d13493,BEV-001,4,377.34
996c2068-520b-4b6c-9c4c-3cb0d3c265e4,97556476-9082-4562-b4e0-ac5bd0641bde,BEV-004,5,483.77
10535a02-902d-4458-b85c-7ea1f7bf3017,8dad6d0c-4111-4f28-bd6c-8171f78cb9d1,BEV-005,3,988.99
28573483-a880-4629-8971-4701944fca4d,8dad6d0c-4111-4f28-bd6c-8171f78cb9d1,JAF-003,9,687.96
de175af4-2cbf-40b0-bd2b-2f9a1635cf74,fe2d1c56-5328-4a5c-8b74-aa9e5708ec13,BEV-001,1,857.74
e1129e36-d626-43f4-b6fc-622d44f6bcc0,fe2d1c56-5328-4a5c-8b74-aa9e5708ec13,JAF-002,4,595.08
b69b941c-5c28-4ea9-aede-e5f75fbb2303,7df24d85-37df-43eb-b9e4-7706d9dcf970,BEV-004,8,125.98
aa29e0e8-80c6-4140-9141-e2d043a011b4,7df24d85-37df-43eb-b9e4-7706d9dcf970,JAF-004,3,440.0
c58c9928-a53a-485a-8d06-f15b63f09072,4d53f416-a672-463c-b292-d1d471623d0d,BEV-002,6,62.72
1043d344-5556-4b1c-9a10-9e37fc44368c,0a376b19-0c70-45d3-a915-ccab2f1f1f9c,BEV-004,6,132.1
c6e4d74c-07f0-4907-8202-f9cd51635ca2,91164b47-e50e-4cfd-bfcd-89ea7b97526d,BEV-005,3,239.87
aac1f9f7-b856-43f7-979c-77b7e1319920,dcfc40d7-ac0c-403e-b6b3-0ffb7ea18cf5,BEV-004,9,968.44
c195fa14-cb8e-4a8b-8cac-3a878149c402,28a9ca98-1268-44b7-bc26-5a9bfdac204f,BEV-001,10,280.17
2456e3f3-34f7-4556-a1f8-2cb900e46d0b,b1e6361c-8fed-4f58-a509-3f144e6a1d0e,BEV-003,9,271.21
acf03468-7acb-40da-8f1f-1095df5625b5,b1e6361c-8fed-4f58-a509-3f144e6a1d0e,JAF-004,7,126.24
0cc8df06-2e0c-4968-a477-cd1793d726b8,b1e6361c-8fed-4f58-a509-3f144e6a1d0e,JAF-004,7,559.23
4216e2d5-5aa8-4f20-af62-bbbec7b63cf6,1678f06a-8772-4c9e-82bd-73da96dc4a9a,BEV-001,9,427.02
65d16f4c-d562-44c2-b5c7-22029391aad2,1678f06a-8772-4c9e-82bd-73da96dc4a9a,JAF-001,1,432.52
f36947a3-599c-4c9d-bb4a-da2f052ce561,adb9af51-4550-4e1b-a75a-c370ba3dcd52,BEV-005,6,431.05
67a4c9ea-a727-478c-8cf5-526733cde287,d89f8824-d4aa-4dc9-b4bc-7338549a67ba,BEV-001,10,326.88
431f4b82-43f3-42af-bea2-061e35c130a1,6e86aa3b-8451-4125-bcae-3ee6f22319f7,BEV-001,10,171.44
2d671c55-0a2a-41c2-afb5-aeb4b278cecf,fc6b3b84-5871-49ac-aff1-b17f6c3d8908,BEV-003,2,110.93
25f2d553-a336-441d-9960-072cd2ae2210,fc6b3b84-5871-49ac-aff1-b17f6c3d8908,JAF-005,8,610.31
ae572cbf-4429-4e70-92a1-4f3c3ee630cd,9ddff3c8-3afd-42ea-ba86-5fd264a9f1b3,BEV-002,8,435.87
2d11016a-3f65-4bb0-b1d2-62bf46a9509d,9ddff3c8-3afd-42ea-ba86-5fd264a9f1b3,JAF-004,1,532.63
35464016-e775-4025-a02d-f63134e94006,9cf6f766-a97f-43fb-9d4b-06cb36eae679,BEV-001,5,240.36
0e1c0868-0cce-48da-92db-611db1a6ebaa,8b881a3b-709d-430c-b615-c28429d1cd7d,BEV-004,1,342.82
c85aad86-6278-42a1-8608-1fc0a3f04c0b,2825c3fc-db1f-4b11-8780-4313e10722bc,BEV-002,6,350.55
459c60bc-c337-49f2-a45d-2cc669aa2d67,4596930b-54d4-49a4-8d74-b60596dca311,BEV-004,6,380.82
61ba619b-8d62-491f-8144-2eab1ba1b2e9,fe0e0662-3ef4-4e87-8447-5509ae4fb868,BEV-005,8,426.72
8d50dff1-17c9-48a6-89df-9c5798a476c2,fe0e0662-3ef4-4e87-8447-5509ae4fb868,JAF-001,1,541.97
01792cfc-d3fe-4dfd-9d57-353e2730412b,f0e6bb50-6a44-4079-ad2e-bded27ec33d8,BEV-004,8,155.9
2bd50160-44c0-4665-8a2c-12636798c257,f0e6bb50-6a44-4079-ad2e-bded27ec33d8,BEV-004,9,90.44
b0841611-3306-4b9e-aafc-c01d9cadd7ba,63d2e41e-637e-4582-9a3c-49bda7819c68,BEV-002,6,602.3
189baa10-097a-43e8-b02b-5c8540d9b0d7,81ae02aa-7748-4803-b2cf-7a5bb505d9ca,BEV-005,10,487.39
cac1e32f-09d4-403e-80da-f4c1fc7bdca7,4c2bd839-d599-434c-969b-e17772d75fff,BEV-002,1,119.52
717bab9d-e85b-4e24-b8e2-6a896a3d8205,fe21dde1-c55d-4904-8431-f92d77b11133,BEV-001,4,640.47
4a0ccba2-80cf-43bc-8a2e-9cb0d3910ee0,fe21dde1-c55d-4904-8431-f92d77b11133,BEV-002,7,583.46
8b0a16da-76cd-4044-be77-41c19bd12494,d2076d83-f80d-43c5-9572-5757baef8fd1,BEV-003,6,114.05
9dd418fe-b420-4747-8b15-374f1129630e,bfc2542d-32d3-4329-8f7e-ea60bbd81f89,BEV-002,4,193.2
50081995-2ddd-4b0c-9bb4-5f225eb3bc9b,1c24407b-d63c-41af-be72-58c5f2d39ff4,BEV-003,9,562.14
d4e3e914-a665-4218-98d4-20bd817a010f,dcab6b64-36ea-416b-a2ad-c22d2d05c8b5,BEV-004,10,215.76
64b652ed-7d06-46d3-8dee-d076fb2584eb,2f2aecb5-4591-466c-afeb-d55dc5f43acf,BEV-002,6,315.45
990643a0-1ca5-46ef-89d0-07888395668d,2f2aecb5-4591-466c-afeb-d55dc5f43acf,BEV-003,10,672.4
78e68a1d-0006-4db6-a552-7b66b699e820,2f2aecb5-4591-466c-afeb-d55dc5f43acf,JAF-005,8,863.39
f5d1cdf9-a93d-4809-a8b9-7414eb714934,73f1c366-8f26-4bc2-9ab3-ab3ad489fc03,BEV-003,2,349.25
81c1107b-01b6-4ee1-b50c-23e4868ee416,ea887fc0-d65e-42ed-8656-02cdb14782d3,BEV-004,10,579.37
76acf361-41a4-4c71-809f-dae875a9e105,f2ef91b4-0488-4708-ad8c-88e86d7580ed,JAF-002,6,875.64
566becf9-b36e-4915-999d-d595d48db35e,63c09d23-c872-44e4-90cf-868f7275f408,BEV-001,9,200.36
be79a2c6-99c2-4b9b-95af-7f4d295815e7,80c6dd11-18a8-46de-a66e-79dd90cd73cb,BEV-005,8,757.65
2f16b94f-2a1d-440c-ae11-cf9d4de6e679,e3106ab6-7fd8-48cb-973c-7ae5054bdceb,BEV-001,3,214.3
d03e3532-ea88-4765-911a-abe5d76461bd,937a0e75-fab4-430b-97c0-7efdc7a2392a,BEV-004,8,834.24
6959d572-2f49-4a0e-95db-c7ef2bcb1be8,937a0e75-fab4-430b-97c0-7efdc7a2392a,BEV-005,6,249.11
a5a92361-29fa-4bed-b5d7-c0c16d6d473c,dd1aa0fa-d452-45cc-9360-02dd025500c6,BEV-002,6,897.29
49676776-3e79-415d-a0cd-e972335f25da,9ca494c7-c8c3-4b0a-b288-3fa3dd5d33bf,BEV-001,10,518.76
9e0bf394-a2b5-4826-962e-7096ff07bbfd,9ca494c7-c8c3-4b0a-b288-3fa3dd5d33bf,BEV-001,8,141.3
51f65aa7-b8fa-4725-8850-ee90ad194284,8a418ff7-1396-48d7-8211-0b448197e846,BEV-005,7,700.37
999bb8c7-d586-464d-a67f-d298249abc50,604bb8a9-6d5e-4326-a63b-a40bd2115060,BEV-003,4,776.83
84266069-518f-488a-a656-e4bf34330516,b6fc31fe-02ab-4f11-a610-982a86cf88d0,BEV-005,3,596.62
925a155a-d5db-417b-a68f-1db581e175fb,b6fc31fe-02ab-4f11-a610-982a86cf88d0,BEV-005,6,396.1
5a21b4fd-d7af-4e90-97b9-5b1fe83854d2,b6fc31fe-02ab-4f11-a610-982a86cf88d0,JAF-001,8,879.78
15338d85-9130-47cd-a493-a48ef6f7f2d7,ae43d9a1-97c3-49fd-a3a1-7ad682cce832,BEV-002,2,200.89
03c1be2a-ab17-4bc9-bc60-b09dd9f8ffac,51743065-818a-4fc6-b923-2efe82f25c68,BEV-005,1,945.48
257e5e11-f925-4152-991b-45329d896cc8,64d810ac-0864-417d-afb8-3b2fee75fd25,BEV-001,8,605.6
96bdc63f-ae26-4dfa-8406-876c1b46b1f0,8ea9c694-86f4-4362-86e6-d7a26a0260e4,BEV-003,2,316.54
0c60bf50-4f82-4df5-9628-adf51bb2c05f,86456adc-2a68-4a0c-887f-7c047e6d7071,BEV-002,3,47.19
31b4df49-077e-43f3-922d-41c8a2028eac,ed4a6fc2-3086-46e3-9766-be314f1f3397,BEV-004,2,976.77
01142254-c4a1-4cea-95d2-af6b27335601,07634540-eb1d-47b5-9d15-e3c5439e2396,BEV-003,8,914.47
da5d3726-1add-4076-9f8d-224eb6e2d54b,5cb55d24-6125-42e7-a32c-0004e67b2bea,BEV-003,10,543.81
084d7cd4-4850-46ed-bceb-905ec8a27e04,566a7659-b1be-41f2-943e-8f3ebc3dd5f1,BEV-002,8,912.46
0e46ee72-750f-4ef0-9a1b-fd37c6df27bf,c728653f-0b80-488e-a2e3-517a0d3048aa,BEV-003,4,178.56
bd56e6ed-aa4f-428c-b575-87e3f0e9394a,c728653f-0b80-488e-a2e3-517a0d3048aa,JAF-002,2,554.61
63b10833-0c30-4180-a9ab-921358dbc8f8,0235790e-bd10-458b-a4e6-59e250dc1235,BEV-005,2,983.05
bca353c1-9245-425e-9abb-dcf8dfaa31aa,b2ddb359-fe5a-438c-9b1d-a3e91cd7b10a,BEV-002,10,794.67
8d9c93b4-e71f-41c5-9e62-284450195506,aa3d8ae8-edfa-4c52-af62-056493c531ee,BEV-002,3,729.31
a442580a-dc0c-4372-8a6d-fbb7fb8c340d,334f811c-145b-48c2-9d9c-1ecccb2a1e29,BEV-004,10,387.73
3b0da114-52d7-4531-8d62-55c8a7b7f6f7,400b0a79-72fb-47e6-aa5e-b08f027b769d,BEV-002,4,178.66
fc971465-a938-491e-92cc-7cc23c9b1142,400b0a79-72fb-47e6-aa5e-b08f027b769d,JAF-002,5,994.23
51b3fa39-52f7-4117-b4d5-9d225efb5495,43e1a2ce-0cd8-496d-abb9-1066edd27f26,BEV-005,5,203.87
aed18420-2cb1-4701-9937-77470e28abb2,5af99917-e079-4853-b2f0-9d822bb22fab,BEV-001,3,999.04
da67360b-7b84-4554-ae86-41bf1bfba5db,b5d1cc5c-2381-433e-94e7-297de7cbf7e5,BEV-001,7,694.2
3839af71-e242-4514-9099-e88332f4ea82,3c609487-5c0f-44b5-816c-fe0000d5ee1b,BEV-002,1,948.2
4cebc39b-8c55-44b8-a419-aa7e2cc59878,6bf736cd-c160-4ba5-91f0-98c817bede3f,BEV-005,6,267.21
9526a4ee-697e-4e29-a7fe-abd59c204d86,9332eaa6-3549-47aa-a7d1-ba1a50ae827c,BEV-002,7,226.45
acfcce4d-eff7-4ccb-bce6-717ae0f0ac4f,4a92b296-3057-4682-8995-7db73bff364f,BEV-001,1,954.46
e564ad4d-2331-4f78-a8fb-ff074dc7846e,83b893bc-b0d4-481d-850f-425b1bacdef9,BEV-003,1,960.67
34a1d3ca-97f1-4dd4-a6df-f87c0ca1891d,93e25735-be95-45cd-94a0-d11152f4dc92,BEV-004,4,502.21
9b06b7be-5e79-495e-9b75-6bd05fbea41e,3a2bdc13-b834-40d3-9d23-0e973f220302,BEV-002,8,242.62
151b8b96-f893-4b82-9895-64b522348ad0,67d09308-1dfc-464c-a795-188060b58156,BEV-001,2,695.97
6fb0f713-4b1d-431b-abce-43d0bbf3ca5a,67d09308-1dfc-464c-a795-188060b58156,JAF-002,9,273.98
e4cedeb1-2ad1-465f-8ac3-626f00217835,b5fb1164-e31b-43b4-b993-0facf27f2e6d,BEV-004,6,588.28
c04c5571-a2eb-4d99-b7f4-2532859457e7,aec7a85a-8b9c-41a7-9249-a9049c9c9c70,BEV-005,1,433.55
e4e94762-a108-43c8-8f86-68ae026652f5,f631a306-b22f-4cb0-b15a-965b003dd734,BEV-004,1,459.51
50be83e5-294e-40b4-ad9e-f6f733978390,3ad2938c-a53a-49b4-9d0a-03c3f32001b2,BEV-002,1,700.62
91461d52-c565-4bc5-9e7e-bb6c17a53977,926dabb6-80da-4ac1-9f2e-9bc6ea07b22c,BEV-005,3,528.16
07a5eb9e-7bb8-49ca-b282-346166856af3,e4c76b1d-4e93-47e1-92ca-ad46220ace87,BEV-004,6,485.67
0f01d4be-2a2f-4994-8d12-3dabbbb30a67,cfc5ea52-d602-4179-8354-cb0e3f11ee5a,BEV-004,4,976.91
841811ed-220a-47a2-808b-2477809b9fb1,6e96353f-b671-4f43-abd1-96348d3639fd,BEV-004,9,408.82
0f4530db-e5d1-4acd-9dbd-c721e21ecd82,c5ed2d19-b94e-4c18-935a-b85b4839b4db,BEV-003,6,638.3
cc9dadf5-d7fd-4b90-937f-4fb6f69ef3a4,c5ed2d19-b94e-4c18-935a-b85b4839b4db,JAF-002,6,127.6
e5772545-da23-456c-a96d-d54c27ae9b9d,2a695bb3-a198-4575-ad8b-a2b102d8823c,BEV-003,7,812.4
00ef7104-ec8d-440a-9872-26724fe79c14,3c8f459e-90eb-4d7b-81fe-b2c13736802d,BEV-003,6,311.66
87da586c-9350-465f-9e10-79ef86175d62,43183c79-e0dc-4eca-b0a0-21ea3e99e449,BEV-003,2,182.0
a92bce9a-e2a7-411d-b1ad-23ba9f330df2,ce9a589d-9e80-4cdf-9bc9-89034936db40,BEV-005,10,861.23
5c87b0f5-e5da-4ccb-aba1-d28a7c64d169,1e84780d-2293-4a0b-9dc7-1d35340751af,BEV-003,2,556.64
69f4837c-97ef-4cea-848e-3f1d8a0a405e,0faa68eb-5e12-486b-9318-cbac6dee5171,BEV-003,10,344.0
5a9ec43a-7fd7-4367-99fe-79c53f746f32,d6b287f6-5158-4356-805a-59d057b9b09e,BEV-004,5,755.49
08e3fcfb-0c11-4784-85e4-e8f0aedf5a61,d6b287f6-5158-4356-805a-59d057b9b09e,JAF-005,10,467.81
b65f527a-aebe-4ffd-b4af-5823274ac010,246859e2-d3f0-4377-b21d-dd6448c85700,BEV-003,2,321.47
0a1dce39-62ec-4074-851a-0454e4cb6b6f,f33cd80a-0715-45b6-be40-ff5ce442e6bf,BEV-005,9,193.17
9ef24e68-7160-434a-8980-c584afebd390,409f6280-5b47-4b8a-88d8-a5351464b6fb,BEV-003,1,676.61
4bf762ea-8525-4747-a235-0eb0258b3671,409f6280-5b47-4b8a-88d8-a5351464b6fb,BEV-002,5,43.62
6ca3208a-c3e1-412e-9eb9-cd05cfe6177e,409f6280-5b47-4b8a-88d8-a5351464b6fb,JAF-005,10,810.25
b44ca108-50f3-4100-80ef-7a82c84a5aeb,00e0bb2d-5cb2-4d28-94e1-ee74b741689e,BEV-003,6,885.24
bf0824cd-f0f3-4925-983c-e34f6776992a,00e0bb2d-5cb2-4d28-94e1-ee74b741689e,JAF-004,4,967.53
046fc894-3e81-452d-8551-426539b01f68,b9ba458a-1e7a-4a16-8214-1f9e1e8ad3c6,BEV-002,7,853.57
4246fb97-6b5d-4208-9b52-756b96074cf9,b9ba458a-1e7a-4a16-8214-1f9e1e8ad3c6,JAF-004,3,460.19
633110eb-7b19-4c76-9364-7746ee7e6b37,4318d090-31e2-4567-a425-71be3c98f44d,BEV-003,5,337.38
cb2d1f94-c043-409c-ab53-3763ecab09fb,4318d090-31e2-4567-a425-71be3c98f44d,JAF-004,3,39.51
cb347d4e-cfa5-47e1-b039-616e5971cfd2,94ef71c7-fc00-41ad-8013-0d27a543a34d,BEV-005,5,176.64
697ceafa-9b29-45a9-b4d4-4ef8f8a5d87a,a7d290e4-f585-4f18-8e02-633404e8b444,BEV-005,1,781.31
9359a425-0f32-4cc9-806d-71b304bdd0cf,e292b1cc-2198-4718-9ebb-a72fb6e7770f,BEV-003,10,198.53
e66f5078-da33-4bbf-9aee-5f1713e56dc3,56901f0c-10f0-4e39-bd45-693dc053a6d9,BEV-005,5,851.72
e796dd70-b592-45ca-8047-0deef8f6627c,a0c06e21-c7b4-496d-9d5f-3f374571314f,BEV-002,10,248.73
d58b15dd-f230-48c0-8a30-0f44dc078b3c,502d9971-ae7f-41a1-a164-a4cef372d453,BEV-003,9,534.85
75a7c144-f6af-4090-af4b-b1ba99e73ea9,502d9971-ae7f-41a1-a164-a4cef372d453,JAF-002,9,666.09
c77c77ad-a057-4386-a287-6bf321ab3307,07124c3e-92e5-4bf1-a624-9bec361c3ade,BEV-002,2,396.34
e6dfd935-6be0-4e9c-9654-6809cec9c2da,9f76204e-41ee-4189-af21-af8f3c787e21,BEV-004,1,176.93
d0753c21-a763-4433-a32b-552f9f1f48a7,91d1865a-8d82-4d05-8fb0-f10505891a0c,BEV-001,8,907.24
c51fd6a7-a19c-4def-99e2-a7d1307f449a,3b605c70-eabc-4b7f-948e-a8ff787c8cda,BEV-002,4,364.79
7d470f30-ab8d-4cf6-a179-4077dac562fb,dbe4d216-cf6b-4f38-a892-1ac426321f82,BEV-004,7,700.07
b9f6027c-6296-4c83-a41d-4f85fcbcced1,95aff243-8265-4155-96fc-9ce9c060770e,BEV-004,10,131.67
ea509395-b76b-4c12-b57f-68de368da2a3,0add73b1-7f5f-467e-b1e8-5292dd9f5117,BEV-002,5,630.4
0b094097-daa6-4be4-a000-0aaf02c76519,1dabcf6b-c691-4f05-9b63-fe1d03108c5a,BEV-003,8,192.53
65d814b2-70e6-481e-98ff-94d8295a7a70,36fbde20-2708-48c6-b0d4-b1ac3f17d556,BEV-002,2,949.05
a996402c-eb72-4db4-a374-904366c48346,6be09b2b-3e00-417e-9b4d-9658a190f59e,BEV-003,4,432.61
5db52739-0533-40bc-9e0c-95a868de0e08,fce1cb61-b210-4b52-8115-8a6912075252,BEV-003,9,719.45
cf67864d-7616-42dd-8b2a-e95242e5f2d8,4a8c86b8-f860-42e4-86a3-de29a5e7c0a4,BEV-005,5,414.54
eb0d4852-345e-4c6f-a150-b7ca537e7e52,5eaabd6d-e178-4907-b7ca-cd0dbbb69eae,BEV-002,5,832.88
2ed2e850-789e-4e79-89a2-c3f7c6ba2e57,1fe23bed-c09d-4a33-9ffe-8ddf63665092,BEV-002,2,66.41
87457265-7450-4033-bd6f-1060ede4b63c,fcc1474b-dc3f-490a-bec1-94aa609ad5d7,BEV-002,5,733.88
3edbcf3b-d629-42d5-8a22-c9f733b68b78,fcc1474b-dc3f-490a-bec1-94aa609ad5d7,BEV-001,9,748.05
90ac993a-889b-46b7-9dd5-9ad108c61e16,ebae6f51-f974-4796-87c9-ecd5e1859142,BEV-005,9,603.16
9e52e602-52e4-4ada-bda5-18feaf546d09,cc367892-d1f0-4cc9-b5a8-47d02139ea59,BEV-001,5,579.8
732d6854-3354-435f-93e0-c9af5365a5aa,99b4904d-2c36-449c-a4cd-4bc6f3231fc0,BEV-001,5,794.88
29b70c71-9bc3-42b8-a397-701c5f1f1802,c023c9af-962f-4922-ae70-d2c448a14b69,BEV-004,4,767.39
123f40e6-f1d6-4b63-a773-b70a16082cca,c023c9af-962f-4922-ae70-d2c448a14b69,BEV-003,2,725.9
f38b4f07-2212-47cb-9e51-c1172efccc0f,4894c322-0430-4454-8815-07208ade25f1,BEV-003,4,632.66
16913ce9-210a-4920-b6af-9889d5febe9e,da0dd0fd-c795-4ddb-b551-314f3ef025c5,BEV-001,4,382.64
7ca2580b-faf4-4f03-9d87-617e46b828bf,e3483b99-93cc-4050-bc14-7644749c9201,BEV-005,1,607.8
e567f45e-56f5-457f-814a-8633ed874198,ef5a5c45-529a-4008-a2ec-d81c9f9e5206,BEV-005,4,329.84
0ba3123a-3de8-4334-a807-f3c28b2be073,4393acef-30fc-43ba-8b37-ab5eac7c1d6c,BEV-001,9,103.97
302137cb-e675-40ff-9400-3973373a16e1,3564e077-4388-4190-9ca4-0b1f88a751d3,BEV-002,3,713.36
47ed78bd-c8a6-41c5-94d7-4ba10bc58c6f,6ce4acaa-22e6-43de-9b09-5814e03c8c55,BEV-003,4,14.6
6de34924-15c2-4eb4-aff2-5a0b9a9a601f,514df613-ea82-4cf7-9c7b-3fba09e131a7,BEV-001,8,623.78
ed96ee47-dc4c-4c91-9d93-e4924adf1b72,514df613-ea82-4cf7-9c7b-3fba09e131a7,JAF-003,1,602.23
681436b6-63b1-40cd-9c16-6fc23332f73a,2ba1ea9d-d991-43a3-8a21-160f8171ce2b,BEV-002,7,108.72
f4404c50-a84a-4090-839b-36ccf6bd433b,2ba1ea9d-d991-43a3-8a21-160f8171ce2b,BEV-005,5,723.92
a8c99cfe-a96e-4435-b156-5f3b5da6b988,2ba1ea9d-d991-43a3-8a21-160f8171ce2b,JAF-001,8,110.75
3bf0aee7-5857-4836-9f27-1084c6376fa9,3eee0160-f6a1-4dcd-992e-f088d6fd5cf3,BEV-005,3,77.76
44167499-fe8f-4985-909b-c56f8c487fe7,f8158034-1a80-4bdd-ad4c-9f45b1f75df3,BEV-001,4,951.03
3391e63d-d027-410e-97ce-f34d2279a8f3,f8158034-1a80-4bdd-ad4c-9f45b1f75df3,JAF-005,9,773.87
91e8dee7-1dfc-4f5d-8843-7fe8dc6e054d,f8158034-1a80-4bdd-ad4c-9f45b1f75df3,JAF-002,6,898.58
d3635bf3-d18d-4d44-bf49-2a11adbc777a,7405e622-45e9-4458-8b62-596014a348a9,BEV-001,8,528.38
30ec3202-861e-42cf-b4c5-c05a0da1aa3b,c64e217a-d75d-4802-a48b-af6fd4fe00e5,BEV-002,3,223.79
80d1cf0b-1413-4a36-9357-989556741097,f8171a3d-8a7d-4b17-934d-0c0820a59433,BEV-001,1,548.33
03499e74-4174-4472-a9f5-0bca8cb5e20d,dea4d868-77ef-4576-9274-2ff329625ba1,BEV-005,7,127.62
70192e89-1ebe-4f4a-ab01-b48faf26cb33,e02be8d3-ce59-414a-8f73-8ef456fa0f33,BEV-005,4,505.38
27d2f20f-03bf-4bb6-9d63-40d33e35b2bc,e02be8d3-ce59-414a-8f73-8ef456fa0f33,JAF-005,7,588.46
3663b20c-6210-4968-bddd-8188d981709a,498be312-6c0a-4f89-bf91-08e5dfcbdefb,BEV-005,6,637.62
118cd0f8-aa8e-4b07-bf09-f84b47d84217,498be312-6c0a-4f89-bf91-08e5dfcbdefb,BEV-002,5,94.48
41085c43-6338-435c-a8ed-2e273394037b,498be312-6c0a-4f89-bf91-08e5dfcbdefb,JAF-005,3,417.46
f53c61ab-ff1b-4b51-8e9d-dc28583c8d05,bd3454df-524f-4bc4-bf47-dad5f5d04d5c,BEV-005,2,561.7
f216232e-0a92-4026-8dad-e4bdc6d6046e,bd3454df-524f-4bc4-bf47-dad5f5d04d5c,JAF-004,4,844.97
8e177c0b-8280-4fac-bd7b-be0e0e357f26,ce190a52-3ab6-41a4-8612-a7a1dc26c8dc,BEV-002,6,402.46
1bc5a705-bdcc-4985-866b-8d0ad803d0a8,c49fd55c-a4b1-4df0-8ee1-a58273d7dea7,BEV-005,6,578.2
f4e3a5b7-c80f-4978-b43a-b9fd2e3fed70,c49fd55c-a4b1-4df0-8ee1-a58273d7dea7,JAF-004,4,808.02
d1994c61-f0f6-45c5-a312-08da6cd591a6,3fcd46d5-fff6-4db9-8dc3-05352f0411f3,BEV-004,5,478.33
9e2adbd7-2f55-40ef-9a22-1c441607ea0c,a0198622-1ef4-4212-99a5-fb724e248c98,BEV-004,5,191.64
25f584a4-8623-420a-a701-1c185d22994a,b3e204dc-491c-4096-b828-ba0a46048070,BEV-004,10,925.0
d151a15c-7c2d-48da-aeae-8e26e1d4f53c,4b948f4a-9200-40ff-88fb-33f6ecf93325,BEV-003,3,721.27
64bd7a96-b238-45dd-8c2f-c0b3cbc41180,5124591b-d4f5-4762-b880-e44ecf466441,BEV-003,10,161.87
c5014d1f-042b-41c1-915e-5961414e448f,8ca99314-f299-4f96-a078-4a558571e7cd,BEV-003,2,241.67
850a7a72-798d-48d3-a91a-9826c9a33e14,205cb066-eaaf-417d-93a7-31616dca125b,BEV-005,6,285.0
e936f22c-46ac-4979-957a-71a2d04257dd,366e1cbe-fcbc-44b4-959e-f069f0f8baab,BEV-001,1,276.96
62021184-2046-474b-9a80-aae82c352b66,366e1cbe-fcbc-44b4-959e-f069f0f8baab,JAF-002,1,126.18
8c61b431-09a5-4fa3-8a3d-0842adedbce6,f270857a-a96d-4f82-a20e-6dd5e62edd34,BEV-005,8,170.2
49351ae9-891a-4029-a2ac-28af150902b9,e0c643d7-e94d-4d10-b883-c5eff9469228,BEV-002,8,889.15
7c5c79f1-2d80-476c-8322-bab83bce0ac9,22794d6e-6fcd-45d9-8f0b-3dcbe69de077,BEV-004,5,518.98
94188f37-b766-4c5b-be4d-758a796d3557,e8fc6b3e-cf96-442c-aa0c-219e382a9db4,BEV-005,8,332.41
bc6ce247-d75e-450e-9119-e94e7be27cfb,23dd2098-0ab4-49e7-a50a-983ae16fd367,BEV-004,7,707.89
b55bd1f0-d005-4416-91a6-ae5e845e91f4,54508a5a-86c0-48f0-b76c-2a5e0ee91d59,BEV-004,2,560.66
7a819eac-1391-45ab-8b21-f9092466a349,5602a1c3-cf7f-4be3-b915-9df3eb9197ed,BEV-003,8,117.75
739ee9df-ef32-4d0f-9e48-a66b7729047c,1caabfb7-787e-4bf4-bece-53f5c3f515a1,BEV-003,4,576.71
0ccb7114-76e2-4b2f-bf83-a502a1bf99d8,53f014df-599a-482c-82ee-24e1d0cb68d6,BEV-004,1,153.21
770d5ce3-a388-4749-8e31-ff8c0e9580bd,42349f56-2c08-4a41-83fa-99922536233d,BEV-003,9,313.55
2e42b548-8123-4665-ba85-19fb44ef0548,0cdff511-189e-40e5-b248-45e1570e548e,BEV-004,2,79.97
d182769f-74ef-41a9-ac6a-9e78f0dd2d1c,0cdff511-189e-40e5-b248-45e1570e548e,BEV-005,3,238.53
8c1f7ca9-3aec-4d4e-b0cb-3ce07728357a,5aac5887-6f10-48f8-8646-11c624ccf3f5,BEV-001,10,371.18
19f81f38-b572-403d-be37-9fdbcff41f6f,5aac5887-6f10-48f8-8646-11c624ccf3f5,BEV-004,10,62.09
1968b611-7c71-4d2d-870a-107e60f071b2,1bd78f8e-b908-4401-89a8-29e76810786d,BEV-004,5,492.78
587a718a-87dc-4808-b5ba-9b18b3ebf168,bc124bc3-0117-4e5b-9a7a-dcec76a84a8c,BEV-002,1,536.02
aeb49cd6-7dab-4286-b3d4-83966624080a,9ad3b5e6-5f63-4e8e-94b8-b3ececc28812,BEV-003,4,703.4
3211ca8e-1a5a-4ecf-a8c3-90595114c7aa,9ad3b5e6-5f63-4e8e-94b8-b3ececc28812,JAF-005,5,364.23
199c51d1-3a72-4c63-9ce5-4cdffa40c08e,0959a170-6b32-45d9-bb8c-fdd7e300873f,BEV-001,9,723.63
90ad9caf-798f-4d00-8b8e-51f93993eae8,0959a170-6b32-45d9-bb8c-fdd7e300873f,JAF-005,7,519.46
1e844226-4666-4be0-8a93-1379134d9d53,63932c52-d355-4eef-a618-dfff01ef71b7,BEV-001,5,246.03
cd0fdc6c-2531-49f0-8366-b082db3ff4cc,63932c52-d355-4eef-a618-dfff01ef71b7,BEV-005,6,870.82
898ab783-3759-4ace-ade2-f78b477e7a65,285d4c73-af4c-4e28-b027-4eea6750c181,BEV-004,4,435.32
60213231-ce85-4e5d-881d-f4eca4629ac3,55f01a23-432d-4c8d-a589-99e5ccd9a6bc,BEV-002,8,168.55
5f3d79f8-7c78-4eb7-b514-17de7fa61f3b,e52f4299-60db-4424-9c7b-763d25b52970,BEV-002,1,167.63
0ad8ca7d-6980-46f1-b2d3-1c46719b88e7,e52f4299-60db-4424-9c7b-763d25b52970,BEV-001,9,201.87
73b48a35-65a9-436d-b02b-5d5882e98d24,544ecb01-a227-471e-9306-0e34d9ccf882,BEV-001,8,171.57
35cabdfe-f6bf-4cec-b987-df97d416eecc,7aaec49d-13b4-45bc-ad98-48989ddb1ff8,BEV-003,1,235.02
8c676098-ea18-45b2-821c-2182d1608bd8,7aaec49d-13b4-45bc-ad98-48989ddb1ff8,BEV-005,5,95.19
33baa1db-7791-4ea3-8931-509622a99f71,7aaec49d-13b4-45bc-ad98-48989ddb1ff8,JAF-001,6,687.51
9b43d164-ea07-405b-aced-cd0706d9b44a,f137afb9-7448-4eb8-bae5-f75c7be9c18e,BEV-003,1,107.87
3d2b6a10-30bb-4af4-a164-a5a883605b80,eb5df1e5-675d-439b-8eb9-8f35caead0d3,BEV-002,10,394.94
11765836-d7a3-4011-9b65-2d75fbe2c5e5,eb5df1e5-675d-439b-8eb9-8f35caead0d3,JAF-004,4,542.71
77b1a41c-24cb-4ccd-a169-4e73fb435164,4cb382ca-952b-464e-8c09-fe648e1bfacc,BEV-005,3,307.99
14f64f4c-0bce-4826-8dec-5dc5db4f732f,f91e8d92-1aa1-4ee7-ac0c-4166f4a7b05e,BEV-002,7,567.77
8e058f02-05e4-4f69-93aa-15b6e70c6c78,f91e8d92-1aa1-4ee7-ac0c-4166f4a7b05e,JAF-003,7,378.05
969b6945-b69a-43fa-8e41-580c99eb0cde,f134d537-f754-49c2-a3d9-03255f0bf81a,BEV-001,9,836.36
f4cb5cbd-6351-4467-9f30-cbcf11fb0d23,64e31373-43e6-4ea7-bd70-8612ca131628,BEV-001,8,110.21
4bbf36b5-8174-498a-9c7b-f7546c4dd8a6,668f1875-01c6-4e1a-9479-33fc6bdbe795,BEV-004,6,973.67
a1240bc9-8ed2-4af5-bb95-099b98661dce,668f1875-01c6-4e1a-9479-33fc6bdbe795,BEV-001,8,239.65
2d848691-e1dc-4da1-93ed-e5405790e62c,6d12e3f4-af37-48fb-a5e0-21a70394bbe2,BEV-001,8,618.05
3cd92179-b89e-4d53-b2e0-ebbf628af324,390e9ff6-f8c5-476f-a622-f5a438d0ff83,BEV-004,7,518.98
d48f672b-d56f-43a7-9d33-16b9f4130873,8fbddded-49bf-4aac-90c1-e2b6a45d635a,BEV-002,5,663.47
af79a6e5-cddc-4803-8ef9-27976336c37b,8fbddded-49bf-4aac-90c1-e2b6a45d635a,BEV-003,3,896.92
984d6fec-f235-4ec4-b68b-b1ae5f7f7277,002e671c-99b7-476a-9afb-ecd125686796,BEV-002,5,973.38
0a368dd3-f0d1-44eb-aa78-a56e7bfabda5,002e671c-99b7-476a-9afb-ecd125686796,JAF-004,7,534.65
bb17032e-0cae-476b-88c9-a80808ddc3d4,90a8f307-2bbd-4a77-9710-1ac82c812730,BEV-004,6,942.04
865ba106-1bd4-43c7-9210-54f59acf9706,5e356d7a-71d1-4454-9ab6-f554c04c313c,BEV-002,3,523.32
4e11ccac-d20b-4315-a4ae-95312a38e59b,5e356d7a-71d1-4454-9ab6-f554c04c313c,JAF-005,2,898.82
3c25949c-a19d-4334-9723-2ebd58c2b1db,db99e212-7d80-45b5-9b74-3db8c687d83c,BEV-005,1,83.25
fdecfb86-07c7-4053-a5dc-ea1b9d10269b,db99e212-7d80-45b5-9b74-3db8c687d83c,BEV-002,7,146.23
77b02b90-e088-4b49-8f10-f7db5a6b384d,db99e212-7d80-45b5-9b74-3db8c687d83c,JAF-001,7,810.88
0abda261-39b7-443a-a7c2-a7f6bf4629b9,5bdbc481-0ede-4554-b0fb-a99e2ec99eb3,BEV-003,3,301.78
4c0d8dc7-aa9f-4698-8159-f97b89d97cdf,5bdbc481-0ede-4554-b0fb-a99e2ec99eb3,BEV-004,10,642.74
c9b57e00-8ba8-4361-8719-15c6ff63cae8,2c73d9dc-573c-4710-b248-4d1bc2af1b9d,BEV-001,8,468.24
45d8e695-850e-4a62-99c2-93295bd053ae,2c73d9dc-573c-4710-b248-4d1bc2af1b9d,BEV-003,8,78.51
688cddd2-d2fc-4dcc-8ffa-bc6882fcc745,748a25f3-73e1-46f1-a5bd-60729687ed0d,BEV-005,1,313.52
287eaa26-d5c2-479f-9fb9-1314d4de49e3,32befe81-086c-4e20-a8c3-ed848ed2eaf0,BEV-001,8,247.99
ed962bfc-27c1-4d05-9237-c62d562b7e60,61d0be34-aeea-46fa-8af1-a87268e6c1c3,BEV-005,9,506.23
52858065-4db7-4212-95f0-d9b1394b3b4a,7d8f1768-7b04-41dc-8bfa-39b851448ee7,BEV-001,6,697.84
a5fdfb9a-62ba-417c-9a6d-dc4e3d5e8e4f,aaa8a7cb-1d82-4ddb-bc59-94b3caa67f1d,BEV-004,4,234.82
f13e3997-7a96-4dcb-a72a-4ad2aa171d2b,8987e90a-a408-46a4-afac-761324ab2c3a,BEV-003,8,71.53
df443a27-9a30-4bff-bafe-73e6abc506d4,96bd9ee5-5f6d-4c27-9806-c3027b04f1d9,BEV-001,2,546.38
31ad0baf-dcfe-4c34-b6ee-5bfd0170ae26,22a404ae-4bfa-4a73-96ae-6ee7ad8d763b,BEV-002,2,817.19
743d54ea-5e2c-482b-a5d3-e59235b1e62b,b000c45a-6074-4c9e-beb0-bb624a83fc6f,BEV-001,4,307.09
7817d7cf-8c28-4d9f-865d-16e6b065984c,defc6735-6b03-4e6e-9ef3-8f208286ab7f,BEV-005,9,702.71
6c8b05a2-c726-4950-9d88-64eacae5ae02,defc6735-6b03-4e6e-9ef3-8f208286ab7f,JAF-001,2,67.78
93c50a1c-5fa9-415a-aee0-03a4ac2e1386,47e240a4-2553-4832-b4ed-0a26164d83db,BEV-001,9,62.05
f73514e7-9d75-4b35-8fc4-5bf1be15406c,6f170337-f688-40a2-8a83-8687f2ad8280,BEV-003,5,531.11
80fc26a2-9dab-4793-a6ab-4981408703ab,f61a6fb9-10c2-4f16-ac58-8c9a9b516dfb,BEV-001,3,333.88
36e29e13-bb52-4969-a72a-0732e24b5bd2,00ff71d9-767c-460e-acfd-ea4f513b796c,BEV-005,4,832.03
cb47457a-ff2c-47c1-82fb-f4a9627e7b6d,7fc0a034-73cd-4557-83ef-289120b2e71b,BEV-001,10,435.2
98e876a1-3c93-43de-baf6-74466649cf92,a6fb3a41-35fd-4e4d-8b16-156459f64313,BEV-004,2,601.78
77060c77-2add-4d94-9635-b087fde878b6,81e5c236-0c27-42a6-92b1-15428496eebd,BEV-001,9,742.27
55dd31dd-7e2d-47b8-98a9-f470e7321f37,759bbd44-c246-4b9a-a51f-4bd414ea352b,BEV-005,10,387.67
b077bcfe-90c8-4cde-af6c-ab45cdf97749,759bbd44-c246-4b9a-a51f-4bd414ea352b,JAF-001,9,943.51
6797d23b-7858-429f-b0b3-2b18ec7d4f3b,9a60a653-ddd0-4e89-952b-e234b70361d6,BEV-002,3,202.48
98aa146f-57b5-4c0f-b926-7b473fd9b056,e35364e8-a3c0-4b4c-8877-f285ef466f2a,BEV-005,5,424.36
cc787554-14ac-443e-a2a8-993b82e2304e,e35364e8-a3c0-4b4c-8877-f285ef466f2a,BEV-002,6,603.19
1e70c30a-12fd-4a23-a875-d12e9f208a87,845357a1-f6c1-4b1b-a593-d12a2e8dba81,BEV-001,1,74.19
b59b8db9-6d54-40cc-be07-d4b3be141bf4,f1d2570a-4cfe-4551-884f-ce91beb9c0ae,BEV-005,6,750.17
795a093c-2e05-42a7-bba9-73c6ae329855,f1d2570a-4cfe-4551-884f-ce91beb9c0ae,JAF-003,10,457.69
9a051d4f-7a84-4b47-9813-df6bcb15e380,79b46ab4-3818-40b5-a926-1253f7a04cb7,BEV-002,5,233.31
28e4b0a9-54c0-49a7-a39d-88f669adc3a1,79b46ab4-3818-40b5-a926-1253f7a04cb7,JAF-001,3,568.55
13ca23a7-95fb-4843-a16c-7e8ce18f297c,1ab7cd0d-3cb3-40f6-8004-6a7dd94e6419,BEV-003,4,34.77
31d821e0-7c54-4f11-976e-25e59b061bc4,a12883a0-eb67-484b-af00-656b87e9acd5,BEV-002,10,602.86
bf29a3f5-3220-46a5-82b3-98d7a8c3bd4d,ed06c5b1-65f9-4f58-8ec8-9454404d0f8c,BEV-005,5,855.28
9d6132ba-0d68-4c04-9982-84d38b71d57a,8d46ec15-253c-4822-9fcb-5c8115f4bf84,BEV-002,2,513.84
78ca4a4d-2a4d-4333-8469-3d4d9b82bcf1,c1a592ef-0fa2-483d-b7b8-26875b83b28d,BEV-004,10,335.73
a73e99e7-b8ef-400a-9175-8633cbb845a7,c70cdee0-b7e4-4a6a-bf1c-8fb49584173d,BEV-003,1,132.25
8a37dbc2-45c9-4493-8efe-a74f701aab9c,c70cdee0-b7e4-4a6a-bf1c-8fb49584173d,BEV-003,1,791.12
e75eea6b-53c7-4089-ade6-698ed7101867,c70cdee0-b7e4-4a6a-bf1c-8fb49584173d,JAF-005,10,899.32
6e7cf8bb-a69c-4780-8cb1-af99832d3f7c,9265764d-ac9c-411a-ab10-e3c31087195e,BEV-003,1,841.95
1cb22982-714c-4e3b-ab0a-3e4c1e84fef4,4b8b8b5e-b078-4dc3-b6a8-64e120466860,BEV-001,2,185.84
80cb0eba-22b8-44e7-8295-82e1eb1849f1,7c238b0c-8ee9-4801-957a-41b4889dbb44,BEV-003,9,656.7
4d366d87-93d0-45c7-91c7-428ddcb84e9b,7c238b0c-8ee9-4801-957a-41b4889dbb44,BEV-001,10,425.25
b8c3db09-815d-4090-8365-30cbb208e3b6,193a65c3-61b1-4b98-9994-8e2bd8583f2a,BEV-003,4,335.13
b66c86fb-a0fe-4c55-ad4d-f3d1c831b08f,17f00f00-baf6-4d60-a21e-1fcd47845d1e,BEV-004,7,574.56
56054932-e701-4d50-9f49-3294c2bde9f3,73ce4cca-91dc-48c1-bdbc-0bd2741bd457,JAF-004,7,208.27
8191a18a-010d-4586-b487-be500ff91485,6eb98ae7-77fb-454a-b9c0-3e05fff8adcc,BEV-005,8,963.64
75812d76-9668-4aaa-bccc-fe75f0d6837f,c609540f-b370-4319-a434-1b86c1e3d704,BEV-002,6,70.54
2fb9e091-4537-48e2-99b0-2d904922ba03,acebbac8-a0b0-4207-9e10-ec6d89f1b1e5,BEV-002,6,295.06
7064bfdf-046f-47eb-8dc0-476b1c012f9f,f387ab1d-7cb7-422e-80f8-8c333d3513d4,BEV-002,2,316.36
12062a84-cccd-4ea2-a040-afa0e74e7078,f387ab1d-7cb7-422e-80f8-8c333d3513d4,BEV-002,2,340.0
4e8efb3d-07a5-452b-a2b4-5527f6751ffe,3dcc8f86-5969-45b7-884b-ac958e938340,BEV-003,5,867.7
16dc2156-dc44-4b04-aeab-4b5fd86e86ba,3dcc8f86-5969-45b7-884b-ac958e938340,BEV-005,9,747.74
a78f0148-172d-4e22-a88a-b5f07ebcc68b,3dcc8f86-5969-45b7-884b-ac958e938340,JAF-001,4,956.23
c4d4d838-e61a-4bbd-bcec-1d1082bdfd31,3dcc8f86-5969-45b7-884b-ac958e938340,JAF-001,4,332.21
e77f2db8-d442-40a6-9939-abf4bcab1695,3dcc8f86-5969-45b7-884b-ac958e938340,JAF-001,5,417.09
daedf9fd-0a6f-42bc-b4b4-2e65029e7b59,c5ef56dd-945f-486b-bd76-a9fc63d7d135,BEV-003,10,706.72
7b449567-85ef-474b-bb1a-ff9597ea51aa,c5ef56dd-945f-486b-bd76-a9fc63d7d135,BEV-003,3,881.09
5e03c7d5-b323-4239-b088-ff06a41316d7,c5ef56dd-945f-486b-bd76-a9fc63d7d135,JAF-001,10,99.03
