ID,ORDER_ID,SKU,QUANTITY,PRICE
6eb5b9cd-f5fd-4afc-85f3-4f607e4d432c,46d971cc-fecd-4bba-a143-81d9e2380cd3,BEV-003,9,145.9
938b6324-5117-4436-8765-8bd1bf4cd27f,0b5c4c5b-28de-459c-a187-8701d3944865,BEV-003,4,208.59
568e36ad-e6cc-42c1-80ba-259a58fa6dc3,d083bdfb-aec9-4d92-966f-96159114de8a,BEV-002,5,363.39
26df3717-59bf-45bc-969f-620e7ae94dfd,d083bdfb-aec9-4d92-966f-96159114de8a,JAF-004,8,90.23
eba6c6cb-d224-479b-a065-d7580ccabff3,bc5a4a2d-de6f-4003-827f-8b77ff44c5e8,BEV-005,2,288.31
763e8ba6-6672-42f1-81a5-d58899ec8576,bc5a4a2d-de6f-4003-827f-8b77ff44c5e8,BEV-005,3,903.28
35e46626-52eb-4548-9b73-68217e76863c,bc5a4a2d-de6f-4003-827f-8b77ff44c5e8,JAF-005,6,37.08
69ba980b-1a50-44ca-b5a2-6d0b505ab4ab,4ac6a2ce-e395-4946-977e-99db9c6161a3,BEV-005,9,405.32
196cf42b-f05b-4c17-9895-e79cf9c8d6fa,58d4ffa4-e93f-4d7a-8c26-a2a1aecc818c,BEV-002,8,655.77
c5e28dd6-040f-44ca-9fc6-576a483a0803,0df18177-9182-4f35-8648-2477ba9cb63d,BEV-003,10,856.73
66cbcc5b-c5a1-498e-ae1e-0d2dfd491d61,0df18177-9182-4f35-8648-2477ba9cb63d,JAF-002,4,232.13
6d6e99dd-5b3c-4124-ab9c-a0468cdb001e,e42ade05-d302-4571-b146-dd6950e31de6,BEV-003,3,766.42
36a60dcc-9b72-4a75-be09-4b6caacf2677,e42ade05-d302-4571-b146-dd6950e31de6,BEV-003,6,314.01
2531b53c-5a00-4394-b8ab-4f32de581d41,e42ade05-d302-4571-b146-dd6950e31de6,JAF-002,3,286.17
8767a04a-4f49-4a8f-b62a-4b4f41bf84bd,0f389af5-568e-4772-97e4-b7c1b94a205f,BEV-003,10,551.3
be6eb933-0c21-4782-b78b-ab60fef61956,f38d0464-4711-4043-880c-ed17b8d2ba10,BEV-004,3,182.07
26a3d83c-6749-4368-8adf-779f6699e4df,ef5c41c3-655c-4ebe-956d-1f0575c2023b,BEV-001,8,830.24
0c78f93b-a79c-4957-a6be-6a4a9c339dea,3b36008a-9b14-403c-83e6-7fd664bf03fc,BEV-002,4,664.71
4e9de023-1871-401b-ab77-7d46141095fe,3b36008a-9b14-403c-83e6-7fd664bf03fc,BEV-005,4,129.92
14329209-7698-4fcc-aa63-6b3bf73649cb,1d6c331e-8b5c-4927-a235-072a2b5a5a0b,BEV-001,1,588.47
5555f45b-4a3d-4c88-acb7-a0f7025554cc,0e3cb988-dc3a-4edd-82b5-8d073028cfca,BEV-002,2,582.15
42758832-07f1-4bad-936a-db0e82b673b7,0e3cb988-dc3a-4edd-82b5-8d073028cfca,BEV-002,5,368.73
bb889748-0573-4cb3-ae71-bf53b7eb0767,44a3caf4-d513-476c-ab67-83b17d082cd6,BEV-004,5,893.65
c53801a2-788f-414d-8167-69bf0daccf36,818383b6-d1ff-4aa8-b102-6173548d0150,BEV-001,1,573.38
e62d1658-6449-418e-a09b-e8a6e56f41c2,d5db69b4-5e70-4986-a9b2-a3c7d89db645,BEV-003,1,516.28
3ccc911e-7159-4ec2-9aff-205ce2a8023e,201a9fc7-66e1-4291-90bb-752c4a1da56e,BEV-001,8,537.85
f7853845-a2dc-4454-8177-6b70c3258e14,8e26f6ce-603b-4037-a611-f19e8510c562,BEV-001,8,148.17
4e29fce3-1630-4477-aa8d-dc0ff8eaca8a,7303f587-20bf-4b41-88ed-529d4a681466,BEV-005,10,834.48
70adf297-0782-4efd-9809-3d0ed9207256,73821e87-3240-4773-9dd6-77be0a62439e,BEV-001,1,986.35
be54dfc0-e1ce-4058-a110-aa9d4fb26bf7,73821e87-3240-4773-9dd6-77be0a62439e,BEV-005,7,689.45
8cf46b79-ac15-42cb-84cf-871e7fffe35a,36386f17-743f-4cbb-b7b1-5e36e0b47dec,BEV-003,2,661.7
ea4f32e5-fa32-45f6-883b-b762a6ba46e3,d78c095c-41e0-4109-8edd-ac89a9d37ee3,BEV-001,9,951.44
68c0cc18-2603-4d72-83e3-5b300353c4c5,c4ce36cb-01e2-42be-8dff-151a4a39d73b,BEV-002,4,526.3
2ea41478-8a28-430b-a348-5ec05745be1b,534d2ef0-d006-4e9f-9d65-55b3be1f5977,BEV-004,9,491.28
bfa01fb3-d4e7-4c25-8e22-24fc8f617106,61316d14-5bfb-4371-ab43-ceb095aa53e3,BEV-004,10,150.14
7341a205-ac46-47b6-ac15-31ef3b36242c,adf65d0e-6256-44c3-a55e-b09bf403016a,BEV-005,3,774.38
088d8920-aa04-40b8-8c87-bbca861069fe,adf65d0e-6256-44c3-a55e-b09bf403016a,BEV-003,6,92.26
363b432b-d3db-48ff-ad31-2bea03c095a0,6b6eed06-b09b-415f-868f-df78799e46c4,BEV-001,6,67.09
4d10bf1f-3638-44ac-a155-7341736b4e64,fb074663-a4e0-4042-ac0e-e829ab5198b3,BEV-002,8,767.46
a9c16f53-5c11-49b4-b330-9b424aa82b8e,aa7e9ac5-ba20-4b9d-983f-10205960b774,BEV-002,10,33.84
9682c264-b4ae-4a5e-b2c9-75a35a80e494,9dfa0e05-70fb-474d-8365-de5bf543582d,BEV-003,8,155.31
b27b062a-a82e-4f3e-9870-06d1075d17c3,d156324a-b5d4-4a59-a352-11dfa9b89e5b,BEV-004,6,171.86
4113560d-c373-478c-8460-b29698f04391,d156324a-b5d4-4a59-a352-11dfa9b89e5b,BEV-003,9,106.34
b1c8a20f-163a-4713-98cc-b4b7844cbbcf,7dbed1db-7c8a-4bdc-ba43-c5a399d14e60,BEV-005,6,204.09
dcced822-a2a9-49ab-865c-cfc1a2e6ea50,876ba328-faa9-4aa4-a723-307c0edf8ca9,BEV-002,2,930.95
8edcac32-adb3-477a-b16c-4c9831012dc8,876ba328-faa9-4aa4-a723-307c0edf8ca9,BEV-003,1,723.27
9d7b0c0b-0adf-4597-b9b6-54bdc2514b11,63dfca6b-c12e-451d-aa59-4fcb4c0bc34e,BEV-001,3,589.6
0e615206-11fc-46dd-a1e3-560ddbe2b417,fb919279-b706-4848-a87a-37105feffb3d,BEV-004,7,508.99
126f472e-1677-4bf5-8d02-4db25010e89b,79eceb85-aab3-458b-8bcd-dfe9655b03d6,BEV-005,7,498.96
39dd8b9e-9b10-4c7e-bc10-62ebb65a19e6,00f36d57-06ab-4833-94b0-905be35bae4b,BEV-002,6,571.91
3f62ddc2-1fa4-49c6-bfcc-b0a9f7edf4f8,daebbdc7-b6e2-4055-bb2c-007a9560ad3e,BEV-005,10,612.98
2a52b5e3-b2bc-4c3b-9bdc-27bdf72008e2,b5fa3c38-28a7-4f5d-b872-23b640c844bc,BEV-005,7,671.66
0b0d54ef-605a-4382-baea-7c26aaaebeef,9e549c13-03e4-48ed-9854-59e208e27d67,BEV-004,7,642.58
1891a244-7036-4c0d-aa8c-de5444e2f0f0,d63db199-0f12-4155-aad3-13f696802866,BEV-005,3,17.55
e4c25ad0-0055-480d-bab7-5d27cf4373ae,a0b25e50-583d-47e3-ac93-ab03294bc366,BEV-001,2,641.68
ef828b8c-eeb8-41e5-9718-6ac129499b9b,a0b25e50-583d-47e3-ac93-ab03294bc366,JAF-004,2,728.61
f18bf0df-65d5-4122-abf1-1e3d62aa2d4f,3a29c070-93a2-4086-961b-4e9581dd1d38,BEV-002,7,995.13
842a7519-384d-4bf0-9e61-25741da76fda,1c1ed3b7-718a-4515-aba2-5c3ee7b2b779,BEV-002,1,183.08
a669c07f-8fab-4174-af71-470c26a184f0,77b8fced-6b1a-42b0-802b-0c6d6965b1d4,BEV-002,10,974.97
cbc15eab-fe45-45ea-b7c7-3fe877d5c267,383df056-a049-4333-8a02-702e319ef2e2,BEV-005,4,222.78
81f64632-c169-460c-ae10-a4198f85da01,383df056-a049-4333-8a02-702e319ef2e2,JAF-002,2,808.85
3550eff6-249b-4b64-8bc1-ea84f0445949,31d637a4-0908-4603-aa00-c22f062e7b9f,BEV-003,9,35.99
3d4bfebf-33b5-4244-a051-5283aa695e93,54192321-aae9-4b7e-9679-3f9d52207273,BEV-004,6,250.12
76601018-392f-4520-a726-0de1ffb95940,7b929211-d1a4-4e54-a366-ac9a3c3bfc61,BEV-001,4,162.77
5da087a9-dac0-4bb5-8d64-62c5286b4f9e,cd954673-aa60-42dd-8800-f066dd8a10e7,BEV-005,5,484.1
c2e294a0-e4f0-4edc-80e4-1ef6cfa649bc,21ebe97c-c839-4aee-a3c7-399422d90873,BEV-003,6,456.48
0a404cb2-91e9-4913-a6f1-6dd0e37210a4,75b23712-8910-4d89-a550-7df92d60f469,BEV-004,8,984.36
54b88456-c10e-4c30-959b-361c962e04bd,13c55c09-51b5-4b4d-86e0-0722dbe3c2a7,BEV-001,1,968.61
1d3b8aef-3e36-41c0-a827-862b60e682cd,9bc076dc-43de-4122-9a6a-f2e88bdc6100,BEV-002,5,538.77
221402d8-fe52-4bbd-b912-1782e9935b2d,fd4f6f36-dd0e-477d-b262-e0bfb17098d6,BEV-001,4,865.66
cfc09a50-959d-43eb-9131-3966319a5e94,6c1b3af2-aa7a-4e82-a67d-345409ebb5a1,BEV-004,6,292.52
409668b8-a426-44d8-90b3-325271c4c075,8fc896e9-d045-4e31-975c-c51fda36d9ed,BEV-004,4,589.34
cb799bb7-cd9b-4ca0-b324-e58d3fdf7309,5c13d3a7-b92d-40d6-aa60-e9d6f7139956,BEV-002,10,753.25
8b2edd5f-47ab-41d3-8c89-42ced055d638,5c13d3a7-b92d-40d6-aa60-e9d6f7139956,BEV-002,4,496.46
3d9090b3-fd7d-404b-bcf9-d9ca2286c9bc,5c13d3a7-b92d-40d6-aa60-e9d6f7139956,JAF-001,1,808.66
108df693-af39-4b5e-a986-427ff1fc93ea,58efa806-b495-4db9-ab5b-9cb28b0e3b7c,BEV-004,3,278.57
eecb43f3-4ccd-418c-9f6c-e2ac058b07ea,40e29375-89b9-4afa-8969-bce781502b40,BEV-002,7,372.55
a10c4a68-9552-41b2-9923-54e95c8ba62e,40e29375-89b9-4afa-8969-bce781502b40,JAF-001,5,654.56
e9edaf24-2f1e-4216-8964-8a39badefc98,40e29375-89b9-4afa-8969-bce781502b40,JAF-004,5,77.95
bbc32cb1-42c3-4913-98c1-60b095938319,5c0f05de-f679-4534-8d9c-19c93fda079c,BEV-004,5,977.06
8ab36407-3b69-428b-bc44-4ce570871bab,2908a4d5-13d6-4607-85d9-91dc59db12b2,BEV-002,10,417.83
e4d3ac11-ba13-456b-9143-477572f61fa1,09f91d80-1c0b-45af-a5b4-d826919d3a12,BEV-001,9,825.09
fea51004-d3ae-40a3-85ea-8237c5699637,924dc90c-f289-4974-90d4-6d88d096ae8e,BEV-005,8,793.83
fe99330f-0d00-4d68-b677-fa4f5354050b,bc6261f0-e092-4939-a2b5-319d0403c6ee,BEV-004,10,478.01
90c09519-1ed8-4422-9862-cbafd5f2595e,0d9d20b6-1d63-44d0-af91-7e1fe2cdb5a2,BEV-003,4,691.6
40eedfb2-a16c-4af2-8fc5-8f56e6030ca2,0d9d20b6-1d63-44d0-af91-7e1fe2cdb5a2,BEV-003,2,650.59
5814f651-ac6f-4a18-a6a2-85206992e02b,0d9d20b6-1d63-44d0-af91-7e1fe2cdb5a2,JAF-005,9,719.94
ed1c124d-3c5b-46d6-aa83-1fe5cc365664,6fb07aca-3b84-4e78-8724-e10c449750e7,BEV-005,2,296.76
551b32ac-c366-494d-a5bc-a59186b535c8,4efd7493-e902-4f0a-8761-8922932b89e1,BEV-004,2,300.99
83007aaf-486f-4dda-b915-d4a1ac58fc75,f0396cb4-5a01-4c51-9a4b-80b615014068,BEV-004,10,605.03
1466ec07-3866-4cf9-96d8-b765e66c9443,f0396cb4-5a01-4c51-9a4b-80b615014068,BEV-002,9,200.12
8bcc9528-5b0d-4f4b-b0cd-b079626ba9cb,6e0a192e-9796-4be8-a34d-0e7db45dc19e,BEV-003,9,527.68
77cbdd20-2bc5-4df1-952c-08c25f8a8923,6e0a192e-9796-4be8-a34d-0e7db45dc19e,JAF-003,2,514.9
7c441d82-b53c-4ad2-8e28-93db7e6b6b56,c3f6d4c8-8f3c-4f1f-bef3-43875fbb2ef1,BEV-001,10,114.75
5f08eb30-4598-453e-b0a0-d1f4de97d728,92c34326-1997-454f-a6ac-4d5c582be5d4,BEV-004,6,199.61
a7cd34a1-902c-46ed-8559-b321c0ac42b7,5929686f-d7f6-49f3-8ff5-06373c9b7eec,BEV-001,9,598.22
a6b8e2de-eb02-4a6a-bea9-8b296839f8d5,5929686f-d7f6-49f3-8ff5-06373c9b7eec,BEV-002,9,759.57
e9575ee4-ae99-47e1-9a6a-4eae21538804,5929686f-d7f6-49f3-8ff5-06373c9b7eec,JAF-002,1,414.9
989d3dd0-d1de-4a74-af93-d86ff33eb4ca,44522f59-48d6-452d-9fad-ccb60eabef48,BEV-001,6,930.67
f24d292f-f669-4cc6-a539-01a35b852a80,7c7772c8-6294-46bb-84aa-1352add86cfb,BEV-005,7,233.99
a99d8a30-7ca4-49fd-ba41-6d074150565e,0c699de8-0557-4c83-8163-379270bdfc1d,BEV-004,5,227.4
3fe15152-2417-497f-a69a-96299e1a126a,e1e4e2ff-da49-4da9-b663-693776306bfa,BEV-005,3,613.2
9097dbdf-e7d0-464a-9565-46782b643d59,14fdb039-3925-44ab-bccc-4e89b0006b69,BEV-003,1,877.15
c288e816-a70f-4ad2-86ef-2f6e16a46d43,e8d9a169-5d46-49a1-aa05-eb01fe111764,BEV-002,1,219.81
cafc8cae-0f5a-4f82-ad8b-28255118648d,44d85cdd-474a-4a88-ba72-488115344577,BEV-002,4,574.83
57c48e1e-1d3e-431b-b678-3949ec58e4f8,44d85cdd-474a-4a88-ba72-488115344577,BEV-002,4,51.77
6ab6bbd3-f4b4-48ee-b58d-9a6618d7931a,6641e5c1-bc52-46fa-b1d3-d425dcc25cfd,BEV-003,9,810.01
e3981ac3-a69b-43b3-8ed9-ef673a45b275,faf51087-cb49-4fc6-851b-da045e37a379,BEV-005,7,615.47
8d3c9cef-1076-4e98-876e-0b2834bb20eb,903913b5-d598-4b53-8e8b-b974faf68ed5,BEV-005,4,610.47
6da1fdd7-5974-4db2-b99d-5c2d3a240bd3,027ad09a-e241-41ae-947d-2c0096abddb7,BEV-001,5,601.58
85f3c0c9-e8ef-4d43-a08a-af63f635a9f6,1cbc88ff-23ea-438f-ab0c-fa4ed28a5620,BEV-004,7,251.82
9b146ec9-7546-4fe9-9bf7-9a8fbe3c61ce,1cbc88ff-23ea-438f-ab0c-fa4ed28a5620,BEV-005,8,50.51
0701130a-121a-4036-8367-5f44ae0ade0f,a3134739-0c8b-4588-9e61-3c3f8d4ae6fa,BEV-004,7,625.73
599ebd79-c746-41fd-afab-c76c283071a4,a3134739-0c8b-4588-9e61-3c3f8d4ae6fa,BEV-002,6,440.05
d0122fa5-9c83-4e4e-9ecb-3148585ce7a9,a3134739-0c8b-4588-9e61-3c3f8d4ae6fa,JAF-002,5,732.3
607a08a2-2921-426e-84c2-70d703e80982,dd44d3e7-4f73-4126-bfe9-7b227fd4b0cb,BEV-002,1,11.25
2e6c963d-9fcd-43e3-bafa-084fc2847f46,ddaeb487-9fe1-4d1e-8ea6-cf7914e81159,BEV-002,8,244.16
94a410f6-b9f9-4400-83e8-442695e4f994,821832cb-e2db-444d-b761-566ae3a610c3,BEV-005,2,287.36
de94d42d-60c7-4b80-b85d-0b9253931ddc,c981d8e4-3465-4bff-9389-d083aefe053b,BEV-002,1,199.18
8e5b65b7-7686-4bdd-a09d-7554412b53f2,de1ea389-ccce-49a1-8a54-8394ddcf6f6e,BEV-002,8,701.99
cd194d4d-4874-4666-9d3d-db723700cb63,d4c9a675-4740-44ff-babe-eab984257c61,BEV-004,10,142.6
1936553a-c641-4e25-8415-85da2e4007d0,10244b94-5380-43bf-916b-34f19cf7dc62,BEV-001,4,569.3
8629ad1b-7367-43db-90d1-af3c05af5273,7b0dc59d-2339-4a0f-b184-9450790316fb,BEV-002,4,881.84
0a4065b7-fa32-41fb-acc1-054afd745b7b,5842d6a2-802c-4bc4-9b5b-0403f3e13c27,BEV-005,9,283.9
6b235957-6915-4bce-bf79-488b2112c8fc,6c76ada5-fe63-4a66-8925-4f9c9fe8d6ab,BEV-002,5,327.49
cfad596d-c998-44e3-a9d9-4d6cc3a21a7c,2b20cddf-b5ac-4c46-a6f4-a6c3e6bfc9ce,BEV-005,2,800.37
2ce13a84-333a-4cb8-bce7-9702630a16cb,95187566-6efb-475c-b9ac-e246b86bf05f,BEV-001,2,448.57
3e4f55b6-16aa-44c7-9087-472d0ed4b439,1b892b91-d43b-4d9a-a9ef-3fbde34be48a,BEV-002,8,342.34
f656abea-7e7b-42d4-87ad-a01f351ce9ab,d4a8c5e7-749a-4ccc-a1ff-6b4d23246152,BEV-002,2,26.96
908cb611-d622-41da-bfd9-9be6271ed1c6,d4a8c5e7-749a-4ccc-a1ff-6b4d23246152,BEV-002,7,939.12
f0caa582-c068-4cbc-9503-20a6a7595c7f,d4a8c5e7-749a-4ccc-a1ff-6b4d23246152,JAF-003,5,149.47
50437d45-bf70-45df-9c60-17108c946311,d4a8c5e7-749a-4ccc-a1ff-6b4d23246152,JAF-002,9,948.59
765e0c2d-6c6b-4f5e-bf43-eebfeeba127c,63a988eb-239a-46db-b962-76a2644d9ac1,BEV-004,6,588.16
0e5ccd99-4195-42b2-8de5-5700fe902613,b380f170-6d54-4083-8b70-9baaa52de2ed,BEV-005,10,830.22
32fc77fb-c178-437a-8000-be05f1e6cae3,de462f31-f2e1-4567-8cb3-0223cfc4e242,BEV-002,3,441.76
e44caf02-19c4-4ecc-a5a7-12fd4aec9050,61d7e3a5-7ab7-4466-8678-6d2261227d50,BEV-002,8,155.4
ed31a47f-feed-45a3-bf2a-2e4830fbb242,61d7e3a5-7ab7-4466-8678-6d2261227d50,JAF-003,4,95.79
6b299296-ea0e-471b-ae0c-551e13dcbe7c,8bb53bbd-fe7b-4aef-9f0d-c360bede5591,BEV-001,9,660.91
bea3bed1-ad61-4361-8c1c-caa70c72796d,4d2620bb-337d-46cf-b084-a455f366be84,BEV-001,4,36.32
8d5d0720-5642-4518-8e34-7f2779036aa9,85d1f043-7c90-441d-aa8e-68427a5d68de,BEV-004,9,570.5
3bb0f906-338b-4618-89bb-1640bbd851a4,be2c704b-712b-47ee-a58e-b41b4d29d40b,BEV-001,5,225.77
36c52fdc-9d67-42a8-ba8e-11b628cf7c33,be2c704b-712b-47ee-a58e-b41b4d29d40b,BEV-004,6,20.88
14f590b7-aee5-4795-808b-ca91e39ac38f,56e1c2d2-f251-4a55-8612-5bc706c65229,BEV-004,2,87.29
cb52ce32-eef3-4db4-b624-42c74f6cd6b3,56e1c2d2-f251-4a55-8612-5bc706c65229,BEV-001,10,156.57
c4b13ccd-aab8-433a-a599-06213f00010f,bf817131-aa00-4c7b-897a-e2f5926d522f,BEV-003,4,982.43
02d1bc51-ab4f-4182-b595-9f462471087b,f71b0ffd-d6d7-4a6f-8b3b-517d21652d6f,BEV-004,5,69.45
0255839d-d910-41f2-aeb4-304f98ba9b4a,28525a6b-9db2-427b-8a1b-c359c2de21c3,BEV-005,9,308.06
e09dbe6f-b9e4-4bb2-a039-2a745f021878,28525a6b-9db2-427b-8a1b-c359c2de21c3,BEV-005,10,649.31
37279e89-5943-4c94-9954-10621593b679,28525a6b-9db2-427b-8a1b-c359c2de21c3,JAF-005,8,293.42
54af62a6-8b67-4480-9b7e-b5add77a6db2,a426b7ea-cc63-431c-a580-6ad7b7cdf28f,BEV-002,3,785.49
c5c0f455-6f30-4a46-836f-86fb04245be4,a426b7ea-cc63-431c-a580-6ad7b7cdf28f,JAF-004,7,745.47
5dc626f6-d7e1-489f-9e62-63d500ce3de4,7c7df18e-4b9d-4cb7-90ba-39b4d0897424,BEV-004,6,663.25
15c5f87f-c6db-47ed-be29-770a8b65f74b,c583701f-5669-4b71-87e0-e117449aa54d,BEV-001,7,866.64
d8b5efac-cfce-4a3b-9abe-8b3eff863a6a,ab5692b5-1fbc-4e77-a42e-78a1f0fd86b1,BEV-005,5,557.11
fd85d54b-52b4-4023-b50e-952ad364889b,ab5692b5-1fbc-4e77-a42e-78a1f0fd86b1,BEV-003,3,365.16
b4f23a48-e9ca-449a-b32d-0f5bc17b3721,ab5692b5-1fbc-4e77-a42e-78a1f0fd86b1,JAF-004,3,609.58
be1a13bf-74e7-472b-be1b-5663fc0a2a1c,f1255f97-a4af-4e2c-ba11-a5e6f21f8b24,BEV-005,6,686.89
acbaee2e-a2b7-4796-9d73-03ca5041e0be,9560ee42-c5c6-4200-a339-07e2db58ba27,BEV-005,9,668.0
a3921010-5cd5-4a45-bf39-3a9a4285e1b2,9560ee42-c5c6-4200-a339-07e2db58ba27,BEV-002,10,446.31
ecfdbed3-e866-471a-815d-e6c6bcbc599a,c319efc4-d9fc-4387-84bd-469876c6e919,BEV-003,7,571.33
d7cdb46a-ca50-4aa8-94aa-3addf29e6b6a,c319efc4-d9fc-4387-84bd-469876c6e919,BEV-003,10,468.48
743f5ae5-be60-487c-99be-286d7b3d15b9,c319efc4-d9fc-4387-84bd-469876c6e919,JAF-001,10,628.16
9e90aaed-983d-4b20-b606-d5cd70260a97,9cfa685d-bc77-43a2-b9d6-63b54907e646,BEV-002,8,893.14
7ca21655-8de2-4950-9989-53480ff97566,4fa0a02e-153f-4355-87ce-2bcff269d3c4,BEV-002,1,356.94
d781f5dd-2de7-45e9-8384-d453e99758c1,02619ffc-af97-4828-b3ce-8e3d2adbf729,BEV-003,2,541.55
ebad4e60-83a6-448d-b5b8-1df5536ea018,02619ffc-af97-4828-b3ce-8e3d2adbf729,JAF-002,1,643.66
843151aa-3bf4-4174-8cac-45f0a9008435,02619ffc-af97-4828-b3ce-8e3d2adbf729,JAF-001,8,382.33
808a0fb0-5e31-4e68-8412-305aadfd5a47,4fc5683a-d5de-48b0-88f5-661b4cb50e82,BEV-005,8,602.76
c3489a0e-689c-4c16-8e08-3831f508c1cb,3cb79072-26c2-4d62-8644-8129f573f7a6,BEV-004,8,994.24
95add741-48d5-4ebd-889e-b025fd12835c,6c5451e7-344f-469c-a932-4a31960ae6fe,BEV-004,5,791.57
15804e96-62a2-42eb-93b0-aaa90508b17a,c728276a-2ffa-4843-9cdf-181302583c74,BEV-004,5,532.65
d3b07535-1399-433b-8c9e-0dfe6d11688a,04d464be-eaa0-4ec0-9af5-91b0659064f3,BEV-003,2,795.68
aaa52b9f-7eb5-42a3-841d-cbb43076ca09,130fccdd-3eca-4069-931f-9eac7dadc435,BEV-001,3,893.2
f0c9007d-28d3-4ce1-b276-d4c80e34f449,b346d0c4-bd80-4ea6-a3b6-5b016b7922a2,BEV-005,1,568.19
55e8b608-58c7-4fbf-aeae-f1c6e5e35917,37939523-5bf9-45de-bdf0-2b4b387a6da4,BEV-005,10,184.25
13497b6b-6822-4c58-b473-3c69e25b2cf2,7a7c41c0-dbf7-4a8b-ab36-e97eed12d0fc,BEV-003,6,872.74
bded962b-3e92-4cc9-bbc2-2e210c5e78de,7a7c41c0-dbf7-4a8b-ab36-e97eed12d0fc,JAF-001,2,240.33
2e0ebccc-42a3-465f-9ff5-91660254a723,ec0e0adc-aa5b-4238-aedf-871e7704679b,BEV-004,2,656.82
4fd5024d-32bb-44b8-9c67-a41e1a49ffd1,cb0aee81-de04-44a1-a2cd-f03ad75ff1e6,BEV-004,8,848.71
604a061d-93d6-4931-900d-0ef3a3d926e9,93213bf1-dc5c-41d9-8a7f-93abe83250ac,BEV-001,3,463.47
61cd79a0-f1c9-4287-b56d-06ecb18f744c,93213bf1-dc5c-41d9-8a7f-93abe83250ac,JAF-001,3,925.48
14e22499-2d88-4647-965a-4b95491923da,b996d4c6-8101-4cf5-9777-29272389b44e,BEV-003,5,756.29
e0b2a7d9-b039-4aff-8a7e-b17290ce1afd,8b2c589a-9eec-4811-a429-0d52c74554f5,BEV-004,6,231.57
cf1f985a-8413-4e4a-8ca6-edf4581395b8,0cc40650-a18a-42f0-b671-5f3ebb4fbd98,BEV-004,3,290.23
3478164c-9dc5-4bb5-a38d-80620ba9379f,0cc40650-a18a-42f0-b671-5f3ebb4fbd98,BEV-001,1,751.15
b244ddf1-002a-470a-8ccc-f56448bd5504,1b362b63-5e8f-419a-b255-60d019339a4d,BEV-005,6,492.58
63fe03aa-7168-42d6-91d9-de41b3392b3a,3e2db2ae-5b91-4996-9a82-8c930cdba106,BEV-001,5,225.57
8a602189-ffe3-4444-bb3f-021ebb7b711a,d3b8f74a-a265-42a3-827d-f31b2585403b,BEV-003,7,664.0
5146c93c-cb68-4fbe-88d6-695f25904965,865208ce-246a-4723-8c7e-7e9ee38b7c81,BEV-003,7,646.48
3dd8978e-2509-435f-bb11-83a6da624a4d,0c65b472-a878-477f-a66f-8c5141065341,BEV-002,2,260.71
8c94572f-7d27-4e60-8d25-e7e2b4c1acd9,e45114a7-e39a-4bfd-9d98-bab2a041aae2,BEV-004,10,763.04
998ea624-dea5-4a54-8019-9e1d937e445f,e45114a7-e39a-4bfd-9d98-bab2a041aae2,BEV-001,1,52.76
3ed73a97-5ea1-461a-91ef-aa6c7f0e54a4,e45114a7-e39a-4bfd-9d98-bab2a041aae2,JAF-003,5,450.14
5f58801f-dc28-4a5b-9f68-5581601d8499,292c6bef-8239-4494-90ed-0ab725d97bb4,BEV-005,1,236.67
d1c039c2-1fce-4d28-b080-8aa808490c65,d332e1da-da37-460e-92a9-61e810e6c7f5,BEV-002,9,788.41
fb6f386b-a2ec-4f2d-b88a-837d6e228319,d332e1da-da37-460e-92a9-61e810e6c7f5,BEV-003,6,822.16
f804186d-45db-407d-9f96-341e97db5368,e1f57309-5189-4578-b7b5-e9d2f11470da,BEV-005,3,669.37
8bad57fe-137b-4d59-b329-46e8dca739d5,9f857824-83d7-40b5-a6ab-f4134699e4bf,BEV-003,10,619.56
3c6dcc4d-16ba-477e-b97d-7239d70f07f9,0ede54d2-e30c-4db5-87dc-e3734eda06de,BEV-003,2,351.55
eb7dd810-45c3-4407-802d-f41cfb0706dd,0ede54d2-e30c-4db5-87dc-e3734eda06de,BEV-001,10,458.31
16670766-02cb-4664-8763-55561520467d,110c06cd-f759-4efe-80ad-c7c604f3e760,BEV-003,9,802.68
cf68e3cb-6b20-4880-b8f5-19e446d472a2,604b06fe-c1e9-4ee9-85e9-24dc1a851443,BEV-004,7,695.17
29b49276-fbe0-4e75-8d65-957b09ef1fe5,2d0d19bc-48c3-4f1b-bfd1-2413c2bf0d80,BEV-001,3,914.85
b2e4cb21-308d-4001-a620-a40ae8695ef0,2d0d19bc-48c3-4f1b-bfd1-2413c2bf0d80,BEV-003,7,697.78
8cae518c-73db-461f-b008-6de712388a6e,69e2b1fa-8cf7-4fe6-8501-d306551da464,BEV-003,3,592.28
d3af7962-f0d4-4e6c-ab80-f49da642e2ef,9a229520-56e4-403c-8514-c21adc50dde8,BEV-004,4,897.85
6b952726-6bf7-4a30-8858-c39f518c9185,1f83753a-fc4a-4867-b14f-b68c11f80ecd,BEV-002,10,861.92
fc3cb2d9-c191-4c4e-82c1-d65723b0c0dd,0890638b-4f80-471c-b912-bcd65b9cad8e,BEV-005,5,664.71
a0da2107-d2be-4213-8693-04a38970eafb,08f5b695-b5ff-41e2-afdd-8fa8169abf3c,BEV-004,1,177.73
57618f27-4a0c-4c6c-9898-d002d521d937,7c6f7150-c009-429d-b17b-01459a511170,JAF-001,3,172.19
1da44e70-380d-4d01-a5db-c5b53ee5d68f,7c6f7150-c009-429d-b17b-01459a511170,JAF-002,9,834.91
c0c2a882-7350-405f-8dcd-4c7de7af6e3e,77f3e42a-b2d4-44b4-9b92-efb574d14107,JAF-001,3,658.75
48e937e0-5495-45a1-894e-b762a709cf7d,60f27c3a-a9c3-4819-a718-270ca59f1446,BEV-002,4,620.97
79ca436b-02c6-4153-9a55-67030ee716b9,b39319a7-f803-46c7-9901-9f8ac436a0ff,BEV-005,4,179.18
9be27fe4-b7c8-4dc5-a169-4e1418d9a7cd,cd2fd089-e178-4172-84dc-b33cd8817963,BEV-004,1,409.5
d1c6cddd-b1f2-4f6a-9efe-24fb5dbe3029,32090606-2001-4756-a4d4-9d5d008bca9d,BEV-002,4,802.04
0a42fda3-5ea2-4eae-a0df-7cdbe30fbcdf,b3584cf4-fa8d-4cc0-b2a5-43fc8d9f345d,BEV-004,10,404.84
dbc6267b-5283-4392-924e-c9d87b86607e,b3584cf4-fa8d-4cc0-b2a5-43fc8d9f345d,JAF-004,2,809.85
22fbcdf2-76fd-42df-96e0-9aa02728d503,81556a1c-57d6-4766-9006-588e875bbec4,BEV-001,9,224.9
830f7b2f-eb43-411b-a2cb-3f618ea440db,0e5725f5-ab3e-4e1b-a1cd-bab08c80a9d6,BEV-004,10,559.83
3ab46cfb-fc9e-4dc6-a0fb-7b81862543b9,1c1d939c-1146-4634-a350-312d818b93a0,BEV-002,3,324.84
e8ef8dea-d0af-4bae-9406-9d31cf0c76ab,51016b85-581a-4dc5-9ff8-d19540d5161d,BEV-002,2,107.36
24cf6e78-26df-448d-aab3-f9eb24110f26,6389c028-2193-461b-9d77-f0e0328dca82,BEV-005,9,826.26
3ff543e3-e8d4-4951-93a2-7dc877dfcf9d,a425effc-feaa-4dc0-88fd-8cd59dc1c9e3,BEV-003,8,575.39
21ade086-60b6-4453-8329-09a8e3285fd0,3367e00d-1a09-4693-af90-36948d3ee381,BEV-002,9,299.4
8abaa71d-6bac-48ad-9efa-814a9fe4073e,c534b334-d9d9-4d08-8ddf-6e1ee8810ec8,BEV-003,10,78.67
c5d30183-5b3e-49c2-8186-6c3307d8c0af,1d08622e-9f59-4f8c-b508-c6c3ee5d30b9,BEV-005,10,974.25
be31ab12-d5fa-429b-b2b3-f620163f5f7c,ee7edc10-550f-4c48-9cd3-dee4117800ed,BEV-001,2,805.86
a26b58c1-305d-4c7c-a5c7-7b9573dba732,ee7edc10-550f-4c48-9cd3-dee4117800ed,JAF-002,2,52.56
d97ee020-b813-4e7f-a3bf-3a0abd7cb511,56700e67-92c2-41c2-9da2-74f9ad13ba2d,BEV-004,8,181.51
912dbfe7-3466-4ea5-b72d-668fa898397b,e102bdd9-6748-4801-80d2-e89116cb6242,BEV-002,3,93.11
e3cfe397-315e-479a-a1c0-e3f30de540cd,c637dfca-43b1-48c7-af00-c3b3b3b0e6f6,BEV-005,1,373.24
d176e447-7f19-4ebd-8598-0c6e296cece6,72a3db07-57bb-4e72-86d4-65e7a0c470c1,BEV-004,8,722.69
0590886e-a02f-4600-8bf6-4e1b61f38989,72a3db07-57bb-4e72-86d4-65e7a0c470c1,BEV-005,7,733.05
5e3e42dd-71ef-452c-969d-f8d4f6ee3ebc,e8923a63-d5a8-43bc-b14f-6127d94cb2f9,BEV-002,2,331.84
7276a3c6-4f1e-4c14-8860-e31931627c70,b82a0e38-ea92-41d9-883a-16aeda72ecef,BEV-005,10,892.12
9b08a965-9ca7-4be6-9f76-5182cb99f959,b82a0e38-ea92-41d9-883a-16aeda72ecef,BEV-001,8,213.73
fecb96f5-49db-4ef9-8a53-fafd19c499cd,6b90ca81-e52c-46c8-8e1f-5402916e5ded,BEV-005,9,705.94
31b1ffe4-cfaa-45f6-8057-f5fb648f6d99,cdb74779-d978-45de-b1c1-a6a4968d9e3b,BEV-005,6,128.96
4653fffa-ad4f-42a0-ac37-663ee1d8e135,b14603b1-b422-4572-9000-715a068c114e,BEV-003,5,565.37
cff3dd70-b08f-4e9a-8905-ba2b7f703df2,26ec2509-3927-4142-8417-ff37e2d12202,BEV-003,10,826.53
28307439-4192-4cf9-83ac-616dd4aabf07,26ec2509-3927-4142-8417-ff37e2d12202,JAF-004,9,714.34
1844a302-1a73-4566-96a0-60ebdded9a1d,f0e929b6-5322-45bd-93c3-6466d7bc0d6d,BEV-004,5,169.73
87bddbc7-b571-4722-93c5-e666d143f6de,f0e929b6-5322-45bd-93c3-6466d7bc0d6d,JAF-005,8,248.0
18d18541-5a19-4802-8424-3d517cff186c,89d4b2ba-5151-4cb6-84fb-1184ad80e315,BEV-004,10,615.8
d4ae28c2-8a06-4a28-9ee2-afd6c988ac1b,bd4ca42f-3217-4f0b-a62a-18d92f4c3f37,BEV-005,2,412.49
e9016888-0096-4712-bb1a-331b01035805,d4210b57-f2e5-420d-8f3f-e907ff9ee6a1,BEV-005,9,493.78
d1f09e74-fa2b-44fc-bef2-ca895b033cb1,55596777-0df3-46b4-b103-796ae89f90ca,BEV-004,4,653.43
a92a1676-665d-448a-a9f9-6dfb7ffb6adf,55596777-0df3-46b4-b103-796ae89f90ca,JAF-004,6,284.66
63cc76ce-0cad-4ebd-9b79-8ea93e582409,577830a2-cb7f-4244-8d66-ae9f19d1f047,BEV-002,4,352.94
de994934-12b2-4743-82c0-d2db3f89e4ed,fe3ecc51-5b04-4c26-be85-bbada2827fce,JAF-004,6,347.22
e2ba146d-6e09-4cab-bd3f-d424346bc51e,2efb12ea-681f-409a-823c-31388d0e9974,BEV-005,8,921.01
cba24c8a-7251-4f66-b6a3-19a23056d45a,ab97a20c-62f9-468b-ba38-180bb0863bba,BEV-001,4,903.22
916d5bf9-ae44-4804-8e32-dee9954a7cb6,23fbc421-e676-4dac-8657-026bedbfe2ee,BEV-005,10,86.23
ceac4a8d-8b1e-4feb-9a2e-605122ba47df,23fbc421-e676-4dac-8657-026bedbfe2ee,JAF-002,5,962.88
b6b213bd-4818-4965-8fa3-204219b60fe2,9f89c5e1-7012-49c6-99a0-b828b827e0d9,BEV-003,8,754.0
7674ec73-4563-4a28-8ad6-644b29fea2b0,d214ab89-2e02-4eb2-83a7-883cfeb0277d,BEV-003,6,363.88
49329299-68c0-4984-a5ce-7b9992c8b2ab,52e04235-fd0b-4746-bd5e-1be7df913e83,BEV-004,7,514.71
a4977ad4-e46e-426e-81dc-601e251eaa65,52e04235-fd0b-4746-bd5e-1be7df913e83,JAF-002,7,882.99
089f9013-022d-4db4-a42e-6bf2c0b00610,a66c1e24-bd80-480e-bff0-91cd2933b168,BEV-001,4,100.2
8ea5aaf5-4e38-4aed-92dd-d888848b4aa1,3053f0fc-f543-49ea-8782-93524f3b776b,BEV-001,5,558.66
243bc92d-04be-48c0-add6-44cff1fc0c98,3053f0fc-f543-49ea-8782-93524f3b776b,BEV-005,8,638.07
51bc5af5-d03f-4bec-a098-091c2e9629ed,31819dcd-a344-4bcc-bc19-aa47bc477e31,BEV-001,3,979.83
a1f60834-8994-483f-bd35-c89d0b2b72ae,53054846-f081-4df6-93e0-f9aa238e6cde,BEV-001,2,411.38
5974e2fa-95c5-46a1-8f02-144cae9d5377,34a1d1a3-7fd8-4b8c-bae9-b0478067babe,BEV-002,1,212.24
3b20e47b-a09f-42cf-983a-4ea3f9ffc478,34a1d1a3-7fd8-4b8c-bae9-b0478067babe,JAF-002,6,739.18
1bf0904d-57f4-4290-bb67-fa59d967faee,5c5e9ac4-131e-4453-ba95-aff753b25782,BEV-004,3,297.42
9fb15e43-546a-42a1-b995-1345be2dac6b,40c3b736-8e69-43f3-b890-bc52d90b70cb,BEV-002,5,763.35
85052b7e-c184-45c8-b12f-4a31ff5a48a2,aa070b9d-81b7-467b-8d7d-6899d0a7e2a4,BEV-003,5,675.52
55955310-775f-4832-9148-dea25c1a72c2,c0bf1be1-0209-4b95-8986-f660c324dcc6,BEV-001,3,685.82
71592b52-37a6-49f6-9e0a-cfd0a8bc2f5a,1c88b4ae-ed2c-4c48-aac0-0688bcca544a,BEV-001,4,700.96
82b19a22-d9c8-47d9-8aa7-0d9948c50a72,11ec107d-726d-4fa9-b1ad-23c175bc5486,BEV-002,1,239.34
188fb0bb-0c54-459d-8075-d1b53a91e17a,1ded22bb-771e-4580-9055-9d3aaf961e76,BEV-001,5,663.03
7e3ecd53-8d1c-4f8f-88dd-512b9383ae25,198948a9-645f-4b12-b57d-fdf83ec471ad,BEV-004,7,297.43
cc09eb19-98e5-48c1-81a8-d8133eb2cb93,bc45a413-9c1f-4aae-b2b7-8e6f47ea502e,BEV-002,4,390.08
d8c73f7b-e514-4ac2-8e80-a2dac013e9b3,03afefad-6e8f-418a-bf44-6efbaa5a3e23,BEV-002,9,895.58
1de40ba8-f040-4eb7-9021-741e91724e52,53456cd8-da09-4bb0-a375-54826763b0a7,BEV-005,9,727.64
b12e811f-a527-4f56-837b-3d780c6e036a,53456cd8-da09-4bb0-a375-54826763b0a7,JAF-005,2,391.51
821ec695-3fc9-45db-82e0-a87a43650fde,53456cd8-da09-4bb0-a375-54826763b0a7,JAF-005,9,32.48
1b1a44c2-7c7c-4162-88b8-2e7548923da1,466e4760-91cc-4b29-b3d2-f31a2942a87d,BEV-002,7,548.17
2ab11cfc-99ab-44b2-b029-b8779f67c1fd,466e4760-91cc-4b29-b3d2-f31a2942a87d,JAF-001,8,513.05
b8f1a962-c1be-4768-b356-f920d297be30,0af764a6-5af5-49d6-887d-bcd6564a7007,BEV-002,4,714.26
21696f52-7459-4036-bee4-0c69e9d0faf2,6b5ed279-5bc1-4c53-ad9d-fb5c3b5a1dc7,BEV-001,8,925.22
c132e770-e97a-45fe-bccd-91b969de017d,6b5ed279-5bc1-4c53-ad9d-fb5c3b5a1dc7,JAF-003,1,917.8
7f1cf58c-b57f-4320-afac-3fefb3a7dfd2,904cb4cd-51dd-4ead-9125-630a8b75c405,BEV-001,4,763.03
27ee0b42-50c8-4b07-b50a-9b7ae1a2e7d0,525b98c6-5ee9-41f5-ae42-e75c2f6ac0bc,BEV-003,6,389.94
003f4063-962b-4c7d-9323-84a004e2342a,1937c29a-28f8-464c-9be4-c3ee464d6e2f,BEV-002,10,240.67
63fadea6-72d7-494f-a5a4-96b8739c3f10,55979207-b6ae-4912-8865-8d7433306157,JAF-003,3,327.11
0fe1c0dd-1c73-42fd-bb61-e15e1cb68e13,33dba580-9919-462a-904f-118c52e28775,BEV-004,4,236.12
2626a6f8-7b71-4f84-a968-d94193568226,a603f4ee-d709-4cac-8c6e-cc38c56bb44d,BEV-005,1,435.09
e7622bc0-89ef-4d63-b2b5-944a38b587a4,c413951f-96d0-44c2-8443-23146fa3bcff,BEV-002,4,674.84
d0bada85-9493-44d1-a3ce-2938a98b2a32,58186af9-4873-432b-ad66-66911888a95d,BEV-002,3,424.28
6604adfe-641a-40f5-9d7b-71f0105a918f,602f0e35-f917-4520-a668-e773a5c74e1d,BEV-001,10,894.03
be57cd1a-e9f1-46a1-beb1-e99f0fced05c,602f0e35-f917-4520-a668-e773a5c74e1d,BEV-005,1,366.33
a014d0f3-a1ef-4e39-80f6-ac3acbbaa052,1f1e564e-e48b-4370-87b0-9a7736468821,BEV-002,1,255.09
4fc41cce-dfcc-43c6-b693-80a1b724b5b1,6044fb66-1e95-4d10-bffb-4b2486eba7f3,BEV-002,9,705.16
6f3540f0-63e3-46ad-8a9c-362facd23d83,ebd4069f-8e7e-4367-856b-33995fc01b7f,BEV-002,1,988.73
c8c76ab9-0574-4601-a096-1da2bd5faea4,f5644256-718e-4619-adeb-345421f1ca4d,BEV-004,6,693.66
944d803b-6aef-4393-9eec-0df4729df2ef,1a5c17ee-9be2-4252-88f5-312fcce604ef,BEV-001,1,955.9
650c07a1-6150-4c44-a1ee-9c445d2af42e,51b4aeda-bcf8-47ec-8e9e-07aac6230551,BEV-003,9,411.08
e6f7b64e-755c-4dc0-9807-d1da1277aae5,358e5300-b314-4ae1-a34d-4482fd164852,BEV-005,10,645.69
4335875f-5701-47e6-abd7-fd2dae15a0d2,3b78667a-791c-46f3-b722-be60d55e9916,BEV-003,4,717.55
0925383a-03ea-4ea3-8d4e-48cb074f595b,3b78667a-791c-46f3-b722-be60d55e9916,BEV-004,4,238.25
6a741d40-1e96-4005-a21c-8a1cb4af2933,05191884-edf6-4b54-9bee-3f04c1089444,BEV-004,1,223.69
2d0981eb-3513-4e50-9054-b45957443c7c,847ef2d0-cedc-4ac1-8650-07b7eb737272,BEV-003,3,919.96
d2833ebc-23ed-4622-981c-eddf1039c1a2,7b062fd3-4e01-4454-a737-f8449e43e790,BEV-002,8,40.48
e47f8240-b9c8-4b31-8240-201b04de0662,7b062fd3-4e01-4454-a737-f8449e43e790,BEV-003,4,498.8
6e44bfbf-e91e-43aa-a637-257336fb3bac,2b91f622-13e4-4036-b025-bbdfec53dd07,BEV-002,5,308.33
9b4f6bad-4367-405a-ad70-1fb35f015651,d305b7d0-05c3-41d4-ba79-1ed851d9fd6f,BEV-004,6,330.59
8b1504ee-02f8-4004-b7b1-5fbd1cbaac55,d305b7d0-05c3-41d4-ba79-1ed851d9fd6f,BEV-001,9,515.57
deef7f05-4cb9-42c8-b39f-d65c0b66e842,d305b7d0-05c3-41d4-ba79-1ed851d9fd6f,JAF-003,6,588.75
34a7acd4-f5a7-4bf1-b0ff-d15d4fd96274,433bdb43-18df-424b-a3dd-0669ba5be743,BEV-001,9,29.61
d68b0106-0df4-4f2f-8dac-b2446c56efc6,915fdd4d-c34e-470a-95d5-5ea2eb06612a,BEV-004,2,522.67
dc1e4601-07b1-431e-8dcb-dc3d1c13113e,938ce06e-e33e-4d3b-8245-84e7ac97e99a,BEV-005,4,923.85
ebe31a5f-ad66-45e6-9a0e-9fb5b178e132,938ce06e-e33e-4d3b-8245-84e7ac97e99a,BEV-002,4,741.0
447decf3-b9e3-4fe4-9c04-7be20ada97a2,abc26333-ef40-4783-9f21-88bf4acc6731,JAF-003,9,829.33
811748f0-b20c-4140-bfc5-c9d6b1a4fde3,abc26333-ef40-4783-9f21-88bf4acc6731,JAF-001,9,457.57
e6f3103f-8283-4122-b597-cbba46a53d94,abc26333-ef40-4783-9f21-88bf4acc6731,JAF-003,8,943.41
e497a970-35a6-48a0-b22d-fd9100202b2f,223133a0-db91-481c-a890-42b496e742bf,BEV-001,6,810.37
3d8313b1-27e0-425c-a215-eebc16f87434,d3edf517-4d57-4c50-a8ba-712ca46103b8,BEV-005,9,614.04
541499e7-e411-47f4-b08b-e45d890b197c,b7de3457-37cc-4abd-9150-bace63d3bb0b,BEV-005,8,78.33
961b706f-3b07-4552-8b1b-8012e1ded766,d553a885-a2e2-444b-a26d-023046c85cc9,BEV-005,9,21.02
0ba01163-f9bc-456a-9d4a-7a88ba8c4a9a,38873e7f-21e8-42fb-b5bb-7215cbac1c05,BEV-003,10,748.93
3fe44263-7d45-4bed-acf9-6e36b8d31744,e02446b5-a59b-47ac-a273-2c50609abd0c,BEV-005,6,475.36
cdb91dfa-a5c5-4acd-a02f-3fbe4bb56fc9,237e7ea4-c47e-420b-9ca3-6015e6f1838c,BEV-003,2,853.72
83fa5f64-4df8-4722-8251-2d557fd30495,89aefb5f-d99c-4e0c-91e5-7671eb0aa08b,BEV-005,6,158.9
899a9445-ea24-410b-a75c-8c8677dbffa1,f7ff482e-eb95-42dc-a102-94a2f3e2fe9d,BEV-004,5,930.14
1a4198cd-5de5-441e-b147-0ab7d5d61c7b,f7ff482e-eb95-42dc-a102-94a2f3e2fe9d,JAF-004,1,885.32
ed229b8d-0d15-4432-9163-429dfcffe1bb,ad864814-55fa-45bd-8fee-11fe7193cbbb,BEV-001,10,339.01
8bd01f37-61d8-404d-827a-976cf81b426b,1816de59-0d83-4f1d-85ad-4b3cd6b1bca3,BEV-003,8,657.51
0f3476ba-34e7-469b-a6e5-a90dba7c73f7,f556a5cc-b0a6-4aa8-9a2e-d6dc13fee9ae,BEV-002,1,799.79
90f9cf4f-1856-44d7-81fc-f8f48a7ca75a,6b214fc2-2c9c-462e-a157-1ec3054ee844,BEV-002,4,513.08
b09e3cb3-9847-4517-bbaa-1b7c2b524f7f,9373ab6e-0e57-4366-959f-1202f824c5c3,BEV-002,8,228.82
4d354263-d4ac-490c-af59-addb3f97c1bc,9f69cb1e-b86d-40d8-83d7-8da520f009ac,BEV-004,5,746.41
7e393538-096d-4801-8083-16ac652b8930,9f69cb1e-b86d-40d8-83d7-8da520f009ac,JAF-004,2,702.31
04acdaf3-318b-49c3-94c5-21039e5fd550,be85e812-7148-46fd-a956-17a1db594700,BEV-002,8,100.79
de4ca880-42f9-4f63-9363-e915f6994a7f,4ad801da-c291-450c-a9fb-bd4fa71aaee0,BEV-003,4,189.66
7df09bc6-e16a-43c5-adf0-41637b636e26,1cc3a074-88d8-468b-b408-54e42906cc9e,BEV-001,5,700.77
36f08529-7579-4e8a-abd2-80e0e5165ed2,5ed7228e-2d37-47e9-b106-0da5359a65b0,BEV-005,6,553.95
0426c4df-ded9-4ac4-be21-38b24b129e31,5ed7228e-2d37-47e9-b106-0da5359a65b0,JAF-004,10,270.97
79dc0154-e749-470a-bec3-635a4912bff8,78c16ce8-1b9a-4a6a-8476-17a0c38dbf79,BEV-004,10,383.21
7b94c798-e728-4052-8f3d-82fb50264099,9cd6ab21-06e4-42b2-af05-637311296974,BEV-005,1,67.69
f77c234d-f4be-4943-bb79-d986d1a0d85b,b44e7151-0732-4a83-9ff2-1438fa865764,BEV-003,7,873.2
fbab400f-e859-41f7-b12a-0d56233f5323,6bfda557-45e6-4e2b-8a37-5bc8aa23e7d8,BEV-005,5,544.26
f257b20a-becc-411d-9157-e9b5b7461183,9d4a3e98-14b8-44ca-9640-14da0b8753de,BEV-005,10,696.71
df4ce071-b749-4e0b-ac4d-7d2588077657,f551a263-d77e-46e1-ba18-fcc4b1354457,BEV-005,9,50.21
8c34aa3c-bd1b-4f7b-806a-91b4bc7e338b,a861ffbd-3e57-4732-ae5d-40e0d6547120,BEV-003,1,617.51
f9960092-6b74-4707-b7ef-3981fb827c59,a861ffbd-3e57-4732-ae5d-40e0d6547120,BEV-001,8,393.93
23e82757-4020-4e86-87d0-87eb396a25ad,b31c12d0-709c-4643-9ee2-4c663a7ed40e,BEV-005,9,176.79
264a0437-c7e8-4d5f-95b8-5f6329898289,cfc8f840-f1c3-49d6-829c-674ecf512ca3,BEV-001,4,788.26
e5385209-f386-49a2-95a6-86c69a15db7f,221134f1-c566-48e5-bc00-08440889f627,BEV-001,9,272.81
35c309a7-5f93-4918-9f7c-478a6dd633b2,956ca9ca-7f01-440a-9a69-4100a956c4b2,BEV-005,5,383.61
ca33ba52-cbf4-4081-a0bc-d5c2c4360306,dd2b6ddb-3697-436c-b699-8de3adaae5ea,BEV-002,5,764.88
823a41bc-556c-495b-8d68-c8f2d5e43901,a1a339ce-d5ce-483a-b1f6-7f1f6205fea2,BEV-003,7,583.4
50d9b056-abd0-4fcd-8f65-f611b6f114e2,c795eb6b-c973-4058-a2da-51aae7c0b2bb,BEV-005,1,138.82
d83cf7e2-4f3e-431b-a46f-ca40aa8c4906,9943dd66-6c22-41df-ac4a-37c8b5419e98,BEV-005,3,290.12
f654d43d-7896-40cc-ab4f-95a970a3a78c,9943dd66-6c22-41df-ac4a-37c8b5419e98,JAF-001,9,297.28
7c6423d8-cd35-4447-9b12-87d922d668c6,6f35b3c1-eac1-435c-8438-faa3407bd15b,BEV-003,3,712.46
08561681-a4e2-4dcd-89b8-40edb6149ea3,f708a9e5-55b6-46b4-944e-e52df45f2a66,BEV-004,2,971.86
7ed85244-f5cb-4b9d-adf9-047064d0aa17,ab52b520-6785-4d65-8bba-a927b69d9f50,BEV-003,6,776.95
011c33d8-e0d4-49e1-b2ea-13ce880b7643,ab52b520-6785-4d65-8bba-a927b69d9f50,BEV-002,8,159.91
164a9662-d543-4848-871d-0a86babaaacf,ab52b520-6785-4d65-8bba-a927b69d9f50,JAF-002,3,874.59
4da2f015-3944-45dd-922f-ecf3a4656338,72eab5ba-7050-45f6-b3d6-a6c02b48e71f,BEV-002,8,68.24
9a7b359f-0f8c-4a12-92fa-5c3ec64b9368,0706aa5a-308a-4285-bb69-95122d67e17c,BEV-005,8,153.43
c55ba409-4e09-4b9c-b6a1-198e0175d718,14560376-af15-4e29-a124-ffd1ee11bccf,BEV-002,1,658.86
34fd3e60-4740-4b15-9ee0-7d047b31cab2,8bc00ee4-ea63-4ff7-b66a-cc4eb874b7d8,BEV-003,6,907.88
7cd61046-94bd-4038-98fa-82bc41782a9c,5c06b177-ee2a-429a-a23a-9bc1df25ac61,BEV-003,6,420.68
59d76426-2931-4f97-ab28-b202458926f1,86d43804-a53c-49cb-b812-f5f70f6a0eec,BEV-003,6,852.78
ffdb94fb-9776-4ab8-a980-33f3cfaea468,e92f6c59-57ef-481d-a316-8fcb9914f3bb,JAF-003,2,957.84
744b43bd-0b07-4b75-b703-ac0f032d13fc,56e8a11f-ef1b-4d0e-b92f-e0cdd5808034,BEV-001,6,778.02
be30b364-cea7-401a-887c-f017ce0added,56e8a11f-ef1b-4d0e-b92f-e0cdd5808034,BEV-004,4,264.53
e117b0fd-737c-4292-92ec-8fb85f2053d1,09c6f64c-57f2-4877-98b1-35ebbdf4f37f,BEV-002,9,462.16
29ec40da-0075-4a7d-8013-15a4924bf8b5,0899cd24-7ea6-4513-8d87-529f25663e2a,BEV-005,8,296.54
b00d6b28-8aa0-4616-a96d-13340d1fa3ea,2817c16d-480b-400b-bc4d-4f3cbd485c77,BEV-002,8,256.11
8b73fa24-4275-44d5-9158-c7cb027892be,2c722b67-6a9a-4a03-9513-efbf9f5215a6,BEV-001,2,593.24
8682f805-e9f4-489d-8d03-311061e2a35d,2c722b67-6a9a-4a03-9513-efbf9f5215a6,BEV-001,9,452.76
23639a76-2a66-44f7-8f50-5b33cf50ee70,aeb8b04b-aa44-4969-9e53-2f76eb9746f3,BEV-002,5,546.56
7db8a0a4-7b6a-44f4-acc2-b9a069569f26,b157f971-8f28-43e0-aeaf-b657af765bd8,BEV-004,5,910.22
2677989d-17a5-45a5-81f3-49c97c628265,4eccd96e-de5d-40cd-b51b-3151ee555678,BEV-002,2,15.08
ac7c62b9-3e10-4023-b051-8b71b1b1142b,4eccd96e-de5d-40cd-b51b-3151ee555678,JAF-004,4,842.76
eabcd6b0-5917-4277-bf94-2e063cf5667b,4eccd96e-de5d-40cd-b51b-3151ee555678,JAF-003,1,967.0
f922b3c8-5de6-4d8c-ba73-cf5c37fd0c12,4eccd96e-de5d-40cd-b51b-3151ee555678,JAF-001,1,865.07
4c7168ca-36e8-4450-81a0-7d2bba7d9454,efa2c6b7-c40a-420a-a4ba-bac557315768,BEV-005,7,87.59
f8aed339-9163-4781-b4b2-96f651f43070,efa2c6b7-c40a-420a-a4ba-bac557315768,JAF-004,3,445.03
d7cef8da-8d4d-4409-be60-377a0f0d44c2,a5f86208-df5a-4d2c-a4e8-57c6425d5428,BEV-004,7,442.33
16e70751-56e1-4af8-9c48-a8d11262adc9,144e8306-90c0-4e7b-b461-73c42b32fd32,BEV-004,5,42.39
c28805da-f11e-4ab7-8902-137fbbcaf3f3,d75ebef9-b22b-47f6-811b-b38757226d15,BEV-001,3,653.28
d311a384-4c4c-4cf9-9a78-76d33961357a,76aeae77-7328-4fe7-ba3b-847c701c4f5b,BEV-002,10,213.04
c1b32f41-fb02-4d4b-a5cc-da1c75eba99f,5e562e8b-bca6-44bf-8a83-ae7e2de31dd9,BEV-004,5,497.85
bb5b7887-d294-4de4-92b4-02173bbbbd35,9d04b3a1-ada5-41d9-90d2-d598931e0db2,BEV-001,3,838.58
f41893d2-5e2d-47e7-b259-1dd387363f8e,5953b78d-1fae-4384-b558-ddc8d1c0b0b2,BEV-004,4,616.3
4dda65ad-eab8-48ba-abff-378d7612dea2,5953b78d-1fae-4384-b558-ddc8d1c0b0b2,JAF-002,5,460.59
07cdf17f-05be-4c66-8b87-a7d180c7ad2f,5953b78d-1fae-4384-b558-ddc8d1c0b0b2,JAF-004,6,502.98
13af175f-c98c-44c6-af09-c7fc4799ea5c,5953b78d-1fae-4384-b558-ddc8d1c0b0b2,JAF-001,6,610.53
826ecd18-ae4b-4fb7-95b0-9f1a3c6d6b20,b2c8d87d-e9a8-483d-84b6-e840db72e053,BEV-002,6,634.02
f563fba8-c4dc-490f-90c7-588e70bfbbdd,cf250427-22af-406b-8a00-2bf4237eda5c,BEV-001,9,343.04
78692fbe-8a01-411b-8746-7f62a4acf65b,cf250427-22af-406b-8a00-2bf4237eda5c,BEV-005,1,197.25
7a03b1da-409c-4753-9b25-9040d5f4c127,8ce77543-d616-4723-a771-c6bf819ce211,BEV-002,3,827.85
9c34ff93-c3f6-4619-bd75-7c1f7a56bbc5,f8f75e8f-dd4c-4b57-ba84-b35339b545b2,BEV-002,9,17.9
d55e4913-609b-469b-9787-3db8aa29dadd,2c0acef8-5014-4e93-a322-715e9f5b29d8,BEV-005,3,111.15
950c8e32-ab42-426e-93e4-4017e4086910,b8b9aea2-7eb8-41b9-9242-6fa182b202ce,BEV-003,2,445.92
251a2800-0566-4ac5-a56f-68927ee89989,bbbe952e-b371-4feb-a6e8-067e5aaac9c5,BEV-002,5,882.5
375f3790-b123-49ab-b5e1-5e88efcdf526,e17e3b26-b717-495c-a39e-9638049e9d6b,BEV-004,2,776.06
d6fc3310-e065-46a3-91f5-c456d9bfd13e,e17e3b26-b717-495c-a39e-9638049e9d6b,JAF-005,8,608.72
9d76241d-beb4-4866-a6b5-6172206b5c22,9250bea2-4857-41d5-9924-adca72e9f6df,BEV-005,6,717.06
35818769-b700-4637-8109-ed55889072b1,cb637497-4f10-4b53-a2bb-7fc4c9f0a48c,BEV-003,7,82.12
e0c113fd-388a-4985-a6ad-b6d7b94d08c0,177896a3-611c-428f-b3d0-cff91fdcd777,BEV-003,7,77.86
78d7a186-66ec-4db8-bc89-7b0b62e01a64,528a3220-fa9b-4f76-8e51-ed54bd800c90,BEV-001,7,736.39
e1c24d7f-6811-48fe-a004-3936cb8483e2,9014b2ff-eb14-4284-b9d4-f89b19161854,BEV-005,1,313.18
774aba22-6627-4280-8cbd-6350998f5cee,5b437f9d-03c5-45e7-b55c-8ce753a0f560,BEV-005,10,970.14
2a37a4b8-20bb-4edd-8618-9d1f1ba3bdba,e5ff9de0-d9ab-4a2a-91c8-e6cbc480c0e2,BEV-001,4,319.59
5c7a0817-dbbd-484a-b691-28135896cb66,63d26d5a-5f65-4a77-abfa-31924e073490,BEV-001,10,443.7
94a1c075-a7a1-4360-a3e9-1f9e64381525,2406a468-a7df-40b7-a9b7-801879904d56,BEV-001,3,365.85
fa20e8c7-7f80-40b4-9a3a-1e4336211174,5e13884f-6c6d-4447-a5ee-edaf0f822c8f,BEV-002,9,312.93
3825ccef-9b2c-41ae-a230-16b3377f35da,4b7e74e1-0f20-49d3-a3f7-da274b665166,BEV-005,2,503.83
a956d89f-2176-4794-bc58-e37eb19bd5a7,40a69053-b96f-4bb2-9be9-2f292d6eee34,BEV-004,9,776.94
ab4bca71-731f-4df9-bfef-8257579366cd,40a69053-b96f-4bb2-9be9-2f292d6eee34,BEV-001,5,384.49
b2a82f5c-206c-40b9-98e9-4ed7cd078245,40a69053-b96f-4bb2-9be9-2f292d6eee34,JAF-005,8,547.64
f67c911b-7328-4826-acae-30e0b0a3ebe2,40a69053-b96f-4bb2-9be9-2f292d6eee34,JAF-001,8,762.01
95d008b2-d601-4819-8c4e-6c5565841c06,36cbed2c-ee90-42e8-93cd-f5db5b3ed2fc,BEV-001,6,611.14
9ca4a136-a2dc-4958-8459-2ef5b1b1799f,31117368-e827-49df-9e9a-4264b4afb0f2,BEV-004,1,963.45
7e6110c1-3bc7-475e-8c03-f400b1ffc2ad,31117368-e827-49df-9e9a-4264b4afb0f2,JAF-002,3,619.93
ad699713-aa84-4b6b-b458-75d839cd96c7,c3911f3c-e348-4a3e-8b00-50582793588e,BEV-003,6,378.45
9de8ef49-622a-4563-89bf-7f7720364595,c3911f3c-e348-4a3e-8b00-50582793588e,JAF-004,2,18.96
314a5192-b85e-47aa-9c9e-c6d5c562f124,63aff996-387b-42cc-baa7-0d639e9e70fc,BEV-001,8,803.88
fb0b250c-c45e-4063-967f-39fa0d4c6365,df515043-c162-4948-a5f9-f99a245e2801,BEV-003,4,301.97
6ebf1bf4-1e1f-4df7-ad71-1bb451137b93,b9608e4e-5e55-40bc-a08e-90d23d59f5cd,BEV-002,4,779.86
e4e5890f-8027-43a3-b457-3c65fb8fa915,b9608e4e-5e55-40bc-a08e-90d23d59f5cd,JAF-005,8,163.5
1eb3bf00-b6ce-42e8-aac1-3b7596414cd0,af22c572-fd0f-490d-afde-ef694fc87931,BEV-003,7,91.02
7ad8c784-f804-4962-85c4-49e3b91e3ef9,af22c572-fd0f-490d-afde-ef694fc87931,BEV-005,10,113.73
2f18305f-b4f0-4bdb-ac7d-4b570bc230eb,2e78b2d5-ba0d-4aac-bd7e-2f77cc663a57,BEV-003,5,79.77
e73d63d9-8f9f-4771-8422-90c5dfde9831,12cbcf26-feb1-494e-b7f1-d494d912255f,BEV-005,4,894.38
744df65a-e5da-4be6-b762-60bb6bb62676,3e27178d-c05b-431e-909e-ad81a0b0e30a,BEV-004,8,617.52
10c8fef2-3a01-4e75-aad0-8e6546c3a9ca,3e27178d-c05b-431e-909e-ad81a0b0e30a,JAF-004,8,575.86
534c9e08-18ff-4ed8-8c13-b786681d2d20,3e27178d-c05b-431e-909e-ad81a0b0e30a,JAF-002,3,116.41
19d76510-73de-42c8-a9ac-e7fa408453d5,0f2a6bc5-bcd9-4d7a-b1fd-b46d7236f191,BEV-002,5,715.42
14d385c0-6985-4561-b04d-3c6c846992fd,e55fc000-76d6-4168-9295-9491c9ed50a1,BEV-004,2,733.03
8543b811-9bb9-42f8-a91e-5a5d01e43f19,e55fc000-76d6-4168-9295-9491c9ed50a1,BEV-002,10,944.36
b31caef3-b154-4c94-864d-3b79f3d1de98,e55fc000-76d6-4168-9295-9491c9ed50a1,BEV-002,10,241.16
1a1df3af-3be7-4f13-a7b9-367bd92eb974,ab9bdbdd-94a0-40e7-af5a-e75227d9d248,BEV-003,3,327.09
925c7421-6a40-4ec2-ba62-6c9462af7999,d85bf36f-b211-4106-a6d6-d155f01b563e,BEV-004,5,543.23
3437afa1-7271-4951-9bf6-2843e55a493e,a30d90f1-673a-42c0-9c10-686873a5143e,BEV-005,8,18.84
43103bf5-b7b6-43ea-83d0-356874606685,ef08b538-b1f6-4e91-b781-7c48e68a1184,BEV-003,2,496.27
1f7acac2-541c-4990-835b-0607e5e24471,ef08b538-b1f6-4e91-b781-7c48e68a1184,BEV-005,6,814.82
0ab0a9c3-53ad-4430-9064-bee152617aee,ef08b538-b1f6-4e91-b781-7c48e68a1184,JAF-005,2,26.68
f866ef1c-2267-4cc5-81a4-f48b5365385b,961e9812-b977-41ce-9ed4-c08c2671a3e3,BEV-002,9,514.95
e5135837-6957-4f2b-92b2-5b07849f7c3c,961e9812-b977-41ce-9ed4-c08c2671a3e3,JAF-001,9,209.14
091f2079-d443-4e5a-9869-db2055e6a9de,c74080ce-8c31-482f-834f-ada2afeea669,BEV-005,9,781.58
b32777c1-4a15-4ff6-935c-a5b69aec80c7,ebfa600a-402d-4661-81bc-7f9b0e25b3d8,BEV-003,5,352.04
5edcb697-100f-4904-a359-eaec7653a19a,87500810-63a3-4b12-895c-d9d5489e383e,BEV-005,10,620.52
e1b9a6b5-03f0-4dcf-8245-6bf0cb069f1d,87500810-63a3-4b12-895c-d9d5489e383e,BEV-005,10,75.19
fb477dff-9f26-46c1-bf3a-8965e8cb4c68,ad674013-d0f2-44f0-9b53-2784a053a10d,BEV-004,3,487.56
477e6fb7-30be-458c-8ec6-93e28056d089,4c64bc92-1afb-435b-aa9f-5a9bd2435cc6,BEV-001,10,419.65
b72edc39-d223-46aa-b3ba-26f33b7783cc,8c99d5b2-4caa-4c3c-bd7f-cc0855d0904d,BEV-005,10,941.04
611023ff-95fa-4e4b-b258-456d9b52ad67,2c1e5d2e-2a9b-4182-8333-dedc51988c1a,BEV-005,5,425.04
91e83c64-10e8-4024-82a9-4c06a3659576,2c1e5d2e-2a9b-4182-8333-dedc51988c1a,BEV-005,7,547.41
d8d6e03a-ad90-4fcd-8589-6f6847806761,9bb8eb2b-3e2d-4998-a982-5c0b22ea5d76,BEV-004,9,269.8
dee4a353-f386-419b-9dd7-a84d1aa3873b,97339209-fa5e-45be-9b94-9b3f92dc7551,BEV-005,2,672.06
27b72ecf-d69d-4695-a6b0-cffe2d45ab5c,c5ea1b50-d33f-4e40-8a74-c583125ec347,BEV-003,7,565.79
9830440a-556e-46ee-aec6-4118fa31de2d,3f5ea145-2da1-40d1-9dc8-340c1b1f7778,BEV-003,5,539.67
bb39c219-37a7-4edd-9ce3-a611511c9b6b,3f5ea145-2da1-40d1-9dc8-340c1b1f7778,BEV-003,8,48.2
b989275f-d097-4eb1-899c-584b195275cb,5027e3e9-25ba-4287-bbee-07e94ae68729,BEV-004,6,62.4
1a1535dd-3926-4c2e-9eaf-32822b117c1a,d0287766-9f32-4552-9500-84c2a07aaef7,BEV-005,9,764.83
5abb9883-b80c-444a-981a-baa97834a716,2041284a-a7c1-4eba-b03d-5e79f858da0c,BEV-003,8,677.49
9a0930d8-9fff-40be-b4dd-18fbd4e52f50,047fd50b-3f22-4cf1-9c3e-a7d543922127,BEV-004,7,714.44
1e4d0dc5-1c3d-45f0-9a83-61555151eec7,31364519-3a54-4123-b8f9-c232ba8722ad,BEV-001,1,43.12
fd347fb3-caea-45c0-90b0-d2fd59b537b1,31364519-3a54-4123-b8f9-c232ba8722ad,JAF-003,1,896.62
7b3ccdae-078d-44ae-9529-37d116408498,ffa61dbb-e39e-455e-92a6-02eb5d019c7c,BEV-003,4,35.91
e77eccc4-b251-4d6e-aae9-062d2a71ff5c,a4020ad2-8f8a-4c29-8812-2cee21a87ed0,BEV-004,6,807.2
f64d327d-cec6-4a94-8a0b-f289d4f65a6f,a4020ad2-8f8a-4c29-8812-2cee21a87ed0,JAF-002,10,135.45
558b1a37-e60f-4912-b85c-9d1804dccab8,2f9dcfeb-b9e3-4270-9d25-2ff9ee1f853f,BEV-004,3,160.46
8a1c1761-ff1a-496c-850b-1bad3ab5022e,e638282c-af47-4971-bad4-88affe36f324,BEV-005,5,408.13
e3e4b95f-8e2a-4fe9-bd64-b58908dc1fa7,145492f8-3f71-4521-b976-983c6aa99bb8,BEV-002,6,911.76
cdc59d6e-820a-475f-8da2-e4651ec81d22,151366d6-606c-46fc-816f-3c22ade83a20,BEV-004,10,31.77
0e837939-15b3-4aee-bf4a-fb999be13989,144b98cb-483b-4f3f-b34a-51589573f893,BEV-003,9,546.99
5812e29c-5d66-4af2-9d0b-c6b6ef5881fe,58b35aaf-a31b-458c-9d91-c19c7e7f766a,BEV-001,2,135.51
371337f8-7d0e-46ab-8cb4-266d95817fd8,966e79ee-9bb1-4798-88b3-cbf520ec6377,BEV-003,2,743.07
d4aff526-ced6-4b4e-9dbd-1817abf91c60,c1eda02c-2db0-40a7-8ac2-f5fac5a8a700,JAF-002,10,311.62
4a98a607-6729-4042-bc58-db48985f6e0b,7f3f97b3-805d-4aa7-a8d1-f9670a182fd7,BEV-004,2,455.2
b434fd13-9d8b-49c1-bd51-cc6c5394ea36,c3961cbe-78cb-4503-91b8-434614fc26ca,BEV-001,7,962.51
57218b08-3d1d-4af7-9e3a-21cce6a61cf4,82bccbdd-f795-4c30-b6cd-0e06759d7fc0,BEV-005,9,433.24
3da9dfa4-e24f-432d-a820-c957ce3885d0,bafa2fbc-73da-4a3f-99d6-dd4f04169fb1,BEV-005,1,462.62
05c668d5-d71d-40c2-b143-122e35c6d3f6,88b152f8-eeaf-40ae-ae55-47ae949e945c,BEV-005,3,976.5
3a81b669-c3b4-4408-8c15-653131d40396,498a63f1-2f3b-47a9-88ec-a9e757f33ec1,BEV-004,3,652.98
a87d80cd-9a58-4f5a-a981-31c7e935c9c4,43694685-0f70-46a3-9e9b-12383ab91ca0,JAF-004,6,677.82
ec10b1a8-1392-4b29-9c0f-db87ff001c8b,43694685-0f70-46a3-9e9b-12383ab91ca0,JAF-005,3,379.56
744bc3ff-432c-41e7-a99d-961d2ef09a32,17982718-d4a2-4eb8-bf4f-c3da507b798f,BEV-004,4,906.08
27639176-bede-45d0-aca4-0781ab7283e1,a170f7ec-dd88-4fa2-ae61-b56011b73f07,BEV-004,1,957.0
30346619-9118-4fdf-962d-1509604ad4a7,7c31419b-626a-4fe1-a765-d46d8782b710,BEV-002,6,273.38
b7274b1d-244f-4fa6-9b5a-4c8ad8dcc195,7c31419b-626a-4fe1-a765-d46d8782b710,BEV-005,4,153.07
b773b03e-e472-4170-8bc8-596a2a369c28,7c31419b-626a-4fe1-a765-d46d8782b710,BEV-001,9,628.45
7303d01c-822b-43e1-ab99-6ceb4571ebe6,7c31419b-626a-4fe1-a765-d46d8782b710,JAF-002,7,640.85
5e90f765-a519-457d-8b57-94001cd44dd0,7c31419b-626a-4fe1-a765-d46d8782b710,JAF-002,5,934.94
6eb46cc9-de78-4037-8c77-6df81dc03ebf,e82bc25d-a500-4bda-b9ff-202f3f13bb3b,BEV-003,4,419.54
443a5c40-9824-4a41-afec-89651c909890,f4eda2f0-3c34-4409-8efc-04ad46480fd0,BEV-001,10,373.57
c80a345a-d289-4935-8938-6ac2d696bfa6,eb9be484-38d0-45df-b6e8-3a7f0e04e347,BEV-005,6,913.42
a09b4e7b-b865-4c8a-8cac-b00051266049,452eb9e5-3757-4c23-adc8-e3eb77ea6059,BEV-002,7,244.23
8e56bf11-b2bf-4605-8e59-e3c0470fbbd8,dd6f4be1-da96-493c-95f3-ba9308dc769b,JAF-003,8,947.98
53bf685f-3c90-4f46-a6b9-55554ef8c9b2,dd6f4be1-da96-493c-95f3-ba9308dc769b,JAF-003,7,607.06
77809212-7388-490b-90ee-d992982d36ee,dd6f4be1-da96-493c-95f3-ba9308dc769b,JAF-005,9,576.36
5b5b51ae-0df7-45da-95ac-8f22b88aafb5,1a806362-1923-4aef-972b-3c9ae803ce19,BEV-003,10,200.84
13d201ff-0447-4803-96b9-af992bafa02a,6d56bed5-f4e6-4918-81a8-dcf7aa357e94,BEV-002,6,446.5
83788768-ff70-4f14-968e-d6673501ac12,246897a1-8ed8-40cc-a652-d2e95d6b44de,BEV-002,5,979.82
a5b38d50-1909-4437-9dd2-d632b63e2cba,a47fbc9f-f287-4bb4-b97c-18ddc49908ff,BEV-005,4,883.41
cf3a1158-486e-48be-a1ee-f7e6eba08c3d,bdd763e4-93b6-4d97-ae21-651edfd00b4f,BEV-005,6,682.25
b3f8f2e8-8318-4f54-bd6a-14b274a36913,65bbab60-e942-4ce6-9281-4028706a11b4,BEV-003,4,211.9
c8f37b69-e50a-4dde-9a70-b32c9ec3a070,65bbab60-e942-4ce6-9281-4028706a11b4,BEV-002,1,348.49
045f3f46-18dc-4878-9297-b25b5c355743,6cd3a00e-71cc-4aff-801b-5f71d53fd954,BEV-003,8,506.32
53fe281f-8a35-4b4b-a25c-7b2f5ab26778,cd57e6b5-e872-4740-9c74-9de205c0d289,BEV-002,9,110.25
98d8c1aa-7372-408e-a0e5-b68d41ef18a7,264549f9-6579-4b34-aaaf-6e7fbbc82fa5,JAF-005,8,786.95
aeab7b3a-b97a-42f4-aa5e-1ed5cb6febf9,e34be4da-45cd-4d0e-9383-58d2af22112c,BEV-004,1,436.94
f1fd3a86-7099-449f-b9a9-da752b6e62af,c4e4b4e9-a310-41a1-921a-8bfa193d45c4,BEV-003,2,983.5
38278f29-74d8-46c4-a417-2a34d9699ec5,c4e4b4e9-a310-41a1-921a-8bfa193d45c4,JAF-003,3,998.6
9ee818fd-3a27-4d25-a919-d4979aa2a565,c4e4b4e9-a310-41a1-921a-8bfa193d45c4,JAF-005,6,444.92
2173fffc-67e2-416b-865d-c1442250c211,2893eb56-684a-4ed4-ae5c-c6a9ce092767,BEV-003,8,203.94
ee597615-ce06-4328-9257-48545a18e199,2893eb56-684a-4ed4-ae5c-c6a9ce092767,JAF-004,4,905.27
08d68f43-4246-4c29-89fc-bada92e94b62,3771bfaa-df9e-45fa-a20c-04a81025fc1c,BEV-001,9,538.92
cb7dc099-7afd-460c-a82b-2e9dafd54fb2,43bbaa82-51b3-40eb-bd98-d8772fb9233a,BEV-005,6,740.51
2664f905-a04d-418e-83b1-04b6c4ecb054,55a2a533-676c-4d22-9f26-a63302a8fab7,BEV-003,5,146.68
756dec40-5c7a-43c1-99a1-29631d4e4d28,55a2a533-676c-4d22-9f26-a63302a8fab7,JAF-005,4,304.1
d012a9ef-e7d8-4376-8109-f153bdc4f579,638f07e0-6f3c-4d13-8d23-50b2f0241de6,BEV-005,8,879.57
bc9e3219-def6-46cc-bfe6-5ee44df9c442,c341e0d9-3f64-4ea0-8156-6d2a66df57e8,BEV-003,5,934.29
9f794ad9-9bab-4053-b857-ad8346b44ea9,637bb8ae-cf2a-4163-af68-813d11ab5692,BEV-003,9,233.44
b812d1df-10f8-4c08-9c8a-ec5512e3301f,b95edee7-3611-42fd-93dd-05f850128ffe,BEV-002,9,220.29
7ce5e623-48e3-4294-9d05-949db18735b9,8f994633-e6c4-4e19-997f-8dcbabb13efe,JAF-002,1,473.3
98e0a50a-c4ef-4539-a58a-e1868657bddd,8f994633-e6c4-4e19-997f-8dcbabb13efe,JAF-004,3,332.68
252cce50-408d-4f12-9f1b-79556d929228,aa37e5bb-409c-4835-84b2-6c8f44b8554b,BEV-001,5,426.03
f23ee023-c6ee-448d-bfac-32de74323f28,87e0bc92-93a4-4dc4-9e4a-ff1efa5e34c3,BEV-001,6,619.06
9d267fb5-5e84-4774-aec8-f9ad9a7e409e,a80d2ba5-e63c-441e-8500-a6c0f315075c,BEV-001,9,346.59
659e5ef4-d85a-4978-87ae-499e42bf8689,e8277b68-e0ec-4e6d-88c7-9026540af1dc,BEV-004,3,414.91
6d1ef050-513c-4194-90f0-a04ad32eceba,e8277b68-e0ec-4e6d-88c7-9026540af1dc,BEV-004,10,429.5
e2fa270a-9339-4d2e-b34e-59ab8c31811c,e8277b68-e0ec-4e6d-88c7-9026540af1dc,JAF-003,4,500.23
3e8765a9-d68c-45e5-bf6a-253e77f81dc9,ab4ac627-df6e-4785-9b5c-5a351268beb2,BEV-002,4,455.18
11ac181d-b3a8-4f1d-87aa-8fe27e986dcb,99bf8097-cdb2-4e29-a390-0baa8bf092df,BEV-002,4,270.13
de281cb0-a1ce-4b0e-85e5-9f9fdef1b3a7,3d1f97d9-6b64-498f-8e2f-36fe6426cbfd,BEV-003,3,61.62
0d37731c-08f1-46bf-ba3c-7ab501bc2422,3d1f97d9-6b64-498f-8e2f-36fe6426cbfd,BEV-005,3,779.33
8bd31f10-aec3-431a-a37c-c24fdd017269,3d1f97d9-6b64-498f-8e2f-36fe6426cbfd,JAF-001,4,223.08
bcdf49f0-fdd4-45d5-bc5e-04fd26eb4634,ad26c61d-5c34-41e3-b9f3-8c16e8a1799f,BEV-002,6,594.89
cb6855fa-ee4c-43ad-bcd9-6e01f2ff4afa,0880ac2c-6657-4e47-bc8d-8bd623baca2d,BEV-002,10,183.5
f70f76bf-9660-46da-b575-2fca92d6a95b,e2c74365-5fba-4295-aebf-f99f8e16360f,BEV-001,6,647.84
67720e15-b75c-49a9-a3e0-f3bf2eccaef7,af59040d-aab9-49c0-9739-f1d9b762a1d0,BEV-004,4,370.24
b94574e5-ea3a-4a49-b1f6-8d2e327fad15,9f3d347f-d6e1-45e6-80a0-8c1f691762b6,BEV-001,10,458.49
7cd5e26b-ae3d-4c13-90e9-953fddba535c,9f3d347f-d6e1-45e6-80a0-8c1f691762b6,BEV-005,5,230.5
380b3e8b-abdf-4ce3-82b9-a9108e51de07,9f3d347f-d6e1-45e6-80a0-8c1f691762b6,JAF-005,6,635.67
d57e763f-aadd-461a-898f-71c2766963da,5065d89e-be27-4a67-bfa6-307a5dac1fd8,BEV-002,5,779.42
94b8a594-3cfa-4c4c-b635-12abecb2059d,e5375150-3cec-4bcd-8e29-236119a92ad1,BEV-004,4,349.54
46730204-09bb-47a3-95c1-3a5c6c59795f,73dc4dc1-fe68-4000-8363-fa0f79c2ddd6,BEV-004,2,548.43
311360f0-9ff2-404f-b767-b79697d6f7d5,01da4cf7-399e-4a6a-9d2c-cc1dde04fad6,BEV-002,6,812.43
48608a77-cce5-4217-ae9b-f8aa787ad761,f1b5b404-d7e6-4079-a9f7-423bf5acb4be,BEV-002,7,176.24
6ec01e9f-a611-4616-b273-71f6b70f1a5d,f1b5b404-d7e6-4079-a9f7-423bf5acb4be,BEV-001,2,891.59
b442bdf9-6967-4c5d-abdf-7a4e88fc85c3,a178c52f-48ba-4109-a382-7f888594bc29,BEV-005,3,590.07
bf64d778-b9ed-48ae-bdb1-dff17eb8cd8d,73164830-73eb-472a-abe5-349de4302568,BEV-004,7,411.03
41f081ec-c990-41f9-bd73-e5653a10684d,ea119cb7-3580-402c-985e-8f988c1fdb0c,BEV-001,1,472.85
0d872d19-2d65-4263-8209-463b4dcde1f1,1ec0223b-e04b-49b1-9013-71623cf1277b,BEV-002,4,732.99
c53eef2c-9564-4a00-9e36-88faf0c3214e,9e7b9a86-0896-4dd1-9273-62b94597da8b,BEV-004,8,149.41
96983f4d-ccb7-4cbf-998d-0b7a23a41527,9e7b9a86-0896-4dd1-9273-62b94597da8b,BEV-002,10,84.91
7b0b1204-fb5a-43c6-9108-70c466cf8bf4,94f23e80-c0bc-4cd1-9dfe-ef5fe72b1241,BEV-005,10,99.24
544a305a-4d49-4ef7-89bd-bac4d93c4234,98031671-2149-4406-b6c9-9794e1370b2f,BEV-003,6,525.05
1cb7bb0d-809e-4f39-ba3a-131e42b5c1fe,98031671-2149-4406-b6c9-9794e1370b2f,BEV-003,1,447.54
ad3b63da-6f79-4e94-8ee1-e843fe0aa96b,913d7b5d-9d79-4975-b4bc-546ef924b1fb,BEV-002,2,711.54
4e440a3a-657b-47df-b05e-1a7eb76d4500,913d7b5d-9d79-4975-b4bc-546ef924b1fb,BEV-002,7,616.81
0d583ccb-6d8d-430a-99ca-268e36c796fa,be2c2a9e-5f36-445d-b98b-66a556140f5f,BEV-003,7,485.19
220c85fd-9e40-4e8d-a194-2620c11a4620,6c034f24-8527-4e38-bb24-a8c2966537d9,BEV-001,7,733.59
d3b27614-a9ae-4c87-b824-3fd56c3b9f61,ad23aefb-1421-40c4-8402-1270aa7bb3b3,BEV-004,8,387.17
9ab54ca9-66c5-45e0-a27a-2fc69b3370a1,662175f1-e49a-4314-9c8d-bbdbabfc20da,BEV-003,10,807.45
12213291-2038-413f-875a-3be9e1a03b04,662175f1-e49a-4314-9c8d-bbdbabfc20da,BEV-002,2,980.26
6920a8fd-853f-44f6-96a3-ee7f34999738,f6cb2006-3aa9-4d0a-b2c1-b4174ebd2ff4,BEV-002,7,39.9
f0ab7ea5-3d5a-4fc2-a630-5e81a269e5f8,f6cb2006-3aa9-4d0a-b2c1-b4174ebd2ff4,BEV-002,8,39.94
76cb2dca-5800-4804-bd70-9a90a77243ad,f6cb2006-3aa9-4d0a-b2c1-b4174ebd2ff4,JAF-005,7,293.6
9949898e-a2be-4a61-ad03-9a3aa16ad81f,7c963ddb-214b-4c5f-9a01-f717c1302475,BEV-003,1,265.51
3725147e-c3f7-4c35-9a7f-e445a5a0f863,928a1299-d482-4cd8-9680-3c547aec2f11,BEV-002,8,363.67
0f563f0e-35e6-494f-98c1-0ad18ab76593,928a1299-d482-4cd8-9680-3c547aec2f11,BEV-005,7,476.4
ef492523-2ee9-45a1-a341-6455c860c11b,928a1299-d482-4cd8-9680-3c547aec2f11,JAF-002,8,857.32
02597081-906a-47e9-abcb-43155b18c6e1,eac28538-d88f-4f85-a5e8-ca4b2dcbb153,BEV-005,2,324.44
62f465ba-3160-49b9-ab81-c6cbc2281efa,eac28538-d88f-4f85-a5e8-ca4b2dcbb153,BEV-005,1,487.07
894253c6-404c-45e0-b9fe-5f4e940e3177,df72640f-2c47-4d23-8c66-f464637a4546,BEV-005,10,204.53
71bcc761-7c23-4734-9db0-c186ce84b361,ca859607-350a-4d4d-bc1a-bf6f9b593112,BEV-001,1,186.0
d0ec94ee-2b0e-43e3-aa90-d09b9dd9a0a7,ff2fd107-491c-4fe4-a59c-754d9c58610d,BEV-005,5,72.98
b3ea0d11-3681-44f3-b614-3599a461361b,a16c9d60-d629-4a55-b9c3-e9dfe28305be,BEV-005,3,237.4
de741a35-b386-4cb0-a555-d5790c5b40e8,fb770312-663c-4e50-8a4e-9144ac17d497,BEV-004,7,516.92
b357eb2e-7584-4081-9d3d-d721b9310bbd,6cb7ac64-3fa1-4400-9690-25e4aaca50f1,BEV-001,1,391.02
7bf5f511-d503-42e7-9e05-90dda3bac79f,5c08481b-78c6-4ea3-95f4-f922d5a25bef,BEV-003,8,915.57
82a47efa-4b5c-4552-9998-05f82a680065,bbc56930-5df9-41e3-9613-5beaa71128bb,BEV-003,4,653.14
a995ee58-a77d-4d4c-a36e-6399951a5f19,fe8a477b-502c-409b-a04f-20a981541e30,BEV-005,6,354.91
91aeb868-8b6b-4a98-aa6f-110c708e20a9,a0e07acc-48f1-43c9-b5f5-68e8cc729416,BEV-003,5,805.3
de93ae4b-51d7-4433-a7e1-fa165e4db3cc,c02a8136-04de-44f5-bad7-0182f618e3d5,BEV-003,10,649.53
9f13b5d9-bc69-42b9-88d8-bf6169775d05,c528e294-53d5-4657-b14c-db18df0ce634,BEV-004,6,356.83
4b1127ca-2aa0-4ab9-8c62-999e2574ab96,7f27b693-7303-428c-85af-bbd4b209dd3b,BEV-002,7,185.79
396dcab0-f5b1-4837-8488-6da250d2bd09,7f27b693-7303-428c-85af-bbd4b209dd3b,BEV-003,1,810.38
de800a3d-234f-4a42-afd6-212b8c7530af,247669bc-8fdb-491f-a77f-400ef345a30b,BEV-002,8,291.28
f7e70505-622f-40dc-815b-9d9bc9fac347,0d604ac8-3da6-41a9-98e3-f52f67e7f496,BEV-001,2,141.69
047906d4-3293-431e-bc79-c5c0d132cfc4,0d604ac8-3da6-41a9-98e3-f52f67e7f496,JAF-004,7,683.92
740f97f5-2abf-4ae8-b520-68460962f21a,5daa84b9-f61a-452d-b4f3-0c64ae20b43e,BEV-004,8,641.13
752e8a98-294a-49a1-a44f-d8a2729b4f5e,2a3927ce-8725-4a23-87a0-7f93bbb84f05,BEV-005,2,825.77
35fc3110-48b6-4ee6-baf7-e62c29ebdd1e,74372046-ff20-4e59-95f0-e9d2e5ce86fd,BEV-003,8,245.51
a52f7780-8235-4554-b092-98dcc93c2a19,74372046-ff20-4e59-95f0-e9d2e5ce86fd,BEV-001,4,584.62
0a85eb0a-9b0c-4847-afa0-d4b3e719563b,74372046-ff20-4e59-95f0-e9d2e5ce86fd,JAF-001,1,951.48
19ff5498-749f-4fb8-9079-28bb18134b8d,74372046-ff20-4e59-95f0-e9d2e5ce86fd,JAF-004,1,593.47
66a5eb7a-d771-44de-ac14-40ef86efea9d,30274883-445c-43b2-b858-0168b8655aa5,BEV-001,10,933.65
4d020fe6-cc65-4cf8-80f1-98d931a73569,30274883-445c-43b2-b858-0168b8655aa5,BEV-004,2,825.84
999760b1-1997-40f1-b9cd-0ae82c2d12fd,30274883-445c-43b2-b858-0168b8655aa5,JAF-005,3,929.36
6de2fa6a-a55f-4b93-beda-2739143268a0,30274883-445c-43b2-b858-0168b8655aa5,JAF-005,1,676.66
fc38bfa2-5131-4a47-a068-3e9ee7457b7b,367215cd-bf1c-4b4b-ba4c-365b06aa05fa,BEV-002,5,59.28
5d90dd8b-1059-4d32-8353-feedcdc6a3c5,8de01511-0062-4b3e-99d0-a1433aea5800,BEV-002,7,755.21
007d79d3-5131-4c27-8a9e-bf3db46ca048,aeca1329-e99d-4e1b-867b-e120898faf15,BEV-002,1,742.64
59e90c84-909d-4008-a69f-8f2e64807e65,3bfffee0-80f7-431f-a26f-bd6bde0ff14f,BEV-004,2,830.6
c3d405cb-7d39-4c53-9886-69ed05b14dc7,d34970c7-21c7-4783-8214-d81f2af13d28,BEV-001,4,274.77
0493a1f1-df48-4e7b-b4dd-c98aa99c8f08,f017ac38-7221-4d3c-ba3c-de49e5744ee3,BEV-003,1,509.64
fce4c7d2-db2d-4871-849f-6295a2deb4a7,d37810b2-0d78-4724-b054-5e901f8fd913,BEV-002,9,897.22
1fd1ddfb-5a72-494f-a4b8-d59e9e469c90,31463e87-e424-4dac-8f01-442d51eb3484,BEV-004,3,972.13
5e8afa46-6c39-4031-a908-d2507c9e5db5,222eba1a-a1cd-4477-b548-55e64e8cea96,BEV-003,1,777.95
1eedb334-d177-4a87-a5df-e19b4a7225d5,3fa62d63-55d7-43b5-be50-9faffd8fdd9e,BEV-003,1,600.83
4303691f-5d0e-4c57-ac01-688bf4993a34,c0858d12-c636-427f-8b01-61cdb774b74c,BEV-004,2,902.97
0c7332da-a39a-44f7-aeb8-425162d82165,c0858d12-c636-427f-8b01-61cdb774b74c,BEV-004,9,736.76
091a578a-752f-4d18-be91-877db9af90ea,c0858d12-c636-427f-8b01-61cdb774b74c,JAF-005,2,303.26
d23a5408-90b9-49d5-bd2b-1ff34db19d9a,c0858d12-c636-427f-8b01-61cdb774b74c,JAF-003,8,151.61
a1887d56-7530-4912-95f9-19d2fa7e295d,5e2b1939-540d-4be2-a8da-9bd3610e024c,BEV-004,9,72.91
c3fc63ad-9332-4dcc-8018-47e53f0515fe,fdc103da-5268-42c0-95fb-020849587b03,BEV-004,7,812.92
b907446a-63fd-41d2-a333-2a2bf36ae865,eb847788-8f52-46a7-b5aa-a70b6add6b9e,BEV-001,8,899.54
8dc9346f-6519-4cd2-a86e-9fd4e42c0600,8588294e-a87f-44a5-8287-bfc08bfbec99,BEV-004,1,112.51
dda697e2-8146-4735-8862-c54c74ea48db,884c9226-867d-4711-8d76-92d5ea22c1bb,BEV-003,9,306.1
c813c6e4-0593-4f6e-b7ec-4fa834a73f23,f82f1f0f-fa3f-4332-b504-a57a556c3a24,BEV-003,5,222.15
6ba7d536-1f49-4791-a52c-995adaa5e745,1fa3fcf5-d5c7-4ee7-bb17-267293d1ed86,BEV-004,8,695.54
9d0ca83c-81b3-4f75-a09e-5496d6a962a0,d6de5873-6270-414b-a740-5388cb461701,BEV-001,1,377.03
f6910df3-7911-4470-9814-e20062e217c4,d229762b-1eeb-4b1a-879a-9810d843d74a,BEV-001,4,514.8
11563f98-9918-4376-8b40-61af6b6e23d8,a379bc61-aea0-496a-9ae6-f50ee74a38ab,BEV-001,5,785.69
8625cfed-b8df-470b-a5e2-eeb30d02d679,7f51c99f-a495-4258-ae04-da83db29e8af,BEV-001,5,980.88
be8b0a6e-35d5-4330-8dd6-cca7e9c403af,b9c0f1fd-f15c-49d5-80c1-9db4da0adb17,BEV-002,9,583.64
c28de2db-d6e1-455f-bc49-41e6cdfe187e,7fce2e8c-96c6-4a41-91de-a50c65f6c3df,BEV-004,8,942.98
ff726944-ec12-461b-822c-436a095d36e8,7fce2e8c-96c6-4a41-91de-a50c65f6c3df,BEV-005,1,249.9
ee6099d0-e135-48d3-a7a2-931e92b0021f,7fce2e8c-96c6-4a41-91de-a50c65f6c3df,JAF-005,6,555.36
acdccb0c-37e9-41a8-bb95-c65034c1bfc5,7b563581-59ff-47eb-85f5-16e56e501fad,BEV-005,10,281.88
12815445-9996-4ce7-a950-151167f549bd,b9454fe3-e2b4-40e5-b637-54e7d7d83f6a,BEV-003,9,857.71
294db2e1-cbd6-4618-b3f6-5767742a54e3,f9b6a26d-f60e-4655-84f2-23c702f114d1,BEV-002,7,958.25
d30dce8d-9e72-4a5e-8168-b4c641d8be64,560399db-695a-4878-91ff-e60768a589ed,BEV-004,3,816.53
da9647a6-ad2f-48a8-9df7-a323603a6ed0,9c2964ea-8070-4757-84b1-220088559c8c,BEV-005,1,608.01
299da776-ddd7-4c07-a5d9-ab3aa2acd147,e60e27ea-052e-490c-b320-ac63a7913978,BEV-005,7,188.57
99ded0f1-6b4d-438f-9d75-14703afc4b38,2335e586-c523-4367-aed1-6045bec37796,BEV-003,8,850.39
b4af15b7-705f-4022-98a6-00f98db8d7b7,9ec53438-d5d0-46ef-a712-a5193c54de53,BEV-005,1,93.88
3910fb4f-5f5c-41f9-b0e6-bdd14f14da78,8ffefab2-ebe6-44c3-be98-76b61d38b715,BEV-003,1,232.9
1e5127ca-a1a1-4fa9-92c0-17bf2976aff7,c01597ee-9d06-4b60-a6c9-d78b3ce6f704,BEV-002,2,793.77
faf23f72-07eb-402d-b51f-7708a4792ffe,c01597ee-9d06-4b60-a6c9-d78b3ce6f704,JAF-004,8,379.6
32fd8c87-bd7e-47a2-ad22-15e7dc6921ad,129b4377-13f7-4814-9fc8-a0c25085b072,BEV-004,5,240.66
53f3dff0-8c09-4274-b84e-1155d5688a05,129b4377-13f7-4814-9fc8-a0c25085b072,BEV-002,3,817.7
9eae8d6a-3ce3-48de-ae45-0e1461b15b08,129b4377-13f7-4814-9fc8-a0c25085b072,JAF-003,7,990.45
19736787-16a7-4b7e-9695-771035b843db,0b61ff2c-8175-4b98-8428-36d7c556d738,BEV-004,9,653.14
8349e1bb-f492-465e-92c4-adba151872b1,cf60a21c-c05f-473c-9a14-839a566e4c01,BEV-003,6,675.01
32dbebbf-be3f-4644-a867-841de80333c8,517a27a2-0337-4ea9-9248-8eb1cf6dd7da,BEV-004,3,106.11
28cde278-6112-4e6f-ad13-ae81313caf0e,517a27a2-0337-4ea9-9248-8eb1cf6dd7da,BEV-001,6,355.5
e63601ed-295e-4ebd-aa3c-a011886ecb1e,a4f7d4de-7edd-4728-a40f-fcc18bbbbb13,BEV-005,3,710.55
1aea594d-e8d7-4ee1-9ab0-d8a51a1f9de9,a4f7d4de-7edd-4728-a40f-fcc18bbbbb13,BEV-005,5,863.79
cb125d91-6092-4dca-afd1-b12c47a288de,a4f7d4de-7edd-4728-a40f-fcc18bbbbb13,JAF-005,10,328.78
8173c9de-beae-4825-8973-5323e7d9a0fe,a4f7d4de-7edd-4728-a40f-fcc18bbbbb13,JAF-002,2,669.77
365be8c0-c7ff-48c8-b786-a5504037e7ed,403770ab-4171-4470-b3e3-933ad1826dfb,BEV-001,3,874.73
8f167142-d84e-4752-a8ff-b31080dd98d0,9e41596f-e289-4a55-9b41-c4dbfdb8f684,BEV-005,4,527.85
adbe2fd2-60c6-4c59-a181-de453eb1c7bb,1f7f9c94-a929-4fd1-acae-0e72e7a33214,BEV-004,10,507.73
6a921024-bca2-49df-9783-d01b24add014,e602ffbc-83a0-42b8-afec-61959ba84b35,BEV-004,3,590.86
a544305f-8fb6-4870-9753-baf164418621,e8b08734-06ae-47a7-9b60-bd75350f062c,BEV-001,3,56.96
ba3864a8-c43b-4b39-8e79-22f9752b44fe,ab8705e9-b0d5-4022-a4d4-78e1c3f74a83,BEV-001,5,696.25
04d578d7-13e0-43eb-bbb9-835a46d79a7e,aaff5cef-fae6-4ad5-860c-2d0d88f37812,BEV-005,10,379.63
861d8ca3-79d3-4b38-8131-a2ed1f7e80a3,aaff5cef-fae6-4ad5-860c-2d0d88f37812,JAF-004,5,83.82
bb4ce9cf-679f-4b5f-b95b-865c47bb0241,63d97436-0a88-4ced-bc96-243e8d249ba2,BEV-003,7,201.27
a707d23b-ed94-44a0-a406-17a1e554ba03,dde1d3a8-977f-4be9-87cb-f122e79de611,BEV-001,9,302.71
99aff27e-ca02-4f04-b3b8-8ffdae6bdd02,4344f84c-3bce-4aa5-a41d-973b6bb55873,BEV-005,3,40.97
a9cdbfb9-ed07-4200-a291-4d8e355c8455,53c2220c-bf7d-4208-9119-06c6bfee4206,BEV-001,6,547.48
e6763b20-1acc-4f1c-b1ba-0c3fde0e7005,746dc6e1-1bb0-4756-ae5d-39ccdf3d5971,BEV-002,9,769.18
e04ddc77-a6ff-4cce-9323-57eaaebf1bb7,c1c2c259-ea85-49d1-b455-bea1414ae026,BEV-004,8,974.85
bae2b896-9f96-4e13-854f-1ea977f64dcc,8a9464d3-4410-4ba5-8685-4529a813509d,JAF-001,6,890.44
d3bb2bd3-ff0a-422a-a70e-8f4adb1fd670,ed749490-7994-445c-9138-e1a7f686900e,BEV-001,7,861.83
050caf8c-6b55-43ba-95e2-0c738062f143,10f4478a-3752-49f9-abf7-c43c71db1434,BEV-003,9,192.23
1b045feb-8cd1-45e9-98fd-1c261bfd6553,62d1406e-6077-4b25-a3d0-eb2b4caace8d,BEV-001,6,226.07
5f947325-736b-4f06-bc33-2e4efc35404a,62d1406e-6077-4b25-a3d0-eb2b4caace8d,BEV-005,5,880.29
29327d47-2d02-4298-a374-f58e88fe6a26,791a8c0c-ddee-4674-aa74-6c97cb9ba5a2,BEV-004,5,129.02
26a9015d-ce08-40fd-b408-2049d8284d8b,39518ae3-0700-44b7-8a94-7b46a2ff867b,BEV-002,7,246.01
bbf0cefd-f75b-4621-9cbc-6818645f7761,e8ec54e0-ee22-42de-9b08-28c58b9cc908,BEV-003,10,754.78
2d45ce74-4a19-44d6-8edf-9312fbab7645,e8ec54e0-ee22-42de-9b08-28c58b9cc908,JAF-001,3,892.11
38fe1e95-2c99-4b72-9266-7b0785d0ce60,a1ede3c3-e7ce-43f7-b95f-37c08ab2b3dd,BEV-003,7,710.65
4ae28e88-1728-4b65-a7c7-5c62edba20b6,a1ede3c3-e7ce-43f7-b95f-37c08ab2b3dd,BEV-001,2,910.34
dbd5d628-be73-45cc-9fb2-492794065fbd,483c8491-bb99-417d-b16a-0aa2b8fb83eb,BEV-003,4,253.7
7752fb0f-7767-4ec8-b789-840f18856a47,deadfdcf-0f32-42ae-8cac-1205c9846e01,BEV-001,3,381.41
92633752-8f75-4bb0-baa3-5602045c68c3,33d1a4f0-7fdb-4e32-bec4-811158fda464,BEV-002,1,515.41
a11df49d-6bdb-4288-9641-7b56c0e78ebb,039a2dc7-a932-4608-94e8-a29eba019f91,BEV-003,2,253.69
1f35c5bf-78cb-4328-9e42-d91b6fa4f7b8,f36d97b1-aed7-42e6-9295-5ecd3f8462ff,BEV-003,6,654.24
470aeac1-e111-4ce8-9e8d-d9081d16be1e,b3aea67e-e62c-43a5-8db0-3c9586d3a674,BEV-004,4,551.86
66d2914d-eefa-4a85-9c14-034cbecbd835,b3aea67e-e62c-43a5-8db0-3c9586d3a674,BEV-001,9,978.49
d21a69dc-a89a-4d25-9431-05b351c3b8cb,b3aea67e-e62c-43a5-8db0-3c9586d3a674,JAF-003,1,444.84
17c6ac9c-945c-400f-bd3a-078a297a43cc,b3aea67e-e62c-43a5-8db0-3c9586d3a674,JAF-004,1,352.9
5d9a5db8-657e-46d9-ab73-4b870bcccc59,665583f9-22c9-4133-bfa1-1fcb6a331a95,BEV-004,3,225.73
ccf6b181-c48f-49cb-b4e3-9f76783ce2ae,4b04d22d-0a05-47e5-a998-84ea6f7abf2a,BEV-003,6,948.89
e6545522-f814-45fa-8dce-54d952a32d58,57a031bd-52f1-473f-a3c6-38836d72c456,BEV-001,4,854.48
bab66cbe-2d61-46ae-8eb2-8e5a6fd48c94,284a7f54-816d-41c2-bc18-3a1d4c1bdb50,BEV-002,5,39.28
55525fe4-1ee6-4647-bc9e-02ecc309baaf,958c1ac7-7f48-419e-9330-58826342b9ed,BEV-003,8,762.87
0fc5df0f-4239-4481-a988-6954cfa09d4d,060b66c2-e241-4388-8999-c0be7d4f3b36,BEV-002,9,415.02
ad2aea8c-1f11-4252-a8eb-3e1c8ae7d577,9e1f04ce-e782-47a2-ae1f-c6b505b117ab,BEV-001,3,538.19
2830cbee-ce74-4d62-bc13-0de6385f3961,7b4f06a8-18e8-4a8d-9371-0947e97ee355,BEV-001,2,347.19
05e551d5-9794-44e6-9bae-6cad52dd921d,5ec0b807-ef42-4843-9126-f83c4032fcf0,BEV-005,10,267.5
c382a67c-46e7-4c18-b6da-c406376e899f,619ed283-da84-4c76-ab69-b24688322756,BEV-001,4,407.1
5aaf7ed8-6c7c-4978-847c-66c3dc0a9716,619ed283-da84-4c76-ab69-b24688322756,BEV-002,4,55.69
a1882341-5c72-4617-9555-9ca016e7579e,619ed283-da84-4c76-ab69-b24688322756,JAF-003,7,327.44
a4daeeaa-4ee9-4697-bee2-9b270c2c1409,619ed283-da84-4c76-ab69-b24688322756,JAF-002,4,649.98
3e2b5b95-e358-4148-8144-085a000b9265,619ed283-da84-4c76-ab69-b24688322756,JAF-005,5,387.36
71f54f80-cf59-4147-b8db-195c67ced9ca,3bfdff93-42ac-486f-b80e-442ac8433f11,BEV-003,6,458.6
ae92727f-216b-46c5-b6c1-b42cb0e4f5fe,ea82336a-465e-4394-9091-29e200e32e46,BEV-004,3,19.71
2928fde3-3af0-4ce9-a8fe-2a4df6d50fa0,e5346c5b-9ebf-4580-a73e-e391d5491ccf,BEV-002,8,310.38
683240a9-b573-43b0-aa51-fc2cb8d3f032,2aa254a9-dfb7-4c6e-a677-3a35cf30b50c,BEV-001,7,963.93
acbd635e-47f5-4892-ac5d-82d390f248d3,70499251-37e0-4753-8449-0759f1b71085,BEV-004,4,902.14
a93188fe-463c-4ef4-a1e6-92e04d37f518,e115d2d6-ca8a-411d-9d2f-1518e9cd65ea,BEV-005,10,22.54
9142ab06-02de-4b20-bc38-c2c60cdeafff,4c8794c8-3cda-4886-bac4-1926453c6927,BEV-004,9,599.4
9b6889cd-3d82-4f08-9e27-409c3f2b0c98,ad367431-53d0-45be-bf56-bafd0960bcbf,BEV-005,2,773.1
309746e7-c44b-442c-a328-b984c44cc1f1,70313903-f4e6-4e3c-91f6-99d518c9f75d,BEV-001,1,949.29
1118a7e1-1ed3-4fbc-9d0d-099ff3392b48,6dc759e9-86f8-4963-927d-67cafd52beda,BEV-004,10,716.36
8d7019b5-0473-4eec-a577-5e5c1a318418,288cad2b-e19d-425c-8837-b5a15eccbae8,BEV-005,2,417.8
2557fcfa-899c-47ce-b055-7335fc125b04,69604206-9fe9-422e-91bc-710febc73963,BEV-003,4,194.03
bac8a175-f40d-486a-be26-1539e6365ddd,92de128c-6d25-4ffe-8357-dd16bfe6ae67,BEV-002,10,383.85
d1243258-f236-41dc-a2ce-332c4a4f9acb,2d297bf9-2738-443d-9545-1ade6a9b52e3,BEV-003,2,885.08
3b220d2e-fd70-42c8-a4e8-41c3227e611b,5b3b9c47-e9ea-4314-858e-f7ad3caf204e,BEV-004,10,830.26
ce721766-173d-4000-9386-73dd7540104f,2807278d-9503-4536-b263-914decd97129,BEV-004,9,228.66
cb890bbc-6644-4c45-87ea-ffdbbdc08643,662e5e73-c90d-43fa-914c-fbd8fa815428,BEV-001,7,441.52
10485b5f-6f37-46b8-8240-f6bf139c1dca,4b95d6ed-43f7-48d2-b918-068c48f6163d,BEV-004,8,168.38
a1154583-ea6c-455e-818c-4ebe64ec9e37,19614717-ea50-40a8-b14b-3a717223a367,BEV-005,10,117.96
38acdbe1-d5b8-4720-88b2-9c594dc64793,d13efc46-d960-41f7-9a9c-1cd0855edaa7,BEV-003,8,145.11
a7f4fcbc-fb2d-4f3a-ba54-653003ce3054,6d7482c4-70de-4ec8-9807-2c517edaa2af,BEV-005,4,179.15
a140e4fd-ab23-4f84-88a5-2111d8ab1ecd,977cfe85-6173-439c-827b-579c0b284991,BEV-001,2,120.91
3b2c89bf-2a76-43da-bb6d-a9c06c8fed56,b2796202-91b0-4cf8-b33a-53f7e4a6cb32,BEV-005,7,331.34
168211db-1e96-4462-82cd-1d51ac4a871a,62090318-36db-497c-87dc-cb0d7bfb87b4,BEV-005,8,746.99
27fa60c0-bb31-422b-921b-fee31ace871d,c7d8b15b-0aac-499a-8230-5f2346510ec4,BEV-002,5,17.96
d2283b20-b589-432b-bbcc-9eb54c3b9589,c7d8b15b-0aac-499a-8230-5f2346510ec4,JAF-001,8,692.28
ce3cf15d-843f-45f2-9c47-8b61fba86917,ed351673-9f54-4779-8115-faff9eb4cd36,BEV-002,5,175.86
dd138853-47f8-4143-b7e2-5b367334f602,99bb1f8f-f662-4a8d-9cf9-08c2a01b61ca,BEV-001,8,244.52
e929e966-2e77-494a-accf-19a19819f1fd,440b0fe4-c7bb-4617-beea-4dd60b8c4baf,BEV-002,5,318.01
c3c93cdb-8940-47a5-babf-556105c38ce6,7663b9d0-1530-4ded-9b4a-a94a4e7381cb,BEV-004,4,313.14
dd98a584-d8dd-4cdd-897d-5a818bf14b41,b81b58b3-a3e8-4875-bae9-33772d7171f6,BEV-005,2,626.28
d5a98aac-5439-4941-9b1e-068386c8143f,f61e5c76-ab66-41f8-8464-a3b3264256a1,BEV-001,10,179.85
6c2798f3-d73a-487f-8fd8-2d7b68a08d39,150da41d-b5a3-4574-94c4-439ebe92a199,BEV-001,3,392.22
56e8f59f-4be3-4873-bbfd-44a34436ce92,58e7fb29-9c3d-4890-8b21-f403414e73f5,BEV-005,9,159.83
bed114e3-a453-4ffe-adef-6a6965ce5923,eb9dd1f7-c47d-41b5-b02d-a28af9da51ea,BEV-002,1,550.17
4c27de83-94e8-4b22-8305-5b33d4f77104,721f3e29-136c-4d91-a1c1-61ff329dcb56,BEV-003,10,771.55
1db7f147-f75b-4409-86fa-aa10bf19f124,4cc2b233-2c03-4d51-9b52-2e0a1fa2341f,BEV-001,2,270.22
1d3e956e-ea40-4a4e-83eb-f9bc260a7e04,6673b9d3-8ab2-4506-8649-99248a728ba9,BEV-004,3,109.37
b4d20c68-ce2f-4f6f-b2ee-afa65e30aec2,6673b9d3-8ab2-4506-8649-99248a728ba9,BEV-001,6,297.12
eb0942e5-2e29-4349-85d9-4c79af0026f9,212361dc-56cc-4257-acef-00ac55b3b550,BEV-003,1,185.54
dbb37488-98c4-47df-810a-a96d2d5978ed,3a9c301a-7db8-47e2-b54f-b21133be5fd7,BEV-003,9,144.28
3d45481c-1048-4d84-a38e-3e73049b7690,b52f81f1-d157-48d8-9d93-606499fd0bfa,BEV-005,4,273.88
39575e34-4e73-4542-bec5-f4f67d34955f,b52f81f1-d157-48d8-9d93-606499fd0bfa,BEV-003,6,471.27
4eb59792-6fb6-481b-9153-8e8c26bbe2ff,551f0fa3-9054-4041-a9e9-391bf6ad99dc,BEV-002,2,699.3
44fe3208-375f-4ab7-b2a4-4fd4d36e4a08,551f0fa3-9054-4041-a9e9-391bf6ad99dc,JAF-005,2,323.85
bbce2643-6561-4727-9318-74ade8e103ae,e572b47a-9930-48e8-99b0-e2e66e4c2ee6,BEV-005,4,620.13
461f11a5-786f-4226-adbe-d439bccb44d3,6738e08d-06f0-4ba0-b709-4a1685db761b,BEV-002,1,593.25
f015c868-23b7-4efa-8495-480be9529f68,68826a20-0e65-4256-877a-4a58e808f53b,BEV-002,1,100.26
6a4df0bf-67af-44de-bea1-cfa1621ef8c4,38714f68-f38a-4fae-aa85-c50dfa763653,BEV-005,6,634.69
b79f36a3-1b4d-4393-8a06-55b77b66259f,38714f68-f38a-4fae-aa85-c50dfa763653,BEV-004,1,608.25
8a659f09-7a82-4ba8-819c-458825e77207,46861659-8e22-4e53-a04e-80c4ee60f3a8,BEV-001,5,868.92
eb01b0a6-349f-4c93-b1c1-c54292e229a3,954f067b-fc36-4886-a84f-1dffc40eb7c6,BEV-002,4,708.65
bb25ab1c-2376-40ef-af5b-357e26656c2d,954f067b-fc36-4886-a84f-1dffc40eb7c6,JAF-005,5,351.9
98044d59-91ca-4844-993d-214924806771,2d7bbf48-5150-42d4-9264-fc3e18612187,BEV-001,4,929.45
a4b793dc-33e4-432d-9eba-949761064d1c,c967b65d-e8ad-42a7-96dc-f9edacf79b6d,BEV-002,1,47.47
63d8f3b0-12c9-4134-a047-80cb2186f686,c967b65d-e8ad-42a7-96dc-f9edacf79b6d,JAF-005,8,510.84
b046ff95-14d5-4074-b6a7-c23ea58b2547,d6cdcae5-5fd2-482b-89f7-d034db002854,BEV-002,1,191.88
3b2d2b46-821f-4a0a-bf89-d81505146bce,40ae2153-614d-45b6-9b7f-51dfaaf436f3,BEV-003,5,574.2
78c79c33-0aaa-40f4-88e1-13f587d9c683,3fa4990b-9c50-4487-b082-d8b5441ea6f7,BEV-004,8,448.21
f1705447-f191-445e-a23d-fa8d1f451d70,a08f228e-ee69-4132-ade8-ec7a8f881032,BEV-004,1,936.31
82dcb5ea-f457-4c1e-b8b6-84981108d142,7de9caae-434c-4785-9fdd-4eb200d4e3ff,BEV-003,10,745.7
718a056a-8a75-4488-b800-aa9d63ba9ca3,4e8c56d4-e9b3-44d8-8379-0c5f5af279fb,BEV-003,5,974.96
8b13ef28-78c8-4077-9f52-6c361fa1333d,756d4567-8710-4b89-814a-9c3bd3f5a2c8,BEV-002,2,529.89
f733aa1a-656f-4ac2-9ab2-9e715ee9c371,ae9a82ef-c666-4498-a15f-83904427a812,BEV-002,1,503.23
d4ef744b-40c3-430e-8a35-341df1a66f7d,ae9a82ef-c666-4498-a15f-83904427a812,BEV-003,8,676.89
46321169-a887-4b68-8941-a06d2ab07171,ae9a82ef-c666-4498-a15f-83904427a812,BEV-001,1,352.49
cb12a59d-b73e-4604-bd21-ae9dc579b170,ae9a82ef-c666-4498-a15f-83904427a812,JAF-001,3,637.03
c66dca5a-d832-4feb-9c1a-87abfeb5265f,2d0ae79e-cadd-48a7-b012-1355ff32e052,BEV-003,8,378.46
12397645-bd1b-4b35-927a-2ac0dd470419,18b16fa7-b360-49b6-a4c7-ac016bb4ea74,BEV-004,10,379.5
faea0658-efd6-4ba9-a7f4-45f67f7f85b3,5fd3885a-2074-40a6-95d5-6061d81b7d5f,BEV-002,10,672.27
8f64cfe5-0876-4f32-a695-87d87f3ad6d9,e4a40da1-5c09-48ab-9b4d-0e7275e31d2f,BEV-003,3,956.3
c685b99d-8fd5-4175-bc3a-7b5bc86720df,c2f159f6-4210-4b56-958a-4d9b7c9415ce,BEV-002,9,800.76
4e80f8ee-8963-4531-852c-45b212288670,113b4a63-2647-4b92-9c57-0322ddb5e104,BEV-005,4,45.37
a90d5b2e-db9c-4f67-b1b1-475e2638592b,edf803b4-ba5e-4298-a381-eaaa0e1f6f8a,BEV-005,10,243.67
5bd2ea4a-bea6-457c-9c05-a7e618aa2b4b,edf803b4-ba5e-4298-a381-eaaa0e1f6f8a,JAF-004,2,874.18
d1ae7a3b-98ae-431b-8e50-9ad681b787af,ea535900-24e6-42af-9b3d-84ef71392ff7,BEV-004,2,835.88
2429a0b8-25bb-4c1e-8cf3-47056942ec50,fb88dda0-60a6-46fd-bdf0-3d6a4ba1c075,BEV-005,5,433.95
6e0df447-e357-4e82-9038-ef2da78b475b,6620a3f9-2167-471c-807b-c8e051974ae2,BEV-002,6,115.04
a9a93006-3c4f-4a63-a840-2ca9229bf152,85fdb6ae-b78e-46de-8fcd-19b4afe1d396,BEV-005,1,669.79
c036ea90-234e-4a35-a211-f8065468b8f6,a47eed20-776f-417d-8870-b406dc5d505e,BEV-002,1,16.07
c2a91d87-0025-4692-900b-0109f4a8c00b,b731613e-118f-4884-8782-e3ebc1747aeb,BEV-003,10,37.54
80550c23-5ff8-4404-828b-85a5f732e06d,0d6e1a5d-cfb5-471b-9bac-4e05ae383a1e,BEV-004,2,184.74
e1713c0c-54e0-42e0-890b-81f8c39e45fb,e7991c35-d132-44bf-9ff4-6b1f23b71db7,BEV-004,3,336.05
9a6351bc-1076-4afa-99ee-c168ac525c89,44506d64-c5d4-4851-82db-dd356b01c564,BEV-002,10,719.83
ed556ee5-610f-4c91-a71a-2a0553a9b0c0,3072c6b3-fda6-4997-96d6-777747bef6ab,BEV-005,8,316.63
a2890e8f-71b1-42f3-b65c-fa900ab4cd5b,3072c6b3-fda6-4997-96d6-777747bef6ab,JAF-003,2,288.9
b95c848b-fe6a-42bb-95d5-ecc314d31eee,4cf55b70-a75b-4621-b901-ab748641b74a,BEV-001,1,916.85
c5dcb759-8d1d-4697-bd95-e7124b83e19a,4cf55b70-a75b-4621-b901-ab748641b74a,JAF-005,4,226.98
84d55fff-5dd7-48a5-8e53-af09a193df95,768353d8-5af4-406f-814c-e23238dba2e5,BEV-003,4,649.5
fea6fac5-098f-42d1-b18d-398aecd717c2,768353d8-5af4-406f-814c-e23238dba2e5,BEV-004,1,166.47
e2e1eb18-18fd-432a-8fff-3a7a4bb41371,768353d8-5af4-406f-814c-e23238dba2e5,JAF-002,4,330.83
a86102e7-7e2c-45df-ad1a-0fc4c82fc561,768353d8-5af4-406f-814c-e23238dba2e5,JAF-001,3,315.07
493c8fcb-5798-466c-94f4-f88ff117faa7,13739789-447c-4583-b00c-6fd48ec76a61,BEV-002,9,521.23
f62b0540-e22d-4df1-b2e8-b956a429f51b,13739789-447c-4583-b00c-6fd48ec76a61,JAF-004,2,43.09
b948e236-0422-448b-820c-6272c3db8e2d,77fe404c-8bdc-466b-b66b-f59ff3d9d96f,BEV-003,5,960.8
93857d4d-c005-4e66-a976-75aaae93d5dd,16289c7d-0c20-4cb1-8b93-cd9e466edb1f,BEV-001,7,761.93
67563d85-ca4c-4a69-bbfd-edbb6e7c8e9c,5c0260c7-f931-48b8-a9cf-9ed718b4cbfe,BEV-004,9,41.62
0543de70-c3ee-4ead-a0f6-5f6f55894eaa,4c3336b9-2ed9-49a2-94de-bbc237ed2d18,BEV-005,8,408.97
730f5670-784c-45a1-815a-a58df2f3d608,4c3336b9-2ed9-49a2-94de-bbc237ed2d18,BEV-002,8,838.52
259696a3-5534-4834-94fe-f020c78b986c,014722be-af8f-4fb6-a34b-375d25d7c7b3,BEV-001,7,27.73
d9f03dbb-9c6e-4d57-9b15-40cda3ee5f4b,b86ddfc5-eb65-4b7d-90d4-dcf34606a019,BEV-003,1,977.07
487391d2-15ad-456b-b9eb-de50674c769c,7ab96878-91ad-43ac-b1c6-2314a0924f3a,BEV-003,3,927.17
da8b0e26-da6a-4427-b6e8-6b7ebd191f6d,56861152-7ecb-41df-9dbf-1f856f88a398,BEV-005,1,73.94
bafcb771-8b5e-4da0-8319-7a6fc08569a0,539a7ca0-fc6e-4df6-949e-17f014dfff99,BEV-004,9,180.43
e169bd12-cfa9-4a85-9ac3-b915429b9f9f,127807c0-843d-4d4b-bd17-0809574815d6,BEV-001,2,303.74
973abe1f-5339-4ce4-b75d-151784ed4e37,81550e42-66da-4b32-9290-69582cf00a67,BEV-002,9,532.96
59ed639a-7f1f-41a9-b755-4f86d68ab45a,60029b35-ec69-4c50-b376-055553c67085,BEV-005,5,346.2
b9f6cd29-c4a0-44c9-b4c9-3d7063f736dc,60029b35-ec69-4c50-b376-055553c67085,BEV-001,2,565.36
963f6aec-1060-404a-ab0b-e26435025ad6,60029b35-ec69-4c50-b376-055553c67085,JAF-005,8,706.91
62f28f44-4382-439b-bdc3-6c379ffddefd,3ce50ea2-3e3d-4eec-8964-4904d65b6ed5,BEV-002,7,282.95
cfd4b818-f9db-41af-99ed-5754226bc472,217e0450-2254-47f3-846b-147c7ebbcad5,BEV-004,6,899.09
703468e3-a171-4c58-b802-98d7e10cf618,11b9902f-3715-4be0-8d72-a8739d61ed90,BEV-005,8,555.51
eefd3cf7-4cee-4140-985b-373db53add53,631f16d1-61fc-4bdf-8897-843ef9616415,BEV-002,6,605.25
a5f30c7b-defc-40fc-b64f-608d6597f52b,dbd4a9a5-b2a8-4dc7-9601-3978d9af8f7e,BEV-003,1,403.08
16901e96-ac3d-41b4-b038-d9bea6c4ecfc,dbd4a9a5-b2a8-4dc7-9601-3978d9af8f7e,JAF-001,10,361.05
aef116f6-5068-4424-b6ab-3a264618f5b4,64ad8df7-db65-4983-9ffb-b38829d4bc59,BEV-001,7,494.93
b298f28c-c402-4de9-b17d-41df5567fcb0,9ec7bf40-9c25-455e-bfef-49723340bfab,BEV-003,2,235.6
9afbf066-570a-4eef-81a3-25e4b0a69d65,325a2a9a-2258-4a6c-a612-815f9ffdf623,BEV-001,10,672.82
75e1efec-a34d-4a41-a3b1-4bc01e823866,ecb36d87-375a-4f00-9f0a-7ac5280b4ca7,BEV-002,8,278.37
912cb753-c10e-4d27-8b74-d9043317629c,7950947e-0639-4afb-ae50-9a04875a17c9,BEV-005,3,622.01
a5e75238-bc21-473c-9e5a-e1f7e22ac236,a87e341e-fe91-4a61-b53c-eeb17883be8a,BEV-003,1,540.43
49121a32-d9ff-4c3e-82bf-9142e31ea364,a87e341e-fe91-4a61-b53c-eeb17883be8a,JAF-005,3,900.59
3591e626-ecc0-4007-8feb-887ea492a5cd,c5c00c4e-0028-4106-9d44-c4c557767820,BEV-004,1,36.03
4befe0c7-3c01-409c-8db1-1ee92ca807f5,53e85c7b-904c-490c-be15-bfb210914c57,BEV-003,2,457.44
ac18846e-da79-4292-badd-6caac5f0f69e,53e85c7b-904c-490c-be15-bfb210914c57,BEV-004,9,330.89
aaaadb7a-f325-4007-83d8-aa34ffd074a8,486ff808-c234-49e0-a865-8910d8654b9e,BEV-001,2,47.21
95ecc09d-a2c7-49ee-b1d8-e4cc6dc4c934,8d554c9a-a90c-4008-a3e8-d254d445a253,BEV-004,9,914.87
8f71d858-395b-4489-88f1-bfacf66ce384,8d554c9a-a90c-4008-a3e8-d254d445a253,BEV-001,3,797.9
dc2a574c-2a0f-4924-932a-ce80fe2ed16f,2c634efd-f7bc-4853-b75e-59c88b8f40af,JAF-002,6,24.22
9c81d1c7-ca7a-4ce8-a9c4-89e52cc0fee0,31ee3ef6-2f6a-4911-8315-6c5b7dc91a1b,BEV-005,7,592.53
6fb79fc0-442d-46e6-8039-cca6f7403ea2,31ee3ef6-2f6a-4911-8315-6c5b7dc91a1b,BEV-003,9,276.66
11a27352-9e88-4ad0-9c25-123957a4641a,dfeffeea-92ad-4e45-8ab9-a57c6a230798,BEV-001,2,320.52
2100387d-5e89-467b-815a-7c3ff9b0f836,6d70811e-a9f9-4419-93d4-032b9397125e,BEV-004,10,887.71
5b3060d0-69da-43af-a9ae-36fc33968be1,40ae0db8-f498-4b4c-aefc-4a63ff295841,BEV-002,1,944.03
3f806c05-78c8-46c5-accc-6749db737bf4,9515fbcf-4623-46f4-bb36-9b8abbfd2d78,BEV-004,2,785.26
674b4b75-6659-4015-ac21-f1c43cfc5866,4dbea0bc-99e7-445f-a0ee-53ef0c462dec,BEV-003,10,802.22
7fc21ebd-6843-49e1-8833-a8bebd34319c,3ff092dd-e6de-480f-82dd-f8f648bf6ff7,BEV-002,5,402.61
e57a7d00-ae4e-406c-9b06-a21f8e7043fa,8b84cbf4-e519-475e-b900-43b23fd26a8b,BEV-005,5,958.4
bb78a2ec-eb68-4e12-8af3-a1c1e52ebfc9,eead7c04-1fcc-403a-9239-3a37fcd9ec67,BEV-003,9,989.51
bac1f7cf-cb08-4b1c-901c-368f495e59e8,31d2a2b1-f9f2-44b9-911f-939f431f9fec,BEV-003,8,760.13
6506cb70-92a3-4c39-9547-4a843ac147c3,93dc7168-b3fb-4efc-830b-7ceae1171435,BEV-002,4,972.6
52f03ad8-70e0-4fae-a17d-a36a7ed1a10b,25b88dcf-159b-4322-92cd-8fa46797faf8,BEV-001,7,492.58
3e7d34bb-3b12-4f19-a7fc-e63643eb02d0,25b88dcf-159b-4322-92cd-8fa46797faf8,JAF-004,1,782.13
c35d7255-1508-43c6-bbe0-be9b12c27361,25b88dcf-159b-4322-92cd-8fa46797faf8,JAF-003,9,41.07
b9a7e78f-8c42-4380-8365-7d67c8739cff,408ec6f6-0617-4d4b-818a-31adad82b3f1,BEV-005,6,451.42
9b7448b0-e044-4776-ba9b-fa4df8d1490d,3d83ac2a-438a-4e5e-ba1e-d7b5439abebc,BEV-004,10,482.45
2ef45e87-0b8d-4d68-b5c0-a713f939e1bb,175932b9-dc64-424a-8a22-4a1cc2edc071,BEV-003,1,841.02
137b8142-7a5e-443e-aa36-2107d2e57316,aa845aa0-e499-49fc-b503-5bbe1df15ce5,BEV-004,5,950.01
b4228347-6e69-4409-8ac8-3508d008e0bb,18a43306-32e3-4e5c-a80d-df730ade11e8,BEV-003,6,633.35
630d4e17-1dde-4be8-adc6-37b97c5d9603,40f65ac0-90bf-4b5e-a202-aeb787bc8641,BEV-005,7,117.0
ee5b1619-3b45-4c20-8f58-60cb85f3d1b7,e1dc7a04-2928-4736-b537-a5de47ee0584,BEV-001,7,904.91
bb6c781d-2961-4b1f-b199-4034482ec2a2,7878cbfb-5959-4e10-a160-ddc366e9529f,BEV-001,10,640.69
5fbed24c-1314-41c9-b27d-834994724aca,b266e7c8-cc7f-4125-a9ac-d07ef975098a,BEV-004,4,913.22
0dc7718c-217c-4238-b97a-f9103b7239d7,fd28c026-d483-4cda-8179-f03079564d47,BEV-003,3,65.22
c39ef672-9ded-4c98-aef5-bf0dc63d8607,08dea3bb-814f-42b6-9ee3-2a7cf2cd938d,BEV-002,4,822.98
60ba41d7-503b-4945-a32c-6465a6095287,4aa368ee-1dfb-4389-83b7-ea11f0513d4c,BEV-005,2,365.15
3db379ee-0951-4ef7-971b-cc00c38855c7,4aa368ee-1dfb-4389-83b7-ea11f0513d4c,BEV-002,2,455.17
00c66b21-338c-4e4b-808a-39af4751a4c9,0490cc90-bf34-4a6c-9897-1f3e04f2b6df,BEV-001,7,78.97
8de40306-2492-4200-b61c-d29cc7d053de,2f539882-75a4-4634-9aec-215eb885b7c5,JAF-003,4,325.5
c3daf78b-f83c-4665-9081-aacf7e8ea857,2f539882-75a4-4634-9aec-215eb885b7c5,JAF-002,2,288.16
f5628122-72ce-4697-af42-5d67c69a421f,2f539882-75a4-4634-9aec-215eb885b7c5,JAF-004,8,327.23
e224161d-da84-4e7a-9a1f-61705edd628d,ee8bde75-acaf-4df3-8e88-f61d9e8be7a7,BEV-002,2,989.36
38e066b6-965e-4c7c-a056-0b0696a80b2a,ee8bde75-acaf-4df3-8e88-f61d9e8be7a7,BEV-005,4,143.88
000d6f6a-ba67-4398-a10e-713e189d06bc,9f6c7970-5577-4e98-802b-94484f8b3964,BEV-001,10,735.63
bbf6799c-7454-4926-96fb-4181d99b3402,754b499f-2d9b-4d39-8b96-5760518b1699,BEV-005,5,972.28
e61d1d68-37f7-4d0f-a71b-577048589e41,6d122f67-a9e6-430a-9f74-8d9899ab3a9b,BEV-001,1,975.73
120e9f1a-9d6d-4ece-ac9f-b90347805bb7,6d122f67-a9e6-430a-9f74-8d9899ab3a9b,JAF-005,4,226.52
2108e7eb-5a18-4584-9402-090801ba8749,3d798bf9-6fb1-41ad-9932-d320312bce1a,BEV-005,9,945.63
92aca334-3e69-4b4b-a1c5-2012a98b1e2e,d0e711ad-a9f8-4744-9a94-e947b411b166,BEV-001,10,490.48
be24b437-d896-49c2-8930-4dc7498fbd4c,d0e711ad-a9f8-4744-9a94-e947b411b166,JAF-004,7,115.3
34ce2907-fd5e-4b9a-af9b-46b9df25838d,52a48bc1-e241-4163-8427-fe0d4693973e,BEV-003,6,56.12
2ac93b94-ad7b-44f2-8b2c-f416bacf533f,50171a3f-9b2f-4051-a02d-5621074b718a,BEV-005,1,258.64
678dd4bf-37e1-4390-beff-5f40ed9fa34f,e6c2f680-7d14-48f5-872d-effbcd892fb6,BEV-005,8,582.1
7b192deb-bd2b-4c4a-bb51-4d167748d3de,657c80bb-4323-4436-bbce-9eeec40c5ad8,BEV-001,2,37.43
d498b92d-d3de-489e-9666-98690c193e05,a710eabb-8664-44a4-af39-aa583a47d994,BEV-004,10,396.17
1df01b21-d565-4743-8fea-6249ceb8fdbc,054a0c82-bf0f-4ee4-bd93-2a23cc6874f5,BEV-003,8,916.19
42760f4b-9a8c-447e-a940-67b9eb55b37c,3f703d4d-2dfa-429b-9f97-17a36d68dc69,BEV-005,10,598.63
c1767523-c2d4-41b3-af64-7cab829bd0f8,3f703d4d-2dfa-429b-9f97-17a36d68dc69,BEV-005,9,100.92
e82cea88-f9ae-4f27-99e2-c80fe64df246,3f703d4d-2dfa-429b-9f97-17a36d68dc69,JAF-001,2,904.99
10d1937a-e260-44e3-a005-f96fd2f2e9a8,27868573-6740-4305-9275-f74f9422e3d8,BEV-001,9,637.01
30372d69-e93c-4b3c-96b8-e88fd3164f96,505a4a9e-5930-433a-9838-cf3fc602eb4f,BEV-002,5,578.35
2869ab84-cd5b-4703-b91a-0adab30d1655,0f2952b7-6031-4f92-8a16-b971c0481b28,BEV-002,2,968.94
9fe9fb62-70c9-4970-a90a-4b6fea212515,a8e40b46-dc40-4c67-a91b-03c69b63e137,BEV-002,2,35.55
1cf40afd-2690-428c-b02b-746b901cf612,f0b49d3b-92ff-43b4-9ee0-a6054c47dcbc,BEV-004,6,242.99
d49dc37a-81b5-4959-a57c-7f9deb0e96f3,726b1c37-588e-454a-a0b3-c2760fc9237e,BEV-001,10,228.83
a810d191-35a3-4be9-b6ad-a1429833a2cb,7f851b39-0cd9-406e-a6bc-47b5db96db33,BEV-004,5,802.42
428d7366-2de5-4890-b045-b12726b05ca2,4fdab2fe-cac2-4be7-a668-ee56a4d56985,BEV-004,4,521.49
90cb69f0-5148-429b-9043-e3124b15b436,8b445b32-0984-412d-ae8f-d22f82be0f26,BEV-004,7,554.1
fea25620-1134-4f84-82c6-7f133317134c,72f18faf-9924-44fa-a99a-302e71b11645,BEV-003,7,428.59
47922d89-c168-40b0-a0c2-ffff59aee0c7,28f11304-8a44-4c07-8016-976160aa71c8,BEV-001,5,676.26
e7b36b1b-f395-41ab-946f-a60fbbad643c,44aab0e4-0bcc-436e-9e21-916bbea7ec02,BEV-004,4,436.93
3cdd3457-6640-4117-b065-63fa67769293,44aab0e4-0bcc-436e-9e21-916bbea7ec02,JAF-005,10,823.17
3ddf880a-c189-4adc-93db-f3fcda17cefa,77a662ac-b670-4dbf-b459-633d8b3089d7,BEV-003,9,705.12
c9c4ea2a-4af5-404c-90c3-2f56b58f61fe,0002430a-724f-4c03-9ac5-c6fb7fd6c663,BEV-001,2,191.78
d08a949a-8b5c-4e28-8876-b8fcaf64d46c,0002430a-724f-4c03-9ac5-c6fb7fd6c663,BEV-002,2,370.05
366c82c0-b4a5-4727-8d0e-48d41b4fd0e9,0002430a-724f-4c03-9ac5-c6fb7fd6c663,JAF-003,5,518.67
d9402813-ee75-4f59-a329-e5acd4d0cd2b,7aa9515f-f9b9-448d-b4b5-b8e15e563887,BEV-003,9,427.02
66acba9f-0b40-4152-8265-7b78dea28994,23169d58-05de-4ebe-b54e-f2547639edc3,BEV-004,4,681.64
6d4bae14-88e0-4936-9e29-99192684d20d,10aa09e7-6664-473f-b874-43d0d48ddf31,BEV-003,3,919.22
7d645735-85fe-47ea-8073-e8c470f9e95a,c2925acb-baba-450b-bcd8-a532c20a9940,BEV-004,2,824.69
3c1e9aae-320a-449b-9e79-6dbd15dd6061,c2925acb-baba-450b-bcd8-a532c20a9940,JAF-001,5,790.92
59b2c0fd-17fc-463f-b5c3-32602652b6e3,e4a9f29c-1eaf-4b36-9ecf-3732ed61bcde,BEV-001,3,461.28
d3d7751f-201f-41fa-bb59-c1d9b6378647,d56d2f1a-0705-4618-aec0-7c2c43fbfc8b,BEV-005,9,924.44
2a5bb5f2-6b79-43e3-b7f1-ee5088bfa7d6,c59dbd04-f7f1-4806-a9bf-24bb366630e9,BEV-003,5,116.41
7a066025-c2af-41a8-bde5-d2d4cc14aebe,623fb01e-f7eb-410a-9e81-e9e41e5b5d2e,BEV-004,1,422.31
06224e64-f545-469c-a1ca-9f2ffb4057a0,623fb01e-f7eb-410a-9e81-e9e41e5b5d2e,BEV-002,2,367.78
6abf8224-7e78-4f02-9195-8a3bc4a59b51,aa78e785-9153-4a34-be7d-2dff67074c72,BEV-001,6,999.62
7f8520ce-ce3c-4b15-8522-cfe69235160a,aa78e785-9153-4a34-be7d-2dff67074c72,BEV-001,7,714.31
d447b607-6c9f-4801-89ff-f0ab76d2cf78,fac2a290-92a6-416c-9971-0de6404a8625,JAF-002,1,941.07
fee501dd-476c-47a2-a9ae-0bf3eafc85ee,290f5535-91e2-493c-ae3f-873dd0179ee2,BEV-003,5,471.28
b5d9a20c-a352-48eb-b76c-32f02e4f3c29,daf642b3-6ba7-4ed2-ac44-8c0a8c04fda7,BEV-005,3,101.32
705976ed-154d-4c71-9e14-45ea58a33564,55acf5b6-f87d-4264-b968-da34cf310991,BEV-003,4,301.73
a53be038-ad53-45e1-bd7f-cca2886e3b98,8500e36b-5a1c-4268-975c-bcbc0fe01379,BEV-005,5,113.27
4dde3ef9-f33d-4c7d-9861-335ce1ac9fdf,37de51ee-feea-48c8-abff-61b8acef4e3a,BEV-005,2,149.5
6b4cc288-129a-4969-998b-9e5f1b4956c4,d2b1b797-2793-46a9-96b0-fadb84f5a29d,BEV-003,2,140.46
136e696e-aa60-455b-970f-4058cbde02b3,6e742de9-2cd6-42f7-93b6-73bc7c0183cf,BEV-001,5,326.74
63fa70f1-4ea1-46a5-9e43-66c9e8e829ce,45486b35-1210-430e-b779-8fe034463960,BEV-003,8,374.33
af3c75a7-42f9-4eed-8c23-88a6dc9b5aac,19609a3c-1ff9-4dcd-8f27-f273bbcfd416,BEV-005,4,674.71
034d3e99-286b-453c-bdb9-06d78bd6af23,53600d81-4952-484c-a3df-9d04071732e3,BEV-001,6,543.25
dc27ee72-9f32-4344-8faa-76983e115037,8895c6e7-b43c-4a7b-bff2-9b17d894f6ec,BEV-004,9,656.29
0263953b-75dc-4ae1-8bc2-a8f2232ae7a5,c74ffe80-6e1b-4c6b-95ba-1af274d0d581,BEV-001,9,415.45
8d3dad67-1639-47e6-bf18-90641211379d,2a6d413c-c8ca-4d79-971b-4c3f90eefe1e,BEV-005,8,825.61
eb02c756-7adf-4aba-911d-21584d93e291,2a6d413c-c8ca-4d79-971b-4c3f90eefe1e,JAF-003,2,411.05
ed687a4d-b442-43de-993f-36bf322f34d6,6d30f1ae-5151-4c93-8237-5d5fee2df409,BEV-005,3,148.17
93a43dd3-2ba1-4a00-8cc0-84854e4ad889,0eb15495-693f-41c1-be03-6aaf16065c71,BEV-003,3,289.69
03746ff6-fd51-491f-9e17-3e7a9c15a939,bdf01970-10b1-4f1e-b955-01a13478b891,BEV-005,3,995.05
3b7a2a43-27c9-4aae-80d3-678ed1d70e2a,7251b714-ca67-4829-9f25-650cf2b371a6,BEV-003,1,301.83
e7a14de1-3742-4228-9203-60121ed27bd1,f5316bee-ec70-4664-a4d0-d8b06bfe2a05,BEV-004,8,571.38
f549ae3b-018c-458a-af0a-ec73346b4405,cdd387f2-25aa-4de4-80fc-024f0706f5d4,BEV-002,8,325.91
08f76e0e-e348-45c1-8ecd-7911c4d978aa,3a5a3a19-c513-41a1-8fe4-a190a3c7c10b,JAF-003,10,590.4
d08c3ea3-c1f9-4f11-ba3c-857f30bb8fdb,3a5a3a19-c513-41a1-8fe4-a190a3c7c10b,JAF-001,10,894.3
de4d6a97-75c6-46c7-978e-ef625cfe3046,af10d66f-6b72-4452-bf3d-6cbe39828431,BEV-004,1,299.29
ca5add5e-f21c-4089-95f4-5236b7db059e,1573d9cd-1456-4051-98d2-18c946c5150e,BEV-005,7,695.86
62eebec4-15fa-4032-ac51-da1357d3465e,1573d9cd-1456-4051-98d2-18c946c5150e,JAF-004,6,967.05
fc80a35f-5821-4d87-9e62-c28e096f43fe,b8cab1e5-1d5d-4ed8-b093-bc99eaaf14e1,BEV-005,7,785.11
d3b6cbfa-5f42-435a-af01-124822bf487d,356a210e-154e-4e4a-b0ec-af6244ddca3f,BEV-001,9,51.65
1b429b26-2cb2-4e06-b64f-85382cbc5ede,2f8509eb-0078-4f43-8f55-f2d3cb0663d2,BEV-004,7,113.18
01c587c9-cb08-40e6-906a-adf28fc23d26,c02628e0-c390-467c-a001-dcf4e941a80d,BEV-004,6,126.87
a9c2bd02-b72e-46d2-a225-6354290b0500,67b71a86-11d8-490f-ad52-80701b956642,BEV-002,6,485.39
521fcbe8-5e54-43d9-8e52-104b7dc0b78e,acf1678c-7047-41c5-a9b4-3dfd8d820aa8,BEV-004,1,24.77
5959a2d4-efa7-4e9f-a8ec-2e896fdfd40f,3d408e7b-3598-4866-b016-d54b4b50c514,BEV-005,5,182.5
70b98b8b-b926-45f8-8a96-945483d7e955,8af12596-fffc-4e45-9399-722e3c0bb67f,BEV-002,5,602.39
7424dce3-7e17-47a3-b1ca-d02a93be4e4e,8af12596-fffc-4e45-9399-722e3c0bb67f,JAF-002,8,205.55
d6daf4e7-674b-486a-b405-685ead00697a,3da783d4-c723-42e0-b235-e99289ee57c3,BEV-001,5,301.36
a42eaa02-c664-4dc7-8ab8-2214f4228322,014cb93b-4d5c-461d-8c54-8cc33d63e0c6,BEV-001,7,159.35
f863bc30-eb39-4cdc-9f09-ce06dec80b75,a7e7d0b4-4b70-48d2-874d-b0e2eb9449e0,BEV-002,2,432.87
9cd8272d-d9c6-49b9-b0c0-92faab087008,7a1dcaeb-8de4-413f-b3ea-fed4f8486549,BEV-005,5,416.81
f44b7436-ca15-409a-949f-0f871c38b3d2,fbb1a949-f928-4f19-bc24-7cb45e59cd6e,BEV-005,5,807.14
eb6eab39-3468-4025-b154-b76371604c0c,ce342eef-9029-4d39-b3a1-4be1907ed683,BEV-002,2,626.66
735a7b1b-7a8f-4d6e-81d5-a0cc3d8a291f,6729d947-7e30-4312-ac92-125dddce01da,BEV-002,6,570.38
da905289-a808-4e71-b5e1-7bb0ea2d4f7a,3d37e640-138f-400c-a4df-1ff6490ac3b5,BEV-003,6,494.21
376cc29b-06e7-4714-b914-4ffc878b5209,efa90e33-0b3d-4052-9b3e-c935eb1b1b46,BEV-002,4,976.85
b3c9b61b-1f43-4f1d-8412-d9ac9841a429,c8ab79ca-0f78-4d2d-845e-ccfe48cfe8fa,BEV-001,2,222.79
024f1bbf-7e16-42df-9d75-36abf65d6370,2115a583-940a-4219-8444-976afc0dc082,BEV-002,4,360.12
d80d6a00-f53b-437c-b1dc-2140cdf8285e,447065bf-8f36-45c8-9a10-0a836bfc4209,BEV-002,9,580.61
6675af78-38f6-4e18-85f5-c876a64aebcf,4bbe581b-59aa-4526-b725-783ed1fdce47,BEV-003,8,258.19
6482e05b-89ae-40ef-b0ed-96882962a2b6,363305e6-5239-4b58-862e-8f94a7e8f46a,BEV-004,7,859.15
f844e9ed-9c11-4049-aa02-243bf5b304e5,eeec8aa1-5a26-4021-8ca5-e478aa1552e9,BEV-004,10,696.5
accc05d6-cc50-46a1-a5f4-395cd3f064e1,8fc77b03-e798-49c1-bb14-b18f5b55ff39,BEV-001,9,114.24
bcda14b2-66c5-4614-ae86-0e818255d4ff,7ff4b215-463d-4aad-be71-c3a98ca10b9f,BEV-004,4,669.82
42c7a8d2-5b8a-4fb8-99b9-75660dd51ae8,4a8754fe-cf0d-44c1-84c2-d93c223a067a,BEV-004,5,170.98
a5adec7e-b5aa-446d-8a17-17d45d7ee980,2b3ed5f7-d6fe-48ea-a606-4d5c25c2a5cb,BEV-004,4,513.57
33fd4505-c159-4b08-becf-f2fc77bd1d9a,e3f1ae93-6bbf-41ef-9614-994d86f3a3ec,BEV-002,6,617.83
6eb2f5ec-eb14-4246-b626-f9de82213c2f,0375a79d-03fe-4493-af39-3c7363724fea,BEV-003,9,796.85
0c50eed9-ac9b-4b43-831c-55d6275007f1,d3205f7b-fff7-48f1-bb01-327e45b7340e,BEV-005,3,616.05
2cafb0de-cc84-42b5-b40a-aaf7eb914098,081aad5c-ba3c-4442-a94e-cc97c5a81318,BEV-003,1,720.83
bdd535d8-519e-4553-b5a4-55aa9c0345c5,0d81ec5e-cf78-44fc-80c7-9f4eb625735b,BEV-003,10,819.39
53a7a11e-f131-4f31-9c4b-1f3a965d3ef1,1e5407a2-72de-4afe-b089-c9a751b326ca,BEV-004,5,225.84
d6df0ffa-ff4c-4f8a-be79-ee9ae1b10a09,1e5407a2-72de-4afe-b089-c9a751b326ca,JAF-002,7,691.01
b4e229a9-50e4-4d6e-bc71-00cb78426e8b,4d4b6ad4-6af4-436f-a705-52a6e160500d,JAF-003,3,632.04
585ad4f9-6d6d-45d5-bdf6-26cc3cab094d,631d879f-2e7e-412a-a88c-04b6ba5a3793,BEV-001,6,249.16
e7f0d02d-e716-427e-8ae1-2e2b79d97298,ec86a40c-644f-4370-af2d-9f2f2f117b76,BEV-003,6,976.64
ee538476-2e86-4b64-a8af-90abaa52ddc6,9bf98ab2-3b51-4a57-9765-92cfc19a6c52,JAF-002,9,514.0
58e7c42e-1b74-4d01-a9c2-ba3d9217cd2a,d1e0bf8c-d488-41b2-99c9-23438cb52bd1,BEV-003,8,415.48
a8b0b581-612b-48f5-916a-42b0e883d12a,d1e0bf8c-d488-41b2-99c9-23438cb52bd1,JAF-003,4,363.38
3b83abff-4cae-4fda-972f-2c6c9221e060,d1e0bf8c-d488-41b2-99c9-23438cb52bd1,JAF-005,5,527.26
d49fa651-2a1e-4c4a-94f5-e0b671610c13,6472128d-b513-48cc-bae3-9ea18097a817,BEV-002,8,539.06
7f360d78-640d-4bc3-ac57-2d55679259a2,6472128d-b513-48cc-bae3-9ea18097a817,BEV-005,5,698.4
46f1b7ff-d4bb-44ca-b980-3681cdb0ce10,65edc068-6584-43a5-a0e8-5a4192a79ff0,BEV-005,1,674.08
131aaf8a-710c-49c8-98be-a74c69be0a80,800d48bb-f0e7-4a1e-bd61-bd187a01547d,BEV-003,2,311.15
43604d5e-2bfe-442d-abe4-6aaa72e378a0,d75887d7-72b6-41ff-b192-c7dc041b3f8b,BEV-001,8,255.47
330dae5c-a75a-4b29-a7d9-959c63cc935a,361eaef7-3f52-43af-b447-a03a4e20857d,BEV-005,1,480.16
fb9b1129-06f4-4009-aaa2-a64465afc934,f453f5ca-92a1-4428-989e-1b6aad81d752,BEV-004,9,812.54
f6a2596e-73c9-4492-9069-fdd765396269,f453f5ca-92a1-4428-989e-1b6aad81d752,JAF-005,5,677.25
0629e215-1b53-418f-bdc1-1bc4b02b3934,4075c29d-9d15-4fdb-aa56-93b2e37d3fa9,BEV-003,6,583.42
c7ad12ed-d932-4a55-b9fa-8df77da735d1,42e2c02d-a082-4a1d-af4e-a193f15d72c5,BEV-001,5,957.09
451dc802-0df4-49ec-b5c8-3b1f3c2fa36a,b626dfef-13ef-4dd2-ac79-6c3a03e95250,BEV-005,10,369.4
38e010d2-dd0b-467d-b19f-3c8c44ff5159,bedac699-4b7d-428f-a59f-8643b7b18584,BEV-005,10,974.48
23b015be-5148-460a-a264-50f624e68068,faa31dab-19b4-409a-88d9-ad208888326e,BEV-002,7,10.11
4719f814-0aae-4f34-96a9-8a48cc54027a,9f4bd002-2d52-408a-ba2a-6505f5155bf4,BEV-005,5,731.1
279bfc82-8dc3-4eaa-bb56-1f7ec065b6cb,20d40026-9ce6-4183-b981-d90935dee54d,BEV-004,9,481.28
daed6d93-f708-4a1e-83e3-62bf258ae282,20d40026-9ce6-4183-b981-d90935dee54d,BEV-003,1,591.59
73bca4b1-3724-4662-be61-7c033f706790,20d40026-9ce6-4183-b981-d90935dee54d,JAF-001,1,236.21
6df6eaae-2e7b-482b-ab47-e9ac7394764e,9b8a74c3-41ec-488b-8179-9c460204b4c4,BEV-004,7,151.47
70e28e01-30f9-4ed9-a85d-d88a670d83e2,9999ae2b-5842-42ff-9f57-f81232b51688,BEV-001,8,855.98
eb68a718-463c-4247-a203-cfbbf145acd8,c4cdc71f-6431-447b-9f0a-163dec7fe6c2,BEV-004,7,473.81
73333a2d-dbbe-4c2d-8513-6f04135869cf,c4cdc71f-6431-447b-9f0a-163dec7fe6c2,BEV-002,6,948.15
70f36ad4-76da-4883-9a8c-246972316cfb,96d6a5b9-3df7-4f7a-8b64-a0cc6f5a177c,BEV-002,2,536.39
b0ef0599-0d0e-48b9-a8c5-a52f7e61ef85,96d6a5b9-3df7-4f7a-8b64-a0cc6f5a177c,BEV-005,9,620.45
046bc112-0163-4c74-aae6-23727ea55c27,96d6a5b9-3df7-4f7a-8b64-a0cc6f5a177c,JAF-004,9,83.13
15799524-7921-4410-81a9-1056293e8c7d,1c12e4d9-5ec8-4afa-ad44-f228bda26d2d,BEV-002,6,458.0
e9f84979-6f33-4e80-ac6e-0e72597e675c,f0bc59c0-a90c-4a91-a2c7-4f886d740bac,BEV-002,6,966.18
05f7adf2-63c2-4425-b99b-5567de1b67de,67c376d2-6d9c-4687-b0ab-c012216802a5,BEV-005,3,586.24
3b519e3b-f1d7-465f-a4fa-675447aba340,7424288b-62cb-4867-842c-fd13f0f4f444,BEV-002,1,173.46
b24efc69-a274-4634-8c28-f1e82d11889d,7424288b-62cb-4867-842c-fd13f0f4f444,JAF-002,5,986.49
890b97ed-9119-45ec-8b3b-2d442f631940,7c29eaa3-7b81-4d93-ac19-393b95a09b1d,BEV-003,7,188.03
0149a9dc-501d-4373-8f8a-80c7ce014c41,7c29eaa3-7b81-4d93-ac19-393b95a09b1d,JAF-001,4,661.11
550ea870-9920-403e-b5c5-4778a03f5634,2ec654e2-0696-4ae7-9e25-abd5d11bb980,BEV-001,10,646.48
3888f2b9-1184-475d-9f4c-98a8ac7a09dd,2ec654e2-0696-4ae7-9e25-abd5d11bb980,JAF-003,5,988.16
a3406fc8-1197-4edc-894b-8a75e2a7b81b,13c18d47-8e40-4dbf-8da7-e188ae492372,BEV-001,10,722.61
cfaff6f0-2917-47c1-9b76-7d95f25fca16,66e5f176-cf7b-4fcd-87fe-5e051932b0fb,BEV-004,9,102.1
8cea0d44-84d6-4ad1-8ad3-8ea5ba8c5ba2,c34edf6d-7a86-4f8a-b76b-4b974a3ef858,BEV-004,7,568.32
dfcd94cd-7b91-4734-9b56-1ffacd767251,5fbffd77-4884-4ba5-9cc4-a9ce05a87aad,BEV-001,8,974.74
538b06f1-e1aa-450d-99c8-c8f062a3a934,6f127d94-446f-48b4-b0aa-153e41c34a2d,BEV-001,5,980.99
b940fa1e-c9dd-4c09-905c-0bda164aaddd,2665d69c-be1e-4ff7-8e9c-d2f54e914ea0,BEV-002,4,275.7
919e5ba3-b4f6-4d52-aeec-0ed73f733d0e,f1079f5b-6b0a-448f-80cc-95bb8fadcb8b,BEV-002,2,919.96
df33bf7c-364b-4341-85bd-0466aff7cd6e,f1079f5b-6b0a-448f-80cc-95bb8fadcb8b,BEV-005,10,987.63
79964d46-75af-4bae-882b-82816002bf7d,f1079f5b-6b0a-448f-80cc-95bb8fadcb8b,JAF-002,7,906.66
54bcddb8-5f05-44ff-8119-dbada7f52f82,8562422b-d50b-4355-8f9a-d8f3c0d4629e,BEV-002,3,496.25
7c796aea-ae29-44a4-9351-dc4dcc506eda,24ee94fd-cc33-4356-8313-8348508a2f73,BEV-005,9,257.84
1e31767b-375e-4bf4-8efe-2e0ce0cfea67,97cebb94-8769-401c-8cd9-6001c6bde79f,BEV-004,2,941.9
63b3ffd7-2105-4258-843b-cad12eaa2349,97cebb94-8769-401c-8cd9-6001c6bde79f,BEV-003,10,292.36
bfdc2fa0-c1a1-4ed2-a9e6-ef9bd54377fa,14581abf-e48b-4edf-9826-052c59489619,BEV-003,9,502.44
b6e76809-f148-4a76-a811-f5d5b5f33275,9d1c6250-722d-4d4a-9810-4834fbf564d5,BEV-001,8,152.69
ca29ac1c-5178-4b6b-a1b6-32a8d7033023,9164ca69-8f60-4d6f-834a-5457e19bf692,BEV-004,6,314.4
1f992e2d-c90e-41d9-ac26-c9afd920e9d3,83db50c0-a554-448f-9c6f-67a9114a9843,BEV-005,9,542.39
49771e4a-9aec-475b-a05f-9bb88ca5e870,b0ff525d-2fac-4e86-a5d3-f4a70eddfb9d,BEV-004,4,270.56
b631ec3a-cd6e-45b4-9927-2b82adac3e45,b0ff525d-2fac-4e86-a5d3-f4a70eddfb9d,JAF-005,3,471.19
44f8bb0c-17cb-42c5-b371-6c5f6fa9a2de,04f83861-f7d1-475b-ad60-daa9ac1aafd0,BEV-004,7,145.68
177fe77c-e681-4dc2-9e0a-63c95b355b1c,04f83861-f7d1-475b-ad60-daa9ac1aafd0,BEV-004,7,295.75
d27908fb-ae40-4d29-bb10-be9b7c524939,f496039f-e095-46f5-85fd-3d82ea568e4b,BEV-004,1,690.73
c5e0eb5b-6d19-46ba-b001-0b744ca181f2,13d456e9-56ea-40d5-96f8-d6d6d95ed948,BEV-004,6,244.03
2938377f-0d34-4afa-9de2-98dc936a9930,13d456e9-56ea-40d5-96f8-d6d6d95ed948,BEV-005,6,468.6
5925d70b-76a7-4637-834f-f3e1666a1b31,13d456e9-56ea-40d5-96f8-d6d6d95ed948,JAF-001,10,566.93
43866d74-f250-4fa5-9789-01dc13972f4b,f6a70e84-8ff4-47d1-9dca-523c45a96b22,BEV-004,5,100.98
580695d6-25ca-4cd9-b5dd-d628a200ae28,8f4a1afe-a7da-401b-922e-57473fdb1a13,BEV-001,6,326.03
5092f429-4940-4b10-bb49-8c1e5549288d,8f4a1afe-a7da-401b-922e-57473fdb1a13,BEV-003,2,952.19
a202d85c-4c7a-42a4-b4eb-30f5485922cf,f9bfe83e-9b95-4118-b6ab-c9db6d7f396e,BEV-004,9,704.86
9130c630-563a-4a67-9561-20f46357c2aa,4ac2cb31-214d-4526-b16d-b80dbc855925,BEV-003,2,416.64
03e1610c-689c-405a-bd5e-3b2f88accc2a,c5eed157-c8de-4bdd-a5fc-c0b4ecc6a3bc,BEV-004,5,244.56
1861612f-80b6-4c8b-b857-22fc6f7b037c,2260262f-7e79-47f0-a79d-c5a921f1cff4,BEV-003,9,703.86
f534691b-4565-42f1-a632-5c6d8d4f8584,11319c2f-b23f-4c4b-bbb8-539669af87a9,BEV-003,1,810.74
3327732f-9be9-4d90-92c6-7e4c60f1c7c1,b842e76f-2b5b-4006-ac82-034856bfd728,BEV-002,4,664.93
7720a4f3-abf0-40b0-9118-293f62493aa5,b842e76f-2b5b-4006-ac82-034856bfd728,JAF-004,10,488.42
a01baec3-6e0c-46fc-b364-e3d2fee617eb,747bb9e5-c53f-48f2-9627-b4c4af65f0cc,BEV-003,6,119.39
c8f4de50-a716-4a4c-8610-e5f9073c861a,45fe6adc-df46-4b65-b5bd-1ff4195a70ed,BEV-002,10,258.7
552acbfd-03f3-47aa-b6f3-22be4c8b1e57,7343fc7e-1734-47dd-889d-d64a018c8cf7,BEV-004,9,811.68
0edd1b90-d8a7-4a29-b7a5-aa283ff77c74,9d206549-7132-4722-9efb-ea25bbe17364,BEV-004,4,776.6
58248d1a-4acd-417c-bd51-9b480b75122e,5f60bc13-0782-4802-b57a-d94e63e4adbb,BEV-002,8,89.77
916fed1e-e91e-4f2a-b6f6-afd833cf38e1,ae43b8eb-dba6-4bfd-9705-eebee112f74b,BEV-002,5,942.51
2f835d8f-177d-4cb0-940a-b8b8c56fb041,ae43b8eb-dba6-4bfd-9705-eebee112f74b,BEV-004,5,509.7
15a3b624-a283-434e-88cd-6886a3e7c0cc,ae43b8eb-dba6-4bfd-9705-eebee112f74b,JAF-004,5,515.12
17645bb7-fae2-4f46-b560-f8f4d2400272,70f27fae-3175-42d4-a5e5-6a2101e96a36,BEV-003,2,760.38
9fb740cd-4349-46a8-a1c8-58d9590e9acf,1efa5794-6caa-4a10-8507-fe840755bd8e,BEV-004,4,695.41
8daa7b15-9c7f-45ca-a3e2-7865960fa1b2,1efa5794-6caa-4a10-8507-fe840755bd8e,JAF-003,3,111.82
dfbda6b5-0ce3-4c2c-b4e6-15674a796e32,21ff6b45-d41d-4ede-ae84-884576c19cca,BEV-005,2,771.58
67dde21d-3299-4441-aaf5-204aff743868,612fe53b-2baa-4be4-b49d-dcb3ce44237f,BEV-002,7,221.85
7309cdee-c9f4-489f-b286-1ea1ec6997ab,333516f4-e021-4ef4-ac85-93e79fc857fa,BEV-003,3,322.92
cb93ff16-5ec1-429d-b339-861f232efd1f,01011c04-0df3-4016-a0f5-30540953f139,BEV-003,1,573.51
b76bef29-c9af-46c3-962e-7366a122bf08,bbf994b4-9f76-4203-bd05-9fef5ad30049,BEV-004,3,903.54
7fcb105d-8dc7-469f-8dd2-dd7780982c69,bbf994b4-9f76-4203-bd05-9fef5ad30049,BEV-005,9,726.5
6a809708-cead-4006-834a-f280c241127c,bbf994b4-9f76-4203-bd05-9fef5ad30049,JAF-004,8,903.4
78bbc187-74fd-473c-bbaf-c19c04a57d06,902cbd6a-2e60-4eac-9371-6003fb04d325,BEV-003,5,347.53
6db218b6-ed7c-47dd-b2bd-97e48fbd8e7d,02647904-9bbc-4e09-996b-6f1583781fdc,BEV-002,9,270.64
f697273c-c2cc-409f-8842-354bdf304f0f,02647904-9bbc-4e09-996b-6f1583781fdc,BEV-004,6,142.54
ed2d8316-b907-4ece-97ca-d83ed64e7f66,9561e607-1c12-47bb-8c21-f45d06238566,BEV-001,8,80.53
3c5a5488-b3f1-4236-bc6e-c1bc7cabf3fd,628a4169-cee3-4b80-92d2-358b0c57c9cd,BEV-001,1,610.42
f13e6f7e-0c11-4ac0-b7b2-40bbb2135660,c1f47707-1fce-4971-b177-b3389607adc3,BEV-005,8,142.7
e852d277-bfc1-4e50-864a-9728c1d36728,53f1fd69-4901-42e1-8827-df9ee2cffb02,BEV-003,6,191.1
5e594ee5-79e0-4c75-b101-6b8e6eb8fef7,c5a30b08-6926-4819-abc9-5ac1e2f2e10f,BEV-002,9,546.01
ff5112a9-8d54-48f8-86c9-dbadd384d96d,4bbb7037-bf89-466d-8c44-c0d24de4f8f5,JAF-003,6,968.96
d24e3bd6-b904-4ca7-8ce7-23d8fc435082,4bbb7037-bf89-466d-8c44-c0d24de4f8f5,JAF-005,7,754.99
6adecf40-d8a4-4355-80e0-74f6c6bb605a,75d3c3b4-0a2b-49a4-b571-7840ac212842,BEV-005,1,434.94
9ff8614b-5406-49b7-bca1-f149ef9dd8a4,357b716e-51d8-47ae-8c64-5fbf6f40592e,BEV-001,10,603.73
367c58b4-c3fe-4e74-8c2f-c6da5741c761,9405b956-9ab9-432c-a3e5-d4316543f0d3,BEV-005,4,554.54
f1d63320-5f25-49a7-9017-c75bcb80e6a6,2cbe2b7b-ba34-4326-93d8-15af0aa0882e,BEV-002,3,830.06
90a38811-e583-4541-9117-d10d7090ef85,72919365-117c-4a29-aa21-24f6e5d3afbf,BEV-004,4,809.86
59723139-64ac-4367-a387-2dee1e5bc3aa,72919365-117c-4a29-aa21-24f6e5d3afbf,JAF-005,1,103.77
53f63acc-4646-4a2d-b50c-ffbdf470758d,046684bf-c2a9-434d-bca8-d6b2311990cb,BEV-001,5,608.59
14e367c4-6c72-4733-b0da-75366dea84ce,e2fe27aa-948f-4960-969d-784712d3a1ca,BEV-005,10,321.99
f562fef8-e2ea-4140-9462-39c719d6310d,966e8a0d-1cbe-4413-8f60-a08976d7cf11,BEV-001,1,406.68
09211342-0c53-426b-b042-44ac6bbae016,966e8a0d-1cbe-4413-8f60-a08976d7cf11,BEV-002,7,39.88
cb7da8c5-7666-432c-b94b-cb46cf9de852,8c7dda06-9ed0-4c08-b22b-618c8718daf6,BEV-004,2,20.33
fd53f77d-72e1-4b31-bc7c-11dc6152d199,8c7dda06-9ed0-4c08-b22b-618c8718daf6,BEV-001,6,841.24
0341d0fb-7516-42c5-9883-8012761c6f6b,b7fd2f3e-8e22-473a-871d-7865a40a86f2,BEV-004,10,330.37
ceb82714-0720-4014-858d-6ccaa3a27c94,67290432-6a1e-4453-9904-b6214d0627a8,BEV-002,6,146.53
977255de-0772-443e-8a81-53b86e834148,696054aa-0482-434b-8e7a-72ae666cc89c,BEV-005,6,266.19
ac8bcde3-9901-4cf3-a40d-a1bbd04189ae,7db98a83-4c51-4fdc-a975-65c7609d6fc6,BEV-003,5,747.48
3f231185-c890-46ae-81fc-feb76d054e91,ecb4c825-3bf3-4034-b28b-8189a605debf,BEV-003,7,609.31
a37da739-274c-45ab-b381-a48ed116f0ad,ecb4c825-3bf3-4034-b28b-8189a605debf,JAF-002,9,339.92
3b8b23c3-32a1-4e24-b730-7d91388a9974,d3563515-d9fb-4814-bb34-9875c743da1a,BEV-001,3,423.97
f4db4265-d89e-4e88-a450-1c956ffdb610,d3563515-d9fb-4814-bb34-9875c743da1a,BEV-004,1,282.11
a4e13e3f-2695-4020-b6d2-7bcde5080441,d3563515-d9fb-4814-bb34-9875c743da1a,JAF-002,9,255.25
608500f6-90ba-492f-9fdb-354dab9ab101,d3563515-d9fb-4814-bb34-9875c743da1a,JAF-003,7,305.34
056763db-7cbf-4f0c-aada-e9e73273ca5b,807a286f-bf84-40c6-aeb4-b805f17bf9d0,BEV-005,6,742.7
cc168b5b-d9b6-4aec-bf48-926454057b93,41ecac7c-5112-40fc-ac5a-1cdc493af9c9,BEV-005,8,768.93
a7680bca-e308-43d5-8ce9-15385d48f08a,1b1fccf5-51ad-4e1a-8ca6-247f00b1f587,BEV-004,5,285.15
bbe30373-a0b7-4f87-9b3c-7c0287304a82,1b1fccf5-51ad-4e1a-8ca6-247f00b1f587,BEV-005,8,584.44
dff2e577-1395-4c71-8313-c73777847fb0,9f6ebb36-67c9-4f90-b40c-b90a21949085,BEV-001,6,831.61
73a6bb06-3620-4a7c-9a89-2cd2bc11690c,cc4d3aaf-6124-4950-80d1-d27f2f2c2e4a,BEV-001,9,161.92
5443f84b-8e59-4b4a-a731-809a619ff13f,cc4d3aaf-6124-4950-80d1-d27f2f2c2e4a,BEV-002,2,160.83
ce4eacdb-8d69-4abe-b448-384526ba4fe9,ac409854-79f1-40e6-a4c1-82da3f580cb6,BEV-001,6,926.9
62e4a26a-428f-4ecd-ac81-8aa084f3c903,67dc8104-1606-43fc-837f-fa61e2b51d98,BEV-004,6,49.27
5b63bc34-e071-47af-919a-1cb924658b8f,424a903e-368d-41cb-9088-3d44bd8535c0,BEV-004,10,442.25
bd25fbad-400b-484a-906d-42dce6ede076,424a903e-368d-41cb-9088-3d44bd8535c0,BEV-001,10,95.98
7930eb95-89e3-4144-9ac4-ce5508147ebb,424a903e-368d-41cb-9088-3d44bd8535c0,JAF-001,4,77.61
27f0ac1d-ed8b-4628-8e26-e3ac943ee407,ca85eb1e-6408-4b69-aa68-4825c7762e87,BEV-003,7,308.82
9a2d771e-020f-43f0-a153-979adf45ce24,b44b82dc-fac9-46d7-b214-e3308130abf3,BEV-002,3,958.68
0eef94cb-6215-44f5-b907-e350cbd78ee5,4ed96024-5a4e-4327-8ee9-f74777ebe9be,BEV-003,1,990.26
bbb36b47-df1b-48df-80b3-39cfbd64ff82,0f50313e-066d-4ae5-8882-ba10b5c6e18c,BEV-001,5,993.13
c3058c3b-1976-4f06-9657-0c49b4e2db92,0f50313e-066d-4ae5-8882-ba10b5c6e18c,BEV-002,8,322.81
c7a8e187-fd66-4aad-8d6f-e976dd069c9f,0f50313e-066d-4ae5-8882-ba10b5c6e18c,BEV-005,10,854.21
03390112-f6d5-4b1b-beb3-35fd5499b70b,0f50313e-066d-4ae5-8882-ba10b5c6e18c,JAF-004,10,786.38
5a8fbb1a-410d-4525-a19c-4da9a1039e79,0f50313e-066d-4ae5-8882-ba10b5c6e18c,JAF-003,8,606.67
a494c6e7-f514-47a9-b5e6-07f026b6a307,ce8fee3c-5d93-4bd1-abba-82dbee89f11c,BEV-005,2,219.1
2d629438-1628-4e65-a3e8-c1e1810d16a0,ce8fee3c-5d93-4bd1-abba-82dbee89f11c,JAF-001,8,162.16
b51a04c3-aa77-49a0-9e19-4065b25fd75b,5c58c5f3-337c-4e03-905d-73413d71e1d6,BEV-002,2,24.27
536a3346-e925-4334-8961-31143eae1f9e,e0bb30c6-4a63-40ef-9537-be3359908edd,BEV-005,7,662.95
f679e1ab-a9c5-4ff7-b8e5-8e1af05aa319,e0bb30c6-4a63-40ef-9537-be3359908edd,BEV-001,1,777.49
2768f950-d98b-4fad-91f3-0db306d9ae2a,ef95fee4-a5c1-4f73-b7b1-0e77c70c1e43,BEV-001,1,569.4
19a672fa-1a5a-40bd-a7a8-5e3b7c36af7c,e1afb154-5071-472f-9137-7d6f0d00cee0,BEV-002,8,679.68
8b8e980b-5446-4403-8a15-c5b3e4d3f222,e1afb154-5071-472f-9137-7d6f0d00cee0,BEV-004,9,104.73
511832fe-48f2-4a6c-9bad-2c3b62d41648,2cc6c4cf-b5d5-4207-9750-b6bd9e1c61b1,BEV-001,10,964.04
1edafbac-5e12-4bde-b929-e4cf84f2d032,9fca850f-ffb2-4ff8-8dbd-c477d2dc9015,BEV-001,6,399.87
d3c78495-8da9-4a80-a46e-9016e81a3b66,03878bab-2ffd-4dcc-846d-66d0ffaf627d,BEV-004,2,906.37
a28881ad-2143-4a3a-b360-00f6301d943f,03878bab-2ffd-4dcc-846d-66d0ffaf627d,JAF-004,9,673.23
1c0bb734-5a8a-4d49-9710-c59fc7ef6b0a,0d56af77-756e-4881-9d6e-3178cee99b83,BEV-002,7,137.1
9d194ead-cf7a-47f5-a271-98ed0839752c,d4ec17cf-86f1-4eb0-aa9d-3c7c0843af07,BEV-003,5,812.25
e767186c-13ab-4240-acb3-2ca4844a5b10,45ec3323-c1eb-4600-b37d-1f81c6aa44df,BEV-005,7,59.46
b9c638d0-064c-45d4-8176-309b3b63cc3b,45ec3323-c1eb-4600-b37d-1f81c6aa44df,BEV-005,2,600.98
844feb43-d2a9-468a-9af6-15a9f257d8e3,404cc2f5-d487-49cd-921f-968d3df7689c,BEV-003,4,685.02
301f1f22-5893-4e39-b589-0ffac8918d9c,404cc2f5-d487-49cd-921f-968d3df7689c,BEV-003,6,520.62
d666c676-a15a-4871-9321-6b67f6f9dbc4,17d8955e-66bb-48b3-a8a8-483bfb649978,BEV-001,9,91.43
55ae8cba-b40d-4fba-b3b4-9d74f267bfd9,e3f63694-8eec-4406-8c98-397948b5ea4b,BEV-002,8,423.17
97828e5e-2c4e-48dc-a657-019d30cae3d9,e3f63694-8eec-4406-8c98-397948b5ea4b,BEV-001,7,466.19
440fbb9a-e786-4c05-a3fd-67bb20ded373,4be477eb-b191-4d28-9258-a5c552ab9655,BEV-002,3,178.83
5b93e106-1966-444e-81f5-275401779c6a,cb4b6f63-72cf-4437-b1b2-bafceb23f256,BEV-002,4,906.67
1857f019-e268-47bf-98ab-cc52e8d7a291,910d1137-1c9c-4190-99c8-16f67564d083,BEV-004,3,358.45
27f46327-83b9-4c27-b47c-f40a3a9d70ae,b6dc91b9-e4bc-4631-90ce-44a34615e09d,BEV-003,4,409.48
5b744f4f-c6a3-4cef-ab76-580e9d44c7ca,62ca93c6-e056-4a73-8025-2b77fa6dc837,BEV-003,4,629.63
1816d9da-2a84-4fa1-9908-478ae235d48e,64f2905c-cd17-404b-8c7c-40f04b983393,BEV-005,4,359.45
58d53c42-f91c-41df-bda2-af71f711ad14,64f2905c-cd17-404b-8c7c-40f04b983393,BEV-001,2,309.83
8b6854f1-d216-4f29-9d87-653dc10bd307,64f2905c-cd17-404b-8c7c-40f04b983393,JAF-005,8,460.77
6ac4dcc7-a9c8-40df-8787-6a58f7d77b6e,f68c3bf9-c869-43f3-b41d-8dcf0b5d7da3,BEV-002,10,239.7
27393128-b4d8-4790-9c6e-5f25a6a01fa0,170fc917-61c9-49a5-bbb2-325eb43ca4ff,BEV-005,4,265.26
6fad925a-2031-4cb2-9983-0b12e6532b69,170fc917-61c9-49a5-bbb2-325eb43ca4ff,JAF-001,8,731.0
5728c6f0-bbbc-4aac-9784-01f97e2d0202,e51023fa-a6b5-4a4f-8ad3-5ac169adbc81,BEV-004,6,419.87
16056074-5190-480e-b637-43e192557eb3,a9e3eebf-bf59-43db-854d-c242390304ee,BEV-003,7,917.59
87158702-3ad7-4ee8-9946-ae9a577078b2,f07e87a4-46aa-46e8-a2c7-029466e32b54,BEV-002,3,410.21
8dfbe63e-8334-4b85-8d88-226dc0867bd6,5696429a-624b-4c20-8f0a-c393f44eeacb,BEV-002,4,397.17
bc645580-4458-4de9-b0ac-a1406fcf054a,1905e0b7-5e4d-4e15-8e83-f73b85ec152c,BEV-001,8,697.35
de8c2045-2255-41be-be78-b1be6bb450bf,3ea24c81-7bd9-4711-aa30-6fcc2bfbc7ab,BEV-004,10,433.2
d7a13f0a-6419-4b72-8008-c7152bb4eca6,3e238e2c-b38b-4774-83cf-f45b4ae5d4f9,BEV-001,8,881.9
86f5cab3-686e-476e-a075-a99e073fe415,3e238e2c-b38b-4774-83cf-f45b4ae5d4f9,JAF-005,8,547.7
883a223f-8fa3-49ae-bf06-0cbe610d6e20,3d414380-0b43-4770-9d3e-2e539742feb6,BEV-001,10,741.87
a5d044f2-a807-4b55-9a2a-f16dba8859a2,4ce0876e-b5b8-4bea-b876-f064387f6ae1,BEV-003,7,181.27
2a89d986-9c9c-45f1-b3cd-6b96b862f61d,ecc5b8bc-b5f8-4e3b-881b-88738fc62f7c,BEV-001,2,847.38
90acde80-459e-4543-8a4d-ac29a00d4568,33722b5e-5b8f-4389-84a4-79bee25afa87,BEV-004,8,956.53
924e13f0-a1eb-4203-abc9-5c85a86923f2,38936831-3a7a-4360-bdeb-c0fda0329c70,BEV-002,5,201.96
00ba1c06-adc2-490c-90a9-80c0f141d347,89a6a711-b60e-4e47-a04b-78c5cd83a929,BEV-002,8,562.26
38e5d224-f318-4be4-b950-69542974a9dc,f9cfc802-f8e8-4513-ad89-84bc20a4d331,BEV-004,6,790.94
7366bec7-10ea-4cec-9416-83d333c86af1,dc574bcb-04e4-42ce-afbb-855ff3241d21,BEV-004,5,250.51
067f625a-3fda-4c53-8adf-7a0ca0249ef4,dc574bcb-04e4-42ce-afbb-855ff3241d21,BEV-001,10,950.61
55b0e763-fd26-4b55-8685-b53ab57821de,dc574bcb-04e4-42ce-afbb-855ff3241d21,JAF-002,4,409.34
e0745383-9a8a-412f-9c96-d005ea979516,5362ad6d-0e06-415d-b17c-848a24fefd34,BEV-004,6,458.55
dc62b03d-3516-437f-a725-5b134e833125,81c410a6-5e64-418b-b580-589b9b5e2863,BEV-002,1,731.48
01efaa15-177b-4ae4-8c10-fcad443e5805,854b9c43-cc36-4bd2-8036-1aab8b57642c,BEV-001,2,889.22
f9a73c76-db0c-4b64-9ad8-69bd838cad18,13784723-0abc-42ce-a195-d7e01f312c4c,BEV-003,6,586.7
17d188f6-ac4a-4ac4-88c3-b56383594b4f,70131538-172b-4397-a6ca-02930c6e5a08,BEV-001,10,722.26
696edf73-db1b-4b8a-b3de-2cd97e9261fe,eef48e18-7cea-433e-84ff-bf258f1ae969,BEV-001,1,865.14
4e65eb3f-2a9d-4c8c-90cc-350e74b92a32,a3f0f71f-f5a4-4185-ad72-a4618b986229,BEV-003,8,369.18
6892517c-65bf-43f9-8588-dde08bd97bb3,c98f7967-a9bf-41e7-9bfe-8a2ecdee8532,BEV-003,10,533.75
2d2cc6b4-1b3d-4dad-8d3c-be13ce53ad0f,c98f7967-a9bf-41e7-9bfe-8a2ecdee8532,JAF-001,1,67.01
53dc689b-827b-4d7a-a2eb-0c291521fbce,f928616f-7302-4c9a-9834-963e57d52b18,BEV-004,10,60.32
67b9d015-364e-484e-8c78-1bc8162a2ec3,85c968e2-08c1-4b7c-a98a-f42cfc7798ba,BEV-003,2,450.58
90f459ed-4d7d-4c13-8ed3-6566290ea9c1,abcd13ec-7181-4185-917a-27a8111e118b,BEV-005,1,613.5
b7d0df0c-a578-4513-8649-4a97b4b596a3,69d745fa-2cd5-4088-a857-3cefa3230864,BEV-004,7,259.29
636ea317-5273-471e-9618-24a9f2d87b9e,4954a729-6fe8-409e-84a1-da424f129949,BEV-002,10,263.41
1ed82f21-8814-4e83-8018-29de9cc05d94,69313970-49d4-4852-b2d1-e88b9a01107b,BEV-003,2,609.57
3e8bf09d-91e0-4dea-8f71-0564ddfa251c,dd02236e-6c26-4e52-85a8-e42fbddcb1a6,BEV-002,8,343.66
51374d4f-c98f-4a61-9189-56994c59c940,99350df9-38f4-4e70-9fb8-6dfa3f557125,BEV-005,9,850.59
53751ca9-8e9a-433a-b5ea-ddd10dd8fe9d,3fe9d649-ed98-4346-bac4-3ef575f44a59,BEV-002,2,320.65
7b929b57-f2eb-4187-b12c-0f176641f1fc,8d228802-e0eb-4ba6-94c1-965a01f0e904,BEV-004,8,304.36
0c41baa3-5d3a-4c3b-adb7-6f7994fd3f47,afc166fb-00e0-41f3-99ee-dc10cecf50e9,BEV-004,5,455.51
2b362ef2-eb02-4c59-8bff-91d1373e878c,940f7f07-0324-4b90-a64f-3a9863077121,BEV-002,7,425.29
883e0dab-a76c-47e1-99bd-59d6d011452a,edda5aa6-ecb3-435d-aa36-3e31744b59b9,BEV-002,6,818.23
1ec3b881-c527-4e97-90a0-6bf3fcb2acae,4fbdc0de-3d69-40a7-ac86-817680f3de3b,BEV-004,2,346.56
ed2a4d44-2bbb-4df6-b04d-c0fa6e7a0612,73601c50-1473-465a-8aa2-314eec685759,BEV-005,2,505.57
397d23fd-54b3-4aae-97a0-e7822b677216,880f283c-6a60-4c96-800c-761724d31f70,BEV-005,3,349.77
8e08c213-96bb-4ad2-9464-3028883644fe,880f283c-6a60-4c96-800c-761724d31f70,BEV-003,2,27.34
b0c12fb1-5dd3-4e08-ae7d-87dec78c826f,880f283c-6a60-4c96-800c-761724d31f70,JAF-004,3,969.87
29b4df56-fdc8-41e4-84b6-a7ea674a74f3,43b35647-ba8a-44fe-900c-1f48d5b3c0e4,BEV-005,7,112.77
edd1c72d-df4d-4247-b597-4953189778c4,12bdf6b7-e597-481e-bf47-7f625b82b177,BEV-004,6,156.09
1f08bdbd-cf84-4c18-b2fc-13575b0465c9,fb672b6f-ce8a-402b-a068-8cdeeeb70530,BEV-004,3,326.52
ec8b6782-3833-4d61-bd28-cc18058d7640,52a58493-6137-43cc-8cf1-7038a5b62ce8,BEV-003,6,447.83
486021bd-1b5b-496a-827e-55047e8e71fc,52a58493-6137-43cc-8cf1-7038a5b62ce8,JAF-002,1,122.24
0e39847a-fd24-4481-bb22-700a3d042b9d,07152996-b142-4d52-ace2-3860aa2710f8,BEV-001,2,513.33
f2b6ddbc-4a45-4aa3-ace6-427d5d2af63c,f485c8ca-085a-4ae9-91c2-5800dcba7109,BEV-003,3,868.23
69121948-0867-49e7-9475-2d117b4e6d10,122de5f7-a53a-4465-b019-1f8ace27f923,BEV-005,2,80.46
6f6e8e81-1654-431d-a7cf-c3b36e2aef87,1e7c25db-5565-4f83-aea2-b4ea9289dfff,BEV-005,5,619.11
dc625999-bb6f-4a31-9703-3c4e194a521f,47fa97ae-8a25-4792-92cb-74b18f1166ea,BEV-001,4,621.67
5427902b-12a6-412a-977a-42723537a3bd,34ac1b41-1a38-43ec-abe7-98164fb64ebc,BEV-001,10,346.26
c5ee2e6a-4a75-4a8a-abdc-09618a7b2f1d,8e345455-5675-471e-a238-8c1053ce0e5b,BEV-004,4,473.44
f36e6039-8b56-45d8-9b2b-9a9de672e67e,45ec1e2f-4ee4-40e6-afce-774a508fa6f2,BEV-001,9,943.01
7102619f-c449-496f-937d-f01e5da3cce7,45ec1e2f-4ee4-40e6-afce-774a508fa6f2,JAF-001,8,557.89
99e08d90-d497-4eed-89bd-d10b17f096c0,54d9ece0-9a47-4346-be2b-237288736de7,BEV-005,1,567.99
c8220202-85a6-4a8e-ac87-d58ae2af545d,82217b42-0156-425e-a886-55fe7f1e2fc3,BEV-003,2,816.91
2684e3dd-c7f1-4511-9bfd-59db0f5c308d,82217b42-0156-425e-a886-55fe7f1e2fc3,JAF-005,7,446.91
a3879129-f4f7-4120-b0ac-a8252b732476,9612ef38-f69f-420b-a455-8231c06bf290,BEV-001,5,790.97
b904d519-a6f0-445d-8b72-b88b9daabb93,f634542a-e873-4c74-9b39-dcb8d640bdd7,BEV-004,3,339.78
a3cdbb2b-85d5-4160-a2b8-94a89c63eb14,397cf80e-5602-4313-9f4d-0fc25d9230da,BEV-002,6,144.32
66241845-867e-4f47-b270-cbd8af020979,09d048c7-52d5-4870-b0e6-c00da41ed399,BEV-001,10,673.68
b3817a91-f089-4ae2-b002-5b1f0574c4f9,09d048c7-52d5-4870-b0e6-c00da41ed399,JAF-002,5,356.28
e4bfd5d1-f0bc-4758-8906-57ff0222b58b,7f17cdf0-9fe8-4507-88a1-5b1cd99971c8,BEV-003,3,859.03
72b7c6c4-ae02-4cf8-a469-219b363df818,7f17cdf0-9fe8-4507-88a1-5b1cd99971c8,BEV-003,6,414.89
8b019b77-f897-42e7-be8e-22875ecaba3c,5489891d-b5e9-42ea-98c1-3897586233d0,BEV-003,2,501.96
1038ebe8-bb9d-42ed-b11e-a54b4e2c66ab,6d424a2f-1abc-4b82-b023-d649bd106f1b,BEV-004,4,420.0
8e037863-10a5-4cc8-9f1a-16e60608f4f3,627a9894-ea75-4732-a2e2-d049f2ee4400,BEV-003,4,686.03
97da649e-32cd-4b9d-aebd-42db896ee9d0,46b05745-a16b-4cdd-a567-3f0e83d9a2d0,BEV-004,4,238.21
9e094e88-692a-426e-978f-6cbbe5c3ad04,c916a2fe-67b8-4cef-a1b3-83383bd70b04,BEV-005,4,704.31
f308a224-62a1-4b12-8b12-fe73fe56ec1d,f3e0e7a2-9b7b-41d8-8ea6-f415fbaa8c2f,BEV-003,5,340.82
96a1575e-d46d-4bc2-8fb6-b5c9855b3cf3,db621ae6-1380-42b0-a933-6a5be916a558,BEV-004,9,292.02
70178f97-3468-430c-a17f-fd4eb70f5b66,77ad2351-a58f-4b30-88c8-94fef643b123,BEV-001,1,757.62
f777e2dd-4439-449c-b987-858bd4acf073,77ad2351-a58f-4b30-88c8-94fef643b123,JAF-005,5,610.76
68a4ba52-7041-4864-80f6-c96235c41704,e4844d0a-232e-4870-8f57-410ff769fad0,BEV-004,4,101.51
c168f8a1-a8be-4964-8628-b7d921db5ac6,e4844d0a-232e-4870-8f57-410ff769fad0,BEV-005,5,44.8
094c6736-f65d-47a6-ac64-47affca8e90e,2e11a687-d226-4b12-bed4-088539bebf8f,BEV-001,4,333.86
1c17dfdf-76f2-4711-bbd1-48da0725072f,0e712e84-0d4d-45c8-bb4f-51732ae58c76,BEV-004,8,951.9
56e7c1b4-0966-447b-bdef-773339627750,7457d093-55a7-4779-8357-9074f0881005,BEV-004,7,903.52
98891cdb-109f-440e-abb1-5e5a4f5ea883,4288015a-0666-41bb-a2f0-1ea10589dd46,BEV-001,7,261.47
de50e32e-361e-4be2-b7b3-532d96c19599,3985da2c-7dbd-4345-b94c-511f52221a64,BEV-002,7,263.49
f66f9d3d-2634-4d4f-9f21-06dc1f453b75,4dded596-7ce4-47bb-bdac-5b6a803d5314,BEV-004,2,132.72
a2ce07c4-2f75-41d9-bd5b-ef1376c1874f,5c75c924-50f4-47cf-94c6-d1420858cd72,BEV-003,2,194.82
6d62e6c2-df59-4bf0-bd41-92c96066af5e,fe573304-b72f-4c6d-9a6f-5be75e5e6119,BEV-003,7,725.79
9712a35e-4221-4550-b6dc-f277cfd9713f,bb87dd01-48cf-492d-af5d-309343b5aafc,BEV-001,10,120.59
14c6ada4-4771-4887-894e-058efec8922c,a4039eb0-4d70-458c-a1b0-530255a20135,BEV-001,8,811.96
46d42dd4-00d6-43e4-97a0-4efbcfd4b956,8f2b8037-d175-4e22-bede-11cec486421d,BEV-004,10,884.31
58eae9c3-dbef-4663-9433-5823a0b6c05d,c53b94ef-71e0-4de1-abad-df65d3d2631c,BEV-001,6,738.79
08404e1e-fb8b-4e4d-93da-d372c930d30a,2ce67790-4061-44ec-84fe-8270b81e44e0,BEV-002,5,973.93
0d515fac-3206-457b-9530-ef53fc75bf4e,6bd663d0-fa10-4460-b825-f8b24bba6b0f,BEV-005,8,315.78
e1c0265c-c7c4-46e5-968d-d1c0b19aa026,111a46ef-9254-4c45-91c5-776ca31fc0bf,BEV-003,9,238.77
d2d82cac-becf-41e9-ae1b-ddd430db1878,b7033e21-39dc-46dd-8781-1d185096fa26,JAF-002,10,431.11
d26bfe87-4f4a-4d5f-a413-7be4c9b8aefa,b7033e21-39dc-46dd-8781-1d185096fa26,JAF-004,9,126.72
b090c61c-845a-42d5-b3c7-2fa4ce4e3e66,1b77f697-b568-4c34-a9f2-03b8a41ce3c2,BEV-004,7,632.67
f3962ec8-f6ea-4878-9a99-790d381eb64e,20c7a21b-c09f-4d54-8e19-78684a0c5834,BEV-002,6,12.97
51c98272-1b24-4d23-9925-6b5456118c04,6cbeeedf-b533-484b-8b35-29317b06b492,BEV-001,6,505.11
3e904c7a-431e-4b67-bbec-0bbc71ea047a,09b2b0fb-9e7d-4ece-9ae5-5359e8c8eb70,BEV-002,3,137.0
02a987ef-9352-462a-bb2b-3c18885186ec,4c303e53-28a7-4880-a7a6-efe54a1aa69e,BEV-003,6,321.26
0050da4e-dcd7-4806-b92a-02fadb5a4021,4c303e53-28a7-4880-a7a6-efe54a1aa69e,BEV-001,1,319.14
22422ee5-2ec5-4f09-966b-ccaa8b076a4e,471bcadd-99a4-424a-8575-11a6a6c0f852,BEV-002,7,122.88
cc058d46-a160-4e3a-aa5e-2bf577a9a059,471bcadd-99a4-424a-8575-11a6a6c0f852,BEV-002,7,245.99
eaa79691-0721-488e-8326-718dab0a3f9b,e255c5cc-feb0-41d3-8a42-f5d5c6e777fd,BEV-005,9,521.32
91fd720d-cdf4-4c6c-8ef4-498efd978f07,178ac161-e418-4a22-a27f-ef61cb1aa13e,BEV-005,9,513.54
586fb67c-d7d3-47af-940f-b2f251ec000b,b49f7717-1930-43e6-81f9-79a541fc6fd8,BEV-005,10,53.33
00a6a24d-5917-43f8-bd63-3937c3b4a340,b49f7717-1930-43e6-81f9-79a541fc6fd8,JAF-001,2,410.43
4c74d7ee-6317-40bc-a3e9-ff5cb564c118,108d3048-746b-4795-8c58-ca4881ed6daa,BEV-001,9,863.92
70ab6ca6-8607-48ba-b7c2-3aee57eda42a,b4b47b1a-649a-469d-9be4-158aec0b3e8b,BEV-003,1,50.15
53f5e7e3-36b2-47a1-8184-ca7d2abf3eb4,b4b47b1a-649a-469d-9be4-158aec0b3e8b,BEV-002,3,601.14
be4493f8-0e6b-4bbd-96a6-8da761f5152b,86d12da8-b3e2-4d48-baff-5b818987e8f9,BEV-001,9,291.31
d8301aa2-688e-4e56-a10d-e1f35e2efd96,a72fe30e-512d-4614-bc02-49d0e2e48df2,BEV-001,2,657.7
b0e3b0e5-13ba-41d5-8f3e-2705c7ac1550,802a4053-d351-4b83-84a3-8c3c5870d77b,BEV-003,4,288.76
fbbff1ff-b82e-4839-851b-8bbf110b9046,802a4053-d351-4b83-84a3-8c3c5870d77b,JAF-003,3,853.1
69c4b3ad-3f81-49ed-b760-58720cba340a,dcd9eeb4-1c02-4d42-905b-ded115fc78a4,BEV-002,10,630.14
37d32809-a499-4610-a9aa-8f7e0c10ac26,cf325a28-78f4-42f4-83c0-d648d45a9a66,BEV-001,2,593.64
6b5a4fc3-1474-41c8-a90d-6f2361e20a10,ce78c8a3-c1a0-4338-a280-e1fdf4430309,BEV-002,8,825.35
3f8e1de2-54d2-4a09-a09d-3afd833366a0,ce78c8a3-c1a0-4338-a280-e1fdf4430309,BEV-004,7,603.32
a82d0446-00a8-4f73-9ab2-b15088c971c9,ce78c8a3-c1a0-4338-a280-e1fdf4430309,JAF-001,2,768.94
46f50cb3-8406-4d7f-bc2b-f9220e85ae38,570822cd-6ba3-42e0-81b5-efa58b328f01,BEV-003,8,26.71
736d51ca-4f97-4de8-913a-8822d1216173,e852174a-57cd-4951-aef7-0b16c6f3485c,BEV-005,6,344.13
1c6ca7b5-6ee7-4312-8d26-fe415f080af3,e852174a-57cd-4951-aef7-0b16c6f3485c,BEV-004,9,639.46
cd889620-2318-49a6-ab30-f7088259676a,e852174a-57cd-4951-aef7-0b16c6f3485c,BEV-003,8,369.95
0494282a-1b11-4d95-b8ef-1e5964a1b80c,e852174a-57cd-4951-aef7-0b16c6f3485c,JAF-003,9,207.47
0b588ffe-6030-42d9-8c74-c7118e363356,e852174a-57cd-4951-aef7-0b16c6f3485c,JAF-003,8,959.6
891ddfe7-c821-4392-8566-c79465a1dfc1,e852174a-57cd-4951-aef7-0b16c6f3485c,JAF-004,6,540.42
799ddbfe-77a3-44fd-b1b3-84c2d4b6215a,ecd7d47c-f9e6-46a0-b480-bd9098a46d37,BEV-002,10,483.02
6c1c0b9c-d4e5-4e2a-8735-68a428fcb3d9,ecd7d47c-f9e6-46a0-b480-bd9098a46d37,JAF-005,4,785.66
3e0355c6-c8d3-4daf-8d6a-abd7ea08ea51,b48f79fb-6bcf-4688-b6d5-9c680ba12708,BEV-004,8,294.14
cb25d721-d999-4bc6-8135-def12c17d328,890c0fe7-a3e1-4e77-9e14-1af3952e0843,BEV-004,5,484.85
b96256d7-747d-4d6c-8f63-14fc18fdba6e,890c0fe7-a3e1-4e77-9e14-1af3952e0843,BEV-003,7,798.15
abf9b116-1b94-4c9c-a973-5825dff4110d,de946271-ef3b-456d-9ac0-938bcfeb53c2,BEV-005,9,817.89
516ec34a-bf60-4249-89ed-213c518853ac,4bdf31bd-b694-4bcc-9f1d-7acbd56fe041,BEV-003,1,162.99
f715e0c3-a27a-4d00-837b-827c7a22258a,4bdf31bd-b694-4bcc-9f1d-7acbd56fe041,JAF-004,3,220.48
381bf8a7-c243-4e82-8385-04ee206c79d4,4bdf31bd-b694-4bcc-9f1d-7acbd56fe041,JAF-003,5,155.64
ca1ff410-d096-4a83-9665-09a68eafdc53,36bd1c84-6de7-459d-af66-77b9d1798221,BEV-004,8,735.24
ddc87f65-6ca6-4696-8e51-5fa6b774f34f,49ae5cec-9731-4904-b4f7-9560f13a212d,BEV-001,6,689.03
406b24f3-6d44-45e2-92aa-36ce8fbf4558,206e768b-3fc0-42f0-b2f3-cf859779e82b,BEV-003,4,408.78
3cc7d73d-1896-4765-88c5-1f21a762ded4,89bb33f3-abe7-4006-89cb-914dd0851086,BEV-001,2,600.06
073b404c-4f4d-4839-9d81-57df2607612a,94206c89-0144-46ec-b801-ed379f092a5d,BEV-004,1,590.07
89162f69-e82f-4e90-a35b-df99857d7d7d,0c6634a6-24c4-4362-86f1-7b56261dbced,BEV-005,2,149.54
beb9d53d-6968-42e1-b52d-14bbf751fa4d,0c6634a6-24c4-4362-86f1-7b56261dbced,JAF-002,7,475.54
4b06a107-8135-4929-9c26-3bef001c9918,0c6634a6-24c4-4362-86f1-7b56261dbced,JAF-001,5,342.11
b93ab2e5-21bc-4557-8ca6-d5cf908ae9b1,12bad7b4-6e2c-412d-a62c-f0415270b055,BEV-003,9,447.27
2e34f6ef-3a2d-462c-9f73-ba3fc32b1f85,a73ebd80-0b5f-4fa8-a984-084e99b30924,BEV-005,5,621.0
dfc7a56c-9bf6-49a9-a744-7f7e0c7ec6e8,a73ebd80-0b5f-4fa8-a984-084e99b30924,BEV-001,6,717.44
aabc9fa0-5ca4-4f58-9695-e280510f8745,a73ebd80-0b5f-4fa8-a984-084e99b30924,JAF-001,8,238.73
a55de3be-7b40-4535-8b41-0527e6b3941f,a73ebd80-0b5f-4fa8-a984-084e99b30924,JAF-003,1,61.48
4cabe3c9-eaf5-4d9a-acd0-463b634797f5,fe1529ca-5572-43a1-942f-1529d4c89e18,BEV-002,1,222.78
e4f6d97c-46a2-4eee-8c39-111d38826353,494e4e82-6602-4993-99aa-616ca27b46c2,BEV-001,3,72.94
6f33fa35-458d-41fa-94a7-3538c8dd72c6,6ec7885d-e8bd-4130-8fe1-302097b147a4,BEV-004,7,332.3
ac28e6fc-742e-414b-a79a-8a63052654fb,8ac9adc5-d2ac-4635-8b80-559f31365314,BEV-001,3,564.3
31b695c6-2d9e-4f90-9e97-25237ed65134,fc1842b6-37b0-4f07-8ea5-6320c500f5f4,BEV-004,8,959.09
b618cdb7-d701-4dbb-a310-60665e6213a1,d4eda47e-8554-434c-bbc0-4e0b7f131873,BEV-001,4,820.11
1f5566af-a99f-4158-af8a-045317a9a027,4ecf62e2-21f6-461a-9982-224ed8df9c52,BEV-002,5,827.11
e06b7315-af66-458e-a1d9-cc872f7f6567,4ecf62e2-21f6-461a-9982-224ed8df9c52,BEV-005,1,463.21
f4eda1c1-a2d6-4ce4-a785-d892fd8b30a5,6f1c7baf-bfe0-4220-af8d-d3f31df45ee4,BEV-003,8,217.16
11782a95-d7bd-4af7-bc97-2b82e800aaaf,52c23bd5-3967-491d-94bc-fad487e91a8e,BEV-004,4,511.24
4fb55fcb-426b-439a-9a1d-6f22bd6ce303,539103d9-62be-480c-bc27-fac960863c48,BEV-002,9,368.29
6c3e5aae-4325-41f8-bb69-0ee8b333a7cc,15387e7c-c938-4946-a9d7-4073c4f364a0,BEV-003,9,954.65
cad7dae7-b51a-4c0e-ac2b-26fe818e4571,2767e665-4568-4ed8-90a3-d066103a0f4f,BEV-003,1,480.83
e3e4dbd0-e331-416e-b7e5-102143e02026,3aaf12a6-3556-4bbf-9fab-6a35eb1193fa,BEV-001,3,976.04
2007b72d-c649-4f82-aeda-a5ad21586d55,de1da4fa-89fd-442b-b3e9-2f7c3d54e75c,BEV-001,7,80.71
2fd65391-4053-4f23-823c-e90a22ccd6d7,d74c3f80-9ff9-45a7-b4dd-0471d00af73a,BEV-002,3,774.65
317aeea0-da58-4dc9-a6ca-38f3ae07264c,d74c3f80-9ff9-45a7-b4dd-0471d00af73a,BEV-003,9,665.25
0b5c63d6-9c14-481c-8bab-0bfd10dc5f58,d74c3f80-9ff9-45a7-b4dd-0471d00af73a,JAF-001,4,244.08
04bf2b6b-cdd0-4370-b8ff-eda573548923,df1df965-019b-4468-9bb7-1ea122eb37f3,BEV-001,1,322.23
d56de4ee-601c-43a4-bb7f-b9fed965e1d3,c8bfcc54-8566-4331-a281-817fbfa267cb,BEV-003,5,327.29
cd26ad16-e148-4285-bd78-61189a7d1f24,c8bfcc54-8566-4331-a281-817fbfa267cb,BEV-002,4,694.89
1ff66934-78db-4145-a649-e0814e2e4cb0,2f130d0d-79dc-4f97-9178-a4557d473105,BEV-004,4,731.43
10880e57-9799-47ab-b66b-083a7bd44088,aef88a32-307c-45e0-ac1e-42008b772297,BEV-001,2,472.74
e024b189-3b58-4495-8ad0-a3aa3367ae4b,ea23b6fa-6817-410f-b6ec-3984d4403666,BEV-003,7,470.16
a0212eca-5a6e-4834-918f-29e93752a3c8,137e3eb5-cab3-4b2f-b883-ad14e24d9a3b,BEV-003,2,232.67
1289e857-e293-4e59-84a1-75cc2155e5f0,27a80868-4a43-4da3-99c2-453b05562e69,BEV-005,4,284.87
81c1765c-325c-474f-9e50-7d79abc77725,a3bfb6ba-7fc6-45c4-bd55-790598947f2e,BEV-005,4,840.86
58c2b777-7349-4f2e-8c42-7906ba7cb41d,b7bd8ae4-efc2-4623-a17c-b684796327a7,BEV-003,7,740.99
f492e495-63b8-4e91-8961-c7c375eba74c,b7bd8ae4-efc2-4623-a17c-b684796327a7,JAF-005,2,417.48
720170b5-28d8-4db6-9c17-a12076d19574,ec53ef89-e712-40f3-a007-7aa9ddc403ed,BEV-001,2,187.45
1c880983-1525-4652-a298-0b4ec9aa5ccc,ec53ef89-e712-40f3-a007-7aa9ddc403ed,JAF-004,10,678.2
1f3d6756-cf31-438c-a772-29d7f4bca938,87a3db21-2100-40e9-a904-b35b50cae4c9,BEV-002,7,569.72
0b722e4d-6317-4236-994b-5926d23b9c6f,73f25ef6-3a64-4175-b084-e546522eb076,JAF-003,9,582.48
53296f14-2d37-4658-befb-34a1a0f6c993,73f25ef6-3a64-4175-b084-e546522eb076,JAF-005,5,735.19
de3ea93c-7200-47ed-95f2-eb08ec5fa15b,41eb08ae-1330-492e-96b5-e2fe8a355a5a,BEV-002,10,887.67
8f8d215a-6aff-45cc-b534-01c7b10e1796,63dd96ff-c18e-478c-ad83-afe5a96f39d8,BEV-002,9,127.41
72b86eb7-bc3f-4f8a-81a1-eb476b609b93,63dd96ff-c18e-478c-ad83-afe5a96f39d8,JAF-004,7,332.04
957cde0b-618e-49e3-8807-60a044c97d65,f97ace9e-bc4b-4035-8e90-1e0328c6071e,BEV-002,7,950.29
c24b4219-ac96-40fd-95ab-983ab6b969ae,f97ace9e-bc4b-4035-8e90-1e0328c6071e,JAF-001,8,133.26
195c51e7-2427-4056-b945-5b3091c02b59,0390f2f2-8a40-497d-9833-b71403631a0c,BEV-005,8,319.12
1085d9ac-53e2-4495-bf15-b84e9868da7e,c0f01379-a7ef-44ac-95e5-3c5601c44eb7,BEV-001,6,847.25
0daa5f65-2361-4083-b075-de76437447dc,bf154a36-ad5d-4991-9467-28ef068014b9,BEV-003,8,874.12
6a4f4246-bc49-44c9-a1d6-dc8ad4f36ca0,dcac42bc-3920-4288-8be4-8dca8db740c2,BEV-001,6,42.25
89a0641e-8df3-4be6-b285-c5e74cc549e0,47e18d41-a9e1-4d91-b3c8-f5119b76d331,BEV-005,8,997.34
1022f80e-943c-49f8-b2c9-d58cb3a6b506,d4295f1d-54ab-443e-8977-28803e238435,BEV-001,5,68.93
c41b25c1-9cee-4c84-93fe-ab4db2d07b98,40537094-e5db-4672-885b-d6615dbc3547,BEV-005,8,154.52
453154b4-e49c-4842-a27d-8e09adc9dbcc,8ac99abe-400a-4529-8742-ff7fa7d117e9,BEV-005,2,755.88
51b4066b-a348-40ad-89aa-be7fea51873f,34a8229f-3331-4592-8e53-dcda64cd024b,BEV-001,5,92.66
7fa7583f-a473-4584-b056-1b4787557e40,377c3a35-bbf0-4665-ada6-c30ee7fd2d08,BEV-002,9,32.44
48875e77-94f2-4451-b694-5ed5942962bc,d0b0c81f-a4af-4bb4-aaaf-d175b6d966e4,BEV-005,8,990.39
2178e271-3772-4e0e-a728-94e047ff530e,d0b0c81f-a4af-4bb4-aaaf-d175b6d966e4,JAF-003,1,746.87
d625bac6-f8a0-4aba-acdc-7ac266832ed7,824ed78c-8832-4b6a-b6c8-d038e3c8d0a4,BEV-001,2,727.56
c8dd2bbd-74bd-4e0a-a1e0-3e1846d8edd6,1c2b6e09-71a9-4e3d-b628-cf5e52bbefc7,BEV-005,2,509.73
a16a90c0-ebef-46f2-bfb7-055f684cce01,faee58dd-6814-4cf3-99d1-d61cf4a10e82,BEV-001,5,610.68
6e6f6667-9679-4ab2-a1dd-45a749cefaa4,faee58dd-6814-4cf3-99d1-d61cf4a10e82,BEV-004,9,540.56
9580792f-1289-4c12-8efa-d6d553c67898,e3891363-29ff-45e5-ac2e-c8c8fe574889,BEV-003,9,133.2
2e282187-7e0b-49f3-90f8-09ec9647cb7f,e3891363-29ff-45e5-ac2e-c8c8fe574889,BEV-002,1,562.25
f203b9f8-674d-425d-8d62-212805788e91,e3891363-29ff-45e5-ac2e-c8c8fe574889,BEV-005,5,32.58
c2a10847-21b2-44ed-9148-3ee3c53badbc,e3891363-29ff-45e5-ac2e-c8c8fe574889,JAF-003,1,445.46
6a5761ba-0481-471a-8889-6ef341b67fc7,e3891363-29ff-45e5-ac2e-c8c8fe574889,JAF-001,3,439.06
cb47817c-f482-4a39-8b6d-5a07fa35a645,dff29b19-f214-4d38-9e8b-31167275db93,BEV-004,7,929.01
59f35427-3091-4021-ac24-107264107e60,5adb2fbc-61a9-42e9-bbc8-84e69ae4d063,BEV-001,6,353.92
b71fba97-984b-434e-bdd1-dfb7af56ea64,d5c87140-d4c3-461b-8bda-bd9a8d886006,BEV-003,6,961.36
59dea1d9-3796-4827-bd4a-302f0f511315,54a5efd9-6a48-41dd-afc6-1e85d63fd53a,BEV-003,10,186.72
0816b2cd-d23d-4880-a21f-5de35c2b5cf4,18e9cc84-863f-4fd0-94eb-1d8984a60383,BEV-004,5,709.11
f9aaa535-30a8-4eaf-82db-73ae450aa798,6fe6d915-714e-4554-adf1-049f5410b5b5,BEV-004,2,669.41
103f3c12-29b4-4800-b65c-833e88b70d25,62c2d6ed-c1ad-4651-b0bd-de2fd3cfb72c,BEV-004,7,513.94
9349e7da-cef2-4a76-a595-b1b955d6144b,e099d624-a03e-4fe7-91b1-bb6786358c46,BEV-005,7,272.19
3233ef15-b695-4967-9d2f-44ad0a2b419f,ff99a7ef-0a3f-4ff9-9fff-0cb399838660,BEV-001,9,346.03
5cb7d612-26a1-4e46-9e6a-841ebfc4389f,ff99a7ef-0a3f-4ff9-9fff-0cb399838660,JAF-002,4,998.73
c18181c1-3246-419f-8aa8-b32e592af6c5,a0a6a78a-9d5e-4bb1-9682-4d13b91b7d5f,BEV-001,6,354.44
3f7752d1-7195-4182-bf18-8e92ec55a408,9afe1351-b21c-45f6-bc60-0d147fcd5ef6,BEV-005,6,270.31
16c31a2e-3b46-42b0-b85b-caa8a308130c,80b72439-caf1-444e-a388-8c5a1a997810,BEV-004,4,33.17
7b6dd22d-dc35-44cf-bcb3-b36dbb8ca60b,80b72439-caf1-444e-a388-8c5a1a997810,BEV-004,8,401.51
149bab70-01a5-4259-b743-7ee90da6a091,2484e84c-7ceb-4a89-9e1d-f2a9c95c44a5,BEV-005,5,273.92
54462551-75aa-46b1-805c-981cbd09bf44,f4ef5468-8c01-4e6d-8585-98cb730e7a66,BEV-001,1,401.38
f9d5ad52-6cb0-44b6-8671-b860c102bd70,f4ef5468-8c01-4e6d-8585-98cb730e7a66,BEV-001,8,753.0
4f8a84d5-37d9-435b-bf2b-0ae18a5ecde8,13381f48-29f9-4c66-a338-b1f851479359,BEV-003,5,674.59
fc7e0f11-e6a9-4ca6-9b31-8b7c59e9e641,54f60621-9aa4-4619-b79c-3e688fb1b5ae,BEV-001,5,214.3
06d27701-c04d-4f9b-9922-d00a3b99d9cb,3e23db54-fa3f-4792-9a22-1f32849ba111,BEV-001,6,508.79
2c6d1779-ebc1-4b30-b2dd-f7b419cc0488,3e23db54-fa3f-4792-9a22-1f32849ba111,BEV-003,2,87.4
e39830da-2f2c-4afa-89b9-2fc3e4bc4061,3e23db54-fa3f-4792-9a22-1f32849ba111,BEV-004,5,625.37
99f6754a-af8a-49ae-9cab-349cad35fb9a,3e23db54-fa3f-4792-9a22-1f32849ba111,JAF-005,5,415.12
818c35d8-7336-4176-bde3-790ab25de08e,3e23db54-fa3f-4792-9a22-1f32849ba111,JAF-003,6,826.46
5d448097-937d-49f7-b799-e23b6348a4b1,3e23db54-fa3f-4792-9a22-1f32849ba111,JAF-005,10,784.4
aa46eb87-9276-4cb9-9f6e-7fb95f013a72,0cebd967-40e2-4136-9fb2-29a4c238526d,BEV-001,7,651.48
6af1f37e-18d2-4d9c-a604-9c1a238c975c,a29853f8-61eb-4661-b7bd-5174f91ef4b8,BEV-001,5,576.71
3a2161ae-0123-425a-af60-549e70066bb4,636eebcb-9373-483b-8a54-cf8cbf36a32a,BEV-002,2,345.48
e5814948-7769-4fc7-b66c-b44c361c72c7,636eebcb-9373-483b-8a54-cf8cbf36a32a,BEV-002,5,768.35
05ee7965-b1b8-404e-8f7f-3ab919ad003a,8015a03b-01b5-4f38-8eb3-58a49bf76d44,BEV-001,5,262.52
21a20615-dd07-495f-8328-18be47636359,9899cd5f-5e68-4db0-8f8d-7cd06927bc6f,BEV-002,4,876.76
43da9940-1ddf-4031-8909-5b8d4a17c727,2338cbd8-3f2b-4a95-9ddc-5e54372ff531,JAF-003,7,104.87
4109ddf5-6ac2-4a53-ba4c-791842dadbe7,81ce9b89-c223-41b5-a2c8-0aeb5531c5fa,BEV-005,4,953.59
72ae9fbe-4e4b-441b-9f8d-534faa008a15,2b2b09df-db94-429e-b0dd-ce2fa6148629,BEV-002,4,974.15
6664a995-d661-46d4-97c7-05b70839dbd2,531d47bf-2afa-4a2b-868f-f1d90ba4602f,BEV-001,7,975.68
e4dc3009-9d8e-42c7-a612-2acd920f2a48,531d47bf-2afa-4a2b-868f-f1d90ba4602f,JAF-003,6,98.22
345c08dc-d111-4c5a-9546-45c1b6e0fce9,1ae0fb10-7222-4038-9ce7-322ef026f504,BEV-004,7,86.81
64a2ba6d-e6c3-4f62-b1c0-8393b3d1ffcf,d231267b-05d2-4989-8d7e-7d68e5100065,BEV-001,4,889.48
68b8a33a-b063-45d8-8661-3421d2d06ef8,d231267b-05d2-4989-8d7e-7d68e5100065,JAF-005,7,577.67
ea821689-ec5e-4d3f-95df-55c853254a35,5be127e0-c465-456c-aaf9-1981c6a3d57a,BEV-004,5,211.36
f0f418a0-df3d-4d5c-989d-51c20b6cc903,5be127e0-c465-456c-aaf9-1981c6a3d57a,BEV-004,5,337.97
81eb5287-9f0d-45d9-bb93-c547997e5596,859b201f-bc0f-47d2-9be0-3163cee71fa6,BEV-003,7,682.55
d4785970-ee8c-494e-a004-4b00cdda68c9,49efcf53-5d91-45dc-8b1e-22edd18c44d0,BEV-001,9,922.46
f570da92-2b75-42eb-b360-a4ef468fedf3,55814604-dc29-442f-905b-405d88aff727,BEV-002,7,46.87
b66a2e90-398e-4fac-88d1-9e50523ea28e,f4fe6fa1-01dd-4a11-ab36-d20e03bd64d9,BEV-003,2,571.18
3d4bcd0b-fd35-40c2-ab02-8ac6e80ee3e6,b0d31601-5643-4dda-bf63-865d30347927,BEV-001,3,598.46
1be33207-dc97-4072-af54-6d2173f5041e,05218450-9274-4e40-95b9-05f9f4fd5c6b,BEV-001,8,541.29
ef83ee2c-3163-4a2d-b90e-083d7e93a2e6,05218450-9274-4e40-95b9-05f9f4fd5c6b,BEV-004,7,284.51
4fc90f4d-9cf8-45b9-9b2e-303565416c5f,065b904f-898f-48d5-8f7e-665083a6a000,BEV-005,1,92.02
6c8a7a82-b181-46b8-88dc-69013c2165f1,13eb1b39-aef1-45b7-9659-e8378f4b37bc,BEV-005,3,638.21
007e7ef7-09f4-4938-b63b-b45f3fe707ab,2702a664-429f-48fc-8e6b-56931b4636a0,BEV-001,3,227.66
945e8a62-2959-454b-b00a-ad68f89b3c81,86032c58-8a80-4043-9561-25ada1841134,BEV-005,2,919.69
a8c3a2bb-ff2d-4c4a-9f3c-c479f022fbfc,d41e7a44-20f8-4228-adbb-eba6d1cd7c54,BEV-005,4,182.11
785996b8-46a7-47cf-9d91-04fea06431d3,d41e7a44-20f8-4228-adbb-eba6d1cd7c54,BEV-003,2,162.26
69d31fef-2e7b-439a-8732-fc372fca3177,38000069-ef1e-446a-ac99-60b6c7f8e0b3,BEV-001,4,821.69
3eb7bf1d-960c-47f6-80da-bae6105c9e8c,c6d26e4e-ab1e-4966-84f0-de61204fdafd,BEV-001,8,835.65
22b7b584-d754-4fd5-940a-1450290181cf,9fdb83e3-9e5a-4658-b5ff-ac01e793fb30,BEV-002,7,186.75
5773ea7f-eee8-489e-b8cf-ed807c2d2547,47b3252c-0fd2-4d6c-83b7-e3e317b3d62f,BEV-005,2,117.1
1ef4c15c-188f-45de-9a32-dbf3a8110686,54b61809-c93d-4523-9baa-6b1f16e44552,BEV-001,9,12.01
dff7bf33-3311-47a0-9308-af44134905d4,54b61809-c93d-4523-9baa-6b1f16e44552,JAF-004,1,682.61
81bc0c08-a379-468f-9343-4238480eec85,e76ba6f6-c39d-4858-8074-7522acab74b2,BEV-001,3,828.84
4e84808d-c131-440d-9eda-31a34f4d9854,47f9d1af-7f75-4e20-9964-cbd950b058c0,BEV-001,4,505.88
53b84b6c-9bad-471c-8001-45095f22c185,09129916-61a3-4822-9ce8-74a2bc123f95,BEV-002,2,969.32
1ceb4815-11ef-49fe-8c9e-1fd343246137,704c271b-0a49-4306-8cf0-9eded9beaff5,BEV-003,6,908.58
39f70bb1-d92b-4256-8d7a-36691d5daacd,0f6f59f9-d096-45b6-a9d1-a6f76387e44e,BEV-003,8,854.34
a588b339-2e30-4b3e-b2ea-e3a161e2fe07,a58d92fa-ad71-41af-97e8-8caf1f013d48,BEV-001,7,823.05
06ece5b5-2395-44e8-a1bb-12fb610e7527,db942df4-a017-4639-b639-48e947fceef8,BEV-001,6,877.03
cd18ae83-3940-41fa-bc55-a92c84bc4694,dd772055-caac-41fa-b4ba-01504be669dc,BEV-003,7,744.38
3bfa1035-9487-41fe-85cf-fdae831b68c3,dd772055-caac-41fa-b4ba-01504be669dc,JAF-003,9,160.42
1403aa77-da31-4038-96f6-5d4950b57a2a,40ae2f9a-efbc-49d9-955b-a7b0109149ed,BEV-003,5,994.25
59793b51-fcc7-439c-9bed-9229d6edf2cf,40ae2f9a-efbc-49d9-955b-a7b0109149ed,JAF-001,6,639.07
3a36393d-0af7-4c69-8db3-06995ac93c8f,40ae2f9a-efbc-49d9-955b-a7b0109149ed,JAF-004,6,178.42
d703fd5a-7d30-4cf5-9785-9b7e53731bb1,40ae2f9a-efbc-49d9-955b-a7b0109149ed,JAF-003,10,458.54
695d23ca-c78a-4348-a0db-e432a7adc31c,c2362167-bb1b-49d2-b584-d3546c409b79,BEV-003,8,747.83
796b7d27-4d2b-48da-b677-c84f1e11a5c4,f1be4f15-db13-431f-93ec-9890e6582b6d,BEV-004,7,82.12
120cd081-2d7c-4518-9c33-e92038f70645,c1a14719-45b0-4dc2-914c-2999299a1b84,BEV-005,7,697.89
8e1e83fb-bfa5-406c-84d1-e56727555149,cdff6013-ff16-45be-9667-9b99b44eef46,BEV-003,10,593.95
145045ce-ccc1-4a67-bfa6-4ec3e1ce1475,cdff6013-ff16-45be-9667-9b99b44eef46,JAF-003,7,610.42
84cc82ce-e480-4186-9d43-786b2f8dac31,9f06b723-9529-43df-b0a5-02e933164e83,BEV-001,2,436.51
3bf85a26-e143-4b9c-a0a2-4472452fc5f4,9f06b723-9529-43df-b0a5-02e933164e83,BEV-004,10,329.17
62207bfa-2a30-42a0-a78b-99a7bb465d1e,2d720215-32ab-4048-be05-c4dd168d1647,BEV-001,7,461.74
3049fc8a-3622-4d8f-9dba-09a995c84cac,bb28e704-6ef7-4720-90aa-f7ba89eb80de,BEV-003,1,684.0
c4d17e75-b35a-4d3c-8d2c-f97225338450,6f1c1305-6207-496e-a7b8-8f3148beeee9,BEV-002,8,71.59
0f9817a5-b203-43cd-9b34-6795e3b7471a,ea8f7fce-d889-4353-84c4-07a9598659b9,BEV-003,1,792.53
f175605e-ac80-46cf-b08f-e21622a816c1,c25466e9-3214-49c4-8ec8-3fd10e24c448,BEV-002,6,436.79
cca2813b-a78c-4433-ba4b-b22fbf323196,0d4750c7-eba1-4e3d-94e6-25bb0b23f7c4,BEV-003,7,334.88
9dbdac9c-4a16-45d8-bb7d-fcc8de0dcc44,d2dbb9d8-7631-4101-9676-34db1659fefd,BEV-004,5,826.65
50f66aff-a84d-43cc-8b41-600d6561809f,8f36be17-f853-4088-8de5-b3b4e05dfbda,BEV-005,5,154.35
a1a1c3c9-7cb0-4da0-9628-28d06aeefbcd,a6bbda6f-f888-462c-8b0b-13e48fba3f34,BEV-001,5,564.48
f585f7ef-1a41-4ebe-a787-c4d9364194f4,0f47e8ab-f855-40e3-bfc5-687249f2e2e5,BEV-001,9,681.94
65daa08b-2c12-427a-98f7-edf2f2cfc193,43e21557-7aff-4c2b-83f8-19a215b4e2bf,BEV-001,2,907.18
a5858331-9f5a-411c-9722-0f8aa211c7bf,a2ff19f4-5fa5-496c-9883-fce71dc8fa1e,BEV-004,10,898.57
748b81ee-610b-4e09-a188-fada378c6b43,7a598c28-6e7b-4bb0-b0fb-96a19098dc25,BEV-002,2,922.31
49fb21bb-bf63-4157-b8ad-a958f70b24e9,7a598c28-6e7b-4bb0-b0fb-96a19098dc25,JAF-005,9,51.83
b43f8b08-e229-4a0c-9d45-8a1434e2112e,4a28ec38-c2db-4777-a57b-4f8bc3ff4a6f,BEV-004,10,974.36
f93b98fc-752e-4eff-9e30-0298aea7549e,c4a7c843-20e1-46c0-8630-58623bc8a6ab,BEV-004,6,556.69
3eafe249-d6ae-434a-8fdc-5ccaeb63cdcb,c4a7c843-20e1-46c0-8630-58623bc8a6ab,BEV-002,2,541.55
025aca71-1d15-47e4-961c-2ee75c9ee7f6,054d843e-ae2e-4d8c-be2f-45c54a9c56c6,BEV-001,4,209.94
f8068fa8-bb18-4e93-bfd9-a36c84992a30,5fbe4ecd-1d08-492d-bf53-1f3e01913d4e,BEV-005,4,113.5
50116681-611e-48ee-81e3-9419179f9b33,79666fdc-9ce0-4c87-9712-399ba2504f9a,BEV-005,10,653.78
72f19f7d-3c3f-4b92-a235-bf3e04c6c487,79666fdc-9ce0-4c87-9712-399ba2504f9a,JAF-005,1,216.85
a66b03b2-31e8-4e0f-aedb-33fa5a632291,41d09a08-cbb0-4ed5-9725-861b8f3d97af,BEV-002,6,959.1
c69fd089-9935-461f-8f5e-eb25b2e3f5f5,301c3d61-4921-4ddd-b4c5-003543f707f0,BEV-004,4,289.3
dde904d0-713d-4a4f-845c-7a66453d3428,d9407025-6eb0-4ffd-a937-48c36974fc28,BEV-002,1,518.05
49f6455d-a418-42f3-a15b-3ed7f5ee494c,e26c4e61-8f79-43a1-836f-3198c341f5b2,BEV-004,5,429.11
9875f435-6dfd-437f-bebb-1406d7976a7e,ac04f2f5-c5cd-4030-a6b3-b9366c22e43a,BEV-004,6,980.81
8d431946-c5b6-46c7-a357-9030f957d19f,8d90a16b-fdf2-4432-af76-30548982ef68,BEV-001,4,372.25
197cbea0-6472-4172-8901-0278ff313f10,ab030941-deaa-4be9-8a18-7f536eb131b4,BEV-005,9,649.19
d8dea838-72ce-4fc9-902b-36f155ad907d,1cb5c8d9-a294-4155-ac37-e7b150e91055,BEV-002,2,547.16
c097c854-3b01-47b6-97dc-3b7ae8140783,1cb5c8d9-a294-4155-ac37-e7b150e91055,JAF-004,7,599.41
dd8798db-70f2-4a3e-8da4-431f6a64bd8b,aede4c0c-f305-4651-9bea-10d97319f474,BEV-002,3,775.87
ee0d7f5b-d04f-4055-bf26-3ef0eb67528d,144e3739-2c7e-40b0-bad3-6664dc5762ac,BEV-001,2,446.25
39e1ef45-b1bb-4e5c-b3fa-e546f42dc98c,144e3739-2c7e-40b0-bad3-6664dc5762ac,BEV-002,2,12.01
6f4d8848-761c-4837-9c77-236346214624,e4249140-2a20-4f54-9a1c-6750b7a0f104,BEV-003,3,729.8
b81e1c1e-2c47-45b0-9838-8da52ed03bf3,e3481e5e-3402-4193-97cc-a4a3a552ae22,BEV-003,4,728.97
dec1ee8a-f3f7-42d9-bc24-8021e0518eff,71b8a479-e5b6-496b-9868-258566675a9e,BEV-005,7,846.39
8684c9bd-13fe-48e0-aac6-9a6e4ae53d19,71b8a479-e5b6-496b-9868-258566675a9e,JAF-005,1,493.31
5bd2a329-0498-41ee-b350-c4703488aced,8c4ad6c3-3b99-4740-95aa-fc4f81c78617,BEV-001,6,968.62
38fdb426-6bcb-414c-9744-6a558b043ebc,8c4ad6c3-3b99-4740-95aa-fc4f81c78617,JAF-004,4,85.42
c6decf54-9b60-4f37-97d4-e045dd6c9ba1,8c4ad6c3-3b99-4740-95aa-fc4f81c78617,JAF-004,9,436.44
6220f25f-0a0f-4b46-ad7a-f43f99b1f5bb,18c72287-ffe4-4367-a84c-2d26652cfccc,BEV-003,8,34.39
29c10490-c24e-439a-81ae-217aab7c741f,047f400d-4e9b-4135-8032-d639a308e9b4,BEV-002,10,273.34
373cbacc-d454-4b85-acf2-2fe6a05b418c,6c166764-820d-4f0c-90ed-47fcc7db1dd4,BEV-005,7,295.73
984de491-c7f3-40ac-b003-e337d3182960,76943e0c-3b9c-4fa0-96a9-be094f109b03,BEV-005,5,937.93
e2685b8c-9cb3-4c29-bbde-77143bf914f3,42013197-412d-4483-a836-161018b275f5,BEV-001,6,81.61
d5cb9bd9-ea40-4ab9-8757-3d1bb2c0fa22,42013197-412d-4483-a836-161018b275f5,JAF-004,2,431.79
e208bc6d-f841-401d-98a8-7401d349e1c4,a609b9ba-8bc2-4a40-8421-d24285fc6e00,BEV-004,2,615.54
e26a2190-0d5d-4407-93cc-c93b0f41c1bd,a609b9ba-8bc2-4a40-8421-d24285fc6e00,BEV-004,3,925.6
89015b35-f2f3-4f84-9810-1121dff790d2,a609b9ba-8bc2-4a40-8421-d24285fc6e00,JAF-003,3,109.76
9e97e272-05b1-43a4-b76d-25b065ef9c28,8df7444c-7c29-44ec-8c0c-ac865a4b34bb,BEV-005,5,621.06
a0c30d03-d84b-408f-98a5-292a6b616002,5196e601-b38b-483a-b0cf-aefab19d15af,BEV-001,4,52.35
945a29a3-906b-4496-a7a5-7094341ff52b,25d89171-0d76-41e9-a4e9-40303f818d94,BEV-003,9,471.09
5fec8832-d902-4133-b4e9-ed332a785b27,7262c663-20cc-4333-b4fe-17fc223acbee,BEV-002,3,614.01
20c34314-b78a-4d39-865c-04d2d82602bc,769f2c3b-d5cf-4eb2-99af-4238085ca576,BEV-005,5,626.26
d8fe777e-5d14-4487-9783-6497d7638abb,769f2c3b-d5cf-4eb2-99af-4238085ca576,JAF-003,4,81.38
d977d4d3-db3f-4160-ab4a-1af597bb8cd1,2f438663-cc9e-4ad6-9d38-0a1b9044854b,BEV-005,9,111.46
0d4da41d-ce66-4f85-9f1e-5b2efa1735b0,e7c2d64c-beb7-4403-b360-04c6861f2205,BEV-001,5,642.75
6d1c7eb3-1b88-4f73-bb53-d8721b338e7e,d45d5a20-a580-49b8-b7ff-ac2390d97478,BEV-001,2,349.09
840ab2e4-765e-4e71-a0bb-571e0c019985,15824e1e-6ca5-4c90-bf88-3a4b9baf4c9f,BEV-005,3,897.0
57f4b7f8-c283-45af-bfa0-3325bb3e4324,4b351f90-b7cf-4d83-9e97-f0d4eb4fd52e,BEV-005,4,401.79
6fa951a3-fba5-4035-8d44-240cb148ab6d,ff05d930-dff1-4090-8d8b-c3d812da38b0,BEV-005,4,76.28
483a4a63-7fb0-4920-b3a5-6c87e583611c,7b10e26a-5d77-42b2-a797-42dd66f2ee76,BEV-002,5,789.73
fab4c3a9-c581-4195-b9c7-5c9e4d07c4a0,727b13d7-3884-427d-b07f-d33d99fc26e7,BEV-004,2,866.7
fafe976f-965c-4b17-a243-fd654ebc22b6,7fc8a78f-c7d0-4b4b-a3da-5e8516602a43,BEV-003,2,20.8
4b596922-1761-415f-8d0f-43a80c2eb1ac,58221c67-69cd-4c50-9651-6284ccf871ac,BEV-002,6,252.41
18d946ba-ed3b-46b4-afbb-187f16307ebf,d204d4d1-23e4-42ba-b3f9-358ae041949a,BEV-005,10,220.7
06e80084-142e-4c54-bac2-f653b9fdad6b,1f612df6-4158-40d5-ba70-5bb708e62147,BEV-004,8,292.95
78814cc3-babc-466c-a536-14b753b27287,1f612df6-4158-40d5-ba70-5bb708e62147,BEV-002,5,45.24
20e7cb34-f8fe-4ce3-94c0-df50bb7c107e,5ee8e802-d9c5-4f47-93a3-55371915b59a,BEV-004,8,620.37
02bb684d-bbf5-467f-b472-3e418702f44f,4b07e12d-6ee0-4e73-92a8-cb2be6f4b171,BEV-003,2,593.89
1835c3ad-83d8-4390-8fe5-4f0e1c5dd0f3,83e41e0e-cd33-42a2-b5b5-7d98f4a78a1e,BEV-002,10,268.6
11bcb4c5-ad1d-4a84-9de7-cb6455a0d78c,83e41e0e-cd33-42a2-b5b5-7d98f4a78a1e,JAF-005,9,430.56
f7c61c51-cfb3-4f21-9760-c8597b8837c4,83e41e0e-cd33-42a2-b5b5-7d98f4a78a1e,JAF-001,10,624.31
8e9a8199-a187-4b27-95ad-8ff74a45c05a,4010ce78-59f3-4021-9865-a618188ab973,BEV-003,4,586.4
41bae944-7727-442d-a327-11d54f7009f4,35472a5d-9e2b-4c84-8285-fa232a6adbc9,BEV-004,1,84.81
8e4cac23-c797-473a-b3d7-d48925c6bd3d,cb15c180-1526-48f7-a683-9c07f2c0c309,BEV-004,9,324.55
4d963735-7b78-4f91-add8-d5ed63591f1e,67fe5a34-82d4-469a-b6b0-6e816bb76aa5,BEV-004,5,887.52
ceeb7399-8017-43b4-b0d1-c9b0895b5cd0,66eae589-17be-48a7-bf06-cc35901bb718,BEV-003,1,673.44
53005eb6-2e37-4c9e-b23f-1c5032b37065,66eae589-17be-48a7-bf06-cc35901bb718,JAF-004,6,662.16
c58118ad-a319-472b-a631-efe915d4aa34,924fa4a6-01b7-47cb-80f0-3ec9ecca02d6,BEV-005,3,957.19
8cb86a64-ae70-4a9a-b1ba-6af50ab79e38,62d0b85f-c468-498c-8b59-b99724681d4c,BEV-001,7,870.76
527cb3b7-784e-4c44-9eb7-358b7824f87d,d8ee20b5-0ad5-4f7e-a80a-c03bb67cb63b,BEV-002,6,933.57
99b71f52-31dc-46d6-b012-fa059e4ec8c0,3de781af-8dcc-419d-a8f0-a7829826341b,BEV-002,10,777.54
e43a2ad0-e8e1-4967-b0e4-beab6eee62ce,82a85440-7aff-4cf3-93df-b07309d95353,BEV-002,5,566.1
eb2b6f6c-ba58-4a10-a113-964056ce8f84,6efdf37a-ff2f-4448-9879-64b75d1c76ba,BEV-003,3,650.36
5c912a91-359c-4597-8678-96af04db41d1,d6140c95-8a46-4085-bf5a-664d8ffc8bb9,BEV-005,1,457.23
1f82a5c3-4712-4e8a-bd88-470dfa995e84,691f89e2-707b-45e7-a810-d938068bb360,BEV-004,9,979.77
76eef8aa-f742-4d8d-84b4-b749373911f3,6210e9f3-e837-4dbb-849f-726b09c41581,BEV-001,4,561.55
8a1bc147-89be-41e0-9254-12f1624d1c39,037412dd-eb3b-4bdf-a028-b1c08c4e1573,BEV-005,9,178.81
754ef354-3662-48e1-870c-21fd683a7367,037412dd-eb3b-4bdf-a028-b1c08c4e1573,BEV-003,4,747.63
f8ecdfa3-44d8-4b08-9b22-97688e08b781,037412dd-eb3b-4bdf-a028-b1c08c4e1573,JAF-001,1,833.3
3001e3d8-87dd-4877-af8a-c428e410acf5,f3f493f8-8b2a-4b11-900a-bb8ed06952bd,BEV-004,2,166.16
33f707d9-d14b-4d49-996d-1f564f06227c,887f6f83-b85a-42ac-838f-11b9f4c197fc,BEV-003,7,961.19
740f48ce-0d59-4b76-aeba-291eeb3cd295,1ba5c862-7faa-4728-ba0c-dd4903be5691,BEV-002,7,628.01
a62f4438-0d18-4ec5-bcf6-293279226fe8,3eaf6d77-f8a3-4aba-870b-f814eb5461fa,JAF-004,4,668.71
1e74989b-30b4-42b8-9de5-22f9c8b1cdd8,2b715312-3791-4b48-8fc5-20ebbb34e4fb,BEV-005,9,203.53
204e976b-5855-4788-a96a-90e36c5998b8,8e0aa4ce-0fed-491f-8e00-e6e12d58af10,BEV-003,7,480.28
2b8be034-89a5-4cf7-a57f-cc92cd951620,d947149f-d2ea-4bbc-b355-82700f77e327,BEV-001,5,615.85
b7663214-2e3e-49b5-9915-c3ec9872ffbd,58287e8d-6a25-4977-95cb-7e1bcd830a78,BEV-003,4,328.26
c1118c33-a1f8-4ce6-962b-2ed8a957c1be,500709ca-644e-4134-b230-4f4d1678f0e0,BEV-004,5,645.51
f288bf23-51b6-438a-b273-259b9ff187bc,8bf855b0-82e7-4f39-8eab-5d0de42a9e48,BEV-002,2,631.82
90f6b6d3-5ffa-4be3-bbe5-a6a83d0b2e9f,5b990ba6-12aa-43f7-802b-719f599e8a98,BEV-002,3,801.56
ed8ed78c-0f2e-41e9-b4dd-276c220597ca,84049a9c-0cb9-4df2-b239-6c898f93d687,BEV-004,3,858.93
23460b7d-5aef-4a70-9708-15945e1dab93,d53d16f0-080f-4564-b83c-f1450d7b9761,BEV-004,3,745.99
72b00e0c-39d7-477f-be5a-0050c4af5594,92ce90c8-c155-460f-a8bd-c81841213ddd,BEV-002,2,519.69
e7142524-636d-4b99-babf-2fc6e58afb8b,34dbc72b-6397-4385-b431-7f27f78f2a53,BEV-005,8,259.36
ce2f9c0a-cfe4-4336-b121-f191026f98ce,85c9b354-859f-41a1-bb9c-d0efcfaa0c0a,BEV-005,8,80.36
cd7602a9-4c06-4a80-92c5-c79fb763b2c2,9b287cd7-0e00-4bb8-afad-9be6ae4b7473,BEV-003,6,706.7
79f2ba85-6738-454c-8ef7-d72ccaa9f94b,9b287cd7-0e00-4bb8-afad-9be6ae4b7473,BEV-004,9,584.66
a01a043f-95d5-4ceb-b591-ea0df72b8504,5cddbe59-d9c9-40f4-ba63-20f26c7a8746,BEV-003,4,931.49
fae0ac28-fcba-4478-b07b-c0a17808d71b,5cddbe59-d9c9-40f4-ba63-20f26c7a8746,BEV-004,8,777.16
8df4abef-1feb-41a3-a601-a95e967048d4,5cddbe59-d9c9-40f4-ba63-20f26c7a8746,JAF-001,6,842.64
aa831f4c-e7cd-48b8-8d45-e567b0085ff2,5cddbe59-d9c9-40f4-ba63-20f26c7a8746,JAF-001,9,357.93
36ec10ee-91b6-4880-a793-4bb748607b99,5cddbe59-d9c9-40f4-ba63-20f26c7a8746,JAF-001,9,396.66
dc7d7cf1-d36c-4fec-9a9d-eff9c9ab8051,d6111f96-4092-4ca6-b9b8-3b3c4c0a47a1,BEV-003,9,397.66
77c331ee-83f9-4b8d-afca-fcd863e4b822,d6111f96-4092-4ca6-b9b8-3b3c4c0a47a1,BEV-004,9,262.41
64e3d60e-be53-4e8c-9a94-09b4bc4d1857,502cbb1c-bc0c-4b7d-a9ba-058fd3a49cb1,BEV-004,3,75.73
8498adf4-6f50-4ee1-83c7-1f9118aad2d4,4e3ecba5-c5ea-40fd-bc83-269f15151aaf,BEV-003,1,509.53
6471ab9d-4aa2-4d72-b4a8-1845a796e21d,544f32bf-a201-4304-ae6f-cbe8b53e55b9,BEV-003,1,447.37
d0ba0965-36c4-4c98-8e5f-b9a09a355f20,59adb9ed-1fb4-409f-b027-bb0bd6f51797,BEV-003,10,131.52
689e54a9-dfdb-45d1-bef8-f0ef53056d11,59adb9ed-1fb4-409f-b027-bb0bd6f51797,BEV-002,8,156.62
e54769f6-161f-4c88-929c-cad813435100,7cdbfd77-46be-452b-ac19-38a0f2cc56e0,BEV-002,2,792.19
87c71757-e1be-4b2a-9132-0a1371d60a8a,b444657e-3e0d-49c3-812e-a23bf750d14b,BEV-001,4,876.96
93ca19b3-2219-40e3-a489-55c49a8edd1c,86936996-fa93-4217-91c9-e9945dcc88ac,BEV-005,6,831.03
4e343adc-f1b4-46c0-8d8d-ef1aeb4fcb47,f7979ccf-aa5f-4265-80f9-4450f286c82c,BEV-001,7,479.36
c88aab51-da11-4945-99f0-99816ddf5bce,c7735e45-0eaf-4a2d-a9b9-48909d58b5ea,BEV-005,7,70.02
b92df177-0096-4600-b44f-fc5a33271470,9e2dc8dc-5a70-41b4-a5b7-998425789bbf,JAF-004,5,157.84
e35cfac5-0d56-47d2-9f4d-34426428b8a2,9e2dc8dc-5a70-41b4-a5b7-998425789bbf,JAF-004,7,646.29
f365afec-1a24-47a1-aa59-1c04e8303741,a787f2a2-6fad-4076-ace2-698c5064c37d,BEV-004,2,225.34
b319e44b-c67a-4bca-8d29-d220e2a18790,caf18da8-e427-4ed2-8a45-a23978938170,BEV-005,9,822.39
a35625c2-b5f8-45cd-80bc-07d0e02ee5b5,90342f2a-518d-4e26-b06d-77d20688b6ad,BEV-001,1,281.88
494c9bba-51dc-46d5-8e01-145288a377bb,90342f2a-518d-4e26-b06d-77d20688b6ad,BEV-001,4,465.82
064f917f-1cf0-4798-9175-bdf4dfabdadf,90342f2a-518d-4e26-b06d-77d20688b6ad,JAF-001,9,542.69
17838738-b48e-48c9-95cd-6f1968f4b26b,d76cfa4b-2841-4d8a-a168-1b59719ad50b,BEV-005,4,582.69
8d892a88-6f42-43b1-87fb-fb1aea928dab,8124d3c7-e35f-47dd-b457-11352badac27,BEV-004,6,38.69
0c88ac3a-1c02-460d-add2-00e00637211e,ce8d75af-69af-4fca-8780-e80b8217ed63,BEV-004,10,61.05
47223ac2-cdc9-4ea7-93c5-c7c49e074460,ce8d75af-69af-4fca-8780-e80b8217ed63,BEV-005,7,332.89
9d0e4e2f-a0cf-4cb6-aace-3774a99843df,a69b0f75-6754-4708-81f4-f1e954601203,BEV-002,9,114.21
6fff0690-b1fd-46b0-915a-7a391d7c14ef,a69b0f75-6754-4708-81f4-f1e954601203,JAF-004,6,713.95
ce7b9329-555d-45df-a494-7947cf6325dc,4ee2aec0-2a82-4c73-b2f2-b692f57c612b,BEV-001,8,602.47
2814795c-e453-4293-8d5b-1699ca77e472,cd69f40e-2227-43b4-a4b7-020d77ca1f27,BEV-002,3,529.83
56063f33-947b-45b6-aea1-d442eb3640ac,d4f32ce5-b23a-4108-9b50-e6f95fd432eb,BEV-002,4,433.41
2ca99b96-5cef-44d1-a53b-80bba70ecc84,2dea3029-e337-45f0-9584-563a02eb43ad,BEV-001,8,350.03
6f6bb353-7605-4f21-9ecc-50bc82c9e831,0f54110b-b72f-4cd8-8c17-2ce83c3b45f7,BEV-004,2,69.06
5e3546c8-1a69-42b6-9865-c0263d09d025,d2cc4fa5-a92e-4e5a-8281-de36a064765e,BEV-005,8,149.72
96752aa1-aae7-4bd9-bedc-61ae65323e14,9fe05fa2-cea3-40ba-863b-5603eee35b26,BEV-005,7,734.29
5977bfa5-e44a-4f8d-b4da-48d4ad74aae8,9fe05fa2-cea3-40ba-863b-5603eee35b26,JAF-003,2,216.66
338014a2-5351-44fa-9783-8b2b7e6da3a4,1d3ce8c8-f715-4111-bd99-1705de9c14f6,BEV-005,9,173.73
4684b615-9346-416d-9565-8e8ca9195867,d1031122-d139-4f9c-a3d8-159aaa3e806b,BEV-005,10,748.65
79bcb819-9d1e-409b-adfc-c06b35e029d5,d1031122-d139-4f9c-a3d8-159aaa3e806b,JAF-001,4,908.52
482d6ca1-9464-494a-8e4f-af57c56de533,3f2b8887-d451-4f77-9daa-6bcb7b0f4221,BEV-001,7,447.7
a04013d9-caf1-4b3b-87ec-64a614423fef,7043a2b3-a046-4914-a817-c58affa9f8a9,BEV-003,8,534.19
0298271f-990e-4e95-a005-0f8e4f503c7f,eb6a427f-6658-4a7f-8f59-10824007c0e6,BEV-003,1,501.95
88b8e063-0872-40e8-a12d-6d55e63b2049,45fcecb0-b744-46a6-b23f-93663b6eb9cc,BEV-002,9,274.44
b2d1c5dc-8118-4c4a-b0f9-f4181f815e47,45fcecb0-b744-46a6-b23f-93663b6eb9cc,BEV-003,6,499.79
0f7ef4a9-7039-429f-8fe8-37d447711a9f,e8384497-531d-4225-98af-2d2726a8a439,BEV-001,9,558.78
76cf2fbf-7cee-41dc-b640-a7b6600f19b3,e8384497-531d-4225-98af-2d2726a8a439,BEV-004,4,105.07
03d079b2-0b29-4a28-ac2c-40cb62b23783,e8384497-531d-4225-98af-2d2726a8a439,JAF-005,3,471.58
4331cc42-cba1-4ca3-a8ef-965bc6d7002c,e0f2f142-7586-4a5e-a82e-fd76cea6af6c,BEV-003,7,27.74
c61f5f24-b5ff-4c88-8ba0-866d5d1a9cdc,95a672b9-64ba-4ba8-a58e-aa7918588a0b,BEV-005,8,517.94
15dafb07-6b31-43a0-ab13-8c04182423ac,09e55a38-cf3f-4bea-bfc3-e5c1cd0e58bc,BEV-003,5,844.57
1ed8d906-6d9c-4a41-9810-9d1c5df5c1f2,cf2c5ff4-6096-4267-b9fe-19e3f61cd8ec,BEV-002,6,278.65
b0fff089-d2ba-4ba7-8fd2-53053a7fdd47,0953dda5-1989-4143-8739-52ea2f408a26,BEV-004,2,801.53
b43eb415-850f-4329-8594-86e91e26c309,3b9ff373-93d8-462f-8d53-fdb5b7412db2,BEV-001,4,142.46
41c7fc3b-a500-4542-97a8-65283b156f35,3b9ff373-93d8-462f-8d53-fdb5b7412db2,JAF-004,4,831.77
7768895a-556d-49ae-8995-e038cb201d69,94b581ae-29e4-4f84-9f70-f0ab8fda73d8,BEV-005,8,545.5
27bcdc38-c03a-4fc2-bfe8-c1e0151abc15,a49343d3-83b2-432b-98b5-facffaa6d8b0,BEV-003,6,513.0
a173ae9a-137d-4df3-b718-efb6238765a1,cba7332a-f9ff-4853-bab3-7eedf3c5f2dc,BEV-002,7,226.63
5ed3dead-a2b6-4749-9b26-326a6f939d65,871c8dd8-f675-47e0-8f79-f92d402c308b,BEV-004,2,56.21
3e6ba05c-3105-4e12-91e1-abebcb381279,6a4e07bb-9fc5-45ec-9458-52d0ebdc8e62,BEV-003,4,774.63
f98bff19-36b4-4042-ac92-9e18a005518a,dd08914d-7726-488c-b05a-70caf01ee0a2,BEV-004,9,378.05
38a556be-4bfe-4ccc-bff3-db1deb28928e,e7ed6543-30f5-4338-af16-01e361d1f2fb,BEV-005,9,20.59
7137e476-38a6-403e-abb0-62f785a71cd3,e7ed6543-30f5-4338-af16-01e361d1f2fb,BEV-001,10,40.33
0346965f-ddfb-419a-8116-c767b7fb6230,e7ed6543-30f5-4338-af16-01e361d1f2fb,JAF-003,8,364.31
ca98209c-a439-4a1a-ba02-168348ffbb7f,7a237d03-715c-4371-bf68-56ef6f765967,BEV-005,5,536.46
dd9931fe-610d-41e2-8ee5-e10281c6cd8c,7a237d03-715c-4371-bf68-56ef6f765967,JAF-005,6,62.28
b28ef38f-fc4f-443c-b386-f9c3aba3fa53,7a237d03-715c-4371-bf68-56ef6f765967,JAF-001,1,900.22
149f4bf6-c357-48cf-a6ab-fb22aa444502,c1629dba-9381-4a8b-86c5-cb209a3904ab,BEV-001,8,658.21
0eee83aa-32d4-474b-be13-ba7c60b32a3f,805ec1f3-c38e-41fd-a06a-676c205293e5,BEV-005,4,561.2
20124cb3-25f9-48f8-9f64-662f2d65eadf,d7463b6d-68d8-424d-89e7-e5da3694bb22,BEV-002,4,890.55
0c8c1343-65ee-4de5-b6df-defe343a10bc,56961b86-142a-4342-bc07-1c1d1c60bc43,BEV-001,8,311.8
974038b0-c317-42c4-9943-c39ef1ae9388,6b252664-eacc-4998-8e54-a1a7ebce61c1,BEV-005,2,649.24
8566cb99-c8d8-4e7e-851d-5a9535ede521,6b252664-eacc-4998-8e54-a1a7ebce61c1,BEV-005,6,380.07
95c97d4c-991d-47ed-bf61-a9b5490a5669,6c499cbe-de60-4882-be14-25e7915b9887,BEV-005,9,473.27
87a52cd6-5b83-4948-9789-f8befec56468,68c755cf-e077-4d11-a5d1-00f7f3a159e8,BEV-002,3,179.54
1cf1d3ef-cf8c-4a91-a335-c4b4e9f909ff,68ebd597-5c8c-46cd-b8a0-782173bbe1f3,BEV-004,4,601.58
9cdd43c2-146f-4b58-adb6-59758b3b178d,7af788ff-2d32-4147-b5cc-22688d01ac1b,BEV-002,3,316.2
a3834121-035f-4ad0-be5d-0c903d2b1b25,6d6c89a3-0bc6-4a68-b325-d1720aecff72,BEV-001,6,933.8
c6013b55-fa8b-4d3e-b668-0359dd27b1ba,d28951e3-6439-4c22-85c2-7c84ac3be7c8,BEV-002,5,288.05
d1a2ef2b-6899-43c2-b97c-78177ae3c77c,62be91e9-95c9-4ab6-bf01-34520705434b,BEV-001,3,134.33
59e8363e-e7fc-471d-933b-b65234db50a8,b5bd1b2f-b50e-436d-9119-33ccfe774fdb,BEV-002,5,431.9
2afdf668-739d-427c-ac96-77ba1c2bebbe,8e9e1cb1-3a54-4fb4-b433-cbc2dcb2c498,BEV-002,5,487.51
26ed2ecb-eb41-4b64-ae41-b092a4e917b0,172b46ee-c2d1-4376-b0c2-ae53727f7c4e,BEV-005,3,948.91
6823b522-6eb6-4428-b7fa-5796a6770d44,fd06afa8-81ca-43ab-bc1f-a37ee2840011,BEV-001,10,693.55
4c3bf1e9-91b0-4cd6-b4ff-939b6d96e73a,9e2e6061-aa30-43e1-8417-f27e94abf6e8,BEV-004,9,907.48
adb0b4fc-4d79-4279-a41b-9add303dcd0d,5e4436fe-3fb0-4065-abae-2cf97df71737,BEV-002,10,595.92
0f7313f4-aaf8-4a47-bf70-bfe0a0930604,ff43debc-5244-41b6-af75-db05d1dfe42a,JAF-002,3,41.35
98c24eb7-b00a-4183-a7dd-5b7bd0195349,ff43debc-5244-41b6-af75-db05d1dfe42a,JAF-003,8,546.31
89370494-6a2c-44b3-9548-26838162cd4f,0766fe5f-0e22-48f0-989f-9286abb2e27a,JAF-005,5,492.74
393bf78c-f6c1-43c1-a23a-53cd02181277,0766fe5f-0e22-48f0-989f-9286abb2e27a,JAF-005,3,497.51
86ecf3b6-d383-47ce-bd47-94abad477d4f,1ffaa97c-947a-44d7-939f-46f95c4ff9e0,BEV-001,4,860.22
3a616710-0f44-4bea-a411-816b7c98bb88,079b100a-29f7-4fb6-9e7c-25e2bbb7fb1b,BEV-003,1,104.66
0f99ee6d-d783-4044-95cb-fcd39158da49,87951190-4e50-4310-9884-7f7954010522,BEV-002,3,181.2
c5423acd-44e6-440b-939a-7c87a018c01f,87951190-4e50-4310-9884-7f7954010522,JAF-003,4,338.62
2f6129f5-2c52-43dc-9904-325ee2d9e422,e0143442-fd75-4ca9-ba78-d172d18c2ca8,BEV-001,1,485.8
4aae5e65-2fc8-4ba6-a3da-a9bd1e86766c,cf41d88a-8a9a-4b03-9dfc-bcc60cad8fbd,BEV-004,7,688.32
88cdcc81-441b-4313-91ee-ac19ded8e5a0,5a37c076-c4f1-4786-8330-a1db25303a24,BEV-005,9,419.64
b0903136-d6ae-47d0-8cde-ad1358c6303c,8c415551-73bd-4b42-ae82-376dd876b676,BEV-002,7,360.41
f500a307-5097-4996-a16a-ba9874605787,15edf136-8234-49c3-97d1-c333ecc038ce,BEV-002,7,679.65
6118ff6c-08b5-4b4d-9b1b-214c00832a1b,7f10551d-5bd5-4a3f-a0b8-be07cce4db7f,BEV-003,10,839.48
01b7db6e-fa82-4aa6-8be0-43b063dd82f3,9a6a49ee-f903-4d61-b6db-864c096295ad,BEV-004,6,805.36
d2f3707c-0ed2-481f-90f9-9858b55c5e2b,c8a21f05-4460-47ce-95dc-89195b7aa037,BEV-002,2,430.81
f2443860-3246-4571-97ed-336a99efdb6e,b0071ab1-fb5a-46b3-a550-5071876a2934,BEV-003,10,504.25
61e4f439-b51e-4530-bc99-1c3b62062dd0,2353049e-3990-4cbf-b0c7-7a8f040ad889,BEV-004,3,427.22
3ea5dba4-1f77-47aa-913d-d7bbc700775d,69841e42-a4c6-494e-93c7-a0526c55333e,BEV-002,2,89.3
7e1db38d-9c3a-4cf9-86bf-c98e862b7dfd,d497a17b-36c8-40c4-a83e-81bc0efdfe34,BEV-004,6,117.39
22d91de7-3814-4f3a-b0aa-421838496067,976b16b3-8b0b-4e6b-8890-64334adcc8b1,BEV-004,4,102.27
d519405f-f99b-45a2-b5bf-d4b587e61544,976b16b3-8b0b-4e6b-8890-64334adcc8b1,BEV-002,1,589.49
52855218-9341-4639-b63d-b3a331c1eb45,976b16b3-8b0b-4e6b-8890-64334adcc8b1,JAF-003,10,772.36
377c0bb8-228a-40e2-882f-c12e1bc9dcc8,d2170161-48ae-4fb8-9a46-dfd5446fa03a,BEV-004,7,477.84
f982cbad-b170-4de0-b657-09cd19e6aa60,d2170161-48ae-4fb8-9a46-dfd5446fa03a,BEV-002,5,633.51
ff869669-7a58-4198-bd28-64f3efd67e96,d2170161-48ae-4fb8-9a46-dfd5446fa03a,JAF-005,3,444.67
0d819982-248a-48df-811f-b76297ca921d,498eaf8a-93bf-4465-ae9b-5e63d870c0d2,BEV-001,1,644.79
8316e1bd-4def-43d8-a7e6-5930cec2cd54,31442a60-b088-45de-8736-226ec6a05325,BEV-003,7,245.04
c2a3763f-8b35-41c7-8471-b6afb73596aa,a1213f2e-9ae9-4374-9b7e-e5816f7bda05,BEV-001,6,677.39
aa139608-2292-470c-82dc-900c9663c6c5,a1213f2e-9ae9-4374-9b7e-e5816f7bda05,BEV-001,4,723.28
048c67ad-519a-46f4-89af-836336bcaceb,8fac5874-26fc-41ee-ba87-abf70de82004,BEV-004,9,528.44
fb28e194-cda5-4f7b-9847-b92497f9bec4,855a950c-57a8-471e-ade7-a373e0542685,BEV-003,2,914.21
a8136418-d1eb-40b4-8a1e-71992abb2fe1,e1bee997-935a-4a6d-afec-592b2e813565,BEV-005,5,657.66
ec606229-a9fc-45cd-82c6-bd49aba1a16e,99fc87ba-f631-49b2-a6e3-652454e11c6c,BEV-005,6,493.16
ef3242c2-163b-4d5d-8cf8-a729bcbeb1c3,99fc87ba-f631-49b2-a6e3-652454e11c6c,BEV-005,2,272.43
68bdd6ae-9564-4cdb-bacb-51360b36c9eb,99fc87ba-f631-49b2-a6e3-652454e11c6c,JAF-004,4,805.06
26a925f3-edc7-4695-b0e5-3cc055eda803,f0717338-61f7-42d8-8925-38872c05ca9a,BEV-002,10,367.59
6d13e062-f885-4487-96cc-d7ac7a517804,d82a4246-1027-40e7-8bbe-6e8e723f56ff,BEV-004,5,394.94
cdad8fed-7f21-4dde-8c1c-877afe6efd65,02b6e959-1001-4a47-b1fc-f48fcf884a0b,JAF-001,5,887.19
5e0729a8-7cfa-41cd-ad0f-d4e9996c8bf7,02b6e959-1001-4a47-b1fc-f48fcf884a0b,JAF-003,4,595.85
34a0e441-3877-4a7f-b5ca-16a0a8153866,1eda9582-9aaa-43e5-8492-ff2648344859,BEV-002,2,737.47
9509ed67-4c59-4d45-8666-4526c536f4c8,db017c17-4ca7-49a2-a758-5e226a0b3b3d,BEV-001,7,583.08
3fd6f7c5-be62-4bfb-bc3a-dae6069d1d56,8e2f8697-faa2-4280-9912-ac5b58f2f149,BEV-002,1,516.67
237c7df5-a558-40cb-899b-8f69893a0f47,9744c274-9545-4a73-b6a3-47eb59c168d1,BEV-001,3,93.03
5f2ea47e-2042-4d36-a235-d2f288d0192d,0b174a63-c24e-470c-8fa5-450445da9c0b,BEV-001,5,911.05
cea3aacc-f293-4d08-b7ed-aad927691b4d,0b174a63-c24e-470c-8fa5-450445da9c0b,BEV-004,1,346.66
4bd1e46e-994e-4769-83f1-06aef4b1a63c,6bc72fe4-4ff9-4ba4-85bd-b507d6806f65,BEV-002,9,915.82
6cb4f32a-6499-45db-89ec-007673625f31,e0cb23e3-0f9e-4116-8d8a-595b0bf7f2fc,BEV-003,1,218.11
253db97b-f6d4-40be-9f7c-c864ebabc833,e0cb23e3-0f9e-4116-8d8a-595b0bf7f2fc,JAF-003,9,588.49
b8914d91-dee8-4084-9e94-f88596dddb76,646d082a-7402-47b1-a860-89ed53d1364d,BEV-004,1,706.48
475e7e0d-bd5c-40c1-8c8a-b0f75fa3d482,ef5f14c1-92cc-4670-baae-021c67b0c8f9,BEV-002,3,403.98
d5f3c5f3-ac0f-440f-b096-738a89520402,f0b695e3-11c5-4a8c-9b72-0659da66859d,BEV-003,8,803.67
ce29543a-84de-448d-abe1-a67ddbc8502c,1964bd46-fb9b-4e19-aaf8-46e1a436c1e7,BEV-001,7,160.66
cbcfe974-0d26-4e31-8f6a-3645a27cd4ad,d716dc18-e976-48c1-a609-576f31e512a5,BEV-003,9,435.32
6cd61e5f-20d9-4c2a-a0ba-ac9cf52fcee7,66a65765-f19b-4349-9a59-866432f386e6,BEV-004,5,583.45
9134880b-77e3-461e-ae2f-272ef4e2fcc9,66a65765-f19b-4349-9a59-866432f386e6,JAF-002,4,998.81
b683a8d5-4167-4b73-9e7d-48b8b475b8f4,522e7352-d6cc-4764-8d44-e1bd7cecd748,BEV-001,10,988.92
e9e297e3-ff75-4ac7-8bbd-44016ae09cb7,aaed31c6-cf1d-48ec-bb85-3b76038d2ad1,BEV-005,9,439.26
b020e83c-8c20-4e3b-8075-3d403483097d,0e4f0980-0c94-49e9-a82d-467ada8fe0d6,BEV-004,6,873.09
b5525ae7-5397-408a-840b-7bdb5d30d971,875fd0a5-2e66-47fb-ac97-66326bc50e88,BEV-001,6,462.7
4c5e7e88-d3b1-4dad-9391-6ef0442bc60b,0bac1b90-1f6b-43d3-bb97-48301b306f6a,BEV-004,5,921.31
28b06c00-eccd-4067-b493-8819f21d86ba,398857b6-c5ae-46f7-8316-dd9a99a4ae31,BEV-003,4,128.65
d68197c0-8c50-4c84-ae7a-6ab8a2fb22a4,c00cc26f-162a-4a96-ae04-82b9acfd8dd1,BEV-002,8,867.43
cfa9ef8d-144a-4b27-bf93-cc71fbb5c9c6,c00cc26f-162a-4a96-ae04-82b9acfd8dd1,JAF-002,8,515.5
23dca247-6da9-4d35-80a4-14ca19f24ce4,029ae090-b7a9-4fbb-8f94-ef60ce339111,BEV-005,9,416.11
e020b85a-a7ce-49df-b0e8-43f8735904e6,029ae090-b7a9-4fbb-8f94-ef60ce339111,JAF-005,2,10.26
d9c3e075-54e1-40e6-adb2-21d9bc342fab,d23fed70-b51d-4fc1-b073-c9bf3a803e5f,BEV-003,10,81.96
db61e7d6-1905-4479-8a03-2231000dfd6e,d23fed70-b51d-4fc1-b073-c9bf3a803e5f,JAF-001,7,759.91
0c9b7280-bfce-4265-beac-96933818fa62,731a0fc8-88ba-44fc-9639-cc288a2cdb36,BEV-005,5,640.59
0fcb4edc-3337-44b8-b743-65a0c053afc7,15c6de64-6de6-4807-bc3c-6fca94f470e4,BEV-002,4,368.64
3e98f503-9fda-4813-8227-1089ad649ca4,ee28e489-ac9a-41f1-a66d-8007bae0a8fc,JAF-003,9,587.6
cb42a02b-6a97-48eb-9351-245275247d69,ee28e489-ac9a-41f1-a66d-8007bae0a8fc,JAF-002,3,181.81
88e1f805-f30c-43a5-91b3-77106461faac,1689b306-3106-406c-8e42-0535f51c572a,BEV-002,9,454.55
06714011-b462-4a72-8328-567f5d36dc84,46b3a78b-7cca-48bb-b665-af1cc3204ae0,BEV-002,6,224.51
b65ec740-335b-4d1e-b380-2780ac62f04a,c1659ffa-b18a-45ae-93fb-ae273560a483,BEV-001,6,426.57
9ff7e071-bb9a-488f-a414-a9c328b9fe18,c1659ffa-b18a-45ae-93fb-ae273560a483,BEV-002,4,901.43
54645bc7-b2ec-45ef-b115-9ddf2838f38d,3d903cc2-b94a-4c40-a650-1d89c4e5072b,BEV-005,1,498.91
17f35207-1670-4311-b98a-0b1a0e9374ae,88616a05-44cd-426c-ae0b-68b0a07eab21,BEV-002,2,170.76
646010ea-72de-4fc0-b460-3489c96e088d,a1a1a8d2-f98f-43e4-bdcf-c4bcd72981bc,BEV-003,8,893.74
b571c406-7cea-4cc1-8baf-3cf72c3944c4,b8aea4a2-63a8-49f9-b99b-7d222b584dac,BEV-004,4,162.16
792f9c52-e1de-4ca7-8f54-bf0a118e9deb,96cf28d2-bce5-4bfd-811e-e3dff0cae0f1,BEV-002,2,959.27
2911783a-59f7-45df-bc79-2ce220ee30c3,a0bf8a83-a059-472d-87e5-d263ce43168d,BEV-004,6,318.03
5bf8f7c5-cc41-405c-8d76-e70c4e9d311a,e8640797-bd1f-4c2c-bbdc-f134936740a1,BEV-001,5,857.5
99021fa5-7b13-4dea-b7ac-d59beacea899,5784b334-fa5a-4f46-be06-c7f9559af53d,BEV-005,9,763.02
f99f03f1-b9d5-469e-90e6-ded4d5a51e52,5726acc2-61cf-4265-a745-08a7dca7dd10,BEV-001,3,253.12
e8dea89e-be1e-4d75-b3e9-1ddf8d620006,48f5b9bd-7142-4b69-9179-42d758ebb423,BEV-003,4,334.09
eddd6b4c-e3c8-44b0-84b5-84d20b3dc57c,276fd10a-9257-44ef-94af-ebf99f715fe4,BEV-002,4,446.11
52118e4a-4fe2-447c-bf2b-000a65208404,276fd10a-9257-44ef-94af-ebf99f715fe4,BEV-004,3,200.22
70cd3179-aef2-4f24-a77c-80c916fa71f9,a4ad5902-78ea-4bbe-b8ff-39ceb027ea52,BEV-001,3,14.58
853ceccb-739d-4a48-8745-75fac4fa0ab3,d5164521-0330-46c3-8d69-e4d59b114956,BEV-004,5,349.66
b2ef8c74-37fa-4018-9355-a7ad1d9da7cf,e45cd747-e82a-4003-aa38-6d2348692686,BEV-002,10,913.59
f2c3676f-19d4-4c0e-86d1-cd375f638a1a,e45cd747-e82a-4003-aa38-6d2348692686,BEV-002,7,497.94
d9059aac-2eb8-4a8e-86e4-0e59d09cfba1,e45cd747-e82a-4003-aa38-6d2348692686,BEV-001,4,66.96
33c11efc-5f29-4481-8838-4b9b3e1d9c71,e45cd747-e82a-4003-aa38-6d2348692686,JAF-002,2,26.21
78774962-e155-4292-9cba-426e7bed4c57,e45cd747-e82a-4003-aa38-6d2348692686,JAF-001,5,820.52
2b3197a0-2ad9-43b3-a9e5-921afee994f3,b0d07f05-04fe-4ee6-9376-6a460a61dd0c,BEV-004,2,401.45
1b1b9ef7-4926-4c8e-9046-fa68c3fe7393,10930d82-59f9-40d8-aabe-ac4e6b0a284a,BEV-001,5,460.35
faf1ac0a-b5f9-4cf4-b02d-b114da10573f,2403221f-0539-4314-b8d2-10b7f7762987,BEV-003,1,494.46
5700a877-7de2-4047-a257-ea332c3914df,2403221f-0539-4314-b8d2-10b7f7762987,JAF-002,5,423.99
c22d84de-886c-4ce1-882c-98d871621724,7ed116d8-18a5-4de5-bc32-43a3dd013d5f,BEV-002,10,839.87
7d180519-78b2-4f3a-bb2f-8047f4a438ad,b686f353-7af6-497f-bc02-ba3e7c473d22,BEV-002,5,974.19
f60d7d84-bac7-4020-b5d4-b622c88faff1,d1ef572c-4b2c-4db4-90a1-16c056e60d8d,BEV-002,9,929.0
56d141fe-7f47-49b0-8e5a-b1bc9bed832b,13354e82-d7ea-460c-a0e7-c125c27d646e,BEV-002,5,290.97
7f96764e-70e4-4e1b-92ba-79b510e7deba,21cfcca4-5f68-4107-9ba2-3656338a59ca,BEV-004,8,478.8
b2a2776c-e026-479f-b21f-5352d6c567f5,59f8398d-4975-4af6-89a8-580c21030920,BEV-004,9,97.62
d62506c8-cd0c-4f5c-92b4-b66f615dbdf6,bfacb2d0-22c1-4ac5-9990-27e318998675,BEV-001,1,230.34
5cdc8c11-b844-41f5-860c-86e7c4657716,e61a3485-2145-4320-8ec4-3507742d2c7c,BEV-003,3,431.99
9d032447-0544-45d8-a4b3-5ca5140bfe8b,7a713fe5-8772-4d8e-a74d-0334ed87d627,BEV-004,1,509.05
8f1fb528-38ad-4d56-a1ef-4ca0b569baa0,a488dfd4-d30f-40a9-b2b1-ab73ea598e09,BEV-003,5,444.19
9dd23d95-cf74-4a0c-903a-7a968c2a4e6b,4ea48818-7275-4c5e-a5a1-7e9da654f60f,BEV-001,5,212.94
d2e35026-a98e-45f6-bfa8-bd31aa2e5395,b7a7f842-9d3f-4264-a22b-d0aa4e094811,BEV-005,6,933.15
deb1ddf7-66e6-4a70-8e96-b1fb1c00a9c2,e599147f-ab20-49e1-a54a-ca873dea3317,BEV-003,10,411.51
513926ca-85fd-4945-b821-88dda13674e6,448c3bed-2cb3-4cea-bd0e-6a4a278ce8fa,BEV-003,5,260.9
fff94ff4-4d21-4ecc-af5e-788e35cd6b81,ff9070fe-cd9f-43ea-baeb-9b4c6a054575,BEV-005,3,689.53
85b562bb-4014-4ee0-98ec-4da15fb62307,ff9070fe-cd9f-43ea-baeb-9b4c6a054575,BEV-004,1,770.53
e9346454-faa5-42c5-af30-d4ca2a9bf763,769a244d-a9bc-49ac-bc90-227bcc03dfa2,BEV-001,8,568.98
af2e31d3-6c8a-4813-8429-16585e58d255,e87c017b-f024-438b-8766-85e2f35da47e,BEV-004,7,220.07
cb8207fa-cd4d-4336-8e9a-69d0048f7709,71bb30e9-fd83-444e-b18f-3e5c39d07054,BEV-003,7,290.75
56e187bd-2728-4bbe-b928-0ee9cf6e41f7,4d561fa5-29a8-4460-b1b0-14801c15f269,BEV-004,1,580.56
7fd72b98-b63b-468f-9763-4e2939c99d9a,56080bf0-4ab5-4889-8e13-799fb4786536,BEV-004,5,83.33
b878363b-b609-454c-98c7-794dbdab521b,10135438-e256-46ca-b305-458605a1b8a0,BEV-001,6,387.2
5703b213-0790-42b3-b127-aedce5439914,61637f14-f5b4-42b8-8e0e-65e893809c0f,BEV-003,10,193.42
195f0cd0-039b-4e68-bf7e-c1aad6258276,20c5ff8e-91df-4cf0-a640-e2460db8b40f,BEV-005,2,754.69
1aff0aca-8f0c-4b5b-b1b3-8f070b18432a,69cb8ad2-766f-4c1c-959d-7c18e71bcef2,BEV-001,2,800.89
3da52e0c-075a-46fa-82ff-60f72af3f62e,26d79245-76ff-43da-8ec5-c8d6b3bc8d25,BEV-002,6,80.18
3ebca90a-6e17-443b-8c3b-13fc28a34ff4,ac8c518f-053d-4294-b6d9-8bb76be0f78b,BEV-002,4,380.4
a837dee8-9725-49c3-b1f1-3444cdd97a8d,53b0232f-1d8e-44ca-a4e5-38596a327462,BEV-002,10,219.11
7ecb898a-ed8c-40c2-9cb3-fbfb28e00900,53b0232f-1d8e-44ca-a4e5-38596a327462,JAF-005,4,737.55
7209dab2-6284-4328-93bc-1d9dcaac3aac,53b0232f-1d8e-44ca-a4e5-38596a327462,JAF-004,10,994.37
d84997db-c3aa-4abe-b978-11ef5ff3e2d2,53b0232f-1d8e-44ca-a4e5-38596a327462,JAF-003,6,673.33
ad08d4ee-0da1-4d7c-8f52-985071f551a1,99a7d69d-7af0-44c0-b48d-6afaaa808f28,BEV-005,10,289.87
18124169-8221-40d2-9856-b392f52d91d7,cbeb05a8-b42a-40a6-a23d-d1729bfbdc4c,BEV-004,1,785.78
cef06bfa-b614-4088-9adc-39778af3f9a2,30ed0a2e-2d27-48cc-a577-772c7a325a79,BEV-003,4,81.97
eff86cf9-98ad-4cea-8fc9-7c304d77d4ae,23870cec-e8dc-4520-85c0-db8cd71e85ae,JAF-001,4,870.22
5bef0630-62d3-48d1-bcbb-fe8538637447,23870cec-e8dc-4520-85c0-db8cd71e85ae,JAF-004,10,702.11
800d2b57-d005-49d2-85a1-37d61efde2c4,d6e5977a-10ef-4efa-97c5-8c6a059b80e1,BEV-004,10,862.65
3cd7a2b5-d3ae-4e11-92da-5a93e6a5d5d4,fc377654-cf78-4a88-afe0-3b81b90aae88,BEV-002,2,737.8
e5cbbe8c-2162-4d47-adae-d694757881d9,761765b7-4563-4ebf-8157-2e3717a025db,BEV-005,1,994.66
c3ac20c6-81f8-4294-850b-56d503d2a960,58b8d180-461b-48ce-92fc-735066afca7f,BEV-002,10,762.92
56a3633c-5266-4a88-9681-6ddf50fc3c42,987702e9-62bc-4b2b-8535-9a95c0245c43,BEV-004,2,800.16
4194c7cc-92db-448a-a8ac-285ee876308d,170e5f8b-81f3-4dba-a2bd-bdd79ffd3f40,BEV-005,8,299.86
40e2d5c1-5895-46f5-9607-041ddab053a6,afc60be8-427e-4d6f-b5c4-607670cd1e79,BEV-005,10,621.69
a8a5fcc3-87b3-45b0-a147-6cd763436da8,cf31bb80-dc68-4cf9-a2e5-efc4e2294e5c,BEV-001,7,92.17
e61198bb-b441-44b7-a4c2-50f4607ebdcc,1461c1f7-3106-49c4-a0b1-51c62909c9a8,BEV-004,1,903.6
2e44ea6b-6d31-4bf9-a667-a236a7b76492,f4b37a17-802a-44b4-92d6-be7976f75b4a,BEV-003,6,49.72
dfc9783e-0463-4b6c-8d11-33a56cd7039a,073f8e10-27ab-4394-9add-fdb70e92ebcd,BEV-002,8,953.31
15d595fb-3836-4ee6-a6ca-83cd61825385,073f8e10-27ab-4394-9add-fdb70e92ebcd,JAF-003,10,990.36
2e766910-d37a-4eb2-9f30-3818bacf619d,2db2dd89-e9cd-4e8e-a1b7-b0ba4cdf3372,BEV-003,9,396.07
8a1e377f-ae13-4b6d-b442-294cb5e35ecd,2db2dd89-e9cd-4e8e-a1b7-b0ba4cdf3372,BEV-002,6,119.26
6a85d78a-fbd8-4f70-a666-decfcdb47989,51a4f107-e3df-4d58-aa30-fef4e34a964a,BEV-005,1,907.57
3c55c37d-7fdd-42bf-851b-3e541c0cd10f,51a4f107-e3df-4d58-aa30-fef4e34a964a,BEV-004,10,361.65
edc3a690-1a72-4265-9690-19484ba9c36a,51a4f107-e3df-4d58-aa30-fef4e34a964a,JAF-003,8,904.88
e213062d-24e4-49e3-9c53-84a6e8d17cc8,4aba4d93-5360-4000-83c7-b64163f32bd8,BEV-002,9,256.02
6bb730b9-62ba-4fed-8831-a73ed428465e,4aba4d93-5360-4000-83c7-b64163f32bd8,JAF-003,6,424.41
13bed869-cbce-45a6-a7cb-e85833f62597,91b38e4e-7d8f-4710-b4d3-ea5c41fa5a46,BEV-003,5,374.02
d7320329-d0b4-436d-a533-06f100062449,e0970035-803d-4575-8ba8-0ffe225fbf2c,BEV-003,1,612.4
d9f1ee50-340c-4c09-a200-be293842162a,cd5b3c0d-5b5e-4915-b6e4-d1f2294b434d,BEV-001,2,873.68
28cadc51-70e0-4733-bd14-bf8926c89431,15de60d0-48de-41c2-9274-8a594db9cf03,JAF-003,5,517.3
66dba432-a279-4192-8271-63683fad1d01,15de60d0-48de-41c2-9274-8a594db9cf03,JAF-001,7,59.28
e433795e-3571-468f-b59d-e5ae570e0dc1,aaf4e15c-6f67-4e82-a78d-a44b96d24151,BEV-002,4,465.68
a799fbe6-f34c-4857-87eb-64a8c1c072b1,94ec78d5-38c6-4082-af0e-454426027b94,BEV-001,8,645.12
8498ba98-df12-4050-822d-9481a54a8486,830a48fd-fd7b-4912-8056-058aaf781034,BEV-001,4,382.72
92636ef2-263d-4c9d-b8de-30c17938df2e,47ad2cda-a2e7-4af6-a346-a6059d989b16,BEV-002,6,876.49
8e6c2067-0ae3-48b3-8a4b-f9e4c8b9d00e,31ae5483-c0af-4465-ac1a-d7def809eb1d,BEV-002,9,363.3
27adbf41-b482-42ec-9619-b88fc8d5374d,eb4603a7-ec57-4258-82bb-ffb64df2d07c,BEV-001,7,372.58
a27efac9-38e4-43b3-8ea8-52f189718c70,25724d49-03a5-41bd-9ba5-06ff7a85d497,BEV-003,10,595.31
92a10e13-c31d-4652-bf18-efab1f59a3cb,6ff65f61-c1ff-4d09-93f9-8db532b4aaea,BEV-002,10,473.15
f183d567-63b2-4717-b8e5-c4cfc35c1bf2,d1575c1d-0c4a-4970-84cb-d9aedea32695,BEV-005,2,406.72
5456c965-1e66-434f-a4e8-c8695a826fed,d9f3352b-eafc-4ebd-a8df-846b1803f369,BEV-004,1,824.68
67e14bad-c9cb-40b0-8e4e-48fb12586b5b,16531cc8-2a93-433e-bd37-06d328c27796,BEV-001,8,54.94
caed0e71-2ccf-473a-ba88-1acb025c1076,16531cc8-2a93-433e-bd37-06d328c27796,BEV-001,6,459.26
b6c1391e-6bae-47d3-8fc1-6a184e6d92be,d8d70f65-220d-43a2-a789-eccf4dde9689,BEV-003,3,554.14
49e4aede-ce06-4baf-8a0e-efddd84cae55,10b45fa8-9f09-4d3a-ae04-eaea912694f7,JAF-004,6,452.45
381ea800-61e6-4dd6-804e-5bdf8f79f21b,7fc66563-2be7-4548-a3bd-76fdfa8342c9,BEV-003,9,977.51
c842cf28-fd6c-4328-8d5a-744ee8cdf31d,7fc66563-2be7-4548-a3bd-76fdfa8342c9,JAF-003,5,203.36
3085c906-2d61-47fa-9cd7-2bd33f7ee1ce,2ac25fbd-08d0-4f49-aa6e-4d2a8710bce6,BEV-002,1,549.55
2e93bf20-b028-495e-aaa2-46b5be0b7af6,348c6a14-7216-4f51-8c82-af7478859118,BEV-001,8,940.03
5117eb48-682f-45e0-9ec7-dfff15cf8939,1934eea2-88e9-4cf9-9053-0a363b4725b1,BEV-001,9,440.85
e0993750-2ffa-4f0d-bd72-aaec2c67f2f5,08e4729d-4378-4aa0-90c7-e0f9af4bc80e,BEV-004,8,106.03
110e3d45-5aa5-4b76-80fc-7ebc8dbc5923,66a3818b-a628-4ebd-bb55-9cc4fb4b359e,BEV-002,9,802.41
71da84fb-eb52-4477-99e7-d1d6d41ab59c,033d56e2-e229-4482-8003-435e3b272bc8,BEV-005,10,82.09
15fa62e6-76a8-46ea-b263-2e08305f5437,033d56e2-e229-4482-8003-435e3b272bc8,BEV-001,7,957.79
055f3df4-7045-4dd5-b596-ecf4ecbd3ad8,70b6cda1-11a8-4912-b5f5-7fb232fef718,BEV-001,7,938.11
af339d02-06ed-4b9d-b948-56fd8f70f26e,59931000-572b-45a2-be8e-f4236f6123b4,BEV-003,1,885.26
8d469970-21f7-4ef8-9d49-638168ed5ae5,85f07d96-13b7-40b3-9245-9f4f44b587c6,BEV-002,10,613.13
2ad0b3b4-07f6-40d9-8062-19b938c08105,e795ce6a-6ad9-4ab9-91b2-a87153751490,BEV-003,7,900.52
f5c38c87-c5c8-423f-814e-6915aeb350a9,81944ae5-c3ed-4d53-b025-d1a3b795068f,BEV-001,1,274.27
1c4ad2bd-1c51-4173-9f30-eebd36931a05,3d25c7c8-9774-4d93-a807-5e6fd51c512e,BEV-001,5,663.34
5c047114-4f3a-4ed4-b2a6-66bbe48de139,3d25c7c8-9774-4d93-a807-5e6fd51c512e,JAF-003,9,559.64
0dad1897-1882-4359-9416-3d2075bade63,3d25c7c8-9774-4d93-a807-5e6fd51c512e,JAF-003,3,693.35
07f74bb8-4a96-40c2-91fd-631c24bb1cad,06da5249-1840-4a79-992f-a6b973e31255,BEV-001,4,587.9
4f46553b-9dfe-4b5c-965d-79e1de028dd2,e3eb5324-9ede-4dd7-8963-b5607eeb3afb,BEV-003,9,692.21
7fd31ba9-0e29-4a7f-bf52-bf178badf8cc,e3eb5324-9ede-4dd7-8963-b5607eeb3afb,BEV-002,2,228.62
a30e4041-c617-4ebd-b8c4-c9450d8b6a20,ca7e721e-d52d-4d61-8e19-b12ce6c9ebd2,BEV-001,9,109.4
f7c88aa2-fbbd-4e5c-8d1a-73143b29474d,46507a1c-05b2-48c3-98a7-cf558d6a4056,BEV-002,9,587.45
2b8504d0-cc1d-47e5-9681-f9ab1d475aed,9decae67-513b-4967-9fa9-2110f442bc6f,BEV-005,10,603.27
f30e63a6-dcef-4554-9e23-fa7b92df1084,1bb145fb-e3ec-46a4-8ba4-c7419b005105,BEV-002,5,372.3
f17e99bc-5150-4652-9a5a-603b6ec7263a,4cfb8d8a-b058-4283-bbba-f3b9efee8041,BEV-005,3,674.2
fdf295c9-5359-4ba7-ac01-cb4886663b74,4cfb8d8a-b058-4283-bbba-f3b9efee8041,JAF-001,10,628.75
653b3350-fba8-416b-88e4-118a08815435,6470761d-991d-45fe-9c1d-5ffb30ecd3cb,BEV-002,3,378.71
cec6bc70-04b3-43a6-8605-74859fb49723,0780fd77-0df5-4205-8443-cb7311bb6bd9,BEV-002,10,796.6
5fe48a16-2307-45e6-906e-f775b76410c7,8d2b28fc-afa4-4b32-b7c4-8afb77c63ea5,BEV-004,1,446.72
6d8f2c7c-805c-481d-9ce0-1d71b27fce54,c9dfd08c-cb67-4dc4-ae7e-a414ba284dd4,BEV-002,9,758.0
07c24d5e-0845-4ba9-94b1-a3aedbc399e2,20fd69a4-0027-413a-9b10-d0a5c9630d2d,BEV-001,8,763.52
f08c2b04-2beb-4f5f-bbeb-619133e6b52c,5e26c882-8b18-48e6-b044-8cd6e36daeeb,BEV-002,5,869.46
7f0c2c64-e05a-45e2-a05a-6dde933f21b1,1dfd1ea4-a4bc-4c80-b075-7695a7f2996e,BEV-005,5,701.48
6d0a3a42-f3f2-4389-a086-ecd64b3c0257,7fb9505c-341f-45c8-b80d-adffd0fb334c,BEV-003,7,199.17
33b00f12-d886-497e-97f1-9714bade80d5,4f4ef8c0-bd03-497b-86e6-0b17d1c3cf30,BEV-003,2,581.51
79ccb42d-dc35-4677-8058-929d6e299370,440bd1b9-64cd-4edc-8997-48eb8bcddf45,BEV-004,9,307.62
60101e36-6312-4b1f-9ea6-1c6803f6289b,b87e183b-c797-42b4-85c0-1ddcb442ab97,BEV-004,6,801.31
3a0c9e42-27e2-467e-ab61-fe1ab5852815,3a749d13-fefb-4a20-83a8-43647aa3a8e7,BEV-004,6,811.45
8ade6e5e-5354-4fb7-bb65-104baccb7e53,e866aa6c-1ee2-47b1-b540-03d560a899cc,BEV-003,10,234.48
c586c0ef-3144-4fb7-a701-c2e51e704a5c,1974aff4-4978-4735-b19e-c8cf51add4e7,BEV-003,9,133.82
3ec116cd-d5fa-4f45-a5e2-48ed168cb890,f9fdc6be-3f06-4159-9827-a80b2d05c9c2,BEV-004,9,932.31
114b914d-c476-4c1d-8139-70c3c4436ab3,f9fdc6be-3f06-4159-9827-a80b2d05c9c2,BEV-001,8,260.57
f1366d30-9ca2-4e61-8e31-3770a8ca03b7,eea9dc0d-91cb-476d-bfd6-60e1e87b1c15,BEV-002,2,626.16
568024fb-b67f-4d6f-8d2c-a11da3bb93f2,31eaebd9-bfbb-4f7f-92e8-a4a52cc077ee,BEV-001,2,257.61
3bf03c5f-8821-497a-84b3-ba4d58f94b7f,99e56235-936d-46a5-937a-fe718cf7d1d5,BEV-004,5,627.43
7dddba32-d4ed-44e6-9d60-e7a1dc7e6737,6f986bba-c9b0-4250-aa75-a1a9dc2ba373,BEV-002,10,55.92
9a52cda9-454c-4fef-9e45-d188f047be20,85d768e9-90ab-4912-87c2-6b92f7e714f7,BEV-005,1,945.71
62d891f6-6cf5-4537-96c9-28c5f54e96e6,3d7f92d0-2300-49bf-a5cc-7701d958675b,BEV-001,8,111.99
ded2b654-fbaa-4a2c-86b6-7c7ca8122983,eafb833f-802d-4930-9556-7e07d962f1c6,BEV-004,3,469.25
629253f9-d8a6-4506-918e-dca28a5fe17a,87c523f1-dece-4954-a56e-93732d4b18fa,BEV-002,4,124.81
a88d59bc-7ad1-4d04-aa7a-303be09312d0,87c523f1-dece-4954-a56e-93732d4b18fa,BEV-004,1,682.09
a566d97f-914c-43b3-93c5-ffecd6134397,5ec58aff-df90-4106-b535-c2d76c0fd341,BEV-005,9,913.98
0d0c5c17-e61d-4936-a6c2-d6635135e641,1b545945-2e52-4675-beff-3b24491484c3,BEV-001,7,879.75
0845beed-3d59-4306-93a5-140a1a7529d5,b1c76cd0-f619-43d4-8af1-7bf788683390,BEV-002,5,343.68
6568db97-099e-437e-b36e-7cbe11c7bb22,8e3d206d-8e45-4bfc-a45e-c5395411f02e,BEV-001,4,127.09
39f21422-0d81-441f-ac80-2d67dc6ebbc7,e29cf928-3df3-4e07-8050-21f729c36810,BEV-005,2,565.72
fd69d4e9-edb0-4be7-b334-f6060d52bdcf,b2bd92c4-3508-489e-b0cc-43126a52e0fa,BEV-005,4,526.23
c7dc3b19-737a-4bfd-9b7e-7183e0af19e7,62f51391-ff7a-4edf-a322-10c28327f47f,BEV-003,9,807.51
b4027efa-58e3-4278-ab7e-b071d201cbcc,62f51391-ff7a-4edf-a322-10c28327f47f,BEV-002,8,429.59
38a865d3-a5a1-416f-859c-cb8ab704d866,f7fb8850-efb7-4887-b1b3-95fabc364219,BEV-005,3,484.87
8721c401-9e8f-4134-9e72-9bd9e2361733,8a9b25f2-7291-4a70-97a2-98b8c706adb1,BEV-003,1,522.88
4e4b6d67-f6b0-4129-af8a-8acfd4c87e0b,99536b3c-3bea-4972-b31b-082a737a94b8,BEV-002,7,539.24
813731b1-d7a7-4378-bd76-c4d33f2ef463,333275d5-86e7-44b4-89c9-c2b50d9ea91a,BEV-001,5,220.65
b22879c8-29df-4bbb-a945-b5ec3082dc91,72f51c09-fb09-47b9-95fc-7695d1ebb55a,BEV-002,4,580.82
beb63c0e-2a29-46c0-a1dc-1aa11c15c824,fb7a7ad4-40b7-439c-b94e-8f1211dbd45b,BEV-003,1,138.14
be887c0b-06ff-4ead-97b5-fbce128e52c9,3ec0a5f1-e627-4e64-9142-6063006b4036,BEV-005,6,150.21
3d06b405-f436-461b-864c-f2f85e5e4b10,3ec0a5f1-e627-4e64-9142-6063006b4036,BEV-005,7,424.82
546404ed-3e91-4f6d-8fb1-a5323d02eea3,2d3cbf33-30b8-472a-aea5-b486e6964eb6,BEV-003,3,546.64
eac1f98c-1c17-4259-942a-7bb49ccbd7e2,b0f06a51-b8d7-4169-b1e0-8b0b4f6898e1,BEV-002,5,821.25
d0a339c1-0079-43dd-a487-71267923061d,088772f7-365d-4733-b67d-f743376e528a,BEV-004,1,650.6
4ce1242d-d3ef-44a8-b59a-e882018981af,c6be85a3-6df1-4969-8d3c-6e24d9ea031a,BEV-004,10,75.21
5b9ce2c3-cb24-476f-bb4e-c28a4e38df30,a467fc65-2b2a-4d56-860f-6c9facf34213,BEV-003,6,786.48
a34d727f-b51e-4394-b538-460d402e54ae,a467fc65-2b2a-4d56-860f-6c9facf34213,BEV-004,7,689.28
7ed6fadd-ab35-48c3-a1b9-7984218948e6,a467fc65-2b2a-4d56-860f-6c9facf34213,JAF-004,9,286.41
3f6dd39f-4e02-4a07-a7e2-7c194bc1b657,a467fc65-2b2a-4d56-860f-6c9facf34213,JAF-002,10,877.07
3cb52c59-8a34-4224-a2f1-35397a4d659f,f2b44a90-95ad-4970-b4ae-2289fe30e76f,BEV-003,8,103.99
6ef7c2f7-31bc-4a87-b61a-fb649e546a4e,6f3aadfb-f50e-4f0f-8110-8f98469aa230,BEV-003,1,139.29
1c71af5c-0d26-4e7a-a539-31b77863fb51,6f3aadfb-f50e-4f0f-8110-8f98469aa230,JAF-005,4,455.08
1672e335-92c4-4272-b756-19e90f56be9f,559c274c-7853-4522-aa9d-a90b8bab459a,BEV-001,3,363.42
00fb0711-3210-4676-ae41-1cbdb5e8b69e,f9c5df20-86cf-42bb-8879-2b9ceb35d5f3,BEV-004,5,958.57
5a6eb5d8-3d31-4129-bcb0-a944993cac2a,328d2d9e-c474-40b1-b75d-6f965e4a225b,BEV-005,9,751.05
0dd14586-9b8c-4d2b-bd98-899e043f94f0,328d2d9e-c474-40b1-b75d-6f965e4a225b,JAF-003,7,958.71
3ff05ad1-e1c9-45f0-ac2c-45cbdf6249c2,328d2d9e-c474-40b1-b75d-6f965e4a225b,JAF-005,1,338.79
9f20c0e6-09f3-4828-8e07-ba6c9ace11f4,eba2bdfb-d0c8-406c-ba8a-9ee777af5eb1,BEV-004,10,447.71
cf87576e-a037-45c2-b1df-1f391003ef9f,61b2cbac-0f10-4b3d-b18c-181db86a3a6e,BEV-002,3,790.85
eceb982d-23a4-418a-9760-1e0d1691e33e,61b2cbac-0f10-4b3d-b18c-181db86a3a6e,JAF-005,2,586.82
320a270b-7230-4c0f-b999-69d72786dfc4,c5c9401b-02d6-4556-8196-d8ad1f5f5a27,BEV-004,3,290.52
49435575-0f28-4f44-ab1d-a0ac70f05e28,9fc89461-2321-4334-aaa0-051839f8cee0,BEV-001,1,890.12
c94ffcdb-a586-4487-96cf-3e21f70354bd,dd7687fc-1023-43d2-bd09-56375e289006,BEV-001,9,654.71
858fbc0f-b22d-4d09-98b4-eb2fa99562d5,c21663dc-7018-430b-9a36-c058986de4f0,BEV-004,1,636.47
40ca71f4-3b96-4b93-8f6f-08a86e8c27b6,121d1ff1-2bfd-4319-bd1c-a5f5d9df34c5,BEV-005,6,448.69
108f2833-db20-4c9c-8c51-7cf6587cc3c4,121d1ff1-2bfd-4319-bd1c-a5f5d9df34c5,BEV-004,5,607.27
c462953c-6af6-436b-ba73-a4c2f793d105,121d1ff1-2bfd-4319-bd1c-a5f5d9df34c5,JAF-005,1,228.97
629e2c8a-0692-447b-b43c-3c66d10086b9,eca7d235-ae93-4798-9a1f-416f1b915508,BEV-004,7,129.91
d33f9f05-cdae-4219-b9ac-1c961b2e5588,eca7d235-ae93-4798-9a1f-416f1b915508,BEV-003,10,105.68
2413803c-303a-4029-b758-55dae221b01a,22ee5f53-b880-4c73-8d3e-62ca5c3cf341,BEV-005,5,681.81
21da696e-11f5-47e5-852b-e78030ca3e0c,9732abf8-5b74-48df-b6bd-27e998970cca,BEV-005,2,628.14
82764abd-36e5-4eb8-a850-013a2f348fc7,00bc9b3b-38ec-4048-bd49-37327456a78e,BEV-001,2,976.49
a1038211-e61d-48c2-bc4c-c3e09b3f851a,7eaf4700-ecbc-4f07-a3c4-0d1828902c31,BEV-001,1,920.71
c7a21e8d-dd70-43bb-a3b6-e2b048550553,b24b1ec0-6bc8-467b-8cd6-d5cd76c3bcb3,BEV-002,1,699.62
56c622dd-7fb8-4dbf-89c5-121e1bc61d2a,97dc6d00-8856-4921-84ad-3f4fd401f0ba,BEV-001,1,972.08
0ba99891-9afc-48c7-a835-ee54e2e5c5f0,e069ecc0-a54c-4bbd-b026-a1deef63114d,BEV-005,10,650.73
fff7f956-232a-4e17-8d93-2e2183e1644c,4c1484a7-c38e-4d7c-826b-2279a95ad00b,BEV-005,3,664.0
36781177-d553-4b1a-9806-dd5d5549254d,7d2713c4-6876-44f9-9f31-f7aaf1f2c6a7,BEV-005,3,556.13
46225c91-a30e-479f-a7ca-cb6b7aecef60,da9d1833-ee9b-4be5-b2fe-4dabdb37b983,BEV-002,6,669.22
1e1598f6-d232-4034-9f4b-2968fccd5312,78a9bf53-10de-4c19-8cd2-04dd345c2622,BEV-004,7,633.67
76d93840-91f9-48d6-8710-d1102f0951a4,e4924e93-b2c3-4bdb-af92-14edf503c6f1,BEV-005,3,927.92
760f36d7-82e7-44b4-b5dc-55d2684e9032,f4a4d8dd-fcd4-4aff-819c-1756421cbe52,BEV-001,10,199.35
7d1a8238-ea71-4c93-819d-4cb819c34178,f4a4d8dd-fcd4-4aff-819c-1756421cbe52,BEV-003,5,338.31
f253ea59-c90d-4d33-94d0-328d70ec51cd,3392422b-3a27-4488-8991-b214e2e3eaad,BEV-005,2,79.12
b6239699-7889-4db3-8ebb-18869985bec5,3fafc09f-e83a-4613-a91e-a0a4ba8d5cb0,BEV-004,6,904.64
c7f099a2-d919-4188-9cca-4ef52918755e,fda386e5-b699-4d63-b268-a75dc5d2c6c3,BEV-003,10,640.38
acfeee1c-2070-4eb0-827b-5013f30d621b,d09b7ec2-0328-477f-b58f-af07f559d195,BEV-003,10,427.56
941381de-1d07-48f4-890e-2903f1016526,e20e6adb-c41f-4e03-9b8b-17a0b06f714d,BEV-002,5,719.81
71ca6968-00c3-46c2-af24-0f6848e187fb,354b835d-3e7c-4870-a17c-49f0a8e58113,BEV-002,5,871.67
f98cb416-1549-41d2-b738-6b21ae59d1ea,c99ae6d0-6c5a-4d91-ae11-9e8348c676db,BEV-003,4,320.24
27cadffd-4dd9-4e2b-9962-f76f577904c8,c69e34fb-7a16-4faf-8f4b-9835c39a3a7e,BEV-001,4,281.23
2a0df077-c138-4718-a742-fd8433a34acc,5dac4740-71fc-403d-8567-8dd7f1c8ca5f,BEV-003,2,54.01
5bb8ece3-437c-4186-ba97-a67b06a92630,39aacf3e-f969-4c25-997c-ba1c2dcceb7c,BEV-002,6,478.21
a4bcd74d-9a19-4a20-8ce3-557c8536c327,39aacf3e-f969-4c25-997c-ba1c2dcceb7c,JAF-001,4,234.88
bc694763-5908-4023-a198-17780cc40f6d,b796ea4e-cd0f-44a6-8eb0-c3456d97db78,BEV-004,4,674.39
923de625-9384-48a5-8700-7e738e2c1d0e,248fa5d5-ed98-4227-b53f-b9cba8238a9e,BEV-003,3,210.09
ce1a30d0-904e-4b06-8d95-19973ea66e79,11eaa259-1a30-4803-ac44-47980a24e5ef,BEV-003,3,58.42
6a1c3c46-0ac6-49b6-989b-5d9840ad4148,3972413c-3f99-40e8-8abd-33582c89ac9e,BEV-004,4,480.33
cbcf7df8-21de-488b-89f6-d496f0f5f3b6,3972413c-3f99-40e8-8abd-33582c89ac9e,JAF-002,9,282.95
1ff9f08a-7509-4d4f-a9de-e6c1f458f186,3972413c-3f99-40e8-8abd-33582c89ac9e,JAF-003,6,994.94
88446369-e840-41ca-94af-12c34100b5e1,3972413c-3f99-40e8-8abd-33582c89ac9e,JAF-003,9,628.26
098519c2-42c3-478c-8632-36db27c5e2a8,d94001fc-12b3-4a2d-9dc6-34bad59965ff,BEV-001,1,930.77
f2d2593f-b396-4a38-991f-208d7e2f2850,ec847860-15bf-4475-80e9-bf4e2968de22,BEV-002,3,844.91
87a0cb43-73e9-4af3-bf41-f990fbf8e26d,ec847860-15bf-4475-80e9-bf4e2968de22,BEV-004,5,727.23
4dd2606d-12cd-4796-983f-96507188c9af,ec847860-15bf-4475-80e9-bf4e2968de22,BEV-002,1,990.69
bbbecacd-c01a-4f2c-877d-11fc88da5561,c3aae266-3c4f-4f64-b878-700e23ec818c,BEV-003,2,852.76
9fba64f0-1cdd-4906-a728-aa55f0845d97,cb5e39d3-ded5-44a4-bf14-9cdc486592ba,BEV-001,10,874.77
ff556c15-9810-42d8-b84b-135ef44ac453,0e06749c-7957-4a38-9c54-04011b09723a,BEV-004,1,176.4
a70e501e-3d2b-492e-9750-79ab3c04c82e,ffda8fa9-5a26-4969-830c-8416c2d0626d,BEV-003,7,598.66
7255fd10-7bfb-4efd-a7ec-9d3dee7e63ca,023964e8-47ee-4849-aac9-91288755776d,BEV-001,10,297.03
9a862d99-8672-4a14-9d10-e3ae8bcb3f22,023964e8-47ee-4849-aac9-91288755776d,BEV-002,4,219.5
61afe27c-b106-4ebc-8f5b-3aa8a0191d38,9bbf25aa-b07f-4e18-aca8-4f117f262420,BEV-002,2,635.57
55e83b43-36c6-44bc-83fe-23ad5fd2a15d,f51c2390-6ce6-4d36-91f1-4780e4a05773,BEV-001,5,185.69
e12013c6-18f3-4b85-8719-f1a815692b4f,00bf2027-f533-45f0-a7ed-0ff6f801764f,BEV-001,7,104.71
1d24ba97-1099-4081-bbfd-750e3b396f0e,54d7afcc-3c77-44e8-9eaf-e080b970fe0a,BEV-003,1,81.58
01029cf6-8b53-4c1c-ac27-448a556bb2a9,eacb77d0-b538-4905-a92d-d4b602ee42d0,BEV-003,2,629.85
05b7d573-c6a6-4572-93c3-106eb6f907f5,eacb77d0-b538-4905-a92d-d4b602ee42d0,JAF-003,5,544.67
b96ea3e5-95bb-4c68-984b-86662630af4e,f41ea540-538b-449a-94be-5b32e0161785,BEV-005,10,460.74
8b8d31df-1097-4b2a-8a4c-d14e7dc2d57c,ab77622a-991f-40ec-be60-cc6d67f4f150,BEV-001,3,459.75
feb60bcc-94da-4ed1-a655-bfc5ed3fc0f0,e57ca720-98c6-4a13-bc96-7316a531f102,BEV-001,9,393.8
da12d862-ca5a-4228-aee8-0514e535ffeb,89209964-89b0-43a2-9d10-7f64ad72d176,BEV-001,4,316.88
aa001729-5cc9-47d9-b3fc-4c1ddbd2f1c4,652b7063-4ca5-4b9c-9da8-8148bf25b9ac,BEV-004,9,944.11
c0b9efc6-c440-4fef-b052-706fad7cd5e1,a4228bf3-c6f1-4d28-919f-09ecf1cb86b1,BEV-004,8,715.82
1ffbdde6-282c-466f-89a3-b285a0f9b536,49f564bf-613b-4ea4-9f5f-55b697c6ad96,BEV-002,6,32.04
8c9ab645-acac-481a-9c34-639338b5c1cd,b01d69aa-0f13-4e75-b894-896e430014eb,BEV-001,5,308.36
a0df14f4-6f2e-4df9-801f-1495e2e9e3ce,f7023c32-444c-4788-a992-dec6bc6ae719,BEV-005,4,471.3
1477dbd6-461a-4c5f-96d9-b5c4700d3998,0c1576f1-4d33-4628-ba7e-b115bb6d4ab7,BEV-005,10,700.05
88b2ae07-02fe-402f-a0a6-263e3121b21c,0c1576f1-4d33-4628-ba7e-b115bb6d4ab7,BEV-001,6,893.45
55fc8585-5253-4037-9975-001d319b6140,0c1576f1-4d33-4628-ba7e-b115bb6d4ab7,JAF-005,7,817.92
2b54dacd-76b9-4138-be40-2f8afdc41dd9,0c1576f1-4d33-4628-ba7e-b115bb6d4ab7,JAF-005,3,186.62
6e21a652-030e-4b23-9e59-75555d902319,59430e08-7e8f-46e0-9ec6-be6c19f23dd9,BEV-005,8,796.55
ca34681b-99c3-461f-917d-d8a6483ec58a,59430e08-7e8f-46e0-9ec6-be6c19f23dd9,JAF-005,1,175.99
2f6a2d8e-b1b6-4bdb-bc39-50be87171cf5,533ebfc0-f055-4483-a507-6a57579a7126,BEV-001,2,647.24
f72cecbf-ae2b-4b8d-9d9b-677f13b486aa,891d9fef-7aeb-446e-9e71-fbabdfc8f3f6,BEV-004,7,53.22
08c6c9bd-b19b-435a-9169-0679fda1360a,e2808d97-a5ef-47aa-bd39-ebdbc8578950,BEV-002,3,984.81
47b6712a-3286-4009-981f-40a088f199a4,b3983701-5063-4415-96b3-6b87edcc660d,BEV-001,4,566.75
df40941d-dc52-4866-ae07-2491f7f0e79b,799356da-0b67-4d24-b2bc-0253b65f6c68,BEV-001,4,192.5
4f8df787-8ec8-40a1-8941-978a7c043826,799356da-0b67-4d24-b2bc-0253b65f6c68,BEV-003,3,62.15
99b120f9-5838-4998-896d-7f7db76b6608,be34f22f-e1f7-4bed-b412-7d6c696b45c6,BEV-003,10,992.46
b172d7fe-ad05-41a6-850d-27e7670ad2d7,a96e47be-9ea8-41c9-a531-639238e1d2f6,BEV-003,2,858.17
f30b8d17-1415-4de5-82ca-c14110ebd763,bb182043-cc59-48c9-a032-2f94840b3d55,BEV-002,3,457.66
17d37b84-98a5-4a56-9a51-4ec61f9ebe33,bb182043-cc59-48c9-a032-2f94840b3d55,BEV-002,2,31.94
dbf1212e-3ee3-4527-a4ef-82765b37a686,bb182043-cc59-48c9-a032-2f94840b3d55,JAF-005,8,264.86
99a80222-affe-4c43-af86-b27f5838c9bc,09cd852f-4397-4406-930b-dc9774cb2991,BEV-005,10,563.42
e938cf10-a97b-4ce5-8fad-3a48c0a0c82e,b8f4b79f-dd42-42f0-a29e-5bdb21f1e124,BEV-005,2,824.42
64126683-6704-40cf-a3f2-3ee76eb90d23,b8f4b79f-dd42-42f0-a29e-5bdb21f1e124,BEV-005,1,827.55
9b7c35ed-5ad2-45a9-8f96-aa58c4c706fe,b8f4b79f-dd42-42f0-a29e-5bdb21f1e124,JAF-002,8,196.05
25a4f726-09ba-4166-832f-7fe62f1f356f,ce597e4d-66d0-48ab-9eca-87747eace71f,BEV-003,8,261.9
335fc60c-a7b4-4e36-8d0d-312e3519ed48,bfc586dc-690d-4c6d-a94f-4b8d4819503b,BEV-001,1,654.72
0ff5f9e5-ff1a-42e2-9e64-889ef63c968b,89fd8049-fa29-4319-92ac-e740eddda1c6,BEV-002,8,942.33
7cbcdb06-2039-4052-b5d4-5e5cfe0a69b1,a68595c9-295e-4c8d-8b30-4eff117a94d1,BEV-002,10,145.1
086aaf3e-3e36-4c7f-8cc1-ea47d2cb5849,9b1de5b0-acc1-4413-b984-5de786357f7e,BEV-005,6,71.27
7eb0f790-08b9-4a27-ad99-b76c9ac5a1e0,e0efafbf-b4da-4b3d-a39f-717d1c719a02,BEV-001,4,561.66
a5346ad0-29c3-4821-88ae-0d1840503fb1,fa73d192-0ee7-473b-924b-aea2b7dc19cf,BEV-002,2,682.37
8954ce0d-347b-44eb-b655-bd1f4de00f55,2c6d50d7-adf4-4e66-b7ad-7a2d0d50655c,BEV-001,1,373.18
cdfa10f4-6d37-40a0-96f7-f09a4a362f9d,197e715f-ffe9-4732-88b0-5be9aea75e2c,BEV-005,2,708.87
e17f69f8-08d8-42a9-a3d0-0f0a79058af5,0d1085ad-b936-4938-baa5-fcf9dc678974,BEV-001,2,722.07
7dd560c9-417c-4267-ada1-d8b2d563a26a,0d1085ad-b936-4938-baa5-fcf9dc678974,BEV-005,4,86.42
63203d46-5ac4-44e3-b954-fc75bfb4db37,0d1085ad-b936-4938-baa5-fcf9dc678974,JAF-004,6,431.3
edf6e47b-5673-4cc7-b3c3-e7a65d1a1abd,23f21853-85f9-443a-a4d0-9c29d36a64ad,BEV-004,5,730.72
1983a570-33af-4f73-84af-b92bb3475701,e6ab0aaa-9a30-46d2-aed9-b36e8d4642a0,BEV-004,2,159.19
7074b622-28ab-4bfe-b835-e8efcee332d6,5244911d-6394-4091-8c73-dca32aedeabd,BEV-004,10,712.24
8594f20e-aab0-417d-bea7-78512668a760,5244911d-6394-4091-8c73-dca32aedeabd,BEV-004,3,905.02
6de359a7-9386-4ab1-b3d3-d6cb3f5cfa41,97e4cf71-962c-4e37-baed-75eb0d52320d,BEV-004,8,524.69
4f0a3cfe-cf28-4af8-b6b5-5a9853113f84,97e4cf71-962c-4e37-baed-75eb0d52320d,JAF-003,4,437.68
63506ffc-f8f7-47d3-bdf7-972f6229c60c,05a8acfc-e623-430d-a173-0209ed92c231,BEV-001,9,939.41
20547a4a-3f74-4262-a81d-d985b3681cc9,05a8acfc-e623-430d-a173-0209ed92c231,JAF-001,5,842.94
69e2f913-b3c7-4460-801e-ecf8cc6cb581,389dd4a1-ad85-48a1-b459-55a697194584,BEV-002,4,923.51
60aa19d7-a073-42c6-b666-4d0b9f6c8102,45785d0f-17c0-4112-9956-9c091c99534b,BEV-001,8,398.75
48aad287-bc83-44f9-9be3-e87d0b75ce71,eec053e1-8aa6-471a-af9b-2042fab9b2a0,BEV-001,7,431.62
1da171a2-a25a-4535-ba6a-e46673f46272,16f7a73f-97e0-445a-9004-6d6d01f12726,BEV-003,3,262.04
0698f4c0-8cf2-4f75-a448-eee21d7c06e6,bfcc632f-2a75-4ad1-ada7-bb1c9532365d,BEV-004,1,263.78
5690aafe-ecde-4ca2-b35f-712285e2ae7c,b92cc43d-b024-4223-aef2-5d33362676d1,BEV-001,7,691.5
e5ca9d56-678c-4141-81dd-157c46a6e5f3,92c84e32-2465-4b42-998b-2331d45cbd52,BEV-004,9,65.64
9870d826-3d49-4d9b-b982-ffdc65473c7c,0a6efb86-7bde-461a-8619-7913f72b1ba3,BEV-002,4,198.47
68aae00e-9803-4db7-bd12-52ec97d1c3ac,0a6efb86-7bde-461a-8619-7913f72b1ba3,BEV-001,4,141.25
dd0d0670-f4b1-440a-b203-47434c435f99,317e90c8-955f-4c6a-a318-0b6e273c7c7c,BEV-005,2,431.04
1eb13a4a-c3bf-42a7-87e1-c4e330eaefb0,3d8ba196-f719-49b5-ae57-1230b29e7962,BEV-003,7,478.75
0725a33a-94ee-4dd0-8cc8-dba414b184d5,8dc38214-6606-42be-861a-d4b6a3d5828d,BEV-001,3,438.28
c2b192fb-d61c-4367-9774-a010cd1c9788,54974d1f-f8ab-4964-b03d-2602107bb287,BEV-002,9,798.26
e3989916-1254-4697-b6af-23be2a55a4f5,5303f848-39bb-4a27-9308-30a0a781756e,BEV-002,6,543.87
125e1ccc-66ba-4eb0-a070-d480b8085f3b,2b387558-5391-4e85-b5c7-63f15aca1bd1,BEV-002,4,540.53
b5949aeb-77de-49df-87c9-959503aab8f0,7cad1148-1cf3-4b17-9b3d-fdc01595637a,BEV-004,10,288.87
847aa903-9256-4587-9377-47b264cd15d6,d3703a7d-8836-46bf-9044-eaf98e6c89d0,BEV-004,6,772.67
5d1da40c-0a44-428d-8daa-c3d03b9796e0,d3703a7d-8836-46bf-9044-eaf98e6c89d0,BEV-001,9,261.01
6ca972a8-d5d1-4dda-aa55-eb9c0d3be544,d3703a7d-8836-46bf-9044-eaf98e6c89d0,JAF-001,10,906.03
613ef3cd-a2e7-486b-bc64-c2cefafc8f72,f6a7da46-951e-4f92-9d5f-f5fc9bf7c191,BEV-002,6,854.84
ecc257aa-ae85-4139-8278-ed47c64f2cc1,f6a7da46-951e-4f92-9d5f-f5fc9bf7c191,JAF-003,10,910.54
c4d96399-df63-42af-bcd7-2f87e2a2299a,a0c6c4c7-d05a-45d7-9fe8-ee10df6d5938,BEV-001,2,443.42
44b05480-7604-40c9-a80f-07c385ee350e,a0c6c4c7-d05a-45d7-9fe8-ee10df6d5938,BEV-002,5,191.44
2e49a6f3-b5b1-4e28-8bb8-f277f1c60406,a0c6c4c7-d05a-45d7-9fe8-ee10df6d5938,JAF-005,4,161.37
7abec53c-2c04-4e9d-adc7-aae3cf30338f,5d1bfbbc-eb3c-4871-a5bf-8c3718b622d8,BEV-005,5,899.5
74edbfb4-28a6-43c9-b20c-6658f4d43a21,a8004aff-d8ed-4e4e-9253-0c3bc7088abb,BEV-004,1,68.67
aab4e83d-7ec0-458c-b60f-06a00a3ddc13,e64eefd4-6354-4179-8d84-42ec3a0fd9a0,BEV-001,3,171.56
11bc974a-028d-4dbb-afc2-f82e2b8f5185,21a8bcee-d1bf-42d7-8f46-e7619a4c1cdb,BEV-001,10,89.01
e89d9283-b1aa-4848-9a3e-337c90dba003,ff6c3998-1009-446c-83fa-d35dd0eb1f22,BEV-003,2,447.45
2d4b9496-28c9-452e-80cc-b7fe7177c0f1,ff6c3998-1009-446c-83fa-d35dd0eb1f22,BEV-003,7,270.19
3da4a320-88ef-4db6-ad0f-5c25a762706f,4e153884-5cc6-4072-81cc-12ea1e2f03dd,BEV-001,7,864.85
adbfb3e0-1526-46ac-a467-2b06ee3f8817,4e153884-5cc6-4072-81cc-12ea1e2f03dd,JAF-002,4,714.66
4e5f08f6-3adc-482f-a364-6922a2c230e7,4e153884-5cc6-4072-81cc-12ea1e2f03dd,JAF-004,2,751.16
2734968c-896c-429d-b0a2-207a3e7b5555,6d9fee6b-6db9-4c2e-b9b0-8de9c386097e,BEV-005,10,623.53
9a3437f0-47ce-4ff9-9694-40dd371cfd3b,e76b20ca-6a07-4d8b-a502-7f06762887f1,BEV-001,2,578.83
952778c5-a876-4ca7-a4d3-ad4b5cb9efad,b0ff6ab7-1c97-4a6b-a9ee-f4139d1f514d,BEV-003,4,133.24
49ee3dc6-88ff-44de-b310-c4351da5a254,07228470-0023-407c-b989-e58d640067ff,BEV-001,5,743.35
8ba7bd85-8086-4707-a7ac-976b4c4f6e7d,07228470-0023-407c-b989-e58d640067ff,BEV-004,6,679.42
6223f964-df97-483d-9488-23f588504478,32a9a90a-d73c-4b91-a81b-013b3e9ec8a0,BEV-003,2,247.0
8f5bc43e-9e23-4e94-9733-dcca5af023c4,32a9a90a-d73c-4b91-a81b-013b3e9ec8a0,JAF-001,6,621.25
e2294abc-ce72-4452-b7d6-2bc8f6afbf3d,ba7c2d75-0c9d-4763-95f3-0d01a45d3c6e,BEV-002,8,810.49
c097253b-530c-417f-81c9-6b9f6f0a698a,6e2a529a-7809-41f2-95fc-054867561ed1,BEV-001,1,248.6
1ec7df8c-f0d5-4c0a-aa84-b73a6a48231e,6e2a529a-7809-41f2-95fc-054867561ed1,BEV-002,3,305.05
988abfab-6581-4422-adfb-630f44e21003,6e2a529a-7809-41f2-95fc-054867561ed1,BEV-005,6,463.38
e1868ddb-6f36-409a-b49e-4077a404dfe4,6e2a529a-7809-41f2-95fc-054867561ed1,JAF-003,8,377.85
43c0aba2-33f9-426b-84f5-af4a4867a52f,6e2a529a-7809-41f2-95fc-054867561ed1,JAF-005,1,273.13
41cda5d3-fa40-428a-9818-9d49f7b4e6bc,e9d63bf8-cf0f-4dc2-8199-51f7ebba4c27,BEV-002,2,40.63
158ac3e3-f2f1-49b2-90fa-6b8916bb0e72,65b63183-86b3-4744-883c-1bb1bf0e00d8,BEV-004,6,316.87
9c8f0486-39a1-4dc8-9874-e66b8906b50a,65b63183-86b3-4744-883c-1bb1bf0e00d8,BEV-003,7,615.27
6c413859-39d5-46fc-b6b1-04eeaa41f6c7,65148b3c-f71b-4b7a-b52f-0c9a8c7f5ba4,BEV-001,2,922.53
09fd2afa-d9a9-492f-9e9a-a6c1dad907d9,65148b3c-f71b-4b7a-b52f-0c9a8c7f5ba4,BEV-004,5,570.96
