ID,CUSTOMER,ORDERED_AT,STORE_ID,SUBTOTAL,TAX_PAID,ORDER_TOTAL
c1d0e29f-c835-4870-a6dd-d2096b650656,2ad8ff3c-388e-429b-9b1a-67286e82bd20,2022-05-03 07:21:00,7610d689-246f-467d-8d80-991c4eef401a,600,36,636
0e7fca4c-a82a-42d3-912f-d314afc9168e,6b4f3f63-45e6-42ee-b5c4-ac03835a2d5f,2022-05-03 07:41:00,7610d689-246f-467d-8d80-991c4eef401a,600,36,636
293b84fb-ae56-4190-a8b8-872924f2ee9b,3850daab-891a-45e9-a8de-8be8febc3137,2022-05-03 15:33:00,7610d689-246f-467d-8d80-991c4eef401a,700,42,742
6e7774b2-d50e-40ff-a195-83b6e5f90172,c6bd166c-2f9d-455c-89dd-72b892f09447,2022-05-03 14:12:00,7610d689-246f-467d-8d80-991c4eef401a,700,42,742
496be2c5-ec8f-4064-97f9-2f52c4664af6,d2b935a7-8a2d-491d-b848-a06732301e43,2022-05-03 09:55:00,7610d689-246f-467d-8d80-991c4eef401a,1600,96,1696
a97fb260-a41f-44f1-bdb5-aac0f162f256,24c316fc-ad16-45a1-9ef3-3da9d491b0e7,2022-05-03 08:14:00,7610d689-246f-467d-8d80-991c4eef401a,600,36,636
fb9502ef-d5e8-481e-aad0-672fdaff75c3,7b1522dc-cd21-4c40-b81b-3532f5b9f3eb,2022-05-03 08:02:00,7610d689-246f-467d-8d80-991c4eef401a,700,42,742
11b99271-5a02-4767-aa15-b075f142050c,344bf269-6f68-41c2-a6ff-a8f4eb6f6ca7,2022-05-03 15:07:00,7610d689-246f-467d-8d80-991c4eef401a,1100,65,1165
b1f43021-4d19-48aa-af12-8e8afe89254e,d10a856b-8bc4-4cf8-bb76-ffdcf2a50f1e,2022-05-03 10:10:00,7610d689-246f-467d-8d80-991c4eef401a,3600,216,3816
fa8253d2-db94-450b-8a23-3ddec5a6cbfa,55f41aa9-ac35-4b25-9c3d-bd9bfe61effc,2022-05-03 17:32:00,7610d689-246f-467d-8d80-991c4eef401a,700,42,742
764bfa6a-39ba-4083-8334-9302bc15b605,839b9759-0a61-4c7d-872f-591848c1b431,2022-05-03 07:20:00,7610d689-246f-467d-8d80-991c4eef401a,600,36,636
69f45b41-52ad-4e5b-a339-d3823142a969,d96563d3-24d4-40e6-8f4e-a6c5f015d864,2022-05-03 08:08:00,7610d689-246f-467d-8d80-991c4eef401a,700,42,742
3e965065-27ba-4bce-878c-585274b8de06,44bffcdd-9613-46ca-9f05-b315de5e7ca6,2022-05-03 15:00:00,7610d689-246f-467d-8d80-991c4eef401a,2000,120,2120
fd5ffb88-4518-494d-853e-a6cd0a36c027,120ecf2b-f133-45a8-bab0-875cb5523df5,2022-05-03 15:16:00,7610d689-246f-467d-8d80-991c4eef401a,600,36,636
ff262b5f-f052-40f5-9aea-7d4d88fbaaf4,78d44e16-ddfd-4429-91bc-9208c7fb2fc8,2022-05-03 08:20:00,7610d689-246f-467d-8d80-991c4eef401a,600,36,636
ad2087bc-ea1e-46fa-8561-31e245d184e2,eccd1acd-eac1-49d7-ad10-8883982cdf7d,2022-05-03 13:43:00,7610d689-246f-467d-8d80-991c4eef401a,1600,96,1696
61d4ff35-3a86-4b04-8d51-5a92d6cf5483,1e43ae86-f777-4ee7-b336-8e3bc60294ef,2022-05-03 11:34:00,7610d689-246f-467d-8d80-991c4eef401a,500,30,530
f2ef671a-6d27-4146-a429-5047bcb8377b,83f67506-7c12-4107-864a-918a35b4fcf9,2022-05-03 16:39:00,7610d689-246f-467d-8d80-991c4eef401a,1800,108,1908
aa3cd449-73e0-4cfe-9371-2d1238ff902e,c366eb7d-81d8-46f9-89d9-9d09186d8503,2022-05-03 08:04:00,7610d689-246f-467d-8d80-991c4eef401a,400,24,424
599dc2a0-be0f-4d19-a369-956ded28f2be,d7e9c90f-0dde-41f1-9be4-09fbe640e794,2022-05-03 08:06:00,7610d689-246f-467d-8d80-991c4eef401a,400,24,424
e2c9baf0-79b4-4ff9-a92e-a795f2b45f23,47a4b1a8-781d-40e8-bbb2-f769c2c6b5ca,2022-05-03 09:08:00,7610d689-246f-467d-8d80-991c4eef401a,500,30,530
2708855a-fd3c-4099-b646-fb9aafe0830d,935ecf18-cf34-41be-be72-c814ef6ded61,2022-05-03 13:33:00,7610d689-246f-467d-8d80-991c4eef401a,400,24,424
18c25f49-653d-4b7e-ac42-a09a563dcae4,e4c63951-a231-404c-ad26-f4a492f3447f,2022-05-03 08:17:00,7610d689-246f-467d-8d80-991c4eef401a,600,36,636
500312bf-88aa-413d-99f9-8ae1ae0cfbfb,0f9dcb09-ef47-45c8-9a5e-feff0a288bf2,2022-05-03 11:14:00,7610d689-246f-467d-8d80-991c4eef401a,400,24,424
92eaadeb-879f-4ba4-ae0d-ae3c5b6b34a3,4a15f8b9-7c0a-4643-b14d-5ec37ed6b186,2022-05-03 08:22:00,7610d689-246f-467d-8d80-991c4eef401a,500,30,530
a5b9d36e-3ba1-461a-b889-79d20f9b9a15,5248f2d8-0eb8-420f-9ea5-77ec82307b9b,2022-05-03 07:13:00,7610d689-246f-467d-8d80-991c4eef401a,600,36,636
071adf89-60d3-4d3e-af98-587709ca2621,fb56c2c7-1769-4c97-9197-2ffa8b82ea0e,2022-05-03 15:23:00,7610d689-246f-467d-8d80-991c4eef401a,1200,72,1272
e2574587-c5b3-4657-a7b3-f07bdc8e03ac,d656f95b-6c2e-4372-ab17-a3bbc93812c1,2022-05-03 08:09:00,7610d689-246f-467d-8d80-991c4eef401a,400,24,424
85727cab-4d22-45f4-a679-b1f5bf87cc7f,321d4178-6652-49bf-9663-4b6887811080,2022-05-03 12:42:00,7610d689-246f-467d-8d80-991c4eef401a,400,24,424
3be804f4-a893-4147-bc40-2743222bd998,315fd00b-6f86-43d0-97ec-4e56811af6a0,2022-05-03 16:16:00,7610d689-246f-467d-8d80-991c4eef401a,500,30,530
49899f31-adf6-48ac-bbd5-2547fc43e97c,62626d20-2e67-4f1d-9386-1b0a5e25956c,2022-05-03 07:55:00,7610d689-246f-467d-8d80-991c4eef401a,500,30,530
30bd91b3-133d-43b3-b1c2-7e0f7ab72f42,a06737cf-81da-48c9-8ef7-4a332da1e970,2022-05-03 16:09:00,7610d689-246f-467d-8d80-991c4eef401a,600,36,636
b60cacdc-e697-4751-ada9-1080bfd363cb,e3743c06-c5f7-40a8-adfa-bc36f0cd5c12,2022-05-03 14:05:00,7610d689-246f-467d-8d80-991c4eef401a,500,30,530
d9d6248d-a8e4-4ee4-bed3-58d4eff2ae95,971087ab-63dd-4337-bf42-188e6bc92ea8,2022-05-03 07:04:00,7610d689-246f-467d-8d80-991c4eef401a,600,36,636
1a70018f-bee8-4f26-90a8-25011d8c21cc,146f68d0-ad70-4af9-9210-f25d25cdd39f,2022-05-03 11:44:00,7610d689-246f-467d-8d80-991c4eef401a,1000,60,1060
75c468b7-f6b4-4874-94bb-e86fb12b5c83,f50ff9af-29c0-4629-9c9c-1c0c6fade0f6,2022-05-03 11:52:00,7610d689-246f-467d-8d80-991c4eef401a,600,36,636
9cc22688-149d-4390-b896-845c6ba2d53a,ef339016-b62e-4c27-8dee-119176b58864,2022-05-03 15:15:00,7610d689-246f-467d-8d80-991c4eef401a,2100,126,2226
4fbb7514-d404-4aee-b0c1-daeb5fc79100,95ac520d-f0fc-435a-b0b4-2dcf6b90bd80,2022-05-03 07:16:00,7610d689-246f-467d-8d80-991c4eef401a,500,30,530
065f36d6-860e-4d04-a1eb-a4ed214ec01d,c9a69c9a-6aea-40eb-95b6-9605c84b1f5f,2022-05-03 10:27:00,7610d689-246f-467d-8d80-991c4eef401a,400,24,424
1e078833-66b0-4c04-9489-0f97af3375a5,7b802864-fcee-410c-bdbf-7774ce4cfd97,2022-05-03 08:15:00,7610d689-246f-467d-8d80-991c4eef401a,600,36,636
18685461-5e0b-41ed-900e-ac0c893c45cd,e821bf99-a819-4aa4-89e9-8b82a338484a,2022-05-03 19:58:00,7610d689-246f-467d-8d80-991c4eef401a,2000,120,2120
acfe0417-15c6-4445-9abb-99b457ce8c52,aec16166-ed24-473e-a071-c5dc834ca0e4,2022-05-03 07:36:00,7610d689-246f-467d-8d80-991c4eef401a,600,36,636
35785bb5-5e2c-42ba-8dec-d41e653e243e,c9832d9c-549d-4a87-b495-d09238d3bbed,2022-05-03 14:34:00,7610d689-246f-467d-8d80-991c4eef401a,600,36,636
81b3f471-2e9c-416f-9ee8-188b4bb94dcd,2f08d074-f43f-4139-b02d-87d7b52beb3a,2022-05-03 08:11:00,7610d689-246f-467d-8d80-991c4eef401a,600,36,636
a716654e-7698-4b63-8e63-abc769214d45,926c3574-687d-438c-95a0-ad55202d049a,2022-05-03 07:31:00,7610d689-246f-467d-8d80-991c4eef401a,2600,156,2756
0aa3f19b-723e-484e-8f5b-ccb69e47a423,1dd6668a-adfe-4618-9aad-d10d78dc8272,2022-05-03 14:58:00,7610d689-246f-467d-8d80-991c4eef401a,700,42,742
371cb033-1ec6-46e3-aa69-8ebf623a7d43,0bdabea4-30de-4ef8-b11a-a4c8de37ebd9,2022-05-03 18:32:00,7610d689-246f-467d-8d80-991c4eef401a,600,36,636
97f73ef0-1bd7-41db-b42e-9f7502b3f004,9a65f806-8121-4335-941d-d0326c2e4675,2022-05-03 08:03:00,7610d689-246f-467d-8d80-991c4eef401a,700,42,742
abe9be2c-1799-4217-adc1-8d0d90dd4e2a,6995e59e-47cf-4387-a52d-ad45ca6a518d,2022-05-03 16:44:00,7610d689-246f-467d-8d80-991c4eef401a,1800,108,1908
9b749b37-2678-4d60-a123-2108d1677b83,edad01ae-d0e3-498a-8dad-7210358c427c,2022-05-03 11:16:00,7610d689-246f-467d-8d80-991c4eef401a,600,36,636
e72b4a3b-4f7d-474b-89a2-62a2431b7f88,31827348-11f6-4c64-ad78-71209fc9944b,2022-05-03 07:29:00,7610d689-246f-467d-8d80-991c4eef401a,400,24,424
014acd5b-d2f2-4eea-812c-cbe77aed3d04,dea739e8-98c1-4dbb-ba66-3b78d7f0e319,2022-05-03 15:49:00,7610d689-246f-467d-8d80-991c4eef401a,500,30,530
d26b1f02-0f9b-45d7-a981-950c3fbb7b98,36b01943-3c96-430b-be52-72d94f53799d,2022-05-03 07:59:00,7610d689-246f-467d-8d80-991c4eef401a,600,36,636
ec4d30a0-6056-4bd4-a645-89f56743e614,5efd874a-63ad-480e-8d5e-862efb88a592,2022-05-03 14:54:00,7610d689-246f-467d-8d80-991c4eef401a,1800,108,1908
dce9c417-fbff-4638-b5d0-3d3e925d1ccd,e4d2e9c5-4db3-42ca-92c6-33624a07b937,2022-05-03 15:50:00,7610d689-246f-467d-8d80-991c4eef401a,900,54,954
8ba84299-ed61-46b0-bddf-7937135b2016,0d16939d-03a0-4dd0-bc65-3b4ccb36fe79,2022-05-03 08:26:00,7610d689-246f-467d-8d80-991c4eef401a,600,36,636
d5b2b1b2-2d79-4132-ae9e-73b6b5ee0859,3a3c7ba2-c0e9-4f2e-a33b-25b75a89c624,2022-05-03 08:43:00,7610d689-246f-467d-8d80-991c4eef401a,600,36,636
36cbdda6-ae4b-48cd-b012-7d33084db7cc,d37b5f57-5b61-4029-91cd-831255b3587b,2022-05-03 09:08:00,7610d689-246f-467d-8d80-991c4eef401a,700,42,742
068220b7-033b-4a5b-9c41-00471c15a58b,e79b9228-3f3d-46b5-8374-fedb9dda3735,2022-05-03 17:32:00,7610d689-246f-467d-8d80-991c4eef401a,1800,108,1908
4489c565-a6b9-4c8d-acaf-425281f3f05f,9ef64e35-2590-4115-9d1a-772a11e1b53d,2022-05-03 07:15:00,7610d689-246f-467d-8d80-991c4eef401a,700,42,742
1a989212-886c-414b-b8cf-20650d7b8b36,451da3da-7087-4d36-9ab1-436c9a4f095f,2022-05-03 14:00:00,7610d689-246f-467d-8d80-991c4eef401a,600,36,636
a54e450d-3d0c-4165-9d9f-84a386f3bc9e,0e18fa04-ce72-4ff8-b56e-7f088e12c004,2022-05-03 08:42:00,7610d689-246f-467d-8d80-991c4eef401a,700,42,742
7e04ded8-866f-4837-bb6f-701983da3497,fc6cf27c-b921-4bb5-a3f9-6d90446d79e5,2022-05-03 13:12:00,7610d689-246f-467d-8d80-991c4eef401a,600,36,636
404db926-4fa3-4b9c-83a5-a179b25fb0c6,df37e08e-0277-4735-a73a-1b7c294ea7c7,2022-05-03 14:14:00,7610d689-246f-467d-8d80-991c4eef401a,600,36,636
c61ff2a8-4319-4236-8964-4671ffbc5895,57977a86-91ed-41b7-a3ce-5e7ede685b60,2022-05-03 07:50:00,7610d689-246f-467d-8d80-991c4eef401a,600,36,636
51da26a2-a849-4e50-a276-40b2b32a034f,79d9eb18-1591-4372-ad4d-893033109e57,2022-05-03 14:45:00,7610d689-246f-467d-8d80-991c4eef401a,1800,108,1908
0cabb9d4-77d3-4024-9bd6-a2dbbc4721bc,f0a48cc6-0574-42fa-be95-4d97d8329d9d,2022-05-03 16:34:00,7610d689-246f-467d-8d80-991c4eef401a,500,30,530
df51f270-9e32-4038-8fb6-e6a862b9b73f,b4fcea36-9cc0-4960-91a9-75c9a5a42d37,2022-05-03 13:46:00,7610d689-246f-467d-8d80-991c4eef401a,1700,102,1802
394a6f7d-d246-4d9e-8a30-7c6197e986f8,a6d591f5-51c1-47bb-b6d6-99c8b86751d4,2022-05-03 07:53:00,7610d689-246f-467d-8d80-991c4eef401a,500,30,530
dee503e6-4f2f-4cc9-97b5-b980627b1e33,d64dc06b-92b4-412f-811b-f9126ac600de,2022-05-03 12:35:00,7610d689-246f-467d-8d80-991c4eef401a,1800,108,1908
3d7d89c8-1e47-4832-98be-ed2c1f0a84cf,0b3c441f-c735-44c7-8074-4ea0037910ed,2022-05-03 07:37:00,7610d689-246f-467d-8d80-991c4eef401a,700,42,742
fc630851-3421-462a-b641-4c537b200637,3964d6e6-da15-4d05-bfc2-fc2846545d29,2022-05-03 13:03:00,7610d689-246f-467d-8d80-991c4eef401a,400,24,424
7e7e95b7-86f7-4c91-b18f-acab4a31e038,a2fe1103-58db-4c4a-bac9-3af97a20c6e0,2022-05-03 16:37:00,7610d689-246f-467d-8d80-991c4eef401a,1800,108,1908
fb4a3c67-2201-4ffa-9d76-fe5f538ec373,5d6db1ff-21b1-476e-b683-3f3658705c1b,2022-05-03 08:31:00,7610d689-246f-467d-8d80-991c4eef401a,600,36,636
7e400de1-3836-41c4-ba1e-2027b2f12e7e,18412373-d87e-4d56-8449-fdd7446eee92,2022-05-03 15:41:00,7610d689-246f-467d-8d80-991c4eef401a,2000,120,2120
224daa0a-f789-49bb-90b2-2ef3991152ae,9d540d3a-ba2a-4da2-b5b2-8596b612ef7b,2022-05-03 07:45:00,7610d689-246f-467d-8d80-991c4eef401a,500,30,530
bc2e56bb-a33a-4c72-aaa9-b9b497df208b,29d39df5-9d77-4930-8017-21db53ecf80d,2022-05-03 14:08:00,7610d689-246f-467d-8d80-991c4eef401a,800,48,848
6ad34b51-d179-43f7-abaf-40b833d265a6,bddfbc57-6f52-4e22-a57a-6002563d154a,2022-05-03 09:13:00,7610d689-246f-467d-8d80-991c4eef401a,600,36,636
7fc878bc-ae26-45bd-b199-3a68c2997836,450a1c69-f98e-4b7e-801d-fd2a78341e96,2022-05-03 07:50:00,7610d689-246f-467d-8d80-991c4eef401a,400,24,424
0e4c9d02-ee4d-4ee4-b061-3ea2deb61e6b,a4072cf8-44ed-4fba-a09c-52ea1253a626,2022-05-03 08:16:00,7610d689-246f-467d-8d80-991c4eef401a,400,24,424
ce639e84-bf05-4ae6-8d6a-68ca6c56be7a,3046aedf-67c1-44e7-ac56-440680327361,2022-05-03 08:04:00,7610d689-246f-467d-8d80-991c4eef401a,600,36,636
409f554f-bfc5-4c85-9be6-e7efb5b8c6ab,fa0e12db-f609-4728-81c6-46ef4455bb0c,2022-05-03 14:08:00,7610d689-246f-467d-8d80-991c4eef401a,600,36,636
dfa530da-6ad8-4cbf-b5dc-3104981545f2,666a6a48-7875-482d-a94e-9f8c64465cf4,2022-05-03 14:52:00,7610d689-246f-467d-8d80-991c4eef401a,600,36,636
d3bc069a-db9e-47bd-9585-4d29df82defe,f61d0b9b-34aa-4b2d-8245-1b56c9c94307,2022-05-03 12:47:00,7610d689-246f-467d-8d80-991c4eef401a,1200,72,1272
b6e5337b-ce32-41b4-b857-6dab6a64cc5e,82f489f1-31c5-4763-91dd-3afd04165450,2022-05-03 16:33:00,7610d689-246f-467d-8d80-991c4eef401a,700,42,742
0c4199a8-512d-4532-83d3-05588c22918f,7b88c165-b4b5-49c8-8bc5-fc7f7f0f2578,2022-05-03 09:54:00,7610d689-246f-467d-8d80-991c4eef401a,600,36,636
8e79d97c-90fe-48e2-9fdc-5258c9d1546b,bfe1b846-d4bc-4600-af95-6ae41b24dac9,2022-05-03 12:38:00,7610d689-246f-467d-8d80-991c4eef401a,1800,108,1908
9a892e3e-2704-405c-b16c-09442cd41f50,94d0a0fe-75c6-43be-bb84-168e040bc6d5,2022-05-03 16:49:00,7610d689-246f-467d-8d80-991c4eef401a,1900,113,2013
e56450e4-8ba6-4d66-8e66-e5d2e12be71d,250b3408-c860-4797-ac34-33728bf59c99,2022-05-03 11:16:00,7610d689-246f-467d-8d80-991c4eef401a,2400,144,2544
5d09e8fa-1d45-4043-a88f-f1b34289a9f9,23a97ea4-4910-41fc-b79e-db7367a51abe,2022-05-03 18:03:00,7610d689-246f-467d-8d80-991c4eef401a,1700,102,1802
25b1d72b-14f9-41f5-b4f0-7041fa302567,cf070f90-cdd8-4549-b7e2-0c7254a5fa7d,2022-05-03 15:12:00,7610d689-246f-467d-8d80-991c4eef401a,1800,108,1908
3c437c62-4d1a-4de7-8d76-0b8a944deaab,a6b53394-b08a-4498-b7c3-91454743d0a8,2022-05-03 13:03:00,7610d689-246f-467d-8d80-991c4eef401a,600,36,636
399d1d55-b86b-4cec-9888-df0eae2eab5c,f808081a-9507-47e5-86cb-7bf828d9d4df,2022-05-03 07:10:00,7610d689-246f-467d-8d80-991c4eef401a,600,36,636
d3f2bb9f-abed-4aed-b152-50db7589f3de,5d511afd-b502-4192-baad-0548251e5e6d,2022-05-03 08:36:00,7610d689-246f-467d-8d80-991c4eef401a,600,36,636
6df6fdb0-5ab1-42da-811a-032ea9bee42a,d8b3404c-073c-45e4-8d6a-a87259956b38,2022-05-03 17:56:00,7610d689-246f-467d-8d80-991c4eef401a,700,42,742
1d296e3c-8a57-4220-a748-ca6c1ea6c3c1,f9841060-a614-481b-94ee-7dfe41607413,2022-05-03 07:58:00,7610d689-246f-467d-8d80-991c4eef401a,600,36,636
66075e1f-e70a-4468-9ae9-bd583f82629d,c6bd6d54-a717-4955-a92b-b94a48db42dc,2022-05-03 08:23:00,7610d689-246f-467d-8d80-991c4eef401a,400,24,424
edf40726-9ba9-41b9-ba6b-292d7811fd67,eb7d2aec-bc7d-4c51-a03b-eafee6cb1d8a,2022-05-03 07:39:00,7610d689-246f-467d-8d80-991c4eef401a,600,36,636
6baa03cb-e442-4f14-8d8c-a711443faa4b,dc1554c4-7966-43d6-989b-d9371615ed70,2022-05-03 08:04:00,7610d689-246f-467d-8d80-991c4eef401a,400,24,424
be420260-6cc2-4f52-932d-f95ae54eb080,0d210a5d-5016-4929-b467-3c8c4ba1ae9d,2022-05-03 08:52:00,7610d689-246f-467d-8d80-991c4eef401a,400,24,424
54f83f1e-f5cf-4a92-8a6c-0db0261a268e,ae87b6ae-d8fa-411b-8af9-e27f1f1ebc49,2022-05-03 15:25:00,7610d689-246f-467d-8d80-991c4eef401a,500,30,530
00af20d1-4de8-4e19-9759-54fb2b4c0d18,4387d265-a651-45ac-b32f-8dc31bff999a,2022-05-03 11:37:00,7610d689-246f-467d-8d80-991c4eef401a,1800,108,1908
9637282c-fd20-4373-a3ec-78824710ff80,9db10769-95d8-4f4d-8c28-5aa3495a23f0,2022-05-03 10:51:00,7610d689-246f-467d-8d80-991c4eef401a,600,36,636
b4e27afe-164f-4264-ad0e-e3540acb7801,026ceb52-c4fd-4803-bc22-2a3906fb6c46,2022-05-03 08:32:00,7610d689-246f-467d-8d80-991c4eef401a,600,36,636
4f797b9c-f1cf-459b-85ae-1ca63f4600ed,c8bab90c-54a0-4996-b0b2-10caea8d5184,2022-05-03 07:12:00,7610d689-246f-467d-8d80-991c4eef401a,500,30,530
fa8a2cb8-9c6f-4e73-bd9c-4abdbe94df27,f2efc122-75e1-48bd-b4b8-6a52061637d2,2022-05-03 15:36:00,7610d689-246f-467d-8d80-991c4eef401a,2100,126,2226
3145ccb3-c7e4-4647-8e0e-395cbd0258c7,766271ed-188f-4288-b9f4-5a3f1a22c810,2022-05-03 14:40:00,7610d689-246f-467d-8d80-991c4eef401a,2200,131,2331
e00d8619-3d1e-4cf0-b5b6-a18f21389c8f,adb75b1e-ebd5-4fb8-9ea1-91af9f74330d,2022-05-03 07:42:00,7610d689-246f-467d-8d80-991c4eef401a,600,36,636
4f2a6681-b2ae-4114-80b0-594b73c3c1d6,7523436b-bfe8-439b-8ba3-a6ea6c2c274c,2022-05-03 19:30:00,7610d689-246f-467d-8d80-991c4eef401a,1100,65,1165
087fd65f-686c-454c-bad7-158d69ea9a0f,1512e980-f1c5-4c4e-a6e3-8b3ad08f564a,2022-05-03 14:34:00,7610d689-246f-467d-8d80-991c4eef401a,400,24,424
b2e00457-8da8-49c1-a9d1-3510bd8a1497,dafbb152-2434-4963-83a6-66bcca661251,2022-05-03 08:22:00,7610d689-246f-467d-8d80-991c4eef401a,600,36,636
1be64c19-b27b-4250-87fb-04fbf1e2d2ad,2e85fe24-c31c-4881-81b3-ad7239cb4f5d,2022-05-03 08:31:00,7610d689-246f-467d-8d80-991c4eef401a,3400,204,3604
7c3251c5-4db2-412b-8bef-eb207f54769b,37185ad3-bd4b-4923-b4cb-d81ca7d9dcf4,2022-05-03 17:58:00,7610d689-246f-467d-8d80-991c4eef401a,1800,108,1908
39290e48-7bc8-46fb-a151-3ddc6e88ed8c,751581a7-dcae-4cd6-be9c-0170a28ec0f7,2022-05-03 08:34:00,7610d689-246f-467d-8d80-991c4eef401a,700,42,742
70c10b7a-1a49-4bff-9a5c-e6b1e1e01ab9,f2e6c77c-bb0e-4736-8e20-d9a300ad589a,2022-05-03 07:00:00,7610d689-246f-467d-8d80-991c4eef401a,600,36,636
2e3fbf2e-4f94-4fda-a436-cc41702bbb14,2e472783-b556-4793-892b-93e4aae66fe8,2022-05-03 07:41:00,7610d689-246f-467d-8d80-991c4eef401a,700,42,742
6bb911a1-dbed-4293-b38f-1ae6a7cba021,22822edd-5932-40c9-8d1a-0fa99635cd0d,2022-05-03 17:24:00,7610d689-246f-467d-8d80-991c4eef401a,1300,78,1378
fe89674c-8114-40dd-a61e-cd53d77e3ed4,b33388b4-e129-491e-bcb5-2936b41c9e74,2022-05-03 08:02:00,7610d689-246f-467d-8d80-991c4eef401a,500,30,530
d91a5280-4c97-484b-9200-ec376a0e230b,e3591c6f-a528-4df8-bbaa-8c969c574113,2022-05-03 15:22:00,7610d689-246f-467d-8d80-991c4eef401a,2000,120,2120
348fccef-02f7-4a63-b142-0cd3544909dc,100b9b88-fbe2-4f5d-ab6f-986c8aabac36,2022-05-03 16:16:00,7610d689-246f-467d-8d80-991c4eef401a,1800,108,1908
00495ab4-a3a2-45c7-92ae-0f3c1eb4eca2,8c244f6b-7f16-4409-b513-237f6c53e7f0,2022-05-03 14:24:00,7610d689-246f-467d-8d80-991c4eef401a,1700,102,1802
409352a6-0f21-4258-b8d2-b5f60e6bb42a,25bf9611-3c9a-425d-8d25-eb3ca453e365,2022-05-03 08:02:00,7610d689-246f-467d-8d80-991c4eef401a,500,30,530
a549cef7-3b87-4b8f-aaaf-5f5fd26e8874,f7f95a28-6e03-43ef-b3bd-87deb2cd1c39,2022-05-03 13:44:00,7610d689-246f-467d-8d80-991c4eef401a,900,54,954
b5650c43-1057-4176-915f-9ddff9cfa3ef,3be0e2aa-b690-4a2f-a42a-323d392a2e56,2022-05-03 07:50:00,7610d689-246f-467d-8d80-991c4eef401a,500,30,530
d63e0056-8ebe-4fbb-b57e-6b0ff9ca2864,eaf1ce75-babd-4767-adc4-c84916d44ea9,2022-05-03 08:43:00,7610d689-246f-467d-8d80-991c4eef401a,600,36,636
a572d0d6-aa3d-46b2-891d-d6ff96288263,799aa08f-1e79-4a82-bf2f-b6f16ac78452,2022-05-03 12:21:00,7610d689-246f-467d-8d80-991c4eef401a,600,36,636
076f68e2-c68e-41fc-869a-be8d19531116,8ed958e2-d38f-4836-a244-19f7f1ac0ab9,2022-05-03 17:16:00,7610d689-246f-467d-8d80-991c4eef401a,2000,120,2120
7081230c-6b1f-4c81-a07f-de7729dbb904,a511fe7a-129e-4a12-977c-655bc6f729cf,2022-05-03 07:24:00,7610d689-246f-467d-8d80-991c4eef401a,700,42,742
0505acb1-ae32-474d-a544-aa2d43078d12,f7ba70c3-65ab-41b7-b82e-557e864b3b38,2022-05-03 09:28:00,7610d689-246f-467d-8d80-991c4eef401a,600,36,636
a24ba778-35ad-4220-b7da-1dd095d85552,cb35d391-3f6e-4b75-9150-0d9b47d1a9fb,2022-05-03 10:13:00,7610d689-246f-467d-8d80-991c4eef401a,1700,102,1802
8d595789-a917-4442-a466-d9ac91cc8c87,271669e0-565e-4dd1-8b33-5e785cdcb331,2022-05-03 07:59:00,7610d689-246f-467d-8d80-991c4eef401a,600,36,636
6b57e48d-4380-4522-8aff-6419cd1048a9,3627aff8-26f1-46d0-bc9e-7a087e8ee05a,2022-05-03 14:48:00,7610d689-246f-467d-8d80-991c4eef401a,600,36,636
dcc1b0ec-e113-4d79-a66a-315ceb79f3ce,f0f2ae48-dc46-46e7-84ab-80d7a170ba83,2022-05-03 14:17:00,7610d689-246f-467d-8d80-991c4eef401a,1000,60,1060
1ebdad91-0812-4029-aac6-a65b28d9ee8d,25a1ae12-da1a-47ba-8cc5-93ddde1bdd8a,2022-05-03 15:09:00,7610d689-246f-467d-8d80-991c4eef401a,700,42,742
02f8816e-bfea-4698-ba0e-1f5da7f536f4,3a4bfb82-86e6-493d-a5c5-7f5f15da46b2,2022-05-03 14:58:00,7610d689-246f-467d-8d80-991c4eef401a,500,30,530
f351900a-71c9-48f9-94aa-96527a037adf,1ce75bf8-af62-46ae-9ec1-bea716d67cd0,2022-05-03 07:36:00,7610d689-246f-467d-8d80-991c4eef401a,600,36,636
70b40f5c-245c-4e11-a80e-1f3b8734c160,9d86b78b-c5a3-4c47-afde-b6f079c7571f,2022-05-03 09:08:00,7610d689-246f-467d-8d80-991c4eef401a,600,36,636
ae1b6960-dd9c-4b74-b53e-0f7c7031db95,5d0fd1a2-46fb-4f0c-87fd-e8ed66d5d4f1,2022-05-03 13:23:00,7610d689-246f-467d-8d80-991c4eef401a,1800,108,1908
d504bb94-5b8f-4558-baac-c0583536d1f8,14ea6d96-393f-46a5-8725-05273c037ba8,2022-05-03 14:49:00,7610d689-246f-467d-8d80-991c4eef401a,1600,96,1696
f23649d0-8cf5-4bd9-b6b9-7a91531471b5,83c2a0a0-ef47-41c3-8130-f4c4bfada767,2022-05-03 09:11:00,7610d689-246f-467d-8d80-991c4eef401a,500,30,530
d96530de-abca-4009-8668-f262ec6581e6,a5789ae7-87e8-4e02-a0f5-ed465d5b9332,2022-05-03 15:15:00,7610d689-246f-467d-8d80-991c4eef401a,2000,120,2120
0ec9008d-fc66-4f2b-a8f8-8253af1cc86b,3cfdfe82-8d38-458a-9cc0-377ce8640d82,2022-05-03 15:36:00,7610d689-246f-467d-8d80-991c4eef401a,400,24,424
5ff7bb5b-1622-43be-9988-8531a716c4b0,201c75dc-d0d2-49d0-8a57-a674c91be28c,2022-05-03 07:57:00,7610d689-246f-467d-8d80-991c4eef401a,600,36,636
e54646c9-1bb9-4e17-8a1a-8ab2d273323b,b7810a3b-3aa5-4ebb-9d33-273cfc9007c2,2022-05-03 17:02:00,7610d689-246f-467d-8d80-991c4eef401a,1800,108,1908
44df6a0b-2109-48a4-98ac-063ab5089788,66419994-ccb4-4a5e-8104-430d9f05b787,2022-05-03 17:00:00,7610d689-246f-467d-8d80-991c4eef401a,600,36,636
af8248da-1862-4684-a9b9-271286263fce,e59558e5-bf1d-4ab7-ab9f-192967a99993,2022-05-03 17:51:00,7610d689-246f-467d-8d80-991c4eef401a,1200,72,1272
e007572f-37b9-4975-9e2f-26473403322a,e90f9656-4dbb-43c9-b92e-183e7616d870,2022-05-03 18:19:00,7610d689-246f-467d-8d80-991c4eef401a,1800,108,1908
e3c7a0b6-77d0-4e6e-b95c-700ff46e656b,50a245b4-409d-40b4-859a-497ffa53d3b5,2022-05-03 07:48:00,7610d689-246f-467d-8d80-991c4eef401a,400,24,424
43002a91-4070-4a2b-bbd2-edb459d36e54,97d9be9c-5910-4341-9c34-db0a5d21792b,2022-05-03 07:43:00,7610d689-246f-467d-8d80-991c4eef401a,600,36,636
9202ee6e-45ed-4538-aab2-b1af23d416f7,b670279c-0a52-495b-b3aa-e023c2cc127f,2022-05-03 11:24:00,7610d689-246f-467d-8d80-991c4eef401a,400,24,424
529f3c5c-bb71-4378-963e-29b173aa239d,1a5a5d31-a37e-4a9c-a6cd-d2022e17eca7,2022-05-03 15:24:00,7610d689-246f-467d-8d80-991c4eef401a,500,30,530
5411cd2d-0d88-49da-ad0f-59033630fe8c,d853c060-bc2e-414d-8d42-8cd0fc37d411,2022-05-03 15:53:00,7610d689-246f-467d-8d80-991c4eef401a,900,54,954
b91e58a0-1411-4f68-a8bc-8772063f987c,456fdbb1-8895-420f-8c28-844dbee62b72,2022-05-03 07:52:00,7610d689-246f-467d-8d80-991c4eef401a,400,24,424
269d1e92-4a3d-413f-b2e2-15aff9833a73,58ae6de0-40c0-4c65-8c85-52d2e83d9fee,2022-05-03 12:47:00,7610d689-246f-467d-8d80-991c4eef401a,2900,174,3074
f14332b9-9beb-4ebd-8b54-762f286436fc,1a616871-cf07-4962-8005-fd25b7b631bd,2022-05-03 17:07:00,7610d689-246f-467d-8d80-991c4eef401a,1100,65,1165
2e14667c-7247-4d6d-a004-47d800e78705,0f0fef3b-66fb-4716-9807-7a8a2bcec7e7,2022-05-03 12:10:00,7610d689-246f-467d-8d80-991c4eef401a,600,36,636
417ddb89-2eea-4f66-921d-25ac382a77bf,6cc5eb40-8fb2-4052-95eb-3796fde1ab6f,2022-05-03 14:29:00,7610d689-246f-467d-8d80-991c4eef401a,700,42,742
c2fe512a-d62f-4af8-82fe-1cf11b79bf5d,0f8daf38-9d2e-4979-a40a-9994e1096dcf,2022-05-03 14:23:00,7610d689-246f-467d-8d80-991c4eef401a,0,0,0
f622e605-e8d9-4cdc-8e81-ee77b70108cf,d2c80c70-0626-4e92-9115-8ce300b3a153,2022-05-03 08:00:00,7610d689-246f-467d-8d80-991c4eef401a,400,24,424
4dfc5119-78c8-48f1-8234-2a1b63d6f7ec,87ab0db5-dea7-42ec-9f0c-2845b0311a5e,2022-05-03 08:44:00,7610d689-246f-467d-8d80-991c4eef401a,700,42,742
c0eb8549-d4c8-40a2-9807-f3ddbd711e01,2b93a0e5-e89b-480f-9229-d927b0cb04d5,2022-05-03 08:39:00,7610d689-246f-467d-8d80-991c4eef401a,600,36,636
378058aa-7d10-49d3-8fbd-513723d7f016,5e25b7e9-263f-487e-ab81-22525d48e71b,2022-05-03 07:32:00,7610d689-246f-467d-8d80-991c4eef401a,700,42,742
e495444d-8e5e-4836-ac81-841f8cc0fe3e,665e2199-3e9c-44d4-ad37-fdaad66a174c,2022-05-03 07:59:00,7610d689-246f-467d-8d80-991c4eef401a,500,30,530
fdfa5ffc-3430-4195-829f-afa62f0fe17b,1c9cfb2c-1d6e-42ea-abd2-7970d24360ec,2022-05-03 07:33:00,7610d689-246f-467d-8d80-991c4eef401a,600,36,636
a3ca696d-4a17-426a-800f-767e7102077f,a81521ff-21dd-4fea-8e3f-fe9c4a1dc1e8,2022-05-03 07:26:00,7610d689-246f-467d-8d80-991c4eef401a,400,24,424
460075ca-932c-4680-bce8-a6dc661cad18,48959ed8-08dd-4ef2-bffb-7a52f1416a29,2022-05-03 17:30:00,7610d689-246f-467d-8d80-991c4eef401a,800,48,848
2b3107dc-60ee-4f1f-af7c-45c2033ba459,86440644-0c75-465f-bdeb-900d87ec40d4,2022-05-03 09:02:00,7610d689-246f-467d-8d80-991c4eef401a,400,24,424
cbc72c3b-60fe-47dd-be6b-92b5adc3ea7e,ab65ad9c-95b5-49a5-8338-0a5c83d5817f,2022-05-03 14:12:00,7610d689-246f-467d-8d80-991c4eef401a,900,54,954
bc42e136-93ff-4e35-b4e5-4b1cbff3e253,f823dac0-6919-4b52-bdc1-4e4e7aa07baa,2022-05-03 10:15:00,7610d689-246f-467d-8d80-991c4eef401a,2300,138,2438
88e7dbb7-5d81-4198-be53-2be80cb8014d,22fa3e88-bc50-4934-8b6d-1e16ec124ea5,2022-05-03 09:43:00,7610d689-246f-467d-8d80-991c4eef401a,0,0,0
8123e24c-b6ae-4b6a-9ba1-de258ac2e48f,d3c6c1f1-8fad-4e3b-b090-1739abc57cf0,2022-05-03 08:32:00,7610d689-246f-467d-8d80-991c4eef401a,500,30,530
44632463-66e0-407e-af20-472e4ff2164f,d60e7604-3b35-41cb-91c6-f220b3e8eb3d,2022-05-03 13:19:00,7610d689-246f-467d-8d80-991c4eef401a,400,24,424
926f1ed5-49f2-4809-9e68-b2c49bff2169,152e39ef-e32b-4140-8d4c-84e1f4efe4ab,2022-05-03 15:36:00,7610d689-246f-467d-8d80-991c4eef401a,400,24,424
7263407d-82bf-44f2-b8ef-e626c11edec4,6a0d13b3-0aa7-4970-94b1-a9b08fc329d9,2022-05-03 14:08:00,7610d689-246f-467d-8d80-991c4eef401a,600,36,636
b7be616e-8ee3-4689-9793-b5be844c9f79,16055520-2c72-4e4e-9f92-bac49b61437c,2022-05-03 08:17:00,7610d689-246f-467d-8d80-991c4eef401a,600,36,636
dc922df9-eccb-4df0-818d-d833392e5754,a9a3224d-e299-4835-95d7-96b2ae764b03,2022-05-03 14:22:00,7610d689-246f-467d-8d80-991c4eef401a,400,24,424
51c9c368-8817-4fb4-81ab-bb075dcf41a6,f48bd87a-ff07-4581-a471-bcb2cd91cd1b,2022-05-03 15:19:00,7610d689-246f-467d-8d80-991c4eef401a,500,30,530
2482845b-452b-4cb8-b49d-11baf9e0095f,ea8db837-54ac-4615-ab01-9e1d9f2d3ec1,2022-05-03 07:38:00,7610d689-246f-467d-8d80-991c4eef401a,500,30,530
e41d54bf-3ec1-4994-89a3-7948ad33d960,ef0b0d0b-5ecf-4f39-8937-bb9ddaaadfa3,2022-05-03 13:26:00,7610d689-246f-467d-8d80-991c4eef401a,500,30,530
944b1958-44ce-4248-b5fc-3c8cdbcc53ba,3e6e1b4a-51e9-407e-b8ab-ed1e11fd056f,2022-05-03 15:52:00,7610d689-246f-467d-8d80-991c4eef401a,400,24,424
fc75e073-a120-49eb-86b5-e062c0cbcb19,572afe5e-e82a-45af-aaac-35948537d83b,2022-05-03 10:46:00,7610d689-246f-467d-8d80-991c4eef401a,600,36,636
b7ab4669-b44f-482b-a038-47e2e58e50e8,786e1981-a9d6-4f2b-9c24-a4d3dd7c7e17,2022-05-03 18:31:00,7610d689-246f-467d-8d80-991c4eef401a,1200,72,1272
5b790877-d951-41c0-83b9-ba53d0260cbb,71c1b037-3691-41ec-9286-8b171bdbb6f5,2022-05-03 12:42:00,7610d689-246f-467d-8d80-991c4eef401a,400,24,424
34424ebc-7113-4eaf-b30f-7efe785bc454,e59b4e1f-ba7c-401c-8106-d4745af1b66c,2022-05-03 17:29:00,7610d689-246f-467d-8d80-991c4eef401a,1700,102,1802
ac4a4022-7e17-4030-a6d1-e3cbe1844b76,8cfe2de3-d27a-456f-ae33-517251aeee4e,2022-05-03 11:31:00,7610d689-246f-467d-8d80-991c4eef401a,1800,108,1908
8e01d1d9-96e4-4555-9a85-1655ceaf48ae,df3c2d1d-30e2-4371-9b43-3fd918f475bb,2022-05-03 08:25:00,7610d689-246f-467d-8d80-991c4eef401a,500,30,530
aecb61d1-217e-4241-bb64-91cec8284de6,b95564b0-779d-41ad-9da0-5f65a142d02c,2022-05-03 08:05:00,7610d689-246f-467d-8d80-991c4eef401a,600,36,636
c89112e2-f636-4412-8fa9-f3e2e4eb4653,3b549ccd-b818-46d6-bb5c-7b514dc724ff,2022-05-03 08:08:00,7610d689-246f-467d-8d80-991c4eef401a,700,42,742
be28ce45-6f99-4b48-bbb8-1bec4089f238,b5c391ec-6795-4c92-8074-f881d65b8bb1,2022-05-03 13:57:00,7610d689-246f-467d-8d80-991c4eef401a,500,30,530
7cdd4330-f62e-4d01-87c1-85799f5b5f85,8cceb015-0ebd-4bfa-89b5-d5740ebf5eb4,2022-05-03 17:19:00,7610d689-246f-467d-8d80-991c4eef401a,400,24,424
186f1390-5a81-490e-86aa-e0ee421ce64d,ba8a3b82-1b25-4eb0-bcd3-e172ca44a871,2022-05-03 16:40:00,7610d689-246f-467d-8d80-991c4eef401a,400,24,424
df02d6e7-5536-4899-a68f-b85f080293f0,33312611-32f7-45e9-a1ba-76224a4efaf1,2022-05-03 14:12:00,7610d689-246f-467d-8d80-991c4eef401a,1600,96,1696
6e5356ac-2ed0-408d-a1f9-480eed4febd2,2df21d90-54d9-4bfc-9b00-12048e94bf7f,2022-05-03 07:50:00,7610d689-246f-467d-8d80-991c4eef401a,700,42,742
04db1077-7fda-40c1-a98e-9aa91a1b0738,b27ac96b-45a5-4ca0-924e-eecc8894d365,2022-05-03 18:42:00,7610d689-246f-467d-8d80-991c4eef401a,700,42,742
b38c2da9-0547-4f46-930b-9548780fada7,61432b99-679b-4a15-8732-0fcb17a5ef7c,2022-05-03 08:08:00,7610d689-246f-467d-8d80-991c4eef401a,700,42,742
0211bc0a-53cc-4557-b47d-f34945bd962f,905454f7-790f-4855-9e6d-6506f375381a,2022-05-03 07:34:00,7610d689-246f-467d-8d80-991c4eef401a,700,42,742
48673ae0-4422-4c2e-87ef-a6553f82ec2b,e44343af-786f-460f-afe9-276fafd4ab72,2022-05-03 10:54:00,7610d689-246f-467d-8d80-991c4eef401a,600,36,636
bf23955c-f74b-4292-899e-82ed5e891faa,ec2d7fac-e43b-47bb-9667-8389825d6201,2022-05-03 14:11:00,7610d689-246f-467d-8d80-991c4eef401a,400,24,424
4450ef9e-6450-4988-8b81-a3f4cca2d591,270fc651-fdbe-43d7-b9d3-e6bc8d729c00,2022-05-03 12:31:00,7610d689-246f-467d-8d80-991c4eef401a,600,36,636
a07271c4-f7ba-495f-81fe-98db6d9bb990,e5deefa3-49a9-41cf-9230-a2ac99a13b74,2022-05-03 13:01:00,7610d689-246f-467d-8d80-991c4eef401a,1500,89,1589
cba16121-0a22-4d08-8670-74502f78fe12,59ee54e5-38ad-4363-846b-dca7d019674a,2022-05-03 12:41:00,7610d689-246f-467d-8d80-991c4eef401a,1200,72,1272
6a0c25a9-8bb0-4cc5-a6ae-5b631a054919,1fe8a9e9-5e8e-41ed-8f2f-e16bb832f81e,2022-05-03 15:06:00,7610d689-246f-467d-8d80-991c4eef401a,600,36,636
97df0b3d-aefc-4e15-a5d3-200279be0eb4,beeafc1a-1df5-4e92-b649-9887417b6e99,2022-05-03 16:21:00,7610d689-246f-467d-8d80-991c4eef401a,1900,113,2013
3158033e-52ed-4106-b2f0-00cc7e39a2b0,b8e6d5cf-5320-400d-9a7a-d392e280ff9a,2022-05-03 08:03:00,7610d689-246f-467d-8d80-991c4eef401a,700,42,742
31620d50-655c-41fa-b598-c45cc096dafc,55a186ff-9bda-4b51-8717-546300299f58,2022-05-03 09:37:00,7610d689-246f-467d-8d80-991c4eef401a,400,24,424
10408105-193c-446a-b2fe-3038834431ce,ee6d763d-1298-46e9-a102-98c548f91916,2022-05-03 13:16:00,7610d689-246f-467d-8d80-991c4eef401a,1800,108,1908
345bf6e5-5496-4241-88fc-d9e39cb7f71b,3a3d9f52-a1f9-4640-a5ac-3565b6fc94d6,2022-05-03 18:48:00,7610d689-246f-467d-8d80-991c4eef401a,900,54,954
136c146c-9ccc-405a-a08d-9de384e023df,90127bdb-59ee-4e26-83af-f34b0bf9f9b5,2022-05-03 12:57:00,7610d689-246f-467d-8d80-991c4eef401a,400,24,424
a9361cc1-b868-467d-b6d3-66251733da34,dfe2ecc4-6a89-42bf-809d-eb6d3b80f03c,2022-05-03 07:13:00,7610d689-246f-467d-8d80-991c4eef401a,600,36,636
c7145eab-fe0e-4ab9-ae6b-67380a8f431a,8f860c47-6ffb-400d-a5ea-1b3309f59667,2022-05-03 07:58:00,7610d689-246f-467d-8d80-991c4eef401a,400,24,424
43c122ea-4e2f-448f-9d60-7b3578144702,8e668625-bb53-48d3-8a35-337b6bfe0528,2022-05-03 07:53:00,7610d689-246f-467d-8d80-991c4eef401a,400,24,424
d1e1fa01-4633-4658-91c2-b2aacfeb8e58,4cabdc2c-b086-49e3-8537-89e9ff05bfc2,2022-05-03 16:25:00,7610d689-246f-467d-8d80-991c4eef401a,600,36,636
d1609c56-0b17-41cc-9e8b-ec3af9ed1fff,8b985220-0522-4c7e-9086-b5e3ec1da5ad,2022-05-03 16:15:00,7610d689-246f-467d-8d80-991c4eef401a,1400,84,1484
6f08df3c-461e-45a8-b2e1-c4ee5fb88d74,4c0311a9-36a1-489e-b9a6-d0c6fbb216d0,2022-05-03 16:34:00,7610d689-246f-467d-8d80-991c4eef401a,600,36,636
54a44550-8103-4fdb-9d87-131d69c0250a,de438868-012e-4090-a23f-435fe782ba8a,2022-05-03 07:29:00,7610d689-246f-467d-8d80-991c4eef401a,700,42,742
c7c8f4cf-b2d5-46ae-b0b6-4a17cfe6f1af,837e09f7-4460-4e4c-9dd1-15e51783c049,2022-05-03 14:59:00,7610d689-246f-467d-8d80-991c4eef401a,400,24,424
21eafd13-5f6e-431f-a8c7-195e27f4e81d,76e0ad61-6f0a-4ff9-ac30-b153a4382299,2022-05-03 07:52:00,7610d689-246f-467d-8d80-991c4eef401a,600,36,636
545f8d80-0029-49d7-a3c1-155e4b40c6ce,46f597eb-c54b-4468-9b5f-709bcfed28fb,2022-05-03 13:08:00,7610d689-246f-467d-8d80-991c4eef401a,400,24,424
ee61b611-1935-42d5-aec9-6225a2303f27,74f8b5d2-4353-4a1d-9d09-c4b033ed1e78,2022-05-03 08:12:00,7610d689-246f-467d-8d80-991c4eef401a,700,42,742
861e64cb-3ae6-45b7-a61d-dc9a8e4ad9d6,468be53a-0f82-4ec2-9400-cfb722feb061,2022-05-03 19:00:00,7610d689-246f-467d-8d80-991c4eef401a,1700,102,1802
1b08daf0-7035-4b1d-b8cd-69372f9fdddb,472069b9-a61b-4488-b3d3-77fd6e057685,2022-05-03 08:48:00,7610d689-246f-467d-8d80-991c4eef401a,600,36,636
349a37a0-b1d4-4db1-965d-20c512630836,c8ecfe04-79be-48af-8d12-9542ae15e266,2022-05-03 07:10:00,7610d689-246f-467d-8d80-991c4eef401a,600,36,636
d5d7c9a9-13bc-4a80-bc21-41625d176315,3537b7e3-6daa-487d-8d73-2d9adc9bbc2f,2022-05-03 12:28:00,7610d689-246f-467d-8d80-991c4eef401a,1800,108,1908
ae63d508-a8c0-4c32-96f3-7b46d8be629f,02af6d80-129a-42e4-99b4-70b2f68dc3b9,2022-05-03 13:38:00,7610d689-246f-467d-8d80-991c4eef401a,600,36,636
3b7f3e78-f07d-4614-8bf5-4bc9c94257b4,e67d7853-2d8a-47ea-9663-bfd7a3edb563,2022-05-03 10:45:00,7610d689-246f-467d-8d80-991c4eef401a,500,30,530
2cb7612e-cd2a-4eda-be76-eab3106fbe54,22f6747d-37ca-4921-ad9b-a28cfb59861f,2022-05-03 15:53:00,7610d689-246f-467d-8d80-991c4eef401a,500,30,530
1bc6cdd1-4d3a-43e1-adb5-480f4fb7b444,42f1d1af-ac2e-42d7-80bc-e1dd04b9bce8,2022-05-03 08:11:00,7610d689-246f-467d-8d80-991c4eef401a,600,36,636
8856d8cc-808b-4752-b5b5-1b1ae404f46a,6784c527-d377-48d4-95b3-6d31959e6715,2022-05-03 17:01:00,7610d689-246f-467d-8d80-991c4eef401a,1800,108,1908
0460aa74-0d8e-40e6-ab82-e15543a7ccc8,4f29c41c-067d-4f9a-9793-8bae170607bc,2022-05-03 17:58:00,7610d689-246f-467d-8d80-991c4eef401a,2000,120,2120
4d6d87e7-7bc1-4b69-86fd-c3d025e122ed,027e3ca9-84de-4e85-8dfd-499df27dd3e9,2022-05-03 16:33:00,7610d689-246f-467d-8d80-991c4eef401a,400,24,424
d3b23892-195a-4e0d-a313-60c57e0f9db8,9a14fd59-3f1b-40ec-ba02-2b2164bc44d7,2022-05-03 07:00:00,7610d689-246f-467d-8d80-991c4eef401a,600,36,636
b8fd918c-3ef9-4815-ab2d-4da42796a5fa,70a3269b-d4de-46e8-bedc-d856f333e088,2022-05-03 08:11:00,7610d689-246f-467d-8d80-991c4eef401a,3200,192,3392
c6de425d-9db3-45a3-b72d-267e7e34298f,a6a53f05-a7e5-414f-ba8a-df80c2f23c61,2022-05-03 13:45:00,7610d689-246f-467d-8d80-991c4eef401a,400,24,424
e3afe003-bcfb-4fdf-bd63-241598891bd9,4016b41b-6b04-4ecf-944a-2dec96832f6d,2022-05-03 08:08:00,7610d689-246f-467d-8d80-991c4eef401a,600,36,636
cdc66caf-429f-4ee5-8f84-87423e195663,636b3d28-0139-4e15-93c7-8953b8835726,2022-05-03 12:24:00,7610d689-246f-467d-8d80-991c4eef401a,700,42,742
ef4edf92-3da2-4de0-b3f8-54a286ccec24,1691b5c0-20da-438a-8bc7-8f68cdfc6996,2022-05-03 09:22:00,7610d689-246f-467d-8d80-991c4eef401a,600,36,636
9c66600b-9a52-4267-9570-610763fb6119,9ec80e0e-eb2a-4cd5-8281-acd97008a40e,2022-05-03 16:05:00,7610d689-246f-467d-8d80-991c4eef401a,2000,120,2120
69dd639a-3951-4d86-a369-3c491d4763ea,34e09775-13ce-4c18-925a-12de247b46a2,2022-05-03 17:28:00,7610d689-246f-467d-8d80-991c4eef401a,1600,96,1696
948a608e-92e1-44dc-80b6-7fd5fa12e38f,4a9dcd92-3db5-4302-a109-4688ef1daf51,2022-05-03 12:19:00,7610d689-246f-467d-8d80-991c4eef401a,700,42,742
7453dbb7-53d8-4534-a942-6be6410f5612,6436c05b-2e1d-493a-8e5b-8a81dfbb6d27,2022-05-03 18:17:00,7610d689-246f-467d-8d80-991c4eef401a,500,30,530
28e7cbc3-872d-4106-9565-b59040209ef8,20d3b881-e02c-4e1a-b985-58bf7d1becd5,2022-05-03 07:02:00,7610d689-246f-467d-8d80-991c4eef401a,3400,204,3604
1b7c24f8-87af-4c70-bcca-882a5222af5b,f57f8c58-ddd5-4ef6-9098-f1f0e6d117ec,2022-05-03 11:26:00,7610d689-246f-467d-8d80-991c4eef401a,700,42,742
340d681f-8bfc-4b77-907e-1efa34dd9a31,f4898a14-5fe5-48dc-b6bb-1f435392dede,2022-05-03 15:29:00,7610d689-246f-467d-8d80-991c4eef401a,1800,108,1908
a82ef070-7570-419b-84bd-5b2ce577dce9,1995fe10-3ace-49c2-a034-9501692d2dd7,2022-05-03 15:13:00,7610d689-246f-467d-8d80-991c4eef401a,1000,60,1060
bdd3bb74-b925-435e-b548-af8f2de600b4,3293ca28-2970-404e-a298-f74c760d7810,2022-05-03 08:08:00,7610d689-246f-467d-8d80-991c4eef401a,500,30,530
ab28786e-b094-4b8f-b727-cee6db5745d7,3029df46-1cef-45bc-9293-520cc8b0255e,2022-05-03 07:50:00,7610d689-246f-467d-8d80-991c4eef401a,500,30,530
3a8481f5-4496-4b6a-96d5-edc0d718f8ee,72bac195-4083-485e-9081-df5b269d5f48,2022-05-03 18:37:00,7610d689-246f-467d-8d80-991c4eef401a,1800,108,1908
9d8d1822-d07f-4aa2-bbff-97765b604804,7fdb55c5-62a9-432b-b904-0c8667b2e7aa,2022-05-03 17:09:00,7610d689-246f-467d-8d80-991c4eef401a,600,36,636
6bebb195-ed78-4ea2-82da-8d79e42b92ee,3981431e-68a6-4f25-8919-294206d4e783,2022-05-03 07:21:00,7610d689-246f-467d-8d80-991c4eef401a,600,36,636
4f459db6-d08d-45e1-a5b8-a3ce29e54170,e8624338-c99b-4285-8018-073b5931f3d7,2022-05-03 16:07:00,7610d689-246f-467d-8d80-991c4eef401a,600,36,636
944fa921-ad49-4b0b-8b4f-8722c574e53c,3bf43252-3e01-4d5b-afd5-8aa6abc59e89,2022-05-03 10:10:00,7610d689-246f-467d-8d80-991c4eef401a,600,36,636
6289554e-c717-402f-9f9b-504f0ca2243d,4080c176-2d27-43e3-9526-735f9330b06c,2022-05-03 08:22:00,7610d689-246f-467d-8d80-991c4eef401a,900,54,954
436ae9c3-df8f-4270-ac65-c359cbf442a9,f8a9b9e5-b4c7-416f-acfd-3b5727417698,2022-05-03 08:28:00,7610d689-246f-467d-8d80-991c4eef401a,500,30,530
4e9bceb0-e14b-43b6-85c5-6b88b4a04016,33544b8a-3b0f-4d97-afaa-a5018e66ee32,2022-05-03 12:27:00,7610d689-246f-467d-8d80-991c4eef401a,600,36,636
cd211f25-ba50-4e77-a0ff-72ff78243268,27b1e612-2cfe-43aa-bb58-c92646126951,2022-05-03 07:41:00,7610d689-246f-467d-8d80-991c4eef401a,700,42,742
04274f8e-8091-4d16-b3e8-7f0aaa3f62c4,3706d905-3e5a-4227-9c02-f96968365cef,2022-05-03 13:26:00,7610d689-246f-467d-8d80-991c4eef401a,1200,72,1272
0add4fb8-f45b-4a70-8e05-7ede178e62bb,b5184b09-3ae6-4520-bc09-912e7eec1e67,2022-05-03 17:53:00,7610d689-246f-467d-8d80-991c4eef401a,1600,96,1696
597dd222-50fe-45bf-9295-d431c513ef94,b7fb5b2f-9636-4e7b-be18-b43d0df3c929,2022-05-03 13:29:00,7610d689-246f-467d-8d80-991c4eef401a,600,36,636
95ce7797-97ca-4f30-b646-4cf5b23860dc,1995de61-30f6-4038-b73d-34f4948e764f,2022-05-03 16:22:00,7610d689-246f-467d-8d80-991c4eef401a,1700,102,1802
38cb799d-03c4-432f-85d0-b5669d2d8a9a,25c97ef3-e3df-4437-81ea-031cf9228009,2022-05-03 07:47:00,7610d689-246f-467d-8d80-991c4eef401a,600,36,636
cbfc29e2-e108-428e-87fb-0718f680ba30,23e45a32-b6fd-408a-ba27-924b1070c001,2022-05-03 08:38:00,7610d689-246f-467d-8d80-991c4eef401a,600,36,636
3f6cf707-9a5d-4e70-8e06-643e3815ebcd,26ab928d-c37b-47c3-8949-f5c62e9b8d76,2022-05-03 15:01:00,7610d689-246f-467d-8d80-991c4eef401a,2100,126,2226
360a7348-3ad5-4376-be3c-a1bd2f41f397,867d1a27-d73e-4645-a7c8-68a8cccc46d6,2022-05-03 13:35:00,7610d689-246f-467d-8d80-991c4eef401a,1800,108,1908
1b43c407-78fb-4f66-92ed-13c079f974c0,f4918a53-6c53-4960-a683-610fd1d3cb26,2022-05-03 08:02:00,7610d689-246f-467d-8d80-991c4eef401a,400,24,424
359d1710-0b98-4729-bb35-1ec8e9f6eb68,c813f06d-10b8-4f22-a23f-d6901bb1c703,2022-05-03 11:48:00,7610d689-246f-467d-8d80-991c4eef401a,700,42,742
6f2f9b9b-30d9-481f-88db-f22a68951a90,67b83532-c6ef-47a9-b708-6fec1ef804c2,2022-05-03 07:59:00,7610d689-246f-467d-8d80-991c4eef401a,700,42,742
f3c269de-ae6e-4681-a53e-24894dd9fafa,471dd3e1-1cb3-4a37-bd75-154334a05a49,2022-05-03 08:07:00,7610d689-246f-467d-8d80-991c4eef401a,600,36,636
1ad564fe-dd3f-44e3-bbd4-c65d3e65c0f3,f612ad73-fdb5-410f-9383-ba51fdc92a8f,2022-05-03 15:56:00,7610d689-246f-467d-8d80-991c4eef401a,700,42,742
d67cae39-42b2-493f-8edc-65ba17143508,c7b8e8b6-6299-45a6-a446-b172e533d17e,2022-05-03 07:35:00,7610d689-246f-467d-8d80-991c4eef401a,600,36,636
c217af1e-2e97-4bfa-9a5d-c65e535975c9,b0899906-f211-4fe2-a0b9-71b5f9850f75,2022-05-03 07:29:00,7610d689-246f-467d-8d80-991c4eef401a,400,24,424
ff9ed266-e802-4cf4-89dc-f72be5571bea,5430ddd8-0061-4b17-8a7c-5754472bcf20,2022-05-03 17:47:00,7610d689-246f-467d-8d80-991c4eef401a,700,42,742
600804c4-72d5-43d5-928e-b434f49cd04b,5b997d2e-38a3-403c-b8d1-441657613eef,2022-05-03 12:36:00,7610d689-246f-467d-8d80-991c4eef401a,1500,89,1589
d287bbf3-acee-4b5d-ac80-cad7c4c2b955,f414fc14-c077-4d20-8f3e-a145ac0f8d33,2022-05-03 16:09:00,7610d689-246f-467d-8d80-991c4eef401a,600,36,636
0b5663f1-9e00-4c03-9c91-0b86292c73b2,563caefa-5675-4645-a701-6272b42dd217,2022-05-03 10:25:00,7610d689-246f-467d-8d80-991c4eef401a,600,36,636
0edb688c-c9f4-4eed-ba36-d896b0e59128,69cec439-ef37-47e6-be3f-4ca6604a2334,2022-05-03 15:21:00,7610d689-246f-467d-8d80-991c4eef401a,400,24,424
42b60deb-a756-4e25-a490-ae1023fd8dc2,8b820ff8-72b5-4b9f-99d5-3c7ece118523,2022-05-03 15:24:00,7610d689-246f-467d-8d80-991c4eef401a,400,24,424
f891aef9-a08a-480b-a86f-cc8d9e76a404,e9194bfe-47f4-429d-8a9c-67f9bf10476c,2022-05-03 11:21:00,7610d689-246f-467d-8d80-991c4eef401a,1100,65,1165
da3456af-99ae-4fa2-97a7-8a4d9b79abbe,d79a67a2-6d28-43ad-ad61-2384151bc636,2022-05-03 12:34:00,7610d689-246f-467d-8d80-991c4eef401a,500,30,530
8122710e-7fc4-4f99-94d1-c9c22f02cdc8,650550ef-4a36-40d5-9125-f24e9c9a7bab,2022-05-03 16:50:00,7610d689-246f-467d-8d80-991c4eef401a,600,36,636
3d03df08-ca82-40b2-b659-c1141b581526,4c348755-d66d-46bb-9d04-3d6564b49ec0,2022-05-03 11:07:00,399dfec4-01ec-4e84-80b5-cb325d670571,400,16,416
795c25ec-4c02-4917-a891-bc5e9f859e26,37e73f82-c93a-4c41-ade6-e62f4a5b446a,2022-05-03 11:51:00,399dfec4-01ec-4e84-80b5-cb325d670571,2300,92,2392
c77c3010-c4de-439b-80a2-cb9d16164501,bae6e37f-8462-411c-8e89-c0bd2e10d8be,2022-05-03 11:35:00,399dfec4-01ec-4e84-80b5-cb325d670571,2300,92,2392
8118c1d7-e69e-4ff1-9ce8-35acd089a65b,c5ea4a48-b79a-41fb-8cfb-27cd606cf67c,2022-05-03 08:32:00,399dfec4-01ec-4e84-80b5-cb325d670571,700,28,728
549fb9ed-0601-493d-9a27-c6685f40d1e1,a8f18d60-8666-4c0f-a1db-c2866d583b8d,2022-05-03 07:59:00,399dfec4-01ec-4e84-80b5-cb325d670571,400,16,416
54e47d5f-ed9f-414d-a4e5-b992f87d2d44,7bcb8723-53df-4b44-9780-6f41535407ea,2022-05-03 08:03:00,399dfec4-01ec-4e84-80b5-cb325d670571,600,24,624
70f98cc5-7ca0-47a9-ba26-078554b89af5,63133c36-0c0c-4819-8883-c8fe0f7bb97f,2022-05-03 14:12:00,399dfec4-01ec-4e84-80b5-cb325d670571,2100,84,2184
572546cc-7567-47d7-bdf3-ed3bc4b1f071,6245ed4d-3f95-4010-9309-114b1b627744,2022-05-03 08:30:00,399dfec4-01ec-4e84-80b5-cb325d670571,600,24,624
de43bf83-6266-47b9-8ab3-3ec16d2fa281,94b1db00-2098-4afd-b3b7-5eb8983cfc17,2022-05-03 08:02:00,399dfec4-01ec-4e84-80b5-cb325d670571,600,24,624
7d83a605-ed2a-4a65-a542-fff7c0a2ff1d,f87cf5f2-f133-432b-9698-d97df1d3ea32,2022-05-03 07:54:00,399dfec4-01ec-4e84-80b5-cb325d670571,600,24,624
04d7740b-6e7a-497c-bef3-607307aabe78,a4ecfbb7-9d6d-44b3-925d-7d29fdc993d8,2022-05-03 10:35:00,399dfec4-01ec-4e84-80b5-cb325d670571,600,24,624
5e4b37cd-62ea-44ce-a1e1-7a731bb153f1,9ae05117-8a4f-441a-b848-817a78454328,2022-05-03 17:00:00,399dfec4-01ec-4e84-80b5-cb325d670571,600,24,624
e6f8c37a-7a54-4229-acd5-6e4b76ca3adf,a0c23a52-fc6d-47ef-b1f6-058a0f3bdd78,2022-05-03 14:28:00,399dfec4-01ec-4e84-80b5-cb325d670571,600,24,624
09a58a29-93cc-4f24-aad7-5bd29d74f981,2ca44b2d-a2dd-4f21-80a2-d1042637712e,2022-05-03 17:28:00,399dfec4-01ec-4e84-80b5-cb325d670571,500,20,520
fbe8343a-cdf8-4dee-be34-20d5c6294a12,506a6d87-28ad-4107-98f8-eee7ef436e29,2022-05-03 08:28:00,399dfec4-01ec-4e84-80b5-cb325d670571,700,28,728
531df654-1109-4e5a-84a8-ded48a42127a,81f94344-42da-4710-970b-01040337773f,2022-05-03 09:26:00,399dfec4-01ec-4e84-80b5-cb325d670571,500,20,520
9c44a75f-5f80-49c8-a96f-c57a42387f4d,ccb5c165-1568-4be3-967f-4081011dbfa8,2022-05-03 11:03:00,399dfec4-01ec-4e84-80b5-cb325d670571,2000,80,2080
d91d7e1e-2419-431b-9f11-3c1831afb9fa,42c5ea60-f682-47d9-b67c-f6f362147071,2022-05-03 08:34:00,399dfec4-01ec-4e84-80b5-cb325d670571,400,16,416
9cbd7985-ccdf-418a-b5e6-0a16ed4f32b7,16b63951-b5de-4976-b337-c7a164051684,2022-05-03 08:06:00,399dfec4-01ec-4e84-80b5-cb325d670571,500,20,520
bc87f20b-828b-46a4-bd38-09e4e2d74c33,41aec400-dd32-4254-a52f-0d6fb2d03888,2022-05-03 15:46:00,399dfec4-01ec-4e84-80b5-cb325d670571,400,16,416
f7643e21-bf82-4921-a177-0ee90d8657a8,b6e01333-7454-4939-a5ce-c8bef3d60cc0,2022-05-03 08:02:00,399dfec4-01ec-4e84-80b5-cb325d670571,400,16,416
017e0773-7d5d-47e2-993f-0d394a7019d7,6e83b42d-59ed-4466-b35a-d764e9c3cdfc,2022-05-03 07:37:00,399dfec4-01ec-4e84-80b5-cb325d670571,500,20,520
f6180748-3a42-4212-837a-190e6829b221,e80559a4-b5da-4434-a7a4-813d513bfd83,2022-05-03 17:49:00,399dfec4-01ec-4e84-80b5-cb325d670571,600,24,624
02a6f3f5-db71-4724-bd38-7d967ceca43a,ddd6bc5c-169a-4f13-aa8d-eb8d78c99e03,2022-05-03 08:57:00,399dfec4-01ec-4e84-80b5-cb325d670571,600,24,624
120766ea-8c6d-465d-a1f3-dc848fc9a900,df529715-211d-4d44-bce5-8c04f8447eeb,2022-05-03 13:04:00,399dfec4-01ec-4e84-80b5-cb325d670571,1400,56,1456
54638792-37f2-4f2e-a237-b475f6179296,f59319a4-b9b6-458a-aec7-f43d079c3a28,2022-05-03 13:43:00,399dfec4-01ec-4e84-80b5-cb325d670571,400,16,416
0b7f654b-0abc-47e2-befb-67b6035327c0,6ba6cff4-9c59-4c33-be13-cbb47b31b82b,2022-05-03 16:38:00,399dfec4-01ec-4e84-80b5-cb325d670571,1700,68,1768
020226b8-d8eb-4fa2-b5a7-5a87b6562b18,d6af4950-fefc-44bb-8701-d252bd522f00,2022-05-03 07:28:00,399dfec4-01ec-4e84-80b5-cb325d670571,400,16,416
baefbb27-1135-4368-8d77-c609b7a64cef,bff5af40-a32d-4898-8a55-eb25f6d0b6ed,2022-05-03 17:51:00,399dfec4-01ec-4e84-80b5-cb325d670571,700,28,728
02e07083-31ff-41a8-afa0-47203ae1f90d,e3f4b9eb-48b3-4b16-a2ad-8388c37cb821,2022-05-03 16:29:00,399dfec4-01ec-4e84-80b5-cb325d670571,1700,68,1768
669bbb91-4da6-4be3-88ae-bd45f1ff367f,3f9ce19d-dc65-49bd-81d5-de27d736b5bf,2022-05-03 16:06:00,399dfec4-01ec-4e84-80b5-cb325d670571,700,28,728
644486d3-938e-4b5a-a061-06b6f7e5c153,e4813f2e-1b48-4035-8b99-9dbc490b1182,2022-05-03 17:32:00,399dfec4-01ec-4e84-80b5-cb325d670571,2200,88,2288
48e04833-d024-4337-bfa5-22f38416a504,b1e76179-85ef-427c-96b1-6b9276f4752b,2022-05-03 10:22:00,399dfec4-01ec-4e84-80b5-cb325d670571,4500,180,4680
8f32752d-df73-4303-b11f-5c2ad4fc51cd,b1d2776c-dcae-4587-a995-f535c29a0ad8,2022-05-03 12:33:00,399dfec4-01ec-4e84-80b5-cb325d670571,400,16,416
0f859cc9-ea6e-4001-acb8-f75914def3c0,711044e1-8bdf-47ab-b9ab-3d108e5590d9,2022-05-03 11:51:00,399dfec4-01ec-4e84-80b5-cb325d670571,500,20,520
6ff06897-fecf-4a4d-ac4e-d43565fcb285,dcf50ba9-5b3e-448f-9529-f27c246d868a,2022-05-03 07:59:00,399dfec4-01ec-4e84-80b5-cb325d670571,700,28,728
3b3e0bb4-1c18-4816-8f24-68a861ab1ac1,be16a404-7434-4076-aca0-04338270f0b2,2022-05-03 15:01:00,399dfec4-01ec-4e84-80b5-cb325d670571,2100,84,2184
e4f5a5d5-1d0b-4aea-9ffe-4b4da6aac1b6,9d25ed88-d934-4a39-bff2-29dd981edc7b,2022-05-03 07:22:00,399dfec4-01ec-4e84-80b5-cb325d670571,400,16,416
a4ded42d-7366-452e-b9f7-6c35143e0e1a,1ab8f64c-68df-4705-82aa-f3e046eec9a1,2022-05-03 07:20:00,399dfec4-01ec-4e84-80b5-cb325d670571,400,16,416
1b2b108a-a592-4e0b-ac8e-a5821077d876,014d4968-8860-436c-9590-b3172aab71ab,2022-05-03 13:50:00,399dfec4-01ec-4e84-80b5-cb325d670571,1100,44,1144
abee039d-f75c-4013-99e6-c1ec3ae5f39f,50580cce-0003-489b-ac75-1e865cae783d,2022-05-03 13:16:00,399dfec4-01ec-4e84-80b5-cb325d670571,800,32,832
c405b150-31a6-4f7b-a964-acc2bb8c4287,b132d7fb-457b-400a-a86e-27a184517bc5,2022-05-03 13:39:00,399dfec4-01ec-4e84-80b5-cb325d670571,600,24,624
07b1aacd-5183-40d8-9ede-fb58ffeb808d,bc4c6cb7-8df0-4cf8-abec-003f7fd6b556,2022-05-03 17:43:00,399dfec4-01ec-4e84-80b5-cb325d670571,1500,60,1560
1e00ab19-c42a-455b-b783-2e5319ec68fb,34fc2867-a0b6-422f-8041-10f81916b1fe,2022-05-03 07:36:00,399dfec4-01ec-4e84-80b5-cb325d670571,600,24,624
4e7b7a54-719e-46f0-8932-c3803c3dc7e5,97c95c72-e129-4e60-b61c-603aee90014e,2022-05-03 16:04:00,399dfec4-01ec-4e84-80b5-cb325d670571,500,20,520
b87dc2c6-d1a7-40c8-a540-030a8dc2d351,76c48654-6fd5-4383-9917-f82ad4aea2d6,2022-05-03 07:23:00,399dfec4-01ec-4e84-80b5-cb325d670571,600,24,624
21fc493c-d06a-4977-bf04-7a32cb04969f,2c57c610-0005-4cad-80d1-645d35f2c1bd,2022-05-03 14:35:00,399dfec4-01ec-4e84-80b5-cb325d670571,600,24,624
9feb4de5-a5d1-4231-8b2e-444c3ac85daa,dfbcbe7f-7ed6-424b-97f1-a5860ad72d65,2022-05-03 17:58:00,399dfec4-01ec-4e84-80b5-cb325d670571,2000,80,2080
25378c9e-0ae7-4a27-96aa-b6c28b4252d1,c28b2934-ee10-4572-b543-13b07030b674,2022-05-03 07:16:00,399dfec4-01ec-4e84-80b5-cb325d670571,500,20,520
2291b047-897b-4350-9bda-769e0061cebe,bf7f88d3-f1c0-4522-88c4-82330c4449ec,2022-05-03 16:59:00,399dfec4-01ec-4e84-80b5-cb325d670571,1900,76,1976
e53113cd-c84b-4fb2-a9ec-0ba26358526c,9e01e8aa-e852-4d14-a1bd-a7099859350b,2022-05-03 08:38:00,399dfec4-01ec-4e84-80b5-cb325d670571,700,28,728
932afe92-56b1-4fe0-adde-7c6d0ac73d1b,40287d26-4302-43df-a5fe-13be8f368808,2022-05-03 17:27:00,399dfec4-01ec-4e84-80b5-cb325d670571,600,24,624
026d93d5-8250-4f96-9f2a-a1243b6bb994,64db26a0-c128-4fd8-8d9d-7d6e8dca816f,2022-05-03 08:08:00,399dfec4-01ec-4e84-80b5-cb325d670571,600,24,624
ca010359-4f7c-40ef-b43b-7c553be39718,23c9d5aa-b7ac-43fe-9b34-95a885534f3f,2022-05-03 11:34:00,399dfec4-01ec-4e84-80b5-cb325d670571,600,24,624
be008dce-3fd3-4278-9b25-f0f7f7e48c63,53beee08-3f7a-41ad-9b8d-e9dde5890c21,2022-05-03 16:39:00,399dfec4-01ec-4e84-80b5-cb325d670571,600,24,624
314fa837-dcf3-4931-ac95-1401e127895c,acd3eb6d-6b79-4387-b568-bbae749f77a3,2022-05-03 08:12:00,399dfec4-01ec-4e84-80b5-cb325d670571,700,28,728
bcacfafa-31f2-48c8-9e9a-7f43434c6ad2,ed4fcf59-fb75-4666-8d20-f06e2aba1167,2022-05-03 12:58:00,399dfec4-01ec-4e84-80b5-cb325d670571,400,16,416
3d16c621-21ff-4545-9388-f3c655aa63b4,bc67e790-4d24-486d-807f-451f765d80cd,2022-05-03 07:40:00,399dfec4-01ec-4e84-80b5-cb325d670571,600,24,624
f7325fdb-5aa8-422d-b4f1-75e3917f336f,dad7706f-c7f1-48d1-b917-5c159cfffb63,2022-05-03 07:34:00,399dfec4-01ec-4e84-80b5-cb325d670571,500,20,520
dd90b055-0878-40a8-a9af-52141fedc7eb,0a355498-5161-4e43-a119-739ad47fce7c,2022-05-03 07:14:00,399dfec4-01ec-4e84-80b5-cb325d670571,400,16,416
f2c94174-60a1-4d1c-bd36-edf921f53fcb,e5c6f80d-f9e5-4adb-9e14-77344fadcb11,2022-05-03 08:07:00,399dfec4-01ec-4e84-80b5-cb325d670571,700,28,728
860b8511-0d5b-4998-afd6-df8c7cb16e3c,db76ab32-831a-4cda-966d-d6da473fe822,2022-05-03 12:07:00,399dfec4-01ec-4e84-80b5-cb325d670571,700,28,728
e92b12e0-8993-40b0-a064-202fe855872f,cdcb2920-cc0f-45c8-a08d-f245414cc4d1,2022-05-03 08:09:00,399dfec4-01ec-4e84-80b5-cb325d670571,2300,92,2392
91cd180a-fe7e-45eb-91b2-5245a8c3fe71,166c3999-d2fd-4356-8470-fbf1029cab0c,2022-05-03 14:14:00,399dfec4-01ec-4e84-80b5-cb325d670571,2000,80,2080
5333af65-5963-4c06-9c2f-11a07888dfd9,1970761e-30b2-4231-b0c4-e598194512e9,2022-05-03 07:59:00,399dfec4-01ec-4e84-80b5-cb325d670571,400,16,416
7f26a44b-2a15-4e6e-aabc-da6be5f90849,3f44b8aa-7b06-4cbc-b5b8-62c759375abf,2022-05-03 08:05:00,399dfec4-01ec-4e84-80b5-cb325d670571,400,16,416
418296e6-42dc-4107-a25e-958a8fce5063,e51c17e9-54d2-4d0d-951b-d2e942484e4a,2022-05-03 07:30:00,399dfec4-01ec-4e84-80b5-cb325d670571,400,16,416
e5b6050b-9215-4f03-8f94-1c7591e315fa,661e7769-737a-4fea-9b2b-61f6ad5f730e,2022-05-03 07:21:00,399dfec4-01ec-4e84-80b5-cb325d670571,700,28,728
c00fc8a6-ef6f-4ad0-8cf1-e264d636ef67,52a20272-6bdc-4d6e-abb9-dabf740d6785,2022-05-03 15:48:00,399dfec4-01ec-4e84-80b5-cb325d670571,700,28,728
5053da1e-efea-4c8f-9b9a-45718a9d8925,925b1e7a-db75-46f3-8233-e9a0d1cd3eea,2022-05-03 07:00:00,399dfec4-01ec-4e84-80b5-cb325d670571,600,24,624
4dd60846-25a1-4166-940b-31ee77575bc6,a7b3a12d-695c-4f09-8f51-70f12068de94,2022-05-03 17:00:00,399dfec4-01ec-4e84-80b5-cb325d670571,1800,72,1872
f1a63291-1215-4b8b-8f04-b235c81678db,60314e03-083b-4c10-8481-e96147ef36b6,2022-05-03 07:38:00,399dfec4-01ec-4e84-80b5-cb325d670571,700,28,728
b47ebdc7-b338-4d06-8895-23a3b93a3761,1e9b8783-1cf3-480c-ade5-2c44cee664c3,2022-05-03 16:25:00,399dfec4-01ec-4e84-80b5-cb325d670571,400,16,416
4490b8bc-7beb-4daa-ae53-4f9e9a199b10,0632018d-13b0-4b17-8c09-2355784aa5aa,2022-05-03 08:06:00,399dfec4-01ec-4e84-80b5-cb325d670571,400,16,416
a7cb0ade-1959-4520-9a62-38355cb854f2,cbfe5614-8eaa-4e55-8eb0-280ca8c3b206,2022-05-03 15:56:00,399dfec4-01ec-4e84-80b5-cb325d670571,600,24,624
92ef10a5-b1a1-4f78-829a-73e713464aeb,86e5e6c3-4891-4fc4-8c11-9b25569b7cdf,2022-05-03 12:43:00,399dfec4-01ec-4e84-80b5-cb325d670571,700,28,728
efad142f-ae9f-446f-a5af-25a5a7a6a227,5de2ad61-7d0f-4bd1-976c-54232ea6a2e7,2022-05-03 08:10:00,399dfec4-01ec-4e84-80b5-cb325d670571,400,16,416
37e2707a-3fef-4bcd-8101-faa49f377850,3bb49496-c584-4dca-96ec-46f242a9196e,2022-05-03 14:57:00,399dfec4-01ec-4e84-80b5-cb325d670571,1500,60,1560
40b52c9e-e9ed-4321-b492-db252b9ba49c,fbc8d614-e3eb-4407-a764-2523025a5ec8,2022-05-03 18:12:00,399dfec4-01ec-4e84-80b5-cb325d670571,2100,84,2184
d7549425-dbb0-48c0-b06f-e8f235192773,2d6bb117-9504-46a7-85f0-ec0842f450ba,2022-05-03 14:09:00,399dfec4-01ec-4e84-80b5-cb325d670571,1300,52,1352
537b74b3-fd17-4c38-890c-c8519613571e,adb373d5-a395-4255-97af-7d0c6cc6b076,2022-05-03 07:45:00,399dfec4-01ec-4e84-80b5-cb325d670571,600,24,624
3e391130-dda4-47f8-850c-a7a5495a336d,af32d332-5348-4db7-b85e-10e8c869b09b,2022-05-03 16:38:00,399dfec4-01ec-4e84-80b5-cb325d670571,600,24,624
60a93aa8-e658-4e57-903a-114a20ece636,ec49d138-10a8-4728-b374-f0787bc58520,2022-05-03 16:44:00,399dfec4-01ec-4e84-80b5-cb325d670571,1700,68,1768
357ec99f-26cc-485e-9e68-58d51d43feac,adb25cda-7b6a-40cf-b406-ad69754ee6b0,2022-05-03 07:51:00,399dfec4-01ec-4e84-80b5-cb325d670571,600,24,624
e36acec3-910c-41b9-bcf4-de8da9ccd45e,5287ce91-88ed-4f3c-97ab-9e4b1a54601b,2022-05-03 17:43:00,399dfec4-01ec-4e84-80b5-cb325d670571,1600,64,1664
6cc15374-4108-4af3-b0cd-3d25403573d0,2525b843-71b8-49bf-98a1-4233133347d3,2022-05-03 11:37:00,399dfec4-01ec-4e84-80b5-cb325d670571,600,24,624
ae90e7c2-1569-4539-95da-255ec6d21892,0a1048f1-85cc-41f0-b631-2d395fc26b9a,2022-05-03 08:04:00,399dfec4-01ec-4e84-80b5-cb325d670571,600,24,624
87275072-18e9-4c71-af69-bf14b4657532,34457f34-21b5-4789-9180-c774a318640e,2022-05-03 13:26:00,399dfec4-01ec-4e84-80b5-cb325d670571,400,16,416
0a8b9119-1532-4549-91f7-ce2d902ceda4,74273d94-cbf1-411a-8df0-35a4b85b0681,2022-05-03 15:22:00,399dfec4-01ec-4e84-80b5-cb325d670571,600,24,624
2327cd11-b33a-46e7-8a8f-62a656e1a056,60d3b546-cebe-4f0e-af9e-e06c841f0d7b,2022-05-03 15:03:00,399dfec4-01ec-4e84-80b5-cb325d670571,500,20,520
8470f848-f93b-4bac-9f30-6b5b2c180912,56283449-e2f6-4698-8bc2-66b1eb74eb69,2022-05-03 14:46:00,399dfec4-01ec-4e84-80b5-cb325d670571,700,28,728
e986daa6-02df-46c4-8d64-cd8bdc7693a2,d367c7d7-7060-4d1d-b797-5d47b3ee4dab,2022-05-03 11:05:00,399dfec4-01ec-4e84-80b5-cb325d670571,400,16,416
2f29a9c7-3b16-49f9-a304-b56c462d91f3,b46b4fb3-8cac-4fc1-b866-d8a3911e9ee6,2022-05-03 07:39:00,399dfec4-01ec-4e84-80b5-cb325d670571,600,24,624
93d9f8e0-e9d0-4843-8a10-f6948a456b33,4fdc08de-573f-43d1-9124-2486a1325037,2022-05-03 11:15:00,399dfec4-01ec-4e84-80b5-cb325d670571,1200,48,1248
ae2237a0-96db-45a0-951c-dbe620056e37,6d4c7874-f396-4603-9f6b-243c1b2f5249,2022-05-03 08:51:00,399dfec4-01ec-4e84-80b5-cb325d670571,600,24,624
31ac0bd0-edf3-4f37-bee1-1f4cffd73da9,8110a907-2edc-4649-85cd-fc46ec95ccb6,2022-05-03 12:50:00,399dfec4-01ec-4e84-80b5-cb325d670571,1800,72,1872
959558cf-ee3d-470b-b396-b6ec49d26603,b19ade62-28e0-4316-9ad0-505bd4086678,2022-05-03 13:03:00,399dfec4-01ec-4e84-80b5-cb325d670571,3100,124,3224
7f4e7239-073a-4bb8-ad2e-bfddae225a5e,32feea46-a436-43d4-b088-7f86ddf34e8f,2022-05-03 17:16:00,399dfec4-01ec-4e84-80b5-cb325d670571,700,28,728
90e4b10a-59a3-4061-8662-069fe4765b55,1c7c3326-d10b-4cb5-8266-0d9638b1303e,2022-05-03 07:38:00,399dfec4-01ec-4e84-80b5-cb325d670571,600,24,624
e4488196-030f-4ce6-bfa7-09c0edd77eed,3750046f-1d16-4403-b390-b0daba002397,2022-05-03 08:17:00,399dfec4-01ec-4e84-80b5-cb325d670571,500,20,520
169a6942-6efb-4b1e-afc8-22925b64a6a6,e0b213d9-1768-4dcd-bf89-bcd54ccf63c3,2022-05-03 13:17:00,399dfec4-01ec-4e84-80b5-cb325d670571,1800,72,1872
970bf309-0415-4f4d-8d9e-70ad62026984,706032a5-7ec5-4263-9b19-a692736a7b4d,2022-05-03 17:59:00,399dfec4-01ec-4e84-80b5-cb325d670571,1200,48,1248
2326a03e-736b-42e5-b0d2-1c2b10df858f,d6d0eeb7-92ab-49be-a540-70ee3478c470,2022-05-03 12:10:00,399dfec4-01ec-4e84-80b5-cb325d670571,1400,56,1456
5b787274-6537-4201-a10e-846cf4c8f779,53c74fc1-b133-42b2-a1e9-67c9bf047e1b,2022-05-03 07:59:00,399dfec4-01ec-4e84-80b5-cb325d670571,600,24,624
7c96e227-6b66-44f9-b45c-ed0ae0ee3356,f4c58163-72ff-4bb0-bb23-a96e150c760b,2022-05-03 14:59:00,399dfec4-01ec-4e84-80b5-cb325d670571,600,24,624
523e5447-b480-4da6-9420-76f64ce7c510,d7d55d7a-adfa-4bca-aca3-e8d9cdef2bbb,2022-05-03 07:14:00,399dfec4-01ec-4e84-80b5-cb325d670571,700,28,728
55f649c8-0087-4446-a389-e52021544793,d9f1e50b-9f13-4b29-84b4-58bce0b318e9,2022-05-03 14:54:00,399dfec4-01ec-4e84-80b5-cb325d670571,1600,64,1664
5a1f9147-784b-464c-91bb-99f31ff9ffe5,90a4b194-49ac-403f-bdf9-07ac020d3a39,2022-05-03 12:35:00,399dfec4-01ec-4e84-80b5-cb325d670571,2400,96,2496
f6499a54-e390-44db-a3f7-889176429df9,ea90cf6c-55a0-4b3f-a71f-d545222e1f94,2022-05-03 08:11:00,399dfec4-01ec-4e84-80b5-cb325d670571,600,24,624
16ecd656-866a-4171-a931-7ad9c2f2a061,efbc7b36-a08a-4e2b-b07b-10ba647ee226,2022-05-03 12:43:00,399dfec4-01ec-4e84-80b5-cb325d670571,400,16,416
963a5e7c-e56b-482f-ab01-f89933bd9063,441877dc-847f-4121-b39c-8455a7f0240e,2022-05-03 12:41:00,399dfec4-01ec-4e84-80b5-cb325d670571,1400,56,1456
20d1268f-509c-435b-a576-b4dd9dab1324,ae7befdb-3eb2-46eb-be5d-57581dd6e1ce,2022-05-03 14:40:00,399dfec4-01ec-4e84-80b5-cb325d670571,1800,72,1872
6c9ebd96-8af9-4154-9301-0299ce47ea0b,9caba1bb-73eb-4a7f-a519-ad2cf648da6f,2022-05-03 07:26:00,399dfec4-01ec-4e84-80b5-cb325d670571,600,24,624
c4d57fed-99bf-45c1-9be2-9df9235b78c8,cecb29ab-71b2-4db2-aa1c-82bbaacba8b2,2022-05-03 07:36:00,399dfec4-01ec-4e84-80b5-cb325d670571,700,28,728
e30a1a43-3ee6-4cae-895c-911b8c3a052d,66c46797-fba8-4ed2-9d78-9f782204a10c,2022-05-03 13:14:00,399dfec4-01ec-4e84-80b5-cb325d670571,1800,72,1872
5e75d932-1091-4675-8a8a-3dd17d4d46e9,59f6cd93-9ddb-4491-92fb-415d9f73dc7d,2022-05-03 08:14:00,399dfec4-01ec-4e84-80b5-cb325d670571,400,16,416
c4cb02e8-1ebd-45e4-8535-b9f4fa45d6e8,63bed2a4-3b22-40b0-ba56-8df88ee6c432,2022-05-03 12:28:00,399dfec4-01ec-4e84-80b5-cb325d670571,1100,44,1144
fd440cf4-d265-4431-b2fb-9af267160a95,bb23bd8f-2dbd-42e5-93dd-0ec45e5fecdf,2022-05-03 12:25:00,399dfec4-01ec-4e84-80b5-cb325d670571,2800,112,2912
3f7ae166-6683-4dd7-95cf-84313cef4035,df0ab0b8-fcfa-4c9e-8185-b51285182ccd,2022-05-03 07:11:00,399dfec4-01ec-4e84-80b5-cb325d670571,400,16,416
29243ad9-382c-4732-836a-75bd79c26617,2a7e56cc-6b2f-40a0-a61f-27bf37a61463,2022-05-03 07:26:00,399dfec4-01ec-4e84-80b5-cb325d670571,600,24,624
74fb8299-c985-42c8-9a3e-7249f72399fc,2cc18cd9-eca0-4f06-a2c9-5e6dc206500f,2022-05-03 13:42:00,399dfec4-01ec-4e84-80b5-cb325d670571,600,24,624
ed400b2c-2b97-4595-9d70-631c027b0723,f6b29537-3df0-46dd-ac88-a11fc5036e04,2022-05-03 07:01:00,399dfec4-01ec-4e84-80b5-cb325d670571,700,28,728
2a1ec1b0-3802-44b3-91a9-dd705707c07a,967a7022-3d32-4b50-b71a-bcf7644a97fc,2022-05-03 07:16:00,399dfec4-01ec-4e84-80b5-cb325d670571,400,16,416
22c3adda-8b25-4caa-b736-ca08cd2b525a,9492ca1a-2489-42b2-b0c9-6adacca9b1c5,2022-05-03 16:09:00,399dfec4-01ec-4e84-80b5-cb325d670571,1700,68,1768
37f0c68c-2fde-4ff5-9474-07f6f9d582d6,860569f1-2232-4cd9-9978-262abc401880,2022-05-03 15:44:00,399dfec4-01ec-4e84-80b5-cb325d670571,1700,68,1768
0dc8ca42-a3e9-4ca4-a570-11b7b14cca45,35d0363e-c8ef-4c15-bd00-9aac70b54e5d,2022-05-03 17:51:00,399dfec4-01ec-4e84-80b5-cb325d670571,600,24,624
bd1cdcc6-90da-4c79-b51b-c60f4ac746a1,446b3f9c-d290-4c3b-a93c-b329d64e2995,2022-05-03 13:03:00,399dfec4-01ec-4e84-80b5-cb325d670571,500,20,520
600a5de0-35f4-4d8d-8880-02b7c62801dd,d575cd71-0ddd-4bb1-8b77-0b5fde2bcd72,2022-05-03 10:23:00,399dfec4-01ec-4e84-80b5-cb325d670571,700,28,728
157b69d0-a7db-4b3b-9192-b4862b0a57b5,54c06357-05bb-48e5-9b6a-e20fed5ec1e8,2022-05-03 08:49:00,399dfec4-01ec-4e84-80b5-cb325d670571,600,24,624
0ab34085-f1a1-4d8e-b2bc-73d949a23b52,55517e0f-2b21-41dc-8065-d5e01b41691d,2022-05-03 16:48:00,399dfec4-01ec-4e84-80b5-cb325d670571,600,24,624
224717bc-5f03-4f8c-a177-92b164f5f546,296f6a4c-2b3f-476b-854b-0d2c759eca2b,2022-05-03 07:46:00,399dfec4-01ec-4e84-80b5-cb325d670571,400,16,416
5c539c6a-e0a2-4ebb-9a26-baac6a6ba2fd,72aeb592-96e3-45e7-aa05-21afbd37b13a,2022-05-03 16:31:00,399dfec4-01ec-4e84-80b5-cb325d670571,400,16,416
d322a954-d59e-4653-9a0e-99b609934966,22fca930-291f-4c23-a67f-13d00786a2cf,2022-05-03 07:57:00,399dfec4-01ec-4e84-80b5-cb325d670571,400,16,416
88f03d55-506c-4e5f-bf2d-dae1d58bf2ea,9515927d-5691-4b7b-a235-dffd1b58ebd2,2022-05-03 08:17:00,399dfec4-01ec-4e84-80b5-cb325d670571,500,20,520
752cf536-5217-4270-86d1-e4d11a4357ef,b6b02872-b0cd-4e89-abfb-465489960cd6,2022-05-03 07:59:00,399dfec4-01ec-4e84-80b5-cb325d670571,600,24,624
0b1caf50-f9ef-4708-b324-3d8741235fa2,4cb2e92d-fcb5-42b4-a2ee-66cf0ccbc5e1,2022-05-03 19:15:00,399dfec4-01ec-4e84-80b5-cb325d670571,1800,72,1872
4229d5d4-fe44-4d86-872e-f1fcf06f6b01,8b1d2bc3-ebe1-425b-903a-e41320247b12,2022-05-03 08:00:00,399dfec4-01ec-4e84-80b5-cb325d670571,600,24,624
f5569e57-a0e5-443a-a386-7d9d9a3bf942,c6f07dd8-f835-4d99-b7bb-8312d4a48768,2022-05-03 11:30:00,399dfec4-01ec-4e84-80b5-cb325d670571,1400,56,1456
d01d1fde-dd2f-410b-9203-97e62e2026ce,9e56e04d-0188-40ad-af1a-57ca2a3831b1,2022-05-03 07:46:00,399dfec4-01ec-4e84-80b5-cb325d670571,600,24,624
2eb755cc-ad9e-471c-af4e-76951bdfcf9e,5b02ecdc-5f45-4f12-ba3a-c3c7771c27ca,2022-05-03 11:35:00,399dfec4-01ec-4e84-80b5-cb325d670571,2300,92,2392
03661768-3067-49d4-ba1a-fc4916068639,4ba928b5-ed2b-40d8-9d0e-6832ecd0bfc5,2022-05-03 14:33:00,399dfec4-01ec-4e84-80b5-cb325d670571,500,20,520
7c976386-f62d-4a27-9d41-9e7a6b8e7eeb,aa148367-0783-4df7-86ab-187e074f6b1e,2022-05-03 09:22:00,399dfec4-01ec-4e84-80b5-cb325d670571,500,20,520
5a2e82da-1ce4-4d5e-9b87-592ebb810a19,8642eec3-2ef9-4242-8bd3-867d12ebf55f,2022-05-03 12:27:00,399dfec4-01ec-4e84-80b5-cb325d670571,500,20,520
564214d8-1c7a-4233-84d3-7b4eec707bda,8c84dcd6-b688-4626-9015-e867dc2f3b84,2022-05-03 15:36:00,399dfec4-01ec-4e84-80b5-cb325d670571,600,24,624
f45040a0-e02b-4a24-b72d-3afd13999eef,04118228-dc07-47b3-aa7d-8af1dd2612fc,2022-05-03 09:43:00,399dfec4-01ec-4e84-80b5-cb325d670571,600,24,624
06742e4b-4f28-4932-bc86-23969b30466d,3b038156-d454-4b44-b32d-706f0f2da264,2022-05-03 17:54:00,399dfec4-01ec-4e84-80b5-cb325d670571,600,24,624
894afa26-c9c0-440d-a318-9e18c7fe63bb,c80f7422-fd62-4bf9-aa1f-e01de5afd158,2022-05-03 12:52:00,399dfec4-01ec-4e84-80b5-cb325d670571,700,28,728
450f03a8-264e-40c3-9048-6400f28681a4,affa333a-aadc-487a-8191-7eb17fc5d1a3,2022-05-03 19:22:00,399dfec4-01ec-4e84-80b5-cb325d670571,400,16,416
e8ffcf89-1cb1-4ab2-bec5-326eb127d9d3,62535265-3e0d-4546-bd87-83f41ff4ab86,2022-05-03 12:27:00,399dfec4-01ec-4e84-80b5-cb325d670571,500,20,520
10266f63-47b4-4fd4-88ff-dbd2b5ef8654,81f3d088-3350-4505-b96b-337f89915135,2022-05-03 11:06:00,399dfec4-01ec-4e84-80b5-cb325d670571,400,16,416
cca7adeb-9b9d-4f5f-adca-4bad3240461d,e6f54082-ac4d-47e8-ac20-39c78a44cf2f,2022-05-03 14:51:00,399dfec4-01ec-4e84-80b5-cb325d670571,500,20,520
edb45763-bbca-4a2d-86c8-261c0307c263,2592a05c-b816-4d42-9094-6c4cc1233fb8,2022-05-03 11:29:00,399dfec4-01ec-4e84-80b5-cb325d670571,600,24,624
2c1fd673-1672-4a01-a482-0eb2aa182f4c,792943df-db3f-4147-9a2e-52694cbb3f9f,2022-05-03 13:20:00,399dfec4-01ec-4e84-80b5-cb325d670571,700,28,728
8ba3202b-c7d4-4d85-a57c-9c9e2357ae86,1d2bee3a-184a-4cb2-80b3-1dce38b22d22,2022-05-03 07:12:00,399dfec4-01ec-4e84-80b5-cb325d670571,700,28,728
baccd873-32af-4ec5-88d1-1e7c2503e0e4,0d254581-4e34-49a1-8bc2-6664080e7c63,2022-05-03 11:44:00,399dfec4-01ec-4e84-80b5-cb325d670571,700,28,728
a3942e6a-56da-4969-8425-67e470683ce2,bed25d79-2540-4845-bba9-bf545aa212d5,2022-05-03 07:54:00,399dfec4-01ec-4e84-80b5-cb325d670571,400,16,416
a6cc4c02-8a32-4f81-a052-faf4bdc1cdba,d48b8bc6-6b9c-4ea5-ba1f-178d499d6e3c,2022-05-03 08:27:00,399dfec4-01ec-4e84-80b5-cb325d670571,700,28,728
e6e0c810-c435-4aa9-8ac5-5c468991bf81,6f365f6f-1754-4a30-bcde-ebbb019f50cb,2022-05-03 16:52:00,399dfec4-01ec-4e84-80b5-cb325d670571,600,24,624
e73c6152-c4a4-436b-a5f9-18ca11c43743,47202b7f-f02c-4fa7-bc76-f0a8a6c3c6f4,2022-05-03 18:17:00,399dfec4-01ec-4e84-80b5-cb325d670571,2000,80,2080
8cfe4d30-c4fa-4e2f-a990-0cf62e0b16e8,cc305b23-814f-4328-9ed6-a264c0273f45,2022-05-03 11:36:00,399dfec4-01ec-4e84-80b5-cb325d670571,1100,44,1144
a5f8601a-aee1-47a0-9977-ce8afd3ad993,dc9a9021-d724-497c-9335-ff3a0ee8506e,2022-05-03 10:49:00,399dfec4-01ec-4e84-80b5-cb325d670571,400,16,416
80290f84-4cb3-467a-9094-149f7cabaa18,1a397e98-a315-410a-a7b9-84e908831ab2,2022-05-03 12:59:00,399dfec4-01ec-4e84-80b5-cb325d670571,1800,72,1872
18647bf4-fb81-4e57-bd20-e2e920952b7c,c806e9ec-86a1-49ff-bccd-d1b29cb94e49,2022-05-03 13:42:00,399dfec4-01ec-4e84-80b5-cb325d670571,700,28,728
dd798326-61cb-4f4c-80b3-d055740cbb32,41987941-1c75-4899-82ce-059f829fe6a7,2022-05-03 17:10:00,399dfec4-01ec-4e84-80b5-cb325d670571,1600,64,1664
2801248f-1165-4341-afcc-4cd425719bae,42edd54e-81f6-441b-8544-03202ee1758b,2022-05-03 07:27:00,399dfec4-01ec-4e84-80b5-cb325d670571,400,16,416
11066137-830b-4918-802b-5997bfefcd3e,27d02c94-a3b6-42e8-9008-fa7ce7a0733b,2022-05-03 11:36:00,399dfec4-01ec-4e84-80b5-cb325d670571,2100,84,2184
bfa0acc1-61cc-4bcf-8cd9-0e28d792981c,31fb652a-56da-44e9-a049-706d14e65f47,2022-05-03 16:27:00,399dfec4-01ec-4e84-80b5-cb325d670571,1600,64,1664
51f88368-274b-4e9c-862e-c809d43475a7,bd71fb03-b338-4c1f-a560-f9b491c9b18b,2022-05-03 12:52:00,399dfec4-01ec-4e84-80b5-cb325d670571,600,24,624
288a30d5-70a8-4930-9743-1ffc8275ab76,8eaa6afd-6912-40d4-89a5-25edd3277057,2022-05-03 07:31:00,399dfec4-01ec-4e84-80b5-cb325d670571,700,28,728
150b2a93-5cbc-4554-8824-433cc763e157,047917ca-7ab2-453c-9301-f95121c3fe26,2022-05-03 18:00:00,399dfec4-01ec-4e84-80b5-cb325d670571,600,24,624
06172805-c46a-42cd-b3eb-bf59de628efb,da1f4cec-6a00-4809-9474-e6f12290b50a,2022-05-03 08:41:00,399dfec4-01ec-4e84-80b5-cb325d670571,400,16,416
8783cefc-03b3-4849-adc5-ffa8c3224506,c30e2f33-d889-44eb-966b-5d322f423144,2022-05-03 12:19:00,399dfec4-01ec-4e84-80b5-cb325d670571,2500,100,2600
fd33fc46-a573-4d91-b2df-f8d4f3be4dc9,d2bca176-3811-48af-8634-7e79b1e71005,2022-05-03 07:39:00,399dfec4-01ec-4e84-80b5-cb325d670571,700,28,728
9a411753-ebb7-4d5d-bd42-390ffacb6731,aa619249-0107-432a-b657-1cd8066c6cf1,2022-05-03 08:19:00,399dfec4-01ec-4e84-80b5-cb325d670571,600,24,624
58759adc-60c2-45e1-bde6-3d4ac9c9bb58,8a30d95d-a13d-4ac7-94bd-492255495aa0,2022-05-03 08:32:00,399dfec4-01ec-4e84-80b5-cb325d670571,600,24,624
e102f334-1661-4fb2-8a63-b7a1363d9811,e8433fb9-0159-4aab-891c-4ccd4936cda3,2022-05-03 13:20:00,399dfec4-01ec-4e84-80b5-cb325d670571,2000,80,2080
ef0efc77-b7b8-4760-a7cf-e71db8bab754,32493412-a54d-44b7-be0f-be74f4848984,2022-05-03 13:39:00,399dfec4-01ec-4e84-80b5-cb325d670571,600,24,624
0774592f-9bdc-48aa-a001-4fd13fcf31c8,c2122736-645f-4e2c-8798-f50a038cd3ac,2022-05-03 08:00:00,399dfec4-01ec-4e84-80b5-cb325d670571,600,24,624
5eece9a8-f651-4ea0-8d82-ef3dc082a467,80ca21f8-93e5-495d-bb56-054227484bee,2022-05-03 08:53:00,399dfec4-01ec-4e84-80b5-cb325d670571,600,24,624
ad24771f-3b99-4e82-b009-642922b814a2,c5eee5d1-adab-4f6c-b0f6-f734e29aaeb9,2022-05-03 15:37:00,399dfec4-01ec-4e84-80b5-cb325d670571,700,28,728
8b8c9a59-241a-45b3-9e34-a1367ddbcac4,2ac5af80-e8de-4e6b-bf57-7946a6ffa134,2022-05-03 10:21:00,399dfec4-01ec-4e84-80b5-cb325d670571,600,24,624
5dcba337-295c-4194-bf8c-7d7a52d91dce,31bcc2b0-1949-4bf8-b3a1-bba8b307b63b,2022-05-03 17:39:00,399dfec4-01ec-4e84-80b5-cb325d670571,2100,84,2184
8bf52318-d06f-42e4-a25a-bc6b367db1fa,02d95fd6-1019-4486-b901-bb53f5b8a321,2022-05-03 07:00:00,399dfec4-01ec-4e84-80b5-cb325d670571,600,24,624
5971083b-5bf0-4c57-a66e-c79319831ed9,bfc3820c-66de-4a51-910b-4ddc3d9ccc64,2022-05-03 18:35:00,399dfec4-01ec-4e84-80b5-cb325d670571,1500,60,1560
c271c2ae-62cd-4f63-8b40-3a58dba845b6,f562c197-2120-4bc3-ad48-f86f3af31d93,2022-05-03 15:19:00,399dfec4-01ec-4e84-80b5-cb325d670571,1000,40,1040
617307b5-e1f6-413f-af30-a60cb2dcfe40,9d5d41c1-38c8-4da6-9be9-23487ec0ea78,2022-05-03 16:29:00,399dfec4-01ec-4e84-80b5-cb325d670571,600,24,624
1136a439-c733-4fc3-a191-a158c6b496dd,0e83b29c-870a-4a62-a84b-e7db2a461c34,2022-05-03 14:52:00,399dfec4-01ec-4e84-80b5-cb325d670571,700,28,728
8f5c9a60-25bd-472b-a935-30b4b9dbe98c,4e2f586d-21cc-44d0-8ba0-0ab553f89593,2022-05-03 07:54:00,399dfec4-01ec-4e84-80b5-cb325d670571,400,16,416
679a6337-83d1-46dc-8389-ccb16f8749b8,8e38740b-b208-41d8-842e-1d3adbc0061f,2022-05-03 19:47:00,399dfec4-01ec-4e84-80b5-cb325d670571,700,28,728
eddb3e83-b070-4981-8eb4-6643b152442d,8ca41c27-cf82-46d7-a704-e9548ff9b94d,2022-05-03 12:44:00,399dfec4-01ec-4e84-80b5-cb325d670571,3600,144,3744
3224adfc-e720-44e9-b163-20d30d123b41,6fe3333d-6a89-4f8d-8dc0-da6859f4e921,2022-05-03 09:39:00,399dfec4-01ec-4e84-80b5-cb325d670571,600,24,624
0d2586f6-0954-4bcc-9c12-132df6f83e67,4c7de6c4-7bb8-4a14-a7e5-7073faf72cfe,2022-05-03 17:02:00,399dfec4-01ec-4e84-80b5-cb325d670571,1700,68,1768
b1f9aca3-7eef-4242-a430-97817148ea93,4c902353-eb78-41c4-bdea-e19c5de3d638,2022-05-03 16:29:00,399dfec4-01ec-4e84-80b5-cb325d670571,1900,76,1976
ab118d60-7998-4c40-8231-fb02f90ec59b,35c48889-9128-49d3-8202-144e3434c195,2022-05-03 08:12:00,399dfec4-01ec-4e84-80b5-cb325d670571,600,24,624
a9537656-8ac7-45d5-8c84-6ad42e0cea95,337caee2-578d-4ff8-8415-bdd171629624,2022-05-03 08:08:00,399dfec4-01ec-4e84-80b5-cb325d670571,700,28,728
52ea2c3c-1f8b-4968-8ce0-ec2dad204d6d,df7ab85e-a71c-404b-a801-79763e8311d0,2022-05-03 08:09:00,399dfec4-01ec-4e84-80b5-cb325d670571,600,24,624
5a9addc1-80f2-4e65-a505-ec619444a5cc,56523397-5a78-44eb-8c6e-4f63400a088e,2022-05-03 07:25:00,399dfec4-01ec-4e84-80b5-cb325d670571,400,16,416
0aadfaa7-1926-4307-9b18-ad9980b9c786,b9892ed8-d7b1-4b54-8ca3-f2eff400a3a2,2022-05-03 07:52:00,399dfec4-01ec-4e84-80b5-cb325d670571,500,20,520
a3543d66-7cb0-4d2d-97a4-811839432fa4,10bc48fd-188c-4186-bd31-1e725010e285,2022-05-03 13:17:00,399dfec4-01ec-4e84-80b5-cb325d670571,600,24,624
39353c1c-b558-4ca1-a93c-86dc984d4aad,629f5d40-70a3-46cc-aa4e-e07f822098ad,2022-05-03 07:42:00,399dfec4-01ec-4e84-80b5-cb325d670571,400,16,416
21e257f6-be79-49aa-b56e-423b8eae49c8,7a2ce05d-aa5b-4c52-95e2-fad4eea5312d,2022-05-03 11:49:00,399dfec4-01ec-4e84-80b5-cb325d670571,700,28,728
1af87c5e-750a-4d99-aa5e-52c3d6c0e32f,94fa38c4-08f6-410a-a684-f73ecb423350,2022-05-03 11:26:00,399dfec4-01ec-4e84-80b5-cb325d670571,4700,188,4888
3a205a15-1dc6-420a-a0eb-9b98a25c08da,01ad5e63-5943-467e-a1d9-f9658ba260eb,2022-05-03 07:07:00,399dfec4-01ec-4e84-80b5-cb325d670571,600,24,624
78ec63bf-c26c-4924-ab21-cdf23d5585c8,92463bef-cee2-41ce-be98-e21ffd7897bf,2022-05-03 12:00:00,399dfec4-01ec-4e84-80b5-cb325d670571,900,36,936
d1bf895b-0669-4ccd-bf36-c16f6a6f1e97,d787287a-9b36-46ee-8c9a-3425302d81bc,2022-05-03 09:01:00,399dfec4-01ec-4e84-80b5-cb325d670571,400,16,416
564f418d-047b-4b5e-88ad-aaa196e1625f,f8fa33a8-b390-4666-87a1-cebd987d2dee,2022-05-03 08:15:00,399dfec4-01ec-4e84-80b5-cb325d670571,700,28,728
b0e8d7d1-c27f-4835-93ea-8ce5dfe75cbe,fab0de85-1e9d-4a30-abed-e99da282f7a9,2022-05-03 13:29:00,399dfec4-01ec-4e84-80b5-cb325d670571,3000,120,3120
881b1c10-2bca-40a4-9e58-7ff8c0513cef,4820e533-6ef9-474a-93c4-7d85c2f425a1,2022-05-03 15:26:00,399dfec4-01ec-4e84-80b5-cb325d670571,600,24,624
062e5f50-73ea-4578-9a1d-d73801a7f9b8,c1aa660d-8170-481b-b06b-b8fd060c8140,2022-05-03 08:27:00,399dfec4-01ec-4e84-80b5-cb325d670571,1400,56,1456
80c4ab19-fd7e-4f7d-b956-cde2d8d08932,fe5970a8-ffd4-4560-8321-418435f93f1d,2022-05-03 07:00:00,399dfec4-01ec-4e84-80b5-cb325d670571,600,24,624
9edbe6f9-37b3-4ffd-80cd-6e69ad44bb15,fc10183f-d1a5-4d89-8215-35d052711ca7,2022-05-03 14:08:00,399dfec4-01ec-4e84-80b5-cb325d670571,2200,88,2288
f75e8b6b-2b60-4beb-aed2-d979933c1031,175b56d1-f0a1-4312-80d4-933a026c0757,2022-05-03 07:32:00,399dfec4-01ec-4e84-80b5-cb325d670571,400,16,416
49f2bf0f-6321-45d2-864d-c39c221f5572,3717e873-e6ac-472e-a8d7-fcf18a19a352,2022-05-03 14:09:00,399dfec4-01ec-4e84-80b5-cb325d670571,1200,48,1248
f20c491a-d914-4f81-905e-20660952c2e1,393e344b-01f0-4b0f-8532-6a69f5448868,2022-05-03 08:23:00,399dfec4-01ec-4e84-80b5-cb325d670571,500,20,520
02a9a0e8-22a0-4980-afad-5dbbef66d742,f7e7396b-020c-4ce3-876c-1598ff603f5c,2022-05-03 10:41:00,399dfec4-01ec-4e84-80b5-cb325d670571,1100,44,1144
fda152b5-1a2f-48cf-bfcc-9be005ec348d,88d6b3c9-5501-4dcc-8870-88d2b5a7d2b7,2022-05-03 07:52:00,399dfec4-01ec-4e84-80b5-cb325d670571,600,24,624
698cc0e5-8240-4599-b829-108df9b138c7,56ca389d-e4ed-4ef5-aad9-06921244e5fa,2022-05-03 16:12:00,399dfec4-01ec-4e84-80b5-cb325d670571,600,24,624
7f3d8858-bde2-490e-b9ea-c16f0fb35be0,c60b2684-3387-4c5b-9304-ce101427a10e,2022-05-03 08:18:00,399dfec4-01ec-4e84-80b5-cb325d670571,600,24,624
dd92000f-4313-4460-b8ce-e0024e1d3f36,6ebef4bf-63b8-4e88-a3ee-5371e37ad7d2,2022-05-03 12:46:00,399dfec4-01ec-4e84-80b5-cb325d670571,400,16,416
cc7479ef-0e1a-4e0b-b3b8-159318f2a359,5d3136b5-04d4-48ff-a1bb-e79686ef32d5,2022-05-03 11:14:00,399dfec4-01ec-4e84-80b5-cb325d670571,2800,112,2912
b2112918-8c3b-4f53-b2d9-ae3ea5ac490b,874debbd-986d-4578-8143-0637382cad0d,2022-05-03 13:33:00,399dfec4-01ec-4e84-80b5-cb325d670571,900,36,936
e73be6f1-88a1-435d-9eca-1572cad14412,49c762bb-3c37-4b70-89e7-915b46aea67e,2022-05-03 17:52:00,399dfec4-01ec-4e84-80b5-cb325d670571,1400,56,1456
ace88880-3ca5-46e4-8184-f66c11e3192e,82490db6-c9bd-4a9c-a119-f07fbf6a46b5,2022-05-03 07:46:00,399dfec4-01ec-4e84-80b5-cb325d670571,600,24,624
3aa2e22a-4102-4dfe-a1f3-6c1019edd6eb,6be14bf4-3d0e-4952-bf65-4c65a84d6317,2022-05-03 07:33:00,399dfec4-01ec-4e84-80b5-cb325d670571,600,24,624
3616a692-13d1-450a-b98c-5faee82dbd22,58ad3080-6386-4389-b206-731a5696a3b1,2022-05-03 17:36:00,399dfec4-01ec-4e84-80b5-cb325d670571,1600,64,1664
cb83dfe9-228d-466d-b27d-9f9594c17f10,c1b18263-70bc-4b00-99a6-4f17212b6651,2022-05-03 15:11:00,399dfec4-01ec-4e84-80b5-cb325d670571,600,24,624
fb3de8f3-6c08-44a8-864c-ffeef4528cdf,638b7677-d131-4292-886e-bf9c8d6b99ba,2022-05-03 07:03:00,399dfec4-01ec-4e84-80b5-cb325d670571,400,16,416
b5aff046-d4c3-45ce-a9e2-26ab8594a156,7f2bc1a6-5b0e-4be8-8a21-d5c3591749cb,2022-05-03 14:37:00,399dfec4-01ec-4e84-80b5-cb325d670571,600,24,624
bac58259-942a-4d93-8ee1-af5b2dc48a0e,38b04a00-25c3-4cc0-9de5-c5c9807752fb,2022-05-03 13:30:00,399dfec4-01ec-4e84-80b5-cb325d670571,1900,76,1976
0aed3196-ebb6-42fd-9a21-c59786f71298,f256cbdd-6aa1-4b99-a1c6-9ab67f9c3223,2022-05-03 14:54:00,399dfec4-01ec-4e84-80b5-cb325d670571,1900,76,1976
d055d805-2624-45ec-b9f7-5bd8d198bb5e,3dfec5a1-2732-414d-82de-29395c432266,2022-05-03 08:14:00,399dfec4-01ec-4e84-80b5-cb325d670571,500,20,520
49352f05-8a82-4c75-9aed-5bdb7f77c7d0,e9ef1eb3-db11-4e4b-b0f6-55acc47d73e7,2022-05-03 18:47:00,399dfec4-01ec-4e84-80b5-cb325d670571,600,24,624
e63d3b1f-0dd4-404c-8eb2-624f449d94a9,87d299e0-d1b9-48df-9374-deebc903fcec,2022-05-03 15:56:00,399dfec4-01ec-4e84-80b5-cb325d670571,500,20,520
f4b4336c-f92d-4ead-8d15-933bd155bcd8,b741bbdf-2063-4577-a506-c8982e3a0323,2022-05-03 07:09:00,399dfec4-01ec-4e84-80b5-cb325d670571,600,24,624
1b212db4-dceb-47d4-8d84-2296bd67390d,47102ecf-be37-4a37-adaa-b5ed933ebf2a,2022-05-03 11:40:00,399dfec4-01ec-4e84-80b5-cb325d670571,400,16,416
7dfec764-d14b-4b83-9d62-60f84bf3934c,7b4451d7-07ec-4286-8bfa-d625ce343ee2,2022-05-03 12:56:00,399dfec4-01ec-4e84-80b5-cb325d670571,1100,44,1144
8adc790e-fbaa-4280-a96a-094f8c34bec3,47712520-fdeb-4483-bc9c-cbd3d715ddd0,2022-05-03 14:20:00,399dfec4-01ec-4e84-80b5-cb325d670571,600,24,624
5a5c04a7-6c00-4ebf-ad38-ce3f64eef3da,3e144863-036b-4f7e-8ab5-d3d4a50195f7,2022-05-03 14:00:00,399dfec4-01ec-4e84-80b5-cb325d670571,600,24,624
f2892a8e-125c-4c27-8971-d32935258e09,efd0fccf-5287-4ba1-83d3-390d49c76861,2022-05-03 07:20:00,399dfec4-01ec-4e84-80b5-cb325d670571,700,28,728
3e4e25af-aa38-46ce-8594-a65f4e5e5815,37bd0e89-13c9-413d-bad1-249eebfd1bd3,2022-05-03 15:42:00,399dfec4-01ec-4e84-80b5-cb325d670571,600,24,624
9aac6a88-7c8e-482e-a92f-3f7786a2cf94,45ae3232-9552-4065-a1aa-8b670e5a0dfa,2022-05-03 19:20:00,399dfec4-01ec-4e84-80b5-cb325d670571,1700,68,1768
007fea02-f9df-461f-aa80-4651c1b7e959,bb9d7ade-1359-411a-b0e7-e27c37588d1c,2022-05-03 08:51:00,399dfec4-01ec-4e84-80b5-cb325d670571,500,20,520
0e714b68-1f7b-42f1-a5d2-d07b4b2cb62e,a357ce93-5d89-46aa-a14e-af795d356c1f,2022-05-03 10:42:00,399dfec4-01ec-4e84-80b5-cb325d670571,2600,104,2704
51f7e2b8-8f00-42fa-aeb3-19096b4619d5,419d1cd0-c9ee-4c57-9ce9-f01e6a0c4637,2022-05-03 07:19:00,399dfec4-01ec-4e84-80b5-cb325d670571,600,24,624
434b899e-ddcb-456e-9fda-b05990e218a5,9385e880-136f-4853-bb94-87d293e455f9,2022-05-03 14:25:00,399dfec4-01ec-4e84-80b5-cb325d670571,1500,60,1560
099ff3ba-3219-4e47-a880-825ab25bb3e6,094b3055-b2cc-40f4-beaa-4b479baede47,2022-05-03 12:46:00,399dfec4-01ec-4e84-80b5-cb325d670571,400,16,416
cfae18de-a84d-44d4-b709-bf696fdd1964,9350c210-10a7-4b2f-ba74-5f52c9f4319b,2022-05-03 15:29:00,399dfec4-01ec-4e84-80b5-cb325d670571,1300,52,1352
d4638e20-cbf2-40a5-a492-12fb785844f1,2e115436-fac0-48c1-8088-4a199e32aeb8,2022-05-03 08:43:00,399dfec4-01ec-4e84-80b5-cb325d670571,700,28,728
1bf521db-6184-4202-8328-0d82ab8fce5d,b5cf197e-940c-48e2-b168-b2b93b207616,2022-05-03 14:59:00,399dfec4-01ec-4e84-80b5-cb325d670571,400,16,416
17e2cbf8-e01e-4130-86d2-d7287b3a90ff,5436b071-d444-4632-9ab0-847c7a37dc90,2022-05-03 12:02:00,399dfec4-01ec-4e84-80b5-cb325d670571,1100,44,1144
49e5ac88-d7d2-4a32-9dfc-615b10ad06cb,60a8ecd6-8c8f-4548-a548-223aa3c4717f,2022-05-03 08:01:00,399dfec4-01ec-4e84-80b5-cb325d670571,700,28,728
9710c341-d193-4386-bb53-03bbc434c77d,9f087b1a-7a86-434b-8ca0-08a841b45429,2022-05-03 08:39:00,399dfec4-01ec-4e84-80b5-cb325d670571,400,16,416
c22b482f-1426-4cf5-a533-cc6df8998ecf,b259e63d-c998-4f0c-ab7f-8d3a22fd7aa7,2022-05-03 14:53:00,399dfec4-01ec-4e84-80b5-cb325d670571,600,24,624
0ada9702-26bb-42c0-a6b2-89657cbc448e,6fadd350-0f6a-4d1d-bedc-1227fa69f959,2022-05-03 09:38:00,399dfec4-01ec-4e84-80b5-cb325d670571,600,24,624
a49cce62-2dd9-4b46-ad88-17f9b24b4e45,d21877bf-b729-4e1d-bc29-a1f08b1cece4,2022-05-03 19:09:00,399dfec4-01ec-4e84-80b5-cb325d670571,1600,64,1664
9eb95b0f-38ca-4a4a-9723-e63cf985d37d,d7be0311-c786-4146-a16e-26ffa7c8db08,2022-05-03 13:56:00,399dfec4-01ec-4e84-80b5-cb325d670571,1000,40,1040
2c50c34f-ac2b-4648-bceb-c776eb1121d4,733bc17a-6b25-4b2f-9d45-bfe808dc93c0,2022-05-03 12:24:00,399dfec4-01ec-4e84-80b5-cb325d670571,400,16,416
ddb4a9a0-21cf-4a03-b64f-81bd8f70545a,5df5dc39-24da-42e2-b37a-b4d4018ed856,2022-05-03 12:37:00,399dfec4-01ec-4e84-80b5-cb325d670571,900,36,936
fab703e0-1a46-4ec0-bad7-9f66b1626d73,21b796ce-f7e3-447f-b2fc-b7ab9e3f0d85,2022-05-03 16:53:00,399dfec4-01ec-4e84-80b5-cb325d670571,800,32,832
aacc6a08-1e6f-40f5-ba58-412577557c14,5e65c6d6-a81f-4cee-b034-51aa45e41b4e,2022-05-03 08:02:00,399dfec4-01ec-4e84-80b5-cb325d670571,600,24,624
94806a44-7ca9-40d1-98e6-58e0b0bbc62c,b1cabaa2-6a94-4142-a4be-2bf09e3bb6b2,2022-05-03 09:39:00,399dfec4-01ec-4e84-80b5-cb325d670571,600,24,624
a095dced-cbf1-4aef-bd7a-92bd521b1dab,408711a0-3260-472a-86c1-07325f01dad7,2022-05-03 17:43:00,399dfec4-01ec-4e84-80b5-cb325d670571,600,24,624
0f200e36-2da1-485b-9f1b-74f57b116e66,749e2083-d8e9-4bad-aa5b-548cf20a6c12,2022-05-03 19:50:00,399dfec4-01ec-4e84-80b5-cb325d670571,400,16,416
e594f677-c75c-4965-8e82-62f9fd49da0c,6f03b818-c7d4-4b58-9d22-0b2e4f095638,2022-05-03 17:02:00,399dfec4-01ec-4e84-80b5-cb325d670571,1900,76,1976
92c32aa3-370e-4ca2-9d60-6b7f5c515471,7ff9d476-6e5a-4127-b544-2e2d564cb581,2022-05-03 07:18:00,399dfec4-01ec-4e84-80b5-cb325d670571,1100,44,1144
68364776-4821-41f9-b9fd-aabd5118deeb,06428c6a-1380-424a-b43e-4531141be890,2022-05-03 08:24:00,399dfec4-01ec-4e84-80b5-cb325d670571,400,16,416
ba679b8a-5cbb-4200-ae33-87927c12be1c,347937b1-a1e4-465a-8806-694910b7f61d,2022-05-03 08:29:00,399dfec4-01ec-4e84-80b5-cb325d670571,700,28,728
d4c342e4-d01d-4d88-8a0d-a8cb99528233,32074f1f-acff-4079-893d-b5ad4572a8c4,2022-05-03 11:00:00,399dfec4-01ec-4e84-80b5-cb325d670571,500,20,520
94b7ad06-44de-4167-ac40-35e4377a4e1f,16b577c9-c1e2-4734-82e4-ca1c0c0fa7c3,2022-05-03 12:01:00,399dfec4-01ec-4e84-80b5-cb325d670571,1500,60,1560
68281908-5fab-4c36-b147-4a73cb486008,c8f546ab-e1bc-475e-951f-b7d04fedfd6c,2022-05-03 15:14:00,399dfec4-01ec-4e84-80b5-cb325d670571,700,28,728
ddeae7b3-884d-4c15-bd91-7a7ae4512a3a,2d58c862-6caf-4e9a-acfe-df194768718b,2022-05-03 14:51:00,399dfec4-01ec-4e84-80b5-cb325d670571,500,20,520
d9563c3b-70f7-43c2-8ddf-55f90d70aba4,372b862f-2875-4256-a3ad-90a3f9022324,2022-05-03 17:04:00,399dfec4-01ec-4e84-80b5-cb325d670571,400,16,416
8d943677-15b6-4ff0-af65-adc00d941efa,5df40cff-214e-4d3c-a396-ebefd20fb640,2022-05-03 17:08:00,399dfec4-01ec-4e84-80b5-cb325d670571,1700,68,1768
7cfaced6-e30b-4502-b7dc-6532c6df74ea,bfc8a6f1-55b6-4f9b-b049-f0bc3483043f,2022-05-03 16:07:00,399dfec4-01ec-4e84-80b5-cb325d670571,400,16,416
87d9243e-5115-49d7-a486-e331e96e064c,fa3865dd-9ba6-49bf-b39a-bfcfd61455ba,2022-05-03 10:06:00,399dfec4-01ec-4e84-80b5-cb325d670571,700,28,728
18db0d6a-f505-467d-81ca-7f82fa4372b4,0c09e98e-c49b-4490-bccd-36d7bbf30674,2022-05-03 10:21:00,399dfec4-01ec-4e84-80b5-cb325d670571,1800,72,1872
b6c39467-1c60-46a4-ae5c-04f85bcc8da2,0b7b056b-c902-4224-87b7-f0310af14cd2,2022-05-03 08:15:00,399dfec4-01ec-4e84-80b5-cb325d670571,600,24,624
ab1bdf17-13b6-4c2a-b914-e14cc83ff80d,e467d5f6-66ab-4541-a74a-f1ba6235240e,2022-05-03 14:55:00,399dfec4-01ec-4e84-80b5-cb325d670571,600,24,624
29b38cf7-725e-4346-83c0-be2b05de357b,49d45173-97fb-46fa-b7ab-351eade2898d,2022-05-03 08:39:00,399dfec4-01ec-4e84-80b5-cb325d670571,600,24,624
5d6c4671-a637-47d3-9b4a-7aebbb47db94,7e04fe6b-5f22-46bc-b418-22d60ac811c0,2022-05-03 08:18:00,399dfec4-01ec-4e84-80b5-cb325d670571,700,28,728
527b696a-c50a-41d1-9549-dabd7b82d1a2,c277e494-ed67-421f-9c0a-78ec662fc165,2022-05-03 13:11:00,399dfec4-01ec-4e84-80b5-cb325d670571,400,16,416
430cd9ed-f82d-4e58-bc68-36eeb061d240,3f28bdb7-15a1-4281-8a5c-4c2c2f849c7d,2022-05-03 14:11:00,399dfec4-01ec-4e84-80b5-cb325d670571,1500,60,1560
0fa089a8-e9e9-40e0-98a7-7b6415b37efd,996a6380-67cd-421a-8260-817f6575b769,2022-05-03 08:06:00,399dfec4-01ec-4e84-80b5-cb325d670571,600,24,624
102aa786-7799-4925-af1f-38ece68aa50f,54a36478-eb04-47c1-a91f-4eaff1d02fef,2022-05-03 14:26:00,399dfec4-01ec-4e84-80b5-cb325d670571,1600,64,1664
953db3a9-436b-4af6-9376-815648643ede,22b25d92-e3ad-493e-84b7-02c1c5bc99c4,2022-05-03 13:45:00,399dfec4-01ec-4e84-80b5-cb325d670571,1700,68,1768
ca66ccea-0567-4ae0-b986-58a44a71eca4,b255511e-5860-44d3-9bc8-07434bb0377c,2022-05-03 08:00:00,399dfec4-01ec-4e84-80b5-cb325d670571,600,24,624
45c90db2-9b57-4255-bef8-0cc6aa8c8250,a4bba0f7-6122-4743-ac59-f8ba8c5a721a,2022-05-03 10:29:00,399dfec4-01ec-4e84-80b5-cb325d670571,2300,92,2392
69dcf3ca-6806-461d-88fb-dcfad9822090,0b8d755b-5279-44f7-bac8-81c2738b1111,2022-05-03 08:02:00,399dfec4-01ec-4e84-80b5-cb325d670571,500,20,520
29161cbb-9a77-4e4c-b59f-02a02b316d75,58ce6298-8492-452a-9f99-a55d99e454e4,2022-05-03 07:20:00,399dfec4-01ec-4e84-80b5-cb325d670571,500,20,520
48132cc0-57c1-4877-b7e4-118e3067e94e,79119db4-69f9-449e-8ce8-a993232bd6f6,2022-05-03 07:00:00,399dfec4-01ec-4e84-80b5-cb325d670571,500,20,520
afa8a55a-8782-4a0b-8dbe-9595bbd3e8a2,b04d849b-94c4-43b6-86ed-cf26dbe24ee8,2022-05-03 08:16:00,399dfec4-01ec-4e84-80b5-cb325d670571,500,20,520
ab94e28f-2c1d-4a5c-ac68-ca7bf8287241,2ae61282-d749-4519-ba0e-6c7e550c7eab,2022-05-03 11:54:00,399dfec4-01ec-4e84-80b5-cb325d670571,700,28,728
de859196-02be-4f01-bca6-db8492a679cd,d663fbbf-6362-4dc0-9cff-3f3e00effccc,2022-05-03 16:13:00,399dfec4-01ec-4e84-80b5-cb325d670571,1600,64,1664
cb1170d8-450b-46bd-9da1-15f5070da346,800e0e83-395f-4b3b-9632-78c5071b6fd6,2022-05-03 10:52:00,399dfec4-01ec-4e84-80b5-cb325d670571,600,24,624
9c8012bb-c246-43c4-989b-12ae51730e3e,6093872b-6ea0-43af-943c-43da73d77c8a,2022-05-03 13:02:00,399dfec4-01ec-4e84-80b5-cb325d670571,1900,76,1976
2b9372f0-fdd3-4ed3-b14d-d94d0792d8cc,e0bed291-1c5f-4aa1-aa2d-c171134f4e2a,2022-05-03 12:07:00,399dfec4-01ec-4e84-80b5-cb325d670571,1600,64,1664
018868dc-7f15-4213-a32c-5783a35e234c,00fe0742-ca1a-462a-ab05-2297bc4cded9,2022-05-03 11:10:00,399dfec4-01ec-4e84-80b5-cb325d670571,600,24,624
e9afed5e-45d2-46b1-82fa-e5b535ff6bb3,6c4f79c1-c913-4599-a82a-bc6283855909,2022-05-03 07:38:00,399dfec4-01ec-4e84-80b5-cb325d670571,400,16,416
8abcb916-f817-4dc8-ae71-1bf1c84f1f91,86e797b8-17cd-4741-b470-d0aa63b5de45,2022-05-03 11:51:00,399dfec4-01ec-4e84-80b5-cb325d670571,2000,80,2080
4c62c7ad-050d-450c-b50c-1eaf0b536611,28c5e573-dbe9-49da-baa8-11eafd9e1473,2022-05-03 08:55:00,399dfec4-01ec-4e84-80b5-cb325d670571,700,28,728
b54d8488-dfc2-4bad-b92a-b015d28a5b3d,87bfb92d-66c8-4568-ad61-e0ae0730e8d0,2022-05-03 07:15:00,399dfec4-01ec-4e84-80b5-cb325d670571,600,24,624
16151554-fcfd-4502-b5b8-d7732ae5b53d,a1c6677f-446b-4940-8c40-8e018a7ca815,2022-05-03 12:26:00,399dfec4-01ec-4e84-80b5-cb325d670571,400,16,416
0c3946eb-4ac1-435f-9a3c-a5ebfcef2b85,5252229c-8816-4cc0-9061-86b844313715,2022-05-03 08:11:00,399dfec4-01ec-4e84-80b5-cb325d670571,600,24,624
b6f6c32e-8704-4e7a-bc98-9404001f3e4e,bf64fe32-6f45-493f-af8b-5a00b85148fc,2022-05-03 14:31:00,399dfec4-01ec-4e84-80b5-cb325d670571,700,28,728
304a16fb-bc26-403d-8054-6777cfda3d2b,c9b3df80-8e43-45a7-87e5-7c1202671a86,2022-05-03 07:15:00,399dfec4-01ec-4e84-80b5-cb325d670571,400,16,416
af7566c5-2615-4337-a888-4c2b01aa27b3,a17cdf1c-0c24-4309-8248-906a4e24c1ed,2022-05-03 11:40:00,399dfec4-01ec-4e84-80b5-cb325d670571,600,24,624
d9777b21-16d3-486e-9bb2-0095ddcb4ca8,6de0fa39-0254-45be-b7c2-a0e59eead219,2022-05-03 08:28:00,399dfec4-01ec-4e84-80b5-cb325d670571,600,24,624
a7ba72e1-8cca-469b-8df4-f5f5aaee237a,738675f7-5520-40c8-9a5c-cc66d9fd338c,2022-05-03 17:19:00,399dfec4-01ec-4e84-80b5-cb325d670571,1100,44,1144
314e6192-473e-45d1-9328-f3b9b6666067,f4ad4e1b-cb6c-4d4b-8292-765d32912398,2022-05-03 16:18:00,399dfec4-01ec-4e84-80b5-cb325d670571,400,16,416
a88e7a41-3036-4989-9f8f-7dee8539d3e7,09768a2d-e30f-4fba-bbea-42c4af3c16d0,2022-05-03 12:57:00,399dfec4-01ec-4e84-80b5-cb325d670571,700,28,728
67eb060f-96e4-43af-b0c0-59a668c37f78,d24e9271-8085-46c5-93e2-744d394a96ce,2022-05-03 08:03:00,399dfec4-01ec-4e84-80b5-cb325d670571,500,20,520
b6fd82d7-cd5b-4dc7-8e53-c445644fdaaf,217c5782-039f-4c87-a461-d24c4c75963e,2022-05-03 15:17:00,399dfec4-01ec-4e84-80b5-cb325d670571,1400,56,1456
bd1b968b-73a8-44c3-884a-815ff37dfb18,80eb4e1f-be85-4e2d-901d-63851a086877,2022-05-03 07:42:00,399dfec4-01ec-4e84-80b5-cb325d670571,400,16,416
4ee6547d-f4e7-4f48-b306-6e09a8948e39,93137d6e-3e68-4f5e-81a4-716212bcb9a9,2022-05-03 07:53:00,399dfec4-01ec-4e84-80b5-cb325d670571,600,24,624
8617327a-4939-4e3f-8edd-7af4b22b6af0,38812f12-33f2-493c-860e-166ea6f08176,2022-05-03 08:19:00,399dfec4-01ec-4e84-80b5-cb325d670571,600,24,624
3fa1d4b3-fc66-4046-9007-f80aa7d1338f,6160656f-db8b-4a17-8c32-1b69f0546f58,2022-05-03 08:17:00,399dfec4-01ec-4e84-80b5-cb325d670571,600,24,624
5b0f34b7-9dab-4f0d-bfe5-8fe6a07e26eb,8aa1534d-101a-4387-a192-eadb32347bf3,2022-05-03 14:22:00,399dfec4-01ec-4e84-80b5-cb325d670571,1800,72,1872
be3a05af-d2f1-47d4-b6df-22a1f76db93c,2134a68a-aebf-46d9-8143-0f110f8b4aae,2022-05-03 17:23:00,399dfec4-01ec-4e84-80b5-cb325d670571,1600,64,1664
1003a69e-d41f-47d6-8405-12b68fc20af0,e1b1bfdd-31de-442a-b9b4-d9afc8a9b68a,2022-05-03 14:29:00,399dfec4-01ec-4e84-80b5-cb325d670571,0,0,0
3d3f540e-7756-4848-80cc-801a39e4e9e5,666f2378-13e2-4fd0-ac37-36749cb0a391,2022-05-03 14:15:00,399dfec4-01ec-4e84-80b5-cb325d670571,2600,104,2704
0e348d27-3885-4383-a66c-4a920949985c,59cbf0dc-0b3a-4388-855e-5bd669cbf70f,2022-05-03 08:20:00,399dfec4-01ec-4e84-80b5-cb325d670571,600,24,624
daf0796a-515f-40a7-806b-7dd2fccc02c3,99790003-312c-4738-ac59-24de9dd5ca26,2022-05-03 14:57:00,399dfec4-01ec-4e84-80b5-cb325d670571,600,24,624
a0d5de5a-6095-4b93-b70b-9ff1166f96c6,82a6aee8-f1af-4310-ab80-7b40a6812f97,2022-05-03 08:22:00,399dfec4-01ec-4e84-80b5-cb325d670571,500,20,520
6f6eae59-4748-4309-8514-0a0a9cd5e82f,b4795940-db8c-426d-86de-443d77d52769,2022-05-03 07:40:00,399dfec4-01ec-4e84-80b5-cb325d670571,400,16,416
c6ffcee6-6815-4bfd-b762-f2e7d8edf735,aee3650e-2a29-49e6-9b76-a014fcb6f488,2022-05-03 14:38:00,399dfec4-01ec-4e84-80b5-cb325d670571,600,24,624
44cfb74e-d747-449f-b07a-22177792eea7,7000f470-f20c-406f-a4ce-0a6b949b0978,2022-05-03 19:14:00,399dfec4-01ec-4e84-80b5-cb325d670571,600,24,624
c41522a8-ca0d-4430-b1c5-0f908c834718,a49b4bb7-ff65-4e64-a8f7-d0b69f4dee4a,2022-05-03 08:12:00,399dfec4-01ec-4e84-80b5-cb325d670571,700,28,728
0a83bb5b-adaa-4161-a88b-ce7e481a76de,cca74689-b99d-4a88-80cc-7e00df041465,2022-05-03 08:16:00,399dfec4-01ec-4e84-80b5-cb325d670571,400,16,416
8cf85e15-f698-4891-94c5-805a737af422,2a9f7a07-e7b2-4ca6-a1ae-7769638025f5,2022-05-03 08:11:00,399dfec4-01ec-4e84-80b5-cb325d670571,700,28,728
6e138801-77e6-4d26-a63a-8ec6325fa75c,9ac47955-e8be-406d-b9db-02736e13e8f8,2022-05-03 18:25:00,399dfec4-01ec-4e84-80b5-cb325d670571,1800,72,1872
294f1353-4613-41ad-b5fc-49510af592ce,468da1b4-7f5f-426f-b731-0a492e5f13a6,2022-05-03 16:05:00,399dfec4-01ec-4e84-80b5-cb325d670571,1800,72,1872
981083be-b2d6-480b-b589-b2e081c6b710,38b6a9c4-770d-4115-b10f-b873e2e606a2,2022-05-03 15:09:00,399dfec4-01ec-4e84-80b5-cb325d670571,600,24,624
df7466c1-8537-40af-b5d0-2e8d67edfcc4,13b0c9ce-53dc-4c0f-8f07-e25191ae7e9e,2022-05-03 09:24:00,399dfec4-01ec-4e84-80b5-cb325d670571,500,20,520
c9b3b7f0-33df-4a5e-afc0-b684d3cd148f,06556da8-93e9-4079-85b9-c7da03ab6c4e,2022-05-03 15:49:00,399dfec4-01ec-4e84-80b5-cb325d670571,500,20,520
6db12878-8b4f-4f82-8f70-2ff8ff377112,56e90f70-5a07-4dd8-bd80-329d6cd71beb,2022-05-03 08:15:00,399dfec4-01ec-4e84-80b5-cb325d670571,700,28,728
76660355-8c7a-4431-8080-4d6363ac5f17,e7720da8-4896-4ddf-bef1-2ab577ebe12a,2022-05-03 08:12:00,399dfec4-01ec-4e84-80b5-cb325d670571,700,28,728
0dab0112-ad18-463b-ba59-4029edc6002e,85d95b80-0fe8-4c1a-9da5-c07a6f15dc08,2022-05-03 18:11:00,399dfec4-01ec-4e84-80b5-cb325d670571,600,24,624
6a892c9a-86ca-4d35-ae01-9edea644f7e4,7a7bd01a-8a8c-4d07-8806-125db5b3f93d,2022-05-03 13:23:00,399dfec4-01ec-4e84-80b5-cb325d670571,2200,88,2288
6238ea26-7ee9-4d1d-a990-efbe681fe595,74c72c23-d7fa-4e25-a8f7-99c5a52ac47a,2022-05-03 18:32:00,399dfec4-01ec-4e84-80b5-cb325d670571,600,24,624
492e9e27-83d6-404b-873c-a93efc672566,79bd7f32-cd59-4ff4-8cdd-fc7c0d35a24c,2022-05-03 07:21:00,399dfec4-01ec-4e84-80b5-cb325d670571,600,24,624
c313e516-6b94-44fb-91a8-c4a7ed541f39,6c567f96-afe7-4c61-9eb4-ae11aa33af50,2022-05-03 08:30:00,399dfec4-01ec-4e84-80b5-cb325d670571,700,28,728
5219da76-4df0-4976-b666-d1a08571729c,b6135829-98b1-474f-8e0f-c05749688ddc,2022-05-03 15:35:00,399dfec4-01ec-4e84-80b5-cb325d670571,600,24,624
1a368eb8-9f6f-4cc5-b587-057ff932fc01,b10b99c8-2ee9-49ec-b8fa-f2eeea94766b,2022-05-03 18:46:00,399dfec4-01ec-4e84-80b5-cb325d670571,600,24,624
35ba31b2-e121-4f6a-b272-ec5131b6d410,a64e639a-0cc0-475b-a94e-d09fde41e930,2022-05-03 12:58:00,399dfec4-01ec-4e84-80b5-cb325d670571,400,16,416
afe65bd0-4fdb-4db5-bdf8-ca8b6cf3d339,b17ea815-1160-488e-9080-583b70820874,2022-05-03 10:29:00,399dfec4-01ec-4e84-80b5-cb325d670571,2800,112,2912
fd267b6b-5c87-4e19-9cec-3f9e59eb21c8,cfb91507-0769-4ef6-910f-493cf5dee61d,2022-05-03 07:30:00,399dfec4-01ec-4e84-80b5-cb325d670571,400,16,416
3d40f0cf-8783-4b58-861d-339e7ac3d543,4998100c-3bd2-4aa4-a0aa-c44ccd440b9d,2022-05-03 15:21:00,399dfec4-01ec-4e84-80b5-cb325d670571,400,16,416
f6580498-ab9b-4c44-b64c-d8f5f02284cb,8087043b-2bf7-4128-b23b-491f8828ab94,2022-05-03 11:53:00,399dfec4-01ec-4e84-80b5-cb325d670571,600,24,624
d519efbc-7506-40a4-a530-4208bdaa8821,cd4b0a79-ccd3-4169-91ff-e56bddc8c450,2022-05-03 17:49:00,399dfec4-01ec-4e84-80b5-cb325d670571,1600,64,1664
bca2a9be-4d89-4472-b760-2dee7982639e,d3d911e6-991f-4a1c-9323-12711d554974,2022-05-03 17:58:00,399dfec4-01ec-4e84-80b5-cb325d670571,1000,40,1040
ab145357-678b-4f62-bb2c-aec02236bc67,ff9dbf4b-f83a-47df-8149-1d007473c13b,2022-05-03 07:47:00,399dfec4-01ec-4e84-80b5-cb325d670571,700,28,728
a6d1a333-8988-4565-99c0-6e77440f0be1,c49fc16b-3bf0-498a-b200-ab3b0a2d21fa,2022-05-03 07:44:00,399dfec4-01ec-4e84-80b5-cb325d670571,600,24,624
62ea597e-b799-4c3f-ae90-1dfc2553081a,49c08f3b-71bd-4a05-b692-45763689821a,2022-05-03 14:04:00,399dfec4-01ec-4e84-80b5-cb325d670571,700,28,728
08ce0a8e-6d24-484d-a021-80253ebc3dbf,41ceeb72-6594-49c3-aef3-ed466bac5e5f,2022-05-03 08:57:00,399dfec4-01ec-4e84-80b5-cb325d670571,3400,136,3536
455f3063-7908-414e-a14b-73008ceeef0c,6c531190-7a87-48c2-9340-eb99ffe43618,2022-05-03 08:08:00,399dfec4-01ec-4e84-80b5-cb325d670571,400,16,416
a80a64b1-ac30-4f04-81ea-7845a6c0813e,656d2889-01cd-40e9-9a0a-d7161f75bdbb,2022-05-03 07:38:00,399dfec4-01ec-4e84-80b5-cb325d670571,600,24,624
8d4ae480-b532-4ef9-a31b-b49fa6646248,d4b724c3-5b9f-4070-94f3-9a02569c6869,2022-05-03 18:11:00,399dfec4-01ec-4e84-80b5-cb325d670571,600,24,624
9e4e92e4-b546-4d04-8eff-866b315db188,5db741f4-0237-4a97-952f-4b4d8736d287,2022-05-03 12:23:00,399dfec4-01ec-4e84-80b5-cb325d670571,600,24,624
d7f558fa-38e1-4a3a-94a7-055438ce494a,34a667fc-5b95-4873-932b-017bc484fd30,2022-05-03 13:46:00,399dfec4-01ec-4e84-80b5-cb325d670571,600,24,624
ae9de1a9-13c0-468a-add9-786c52611939,dc638163-fb06-4d37-a613-8803a234a3b2,2022-05-03 15:23:00,399dfec4-01ec-4e84-80b5-cb325d670571,600,24,624
9d3aa21a-7de7-4d89-9381-1d471c692ea5,2a83ed6b-202e-41b1-b554-b20f8f7a0eb1,2022-05-03 15:35:00,399dfec4-01ec-4e84-80b5-cb325d670571,1700,68,1768
630ca4b1-70b3-4131-9d63-664a95bf7680,930ba1e9-ab55-4962-8226-814b5cff5c6b,2022-05-03 16:27:00,399dfec4-01ec-4e84-80b5-cb325d670571,1800,72,1872
24dbcdce-a242-412b-b28b-849a4e544c25,69b02737-366e-4314-b6fa-d52802a4b21c,2022-05-03 11:44:00,399dfec4-01ec-4e84-80b5-cb325d670571,4100,164,4264
29b2b502-c865-4205-91c5-7d6b5657b1ad,d7e41540-bff7-4ed0-a86b-5aee9f21788b,2022-05-03 14:34:00,399dfec4-01ec-4e84-80b5-cb325d670571,600,24,624
07b18ea2-9aa5-47b8-a2c6-0783cd8d5495,8262a4d4-998d-4133-8f19-2c4db179f4f0,2022-05-03 15:37:00,399dfec4-01ec-4e84-80b5-cb325d670571,1600,64,1664
ea425f46-3179-4f65-969f-9a3f6d9d959c,b3b324a4-15eb-41b7-9457-400de83b61ea,2022-05-03 15:06:00,399dfec4-01ec-4e84-80b5-cb325d670571,600,24,624
957470a7-5acc-4c03-ad47-1709f17a9355,a5a7baae-427a-4692-aef7-16eb13b37793,2022-05-03 07:21:00,399dfec4-01ec-4e84-80b5-cb325d670571,600,24,624
d8b4057b-b2b0-40df-9ab2-6017f6244960,847aef98-7eed-484a-b834-f5777f38266f,2022-05-03 07:45:00,399dfec4-01ec-4e84-80b5-cb325d670571,700,28,728
95e4914b-3150-4b34-a168-fd71246e969f,328478c8-5184-4102-8cc9-eb3e7b902389,2022-05-03 16:27:00,399dfec4-01ec-4e84-80b5-cb325d670571,1600,64,1664
827acdfa-ebff-4ca0-8fbb-b746713d12fa,c5d9ad26-76b8-42f4-a362-e95a478d1e92,2022-05-03 15:04:00,399dfec4-01ec-4e84-80b5-cb325d670571,600,24,624
f13def39-11eb-403b-9069-04930353d8cd,86f6bfbd-28b9-468f-80a0-7b3bd1a9db57,2022-05-03 08:35:00,399dfec4-01ec-4e84-80b5-cb325d670571,600,24,624
715382f1-4f8c-48b1-8cbd-7cf653b6f6e1,fbaac559-7731-4dfe-8b40-bdd6f8010f67,2022-05-03 08:21:00,399dfec4-01ec-4e84-80b5-cb325d670571,400,16,416
0de71fab-4e13-41d3-b91a-c929678ce4dc,ce4f635a-840e-47e0-b57a-df0b63bbafa7,2022-05-03 16:40:00,399dfec4-01ec-4e84-80b5-cb325d670571,1900,76,1976
8bdf8caa-561e-4946-8305-d0347667aa1e,a95ddb13-ef71-4cf0-a8a8-2ffaecaaf27b,2022-05-03 08:16:00,399dfec4-01ec-4e84-80b5-cb325d670571,600,24,624
59e242b6-1204-4557-a8f0-268a3f7234bf,22f8b600-cae0-4a84-b021-08740f324c10,2022-05-03 12:48:00,399dfec4-01ec-4e84-80b5-cb325d670571,1400,56,1456
a6057b7d-3d5b-4f28-8c24-f3a7f249ace7,bf0f7de0-ac71-4613-a9a4-28aebf69681e,2022-05-03 15:42:00,399dfec4-01ec-4e84-80b5-cb325d670571,2300,92,2392
02c48a06-56f0-41f6-9429-9620f5e4dae7,82d81521-fd8c-4073-87b6-9aa0a8e9f0b3,2022-05-03 19:08:00,399dfec4-01ec-4e84-80b5-cb325d670571,1700,68,1768
cf88e1be-9d7a-4d9a-82cb-cd360a4fdca8,277f188c-086a-4f0d-8ade-c147f84d09ac,2022-05-03 16:45:00,399dfec4-01ec-4e84-80b5-cb325d670571,0,0,0
63e2fc73-0d29-47b0-8deb-8717d17d09cb,e5194824-f51d-4687-9f60-72df2e41a7a5,2022-05-03 15:27:00,399dfec4-01ec-4e84-80b5-cb325d670571,700,28,728
a3a644b7-d163-46f7-a471-f04d72619e15,63b5948f-6961-4db8-b621-892196f7a96e,2022-05-03 08:39:00,399dfec4-01ec-4e84-80b5-cb325d670571,600,24,624
74107ef9-f55a-4675-8740-8d6a4fb20369,2ab5335d-b429-49b4-a459-2354f849e358,2022-05-03 15:04:00,399dfec4-01ec-4e84-80b5-cb325d670571,2600,104,2704
f26881c8-4f0b-4944-9014-c3bfbd8f97a7,6d12e477-f54e-429f-9e88-c7f7562792a9,2022-05-03 18:51:00,399dfec4-01ec-4e84-80b5-cb325d670571,1900,76,1976
f08df64a-e329-409d-819d-cc7461e53c2e,73bf3e3c-44ec-45c9-b2cb-670618e256c2,2022-05-03 14:47:00,399dfec4-01ec-4e84-80b5-cb325d670571,1900,76,1976
7f3256c3-ae9b-4cdd-b197-ded2e843556a,992b8e45-f532-4d7e-9b77-bd94fd451c79,2022-05-03 07:52:00,399dfec4-01ec-4e84-80b5-cb325d670571,600,24,624
9f261ec6-2969-4fd3-932c-fd5137a07d64,2fcb4006-ca51-44cd-9d87-aa34d745ee90,2022-05-03 08:46:00,399dfec4-01ec-4e84-80b5-cb325d670571,600,24,624
fc3a641e-a83f-4dbb-918f-e70dffee912c,3a95336d-35a9-4b6a-81ac-84714ffa0ea4,2022-05-03 07:50:00,399dfec4-01ec-4e84-80b5-cb325d670571,600,24,624
94c63605-ad2d-48e8-8471-0c884b13923d,3dee0d2d-f11e-4e71-8336-86cb6a9445ad,2022-05-03 07:59:00,399dfec4-01ec-4e84-80b5-cb325d670571,400,16,416
fd65cd58-5357-4d2b-929b-32b8fecea63d,5c6b3c85-be4e-405a-a4a0-6179a7381d2a,2022-05-03 10:06:00,399dfec4-01ec-4e84-80b5-cb325d670571,600,24,624
532c6b0e-7dcd-404e-bc7f-af5523685251,9ca91be3-bfcc-4623-9ef5-a4023693a589,2022-05-03 08:23:00,399dfec4-01ec-4e84-80b5-cb325d670571,600,24,624
11788ba2-4129-4664-849c-8418fb263659,e4f2d67a-5c47-4845-a945-4e923836a9bf,2022-05-03 16:39:00,399dfec4-01ec-4e84-80b5-cb325d670571,1900,76,1976
d442e1a5-c712-4e72-bc03-686a6f83fc20,c334810a-f8b3-4f0b-b7f5-feab68f07ae0,2022-05-03 08:18:00,399dfec4-01ec-4e84-80b5-cb325d670571,700,28,728
511d9dc1-2ccf-4373-9ea1-1a9470fa30e3,3d82151b-b0d4-4890-bb63-8f573d494f9d,2022-05-03 07:43:00,399dfec4-01ec-4e84-80b5-cb325d670571,700,28,728
91218c99-8527-4d3c-8822-1aaf18a5d1ca,f711d079-46d9-4d69-8972-e92561b89b64,2022-05-03 09:26:00,399dfec4-01ec-4e84-80b5-cb325d670571,2400,96,2496
8ba2b78d-134d-4600-af78-f920e8325f12,73fa8e0a-42b4-47dc-b0a1-f510a9d057d8,2022-05-03 15:54:00,399dfec4-01ec-4e84-80b5-cb325d670571,600,24,624
737cacea-6842-4b95-9cef-8dd899ff8daf,2445d187-36c8-440f-a8db-1db27e08268e,2022-05-03 15:54:00,399dfec4-01ec-4e84-80b5-cb325d670571,1700,68,1768
64d4ca2b-c839-43fd-afb7-fcd327e44e63,899bbf23-4208-4aa2-9723-3f7559dfb891,2022-05-03 13:35:00,399dfec4-01ec-4e84-80b5-cb325d670571,600,24,624
9f700711-9b0d-4891-9be3-176a456520ac,88d4b95f-8525-47ab-b76f-1a86bdcc7b2b,2022-05-03 08:12:00,399dfec4-01ec-4e84-80b5-cb325d670571,600,24,624
66cf3a62-c8ba-48f3-ae54-708857e4fd1d,bddd0699-14be-4bed-8a03-c3be1c8b86f4,2022-05-03 07:44:00,399dfec4-01ec-4e84-80b5-cb325d670571,400,16,416
d53f68db-fde0-4f99-b765-35de6961282a,ef550118-4d33-4419-9a7f-121c8400e9c6,2022-05-03 14:12:00,399dfec4-01ec-4e84-80b5-cb325d670571,700,28,728
082851e1-d9c4-4d72-9426-fed1c84879bc,84cdb717-25d5-481f-b814-35cf768ecddb,2022-05-03 07:27:00,399dfec4-01ec-4e84-80b5-cb325d670571,600,24,624
f0c65f9f-f2d3-4713-8cdb-b10225c867e3,572579ab-5e23-43fd-a1af-8753798c8659,2022-05-03 08:26:00,399dfec4-01ec-4e84-80b5-cb325d670571,500,20,520
2001f18b-7a90-4176-83e7-f795a8d97843,e55d222b-7102-42c7-bd28-c147a15b12c5,2022-05-03 07:01:00,399dfec4-01ec-4e84-80b5-cb325d670571,400,16,416
547258f2-04b5-4030-8304-42ca20184ebe,48894cb2-296d-4112-88cb-99945e94b978,2022-05-03 07:56:00,399dfec4-01ec-4e84-80b5-cb325d670571,600,24,624
16d2e197-7b70-46ac-81f8-f689639fd397,d9f59eed-a691-4ea7-9102-c38914bc0a5b,2022-05-03 13:33:00,399dfec4-01ec-4e84-80b5-cb325d670571,2600,104,2704
b2493f87-cc15-4b77-afa1-3dc499ca6a67,64e0d810-94a5-4c80-b63d-886f352ba2f2,2022-05-03 18:49:00,399dfec4-01ec-4e84-80b5-cb325d670571,1700,68,1768
0132b6e0-459f-45b2-9d1f-d3a8b34c4ea7,90dc9d88-5875-4bf3-b871-820449a026b2,2022-05-03 12:47:00,399dfec4-01ec-4e84-80b5-cb325d670571,600,24,624
b2aecb81-3b62-4301-84e1-1f74f3b1d1c6,b295a4a4-a6b1-4fb7-847e-0b135ed1c18e,2022-05-03 13:18:00,399dfec4-01ec-4e84-80b5-cb325d670571,500,20,520
00885e53-a688-40b6-a7c9-10a52ea60db8,6ae00ce0-276c-40e1-b26d-ee7c41d7a287,2022-05-03 07:10:00,399dfec4-01ec-4e84-80b5-cb325d670571,500,20,520
ab51178c-8a25-4e93-9142-34a73b4f7bf8,ae73571f-72c6-4767-a468-b4982ef05d1c,2022-05-03 15:20:00,399dfec4-01ec-4e84-80b5-cb325d670571,700,28,728
838c0e9d-59fc-4f8e-bbb5-c2845672b35d,1641c1fe-b81c-4d56-9441-7a23d922196f,2022-05-03 14:01:00,399dfec4-01ec-4e84-80b5-cb325d670571,500,20,520
9757c8cb-7209-4491-8523-a16100f21efc,a5dd7747-0bdc-407b-a80d-f266a9dcfdbe,2022-05-03 16:52:00,399dfec4-01ec-4e84-80b5-cb325d670571,600,24,624
af4df262-2acd-475b-b7c8-f8581224cc12,33bc9426-832e-483d-a623-5760bf8fdf42,2022-05-03 07:57:00,399dfec4-01ec-4e84-80b5-cb325d670571,500,20,520
cc49655a-7199-4656-95cd-5820325f8851,ce1fddc8-7087-4b9e-82c8-bc09e6384345,2022-05-03 13:50:00,399dfec4-01ec-4e84-80b5-cb325d670571,2100,84,2184
b02fc735-d452-4b6b-bc92-cc25099c14bc,fb199cad-e920-4319-b1de-7da53844f1ed,2022-05-03 08:04:00,399dfec4-01ec-4e84-80b5-cb325d670571,600,24,624
2e477835-877b-4c20-9a24-b4882b4e732a,cacf77ba-7e15-45a0-a3f4-87fdccd569c4,2022-05-03 08:22:00,399dfec4-01ec-4e84-80b5-cb325d670571,700,28,728
a5be039b-4675-4d64-b5e1-b601965824a8,5a29452c-9230-4b56-9b2a-a1d20ab74781,2022-05-03 08:16:00,399dfec4-01ec-4e84-80b5-cb325d670571,600,24,624
3f09d56d-f75b-4083-a0ec-03f1cda7dc30,1142280f-5f9e-4229-97e2-9e6460d24acb,2022-05-03 13:15:00,399dfec4-01ec-4e84-80b5-cb325d670571,400,16,416
f73d7b6d-3565-44dc-8714-11d7358a9213,5c37d040-f5cd-46cf-8acc-43c886d34ad0,2022-05-03 07:15:00,399dfec4-01ec-4e84-80b5-cb325d670571,500,20,520
83f5418e-3e98-4000-ae29-97041a3867b5,82d54037-4259-4dc0-986b-1035beb9e3f5,2022-05-03 09:58:00,399dfec4-01ec-4e84-80b5-cb325d670571,1300,52,1352
fa1d0aba-e87a-4622-8cd4-72b34b09e1bb,7704c14b-191e-436e-814f-08b0fb28dcfc,2022-05-03 12:22:00,399dfec4-01ec-4e84-80b5-cb325d670571,400,16,416
6372bf9a-65a0-4049-93f0-0bd0082513af,f4a9a1e0-026f-48df-a4d9-b2bb26fe93a0,2022-05-03 15:59:00,399dfec4-01ec-4e84-80b5-cb325d670571,1100,44,1144
f12e5e69-a519-4028-b06e-a44e9ebc053b,01c86347-415c-4252-814c-a612527d8843,2022-05-03 07:40:00,399dfec4-01ec-4e84-80b5-cb325d670571,700,28,728
0a81df1d-cafd-40a8-804b-a3ee080f0044,e82b5b62-7070-47bc-a992-278728911d81,2022-05-03 07:54:00,399dfec4-01ec-4e84-80b5-cb325d670571,700,28,728
894431d6-0639-4ccc-9434-f409fba3ed4f,9cdb2202-788c-4b47-b58d-609db081bb60,2022-05-03 08:04:00,399dfec4-01ec-4e84-80b5-cb325d670571,700,28,728
906b0197-6c91-4ccf-bfde-6ff500769176,593ac4f1-05ec-4f87-a03b-ab6371bbe59d,2022-05-03 18:26:00,399dfec4-01ec-4e84-80b5-cb325d670571,600,24,624
d863838c-9a6f-4291-a9bf-57d2557adcbb,2c15654f-379c-4848-a3e0-4562a56c4da7,2022-05-03 08:00:00,399dfec4-01ec-4e84-80b5-cb325d670571,700,28,728
1d3d43cf-8d71-4dab-8ac5-9f6061a2f0d1,bcc834b4-d5a5-4283-ba01-2fbe27533479,2022-05-03 08:09:00,399dfec4-01ec-4e84-80b5-cb325d670571,400,16,416
a51c9047-756b-47e8-9ba2-1e734fd51a6b,8b2d2cd5-c5eb-47f1-b3e3-41c7c00c5828,2022-05-03 10:32:00,399dfec4-01ec-4e84-80b5-cb325d670571,500,20,520
a8bcac06-90a9-472d-b267-abc3b02a5ef2,dff2f0df-07b7-4c09-8812-8c4a7f83cd94,2022-05-03 08:02:00,399dfec4-01ec-4e84-80b5-cb325d670571,400,16,416
140593bf-8f90-4746-9679-f6ece0847a00,b0c002ee-eddd-4615-a3fc-b0700f7eafc2,2022-05-03 08:41:00,399dfec4-01ec-4e84-80b5-cb325d670571,700,28,728
d8e59906-b2c6-4938-83cc-eaf1247b12dc,08268747-4708-4ba5-b67f-4a53449663ce,2022-05-03 16:43:00,399dfec4-01ec-4e84-80b5-cb325d670571,600,24,624
c089e1d3-26be-4cb4-8a20-88734b5a57c0,798267d5-be32-437a-8020-542e0498810a,2022-05-03 07:57:00,399dfec4-01ec-4e84-80b5-cb325d670571,600,24,624
4fac40ed-60d9-4f1b-a47f-3eeb4092137c,49ccd473-0d76-45da-8360-02143cb40354,2022-05-03 08:58:00,399dfec4-01ec-4e84-80b5-cb325d670571,500,20,520
f11488c9-a1f1-4536-9c01-ef9243e4ef16,6c1f593e-fa25-4522-92a1-002b2f6a6bc7,2022-05-03 16:57:00,399dfec4-01ec-4e84-80b5-cb325d670571,1000,40,1040
92d5d03f-4f91-490c-a326-0ea52845a0ac,da90d8e9-37d5-4f64-9642-bc11f542e117,2022-05-03 08:31:00,399dfec4-01ec-4e84-80b5-cb325d670571,500,20,520
9c826480-0338-4de0-9ef2-f73cc1206191,79f701f0-7977-4b5f-b1cf-f1cdd2d8b96b,2022-05-03 12:14:00,399dfec4-01ec-4e84-80b5-cb325d670571,1500,60,1560
943ebd11-546b-4651-825f-6df8e1058680,0189068c-f3d3-4672-b98b-047d057a0fd5,2022-05-03 07:46:00,399dfec4-01ec-4e84-80b5-cb325d670571,600,24,624
112d563f-714a-47e1-8859-22bc9d4404ba,1bc1c9dc-b8d3-4560-97b7-febe15ab0506,2022-05-03 07:26:00,399dfec4-01ec-4e84-80b5-cb325d670571,600,24,624
6fe1dafa-d79c-4a7e-af76-a9c6538f9856,cdee10f4-113a-4b48-8b82-67de974706f1,2022-05-03 18:17:00,399dfec4-01ec-4e84-80b5-cb325d670571,1700,68,1768
e8db7394-6720-42ef-9190-288ebb57d8f5,7a03ca1d-d911-4037-9f11-75d63cfad5e4,2022-05-03 08:01:00,399dfec4-01ec-4e84-80b5-cb325d670571,500,20,520
6b9d7645-94ec-4e4e-a278-86647e90b60d,21b3fd59-4b01-4c9d-844b-6790ed39fddc,2022-05-03 07:40:00,2c7c0b40-21e5-4026-b405-3281a1c094fa,600,37,637
c7532ab7-66e7-42ec-b1f9-275324f34129,a5f76c9d-f7ed-457b-b3b3-eb0c3e4af0e7,2022-05-03 10:07:00,2c7c0b40-21e5-4026-b405-3281a1c094fa,1000,62,1062
5d734492-681e-4100-87ce-57cadefa929a,b4742677-d25f-4cf6-af19-7c4a2d5751fd,2022-05-03 08:06:00,2c7c0b40-21e5-4026-b405-3281a1c094fa,400,25,425
5f958ced-7c3a-4bdb-b534-411f78c2b3c6,fcef0a47-bbe9-4080-9a24-e276ddb4e0e7,2022-05-03 07:55:00,2c7c0b40-21e5-4026-b405-3281a1c094fa,600,37,637
9790c820-99ab-4e3d-9744-5e2ef736d04f,ed27966a-5ae2-4a05-8772-1cf818c9f87f,2022-05-03 11:37:00,2c7c0b40-21e5-4026-b405-3281a1c094fa,500,31,531
3937dfa8-c9a9-4465-a309-2eb3d34d4bc5,b8bb90a8-dfd1-476e-95b8-c329a425e221,2022-05-03 11:22:00,2c7c0b40-21e5-4026-b405-3281a1c094fa,600,37,637
86b00091-407c-4849-bee8-d28b6e3d50a2,5672d8ec-d299-4823-941e-e84d29a5aca6,2022-05-03 07:58:00,2c7c0b40-21e5-4026-b405-3281a1c094fa,500,31,531
1af1c350-c333-4b70-8640-d3c79cf31eeb,31d8ef80-b405-4d99-9a0b-e566200ab033,2022-05-03 08:31:00,2c7c0b40-21e5-4026-b405-3281a1c094fa,500,31,531
6f5b6693-27b4-42cb-83c0-2880f45589b0,cfc196da-1613-48e5-b649-e57a6a927c10,2022-05-03 07:51:00,2c7c0b40-21e5-4026-b405-3281a1c094fa,600,37,637
fae480ce-b19a-4e83-a262-2aa2615277d4,f19d8935-9c7f-478c-8a8c-d23218d6fc8b,2022-05-03 16:46:00,2c7c0b40-21e5-4026-b405-3281a1c094fa,2400,150,2550
7d4d19f2-2821-40cc-9845-74fe23a604cc,47d48c6c-58d0-458b-b06f-963d2de8ac91,2022-05-03 14:09:00,2c7c0b40-21e5-4026-b405-3281a1c094fa,600,37,637
81b84030-ac16-49f3-b8eb-f2243d9ed6b8,a26c5d51-ee15-486d-b326-9703275ab2ab,2022-05-03 08:08:00,2c7c0b40-21e5-4026-b405-3281a1c094fa,700,43,743
43186183-bac2-4a82-93c6-07d2c19ef2d2,c8c991b2-ee2e-4dbf-b8aa-6e52e61ac8e8,2022-05-03 15:27:00,2c7c0b40-21e5-4026-b405-3281a1c094fa,700,43,743
a6834f03-7ad9-45ed-8876-cb2249c733dd,784c9a3e-b023-4a14-87c3-cb46212c638b,2022-05-03 13:07:00,2c7c0b40-21e5-4026-b405-3281a1c094fa,1800,112,1912
4c5f8b78-7bab-44a7-9b7a-d8a7cd17da3f,bed501e6-d9e1-40f4-9e7f-d1073803ba16,2022-05-03 11:30:00,2c7c0b40-21e5-4026-b405-3281a1c094fa,400,25,425
d2870576-dade-4698-a411-122dea16e6fc,f5b90b38-b61b-42af-a8f4-4815317a3571,2022-05-03 15:38:00,2c7c0b40-21e5-4026-b405-3281a1c094fa,1800,112,1912
7cbb45d0-f0ae-44ec-9090-793cf223fb83,1d8b9d13-c62c-4446-977d-412869e6c4b6,2022-05-03 08:02:00,2c7c0b40-21e5-4026-b405-3281a1c094fa,600,37,637
ec98d123-5d98-47f0-ab50-2ce79070c3e4,a0e48668-90fd-471e-979c-455e5d4e532c,2022-05-03 17:22:00,2c7c0b40-21e5-4026-b405-3281a1c094fa,700,43,743
a23ef775-8dff-4c9e-b7d4-48693400986d,b239e930-6de8-4346-87b0-1981dc56bb9f,2022-05-03 08:24:00,2c7c0b40-21e5-4026-b405-3281a1c094fa,400,25,425
1ff305b0-8e09-4670-8a5c-5429b1b72ea9,94e8bb75-d618-4999-8bea-b7fc6888523f,2022-05-03 14:19:00,2c7c0b40-21e5-4026-b405-3281a1c094fa,500,31,531
2f3078d8-2888-4757-a42e-02f66a84564f,ca73909a-648b-4522-a10d-c4c3c9bfaba1,2022-05-03 08:20:00,2c7c0b40-21e5-4026-b405-3281a1c094fa,600,37,637
0c8f0899-69c5-4b45-9059-18a28794f570,70ed100e-695a-40c3-847f-07a87a984c6c,2022-05-03 15:54:00,2c7c0b40-21e5-4026-b405-3281a1c094fa,1600,100,1700
0de01e57-ffc6-46c0-8da8-71ff0394e0f6,2bc19a21-82b4-4029-b044-96060d4e044b,2022-05-03 11:56:00,2c7c0b40-21e5-4026-b405-3281a1c094fa,1800,112,1912
1461b1c0-2c54-4a66-b3c3-8816897fb3f3,e4515ece-d1b9-4ec7-9b74-b22decc6d435,2022-05-03 15:22:00,2c7c0b40-21e5-4026-b405-3281a1c094fa,700,43,743
9111f7d0-91a0-4353-a67e-abc55146e6c4,0da8bfd8-a8e8-4bc3-85ae-f527018c2e8b,2022-05-03 07:44:00,2c7c0b40-21e5-4026-b405-3281a1c094fa,500,31,531
ef847fe4-b196-4d69-a267-33563104da6f,92f85679-d678-4b1f-9343-b97924ced844,2022-05-03 08:03:00,2c7c0b40-21e5-4026-b405-3281a1c094fa,600,37,637
426858c1-1b9f-48fb-97b0-2af161fcdfbe,1d9773b9-b306-416f-9338-2b1d4cd51e0b,2022-05-03 13:53:00,2c7c0b40-21e5-4026-b405-3281a1c094fa,400,25,425
aefa87a8-e3b0-4ec4-81e9-bc62c9983cee,78748d05-917c-446b-8b2f-1bb8275f3983,2022-05-03 11:50:00,2c7c0b40-21e5-4026-b405-3281a1c094fa,1300,81,1381
b55f57cf-e7b1-46d3-9006-807dc04f7822,e61583e8-f052-430d-90fd-68085acfc960,2022-05-03 07:20:00,2c7c0b40-21e5-4026-b405-3281a1c094fa,600,37,637
f76b7f86-2978-4d06-9b24-2dfe25c7fd77,4334d3c1-d272-4f31-b4ff-de447c05f4dd,2022-05-03 11:27:00,2c7c0b40-21e5-4026-b405-3281a1c094fa,500,31,531
37d61800-d39e-4570-91a2-ff6c565af26c,9559b3f5-0745-4104-aeff-b4f1f8886bd7,2022-05-03 12:31:00,2c7c0b40-21e5-4026-b405-3281a1c094fa,600,37,637
bf2af859-4ec7-4580-a4fc-e4eaddda7121,40d7c7b5-c99c-40d5-a927-532dd7b06dde,2022-05-03 17:15:00,2c7c0b40-21e5-4026-b405-3281a1c094fa,1100,68,1168
87c6dda3-721d-43f6-9863-d35e9433bfa9,5b2dc95e-efec-46b9-aa80-1ca5c85a4269,2022-05-03 08:22:00,2c7c0b40-21e5-4026-b405-3281a1c094fa,600,37,637
16d75923-17f3-4214-9549-0de7f058aa1f,2b2611ec-0afe-4c68-9361-65b0cda595e3,2022-05-03 14:43:00,2c7c0b40-21e5-4026-b405-3281a1c094fa,1800,112,1912
31102c6e-4595-4a15-b55d-f23590262f29,df6fe074-e03b-4605-bc26-5510896e9d5c,2022-05-03 18:53:00,2c7c0b40-21e5-4026-b405-3281a1c094fa,700,43,743
4c18d946-60a5-4933-8309-89abf79e033b,e52aaea4-1556-4821-8cd6-a24a8217815f,2022-05-03 07:04:00,2c7c0b40-21e5-4026-b405-3281a1c094fa,600,37,637
63fb5b33-b4b6-4735-9330-27e0d542090a,ab4df321-67bc-425a-8aee-7e81929639d1,2022-05-03 07:49:00,2c7c0b40-21e5-4026-b405-3281a1c094fa,700,43,743
7b8b7ba6-2fea-4484-9b5d-51ec878c0c1f,4bf036f8-cdd5-4fd4-bb15-96f6fdfb6472,2022-05-03 07:39:00,2c7c0b40-21e5-4026-b405-3281a1c094fa,600,37,637
0444aff0-0336-482e-b5ef-3668200dcfa9,be9a5cd7-728a-4593-b5b5-b13c1f98920d,2022-05-03 07:00:00,2c7c0b40-21e5-4026-b405-3281a1c094fa,600,37,637
72bb8549-138b-4590-8986-c7b14be69572,17813273-d6cb-446d-a0cc-5df31fb0263f,2022-05-03 16:49:00,2c7c0b40-21e5-4026-b405-3281a1c094fa,400,25,425
691f0698-1a70-4422-b823-539b3309a4c1,24796668-1d6a-493c-a0dd-1bafc84036be,2022-05-03 07:16:00,2c7c0b40-21e5-4026-b405-3281a1c094fa,400,25,425
33e9557f-2206-4912-8709-17b7445a39a4,5a88b3e4-1ba1-4430-8899-483fd984e89d,2022-05-03 07:30:00,2c7c0b40-21e5-4026-b405-3281a1c094fa,400,25,425
c922a320-a9aa-4c8a-8575-58c35f6ee8a7,b5e90877-2a83-4959-9512-8328d9403492,2022-05-03 18:50:00,2c7c0b40-21e5-4026-b405-3281a1c094fa,400,25,425
a344e041-d2ee-44bd-a842-ea4e15ff3b33,10e46bfd-d0f5-4e00-b866-118e3d12fb34,2022-05-03 13:13:00,2c7c0b40-21e5-4026-b405-3281a1c094fa,600,37,637
bae4b1bf-2f18-40c8-abad-1e235e88c317,de14b04b-3662-48cd-8bf6-16eae90fbc67,2022-05-03 14:45:00,2c7c0b40-21e5-4026-b405-3281a1c094fa,700,43,743
e4008744-ad72-48a3-ab9a-9165e75bb30e,0de2aeba-fbe0-42cc-a250-f49f11ccb1b7,2022-05-03 14:48:00,2c7c0b40-21e5-4026-b405-3281a1c094fa,900,56,956
a35604c6-1cd9-43c6-88e4-2ba07b8a48a6,8c433684-7a25-467e-afb1-be6cb25cb156,2022-05-03 16:34:00,2c7c0b40-21e5-4026-b405-3281a1c094fa,1800,112,1912
6e10ca13-b537-42e5-9f8d-2d605059cf42,c21472e1-f6ab-489f-9f36-de3ff9aea42c,2022-05-03 13:38:00,2c7c0b40-21e5-4026-b405-3281a1c094fa,2800,175,2975
a36458e0-74a3-4026-b8f6-94b7043ec57a,6711753d-3774-4e54-9f79-3ebf7762b9f9,2022-05-03 11:12:00,2c7c0b40-21e5-4026-b405-3281a1c094fa,1700,106,1806
6899317d-7fd9-449c-bcec-d839ac06accc,89d86da7-67e0-4324-965d-77ebd26b7396,2022-05-03 08:24:00,2c7c0b40-21e5-4026-b405-3281a1c094fa,600,37,637
fbac3f16-2058-4568-a135-3a2b7d7e8365,c4cffa02-aa09-4ae6-a4dc-bb7e26c3b440,2022-05-03 07:54:00,2c7c0b40-21e5-4026-b405-3281a1c094fa,400,25,425
de995914-ec2d-4c01-9b96-a1929ddc131b,e2a09e44-912c-47c0-9386-7145291fb06f,2022-05-03 11:14:00,2c7c0b40-21e5-4026-b405-3281a1c094fa,500,31,531
b204dd45-f67b-4d27-8b02-b05662c6f03c,5c298d25-bd60-448d-a828-a1d1c08d3bf4,2022-05-03 07:27:00,2c7c0b40-21e5-4026-b405-3281a1c094fa,700,43,743
d29fbec3-33a6-4905-8ae3-dbb3f7dc83a0,f231f357-ff6c-4960-938f-a5596a13fb07,2022-05-03 17:03:00,2c7c0b40-21e5-4026-b405-3281a1c094fa,600,37,637
6d96349e-55da-4389-b911-1e5f30252890,3c426c6a-4b67-4d8e-a89a-57a563164dee,2022-05-03 07:15:00,2c7c0b40-21e5-4026-b405-3281a1c094fa,500,31,531
7707ee5e-1231-4e92-8dcf-35e200be6fad,627e216c-0671-47dd-902c-9fb076543b9e,2022-05-03 07:45:00,2c7c0b40-21e5-4026-b405-3281a1c094fa,400,25,425
91c959d3-67b6-40e2-bd3b-f0a9cc6c16ff,1409cd42-7e74-4fa2-9ff3-b4d9d56ac42c,2022-05-03 08:31:00,2c7c0b40-21e5-4026-b405-3281a1c094fa,500,31,531
7f977c6a-edac-4a2c-975d-45cd77615690,1ccc49eb-7f71-45cc-81df-ac385f685028,2022-05-03 08:05:00,2c7c0b40-21e5-4026-b405-3281a1c094fa,500,31,531
e8c8107b-6fc7-4a3b-8285-0b9966138dd8,e9914ccf-1cab-4fc8-9269-8c1a8f85eb5a,2022-05-03 08:09:00,2c7c0b40-21e5-4026-b405-3281a1c094fa,600,37,637
21a6748f-fda2-4760-8bcc-5d3e28542d5f,7a976727-d6b6-45e6-a9ec-9f9bee01295b,2022-05-03 17:37:00,2c7c0b40-21e5-4026-b405-3281a1c094fa,600,37,637
94bd5e5d-af4f-4f8f-b0ac-05a618456db3,16e3010f-92c8-4716-945d-76a4cbabf52a,2022-05-03 09:15:00,2c7c0b40-21e5-4026-b405-3281a1c094fa,1800,112,1912
445501b2-ea42-4ff4-a3f6-433fe70cb406,cc27fffc-130e-4544-9950-5954536d72d1,2022-05-03 14:14:00,2c7c0b40-21e5-4026-b405-3281a1c094fa,400,25,425
56dada7e-af02-43af-afe6-9b2eac0b8de6,5e7c7c18-a637-4a6e-bb24-87a77f90ddf1,2022-05-03 16:38:00,2c7c0b40-21e5-4026-b405-3281a1c094fa,800,50,850
951c4588-222f-40ce-8ea9-99d4f4098ac7,d27d7182-0397-4734-b076-2f556218e9f1,2022-05-03 09:43:00,2c7c0b40-21e5-4026-b405-3281a1c094fa,400,25,425
4dd24288-889f-49e5-8816-8f1948d277b6,3a580c58-a316-47fb-b0c9-1d95666d47d7,2022-05-03 07:53:00,2c7c0b40-21e5-4026-b405-3281a1c094fa,600,37,637
d758f997-5c49-4ad2-9f24-05d80ede81a2,fe9d2747-393a-4e72-8e43-6d997f2418d6,2022-05-03 07:06:00,2c7c0b40-21e5-4026-b405-3281a1c094fa,600,37,637
058f4a9e-afab-4ddc-bce9-5eacc0bcc31c,27385e8e-11c9-453d-a177-3a8890bab09a,2022-05-03 07:00:00,2c7c0b40-21e5-4026-b405-3281a1c094fa,400,25,425
6a80e4e2-0373-45ae-9c96-db8a94a0f8e3,27d2e3d3-99cb-4478-950f-9cbf9f2cc532,2022-05-03 07:56:00,2c7c0b40-21e5-4026-b405-3281a1c094fa,600,37,637
220005a4-0e9d-41f3-aa90-f424c9000aec,e44dcf8d-2ef5-40ca-8d77-f21cb1c148b8,2022-05-03 12:12:00,2c7c0b40-21e5-4026-b405-3281a1c094fa,0,0,0
a895c80f-b39c-4bf2-a0f7-02c6527f1a84,74081b13-72f9-4b54-8152-940c5aa59b4a,2022-05-03 14:19:00,2c7c0b40-21e5-4026-b405-3281a1c094fa,1300,81,1381
a2e2fdb6-2475-4cc4-82b3-8e141616787a,62a52493-e5ec-476f-9bec-c8f82abd3323,2022-05-03 07:28:00,2c7c0b40-21e5-4026-b405-3281a1c094fa,700,43,743
40aabe9d-d6a0-425c-b648-4198d61e09bb,6e8abc01-d4ee-4a72-8f08-35b45bf67965,2022-05-03 17:59:00,2c7c0b40-21e5-4026-b405-3281a1c094fa,600,37,637
efa0046d-fe08-4baf-9be8-3e92d15a7cc4,d6051f3b-7116-4f92-bb67-34699dc3ce20,2022-05-03 12:27:00,2c7c0b40-21e5-4026-b405-3281a1c094fa,2500,156,2656
5ebddc9f-10a9-47c6-ad20-2e145283dadf,a87e672a-f008-4b22-bb8a-df6f8dec5d3c,2022-05-03 12:09:00,2c7c0b40-21e5-4026-b405-3281a1c094fa,1500,93,1593
2f07bcb0-9d0c-4446-bf08-da4346961d94,681cebbd-56fd-4ad3-99b4-726306cbaa73,2022-05-03 08:09:00,2c7c0b40-21e5-4026-b405-3281a1c094fa,600,37,637
89a79938-8b28-4ed4-a153-160fc40ecb70,9c02b9e3-3e53-451a-abb0-96f63308bb02,2022-05-03 07:26:00,2c7c0b40-21e5-4026-b405-3281a1c094fa,400,25,425
233377fb-8578-4456-9867-fcb13828cb6e,cc5c0c1a-857b-42ec-991b-22ab9d333141,2022-05-03 07:51:00,2c7c0b40-21e5-4026-b405-3281a1c094fa,400,25,425
65754b71-2107-4dec-87b4-b411d9ab5d3c,ea97db70-9e3b-4bc2-973f-6e3f2be46e5f,2022-05-03 08:51:00,2c7c0b40-21e5-4026-b405-3281a1c094fa,700,43,743
ddffc5d0-ea46-4731-bc33-221fbc73dec3,1cc557ae-f87b-4765-9bc4-0f1dd6f53013,2022-05-03 08:13:00,2c7c0b40-21e5-4026-b405-3281a1c094fa,600,37,637
78f4ff0e-8e51-4831-86f0-0fdb6fdde614,f91faf5c-1c47-45c9-aad2-29930f300126,2022-05-03 08:51:00,2c7c0b40-21e5-4026-b405-3281a1c094fa,400,25,425
8b9cc8c6-4a64-4828-992f-25cfd1f6b55c,414e72b8-a890-4597-b3f7-d6da0f9d4531,2022-05-03 08:28:00,2c7c0b40-21e5-4026-b405-3281a1c094fa,500,31,531
a3bfa06f-150b-4265-8e09-dfc1be8409c6,e26fafe1-9a63-43ca-b38b-ed5f0ea96f66,2022-05-03 19:28:00,2c7c0b40-21e5-4026-b405-3281a1c094fa,600,37,637
2bed13b8-cf12-4395-86aa-54bba19b907d,905a1a14-02a3-4d80-a710-d9769750a63d,2022-05-03 16:53:00,2c7c0b40-21e5-4026-b405-3281a1c094fa,2100,131,2231
23fe2e1c-1f4c-425a-98e8-23b25a35ae1a,1313316f-0c13-404e-8197-2bde150a1ddd,2022-05-03 09:19:00,2c7c0b40-21e5-4026-b405-3281a1c094fa,600,37,637
10133a25-eaf8-436b-b73c-e0d13a769530,32a8b8e6-453f-4153-b08b-aaeedc146c9d,2022-05-03 16:34:00,2c7c0b40-21e5-4026-b405-3281a1c094fa,500,31,531
2232c588-8ce7-40f4-8d25-8ee394e0c0e0,de670223-8a3e-4b82-a4d4-b03cc596af73,2022-05-03 07:30:00,2c7c0b40-21e5-4026-b405-3281a1c094fa,600,37,637
2d2b6376-813f-4ed0-80d3-2e349c3039da,f304ef62-c15a-4a60-ab1c-ad7af392467e,2022-05-03 07:53:00,2c7c0b40-21e5-4026-b405-3281a1c094fa,400,25,425
d6ae544b-0f11-48d1-b3cf-84b195f8675c,3cae3cae-a64f-491f-a508-68ff36ecb4af,2022-05-03 07:43:00,2c7c0b40-21e5-4026-b405-3281a1c094fa,400,25,425
66339f94-205d-45b7-a27f-3f8a6afcb8ab,b453354b-0417-476e-8175-326090454bc9,2022-05-03 13:32:00,2c7c0b40-21e5-4026-b405-3281a1c094fa,600,37,637
3a92a035-022d-4c74-a7c4-025c4d2b3808,7dd6c618-4f1f-4481-8212-0ca877effb17,2022-05-03 14:16:00,2c7c0b40-21e5-4026-b405-3281a1c094fa,500,31,531
6a4d125e-2003-4b55-8944-e013a53fdc7c,96924eb0-a996-4610-ae35-0949499a223a,2022-05-03 08:09:00,2c7c0b40-21e5-4026-b405-3281a1c094fa,600,37,637
93d09811-7068-470f-b5ed-0d98b499c083,6c98f86b-b539-4054-a6da-a0f41d26ae4b,2022-05-03 16:04:00,2c7c0b40-21e5-4026-b405-3281a1c094fa,700,43,743
c136a96e-3e6c-430d-8008-f630d909202d,685c96af-5c89-414f-a885-bfb3740026ed,2022-05-03 16:53:00,2c7c0b40-21e5-4026-b405-3281a1c094fa,2000,125,2125
ac8bad39-2946-4596-9818-e4429fe320b0,f6a983d2-5104-41f4-a579-38c173229679,2022-05-03 11:49:00,2c7c0b40-21e5-4026-b405-3281a1c094fa,500,31,531
460fa271-e0d0-4cbf-b584-627b7d7d81d4,2f0ecbb9-4ae8-45d7-8f01-f82126757ca5,2022-05-03 07:54:00,2c7c0b40-21e5-4026-b405-3281a1c094fa,400,25,425
08a48b07-4592-4300-a8d2-3c77174b22f5,104b478d-b925-4eb1-b365-ae2354f1fd19,2022-05-03 08:02:00,2c7c0b40-21e5-4026-b405-3281a1c094fa,400,25,425
34f8eaff-f12b-4318-8e7e-ff3ef587781c,cdea4af0-7c90-48ed-bb8b-411fb9de8b57,2022-05-03 07:41:00,2c7c0b40-21e5-4026-b405-3281a1c094fa,500,31,531
2ca41527-f8f6-4706-8631-dcdc200f0160,aec1cde7-0627-4bec-a528-fe77ca766b5e,2022-05-03 08:46:00,2c7c0b40-21e5-4026-b405-3281a1c094fa,600,37,637
c411f2f7-045e-4b0d-8505-2d1acf9da3ea,aa4ec845-d8fb-4eed-855a-86968f2d2ef4,2022-05-03 17:15:00,2c7c0b40-21e5-4026-b405-3281a1c094fa,700,43,743
16355b5d-4cd6-4151-bfb4-05bcf02cdefe,465154fc-21ed-456c-9e03-9b71c66094d5,2022-05-03 07:42:00,2c7c0b40-21e5-4026-b405-3281a1c094fa,400,25,425
8cc0015d-ce2b-4ca0-9a00-2da03b1e7ff9,88d1c02d-6775-4e15-8928-89781add052b,2022-05-03 13:32:00,2c7c0b40-21e5-4026-b405-3281a1c094fa,1600,100,1700
fc544ab6-2c06-4888-ae63-7fe272d01ba3,efe6ab20-484e-4550-8eba-b6750c0893a3,2022-05-03 14:05:00,2c7c0b40-21e5-4026-b405-3281a1c094fa,1900,118,2018
d7b0022b-c0e7-445b-8e83-0ab0c1c1bcd5,bafdbd24-482a-4926-ad19-d5f2929c3e93,2022-05-03 15:52:00,2c7c0b40-21e5-4026-b405-3281a1c094fa,1300,81,1381
30db99a0-b5dc-4bfa-ab11-de002607c284,b456bef1-be7e-443f-8f55-cfc2ea8e6a4a,2022-05-03 12:19:00,2c7c0b40-21e5-4026-b405-3281a1c094fa,400,25,425
012c6ad2-6a37-4919-baff-c6315957a724,2647f821-e1c8-44ee-bc24-7b9932bf9766,2022-05-03 08:10:00,2c7c0b40-21e5-4026-b405-3281a1c094fa,600,37,637
6a3037b5-09c1-4b1d-abee-bd3c13e8d297,bb7a9f55-4ac3-43cc-bbe9-d1a3c3e8f35e,2022-05-03 11:04:00,2c7c0b40-21e5-4026-b405-3281a1c094fa,700,43,743
f0666df1-0589-477a-bc70-ee62de18796e,fe4e4be2-2e96-4037-9bdf-28440a160f62,2022-05-03 07:52:00,2c7c0b40-21e5-4026-b405-3281a1c094fa,500,31,531
392625b2-6530-41bd-829d-1dff0659c26d,9e618262-7b79-4704-9035-2fcdf8d34ffb,2022-05-03 11:34:00,2c7c0b40-21e5-4026-b405-3281a1c094fa,1300,81,1381
584d5f6a-0e90-4f4f-a8ca-7e91eefe45e2,a6addfaf-a6de-45ac-940f-5d4614f279d0,2022-05-03 08:06:00,2c7c0b40-21e5-4026-b405-3281a1c094fa,400,25,425
c544c534-5c65-455c-9c33-761e6c1c8e3e,5f978986-a526-43a2-bdc6-828868d49b61,2022-05-03 07:59:00,2c7c0b40-21e5-4026-b405-3281a1c094fa,600,37,637
d392fefe-c3d2-4210-b0a0-e6fcde19b3de,098e9f20-15e3-45dd-8771-7dc4fe836ca7,2022-05-03 09:06:00,2c7c0b40-21e5-4026-b405-3281a1c094fa,1600,100,1700
3c0825c5-d338-4169-b3f2-7425238c69d7,d3cfc0ae-db6e-4a28-b44b-a1dac1061d90,2022-05-03 13:02:00,2c7c0b40-21e5-4026-b405-3281a1c094fa,1500,93,1593
ca505b39-2b12-48b7-bc7f-02e3b0ea4d44,9ad4b773-20f7-4f08-afaa-931d90d8f229,2022-05-03 10:11:00,2c7c0b40-21e5-4026-b405-3281a1c094fa,500,31,531
f794c305-c9d9-45f0-a048-5229c02b8371,707aea69-776e-4c29-a2b9-e8d63dbead69,2022-05-03 14:43:00,2c7c0b40-21e5-4026-b405-3281a1c094fa,500,31,531
fea63ca3-8e82-48af-a7e0-5c9234b7484d,377bb6d8-437c-4b34-9c11-7bd0c9bec26a,2022-05-03 11:16:00,2c7c0b40-21e5-4026-b405-3281a1c094fa,500,31,531
57710c24-7ff0-46a1-99ce-9ebf23fde554,d909260f-5040-471a-9c3f-5651fa8c03ed,2022-05-03 08:00:00,2c7c0b40-21e5-4026-b405-3281a1c094fa,600,37,637
bbeb882a-d708-4090-822f-ac56567bf2eb,f1098a10-244b-46cb-b192-2ad182a44975,2022-05-03 08:12:00,2c7c0b40-21e5-4026-b405-3281a1c094fa,500,31,531
621460c1-e65e-4dd6-b49b-3cabb2b49a6a,b394c22a-41af-4bae-a9f3-dda0649b45ed,2022-05-03 07:58:00,2c7c0b40-21e5-4026-b405-3281a1c094fa,500,31,531
b4248ba3-c803-4fd2-aaad-7d6991cf1c06,fb1214b1-db3f-4cac-bc2e-6b6d585600fb,2022-05-03 07:44:00,2c7c0b40-21e5-4026-b405-3281a1c094fa,700,43,743
32959623-ea26-41d2-a327-3e6a79fbc3e7,1bcdea75-7acc-492e-a184-a61e51c1cfa5,2022-05-03 07:54:00,2c7c0b40-21e5-4026-b405-3281a1c094fa,700,43,743
f4dc4ab8-4356-40cd-97de-0aa5762d845f,f8919ba3-1c0e-4da5-9408-18923a2ad8fb,2022-05-03 08:38:00,2c7c0b40-21e5-4026-b405-3281a1c094fa,500,31,531
0f7d4513-20a0-4c9b-964e-a52089c736e7,89e0be6f-b800-46b3-b14a-d6c78ced2780,2022-05-03 09:33:00,2c7c0b40-21e5-4026-b405-3281a1c094fa,400,25,425
00bee40d-51c0-447a-97ba-304bf49ce70a,68633904-669b-4fec-a191-293eab108c93,2022-05-03 16:28:00,2c7c0b40-21e5-4026-b405-3281a1c094fa,700,43,743
97169dd8-0dd4-4249-9fa5-f555eb9fa236,d753ccfa-106f-47a3-8e03-44b0e6831af3,2022-05-03 08:13:00,2c7c0b40-21e5-4026-b405-3281a1c094fa,700,43,743
79515533-bfc7-4b6d-8b8e-722f4378c750,608b62cf-f498-4f33-9528-de6ffb9555c2,2022-05-03 07:59:00,2c7c0b40-21e5-4026-b405-3281a1c094fa,600,37,637
bdfa7999-bacf-4b8f-a0ba-80d1f422be24,769dd9bd-a72a-437f-a07e-076c97c4ac9a,2022-05-03 10:11:00,2c7c0b40-21e5-4026-b405-3281a1c094fa,600,37,637
838ff808-e933-4d70-9722-247c1a7a632e,577d9ba4-08b4-443e-a3dc-495bdb97f58e,2022-05-03 15:03:00,2c7c0b40-21e5-4026-b405-3281a1c094fa,2200,137,2337
825802cf-3e37-4053-9340-4f0ae89c8199,b8ca5b54-3fa9-4f61-91ce-beeaa92f1424,2022-05-03 07:50:00,2c7c0b40-21e5-4026-b405-3281a1c094fa,700,43,743
21b7098e-776a-47c7-8d76-edf5b8056a40,6b2f49e4-56bd-446a-97ee-d3ddd9804d7f,2022-05-03 07:15:00,2c7c0b40-21e5-4026-b405-3281a1c094fa,600,37,637
fc949d7d-7229-4e17-85ad-1f94f2257095,096383e8-fafc-418f-8cdd-a2ec9f44ddd3,2022-05-03 08:42:00,2c7c0b40-21e5-4026-b405-3281a1c094fa,500,31,531
c43bd864-b538-4814-8cbb-ccbff34b2984,1e638d4c-0e3c-4850-a12a-8efcb382ae9a,2022-05-03 19:05:00,2c7c0b40-21e5-4026-b405-3281a1c094fa,1100,68,1168
1ad34fc9-72c3-421f-8541-633863d3ca43,cf1bbe7c-d999-4a2e-bc3a-93bb9e785f1b,2022-05-03 11:25:00,2c7c0b40-21e5-4026-b405-3281a1c094fa,400,25,425
3ebf8361-92fa-49e4-95f1-3a42664f6544,4cd24ca3-21c7-43e7-bd3e-65bc863a16d7,2022-05-03 07:51:00,2c7c0b40-21e5-4026-b405-3281a1c094fa,500,31,531
4d973a75-21d3-493d-8b93-41a60de50f1d,aae661ad-0411-4b0f-b7fb-6c26c099cfd7,2022-05-03 07:50:00,2c7c0b40-21e5-4026-b405-3281a1c094fa,400,25,425
76c1eba4-27d8-4e6c-a4bb-a9e8be0035d9,8391b449-3f7a-47a8-b81f-292dfdb07b53,2022-05-03 08:15:00,2c7c0b40-21e5-4026-b405-3281a1c094fa,500,31,531
4492d505-b169-4e68-8953-b55f5109a139,762c5a04-e686-4d09-b4c3-40c6aed67774,2022-05-03 12:15:00,2c7c0b40-21e5-4026-b405-3281a1c094fa,600,37,637
3a14959c-9e53-4d90-bf93-968a359e748e,b7269c9b-2132-4217-b89e-d49b2d674311,2022-05-03 09:23:00,2c7c0b40-21e5-4026-b405-3281a1c094fa,1900,118,2018
b57984d1-6e32-4068-a74d-dd42980da522,c634d777-fa2f-4894-85ba-aa9ccededaf8,2022-05-03 10:38:00,2c7c0b40-21e5-4026-b405-3281a1c094fa,500,31,531
df685026-9482-46ea-b65b-b9b4580f8991,e87d7dd4-253c-4904-856b-2bc3e4610bbc,2022-05-03 08:42:00,2c7c0b40-21e5-4026-b405-3281a1c094fa,400,25,425
c3c8ee36-982c-4eef-acdd-d3e2150290f3,0716e8f7-31e6-4605-8c33-c9717eb1828b,2022-05-03 08:38:00,2c7c0b40-21e5-4026-b405-3281a1c094fa,600,37,637
ca44c3cc-45c4-49b8-a303-6590c2d1ec59,f5ca275f-bdbe-419a-ac47-5ffc48b1f4fe,2022-05-03 07:42:00,2c7c0b40-21e5-4026-b405-3281a1c094fa,600,37,637
6f75e572-4ad9-402d-8556-4840fcc976f8,770ef8a9-2d3e-436a-8d56-15cbb14191f6,2022-05-03 07:10:00,2c7c0b40-21e5-4026-b405-3281a1c094fa,600,37,637
806b9b1d-5c04-4004-bda0-c6720d6db03f,9cf15c00-66f8-446b-aa1e-6cfaa15a28cd,2022-05-03 07:30:00,2c7c0b40-21e5-4026-b405-3281a1c094fa,500,31,531
0449614e-edf7-4798-b181-cf045b382d62,48509249-030e-4da5-aabe-34c1bb302e05,2022-05-03 12:14:00,2c7c0b40-21e5-4026-b405-3281a1c094fa,4000,250,4250
bfb40cb9-dea8-4dd4-826f-0c6bef56a0d0,c950e872-765f-41c6-9298-08946b5da33c,2022-05-03 13:58:00,2c7c0b40-21e5-4026-b405-3281a1c094fa,600,37,637
c807ac8b-2263-4fde-aec8-e6832a8413c7,0a1537fd-daf7-45b7-9079-4896eebfc105,2022-05-03 07:49:00,2c7c0b40-21e5-4026-b405-3281a1c094fa,700,43,743
c699f363-9f2e-4c8d-aa57-83c6ae8d1bd8,d9f23164-9fc0-4804-9b89-c220b8f14417,2022-05-03 07:00:00,2c7c0b40-21e5-4026-b405-3281a1c094fa,400,25,425
879a689f-f0ba-4bb2-a357-1c6bf6197e72,b1fedc8d-d8e8-45ea-9dfb-5b47351591d6,2022-05-03 17:13:00,2c7c0b40-21e5-4026-b405-3281a1c094fa,1900,118,2018
d10ff83b-7fce-4919-bc8a-0bf5baf1cdaf,e3954c8f-706c-4955-aa47-53462acf95f6,2022-05-03 17:43:00,2c7c0b40-21e5-4026-b405-3281a1c094fa,1800,112,1912
fdaf2dc0-5ace-4a92-9db8-29ea9155f23a,e57fd108-3118-442c-b5b5-7c1add68fb8a,2022-05-03 17:45:00,2c7c0b40-21e5-4026-b405-3281a1c094fa,500,31,531
18cda77e-32df-4cd6-8520-95fa86fbc3ce,7f07fcee-dd67-4eff-8f85-b102c1043eb8,2022-05-03 15:51:00,2c7c0b40-21e5-4026-b405-3281a1c094fa,2000,125,2125
c9e5225d-a8b1-44a4-901e-6460cc3e4f9e,b261ee63-cdf8-409f-a4d5-5a5f5648f8fd,2022-05-03 08:13:00,2c7c0b40-21e5-4026-b405-3281a1c094fa,700,43,743
9870680b-b877-4e59-b3fb-64877f30133c,17314111-8073-4571-82b0-3cbdaf3672bd,2022-05-03 08:09:00,2c7c0b40-21e5-4026-b405-3281a1c094fa,600,37,637
6a191bdd-7f84-4df8-a6e3-9f7ba7d9aeb2,949fe8f4-8334-4f81-b38c-40be2a439d7a,2022-05-03 07:46:00,2c7c0b40-21e5-4026-b405-3281a1c094fa,600,37,637
d55891b6-1f13-4dc8-916e-9bdff6a04572,c00da9ba-d5c6-48cc-a9d7-ae2f6b116876,2022-05-03 07:21:00,2c7c0b40-21e5-4026-b405-3281a1c094fa,500,31,531
e54298f9-a6be-4375-9334-092904841af8,7b07cdef-7550-4398-a827-0f166702558d,2022-05-03 11:40:00,2c7c0b40-21e5-4026-b405-3281a1c094fa,400,25,425
c4fffd6b-d516-4e48-abba-7bae58c5b2b3,7815f514-9fba-4b3a-a396-b1c903e2d5ea,2022-05-03 07:33:00,2c7c0b40-21e5-4026-b405-3281a1c094fa,600,37,637
18ba4b23-cd2c-4cfb-9179-88c44755edfd,cda4a9bc-f8e6-4524-9544-d93d4a610a47,2022-05-03 15:29:00,2c7c0b40-21e5-4026-b405-3281a1c094fa,2000,125,2125
6c09a339-6c23-49e6-812e-94009d3ba627,4ceaf012-7044-4c13-9ff6-afb4f9f197eb,2022-05-03 08:14:00,2c7c0b40-21e5-4026-b405-3281a1c094fa,600,37,637
f8ca96c8-3725-49b1-ae7d-cb18769649ce,81623240-5b2b-4c4c-9123-2b9d204810d4,2022-05-03 12:52:00,2c7c0b40-21e5-4026-b405-3281a1c094fa,0,0,0
3ae06c06-f4c8-4041-ba0a-ed31fb3fa57c,85dc0f8e-0185-44ca-ab0f-e81472fd3739,2022-05-03 17:36:00,2c7c0b40-21e5-4026-b405-3281a1c094fa,1800,112,1912
4dda8d86-3088-4c8f-ab04-aacfd4a647bd,411bf114-1d91-4d9e-9b2e-2eb1e59d80bb,2022-05-03 07:53:00,2c7c0b40-21e5-4026-b405-3281a1c094fa,500,31,531
f4947c61-dfbe-4307-a814-7090046776ba,95482014-2031-41aa-aed1-10e1966f8211,2022-05-03 12:30:00,2c7c0b40-21e5-4026-b405-3281a1c094fa,600,37,637
9b45283c-c437-49c8-9fa8-85fc2a949c05,db840a3d-ae8a-4f70-93d0-a7ceb56ce5d4,2022-05-03 13:28:00,2c7c0b40-21e5-4026-b405-3281a1c094fa,1500,93,1593
d548ba8a-7b44-4042-9312-f1f1129b5bba,5d0a759c-32bd-4362-8ef8-5387885c5bdd,2022-05-03 09:09:00,2c7c0b40-21e5-4026-b405-3281a1c094fa,3000,187,3187
15932c0e-a7d0-494e-8234-107b1944c334,ceac67dd-d360-4dc4-9cc4-c8ae08998559,2022-05-03 16:19:00,2c7c0b40-21e5-4026-b405-3281a1c094fa,600,37,637
c6e5fa14-0885-4a89-bd96-87d185f599cf,33e4eccb-501b-4aae-89bb-fa7087ab00f6,2022-05-03 13:41:00,2c7c0b40-21e5-4026-b405-3281a1c094fa,2800,175,2975
1185685f-6fa6-41e5-b54a-9fdcc8dff497,6cb7ea64-a794-4489-aff9-5d771b62259c,2022-05-03 11:03:00,2c7c0b40-21e5-4026-b405-3281a1c094fa,400,25,425
ae874c33-ed11-4e07-9887-8a19753df9c5,14ebae18-4f6a-4859-bfae-b563d9019e99,2022-05-03 14:39:00,2c7c0b40-21e5-4026-b405-3281a1c094fa,500,31,531
6892bfa2-24d2-4610-b7bb-cd25d1f03410,41ced0f3-bdf3-4470-b30c-bc95aa96f228,2022-05-03 12:32:00,2c7c0b40-21e5-4026-b405-3281a1c094fa,500,31,531
fd33e22b-dc11-4639-ae8a-66c5a622729b,9d117cbc-8206-44fc-a784-1b7e26e69f14,2022-05-03 07:00:00,2c7c0b40-21e5-4026-b405-3281a1c094fa,600,37,637
5c9dd1d9-770a-4774-a31a-040cf5369c1b,ea21e050-07b9-4cfa-9099-53c33cccabdd,2022-05-03 15:12:00,2c7c0b40-21e5-4026-b405-3281a1c094fa,1800,112,1912
d47825ff-2d5b-4f69-af19-df3a86059fa9,b3f5f687-ea5c-49d0-9b70-94ceeb7d8e5e,2022-05-03 16:09:00,2c7c0b40-21e5-4026-b405-3281a1c094fa,700,43,743
3a325344-434b-4dcb-b258-4fb017fe1001,c38122f1-bf34-4609-86ba-ffd1f95e88a1,2022-05-03 07:39:00,2c7c0b40-21e5-4026-b405-3281a1c094fa,400,25,425
27d2e2cb-a0e3-49d2-a945-de7f566061e8,33403027-f2f6-4d5b-b72a-f9a6bd0f75d6,2022-05-03 15:06:00,2c7c0b40-21e5-4026-b405-3281a1c094fa,1500,93,1593
b0b42cc3-6304-49be-b189-f450e8939d69,772d8bfa-fdf2-46f4-a3e9-dc480c44c066,2022-05-03 10:30:00,2c7c0b40-21e5-4026-b405-3281a1c094fa,1100,68,1168
5ccaef3a-121f-428d-8055-daf2793de76b,9fddd59b-8092-44dd-823a-2a10f4a954f3,2022-05-03 08:14:00,2c7c0b40-21e5-4026-b405-3281a1c094fa,400,25,425
8e665633-a395-4e1d-94fe-5ce92f071302,3d0f7b2e-b6d1-44b5-8756-a848f2eab391,2022-05-03 12:08:00,2c7c0b40-21e5-4026-b405-3281a1c094fa,1600,100,1700
b869d1dc-ec65-4866-b486-8a9de43812c6,900c8b72-6cf9-41c2-9528-bfd661a2a6c5,2022-05-03 07:52:00,2c7c0b40-21e5-4026-b405-3281a1c094fa,600,37,637
e9a28b5a-a4b9-44e0-8f7f-fc21c7c38c40,fd0a14de-47c2-4cc3-a067-321ea46cfacb,2022-05-03 11:40:00,2c7c0b40-21e5-4026-b405-3281a1c094fa,700,43,743
41089e5e-9056-48e5-8ba9-3919de84a10e,05d37c9d-0780-45ea-9c41-ae74878ca992,2022-05-03 08:35:00,2c7c0b40-21e5-4026-b405-3281a1c094fa,500,31,531
8fb6ec75-05b1-4754-9577-3093f940041f,2d98fe07-303d-43ac-b2c7-b688f0765087,2022-05-03 08:08:00,2c7c0b40-21e5-4026-b405-3281a1c094fa,500,31,531
d74618a4-f240-423e-b811-07da46363740,f75a6b15-5908-4701-be73-63cc159dd363,2022-05-03 08:03:00,2c7c0b40-21e5-4026-b405-3281a1c094fa,400,25,425
4fe27e73-8dc1-4456-9e3d-d8e7753c0812,325d860f-7129-46e3-84fb-ece38a4a511e,2022-05-03 08:03:00,2c7c0b40-21e5-4026-b405-3281a1c094fa,500,31,531
42628730-1739-4212-819a-073cd8d8f81e,185f50fa-1880-4d33-bffb-0229c00021e1,2022-05-03 09:17:00,2c7c0b40-21e5-4026-b405-3281a1c094fa,600,37,637
44540802-da63-4cca-a7c8-c65fe69f65b5,70de3474-e117-42f3-8d50-5371e1acae17,2022-05-03 17:16:00,2c7c0b40-21e5-4026-b405-3281a1c094fa,1700,106,1806
832fdb47-e400-43df-b90f-772403d25304,82ebe082-4789-437f-b9ad-9b5af2e151f2,2022-05-03 08:43:00,2c7c0b40-21e5-4026-b405-3281a1c094fa,600,37,637
40455ae3-5af8-4e4d-be33-262a278523c5,b20bae30-2c82-4e03-ae3e-c6a9238fa0a2,2022-05-03 08:05:00,2c7c0b40-21e5-4026-b405-3281a1c094fa,400,25,425
87d9579c-cc35-4be7-981a-4454dc5d44bb,0b1434d8-87fe-40c9-9029-702c51ba0dc8,2022-05-03 16:37:00,2c7c0b40-21e5-4026-b405-3281a1c094fa,600,37,637
56f94435-f330-4db9-8c87-54dbf1dcadad,d1d9e650-9178-4395-b1e9-36d4bf78b10b,2022-05-03 15:53:00,2c7c0b40-21e5-4026-b405-3281a1c094fa,1900,118,2018
91c786c6-2b01-477c-a222-7655c6d93170,77679713-afd0-4b0c-84b3-755462888e28,2022-05-03 14:58:00,2c7c0b40-21e5-4026-b405-3281a1c094fa,600,37,637
8e7c6da9-3c50-404d-9308-4b576c2ec68e,54cf7510-06ec-4749-8608-47e47e4bae7e,2022-05-03 13:43:00,2c7c0b40-21e5-4026-b405-3281a1c094fa,1800,112,1912
1afdde21-1924-4872-9cfc-80e512ff61f7,8bdfd5f7-e6c8-4213-90f8-290340275705,2022-05-03 08:40:00,2c7c0b40-21e5-4026-b405-3281a1c094fa,400,25,425
d0f2b004-2699-4cc2-a1f5-07900f4be9e2,cbeee0fc-3284-458f-93fd-3c8b150ac383,2022-05-03 10:20:00,2c7c0b40-21e5-4026-b405-3281a1c094fa,600,37,637
67c53678-d9e5-4837-8f05-984e44127070,4930bc83-623f-498d-9657-e6946df34670,2022-05-03 07:40:00,2c7c0b40-21e5-4026-b405-3281a1c094fa,600,37,637
52531256-62b6-47fb-ba09-e63da37e1b63,ff0e6672-f5c3-49c3-8641-640328bd5e32,2022-05-03 08:02:00,2c7c0b40-21e5-4026-b405-3281a1c094fa,700,43,743
d137a2fb-fee1-4dcd-a301-375db671e907,2126e90c-f785-447f-8084-2c01f266f801,2022-05-03 14:31:00,2c7c0b40-21e5-4026-b405-3281a1c094fa,2300,143,2443
aaf2fefe-c920-400f-b0bb-ee87ab95b3cf,4ed02205-22bb-4bfd-896c-d175d6567c62,2022-05-03 17:03:00,2c7c0b40-21e5-4026-b405-3281a1c094fa,500,31,531
1956b5b9-a505-4681-bddf-f0f642072cb6,86ce2bfe-cfd3-43d7-bf73-302839416a8f,2022-05-03 08:04:00,2c7c0b40-21e5-4026-b405-3281a1c094fa,400,25,425
3b34ab00-8e97-4c50-ac29-79997c57310f,4166ac83-e288-40a4-a9b4-e991ecb409e1,2022-05-03 15:18:00,2c7c0b40-21e5-4026-b405-3281a1c094fa,1900,118,2018
712dbf55-0f42-489d-b39e-c2b8f6a8f615,d3a2e187-0d5f-4c0d-889d-aab3ff2fd8ba,2022-05-03 07:49:00,2c7c0b40-21e5-4026-b405-3281a1c094fa,600,37,637
021fa49c-151f-4159-bf25-2fbb410ee4ae,9f15e740-2f82-40a0-be8d-3d0d64c9dd5c,2022-05-03 12:45:00,2c7c0b40-21e5-4026-b405-3281a1c094fa,900,56,956
2b28cc65-c16c-43b1-a925-ecad5066425c,7e704409-e995-4e26-8eae-5d89eeb90107,2022-05-03 16:46:00,2c7c0b40-21e5-4026-b405-3281a1c094fa,1900,118,2018
d7d32ae0-e220-41b5-947b-bca38eb0c8fc,2aebbf7f-b775-4c03-9a7c-83deebadf4c0,2022-05-03 07:47:00,2c7c0b40-21e5-4026-b405-3281a1c094fa,500,31,531
86b82bc9-49d3-48a6-9687-6ea2fd2620dd,6c89e693-e895-44dc-b33d-28f79f7c619b,2022-05-03 07:43:00,2c7c0b40-21e5-4026-b405-3281a1c094fa,400,25,425
01805c95-ccdb-4740-9e5f-06993658b8f9,32e90055-dc31-432b-8858-e6a60f312009,2022-05-03 13:13:00,2c7c0b40-21e5-4026-b405-3281a1c094fa,1800,112,1912
2529f213-0db1-4d58-9573-dada42c9a14c,7819dde7-1b51-4fa3-8f8a-05d4753ded13,2022-05-03 07:58:00,2c7c0b40-21e5-4026-b405-3281a1c094fa,600,37,637
10194a71-e8cb-46c7-a9b3-32cbcb89fa39,30a2f263-f55c-4b89-83d1-c19eee532a38,2022-05-03 08:25:00,2c7c0b40-21e5-4026-b405-3281a1c094fa,400,25,425
258ab3e4-73ba-4bd0-abe0-cc7e90bbaef3,2c23560c-f644-4386-bfbe-a9743f443c42,2022-05-03 08:12:00,2c7c0b40-21e5-4026-b405-3281a1c094fa,700,43,743
19eca1fe-6c79-4c54-9e7b-0d2c3af1abc4,696f0c48-8a40-4f8f-8859-0850ae368437,2022-05-03 12:19:00,2c7c0b40-21e5-4026-b405-3281a1c094fa,3000,187,3187
e9124f26-d31f-4cf1-9c7b-f18787f26e7c,0fd9e06a-f844-4443-a59f-a35b876d3990,2022-05-03 14:38:00,2c7c0b40-21e5-4026-b405-3281a1c094fa,2200,137,2337
beabee03-27e7-4639-8b6c-e762dfd4aaab,99f8915a-b1ec-40a3-ae24-14f3dd694d12,2022-05-03 08:03:00,2c7c0b40-21e5-4026-b405-3281a1c094fa,600,37,637
700cad76-cc9e-4428-a83f-7ed3269e6a41,8d3cdf25-82d6-4a3d-84c4-f2e0a031b3fe,2022-05-03 11:44:00,2c7c0b40-21e5-4026-b405-3281a1c094fa,1500,93,1593
41284ece-59bc-446f-b3d3-70cfdbaf5ab5,268ffc49-8df7-491e-a596-028aa31492ef,2022-05-03 08:04:00,2c7c0b40-21e5-4026-b405-3281a1c094fa,600,37,637
730dbf50-77ae-49a9-8417-290dc939ec42,3220d599-e583-4cac-9428-261bd8e3b069,2022-05-03 13:47:00,2c7c0b40-21e5-4026-b405-3281a1c094fa,1100,68,1168
d1c0c3ef-84cd-4ef8-a9bb-18afce63fe2d,700e4d1f-cf30-4c0a-973c-7fd20e31e10a,2022-05-03 12:17:00,2c7c0b40-21e5-4026-b405-3281a1c094fa,0,0,0
21fd73f7-28fb-429e-9d4b-11a8e090565e,a2bf5af8-fc65-4552-84a0-265009d977a5,2022-05-03 10:17:00,2c7c0b40-21e5-4026-b405-3281a1c094fa,400,25,425
86f3b3a1-9a93-4c6a-bc59-c504f449495d,0f5163de-14a7-4833-a294-13d3aae250f3,2022-05-03 08:07:00,2c7c0b40-21e5-4026-b405-3281a1c094fa,600,37,637
92d7082e-51ad-41b5-8479-aa09254428e8,539ad641-1092-4ba1-aca8-56e07c8ea39f,2022-05-03 12:13:00,2c7c0b40-21e5-4026-b405-3281a1c094fa,3200,200,3400
473f9ae0-de9e-43df-a31f-8fb794911348,60bc1e14-fc8d-459f-9069-ea94123b17f3,2022-05-03 12:17:00,2c7c0b40-21e5-4026-b405-3281a1c094fa,2900,181,3081
68740812-0bab-473d-9947-4817f24546d7,2228ab7c-91a4-4cac-bebb-8e8f096524b0,2022-05-03 07:57:00,2c7c0b40-21e5-4026-b405-3281a1c094fa,600,37,637
62307d48-54db-4800-9186-515db90f9987,8e784b74-ab3c-4e1d-ac1d-668719158894,2022-05-03 07:52:00,2c7c0b40-21e5-4026-b405-3281a1c094fa,600,37,637
ddb5d8d1-137d-4a97-ba21-2afe3244f986,151f36a5-f3cb-4188-b34c-1964b4fcebbe,2022-05-03 12:46:00,2c7c0b40-21e5-4026-b405-3281a1c094fa,1600,100,1700
23cb46f3-1a13-4ef9-ab0f-80bd27a3dfb6,f2ed3dee-af64-4cc3-abb6-22d3764641b7,2022-05-03 07:57:00,2c7c0b40-21e5-4026-b405-3281a1c094fa,700,43,743
bf99977a-d222-4fc6-87dd-c1533547317f,c77b07ea-c37e-41a3-95f1-813c1f7879db,2022-05-03 08:34:00,2c7c0b40-21e5-4026-b405-3281a1c094fa,500,31,531
35f817e2-766e-4236-92da-46fbf2bbda15,8fb4658e-e123-42df-8e77-a6ed29fc5f38,2022-05-03 15:58:00,2c7c0b40-21e5-4026-b405-3281a1c094fa,600,37,637
dab881ed-ccd5-40ff-b973-cc33f25bac09,54d15939-3a71-4f58-a3f2-0b4f89d3bb64,2022-05-03 16:26:00,2c7c0b40-21e5-4026-b405-3281a1c094fa,1900,118,2018
3b105494-533a-40ee-ad42-055274fee5a6,731a3243-ba6e-4903-ad46-9d414fd8964f,2022-05-03 13:50:00,2c7c0b40-21e5-4026-b405-3281a1c094fa,1900,118,2018
ccafad95-9676-433f-9709-e8c7ffc126d4,27ed9719-c79b-40e1-8104-2725a63c045d,2022-05-03 08:04:00,2c7c0b40-21e5-4026-b405-3281a1c094fa,500,31,531
a354e23a-72f8-4ff2-bdfc-9a0a808b1bfb,198d803b-ea1a-4a2f-8e03-df5350c8f196,2022-05-03 14:05:00,2c7c0b40-21e5-4026-b405-3281a1c094fa,500,31,531
92a49fa7-e81a-4576-b207-ed5352ed44cc,f4077df6-3f65-49a0-8b0a-6832b2d150f1,2022-05-03 08:02:00,2c7c0b40-21e5-4026-b405-3281a1c094fa,600,37,637
20418559-3b6f-4180-a608-40a49d787afb,c8d5f897-ee46-4420-9672-70cd7d878c30,2022-05-03 11:55:00,2c7c0b40-21e5-4026-b405-3281a1c094fa,500,31,531
703c8d84-6598-4d6c-b1ce-2306c1e90f7f,0e0470a9-b5e2-4230-82fe-65e5ca22fb62,2022-05-03 12:25:00,2c7c0b40-21e5-4026-b405-3281a1c094fa,700,43,743
4e8029e9-1a4f-40f9-8007-d7bf20a818f3,7ccf52c5-9a61-4cdd-b066-1861d44d7118,2022-05-03 16:22:00,2c7c0b40-21e5-4026-b405-3281a1c094fa,700,43,743
264949d2-5955-4ad6-81ed-7df3ad693aa1,2c03dde5-9104-4078-95cc-262c4d4e306c,2022-05-03 17:03:00,2c7c0b40-21e5-4026-b405-3281a1c094fa,600,37,637
c8bd6208-9dd8-4868-b720-612b8f71c4eb,ac4afb8d-0558-4ead-8f52-e442e2dd4924,2022-05-03 08:08:00,2c7c0b40-21e5-4026-b405-3281a1c094fa,600,37,637
4eb31072-2efb-449b-977d-082c94704df2,877008e3-94f7-4843-a311-34a98d98fade,2022-05-03 16:36:00,2c7c0b40-21e5-4026-b405-3281a1c094fa,1800,112,1912
001ba264-782f-458f-a977-ff1a0b816d71,01eafdd9-7ae4-4fc1-81eb-f1b2360d17f6,2022-05-03 13:17:00,2c7c0b40-21e5-4026-b405-3281a1c094fa,2000,125,2125
afaef4bf-fc36-488a-b003-7c970294d715,b9d253c1-b0be-4045-ad56-78846256bc9b,2022-05-03 07:20:00,2c7c0b40-21e5-4026-b405-3281a1c094fa,600,37,637
ed36102b-9459-4ee6-98f3-da86697039a7,a199f995-f93f-450a-9dd2-4747e733f032,2022-05-03 08:05:00,2c7c0b40-21e5-4026-b405-3281a1c094fa,600,37,637
948acda0-b7e3-41d9-ac61-c63566cade08,9e954843-2542-4dcb-b42b-15afeb6f54b1,2022-05-03 14:20:00,2c7c0b40-21e5-4026-b405-3281a1c094fa,600,37,637
a75f8c2f-b36a-4506-815d-cbcf0b15953c,cf2d6243-d331-4c68-ae61-784a22223470,2022-05-03 07:20:00,2c7c0b40-21e5-4026-b405-3281a1c094fa,600,37,637
3dcdda48-e631-49eb-9ea7-f66f8858fb99,6a70bb64-0e00-43ef-9d71-59e6ff9d605f,2022-05-03 07:14:00,2c7c0b40-21e5-4026-b405-3281a1c094fa,400,25,425
effcf10b-d936-4c78-a5e8-082ffd19b4cf,e3194d11-8cfa-45a1-bf58-318f63ed3179,2022-05-03 07:30:00,2c7c0b40-21e5-4026-b405-3281a1c094fa,700,43,743
c10f0de5-9519-4d6d-a7a3-51899737139c,95d47085-8645-4f96-bfdb-3e8d8280e39e,2022-05-03 17:40:00,2c7c0b40-21e5-4026-b405-3281a1c094fa,1900,118,2018
0c251fdb-293c-4737-a351-d014b8927e92,f558905d-ff4a-41c3-9033-b5c2e2a25d25,2022-05-03 12:38:00,2c7c0b40-21e5-4026-b405-3281a1c094fa,1700,106,1806
fe905c04-eeb3-4b3b-845a-0807d525be1f,de26451c-3959-420f-a098-380adce42371,2022-05-03 18:11:00,2c7c0b40-21e5-4026-b405-3281a1c094fa,600,37,637
755af03f-a7f6-4243-8207-c096fa8c938c,0b4e3ffe-f5f7-4114-b024-c6db96ded07c,2022-05-03 07:55:00,2c7c0b40-21e5-4026-b405-3281a1c094fa,600,37,637
1071400d-daec-4be3-b8da-c4a523e01d51,125ad5f0-4a79-4f14-b3a4-47a0d92e2f72,2022-05-03 12:10:00,2c7c0b40-21e5-4026-b405-3281a1c094fa,1100,68,1168
978d24fd-fcc3-4c1a-b7be-375e045dcbb6,04f0e58e-9310-4613-9620-9d86a9aac81e,2022-05-03 08:19:00,2c7c0b40-21e5-4026-b405-3281a1c094fa,600,37,637
acf528c5-0b48-4e89-9fb6-c681ba59bc15,f108b09a-f3b1-4d80-b3d3-0610542982ea,2022-05-03 07:58:00,2c7c0b40-21e5-4026-b405-3281a1c094fa,600,37,637
91d2c77c-5b61-4e1c-bca6-ce1b2b885d3b,1d4f1fe4-7afc-4f0f-b019-c1e2b9c4d001,2022-05-03 08:33:00,2c7c0b40-21e5-4026-b405-3281a1c094fa,600,37,637
430c49eb-3e42-4571-8a11-3fe0e594d9e0,e936075e-f265-47cf-9324-35d6187af866,2022-05-03 13:26:00,2c7c0b40-21e5-4026-b405-3281a1c094fa,700,43,743
f0993a37-d0d0-4c0e-893e-68f9c7e85421,e3d19320-c4f4-41ba-b6a0-684f4897e53d,2022-05-03 13:08:00,2c7c0b40-21e5-4026-b405-3281a1c094fa,600,37,637
2553ad89-f5c4-443f-a915-b3b877cbb90c,2b0dd3ef-74b8-4b6a-bd42-b747870fbd42,2022-05-03 08:00:00,2c7c0b40-21e5-4026-b405-3281a1c094fa,500,31,531
0508c274-9709-4b99-8c71-3d2b5bfc2802,73e150b4-e63b-40f5-8b1e-e3b0017300f7,2022-05-03 16:18:00,2c7c0b40-21e5-4026-b405-3281a1c094fa,700,43,743
9b92634a-8901-4206-bfbd-2c4c2ef9687e,e514ebbf-5c53-4da6-a747-46f269467d0a,2022-05-03 10:59:00,2c7c0b40-21e5-4026-b405-3281a1c094fa,700,43,743
0e6eb840-7f22-4bb3-becc-6ca3b06ce95a,f58ade35-beb2-412f-a459-0684fedf4d28,2022-05-03 07:45:00,2c7c0b40-21e5-4026-b405-3281a1c094fa,500,31,531
0c980607-583a-484b-a15d-7683d5cb7712,e9ed64ae-e9bc-49a1-956f-fb7c07e2f289,2022-05-03 08:00:00,2c7c0b40-21e5-4026-b405-3281a1c094fa,600,37,637
7f6abd5f-f5ff-4202-afab-ba9a415a27a2,8cdfd70a-f030-42d1-ac6b-815aa77d768d,2022-05-03 10:22:00,2c7c0b40-21e5-4026-b405-3281a1c094fa,1600,100,1700
6933c263-3e90-4d28-a75d-4d7886a797e4,ad406609-038c-4d8f-908b-29eb83eddb40,2022-05-03 07:53:00,2c7c0b40-21e5-4026-b405-3281a1c094fa,500,31,531
428bc1bf-84f9-49ed-93c8-68a1f2080f90,74c597ea-d195-4bd1-aa04-e427bec2fa17,2022-05-03 07:47:00,2c7c0b40-21e5-4026-b405-3281a1c094fa,500,31,531
8dec1383-a8ef-4ebe-ab93-6e1239a1e7eb,4cce8105-937e-47f6-a79a-245b6422e04f,2022-05-03 08:07:00,2c7c0b40-21e5-4026-b405-3281a1c094fa,600,37,637
7a6564c0-7903-4617-bc56-a6b1512233a5,325ac660-f37c-4ee1-9a04-d41de102801e,2022-05-03 11:36:00,2c7c0b40-21e5-4026-b405-3281a1c094fa,1100,68,1168
8f3436d1-cd2f-46e7-8158-c39dd0ce3cbd,2ff62908-2a68-4369-9d9c-86aa573ca4f2,2022-05-03 12:39:00,2c7c0b40-21e5-4026-b405-3281a1c094fa,700,43,743
0aa35fec-4784-4db5-bc65-73fee72bdb8a,d88640a1-b1be-4103-b8e4-b43117d8244c,2022-05-03 12:25:00,2c7c0b40-21e5-4026-b405-3281a1c094fa,400,25,425
c5dee512-6475-406f-9e22-0fa41b8ed18e,f09b7477-29b1-4d00-800b-d12d278ac830,2022-05-03 19:16:00,2c7c0b40-21e5-4026-b405-3281a1c094fa,700,43,743
ddf76d7d-b009-45a5-a12c-83c074628a6b,80e1531e-0b86-460a-84d1-e56dedaabaa2,2022-05-03 13:31:00,2c7c0b40-21e5-4026-b405-3281a1c094fa,600,37,637
a4e1ab74-1401-4758-88f7-c1a8dbd2e03f,fd31aa05-c88c-426d-9cd4-1bb676a9aab0,2022-05-03 11:03:00,2c7c0b40-21e5-4026-b405-3281a1c094fa,600,37,637
2df79e2b-1133-4dda-a326-9b72e5db2f55,717b775b-5eaa-463e-ba45-ac45e63cc1ca,2022-05-03 08:42:00,2c7c0b40-21e5-4026-b405-3281a1c094fa,1100,68,1168
4b2cb9dc-b70f-4f47-8a53-92394ef3fac3,290a6471-6527-42db-8a85-6452a351b89d,2022-05-03 08:50:00,2c7c0b40-21e5-4026-b405-3281a1c094fa,600,37,637
d8249d81-9534-43ac-bc2f-5b817ebbb096,f89fcee5-0944-4ab1-b8f9-7b894803324b,2022-05-03 12:54:00,2c7c0b40-21e5-4026-b405-3281a1c094fa,400,25,425
d620da68-b7d5-43a2-a68f-8ab183fc5d9b,32a7e957-1f4f-4b39-8809-e6b90a909480,2022-05-03 14:54:00,2c7c0b40-21e5-4026-b405-3281a1c094fa,1800,112,1912
d06f8448-b05b-4f68-bb60-e45bbdf617db,5ce71596-3a6b-4485-b3e0-f1ea2226a655,2022-05-03 11:31:00,2c7c0b40-21e5-4026-b405-3281a1c094fa,1600,100,1700
fdfb84db-d024-4ba1-8897-2bcaef0f9053,0ddc410e-f67a-4ea5-8b59-8efea281727e,2022-05-03 08:25:00,2c7c0b40-21e5-4026-b405-3281a1c094fa,600,37,637
a0093c21-fb6c-48c4-beb2-cbc5d38f3382,09a6f48f-08f7-4722-876e-34a69cd5afe0,2022-05-03 09:17:00,2c7c0b40-21e5-4026-b405-3281a1c094fa,600,37,637
6ac6c1f3-403e-4b64-b97f-c1fa329bad4b,da04cf5e-9160-4b55-b29b-bac89e3efdef,2022-05-03 17:23:00,2c7c0b40-21e5-4026-b405-3281a1c094fa,700,43,743
899a00fd-91ab-4e6c-8c2c-f456997cfef2,61221960-ce6c-49aa-9007-6deaee1fe79c,2022-05-03 08:24:00,2c7c0b40-21e5-4026-b405-3281a1c094fa,400,25,425
256fb6c4-fd9b-4838-8117-7b9656ca3f2f,fa87813c-8642-4647-819a-d45cdf464ec7,2022-05-03 15:06:00,2c7c0b40-21e5-4026-b405-3281a1c094fa,1600,100,1700
cc109565-6feb-45b6-8f7f-f7f69e17bb14,95f8367b-c25a-481d-920e-5020e5aa6357,2022-05-03 19:57:00,2c7c0b40-21e5-4026-b405-3281a1c094fa,1000,62,1062
063ffae4-75c0-4486-81db-3a169847e092,e4f06dfc-7b35-4388-8282-b5649cafa195,2022-05-03 14:00:00,2c7c0b40-21e5-4026-b405-3281a1c094fa,1800,112,1912
a4c45bb5-7e70-4fc0-977c-0853ffd17b01,9258bdcd-9fa0-41f5-9ea0-8fa72ab25157,2022-05-03 08:05:00,2c7c0b40-21e5-4026-b405-3281a1c094fa,400,25,425
251195ea-7d77-4bd8-8ed4-76863ea428a1,183fa501-3888-47e3-a4ed-901c09ef0c11,2022-05-03 10:13:00,2c7c0b40-21e5-4026-b405-3281a1c094fa,3900,243,4143
0baaaa71-308b-48d0-9bdb-ba1348700679,fa86383d-5c05-4a18-b6eb-6f97cf794762,2022-05-03 08:32:00,2c7c0b40-21e5-4026-b405-3281a1c094fa,700,43,743
a7257a59-d4d1-455a-bfe5-c44d9b248104,225cedf2-e2bb-48d4-9737-4b90a89aa988,2022-05-03 16:36:00,2c7c0b40-21e5-4026-b405-3281a1c094fa,600,37,637
3a3b421f-cae5-4ba7-af2d-7b59f88b481e,a8dd9b84-ec8e-4a39-b972-077d70029935,2022-05-03 13:48:00,2c7c0b40-21e5-4026-b405-3281a1c094fa,1200,75,1275
ca10118f-03e4-47d4-9a1d-9c5d47de7d28,b330ba9a-70a3-47c1-9e4d-5ee87da77593,2022-05-03 14:25:00,2c7c0b40-21e5-4026-b405-3281a1c094fa,500,31,531
95affb85-5381-47da-8bbd-4eb1c13093de,af3dc3c6-d7d9-4803-90d7-b55e79b22d76,2022-05-03 07:34:00,2c7c0b40-21e5-4026-b405-3281a1c094fa,500,31,531
6659c7bc-b537-4f22-8e61-fbb158c66528,ffaf2c96-a99d-4903-a02b-7e5eb0994fa5,2022-05-03 18:38:00,2c7c0b40-21e5-4026-b405-3281a1c094fa,1900,118,2018
c0ee2b6d-c535-41bc-8321-5798bd5c7905,7187df43-a9cd-4d7d-9c30-f9bd4c359acd,2022-05-03 08:20:00,2c7c0b40-21e5-4026-b405-3281a1c094fa,600,37,637
546472bd-3333-4eec-981d-b4333168898e,d9e29bad-fb1a-4823-b64a-387f3730d778,2022-05-03 07:15:00,2c7c0b40-21e5-4026-b405-3281a1c094fa,500,31,531
c26c0006-4a44-423c-9e0d-e8b02d5ea977,5d20b1af-4da2-4c21-9162-be96e4a17e16,2022-05-03 17:17:00,2c7c0b40-21e5-4026-b405-3281a1c094fa,400,25,425
4ec499b7-5458-4513-ace9-5e46709a3cd3,1edc0be5-374b-4971-b3e7-22d6827cc5af,2022-05-03 18:35:00,2c7c0b40-21e5-4026-b405-3281a1c094fa,400,25,425
71827a81-3a79-44dd-b3a8-51bcf03483af,5d522def-3044-4408-8540-042f8cff562b,2022-05-03 16:25:00,2c7c0b40-21e5-4026-b405-3281a1c094fa,700,43,743
f74535e9-3ae3-46cc-a811-20ef9eebefe2,37cde76d-d177-41a0-bb0b-6c40df3f37b1,2022-05-03 07:55:00,2c7c0b40-21e5-4026-b405-3281a1c094fa,700,43,743
090c4e28-08a6-4709-b3f0-961c6bc30d41,490eb03b-b6c7-4dc9-81db-76fc63f7e94e,2022-05-03 11:16:00,2c7c0b40-21e5-4026-b405-3281a1c094fa,600,37,637
23a33226-1678-4a92-9c9d-9be7d58ece7d,90b91ce7-46e2-4b12-baa8-2cdfa15656ea,2022-05-03 08:11:00,2c7c0b40-21e5-4026-b405-3281a1c094fa,500,31,531
2b6c8f3d-3ced-4fda-977f-2b07cbe6cfb7,4f65c9cf-09ca-407b-9eb9-d1927236fed1,2022-05-03 10:51:00,2c7c0b40-21e5-4026-b405-3281a1c094fa,2000,125,2125
6322e944-b0e1-44bb-8bed-434b8a3b6c50,6580d0a6-b610-43c9-98b4-0b3a4d35181f,2022-05-03 07:59:00,2c7c0b40-21e5-4026-b405-3281a1c094fa,400,25,425
93068fed-57cb-407f-b8e1-d7d17971dcf1,ea7f3c07-7866-45ed-9af2-75c96025c924,2022-05-03 14:05:00,2c7c0b40-21e5-4026-b405-3281a1c094fa,600,37,637
028c13f7-7f05-4a31-9d98-56fadd1a89f2,3b910127-b73e-48af-add0-951120f9c1c7,2022-05-03 17:31:00,2c7c0b40-21e5-4026-b405-3281a1c094fa,600,37,637
b1ca6254-ed11-41c0-b9b6-497efae19a32,8b7c60db-4f5b-40d2-ac84-2a4e24196bd3,2022-05-03 08:13:00,2c7c0b40-21e5-4026-b405-3281a1c094fa,600,37,637
c53c28b1-6b3e-4950-9c51-1d47f94b54bf,f09f4350-ea88-425f-a370-f9f2b06c63ac,2022-05-03 13:08:00,2c7c0b40-21e5-4026-b405-3281a1c094fa,600,37,637
009f8b25-50dc-4e06-9fca-48079ac6137d,d9f56e87-a63f-42db-a715-ecfd7c776e6c,2022-05-03 07:54:00,2c7c0b40-21e5-4026-b405-3281a1c094fa,400,25,425
42366621-5271-4389-a201-465462f53d09,914a31cb-ac05-4d33-84c3-8ba56558f6fb,2022-05-03 07:52:00,2c7c0b40-21e5-4026-b405-3281a1c094fa,600,37,637
271cb0be-58fa-475e-922c-075c84a9a5a3,13762769-d697-4b42-a879-4f97cf15f390,2022-05-03 12:02:00,2c7c0b40-21e5-4026-b405-3281a1c094fa,1300,81,1381
098e89d6-5efa-4041-a2dc-c2f7bd52569d,73351b1f-87c4-4ec1-a2d3-0c7034a48f70,2022-05-03 14:52:00,2c7c0b40-21e5-4026-b405-3281a1c094fa,1600,100,1700
6752fa6d-953c-404c-8d11-c750e9a85b36,3fd3b778-820c-446d-9461-9dfda90aa25e,2022-05-03 08:18:00,2c7c0b40-21e5-4026-b405-3281a1c094fa,600,37,637
ea8d1f5c-31d7-48ae-90c3-1e05a8eaa082,42e5a617-ec38-425c-aec8-2dc4ef5a53d7,2022-05-03 17:06:00,2c7c0b40-21e5-4026-b405-3281a1c094fa,400,25,425
7f6720e1-63a7-4c26-b146-f3b9d5a21d80,163f378a-a94c-4a9c-b6f0-53730585540a,2022-05-03 08:59:00,2c7c0b40-21e5-4026-b405-3281a1c094fa,400,25,425
89f3cf6d-2631-4978-89cd-889898ee1c04,d80e2256-edee-4660-8e37-21cb670389f5,2022-05-03 11:43:00,2c7c0b40-21e5-4026-b405-3281a1c094fa,1000,62,1062
2b9bd192-6a82-47bb-96f4-adb14b54ca89,a2a067a7-47b7-4c15-a37f-f29551998f16,2022-05-03 11:57:00,2c7c0b40-21e5-4026-b405-3281a1c094fa,500,31,531
8967787f-eb58-497d-8eb8-db938fdaa20b,af23a8f9-7c01-484b-948c-15c04b633ecb,2022-05-03 13:07:00,2c7c0b40-21e5-4026-b405-3281a1c094fa,600,37,637
194b5432-aa29-4b0c-9ebe-d1dfd784a171,57bc2478-af54-4b82-b035-3989f131d138,2022-05-03 13:50:00,2c7c0b40-21e5-4026-b405-3281a1c094fa,1500,93,1593
0c37740a-7963-497b-982b-2a6e7c541720,6a4c7390-cd12-4f21-867f-1fd27ed0529f,2022-05-03 14:24:00,2c7c0b40-21e5-4026-b405-3281a1c094fa,1900,118,2018
ef278eba-1c87-45cd-a675-edce45e0c477,d689cb26-458f-402b-aa4a-aae632f9d57d,2022-05-03 07:18:00,2c7c0b40-21e5-4026-b405-3281a1c094fa,500,31,531
7a486766-9e3e-43ff-a772-357432d5004a,ec200c8d-8fb0-4370-a443-0ef74c624392,2022-05-03 07:28:00,2c7c0b40-21e5-4026-b405-3281a1c094fa,700,43,743
7dbb0aef-ff86-4f92-9f2e-0ac31d386267,d9cc6c50-9928-4d4f-8750-24817ff2bc24,2022-05-03 08:27:00,2c7c0b40-21e5-4026-b405-3281a1c094fa,500,31,531
18fc7557-cd72-4f00-a4e6-792ca3e6776d,4d56719c-923f-4b2e-ad9b-fb3f63869a1c,2022-05-03 16:51:00,2c7c0b40-21e5-4026-b405-3281a1c094fa,1500,93,1593
8d92c6d4-52fb-4547-8a57-fddf35d189a4,cb4b008e-1007-492c-80f1-c341d3956d37,2022-05-03 14:57:00,2c7c0b40-21e5-4026-b405-3281a1c094fa,500,31,531
324ba0df-0093-4159-9193-1b51a3734a0c,f42f9a30-6970-4860-a605-2683706990ab,2022-05-03 11:51:00,2c7c0b40-21e5-4026-b405-3281a1c094fa,700,43,743
3a295a97-8093-4202-b9f3-352f31947108,332a1502-92d0-4eca-abc8-3733b038dba7,2022-05-03 13:39:00,2c7c0b40-21e5-4026-b405-3281a1c094fa,700,43,743
4e0b532d-0a3e-4ac0-bd8e-1da347635a15,dea24063-82bc-4e4d-8ff1-ce2ad51ba43c,2022-05-03 17:12:00,2c7c0b40-21e5-4026-b405-3281a1c094fa,1700,106,1806
554d2070-0344-4b6e-ae36-b947b559a343,c83203f8-a243-44c6-beb5-6f579475ce13,2022-05-03 14:26:00,2c7c0b40-21e5-4026-b405-3281a1c094fa,1800,112,1912
580ab628-bd49-4a02-8304-1d02cc72cda7,8d221043-e280-4b5b-a3e1-df9e96adc1ef,2022-05-03 15:06:00,2c7c0b40-21e5-4026-b405-3281a1c094fa,600,37,637
f5ee426b-9aec-46b3-9dc9-5e97195edf57,5ef51cb8-5373-43ab-baa8-bc0bf0b1f03a,2022-05-03 08:24:00,2c7c0b40-21e5-4026-b405-3281a1c094fa,600,37,637
170df45c-9f23-4af5-8121-b85353cb5ed7,532ea9a3-d791-4781-9da2-01fff6161ac4,2022-05-03 15:20:00,2c7c0b40-21e5-4026-b405-3281a1c094fa,1300,81,1381
580ceb6d-8b38-41db-8ac9-0bfdf4ea00b0,1e3c848c-e4ec-483c-9ae8-52d3965fd30f,2022-05-03 09:07:00,2c7c0b40-21e5-4026-b405-3281a1c094fa,1200,75,1275
b1c7ab4e-f624-4118-9088-77fb2b2e4c01,82ffeefb-7c59-4625-be1d-d1a60cf599e0,2022-05-03 13:59:00,2c7c0b40-21e5-4026-b405-3281a1c094fa,600,37,637
77e91f42-2143-48b2-9b23-a805f56024a6,776c8db3-e7d4-427e-b6ac-9c5b6d3c9a95,2022-05-03 17:07:00,2c7c0b40-21e5-4026-b405-3281a1c094fa,600,37,637
18477908-d417-4441-8f13-b07d57ac58bd,c63d7b39-84c4-496f-9e49-b022d4c67379,2022-05-03 14:38:00,2c7c0b40-21e5-4026-b405-3281a1c094fa,600,37,637
aeff7933-edb9-447a-b3c6-5c66b54820ee,80fbd5cc-a16a-4bfc-b2d6-4c96963c7272,2022-05-03 15:19:00,2c7c0b40-21e5-4026-b405-3281a1c094fa,1800,112,1912
d729e53a-435b-499c-a7fb-cad73c5a957e,567ad296-7827-479a-904c-03986fcd533f,2022-05-03 16:08:00,2c7c0b40-21e5-4026-b405-3281a1c094fa,400,25,425
517030e1-4a1c-4bc3-84e5-3bb9ca7b22ca,6ccf4269-e194-462e-8c01-8c5955d6bd1c,2022-05-03 08:20:00,2c7c0b40-21e5-4026-b405-3281a1c094fa,400,25,425
f638e423-6ed2-48d2-bc30-b38b46b2bd8a,e3031c45-e8dc-4f53-a9d9-d3d2d6da4eab,2022-05-03 08:34:00,2c7c0b40-21e5-4026-b405-3281a1c094fa,400,25,425
53bce5fa-8344-4f0b-becd-a09eb8fa67d2,f438a665-870f-4f64-b48e-1ee83bfc1aba,2022-05-03 16:41:00,2c7c0b40-21e5-4026-b405-3281a1c094fa,600,37,637
0b7b1984-8212-4272-951a-76748ea3d3ca,c9cbb253-97c7-485c-b85f-451a18192201,2022-05-03 08:12:00,2c7c0b40-21e5-4026-b405-3281a1c094fa,700,43,743
93053a23-d396-4683-bc18-f1a0759bc2b5,6baf1e46-52c6-4e6d-8297-848fe09a0a7d,2022-05-03 13:34:00,2c7c0b40-21e5-4026-b405-3281a1c094fa,2700,168,2868
e55edbfc-f3f3-4095-984c-24b2b0f81721,28cb7926-5024-4e70-bcdb-6f122584b666,2022-05-03 16:15:00,2c7c0b40-21e5-4026-b405-3281a1c094fa,400,25,425
25d48fc3-a80d-46ab-8910-137f3c875dcf,df4b8a9b-7fad-4ccb-aed3-d549db457b35,2022-05-03 18:00:00,2c7c0b40-21e5-4026-b405-3281a1c094fa,1700,106,1806
ef5c2ad3-794b-4431-8019-2655c8112ea2,c9caa866-c448-4027-ac51-350ceb472f0a,2022-05-03 08:21:00,2c7c0b40-21e5-4026-b405-3281a1c094fa,500,31,531
6e74d374-3deb-438b-86a5-00bffa272b62,02deee14-c680-46b5-a231-4a5c23642767,2022-05-03 14:46:00,2c7c0b40-21e5-4026-b405-3281a1c094fa,400,25,425
c2ec5999-2c3b-4902-9909-eaf1cae3b2b4,870e9d5f-72b4-4c42-a21f-7cdae3df8999,2022-05-03 07:27:00,2c7c0b40-21e5-4026-b405-3281a1c094fa,600,37,637
a2508e47-351a-42a8-9e57-5bb1d510af0a,88895029-7409-4d53-bf53-9da65334592c,2022-05-03 09:49:00,2c7c0b40-21e5-4026-b405-3281a1c094fa,400,25,425
fb441581-6fbb-4592-8929-c958715f6b13,98dd44e0-8267-41d7-9ab7-2ec70d317edd,2022-05-03 07:50:00,2c7c0b40-21e5-4026-b405-3281a1c094fa,600,37,637
b3ff62c2-9f25-495a-8b28-0670983105db,3c55c3b5-53c7-4c08-ae08-36d5c77362e5,2022-05-03 12:16:00,2c7c0b40-21e5-4026-b405-3281a1c094fa,400,25,425
8792b413-8068-4714-935c-b7bfe97df1c6,add5cadc-19b7-496f-be99-3ea4577090a8,2022-05-03 11:34:00,2c7c0b40-21e5-4026-b405-3281a1c094fa,1800,112,1912
6d02f275-ed91-47b7-a003-75fe6cddd490,09a4ab63-59e2-4bb4-ad07-a754cdbbd0f1,2022-05-03 08:00:00,2c7c0b40-21e5-4026-b405-3281a1c094fa,600,37,637
8493a47e-6092-4c29-9032-032cad141507,cfe721e9-2b3c-471c-ab34-165a74d750ea,2022-05-03 07:52:00,2c7c0b40-21e5-4026-b405-3281a1c094fa,500,31,531
69adbb64-9d9e-4623-9ea7-bc2f457bd4f2,f5420e35-c6ff-4311-a571-dbf68fbbdb43,2022-05-03 18:04:00,2c7c0b40-21e5-4026-b405-3281a1c094fa,1600,100,1700
6d2b5324-8a98-4927-baf9-a3952c7e2c2b,fc9504bc-32d7-4418-9b0a-629f0c180cc8,2022-05-03 12:39:00,2c7c0b40-21e5-4026-b405-3281a1c094fa,1800,112,1912
c288fb2d-04c2-4b9e-b61d-729e557a90dd,a369f7d7-177a-49e5-804f-b41b61109600,2022-05-03 07:41:00,2c7c0b40-21e5-4026-b405-3281a1c094fa,600,37,637
41e58ebb-f9d9-4301-9bed-3fb8f034f864,88cf1fe9-96fa-404e-ba49-767d646c0446,2022-05-03 14:45:00,2c7c0b40-21e5-4026-b405-3281a1c094fa,400,25,425
7f0b6434-89f4-40dc-9efa-029d6447d719,365d2e41-1070-4e46-8033-a297d6ef1a98,2022-05-03 08:28:00,2c7c0b40-21e5-4026-b405-3281a1c094fa,600,37,637
f72a3229-4bfc-4c2f-ae36-bcd859318cde,26695097-7378-4faa-9f62-d0e0664ff11e,2022-05-03 07:17:00,2c7c0b40-21e5-4026-b405-3281a1c094fa,600,37,637
0dc9f1b1-8cf9-4e26-84af-0a35b6b6c389,b653f7bd-b936-4fb5-aab7-010797a6d1f2,2022-05-03 19:08:00,2c7c0b40-21e5-4026-b405-3281a1c094fa,1800,112,1912
a87a86cd-137a-4817-8972-376897e386f3,879f8d92-cd5a-45b0-a78c-bb13a5542cfe,2022-05-03 14:46:00,2c7c0b40-21e5-4026-b405-3281a1c094fa,600,37,637
b5ab6c68-1eee-4278-bc65-7782ab7b12ff,763902ed-d882-4eca-a0f1-0b333eb57c8d,2022-05-03 08:37:00,2c7c0b40-21e5-4026-b405-3281a1c094fa,700,43,743
af6e1194-3177-4ee4-99a7-230153804822,690a51c9-e9a4-4ab0-8a98-19b76e98f62a,2022-05-03 16:42:00,2c7c0b40-21e5-4026-b405-3281a1c094fa,1900,118,2018
411cb745-8d35-49ec-8445-bd4315882df4,44078c2b-ff96-4411-ac21-3ac475d9f62f,2022-05-03 08:06:00,059136e5-beb1-43f4-a3fe-9cc14dd0989b,700,52,752
a09ea6fc-fa75-4c73-804f-cc8a1a5217a6,a0354bad-2ea1-40d9-8f93-fd88591247e2,2022-05-03 15:37:00,059136e5-beb1-43f4-a3fe-9cc14dd0989b,600,44,644
76199eec-b5b2-42e3-9dc5-0ea8b2375571,09e7c029-5016-4dfa-8e31-77678314c378,2022-05-03 08:10:00,059136e5-beb1-43f4-a3fe-9cc14dd0989b,600,44,644
7e8ac1f5-c5bf-49b8-9126-a9e8bf4edade,81470d98-dacd-4700-ba0c-0c7913bef08f,2022-05-03 07:24:00,059136e5-beb1-43f4-a3fe-9cc14dd0989b,400,30,430
b58719b2-aa99-498c-9c95-c45e823bd92e,a8581b41-551a-4f0c-b260-7d7001b751b1,2022-05-03 12:27:00,059136e5-beb1-43f4-a3fe-9cc14dd0989b,700,52,752
53eb197e-13c4-4272-8eae-5f8d0e835565,486f7413-79ea-433d-adb4-14d7e49487e8,2022-05-03 19:08:00,059136e5-beb1-43f4-a3fe-9cc14dd0989b,500,37,537
707f20a5-429b-4110-8bbd-8f5f56e63d8e,d0dc284e-b60f-48e9-9b8d-c12ab1d0424c,2022-05-03 07:44:00,059136e5-beb1-43f4-a3fe-9cc14dd0989b,600,44,644
ffc26218-7cee-4bdf-8957-7813d04bbf6b,f1a51900-aed7-4360-a2ff-053803fd229e,2022-05-03 13:03:00,059136e5-beb1-43f4-a3fe-9cc14dd0989b,1700,127,1827
f9ebc81c-a123-46f2-9dbf-2dc3f0325d7e,daeb0a8d-7840-447b-bb99-8952510a6f73,2022-05-03 12:23:00,059136e5-beb1-43f4-a3fe-9cc14dd0989b,700,52,752
ff4a1a7e-b432-4fed-a1a8-4ebc78db5f34,ff2da684-c201-46c5-8d08-053bd768156b,2022-05-03 09:56:00,059136e5-beb1-43f4-a3fe-9cc14dd0989b,400,30,430
7dc83453-a1fb-4494-a6d9-5b8b0dd84fca,71c39325-a7ad-4d27-8f8e-9bd563ba86c3,2022-05-03 15:36:00,059136e5-beb1-43f4-a3fe-9cc14dd0989b,1000,75,1075
8d29e8c2-b52f-43cb-bfe5-38016bb66c1a,9cc660cc-7431-45e4-a363-dfdc24f40577,2022-05-03 16:38:00,059136e5-beb1-43f4-a3fe-9cc14dd0989b,600,44,644
937db021-b379-4d98-b390-acba4601655a,72b98a5e-a9a4-46ad-b5db-be0120ecdb29,2022-05-03 08:47:00,059136e5-beb1-43f4-a3fe-9cc14dd0989b,600,44,644
e6a31ce9-7fe0-4a06-bb81-8b0d9c830017,dcf87a24-5156-453f-b5ef-aac22c14d08c,2022-05-03 15:03:00,059136e5-beb1-43f4-a3fe-9cc14dd0989b,1700,127,1827
9299d1c3-6f99-40d6-9941-df4a7b966b75,f8b78676-afd7-4af9-97ab-f0214590c933,2022-05-03 08:14:00,059136e5-beb1-43f4-a3fe-9cc14dd0989b,600,44,644
9453347b-d93a-4a0b-a58b-46bb4c8df8c2,1c1ac51a-3921-40e4-a21e-99f6f6f6f01b,2022-05-03 09:06:00,059136e5-beb1-43f4-a3fe-9cc14dd0989b,500,37,537
b5411558-5e2b-4b00-b690-09032bc46c9b,3f40e3be-f3ab-4e84-b084-3b2f6f92b1ed,2022-05-03 07:59:00,059136e5-beb1-43f4-a3fe-9cc14dd0989b,500,37,537
1c427f02-4f05-463a-af9d-5cefd255286d,c8754fc3-e053-42e0-9cbd-964bf34f51f6,2022-05-03 11:51:00,059136e5-beb1-43f4-a3fe-9cc14dd0989b,400,30,430
dabcd9d3-d649-4f6d-8745-19cb320c40d6,18b3cb0c-66bf-4610-953a-7d06de368bf4,2022-05-03 08:26:00,059136e5-beb1-43f4-a3fe-9cc14dd0989b,600,44,644
e8a9d0eb-96b7-40a8-af6e-dd3a5447e3f8,e3f6c810-39ff-4eb4-8cc8-3700ee849ace,2022-05-03 08:05:00,059136e5-beb1-43f4-a3fe-9cc14dd0989b,400,30,430
4a365d78-7750-425b-97df-48d59b458a8e,9692b46e-25c9-4e94-875e-0f631d0b3e28,2022-05-03 13:13:00,059136e5-beb1-43f4-a3fe-9cc14dd0989b,700,52,752
54cbf2aa-b401-4087-8607-a34477ea20cd,fbbde25c-9726-4609-bf16-18667aaf6916,2022-05-03 13:56:00,059136e5-beb1-43f4-a3fe-9cc14dd0989b,700,52,752
05d7fd3d-aba8-47d4-ae44-5cf9f56e40ab,2a1fde7e-ff9e-41b3-bb63-60756dd3cca3,2022-05-03 13:33:00,059136e5-beb1-43f4-a3fe-9cc14dd0989b,500,37,537
05ee03eb-fddb-4893-90dc-8618229b4a70,75099e74-ae33-425d-a841-06eb8dbdfb37,2022-05-03 14:58:00,059136e5-beb1-43f4-a3fe-9cc14dd0989b,600,44,644
00da19d5-e9d5-4fbc-b91b-bad8bc20f419,f598c3f9-089b-45ed-bdf2-192ebf4b52a8,2022-05-03 08:20:00,059136e5-beb1-43f4-a3fe-9cc14dd0989b,600,44,644
42c96bbf-f8e8-4bf9-b2ac-9d71d2a3376e,5afdf85a-b5cb-4e72-b99b-b8094cd17122,2022-05-03 10:47:00,059136e5-beb1-43f4-a3fe-9cc14dd0989b,3100,232,3332
005d316d-65d0-4d8b-b5ab-0d9f7d068fe2,dd6054cf-c805-442d-9ba8-23178af8d01c,2022-05-03 07:23:00,059136e5-beb1-43f4-a3fe-9cc14dd0989b,600,44,644
946eb5d8-8025-48a2-8389-c61ce44b5c35,506e4013-8887-496e-9a04-f0e01887e821,2022-05-03 07:00:00,059136e5-beb1-43f4-a3fe-9cc14dd0989b,600,44,644
db535852-7d15-41ce-aaa1-5d4ec2e2338f,6b35587c-c967-4880-9328-d1f4642235e4,2022-05-03 15:13:00,059136e5-beb1-43f4-a3fe-9cc14dd0989b,500,37,537
087a6fac-f6d7-40fc-b0e4-a0ca0f738b16,286c7b1a-c254-4b5a-aed6-0b013043d54d,2022-05-03 12:12:00,059136e5-beb1-43f4-a3fe-9cc14dd0989b,2900,217,3117
c0e331bb-6654-406a-bbd7-dee8777d726b,0bd2b5e2-1051-47d3-9c88-8fe2cce0d72c,2022-05-03 07:00:00,059136e5-beb1-43f4-a3fe-9cc14dd0989b,600,44,644
a5f91d49-3933-4330-ba0f-f3e3fb32b809,dce91346-49e1-4dc0-8151-0aee0146f7b0,2022-05-03 07:46:00,059136e5-beb1-43f4-a3fe-9cc14dd0989b,500,37,537
89fd6ba3-b4b2-485e-a37f-c8f543a65e31,44cd1c90-3e7d-45f1-b7a7-eb24f631ec62,2022-05-03 10:39:00,059136e5-beb1-43f4-a3fe-9cc14dd0989b,400,30,430
f38a9fe5-804d-4353-9b9f-f28c8d891c6e,3ba06841-e0f5-4986-a061-a20a8d1a9468,2022-05-03 08:16:00,059136e5-beb1-43f4-a3fe-9cc14dd0989b,500,37,537
7a303fd6-491f-4e29-82bc-2d8991f9efe1,08a94312-0375-4898-8816-c527f1a9e954,2022-05-03 07:13:00,059136e5-beb1-43f4-a3fe-9cc14dd0989b,400,30,430
6ef02035-032d-4db7-8519-ac5b5f10bb0d,7018d6b2-3bff-425d-9c6b-bdbdc3f5049e,2022-05-03 15:53:00,059136e5-beb1-43f4-a3fe-9cc14dd0989b,600,44,644
b936f744-8a75-4052-88c2-e754c934e9e4,79729105-3697-4b71-a71a-ef98faaff6e9,2022-05-03 07:26:00,059136e5-beb1-43f4-a3fe-9cc14dd0989b,600,44,644
a2c29884-1712-431e-b537-025d73bb96ae,ab9a0bd4-92b5-4830-85c6-278efca955b1,2022-05-03 11:31:00,059136e5-beb1-43f4-a3fe-9cc14dd0989b,600,44,644
3d54d6e4-4cc3-4973-8123-83673d8d8de2,877a7a1a-64dc-41df-8363-8d8e37450087,2022-05-03 16:50:00,059136e5-beb1-43f4-a3fe-9cc14dd0989b,1700,127,1827
fc7afe07-c390-4f86-b005-7909e6f46bb4,823ed844-fd3f-49a3-acd0-c94ccbede0c4,2022-05-03 14:17:00,059136e5-beb1-43f4-a3fe-9cc14dd0989b,1900,142,2042
b839e0b0-f165-4a72-b0b9-e24be2d43d69,b0307cea-2d3c-4d8b-8a8a-ff40768baf60,2022-05-03 08:08:00,059136e5-beb1-43f4-a3fe-9cc14dd0989b,400,30,430
be2254be-cb54-411a-b456-400af090391a,3c804db9-c8df-4b39-a554-920bb75231af,2022-05-03 08:29:00,059136e5-beb1-43f4-a3fe-9cc14dd0989b,400,30,430
45ca2502-6cf3-4e48-8762-5167b11e3e1a,e9a5b80f-7b20-4349-bdbd-3568afefbedd,2022-05-03 11:12:00,059136e5-beb1-43f4-a3fe-9cc14dd0989b,900,67,967
93d7a000-2be6-43df-9c99-74d583bd2461,f7ad63c5-7073-4979-a425-55175695dc63,2022-05-03 07:54:00,059136e5-beb1-43f4-a3fe-9cc14dd0989b,700,52,752
d38a5ed3-4d58-4981-ae3d-abf95d7ea228,a0cf9c75-f7b3-4933-a348-25b101bd09cb,2022-05-03 13:32:00,059136e5-beb1-43f4-a3fe-9cc14dd0989b,1700,127,1827
d45e6b35-a938-4798-bd40-1b65f3470258,c1cfb454-4447-43c5-a7b6-6769a6d3506e,2022-05-03 07:33:00,059136e5-beb1-43f4-a3fe-9cc14dd0989b,700,52,752
9bb79280-3527-47bc-a390-9dd411667487,781e5cf8-ed9f-4299-a163-e6a677bbe364,2022-05-03 08:42:00,059136e5-beb1-43f4-a3fe-9cc14dd0989b,700,52,752
106f1a20-8eb1-490e-abab-7c975ff1400e,050ddc48-4654-4eda-bca1-7f1fb8704f7a,2022-05-03 08:28:00,059136e5-beb1-43f4-a3fe-9cc14dd0989b,500,37,537
a4c8b280-aba1-49c1-9988-fb92116cab7b,10302e54-e659-4d7e-ac35-4df71a7d22ea,2022-05-03 15:54:00,059136e5-beb1-43f4-a3fe-9cc14dd0989b,1200,89,1289
89a061b1-5779-4ef3-8e9a-abf563cf5f88,2fa283a1-4467-4a1f-a6eb-da027d38ba02,2022-05-03 08:30:00,059136e5-beb1-43f4-a3fe-9cc14dd0989b,500,37,537
2c049b72-5b76-4205-bc21-c90a11111840,8579dc59-feca-41a5-805a-7ad410476f97,2022-05-03 17:12:00,059136e5-beb1-43f4-a3fe-9cc14dd0989b,700,52,752
772ef735-0859-41ea-b9b5-8f33dab96adf,d402ab9e-b483-45d9-9d7a-2c18331a665a,2022-05-03 19:17:00,059136e5-beb1-43f4-a3fe-9cc14dd0989b,1900,142,2042
8603c36a-412d-4d69-aa47-bcda2fafd00d,c1d77bb3-f950-455e-9f7e-6dc773482a79,2022-05-03 12:33:00,059136e5-beb1-43f4-a3fe-9cc14dd0989b,500,37,537
50df0a66-2d5a-47ea-a429-68aa967a9674,e785b14b-748f-4b64-9589-e822b226f9a8,2022-05-03 09:19:00,059136e5-beb1-43f4-a3fe-9cc14dd0989b,400,30,430
da359c7c-2aa8-4295-8757-12eb78ddb127,31d0513e-0837-4053-8b9a-c3eff3970c19,2022-05-03 16:50:00,059136e5-beb1-43f4-a3fe-9cc14dd0989b,1700,127,1827
0c25309e-e479-4743-9804-65e74c11da42,23bb9204-6575-4bbb-b910-b827f247824b,2022-05-03 07:28:00,059136e5-beb1-43f4-a3fe-9cc14dd0989b,400,30,430
e39c3b03-0f3a-4067-b9ab-3eaa490aa911,6d0c0c08-e3f5-4364-b075-cf5316e41b9f,2022-05-03 10:51:00,059136e5-beb1-43f4-a3fe-9cc14dd0989b,400,30,430
cdcf3f97-bb74-4be0-a153-1234c6a4086d,7d830ecb-c405-4014-9d03-6443ad08dad7,2022-05-03 07:51:00,059136e5-beb1-43f4-a3fe-9cc14dd0989b,500,37,537
5db6d92c-6142-49d4-a9ef-8f030eb0e760,eaf16352-4c93-41eb-abe1-239d134b93b6,2022-05-03 12:33:00,059136e5-beb1-43f4-a3fe-9cc14dd0989b,600,44,644
8ea97a68-a55b-4928-82bb-f53f7ba7b3b5,a72450e6-ac79-41b8-a951-c455c4256bbf,2022-05-03 07:30:00,059136e5-beb1-43f4-a3fe-9cc14dd0989b,600,44,644
f0a41b81-ecd7-40f3-bd74-f55e1f37a924,384c7811-188d-4f66-83fb-2521b09637b5,2022-05-03 07:16:00,059136e5-beb1-43f4-a3fe-9cc14dd0989b,700,52,752
d2474e11-b43e-4f33-be58-9d2f95c9e2d5,16c25ed9-359e-491e-a479-07e803146a44,2022-05-03 13:02:00,059136e5-beb1-43f4-a3fe-9cc14dd0989b,700,52,752
02e1f19e-12b7-4fb8-b1a4-0412289378ec,66284830-04a9-4d43-9b02-ef3ebd475c6b,2022-05-03 16:17:00,059136e5-beb1-43f4-a3fe-9cc14dd0989b,1200,89,1289
12e7dd9c-c6dc-43b0-9d33-b5ef554c4fa1,2c5c0bb7-5aa6-4531-950e-7a90fe92b74d,2022-05-03 08:03:00,059136e5-beb1-43f4-a3fe-9cc14dd0989b,500,37,537
e7a821d2-2af5-4f02-a00a-7e58f0c6f600,79f9014a-5103-4bc1-9806-b175661422e2,2022-05-03 13:40:00,059136e5-beb1-43f4-a3fe-9cc14dd0989b,700,52,752
b4235324-87da-49f2-bdb2-93fcac78747d,e70955bd-402e-406b-9c9b-9a51d74355d6,2022-05-03 12:48:00,059136e5-beb1-43f4-a3fe-9cc14dd0989b,1700,127,1827
a733b096-ece1-4a21-98c7-0b4f326e58bb,c133b21a-6b80-4f3a-8b2e-43df0b4514c7,2022-05-03 08:14:00,059136e5-beb1-43f4-a3fe-9cc14dd0989b,400,30,430
702a7d25-2e03-423a-97b6-53301c262688,ef81bc0d-732d-47f7-af0c-636149b5e9b0,2022-05-03 18:01:00,059136e5-beb1-43f4-a3fe-9cc14dd0989b,1800,135,1935
1bb73dc8-fe82-42bd-8c5c-e58d6d970d77,77867314-f5f6-49f6-a191-06f958efd232,2022-05-03 15:27:00,059136e5-beb1-43f4-a3fe-9cc14dd0989b,1700,127,1827
704cbba8-342e-46f5-bd28-3b7af372f501,d0f85214-b373-4e3b-b6fc-0d50802c7e7b,2022-05-03 08:17:00,059136e5-beb1-43f4-a3fe-9cc14dd0989b,400,30,430
d3c5ce31-054c-438f-87ea-f2d8e6dacc12,a3ccddd5-51c9-48a7-9d7e-de5d5da704a8,2022-05-03 13:06:00,059136e5-beb1-43f4-a3fe-9cc14dd0989b,900,67,967
4556ed9e-e143-44d2-94fd-2110d9fda091,05bd4daf-d823-4927-9486-6a6837585182,2022-05-03 17:47:00,059136e5-beb1-43f4-a3fe-9cc14dd0989b,1900,142,2042
73ac8d3e-5c4f-4c97-a835-d63e5af32d87,efebe247-224d-41d6-8094-612564a8c476,2022-05-03 14:52:00,059136e5-beb1-43f4-a3fe-9cc14dd0989b,1800,135,1935
385a9121-720d-4117-b0a4-1cf861400b5c,3765c425-f1ec-457a-8dec-576eea412dd5,2022-05-03 13:52:00,059136e5-beb1-43f4-a3fe-9cc14dd0989b,5500,412,5912
b3b9111c-29de-4d4a-8c73-0711c52691b3,3a8c813f-cb84-4c7b-b929-95db99df1811,2022-05-03 14:54:00,059136e5-beb1-43f4-a3fe-9cc14dd0989b,700,52,752
3e559e63-24fd-44ec-b2e0-fb114fdb17bf,fe2c2d66-9698-4bbc-8733-0d8cb1b70a1f,2022-05-03 12:48:00,059136e5-beb1-43f4-a3fe-9cc14dd0989b,700,52,752
178e140d-03a5-4290-a5c1-969e3ee0b430,5c6bb004-7084-44dc-9283-9b00665c82bc,2022-05-03 14:29:00,059136e5-beb1-43f4-a3fe-9cc14dd0989b,600,44,644
cb7f5ae6-0dbb-40a3-b3e3-27018e353b18,7c3b9a4e-fe3a-42e0-9573-0a14aaf4feeb,2022-05-03 11:26:00,059136e5-beb1-43f4-a3fe-9cc14dd0989b,1500,112,1612
619a9248-44fd-4120-b82d-ab461e5ddc11,d5efbc69-fc67-4f1a-87f3-30e57baf632a,2022-05-03 07:17:00,059136e5-beb1-43f4-a3fe-9cc14dd0989b,400,30,430
e64fc0d5-f325-4242-9506-663321fd07ba,2423b39c-fa1e-458b-a033-a7d722bc372e,2022-05-03 14:59:00,059136e5-beb1-43f4-a3fe-9cc14dd0989b,1100,82,1182
d4c8df4c-094a-475a-b7c6-845453129f9e,643981ca-358e-445a-9174-e7061f452868,2022-05-03 13:20:00,059136e5-beb1-43f4-a3fe-9cc14dd0989b,500,37,537
d3688ed4-b978-44b1-84ec-6215689f9666,644777dd-2705-4dad-9239-95d9ebf3f348,2022-05-03 15:05:00,059136e5-beb1-43f4-a3fe-9cc14dd0989b,500,37,537
1f028abd-20f2-401d-a6f3-069cb6ae67c1,5396cc76-d8d6-42e0-9ac3-b8a36f8e9980,2022-05-03 08:20:00,059136e5-beb1-43f4-a3fe-9cc14dd0989b,600,44,644
019f4bb9-831e-4e72-b553-173019f66399,3d5cdd64-fe7e-4365-9e1d-97ee8a55f0fd,2022-05-03 08:18:00,059136e5-beb1-43f4-a3fe-9cc14dd0989b,600,44,644
1cd85a3f-a813-4bb3-becc-b219846f82df,6fcc9479-22b4-4340-8e7c-378dff41d8bd,2022-05-03 18:25:00,059136e5-beb1-43f4-a3fe-9cc14dd0989b,500,37,537
1b52fbf9-4192-4000-9e05-88ef6a24114f,1ce95b9f-9235-4a87-bcad-3afa90af73ed,2022-05-03 15:14:00,059136e5-beb1-43f4-a3fe-9cc14dd0989b,600,44,644
8903fedc-5be5-4e29-8dfc-12262187c06e,4a037cff-561f-4546-a71e-858b06e94940,2022-05-03 10:36:00,059136e5-beb1-43f4-a3fe-9cc14dd0989b,1200,89,1289
f396fd02-de64-4e06-b882-25449567f066,cbe876c8-a324-4ebb-ae69-ae07df7846fd,2022-05-03 07:49:00,059136e5-beb1-43f4-a3fe-9cc14dd0989b,500,37,537
3a3d1aaa-4add-4f94-a189-776f16635c57,fb44c144-83bd-423d-a48c-644991b62aa2,2022-05-03 10:15:00,059136e5-beb1-43f4-a3fe-9cc14dd0989b,500,37,537
8dc14f26-bcba-4ec5-8720-015ace3b440e,b6b94f01-4e75-4e65-a9d3-4c45046e90a7,2022-05-03 12:07:00,059136e5-beb1-43f4-a3fe-9cc14dd0989b,600,44,644
c4464fa5-4595-4017-b4e4-c43933ca894d,3bdd9588-88c1-4e38-a5a2-a2a1cb9c5ba6,2022-05-03 13:28:00,059136e5-beb1-43f4-a3fe-9cc14dd0989b,1700,127,1827
baa26891-fcc8-4571-a823-a80895602b83,e20a9b34-c8ae-475a-a91f-e59b5e8490e9,2022-05-03 10:25:00,059136e5-beb1-43f4-a3fe-9cc14dd0989b,600,44,644
9727db50-122e-4ff2-9a1f-b5d922ec8503,7bf95b47-6cc7-4454-8e8d-c6ae37383823,2022-05-03 13:19:00,059136e5-beb1-43f4-a3fe-9cc14dd0989b,400,30,430
f6eb5d62-599f-4ec3-a9c8-49a19d190a99,92fb892f-6a43-489c-b618-ff370abc4242,2022-05-03 15:21:00,059136e5-beb1-43f4-a3fe-9cc14dd0989b,1800,135,1935
bcafdf17-8e97-4580-870c-238721f4c393,eb2844aa-8810-4044-930c-ede23c9f754c,2022-05-03 12:51:00,059136e5-beb1-43f4-a3fe-9cc14dd0989b,1700,127,1827
9be66214-aa1e-486a-abbb-bd96e21c33f3,9942aeb9-9494-453e-8ae2-1b85271ceb96,2022-05-03 14:28:00,059136e5-beb1-43f4-a3fe-9cc14dd0989b,600,44,644
6898f3fa-f759-4b6f-9fa7-faa20eac4c55,e34930d8-a95d-4286-b7d2-147d08008c79,2022-05-03 14:12:00,059136e5-beb1-43f4-a3fe-9cc14dd0989b,500,37,537
c400b7ee-5208-41b0-8b16-6bc0b38a493f,529905cf-561e-4337-9a4a-175121574488,2022-05-03 08:34:00,059136e5-beb1-43f4-a3fe-9cc14dd0989b,700,52,752
04189ea6-6a22-4b95-b9ea-a5c23811087f,eaa58131-5fab-42f2-804b-c6ac10286bbe,2022-05-03 09:58:00,059136e5-beb1-43f4-a3fe-9cc14dd0989b,1600,120,1720
3c5a0e2a-e03b-496e-aa6e-4ec570bfdf4d,478906bc-057a-41da-a756-2ab94b7817b4,2022-05-03 07:34:00,059136e5-beb1-43f4-a3fe-9cc14dd0989b,500,37,537
4101806a-796f-4b28-b6ff-a2eb1bb81af4,20447c53-4457-454a-92ff-187ee6461822,2022-05-03 07:42:00,059136e5-beb1-43f4-a3fe-9cc14dd0989b,700,52,752
2d37e8c0-2359-4138-b0fc-74eafb6ed11c,4744369f-163d-4dd9-b650-9b94350334e7,2022-05-03 08:20:00,059136e5-beb1-43f4-a3fe-9cc14dd0989b,600,44,644
9c97009b-571e-4018-b543-1a4660dc0798,2c8d74ca-99fc-41ee-8373-d44d5f6b83f1,2022-05-03 15:31:00,059136e5-beb1-43f4-a3fe-9cc14dd0989b,2300,172,2472
ab790c55-9d0c-45e3-af7a-bcacda2b8dc8,361fcd5d-8d28-433b-abd9-c1e72a5cad2a,2022-05-03 08:34:00,059136e5-beb1-43f4-a3fe-9cc14dd0989b,600,44,644
6cb80260-a9c2-4016-ac96-047e63379ec1,82d6e5b0-c058-4190-b376-53c5e56df29c,2022-05-03 12:36:00,059136e5-beb1-43f4-a3fe-9cc14dd0989b,1600,120,1720
758b6cda-eb0b-44cb-ac8d-6678ce7548df,561657d6-42e9-4820-bb19-8ed7dc3fadd2,2022-05-03 17:24:00,059136e5-beb1-43f4-a3fe-9cc14dd0989b,500,37,537
57c01602-bc20-4101-a498-5d1ce4b130e5,b5cb0c28-0cc6-4467-8486-0c9eb5e599c1,2022-05-03 12:39:00,059136e5-beb1-43f4-a3fe-9cc14dd0989b,600,44,644
e1554b36-6883-4af0-918d-5e6bd77da05d,48b85191-c0e7-4f81-96a3-d5f86031cfb9,2022-05-03 08:20:00,059136e5-beb1-43f4-a3fe-9cc14dd0989b,700,52,752
926ec0c7-e623-430e-a72e-571d1d2f75ab,3d124ee1-f3d6-4123-9a83-c89c2ae04dee,2022-05-03 15:07:00,059136e5-beb1-43f4-a3fe-9cc14dd0989b,0,0,0
1fd961f2-6144-488c-92dc-09f4746fa12d,f1993284-9f81-43ed-be18-ebfd355bd0af,2022-05-03 08:21:00,059136e5-beb1-43f4-a3fe-9cc14dd0989b,600,44,644
519d4b84-f1a7-4125-b320-1d70cf5ae4a1,525add24-e4bb-4a57-a41a-d1eb58ef9533,2022-05-03 17:51:00,059136e5-beb1-43f4-a3fe-9cc14dd0989b,1000,75,1075
8a45aa60-6089-435e-9b7e-42e0d255b867,6b830d11-3333-4049-8288-6e208d4bc7f0,2022-05-03 08:09:00,059136e5-beb1-43f4-a3fe-9cc14dd0989b,700,52,752
437e6ddf-9edf-43bb-a4cc-a04cd67269c4,064f11f5-7bac-4f36-84c6-4971eb44a4a8,2022-05-03 14:41:00,059136e5-beb1-43f4-a3fe-9cc14dd0989b,600,44,644
8dcf9c23-878e-4dc2-bdc6-e61bc8c330fa,84345e57-4d88-48e8-823d-ef85cbe1ebea,2022-05-03 12:12:00,059136e5-beb1-43f4-a3fe-9cc14dd0989b,600,44,644
112754a4-b9ff-4d17-b334-90ab1a6a7829,65b2039b-39ba-48d6-b2e7-293dbc866025,2022-05-03 17:16:00,059136e5-beb1-43f4-a3fe-9cc14dd0989b,2300,172,2472
f801f71c-9995-40f1-8738-3406fc9b8458,40010f7f-b687-44ea-8480-833608955e88,2022-05-03 16:00:00,059136e5-beb1-43f4-a3fe-9cc14dd0989b,1800,135,1935
5993e163-5d7f-4c32-a86b-8fa976a921ef,3b5c482b-db0f-4224-b3c0-17ab92ef7ef3,2022-05-03 10:26:00,059136e5-beb1-43f4-a3fe-9cc14dd0989b,400,30,430
0aaa2550-b04a-45ab-94aa-f2daeda426d2,ae8150b4-56c5-4822-abcf-50b46552f222,2022-05-03 07:54:00,059136e5-beb1-43f4-a3fe-9cc14dd0989b,600,44,644
14009e73-0e73-4f66-bb09-2a792a07b531,4009b786-5c37-4ffe-82fe-8f1dffb7cf4a,2022-05-03 08:03:00,059136e5-beb1-43f4-a3fe-9cc14dd0989b,700,52,752
c06f7ec7-06ba-431a-8baa-fadc26cf7249,a03939d5-2ed1-48c7-861f-0f54e7c51c5f,2022-05-03 07:36:00,059136e5-beb1-43f4-a3fe-9cc14dd0989b,700,52,752
146b688b-526e-4771-b5e4-64c1cc26a21f,41635a49-5cce-4aab-9afc-00d493262797,2022-05-03 16:01:00,059136e5-beb1-43f4-a3fe-9cc14dd0989b,700,52,752
b76e9763-c223-4922-b03e-0a64eb032b46,8444b032-8cb2-4a63-9fd1-f6d09e140bec,2022-05-03 15:09:00,059136e5-beb1-43f4-a3fe-9cc14dd0989b,500,37,537
0cbb4178-9f3b-4e71-8679-7848c666ec43,b924a733-86f7-4ff6-9d50-28a20cb80fe6,2022-05-03 15:35:00,059136e5-beb1-43f4-a3fe-9cc14dd0989b,600,44,644
2b46b92f-bd14-48dc-846c-479e383d8628,041b470c-0cef-4c3d-9974-e0584908c584,2022-05-03 13:23:00,059136e5-beb1-43f4-a3fe-9cc14dd0989b,600,44,644
96846d01-838c-4cab-8b8a-420d6e58f940,890d1303-bf49-48c4-ab4d-73f9a0187dd2,2022-05-03 16:35:00,059136e5-beb1-43f4-a3fe-9cc14dd0989b,1700,127,1827
b2405d6d-7215-4611-b559-524d969e80d0,168a6b37-3ff2-4307-8348-321ef39ada37,2022-05-03 07:57:00,059136e5-beb1-43f4-a3fe-9cc14dd0989b,700,52,752
d1da1f9b-54ad-40ae-a175-b4a59934e2f2,74363858-755e-4210-b5d9-830b25a965c4,2022-05-03 09:21:00,059136e5-beb1-43f4-a3fe-9cc14dd0989b,2300,172,2472
f9745f67-65a0-4595-a36d-35045d93ee7b,56cff385-b95f-49b9-b34f-c839e39df055,2022-05-03 13:03:00,059136e5-beb1-43f4-a3fe-9cc14dd0989b,1600,120,1720
9d337a17-4561-402a-85b7-137a92a5f91d,37fc1b50-84ef-40db-b99a-64dd7281c7a7,2022-05-03 10:06:00,059136e5-beb1-43f4-a3fe-9cc14dd0989b,0,0,0
ca8bd2d1-8931-4b40-ad11-6e0205fdcdc6,14b55929-5438-4892-9073-524d32d4e944,2022-05-03 11:54:00,059136e5-beb1-43f4-a3fe-9cc14dd0989b,400,30,430
c39645a5-1d5a-46fd-a25d-935d12aaf5ef,751e632c-7341-4671-95d2-e348460b3fab,2022-05-03 15:02:00,059136e5-beb1-43f4-a3fe-9cc14dd0989b,600,44,644
4c484994-3aaf-4b02-8cd7-176c668fccf2,8413f205-78b2-441a-8916-79cc2820f5d0,2022-05-03 13:11:00,059136e5-beb1-43f4-a3fe-9cc14dd0989b,1100,82,1182
e84d1ac2-a11c-4a52-803e-128343e01637,d6015423-d5f4-48d9-8dba-5184e114d126,2022-05-03 07:54:00,059136e5-beb1-43f4-a3fe-9cc14dd0989b,400,30,430
a791a2cd-c1c5-4800-b68b-428067a84992,f8a4f769-0195-44be-9cb4-a90210c4047e,2022-05-03 07:07:00,059136e5-beb1-43f4-a3fe-9cc14dd0989b,500,37,537
28ee0fb4-85df-4d94-b903-b2d8f47547e0,e0983e91-a701-429d-bc70-28a23527f04c,2022-05-03 09:33:00,059136e5-beb1-43f4-a3fe-9cc14dd0989b,500,37,537
8b39ad9d-3cea-4c05-93ea-2ca4c3f6f2e9,b8a55754-7bb6-4a63-9c0d-1acd5d4d49ca,2022-05-03 14:21:00,059136e5-beb1-43f4-a3fe-9cc14dd0989b,600,44,644
dd89d69e-7849-425b-8930-f176bb50b00c,83872f19-552c-47b2-9fd3-4db4c2f6753f,2022-05-03 07:33:00,059136e5-beb1-43f4-a3fe-9cc14dd0989b,600,44,644
7da89327-3b59-4ecd-ae48-b6b76a4f496b,26fc60b3-85e6-43e5-b371-71877025c8d1,2022-05-03 07:38:00,059136e5-beb1-43f4-a3fe-9cc14dd0989b,700,52,752
2a897663-96f7-4775-8a1c-069daf018280,b2bcb97e-4971-4a36-b07b-6441cb1a6192,2022-05-03 12:37:00,059136e5-beb1-43f4-a3fe-9cc14dd0989b,1400,105,1505
4cebb0ec-cc86-4864-95fb-1f756c2ecf74,27b3d9ff-db39-4ce8-8de0-2090a7e90776,2022-05-03 07:00:00,059136e5-beb1-43f4-a3fe-9cc14dd0989b,600,44,644
2e881a67-b9a8-4749-b9a0-b3c394ac8201,3c7c5fb0-d621-44e5-9d08-388975ae8faf,2022-05-03 08:07:00,059136e5-beb1-43f4-a3fe-9cc14dd0989b,400,30,430
a5f59d8c-65c9-4bba-9b65-a2a89ca3567a,4e749dde-0bfb-45f8-bfb7-cee60c7f5012,2022-05-03 14:04:00,059136e5-beb1-43f4-a3fe-9cc14dd0989b,1700,127,1827
97fbe235-1f2b-4ee3-9ad4-294eaeb880fb,cf121e2f-237d-4246-92e7-b175553e7a78,2022-05-03 13:57:00,059136e5-beb1-43f4-a3fe-9cc14dd0989b,1900,142,2042
a8c3cfae-03c3-4059-afff-46c1eddcd75b,c1fadf94-71e8-4d09-b9b0-2af116108a24,2022-05-03 08:10:00,059136e5-beb1-43f4-a3fe-9cc14dd0989b,400,30,430
99278766-ab19-47d4-8934-963118fcb458,60c396b2-d634-4be2-9aaa-7f1a832f4305,2022-05-03 09:10:00,059136e5-beb1-43f4-a3fe-9cc14dd0989b,500,37,537
9e320b17-898c-4936-b5e5-737c03d50bb8,771dfa76-30ed-43e7-9aab-d026b7b2e4de,2022-05-03 16:19:00,059136e5-beb1-43f4-a3fe-9cc14dd0989b,1800,135,1935
379ff62a-7f6c-4c8b-9fdf-f29f33ca7c59,cf1cc4db-a760-402c-8f7a-ef9892e05ee8,2022-05-03 13:58:00,059136e5-beb1-43f4-a3fe-9cc14dd0989b,400,30,430
ec994a66-4cdf-4f72-b8c1-c24d6807d726,2533fffb-72a8-4e71-9e5c-eda4b362c551,2022-05-03 13:11:00,059136e5-beb1-43f4-a3fe-9cc14dd0989b,700,52,752
11930693-aaad-4829-b6d7-b501d5c14ca7,2c5d1d6e-4f03-4d2d-8a79-72df062b408d,2022-05-03 16:06:00,059136e5-beb1-43f4-a3fe-9cc14dd0989b,1000,75,1075
882b8eb5-c05f-469a-a236-f74b8dc1e698,71c22f51-5140-4058-aca4-e1297f024cd1,2022-05-03 07:39:00,059136e5-beb1-43f4-a3fe-9cc14dd0989b,400,30,430
ececf2a9-6cb2-46cd-a54f-220314cced99,d8196da5-366a-49ed-8e90-a15d0e70dabb,2022-05-03 17:23:00,059136e5-beb1-43f4-a3fe-9cc14dd0989b,1500,112,1612
72b49aea-4b44-45f6-a7ac-4b10e34fe2d5,0c903c1d-a0ab-4e8e-b1ce-e40f8f7c70ee,2022-05-03 11:42:00,059136e5-beb1-43f4-a3fe-9cc14dd0989b,600,44,644
b0b50b02-2898-41e0-bd98-b5dfc19437e4,7e72fe96-b013-4324-869d-caa2d564f37e,2022-05-03 08:02:00,059136e5-beb1-43f4-a3fe-9cc14dd0989b,400,30,430
319bbad8-efcf-4fe6-b987-3c0abef9ea88,9b42559d-e62d-4ab2-ba36-11562c60d296,2022-05-03 07:24:00,059136e5-beb1-43f4-a3fe-9cc14dd0989b,400,30,430
2cb9e5ac-035d-4a39-961f-c4a275154cea,f637c2f2-576f-420d-bdb7-9836d12af85a,2022-05-03 08:20:00,059136e5-beb1-43f4-a3fe-9cc14dd0989b,700,52,752
2c57ca9e-0c63-48a7-904f-cb825c477ca8,0011a704-5681-4123-8dca-1af0bdc2de41,2022-05-03 07:34:00,059136e5-beb1-43f4-a3fe-9cc14dd0989b,700,52,752
9fa62938-2099-4aaa-a731-31bde1e81696,9c3f8f66-e595-47b4-b696-2ef95c13ed39,2022-05-03 09:20:00,059136e5-beb1-43f4-a3fe-9cc14dd0989b,700,52,752
f18c0d51-1de1-4256-8c0b-05fbd327b9df,e9fb0dfd-4765-4a15-aea4-62035a7ac480,2022-05-03 18:46:00,059136e5-beb1-43f4-a3fe-9cc14dd0989b,600,44,644
d3c1d12a-06ef-4aba-b53b-b016c80afee8,b3f1fd68-97bf-448c-b555-6f57c1700866,2022-05-03 08:00:00,059136e5-beb1-43f4-a3fe-9cc14dd0989b,500,37,537
cbb45996-2b76-4b57-a029-64f10af92475,9811ec22-d635-41a7-a89e-82847322d546,2022-05-03 11:36:00,059136e5-beb1-43f4-a3fe-9cc14dd0989b,600,44,644
bbd100ce-d0f0-4492-96be-dd32c429e949,39ceb3c4-d968-4af0-8bd1-6010ee5cf91c,2022-05-03 07:53:00,059136e5-beb1-43f4-a3fe-9cc14dd0989b,600,44,644
faed882c-1b58-4f3e-a496-d44b41e20420,6156c2e5-b70a-4109-9e08-c0c9d8dd1210,2022-05-03 07:58:00,059136e5-beb1-43f4-a3fe-9cc14dd0989b,600,44,644
bfe9f4e9-af31-44a6-ad68-bf9ba94a850b,bc218511-0fcd-4e51-b161-55bb383e4157,2022-05-03 14:53:00,059136e5-beb1-43f4-a3fe-9cc14dd0989b,700,52,752
f70c08ee-604f-49ed-91ae-f5368004b3ff,1578fa35-446f-4174-9169-551e1d5edb6a,2022-05-03 07:58:00,059136e5-beb1-43f4-a3fe-9cc14dd0989b,400,30,430
94521098-1270-4cad-8be0-3a38c6f3bac2,da27997d-033a-4572-9ec1-68423b3910b9,2022-05-03 12:46:00,059136e5-beb1-43f4-a3fe-9cc14dd0989b,500,37,537
07e79cce-f8e5-45de-b4af-2ed9a338612b,4e33fa20-eeb2-4dd9-975c-8821869dfb64,2022-05-03 16:49:00,059136e5-beb1-43f4-a3fe-9cc14dd0989b,1600,120,1720
48591f85-fb57-4b50-91d8-d5fb71dc9ab7,e51ff3e5-c9ac-4a9c-b8d4-2d62d04f9d59,2022-05-03 08:06:00,059136e5-beb1-43f4-a3fe-9cc14dd0989b,700,52,752
89faaacb-b9bb-431c-ba8f-5ca422b38131,5dcbf303-9411-496a-9470-405f2c60a4a9,2022-05-03 11:27:00,059136e5-beb1-43f4-a3fe-9cc14dd0989b,400,30,430
f68d023d-c5b7-4bcd-b4f0-c341beb39cad,8c9bc24a-89cf-47a7-b3c3-328b2591676b,2022-05-03 12:53:00,059136e5-beb1-43f4-a3fe-9cc14dd0989b,400,30,430
aceff837-dcbc-41b9-8dde-a2634bebb2d0,63358e1d-e741-46a1-a85b-f5b455bf59d4,2022-05-03 08:22:00,059136e5-beb1-43f4-a3fe-9cc14dd0989b,700,52,752
945b71f8-34ed-4be2-9864-fe666e992f98,ec31d820-7060-4567-9f40-46916bc49255,2022-05-03 13:40:00,059136e5-beb1-43f4-a3fe-9cc14dd0989b,1800,135,1935
a3d15de7-b8ff-4601-a43a-4c88212eda34,3c5d20b1-e38f-466d-a6ed-e54fa6bc4d3a,2022-05-03 13:54:00,059136e5-beb1-43f4-a3fe-9cc14dd0989b,700,52,752
51f620b4-42a1-4d1c-9876-7136a4535f08,37a5320c-de51-4a39-8c68-2ff5e37f7a0a,2022-05-03 08:29:00,059136e5-beb1-43f4-a3fe-9cc14dd0989b,600,44,644
7967075a-080b-42ea-b882-5c26180c9106,94f6387a-97ef-43f5-b203-90565c727538,2022-05-03 13:32:00,059136e5-beb1-43f4-a3fe-9cc14dd0989b,3200,240,3440
41621dc9-f737-4da8-99c4-e09c5479cbb1,2e3f8a56-2251-44a8-8599-fc4cbd175ecb,2022-05-03 11:51:00,059136e5-beb1-43f4-a3fe-9cc14dd0989b,600,44,644
9ed875fb-7289-4266-bcdd-824ad385392b,4a85d967-5582-41b9-886e-b8899e3bb7ac,2022-05-03 09:44:00,059136e5-beb1-43f4-a3fe-9cc14dd0989b,2500,187,2687
d827f8ed-872e-4c37-acfa-a3dfbe57ba54,0ac09bcc-50a7-41e6-88c1-e23be2b88c97,2022-05-03 12:42:00,059136e5-beb1-43f4-a3fe-9cc14dd0989b,500,37,537
e1db0eac-f416-4b00-bf67-07beab4712a6,dbd8ef76-a438-4dc2-b931-58294ab0fdd3,2022-05-03 13:50:00,059136e5-beb1-43f4-a3fe-9cc14dd0989b,1600,120,1720
9c5420ee-4070-46e7-8608-605efc7ccdd2,757ad23d-2490-44ac-8683-ac603986068b,2022-05-03 09:08:00,059136e5-beb1-43f4-a3fe-9cc14dd0989b,700,52,752
f4747903-74b1-44ea-a4ad-613c78265522,8e41ce23-0858-4778-bac4-f113515f4409,2022-05-03 07:31:00,059136e5-beb1-43f4-a3fe-9cc14dd0989b,400,30,430
16c10d7a-4e34-4957-a0b9-239f447a2d7c,d9f02350-2ac6-4b03-ba72-d0def0c5c1f5,2022-05-03 19:13:00,059136e5-beb1-43f4-a3fe-9cc14dd0989b,400,30,430
9f98791f-3e03-4f9e-9642-c4f631629e9e,5557ee9c-aeb5-4267-9fc0-6430874d3a0c,2022-05-03 16:45:00,059136e5-beb1-43f4-a3fe-9cc14dd0989b,2500,187,2687
a0ceda97-e1b5-4814-8429-9b567ce58807,d3721883-cbf4-403c-86f4-addf916ec123,2022-05-03 15:09:00,059136e5-beb1-43f4-a3fe-9cc14dd0989b,600,44,644
c96497cc-c5ef-4906-a953-010a5f082c8f,987ded3d-0eb7-4546-9a65-073dfc15621f,2022-05-03 08:51:00,059136e5-beb1-43f4-a3fe-9cc14dd0989b,600,44,644
277058ce-a44b-4563-9f37-f870f88f5e81,71226ce1-aac0-48fa-b99b-05a4ab69dde7,2022-05-03 07:50:00,059136e5-beb1-43f4-a3fe-9cc14dd0989b,600,44,644
a4355f74-2b1e-47b0-b200-6164ff5a1c75,83cd5e82-fcef-4b1a-9a26-3889abd99ee9,2022-05-03 07:59:00,059136e5-beb1-43f4-a3fe-9cc14dd0989b,600,44,644
2d2e57e3-1edc-4d4f-953b-222ea60bc17a,bbd60ac7-5fef-454b-aabb-66031f4a499d,2022-05-03 07:34:00,059136e5-beb1-43f4-a3fe-9cc14dd0989b,400,30,430
8c4969bb-dddf-42b5-a2db-cd81ab431aab,bf9029de-3e32-4ada-9870-16647d9623c5,2022-05-03 12:43:00,059136e5-beb1-43f4-a3fe-9cc14dd0989b,4600,345,4945
88b64b8a-4889-41f8-b96c-b05cd4495185,e7cb0957-3b8a-4d78-807e-241cdafaf2a3,2022-05-03 14:31:00,059136e5-beb1-43f4-a3fe-9cc14dd0989b,2400,179,2579
907c718f-7472-49b4-9b28-5c4508c0b83d,9c13901c-0760-4290-bb22-b3cda0ae0492,2022-05-03 10:44:00,059136e5-beb1-43f4-a3fe-9cc14dd0989b,700,52,752
9aab3b76-0f89-4f64-9093-5edd277f7e71,df8e1c87-b450-4bdb-bb3d-982138f86dbf,2022-05-03 07:51:00,059136e5-beb1-43f4-a3fe-9cc14dd0989b,600,44,644
4aa5d234-91f8-44a6-91dc-3ce513289bf7,2c6d229d-2be8-4b3f-b969-77e0a1b902ae,2022-05-03 18:35:00,059136e5-beb1-43f4-a3fe-9cc14dd0989b,1700,127,1827
518b903d-b2e3-4d02-8e01-189e7ea4f065,28bd6a31-b941-4df4-92da-9da703597e5b,2022-05-03 07:41:00,059136e5-beb1-43f4-a3fe-9cc14dd0989b,600,44,644
3102c464-c979-4d6f-b845-ac9fea618013,5205dbf0-a115-4aa8-977b-96db1e73df12,2022-05-03 17:21:00,059136e5-beb1-43f4-a3fe-9cc14dd0989b,1800,135,1935
2399600a-c1b1-47a7-b7fd-45e3add09c5a,562a2cec-caac-4d07-918b-b4c60e4b1505,2022-05-03 07:18:00,059136e5-beb1-43f4-a3fe-9cc14dd0989b,600,44,644
49c412da-76bc-4405-8a6f-75184e07bf33,bfaa418f-dc55-4a58-baf3-ae68dd84beb5,2022-05-03 08:08:00,059136e5-beb1-43f4-a3fe-9cc14dd0989b,600,44,644
a4ba2f02-d0f3-4ebe-9b24-dc00603ee45d,1f1cd553-ae63-4f46-9f5f-36c05ed4d698,2022-05-03 15:58:00,059136e5-beb1-43f4-a3fe-9cc14dd0989b,1900,142,2042
6a47896f-39ab-4ce8-a6fb-7d23bdd8b7c2,15ae0044-7c3f-4ed0-869e-0433ccb541aa,2022-05-03 16:29:00,059136e5-beb1-43f4-a3fe-9cc14dd0989b,1800,135,1935
add10556-71af-47dd-bb2a-f2c582a82e8b,c0baed56-16e4-4b70-8dc9-4cd5328cae45,2022-05-03 07:34:00,059136e5-beb1-43f4-a3fe-9cc14dd0989b,700,52,752
fc0b5f4b-92e1-49aa-8bc9-37b0e081a9ce,2452dcd2-e948-40a1-b7ec-fb569ac29d4a,2022-05-03 11:25:00,059136e5-beb1-43f4-a3fe-9cc14dd0989b,2600,195,2795
b13f9899-a8d5-4159-9fb2-8d44d58f4488,48874e5a-841e-48de-9ca3-cd2a04a84721,2022-05-03 17:36:00,059136e5-beb1-43f4-a3fe-9cc14dd0989b,400,30,430
769281a7-0e50-4c05-a40f-d179da956027,a38118ea-7e06-44e9-8f7e-e55707283e72,2022-05-03 16:51:00,059136e5-beb1-43f4-a3fe-9cc14dd0989b,2600,195,2795
0730e484-36f1-46e1-82e2-cdb974db6840,5702df61-b819-4715-bb9e-ab49fcca2190,2022-05-03 08:23:00,059136e5-beb1-43f4-a3fe-9cc14dd0989b,600,44,644
a0c427d1-3608-4701-aff7-cc78534451b1,3485fe65-fd37-4579-9269-5e83713d1159,2022-05-03 17:54:00,059136e5-beb1-43f4-a3fe-9cc14dd0989b,1700,127,1827
b6030b96-d602-4193-a8c9-289a559e57a8,4dd3cdca-7c84-4a3c-bee1-4cc40fe4f6c1,2022-05-03 12:33:00,059136e5-beb1-43f4-a3fe-9cc14dd0989b,2200,165,2365
d3ccc111-06e9-4de2-a274-dbad9c2f8ecd,9f63dc82-925f-46ec-a127-dc0231bc789c,2022-05-03 16:23:00,059136e5-beb1-43f4-a3fe-9cc14dd0989b,600,44,644
100f2d6c-4445-4a75-ab6a-e7ae24c0b508,aec2afd8-9774-4a64-a81c-40bb66acfcfd,2022-05-03 10:07:00,059136e5-beb1-43f4-a3fe-9cc14dd0989b,1400,105,1505
c958b079-7547-43ff-92d9-ace6f8e16e5d,4b93879c-0737-40dd-b938-754c1fbf0384,2022-05-03 07:00:00,059136e5-beb1-43f4-a3fe-9cc14dd0989b,600,44,644
9ae5b542-62e0-440d-bbd9-b572c0cbc315,5ff6898e-6fbe-41b2-abb0-7bdf107eeb3b,2022-05-03 08:53:00,059136e5-beb1-43f4-a3fe-9cc14dd0989b,500,37,537
43d0579c-ce5b-4009-b790-9a9456f7dd0a,e03d6e06-c748-4b67-bc54-1902c85555f0,2022-05-03 11:02:00,059136e5-beb1-43f4-a3fe-9cc14dd0989b,500,37,537
c4721e18-9a9e-4c5e-a538-4ca88275c7c6,9c03a2ed-6343-4c79-979e-7b94d8c41b9a,2022-05-03 15:57:00,059136e5-beb1-43f4-a3fe-9cc14dd0989b,1900,142,2042
1969ea54-91d3-4e60-aae6-93dbf56e0f52,3d49f94b-d293-4bc7-9785-8c1924b261ed,2022-05-03 16:31:00,059136e5-beb1-43f4-a3fe-9cc14dd0989b,400,30,430
8abd7e53-9b72-4af9-9c54-e2633cedcd44,4b9e45a3-6ebf-4492-a4ea-834b7143f962,2022-05-03 15:28:00,059136e5-beb1-43f4-a3fe-9cc14dd0989b,400,30,430
e635e6b1-1ea6-43ca-9b32-03d5073a707f,9ce4e9b6-d52c-489e-86b9-dd732ad63698,2022-05-03 18:41:00,059136e5-beb1-43f4-a3fe-9cc14dd0989b,400,30,430
ee1408eb-d569-47cb-a7eb-cb83c0dd5d8c,d5ed11cf-a7a8-48e0-8db6-b53ea2b4215b,2022-05-03 08:17:00,059136e5-beb1-43f4-a3fe-9cc14dd0989b,600,44,644
e8959833-0774-4851-85a1-e7c5296a4d69,4d6aa9ce-769b-41ba-93f7-fd93ac143e2e,2022-05-03 11:24:00,059136e5-beb1-43f4-a3fe-9cc14dd0989b,2800,210,3010
841d49b0-44b8-440a-bab3-30e3ade24f1b,4cb59264-ffcc-452a-8b0e-82b2d93a13f8,2022-05-03 15:00:00,059136e5-beb1-43f4-a3fe-9cc14dd0989b,400,30,430
57f75923-662f-4475-99f8-1c7527dfb483,52713a79-bbcf-4dae-b373-094c94cdaa42,2022-05-03 10:49:00,059136e5-beb1-43f4-a3fe-9cc14dd0989b,2600,195,2795
3c63eee0-fd67-400b-ab1c-51748ea623d8,123f76cb-3dbe-4a9c-aa85-e0dc3091b169,2022-05-03 15:45:00,059136e5-beb1-43f4-a3fe-9cc14dd0989b,700,52,752
5f346e6d-d957-498d-aaf4-a06218cc3cb8,86936775-52b3-40ab-9529-3d70c1d85b96,2022-05-03 15:57:00,059136e5-beb1-43f4-a3fe-9cc14dd0989b,2100,157,2257
fbdbcf8a-4e48-4812-b442-c3c1b1c6155b,69b261e6-ada0-48de-94b4-7449a7e44a5f,2022-05-03 07:56:00,059136e5-beb1-43f4-a3fe-9cc14dd0989b,500,37,537
5f1ddb9a-bea0-42b2-a7f5-fe49074271bd,5b7ca844-231c-4062-ac6a-4b3b609e5c76,2022-05-03 08:28:00,059136e5-beb1-43f4-a3fe-9cc14dd0989b,600,44,644
df2d8ae5-3acc-45a7-9dcb-7a08b0967240,4f346960-fad5-45cb-b2fb-aa2c25662998,2022-05-03 15:20:00,059136e5-beb1-43f4-a3fe-9cc14dd0989b,1100,82,1182
835b723b-6d6c-410a-9801-43352d8421d1,ab97f3ac-1614-471d-82d6-66432507cd64,2022-05-03 07:54:00,059136e5-beb1-43f4-a3fe-9cc14dd0989b,700,52,752
ddd6dcf4-3076-49ea-9882-33dcc4fec82e,07a8b0a6-f708-4fe2-93b6-21978691ae73,2022-05-03 07:26:00,059136e5-beb1-43f4-a3fe-9cc14dd0989b,600,44,644
5a3facef-5ace-4b8a-b811-67e5105d1aec,472472bf-18fe-424e-a45c-e1c80185d4e3,2022-05-03 10:23:00,059136e5-beb1-43f4-a3fe-9cc14dd0989b,1500,112,1612
3958e92b-eea1-4b09-abc4-073645a2bdb5,34d82b57-4819-4794-9ca9-ea6574b20771,2022-05-03 08:17:00,059136e5-beb1-43f4-a3fe-9cc14dd0989b,600,44,644
97d1f9ee-a933-428f-be80-9ea580ef1b0e,e6e521f9-4263-4abe-8cb3-3aec564ed17b,2022-05-03 08:30:00,059136e5-beb1-43f4-a3fe-9cc14dd0989b,700,52,752
1b89cc48-1cc2-4ed4-9b31-1e40042de196,dd182f76-63eb-4173-848a-8c03f76c83b7,2022-05-03 14:16:00,059136e5-beb1-43f4-a3fe-9cc14dd0989b,1800,135,1935
74dea393-56ab-4f68-8404-ceb77e93326c,71955bb5-1c02-47ff-9b9e-c336437f515f,2022-05-03 16:46:00,059136e5-beb1-43f4-a3fe-9cc14dd0989b,1900,142,2042
10557a1d-3e3d-4742-aab5-4f26a0d75d08,0b4f304d-8026-4f2c-a91f-b3a7b61b8413,2022-05-03 12:31:00,059136e5-beb1-43f4-a3fe-9cc14dd0989b,600,44,644
78841dc9-2157-492c-8394-e39c4547e9f5,d7f9570e-4b88-4892-aee5-c747cf0505ce,2022-05-03 08:21:00,059136e5-beb1-43f4-a3fe-9cc14dd0989b,500,37,537
7d65937f-f594-433f-8ea5-d211c167ba15,65d98288-db49-45ad-8275-fe8812494280,2022-05-03 13:38:00,059136e5-beb1-43f4-a3fe-9cc14dd0989b,500,37,537
d1d2686e-8600-4640-b570-443e9c47e28c,0505f2cb-3909-461e-b4dd-0e908c55c808,2022-05-03 17:18:00,059136e5-beb1-43f4-a3fe-9cc14dd0989b,700,52,752
49b4406e-804b-4041-81b7-5d3d481aa2f7,63179edd-cb4d-4c8a-83a4-01a0da3bb534,2022-05-03 18:58:00,059136e5-beb1-43f4-a3fe-9cc14dd0989b,700,52,752
49c67e83-55eb-405c-bfd6-91ac88de0c19,1b6c6a19-0dc9-4bb0-b2c0-dc05e526aeb6,2022-05-03 14:41:00,059136e5-beb1-43f4-a3fe-9cc14dd0989b,600,44,644
a3869a1f-ad2e-432f-9f7d-8e6c3c1df23b,56efbcd8-63c0-44d5-8879-81f6a4ae9706,2022-05-03 07:50:00,059136e5-beb1-43f4-a3fe-9cc14dd0989b,400,30,430
d0bad9a0-d170-4bf4-8d91-2b8a82063605,63c89071-7a92-40d7-b793-900c47a5567d,2022-05-03 07:45:00,059136e5-beb1-43f4-a3fe-9cc14dd0989b,600,44,644
a44370bd-3957-48fd-afc8-cf986241b51a,3ad06998-11c6-4642-bd7b-e7455a4d6da5,2022-05-03 11:33:00,059136e5-beb1-43f4-a3fe-9cc14dd0989b,700,52,752
eab2bf07-005c-49e4-b09e-4e535c9f77bd,b2e021cb-5b71-4a44-9b75-49a8a45a5c8e,2022-05-03 10:13:00,059136e5-beb1-43f4-a3fe-9cc14dd0989b,700,52,752
42e55307-f9a0-46e3-bd32-df2d94a62670,1323cb5b-d097-4c01-b440-610aa6e586c1,2022-05-03 13:23:00,059136e5-beb1-43f4-a3fe-9cc14dd0989b,1300,97,1397
ebdbb619-d0e7-41b3-b539-30075fb8c428,9c2859ae-e58b-45d1-a0fb-3efdd7401deb,2022-05-03 14:36:00,059136e5-beb1-43f4-a3fe-9cc14dd0989b,1500,112,1612
cd922fb9-574d-4d93-aaab-ce12caaf4e7d,87013cfb-6a3d-4e3c-9e31-884b9f979690,2022-05-03 15:45:00,059136e5-beb1-43f4-a3fe-9cc14dd0989b,500,37,537
c839d647-2025-496f-8832-c0fc5dafd052,3a515aa3-68cd-44aa-aace-5182631c4705,2022-05-03 17:29:00,059136e5-beb1-43f4-a3fe-9cc14dd0989b,600,44,644
5d59bf5b-d274-43b6-9f7b-bcebcf804cc3,1c40cde4-4c0a-4cc5-8eaa-78b7d34c58eb,2022-05-03 09:16:00,059136e5-beb1-43f4-a3fe-9cc14dd0989b,400,30,430
4ebac768-a3cb-4cba-9bd2-4ccb9ee5e255,416ddd70-f0ad-4d6c-8d08-827ca7466f48,2022-05-03 07:15:00,059136e5-beb1-43f4-a3fe-9cc14dd0989b,600,44,644
268e6ad4-c3ac-40bd-a096-52ebb0d3d209,6a0e68f2-fede-4f45-b3f8-b0325978c2a8,2022-05-03 07:40:00,059136e5-beb1-43f4-a3fe-9cc14dd0989b,700,52,752
48d45e3d-0e69-4cef-83cf-f3caf506f0f0,d6e7ed2a-93ac-4751-a20d-44a68642f9a7,2022-05-03 15:33:00,059136e5-beb1-43f4-a3fe-9cc14dd0989b,1700,127,1827
2b820ea3-afe2-43b3-af74-7f39603eecdb,3e2dd302-520d-45bd-a7b8-b43652be9e88,2022-05-03 19:24:00,059136e5-beb1-43f4-a3fe-9cc14dd0989b,1700,127,1827
289e9b71-a5cb-4d4d-b0e9-da4aa6a15b36,080b2366-0a35-4def-ac8c-f7d8ddbc407d,2022-05-03 09:13:00,059136e5-beb1-43f4-a3fe-9cc14dd0989b,500,37,537
3ede34fb-a626-4577-a5e2-001b5ba83daf,98136fa4-c411-4fb7-9bed-a26308bbdf32,2022-05-03 07:25:00,059136e5-beb1-43f4-a3fe-9cc14dd0989b,600,44,644
abbaca5a-16a2-409b-a48a-c2f2420f8903,05345af9-f758-4bca-bb47-3233aedbf543,2022-05-03 16:29:00,059136e5-beb1-43f4-a3fe-9cc14dd0989b,600,44,644
d25b692e-1568-482c-a9ba-a37b8087efc6,3161ca22-7e0d-46c4-bfb0-c93e62c46ea8,2022-05-03 07:29:00,059136e5-beb1-43f4-a3fe-9cc14dd0989b,500,37,537
f26fb8af-9160-4d65-85bd-7bb9842029a4,82f6eacc-b18b-4dec-b170-5510d706e698,2022-05-03 07:33:00,059136e5-beb1-43f4-a3fe-9cc14dd0989b,700,52,752
143fa29a-366e-40e5-9701-cf0b9f991cd3,f3f341b2-c96e-47ce-85ed-17b514090f1f,2022-05-03 09:10:00,059136e5-beb1-43f4-a3fe-9cc14dd0989b,2600,195,2795
67b4efd4-4c5a-45cb-9487-70cf5dbfa447,e1ae5473-912b-494f-b4e4-c4323ccb5509,2022-05-03 08:37:00,059136e5-beb1-43f4-a3fe-9cc14dd0989b,700,52,752
ac186094-5ba1-4b00-bb72-ea34e30b73f6,5ea59296-8af5-4885-b5b3-bf4dda717012,2022-05-03 16:16:00,059136e5-beb1-43f4-a3fe-9cc14dd0989b,600,44,644
233e35f9-1ae1-4e13-becc-69e60fc1c1f5,335ffb1e-5b15-4ad8-bee9-60b00b39f402,2022-05-03 07:11:00,059136e5-beb1-43f4-a3fe-9cc14dd0989b,500,37,537
344a7851-ba7a-4b56-9894-6f67fa9d4f42,3186b251-cfbc-4073-883d-2d622bb79b96,2022-05-03 08:09:00,059136e5-beb1-43f4-a3fe-9cc14dd0989b,700,52,752
0aad4f26-3057-43ae-82e1-2fbbbeede02b,ff548053-cb32-4f33-ada3-42db8f5e72d1,2022-05-03 10:26:00,059136e5-beb1-43f4-a3fe-9cc14dd0989b,600,44,644
bd2bfe23-28d9-476d-b216-a15b95bea236,0f5a922a-5641-4941-b276-2b3448dd706f,2022-05-03 07:29:00,059136e5-beb1-43f4-a3fe-9cc14dd0989b,600,44,644
41a2549e-80d4-4eaa-b538-b269fe3fa755,d40f4cac-3dde-4451-ae26-8817fa0ac508,2022-05-03 08:22:00,059136e5-beb1-43f4-a3fe-9cc14dd0989b,500,37,537
8d29a446-e7f6-40af-9d92-49d290c2489c,a685acd1-4a20-43ad-b355-36cf38348906,2022-05-03 14:13:00,059136e5-beb1-43f4-a3fe-9cc14dd0989b,1800,135,1935
ac4cef53-ae47-4a76-96c9-23d70e5edf77,3ddc09e5-5df2-48d6-8451-ab82ed8489e2,2022-05-03 14:03:00,059136e5-beb1-43f4-a3fe-9cc14dd0989b,2100,157,2257
86e9fae0-fb59-44c1-9f62-bc56c43c778a,1ceec0f9-a0bb-40ff-a5cb-2bc97c25fdab,2022-05-03 10:51:00,059136e5-beb1-43f4-a3fe-9cc14dd0989b,600,44,644
737248ae-4a00-4d12-87e9-467405f48103,da5cd671-cf27-4151-8076-5b2369981a8a,2022-05-03 07:46:00,059136e5-beb1-43f4-a3fe-9cc14dd0989b,700,52,752
19d7a9c1-9056-415b-8765-867f7d4a2d88,cf2886d3-4bb9-425f-9842-f6ab89f29851,2022-05-03 08:06:00,059136e5-beb1-43f4-a3fe-9cc14dd0989b,700,52,752
bf89004e-9efc-4569-9f33-7d1fc6e9216e,8afd022f-4b28-4638-856c-b2eb7da37530,2022-05-03 11:46:00,059136e5-beb1-43f4-a3fe-9cc14dd0989b,700,52,752
135a5cb8-94a3-400f-99d3-1a8f4246a9fc,c001075b-b254-41b1-9251-e429aff98318,2022-05-03 08:36:00,059136e5-beb1-43f4-a3fe-9cc14dd0989b,1800,135,1935
f47b5d36-3c7f-433f-951d-c5a866aac673,f2ea92ed-0bee-479f-80a4-d186c2c16020,2022-05-03 15:31:00,059136e5-beb1-43f4-a3fe-9cc14dd0989b,1700,127,1827
a59f50c0-1fe7-4d9e-bdd5-d52b639033cf,99cd74d7-57ce-4af8-b7ce-2b0f74150ded,2022-05-03 12:17:00,059136e5-beb1-43f4-a3fe-9cc14dd0989b,1100,82,1182
832c4338-ba61-426a-b6e7-505a840a0d53,f5b542da-7d69-4d0d-93d2-004996d805d9,2022-05-03 16:20:00,059136e5-beb1-43f4-a3fe-9cc14dd0989b,600,44,644
574c847f-700f-4604-82dc-4fa84c9f047c,537f56af-b73f-4cd3-90e9-5901fb0cf6e1,2022-05-03 07:00:00,059136e5-beb1-43f4-a3fe-9cc14dd0989b,600,44,644
ddacdb37-6e8b-4014-a85c-f7d07a07fb8f,f7feb52a-5089-47fd-8310-0376fc9e61c1,2022-05-03 16:55:00,059136e5-beb1-43f4-a3fe-9cc14dd0989b,1700,127,1827
0cd9b815-61d3-4c9f-aebc-3aa28ed08856,deca356d-a271-49eb-a57e-cefebda03b0d,2022-05-03 07:52:00,059136e5-beb1-43f4-a3fe-9cc14dd0989b,700,52,752
6930e243-db17-4302-a4b7-f052129422c9,cb93f4d2-85c6-416a-9d28-2ebba8219fc2,2022-05-03 08:06:00,059136e5-beb1-43f4-a3fe-9cc14dd0989b,400,30,430
dbed379d-c5de-4e58-8c25-f9557894c12e,b6a07bfc-cfe5-4301-acf5-599ec671ed33,2022-05-03 11:55:00,059136e5-beb1-43f4-a3fe-9cc14dd0989b,1500,112,1612
d05da2d6-00cb-471b-b698-91fcd0d18f66,cc1c106c-69ef-44a0-86c1-76735e4e07ed,2022-05-03 12:08:00,059136e5-beb1-43f4-a3fe-9cc14dd0989b,700,52,752
daef69b0-46ef-414a-bcec-e5cd3f7a7192,646780ab-c1fe-4d83-84c6-3a20021869b8,2022-05-03 08:39:00,059136e5-beb1-43f4-a3fe-9cc14dd0989b,700,52,752
21acf318-0a59-40c7-a1c8-0f98e3d9bd51,5893c78f-be68-4535-87e4-b9e0a3100d8a,2022-05-03 17:10:00,059136e5-beb1-43f4-a3fe-9cc14dd0989b,700,52,752
d9c22e4b-445a-4109-827a-229daa177da9,5a85894e-8877-4fe8-abc7-25ee8d4f3683,2022-05-03 08:00:00,059136e5-beb1-43f4-a3fe-9cc14dd0989b,700,52,752
7b33e4c2-02f6-4d6f-bf1d-921c70cbcdef,3cd5fd88-7f74-4f00-bf62-641e6d5c8743,2022-05-03 08:48:00,059136e5-beb1-43f4-a3fe-9cc14dd0989b,400,30,430
7b2cb41e-a4ea-4b3c-b6f9-4000088c8aec,525b7cde-507b-42ab-9ca4-f010a9e8de28,2022-05-03 07:51:00,059136e5-beb1-43f4-a3fe-9cc14dd0989b,700,52,752
16fb2178-b051-4ed7-997e-e2d68502d799,44224fd5-b92c-4619-9508-d36631045e8a,2022-05-03 12:12:00,059136e5-beb1-43f4-a3fe-9cc14dd0989b,1800,135,1935
96a43d9d-4b95-4380-9752-9be01daeb7a7,f2d3b7b6-cb0d-4ad8-ab6d-d428c7f48c29,2022-05-03 12:15:00,059136e5-beb1-43f4-a3fe-9cc14dd0989b,600,44,644
7477be54-72b2-497a-b5db-9336bd6b5c98,35b4c9ee-b015-4921-8fb3-e18d94ba2acf,2022-05-03 08:09:00,059136e5-beb1-43f4-a3fe-9cc14dd0989b,700,52,752
a8b2139f-60fc-4f77-808e-509282634e13,429f4082-8e25-42a4-8b71-03eb45a90da2,2022-05-03 13:13:00,059136e5-beb1-43f4-a3fe-9cc14dd0989b,1800,135,1935
4024519d-e163-4469-b8ff-9bdbb0d59341,c1acbc40-5acf-4438-a21b-2b260df6a4bb,2022-05-03 08:05:00,059136e5-beb1-43f4-a3fe-9cc14dd0989b,400,30,430
fb1bdade-6bcc-4887-8f30-009415c3d33c,29272c1d-470c-4452-b97c-2666adaaa2f1,2022-05-03 16:17:00,059136e5-beb1-43f4-a3fe-9cc14dd0989b,800,60,860
9c36acc3-b595-4aff-8ee8-2d5c25070928,eb946b01-b4e4-4e83-921f-8bdfa6bf8779,2022-05-03 07:41:00,059136e5-beb1-43f4-a3fe-9cc14dd0989b,700,52,752
a90b1ebd-4145-4bf0-9400-04abc710df5b,081fc5fe-a7fa-4c01-91bc-e6a535fc566e,2022-05-03 14:28:00,059136e5-beb1-43f4-a3fe-9cc14dd0989b,600,44,644
a2a7c70b-0eae-4cb6-87b9-124455b30ef3,179447a8-7285-4bb4-a34a-03071446d270,2022-05-03 08:16:00,059136e5-beb1-43f4-a3fe-9cc14dd0989b,700,52,752
33cf9dea-c04b-4a1d-b349-e87d761f4c4a,3cd1d06f-f125-41ef-9dc7-06e1953a097b,2022-05-03 15:07:00,059136e5-beb1-43f4-a3fe-9cc14dd0989b,400,30,430
74e4392a-e1ba-47dc-a81a-5ac309809406,508ad1fb-30cb-4403-a945-efca555fc603,2022-05-03 17:32:00,059136e5-beb1-43f4-a3fe-9cc14dd0989b,500,37,537
58572b03-29f1-4b97-b7c9-cf8f04da0ef2,c67e5298-2e23-483d-9271-f3a407d60b98,2022-05-03 08:03:00,059136e5-beb1-43f4-a3fe-9cc14dd0989b,600,44,644
27bd5bc3-0255-416b-b06c-b7b6498bf0bf,7881f065-465b-4e32-a7e5-688fb2bbb84e,2022-05-03 07:12:00,059136e5-beb1-43f4-a3fe-9cc14dd0989b,400,30,430
e970e3ad-d6eb-4bd6-97a6-198fda523f6d,ec70abb1-0f2b-4f84-8df9-c07a3d01ce2d,2022-05-03 09:17:00,059136e5-beb1-43f4-a3fe-9cc14dd0989b,600,44,644
d92e5927-d010-47b9-9e98-93a31141e817,4bc8d1b3-b47e-4bb4-8531-37a7694b301a,2022-05-03 07:00:00,059136e5-beb1-43f4-a3fe-9cc14dd0989b,600,44,644
e5ffd89a-bddf-4639-aa66-6a6c31e3f901,cfbb01a6-b92f-49e8-b0ad-73c464ec17b0,2022-05-03 07:33:00,059136e5-beb1-43f4-a3fe-9cc14dd0989b,400,30,430
84fdae51-ce26-4b49-af64-13418539b596,3e0a9ecf-66f7-42c2-8ff6-28dbe97fadce,2022-05-03 17:19:00,059136e5-beb1-43f4-a3fe-9cc14dd0989b,600,44,644
34c94992-214b-4eae-8481-f088feadf211,458069c2-357c-48d5-838d-618b3c991344,2022-05-03 16:08:00,059136e5-beb1-43f4-a3fe-9cc14dd0989b,400,30,430
9f021663-bf68-418d-9e9d-bfd126c28824,6760fa7e-0ff8-4391-bc15-ebc006f502a7,2022-05-03 14:38:00,059136e5-beb1-43f4-a3fe-9cc14dd0989b,600,44,644
e45fe3ea-aa92-4177-b508-2fa56b341382,78fdcf56-3a2e-4c02-b8c1-2268dc126226,2022-05-03 16:48:00,059136e5-beb1-43f4-a3fe-9cc14dd0989b,500,37,537
02306fc9-e8df-42cf-948a-498cb6dc694c,b933b8d1-2777-4f0a-a2da-d98923e7b020,2022-05-03 10:37:00,059136e5-beb1-43f4-a3fe-9cc14dd0989b,700,52,752
4a85a073-31d6-446e-b655-a5d6bc152a67,c94f282d-c27f-43b3-9a37-89551f87c760,2022-05-03 08:43:00,059136e5-beb1-43f4-a3fe-9cc14dd0989b,400,30,430
77b1b4b1-7569-479e-b896-ce69ab4fd578,b47c7991-a608-4b18-a03e-95ba4c30976b,2022-05-03 11:46:00,059136e5-beb1-43f4-a3fe-9cc14dd0989b,700,52,752
1aa5f688-c816-42f6-9b01-fea745678092,223b2d25-636a-4e2e-af36-e18af1f6ede8,2022-05-03 10:42:00,059136e5-beb1-43f4-a3fe-9cc14dd0989b,1200,89,1289
c88d2b0f-d5c2-47c6-9650-01f78e516193,8031e143-2b42-4f78-ab00-4368a3dd4e0f,2022-05-03 15:36:00,059136e5-beb1-43f4-a3fe-9cc14dd0989b,900,67,967
95384d96-46ff-404f-be99-8651e9e162fb,3096fdce-e3a2-4362-9436-618b55f584e1,2022-05-03 15:26:00,059136e5-beb1-43f4-a3fe-9cc14dd0989b,1800,135,1935
b586731f-7299-4c04-8264-82254e8de471,1ead5dd0-3b9e-404d-80f2-7861e930f91c,2022-05-03 14:58:00,059136e5-beb1-43f4-a3fe-9cc14dd0989b,700,52,752
33013c3e-0fe4-4d94-a276-e6e213c0a78b,e4368907-ea3f-41b2-991d-8a7eb4544b10,2022-05-03 11:14:00,059136e5-beb1-43f4-a3fe-9cc14dd0989b,3300,247,3547
fd819930-8b11-4aaa-ac80-9a9096f2376f,5387a336-309f-46ad-8ff0-c88002123cd1,2022-05-03 09:42:00,059136e5-beb1-43f4-a3fe-9cc14dd0989b,600,44,644
ff1abe63-c753-4643-8116-3d03dd02773d,48a627c0-ee76-49ed-a973-831b71164cf6,2022-05-03 07:43:00,059136e5-beb1-43f4-a3fe-9cc14dd0989b,700,52,752
840eb0ca-a0db-44d3-9990-c96cb14af2dc,8437dbcc-d837-403b-93dd-6b6b89046f67,2022-05-03 08:37:00,059136e5-beb1-43f4-a3fe-9cc14dd0989b,600,44,644
05fc5a43-ce9e-46ee-89ed-1d1d217efc18,b6b3e2f5-352e-401a-967f-e80b22835181,2022-05-03 07:30:00,059136e5-beb1-43f4-a3fe-9cc14dd0989b,700,52,752
a9e8add6-ef4c-45da-862c-f27c23cfcb49,529aeb1a-d311-4a43-884e-e717d5e3cad0,2022-05-03 18:19:00,059136e5-beb1-43f4-a3fe-9cc14dd0989b,600,44,644
4f84884a-8194-4bc7-8aa7-4670bc1e4704,1ec8de53-5406-46b5-b3c3-76641dbe8e17,2022-05-03 11:51:00,059136e5-beb1-43f4-a3fe-9cc14dd0989b,2800,210,3010
61c217e4-e961-47ad-b434-bea5e651c008,90cc7c61-1525-466e-96a5-004a27f62856,2022-05-03 16:42:00,059136e5-beb1-43f4-a3fe-9cc14dd0989b,1600,120,1720
1dd74528-6ad7-43c1-98f1-ac12fef4ba24,f7250eed-7b37-49f8-ad82-3b0b965d0120,2022-05-03 16:04:00,059136e5-beb1-43f4-a3fe-9cc14dd0989b,1700,127,1827
af78bf01-1787-403a-88f1-27046002f1f7,9f4289a0-4b05-47f1-b00d-68800d9fe2ef,2022-05-03 17:25:00,059136e5-beb1-43f4-a3fe-9cc14dd0989b,1200,89,1289
2f521bcd-b243-436e-ad61-ae844f5e0689,86342a05-6726-4583-98d2-568fa9bcb114,2022-05-03 09:36:00,059136e5-beb1-43f4-a3fe-9cc14dd0989b,2500,187,2687
cd29e5a7-1118-4023-9825-a99460469e35,96ebbc87-f9c3-4880-b19d-6b115c1d06a9,2022-05-03 15:58:00,059136e5-beb1-43f4-a3fe-9cc14dd0989b,700,52,752
e90c7888-00ed-4f77-8196-6037882a34b0,95d94379-7e44-44b8-869c-b0c1a76573f9,2022-05-03 07:30:00,059136e5-beb1-43f4-a3fe-9cc14dd0989b,400,30,430
e4a01893-7b7d-40dd-822f-bdb57aed650e,2753b71d-8872-4b48-8234-a6fc8ba92d23,2022-05-03 16:31:00,059136e5-beb1-43f4-a3fe-9cc14dd0989b,600,44,644
265da306-f7e6-42a5-9b84-682e04303f50,bf526f3f-3326-4dee-a147-afdb0b21f9d0,2022-05-03 07:51:00,059136e5-beb1-43f4-a3fe-9cc14dd0989b,400,30,430
221c5296-075f-4d38-8f5e-2366451f3149,980904e6-1f3f-4d1c-9941-bf341f315e6e,2022-05-03 07:41:00,059136e5-beb1-43f4-a3fe-9cc14dd0989b,500,37,537
24db012c-aec7-44cd-998d-c3b345585b8c,61658487-1dbc-4dfc-bb5e-cc6862adf39a,2022-05-03 08:21:00,059136e5-beb1-43f4-a3fe-9cc14dd0989b,500,37,537
c87ddf2c-0c7c-4ed0-83d5-24164777a595,1ab259b8-43b5-44cd-b62a-a043943be6be,2022-05-03 13:35:00,059136e5-beb1-43f4-a3fe-9cc14dd0989b,1900,142,2042
9317796b-f541-491e-be71-327a291271aa,71febbc1-2d32-460b-adee-3fe28d05d862,2022-05-03 07:41:00,059136e5-beb1-43f4-a3fe-9cc14dd0989b,500,37,537
bec4d5ce-e9bc-40ae-a36a-2a370e2beebc,1983b588-cc8c-4486-9324-15dde1e28b95,2022-05-03 08:42:00,059136e5-beb1-43f4-a3fe-9cc14dd0989b,600,44,644
0b4cfcbb-7868-4d1f-aef5-6df9ce92fc98,f9235efd-9086-44e7-9a3e-6690eacebd47,2022-05-03 07:05:00,059136e5-beb1-43f4-a3fe-9cc14dd0989b,500,37,537
4297532f-d169-4aed-b6c6-27e1240c429e,b5cb4ced-80b0-42b7-aa05-6b3107491038,2022-05-03 09:56:00,059136e5-beb1-43f4-a3fe-9cc14dd0989b,600,44,644
ba52def3-6dd7-4008-a1cd-2b31d1f1a68f,9af6a279-c409-4cf3-bd2f-3d6af0389baf,2022-05-03 13:10:00,059136e5-beb1-43f4-a3fe-9cc14dd0989b,700,52,752
3ca85367-36fe-4344-b769-c03c4b8a9001,9f0a6984-4240-496d-89c0-001579285282,2022-05-03 11:37:00,059136e5-beb1-43f4-a3fe-9cc14dd0989b,4200,315,4515
09b97c77-a29d-45fe-b6fb-8f3b0d36d1f3,9975d2cb-8b6a-4d55-9cd7-65b71f75b675,2022-05-03 07:42:00,059136e5-beb1-43f4-a3fe-9cc14dd0989b,700,52,752
a4db752a-87f9-4fb1-935c-db2255ac729d,1e93548e-a310-47d0-bb52-0b660deefca6,2022-05-03 15:43:00,059136e5-beb1-43f4-a3fe-9cc14dd0989b,2800,210,3010
b5b3b300-7d9f-48a4-b261-df869629d39e,8241d5ee-dc4e-4450-adeb-952f814563f6,2022-05-03 13:16:00,059136e5-beb1-43f4-a3fe-9cc14dd0989b,500,37,537
b6a345b3-f369-44f7-8cb4-56994fe00912,bc968d3f-f335-49c5-b7d1-a1c1b2c0df9d,2022-05-03 13:55:00,059136e5-beb1-43f4-a3fe-9cc14dd0989b,400,30,430
4a54895e-14a1-47de-8de3-c9e3884e46bb,239b8d39-765a-472e-8b88-611bdc0e7812,2022-05-03 07:54:00,059136e5-beb1-43f4-a3fe-9cc14dd0989b,700,52,752
3773cb61-3116-4948-8a77-adbb5863ef70,6fcb3e33-b407-4fad-a95e-92178dcd8a34,2022-05-03 08:09:00,059136e5-beb1-43f4-a3fe-9cc14dd0989b,500,37,537
84ab8bc3-8e89-4e11-bb57-6d6934d569eb,8164d8c7-ed86-48e2-ba04-4b693a90a81a,2022-05-03 13:01:00,059136e5-beb1-43f4-a3fe-9cc14dd0989b,1500,112,1612
23e78181-b5b2-4c2f-a902-c795218d74fc,04c195d4-4dc6-47ab-8951-45427e72b536,2022-05-03 12:01:00,059136e5-beb1-43f4-a3fe-9cc14dd0989b,600,44,644
6dbba809-4dd6-44fa-95ce-b8cc354ade9c,3888e62f-5ebe-49cf-93e8-70e8eb32a0de,2022-05-03 07:45:00,059136e5-beb1-43f4-a3fe-9cc14dd0989b,500,37,537
fb52b28a-3aa2-457f-a488-f544ecd4c2f9,c085eeee-229f-4875-866c-4edc1617d158,2022-05-03 08:14:00,059136e5-beb1-43f4-a3fe-9cc14dd0989b,600,44,644
9269693f-32c5-4422-9c4f-a45c8ad827d0,34e3fa3a-3e73-4d2a-bd8f-4aeb7d8b2231,2022-05-03 16:34:00,b5941a70-cf63-407e-8c24-c979e7f61e45,600,24,624
8997cf33-ea1d-4160-a518-9119de957f48,c1204cb7-2364-40d5-8a6b-d3c001faae6f,2022-05-03 07:51:00,b5941a70-cf63-407e-8c24-c979e7f61e45,600,24,624
1edcf783-c632-4be1-bd4c-1ea3dab3d60f,def6a9d5-036b-4315-998b-47908bc1c8ad,2022-05-03 08:31:00,b5941a70-cf63-407e-8c24-c979e7f61e45,600,24,624
73eaf77f-7539-4bc8-809e-dc08f02bf5d5,fa793654-137e-43d4-b206-81e8119b1b4e,2022-05-03 16:13:00,b5941a70-cf63-407e-8c24-c979e7f61e45,1700,68,1768
f9069b12-65df-4c88-a5a9-c90ddf8c5893,b348e89f-677a-4d48-a58b-b4c9448f50a1,2022-05-03 08:16:00,b5941a70-cf63-407e-8c24-c979e7f61e45,700,28,728
ac5d1236-9e81-44d0-b535-c773ecaa5594,8903ed0e-aebe-4557-b8ac-6a0b252ebdbe,2022-05-03 08:16:00,b5941a70-cf63-407e-8c24-c979e7f61e45,400,16,416
85652cc4-cfbc-4e4e-b584-e967ff80c078,2b95812c-96e3-4c71-b994-40bd090d6422,2022-05-03 09:50:00,b5941a70-cf63-407e-8c24-c979e7f61e45,700,28,728
63f7a9a6-4975-4640-9df0-585245c32f88,cfe678c2-234b-4b62-809d-8caee64e6323,2022-05-03 08:59:00,b5941a70-cf63-407e-8c24-c979e7f61e45,600,24,624
4f016396-e430-4cab-b9a6-173ea7c3d33c,c736210a-434f-4b33-955c-6fdf5e35768c,2022-05-03 17:17:00,b5941a70-cf63-407e-8c24-c979e7f61e45,400,16,416
78b63c36-5977-4383-ac74-16ddadb13115,48fb38a1-f0ff-46e0-964c-df51a0ba2612,2022-05-03 15:48:00,b5941a70-cf63-407e-8c24-c979e7f61e45,1600,64,1664
03d74ed3-5372-449d-ae03-179c49d2bdb4,162093d1-12b1-4f06-9ff7-56f2f0a73461,2022-05-03 11:57:00,b5941a70-cf63-407e-8c24-c979e7f61e45,400,16,416
ba7bd5c4-a40f-4ce1-9b0a-bc334b42b6e3,d3c03d2b-e214-4128-b959-7cbb00080b81,2022-05-03 08:10:00,b5941a70-cf63-407e-8c24-c979e7f61e45,400,16,416
8f96e0c0-2d90-4026-a23f-0715928d1c0f,e835ed2d-f124-4491-ac98-63c5d43f5b22,2022-05-03 07:54:00,b5941a70-cf63-407e-8c24-c979e7f61e45,600,24,624
652392f3-4e37-4fa3-97e3-9fb402da21e6,84446a2a-0a45-4348-9c17-8317f660ad1d,2022-05-03 08:06:00,b5941a70-cf63-407e-8c24-c979e7f61e45,700,28,728
ca9e43e3-1957-439a-8744-bec96412f7d7,855ad166-da80-4dee-8c53-b239e364b074,2022-05-03 07:04:00,b5941a70-cf63-407e-8c24-c979e7f61e45,600,24,624
bc71332b-3b6e-4d9a-9c5e-f0c10b1484d6,9f09c473-3854-4d8e-8123-09976c23a1b9,2022-05-03 07:56:00,b5941a70-cf63-407e-8c24-c979e7f61e45,700,28,728
a6b6fe2b-859b-40a1-a77a-16c7905faec9,35cb739c-aa7a-4612-b4d0-01c8e37a6c7f,2022-05-03 11:26:00,b5941a70-cf63-407e-8c24-c979e7f61e45,3900,156,4056
8889d916-3a3e-40d0-8fd1-8c22d23d5982,22d560dc-7d37-4c64-a28e-bf2e181c0a81,2022-05-03 10:14:00,b5941a70-cf63-407e-8c24-c979e7f61e45,500,20,520
b3ab085a-c7bd-4813-ba50-f6080b5ee4db,ec867770-aa2f-425e-8f03-4269cb2c8432,2022-05-03 17:39:00,b5941a70-cf63-407e-8c24-c979e7f61e45,600,24,624
2d263ea8-ef7c-4b34-ad95-29d0693c1f6e,bf200f85-febd-42c5-be55-f8285e5f92c1,2022-05-03 07:50:00,b5941a70-cf63-407e-8c24-c979e7f61e45,600,24,624
a603547f-8b4d-4403-9940-ad0d6891dcb3,9f61b897-87a5-4341-b000-d7a1a681ee58,2022-05-03 12:27:00,b5941a70-cf63-407e-8c24-c979e7f61e45,1700,68,1768
70aae564-78bb-423a-af3a-092e31277b87,783d638a-a73b-4d58-a792-5b07857366ef,2022-05-03 11:36:00,b5941a70-cf63-407e-8c24-c979e7f61e45,600,24,624
7c52e7fc-39a1-4957-9e90-67bb288f39f8,a3cce527-a7ce-45c1-88eb-1e35f39d9d7d,2022-05-03 10:51:00,b5941a70-cf63-407e-8c24-c979e7f61e45,1000,40,1040
d15db970-485e-4e9d-95ac-790ec2364d06,3026827e-4594-4e12-9104-4393294a37c1,2022-05-03 07:54:00,b5941a70-cf63-407e-8c24-c979e7f61e45,400,16,416
78827ee6-197d-4ad2-af7f-01e2c82a657c,a52016eb-4b27-48c0-b3a0-f34fb0fc0ca8,2022-05-03 08:27:00,b5941a70-cf63-407e-8c24-c979e7f61e45,500,20,520
d347bd20-0aa3-46ba-8f2a-bf30f8420632,49eeffff-dad6-4307-984c-99e7add468e3,2022-05-03 14:36:00,b5941a70-cf63-407e-8c24-c979e7f61e45,1800,72,1872
e7e42000-e496-4c71-9b8e-a9784d19db85,ce98655e-a7d1-4fd5-88dc-cdba73dd8e31,2022-05-03 12:32:00,b5941a70-cf63-407e-8c24-c979e7f61e45,2100,84,2184
40af63d2-d626-4492-8ec6-29dfdfc68ebb,d520e1c0-909a-4413-a2a1-e8f27b7751b3,2022-05-03 11:54:00,b5941a70-cf63-407e-8c24-c979e7f61e45,500,20,520
888a47a6-3b46-45be-948f-c8411ffb9920,5f9d6e13-18b2-47d0-8f5d-6acc5cdf4a27,2022-05-03 07:00:00,b5941a70-cf63-407e-8c24-c979e7f61e45,400,16,416
ced46cbf-8631-42a2-b37a-00968dbd276a,6555ae72-a22c-4480-a4e6-26cee8a445be,2022-05-03 09:57:00,b5941a70-cf63-407e-8c24-c979e7f61e45,600,24,624
6fdd694f-c319-4e00-b424-7c67694b9c62,89bb868a-8886-49a5-aa72-5e3a25626304,2022-05-03 07:28:00,b5941a70-cf63-407e-8c24-c979e7f61e45,400,16,416
e58f0817-ca06-4b66-84d0-788e698bb466,d77e9950-184e-411c-b78a-a5d36b2bdd7b,2022-05-03 12:55:00,b5941a70-cf63-407e-8c24-c979e7f61e45,700,28,728
3c8dc498-6710-4c9e-b4f9-80eb39e40898,5bdef59a-94a7-4f55-a527-34a14a8ddcd4,2022-05-03 12:03:00,b5941a70-cf63-407e-8c24-c979e7f61e45,600,24,624
e7da7e88-f524-455e-bf6d-fbe30d6891d4,810f2190-c36f-4061-be67-f071ea5b49f9,2022-05-03 07:46:00,b5941a70-cf63-407e-8c24-c979e7f61e45,500,20,520
928bc0c7-6a7d-485a-9ace-6589a239559b,13bed8da-2e02-4e0b-8258-df34a7c2d850,2022-05-03 12:17:00,b5941a70-cf63-407e-8c24-c979e7f61e45,1100,44,1144
905e7025-5ecd-4f27-a814-4f71b2f8ece5,58661011-90b9-46de-a9c1-8e1f17803683,2022-05-03 08:36:00,b5941a70-cf63-407e-8c24-c979e7f61e45,500,20,520
7b0aa7a9-145f-4940-ad89-efddfe0c336b,0cc54e37-2408-4b86-9b5e-307919784f57,2022-05-03 15:22:00,b5941a70-cf63-407e-8c24-c979e7f61e45,400,16,416
3eaf1dda-80e4-44ad-8053-2caa63b4c199,82c401a8-0323-4d08-ac5c-94d255bbf98f,2022-05-03 08:31:00,b5941a70-cf63-407e-8c24-c979e7f61e45,600,24,624
baf58d77-556a-4c24-bbd8-6e49c7fe9474,59c58e4f-9f02-4032-8725-a11f99244dd1,2022-05-03 16:02:00,b5941a70-cf63-407e-8c24-c979e7f61e45,600,24,624
a0c77147-e2a1-48c6-8ace-54a8816d00e7,c72ef573-7104-4b39-b0e3-c1e356d7852d,2022-05-03 07:05:00,b5941a70-cf63-407e-8c24-c979e7f61e45,600,24,624
380729bf-fe02-4047-945e-5ae7e7c4215a,3edc512f-6a6e-47a4-8b78-d15efb3b5e04,2022-05-03 07:06:00,b5941a70-cf63-407e-8c24-c979e7f61e45,400,16,416
4e01aa8b-c938-4e36-bd64-3311cca64cea,8c5fa099-c06b-40f4-89d4-8cf99468b397,2022-05-03 07:36:00,b5941a70-cf63-407e-8c24-c979e7f61e45,700,28,728
3957a5f7-2dff-4570-87ca-257a8669f976,ca5ef5f0-0607-4476-b0a6-40717d0c8a13,2022-05-03 16:18:00,b5941a70-cf63-407e-8c24-c979e7f61e45,700,28,728
d5f3138e-1ac6-4bac-b151-c14ac7e8076f,90afd4e3-d40c-4469-a511-0b1c2d303cb2,2022-05-03 16:09:00,b5941a70-cf63-407e-8c24-c979e7f61e45,1800,72,1872
c95adc3f-c021-44b3-8fe8-60d04eacc50c,e16637ca-b05a-4c31-a176-d2419ec2e18a,2022-05-03 13:42:00,b5941a70-cf63-407e-8c24-c979e7f61e45,400,16,416
ef974552-a7bf-4f97-a9eb-0cd45fd95adb,596caac8-7411-4225-9b52-3a11d72f2653,2022-05-03 07:59:00,b5941a70-cf63-407e-8c24-c979e7f61e45,600,24,624
0668be42-476b-438e-85d9-f7a4990c63b3,a921920a-817e-4311-8a3b-c77f11b97964,2022-05-03 19:17:00,b5941a70-cf63-407e-8c24-c979e7f61e45,400,16,416
14d300d8-a6b2-433d-ad07-61bd33591f3c,20d3c912-c56f-4e52-81f5-0270797ca85a,2022-05-03 12:07:00,b5941a70-cf63-407e-8c24-c979e7f61e45,600,24,624
d9592a82-b1dd-4853-8426-fb113f38e29f,46172e79-619e-4077-af99-369c4d7f6c1a,2022-05-03 12:50:00,b5941a70-cf63-407e-8c24-c979e7f61e45,2300,92,2392
57d764b4-bb69-4ad4-844c-a7daf26735c2,b5e4f088-535a-4d1a-9dfc-1f0f1a5bbb31,2022-05-03 13:19:00,b5941a70-cf63-407e-8c24-c979e7f61e45,700,28,728
99358132-9338-4463-b03c-ef99869a8785,fc665220-686d-4e6c-aebc-5eccbf9e7900,2022-05-03 15:35:00,b5941a70-cf63-407e-8c24-c979e7f61e45,1800,72,1872
a38cd4d6-da0d-4416-b678-c981c24b97af,612ba113-a667-4f6c-88ff-4719d9b8bd6d,2022-05-03 07:42:00,b5941a70-cf63-407e-8c24-c979e7f61e45,500,20,520
d9295929-eef3-4005-b72f-9fa4c791103f,d2e1ff33-c440-48ba-bdf6-644644ae2ec5,2022-05-03 18:11:00,b5941a70-cf63-407e-8c24-c979e7f61e45,400,16,416
bbbcfdc9-2ed5-4268-ab23-a808b27e9cb4,5f850358-6038-4f2e-a7f6-9ad8be127665,2022-05-03 07:54:00,b5941a70-cf63-407e-8c24-c979e7f61e45,600,24,624
34c3b7b2-c110-4a46-b77e-b5193b6cd66e,de6351d4-e3e1-4e82-9c3f-ee108764ba3a,2022-05-03 12:33:00,b5941a70-cf63-407e-8c24-c979e7f61e45,400,16,416
91cfc191-ae58-42f1-a55b-88d41cc92722,37ae6c25-9a54-4bd2-b8ce-8ff408aad37c,2022-05-03 14:08:00,b5941a70-cf63-407e-8c24-c979e7f61e45,600,24,624
aa4e0293-72f8-4a3b-a8ac-66a8f086629c,f25ea7d3-6c3c-4726-8089-64ceb86635c0,2022-05-03 10:12:00,b5941a70-cf63-407e-8c24-c979e7f61e45,1000,40,1040
10d4b9c2-a2d2-490a-ae40-2d62088214f1,9d330313-dfc3-4167-8d1e-7010f0360e77,2022-05-03 15:29:00,b5941a70-cf63-407e-8c24-c979e7f61e45,700,28,728
a4233b33-8419-498c-ad01-23f580690d60,6faee88c-1462-4014-aab0-303e19e38765,2022-05-03 08:54:00,b5941a70-cf63-407e-8c24-c979e7f61e45,400,16,416
da95a304-d906-4751-aae3-d70469e5cdad,bf8dfc01-63c1-4fad-bc87-f235d190076e,2022-05-03 07:23:00,b5941a70-cf63-407e-8c24-c979e7f61e45,700,28,728
b824cf6c-d451-479a-b360-2a0d7ea16f23,d67db81a-4d2e-4a5a-a1e1-70e3b973dad8,2022-05-03 08:29:00,b5941a70-cf63-407e-8c24-c979e7f61e45,700,28,728
490ecbae-2993-4170-8296-cb62ab9215d6,805df221-8701-4577-bc0b-d5ecfbf9334b,2022-05-03 19:49:00,b5941a70-cf63-407e-8c24-c979e7f61e45,400,16,416
21cda043-dcbd-41a4-ba6c-d0b939152805,99b17443-411b-490a-a48e-a04b3366df95,2022-05-03 08:25:00,b5941a70-cf63-407e-8c24-c979e7f61e45,600,24,624
82832727-a58b-4fe2-a30c-797e20ade28b,0dbe6d07-7913-408a-94b4-8f22812b02b7,2022-05-03 16:58:00,b5941a70-cf63-407e-8c24-c979e7f61e45,600,24,624
6a096eac-c395-4ce2-997f-bcf3a49e08da,92426ac9-fb06-489a-b934-4d0a34e875a2,2022-05-03 13:46:00,b5941a70-cf63-407e-8c24-c979e7f61e45,1700,68,1768
fc5aaa37-fc5c-45c8-a727-a5951e348fe5,99b32ca4-6c29-4f95-86a4-210f753a423e,2022-05-03 07:44:00,b5941a70-cf63-407e-8c24-c979e7f61e45,500,20,520
c1e7f956-fda0-4e40-8897-e2d510abe887,67a854b8-54c7-40ee-b9f9-e7b0f261bbb1,2022-05-03 11:31:00,b5941a70-cf63-407e-8c24-c979e7f61e45,500,20,520
2c17e52b-836c-43d7-be48-3083f08088a3,c3faf033-87ae-476c-972d-033dc9c309b3,2022-05-03 08:30:00,b5941a70-cf63-407e-8c24-c979e7f61e45,400,16,416
c115acee-f785-4b96-b6d8-b0c65e573170,caf3b5dd-09de-4781-9daf-083849d3346b,2022-05-03 08:10:00,b5941a70-cf63-407e-8c24-c979e7f61e45,600,24,624
7410c07c-b057-43ed-b99d-9daa9d8e1c22,cf5542a6-e935-4ac0-83e2-0c9ff00c5ed6,2022-05-03 07:45:00,b5941a70-cf63-407e-8c24-c979e7f61e45,700,28,728
fd95409e-654d-4748-ab2a-fb7b05f427b2,d63b84b0-56cb-4bde-839a-9678e773fa7c,2022-05-03 15:55:00,b5941a70-cf63-407e-8c24-c979e7f61e45,500,20,520
7095ff9f-8344-43f0-a67a-4eb298afc93a,ff577722-6ee8-4cc1-982c-667b02662534,2022-05-03 14:08:00,b5941a70-cf63-407e-8c24-c979e7f61e45,4600,184,4784
0e2e59fe-43b6-427e-9d2a-94771f1dae56,ac8f873e-ffa7-42bf-9f3a-11d00e4c98e1,2022-05-03 16:51:00,b5941a70-cf63-407e-8c24-c979e7f61e45,1500,60,1560
3ebcf99b-f7c1-4f2b-a7f3-dcd0d247ed14,dd84de96-1d22-4cc4-a92d-64c9cd3e7d1d,2022-05-03 07:31:00,b5941a70-cf63-407e-8c24-c979e7f61e45,600,24,624
38ff05b5-294f-4af3-85f4-e00c2285afd6,dc2823ec-0bc9-4530-9ff3-eccb8e52587a,2022-05-03 08:29:00,b5941a70-cf63-407e-8c24-c979e7f61e45,600,24,624
0f768a6c-e702-4809-be9e-ae8343d7b32a,1bb7c24c-4831-468b-bef3-93d9c1ac3849,2022-05-03 14:48:00,b5941a70-cf63-407e-8c24-c979e7f61e45,1800,72,1872
5c2ef2f6-7a91-4cf9-8be8-b41f1070596d,a493497f-f0cb-4f9d-84b6-4a09288e870d,2022-05-03 18:18:00,b5941a70-cf63-407e-8c24-c979e7f61e45,400,16,416
0e1abbb3-3039-41f2-86c5-1ccf3ca6fede,74b71a0a-315f-4552-9f83-00256329c614,2022-05-03 14:22:00,b5941a70-cf63-407e-8c24-c979e7f61e45,1900,76,1976
628d261e-c1e6-48c3-a0ca-ae6103d18b46,51a2738e-126b-4de1-8d24-d799e22a0814,2022-05-03 13:42:00,b5941a70-cf63-407e-8c24-c979e7f61e45,2200,88,2288
142e9a60-802d-4364-ba53-ac9ebbaf27b2,475da3ae-e2eb-4a82-899f-a4d48f805e0e,2022-05-03 07:51:00,b5941a70-cf63-407e-8c24-c979e7f61e45,600,24,624
2cc4b42b-7ca7-4014-993a-c99b69082ae1,281dca33-a2f6-49ab-8e09-565598b69e26,2022-05-03 16:20:00,b5941a70-cf63-407e-8c24-c979e7f61e45,500,20,520
986a15aa-201e-45c1-8082-29350ef80827,5fd88fba-3fdd-4be3-b693-023235215d66,2022-05-03 09:15:00,b5941a70-cf63-407e-8c24-c979e7f61e45,2400,96,2496
b36b1226-c58e-47cf-926a-78468525fc64,dea4bee6-4b99-475c-98f3-d45fa666d228,2022-05-03 07:35:00,b5941a70-cf63-407e-8c24-c979e7f61e45,400,16,416
ff47d188-a7d1-4758-98d8-9b77da0d206f,f66664e6-6ea7-4524-95fb-4ecd18c7a220,2022-05-03 10:31:00,b5941a70-cf63-407e-8c24-c979e7f61e45,600,24,624
f52dfbc6-7525-4031-adda-c7d187a73a1b,a443515b-c5ea-4400-a9b4-1618a5764390,2022-05-03 12:37:00,b5941a70-cf63-407e-8c24-c979e7f61e45,600,24,624
efe27416-8788-4b24-a83d-be35ef701136,fb19d959-ff98-44ce-9265-c57eb1f19b1b,2022-05-03 07:29:00,b5941a70-cf63-407e-8c24-c979e7f61e45,700,28,728
0beed989-3e11-4658-bace-6b5e8cc84276,5014751e-3349-4a92-8345-60743b1f057f,2022-05-03 08:05:00,b5941a70-cf63-407e-8c24-c979e7f61e45,600,24,624
0c5bca08-376d-443e-9c33-05c478738676,a2a1225b-f682-44c7-a2fe-66bf11875462,2022-05-03 15:26:00,b5941a70-cf63-407e-8c24-c979e7f61e45,400,16,416
6e0d2c18-49cb-402c-bfe3-f4a09d378b30,18d1b601-fd5c-4893-827a-f391df2d07dc,2022-05-03 16:51:00,b5941a70-cf63-407e-8c24-c979e7f61e45,400,16,416
6017b58f-f152-44c4-a15a-a368bc29b93a,18f2f19f-5893-49ed-94d6-e0ff3e31fdbc,2022-05-03 16:29:00,b5941a70-cf63-407e-8c24-c979e7f61e45,1800,72,1872
0b99818a-e2c3-4125-a173-d469675bd664,615c2b61-925a-454f-8302-0ff235595665,2022-05-03 09:48:00,b5941a70-cf63-407e-8c24-c979e7f61e45,1100,44,1144
1ef2b1e5-66a3-4fff-90f2-90d068fd1739,eea76b70-f6e9-4d1d-8969-112cf1bede15,2022-05-03 08:55:00,b5941a70-cf63-407e-8c24-c979e7f61e45,600,24,624
1acb66ff-421f-4dee-b678-91cfcc1189b8,fc0a74be-b00b-4fee-a08a-b65438c8f712,2022-05-03 15:41:00,b5941a70-cf63-407e-8c24-c979e7f61e45,1900,76,1976
f5ab6cdc-83a5-4007-8262-5a82dc9aef68,de2c905c-62ed-4d9f-bf34-2d7c90034c4c,2022-05-03 12:40:00,b5941a70-cf63-407e-8c24-c979e7f61e45,2100,84,2184
d4e73de2-cb77-4ada-9d7a-9211450a24e9,78f8bb3f-1498-4095-b11b-a9c643056197,2022-05-03 07:29:00,b5941a70-cf63-407e-8c24-c979e7f61e45,600,24,624
4690b38d-bfef-4e75-8ea3-8992e441458b,3ac82e2d-4337-43f2-852f-933842baca7a,2022-05-03 12:26:00,b5941a70-cf63-407e-8c24-c979e7f61e45,700,28,728
3f2a90bb-7ab8-4e74-8ecb-a37ca5435e29,2de13ec9-859e-41d0-bda4-b848cf153f54,2022-05-03 17:31:00,b5941a70-cf63-407e-8c24-c979e7f61e45,400,16,416
2b62d9d7-fe1d-45c8-9b6b-17773f2962cf,64ae60bd-9702-4342-8766-2996c32f2161,2022-05-03 08:54:00,b5941a70-cf63-407e-8c24-c979e7f61e45,700,28,728
1bff7a3d-27ec-40bd-b4e4-114465ea2c60,3a0320ef-2ab5-4253-b221-8e09a98e50a3,2022-05-03 14:27:00,b5941a70-cf63-407e-8c24-c979e7f61e45,700,28,728
265886cf-6405-46b6-8445-00e2c742ea7a,e4195e67-3333-4944-8820-2160913bca91,2022-05-03 10:31:00,b5941a70-cf63-407e-8c24-c979e7f61e45,600,24,624
7d25fdf7-8eeb-42e2-8ade-e4873581b986,dab67da9-65e8-4fde-ab3d-3370cdb5a9a3,2022-05-03 07:33:00,b5941a70-cf63-407e-8c24-c979e7f61e45,600,24,624
2b381039-d685-4b2d-b901-10688b4bc0d1,33f1d392-7275-48b2-a60d-cdff021d282e,2022-05-03 14:38:00,b5941a70-cf63-407e-8c24-c979e7f61e45,600,24,624
78112da2-f906-469b-b0a9-c317db37a934,0d412b28-b5a1-4cea-a1f5-869ea07f821d,2022-05-03 07:59:00,b5941a70-cf63-407e-8c24-c979e7f61e45,600,24,624
1539fffa-34ce-4ae0-825c-07dc2b813480,a2d5c680-5dfa-4c55-8a64-5f2353ac92e9,2022-05-03 07:20:00,b5941a70-cf63-407e-8c24-c979e7f61e45,600,24,624
a7f7c69a-8693-4c24-9e8f-4ca1cdc3e738,96a0e34a-c91b-43c3-a6b7-c87030bc1171,2022-05-03 12:50:00,b5941a70-cf63-407e-8c24-c979e7f61e45,2000,80,2080
5aee0614-f824-44db-ba86-296bd961f403,bb93c5a0-2544-4151-b8e0-8d22fb4b6c8d,2022-05-03 08:30:00,b5941a70-cf63-407e-8c24-c979e7f61e45,500,20,520
c466915a-7d7e-4f76-a276-df1a6084fb36,1623a070-caac-4de1-be52-23974b2f1806,2022-05-03 08:29:00,b5941a70-cf63-407e-8c24-c979e7f61e45,500,20,520
da67a1b5-bee2-4430-8f0b-abf88a74cee0,a61f8fb8-cfeb-418f-8c0b-5d790aa1879d,2022-05-03 15:00:00,b5941a70-cf63-407e-8c24-c979e7f61e45,1700,68,1768
65f7217e-ddf4-4740-9867-a6b3957460db,c2cff44b-8573-42be-b3e3-d2deb524c228,2022-05-03 07:44:00,b5941a70-cf63-407e-8c24-c979e7f61e45,600,24,624
579a38ce-db9d-48a5-8ccd-6869ea3bbda9,211767fb-46bb-4bc3-b50d-f6548cecd777,2022-05-03 15:06:00,b5941a70-cf63-407e-8c24-c979e7f61e45,700,28,728
0cca694e-02b1-4632-8596-769180a830d5,9b5611f7-2998-4617-a471-2a797e4403d5,2022-05-03 07:34:00,b5941a70-cf63-407e-8c24-c979e7f61e45,700,28,728
d2d4235f-305e-4df5-ab92-192ce50e317a,aab76d2f-7bb6-40df-9caf-5bb0239d9be0,2022-05-03 16:04:00,b5941a70-cf63-407e-8c24-c979e7f61e45,700,28,728
2a505235-47ec-4971-96d4-e7bcffa5e8be,56f5e8d6-f6fa-42d4-b15c-284e8707dbce,2022-05-03 17:18:00,b5941a70-cf63-407e-8c24-c979e7f61e45,500,20,520
5aa181c9-c51a-4984-9099-68c4bfc658bc,242de275-bad2-4f2e-afa4-7dd9ad56d239,2022-05-03 16:05:00,b5941a70-cf63-407e-8c24-c979e7f61e45,1800,72,1872
e8fd4c0e-8592-41a9-a65e-3c57f06c53de,936d1ff6-3e00-4b99-8b1b-239b29bdf6a7,2022-05-03 12:12:00,b5941a70-cf63-407e-8c24-c979e7f61e45,400,16,416
ea962b81-23b4-4a12-94b3-a7f5285bd32a,d7fb7e89-b4b9-4504-ba2a-2e421619e418,2022-05-03 16:55:00,b5941a70-cf63-407e-8c24-c979e7f61e45,1800,72,1872
55f2d0a5-9cf4-4848-93b7-de94dd964d07,731a8880-f07b-4135-95e7-7cadecd6c7b6,2022-05-03 11:08:00,b5941a70-cf63-407e-8c24-c979e7f61e45,600,24,624
80a4c269-fc95-41de-a23a-6d1eb80f309d,3f442476-f77e-4e32-b935-aec1f3c4f788,2022-05-03 11:48:00,b5941a70-cf63-407e-8c24-c979e7f61e45,500,20,520
c4285c70-734a-4167-ac00-4e796abe256e,d5d4a5a0-dd76-437a-98ee-452bc4cc56a2,2022-05-03 12:34:00,b5941a70-cf63-407e-8c24-c979e7f61e45,3500,140,3640
5d41ffe3-e2c0-469c-9149-b165a81d8ea9,347aaca0-4db6-4e60-ad89-2b61a4032cd6,2022-05-03 07:29:00,b5941a70-cf63-407e-8c24-c979e7f61e45,600,24,624
735da144-5578-4ed2-bd70-bbc091f2f8b2,8d1bb153-3cbc-4d4c-8bb1-542dea3e3ac7,2022-05-03 14:40:00,b5941a70-cf63-407e-8c24-c979e7f61e45,1500,60,1560
af75b78c-1161-4bb1-9dd4-357777206f7c,84dfa460-b42f-4d62-86a7-14fc86267d3f,2022-05-03 07:49:00,b5941a70-cf63-407e-8c24-c979e7f61e45,600,24,624
01c64aab-6ebc-434d-86e3-ad2ab7aaa6b6,cee21671-06de-4819-8862-21cc56c74858,2022-05-03 16:09:00,b5941a70-cf63-407e-8c24-c979e7f61e45,600,24,624
e43ca166-cc5f-4085-a36a-959e21d49028,deb2aaa1-a28d-4c98-aa82-8908b5c5704a,2022-05-03 08:33:00,b5941a70-cf63-407e-8c24-c979e7f61e45,400,16,416
125fb6ea-3475-40ee-a84f-768c577ad014,c2ad7787-dfe9-4b11-b2ce-bf30b5f3687d,2022-05-03 10:16:00,b5941a70-cf63-407e-8c24-c979e7f61e45,700,28,728
828a4b18-fd4a-42c2-9b31-94e12b0ccc3f,dc5e8e7f-8d11-4bdc-91f5-9e0a2d3c9ad3,2022-05-03 07:58:00,b5941a70-cf63-407e-8c24-c979e7f61e45,400,16,416
b99c9d64-57ba-4e31-8903-59e9b93b648d,d155fd8e-22d5-4146-9443-7deca68b07e3,2022-05-03 13:40:00,b5941a70-cf63-407e-8c24-c979e7f61e45,600,24,624
aa656021-96bd-401d-a45c-727c6df6178d,5c652666-a538-4cba-8ced-42f0076f90f2,2022-05-03 08:44:00,b5941a70-cf63-407e-8c24-c979e7f61e45,600,24,624
650529b0-47f7-4235-ba27-8613f4c7e00e,b1319ef3-0643-4d00-acbd-def7acaa1d88,2022-05-03 13:51:00,b5941a70-cf63-407e-8c24-c979e7f61e45,1900,76,1976
1f20a6c2-a9b9-4092-9796-26e5f2a93139,d780399f-ddd5-43dd-9016-4b8fde6102f6,2022-05-03 07:27:00,b5941a70-cf63-407e-8c24-c979e7f61e45,500,20,520
5c70da3e-39ae-49d3-a7b3-d03798704839,d48775a5-8b7b-44fb-8c0f-dbbee9df0097,2022-05-03 08:36:00,b5941a70-cf63-407e-8c24-c979e7f61e45,600,24,624
e6052cff-080e-47c7-ad9d-49e7c629ccbe,2f6af405-d569-4a59-bb5c-4a6e120317d8,2022-05-03 08:17:00,b5941a70-cf63-407e-8c24-c979e7f61e45,600,24,624
32745165-03ce-4871-a18a-06aff78177da,09ff8664-87e2-4157-9c0e-8ce35842860d,2022-05-03 08:32:00,b5941a70-cf63-407e-8c24-c979e7f61e45,600,24,624
9f506f90-18a7-4d9b-ac23-e625a62d12dc,86a75aac-48da-4234-8d9a-c3154e3a2e54,2022-05-03 10:59:00,b5941a70-cf63-407e-8c24-c979e7f61e45,500,20,520
a8e1108c-63ea-4571-9f79-52a797b22ac7,57c6c2b0-e2f9-402c-bcf4-0d3c52cd16c8,2022-05-03 07:35:00,b5941a70-cf63-407e-8c24-c979e7f61e45,600,24,624
2677c888-75e8-4efd-bae6-e08a3aa3b7a4,157e3e8b-d51a-47bc-a86d-07a1fd743c84,2022-05-03 07:43:00,b5941a70-cf63-407e-8c24-c979e7f61e45,600,24,624
16e57937-b360-4eb8-8531-81ceca97ef16,220ce8d0-aa81-4e3e-ab19-72030bbc4861,2022-05-03 14:01:00,b5941a70-cf63-407e-8c24-c979e7f61e45,600,24,624
23901676-aebc-4dae-9468-3156991ba1b5,96644abe-2cf5-4106-9ac1-bdfb88e3fa95,2022-05-03 07:09:00,b5941a70-cf63-407e-8c24-c979e7f61e45,600,24,624
6c45de05-c1a9-44d7-aacc-638c0a060171,808a94c7-7a67-4894-bb08-79e474ed271e,2022-05-03 11:41:00,b5941a70-cf63-407e-8c24-c979e7f61e45,2200,88,2288
28089a8e-7239-4a5e-ba6f-d871ece60ec2,6132247f-6f8b-44b1-b413-ba0496c400d4,2022-05-03 11:51:00,b5941a70-cf63-407e-8c24-c979e7f61e45,1900,76,1976
5ef8f340-9f0b-4e08-83fe-0b4bb1354922,567dfb44-437c-405b-b2ef-0d1f10f47c9d,2022-05-03 08:42:00,b5941a70-cf63-407e-8c24-c979e7f61e45,600,24,624
5412c116-505a-4d38-953d-a8674373a357,4c2dc37a-9410-478a-a21d-475514057fac,2022-05-03 08:50:00,b5941a70-cf63-407e-8c24-c979e7f61e45,1100,44,1144
ac91ae00-713d-478b-8aa2-f40aae80ea6e,0036c498-6d2c-40fb-af0f-92432b8718bf,2022-05-03 07:56:00,b5941a70-cf63-407e-8c24-c979e7f61e45,600,24,624
a0115015-0c3a-4538-94a6-436f881f2892,27cfdd1c-0f4b-49fc-be05-69c85ca32ec9,2022-05-03 16:36:00,b5941a70-cf63-407e-8c24-c979e7f61e45,1800,72,1872
84f0253f-74d6-400e-b8c4-3c7abe922439,046cf642-b58e-4a9e-afff-6f692cb6274e,2022-05-03 15:48:00,b5941a70-cf63-407e-8c24-c979e7f61e45,400,16,416
9b1546ab-82ec-4aca-b18f-edc588c123ad,3b0693c1-d1df-4721-975b-ec5cbfc9dffd,2022-05-03 09:16:00,b5941a70-cf63-407e-8c24-c979e7f61e45,1100,44,1144
e8b1b7b9-cd2d-49b5-ac17-69060e2ff86d,4fa84c10-1eeb-4d1e-a0eb-a9cad5d3857a,2022-05-03 18:01:00,b5941a70-cf63-407e-8c24-c979e7f61e45,2000,80,2080
d568c082-0c96-42e8-a3da-3d4f7892c3a4,85ebb880-ebb4-472b-ab66-1dabc11c201a,2022-05-03 15:16:00,b5941a70-cf63-407e-8c24-c979e7f61e45,500,20,520
97c3dda0-eb54-4569-a170-9f60a46bbe16,13984d5f-4868-4031-8a3b-7240b963cd41,2022-05-03 07:27:00,b5941a70-cf63-407e-8c24-c979e7f61e45,600,24,624
47ead554-c095-4a6b-87fb-c4c1922d1723,6ee92fc3-196c-4f81-b063-115ba8cbc26f,2022-05-03 08:10:00,b5941a70-cf63-407e-8c24-c979e7f61e45,700,28,728
ebacb8d2-6c1c-4b4c-be38-c6f8ec1ef3d3,cb93d5ec-4d83-458a-9601-f3b8982e5faa,2022-05-03 08:18:00,b5941a70-cf63-407e-8c24-c979e7f61e45,400,16,416
b655309f-a3c3-4502-b485-c50ba9cba499,b96c7b5b-b61d-4e7e-94b9-4532a2eaabd2,2022-05-03 19:38:00,b5941a70-cf63-407e-8c24-c979e7f61e45,1700,68,1768
e50bd1bc-ad18-441c-b798-31c348db6342,9792ef5b-b422-458b-bb0d-cfc2e5d9dfb6,2022-05-03 10:38:00,b5941a70-cf63-407e-8c24-c979e7f61e45,1700,68,1768
411a483c-6d6a-426c-b831-6ad415289073,5df63f2e-723a-455f-83d3-d3918002449b,2022-05-03 08:13:00,b5941a70-cf63-407e-8c24-c979e7f61e45,600,24,624
6d852c9e-8351-4563-a5fe-098b17f1bc0e,787f14f1-546f-4170-86a7-d3650975ea5b,2022-05-03 13:34:00,b5941a70-cf63-407e-8c24-c979e7f61e45,700,28,728
70e06479-a11f-4bdd-a211-af154df77f64,1123f62c-d5c5-4236-a758-c04dd3d967b9,2022-05-03 16:41:00,b5941a70-cf63-407e-8c24-c979e7f61e45,1300,52,1352
2ba070f6-6265-446b-9575-6a1f63750f59,88ccbcfa-ed30-47c5-bbf4-0bef6725123b,2022-05-03 13:33:00,b5941a70-cf63-407e-8c24-c979e7f61e45,500,20,520
0af9d8cf-7e0f-4fc4-920f-399590948fd5,186a4f42-32f6-456d-922d-b2d8c2a9d0bd,2022-05-03 10:50:00,b5941a70-cf63-407e-8c24-c979e7f61e45,400,16,416
a1c4ca7e-b967-43ab-a49b-83fba1124466,bcfc514d-c182-42a0-b84e-de154eac94c1,2022-05-03 08:02:00,b5941a70-cf63-407e-8c24-c979e7f61e45,400,16,416
8673b9c7-f8fc-42f7-9776-4bfde94df2ad,8c28837e-8305-429a-be35-17afd80d2dff,2022-05-03 15:02:00,b5941a70-cf63-407e-8c24-c979e7f61e45,3000,120,3120
63c90c5d-0c34-4a37-97bd-557e1bfc45f1,da4f26c8-8268-4f57-b631-33897a927a9a,2022-05-03 15:54:00,b5941a70-cf63-407e-8c24-c979e7f61e45,500,20,520
78cd662b-9fac-4597-9c3c-8a9a6a3ce555,3f396eff-3b67-454d-a783-e6306bf440e8,2022-05-03 16:00:00,b5941a70-cf63-407e-8c24-c979e7f61e45,1700,68,1768
fc07b61f-7e02-4394-860f-927cb4f6cbb7,5809f003-2708-420f-bcea-034ef0c1ca3c,2022-05-03 18:03:00,b5941a70-cf63-407e-8c24-c979e7f61e45,700,28,728
24a17814-9319-409b-b6b4-5dddb4cf2fd9,0127f387-2025-4b20-95b4-c7fdfdc08887,2022-05-03 13:03:00,b5941a70-cf63-407e-8c24-c979e7f61e45,400,16,416
cabcd167-8fa7-44af-8230-123f6c966334,ef6ca526-c8a8-4f4f-ba8c-9cf1bd514d0e,2022-05-03 07:00:00,b5941a70-cf63-407e-8c24-c979e7f61e45,3300,132,3432
c26ccaa0-5dfe-4fb1-aea7-ab6e73f867ca,e972e2ef-2344-47cb-91fc-b6e1b2f82ac9,2022-05-03 13:52:00,b5941a70-cf63-407e-8c24-c979e7f61e45,2600,104,2704
497adf77-5f98-4d78-b0d4-4fabf3998b91,310540d1-8503-4470-8f4b-81ccd6135a4a,2022-05-03 08:44:00,b5941a70-cf63-407e-8c24-c979e7f61e45,600,24,624
3be0ed89-6fd7-4920-b0a8-f42dd3b19b38,9331e60b-99c8-461f-90eb-9ddf96020fa5,2022-05-03 12:53:00,b5941a70-cf63-407e-8c24-c979e7f61e45,600,24,624
fdd909ed-111a-42d9-97ea-d99c7ac3740a,9cabb6de-db70-4794-a40c-57d0be0c639c,2022-05-03 07:33:00,b5941a70-cf63-407e-8c24-c979e7f61e45,400,16,416
82a05be8-c539-49bf-b984-e2c730eba348,23b40fa9-2c00-4076-beb3-52cc40ebecb9,2022-05-03 07:01:00,b5941a70-cf63-407e-8c24-c979e7f61e45,700,28,728
a499c172-4108-4339-a86f-a108f184891d,5af1ac42-915d-4609-afff-4a73eb170b50,2022-05-03 11:19:00,b5941a70-cf63-407e-8c24-c979e7f61e45,1200,48,1248
4d91626c-f152-451a-a90b-f910364e59e1,afe8270b-5329-4218-a4c8-e6832a92afd8,2022-05-03 08:03:00,b5941a70-cf63-407e-8c24-c979e7f61e45,600,24,624
b2326b50-cacb-4769-8aca-476cf4516d39,125ca5d7-df9a-4025-91b8-e0f428d43068,2022-05-03 08:14:00,b5941a70-cf63-407e-8c24-c979e7f61e45,700,28,728
b9822009-7f85-4cf1-bde5-7afe98926a04,ee57713c-2156-4af8-80fc-599f34f1ec60,2022-05-03 16:29:00,b5941a70-cf63-407e-8c24-c979e7f61e45,1700,68,1768
a6010ce5-fffc-4eaf-bd1c-40ea52421363,45ea5caf-d5c3-4772-a218-c6c7413e64fe,2022-05-03 15:22:00,b5941a70-cf63-407e-8c24-c979e7f61e45,1200,48,1248
9be379d9-cabf-4f41-8c79-c74315ca9909,b589328d-e095-4f24-8b43-598650d7987b,2022-05-03 13:21:00,b5941a70-cf63-407e-8c24-c979e7f61e45,1000,40,1040
17b488d5-9d86-4616-96a4-ccbe3ec34de5,6ab56a90-712e-4866-8d4a-fb1b7a086de2,2022-05-03 14:19:00,b5941a70-cf63-407e-8c24-c979e7f61e45,1800,72,1872
0e32dbdd-a4be-4259-b2cc-ceeb401e78b0,49b9328f-15ce-4610-b926-f7455687982f,2022-05-03 07:51:00,b5941a70-cf63-407e-8c24-c979e7f61e45,400,16,416
651d61d7-97d3-433f-a236-b08696219c14,bbed6a52-9761-4c8c-bbee-a25121e2f690,2022-05-03 11:42:00,b5941a70-cf63-407e-8c24-c979e7f61e45,500,20,520
a390eba0-413b-4fa8-8986-169848aec493,01b06b2c-1ad5-4112-a37a-61ebdeb7236d,2022-05-03 08:36:00,b5941a70-cf63-407e-8c24-c979e7f61e45,600,24,624
887e4181-c17d-4936-a6b6-44817dd601eb,0f4b96f1-0b6f-45ab-929b-98c3e847436f,2022-05-03 11:28:00,b5941a70-cf63-407e-8c24-c979e7f61e45,400,16,416
a9170aad-04df-42f9-9fe8-72acfeaa6c26,1c89a296-5309-47e6-8cb0-36a6b4c63880,2022-05-03 16:02:00,b5941a70-cf63-407e-8c24-c979e7f61e45,1500,60,1560
af6e591f-b078-4635-a53d-87b267275691,afcec46d-e1b4-4419-bf05-9316e3dde336,2022-05-03 08:59:00,b5941a70-cf63-407e-8c24-c979e7f61e45,400,16,416
1b85d80d-5711-4fc5-954a-cab4b432168c,58251ac9-f1f8-459a-afc2-e12577112356,2022-05-03 07:28:00,b5941a70-cf63-407e-8c24-c979e7f61e45,700,28,728
afa2a7e3-ef77-4510-bca9-3849b89cccc5,06fb745a-ae90-4cba-a02e-f293ee607c51,2022-05-03 14:10:00,b5941a70-cf63-407e-8c24-c979e7f61e45,1000,40,1040
3e88c021-ad0e-49dd-a8d0-024b8eb7f7c9,3a9926ef-6401-4560-8b6f-e379a863961c,2022-05-03 08:05:00,b5941a70-cf63-407e-8c24-c979e7f61e45,700,28,728
09a64244-aba1-4b6c-b42b-aa8803846257,1d0db805-775f-4a21-93a9-685c78ded448,2022-05-03 08:47:00,b5941a70-cf63-407e-8c24-c979e7f61e45,400,16,416
22e54190-820b-4d5b-beb4-a412d3165a04,30fba204-135e-4e71-a1a8-1c94ddb2c0da,2022-05-03 07:39:00,b5941a70-cf63-407e-8c24-c979e7f61e45,500,20,520
c4bf9db1-9f99-4272-be3f-54d3d8c4b69b,fb398617-4d10-4ba7-a36e-b66cd127c45d,2022-05-03 07:26:00,b5941a70-cf63-407e-8c24-c979e7f61e45,500,20,520
e267a030-61ca-4d93-b8ff-a49abbe7d668,37c34e7b-e45c-47db-9e3b-264d25b1933c,2022-05-03 11:28:00,b5941a70-cf63-407e-8c24-c979e7f61e45,600,24,624
497d37b6-0e06-417f-883f-66380143e8ed,3b3487d9-712c-4d93-9cd6-2c8d7e759c76,2022-05-03 08:03:00,b5941a70-cf63-407e-8c24-c979e7f61e45,700,28,728
47038d39-7a92-429b-aac3-d639e5128302,8143b925-a728-45dc-90e2-770dc299a5d0,2022-05-03 07:45:00,b5941a70-cf63-407e-8c24-c979e7f61e45,400,16,416
91e60d95-d59f-4e04-80d3-5d9044f3ee1d,a233190a-52a9-4cf7-9a10-17472b86c1d9,2022-05-03 08:17:00,b5941a70-cf63-407e-8c24-c979e7f61e45,500,20,520
01a83dc4-13ed-4fbf-b885-c86f59ac2d86,0e36bc6f-6b9f-4c73-bf81-4de9c05bd1f7,2022-05-03 07:28:00,b5941a70-cf63-407e-8c24-c979e7f61e45,600,24,624
067a47a2-994b-49d0-8b21-a9a1bc541848,1a675d7b-a1eb-4f6f-95dc-3e742f3773c9,2022-05-03 15:13:00,b5941a70-cf63-407e-8c24-c979e7f61e45,600,24,624
65fca905-0751-42c7-b7eb-f3a687f74127,c1582622-5de3-4f41-846c-28d3d78fedaa,2022-05-03 17:47:00,b5941a70-cf63-407e-8c24-c979e7f61e45,2000,80,2080
02f20441-ab4f-4354-993f-5fbcc56d0b93,b0f4cef9-ee4a-4cdb-97fc-9f091c007881,2022-05-03 10:58:00,b5941a70-cf63-407e-8c24-c979e7f61e45,400,16,416
7447448b-099b-4615-be71-f6bb0839a89d,4818cfac-6545-4c77-b041-6f063a63ddf4,2022-05-03 08:26:00,b5941a70-cf63-407e-8c24-c979e7f61e45,400,16,416
c218782c-0d41-449f-a926-0d8d47ccfc17,d3d3d406-1198-463b-a8df-6b9971422816,2022-05-03 18:16:00,b5941a70-cf63-407e-8c24-c979e7f61e45,2000,80,2080
09d5e020-cea0-403f-a406-316927ec8841,f3cbed3f-752a-4169-bb29-5bf932fd648c,2022-05-03 16:03:00,b5941a70-cf63-407e-8c24-c979e7f61e45,400,16,416
8adb3801-b365-4e0e-8cbc-779c0deadb37,81175ca9-2369-4e1b-823e-472ff9cb0241,2022-05-03 17:41:00,b5941a70-cf63-407e-8c24-c979e7f61e45,2000,80,2080
932b3e5d-2ca5-44bd-a839-4e09f28e8bb5,735200b4-2828-4349-96cd-860b863fb154,2022-05-03 08:11:00,b5941a70-cf63-407e-8c24-c979e7f61e45,500,20,520
bbdfef0e-a847-4b57-b56f-a088e229a9ce,e7096752-a94d-479f-9544-d482a807aa7a,2022-05-03 16:09:00,b5941a70-cf63-407e-8c24-c979e7f61e45,600,24,624
aebbae08-b9eb-47d1-930b-495ec70e00e7,8ecaec4c-7372-4d3c-9e1a-067e0f658cde,2022-05-03 14:27:00,b5941a70-cf63-407e-8c24-c979e7f61e45,1700,68,1768
0c3bc518-eb63-422b-83fa-c3cf4f1a7177,d835a1eb-6636-4c11-a778-5321e636c7e3,2022-05-03 16:48:00,b5941a70-cf63-407e-8c24-c979e7f61e45,500,20,520
908bebb8-0d1a-48bb-9493-c90d0774bf93,77312b67-634b-44fa-afff-84cd492294dd,2022-05-03 08:23:00,b5941a70-cf63-407e-8c24-c979e7f61e45,400,16,416
f06dec46-39f1-4eb8-9343-d33364390b28,a84e1701-2350-4972-a199-bbb09a5018fe,2022-05-03 14:51:00,b5941a70-cf63-407e-8c24-c979e7f61e45,1800,72,1872
de9980a2-1c8b-4d66-a48e-97ff9c6c44f2,157f19e9-dabb-402d-a24a-1a3daad4390a,2022-05-03 07:21:00,b5941a70-cf63-407e-8c24-c979e7f61e45,600,24,624
85189363-fa7c-4412-8dd5-1dfca870b171,057d6adc-0a93-4e10-a0ad-eecde498a471,2022-05-03 13:14:00,b5941a70-cf63-407e-8c24-c979e7f61e45,600,24,624
be7c3c9c-2da3-4eb3-83ba-a7be55cec3a5,c1cfdf53-a54d-4650-b94f-c186d4ef6a33,2022-05-03 08:01:00,b5941a70-cf63-407e-8c24-c979e7f61e45,500,20,520
3224bd31-8078-4bcf-8af0-ea07e3b31cff,6adaa027-c693-435e-89eb-a9bbb5e44b8a,2022-05-03 08:10:00,b5941a70-cf63-407e-8c24-c979e7f61e45,600,24,624
763129ae-f5be-400e-9cf3-fa9dea674cf8,3e137f30-9049-4d26-b807-213d23a47ff4,2022-05-03 08:43:00,b5941a70-cf63-407e-8c24-c979e7f61e45,600,24,624
49571b1c-57ae-4977-89f4-113227614050,8310a031-3027-4e50-9668-13752414d69d,2022-05-03 07:47:00,b5941a70-cf63-407e-8c24-c979e7f61e45,700,28,728
c28d3049-fd4b-4e8a-9d8b-4db440550916,4476c00f-aa7a-469a-b999-2d09393919f0,2022-05-03 08:20:00,b5941a70-cf63-407e-8c24-c979e7f61e45,600,24,624
5d7ed879-37b1-4203-94e2-01fdeeb592ba,5e2f8308-17ff-4a1b-aaf0-7ee5789d624f,2022-05-03 07:21:00,b5941a70-cf63-407e-8c24-c979e7f61e45,400,16,416
dda7648c-a636-4f16-9eaf-86699af803ca,ce73e748-777f-45ec-9020-2d2cfdb45972,2022-05-03 17:19:00,b5941a70-cf63-407e-8c24-c979e7f61e45,700,28,728
f1f59234-2143-4bc2-a039-e0242c710413,83a9211f-46b5-46e9-83ff-21fcb2333b9d,2022-05-03 13:04:00,b5941a70-cf63-407e-8c24-c979e7f61e45,500,20,520
f3252bb7-93f7-42ef-b222-0937fc33151b,8a56193e-7740-40eb-84fc-cfbed31c5b23,2022-05-03 07:43:00,b5941a70-cf63-407e-8c24-c979e7f61e45,600,24,624
3d47ac14-dfa3-4923-ab4f-22fa562214b4,4bacdb26-77a5-499d-8369-54f7bc613311,2022-05-03 11:37:00,b5941a70-cf63-407e-8c24-c979e7f61e45,4100,164,4264
ba4640fa-97b1-4975-bb8a-e350a82c8aa4,94eed14f-8001-4b43-8f44-165f49fd933d,2022-05-03 10:45:00,b5941a70-cf63-407e-8c24-c979e7f61e45,400,16,416
e19f6941-eb5c-44e7-906e-c91072cf9bd1,711f6709-f3ba-47b2-a1b8-64c4ee16d2f8,2022-05-03 18:56:00,b5941a70-cf63-407e-8c24-c979e7f61e45,500,20,520
b3ad892e-2c4c-400d-a6e7-a169732d0d1d,b4831ea7-1598-4d5a-8e8f-8f7a3fc9fd2a,2022-05-03 08:00:00,b5941a70-cf63-407e-8c24-c979e7f61e45,600,24,624
b832434c-aaa3-441c-89af-8fdc79136cb7,96c03846-9246-4cae-b040-d57ef33aaff7,2022-05-03 15:57:00,b5941a70-cf63-407e-8c24-c979e7f61e45,1100,44,1144
c8bb5aab-17ce-4544-9185-fec4fb25608f,e1381e43-7e52-4fde-bb54-70721c780d75,2022-05-03 07:37:00,b5941a70-cf63-407e-8c24-c979e7f61e45,400,16,416
732a943d-ea8f-4e8a-afb0-2b9fb822f310,51c70362-b335-415c-aedb-b03180cdcc0e,2022-05-03 09:49:00,b5941a70-cf63-407e-8c24-c979e7f61e45,500,20,520
a8e572c3-df21-43bd-a32c-f073d362e418,ef92459f-9ed1-44f8-bc84-2af20287f25e,2022-05-03 07:00:00,b5941a70-cf63-407e-8c24-c979e7f61e45,700,28,728
db48d67e-9fdd-4c73-9b0c-150e689b842b,aca4d865-17e7-4668-be18-d81a17da3466,2022-05-03 15:41:00,b5941a70-cf63-407e-8c24-c979e7f61e45,600,24,624
894decfc-eec2-4d0c-8da6-888205c98a18,413bce01-ac7a-4af0-8c49-23cd68b4aab5,2022-05-03 16:26:00,b5941a70-cf63-407e-8c24-c979e7f61e45,800,32,832
df85f8d7-0e44-4bb4-bc44-f643f317dc6e,64141f13-bf43-4c2a-86ae-1f78687ace7b,2022-05-03 11:50:00,b5941a70-cf63-407e-8c24-c979e7f61e45,400,16,416
4ad26c42-91a0-4a91-89c1-3bfac264cf8e,4c002b7f-15e5-4722-80a2-e29fdacffe4c,2022-05-03 07:53:00,b5941a70-cf63-407e-8c24-c979e7f61e45,400,16,416
b03216bf-34d5-4959-a7da-1d177b78232b,7e8c137a-15e2-4556-887f-03064ee78ac4,2022-05-03 09:31:00,b5941a70-cf63-407e-8c24-c979e7f61e45,600,24,624
243142ea-27b8-4439-8707-362548d9eabe,da512c5b-68aa-469a-aea3-35b60e5aa607,2022-05-03 12:16:00,b5941a70-cf63-407e-8c24-c979e7f61e45,600,24,624
4dfb513b-fa54-4612-b0d3-89015456dd60,6e64cd75-e932-49b0-b502-2525f0d050d0,2022-05-03 14:59:00,b5941a70-cf63-407e-8c24-c979e7f61e45,1700,68,1768
097a7306-aa7c-4b6c-89ac-5781f558e196,3c3c6349-1759-4e94-a39b-d577360a9edf,2022-05-03 14:04:00,b5941a70-cf63-407e-8c24-c979e7f61e45,1800,72,1872
87d69f6a-8b8f-406e-a5e6-6f46136df658,2c53805a-8a5d-4835-a8a5-363ded197da1,2022-05-03 07:48:00,b5941a70-cf63-407e-8c24-c979e7f61e45,700,28,728
b472bcba-62cf-4bc3-9df8-aa25d634fee0,ab048a38-1f12-4bca-ab42-1b40682f705b,2022-05-03 12:31:00,b5941a70-cf63-407e-8c24-c979e7f61e45,600,24,624
30422922-6372-4ff6-9b05-ce4a902705bf,4824e242-620a-44a3-b4aa-6d34b7342b87,2022-05-03 08:12:00,b5941a70-cf63-407e-8c24-c979e7f61e45,600,24,624
6698f556-7319-474e-82fb-3f970fedf8a2,ddbfab2a-b55c-4cf6-92d0-62446994c2e0,2022-05-03 09:39:00,b5941a70-cf63-407e-8c24-c979e7f61e45,600,24,624
1e03d94d-221f-47b6-979d-e51b146b7fa1,f27dbbe4-c022-49a0-978f-6e63a21a1f18,2022-05-03 16:50:00,b5941a70-cf63-407e-8c24-c979e7f61e45,600,24,624
388e645b-193b-4f8e-9a3d-fd7a1877cfc0,31841c6e-3c17-459f-825f-4fe37783068f,2022-05-03 14:59:00,b5941a70-cf63-407e-8c24-c979e7f61e45,1900,76,1976
99254a37-a1d8-4366-81af-d26ae47e1f4f,e54b719a-48b9-4990-b26b-ac3103c62963,2022-05-03 08:37:00,b5941a70-cf63-407e-8c24-c979e7f61e45,500,20,520
00341618-60a8-40c5-89ed-73d009fa8fa6,9d6095f7-a9a5-4fb9-aff0-d3e1ac17e3f4,2022-05-03 07:33:00,b5941a70-cf63-407e-8c24-c979e7f61e45,400,16,416
e7f24acf-3aef-4186-84dd-4c4f1562eb71,b9da3cdd-baf0-43c8-af24-bef0191aa626,2022-05-03 07:00:00,b5941a70-cf63-407e-8c24-c979e7f61e45,1900,76,1976
1d80ab56-9a0e-4587-8ac3-6b201b872b36,6f2f58e0-3021-482d-9c9e-aed9ff191130,2022-05-03 10:14:00,b5941a70-cf63-407e-8c24-c979e7f61e45,400,16,416
f6b57b62-894b-4ca8-a164-8f3f7e01b804,8015a6ee-2cb8-4023-bd73-83f79ca11c40,2022-05-03 07:48:00,b5941a70-cf63-407e-8c24-c979e7f61e45,600,24,624
c10337b0-93b5-4459-acd6-3bfc61f45503,026619ec-74af-42f0-81e5-1ae8f32fa526,2022-05-03 15:10:00,b5941a70-cf63-407e-8c24-c979e7f61e45,1400,56,1456
c05aef75-4258-47c1-b558-18f430750a17,f6f7cd36-ad87-48b5-86a4-69c72ffedaf5,2022-05-03 07:52:00,b5941a70-cf63-407e-8c24-c979e7f61e45,700,28,728
a81c46e1-5c1c-4db7-94f1-e814f1f68985,2dbbf653-fb89-431e-9ce5-5be640628514,2022-05-03 09:33:00,b5941a70-cf63-407e-8c24-c979e7f61e45,600,24,624
ace598e4-e20a-4a0e-a079-139683e1ccd1,d495194b-5412-4a94-963f-a575a3c050a4,2022-05-03 08:15:00,b5941a70-cf63-407e-8c24-c979e7f61e45,500,20,520
5294b949-0954-46a2-91a7-e432b56796ef,c8be7249-034b-44a3-b015-48a629b09aa0,2022-05-03 17:06:00,b3406af8-c4a9-4d2d-9e30-e06f3da01c15,700,56,756
434db587-366e-4df1-a42a-e05e5a8fd585,e43c8ecb-3f23-452b-9898-1b0dc684312f,2022-05-03 08:37:00,b3406af8-c4a9-4d2d-9e30-e06f3da01c15,600,48,648
86789032-6006-44de-ba48-4a8f414b45aa,c44fedb1-0107-4b01-ad43-16483dd8baed,2022-05-03 08:31:00,b3406af8-c4a9-4d2d-9e30-e06f3da01c15,400,32,432
f7fd64a5-dab6-49d8-b46c-dd2cbce6459c,b25edaa5-c388-4731-911b-13dec1c9f0f4,2022-05-03 16:14:00,b3406af8-c4a9-4d2d-9e30-e06f3da01c15,1700,136,1836
f50975c0-891e-491e-8fa5-b910b1daca56,9486bb2e-4b6e-4d11-b2c7-68422ce31dc8,2022-05-03 07:58:00,b3406af8-c4a9-4d2d-9e30-e06f3da01c15,700,56,756
3f620b0c-25b6-4705-a1c9-2b2a83601fca,e57fd1ce-9431-4eb9-a57e-c7f220b460a0,2022-05-03 13:01:00,b3406af8-c4a9-4d2d-9e30-e06f3da01c15,600,48,648
2c1bed76-be95-4b5c-bfd9-edd84b35d117,121b8b14-7638-471c-8d3e-84ba6c7ae179,2022-05-03 07:00:00,b3406af8-c4a9-4d2d-9e30-e06f3da01c15,1300,104,1404
771ab3e2-4ef6-4443-9166-00e8346be0fe,4e118a6e-8d00-4fbf-b3a7-1c2dd411d8f0,2022-05-03 08:05:00,b3406af8-c4a9-4d2d-9e30-e06f3da01c15,700,56,756
2f0b9a98-3600-45c3-bc42-95ed1f45e569,22fac9d3-80e8-4460-a840-888ca04de01c,2022-05-03 08:19:00,b3406af8-c4a9-4d2d-9e30-e06f3da01c15,700,56,756
7335e2bb-2dcc-4014-9bd3-f155ee3f8349,88ceab79-75e6-4db6-a2bc-acd9ba60dbf3,2022-05-03 08:16:00,b3406af8-c4a9-4d2d-9e30-e06f3da01c15,500,40,540
b5b63dcc-47d1-4667-9a31-1d1f97694572,88effe09-4c26-4803-beff-503926d7cec1,2022-05-03 11:48:00,b3406af8-c4a9-4d2d-9e30-e06f3da01c15,1000,80,1080
43d75fa7-0d30-4879-be9f-80ea99692b9d,abf424d5-d0e8-4868-8cc4-ec6715b3ff90,2022-05-03 15:01:00,b3406af8-c4a9-4d2d-9e30-e06f3da01c15,1100,88,1188
206e84d6-6938-4bca-ac33-d8ad8d4fb5fe,3b2e6b11-b740-4416-989f-d333d59d01e3,2022-05-03 19:00:00,b3406af8-c4a9-4d2d-9e30-e06f3da01c15,1200,96,1296
43315bfe-ecb7-4890-b5de-ae061f5e7c34,239435ac-7176-47ce-b7dc-bd339b0a5b87,2022-05-03 09:44:00,b3406af8-c4a9-4d2d-9e30-e06f3da01c15,400,32,432
edabd867-de18-4b07-a933-2b97e4f122d0,4302cbf3-971a-478c-b463-eb3284027248,2022-05-03 08:35:00,b3406af8-c4a9-4d2d-9e30-e06f3da01c15,400,32,432
17ca9003-3610-4ef0-8cbb-2ccc1675213e,57af21e0-6171-4029-a116-f9a48606f197,2022-05-03 18:33:00,b3406af8-c4a9-4d2d-9e30-e06f3da01c15,1800,144,1944
5da88b55-9457-469b-9788-8a593da73e09,4cfbac8b-49fa-4480-b23c-2b3a3206d25c,2022-05-03 18:04:00,b3406af8-c4a9-4d2d-9e30-e06f3da01c15,1800,144,1944
150b6bb8-2694-4657-9800-4435603227be,51b16cf1-5300-4593-9472-80ede31dc299,2022-05-03 08:55:00,b3406af8-c4a9-4d2d-9e30-e06f3da01c15,500,40,540
677c4723-776e-4ca0-a5ab-e881be5d3a62,842933c0-5512-4685-8352-54b6acbce721,2022-05-03 17:14:00,b3406af8-c4a9-4d2d-9e30-e06f3da01c15,500,40,540
18d80363-9cf6-4843-b26e-dc891c91c36a,3b957f8f-558e-4c9c-b7be-6dd661554b79,2022-05-03 08:33:00,b3406af8-c4a9-4d2d-9e30-e06f3da01c15,700,56,756
6abf60c7-bdf7-48f6-a725-76b9dfaca5df,064cf927-4d76-4a1c-96e2-0e2849fe3247,2022-05-03 14:45:00,b3406af8-c4a9-4d2d-9e30-e06f3da01c15,700,56,756
713da877-9788-4b50-afa9-7b3860b725fc,e7557980-b703-4b75-9726-ca57793ec2f7,2022-05-03 07:51:00,b3406af8-c4a9-4d2d-9e30-e06f3da01c15,600,48,648
d7b0d3a2-529c-47c8-8dac-68a779992865,868bf638-2fcc-4fad-b6a8-ddf22051c14e,2022-05-03 16:48:00,b3406af8-c4a9-4d2d-9e30-e06f3da01c15,400,32,432
2cc2f8d5-921d-479e-9de9-82b76827d8f2,d7538bff-54f1-40cf-b3e0-cf3244e312de,2022-05-03 14:16:00,b3406af8-c4a9-4d2d-9e30-e06f3da01c15,700,56,756
b45fb098-9f78-4cc1-9707-ac787b2fc143,f72f6178-4c84-4146-84e0-42c9b2bdd0ef,2022-05-03 13:46:00,b3406af8-c4a9-4d2d-9e30-e06f3da01c15,600,48,648
ab719b55-ed7f-4efa-8927-d8cf9fd76e89,2232f985-677f-4201-a2ef-b9936516db2a,2022-05-03 14:00:00,b3406af8-c4a9-4d2d-9e30-e06f3da01c15,700,56,756
1bac80e0-7d45-40e5-a4d3-1481ad999656,84246c00-52db-4135-ac94-c99469e4864f,2022-05-03 13:56:00,b3406af8-c4a9-4d2d-9e30-e06f3da01c15,1800,144,1944
fc9cbaa8-9116-4c63-a0d3-0c8259b30ce3,253c99a5-b969-491d-8525-0b736e9ffc7f,2022-05-03 12:26:00,b3406af8-c4a9-4d2d-9e30-e06f3da01c15,1100,88,1188
134a4cd1-9441-483d-8701-6c5cafc4e19e,1555720b-72a8-48bb-805c-f18499ea4cf5,2022-05-03 11:48:00,b3406af8-c4a9-4d2d-9e30-e06f3da01c15,4100,328,4428
7837507d-3803-42b9-82e4-a5659810f53f,279bb9eb-274e-4d3f-8214-4a0b76d8f3dd,2022-05-03 19:26:00,b3406af8-c4a9-4d2d-9e30-e06f3da01c15,1300,104,1404
0cc77b8b-0b66-41c9-9d04-67ede9c24e37,a2091e93-b175-4a4d-a1ad-22e65dd882e2,2022-05-03 15:50:00,b3406af8-c4a9-4d2d-9e30-e06f3da01c15,400,32,432
4e8f5ae8-ad92-4f99-ba41-111052fa6f2b,ec4b1e07-796f-47db-9441-9f4618fe7125,2022-05-03 10:53:00,b3406af8-c4a9-4d2d-9e30-e06f3da01c15,3700,296,3996
17005b99-8e0d-48f3-9a7e-285e12708b93,b46178ba-13a1-4725-9580-4c50678971fd,2022-05-03 17:37:00,b3406af8-c4a9-4d2d-9e30-e06f3da01c15,600,48,648
33751e34-fa7f-4225-b68f-78df187eab25,fe61d173-a5a0-4639-9464-a1f7719807fa,2022-05-03 08:04:00,b3406af8-c4a9-4d2d-9e30-e06f3da01c15,700,56,756
f53c6ab4-ff26-484a-a0fe-19080587f934,feeba5b2-ee35-494f-bf9a-fc5317519eca,2022-05-03 07:50:00,b3406af8-c4a9-4d2d-9e30-e06f3da01c15,600,48,648
85328b31-981c-4873-86f5-e0a54066dd0d,53dad1bc-76f9-4977-806f-e5433e273d58,2022-05-03 16:13:00,b3406af8-c4a9-4d2d-9e30-e06f3da01c15,1600,128,1728
60adf48c-1066-42af-a750-aeccbe8361d3,c6199251-a226-4c23-92e7-d79c30862553,2022-05-03 15:35:00,b3406af8-c4a9-4d2d-9e30-e06f3da01c15,1600,128,1728
5fa3bfbb-17ec-4f9e-83b7-4177d996c438,c65ff255-8363-4bfb-9389-cdd7a2336e07,2022-05-03 19:35:00,b3406af8-c4a9-4d2d-9e30-e06f3da01c15,1600,128,1728
3a0db4f0-2165-4015-b383-6bb7077dbffd,772c9860-6f1b-45a3-83ce-1dd29c675dfc,2022-05-03 15:11:00,b3406af8-c4a9-4d2d-9e30-e06f3da01c15,1700,136,1836
01e78f64-8c84-42b5-ac7a-0f86e301a496,3a64cc8e-a202-43c8-bd5c-a3261b2413eb,2022-05-03 13:10:00,b3406af8-c4a9-4d2d-9e30-e06f3da01c15,1000,80,1080
b52e216d-1a7b-4719-9ce6-6e9262ad47b7,3dcda216-30ce-47c1-b61e-64e7f3fd38dc,2022-05-03 08:20:00,b3406af8-c4a9-4d2d-9e30-e06f3da01c15,600,48,648
e27f31dd-00ec-41d1-943c-2eccb2d34cca,f27a3372-0d29-4d6a-b883-f6e124a1f046,2022-05-03 17:01:00,b3406af8-c4a9-4d2d-9e30-e06f3da01c15,600,48,648
3833b0fa-88f6-4fcd-ad3a-27d0ab95a301,4c14b657-2a3c-4ea5-9948-df7e1566baba,2022-05-03 07:33:00,b3406af8-c4a9-4d2d-9e30-e06f3da01c15,400,32,432
d5c8bf33-462d-4f84-a9ce-0fb8d901a93b,44835168-a3c6-4c3a-afd2-f6c657bb8ed0,2022-05-03 08:03:00,b3406af8-c4a9-4d2d-9e30-e06f3da01c15,400,32,432
bd7c4c56-bc5b-49f7-bdbd-0551a8ddb6fb,1b67a578-3e3a-496f-b2db-2e233b75a057,2022-05-03 08:04:00,b3406af8-c4a9-4d2d-9e30-e06f3da01c15,500,40,540
0864440a-21bf-47d5-9c86-5410a90d0c9f,38c43380-025d-443c-9929-69575b8c1476,2022-05-03 14:55:00,b3406af8-c4a9-4d2d-9e30-e06f3da01c15,400,32,432
718c3d5c-ae8f-490a-988f-4609fbd41829,05617299-025b-4e35-82e6-3129af08b43b,2022-05-03 07:09:00,b3406af8-c4a9-4d2d-9e30-e06f3da01c15,400,32,432
a2d0e479-6eb8-4040-9590-9fe4844eaa4c,4ceb6495-cfcd-4b13-8fe8-93a2250078d4,2022-05-03 16:27:00,b3406af8-c4a9-4d2d-9e30-e06f3da01c15,1700,136,1836
f31d002f-baa9-4ad1-ac7a-692ee7a14924,a2000870-ced8-44cc-9747-f8f7d5b5499d,2022-05-03 07:18:00,b3406af8-c4a9-4d2d-9e30-e06f3da01c15,1500,120,1620
0a60cfff-b94a-4d32-9500-fbf9b9d5477d,1e4d3a76-718d-4aaa-ab5c-e0ddba35223d,2022-05-03 19:28:00,b3406af8-c4a9-4d2d-9e30-e06f3da01c15,1600,128,1728
800814b7-fd53-41e5-a44c-2d50fbd1b3c8,03530b0b-2cc6-45c8-9658-efd1cdcb84b1,2022-05-03 16:43:00,b3406af8-c4a9-4d2d-9e30-e06f3da01c15,1900,152,2052
1898dc28-2064-4376-91d8-95ef3b977c88,9ad4d7d0-7c6e-4062-b82a-6c1a852fedae,2022-05-03 08:16:00,b3406af8-c4a9-4d2d-9e30-e06f3da01c15,400,32,432
c327f886-3b69-419b-aa49-3aa00b580575,c42b0f6f-93ab-4eca-8dc6-c5bbece44b0b,2022-05-03 16:36:00,b3406af8-c4a9-4d2d-9e30-e06f3da01c15,600,48,648
b8c8f721-6628-4508-8581-edf9120b2219,c4d9214e-1a8a-4572-ab3c-d4d92c02af28,2022-05-03 07:56:00,b3406af8-c4a9-4d2d-9e30-e06f3da01c15,400,32,432
8e0f86fe-e028-4054-9300-bf17f5769e62,96926c2b-1043-47ff-8850-51e5bf2f14d8,2022-05-03 07:39:00,b3406af8-c4a9-4d2d-9e30-e06f3da01c15,700,56,756
664ad1f0-4236-49f5-b5af-ed800695b3c7,4a9277ea-471b-44e3-91d1-812ae38ee0af,2022-05-03 08:28:00,b3406af8-c4a9-4d2d-9e30-e06f3da01c15,600,48,648
18d121d8-84f3-41e7-8d5d-acf839274150,c363df3a-cefa-46da-aab7-940b980cae89,2022-05-03 07:34:00,b3406af8-c4a9-4d2d-9e30-e06f3da01c15,600,48,648
99eb6c43-c18e-4627-9b42-fffe86f9265b,06747680-9930-4877-b467-a5cb4396185d,2022-05-03 17:38:00,b3406af8-c4a9-4d2d-9e30-e06f3da01c15,600,48,648
9cccbebb-f4cf-4c0f-a960-b7db50574286,88128252-2a15-43e6-9f6b-d087b22720a9,2022-05-03 07:25:00,b3406af8-c4a9-4d2d-9e30-e06f3da01c15,500,40,540
2567091a-8a39-47ed-9cb0-041a946a64cb,b8a0bca5-a3fe-47b5-b54c-f11d3b3566b3,2022-05-03 16:16:00,b3406af8-c4a9-4d2d-9e30-e06f3da01c15,1600,128,1728
029c7a78-e681-4d65-b1db-76d19ab181ca,27aa2e5e-189e-4554-bd68-cdc6769ac85e,2022-05-03 08:56:00,b3406af8-c4a9-4d2d-9e30-e06f3da01c15,500,40,540
3fc0b32c-c08e-4472-baf2-d307ef45fd1e,935f8df0-9ed4-421f-a330-c022fd690f49,2022-05-03 07:39:00,b3406af8-c4a9-4d2d-9e30-e06f3da01c15,500,40,540
89ed8cc0-696f-4e20-bce0-b16d81535b41,1f746910-e416-4cef-9813-e3065cae4fcd,2022-05-03 16:05:00,b3406af8-c4a9-4d2d-9e30-e06f3da01c15,1100,88,1188
40363096-f605-4ebd-9cab-dc2fe6fc6b8a,bf98777f-16f7-465d-a17c-31e1ae97506b,2022-05-03 09:57:00,b3406af8-c4a9-4d2d-9e30-e06f3da01c15,600,48,648
7e0bd366-b772-4453-b166-2efacb90a175,4dc43541-9eb4-418a-af40-7b08737d3c43,2022-05-03 08:00:00,b3406af8-c4a9-4d2d-9e30-e06f3da01c15,500,40,540
f6358b71-537a-4776-9bda-0615ce690660,23c89686-b6e1-4cb4-8afe-527a20aeede9,2022-05-03 07:32:00,b3406af8-c4a9-4d2d-9e30-e06f3da01c15,600,48,648
0e0f7646-49eb-4760-853b-82e533a7457f,095bf03a-d1cd-4d20-abd1-3f4739172cf4,2022-05-03 12:29:00,b3406af8-c4a9-4d2d-9e30-e06f3da01c15,1700,136,1836
2f0703f6-7158-4ebb-a04d-ad77ad6282bd,066117d4-b907-47c1-94c3-7f3e19284e7e,2022-05-03 12:35:00,b3406af8-c4a9-4d2d-9e30-e06f3da01c15,1200,96,1296
d6f470c8-2b0f-49fe-80b7-25469f2681d4,d22e0d48-9bf2-4a43-b32f-2c2607d00dd5,2022-05-03 13:01:00,b3406af8-c4a9-4d2d-9e30-e06f3da01c15,0,0,0
ea3e64e9-77a2-4c24-875d-3560a167e3cd,80beca59-cd9e-4ff3-9d94-e1c6879c1316,2022-05-03 08:03:00,b3406af8-c4a9-4d2d-9e30-e06f3da01c15,700,56,756
f5e5305e-872f-4b2f-b64c-bc009b73b173,2efd88fb-9b50-48f6-817a-ca2c8541cfd1,2022-05-03 07:53:00,b3406af8-c4a9-4d2d-9e30-e06f3da01c15,500,40,540
84911952-4714-455e-8ccc-fea78ca944c6,268cd69b-28ea-4af8-9538-9fa9498732b9,2022-05-03 17:59:00,b3406af8-c4a9-4d2d-9e30-e06f3da01c15,700,56,756
d33eea67-fe0f-4efe-9ad1-c4ef09c913a5,39138df5-0ee9-413c-9571-c4df064cba64,2022-05-03 08:26:00,b3406af8-c4a9-4d2d-9e30-e06f3da01c15,600,48,648
d1c56d75-eef3-4e2a-bd5b-f034e5e91289,bb64b1cb-a9ad-41d3-b2fc-4335f2918759,2022-05-03 09:32:00,b3406af8-c4a9-4d2d-9e30-e06f3da01c15,600,48,648
a86f09c7-860b-428e-8d8e-62829ac1a71a,99237b9e-22d6-4ea4-bdfd-187420c78483,2022-05-03 16:10:00,b3406af8-c4a9-4d2d-9e30-e06f3da01c15,600,48,648
3fe40df8-6608-4f8a-b2aa-60175825b8bb,f375e828-1afb-4b45-89c1-26c16035508f,2022-05-03 16:35:00,b3406af8-c4a9-4d2d-9e30-e06f3da01c15,2300,184,2484
da524a79-82c1-4db1-9334-8fa64ff49a46,ecb26b3c-a58f-4237-90c2-d5f78efb30db,2022-05-03 14:50:00,b3406af8-c4a9-4d2d-9e30-e06f3da01c15,1700,136,1836
540b3bd3-aab0-4d3b-942e-ebd691ad2adb,76c7924f-d1ef-4af5-b145-514191a0d17f,2022-05-03 13:00:00,b3406af8-c4a9-4d2d-9e30-e06f3da01c15,1300,104,1404
d9b14323-2346-4571-b0a5-dc425bf4af5a,5e48221c-cae5-43ec-97c4-8c92051a16a4,2022-05-03 10:16:00,b3406af8-c4a9-4d2d-9e30-e06f3da01c15,500,40,540
8843e986-6fb5-4326-936b-c48aa908c211,e153b65e-f6c1-4043-932d-e1357a7d50e7,2022-05-03 08:08:00,b3406af8-c4a9-4d2d-9e30-e06f3da01c15,400,32,432
d5a34b65-dd93-4ac4-8b97-b63e49cd5cf9,13a7703d-03d1-4063-84ca-b89d789a1738,2022-05-03 07:53:00,b3406af8-c4a9-4d2d-9e30-e06f3da01c15,500,40,540
308aaab4-656d-4965-9d4c-d41f4446f4c4,47bdc2f3-2221-45ba-87aa-957ae3eca21b,2022-05-03 11:22:00,b3406af8-c4a9-4d2d-9e30-e06f3da01c15,600,48,648
9dbf2963-8b2e-4ce7-b3e3-80781e1b047e,1b2379c1-efcd-4b6e-8114-a55e17996a17,2022-05-03 16:22:00,b3406af8-c4a9-4d2d-9e30-e06f3da01c15,500,40,540
02ae709b-f163-4776-9079-d21570755ceb,65ceb40c-2a5c-4396-99f2-92512e5d8a5b,2022-05-03 17:33:00,b3406af8-c4a9-4d2d-9e30-e06f3da01c15,500,40,540
6f0c4be1-e5e4-4419-a10b-326ffc8889c4,1b4695e3-474d-4a57-8330-b29e2b1e34a4,2022-05-03 08:06:00,b3406af8-c4a9-4d2d-9e30-e06f3da01c15,700,56,756
1367e693-bca3-4a19-a8b4-1ee38b691c2c,80a49a51-3aad-4ab0-a876-84ac983a1ecb,2022-05-03 08:25:00,b3406af8-c4a9-4d2d-9e30-e06f3da01c15,400,32,432
181919aa-3a8c-4878-ada0-6c61f10ef79a,7b930b65-6a9e-4445-8ae1-1503b76ac988,2022-05-03 08:00:00,b3406af8-c4a9-4d2d-9e30-e06f3da01c15,600,48,648
3e020f30-5ca8-45fc-9116-60499cc2bf06,449f4341-9f93-4cc5-8e2a-f00ea11228b8,2022-05-03 15:58:00,b3406af8-c4a9-4d2d-9e30-e06f3da01c15,1700,136,1836
ccf80e94-7be2-4f0f-8737-9275b0227388,8a87962d-68e3-4597-b43e-27b048d4439d,2022-05-03 07:00:00,b3406af8-c4a9-4d2d-9e30-e06f3da01c15,400,32,432
8b4093f8-4228-40fc-9496-5d24c1bd105f,e58fb269-c11c-4066-a830-f52499508f2a,2022-05-03 13:20:00,b3406af8-c4a9-4d2d-9e30-e06f3da01c15,600,48,648
67be74d2-790d-4fa7-8781-587f51331f49,361f6a4e-0eaa-4595-9086-b3ad40e8a618,2022-05-03 07:54:00,b3406af8-c4a9-4d2d-9e30-e06f3da01c15,500,40,540
6242aa2b-1d9f-4a8e-9616-4a96e8c39181,6b6847b1-c79c-4831-969c-e1b95141232c,2022-05-03 08:12:00,b3406af8-c4a9-4d2d-9e30-e06f3da01c15,700,56,756
6d74099a-3760-48f9-a416-c1bc28756098,ab9ec2ba-efbc-40af-a2d9-15186dd81cd4,2022-05-03 11:16:00,b3406af8-c4a9-4d2d-9e30-e06f3da01c15,600,48,648
c1f7f6fa-6cb5-4cbb-92a9-4d76138d7421,c05af6ca-529b-48e3-9cbf-d11a290da116,2022-05-03 17:44:00,b3406af8-c4a9-4d2d-9e30-e06f3da01c15,400,32,432
dd4ded51-3cf0-49c8-8597-68e3d1d51e0f,c14a5811-3017-4d1f-bd5b-9ccd885f4dee,2022-05-03 16:58:00,b3406af8-c4a9-4d2d-9e30-e06f3da01c15,700,56,756
7e32cb72-71fd-49e1-99cf-06e7301e4c45,6f778558-31ec-4f18-a44e-cc3c6ae30cfb,2022-05-03 07:00:00,b3406af8-c4a9-4d2d-9e30-e06f3da01c15,600,48,648
b76ffb40-8757-46b8-a922-f8429b852f3f,1dbd8c01-5471-4c5a-b2e4-db6418673cb3,2022-05-03 18:31:00,b3406af8-c4a9-4d2d-9e30-e06f3da01c15,2000,160,2160
6e9ab49c-e5c5-4345-8659-26c0c1294f28,310b49e2-458d-4fc5-8c04-f4ab394152fe,2022-05-03 13:21:00,b3406af8-c4a9-4d2d-9e30-e06f3da01c15,1700,136,1836
f6503ee6-1813-4f52-bb73-cdff7750b464,621183af-0262-460a-ba41-8fcd61b78119,2022-05-03 16:50:00,b3406af8-c4a9-4d2d-9e30-e06f3da01c15,1100,88,1188
1d9d6b93-3565-4430-bbe7-76b131c6d24b,a5b4ca03-0415-4ab0-887f-e9c900e32790,2022-05-03 17:09:00,b3406af8-c4a9-4d2d-9e30-e06f3da01c15,1600,128,1728
fb71cb58-a7bf-4cdc-97e6-ada3c26b182b,fce60606-1c32-4073-abab-5e73f36b3302,2022-05-03 07:56:00,b3406af8-c4a9-4d2d-9e30-e06f3da01c15,400,32,432
2d4abbad-895d-4909-995d-5fb1cafb1b1b,cbcda1f0-7b97-4053-ad4b-cc4b5a76e903,2022-05-03 07:41:00,b3406af8-c4a9-4d2d-9e30-e06f3da01c15,600,48,648
f3521e32-098c-4ab4-9c0d-46df060e6f01,52b280cc-66a1-4aff-a315-65a3e08ba082,2022-05-03 07:23:00,b3406af8-c4a9-4d2d-9e30-e06f3da01c15,500,40,540
f3a3cafc-1965-4a40-93ab-4b373c9723a9,db206fbc-6df6-47aa-9f6c-7d3bdce9e3c5,2022-05-03 08:08:00,b3406af8-c4a9-4d2d-9e30-e06f3da01c15,700,56,756
018da2df-7157-44c1-9999-cdfc1a04042c,c2085572-8827-4de1-ac06-5f3d40324313,2022-05-03 07:11:00,b3406af8-c4a9-4d2d-9e30-e06f3da01c15,500,40,540
e2c35f4e-6ab7-40a3-b5a2-083693fb43cb,d4954aec-b60d-426c-9058-f2d3d61ecf7f,2022-05-03 07:45:00,b3406af8-c4a9-4d2d-9e30-e06f3da01c15,700,56,756
0df7004f-c3be-41f5-8f24-01e32b9f2ef4,8429261b-8ba3-41d8-beda-f33f31540c22,2022-05-03 13:15:00,b3406af8-c4a9-4d2d-9e30-e06f3da01c15,700,56,756
aeeeee55-606b-417e-8c94-0818ac443d5e,3254d2fb-f762-4502-ad4f-6f57b4a21620,2022-05-03 07:00:00,b3406af8-c4a9-4d2d-9e30-e06f3da01c15,600,48,648
7ec110c5-b783-4fbd-aa3d-7fefb01ff12e,a2fcb9a7-aaa5-4383-a4fb-21687e933dde,2022-05-03 17:25:00,b3406af8-c4a9-4d2d-9e30-e06f3da01c15,600,48,648
ea23e84a-b851-4abb-bf12-6a02b7ffee23,794398f0-d003-410e-81b9-97cfb53b31d1,2022-05-03 11:18:00,b3406af8-c4a9-4d2d-9e30-e06f3da01c15,600,48,648
e2292d92-2a31-4ec9-8495-3057dacd9396,37fb0e02-a1ba-418d-90f7-2bd67e71feb0,2022-05-03 12:40:00,b3406af8-c4a9-4d2d-9e30-e06f3da01c15,600,48,648
b2596b1f-4f50-4b83-a862-09efd957f66e,e84bffdc-b85d-42a5-900a-67979727373d,2022-05-03 07:57:00,b3406af8-c4a9-4d2d-9e30-e06f3da01c15,400,32,432
ba51dabc-1b90-4001-a240-01869c643a3e,0acbf411-6839-44f0-8956-631074bb22e0,2022-05-03 10:15:00,b3406af8-c4a9-4d2d-9e30-e06f3da01c15,400,32,432
80c553dc-1676-4147-8349-d3eb86ddc174,25ac8d3c-f20d-445c-98a5-92ba07716d01,2022-05-03 07:35:00,b3406af8-c4a9-4d2d-9e30-e06f3da01c15,400,32,432
be86ada4-3cc5-4a27-9f4f-8da3c351dc92,423631a6-92ea-471b-88bc-c47f120439ff,2022-05-03 15:22:00,b3406af8-c4a9-4d2d-9e30-e06f3da01c15,600,48,648
8b5257bc-d210-4934-b61a-2f6f587f8141,881b46ba-02e1-4cbb-8806-031dc3bbeca7,2022-05-03 16:27:00,b3406af8-c4a9-4d2d-9e30-e06f3da01c15,600,48,648
51aba8d0-1f9f-41e0-9334-9527c11069c3,235014d2-591b-47a1-bbff-aeb890034fd3,2022-05-03 12:19:00,b3406af8-c4a9-4d2d-9e30-e06f3da01c15,1700,136,1836
f387b126-4dd5-46c6-abdf-5584cfc2a693,d3873be4-b64c-42ee-84b6-5bb82cfc5320,2022-05-03 11:43:00,b3406af8-c4a9-4d2d-9e30-e06f3da01c15,700,56,756
4763b73e-7579-42ce-b349-82b8f83bd65b,f2f7747d-afbe-47b0-b53b-b1befdd2248f,2022-05-03 07:30:00,b3406af8-c4a9-4d2d-9e30-e06f3da01c15,600,48,648
a870e2bb-bb7e-4895-a5ff-be82c7d2c97e,9218401a-a3fe-4361-b974-75ab3912ede2,2022-05-03 08:22:00,b3406af8-c4a9-4d2d-9e30-e06f3da01c15,500,40,540
834d4f29-fb40-4b78-873d-64e18e9746d5,8d65ca70-f409-4ca5-8358-00184b8ca792,2022-05-03 08:55:00,b3406af8-c4a9-4d2d-9e30-e06f3da01c15,600,48,648
b6ef307b-1c80-4d21-9db3-6862d0fe179e,a458afe9-c65f-409f-8219-b305bca5a3cf,2022-05-03 07:58:00,b3406af8-c4a9-4d2d-9e30-e06f3da01c15,500,40,540
9ec23619-1acd-4686-b9a3-61a265f4960d,b2f61eb0-f9d4-4c93-b37f-26081e1fe30a,2022-05-03 12:32:00,b3406af8-c4a9-4d2d-9e30-e06f3da01c15,2200,176,2376
403fe33f-b1a2-467a-9f07-224aa3fa63a9,86b0709f-3cb4-4745-a48f-d886fb407676,2022-05-03 07:55:00,b3406af8-c4a9-4d2d-9e30-e06f3da01c15,600,48,648
13cdbcf2-03d6-4bba-9d06-8d0c01b9ee0a,a007d2c8-f005-484a-9bba-492bde02b53a,2022-05-03 08:43:00,b3406af8-c4a9-4d2d-9e30-e06f3da01c15,600,48,648
6cdac152-6ca1-4086-a449-1a4d41a69f27,e16a6ba6-9dd7-494f-8317-85068747c218,2022-05-03 09:04:00,b3406af8-c4a9-4d2d-9e30-e06f3da01c15,600,48,648
b5fc6063-1381-47c3-bcd3-682822ad79ba,2f45a670-e065-4371-8202-083f6698877c,2022-05-03 09:45:00,b3406af8-c4a9-4d2d-9e30-e06f3da01c15,2300,184,2484
d2dcfe03-1f13-4956-951c-a95e16d251b9,0a99f923-70d6-40f5-8870-92a09715bce2,2022-05-03 08:20:00,b3406af8-c4a9-4d2d-9e30-e06f3da01c15,400,32,432
9b398d0e-c534-4c1e-9cb3-b8239b415b32,c7ae24da-fb5c-469e-b470-e2aea0050b1b,2022-05-03 12:34:00,b3406af8-c4a9-4d2d-9e30-e06f3da01c15,600,48,648
6f387cca-17c4-41a7-a2cc-6f7c4ab2c67c,27007e99-75c0-4708-bd7c-7d588972a823,2022-05-03 07:52:00,b3406af8-c4a9-4d2d-9e30-e06f3da01c15,600,48,648
42fdb105-4b32-4610-ac3d-88c0ee9e2f96,7d0d3560-9574-4d65-a9b3-a026cb9b0bbe,2022-05-03 12:06:00,b3406af8-c4a9-4d2d-9e30-e06f3da01c15,2300,184,2484
797b5243-9836-4909-ad9c-98e6fb09cd9e,5c34ed01-e5d5-4589-b968-4286a6b2c3cf,2022-05-03 07:25:00,b3406af8-c4a9-4d2d-9e30-e06f3da01c15,400,32,432
194e89a4-64a9-4c15-97e9-72658dbb3c88,c91e5309-b793-4fd2-9600-73bcf71a5d1b,2022-05-03 19:16:00,b3406af8-c4a9-4d2d-9e30-e06f3da01c15,600,48,648
e23025df-f99a-44bf-aea7-764c88fe1c7d,f986eceb-8694-41cf-ae4c-2be2024e8781,2022-05-03 07:34:00,b3406af8-c4a9-4d2d-9e30-e06f3da01c15,700,56,756
7721b719-c402-4ee1-8909-2e2a5fc9bbf2,0e12aa9f-f4e0-4e16-93b6-10b7083ca873,2022-05-03 15:42:00,b3406af8-c4a9-4d2d-9e30-e06f3da01c15,1900,152,2052
770b1ba9-ca2d-44bc-8716-8fa6d375c32b,b4d7bbaf-cc87-47f2-a964-1a64d7d18e19,2022-05-03 07:56:00,b3406af8-c4a9-4d2d-9e30-e06f3da01c15,500,40,540
0c20e123-222f-457a-8d49-56a86902dc5a,6e33e101-a26d-4b95-b7a0-e5a77ebc64dd,2022-05-03 08:01:00,b3406af8-c4a9-4d2d-9e30-e06f3da01c15,400,32,432
e699d26a-9ea1-42af-bbb1-98039cf13216,25ca8a8e-9061-4213-96b1-6691e7a73e63,2022-05-03 17:31:00,b3406af8-c4a9-4d2d-9e30-e06f3da01c15,2200,176,2376
4cae5486-da65-42d7-8c0a-f610687dc7e2,4c529355-b86a-410a-bd67-d69a08e26469,2022-05-03 13:29:00,b3406af8-c4a9-4d2d-9e30-e06f3da01c15,500,40,540
619ffb2e-e84a-478d-aa22-03791dd8fb0a,e1850c0e-781b-4ab6-9df3-0574ffb34203,2022-05-03 07:33:00,b3406af8-c4a9-4d2d-9e30-e06f3da01c15,700,56,756
a77b1609-f545-4812-9b2b-c5d4d6949c03,f487f45c-143d-4d73-9d45-d6d9a100bafa,2022-05-03 07:56:00,b3406af8-c4a9-4d2d-9e30-e06f3da01c15,600,48,648
29fbb6fe-5465-48bc-a7d6-e2ca9ace354c,abb9bca3-59ae-4a9f-b115-16c1c3bf57ef,2022-05-03 08:18:00,b3406af8-c4a9-4d2d-9e30-e06f3da01c15,600,48,648
4e524843-397f-4a02-b375-7081ab8b5aad,2bd22f13-76a5-4011-bef8-686940d3ba2d,2022-05-03 11:49:00,b3406af8-c4a9-4d2d-9e30-e06f3da01c15,400,32,432
9027775d-3f2d-4b4c-b472-8b910ae15e2d,e7cdd862-6c8e-4af5-91e8-e017767a279b,2022-05-03 12:35:00,b3406af8-c4a9-4d2d-9e30-e06f3da01c15,600,48,648
f6d634df-b902-40e8-b472-8ade3c51d404,a1932494-1e79-4f11-90d6-2c3d14b17ff9,2022-05-03 07:55:00,b3406af8-c4a9-4d2d-9e30-e06f3da01c15,600,48,648
9585c562-acc5-4e07-98e8-584799cf4bb8,0a996dc6-ec23-473c-964f-78456fbcf5da,2022-05-03 07:21:00,b3406af8-c4a9-4d2d-9e30-e06f3da01c15,500,40,540
7558d847-c411-43ac-bf1b-8cecac926a8d,598e831c-2388-4cb6-9cf0-22e14fee9400,2022-05-03 11:26:00,b3406af8-c4a9-4d2d-9e30-e06f3da01c15,500,40,540
90903927-c134-4f05-aace-77c5f60c6649,09afb464-d131-423d-a7a7-10d3f6093399,2022-05-03 07:19:00,b3406af8-c4a9-4d2d-9e30-e06f3da01c15,400,32,432
a0788775-686b-49fd-86ab-ccd41ce8f5fc,aa665be8-f1e3-4044-9620-f83b294f8b69,2022-05-03 14:16:00,b3406af8-c4a9-4d2d-9e30-e06f3da01c15,400,32,432
2ffeb879-cd6e-456d-9de6-d59ddd48d6b9,0bafee08-21f3-43d6-9aee-ab1d60a7d7ec,2022-05-03 13:26:00,b3406af8-c4a9-4d2d-9e30-e06f3da01c15,1900,152,2052
32c5b297-0810-4719-821c-67185a19321b,30bb7b4b-20a7-4691-a3fc-4b196f282c03,2022-05-03 16:56:00,b3406af8-c4a9-4d2d-9e30-e06f3da01c15,1700,136,1836
03b6270a-f7a0-4014-9047-605f217c32ad,96a08a67-3a4f-4c5f-a78b-79cc00ce235c,2022-05-03 08:27:00,b3406af8-c4a9-4d2d-9e30-e06f3da01c15,500,40,540
947f239f-e654-4911-9c79-88338f656421,608ca642-8a7f-4061-86a0-b0b6ca27da21,2022-05-03 13:54:00,b3406af8-c4a9-4d2d-9e30-e06f3da01c15,2000,160,2160
f48e4451-e026-4045-97ff-f3ef03bb6da0,f2786374-fd22-43a8-96d8-929e18656d5a,2022-05-03 16:10:00,b3406af8-c4a9-4d2d-9e30-e06f3da01c15,1500,120,1620
692e1618-00d7-4c1e-81da-e99f4d797007,ef1fba28-a42f-40cf-8279-cc78382e4a4d,2022-05-03 11:04:00,b3406af8-c4a9-4d2d-9e30-e06f3da01c15,500,40,540
82a1da6d-357d-473d-b257-746df8eba35b,e0a6f2cd-e20c-413e-b17e-49ee6bd43cfa,2022-05-03 15:26:00,b3406af8-c4a9-4d2d-9e30-e06f3da01c15,700,56,756
ef2ea906-830d-4cbf-8267-4f35ee4270d7,6f84ddb9-2ff6-47b8-a17c-3768afb7c1de,2022-05-03 16:03:00,b3406af8-c4a9-4d2d-9e30-e06f3da01c15,1600,128,1728
3eb74f39-62f2-4482-855e-366609aa6478,03e63491-df23-46b5-aa4e-70612e0286c3,2022-05-03 07:51:00,b3406af8-c4a9-4d2d-9e30-e06f3da01c15,700,56,756
b2b67d04-4240-44ca-acf3-02bb11e05a1e,f84d9433-99fb-4dc1-a7b4-ed28df01589c,2022-05-03 08:02:00,b3406af8-c4a9-4d2d-9e30-e06f3da01c15,700,56,756
8090b75a-e3a3-4f3e-b437-2d82dcffb306,89f23a88-e155-403c-81b7-74624a2a8b7c,2022-05-03 07:37:00,b3406af8-c4a9-4d2d-9e30-e06f3da01c15,400,32,432
fcfb8c7b-980a-4fa3-9676-cc68ed9d75aa,6955924f-52b4-4a14-8a1a-4141c64f990f,2022-05-03 08:50:00,b3406af8-c4a9-4d2d-9e30-e06f3da01c15,600,48,648
bf263ed3-e6e5-41f5-aa1d-54d4ed21f826,3a34f173-2b77-44ba-92da-28e10ad98f0f,2022-05-03 15:21:00,b3406af8-c4a9-4d2d-9e30-e06f3da01c15,500,40,540
4ceac162-6b56-433c-b133-a1b80db043d3,528277e8-4ab5-4238-8977-eef05607a07b,2022-05-03 18:40:00,b3406af8-c4a9-4d2d-9e30-e06f3da01c15,600,48,648
e55a8b34-6309-4b43-bc12-f0474068a30a,3ced9be5-34a5-4ecb-b0c6-0914d923f289,2022-05-03 08:27:00,b3406af8-c4a9-4d2d-9e30-e06f3da01c15,700,56,756
88341462-e642-4ad6-bf94-ac2eab0e0e26,0f3e973c-42e0-4b6d-8940-db51a4fbdfaf,2022-05-03 07:46:00,b3406af8-c4a9-4d2d-9e30-e06f3da01c15,500,40,540
770d8f6c-df39-484d-b088-9667a81ed954,4a5e57dc-e244-4e0d-8e41-6c0deca10336,2022-05-03 07:46:00,b3406af8-c4a9-4d2d-9e30-e06f3da01c15,600,48,648
7b8b32c9-16d8-4bac-a285-dcea8c7106d0,31a4ccea-3d90-4e67-a6f8-8d990cfffd1a,2022-05-03 07:11:00,b3406af8-c4a9-4d2d-9e30-e06f3da01c15,600,48,648
fc0b1c8b-31b0-45f8-96f5-3f7aaf9a41f4,86faf3a1-bcd6-4bd4-8900-ba8ed0ffe0f2,2022-05-03 07:42:00,b3406af8-c4a9-4d2d-9e30-e06f3da01c15,500,40,540
1856e23d-ae32-4975-a25c-bb781893f785,87f0edf1-082f-460b-bc4f-9e72db2598ec,2022-05-03 08:29:00,b3406af8-c4a9-4d2d-9e30-e06f3da01c15,400,32,432
5fcdc87a-ced9-4b1a-94a7-67d038e79c2f,06a02b8b-8290-49eb-a59a-1ed359cee4d9,2022-05-03 09:56:00,b3406af8-c4a9-4d2d-9e30-e06f3da01c15,600,48,648
1984d427-4b66-48eb-8c5f-a050276df755,b7af6b39-c4de-481a-95b9-872e4b399c9e,2022-05-03 10:18:00,b3406af8-c4a9-4d2d-9e30-e06f3da01c15,700,56,756
ef41441f-28a5-4c52-8f29-e119c1163603,44a1345c-83cd-4105-bc81-eb61a59948bc,2022-05-03 07:51:00,b3406af8-c4a9-4d2d-9e30-e06f3da01c15,400,32,432
c4045927-dfc5-434f-8cfc-10491c31b3d0,abd96f0c-1f71-4940-b799-0029d8748822,2022-05-03 07:58:00,b3406af8-c4a9-4d2d-9e30-e06f3da01c15,400,32,432
c408fff0-5f2e-4e4b-be26-e145fdb673c3,c404f93f-22ca-4704-b231-83c13bb26a63,2022-05-03 15:23:00,b3406af8-c4a9-4d2d-9e30-e06f3da01c15,1600,128,1728
b7925d6e-611a-4080-be22-022e98cea191,c26ac399-6c40-4f9c-8b03-1ec608843dee,2022-05-03 08:44:00,b3406af8-c4a9-4d2d-9e30-e06f3da01c15,400,32,432
8749d364-f613-458a-bc97-14a3273c9fee,4190f662-1219-4f03-803f-413f95e73ac8,2022-05-03 15:36:00,b3406af8-c4a9-4d2d-9e30-e06f3da01c15,1600,128,1728
de13e92e-e775-497a-8af2-470aad7dd4f1,0e9616a6-6c31-4010-812b-329c8f7b4853,2022-05-03 13:02:00,b3406af8-c4a9-4d2d-9e30-e06f3da01c15,1800,144,1944
5b896f46-75ef-4f5e-b47a-540ef2a3b5a5,e035ac52-ddc6-40b9-8ff0-323f85959735,2022-05-03 12:07:00,b3406af8-c4a9-4d2d-9e30-e06f3da01c15,1700,136,1836
2a3f9139-97fd-4a20-b058-f4e1160dde2f,8dc8937a-97f2-4c2f-a818-c3324d26e599,2022-05-03 07:21:00,b3406af8-c4a9-4d2d-9e30-e06f3da01c15,400,32,432
d4b43083-219d-457a-ac99-c9b36208a512,d95f31c5-538e-45b8-b561-b1a13cdfef1e,2022-05-03 08:04:00,b3406af8-c4a9-4d2d-9e30-e06f3da01c15,600,48,648
fc6d1336-2b99-4cbb-b25e-4e90a3d32239,d593cb3f-5c32-4ae8-b090-2b2d6cc364e0,2022-05-03 08:07:00,b3406af8-c4a9-4d2d-9e30-e06f3da01c15,600,48,648
310eade3-690c-4dd9-98e0-32a45ecfd17d,f99ecdb6-6f31-4a22-a1bb-a9151ecd5616,2022-05-03 14:33:00,b3406af8-c4a9-4d2d-9e30-e06f3da01c15,600,48,648
639fa719-43c9-4bd3-b67e-a28dfd8a9edb,b9c12e8c-8d2a-43d5-a79a-29aeb082c72a,2022-05-03 10:47:00,b3406af8-c4a9-4d2d-9e30-e06f3da01c15,2800,224,3024
5a31f76b-ae54-41af-a5f9-44e7d59ee07f,722c012f-efd2-49d0-8fd3-047157c22e79,2022-05-03 07:41:00,b3406af8-c4a9-4d2d-9e30-e06f3da01c15,400,32,432
28347dc7-9f93-497b-8ecf-11737d96accd,5096dc25-d8a1-44a1-a629-f07365c1878a,2022-05-03 17:09:00,b3406af8-c4a9-4d2d-9e30-e06f3da01c15,1700,136,1836
f4be2fcd-9e41-4a17-a10d-6c9ba3afd31c,8db6beac-c887-48a0-a243-51364c4b54e5,2022-05-03 13:12:00,b3406af8-c4a9-4d2d-9e30-e06f3da01c15,700,56,756
650ebeed-e720-4d0a-acad-ea0ad52fdfab,6acbf0ba-f1c3-49cc-963a-d0c2f7c4d8f5,2022-05-03 08:26:00,b3406af8-c4a9-4d2d-9e30-e06f3da01c15,600,48,648
7c9a24ab-33e2-4bfe-870a-8db07418d2a6,48cd3500-f9c1-471b-9786-fc1d6b7dfb2b,2022-05-03 14:08:00,b3406af8-c4a9-4d2d-9e30-e06f3da01c15,1800,144,1944
a2bfcb0a-08ba-4433-838c-1f6f06d2b095,2a47cf71-066f-4856-941a-0dcedb495e25,2022-05-03 08:12:00,b3406af8-c4a9-4d2d-9e30-e06f3da01c15,600,48,648
6d149e99-7146-4256-932a-c9ec22de3834,dfcbcca6-3b8b-4b74-8b8a-35d542b61bea,2022-05-03 08:42:00,b3406af8-c4a9-4d2d-9e30-e06f3da01c15,700,56,756
17c27c8a-4e04-4f0f-bb43-314783ad4a74,5169248c-0343-424f-9004-6c4898defb2e,2022-05-03 13:15:00,b3406af8-c4a9-4d2d-9e30-e06f3da01c15,600,48,648
9f992055-afdb-45b0-837f-f38b52d4f132,0f4147c7-27df-466b-b6c1-340e584759a8,2022-05-03 14:21:00,b3406af8-c4a9-4d2d-9e30-e06f3da01c15,1800,144,1944
0187adbf-1d12-406a-844c-c62eb931c12b,3e0bfbc5-de9c-4029-9e07-9abf3ea45e78,2022-05-03 07:35:00,b3406af8-c4a9-4d2d-9e30-e06f3da01c15,600,48,648
ead3af0e-9d2b-4fd0-80ff-034105474989,565b67c6-951e-4d74-b047-1adf6fc2575c,2022-05-03 13:09:00,b3406af8-c4a9-4d2d-9e30-e06f3da01c15,400,32,432
9640b961-824d-454f-9cc8-b9555e4d1038,19f5d8a1-6ea7-4cf1-a579-6255b6bfe1a2,2022-05-03 12:26:00,b3406af8-c4a9-4d2d-9e30-e06f3da01c15,1100,88,1188
5c16aebd-74d6-4edf-915e-7bf18a8afa48,5f7050b5-70b0-4e68-87ca-3057e2b22fec,2022-05-03 07:47:00,b3406af8-c4a9-4d2d-9e30-e06f3da01c15,500,40,540
0c164a27-7037-41e2-9484-6f0090454fab,09a85561-3dcd-44bf-b9d7-6e19a1d38ecb,2022-05-03 07:00:00,b3406af8-c4a9-4d2d-9e30-e06f3da01c15,500,40,540
91e8aec2-f388-4734-9cca-541984c8c667,cf232296-6a6b-4d24-9a71-2649bcbac8c1,2022-05-03 13:06:00,b3406af8-c4a9-4d2d-9e30-e06f3da01c15,1100,88,1188
40566a1d-05d7-4275-9ec5-413462e88e04,58618b9b-fd0a-4274-bbe4-0fe50a9d9a88,2022-05-03 12:00:00,b3406af8-c4a9-4d2d-9e30-e06f3da01c15,500,40,540
127e838f-74ec-4dda-a635-9101dfb491ab,ad313942-5f85-4732-8271-51d684aed9b6,2022-05-03 10:14:00,b3406af8-c4a9-4d2d-9e30-e06f3da01c15,600,48,648
1032ac96-452b-48c2-83f7-93871276e121,69f7975c-4dc8-44dc-a8cd-1ada09c809f4,2022-05-03 07:32:00,b3406af8-c4a9-4d2d-9e30-e06f3da01c15,500,40,540
fd72a3c6-4126-42f3-8306-d7d60a49069b,93437d2a-3844-4289-b40d-fddae4789e9f,2022-05-03 08:08:00,b3406af8-c4a9-4d2d-9e30-e06f3da01c15,500,40,540
16d9214b-df23-4cfa-b1cf-83cf9ff587ba,96f755ed-3cd7-4c7a-a270-c8decb7e333c,2022-05-03 08:52:00,b3406af8-c4a9-4d2d-9e30-e06f3da01c15,600,48,648
f25821e5-f0ce-4d95-ac97-e62f9819b263,5426db7a-b305-431e-981b-30fb5a510434,2022-05-03 07:55:00,b3406af8-c4a9-4d2d-9e30-e06f3da01c15,400,32,432
54c0174d-1105-4ce4-86c0-8e6af479a76b,783a4c82-83fb-4f38-8f75-4a7e4824221c,2022-05-03 15:22:00,b3406af8-c4a9-4d2d-9e30-e06f3da01c15,600,48,648
a5f0a22e-ef39-4fde-8dc8-ec1653c39327,6abd1eaa-ddec-4830-9213-0c88cbf37819,2022-05-03 07:27:00,b3406af8-c4a9-4d2d-9e30-e06f3da01c15,600,48,648
dc01f94d-9dfe-4a81-aa45-968dff7be582,da5f74ed-37ae-4e24-a565-e28f636b84c1,2022-05-03 08:07:00,b3406af8-c4a9-4d2d-9e30-e06f3da01c15,500,40,540
