ID,ORDER_ID,SKU,QUANTITY,PRICE
3e2f601c-0dc7-42b1-b0a3-c489346f2f0a,8854b1a1-968d-47ec-b958-c5bae25f2464,BEV-001,1,403.03
05e90afa-0ddc-4793-a5da-be5974d02a00,b3e79869-de97-407a-9ed4-48fbce1695ab,BEV-005,3,875.75
946dd583-682b-4e07-a093-4a483d46b4c4,0440d786-595b-4363-a814-f6d687871097,BEV-005,5,652.05
0d3d8aee-e215-4b9a-a7de-bd438c8efeab,2aa83807-23d8-40d8-9c8d-69e23b8f0ee3,BEV-003,1,630.48
1678728f-fb75-4fcf-862c-39c144b6680f,d0244837-3453-4ba7-b28f-ce2a112f8e27,BEV-001,6,138.04
28b4733a-6d32-4b71-8537-53bebae7d90c,d0244837-3453-4ba7-b28f-ce2a112f8e27,JAF-001,10,489.4
aaf6f6f7-c7a3-4bfb-9ece-5a742bdc4a9f,70c694ef-d4d7-4e90-9596-70fb39bb1418,BEV-005,2,803.48
9d9e8569-c7cb-4e84-84a1-1e2778bd81cf,70c694ef-d4d7-4e90-9596-70fb39bb1418,BEV-003,8,442.96
bce30101-2836-424d-a25d-238022b251f6,70c694ef-d4d7-4e90-9596-70fb39bb1418,JAF-005,10,560.43
f10fe121-cb96-4f3b-9f3f-0b6e1c824104,2764c271-4f33-4eeb-bfcf-90d5fff2af36,BEV-002,2,911.02
0cfc07c6-686c-4c90-8e5e-78e390410a43,1bb82fed-c462-4857-8801-44b5ba59b8bf,BEV-002,5,318.36
415b11da-6782-4b72-9abf-af1f879234d1,1eaadc2a-0f36-453e-b3d8-1b83cdbd6e87,BEV-003,1,208.31
34b96a5e-1847-4628-85bc-4c9e6284dcad,1eaadc2a-0f36-453e-b3d8-1b83cdbd6e87,BEV-003,6,187.84
6e4e842b-a1b4-4bca-8f56-fd37591c5fdd,b6ed0d3b-d506-44f0-9013-235e16ebc000,BEV-004,2,252.53
d65be024-b93e-4f96-a817-4ba76357838a,f725ab60-d123-4db9-add8-394ea15d4fa4,BEV-003,4,327.75
ebb81abf-98df-4d63-a895-fa7cae8a694f,97e8bf4c-adf9-4380-b8ee-9c08cd97d7e2,BEV-003,4,306.81
a192f33d-b3ed-4c95-96c3-127cd93a0585,30665e66-47e0-4e79-828d-ef466d73c457,BEV-002,7,27.54
2083aa7b-0bd3-4f24-8d01-11a6d0cc97be,74ae803f-d0ec-4175-9bda-71fb0f06068f,BEV-005,5,69.56
da224569-a4d1-45d2-af6b-59e424c027d5,bb6a119b-d574-4c1f-8edf-19ce72e565fa,BEV-001,10,553.41
88556fc8-2586-4bc9-a41e-88b36647eb68,2f38b31e-f0c3-423b-900b-b70677388c01,BEV-004,8,140.64
0f9121a6-cfc5-41c7-b4c7-8edae0e15eb4,abdff0b8-ffd5-4eb3-810f-b7d1e6b8e3e1,BEV-005,8,774.28
3d931d7d-45bd-4320-a158-71c006cacffc,8d9b77e9-eec1-4831-83a4-aafe4b992c2b,BEV-001,1,966.28
9f1003d7-2876-4eac-bbdc-ad05790f8975,6d6f35d8-35d2-4648-8d5c-49e0a2a4a273,BEV-001,2,516.83
b2786e59-d9ca-4406-a7b3-1a9e3d6debf9,f027970b-1ec0-43fa-a229-7bf40cf8a9a7,BEV-002,7,136.97
199c1b2e-5be2-468b-93f2-e6e99b2df72f,cb67f5ea-d96e-4e1b-82de-2025ac57d3e9,BEV-005,9,280.82
e4eb40f5-b9d0-4b44-a9fb-4ecbad4c8244,4f63a03b-c4fc-49d7-907c-67953abd07d7,BEV-004,6,426.65
0ff0812c-fcf7-4330-9b0c-336ec578a054,e6c05e3c-3486-43a1-9f98-93b4b7966fc6,BEV-003,6,519.48
da2396fc-fc24-4ea8-9b1c-60ea27537ae1,e6c05e3c-3486-43a1-9f98-93b4b7966fc6,BEV-001,2,656.18
70b139c8-383b-437c-84b1-1319d8eb449b,3a0ff74f-5eb6-4d20-9a54-e257776ec76c,BEV-005,5,71.99
1a47e462-3ce0-47ee-ba8e-eb0027a1f96c,953ae06a-d64f-4e52-9f1b-63719143033e,BEV-005,5,297.02
196f5d35-c03a-4438-9153-f06a5bd5f604,de6e89ee-4800-4197-b716-bc4e952c4872,BEV-002,8,624.3
2258ab82-c57b-45e6-a5d3-59a8df210160,4e58656d-f308-465c-a666-e0600b1ef9d8,BEV-001,3,590.36
203f1f38-a6d5-48e0-8050-e759570905a6,54a70fb2-e480-4cc2-9f82-4fd096fbde55,BEV-002,8,481.49
3b8e623d-7291-4ae0-a75e-cc10e52a952a,54a70fb2-e480-4cc2-9f82-4fd096fbde55,JAF-004,4,536.24
15c6d67d-3e6f-4981-abee-359c2a18716e,04223abc-5cfa-41be-843e-f4ab8323ca79,BEV-003,7,362.07
9754df0d-6f2d-4c90-9643-a05b6035307c,04223abc-5cfa-41be-843e-f4ab8323ca79,JAF-004,3,658.13
c2962eda-30c6-40f7-94c9-b2f2abd9cca2,92885755-ace3-4906-94d8-9dfc44a1d0af,BEV-001,10,990.3
852d083f-9fa3-4ad1-9928-b51c7bb8c030,1ebbee49-c61c-41d3-a63d-aa62dec0401f,BEV-003,1,804.97
2077db76-200d-47a7-8cd2-55b5886eb65a,35a2e008-c273-4998-a9e7-f0d0e1957cd5,BEV-003,4,418.0
a227f61c-9f2b-497c-b881-f38a02dc992c,cab64eda-4c46-483a-a624-89fd11995105,BEV-003,6,407.11
022e7f2c-ebe0-4841-82b6-5e822350f1a8,35b08217-170a-477e-92cb-8c938541ee6e,BEV-003,6,308.62
964cf4f4-159c-462f-80b5-ae3f5dd08ed4,35b08217-170a-477e-92cb-8c938541ee6e,JAF-004,7,420.6
49bbd788-120f-4ded-bed3-97e758765305,6e81bc07-f4aa-448d-b521-691f521f4845,BEV-001,2,936.58
f8d7fdc0-b39f-4123-b9e3-d8a6fa5ad769,efb7a54e-a9f6-4cd0-8046-ec61512a5ad4,BEV-001,5,136.63
a6b6935a-426c-4598-accd-bb4954edf1ba,efb7a54e-a9f6-4cd0-8046-ec61512a5ad4,BEV-004,10,963.31
46b6c069-5206-4067-96da-ef59e48385cf,efb7a54e-a9f6-4cd0-8046-ec61512a5ad4,JAF-003,9,139.68
8806bb4b-fde7-4429-b217-6ababd613f64,4024f1bd-3582-4785-96a8-effeefa14390,BEV-001,8,38.32
f07d602b-3ad9-4624-b356-27547f8848c9,bebf27d7-a449-4abc-8925-be12c1dac3ef,JAF-001,4,976.23
1d54c372-ba5d-4276-89f1-92b1e9c320e2,bebf27d7-a449-4abc-8925-be12c1dac3ef,JAF-005,3,472.99
9d6efe64-9ffe-4a4a-91a0-a82bd579d67c,8d7090cf-0521-45f7-bd7a-cf19e9506ec7,BEV-001,9,62.23
4be2f189-6892-471d-91c0-51e05f1d8bd5,e1828124-af5e-4869-ac54-ba428a036203,BEV-005,5,602.58
90f18a4d-a560-4639-ac1a-df5ddd0b8b34,7db80045-0dcb-4273-846b-b9855d105dd1,BEV-004,1,410.88
02e75ee6-76f4-42cb-9142-cb6ac0e4e9ed,196dd14c-8e5c-4e1a-bd0f-61264b1cdacf,BEV-001,1,525.13
3640f871-41c0-4a18-9783-13bb228730be,c973b524-0a27-46c5-afda-6dfd3a32742f,JAF-003,2,600.39
09797433-2ad5-472e-83aa-2f7085682613,c973b524-0a27-46c5-afda-6dfd3a32742f,JAF-001,6,300.96
514953d8-21eb-4dec-9f9d-d7592f02fe74,6bcd05a7-eab9-4168-b2f6-0e4046855a90,BEV-003,9,416.49
a19c2919-c5ca-4234-a3e7-79446036f1af,2769e26f-4d1c-43f0-9b20-399bc1019c6f,BEV-005,10,254.1
54a79250-80dd-45f2-a10c-fe690da88f0c,f44c743a-71c6-4dbd-8f98-5f217f8cb2c3,BEV-001,2,460.41
d3220e0f-3ccc-4928-b60a-109573b3d7b1,da1e6a6a-7bee-44d1-872d-458b4744f800,BEV-001,9,152.47
eb9b9510-4a4c-48a6-8f99-a5ce671701df,0814e454-ea81-4872-ba42-9c7ac4042bef,BEV-003,6,102.2
8ba7a6de-6ff4-4eef-8df8-e2a0f59ae4bc,0814e454-ea81-4872-ba42-9c7ac4042bef,JAF-004,10,469.36
efbae57c-a579-40c9-8aad-f4d3800f08aa,9484f738-237a-4b98-b6ab-82ea29833c4b,BEV-002,6,386.77
beca27f0-de8f-44da-8c19-b20b77f2fd8d,23df0756-9e61-4311-b8c7-852ce3fabd51,BEV-003,2,998.02
5202f675-5b6c-4ff8-a371-8434bf79f64b,5b10f59e-12e2-485f-b8db-e329fa9af8b9,BEV-005,10,860.25
2aefd410-76dd-41d5-ba5d-d767e14aaf83,7cd9eb4e-e3e0-4ad8-beda-abba97897940,BEV-001,6,28.63
2415d996-c944-4623-931f-33504c3b663d,a4d313dc-5479-4d7a-99cf-6799967d3ce6,BEV-004,8,862.67
49e72395-d256-49b4-9e3c-c1729e1a2801,e854f631-7fe5-4ec2-b4f2-5c529706d1f1,BEV-002,8,770.26
28c65a09-9a96-46f8-8b55-7fab3ecebfc8,4d1015af-83f6-41df-803a-1266813fbf8e,BEV-002,1,67.54
311910bd-42dc-455f-ab64-eb410b41421a,e3bc7173-29e2-49f6-96b6-1108e4d025ff,BEV-001,2,193.19
c226f232-5ff5-49e9-b670-cc259fb87eb4,588faf48-7b30-4d91-8745-7801b0340433,BEV-004,9,148.7
73ee409e-8d7f-4eb2-8ea6-4995023f1f87,37bf2391-2da6-4e3c-a1fd-34e56f6e5cef,BEV-002,2,541.44
fe3358ec-fb06-4bc5-89f1-cac11bf93da6,f8d541d6-4d9e-44ae-953a-a3bc96a42f98,JAF-005,5,247.62
6341f1cc-221f-4c5e-9828-06948ac2d723,f8d541d6-4d9e-44ae-953a-a3bc96a42f98,JAF-001,10,19.5
5318a1b5-eb2a-4ddb-9dfb-a964aa40def2,f8d541d6-4d9e-44ae-953a-a3bc96a42f98,JAF-005,1,380.6
37a8ec1c-ca62-4cb1-acdb-487dc4361d8a,c97eafdd-972e-4e7a-b48e-7e10a7f666f8,BEV-003,5,962.87
a1487985-1f90-4a6a-b007-95b6f5c75a9f,c5373e4e-a140-4138-bcfa-4ead8c915732,BEV-002,7,800.76
72eb8207-bccd-400f-85bd-99158016e2f8,e9e0e9e1-7865-47cb-b152-5e06e1f6a611,BEV-002,8,598.77
765ed76e-85da-41c5-8bf4-0062180bb82a,e9e0e9e1-7865-47cb-b152-5e06e1f6a611,BEV-003,4,818.14
6274ad30-703f-4321-9f31-176ef4d68c4f,07f66675-b3cf-4d17-9416-59bbb1e6df2c,BEV-004,8,258.29
c8a6755f-1cf8-4487-8429-2e84337cc9db,8c7c5bec-a153-48aa-b27d-d6bd3e370eb3,BEV-002,6,394.48
754ba9d6-45d2-4f78-9fac-cdc21fbfb7e1,ca5c19e4-54ca-4333-b0f2-6a9af3213522,BEV-001,7,649.76
c22a7639-cff9-419a-b72e-19bd388bbf34,088e20fa-f254-49f3-bfab-86c99790e7af,BEV-003,8,521.18
d8f0d491-4172-4829-a797-648e746e0688,19d24ac9-38e0-4525-abe8-c13df0d5abda,BEV-001,2,51.44
28b2d246-dd62-4db8-81fa-ef67387c4ed8,3b5e1ace-2b73-4ba3-8607-afe4feb3a172,BEV-003,6,10.49
54b18946-d313-4748-a0ff-5c54daa1f632,f79106d8-86c7-4061-adf3-94124f3bfd0a,BEV-001,8,455.39
fa2fe2e2-9094-43e6-a23d-64a3128b0f00,f79106d8-86c7-4061-adf3-94124f3bfd0a,JAF-005,4,817.34
30851161-195f-4074-99ff-e51e11c3e031,3bc5316a-abf9-41f2-a588-405f1ebe3a1e,BEV-001,7,783.38
6f3761ff-0200-47d6-be8f-ab52d2483a8c,3bc5316a-abf9-41f2-a588-405f1ebe3a1e,JAF-002,4,460.19
38eea447-e2ad-4a44-a22a-5a89f397536a,6cd11cee-e565-443f-98df-6f772ebe32bd,BEV-003,1,366.75
543f4b8c-d913-416c-bb03-3494339e6324,4ff08f5d-2ffe-4b65-9eb5-120ac5794386,BEV-005,3,289.66
1161ae00-6920-4c62-b79f-81ca5e2dad0d,17f7fecf-7d4d-43dd-8b23-fef13f8e5c9c,BEV-001,8,10.41
6118fcbd-1200-40ff-9b2b-015215c3a7a7,ca7a86bc-11fb-4260-900b-7f19f8858048,BEV-005,5,934.93
4277685a-76aa-4ad3-aabe-b43f23af05b1,8f238615-b3c2-434d-ad7b-9bf047a09ae1,BEV-001,5,348.95
c476e607-a219-42d5-9998-18b5f769dc52,8f238615-b3c2-434d-ad7b-9bf047a09ae1,BEV-001,9,25.42
26d882f0-c73a-4d40-a47d-b26a17bd3a80,8f238615-b3c2-434d-ad7b-9bf047a09ae1,JAF-001,4,11.89
78f946dd-3e04-4591-aef5-6adefd9290d5,bf6d98df-ee91-4d9d-b8ad-d26ac701605c,BEV-005,8,802.36
f5f782aa-671e-4223-8e4c-7c12d98b090b,4f686df4-af5e-442e-981c-f6a7f8d92004,BEV-005,3,124.49
7a340585-5a0e-4cec-b097-464bcc11e1e5,044fab1c-17e3-40b1-ba06-60231793c8e4,BEV-004,2,289.24
007d8fdd-f5d1-426d-a1ec-9418123f5b8f,044fab1c-17e3-40b1-ba06-60231793c8e4,JAF-002,5,940.77
a3051f97-3a74-425a-806d-e67071f49f3a,5b5b775c-6cd7-4a63-a516-f9733e54d99f,BEV-003,7,993.06
0a57f55b-ea62-43fb-905d-96a8f383ae17,7fe76a2a-bed8-403e-8e78-3ebb5b707c1c,BEV-002,2,316.86
22709db9-bbc9-44fb-a1e7-5f95a0ed4a8c,56201ecc-495a-4f2a-ba72-c2f73f19c971,BEV-005,6,291.21
1c156fbc-a64a-438d-9f00-885e624f5c46,d040eef8-3780-4bec-ad6d-efecc203c414,BEV-003,3,225.05
d90b4f49-20db-426f-ae17-d4fdb83f0e98,7083e456-1ae3-409a-af4d-72f2cf9ced92,BEV-002,7,286.01
de12173a-2802-41b4-b273-a1c5366bf8e5,8c0f9912-8932-43df-b3f7-057e8df0e9d5,BEV-001,7,407.42
032b1c8c-4f8e-4aaa-9767-507c9d4176e2,a1fc305c-5fc9-406f-a40b-df0608fedccd,BEV-005,7,200.27
7ea20f56-adc1-4a58-b1db-fd0b4613391a,10f3f29f-8d6e-4894-ac6d-64442c9234c8,JAF-003,5,698.08
65b1c191-a83a-445e-84dd-c695357490a5,6f5f6d9e-3f7b-4339-85d3-404d9cddd87a,BEV-003,8,934.34
83cfea02-75df-485f-ba26-beaf0ea34c95,cb8f843f-924e-4f3f-a25c-4d1b45af2696,BEV-003,8,258.74
37230fc1-a179-46ee-b727-9c702734b511,0c104225-5e54-4e54-9d2d-d2cf79f5d50a,BEV-002,7,105.27
d5880ab6-5303-4264-a55c-7cb48f930888,0c104225-5e54-4e54-9d2d-d2cf79f5d50a,BEV-002,3,256.08
5662add0-12b6-41d7-979e-478d81f0ce8d,0c104225-5e54-4e54-9d2d-d2cf79f5d50a,JAF-002,7,996.61
d6a02ff1-12c7-4fe8-9cc6-b3119f5898ab,da9f3b38-79ad-4c5e-bf56-48ab526cf22e,BEV-001,10,579.88
c002c944-5023-4a23-ae10-f5389d537169,4a64539f-4646-474a-a3cf-49d45c96b8eb,BEV-003,8,230.97
996d83d6-3e7d-4ea0-a71b-21f12a3f69e6,9469aaef-5fff-40f7-93a9-dd6f4519f69e,BEV-002,8,790.4
76a125da-c3ba-4135-96ab-aa55b84dcbfe,c04e3591-0bd7-42fe-a25d-8feab7b92ddf,BEV-004,1,55.71
d9619722-fb43-480e-aeef-96f1d668ea36,c04e3591-0bd7-42fe-a25d-8feab7b92ddf,BEV-005,8,905.84
11e05f88-25bd-42a8-bcb1-1253990c32e3,c04e3591-0bd7-42fe-a25d-8feab7b92ddf,JAF-001,5,548.51
75e98d35-67b4-42d0-ad9d-83951a375550,0afeb517-acce-41a9-a256-600dd93a8572,BEV-005,10,417.25
9f2d4a9d-3aa6-4650-a79e-2b1f4180a64b,b8b1c511-faf4-4ef8-8a13-c872a0c29244,BEV-001,2,917.48
130192cf-5e48-490f-a146-00534e486fea,3b548528-5ff0-4ec0-92eb-c34a845bb230,BEV-002,4,734.22
5c75908a-d3cb-4272-8de1-805931bb8a64,3b548528-5ff0-4ec0-92eb-c34a845bb230,BEV-003,7,461.39
5ff35210-00e3-4f35-835b-841fcb8848ea,3b548528-5ff0-4ec0-92eb-c34a845bb230,JAF-001,7,530.92
ccea1951-8d29-44b4-823b-c54ad2ac9b95,bdbf5060-907f-4e5a-9da7-9757c9877cef,BEV-003,10,433.67
5a052066-a4a8-4d32-b0c0-5e295214c925,8bd2fc44-14a0-4877-a59c-51dc295269da,BEV-004,6,278.81
0851f660-401a-451e-8b78-11b83937992f,e396ae20-cb05-4673-af3e-6c1c7c3db7df,BEV-004,1,987.81
d01635f7-e912-460e-ba5d-a688e15094d2,407a4ae7-bca4-4eae-b409-3ec7ba5881e0,BEV-004,3,954.81
febeb331-399a-42cf-a1d3-3dd07d5138d8,407a4ae7-bca4-4eae-b409-3ec7ba5881e0,BEV-001,8,117.75
bf0b445e-7298-49ea-abd2-8a7e8c06bfcc,407a4ae7-bca4-4eae-b409-3ec7ba5881e0,JAF-004,5,516.86
fc6461d3-8272-4d6c-bd7c-ea47c9f5b732,ae1bdd09-bd94-4275-b0e2-55b5439fa2c8,BEV-005,7,910.03
5d51168e-8e04-4347-99b2-10abae4899e1,e8b1375c-b33e-4792-8edc-8dd3ed4b8c47,BEV-002,4,973.93
649bad9c-0c97-491b-a506-f2fe48b2a5f6,b2c61654-9daf-47fa-a8a1-75e5e85dc6da,BEV-004,1,596.43
609a9312-6373-496f-848c-f853080a6108,92248675-df89-4f71-9103-71c369f9edaa,BEV-004,2,453.78
3343deca-1f0b-46a1-90eb-77eda00c0c66,2bf8a24a-8656-4bcc-85ab-7f16642ba786,BEV-003,8,467.41
1e552863-7a03-4942-8fdb-723846aac705,b55342ef-99c0-4df8-80bf-f9ab5651abc7,BEV-003,4,804.95
4a7b0346-33db-4f07-97bf-1dab7511636e,b3101a57-35b9-40e7-a504-3fa7fc7a3fc2,BEV-005,9,190.66
42775bf1-ecb4-446c-a8ad-72293cff3e54,eb3a4d49-da13-483d-89a2-0b4560905899,BEV-003,7,493.95
cfd528fe-48db-4088-8564-1672bce26bbd,5ff19fd9-54e4-4dc2-92fe-7810bc20fe3e,BEV-002,6,783.95
4530052b-5e6c-4c7a-86a7-055c737611c9,b3036dd5-821e-4eff-bc9e-caa16216adae,BEV-001,7,475.94
1b2a8feb-a33b-41dd-a5ca-80e84f8c5b92,b3036dd5-821e-4eff-bc9e-caa16216adae,BEV-003,3,104.33
56169abc-4bfe-44ae-b21a-2dc381e87e8b,b3036dd5-821e-4eff-bc9e-caa16216adae,JAF-005,6,762.91
adee6373-6585-4ef8-87a5-0ae134579f26,c43fcebd-e719-46ed-b868-af1c9ee178d1,BEV-003,10,30.34
7f908ef2-3a93-4d80-90e4-eab5dc471ccf,43180f71-9a16-4803-b049-cbb05c6ebbf7,BEV-004,8,298.34
d4730564-05f6-40f7-85e7-46cbc3bc98ca,3357438c-ad2a-4735-821f-d53febc2a627,BEV-005,10,750.22
a947c722-5a0e-447b-8b5a-01b079a0d3f1,3357438c-ad2a-4735-821f-d53febc2a627,JAF-005,9,503.21
7e7464ea-e7b1-454f-aa7b-b30df0644209,31295ad1-3d86-454a-995c-fa7440e5f0c6,BEV-001,4,299.74
6e1f0332-c87e-4a55-96a1-d3f57718e433,04a4d80f-4353-41d1-83c9-031d80d3349e,BEV-001,1,839.76
0f3f3033-e6c2-4799-8ec6-9d2caf524424,a5f5ae94-d9e8-498e-9c81-9f248af4955e,BEV-005,3,820.77
fe688d1b-4fa0-4300-b637-0a789b771c97,87d526a3-357e-4ed7-8ac2-971b27cfe3c6,BEV-004,3,602.89
00772612-e376-4d3d-ae43-578c6dbf3a9e,10ca40d9-66b7-4dad-a2e4-61fa580ebac1,BEV-005,4,881.91
8bef462e-0b89-491f-a8e0-633e1ecb1ef0,b04bbb4e-d8df-480b-9d91-487a0fbc065e,BEV-003,8,950.35
71b4c61e-1c76-4808-a039-42bb662136ba,9a84c68a-2abd-44ca-b654-8d777cfbe055,BEV-002,2,54.75
94c1e4f1-b024-4eae-b0ba-0d709cde3867,0ce127f8-7753-408a-8e94-8ea96e54907e,BEV-004,10,267.45
e471ff7a-c9c5-41c9-b8c8-02971dfa23e2,6688f990-a9fa-4545-9bcc-c41ae9c2548e,BEV-002,5,199.53
69f19e17-7361-4b18-97e2-7284152cafa4,6688f990-a9fa-4545-9bcc-c41ae9c2548e,BEV-005,8,660.69
745aade5-a2ac-4d7f-ad00-84eac7d0eed2,6688f990-a9fa-4545-9bcc-c41ae9c2548e,JAF-005,8,773.15
fb8356bf-b549-4ffd-84fb-1ac30a19632c,50c7f8a7-8b3b-4314-b996-0192b39e58e0,BEV-002,10,813.68
be263cb2-c4c7-48a1-a597-66c5d09917f2,50c7f8a7-8b3b-4314-b996-0192b39e58e0,BEV-002,1,573.54
06f75323-0047-40ae-b67f-72000477bdb6,6524de8d-0cd1-4420-bcc4-b42fd1f64fe3,BEV-002,1,509.27
4096bee3-386d-427b-aba6-f0e6d378023b,f526d2c1-ff1c-4557-bb2a-1278289bc0ed,BEV-005,9,502.09
e3cfbef8-68a6-4a5b-a2ea-3bad61398399,f526d2c1-ff1c-4557-bb2a-1278289bc0ed,BEV-003,6,444.21
aafeb93b-66f1-4456-868c-84611932ab70,26f72ab5-6e7f-465e-8e6b-a6678b249fe8,BEV-002,7,358.61
f89f3fe7-c4d9-4be0-a76e-8d1505d6c33c,26f72ab5-6e7f-465e-8e6b-a6678b249fe8,JAF-004,2,869.6
79f5cdcf-8663-4eeb-aefe-3b8f90f5d262,5186263f-9fac-474f-8add-e273292979fd,BEV-003,9,747.46
032767e0-c6ef-4d47-b782-e17db1ce90e4,514e2b7c-ba2f-40b4-a7a1-af27671f7479,BEV-001,4,969.91
66b6a8d5-6c6b-4096-bdba-69cf740320aa,4dbe12ec-d470-40f3-b286-3a6e95afe7de,BEV-004,6,517.92
9823f057-b212-4ed0-8144-3b60ca4d1ad3,4dbe12ec-d470-40f3-b286-3a6e95afe7de,JAF-005,3,22.53
aaf2a254-e757-4ef9-88ca-7f68a3843a81,c29d60ec-1509-46cb-b1af-22c606c38f46,BEV-001,5,580.5
57c888a4-981f-45ce-892a-e19dfc29d32b,c29d60ec-1509-46cb-b1af-22c606c38f46,JAF-005,4,834.3
d5322733-527e-4493-8071-2e22b2da444a,13e34ef9-097b-4c9a-bd68-71ab294abcf2,BEV-003,4,142.2
ee3e68a9-9176-4810-8b76-61a2407c4356,9803f845-8171-4d5c-b6de-ce5d59e9ec89,BEV-004,7,901.69
4916222b-52cf-443d-b6cb-3150bf186bf6,67c3a8f4-8274-4a5d-8adb-506033df515c,BEV-002,10,850.68
4f003230-bf18-4e10-aa16-32fd61be58d8,a81eb0af-4f24-41a6-8584-7579c462ce96,BEV-001,2,473.6
553179ba-caf5-4474-9936-449653789860,a81eb0af-4f24-41a6-8584-7579c462ce96,JAF-001,4,615.01
17c581ca-d978-4518-80fe-36f4403c09b6,a81eb0af-4f24-41a6-8584-7579c462ce96,JAF-004,4,278.26
0716a1b1-7d55-4c24-993b-05acd4df4262,6a516d1d-2cdd-4b81-bea7-ebca587d9208,BEV-002,3,760.93
a10395ec-7ee7-4b3b-a463-f2e27d245a1b,2da29272-4efe-4789-b7a0-6b8cbf6e6718,BEV-004,2,942.64
ba2aa35a-f6b2-47b3-92d0-ca6586be7500,acd0196d-f4c1-4b49-b1b5-fb104429fcdc,BEV-001,6,957.27
3b016eae-11d7-438d-9d1e-68d5ae3a1a55,ab06e4e8-10fd-4f70-8727-233344aa905d,BEV-001,4,435.81
f2035f13-f66c-4741-9e72-82bc64388c03,ed907665-ecd0-4ce2-b7c0-9de82baf0ce2,BEV-001,8,144.37
e049d29b-7939-4c6a-9333-eee24ae4f34d,c425a8ee-4469-4028-b907-153a62d7ed61,BEV-005,3,324.26
31b36fe0-0eef-46db-a8b2-1fd86728c43b,f6ec03dd-9de1-42ff-8fc8-b7c6e6ae40b4,BEV-002,2,841.4
c0482757-bdf3-4a0a-9563-c4e0975d0be1,95c8ef1a-11cc-40fb-8937-94e227d48f08,BEV-005,1,17.97
9ca10421-b2ef-4669-bd97-456bc1e87712,8a7ca51c-45e0-4c11-9cdc-37c33fa93ba1,BEV-004,4,671.86
b8443165-b95f-421d-aafd-ba9269152d8e,90c8f4c1-e1d6-4965-9d30-9a2f68c853b4,BEV-005,1,239.14
ab3f50b1-8a8b-489e-a8c6-72f5ffa2c894,90c8f4c1-e1d6-4965-9d30-9a2f68c853b4,JAF-004,2,991.96
cf590bb1-71f7-4fd2-b3c3-e230d0c6d672,39d29614-8373-494e-bf14-0c51319ff769,BEV-001,10,193.16
7fa7e276-b5b9-4840-bd5c-a3a0051ef535,39d29614-8373-494e-bf14-0c51319ff769,BEV-001,8,994.81
e5b2eca7-595d-4300-8e08-adb5797de936,39d29614-8373-494e-bf14-0c51319ff769,JAF-004,5,336.75
369278ff-1237-4961-b221-fbb689a0f334,0a3ee950-b61b-4e94-8a8a-4129b6e5ca05,BEV-001,5,657.04
e2d87d53-6e93-4a6b-9ab6-58b5b204c31b,7169cfb9-c26c-4863-8309-f9940551dcfe,BEV-004,8,59.99
37f8e024-3ee3-4411-a8a3-c279eb8e586d,a8ed05f0-e526-4ca7-88d2-c265ecb8ad01,BEV-005,9,106.0
8bd2c500-e216-4af4-a990-7ff3da936b6b,638d9043-fa96-4979-85ad-8b73b48bf5d5,BEV-001,4,90.22
979f8cf9-7b67-442f-88c7-182a71d39209,c193e877-eb62-4fd4-8cc5-e65bc7e3f49a,BEV-005,6,707.72
25ee0c16-3636-470e-addf-eaf5c1ec53c7,fc98bb3f-b642-4e87-a3c4-f181d5486223,BEV-005,2,928.52
4f313fe4-1b74-41bd-b439-6d5db728ec70,468c3405-178e-4cfc-8009-75e8ae4712d2,BEV-004,9,482.35
1aaed3c9-08b4-45bf-8f9a-ae6d5c4043bd,1bdd7074-bf64-4886-8ffd-9603aa2cf545,BEV-003,4,203.12
7e9b8a11-817b-478b-8744-b9f671093527,1bdd7074-bf64-4886-8ffd-9603aa2cf545,JAF-005,10,254.14
27170596-db96-4b2f-825b-6e09d14a3164,6459db58-28d4-4756-8e0d-1b039be4ed7f,BEV-003,7,860.22
987d2cd2-9851-4179-937e-528cf56e4e49,6459db58-28d4-4756-8e0d-1b039be4ed7f,JAF-004,6,760.62
95e4a94f-9381-4e1d-a36e-b8364e161db6,0f67a2c7-e008-4b54-afa1-4344a9e0ba56,BEV-001,7,230.78
90ec6237-d222-49c1-b256-bb338f4126f7,4916c8d7-8e44-45cb-8bf1-3f6ab7166234,BEV-002,4,442.75
f1a7dd12-eb8e-4b25-9525-abcbf68a3f1b,558a6a83-9d82-4af0-9c6e-221b2199e0c2,BEV-004,1,803.01
e39c7633-89db-4ec0-b360-62b36c0604d3,43699d03-3c48-43fe-aa41-3aafbf1e3d60,BEV-004,2,359.65
70fffea8-1d29-4ee0-bbff-3e71787eeb2e,d31dcaed-aa0e-4d65-85a8-da909d47ead4,BEV-004,7,919.65
1c31c8fa-2901-4d65-905c-42082262118f,c61709e4-b87d-477f-a0f4-a7ab656e4c10,BEV-003,4,995.77
b2455278-433c-487c-96c7-5e91c59655b3,eaeff7fc-68f4-43e2-a465-5f4032e3469b,BEV-001,8,305.59
129512e9-ae54-45bf-ace7-d36bf33f975c,a53ca01e-c528-4814-9b26-c3ada941c580,BEV-005,4,489.39
3a72951d-8fa9-4427-bf42-5f2bd91792dd,8304d87b-98af-435e-a514-3d8510415ad3,BEV-004,5,214.17
29e061ef-3c39-4e9e-a64b-6d6ae5855df8,d7c36680-df7c-4d5f-9157-db8e4abe2e98,BEV-001,5,568.95
ac9f7bf2-ec1f-4a91-b17d-890b5cce1b77,d7c36680-df7c-4d5f-9157-db8e4abe2e98,BEV-003,10,923.61
03e092de-ea56-406e-a27b-abfb2d3dbefb,d7c36680-df7c-4d5f-9157-db8e4abe2e98,JAF-004,4,643.19
3641e3de-45e9-4195-81d8-f0dd89b770cf,5f37510b-0a67-47a2-829f-eff96ed3c546,BEV-005,3,70.36
b3a0f759-7995-449b-80e2-7b342b5c4203,8cbb14af-40a3-4e6d-a693-ad231a5d04d3,BEV-002,9,404.74
44e69916-c532-4593-8b15-792ccc53a18f,be94caec-482b-4c0c-809f-7949c2c71008,BEV-002,7,875.8
f1efe89e-3ff5-4532-93bb-51f4d44153b7,e0cbdc9d-ecec-463d-86f8-dd6a0524cf22,BEV-003,2,296.41
b0bb966a-1027-4154-b9d2-345fa2ec5456,4f71c75d-9be8-4f4f-a0b1-fcd993c95647,BEV-001,4,655.73
ecf902c6-0538-4d85-8210-742e2cec103f,7ac81c1b-28b0-4972-b810-5faefb978efc,BEV-001,9,202.63
72fcb710-7326-43df-92fc-20a176e8a0ef,fe64fe65-dcc4-4fdd-b96b-a3f1ebf43540,BEV-003,5,168.02
250311ff-da3f-45f2-b15d-536a3e1046fa,5f084ae0-3eb3-4195-a5e5-3afc9011a14f,BEV-004,4,612.46
41dcf6aa-697e-42f9-9541-d758a7a92a73,5f084ae0-3eb3-4195-a5e5-3afc9011a14f,BEV-005,8,257.48
d684e11a-958a-4a60-9db4-115a5addb56d,5f084ae0-3eb3-4195-a5e5-3afc9011a14f,JAF-002,3,75.47
e0effefd-faac-42bd-8ce9-3cc062e7aa2e,324aad5d-de79-4c00-b38e-853b8c2453bf,BEV-005,10,926.19
fa107c19-f531-474c-af05-0c0eac81bc51,8421c11e-67a1-472f-96c5-60403bc643bf,BEV-001,1,423.43
5c1978e5-9900-4d43-b1f4-b24c9b4e33eb,8421c11e-67a1-472f-96c5-60403bc643bf,BEV-001,3,114.01
b6227c89-9790-4b8f-867d-7212826b510f,62538f3b-1851-49e7-9c2a-9c9a27f705cd,BEV-003,9,574.11
f3b2a701-aff3-4370-92df-f4966a0fa676,20edf82b-02ef-490f-bd51-477fe0ded845,BEV-003,9,590.48
9c0abc5a-c618-4c49-8359-fd537ec5713c,8e132f76-8b41-4477-b395-9cb84e3ef30c,BEV-004,10,507.59
857f1283-1481-403b-bfe5-7874d27bb6f7,4ebaa3a7-9df2-4823-b31e-fa59729ff14a,BEV-003,4,747.24
8de3c916-df19-4559-9c5e-83a83497c069,914c4ce7-5dd5-4cee-9224-9b7224480b16,BEV-004,6,448.11
3acce901-7869-4be0-afa9-f43a6c8c26ef,8273d2ce-80f0-4b1f-afc8-586d9164794d,BEV-001,10,477.01
81c1577e-9fef-4b5b-92b0-f44cacceedd1,761f2e02-4d0d-49cc-b8e3-ce9f84613fe9,BEV-002,2,84.52
e74f6ae0-ed6c-4d33-926c-81185c843f28,daff40a0-21ce-47cd-b4df-991d8288f1fe,BEV-003,5,399.45
252d80ff-00a2-4d61-a9a7-e31df51c39e2,9ecedafe-ddcf-4586-aef1-daf58e504efa,BEV-003,5,122.35
27454900-ad21-4f03-9e54-f7a74441e5e4,9ecedafe-ddcf-4586-aef1-daf58e504efa,JAF-003,10,744.39
0b85328c-e9eb-4594-b922-5003866ef8c6,13add393-98f4-47f4-89d9-37782db8e137,BEV-005,4,798.47
6007b825-ee91-4f9a-8002-82e85f840ad4,5a78ccd5-7e2e-46f9-9156-f08c0b7a8675,BEV-001,8,27.0
3a411c87-9f01-4a2f-b666-23f935abbf0d,7f89efcb-b38c-4a2d-ba71-4da13d754057,BEV-003,4,725.53
d7f8dc00-08b7-4699-9c5a-4378e5bd6735,fa11cf9a-cacc-4682-a52d-e786da970064,BEV-005,5,404.86
e087424b-b8d6-4cfd-94c0-0c06a302f875,fa11cf9a-cacc-4682-a52d-e786da970064,BEV-002,1,362.02
83dac3f3-4415-475e-8662-fe907af56013,c5a7a0bf-84c6-450c-9ac8-52a49afa020e,BEV-003,8,751.52
4dad36e1-0218-4638-b052-092ee2914adb,e2573400-b88a-4727-9995-f3182a7c6df5,BEV-003,9,53.4
f5cb2003-74f8-4444-8f68-1efee9268fd6,d981a0a4-61eb-4c84-ae81-065c7ce8db89,BEV-004,8,80.6
04ee64ff-5b1e-47cf-953e-412815bf9959,d981a0a4-61eb-4c84-ae81-065c7ce8db89,JAF-003,1,815.42
e56fa630-5ac3-430c-84b2-e9beca8f83f6,3b2c306d-c14a-4f8a-b95f-7698558dd5db,BEV-004,3,484.5
2496f268-4edc-4279-94ed-752743e15548,89401eb7-9522-4c73-a632-97bf54293b20,BEV-001,9,365.82
10500bc0-1ef3-43d9-929f-daff5361c01c,a85be509-ed0b-4288-9a0a-77bde98c1061,BEV-001,3,522.57
55f054b7-88df-43ec-ab90-e07bcba06790,912c8af5-43cb-4018-af0d-3090387db338,BEV-004,3,776.39
60a7ee47-4fe2-4743-80e9-7e32239280a9,fba0365a-d14e-40f1-8824-b2a004f749e8,JAF-001,9,758.01
49058ca3-e215-464a-bdd7-187605c54e5b,fba0365a-d14e-40f1-8824-b2a004f749e8,JAF-002,1,655.15
517c90b7-8b67-47f6-8f98-ed26262bf12f,242412d3-d3a6-43c6-8852-c6d53510123b,BEV-001,7,270.21
b3d645cd-0fdb-41de-8efc-cc06e653ece6,0f697b31-490b-4e23-802a-eeb48e174493,BEV-004,6,216.76
24ff9410-6f99-4506-8087-421ff347e959,0f697b31-490b-4e23-802a-eeb48e174493,BEV-001,6,280.94
9d3a5140-11cf-40c4-b828-b52aa7c2f85d,0f697b31-490b-4e23-802a-eeb48e174493,JAF-003,4,981.98
c287e5fe-18a4-4456-b391-d13f416282f2,8b878852-b7bf-41e6-b938-bf4ae519da12,BEV-002,2,63.63
36b9b5d9-d0a8-44f3-a5ba-59e2be46ede9,8b878852-b7bf-41e6-b938-bf4ae519da12,BEV-003,9,904.6
2361af4e-2c0d-43fb-bcc9-41edd20a55bb,9a6413e7-8e8e-4453-9ba9-e241b239fc7e,BEV-001,1,773.66
10233603-c027-4f6f-a3f9-cbb3ad4cb1c9,9a6413e7-8e8e-4453-9ba9-e241b239fc7e,BEV-005,4,11.87
2191d292-35f0-4406-9f91-2e28611d40a1,d908d7fa-88bc-4986-84b8-17eb04364d62,BEV-001,6,38.52
fa3071ba-07d6-4914-a1b6-5bcbc2c43e2c,d908d7fa-88bc-4986-84b8-17eb04364d62,JAF-004,3,79.75
fa817b74-dbf8-4b53-81e1-19a46602bf2b,bb001bd5-6169-419c-a1cd-6e709d349e69,BEV-002,10,416.19
7cffc6bf-657e-4557-b366-c3b148e7bf41,f01d2cbf-86bb-4847-82a0-9c701fa000c0,BEV-003,3,987.17
aaf64ac6-a0cc-416d-a15d-b7bcfb550d40,ad2f7855-259c-4b6a-86ee-70773d43df24,BEV-003,6,585.51
417868a0-85ae-4368-96b9-57c1026f85af,ad2f7855-259c-4b6a-86ee-70773d43df24,JAF-003,4,413.93
de75c896-9fa0-4570-84d1-fd84bae07deb,46d062d3-9853-474b-95c5-3c4697277407,BEV-002,10,897.94
85f96eda-dbe5-468a-94ec-6ee06cf2684c,1c584d8e-c026-4789-92d4-f2791e5ef1da,BEV-001,7,259.87
47828857-be72-4816-b1c2-573c19fab124,69e3d0e8-78a0-4fb4-bb04-5c448aade403,BEV-003,5,491.37
bd3d072f-2a29-45ba-a4bf-1b5137d92b27,fbe37d90-9066-400c-9030-b0776dff6215,BEV-002,8,571.04
25e15361-8f2a-4f23-a0f7-eec7ee5935c9,f9f711fa-4119-46f9-b715-ee51814ccb45,BEV-004,5,97.09
5948620a-a202-4cf0-915a-805c83636009,34673cc9-d2c1-4dec-94b6-f3d9e5f625b6,BEV-005,1,945.72
656be409-f879-4da0-a94a-ebfedc6a570e,6746a108-a067-4b21-ad78-1e611498a299,BEV-004,3,125.96
857e5d24-6965-436b-b791-72e47c97fd9f,6746a108-a067-4b21-ad78-1e611498a299,BEV-001,9,897.58
c8dc4383-9e9c-4978-96a4-671613dec03f,6746a108-a067-4b21-ad78-1e611498a299,JAF-001,9,82.7
1cd18d1d-ada5-4721-95fe-2f280c3d1421,6746a108-a067-4b21-ad78-1e611498a299,JAF-003,9,414.44
e40226f0-abcc-4ea6-af91-7ce77897b879,6b80fc22-62b2-48d4-a233-97b7f6574516,BEV-002,9,495.06
3253405d-440f-42ce-aefd-ea071f128714,4d2ba1e3-c0b8-495f-814c-83779a097093,BEV-005,2,105.81
e3c2136f-cc66-443c-800c-7ba1faf5c17b,4a3fb43f-b0af-4038-98c0-544cf0a59aa6,BEV-005,8,996.05
f4fda76e-1623-4a57-bbdb-edda1dc59b1d,81c7d8c1-1d33-4ea8-b528-15cd7f4aa8e6,BEV-002,6,142.59
1c8388d0-069e-4ea7-97f2-709073043f6a,81c7d8c1-1d33-4ea8-b528-15cd7f4aa8e6,JAF-005,4,458.58
f0c59abc-3bbd-4b2e-a826-4d2f8f16fe81,f5815ca0-0951-47ce-a087-af8a1260a9e1,BEV-003,5,599.26
62ab9bde-63b1-4a3e-84cd-16d332504ed7,1ccb4d2b-99da-4f1e-b88e-685f9e7ef4f4,BEV-001,3,452.76
b8d424e8-a78f-425f-a963-be9c2d0503cf,2b07191f-a756-4a27-8e40-ee5d4a508ad4,BEV-002,4,704.49
4564dd88-1df2-4648-8148-fffbd7d86d53,d924488d-e53d-4c58-8975-2a3f0c0311ae,BEV-002,1,15.89
5f344d5a-06c1-41a8-bbc0-80cac951dfd8,82c1d6fa-d1f4-4e97-8ee0-948ade0ccbe9,BEV-003,1,776.4
850a4791-8ca5-4b74-81b4-052ac4713be8,ef4c4843-65c8-48d3-985d-d20b22f36ac7,BEV-002,10,403.11
c2e137f4-06c4-4c2c-86d4-a87bed9caad4,11cab2f8-87be-44e7-a710-4bbc09491a1e,BEV-001,9,781.94
4f422e12-9d26-4774-b42d-72ec883e1207,4365ceed-ea39-492c-81aa-df28fa4d411c,BEV-004,8,429.99
9d875e9c-560a-486b-ac59-e19a547a643c,9655f442-ccbe-4512-9022-d92e441a8f5b,BEV-001,8,805.93
e1a02a71-d4a6-4174-b65a-b9a01641d3e2,9655f442-ccbe-4512-9022-d92e441a8f5b,BEV-001,3,328.63
1d39874a-e153-4cf1-8d6b-c4576dd48405,3075b7a7-b2a7-46d7-bb2b-91c42b90c689,BEV-004,5,298.43
77b756f9-5efd-450e-9e63-3e40422ef67f,f75b026a-202e-4866-be6a-0ce005d3e2f5,BEV-005,2,357.4
6a9f453a-5616-44ea-b6f4-bd13bc184618,9a739dab-de99-48b7-84de-97d2f714968d,BEV-003,4,391.39
c4882943-aa89-4054-9023-347937b756c2,167bd0c4-7a41-4e37-b349-84e0a7ad32a8,JAF-001,8,919.51
f6ddb677-ef5e-46eb-baa2-3f6f65124dd5,167bd0c4-7a41-4e37-b349-84e0a7ad32a8,JAF-003,10,448.84
d5ace62e-cd42-4fa6-bd38-bacb91909421,c9ecd957-7653-4736-acf7-7cc12c01df3b,BEV-004,8,176.16
dc7eb25d-0021-4d4e-87bf-451659f12df2,7613c578-ee94-40fb-82ed-e01981f1d95d,BEV-004,5,947.36
74ae1756-535f-4ad8-85c5-5e0695adaad7,7613c578-ee94-40fb-82ed-e01981f1d95d,BEV-005,7,274.6
f123a3bb-6f03-4f29-a5a3-8ddf4e238c19,a159430d-bb4f-461f-b97b-92f15ecda589,BEV-005,7,451.52
2fff78f9-8516-4db9-9793-9ba2e3563e94,a159430d-bb4f-461f-b97b-92f15ecda589,BEV-004,10,346.3
805c5f26-cc89-473b-bfd7-1cb9e68bb390,460c99d7-9eb5-4c4a-99a4-98050c74b4ab,BEV-001,6,768.14
0a8e1f92-79dd-42bd-a305-2f1fb4ba262b,460c99d7-9eb5-4c4a-99a4-98050c74b4ab,JAF-003,9,83.9
d47e00ab-2b42-4b3a-bf60-7725647a7ca5,44bac91f-867a-4e97-9e59-32e69de63fab,BEV-004,8,857.54
63ad3193-7458-428b-96c2-649e7f8b1c8c,8d37a54a-6fe8-458b-a297-3b7874e4a561,BEV-005,8,267.26
90746ff7-4a73-4b73-97b0-cdec6983a4a9,78c998e7-55c7-4a99-b7ea-531d20a8d314,BEV-001,7,104.5
3ffc1eba-7634-471b-b717-ae33162e3dc3,c3e30332-5deb-471a-b938-d4a75a5968a9,BEV-003,10,990.56
27c2ce67-6e0d-4f88-9ca7-499563d07aca,aef92a9f-3597-4b87-956e-00725c5da690,BEV-004,6,391.83
5ae68a15-7065-49e5-9ded-7653707a8200,1958083a-b856-4235-9b0c-e75d077759af,BEV-002,1,732.79
10a830bb-8151-482f-9b3e-1775fc83eba2,833d07d7-7422-4d81-96f4-1fbdb7abc34b,BEV-002,6,897.73
8c288f59-80cb-49db-973d-7ded4926f960,abc98cc4-374a-4331-835f-7b516ba038de,BEV-002,5,401.26
f4f9b26c-e9a9-40ca-9a2d-ee8194f4bc1f,ff98ef0f-f3ca-4a3f-891a-4488b99ccebc,BEV-005,8,576.5
2d632858-f618-4975-9d16-a33b40ca6ef7,dabbae66-5b04-4a29-bedb-c96b97e58c3b,BEV-002,5,206.18
35692b4b-ff6e-46ed-9504-401903dc7403,d55ad6d4-61eb-4809-bfc9-77eabd2573f2,BEV-004,6,316.06
0cdda953-04dd-442c-a560-431c603576e5,41f3c7e0-a472-41c5-a15c-c8d2ffcf8c24,BEV-002,9,580.5
9d3a7db9-d81c-48e2-a997-8316426ff6a3,be03922d-9bd5-4b36-b096-660855215450,BEV-003,6,437.83
e8107d54-3962-4744-a47c-b23d0a79084f,8104496d-78f2-4666-bfcb-6b3b523029c0,BEV-003,2,215.1
6f7b4153-05e4-43b8-82a3-e373f8042296,8104496d-78f2-4666-bfcb-6b3b523029c0,JAF-001,5,451.31
7c60c1eb-93da-4a4c-b715-09f7cd4f3b15,d75997a3-a57f-4a32-aa28-32e359c3f637,BEV-003,6,50.41
e5fd9962-bffd-4bb0-81f1-d91c23ad0d5c,e7b310bf-34da-446d-849b-e2736c4d405e,BEV-001,1,530.46
67502397-a962-46fb-9c25-c4cfa4d03a10,43bd04a4-91e5-4e94-a025-cd347687a866,BEV-002,10,547.46
02175e81-ac8a-4314-98dc-6bd99d7bd136,ea3284ef-c391-4606-9348-bbb767e86909,BEV-004,9,654.11
81de2a76-30ec-4097-8bc3-2db0ec843bc5,9c4acd1e-95a5-411a-91b1-cf8e7f8118f5,BEV-005,4,35.94
be47a97e-1f3e-4ffd-8b8b-71ddb44569e7,633ba04a-ca56-4be3-9194-c4716bfd0177,BEV-002,9,377.39
91750dcf-6364-453b-98fb-6ddcf502d25b,f38d51b4-a789-466c-bbd3-0128a2d6dff4,JAF-002,1,38.29
03042424-e218-4865-9609-3f5e3195cb12,f38d51b4-a789-466c-bbd3-0128a2d6dff4,JAF-001,9,646.31
711ab3f8-9cce-420f-9048-395d63cfcc6b,02bd940b-c489-459e-a987-3916e999659e,BEV-002,9,154.87
287cece9-9b32-4ce6-a6c8-833fcd97e457,5551bf82-30ad-4912-b5bb-b142c3f15b88,BEV-005,8,735.85
578c5135-6973-441f-8b3b-34a5d72e7625,8ecc4fcf-d70d-453c-8147-5d9cbb6b24cd,BEV-001,4,484.23
76237f4f-cb78-487f-993a-84a5c877db03,db11785f-1748-4db2-93a3-61c771ee1080,BEV-004,5,392.3
81401f87-4b50-49ec-858e-e9a4fc347923,43705b78-861f-4003-aa39-317eae721c34,BEV-005,3,443.67
7004543c-048c-4081-8436-924faac00a0c,43705b78-861f-4003-aa39-317eae721c34,BEV-001,2,867.52
d41702c2-61ef-4170-b555-c872d461d9a4,43705b78-861f-4003-aa39-317eae721c34,JAF-005,2,508.2
dfad1ac0-81ba-4be6-84e1-87efdd48cab0,ba6a8d61-da7c-416a-af0b-22ca43310ad8,BEV-001,8,725.93
6a9d122c-50aa-43a3-8478-6c32b9e259c0,4b5b58fc-4dff-4cb9-afc4-56020566f1c4,JAF-003,8,615.28
ee4965c9-5812-4192-ae91-d62f49d070eb,0b91fce3-3cfe-4732-a179-d252dd5f969b,BEV-004,5,39.35
3ad0791e-bb9d-4253-bc9f-a5392b329a73,42fb33d2-f50d-4434-bbf1-70e8c3cc812b,BEV-004,2,212.94
30808751-05ca-44a0-8000-6615c6d32524,7cd08b67-57e6-4ea8-964d-ddc6042aaf14,BEV-004,5,546.82
973c9f17-6c60-49ca-bbf6-4f914802147c,7cd08b67-57e6-4ea8-964d-ddc6042aaf14,BEV-005,9,922.87
807e9e7d-8474-4b00-929a-623249c1fdec,5f4c8d9c-573e-4fd1-af0f-e5dbbece37e9,BEV-001,8,19.39
0905fa78-1234-4ff7-b0bf-dcdefcb6201a,5f5a90ec-e2be-49f6-93c6-cf66d89f9f80,BEV-002,10,267.38
932a9d34-6987-45f3-a915-89ed56835d79,5f5a90ec-e2be-49f6-93c6-cf66d89f9f80,BEV-001,6,226.77
2675a972-6a33-463f-848e-0d623c3fc8de,5f5a90ec-e2be-49f6-93c6-cf66d89f9f80,JAF-002,8,397.36
3e645db4-458e-4f79-b8ee-e15bc6da604c,83525d7e-8ed0-4cb9-8099-bf66f0383815,BEV-005,1,436.99
3101ed80-a536-4531-93b3-b2aeb17a47ca,b0dbe996-3860-42e8-b359-bbdb948daa71,BEV-002,5,557.76
5667084d-58c2-400e-91e6-75f699486472,a70cd002-0d51-41ef-92cd-fc677bfd91f8,BEV-001,9,643.52
c5946a6b-7c9f-42a0-9a15-c739d3c5a651,a70cd002-0d51-41ef-92cd-fc677bfd91f8,BEV-004,4,747.35
61e40d78-5969-404e-9a8c-2a4f7b3850bf,7d2341f3-c610-4bae-9e3f-1fc2e9a2423c,BEV-003,7,132.14
c331df36-7ae7-41ed-9ba6-b4b6b26c477b,e851205c-824b-489f-9007-f471553b5818,BEV-002,2,375.46
d29a8fad-bca4-4e76-8201-069db0d9458a,1b74800d-b075-4ca2-ace5-f6656101bff4,BEV-004,10,884.97
897315c4-c3b7-4315-af9d-a4592bf29e10,7a91b7d6-d4b1-4d93-9259-434a6ed165e4,BEV-003,7,456.23
f4d24c6b-e9ba-43ec-8309-9e73b666268b,43b7f7ab-16e7-439f-9a6e-ed94debeb5ab,BEV-001,6,450.07
b4c141f6-ef88-44c7-95e4-0aecb88daecb,900a59c5-4221-4b4f-819e-cbf7bd73d8b9,BEV-003,1,39.05
c9e33e68-3f64-4db4-a75b-4db43f3cedb5,b2f588df-167c-4787-8654-0a0d23743fe3,BEV-003,7,362.24
4e39012c-8982-4538-9398-a3d15d073681,ba5839a1-c6d0-4e70-a059-24bee89a1468,BEV-005,2,370.46
18032fbd-55fb-43ae-84ab-6096115aeb24,afe673ed-11a7-4a30-8e12-af619b02b4bc,BEV-005,3,60.18
a6fde42c-3c26-4d34-933a-d11004a83f32,9be167ad-aee6-45d8-9ff2-95680926193c,BEV-003,2,325.53
901d9acb-6515-4713-8690-c4582bb57d10,9be167ad-aee6-45d8-9ff2-95680926193c,JAF-002,5,629.2
3e21761d-d7ae-4b87-918e-40b3df856f14,01bccd7d-eda3-4888-97d6-1784a6348a29,BEV-002,4,54.74
b38090d0-2e25-4f65-921d-c1a47687e334,01bccd7d-eda3-4888-97d6-1784a6348a29,JAF-005,2,332.16
08e8cf2a-b74b-4477-acbc-2fce5033ed42,e0f7159c-3437-4e5e-ba24-be8a63d97fc8,BEV-005,9,970.18
beec6805-e208-477a-88fb-c20fd3040b6b,64ac3bb3-184a-4409-844d-a5f377da72a0,BEV-005,4,695.11
75dc5d96-f4ca-4528-9d3f-a3dc04cb52a5,64ac3bb3-184a-4409-844d-a5f377da72a0,BEV-004,3,670.58
afa00b58-b83a-4c2d-85c4-e94c8023dce5,754bc682-0b89-48a6-9a83-530930611c6e,BEV-002,2,236.14
d7b0ac10-fc7a-4dff-9d2e-ef159e92995b,9e9e5f99-8c23-4c00-8ae6-aba389e76977,BEV-002,8,488.05
0212d029-d3ff-42a5-b56c-40eaece1377e,74d5cda2-c296-464b-b7ad-c2075c37bd15,BEV-004,1,420.69
7bf1e6b6-e282-46a1-81fb-0e0fc8102538,044b3aec-f378-46d9-96ed-d7408c3f3cd8,BEV-005,8,285.72
5df22d26-787e-42da-bdf3-6369b844594d,44268125-c867-41f4-a49e-f920b00945cd,BEV-001,7,624.28
bf219057-8e1e-4cae-b347-f4d1c83ba063,114b606a-c8f2-4722-bd69-8ee9ba145151,BEV-005,5,573.09
b3fc4b9c-cb65-42a7-9cc1-221798c3ec24,114b606a-c8f2-4722-bd69-8ee9ba145151,BEV-001,8,762.18
0699a40d-0dcf-4387-9003-a6fcc2d0f92b,114b606a-c8f2-4722-bd69-8ee9ba145151,JAF-004,8,248.31
48393181-575e-4b97-8c59-0842270d5f8b,60f666d8-b696-4568-b355-944fc899c1b4,BEV-003,6,312.58
4d1fb329-f55d-4a80-9b2e-2a112ecf95f5,87ad8d0d-0cd0-4d13-9a07-878ebbf3a5a3,BEV-004,4,33.93
77376eb3-140c-435b-9c68-42c3b014cf8f,538af292-242f-4c77-8050-b033129ac94e,BEV-005,10,599.47
8e21079e-aa5f-4d41-8b9a-64cf5e923dcf,139f1b31-ac10-403b-b9b7-a1230a3c53b8,BEV-004,7,689.46
5176da87-0322-4c19-9201-d560fe6812c1,aedf276b-36d1-43aa-af1d-ff979fff9075,BEV-004,3,263.88
60ab25dc-40f2-425f-a031-84f2e0e9114e,ac21dee1-2a2e-4ce2-9fc2-4a6b153a9ff1,BEV-005,2,848.49
118cf54f-2e3a-40f4-8bce-767f720aa5b5,16e561e3-f4a0-4290-b69e-e99e48715878,BEV-002,2,349.6
cf891fad-7d46-4050-83a9-7952c9cf1618,1711ed58-38c6-4293-b242-c1505ea61802,BEV-003,5,987.91
f5bbbbae-ef66-4005-a19f-82f9afd6bf41,6754105c-0fd3-489e-93e3-2ff4c0c789f1,BEV-005,2,77.87
be134552-1a77-4af8-8761-66adbd9066af,6754105c-0fd3-489e-93e3-2ff4c0c789f1,JAF-001,7,532.22
2f04db9a-8657-4f0a-ae31-c055627a416f,5f3842a9-4327-43d2-942f-0018b27a61d1,BEV-005,2,975.67
5bd85aac-488f-4e09-918f-08ec172e30dc,74475a06-ad82-4d44-bbf9-997e4b4e1cb0,BEV-002,10,639.67
ee27a622-1977-42ad-8f70-57cfc63f5d7f,2267a080-7aec-416e-9285-a9d83359d04a,BEV-001,6,948.25
ad025c66-0334-43c7-bfe1-674f520b7690,2c21b136-0a21-4100-b117-c30d4b80ed16,BEV-001,3,616.2
b728a2b2-d84f-4cf9-a69e-2c9a7ff18b2d,c6a1052c-0904-43dc-a8bf-b2d816efc80f,BEV-003,7,536.56
9e35f5b2-3bf7-45ae-a371-80706eb9aaf7,7deb5922-df1f-4cdc-9977-bea4856065bf,JAF-004,1,747.03
648f6f94-93ee-4d18-b90a-535acbdf3a62,7deb5922-df1f-4cdc-9977-bea4856065bf,JAF-004,6,398.85
c3409b3b-dd18-44db-a05f-c4ec20f8c6e1,c58c55c1-5b13-4288-9ba7-bad500bba0c5,BEV-003,1,168.63
c588b421-cf1d-411f-826a-4050010636ba,2ad32a66-c805-47f9-bf85-0bf31021e7d0,BEV-005,8,198.26
d62da50a-949a-4abc-8c74-4b02abfd486b,2ad32a66-c805-47f9-bf85-0bf31021e7d0,BEV-001,3,553.3
f23ab6dc-0ec5-4f75-8f75-6824dfda0b78,2ad32a66-c805-47f9-bf85-0bf31021e7d0,JAF-002,3,65.84
14ff2e60-d212-4289-95ad-d098871dc58a,2ad32a66-c805-47f9-bf85-0bf31021e7d0,JAF-004,8,27.2
e98e005b-e455-48a0-b91e-4b23e76dc8e5,94abb37c-105d-4821-b078-11674a2d62c7,BEV-005,10,427.0
216cbef8-cc69-4a72-830c-8b93e988b457,a9f67748-146e-4032-a5da-7a1a1689f2fd,BEV-004,8,318.52
fef92605-f942-4cce-9e27-0b6da64ae82f,0165bb09-2310-4f77-b66a-89e0f63a4e4d,BEV-002,4,54.54
afb1d712-23b8-4bbb-91ea-4890437f4045,c379ed28-8f98-4565-af1f-e952b8432e97,BEV-003,3,314.02
d043b9f0-4973-4fc6-bf7d-6eed81998d4a,444f564d-7217-4953-bf06-a52abdb1c4a1,BEV-003,4,999.4
a6999d45-6388-4a52-979f-036a5991a95c,444f564d-7217-4953-bf06-a52abdb1c4a1,BEV-003,7,911.76
42423258-a015-470d-a265-44aeedc36082,bf2a0389-40e4-4698-a35b-5143421d209a,BEV-004,8,507.34
bb8db24c-928d-4d35-9046-0b2f37bff6ab,1da9eda3-207a-4c4b-b11f-b5b6a92b64fb,BEV-004,10,190.16
e47f12bf-0cae-4c70-9291-77b290b78d34,ac6303f8-0284-4a1f-92ec-e8c18f8610fb,BEV-004,9,38.46
5d660b02-2f15-4c7a-b5ac-c7967a7e4a3b,ac6303f8-0284-4a1f-92ec-e8c18f8610fb,BEV-005,9,909.41
a2005676-3092-42b7-87e7-e4f7fa1fdca4,5a53fd01-ae71-4bd6-b82f-ba381ba2be7e,BEV-001,2,666.01
37b3e3c9-16e2-4ecf-80f1-1f509b99cf10,592313d2-ccc6-4f16-b1c6-1a65e6c1fc4b,BEV-004,5,918.23
0e728a25-16f2-4775-8db0-eba8b7fe80cb,7c53d804-cb60-4d07-849f-38b1e3701722,BEV-005,7,229.3
c6a838ca-c59a-4628-b9fd-441a58d2f784,358efcf7-775f-4144-a8df-dd35f037ded6,BEV-005,1,39.0
889434d5-170e-4e4c-a43e-fd5f2cd353cc,5a253f33-dbeb-4490-b2db-4941edf4338f,BEV-005,9,701.2
7af3189a-a508-4e39-b6ef-9a781e617489,5a253f33-dbeb-4490-b2db-4941edf4338f,JAF-004,5,119.35
7fb21b06-be14-4798-bd30-ac6d9b88e34c,d975d5da-8f19-4ad7-a9b4-48aac7248a5a,BEV-005,2,490.23
f7e1b0c1-9c93-4842-9d46-b6087a30c35b,1829e354-cf76-45c0-96de-7195f8b7fb7f,BEV-005,7,550.1
fc009528-e7c1-4c94-ae6f-19f26272166f,baba6eb5-9571-4fcb-98d4-99d157c35afb,BEV-002,8,121.79
54695da3-8528-4cbe-a623-39dbedb713cc,baba6eb5-9571-4fcb-98d4-99d157c35afb,BEV-004,3,236.56
21d6f6ab-8c2e-4654-b6bb-b5b3ee9f79a9,baba6eb5-9571-4fcb-98d4-99d157c35afb,JAF-001,3,268.96
03774768-da5e-4300-b0ea-ee29f9ded456,de60fb26-c9d0-4990-a1a3-e1377c99541d,BEV-001,6,78.26
64b51e91-c367-4d0f-9126-43f86797b682,de60fb26-c9d0-4990-a1a3-e1377c99541d,BEV-001,8,332.07
97d303a7-1475-4034-8c77-8a138c16d013,b2caf524-258e-4a58-94e7-135da7e930cb,BEV-004,7,87.59
e06f8156-4db2-4f94-ae84-d705184bfebd,c83ceb52-bfb3-424a-86fb-a7c3b6039358,BEV-003,8,652.71
fed5a7a8-251b-47dd-804b-215a0f6ace18,521108e9-1122-4d24-a023-e6908158591d,BEV-002,2,886.77
e7962e5f-bd03-4aa7-99e8-00b22e0e4e63,5605312e-0ea3-46bb-b053-93f72fdafd55,BEV-004,3,341.54
47aa3996-200f-4e1c-b132-64c23ae48410,f4cbcbc9-2ae4-418f-8a33-027c7dfdc723,BEV-002,7,355.5
f21bb15e-ef1e-4565-8f10-5333f9a2e3e6,f4cbcbc9-2ae4-418f-8a33-027c7dfdc723,JAF-002,2,822.36
459a787e-c1c9-44eb-a68b-2cdfb7089182,ca9ef160-cc88-4f79-bc7c-71a940cb1d9d,BEV-002,6,323.92
e45036b8-2424-4d6c-9336-58d6f2a5ca0c,da32e5d9-c900-40bc-badd-399f61302909,BEV-004,9,955.79
cc4fcbb0-62fc-42af-93ee-87ef62ed8a81,6379949c-1526-420c-90f2-2655706884f4,BEV-002,3,454.0
dcffb848-32b2-45bb-b0dd-968e6ba25d75,0c983971-76e2-4236-bd75-7808f7aa4ef9,BEV-001,6,558.15
e2fca5f5-b684-4659-8649-ba7c5b0d7961,c97b5c24-aaea-4467-b742-b028da1a86bb,BEV-005,8,348.54
ca266226-bbf8-4b99-b2ef-5e15524a2eb5,3eacd0b5-bca5-4677-be40-fd7c7f0b7478,BEV-005,2,44.0
d5956f1a-94db-4d4d-b71b-214f6395ad7d,fa12ca2c-4196-46ba-bda0-c51a4928cc6e,BEV-001,7,576.82
6196ea54-6e93-4860-a47d-bfe42068ddde,29b8eb88-5e07-4fc1-98af-5b8df4728e73,BEV-005,6,636.36
2d9a8ece-4c17-4335-a63b-d651e33d985e,ce523f71-1dbc-40f5-a656-62ec419037c4,JAF-003,3,743.73
fd0391ad-a874-4450-a877-247ae75dbeb1,ce523f71-1dbc-40f5-a656-62ec419037c4,JAF-001,2,750.63
f3dcca8a-076c-4c50-93a1-f90048d0e508,3654c074-1972-41cb-a536-d5beb16d2231,BEV-004,9,967.66
23150d99-35ba-4a57-905b-81137f8d1ca1,766c4f6d-2da3-4ba3-81a6-79295a6a929f,BEV-005,2,588.76
28186e71-cefa-4a01-a456-95d8f8f198d4,1feac3e8-4c66-417f-9776-e3f6ae6ed12a,BEV-001,1,985.67
76989a85-532e-43fb-9200-08d34a34f862,0e6cdd3d-985c-4699-babf-e89cda77a667,JAF-001,5,258.5
0a303c4b-3da7-472a-9b3b-4a7a1e574ff1,0e6cdd3d-985c-4699-babf-e89cda77a667,JAF-003,9,71.5
648a6c87-b92e-40f1-b925-6b23fbfc499a,da1ff47f-f9f4-4d37-8c5f-f946cdde4c5a,BEV-004,3,679.27
1725dc5a-4c7a-40e7-8a19-f6d72cc22bf8,4d584cf3-4f24-495c-b60b-31d7db125d14,BEV-005,2,56.24
07d97c31-c223-46cf-b609-34cfe85e56cb,7497b26e-3e2c-4e7a-84b4-fb66cf8d8389,BEV-001,4,120.89
a600c429-d134-4c95-b1eb-5defdeaf8ad0,3c4c8027-89e6-401d-bd66-a8b5c2dfb748,BEV-002,8,949.32
70960a38-454e-492c-a94d-7773253e48dd,e5443809-458b-4717-b950-d2f2986ff6ee,BEV-004,3,96.49
d35a5b04-5a30-4144-8233-69910b898e7e,58d1c8a9-a7ec-4024-9d83-401441910e29,BEV-002,9,394.49
9ef0898e-6395-4388-8c23-6b676d1b4db9,9d6dcc8a-2507-45d1-808a-8a21207cfd6b,JAF-003,7,442.48
f3952d77-a80d-4cd1-9f7b-d83a2b979ec0,9d6dcc8a-2507-45d1-808a-8a21207cfd6b,JAF-004,7,821.61
9584defb-80d6-4c7f-b541-0cbd92c65360,9d6dcc8a-2507-45d1-808a-8a21207cfd6b,JAF-004,4,344.74
32905d5b-28fe-474c-8d44-6879e8252d72,1f805a93-9b0a-4d23-b746-669107c52e09,BEV-001,1,146.06
99b79d95-a8be-4d30-a818-31e4dbcc6d2a,2a9d61e5-c4ae-4200-9b86-ba0662bf154a,BEV-004,2,993.26
3676d34b-1840-4eca-90d6-41e496a0df22,2a9d61e5-c4ae-4200-9b86-ba0662bf154a,JAF-005,6,97.06
ea4967cf-28e9-408f-b9c6-94776321cade,247dbcb1-e639-4561-b583-30090a4b9888,BEV-001,5,624.45
50e84b22-6f3c-48e9-ada8-632cb71e4d15,66965cf0-9743-41ed-98ce-195b3b8a5dc4,BEV-005,8,175.89
243e334f-43d0-4779-8b1a-936c9536d3f8,1fbd96e1-c48d-4513-98ab-7fb4345fa179,BEV-005,9,896.81
9b5da0f1-2752-453d-a5a5-34d7efaaa8df,c1a55cfe-4942-48d8-a984-f5b354a662fe,BEV-002,6,781.84
6870e7a2-f838-433a-a91d-5d13753f5307,58c9db28-b9be-4300-bb7f-5aaa77ec0c69,BEV-001,1,442.86
22dcfbf4-ac66-4ba1-84b6-21547439f786,58c9db28-b9be-4300-bb7f-5aaa77ec0c69,BEV-003,7,775.7
8d789e23-9c1b-41d7-961f-b5f08da7b6b4,78d05ed8-1495-4ed3-8569-4ca536a2c6f0,BEV-001,5,549.68
22ec7191-e1ea-4626-833e-585dc8f3ed8c,72d0c0f0-54fc-4423-bef0-85e907d958d5,BEV-001,7,110.27
557b0e1c-361c-4589-b2c2-3fd5f144b93d,90abbdaf-9ad7-449f-b939-f5942874cedb,BEV-003,3,535.68
936dc9fd-8e87-4b2e-80ce-dcc55bb60fac,73176aa2-66c5-47e8-b361-229381449504,BEV-001,4,412.19
06aad8bf-a1ca-48ac-a6cc-837d79cd82e9,520ba995-3de4-433f-a9a4-4f9ab2c1b59e,BEV-003,10,497.46
eaf9797f-c903-4232-be3c-384e85c9ade7,b547a238-7a5b-44e2-bfe3-49801f893a14,BEV-002,4,490.71
a97d5f85-0456-4e50-ab6b-189cc8cb33a9,25d459a6-2a49-4737-b118-ad2b2bb8c195,BEV-002,9,870.97
55a662d3-e6d9-4675-be9c-87a2e44e3026,25d459a6-2a49-4737-b118-ad2b2bb8c195,JAF-004,4,225.58
f82699b2-7925-459d-9c13-a929323ed598,e457dac4-ded2-4f98-a6dd-48e38f66b6e0,BEV-001,10,129.41
8129a30e-cb90-4ac3-811d-e0993ea609d1,e457dac4-ded2-4f98-a6dd-48e38f66b6e0,JAF-004,1,876.8
24daa39c-24c9-4183-bffc-f4b88474b3ba,d214851c-636d-41fb-a2a2-50ac6fa4c9f3,BEV-005,10,269.69
9df2c1d5-43a2-4090-86b3-4fd97b0369ee,d214851c-636d-41fb-a2a2-50ac6fa4c9f3,BEV-004,3,917.62
5c9e3a1e-f25c-4fdd-8554-7207d94f622d,04c8f562-1bdd-490f-b8b2-50dbc7941aa2,BEV-001,9,82.24
6c2776d5-7314-432c-9fcd-f596faf994f8,77a7b1c5-6c36-4250-9eb3-616202741aa4,BEV-004,4,679.92
321e5af2-58b5-42af-98a6-8dfc9fd2c97b,3b2d27b2-e2de-447f-b655-c4b26a1ef082,BEV-001,1,965.83
02ae6dc1-afd6-4d04-ba46-6fb0f5259e6f,3b2d27b2-e2de-447f-b655-c4b26a1ef082,JAF-001,4,616.33
96326550-f6a0-4a70-a542-9278a3d0ff5d,11f4f0e7-9738-4f1c-9b5d-94b1da651d03,BEV-004,6,221.85
a14b9180-abb2-460e-a864-4c9fc7100a43,97ea01a6-91d4-4bf2-be5f-dfa49d5f7283,BEV-002,7,446.74
65cbb558-f32c-4a4a-9d5d-d6ad4fa0f266,ee45581d-8be2-4c1d-9398-316bdfc0b1b5,BEV-004,5,379.57
00bed805-c9ab-4375-a381-d98f4358778e,45101e75-6df4-4a45-9696-52a7d5fa5d95,BEV-002,8,447.85
2203c2b4-0a0d-4c05-8e9d-7d69216b0a84,213b8361-f1e8-42ca-8f76-a93ebe85dba2,BEV-005,10,997.43
abd4cfa7-5570-4507-a376-76e137d40ff3,11418521-6b33-4b7f-bd4e-99a218c437e8,BEV-004,8,566.04
faa406d1-618b-4b5f-bfa9-19a250a4995d,354e96fa-1e92-4ef5-856c-180ca84517a6,BEV-003,8,159.91
465df4aa-2c06-42ac-ad28-09ffc599842b,622cc456-ce1e-4617-9bdb-cb367e00b010,BEV-004,4,887.39
b4971cdb-3de2-474d-988e-041e41906a20,00ec247c-b02e-4bf1-8ffc-7c7dd92a7d55,BEV-004,1,937.28
05ef0ee8-1552-4511-bf32-d9f0b944da21,dd4211cf-5ac9-481a-9009-a229b8b95447,BEV-002,5,996.57
2d6bdf44-5207-4861-ad34-b788f32c98e4,6883b040-cb7a-4a4b-b080-f9e5b435f20f,BEV-004,5,363.14
f5eac382-8e04-4c69-a727-ba6e1c8adf5a,48732c96-e05e-4ee3-a7b8-50440041247f,BEV-005,3,63.2
f562a038-cbe0-4486-b5d7-21f2b0364f52,48732c96-e05e-4ee3-a7b8-50440041247f,JAF-005,2,664.47
0114df16-10f8-4b78-a57f-4a1a7faff8aa,6ed1d28f-d371-472a-9ac6-5c16acc11214,BEV-003,1,605.93
ce59b554-22b2-4a04-af14-c6500fe340bd,6ed1d28f-d371-472a-9ac6-5c16acc11214,JAF-002,9,253.52
9c305f2c-9dd7-4288-8525-38fa09ffc4ce,6ed1d28f-d371-472a-9ac6-5c16acc11214,JAF-003,4,234.13
4c72e916-ac84-494a-83b1-521b1f8ec0ed,7d096392-d544-4732-b9df-d78b9542fb1d,BEV-004,7,905.32
e7869c02-6b4e-490f-8ea8-2f26933b4a45,718cb76a-95dc-4e4b-bbd8-c5ef46be203d,BEV-003,8,251.79
36ad9065-e3a9-479b-8164-bfe9736ccd92,226a4e25-d178-45f4-b4fb-2404a85d6181,BEV-005,9,791.32
dae2958f-4b8c-4c3f-802c-78f9bc4bdba7,96ed5e2f-3c32-47c0-b355-217333cc61ec,BEV-001,7,358.21
76c716af-5d21-4b77-a945-8c837a348767,96ed5e2f-3c32-47c0-b355-217333cc61ec,BEV-002,5,721.03
4082b0ba-90e4-4e9c-8872-ae0822e9c21d,96ed5e2f-3c32-47c0-b355-217333cc61ec,JAF-004,8,860.35
2531e43e-a71c-4fc1-959d-d2357c1caa70,b0c733da-536e-489f-890b-f0fe51fa401f,BEV-005,4,517.19
c05f1043-cdad-43ab-a40c-06386a01b01c,b0c733da-536e-489f-890b-f0fe51fa401f,BEV-003,3,77.61
684d22d7-4a56-461b-9d01-901742a61d32,db43a2a4-a2af-44fa-8d2a-75956a994856,BEV-005,3,991.31
be0ecbde-2214-40f2-a5b6-30a9eac9e848,56a5353c-6905-4800-b416-4be830d5a1d6,BEV-003,2,252.48
1b837533-4eb9-4cc1-a02e-69383ab829a3,bfa33ab5-43cd-4be5-a06f-3f42f272f8e1,BEV-002,5,968.31
b5c90cb7-8da7-4375-ba67-c7787149c6ca,e776e467-b11e-4908-9548-c1f4252f1466,JAF-001,10,836.89
7c513ca0-552f-495c-a86a-586d6061520a,e776e467-b11e-4908-9548-c1f4252f1466,JAF-001,3,442.0
44042dc2-21c5-4cfe-962b-45fd5a9db3f3,e776e467-b11e-4908-9548-c1f4252f1466,JAF-002,5,494.33
2e47db4e-01ef-42d8-a0da-f3ddbfe91aee,e58f5e1b-7a4d-4d04-b708-2570a286d6f8,BEV-004,10,691.85
3b5363b8-28c9-4dd6-ae87-1274542e2e28,03cba30b-f5bb-4109-bb82-3153fdd07866,BEV-003,2,546.52
e7535e73-59bb-45cf-a8a5-0409ce1b598a,03cba30b-f5bb-4109-bb82-3153fdd07866,BEV-003,2,932.99
0972a7ce-0ae2-47e2-8fe3-ebfdf569897c,03cba30b-f5bb-4109-bb82-3153fdd07866,JAF-001,5,828.3
68496a1c-b5ab-46e3-a787-1cb51cbea87f,70c99cee-ae2f-43d9-a30f-0b199665f3df,BEV-005,3,659.17
8319c8c0-b292-4e37-a6a7-9a683d2814ad,70c99cee-ae2f-43d9-a30f-0b199665f3df,BEV-004,5,430.16
86b4dac9-c684-44b8-b5dc-d7b34338b1f3,52109384-aa3c-4e02-8f83-d7d1772b714c,BEV-002,1,63.98
b896e1e4-4429-4dcc-afe8-40ef49fafc8c,fa191342-85d1-451b-ab44-890d6ae02d7d,BEV-005,4,266.0
bbef33f0-28c6-4445-aa9e-7216a3df7408,5c23ab6e-b1f8-49a5-9a0a-577bcdb63601,BEV-004,10,872.0
5ea84d59-858f-42e0-9199-517adea885f2,349bf78e-9103-4a2d-93dc-eaea2097d11f,BEV-003,10,904.75
85a7c272-c5ce-417d-ad54-c4b5a2319026,464a0784-3105-44c5-8549-7b62a3232233,BEV-001,1,399.4
11f2e77c-0871-43c1-9753-23484207ad52,84da60f9-4564-481e-8b4c-65841b7b7061,BEV-001,9,915.19
024e709f-e9bd-4642-9373-8d402bb8aad3,ce5714c2-1fa4-4c22-9c28-00cfece65e12,BEV-001,2,991.2
a8c8538a-5462-4387-9195-51dec29cfffd,ce5714c2-1fa4-4c22-9c28-00cfece65e12,BEV-001,10,669.18
f571cfec-1c37-447d-ab88-d5fbd152fcdb,ce5714c2-1fa4-4c22-9c28-00cfece65e12,JAF-005,5,111.05
f9bf3e7e-757c-4cca-8263-62d2f7485c26,ce5714c2-1fa4-4c22-9c28-00cfece65e12,JAF-005,10,30.78
dd5d17dc-bd7b-4931-88f7-4a83b12268ae,ce5714c2-1fa4-4c22-9c28-00cfece65e12,JAF-002,1,321.93
ad448981-3f57-447a-a93a-ed7e6483589b,d77e7c2f-bdce-4960-a967-a18ed81d7162,BEV-003,5,613.2
2dd931f1-2f56-4426-975d-794cfc1a835a,d77e7c2f-bdce-4960-a967-a18ed81d7162,BEV-005,6,451.54
8a3300f6-d868-42a8-9d99-26047b32982a,861d32be-33d1-47d5-8a54-977f7148683f,BEV-001,6,146.14
fa8971b9-1bbe-4676-a460-02a311a090ce,8be6b52b-ec3a-4a8a-bdf3-fc07c553492c,BEV-001,4,695.47
5b2d3dae-233c-4c5b-a1ff-cc3f403aef41,92c1ba1c-5b4e-412a-8711-fcdd1f1173da,BEV-002,2,452.08
8906882a-fe76-45ef-83c1-bf61e35f262b,6abaf77d-db34-4da4-8585-158d1b086847,BEV-001,6,572.14
70c37f79-c8b8-4dd1-91cd-8a40a449a77d,b42c2bab-23f8-4126-bc79-81f881a7edcd,BEV-001,7,305.93
fc5a3c62-8735-4a2e-b775-e2e9970be021,f63e8636-8529-45bf-a938-e7f496e2daf3,BEV-005,7,76.01
39658df3-f4f9-4190-b4bf-1c3b67c00e4a,f63e8636-8529-45bf-a938-e7f496e2daf3,JAF-003,3,157.42
b6328f7f-e473-4143-b82b-4a9d065cddbd,8ab29144-07b9-4818-9f53-6002c063f694,BEV-003,10,187.76
5ce3ed67-1e0c-429d-9cb0-b32a9a7125c4,eb1c2ad3-1d8c-4dc9-9f4a-96d27ce3abea,BEV-002,3,696.39
5c2d571e-7bc0-4c4d-80b0-6602dc697124,46371a48-4fa9-4188-b30f-0601b4146c50,BEV-004,1,488.24
ea3ee29f-ade7-4124-824e-c195a22b3d16,46371a48-4fa9-4188-b30f-0601b4146c50,BEV-005,3,760.68
d026808d-5f28-4574-b30e-365cb7b62af0,46371a48-4fa9-4188-b30f-0601b4146c50,JAF-005,2,355.19
dbaeed85-cea6-46b1-93c2-d35875965684,46371a48-4fa9-4188-b30f-0601b4146c50,JAF-005,8,208.13
339688aa-9574-49c6-a6df-0bceafacaedf,46371a48-4fa9-4188-b30f-0601b4146c50,JAF-003,8,583.32
e30b7e6e-541e-46ec-9a85-43431e1e5008,71443d1c-b407-4572-8792-0228c60d0fbe,BEV-001,1,773.36
243fc73c-4c01-435d-b1ac-204aa3709db2,70f121d0-5202-4ace-a75e-421c1069c9ce,BEV-001,5,396.19
962384eb-fed1-49a7-809e-db5e940f93ea,274f28ab-997d-41a2-93c9-9a9c62ee3935,BEV-001,3,235.21
309da755-07e8-432a-a3cf-eebb3fb428eb,a79a2fa0-18d7-4245-b399-ca3b58f3c6a5,BEV-003,3,218.27
7a0fab41-47d6-4377-9c96-581ef447b1de,73834dac-e3f7-4d41-b7f2-faa299a4bd79,BEV-003,1,601.89
fcde2c8a-aa5f-438f-9764-9013d1cdffe9,a1834441-bbf9-4e15-ba54-633417244f83,BEV-005,4,707.93
fb85850e-ae41-488a-88d4-91410c8a5b14,a1834441-bbf9-4e15-ba54-633417244f83,JAF-003,9,534.69
e3ce6983-5adc-4b3b-82d7-7e75e1fe1adb,4763ed6e-69af-43f4-a22d-6eb5683294cd,BEV-002,10,410.49
0a2a5a70-ab5f-4c66-897e-edf58b344607,2c73aa9b-f0be-46fb-9d67-cd41bef2408d,BEV-002,8,556.87
810e6b0b-4bbd-4403-bede-58c190127489,7741bfac-611a-4ac3-9cee-ef4efca9aa6c,BEV-004,2,116.61
1b512903-ab45-47f4-92f5-d1f2fc184308,9aab8571-4c81-458d-8890-6db7d95e8757,BEV-005,8,140.82
1d9294fb-f219-490a-bb00-fb057e9f4de9,9aab8571-4c81-458d-8890-6db7d95e8757,BEV-005,7,517.55
3df50bd8-9f5e-4097-961c-3f8b942f7602,46841dae-0fba-4b69-8bca-66020864d270,BEV-003,3,909.24
71a618f6-adef-4fe7-add0-354612c559c7,ee794c44-4f82-48b4-86d2-d605b994ebbf,BEV-002,3,522.55
fdf4b9db-64e1-45e4-9560-588da4472cbb,a03db5c6-bcd0-4652-bbe0-31d735d4ae09,BEV-001,7,790.81
3dca6dbc-1103-407b-bdc7-7287d7f0d466,4a549d46-2bd7-43e6-b9a8-a564e01edf62,BEV-002,9,605.7
675f2da1-7033-4a84-b7a5-42c5f30c6988,3c81ebe8-587e-4604-ab87-ce094295935e,BEV-005,3,127.16
6aeb197c-26bc-4ea2-aca2-6a0e3080edaf,32075d29-a80a-4cf7-93a2-9610386165dd,BEV-001,6,980.94
8e55c726-c393-43d8-b861-ef5667a0ae1f,55be8759-1018-4e6f-b71e-8151a1209274,BEV-004,1,688.88
59b635f8-264f-4385-990b-6c5b00281a4a,dab652dd-d45a-459e-85ea-e0c7cde86ebe,BEV-005,5,146.44
6b9c9a06-2728-47bb-b517-3351e472caa0,f3372292-3fe3-43d3-88f4-b0d63c8f5d1f,BEV-002,5,287.56
7895205c-be02-498b-91c9-3dc65edcc64d,f3372292-3fe3-43d3-88f4-b0d63c8f5d1f,BEV-001,3,975.23
eac42140-8672-4655-ade8-65246c458796,cfe1a0a1-ccb3-45d1-954e-04225ff16bea,BEV-003,3,876.75
4fb0bee3-797a-4661-a39c-25a399a6638f,8df6482f-7608-42e4-9dff-c6c26b72ecb2,BEV-005,2,890.15
0befd9a1-071d-411e-ab15-2eb234e661b4,2586b49f-fcaa-49c9-ba52-7e46763e7e5a,BEV-004,8,981.13
8a986d6f-2ae9-4f6f-a6b8-b2d16cc1551c,b685e392-6b0b-4b0f-b613-999a5adbe404,BEV-001,7,921.5
b9cf538b-e44b-4fab-8b03-ec899fd08fb0,adcd30e5-7e68-41e1-a0c2-66c68ab11021,BEV-003,1,825.59
9cf9f8af-332d-447e-a594-bc0c6ae1bbb3,0619eff4-45f5-4ff7-adfb-e4c683258680,BEV-003,5,836.18
2a5876a7-dc3f-4d8e-95dd-0abba9b33033,0619eff4-45f5-4ff7-adfb-e4c683258680,BEV-004,2,703.88
7e9646c5-97eb-4559-be42-03f7ea1deac4,0619eff4-45f5-4ff7-adfb-e4c683258680,JAF-001,5,405.93
89571674-2d81-4567-af45-c438e3e243ae,0a100ff6-62fa-4fb1-9079-42cfb55c6000,BEV-005,4,351.77
c9cfb9a6-6c69-4404-ad1e-cd8e49296c5d,0a100ff6-62fa-4fb1-9079-42cfb55c6000,JAF-005,2,695.34
3eb1948a-77da-41f5-93ee-6e8300c60af2,0a100ff6-62fa-4fb1-9079-42cfb55c6000,JAF-001,8,381.12
b3f18d0d-d0d2-4cb7-a458-b7e8aff0bac5,0a100ff6-62fa-4fb1-9079-42cfb55c6000,JAF-003,2,806.94
b853f97f-a87c-483b-8916-4488785f4c49,3a46b2e5-dd78-4931-9533-d2f155cb094b,BEV-003,2,802.23
a9290f1e-da06-4365-be47-633a6737e80b,cbc994a3-e653-4174-a30f-34fba93d89b6,BEV-002,3,845.28
010a5a4e-9567-40e7-9e43-c2ffc2bc9295,cbc994a3-e653-4174-a30f-34fba93d89b6,JAF-003,4,652.62
1ee3f38d-32c5-453f-8be6-1733cae29634,2937d4c6-7d39-455e-96ca-74de80a5efa6,BEV-005,6,158.85
4f03c4fd-bc6e-4d69-81eb-517fd3822e84,2937d4c6-7d39-455e-96ca-74de80a5efa6,JAF-004,2,168.47
93a32f3e-f2e2-4b9e-99d3-97a19968f674,994f965d-ccf6-4e96-a319-d5f4f4420e7d,BEV-004,9,141.75
38a4534a-4655-4647-8af9-bd22b3340747,78feda33-b167-4ad7-ab6b-bd0155863b66,BEV-002,5,917.77
858f410c-b845-4edf-88aa-25e5284b0ff4,4a7d782e-6a66-4ae1-bebb-f3ea350f602d,BEV-004,6,132.94
c73c5fa5-3f4d-45b0-9da3-ed6ca6eb8442,ccd03b74-6cee-4c0d-afed-8153abba3a2f,BEV-005,7,831.89
36891c34-f804-4df3-a250-f232c1851744,ccd03b74-6cee-4c0d-afed-8153abba3a2f,JAF-001,5,229.09
50a7c870-c958-4214-bbc5-e4b6594b801f,07827b3e-7cf4-4e3a-bb9d-2bc02d83f2b9,BEV-003,8,906.7
e50ecd16-b65a-4a5c-a7cf-22d723ead90f,ae7c157e-70fe-479d-ad02-39ade7c09482,BEV-005,7,963.09
f3362a5e-afce-4e7b-a8fa-84a0b427aa87,ba55030a-71e2-4feb-a747-eb2f800cff93,BEV-005,2,544.63
beb4b4ac-84db-4722-8492-d3db9369c8ea,c07de4ea-dafd-41bb-b5b1-9bc57eb8d5a2,BEV-005,2,853.13
7ea8e652-26d1-49b3-99a0-80b84e4ebac0,801f98f3-7539-495e-a2e1-4561a2556a80,BEV-003,1,289.4
9a63e86a-5cb3-4c11-99c7-897e8ce28b71,801f98f3-7539-495e-a2e1-4561a2556a80,JAF-001,6,516.21
8d00bc2d-c866-4dba-a718-272b5d6a0248,274738b3-2775-4230-84f3-aa9efad1bcab,BEV-002,6,535.41
3352b7cf-7dca-43ba-8154-b93ca2b602ad,26352da4-6f3f-4fbc-a97d-cef03997a9d8,BEV-001,10,448.79
37023442-b57d-4296-b68d-a62ccdd9c6a4,ffbf1d4a-78ac-4dae-a048-2857ee898d2a,BEV-001,9,33.37
bcfe940f-42bb-4dee-b45e-5b9d83bd901a,7098c3cb-8523-4212-8bb3-cf3f86feda2a,BEV-001,4,30.0
576168da-4df4-4030-80a2-609158582504,807a82d5-3f5d-43ec-86a3-71d5a9f4fb28,BEV-002,2,457.15
fce69922-6d07-4280-b939-5545a5c577ce,ab6baf73-d1de-4fad-a82a-93ad0c5bda78,BEV-005,2,611.32
7e2d9581-33e5-4086-95f4-2ca3a54a6a48,3e171bde-0590-4f8b-97ea-b802d6aec4ce,BEV-005,8,745.6
e2e9ca1d-af7a-49a6-8b74-5e1c50b34b25,3e171bde-0590-4f8b-97ea-b802d6aec4ce,JAF-003,10,183.37
8109ba52-097d-447f-8a23-7383e732179e,ecff983c-86e5-42d6-8364-d724b9113b40,BEV-005,2,404.69
be4a908c-d97b-41b0-adbd-b887ebe6db92,ecff983c-86e5-42d6-8364-d724b9113b40,JAF-002,6,746.7
286b5ea4-47a1-4679-8fd7-07b1c20d4ab8,abaf6dac-fa25-4c19-8519-29e550077b03,BEV-001,9,604.27
c15f5ad5-491f-47a7-9a22-7459b8929f5a,d1bf3c3e-6bb8-4239-b4fa-771b1f760d6f,BEV-002,6,612.84
54fe906f-f3a8-45d4-b8c3-98a8d8cb7c84,d1bf3c3e-6bb8-4239-b4fa-771b1f760d6f,BEV-004,10,163.37
46a0a8cd-f3ca-4c37-8757-29f70600105b,d1bf3c3e-6bb8-4239-b4fa-771b1f760d6f,JAF-001,6,828.28
f97220bd-77ca-45a5-bbf8-5330231ccf59,fb6aee30-dbb4-432a-8457-b964140c5af1,BEV-003,9,818.1
8ead4802-ad9a-4ed8-b3b7-84cd4aae22ec,3044c9c0-3557-471c-bd95-e73002afa850,BEV-005,8,533.27
7ae50910-71a9-4dc0-9f19-cc49be47da1c,a9bee0d5-0af3-419a-a375-a81755517061,BEV-001,9,556.88
e479a23f-6d0c-4874-ba75-3d68ff365362,fc6a83e0-10ed-4b67-97f3-df3ecaee134c,BEV-003,6,527.56
d502b5ff-67a1-4c7c-aef4-49ad42a5fcf3,10415dfb-2ea7-4d33-9f1e-a7cd323f2b76,BEV-002,4,187.36
19d7250d-5c3b-4649-9211-398ce0045693,10415dfb-2ea7-4d33-9f1e-a7cd323f2b76,JAF-001,2,398.16
df730d2b-0270-4595-9b91-466769c88911,5580a775-eb04-434b-844e-8737cb57d445,BEV-001,6,890.26
a961497b-b515-4694-9bfc-cd5e9bb89661,ae675975-a0a4-4d93-b616-8abcb552f11e,BEV-002,6,521.62
7fba4c01-1cbe-4e8d-b6ba-31d91884ab00,2c453546-4356-4f35-b01e-76adb6e106d4,BEV-004,10,810.49
fd7d4785-2ccc-4626-876e-1daab50f5b66,baff3a3b-b227-4afa-b624-a2f7898c8f6a,BEV-003,1,869.65
0168466c-53bb-4d68-acef-24811a7ae7cf,5010f674-ea90-41c9-8686-2d79ac6cfc29,BEV-004,8,710.14
d4747154-8b04-4949-885b-22364fff60e2,df2e2b5b-e1ad-4f9c-9b0c-85005e23229c,BEV-005,6,343.47
a0d4eda9-bf08-4b11-8b0a-8b8df545136f,740f1741-b121-4fb3-a253-9af72162f328,BEV-005,6,737.25
1488a3d1-cb24-405f-8dbd-d9c23eedb51a,f67c475b-9647-4923-885c-eacf33b369f9,BEV-002,1,614.6
40743966-361a-41f6-a886-62d5cdd18f5d,f67c475b-9647-4923-885c-eacf33b369f9,JAF-001,8,730.94
58ec9db7-b474-44fa-8cad-a5540cd77f35,4d905851-b8e2-4dd7-b898-0cf543608ab0,BEV-005,5,551.88
9bd74d67-dfc7-4b44-916c-7548f34898cc,7e97890f-5727-4e25-8471-ebf3940a1fc1,BEV-003,5,117.71
4b9aed2b-df79-46a7-9d97-b3e9b02e1080,7e97890f-5727-4e25-8471-ebf3940a1fc1,JAF-003,8,407.34
d326781c-3571-44ec-9e11-1a52f0e97420,05506448-2b34-4a23-bf68-9cb2a430ef99,BEV-003,7,144.08
64d4f8f2-4494-4d1e-997c-f8e8003b73f9,aa62e6ef-52eb-427c-b763-1443eae53909,BEV-003,2,909.55
f87d3700-b205-4ca3-9f1a-d0a30978babc,0762f3b7-90da-45c2-b182-450644184c00,BEV-003,2,17.37
7361bcd4-0623-4382-bf95-664c11364927,861b2875-a0c3-4ffd-8f21-c563b32295af,BEV-004,6,476.77
661c81e0-2059-4b18-a182-d9dfaccdad57,82c11d32-e562-402f-82e2-ff699405410f,BEV-004,2,694.7
4cdb5dc9-2f83-4266-b63d-fdd4086494ab,14747109-76bf-45f6-8a5f-64cc27f0c037,BEV-005,4,213.7
f9f827dd-4fa6-4994-98e5-49cfc8c461f2,c0260ae8-43eb-4284-99da-4be7647fcaeb,BEV-001,5,55.55
48cf88e2-93fc-46f0-85ee-12ed05839d70,d3c22412-3567-4b2d-bb3e-6dfe748f4127,BEV-004,1,649.24
9989709e-6a10-4cac-8c78-c6e5c5966009,d3c22412-3567-4b2d-bb3e-6dfe748f4127,JAF-004,10,168.08
82672c73-a93a-4339-931c-523e802a9c29,b90528ca-d605-4b74-a37e-a8b675b234d3,BEV-004,5,90.36
01ecf80e-2ae5-48a3-9af3-7c81cf7fd185,b90528ca-d605-4b74-a37e-a8b675b234d3,BEV-002,6,112.7
1fc0e3e7-515b-4f88-a2f8-32340f4cf5ad,c6afb7df-405e-4dac-ba48-2658da1692ab,BEV-001,4,346.9
3c511e30-e41c-4f4a-8704-f34bd36a9216,ce6b37d8-c5b5-4f4b-b667-3f5a2da2a4bd,BEV-002,7,110.86
ed367b8a-2323-41c4-921b-38a54b9ad188,ba71cf1c-817e-4c0f-b2f2-45583b8b2f5d,JAF-004,3,633.0
f5347bfd-553e-4a67-8fb3-dd456aad6f95,ba71cf1c-817e-4c0f-b2f2-45583b8b2f5d,JAF-004,2,106.66
6506abf8-b6c2-4081-9692-0de05c9b05ca,03bfb477-53e1-4625-8cd6-7e0bae006c8e,BEV-004,8,156.06
6f0ed417-4725-48e3-b68f-5eb139960486,34401cf1-a466-4b48-93e6-4faeca9a00d6,BEV-002,2,36.46
dd4f2de9-22c6-46d4-900b-fc65f647d7c7,d5d87715-7390-40de-96f0-ecb53ef2291c,BEV-003,8,102.77
fe988557-b9a5-4a63-a949-3c9b51ea491f,24ec1885-2408-4486-bfcf-17aee0b2323c,BEV-005,3,973.72
ebd0f1d8-fdb9-432d-8606-7ab5668c5a10,58d97e88-6849-4f82-b55c-666c910a5906,BEV-003,2,899.35
4eb868c4-21a9-4a77-9722-00d504b87ed0,7f8a72db-6db1-4148-b7b6-4591bb0ee19f,BEV-003,8,338.36
ffe3bee8-6f0d-4502-8bdb-e572dc4790a8,cd3a75bb-50e2-4f0f-a952-3f2e3c1b4553,BEV-001,4,428.91
493a7a56-c27f-4ca9-8bfd-848648791f3e,f5d91f30-97e0-4a81-ba5a-735fb1d24244,BEV-002,6,58.21
cae806e2-b950-4e47-bde3-be217c454e18,bcb72edf-499c-46c4-94bd-115692b759f5,BEV-003,7,932.22
4cd0efc9-a64d-4e8a-b5b8-4ba86fd37cef,b00f32d3-66e7-41d5-9b0b-9f3813a2ea39,BEV-005,9,742.86
c88213f8-98a1-4870-8ad3-4e87e0c841ae,f7abab5e-068f-4366-bc07-946eacecc674,BEV-004,4,401.61
ef0df0eb-c275-420c-ab84-4b072d9ae58f,ef1b3ab1-9286-4b81-8130-57438b24fe7b,JAF-001,4,766.21
6e55e119-8c59-471f-bab6-ef2fd0b3b469,ef1b3ab1-9286-4b81-8130-57438b24fe7b,JAF-001,5,295.35
5f45e344-ad0b-45d6-a851-da960685d0bc,0d49b38a-bebb-4f3c-84ef-84221af7597d,BEV-003,3,191.14
b940f84c-93d8-485a-8997-e5d8d3fb7b08,d277b14b-7306-4652-b839-bcd4db258f02,BEV-003,3,147.6
fe6a7302-e3a3-44fa-bda4-6d831a38e8b8,44c32428-38ba-418d-a597-d81e0eeb39f4,BEV-002,3,800.34
9fd5356b-69b0-4d22-8add-c4d753874557,d4031034-4821-4e4d-9fd3-13c62978f5e5,BEV-005,10,701.49
113a931f-4dfd-4f56-9dcc-9ef27ebe2da5,c35f98d2-13aa-4054-baea-8fd74de3250c,BEV-005,1,535.66
4d50a912-47b2-461f-9868-6de1c8ece239,c35f98d2-13aa-4054-baea-8fd74de3250c,BEV-001,3,634.26
7583edde-ded6-43f8-961a-f8a1c893624a,c35f98d2-13aa-4054-baea-8fd74de3250c,JAF-005,3,404.16
23119dba-fb2f-4226-9ed4-ea04deb0c5e4,d5afc575-cd9f-49f5-8eba-81a06721c3e9,BEV-002,7,590.96
a5e4ba24-de33-441e-b209-569e31ea9284,8ece49cc-d07f-446c-bc25-440fa50c24c2,BEV-005,2,10.44
d906a8a8-ed42-4b64-9bfb-f8f08c8ab832,47ebfd80-4fad-4add-a30f-f76930ff5061,BEV-001,7,35.19
6f071d82-6e96-4cf3-a008-ca027d5eba61,0b651193-6b8b-4b21-9d45-2b633f5c0198,BEV-005,9,743.45
93622a4e-956a-4c6c-9314-3125a32ec44b,ecc65410-f70f-4f05-bf81-e6b90e3ebb9c,BEV-005,4,42.43
966dffff-9857-44fd-8d44-f1ba6af10869,ecc65410-f70f-4f05-bf81-e6b90e3ebb9c,BEV-001,1,362.15
3c1a2a2c-50bf-41f8-bce7-0f2cd6bc9395,f7cc538e-faf0-4119-95dc-bf759cd93db7,BEV-004,7,522.66
330ee695-4127-4ae6-824a-4dba51438fa5,193ccd53-8424-484f-bdad-d3748c3d6692,BEV-003,3,85.34
a07aab72-d316-4058-a275-43372bd1779d,ac9a62f5-491d-47cc-af55-05cb41a2ba0b,BEV-002,6,594.93
fb8feae2-415e-4046-8591-f8144b3095c1,ac9a62f5-491d-47cc-af55-05cb41a2ba0b,JAF-002,8,204.76
e5ff1dc1-e9bb-477c-8804-a47bafbb79b7,640a2c4a-6453-45fd-8371-89dd65b9d316,BEV-005,9,115.81
66d3e1d2-779e-4fa7-a000-c5b085d838bd,1cd6c3c1-512c-4370-8b3d-209828e763cf,BEV-004,2,728.28
3b9824d8-9870-4ab1-885b-b3cef94d32d1,a99b28a1-fdf4-4508-8524-6b7504538cf6,BEV-001,7,273.12
e16105ba-bf40-49a8-bd7c-fa9f03610bde,aefc1e71-1d5b-4f6d-8a1f-c8c6fa1c50cf,BEV-003,10,541.4
7eaee510-1872-4166-a8af-d44987023f13,dea9cea8-c192-4254-ba8d-076fbf8e8fb5,BEV-002,4,928.89
583aa61f-dda2-432c-83ec-7932b1bc3702,90821758-ae50-4a98-ac77-53605ec07231,BEV-005,10,816.37
596d5fa8-e897-4e64-b260-ab608ca35b33,90821758-ae50-4a98-ac77-53605ec07231,BEV-005,4,423.44
fbf56206-9d87-43c3-9678-bd66940f7ace,b304fe9e-d3a1-41da-ace1-bed4cfbd8dd2,BEV-004,4,25.11
683e2ddb-24a4-405f-8705-f29c05dbc872,5a725b62-14cc-4795-bb53-61fbe9f920a8,BEV-003,8,115.49
2700fdcb-2f8b-4b94-8a14-63f7748e9776,5a725b62-14cc-4795-bb53-61fbe9f920a8,BEV-003,4,890.54
80cdcacd-9434-4958-a851-6a0ab3dde6f5,c9b7f3c1-9a96-4a94-9792-d4e3eef7de18,BEV-003,10,957.36
bd33a749-3e72-4ed2-9e66-2705784ff5f9,c9b7f3c1-9a96-4a94-9792-d4e3eef7de18,JAF-004,10,213.29
d68ce1f1-b3e7-4c97-98d8-0fb0522a6361,ac075b14-6145-47a1-a0fd-7c2dc43ae89f,BEV-005,4,670.51
2cc3dcdd-82b2-47c8-8e61-c676505abbd7,598fdea7-c29d-4bf2-b03b-a14303a888bb,BEV-005,4,94.92
c8ca53c9-a8f4-44ae-8dba-8c0488f691e4,c63760fb-cea8-4268-943e-73b3d2bd903e,BEV-001,3,731.99
e3bf7c61-33d4-429f-8e87-59163b94326e,60936f41-db45-4102-9784-4ed2611fce64,BEV-003,9,643.78
9059cbde-30e9-4918-8441-26db0af4a3dc,60936f41-db45-4102-9784-4ed2611fce64,JAF-004,8,781.37
d25b0ab0-1514-4301-98f1-225b83ec0bf6,61dc26be-bd8a-436b-b77f-6d1a9a3cf3ae,BEV-001,4,947.7
1bb286b2-85b8-4a1b-8b14-c2fa6b9b86c1,2268f114-b7b5-43bf-99dd-921299b388ae,BEV-002,10,188.88
55c1d261-3870-49aa-a174-022b4428fb5a,96a9f268-23b3-4904-9dd4-236326ffd733,BEV-002,1,783.74
c94c9b9b-008c-4bfd-b9e2-e5e4cad40149,83fff98b-9597-45aa-834c-50084f44f076,BEV-003,3,89.7
d5c775a4-2c55-4b42-8b85-d827a6f71692,78b96ea9-5512-4218-a608-3af954a8753c,BEV-004,4,389.1
0f99342b-ff5f-4d73-958f-b840a6ab14b9,977045f6-2c2a-4c7d-8905-e26c16f358ed,BEV-003,5,55.92
e881ebfe-b69c-4289-8f36-77428e5ac8d0,f37a32fd-09e2-4e6f-af44-2748c8ad0f11,BEV-001,1,154.11
4c4a9ae0-8b4b-4416-a5b5-3b010759af3a,79d3da74-bd5c-4834-91f5-761cd789ee49,BEV-003,5,257.55
6f245720-c99c-4f76-a7c1-5ac30ef2a342,d040bef0-f9d2-40b4-8b10-3c2a22d4f6ef,BEV-001,1,433.7
920c3120-39b9-4998-bd82-5accc7071420,3060b755-c5c3-4327-898d-de8e702becab,BEV-002,1,648.8
b62318b0-1247-449c-9950-d440c7323089,3060b755-c5c3-4327-898d-de8e702becab,JAF-001,5,911.11
56fe1263-2f1c-46fa-a041-4dbe903f0ede,3060b755-c5c3-4327-898d-de8e702becab,JAF-002,2,633.94
b13ad008-972c-4ce8-b454-d6cfccbdace6,b0b43833-56b6-4055-aa95-4711ef46ba4d,BEV-001,5,531.48
61339e52-8b80-427f-bebb-27b014230c8b,7f729c44-4ce5-4c54-8966-8085ce9c9656,BEV-001,4,634.24
7f3422ff-7721-4a7c-8756-a92e09bc980e,7508e296-fbdd-4b02-a4a3-8efd5b235d12,BEV-002,8,922.63
4ea62882-d3bc-4e7e-86a2-fe95d77b5cd3,453e3efe-c4d3-422e-b337-342624a9a0b6,BEV-002,5,395.68
8d7ff672-b483-447a-aad8-288634101eeb,ac5a9553-253f-4057-8e20-fcab492c1306,BEV-004,2,582.64
21a4f1a0-e152-400b-819a-ab6633206271,8f52830f-3e61-4f3e-b210-0d0793c9c846,BEV-001,10,495.2
bfe07c88-2990-4e59-b07a-eb60859ab5fc,8f52830f-3e61-4f3e-b210-0d0793c9c846,BEV-001,5,357.26
94069d8c-b9ea-45bb-a74d-c596115fce55,ab133842-1939-40e1-854a-f609b339a7e5,BEV-002,6,438.89
03173aa4-afea-45b4-852f-8a3b0e5e5c1e,51b9a5c8-994a-4c21-9d74-278fdfe9ab70,BEV-003,10,156.59
33d90377-beaa-4cfd-afb5-4784810dc188,120add1f-1d6b-4fd2-863b-49b535ecd2bd,BEV-001,8,88.09
5b4c62db-e8a6-40af-ba6f-29124884034e,97212595-33d4-488b-b6a6-305cca071f61,BEV-001,7,803.04
a311c4f8-1d44-4b63-b79f-fb5da175f64f,97212595-33d4-488b-b6a6-305cca071f61,JAF-002,9,330.31
e8efdc7b-244f-4531-b433-2d3593b086b4,5143680b-0460-4889-9f99-fd388eb6474d,BEV-002,7,693.25
19af8ac7-7d44-4af9-9844-db80bb6ac4e8,5143680b-0460-4889-9f99-fd388eb6474d,BEV-004,2,697.67
d3b1f215-212d-4cbe-9375-bf7cf2375c87,108b2119-f5c8-4b03-bff0-db7d6d13d060,BEV-001,4,372.26
963d68d0-e2c7-4d1e-81e3-72062f7e096a,0c0af3da-e9df-490e-b137-9f0d906e0807,JAF-004,9,286.3
ee326809-09b7-4b61-bff8-cee9eabd7a0f,0c0af3da-e9df-490e-b137-9f0d906e0807,JAF-003,9,922.26
8260e20b-fb5e-4aad-984c-de38e465b784,0c0af3da-e9df-490e-b137-9f0d906e0807,JAF-005,4,680.95
9a311aa9-08f2-4248-9b6f-83c6d162a5b5,9d33088f-76a7-45e5-b4c7-161fada75605,BEV-004,7,802.06
f0e71796-8bee-4172-adc2-e0d7a0e6a4fd,b8212fea-5819-48e0-bf0e-ec1d251b2570,BEV-001,9,537.67
c686f843-2550-4696-a845-e695f94019e2,8d2c27c0-b117-4b36-a0ad-dce71acd676e,BEV-003,6,663.95
4801032f-c423-4785-b278-5314b8e50c94,4ce41479-0850-46fd-a5bd-a21d8465c8b4,BEV-002,3,200.56
d89d9d45-288a-4be6-817e-97b8bfa66f4d,a3947fd8-5100-44e2-87a0-60c079a33bf9,BEV-004,2,148.54
7b179671-10da-4905-b1b0-b5f65e1ce28b,2615e55a-457d-4531-932a-6979c7d2f4ad,BEV-005,4,274.04
96160d85-d3d4-4169-a2f2-64f82fc7ef0c,5d3354c2-3b42-4759-b1db-bdc14920b7e7,BEV-003,4,859.58
02dd53a6-82b6-4380-bdd5-676de2e6f6ee,cc48b9de-fee7-483a-8ba0-c82e10e4b2bd,BEV-005,8,32.69
2c04df07-3d62-4d4f-8e47-9de27db2f96e,03dc23fb-ab89-4e86-a825-490f0de4cb63,BEV-004,1,550.38
989a9b71-a432-4277-9ca5-8fda4ad3fc68,9a1f71aa-32f5-4861-98bb-15922ab90409,BEV-002,9,927.61
acd8be2f-4ac8-4b2e-8052-d5cc021bfab6,7c238a2a-0fa5-4a04-b374-739758a49251,BEV-004,3,879.13
8e91d509-fba3-47a6-a2db-67e87f370004,69878628-1ddd-41c5-a3ba-b8625eff7687,BEV-005,3,19.59
69ea6323-1e56-4402-8483-69ea773ee31d,d6062654-7bb2-4118-8bd1-b38d67c95b4f,BEV-001,8,225.21
7fa24939-833f-43cf-8e71-dd8ccfe5b24f,b7818724-bc6b-4624-9b56-ebd42259c82c,BEV-003,9,552.48
909bae63-040a-493e-b5e6-80b0f388e766,2b31c9a7-54af-491b-aebf-a5851b32500f,BEV-003,6,234.81
97a1dc47-ce58-437d-92d2-ac73ebd8ef21,0b94142b-0be1-4d43-bd94-d3e258296c2a,BEV-003,5,426.26
f4088fcb-9c78-4809-b877-6b6161f1d0ec,a2a13bbc-10f9-44a0-9d79-b460fe1a2ac2,BEV-005,4,10.41
1a30b200-8348-4f8c-a09c-88da3ea0a0e2,c1253836-fa5a-4c23-b3c2-dd5abdd8a5f4,BEV-004,5,172.51
4eeba3da-013f-44a4-888f-e4889d6cc074,ee429ff8-f6a4-4a12-9415-5b8271e8110d,BEV-004,1,229.8
67d4afb7-1908-4110-bedb-55207f557413,f0dcf642-1694-4d1a-9457-0bfefd34b2da,BEV-002,6,256.55
d05cc5c2-94a4-4081-9bf6-02eb0f521a95,3f7b38f9-9d82-4b2b-9fa1-4d9df2906e86,BEV-004,9,126.6
3e003309-d425-4a9d-92e3-a348dd1ba3fa,cfd43ede-97d0-4668-8d15-98d8e3a539f0,BEV-004,2,823.46
0420ebb6-6683-47f5-9bfb-e5b95fd933f9,cfd43ede-97d0-4668-8d15-98d8e3a539f0,BEV-003,8,694.2
b25ee7fe-3c9d-4345-b302-f54a712fe455,ade8c14e-05f3-4aff-8e0e-aaaf06a41213,BEV-002,9,809.45
993d48c1-2f69-43dc-be52-dac91986dff5,2f26bd48-4008-41da-8e40-3868e78ce9fe,BEV-005,5,43.32
ba950660-333c-4475-91a5-e1fd92297b30,2f26bd48-4008-41da-8e40-3868e78ce9fe,BEV-001,9,321.1
d5df6344-33d6-48e3-83d7-28ac42d6ae9c,0f3322dd-1c7e-4124-b3ae-e5a87154d521,BEV-002,7,646.32
004de509-35c2-4041-902d-675fb0372396,851d66d7-ae98-4475-a3f5-1cbf25057d8c,BEV-002,10,292.22
533f9f8d-dd60-426c-9443-0c6b7fb1d9bd,0e050c00-4e73-44c1-b87f-74f984f81cdf,BEV-002,3,482.57
16a18af0-078e-4794-9768-2e5cde4f23a3,d2bf26d3-da28-4216-8caa-4f6b99ab23bc,BEV-001,10,20.08
709ebe96-d40c-444b-a3b6-4d9b9e04b076,d529577a-05fa-4fc5-beda-a29937814546,BEV-001,1,265.29
7a76b29c-e5d4-4ad0-8f3b-e970286641e2,9b4131a4-3873-45fd-af5a-a4ab746f521a,BEV-004,7,44.68
7520e169-e8cc-42c1-899e-50be3cb7af0c,a582562b-b8d7-48bd-8fef-95eae282fd09,BEV-001,3,869.72
6b1237b9-61c3-49b7-bd16-8c3e44db3d94,a582562b-b8d7-48bd-8fef-95eae282fd09,JAF-003,5,949.15
faa68741-4a47-437c-a94c-d22f9931f6d6,bffa5a48-e7e1-47a4-938b-b93f4a2ab8fc,BEV-004,5,718.43
2c3ae5ec-43ba-49b7-974b-e5911f461c56,dbd4b4fe-5f26-4425-b26d-1311fba7670c,BEV-002,8,960.09
36ea69f4-81b3-4dba-843c-378346e1aeb2,58d7fb22-f149-4bab-82de-38fe39d5215f,BEV-004,4,665.21
14977682-59e5-4a5e-a8a7-4c488b1b764c,58d7fb22-f149-4bab-82de-38fe39d5215f,BEV-002,2,671.4
cad3c72b-8a62-4278-af10-0a0522c6fdc1,58d7fb22-f149-4bab-82de-38fe39d5215f,JAF-003,6,314.54
99ebc272-427c-4309-843e-ea02116c348e,ab6b4ed6-beb3-4353-ac28-29799276d22d,BEV-003,8,702.53
e47cee11-84ea-4c95-9ab1-5916cfe88968,191fe6aa-565a-4577-8936-e1bee290b4e9,BEV-001,4,468.05
5d9f72d8-57bc-4f16-8a88-b427d9a80d01,d17d5b05-3f18-47ac-a837-8225120939ef,BEV-004,7,851.8
56b4f8b5-ca50-4de0-a52e-2f1ebb99258e,4844feb4-66ef-4823-a09d-d36351e98ac6,BEV-002,8,873.14
d99c63c5-d951-40c6-86dd-3b6369210455,effbc519-77bb-46e1-b6c5-0e0787db4424,BEV-003,8,499.16
17414d84-6bb8-4e36-a0f2-535e91a12c15,520517e1-ab01-4d7d-8809-d5b1c536109f,BEV-003,8,228.7
dddbdc43-511e-45e1-9366-63aefe58339f,9fbbfb9b-e122-49d0-b168-cbbc0b33794f,BEV-005,9,202.77
8fb4a5ca-20ac-4638-aae7-e82860f8f9e0,724734d7-cb33-4c23-a0b0-aded60fe0867,BEV-001,3,289.48
cb31de94-61b3-4169-beda-93332dd0ab84,990d6141-3d20-4c5d-8cc0-7ab05a878fa6,BEV-001,9,692.57
cff0919f-413a-4340-ba59-7780aef284e1,6f0a0072-3275-479f-8c8e-b2a1eeac9c74,BEV-005,6,817.1
804cdbb4-7828-4cf9-81bd-c96ca8220b9d,72de307c-f1b3-4ae2-ac48-b6a09e6ac7d6,BEV-002,8,297.88
0316d066-0a9a-4273-9400-4e1ff6c87faa,a045c571-0c57-4162-8d29-764218744717,BEV-003,10,645.42
9b2426e5-ef5e-4bfa-bdef-cce188e70574,bb37d82d-666a-46e7-9094-63af4f5ca3b4,BEV-001,4,881.95
19b50566-60ea-4cd6-a824-9fe21411dcc4,10da7f4f-260d-43d3-b5f5-2eddcf37d92c,BEV-003,8,556.88
bcbbf585-0264-4ada-a923-d68a20babafc,6fb5d9b1-e683-4dc7-9f2a-1574df706d9b,BEV-004,6,240.14
de4e06ec-8e32-4cbc-a138-aa572503baa3,dc654625-639e-4ae0-b935-acb87c984ca5,BEV-001,3,377.94
269040d8-8eaf-42fc-b6f0-97eab9f19627,3326864a-6a58-404e-9e26-57c6e971c035,BEV-001,3,589.88
04d49a81-dc26-4872-971d-fa913a762cd2,d2e742b5-202a-4cda-8c01-cb071a2b2772,BEV-004,2,377.48
c1b2c313-c5ab-404b-afa6-18740b847596,d855c3f9-7ce6-42c7-87ba-25ac12998350,BEV-004,5,305.02
b98cb0aa-9413-49dd-92fe-77b1f56f36b5,c937cf57-e79b-412d-a980-f5d78eff5416,BEV-002,7,787.78
be16163a-366a-462f-8cfb-f36a240e44e7,36b020df-e448-4a9b-ab1a-5eb46abb20d4,BEV-005,7,136.3
d41f95a2-1941-4c0b-834a-ca3a3edc03d1,cfb25317-e57a-4261-bbdb-bc32d92d50e5,BEV-002,3,727.94
cf898f14-2c41-4e67-9771-97f42d1e1466,2545a85a-d024-4446-959f-cff2ae762da6,BEV-003,6,516.78
521e502d-76e3-48fb-8227-29ade1295dc2,8973324c-75ca-416b-9b46-d0a47fbafbab,BEV-005,6,835.3
4f827363-462a-455c-9c0f-bb076c7b1ec9,8973324c-75ca-416b-9b46-d0a47fbafbab,BEV-001,8,382.95
919f16e5-f076-4128-beca-392285f1eea4,c3050e8b-513b-47d2-8e60-c05d9cab1068,BEV-004,2,56.41
09b04d11-83c0-4811-a2d0-6e65ed2960c8,af4df9ef-ff68-4420-aab2-ca7cafe6a5ab,BEV-001,7,449.65
909a3742-a9f6-4ee2-82ff-646549e54c9d,b265d56d-f80c-4ce9-9f66-3cf00dacde40,BEV-003,7,248.41
63248359-a94b-432c-a86a-15683ea918dd,e4b18e91-936c-4472-82a7-3ec13afd84eb,BEV-001,9,627.13
3f29613b-e611-4386-bcfa-5aa860d8e00a,5cd0211a-1b80-4cdb-a7f5-1654b7ea96d4,BEV-001,9,994.35
0a63ff55-80eb-4a37-8221-c37f5acef49f,5cd0211a-1b80-4cdb-a7f5-1654b7ea96d4,JAF-004,10,567.12
c756939b-4518-4a76-859a-4e934f16d564,9d0de267-3d07-4061-ba7e-1dda2df3c309,BEV-005,7,811.57
70bd19f5-04c2-48e7-bebb-d221820666d0,26b223fb-8e77-4003-b119-d1f756a4c5c6,BEV-003,8,771.93
d0b09b4e-6aa2-48ef-bf1c-a085a4429f93,1e042577-038a-42a9-b75f-718c7f0bc92b,BEV-002,1,52.43
381e4302-270d-4de3-af35-05ffb71624c4,fea7f502-0d07-420a-a09e-065fcaf9fb5f,BEV-002,1,208.79
6ea61abb-54b1-467b-be5b-e3364d2fd1f4,351a2fc9-bff6-4d02-a6b8-ede075f22ba8,BEV-001,2,52.81
21101f77-8689-4845-bee5-fc905fc28f56,061ece52-0deb-4a07-98a8-029e93182730,BEV-002,5,616.08
af80fd94-c7af-4450-a1c7-5e76f066fa77,cb9e22ef-43a6-47bd-853d-fb465d433d82,BEV-005,1,706.81
ec074668-08c2-4476-ae39-cf5c7f713beb,50cfc86e-0bb4-4679-a5f8-fcd90bbcf06e,BEV-005,7,905.61
7dff57e2-486e-4c46-b3d3-8fae3449240c,376a48cb-7235-4ca9-abf9-040141991203,BEV-002,4,423.21
ca2a7be9-8c8e-428d-9c76-407f03acc11a,27f3917b-ceb0-41bb-8417-e9657e99da1a,BEV-002,9,463.17
6f023bd2-96fe-4468-a8bb-97fdf6641faa,5207b97e-5846-4fcc-a281-786679af5873,BEV-004,10,658.64
547624d8-9c70-4502-8078-498686e2d4ea,dc01f7f7-7b84-4979-bd5f-5d7221d59d23,BEV-003,1,217.66
20f2e0fd-8f28-4cb0-8de7-9104dbd60d13,140bef97-5a95-493c-8080-f9a2be460078,BEV-002,3,769.56
cae64c8d-6369-4da4-9d83-85eb3631068b,d22e76b8-0d42-411f-b4d0-4fa8ab794382,BEV-005,1,640.25
f1393c7f-b3c1-44a8-a45c-5cda741e734a,fc10217e-b300-4c42-801c-6a69b81236b3,BEV-002,7,366.75
238634e9-dc21-42a7-957f-6e59a38b62e3,74cef612-4fc6-4375-bdd4-8644eb0e4ac3,BEV-001,6,641.46
e9cb6087-fa62-4750-8324-4cab0c36f324,41873ff3-07b3-4aac-aebd-680f878d6c36,BEV-002,5,264.71
6f6d7a2c-a61a-4ae8-907a-16db90cce310,ebb5e00f-b2c7-4a25-8730-6698ca4e11ff,BEV-001,7,175.92
8234da99-daab-4914-adbb-c2df1020d0d3,1d108cdc-c7e5-412f-b529-f8425a2324a2,BEV-002,7,581.8
e16dc6f8-eed8-4c96-89e1-65427d0fb745,1146057a-9139-4d67-a824-05a0bd2e9c34,BEV-003,6,22.92
91b43744-57e0-49d0-ac11-592e0cb2534e,133c2776-ebaf-42e9-a8e7-380c35105185,BEV-001,9,113.55
6d1c4db7-46b4-43c6-b033-9971b4ba2f34,133c2776-ebaf-42e9-a8e7-380c35105185,BEV-001,1,516.15
c5a3315d-9c86-41c5-a63f-ddd1a65dc79c,7d05356f-b488-4721-80b5-1e0121a7824d,BEV-001,1,485.76
379e81ba-c162-4277-895a-4ef62c109b1d,fcb8e71b-5fc9-4a5f-9172-d99ab20e5cd4,BEV-001,3,811.11
d9c9f48b-e0bd-410f-a23e-8606c415406b,254c9739-b247-4bbe-bd4c-a2c3f84a8f5e,JAF-003,10,596.98
2289ba95-e1c3-4180-baaf-ffb28802b0ec,254c9739-b247-4bbe-bd4c-a2c3f84a8f5e,JAF-002,8,850.18
b08c5e04-09c8-4fde-9470-70a63fc33762,c8c04b17-c1f8-4568-b391-92b24f65a754,BEV-001,3,102.41
b3b4c273-3c40-42e4-b885-e92fa4f6846a,8c6ead72-b2a8-4b1b-ae78-2a3757119133,BEV-002,7,95.79
660ce49d-32eb-429f-b060-c764426d4c1d,46b77e44-fcd0-4ac8-8a17-e3d34600d81c,BEV-003,5,408.12
d79a7d3e-3124-4887-83ab-afb7991249b5,9564a18a-f508-439f-8ee4-f20a7c014cfa,BEV-005,10,170.77
70d22243-ec0c-4625-97a4-53699cdcc19b,060cf550-4849-481c-b039-dd94820f4bda,BEV-002,10,240.0
ef41811c-35b4-4247-a848-0b86c2b0b5bd,e0adb583-20f0-4364-98b2-a51bf87c48c9,BEV-003,4,876.21
a2182fa6-8bc8-4b26-a753-35d3e5048ea7,2c274611-dce0-4d3d-b5fe-10c57a0bfe99,BEV-004,8,108.74
75203940-dc79-4730-b6fb-1aa37ad29302,dd7de8b1-87ac-412a-8345-300539f0c72a,BEV-005,10,31.35
9776ad58-f2af-48d4-be2d-28b30ac0a624,7b9add98-79a9-4022-af31-74449398d78b,BEV-004,3,73.05
f36449f6-ade8-4646-be26-b65fa86a09c9,0525b775-79d2-408a-be1f-28c066bb0064,BEV-001,6,880.78
8c5036f4-2fb2-4852-a9c9-d09115a1db0e,ec16516b-7d7d-4bb9-a016-edfeadd6cfdf,BEV-004,5,887.13
11813caa-b07d-4112-a7e4-b88cb1401534,a8c54ec9-c502-4117-9e29-d5547d772149,BEV-005,6,41.7
4775c45c-e82a-4334-ab76-a7e379acff57,1ed81413-497d-4e9f-88e7-1ab95889fa28,BEV-003,10,199.71
6ea3a00a-d363-4ebe-bb78-57fe4ad7197f,5d367007-c051-4f7e-a7e5-36a421e956cf,BEV-002,7,251.66
ab23e855-cfd3-4b34-95ec-3deb51f38907,4ce931d8-621e-4938-b1ab-41f574552721,BEV-004,10,788.76
32408f2f-e068-410d-b782-acf8f68e98d6,76e6f0b5-b15b-4cb0-97b9-033b1f02ae15,BEV-002,6,631.1
39cdb091-2832-4d3c-9ba0-95fa85ab6c1a,32b2749f-1a50-4393-9f3c-3c2ac5acf884,BEV-003,7,571.42
5edd2225-4d64-4413-bbe0-842a3dc3d9a2,85b164b1-c0ab-40dc-bf85-3670722f859d,BEV-004,9,722.35
53aa92af-54ae-49b0-9bb2-30dbad08084c,fc809a42-33f6-4e14-9699-68f5c2a63a69,BEV-004,2,197.19
4fa0309a-14c5-46cb-be09-7ad99f9b6f0d,c7e8a295-96f6-4286-8c56-e97955428cb6,BEV-001,3,812.24
0f5a82e1-77ff-4f16-880f-bcb865b477ed,01de3fe4-5bc8-489f-809f-1d78b590722d,BEV-002,2,711.3
5ffa6d45-cd79-47e3-a3de-95822851d2b9,01de3fe4-5bc8-489f-809f-1d78b590722d,JAF-002,9,89.49
c8ffc1d8-72d5-4878-bc71-0dab47daff90,0c2c8a65-2d69-4155-9853-9a52bd6598e3,BEV-005,6,363.11
a107d122-08aa-4c94-92ec-1d12ca893d96,0c2c8a65-2d69-4155-9853-9a52bd6598e3,BEV-005,10,284.42
231654b6-a4dd-43db-94b8-0091895e16e1,c646096a-8fd3-472b-910a-e532d077a022,BEV-003,10,360.67
b9b978fe-f847-4cce-8bbe-300885625483,44eddb03-12e8-4105-b6ed-04980edd8c9b,BEV-002,4,718.14
eb7bf6a7-dcf3-48e0-bbc9-aa1ab58ba929,97e3e956-41a7-4392-8791-962b91244e09,BEV-004,2,225.19
e49802db-0b72-4a9a-980d-b17a0e57db6c,97c175aa-cebe-4722-883b-c9cb87985084,BEV-002,2,286.54
abf6da45-5a06-4645-8c5d-c4fd8c2ebe85,b2880b7b-94e5-46af-9796-e117c6db259b,BEV-005,4,518.3
dcb83ede-f5a7-4556-b2b1-c1dc836a5e4a,b2880b7b-94e5-46af-9796-e117c6db259b,BEV-004,10,430.65
93f73c7c-c280-4056-b603-aa84a4bf9571,2d0afdee-574f-4b02-b4f3-27035fc7e3bf,BEV-002,1,482.89
dc56b488-3592-4fec-930d-9b62a063a926,38c6de70-9a4a-458d-a514-4eacb5bc69f7,BEV-002,4,254.71
84c14c11-6c74-4eb0-b441-fb9822c8c12b,e11b777d-db5c-4c35-95ea-88fbdb60ed72,BEV-003,6,758.96
dfd2b782-4a6d-429c-9f60-436aec486d8b,7a707e78-8019-40a4-9313-aa6f2136e145,BEV-004,3,99.9
56811258-5056-41c6-a9cc-f68de0920e83,edd0c329-8e28-45cd-aaba-e3f8082106f5,BEV-004,2,899.7
39ddb068-72e8-42d5-ad0a-007038573b82,6c040352-e0bb-4b06-9663-5a70a1cc5d1a,BEV-004,10,852.67
369bd462-4e49-4b9b-bd04-94a5f639e411,8c9a231b-6029-478e-9d36-cb625028715a,BEV-001,6,492.28
dcb97896-290f-47b5-8c8c-481d0caf6718,f815d991-4e3d-4bdb-b251-74187565dd64,BEV-003,8,955.0
38503b42-4bee-472b-a707-a850993773a7,3623ed86-487c-44ac-83ac-7e4c60e218b7,BEV-005,4,825.7
a83aaaaa-763c-4aec-ba14-a17355c54089,3b038b98-ecb4-42e5-81fb-6b3a82a031d7,BEV-003,2,903.67
af2e9fa1-22ad-4791-ab9d-14153846f1d4,a554e996-bffa-4f10-9dfb-bc0ea5d9b6f0,BEV-002,2,627.2
89ae8a29-a79f-471c-96aa-682a162fd24d,fde91749-9973-420d-840c-c292e7686cdb,BEV-002,4,34.94
1b9ede14-70d2-4e47-b92b-07073016b7bd,3bde6454-19c3-41dc-a2eb-9b885aaa197f,BEV-003,2,689.1
ba0687fd-3bbf-4715-9f23-3e2466874f12,200ab1ee-8814-4b18-b27b-21b971dfecbc,BEV-002,10,534.72
9a44c49e-61a1-41fe-b44b-5dfbf0abc103,ea60825e-21a0-45ba-b0d0-c5b925ad804e,BEV-001,6,178.25
0b8a2b22-ea84-41e2-bf83-8fa7518a19b3,3b8f1e01-62a6-45d5-97ad-52432c82525f,BEV-004,3,744.4
e712b461-9884-4c4a-bca7-01869315450a,43f2eaf7-501a-4c88-abbd-e58519469ec4,BEV-005,10,42.3
ac232733-5a0e-463b-95e9-f7cee84a9c11,9e1d33e4-4050-4873-a273-e68d699a2d61,BEV-004,10,694.84
5f9d6720-d2cb-490d-af68-9e3e79acc572,13d9ec9d-77f6-4aa3-bb91-652007c9732e,BEV-003,4,631.34
7fec9a78-9820-40f4-b3b3-a2f1d82faaba,05c01032-3624-4096-8568-f5bd47f321c0,BEV-002,7,458.33
aee64645-ef7a-4cbd-8798-010f5613a441,83028c73-e124-4ed4-afc8-0f0a6901f70c,BEV-004,5,76.29
87be5667-c9c1-4d62-985c-8fe47a01be34,e532d24f-5612-4c42-a311-93d56e5c3075,BEV-004,6,921.28
186285ed-0890-4ba5-90e6-7bfc0e36b014,c6199c25-25d7-4d7a-8ac0-4dfe13a07f8e,BEV-002,4,813.6
1e97d579-b20d-47f5-b610-fa4099123972,a55b039a-9b7d-426f-bfa2-94148900fb07,BEV-003,9,33.16
c6b79578-d4fc-4ad8-bc56-85707ae93a96,a55b039a-9b7d-426f-bfa2-94148900fb07,JAF-004,4,537.66
24942339-994f-4a88-872f-8c7f564172e2,a55b039a-9b7d-426f-bfa2-94148900fb07,JAF-001,1,846.65
eed3198c-5adf-4083-8682-a2ee990eac72,9786b7bc-5ca9-4462-b9de-cd1bdbdada6f,BEV-005,7,13.77
7810f1d6-236e-4bed-8aa6-b0f60c9540a1,a1946d5b-34d3-4d4f-b3d3-f364e289541e,BEV-004,8,171.25
3972bad8-caed-4752-809c-c0fc5b9b8fab,0a4b533b-b5ca-4284-9a40-5ab5de0482fb,BEV-003,10,858.12
95d030f2-4a88-47d8-9885-ce27e8035909,0a4b533b-b5ca-4284-9a40-5ab5de0482fb,JAF-003,8,265.04
cbc2a4dc-5a10-4e55-a531-7b88f6d73119,2890334b-96d5-4b8c-970f-a1e984678ab9,BEV-001,4,695.05
7e7ca0c7-f8f0-460d-b48a-a3cacccb0ed4,2890334b-96d5-4b8c-970f-a1e984678ab9,BEV-004,5,36.99
d7938041-f889-4ac8-8a68-bfdb70399921,db13f253-fde7-4f48-ba63-db058cbd6ea8,BEV-002,1,127.29
96c5d91e-a26b-4320-bfa5-22bc050a53f9,db5b54f9-9c8d-4199-9706-64d890f8ca1a,BEV-001,1,606.18
cf751f6f-cdba-4783-981f-68e48b56c31f,fc9f101d-e2a0-4795-a3dd-1e60e7ffc07a,BEV-004,7,101.05
205d839f-d2ab-4bf0-8d8b-c49bfc2b2613,fc9f101d-e2a0-4795-a3dd-1e60e7ffc07a,JAF-004,4,712.18
46a41740-eaae-44d0-8bcd-b29efcc7a961,e6e99bfd-e585-4a67-be37-d6d1624163bb,BEV-002,9,105.3
64a7416c-843e-4d6c-89e0-c41a785d2dfc,363afafb-8c7d-426d-9f54-6ffb3f7f91b6,BEV-001,1,805.61
71cfc7c6-05e9-49db-86fe-03c08ad425d3,363afafb-8c7d-426d-9f54-6ffb3f7f91b6,BEV-002,3,253.8
1c8775fa-b74f-485c-9476-f7f24c919c3c,2c7de153-dcc5-4ba4-b93f-32fa7a2a1eae,BEV-002,10,940.57
2af28718-390f-4047-8796-6632a90c944d,168cb810-126a-4ace-89a8-11c5fb06866e,BEV-004,1,459.05
55f8bc7e-2a05-4527-84dd-d2b58227d62d,463d7ba6-6993-466f-acf5-2b9da2a73522,BEV-004,8,938.8
ef43b0a4-f4b9-42d0-aa99-8b5bc3f6e68a,bf5de953-9d7e-4c07-8688-845953522d5d,BEV-002,4,35.94
759e5420-dd59-4057-bb5d-3532db22ff81,2534b4cd-532d-408b-b94e-1d813aa3b131,BEV-004,5,965.35
17e0b5a5-b6c7-4f16-921d-3b6898b4a38e,b9add74d-e3ea-462c-8bfb-2a647115c265,BEV-005,5,917.71
e9644caa-1882-4970-bb11-76557310cc21,6cb93348-de27-4b30-bc83-06c7a0385b83,BEV-001,10,364.4
5f61fd50-01b0-4f10-a8fa-82454aca69dd,d3f590cd-e429-429c-92ba-d0212cb8e3cc,BEV-002,3,938.88
98c3c9db-0f6f-41e7-9a17-e8068b976007,a434d8a2-1214-4710-8136-437fd1c735fa,BEV-004,4,15.24
e0234bd5-e8cd-4ecc-80e8-3856bcee2dfc,45c3778f-391b-46a8-8d6b-84fb6a2ebc18,BEV-005,5,102.75
c6b183ee-b49a-4d9f-92f9-7801f5faf50a,343ebbfc-6ee6-4388-819e-ac12ea45933d,BEV-001,7,861.92
b94d759f-ee2c-4a15-9256-d6c2ba80fb87,dfd77fec-c4b8-4426-81af-28e2b7879d99,BEV-005,4,354.86
b5da4dc2-164e-4cee-9891-be6c1f06ede0,0af666b4-2f1a-4418-b1bc-11ed4d386089,BEV-001,3,82.69
26a3a01d-c5c5-4918-9182-8037f12df165,0af666b4-2f1a-4418-b1bc-11ed4d386089,BEV-002,1,942.93
b13bc8e0-03d3-4b34-9f71-6d68312049a1,0af666b4-2f1a-4418-b1bc-11ed4d386089,JAF-003,10,393.1
54955fc6-6972-48f8-943c-397b2175664d,0af666b4-2f1a-4418-b1bc-11ed4d386089,JAF-001,9,457.48
cc333b08-42ea-41fa-8ff1-048016b4704a,44550bc6-a778-47f5-af2f-c4ca2b47ca34,BEV-003,10,631.99
fe666f22-bc30-40d5-8c2d-4a022ff308e7,9c3cd5ce-5c01-494c-b85d-382fc683ff3a,BEV-005,2,424.18
c3e1e49d-d5d5-4f84-bf72-5535debf2659,0e07f5ed-356d-40b9-a54c-f6d584f5339e,BEV-005,2,430.4
8b77d5ff-af2f-477e-b558-512bb3b222d0,e54f8ca4-7ff0-4dec-9b97-ae69f6e2b0da,BEV-005,6,673.0
50959435-3e2d-486e-9b08-45527e7c4e54,ac511486-d568-4dbe-a0f6-a7ff5098c9e5,BEV-001,10,904.87
02528a77-ef9b-4355-8870-a6be139890d9,f296c5fe-4ee5-4e0d-99f2-e653d40f5b04,BEV-002,4,550.8
70067bfa-12b4-4cdc-aa5b-fbc92bbe5400,e8ac92dd-220a-41ed-ae22-307cf4ac3e9e,BEV-004,10,655.51
b329389e-c067-4213-b092-5ed8a6df4df2,84a98bec-f710-4be2-9384-00e4ca7c467c,BEV-003,5,653.11
591baa03-9987-4f63-aad3-32abc405c37d,12b3f650-c0a1-424d-b77a-d3ec4e62b44b,BEV-003,10,833.5
cdfb7d12-4ad7-4a31-b7b2-93ac9812d40d,9bbbd65c-b1fb-46fa-b7eb-5ad2cf6a3acc,BEV-003,1,917.72
98875687-1440-42a5-bdbb-e58a1efea859,920f4d9c-2a3d-460d-add9-d6c830a3ee9c,BEV-004,7,27.6
7c8f4d07-c366-47a2-9132-0e273b1372f5,29d27c51-e5c2-4f1c-b8da-8bf137e40f3a,BEV-001,5,82.0
4d2acb3c-f453-4839-a1ce-b84485039031,c1a3c5fc-ef82-478f-8853-1d0ab35dd36a,BEV-002,3,293.23
aec72576-ad1d-43db-87c2-3fbfbcb6925d,23d3a98b-4642-41e2-88c9-21a1c82149ec,BEV-002,6,795.17
58c8cc36-bd37-4d1a-b84e-058b670be144,0de69bca-1f27-49cb-8990-e830adc5e403,BEV-003,6,350.1
1969031b-6a40-4b99-911e-924f572042fd,0de69bca-1f27-49cb-8990-e830adc5e403,JAF-002,10,719.03
52190347-2c9b-49f2-b201-7b8deabeffed,953e6112-7e21-494d-b701-1be8acf45d18,BEV-003,3,262.02
0cb13486-d8c4-4df7-9421-553e08885a9d,ca67fd17-937e-46aa-8f81-c7df9a904584,BEV-001,9,75.48
ed16fd24-8f4b-492c-8469-b42a54a52471,fac0dc5b-cc76-44e3-a601-3d5a24450bf3,BEV-001,2,504.5
707e4b26-fdbe-4916-9c48-55396c6bf004,e364b763-d8c1-4b4c-a2e9-dbed6d466925,BEV-003,5,94.96
3ef71fca-0fa9-4d9a-98c0-22c0a276fee2,23e08236-211f-4310-b761-29641dd0a430,BEV-002,6,401.46
2d297f43-ec61-497f-91c7-26f61e9d396a,f739db80-bda8-4dee-a758-8cc9d8f56b9b,BEV-004,10,655.54
19af0acc-32e1-4ef2-bc90-b819fff3b34c,93ea6c98-09ab-4da2-bca9-a875d8fab4b1,BEV-001,2,394.62
c0b56705-84e5-44e0-9a73-ffcc41805e34,93ea6c98-09ab-4da2-bca9-a875d8fab4b1,BEV-002,7,231.77
9c454294-2cc3-4e92-ac15-e00a9af7672d,9e558d2f-d8f3-460b-aaf5-147c63eb8700,BEV-001,8,422.16
b67c4380-f9e2-4bcd-ba5f-172aedfe0857,9e558d2f-d8f3-460b-aaf5-147c63eb8700,BEV-001,10,304.26
e5cfc286-ddb3-4f43-8e83-d15d8471dfea,f9d5ae7e-9eaa-4c9f-9df1-a403a7233d43,BEV-004,7,603.34
82df64c0-46ab-4f28-947d-f127e6caab3d,e9e6dfba-1233-4422-8658-0fa370ebfa67,BEV-003,8,631.23
7e268db9-a084-4dd1-8946-c631e8548483,bc6f9fc9-d4ab-4654-93fb-b3c8f9ad5bcd,BEV-002,1,277.37
cff1374b-ecd3-4b7a-9e59-48d1ee20d4b0,c0b198cc-54cd-4f8b-b0f2-3b5718490352,BEV-004,2,430.17
9f3943ee-8676-4753-ab9e-e5d879de8ad9,20767f1c-70a7-4557-a2ea-1ce043140c7a,BEV-004,4,350.13
f294e8d2-f1fb-41de-ae83-32435adc1b44,368cd0fe-88fa-4849-bd9a-09541124d893,BEV-003,7,168.01
208b7f02-8971-4bda-9f50-559f79db2a2f,12b7386a-fd39-4692-8306-7fbde4d34080,BEV-004,8,546.76
326fe928-fb47-4864-a23f-b21cb31f5b2c,d1638452-1e36-4fd9-8a9d-b523d638c686,BEV-003,7,615.88
13013112-bf54-4835-b3cb-aaeb0e7b9f3f,2d62617e-d029-4f1b-aada-c2c522f1e220,BEV-002,1,581.19
a75d2c04-5c7f-41df-8ece-f1b8abbb5c67,145b953e-e6d4-4a06-bb54-4924c37cefa5,BEV-003,1,195.88
a3049c54-4221-4b37-9d4f-fd1213696df7,3277e674-cca6-4097-8443-af4d3faadaf3,BEV-003,8,74.93
aa3ea832-c5df-4695-a5b1-fb814da0a63e,3277e674-cca6-4097-8443-af4d3faadaf3,BEV-003,4,169.21
44a81658-8342-420f-8740-922c22184109,ed137ccb-76f8-4a3b-9014-ce6b02c33a9e,BEV-004,4,311.09
4e44af13-c29f-4827-823a-953bfe6bdd25,2a6c5ca1-b622-4cc1-a177-e0d75bac94ba,BEV-004,4,50.3
34c51307-76b1-4fa7-a037-8d29933e4f8b,7ed985f4-dd38-4896-9ca7-5a0607f2ecaa,BEV-004,1,460.77
d0cb5ef2-664f-4d11-b325-a4a5db301c33,84a595ef-1bcf-4466-9a8a-1d6dbbdaf030,BEV-004,6,372.96
2ee66a48-f4b4-4ead-b74e-cf7f471d2c3e,4ff58ef4-e716-463e-aa87-d994ff32297f,BEV-005,1,332.59
182f1cd2-4e39-4c27-8584-b2ad110ca2f2,4ff58ef4-e716-463e-aa87-d994ff32297f,JAF-002,8,242.77
bb61c406-172d-4bca-a011-a79af0373b2f,2919ac5d-9b4c-44df-b6cc-dcd3d299465b,BEV-005,5,970.97
155c5f97-2357-43ee-ae2c-cc258ae8c901,6a5eb17a-06e9-4950-96be-7e474daefe19,BEV-002,2,468.28
2d1cfb76-c94d-4cd8-826e-9a36fdb1ed0c,6a5eb17a-06e9-4950-96be-7e474daefe19,BEV-003,9,740.54
00568f50-797b-4779-aa65-5d5f62c5de05,f87323fc-d96e-4a05-a017-726bdd19ab59,BEV-004,6,986.22
a9bddfd8-dcc6-479e-a442-78fff1768df1,f87323fc-d96e-4a05-a017-726bdd19ab59,JAF-004,6,690.63
0d0e540d-b965-4aa0-988d-6c2ee3d2c6aa,b2bdfcfa-cea7-49d3-9945-780fa2297573,BEV-001,6,721.78
e648e5d0-c180-490f-956c-508488f5749d,29f14609-0317-416f-a3e1-927e82854159,BEV-005,10,19.69
48e80cb2-b6da-4bd8-b810-366be9ca28cd,9a1bcee0-3647-4e6a-b7a8-8f60199a7b72,BEV-005,5,391.76
0e72632c-8472-4045-86b9-3e7e2e57b403,122a246f-7cb1-449f-a4fe-62d67d921ef4,BEV-002,5,259.52
3a09bf3a-4040-4a68-a086-320af8ec62cb,b7bebc55-8ff4-4e2c-8c3c-0e64b32c15fc,BEV-005,4,572.53
bc545ea5-bd94-4081-8605-5ab070c89a5b,a782b4f7-3713-42cf-995c-6a2a0e1bfa47,BEV-002,10,496.75
13dd0088-7f91-44bc-935f-e8d18f493224,a782b4f7-3713-42cf-995c-6a2a0e1bfa47,JAF-005,7,92.29
289bac3e-dd1c-4fa0-9c1e-4254dd92b2e3,fb8f692d-0783-48b7-9716-941990cc64ad,BEV-003,5,308.42
c173201f-472d-42f5-abd5-8b21416a8cd6,7836749e-e702-444b-b1fa-f71ae4269826,BEV-004,3,397.03
90219186-ace8-495a-965e-a757a666ddb1,0ebc2c6a-c965-4789-b15b-e699eafaf7e1,BEV-005,1,601.04
cb87cdf1-bb7c-4ccf-97c3-01bd98106f38,1e6a4cce-6951-4b32-9bd3-01afc4a199e6,BEV-003,6,705.26
797f8053-038c-4111-a090-f4e3e4129aed,9e39dcbd-8307-48b3-9896-f9e654367e1e,BEV-001,2,377.33
f71888c7-5bdf-48bf-8ccc-f1af94a60d2d,9e3505c2-f232-4c74-99f3-bdcef77eebbe,BEV-002,5,595.46
e280daea-ef68-44a5-9e03-f70a0c53a694,27c7e5fe-1456-48c2-8aef-45714339a19a,BEV-002,4,107.59
50c04be8-3d8b-48c5-9042-c36120424792,8bc660a0-c659-4444-954a-953d5efe48be,BEV-002,3,467.97
56cd081f-aca8-4914-9f3e-6a990e04a3d9,240fb4d6-285c-4e15-ab5f-6443caaf3d4a,BEV-003,3,836.0
5ea58b91-f928-47c2-ab37-625e100a854d,22da2ace-1b98-4322-b64c-9a0249ca751d,BEV-001,8,891.12
72580f87-523e-4ef5-98b2-13ffecebb106,24c92bf5-a844-4138-9e5a-f9fd2accc307,BEV-001,9,515.56
f42da012-5ae6-4562-88a2-dff86f1b20af,8fc6b421-aa86-4314-beed-733713194ef9,BEV-001,7,73.96
e3615ba9-ad27-4dc8-b433-87aa7eb040b2,8fc6b421-aa86-4314-beed-733713194ef9,JAF-002,7,535.64
bf04724e-df98-4ee6-bf8f-4f817c921ff7,ee42201e-ec16-4a19-8831-cec9f37d01d7,BEV-005,10,132.55
2181f069-92dd-4f72-bb59-c6f9ad321bf0,f4fd083d-c547-45a2-9466-ee5e6baa62bd,BEV-005,7,415.32
a360e637-c80e-406c-afcd-3865ad00f779,c156d758-06b8-4f8c-835e-83cef89f1506,BEV-005,1,480.89
7bd12a41-61ba-46fc-92e0-2a4473d858e6,a4deec45-b8f8-4aa3-826a-0ec9c3ed7cc3,BEV-004,3,808.31
b447d8a4-e471-4858-9300-6875c00bcaf0,2816bdce-f336-4918-8002-5865b1107f2a,BEV-002,3,363.32
4cfad602-e384-4f16-a228-90c27fd2246f,5c270fe6-64c1-4917-aa20-97bac4215fa7,BEV-004,9,364.2
94b6c5aa-fe34-45df-93e6-f41b88185eb1,37232b8e-8176-46af-9afa-95ad16751c10,BEV-003,10,798.28
1e7ff2d4-e197-4bd7-bd4c-2f932e604ee2,bfdcb73e-0df7-4623-b8e0-e3ce4a9a931b,BEV-004,3,526.72
acfc00b9-3443-43e2-91c0-9348eebebc47,4e9da9c2-ef8b-47bd-9acc-a525edd3727d,BEV-003,1,754.27
56c90f91-056b-4f9c-82d8-ccaab34f7b61,3eca6f28-b93e-474c-9fcf-eaa3ca299bd5,BEV-003,3,513.36
393e58a4-9be3-42de-b9e0-8e0f80318900,3eca6f28-b93e-474c-9fcf-eaa3ca299bd5,JAF-003,5,148.83
3b25e2df-f929-4963-8ddd-6f8b5ddb4b2f,a396f289-18a2-436f-b668-5543d218e56b,BEV-004,9,677.5
182aebdc-838c-4dcd-8927-12865d0eeac0,37c273b9-ddb0-4898-9c76-e26cf92051c7,BEV-003,2,262.51
64cde812-dbf4-499f-841b-e927f8fbc216,17631fa1-090f-4adb-9f80-40d589e6f69c,BEV-004,6,243.52
6b0ec9b6-8c8d-4c0d-9b39-f93574cc00ba,17631fa1-090f-4adb-9f80-40d589e6f69c,JAF-004,8,482.66
1b519562-e8c3-4bfd-b226-817187961de4,17631fa1-090f-4adb-9f80-40d589e6f69c,JAF-003,9,598.24
a0077f9f-64fd-4304-b2c7-cd087fc14b5d,17631fa1-090f-4adb-9f80-40d589e6f69c,JAF-002,2,29.41
88d68b2f-c40c-4ce4-abe9-99ded79bc850,865a958b-5fcf-46cd-8368-d9ffcbb8e1c5,BEV-004,10,127.54
a26ad73b-ae50-4223-be78-bf6f4fd8c024,865a958b-5fcf-46cd-8368-d9ffcbb8e1c5,JAF-002,5,283.1
ad1785f6-6978-40fd-a66c-601d2c7ebdb0,d70f7a95-1ab1-4bde-9a21-326c0773b6d8,BEV-001,1,62.55
a635829f-221e-4b2c-ad0d-69250fb4e1c4,c8ec8d4e-11f7-4528-a8c8-29f5805c58d4,BEV-005,4,321.39
4091a11a-50e4-42d5-83be-f2fe53655364,c8ec8d4e-11f7-4528-a8c8-29f5805c58d4,JAF-005,3,465.15
e90417f3-7225-4063-8612-4ad133c94008,2538f43a-2d43-485e-9cf7-41380dc08a16,BEV-003,6,369.62
34555741-d81b-4d69-bac4-78e9221966d4,79889d7f-f43b-44fc-a046-6958b7901bd7,BEV-005,5,159.23
ff9c1d03-caf2-4d65-a2eb-033a5348114b,5fd12e1d-89d5-4679-a07c-7e1fb4e863b0,BEV-001,9,769.09
c1596d11-abdf-4c6f-989d-2c2cd3ae0ce5,85e86907-8cae-4062-93ba-d6da2dc0a453,BEV-004,10,132.68
7195cf5f-29db-4f79-9afe-6b5d547fde37,485d0efd-e390-452b-8486-8c772eff8b8d,BEV-001,2,571.7
263d3f32-e9bd-49d7-8563-5871f2b09d41,5c480453-b95a-4f09-b653-eac36887689f,BEV-002,3,814.05
bbd048f2-cd40-425f-9b20-f97bcd0e9da1,d3031291-57cc-4046-acfc-229e7b0d7c2a,BEV-003,8,551.21
122e3044-2e3d-4ce2-8784-2d6a4e7c7b37,d8a3154a-2acb-4a6e-ab35-2fe48b5c2f43,BEV-002,2,813.39
eabe4a4b-3a7d-4b48-934d-f7ba52db1354,7cae0ea7-1c04-47bb-bb06-a4fedb69b063,BEV-003,1,574.26
6709eac4-f535-47dc-926b-bf8d7fc75d45,fbbc9a83-adb6-452c-bb2e-b67a2764a2a6,BEV-003,6,710.82
ff6b0b3d-4496-4969-971d-57ca519d3e25,16959cff-c124-4d3b-bfb5-06ab3560daea,BEV-003,7,315.13
06345204-b5f7-4aad-b4ce-a7ae6d5cb01e,b0ce60e4-8525-41c8-8496-a3cbdad0e73a,BEV-004,6,658.97
549e0dae-9c9d-467e-9c6e-c21d787dad24,779fedf3-6f35-442c-9efa-f1a81bf10c47,BEV-005,8,247.97
650cd27f-19a3-42ed-a7f4-9ea3b83c50f0,fdf1f509-5c1f-42ff-ba2a-01ce0079f487,BEV-005,6,769.41
7a98c7c7-9144-42fe-819d-15901f20205e,d404d17b-5772-40c1-ad42-aca83376c6ea,BEV-003,10,373.76
b0edfab0-9cd1-4f2a-9de2-a5d742b16327,589dfbb8-4ea9-4bf8-a7d1-2a924a21b2fe,BEV-005,6,487.17
b4861a27-0942-484f-b3fe-a4d253f18dd1,257e81d9-a37b-4eef-a720-d02d786c8baa,BEV-004,5,99.11
8a11f44f-0307-4786-b19f-c7bfec7148fe,2a10a018-526a-41de-b234-95419393461a,BEV-004,8,924.68
164a2638-09c4-4818-b02e-e033c8eb392f,c25ede3d-33b9-402e-9dbd-a86bbafb22b0,BEV-003,7,890.11
1d547a9b-1642-4067-9971-55d8e5aa6a50,28237df4-df9c-44ea-97a3-1a8e3a45bc9f,BEV-003,9,970.06
44161ba8-c97c-4f18-9fc3-503e7f110b6f,c14a52cb-a261-4ec1-9093-cd0805f23f69,BEV-001,8,990.42
ade54bda-bf34-4cfc-9250-6ef17b6ab1a1,b667d51a-678f-4798-b01c-47a310b783c3,BEV-005,2,740.85
db79549c-91a9-4388-92f3-1a7d84501859,a5e49bbd-4cde-49ef-83e1-d6bcf9b78e3d,BEV-005,1,16.32
8d1cb098-5ea4-471e-9886-cbb3b9e1f945,bb966c0a-afc3-4791-8e90-65a3507a867e,BEV-003,2,256.25
df2e54ce-4ad6-4a57-88c6-6acdc0af11eb,47e0fa05-ff2c-4255-abfd-d988a6ec5cf3,BEV-001,1,810.86
221cc114-2eb6-4086-8c04-50d48df66849,286dfd94-5ca5-4dc8-9b41-22a056c53d9a,BEV-003,8,770.02
72044245-6cc2-42d8-b8b1-070ad48d7313,cf28ea45-c980-499c-9dd7-764341263fc9,BEV-001,9,15.72
57cbeff9-62c3-4bd9-a207-b6cfef37e13a,8b91a6af-c7b0-4381-9731-f25e03d713fc,BEV-005,5,991.61
793d0c1e-ccdd-4a26-a35d-56052afb509d,229b50e4-601c-41e0-b87a-b158d424c6ae,BEV-003,9,215.05
273a4826-fa29-4adc-9e20-b806ac52ea28,b6e6179f-910b-43d5-8266-a83feccf522d,BEV-002,2,877.61
205f67d7-633b-443b-b714-567daf742eee,5501824d-5537-49a1-a894-a9a51928abb0,BEV-002,9,331.91
b282e40f-1885-4394-990b-3a6fc987fd31,5501824d-5537-49a1-a894-a9a51928abb0,BEV-002,4,395.72
478a79e4-888b-4a33-91f6-425186fc9867,5501824d-5537-49a1-a894-a9a51928abb0,JAF-001,8,635.71
4be0c0d7-c0ec-4f4b-b767-cab1bf5b8b44,5501824d-5537-49a1-a894-a9a51928abb0,JAF-003,8,970.92
896319ed-f0c8-4530-bd4d-2b657f353d12,cba44320-64e6-458f-aa1f-f98f27245f43,BEV-004,6,704.73
94b4d4bb-ac9c-423e-a2a7-1a0b25415213,3c03acb3-4cc5-4912-965e-a5a41fd2722a,BEV-003,6,601.4
ee9965cf-525a-4b0b-8427-8c1badf8bde9,2ab7f29d-a0ba-431f-84a6-b2e898928274,BEV-001,5,565.23
4699eae1-f8d9-4000-a454-2d9cbaf9b17a,27184b1a-65b7-46cb-963b-4cc775fb610e,BEV-002,5,304.63
ce3aafdb-91f5-45e0-8b12-7247a31e195e,27184b1a-65b7-46cb-963b-4cc775fb610e,JAF-002,5,542.39
dba26601-3058-4330-9229-3bf3cf435e71,fac763c8-528a-4fc3-bdbc-0b8db4b5e68a,BEV-001,1,907.9
1003a27f-c83e-4c65-a1db-f64fa667268e,6a10f7eb-14a0-485c-a128-0a9c535d999a,BEV-004,5,50.15
fd1eeae2-eea9-47e8-86ab-aa3fc08e71c1,2b03422c-fd87-410a-ad84-c2fdf5465541,BEV-004,10,945.93
33144cb1-99d0-4b2b-9296-4f6272a0b09c,d4453da4-3b67-42d4-8bd0-1c5a44445778,BEV-004,5,468.62
0ca8dd7b-3d1d-4fd9-8710-992999181af4,af33e1f8-892f-42a1-bd4a-700896d72eee,BEV-001,6,870.91
eea9ee59-a378-4631-abf4-b927e5b2b927,ce7f4035-d77c-4fa3-95f0-62e473b799eb,BEV-003,5,902.15
299b4162-ba22-4556-a2c3-dfe1fe62beeb,ce7f4035-d77c-4fa3-95f0-62e473b799eb,BEV-003,10,287.59
15e33d7b-6390-468d-a212-7641f17dc80a,d1c5bd59-ba93-4fe6-a466-f9a7109b9aa4,BEV-005,7,214.8
53f783fe-9fb2-45f0-896c-988413132748,973225d1-7f67-4a9e-820e-0a2bdb0b418f,BEV-003,3,892.41
bbdb91ac-663d-447c-a31a-bcb2d8cc30ff,973225d1-7f67-4a9e-820e-0a2bdb0b418f,JAF-001,8,112.29
84de4850-e07b-4e1e-a879-9f6b3e05c24a,973225d1-7f67-4a9e-820e-0a2bdb0b418f,JAF-004,1,609.8
86611b67-f582-4618-ba50-c611d437c597,973225d1-7f67-4a9e-820e-0a2bdb0b418f,JAF-002,8,51.03
45fa9f1d-9f27-4d81-84dd-a1a23c5537e0,1cc64173-1e10-4b16-ad2c-c60e9d2cf648,BEV-002,10,483.02
c9717715-7fa2-4ec7-a49a-56820e3f5c00,9c115e78-050a-43ce-a78c-7a3e81d76d78,BEV-003,2,209.56
7a43f0cc-2717-40df-ba65-3ab4dc54ea9d,98436df2-e0d3-4c75-8295-589d5bfccdb1,BEV-005,9,565.96
4f48b2bb-8efe-4a8a-adc5-6be3503942f2,a9e93dc0-99c5-4305-89e3-0193be69d45e,BEV-001,3,867.52
0f6cd8de-a549-43e4-96fb-a01fc38600e9,a9e93dc0-99c5-4305-89e3-0193be69d45e,BEV-005,10,891.0
c2afa437-eede-4e4a-977a-23df427c4099,a9e93dc0-99c5-4305-89e3-0193be69d45e,JAF-001,4,736.34
e0d088c2-48eb-4642-ba3f-4aaea20d9f9f,d366dc0a-542b-439c-896f-6bef8c4694bd,BEV-001,5,795.18
e3072323-fe23-440a-8c36-2acec3f71dae,d366dc0a-542b-439c-896f-6bef8c4694bd,BEV-004,5,211.31
d4a97c85-cc8b-41b0-a817-c621c3c6f949,fce684dd-bccc-4759-95cf-fabf42f19d78,BEV-002,1,92.66
70b06ecf-dbed-46e0-92e6-4cdb6b118a8c,9aa4837f-bf98-43bf-9342-4d9ca7d3fd0a,BEV-005,5,288.35
43fa3901-72ce-4ed7-b62f-594a6a485a17,9aa4837f-bf98-43bf-9342-4d9ca7d3fd0a,BEV-005,5,125.38
e0c1bfe6-6314-4894-88b1-d7ae3077d598,1f5dc4c5-d561-4699-a764-646825d01ea2,BEV-001,6,768.49
62edc918-28a5-4122-a7d6-246352077e94,0e5da225-4172-4185-9abb-8e7fd25996e0,BEV-002,6,748.44
d58d5697-80ee-4820-a77a-511ee01ec05c,aeb0589a-ee2b-4d83-b78d-299173c70380,BEV-003,3,401.58
ae2a1391-c6ba-45cf-9684-692a39b7341b,12451eae-9710-47f2-a698-52fe84e5f9ba,BEV-003,2,580.24
b9a32076-4d7a-493d-9ee6-bc00b200cd3e,00e287a2-9fca-426d-a58f-53766ec7b98b,BEV-005,9,633.21
ecd023cf-e25e-4ad0-80d8-9738d0cc6817,f34b6789-ca30-47f1-bd41-64f45a878565,BEV-004,5,882.98
0a169e66-bfdf-4179-ab2b-5664fae60f63,3aafa82f-e753-4ad0-8f32-e29c047bd37a,BEV-003,1,701.84
47bfa457-8eb7-401c-a20d-cb5dfd32fccc,55a9458e-637d-47b6-bc53-3896bdd776e0,BEV-001,9,204.06
8757e7c3-6026-4316-a5ef-cbb86fe3305f,82bf2a11-5618-4b0c-bc3d-cc0aa6dda39c,BEV-004,1,116.16
308e4fc5-d012-4417-9f7c-ffe60c7131e9,1eb41cd6-0658-42f2-ba94-161d022b5e49,BEV-003,5,89.11
87c3fd11-d3f3-48f2-a349-d56a4faf3157,6a1da024-65ef-4943-88e6-d14e5e910bbb,BEV-002,8,407.74
601ae4b5-c38b-4e54-a38e-8a2741a34ee7,500f3f61-dc3e-46d3-b7e6-80a5e87e30d4,BEV-005,3,61.63
0c62ca92-e17f-4f37-8b85-0c6a977dd3be,8f3f7baf-8ed3-4660-8f8c-be3e4718912d,BEV-004,2,226.31
59ea95a2-2e73-4c7d-aca2-bbbe76c89312,dd448c2c-773d-47b3-bad6-e4147cc36a01,BEV-004,5,855.43
833011b5-7cbb-4e16-9e16-290b88fcfda4,dd448c2c-773d-47b3-bad6-e4147cc36a01,JAF-003,1,853.55
6873307a-c1c5-46f2-b7e2-e411192df94b,ceb072cf-57bf-425f-9b4a-c2f35c095e28,BEV-005,3,663.29
9c2a2f0a-4277-4b40-8cdb-829d1de9db7d,ba1171ed-0a18-448c-8516-2f226e5e1211,BEV-004,1,559.57
9f096e67-7662-4f5e-bb1d-ecc88ad4e894,f408a5a2-7918-44c2-a9b3-e59edd307bea,BEV-002,4,873.46
7cf52b7c-a417-4452-bd95-affc9b4f133b,f408a5a2-7918-44c2-a9b3-e59edd307bea,JAF-002,2,657.49
da6eb6f8-c94f-4a4b-9f7b-161a939c5bd9,7e6f9fb5-01a2-480a-8317-1015feffc975,BEV-002,3,251.86
6bef37d7-99e8-4940-baa9-6e3989342efb,7e6f9fb5-01a2-480a-8317-1015feffc975,JAF-001,5,779.02
0358c7a3-3da4-4714-8a7b-7b0b5c574d4a,34f3ce4d-a697-42ba-a0b0-1f0b6d3a95a6,BEV-004,4,571.14
7e005cad-be09-4c8f-840e-a92fb6ba49f5,c53b42c1-c979-4fd2-96b0-6c72b51eb85b,BEV-002,9,711.18
0949732b-ec91-401f-ab7f-b005b27bac8e,3f035ca0-86fd-483d-a1e6-f28be3e17bc0,BEV-001,2,915.23
a23f5f8f-c2d8-4c01-9f19-0b23ff70101c,c47a9248-82b7-4a51-9040-16faf90ddb45,BEV-003,9,695.94
0a0da7bb-c02d-4a0e-8cd3-ba34a98f63c2,c47a9248-82b7-4a51-9040-16faf90ddb45,JAF-004,1,964.73
78f41d5d-f1bf-446b-a6b8-dc083626e451,f1d95ca0-bd16-43b8-b759-34abcfce8c96,BEV-003,2,788.98
6e60583b-d3c3-4c67-a554-35cb0cff4ad2,b3c4692c-d7f0-458b-a95d-810bd6ca4ba5,BEV-003,9,437.88
2976815e-a120-4318-8533-254a7a501eb6,b3c4692c-d7f0-458b-a95d-810bd6ca4ba5,JAF-001,7,840.57
8cce1a8f-b400-4298-a475-f26b8f935891,3d13306e-0547-4f5c-acf6-7254da959a04,BEV-001,9,267.7
737070d0-7304-4e6c-8445-61f2d4cc9fa0,3d13306e-0547-4f5c-acf6-7254da959a04,JAF-005,7,529.5
981778a6-f305-446e-acd1-d79b3af5f4d1,db800eb5-3ef2-4603-8235-e530a1ca1e47,BEV-001,7,525.74
54c8f434-1d87-4495-8be3-1819257f579a,1e61f2d3-2f1d-4cca-89f1-849927ee5236,BEV-002,1,384.33
6b924a4e-c165-4cba-af91-cf4feef8fac2,e88a8e1e-66ab-4673-a5ff-997edac6561c,BEV-004,6,522.27
159ed0db-80e1-4f90-8734-9d35706fc208,b851d90d-1504-44e4-914f-bb24ca681105,BEV-003,5,793.99
681743c5-ff08-4346-9db3-b4f9ca14e061,b851d90d-1504-44e4-914f-bb24ca681105,BEV-004,3,967.66
859db548-43a3-4a5f-a094-a6c60ee4cece,ebe43603-af8f-4660-ab01-54db959813e6,BEV-001,2,621.64
17d4f2d0-52b0-48b7-b0e2-05df4cda0b71,ebe43603-af8f-4660-ab01-54db959813e6,BEV-003,7,229.88
a9361294-f04b-4249-9e93-99880ad3bdf2,c8a3d8bd-ca64-42c3-bd47-e4e22f042d5f,BEV-005,9,677.39
504cd832-36c7-44c4-8584-aa0a6b85a626,3e888362-3154-4705-8716-7727711f79d3,BEV-005,7,942.24
06860770-e927-45c8-9ed9-a1b198c06ce0,d5d44ff5-2997-4c91-b1ee-79ccfdb64140,BEV-002,5,503.5
7745ebb1-7933-4d61-9b76-dbcb4153b053,8feaecaa-b86d-45cb-848a-b52557a4eb5a,BEV-005,2,701.92
db70b04a-7b94-496e-a46b-03c57b97c385,a97d9a5d-2b4a-4396-8af9-65d69af83caa,BEV-002,9,147.12
ce89709e-d803-42f8-9885-62446fad7684,a97d9a5d-2b4a-4396-8af9-65d69af83caa,BEV-002,10,201.39
0aa61d2c-18ce-481f-84c0-bab370baa8fb,7bc80e83-d8c4-425f-9e92-2f2a1da12532,BEV-005,2,49.43
355d430f-0fe6-4e0d-a0e3-2986eda02e10,d4e61097-2e14-48ec-b8ea-b3ea89562810,BEV-005,8,407.35
32a73e1d-37db-43eb-a95f-c81de0ac7d83,c1dc4365-9943-4245-a3fd-a4d0ec28c4ad,BEV-003,2,579.51
4013876d-cdfe-42dc-ae28-917b734984a6,c1dc4365-9943-4245-a3fd-a4d0ec28c4ad,JAF-004,1,291.38
531c5ca5-4ec6-4ae3-a0a5-0a4272dc038b,abfaddfa-9199-44e5-a8c2-eb6b10264b79,BEV-002,10,716.48
9557f47d-02de-45b5-a00b-cfebdc7a8493,ea4887ae-452a-4099-9132-23c5633968f7,BEV-005,1,606.26
c05b07b7-f5ff-439c-8eca-e319d87e6f4a,bdbd54ef-de10-48e1-9eac-90fd0010b1e0,BEV-003,10,990.27
d4c050f3-df03-41d0-8995-1ee6b1091168,d2e2104e-41da-4bae-9592-3b99db67c851,BEV-004,7,420.38
ca969fd7-af1e-4038-89e0-14a0911f0388,d2e2104e-41da-4bae-9592-3b99db67c851,BEV-005,3,638.63
54baba03-e0bc-434c-a0f8-304a8ad55b53,d2e2104e-41da-4bae-9592-3b99db67c851,BEV-003,9,752.82
d5b06861-b1d7-4fda-9670-d05671f34350,d2e2104e-41da-4bae-9592-3b99db67c851,JAF-001,2,362.93
449b0195-697d-4ed1-9c1e-580907712f28,d2e2104e-41da-4bae-9592-3b99db67c851,JAF-005,7,704.17
8806c585-5240-4938-8aa0-9590e98b2c8b,d2e2104e-41da-4bae-9592-3b99db67c851,JAF-001,4,629.68
88852c9f-3124-47ba-9da8-4a17e9708ef4,d2d1f72b-91c6-4577-a012-cf0ca3063138,BEV-001,4,541.46
bcb5d3ec-c70b-4737-b6a6-a0b1a9b1f014,9a925a2d-4bbc-4af2-91b9-8c0e669e7572,BEV-004,6,768.79
73a0c4a1-e798-4d34-9bcc-21056223f098,8da4dcac-adfe-444e-8b2a-7f308de611f4,BEV-005,3,519.64
a1576acb-0cc1-4fc9-8537-84c57aad7dad,8da4dcac-adfe-444e-8b2a-7f308de611f4,JAF-003,10,656.25
97543907-eac2-47d9-a171-e6f772edbe92,8623d722-9275-4d05-8033-49c7951fda7c,BEV-003,9,636.23
133f8ab9-2772-45f4-a5c6-65c5594234e9,9b64adc3-a05c-48e4-bf1c-ba42e238af63,BEV-003,10,152.26
9c05f791-66c7-48c0-a65e-5a1696444194,522f9a03-4346-4222-be35-c0dba45d852f,BEV-005,10,267.77
7790cfbd-ceb2-4f8d-919c-b7161edecea7,522f9a03-4346-4222-be35-c0dba45d852f,BEV-003,6,498.7
b277cc15-04e6-4c9c-a25f-07a39b3d054d,e7b86b2a-dee9-420f-9b93-01cc46bcf01d,BEV-003,8,873.84
1ebbd12b-014a-4a54-9330-072b509df037,80334a2c-8848-4a36-b9a4-0ab147780210,BEV-001,3,887.97
04686df7-0074-43af-a265-4796a45be4d3,b200fa87-321f-4bba-a075-a7eaff993eba,BEV-003,9,133.69
56c9c353-6f6a-4617-9041-c15455b7c45f,13af90e9-1bec-4840-bc87-97c1f6124c9a,BEV-004,9,205.97
cce854b9-d900-46ea-9dc7-89e45f95e357,13af90e9-1bec-4840-bc87-97c1f6124c9a,JAF-003,8,986.78
78a4274c-36f5-453b-8cbb-2c675afd46f4,a04b6683-ae3d-4718-a865-0a62b15e0424,BEV-001,6,675.51
56958dc3-964d-462d-b82e-70b1f3c4fbd1,a04b6683-ae3d-4718-a865-0a62b15e0424,BEV-003,7,604.65
fdd5e247-a1bc-447c-9441-d52fd60399c6,5d0967a9-e82d-49dd-81ae-cf89dbf43004,BEV-005,3,896.29
532f386b-8de9-47bf-8ec9-51acec7497d1,bdd5f13b-1198-4b66-8af1-db76186bc806,BEV-003,5,984.13
123516f6-e5dc-4cff-8b37-dbd280c3ecd9,c7ae3144-44fb-4df2-b098-c60a8af8ecb5,BEV-002,2,325.11
93ff2c31-0f7e-4e55-bff3-066241336588,2a8d2639-479b-424f-8abc-b06f422271f3,BEV-001,5,865.08
f5ff2fff-0dbe-42ce-95a7-aca5bbfed936,2a8d2639-479b-424f-8abc-b06f422271f3,JAF-002,9,219.64
6df52397-607e-4b53-b4f9-4627004b39f5,1821723f-c8f6-45f7-877e-04f7e817ffc8,BEV-005,9,99.69
33488e34-bac6-498c-b634-91d5079fd964,21b540df-45e0-4589-ab0f-1985486ff539,BEV-004,5,531.07
ed0bb75d-5f69-4b72-9aa1-dbdfdf77ad82,ce520012-d9b8-4cee-97e6-8f7668605b71,BEV-003,9,468.48
1b1b9940-cb88-43bd-af99-f71cd149714e,2bcd53dd-a8bd-4ba2-8cee-21dd987438f1,BEV-005,10,191.47
85cc1734-a5e8-4e71-9100-8d7f586b252e,9811267c-4433-4bca-989b-53771bada01a,BEV-001,2,240.17
77d51571-6633-4a34-a983-b8943ab52353,04a4ae6a-95a5-4a2d-ac30-84a37ae3ec8d,BEV-003,1,181.93
4ad3b590-2d1b-4ac9-a108-e3aa56e734d8,04a4ae6a-95a5-4a2d-ac30-84a37ae3ec8d,JAF-005,2,395.35
2ed1ac71-5535-4947-bd90-5832701036c7,d9629db9-9860-4bfd-8034-9abb859925fe,BEV-003,7,549.53
cdc32c02-1803-424a-af20-720e53694f60,01e59182-8b3c-42b4-9525-18b3c07ce1cf,BEV-004,4,490.54
06042995-9f56-4158-a182-2b60abdf4509,16487dec-9652-48e9-974c-364378cdb111,BEV-001,6,424.95
e1582775-3652-4dd7-8634-a6ef3e3fb889,cfe01ea2-bbf8-45b3-b0b2-be151edb0ffa,BEV-003,8,265.87
e6b869b7-0e71-43c5-8982-5135fe48a0b0,6c177e70-1a3c-4f81-af42-9b33e041cb00,BEV-003,10,284.43
be58e9ff-fca1-431f-a939-c1159d27c168,40ae59a0-6025-4dca-bc05-c34a3ae54cf9,BEV-002,2,792.65
ecd5bc04-11db-4679-8fc3-1aedce94a287,eff51e35-cdde-4413-84bc-3b6aa88f4d35,BEV-005,1,299.55
79994c69-327d-4f4e-9916-e7eb3c58e5ff,fef49638-f386-4d97-badc-2abacf61ada2,BEV-003,7,808.31
6c535c12-d147-471e-bcd7-1b5387061d96,35577298-ff4f-4a7f-b84f-024c0c753492,BEV-002,10,829.76
dfacb342-9813-44e7-a814-eb811dde7132,22a4508d-5420-4179-b95c-db21c0a1503d,BEV-003,8,226.17
e2a3ef03-b9cf-4442-a135-77acd572361c,22a4508d-5420-4179-b95c-db21c0a1503d,BEV-002,7,141.63
9107d4fa-5a9d-4ffd-8ebc-5de1d7314020,231e71fe-f0a7-4228-ad45-5356a109364b,BEV-001,9,71.48
cd5ad792-ac5e-451d-bee9-9d199677c98f,a109298e-d78f-4ff2-9f37-9de5b6c4dc5a,BEV-002,7,224.96
5ac5396a-f4b0-4ea8-bf1a-e08555f36cfc,222668f4-1a20-491a-8fe3-a709369f2876,BEV-005,3,593.53
0b3a0a1e-7e3d-4301-a1f7-7b10fafb75f5,1348d420-fb20-448d-bfc9-bf780199c961,BEV-002,10,292.24
268e80d5-1943-4b3d-bd0f-fe02588c8a20,bef34426-007c-480c-a5c4-d1a1bee395e5,BEV-001,8,889.98
3012a571-0d9e-4983-80c1-36ad1c575ee8,af819c8e-fa43-42d1-ab27-03024109796a,BEV-004,10,991.06
ff0b1e30-990b-4288-b578-1e560b6aea23,fb93c957-73a0-43ae-851a-264cad89f37d,BEV-001,3,73.68
4de0fae6-0048-4c61-98e0-7134d73a3eda,6544ae40-8fe2-4da2-bc6a-137cc9631243,BEV-005,7,475.04
2b0c2ed8-00d6-4281-b681-56b250c3a6ea,f1b22ba3-0ddd-4573-ab9e-3a90e0ce2345,BEV-001,4,584.77
2153bcaf-c5ac-4ef4-b4ed-f722484c6f12,f1b22ba3-0ddd-4573-ab9e-3a90e0ce2345,BEV-004,7,768.75
3e5bad0d-6e49-40ed-984e-04dc53614eb8,cc5e75e7-f2ed-4a62-a712-b846b62a0de6,BEV-005,1,908.6
497722b2-3963-436e-a364-b69d48174b71,214d1079-d08b-40c0-8313-1601d0e686b9,BEV-003,6,582.76
09c867a3-4f36-4fc7-94e2-5ff12fdbe531,f6893b90-1f7d-4aed-b17e-9776d884d3d5,BEV-003,2,607.33
e41a56ba-7ab1-438e-a079-773cab6c02e5,e423a04e-94cb-4707-b3f3-b83fde56480c,BEV-001,4,146.45
94aef3cc-6d46-4acd-ba1a-b95975038fde,8ff4c8f4-31dc-4426-8a9c-c863549d0649,BEV-001,8,383.77
fe9d5fae-42bf-45fa-b4cd-c17a38f2564b,8ff4c8f4-31dc-4426-8a9c-c863549d0649,BEV-003,8,152.95
2c7a167a-135b-40f6-8107-7da222a1f420,8ff4c8f4-31dc-4426-8a9c-c863549d0649,JAF-004,9,810.5
75102dae-5f33-4059-b72e-5ced75961386,ff84c7d3-cdb7-4264-b83d-dc92801c5157,BEV-002,5,935.2
6704256a-9828-4b3b-97ef-ea81aa102afb,721f982e-16d9-4410-a243-60f63e2d14cf,BEV-002,4,443.78
301b9c27-e7b4-49c9-a97a-601fc231aa08,4b8bfeec-5d1e-4661-950e-5a02add43270,BEV-001,4,498.73
ae32310c-3497-47ac-8759-fe54d8e6834a,513912d2-c08b-4348-a835-7536d88e1f93,BEV-003,8,986.72
f1832ca0-a7be-488b-aed1-be6a35b4ffb0,c4bf1a0c-aab5-4521-bd9e-9bd8a4518b4a,BEV-001,3,881.38
51e7675c-e2bd-405f-8c1a-0a1b548468cc,265e14d2-bb7a-49c0-95f7-078389790274,BEV-005,5,417.2
7bbcca50-2204-468c-a66b-f0063d579d02,ec27b428-905e-4e81-85b8-8049cf8eb854,BEV-003,4,478.49
012f2a42-bd38-449a-b861-f8e59d243382,ad8b61e8-6909-4270-aee6-2cb655591c8d,BEV-002,7,268.27
f934ea29-edcc-4dc4-9ae6-73bf20a441b3,0330a646-8178-491e-896a-0c0c5a2e8691,BEV-002,6,315.02
c07f4801-0190-4793-8a8c-2a98e72a9258,68dd25e9-88f2-48b1-8d38-1459257aea54,BEV-005,9,907.62
8fe2705c-60bd-4896-a04a-8f6bda73961b,e38ee58b-4dfd-4bd8-977e-68517c5b427b,BEV-001,10,475.19
08b447ce-bedc-4f39-9a42-cbe035682a5b,c377a0f9-03bd-4f63-9217-ecfbc76a5300,BEV-005,2,375.99
b8527061-93a9-475c-99f3-81f3ae43256b,d8254dee-db34-4d8d-83cc-93552a7ace53,BEV-003,2,426.52
b1271f1e-2c3b-4b32-9fbe-d51fb07b6e13,d8254dee-db34-4d8d-83cc-93552a7ace53,BEV-003,7,949.35
b285584f-e4f5-46f9-b1c7-6306858c8f26,d8254dee-db34-4d8d-83cc-93552a7ace53,JAF-001,5,237.15
935cd00f-059d-42fe-9d23-4d4146aabb7f,ac8a8bd2-3e3e-44c0-9248-b8493387f491,BEV-005,5,950.85
065948b6-1694-4610-8365-f472fcb992be,dc91c6a7-3259-4bd6-b0f6-6d95ac85ef04,BEV-001,7,731.55
3e2aab42-78a3-4478-ae0f-073286ce4a13,58dc9942-84da-417a-8ee2-b6c04053424c,BEV-004,6,499.14
bf6c9432-6694-47c7-a751-30d0c6b0e85d,9471e5fd-a6f4-49b3-ba77-3d6e2f04e64c,BEV-003,4,485.18
973e4e77-76aa-42a1-88dc-11f73df7452d,9471e5fd-a6f4-49b3-ba77-3d6e2f04e64c,JAF-003,4,833.58
6f8d92e2-9438-4a8d-87da-6c9129e99e2a,c0e19b36-9822-496b-9596-ed48f4a60338,BEV-001,8,323.61
98f6fb54-911d-4960-bf25-86c6a5ffdd0d,82b32b5a-9bf1-4f7c-b2a1-82333383de98,BEV-002,4,545.27
a3dbc54b-d04a-4a18-b1e5-07d993545b43,0f652748-9172-4e0f-9859-b5fc52a7586a,BEV-005,4,325.08
d121c4e6-03cc-4c13-bd9f-3950611746bf,0f652748-9172-4e0f-9859-b5fc52a7586a,JAF-005,1,983.83
b303d905-8811-472e-873f-acae795a88e3,a9a0b8ac-7ef8-4bfa-90f7-37ab6e930a87,BEV-005,4,120.22
038ca38a-a21f-4540-874f-7a4f0b1f062a,6c373c86-9362-4b19-91c9-4077eff0a20c,BEV-002,1,706.96
231033d6-a86c-4404-98ce-45a3725fd6f8,f7c0a92b-fb8d-489c-8022-bfc2edbfa5b4,BEV-001,3,368.95
2277ad14-49a4-414b-b126-1344f277ac29,f7c0a92b-fb8d-489c-8022-bfc2edbfa5b4,JAF-003,9,566.77
9f64ab66-2c69-4a41-b699-4236acde1c28,5e4c75a4-39c5-46e4-9622-0eeea71d27b9,BEV-003,9,918.77
0385df57-a1da-408d-8e6d-b5d968baf34e,178ffae8-e748-46b1-9fe9-ba50c5c82319,BEV-003,5,673.61
0b20ed64-3823-4f7c-ad45-d1edf0df9194,a4073b26-a005-40b6-9044-0f641ceef089,BEV-004,9,284.77
c13e8b70-8bb0-44d5-82a3-53c52717d7ac,d018326b-7b8e-4b0d-9a62-275ec4e67d74,BEV-004,8,947.64
095c8784-bb7d-4f2b-8f8c-4e931cf7d2b4,d9d0cd7e-4a08-4c5b-b1f1-99fd5b0bb9f0,BEV-001,9,146.89
3a5190f4-6826-4330-b3ee-8e1a10094222,cd088fb6-a104-4866-a194-a1ddf9a5c3a6,BEV-004,10,222.0
a416ff62-572d-4ab3-9558-71f93f53bdcb,d6109a81-ef9a-46d8-ab5d-8f68f36936f9,BEV-003,8,835.75
fbe14916-110b-4479-a311-3ca90e9dbf8b,b685c44d-61d4-4bc0-b80b-aa71c5264db8,BEV-001,3,62.47
b61719c1-2065-4a36-8e4f-83f430d3ec2e,a1bff236-37ee-477a-81d0-b29de7a618fb,BEV-002,8,252.55
deb1b043-6859-4c5b-92a6-587ac87da66e,a1bff236-37ee-477a-81d0-b29de7a618fb,BEV-002,9,818.72
effea64d-43da-4c92-a625-c04c45384811,a1bff236-37ee-477a-81d0-b29de7a618fb,JAF-001,1,933.95
9f0cbe6b-b2d5-4df6-8e68-bb52abd4fb88,99cb6f26-96b9-4630-b42b-a438385b362f,BEV-005,8,736.45
be9a9036-0f51-408b-a851-8481dae2582f,86a71e90-94b2-40bc-9a42-e907437147b3,BEV-004,7,585.04
3cf57fac-ee3e-4c50-bb11-66acc5efadca,86a71e90-94b2-40bc-9a42-e907437147b3,JAF-002,1,676.64
14da958c-2853-4991-bc8e-d035a0fc25bb,86a71e90-94b2-40bc-9a42-e907437147b3,JAF-001,3,124.67
b8326bd2-ac67-4783-957e-4a5b089f9e1e,9723578e-8885-4d58-8041-d12d4be2ae6f,BEV-002,8,274.19
cd376b3e-7e66-4436-a478-18ae4b95a538,cb5d8ede-18b4-43d1-af86-83918628a89e,BEV-004,9,728.35
e32f3c04-0750-4bde-a186-bf59e60b5c13,39a6818a-9e92-4956-9363-a7adae8f3849,BEV-005,6,987.84
ca0e6afb-6fa2-48be-a9e3-c98805dfafca,9e3acf1a-6e74-4f88-9046-de846d8b82bc,BEV-005,5,263.25
f1fdfdfa-a159-4fcf-a231-6466601e1dc8,4c99f22a-f115-4f43-b63e-5724493090f2,BEV-005,4,45.4
3cd4cf0b-b188-4479-8b5d-6a0659c58349,4c99f22a-f115-4f43-b63e-5724493090f2,BEV-002,4,446.62
bc2fdc66-86f2-4c2c-8b01-f16d2b83af7e,4c99f22a-f115-4f43-b63e-5724493090f2,JAF-004,3,173.88
7955af8f-5558-454d-893d-356bac08c98e,b6d14b7a-4105-4ddd-a4b2-f44dc8d145a4,BEV-003,3,359.78
506d0a5c-94aa-4550-9040-21ce8c53fa29,7121ce6e-3762-4b15-b388-dc13a9966212,BEV-001,6,242.83
ea633257-1f36-412b-9a85-b52fc06151ba,4a3a6247-a7bf-435f-a0ac-28283ecdaff9,BEV-001,5,67.07
ebe8d103-0707-4246-857b-61f0caeb67f5,f6f93c91-fe07-41d0-983f-cc4c9e001c00,BEV-005,9,479.33
04d882ad-33ad-45cd-8bc3-c3a634bd9478,d4aacc53-3680-409d-b9f1-c4556ae84266,BEV-002,9,431.9
91795e4b-9384-4c23-ac46-f540208083cb,c470f430-24b9-4582-b0c3-182f405a5f27,BEV-005,7,841.58
a3fa69be-df35-40f5-8743-92617cc06dc7,5da7acad-c018-4f20-8429-e3b58f64800c,BEV-004,2,886.51
7a6c739e-e69c-4db5-bf38-47e7a9ba6133,0ee73b6a-c964-4adc-87b7-da0162af73f1,BEV-002,10,849.98
f0bd8c94-a3b6-462d-a91d-31ddf93246ed,0ee73b6a-c964-4adc-87b7-da0162af73f1,BEV-003,5,187.62
3393e67a-4bdf-4202-91ee-4029744e1ee9,0ee73b6a-c964-4adc-87b7-da0162af73f1,JAF-003,7,312.61
a2251ed0-532f-4ee7-b869-032af353a9c2,daa5ff45-c3ad-4797-975b-452c61e6aa1a,BEV-002,3,495.35
2dcda202-329d-4a18-a9a4-392a406623f2,daa5ff45-c3ad-4797-975b-452c61e6aa1a,JAF-005,10,881.05
0bc45219-7705-495e-be08-f3a9d81d1abb,52c9d50b-0ca0-4956-8a1e-ce2531aed229,BEV-005,7,862.51
8dbc998f-ad43-4ede-9f47-b83ffc0cdbdf,160a961f-66a2-4f77-8c55-ff09516c8eca,BEV-003,8,689.36
10e3902d-eacf-4ff6-9231-bc037bce7629,160a961f-66a2-4f77-8c55-ff09516c8eca,BEV-001,2,849.67
9bdb44ad-6ae0-42e7-bc85-fc99d364efd1,160a961f-66a2-4f77-8c55-ff09516c8eca,JAF-005,10,756.45
02410064-d98f-449d-a45b-28b94a7fd713,95fce8dc-ec48-4b79-b3b7-01574a85dd76,BEV-002,5,131.67
bd9c885b-b08c-4afb-95c6-b54b470d1d4d,f4ac35d2-349f-4ac6-882a-2ffbbf11c506,BEV-003,1,621.49
4be7c56d-a051-4276-82ae-49a8b0897f3e,9029098a-3147-47d3-844d-511e375fcdc7,BEV-002,7,64.29
a4ef42e5-2303-482b-80b7-3ba7d75cd094,27f0825c-b411-425e-8bdd-1bbebb92f202,BEV-002,1,121.54
9428df57-77e8-4123-aae3-2e056010fde8,6e284037-a1ea-41a1-a046-4e5ce8dea131,BEV-001,4,714.59
8a823748-40df-4102-82f6-49fc3f247e2d,973cc7e6-8e36-4a67-b129-009f2c496a42,BEV-001,7,864.05
9973fbea-d4c6-4c8b-b712-646852d2dea0,25e041f2-476d-444c-a339-598f2c7a40ed,BEV-004,1,565.66
f8ca524c-3e2e-4cef-8514-6b8cdfc2f8e4,fd7de1e6-7306-4840-be69-e559b098ea77,BEV-003,5,260.54
1707f9b1-9f7a-47d5-9a03-694038ff6dbc,4c09cee2-e872-447f-90f7-ef192a895a90,BEV-003,3,93.2
1078ddfd-4337-4c3c-af5e-7c56499be779,136c2ae2-4300-4c4c-a32c-53260659750a,BEV-004,1,909.39
0c297224-ae83-4e71-af9e-5700a1675fc1,136c2ae2-4300-4c4c-a32c-53260659750a,JAF-005,2,16.75
08f29b38-d6f6-4fd9-be8b-66afbd737b66,b7acdf2f-c107-402d-bd60-e353a054eca6,BEV-004,2,798.47
1124b021-0998-4d67-a7fe-8c1e339bd226,46ec5d54-fa73-4929-bc8a-ac8e824b4fd8,BEV-004,5,787.08
11c14e60-8eb4-4f21-ac6d-f68a99cf1173,8ee6c158-5988-4ace-8928-4a5101c23e8d,BEV-004,4,327.26
4c5889d4-5168-495c-887b-78fa04b886d8,8ee6c158-5988-4ace-8928-4a5101c23e8d,JAF-002,7,600.01
436e8be0-ffa0-4e2c-89a9-394683d7662e,53ee56f7-bee4-44cd-bbdf-07a79919b634,BEV-002,6,779.03
94129901-cf06-4c77-8d2b-0e7daa37a1ca,c272302c-f427-47db-ad5d-ffc12498ff94,BEV-001,3,640.3
a57b5bac-47f0-4606-b1c6-4afe934dbe7d,1b5bd2d2-f21f-40d9-9e17-deb535ab1bcd,BEV-004,2,437.89
d702e4ee-4afa-4932-ac5f-83c2276cb5d0,717ed2f7-4796-4176-a95e-de02523504db,BEV-003,8,456.84
f0494c93-f5cc-4ec6-94b8-7ed52acdd1e5,9e36b963-ac2f-4a70-ab35-976ee928029a,BEV-003,2,507.38
53436623-e502-46ef-a203-bd021b45d7ee,88815c89-7810-47dd-a7bb-3c32f387f90b,BEV-005,5,37.84
78727422-dfaa-4c67-a410-0b12c77ac39d,4e30c1e2-131b-43f3-8f7e-2300c0d46192,BEV-003,5,241.99
9e4d8610-fe49-4c22-96f0-edc8e63b246e,4e30c1e2-131b-43f3-8f7e-2300c0d46192,JAF-001,8,112.79
627b24af-e936-4c5c-bdce-8547e28279c2,c6407b7f-1eaa-4305-af05-4ad95f944103,BEV-001,2,667.16
30b43f2e-89cd-4a6a-8343-0a5350b80d87,1508777e-a405-423e-b541-e6cdeec50ada,BEV-004,5,943.29
f3ae0436-6463-48b3-9d3e-74bbb9507d6f,44cf9476-8839-4cc7-9ade-221b762dab6e,BEV-004,6,191.02
64f0ec23-65e0-4fb6-a32b-377d04972ab9,44cf9476-8839-4cc7-9ade-221b762dab6e,BEV-001,5,590.67
122752c9-38cf-4ebe-a78a-40ddd89d65f7,44cf9476-8839-4cc7-9ade-221b762dab6e,JAF-005,4,348.92
2845c845-99b8-4834-b7fc-13b916a02e90,97217b43-9ef0-4f36-a412-2a33cfb0f75f,BEV-002,3,742.29
acdc604e-bbaf-419b-a54a-d11b936e0a84,3dbe8503-b6a7-4f3d-995b-5e5567363e94,BEV-003,4,711.87
765b99d5-4a11-4dce-8aeb-846cfefd9f7d,acc4dd3d-d5ef-4c7e-ab01-feaf32b7a4e4,BEV-002,8,900.15
b1f7c116-107e-44d9-9f11-4441103459f1,acc4dd3d-d5ef-4c7e-ab01-feaf32b7a4e4,BEV-004,4,832.15
8065d355-35a9-4537-a600-3ecb3d1403b1,acc4dd3d-d5ef-4c7e-ab01-feaf32b7a4e4,BEV-004,7,42.6
16a4ce94-1fad-46b5-ab6d-c7b21dc4835a,acc4dd3d-d5ef-4c7e-ab01-feaf32b7a4e4,JAF-005,3,571.54
2d745b05-c2d1-4bf6-9b10-d2c11216c155,35954d01-46d8-412b-8dc8-d897b3048b2b,BEV-005,5,84.25
fe86c8e8-29d5-4213-badf-8f44935a7716,35954d01-46d8-412b-8dc8-d897b3048b2b,BEV-004,8,292.26
284dde46-3d0e-4bd0-9e9d-7920e8cf468c,a79efaff-281c-46df-9711-53bd998a0b12,BEV-002,8,333.91
5a31700a-c585-4db6-8360-65057ad8feb9,7c74ae90-81d4-44e0-b204-7cf79fa2ecb3,BEV-003,2,740.57
8a7acf4a-68ea-457f-a452-a49204c48937,7c74ae90-81d4-44e0-b204-7cf79fa2ecb3,JAF-004,10,584.52
9d357721-fa69-4a63-92c3-1970f8a374a4,7c74ae90-81d4-44e0-b204-7cf79fa2ecb3,JAF-001,10,50.68
1d87ac7e-db9a-443c-9553-664dd0fc484c,862c2764-2614-49e1-9c73-381aecafe341,BEV-002,6,649.76
d4820854-7309-46ea-824a-443779edf44e,862c2764-2614-49e1-9c73-381aecafe341,BEV-001,4,299.06
335579e8-8ebc-452a-9b13-33739ea932a6,862c2764-2614-49e1-9c73-381aecafe341,JAF-004,5,581.97
e648a281-c09d-405c-9d50-53c667317242,628b4692-f55c-4da0-bf12-48c4e52cf3f5,BEV-003,9,173.9
9607e2a5-ecb2-450a-88da-bf9922610099,67e776b8-afcf-4a5a-bd80-61cf7e30cdb9,BEV-005,3,334.09
00918d82-c2c4-47bc-9458-b36bd50231de,67e776b8-afcf-4a5a-bd80-61cf7e30cdb9,BEV-002,3,133.84
1f470965-7399-4163-8c07-f84df2f3d63b,6910cd9d-9888-4b0c-940b-9437c4d2daa3,BEV-005,6,63.06
513e135e-4a4c-48eb-861a-a7491d74bd8f,c7553bf8-f87d-4cf1-a4ed-5c4c2dcbcf6f,BEV-001,1,612.57
8d33c9fb-79e1-4fb1-98a8-e7fcb1477f6c,04ff7ed7-839f-4599-9dba-04d9412613b7,BEV-005,5,741.58
40bf1d08-f3c3-4d3b-aec3-29c685541e9a,eacdf427-294e-419d-8e56-88973a470897,BEV-002,3,84.6
a4ca23e4-20d4-4dda-82d0-b4f757e1338b,8eb20576-c947-4e6d-863d-7610323e3ee2,BEV-005,1,22.86
480b26bb-30c8-49fa-911d-d4f9dcc73fb1,17de6ab5-2735-4c06-a708-834802de9a6c,BEV-004,8,965.75
8092a964-1b12-43d0-bebc-9cdd70a6e8ee,17de6ab5-2735-4c06-a708-834802de9a6c,BEV-004,3,590.26
f187f6a2-2851-4b85-9d49-e8e3bcde74b8,17de6ab5-2735-4c06-a708-834802de9a6c,JAF-004,9,266.07
115d55b4-2f7d-4d2e-9392-004607282eb2,4d78269f-659c-43fd-8382-6e28cb976ab1,BEV-003,7,57.5
257a84ed-9138-4951-934f-b7029f8d3759,ea68cfe8-a7f4-4238-ba3b-9c84744dc540,BEV-005,8,407.86
a9307d11-4cb2-4a5b-a84e-3cebd78cd002,3f5d4b1c-3f01-454e-b40d-efe66aac3dde,BEV-003,10,914.27
f44ac149-aef6-4a13-b519-051bf843f4e6,3f5d4b1c-3f01-454e-b40d-efe66aac3dde,BEV-001,4,176.84
90ce8f91-bf5a-4875-81b7-3baf0be4ee30,9520c1c0-2af2-4416-8cba-9ce4bb886168,BEV-001,8,237.42
ffa24e5d-d03d-4684-b984-9e339759365f,2b7642af-2e66-4bf9-a43c-0346b07cdae0,BEV-005,7,248.93
7cb8aea5-72a1-440e-aa67-febf07706477,d94641a5-41eb-4710-b64a-457154a263d6,BEV-004,2,623.75
bc6f3e8c-00d0-41da-b19c-05a003dcf53c,5a34c6af-4c88-44f3-8878-064a7c456bf0,BEV-002,1,177.51
f885ec1e-976c-4962-ab1b-28c64739228a,59a79f27-8d21-4a49-819b-7428c884a432,BEV-002,9,630.72
6e029f18-10a3-4b80-a7e3-7034647f7ad2,59a79f27-8d21-4a49-819b-7428c884a432,BEV-003,7,431.79
a8cca56f-005a-4e90-9a68-de91323d9e38,3d9b9b8d-81e0-41da-9e07-6bc872187447,BEV-002,2,314.59
a91a27be-c0a3-4928-86b4-3a24c3585ec5,7cc0c8ed-4030-434a-9ec4-729a548434ea,BEV-001,2,507.71
0daa816d-c028-44c4-9887-3f74c2ad6cba,797cb467-bbf0-42f9-a14a-26dffe71bdb6,BEV-004,5,494.58
0379f063-1bfd-423c-b0fc-d043e4fe323c,797cb467-bbf0-42f9-a14a-26dffe71bdb6,JAF-001,10,318.85
3c46b57e-d36b-47a8-a24c-c36adcd45a19,abede221-3faf-458c-93eb-21e233ba8397,BEV-003,10,833.77
84a6c14c-fbbd-487f-a158-85fdedb8dee6,a9c2168f-e574-4e05-8b94-82a2224d0757,BEV-003,5,348.72
52144634-39fb-485d-8da6-7f762327e69e,cd08a904-fd35-4539-b290-a8cbbcf93fe9,BEV-003,8,489.3
312c6f50-2191-4791-b9f3-86200cb78369,905aead9-261c-459d-9384-61c98ae8cbdb,BEV-002,5,813.46
5f54f9dc-9b17-44d2-9c3a-6af5b8cdd57c,ed8be73c-9d88-4b90-94e2-699732133819,BEV-001,2,970.82
a1b8e1fd-06fd-4f6a-b7cf-3ae589a77161,50dd096d-a274-49cf-9eea-13ac719bd004,BEV-004,5,761.01
c0eb837e-6076-41f1-9c97-28a80f17304d,e9100827-e218-4cd4-adcd-c3afda625da5,BEV-002,10,470.57
d480b1c4-46e1-4fc7-987f-af4bd59af40b,e9100827-e218-4cd4-adcd-c3afda625da5,JAF-003,6,14.41
ed11e900-4fac-4a11-9684-6218dd205609,6cfb44cd-4447-4730-8b33-4afb8dce76d3,BEV-003,3,935.94
3e52ff1b-8e9a-4072-ad49-40bcc39816c7,4098795a-b2af-48ce-a019-889db173ba99,BEV-005,2,269.6
76d97cf2-0f5b-48b0-97b1-7b8ec86be224,c0023ff0-523d-4681-a8da-87c002923fb6,BEV-003,2,37.8
038f934b-5dd1-43e5-b67a-3b74be089c69,50462c11-a786-4324-a820-34729d0f494f,BEV-002,9,496.58
830c125c-0498-4296-87b4-874d8e65fcf9,6567669c-2e27-4094-be01-d7265acfad20,BEV-002,5,815.12
f0af8728-1133-4425-bbd6-55acc3ec192c,84a0eae8-adcb-4dc8-bb95-1ff2923ad5db,BEV-003,7,338.18
e972df93-b0e9-48b8-814d-a195d91bb2e3,84a0eae8-adcb-4dc8-bb95-1ff2923ad5db,BEV-002,3,412.56
7e135a39-c210-4328-9747-20e55b80404d,da24a55c-5319-4187-ab25-faab2c0dca7d,BEV-005,10,997.42
c93fa3fa-27df-4ccb-aa00-9da1b9ed9bfd,dc48a7a3-9b78-4b12-9356-b9baf6898817,BEV-005,2,17.27
fb001b7d-d0bc-4a08-a6c8-677a91d1e73f,7866ba4f-4ddb-4ff9-825d-ec0dbcdf926f,BEV-002,5,283.78
5489e71d-cace-49f2-a934-5a3838a75c88,6bc6101f-5685-418c-a8ec-8f7a393b086e,BEV-003,9,754.53
d3bc7500-8ef1-417f-b574-c82f38401c90,6bc6101f-5685-418c-a8ec-8f7a393b086e,BEV-001,4,320.11
69ec0114-c8b6-4a8b-9769-54802e4f2bc7,6bc6101f-5685-418c-a8ec-8f7a393b086e,BEV-004,2,732.9
dd506b4d-0c83-4d1d-935d-9a3d23d6f960,6bc6101f-5685-418c-a8ec-8f7a393b086e,JAF-002,3,546.29
49eebda8-678e-453b-8fa8-d3c7d7280b23,6bc6101f-5685-418c-a8ec-8f7a393b086e,JAF-001,5,333.36
0439c06a-0e56-4f81-a8a6-14ab95b2bf86,6bc6101f-5685-418c-a8ec-8f7a393b086e,JAF-001,7,351.53
58c6d3c2-08e4-48e8-bf90-928fa27cbc75,a7dd6303-30c0-4ae3-b7a2-72973b1ad201,BEV-001,8,339.38
e902de2c-60cc-4c5f-92b1-ca4a287f5390,e73c4199-6869-44ed-9656-0aba1a123624,BEV-001,1,160.37
493fbb72-506d-4a34-a545-4a65fd130558,e73c4199-6869-44ed-9656-0aba1a123624,JAF-004,4,407.6
debf4e74-5b9c-46c3-b86c-551e3fcc26f2,cd0fb0f5-604d-49f7-a44e-4c1941486c0e,BEV-004,4,541.46
e5ab7714-ccbf-47a4-be1c-19eab058cb61,cd0fb0f5-604d-49f7-a44e-4c1941486c0e,JAF-002,4,332.02
351ba023-c105-4fde-91d8-05e64856ee35,54ba1780-1e27-49ea-9502-051dc64d973d,BEV-002,7,875.4
8c72020c-cecb-4fa3-88b8-8ea877d359cf,6870e584-e304-4705-a101-d50f5e9498cf,BEV-003,3,408.88
e11ae8de-fdf4-4690-ae25-5ceefc8dc938,c6da97e6-a481-4843-9234-7c618dd337f9,BEV-004,5,552.67
23625a86-3e65-4461-87e9-ea9bc4273515,c6da97e6-a481-4843-9234-7c618dd337f9,BEV-003,10,559.16
d92141a9-67a8-451f-9299-1accc5213de0,c6da97e6-a481-4843-9234-7c618dd337f9,JAF-004,4,626.37
836cfa24-bce0-49eb-a4aa-e38b86e1e912,c6da97e6-a481-4843-9234-7c618dd337f9,JAF-002,2,587.99
57db42f5-b0b4-4235-b56d-f7f0567cb319,b6e514ec-f160-4f6e-a37e-3db62dc6fd01,BEV-003,7,335.8
eb9f9bb5-da3e-45f8-a01f-110c5056ee95,05140179-9d2a-4c92-ba8c-ad450cc62c1d,BEV-003,5,755.43
bf650153-9227-41b8-9db8-54e5949731b3,e34bb045-9470-48b9-939d-a08d3571dca2,BEV-004,10,190.19
c03c80d5-0bd4-4901-aea6-3642989fa702,8cf1007c-8681-4153-85fe-a6dd1ca48345,BEV-003,6,410.34
79e01312-0e48-470e-b914-21ad1129a583,22f2819c-32bf-4165-b635-416404d8844c,BEV-005,4,437.88
55f90ad7-eea3-4f5c-8b7b-a0b20d1d223f,22f2819c-32bf-4165-b635-416404d8844c,JAF-003,7,292.71
a0acb4bf-c37d-4089-bf82-653d65e21f6e,d813ed5e-0185-4ef2-b8a3-f9a38e08196c,BEV-005,3,648.28
d5d27838-1d45-44ed-a5a2-77f43a5cd950,cd3d054f-4ff2-42da-96ac-75bc72feb08e,BEV-005,9,444.44
701ddb88-9769-4de6-b5f6-27af8d492ca5,cd3d054f-4ff2-42da-96ac-75bc72feb08e,BEV-005,4,286.52
61c67534-be57-40d0-88ea-21e4d93e7ef7,cd3d054f-4ff2-42da-96ac-75bc72feb08e,JAF-004,2,947.03
016666e2-c74b-4d36-b42e-a104548111ec,b7d566a4-5023-41fc-87e4-8914559d78f0,BEV-001,8,719.11
f7079ed6-0917-40e0-9d4e-2f4b929d8f46,7246f29b-f77b-4304-a8e1-122a4f6622d2,BEV-003,5,31.36
497eaf5d-9c53-4a94-9bd8-240c5e5c0166,885c28e6-d646-4b76-a3f1-93bbb0d8176e,BEV-002,9,116.36
2432b279-82d9-44a2-b02f-4fcde57bedb5,fe4376eb-e6b0-4d3c-b363-5156d40dc74d,BEV-005,8,598.22
f8b4ef78-527f-4b52-8924-bf3df67b6fd8,e7fa00ff-3fff-4f09-a6a2-b1e5eed395fe,BEV-002,5,795.85
5580cfdd-64c1-4fc0-9160-bd2214e77e9a,34d65d2c-761a-4c3a-8df5-e5ff9ea915fd,BEV-005,1,266.74
5fe86564-5b8c-4145-962d-4f69707f86be,6610a89e-952a-4cbf-9ca5-92e606eccd1b,BEV-005,10,984.92
d404a295-09a6-41b1-8e96-1ef84b3ea8d2,99d280ef-62f9-419d-8527-bcbfd2e147c1,BEV-003,2,736.44
1a28490d-0a99-4117-b01c-0ecb78ad38b9,99d280ef-62f9-419d-8527-bcbfd2e147c1,BEV-001,8,770.86
0c5e723e-441b-4810-94cf-43f5db217256,99d280ef-62f9-419d-8527-bcbfd2e147c1,JAF-004,10,912.71
d029db52-aeed-4424-ab1d-2bc9f359ecb1,a63a5ac3-4e6a-47e9-9a60-60c7394ebc35,BEV-003,8,805.02
acb19dcd-ed22-4a41-be6f-47a5272a7bd9,ec5dac19-94bb-47cf-927f-6a888996eaea,BEV-002,8,392.37
213647ec-7aad-4b3b-aef7-570577e095b0,f6781208-2d83-46bc-9bda-aaa9003d7165,BEV-002,3,177.73
275103d5-5539-4f28-89de-0e0935de3735,f6781208-2d83-46bc-9bda-aaa9003d7165,BEV-002,10,14.45
e44425ea-8b4f-414e-ac82-de402d9ebda9,e75e68ca-e736-42b4-b6f7-5e151751662e,BEV-001,2,221.1
e158c930-bcfc-4b23-9144-ec095015a48a,e75e68ca-e736-42b4-b6f7-5e151751662e,BEV-002,9,67.07
8d71933d-7c16-4955-a804-7f4727231ac3,193f0aca-c687-4a89-b4c4-f03d84a84f7b,BEV-001,1,433.73
ae3fc3a0-9b00-4ede-859e-a54ca3abe9bc,193f0aca-c687-4a89-b4c4-f03d84a84f7b,JAF-002,9,310.46
91b04ee7-5207-49e4-8741-e101fb9ce684,07bfd6ea-cd2a-4f19-b303-d9fafb8d3d11,BEV-005,2,429.52
40d99d28-31a3-44ce-98f1-1b4da4a4e45e,3e415caf-1fda-452c-a64e-31a7475dc70e,BEV-001,9,579.65
f3556caf-be6d-468a-847d-55bf27633c91,3e415caf-1fda-452c-a64e-31a7475dc70e,BEV-001,8,294.64
9de6e086-70d2-430f-9012-3b4dd403a711,3e415caf-1fda-452c-a64e-31a7475dc70e,JAF-001,3,368.25
b9cee462-d34c-4952-b187-76db273f4b4c,5a72af55-085b-497a-8e01-a9597ab19bb6,BEV-002,8,670.87
c2e2f35d-b9d4-4bf7-a38f-aae53bbb1b9f,f81a0814-46a1-421f-93d9-9d870e0d4eef,JAF-005,5,740.65
dad18336-6483-4245-b45c-dfb0ce42f8c0,ee19d890-9e40-4209-bf50-1b8cc17d4245,BEV-001,8,111.97
b5b2666f-557c-4336-8830-2faac808842c,00dd9206-66b4-4982-a90e-846a18e795e8,BEV-003,6,834.16
870c6881-6925-4055-9b81-54e3e69699d1,a32c1ea9-be94-4220-921e-c4d6122b7f78,BEV-004,3,584.72
e7cbedb3-9277-4dad-b001-3130d78cbdb0,6f12b6aa-d3cc-4557-9985-3abcca6e4425,BEV-003,1,197.92
66b3f697-45fe-4f83-9578-e8d914e7f489,6f12b6aa-d3cc-4557-9985-3abcca6e4425,BEV-004,1,192.81
6d568d5f-c6aa-4a2a-a740-0dba8028f3bc,01e7be5f-024e-4137-8112-3674cbc7d0ce,BEV-004,10,72.1
74d189c9-287b-424f-aa39-8e01b368777a,e56725e1-66f9-4d7f-8817-96295cb6b264,BEV-002,5,73.92
ac57bbf1-0fc2-4791-9ea2-ddddd030f6c1,ec506eb4-4fed-4efe-a02e-bf87e0299145,JAF-001,1,515.23
c3142208-31d5-4f9c-a930-de3d56c0089e,ec506eb4-4fed-4efe-a02e-bf87e0299145,JAF-004,6,354.64
4174e2f7-829e-4885-96ba-957b09ed33df,4ff5fe62-49bf-4c2c-a75f-5b66dec4dcc8,BEV-002,6,489.2
fdefc30b-c105-4e32-b30c-b2032fede056,4803946e-f836-4907-ab95-f5fb8f7a4db3,BEV-004,9,210.05
61c6d215-7650-4118-9b36-63811fa3436d,58385c1e-a72b-4043-80a5-3cabd599fdc9,BEV-005,3,876.55
eb527ab6-18b5-4d93-ab61-285de3f6ea8b,ae8350ad-a754-4640-8749-cb8c2cd64da4,BEV-004,10,70.81
8bd8fea1-d273-4dbb-9de9-6558b03c37d1,42b9b6c6-4207-4cc1-9e92-9ea059095b0d,BEV-003,1,783.03
918a772e-1410-4db0-a76a-f21bcaecf825,b7db22fe-8b6e-42d6-8292-52ca279ebc12,BEV-004,7,763.3
f7a63e22-ab45-4bf9-8c3f-8c2982ea7857,6bfb5087-9cf2-449e-afb8-006627655a64,BEV-002,2,374.78
e62a06f5-84da-4bdf-9f13-2186a9c81090,8edb5606-a925-48b9-be42-800980bffcf9,BEV-005,9,368.25
b4c7ec71-f3a4-49ef-8796-9a91634ac4ef,1c071bc3-3772-4c63-bfcd-f9b7ba1999ce,BEV-003,4,506.82
02ce27d5-1a85-4d4b-8070-8c923da645a7,2b5cb55c-a23b-4879-9b58-7c57dd3fd2dd,BEV-004,9,934.23
9c11739f-a2af-4ce1-a251-ec6649cda94f,24de3b9a-80d7-471a-95cf-992b3c9b4a20,BEV-003,8,304.53
2b80e679-a848-4ced-8bdf-ce18d6a555a9,11e10d7e-363b-408f-909b-e3a9e8e5ee9c,BEV-003,6,712.42
99bec15c-4cd8-42d0-9647-b96a79b02a99,f5804083-da44-4e75-88bc-c74d7192f860,BEV-002,10,493.92
1845fec5-f09d-444f-bccd-f69b9636b2ab,93aa0bf0-68f9-479b-b4e1-1f1db3a4fe87,BEV-003,7,149.6
556e0495-68b6-4d94-be9f-982389f0de9a,75d72d31-592e-44be-9cce-862db5f45c6b,BEV-003,3,654.17
28a73e8c-4ff0-4bc0-8f36-fd81d029466e,844088ad-e41c-46f8-87f3-fe9656a3e038,BEV-002,5,916.39
04d28f40-7abe-4751-bf0e-dff81a594fd1,844088ad-e41c-46f8-87f3-fe9656a3e038,JAF-001,10,673.28
fa7c2edf-89e0-40c9-b558-e73cb5a20dac,668abc9c-7200-4b0c-90c0-1f85722b52b6,BEV-002,2,468.25
5b1f1d6a-aa28-48d1-aa6f-a01be3aa223b,00c7744e-3098-4e82-9b3c-bf6b37cc7e55,BEV-004,4,837.06
e4a5b99e-6192-470c-9e7d-a1d851cf3b1c,5f2b0246-a4f3-4462-9299-b00f8d997ff8,BEV-005,2,48.24
829a1d64-ee04-47a9-84ce-33361ca6cace,0a160236-d81b-42e4-a663-bcc3d924bda5,BEV-004,7,177.78
341b6d7b-6c20-4df7-80ac-8845d1945b93,d5164101-0bf6-49ce-a2d5-71a2794fa941,BEV-003,1,133.5
c10f715b-33c9-431e-9d92-b36b3d703bbb,baa09219-0675-4a17-93cc-eaabcc95a6a1,BEV-002,4,188.16
16a438f4-e319-4bc1-a68c-2e889a13a2eb,baa09219-0675-4a17-93cc-eaabcc95a6a1,JAF-002,10,605.84
02cf47c5-223c-487f-a75c-dc8f203d8fcd,b036a4fa-9404-4277-93c1-6e65fa4f1ae0,BEV-005,3,103.46
2103bc4c-9ebf-4937-8240-a52d1fbc6d62,063fc930-a47b-4d74-9c19-38a19f26acc4,BEV-003,7,815.36
bfe67f8b-5fd6-4c75-ae46-b6ca757b8531,293c7087-1849-4c11-9508-cf7706497ace,BEV-003,8,793.77
0f1d354c-fd38-42db-afd2-2b07f24b4d40,94fe6ad9-34a7-44c1-9068-a16c4e9e9f5e,BEV-005,9,254.94
1dccf005-b7ae-4c3d-80e5-8cab2bb22c7e,e84ab28f-3d7f-4536-83f6-257981eeedc2,BEV-001,9,71.53
400236c8-d6d3-4813-bfd1-1e6cc7daff3f,e838d596-c2c6-4153-b2aa-9de3ce1d09ac,BEV-004,4,744.12
0191aef9-61d8-4341-a480-e079fab7c8ee,e1907cf3-2ed5-4ead-be1d-b3163cba08f0,BEV-005,7,134.22
51770b9e-c371-4a3e-b64e-7ddde5de972b,4733e41d-f55e-4714-9a4f-0683be9cc2e0,BEV-002,2,384.11
07d96e73-351e-452b-9710-34abfb87c4ae,4e86abda-99f3-4bcc-909c-1cf5bfbde440,BEV-005,3,137.74
f37e7c23-8279-4891-af0a-9b968faa9542,429a6ead-142a-46b7-abba-35f7d546b7a3,BEV-004,10,554.15
de2fceed-ef0d-4c5c-ae87-2e3aae494457,3fe03e26-bb8d-49b8-b51a-b19e8bca3cda,BEV-005,10,380.02
9f8cb595-9e64-426d-a5e1-1a298cf3fc35,a0f0b571-27c1-4d3b-a620-25c63b875b38,BEV-003,3,562.58
84e810ef-3ad7-457f-ae84-5c26a825e430,c4623f2e-782e-4389-bc87-ed980e8eddad,BEV-001,10,811.64
790ac6c4-e5fc-4a16-8cfd-f31ceae7b3c1,d689902a-1a12-433d-8a6e-9e824a004214,BEV-004,7,372.26
9ad16435-3316-4bca-9e28-771809fc0a58,91c2e6fb-67ac-418a-bce2-e61fe9c7f655,BEV-002,5,900.4
65fcebce-eec8-4404-a7ed-2638a2e75bb9,91c2e6fb-67ac-418a-bce2-e61fe9c7f655,JAF-003,8,153.48
63b5d465-bb21-443e-b596-91013a19ccc0,3092bf3d-d008-4613-bcf3-3347142ecefc,BEV-004,2,856.09
5c2fbed6-3fb1-4f30-81a7-0ba46b4e8318,a44cd97a-5778-41ae-834b-8bf8b368011b,BEV-003,10,185.03
94c869e5-6077-4e1f-933a-92e03b252ab1,47b3557d-6050-4487-9939-9311e86d7855,BEV-002,3,147.17
a31ca8db-f910-4fa8-a029-f43ca478c2fc,a5aa1d77-257c-46cc-b134-c46ff01d3854,BEV-001,7,42.14
8cb56554-4e00-4434-aaab-7a4b34b0b718,a5aa1d77-257c-46cc-b134-c46ff01d3854,BEV-005,7,641.63
f30e025f-3833-4e15-8f0b-88e1ab749659,6866a79b-8981-4383-b983-f82b2cec19b6,BEV-001,1,918.51
65c3d2dd-dd6a-4e4f-ac0a-6fe702d6e68f,17a5b604-d899-440c-8c5e-6054af6750c5,BEV-001,5,251.57
3022f344-6217-414f-b240-a4d3331d52e2,f50890f7-ee5b-4422-afe4-12ba86b062d9,BEV-004,3,775.42
aa73c40a-253f-43a8-9d30-32b145dbe93a,30148717-93b3-4ad0-ab28-d829eee255c9,BEV-003,2,451.97
17ba6676-7f38-4154-8aad-4c6c02402443,c3497669-8fb5-4675-a199-f260928328f8,BEV-004,2,185.91
39cb3b93-8cdb-409a-923d-5a4116a499cf,87cd3aaa-201c-49c9-92f2-0846aed42645,BEV-002,4,527.13
b3fa8b55-4f27-42a7-a104-7862b65dec0d,87cd3aaa-201c-49c9-92f2-0846aed42645,BEV-001,5,142.55
36628947-bff9-4d0d-a72e-4000e2ef28e2,87cd3aaa-201c-49c9-92f2-0846aed42645,JAF-005,2,32.57
37470fc7-3ff3-4410-b26f-ae3ce97fad61,cfc8b7d8-9f5b-41ee-bc58-22b1d380d419,BEV-005,6,266.6
d8242350-0d93-40c9-b722-d2e0784e141a,680ee4b2-1f26-4e8e-9da9-0a7a06925ab9,BEV-001,7,446.18
c2c452e3-e3d8-4b35-867f-d566876045df,680ee4b2-1f26-4e8e-9da9-0a7a06925ab9,BEV-004,7,489.09
a5003f1a-440f-4d3e-975c-637ce5ffed4a,cb35c755-874e-4abd-b284-a9496e719157,BEV-003,1,242.12
22179770-0e20-464d-8c25-dc9dfddf1b3d,5583ce20-c2a7-4d7a-890a-6df9539b0e0c,BEV-001,4,505.54
780b6325-e741-4f73-bef3-598a1a9ad2ae,858b72e5-49ea-4c4e-900d-fadd9a819013,BEV-005,9,105.76
176707e3-2f44-4fc3-a64b-a59f05a6d65e,d2edeab3-ac5d-4154-8d2e-3a8a38278cbd,BEV-002,8,168.67
844205c9-9979-46e1-922b-297527038b9f,d2edeab3-ac5d-4154-8d2e-3a8a38278cbd,BEV-002,9,313.37
2d12c6b2-5e35-426e-a952-3b1d2efcb1c9,272c220f-6216-47f2-bcb6-b72f2d995d8b,BEV-005,7,793.78
2c26f50f-8baf-4469-bbaf-3d0690640fcf,27d81459-70a0-48d3-9596-a34e2fb7f6f3,BEV-002,3,179.84
dc52692f-5ba9-42e8-af6f-8ea5761c2c94,9903cec9-bac5-4f04-9db4-7192c5d0ab79,BEV-005,2,877.99
1cc1f521-c963-42de-86f2-c11c8b4ebb5c,9bcc25af-39e7-4e2b-97bf-62b70dca5797,BEV-005,6,355.58
ebd8e0f7-7b63-4139-96cd-637473325ba2,5b2bd3eb-1524-462d-b68d-29ba02b3d8ae,BEV-003,4,349.22
c2e46c4d-0cb6-47c5-a389-e28957190dad,6af26710-cf8b-4b50-b6b2-4de4c29a506c,BEV-005,5,865.55
7b3698e9-3c51-4bbf-9949-4dae00c9ab61,6af26710-cf8b-4b50-b6b2-4de4c29a506c,BEV-005,8,820.64
371b0c7e-e7a6-4512-a510-811631b5d0a8,dadab481-5284-4abd-86fe-8dc5c50e83d3,BEV-005,1,907.63
20991b7e-5562-486d-b878-28ef5fe0a8e7,744fbdc6-0f81-461c-a5bc-45a742d3943a,BEV-004,7,818.92
5f31b716-7421-4079-96e9-7ef5e6f33dbd,a0991f31-f2dc-462e-ad62-28082780bf28,BEV-001,9,634.95
ea87543d-3c32-4549-911d-216e858f4d38,062a2ce0-e5e1-45fe-b0bd-2194a56d4912,BEV-001,2,890.23
14d667db-acb3-4eb4-a0bc-b3ba4b2bd920,062a2ce0-e5e1-45fe-b0bd-2194a56d4912,BEV-003,4,767.66
834cc81c-2835-4e8b-9749-73e56b449d87,1e849441-dc52-4728-a6d6-9bba6720e000,BEV-004,6,468.95
b1f1f05b-18c4-42e6-a989-34c80bb8f58d,adb04453-6cc9-4547-8aba-7e9eed5ae172,BEV-001,1,174.83
081ed4b5-656e-4c77-a10f-60a44c5d16e7,fe1f00e4-4c15-431e-8e10-2b1b6eedf2ba,BEV-003,10,153.84
bc7cf540-fb87-4f35-b5af-528bda31c57f,2311b286-9f21-4ed1-bd21-d340ac753552,BEV-003,3,289.87
997109e6-b399-421a-946e-be682bca9195,29ff1cf8-370e-4e05-a1fd-1761fad8a163,BEV-002,4,335.48
ce4b9c5c-3419-4899-92c6-fd819e8751de,1208e97c-3240-4764-b423-4a825519c023,BEV-004,4,744.06
42659b7b-1dd7-4249-b3b0-df551fcec3a3,8dfd6937-c468-4a23-b929-133707c36d11,BEV-004,9,16.33
2869b732-d9c7-4159-9773-5c9ea7f5d053,8dfd6937-c468-4a23-b929-133707c36d11,BEV-005,6,635.25
449608ec-ae18-48d6-8d68-ce90efaddce1,88ca48f9-9abe-4206-bf01-fb1f6bc1f56d,BEV-003,1,682.13
924d5df2-8604-4b14-9211-5584b969d2a6,f87c8ef6-cd0e-4d50-bc32-30319d628e21,BEV-005,9,688.55
8a68729d-8dca-4e30-b5fc-f6cf6bfc2f66,8c7773b0-b489-4d76-86a2-d813b2fd77fa,BEV-003,3,118.34
5253b874-0519-4f24-a703-f033003dc7a9,8c7773b0-b489-4d76-86a2-d813b2fd77fa,JAF-004,4,958.04
290f0b14-b34b-4272-aaf1-e194146c74c4,9892eb6a-b98b-4d4b-be08-d3ed37014afd,BEV-002,5,187.41
73e00bb5-68c8-4e8b-b8da-400433533c13,9892eb6a-b98b-4d4b-be08-d3ed37014afd,BEV-005,4,845.32
8fc6d831-00c7-4fce-8a04-db589b8d43f6,492f9387-d3df-47f3-8a29-3f6c9b19caad,BEV-005,9,671.03
56c287b4-4c41-4118-a4c9-125627616f31,94e18237-e61f-48e1-90f2-4f206f1384af,BEV-005,5,398.19
6bfe23fd-29ee-4f32-a42f-2da3ce736f58,94e18237-e61f-48e1-90f2-4f206f1384af,BEV-004,2,236.13
47add6ce-52ab-45a3-83d3-aa154ccb2770,ad5bef72-d918-4c46-aa3a-be466068b7c5,BEV-003,9,582.67
8890211f-f6eb-4b5d-9a49-d92f4be1a196,96a9d27f-b04a-495b-a7aa-1eda95918a0b,BEV-001,7,559.61
2747db85-85fc-4cfb-bc0a-6d0bb36d8b96,dd0d2afe-20fa-4b81-ad96-55a966006816,BEV-004,6,150.67
a3eb9ee1-d528-49d7-9a42-7ec9aa18a128,b3113c33-9d0b-4ad5-b0d8-e272e650e565,BEV-003,1,865.1
727fd877-90d0-433e-bd7f-783867228d10,25926a54-0363-4666-8711-502ccc8c5767,BEV-003,7,838.1
5c322eb6-8955-442f-8b1a-cba5b69a9cc7,167c3628-4690-46fe-a5e5-085267ddd875,BEV-005,1,833.96
881e6e53-b90d-4164-9372-f1c7bf01b518,167c3628-4690-46fe-a5e5-085267ddd875,BEV-001,10,896.34
0ba77f11-4131-474f-973b-cfefae5fba82,6b5f2d05-8823-49b5-938e-aea51abdc882,BEV-003,9,216.91
99605ab2-89a5-4d29-8916-84d8e8d257e0,ec6e3132-35bf-4662-b6b1-212024e2a34f,BEV-005,7,801.1
da57702b-d135-401d-81e7-56e6c43fd125,ec6e3132-35bf-4662-b6b1-212024e2a34f,BEV-002,5,496.65
3070390e-6ee7-427a-934b-014cf5dd7524,ec6e3132-35bf-4662-b6b1-212024e2a34f,BEV-004,4,371.54
55bb6625-dd6d-4608-be17-22ca208bb34b,7b6368ff-b8f7-41a7-b91c-06aedc00de68,BEV-005,8,966.0
73e33b4b-19d4-4fc3-a8f8-25a33a811f4f,be74c035-fe43-4ee3-bd9c-6e9e3c01854b,BEV-001,2,61.56
cc44f4c0-baa0-4e95-a30f-a8ffbe3b5abf,72ae80e6-514b-4959-8cde-6bc970d1f1cc,BEV-004,1,993.4
bf25a39a-4c91-4857-9723-436552214245,72ae80e6-514b-4959-8cde-6bc970d1f1cc,BEV-004,7,902.63
70516c38-33ee-4081-86dc-5424cf5cf882,33d1ceed-34da-4df8-b74d-8d2781f66735,BEV-002,6,861.14
1a942b27-55b3-4646-a0a0-1671a750deb1,c4b8db40-6aa4-4aac-b31f-f688f0b21c09,BEV-004,2,59.1
5467434c-739d-496d-b5ae-e9d4be1e7baf,bb10c447-f527-4987-9011-873bc91cbad6,BEV-005,9,137.82
82672049-6dac-4dbd-8ee3-4a3d1ada4f54,d030d59d-244c-4d2a-a8dc-134f8fbd6403,BEV-003,1,234.49
68cec02a-6b7a-42f1-ae10-00d2b664423a,35bc54f6-6358-4314-8410-1c93f7de17c3,BEV-005,9,671.02
a8c7f2b1-3aaf-43e6-8bf1-f2effa8afb6a,9d45a967-bfa7-453d-966d-15cd46cd1a94,BEV-005,5,282.73
5be63d22-8cfa-4ce7-9048-c5ce7e9642e1,ffc27680-c99c-48a8-b85e-9e6cafac4cf7,BEV-004,7,905.43
5c028d12-953a-45ab-ab5a-95c4735ee3ef,dd27d31f-d6a7-4e70-bbc1-79b00b8fdc34,BEV-003,7,576.62
0b632705-0b24-44af-89de-53344eb333fe,c995b9a0-e778-4b61-89b0-e26d9937f092,BEV-005,4,314.77
05955471-47b7-4ebe-b0fd-fb82d28530ca,b243f893-6acd-4159-9d47-a51f4cf336c1,BEV-004,3,360.17
35ba9b3d-535d-4820-9c41-7926b659fa11,fbc51db3-fbf3-41d8-a27d-309072ab742c,BEV-004,6,367.28
33ce8529-aab3-4875-92c7-73c7bd6821ac,54c40acf-8db6-41f7-bf6a-4c8bf80cee6e,BEV-003,9,605.32
62404eaf-154b-4f63-802f-e634ce34ac06,0c868929-c5a2-4041-83ff-1a4952216057,BEV-002,2,91.35
82fd932b-a893-4205-b859-8073c4bbbb61,82cf7ab8-10e5-469d-bd95-7d28384712ce,BEV-003,5,452.88
c1ada671-4c72-4f28-a885-c3f83a18ac33,d1414e66-6208-4f75-8f9d-37f71a17da4a,BEV-003,6,296.78
1fe4c144-cbe2-4ca6-b490-90fb40941954,d1414e66-6208-4f75-8f9d-37f71a17da4a,BEV-003,10,154.48
0791373b-16ba-4e4b-8437-e3a6614bd1d5,d8653446-da19-471c-9bed-8af03a73a63c,BEV-002,1,723.56
586cf4f7-c0ca-4b77-9eef-157b56b5882d,d8653446-da19-471c-9bed-8af03a73a63c,BEV-002,9,983.55
e2127832-370c-461d-a11a-eeb6ab71ee9a,7e65438d-d224-4935-9eb4-926964454258,JAF-001,7,46.16
a9c4c2f7-3c65-46fb-bfa6-d497900cfc26,7e65438d-d224-4935-9eb4-926964454258,JAF-002,1,75.19
f485a4e3-9bb8-42ff-be21-3c01b0e20530,890466fc-cd32-4365-ab22-427098b49cec,BEV-001,7,874.08
0d868bbd-7dc8-4f07-82d2-960412da68ab,ac9136cf-a3f6-4c98-bbbb-b583aa8fbcd7,BEV-003,10,646.09
57e85623-ae2c-45cf-9658-744e0862867e,c872da00-13cb-4a4d-8174-d7e8351a2cc1,BEV-004,2,776.74
fe0c5273-cc56-4c08-afd7-3566179ae3a6,c872da00-13cb-4a4d-8174-d7e8351a2cc1,JAF-004,9,772.49
01d5cd9a-b3ed-4396-afd5-838a83b9af6d,473e1764-fac0-489e-9571-fb6a34e1a822,BEV-004,2,776.69
13b19e5a-6d9b-4221-9f2a-62e12a0142ad,e30555c2-c6f6-4680-8e91-e8a81a2152c4,BEV-002,2,722.65
0973905b-464f-428f-b3b3-18d20eedca7c,5c343e86-b3e5-47ca-abb5-321b0f3418db,BEV-003,6,798.76
c8adaeb1-d217-4409-ba91-a940b188ab04,71825051-e2f8-40b5-abf7-865de269d853,BEV-004,4,479.89
b61acb92-3165-4dac-af28-ada44fea01f9,377b9db9-3e68-4e8f-be2d-f5b250e714a2,BEV-002,9,928.32
ff203df6-3fec-4211-a540-db7ef67db160,8e7aecdf-02de-4a5f-a359-92eb2c2626f0,BEV-001,10,439.71
897db1c4-b14a-41a9-a602-3ce7f89933b3,8e7aecdf-02de-4a5f-a359-92eb2c2626f0,BEV-004,8,103.7
5ae28ec1-1c84-4800-ae57-c453ee17b8e5,7d19b4d9-9c83-4a83-b3e6-acd80ff39bb4,BEV-001,6,126.44
0f9502fb-3ffe-478b-b099-06867739f00e,dedd0594-38c0-4e51-916b-6072a1551167,BEV-003,4,960.32
ecb67788-049f-4248-95a9-ae2d44786694,7b6c2f64-402e-4b5f-99b4-c4b52704e56c,BEV-002,7,38.45
0bf93f53-16a4-4188-818d-33e492b5a182,7b6c2f64-402e-4b5f-99b4-c4b52704e56c,BEV-005,5,237.72
fbb922d0-6892-4478-b2b3-5b205408aafc,7b6c2f64-402e-4b5f-99b4-c4b52704e56c,JAF-003,9,716.5
4eecf391-4c42-49b2-ae20-8363916c1da4,92d77f51-69a0-471e-8965-b6ff436614ac,BEV-003,10,532.68
3578548c-9313-4670-8065-d9eaf97ad993,20836107-75ae-4436-945a-264abe0cc5d6,BEV-004,5,652.08
2db43abf-11f7-48d7-9add-6b177b84a38e,3d8f5a50-c921-4b96-95ef-b740345d06b3,BEV-002,1,385.37
9832b96d-211b-4827-9609-3861c81773cc,92ea98f5-b620-4dac-a70e-efcd4eca69e4,BEV-003,6,734.34
3a1bfdff-8fed-4700-a9cf-c9f6e2f14caa,1716377a-ba31-4d4f-b38f-58f20e26e6de,BEV-001,10,752.32
1d4a321f-2dfc-42aa-824f-d7a55cff5609,353d4031-bc72-4587-9e07-b4d310ec2ad8,BEV-003,9,911.02
fa53f903-98d9-419f-8861-acce5d16c625,fc02db9c-9134-452d-8c84-ff6859f00dd3,BEV-003,9,577.15
d40a049e-24dc-4544-90bd-998b5c777079,708e5496-e560-44a7-b56d-cbed182f6923,BEV-002,9,432.64
070ea72c-0d36-4287-bfb8-c3d3ea948bfa,5491a98d-b6d2-4510-9144-4c3744a51231,BEV-002,8,118.93
f68e8d6d-66dc-4fc8-979e-c74281289272,a925497f-1444-40de-bdc6-fe26a119f8be,BEV-005,9,21.19
685746fb-eb68-42a0-93f3-6ee1553da5ae,38f5f364-f505-416d-a3ce-d77a726bf40f,BEV-002,3,307.57
456300b9-1e37-49bb-b043-e44fb097a3cc,e5cfee6a-3056-4339-a344-e9f2758fb8cc,BEV-002,8,634.66
23df3578-c105-4534-a954-a160453ee1ac,e5cfee6a-3056-4339-a344-e9f2758fb8cc,BEV-004,3,386.89
001095e2-31c6-4a21-85e7-84387370a319,e5cfee6a-3056-4339-a344-e9f2758fb8cc,JAF-005,3,814.11
1d4b14dd-bafc-4f0d-83b9-0d4f790a26dc,aa1252c8-b121-42a2-ba02-bfe248e4d418,BEV-004,8,727.67
ab8400c5-dd69-4981-b8b1-4b35e3e6c0bd,aa1252c8-b121-42a2-ba02-bfe248e4d418,BEV-001,4,848.55
503516c5-a306-4f03-88b4-17b5972ceba9,0a1edd7b-4024-41f2-b444-f808ef0d6a58,BEV-004,9,632.33
3d133055-ca6f-4d90-94be-99c7e594d645,690a159b-4379-487a-8b27-1339e9a8ea7f,BEV-001,7,586.3
3fcac1c6-705e-4637-ac7c-9ffc0808eadf,690a159b-4379-487a-8b27-1339e9a8ea7f,JAF-002,9,895.06
21907d63-961b-41cb-92d4-7c3c020b5310,6ed1bc66-749e-4f24-a88e-8509557c1a63,BEV-001,3,301.76
edc0ce51-9fec-4f62-91e2-596ad8734396,671e81e2-981c-4559-bd0c-512a637e6b63,BEV-003,6,461.09
454243df-d85f-4f76-a52e-55dd5e23755d,88d14585-9ccb-4459-b3b7-5ccbe9d8f575,BEV-002,9,133.47
18e841a9-8e86-470e-b054-8d139192db93,80c62746-42b7-4d69-9cd9-3bb293bbdd05,BEV-004,10,822.26
44cc8459-b4db-49d6-bd07-a2cc796979ad,80c62746-42b7-4d69-9cd9-3bb293bbdd05,BEV-001,7,290.99
5164aa5e-b40e-48d2-a93e-be8a6db998b9,80c62746-42b7-4d69-9cd9-3bb293bbdd05,JAF-001,8,996.85
69247893-553d-4d79-990e-fea7894be3bb,a6c901ef-bbd9-47f0-b48b-8a2ece444ad2,BEV-002,9,57.91
3596837b-40c2-41d8-a528-e7271e445061,b8cc30d1-f67e-4c1f-8bcc-90f7350a4ef6,BEV-005,1,448.28
154ad611-7204-4a18-bb60-3ae19b578766,0de92d0e-e532-4339-b953-033aba776cb1,BEV-004,6,77.78
dcdcc285-fbba-4e27-9ebe-2a2797c535f8,c2c244be-f93f-4283-86e4-ad5698d999b9,BEV-005,1,155.03
5f9e9e2a-026b-40ee-9b02-d925694b56bf,a66dd18e-1106-4f65-ba69-8ec918e8cb1d,BEV-004,10,80.3
019a4f24-d82a-4b92-9ad0-3341558960d0,2ad7d5ce-aa0c-4f38-b276-68ee161d9053,BEV-005,8,657.72
2d5eb997-2c10-4d05-bea4-1a6d531983de,b8139d27-487d-48ec-a0a9-46511b2571d5,BEV-003,3,134.37
38064e83-760f-4a47-a85c-c38d149db97a,b8139d27-487d-48ec-a0a9-46511b2571d5,JAF-004,10,522.25
7e5ecd21-cb92-4967-be20-fa58f66b0ff9,db924f75-f723-4065-9502-d32d14e8f815,BEV-002,5,723.38
390601f1-7229-4f9b-838b-452702541ba9,9fa72521-8f91-44f9-ba3f-972fed44b108,BEV-003,7,827.46
1bdc5be1-3e11-41fb-863b-149841a2a5cb,c7a6e616-7900-4e27-9834-32b1e80fbb1c,BEV-003,2,412.26
c8851c67-0b68-4dc0-8ba3-2745ed6e9b7f,5f122af4-72e6-4e9a-b33a-e7f949114f75,BEV-001,10,54.49
1af43e2a-3554-497a-9fad-c21898068cdd,cfde2309-2e7d-445b-9586-38c0e1eeaa4c,BEV-002,9,22.42
f3508eef-e089-4b94-b88e-1b7cf4283033,31e775ea-ccf2-4def-8bc9-82d9923574dc,BEV-001,2,532.79
941b4aa3-8d64-46a8-acbb-29a8d68d135a,382eaa30-032d-4ad9-96b3-4f512cd87373,BEV-001,4,607.32
0e723762-f1d6-4cf2-9950-3cc89e17de1f,584291c9-5e8a-478d-9a59-242ec29ec893,BEV-004,10,454.82
488659d3-7174-4f4e-8e1a-0a8d5b4bfb04,dd70a1fd-7cdb-4724-8500-30e322100775,BEV-003,9,954.9
f3df2e96-eb14-4aac-93cc-e6519df21b1d,9daf039f-3001-445f-a3e0-fb595eec075f,BEV-005,1,263.99
e338f96b-de68-4fd2-a1ea-00fe7fcc6218,23528380-f8e0-4e4f-be16-8573c62b727f,BEV-005,2,249.31
544cb6d8-a0a0-41ae-a799-89671b96898b,a11e04b6-4a70-44b1-96be-e604b34222e6,BEV-002,2,339.32
7b9735a2-8745-4cb2-8001-6aec6918c688,2cec3fca-ab59-48d5-8a7e-bef7c56274d7,BEV-002,8,983.23
ed084c1a-30d9-4801-8bf4-20a0bc9957ab,742300b8-2051-4336-9661-ebe5a64765b8,BEV-003,7,347.13
f2c8942f-9b4b-455e-93ab-6a42e7b5afcb,742300b8-2051-4336-9661-ebe5a64765b8,BEV-004,2,822.88
2cdc8d24-0cf3-4dea-a778-00ce9508255a,742300b8-2051-4336-9661-ebe5a64765b8,JAF-004,9,917.86
99578ad3-07cc-40e3-a1d0-6e99162cd485,cc41c856-64f9-4161-ae8e-bedb10d6206b,BEV-004,5,93.98
67df18a9-f075-4a7d-b271-40bd0f44daeb,cc41c856-64f9-4161-ae8e-bedb10d6206b,BEV-002,6,914.22
ff3b2fa6-9e45-4d4d-b21e-9ed489669770,cc41c856-64f9-4161-ae8e-bedb10d6206b,JAF-005,7,262.68
c37f7861-9866-4982-b4da-323f4a7ec2de,cc41c856-64f9-4161-ae8e-bedb10d6206b,JAF-001,6,159.63
cc1cd86d-68e6-4a45-b20c-3a6a5a441ce1,c26dc8e6-9f3a-4c96-bd6b-18939a319da1,BEV-005,4,806.15
d3bd2845-55c6-457a-b531-90d6753016be,9c9749ac-9d12-4b64-8567-b51228a0c5a9,BEV-002,9,704.12
e4eb4a6c-6836-40bd-acd8-16b0e2d4a582,9c9749ac-9d12-4b64-8567-b51228a0c5a9,BEV-003,3,873.08
03aabb9b-630e-41b4-a35e-8976b22ab9da,1ac9a759-6635-444b-adee-9c3345e299ae,BEV-002,6,707.87
0cf83c2a-993d-4271-a84e-6bed20e2f8d0,1ac9a759-6635-444b-adee-9c3345e299ae,JAF-005,4,377.28
10e610b6-4f11-4aba-a20e-545c277c83c5,1ac9a759-6635-444b-adee-9c3345e299ae,JAF-003,9,575.27
ce42941d-d567-47f9-8b15-905e8fa552b5,a55b83b4-af23-47ca-9532-62a1ed1a3f85,BEV-004,8,227.28
72352d7e-a24e-4ce7-8377-8bec00d375ed,6746ca30-a07a-4e93-b016-93cf7b20e592,BEV-003,9,219.88
fb12a882-c470-44e7-b1b4-e3b155b8917d,72e82753-8d0c-4abf-b9c8-aa75d7f47e27,BEV-001,4,187.47
669a35c6-f0d8-400d-87d8-292fb096f781,72e82753-8d0c-4abf-b9c8-aa75d7f47e27,BEV-002,8,556.1
fe13b023-1bb0-4f01-8195-c61d50cd9d39,72e82753-8d0c-4abf-b9c8-aa75d7f47e27,JAF-002,1,217.89
5ddcbcb7-37c9-42ca-aacf-ce0e54e19e07,a52b742d-7ff8-48a7-8ea5-f65a11ee9690,BEV-002,2,171.63
413fa9e7-2caf-45a2-9525-6c411d54b913,a52b742d-7ff8-48a7-8ea5-f65a11ee9690,JAF-003,2,874.27
7be9fa0e-19b9-4e35-a6d0-2a37e81c910f,5aa79025-ab91-434d-a1ad-5eebdd24f689,BEV-004,1,451.98
19171ca7-d844-4e1c-898d-b5abc7f79c43,42b9e4da-f459-4d0c-a998-b2c182f21510,BEV-001,8,594.7
631fde35-25b2-4da1-8005-bc879d6f52cf,42b9e4da-f459-4d0c-a998-b2c182f21510,JAF-003,9,136.4
f1735f57-9291-4b8f-9a65-a99f49ed56ba,b628d4c4-42c2-4eda-b18c-e2a03900c53f,BEV-004,3,532.11
d8ad8d7b-b36c-4146-8e96-92880979eba9,a83ae547-dd6c-4187-8119-5b2d2f7aded4,BEV-001,1,216.18
748cc498-638c-40f3-a31f-5f8ac7a99fe9,a83ae547-dd6c-4187-8119-5b2d2f7aded4,JAF-004,4,215.64
ccc5815c-ac7b-458b-9154-bcc696a39490,15bde1ff-2844-4516-8176-7aa7730043e8,BEV-001,7,379.68
36edc5fe-9489-4bb5-b916-e2301e21be57,83772fd4-d961-4fd4-8784-c2a3ff3a7f09,BEV-004,8,323.85
6d5cc08d-8781-41e3-ab70-b01202bec992,3a79fe1d-c6de-4358-8ca8-6e752d904407,BEV-005,2,386.45
f9e0f3d1-0b88-43ea-afcf-b11db87a3719,7b1cda24-9af7-4f19-8dcb-6f00ed0d4ea0,BEV-003,3,941.17
adbca3b1-ceaa-4c73-abf4-0c20a73e1aea,7b1cda24-9af7-4f19-8dcb-6f00ed0d4ea0,BEV-002,2,545.31
58ae2c49-6641-4459-9ead-f7cbbc16c51a,7b1cda24-9af7-4f19-8dcb-6f00ed0d4ea0,JAF-003,4,407.01
2bc2b696-c850-498e-8755-12ed2ed37c60,7b1cda24-9af7-4f19-8dcb-6f00ed0d4ea0,JAF-002,8,668.62
7078382f-e394-4549-b255-bbd1f08fc08e,4dd2e941-5478-40ea-a5a8-6b729db0bf36,BEV-003,10,993.84
8c0b40f9-51f3-4fa3-80b8-2939727f8728,33b68548-4694-4cc5-a62e-a5e885a1f6d0,BEV-003,9,907.81
bf50a31d-386f-4c00-b53a-c3a54d3a4799,457e1f92-0cca-4bf5-a0ea-9e55d0ea26aa,BEV-001,3,74.11
beb9d514-50f7-4356-aa8b-ee91c0beda8c,457e1f92-0cca-4bf5-a0ea-9e55d0ea26aa,BEV-004,6,707.55
98f26e04-7503-49d3-98ec-3e3cb355efd3,72b40b18-5d47-4adb-bc2c-12de9c143ddf,BEV-002,9,925.34
afeeba64-3792-477a-908b-e397b99934f4,0a3bb826-e72f-497e-9409-8d9c444ccf9b,BEV-004,6,228.04
64859d36-ccc1-4577-9e26-97ba94c91d5c,0b81e279-55fe-4bbe-85ef-dda743792c67,BEV-004,6,86.68
e4d9a8ea-11ec-4e78-84f7-0a70f7583911,0b81e279-55fe-4bbe-85ef-dda743792c67,JAF-003,7,863.8
209fd2e5-7767-4f71-bda5-ce90ef029519,a8a46d37-05e6-4ea4-a08a-7866ec86e6f4,BEV-003,10,722.96
3413d6d6-bfba-4c65-bc2e-dcdc17eccc93,a8022912-e6ec-424c-94cb-63130dfcdc1e,BEV-004,7,729.68
77894e35-c78f-4db2-908e-1c66179bc0c7,8ac2b61c-84ea-44e7-8222-f8cb5e4962e0,BEV-001,10,700.93
1aca4cdf-acbc-43f6-a16d-208388f103cc,eac786ad-f209-42b4-9d46-d939d27f85c1,BEV-002,5,693.7
be17f9ab-edba-47d3-99ec-c7cf80bea6fc,85fa1578-f9f9-4319-8837-f22304e39715,BEV-005,2,604.35
b2352615-28cf-470c-9d16-0a3c59a622b4,12952847-7367-479b-adbd-96780bf2a2da,BEV-004,1,712.39
0a649342-f3f7-4025-a18b-3c16a71bd571,95b89e98-8a6b-4213-a02f-74b2dd570236,BEV-004,4,478.13
8d526d75-c650-40a4-8e8e-73a2badc7b4e,3ac7a857-55f6-44bc-9ac7-0e89d8cbb142,BEV-004,10,368.42
9651510e-573a-4ea1-8388-8db793c8d375,ab2f5414-1603-42ef-bf1f-fad24630f13d,BEV-004,8,524.74
ffda6d27-0586-4934-ac79-f975871735ff,afe56dc2-5087-482d-8c1f-2710305a5962,BEV-003,2,731.29
9d234e9b-3b1a-4083-a445-328182063c2d,cec7971c-1681-4df5-8375-2594fd3a28d1,BEV-001,5,44.99
002dc0f5-9a14-4033-ac91-da7fe9de072f,15dc0a14-3fc5-41e2-9f95-f7dc1700f859,BEV-002,2,823.39
8390c3c4-9bbb-4b90-a0d1-0be9691dcc37,ada27cc6-6946-4b23-b4da-e2f08b18ad3b,BEV-005,8,938.43
283218bb-0304-4339-95fc-1907d9fcae48,7443eb38-0683-4910-af91-ba4f12b794a3,BEV-004,6,446.78
52e54745-5bf4-4eca-b4f6-aa3c6b17e021,88dad14f-4b56-453d-bfa4-116f678456bc,BEV-002,5,784.48
89d46722-fa8f-4da1-aaf0-980462004175,88dad14f-4b56-453d-bfa4-116f678456bc,BEV-002,9,179.31
9c1c8f26-19d1-4255-8782-9b035f21af8a,88dad14f-4b56-453d-bfa4-116f678456bc,JAF-004,9,598.94
10212daf-e6d6-4963-ab6b-20e263735924,88dad14f-4b56-453d-bfa4-116f678456bc,JAF-002,9,321.65
7e30ecca-60d5-4353-b22b-aab6debf302e,88dad14f-4b56-453d-bfa4-116f678456bc,JAF-003,2,950.31
2762b708-0e4a-43c6-8aa1-f3fb81f82228,70390828-374f-43de-9ab6-255e6d665dac,BEV-003,3,733.39
d24216cd-3e45-46bf-aece-395255d8a5bc,70390828-374f-43de-9ab6-255e6d665dac,JAF-004,2,731.17
a49e06ce-2ec4-482f-88e5-c33ab0c3a926,70390828-374f-43de-9ab6-255e6d665dac,JAF-002,1,498.81
95d97d08-5143-439c-8ba4-2121b104beee,c0684284-3feb-47b6-a26c-ec8bbe876c7f,BEV-003,10,484.05
466f5ba6-e49d-420f-a6b8-a57d6924cc5e,a1ec3912-8554-4e61-ae25-6546e2c48e76,BEV-001,7,250.95
85727112-0d27-4614-9611-3c03a692f071,a1ec3912-8554-4e61-ae25-6546e2c48e76,JAF-002,3,972.93
0c2caff7-33a7-411e-84e3-95c6d65d407d,90c86889-6512-45b5-887a-4d95f822eba0,BEV-003,10,504.24
4fe73a6d-d9cd-41c5-a8d6-ffff4db967e0,0269e266-2563-4983-b81f-c3d65a3b5ebb,BEV-005,6,120.9
4d741f7d-cd7c-4519-9610-f8d42a44eeef,8dc102fe-1e05-45f5-8a11-f00bfccb08fe,JAF-001,3,831.04
d4cf3357-8bc9-47e1-9818-f4e991a0ba1c,f332cfda-002f-49e9-bf19-a80c619b398e,BEV-002,3,708.75
abfbe8c7-bc5a-44a0-87fc-700752fe027f,95c9ada3-39c6-467c-9192-8bea0848f151,BEV-005,5,504.27
cf977e53-daf5-4ca5-adf6-ada76f2584de,6bf7f212-2027-4a88-8729-4dfce9ed9974,BEV-002,6,525.86
8354a1dc-ca55-4dfb-b9bc-d169d9a417c7,cfeffdac-9e7d-4f0d-abc1-2e45547a0cfe,BEV-004,5,527.78
43287d73-7082-44e8-882d-18f99e983738,d9bec3fc-f6ce-42e2-94a3-3d5982f584bb,BEV-004,2,120.35
fd417fa3-1401-4d70-9db2-855653063980,f6d56f82-03fa-4148-ab57-68d9794f4ed9,BEV-005,7,473.49
913dfa42-007c-4415-ab48-4a35e65609bf,2793a994-c0f0-42dc-88f9-e995a2238d5e,BEV-005,1,832.98
ce644c5c-0cd0-4c3f-9566-ed03bd59dd08,50c4f53a-39bb-4156-a2e3-efde133050a2,BEV-003,10,486.68
db7be4c6-1e2d-4f40-b35e-b5b6c56cc061,1c69e495-4748-4d98-b40e-ab81508d325d,BEV-002,6,981.56
7cd81470-02e1-4126-bcba-1d6bf5fefe5b,1c69e495-4748-4d98-b40e-ab81508d325d,BEV-002,1,650.53
37ac83bb-f133-4378-856b-6deb84da1bd7,79a2caf4-8ad5-4b28-a649-c41d905067a4,BEV-004,5,303.32
67cd0ad1-b900-46f6-8f99-79a3469bced2,b3ac6908-1262-4ee6-9a4e-2ba434ae9628,BEV-001,3,59.9
688e240e-b013-40ce-ad67-2f4ed7198c7b,79bb1106-cf52-41c2-a2b6-35ef76185b7e,BEV-004,3,762.67
ee424408-b269-4f9e-90c5-349396784f60,1eb6cb60-106c-46c2-93dd-83bba9d99858,BEV-001,7,452.9
10b0d0a6-2d3e-4f2a-a9b6-d9bf30b18851,46df33b1-ee73-4cf4-b654-693b7f27da87,BEV-003,7,326.32
e88c15a9-8292-4749-9426-28fadc3dcd20,46df33b1-ee73-4cf4-b654-693b7f27da87,BEV-002,1,533.1
d0534a37-17a1-4ba2-8a90-4a03e91c949f,46df33b1-ee73-4cf4-b654-693b7f27da87,JAF-004,5,472.09
bd16dca8-d7a4-425a-b915-739da7770a95,9a05fcd5-dcc0-4917-a530-a630e2f8375e,BEV-004,4,616.15
2fd270c2-1bc9-458a-a2c8-65fb2079fd59,92663063-b1f2-4f4a-b806-a038b6a68d59,BEV-005,7,916.27
9f01bacc-7b72-40f9-8589-b733811fc522,e5a68b28-82c4-41f0-86bc-1374cb494135,BEV-002,7,618.43
dae5974c-0f24-4a38-beab-d5d20de8261d,8cfda631-4c8f-4968-9da9-44f15a9231b2,BEV-004,8,357.67
8b162717-f155-4893-a5f1-57b7f4a67d98,8cfda631-4c8f-4968-9da9-44f15a9231b2,JAF-001,7,703.58
b7abe876-3c5f-4aa8-9af9-7c89ba62e6f8,bdee7b08-4fff-43b7-9d74-b8e853fae324,BEV-002,9,17.62
b757418a-2494-4d2c-a02c-3615a57d35c8,010a47b5-50e8-44d2-8efc-c70f7054f902,BEV-005,5,500.62
4bd83c83-b0da-480d-99e7-74b33e2116b2,d571f551-6197-4ef9-a7f9-977c03ef94eb,BEV-005,1,776.43
b85f3f7f-0b9b-4c3a-9e75-ec5630506ccc,d571f551-6197-4ef9-a7f9-977c03ef94eb,JAF-003,6,268.89
9945beec-2dd9-4605-92a7-ca55a68d579d,16023a22-536b-415f-9c42-444704003446,BEV-001,1,18.58
059c963e-3b84-471c-87d0-4aad1b33d95d,16023a22-536b-415f-9c42-444704003446,BEV-005,6,513.37
9dd44593-cbe0-4d8a-a2f4-30298b8882f0,601932df-301a-4d94-ac1e-8ad1ff6023f3,BEV-004,10,870.06
14a6b897-5874-46a3-b6cf-8f059b5d482b,601932df-301a-4d94-ac1e-8ad1ff6023f3,BEV-002,4,710.77
231413a1-3753-4dca-9c42-3b6a55a26109,51435d23-1605-4334-a66b-b79ff6e3752e,BEV-003,10,431.23
71a2ee1a-8cca-4f36-9fe3-d195e739616a,f9f8ad34-17f2-4b4a-b7ca-b0e9bdebe538,BEV-004,9,429.54
f78e4be2-31b0-4cd7-a30f-399e94257b45,f9f8ad34-17f2-4b4a-b7ca-b0e9bdebe538,BEV-002,2,810.97
56e19267-dea4-42a9-ae9f-ee817a0dff32,f9f8ad34-17f2-4b4a-b7ca-b0e9bdebe538,JAF-001,7,657.42
ba3f91c6-c82c-4ac7-8c8a-473b3d3d911c,4e7c9aa0-a3d8-4011-b352-d6cd8a252669,BEV-004,8,889.75
48b9a612-4607-4e7d-877f-2f17cd9c1751,f3b14e93-1eb8-47b9-b966-fe5c9cd53908,BEV-003,5,909.86
8c2b0471-75c4-40f9-97cd-00bf481f83f9,3d91b660-60aa-40d0-ab6f-0dcefe4eef45,BEV-004,9,892.82
ca3b5cba-0f84-44a0-9572-30ea4350755e,387bff4b-d835-454a-8f74-8e79aa12c3f3,BEV-002,3,69.13
0fdf6c75-13e9-46f8-81f6-8812e3edff44,2edc91af-c000-418d-bf63-5ba4e66ad1f9,BEV-001,8,283.44
42a1bdcc-ffc3-4a76-9f17-a698433a9387,2edc91af-c000-418d-bf63-5ba4e66ad1f9,BEV-001,1,425.47
68491997-3e77-461b-bc03-747334e88fd9,03be6a33-43d3-439d-a437-01efd239a2d5,BEV-001,10,65.89
e066f991-c4ed-42d3-99d9-9b07514d500e,d430f30f-8e0f-49c6-ba18-9a9108f0e03b,BEV-003,1,127.58
0b31e9b7-275f-4736-b17d-885271b290a1,d430f30f-8e0f-49c6-ba18-9a9108f0e03b,JAF-001,9,185.67
c793403a-5f80-48b8-84f7-f5833b86a01e,d430f30f-8e0f-49c6-ba18-9a9108f0e03b,JAF-004,1,303.21
5a9565e4-0a78-464f-904d-b03fef9d4d17,2f58e021-2983-4db1-99c4-b4c90d4558c4,BEV-004,3,687.82
21cddad0-6c2a-4951-8726-d1424e8b88cd,2cfae28b-098f-4d5f-82e2-ee337f6246d2,BEV-005,6,988.49
b73ccb82-e74f-47f5-bb32-479c182f8fd0,3f1baea4-1a6b-4c67-b744-088c6354310a,BEV-002,3,546.12
4f942cc5-e5be-4537-bfa1-5853374067c3,b2678abe-1048-4dba-a49f-2330ebe5d242,BEV-005,5,318.46
7911e4c9-dcd2-4d41-ab83-34773cdb65f4,b5e9c10d-8ba9-45e5-a2d5-ccb694d0fcf6,BEV-001,4,14.23
e77c6e9b-17c2-4afc-a3d7-26a6f0fa0a17,b5e9c10d-8ba9-45e5-a2d5-ccb694d0fcf6,BEV-002,7,116.49
33a089e7-bfdd-4cdc-a71f-39c51b586088,e7638964-2aaf-427c-94b8-833b5c998f75,BEV-003,9,647.41
5fc35d64-14fe-442a-b2c7-8ada1e8f79fd,64a4a128-b53e-4840-91b0-ecdcba0724e4,BEV-001,9,917.22
c46c0862-be3f-4fd9-9b35-62a3f3691d3d,b9c99b04-ba1e-4b81-9799-ebb20637da69,BEV-002,7,105.26
6b78b472-13b3-4b63-925e-794a81b0ece0,b9c99b04-ba1e-4b81-9799-ebb20637da69,BEV-002,2,928.49
754bb95b-b529-4c55-adc8-133573343a07,b9c99b04-ba1e-4b81-9799-ebb20637da69,JAF-002,7,774.57
25fa2921-4071-4f2e-9f99-fe768a9eff9e,bb1c5f4c-5b00-400d-b5cb-9a3af968d4cf,BEV-002,6,602.74
a2fd21d1-ad0a-4218-ad1a-379f54bcc47a,bb1c5f4c-5b00-400d-b5cb-9a3af968d4cf,JAF-004,9,926.53
4c2e095e-052f-468f-9463-eeaa062fac0d,cee2a759-51d0-4df7-bd8e-44954dd11735,BEV-005,2,699.72
e8ed9e52-e8a4-40ff-869e-cde7c64f06c2,cee2a759-51d0-4df7-bd8e-44954dd11735,JAF-004,1,225.2
b11f870c-cd9f-4baf-a3ad-c6f8441908a5,0d752ead-2c93-4910-8e86-ca3309c5d0d2,BEV-004,3,171.89
6f0b55d3-11b0-459e-b8e3-6353f8433810,0d752ead-2c93-4910-8e86-ca3309c5d0d2,JAF-005,7,270.56
0f0a6abd-c0f7-432d-9b81-30b77565d830,a6c8800f-dd49-4fbd-bef3-ff8740dd0516,BEV-002,9,118.63
c46c46a7-77ba-408f-a658-c9ca68b25bea,1e11dfa6-acd1-4795-92e0-41e39c7a8d0e,BEV-001,1,927.1
678b7300-cdc2-4779-b88f-422b70fea3b3,57914f67-3f6a-487e-b007-b6fa7a773745,BEV-004,7,528.86
fad5d313-0d82-4426-8e85-86b9a1f1f1c5,7f622f92-dbdb-4f50-986c-28f8add8f73b,BEV-003,4,462.61
8d613f6f-362a-42ed-968b-9e06f5a48276,d1b14e7e-39f7-4e72-8f70-43f6ade0fa1f,BEV-001,8,133.37
520c400e-d2bf-4883-9862-df05fc0e963c,f4034f96-0eab-4ae5-bcad-fabcd7f4eb82,BEV-003,8,227.49
5431a33d-2ceb-49d8-873d-fb6364d671d0,d06e4167-0ef5-48fb-9079-f267acddae81,BEV-003,8,741.77
c434a906-299a-47b0-865c-37949e95cfa5,df8fd041-ca2a-45eb-9349-196e3371e450,BEV-004,8,63.29
9394fe18-9b25-455f-a017-771fc2560f5f,16f23188-3557-4c6d-b5b8-dce79ba8fd19,BEV-005,4,266.42
9ef8a2b4-71bf-4ba5-851d-7a23936fc059,16f23188-3557-4c6d-b5b8-dce79ba8fd19,BEV-004,5,586.46
ae94fdcf-8d69-456e-85a3-bccec54efba2,26747ac4-4851-4a7d-be16-291a2f02f928,BEV-004,3,293.71
58b76c6b-1af8-4a83-aec7-ba55cd86d7e1,fbcaaab0-93a1-4ade-8ef7-abdcaa99e1d9,BEV-004,8,306.35
05beb952-6ab3-4256-a14c-0affc4d8df46,5a1187db-6498-4aaa-8144-39acc6e05e92,BEV-003,5,317.8
1937d857-0b49-41d4-86f5-b725cd000126,d45ef64a-ce48-44b0-ac40-72bf1fb50a20,BEV-004,10,935.83
abb688e5-77bf-48e0-bcee-32d50c4c34ca,d45ef64a-ce48-44b0-ac40-72bf1fb50a20,BEV-005,9,948.41
a74c5f64-190f-4c6a-9754-9750a8e05f47,d45ef64a-ce48-44b0-ac40-72bf1fb50a20,JAF-002,6,836.27
8dc88af9-0072-4a50-ab0e-10b13299d07c,d45ef64a-ce48-44b0-ac40-72bf1fb50a20,JAF-004,8,158.53
3349d9c2-ad72-4753-88f1-7dbf483d9e2d,e3be1a40-3238-4e1e-8294-7a0b1624bbfb,BEV-001,5,941.46
e6f3c641-3f9d-499c-ac50-6a3082eae709,e2fa1338-5602-4f92-a259-c5fef628b395,BEV-002,10,594.8
e96cef6f-18e1-447b-82c7-9899084e80db,16c70b77-db2a-4a80-bb0b-7fea26e715f0,BEV-005,2,32.33
bcd94fcf-3df8-418f-bcd7-018f525f4744,485b5243-5c3b-43a3-b110-b74e51a04be2,BEV-003,3,688.26
a4536b99-cc3d-4aec-8477-09d73112d646,1d194c30-a046-4444-8987-e6c0dd615830,BEV-005,4,260.76
3cf961f6-c61b-4ae0-9c8d-5a8d26700273,2dd957b0-5a13-47ac-8367-1e5e56fcde71,BEV-002,10,762.89
61bec4a2-22fd-4ccb-ba1e-29a564f9e6ed,a239cc9d-ace2-4bcc-a9b8-47190c692229,BEV-002,5,600.12
f20fafb5-e0ed-46a8-9247-4f13af942e0a,1e399db2-ad05-4eb2-9e52-cf436af44234,BEV-005,4,141.61
830a78ff-d2ce-4c22-bbb9-c88c84b02ac8,1e399db2-ad05-4eb2-9e52-cf436af44234,BEV-003,6,291.71
063bb009-8a6a-486c-a5b0-9e4c76d7e2b6,9feafaaf-5aef-4bf6-bff0-513c7bbc07ff,BEV-003,3,690.39
7a7bab87-10f4-4fa1-a717-ceb282a3a86e,4d85fbf2-b6c6-41de-bbd4-fad442491c92,BEV-001,10,592.78
f1942ef7-9e7a-432b-beb4-67f2f47e571a,4a00c9e3-858e-4cdd-b8aa-1524e08fdaf1,BEV-003,7,284.19
63f3e74b-f052-4947-9bef-5c68ba26df48,ffd837d2-5947-458a-bf83-cfbfb989f6b4,BEV-004,1,910.17
e1fede9f-921f-42d4-a6eb-f81555d41338,d9050239-0014-4929-aa14-b42e1deca893,BEV-004,8,587.39
b2af06d7-bba1-4718-b2c1-aea1c4861fd3,b804b9a9-1c08-428d-a7dd-afa87bec6695,BEV-005,1,844.81
f6d921a4-fda2-4c30-8d01-a8ae3c9d20ee,ea1f92c5-8644-4041-842e-fd9700ae2c29,BEV-002,10,185.52
d6252c6e-8f90-4eeb-96eb-25b1c84e7af0,7d2a4b07-1479-4328-ad91-2fa4aa88f531,BEV-002,5,176.45
4e1ed148-973c-49c4-a94d-bfd616dc90ff,0e619111-ed33-4865-ae15-af5453e0c45c,BEV-003,3,489.04
eb08868d-302e-414d-8322-106babc3f1e7,3d2dd148-742e-4299-98f6-3f233c56b1bc,BEV-002,7,199.13
4f7c5641-9f7b-4023-ba2f-7055ae8f1abb,b1dcfb99-5397-4503-8c84-18d7d23767df,JAF-005,8,469.64
9a3291fe-16ba-4e1d-99f6-66fd5d2f22a9,6c13c6d5-4c7f-4b13-801b-d1c444b63c06,JAF-004,1,573.48
cf931119-dabc-443c-9d21-3df61b6ae6e7,6c13c6d5-4c7f-4b13-801b-d1c444b63c06,JAF-003,3,261.79
481b59df-9bb5-49d2-8858-55db6979d575,826ca0cb-64dd-48a0-95fe-5cc3150053c8,BEV-001,9,593.5
b869e96a-4a58-4c08-9cb5-1ba222f8ca46,2c3e1477-9c9b-4d06-b0bc-98d9136333bb,BEV-001,7,457.39
c4d5f6be-0923-4726-b7fa-70ce872ce24a,2c3e1477-9c9b-4d06-b0bc-98d9136333bb,BEV-004,10,480.77
0bfc9e47-30ba-47a3-ac8b-eb4bcbec205d,fcdd2ee2-5690-470a-ae14-702f8cfcc2a9,BEV-004,7,30.85
5364405e-4d81-4520-92a0-bc23f4aef9db,7b01152c-48a1-4842-827a-497dd6baba53,BEV-001,4,706.92
0a3fbbf8-3dd6-4ff4-9e6b-0644ed8f1ed6,7b01152c-48a1-4842-827a-497dd6baba53,BEV-002,6,468.65
051b1afc-df8c-4b13-962d-9c4585569583,37dfc4b7-6594-415c-a539-98c138877301,BEV-005,1,235.54
61d3cb44-8bd3-4592-b8a4-5dcf9f77e4e9,5395b4d9-5fcc-4cbf-8d0b-ffb476190a25,BEV-002,5,673.85
1ac54bd0-4f9e-4856-949f-b1b96e96678a,36e44628-8f50-40b0-8064-b1ab078fe23c,BEV-005,8,406.19
e8524bae-7f13-4b5f-83c8-b4c4f0660a73,9ec52d7d-7f8d-4e8c-893b-ad0011ad1d17,BEV-004,5,476.96
020bacc9-7db4-48de-bb10-e9cdfba9a580,8dafc5c8-d65b-400d-aa8a-069865a37a08,BEV-001,4,881.06
c926e84d-a5dd-4176-a164-875c0cbc12b5,428de5da-1372-4731-8355-ac987e8b6916,BEV-004,2,723.83
79bbc13c-1591-46c7-9ea0-3892dded31bd,3165c19d-5e38-40b7-a0cf-025d47e57ed4,BEV-002,6,232.87
a614e6b8-936f-4680-8c35-2167dabd54b2,d505f9ff-c79f-4998-94ee-f24e40981fab,BEV-003,8,801.55
1df8b547-ad94-4f47-bfff-53f91f9653ed,d505f9ff-c79f-4998-94ee-f24e40981fab,BEV-005,3,514.1
ad12b671-d168-453d-a22d-5e2a6e26cab8,a7a99a8c-4886-4384-98a8-93e86ebfe018,BEV-002,6,952.72
be71e2e3-2404-4a2e-9ee6-65cfc5c552a4,e1287ab9-1f5d-408c-9f68-68fca8e102b3,BEV-003,8,532.39
f57ceca1-23bd-4f3f-94b5-bd8ff7ab6bba,2595b8e7-30e1-478c-8498-b1cf6e2da3d5,BEV-004,8,914.74
9d0f6dd1-2709-47a3-86c2-fa46bcbff3e3,54c7f92d-5612-4e30-ab40-d9af1f84e87e,BEV-003,1,776.38
2dd3aa47-7f35-4857-8800-3b3f6724b1f4,b98e5469-9279-4211-a79a-e8c832c31ceb,BEV-001,5,353.64
b539f531-b74d-49ae-9e42-cd770aeaa84e,f1e2614c-0a64-44aa-b84f-64df669b6e59,BEV-005,1,51.27
f22a7f82-3eb0-497b-9685-bc5331e7549c,8ab32b8c-cd6a-40af-9be3-f27cf5b44973,BEV-002,8,879.67
f078f3cf-a227-4adf-b966-742720b5a5b9,43d81e77-49bf-4b65-b994-f5cf3f28b9a8,BEV-005,10,980.39
3f47e8d9-594f-4b3e-9d18-e1adf9eab8c7,7f8e1837-71f3-4385-862d-f011652b35d4,BEV-004,8,719.4
30a1f702-e845-4d70-8364-5a7359ffe45b,7d8d26c3-9a5e-4e71-a6bf-697eff6c9f2d,BEV-003,8,450.46
6fe91a8c-3e41-4c9f-9b6c-ce03a0aa01fb,83ffc1af-dba4-4187-b411-db6a4a3d6aeb,BEV-005,10,948.43
58e359d6-68e7-41f0-a6f5-219d0982a6a3,8d0e2ac2-5df9-4019-bcc5-848d44b1a58d,BEV-003,6,663.59
3614e814-737d-4e76-a212-d938797d1fe1,e5037805-afa9-42ef-9b24-b2ecba40b051,BEV-001,7,728.18
23cdb03d-4965-4b9d-9a21-6030650db693,033154b9-b5a6-44f9-a6dc-0e36f2f2998d,BEV-005,8,256.07
303343eb-dbaa-45fa-8a0f-b10e3d04f4ba,18ff7a19-8d2e-4c32-bcb9-892c3484b15d,BEV-002,4,673.83
ee93d7c1-9ddf-4638-9409-26ff50808e6a,de0722a2-89a5-4470-a8a5-f9121a75aec9,BEV-003,7,542.28
bf6aca59-71db-4850-8786-e5ebbd0ddb2f,117777ab-1ab4-45c2-a331-55991f8ec73f,BEV-001,8,553.7
3a6f6b0f-79ea-4190-a99c-6061beed0973,7de389e4-2dde-469b-b2b2-a6459f031c0e,BEV-002,5,507.64
7b9974da-8a17-4c20-918b-3075de0c7379,966994b8-edd6-4f21-aae9-12aa5c9fbaeb,BEV-004,9,661.19
02ad9799-be4e-47fb-9481-51472acc9e57,8ebbaaa6-0e40-4576-888d-51529e2914ab,BEV-004,3,543.54
b05df052-c97b-4360-9819-7a664f355857,fee3a24e-7bdb-46de-b3de-b4a9d33ab1ae,BEV-004,6,68.07
5883899e-7714-48ba-bed4-df9601005cdf,fee3a24e-7bdb-46de-b3de-b4a9d33ab1ae,BEV-002,4,698.26
20127db7-d3b4-4386-bedc-5aa2eb110119,fee3a24e-7bdb-46de-b3de-b4a9d33ab1ae,JAF-005,10,561.35
6800c31c-7987-4d8e-ae48-a764198baef6,fee3a24e-7bdb-46de-b3de-b4a9d33ab1ae,JAF-005,3,906.94
2cbbb87c-f7e3-4138-83b0-7176d64b7796,55b72eeb-3beb-4312-ab6e-bf6fef56e13b,BEV-002,8,883.36
db7058d3-a498-4849-9451-949b8c080a6f,c3236c03-69b8-4359-a11d-fbd84e0a4f76,BEV-003,10,927.26
a2feb606-b76d-43a5-9fb4-ff63d944c2fa,b7ebe713-14a8-4726-8efe-a1498c9b4b0b,BEV-004,5,110.86
61186394-0348-4e06-b14b-ebbce01878cd,5ec3d3e0-6fc9-470c-8ff7-16e4d9d49e46,BEV-001,4,819.69
de806f39-270b-460a-be3a-709d21de4e17,1eeec1da-daa9-4466-9252-fb1e58ba6c9a,BEV-003,9,392.13
eb5aa561-10af-4f52-832a-1b1828288754,c87c26bd-0b4c-4906-ac88-23eee35ee6ea,BEV-005,8,48.21
500f5609-8718-473a-8f7e-41717e035f83,607798bc-fb57-4002-bce7-24c38e7714f7,BEV-005,1,39.36
8b9c3738-a987-4c95-8e34-8b7a2e9ae84c,a413a11d-25cf-488c-b832-8368690085d0,BEV-003,8,949.41
e58b2956-8408-4101-8ce4-16eb1992db36,d8c1928b-e70f-4f32-b497-b6eff13a48eb,BEV-005,4,41.12
85b049ab-f672-438b-ba54-82503ddcd7c3,2f60d33b-ca19-42fe-8a4f-342e6f9edea0,BEV-005,5,896.09
f73b2a41-de79-4a95-92ab-9517385fb701,e95abfba-7155-49d8-bd77-33a335fdc011,BEV-001,2,638.17
d91193b3-2587-45be-9f69-61bc0424ee6f,b90bd708-faa0-41f2-873a-ea4f7dc5c432,BEV-003,5,639.59
9708889b-fefa-496c-89a3-2ab24aecb096,80ac0ed3-0ed8-4a79-976a-4dbb82a88954,BEV-001,10,317.06
274be84e-8394-41aa-ab1d-c25e4335f1cc,b3e0d0c6-0be1-4df8-b92c-42cc58d8836d,BEV-003,8,823.86
bcf74537-5b71-44b9-8540-5bdd38d98e64,ef37a2b0-1b8e-482c-8729-1e0ec0d3fe41,BEV-001,7,776.2
8ff0bbdf-264c-41d6-afb0-4c3e7ca33d4d,ec86fe2d-090b-4261-a0b6-9b9baa5a19ac,BEV-001,7,508.62
bbc3fb0f-b8ec-4653-8294-06e4714305e1,e65802f7-c114-4d88-abce-111f46357254,BEV-005,10,556.16
95e5e246-e66f-4eb9-8306-c34fba11cdef,1373801d-2864-4aba-9146-5c14728e58af,BEV-002,5,739.18
b28b6169-a12b-48a7-90dc-b6f904f9982f,ca1e95b2-b391-46b9-ab22-17b1c21a154b,BEV-001,3,941.72
1cc0ee2e-ca7d-44f3-869a-9f3a4cc82b99,c50cd800-ea6f-467d-a23f-29acea6b1cfc,BEV-003,1,581.8
cdc424b4-7c29-4d72-89a5-54a5d583cd88,9c44bb2c-151a-4a1d-a565-e28adadb9ed0,BEV-002,6,313.47
b3ff5693-969f-4be4-8de1-e5d9e066999c,edbdf865-9673-4997-8f2b-d8f708dee0ab,BEV-002,4,98.63
d879f269-4585-4201-9f16-6ddeb502d9a7,edbdf865-9673-4997-8f2b-d8f708dee0ab,BEV-004,6,976.21
8f5aa506-b3e6-4cc6-9000-14e77fca935a,a89e9aac-a1d6-4126-920a-b8444cb3e71b,BEV-001,1,208.79
5495a71f-51bf-4347-96e6-e42f9a576834,41f08eab-0db2-45e9-b714-608feb3335d0,BEV-001,8,621.2
7029875f-7a9f-498a-877b-183f1711cace,41f08eab-0db2-45e9-b714-608feb3335d0,BEV-004,5,336.78
025bcd87-73c9-4a9e-a061-5e6f00dc1c08,0a119984-f545-4d73-8952-ad4a8b3cb577,BEV-004,9,159.3
eb3b84f7-c459-4d9a-a9eb-76f24066a2a3,39bce41d-a58e-40a3-92c0-8a055add18d2,BEV-005,10,893.13
e8a479a6-d0ac-4943-9586-a5814b0f9b2e,a799de3a-9df4-4ea0-9bbe-79d1d3e70697,BEV-003,9,476.75
a287b5cb-a659-47fb-b931-76ef7d017618,5e6c3738-e40e-4427-9ecf-16d2f76d3c98,BEV-003,8,234.25
05c7c017-6578-4074-916b-94b18ddb9b59,715bd52c-85d5-4841-8e2e-e7090d7d0ab3,BEV-002,10,485.24
db1d4b04-ec20-4a61-94a4-b82d921858a6,933cb41f-e245-448d-933b-42c569e70440,BEV-004,6,416.07
c6cee8a7-7c55-4349-b848-3b9b94ede172,933cb41f-e245-448d-933b-42c569e70440,JAF-002,2,769.13
bd22ddc2-e124-4200-bc8a-5a37c03657d6,63e500e9-3a2e-4e0a-a57d-f9eff4fcc083,BEV-002,2,905.01
1a0d3450-1b9e-4c6b-b6b4-4710e10c9e04,d8ed56ae-e7ad-4331-83fd-2418fff8d82c,BEV-001,9,241.54
bbd44b10-b597-4865-b872-2db6db2a3573,3aed8e4d-eace-4fce-83b3-a3f3c4ceb4b6,BEV-003,3,197.24
1f18147b-5f58-4a2f-b9da-d0a9dd717c0e,f598ac35-41df-4f9c-97e7-f1442409fd0e,BEV-005,7,516.68
b1f29bdc-3b99-4056-9aaf-919719d4be5a,f598ac35-41df-4f9c-97e7-f1442409fd0e,BEV-001,9,959.24
b9c6dab8-b662-47e6-bd6e-9d879afcecf5,a92a3fe4-ebbe-4f7e-a5ed-f9252c5f9ded,BEV-004,8,996.52
40b4b93b-fabe-4e4f-b6c0-847684519bf4,bfe5cc76-af40-4683-86d5-846cfc4148c3,BEV-003,8,355.81
d4151323-e4fc-4a29-bb64-9230bd2d11a9,44c80838-b9db-4459-ac38-425ac215fa41,BEV-004,10,673.87
214ebb27-afa5-438a-86f7-cf1672d91036,7aab442c-2624-4f32-9a67-839fb2e314a8,BEV-005,1,642.22
933c5784-e784-404e-aca5-e635489ef3ff,999ef499-13a6-4837-b553-4d0a406928c6,BEV-005,3,894.75
49a25105-5fa5-4a8d-b054-0be17c2dae98,853cd4e7-6c78-487f-a01b-0e14fc72551f,BEV-005,7,141.76
40b735fa-9ae3-4bb3-b674-1713a7b44551,3552a51d-3333-445a-b1f9-0be31480ea6a,BEV-005,9,478.53
f723a68f-fe06-4578-9d38-ed48866d043d,9f8200ac-d99f-4fcc-bcee-c4a1a36bee96,BEV-004,7,73.29
232d3ffc-b040-4ab2-9d68-7ef2fce52bff,95aa06f2-6b38-4a1f-a646-f9ba8440820e,BEV-001,5,191.74
1653a605-3ab5-4c09-a843-407b4cf50116,edcae8ad-842c-4bf5-aeee-4d50cdc4821a,BEV-004,9,363.13
68705c76-5a08-4282-a14e-9cc19b9b2674,5a6e4099-33b9-43bf-a0c6-4eca7987147d,JAF-001,6,593.88
f424aab7-14a8-4c18-a86f-288ebce5fab8,5a6e4099-33b9-43bf-a0c6-4eca7987147d,JAF-005,5,71.88
00f61ddd-4b45-41b8-b3f5-95d07992e521,5a6e4099-33b9-43bf-a0c6-4eca7987147d,JAF-002,8,730.62
6b60e966-96d3-4bb4-b76d-d53d5c45f163,368de166-4c5a-44c7-96a9-c05ddf4e423e,BEV-003,8,132.01
41c5e3fc-5bc8-4cc5-928a-4397d362e14f,b7b997fc-3894-4797-8a28-70ad9f34aa2b,BEV-003,7,662.55
990c9194-db5e-475c-b495-897ec945a834,2f9fe87d-a4e2-4640-9bd6-3c45fbed8e05,BEV-003,9,356.82
e90e83bb-4c9a-43a8-809f-cf21f8d9d575,5e628bb7-692d-4f30-a206-5633e41d8b66,BEV-003,6,333.42
f0fac9a1-35f2-42ac-bcc3-93c9db5bcc02,5e628bb7-692d-4f30-a206-5633e41d8b66,BEV-003,3,243.6
5f3a677d-1c34-413b-a09d-522b80a73753,5e628bb7-692d-4f30-a206-5633e41d8b66,JAF-001,4,520.12
a258195a-1f69-432c-958c-809874dcb83d,fc4330cb-2ec9-4a8e-aa4d-244fbbd949f7,BEV-001,6,405.17
acd7c11a-801b-41ad-b0f6-b2e33bda634c,34be7dae-8568-4cf0-bbee-b3c5ff40faec,BEV-003,6,968.88
d670fbc3-9185-4410-a250-948172e5058b,b0afc6f4-763c-432b-8e8f-1c06db4447c4,BEV-001,5,323.67
539a36dd-c567-437c-b4a3-2052e6c76641,5f08cf1b-229e-4e3c-8150-6a705f2a6c98,BEV-005,1,370.36
c712bd6e-8e9b-4e3c-bc23-b20c03f9da0a,b8855681-8d75-4796-8ad3-009f7dd5afd6,BEV-004,2,956.74
ba2b98d2-5302-4e20-8b27-5f373e02d9b1,0917b454-dd17-4e98-a0d0-1c87436cc3a8,BEV-005,8,951.78
fcfdb1f2-258d-4184-ac86-ad661da371d7,9271ba40-dcee-423b-80a7-ad6ff8d60041,BEV-001,5,172.23
6a6f0e74-3c9b-4071-b8dc-6fa5a57f18bd,9271ba40-dcee-423b-80a7-ad6ff8d60041,JAF-001,10,929.05
cf8ad46e-9c1d-42d5-b1fa-58c52e7a6704,9271ba40-dcee-423b-80a7-ad6ff8d60041,JAF-005,2,399.1
a78f03a0-9311-4767-9877-b61b45038f12,d816bf54-2822-4615-a4d4-2080d17fb54a,BEV-002,7,427.2
6056cdd7-4889-4315-bdb5-f1f2653990d4,e5d07414-3626-494b-b12b-0aff8c7e5c0e,BEV-001,4,157.46
48d47ed1-53ab-422a-af5f-f934db2ba06e,d3456cc3-42b3-4ba8-a27f-5d3b0a96488c,BEV-002,10,750.15
30705109-69df-4e5e-afef-b2668cf49e5d,42956062-991c-43f0-921c-8496adbd5644,BEV-004,8,944.57
dd080cfe-5c9b-4da4-bcc3-4d0efc1e8e5f,2d6a0acb-0c4c-434f-b946-9f49d04a6b79,BEV-001,4,491.82
3464f4cb-645e-47f8-9a1c-4b583bd1df0b,77095167-c24d-475d-b0a8-d741ed270fbc,BEV-004,2,54.03
1198815b-4403-4c28-ac31-e5a17fdace98,a27e66a4-c68d-4c6f-afd4-1e6d9ced4cbe,JAF-004,5,224.83
901acfa4-2de5-43b1-8832-f21de38a9dac,b2dfac6c-e6da-4816-9ac5-d19f7b816c9e,BEV-005,9,23.91
80242e29-7ac0-40d4-bee9-7df60d31adcf,b2dfac6c-e6da-4816-9ac5-d19f7b816c9e,JAF-002,7,915.33
390d69f0-803d-4311-a2a5-d4485de916c0,3b8016cb-2ed5-4e5a-ba2b-e08002bbb4d3,BEV-005,2,863.41
ee29fca0-47f4-4c10-8e3a-f2b7ec871ef7,f0658d71-74da-4b42-aad8-d2cae53226c3,BEV-004,9,119.06
4ecc1c36-e319-441c-84ae-94e866dc8907,e0e3b0ee-7598-4735-8d04-981329d456e1,BEV-003,8,246.71
9bff1386-f226-4ebe-b899-abda015e6253,218162ba-a67e-4300-9ccc-3aaf58d631c6,BEV-001,7,506.49
87950c52-5923-40e2-a34e-ea62701e1576,31f7289c-d753-4249-b014-2f17cb1d1e5c,BEV-005,9,596.4
6bee60a4-81fc-40f5-83bf-30d35f7b597f,3671c443-62a6-4a19-9828-4dcdb30e7a47,BEV-004,8,683.3
2721b305-9c9a-4347-84e2-91c1d56898f6,35c2d466-0ebd-41da-a25e-340fea3ed420,BEV-004,10,929.42
30486c02-38c0-4d1c-8748-e52b98a17737,35c2d466-0ebd-41da-a25e-340fea3ed420,JAF-001,5,952.16
c1b3c39c-e0d2-459e-a84d-ea8895c0a74d,35c2d466-0ebd-41da-a25e-340fea3ed420,JAF-002,5,954.36
2b5332ec-3d9e-4391-9ef4-9f2759957d03,6b17546e-bf7d-40d7-bb91-8ad868fe34b8,BEV-004,2,854.21
c0b96a7f-0977-4842-8fd2-ebe485ae702b,b5fceb1d-aaad-4884-9bcd-05fb563576a6,BEV-003,7,505.26
0753fafe-ccdd-489f-9aed-ea930be538fd,256d28ee-1cc2-40ff-ad62-8dc1044fc6a1,BEV-005,9,984.83
b4d19fcb-71d8-4d41-bd97-c43c914f7089,ea241bbc-35c4-4147-a7fd-eb1f7c41db40,BEV-002,10,587.67
5cc9642c-4b8f-471a-afac-013c9e284b1f,cfa09acd-9ce7-4311-af8e-473454f87fa6,BEV-004,4,13.33
cc764da3-23cb-4778-b362-60451ac1a74e,acf98e45-559b-469e-b0eb-e542b6624785,BEV-004,5,275.45
c6a086bd-6895-4e40-95b2-502dccd1dfdb,63591ab5-d270-4be5-a27e-45a358a0a503,BEV-003,3,244.74
f3e58812-e230-4406-a7d5-d2d6bfe2e971,3f0e8e31-8a1f-4ac4-bbc7-8f7c1666905c,BEV-002,6,307.49
e4da1eb5-33af-4209-8db8-82ed3b4329cf,2234d1c2-4415-4e76-a175-f6884234210c,BEV-001,3,971.63
6aa5bf30-4a42-4aa6-bb4d-1c1a65781647,2234d1c2-4415-4e76-a175-f6884234210c,BEV-001,5,891.55
c5203d78-4d20-4abd-be1a-d36a4a6abd88,ecd00f87-1977-4d27-a049-c26b28b6b5cc,BEV-004,5,204.8
007dc161-019c-40b4-851b-428e1b381683,ecd00f87-1977-4d27-a049-c26b28b6b5cc,BEV-001,5,19.16
052fd88b-49c4-4ab4-bf69-2b91e2b529c3,ecd00f87-1977-4d27-a049-c26b28b6b5cc,JAF-002,9,922.45
79b93fa4-d1b7-40f6-8f27-74866ef19bf5,d7c8b8fc-72d7-4ad8-8cf3-5b4c81a7d887,BEV-002,7,609.67
365776f7-ac93-45fe-b629-7719eedf2240,62f2a459-576c-4f12-8f5b-68476730f7ef,BEV-003,7,751.59
2d3b6ddf-7f75-480c-8a04-658a235b84d1,0d6d1f36-f133-43f1-92e8-dd44f48b045c,BEV-004,2,824.18
4bd8d397-85cb-41f7-9d0f-35b9da62ff0a,9d5cbb27-4d6c-40f0-8eb7-ccd370272fad,BEV-003,6,15.16
52b8eddf-1404-4950-ba74-bceee195eacd,217df1e8-f85c-4821-9ee3-b61083287a36,BEV-002,6,75.33
5fc1b0b2-e29a-4e9b-b8de-ea85bd94fb75,412c850c-4d78-4584-8702-1850c7bfd35c,BEV-001,1,375.41
eae3e489-7028-4b04-93cf-7c9a4d44ebfe,412c850c-4d78-4584-8702-1850c7bfd35c,BEV-001,1,292.49
c8beedb4-4262-4294-b6c2-5362fc3f6364,6d2d8f59-5df9-46c9-975e-2c613122f441,BEV-002,6,920.4
c71cf5ff-0e86-4c3a-8b21-1e2a79cd7753,6d2d8f59-5df9-46c9-975e-2c613122f441,JAF-004,6,906.07
561cbd4c-af7f-4479-8eb1-cea3c343b054,cbf33623-aebb-4ecf-97f6-659fa0409598,BEV-001,7,528.09
45d122b2-d77c-4c33-9be0-b0fa30d7ece0,bfc812c2-d556-43b8-a614-ad1cfb47ab52,BEV-005,9,292.91
2f108cad-b4e1-4702-a26b-f3520ea38503,096a15c7-abf9-4c8d-b0d0-647dc8dc1a3d,BEV-005,1,172.44
71118c2f-46f2-481c-b779-963eb68a4123,d09272cf-f760-48c6-9a67-abb70cc38b2b,BEV-004,7,654.69
128f82e1-04e7-4f79-87d6-48d7c040d934,de7d5eaf-b523-4eb1-96f6-828088f65904,BEV-005,1,578.97
8edb8a37-49e8-49cf-bb15-71d655e5e4da,de7d5eaf-b523-4eb1-96f6-828088f65904,BEV-002,9,987.05
84e82d7c-e87d-49df-85cd-e9759a685800,de7d5eaf-b523-4eb1-96f6-828088f65904,JAF-005,1,734.58
f1bad558-ebb7-4056-a5ad-3f0eb891c14c,9ec437d4-7cb6-4eca-b88e-fba96f730891,BEV-001,6,403.78
1a821022-5c6b-4f83-866c-1081fb46dbba,8617b563-f727-44c2-bff9-562a02b327fd,BEV-004,9,240.24
7a567333-176a-439e-8973-cd5c645e7ae8,a7ad343a-4309-4178-a333-8b3dbeff2b96,BEV-002,7,159.48
48dbf6d5-f700-4aa8-a236-e0bb6974a842,a7ad343a-4309-4178-a333-8b3dbeff2b96,BEV-005,10,298.19
30084e31-32c5-4a47-ae48-8ce1333b760b,5efc27e6-d4c8-4b93-9186-6f8797287232,BEV-005,4,840.75
1f4c0133-2085-40c4-acaf-13e55fdc08fd,a49ed53b-e6e2-4161-9939-ee99ee9b35e7,BEV-003,1,552.54
d9b21c1f-da44-4553-8422-ae063980331a,0ee293cd-05be-47e9-86af-bddb455d6f3a,BEV-002,4,736.71
301d304e-e06c-472b-8270-71363af84571,0ee293cd-05be-47e9-86af-bddb455d6f3a,JAF-005,1,619.86
020a06a4-34cc-4f84-8424-019735248052,efdc2ed1-7790-4eff-a7dc-31c301b7dd35,BEV-003,8,226.92
c4362a85-3c36-4d3e-9a47-4f90c55be6b2,efdc2ed1-7790-4eff-a7dc-31c301b7dd35,JAF-002,7,835.82
aee3efb8-7cd1-4480-bfae-e7e7b871d2d5,8a9db746-d492-41af-a23d-7e1c5e1f9834,BEV-003,2,711.92
203c7013-ef60-4a12-af35-c3d74edae63a,199911d2-9abc-48f7-9703-a11e921e86de,BEV-005,7,546.35
75cf2943-a010-4e18-8782-5089bb58c1a9,d9bce721-1dd2-4091-b614-f4ed6e43cbae,BEV-005,3,765.15
5eaf91eb-d307-4d42-95c6-9aeaea3ecf37,54a0ca95-4846-4e8a-bd6d-0c030fd69e67,JAF-004,1,69.67
097b2baa-845d-45b8-9843-6de024c94bd5,54a0ca95-4846-4e8a-bd6d-0c030fd69e67,JAF-004,8,153.66
16f79259-c5ac-45f1-9e6b-b6ea5bc901e5,248e191c-605d-4330-94a6-1fc5f64caee6,BEV-004,4,784.37
f844b4ac-93cc-496e-ac3e-799d13568bd8,e403aca6-c1e6-401d-8d19-7d1e3a7232ef,BEV-004,9,648.96
152197de-aaba-4492-8302-4204c9ace218,92c92198-bda5-48c9-8c28-c99a4a97dfa4,BEV-001,2,552.33
1d3413dd-217e-46b4-9de0-2eecca8ab72a,5a16428a-e9e7-4b33-8572-8874877136c1,BEV-002,10,824.52
a747ab07-0549-43e2-af65-b68561fafb1c,e450a8fb-dfd3-4049-8684-a5f5494e90ad,BEV-002,6,53.59
744e2963-139b-4ecc-9520-7a7f43afc2d6,3214deef-f5c7-448f-8df5-c9c62e1637d6,BEV-002,8,291.77
580990a1-2912-4a5d-b5dc-63b753287402,3214deef-f5c7-448f-8df5-c9c62e1637d6,BEV-005,6,813.12
c4f22089-193a-4e23-9d24-b94337f8da6a,f8b94cb8-e70b-4825-bb4a-12ccc0bff8b6,BEV-002,5,984.09
51a21e89-5c82-4dd8-9c66-f27ab8fa515c,829214fa-8e7b-4b58-947b-16408ad777db,BEV-003,6,830.3
c47ef7c6-72a7-4cc4-822d-db0e199a7475,15733a5e-6e99-475b-90d5-424fb146c7ff,BEV-004,3,270.61
22365c3f-1c19-41b0-ab12-63d2e260b59a,4b894fe1-10ee-4425-8cad-a512af983ac7,BEV-001,4,694.2
7a137927-6e2b-461a-a8f3-2cd948db5f1d,e365231a-c80a-47ef-8657-35e8f332a6c2,BEV-004,10,251.84
cb350fd9-74c3-40ea-9356-9844acd8c420,ca995ec1-4a20-4065-afe7-329c539edaf2,BEV-002,3,300.99
bfe52806-c77b-4ba4-9699-e414cd493675,9c4f7ef7-33a0-4980-bf9d-4f9d5073aabb,BEV-003,9,760.88
b5478c08-3248-4d67-9fbb-7a054118432c,4efe561f-0f0b-48ca-b0eb-74dae9281580,BEV-001,5,135.14
ed0279cb-c0b4-4a13-b3c7-50c2b924fe41,0b199842-c759-481f-98dc-14df15098e7b,BEV-005,1,551.25
d2340571-688a-4ebb-8af5-a09b179e6c55,fc32f514-4723-4353-8b19-9b0ab57eb0d6,BEV-002,4,807.86
e25c3bd9-a5e2-4988-ad04-f11b02ac2b85,60660f5c-1295-4c5c-ae3d-802886197701,BEV-003,2,45.12
3937e5ae-9342-4371-8f61-6a3b9e48f381,60660f5c-1295-4c5c-ae3d-802886197701,JAF-001,9,705.14
6b8106be-18ea-468b-9753-78f7c90ffc91,ad649003-d0eb-43aa-a0e6-f1085624ed48,BEV-005,3,983.35
0382b143-13cb-42e5-840b-272a63bab554,0278b08a-9d89-4f8c-a088-deabf1a9e949,BEV-001,9,847.32
76d2de79-87fe-4cea-8e58-080404205ec4,471ae895-86a6-41ac-9b62-b67ffd89f27a,BEV-005,9,316.4
0df3e213-7802-49a6-8b77-4278f0a99951,471ae895-86a6-41ac-9b62-b67ffd89f27a,JAF-004,9,621.69
84cc7e07-22ae-4d9e-9947-e8bddd8570c6,9dc99624-2fe6-4cb3-8576-3875ea20f638,BEV-002,1,191.05
7b96c120-aa0d-4a5a-b100-2d248d2aaa15,26ab335e-f315-4a6f-898a-97e0eed47720,BEV-002,10,589.97
080c0a61-58b4-4c88-aba1-903a7f8c5678,05698680-11b9-4ab1-a3c8-b1c884e0bfd5,BEV-001,4,574.05
7d4437ef-d9cc-4a1b-869f-455d997578ec,05698680-11b9-4ab1-a3c8-b1c884e0bfd5,BEV-004,9,143.18
4b50e6ea-08a4-4e07-ad44-a3e711c12fa7,05698680-11b9-4ab1-a3c8-b1c884e0bfd5,BEV-003,3,16.41
0c7525fc-e788-4135-aedc-de6ad1d23ac4,17be3399-229b-4f54-848b-9288923da10e,BEV-004,2,426.64
9fbd293c-d55c-4f4a-b223-0b430d489bb7,17be3399-229b-4f54-848b-9288923da10e,JAF-002,7,57.81
dffe9ac2-a784-453e-bd29-ffa95a8f4b19,17be3399-229b-4f54-848b-9288923da10e,JAF-004,5,956.23
fb780bfd-7571-4836-9962-3c544f706015,17be3399-229b-4f54-848b-9288923da10e,JAF-002,2,753.7
20e190d6-97cb-4ecd-b797-ff3491bbfc69,17556702-f290-476e-8bec-05e2e5da6ee9,BEV-005,5,612.37
8c313d25-2d2a-4af2-865f-31988266727d,513f38ee-5d3e-4bdc-b8f7-876256ba2464,BEV-004,2,682.03
19a871a2-d587-4c45-b621-411a4366d91e,41ee2c4e-0ab3-4aad-9032-b19d2bb744eb,JAF-003,1,934.84
be7ff0c9-0f73-47d4-8df3-9361e03d908f,41ee2c4e-0ab3-4aad-9032-b19d2bb744eb,JAF-005,9,820.84
5b086447-8cf5-43a4-b9b8-2aa747879f70,14389c66-e014-4495-a85f-b9974ff1ac9a,BEV-002,5,754.84
4c8cc6c5-8a82-4562-ae87-db6f9174571b,14389c66-e014-4495-a85f-b9974ff1ac9a,BEV-004,2,608.16
da093d78-1a70-478c-93e0-94e942f905fb,14389c66-e014-4495-a85f-b9974ff1ac9a,JAF-002,10,756.31
0b704c4c-48a7-4891-86c4-4c1968ada31a,14389c66-e014-4495-a85f-b9974ff1ac9a,JAF-001,5,24.39
072f491c-91da-4f83-a2cd-22c1664e6634,14389c66-e014-4495-a85f-b9974ff1ac9a,JAF-004,5,179.65
60da88d1-b51b-49f0-803d-57706957c1d0,af452e19-b771-4c10-8b6a-6bea5239819d,BEV-001,1,943.73
3539d2e1-5227-483f-b1bc-371c4a6f3922,6945b8e8-2770-4069-a859-a977d171b954,BEV-002,9,327.77
76a95edf-60eb-4241-a3ad-7482574de395,31edbdbb-e4ce-4ee9-9e1f-ada0188a8939,BEV-004,10,744.03
32926e6c-c2b5-4872-917b-ea0020d8f957,07483324-f295-4557-baea-8b96e0b6f717,BEV-001,2,312.93
719fcd1e-e600-470b-80ae-6b40b191dc7f,394c7026-d717-484a-95b2-4d061f2ccf3f,BEV-004,4,994.16
63d2d71a-d70b-4ed3-b4ba-e677c5100112,394c7026-d717-484a-95b2-4d061f2ccf3f,BEV-002,5,612.15
cbbac9ce-8d0d-456b-b563-24b3c779e63e,825ec1b8-6913-4023-9cbb-ec08f35f43c2,BEV-005,4,261.32
b3ec9ab9-f040-4c39-871e-2db9c6f13954,e52a7d78-8117-42f0-97ee-472af0943ad0,BEV-001,7,475.76
a5391fd6-1b11-44ec-90d0-76b64a486f5f,e52a7d78-8117-42f0-97ee-472af0943ad0,JAF-001,5,405.0
0c59615e-debe-41be-bfbc-a4af78849d19,186f3a64-56ab-4817-a9c7-2c7129327973,BEV-003,3,418.01
578c9719-1453-411f-bc86-314a7a5a4a27,186f3a64-56ab-4817-a9c7-2c7129327973,BEV-003,5,218.5
ac914e3a-0ad1-4ae4-bbf5-d09e1bed6b8a,a006c579-55c3-4aac-b31e-5cffccf149f0,BEV-004,7,267.69
54adff75-154d-4d4c-bc7b-6f9d9251ca8e,553366bb-26ab-4be9-8f36-aea725f1d1dd,BEV-005,1,17.57
ddd02d6e-a0ff-4310-9424-ad93b03701e5,defb1a5a-3c9a-4122-9fab-269702c0ffeb,BEV-001,10,506.22
bcb00938-4b8e-4605-a618-9f8e3279f708,defb1a5a-3c9a-4122-9fab-269702c0ffeb,BEV-001,9,658.25
b5186258-f77a-4e61-9885-347fc2ad2316,5fbb8240-9cd8-412a-87d9-3e9078b15206,BEV-003,5,486.07
4ffaa552-3eef-4503-ad0c-cb9f7cb2fab2,5fbb8240-9cd8-412a-87d9-3e9078b15206,JAF-003,2,141.48
ea1e3811-e4d4-46c2-8508-a5b85fe5b13e,98c94d79-9404-4b55-8080-67f6b7ec8ee7,BEV-004,8,902.72
e7061420-9932-492a-aa97-36e7ba31ca8f,082b22ee-6396-406c-9570-a04d86b34a8a,BEV-004,3,963.35
ac7303d2-3e02-446e-9cc2-5f11c17206f7,ca1cfdad-cd21-43e4-b0f0-14d5785d14ee,BEV-004,8,746.73
1926fc01-aa86-4d33-9c73-4a82f6ad6dd5,d96a8b62-fa0e-4a9e-9da5-91fec8203733,BEV-005,4,601.14
bf3cf2dc-b201-42da-a469-965f2c85504e,8d83a526-b198-4b24-974c-54aadbae8f34,BEV-002,1,824.19
06936106-5851-4884-8c26-a67c32974805,bcb1f33e-805d-45b6-8a04-1d4d1fda7c99,BEV-002,6,200.94
b94d8865-602b-4c66-881f-f5d02ec6f651,4f064ca6-25f8-4a28-a41c-44a00bb4c517,BEV-005,2,275.0
5ac0e1b8-1b62-4c5f-9151-c14f0d22457d,c781b51f-0cac-464c-a146-91f85d66313c,BEV-004,4,968.53
c6f6009f-e4a1-4853-afa1-06ff2d616b0a,713505bf-60cb-497d-8b53-e4fb265483aa,BEV-003,1,350.94
4a116395-9fd1-45c6-b5b7-a59aef5f6d13,7ba79e29-dfb2-4773-ba9a-f87768de16f4,BEV-005,5,839.56
627a9e9d-33be-4b63-aa11-d60b8c69bd5b,7ba79e29-dfb2-4773-ba9a-f87768de16f4,BEV-005,6,670.87
97a56f48-e764-467a-99c8-94d12baf9907,7c0e9232-010e-4621-91e0-aefab1572bbc,BEV-001,9,978.61
cdbfd851-598c-49e4-9c6f-fa9cbf8c9d4f,a518c49e-71aa-4066-86a3-a1126c99effd,BEV-002,9,840.89
98c357fc-ac9b-4055-94a3-5930e69faef1,2b9d1d66-1b64-4de0-9a9b-9d6da980a09b,BEV-001,4,126.87
1ce6b651-7a8b-4a6e-81ff-9250c75bbebc,f0484cf4-9dbf-4e6a-b608-47f7b372a13e,BEV-001,4,135.49
bfb6534e-9b68-4bf3-add7-bd93da00fb06,6cbaee7a-302a-4b20-a9a1-6598fa651e1d,BEV-004,2,672.2
6089d03b-9386-4b16-9341-e1a6fb799e92,6cbaee7a-302a-4b20-a9a1-6598fa651e1d,JAF-003,3,17.4
6be2b750-43e5-4c18-9b93-8beb0fbbe146,4a3dd223-cbce-4fed-b2ac-e9526b9b3749,BEV-004,1,143.52
85ced96f-7f79-4798-aa2a-2d311364e08f,35b111c7-fd67-4047-a0a4-d7ee8ee9cd1a,BEV-003,9,740.4
177d1d38-9688-4039-9d56-bd02d2a3def7,fac459ad-4843-4198-8124-4bf8fc806ca7,BEV-003,8,230.89
fa06a7f7-1121-41a1-b353-fd1b7ba438d8,fac459ad-4843-4198-8124-4bf8fc806ca7,JAF-003,9,403.76
907df60f-cf0e-433b-a3bd-030acd2d48d7,f3d8579e-0923-4cce-9127-1ff3213339ff,BEV-002,6,234.04
74a6ea39-cf47-47c7-9adb-995e4f9b900c,7451ffbf-42e9-4223-97ca-a5a6324ff4ef,BEV-005,6,198.92
691c7dca-be76-4da8-bbf4-a95c7ab16209,70489c2f-23c8-4a52-93df-718b9263f16f,BEV-004,2,971.48
4fe133de-506b-4c60-9fde-1db412ea82fe,9b9dd0b2-f310-46c6-81b6-25078be5c9d8,BEV-004,10,463.82
67bd4c7d-7910-4f7f-9c7d-d764a3532477,d60de72b-6082-425c-8a0d-63bc3480686a,BEV-005,1,890.8
7c5c1671-f3ed-41b7-a2dc-fb362fd1a178,6b7186de-c7b5-482b-ae90-2eca366d10da,BEV-005,9,347.54
6d8af052-4444-4a13-9f60-e80a937ee361,53f2d50e-23f1-4bb7-bf3e-ad75a9de65a1,BEV-003,2,65.7
28d21dfb-3d8f-4948-bfff-af733c9e36c0,ee993ca0-4231-4234-8dae-6921ff596132,BEV-003,1,624.89
4ccbbea8-cc2a-4c9e-a4f1-28a3594b63d6,04335b12-0428-4ccc-bee3-915b48764d3a,BEV-004,1,74.89
3e8dab11-510c-4dbb-8212-e7d50680656a,04335b12-0428-4ccc-bee3-915b48764d3a,BEV-004,4,932.97
8bd95499-a8cb-478b-ae22-089fc28a7082,04335b12-0428-4ccc-bee3-915b48764d3a,JAF-002,3,400.18
c16330fa-33eb-48fc-843a-a06b7e1a9ea0,75d34443-fb7e-41fe-96ea-a743c8410758,BEV-002,9,951.18
4ad888f1-41e5-4bfc-911e-352464e4498f,81e28038-2de0-458b-98f0-cc4d4fb68767,BEV-004,1,125.0
7abe7a44-3177-4114-90eb-ae61a656711a,81e28038-2de0-458b-98f0-cc4d4fb68767,BEV-003,1,886.59
149d4ef6-b9f5-4b13-afa2-1e6726d004ee,85ab275d-5a68-4162-ab5e-bee01b724384,BEV-002,3,169.73
c368c2ab-0efa-4871-9e31-488c0d49d27e,836d4f4e-8f79-430b-87b0-583316824c78,BEV-003,7,718.91
8cac97b4-93bd-4f6c-a9dd-dbf2637665de,f6f18c47-f4f8-4ab2-80fc-73f3955d0fb4,BEV-005,6,712.54
7bbfa3ea-1d62-45c2-9687-ad4b82060dc1,f6973589-1308-4ff0-85bf-43a1a2fb7ec8,BEV-001,1,26.21
dc9000b8-4e3f-4de5-b3c7-1195e4004a92,bc10c7a5-c0b2-4b6a-89cb-c4bf14fea810,BEV-001,6,610.75
cdc0488a-ee0f-4ba4-b186-6c03d40ddae2,35adad81-c8cf-4a00-8aa7-17c07da31d69,BEV-005,5,683.08
7a3bb0ec-8ab4-4dd7-8e95-4efe32abb6ae,90340c7e-053e-406d-8127-55f63c75642a,BEV-002,4,313.79
d9132215-caf7-4979-9c0f-ea075e3afc05,d534b58c-da8d-4ddd-b73b-835c21ffe922,BEV-005,5,145.18
92247c64-d2c5-428a-aabf-c392e4c78489,9f9d3f68-7268-4403-a8f2-a68427ac67d5,BEV-004,9,205.71
1cccc98e-0261-4afe-a04f-b7def77b881e,9b38be36-b154-4783-bea5-a744bf764dda,BEV-004,7,910.71
b0d58f68-1c85-4de1-a109-d06500ce268a,9b38be36-b154-4783-bea5-a744bf764dda,JAF-003,8,787.41
4387d135-9f8b-474a-993f-a4bb58dde408,9b38be36-b154-4783-bea5-a744bf764dda,JAF-005,4,585.18
dfcc03b4-c559-49a0-b530-4289f61cda10,cbdd76f4-fe11-4012-8a89-de30c5f7f5af,BEV-001,3,16.22
8840633e-524b-4753-8e7d-556dd53804d9,ded5d354-b81d-4ebe-b04d-5fb529bea3fe,BEV-004,5,716.38
b965562e-c58a-41a8-ba33-3c902543beb5,ded5d354-b81d-4ebe-b04d-5fb529bea3fe,BEV-003,1,835.13
0661eecf-40f4-4de9-8bcd-6bb9ffbbf4ae,ded5d354-b81d-4ebe-b04d-5fb529bea3fe,JAF-003,9,671.16
646a363c-4365-4681-a921-02149c99cb8e,4637716a-9b26-445e-8a55-135264c195df,BEV-003,6,807.84
ce780e9f-86e8-4910-9261-ddd55da87189,942d3035-a72a-49ac-87f6-6fe4b11857ac,BEV-002,8,926.44
ed8f7502-76cb-4540-95a3-36c6631ce0c3,29193ad4-9bc9-4798-8827-afca0cbfff8a,BEV-004,9,700.8
dd2889f1-f2a4-4b32-8ff4-dc9c46d85370,4884308c-8327-4de4-8d16-85045ed1227e,BEV-001,8,332.18
f9e96a2e-a75e-4110-b316-9f8c2ab8bd42,8961e663-fe0f-4043-b1b6-8b7c6c404c13,BEV-005,6,96.42
31400ea2-8382-4f68-bea4-8abbe6db240f,76bc5bdd-b643-48e5-ba2f-686cc113396a,BEV-005,9,466.75
62acaf39-01b9-4de3-8474-d7044df59297,22f0c7a2-b6ee-4c15-8002-831ee7564030,BEV-003,2,172.97
d00db76c-40f4-4d5e-ade2-300b92131016,589ab853-e9ed-4089-9368-e957a8a93301,BEV-004,8,418.72
696a8a4c-79c6-4555-a49b-094f472b510a,589ab853-e9ed-4089-9368-e957a8a93301,BEV-003,8,113.03
3b1a9d43-8570-4092-9a20-5901a33b755b,1adee8ff-ac86-4169-ac83-e4721ce95679,BEV-003,8,59.04
d08e8697-1b05-40ca-af05-ce6df40b3ef2,8ded331a-231e-472d-8590-81c2cca1fab0,BEV-005,6,907.95
2679b891-0ce0-424b-9fcc-725298490a10,bafd4dac-72c2-41ab-817c-ddbac5fbaf32,BEV-005,1,508.36
dd14a152-4ac6-4e06-b851-f288f66452d9,342191f6-72d7-4e3d-a268-8c3587574f82,BEV-005,6,792.98
fb9aebb4-2224-4a79-80bf-c5d3c29d72ff,756e5c06-c898-473e-a345-410e909e005d,BEV-001,5,114.59
c3a19ac5-3052-4a42-8a03-b2d934934234,6ab2d8fd-4bd5-4bab-a5a2-2a0f57eb8967,BEV-005,2,331.79
80676a2b-5377-48ba-baa2-d678b21ece57,5c8b6033-30a0-4d2e-8368-87b9a9202c87,BEV-001,5,138.64
21b04e68-025b-4d11-83f1-3940c67c8ad2,5c8b6033-30a0-4d2e-8368-87b9a9202c87,JAF-002,5,821.09
97296608-3e4c-4fad-b44e-4bf6960cff01,6c4ceee9-419d-4983-92ba-9157da302a8a,JAF-004,10,834.04
c905cae4-44c2-4542-bf45-609da55de0b8,3901b373-ecd5-475b-9ac5-e8e14110e063,BEV-001,5,349.15
882f8692-492d-4e11-8577-ae94df77fd14,51ba1d57-a477-4610-b3ff-79e831c8e7d7,BEV-005,2,56.39
5cf1a160-75ae-4f90-a52e-7d98b3c0b44b,890ece33-3d5d-48bb-9ac6-02d966278330,BEV-002,4,365.68
627c7545-2cd1-45e7-bacd-8de591e977db,a27d3db3-bf3d-4b62-839b-9385c0a53c6e,BEV-002,3,947.04
30f95e64-1d8c-4028-bf47-4a418bf2dd8e,b31c0a05-cc87-41fe-8073-d4a7419a3c56,BEV-001,7,604.58
5d3a99c9-9c2d-47ed-89ee-8ca430d7fd12,b31c0a05-cc87-41fe-8073-d4a7419a3c56,BEV-001,6,45.05
846c8461-6388-4bd2-b07b-0dea1ed87d2b,8cfbf9e5-89c6-4ecb-b3c5-b874bda35fc0,BEV-001,10,692.28
810ae968-2255-498d-9436-5ec4870d8ce4,8cfbf9e5-89c6-4ecb-b3c5-b874bda35fc0,JAF-003,10,482.2
6cbdedd4-58a0-4f6e-a45e-d221e8bc4627,d787ee24-dacb-481a-a99d-b689939c854e,BEV-002,3,18.91
dd0d2441-f74a-41be-aff6-ab81aaa30415,5aa60613-5263-4ff1-a6bf-0cd1b8279193,BEV-001,3,384.04
606402aa-ab66-4160-b868-79dc34574345,5aa60613-5263-4ff1-a6bf-0cd1b8279193,BEV-004,1,497.02
6c1a8b69-c8f2-42a4-801a-530d05c99bb3,5aa60613-5263-4ff1-a6bf-0cd1b8279193,JAF-001,1,234.13
913461b8-cebd-4f7e-b35b-27235552290c,ef7a3298-7fb0-4ec1-8227-cf069b337afc,BEV-001,3,721.89
511ff568-b947-4611-a364-269a030922d5,ef7a3298-7fb0-4ec1-8227-cf069b337afc,BEV-004,6,155.79
4bf0d5c5-a52b-4852-832b-6ed8aef5c543,722b26c4-485e-4fcf-a18d-f4c2da090f26,BEV-005,7,605.65
56467101-c5b8-428c-9546-40e94e2e256c,cda2e1ea-3931-4378-813d-f35a4920dd8a,BEV-002,7,914.23
91d7db93-0565-4ab5-b643-04904213dfae,cda2e1ea-3931-4378-813d-f35a4920dd8a,JAF-003,7,612.55
f527e948-0cc8-4a32-9c2e-8dc8b54779de,dd906d87-7a54-4b13-94e8-8b1024ff399a,BEV-002,2,434.77
