ID,CUSTOMER,ORDERED_AT,STORE_ID,SUBTOTAL,TAX_PAID,ORDER_TOTAL
63b03856-8afb-4027-9571-7da047667d01,2ad8ff3c-388e-429b-9b1a-67286e82bd20,2022-12-08 08:02:00,7610d689-246f-467d-8d80-991c4eef401a,500,30,530
ca7bfefe-6ed4-42ff-bd6d-bedf236f83ea,6b4f3f63-45e6-42ee-b5c4-ac03835a2d5f,2022-12-08 07:44:00,7610d689-246f-467d-8d80-991c4eef401a,700,42,742
68026103-4366-439c-a7eb-3c02239f0605,3850daab-891a-45e9-a8de-8be8febc3137,2022-12-08 14:42:00,7610d689-246f-467d-8d80-991c4eef401a,400,24,424
8a55a114-3b34-44fe-8eb8-7c516b697705,c6bd166c-2f9d-455c-89dd-72b892f09447,2022-12-08 12:29:00,7610d689-246f-467d-8d80-991c4eef401a,400,24,424
84d3a50d-91f6-4b37-8622-930a20770a53,d2b935a7-8a2d-491d-b848-a06732301e43,2022-12-08 14:09:00,7610d689-246f-467d-8d80-991c4eef401a,3000,179,3179
b0b703cc-0dad-4727-af94-d1cf19928330,879ff208-ac40-47d2-9c15-e475f635ccbe,2022-12-08 19:28:00,7610d689-246f-467d-8d80-991c4eef401a,1700,102,1802
b9a545f0-bdaa-4080-9a4a-8ec98d9ac1b5,24c316fc-ad16-45a1-9ef3-3da9d491b0e7,2022-12-08 07:00:00,7610d689-246f-467d-8d80-991c4eef401a,600,36,636
81f52430-94f5-4994-845c-79e3de684c83,7b1522dc-cd21-4c40-b81b-3532f5b9f3eb,2022-12-08 07:22:00,7610d689-246f-467d-8d80-991c4eef401a,600,36,636
72444b0b-52aa-49b0-9dcd-5aea8ce24e36,55f41aa9-ac35-4b25-9c3d-bd9bfe61effc,2022-12-08 12:54:00,7610d689-246f-467d-8d80-991c4eef401a,500,30,530
548996c1-db4a-4b17-a849-bd8dd8dd58c4,839b9759-0a61-4c7d-872f-591848c1b431,2022-12-08 07:06:00,7610d689-246f-467d-8d80-991c4eef401a,700,42,742
939fd314-1c2f-4a7b-86fa-1b2ca863c663,78e869b8-1d23-4f38-b562-7cd5072dcd5a,2022-12-08 14:23:00,7610d689-246f-467d-8d80-991c4eef401a,1500,89,1589
e1eab5ec-2faa-4a4a-aa19-0a85a9b2789f,4bf534e1-0071-43eb-b3ba-cf7da176d8a6,2022-12-08 17:34:00,7610d689-246f-467d-8d80-991c4eef401a,600,36,636
b92c34d7-34e7-4c4b-bfaa-2c5aedf8e854,b7bd8c57-4f91-4c51-88e7-382592e9eaf7,2022-12-08 12:23:00,7610d689-246f-467d-8d80-991c4eef401a,500,30,530
79552d0e-0675-4d30-95f6-9ceec3ddb0e6,d96563d3-24d4-40e6-8f4e-a6c5f015d864,2022-12-08 07:29:00,7610d689-246f-467d-8d80-991c4eef401a,600,36,636
806e8734-2427-4b60-ab31-3b8894497528,44bffcdd-9613-46ca-9f05-b315de5e7ca6,2022-12-08 10:13:00,7610d689-246f-467d-8d80-991c4eef401a,2400,144,2544
a6b87939-3858-4d4b-b566-6f4bea421980,120ecf2b-f133-45a8-bab0-875cb5523df5,2022-12-08 11:34:00,7610d689-246f-467d-8d80-991c4eef401a,1500,89,1589
3490a952-2e4a-41b7-94fb-2eecad17618a,78d44e16-ddfd-4429-91bc-9208c7fb2fc8,2022-12-08 07:31:00,7610d689-246f-467d-8d80-991c4eef401a,600,36,636
cc089d6b-3e6f-4119-824d-daf7b431f3ea,1e43ae86-f777-4ee7-b336-8e3bc60294ef,2022-12-08 11:30:00,7610d689-246f-467d-8d80-991c4eef401a,500,30,530
9bb55a48-8e6c-423c-b056-a4f9d705950b,c366eb7d-81d8-46f9-89d9-9d09186d8503,2022-12-08 09:09:00,7610d689-246f-467d-8d80-991c4eef401a,500,30,530
92cd6cee-5308-498e-9f61-1bb2af001ae7,d7e9c90f-0dde-41f1-9be4-09fbe640e794,2022-12-08 07:12:00,7610d689-246f-467d-8d80-991c4eef401a,500,30,530
b0d2e13f-db46-4c71-89bc-cf0c85c36845,47a4b1a8-781d-40e8-bbb2-f769c2c6b5ca,2022-12-08 08:27:00,7610d689-246f-467d-8d80-991c4eef401a,400,24,424
079f7802-f9be-47e0-8dc1-a072b73a2247,935ecf18-cf34-41be-be72-c814ef6ded61,2022-12-08 10:55:00,7610d689-246f-467d-8d80-991c4eef401a,600,36,636
1e88aaaa-9f51-40ca-9a4d-64401aa7ff1e,e4c63951-a231-404c-ad26-f4a492f3447f,2022-12-08 07:33:00,7610d689-246f-467d-8d80-991c4eef401a,700,42,742
f9b3c5ca-8fe3-45b3-8822-822bc0da739b,0f9dcb09-ef47-45c8-9a5e-feff0a288bf2,2022-12-08 16:13:00,7610d689-246f-467d-8d80-991c4eef401a,600,36,636
3b565886-427b-4326-af01-b7d93f19588a,4a15f8b9-7c0a-4643-b14d-5ec37ed6b186,2022-12-08 08:06:00,7610d689-246f-467d-8d80-991c4eef401a,500,30,530
d1c316de-3832-49b1-98e4-261fd1e3ad48,5248f2d8-0eb8-420f-9ea5-77ec82307b9b,2022-12-08 08:23:00,7610d689-246f-467d-8d80-991c4eef401a,600,36,636
aeecbfe4-69a0-4878-bf30-50ff6abb9815,fb56c2c7-1769-4c97-9197-2ffa8b82ea0e,2022-12-08 13:20:00,7610d689-246f-467d-8d80-991c4eef401a,400,24,424
5dba41d5-8bec-43c8-82e5-79e71bb8e590,d656f95b-6c2e-4372-ab17-a3bbc93812c1,2022-12-08 08:01:00,7610d689-246f-467d-8d80-991c4eef401a,600,36,636
26e77198-0a91-464d-a423-f14cee48feb0,321d4178-6652-49bf-9663-4b6887811080,2022-12-08 16:59:00,7610d689-246f-467d-8d80-991c4eef401a,600,36,636
083ec2f9-56b2-4b46-a22c-f61a89213dd4,5e90dd7a-de2a-412d-88fc-7641dd8da9fd,2022-12-08 11:07:00,7610d689-246f-467d-8d80-991c4eef401a,600,36,636
9b847cda-7aab-4460-bc75-c86191fde4fd,315fd00b-6f86-43d0-97ec-4e56811af6a0,2022-12-08 16:34:00,7610d689-246f-467d-8d80-991c4eef401a,1700,102,1802
989c4205-86fa-4620-82fb-205feb00c4be,62626d20-2e67-4f1d-9386-1b0a5e25956c,2022-12-08 09:12:00,7610d689-246f-467d-8d80-991c4eef401a,500,30,530
aa7a025a-8980-4d1c-8a85-33ddf196bdb2,4799ec1e-d9b9-4322-9d76-9221b4bf723f,2022-12-08 17:01:00,7610d689-246f-467d-8d80-991c4eef401a,1800,108,1908
b7336913-8c3f-455c-b681-f7ed2c230140,89608f14-f4d2-4c6b-a97e-0c4447c79081,2022-12-08 14:50:00,7610d689-246f-467d-8d80-991c4eef401a,1700,102,1802
2a7341f1-1ca7-42c6-beca-9df5a93ab885,146f68d0-ad70-4af9-9210-f25d25cdd39f,2022-12-08 15:46:00,7610d689-246f-467d-8d80-991c4eef401a,700,42,742
d910f5e1-7d54-43a4-8cd1-94dd5018fb47,1ae36efc-f7b6-45de-8646-8775a98651b1,2022-12-08 16:24:00,7610d689-246f-467d-8d80-991c4eef401a,1900,113,2013
ae49eb19-62c5-4dbf-82b0-4d147a94af74,f50ff9af-29c0-4629-9c9c-1c0c6fade0f6,2022-12-08 10:59:00,7610d689-246f-467d-8d80-991c4eef401a,500,30,530
a57cf633-e325-4bd6-934f-4b2efef23dcf,ef339016-b62e-4c27-8dee-119176b58864,2022-12-08 08:43:00,7610d689-246f-467d-8d80-991c4eef401a,2700,162,2862
4375e79c-098d-4f68-a4b7-9ea04b93f423,95ac520d-f0fc-435a-b0b4-2dcf6b90bd80,2022-12-08 07:47:00,7610d689-246f-467d-8d80-991c4eef401a,500,30,530
3bacb89e-dad6-4b67-b942-93afa2fa4a56,c9a69c9a-6aea-40eb-95b6-9605c84b1f5f,2022-12-08 13:37:00,7610d689-246f-467d-8d80-991c4eef401a,2700,162,2862
2bc85de7-cbb6-42e0-9bde-68149d07ca8a,7b802864-fcee-410c-bdbf-7774ce4cfd97,2022-12-08 07:27:00,7610d689-246f-467d-8d80-991c4eef401a,500,30,530
009e86e6-4548-4b6f-a32d-08361f91b749,8d19687a-737e-45da-b0d4-d686d57620d6,2022-12-08 14:08:00,7610d689-246f-467d-8d80-991c4eef401a,800,48,848
72f444f3-031b-400e-a122-86265bb8e746,e821bf99-a819-4aa4-89e9-8b82a338484a,2022-12-08 15:06:00,7610d689-246f-467d-8d80-991c4eef401a,400,24,424
e8bf0db5-5915-4d6d-94f7-3a2aea2f4471,aec16166-ed24-473e-a071-c5dc834ca0e4,2022-12-08 07:31:00,7610d689-246f-467d-8d80-991c4eef401a,600,36,636
3d9395fc-7318-4e1d-a333-1607dfe1aade,c9832d9c-549d-4a87-b495-d09238d3bbed,2022-12-08 16:45:00,7610d689-246f-467d-8d80-991c4eef401a,700,42,742
15525e88-f357-43e1-b44b-2cc887b97d57,2f08d074-f43f-4139-b02d-87d7b52beb3a,2022-12-08 07:55:00,7610d689-246f-467d-8d80-991c4eef401a,600,36,636
918312aa-dc4b-4481-90d8-05b19bd2358f,926c3574-687d-438c-95a0-ad55202d049a,2022-12-08 10:34:00,7610d689-246f-467d-8d80-991c4eef401a,1600,96,1696
c7311a20-08f3-4e6d-8f2b-fa4dd7412c82,d2c2719d-f10f-4693-a227-9c4dd85e7d30,2022-12-08 12:16:00,7610d689-246f-467d-8d80-991c4eef401a,1800,108,1908
43048c81-7c6e-47f6-84ab-cdb96c44d34e,0bdabea4-30de-4ef8-b11a-a4c8de37ebd9,2022-12-08 19:28:00,7610d689-246f-467d-8d80-991c4eef401a,1800,108,1908
6ce78dbc-3f22-46d8-b76e-c4ebaaf19198,9a65f806-8121-4335-941d-d0326c2e4675,2022-12-08 07:56:00,7610d689-246f-467d-8d80-991c4eef401a,400,24,424
f0e04e7c-d84e-4277-845b-161b677659f8,6995e59e-47cf-4387-a52d-ad45ca6a518d,2022-12-08 13:04:00,7610d689-246f-467d-8d80-991c4eef401a,2000,120,2120
a5ebed38-6ec8-440b-b98a-4ac27c45d887,edad01ae-d0e3-498a-8dad-7210358c427c,2022-12-08 12:20:00,7610d689-246f-467d-8d80-991c4eef401a,600,36,636
8822e7d0-f524-4bf9-8cca-3be1ad547b45,31827348-11f6-4c64-ad78-71209fc9944b,2022-12-08 07:42:00,7610d689-246f-467d-8d80-991c4eef401a,600,36,636
7787e94d-3e2c-43ee-a977-528dc1de48d7,dea739e8-98c1-4dbb-ba66-3b78d7f0e319,2022-12-08 16:37:00,7610d689-246f-467d-8d80-991c4eef401a,600,36,636
c9a2714e-d7c1-4162-a965-203b37d406a8,36b01943-3c96-430b-be52-72d94f53799d,2022-12-08 08:09:00,7610d689-246f-467d-8d80-991c4eef401a,400,24,424
71ef274c-4d35-40ff-8e28-e4485d7489e4,0d16939d-03a0-4dd0-bc65-3b4ccb36fe79,2022-12-08 07:38:00,7610d689-246f-467d-8d80-991c4eef401a,700,42,742
642b841f-e709-42f0-8e01-47eeb38d3c5b,3a3c7ba2-c0e9-4f2e-a33b-25b75a89c624,2022-12-08 07:50:00,7610d689-246f-467d-8d80-991c4eef401a,500,30,530
f87025d7-64db-4bbf-ba9f-5ff6c402ed28,d37b5f57-5b61-4029-91cd-831255b3587b,2022-12-08 08:18:00,7610d689-246f-467d-8d80-991c4eef401a,600,36,636
00ac05d9-3245-4f6b-ac31-037624e1a598,ffef49f3-f8f1-4be9-88ff-df81293ec90a,2022-12-08 10:14:00,7610d689-246f-467d-8d80-991c4eef401a,0,0,0
26821e23-78a9-494c-8628-f8c581cdc227,e79b9228-3f3d-46b5-8374-fedb9dda3735,2022-12-08 18:35:00,7610d689-246f-467d-8d80-991c4eef401a,600,36,636
fc1c340a-29f6-4f3f-8b77-e6d34104893a,9ef64e35-2590-4115-9d1a-772a11e1b53d,2022-12-08 08:35:00,7610d689-246f-467d-8d80-991c4eef401a,500,30,530
cf2a3c86-c2e3-4dee-b276-6d96a5cf0b66,1c358914-4b9d-4776-a4b9-32a4bfd77df4,2022-12-08 10:21:00,7610d689-246f-467d-8d80-991c4eef401a,600,36,636
db7d2e1d-da4d-454e-96a8-e752784e506b,8c8c1c3d-4781-4046-bb38-926c9c5738d0,2022-12-08 15:28:00,7610d689-246f-467d-8d80-991c4eef401a,1700,102,1802
02ad0bdd-ebb5-4b29-b08a-8398a4a7a092,0e18fa04-ce72-4ff8-b56e-7f088e12c004,2022-12-08 08:03:00,7610d689-246f-467d-8d80-991c4eef401a,600,36,636
705079b4-a351-46e6-b1ba-f759df6d6e4e,fc6cf27c-b921-4bb5-a3f9-6d90446d79e5,2022-12-08 13:06:00,7610d689-246f-467d-8d80-991c4eef401a,600,36,636
8d9d5969-37e6-4517-a36a-7c8542dfda60,df37e08e-0277-4735-a73a-1b7c294ea7c7,2022-12-08 16:58:00,7610d689-246f-467d-8d80-991c4eef401a,1900,113,2013
b9a4bf82-cccb-4937-914c-731ee9a81248,688d0660-f2f1-48d9-866b-16769b221d35,2022-12-08 13:08:00,7610d689-246f-467d-8d80-991c4eef401a,1400,84,1484
0e4a4c2e-be61-45ba-be49-ea0b44191bef,57977a86-91ed-41b7-a3ce-5e7ede685b60,2022-12-08 08:01:00,7610d689-246f-467d-8d80-991c4eef401a,700,42,742
e29b93e8-0892-4e96-a765-7260ba714735,79d9eb18-1591-4372-ad4d-893033109e57,2022-12-08 14:17:00,7610d689-246f-467d-8d80-991c4eef401a,500,30,530
4cbc988c-c856-4897-bd4e-434f9b7b8311,f0a48cc6-0574-42fa-be95-4d97d8329d9d,2022-12-08 19:26:00,7610d689-246f-467d-8d80-991c4eef401a,500,30,530
8f658dbb-c3fc-4998-ba5c-f04b47f7eed8,b4fcea36-9cc0-4960-91a9-75c9a5a42d37,2022-12-08 14:32:00,7610d689-246f-467d-8d80-991c4eef401a,500,30,530
489a73f5-5954-47e3-8520-90a6c3c9b65d,a6d591f5-51c1-47bb-b6d6-99c8b86751d4,2022-12-08 07:33:00,7610d689-246f-467d-8d80-991c4eef401a,600,36,636
a56b20eb-0068-4857-b8e2-5adf05bddacf,d64dc06b-92b4-412f-811b-f9126ac600de,2022-12-08 18:22:00,7610d689-246f-467d-8d80-991c4eef401a,700,42,742
f1a11d27-7270-4387-b474-568ec210648f,0b3c441f-c735-44c7-8074-4ea0037910ed,2022-12-08 08:07:00,7610d689-246f-467d-8d80-991c4eef401a,400,24,424
44700a54-71f5-4ec3-97b5-07958488e4ff,3964d6e6-da15-4d05-bfc2-fc2846545d29,2022-12-08 11:04:00,7610d689-246f-467d-8d80-991c4eef401a,500,30,530
d5efac7a-3431-4e78-bb09-b53cb8e2570b,3edb5ca6-a87b-40f7-bd9d-fcebccd767f7,2022-12-08 14:54:00,7610d689-246f-467d-8d80-991c4eef401a,1700,102,1802
bcfe3166-8a62-4436-ae6b-01089092386b,5d6db1ff-21b1-476e-b683-3f3658705c1b,2022-12-08 07:37:00,7610d689-246f-467d-8d80-991c4eef401a,400,24,424
198fc702-bffa-47b7-b943-7a42dde93465,18412373-d87e-4d56-8449-fdd7446eee92,2022-12-08 16:36:00,7610d689-246f-467d-8d80-991c4eef401a,1800,108,1908
05c262f1-fad2-43cf-8027-8993e2ae6f0f,9d540d3a-ba2a-4da2-b5b2-8596b612ef7b,2022-12-08 07:55:00,7610d689-246f-467d-8d80-991c4eef401a,700,42,742
4a44d2b3-8887-4e43-ad72-34766be16578,bddfbc57-6f52-4e22-a57a-6002563d154a,2022-12-08 07:32:00,7610d689-246f-467d-8d80-991c4eef401a,700,42,742
1cd24f51-09b8-4241-a9c0-741c7c5a2b35,b984ff09-e77c-4243-8b06-df73a4cfcab4,2022-12-08 08:43:00,7610d689-246f-467d-8d80-991c4eef401a,400,24,424
c3c99807-eb8b-4600-a9cf-5d2078804fb1,450a1c69-f98e-4b7e-801d-fd2a78341e96,2022-12-08 08:04:00,7610d689-246f-467d-8d80-991c4eef401a,400,24,424
9982f1da-e5aa-4704-b1ca-e07d15f74756,a4072cf8-44ed-4fba-a09c-52ea1253a626,2022-12-08 07:16:00,7610d689-246f-467d-8d80-991c4eef401a,600,36,636
7617652f-6058-48c6-a20b-2d5f81335104,3046aedf-67c1-44e7-ac56-440680327361,2022-12-08 07:57:00,7610d689-246f-467d-8d80-991c4eef401a,600,36,636
96ef1129-44c0-4317-8dc3-b750e00217af,3edf64a9-16d7-4c40-9f5b-330dc725a080,2022-12-08 14:02:00,7610d689-246f-467d-8d80-991c4eef401a,400,24,424
6ba7092b-10b9-4590-bb55-6edf96e22c8f,f7451f3e-b827-467d-92cf-0dae8d7f486f,2022-12-08 11:07:00,7610d689-246f-467d-8d80-991c4eef401a,0,0,0
caa3e463-412e-4fae-9320-2a796c81b134,bfe1b846-d4bc-4600-af95-6ae41b24dac9,2022-12-08 10:05:00,7610d689-246f-467d-8d80-991c4eef401a,1700,102,1802
3eb3666c-22ed-4fad-965f-6134fd79fe5f,ed68249a-59e8-4dc6-b38b-0d1e65f681b6,2022-12-08 14:10:00,7610d689-246f-467d-8d80-991c4eef401a,1600,96,1696
6bebceb0-31cd-401b-ae4f-373e85659d7c,bcf395ee-025e-44f8-8f73-484421f6d5fb,2022-12-08 10:20:00,7610d689-246f-467d-8d80-991c4eef401a,400,24,424
a15c3f3c-434d-4097-962a-9c0a560176ca,94d0a0fe-75c6-43be-bb84-168e040bc6d5,2022-12-08 17:07:00,7610d689-246f-467d-8d80-991c4eef401a,1900,113,2013
664f103f-37ab-4081-8595-664424ceaac2,250b3408-c860-4797-ac34-33728bf59c99,2022-12-08 07:56:00,7610d689-246f-467d-8d80-991c4eef401a,2200,131,2331
87f474ed-9a96-4b84-bd53-3cde3fd61728,f6fa9153-ba45-423c-b636-4e6b84cd914e,2022-12-08 07:35:00,7610d689-246f-467d-8d80-991c4eef401a,600,36,636
6b990d8d-18e6-4121-abc4-d2478de3e3c8,23a97ea4-4910-41fc-b79e-db7367a51abe,2022-12-08 16:45:00,7610d689-246f-467d-8d80-991c4eef401a,600,36,636
06371708-0e7d-4662-ae88-07a8d1ac47c5,cf070f90-cdd8-4549-b7e2-0c7254a5fa7d,2022-12-08 14:16:00,7610d689-246f-467d-8d80-991c4eef401a,500,30,530
6c73bdee-86cb-44ca-bcbc-ae3dbe9c0e46,a6b53394-b08a-4498-b7c3-91454743d0a8,2022-12-08 14:25:00,7610d689-246f-467d-8d80-991c4eef401a,700,42,742
21dbda81-958c-4a0d-8613-d92bedfb8e42,f808081a-9507-47e5-86cb-7bf828d9d4df,2022-12-08 07:36:00,7610d689-246f-467d-8d80-991c4eef401a,600,36,636
a03d307d-8f31-4c6e-82df-b699c4369a71,0426d112-e55b-46b3-8cd6-e3a55e386eb0,2022-12-08 16:20:00,7610d689-246f-467d-8d80-991c4eef401a,400,24,424
0d67ff08-3a08-4121-81c7-25e830e8a1d8,5d511afd-b502-4192-baad-0548251e5e6d,2022-12-08 07:35:00,7610d689-246f-467d-8d80-991c4eef401a,500,30,530
c5122421-76ff-46dd-a980-f43b8358a272,d8b3404c-073c-45e4-8d6a-a87259956b38,2022-12-08 16:16:00,7610d689-246f-467d-8d80-991c4eef401a,1700,102,1802
6790f924-a826-4448-8fa0-95e5e975d01c,4d4c7b21-8990-4720-990f-7746db61168d,2022-12-08 14:37:00,7610d689-246f-467d-8d80-991c4eef401a,400,24,424
4aca472e-658d-4313-90c9-73e9a691b862,f9841060-a614-481b-94ee-7dfe41607413,2022-12-08 08:13:00,7610d689-246f-467d-8d80-991c4eef401a,600,36,636
7aab3ffc-83a2-4b71-bd4a-0a5c670aabf9,c6bd6d54-a717-4955-a92b-b94a48db42dc,2022-12-08 08:09:00,7610d689-246f-467d-8d80-991c4eef401a,500,30,530
890360fd-8703-4b21-8443-9e352d80b037,eb7d2aec-bc7d-4c51-a03b-eafee6cb1d8a,2022-12-08 07:16:00,7610d689-246f-467d-8d80-991c4eef401a,600,36,636
f33139fc-84ca-436b-8b15-a6fd0af8f9d2,dc1554c4-7966-43d6-989b-d9371615ed70,2022-12-08 07:55:00,7610d689-246f-467d-8d80-991c4eef401a,600,36,636
96bc69ce-49c2-4369-a596-77d45816c234,0d210a5d-5016-4929-b467-3c8c4ba1ae9d,2022-12-08 08:08:00,7610d689-246f-467d-8d80-991c4eef401a,600,36,636
9c1e1803-0479-43db-9661-419d6bac8dc9,9cde1e0d-05f3-450f-bf5a-fa46ba556e66,2022-12-08 07:47:00,7610d689-246f-467d-8d80-991c4eef401a,400,24,424
f13c4415-4cae-481d-a04a-46651155a261,4387d265-a651-45ac-b32f-8dc31bff999a,2022-12-08 17:02:00,7610d689-246f-467d-8d80-991c4eef401a,1800,108,1908
d450678a-c837-4ddd-9c17-ca1a15dd11b2,9db10769-95d8-4f4d-8c28-5aa3495a23f0,2022-12-08 11:03:00,7610d689-246f-467d-8d80-991c4eef401a,1100,65,1165
f09528a5-1ae9-4bc1-a013-86325fedf329,026ceb52-c4fd-4803-bc22-2a3906fb6c46,2022-12-08 08:11:00,7610d689-246f-467d-8d80-991c4eef401a,400,24,424
6c49e1b8-b283-40d5-8a93-64cf906ea014,c8bab90c-54a0-4996-b0b2-10caea8d5184,2022-12-08 08:02:00,7610d689-246f-467d-8d80-991c4eef401a,500,30,530
79c3074a-172a-402d-8e37-4889ce7d42d5,f2efc122-75e1-48bd-b4b8-6a52061637d2,2022-12-08 15:32:00,7610d689-246f-467d-8d80-991c4eef401a,1500,89,1589
298a18ba-36c5-4b2a-b672-067d5649a5ea,adb75b1e-ebd5-4fb8-9ea1-91af9f74330d,2022-12-08 08:03:00,7610d689-246f-467d-8d80-991c4eef401a,500,30,530
9ae08889-f820-4c22-b1a2-2dbff77ae604,7523436b-bfe8-439b-8ba3-a6ea6c2c274c,2022-12-08 19:41:00,7610d689-246f-467d-8d80-991c4eef401a,600,36,636
8cb5b987-aab2-47c5-a9ed-f7b74eaf8059,7246a425-986b-4cc7-9db5-e2a4f0f36b37,2022-12-08 14:41:00,7610d689-246f-467d-8d80-991c4eef401a,1700,102,1802
4873be7f-594a-422b-ac9c-9e54301e9596,dafbb152-2434-4963-83a6-66bcca661251,2022-12-08 07:46:00,7610d689-246f-467d-8d80-991c4eef401a,400,24,424
369cc7a2-a8b9-41ed-b1ed-1ff3a7a57e09,37185ad3-bd4b-4923-b4cb-d81ca7d9dcf4,2022-12-08 13:31:00,7610d689-246f-467d-8d80-991c4eef401a,700,42,742
d7abbf4a-04c9-488a-8de0-c1e0086b00dd,751581a7-dcae-4cd6-be9c-0170a28ec0f7,2022-12-08 08:00:00,7610d689-246f-467d-8d80-991c4eef401a,600,36,636
ca6010be-73b7-46d2-9928-e624408c759a,f2e6c77c-bb0e-4736-8e20-d9a300ad589a,2022-12-08 08:00:00,7610d689-246f-467d-8d80-991c4eef401a,600,36,636
76be05c6-e718-4041-882b-04b92932a5ec,7ada98ab-4d4a-4814-b592-71cbf95a981f,2022-12-08 12:22:00,7610d689-246f-467d-8d80-991c4eef401a,1100,65,1165
acfe74f5-5ed1-401a-9e7d-5f6ca8096fd5,2e472783-b556-4793-892b-93e4aae66fe8,2022-12-08 08:25:00,7610d689-246f-467d-8d80-991c4eef401a,400,24,424
384d1a54-58d7-44bc-9f10-946e91fef6eb,22822edd-5932-40c9-8d1a-0fa99635cd0d,2022-12-08 18:22:00,7610d689-246f-467d-8d80-991c4eef401a,1200,72,1272
506f0212-4492-44e4-ad11-0450e2d19fd8,b33388b4-e129-491e-bcb5-2936b41c9e74,2022-12-08 07:41:00,7610d689-246f-467d-8d80-991c4eef401a,700,42,742
03e3e350-01ca-4530-83d4-2db81eaf4e53,100b9b88-fbe2-4f5d-ab6f-986c8aabac36,2022-12-08 15:32:00,7610d689-246f-467d-8d80-991c4eef401a,1400,84,1484
e38c7b19-9e2b-4d1a-838e-b850bb0d6f24,8c244f6b-7f16-4409-b513-237f6c53e7f0,2022-12-08 14:18:00,7610d689-246f-467d-8d80-991c4eef401a,600,36,636
e1d4ff0a-b8e2-4d3f-a83f-4d23b0a56fdb,25bf9611-3c9a-425d-8d25-eb3ca453e365,2022-12-08 08:24:00,7610d689-246f-467d-8d80-991c4eef401a,500,30,530
33427ffc-7f61-4157-a474-1acb08312cd8,f7f95a28-6e03-43ef-b3bd-87deb2cd1c39,2022-12-08 17:18:00,7610d689-246f-467d-8d80-991c4eef401a,600,36,636
130c29ff-70d3-43fb-8a07-32c97c2d8cdc,3be0e2aa-b690-4a2f-a42a-323d392a2e56,2022-12-08 07:47:00,7610d689-246f-467d-8d80-991c4eef401a,400,24,424
448a3ae2-db93-4888-87ba-284559d1149b,eaf1ce75-babd-4767-adc4-c84916d44ea9,2022-12-08 07:50:00,7610d689-246f-467d-8d80-991c4eef401a,500,30,530
77984b2e-02ce-4bf8-94ca-2d7124de880e,799aa08f-1e79-4a82-bf2f-b6f16ac78452,2022-12-08 07:25:00,7610d689-246f-467d-8d80-991c4eef401a,500,30,530
65f58f1c-4805-46dc-9e8a-3460d7de6568,7a631e31-0f36-480d-9d91-b4f11b6b3531,2022-12-08 13:50:00,7610d689-246f-467d-8d80-991c4eef401a,4100,246,4346
d5001f70-c2c3-4024-8917-c54fd5bf8bf3,a511fe7a-129e-4a12-977c-655bc6f729cf,2022-12-08 08:10:00,7610d689-246f-467d-8d80-991c4eef401a,700,42,742
9c92bcd9-cffb-46d8-a4d3-4a91611c04dd,f7ba70c3-65ab-41b7-b82e-557e864b3b38,2022-12-08 13:39:00,7610d689-246f-467d-8d80-991c4eef401a,500,30,530
26122ad1-e5da-4afc-b4b4-608d77ea3a48,181bd0ce-2a4e-4351-9ebd-df2dac1447d9,2022-12-08 13:57:00,7610d689-246f-467d-8d80-991c4eef401a,1800,108,1908
a0d75206-a94b-43b7-b76c-df2cdd1ca72f,cb35d391-3f6e-4b75-9150-0d9b47d1a9fb,2022-12-08 07:00:00,7610d689-246f-467d-8d80-991c4eef401a,700,42,742
c50002a1-9101-4cf9-bce5-b0008111afe6,71bd1014-f18c-4f9e-9f6e-a744c212f185,2022-12-08 14:56:00,7610d689-246f-467d-8d80-991c4eef401a,600,36,636
8a0e3dc7-2da1-4fa3-801b-a44178799fac,271669e0-565e-4dd1-8b33-5e785cdcb331,2022-12-08 07:47:00,7610d689-246f-467d-8d80-991c4eef401a,600,36,636
52508bb3-a8c4-4a43-9a73-34e4a4d55de5,3627aff8-26f1-46d0-bc9e-7a087e8ee05a,2022-12-08 12:36:00,7610d689-246f-467d-8d80-991c4eef401a,1800,108,1908
8f7a6a37-209d-4ba4-895f-aa8f015efd6e,f0f2ae48-dc46-46e7-84ab-80d7a170ba83,2022-12-08 09:42:00,7610d689-246f-467d-8d80-991c4eef401a,600,36,636
3be21b2e-d2aa-4cae-bad4-073cd9213c32,25a1ae12-da1a-47ba-8cc5-93ddde1bdd8a,2022-12-08 16:26:00,7610d689-246f-467d-8d80-991c4eef401a,600,36,636
728dbc0c-e0e3-4f3e-b0b2-cf8ed097c7c2,3a4bfb82-86e6-493d-a5c5-7f5f15da46b2,2022-12-08 16:09:00,7610d689-246f-467d-8d80-991c4eef401a,500,30,530
ae565671-f1e6-41ab-a090-01f0e40f9bf4,1ce75bf8-af62-46ae-9ec1-bea716d67cd0,2022-12-08 08:26:00,7610d689-246f-467d-8d80-991c4eef401a,500,30,530
c065130d-f187-458d-a5aa-2d947aeb5267,9d86b78b-c5a3-4c47-afde-b6f079c7571f,2022-12-08 08:10:00,7610d689-246f-467d-8d80-991c4eef401a,600,36,636
459ddd50-2ba3-41bd-8710-418d1ae2bcc7,d922bdd6-209c-46aa-88e0-42fa58d126fd,2022-12-08 14:19:00,7610d689-246f-467d-8d80-991c4eef401a,500,30,530
0314c2d8-48e8-4a6a-85d2-9b63a50f2db6,5d0fd1a2-46fb-4f0c-87fd-e8ed66d5d4f1,2022-12-08 17:52:00,7610d689-246f-467d-8d80-991c4eef401a,1000,60,1060
fdff5475-4863-4de7-89a7-6b0438e4acb4,d6395bce-5b79-4dbe-b156-3fd6e59f0e76,2022-12-08 15:12:00,7610d689-246f-467d-8d80-991c4eef401a,1600,96,1696
dfcbc65a-c25d-4d8a-a858-9cf9a515c783,83c2a0a0-ef47-41c3-8130-f4c4bfada767,2022-12-08 08:54:00,7610d689-246f-467d-8d80-991c4eef401a,400,24,424
c49b5a0c-ce48-4d14-bd0d-a9d3f286ed28,534e8469-a018-4efb-a1cc-fd23169c8c8e,2022-12-08 14:26:00,7610d689-246f-467d-8d80-991c4eef401a,1500,89,1589
a7f24ddf-e3cb-4c3a-9fb7-c6286a39dda1,a5789ae7-87e8-4e02-a0f5-ed465d5b9332,2022-12-08 13:45:00,7610d689-246f-467d-8d80-991c4eef401a,1700,102,1802
1ad4a481-40c1-4765-bc5d-519d527534ac,201c75dc-d0d2-49d0-8a57-a674c91be28c,2022-12-08 07:53:00,7610d689-246f-467d-8d80-991c4eef401a,700,42,742
b6e79e56-4c00-4c58-aa23-454e525bf4ec,b7810a3b-3aa5-4ebb-9d33-273cfc9007c2,2022-12-08 18:11:00,7610d689-246f-467d-8d80-991c4eef401a,700,42,742
46904807-ec2f-4cec-b2b8-fa914e144b56,66419994-ccb4-4a5e-8104-430d9f05b787,2022-12-08 14:03:00,7610d689-246f-467d-8d80-991c4eef401a,1900,113,2013
bcc49a9d-8d19-40c6-a882-98ad76151ca9,e90f9656-4dbb-43c9-b92e-183e7616d870,2022-12-08 15:23:00,7610d689-246f-467d-8d80-991c4eef401a,400,24,424
c78fa1fe-f370-4f80-9b38-d8ccc10aff2a,50a245b4-409d-40b4-859a-497ffa53d3b5,2022-12-08 07:58:00,7610d689-246f-467d-8d80-991c4eef401a,700,42,742
7db32a0c-46af-4ce0-956b-7082b6997b58,97d9be9c-5910-4341-9c34-db0a5d21792b,2022-12-08 09:32:00,7610d689-246f-467d-8d80-991c4eef401a,600,36,636
d439afb7-def8-4dde-bba6-5c7af89ff56f,1a5a5d31-a37e-4a9c-a6cd-d2022e17eca7,2022-12-08 13:55:00,7610d689-246f-467d-8d80-991c4eef401a,600,36,636
bdb4549c-47cb-46df-af22-302e3fe4ad75,2168d1cd-b8d0-48cc-bba5-45bde32172ca,2022-12-08 14:18:00,7610d689-246f-467d-8d80-991c4eef401a,0,0,0
c1b13ad4-90f8-4092-9ee7-bdf29186fc14,d853c060-bc2e-414d-8d42-8cd0fc37d411,2022-12-08 12:22:00,7610d689-246f-467d-8d80-991c4eef401a,2400,144,2544
a03bdcfc-8837-4b99-b473-74b1a986b0e0,456fdbb1-8895-420f-8c28-844dbee62b72,2022-12-08 08:23:00,7610d689-246f-467d-8d80-991c4eef401a,500,30,530
a7f8e6a5-d482-45b3-b41b-32d9179eebb2,58ae6de0-40c0-4c65-8c85-52d2e83d9fee,2022-12-08 11:09:00,7610d689-246f-467d-8d80-991c4eef401a,400,24,424
b9fad007-947f-4b07-95b6-f895963700c6,1a616871-cf07-4962-8005-fd25b7b631bd,2022-12-08 15:49:00,7610d689-246f-467d-8d80-991c4eef401a,600,36,636
e3a309e3-7026-4554-8224-134142624fc0,6cc5eb40-8fb2-4052-95eb-3796fde1ab6f,2022-12-08 10:04:00,7610d689-246f-467d-8d80-991c4eef401a,2400,144,2544
3ba9658b-6821-465f-8be4-4a6f17a4aea8,0f8daf38-9d2e-4979-a40a-9994e1096dcf,2022-12-08 15:00:00,7610d689-246f-467d-8d80-991c4eef401a,5600,336,5936
14a54492-7e6f-4ee6-aef5-4b4e1e749743,d2c80c70-0626-4e92-9115-8ce300b3a153,2022-12-08 08:42:00,7610d689-246f-467d-8d80-991c4eef401a,600,36,636
a3c66d0e-e8d7-4bda-8c45-f85396c34059,87ab0db5-dea7-42ec-9f0c-2845b0311a5e,2022-12-08 09:05:00,7610d689-246f-467d-8d80-991c4eef401a,700,42,742
eca28baa-23cd-45c8-b295-330ec0fa9b17,309669c8-42b3-43b1-8123-2be569933a0c,2022-12-08 15:11:00,7610d689-246f-467d-8d80-991c4eef401a,2400,144,2544
28b53668-6f7b-4da2-9ca3-aeb71e498b86,151aad12-cc70-485f-b635-fd685c75209d,2022-12-08 16:35:00,7610d689-246f-467d-8d80-991c4eef401a,400,24,424
0733fff1-36a5-4ae5-a8bd-6f273962238e,2b93a0e5-e89b-480f-9229-d927b0cb04d5,2022-12-08 08:15:00,7610d689-246f-467d-8d80-991c4eef401a,600,36,636
e760bbdf-dd99-4370-b3ad-b56184ea1ed5,5e25b7e9-263f-487e-ab81-22525d48e71b,2022-12-08 08:05:00,7610d689-246f-467d-8d80-991c4eef401a,600,36,636
c2698215-db6a-44b7-bf22-8ddbf5cab4b9,665e2199-3e9c-44d4-ad37-fdaad66a174c,2022-12-08 07:52:00,7610d689-246f-467d-8d80-991c4eef401a,400,24,424
241527f4-72ef-47e9-a23a-65b04fc027d3,1c9cfb2c-1d6e-42ea-abd2-7970d24360ec,2022-12-08 08:25:00,7610d689-246f-467d-8d80-991c4eef401a,700,42,742
bf703551-3deb-42a1-b36a-f31e3a0dc1f4,a81521ff-21dd-4fea-8e3f-fe9c4a1dc1e8,2022-12-08 08:31:00,7610d689-246f-467d-8d80-991c4eef401a,600,36,636
2f9ffcff-3635-4d37-8e3e-7070ccd17a3c,a098d142-670c-47f0-9877-a90b05422050,2022-12-08 09:57:00,7610d689-246f-467d-8d80-991c4eef401a,600,36,636
f12f669e-a7ec-43d2-9c8a-13d805ef41f1,86440644-0c75-465f-bdeb-900d87ec40d4,2022-12-08 07:51:00,7610d689-246f-467d-8d80-991c4eef401a,600,36,636
c56f844a-cfe2-4144-8b3d-cf5ae00f6fdd,ab65ad9c-95b5-49a5-8338-0a5c83d5817f,2022-12-08 16:42:00,7610d689-246f-467d-8d80-991c4eef401a,2400,144,2544
e691a2a3-f5d8-4f3f-989a-1c840ac3788a,3fccd325-23ce-47e6-a2e5-3f5b609113a9,2022-12-08 15:12:00,7610d689-246f-467d-8d80-991c4eef401a,600,36,636
a0054a79-9ad2-44f0-85f5-fb728b3efe8c,b6084d24-9a8f-481e-8d93-c09ccb6c51c0,2022-12-08 16:04:00,7610d689-246f-467d-8d80-991c4eef401a,1100,65,1165
80fd616f-57a2-44f8-af1a-478dc257c10d,f823dac0-6919-4b52-bdc1-4e4e7aa07baa,2022-12-08 14:02:00,7610d689-246f-467d-8d80-991c4eef401a,400,24,424
94564ee8-9afd-4c08-b044-52704a77cf5a,a35a2470-78bd-43fe-aca9-e82d731daecc,2022-12-08 13:53:00,7610d689-246f-467d-8d80-991c4eef401a,600,36,636
93d24413-a8e7-49d8-9c68-5046a0156b82,d3c6c1f1-8fad-4e3b-b090-1739abc57cf0,2022-12-08 08:28:00,7610d689-246f-467d-8d80-991c4eef401a,400,24,424
a8daaac2-7e85-426c-b9d2-21cab0e29c6a,16055520-2c72-4e4e-9f92-bac49b61437c,2022-12-08 07:10:00,7610d689-246f-467d-8d80-991c4eef401a,600,36,636
e118246e-f22b-49cd-a813-70c567c1b3e3,a9a3224d-e299-4835-95d7-96b2ae764b03,2022-12-08 17:36:00,7610d689-246f-467d-8d80-991c4eef401a,1800,108,1908
10fb5e0a-e2f6-4836-960f-fb03e00550b7,f48bd87a-ff07-4581-a471-bcb2cd91cd1b,2022-12-08 16:09:00,7610d689-246f-467d-8d80-991c4eef401a,600,36,636
4d98938e-65ab-4b23-98f6-6a3b110c7e98,ea8db837-54ac-4615-ab01-9e1d9f2d3ec1,2022-12-08 08:28:00,7610d689-246f-467d-8d80-991c4eef401a,500,30,530
9edc1bf2-a879-4168-8752-224f4c6afee5,ef0b0d0b-5ecf-4f39-8937-bb9ddaaadfa3,2022-12-08 10:31:00,7610d689-246f-467d-8d80-991c4eef401a,2400,144,2544
7e9fb48f-a76b-46f0-afff-7b8dc7831994,3e6e1b4a-51e9-407e-b8ab-ed1e11fd056f,2022-12-08 19:06:00,7610d689-246f-467d-8d80-991c4eef401a,1700,102,1802
049d4f80-247b-4c0f-9ad9-c18c502d7f95,572afe5e-e82a-45af-aaac-35948537d83b,2022-12-08 09:15:00,7610d689-246f-467d-8d80-991c4eef401a,600,36,636
a1038f1a-2fce-48bb-aeb7-41c34dc7bb60,786e1981-a9d6-4f2b-9c24-a4d3dd7c7e17,2022-12-08 16:58:00,7610d689-246f-467d-8d80-991c4eef401a,1200,72,1272
4ca22162-7572-4978-b57d-6ebddea84475,7fe3d1b7-4c1f-4ba2-9a83-9b48c757dcd2,2022-12-08 18:29:00,7610d689-246f-467d-8d80-991c4eef401a,500,30,530
fa385be8-625e-471b-9937-a46aaff3d562,e59b4e1f-ba7c-401c-8106-d4745af1b66c,2022-12-08 15:37:00,7610d689-246f-467d-8d80-991c4eef401a,600,36,636
b81e6229-8b08-460d-a573-970fec39c1c3,8cfe2de3-d27a-456f-ae33-517251aeee4e,2022-12-08 19:11:00,7610d689-246f-467d-8d80-991c4eef401a,500,30,530
a1b6dce2-0359-4976-a034-d89db9efb99b,df3c2d1d-30e2-4371-9b43-3fd918f475bb,2022-12-08 07:23:00,7610d689-246f-467d-8d80-991c4eef401a,500,30,530
ad14c55e-eed4-4273-b9da-f9e728d49c7e,f695d71e-f422-4325-9add-b509be6e4bf1,2022-12-08 09:26:00,7610d689-246f-467d-8d80-991c4eef401a,600,36,636
2929d6b9-9065-48eb-a5f2-20fa47e29113,25026909-2ede-4661-871d-156396a83b6c,2022-12-08 17:57:00,7610d689-246f-467d-8d80-991c4eef401a,500,30,530
cd217ff3-2c5d-460f-868c-8b2b7b677dc2,b95564b0-779d-41ad-9da0-5f65a142d02c,2022-12-08 07:18:00,7610d689-246f-467d-8d80-991c4eef401a,500,30,530
78d50934-f1f5-45fe-97e1-abfa20a2712e,3b549ccd-b818-46d6-bb5c-7b514dc724ff,2022-12-08 08:33:00,7610d689-246f-467d-8d80-991c4eef401a,600,36,636
c3f4a525-f428-485f-9b20-1fc3cf2004aa,b5c391ec-6795-4c92-8074-f881d65b8bb1,2022-12-08 11:19:00,7610d689-246f-467d-8d80-991c4eef401a,2200,131,2331
e2595210-4981-406f-96ad-d38c93fdf9de,8cceb015-0ebd-4bfa-89b5-d5740ebf5eb4,2022-12-08 14:36:00,7610d689-246f-467d-8d80-991c4eef401a,1800,108,1908
8132249f-bdf9-4179-8146-cf9bf95f77ed,ba8a3b82-1b25-4eb0-bcd3-e172ca44a871,2022-12-08 15:32:00,7610d689-246f-467d-8d80-991c4eef401a,1600,96,1696
e205b6eb-0b4d-43f4-968f-c12dae486872,19a5fabf-dfd8-444b-a759-fba1764e5bf1,2022-12-08 19:08:00,7610d689-246f-467d-8d80-991c4eef401a,1700,102,1802
d5f1ca87-a972-4b22-b3a0-6459faceb2d9,33312611-32f7-45e9-a1ba-76224a4efaf1,2022-12-08 15:06:00,7610d689-246f-467d-8d80-991c4eef401a,2000,120,2120
bd08272d-5ad2-49b6-87f3-e4cafd07a3e6,2df21d90-54d9-4bfc-9b00-12048e94bf7f,2022-12-08 08:35:00,7610d689-246f-467d-8d80-991c4eef401a,600,36,636
4d1b97aa-649a-48cb-b151-72cc6b6c3f4a,b27ac96b-45a5-4ca0-924e-eecc8894d365,2022-12-08 13:04:00,7610d689-246f-467d-8d80-991c4eef401a,1800,108,1908
f552d8b0-7ea0-4cec-bcc0-e9d167c84181,61432b99-679b-4a15-8732-0fcb17a5ef7c,2022-12-08 08:01:00,7610d689-246f-467d-8d80-991c4eef401a,600,36,636
109ce18c-ca38-4028-a064-f0fde194737b,905454f7-790f-4855-9e6d-6506f375381a,2022-12-08 07:44:00,7610d689-246f-467d-8d80-991c4eef401a,600,36,636
deb92f5d-14df-4dfe-8b92-1c278ffab3cc,e44343af-786f-460f-afe9-276fafd4ab72,2022-12-08 13:57:00,7610d689-246f-467d-8d80-991c4eef401a,600,36,636
ca221e69-a5e3-4f39-9756-5289b0748838,ec2d7fac-e43b-47bb-9667-8389825d6201,2022-12-08 15:23:00,7610d689-246f-467d-8d80-991c4eef401a,500,30,530
5f32cb47-f46d-4cb2-8674-969bf717a917,270fc651-fdbe-43d7-b9d3-e6bc8d729c00,2022-12-08 11:40:00,7610d689-246f-467d-8d80-991c4eef401a,700,42,742
c9627945-f2a5-4908-a2f8-964b54fc35fb,e5deefa3-49a9-41cf-9230-a2ac99a13b74,2022-12-08 14:38:00,7610d689-246f-467d-8d80-991c4eef401a,1700,102,1802
9976b5cc-eeab-4f9f-a495-d0bdfea25d76,a8d4018e-74dd-481b-9ec0-047653c406bc,2022-12-08 15:12:00,7610d689-246f-467d-8d80-991c4eef401a,600,36,636
914a377e-b150-4e07-9781-5f02d7133253,1fe8a9e9-5e8e-41ed-8f2f-e16bb832f81e,2022-12-08 12:22:00,7610d689-246f-467d-8d80-991c4eef401a,1600,96,1696
58fbaa6d-202e-4231-b337-2fbc2faa9ba0,beeafc1a-1df5-4e92-b649-9887417b6e99,2022-12-08 13:05:00,7610d689-246f-467d-8d80-991c4eef401a,1700,102,1802
25e155b0-a1ba-4cdb-9d3b-693670a355a3,c3113d55-77b9-4b5b-91d0-905284ede6e8,2022-12-08 16:46:00,7610d689-246f-467d-8d80-991c4eef401a,400,24,424
f36ae5a4-f7a8-4ae9-89bb-5f3dfae21e3c,b8e6d5cf-5320-400d-9a7a-d392e280ff9a,2022-12-08 07:49:00,7610d689-246f-467d-8d80-991c4eef401a,600,36,636
c4fe0168-ea85-44b1-9b6b-2bd7253abcbf,55a186ff-9bda-4b51-8717-546300299f58,2022-12-08 08:35:00,7610d689-246f-467d-8d80-991c4eef401a,700,42,742
54ba76bb-685a-4450-a2da-43051f1cc581,ee6d763d-1298-46e9-a102-98c548f91916,2022-12-08 15:03:00,7610d689-246f-467d-8d80-991c4eef401a,700,42,742
effde188-4d32-47a0-a420-8bf03ab47e31,3a3d9f52-a1f9-4640-a5ac-3565b6fc94d6,2022-12-08 16:44:00,7610d689-246f-467d-8d80-991c4eef401a,700,42,742
17432057-f10f-437a-a804-d8609b086d54,dfe2ecc4-6a89-42bf-809d-eb6d3b80f03c,2022-12-08 07:59:00,7610d689-246f-467d-8d80-991c4eef401a,500,30,530
14b8dd41-61c5-4452-9382-2e38e0cefc5f,5dee43b9-6180-423d-aa66-0c975c7a6254,2022-12-08 12:26:00,7610d689-246f-467d-8d80-991c4eef401a,600,36,636
51792a37-45af-4147-abae-160b644dd294,8f860c47-6ffb-400d-a5ea-1b3309f59667,2022-12-08 08:03:00,7610d689-246f-467d-8d80-991c4eef401a,700,42,742
0073acc4-d9e9-481a-9640-237dcf796a36,8e668625-bb53-48d3-8a35-337b6bfe0528,2022-12-08 08:32:00,7610d689-246f-467d-8d80-991c4eef401a,700,42,742
530fe29f-fe1d-461a-bbb0-b156042e1ca5,4cabdc2c-b086-49e3-8537-89e9ff05bfc2,2022-12-08 17:56:00,7610d689-246f-467d-8d80-991c4eef401a,500,30,530
29f9c009-cfe3-4172-aad4-1198bdc7442c,ff579c5a-cd8c-4e66-9fa5-5efd193c7c97,2022-12-08 15:51:00,7610d689-246f-467d-8d80-991c4eef401a,700,42,742
66f9f394-83fb-472d-8448-ff378a0f72db,c15f166b-5eea-4544-95ba-c06ab6bdfd54,2022-12-08 14:31:00,7610d689-246f-467d-8d80-991c4eef401a,400,24,424
c616c98e-3051-4e23-ac26-2b622c0b446c,4c0311a9-36a1-489e-b9a6-d0c6fbb216d0,2022-12-08 10:43:00,7610d689-246f-467d-8d80-991c4eef401a,700,42,742
5ab64e16-f7be-40d0-a922-66ec7d1964f7,21b47c14-85e6-4345-8b75-fb865313023c,2022-12-08 08:19:00,7610d689-246f-467d-8d80-991c4eef401a,600,36,636
8a95c551-ffeb-48c5-ae62-4e70d64abec6,de438868-012e-4090-a23f-435fe782ba8a,2022-12-08 07:57:00,7610d689-246f-467d-8d80-991c4eef401a,400,24,424
4f372445-b96b-46ae-b454-f90b25d16517,837e09f7-4460-4e4c-9dd1-15e51783c049,2022-12-08 10:23:00,7610d689-246f-467d-8d80-991c4eef401a,1600,96,1696
cba2aa01-4915-4db6-873a-d53ac04b17ef,76e0ad61-6f0a-4ff9-ac30-b153a4382299,2022-12-08 07:47:00,7610d689-246f-467d-8d80-991c4eef401a,500,30,530
63e3173b-ce8f-4844-a7a1-ec83a0a73955,74f8b5d2-4353-4a1d-9d09-c4b033ed1e78,2022-12-08 08:14:00,7610d689-246f-467d-8d80-991c4eef401a,700,42,742
c25c1908-f962-4ec8-ba24-a6cd8ad5fe1b,b072f983-a206-4f65-a800-d1b376f074a7,2022-12-08 14:39:00,7610d689-246f-467d-8d80-991c4eef401a,1700,102,1802
99452048-ef12-4b8d-9238-071b68ebce9e,08242f94-d34c-4120-afeb-94e966620c4e,2022-12-08 14:50:00,7610d689-246f-467d-8d80-991c4eef401a,700,42,742
42bb6e09-6f7e-4cf2-88ff-5fdd9ef501ba,596d7dac-fc6c-42b7-9cff-4833a8b8fd1e,2022-12-08 15:09:00,7610d689-246f-467d-8d80-991c4eef401a,1200,72,1272
b4657d37-7ddc-43ff-9e54-2be3934167b4,472069b9-a61b-4488-b3d3-77fd6e057685,2022-12-08 07:55:00,7610d689-246f-467d-8d80-991c4eef401a,700,42,742
350dec22-07ed-47cb-8ad5-4ae449811cc1,c8ecfe04-79be-48af-8d12-9542ae15e266,2022-12-08 07:47:00,7610d689-246f-467d-8d80-991c4eef401a,600,36,636
ac700a36-5b91-4113-b688-9ba8dcb223ce,02af6d80-129a-42e4-99b4-70b2f68dc3b9,2022-12-08 13:02:00,7610d689-246f-467d-8d80-991c4eef401a,1600,96,1696
dc84404e-5405-4ad0-8347-d00cec3ea3fd,13e6eb04-6067-4f00-8ee7-5675fcc4f621,2022-12-08 13:02:00,7610d689-246f-467d-8d80-991c4eef401a,600,36,636
b0919d82-dd63-4d05-9300-b1f5c79effec,bd2ae4d9-0ea5-49e1-aea9-3370b4716c00,2022-12-08 08:49:00,7610d689-246f-467d-8d80-991c4eef401a,1800,108,1908
988fa4a5-f298-487a-af89-a1eb00289890,22f6747d-37ca-4921-ad9b-a28cfb59861f,2022-12-08 18:01:00,7610d689-246f-467d-8d80-991c4eef401a,600,36,636
7c175704-a048-4d2c-b19d-b7e4126ab080,42f1d1af-ac2e-42d7-80bc-e1dd04b9bce8,2022-12-08 08:11:00,7610d689-246f-467d-8d80-991c4eef401a,500,30,530
998d87d1-c8d0-44ef-a6e4-2c556521f982,e157473f-67c5-4a77-a3c7-1d690227196f,2022-12-08 10:47:00,7610d689-246f-467d-8d80-991c4eef401a,2800,168,2968
3ed8b78b-9a61-476c-927d-437f0b8078da,4f29c41c-067d-4f9a-9793-8bae170607bc,2022-12-08 14:22:00,7610d689-246f-467d-8d80-991c4eef401a,1700,102,1802
41774027-53b2-4027-84ad-60ab0c39931f,027e3ca9-84de-4e85-8dfd-499df27dd3e9,2022-12-08 15:47:00,7610d689-246f-467d-8d80-991c4eef401a,500,30,530
b12ec383-89ab-48a6-a618-c875ac1b122c,9a14fd59-3f1b-40ec-ba02-2b2164bc44d7,2022-12-08 08:00:00,7610d689-246f-467d-8d80-991c4eef401a,500,30,530
5dfad5dd-f59e-424e-8116-9ff9b84f0fde,b973cfc5-c344-4b2d-8fc4-92b69286c494,2022-12-08 13:19:00,7610d689-246f-467d-8d80-991c4eef401a,400,24,424
bb6091d1-e9e1-401b-923b-1f08df8acac0,4016b41b-6b04-4ecf-944a-2dec96832f6d,2022-12-08 08:06:00,7610d689-246f-467d-8d80-991c4eef401a,500,30,530
49a84850-3cc1-4bde-83a7-dd8134167a96,1691b5c0-20da-438a-8bc7-8f68cdfc6996,2022-12-08 14:52:00,7610d689-246f-467d-8d80-991c4eef401a,600,36,636
8cc6cd8e-8413-41fe-afa9-a4e275572fa2,9ec80e0e-eb2a-4cd5-8281-acd97008a40e,2022-12-08 15:52:00,7610d689-246f-467d-8d80-991c4eef401a,1700,102,1802
d028eeaa-aadb-4797-968f-768919df722f,4a9dcd92-3db5-4302-a109-4688ef1daf51,2022-12-08 15:13:00,7610d689-246f-467d-8d80-991c4eef401a,1900,113,2013
5a50f87b-4a69-4813-a9f1-38af3bf6566a,6436c05b-2e1d-493a-8e5b-8a81dfbb6d27,2022-12-08 15:30:00,7610d689-246f-467d-8d80-991c4eef401a,600,36,636
65e3bc5d-f1a0-43b6-bd3d-7e3bf788a31b,20d3b881-e02c-4e1a-b985-58bf7d1becd5,2022-12-08 12:09:00,7610d689-246f-467d-8d80-991c4eef401a,3400,204,3604
83cd5406-e5bd-44ae-90fa-8b8fee0516a8,7612fe7c-aedd-4547-aade-25b4911619c9,2022-12-08 14:09:00,7610d689-246f-467d-8d80-991c4eef401a,1600,96,1696
2d5d47a4-defd-422b-a8b3-1bf20e0f036b,f4898a14-5fe5-48dc-b6bb-1f435392dede,2022-12-08 18:38:00,7610d689-246f-467d-8d80-991c4eef401a,500,30,530
9d8d1cd2-6dd0-4b78-8266-f02279cd17ac,1995fe10-3ace-49c2-a034-9501692d2dd7,2022-12-08 12:53:00,7610d689-246f-467d-8d80-991c4eef401a,1900,113,2013
67d73cec-d608-4f80-85de-ec9afb6fd3c5,3293ca28-2970-404e-a298-f74c760d7810,2022-12-08 07:12:00,7610d689-246f-467d-8d80-991c4eef401a,500,30,530
b3a2341c-66fe-451c-b0d8-2fec999504ba,3029df46-1cef-45bc-9293-520cc8b0255e,2022-12-08 08:10:00,7610d689-246f-467d-8d80-991c4eef401a,600,36,636
c3fcc8a9-79a1-4a4e-97d6-483a04dfb855,72bac195-4083-485e-9081-df5b269d5f48,2022-12-08 15:58:00,7610d689-246f-467d-8d80-991c4eef401a,500,30,530
4159592e-db0d-4c35-b453-93fb167d6c91,7fdb55c5-62a9-432b-b904-0c8667b2e7aa,2022-12-08 16:08:00,7610d689-246f-467d-8d80-991c4eef401a,1700,102,1802
d2a9a34e-5b47-4dfa-af1f-07be7a7e4a4c,3981431e-68a6-4f25-8919-294206d4e783,2022-12-08 08:02:00,7610d689-246f-467d-8d80-991c4eef401a,600,36,636
0cb11dea-555e-4f78-95ab-51c999a3f2bc,e8624338-c99b-4285-8018-073b5931f3d7,2022-12-08 18:42:00,7610d689-246f-467d-8d80-991c4eef401a,700,42,742
dc3a0b22-2f40-43a4-acc4-98f2bd8a5d86,f8a9b9e5-b4c7-416f-acfd-3b5727417698,2022-12-08 08:17:00,7610d689-246f-467d-8d80-991c4eef401a,600,36,636
b3be33d9-423b-4504-a74a-b4b069ff9893,33544b8a-3b0f-4d97-afaa-a5018e66ee32,2022-12-08 19:07:00,7610d689-246f-467d-8d80-991c4eef401a,400,24,424
1527d94f-026f-4d2c-98a9-cbc86506406c,27b1e612-2cfe-43aa-bb58-c92646126951,2022-12-08 07:41:00,7610d689-246f-467d-8d80-991c4eef401a,600,36,636
b2381f74-ffb6-4345-a0e7-ff7351cc90d4,6cd42113-cc70-4857-985d-d31a7adf9ab1,2022-12-08 18:55:00,7610d689-246f-467d-8d80-991c4eef401a,1400,84,1484
06724cf5-a20a-4f7d-a4c9-6060d2e91802,3706d905-3e5a-4227-9c02-f96968365cef,2022-12-08 15:04:00,7610d689-246f-467d-8d80-991c4eef401a,400,24,424
b91646e1-9496-49f6-8b99-fc6c55dbc2b5,b5184b09-3ae6-4520-bc09-912e7eec1e67,2022-12-08 17:01:00,7610d689-246f-467d-8d80-991c4eef401a,1800,108,1908
faefe1c7-bd72-4d41-92fd-927d568aa611,814c405f-ca8b-4bb0-865c-7c89447ff10a,2022-12-08 11:08:00,7610d689-246f-467d-8d80-991c4eef401a,1200,72,1272
091d9b64-7050-4bc2-a5cd-5304c8aa4dec,800f49c1-d428-4f5a-bdd3-172f56da95b5,2022-12-08 13:10:00,7610d689-246f-467d-8d80-991c4eef401a,600,36,636
fc9c8812-ec90-4ed7-80ae-2223eb6883c7,5cc04c18-22fc-4740-a0eb-1525efaf23ad,2022-12-08 13:17:00,7610d689-246f-467d-8d80-991c4eef401a,0,0,0
88abee46-41d8-42fa-a62a-8a06db46d57e,5bfe0dae-1b79-4360-a29c-17e9ca7851f9,2022-12-08 15:18:00,7610d689-246f-467d-8d80-991c4eef401a,500,30,530
8b15fabe-8e60-49ca-adf3-e63588a26e5f,25c97ef3-e3df-4437-81ea-031cf9228009,2022-12-08 15:50:00,7610d689-246f-467d-8d80-991c4eef401a,600,36,636
4555a23c-7041-495e-a675-008dd92659dc,23e45a32-b6fd-408a-ba27-924b1070c001,2022-12-08 08:07:00,7610d689-246f-467d-8d80-991c4eef401a,700,42,742
ac631fc5-4626-451b-b75b-94474808d02a,26ab928d-c37b-47c3-8949-f5c62e9b8d76,2022-12-08 12:03:00,7610d689-246f-467d-8d80-991c4eef401a,1800,108,1908
ea484fb1-d975-4422-ba1b-7f61cfadbfc1,32c0dd94-681d-4183-8286-cf088864c11b,2022-12-08 17:14:00,7610d689-246f-467d-8d80-991c4eef401a,500,30,530
b863191c-a8f5-45a7-80c0-48c8bf672cce,4ae668eb-6510-4e45-96be-bcea4185ecd2,2022-12-08 08:09:00,7610d689-246f-467d-8d80-991c4eef401a,700,42,742
6e7a02f4-86d0-4024-90c8-19ee6dda2238,f4918a53-6c53-4960-a683-610fd1d3cb26,2022-12-08 08:03:00,7610d689-246f-467d-8d80-991c4eef401a,400,24,424
af00304c-ea3b-479f-9c58-039253b548f8,67b83532-c6ef-47a9-b708-6fec1ef804c2,2022-12-08 08:22:00,7610d689-246f-467d-8d80-991c4eef401a,400,24,424
f5aa1d55-c432-406c-ae00-f8fbe2211ad4,471dd3e1-1cb3-4a37-bd75-154334a05a49,2022-12-08 07:28:00,7610d689-246f-467d-8d80-991c4eef401a,700,42,742
06f7dbff-1652-4f57-b080-dc15fc7e0691,946f1cde-d4d1-4fc4-9e42-a82375962636,2022-12-08 12:02:00,7610d689-246f-467d-8d80-991c4eef401a,400,24,424
cb435dd9-a7d4-47bf-88cc-4f465f64db13,006ebf27-e836-4961-86f8-19a81bd60992,2022-12-08 12:03:00,7610d689-246f-467d-8d80-991c4eef401a,1000,60,1060
1b0f6d79-8269-4932-9862-d0eaf3f44722,c7b8e8b6-6299-45a6-a446-b172e533d17e,2022-12-08 08:17:00,7610d689-246f-467d-8d80-991c4eef401a,500,30,530
4e4c10c2-6c06-46a7-a57f-d4f99eaead55,b0899906-f211-4fe2-a0b9-71b5f9850f75,2022-12-08 09:05:00,7610d689-246f-467d-8d80-991c4eef401a,400,24,424
15e98d42-f662-4ff2-b327-3391e84f2f62,cb929743-17c3-430c-91be-1a5d739adbb4,2022-12-08 14:49:00,7610d689-246f-467d-8d80-991c4eef401a,1300,78,1378
3c05764c-686b-483d-ac56-b2b0c976cb4f,5430ddd8-0061-4b17-8a7c-5754472bcf20,2022-12-08 16:14:00,7610d689-246f-467d-8d80-991c4eef401a,600,36,636
aaacf856-0c55-4404-aef4-7d5d4558ee08,f414fc14-c077-4d20-8f3e-a145ac0f8d33,2022-12-08 14:51:00,7610d689-246f-467d-8d80-991c4eef401a,400,24,424
d12f0143-57eb-4240-a6a0-2840d35cad5a,69cec439-ef37-47e6-be3f-4ca6604a2334,2022-12-08 17:29:00,7610d689-246f-467d-8d80-991c4eef401a,1700,102,1802
2b7aa633-2840-4b15-85e1-f45cc4ce478f,4141f701-5633-42c2-b647-4b6fc428802f,2022-12-08 10:19:00,7610d689-246f-467d-8d80-991c4eef401a,4600,276,4876
7268b9b8-30e7-4efd-ab11-06ecc9e1082f,d79a67a2-6d28-43ad-ad61-2384151bc636,2022-12-08 10:15:00,7610d689-246f-467d-8d80-991c4eef401a,500,30,530
0f23e68f-82fa-43f3-8cb3-dc2fc361047d,650550ef-4a36-40d5-9125-f24e9c9a7bab,2022-12-08 19:35:00,7610d689-246f-467d-8d80-991c4eef401a,1600,96,1696
6ecf402a-7c6b-4c65-9f41-689c02ea500d,37e73f82-c93a-4c41-ade6-e62f4a5b446a,2022-12-08 11:46:00,399dfec4-01ec-4e84-80b5-cb325d670571,1700,68,1768
90fbeedd-6673-4df0-8062-8948af9bb1d4,c5ea4a48-b79a-41fb-8cfb-27cd606cf67c,2022-12-08 08:01:00,399dfec4-01ec-4e84-80b5-cb325d670571,500,20,520
c92031fa-2ed7-4a79-a3ea-9dd755e01eaf,a8f18d60-8666-4c0f-a1db-c2866d583b8d,2022-12-08 07:44:00,399dfec4-01ec-4e84-80b5-cb325d670571,400,16,416
00095ff3-ad7e-4f93-9461-ecd73b22d252,7bcb8723-53df-4b44-9780-6f41535407ea,2022-12-08 07:49:00,399dfec4-01ec-4e84-80b5-cb325d670571,500,20,520
5d7254aa-6d7a-4f90-a8ae-122c0a7bb396,63133c36-0c0c-4819-8883-c8fe0f7bb97f,2022-12-08 16:46:00,399dfec4-01ec-4e84-80b5-cb325d670571,400,16,416
7e15fec0-07bc-4d7c-9748-2544dc6741f3,6245ed4d-3f95-4010-9309-114b1b627744,2022-12-08 07:36:00,399dfec4-01ec-4e84-80b5-cb325d670571,500,20,520
93f8fb41-4338-40fc-a978-ce773efc0c26,94b1db00-2098-4afd-b3b7-5eb8983cfc17,2022-12-08 08:45:00,399dfec4-01ec-4e84-80b5-cb325d670571,600,24,624
c8889cb3-a14a-480b-9061-849be5fc4a29,d2b78715-1c35-41d5-a173-86bbde66041c,2022-12-08 08:03:00,399dfec4-01ec-4e84-80b5-cb325d670571,500,20,520
969ba41e-000d-4001-b697-a1c02831c56a,f87cf5f2-f133-432b-9698-d97df1d3ea32,2022-12-08 07:44:00,399dfec4-01ec-4e84-80b5-cb325d670571,600,24,624
b32b045b-1ee1-4569-8a04-1c2acf2d6e63,a4ecfbb7-9d6d-44b3-925d-7d29fdc993d8,2022-12-08 13:03:00,399dfec4-01ec-4e84-80b5-cb325d670571,1200,48,1248
5862a66e-b68e-4719-9beb-c896845f33a7,9ae05117-8a4f-441a-b848-817a78454328,2022-12-08 09:43:00,399dfec4-01ec-4e84-80b5-cb325d670571,1000,40,1040
a82d3be4-d77e-491b-9b71-6e0c35b3b749,a0c23a52-fc6d-47ef-b1f6-058a0f3bdd78,2022-12-08 17:04:00,399dfec4-01ec-4e84-80b5-cb325d670571,600,24,624
ee6d39fe-5404-4681-903f-2e981f0f5745,2ca44b2d-a2dd-4f21-80a2-d1042637712e,2022-12-08 13:14:00,399dfec4-01ec-4e84-80b5-cb325d670571,500,20,520
35d39c77-63ad-4315-8f7d-da3407e98cbc,506a6d87-28ad-4107-98f8-eee7ef436e29,2022-12-08 08:43:00,399dfec4-01ec-4e84-80b5-cb325d670571,600,24,624
03d8b742-911f-48eb-8ada-56eeec669a63,81f94344-42da-4710-970b-01040337773f,2022-12-08 12:13:00,399dfec4-01ec-4e84-80b5-cb325d670571,700,28,728
33b38831-7cd5-421e-8441-2b06c2cba534,ccb5c165-1568-4be3-967f-4081011dbfa8,2022-12-08 11:30:00,399dfec4-01ec-4e84-80b5-cb325d670571,2000,80,2080
201bf2b9-25fa-4ac3-9187-4c495754f1fd,42c5ea60-f682-47d9-b67c-f6f362147071,2022-12-08 08:37:00,399dfec4-01ec-4e84-80b5-cb325d670571,600,24,624
1d6482dd-058a-4c9e-a0bd-d8ac535b6c79,16b63951-b5de-4976-b337-c7a164051684,2022-12-08 07:13:00,399dfec4-01ec-4e84-80b5-cb325d670571,500,20,520
c376b667-c337-4139-826c-f09208228c14,ecc38f56-849e-4cb2-b90a-63994fc8241e,2022-12-08 12:48:00,399dfec4-01ec-4e84-80b5-cb325d670571,1700,68,1768
543c866d-2175-40c7-974b-c89073f41d6e,41aec400-dd32-4254-a52f-0d6fb2d03888,2022-12-08 17:13:00,399dfec4-01ec-4e84-80b5-cb325d670571,1800,72,1872
c8562957-7e42-4cb7-bb2e-4853bf3781b1,b6e01333-7454-4939-a5ce-c8bef3d60cc0,2022-12-08 07:48:00,399dfec4-01ec-4e84-80b5-cb325d670571,600,24,624
8253a47e-cc51-4593-866c-0c7a6b65493f,6e83b42d-59ed-4466-b35a-d764e9c3cdfc,2022-12-08 07:35:00,399dfec4-01ec-4e84-80b5-cb325d670571,600,24,624
45a9d51b-1cf9-4e45-9af9-a15b618ab66d,e80559a4-b5da-4434-a7a4-813d513bfd83,2022-12-08 18:53:00,399dfec4-01ec-4e84-80b5-cb325d670571,1200,48,1248
38f49f2d-3e33-4f00-9d1a-f1f28fe3b9cd,0f9c9c26-3320-4837-8235-6386bcbdbf06,2022-12-08 16:32:00,399dfec4-01ec-4e84-80b5-cb325d670571,500,20,520
15a98924-1cca-4039-8db9-b9aef8c1ddc2,ddd6bc5c-169a-4f13-aa8d-eb8d78c99e03,2022-12-08 07:57:00,399dfec4-01ec-4e84-80b5-cb325d670571,500,20,520
149b311b-ee1f-46bf-bd1c-7e7155b01d97,df529715-211d-4d44-bce5-8c04f8447eeb,2022-12-08 13:14:00,399dfec4-01ec-4e84-80b5-cb325d670571,400,16,416
34f7674a-5471-4f63-b36c-919b5d3cc828,f59319a4-b9b6-458a-aec7-f43d079c3a28,2022-12-08 15:29:00,399dfec4-01ec-4e84-80b5-cb325d670571,700,28,728
01f77055-8098-457a-8254-f4e6f4bdf0df,87289d4c-37e9-4151-9045-4ba83f3b4c71,2022-12-08 12:42:00,399dfec4-01ec-4e84-80b5-cb325d670571,700,28,728
fdb3f3ad-838e-447a-a63b-d5263ef6d977,d6af4950-fefc-44bb-8701-d252bd522f00,2022-12-08 08:00:00,399dfec4-01ec-4e84-80b5-cb325d670571,600,24,624
6756d105-c662-4596-8531-6f5d8688ee0e,bff5af40-a32d-4898-8a55-eb25f6d0b6ed,2022-12-08 18:27:00,399dfec4-01ec-4e84-80b5-cb325d670571,1900,76,1976
6889ae5a-5311-4853-bde4-a0804a47618f,50b9c414-f72b-43aa-b8b7-b6671518bd84,2022-12-08 08:58:00,399dfec4-01ec-4e84-80b5-cb325d670571,600,24,624
b1cab397-9376-430a-b6e4-dae78f647511,e4813f2e-1b48-4035-8b99-9dbc490b1182,2022-12-08 09:38:00,399dfec4-01ec-4e84-80b5-cb325d670571,600,24,624
1c298dd3-ee13-4ff5-b9a1-36f5866853ef,48401445-c4c0-4381-a5d3-b47ddffe4ef2,2022-12-08 12:55:00,399dfec4-01ec-4e84-80b5-cb325d670571,500,20,520
2e842f74-7079-461f-b7fa-e5f669ba260f,337e472c-b132-404f-b734-2693796b2745,2022-12-08 13:41:00,399dfec4-01ec-4e84-80b5-cb325d670571,500,20,520
64d3d50c-ccbb-471a-a17f-aba222a8f5f9,f58667e7-433a-4871-adf6-e74224ae1a7a,2022-12-08 16:54:00,399dfec4-01ec-4e84-80b5-cb325d670571,2000,80,2080
b7b196c4-d343-4947-8424-84c253bee0dd,b1d2776c-dcae-4587-a995-f535c29a0ad8,2022-12-08 16:25:00,399dfec4-01ec-4e84-80b5-cb325d670571,700,28,728
a0c24be2-8c0c-4dbc-af49-00f408059f2e,56d6314c-e71c-4755-a3c1-d6c428548b7a,2022-12-08 12:15:00,399dfec4-01ec-4e84-80b5-cb325d670571,1200,48,1248
cf7ab72e-5770-436a-bd82-b2ccd7faf68d,dcf50ba9-5b3e-448f-9529-f27c246d868a,2022-12-08 08:32:00,399dfec4-01ec-4e84-80b5-cb325d670571,700,28,728
7a4906a8-1db5-4860-96b3-577b8b741eb0,03098dcc-92b6-420b-b161-2027c6c298b7,2022-12-08 17:51:00,399dfec4-01ec-4e84-80b5-cb325d670571,500,20,520
686c5e8f-acda-49fa-8b92-8f0654dd4ada,9d25ed88-d934-4a39-bff2-29dd981edc7b,2022-12-08 08:05:00,399dfec4-01ec-4e84-80b5-cb325d670571,500,20,520
5fce3a42-8804-405a-a090-1777032fa681,a0ae887b-a1ea-45e2-a49e-fb49cd25e6e8,2022-12-08 16:30:00,399dfec4-01ec-4e84-80b5-cb325d670571,500,20,520
60a9d9e6-f6bc-4134-88ad-bafe3a32dc6a,0b281af4-2be3-4d04-9ed7-bddd85812aad,2022-12-08 17:27:00,399dfec4-01ec-4e84-80b5-cb325d670571,1100,44,1144
e47c0a7b-116f-49fa-bd59-846733a96338,1ab8f64c-68df-4705-82aa-f3e046eec9a1,2022-12-08 08:47:00,399dfec4-01ec-4e84-80b5-cb325d670571,400,16,416
b5569672-2613-464c-a06f-eea67a512285,014d4968-8860-436c-9590-b3172aab71ab,2022-12-08 15:24:00,399dfec4-01ec-4e84-80b5-cb325d670571,2500,100,2600
4f894563-ea4f-41d1-b3be-e27a6214f60a,b132d7fb-457b-400a-a86e-27a184517bc5,2022-12-08 12:16:00,399dfec4-01ec-4e84-80b5-cb325d670571,600,24,624
1e509fd3-48d6-4f5f-abd8-83c20e1e3f50,34fc2867-a0b6-422f-8041-10f81916b1fe,2022-12-08 07:50:00,399dfec4-01ec-4e84-80b5-cb325d670571,700,28,728
1e70753d-b181-4fc0-83eb-aa93ee878e44,97c95c72-e129-4e60-b61c-603aee90014e,2022-12-08 12:06:00,399dfec4-01ec-4e84-80b5-cb325d670571,2500,100,2600
cd5be708-9613-4e93-8fb5-44b27c598bcb,76c48654-6fd5-4383-9917-f82ad4aea2d6,2022-12-08 07:03:00,399dfec4-01ec-4e84-80b5-cb325d670571,600,24,624
25482246-d8a9-43bb-a64d-b8ea3144a7e3,2c57c610-0005-4cad-80d1-645d35f2c1bd,2022-12-08 11:20:00,399dfec4-01ec-4e84-80b5-cb325d670571,600,24,624
519cca37-8a48-4369-866f-fe455fab1a5b,aedc7b77-61c3-4a78-b198-3c2c85bdc558,2022-12-08 10:23:00,399dfec4-01ec-4e84-80b5-cb325d670571,1100,44,1144
2d4a6849-8d85-4816-b60b-a9bde65f0957,c28b2934-ee10-4572-b543-13b07030b674,2022-12-08 07:26:00,399dfec4-01ec-4e84-80b5-cb325d670571,700,28,728
0625accf-f963-40e1-b0a4-29f35d394eda,bf7f88d3-f1c0-4522-88c4-82330c4449ec,2022-12-08 13:33:00,399dfec4-01ec-4e84-80b5-cb325d670571,1900,76,1976
2112a7b5-3c74-403c-b3a5-bac961e9f169,b0b82342-e156-448f-b2e6-660a34223ea6,2022-12-08 14:38:00,399dfec4-01ec-4e84-80b5-cb325d670571,700,28,728
e8314873-9675-4322-bd1c-155ccf32cdbd,9e01e8aa-e852-4d14-a1bd-a7099859350b,2022-12-08 08:30:00,399dfec4-01ec-4e84-80b5-cb325d670571,400,16,416
b6b6d6d6-0753-4973-beff-cbb88a51619c,6c61d1a8-d299-4add-a628-1e8840673829,2022-12-08 11:35:00,399dfec4-01ec-4e84-80b5-cb325d670571,700,28,728
cbe1aabf-1e00-4da4-bce4-91c1b627218c,40287d26-4302-43df-a5fe-13be8f368808,2022-12-08 19:41:00,399dfec4-01ec-4e84-80b5-cb325d670571,600,24,624
2305fc0e-1708-44ad-acd9-e01a6a2ab779,0e8e5ba3-41fa-49ca-97f4-c447a239e83f,2022-12-08 11:40:00,399dfec4-01ec-4e84-80b5-cb325d670571,0,0,0
8fa93c6c-97e0-4627-a4c6-9115d7bb3547,64db26a0-c128-4fd8-8d9d-7d6e8dca816f,2022-12-08 08:42:00,399dfec4-01ec-4e84-80b5-cb325d670571,700,28,728
4b569a18-2665-455a-ab4c-78463d3f5f3b,23c9d5aa-b7ac-43fe-9b34-95a885534f3f,2022-12-08 12:54:00,399dfec4-01ec-4e84-80b5-cb325d670571,400,16,416
42cdfb12-ed68-4e12-8665-a074c99c00d9,acd3eb6d-6b79-4387-b568-bbae749f77a3,2022-12-08 08:21:00,399dfec4-01ec-4e84-80b5-cb325d670571,700,28,728
b56a15b4-ea47-4ed6-a62a-2c70f9a2b9c7,bc67e790-4d24-486d-807f-451f765d80cd,2022-12-08 07:22:00,399dfec4-01ec-4e84-80b5-cb325d670571,400,16,416
ac49d1b3-1787-4c87-a8bf-59a5287a25d5,dad7706f-c7f1-48d1-b917-5c159cfffb63,2022-12-08 09:05:00,399dfec4-01ec-4e84-80b5-cb325d670571,700,28,728
f097a210-1d16-4717-a5ea-25988101c77a,0a355498-5161-4e43-a119-739ad47fce7c,2022-12-08 07:59:00,399dfec4-01ec-4e84-80b5-cb325d670571,600,24,624
45f30643-10eb-4f47-b8fa-289ec787a5f0,e5c6f80d-f9e5-4adb-9e14-77344fadcb11,2022-12-08 07:44:00,399dfec4-01ec-4e84-80b5-cb325d670571,600,24,624
0fef06f6-ff0c-4832-b1e2-340d99592476,db76ab32-831a-4cda-966d-d6da473fe822,2022-12-08 09:54:00,399dfec4-01ec-4e84-80b5-cb325d670571,600,24,624
e1895492-939f-4aa2-aac5-bdaa0b92dccf,411d51f6-44fc-4bb3-b070-d4a8ebc1648e,2022-12-08 13:28:00,399dfec4-01ec-4e84-80b5-cb325d670571,0,0,0
1d77b423-12f0-4946-b742-f3b9236e462b,cdcb2920-cc0f-45c8-a08d-f245414cc4d1,2022-12-08 13:52:00,399dfec4-01ec-4e84-80b5-cb325d670571,700,28,728
4088f023-046e-4541-9848-190dafb7187b,166c3999-d2fd-4356-8470-fbf1029cab0c,2022-12-08 14:01:00,399dfec4-01ec-4e84-80b5-cb325d670571,1600,64,1664
71155fb2-39d8-42a6-8777-56ae3e7fe7b2,8d3da390-2ca0-4b6b-9ede-107ac967da0f,2022-12-08 11:59:00,399dfec4-01ec-4e84-80b5-cb325d670571,500,20,520
c32a7634-d221-4a63-82c2-9df1e2e73631,1970761e-30b2-4231-b0c4-e598194512e9,2022-12-08 07:32:00,399dfec4-01ec-4e84-80b5-cb325d670571,700,28,728
a52270c7-bd65-42b5-9435-38862ccf4c47,05717c12-ddbb-4d36-a0d8-f248cae6a710,2022-12-08 14:25:00,399dfec4-01ec-4e84-80b5-cb325d670571,1600,64,1664
a387fc75-3a6c-4fc5-98e3-65020f0dab21,3f44b8aa-7b06-4cbc-b5b8-62c759375abf,2022-12-08 07:20:00,399dfec4-01ec-4e84-80b5-cb325d670571,700,28,728
31be8ffb-d481-4035-916d-dbfeb6ae984a,e51c17e9-54d2-4d0d-951b-d2e942484e4a,2022-12-08 08:23:00,399dfec4-01ec-4e84-80b5-cb325d670571,600,24,624
0f2daa9c-936a-4539-8b58-215b5b7e3b95,661e7769-737a-4fea-9b2b-61f6ad5f730e,2022-12-08 08:21:00,399dfec4-01ec-4e84-80b5-cb325d670571,600,24,624
b2df2103-424e-44b1-b1c3-1778ac62d89e,52a20272-6bdc-4d6e-abb9-dabf740d6785,2022-12-08 15:47:00,399dfec4-01ec-4e84-80b5-cb325d670571,1900,76,1976
15ecc00d-8982-45b5-8343-9b3ab67869bd,925b1e7a-db75-46f3-8233-e9a0d1cd3eea,2022-12-08 07:58:00,399dfec4-01ec-4e84-80b5-cb325d670571,700,28,728
28d0ea1d-f3c9-4a86-b109-c5a71052a82c,a7b3a12d-695c-4f09-8f51-70f12068de94,2022-12-08 14:54:00,399dfec4-01ec-4e84-80b5-cb325d670571,2100,84,2184
ab2059c3-3ea5-4a3f-ae27-93922a23caa8,60314e03-083b-4c10-8481-e96147ef36b6,2022-12-08 07:46:00,399dfec4-01ec-4e84-80b5-cb325d670571,500,20,520
9d1a7bc2-7fe0-40e2-97b2-1b98cfa91c89,1e9b8783-1cf3-480c-ade5-2c44cee664c3,2022-12-08 10:55:00,399dfec4-01ec-4e84-80b5-cb325d670571,600,24,624
b6ed7697-6ba6-4e8b-8d34-f44c4a0c8cb9,0632018d-13b0-4b17-8c09-2355784aa5aa,2022-12-08 07:50:00,399dfec4-01ec-4e84-80b5-cb325d670571,600,24,624
6db64a91-cd00-4be1-be85-8ea35c995724,cbfe5614-8eaa-4e55-8eb0-280ca8c3b206,2022-12-08 17:11:00,399dfec4-01ec-4e84-80b5-cb325d670571,1800,72,1872
100fa9c7-8db9-497d-ab02-29a6586d47db,86e5e6c3-4891-4fc4-8c11-9b25569b7cdf,2022-12-08 16:04:00,399dfec4-01ec-4e84-80b5-cb325d670571,2000,80,2080
a06a41b4-feca-4c1c-888f-8b7b52665c16,463da9b3-4b76-4010-ac18-6f8dc077f5f0,2022-12-08 16:25:00,399dfec4-01ec-4e84-80b5-cb325d670571,2400,96,2496
eb8a0f0a-66e9-4790-8566-506bc76a13c0,6cc22f29-b88b-4f31-9982-e3fd61a88f01,2022-12-08 15:11:00,399dfec4-01ec-4e84-80b5-cb325d670571,600,24,624
ce72a516-b239-487e-9c5c-d365cec18905,5de2ad61-7d0f-4bd1-976c-54232ea6a2e7,2022-12-08 07:22:00,399dfec4-01ec-4e84-80b5-cb325d670571,500,20,520
8380def5-d676-4aa9-b342-4f691f74ae30,3bb49496-c584-4dca-96ec-46f242a9196e,2022-12-08 12:22:00,399dfec4-01ec-4e84-80b5-cb325d670571,600,24,624
66d64d22-9837-48b4-8558-2bffbee3fb8e,fbc8d614-e3eb-4407-a764-2523025a5ec8,2022-12-08 19:07:00,399dfec4-01ec-4e84-80b5-cb325d670571,1700,68,1768
b9ec252a-8be8-4dff-9334-5c1832746c50,adb373d5-a395-4255-97af-7d0c6cc6b076,2022-12-08 08:45:00,399dfec4-01ec-4e84-80b5-cb325d670571,700,28,728
327e03a1-d587-4fd4-a846-3d1570c97d09,af32d332-5348-4db7-b85e-10e8c869b09b,2022-12-08 10:53:00,399dfec4-01ec-4e84-80b5-cb325d670571,700,28,728
bb5a4142-f38f-47df-87fe-7488f0092b52,ec49d138-10a8-4728-b374-f0787bc58520,2022-12-08 14:27:00,399dfec4-01ec-4e84-80b5-cb325d670571,600,24,624
75163937-1cfd-4f16-83e7-c5e8cca86f6d,adb25cda-7b6a-40cf-b406-ad69754ee6b0,2022-12-08 08:17:00,399dfec4-01ec-4e84-80b5-cb325d670571,600,24,624
7e0d41d8-4486-42e0-be86-db725ad401c0,21682723-7ae2-4cfd-93c9-4947abb44c13,2022-12-08 10:00:00,399dfec4-01ec-4e84-80b5-cb325d670571,1600,64,1664
d37e54d2-8cdd-49cd-be7e-0e5c22ade157,5287ce91-88ed-4f3c-97ab-9e4b1a54601b,2022-12-08 16:24:00,399dfec4-01ec-4e84-80b5-cb325d670571,1700,68,1768
db7f4aee-c120-4e15-8cac-127fbaba705b,837b4aa0-c89e-4bd4-bb7b-eb47bb546bea,2022-12-08 09:34:00,399dfec4-01ec-4e84-80b5-cb325d670571,400,16,416
9e098ba3-9f78-4ea7-836e-a7e6708c9fef,2525b843-71b8-49bf-98a1-4233133347d3,2022-12-08 12:14:00,399dfec4-01ec-4e84-80b5-cb325d670571,1800,72,1872
dfe075f7-d949-47ff-898e-75c1f12d1c2d,6d815359-11dd-495a-8d4a-2a0b66de8bbf,2022-12-08 11:28:00,399dfec4-01ec-4e84-80b5-cb325d670571,400,16,416
fc79872b-ebb0-4e82-b246-9b20f1d09be2,0a1048f1-85cc-41f0-b631-2d395fc26b9a,2022-12-08 07:33:00,399dfec4-01ec-4e84-80b5-cb325d670571,600,24,624
413b55de-fdbb-414f-a4bd-3a7976a73509,34457f34-21b5-4789-9180-c774a318640e,2022-12-08 15:30:00,399dfec4-01ec-4e84-80b5-cb325d670571,1700,68,1768
aecbafd8-87fd-4d89-a1f8-0da655d773ee,74273d94-cbf1-411a-8df0-35a4b85b0681,2022-12-08 12:04:00,399dfec4-01ec-4e84-80b5-cb325d670571,1800,72,1872
6d1770f7-8750-4d31-9c70-451ea5a74be7,60d3b546-cebe-4f0e-af9e-e06c841f0d7b,2022-12-08 16:50:00,399dfec4-01ec-4e84-80b5-cb325d670571,1900,76,1976
eeb766e2-2f56-4619-b50b-eed1e8a12366,56283449-e2f6-4698-8bc2-66b1eb74eb69,2022-12-08 17:43:00,399dfec4-01ec-4e84-80b5-cb325d670571,1900,76,1976
8c10b83d-d944-41db-bd87-5fc318c77462,d367c7d7-7060-4d1d-b797-5d47b3ee4dab,2022-12-08 11:06:00,399dfec4-01ec-4e84-80b5-cb325d670571,700,28,728
dbe3061f-fae6-4354-96cd-69027f363e34,b46b4fb3-8cac-4fc1-b866-d8a3911e9ee6,2022-12-08 07:49:00,399dfec4-01ec-4e84-80b5-cb325d670571,600,24,624
ac086dc2-4837-41ea-8005-2e16715b008c,4fdc08de-573f-43d1-9124-2486a1325037,2022-12-08 18:31:00,399dfec4-01ec-4e84-80b5-cb325d670571,1100,44,1144
ea608172-6c34-4824-b6f7-a57f281ffab6,6d4c7874-f396-4603-9f6b-243c1b2f5249,2022-12-08 07:51:00,399dfec4-01ec-4e84-80b5-cb325d670571,500,20,520
b68ad8f3-efba-4759-bf34-a49922393c90,1fd4af81-2e12-4ed4-8893-dd4eaee5ae1a,2022-12-08 13:18:00,399dfec4-01ec-4e84-80b5-cb325d670571,500,20,520
4af10552-fb57-4536-b4db-7b8254ce07a9,8110a907-2edc-4649-85cd-fc46ec95ccb6,2022-12-08 15:25:00,399dfec4-01ec-4e84-80b5-cb325d670571,1600,64,1664
20d34764-b069-44dd-ac91-fd1567d18e57,b19ade62-28e0-4316-9ad0-505bd4086678,2022-12-08 12:13:00,399dfec4-01ec-4e84-80b5-cb325d670571,3600,144,3744
3aeaeebe-3371-4174-8c43-b835fa956462,32feea46-a436-43d4-b088-7f86ddf34e8f,2022-12-08 15:35:00,399dfec4-01ec-4e84-80b5-cb325d670571,1800,72,1872
86dcd1e0-01b1-4028-8cb0-b585883b22ec,1c7c3326-d10b-4cb5-8266-0d9638b1303e,2022-12-08 07:52:00,399dfec4-01ec-4e84-80b5-cb325d670571,600,24,624
d3ade8a6-2041-4254-808c-b150e213a439,2a9ba068-0857-4b4f-b8bf-2a98887be765,2022-12-08 09:58:00,399dfec4-01ec-4e84-80b5-cb325d670571,600,24,624
e4a5a585-6658-4927-8b94-ba168c657157,3750046f-1d16-4403-b390-b0daba002397,2022-12-08 08:19:00,399dfec4-01ec-4e84-80b5-cb325d670571,600,24,624
1e1c8387-60f7-4501-bdb6-b415626453b4,733c49b4-b2bb-4b79-8925-2f00ca5f792b,2022-12-08 11:36:00,399dfec4-01ec-4e84-80b5-cb325d670571,4100,164,4264
a426cba4-c297-4696-a399-c34058f26b87,e0b213d9-1768-4dcd-bf89-bcd54ccf63c3,2022-12-08 14:39:00,399dfec4-01ec-4e84-80b5-cb325d670571,1700,68,1768
3df4a180-d408-46e8-99e8-ea62d313d45c,706032a5-7ec5-4263-9b19-a692736a7b4d,2022-12-08 18:00:00,399dfec4-01ec-4e84-80b5-cb325d670571,2400,96,2496
d1784aa6-bf92-40d5-849a-7ac121de6054,c060f105-5ba2-4a34-b2d1-bd98d37213fe,2022-12-08 10:02:00,399dfec4-01ec-4e84-80b5-cb325d670571,600,24,624
30474436-a03a-45f5-b58e-a38e87f66681,d6d0eeb7-92ab-49be-a540-70ee3478c470,2022-12-08 10:49:00,399dfec4-01ec-4e84-80b5-cb325d670571,3900,156,4056
2aeecf14-e51a-4353-8a76-bf18d20c4e7d,53c74fc1-b133-42b2-a1e9-67c9bf047e1b,2022-12-08 09:27:00,399dfec4-01ec-4e84-80b5-cb325d670571,600,24,624
683dfc55-2a36-4484-a9e9-6985957ccead,34841c77-0ef1-4182-a690-bf7189924a9d,2022-12-08 09:41:00,399dfec4-01ec-4e84-80b5-cb325d670571,3800,152,3952
ed3d1dc6-1fc5-4892-9d55-7b6d9de07ec1,d7d55d7a-adfa-4bca-aca3-e8d9cdef2bbb,2022-12-08 08:15:00,399dfec4-01ec-4e84-80b5-cb325d670571,600,24,624
d6b923e9-e6bc-440e-8d60-7637f06c8573,e49a11b4-2626-4a77-8438-1b4631d3c8cb,2022-12-08 10:33:00,399dfec4-01ec-4e84-80b5-cb325d670571,2400,96,2496
9906b7d1-fcdd-4c73-8ec1-5fdf86a9c364,d9f1e50b-9f13-4b29-84b4-58bce0b318e9,2022-12-08 14:14:00,399dfec4-01ec-4e84-80b5-cb325d670571,500,20,520
5b38f68c-1a2d-4b7d-a6b0-b692d62a6acc,044533c1-2a6d-428d-9c51-24fecdb4ab49,2022-12-08 13:26:00,399dfec4-01ec-4e84-80b5-cb325d670571,1700,68,1768
f6f91c91-4684-4050-ba3b-ff966d94f770,ea90cf6c-55a0-4b3f-a71f-d545222e1f94,2022-12-08 07:58:00,399dfec4-01ec-4e84-80b5-cb325d670571,500,20,520
4f86d34d-5a85-4cb4-a51a-5a9ca29b23e6,efbc7b36-a08a-4e2b-b07b-10ba647ee226,2022-12-08 13:06:00,399dfec4-01ec-4e84-80b5-cb325d670571,1200,48,1248
4e98962f-a06f-4cbb-98c7-b1c52b35522e,ae7befdb-3eb2-46eb-be5d-57581dd6e1ce,2022-12-08 15:40:00,399dfec4-01ec-4e84-80b5-cb325d670571,1700,68,1768
0c171c84-3fcf-4963-b5b5-2e99d48ef5c7,9caba1bb-73eb-4a7f-a519-ad2cf648da6f,2022-12-08 08:19:00,399dfec4-01ec-4e84-80b5-cb325d670571,600,24,624
f3fa0c4d-9fbf-42e0-934e-5e982fbaae76,cecb29ab-71b2-4db2-aa1c-82bbaacba8b2,2022-12-08 08:26:00,399dfec4-01ec-4e84-80b5-cb325d670571,700,28,728
abed41bc-bca6-4c76-8426-52a9667c43dd,66c46797-fba8-4ed2-9d78-9f782204a10c,2022-12-08 15:36:00,399dfec4-01ec-4e84-80b5-cb325d670571,1600,64,1664
3ded0f39-ee30-4f68-b51a-acadbef3662b,59f6cd93-9ddb-4491-92fb-415d9f73dc7d,2022-12-08 07:55:00,399dfec4-01ec-4e84-80b5-cb325d670571,500,20,520
9e3492a9-f3ad-4c7f-a286-da7f968f11a1,df581c5b-e78f-4d3d-a853-428b70f3ff95,2022-12-08 12:48:00,399dfec4-01ec-4e84-80b5-cb325d670571,1000,40,1040
2fb844f9-c432-43dc-90f0-a4d05f3f3492,63bed2a4-3b22-40b0-ba56-8df88ee6c432,2022-12-08 16:20:00,399dfec4-01ec-4e84-80b5-cb325d670571,800,32,832
913961a5-1878-4f18-9cd2-6d81f516702d,df0ab0b8-fcfa-4c9e-8185-b51285182ccd,2022-12-08 08:15:00,399dfec4-01ec-4e84-80b5-cb325d670571,500,20,520
5d643256-0edb-4dc0-9cef-d09da2f7a24c,2a7e56cc-6b2f-40a0-a61f-27bf37a61463,2022-12-08 08:09:00,399dfec4-01ec-4e84-80b5-cb325d670571,500,20,520
c683d0ad-0c38-484a-9259-ff04a584bf1c,2cc18cd9-eca0-4f06-a2c9-5e6dc206500f,2022-12-08 11:56:00,399dfec4-01ec-4e84-80b5-cb325d670571,400,16,416
523b37b1-a31a-4649-b318-6f6a51394d5b,c2e46f89-14b1-43c3-ac54-bfa75042db0e,2022-12-08 13:46:00,399dfec4-01ec-4e84-80b5-cb325d670571,1900,76,1976
cbcd4a0b-c45a-464e-9f41-a89a16674b44,f6b29537-3df0-46dd-ac88-a11fc5036e04,2022-12-08 08:19:00,399dfec4-01ec-4e84-80b5-cb325d670571,700,28,728
e5b8adad-243f-4d63-86c3-734e6db81ddb,967a7022-3d32-4b50-b71a-bcf7644a97fc,2022-12-08 08:10:00,399dfec4-01ec-4e84-80b5-cb325d670571,500,20,520
79357cb0-f73d-42f1-8c71-cedea337a6f7,78642928-cbcd-48ba-bda3-d180d488a8c5,2022-12-08 17:03:00,399dfec4-01ec-4e84-80b5-cb325d670571,600,24,624
4f794e43-0366-45dd-9e3f-e63767ed56df,35d0363e-c8ef-4c15-bd00-9aac70b54e5d,2022-12-08 11:15:00,399dfec4-01ec-4e84-80b5-cb325d670571,600,24,624
faed873f-da8e-4f26-901f-228c7a59c055,d575cd71-0ddd-4bb1-8b77-0b5fde2bcd72,2022-12-08 10:06:00,399dfec4-01ec-4e84-80b5-cb325d670571,1100,44,1144
502159d1-bc87-480e-a86e-6f7f36b68281,54c06357-05bb-48e5-9b6a-e20fed5ec1e8,2022-12-08 07:00:00,399dfec4-01ec-4e84-80b5-cb325d670571,600,24,624
987bee36-2092-4ba2-b3ce-f84ef58bdeb8,55517e0f-2b21-41dc-8065-d5e01b41691d,2022-12-08 14:06:00,399dfec4-01ec-4e84-80b5-cb325d670571,700,28,728
93b0dc90-d30b-415f-84cd-c610fda3ce92,296f6a4c-2b3f-476b-854b-0d2c759eca2b,2022-12-08 07:57:00,399dfec4-01ec-4e84-80b5-cb325d670571,400,16,416
809e1cbf-2840-4faf-961c-7f1b144390db,72aeb592-96e3-45e7-aa05-21afbd37b13a,2022-12-08 13:28:00,399dfec4-01ec-4e84-80b5-cb325d670571,1700,68,1768
ccf274c2-903e-414f-bb6f-1e43bb10173a,22fca930-291f-4c23-a67f-13d00786a2cf,2022-12-08 07:41:00,399dfec4-01ec-4e84-80b5-cb325d670571,500,20,520
a7726bb7-a03f-4bf1-b140-accbff071cbd,9515927d-5691-4b7b-a235-dffd1b58ebd2,2022-12-08 08:08:00,399dfec4-01ec-4e84-80b5-cb325d670571,500,20,520
c42fde04-8c6f-4c2f-b595-1b3b2241099c,b6b02872-b0cd-4e89-abfb-465489960cd6,2022-12-08 08:47:00,399dfec4-01ec-4e84-80b5-cb325d670571,600,24,624
065b37c5-8aec-4dd6-83ce-b0558466ba6e,8b1d2bc3-ebe1-425b-903a-e41320247b12,2022-12-08 08:22:00,399dfec4-01ec-4e84-80b5-cb325d670571,700,28,728
e6c8ae49-0cb9-4e2c-9329-a91442b3c10a,9e56e04d-0188-40ad-af1a-57ca2a3831b1,2022-12-08 08:08:00,399dfec4-01ec-4e84-80b5-cb325d670571,500,20,520
0b97192f-b5c9-4269-b41a-cc7f67e3f11b,8642eec3-2ef9-4242-8bd3-867d12ebf55f,2022-12-08 17:20:00,399dfec4-01ec-4e84-80b5-cb325d670571,1700,68,1768
6f5b8112-6898-4ff8-8477-472e43dd591f,dae88525-0ebd-4798-b37f-dc8ee311646a,2022-12-08 17:26:00,399dfec4-01ec-4e84-80b5-cb325d670571,400,16,416
2fe73c9d-8d53-4c2f-8219-0392de39e871,a5eb7cf0-6759-473e-8bc4-6975697afa56,2022-12-08 18:46:00,399dfec4-01ec-4e84-80b5-cb325d670571,1800,72,1872
9db60de2-3b2d-40f0-947f-8b2496e6c56f,8c84dcd6-b688-4626-9015-e867dc2f3b84,2022-12-08 12:09:00,399dfec4-01ec-4e84-80b5-cb325d670571,500,20,520
2f11e037-b06d-4d4e-8f2b-dd472b43ee34,3b038156-d454-4b44-b32d-706f0f2da264,2022-12-08 17:13:00,399dfec4-01ec-4e84-80b5-cb325d670571,1800,72,1872
239516c6-757d-4926-9396-b95c54f6252b,c80f7422-fd62-4bf9-aa1f-e01de5afd158,2022-12-08 13:42:00,399dfec4-01ec-4e84-80b5-cb325d670571,600,24,624
9d8a2990-fe60-46a3-97e8-058c72bba1b9,affa333a-aadc-487a-8191-7eb17fc5d1a3,2022-12-08 16:30:00,399dfec4-01ec-4e84-80b5-cb325d670571,600,24,624
e15c7941-1732-4a0a-be23-d611c11f6a28,62ffd2c6-fb04-45b8-9953-aeaf4dc0e21b,2022-12-08 12:38:00,399dfec4-01ec-4e84-80b5-cb325d670571,400,16,416
00996db3-3cde-4ae2-ac80-c750c197778f,62535265-3e0d-4546-bd87-83f41ff4ab86,2022-12-08 11:09:00,399dfec4-01ec-4e84-80b5-cb325d670571,1100,44,1144
28eca959-8442-47ef-9036-1cdf529e3424,81f3d088-3350-4505-b96b-337f89915135,2022-12-08 12:35:00,399dfec4-01ec-4e84-80b5-cb325d670571,400,16,416
8c9c8779-44c1-4d6f-a20f-d05802c93921,792943df-db3f-4147-9a2e-52694cbb3f9f,2022-12-08 18:15:00,399dfec4-01ec-4e84-80b5-cb325d670571,600,24,624
644cafca-7e7a-4d71-83ee-46cdf25a48a4,1d2bee3a-184a-4cb2-80b3-1dce38b22d22,2022-12-08 08:32:00,399dfec4-01ec-4e84-80b5-cb325d670571,400,16,416
aae75499-c482-47a3-bc20-6efa99aea7b6,bed25d79-2540-4845-bba9-bf545aa212d5,2022-12-08 07:29:00,399dfec4-01ec-4e84-80b5-cb325d670571,400,16,416
c0364ded-c3f6-4174-a9a7-b9d0e9bda507,d48b8bc6-6b9c-4ea5-ba1f-178d499d6e3c,2022-12-08 07:27:00,399dfec4-01ec-4e84-80b5-cb325d670571,400,16,416
a22cfe13-53b8-421c-8c71-3d32fb303bda,6f365f6f-1754-4a30-bcde-ebbb019f50cb,2022-12-08 16:41:00,399dfec4-01ec-4e84-80b5-cb325d670571,1700,68,1768
cd5ae852-e692-4583-8467-947ee8986059,47202b7f-f02c-4fa7-bc76-f0a8a6c3c6f4,2022-12-08 16:35:00,399dfec4-01ec-4e84-80b5-cb325d670571,1800,72,1872
5fb30a92-e05a-428c-9766-f6fece7ea756,1a397e98-a315-410a-a7b9-84e908831ab2,2022-12-08 16:36:00,399dfec4-01ec-4e84-80b5-cb325d670571,1100,44,1144
dc514301-a9bc-446c-bbf7-eb12a9c77a23,42edd54e-81f6-441b-8544-03202ee1758b,2022-12-08 08:15:00,399dfec4-01ec-4e84-80b5-cb325d670571,600,24,624
36115c19-25f4-4b21-86cb-6064d2e1f0dd,31fb652a-56da-44e9-a049-706d14e65f47,2022-12-08 15:20:00,399dfec4-01ec-4e84-80b5-cb325d670571,700,28,728
787ec247-8da6-4439-88c8-e078513ab3ae,8eaa6afd-6912-40d4-89a5-25edd3277057,2022-12-08 07:44:00,399dfec4-01ec-4e84-80b5-cb325d670571,500,20,520
4aa6be7d-32ae-44cd-8660-244a0672bc3c,047917ca-7ab2-453c-9301-f95121c3fe26,2022-12-08 13:41:00,399dfec4-01ec-4e84-80b5-cb325d670571,600,24,624
e17e70b9-e75a-4f0b-9a89-506be3de4047,da1f4cec-6a00-4809-9474-e6f12290b50a,2022-12-08 08:18:00,399dfec4-01ec-4e84-80b5-cb325d670571,500,20,520
46a9b82c-8743-4cec-a09a-89172238a646,c30e2f33-d889-44eb-966b-5d322f423144,2022-12-08 12:10:00,399dfec4-01ec-4e84-80b5-cb325d670571,3600,144,3744
8a3ec795-284a-4c2f-b306-3863545255a7,b56a0893-d004-44c2-a04a-521e4c1e11b0,2022-12-08 11:14:00,399dfec4-01ec-4e84-80b5-cb325d670571,1700,68,1768
cd92af30-727c-4d42-b4c9-d292afb77a22,d2bca176-3811-48af-8634-7e79b1e71005,2022-12-08 07:59:00,399dfec4-01ec-4e84-80b5-cb325d670571,400,16,416
5437eb46-2363-4492-974e-733854c11fe3,aa619249-0107-432a-b657-1cd8066c6cf1,2022-12-08 07:40:00,399dfec4-01ec-4e84-80b5-cb325d670571,600,24,624
2c62b90a-7b5c-492f-8056-480c9ba1d77f,8a30d95d-a13d-4ac7-94bd-492255495aa0,2022-12-08 07:44:00,399dfec4-01ec-4e84-80b5-cb325d670571,600,24,624
276e06e2-3167-488f-a846-1eb86d288cbd,e8433fb9-0159-4aab-891c-4ccd4936cda3,2022-12-08 13:27:00,399dfec4-01ec-4e84-80b5-cb325d670571,700,28,728
9d9ee355-6ef3-4513-8578-23a79a57898f,e2bedf8a-634e-43af-b513-b95022189a9b,2022-12-08 08:58:00,399dfec4-01ec-4e84-80b5-cb325d670571,1800,72,1872
f03ce0b0-08b7-4f7a-9718-ed039aacadc2,c2122736-645f-4e2c-8798-f50a038cd3ac,2022-12-08 07:35:00,399dfec4-01ec-4e84-80b5-cb325d670571,600,24,624
f9e5104b-d464-445f-8481-13be7897a6a3,80ca21f8-93e5-495d-bb56-054227484bee,2022-12-08 08:16:00,399dfec4-01ec-4e84-80b5-cb325d670571,600,24,624
e24412cf-c018-44e2-8e36-cc7eb4241fe5,78786d33-bad0-48cc-beb9-8f5be69b253a,2022-12-08 13:39:00,399dfec4-01ec-4e84-80b5-cb325d670571,500,20,520
c632416e-4574-45d6-95b3-246414c305d7,5bb752b3-5573-49ec-9b51-ff172225861c,2022-12-08 07:50:00,399dfec4-01ec-4e84-80b5-cb325d670571,0,0,0
6b83a8ec-910b-4975-9e73-958cd30bc168,c5eee5d1-adab-4f6c-b0f6-f734e29aaeb9,2022-12-08 18:25:00,399dfec4-01ec-4e84-80b5-cb325d670571,1500,60,1560
78368091-1558-47fb-9235-7e6d6d4ad6f8,31bcc2b0-1949-4bf8-b3a1-bba8b307b63b,2022-12-08 13:11:00,399dfec4-01ec-4e84-80b5-cb325d670571,1800,72,1872
79c71252-cf4c-4c4f-9f97-f751cbabe9a9,02d95fd6-1019-4486-b901-bb53f5b8a321,2022-12-08 08:08:00,399dfec4-01ec-4e84-80b5-cb325d670571,600,24,624
12b9f134-c923-4466-b03b-0db4852f88b1,bfc3820c-66de-4a51-910b-4ddc3d9ccc64,2022-12-08 13:31:00,399dfec4-01ec-4e84-80b5-cb325d670571,400,16,416
1c7f8ef0-58b0-4b36-8263-cc810f326080,386340af-6088-4f1f-ae02-2c9b5354c3a8,2022-12-08 13:55:00,399dfec4-01ec-4e84-80b5-cb325d670571,0,0,0
f333c1b3-605e-4741-a7e2-c5d407788645,f562c197-2120-4bc3-ad48-f86f3af31d93,2022-12-08 10:55:00,399dfec4-01ec-4e84-80b5-cb325d670571,1300,52,1352
7c81b174-cbb4-4ff2-9f26-47423a2e4918,9d5d41c1-38c8-4da6-9be9-23487ec0ea78,2022-12-08 14:27:00,399dfec4-01ec-4e84-80b5-cb325d670571,400,16,416
316189f0-7dc4-499d-80c8-7bca27fe2a3a,4e2f586d-21cc-44d0-8ba0-0ab553f89593,2022-12-08 09:05:00,399dfec4-01ec-4e84-80b5-cb325d670571,500,20,520
912a5855-c3e3-4f3f-9531-cd10af27ee63,1f318b87-a217-4382-9920-052ed8c34a02,2022-12-08 14:56:00,399dfec4-01ec-4e84-80b5-cb325d670571,600,24,624
4286bbd5-f78a-4b2c-b2dd-f0809eb4e71b,8e38740b-b208-41d8-842e-1d3adbc0061f,2022-12-08 19:23:00,399dfec4-01ec-4e84-80b5-cb325d670571,1200,48,1248
a2dff3e6-4f52-48f1-a3cc-bca664c06f45,8ca41c27-cf82-46d7-a704-e9548ff9b94d,2022-12-08 14:48:00,399dfec4-01ec-4e84-80b5-cb325d670571,1800,72,1872
74bdf6b0-eab4-450a-9f87-9a5d93c72a5f,6fe3333d-6a89-4f8d-8dc0-da6859f4e921,2022-12-08 08:38:00,399dfec4-01ec-4e84-80b5-cb325d670571,600,24,624
3e223240-82bf-4aba-b1cf-ccad3ee001fb,4c7de6c4-7bb8-4a14-a7e5-7073faf72cfe,2022-12-08 16:42:00,399dfec4-01ec-4e84-80b5-cb325d670571,500,20,520
52a49204-cea9-4b32-bdff-58387b1da304,c1bf2415-c749-4874-b0ba-09b667d1e1c7,2022-12-08 11:20:00,399dfec4-01ec-4e84-80b5-cb325d670571,2200,88,2288
ef1ddf3f-4324-4c07-85df-dfe06cda33d9,4c902353-eb78-41c4-bdea-e19c5de3d638,2022-12-08 17:38:00,399dfec4-01ec-4e84-80b5-cb325d670571,1700,68,1768
a4982fe0-fbe7-435d-a4f3-5e5cf834afdf,f9617f0b-4e19-49f8-a48b-8195da86f70c,2022-12-08 16:43:00,399dfec4-01ec-4e84-80b5-cb325d670571,1500,60,1560
7e89f58d-9b2a-41d5-8786-c51f5c4a7c10,a027cde1-ec2d-4458-847a-97019eb00598,2022-12-08 12:57:00,399dfec4-01ec-4e84-80b5-cb325d670571,2400,96,2496
3ec7466b-7df0-43a8-8ab2-b19aa7a681a5,35c48889-9128-49d3-8202-144e3434c195,2022-12-08 07:45:00,399dfec4-01ec-4e84-80b5-cb325d670571,600,24,624
22ffe263-016e-4ab0-b7bd-beeaebf65cc6,66356bfc-72ef-4d2c-bc16-577d3a57383a,2022-12-08 12:36:00,399dfec4-01ec-4e84-80b5-cb325d670571,600,24,624
eb32164b-d99e-4ead-ad7c-8df213f795b3,337caee2-578d-4ff8-8415-bdd171629624,2022-12-08 07:32:00,399dfec4-01ec-4e84-80b5-cb325d670571,600,24,624
ce277088-0d14-4a5d-a9c5-0194cdf0f0f1,f5c4c3cb-5637-4cda-9b83-fd6d23e3269e,2022-12-08 15:18:00,399dfec4-01ec-4e84-80b5-cb325d670571,1600,64,1664
cbaedb4c-a099-4456-8857-6593202f1532,df7ab85e-a71c-404b-a801-79763e8311d0,2022-12-08 08:03:00,399dfec4-01ec-4e84-80b5-cb325d670571,600,24,624
82920439-7db9-4a1f-ba49-074785e58aef,56523397-5a78-44eb-8c6e-4f63400a088e,2022-12-08 08:01:00,399dfec4-01ec-4e84-80b5-cb325d670571,400,16,416
2311463c-76b7-40b3-9d40-a7db4047cc49,3fd9454f-29e8-4ea8-8fba-538c0c968c03,2022-12-08 17:28:00,399dfec4-01ec-4e84-80b5-cb325d670571,2000,80,2080
cdd5d654-6fbc-4351-b2fc-1e2432a93975,b9892ed8-d7b1-4b54-8ca3-f2eff400a3a2,2022-12-08 08:24:00,399dfec4-01ec-4e84-80b5-cb325d670571,400,16,416
95c08c15-89a8-4187-92c7-cd2359238c31,629f5d40-70a3-46cc-aa4e-e07f822098ad,2022-12-08 07:31:00,399dfec4-01ec-4e84-80b5-cb325d670571,600,24,624
ea751f8f-1a6c-4a81-a25b-10b6b01fa199,7a2ce05d-aa5b-4c52-95e2-fad4eea5312d,2022-12-08 13:01:00,399dfec4-01ec-4e84-80b5-cb325d670571,700,28,728
874713f4-fd5e-4e06-9388-46e94d8d1731,01ad5e63-5943-467e-a1d9-f9658ba260eb,2022-12-08 08:29:00,399dfec4-01ec-4e84-80b5-cb325d670571,500,20,520
5ddab3e0-2f0f-4037-a185-6fddf5f65cdc,ae2fbb8f-0ed4-4a44-9b72-66606afefc2a,2022-12-08 15:39:00,399dfec4-01ec-4e84-80b5-cb325d670571,4300,172,4472
ceeb568c-5823-4a9c-a4b8-36c99ec699f9,3ba017e1-3de6-4cf0-986b-4e215573508b,2022-12-08 13:26:00,399dfec4-01ec-4e84-80b5-cb325d670571,600,24,624
1a3c923a-5e30-471a-b194-a91421424622,d787287a-9b36-46ee-8c9a-3425302d81bc,2022-12-08 07:55:00,399dfec4-01ec-4e84-80b5-cb325d670571,600,24,624
db0118bc-e2e5-4698-a975-06dea1b0de78,f8fa33a8-b390-4666-87a1-cebd987d2dee,2022-12-08 08:53:00,399dfec4-01ec-4e84-80b5-cb325d670571,700,28,728
8db9d28e-2977-4cec-ad2a-0fa8f8665973,4820e533-6ef9-474a-93c4-7d85c2f425a1,2022-12-08 19:18:00,399dfec4-01ec-4e84-80b5-cb325d670571,500,20,520
1eca6a7b-7a26-4ce7-b647-0f9f1a326e97,c1aa660d-8170-481b-b06b-b8fd060c8140,2022-12-08 10:24:00,399dfec4-01ec-4e84-80b5-cb325d670571,4600,184,4784
805f62cf-bee7-45bd-9ac6-df00d23fd9e3,e1e9b8c7-d134-4c0b-bcaa-e9fe90851348,2022-12-08 15:50:00,399dfec4-01ec-4e84-80b5-cb325d670571,1200,48,1248
fae72721-094f-4397-a844-62c5e0d7004e,fe5970a8-ffd4-4560-8321-418435f93f1d,2022-12-08 08:10:00,399dfec4-01ec-4e84-80b5-cb325d670571,500,20,520
c7362d32-7259-4934-b227-9e952d288af1,175b56d1-f0a1-4312-80d4-933a026c0757,2022-12-08 08:23:00,399dfec4-01ec-4e84-80b5-cb325d670571,600,24,624
0d14a852-9b74-4e60-bce0-bd9178083c7e,4258d2e3-929f-4c61-9d8a-ecfbebf28309,2022-12-08 12:56:00,399dfec4-01ec-4e84-80b5-cb325d670571,700,28,728
4402ee5d-4918-4c7d-bb1e-5b924cd7eea9,393e344b-01f0-4b0f-8532-6a69f5448868,2022-12-08 07:25:00,399dfec4-01ec-4e84-80b5-cb325d670571,700,28,728
bd537cc9-32b2-410a-82bf-b3a2d5f7c372,f7e7396b-020c-4ce3-876c-1598ff603f5c,2022-12-08 14:03:00,399dfec4-01ec-4e84-80b5-cb325d670571,1300,52,1352
3fd0a47c-7312-492f-b892-e87635d09c02,88d6b3c9-5501-4dcc-8870-88d2b5a7d2b7,2022-12-08 07:39:00,399dfec4-01ec-4e84-80b5-cb325d670571,400,16,416
401d9680-c790-4fb4-852e-ada432325aa8,56ca389d-e4ed-4ef5-aad9-06921244e5fa,2022-12-08 12:15:00,399dfec4-01ec-4e84-80b5-cb325d670571,1700,68,1768
6a8df671-f572-4ced-833f-c54111d732f0,c60b2684-3387-4c5b-9304-ce101427a10e,2022-12-08 07:53:00,399dfec4-01ec-4e84-80b5-cb325d670571,700,28,728
6ae211f1-7c39-46ba-9ce7-28611b6d1e27,190fbfa8-42b6-49cb-bfa2-1f3fa4d2b6c9,2022-12-08 11:18:00,399dfec4-01ec-4e84-80b5-cb325d670571,1800,72,1872
b3c35d99-4392-45b5-b71a-14d243574f10,bbd4a2a1-6d78-49be-847b-042067ac5461,2022-12-08 09:24:00,399dfec4-01ec-4e84-80b5-cb325d670571,1900,76,1976
192d751b-5737-4618-8c06-ea51cb4652ef,6ebef4bf-63b8-4e88-a3ee-5371e37ad7d2,2022-12-08 13:27:00,399dfec4-01ec-4e84-80b5-cb325d670571,600,24,624
712658c2-a48c-429a-bb81-9e2699e2e7a9,d47ee806-33f9-40d8-82a9-6f70032affaf,2022-12-08 15:25:00,399dfec4-01ec-4e84-80b5-cb325d670571,1800,72,1872
63defda8-feba-47bc-9244-6be2796a9604,5d3136b5-04d4-48ff-a1bb-e79686ef32d5,2022-12-08 07:52:00,399dfec4-01ec-4e84-80b5-cb325d670571,1800,72,1872
9a78d007-1cf9-4103-ade3-86c4f229163d,874debbd-986d-4578-8143-0637382cad0d,2022-12-08 13:45:00,399dfec4-01ec-4e84-80b5-cb325d670571,400,16,416
872aa21a-5e5a-4f0f-af37-a4701399857f,49c762bb-3c37-4b70-89e7-915b46aea67e,2022-12-08 07:00:00,399dfec4-01ec-4e84-80b5-cb325d670571,1100,44,1144
1fc57153-3e7b-4255-a700-da8fd2d62494,82490db6-c9bd-4a9c-a119-f07fbf6a46b5,2022-12-08 08:32:00,399dfec4-01ec-4e84-80b5-cb325d670571,600,24,624
08b14c6b-1fad-4d95-8ae7-0337c183c23a,6be14bf4-3d0e-4952-bf65-4c65a84d6317,2022-12-08 08:07:00,399dfec4-01ec-4e84-80b5-cb325d670571,500,20,520
e86f526e-113d-484d-bd18-ee80b6cddd02,58ad3080-6386-4389-b206-731a5696a3b1,2022-12-08 18:21:00,399dfec4-01ec-4e84-80b5-cb325d670571,600,24,624
107f4d3a-4ec0-4964-a601-1b28466f54cd,c1b18263-70bc-4b00-99a6-4f17212b6651,2022-12-08 12:54:00,399dfec4-01ec-4e84-80b5-cb325d670571,400,16,416
6d8247bd-3546-4faf-846d-ab662e385d2b,638b7677-d131-4292-886e-bf9c8d6b99ba,2022-12-08 07:56:00,399dfec4-01ec-4e84-80b5-cb325d670571,700,28,728
d47252c3-a7f7-4496-a50c-b2d0d27885c3,7f2bc1a6-5b0e-4be8-8a21-d5c3591749cb,2022-12-08 17:53:00,399dfec4-01ec-4e84-80b5-cb325d670571,600,24,624
ab2152c0-25ec-4fc5-aa65-d544926b1ffe,f256cbdd-6aa1-4b99-a1c6-9ab67f9c3223,2022-12-08 17:24:00,399dfec4-01ec-4e84-80b5-cb325d670571,600,24,624
4f44440f-2d6c-41f6-aee9-d38bb17b332a,3dfec5a1-2732-414d-82de-29395c432266,2022-12-08 08:09:00,399dfec4-01ec-4e84-80b5-cb325d670571,600,24,624
71d54cf5-6071-4ecc-a9b5-b06739c7522e,e9ef1eb3-db11-4e4b-b0f6-55acc47d73e7,2022-12-08 13:08:00,399dfec4-01ec-4e84-80b5-cb325d670571,1800,72,1872
03ed3b42-9427-409a-9ada-ef9e9917e7ee,d4b10640-7bc3-4058-80e9-f6ec9935faa6,2022-12-08 15:32:00,399dfec4-01ec-4e84-80b5-cb325d670571,600,24,624
84648c1c-67b7-4f3b-a18d-18098e032b05,aedc9d0d-f54d-4c7a-8d16-6a64d34917c1,2022-12-08 14:22:00,399dfec4-01ec-4e84-80b5-cb325d670571,1800,72,1872
e5d8ee16-b868-4aff-a5d9-e97edc23ddf3,87d299e0-d1b9-48df-9374-deebc903fcec,2022-12-08 13:53:00,399dfec4-01ec-4e84-80b5-cb325d670571,2400,96,2496
5ffcefea-709c-4185-a58a-afe25c1d5b3a,b741bbdf-2063-4577-a506-c8982e3a0323,2022-12-08 08:08:00,399dfec4-01ec-4e84-80b5-cb325d670571,500,20,520
55f36f2a-b320-42e0-a2ac-8a8b0cdd8142,47102ecf-be37-4a37-adaa-b5ed933ebf2a,2022-12-08 16:16:00,399dfec4-01ec-4e84-80b5-cb325d670571,600,24,624
15a08d17-8676-48b8-a78e-54dc37efed44,7b4451d7-07ec-4286-8bfa-d625ce343ee2,2022-12-08 12:05:00,399dfec4-01ec-4e84-80b5-cb325d670571,1100,44,1144
bca5e293-4fa6-478e-a622-d64e18e63e01,573450ad-16f9-4e5c-a6e9-42642ecc2093,2022-12-08 10:57:00,399dfec4-01ec-4e84-80b5-cb325d670571,1900,76,1976
2a29459d-977e-4280-8fc9-ae506b54354e,3e144863-036b-4f7e-8ab5-d3d4a50195f7,2022-12-08 16:39:00,399dfec4-01ec-4e84-80b5-cb325d670571,400,16,416
3570b0ea-6cb2-4925-9321-ded82c0753c5,3c6cf4c6-49bc-4e6c-901f-ebf9af01ee6c,2022-12-08 08:23:00,399dfec4-01ec-4e84-80b5-cb325d670571,500,20,520
42ac9147-30bd-44d1-8009-12cb4f941264,37bd0e89-13c9-413d-bad1-249eebfd1bd3,2022-12-08 10:49:00,399dfec4-01ec-4e84-80b5-cb325d670571,600,24,624
8eb88442-c708-4251-9ef7-f2963d92620c,45ae3232-9552-4065-a1aa-8b670e5a0dfa,2022-12-08 15:29:00,399dfec4-01ec-4e84-80b5-cb325d670571,700,28,728
88f1230a-8ba3-4ed6-b01d-52fff1aa62ed,bb9d7ade-1359-411a-b0e7-e27c37588d1c,2022-12-08 08:19:00,399dfec4-01ec-4e84-80b5-cb325d670571,400,16,416
df4104af-f4d6-469f-ab69-8c36e9fcb005,4f61cbd1-9a7f-481c-9f5c-ceb21aa6e571,2022-12-08 16:26:00,399dfec4-01ec-4e84-80b5-cb325d670571,1900,76,1976
5691be92-4634-495d-95b6-14d62f77377a,269df0b9-75f1-4f95-b858-ab8527a08573,2022-12-08 17:10:00,399dfec4-01ec-4e84-80b5-cb325d670571,600,24,624
0fe03d53-f21f-466a-af36-0d32f0ea2ecc,90c4aa98-bd75-46e4-b7ee-0d5e3c7d7e57,2022-12-08 10:17:00,399dfec4-01ec-4e84-80b5-cb325d670571,1300,52,1352
d343354d-40e5-4dda-a787-fffe9c860f98,a357ce93-5d89-46aa-a14e-af795d356c1f,2022-12-08 10:43:00,399dfec4-01ec-4e84-80b5-cb325d670571,2400,96,2496
cf20a2a7-edef-495f-ad9c-460ffce3474b,419d1cd0-c9ee-4c57-9ce9-f01e6a0c4637,2022-12-08 07:48:00,399dfec4-01ec-4e84-80b5-cb325d670571,500,20,520
0d1ad359-3e4e-4d58-9a6b-6c57b28ce9df,9385e880-136f-4853-bb94-87d293e455f9,2022-12-08 18:56:00,399dfec4-01ec-4e84-80b5-cb325d670571,1700,68,1768
7fb63468-56a0-4c48-a86d-a427b4af3959,094b3055-b2cc-40f4-beaa-4b479baede47,2022-12-08 13:50:00,399dfec4-01ec-4e84-80b5-cb325d670571,500,20,520
877d5ced-1658-4016-928e-09009254d6a6,9350c210-10a7-4b2f-ba74-5f52c9f4319b,2022-12-08 09:26:00,399dfec4-01ec-4e84-80b5-cb325d670571,2100,84,2184
917ffe95-8fa2-4056-a589-1cb4bee4a909,2e115436-fac0-48c1-8088-4a199e32aeb8,2022-12-08 08:26:00,399dfec4-01ec-4e84-80b5-cb325d670571,600,24,624
faee3bb7-92ed-43ad-98f9-b90cbd4ed416,b5cf197e-940c-48e2-b168-b2b93b207616,2022-12-08 09:31:00,399dfec4-01ec-4e84-80b5-cb325d670571,400,16,416
e933e6c6-c7f7-4341-82f4-72608d22beb2,0be01822-b3ad-436b-8a28-31a7c0cca801,2022-12-08 12:48:00,399dfec4-01ec-4e84-80b5-cb325d670571,1200,48,1248
02ca5ca7-9c03-4ec5-ba78-c16cf3ed3ed7,c0f66bfa-64b7-407a-bdba-c8e6d01367c8,2022-12-08 13:33:00,399dfec4-01ec-4e84-80b5-cb325d670571,500,20,520
7a4dc4c0-5e4e-4152-bf5a-da23c4ffdf95,3a49ef30-840a-49cf-9af7-2950d5d6314b,2022-12-08 17:16:00,399dfec4-01ec-4e84-80b5-cb325d670571,700,28,728
e7829948-d584-43ad-be8a-976d309676c3,1cf7c15b-9c7e-4885-9240-b1459da8b9d3,2022-12-08 11:20:00,399dfec4-01ec-4e84-80b5-cb325d670571,500,20,520
4498edcc-414c-4cd1-bad6-90f001f5d6ef,60a8ecd6-8c8f-4548-a548-223aa3c4717f,2022-12-08 08:13:00,399dfec4-01ec-4e84-80b5-cb325d670571,600,24,624
c0e18587-6b83-44e7-9322-6820d542c70a,9f087b1a-7a86-434b-8ca0-08a841b45429,2022-12-08 07:11:00,399dfec4-01ec-4e84-80b5-cb325d670571,400,16,416
e0d4b342-d1bf-4862-9f22-3bc9613baa5c,b259e63d-c998-4f0c-ab7f-8d3a22fd7aa7,2022-12-08 14:18:00,399dfec4-01ec-4e84-80b5-cb325d670571,600,24,624
9769e270-35ba-465c-ba6f-b92708d4d272,6fadd350-0f6a-4d1d-bedc-1227fa69f959,2022-12-08 08:25:00,399dfec4-01ec-4e84-80b5-cb325d670571,600,24,624
8d95cc74-5e7a-4b98-a86a-f970c371fef2,d21877bf-b729-4e1d-bc29-a1f08b1cece4,2022-12-08 15:31:00,399dfec4-01ec-4e84-80b5-cb325d670571,500,20,520
22837449-3439-413d-8e67-91b4739491a8,d7be0311-c786-4146-a16e-26ffa7c8db08,2022-12-08 12:09:00,399dfec4-01ec-4e84-80b5-cb325d670571,600,24,624
f03787b3-cfca-4170-bb18-504def246a71,0cc755c0-0f54-4056-ae9a-18f3670a8c41,2022-12-08 15:36:00,399dfec4-01ec-4e84-80b5-cb325d670571,400,16,416
2eb4e311-2314-4344-a023-7da324bfc9d7,5df5dc39-24da-42e2-b37a-b4d4018ed856,2022-12-08 15:18:00,399dfec4-01ec-4e84-80b5-cb325d670571,600,24,624
bbd52d7f-5a43-4b45-a2ad-49027c0fcff7,21b796ce-f7e3-447f-b2fc-b7ab9e3f0d85,2022-12-08 15:53:00,399dfec4-01ec-4e84-80b5-cb325d670571,1600,64,1664
6f163efd-ff1c-41b7-806a-b91e24be8da4,5e65c6d6-a81f-4cee-b034-51aa45e41b4e,2022-12-08 08:38:00,399dfec4-01ec-4e84-80b5-cb325d670571,400,16,416
79d368c8-ac0e-4412-b634-34c310c1d8f9,e4c49a66-027e-4b84-b22c-e8d611b19dc2,2022-12-08 12:44:00,399dfec4-01ec-4e84-80b5-cb325d670571,400,16,416
e3a9902e-f264-439f-8b85-43877ee274e6,408711a0-3260-472a-86c1-07325f01dad7,2022-12-08 07:00:00,399dfec4-01ec-4e84-80b5-cb325d670571,700,28,728
2061c10f-9a95-465d-8740-8279054699d2,749e2083-d8e9-4bad-aa5b-548cf20a6c12,2022-12-08 11:39:00,399dfec4-01ec-4e84-80b5-cb325d670571,600,24,624
fd23b20e-6b12-4016-ae5d-dddf38ab48a4,6f03b818-c7d4-4b58-9d22-0b2e4f095638,2022-12-08 15:22:00,399dfec4-01ec-4e84-80b5-cb325d670571,600,24,624
dda50ee5-9860-4b3f-a018-05c18800b824,422fefa1-9b72-4fdf-a2f6-6d5936e922d3,2022-12-08 13:30:00,399dfec4-01ec-4e84-80b5-cb325d670571,2700,108,2808
e71e7dec-7112-4b08-92fa-89c86119ba82,7ff9d476-6e5a-4127-b544-2e2d564cb581,2022-12-08 15:55:00,399dfec4-01ec-4e84-80b5-cb325d670571,700,28,728
cc311edf-4b25-493b-bb5e-9472ea1a92ee,18c151b5-773c-4339-a7b0-5088adfe0740,2022-12-08 10:52:00,399dfec4-01ec-4e84-80b5-cb325d670571,2300,92,2392
ebc7eb6d-2152-4727-b6dc-9add1a9f95d5,06428c6a-1380-424a-b43e-4531141be890,2022-12-08 07:56:00,399dfec4-01ec-4e84-80b5-cb325d670571,600,24,624
3a050350-a303-4be7-b4e0-db372df7f53e,347937b1-a1e4-465a-8806-694910b7f61d,2022-12-08 08:17:00,399dfec4-01ec-4e84-80b5-cb325d670571,600,24,624
f217e704-78de-42e7-a45e-76b0bb1e36fc,8084dcf9-bad2-43a6-8b42-48d6d3918cf6,2022-12-08 13:10:00,399dfec4-01ec-4e84-80b5-cb325d670571,700,28,728
08f74a86-a580-4814-93ca-21a37290af41,32074f1f-acff-4079-893d-b5ad4572a8c4,2022-12-08 15:41:00,399dfec4-01ec-4e84-80b5-cb325d670571,1500,60,1560
0cad8d1a-33b8-457a-992c-cd4f584fc624,81accf64-8081-482a-ba4f-b9ab41a42f91,2022-12-08 15:33:00,399dfec4-01ec-4e84-80b5-cb325d670571,1700,68,1768
90853bea-f801-4125-8e82-18da2937dcca,16b577c9-c1e2-4734-82e4-ca1c0c0fa7c3,2022-12-08 15:10:00,399dfec4-01ec-4e84-80b5-cb325d670571,500,20,520
0f98153e-a1d5-4a31-8123-44f0e1eec7bd,c8f546ab-e1bc-475e-951f-b7d04fedfd6c,2022-12-08 10:03:00,399dfec4-01ec-4e84-80b5-cb325d670571,700,28,728
fffbeeae-d707-4f30-862b-77d4b50cfb38,372b862f-2875-4256-a3ad-90a3f9022324,2022-12-08 14:53:00,399dfec4-01ec-4e84-80b5-cb325d670571,700,28,728
5dbc04a3-9476-482b-bc28-e73353220893,5df40cff-214e-4d3c-a396-ebefd20fb640,2022-12-08 11:55:00,399dfec4-01ec-4e84-80b5-cb325d670571,1900,76,1976
6dab7711-92bc-4e2e-8383-bb0b2952d022,bfc8a6f1-55b6-4f9b-b049-f0bc3483043f,2022-12-08 14:24:00,399dfec4-01ec-4e84-80b5-cb325d670571,1200,48,1248
735ba387-d643-4f40-b1a1-55ab66768cf0,0c09e98e-c49b-4490-bccd-36d7bbf30674,2022-12-08 13:20:00,399dfec4-01ec-4e84-80b5-cb325d670571,3600,144,3744
1bc40c0c-d932-4896-a8f8-14b4b04c4041,0b7b056b-c902-4224-87b7-f0310af14cd2,2022-12-08 07:02:00,399dfec4-01ec-4e84-80b5-cb325d670571,700,28,728
c46e28e0-fbef-4bd1-8e95-4dadf931c4e0,e467d5f6-66ab-4541-a74a-f1ba6235240e,2022-12-08 14:25:00,399dfec4-01ec-4e84-80b5-cb325d670571,600,24,624
4add2356-5f40-4a3c-96ad-afdd8240d995,49d45173-97fb-46fa-b7ab-351eade2898d,2022-12-08 09:03:00,399dfec4-01ec-4e84-80b5-cb325d670571,700,28,728
935dc1c6-0b79-4793-85f7-29404e2ef4c9,7e04fe6b-5f22-46bc-b418-22d60ac811c0,2022-12-08 07:18:00,399dfec4-01ec-4e84-80b5-cb325d670571,500,20,520
93c2b9ad-9873-496c-940d-1384c886a819,c277e494-ed67-421f-9c0a-78ec662fc165,2022-12-08 17:18:00,399dfec4-01ec-4e84-80b5-cb325d670571,700,28,728
42858b51-f0ca-4a6c-9adb-9096d6361ae5,3f28bdb7-15a1-4281-8a5c-4c2c2f849c7d,2022-12-08 14:43:00,399dfec4-01ec-4e84-80b5-cb325d670571,1800,72,1872
b2370141-6a9b-45eb-8fd5-419d8828d7d1,996a6380-67cd-421a-8260-817f6575b769,2022-12-08 08:11:00,399dfec4-01ec-4e84-80b5-cb325d670571,600,24,624
27b9a69c-f0d3-419d-8578-8693206aaac2,d5fbd31a-52ec-4888-a8e9-72d82db651a8,2022-12-08 16:50:00,399dfec4-01ec-4e84-80b5-cb325d670571,600,24,624
80e41e35-78e7-440f-ac8e-f326ee194fb2,130e18e8-70ab-44f4-8e32-4df8ec29ff4b,2022-12-08 12:04:00,399dfec4-01ec-4e84-80b5-cb325d670571,500,20,520
603ee763-4d31-4848-9720-5acac561a99d,254bfb81-7794-44ad-ad06-d37904bf0e24,2022-12-08 11:47:00,399dfec4-01ec-4e84-80b5-cb325d670571,600,24,624
d73bed2d-a30f-467c-8298-3ce530925040,b255511e-5860-44d3-9bc8-07434bb0377c,2022-12-08 07:51:00,399dfec4-01ec-4e84-80b5-cb325d670571,600,24,624
a4a49a60-c72c-4636-85cb-0bea1ddd4ce7,a4bba0f7-6122-4743-ac59-f8ba8c5a721a,2022-12-08 11:41:00,399dfec4-01ec-4e84-80b5-cb325d670571,1700,68,1768
9c7e8259-3925-49cd-bb60-9d58ca9fa06e,0b8d755b-5279-44f7-bac8-81c2738b1111,2022-12-08 07:38:00,399dfec4-01ec-4e84-80b5-cb325d670571,600,24,624
0aadc7ab-2d3c-456b-ba5f-706ea1756964,58ce6298-8492-452a-9f99-a55d99e454e4,2022-12-08 08:20:00,399dfec4-01ec-4e84-80b5-cb325d670571,400,16,416
9f0b2f56-3083-4c18-a8d9-4a4d6ccb1624,df13ac1c-3ad8-4ead-af33-b27d83bb34c0,2022-12-08 12:39:00,399dfec4-01ec-4e84-80b5-cb325d670571,600,24,624
468828b0-1d83-4736-9bba-756ba6392f56,b04d849b-94c4-43b6-86ed-cf26dbe24ee8,2022-12-08 07:29:00,399dfec4-01ec-4e84-80b5-cb325d670571,600,24,624
77e3307f-1d14-4cd7-84b4-a9871dd75a6c,64d3dfce-2ddc-4d3d-b298-8b8037e085c0,2022-12-08 11:21:00,399dfec4-01ec-4e84-80b5-cb325d670571,500,20,520
db1a7c11-762c-47ab-8120-4e69dfa621ba,2ae61282-d749-4519-ba0e-6c7e550c7eab,2022-12-08 15:57:00,399dfec4-01ec-4e84-80b5-cb325d670571,1100,44,1144
fd391169-308a-4f6d-b3d1-14baa7007bf0,d663fbbf-6362-4dc0-9cff-3f3e00effccc,2022-12-08 08:30:00,399dfec4-01ec-4e84-80b5-cb325d670571,500,20,520
1d9f0813-f190-4410-a256-ea03f57656ae,800e0e83-395f-4b3b-9632-78c5071b6fd6,2022-12-08 13:25:00,399dfec4-01ec-4e84-80b5-cb325d670571,600,24,624
266a7701-c0b2-4d66-9b44-6d3d2d40749f,6093872b-6ea0-43af-943c-43da73d77c8a,2022-12-08 17:31:00,399dfec4-01ec-4e84-80b5-cb325d670571,2400,96,2496
5d1f4831-dfe5-4576-8bb1-0308043697db,e0bed291-1c5f-4aa1-aa2d-c171134f4e2a,2022-12-08 11:14:00,399dfec4-01ec-4e84-80b5-cb325d670571,1800,72,1872
58ddea30-3e38-4141-8c74-0804508beac7,3f69ef15-abbd-4131-9670-58313d4fd3d1,2022-12-08 14:22:00,399dfec4-01ec-4e84-80b5-cb325d670571,1700,68,1768
1cf987e5-2c1d-4eac-b9cd-d40a4bb46aaf,00fe0742-ca1a-462a-ab05-2297bc4cded9,2022-12-08 14:31:00,399dfec4-01ec-4e84-80b5-cb325d670571,500,20,520
ee5d3a20-3d3f-47d8-8778-ef6267a00bfc,6c4f79c1-c913-4599-a82a-bc6283855909,2022-12-08 07:41:00,399dfec4-01ec-4e84-80b5-cb325d670571,500,20,520
4ebbb8be-ba1f-46cc-b0e4-e48edbcd54ed,256a57f7-a9ff-437a-b529-bbd094c118d7,2022-12-08 16:57:00,399dfec4-01ec-4e84-80b5-cb325d670571,600,24,624
23a7cc7d-aaf1-4e9b-b7c4-8c4ef763f0c5,28c5e573-dbe9-49da-baa8-11eafd9e1473,2022-12-08 07:45:00,399dfec4-01ec-4e84-80b5-cb325d670571,600,24,624
9a99486c-1689-4a3d-8051-d0df6be879c4,87bfb92d-66c8-4568-ad61-e0ae0730e8d0,2022-12-08 08:46:00,399dfec4-01ec-4e84-80b5-cb325d670571,600,24,624
3a64d8fd-d4e0-4df9-9181-547806175f23,a1c6677f-446b-4940-8c40-8e018a7ca815,2022-12-08 12:14:00,399dfec4-01ec-4e84-80b5-cb325d670571,500,20,520
9ebb4431-62ef-4857-876f-8ea7ba80b873,5252229c-8816-4cc0-9061-86b844313715,2022-12-08 08:07:00,399dfec4-01ec-4e84-80b5-cb325d670571,700,28,728
ceb47682-ef49-47e9-8c6f-d7c0cccc7e62,bf64fe32-6f45-493f-af8b-5a00b85148fc,2022-12-08 16:03:00,399dfec4-01ec-4e84-80b5-cb325d670571,1800,72,1872
120259ac-245c-4858-a341-1256e8217bd6,c9b3df80-8e43-45a7-87e5-7c1202671a86,2022-12-08 08:28:00,399dfec4-01ec-4e84-80b5-cb325d670571,600,24,624
4706f164-0f19-4f11-8282-e9ede11baadd,a17cdf1c-0c24-4309-8248-906a4e24c1ed,2022-12-08 15:50:00,399dfec4-01ec-4e84-80b5-cb325d670571,400,16,416
d07355f3-1370-4bff-8570-552dd11af9bf,16663c3b-6311-46f3-bed7-0bfc02d66eb5,2022-12-08 10:19:00,399dfec4-01ec-4e84-80b5-cb325d670571,400,16,416
4eeffd61-8c1f-4505-a674-f566449ab743,6de0fa39-0254-45be-b7c2-a0e59eead219,2022-12-08 08:25:00,399dfec4-01ec-4e84-80b5-cb325d670571,400,16,416
883a6b6c-7e6e-4b1d-b470-501ed0056fb1,e7b464e8-ea2f-4354-bafa-7df3267922ea,2022-12-08 09:23:00,399dfec4-01ec-4e84-80b5-cb325d670571,1900,76,1976
ff9a8027-a10e-4285-bd59-c3786532450b,05ea3170-6fdc-4df0-a585-e0b0d5436443,2022-12-08 09:47:00,399dfec4-01ec-4e84-80b5-cb325d670571,2200,88,2288
758f9f00-3065-4b44-bd8d-cfadb82437fd,738675f7-5520-40c8-9a5c-cc66d9fd338c,2022-12-08 18:56:00,399dfec4-01ec-4e84-80b5-cb325d670571,700,28,728
49881ecb-6f53-4dee-8a4a-d8d57b28ef9e,f4ad4e1b-cb6c-4d4b-8292-765d32912398,2022-12-08 17:49:00,399dfec4-01ec-4e84-80b5-cb325d670571,2000,80,2080
d71adc2a-5901-429e-8da8-700feffc4c14,09768a2d-e30f-4fba-bbea-42c4af3c16d0,2022-12-08 11:27:00,399dfec4-01ec-4e84-80b5-cb325d670571,1700,68,1768
24e11697-22e6-4046-91f0-9ba5ac07e399,d24e9271-8085-46c5-93e2-744d394a96ce,2022-12-08 07:48:00,399dfec4-01ec-4e84-80b5-cb325d670571,500,20,520
4b672ac1-240e-4688-be2b-2533ff0e8962,80eb4e1f-be85-4e2d-901d-63851a086877,2022-12-08 08:10:00,399dfec4-01ec-4e84-80b5-cb325d670571,700,28,728
dbefa51c-ff0f-4df9-9aaf-8257f6f5e7f8,93137d6e-3e68-4f5e-81a4-716212bcb9a9,2022-12-08 08:01:00,399dfec4-01ec-4e84-80b5-cb325d670571,700,28,728
c81f7493-cadc-4327-ae1f-dfe0f2bbbd8f,76c96bb4-46b4-420a-9014-633d4fa008ce,2022-12-08 13:27:00,399dfec4-01ec-4e84-80b5-cb325d670571,500,20,520
b7c0f99f-bee7-47e9-a325-a12555949992,38812f12-33f2-493c-860e-166ea6f08176,2022-12-08 07:59:00,399dfec4-01ec-4e84-80b5-cb325d670571,700,28,728
becd248d-0d74-4d8d-b090-90400e401ffe,6160656f-db8b-4a17-8c32-1b69f0546f58,2022-12-08 07:36:00,399dfec4-01ec-4e84-80b5-cb325d670571,700,28,728
0488dac8-485c-42e1-b1cf-6b2a3766c722,8aa1534d-101a-4387-a192-eadb32347bf3,2022-12-08 15:41:00,399dfec4-01ec-4e84-80b5-cb325d670571,600,24,624
71c24930-e315-4db8-8a33-5be08c847e30,2134a68a-aebf-46d9-8143-0f110f8b4aae,2022-12-08 14:53:00,399dfec4-01ec-4e84-80b5-cb325d670571,1900,76,1976
09a2ac17-a0bf-40c0-ac7d-a3d78bb49d15,666f2378-13e2-4fd0-ac37-36749cb0a391,2022-12-08 12:00:00,399dfec4-01ec-4e84-80b5-cb325d670571,600,24,624
0dbea211-e5b5-4896-aa15-7888025d3577,7cb36d58-03a5-4fa5-88d3-047d8d9c82c1,2022-12-08 18:04:00,399dfec4-01ec-4e84-80b5-cb325d670571,1900,76,1976
1408fe3b-5dfa-472c-821a-b0775a6aa54b,59cbf0dc-0b3a-4388-855e-5bd669cbf70f,2022-12-08 07:03:00,399dfec4-01ec-4e84-80b5-cb325d670571,600,24,624
7be1bfa2-a323-4646-bebf-f5319001aef3,99790003-312c-4738-ac59-24de9dd5ca26,2022-12-08 14:27:00,399dfec4-01ec-4e84-80b5-cb325d670571,600,24,624
f2c3fd60-f425-4914-bfd7-4073743ce3c8,82a6aee8-f1af-4310-ab80-7b40a6812f97,2022-12-08 08:47:00,399dfec4-01ec-4e84-80b5-cb325d670571,400,16,416
ac7140af-2016-43b9-a08f-b63274fd27d7,b4795940-db8c-426d-86de-443d77d52769,2022-12-08 08:37:00,399dfec4-01ec-4e84-80b5-cb325d670571,600,24,624
a41dbc92-05c7-4f04-9254-b6dd0d2c82ce,352967a1-2643-437f-9078-5cab0677d6c9,2022-12-08 17:08:00,399dfec4-01ec-4e84-80b5-cb325d670571,600,24,624
90134fe2-0c0c-4600-99fe-b643481046ac,aee3650e-2a29-49e6-9b76-a014fcb6f488,2022-12-08 17:52:00,399dfec4-01ec-4e84-80b5-cb325d670571,700,28,728
142bb344-812d-4206-ba2b-55bea479a745,074c11c2-fd9a-4b0f-986f-bc7383f9b376,2022-12-08 16:18:00,399dfec4-01ec-4e84-80b5-cb325d670571,1100,44,1144
46bf1115-a9f7-4fb6-a465-ba1f51fe3688,7000f470-f20c-406f-a4ce-0a6b949b0978,2022-12-08 13:50:00,399dfec4-01ec-4e84-80b5-cb325d670571,1600,64,1664
a0253a3f-bbb3-4d78-b46f-cc2d4781f55d,a49b4bb7-ff65-4e64-a8f7-d0b69f4dee4a,2022-12-08 07:58:00,399dfec4-01ec-4e84-80b5-cb325d670571,600,24,624
2e530107-2daa-4ddf-9a32-0c201b3acc88,cca74689-b99d-4a88-80cc-7e00df041465,2022-12-08 07:56:00,399dfec4-01ec-4e84-80b5-cb325d670571,500,20,520
10cffaed-3899-45c6-a250-b6d9fb694bf6,00f745c8-1adc-4d55-8ddf-95a61af4ad4f,2022-12-08 12:47:00,399dfec4-01ec-4e84-80b5-cb325d670571,1100,44,1144
5cf7b736-3256-4a15-9da6-3ba4f2b5f5b3,2a9f7a07-e7b2-4ca6-a1ae-7769638025f5,2022-12-08 07:41:00,399dfec4-01ec-4e84-80b5-cb325d670571,400,16,416
b0219495-237f-46b7-bfd9-b768f0619d33,9ac47955-e8be-406d-b9db-02736e13e8f8,2022-12-08 17:06:00,399dfec4-01ec-4e84-80b5-cb325d670571,1900,76,1976
01220709-afd0-4663-97fc-290133ff9fe2,468da1b4-7f5f-426f-b731-0a492e5f13a6,2022-12-08 16:01:00,399dfec4-01ec-4e84-80b5-cb325d670571,2000,80,2080
b16bcf3c-4811-4a4f-a630-f782c18c50c7,38b6a9c4-770d-4115-b10f-b873e2e606a2,2022-12-08 11:01:00,399dfec4-01ec-4e84-80b5-cb325d670571,1700,68,1768
c4ea62ce-1aa3-4697-9648-be92abbc6f6e,13b0c9ce-53dc-4c0f-8f07-e25191ae7e9e,2022-12-08 11:41:00,399dfec4-01ec-4e84-80b5-cb325d670571,400,16,416
81c35d0d-235a-47aa-a9c2-8beb63ed7b43,56e90f70-5a07-4dd8-bd80-329d6cd71beb,2022-12-08 07:48:00,399dfec4-01ec-4e84-80b5-cb325d670571,500,20,520
32b19013-f324-4187-b47e-0d699fc08e71,e7720da8-4896-4ddf-bef1-2ab577ebe12a,2022-12-08 07:38:00,399dfec4-01ec-4e84-80b5-cb325d670571,600,24,624
ac734549-e21f-44ee-8125-b15b6a8835a7,85d95b80-0fe8-4c1a-9da5-c07a6f15dc08,2022-12-08 15:15:00,399dfec4-01ec-4e84-80b5-cb325d670571,500,20,520
afe57a41-6887-427f-a999-9cf23a74f6a7,74c72c23-d7fa-4e25-a8f7-99c5a52ac47a,2022-12-08 14:54:00,399dfec4-01ec-4e84-80b5-cb325d670571,1900,76,1976
5cb69bd6-97aa-468a-a3e0-57314d67b0cd,79bd7f32-cd59-4ff4-8cdd-fc7c0d35a24c,2022-12-08 07:06:00,399dfec4-01ec-4e84-80b5-cb325d670571,600,24,624
9689d30d-0648-4a4d-b1fe-d92df1bb5dcc,6c567f96-afe7-4c61-9eb4-ae11aa33af50,2022-12-08 08:20:00,399dfec4-01ec-4e84-80b5-cb325d670571,400,16,416
4b502444-fab0-4843-a5be-4dac8df6cbb4,b6135829-98b1-474f-8e0f-c05749688ddc,2022-12-08 13:31:00,399dfec4-01ec-4e84-80b5-cb325d670571,600,24,624
d837320e-fc87-4e72-afad-4d8d89cd2ad8,bc9b75c4-c020-4f0d-abf1-ebffb3e2726a,2022-12-08 11:42:00,399dfec4-01ec-4e84-80b5-cb325d670571,400,16,416
53d097de-9c4f-4567-956c-1acc245a3a5c,a64e639a-0cc0-475b-a94e-d09fde41e930,2022-12-08 13:52:00,399dfec4-01ec-4e84-80b5-cb325d670571,1700,68,1768
8d9d3a40-4fc0-43ff-b745-82dcdb45c9db,cfb91507-0769-4ef6-910f-493cf5dee61d,2022-12-08 08:34:00,399dfec4-01ec-4e84-80b5-cb325d670571,400,16,416
69165e24-2522-4264-ac41-804bb46c71eb,4998100c-3bd2-4aa4-a0aa-c44ccd440b9d,2022-12-08 14:45:00,399dfec4-01ec-4e84-80b5-cb325d670571,500,20,520
b5c92c50-0458-4266-b163-1cd73690c2ad,8087043b-2bf7-4128-b23b-491f8828ab94,2022-12-08 11:21:00,399dfec4-01ec-4e84-80b5-cb325d670571,400,16,416
17379f9c-bba8-49c6-8593-8b60a6b89932,cd4b0a79-ccd3-4169-91ff-e56bddc8c450,2022-12-08 13:54:00,399dfec4-01ec-4e84-80b5-cb325d670571,2300,92,2392
37bfaf0d-47a0-49ce-8f5f-391834e9037f,d3d911e6-991f-4a1c-9323-12711d554974,2022-12-08 18:12:00,399dfec4-01ec-4e84-80b5-cb325d670571,1200,48,1248
6b422b31-57fa-46c7-9644-c6da0260909f,ff9dbf4b-f83a-47df-8149-1d007473c13b,2022-12-08 08:07:00,399dfec4-01ec-4e84-80b5-cb325d670571,500,20,520
5ebae48a-118f-413a-9caf-650dff2a41c1,c49fc16b-3bf0-498a-b200-ab3b0a2d21fa,2022-12-08 09:00:00,399dfec4-01ec-4e84-80b5-cb325d670571,600,24,624
29d03ef0-24af-4a5e-bbf9-c2ebc1da39e6,49c08f3b-71bd-4a05-b692-45763689821a,2022-12-08 10:26:00,399dfec4-01ec-4e84-80b5-cb325d670571,1000,40,1040
728ddc2f-6dfb-4097-8f8e-b69211090005,6c531190-7a87-48c2-9340-eb99ffe43618,2022-12-08 08:04:00,399dfec4-01ec-4e84-80b5-cb325d670571,600,24,624
c67f739b-2cc0-4047-8637-6359c6ed13ae,07601b5c-7ed9-4968-be5c-2cba1ac5e749,2022-12-08 08:37:00,399dfec4-01ec-4e84-80b5-cb325d670571,400,16,416
2020768e-5da5-488c-81da-9b1bc310735b,656d2889-01cd-40e9-9a0a-d7161f75bdbb,2022-12-08 08:07:00,399dfec4-01ec-4e84-80b5-cb325d670571,400,16,416
893d80c7-d3db-403e-be46-974299231e46,d4b724c3-5b9f-4070-94f3-9a02569c6869,2022-12-08 17:40:00,399dfec4-01ec-4e84-80b5-cb325d670571,1800,72,1872
73fd79d3-19b4-4046-8216-70669bf23725,5c754667-bd0b-413a-97ea-6d494170105d,2022-12-08 16:20:00,399dfec4-01ec-4e84-80b5-cb325d670571,1600,64,1664
9ce55f32-cf8e-417a-b05f-4e067fef6f9d,34a667fc-5b95-4873-932b-017bc484fd30,2022-12-08 17:00:00,399dfec4-01ec-4e84-80b5-cb325d670571,1200,48,1248
6ef57a2c-4983-4377-bfb6-028f9a95ae48,dc638163-fb06-4d37-a613-8803a234a3b2,2022-12-08 16:35:00,399dfec4-01ec-4e84-80b5-cb325d670571,1700,68,1768
d9c89a93-b621-410a-963a-cbd800df07f4,f1db0d0d-94a9-4a4c-856c-121f927fa835,2022-12-08 11:00:00,399dfec4-01ec-4e84-80b5-cb325d670571,1100,44,1144
c90600c4-fe26-4219-9b31-e2fcb6734c90,c39f246c-acfc-44c0-95ec-8dd224592299,2022-12-08 08:23:00,399dfec4-01ec-4e84-80b5-cb325d670571,700,28,728
e312cb0e-3134-4d60-b364-7ab01c0c57fe,e0becf9b-a169-49bf-95e5-2c33b1622600,2022-12-08 12:19:00,399dfec4-01ec-4e84-80b5-cb325d670571,2200,88,2288
37b233ed-71d4-4804-a515-a725dc58a237,930ba1e9-ab55-4962-8226-814b5cff5c6b,2022-12-08 13:53:00,399dfec4-01ec-4e84-80b5-cb325d670571,1700,68,1768
c14b6ab1-d823-47c0-8bde-4ee1b5be92f5,1877ab43-5472-4035-85c2-57c9455532a7,2022-12-08 16:47:00,399dfec4-01ec-4e84-80b5-cb325d670571,400,16,416
8aaa78ee-6edd-4f3e-97c1-d4467ad1a2e9,1af4b301-7794-4092-8944-de7a2c60bab9,2022-12-08 16:38:00,399dfec4-01ec-4e84-80b5-cb325d670571,600,24,624
abb48903-596d-46db-abcb-cedbf05f44a4,7a2aa575-93bb-4e07-b671-715ba4f6e845,2022-12-08 14:23:00,399dfec4-01ec-4e84-80b5-cb325d670571,1800,72,1872
cfe53c85-0bb1-4aa2-afa0-5aa2f9c16a83,69b02737-366e-4314-b6fa-d52802a4b21c,2022-12-08 11:45:00,399dfec4-01ec-4e84-80b5-cb325d670571,2300,92,2392
936fafdc-5ef0-47a9-aa1b-762f3966d6a2,d7e41540-bff7-4ed0-a86b-5aee9f21788b,2022-12-08 11:40:00,399dfec4-01ec-4e84-80b5-cb325d670571,600,24,624
0cf724db-7d45-49d6-befd-5e6d876bc046,8262a4d4-998d-4133-8f19-2c4db179f4f0,2022-12-08 16:55:00,399dfec4-01ec-4e84-80b5-cb325d670571,700,28,728
8a44d6d0-b97b-411f-a842-33c4022f021b,b3b324a4-15eb-41b7-9457-400de83b61ea,2022-12-08 15:03:00,399dfec4-01ec-4e84-80b5-cb325d670571,1600,64,1664
510e2c6a-c831-4bdb-9489-3249d58af00c,a5a7baae-427a-4692-aef7-16eb13b37793,2022-12-08 08:07:00,399dfec4-01ec-4e84-80b5-cb325d670571,500,20,520
e3e0aadf-66c8-440c-955f-fc01badd4427,847aef98-7eed-484a-b834-f5777f38266f,2022-12-08 07:59:00,399dfec4-01ec-4e84-80b5-cb325d670571,500,20,520
1cb75995-52c7-4b4d-8ff2-d452a73749b5,328478c8-5184-4102-8cc9-eb3e7b902389,2022-12-08 14:48:00,399dfec4-01ec-4e84-80b5-cb325d670571,1800,72,1872
c23d9032-6dd3-455e-abf5-7c9fa4a0715f,9dc4f4a2-e0c9-4e0c-b425-2b1d1c88d3a5,2022-12-08 16:33:00,399dfec4-01ec-4e84-80b5-cb325d670571,1900,76,1976
63a9de4e-a2d1-4de6-9159-6becdb4484e9,86f6bfbd-28b9-468f-80a0-7b3bd1a9db57,2022-12-08 08:03:00,399dfec4-01ec-4e84-80b5-cb325d670571,600,24,624
1b8fa9c1-567a-414c-b826-9adbff76ffd9,bf08c871-984b-4bde-99ef-9b6558abd7af,2022-12-08 14:33:00,399dfec4-01ec-4e84-80b5-cb325d670571,900,36,936
c09c8085-dd71-48be-a0e9-1472fb1a193d,fbaac559-7731-4dfe-8b40-bdd6f8010f67,2022-12-08 07:30:00,399dfec4-01ec-4e84-80b5-cb325d670571,400,16,416
3078a6b4-aded-4a3c-bc58-6a9d9d65a611,ce4f635a-840e-47e0-b57a-df0b63bbafa7,2022-12-08 15:28:00,399dfec4-01ec-4e84-80b5-cb325d670571,1300,52,1352
e7919468-4b8f-46dd-b622-29fc989b45bd,a95ddb13-ef71-4cf0-a8a8-2ffaecaaf27b,2022-12-08 08:44:00,399dfec4-01ec-4e84-80b5-cb325d670571,600,24,624
db1ebcd3-c3a9-4fc9-9858-66189a16d450,22f8b600-cae0-4a84-b021-08740f324c10,2022-12-08 12:33:00,399dfec4-01ec-4e84-80b5-cb325d670571,400,16,416
6ec4669c-2a5e-4d29-bc75-8c70ec79a23a,bf0f7de0-ac71-4613-a9a4-28aebf69681e,2022-12-08 13:49:00,399dfec4-01ec-4e84-80b5-cb325d670571,600,24,624
8b6f3d92-b77d-4c15-95bc-d21026fa3dc2,2550c3a5-082c-4582-bf64-ed8cacf87cfc,2022-12-08 10:04:00,399dfec4-01ec-4e84-80b5-cb325d670571,600,24,624
0817953c-af85-41fd-ac2f-78b81c868d86,82d81521-fd8c-4073-87b6-9aa0a8e9f0b3,2022-12-08 14:22:00,399dfec4-01ec-4e84-80b5-cb325d670571,500,20,520
0cedd834-adf8-4363-b4bc-a4241a9c0271,38a14cdb-c8f2-4746-a5f7-c8c5cc8c3c95,2022-12-08 19:15:00,399dfec4-01ec-4e84-80b5-cb325d670571,600,24,624
659e2347-179b-4d9a-8e4e-123601cf0084,e5194824-f51d-4687-9f60-72df2e41a7a5,2022-12-08 15:25:00,399dfec4-01ec-4e84-80b5-cb325d670571,1500,60,1560
a5695e42-178c-4561-b8e9-edd138cc15af,63b5948f-6961-4db8-b621-892196f7a96e,2022-12-08 07:17:00,399dfec4-01ec-4e84-80b5-cb325d670571,400,16,416
dc16c11e-ac02-4dbc-8232-552bf56afd13,2ab5335d-b429-49b4-a459-2354f849e358,2022-12-08 14:14:00,399dfec4-01ec-4e84-80b5-cb325d670571,700,28,728
879da99f-511c-4c72-9c62-91e50a32c78a,7ea4e6f1-5130-41aa-8727-db2db153f14c,2022-12-08 16:56:00,399dfec4-01ec-4e84-80b5-cb325d670571,500,20,520
2f70b2e0-b172-4f50-b2e9-38a45a02a8b7,6d12e477-f54e-429f-9e88-c7f7562792a9,2022-12-08 18:02:00,399dfec4-01ec-4e84-80b5-cb325d670571,600,24,624
d35e5632-9944-447d-89d8-ec40037650aa,73bf3e3c-44ec-45c9-b2cb-670618e256c2,2022-12-08 18:23:00,399dfec4-01ec-4e84-80b5-cb325d670571,500,20,520
e9463d90-2289-46ff-a329-4a0731d75e6d,6f5d60ad-9a43-4fcb-b497-014613bae8ea,2022-12-08 11:00:00,399dfec4-01ec-4e84-80b5-cb325d670571,2300,92,2392
f8358950-b738-4e1d-8eb1-a4ef92909b7d,7aec9cdf-282b-43d6-b76a-136094088273,2022-12-08 13:40:00,399dfec4-01ec-4e84-80b5-cb325d670571,1600,64,1664
2415f62c-968a-4373-89bb-d903a0d09b5b,992b8e45-f532-4d7e-9b77-bd94fd451c79,2022-12-08 07:24:00,399dfec4-01ec-4e84-80b5-cb325d670571,400,16,416
0592e42c-0507-4fee-8bf7-3b9783761bd1,2fcb4006-ca51-44cd-9d87-aa34d745ee90,2022-12-08 08:14:00,399dfec4-01ec-4e84-80b5-cb325d670571,400,16,416
bdf88af9-bc53-445b-a2e9-1862b597020d,3a95336d-35a9-4b6a-81ac-84714ffa0ea4,2022-12-08 07:19:00,399dfec4-01ec-4e84-80b5-cb325d670571,600,24,624
23e76dac-7f2d-4167-8849-8858922df110,3dee0d2d-f11e-4e71-8336-86cb6a9445ad,2022-12-08 07:28:00,399dfec4-01ec-4e84-80b5-cb325d670571,700,28,728
89fdef94-b15e-467b-a1c8-2bbcda6a88d4,9ca91be3-bfcc-4623-9ef5-a4023693a589,2022-12-08 07:30:00,399dfec4-01ec-4e84-80b5-cb325d670571,400,16,416
c4a46e39-00df-45c9-a9f5-1f3009daf069,e4f2d67a-5c47-4845-a945-4e923836a9bf,2022-12-08 17:19:00,399dfec4-01ec-4e84-80b5-cb325d670571,600,24,624
955f39e9-eed5-4e52-b32e-f36a39e4cd01,c334810a-f8b3-4f0b-b7f5-feab68f07ae0,2022-12-08 07:25:00,399dfec4-01ec-4e84-80b5-cb325d670571,700,28,728
ed2b7420-677c-4b4c-bbb5-ffa678b1bb4b,3d82151b-b0d4-4890-bb63-8f573d494f9d,2022-12-08 08:28:00,399dfec4-01ec-4e84-80b5-cb325d670571,600,24,624
713c513f-2c29-4808-b8b0-c934c29d0df9,2445d187-36c8-440f-a8db-1db27e08268e,2022-12-08 16:05:00,399dfec4-01ec-4e84-80b5-cb325d670571,1800,72,1872
479665b8-f449-4172-a064-073391e1c9ac,899bbf23-4208-4aa2-9723-3f7559dfb891,2022-12-08 08:07:00,399dfec4-01ec-4e84-80b5-cb325d670571,700,28,728
b96bb883-8e7d-4c35-849f-f10e8dcab6b7,88d4b95f-8525-47ab-b76f-1a86bdcc7b2b,2022-12-08 08:25:00,399dfec4-01ec-4e84-80b5-cb325d670571,600,24,624
a562c777-ace1-41b0-b9e5-7c1b9edf7676,bddd0699-14be-4bed-8a03-c3be1c8b86f4,2022-12-08 08:12:00,399dfec4-01ec-4e84-80b5-cb325d670571,700,28,728
72bbce5d-cc34-4e87-8f4f-06f537abf556,ef550118-4d33-4419-9a7f-121c8400e9c6,2022-12-08 15:52:00,399dfec4-01ec-4e84-80b5-cb325d670571,1900,76,1976
abe45dce-f2d6-4872-a475-c573ea1dbf90,84cdb717-25d5-481f-b814-35cf768ecddb,2022-12-08 07:16:00,399dfec4-01ec-4e84-80b5-cb325d670571,500,20,520
b661740f-585a-4a6f-824e-95b105a74dd3,572579ab-5e23-43fd-a1af-8753798c8659,2022-12-08 07:46:00,399dfec4-01ec-4e84-80b5-cb325d670571,600,24,624
f2fde8fd-1018-4fc1-8611-a82eb3b850ee,662a13a8-1309-48d5-bf4c-6d48b05418fe,2022-12-08 11:08:00,399dfec4-01ec-4e84-80b5-cb325d670571,1700,68,1768
b05086ce-e9b4-49a2-8532-d9531a0ccf6f,e55d222b-7102-42c7-bd28-c147a15b12c5,2022-12-08 08:51:00,399dfec4-01ec-4e84-80b5-cb325d670571,700,28,728
761fb663-63ec-4586-b16e-fa9c2e4ddaa6,11dfb8fb-c6ad-44e6-b50b-f390d132d5b1,2022-12-08 12:36:00,399dfec4-01ec-4e84-80b5-cb325d670571,600,24,624
fb1b7224-ec92-413c-9a29-4197b7be61ce,48894cb2-296d-4112-88cb-99945e94b978,2022-12-08 08:32:00,399dfec4-01ec-4e84-80b5-cb325d670571,500,20,520
3b04e69b-7a69-4cb2-a96f-cf0fd96d6bfe,64e0d810-94a5-4c80-b63d-886f352ba2f2,2022-12-08 16:51:00,399dfec4-01ec-4e84-80b5-cb325d670571,1700,68,1768
fd392e2f-1945-4c36-bac2-204df67bee80,bc624e4d-32f3-4180-ac3a-86652cd1d6a8,2022-12-08 15:44:00,399dfec4-01ec-4e84-80b5-cb325d670571,1800,72,1872
bc1c5e90-0109-4fd9-ae8f-0bc9152a4c28,90dc9d88-5875-4bf3-b871-820449a026b2,2022-12-08 11:52:00,399dfec4-01ec-4e84-80b5-cb325d670571,700,28,728
c79b3244-b23b-4dca-83dd-04ba98fd7417,6ae00ce0-276c-40e1-b26d-ee7c41d7a287,2022-12-08 08:19:00,399dfec4-01ec-4e84-80b5-cb325d670571,600,24,624
2dca3301-fd04-46fc-a520-2fe05ecdab45,ae73571f-72c6-4767-a468-b4982ef05d1c,2022-12-08 12:53:00,399dfec4-01ec-4e84-80b5-cb325d670571,1800,72,1872
c6760fe1-f157-4e4c-88d3-349c6e67bc4d,a5dd7747-0bdc-407b-a80d-f266a9dcfdbe,2022-12-08 19:38:00,399dfec4-01ec-4e84-80b5-cb325d670571,400,16,416
faf4f177-9346-4011-9b17-55c0868dd1ba,33bc9426-832e-483d-a623-5760bf8fdf42,2022-12-08 07:31:00,399dfec4-01ec-4e84-80b5-cb325d670571,600,24,624
3a3c6aa7-d0b2-40c2-a912-d8deab7ec075,fb199cad-e920-4319-b1de-7da53844f1ed,2022-12-08 07:47:00,399dfec4-01ec-4e84-80b5-cb325d670571,500,20,520
9d37f905-55d7-4057-a053-29fbc5430763,cacf77ba-7e15-45a0-a3f4-87fdccd569c4,2022-12-08 08:16:00,399dfec4-01ec-4e84-80b5-cb325d670571,400,16,416
9286d0bb-54a2-4005-b938-7ec8fa50f992,5a29452c-9230-4b56-9b2a-a1d20ab74781,2022-12-08 08:03:00,399dfec4-01ec-4e84-80b5-cb325d670571,700,28,728
a2520e6e-14b3-4f27-975d-7a1a5c1ad9fd,1142280f-5f9e-4229-97e2-9e6460d24acb,2022-12-08 14:14:00,399dfec4-01ec-4e84-80b5-cb325d670571,500,20,520
54db7579-7e95-44b4-893e-630695b826fb,5c37d040-f5cd-46cf-8acc-43c886d34ad0,2022-12-08 07:55:00,399dfec4-01ec-4e84-80b5-cb325d670571,500,20,520
65e8f2ad-f330-4c4a-a02f-5b683998894f,82d54037-4259-4dc0-986b-1035beb9e3f5,2022-12-08 09:06:00,399dfec4-01ec-4e84-80b5-cb325d670571,500,20,520
210861fa-a97a-44cd-88ea-f4bc2fa89032,f4a9a1e0-026f-48df-a4d9-b2bb26fe93a0,2022-12-08 14:39:00,399dfec4-01ec-4e84-80b5-cb325d670571,1400,56,1456
fb1c279c-5e7f-4bd7-84db-cafefb59c168,01c86347-415c-4252-814c-a612527d8843,2022-12-08 07:56:00,399dfec4-01ec-4e84-80b5-cb325d670571,700,28,728
2885297e-11d7-4dbe-9f86-a617a2d54363,e82b5b62-7070-47bc-a992-278728911d81,2022-12-08 07:36:00,399dfec4-01ec-4e84-80b5-cb325d670571,700,28,728
a0bbd48b-c5d2-48ae-8a30-b1219ba89a2c,9cdc61b1-1932-43b4-a55e-1d3ec6fb8833,2022-12-08 14:13:00,399dfec4-01ec-4e84-80b5-cb325d670571,1300,52,1352
48d41399-863c-4a97-a75e-2607fc46107c,9cdb2202-788c-4b47-b58d-609db081bb60,2022-12-08 07:26:00,399dfec4-01ec-4e84-80b5-cb325d670571,700,28,728
790b954b-d1af-44bd-b070-7636a0bd379e,876ab495-dc39-43eb-a0b9-19b5e4c4e15c,2022-12-08 16:42:00,399dfec4-01ec-4e84-80b5-cb325d670571,600,24,624
0b57b22a-4940-47d0-940c-48ccf4fad04d,593ac4f1-05ec-4f87-a03b-ab6371bbe59d,2022-12-08 11:22:00,399dfec4-01ec-4e84-80b5-cb325d670571,600,24,624
ab110ff7-0c67-433b-85c3-5f8446055620,2c15654f-379c-4848-a3e0-4562a56c4da7,2022-12-08 07:52:00,399dfec4-01ec-4e84-80b5-cb325d670571,500,20,520
71c3c76a-b573-4e54-b5b0-dcf1999349d0,bcc834b4-d5a5-4283-ba01-2fbe27533479,2022-12-08 08:10:00,399dfec4-01ec-4e84-80b5-cb325d670571,400,16,416
86b12655-fe8d-471a-90ed-b6dc8b219e27,8b2d2cd5-c5eb-47f1-b3e3-41c7c00c5828,2022-12-08 14:10:00,399dfec4-01ec-4e84-80b5-cb325d670571,700,28,728
5cd65e5b-c4ab-4fb8-8a91-2cbad44aa8df,9b7b008c-1fa5-4375-8f86-1556b93c3043,2022-12-08 12:56:00,399dfec4-01ec-4e84-80b5-cb325d670571,700,28,728
191bf9d2-8b5e-4ef2-b33d-b63985a4e5fc,dff2f0df-07b7-4c09-8812-8c4a7f83cd94,2022-12-08 08:03:00,399dfec4-01ec-4e84-80b5-cb325d670571,600,24,624
d8fc29b1-5e0f-4446-b777-39a56e330cca,b0c002ee-eddd-4615-a3fc-b0700f7eafc2,2022-12-08 07:12:00,399dfec4-01ec-4e84-80b5-cb325d670571,600,24,624
47838878-223b-4f75-9c53-82175389c9c2,08268747-4708-4ba5-b67f-4a53449663ce,2022-12-08 17:48:00,399dfec4-01ec-4e84-80b5-cb325d670571,700,28,728
f1eca939-b9e8-4ac1-8d13-1986607f1f78,798267d5-be32-437a-8020-542e0498810a,2022-12-08 08:02:00,399dfec4-01ec-4e84-80b5-cb325d670571,400,16,416
e442e5b5-4f90-4269-bb98-68948d925487,14205dcb-8a2d-42ca-9b45-ee05ebb00763,2022-12-08 15:00:00,399dfec4-01ec-4e84-80b5-cb325d670571,500,20,520
e71de097-28b0-47ec-bd06-869e9e70be70,49ccd473-0d76-45da-8360-02143cb40354,2022-12-08 08:03:00,399dfec4-01ec-4e84-80b5-cb325d670571,700,28,728
197fe799-2a8a-49d7-862c-e87447d2972e,6c1f593e-fa25-4522-92a1-002b2f6a6bc7,2022-12-08 17:36:00,399dfec4-01ec-4e84-80b5-cb325d670571,600,24,624
5c231fa5-bc90-4d4c-a2d1-03ceb796b79a,00530b16-28e8-4e45-82e0-ffe495b7ff89,2022-12-08 19:44:00,399dfec4-01ec-4e84-80b5-cb325d670571,400,16,416
84faa42b-70c1-48c4-85cb-7dcecdb0d9b3,da90d8e9-37d5-4f64-9642-bc11f542e117,2022-12-08 07:32:00,399dfec4-01ec-4e84-80b5-cb325d670571,600,24,624
52ec2bba-20b7-4c6f-b078-a86f0c55a037,060308f5-0857-42a6-813e-96a75cc247ac,2022-12-08 11:33:00,399dfec4-01ec-4e84-80b5-cb325d670571,600,24,624
357bcf65-88e9-4486-9217-fc9393977134,0189068c-f3d3-4672-b98b-047d057a0fd5,2022-12-08 09:11:00,399dfec4-01ec-4e84-80b5-cb325d670571,500,20,520
cf371fba-a20a-4c33-ae45-6b0276a43bf6,1bc1c9dc-b8d3-4560-97b7-febe15ab0506,2022-12-08 08:27:00,399dfec4-01ec-4e84-80b5-cb325d670571,700,28,728
43f7de2e-67c0-48d8-a57a-b13cfdee3897,7a03ca1d-d911-4037-9f11-75d63cfad5e4,2022-12-08 09:15:00,399dfec4-01ec-4e84-80b5-cb325d670571,600,24,624
3a9fdbfb-e7b5-459c-9f78-d55e3c3998d2,21b3fd59-4b01-4c9d-844b-6790ed39fddc,2022-12-08 08:11:00,2c7c0b40-21e5-4026-b405-3281a1c094fa,700,43,743
0eed5ca0-3f39-4d5c-948b-edb8dc24eaa8,a5f76c9d-f7ed-457b-b3b3-eb0c3e4af0e7,2022-12-08 17:56:00,2c7c0b40-21e5-4026-b405-3281a1c094fa,2000,125,2125
21493ab1-6051-45fd-a320-398ad775fbfb,b4742677-d25f-4cf6-af19-7c4a2d5751fd,2022-12-08 08:32:00,2c7c0b40-21e5-4026-b405-3281a1c094fa,700,43,743
d4924720-5491-484f-a4d9-d5ac3cead3e1,fcef0a47-bbe9-4080-9a24-e276ddb4e0e7,2022-12-08 08:23:00,2c7c0b40-21e5-4026-b405-3281a1c094fa,600,37,637
61ac378b-210e-41cc-9bcf-c7837b6ab6e0,b8bb90a8-dfd1-476e-95b8-c329a425e221,2022-12-08 13:54:00,2c7c0b40-21e5-4026-b405-3281a1c094fa,600,37,637
517edf3f-28ad-484a-8842-e9aaac70fbd7,5672d8ec-d299-4823-941e-e84d29a5aca6,2022-12-08 08:02:00,2c7c0b40-21e5-4026-b405-3281a1c094fa,600,37,637
c77a8d63-38b4-4bd1-9793-1ad3a9bb16fb,31d8ef80-b405-4d99-9a0b-e566200ab033,2022-12-08 07:33:00,2c7c0b40-21e5-4026-b405-3281a1c094fa,400,25,425
ffd47c4f-9eaf-4ae4-aa43-2b9f0ff413e3,cfc196da-1613-48e5-b649-e57a6a927c10,2022-12-08 07:00:00,2c7c0b40-21e5-4026-b405-3281a1c094fa,700,43,743
81d71a4d-7f23-420f-aff9-d6e3f54744af,f19d8935-9c7f-478c-8a8c-d23218d6fc8b,2022-12-08 16:32:00,2c7c0b40-21e5-4026-b405-3281a1c094fa,500,31,531
42cb8acf-6104-4e67-9496-935492688939,a26c5d51-ee15-486d-b326-9703275ab2ab,2022-12-08 07:41:00,2c7c0b40-21e5-4026-b405-3281a1c094fa,600,37,637
83ef9dd3-9238-460f-be04-0856652cd7c8,a5eaa660-fbee-49f6-87da-6df064c916d0,2022-12-08 13:37:00,2c7c0b40-21e5-4026-b405-3281a1c094fa,600,37,637
424bed41-2fc9-4e8e-8963-cafd532be0e3,784c9a3e-b023-4a14-87c3-cb46212c638b,2022-12-08 15:25:00,2c7c0b40-21e5-4026-b405-3281a1c094fa,600,37,637
bd44d99f-01fe-47fb-acce-e4bfad005af5,f5b90b38-b61b-42af-a8f4-4815317a3571,2022-12-08 10:40:00,2c7c0b40-21e5-4026-b405-3281a1c094fa,500,31,531
5c84089d-6d71-4c8f-9ec7-28df9aec5800,1d8b9d13-c62c-4446-977d-412869e6c4b6,2022-12-08 07:36:00,2c7c0b40-21e5-4026-b405-3281a1c094fa,600,37,637
4b4c7b64-ecaa-4835-b921-33cbe3f319fd,a0e48668-90fd-471e-979c-455e5d4e532c,2022-12-08 15:57:00,2c7c0b40-21e5-4026-b405-3281a1c094fa,600,37,637
8a5b89ae-c35b-4e4b-a56b-77a0a9c8319a,b239e930-6de8-4346-87b0-1981dc56bb9f,2022-12-08 08:26:00,2c7c0b40-21e5-4026-b405-3281a1c094fa,400,25,425
2ce647d9-65e5-43c7-a571-73ab4903a1dc,94e8bb75-d618-4999-8bea-b7fc6888523f,2022-12-08 14:38:00,2c7c0b40-21e5-4026-b405-3281a1c094fa,600,37,637
d3d0b212-62e6-442b-94d0-a49475f6d41c,ca73909a-648b-4522-a10d-c4c3c9bfaba1,2022-12-08 08:25:00,2c7c0b40-21e5-4026-b405-3281a1c094fa,600,37,637
8d118c95-e7fd-4ad8-b1ef-1b5c5220af56,e4515ece-d1b9-4ec7-9b74-b22decc6d435,2022-12-08 11:57:00,2c7c0b40-21e5-4026-b405-3281a1c094fa,600,37,637
165653c5-d872-41b4-a319-e3bbe17b5709,0da8bfd8-a8e8-4bc3-85ae-f527018c2e8b,2022-12-08 07:22:00,2c7c0b40-21e5-4026-b405-3281a1c094fa,700,43,743
6a06e834-043e-425d-b8c0-d6301faa461a,92f85679-d678-4b1f-9343-b97924ced844,2022-12-08 07:00:00,2c7c0b40-21e5-4026-b405-3281a1c094fa,500,31,531
8f2462b5-2019-4550-801d-b036b0dac1b4,e61583e8-f052-430d-90fd-68085acfc960,2022-12-08 07:58:00,2c7c0b40-21e5-4026-b405-3281a1c094fa,700,43,743
019f6f91-3905-4dac-b067-b9dc935bf1b9,4334d3c1-d272-4f31-b4ff-de447c05f4dd,2022-12-08 11:42:00,2c7c0b40-21e5-4026-b405-3281a1c094fa,600,37,637
f79c4266-6980-41aa-84a0-a2a202f9eeb6,9559b3f5-0745-4104-aeff-b4f1f8886bd7,2022-12-08 15:40:00,2c7c0b40-21e5-4026-b405-3281a1c094fa,400,25,425
63ff2c71-da8a-46d9-8d47-e334f0d068ed,40d7c7b5-c99c-40d5-a927-532dd7b06dde,2022-12-08 12:48:00,2c7c0b40-21e5-4026-b405-3281a1c094fa,1200,75,1275
7f714875-5478-449a-aa15-f94518596488,5b2dc95e-efec-46b9-aa80-1ca5c85a4269,2022-12-08 08:25:00,2c7c0b40-21e5-4026-b405-3281a1c094fa,700,43,743
e55eb622-d451-401f-be8a-23cbf2899c27,df6fe074-e03b-4605-bc26-5510896e9d5c,2022-12-08 09:47:00,2c7c0b40-21e5-4026-b405-3281a1c094fa,600,37,637
7b6b83d8-f80a-4813-bdbc-46e20e0f111b,e52aaea4-1556-4821-8cd6-a24a8217815f,2022-12-08 08:06:00,2c7c0b40-21e5-4026-b405-3281a1c094fa,500,31,531
02a00408-4055-45c5-9604-cc818f91abd2,ab4df321-67bc-425a-8aee-7e81929639d1,2022-12-08 07:54:00,2c7c0b40-21e5-4026-b405-3281a1c094fa,600,37,637
cac307c9-64e9-450c-836b-31c2a43ac0a2,4bf036f8-cdd5-4fd4-bb15-96f6fdfb6472,2022-12-08 07:51:00,2c7c0b40-21e5-4026-b405-3281a1c094fa,500,31,531
42af8ac4-b18c-4840-8f93-8d56f6044caf,be9a5cd7-728a-4593-b5b5-b13c1f98920d,2022-12-08 07:00:00,2c7c0b40-21e5-4026-b405-3281a1c094fa,700,43,743
3fda61ac-6285-4705-9cd9-5d0d6541bcd5,17813273-d6cb-446d-a0cc-5df31fb0263f,2022-12-08 12:04:00,2c7c0b40-21e5-4026-b405-3281a1c094fa,600,37,637
d41505f1-4f84-4fe7-a4c1-027bdaa4d4d8,24796668-1d6a-493c-a0dd-1bafc84036be,2022-12-08 07:12:00,2c7c0b40-21e5-4026-b405-3281a1c094fa,400,25,425
a3bacb03-c453-4ff3-8ad9-2ad3b8657f5e,5a88b3e4-1ba1-4430-8899-483fd984e89d,2022-12-08 07:40:00,2c7c0b40-21e5-4026-b405-3281a1c094fa,500,31,531
366fa60a-e9cf-4e26-9cca-986c808b901f,b5e90877-2a83-4959-9512-8328d9403492,2022-12-08 10:07:00,2c7c0b40-21e5-4026-b405-3281a1c094fa,1800,112,1912
7e9ab309-2b8f-4867-9e07-27e9e2b5810e,9739993f-f502-493c-a220-bfc05e1635a7,2022-12-08 16:10:00,2c7c0b40-21e5-4026-b405-3281a1c094fa,500,31,531
af2dda2d-5ee3-438c-803b-23fd083b20a6,10e46bfd-d0f5-4e00-b866-118e3d12fb34,2022-12-08 10:54:00,2c7c0b40-21e5-4026-b405-3281a1c094fa,600,37,637
323ee454-febe-4b98-a89a-77e359f8a17a,cc90bdd5-438f-4c36-b399-4b1be7281e64,2022-12-08 10:17:00,2c7c0b40-21e5-4026-b405-3281a1c094fa,2300,143,2443
e547903e-41bf-45c0-b2a0-4f1d5fdcb4c5,0de2aeba-fbe0-42cc-a250-f49f11ccb1b7,2022-12-08 14:27:00,2c7c0b40-21e5-4026-b405-3281a1c094fa,1800,112,1912
5e77e2d7-cdb6-4472-9ecf-f56982b579e7,8c433684-7a25-467e-afb1-be6cb25cb156,2022-12-08 10:55:00,2c7c0b40-21e5-4026-b405-3281a1c094fa,1300,81,1381
b26ca5bd-9171-467c-a1be-067d9ed39fc7,6711753d-3774-4e54-9f79-3ebf7762b9f9,2022-12-08 17:08:00,2c7c0b40-21e5-4026-b405-3281a1c094fa,700,43,743
6447b4f4-5156-4a35-a7ea-ee253d420e2c,cc8b427a-fcd6-4d92-8601-2a3c7d54e171,2022-12-08 17:23:00,2c7c0b40-21e5-4026-b405-3281a1c094fa,700,43,743
793d26fd-17dd-44d5-9493-1f3a58419b2b,89d86da7-67e0-4324-965d-77ebd26b7396,2022-12-08 08:37:00,2c7c0b40-21e5-4026-b405-3281a1c094fa,700,43,743
107a75dc-400f-41c6-928d-64a0b00f6172,c4cffa02-aa09-4ae6-a4dc-bb7e26c3b440,2022-12-08 07:01:00,2c7c0b40-21e5-4026-b405-3281a1c094fa,400,25,425
dff63aee-988f-4c5c-972a-01ebf87ec867,5c298d25-bd60-448d-a828-a1d1c08d3bf4,2022-12-08 07:48:00,2c7c0b40-21e5-4026-b405-3281a1c094fa,600,37,637
bc72ec9f-4acf-4fb5-a593-37f9c2f93bae,f231f357-ff6c-4960-938f-a5596a13fb07,2022-12-08 17:56:00,2c7c0b40-21e5-4026-b405-3281a1c094fa,1800,112,1912
6d7b51fd-faa8-4bed-9e46-95c1b8948b2d,0c395bc0-5637-4465-8c77-9232349cf3ee,2022-12-08 17:34:00,2c7c0b40-21e5-4026-b405-3281a1c094fa,1200,75,1275
6813f262-a389-4163-b9cc-90d580d023d0,b612256d-3418-40c1-97fc-fbbf395ac791,2022-12-08 17:11:00,2c7c0b40-21e5-4026-b405-3281a1c094fa,1500,93,1593
0f6772f3-09a4-4a3e-80bc-3be2a930b240,3c426c6a-4b67-4d8e-a89a-57a563164dee,2022-12-08 08:26:00,2c7c0b40-21e5-4026-b405-3281a1c094fa,600,37,637
232965b2-1160-40b4-835a-13f51840beed,627e216c-0671-47dd-902c-9fb076543b9e,2022-12-08 07:51:00,2c7c0b40-21e5-4026-b405-3281a1c094fa,500,31,531
bafa2f11-dbd5-4073-bdef-ef75daf7653d,1409cd42-7e74-4fa2-9ff3-b4d9d56ac42c,2022-12-08 07:50:00,2c7c0b40-21e5-4026-b405-3281a1c094fa,500,31,531
463723c7-2bb2-4c16-896f-12c0716e4bc3,b95ae917-38af-44ef-98a5-9bdf844ac239,2022-12-08 14:24:00,2c7c0b40-21e5-4026-b405-3281a1c094fa,400,25,425
21c49d3c-c088-4061-ad8d-2e476b10233a,1ccc49eb-7f71-45cc-81df-ac385f685028,2022-12-08 07:18:00,2c7c0b40-21e5-4026-b405-3281a1c094fa,500,31,531
e78f9a0a-41d3-4818-a27e-3ab3473d8005,e9914ccf-1cab-4fc8-9269-8c1a8f85eb5a,2022-12-08 08:44:00,2c7c0b40-21e5-4026-b405-3281a1c094fa,600,37,637
af99988e-e737-41e6-a014-670c4b9d009a,7e8d4795-8d8a-4188-acba-390847a8c1ae,2022-12-08 11:06:00,2c7c0b40-21e5-4026-b405-3281a1c094fa,600,37,637
66f8c8e4-e249-417d-b15d-24df47871bdd,2b24b563-07cf-43f5-bf88-efa0cabe0601,2022-12-08 14:44:00,2c7c0b40-21e5-4026-b405-3281a1c094fa,600,37,637
fb1976c7-9bf2-47f8-bd6c-2efcb787059d,7a976727-d6b6-45e6-a9ec-9f9bee01295b,2022-12-08 17:33:00,2c7c0b40-21e5-4026-b405-3281a1c094fa,2000,125,2125
5de98cc3-11c0-44d0-b9c0-40e5f3c5cb41,9d60be57-1b54-4e56-8191-7fc35fef020c,2022-12-08 13:33:00,2c7c0b40-21e5-4026-b405-3281a1c094fa,600,37,637
92152bf1-d9ac-4d04-b9c5-35a15f238db1,a898b31f-c8bd-4f5e-b261-ebe31e5158bc,2022-12-08 13:35:00,2c7c0b40-21e5-4026-b405-3281a1c094fa,600,37,637
a3270c75-138d-4175-8182-ca12f45f0062,5e7c7c18-a637-4a6e-bb24-87a77f90ddf1,2022-12-08 13:53:00,2c7c0b40-21e5-4026-b405-3281a1c094fa,500,31,531
ce27f3bb-85a4-41e5-b22d-22ff7f505454,d27d7182-0397-4734-b076-2f556218e9f1,2022-12-08 17:09:00,2c7c0b40-21e5-4026-b405-3281a1c094fa,600,37,637
16e87c02-d56f-4b9b-b6a7-65319e9af523,3a580c58-a316-47fb-b0c9-1d95666d47d7,2022-12-08 07:20:00,2c7c0b40-21e5-4026-b405-3281a1c094fa,600,37,637
e3a4892c-f9e1-45d8-b177-8e25a9bb1d58,fe9d2747-393a-4e72-8e43-6d997f2418d6,2022-12-08 08:54:00,2c7c0b40-21e5-4026-b405-3281a1c094fa,500,31,531
2353486c-bf16-4be7-9db1-285d6dd25dcf,27385e8e-11c9-453d-a177-3a8890bab09a,2022-12-08 10:12:00,2c7c0b40-21e5-4026-b405-3281a1c094fa,400,25,425
ba8e81d4-43fa-48c9-9d0e-281b74abc732,27d2e3d3-99cb-4478-950f-9cbf9f2cc532,2022-12-08 08:14:00,2c7c0b40-21e5-4026-b405-3281a1c094fa,500,31,531
580a14e9-323b-4bfb-875b-96035e16de3d,317af3b3-84ba-4923-9e51-e7933277830f,2022-12-08 16:55:00,2c7c0b40-21e5-4026-b405-3281a1c094fa,1800,112,1912
1de750ec-e8b1-4ee9-82c9-ae88d49951d0,e44dcf8d-2ef5-40ca-8d77-f21cb1c148b8,2022-12-08 08:21:00,2c7c0b40-21e5-4026-b405-3281a1c094fa,1400,87,1487
2a29b13e-abbc-40e3-869c-666290a49967,9209c56e-0f5f-493e-a7ad-a5c3f0889aac,2022-12-08 12:47:00,2c7c0b40-21e5-4026-b405-3281a1c094fa,1900,118,2018
2ba7d524-7586-424d-8ec9-1b3d981ceb36,09916698-df9d-4be7-a8f4-f7748cbab9a5,2022-12-08 11:03:00,2c7c0b40-21e5-4026-b405-3281a1c094fa,3500,218,3718
fbd4a162-d718-4290-8489-da17fcc7ec92,376ebf34-5cd8-4b7a-8537-66e16f53ed5f,2022-12-08 15:09:00,2c7c0b40-21e5-4026-b405-3281a1c094fa,700,43,743
09bd0f7b-1a9e-478c-9ecf-629f7830d59e,62a52493-e5ec-476f-9bec-c8f82abd3323,2022-12-08 07:23:00,2c7c0b40-21e5-4026-b405-3281a1c094fa,700,43,743
c6fd75e7-1eda-4edf-bd89-37bdd414f2ec,6e8abc01-d4ee-4a72-8f08-35b45bf67965,2022-12-08 10:04:00,2c7c0b40-21e5-4026-b405-3281a1c094fa,1500,93,1593
48b5c763-c129-4d2c-bc68-67439cc36bb1,d6051f3b-7116-4f92-bb67-34699dc3ce20,2022-12-08 11:36:00,2c7c0b40-21e5-4026-b405-3281a1c094fa,2500,156,2656
b16f1956-38a9-47ef-9ba9-7eb6534a0c26,a87e672a-f008-4b22-bb8a-df6f8dec5d3c,2022-12-08 18:03:00,2c7c0b40-21e5-4026-b405-3281a1c094fa,700,43,743
ca7eb083-30e4-47e1-82cd-f6f26bd55028,681cebbd-56fd-4ad3-99b4-726306cbaa73,2022-12-08 08:01:00,2c7c0b40-21e5-4026-b405-3281a1c094fa,600,37,637
e93dfdb3-18b7-404c-b9af-c066981ff1dc,9c02b9e3-3e53-451a-abb0-96f63308bb02,2022-12-08 07:42:00,2c7c0b40-21e5-4026-b405-3281a1c094fa,600,37,637
2c02a3d7-3bc9-422a-a8e5-f56a3485c8da,cc5c0c1a-857b-42ec-991b-22ab9d333141,2022-12-08 07:20:00,2c7c0b40-21e5-4026-b405-3281a1c094fa,700,43,743
cd2b1f82-dc87-4efb-a42b-ebf037285302,ea97db70-9e3b-4bc2-973f-6e3f2be46e5f,2022-12-08 07:39:00,2c7c0b40-21e5-4026-b405-3281a1c094fa,400,25,425
f63a257b-ea68-468e-8107-07eee690cc7c,1cc557ae-f87b-4765-9bc4-0f1dd6f53013,2022-12-08 08:25:00,2c7c0b40-21e5-4026-b405-3281a1c094fa,400,25,425
7e8732c3-a95e-44b6-a58a-a847d223942f,f91faf5c-1c47-45c9-aad2-29930f300126,2022-12-08 09:08:00,2c7c0b40-21e5-4026-b405-3281a1c094fa,500,31,531
3c4a3d74-c3b1-461c-b7d1-b64d8e724bae,414e72b8-a890-4597-b3f7-d6da0f9d4531,2022-12-08 07:55:00,2c7c0b40-21e5-4026-b405-3281a1c094fa,400,25,425
90a838d8-2421-4768-bb06-82688ce9ef3b,e26fafe1-9a63-43ca-b38b-ed5f0ea96f66,2022-12-08 15:04:00,2c7c0b40-21e5-4026-b405-3281a1c094fa,600,37,637
10f837ad-e101-4658-bc90-1b335dad2295,905a1a14-02a3-4d80-a710-d9769750a63d,2022-12-08 15:16:00,2c7c0b40-21e5-4026-b405-3281a1c094fa,1700,106,1806
5bbe7e28-2346-42fb-b513-0a7fdcc73808,1313316f-0c13-404e-8197-2bde150a1ddd,2022-12-08 07:24:00,2c7c0b40-21e5-4026-b405-3281a1c094fa,600,37,637
4cd5c499-fe67-44da-bad3-e7d75100dedf,32a8b8e6-453f-4153-b08b-aaeedc146c9d,2022-12-08 17:35:00,2c7c0b40-21e5-4026-b405-3281a1c094fa,2100,131,2231
87391343-24c6-4017-8786-41de1be2911e,de670223-8a3e-4b82-a4d4-b03cc596af73,2022-12-08 08:11:00,2c7c0b40-21e5-4026-b405-3281a1c094fa,400,25,425
0e83b4f9-edc2-4950-8d0a-74019886f875,f304ef62-c15a-4a60-ab1c-ad7af392467e,2022-12-08 08:06:00,2c7c0b40-21e5-4026-b405-3281a1c094fa,500,31,531
b6cf1818-28ba-4111-a894-f100611d6512,dc0bde54-b18c-450d-a2a5-7ec3e3bce7c3,2022-12-08 13:48:00,2c7c0b40-21e5-4026-b405-3281a1c094fa,400,25,425
de84427f-69f9-4184-a678-a7fe9d5dfb62,3cae3cae-a64f-491f-a508-68ff36ecb4af,2022-12-08 07:33:00,2c7c0b40-21e5-4026-b405-3281a1c094fa,600,37,637
bf1c604a-b9ba-4510-abe9-e504beaf3033,b453354b-0417-476e-8175-326090454bc9,2022-12-08 12:28:00,2c7c0b40-21e5-4026-b405-3281a1c094fa,600,37,637
dd82809e-ee45-4df6-804e-24d1ea839f56,7dd6c618-4f1f-4481-8212-0ca877effb17,2022-12-08 14:19:00,2c7c0b40-21e5-4026-b405-3281a1c094fa,700,43,743
69c4f0e6-3507-4e57-8b0f-ee1c6820471a,96924eb0-a996-4610-ae35-0949499a223a,2022-12-08 08:01:00,2c7c0b40-21e5-4026-b405-3281a1c094fa,600,37,637
1af07291-637f-4c76-a64f-444d2a0429ec,6c98f86b-b539-4054-a6da-a0f41d26ae4b,2022-12-08 13:48:00,2c7c0b40-21e5-4026-b405-3281a1c094fa,1900,118,2018
2d7bf6cd-4a50-48e9-987d-6c0770157a24,685c96af-5c89-414f-a885-bfb3740026ed,2022-12-08 16:43:00,2c7c0b40-21e5-4026-b405-3281a1c094fa,1600,100,1700
a7bb0193-ddcf-4cc4-8841-38d3ca4a27d1,2f0ecbb9-4ae8-45d7-8f01-f82126757ca5,2022-12-08 08:18:00,2c7c0b40-21e5-4026-b405-3281a1c094fa,600,37,637
41ce7893-b28e-42ca-a944-09fb8320650b,746e0e2f-a988-4e0c-b475-91c509254f38,2022-12-08 11:32:00,2c7c0b40-21e5-4026-b405-3281a1c094fa,1200,75,1275
240c5d70-9d62-4226-9093-4dec42c246b2,104b478d-b925-4eb1-b365-ae2354f1fd19,2022-12-08 08:05:00,2c7c0b40-21e5-4026-b405-3281a1c094fa,700,43,743
d04eab33-e295-401f-a75d-4f8d83aa3b54,cdea4af0-7c90-48ed-bb8b-411fb9de8b57,2022-12-08 08:27:00,2c7c0b40-21e5-4026-b405-3281a1c094fa,400,25,425
d55e522e-e20d-40d6-821e-296276f30e8f,f3e64264-67a2-42fb-878a-17ff2055ab31,2022-12-08 17:10:00,2c7c0b40-21e5-4026-b405-3281a1c094fa,700,43,743
1dac44e6-1a15-47f7-b297-ab13f437a332,aec1cde7-0627-4bec-a528-fe77ca766b5e,2022-12-08 07:07:00,2c7c0b40-21e5-4026-b405-3281a1c094fa,700,43,743
3e4608a3-eceb-4940-96b8-f44cd664dbb4,aa4ec845-d8fb-4eed-855a-86968f2d2ef4,2022-12-08 18:33:00,2c7c0b40-21e5-4026-b405-3281a1c094fa,1700,106,1806
b0ef77b5-2f03-4331-90cc-9038d0479370,d6965668-a794-4ad0-b0a8-93a8001a6500,2022-12-08 09:38:00,2c7c0b40-21e5-4026-b405-3281a1c094fa,2200,137,2337
2d2bb893-565d-4ccd-b241-abd5a509d003,465154fc-21ed-456c-9e03-9b71c66094d5,2022-12-08 08:27:00,2c7c0b40-21e5-4026-b405-3281a1c094fa,600,37,637
94399a56-ff17-45e2-86e6-ea260ad7145a,88d1c02d-6775-4e15-8928-89781add052b,2022-12-08 17:12:00,2c7c0b40-21e5-4026-b405-3281a1c094fa,500,31,531
70a847e9-867f-478c-a946-55d452486e94,efe6ab20-484e-4550-8eba-b6750c0893a3,2022-12-08 17:16:00,2c7c0b40-21e5-4026-b405-3281a1c094fa,2200,137,2337
3d4c951f-ee8d-42f5-8312-72b35c59b241,bafdbd24-482a-4926-ad19-d5f2929c3e93,2022-12-08 16:16:00,2c7c0b40-21e5-4026-b405-3281a1c094fa,1700,106,1806
83dc437f-6d77-4b5a-922d-c855d5db74be,b456bef1-be7e-443f-8f55-cfc2ea8e6a4a,2022-12-08 13:04:00,2c7c0b40-21e5-4026-b405-3281a1c094fa,400,25,425
8938cff4-0055-487d-abdb-ce8f964f6662,2647f821-e1c8-44ee-bc24-7b9932bf9766,2022-12-08 07:47:00,2c7c0b40-21e5-4026-b405-3281a1c094fa,400,25,425
6f570765-1ab6-4bd9-acd4-afb8e5a79b95,bb7a9f55-4ac3-43cc-bbe9-d1a3c3e8f35e,2022-12-08 13:07:00,2c7c0b40-21e5-4026-b405-3281a1c094fa,2100,131,2231
3ff2f15d-91c1-49d1-8df5-f61e5cf1202b,fe4e4be2-2e96-4037-9bdf-28440a160f62,2022-12-08 08:43:00,2c7c0b40-21e5-4026-b405-3281a1c094fa,600,37,637
895e13ea-f2cc-4c83-9128-89b4f9708f9e,9e618262-7b79-4704-9035-2fcdf8d34ffb,2022-12-08 17:09:00,2c7c0b40-21e5-4026-b405-3281a1c094fa,2200,137,2337
fcc0bd2b-7049-49a7-aaa6-136a5f7af066,08a83635-904a-4c48-8187-470b38512520,2022-12-08 13:09:00,2c7c0b40-21e5-4026-b405-3281a1c094fa,2100,131,2231
77172f76-6965-46e0-bc72-2dab30380486,a6addfaf-a6de-45ac-940f-5d4614f279d0,2022-12-08 07:48:00,2c7c0b40-21e5-4026-b405-3281a1c094fa,500,31,531
7e5ada67-21de-45dd-82b5-ca279cd9e132,ed638312-1c1b-49b3-8fb5-9f1ffcf9b352,2022-12-08 13:25:00,2c7c0b40-21e5-4026-b405-3281a1c094fa,700,43,743
31562780-b78f-41b5-869b-98a03c3998df,c166c928-03f6-4635-b322-14421afbbbaa,2022-12-08 15:19:00,2c7c0b40-21e5-4026-b405-3281a1c094fa,1700,106,1806
3a75cf37-140a-41d8-8377-e3ad3797062d,5f978986-a526-43a2-bdc6-828868d49b61,2022-12-08 09:28:00,2c7c0b40-21e5-4026-b405-3281a1c094fa,600,37,637
e2b3eb45-1aeb-4869-ac61-ea3f65e06651,6dbbc49a-b5ce-4831-ba60-3b12b6a89fc4,2022-12-08 11:51:00,2c7c0b40-21e5-4026-b405-3281a1c094fa,1900,118,2018
33e1db65-a69b-452b-8806-eb7053abec19,d3cfc0ae-db6e-4a28-b44b-a1dac1061d90,2022-12-08 17:11:00,2c7c0b40-21e5-4026-b405-3281a1c094fa,1300,81,1381
6240d98a-bbba-4192-b7d9-48f595b01943,707aea69-776e-4c29-a2b9-e8d63dbead69,2022-12-08 17:43:00,2c7c0b40-21e5-4026-b405-3281a1c094fa,500,31,531
66a1bc63-49db-4ec8-ae41-39c549bfceac,d909260f-5040-471a-9c3f-5651fa8c03ed,2022-12-08 08:49:00,2c7c0b40-21e5-4026-b405-3281a1c094fa,600,37,637
ab4d7130-49fa-4e24-b5eb-4912609b71cc,f1098a10-244b-46cb-b192-2ad182a44975,2022-12-08 08:22:00,2c7c0b40-21e5-4026-b405-3281a1c094fa,400,25,425
768f7a4e-be20-42b1-a309-572d19fc0be8,81dc0475-225a-4cd3-bb26-cdfeb86390df,2022-12-08 17:15:00,2c7c0b40-21e5-4026-b405-3281a1c094fa,600,37,637
b5ae8e5a-4ef3-4447-8151-4398ad6e1e28,b394c22a-41af-4bae-a9f3-dda0649b45ed,2022-12-08 07:05:00,2c7c0b40-21e5-4026-b405-3281a1c094fa,500,31,531
205fbf98-72ed-4db0-bfd6-8690c045dd1b,fb1214b1-db3f-4cac-bc2e-6b6d585600fb,2022-12-08 08:29:00,2c7c0b40-21e5-4026-b405-3281a1c094fa,600,37,637
ec24bea3-83dd-4bef-884b-d471e21326ec,c7bf9141-bdf4-4972-89cc-19b540b7964f,2022-12-08 13:01:00,2c7c0b40-21e5-4026-b405-3281a1c094fa,2600,162,2762
d058811d-20ce-475b-8b01-56071d4bf4b7,1bcdea75-7acc-492e-a184-a61e51c1cfa5,2022-12-08 08:30:00,2c7c0b40-21e5-4026-b405-3281a1c094fa,600,37,637
0977d5bc-feb7-41ca-8f67-4d5e445a5ec1,f8919ba3-1c0e-4da5-9408-18923a2ad8fb,2022-12-08 07:47:00,2c7c0b40-21e5-4026-b405-3281a1c094fa,600,37,637
911b679c-b5cf-4bab-8cd1-8bc143613f08,89e0be6f-b800-46b3-b14a-d6c78ced2780,2022-12-08 13:20:00,2c7c0b40-21e5-4026-b405-3281a1c094fa,700,43,743
ca3ec075-c8f2-4e35-b454-aef36c935fc3,68633904-669b-4fec-a191-293eab108c93,2022-12-08 17:29:00,2c7c0b40-21e5-4026-b405-3281a1c094fa,700,43,743
e7356405-5330-4b03-8511-c5a0426229bd,d753ccfa-106f-47a3-8e03-44b0e6831af3,2022-12-08 07:32:00,2c7c0b40-21e5-4026-b405-3281a1c094fa,600,37,637
239c9b87-3a35-4260-a9b0-3d4bffc134b0,608b62cf-f498-4f33-9528-de6ffb9555c2,2022-12-08 07:56:00,2c7c0b40-21e5-4026-b405-3281a1c094fa,600,37,637
4a869a73-e8a7-4d3f-9133-c9a9e9eeaf99,769dd9bd-a72a-437f-a07e-076c97c4ac9a,2022-12-08 11:20:00,2c7c0b40-21e5-4026-b405-3281a1c094fa,400,25,425
69ea07b8-5256-4195-9b88-3c5b395b2aad,b8ca5b54-3fa9-4f61-91ce-beeaa92f1424,2022-12-08 08:04:00,2c7c0b40-21e5-4026-b405-3281a1c094fa,400,25,425
87e9e3c0-3342-4830-9bb7-51e7ffa52eb2,6b2f49e4-56bd-446a-97ee-d3ddd9804d7f,2022-12-08 08:07:00,2c7c0b40-21e5-4026-b405-3281a1c094fa,600,37,637
2024eff7-1d6c-457a-9695-8212fdca2db0,7a493345-f39f-41ad-bde0-d580c0b49953,2022-12-08 12:47:00,2c7c0b40-21e5-4026-b405-3281a1c094fa,1700,106,1806
df03f153-ff3d-4710-adde-e1b28bbe7708,096383e8-fafc-418f-8cdd-a2ec9f44ddd3,2022-12-08 09:04:00,2c7c0b40-21e5-4026-b405-3281a1c094fa,700,43,743
686e99b8-ba9e-4955-a481-50267cf00f21,b3f8d609-aecf-4d7a-9323-cd10ba08a44a,2022-12-08 16:00:00,2c7c0b40-21e5-4026-b405-3281a1c094fa,1500,93,1593
906989f3-b094-47fa-9c4d-116567bb54b4,cf1bbe7c-d999-4a2e-bc3a-93bb9e785f1b,2022-12-08 16:20:00,2c7c0b40-21e5-4026-b405-3281a1c094fa,400,25,425
5e2f7c1a-b277-4efa-af9c-a4246d5bb121,4cd24ca3-21c7-43e7-bd3e-65bc863a16d7,2022-12-08 07:59:00,2c7c0b40-21e5-4026-b405-3281a1c094fa,400,25,425
a5bcb990-f8a5-4075-8949-ff7b4d642b61,aae661ad-0411-4b0f-b7fb-6c26c099cfd7,2022-12-08 08:32:00,2c7c0b40-21e5-4026-b405-3281a1c094fa,600,37,637
1c4e18fe-72e4-4c10-9d94-082d0ef0820f,8391b449-3f7a-47a8-b81f-292dfdb07b53,2022-12-08 07:49:00,2c7c0b40-21e5-4026-b405-3281a1c094fa,600,37,637
105d19a2-8b36-46d9-a63b-3dfcdfd34121,762c5a04-e686-4d09-b4c3-40c6aed67774,2022-12-08 11:12:00,2c7c0b40-21e5-4026-b405-3281a1c094fa,500,31,531
cd43e210-9b28-4cbf-9a4f-3c1114dce345,95cd817f-1c5b-4828-99f7-7fe575406cc9,2022-12-08 17:18:00,2c7c0b40-21e5-4026-b405-3281a1c094fa,400,25,425
19a24d44-9b93-455d-9339-cd2c4be0b89e,6a30b004-d1c0-4e76-9339-45a7fe99fc87,2022-12-08 17:16:00,2c7c0b40-21e5-4026-b405-3281a1c094fa,500,31,531
73506c83-a886-4e23-b916-6ce6578f856e,18afc0db-1e5b-4253-8e28-7d9b763a4796,2022-12-08 13:43:00,2c7c0b40-21e5-4026-b405-3281a1c094fa,0,0,0
2399a649-40c7-4aaf-8ade-2d79d1463a26,e87d7dd4-253c-4904-856b-2bc3e4610bbc,2022-12-08 07:43:00,2c7c0b40-21e5-4026-b405-3281a1c094fa,600,37,637
3b985e20-6b4d-45ef-99a0-38e6ff241abc,0716e8f7-31e6-4605-8c33-c9717eb1828b,2022-12-08 07:57:00,2c7c0b40-21e5-4026-b405-3281a1c094fa,700,43,743
31b31ad0-42b5-439e-9ed3-87da08dbbf04,f5ca275f-bdbe-419a-ac47-5ffc48b1f4fe,2022-12-08 07:52:00,2c7c0b40-21e5-4026-b405-3281a1c094fa,600,37,637
5774d426-73a5-4bbc-82ff-b10a9e3a0a41,770ef8a9-2d3e-436a-8d56-15cbb14191f6,2022-12-08 08:02:00,2c7c0b40-21e5-4026-b405-3281a1c094fa,600,37,637
35a98b9f-2013-4cf5-98d2-917e75b82496,bfcf1f8f-5629-4da7-a70b-69650ccee4da,2022-12-08 13:53:00,2c7c0b40-21e5-4026-b405-3281a1c094fa,700,43,743
af17b1e6-f44f-47b7-a11a-035278aad260,9cf15c00-66f8-446b-aa1e-6cfaa15a28cd,2022-12-08 07:50:00,2c7c0b40-21e5-4026-b405-3281a1c094fa,700,43,743
986e5531-eadb-4679-af54-ea7f0718073b,c950e872-765f-41c6-9298-08946b5da33c,2022-12-08 16:13:00,2c7c0b40-21e5-4026-b405-3281a1c094fa,1300,81,1381
f6298170-f0a3-4d7d-aa8c-c4149d72ea49,0a1537fd-daf7-45b7-9079-4896eebfc105,2022-12-08 07:52:00,2c7c0b40-21e5-4026-b405-3281a1c094fa,700,43,743
9c40cd89-870a-433f-b180-f82002c6b24e,d9f23164-9fc0-4804-9b89-c220b8f14417,2022-12-08 11:10:00,2c7c0b40-21e5-4026-b405-3281a1c094fa,1800,112,1912
e4ca376b-4ff2-4bdf-80d7-1ac0ce9ac3e3,b1fedc8d-d8e8-45ea-9dfb-5b47351591d6,2022-12-08 15:10:00,2c7c0b40-21e5-4026-b405-3281a1c094fa,600,37,637
da9cb5db-1508-4ef9-8421-eac665d746bd,e3954c8f-706c-4955-aa47-53462acf95f6,2022-12-08 17:15:00,2c7c0b40-21e5-4026-b405-3281a1c094fa,1900,118,2018
78b2d6e0-0e34-435e-a047-de1cad6e4333,e57fd108-3118-442c-b5b5-7c1add68fb8a,2022-12-08 14:33:00,2c7c0b40-21e5-4026-b405-3281a1c094fa,1700,106,1806
6950769f-ae35-4ff1-a8a7-17345b381a7f,7f07fcee-dd67-4eff-8f85-b102c1043eb8,2022-12-08 16:31:00,2c7c0b40-21e5-4026-b405-3281a1c094fa,700,43,743
e9ec802e-ede6-4f4e-b709-f677e766769d,1481f859-7fad-49a6-8222-7de03bebd7ed,2022-12-08 12:17:00,2c7c0b40-21e5-4026-b405-3281a1c094fa,400,25,425
c6473df2-2a4d-4940-8e58-9036f87db4a5,f31a1202-5968-4ef4-9fab-c9c3e9e6d12a,2022-12-08 12:55:00,2c7c0b40-21e5-4026-b405-3281a1c094fa,1200,75,1275
42fb9850-fe12-4bf6-bd40-55bf668da383,b261ee63-cdf8-409f-a4d5-5a5f5648f8fd,2022-12-08 07:59:00,2c7c0b40-21e5-4026-b405-3281a1c094fa,600,37,637
efe7e21a-1919-4412-b25e-90ca5ae9cb81,17314111-8073-4571-82b0-3cbdaf3672bd,2022-12-08 08:14:00,2c7c0b40-21e5-4026-b405-3281a1c094fa,600,37,637
ca493723-766a-4468-8ec6-31d7d7353dfc,949fe8f4-8334-4f81-b38c-40be2a439d7a,2022-12-08 08:34:00,2c7c0b40-21e5-4026-b405-3281a1c094fa,600,37,637
4aeeee40-ff12-4d55-ba76-eca5437d4199,c00da9ba-d5c6-48cc-a9d7-ae2f6b116876,2022-12-08 07:58:00,2c7c0b40-21e5-4026-b405-3281a1c094fa,700,43,743
a798e130-2d38-440b-ae6f-72452a6df0f5,7b07cdef-7550-4398-a827-0f166702558d,2022-12-08 12:22:00,2c7c0b40-21e5-4026-b405-3281a1c094fa,400,25,425
c1f614d2-242c-4845-aae4-1c3f24044162,7815f514-9fba-4b3a-a396-b1c903e2d5ea,2022-12-08 08:57:00,2c7c0b40-21e5-4026-b405-3281a1c094fa,600,37,637
65553136-a4ba-4797-bd50-ed6d1502d1b4,cda4a9bc-f8e6-4524-9544-d93d4a610a47,2022-12-08 14:07:00,2c7c0b40-21e5-4026-b405-3281a1c094fa,400,25,425
a1cac37d-95cd-4aef-b090-e05a47514724,4ceaf012-7044-4c13-9ff6-afb4f9f197eb,2022-12-08 08:24:00,2c7c0b40-21e5-4026-b405-3281a1c094fa,700,43,743
29bff28b-f00f-4e03-886b-317932de221c,e5296814-9316-48d8-8b0e-ee925b70e267,2022-12-08 11:26:00,2c7c0b40-21e5-4026-b405-3281a1c094fa,500,31,531
8828b2b4-d2a1-4499-b382-0ba103fde960,c6618ebe-a7ef-4995-9121-89db4708048f,2022-12-08 15:09:00,2c7c0b40-21e5-4026-b405-3281a1c094fa,500,31,531
227ac356-fadf-4b0b-8afe-a260bb4080eb,81623240-5b2b-4c4c-9123-2b9d204810d4,2022-12-08 10:52:00,2c7c0b40-21e5-4026-b405-3281a1c094fa,400,25,425
55e3726e-f243-46d6-86e3-d6e252be21eb,85dc0f8e-0185-44ca-ab0f-e81472fd3739,2022-12-08 17:26:00,2c7c0b40-21e5-4026-b405-3281a1c094fa,400,25,425
1ee3dfe9-3d79-45c0-9dc2-500efedfe1a8,411bf114-1d91-4d9e-9b2e-2eb1e59d80bb,2022-12-08 08:03:00,2c7c0b40-21e5-4026-b405-3281a1c094fa,700,43,743
0abdf339-e95a-4b73-b895-d1c19bf9fe9b,95482014-2031-41aa-aed1-10e1966f8211,2022-12-08 14:36:00,2c7c0b40-21e5-4026-b405-3281a1c094fa,600,37,637
b6482059-54ff-4b7c-a28c-e852e2b38261,db840a3d-ae8a-4f70-93d0-a7ceb56ce5d4,2022-12-08 16:03:00,2c7c0b40-21e5-4026-b405-3281a1c094fa,1700,106,1806
8389cf6b-72d6-4a53-943d-7f75d398c45d,ede97af1-6cfd-49bc-abd6-1dbfd267d239,2022-12-08 18:56:00,2c7c0b40-21e5-4026-b405-3281a1c094fa,600,37,637
77a3f4b2-ded6-4367-8aa6-e34b7892957f,6cb7ea64-a794-4489-aff9-5d771b62259c,2022-12-08 12:02:00,2c7c0b40-21e5-4026-b405-3281a1c094fa,2500,156,2656
fa2ea611-a8d5-439e-89bc-7b9799e1ba8a,9d117cbc-8206-44fc-a784-1b7e26e69f14,2022-12-08 08:02:00,2c7c0b40-21e5-4026-b405-3281a1c094fa,400,25,425
46838ff1-409b-4421-a189-c3b41e26b270,c38122f1-bf34-4609-86ba-ffd1f95e88a1,2022-12-08 07:50:00,2c7c0b40-21e5-4026-b405-3281a1c094fa,700,43,743
25741556-cf64-48c0-aa1c-9bfe6a7c8b0e,33403027-f2f6-4d5b-b72a-f9a6bd0f75d6,2022-12-08 12:48:00,2c7c0b40-21e5-4026-b405-3281a1c094fa,400,25,425
0ff25076-9374-4d05-b337-d534b8164dcb,772d8bfa-fdf2-46f4-a3e9-dc480c44c066,2022-12-08 14:55:00,2c7c0b40-21e5-4026-b405-3281a1c094fa,700,43,743
24a15d58-4f33-430f-a7a6-887c7705ad99,b29427fc-5839-43aa-8cce-5fabfae85302,2022-12-08 16:57:00,2c7c0b40-21e5-4026-b405-3281a1c094fa,600,37,637
be853cf5-8007-4c08-b5d2-6ce89d9695d3,9fddd59b-8092-44dd-823a-2a10f4a954f3,2022-12-08 08:59:00,2c7c0b40-21e5-4026-b405-3281a1c094fa,500,31,531
f8656471-10dc-4c38-9505-cd1be21aaecf,3d0f7b2e-b6d1-44b5-8756-a848f2eab391,2022-12-08 17:47:00,2c7c0b40-21e5-4026-b405-3281a1c094fa,2100,131,2231
475a7b34-680a-4d87-96a1-92488e0ada1e,900c8b72-6cf9-41c2-9528-bfd661a2a6c5,2022-12-08 07:14:00,2c7c0b40-21e5-4026-b405-3281a1c094fa,600,37,637
714f292c-88f5-4451-8ac5-c28bf03ef321,fd0a14de-47c2-4cc3-a067-321ea46cfacb,2022-12-08 13:26:00,2c7c0b40-21e5-4026-b405-3281a1c094fa,1700,106,1806
be82e5df-c751-42b9-9a8d-0a182d76f599,05d37c9d-0780-45ea-9c41-ae74878ca992,2022-12-08 08:18:00,2c7c0b40-21e5-4026-b405-3281a1c094fa,600,37,637
27397261-7a37-4dc7-847f-62647b39e491,2d98fe07-303d-43ac-b2c7-b688f0765087,2022-12-08 08:10:00,2c7c0b40-21e5-4026-b405-3281a1c094fa,600,37,637
f243c166-8162-4b51-9060-bed8abcd1958,f75a6b15-5908-4701-be73-63cc159dd363,2022-12-08 08:52:00,2c7c0b40-21e5-4026-b405-3281a1c094fa,700,43,743
b13fe155-9351-49ea-abe6-506cfda611d7,8ba73904-d8b0-484e-9571-8f4fb405a99a,2022-12-08 15:35:00,2c7c0b40-21e5-4026-b405-3281a1c094fa,800,50,850
9ec67006-eb3c-4343-93ee-79cccd5e5f13,325d860f-7129-46e3-84fb-ece38a4a511e,2022-12-08 08:20:00,2c7c0b40-21e5-4026-b405-3281a1c094fa,500,31,531
2605b3ac-8067-4e19-9ee2-a18910247015,185f50fa-1880-4d33-bffb-0229c00021e1,2022-12-08 08:11:00,2c7c0b40-21e5-4026-b405-3281a1c094fa,600,37,637
24773007-dcf4-4c8f-b218-37a20067dd55,70de3474-e117-42f3-8d50-5371e1acae17,2022-12-08 13:18:00,2c7c0b40-21e5-4026-b405-3281a1c094fa,2100,131,2231
a01a314e-f4f8-48dd-9d72-7c6af5373f22,82ebe082-4789-437f-b9ad-9b5af2e151f2,2022-12-08 12:49:00,2c7c0b40-21e5-4026-b405-3281a1c094fa,500,31,531
29d649b8-c2ce-4c1e-a931-4311430f538a,b20bae30-2c82-4e03-ae3e-c6a9238fa0a2,2022-12-08 08:01:00,2c7c0b40-21e5-4026-b405-3281a1c094fa,700,43,743
ecf25406-1928-4c2a-9c5d-5b3d648b0a77,0b1434d8-87fe-40c9-9029-702c51ba0dc8,2022-12-08 14:12:00,2c7c0b40-21e5-4026-b405-3281a1c094fa,700,43,743
0f68156e-cd42-4833-b407-9d5e8ddd7664,d1d9e650-9178-4395-b1e9-36d4bf78b10b,2022-12-08 16:12:00,2c7c0b40-21e5-4026-b405-3281a1c094fa,600,37,637
cf7f4a2b-e4a0-4b68-9e72-3781c0f59510,77679713-afd0-4b0c-84b3-755462888e28,2022-12-08 15:30:00,2c7c0b40-21e5-4026-b405-3281a1c094fa,1600,100,1700
0cc2a056-c2fe-47d5-a365-3f18661eaa4c,54cf7510-06ec-4749-8608-47e47e4bae7e,2022-12-08 15:27:00,2c7c0b40-21e5-4026-b405-3281a1c094fa,1800,112,1912
b074fe18-e01e-442b-b34c-ad38edf7766e,8bdfd5f7-e6c8-4213-90f8-290340275705,2022-12-08 07:44:00,2c7c0b40-21e5-4026-b405-3281a1c094fa,600,37,637
319170a7-fd6f-4d48-b97c-4b03f428b90e,cbeee0fc-3284-458f-93fd-3c8b150ac383,2022-12-08 14:25:00,2c7c0b40-21e5-4026-b405-3281a1c094fa,600,37,637
1578d79f-a860-4e15-ad81-d40f2eae8227,4930bc83-623f-498d-9657-e6946df34670,2022-12-08 07:47:00,2c7c0b40-21e5-4026-b405-3281a1c094fa,500,31,531
5962557a-d497-448b-a1f9-8ff386695f4f,ff0e6672-f5c3-49c3-8641-640328bd5e32,2022-12-08 07:30:00,2c7c0b40-21e5-4026-b405-3281a1c094fa,500,31,531
a5af9847-0895-489a-ba67-056187c4b76c,eb7f58bc-0664-4ace-ae93-92e55562d42c,2022-12-08 10:30:00,2c7c0b40-21e5-4026-b405-3281a1c094fa,400,25,425
2b655e9c-9d88-4d5b-be9e-cd2a3abf7403,2126e90c-f785-447f-8084-2c01f266f801,2022-12-08 12:34:00,2c7c0b40-21e5-4026-b405-3281a1c094fa,900,56,956
526682c0-f460-47c7-bd3e-5a1b521bec9a,4ed02205-22bb-4bfd-896c-d175d6567c62,2022-12-08 17:20:00,2c7c0b40-21e5-4026-b405-3281a1c094fa,1500,93,1593
11c1f0e0-9948-4f78-a05b-6aa156c07dd9,86ce2bfe-cfd3-43d7-bf73-302839416a8f,2022-12-08 07:58:00,2c7c0b40-21e5-4026-b405-3281a1c094fa,600,37,637
87d077a2-8ef6-4dad-9320-5f6c0ecf220f,d3a2e187-0d5f-4c0d-889d-aab3ff2fd8ba,2022-12-08 08:14:00,2c7c0b40-21e5-4026-b405-3281a1c094fa,600,37,637
d96a92db-cff7-4d5b-874d-51d8f2141abf,9f15e740-2f82-40a0-be8d-3d0d64c9dd5c,2022-12-08 16:40:00,2c7c0b40-21e5-4026-b405-3281a1c094fa,1800,112,1912
b9727866-be73-41f8-8e4d-c574cf05f02f,7e704409-e995-4e26-8eae-5d89eeb90107,2022-12-08 12:31:00,2c7c0b40-21e5-4026-b405-3281a1c094fa,600,37,637
d7c5ca25-7205-4c76-9237-3a95cd51d0fd,2aebbf7f-b775-4c03-9a7c-83deebadf4c0,2022-12-08 07:47:00,2c7c0b40-21e5-4026-b405-3281a1c094fa,600,37,637
31fa3ce8-daa3-4fc5-8aa4-14a40379b352,6c89e693-e895-44dc-b33d-28f79f7c619b,2022-12-08 08:18:00,2c7c0b40-21e5-4026-b405-3281a1c094fa,700,43,743
be8fa862-3545-4a3b-b032-fe068248fdde,32e90055-dc31-432b-8858-e6a60f312009,2022-12-08 16:27:00,2c7c0b40-21e5-4026-b405-3281a1c094fa,2000,125,2125
48229290-10ff-42b3-8621-52783599c399,7819dde7-1b51-4fa3-8f8a-05d4753ded13,2022-12-08 07:43:00,2c7c0b40-21e5-4026-b405-3281a1c094fa,700,43,743
4f0561f5-51f5-4c1c-bceb-4efc34e13a1c,30a2f263-f55c-4b89-83d1-c19eee532a38,2022-12-08 07:23:00,2c7c0b40-21e5-4026-b405-3281a1c094fa,700,43,743
ae0003bf-feb1-463b-854f-84b3ddd0b5b4,3e682e33-7cbe-4994-9744-100e97f4af69,2022-12-08 08:19:00,2c7c0b40-21e5-4026-b405-3281a1c094fa,2200,137,2337
cc3760c5-bdb0-483e-9899-9329b6a2c9e5,2c23560c-f644-4386-bfbe-a9743f443c42,2022-12-08 08:14:00,2c7c0b40-21e5-4026-b405-3281a1c094fa,700,43,743
b21c4f0f-3a04-4655-9faa-57bd1aee0f51,017ee500-8ec5-4a50-b74c-95520f0a8958,2022-12-08 15:15:00,2c7c0b40-21e5-4026-b405-3281a1c094fa,600,37,637
954fc10f-49df-4bdc-b0de-feb08a66e732,0fd9e06a-f844-4443-a59f-a35b876d3990,2022-12-08 12:06:00,2c7c0b40-21e5-4026-b405-3281a1c094fa,1400,87,1487
3563f533-20d8-41ba-b790-0785089ea5c0,c55efd1e-8a85-45c7-9e8c-443b817ddda8,2022-12-08 14:23:00,2c7c0b40-21e5-4026-b405-3281a1c094fa,700,43,743
85019e85-6e41-4561-bca0-09e329ae1b9d,99f8915a-b1ec-40a3-ae24-14f3dd694d12,2022-12-08 08:22:00,2c7c0b40-21e5-4026-b405-3281a1c094fa,400,25,425
c01bc6da-89dd-4ad8-b433-5dc264f5a800,8d3cdf25-82d6-4a3d-84c4-f2e0a031b3fe,2022-12-08 08:30:00,2c7c0b40-21e5-4026-b405-3281a1c094fa,600,37,637
91376722-64d5-41c9-b16d-51afa682e0c7,92b731d0-8f4e-4454-927b-c08037930a62,2022-12-08 15:18:00,2c7c0b40-21e5-4026-b405-3281a1c094fa,700,43,743
2f065af3-3219-4695-8c6e-54fef1122420,268ffc49-8df7-491e-a596-028aa31492ef,2022-12-08 08:25:00,2c7c0b40-21e5-4026-b405-3281a1c094fa,700,43,743
8197eb50-bd1d-4dfc-95a4-e0fa401310b4,3220d599-e583-4cac-9428-261bd8e3b069,2022-12-08 12:47:00,2c7c0b40-21e5-4026-b405-3281a1c094fa,1700,106,1806
5154f246-1e1b-4a58-9747-e3ab8dbdbfca,31f31b8a-1ee1-4be0-8d9d-246512c978f5,2022-12-08 16:24:00,2c7c0b40-21e5-4026-b405-3281a1c094fa,500,31,531
b5dc8fad-d1be-4cf5-9f42-148e9e4e993a,a2bf5af8-fc65-4552-84a0-265009d977a5,2022-12-08 15:48:00,2c7c0b40-21e5-4026-b405-3281a1c094fa,700,43,743
e1b38346-8825-4803-9d50-023f8881b103,0f5163de-14a7-4833-a294-13d3aae250f3,2022-12-08 07:24:00,2c7c0b40-21e5-4026-b405-3281a1c094fa,600,37,637
385216b7-61be-4f0d-b0ab-f7a396a9c5f5,60bc1e14-fc8d-459f-9069-ea94123b17f3,2022-12-08 12:02:00,2c7c0b40-21e5-4026-b405-3281a1c094fa,2400,150,2550
2a2de4ab-0cbd-477c-a4b9-851a8285a5fc,2228ab7c-91a4-4cac-bebb-8e8f096524b0,2022-12-08 07:58:00,2c7c0b40-21e5-4026-b405-3281a1c094fa,400,25,425
b2b4a446-2ce1-4f2f-9daf-5f09f2fe43b5,8e784b74-ab3c-4e1d-ac1d-668719158894,2022-12-08 08:15:00,2c7c0b40-21e5-4026-b405-3281a1c094fa,600,37,637
f53fd0d7-7061-4370-bab6-01e146c6130c,151f36a5-f3cb-4188-b34c-1964b4fcebbe,2022-12-08 17:27:00,2c7c0b40-21e5-4026-b405-3281a1c094fa,1900,118,2018
8e8ac2a4-f4ed-4977-9186-d39e7680c5c8,f2ed3dee-af64-4cc3-abb6-22d3764641b7,2022-12-08 08:22:00,2c7c0b40-21e5-4026-b405-3281a1c094fa,400,25,425
19b5b67a-1502-4cae-9881-c8f048016ba0,c77b07ea-c37e-41a3-95f1-813c1f7879db,2022-12-08 08:58:00,2c7c0b40-21e5-4026-b405-3281a1c094fa,500,31,531
0bb62755-bf92-405d-a5fa-e11fd2eada33,54d15939-3a71-4f58-a3f2-0b4f89d3bb64,2022-12-08 13:42:00,2c7c0b40-21e5-4026-b405-3281a1c094fa,700,43,743
7f8707cc-f51d-493b-92ea-0c2fb76fc699,731a3243-ba6e-4903-ad46-9d414fd8964f,2022-12-08 11:47:00,2c7c0b40-21e5-4026-b405-3281a1c094fa,500,31,531
fdf2d91c-d182-45f2-8a9a-16e775e629b1,27ed9719-c79b-40e1-8104-2725a63c045d,2022-12-08 08:27:00,2c7c0b40-21e5-4026-b405-3281a1c094fa,600,37,637
ea0fa4b7-c19b-41b9-b86a-51c6a1060a80,02642c3e-981a-40f6-8403-7e10f5c62737,2022-12-08 11:46:00,2c7c0b40-21e5-4026-b405-3281a1c094fa,500,31,531
f52c2da0-9270-41db-8093-0a018631c7c3,3e5b15ad-2b58-4454-bd44-3bef2aee95bb,2022-12-08 09:04:00,2c7c0b40-21e5-4026-b405-3281a1c094fa,600,37,637
25ae91fa-34b5-4a10-9196-b2b6534461e2,198d803b-ea1a-4a2f-8e03-df5350c8f196,2022-12-08 13:30:00,2c7c0b40-21e5-4026-b405-3281a1c094fa,700,43,743
3ff5c5c0-ec43-4271-9ef8-8855b4376541,f4077df6-3f65-49a0-8b0a-6832b2d150f1,2022-12-08 08:05:00,2c7c0b40-21e5-4026-b405-3281a1c094fa,700,43,743
a6495574-f52b-422c-bd30-6c32894eb3c0,c8d5f897-ee46-4420-9672-70cd7d878c30,2022-12-08 13:18:00,2c7c0b40-21e5-4026-b405-3281a1c094fa,1000,62,1062
78348870-b0f1-4aa8-8387-9a3466a45745,7ccf52c5-9a61-4cdd-b066-1861d44d7118,2022-12-08 18:05:00,2c7c0b40-21e5-4026-b405-3281a1c094fa,1700,106,1806
477c2ffc-3ef9-44c2-84e1-add2d1766f7f,2c03dde5-9104-4078-95cc-262c4d4e306c,2022-12-08 17:55:00,2c7c0b40-21e5-4026-b405-3281a1c094fa,700,43,743
70a86471-030f-4f8a-8ba5-95e2a7ad5f0e,ac4afb8d-0558-4ead-8f52-e442e2dd4924,2022-12-08 07:58:00,2c7c0b40-21e5-4026-b405-3281a1c094fa,700,43,743
37713e78-42dc-483f-9cc3-da4f841e0d16,3751b71a-1197-4375-b25c-da8de1782910,2022-12-08 11:21:00,2c7c0b40-21e5-4026-b405-3281a1c094fa,600,37,637
df6e0b76-5878-44a1-b90a-49a5e965882d,b9d253c1-b0be-4045-ad56-78846256bc9b,2022-12-08 07:18:00,2c7c0b40-21e5-4026-b405-3281a1c094fa,600,37,637
d10986d8-9e69-4687-b9f3-3763adae93bc,a199f995-f93f-450a-9dd2-4747e733f032,2022-12-08 07:52:00,2c7c0b40-21e5-4026-b405-3281a1c094fa,600,37,637
bb797700-e2f4-407b-811f-37ba3f1e6d49,e62046a8-c55e-40c4-b2fa-44d66b9e8ad4,2022-12-08 18:32:00,2c7c0b40-21e5-4026-b405-3281a1c094fa,2600,162,2762
e424e2cb-4639-40cc-9b2e-4fbca2b09452,6aa2e9f4-298e-4a00-ae30-40341edc970b,2022-12-08 15:29:00,2c7c0b40-21e5-4026-b405-3281a1c094fa,1800,112,1912
3f96dd2e-4f26-4e36-b083-ade32181adc4,9e954843-2542-4dcb-b42b-15afeb6f54b1,2022-12-08 14:47:00,2c7c0b40-21e5-4026-b405-3281a1c094fa,600,37,637
601aaaa1-0b7c-4dfb-b584-cf061a57a795,cf2d6243-d331-4c68-ae61-784a22223470,2022-12-08 17:06:00,2c7c0b40-21e5-4026-b405-3281a1c094fa,2400,150,2550
c256eaab-79db-452d-9e79-08f5c59da617,6a70bb64-0e00-43ef-9d71-59e6ff9d605f,2022-12-08 07:47:00,2c7c0b40-21e5-4026-b405-3281a1c094fa,400,25,425
e96567eb-32a7-4cbd-8a3c-dc88f003ef08,e3194d11-8cfa-45a1-bf58-318f63ed3179,2022-12-08 07:49:00,2c7c0b40-21e5-4026-b405-3281a1c094fa,600,37,637
137d6189-bf70-45d6-9577-114cb81ee2a9,c75de8fa-cf9b-43b7-b3e5-f64a81426a44,2022-12-08 14:39:00,2c7c0b40-21e5-4026-b405-3281a1c094fa,700,43,743
0a3b377c-d58f-4a34-98be-55932a019a73,f558905d-ff4a-41c3-9033-b5c2e2a25d25,2022-12-08 13:49:00,2c7c0b40-21e5-4026-b405-3281a1c094fa,1900,118,2018
894b3018-cb1b-4e8b-aee8-cb6875be9d53,de26451c-3959-420f-a098-380adce42371,2022-12-08 16:32:00,2c7c0b40-21e5-4026-b405-3281a1c094fa,900,56,956
1e174e9f-4024-418b-b4e0-31a9388c8bb2,0b4e3ffe-f5f7-4114-b024-c6db96ded07c,2022-12-08 07:00:00,2c7c0b40-21e5-4026-b405-3281a1c094fa,700,43,743
a95962d2-205f-41cf-bdee-a7b9f49f81fc,af2f7eac-f0fd-47b3-950c-56407269efef,2022-12-08 15:18:00,2c7c0b40-21e5-4026-b405-3281a1c094fa,2100,131,2231
95003fdd-b3c7-4b14-9c6a-df6e94b76ea0,f76e7677-2b6c-436a-b99c-2c46889222e6,2022-12-08 14:03:00,2c7c0b40-21e5-4026-b405-3281a1c094fa,1200,75,1275
2b16877b-1e2a-45f2-b1e4-b91750a0d67e,04f0e58e-9310-4613-9620-9d86a9aac81e,2022-12-08 08:00:00,2c7c0b40-21e5-4026-b405-3281a1c094fa,600,37,637
80f40a20-54db-4337-8d0a-fe84c669a588,f108b09a-f3b1-4d80-b3d3-0610542982ea,2022-12-08 07:38:00,2c7c0b40-21e5-4026-b405-3281a1c094fa,400,25,425
10046aef-fd2e-4511-b928-f7524a957ca3,1d4f1fe4-7afc-4f0f-b019-c1e2b9c4d001,2022-12-08 08:18:00,2c7c0b40-21e5-4026-b405-3281a1c094fa,500,31,531
2a937935-6e02-421d-a326-b207bc5f1ed5,e936075e-f265-47cf-9324-35d6187af866,2022-12-08 16:21:00,2c7c0b40-21e5-4026-b405-3281a1c094fa,1600,100,1700
02b2a4d9-05e3-4c27-82fc-2f286ac9e031,2b0dd3ef-74b8-4b6a-bd42-b747870fbd42,2022-12-08 09:07:00,2c7c0b40-21e5-4026-b405-3281a1c094fa,600,37,637
ee9642d2-5702-4ad4-a866-c73628e423fa,73e150b4-e63b-40f5-8b1e-e3b0017300f7,2022-12-08 15:17:00,2c7c0b40-21e5-4026-b405-3281a1c094fa,600,37,637
997c39f1-888e-4c6d-9d40-eb14b4c3ba8e,46b591a6-100d-4561-ab0e-fc8d82150821,2022-12-08 07:00:00,2c7c0b40-21e5-4026-b405-3281a1c094fa,600,37,637
bd2dcac4-1518-4dbe-bc5b-3f770ac4f079,f58ade35-beb2-412f-a459-0684fedf4d28,2022-12-08 08:24:00,2c7c0b40-21e5-4026-b405-3281a1c094fa,400,25,425
2d537b2e-9acf-4cce-b882-a42a80d6938a,e9ed64ae-e9bc-49a1-956f-fb7c07e2f289,2022-12-08 08:54:00,2c7c0b40-21e5-4026-b405-3281a1c094fa,700,43,743
92d85ac0-09bc-410d-9d7b-05b24353d8d3,58e99619-de64-48c0-adb0-1c722e1a8c04,2022-12-08 09:15:00,2c7c0b40-21e5-4026-b405-3281a1c094fa,600,37,637
bb4196bf-e6e2-4eec-916f-2e7695be3c58,ad406609-038c-4d8f-908b-29eb83eddb40,2022-12-08 07:52:00,2c7c0b40-21e5-4026-b405-3281a1c094fa,600,37,637
300848a5-2510-4cd9-a975-3f8ba520ed40,74c597ea-d195-4bd1-aa04-e427bec2fa17,2022-12-08 07:36:00,2c7c0b40-21e5-4026-b405-3281a1c094fa,400,25,425
cc1a22be-2ddc-45f9-8f61-0efd31e1b95b,4cce8105-937e-47f6-a79a-245b6422e04f,2022-12-08 08:23:00,2c7c0b40-21e5-4026-b405-3281a1c094fa,600,37,637
a56d9ff9-3470-407e-bef8-002daa946afc,325ac660-f37c-4ee1-9a04-d41de102801e,2022-12-08 08:47:00,2c7c0b40-21e5-4026-b405-3281a1c094fa,2900,181,3081
fd19412b-08c4-4cfa-ae89-77f348b83e9a,2ff62908-2a68-4369-9d9c-86aa573ca4f2,2022-12-08 13:22:00,2c7c0b40-21e5-4026-b405-3281a1c094fa,700,43,743
89df53f3-d4b0-40c5-bc0b-e8982ac4cab6,515cc3da-fd37-487d-a219-a1632ba5e280,2022-12-08 18:24:00,2c7c0b40-21e5-4026-b405-3281a1c094fa,600,37,637
ed4ab72e-fcfc-4cc5-ad8b-f50010f1912f,d88640a1-b1be-4103-b8e4-b43117d8244c,2022-12-08 12:55:00,2c7c0b40-21e5-4026-b405-3281a1c094fa,600,37,637
b3d39ad7-c7c1-4396-b9e7-a2b83356bb34,f09b7477-29b1-4d00-800b-d12d278ac830,2022-12-08 12:47:00,2c7c0b40-21e5-4026-b405-3281a1c094fa,1600,100,1700
20c90ef4-37af-4431-95f6-dc2bcbd1a373,80e1531e-0b86-460a-84d1-e56dedaabaa2,2022-12-08 15:01:00,2c7c0b40-21e5-4026-b405-3281a1c094fa,1700,106,1806
8bcfa1bb-4c38-4f68-accb-245db2d7661d,717b775b-5eaa-463e-ba45-ac45e63cc1ca,2022-12-08 12:09:00,2c7c0b40-21e5-4026-b405-3281a1c094fa,2700,168,2868
431c4e61-526d-4af1-b27d-08654bcd614a,33e8b867-e2fc-41c6-9a25-dee67fa2f23f,2022-12-08 16:35:00,2c7c0b40-21e5-4026-b405-3281a1c094fa,2100,131,2231
a455c8e8-9d5f-4548-a050-27bcee249a27,290a6471-6527-42db-8a85-6452a351b89d,2022-12-08 08:40:00,2c7c0b40-21e5-4026-b405-3281a1c094fa,600,37,637
bddaca83-24fd-4ab3-9743-2cdb2801b00c,f89fcee5-0944-4ab1-b8f9-7b894803324b,2022-12-08 13:27:00,2c7c0b40-21e5-4026-b405-3281a1c094fa,600,37,637
de0f56e0-88db-4302-a5e1-bcf9d88be0e1,5ce71596-3a6b-4485-b3e0-f1ea2226a655,2022-12-08 16:43:00,2c7c0b40-21e5-4026-b405-3281a1c094fa,700,43,743
702e8706-2440-4c72-8699-9eec769fb6c9,0ddc410e-f67a-4ea5-8b59-8efea281727e,2022-12-08 07:59:00,2c7c0b40-21e5-4026-b405-3281a1c094fa,500,31,531
24d6875f-52c8-4699-89b2-6272608da4f3,09a6f48f-08f7-4722-876e-34a69cd5afe0,2022-12-08 07:20:00,2c7c0b40-21e5-4026-b405-3281a1c094fa,500,31,531
aeec9ba7-1411-4503-bc1f-200eb01598fa,da04cf5e-9160-4b55-b29b-bac89e3efdef,2022-12-08 14:07:00,2c7c0b40-21e5-4026-b405-3281a1c094fa,1600,100,1700
6c9f8439-d1db-4a4a-8c95-02ca97f66ad4,61221960-ce6c-49aa-9007-6deaee1fe79c,2022-12-08 08:27:00,2c7c0b40-21e5-4026-b405-3281a1c094fa,600,37,637
8fb36222-defa-424b-b1a4-819e93dbd4df,fa87813c-8642-4647-819a-d45cdf464ec7,2022-12-08 15:06:00,2c7c0b40-21e5-4026-b405-3281a1c094fa,2000,125,2125
0b5ed982-4df5-4329-91e8-1304f06ccc9b,95f8367b-c25a-481d-920e-5020e5aa6357,2022-12-08 15:05:00,2c7c0b40-21e5-4026-b405-3281a1c094fa,700,43,743
1768a273-37bf-4a5e-a1ae-cbd74033d335,e4f06dfc-7b35-4388-8282-b5649cafa195,2022-12-08 13:02:00,2c7c0b40-21e5-4026-b405-3281a1c094fa,600,37,637
173271eb-ed4b-4a6e-88f4-950e012d70ea,9258bdcd-9fa0-41f5-9ea0-8fa72ab25157,2022-12-08 07:30:00,2c7c0b40-21e5-4026-b405-3281a1c094fa,400,25,425
48600cbe-7f8c-43d7-be39-b305a0ab86d2,183fa501-3888-47e3-a4ed-901c09ef0c11,2022-12-08 12:00:00,2c7c0b40-21e5-4026-b405-3281a1c094fa,2900,181,3081
07b6d7cc-5f81-4d41-8d0b-278db6cbe15e,edf93937-7467-4cbe-be92-0abc0bc28432,2022-12-08 14:25:00,2c7c0b40-21e5-4026-b405-3281a1c094fa,600,37,637
b642225e-faec-4c16-a8f0-f474e3a890c4,fa75a7cf-2ade-467f-9125-602e50dd7cda,2022-12-08 09:22:00,2c7c0b40-21e5-4026-b405-3281a1c094fa,700,43,743
c0c0b060-ec35-4fd9-b839-22cf2417e9db,fa86383d-5c05-4a18-b6eb-6f97cf794762,2022-12-08 08:00:00,2c7c0b40-21e5-4026-b405-3281a1c094fa,700,43,743
cfa63b2e-8108-4b70-96e9-962456c30d68,ed2302d8-540f-40f6-b8ba-1a50086e909b,2022-12-08 15:10:00,2c7c0b40-21e5-4026-b405-3281a1c094fa,600,37,637
5dd6c911-7459-4429-9894-7a21be4a5c07,225cedf2-e2bb-48d4-9737-4b90a89aa988,2022-12-08 14:57:00,2c7c0b40-21e5-4026-b405-3281a1c094fa,2500,156,2656
5d83f058-4b94-481b-a157-29b5e9573fad,a8dd9b84-ec8e-4a39-b972-077d70029935,2022-12-08 12:56:00,2c7c0b40-21e5-4026-b405-3281a1c094fa,1700,106,1806
2bc7ef39-bb4d-4f33-8310-837ee3f8bd05,af3dc3c6-d7d9-4803-90d7-b55e79b22d76,2022-12-08 08:07:00,2c7c0b40-21e5-4026-b405-3281a1c094fa,600,37,637
28669607-8591-4931-9a1d-4137173b9e39,ffaf2c96-a99d-4903-a02b-7e5eb0994fa5,2022-12-08 16:29:00,2c7c0b40-21e5-4026-b405-3281a1c094fa,700,43,743
7354111f-dc63-44cb-ba3e-56fee88c26d6,7187df43-a9cd-4d7d-9c30-f9bd4c359acd,2022-12-08 08:18:00,2c7c0b40-21e5-4026-b405-3281a1c094fa,400,25,425
a18fec86-bd67-49e4-99fc-f596a4841998,341cc826-b57e-4bbd-8201-efedaf4c92d1,2022-12-08 13:42:00,2c7c0b40-21e5-4026-b405-3281a1c094fa,4800,300,5100
ac40d280-ff8b-4d2f-b631-5632e0b8657d,5ad9d2fc-7fb9-404c-a18e-7ef4de86de05,2022-12-08 12:15:00,2c7c0b40-21e5-4026-b405-3281a1c094fa,600,37,637
7a6de824-8ced-4d36-a2dc-06c034f42e46,d9e29bad-fb1a-4823-b64a-387f3730d778,2022-12-08 07:59:00,2c7c0b40-21e5-4026-b405-3281a1c094fa,600,37,637
48818b3c-2292-40f3-8d9a-b443db80c2cc,5d20b1af-4da2-4c21-9162-be96e4a17e16,2022-12-08 15:14:00,2c7c0b40-21e5-4026-b405-3281a1c094fa,600,37,637
ce0edb37-f539-4202-97d4-1bbffc1ad0eb,1edc0be5-374b-4971-b3e7-22d6827cc5af,2022-12-08 16:13:00,2c7c0b40-21e5-4026-b405-3281a1c094fa,1500,93,1593
c26a966d-e081-413f-afcb-bae48e938dd3,cb8bd320-aaf1-407a-97f2-0810af6121c8,2022-12-08 15:05:00,2c7c0b40-21e5-4026-b405-3281a1c094fa,500,31,531
19df6103-7315-40ff-85c4-da41b41263d0,37cde76d-d177-41a0-bb0b-6c40df3f37b1,2022-12-08 07:58:00,2c7c0b40-21e5-4026-b405-3281a1c094fa,600,37,637
04584cc1-3a4d-4ff7-9e09-c63899ffe994,490eb03b-b6c7-4dc9-81db-76fc63f7e94e,2022-12-08 13:41:00,2c7c0b40-21e5-4026-b405-3281a1c094fa,500,31,531
fb48f74b-9a7c-49ad-840f-c751458cf7e3,90b91ce7-46e2-4b12-baa8-2cdfa15656ea,2022-12-08 08:04:00,2c7c0b40-21e5-4026-b405-3281a1c094fa,400,25,425
88ae151f-df24-4e06-8c91-2ed08fbccbaa,fadca7a4-2277-45c8-88aa-ee9f34bf341f,2022-12-08 09:22:00,2c7c0b40-21e5-4026-b405-3281a1c094fa,0,0,0
ba390e42-428b-452c-b12d-73595c8249c3,4f65c9cf-09ca-407b-9eb9-d1927236fed1,2022-12-08 18:20:00,2c7c0b40-21e5-4026-b405-3281a1c094fa,1800,112,1912
41654514-b064-4946-8c86-87395e0015b1,04f23052-0975-4fc5-b516-b502a44254eb,2022-12-08 16:47:00,2c7c0b40-21e5-4026-b405-3281a1c094fa,400,25,425
c8ece943-2ba9-4e9c-bc7f-b5844f2909ac,6580d0a6-b610-43c9-98b4-0b3a4d35181f,2022-12-08 09:02:00,2c7c0b40-21e5-4026-b405-3281a1c094fa,400,25,425
797f96a9-8dc0-420f-bfce-e89eccffdfe3,ea7f3c07-7866-45ed-9af2-75c96025c924,2022-12-08 15:55:00,2c7c0b40-21e5-4026-b405-3281a1c094fa,1500,93,1593
78bbc9b5-b662-4a16-82d3-d67992a12f0c,3b910127-b73e-48af-add0-951120f9c1c7,2022-12-08 15:49:00,2c7c0b40-21e5-4026-b405-3281a1c094fa,700,43,743
e0fb2072-0a8e-49b2-a1ea-bbda59b89ae3,8b7c60db-4f5b-40d2-ac84-2a4e24196bd3,2022-12-08 08:03:00,2c7c0b40-21e5-4026-b405-3281a1c094fa,600,37,637
d6a9d011-523b-4730-ac0a-cbc7329b4de0,d9f56e87-a63f-42db-a715-ecfd7c776e6c,2022-12-08 07:18:00,2c7c0b40-21e5-4026-b405-3281a1c094fa,600,37,637
6888b3b5-daac-4a7a-9f11-a802bb160e65,914a31cb-ac05-4d33-84c3-8ba56558f6fb,2022-12-08 07:36:00,2c7c0b40-21e5-4026-b405-3281a1c094fa,600,37,637
cde7ca13-8132-4e6c-aa3b-3b5c8f97a9af,5ae067ce-c89b-429a-bfd8-835bd4f6c745,2022-12-08 08:13:00,2c7c0b40-21e5-4026-b405-3281a1c094fa,600,37,637
374be4c2-a960-4712-95cb-4286ef285a99,d76996e6-2a54-4d8e-8f38-1ee332f3cadd,2022-12-08 16:12:00,2c7c0b40-21e5-4026-b405-3281a1c094fa,1900,118,2018
ad53180e-99fb-4470-ae91-054369e69466,6bb09c4b-0695-44ea-abd7-b1f9ea506814,2022-12-08 10:55:00,2c7c0b40-21e5-4026-b405-3281a1c094fa,700,43,743
cd2e76f1-19a2-4e96-9882-dc9972352064,3fd3b778-820c-446d-9461-9dfda90aa25e,2022-12-08 08:40:00,2c7c0b40-21e5-4026-b405-3281a1c094fa,400,25,425
313b42f7-4ef9-4c14-8cc1-def0329c1c61,42e5a617-ec38-425c-aec8-2dc4ef5a53d7,2022-12-08 13:00:00,2c7c0b40-21e5-4026-b405-3281a1c094fa,2000,125,2125
b4442ebe-85c5-4c50-9296-836e31cc9a61,163f378a-a94c-4a9c-b6f0-53730585540a,2022-12-08 11:00:00,2c7c0b40-21e5-4026-b405-3281a1c094fa,500,31,531
e0e27311-66cc-4aa2-8e50-70ddecfb6a84,d80e2256-edee-4660-8e37-21cb670389f5,2022-12-08 13:08:00,2c7c0b40-21e5-4026-b405-3281a1c094fa,2100,131,2231
8132077b-2abe-41fe-871b-888ce7524a44,6d71309e-800a-463c-80cc-de411ebe5c20,2022-12-08 11:13:00,2c7c0b40-21e5-4026-b405-3281a1c094fa,1200,75,1275
33a9f4e2-6996-4d94-838a-ed37a578d10d,a2a067a7-47b7-4c15-a37f-f29551998f16,2022-12-08 14:38:00,2c7c0b40-21e5-4026-b405-3281a1c094fa,700,43,743
fc75f6df-2192-42fd-b34f-9709c122a532,d9731a0e-c5f3-4a28-a7b7-108045d90039,2022-12-08 11:14:00,2c7c0b40-21e5-4026-b405-3281a1c094fa,700,43,743
64d57291-f9d8-4406-9479-3247e2e73553,af23a8f9-7c01-484b-948c-15c04b633ecb,2022-12-08 14:03:00,2c7c0b40-21e5-4026-b405-3281a1c094fa,2400,150,2550
faa9bb20-5d6c-45a8-9bae-2fc54c5d6c64,57bc2478-af54-4b82-b035-3989f131d138,2022-12-08 16:08:00,2c7c0b40-21e5-4026-b405-3281a1c094fa,1500,93,1593
6f684b72-bed2-4eca-b070-d72c95b1e266,6a4c7390-cd12-4f21-867f-1fd27ed0529f,2022-12-08 15:27:00,2c7c0b40-21e5-4026-b405-3281a1c094fa,500,31,531
a28ae4f3-de9b-4ffa-b21b-3ccafe53b908,1c5fdca0-fa37-49a3-85ee-3614527dbf89,2022-12-08 14:38:00,2c7c0b40-21e5-4026-b405-3281a1c094fa,2300,143,2443
111a9478-4a7a-4a64-bca3-bf4c11070f15,d689cb26-458f-402b-aa4a-aae632f9d57d,2022-12-08 07:56:00,2c7c0b40-21e5-4026-b405-3281a1c094fa,700,43,743
4d84906b-6df1-4295-b821-b68063e10479,866ddb83-d4a7-4c92-a1a0-f675b6330e2f,2022-12-08 10:27:00,2c7c0b40-21e5-4026-b405-3281a1c094fa,1000,62,1062
83462f0e-040d-4cb5-9553-648cd9672515,ec200c8d-8fb0-4370-a443-0ef74c624392,2022-12-08 08:29:00,2c7c0b40-21e5-4026-b405-3281a1c094fa,400,25,425
09ea2fd6-61d5-4716-9f3b-209045f870fb,d9cc6c50-9928-4d4f-8750-24817ff2bc24,2022-12-08 08:59:00,2c7c0b40-21e5-4026-b405-3281a1c094fa,600,37,637
22452220-36dd-43bb-9630-6e0c95d3c191,4d56719c-923f-4b2e-ad9b-fb3f63869a1c,2022-12-08 13:40:00,2c7c0b40-21e5-4026-b405-3281a1c094fa,400,25,425
dbf14d19-51b7-42c0-b81b-e09c6d6c2b32,cb4b008e-1007-492c-80f1-c341d3956d37,2022-12-08 17:48:00,2c7c0b40-21e5-4026-b405-3281a1c094fa,500,31,531
fb9937b4-191c-4c1f-943f-372783bc1157,f42f9a30-6970-4860-a605-2683706990ab,2022-12-08 11:44:00,2c7c0b40-21e5-4026-b405-3281a1c094fa,0,0,0
32840afc-349d-41cd-a345-fd5117b57eaa,a0928352-1d2e-4ed9-99d4-1322339e4cc0,2022-12-08 15:11:00,2c7c0b40-21e5-4026-b405-3281a1c094fa,1800,112,1912
d2b1c0f8-5cd7-4be0-8486-50a6c9ff42de,549648e0-135e-46c1-b6a0-42895fb5325d,2022-12-08 17:59:00,2c7c0b40-21e5-4026-b405-3281a1c094fa,1700,106,1806
3de1c4fb-8f44-479e-bff9-3a40e8eb4b95,332a1502-92d0-4eca-abc8-3733b038dba7,2022-12-08 11:57:00,2c7c0b40-21e5-4026-b405-3281a1c094fa,600,37,637
0cef913a-77b4-4784-aee7-f02f04789bb1,dea24063-82bc-4e4d-8ff1-ce2ad51ba43c,2022-12-08 16:19:00,2c7c0b40-21e5-4026-b405-3281a1c094fa,400,25,425
f4d3a3cd-9861-4fae-9a15-c2efb7d4c2cb,fe756350-263c-4525-8136-c1d02d446a46,2022-12-08 14:56:00,2c7c0b40-21e5-4026-b405-3281a1c094fa,1100,68,1168
c2ec646e-9c65-4a5f-a6ae-d57f2ef3fce3,8d221043-e280-4b5b-a3e1-df9e96adc1ef,2022-12-08 12:32:00,2c7c0b40-21e5-4026-b405-3281a1c094fa,600,37,637
5d2f889d-335f-4afb-96fe-97e9ee070040,5ef51cb8-5373-43ab-baa8-bc0bf0b1f03a,2022-12-08 08:10:00,2c7c0b40-21e5-4026-b405-3281a1c094fa,600,37,637
e9dcf799-27e6-4d16-bd14-5d8bcdc1e21a,776c8db3-e7d4-427e-b6ac-9c5b6d3c9a95,2022-12-08 15:35:00,2c7c0b40-21e5-4026-b405-3281a1c094fa,700,43,743
aa42331b-92ce-4957-91e1-587b1794986d,8d2e11c2-d6a5-4854-bd30-4e74fda2e172,2022-12-08 13:12:00,2c7c0b40-21e5-4026-b405-3281a1c094fa,700,43,743
52fdb90a-dcda-457f-9815-005f083aa3e4,c63d7b39-84c4-496f-9e49-b022d4c67379,2022-12-08 09:44:00,2c7c0b40-21e5-4026-b405-3281a1c094fa,600,37,637
393aa8af-f1b3-483d-86e8-126abdb87fbf,567ad296-7827-479a-904c-03986fcd533f,2022-12-08 13:27:00,2c7c0b40-21e5-4026-b405-3281a1c094fa,400,25,425
72054df0-efbf-4da6-a62c-fa799e4d0636,6ccf4269-e194-462e-8c01-8c5955d6bd1c,2022-12-08 08:14:00,2c7c0b40-21e5-4026-b405-3281a1c094fa,500,31,531
20934407-699d-4f1a-9926-80dc5f92ff8a,2e832c93-3fe2-48f3-9c75-853ddcc51188,2022-12-08 19:40:00,2c7c0b40-21e5-4026-b405-3281a1c094fa,400,25,425
4d880b8f-bbba-4622-a2e2-1927d69793ce,e3031c45-e8dc-4f53-a9d9-d3d2d6da4eab,2022-12-08 07:33:00,2c7c0b40-21e5-4026-b405-3281a1c094fa,700,43,743
eafa454c-65b6-4eab-80ed-c7d2f5f860c3,f438a665-870f-4f64-b48e-1ee83bfc1aba,2022-12-08 15:55:00,2c7c0b40-21e5-4026-b405-3281a1c094fa,700,43,743
cee04766-007b-4a76-a515-330a14d3a2d0,c9cbb253-97c7-485c-b85f-451a18192201,2022-12-08 08:28:00,2c7c0b40-21e5-4026-b405-3281a1c094fa,500,31,531
dc4c7cbf-0790-425c-b51c-b125c1ad14d4,c23880b8-861f-4efd-b8d3-ecef7a43da0a,2022-12-08 17:49:00,2c7c0b40-21e5-4026-b405-3281a1c094fa,1800,112,1912
59bd7d5a-252c-4393-a397-5bada248b54e,6baf1e46-52c6-4e6d-8297-848fe09a0a7d,2022-12-08 14:57:00,2c7c0b40-21e5-4026-b405-3281a1c094fa,2200,137,2337
1c7d87d9-e21d-4612-b476-2ad331d31d96,73ffeb0a-1eff-45da-a196-7ff2b71038cd,2022-12-08 16:02:00,2c7c0b40-21e5-4026-b405-3281a1c094fa,4600,287,4887
446ab762-5782-4dc0-bedd-d224791adf63,28cb7926-5024-4e70-bcdb-6f122584b666,2022-12-08 09:21:00,2c7c0b40-21e5-4026-b405-3281a1c094fa,600,37,637
29bc5af9-f45c-4f71-a863-904315a4e925,df4b8a9b-7fad-4ccb-aed3-d549db457b35,2022-12-08 15:13:00,2c7c0b40-21e5-4026-b405-3281a1c094fa,1700,106,1806
9f1db4d6-5451-4a60-a48d-cc428ef6d603,c9caa866-c448-4027-ac51-350ceb472f0a,2022-12-08 08:21:00,2c7c0b40-21e5-4026-b405-3281a1c094fa,700,43,743
72247e6f-678f-4c28-ae9a-203ab8717136,ee6f24e9-513d-4727-a83d-116c25f2ddf4,2022-12-08 14:49:00,2c7c0b40-21e5-4026-b405-3281a1c094fa,2900,181,3081
50755917-6736-4783-98d5-a1ea74a3e44f,db5e3f4e-dde6-4508-91d0-251e70e0270f,2022-12-08 16:15:00,2c7c0b40-21e5-4026-b405-3281a1c094fa,2100,131,2231
f6d31751-b924-428f-9e8e-3db2cff66187,870e9d5f-72b4-4c42-a21f-7cdae3df8999,2022-12-08 07:46:00,2c7c0b40-21e5-4026-b405-3281a1c094fa,700,43,743
3e13dbc4-6fc7-422d-a98e-e827c014e9ff,98dd44e0-8267-41d7-9ab7-2ec70d317edd,2022-12-08 08:06:00,2c7c0b40-21e5-4026-b405-3281a1c094fa,700,43,743
2e9e6053-60e7-4273-9ff6-b892a90049df,a3a3e27d-80d7-45cc-9c5a-cb1314ccedc3,2022-12-08 13:41:00,2c7c0b40-21e5-4026-b405-3281a1c094fa,1800,112,1912
fdeda8c3-884c-4076-9494-31a8e4e0a57e,21ad42ca-b172-460f-b87d-eb3146cfd7ab,2022-12-08 10:48:00,2c7c0b40-21e5-4026-b405-3281a1c094fa,1400,87,1487
2785477c-f4c9-446e-bc31-311f4aa53397,a6ba0baa-029e-4a9f-9825-b8af7fc606db,2022-12-08 10:49:00,2c7c0b40-21e5-4026-b405-3281a1c094fa,2400,150,2550
aba36ab5-434b-494d-bf42-5f86341660e4,bfb0b52c-65c3-43f9-8780-49304c6b8950,2022-12-08 14:20:00,2c7c0b40-21e5-4026-b405-3281a1c094fa,2100,131,2231
ab946e1b-64bc-4ac3-aad8-229ee889267e,55fba3bd-b699-4784-aa0f-02eee2bb0505,2022-12-08 18:40:00,2c7c0b40-21e5-4026-b405-3281a1c094fa,1700,106,1806
4f034ccb-f674-491f-81d4-fa76c70f0f5f,0152df6e-ca2a-4b7f-992b-a8820c211120,2022-12-08 16:47:00,2c7c0b40-21e5-4026-b405-3281a1c094fa,1000,62,1062
b409e3fb-7146-4686-b054-d65575d0e0b2,09a4ab63-59e2-4bb4-ad07-a754cdbbd0f1,2022-12-08 07:10:00,2c7c0b40-21e5-4026-b405-3281a1c094fa,600,37,637
9ef394dd-1cac-400a-8c30-b781f7146021,cfe721e9-2b3c-471c-ab34-165a74d750ea,2022-12-08 07:00:00,2c7c0b40-21e5-4026-b405-3281a1c094fa,500,31,531
202c0843-c725-4432-b6fd-5155430f97e7,fc9504bc-32d7-4418-9b0a-629f0c180cc8,2022-12-08 18:51:00,2c7c0b40-21e5-4026-b405-3281a1c094fa,700,43,743
4dc22bce-c8ad-4f5e-b099-9a5d7636c222,a369f7d7-177a-49e5-804f-b41b61109600,2022-12-08 08:31:00,2c7c0b40-21e5-4026-b405-3281a1c094fa,400,25,425
91edd4b7-5bab-4d69-aa84-86bc4da123da,3ea763b7-6fe2-4a79-8f2e-9c04799b7d30,2022-12-08 14:39:00,2c7c0b40-21e5-4026-b405-3281a1c094fa,1700,106,1806
3ed6eee5-a583-4b58-ac5e-11398bb39f1e,88cf1fe9-96fa-404e-ba49-767d646c0446,2022-12-08 17:18:00,2c7c0b40-21e5-4026-b405-3281a1c094fa,1800,112,1912
fad9d800-5d0e-48ae-a591-36308bc74ee2,365d2e41-1070-4e46-8033-a297d6ef1a98,2022-12-08 07:52:00,2c7c0b40-21e5-4026-b405-3281a1c094fa,500,31,531
7441d633-b9c9-459d-9aa9-c21724a56d61,26695097-7378-4faa-9f62-d0e0664ff11e,2022-12-08 08:00:00,2c7c0b40-21e5-4026-b405-3281a1c094fa,600,37,637
d34324db-5cbe-48e0-b8ec-cd9f0f69efc2,20cf11ec-8799-4af2-bd7a-9e7f288d535c,2022-12-08 14:21:00,2c7c0b40-21e5-4026-b405-3281a1c094fa,1300,81,1381
dfe53416-805a-4a23-9376-264648b3b4c3,186384b9-43b2-44b6-8c1b-43fafd8e5e0f,2022-12-08 15:47:00,2c7c0b40-21e5-4026-b405-3281a1c094fa,700,43,743
778d46a8-70df-48d8-97e3-c5d286875df7,ac66f553-fefe-47d2-bd39-13ed1fcb3330,2022-12-08 15:30:00,2c7c0b40-21e5-4026-b405-3281a1c094fa,600,37,637
19468cbc-5781-43ea-b223-f03ba0186a02,47e6b98f-1bc2-4e71-9c31-7359525c89a4,2022-12-08 09:03:00,2c7c0b40-21e5-4026-b405-3281a1c094fa,0,0,0
3cd08c49-426f-4153-a226-fe05ca797617,b653f7bd-b936-4fb5-aab7-010797a6d1f2,2022-12-08 08:14:00,2c7c0b40-21e5-4026-b405-3281a1c094fa,1900,118,2018
76f14903-9144-4700-8549-811fd13c8252,879f8d92-cd5a-45b0-a78c-bb13a5542cfe,2022-12-08 15:34:00,2c7c0b40-21e5-4026-b405-3281a1c094fa,600,37,637
81d5c94b-e064-4db1-bd68-f7517f361f0a,763902ed-d882-4eca-a0f1-0b333eb57c8d,2022-12-08 07:35:00,2c7c0b40-21e5-4026-b405-3281a1c094fa,600,37,637
23a242ef-27d1-4800-9ffe-ad9a18433981,690a51c9-e9a4-4ab0-8a98-19b76e98f62a,2022-12-08 16:47:00,2c7c0b40-21e5-4026-b405-3281a1c094fa,700,43,743
a1f8c5a0-fc10-4180-8974-f7af9e5f083e,9acce0e8-d045-4d2f-b4b2-a017e0dc7a4a,2022-12-08 10:03:00,2c7c0b40-21e5-4026-b405-3281a1c094fa,1700,106,1806
8f672733-0a6d-4a64-b5fb-888d16a7e321,44078c2b-ff96-4411-ac21-3ac475d9f62f,2022-12-08 07:48:00,059136e5-beb1-43f4-a3fe-9cc14dd0989b,600,44,644
ea27aeeb-6f1f-4ef3-b7c3-6b9e1fcec45f,09e7c029-5016-4dfa-8e31-77678314c378,2022-12-08 07:28:00,059136e5-beb1-43f4-a3fe-9cc14dd0989b,600,44,644
0e9c2c82-f030-4756-b818-0d73b3972d2f,81470d98-dacd-4700-ba0c-0c7913bef08f,2022-12-08 08:01:00,059136e5-beb1-43f4-a3fe-9cc14dd0989b,700,52,752
67af1830-163f-4987-b65b-093d191b2663,486f7413-79ea-433d-adb4-14d7e49487e8,2022-12-08 16:02:00,059136e5-beb1-43f4-a3fe-9cc14dd0989b,1700,127,1827
14aa0fef-de21-4520-a97d-e5930070c948,d0dc284e-b60f-48e9-9b8d-c12ab1d0424c,2022-12-08 08:31:00,059136e5-beb1-43f4-a3fe-9cc14dd0989b,700,52,752
589b6fcc-2daa-44d6-ba4c-cc836390294f,ff2da684-c201-46c5-8d08-053bd768156b,2022-12-08 14:10:00,059136e5-beb1-43f4-a3fe-9cc14dd0989b,500,37,537
a1b72a80-93f1-4b20-a108-23ad6c488077,eec4d1d4-4fa4-4078-ad90-fc84ded07515,2022-12-08 15:33:00,059136e5-beb1-43f4-a3fe-9cc14dd0989b,600,44,644
dbc18ba8-5b32-4c5d-a3bf-9c43bcda9827,72b98a5e-a9a4-46ad-b5db-be0120ecdb29,2022-12-08 08:28:00,059136e5-beb1-43f4-a3fe-9cc14dd0989b,500,37,537
45ff5d5b-f069-4419-89b0-36b3907ab03f,dcf87a24-5156-453f-b5ef-aac22c14d08c,2022-12-08 17:26:00,059136e5-beb1-43f4-a3fe-9cc14dd0989b,1800,135,1935
c8d44a0f-3a98-456f-b1df-04034ce0ba83,f8b78676-afd7-4af9-97ab-f0214590c933,2022-12-08 16:43:00,059136e5-beb1-43f4-a3fe-9cc14dd0989b,700,52,752
0cfe0d1c-795a-450e-82e2-e8478cebba26,4beb0ffa-7216-45d7-8f7b-56bf75262d32,2022-12-08 13:07:00,059136e5-beb1-43f4-a3fe-9cc14dd0989b,1000,75,1075
2d7a0f9f-72ab-4294-97f1-dbf74058a1b8,1c1ac51a-3921-40e4-a21e-99f6f6f6f01b,2022-12-08 07:26:00,059136e5-beb1-43f4-a3fe-9cc14dd0989b,700,52,752
176a4ef6-f8e8-4123-9411-c92c8ea7741a,3f40e3be-f3ab-4e84-b084-3b2f6f92b1ed,2022-12-08 07:52:00,059136e5-beb1-43f4-a3fe-9cc14dd0989b,700,52,752
137eb293-c20c-4b41-b7a2-5b5c199126b9,c8754fc3-e053-42e0-9cbd-964bf34f51f6,2022-12-08 11:38:00,059136e5-beb1-43f4-a3fe-9cc14dd0989b,600,44,644
05b5d37e-4245-400e-90d9-f538a35437d5,18b3cb0c-66bf-4610-953a-7d06de368bf4,2022-12-08 07:41:00,059136e5-beb1-43f4-a3fe-9cc14dd0989b,400,30,430
98e127d2-ab8d-4104-9ce8-b9608a7e886d,e3f6c810-39ff-4eb4-8cc8-3700ee849ace,2022-12-08 07:45:00,059136e5-beb1-43f4-a3fe-9cc14dd0989b,500,37,537
4fdef608-c724-4099-b99b-e9a9564e53aa,01edc445-0ab9-4ece-b57d-56073a6a59fd,2022-12-08 12:28:00,059136e5-beb1-43f4-a3fe-9cc14dd0989b,1300,97,1397
7d53cefc-d2df-4a92-aad0-5d64c1594dbf,9692b46e-25c9-4e94-875e-0f631d0b3e28,2022-12-08 13:36:00,059136e5-beb1-43f4-a3fe-9cc14dd0989b,600,44,644
0f93e114-0738-4b89-b781-4391febbe100,fbbde25c-9726-4609-bf16-18667aaf6916,2022-12-08 11:44:00,059136e5-beb1-43f4-a3fe-9cc14dd0989b,500,37,537
095c67c1-e3eb-41fe-a2f7-dcedec75e167,2a1fde7e-ff9e-41b3-bb63-60756dd3cca3,2022-12-08 13:33:00,059136e5-beb1-43f4-a3fe-9cc14dd0989b,400,30,430
4b9a70fb-1441-43c6-b25d-27ed44535d0b,75099e74-ae33-425d-a841-06eb8dbdfb37,2022-12-08 13:27:00,059136e5-beb1-43f4-a3fe-9cc14dd0989b,600,44,644
edd0278c-c428-4234-9560-3d8a7ed66f87,f598c3f9-089b-45ed-bdf2-192ebf4b52a8,2022-12-08 08:37:00,059136e5-beb1-43f4-a3fe-9cc14dd0989b,500,37,537
14ab6491-e2ea-4311-94dd-f0e070dca27b,d7946036-09c5-4ee9-85d7-05ca1e3757d6,2022-12-08 17:35:00,059136e5-beb1-43f4-a3fe-9cc14dd0989b,1600,120,1720
94377d74-6677-4a12-b119-3b28d3cc7a1a,5afdf85a-b5cb-4e72-b99b-b8094cd17122,2022-12-08 09:42:00,059136e5-beb1-43f4-a3fe-9cc14dd0989b,500,37,537
5b7f5dd7-54e5-4514-ae51-f6b2d9a9d7b3,dd6054cf-c805-442d-9ba8-23178af8d01c,2022-12-08 07:41:00,059136e5-beb1-43f4-a3fe-9cc14dd0989b,700,52,752
595942ad-3987-4f81-a548-f13a8d6a2a92,506e4013-8887-496e-9a04-f0e01887e821,2022-12-08 07:55:00,059136e5-beb1-43f4-a3fe-9cc14dd0989b,700,52,752
5057a304-00d8-4262-a74f-27c5f7dc2706,6b35587c-c967-4880-9328-d1f4642235e4,2022-12-08 17:30:00,059136e5-beb1-43f4-a3fe-9cc14dd0989b,700,52,752
7eda2024-fb18-4126-b647-7b34eb201733,59c3fff8-9714-4490-bb0a-91b54d55a88e,2022-12-08 19:15:00,059136e5-beb1-43f4-a3fe-9cc14dd0989b,500,37,537
d450fa56-c620-41b2-b081-38f039c96d92,db50af94-1909-4313-988e-8695a73ed980,2022-12-08 13:32:00,059136e5-beb1-43f4-a3fe-9cc14dd0989b,600,44,644
9a6c5eba-7595-4d40-851c-16483616aa22,4127a97b-c4ac-4d92-9e5d-e067ee9437c7,2022-12-08 12:22:00,059136e5-beb1-43f4-a3fe-9cc14dd0989b,1100,82,1182
eeb14a18-846d-4aa0-8116-dc79825e9a7f,bccab3fa-d2f0-47b5-b242-b3bd3ca35e31,2022-12-08 17:28:00,059136e5-beb1-43f4-a3fe-9cc14dd0989b,1800,135,1935
b0d5b18a-2d7c-45c0-a98c-c7670bde038d,0bd2b5e2-1051-47d3-9c88-8fe2cce0d72c,2022-12-08 07:37:00,059136e5-beb1-43f4-a3fe-9cc14dd0989b,400,30,430
e8efb9b6-9c8a-48fa-9765-37ef4a8be0e7,5d0ae589-9d32-4770-b34e-3fce58eafd96,2022-12-08 17:43:00,059136e5-beb1-43f4-a3fe-9cc14dd0989b,500,37,537
a298ec66-e592-4694-a71e-bb5e76661e62,aab05592-ac5f-4f9d-9f06-1701032ffd68,2022-12-08 12:21:00,059136e5-beb1-43f4-a3fe-9cc14dd0989b,1700,127,1827
ef3064f1-c410-4bc2-944e-ce89825bbf8e,dce91346-49e1-4dc0-8151-0aee0146f7b0,2022-12-08 08:33:00,059136e5-beb1-43f4-a3fe-9cc14dd0989b,400,30,430
b709889d-2e7a-4387-8c77-108d63acaa9c,44cd1c90-3e7d-45f1-b7a7-eb24f631ec62,2022-12-08 11:52:00,059136e5-beb1-43f4-a3fe-9cc14dd0989b,400,30,430
96dc4d21-c3f5-4554-8194-34d7c90a4c46,3ba06841-e0f5-4986-a061-a20a8d1a9468,2022-12-08 08:21:00,059136e5-beb1-43f4-a3fe-9cc14dd0989b,700,52,752
b3b19c7b-2df4-4310-953f-572dce092097,08a94312-0375-4898-8816-c527f1a9e954,2022-12-08 08:34:00,059136e5-beb1-43f4-a3fe-9cc14dd0989b,600,44,644
9021a68a-9289-447e-9097-af19bcefc7d2,7018d6b2-3bff-425d-9c6b-bdbdc3f5049e,2022-12-08 13:05:00,059136e5-beb1-43f4-a3fe-9cc14dd0989b,500,37,537
3181fdcb-c134-4a02-9893-f64244ba20b8,79729105-3697-4b71-a71a-ef98faaff6e9,2022-12-08 07:30:00,059136e5-beb1-43f4-a3fe-9cc14dd0989b,400,30,430
054edafc-4e7d-4628-bb2f-9864c2f7dd72,ab9a0bd4-92b5-4830-85c6-278efca955b1,2022-12-08 12:54:00,059136e5-beb1-43f4-a3fe-9cc14dd0989b,400,30,430
94f2b2d4-6d6b-4cd0-8613-385b83db04ee,18456dea-0e90-45e1-8bfa-d45383d9477a,2022-12-08 17:12:00,059136e5-beb1-43f4-a3fe-9cc14dd0989b,1800,135,1935
6a727f21-ea26-49e1-ad1e-f22bccb92771,3fd47ffa-f416-4856-abda-cb2041e4ab50,2022-12-08 11:12:00,059136e5-beb1-43f4-a3fe-9cc14dd0989b,1400,105,1505
181bcebe-392c-47d7-9bf8-115963ed93c3,b0307cea-2d3c-4d8b-8a8a-ff40768baf60,2022-12-08 08:24:00,059136e5-beb1-43f4-a3fe-9cc14dd0989b,400,30,430
2a24a8aa-b75c-4e36-8c62-5204336134ba,3c804db9-c8df-4b39-a554-920bb75231af,2022-12-08 08:20:00,059136e5-beb1-43f4-a3fe-9cc14dd0989b,500,37,537
6f885e53-f333-4179-b607-a1071ef7f297,e9a5b80f-7b20-4349-bdbd-3568afefbedd,2022-12-08 13:43:00,059136e5-beb1-43f4-a3fe-9cc14dd0989b,1000,75,1075
1f620189-2020-4065-8ee4-c8a3925d3fa1,f7ad63c5-7073-4979-a425-55175695dc63,2022-12-08 08:09:00,059136e5-beb1-43f4-a3fe-9cc14dd0989b,600,44,644
b8ae4269-7a88-4493-a925-468a2367f3bf,a0cf9c75-f7b3-4933-a348-25b101bd09cb,2022-12-08 11:26:00,059136e5-beb1-43f4-a3fe-9cc14dd0989b,1300,97,1397
63c6ea49-d057-414a-8a57-e76704b613e2,c1cfb454-4447-43c5-a7b6-6769a6d3506e,2022-12-08 07:45:00,059136e5-beb1-43f4-a3fe-9cc14dd0989b,400,30,430
45daef59-32a9-47bb-bc2e-3694aaf6e98e,781e5cf8-ed9f-4299-a163-e6a677bbe364,2022-12-08 07:36:00,059136e5-beb1-43f4-a3fe-9cc14dd0989b,500,37,537
68e771b1-41b7-4880-ab20-1e40f811728a,050ddc48-4654-4eda-bca1-7f1fb8704f7a,2022-12-08 07:01:00,059136e5-beb1-43f4-a3fe-9cc14dd0989b,600,44,644
88de189f-1792-45e8-9314-28149985636f,10302e54-e659-4d7e-ac35-4df71a7d22ea,2022-12-08 14:58:00,059136e5-beb1-43f4-a3fe-9cc14dd0989b,600,44,644
ae348122-b20a-4cff-8f52-5896a09a00e9,2fa283a1-4467-4a1f-a6eb-da027d38ba02,2022-12-08 08:34:00,059136e5-beb1-43f4-a3fe-9cc14dd0989b,600,44,644
c97a41b2-301c-48de-8366-15b6fe125983,8579dc59-feca-41a5-805a-7ad410476f97,2022-12-08 17:34:00,059136e5-beb1-43f4-a3fe-9cc14dd0989b,600,44,644
b802c390-ab48-4cae-aaa4-3b0016692e0e,d402ab9e-b483-45d9-9d7a-2c18331a665a,2022-12-08 15:12:00,059136e5-beb1-43f4-a3fe-9cc14dd0989b,500,37,537
78f93ab3-831b-494f-b9bd-a82656cb4d07,c1d77bb3-f950-455e-9f7e-6dc773482a79,2022-12-08 15:12:00,059136e5-beb1-43f4-a3fe-9cc14dd0989b,1200,89,1289
ca2ed31d-18af-4f1c-96af-b51f667c8234,e785b14b-748f-4b64-9589-e822b226f9a8,2022-12-08 08:22:00,059136e5-beb1-43f4-a3fe-9cc14dd0989b,600,44,644
55a637f0-a3bf-4db4-a340-6387759c1232,31d0513e-0837-4053-8b9a-c3eff3970c19,2022-12-08 12:46:00,059136e5-beb1-43f4-a3fe-9cc14dd0989b,1500,112,1612
e738d690-c99c-4fb0-80c3-5a70cd4963a2,23bb9204-6575-4bbb-b910-b827f247824b,2022-12-08 08:47:00,059136e5-beb1-43f4-a3fe-9cc14dd0989b,700,52,752
358cfdc0-40e6-45ab-a839-c12df0190f99,51cad696-8312-4f57-8a0b-4fbdbe11af59,2022-12-08 11:08:00,059136e5-beb1-43f4-a3fe-9cc14dd0989b,400,30,430
1485ff22-c3b2-4775-a707-95147d04b5fe,6d0c0c08-e3f5-4364-b075-cf5316e41b9f,2022-12-08 12:42:00,059136e5-beb1-43f4-a3fe-9cc14dd0989b,400,30,430
f59e500c-1a06-40d7-bb38-9d65ad517cad,7d830ecb-c405-4014-9d03-6443ad08dad7,2022-12-08 08:10:00,059136e5-beb1-43f4-a3fe-9cc14dd0989b,500,37,537
efca9f99-96f5-4e9e-9165-cb6c02b888e7,eaf16352-4c93-41eb-abe1-239d134b93b6,2022-12-08 11:40:00,059136e5-beb1-43f4-a3fe-9cc14dd0989b,400,30,430
516ff788-aa58-45c3-a7af-6fb2fb461ac9,a72450e6-ac79-41b8-a951-c455c4256bbf,2022-12-08 08:06:00,059136e5-beb1-43f4-a3fe-9cc14dd0989b,400,30,430
18c01d46-f897-4701-a68f-d9dcf6823e2c,db141e3f-3d18-40d6-839f-2134a82d5c7d,2022-12-08 13:08:00,059136e5-beb1-43f4-a3fe-9cc14dd0989b,1400,105,1505
64023487-773c-4847-8f95-3ecbc3cba165,384c7811-188d-4f66-83fb-2521b09637b5,2022-12-08 08:13:00,059136e5-beb1-43f4-a3fe-9cc14dd0989b,700,52,752
f4d0e038-f2e8-4acc-912f-b2cd45d2b7ba,16c25ed9-359e-491e-a479-07e803146a44,2022-12-08 10:04:00,059136e5-beb1-43f4-a3fe-9cc14dd0989b,1600,120,1720
0b89fe6a-4329-4c89-899b-c4ddf490f5b6,66284830-04a9-4d43-9b02-ef3ebd475c6b,2022-12-08 12:55:00,059136e5-beb1-43f4-a3fe-9cc14dd0989b,1100,82,1182
e07bff77-d8cd-45e0-a069-2f750d41268a,2c5c0bb7-5aa6-4531-950e-7a90fe92b74d,2022-12-08 09:31:00,059136e5-beb1-43f4-a3fe-9cc14dd0989b,600,44,644
574bab48-4bc7-4b43-9b20-b0e011dfd139,79f9014a-5103-4bc1-9806-b175661422e2,2022-12-08 12:54:00,059136e5-beb1-43f4-a3fe-9cc14dd0989b,2400,179,2579
5f7c8c7b-9663-42d6-b9b2-c4c74907c7d1,e9693d06-c67a-4253-9aac-e35246aa06d9,2022-12-08 15:41:00,059136e5-beb1-43f4-a3fe-9cc14dd0989b,1600,120,1720
e873bb4b-03c6-408c-b444-9c0f51fa5272,e70955bd-402e-406b-9c9b-9a51d74355d6,2022-12-08 18:08:00,059136e5-beb1-43f4-a3fe-9cc14dd0989b,600,44,644
6ccfba7b-501a-471a-bf2d-f369ddc20af9,37c19acb-9919-48bd-a09a-1caa2a30c694,2022-12-08 08:06:00,059136e5-beb1-43f4-a3fe-9cc14dd0989b,1100,82,1182
23b75e43-9b3c-48c7-94d5-046fd13809b4,c133b21a-6b80-4f3a-8b2e-43df0b4514c7,2022-12-08 07:21:00,059136e5-beb1-43f4-a3fe-9cc14dd0989b,500,37,537
6501f4d8-37f7-4b8f-92de-ff65d81d2c76,77867314-f5f6-49f6-a191-06f958efd232,2022-12-08 16:32:00,059136e5-beb1-43f4-a3fe-9cc14dd0989b,1800,135,1935
e2858008-bd02-489f-ab05-c2c387c1a544,16f20232-3ad4-4294-9cad-8c4139b04da4,2022-12-08 16:01:00,059136e5-beb1-43f4-a3fe-9cc14dd0989b,1800,135,1935
edb1bceb-eccb-4312-acdc-830cbb4f735f,d0f85214-b373-4e3b-b6fc-0d50802c7e7b,2022-12-08 08:56:00,059136e5-beb1-43f4-a3fe-9cc14dd0989b,700,52,752
0dafdc06-4e29-42e8-b727-0ade304e403e,22c9f078-e96b-46ab-bd20-ad8cc11ee13a,2022-12-08 18:26:00,059136e5-beb1-43f4-a3fe-9cc14dd0989b,500,37,537
06ff9734-e57f-4fe7-b53f-37ade1c27bc0,05bd4daf-d823-4927-9486-6a6837585182,2022-12-08 14:18:00,059136e5-beb1-43f4-a3fe-9cc14dd0989b,600,44,644
9a4d317b-eafe-49dd-9ae5-cceb473dfbb2,efebe247-224d-41d6-8094-612564a8c476,2022-12-08 16:13:00,059136e5-beb1-43f4-a3fe-9cc14dd0989b,400,30,430
a0cef15e-baac-4e29-8df2-aa5cf09389a2,3a8c813f-cb84-4c7b-b929-95db99df1811,2022-12-08 16:50:00,059136e5-beb1-43f4-a3fe-9cc14dd0989b,1800,135,1935
8b6eee2c-40db-4376-8777-e5ce79f292f0,477d60a6-466a-46e7-b6c0-d5920edc6f49,2022-12-08 14:10:00,059136e5-beb1-43f4-a3fe-9cc14dd0989b,1900,142,2042
3758d2ba-1c52-4700-ae07-e515a848175c,5c6bb004-7084-44dc-9283-9b00665c82bc,2022-12-08 17:06:00,059136e5-beb1-43f4-a3fe-9cc14dd0989b,400,30,430
1f08d661-585c-46db-82a1-4425675aaefd,7c3b9a4e-fe3a-42e0-9573-0a14aaf4feeb,2022-12-08 15:52:00,059136e5-beb1-43f4-a3fe-9cc14dd0989b,400,30,430
b9211500-f607-41ba-9688-7a1c5b922fc6,d5efbc69-fc67-4f1a-87f3-30e57baf632a,2022-12-08 07:28:00,059136e5-beb1-43f4-a3fe-9cc14dd0989b,700,52,752
b2c65127-e76b-41c2-9ead-f4d52f20dc76,2423b39c-fa1e-458b-a033-a7d722bc372e,2022-12-08 07:00:00,059136e5-beb1-43f4-a3fe-9cc14dd0989b,600,44,644
9f98a352-f447-4d92-b153-de10f7f16022,5396cc76-d8d6-42e0-9ac3-b8a36f8e9980,2022-12-08 09:00:00,059136e5-beb1-43f4-a3fe-9cc14dd0989b,500,37,537
7fa12714-f2b1-43c5-8004-e275209a33c4,76728cb5-33de-4142-bcc8-61a9a63b3a90,2022-12-08 11:24:00,059136e5-beb1-43f4-a3fe-9cc14dd0989b,400,30,430
db1bf48a-6625-4cef-97e5-9d4781b57476,3d5cdd64-fe7e-4365-9e1d-97ee8a55f0fd,2022-12-08 08:21:00,059136e5-beb1-43f4-a3fe-9cc14dd0989b,600,44,644
f4860014-180c-4cc5-a80e-e2ed886de7d5,1968f52b-fb82-40f5-a5f8-8a81be0ffeab,2022-12-08 16:46:00,059136e5-beb1-43f4-a3fe-9cc14dd0989b,500,37,537
9dfcbd48-8a37-463e-a99c-d68feb18d334,1ce95b9f-9235-4a87-bcad-3afa90af73ed,2022-12-08 13:22:00,059136e5-beb1-43f4-a3fe-9cc14dd0989b,700,52,752
e7332499-768a-4baf-9506-df1cd288a5d1,4a037cff-561f-4546-a71e-858b06e94940,2022-12-08 18:20:00,059136e5-beb1-43f4-a3fe-9cc14dd0989b,400,30,430
383e3690-03e4-41f1-8e21-2d1c8324d537,922d5b80-73f4-4f36-aa06-0357112d60f7,2022-12-08 18:48:00,059136e5-beb1-43f4-a3fe-9cc14dd0989b,1700,127,1827
dc9b924c-2fb7-4c8e-956e-980e5216d166,7609b18e-4057-480c-be36-78507e0021d2,2022-12-08 11:24:00,059136e5-beb1-43f4-a3fe-9cc14dd0989b,600,44,644
d404e374-5d96-4ff5-85fd-099801a32c9d,cbe876c8-a324-4ebb-ae69-ae07df7846fd,2022-12-08 07:29:00,059136e5-beb1-43f4-a3fe-9cc14dd0989b,400,30,430
615f7ac8-7392-4795-b45b-e4ef455fe6e3,3bdd9588-88c1-4e38-a5a2-a2a1cb9c5ba6,2022-12-08 17:37:00,059136e5-beb1-43f4-a3fe-9cc14dd0989b,1600,120,1720
856e4a82-c5ce-4f00-b4c7-a7ee8989ff1b,6c0e2710-0b52-41d2-b686-1142f546ec64,2022-12-08 14:54:00,059136e5-beb1-43f4-a3fe-9cc14dd0989b,600,44,644
4f92fab7-9d25-4358-8c93-fed1e3c9ebca,7bf95b47-6cc7-4454-8e8d-c6ae37383823,2022-12-08 13:54:00,059136e5-beb1-43f4-a3fe-9cc14dd0989b,400,30,430
a854a6a1-661c-49af-92f6-4e837b88c3ef,92fb892f-6a43-489c-b618-ff370abc4242,2022-12-08 11:13:00,059136e5-beb1-43f4-a3fe-9cc14dd0989b,1800,135,1935
e5860a11-502c-4ff1-bebc-3c3297438fbe,9942aeb9-9494-453e-8ae2-1b85271ceb96,2022-12-08 17:51:00,059136e5-beb1-43f4-a3fe-9cc14dd0989b,400,30,430
649a0299-1e31-4e85-aee5-14251fabfa71,e34930d8-a95d-4286-b7d2-147d08008c79,2022-12-08 14:23:00,059136e5-beb1-43f4-a3fe-9cc14dd0989b,600,44,644
a7484b90-b5cf-4cd9-8a0e-5c0245b7abee,529905cf-561e-4337-9a4a-175121574488,2022-12-08 08:16:00,059136e5-beb1-43f4-a3fe-9cc14dd0989b,400,30,430
a893725e-0bb6-4fe8-ae2c-a060af6107e5,a69aab5f-d0c5-48cd-a234-59717d300573,2022-12-08 11:33:00,059136e5-beb1-43f4-a3fe-9cc14dd0989b,600,44,644
47f0b823-53bc-4ec0-a5e8-1ccf82e83bf7,eaa58131-5fab-42f2-804b-c6ac10286bbe,2022-12-08 16:07:00,059136e5-beb1-43f4-a3fe-9cc14dd0989b,800,60,860
86484195-c698-444d-98bd-a1b56775da6a,478906bc-057a-41da-a756-2ab94b7817b4,2022-12-08 07:48:00,059136e5-beb1-43f4-a3fe-9cc14dd0989b,600,44,644
19239b08-4908-4fff-883b-37f643984b2f,20447c53-4457-454a-92ff-187ee6461822,2022-12-08 08:16:00,059136e5-beb1-43f4-a3fe-9cc14dd0989b,400,30,430
21ec4557-53b5-42ab-9ce3-e9d7b1b3cd2d,4744369f-163d-4dd9-b650-9b94350334e7,2022-12-08 07:31:00,059136e5-beb1-43f4-a3fe-9cc14dd0989b,600,44,644
f44eabea-e17c-4e7f-902c-55dc1ad54491,2c8d74ca-99fc-41ee-8373-d44d5f6b83f1,2022-12-08 15:31:00,059136e5-beb1-43f4-a3fe-9cc14dd0989b,900,67,967
737eb436-c3c2-4de7-87b3-f73af54d1a31,ed697b2d-ca88-4faa-99a4-9c92fa1017e2,2022-12-08 11:31:00,059136e5-beb1-43f4-a3fe-9cc14dd0989b,600,44,644
089219d8-4456-4e2d-993a-d41b09363277,361fcd5d-8d28-433b-abd9-c1e72a5cad2a,2022-12-08 07:42:00,059136e5-beb1-43f4-a3fe-9cc14dd0989b,400,30,430
2f545e3d-3722-412c-b890-eb368fba62c1,82d6e5b0-c058-4190-b376-53c5e56df29c,2022-12-08 11:10:00,059136e5-beb1-43f4-a3fe-9cc14dd0989b,1000,75,1075
9863a4f5-917d-42fb-926b-587452e7d7c7,561657d6-42e9-4820-bb19-8ed7dc3fadd2,2022-12-08 11:51:00,059136e5-beb1-43f4-a3fe-9cc14dd0989b,500,37,537
f3726e2d-46a1-466d-97e5-3b94ebb06e5a,b5cb0c28-0cc6-4467-8486-0c9eb5e599c1,2022-12-08 11:47:00,059136e5-beb1-43f4-a3fe-9cc14dd0989b,500,37,537
d5653bd8-4adb-4f76-8644-0d3b550d53b1,48b85191-c0e7-4f81-96a3-d5f86031cfb9,2022-12-08 08:07:00,059136e5-beb1-43f4-a3fe-9cc14dd0989b,500,37,537
8bd9542a-6218-4ee0-be24-8e86b8d668cf,3403b172-cee0-45a1-b3b0-bd780462a988,2022-12-08 08:16:00,059136e5-beb1-43f4-a3fe-9cc14dd0989b,500,37,537
5d942933-11b1-4fb1-ad57-561db541503d,f1993284-9f81-43ed-be18-ebfd355bd0af,2022-12-08 08:09:00,059136e5-beb1-43f4-a3fe-9cc14dd0989b,500,37,537
5832de7c-bbf0-41e7-a8a1-6bea8347f1ad,525add24-e4bb-4a57-a41a-d1eb58ef9533,2022-12-08 13:25:00,059136e5-beb1-43f4-a3fe-9cc14dd0989b,1100,82,1182
e1cbec98-27d7-4d7c-8350-ed9774a7808a,f3770952-5a51-4000-a02e-03c4918954dd,2022-12-08 08:58:00,059136e5-beb1-43f4-a3fe-9cc14dd0989b,600,44,644
0e764d88-8e28-4905-8760-4bcdaf16d773,6b830d11-3333-4049-8288-6e208d4bc7f0,2022-12-08 07:18:00,059136e5-beb1-43f4-a3fe-9cc14dd0989b,700,52,752
63e2fa7b-4d52-4517-99bb-da3cd45cf0bc,65b2039b-39ba-48d6-b2e7-293dbc866025,2022-12-08 11:36:00,059136e5-beb1-43f4-a3fe-9cc14dd0989b,2300,172,2472
12e13e06-bd11-4c03-8049-92b719361ee8,ec3e334b-eb4d-460d-a9a9-ed604e92bdf0,2022-12-08 18:41:00,059136e5-beb1-43f4-a3fe-9cc14dd0989b,600,44,644
f48bcf34-d1e0-43b3-b78b-1c1c84962145,ae8150b4-56c5-4822-abcf-50b46552f222,2022-12-08 08:35:00,059136e5-beb1-43f4-a3fe-9cc14dd0989b,700,52,752
4278cbf0-d8dd-4de2-856b-d8409293a74d,57448fbd-ff56-40a7-b47f-0f161b5ae95d,2022-12-08 16:38:00,059136e5-beb1-43f4-a3fe-9cc14dd0989b,1800,135,1935
a3102af1-7490-4539-966f-ebbdf7280bf0,4009b786-5c37-4ffe-82fe-8f1dffb7cf4a,2022-12-08 07:46:00,059136e5-beb1-43f4-a3fe-9cc14dd0989b,700,52,752
a66bcf8a-8842-40e9-bafc-d5d32b840d75,a03939d5-2ed1-48c7-861f-0f54e7c51c5f,2022-12-08 07:17:00,059136e5-beb1-43f4-a3fe-9cc14dd0989b,600,44,644
219a3bd6-0920-4478-92f9-4830ae71d916,41635a49-5cce-4aab-9afc-00d493262797,2022-12-08 12:38:00,059136e5-beb1-43f4-a3fe-9cc14dd0989b,500,37,537
62ba9dd8-083b-4e2b-8669-ddc663ede84e,8444b032-8cb2-4a63-9fd1-f6d09e140bec,2022-12-08 14:06:00,059136e5-beb1-43f4-a3fe-9cc14dd0989b,600,44,644
014c914e-ea8d-4e59-a337-b3039bec3ec6,041b470c-0cef-4c3d-9974-e0584908c584,2022-12-08 16:42:00,059136e5-beb1-43f4-a3fe-9cc14dd0989b,1700,127,1827
491e1f08-560e-4125-aaee-5f1148b8e46c,890d1303-bf49-48c4-ab4d-73f9a0187dd2,2022-12-08 15:36:00,059136e5-beb1-43f4-a3fe-9cc14dd0989b,1600,120,1720
70386dc2-6f8c-4477-bca4-0a54b2795b78,168a6b37-3ff2-4307-8348-321ef39ada37,2022-12-08 07:00:00,059136e5-beb1-43f4-a3fe-9cc14dd0989b,400,30,430
87a2cae8-cb4c-494a-bddd-3436a4567af8,74363858-755e-4210-b5d9-830b25a965c4,2022-12-08 13:57:00,059136e5-beb1-43f4-a3fe-9cc14dd0989b,600,44,644
11c8678e-d4bb-4095-b6d8-36890a791931,0fddd792-32d9-4048-ba1f-1bca261a4a84,2022-12-08 10:57:00,059136e5-beb1-43f4-a3fe-9cc14dd0989b,700,52,752
1f49ff88-d5d1-45f4-bc36-c0199bb83d6f,56cff385-b95f-49b9-b34f-c839e39df055,2022-12-08 17:14:00,059136e5-beb1-43f4-a3fe-9cc14dd0989b,500,37,537
8ccbf329-6f39-49ed-a2ec-5241dd0011a4,2031ab1b-c0c0-4875-81ef-63f6ec7db843,2022-12-08 09:33:00,059136e5-beb1-43f4-a3fe-9cc14dd0989b,3900,292,4192
40099044-b260-4ff4-8227-e38e84ba752b,37fc1b50-84ef-40db-b99a-64dd7281c7a7,2022-12-08 14:43:00,059136e5-beb1-43f4-a3fe-9cc14dd0989b,2000,150,2150
8c607e0c-943e-4682-a737-9f852e3c1114,14b55929-5438-4892-9073-524d32d4e944,2022-12-08 13:16:00,059136e5-beb1-43f4-a3fe-9cc14dd0989b,400,30,430
d2fc5427-cb75-44c7-b0ba-cc05a84641c7,751e632c-7341-4671-95d2-e348460b3fab,2022-12-08 16:13:00,059136e5-beb1-43f4-a3fe-9cc14dd0989b,1600,120,1720
61f53f32-0649-4121-8562-86bedccb6162,d6015423-d5f4-48d9-8dba-5184e114d126,2022-12-08 07:56:00,059136e5-beb1-43f4-a3fe-9cc14dd0989b,700,52,752
aab32750-6173-48a2-8337-c31a4a5b2241,7c8432cf-6e17-4e2b-899c-0526eae11ec4,2022-12-08 10:51:00,059136e5-beb1-43f4-a3fe-9cc14dd0989b,600,44,644
a5de43f3-c8b3-4adf-b543-1cca98c80e07,187c7384-25b3-4172-bee6-99f83f02b761,2022-12-08 11:22:00,059136e5-beb1-43f4-a3fe-9cc14dd0989b,600,44,644
ff99322c-0b36-4c22-b867-1b0fbca1ba92,e5c397a4-f9c3-4d5d-956c-f4cbac6fc1e1,2022-12-08 09:17:00,059136e5-beb1-43f4-a3fe-9cc14dd0989b,600,44,644
87d32701-3c11-4798-a5f4-78bd851acf29,f8a4f769-0195-44be-9cb4-a90210c4047e,2022-12-08 07:31:00,059136e5-beb1-43f4-a3fe-9cc14dd0989b,700,52,752
2a61b79a-0037-4dd7-ad1b-f215d9364226,35bf73a3-f268-4294-8a12-bc9a1b83db11,2022-12-08 12:08:00,059136e5-beb1-43f4-a3fe-9cc14dd0989b,2200,165,2365
7c9d0412-ff65-4f81-a631-3e4b524eeab4,e0983e91-a701-429d-bc70-28a23527f04c,2022-12-08 11:14:00,059136e5-beb1-43f4-a3fe-9cc14dd0989b,600,44,644
b8bec982-1fd1-4ce9-b695-d85880e8226c,40ec592a-e3ab-417e-ad8f-8f4c3f5dc8cd,2022-12-08 15:06:00,059136e5-beb1-43f4-a3fe-9cc14dd0989b,600,44,644
987849cd-72da-4e49-a802-1bfb556bedac,83872f19-552c-47b2-9fd3-4db4c2f6753f,2022-12-08 08:02:00,059136e5-beb1-43f4-a3fe-9cc14dd0989b,700,52,752
6f4d2389-3268-48d1-899e-f78b8d2ddff1,0b4320be-1aed-4451-b8d4-bfe6e56b3281,2022-12-08 11:26:00,059136e5-beb1-43f4-a3fe-9cc14dd0989b,700,52,752
b8cc00c7-fa69-4d70-ad2c-3efb37532ba8,26fc60b3-85e6-43e5-b371-71877025c8d1,2022-12-08 08:11:00,059136e5-beb1-43f4-a3fe-9cc14dd0989b,500,37,537
cf2c8543-ff02-4204-83fa-4cc1d15b148e,c7fe7715-b1b6-47c4-88ca-4a2bf466a61a,2022-12-08 17:12:00,059136e5-beb1-43f4-a3fe-9cc14dd0989b,600,44,644
5e345627-2977-4ecd-9fd8-6710733a9988,27b3d9ff-db39-4ce8-8de0-2090a7e90776,2022-12-08 07:40:00,059136e5-beb1-43f4-a3fe-9cc14dd0989b,400,30,430
467e5990-9a1d-4800-b9cf-364eee7b707f,3c7c5fb0-d621-44e5-9d08-388975ae8faf,2022-12-08 07:48:00,059136e5-beb1-43f4-a3fe-9cc14dd0989b,700,52,752
dc354f9d-c475-4e84-b6e2-d4a7a4f52505,4e749dde-0bfb-45f8-bfb7-cee60c7f5012,2022-12-08 12:45:00,059136e5-beb1-43f4-a3fe-9cc14dd0989b,600,44,644
86cd3ed7-8381-4db8-98f4-98f5165361e7,55a28803-2496-4e1a-84e5-f0a46aaead70,2022-12-08 10:54:00,059136e5-beb1-43f4-a3fe-9cc14dd0989b,500,37,537
1c1d05bd-6ba3-47a2-90d0-f8548c47fb04,cf121e2f-237d-4246-92e7-b175553e7a78,2022-12-08 15:38:00,059136e5-beb1-43f4-a3fe-9cc14dd0989b,400,30,430
5ca9b042-e3e0-4b6f-8d98-56777a584f73,a978d5d4-d1da-4b56-bd60-9b92205a925f,2022-12-08 14:49:00,059136e5-beb1-43f4-a3fe-9cc14dd0989b,600,44,644
6f7c4863-fdf5-47dc-b4fb-9192f59313dd,c1fadf94-71e8-4d09-b9b0-2af116108a24,2022-12-08 08:12:00,059136e5-beb1-43f4-a3fe-9cc14dd0989b,600,44,644
70af837b-4a69-483b-b8d8-f39c70f6aa8e,771dfa76-30ed-43e7-9aab-d026b7b2e4de,2022-12-08 17:38:00,059136e5-beb1-43f4-a3fe-9cc14dd0989b,600,44,644
48651e6e-83e4-42a2-a7a7-8996b2e16f0c,cf1cc4db-a760-402c-8f7a-ef9892e05ee8,2022-12-08 13:10:00,059136e5-beb1-43f4-a3fe-9cc14dd0989b,1000,75,1075
f93579ea-4559-4056-b057-dec373dafd19,2533fffb-72a8-4e71-9e5c-eda4b362c551,2022-12-08 14:04:00,059136e5-beb1-43f4-a3fe-9cc14dd0989b,700,52,752
22dbd2f6-2d28-4d2d-9f10-0da37f4b2174,ff8e5384-92e3-46a6-a97f-96f2e06d2d0c,2022-12-08 13:59:00,059136e5-beb1-43f4-a3fe-9cc14dd0989b,600,44,644
4a0d24e7-57da-4c34-9c17-5b0f35386f99,71c22f51-5140-4058-aca4-e1297f024cd1,2022-12-08 07:58:00,059136e5-beb1-43f4-a3fe-9cc14dd0989b,700,52,752
7c756a37-94f3-4a28-9cf4-d94749813dd0,d8196da5-366a-49ed-8e90-a15d0e70dabb,2022-12-08 17:06:00,059136e5-beb1-43f4-a3fe-9cc14dd0989b,700,52,752
6c60fe29-22f9-48a4-a05f-8f45fdae2167,0c903c1d-a0ab-4e8e-b1ce-e40f8f7c70ee,2022-12-08 14:51:00,059136e5-beb1-43f4-a3fe-9cc14dd0989b,700,52,752
aea016cd-8f90-4d2a-8b19-1a6bbf909ca1,99e72f7b-8e9c-4403-8629-4ba314155564,2022-12-08 07:10:00,059136e5-beb1-43f4-a3fe-9cc14dd0989b,600,44,644
6f5814c0-5478-474f-bfa5-058590509101,7e72fe96-b013-4324-869d-caa2d564f37e,2022-12-08 08:54:00,059136e5-beb1-43f4-a3fe-9cc14dd0989b,500,37,537
8e18c2d2-60bf-40c7-a6ad-7f09ec7c6e9d,9b42559d-e62d-4ab2-ba36-11562c60d296,2022-12-08 08:08:00,059136e5-beb1-43f4-a3fe-9cc14dd0989b,500,37,537
12abefab-1f92-4262-9d13-6304d79a07d6,f637c2f2-576f-420d-bdb7-9836d12af85a,2022-12-08 07:53:00,059136e5-beb1-43f4-a3fe-9cc14dd0989b,700,52,752
2e1000da-1bd6-405b-a493-8dd25e366baa,0011a704-5681-4123-8dca-1af0bdc2de41,2022-12-08 08:21:00,059136e5-beb1-43f4-a3fe-9cc14dd0989b,600,44,644
8b6dfc93-84f1-4415-8052-e8ac44b9155b,e78f3127-094d-45f2-bbcb-dcb3cf718f7f,2022-12-08 07:22:00,059136e5-beb1-43f4-a3fe-9cc14dd0989b,1000,75,1075
dfc5fecc-14b7-4fd4-8c76-e34fe2498ded,7add3d5c-dfe4-41a7-9a61-3b9186a0f846,2022-12-08 08:40:00,059136e5-beb1-43f4-a3fe-9cc14dd0989b,500,37,537
247a7dea-6a53-4c12-beba-ffbb73560950,b3f1fd68-97bf-448c-b555-6f57c1700866,2022-12-08 07:53:00,059136e5-beb1-43f4-a3fe-9cc14dd0989b,600,44,644
b6e328ea-b2de-4033-ada7-71548f845bdb,d7e381b1-2fcd-40d3-850a-95701efbfd4a,2022-12-08 15:41:00,059136e5-beb1-43f4-a3fe-9cc14dd0989b,600,44,644
42bfd82f-db0e-46bb-bc64-3f78bd8aa8e7,39ceb3c4-d968-4af0-8bd1-6010ee5cf91c,2022-12-08 07:46:00,059136e5-beb1-43f4-a3fe-9cc14dd0989b,600,44,644
aa9060b5-1931-4f07-ad03-99c8f3fa2bfd,6156c2e5-b70a-4109-9e08-c0c9d8dd1210,2022-12-08 08:07:00,059136e5-beb1-43f4-a3fe-9cc14dd0989b,700,52,752
01a5355b-4a5f-4226-ad78-af864e04ac5b,bc218511-0fcd-4e51-b161-55bb383e4157,2022-12-08 17:19:00,059136e5-beb1-43f4-a3fe-9cc14dd0989b,1000,75,1075
a948364f-2083-466f-86fb-a836a869d069,1578fa35-446f-4174-9169-551e1d5edb6a,2022-12-08 08:24:00,059136e5-beb1-43f4-a3fe-9cc14dd0989b,700,52,752
3bc59b66-bdcb-492e-9052-00c4c4d5e1ac,4e33fa20-eeb2-4dd9-975c-8821869dfb64,2022-12-08 13:19:00,059136e5-beb1-43f4-a3fe-9cc14dd0989b,400,30,430
3fa90532-c136-468b-a7d2-f2e3a7399221,e51ff3e5-c9ac-4a9c-b8d4-2d62d04f9d59,2022-12-08 13:35:00,059136e5-beb1-43f4-a3fe-9cc14dd0989b,500,37,537
c008f9b2-cc2f-4c2f-b770-3f8254e00396,8c9bc24a-89cf-47a7-b3c3-328b2591676b,2022-12-08 18:01:00,059136e5-beb1-43f4-a3fe-9cc14dd0989b,1700,127,1827
9da27ac8-ff94-4c84-9ffb-84eda06ef3dd,63358e1d-e741-46a1-a85b-f5b455bf59d4,2022-12-08 08:20:00,059136e5-beb1-43f4-a3fe-9cc14dd0989b,700,52,752
e1b6b593-d129-444f-9269-ade332aded0a,19d93d29-786d-4ecb-b11f-1fda12e23d03,2022-12-08 13:15:00,059136e5-beb1-43f4-a3fe-9cc14dd0989b,600,44,644
a904b41b-2beb-45cb-8b97-9a5639f99d01,ec31d820-7060-4567-9f40-46916bc49255,2022-12-08 15:14:00,059136e5-beb1-43f4-a3fe-9cc14dd0989b,1300,97,1397
fd1f5852-d735-49bf-9d8c-5d98bd4dd0bb,da3c426d-80b6-4bc0-b424-a51a461fdf70,2022-12-08 18:12:00,059136e5-beb1-43f4-a3fe-9cc14dd0989b,1600,120,1720
fc8e63a2-38e9-4f4f-b84c-b1ebb3a2c8f1,879873ef-7ee7-45d1-a0f8-3ab1ff52b1de,2022-12-08 08:21:00,059136e5-beb1-43f4-a3fe-9cc14dd0989b,700,52,752
7ef918e7-ba47-44fb-bca4-7ddc059e3b29,94f6387a-97ef-43f5-b203-90565c727538,2022-12-08 11:24:00,059136e5-beb1-43f4-a3fe-9cc14dd0989b,2500,187,2687
d05d3968-fcfc-4f6c-b038-38d44a37e856,2e3f8a56-2251-44a8-8599-fc4cbd175ecb,2022-12-08 12:43:00,059136e5-beb1-43f4-a3fe-9cc14dd0989b,1000,75,1075
fcd3c24a-3911-4eac-a7a6-f3d795026750,4a85d967-5582-41b9-886e-b8899e3bb7ac,2022-12-08 11:16:00,059136e5-beb1-43f4-a3fe-9cc14dd0989b,0,0,0
7f4f35a0-45a6-4ca0-a601-7f5376d9485b,dbd8ef76-a438-4dc2-b931-58294ab0fdd3,2022-12-08 18:25:00,059136e5-beb1-43f4-a3fe-9cc14dd0989b,1700,127,1827
211e4fce-a62a-4956-a954-734211fabe8b,757ad23d-2490-44ac-8683-ac603986068b,2022-12-08 07:57:00,059136e5-beb1-43f4-a3fe-9cc14dd0989b,600,44,644
fb9a8d32-4b6a-4a95-9d07-2be72fc9bae1,8e41ce23-0858-4778-bac4-f113515f4409,2022-12-08 07:27:00,059136e5-beb1-43f4-a3fe-9cc14dd0989b,700,52,752
af052789-abd0-4a78-9cf1-66fab32f1829,d9f02350-2ac6-4b03-ba72-d0def0c5c1f5,2022-12-08 16:34:00,059136e5-beb1-43f4-a3fe-9cc14dd0989b,600,44,644
f82ad234-bbad-4576-9383-b095cbc5a662,5557ee9c-aeb5-4267-9fc0-6430874d3a0c,2022-12-08 07:54:00,059136e5-beb1-43f4-a3fe-9cc14dd0989b,2000,150,2150
6485c3d3-098f-4159-947c-281024172bc8,ba2dedc4-88f5-4a08-868d-6687a7a2282f,2022-12-08 16:22:00,059136e5-beb1-43f4-a3fe-9cc14dd0989b,400,30,430
0edfb2f4-d089-427a-97f9-b590a9c70658,987ded3d-0eb7-4546-9a65-073dfc15621f,2022-12-08 07:47:00,059136e5-beb1-43f4-a3fe-9cc14dd0989b,500,37,537
a9f39989-e61b-45d0-a112-f78979555fe7,842f310f-2bb8-42c0-8291-b26b81258980,2022-12-08 16:11:00,059136e5-beb1-43f4-a3fe-9cc14dd0989b,1600,120,1720
3e2e9062-14ad-4f88-a472-fe52d75cb923,71226ce1-aac0-48fa-b99b-05a4ab69dde7,2022-12-08 08:30:00,059136e5-beb1-43f4-a3fe-9cc14dd0989b,600,44,644
d0f4c8ef-705d-470f-87b8-c2268f7c93f6,83cd5e82-fcef-4b1a-9a26-3889abd99ee9,2022-12-08 08:18:00,059136e5-beb1-43f4-a3fe-9cc14dd0989b,700,52,752
6def6334-ff2e-4854-9a54-476a4f57d5aa,e1279ada-8639-4103-93d1-7e4fe86e915a,2022-12-08 16:25:00,059136e5-beb1-43f4-a3fe-9cc14dd0989b,2700,202,2902
1ffbf609-1e21-40d0-beb9-3d849ddca503,41c9f26f-ad03-4bb6-b0c8-6c4754d887fc,2022-12-08 09:51:00,059136e5-beb1-43f4-a3fe-9cc14dd0989b,700,52,752
3dfcdcea-b614-4394-a6ac-741e3cf19207,bbd60ac7-5fef-454b-aabb-66031f4a499d,2022-12-08 08:42:00,059136e5-beb1-43f4-a3fe-9cc14dd0989b,600,44,644
b49ee0cc-483d-4a7f-8890-d85486ed17b8,aca90745-0103-44ba-b561-ead73d1be7f6,2022-12-08 18:11:00,059136e5-beb1-43f4-a3fe-9cc14dd0989b,1700,127,1827
a706f7a9-fa1e-46fa-bbd0-ed80d86a706a,7a117ba4-34c0-4a2b-8950-ef18771fe5c7,2022-12-08 10:51:00,059136e5-beb1-43f4-a3fe-9cc14dd0989b,600,44,644
1b88393b-75ff-4d98-8211-de47483b6023,e7cb0957-3b8a-4d78-807e-241cdafaf2a3,2022-12-08 14:26:00,059136e5-beb1-43f4-a3fe-9cc14dd0989b,600,44,644
54dfe37c-1146-4c53-b4d3-1ef4173b2569,df8e1c87-b450-4bdb-bb3d-982138f86dbf,2022-12-08 08:14:00,059136e5-beb1-43f4-a3fe-9cc14dd0989b,700,52,752
8f54f184-983d-45d6-a0ca-9ecf8e53520d,2c6d229d-2be8-4b3f-b969-77e0a1b902ae,2022-12-08 13:43:00,059136e5-beb1-43f4-a3fe-9cc14dd0989b,600,44,644
13a2edda-122e-4cb3-8d7f-b1a980789e23,28bd6a31-b941-4df4-92da-9da703597e5b,2022-12-08 07:07:00,059136e5-beb1-43f4-a3fe-9cc14dd0989b,700,52,752
83dd2d7a-ead3-4245-a081-45f5d23993c0,5205dbf0-a115-4aa8-977b-96db1e73df12,2022-12-08 15:54:00,059136e5-beb1-43f4-a3fe-9cc14dd0989b,1800,135,1935
7e52d1da-0e8b-4727-aecc-f16ce3f3f080,d1221cb3-2f69-46ce-bd21-ed3d9fd32d08,2022-12-08 13:50:00,059136e5-beb1-43f4-a3fe-9cc14dd0989b,600,44,644
4f528699-6e29-441e-bf3d-f1ed8ea4f9be,f813d86e-8dfa-492e-8e09-ac432110ec41,2022-12-08 09:24:00,059136e5-beb1-43f4-a3fe-9cc14dd0989b,400,30,430
e739c8ad-5b63-41fa-ad62-eb0194cab6aa,562a2cec-caac-4d07-918b-b4c60e4b1505,2022-12-08 07:27:00,059136e5-beb1-43f4-a3fe-9cc14dd0989b,600,44,644
e8f5fad2-20ab-4f76-9804-62d0b2c9fc42,bfaa418f-dc55-4a58-baf3-ae68dd84beb5,2022-12-08 08:13:00,059136e5-beb1-43f4-a3fe-9cc14dd0989b,700,52,752
ed3252e4-66e3-4f38-8787-727fa5e2ec6d,1f1cd553-ae63-4f46-9f5f-36c05ed4d698,2022-12-08 15:43:00,059136e5-beb1-43f4-a3fe-9cc14dd0989b,700,52,752
ee52901c-98e9-4d06-9208-071c3d96b36d,c0baed56-16e4-4b70-8dc9-4cd5328cae45,2022-12-08 08:18:00,059136e5-beb1-43f4-a3fe-9cc14dd0989b,600,44,644
6c80fc4e-97ff-4fcf-93ed-07a70055e1a8,2452dcd2-e948-40a1-b7ec-fb569ac29d4a,2022-12-08 17:52:00,059136e5-beb1-43f4-a3fe-9cc14dd0989b,1900,142,2042
8722a200-4949-4931-9e54-7ffa9d0bd5ba,5702df61-b819-4715-bb9e-ab49fcca2190,2022-12-08 08:37:00,059136e5-beb1-43f4-a3fe-9cc14dd0989b,400,30,430
c8fece99-0ac9-4265-9bd4-1b1a1d27a243,3485fe65-fd37-4579-9269-5e83713d1159,2022-12-08 13:03:00,059136e5-beb1-43f4-a3fe-9cc14dd0989b,1900,142,2042
76b13127-797b-4a24-8e08-671a547cfff6,4dd3cdca-7c84-4a3c-bee1-4cc40fe4f6c1,2022-12-08 12:06:00,059136e5-beb1-43f4-a3fe-9cc14dd0989b,600,44,644
96a66e65-30f9-4093-8a3d-d7b629e50fa5,4b93879c-0737-40dd-b938-754c1fbf0384,2022-12-08 08:41:00,059136e5-beb1-43f4-a3fe-9cc14dd0989b,700,52,752
0db4e869-2e77-4fbf-89af-a7e7e9682782,f3eb936d-74aa-4b98-8acd-fb9136933e38,2022-12-08 14:49:00,059136e5-beb1-43f4-a3fe-9cc14dd0989b,1600,120,1720
3e5189e3-c15b-4e61-ac29-61df377f8721,5ff6898e-6fbe-41b2-abb0-7bdf107eeb3b,2022-12-08 07:36:00,059136e5-beb1-43f4-a3fe-9cc14dd0989b,600,44,644
f6c8047d-46a1-4db7-a5a4-e0d9ca51c010,9c03a2ed-6343-4c79-979e-7b94d8c41b9a,2022-12-08 18:11:00,059136e5-beb1-43f4-a3fe-9cc14dd0989b,500,37,537
6a5e3ff0-b2b0-4136-b1bc-8aef27c508d3,3d49f94b-d293-4bc7-9785-8c1924b261ed,2022-12-08 15:28:00,059136e5-beb1-43f4-a3fe-9cc14dd0989b,2000,150,2150
232a435b-0496-4999-ba7b-8b58597c5995,d5ed11cf-a7a8-48e0-8db6-b53ea2b4215b,2022-12-08 07:44:00,059136e5-beb1-43f4-a3fe-9cc14dd0989b,600,44,644
a5e584d5-e282-4bbe-a9ca-7cf8940eeab4,4cb59264-ffcc-452a-8b0e-82b2d93a13f8,2022-12-08 14:31:00,059136e5-beb1-43f4-a3fe-9cc14dd0989b,2200,165,2365
b980ef3e-7dfc-4949-96dd-211204704995,52713a79-bbcf-4dae-b373-094c94cdaa42,2022-12-08 16:04:00,059136e5-beb1-43f4-a3fe-9cc14dd0989b,1800,135,1935
a43c89af-5b6c-44d0-b9a9-0c2481363802,22b6850d-b14f-4bfc-8ad5-1b8e5dd86415,2022-12-08 14:42:00,059136e5-beb1-43f4-a3fe-9cc14dd0989b,1500,112,1612
2bb99992-cf15-4ffa-b30f-ebf3ee44f648,123f76cb-3dbe-4a9c-aa85-e0dc3091b169,2022-12-08 14:56:00,059136e5-beb1-43f4-a3fe-9cc14dd0989b,500,37,537
ad498437-4a5d-4ba6-b8cd-1ba8a613188b,86936775-52b3-40ab-9529-3d70c1d85b96,2022-12-08 16:17:00,059136e5-beb1-43f4-a3fe-9cc14dd0989b,1800,135,1935
1639dda0-b703-4d88-b2df-82b4fb9a7917,e92d4740-9449-4048-92f5-85fb462dad77,2022-12-08 13:07:00,059136e5-beb1-43f4-a3fe-9cc14dd0989b,1100,82,1182
72f2444e-2e56-44e9-ba9d-f0c0686677dc,69b261e6-ada0-48de-94b4-7449a7e44a5f,2022-12-08 08:11:00,059136e5-beb1-43f4-a3fe-9cc14dd0989b,500,37,537
fe8b5076-b073-4ea2-a9c6-7cb55d3256df,5b7ca844-231c-4062-ac6a-4b3b609e5c76,2022-12-08 07:50:00,059136e5-beb1-43f4-a3fe-9cc14dd0989b,600,44,644
79e95556-6e2c-472a-9ef3-21db4afeb1d6,4f346960-fad5-45cb-b2fb-aa2c25662998,2022-12-08 18:30:00,059136e5-beb1-43f4-a3fe-9cc14dd0989b,1200,89,1289
bad5f49e-49a7-4231-9320-029f3b1d5bc4,53760b90-8462-4a28-9982-1a996cdbc8a2,2022-12-08 14:52:00,059136e5-beb1-43f4-a3fe-9cc14dd0989b,1900,142,2042
f6e65ef4-8cfa-4c5d-bd91-6d5f881ed21a,59fb0d19-c3ef-4659-9b3d-dfb568b3fedf,2022-12-08 13:35:00,059136e5-beb1-43f4-a3fe-9cc14dd0989b,1800,135,1935
f6d03578-1d33-4ef4-8e23-ef5ca12cef71,ab97f3ac-1614-471d-82d6-66432507cd64,2022-12-08 08:11:00,059136e5-beb1-43f4-a3fe-9cc14dd0989b,500,37,537
44105b19-5db5-45d1-92f0-5a2c697885fd,07a8b0a6-f708-4fe2-93b6-21978691ae73,2022-12-08 07:02:00,059136e5-beb1-43f4-a3fe-9cc14dd0989b,400,30,430
74a82af7-b7b6-414b-9201-425ad6970d9e,472472bf-18fe-424e-a45c-e1c80185d4e3,2022-12-08 10:39:00,059136e5-beb1-43f4-a3fe-9cc14dd0989b,1200,89,1289
45e165a1-28a9-41ea-8e96-08c3f50a0bc7,34d82b57-4819-4794-9ca9-ea6574b20771,2022-12-08 08:31:00,059136e5-beb1-43f4-a3fe-9cc14dd0989b,700,52,752
8fcab56c-1566-4251-8453-6b1fcceb061f,e6e521f9-4263-4abe-8cb3-3aec564ed17b,2022-12-08 07:49:00,059136e5-beb1-43f4-a3fe-9cc14dd0989b,600,44,644
300fd646-9e24-463d-bc51-799ed4f0497f,06b0a9b7-2b18-413f-9a81-47b63b8ddb40,2022-12-08 14:32:00,059136e5-beb1-43f4-a3fe-9cc14dd0989b,500,37,537
46d6ddd3-a396-47d2-876e-af042964ba25,dd182f76-63eb-4173-848a-8c03f76c83b7,2022-12-08 12:43:00,059136e5-beb1-43f4-a3fe-9cc14dd0989b,1900,142,2042
60ddf538-0114-4874-851b-add2d68e16a2,5ae0ad28-397e-48ae-b74c-cf5304acb96f,2022-12-08 17:03:00,059136e5-beb1-43f4-a3fe-9cc14dd0989b,2000,150,2150
a24fd23c-9d4d-4277-bfbb-5008199a710a,0b4f304d-8026-4f2c-a91f-b3a7b61b8413,2022-12-08 10:22:00,059136e5-beb1-43f4-a3fe-9cc14dd0989b,400,30,430
6a5b1c9f-14f2-4263-bb5e-11300ce511cc,d7f9570e-4b88-4892-aee5-c747cf0505ce,2022-12-08 08:33:00,059136e5-beb1-43f4-a3fe-9cc14dd0989b,700,52,752
4b9e7c5c-f4b9-435d-b0d8-5f6003f7c8a6,2fff5639-709b-454a-803a-084249a1f25f,2022-12-08 14:31:00,059136e5-beb1-43f4-a3fe-9cc14dd0989b,1700,127,1827
c65729ab-184d-494c-a42a-eec4642aca57,65d98288-db49-45ad-8275-fe8812494280,2022-12-08 15:32:00,059136e5-beb1-43f4-a3fe-9cc14dd0989b,1800,135,1935
6b968923-9532-4853-a5f1-d9807d4b6855,0505f2cb-3909-461e-b4dd-0e908c55c808,2022-12-08 14:55:00,059136e5-beb1-43f4-a3fe-9cc14dd0989b,600,44,644
9216ada3-f755-409a-8822-a90d1bc4a4d3,63179edd-cb4d-4c8a-83a4-01a0da3bb534,2022-12-08 12:10:00,059136e5-beb1-43f4-a3fe-9cc14dd0989b,2000,150,2150
df9aaa9a-47f4-4c6c-89be-4a1e13d3b146,56efbcd8-63c0-44d5-8879-81f6a4ae9706,2022-12-08 08:13:00,059136e5-beb1-43f4-a3fe-9cc14dd0989b,600,44,644
41ec7e73-5e84-471b-9a51-993d922983ec,63c89071-7a92-40d7-b793-900c47a5567d,2022-12-08 08:06:00,059136e5-beb1-43f4-a3fe-9cc14dd0989b,600,44,644
cfd723c5-1b22-4bef-8b2d-cc7ae4e2eda1,3ad06998-11c6-4642-bd7b-e7455a4d6da5,2022-12-08 11:22:00,059136e5-beb1-43f4-a3fe-9cc14dd0989b,700,52,752
fa3be040-ee33-4adf-803a-f7f90e9339ab,b2e021cb-5b71-4a44-9b75-49a8a45a5c8e,2022-12-08 13:01:00,059136e5-beb1-43f4-a3fe-9cc14dd0989b,400,30,430
f2d2b21c-bea6-47df-8eaa-77ceca261c5b,87013cfb-6a3d-4e3c-9e31-884b9f979690,2022-12-08 13:55:00,059136e5-beb1-43f4-a3fe-9cc14dd0989b,400,30,430
2f1509df-3518-4951-99e7-81bc9906ce27,3a515aa3-68cd-44aa-aace-5182631c4705,2022-12-08 10:12:00,059136e5-beb1-43f4-a3fe-9cc14dd0989b,700,52,752
bbee28ee-a3cd-4ba0-9061-2153be8d9a6c,1c40cde4-4c0a-4cc5-8eaa-78b7d34c58eb,2022-12-08 07:49:00,059136e5-beb1-43f4-a3fe-9cc14dd0989b,700,52,752
45c5cb1a-1431-402f-a2b7-fdd03cfb3f68,416ddd70-f0ad-4d6c-8d08-827ca7466f48,2022-12-08 07:44:00,059136e5-beb1-43f4-a3fe-9cc14dd0989b,500,37,537
24a420f6-d066-4dd2-9dc5-e1d57b35c5df,6a0e68f2-fede-4f45-b3f8-b0325978c2a8,2022-12-08 07:00:00,059136e5-beb1-43f4-a3fe-9cc14dd0989b,500,37,537
19280521-d125-4514-b74e-509910f09637,d6e7ed2a-93ac-4751-a20d-44a68642f9a7,2022-12-08 13:15:00,059136e5-beb1-43f4-a3fe-9cc14dd0989b,700,52,752
e0b68471-df3b-4232-b023-e881d2c9bf96,3e2dd302-520d-45bd-a7b8-b43652be9e88,2022-12-08 18:46:00,059136e5-beb1-43f4-a3fe-9cc14dd0989b,600,44,644
1b72437b-2d7b-4474-bb44-9b031d4d8b72,080b2366-0a35-4def-ac8c-f7d8ddbc407d,2022-12-08 08:13:00,059136e5-beb1-43f4-a3fe-9cc14dd0989b,600,44,644
2416fe50-6fcd-4355-9222-b9e95f850ad0,98136fa4-c411-4fb7-9bed-a26308bbdf32,2022-12-08 08:26:00,059136e5-beb1-43f4-a3fe-9cc14dd0989b,500,37,537
0e6a458f-94f6-45e4-8bd9-9bbae8dc7bf8,fa8db2f2-318b-4fc3-b288-2523bddf013d,2022-12-08 15:12:00,059136e5-beb1-43f4-a3fe-9cc14dd0989b,600,44,644
6ae39f6d-6136-4419-ac0b-7ae43da3a949,05345af9-f758-4bca-bb47-3233aedbf543,2022-12-08 15:46:00,059136e5-beb1-43f4-a3fe-9cc14dd0989b,500,37,537
40e2fcf6-683e-43b6-a0b3-446e45b76899,3161ca22-7e0d-46c4-bfb0-c93e62c46ea8,2022-12-08 07:51:00,059136e5-beb1-43f4-a3fe-9cc14dd0989b,700,52,752
3ec40043-0a25-45f9-8f5e-c90b2c9bf96d,82f6eacc-b18b-4dec-b170-5510d706e698,2022-12-08 08:27:00,059136e5-beb1-43f4-a3fe-9cc14dd0989b,600,44,644
e6237557-0d88-4a76-a2ff-9f0f13994bcd,509898dd-5cbb-4917-ba83-cc39383ed6e1,2022-12-08 12:21:00,059136e5-beb1-43f4-a3fe-9cc14dd0989b,1600,120,1720
01016563-078a-45da-84c7-e09048f68dfb,e1ae5473-912b-494f-b4e4-c4323ccb5509,2022-12-08 08:32:00,059136e5-beb1-43f4-a3fe-9cc14dd0989b,600,44,644
3e0c72f7-5343-44df-8e94-59fea4c789af,335ffb1e-5b15-4ad8-bee9-60b00b39f402,2022-12-08 08:11:00,059136e5-beb1-43f4-a3fe-9cc14dd0989b,500,37,537
21349478-3c00-46e7-8ba3-37fe5df24643,3186b251-cfbc-4073-883d-2d622bb79b96,2022-12-08 08:08:00,059136e5-beb1-43f4-a3fe-9cc14dd0989b,400,30,430
ce511d64-2ebd-4c9d-856b-3813f9425c9e,ff548053-cb32-4f33-ada3-42db8f5e72d1,2022-12-08 12:34:00,059136e5-beb1-43f4-a3fe-9cc14dd0989b,1700,127,1827
fcd8902b-b8a2-4586-b7ad-07d083a46bc3,0f5a922a-5641-4941-b276-2b3448dd706f,2022-12-08 08:27:00,059136e5-beb1-43f4-a3fe-9cc14dd0989b,400,30,430
b3eaceb5-66cd-4609-b473-855534d7a3c4,d40f4cac-3dde-4451-ae26-8817fa0ac508,2022-12-08 08:07:00,059136e5-beb1-43f4-a3fe-9cc14dd0989b,600,44,644
b6a5ae6e-1d4a-430d-b150-51151c396d8d,a685acd1-4a20-43ad-b355-36cf38348906,2022-12-08 16:27:00,059136e5-beb1-43f4-a3fe-9cc14dd0989b,1700,127,1827
d4ab4390-8e63-43b0-8aaa-b7c20a0ee972,3ddc09e5-5df2-48d6-8451-ab82ed8489e2,2022-12-08 13:03:00,059136e5-beb1-43f4-a3fe-9cc14dd0989b,1800,135,1935
8b903591-9822-4920-b327-17baf0815ab8,ba528372-7be1-417a-8bd9-8b0cfc73b7a3,2022-12-08 12:27:00,059136e5-beb1-43f4-a3fe-9cc14dd0989b,4200,315,4515
038ea0d4-1da7-4195-95e3-a01be2a8e13d,da5cd671-cf27-4151-8076-5b2369981a8a,2022-12-08 07:03:00,059136e5-beb1-43f4-a3fe-9cc14dd0989b,700,52,752
6031e3c8-fca9-4085-aa97-b92a34cbb8bf,cf2886d3-4bb9-425f-9842-f6ab89f29851,2022-12-08 08:49:00,059136e5-beb1-43f4-a3fe-9cc14dd0989b,700,52,752
333fff52-3d9b-4869-a22a-50f310d4e06f,8afd022f-4b28-4638-856c-b2eb7da37530,2022-12-08 11:54:00,059136e5-beb1-43f4-a3fe-9cc14dd0989b,400,30,430
3c0a8873-749a-448e-b2fd-774cbd25a106,a0d40ec8-67bf-4a0a-acba-00984f72b96a,2022-12-08 17:06:00,059136e5-beb1-43f4-a3fe-9cc14dd0989b,1100,82,1182
6711642a-236f-4ed2-a65a-67b3c4e4219b,c001075b-b254-41b1-9251-e429aff98318,2022-12-08 10:50:00,059136e5-beb1-43f4-a3fe-9cc14dd0989b,700,52,752
df5e8ce6-8981-4b68-9b61-cf4c54eb3555,f2ea92ed-0bee-479f-80a4-d186c2c16020,2022-12-08 18:28:00,059136e5-beb1-43f4-a3fe-9cc14dd0989b,1700,127,1827
523315fa-f9eb-49b9-a8c6-2adfa9e4e918,99cd74d7-57ce-4af8-b7ce-2b0f74150ded,2022-12-08 11:31:00,059136e5-beb1-43f4-a3fe-9cc14dd0989b,2400,179,2579
c3119a9d-7032-4c64-a211-3534a2f23a23,f5b542da-7d69-4d0d-93d2-004996d805d9,2022-12-08 14:18:00,059136e5-beb1-43f4-a3fe-9cc14dd0989b,1800,135,1935
58497336-39e8-4590-9d86-8dee379c7328,537f56af-b73f-4cd3-90e9-5901fb0cf6e1,2022-12-08 07:01:00,059136e5-beb1-43f4-a3fe-9cc14dd0989b,700,52,752
a9623820-a85f-41a2-8e03-1ddc7666af96,deca356d-a271-49eb-a57e-cefebda03b0d,2022-12-08 08:20:00,059136e5-beb1-43f4-a3fe-9cc14dd0989b,700,52,752
d22ea390-15f6-4bf2-8ed4-42f0e160fac4,cb93f4d2-85c6-416a-9d28-2ebba8219fc2,2022-12-08 08:14:00,059136e5-beb1-43f4-a3fe-9cc14dd0989b,500,37,537
77f4a5b8-f837-4dd4-a761-da4ee2fb2b0e,cf4af158-856c-40ca-a09e-bc39cc5bcc57,2022-12-08 10:28:00,059136e5-beb1-43f4-a3fe-9cc14dd0989b,2300,172,2472
45fdbc18-edfd-4c73-a4e3-10e1b531c535,b6a07bfc-cfe5-4301-acf5-599ec671ed33,2022-12-08 18:20:00,059136e5-beb1-43f4-a3fe-9cc14dd0989b,400,30,430
36c935ed-ffa2-4b2e-91b2-f6774e181c31,65587b67-2db3-4f9e-9532-5a8b5168baeb,2022-12-08 15:31:00,059136e5-beb1-43f4-a3fe-9cc14dd0989b,2300,172,2472
7193a859-f64f-45e4-9105-cd2b7d69ae2c,5893c78f-be68-4535-87e4-b9e0a3100d8a,2022-12-08 13:56:00,059136e5-beb1-43f4-a3fe-9cc14dd0989b,400,30,430
13628fa1-83bd-406f-8a1b-c76506c3b2be,5a85894e-8877-4fe8-abc7-25ee8d4f3683,2022-12-08 08:02:00,059136e5-beb1-43f4-a3fe-9cc14dd0989b,700,52,752
e77be38c-2a5b-445b-839c-9d02a13b6ff9,ff167039-ce55-49a9-a653-d00a88d17fc9,2022-12-08 17:41:00,059136e5-beb1-43f4-a3fe-9cc14dd0989b,400,30,430
4d500eb9-b091-4a43-a1a6-849295778a5b,3cd5fd88-7f74-4f00-bf62-641e6d5c8743,2022-12-08 08:20:00,059136e5-beb1-43f4-a3fe-9cc14dd0989b,400,30,430
69254f4f-1259-46d6-b8f1-715d7f3e1416,525b7cde-507b-42ab-9ca4-f010a9e8de28,2022-12-08 08:04:00,059136e5-beb1-43f4-a3fe-9cc14dd0989b,600,44,644
3650b9d8-7afa-491b-863c-96eddd35e8f3,44224fd5-b92c-4619-9508-d36631045e8a,2022-12-08 13:01:00,059136e5-beb1-43f4-a3fe-9cc14dd0989b,1400,105,1505
94b81b70-a269-4591-b28a-348266cdc5f0,f2d3b7b6-cb0d-4ad8-ab6d-d428c7f48c29,2022-12-08 12:35:00,059136e5-beb1-43f4-a3fe-9cc14dd0989b,500,37,537
4832a0e1-6500-47df-978b-f19c9bd504db,35b4c9ee-b015-4921-8fb3-e18d94ba2acf,2022-12-08 07:41:00,059136e5-beb1-43f4-a3fe-9cc14dd0989b,400,30,430
47233519-ff44-4ef9-94b8-d1bb1429ea9a,429f4082-8e25-42a4-8b71-03eb45a90da2,2022-12-08 17:18:00,059136e5-beb1-43f4-a3fe-9cc14dd0989b,2000,150,2150
7105bb83-c371-4a28-b339-37851f8fcd14,c1acbc40-5acf-4438-a21b-2b260df6a4bb,2022-12-08 07:56:00,059136e5-beb1-43f4-a3fe-9cc14dd0989b,700,52,752
c3250b2e-f438-449e-9676-de32c314c078,29272c1d-470c-4452-b97c-2666adaaa2f1,2022-12-08 10:46:00,059136e5-beb1-43f4-a3fe-9cc14dd0989b,2100,157,2257
3211a602-318b-493d-8c65-852349729967,eb946b01-b4e4-4e83-921f-8bdfa6bf8779,2022-12-08 08:10:00,059136e5-beb1-43f4-a3fe-9cc14dd0989b,400,30,430
c4f87517-c9fb-4e9f-a545-4afb0f783db0,081fc5fe-a7fa-4c01-91bc-e6a535fc566e,2022-12-08 13:11:00,059136e5-beb1-43f4-a3fe-9cc14dd0989b,2200,165,2365
45e3d693-2077-4e98-9e1b-0b9888f0e6b1,179447a8-7285-4bb4-a34a-03071446d270,2022-12-08 08:45:00,059136e5-beb1-43f4-a3fe-9cc14dd0989b,600,44,644
ba66c1e3-e9ff-4bec-9f2c-3461d1f820e1,88277afe-3beb-41e3-913b-cfc4a91d6185,2022-12-08 09:10:00,059136e5-beb1-43f4-a3fe-9cc14dd0989b,2300,172,2472
4aec3406-2b62-4963-93b8-4e148fed3654,3cd1d06f-f125-41ef-9dc7-06e1953a097b,2022-12-08 10:09:00,059136e5-beb1-43f4-a3fe-9cc14dd0989b,600,44,644
ef606098-121b-4c71-8645-c375cff1ec76,508ad1fb-30cb-4403-a945-efca555fc603,2022-12-08 09:38:00,059136e5-beb1-43f4-a3fe-9cc14dd0989b,400,30,430
c7d5c5c8-ebc2-41fd-9e5d-fc51294a69f1,c67e5298-2e23-483d-9271-f3a407d60b98,2022-12-08 07:55:00,059136e5-beb1-43f4-a3fe-9cc14dd0989b,600,44,644
c93ff750-a707-4c9c-85fe-fa336203f8d9,7881f065-465b-4e32-a7e5-688fb2bbb84e,2022-12-08 08:15:00,059136e5-beb1-43f4-a3fe-9cc14dd0989b,400,30,430
e79b2609-dbcd-434e-b8fc-e72184fc7fe4,ec70abb1-0f2b-4f84-8df9-c07a3d01ce2d,2022-12-08 08:24:00,059136e5-beb1-43f4-a3fe-9cc14dd0989b,700,52,752
b96b9c68-a1b7-4d03-98b5-5c4d22789d8b,4bc8d1b3-b47e-4bb4-8531-37a7694b301a,2022-12-08 08:13:00,059136e5-beb1-43f4-a3fe-9cc14dd0989b,400,30,430
b8a5c321-bcf0-4ca4-851e-361055b07f14,cfbb01a6-b92f-49e8-b0ad-73c464ec17b0,2022-12-08 07:47:00,059136e5-beb1-43f4-a3fe-9cc14dd0989b,500,37,537
a2158541-5f8f-45c8-a66e-ab20bdb20bb4,3e0a9ecf-66f7-42c2-8ff6-28dbe97fadce,2022-12-08 13:26:00,059136e5-beb1-43f4-a3fe-9cc14dd0989b,1700,127,1827
043120ee-44cb-45ed-8c44-12574d010823,458069c2-357c-48d5-838d-618b3c991344,2022-12-08 15:09:00,059136e5-beb1-43f4-a3fe-9cc14dd0989b,1600,120,1720
fb695bee-ba91-4107-9b07-e00257921448,78fdcf56-3a2e-4c02-b8c1-2268dc126226,2022-12-08 13:29:00,059136e5-beb1-43f4-a3fe-9cc14dd0989b,2300,172,2472
93095c5e-1a1c-4b10-aae7-64a0a6c65479,c94f282d-c27f-43b3-9a37-89551f87c760,2022-12-08 07:43:00,059136e5-beb1-43f4-a3fe-9cc14dd0989b,700,52,752
b2dac7a3-1a1b-42d8-9fe0-6a36b00a9816,223b2d25-636a-4e2e-af36-e18af1f6ede8,2022-12-08 15:43:00,059136e5-beb1-43f4-a3fe-9cc14dd0989b,1300,97,1397
4ef54a73-16c8-46f8-8731-c07ab1539fae,8031e143-2b42-4f78-ab00-4368a3dd4e0f,2022-12-08 14:28:00,059136e5-beb1-43f4-a3fe-9cc14dd0989b,1600,120,1720
f1ca591b-65aa-4f80-8af0-579b30cafa1d,01ebacae-f8e9-436f-8ae1-8a621be9f5e5,2022-12-08 07:48:00,059136e5-beb1-43f4-a3fe-9cc14dd0989b,1200,89,1289
d85b9c3c-8ab2-40e6-9ae4-50c7c68ee39c,1ead5dd0-3b9e-404d-80f2-7861e930f91c,2022-12-08 14:43:00,059136e5-beb1-43f4-a3fe-9cc14dd0989b,1800,135,1935
de860cc8-386a-4b6a-8ebc-f6380d222e27,aeffa343-3fd6-48bd-96c4-f0d427f3e16d,2022-12-08 09:04:00,059136e5-beb1-43f4-a3fe-9cc14dd0989b,600,44,644
a7d1c966-2083-4f94-80fb-a8e998184a6b,5387a336-309f-46ad-8ff0-c88002123cd1,2022-12-08 11:50:00,059136e5-beb1-43f4-a3fe-9cc14dd0989b,700,52,752
c7a6b8af-7fba-4290-a54c-5025845ec347,b8f59e83-f045-498d-8359-f97af9a52e2a,2022-12-08 13:09:00,059136e5-beb1-43f4-a3fe-9cc14dd0989b,500,37,537
b379ab91-51e2-4a2f-a078-48f2ec8ee323,34481e71-4145-49cc-8497-35c0025c84c3,2022-12-08 13:35:00,059136e5-beb1-43f4-a3fe-9cc14dd0989b,1900,142,2042
69076bc6-5d2d-4d53-8a52-c77a5c839334,48a627c0-ee76-49ed-a973-831b71164cf6,2022-12-08 07:47:00,059136e5-beb1-43f4-a3fe-9cc14dd0989b,600,44,644
7b44a860-8b81-41ad-8806-e64a29d21647,8437dbcc-d837-403b-93dd-6b6b89046f67,2022-12-08 07:52:00,059136e5-beb1-43f4-a3fe-9cc14dd0989b,500,37,537
dd83f024-f1dd-45e9-ad97-317a000a23a9,b6b3e2f5-352e-401a-967f-e80b22835181,2022-12-08 08:07:00,059136e5-beb1-43f4-a3fe-9cc14dd0989b,400,30,430
6e373a30-0df1-4ae9-9bb0-a664de7770e6,be772447-4e61-4f84-aaf4-1631d43476f6,2022-12-08 14:12:00,059136e5-beb1-43f4-a3fe-9cc14dd0989b,1600,120,1720
8196a733-feec-4d6c-b23b-d6ae4a5d553c,529aeb1a-d311-4a43-884e-e717d5e3cad0,2022-12-08 11:24:00,059136e5-beb1-43f4-a3fe-9cc14dd0989b,700,52,752
3e847ddf-a38f-4625-90b0-e7c5fbc7954d,90cc7c61-1525-466e-96a5-004a27f62856,2022-12-08 16:00:00,059136e5-beb1-43f4-a3fe-9cc14dd0989b,700,52,752
f3d45d79-3ebe-4bba-8199-fb8eeeaad152,f7250eed-7b37-49f8-ad82-3b0b965d0120,2022-12-08 17:00:00,059136e5-beb1-43f4-a3fe-9cc14dd0989b,400,30,430
a40874b2-67dc-4334-ba8b-b9b107e56ce7,9ed84a6c-24d1-4a91-91d7-7e3b9667fb75,2022-12-08 09:11:00,059136e5-beb1-43f4-a3fe-9cc14dd0989b,400,30,430
34d9a5cf-bc54-42e2-9f50-442cdac98c80,a733246c-0410-466a-bd38-18b2581844f8,2022-12-08 15:18:00,059136e5-beb1-43f4-a3fe-9cc14dd0989b,600,44,644
28dd17c3-2373-41a1-ac35-6ab0dc6b336b,96ebbc87-f9c3-4880-b19d-6b115c1d06a9,2022-12-08 13:43:00,059136e5-beb1-43f4-a3fe-9cc14dd0989b,1800,135,1935
0672efde-95d7-4052-8192-a442832f0670,95d94379-7e44-44b8-869c-b0c1a76573f9,2022-12-08 07:40:00,059136e5-beb1-43f4-a3fe-9cc14dd0989b,400,30,430
663182b5-06e2-4302-8837-9c16a4ed71d6,2753b71d-8872-4b48-8234-a6fc8ba92d23,2022-12-08 13:30:00,059136e5-beb1-43f4-a3fe-9cc14dd0989b,600,44,644
fc209972-c724-4f78-9703-d61e50485577,bf526f3f-3326-4dee-a147-afdb0b21f9d0,2022-12-08 07:00:00,059136e5-beb1-43f4-a3fe-9cc14dd0989b,600,44,644
c91a1262-0982-446e-9dca-863f5a83866b,54896ad7-a568-4185-8256-e3d170c8f235,2022-12-08 16:23:00,059136e5-beb1-43f4-a3fe-9cc14dd0989b,1000,75,1075
b204db47-b30d-43b6-80d2-55edc3051fbf,980904e6-1f3f-4d1c-9941-bf341f315e6e,2022-12-08 08:13:00,059136e5-beb1-43f4-a3fe-9cc14dd0989b,700,52,752
8f34ec31-d75f-4955-b6bf-9a9652a7022f,fc4e6603-cce0-44d4-b235-be8819d5525a,2022-12-08 16:23:00,059136e5-beb1-43f4-a3fe-9cc14dd0989b,500,37,537
2cfc1371-a674-4740-bcfc-5d7f4bad7225,61658487-1dbc-4dfc-bb5e-cc6862adf39a,2022-12-08 08:19:00,059136e5-beb1-43f4-a3fe-9cc14dd0989b,700,52,752
f4841727-96eb-481e-8770-e7ba62d554b9,1ab259b8-43b5-44cd-b62a-a043943be6be,2022-12-08 09:22:00,059136e5-beb1-43f4-a3fe-9cc14dd0989b,2400,179,2579
227a3129-492e-4765-a5e9-864d2ee5570e,71febbc1-2d32-460b-adee-3fe28d05d862,2022-12-08 07:57:00,059136e5-beb1-43f4-a3fe-9cc14dd0989b,700,52,752
45a24024-b1ca-4842-86c9-bba4ad2de161,1983b588-cc8c-4486-9324-15dde1e28b95,2022-12-08 07:12:00,059136e5-beb1-43f4-a3fe-9cc14dd0989b,700,52,752
5b00446d-7bee-4eb3-8faf-0c3bfb651fa7,f9235efd-9086-44e7-9a3e-6690eacebd47,2022-12-08 07:58:00,059136e5-beb1-43f4-a3fe-9cc14dd0989b,400,30,430
0d8a7c6b-861b-4bdb-a2b8-a5a179b3c663,b5cb4ced-80b0-42b7-aa05-6b3107491038,2022-12-08 13:10:00,059136e5-beb1-43f4-a3fe-9cc14dd0989b,700,52,752
2cd3bcdf-47b1-40fc-808d-8dd75c309411,9af6a279-c409-4cf3-bd2f-3d6af0389baf,2022-12-08 11:08:00,059136e5-beb1-43f4-a3fe-9cc14dd0989b,600,44,644
bac947e8-755e-4f55-b7fd-94aee611bc05,9975d2cb-8b6a-4d55-9cd7-65b71f75b675,2022-12-08 08:37:00,059136e5-beb1-43f4-a3fe-9cc14dd0989b,600,44,644
3473008c-2303-422b-9c8d-9e2d93bebc45,a3087371-9834-41e5-b616-5906186f66e7,2022-12-08 12:18:00,059136e5-beb1-43f4-a3fe-9cc14dd0989b,2500,187,2687
821fb511-4a31-492c-b292-68f0558e1ff9,8241d5ee-dc4e-4450-adeb-952f814563f6,2022-12-08 13:17:00,059136e5-beb1-43f4-a3fe-9cc14dd0989b,700,52,752
e519c745-753f-4bd7-8409-202c2295ffb3,bc968d3f-f335-49c5-b7d1-a1c1b2c0df9d,2022-12-08 12:28:00,059136e5-beb1-43f4-a3fe-9cc14dd0989b,400,30,430
129cb44e-23b0-4fd4-9faf-e90f2f211a7c,239b8d39-765a-472e-8b88-611bdc0e7812,2022-12-08 07:23:00,059136e5-beb1-43f4-a3fe-9cc14dd0989b,600,44,644
c10c6a44-cd7b-4444-929d-1bc1a63e641a,6fcb3e33-b407-4fad-a95e-92178dcd8a34,2022-12-08 07:31:00,059136e5-beb1-43f4-a3fe-9cc14dd0989b,600,44,644
3c741714-34fc-4250-ae20-45d157278b53,abd171a5-cb8f-42c7-9582-d8c49e9efa3c,2022-12-08 13:30:00,059136e5-beb1-43f4-a3fe-9cc14dd0989b,0,0,0
4dcf3df1-6459-458f-b2a0-016b8d54cab1,8164d8c7-ed86-48e2-ba04-4b693a90a81a,2022-12-08 14:16:00,059136e5-beb1-43f4-a3fe-9cc14dd0989b,1800,135,1935
629cb437-e632-4791-8ab1-83f6d1a5b212,ecb3a8a1-642b-4103-a093-12773210926e,2022-12-08 13:42:00,059136e5-beb1-43f4-a3fe-9cc14dd0989b,1600,120,1720
c8aa6707-caf6-4f76-9713-3cc98e7624cd,d205e228-5571-48e7-bd0c-046c3e33704e,2022-12-08 12:11:00,059136e5-beb1-43f4-a3fe-9cc14dd0989b,1800,135,1935
ab66b2c2-54cb-4079-b2aa-c8a5048fe84d,04c195d4-4dc6-47ab-8951-45427e72b536,2022-12-08 13:12:00,059136e5-beb1-43f4-a3fe-9cc14dd0989b,600,44,644
6386b083-2680-425f-a2df-2b432bf160b2,3888e62f-5ebe-49cf-93e8-70e8eb32a0de,2022-12-08 08:15:00,059136e5-beb1-43f4-a3fe-9cc14dd0989b,400,30,430
09e9b6f0-9230-4e1f-b4b5-bcb1a063c44c,c085eeee-229f-4875-866c-4edc1617d158,2022-12-08 08:35:00,059136e5-beb1-43f4-a3fe-9cc14dd0989b,700,52,752
0c5a93f7-a3ef-439d-8606-c9d596f239e3,b99f585b-4ca3-44d8-ad60-fba8444d6a54,2022-12-08 15:19:00,b5941a70-cf63-407e-8c24-c979e7f61e45,600,24,624
c9c9fca8-640b-4945-b38a-bc3c10febefa,34e3fa3a-3e73-4d2a-bd8f-4aeb7d8b2231,2022-12-08 14:47:00,b5941a70-cf63-407e-8c24-c979e7f61e45,1700,68,1768
2a746346-78eb-44e2-bcd8-3a62892f022e,07802969-246c-489b-9096-7642f0c1b45d,2022-12-08 17:47:00,b5941a70-cf63-407e-8c24-c979e7f61e45,500,20,520
0b4dfdf0-3240-4324-805a-e8e3b24e6526,c1204cb7-2364-40d5-8a6b-d3c001faae6f,2022-12-08 08:33:00,b5941a70-cf63-407e-8c24-c979e7f61e45,600,24,624
7263ed97-0b35-40b3-8a62-5477a4d9dc78,def6a9d5-036b-4315-998b-47908bc1c8ad,2022-12-08 08:26:00,b5941a70-cf63-407e-8c24-c979e7f61e45,400,16,416
51e8f012-6279-43eb-af9c-e6cbb10b33e4,b348e89f-677a-4d48-a58b-b4c9448f50a1,2022-12-08 08:59:00,b5941a70-cf63-407e-8c24-c979e7f61e45,500,20,520
bb21c14b-f6b4-46c7-818f-15706153d4cd,8903ed0e-aebe-4557-b8ac-6a0b252ebdbe,2022-12-08 08:24:00,b5941a70-cf63-407e-8c24-c979e7f61e45,600,24,624
55f13562-3ae3-4586-bfaa-9179c8c95cdf,2b95812c-96e3-4c71-b994-40bd090d6422,2022-12-08 16:26:00,b5941a70-cf63-407e-8c24-c979e7f61e45,600,24,624
b1a12a34-13e7-4da3-be5f-c87ad42d554c,cfe678c2-234b-4b62-809d-8caee64e6323,2022-12-08 07:50:00,b5941a70-cf63-407e-8c24-c979e7f61e45,700,28,728
12a952fb-3799-4954-97b9-7c9c17b5d282,c736210a-434f-4b33-955c-6fdf5e35768c,2022-12-08 19:52:00,b5941a70-cf63-407e-8c24-c979e7f61e45,600,24,624
9b77bf42-a896-411a-a4f9-83c809d073bd,48fb38a1-f0ff-46e0-964c-df51a0ba2612,2022-12-08 15:51:00,b5941a70-cf63-407e-8c24-c979e7f61e45,600,24,624
61bb0643-8134-4463-98b3-0e08a2ef3d86,162093d1-12b1-4f06-9ff7-56f2f0a73461,2022-12-08 10:56:00,b5941a70-cf63-407e-8c24-c979e7f61e45,400,16,416
9ccfb903-f8e5-4843-9a9d-7fff4a636778,1fae0647-4b82-491d-87b6-ea025c9256a3,2022-12-08 18:24:00,b5941a70-cf63-407e-8c24-c979e7f61e45,1700,68,1768
f76de8c8-b72f-4551-9b55-82c763d3d86a,e4d7d41d-35a6-4e84-89d9-d475369a8b15,2022-12-08 17:17:00,b5941a70-cf63-407e-8c24-c979e7f61e45,700,28,728
08b7551f-4096-4ca1-9083-57ae642256c0,3fd94dc1-a86f-4596-88c9-1653eff665a6,2022-12-08 13:09:00,b5941a70-cf63-407e-8c24-c979e7f61e45,1700,68,1768
c395b7bc-6a23-4b12-a7f3-bbbb0d603a75,2db91672-0332-4092-8333-8b59707f1744,2022-12-08 12:19:00,b5941a70-cf63-407e-8c24-c979e7f61e45,1800,72,1872
d737ca21-0289-4bd5-81ea-f5fe80e3e8a2,d3c03d2b-e214-4128-b959-7cbb00080b81,2022-12-08 08:01:00,b5941a70-cf63-407e-8c24-c979e7f61e45,400,16,416
2ea864da-c316-491f-b607-83fc3716bcf6,e835ed2d-f124-4491-ac98-63c5d43f5b22,2022-12-08 07:07:00,b5941a70-cf63-407e-8c24-c979e7f61e45,500,20,520
6c150dec-dfa2-485b-9e50-9f6721dea90d,84446a2a-0a45-4348-9c17-8317f660ad1d,2022-12-08 08:35:00,b5941a70-cf63-407e-8c24-c979e7f61e45,400,16,416
09e78960-72eb-41e8-95bb-365431fbe644,855ad166-da80-4dee-8c53-b239e364b074,2022-12-08 08:03:00,b5941a70-cf63-407e-8c24-c979e7f61e45,600,24,624
101ab70e-6aff-4a86-8cb7-adecc94f096a,9f09c473-3854-4d8e-8123-09976c23a1b9,2022-12-08 08:31:00,b5941a70-cf63-407e-8c24-c979e7f61e45,600,24,624
75c9d48b-20a9-434f-a3eb-ac821f1bf15e,665a35f4-221f-4277-8334-627eacce41fd,2022-12-08 08:19:00,b5941a70-cf63-407e-8c24-c979e7f61e45,600,24,624
aff05099-dbb0-48cf-8b5a-e19a73e5691c,22d560dc-7d37-4c64-a28e-bf2e181c0a81,2022-12-08 11:37:00,b5941a70-cf63-407e-8c24-c979e7f61e45,700,28,728
be5e06d9-6b62-4ff2-b711-60ddb37a4c18,ec867770-aa2f-425e-8f03-4269cb2c8432,2022-12-08 16:15:00,b5941a70-cf63-407e-8c24-c979e7f61e45,600,24,624
26bcf24b-0fe5-470e-be0f-f0d689fed276,bf200f85-febd-42c5-be55-f8285e5f92c1,2022-12-08 07:00:00,b5941a70-cf63-407e-8c24-c979e7f61e45,600,24,624
39b0af29-16f0-4394-9396-dd0f81d17bcd,783d638a-a73b-4d58-a792-5b07857366ef,2022-12-08 10:58:00,b5941a70-cf63-407e-8c24-c979e7f61e45,600,24,624
4d114a1d-71d1-4116-89ad-b23eeca5d350,1dc81d14-661d-4552-afc5-3ac554af03a8,2022-12-08 11:23:00,b5941a70-cf63-407e-8c24-c979e7f61e45,1300,52,1352
08ffe302-fa54-4a78-8e68-de3dfd56da02,3026827e-4594-4e12-9104-4393294a37c1,2022-12-08 08:41:00,b5941a70-cf63-407e-8c24-c979e7f61e45,600,24,624
0e1f2089-32f3-456d-ba04-6c6c58c513f7,a52016eb-4b27-48c0-b3a0-f34fb0fc0ca8,2022-12-08 08:34:00,b5941a70-cf63-407e-8c24-c979e7f61e45,600,24,624
d890fb19-709d-43d3-9835-fb612c37a8c5,49eeffff-dad6-4307-984c-99e7add468e3,2022-12-08 17:00:00,b5941a70-cf63-407e-8c24-c979e7f61e45,2100,84,2184
dc1ec641-c0cb-4b8d-bd99-7dc27338b011,ce98655e-a7d1-4fd5-88dc-cdba73dd8e31,2022-12-08 14:13:00,b5941a70-cf63-407e-8c24-c979e7f61e45,1700,68,1768
ddfc5ed3-8862-4fef-8676-fe82d1a4ffd0,5f9d6e13-18b2-47d0-8f5d-6acc5cdf4a27,2022-12-08 07:21:00,b5941a70-cf63-407e-8c24-c979e7f61e45,700,28,728
d6e37ca6-87ad-48e7-9415-dc725d414ec1,6555ae72-a22c-4480-a4e6-26cee8a445be,2022-12-08 10:52:00,b5941a70-cf63-407e-8c24-c979e7f61e45,500,20,520
732a7947-d30b-426c-b33c-f0f289614b30,89bb868a-8886-49a5-aa72-5e3a25626304,2022-12-08 07:59:00,b5941a70-cf63-407e-8c24-c979e7f61e45,600,24,624
54560036-f8e7-4e82-a07f-127a7629e202,d77e9950-184e-411c-b78a-a5d36b2bdd7b,2022-12-08 12:49:00,b5941a70-cf63-407e-8c24-c979e7f61e45,600,24,624
f8cabed9-de5b-44df-9a09-3b887decd1ac,7ce0aab9-aea5-4b2d-9d51-2bb242a7386b,2022-12-08 13:49:00,b5941a70-cf63-407e-8c24-c979e7f61e45,1800,72,1872
f2466cc1-67ca-4dce-bf49-f4a3014efeac,810f2190-c36f-4061-be67-f071ea5b49f9,2022-12-08 07:38:00,b5941a70-cf63-407e-8c24-c979e7f61e45,600,24,624
47ae5cbb-b987-4646-8a75-e13770a529cc,13bed8da-2e02-4e0b-8258-df34a7c2d850,2022-12-08 13:24:00,b5941a70-cf63-407e-8c24-c979e7f61e45,500,20,520
61ee7686-bde2-4f7f-8704-c7e9ffd4a244,58661011-90b9-46de-a9c1-8e1f17803683,2022-12-08 07:26:00,b5941a70-cf63-407e-8c24-c979e7f61e45,700,28,728
d1fb72fe-f339-4c7f-95d6-b315f63f52d6,0cc54e37-2408-4b86-9b5e-307919784f57,2022-12-08 16:59:00,b5941a70-cf63-407e-8c24-c979e7f61e45,500,20,520
bfd39403-65ec-4aca-b3f2-0c91c83489cc,82c401a8-0323-4d08-ac5c-94d255bbf98f,2022-12-08 08:50:00,b5941a70-cf63-407e-8c24-c979e7f61e45,500,20,520
47455f68-57a9-4eb8-93f0-177ead648411,57542780-7d0d-4011-a4c6-2130ee9171eb,2022-12-08 14:15:00,b5941a70-cf63-407e-8c24-c979e7f61e45,2000,80,2080
4281fe86-a067-4abf-bae0-dd763bd94ba1,59c58e4f-9f02-4032-8725-a11f99244dd1,2022-12-08 13:01:00,b5941a70-cf63-407e-8c24-c979e7f61e45,2500,100,2600
54d28ba9-0c30-4278-89b0-ffce376f9c28,3edc512f-6a6e-47a4-8b78-d15efb3b5e04,2022-12-08 07:32:00,b5941a70-cf63-407e-8c24-c979e7f61e45,600,24,624
127008d4-2304-4c71-83d9-a32be864250c,c7c559d5-03ff-4091-8ad8-9a0334051778,2022-12-08 09:19:00,b5941a70-cf63-407e-8c24-c979e7f61e45,500,20,520
13b7107b-b56b-4b03-8f2e-7f6428a31703,8c5fa099-c06b-40f4-89d4-8cf99468b397,2022-12-08 07:12:00,b5941a70-cf63-407e-8c24-c979e7f61e45,600,24,624
b0ad5cfa-2ea3-4340-85c7-6a71114cd9ec,ca5ef5f0-0607-4476-b0a6-40717d0c8a13,2022-12-08 15:44:00,b5941a70-cf63-407e-8c24-c979e7f61e45,1600,64,1664
e72f135a-c6e6-4589-904c-258e21ab9866,90afd4e3-d40c-4469-a511-0b1c2d303cb2,2022-12-08 13:33:00,b5941a70-cf63-407e-8c24-c979e7f61e45,700,28,728
25222afe-72b1-4a1a-8488-ad220457f7d1,e16637ca-b05a-4c31-a176-d2419ec2e18a,2022-12-08 16:23:00,b5941a70-cf63-407e-8c24-c979e7f61e45,600,24,624
b831aee1-c38e-4ad6-8295-2a1bee2920a4,2babb6b1-3132-4f19-9f73-1ffc0feb4354,2022-12-08 12:59:00,b5941a70-cf63-407e-8c24-c979e7f61e45,4600,184,4784
9183b37b-b347-4075-9f85-94baf5c1854c,596caac8-7411-4225-9b52-3a11d72f2653,2022-12-08 08:19:00,b5941a70-cf63-407e-8c24-c979e7f61e45,700,28,728
7d42e1f1-b2e6-4fcc-a7c2-46489854a7a7,46172e79-619e-4077-af99-369c4d7f6c1a,2022-12-08 11:00:00,b5941a70-cf63-407e-8c24-c979e7f61e45,1000,40,1040
69fdc9b2-c3ff-4b1d-8db7-4cc02a0fc161,a539224e-6827-4978-a90a-98965dc8bf1a,2022-12-08 17:20:00,b5941a70-cf63-407e-8c24-c979e7f61e45,1800,72,1872
7011e5e8-093b-4c57-bcd6-98f204ca64fd,b5e4f088-535a-4d1a-9dfc-1f0f1a5bbb31,2022-12-08 17:50:00,b5941a70-cf63-407e-8c24-c979e7f61e45,1900,76,1976
ff863a73-99ac-4dda-878c-1c883ce1a42f,fc665220-686d-4e6c-aebc-5eccbf9e7900,2022-12-08 18:48:00,b5941a70-cf63-407e-8c24-c979e7f61e45,1900,76,1976
428b31f1-ce0e-4775-8110-09a59240f947,612ba113-a667-4f6c-88ff-4719d9b8bd6d,2022-12-08 08:03:00,b5941a70-cf63-407e-8c24-c979e7f61e45,500,20,520
982c2acf-1816-4461-82e6-54b6bd014318,4058c008-2139-4019-a484-20f84a44cab9,2022-12-08 10:19:00,b5941a70-cf63-407e-8c24-c979e7f61e45,1300,52,1352
5f72fb02-6e74-4204-9e09-25e7e3a701ef,d2e1ff33-c440-48ba-bdf6-644644ae2ec5,2022-12-08 12:32:00,b5941a70-cf63-407e-8c24-c979e7f61e45,1000,40,1040
2edc1cad-6f0d-42e1-9802-081c4dab625b,5f850358-6038-4f2e-a7f6-9ad8be127665,2022-12-08 08:16:00,b5941a70-cf63-407e-8c24-c979e7f61e45,600,24,624
2aac8e23-e947-446e-b66a-1b1b0743f439,de6351d4-e3e1-4e82-9c3f-ee108764ba3a,2022-12-08 10:44:00,b5941a70-cf63-407e-8c24-c979e7f61e45,500,20,520
c34a1ae5-57cb-4bae-a26c-5cb10f6d0d5e,37ae6c25-9a54-4bd2-b8ce-8ff408aad37c,2022-12-08 11:36:00,b5941a70-cf63-407e-8c24-c979e7f61e45,700,28,728
00f4609a-07b9-4e91-b8a4-11c4403ce7fe,f25ea7d3-6c3c-4726-8089-64ceb86635c0,2022-12-08 07:36:00,b5941a70-cf63-407e-8c24-c979e7f61e45,1300,52,1352
38900010-4c79-417c-ba21-ecfc8c8252fe,6faee88c-1462-4014-aab0-303e19e38765,2022-12-08 07:40:00,b5941a70-cf63-407e-8c24-c979e7f61e45,700,28,728
16db5062-23ef-415c-833b-e0471f95a4d5,9a766643-2dbf-43fa-9a8f-67151b2f85bb,2022-12-08 11:40:00,b5941a70-cf63-407e-8c24-c979e7f61e45,600,24,624
30e0ab36-54a6-46ec-aeaf-86c13309b857,bf8dfc01-63c1-4fad-bc87-f235d190076e,2022-12-08 07:39:00,b5941a70-cf63-407e-8c24-c979e7f61e45,700,28,728
2620a3c8-87ca-44e5-95bb-cdbac14b8822,d67db81a-4d2e-4a5a-a1e1-70e3b973dad8,2022-12-08 08:03:00,b5941a70-cf63-407e-8c24-c979e7f61e45,400,16,416
458b54a4-0b07-4992-89e8-27efa54b684b,99b17443-411b-490a-a48e-a04b3366df95,2022-12-08 07:45:00,b5941a70-cf63-407e-8c24-c979e7f61e45,700,28,728
adf2a1a1-9919-4fba-a06b-5e7c8deff61e,0dbe6d07-7913-408a-94b4-8f22812b02b7,2022-12-08 12:09:00,b5941a70-cf63-407e-8c24-c979e7f61e45,1000,40,1040
a6311dc5-58b9-4185-8dc1-4d421f4ffc31,92426ac9-fb06-489a-b934-4d0a34e875a2,2022-12-08 14:17:00,b5941a70-cf63-407e-8c24-c979e7f61e45,1800,72,1872
6de1f56a-26fb-4e7b-a345-a06d3a1f9f1a,99b32ca4-6c29-4f95-86a4-210f753a423e,2022-12-08 08:16:00,b5941a70-cf63-407e-8c24-c979e7f61e45,600,24,624
82e55470-b535-4254-97b4-a8ebaa216d0c,67a854b8-54c7-40ee-b9f9-e7b0f261bbb1,2022-12-08 10:40:00,b5941a70-cf63-407e-8c24-c979e7f61e45,700,28,728
b1ccc76a-e916-4871-ba04-4cccfb912a1a,c3faf033-87ae-476c-972d-033dc9c309b3,2022-12-08 07:47:00,b5941a70-cf63-407e-8c24-c979e7f61e45,700,28,728
7784aead-2337-4d8b-b10f-6a9cb54be681,a5aa723a-1b47-4aad-9428-6a1375022eef,2022-12-08 11:52:00,b5941a70-cf63-407e-8c24-c979e7f61e45,600,24,624
1d058a2f-e3d6-4def-aa1f-ba9cd5d53fcf,caf3b5dd-09de-4781-9daf-083849d3346b,2022-12-08 18:44:00,b5941a70-cf63-407e-8c24-c979e7f61e45,500,20,520
f4d317ea-e85e-487d-aac8-9034ca7336c9,c95036c7-b205-4c9e-b14f-2d009d5d0c76,2022-12-08 15:25:00,b5941a70-cf63-407e-8c24-c979e7f61e45,2800,112,2912
41c157ea-4ec0-4fc9-ab72-0a04025726e3,cf5542a6-e935-4ac0-83e2-0c9ff00c5ed6,2022-12-08 07:43:00,b5941a70-cf63-407e-8c24-c979e7f61e45,700,28,728
ea1ba84b-c325-447e-922d-8297eac8a9ef,d63b84b0-56cb-4bde-839a-9678e773fa7c,2022-12-08 11:52:00,b5941a70-cf63-407e-8c24-c979e7f61e45,500,20,520
1037884e-254c-4d59-ad81-7cfc6f78257c,ff577722-6ee8-4cc1-982c-667b02662534,2022-12-08 19:26:00,b5941a70-cf63-407e-8c24-c979e7f61e45,2600,104,2704
3b26db6f-99ab-485d-a59d-cda8cf04b789,ac8f873e-ffa7-42bf-9f3a-11d00e4c98e1,2022-12-08 11:35:00,b5941a70-cf63-407e-8c24-c979e7f61e45,1700,68,1768
e57265af-865c-408a-b21e-cc927f671853,dd84de96-1d22-4cc4-a92d-64c9cd3e7d1d,2022-12-08 08:30:00,b5941a70-cf63-407e-8c24-c979e7f61e45,600,24,624
773456b1-6960-4138-aae8-ea127c6c8eb3,dc2823ec-0bc9-4530-9ff3-eccb8e52587a,2022-12-08 07:04:00,b5941a70-cf63-407e-8c24-c979e7f61e45,600,24,624
20b0081c-e274-4378-9fbc-a858484c855c,1bb7c24c-4831-468b-bef3-93d9c1ac3849,2022-12-08 16:03:00,b5941a70-cf63-407e-8c24-c979e7f61e45,1700,68,1768
281a65b4-c324-48d6-a4b4-134525e3e320,a493497f-f0cb-4f9d-84b6-4a09288e870d,2022-12-08 17:32:00,b5941a70-cf63-407e-8c24-c979e7f61e45,500,20,520
02092e09-9ad6-470d-b666-21c4cdce90be,51a2738e-126b-4de1-8d24-d799e22a0814,2022-12-08 13:25:00,b5941a70-cf63-407e-8c24-c979e7f61e45,1400,56,1456
4a4c0be5-f98f-4e64-bcfc-739007829bd0,c32286df-cafb-4e3d-b0b6-bf0fff1f4f0f,2022-12-08 12:23:00,b5941a70-cf63-407e-8c24-c979e7f61e45,600,24,624
49e2eb90-37ad-40bc-9704-66e95962615c,475da3ae-e2eb-4a82-899f-a4d48f805e0e,2022-12-08 08:04:00,b5941a70-cf63-407e-8c24-c979e7f61e45,600,24,624
af3c364c-1819-4d7b-99a4-868ac9ec4a91,281dca33-a2f6-49ab-8e09-565598b69e26,2022-12-08 15:56:00,b5941a70-cf63-407e-8c24-c979e7f61e45,600,24,624
e0a0dda1-fbee-4f96-ad96-82886a36400b,5fd88fba-3fdd-4be3-b693-023235215d66,2022-12-08 15:47:00,b5941a70-cf63-407e-8c24-c979e7f61e45,0,0,0
eb125448-e8cd-436d-8dbf-5fd22d3567ad,dea4bee6-4b99-475c-98f3-d45fa666d228,2022-12-08 08:33:00,b5941a70-cf63-407e-8c24-c979e7f61e45,400,16,416
067bf4b8-5878-4b0b-beae-a2334eabe996,fb19d959-ff98-44ce-9265-c57eb1f19b1b,2022-12-08 07:36:00,b5941a70-cf63-407e-8c24-c979e7f61e45,600,24,624
72e225e2-4d82-4bce-b8eb-0b87f244939f,5014751e-3349-4a92-8345-60743b1f057f,2022-12-08 08:05:00,b5941a70-cf63-407e-8c24-c979e7f61e45,700,28,728
a5dfa9ec-2b49-4ba8-bf16-e973077c949d,0ff448ff-ca98-4acd-b4ee-b1328520cb7a,2022-12-08 08:32:00,b5941a70-cf63-407e-8c24-c979e7f61e45,1100,44,1144
8116d78c-edc3-4fe1-9c89-f4f6d0434816,a2a1225b-f682-44c7-a2fe-66bf11875462,2022-12-08 13:44:00,b5941a70-cf63-407e-8c24-c979e7f61e45,600,24,624
f24cff42-f5aa-4951-9f19-3f0641a793b2,18f2f19f-5893-49ed-94d6-e0ff3e31fdbc,2022-12-08 15:42:00,b5941a70-cf63-407e-8c24-c979e7f61e45,1600,64,1664
ec69923b-4429-4cc6-9e44-50ce37d95f0b,615c2b61-925a-454f-8302-0ff235595665,2022-12-08 11:38:00,b5941a70-cf63-407e-8c24-c979e7f61e45,3400,136,3536
4aa1e915-d699-4e37-bd82-500ad314fb06,eea76b70-f6e9-4d1d-8969-112cf1bede15,2022-12-08 08:10:00,b5941a70-cf63-407e-8c24-c979e7f61e45,600,24,624
20e8045c-a2c4-40c8-a062-0eb7c3a35791,fc0a74be-b00b-4fee-a08a-b65438c8f712,2022-12-08 16:15:00,b5941a70-cf63-407e-8c24-c979e7f61e45,700,28,728
a93311d6-185a-4871-a6ef-fd9224f8d44a,de2c905c-62ed-4d9f-bf34-2d7c90034c4c,2022-12-08 14:56:00,b5941a70-cf63-407e-8c24-c979e7f61e45,2300,92,2392
f7e6a7e8-897e-49f0-b578-dc1085c99b3e,78f8bb3f-1498-4095-b11b-a9c643056197,2022-12-08 07:35:00,b5941a70-cf63-407e-8c24-c979e7f61e45,600,24,624
8f551a16-8e6c-4914-8446-e95e4a7190e5,ade7a602-ff8c-44e4-a906-b65fa89e2cf9,2022-12-08 07:32:00,b5941a70-cf63-407e-8c24-c979e7f61e45,600,24,624
e5d4a683-94d1-4e52-ad0a-92b4fc971da2,45772ecd-ec76-4928-9f56-9853b21d12fd,2022-12-08 12:42:00,b5941a70-cf63-407e-8c24-c979e7f61e45,1600,64,1664
6c1313db-0840-40e1-9442-5e0b3b08b1b5,ee3bf5de-51b0-471c-8fc8-83fdb65d2089,2022-12-08 10:30:00,b5941a70-cf63-407e-8c24-c979e7f61e45,1100,44,1144
e1eb4626-1c0c-49a3-91c7-091e6410946a,3ac82e2d-4337-43f2-852f-933842baca7a,2022-12-08 13:37:00,b5941a70-cf63-407e-8c24-c979e7f61e45,500,20,520
f607deca-7b76-4e41-a5be-f5a139e32b92,2de13ec9-859e-41d0-bda4-b848cf153f54,2022-12-08 14:53:00,b5941a70-cf63-407e-8c24-c979e7f61e45,400,16,416
5adbade3-c22f-47a3-994e-9467ca5ea3f5,64ae60bd-9702-4342-8766-2996c32f2161,2022-12-08 07:42:00,b5941a70-cf63-407e-8c24-c979e7f61e45,600,24,624
5c4f01a3-6e88-4646-beef-1fcacbcfdecd,3a0320ef-2ab5-4253-b221-8e09a98e50a3,2022-12-08 11:24:00,b5941a70-cf63-407e-8c24-c979e7f61e45,700,28,728
4db8bf73-496a-40f7-9489-e56d12432002,e4195e67-3333-4944-8820-2160913bca91,2022-12-08 13:05:00,b5941a70-cf63-407e-8c24-c979e7f61e45,1200,48,1248
0efe0f89-f8ed-4ba1-95b6-5ff42bb46545,dab67da9-65e8-4fde-ab3d-3370cdb5a9a3,2022-12-08 07:55:00,b5941a70-cf63-407e-8c24-c979e7f61e45,600,24,624
e5b28a4c-58b2-49d8-bb4f-917a4f2a01f2,33f1d392-7275-48b2-a60d-cdff021d282e,2022-12-08 11:23:00,b5941a70-cf63-407e-8c24-c979e7f61e45,400,16,416
666f96ae-7a2d-4e3a-9aa0-969079a9ae42,0d412b28-b5a1-4cea-a1f5-869ea07f821d,2022-12-08 08:03:00,b5941a70-cf63-407e-8c24-c979e7f61e45,600,24,624
45f4a80f-687e-4da4-9156-108756435457,a2d5c680-5dfa-4c55-8a64-5f2353ac92e9,2022-12-08 07:19:00,b5941a70-cf63-407e-8c24-c979e7f61e45,600,24,624
c30a0eea-7ff4-4a97-a546-4653b3047a62,96a0e34a-c91b-43c3-a6b7-c87030bc1171,2022-12-08 17:15:00,b5941a70-cf63-407e-8c24-c979e7f61e45,600,24,624
e4abcd09-fb03-4e03-9d17-928ec4a995c2,bb93c5a0-2544-4151-b8e0-8d22fb4b6c8d,2022-12-08 07:00:00,b5941a70-cf63-407e-8c24-c979e7f61e45,600,24,624
e1c16b44-a2bb-4675-ac75-8b03abe50463,1623a070-caac-4de1-be52-23974b2f1806,2022-12-08 08:06:00,b5941a70-cf63-407e-8c24-c979e7f61e45,400,16,416
51b1e017-fde7-44b4-98c9-945a7d82efc6,c2cff44b-8573-42be-b3e3-d2deb524c228,2022-12-08 07:32:00,b5941a70-cf63-407e-8c24-c979e7f61e45,600,24,624
a32335b2-7360-42b6-a219-1033963cc416,211767fb-46bb-4bc3-b50d-f6548cecd777,2022-12-08 18:34:00,b5941a70-cf63-407e-8c24-c979e7f61e45,600,24,624
4ee5857f-fc0f-4d15-addd-20abae8bd3fe,9b5611f7-2998-4617-a471-2a797e4403d5,2022-12-08 08:42:00,b5941a70-cf63-407e-8c24-c979e7f61e45,700,28,728
90c85d77-7f5c-4677-b1bd-eb0e587f6e2c,3c05a1bf-1e47-4e78-a5f7-eaa41e8954ce,2022-12-08 12:58:00,b5941a70-cf63-407e-8c24-c979e7f61e45,500,20,520
4787eb5a-0af7-4a4f-8413-691526aa093f,425df887-0eb3-4c9d-bc2d-7f0a38912f14,2022-12-08 16:25:00,b5941a70-cf63-407e-8c24-c979e7f61e45,1500,60,1560
7c7f5e90-742d-4028-95f4-66c038e27523,aab76d2f-7bb6-40df-9caf-5bb0239d9be0,2022-12-08 10:10:00,b5941a70-cf63-407e-8c24-c979e7f61e45,600,24,624
922e2634-8161-4c74-8731-dc18a6373832,56f5e8d6-f6fa-42d4-b15c-284e8707dbce,2022-12-08 15:52:00,b5941a70-cf63-407e-8c24-c979e7f61e45,600,24,624
caf8203b-163a-4572-ac3e-18a6f07bf7e0,242de275-bad2-4f2e-afa4-7dd9ad56d239,2022-12-08 15:18:00,b5941a70-cf63-407e-8c24-c979e7f61e45,1800,72,1872
01806f8e-21a0-4434-88f8-a828d78b8db3,936d1ff6-3e00-4b99-8b1b-239b29bdf6a7,2022-12-08 16:36:00,b5941a70-cf63-407e-8c24-c979e7f61e45,400,16,416
01ed82c0-20ec-49c2-9c79-c658fe82d5b0,d7fb7e89-b4b9-4504-ba2a-2e421619e418,2022-12-08 17:33:00,b5941a70-cf63-407e-8c24-c979e7f61e45,1600,64,1664
cd126c85-029f-4a66-b466-b5279cff4c99,b6560dae-0a2b-4345-8b36-82819baab3ca,2022-12-08 14:05:00,b5941a70-cf63-407e-8c24-c979e7f61e45,3200,128,3328
c7b3ce44-82f9-42fd-8b0b-6aaeae86710b,9ecb6f7d-bfec-4f50-b3d6-0f49ead22191,2022-12-08 11:44:00,b5941a70-cf63-407e-8c24-c979e7f61e45,500,20,520
3e45f54d-71e5-48f7-af85-5b5c20106333,731a8880-f07b-4135-95e7-7cadecd6c7b6,2022-12-08 15:12:00,b5941a70-cf63-407e-8c24-c979e7f61e45,1000,40,1040
140c4157-c647-4b3e-b512-57175c1034ba,3f442476-f77e-4e32-b935-aec1f3c4f788,2022-12-08 10:00:00,b5941a70-cf63-407e-8c24-c979e7f61e45,600,24,624
2bd20685-390b-4f15-92d2-49f2a984d161,d5d4a5a0-dd76-437a-98ee-452bc4cc56a2,2022-12-08 11:57:00,b5941a70-cf63-407e-8c24-c979e7f61e45,1200,48,1248
e3ef84f7-7963-4376-a70f-f035a70bd80a,52fe122b-3cb6-4253-b389-dc5abdc3f63b,2022-12-08 12:42:00,b5941a70-cf63-407e-8c24-c979e7f61e45,1600,64,1664
85f226c1-55c8-4b32-9c80-c3021ec0ffdb,347aaca0-4db6-4e60-ad89-2b61a4032cd6,2022-12-08 07:00:00,b5941a70-cf63-407e-8c24-c979e7f61e45,700,28,728
546ec613-7764-4d03-9ddb-da049e254d37,ed222830-2cb7-4340-a033-588bb4d49e67,2022-12-08 12:49:00,b5941a70-cf63-407e-8c24-c979e7f61e45,2900,115,3015
420eebfd-7cb8-42c4-a677-61d50f320475,8d1bb153-3cbc-4d4c-8bb1-542dea3e3ac7,2022-12-08 15:59:00,b5941a70-cf63-407e-8c24-c979e7f61e45,1500,60,1560
8eb1d489-5468-460f-91f2-adb41996d0f3,4e60a0e2-e696-4be5-ad3c-a536ff945f36,2022-12-08 09:25:00,b5941a70-cf63-407e-8c24-c979e7f61e45,400,16,416
3e40b890-edcd-4305-b500-3564c963332d,84dfa460-b42f-4d62-86a7-14fc86267d3f,2022-12-08 08:05:00,b5941a70-cf63-407e-8c24-c979e7f61e45,600,24,624
33c7d9ba-0823-412d-8c67-acbbc7b79f85,7a63a3e0-4487-4e17-9764-5d10e4b61b1d,2022-12-08 15:43:00,b5941a70-cf63-407e-8c24-c979e7f61e45,700,28,728
12523cf5-a0d0-41b2-912b-036d7eff5d2a,cee21671-06de-4819-8862-21cc56c74858,2022-12-08 12:30:00,b5941a70-cf63-407e-8c24-c979e7f61e45,500,20,520
e148912d-1cde-4c20-8cda-39387f5255df,deb2aaa1-a28d-4c98-aa82-8908b5c5704a,2022-12-08 08:17:00,b5941a70-cf63-407e-8c24-c979e7f61e45,700,28,728
0e19d0cf-69dd-4d86-86a5-2a14bc857361,c1f1aec3-4baa-4122-85ab-2e030e48d90b,2022-12-08 11:38:00,b5941a70-cf63-407e-8c24-c979e7f61e45,500,20,520
d2a5d666-378b-49d1-bdc6-37d988d63c44,c2ad7787-dfe9-4b11-b2ce-bf30b5f3687d,2022-12-08 08:32:00,b5941a70-cf63-407e-8c24-c979e7f61e45,600,24,624
c2e21904-f371-4b93-980b-69e9251ca28d,dc5e8e7f-8d11-4bdc-91f5-9e0a2d3c9ad3,2022-12-08 08:15:00,b5941a70-cf63-407e-8c24-c979e7f61e45,600,24,624
27f84d2e-4363-47e7-b77c-833231193428,d155fd8e-22d5-4146-9443-7deca68b07e3,2022-12-08 09:16:00,b5941a70-cf63-407e-8c24-c979e7f61e45,700,28,728
b42fd104-cb94-4085-ae26-ba0b88b2bd2c,5c652666-a538-4cba-8ced-42f0076f90f2,2022-12-08 08:28:00,b5941a70-cf63-407e-8c24-c979e7f61e45,500,20,520
da74e830-ace3-4ea7-bf8f-823dca5f936e,b1319ef3-0643-4d00-acbd-def7acaa1d88,2022-12-08 16:10:00,b5941a70-cf63-407e-8c24-c979e7f61e45,1500,60,1560
97cef675-25a0-4776-87f5-70be63b0c5ee,4f507eab-291e-4c7d-9a7a-3fe2b2913b77,2022-12-08 13:00:00,b5941a70-cf63-407e-8c24-c979e7f61e45,1000,40,1040
68a155ae-900b-45cf-bf92-8fb43b66f954,d780399f-ddd5-43dd-9016-4b8fde6102f6,2022-12-08 08:08:00,b5941a70-cf63-407e-8c24-c979e7f61e45,500,20,520
50910ee5-0afe-4051-b337-391ade4f05f9,4fcc3308-9e40-4b9c-ba8b-1dd327c6d92b,2022-12-08 12:26:00,b5941a70-cf63-407e-8c24-c979e7f61e45,400,16,416
d1f14336-0766-490f-a94f-30ce689e1c6d,d48775a5-8b7b-44fb-8c0f-dbbee9df0097,2022-12-08 08:50:00,b5941a70-cf63-407e-8c24-c979e7f61e45,700,28,728
ab94107e-41f8-4a4a-8eaf-0cc1e8a23592,dfa74ab3-c15a-4bbd-97b8-ed1ae9e4567f,2022-12-08 14:34:00,b5941a70-cf63-407e-8c24-c979e7f61e45,600,24,624
3c57a9f1-a6db-4827-93ce-d9686326d0ee,2f6af405-d569-4a59-bb5c-4a6e120317d8,2022-12-08 08:08:00,b5941a70-cf63-407e-8c24-c979e7f61e45,600,24,624
7ffce171-69db-4f42-9d84-1164cea91c1b,09ff8664-87e2-4157-9c0e-8ce35842860d,2022-12-08 08:27:00,b5941a70-cf63-407e-8c24-c979e7f61e45,600,24,624
3c55c537-9174-44ef-8382-c418f660eb77,52dae94e-c555-46f4-90ce-330eef13c0f9,2022-12-08 18:03:00,b5941a70-cf63-407e-8c24-c979e7f61e45,1600,64,1664
e581d605-d1cf-439c-847e-ad63836a9af6,4f7f7512-8d29-42ff-ab4e-dc85fc8a8263,2022-12-08 07:15:00,b5941a70-cf63-407e-8c24-c979e7f61e45,600,24,624
3d5e0e41-032b-4b62-91e5-e4b8d1cd2a1f,57c6c2b0-e2f9-402c-bcf4-0d3c52cd16c8,2022-12-08 08:33:00,b5941a70-cf63-407e-8c24-c979e7f61e45,600,24,624
7680d627-2856-4183-879e-71124328f64d,157e3e8b-d51a-47bc-a86d-07a1fd743c84,2022-12-08 07:49:00,b5941a70-cf63-407e-8c24-c979e7f61e45,600,24,624
9453a1d7-71b7-4e65-861c-10b52fc6202d,570253ab-523e-4653-ab6e-34ece733b11c,2022-12-08 13:43:00,b5941a70-cf63-407e-8c24-c979e7f61e45,600,24,624
5bdebfe5-0bf2-476c-8ac2-e5860b5ef165,220ce8d0-aa81-4e3e-ab19-72030bbc4861,2022-12-08 16:57:00,b5941a70-cf63-407e-8c24-c979e7f61e45,1700,68,1768
831fdc6c-f474-4ace-9dc9-502db9a792b5,aa39b158-e991-4356-a09b-49dcf3d28b08,2022-12-08 17:13:00,b5941a70-cf63-407e-8c24-c979e7f61e45,600,24,624
426b6cf0-7d0f-4976-b503-b54c47f37f9e,e05f0150-7ec1-4c59-8a6a-d2d29675b858,2022-12-08 17:23:00,b5941a70-cf63-407e-8c24-c979e7f61e45,2500,100,2600
a62b9b92-cd8c-4642-896e-0a37b6d5783f,808a94c7-7a67-4894-bb08-79e474ed271e,2022-12-08 07:00:00,b5941a70-cf63-407e-8c24-c979e7f61e45,2800,112,2912
84406b98-ece0-4a65-8a21-2f64e26a5d17,6132247f-6f8b-44b1-b413-ba0496c400d4,2022-12-08 14:18:00,b5941a70-cf63-407e-8c24-c979e7f61e45,600,24,624
3f74e2e7-7406-4ea6-ac4a-7dccfcac2a73,0e6a03f3-0e7b-49c1-ac39-423dc1ac8636,2022-12-08 11:52:00,b5941a70-cf63-407e-8c24-c979e7f61e45,4000,160,4160
b1776e40-4996-4978-8dc3-1fee1664f4a5,009c22c1-ce18-46fb-98a4-6d56495155f9,2022-12-08 07:21:00,b5941a70-cf63-407e-8c24-c979e7f61e45,500,20,520
ab69d174-e743-4174-8d55-b1f10937047c,567dfb44-437c-405b-b2ef-0d1f10f47c9d,2022-12-08 07:46:00,b5941a70-cf63-407e-8c24-c979e7f61e45,400,16,416
335a1e3f-3c5c-4aa1-96b4-57381a726720,0036c498-6d2c-40fb-af0f-92432b8718bf,2022-12-08 07:56:00,b5941a70-cf63-407e-8c24-c979e7f61e45,600,24,624
e04012fc-551e-4793-9420-f0f9080c4686,046cf642-b58e-4a9e-afff-6f692cb6274e,2022-12-08 10:25:00,b5941a70-cf63-407e-8c24-c979e7f61e45,3300,132,3432
be839f69-f832-4e61-8adf-133c7eba036c,4fa84c10-1eeb-4d1e-a0eb-a9cad5d3857a,2022-12-08 19:05:00,b5941a70-cf63-407e-8c24-c979e7f61e45,1500,60,1560
5af27e40-ccf5-4c24-9cb7-52031b3fd0e9,85ebb880-ebb4-472b-ab66-1dabc11c201a,2022-12-08 16:10:00,b5941a70-cf63-407e-8c24-c979e7f61e45,600,24,624
5b549fc4-4cf8-4782-9ee8-73f0c1a49770,13984d5f-4868-4031-8a3b-7240b963cd41,2022-12-08 07:52:00,b5941a70-cf63-407e-8c24-c979e7f61e45,500,20,520
262c1538-5f17-42e5-84ff-3631b04df867,6ee92fc3-196c-4f81-b063-115ba8cbc26f,2022-12-08 14:59:00,b5941a70-cf63-407e-8c24-c979e7f61e45,400,16,416
eb02a133-953a-45a2-9ea1-006677a13521,c75adf32-8908-4fab-a877-132b9cb25d69,2022-12-08 12:27:00,b5941a70-cf63-407e-8c24-c979e7f61e45,400,16,416
6c57ea78-bbbb-4b75-a037-a4f3c5019f8c,cb93d5ec-4d83-458a-9601-f3b8982e5faa,2022-12-08 07:53:00,b5941a70-cf63-407e-8c24-c979e7f61e45,700,28,728
e278c398-4049-4f99-b0ec-f3ef54488e15,b96c7b5b-b61d-4e7e-94b9-4532a2eaabd2,2022-12-08 14:50:00,b5941a70-cf63-407e-8c24-c979e7f61e45,1600,64,1664
d3d40374-8e41-442d-a32e-b5f5e0338809,5df63f2e-723a-455f-83d3-d3918002449b,2022-12-08 08:32:00,b5941a70-cf63-407e-8c24-c979e7f61e45,600,24,624
9e6e4160-d8bc-48cc-a8b9-0b5623c24e06,fc774722-89fe-4438-ada1-786425c11614,2022-12-08 16:14:00,b5941a70-cf63-407e-8c24-c979e7f61e45,1800,72,1872
9a492c8d-2eb9-463b-a333-da19eab0ae3f,c79c2398-ec1d-40c3-acb8-b95f93ca96dc,2022-12-08 19:04:00,b5941a70-cf63-407e-8c24-c979e7f61e45,400,16,416
e2d372b8-6730-49b1-9733-258613c44257,88ccbcfa-ed30-47c5-bbf4-0bef6725123b,2022-12-08 13:46:00,b5941a70-cf63-407e-8c24-c979e7f61e45,600,24,624
abc2a58f-4604-4126-be0a-8dee750690b9,186a4f42-32f6-456d-922d-b2d8c2a9d0bd,2022-12-08 16:20:00,b5941a70-cf63-407e-8c24-c979e7f61e45,600,24,624
c3cee8b7-783b-4721-bbcc-a38178e379f3,bcfc514d-c182-42a0-b84e-de154eac94c1,2022-12-08 08:31:00,b5941a70-cf63-407e-8c24-c979e7f61e45,500,20,520
bd1ad98b-d9d0-405d-b5f6-6aad876ca7b0,8c28837e-8305-429a-be35-17afd80d2dff,2022-12-08 10:49:00,b5941a70-cf63-407e-8c24-c979e7f61e45,2600,104,2704
e0846215-c91c-4e7a-83ba-1f0ab4ba6a0f,4674f5f5-c650-47e0-9055-f8e8b304dd58,2022-12-08 11:32:00,b5941a70-cf63-407e-8c24-c979e7f61e45,700,28,728
f810aa05-5b02-4e7a-a37f-17127c2d268e,da4f26c8-8268-4f57-b631-33897a927a9a,2022-12-08 10:48:00,b5941a70-cf63-407e-8c24-c979e7f61e45,600,24,624
3e88cc63-4663-408a-b83c-cc2dc30e80ea,3f396eff-3b67-454d-a783-e6306bf440e8,2022-12-08 14:01:00,b5941a70-cf63-407e-8c24-c979e7f61e45,700,28,728
b19d1e21-9ae7-47ed-888e-42320ab61e31,5809f003-2708-420f-bcea-034ef0c1ca3c,2022-12-08 16:27:00,b5941a70-cf63-407e-8c24-c979e7f61e45,700,28,728
8ece3ead-18a6-4d73-8fbd-cc87e2ec376f,b56a2eff-91be-42e4-925a-98acdfc8dcbe,2022-12-08 16:28:00,b5941a70-cf63-407e-8c24-c979e7f61e45,400,16,416
9fd2b98e-53e1-4009-a4da-d8f74812446c,ec097b3c-c5fd-41c4-a44b-376431dd9bfc,2022-12-08 12:56:00,b5941a70-cf63-407e-8c24-c979e7f61e45,600,24,624
d5e2eb13-5375-4e68-bf95-41ea5005cc9b,e972e2ef-2344-47cb-91fc-b6e1b2f82ac9,2022-12-08 12:31:00,b5941a70-cf63-407e-8c24-c979e7f61e45,2300,92,2392
10703ce7-e0e4-402b-a1c5-54d01123012e,310540d1-8503-4470-8f4b-81ccd6135a4a,2022-12-08 08:07:00,b5941a70-cf63-407e-8c24-c979e7f61e45,600,24,624
85505452-96d5-4f2c-bef4-6821f60a67e9,9cabb6de-db70-4794-a40c-57d0be0c639c,2022-12-08 07:36:00,b5941a70-cf63-407e-8c24-c979e7f61e45,400,16,416
857fdca5-1154-44cb-9ffc-42c778173677,23b40fa9-2c00-4076-beb3-52cc40ebecb9,2022-12-08 08:07:00,b5941a70-cf63-407e-8c24-c979e7f61e45,500,20,520
fa32de44-2bad-4b2a-a43a-7f08e59e22e4,5af1ac42-915d-4609-afff-4a73eb170b50,2022-12-08 09:58:00,b5941a70-cf63-407e-8c24-c979e7f61e45,600,24,624
d990ec44-3f0b-4c9f-8fbe-23da7dd2224d,afe8270b-5329-4218-a4c8-e6832a92afd8,2022-12-08 07:50:00,b5941a70-cf63-407e-8c24-c979e7f61e45,600,24,624
e5ca6c9a-850a-4b7a-9699-9fb4ec41121f,9038b25f-a757-4ad9-957c-bf9c897bf7f7,2022-12-08 16:25:00,b5941a70-cf63-407e-8c24-c979e7f61e45,1600,64,1664
6266d2a8-0ca0-41d4-84b4-88abd66464ce,125ca5d7-df9a-4025-91b8-e0f428d43068,2022-12-08 15:30:00,b5941a70-cf63-407e-8c24-c979e7f61e45,600,24,624
8400a3b3-08c8-4edf-94f1-16a5dc9a93fc,ee57713c-2156-4af8-80fc-599f34f1ec60,2022-12-08 19:35:00,b5941a70-cf63-407e-8c24-c979e7f61e45,700,28,728
223acc99-252c-434b-9c06-28b80194d3aa,56489e8f-ff4e-46c9-ae0f-1b337da5bfae,2022-12-08 14:35:00,b5941a70-cf63-407e-8c24-c979e7f61e45,1800,72,1872
e80fd464-cafc-4c7d-a8df-2f739cb54f09,b589328d-e095-4f24-8b43-598650d7987b,2022-12-08 07:00:00,b5941a70-cf63-407e-8c24-c979e7f61e45,600,24,624
a5194476-d34d-4cc1-a31d-0ec0123a568c,49b9328f-15ce-4610-b926-f7455687982f,2022-12-08 09:11:00,b5941a70-cf63-407e-8c24-c979e7f61e45,600,24,624
9a285246-f18c-4627-8fff-92ab9a0fcb07,bbed6a52-9761-4c8c-bbee-a25121e2f690,2022-12-08 09:34:00,b5941a70-cf63-407e-8c24-c979e7f61e45,2300,92,2392
fd93a918-9bcf-426a-8a67-498331b6bc20,01b06b2c-1ad5-4112-a37a-61ebdeb7236d,2022-12-08 07:00:00,b5941a70-cf63-407e-8c24-c979e7f61e45,400,16,416
819a5f4e-732d-4a65-a237-fcd5d50fc30c,0f4b96f1-0b6f-45ab-929b-98c3e847436f,2022-12-08 13:14:00,b5941a70-cf63-407e-8c24-c979e7f61e45,600,24,624
17048839-4dcb-4de2-a4e0-0b16dbaa16f6,1c89a296-5309-47e6-8cb0-36a6b4c63880,2022-12-08 14:46:00,b5941a70-cf63-407e-8c24-c979e7f61e45,700,28,728
4dbfb873-213f-45db-aa32-c32a9e7ca07d,afcec46d-e1b4-4419-bf05-9316e3dde336,2022-12-08 08:19:00,b5941a70-cf63-407e-8c24-c979e7f61e45,600,24,624
895b996a-6325-4892-b9a8-a4b378a328a2,58251ac9-f1f8-459a-afc2-e12577112356,2022-12-08 08:24:00,b5941a70-cf63-407e-8c24-c979e7f61e45,400,16,416
c874ac12-4ae4-4332-a4cd-9315c33e667c,06fb745a-ae90-4cba-a02e-f293ee607c51,2022-12-08 10:52:00,b5941a70-cf63-407e-8c24-c979e7f61e45,700,28,728
b9bd0433-4f0f-4bce-926c-cbcbdaf9eb3c,3a9926ef-6401-4560-8b6f-e379a863961c,2022-12-08 09:02:00,b5941a70-cf63-407e-8c24-c979e7f61e45,500,20,520
772dba82-a3e5-49b0-82bb-6f3927e440dd,35ef9a20-373b-49a0-94e7-a652a49ad546,2022-12-08 11:42:00,b5941a70-cf63-407e-8c24-c979e7f61e45,400,16,416
2b29e40c-bef4-4069-9e40-6dd3decd0fe7,1d0db805-775f-4a21-93a9-685c78ded448,2022-12-08 08:31:00,b5941a70-cf63-407e-8c24-c979e7f61e45,400,16,416
3c15a99f-84ed-431f-83e1-3b0e4751ae17,30fba204-135e-4e71-a1a8-1c94ddb2c0da,2022-12-08 07:40:00,b5941a70-cf63-407e-8c24-c979e7f61e45,400,16,416
c8a0963c-c262-48d3-9eb1-e09b4418af08,c4cece21-cc77-4ff3-a9bf-7193c1e488b3,2022-12-08 17:29:00,b5941a70-cf63-407e-8c24-c979e7f61e45,1000,40,1040
3f5f7ea7-52b1-4bc8-a91b-717151ea4ab6,fb398617-4d10-4ba7-a36e-b66cd127c45d,2022-12-08 07:54:00,b5941a70-cf63-407e-8c24-c979e7f61e45,600,24,624
664e00f6-bc8d-4af1-803f-01070e58d58b,3b3487d9-712c-4d93-9cd6-2c8d7e759c76,2022-12-08 07:32:00,b5941a70-cf63-407e-8c24-c979e7f61e45,600,24,624
405550e8-42ec-43cf-89b9-6bf9219448f1,8143b925-a728-45dc-90e2-770dc299a5d0,2022-12-08 08:47:00,b5941a70-cf63-407e-8c24-c979e7f61e45,600,24,624
de2489c3-19ca-4002-9847-e97912131600,079c5ccc-da93-4cd1-836d-38c631bf48a6,2022-12-08 13:10:00,b5941a70-cf63-407e-8c24-c979e7f61e45,500,20,520
b5fb1060-cd64-4b29-9e5d-5bad6f7bc102,c7ba7c0b-dcbd-432b-a25d-5f19f08ee302,2022-12-08 09:43:00,b5941a70-cf63-407e-8c24-c979e7f61e45,600,24,624
699f2091-bcd0-4b1c-9036-81bbbcd04f06,a233190a-52a9-4cf7-9a10-17472b86c1d9,2022-12-08 08:17:00,b5941a70-cf63-407e-8c24-c979e7f61e45,400,16,416
2fd65d43-cdfc-4c04-a3ff-e1a497956777,0e36bc6f-6b9f-4c73-bf81-4de9c05bd1f7,2022-12-08 07:17:00,b5941a70-cf63-407e-8c24-c979e7f61e45,400,16,416
3f10fd48-e5ef-4d94-bebb-b03954b008f6,1a675d7b-a1eb-4f6f-95dc-3e742f3773c9,2022-12-08 13:52:00,b5941a70-cf63-407e-8c24-c979e7f61e45,1700,68,1768
b3b2e0a1-6e67-44b1-bc63-050accafb63f,c1582622-5de3-4f41-846c-28d3d78fedaa,2022-12-08 19:23:00,b5941a70-cf63-407e-8c24-c979e7f61e45,1800,72,1872
1fd0e5c1-afac-43f3-b600-ab13302d3303,b0f4cef9-ee4a-4cdb-97fc-9f091c007881,2022-12-08 12:18:00,b5941a70-cf63-407e-8c24-c979e7f61e45,2500,100,2600
422a1a9f-6ccd-4274-aa2a-34044cc5248c,4818cfac-6545-4c77-b041-6f063a63ddf4,2022-12-08 08:53:00,b5941a70-cf63-407e-8c24-c979e7f61e45,600,24,624
ca3775c1-049d-4f64-9762-b255ccc74ca5,dc125238-3664-4f03-9895-5003bb3abd49,2022-12-08 08:57:00,b5941a70-cf63-407e-8c24-c979e7f61e45,500,20,520
2930cd69-da36-4512-b00c-dff89f474212,81175ca9-2369-4e1b-823e-472ff9cb0241,2022-12-08 16:44:00,b5941a70-cf63-407e-8c24-c979e7f61e45,700,28,728
ca104904-b7fa-408e-a618-2a5cbaa4fe98,735200b4-2828-4349-96cd-860b863fb154,2022-12-08 07:19:00,b5941a70-cf63-407e-8c24-c979e7f61e45,600,24,624
7eb58896-4b92-4a07-92c0-e65658fd3bc2,143486b6-dcbd-45d1-9d83-490582574c81,2022-12-08 12:44:00,b5941a70-cf63-407e-8c24-c979e7f61e45,500,20,520
bb875d1e-532b-4f1e-8cde-5a7547ba05f8,e7096752-a94d-479f-9544-d482a807aa7a,2022-12-08 14:26:00,b5941a70-cf63-407e-8c24-c979e7f61e45,1800,72,1872
dd31f248-2cca-4d95-855c-d7a3e485317b,8ecaec4c-7372-4d3c-9e1a-067e0f658cde,2022-12-08 18:30:00,b5941a70-cf63-407e-8c24-c979e7f61e45,400,16,416
dd1ba8a8-6bdd-44b4-b6e5-ece1da80e141,77312b67-634b-44fa-afff-84cd492294dd,2022-12-08 08:16:00,b5941a70-cf63-407e-8c24-c979e7f61e45,600,24,624
58a12c9e-d279-461a-8b90-759b7f5d379b,a84e1701-2350-4972-a199-bbb09a5018fe,2022-12-08 12:02:00,b5941a70-cf63-407e-8c24-c979e7f61e45,700,28,728
360ddabe-0b91-402a-b10d-678739c243ef,157f19e9-dabb-402d-a24a-1a3daad4390a,2022-12-08 07:43:00,b5941a70-cf63-407e-8c24-c979e7f61e45,500,20,520
74e77760-db37-4dff-9498-f0b468a6c115,057d6adc-0a93-4e10-a0ad-eecde498a471,2022-12-08 10:34:00,b5941a70-cf63-407e-8c24-c979e7f61e45,700,28,728
e048e4a4-fac9-454c-88e0-99db22acaa0e,c1cfdf53-a54d-4650-b94f-c186d4ef6a33,2022-12-08 07:28:00,b5941a70-cf63-407e-8c24-c979e7f61e45,700,28,728
b0da6e0f-bd26-4901-afe5-fc7bb4c201d9,6adaa027-c693-435e-89eb-a9bbb5e44b8a,2022-12-08 08:16:00,b5941a70-cf63-407e-8c24-c979e7f61e45,700,28,728
340c22a1-f622-4a88-8a88-7564ec35f2f6,3e137f30-9049-4d26-b807-213d23a47ff4,2022-12-08 07:53:00,b5941a70-cf63-407e-8c24-c979e7f61e45,600,24,624
c79b9954-dd97-44cd-8673-36b992e39922,25c68765-8234-4afa-972a-1bb70ffdf0de,2022-12-08 17:17:00,b5941a70-cf63-407e-8c24-c979e7f61e45,600,24,624
9fe22264-8e1c-4857-95db-be348b4db520,8310a031-3027-4e50-9668-13752414d69d,2022-12-08 08:03:00,b5941a70-cf63-407e-8c24-c979e7f61e45,600,24,624
64c1febf-3bdb-4756-8c36-98d5a7fa4b61,4476c00f-aa7a-469a-b999-2d09393919f0,2022-12-08 07:49:00,b5941a70-cf63-407e-8c24-c979e7f61e45,600,24,624
47f8e834-de1b-4049-b49c-ed11bdd2de02,5e2f8308-17ff-4a1b-aaf0-7ee5789d624f,2022-12-08 07:57:00,b5941a70-cf63-407e-8c24-c979e7f61e45,700,28,728
638bf796-b042-4b4f-a2b3-5bd9f0b41581,965ad9dd-b607-4df4-aeb6-2484cd649486,2022-12-08 10:34:00,b5941a70-cf63-407e-8c24-c979e7f61e45,0,0,0
64619a48-c580-4d06-8604-70154a50697e,ce73e748-777f-45ec-9020-2d2cfdb45972,2022-12-08 17:47:00,b5941a70-cf63-407e-8c24-c979e7f61e45,1700,68,1768
a2e6adba-a498-41d8-9ca5-f3aa3e066195,330cb663-b876-4a71-aad8-b579d5c68a41,2022-12-08 09:23:00,b5941a70-cf63-407e-8c24-c979e7f61e45,500,20,520
230bdba8-5b75-4b4a-b34c-d8af7a4ee4b5,83a9211f-46b5-46e9-83ff-21fcb2333b9d,2022-12-08 14:29:00,b5941a70-cf63-407e-8c24-c979e7f61e45,500,20,520
ce5d879a-6dd1-4a83-b277-30ba354ece31,8a56193e-7740-40eb-84fc-cfbed31c5b23,2022-12-08 08:17:00,b5941a70-cf63-407e-8c24-c979e7f61e45,400,16,416
3257a012-31e5-41c2-9044-374a1c4f2514,94eed14f-8001-4b43-8f44-165f49fd933d,2022-12-08 10:13:00,b5941a70-cf63-407e-8c24-c979e7f61e45,700,28,728
e815c58b-1a72-4630-8408-2cea60f2eff3,b47a07e8-cf4b-416d-baf5-4eab119a0a08,2022-12-08 14:04:00,b5941a70-cf63-407e-8c24-c979e7f61e45,1600,64,1664
3878b52d-a78b-4f8a-b471-ef260ca98a17,711f6709-f3ba-47b2-a1b8-64c4ee16d2f8,2022-12-08 16:26:00,b5941a70-cf63-407e-8c24-c979e7f61e45,400,16,416
3577f866-e287-40e5-90ed-ca0223be630d,262fb523-a8a1-4b30-a646-07769b0e0136,2022-12-08 19:34:00,b5941a70-cf63-407e-8c24-c979e7f61e45,600,24,624
71e6172b-f97b-4cec-b7c8-0a9cb4cbb892,32d287f3-b003-4c28-925c-26ffc6847227,2022-12-08 14:05:00,b5941a70-cf63-407e-8c24-c979e7f61e45,1300,52,1352
5b9dd435-4875-4ca7-8276-5cffcb2d977b,b4831ea7-1598-4d5a-8e8f-8f7a3fc9fd2a,2022-12-08 08:33:00,b5941a70-cf63-407e-8c24-c979e7f61e45,500,20,520
e22bd18c-fd96-46fc-96d8-3e5e52c00c21,e1381e43-7e52-4fde-bb54-70721c780d75,2022-12-08 08:12:00,b5941a70-cf63-407e-8c24-c979e7f61e45,700,28,728
9fab3261-3631-4ec6-a155-bf0c1e7da50a,51c70362-b335-415c-aedb-b03180cdcc0e,2022-12-08 11:06:00,b5941a70-cf63-407e-8c24-c979e7f61e45,400,16,416
984beb0b-dd01-44e6-bc89-137c139f11ea,ef92459f-9ed1-44f8-bc84-2af20287f25e,2022-12-08 07:28:00,b5941a70-cf63-407e-8c24-c979e7f61e45,600,24,624
43768be4-2bf0-4169-928e-4f738fb56ecc,aca4d865-17e7-4668-be18-d81a17da3466,2022-12-08 15:56:00,b5941a70-cf63-407e-8c24-c979e7f61e45,1700,68,1768
5ba59009-fd19-4c1b-b1a0-8d5a2a721d4e,9f66b951-f268-4c8b-956b-2e2f46f067ed,2022-12-08 13:22:00,b5941a70-cf63-407e-8c24-c979e7f61e45,2200,88,2288
31a5d682-3983-413c-9aa7-e266115e5fd6,413bce01-ac7a-4af0-8c49-23cd68b4aab5,2022-12-08 14:44:00,b5941a70-cf63-407e-8c24-c979e7f61e45,500,20,520
7d3407c4-1088-4f8a-885d-a09292e5707d,4c002b7f-15e5-4722-80a2-e29fdacffe4c,2022-12-08 07:56:00,b5941a70-cf63-407e-8c24-c979e7f61e45,600,24,624
871d8b5f-a5c3-4ad0-af8f-833630775ee2,7e8c137a-15e2-4556-887f-03064ee78ac4,2022-12-08 10:39:00,b5941a70-cf63-407e-8c24-c979e7f61e45,600,24,624
bf071967-2d05-4f5c-8c07-647053973562,da512c5b-68aa-469a-aea3-35b60e5aa607,2022-12-08 10:10:00,b5941a70-cf63-407e-8c24-c979e7f61e45,600,24,624
02192d44-b41c-49dd-8538-13c4a6afac0d,6e64cd75-e932-49b0-b502-2525f0d050d0,2022-12-08 15:36:00,b5941a70-cf63-407e-8c24-c979e7f61e45,1600,64,1664
308af14d-6e70-438a-98b5-4690af3d7cd8,3c3c6349-1759-4e94-a39b-d577360a9edf,2022-12-08 11:26:00,b5941a70-cf63-407e-8c24-c979e7f61e45,1900,76,1976
f21010b3-2cd9-4915-a275-2a0e05c4d9e6,2a13d116-9ce5-4898-8b8d-af7d504361a1,2022-12-08 14:52:00,b5941a70-cf63-407e-8c24-c979e7f61e45,400,16,416
a104683c-610c-4834-82d6-3e8af5d60ca1,2c53805a-8a5d-4835-a8a5-363ded197da1,2022-12-08 07:45:00,b5941a70-cf63-407e-8c24-c979e7f61e45,600,24,624
53972237-bf9b-4a0f-8f5a-98d903cf80fb,ab048a38-1f12-4bca-ab42-1b40682f705b,2022-12-08 13:25:00,b5941a70-cf63-407e-8c24-c979e7f61e45,500,20,520
01ac31a8-0231-477d-9cc9-657433dc4889,4824e242-620a-44a3-b4aa-6d34b7342b87,2022-12-08 07:30:00,b5941a70-cf63-407e-8c24-c979e7f61e45,600,24,624
8d892cee-1fc8-4553-a90e-8f36dfb05ca1,e33acab5-9a67-4a77-9171-e8674a44c7c9,2022-12-08 16:57:00,b5941a70-cf63-407e-8c24-c979e7f61e45,1100,44,1144
2a904dd6-79f1-4b10-86ad-bab054b755af,31841c6e-3c17-459f-825f-4fe37783068f,2022-12-08 15:52:00,b5941a70-cf63-407e-8c24-c979e7f61e45,600,24,624
61eceb03-d97d-4d65-ada0-b4cfa172f016,e54b719a-48b9-4990-b26b-ac3103c62963,2022-12-08 07:39:00,b5941a70-cf63-407e-8c24-c979e7f61e45,600,24,624
64bd81c3-4edf-4c32-b415-c524fe184073,9d6095f7-a9a5-4fb9-aff0-d3e1ac17e3f4,2022-12-08 08:09:00,b5941a70-cf63-407e-8c24-c979e7f61e45,400,16,416
a5df311b-b9c1-4e02-97dd-9b5ad32455f0,8015a6ee-2cb8-4023-bd73-83f79ca11c40,2022-12-08 07:24:00,b5941a70-cf63-407e-8c24-c979e7f61e45,400,16,416
5e20752b-f9cf-4e0e-bbc7-31f0b67c8811,026619ec-74af-42f0-81e5-1ae8f32fa526,2022-12-08 15:30:00,b5941a70-cf63-407e-8c24-c979e7f61e45,600,24,624
05980da3-4622-4541-90d2-df6d2e5f5084,f6f7cd36-ad87-48b5-86a4-69c72ffedaf5,2022-12-08 07:39:00,b5941a70-cf63-407e-8c24-c979e7f61e45,600,24,624
7db854da-6084-4943-9572-b6840489279b,2dbbf653-fb89-431e-9ce5-5be640628514,2022-12-08 11:30:00,b5941a70-cf63-407e-8c24-c979e7f61e45,600,24,624
da30b9e7-e12d-4bab-9609-d60e3b5e7098,d495194b-5412-4a94-963f-a575a3c050a4,2022-12-08 08:01:00,b5941a70-cf63-407e-8c24-c979e7f61e45,600,24,624
0201abfc-d8f2-4363-91b8-dc627e018c71,c8be7249-034b-44a3-b015-48a629b09aa0,2022-12-08 16:23:00,b3406af8-c4a9-4d2d-9e30-e06f3da01c15,1700,136,1836
7c4d97ab-7752-44db-954b-6446e30a1202,e43c8ecb-3f23-452b-9898-1b0dc684312f,2022-12-08 08:09:00,b3406af8-c4a9-4d2d-9e30-e06f3da01c15,700,56,756
5aba3f9e-d994-4e11-9957-8da0bf47ae53,c44fedb1-0107-4b01-ad43-16483dd8baed,2022-12-08 08:26:00,b3406af8-c4a9-4d2d-9e30-e06f3da01c15,400,32,432
95d01e7a-819b-4420-8320-2f9588392102,9486bb2e-4b6e-4d11-b2c7-68422ce31dc8,2022-12-08 07:33:00,b3406af8-c4a9-4d2d-9e30-e06f3da01c15,500,40,540
8e58da54-c40f-44f8-9b1e-03464944174d,74f2776c-daf7-46e8-a7dd-53b610532bc4,2022-12-08 11:03:00,b3406af8-c4a9-4d2d-9e30-e06f3da01c15,700,56,756
d9e8fd3b-0796-40ca-b18c-4a4572d879df,575b1246-f573-4082-863e-3db2825636be,2022-12-08 09:54:00,b3406af8-c4a9-4d2d-9e30-e06f3da01c15,1200,96,1296
144d03bb-4843-4b3f-bf57-5a14eabb5578,37c7145b-b539-42ec-915d-37461adcfff7,2022-12-08 18:22:00,b3406af8-c4a9-4d2d-9e30-e06f3da01c15,2000,160,2160
f4ceb971-f930-41da-89df-a6f70667d9a9,275e94da-aa8e-4a58-a71a-2ed78ee42b09,2022-12-08 13:07:00,b3406af8-c4a9-4d2d-9e30-e06f3da01c15,500,40,540
97152969-24bf-481d-8566-85d1291867a5,4e118a6e-8d00-4fbf-b3a7-1c2dd411d8f0,2022-12-08 07:35:00,b3406af8-c4a9-4d2d-9e30-e06f3da01c15,600,48,648
8f75b4f3-1707-40e6-99d9-1c22ddf415d5,22fac9d3-80e8-4460-a840-888ca04de01c,2022-12-08 07:23:00,b3406af8-c4a9-4d2d-9e30-e06f3da01c15,400,32,432
61963cc8-162f-4a8a-a872-37782407ffcf,88ceab79-75e6-4db6-a2bc-acd9ba60dbf3,2022-12-08 08:11:00,b3406af8-c4a9-4d2d-9e30-e06f3da01c15,500,40,540
586178fb-232c-4ed2-baad-9dcb8db6d527,abf424d5-d0e8-4868-8cc4-ec6715b3ff90,2022-12-08 13:04:00,b3406af8-c4a9-4d2d-9e30-e06f3da01c15,1700,136,1836
63538f93-ed6f-4f12-8df2-d19295408adc,3b2e6b11-b740-4416-989f-d333d59d01e3,2022-12-08 10:28:00,b3406af8-c4a9-4d2d-9e30-e06f3da01c15,2500,200,2700
5a221d20-4521-4c22-b098-894931c3b555,4302cbf3-971a-478c-b463-eb3284027248,2022-12-08 07:29:00,b3406af8-c4a9-4d2d-9e30-e06f3da01c15,400,32,432
9192023c-0914-4d11-900d-859301a83232,4cfbac8b-49fa-4480-b23c-2b3a3206d25c,2022-12-08 12:09:00,b3406af8-c4a9-4d2d-9e30-e06f3da01c15,600,48,648
edaf7589-bc6f-4b9a-b6e4-28070b9cdb7a,51b16cf1-5300-4593-9472-80ede31dc299,2022-12-08 11:05:00,b3406af8-c4a9-4d2d-9e30-e06f3da01c15,400,32,432
2ccb4172-064a-4a25-aeff-0d382a34841b,842933c0-5512-4685-8352-54b6acbce721,2022-12-08 14:49:00,b3406af8-c4a9-4d2d-9e30-e06f3da01c15,1900,152,2052
19a47108-43d6-4741-be1f-85e6c150b4e9,3b957f8f-558e-4c9c-b7be-6dd661554b79,2022-12-08 07:57:00,b3406af8-c4a9-4d2d-9e30-e06f3da01c15,500,40,540
611022e9-da83-4577-87bc-e2adcf67534f,064cf927-4d76-4a1c-96e2-0e2849fe3247,2022-12-08 11:47:00,b3406af8-c4a9-4d2d-9e30-e06f3da01c15,700,56,756
08522025-678c-4ac7-8d5d-b7971e44ff1a,e7557980-b703-4b75-9726-ca57793ec2f7,2022-12-08 08:24:00,b3406af8-c4a9-4d2d-9e30-e06f3da01c15,600,48,648
1320982c-1659-494c-82eb-f1ccc1dc2ae4,868bf638-2fcc-4fad-b6a8-ddf22051c14e,2022-12-08 15:23:00,b3406af8-c4a9-4d2d-9e30-e06f3da01c15,400,32,432
4bd4eb8a-ff72-4bd5-b894-86ba392dfef3,2a926631-d774-40c9-9a04-d52c882b6edc,2022-12-08 13:49:00,b3406af8-c4a9-4d2d-9e30-e06f3da01c15,700,56,756
23654c37-92f5-4773-a134-c790b6bd0a7a,d7538bff-54f1-40cf-b3e0-cf3244e312de,2022-12-08 11:49:00,b3406af8-c4a9-4d2d-9e30-e06f3da01c15,1600,128,1728
becb3cee-1215-4a2c-9ccf-1553ea31472e,2232f985-677f-4201-a2ef-b9936516db2a,2022-12-08 14:10:00,b3406af8-c4a9-4d2d-9e30-e06f3da01c15,500,40,540
116fb6ec-30eb-43ab-bdfd-dda470992993,84246c00-52db-4135-ac94-c99469e4864f,2022-12-08 19:12:00,b3406af8-c4a9-4d2d-9e30-e06f3da01c15,1700,136,1836
6b629b49-2778-400d-bd7c-36bc296b1d6d,253c99a5-b969-491d-8525-0b736e9ffc7f,2022-12-08 15:23:00,b3406af8-c4a9-4d2d-9e30-e06f3da01c15,1400,112,1512
f2215dd6-2828-411d-9950-5dfe031919dc,1555720b-72a8-48bb-805c-f18499ea4cf5,2022-12-08 15:06:00,b3406af8-c4a9-4d2d-9e30-e06f3da01c15,3500,280,3780
d6815e07-2b81-4e71-af9e-86e5e5aa185a,279bb9eb-274e-4d3f-8214-4a0b76d8f3dd,2022-12-08 12:07:00,b3406af8-c4a9-4d2d-9e30-e06f3da01c15,700,56,756
c0ba91db-51da-4dcb-8924-cc3799e129c7,b6a5a2fe-4d99-493c-8308-800f7aa53561,2022-12-08 13:14:00,b3406af8-c4a9-4d2d-9e30-e06f3da01c15,400,32,432
8099cded-27d8-48e3-ae61-b41e7ed6918e,a2091e93-b175-4a4d-a1ad-22e65dd882e2,2022-12-08 13:02:00,b3406af8-c4a9-4d2d-9e30-e06f3da01c15,600,48,648
43475c93-4eaf-4062-a314-3c2d3b0c5ab8,ec4b1e07-796f-47db-9441-9f4618fe7125,2022-12-08 11:46:00,b3406af8-c4a9-4d2d-9e30-e06f3da01c15,700,56,756
62b55fb1-a4b7-4d50-86c8-bb09e8ddd371,b46178ba-13a1-4725-9580-4c50678971fd,2022-12-08 18:11:00,b3406af8-c4a9-4d2d-9e30-e06f3da01c15,700,56,756
76cecef7-ed76-400b-8a2e-f565d7a326f0,fe61d173-a5a0-4639-9464-a1f7719807fa,2022-12-08 07:30:00,b3406af8-c4a9-4d2d-9e30-e06f3da01c15,700,56,756
c1508d92-ec77-4c92-a7c2-ba0c845e04f2,feeba5b2-ee35-494f-bf9a-fc5317519eca,2022-12-08 07:32:00,b3406af8-c4a9-4d2d-9e30-e06f3da01c15,600,48,648
7d1ed797-d1d1-49fd-b99d-7a378c51c4bd,53dad1bc-76f9-4977-806f-e5433e273d58,2022-12-08 13:51:00,b3406af8-c4a9-4d2d-9e30-e06f3da01c15,1500,120,1620
e98f5ecf-e172-442c-a813-72fd1fb6e05d,856e13e3-732e-4d27-b681-554c8d89d267,2022-12-08 18:44:00,b3406af8-c4a9-4d2d-9e30-e06f3da01c15,1900,152,2052
8003df69-433b-4dd2-9d22-4c66373c2d9a,c65ff255-8363-4bfb-9389-cdd7a2336e07,2022-12-08 17:12:00,b3406af8-c4a9-4d2d-9e30-e06f3da01c15,700,56,756
62408a4d-fd93-4be0-9a72-21e6f04c6edf,f936063f-c76b-4cf1-a9a6-63235e91e4b0,2022-12-08 09:54:00,b3406af8-c4a9-4d2d-9e30-e06f3da01c15,2200,176,2376
0cc25d24-861c-4aa7-a294-addc19458f95,772c9860-6f1b-45a3-83ce-1dd29c675dfc,2022-12-08 14:35:00,b3406af8-c4a9-4d2d-9e30-e06f3da01c15,1800,144,1944
2c95b240-8429-44a9-8529-2b2c48fc140e,3a64cc8e-a202-43c8-bd5c-a3261b2413eb,2022-12-08 15:01:00,b3406af8-c4a9-4d2d-9e30-e06f3da01c15,2500,200,2700
a7f5bd31-a9d1-43bd-a644-8290fcf91089,3dcda216-30ce-47c1-b61e-64e7f3fd38dc,2022-12-08 08:31:00,b3406af8-c4a9-4d2d-9e30-e06f3da01c15,700,56,756
37562d06-2ea5-4ecc-b44e-196f38eb7e50,f27a3372-0d29-4d6a-b883-f6e124a1f046,2022-12-08 13:05:00,b3406af8-c4a9-4d2d-9e30-e06f3da01c15,700,56,756
7c076f5f-6b19-4165-92ce-2a4723381692,3e13a887-b1f8-4366-a996-fd0cc3fff17e,2022-12-08 12:46:00,b3406af8-c4a9-4d2d-9e30-e06f3da01c15,700,56,756
452eca1e-b9e1-446f-aebc-fa673f0fd90f,4c14b657-2a3c-4ea5-9948-df7e1566baba,2022-12-08 07:51:00,b3406af8-c4a9-4d2d-9e30-e06f3da01c15,400,32,432
5ec4023a-1bf7-48ac-9a89-ee7ff77b3cbe,44835168-a3c6-4c3a-afd2-f6c657bb8ed0,2022-12-08 09:17:00,b3406af8-c4a9-4d2d-9e30-e06f3da01c15,400,32,432
4652b616-1754-4d4f-81a8-e0343110e64e,1b67a578-3e3a-496f-b2db-2e233b75a057,2022-12-08 07:38:00,b3406af8-c4a9-4d2d-9e30-e06f3da01c15,700,56,756
0d435df6-455d-4dbe-a669-82c6aa0b98d6,38c43380-025d-443c-9929-69575b8c1476,2022-12-08 12:11:00,b3406af8-c4a9-4d2d-9e30-e06f3da01c15,3800,304,4104
df4252ff-de0f-464d-bee5-8714b3784301,05617299-025b-4e35-82e6-3129af08b43b,2022-12-08 08:09:00,b3406af8-c4a9-4d2d-9e30-e06f3da01c15,500,40,540
6619fa48-7df4-4d7a-920d-a6f9b55d57c8,a2000870-ced8-44cc-9747-f8f7d5b5499d,2022-12-08 13:06:00,b3406af8-c4a9-4d2d-9e30-e06f3da01c15,5200,416,5616
ea76c034-9224-4523-810b-45157dbcf698,1e4d3a76-718d-4aaa-ab5c-e0ddba35223d,2022-12-08 15:22:00,b3406af8-c4a9-4d2d-9e30-e06f3da01c15,1800,144,1944
42981f1a-61b5-48e9-966e-c0f773143a49,03530b0b-2cc6-45c8-9658-efd1cdcb84b1,2022-12-08 14:53:00,b3406af8-c4a9-4d2d-9e30-e06f3da01c15,1900,152,2052
38871d4d-1c56-48ae-a6bb-4565e7f908a7,9ad4d7d0-7c6e-4062-b82a-6c1a852fedae,2022-12-08 07:00:00,b3406af8-c4a9-4d2d-9e30-e06f3da01c15,500,40,540
74ffe0f9-5c8e-4e7a-8433-14f195680714,c4d9214e-1a8a-4572-ab3c-d4d92c02af28,2022-12-08 08:39:00,b3406af8-c4a9-4d2d-9e30-e06f3da01c15,600,48,648
624f044c-6e48-4beb-9fba-e3411f7e8e6a,96926c2b-1043-47ff-8850-51e5bf2f14d8,2022-12-08 08:36:00,b3406af8-c4a9-4d2d-9e30-e06f3da01c15,600,48,648
26a58f33-95e1-4e01-a5d4-20bcb4de8db1,4a9277ea-471b-44e3-91d1-812ae38ee0af,2022-12-08 07:53:00,b3406af8-c4a9-4d2d-9e30-e06f3da01c15,600,48,648
f962f357-1cab-4636-936e-4c32923bb935,c363df3a-cefa-46da-aab7-940b980cae89,2022-12-08 08:33:00,b3406af8-c4a9-4d2d-9e30-e06f3da01c15,600,48,648
f8494841-527a-4841-9613-706d35b1ac6d,8618519d-5857-46b6-aa82-bab2e311d7b8,2022-12-08 16:19:00,b3406af8-c4a9-4d2d-9e30-e06f3da01c15,500,40,540
42c4e104-feaf-4766-947b-bc385164dd4c,da1d52ce-844e-47b9-aeb1-873344c86ed5,2022-12-08 16:30:00,b3406af8-c4a9-4d2d-9e30-e06f3da01c15,2700,216,2916
df1ac512-eb2a-4d29-b6f3-419ed5fa6991,06747680-9930-4877-b467-a5cb4396185d,2022-12-08 14:16:00,b3406af8-c4a9-4d2d-9e30-e06f3da01c15,700,56,756
9273ff84-1b12-4d4e-b686-f6653eac574b,5779e275-8994-4267-9474-f3a509802221,2022-12-08 19:26:00,b3406af8-c4a9-4d2d-9e30-e06f3da01c15,600,48,648
b81504eb-0a81-49ae-b4dc-0d829c8fad6d,88128252-2a15-43e6-9f6b-d087b22720a9,2022-12-08 07:25:00,b3406af8-c4a9-4d2d-9e30-e06f3da01c15,700,56,756
f092f5bc-b63d-4e42-b635-3c92d8f8ba1d,b8a0bca5-a3fe-47b5-b54c-f11d3b3566b3,2022-12-08 14:59:00,b3406af8-c4a9-4d2d-9e30-e06f3da01c15,900,72,972
e8ace173-67f1-49e6-95bb-d82f6d17d024,27aa2e5e-189e-4554-bd68-cdc6769ac85e,2022-12-08 08:47:00,b3406af8-c4a9-4d2d-9e30-e06f3da01c15,700,56,756
a6415ba0-76bd-4959-bde6-b880e194829d,935f8df0-9ed4-421f-a330-c022fd690f49,2022-12-08 07:33:00,b3406af8-c4a9-4d2d-9e30-e06f3da01c15,500,40,540
7326b560-a6a9-411d-9413-bd08aeb64da2,a0adc3c2-77d8-4e4b-a254-525252d95ff2,2022-12-08 11:03:00,b3406af8-c4a9-4d2d-9e30-e06f3da01c15,700,56,756
7cd09d4c-f005-4668-b5ab-ce06ddae7c6b,1f746910-e416-4cef-9813-e3065cae4fcd,2022-12-08 10:59:00,b3406af8-c4a9-4d2d-9e30-e06f3da01c15,0,0,0
54624c15-7c1d-4340-9c4d-5b0c8dd61031,bf98777f-16f7-465d-a17c-31e1ae97506b,2022-12-08 12:44:00,b3406af8-c4a9-4d2d-9e30-e06f3da01c15,1300,104,1404
60ad8a41-10fe-4d6f-8bc2-4bded3a4e04e,4dc43541-9eb4-418a-af40-7b08737d3c43,2022-12-08 07:32:00,b3406af8-c4a9-4d2d-9e30-e06f3da01c15,700,56,756
032d9c32-e394-4033-974d-5e1eda143cee,23c89686-b6e1-4cb4-8afe-527a20aeede9,2022-12-08 07:40:00,b3406af8-c4a9-4d2d-9e30-e06f3da01c15,600,48,648
1ca32d6e-3f8d-4788-9ad6-4426be6b65ba,095bf03a-d1cd-4d20-abd1-3f4739172cf4,2022-12-08 11:33:00,b3406af8-c4a9-4d2d-9e30-e06f3da01c15,600,48,648
342f1459-2f90-45a5-93c7-8ba05f1d291a,c7758618-5de9-4f71-ae03-b51042e88f76,2022-12-08 16:51:00,b3406af8-c4a9-4d2d-9e30-e06f3da01c15,2100,168,2268
ee0f4eb2-0781-4624-9ef3-37ed3e44dd11,d22e0d48-9bf2-4a43-b32f-2c2607d00dd5,2022-12-08 14:40:00,b3406af8-c4a9-4d2d-9e30-e06f3da01c15,3000,240,3240
abe03029-9482-42cf-8ced-9b294579d216,80beca59-cd9e-4ff3-9d94-e1c6879c1316,2022-12-08 08:09:00,b3406af8-c4a9-4d2d-9e30-e06f3da01c15,500,40,540
321c743a-30aa-4c04-b9b1-12c9ffa06fd3,2efd88fb-9b50-48f6-817a-ca2c8541cfd1,2022-12-08 08:09:00,b3406af8-c4a9-4d2d-9e30-e06f3da01c15,600,48,648
f9aeab74-8512-477b-8ceb-58f207c871e1,268cd69b-28ea-4af8-9538-9fa9498732b9,2022-12-08 18:54:00,b3406af8-c4a9-4d2d-9e30-e06f3da01c15,700,56,756
2a1c2f5c-1ca9-40e6-aa0b-d6950a877d55,39138df5-0ee9-413c-9571-c4df064cba64,2022-12-08 07:41:00,b3406af8-c4a9-4d2d-9e30-e06f3da01c15,600,48,648
1d745fb8-402d-47fb-a604-e18ca0d0ffed,99237b9e-22d6-4ea4-bdfd-187420c78483,2022-12-08 18:03:00,b3406af8-c4a9-4d2d-9e30-e06f3da01c15,600,48,648
94c423c3-282a-4810-b45a-2a034a843bdf,f851a187-0388-4c20-9b76-18bdd3c92dec,2022-12-08 11:26:00,b3406af8-c4a9-4d2d-9e30-e06f3da01c15,1600,128,1728
3da31fd4-13f0-4aee-8b69-56d17610ecf0,ecb26b3c-a58f-4237-90c2-d5f78efb30db,2022-12-08 12:46:00,b3406af8-c4a9-4d2d-9e30-e06f3da01c15,1700,136,1836
efc0f711-0135-4dd7-ab62-e12b76717746,76c7924f-d1ef-4af5-b145-514191a0d17f,2022-12-08 17:16:00,b3406af8-c4a9-4d2d-9e30-e06f3da01c15,2100,168,2268
bda850bd-efba-42cb-b539-262887658cb3,37a5d7eb-a9ee-47c9-930f-e557d51483d1,2022-12-08 15:12:00,b3406af8-c4a9-4d2d-9e30-e06f3da01c15,400,32,432
fd9a4a86-f491-4b83-8b75-50570977564b,8aa9665b-27f4-4c93-a9d6-edfa376819e1,2022-12-08 11:45:00,b3406af8-c4a9-4d2d-9e30-e06f3da01c15,600,48,648
6d37bfb3-843f-4503-b059-8b52e5aa6ca8,e153b65e-f6c1-4043-932d-e1357a7d50e7,2022-12-08 08:16:00,b3406af8-c4a9-4d2d-9e30-e06f3da01c15,400,32,432
46b6fb57-ee6d-42f2-b77d-1aa361c9876d,13a7703d-03d1-4063-84ca-b89d789a1738,2022-12-08 08:28:00,b3406af8-c4a9-4d2d-9e30-e06f3da01c15,500,40,540
f9476b3e-162e-4793-889b-08aecf2628c8,1b2379c1-efcd-4b6e-8114-a55e17996a17,2022-12-08 17:31:00,b3406af8-c4a9-4d2d-9e30-e06f3da01c15,1800,144,1944
b7b171d6-7414-43aa-ba7d-2a5bb04d9c67,65ceb40c-2a5c-4396-99f2-92512e5d8a5b,2022-12-08 16:36:00,b3406af8-c4a9-4d2d-9e30-e06f3da01c15,600,48,648
7b094275-67e3-4123-8037-8961d219c5ed,d8b32b5c-b453-46b3-972f-a82740c80425,2022-12-08 14:08:00,b3406af8-c4a9-4d2d-9e30-e06f3da01c15,600,48,648
9c625f03-4a53-48fa-b4ae-ae57f9e5ae49,1b4695e3-474d-4a57-8330-b29e2b1e34a4,2022-12-08 08:20:00,b3406af8-c4a9-4d2d-9e30-e06f3da01c15,700,56,756
22996956-a31f-4077-95ba-a52d1b3f5639,5baa0737-66e1-4769-a9bd-d3f5136cfb42,2022-12-08 16:07:00,b3406af8-c4a9-4d2d-9e30-e06f3da01c15,1000,80,1080
1583802c-b2f3-4a1e-bb83-64c846e17713,80a49a51-3aad-4ab0-a876-84ac983a1ecb,2022-12-08 08:16:00,b3406af8-c4a9-4d2d-9e30-e06f3da01c15,600,48,648
8f60ae07-2f93-4126-b2ca-326eb7e995c8,7b930b65-6a9e-4445-8ae1-1503b76ac988,2022-12-08 07:26:00,b3406af8-c4a9-4d2d-9e30-e06f3da01c15,700,56,756
8841e61b-bcc1-47e3-bcbe-3b31273c187d,449f4341-9f93-4cc5-8e2a-f00ea11228b8,2022-12-08 17:09:00,b3406af8-c4a9-4d2d-9e30-e06f3da01c15,1600,128,1728
07093e2e-8ed8-49e2-9662-aca5d306cea5,d6d9d62c-9cb2-454b-8d33-46481d62557b,2022-12-08 12:08:00,b3406af8-c4a9-4d2d-9e30-e06f3da01c15,500,40,540
1263c97f-94db-4c72-9d20-3a8d18ec9ff7,5d9f037d-9045-46b5-99b7-f51314dfe487,2022-12-08 12:47:00,b3406af8-c4a9-4d2d-9e30-e06f3da01c15,600,48,648
78142fb1-c397-4d09-8f2e-5bd76df62273,8a87962d-68e3-4597-b43e-27b048d4439d,2022-12-08 14:09:00,b3406af8-c4a9-4d2d-9e30-e06f3da01c15,600,48,648
d06b6792-5887-4a6e-b44e-0e2465f5579c,9f3d6f04-8cfa-44c8-9be8-f6257a05765d,2022-12-08 10:49:00,b3406af8-c4a9-4d2d-9e30-e06f3da01c15,2100,168,2268
b53c73d3-7f8c-4d35-a898-346d0bf7fbdb,361f6a4e-0eaa-4595-9086-b3ad40e8a618,2022-12-08 07:56:00,b3406af8-c4a9-4d2d-9e30-e06f3da01c15,400,32,432
33c705c3-4647-42a2-8183-5f3d5993e060,6b6847b1-c79c-4831-969c-e1b95141232c,2022-12-08 08:04:00,b3406af8-c4a9-4d2d-9e30-e06f3da01c15,400,32,432
82b0299a-a37f-4873-8e4b-97f754d7e9f7,c05af6ca-529b-48e3-9cbf-d11a290da116,2022-12-08 17:37:00,b3406af8-c4a9-4d2d-9e30-e06f3da01c15,600,48,648
e6d30c65-b5c3-40d0-ba16-87c606e66992,1dbd8c01-5471-4c5a-b2e4-db6418673cb3,2022-12-08 14:48:00,b3406af8-c4a9-4d2d-9e30-e06f3da01c15,700,56,756
4d502ef8-3f77-4706-b24a-4d7ee4916c06,310b49e2-458d-4fc5-8c04-f4ab394152fe,2022-12-08 18:39:00,b3406af8-c4a9-4d2d-9e30-e06f3da01c15,1800,144,1944
896e7ae7-98fc-4485-848f-d539c4bf3237,d1632fc8-d982-4a8a-8ef9-53a6c238f72c,2022-12-08 09:31:00,b3406af8-c4a9-4d2d-9e30-e06f3da01c15,500,40,540
36dd864d-8660-420d-9065-0f8c041e3139,621183af-0262-460a-ba41-8fcd61b78119,2022-12-08 15:12:00,b3406af8-c4a9-4d2d-9e30-e06f3da01c15,1800,144,1944
2349e05a-7fc9-4124-a42d-5f5b5e898448,a5b4ca03-0415-4ab0-887f-e9c900e32790,2022-12-08 14:41:00,b3406af8-c4a9-4d2d-9e30-e06f3da01c15,1700,136,1836
eb92c51a-ce8f-4655-97a6-d985e1a44b16,fce60606-1c32-4073-abab-5e73f36b3302,2022-12-08 07:22:00,b3406af8-c4a9-4d2d-9e30-e06f3da01c15,600,48,648
3052376c-8df1-4025-807f-ef04422a9550,cbcda1f0-7b97-4053-ad4b-cc4b5a76e903,2022-12-08 08:20:00,b3406af8-c4a9-4d2d-9e30-e06f3da01c15,700,56,756
68dda7cb-e406-4e5f-89fa-890009646825,52b280cc-66a1-4aff-a315-65a3e08ba082,2022-12-08 07:35:00,b3406af8-c4a9-4d2d-9e30-e06f3da01c15,400,32,432
18741033-3a98-401c-af62-0805fa788579,db206fbc-6df6-47aa-9f6c-7d3bdce9e3c5,2022-12-08 07:48:00,b3406af8-c4a9-4d2d-9e30-e06f3da01c15,500,40,540
3b1133fe-0a1d-4ec0-8b4b-fb461f54fb1e,c2085572-8827-4de1-ac06-5f3d40324313,2022-12-08 08:22:00,b3406af8-c4a9-4d2d-9e30-e06f3da01c15,600,48,648
47c478eb-11b6-4faa-8b37-2263bbba48db,d4954aec-b60d-426c-9058-f2d3d61ecf7f,2022-12-08 09:46:00,b3406af8-c4a9-4d2d-9e30-e06f3da01c15,1200,96,1296
b012915c-157f-45ef-a29b-79aefe466363,663ea5e3-7ce6-4aad-b8d2-4125e48ff362,2022-12-08 17:19:00,b3406af8-c4a9-4d2d-9e30-e06f3da01c15,500,40,540
55457783-e73c-4bd3-930e-7946c79c1ad1,8429261b-8ba3-41d8-beda-f33f31540c22,2022-12-08 10:38:00,b3406af8-c4a9-4d2d-9e30-e06f3da01c15,500,40,540
69f09514-149e-4ffe-996e-772814c6d204,3254d2fb-f762-4502-ad4f-6f57b4a21620,2022-12-08 09:02:00,b3406af8-c4a9-4d2d-9e30-e06f3da01c15,400,32,432
ff51eeb8-f278-48f7-a3fa-a400cf8e1eb1,db7b3e64-5805-46a2-8e59-f78fb53db9ab,2022-12-08 13:10:00,b3406af8-c4a9-4d2d-9e30-e06f3da01c15,1800,144,1944
c1fd84dd-19f4-4415-95e8-38a09958e5e2,a2fcb9a7-aaa5-4383-a4fb-21687e933dde,2022-12-08 16:51:00,b3406af8-c4a9-4d2d-9e30-e06f3da01c15,1900,152,2052
0f401ea0-f822-477c-99b8-cee1688a203a,794398f0-d003-410e-81b9-97cfb53b31d1,2022-12-08 18:22:00,b3406af8-c4a9-4d2d-9e30-e06f3da01c15,400,32,432
c8275170-1455-4215-bef9-3b4d5bbad7eb,37fb0e02-a1ba-418d-90f7-2bd67e71feb0,2022-12-08 18:22:00,b3406af8-c4a9-4d2d-9e30-e06f3da01c15,1200,96,1296
67130733-c953-43fe-ae97-761740e278f7,e84bffdc-b85d-42a5-900a-67979727373d,2022-12-08 07:40:00,b3406af8-c4a9-4d2d-9e30-e06f3da01c15,600,48,648
1493e7ad-201a-4f7f-bd3a-9d81ed27fad2,0acbf411-6839-44f0-8956-631074bb22e0,2022-12-08 10:20:00,b3406af8-c4a9-4d2d-9e30-e06f3da01c15,500,40,540
e109007c-a278-4d8c-ab38-cfa1e0efe1fd,66600688-68fb-486a-9109-bafbf8e03b37,2022-12-08 11:55:00,b3406af8-c4a9-4d2d-9e30-e06f3da01c15,2300,184,2484
0699eca4-04bc-4ab5-81c9-8fa1e944b4b5,25ac8d3c-f20d-445c-98a5-92ba07716d01,2022-12-08 08:24:00,b3406af8-c4a9-4d2d-9e30-e06f3da01c15,600,48,648
24e1b9f5-7d0d-4f48-9e18-d6deb1ba171f,1892dd7a-8ba7-4839-891c-a1faa3c38b01,2022-12-08 11:03:00,b3406af8-c4a9-4d2d-9e30-e06f3da01c15,700,56,756
31d85f24-0404-4bd8-956e-7ee2a50aad1a,423631a6-92ea-471b-88bc-c47f120439ff,2022-12-08 14:17:00,b3406af8-c4a9-4d2d-9e30-e06f3da01c15,600,48,648
15ac6dbf-38d9-4430-888e-b06379cc3a91,1d402c5f-2fac-4f95-9d30-6ef180da3feb,2022-12-08 18:12:00,b3406af8-c4a9-4d2d-9e30-e06f3da01c15,1200,96,1296
ce860c08-5c67-4348-be4c-c3dd6cc96291,881b46ba-02e1-4cbb-8806-031dc3bbeca7,2022-12-08 18:32:00,b3406af8-c4a9-4d2d-9e30-e06f3da01c15,1700,136,1836
ac9a4d11-1032-4069-a888-6e8a23735e90,d3873be4-b64c-42ee-84b6-5bb82cfc5320,2022-12-08 15:48:00,b3406af8-c4a9-4d2d-9e30-e06f3da01c15,1600,128,1728
d70bbe28-7095-4499-b4bc-6efbb6414568,f2f7747d-afbe-47b0-b53b-b1befdd2248f,2022-12-08 08:16:00,b3406af8-c4a9-4d2d-9e30-e06f3da01c15,400,32,432
dfc2699c-1641-411b-ae9b-d1f7f923aa4d,9218401a-a3fe-4361-b974-75ab3912ede2,2022-12-08 08:04:00,b3406af8-c4a9-4d2d-9e30-e06f3da01c15,400,32,432
ca8b4ba3-fad5-479b-bf84-4cfce44ebf4d,8d65ca70-f409-4ca5-8358-00184b8ca792,2022-12-08 08:14:00,b3406af8-c4a9-4d2d-9e30-e06f3da01c15,500,40,540
d88829e5-7451-4569-b0e8-f4963a13e0ff,a458afe9-c65f-409f-8219-b305bca5a3cf,2022-12-08 07:03:00,b3406af8-c4a9-4d2d-9e30-e06f3da01c15,400,32,432
e8378fbe-869e-47d5-a09a-c27d93d04a51,b2f61eb0-f9d4-4c93-b37f-26081e1fe30a,2022-12-08 14:16:00,b3406af8-c4a9-4d2d-9e30-e06f3da01c15,600,48,648
19cef79d-3135-4982-a682-4866c86761ae,86b0709f-3cb4-4745-a48f-d886fb407676,2022-12-08 08:16:00,b3406af8-c4a9-4d2d-9e30-e06f3da01c15,600,48,648
3c499f9a-a328-410a-921e-f8a48bfcd98e,a007d2c8-f005-484a-9bba-492bde02b53a,2022-12-08 08:01:00,b3406af8-c4a9-4d2d-9e30-e06f3da01c15,500,40,540
64d9d03d-a5e2-4ae7-b97c-a09f2f3718a4,e16a6ba6-9dd7-494f-8317-85068747c218,2022-12-08 07:20:00,b3406af8-c4a9-4d2d-9e30-e06f3da01c15,400,32,432
ea769225-a617-4322-86c2-485bfba486d0,0a99f923-70d6-40f5-8870-92a09715bce2,2022-12-08 07:43:00,b3406af8-c4a9-4d2d-9e30-e06f3da01c15,600,48,648
d20cf81e-d9dc-4377-8869-d7d717c82592,31934ece-77ac-425f-a29c-8c5460f3ab19,2022-12-08 10:01:00,b3406af8-c4a9-4d2d-9e30-e06f3da01c15,400,32,432
0a685cb2-0ee7-4cc3-82dc-faceffe879cd,ed5ab19d-1777-4342-ab81-aa1bc6f6b498,2022-12-08 12:47:00,b3406af8-c4a9-4d2d-9e30-e06f3da01c15,400,32,432
f6f2539a-a949-4111-8562-3b081013028e,27007e99-75c0-4708-bd7c-7d588972a823,2022-12-08 07:56:00,b3406af8-c4a9-4d2d-9e30-e06f3da01c15,700,56,756
6e9b5905-618b-4953-a802-d1c05b45ec19,7d0d3560-9574-4d65-a9b3-a026cb9b0bbe,2022-12-08 11:43:00,b3406af8-c4a9-4d2d-9e30-e06f3da01c15,2100,168,2268
878b85e1-671f-47db-bd5c-dc6fae780921,5c34ed01-e5d5-4589-b968-4286a6b2c3cf,2022-12-08 08:57:00,b3406af8-c4a9-4d2d-9e30-e06f3da01c15,600,48,648
5b50ea15-9274-464e-b310-b832b3a97ac6,c91e5309-b793-4fd2-9600-73bcf71a5d1b,2022-12-08 12:44:00,b3406af8-c4a9-4d2d-9e30-e06f3da01c15,400,32,432
b682d0b7-227f-4775-8f5f-aaf5053d3e8f,f986eceb-8694-41cf-ae4c-2be2024e8781,2022-12-08 07:16:00,b3406af8-c4a9-4d2d-9e30-e06f3da01c15,600,48,648
d2f7bff6-86fa-401b-97ac-43e676d3aa6a,d8af82e4-d55d-4cdb-bbd3-86bd96440e7a,2022-12-08 14:03:00,b3406af8-c4a9-4d2d-9e30-e06f3da01c15,600,48,648
7a19bc2f-019f-4961-a9ce-b78ced34b193,bc469ed6-7fb7-46b7-b20f-e9d5e5b220c3,2022-12-08 17:28:00,b3406af8-c4a9-4d2d-9e30-e06f3da01c15,2500,200,2700
5e7ac154-4bf3-4b4d-9df7-a546d44dd0ae,b4d7bbaf-cc87-47f2-a964-1a64d7d18e19,2022-12-08 08:00:00,b3406af8-c4a9-4d2d-9e30-e06f3da01c15,700,56,756
57f757a7-15f7-4f02-b3ba-bc9cf9875f13,6e33e101-a26d-4b95-b7a0-e5a77ebc64dd,2022-12-08 08:30:00,b3406af8-c4a9-4d2d-9e30-e06f3da01c15,400,32,432
0145f30f-a2eb-4ad7-9a57-c45a37b77475,25ca8a8e-9061-4213-96b1-6691e7a73e63,2022-12-08 13:26:00,b3406af8-c4a9-4d2d-9e30-e06f3da01c15,600,48,648
6ddc7cdb-4476-45e3-b6bb-20fce192a056,4c529355-b86a-410a-bd67-d69a08e26469,2022-12-08 12:12:00,b3406af8-c4a9-4d2d-9e30-e06f3da01c15,500,40,540
258f9a8d-c1b1-4c95-8561-97fe1578da2a,e1850c0e-781b-4ab6-9df3-0574ffb34203,2022-12-08 08:17:00,b3406af8-c4a9-4d2d-9e30-e06f3da01c15,400,32,432
24bc371b-2d55-4df8-846f-500c7940b5be,698e721e-d046-458b-8082-08c8bb54ecad,2022-12-08 18:48:00,b3406af8-c4a9-4d2d-9e30-e06f3da01c15,400,32,432
68f3f4c8-2de0-4e94-b71c-469ba0e77845,306845f9-3a60-4c21-b7dc-7097dd33a2b5,2022-12-08 12:43:00,b3406af8-c4a9-4d2d-9e30-e06f3da01c15,0,0,0
17313003-44ee-4ae1-ae54-dc442f23c011,b8ebe9c1-1add-4673-afe5-93f07113de45,2022-12-08 15:17:00,b3406af8-c4a9-4d2d-9e30-e06f3da01c15,2400,192,2592
92de9fa3-84df-47ec-a21e-3e7e7a3a1d95,f487f45c-143d-4d73-9d45-d6d9a100bafa,2022-12-08 07:22:00,b3406af8-c4a9-4d2d-9e30-e06f3da01c15,600,48,648
5c8f98ad-c0d0-4ea8-a97c-bb1ba085b696,abb9bca3-59ae-4a9f-b115-16c1c3bf57ef,2022-12-08 08:05:00,b3406af8-c4a9-4d2d-9e30-e06f3da01c15,700,56,756
05bf87af-dc55-43b3-a147-5c8c77af9a95,7888c346-c8ec-4ebb-b146-16f44590b12f,2022-12-08 13:42:00,b3406af8-c4a9-4d2d-9e30-e06f3da01c15,2200,176,2376
a068b30a-3162-44d5-98bf-67b4ae3aab53,e7cdd862-6c8e-4af5-91e8-e017767a279b,2022-12-08 12:30:00,b3406af8-c4a9-4d2d-9e30-e06f3da01c15,600,48,648
acd686ea-54e5-40e5-a053-6a2a68ff0be2,a1932494-1e79-4f11-90d6-2c3d14b17ff9,2022-12-08 07:26:00,b3406af8-c4a9-4d2d-9e30-e06f3da01c15,400,32,432
fc5393b6-5c53-41b9-be3f-4570957357ee,0a996dc6-ec23-473c-964f-78456fbcf5da,2022-12-08 07:00:00,b3406af8-c4a9-4d2d-9e30-e06f3da01c15,700,56,756
0f0e14f2-0965-445e-b14f-af7794cbf989,ff396751-b162-46df-8c81-61f6062eab97,2022-12-08 16:37:00,b3406af8-c4a9-4d2d-9e30-e06f3da01c15,2100,168,2268
ef12f6be-0b16-4c3b-a289-3eb0f81d1afb,598e831c-2388-4cb6-9cf0-22e14fee9400,2022-12-08 10:20:00,b3406af8-c4a9-4d2d-9e30-e06f3da01c15,1500,120,1620
b1112da6-c959-420f-bd40-f3bb1e06b8d5,09afb464-d131-423d-a7a7-10d3f6093399,2022-12-08 08:17:00,b3406af8-c4a9-4d2d-9e30-e06f3da01c15,700,56,756
a53742c2-5e1b-444f-a941-c8fa5d6fb858,3d7bff9e-08f3-4526-8477-6d619bcbaace,2022-12-08 17:07:00,b3406af8-c4a9-4d2d-9e30-e06f3da01c15,400,32,432
c53ac5e0-4fb4-4b47-b5de-b3523a753811,aa665be8-f1e3-4044-9620-f83b294f8b69,2022-12-08 14:32:00,b3406af8-c4a9-4d2d-9e30-e06f3da01c15,500,40,540
d8a200ad-2f0d-4a29-98fa-39642e762550,30bb7b4b-20a7-4691-a3fc-4b196f282c03,2022-12-08 17:26:00,b3406af8-c4a9-4d2d-9e30-e06f3da01c15,700,56,756
bb496d33-83cd-4ac0-815f-a01ef1af6057,96a08a67-3a4f-4c5f-a78b-79cc00ce235c,2022-12-08 08:01:00,b3406af8-c4a9-4d2d-9e30-e06f3da01c15,600,48,648
80ff671f-6ab6-4c03-b0c6-4783ba4b6ea8,608ca642-8a7f-4061-86a0-b0b6ca27da21,2022-12-08 14:11:00,b3406af8-c4a9-4d2d-9e30-e06f3da01c15,600,48,648
94d3bdfc-f5e9-4f1e-af0b-8afb1d3ec9d9,f2786374-fd22-43a8-96d8-929e18656d5a,2022-12-08 08:21:00,b3406af8-c4a9-4d2d-9e30-e06f3da01c15,1000,80,1080
77e74c3f-b997-464c-ae7a-80dc936e33c5,a1ad81da-9458-4b70-a0ef-c189af7d837c,2022-12-08 12:15:00,b3406af8-c4a9-4d2d-9e30-e06f3da01c15,700,56,756
df30376c-6c45-43bf-918a-87267a1472cf,318d3c38-cc45-4e02-bc63-99141525c4f3,2022-12-08 08:23:00,b3406af8-c4a9-4d2d-9e30-e06f3da01c15,600,48,648
63c319e2-5345-4e43-9b1e-193bee594db3,0a0e52b6-cde9-4602-8769-b9c061d710b3,2022-12-08 13:34:00,b3406af8-c4a9-4d2d-9e30-e06f3da01c15,1900,152,2052
7f588464-c809-4683-a701-77a24c00d522,e0a6f2cd-e20c-413e-b17e-49ee6bd43cfa,2022-12-08 13:09:00,b3406af8-c4a9-4d2d-9e30-e06f3da01c15,1200,96,1296
62b5d2c4-1b33-430b-abf2-5d77222092ba,03e63491-df23-46b5-aa4e-70612e0286c3,2022-12-08 08:15:00,b3406af8-c4a9-4d2d-9e30-e06f3da01c15,700,56,756
5a372a67-b352-426c-a995-602b50408e71,d475196e-cc63-4478-9e57-54e7709a0ca6,2022-12-08 16:54:00,b3406af8-c4a9-4d2d-9e30-e06f3da01c15,400,32,432
8d72404a-fb4b-4b97-80a0-b4e5746d5b73,f84d9433-99fb-4dc1-a7b4-ed28df01589c,2022-12-08 07:40:00,b3406af8-c4a9-4d2d-9e30-e06f3da01c15,600,48,648
b649c58a-caab-40ad-a4cb-2a9b6cae6f35,89f23a88-e155-403c-81b7-74624a2a8b7c,2022-12-08 09:03:00,b3406af8-c4a9-4d2d-9e30-e06f3da01c15,700,56,756
0618c7b7-4fdf-42ed-bd7c-8e7a9e6ea1bb,6955924f-52b4-4a14-8a1a-4141c64f990f,2022-12-08 08:30:00,b3406af8-c4a9-4d2d-9e30-e06f3da01c15,400,32,432
e506308a-d3d5-4a53-b241-6304cab9e12e,3a34f173-2b77-44ba-92da-28e10ad98f0f,2022-12-08 17:50:00,b3406af8-c4a9-4d2d-9e30-e06f3da01c15,600,48,648
2a71f916-d49e-438f-b440-dd53284a730b,528277e8-4ab5-4238-8977-eef05607a07b,2022-12-08 19:00:00,b3406af8-c4a9-4d2d-9e30-e06f3da01c15,1800,144,1944
2a9ba628-30f4-4b95-852a-8657d3b3f2db,3ced9be5-34a5-4ecb-b0c6-0914d923f289,2022-12-08 08:23:00,b3406af8-c4a9-4d2d-9e30-e06f3da01c15,600,48,648
400538dc-a0e0-40f2-a189-483bfa3b8013,0f3e973c-42e0-4b6d-8940-db51a4fbdfaf,2022-12-08 08:01:00,b3406af8-c4a9-4d2d-9e30-e06f3da01c15,600,48,648
388ae26e-abab-4e0b-a7a6-deb0cb6cbfc8,4a5e57dc-e244-4e0d-8e41-6c0deca10336,2022-12-08 08:10:00,b3406af8-c4a9-4d2d-9e30-e06f3da01c15,400,32,432
338a52c5-8ed4-4b9b-a3d0-fb28e6d4e370,31a4ccea-3d90-4e67-a6f8-8d990cfffd1a,2022-12-08 08:20:00,b3406af8-c4a9-4d2d-9e30-e06f3da01c15,600,48,648
a20abce0-96cd-490d-a6a6-f53e31227288,86faf3a1-bcd6-4bd4-8900-ba8ed0ffe0f2,2022-12-08 07:00:00,b3406af8-c4a9-4d2d-9e30-e06f3da01c15,600,48,648
ccac5760-8c84-451e-b931-47ca59eb58dd,50823f14-a532-448f-a310-02980e02795d,2022-12-08 15:12:00,b3406af8-c4a9-4d2d-9e30-e06f3da01c15,600,48,648
c1835c1b-f0b6-4fd1-9024-86f06ff511a9,87f0edf1-082f-460b-bc4f-9e72db2598ec,2022-12-08 07:33:00,b3406af8-c4a9-4d2d-9e30-e06f3da01c15,600,48,648
ac239c8c-0c0f-418a-9522-aa1fb600174d,06a02b8b-8290-49eb-a59a-1ed359cee4d9,2022-12-08 12:13:00,b3406af8-c4a9-4d2d-9e30-e06f3da01c15,600,48,648
98abf578-754b-44ba-a1c9-ddd05be3974e,b7af6b39-c4de-481a-95b9-872e4b399c9e,2022-12-08 13:38:00,b3406af8-c4a9-4d2d-9e30-e06f3da01c15,1300,104,1404
5eab3c9b-de54-4025-8adb-b26f1fb1be92,44a1345c-83cd-4105-bc81-eb61a59948bc,2022-12-08 07:16:00,b3406af8-c4a9-4d2d-9e30-e06f3da01c15,600,48,648
26ff03c7-b232-4196-ab0f-19b24d8ad8ad,abd96f0c-1f71-4940-b799-0029d8748822,2022-12-08 07:32:00,b3406af8-c4a9-4d2d-9e30-e06f3da01c15,600,48,648
d3335234-5295-4805-8097-5f874f75ac3c,5f9b70bf-6872-4382-8d21-99901b648a96,2022-12-08 16:11:00,b3406af8-c4a9-4d2d-9e30-e06f3da01c15,1700,136,1836
7c250910-2e36-4d72-bfc3-bc335cc06bcb,c26ac399-6c40-4f9c-8b03-1ec608843dee,2022-12-08 07:28:00,b3406af8-c4a9-4d2d-9e30-e06f3da01c15,600,48,648
0b718b78-5cfb-464a-b579-9b85ab9cc85d,9b2b7eb4-41b1-4bd2-85fd-8a53ff3daf67,2022-12-08 16:50:00,b3406af8-c4a9-4d2d-9e30-e06f3da01c15,700,56,756
6ed3599b-af8a-42aa-aecc-0162b26c0d0c,4190f662-1219-4f03-803f-413f95e73ac8,2022-12-08 17:35:00,b3406af8-c4a9-4d2d-9e30-e06f3da01c15,1500,120,1620
d27edaca-bbb4-4b35-ac95-34c1d069774a,0e9616a6-6c31-4010-812b-329c8f7b4853,2022-12-08 13:02:00,b3406af8-c4a9-4d2d-9e30-e06f3da01c15,1800,144,1944
4aa9ebf4-cfd4-45b8-af8f-b2397c1d6750,e035ac52-ddc6-40b9-8ff0-323f85959735,2022-12-08 14:04:00,b3406af8-c4a9-4d2d-9e30-e06f3da01c15,900,72,972
26a9a579-3eff-427f-a7bd-fa39767b81d3,b3592dd8-025f-42a5-94d3-2e88c5e14f97,2022-12-08 13:20:00,b3406af8-c4a9-4d2d-9e30-e06f3da01c15,2200,176,2376
9091cdc7-a39c-4ba6-87cd-8ea2d64a3ee9,a8998506-bf65-496e-b0cd-f9f69e104054,2022-12-08 14:06:00,b3406af8-c4a9-4d2d-9e30-e06f3da01c15,600,48,648
9a4054d6-e65b-4ed9-888e-447f437c423f,d95f31c5-538e-45b8-b561-b1a13cdfef1e,2022-12-08 07:30:00,b3406af8-c4a9-4d2d-9e30-e06f3da01c15,700,56,756
c88e5afc-4408-43d4-96ca-5bb933d1c826,169eed66-bf2f-4c7b-b0ad-b2878d4ba9d2,2022-12-08 12:38:00,b3406af8-c4a9-4d2d-9e30-e06f3da01c15,700,56,756
e5144329-5298-451d-833f-213efd372705,cf45618f-d0a6-4313-b3fe-b9c25130e1e8,2022-12-08 10:17:00,b3406af8-c4a9-4d2d-9e30-e06f3da01c15,1100,88,1188
a890113b-976a-4ab6-b771-026e1a4c8946,d593cb3f-5c32-4ae8-b090-2b2d6cc364e0,2022-12-08 08:02:00,b3406af8-c4a9-4d2d-9e30-e06f3da01c15,700,56,756
3bea7099-455a-4dc4-80ea-3805665a3fc0,b9c12e8c-8d2a-43d5-a79a-29aeb082c72a,2022-12-08 11:41:00,b3406af8-c4a9-4d2d-9e30-e06f3da01c15,1700,136,1836
e2a32c83-637a-48d4-8f86-e06504132003,722c012f-efd2-49d0-8fd3-047157c22e79,2022-12-08 07:53:00,b3406af8-c4a9-4d2d-9e30-e06f3da01c15,700,56,756
5757fef8-32aa-45e9-b73a-ad0242be6160,8db6beac-c887-48a0-a243-51364c4b54e5,2022-12-08 12:16:00,b3406af8-c4a9-4d2d-9e30-e06f3da01c15,400,32,432
11357822-d6ab-4b9f-907a-41429aed8509,6acbf0ba-f1c3-49cc-963a-d0c2f7c4d8f5,2022-12-08 07:31:00,b3406af8-c4a9-4d2d-9e30-e06f3da01c15,600,48,648
e29841ad-9606-46d5-911f-ff08bb9d2c4c,48cd3500-f9c1-471b-9786-fc1d6b7dfb2b,2022-12-08 19:26:00,b3406af8-c4a9-4d2d-9e30-e06f3da01c15,700,56,756
d1637049-f01e-4d14-a570-3fdf362885e1,2a47cf71-066f-4856-941a-0dcedb495e25,2022-12-08 07:32:00,b3406af8-c4a9-4d2d-9e30-e06f3da01c15,600,48,648
fc004f51-fbfb-4064-b3eb-2643c69a102e,dfcbcca6-3b8b-4b74-8b8a-35d542b61bea,2022-12-08 08:13:00,b3406af8-c4a9-4d2d-9e30-e06f3da01c15,600,48,648
ef8a9f01-a0b2-4317-9105-204661cc8ea8,5169248c-0343-424f-9004-6c4898defb2e,2022-12-08 15:33:00,b3406af8-c4a9-4d2d-9e30-e06f3da01c15,600,48,648
51e0a6aa-49fd-4ba3-80c7-c91bca2d6b58,3e0bfbc5-de9c-4029-9e07-9abf3ea45e78,2022-12-08 07:21:00,b3406af8-c4a9-4d2d-9e30-e06f3da01c15,600,48,648
24022b35-aeea-4b05-a6bc-2a234a35a399,565b67c6-951e-4d74-b047-1adf6fc2575c,2022-12-08 15:32:00,b3406af8-c4a9-4d2d-9e30-e06f3da01c15,1300,104,1404
a13dbb88-f4cd-40fc-81af-c002c3218ebe,5f7050b5-70b0-4e68-87ca-3057e2b22fec,2022-12-08 07:42:00,b3406af8-c4a9-4d2d-9e30-e06f3da01c15,700,56,756
07898cbb-aa4a-45c8-b559-e9160e15823b,33cfa771-7267-4b01-be99-d035630b41c7,2022-12-08 14:26:00,b3406af8-c4a9-4d2d-9e30-e06f3da01c15,600,48,648
2caf037e-2ef4-4d32-8ea4-9e6069731423,cf232296-6a6b-4d24-9a71-2649bcbac8c1,2022-12-08 18:22:00,b3406af8-c4a9-4d2d-9e30-e06f3da01c15,1600,128,1728
689a3a75-1dc0-44c2-be87-e34b45321a29,58618b9b-fd0a-4274-bbe4-0fe50a9d9a88,2022-12-08 12:55:00,b3406af8-c4a9-4d2d-9e30-e06f3da01c15,700,56,756
01758a5c-8f9d-476d-8352-e0a779113d4f,69f7975c-4dc8-44dc-a8cd-1ada09c809f4,2022-12-08 08:19:00,b3406af8-c4a9-4d2d-9e30-e06f3da01c15,400,32,432
f6275090-6161-4462-ad06-68cb4b3673df,93437d2a-3844-4289-b40d-fddae4789e9f,2022-12-08 08:17:00,b3406af8-c4a9-4d2d-9e30-e06f3da01c15,600,48,648
806b182f-ffa5-45be-ba1f-75993d7013f6,96f755ed-3cd7-4c7a-a270-c8decb7e333c,2022-12-08 07:40:00,b3406af8-c4a9-4d2d-9e30-e06f3da01c15,400,32,432
aa7bd11c-203b-4337-b2ee-d5d2f7df0d8e,5426db7a-b305-431e-981b-30fb5a510434,2022-12-08 07:35:00,b3406af8-c4a9-4d2d-9e30-e06f3da01c15,700,56,756
0d0c8490-5507-4d86-8af3-055f9f46402b,783a4c82-83fb-4f38-8f75-4a7e4824221c,2022-12-08 16:21:00,b3406af8-c4a9-4d2d-9e30-e06f3da01c15,600,48,648
2fb388ec-3947-40fb-8136-a67120618fcd,6abd1eaa-ddec-4830-9213-0c88cbf37819,2022-12-08 08:17:00,b3406af8-c4a9-4d2d-9e30-e06f3da01c15,500,40,540
29627e6c-76cc-4e91-be94-27fa02e1755b,da5f74ed-37ae-4e24-a565-e28f636b84c1,2022-12-08 07:58:00,b3406af8-c4a9-4d2d-9e30-e06f3da01c15,500,40,540
218032c0-e89a-4be5-a30d-49b6acb53c10,6541cefd-735f-4fc9-836f-dbc22255ad85,2022-12-08 18:02:00,b3406af8-c4a9-4d2d-9e30-e06f3da01c15,600,48,648
3f2cc877-765a-4e15-9eb3-724c175e78ab,f2c43620-2285-47a4-9419-0fb60eb8d25a,2022-12-08 08:18:00,b3406af8-c4a9-4d2d-9e30-e06f3da01c15,600,48,648
a9353aec-a5f4-48fb-b9a9-c0601c6e09a2,3bd451ff-c133-4697-ac9d-1dfee63011f5,2022-12-08 09:39:00,b3406af8-c4a9-4d2d-9e30-e06f3da01c15,500,40,540
3c562d5e-46f3-486a-880e-ac1600cbf8c9,780dac38-0863-491a-b46d-bc3cd528c1e4,2022-12-08 08:43:00,b3406af8-c4a9-4d2d-9e30-e06f3da01c15,400,32,432
c51b3f26-574b-4da9-b585-4daf9fc108bf,2a2621d7-3929-4b01-ba9c-c91bc485bd78,2022-12-08 13:38:00,b3406af8-c4a9-4d2d-9e30-e06f3da01c15,700,56,756
50925e44-c8e7-4655-a9ce-338204663ea3,4c25cfbb-7971-47e1-be1f-7a5110941d8e,2022-12-08 14:59:00,b3406af8-c4a9-4d2d-9e30-e06f3da01c15,1500,120,1620
5c6219ac-e893-4851-af89-f0a5369f89e3,f0ef0634-7b1f-4088-9657-9ad991d04f64,2022-12-08 07:49:00,b3406af8-c4a9-4d2d-9e30-e06f3da01c15,500,40,540
4cba67d3-ba11-4b2b-8e4d-6e548b46aa12,b5b8ba14-c913-48ca-8f53-c0634b770bc5,2022-12-08 08:13:00,b3406af8-c4a9-4d2d-9e30-e06f3da01c15,400,32,432
d674676f-5b91-4098-9303-787f0a9b3c15,4c1b1465-1124-4da0-a845-304ff87d7b80,2022-12-08 13:43:00,b3406af8-c4a9-4d2d-9e30-e06f3da01c15,600,48,648
348b602b-0546-42f5-9d1f-62e5b9f7e057,df944cfd-9e28-4a8b-8d3d-71140900f498,2022-12-08 16:14:00,b3406af8-c4a9-4d2d-9e30-e06f3da01c15,0,0,0
61c43072-d613-4eca-a30a-e1279c2d25a3,75c09e8f-8645-4c9f-ac93-1699443c14cb,2022-12-08 08:33:00,b3406af8-c4a9-4d2d-9e30-e06f3da01c15,400,32,432
4748473c-8d92-4ccb-bf27-e4acdde633f8,a1e6e5bf-8ffb-4a1f-a18f-6e7377165ccc,2022-12-08 11:38:00,b3406af8-c4a9-4d2d-9e30-e06f3da01c15,600,48,648
523df75f-aefb-4466-a395-3546e487727b,dde07e03-7642-4680-83ea-1d2d9c20a749,2022-12-08 08:47:00,b3406af8-c4a9-4d2d-9e30-e06f3da01c15,600,48,648
80cd5b13-2697-4eaf-8f84-4943ab13476f,be28b3ee-678e-4706-8265-7912b58409ca,2022-12-08 14:55:00,b3406af8-c4a9-4d2d-9e30-e06f3da01c15,1800,144,1944
7f087ba8-b4de-4cd6-ad28-597d02835a31,a42a919b-7c2d-4e5a-b76f-048d8f425f48,2022-12-08 15:51:00,b3406af8-c4a9-4d2d-9e30-e06f3da01c15,700,56,756
10d156d3-929a-414e-9117-a8d7bac4efa4,60f6f9d2-5739-45d8-a478-3113ae487937,2022-12-08 08:44:00,b3406af8-c4a9-4d2d-9e30-e06f3da01c15,1400,112,1512
c356894c-b423-47fb-8adf-85bcf3ed9c0a,d0fb7f3a-f27f-4d4e-ba9b-df1d3fbc30eb,2022-12-08 13:25:00,b3406af8-c4a9-4d2d-9e30-e06f3da01c15,1700,136,1836
3c63cc8f-9400-4ca6-9017-0f548abef487,ce0a5720-9060-41a3-87ed-6c94ade8161b,2022-12-08 18:39:00,b3406af8-c4a9-4d2d-9e30-e06f3da01c15,500,40,540
63b2ea4b-33c3-4f44-9609-619f0ee7a5b5,0aa65868-ac92-4465-84a1-1e9a1f865c36,2022-12-08 15:19:00,b3406af8-c4a9-4d2d-9e30-e06f3da01c15,1800,144,1944
f1fefc37-702e-4072-8cf4-71d1eb3801cd,9fb4a20c-205f-4b24-9b1b-e9cf352df13c,2022-12-08 14:47:00,b3406af8-c4a9-4d2d-9e30-e06f3da01c15,1800,144,1944
67aaa161-07eb-4f60-9fc7-482e7f568748,e64930bf-9aea-452b-9770-6d9ab8e75b98,2022-12-08 14:04:00,b3406af8-c4a9-4d2d-9e30-e06f3da01c15,400,32,432
eca6dc46-ffb5-421d-8177-3eaebba37fbd,84366d77-ed78-4457-aabb-53ccd06f1776,2022-12-08 14:15:00,b3406af8-c4a9-4d2d-9e30-e06f3da01c15,600,48,648
128640f3-5a0f-424d-83da-d2051f15a4cc,89beb553-07d8-468a-afb8-475cddc32a77,2022-12-08 08:05:00,b3406af8-c4a9-4d2d-9e30-e06f3da01c15,600,48,648
500d7f75-a953-4afb-b227-6f6bd4b903b5,c506b71a-787f-4a35-87ed-45c7f1b1d01d,2022-12-08 16:49:00,b3406af8-c4a9-4d2d-9e30-e06f3da01c15,600,48,648
77278bdf-02df-498e-a846-eef8b1f70c13,6f62631e-1d5a-4f8f-8e63-0a0f41dbd8ee,2022-12-08 08:05:00,b3406af8-c4a9-4d2d-9e30-e06f3da01c15,500,40,540
2b3dfe9d-4353-406b-8b40-79b80ae8f2b0,e719b42e-3376-4371-b1b6-b4fdccad5115,2022-12-08 09:22:00,b3406af8-c4a9-4d2d-9e30-e06f3da01c15,4000,320,4320
3d8ab276-5e56-49f7-acce-1beca9affd66,ff5a232b-ee8b-4ca2-96b1-ef1650c72b1a,2022-12-08 07:50:00,b3406af8-c4a9-4d2d-9e30-e06f3da01c15,600,48,648
1dbef7f9-9082-42d5-b8a9-136186da1fcb,5f6dc068-c7a6-4b9f-8f6b-cc0a2c0f5920,2022-12-08 07:31:00,b3406af8-c4a9-4d2d-9e30-e06f3da01c15,700,56,756
a08be473-e6f5-4004-9133-df0a4efc8e97,9af44487-75a5-464e-9686-6f0f667729e7,2022-12-08 15:54:00,b3406af8-c4a9-4d2d-9e30-e06f3da01c15,1600,128,1728
3f544e29-533f-489f-9b71-8a5eaf217595,b1c24d63-af0f-4aba-93b3-c59a8e4101bf,2022-12-08 15:16:00,b3406af8-c4a9-4d2d-9e30-e06f3da01c15,1800,144,1944
fd522d84-42a4-4a2a-aa94-1fa07cb062aa,ce1f8a7f-7721-44d4-96d8-7d520acad1f1,2022-12-08 16:25:00,b3406af8-c4a9-4d2d-9e30-e06f3da01c15,600,48,648
6692259a-0c4a-4d8c-a864-74662706aea1,fa9e8c55-3724-43ef-bc87-cd18cf46c453,2022-12-08 08:14:00,b3406af8-c4a9-4d2d-9e30-e06f3da01c15,400,32,432
af2765e3-3474-4a15-83ec-247b677ba0e0,063e0a0b-9da6-413a-9759-065854e5f48f,2022-12-08 17:26:00,b3406af8-c4a9-4d2d-9e30-e06f3da01c15,600,48,648
ca2e38e6-fd85-442e-b379-411b538ec779,81d151e6-2213-44c8-b3f8-3c92ca5f9d6f,2022-12-08 17:02:00,b3406af8-c4a9-4d2d-9e30-e06f3da01c15,600,48,648
6ea7bce2-2288-4207-ab4c-a04f13398b15,9914ddf0-df99-410f-bac5-a8a753f033b9,2022-12-08 11:21:00,b3406af8-c4a9-4d2d-9e30-e06f3da01c15,500,40,540
d18a3401-17d1-4d44-84b1-76c1f761ed0d,2eef6761-a562-43e0-becd-e1ab245983ab,2022-12-08 13:50:00,b3406af8-c4a9-4d2d-9e30-e06f3da01c15,1600,128,1728
c4d9bbd6-1f8d-438d-a455-1bde604a0822,250a707f-0648-4114-aed3-fc271fbdae6e,2022-12-08 07:24:00,b3406af8-c4a9-4d2d-9e30-e06f3da01c15,600,48,648
e9b72fd1-8b95-4871-baba-0f6e284a65e3,b17947fc-f4f9-4d4d-82a7-a21c9ef29f08,2022-12-08 16:37:00,b3406af8-c4a9-4d2d-9e30-e06f3da01c15,2000,160,2160
12135135-a1dc-45ec-a380-77ca56451b21,0709c8a9-a54b-4f66-94c2-ba1671a61c01,2022-12-08 12:21:00,b3406af8-c4a9-4d2d-9e30-e06f3da01c15,2100,168,2268
