ID,ORDER_ID,SKU,QUANTITY,PRICE
0fd9d9b3-4165-4055-996a-02531e3a6a38,54546344-cde7-40f7-aa62-73cea62e980b,BEV-005,6,945.53
d56f6c86-45c7-4f7c-b902-705ab90bafda,16291d12-60fb-44cb-9710-0cc0360d59cc,BEV-004,10,835.46
e5e48d19-52c2-44bf-abae-88f20f35f6f3,56ea1153-4672-4924-ae15-daa104c33bae,BEV-004,7,282.41
27c22347-635e-4a82-852f-4c1202f25265,56ea1153-4672-4924-ae15-daa104c33bae,JAF-001,3,271.4
7a04d708-ae86-4a5e-bc1b-1a018352d285,56ea1153-4672-4924-ae15-daa104c33bae,JAF-002,3,277.14
b6b710ee-e331-45e3-83d5-ad0f0b7f5dff,6cab5585-5d5d-425e-a0e6-915316757ac2,BEV-005,6,538.04
52026d9b-8cc6-4a77-93fc-4ef7c10f4ee8,8b9bdcf5-c8e5-4aff-a38a-5fd6c49e6400,BEV-005,8,238.15
4b0d7200-6b58-4b76-b603-db0f1b8c21f0,8f4f5869-da4c-420c-a774-c7e6a821f322,BEV-001,7,749.08
af3ad899-cc6e-4dea-9328-9c3bc7cf6cf3,a3c3fc09-d0b8-40a6-a4ae-e59798a07115,BEV-002,4,532.18
9fec705a-700b-45ac-b83c-e2ecb41e922d,03e62d87-9509-47b5-a38a-2e4d84b0ea17,BEV-005,8,44.35
1c0b83c6-38d3-487d-8a41-e0eb86d1ce3a,03e62d87-9509-47b5-a38a-2e4d84b0ea17,BEV-002,2,976.96
a4f1bace-ca5e-48d5-9b17-52a8d5e6cdb5,95d89c08-93fa-44d6-b46e-c94b1660a3d8,BEV-001,7,996.83
9b102a7a-900f-4dfa-aca5-9db2b2558a1f,941c3f4e-619e-40d4-849f-9f426612c78e,BEV-004,1,444.04
762fcbb0-62e2-4880-b76e-c485e99ed838,5b12e252-f9ae-48b6-9390-9839ece5ca59,BEV-004,9,108.29
f688e69e-ddb0-4cab-9370-e747168352b5,085d0e07-a4b2-49d6-918f-5d51202273c5,BEV-002,9,312.29
91d2eb6d-d32a-489e-adee-12ffb887f4da,085d0e07-a4b2-49d6-918f-5d51202273c5,JAF-005,1,749.02
7667cd53-3280-4064-bde9-b6f00c8aaf14,fa68d3a9-8c92-4c9e-b298-ce960b5974ac,BEV-003,3,522.97
8b7e11d2-df40-49c9-b150-a51e06887fd0,bb5df52f-d84b-420e-a13a-7904954b8b67,BEV-002,10,273.61
655187e0-3e71-4fd2-9116-1d3a45fd8c21,638d1452-7f31-4d10-92dd-20d3ef681b14,BEV-002,8,775.54
cb8a386b-a52f-4757-9d5c-9bd783674600,a917485b-94e0-4510-86dc-c9779fa24d62,BEV-001,3,523.97
617b0a1a-5db4-4d7e-8032-a9a52f9bce3b,6b7da2b1-d243-4907-8171-9d6b7139845b,BEV-002,10,267.72
4bc82de3-877b-4aa5-9ede-e3f245790c80,b0bb0054-5cba-48ab-b6e5-ee443fed35c2,BEV-003,10,153.52
e3104687-6bcd-4ea7-b024-e32093ef4d71,a5095470-1200-493f-8bb8-d04abd65c6ce,BEV-004,4,334.31
2ed804bd-73a5-40db-b51e-9b248639cba6,78e74905-7ce2-4a05-b4e5-fef4e079bef2,BEV-005,6,584.32
3421de52-0ea2-4e89-9aec-77e265b75522,af0315f2-9cd2-485a-a63b-5932e5ea8e7c,BEV-005,4,420.51
fbd3bc8f-e729-41cb-89a6-c14cec57c6a1,e836f80f-b08d-433f-b5ab-1a723015fd84,BEV-002,10,445.87
01e3c4fe-6656-44ab-b36a-158c2791550e,22b1a615-d513-47e8-b714-2182a1320322,BEV-001,1,552.06
5c2d6985-9e3d-4fbc-9ee5-19601ba42d93,acd0b2f0-341a-447b-8eaf-eba7269754a0,BEV-002,7,831.55
9b632871-385d-4dc7-b160-790c8629e83f,59d29472-4c2f-4a10-a00c-e9b81c294b23,BEV-001,8,722.38
ce285f88-53a7-407f-8181-f095b9cce4da,488507da-a57c-4668-b2a8-ebc5b67a3fee,BEV-001,8,286.88
a33ae87c-4cfd-4c35-b56f-7541a05d80c0,23c36fd3-6604-4bb6-b54e-dbac8f824520,BEV-005,6,445.51
4dafb852-c89b-44fa-84b0-c31c24842901,23c36fd3-6604-4bb6-b54e-dbac8f824520,BEV-003,10,658.56
9fbda063-e959-4272-bf8c-ffec9aeb6276,22e15e54-64e1-4689-8b45-2b303dcc3009,BEV-003,2,719.27
2dc5025e-74ea-4aba-bd0e-b523242fcfcd,a50d2844-a5c3-4e85-8e8e-17cb4a58bcff,BEV-004,4,134.64
5145a9fd-4488-44b3-8077-2398dec2c7c8,a50d2844-a5c3-4e85-8e8e-17cb4a58bcff,BEV-002,1,879.86
fd54cff2-b704-420b-afd6-793d6d4ec975,a50d2844-a5c3-4e85-8e8e-17cb4a58bcff,JAF-001,7,306.57
03286889-7798-4aa4-bc87-0976ee5a8a73,adbc0f41-1b5f-4851-a15a-d422c86638cf,BEV-003,1,346.48
ee139e8b-8cdc-4815-a914-1d40d930486f,412d52b2-28cf-4767-871c-57d8bc42b748,BEV-003,3,23.64
c1a49460-df81-4dcf-8e4a-4765c1411e6d,412d52b2-28cf-4767-871c-57d8bc42b748,JAF-002,3,378.27
f50f507a-8ba8-493c-8d9f-1f416362f0c6,236f930b-0760-48b2-b8f8-d96de7917c87,BEV-002,9,805.42
e18e439a-c191-42ae-a9d2-509bbae4cb75,2e4e1f94-c0eb-4be0-bae0-851d1ca73cf7,BEV-005,7,382.84
d9cabd7d-eaa8-403f-a631-dca09a5c0a7b,504ec346-a394-4e42-afb1-2927f3ebdabb,BEV-001,5,987.05
1e38d23f-b9bd-4ee3-a3ad-51649641eb4d,bb2db2d0-2f7e-48a7-b671-2ca2abdd7309,BEV-004,6,950.32
a70b77df-6d89-4e0e-b274-1a742bc5ba7b,0cf11a01-1a88-4258-adc8-892314bffae3,BEV-002,8,219.16
dc7c94c2-9707-4fc4-8ac1-7c1fbecda4df,bd080a48-be3f-47da-b3c8-7099b8fd1760,BEV-004,7,308.59
07318acd-56e3-4619-826e-6da9f2294197,03488c19-e769-498f-a071-69b7beebca98,BEV-003,5,340.27
a9ff697b-5799-4758-ace8-42b2f2df0d36,03488c19-e769-498f-a071-69b7beebca98,BEV-001,1,924.32
beeb4687-c80d-4f23-88d3-1acf01cae0da,03488c19-e769-498f-a071-69b7beebca98,JAF-005,4,521.19
22cd3e0d-b4b5-40c6-870d-e8ae86d89414,66337328-fac1-4e98-ab7a-8c1e350a4d04,BEV-003,6,614.41
b3a7257a-2c9f-48f8-b0d2-3adc2128d838,42f1540e-8680-4955-8d5c-bf6392dc8ff2,BEV-003,5,182.26
55897910-7c00-494f-8827-62197503c294,42f1540e-8680-4955-8d5c-bf6392dc8ff2,BEV-002,1,671.52
1fc37078-c0cc-4c64-b793-2e2b8fde9aaf,d9c5dbb7-677c-4059-b48a-344a176e556c,BEV-001,7,670.56
435f9622-4662-4c51-96d1-556f8b5ba812,6481c123-05ab-4040-a779-c9db0709f4b0,BEV-004,5,835.96
ef552a78-214a-4010-accc-fa10a16b29f7,a08030c1-26a6-4465-8ff8-c689e9a43e6a,BEV-005,5,678.14
8a6a2913-ad5c-47ed-992c-44f2be38b4d4,a0d499f2-bacb-45c7-bf09-d8c4afccd138,BEV-002,6,941.23
35af20ce-09aa-4c78-88fb-ba833b03941b,6b563a19-f586-4dcb-8094-e3cdc5b999ff,BEV-002,1,659.89
14417cb0-cfe4-4764-af50-85580b64a6cb,6b563a19-f586-4dcb-8094-e3cdc5b999ff,JAF-003,5,311.01
475f24e0-2f60-4dba-a87d-e20072baa694,fc8e4837-666d-4988-9249-12655d47241c,BEV-005,2,292.57
4a66b500-6e19-4f3f-b90f-f87774c36659,543f037f-5cf7-48a6-ae9c-64da7b48c4bd,BEV-003,5,107.91
8095e911-5c2f-452f-a642-d87cc2355565,e81b1e05-8722-46ad-a243-d31bd866181a,BEV-004,10,304.94
2b77727a-6ae6-4db7-b1b4-4b2f69bf1d7c,93a8875d-4342-4417-83b3-463b9749c738,BEV-002,8,168.95
dc59f636-ffda-4a88-914d-773ee602ed48,a2cc7787-9bee-4d82-a2c8-9283c3fdaf45,BEV-003,6,729.16
14681852-9efe-48e4-8858-01092c0eeaf9,53c57427-e300-40aa-adc6-fdeb64ff7574,BEV-001,10,828.99
001d51af-6bb4-4b6c-a25c-f38a91307f83,d379d881-8c9f-4986-81b4-cc626f60e014,BEV-004,7,607.76
6041db76-8c5f-43f6-9549-9325cc3fdae8,d379d881-8c9f-4986-81b4-cc626f60e014,BEV-005,5,502.64
e52fc70e-5b02-452f-8b82-3f05b22b2532,e1cfd0c4-4969-48b6-9475-4e25b2192cbf,BEV-005,6,398.48
f01608b1-6c70-4a23-bd2d-b0f61bc6e31f,f38ac9c0-7e72-425e-aa75-ac218d94c868,BEV-005,4,417.81
4f40d14a-54ee-4855-972c-4b48e4b3f4a7,42b5e64b-cfad-4dd1-aad6-b2b148387629,BEV-005,5,966.56
0e60d1d8-d3d7-4d2c-b6e6-eb01e442f3ac,e9bb34e6-e2e8-46d5-bb08-23de4f83265e,BEV-002,1,222.95
b1bbe932-29e1-47c2-adba-96e10e406a01,e9bb34e6-e2e8-46d5-bb08-23de4f83265e,BEV-005,7,133.65
73eb36d3-8a07-40f3-9446-d07185a896c3,e9bb34e6-e2e8-46d5-bb08-23de4f83265e,JAF-002,5,627.61
f65a8d50-c2da-4f43-b482-da78fc33d396,e9bb34e6-e2e8-46d5-bb08-23de4f83265e,JAF-002,6,786.31
eee7e926-7f7c-41c4-9ca4-91a0ef3d9dca,87c9bab1-8100-4330-bf00-e2b5bb893ede,BEV-001,7,123.47
a472e14e-93e6-41a9-8ee8-50dab22f2a0b,34726d9c-c5c2-4120-a5cf-654bc1190571,BEV-004,2,941.9
58b22ba4-7b31-46ce-84bf-7d30c171c1f1,0c42e36e-6911-4ee0-904c-ed210a9e6fa7,BEV-004,10,222.51
dc0c7900-89c2-487b-b117-a2ccb5a818a2,5c6e1f28-89dd-4ad6-aaf5-402bbb254ba4,BEV-004,7,543.04
49e3a822-75df-47ae-abed-ee3c29b8766a,5c6e1f28-89dd-4ad6-aaf5-402bbb254ba4,BEV-002,2,86.18
946ede7c-dd94-419a-b4bf-11edd305c670,5c6e1f28-89dd-4ad6-aaf5-402bbb254ba4,JAF-002,10,13.01
39a1cc87-a1a9-4302-862f-a3d7f8ddf624,5c6e1f28-89dd-4ad6-aaf5-402bbb254ba4,JAF-005,10,377.16
3f87a3ea-308d-4f05-b022-3c24bb21aa65,9b2c378c-cc77-4ec7-9467-f6bc0c52c4a9,BEV-001,5,210.96
43a9c2c0-d6ca-49fb-835d-6bf75b5ddf2b,01ae338c-8c97-407f-86a9-bc3a6adaaab9,BEV-003,2,146.95
3d942b73-1fe2-4bdd-91ae-359c08db2165,85c2915a-f37f-4b25-920f-41b2d4c8d25b,BEV-005,8,691.73
0047f817-9c7d-4f28-83a3-45697fc74bc1,c6934243-d8f7-42d9-82f7-dba16f386771,BEV-003,7,242.69
19865ac8-4219-40fd-9cff-c686d0b3fc91,cb0cfae7-ac4e-4190-b001-16e38a241b6a,BEV-004,5,350.49
7d7c522a-6aa9-442e-b749-c9f9f8b11f78,00d9a056-a580-4c38-8afe-014756422e43,BEV-001,9,125.66
818e8327-2fc2-47b0-9754-2709871d808c,00d9a056-a580-4c38-8afe-014756422e43,BEV-004,1,439.0
928aca75-cc62-4575-83f0-36752b4b75ec,c46063b2-a54f-4ab8-a4f1-cd491043ffdc,BEV-005,3,967.23
e835dba9-e16c-43da-b198-c23d81bf0900,b880b43e-1675-41f6-acf8-aae90b4f5e6e,BEV-001,6,168.47
e64eb0a0-f931-43ca-b087-c4bf1c381640,27fc9fc1-faf1-49cb-94d7-d79e9cd90a04,BEV-004,1,692.54
e099fa58-6196-48b9-94b9-86499a1a5ed5,27fc9fc1-faf1-49cb-94d7-d79e9cd90a04,JAF-003,9,437.99
85487a4b-91a6-4ae6-b31f-09cf0f44b908,e0ac85b2-0783-4368-a3bf-c120fa29efa1,BEV-001,5,845.72
e81c8234-8da9-4bdb-9c4f-74214196cefa,f81a25bc-d377-4bb5-905b-28d9bdfeeb98,BEV-005,6,482.51
0d320e33-6144-4c89-865a-9fa79c66e077,f81a25bc-d377-4bb5-905b-28d9bdfeeb98,JAF-001,6,829.18
93d0a810-ee53-4bc1-9c9e-97ac7d01b035,91712cb6-98a8-4f6f-8fdb-ccc065e6862b,BEV-001,5,363.62
064dc12e-bc31-461c-b511-89c81ed760da,f6bc24a6-d8b3-482d-9839-b717f14630bc,BEV-001,6,59.81
9a4ebd07-dda7-448c-b6af-3b70ec66ddb0,3c7c5e30-4a85-40d2-b841-0b66296fcf0d,BEV-001,6,827.95
ecb4a6c6-15f8-4e6c-8eff-bd66daa041c3,6426ed42-7257-4e92-80c9-7c5e50309ffe,BEV-002,8,633.24
2a412d2a-2999-45a5-b757-52398587488a,82cee70b-3725-46ca-a4c3-6cb18dbbf9ce,BEV-003,10,776.77
3ff26def-628a-4449-b42c-b1779478f985,0a90c633-15fb-4e3d-bd7d-97f6ff387566,BEV-005,3,66.24
240a67cb-60fd-4c29-9cba-d391d031f301,2997b585-8597-4b5e-87da-be306f89b9a0,BEV-002,2,341.92
fa2440a8-9c67-425b-820f-28bd69092a2b,fb4be815-b66d-4264-b529-d42043517654,BEV-005,9,286.2
91105ca9-58aa-4925-b01e-3ab61bd617cb,4ad4bf21-748d-4cb2-aa06-8f22988d4c02,BEV-004,6,948.25
0894064a-5f1d-4b0d-a378-ab7345326208,d77fcbb4-b86c-4afe-912f-d60fde53ffbb,BEV-005,4,941.52
647fe61d-0b2d-480a-9a42-2b47e7577f1c,214f22ce-3d39-4297-86fa-ae7abc07ff0d,BEV-004,3,904.38
7d58c8c2-00a6-40f0-b8e5-272b27781594,7516c8f2-c639-492c-8675-56c2be977133,BEV-003,6,606.09
1fd1695e-083e-45d3-bea8-c15c91c42a0b,4d3de868-61a2-44e3-99fd-ecbf0b1d563b,BEV-001,2,823.7
19e08488-1a14-4f08-8af2-531cdb1a21c0,efdff700-5b93-48cf-b41a-3ec3f133d8c0,BEV-005,4,818.88
b92b2771-05cd-44fe-b31c-11f95ec8f04e,ad20a67f-b337-45b9-a20f-8a77b0e14bb1,BEV-002,8,35.11
2087ddce-7c5d-47c5-8d68-919e839d375b,aaa8bb8a-2c47-4b5d-8b8b-5477a9a733d4,BEV-005,1,575.52
1baec4b0-7e2b-4e62-b0e0-5dbbc2a290d9,b51145d7-4c03-486a-8bbc-f204b3b78727,BEV-002,5,951.19
99a13e24-1ee6-4517-a495-6ac6e07b671e,3b24879f-f017-430d-88f0-8ca3fcb34f0b,BEV-003,1,184.94
af6a93b8-1124-4f1e-b807-d39480c36903,209ef808-719b-4f14-9824-ba7e399f197a,BEV-002,10,388.59
e291da72-9758-4f53-9c4c-42a13e5d619e,346cae83-662c-4067-a783-81fada48ad89,BEV-001,9,677.44
fa5d5243-acf6-4f63-bbc8-856ff05d9e58,96807a8b-b3d6-4826-9542-ba4d91ad2745,BEV-003,7,924.87
80c8cc3d-cb17-4551-88f1-91a3c456f7ec,b0a0cfe4-7a1c-4a0a-b8f8-37d91b61f417,BEV-004,4,92.26
741fa3a6-16b3-4e6f-84cb-0ab72ec82541,b0a0cfe4-7a1c-4a0a-b8f8-37d91b61f417,JAF-001,2,869.41
c9378a4d-dbe3-429c-8a4a-25c2356c8eab,aa8106a0-5add-44bf-8256-7410805f383d,BEV-001,8,885.4
8661f784-abac-47f0-a1f9-18860e9e1642,aa8106a0-5add-44bf-8256-7410805f383d,BEV-002,9,71.13
353bd5a2-7f87-4250-a4d7-cf657ee29f78,37e20487-9426-4e94-ad07-eeb76fcaf5be,BEV-001,8,341.98
5ddfd039-03b1-4a07-9deb-3ba3a34c7053,f6f3850f-f37b-4936-b615-92cb35a591c6,BEV-004,6,26.64
d489db59-e37d-44db-99f3-fc228f4ce7bb,7a14c885-1ab7-40de-95e6-b30fe49abd74,BEV-001,10,589.34
bfc54b43-76a3-4b50-aafd-51674b8497c8,7a0b5728-66c5-4dcc-a7d8-9f2594a6202d,BEV-003,5,498.63
abac206a-898c-4aba-aa1d-66b9b47fccf4,66225f65-7c4c-49e1-8dd0-596c8447cb60,BEV-003,7,826.9
45b92ae8-0aa9-4222-a570-3d465a961a61,6373a786-d804-42b8-8727-c9ddbc469179,BEV-005,4,69.83
53557bc8-4444-41ae-b7fb-41d987c8586a,6373a786-d804-42b8-8727-c9ddbc469179,BEV-005,6,25.09
4de2bac5-27b0-496b-a780-09baa6a842dd,6373a786-d804-42b8-8727-c9ddbc469179,JAF-001,1,901.47
cd77a7a4-875d-4e5a-9338-ee0a2d7083b5,8ca50664-7dc6-4d97-bd78-7467b5e64312,BEV-003,6,802.64
ca8eb756-5159-42e1-ba2e-8be0a455bc73,157c6a1e-c37a-4f32-817f-a6b8be330c80,BEV-001,5,49.39
8f805331-32b7-4a3d-8b3e-c85ceb219872,fba0db20-6e5b-4143-aa10-10e232749763,BEV-005,4,536.41
2cd47175-a9cd-4d6c-a7e3-d4667a37b2f6,9fee261b-e378-4553-b399-76fd3e3c4b56,BEV-005,6,704.8
7a7382d3-4a8d-41ee-8c26-fcb99349be5f,c7946e7f-155c-465f-98de-6dbfcbba69d0,BEV-004,8,798.82
2a21b9a5-8f5c-4ef9-851d-b7a6e80bc5e1,fd853a42-2844-4626-9846-9ad93a387808,BEV-003,8,690.5
5988faa6-c54e-4500-8d67-9f1b3b3abb0a,c6877ff9-2926-4578-8620-f8f897fa9580,BEV-001,3,139.42
ffc6a496-efb1-4cde-abe3-5c71b2d23a9e,c6877ff9-2926-4578-8620-f8f897fa9580,JAF-003,6,559.98
dcb85242-5acf-44a4-a297-e34b14b6e48d,0f9446a2-7dc8-4dc7-b0b6-0d92414700f6,BEV-002,5,366.61
d9cc513c-06b4-46f6-865f-21ec87b9a81a,4bd13f8b-451a-4c0b-ba25-99da9d66919a,BEV-005,6,307.42
bed7a933-2209-4846-95c1-54c6ce4f0161,0e691b1c-dfc6-4a55-bf30-288e14518e03,BEV-004,4,123.81
ad3e0bbf-be29-4303-a141-eac70b523e4a,ebfdad94-252b-4de5-9992-f9ab5d6caac7,BEV-005,8,167.0
a7255e33-06fb-4459-aa5f-c11cbc27e88c,d40fca38-888f-4abd-bd1c-7af683911b16,BEV-001,2,195.56
d9ba81c5-3385-4f5d-be3a-1d0d3035c126,d40fca38-888f-4abd-bd1c-7af683911b16,JAF-004,5,419.47
c3d74857-a46d-4d97-9120-79f748459124,c16b84cc-e146-4043-bf74-266331efe1f8,BEV-002,1,677.11
d6d77721-eb64-40f4-a044-b8d1c43474c8,370597ca-018f-4853-aa3f-522befbfa6d6,BEV-004,10,235.77
224295c1-e76a-44dd-937d-322f6e5722bb,42e5b5b2-71e9-48e7-9547-4dbb52b2d13d,BEV-001,4,937.82
0b9360e2-582e-4a30-b847-302b62b1640a,136e1dc6-0d29-42ef-9eae-2384b5079b76,BEV-001,7,18.75
f224beb9-2818-4eed-a014-66615267e4b3,717da8cb-04ca-49b3-a025-6581f820c923,BEV-004,10,694.58
f577711d-96aa-44c0-831b-d2c5241d57c9,aee614ee-7e84-4a51-9c44-2a757fcb2ed5,JAF-002,6,932.08
c2e1a5ad-a7b4-4045-8f35-e64d1f7734d1,aee614ee-7e84-4a51-9c44-2a757fcb2ed5,JAF-001,2,76.96
013aff58-9e24-4173-b32c-131ed5d54f94,5bd84ad1-dede-422a-9902-4cc6f64138f7,BEV-001,8,580.28
4932d098-6062-4148-82a7-1adaff1e1632,5bd84ad1-dede-422a-9902-4cc6f64138f7,BEV-001,3,933.72
61f8c0a0-6331-4654-a8ff-d074f1ce6b69,8a77546b-bb19-44aa-af98-9fb77477fd99,BEV-001,7,140.3
e9686049-bf5a-48a8-a0c0-ecabb74d6934,5b98bf00-1e6a-450a-b663-e4c7456238f5,BEV-004,2,423.44
17c4bdbb-1aa4-47c5-a962-c34b462c8a4f,144a7de3-14ff-4706-8b18-a36d90bbc5e0,BEV-003,10,693.96
022897e9-5dc3-4b0b-8c69-31a02ac33e87,03f84626-2344-4509-99a5-48e581ce7ffc,BEV-004,8,366.64
29f71e3e-ef85-4261-8d27-ed533fa47adb,8450d242-371c-4485-99d5-bc65f7c1dde6,BEV-003,4,283.34
a39d4c62-4520-43bc-9a56-302596bae697,8c21e76b-ae2a-4a82-90ce-75ca0a69d032,BEV-003,10,869.1
b570d087-8ac6-4790-8a37-1467b044fd9a,19dedd11-ace9-4587-9944-a88e0b1a0f64,BEV-003,10,113.65
1de1b47a-5dbe-4a16-accf-41d07d29f079,8833b82e-1e51-4631-b24c-e4e2ea2a7883,BEV-004,8,656.46
f3331d4d-9d0a-443c-8ec8-425f60c75557,9a75f2be-a906-459e-8670-748473b8874a,BEV-001,3,42.16
3ab44e2a-e38a-4e8d-b2ee-0ca64edc1250,bfe74503-90a5-4b6a-baa8-188c3faf1927,BEV-003,2,743.31
9faeb38c-e880-41b6-87ec-df391466b935,e7efa7c2-3849-43d9-8339-5d2836db7c06,BEV-001,1,649.55
fc2d641e-d2cd-4c2c-8138-98b1c3dc87e0,ebea7081-5452-4c13-af15-ae77affee5fd,BEV-002,5,688.83
9ab732cc-63e3-4686-b404-dcfa3f26bf7b,2bdb5cc9-db2a-4588-95ae-ff35672e84a0,BEV-004,6,320.56
e4c91715-dc0b-427b-848d-33ca9f236259,eab5980e-5bf7-4124-b835-058d19b2ac54,BEV-003,10,112.19
b03ff38f-0377-48dc-9ffb-5bfc885df5f6,eab5980e-5bf7-4124-b835-058d19b2ac54,BEV-003,1,594.52
ffe7f9ca-1c68-4aaf-a653-8d9210ceb08e,6d43c941-aed6-4edf-8389-9f6b840edeee,BEV-001,3,319.28
b3690bca-f5ae-487a-a409-81a92eec4820,ed4ab981-ee84-4473-ba75-b28321a787f2,BEV-005,6,662.37
c478b6eb-8aa0-4aef-b4b3-5993dcaa2257,def3b073-1ac6-4dcc-aff8-a886e754946a,BEV-003,10,588.48
684c425e-af32-4373-b768-a59adb96aced,960994f2-4069-4a62-a961-7e3905b39c83,BEV-001,3,246.88
bae2d50b-438c-4fb7-a0c6-54457cf68025,ca46068e-5472-4acb-96d0-b4829215a2e2,BEV-005,5,141.64
288f9610-1aa4-4f33-9c36-101a42b5f25c,af1659f3-bd17-4cf9-98f5-750fb5793fb5,BEV-001,7,256.51
b0f21b00-a017-4460-984c-212d86d48c68,6c05925f-da09-408b-bcd9-1c41228346a2,BEV-005,7,519.77
576016f4-676b-4b0a-b6f7-6619f548ba9a,6c05925f-da09-408b-bcd9-1c41228346a2,JAF-002,1,550.77
22bebf86-3226-4872-a343-4f2c874cc094,466c6d21-748f-4840-ba01-b08357c2922a,BEV-002,5,996.36
3638d90c-9fae-4eb3-8d8f-4791c589c385,a0c12e89-e755-4468-919d-472d2190bca6,BEV-001,3,355.16
528fb0cd-c542-4166-80bc-d2969aa134d6,59f8825a-76a2-48e3-87eb-a65cd543d71c,BEV-004,7,132.62
7f427989-f60d-4084-ac40-a35a83d620f1,cdf681c4-0504-481a-a719-dfb4cfbe1d49,BEV-005,6,680.19
769ef392-c752-438a-a6c7-a0ad46f95b9e,4526d76d-a842-4fb7-8717-c52b313bd343,BEV-003,3,669.62
fa68b61d-0c37-42b0-903b-1b2b99ac1bc6,24458e56-e0c1-4c9b-a6c2-d34dcdb8f729,BEV-001,3,325.74
3bc5a70b-4e07-4ee7-82e5-30c07f6de42c,d20b185c-15ac-463a-84f2-690e96427298,BEV-004,8,223.68
fdec14b2-132d-4938-9220-711ade5dc43d,770a2cef-40e4-4c15-a94b-167999060f1f,BEV-003,2,741.02
c7c3b630-a45d-49ef-89af-91858f07ada0,c4f68540-e688-47b6-99c1-fd28d77a3ab2,BEV-001,1,832.61
f65c9875-5e10-4a60-a8e7-8e20eaea513c,92c4a1b6-ae62-420a-aa3b-4bc874243a4f,BEV-002,6,713.13
7db83345-af83-437e-a1b1-58c29152e64e,92c4a1b6-ae62-420a-aa3b-4bc874243a4f,JAF-001,9,879.93
1fe0df04-03e0-4776-8f54-df62326664b2,682098a4-8274-4c63-af0e-5c13102916a2,BEV-003,5,85.83
1b27ba80-142b-4a42-8305-8792b8dd8474,74a12680-7478-4fdf-be69-2c1063d313d4,BEV-004,10,418.92
a9f56111-768e-44ab-8d4b-f214793977ba,7c57520a-2541-42cc-a2e9-87e03d4a05ae,BEV-003,2,533.67
3c5a890d-3e28-4f1d-ba45-6c44d417803c,4cd76fdb-4e52-4939-9ffd-9f756481a119,BEV-004,6,791.66
c2d7c16e-1491-4645-a8f8-2f5cd606e6e6,4cd76fdb-4e52-4939-9ffd-9f756481a119,JAF-004,6,461.54
c851c9c6-c280-4b9c-89d0-324c0f667519,85da8bb7-4a57-4831-80e2-f0741f859799,BEV-002,8,27.06
5a1e15ea-e247-459a-ac95-89d10c191c5d,ab641edd-0ac8-4f4e-9fa5-7e349b23da04,BEV-003,7,497.04
208dea86-ab9e-4f6c-a956-a38257db68e5,ab641edd-0ac8-4f4e-9fa5-7e349b23da04,BEV-001,1,232.46
4629de14-0cb4-4378-a829-a6aa53905ad3,ab641edd-0ac8-4f4e-9fa5-7e349b23da04,BEV-005,3,511.46
17da9f5f-ee28-4537-977e-394a7fad0236,cf9e437d-2fed-42cb-8d77-c90b625af2ae,BEV-005,7,837.84
b9cb6b82-280d-4a9f-9157-f55ed999b2f1,cf9e437d-2fed-42cb-8d77-c90b625af2ae,BEV-001,2,915.26
f5d8d491-6ed6-4ba0-bd7f-e0b6ec15641d,73ffaa51-a838-4bca-8037-2eb7e5be22f5,BEV-003,10,656.99
1cabb7cd-4da9-44ab-879d-93e7fd1818db,614e367e-9b6e-4091-8c06-486fc32d0e57,BEV-002,1,958.22
920d312d-7edc-4b04-a8c4-35112101de44,20dbbc0a-9396-4c20-b782-f720ab7fd2cb,BEV-004,2,862.83
56a4cf02-a136-424e-89c4-200e6d385b34,96c94c42-48e4-4e39-8954-86e1f4705a19,BEV-004,8,916.1
581a1126-440b-4e52-9ac2-18cf1831bbc4,96c94c42-48e4-4e39-8954-86e1f4705a19,BEV-003,10,837.07
6f1beffd-7fe4-4a13-887e-3bbe18de6af9,b668c9c8-1e75-46b3-8e8a-66a6e08e2914,BEV-004,5,962.22
484a359b-4045-4b12-9194-54d57d43ea01,35fa7ecc-bf66-4b79-8ca1-764ff3954dcf,BEV-005,7,21.06
56c1d713-96cd-449b-ab30-fc5b178da0d8,9d913fda-74af-47d2-bdc8-180c8e22312d,BEV-005,7,934.04
f50e2366-839e-4fe3-b614-d87aa012e58b,f82e9477-a002-4f73-9c36-e892ebe83b04,BEV-004,5,461.76
537f664a-40f9-407a-889d-5fbbd9dbde1a,229cad51-3138-40fb-86c7-59fb462595d8,BEV-003,8,259.67
52cc3812-e47e-4554-88f8-9f230a2d90da,cf80b99f-b1b7-4089-98b3-936c3dea841e,BEV-001,5,208.84
b3948764-36dc-4e17-a019-52ffc09acc7d,5c8e398f-dd63-4c8d-be31-8acc1b89a2cf,BEV-005,10,640.33
1452a1be-e225-4243-93b5-062696a823c1,6c3dfcf3-9e4a-4316-ba1c-f9bade03b834,BEV-005,2,503.99
14213197-93a0-4e72-8233-f14a68925178,6c3dfcf3-9e4a-4316-ba1c-f9bade03b834,BEV-003,3,373.35
2c26970b-22b4-4319-87a0-63cbcb7f8883,a271c194-a58a-4734-ad5e-1cb03cfffa36,BEV-001,4,305.41
e42b93f6-cc87-471a-8533-321939744194,f79a1d76-c1d7-4cef-ae8e-782dc1eab95b,BEV-004,8,922.68
22b36602-64b8-4a05-a1b0-79550acc1cdb,f79a1d76-c1d7-4cef-ae8e-782dc1eab95b,BEV-005,3,894.42
40e576aa-c530-4049-855e-29b7b3a48943,f79a1d76-c1d7-4cef-ae8e-782dc1eab95b,JAF-003,2,630.08
f8a3f6b8-1dc4-4fa5-806b-f81c06fa18d4,9d1848e4-540e-408b-9851-dde2c0ab1eb4,BEV-003,8,332.26
f4cd4714-b258-4fd1-bd7c-960886f58c21,298a2038-51c6-478c-b86b-db3ae3d3cc24,BEV-004,9,595.16
7c4067cd-79d0-48d2-9238-cf801d32a2a1,a2b35421-9b40-40ee-9e2d-e1ae31be62cb,BEV-005,5,849.18
591ce22c-a226-4754-8597-5f28fee3d116,4fc7032c-1a3f-4614-90d5-16d3488ea2c5,BEV-001,3,523.12
6e9a9e5b-2282-4b6c-b796-23bd21c18eb6,fdea3cfc-6c25-4906-b7a4-e4580b90caa1,BEV-002,8,601.23
6f43d825-ad78-4ff8-bc7a-698472dc3f87,6bedb046-985b-4739-b5aa-67f107c8cb37,BEV-004,5,991.55
51cc280e-78a0-4b0f-a44f-9c3930ca5337,ae6a2d16-f4cf-465d-992d-d3bed234d0a0,BEV-005,5,164.19
e30d69d3-7918-4f5b-8257-b60817e6a51c,ae6a2d16-f4cf-465d-992d-d3bed234d0a0,JAF-003,3,578.43
2c9b8833-5a47-4b23-b911-3798bd8a5164,a7e5be2b-81ba-44fe-8316-b3255d608c9c,BEV-005,1,620.91
bbda9e08-9ae4-458c-ac55-b16d72c14d3f,a7e5be2b-81ba-44fe-8316-b3255d608c9c,BEV-005,6,152.24
40ccf5ee-3db5-48ef-9711-0011275b5b22,a7e5be2b-81ba-44fe-8316-b3255d608c9c,JAF-002,5,251.88
e3f44edb-4634-43f1-b3b9-31b4951d4113,94bb7ab8-8ea8-41c7-a7e0-313f7eac0a8c,BEV-003,8,306.11
24208e0d-1a16-4201-9369-0f9836ed6d2f,995f32d9-52b5-4ee9-8f97-59b938f687dc,BEV-004,2,510.34
f54a23c3-e9ca-4646-b60e-7db237e9076f,8b46292a-0d53-41cf-92b8-ecd1db04b2b8,BEV-005,8,632.07
d309d94d-cf99-4b8b-9450-c2c4304de80e,0651a1fa-7cb4-4c4e-81cd-72321f50d713,BEV-002,5,416.65
0cd7fbf9-dd21-49d8-aa48-cd413db9d559,5229ba21-e0f7-4e42-b292-7d0675ce6baa,BEV-001,9,79.38
dd6cb39f-0983-4727-9b73-b25f3d081ff6,b4f25205-93a5-4197-855f-9ad0140cc76c,BEV-005,8,417.46
1897c671-e702-4229-976d-37033d7961af,b4f25205-93a5-4197-855f-9ad0140cc76c,JAF-003,6,234.1
5f99eb85-66a5-433d-a2eb-042eb8674ba3,3f19e174-de2c-4ecf-8607-43309070012c,BEV-002,7,191.89
0512778a-0e16-4424-b964-2883f3bcfcca,a2e3fc53-0893-40c8-83b6-a94c189cf267,BEV-001,2,573.75
1a6273e1-ca6f-4610-88f0-709ace5ddbf4,a2e3fc53-0893-40c8-83b6-a94c189cf267,BEV-001,7,145.66
ff43f450-04d5-4c79-866d-fc4d35bfdd3f,d10016f2-81c1-4d53-83ae-544beb6fd86b,BEV-002,1,677.8
0c000ea7-e985-4bc6-91ca-f6a5bf9455dc,d10016f2-81c1-4d53-83ae-544beb6fd86b,BEV-005,8,492.86
7fad37db-d229-4074-b728-832c77dd1450,54c56328-218a-4334-b827-a5f6d06c4ed5,BEV-004,7,871.17
55db6c34-5cd3-4eb2-ab02-eac1b03cf78d,afd31095-f310-49f5-b599-f45eaf05ebd9,BEV-005,4,689.37
05bfad19-0e62-4dd5-a6fa-833c37c0ffba,2b38259d-f5cc-4bb0-bf0d-ec926b8a1829,BEV-001,1,107.98
a8f4c552-1ce6-4b03-bae5-22a783fb5f78,8552f34b-0789-4dd8-952f-eba3cabbd2cc,BEV-003,4,362.11
578510ae-a801-4c7f-a2b0-2b5bce9b86df,8693ae6f-fa16-401f-87a0-98764d3262be,JAF-003,6,84.04
d36dfa5e-5265-422f-b305-1b824fa0e607,8693ae6f-fa16-401f-87a0-98764d3262be,JAF-004,7,242.09
e7d2c5fb-c48e-4711-bdcc-a6d2a4b4e89b,9ab5fb15-542a-4071-95a6-e0b3a0c8c8d8,BEV-004,10,645.54
616dff1f-0fe8-477e-8dd4-b7c88eba1d84,05c2bfa3-aae5-4db4-8d30-42a7207a9026,BEV-003,1,248.24
5d14c595-8cfe-4cb2-a47c-76152fdc9d80,05c2bfa3-aae5-4db4-8d30-42a7207a9026,BEV-001,6,428.77
fb5b7b06-6e4c-4c2b-b297-e372f66eea01,05c2bfa3-aae5-4db4-8d30-42a7207a9026,JAF-003,7,417.75
7a365a0a-85ae-40a7-a168-e92eabc6164f,24a33eb6-c97d-4f0f-9414-998f8eb7a4e8,BEV-002,1,995.3
7574a758-edcd-46cf-b450-3a02f77c66fe,b9cd569f-5499-4eb3-9aa1-021b15ab988d,BEV-001,2,625.98
d1236aed-ec08-4057-934b-80be90ac0d69,a8814815-bf3e-4d99-99bc-188ccead336a,BEV-004,10,106.86
312f4e40-1a31-4fb0-bd6c-5c6165c21a3e,9b90331a-b68c-49cc-a217-5717541d4f61,BEV-004,3,954.11
4b34f4c9-1665-478d-a321-96a3ad778d2f,9b90331a-b68c-49cc-a217-5717541d4f61,JAF-002,1,86.87
71e9088e-3b3e-452c-8c04-b986b5e54502,3de84661-d86a-41cf-9612-cfbdf28086d2,BEV-002,9,602.39
57dea706-694d-4dc1-9cfe-1c1e821368b5,3de84661-d86a-41cf-9612-cfbdf28086d2,JAF-004,5,415.24
910bb09e-5b51-478e-a667-697b75ca7d0f,3de84661-d86a-41cf-9612-cfbdf28086d2,JAF-002,4,727.27
ed1957d7-9fc6-4578-ad29-215f44e27b39,5e2d9e27-4031-4fc2-8470-b0904730836d,BEV-002,4,146.26
c8080f7c-7508-4f29-b508-be427d20d270,5e2d9e27-4031-4fc2-8470-b0904730836d,JAF-002,5,909.2
ad4b3f6e-4140-4abe-b777-1609be0ba72c,99ed49be-ad17-493c-bd8f-0a43f8e31978,BEV-003,5,73.62
fa53800d-fc2c-482d-a454-b498865bbb1c,00ff2f71-814a-4a83-bf6e-a7e85495c9d3,BEV-002,2,737.28
4bd6a731-6c86-409c-a6d8-2cc338c49c65,00ff2f71-814a-4a83-bf6e-a7e85495c9d3,JAF-001,5,724.73
d4a728c7-331c-4038-938f-abc08409900d,4387eb68-7f87-4109-adf9-d2bd4f014965,BEV-004,2,758.58
df02d545-4347-422f-a096-b088e953e6eb,038f1024-f304-41d6-9204-74012fa2d6d2,BEV-003,10,571.59
83d9ae88-b573-4b7d-905e-ca5a989fb89e,038f1024-f304-41d6-9204-74012fa2d6d2,JAF-005,1,769.3
08cf3738-3355-4873-8fa6-c39a4a0c14d2,9d07710b-033a-443b-8804-80a354023b03,BEV-005,7,457.32
de934b6a-0e02-487b-8dad-8a58065a75c2,ab3194d5-0337-4bcb-b1a2-795270a62b0d,BEV-005,3,654.3
c4891b63-beda-4051-8057-76a3ccdaad01,97810bd8-92e1-4042-b771-0260a629ea95,BEV-005,3,593.32
257b3a76-9231-478d-9879-c17ee95d7449,5ef59c77-f82d-4879-8b30-e9246c112270,BEV-001,4,406.36
8c5ef391-2418-4379-8911-3b0254f75949,5ef59c77-f82d-4879-8b30-e9246c112270,JAF-001,5,239.85
43470274-50b1-478a-b275-7060159f30c1,03bb7d48-55a8-48cc-a381-394b412ef7bd,BEV-002,3,679.22
93d48233-fee8-4716-9e83-00d438d51791,87e57c89-22e0-4d21-bb92-c880a0f1f765,BEV-004,1,608.62
b100b434-1ceb-490d-89c4-e254e1a90a8d,87e57c89-22e0-4d21-bb92-c880a0f1f765,JAF-005,8,383.88
01277b83-c113-4148-80f0-14c8cdee5206,e144f835-facf-4612-9112-a1c62d504094,BEV-001,4,388.04
46eb8b04-2304-4d00-b22e-0ee2676cd7f0,e144f835-facf-4612-9112-a1c62d504094,BEV-005,7,523.08
713d5c5e-38a3-444c-9d1e-87a94156215b,82516bad-859e-4741-9616-f6db75c4bfb6,BEV-001,3,588.36
4e2581a5-aaca-476b-9a41-b9758d6d8410,a892b68d-d955-4c35-8348-55bee9080067,BEV-003,10,207.87
e2077abf-9891-423f-97e8-85982718adde,a892b68d-d955-4c35-8348-55bee9080067,BEV-003,10,841.33
c4275aa2-7ecb-443a-a35d-b7be8ffd38be,a892b68d-d955-4c35-8348-55bee9080067,JAF-005,9,914.26
0f9a8359-2da2-41e8-b733-0233e5cc0615,0bd78b18-832f-4292-81e1-bb48d65e8bb7,BEV-003,9,768.53
e9ece386-e16c-4f22-852c-a45d0e28c9f9,337120bc-8053-489b-9798-dcda4963c2ad,BEV-001,4,863.63
4fe63523-a02c-4911-ac67-c33ab3906916,c44414e5-52b3-48d3-bc24-ea0723e894ca,BEV-002,6,739.97
38757651-94de-463d-a744-b3d784c6bd58,2eebc11f-75cb-4224-bbd0-37e47416c6c8,BEV-005,2,384.97
b1711747-263a-4d8a-af2d-98b0471e2aee,536e100f-cea9-4ec9-82d5-a25c02120723,BEV-004,2,989.17
96f07db8-cc0d-46ba-99df-7507895a21d0,536e100f-cea9-4ec9-82d5-a25c02120723,BEV-005,2,883.59
3c94b5ca-095e-4e9a-b9a3-d4a0e283fbf7,536e100f-cea9-4ec9-82d5-a25c02120723,JAF-001,7,824.12
c7c88ed1-03ea-4f27-b873-886d9e3e27db,536e100f-cea9-4ec9-82d5-a25c02120723,JAF-005,5,470.8
ffc6d73e-bd46-4a8d-bf2f-c4a714c510a5,536e100f-cea9-4ec9-82d5-a25c02120723,JAF-002,9,17.6
d6518171-3abb-4c35-9c42-2f4842d0d941,f59bf005-4cff-47aa-abfc-9c3d485b61c0,BEV-004,5,647.0
e6daa431-1773-4259-87ca-ac30ea949ad8,e7bb41e1-2807-4d93-bdeb-b31836af1d23,BEV-005,3,337.09
859b9c20-1635-43e5-8166-34f42fdeda5f,71c59e70-242b-43fe-bf9a-1bf1cae258ec,BEV-003,3,120.87
3461c33a-d087-4c77-8095-3e39ebf909a1,5dc75baf-55f6-495f-886e-5658a0a77872,BEV-001,8,328.35
aa9de08b-9525-4a10-ac4a-e5ee76c392aa,a38ad935-1538-48f9-a01a-379ced89ec36,BEV-004,3,516.24
679700b4-71d7-4fc2-a2e0-b39f7e7af6d1,a38ad935-1538-48f9-a01a-379ced89ec36,JAF-004,8,615.3
2c66acc5-bf5a-4f05-8e04-26c28cfea696,20e4cf13-35de-4941-83ee-a0bb74abbf21,BEV-005,7,977.59
c6977525-1ea7-4039-8639-5ce6e12112d0,a5f40389-b660-41ae-b832-74f4c958a38b,BEV-003,3,259.34
ad611970-5e5d-4a1a-8c35-bf2dae0bf4ac,6cc955f4-6682-4f72-bd24-2883b0c255da,BEV-004,3,667.88
65478d4f-fead-4f6a-bd6a-d9664cb9ac3d,fae5ca6f-8916-4fd7-a400-7be36f8e06b8,BEV-005,10,773.09
38e9ed3a-e27c-449c-bdcf-ac187b4d917c,6c78ade3-b9ea-4fc6-a6f3-0bca3e5163b2,BEV-002,2,17.09
4a1c22cf-5394-49a9-9690-e00ea956c864,d622f92e-5832-47bc-88fa-0b868dcfce91,BEV-004,6,693.86
c75a244b-a8a8-4614-a9cd-ec0ecbe6ff79,31c201da-4629-4599-ac98-4b315c0334f5,BEV-005,1,359.61
e104b4c9-ffc2-4a41-ac43-bb209e8f2f29,ee469ac2-b6bc-49a5-b65f-b1d80dca86da,BEV-005,8,388.56
d635d145-e491-4517-bac3-96b021d9a14f,ee469ac2-b6bc-49a5-b65f-b1d80dca86da,BEV-002,3,530.89
37ba57c2-50e0-4128-a35a-2e9dbb29567d,ee469ac2-b6bc-49a5-b65f-b1d80dca86da,JAF-004,5,416.68
e5fc5baf-2af5-4e66-9ad2-3e38e77f63ff,952a3498-25ec-456d-a9ff-6b8cac7b1c6f,BEV-004,4,391.17
64ddd3ba-d985-42ff-80fb-ad05e89e1af9,724c8fa2-4e26-4475-a7ef-cdc81f60f6f1,JAF-001,5,499.22
8e701155-b255-44f7-83e2-54d3cd21f562,5fd7e566-c35e-4979-b733-09b22aa6d68d,BEV-005,10,54.74
2590686e-38d4-49ef-8ab0-79ad0cba2b40,5fd7e566-c35e-4979-b733-09b22aa6d68d,BEV-003,3,173.24
09503f72-840a-4bd6-b98d-c34dc1b829ec,e4d559ef-2666-49bf-804a-ab86273a5d7d,BEV-003,10,51.92
e710dacc-57c7-437c-ad47-51f4d0e7ba54,6291f11f-5b47-4d96-8e3a-e12cd3485fb5,BEV-002,3,32.77
6a700432-d548-4edd-a69b-8421e3313b3c,c4906318-7f79-43c5-8d21-3b18e2d05daa,BEV-001,7,847.75
f6ac1e89-c365-4e67-bbf5-33002cafc0c6,51a8454e-c0b8-4c2c-82fc-cca12d37012e,BEV-005,9,216.3
cd083dbe-279a-4cb7-8399-3c586b32aa80,83571f0c-b317-4e0e-9c38-93fa36c5b1f1,BEV-002,8,312.45
b95182e3-2e4d-4ab4-87d3-b83829836133,402d879e-7204-4f4f-93ef-15a703178d96,BEV-003,3,945.06
387fa372-03f0-4993-b5a0-5b55b3fd6ee6,402d879e-7204-4f4f-93ef-15a703178d96,BEV-003,9,967.16
e724c34a-0f2b-45a8-bf0c-ef62a531b2a3,d80b4d0b-fcac-4429-b4a8-af3d2198b8d1,BEV-003,6,562.62
7e7f62eb-d95e-4f04-a66a-333d62027b06,d80b4d0b-fcac-4429-b4a8-af3d2198b8d1,JAF-002,6,517.54
7fb33050-f31a-40ba-8f94-18437a2a443a,a0a7ddfd-6bd8-4cb3-92b4-b78f2acfa5a6,BEV-004,7,74.13
aaac9abe-6002-43e4-97eb-3f62e7a5fe4f,a0a7ddfd-6bd8-4cb3-92b4-b78f2acfa5a6,BEV-001,6,897.83
472a4d4a-9769-45e4-9194-6738e07ac612,a0a7ddfd-6bd8-4cb3-92b4-b78f2acfa5a6,JAF-002,1,155.61
9f822af1-11cb-46ab-ab47-c59e9fb6dfa7,a0a7ddfd-6bd8-4cb3-92b4-b78f2acfa5a6,JAF-002,6,589.56
e15dd40c-121a-493a-ae90-a9ad8c9f2ed8,1999a5fc-6f27-4b50-aca7-9c7b59f39a1b,BEV-004,8,789.17
98d7ca92-081f-4e5f-8725-5ce8308c28ec,d04fa85d-666e-473a-ab14-cbe372202a0d,BEV-004,9,205.16
4c3df6e7-5692-4323-8944-6e4363c313e8,e9ab675d-bff9-4744-8436-087ef40aebbd,BEV-001,5,234.2
01e5f2f7-10e7-47d4-826d-1524fcd78ea0,aa792aec-fbd9-4ce4-9185-915090f3783b,BEV-001,7,593.85
960785a9-27e9-47e6-978f-77cef97a7e8a,1e968ed1-16ab-4c5e-9ecd-16cf87d78878,BEV-004,9,907.19
e70d048d-b9eb-4af6-a18b-b097cb4bab23,6522ee33-a295-4275-bc99-8dc8c2e15a74,BEV-002,3,647.33
fef80ba6-a58d-4d43-b5d7-69920e61212e,09908150-0fe3-41c6-b89e-91545a6b6c57,BEV-001,8,62.31
8ff8bf44-fbbe-42bd-a8c0-bc7250425147,5233aa65-c65f-417b-bd0f-f99b739fa411,BEV-004,7,252.8
f822ffdf-74cf-46e6-a630-ef4b7de6ba1f,72301caa-913e-4e24-8bb6-53f9abcdd2a7,BEV-001,2,745.97
ad386b91-e7ee-4da3-87e1-9b2af6432888,610b0599-c334-43a1-ab29-334fb8fdf23b,BEV-005,6,153.77
63181dd4-9b7e-4d87-a34b-90a553df135d,1d41d78a-7fb3-46ec-9c70-c69f29442558,BEV-001,7,58.27
6e068a66-ed07-4d0e-9b1b-e1dba4ecdc11,5b4f791c-55b7-4251-af82-9c3c99c93a06,BEV-004,3,746.68
ff44b89e-1b0b-41df-9108-f46a5ea00658,42b0078a-961a-48a4-b0af-421bf3b1a506,BEV-001,5,143.75
26670a7e-8eaa-4cfa-9e11-ad769bdb8780,b1896bfa-29f9-473d-9cda-d1da5697ed9d,BEV-005,2,804.06
25920f56-b281-43bf-ba5e-e8d71d6d415e,820fb215-d90f-4f33-a4e1-3f7ea0c1fe36,BEV-001,6,950.38
2be121c1-727d-428b-8184-76b78cf82691,820fb215-d90f-4f33-a4e1-3f7ea0c1fe36,JAF-002,1,970.34
35d7ba1f-ed43-4194-80cd-77dd548db100,28f227fa-11ae-4ebc-9145-7ef2e5315a79,BEV-002,8,260.15
b9d61259-d3b8-403e-8bd3-1e7c8ac7a57f,79c1a5f2-4e3d-4e36-8b27-67ebd8531024,BEV-003,3,984.08
90a9e2e9-d95f-4d9b-bb0a-0c95ad476640,65f24fb8-1be7-4b70-bca4-464bda6e2c96,BEV-001,8,611.68
bca3f892-db67-46b6-8db1-b4b84759c088,90d8e04c-1fdb-4e44-b200-7132448beb34,BEV-005,1,119.54
a8a6eee1-f912-4124-8f9f-eb19fa6f3e8c,0671a3ad-4c84-4795-b2bb-5f7ea7b87f0d,BEV-001,5,247.71
0e8e87f7-7fcc-4290-ab6a-61ea5a998ade,63b4ba8a-8144-49c3-a59e-deb490141ff5,BEV-005,6,802.9
0692b18a-5ecb-44cf-9249-dd74d0b54682,3462cf73-7876-42d3-ba1c-12f8b58528c8,BEV-005,9,36.48
3f280e24-d9e8-4aaf-9499-71cf4a271e23,c3bde738-4904-4961-919f-7e91d05ada0b,BEV-003,5,994.75
2a55cdda-f193-45cb-8b15-c54936168055,5f23bb7a-f8fc-48a0-bc31-bcc479b43c67,BEV-001,5,929.19
903602de-4dda-4a7e-adf3-f189ae9c3bcd,53e4d9d4-e635-49f2-9f3e-f2dd04406755,BEV-001,4,260.29
6c981bc7-5d45-44ce-9c0d-07152a264a01,83544085-ff41-43b9-b659-64d20d01d9fb,BEV-002,10,14.67
b98c728c-5cb8-45c8-b95c-eca748eaa468,50b38bd5-02e9-4c08-9406-0cf2994ed0a8,BEV-003,9,96.65
18790b0b-9d4f-4a88-9c7e-2fcdce0ed061,70323dbd-5388-4e10-b32a-3f8c5ccc12a8,BEV-002,3,49.98
015931eb-a42b-4e7b-924d-3791df2643cf,5d5b391a-000e-4605-8a51-ccd9a1eb80fd,BEV-004,2,470.6
cf2136f7-61e3-41b4-a1f1-96e0185b2d19,b71c6769-8512-40be-9280-09237b1fce2f,BEV-003,4,968.1
1319fb26-cb33-47c9-a601-e9b6faff6d07,bde63987-c585-488e-a19c-9f636e3c2f0b,BEV-003,6,74.18
e3bedcf0-c215-4730-8e64-0f78d697a7a5,d52e39db-4928-4b39-a435-c4793bd0c731,BEV-002,7,474.91
aae2c8f1-b6e1-4004-aec8-d414022d32b1,d52e39db-4928-4b39-a435-c4793bd0c731,BEV-002,6,491.57
2c85a896-af21-40c0-9e22-a485097c6f3f,145bed5a-e0da-4899-9d24-302058d3fa73,BEV-002,1,554.87
9370d22c-c596-4eb4-994f-365d81265d08,145bed5a-e0da-4899-9d24-302058d3fa73,BEV-005,3,815.44
c2759be6-b374-44f1-af2b-c3feb5b47fbc,145bed5a-e0da-4899-9d24-302058d3fa73,JAF-001,7,927.01
afe5c659-b5da-435e-81ed-81dc6a42fa15,00ec655f-08d8-4c39-ab03-0b666c2b4bdf,BEV-005,2,438.37
88d58371-8118-4355-9ead-53327ef0c423,3ee2c5ec-6e2b-4f2e-acce-e30328f49667,BEV-003,9,942.73
60a3604c-d338-4e02-9c50-95eb4c3d2d66,0a3061d5-7c06-4da3-8c77-e3b916803b60,BEV-005,6,489.86
d466bff5-187a-49a9-9f4f-239df9880beb,fa4caf50-cd9a-4c37-be30-fca004769240,BEV-003,1,382.29
64821db6-b31f-4486-afdd-38667d67a07b,fa4caf50-cd9a-4c37-be30-fca004769240,BEV-001,8,903.54
390e3a80-881b-45e0-a5e6-fb8b31495b19,fa4caf50-cd9a-4c37-be30-fca004769240,BEV-003,3,664.39
62f9d608-248c-47b3-be4d-9b3c3ac5f9a3,9aecd477-bb39-47c5-996c-373776012971,BEV-003,7,416.1
f3b7ad28-85ab-4539-9fc0-36bf61e1ae50,bfe4558e-9846-4d92-888f-a4e0805d6f75,BEV-003,9,530.87
408ad78f-bfe4-4644-96db-16aee330c83e,bfe4558e-9846-4d92-888f-a4e0805d6f75,BEV-003,3,272.44
f0f6096b-114a-4a93-af85-8ca9e0d558ad,0cd97941-a1cb-47a5-b076-203c0cc78868,BEV-003,1,79.18
bbcdc253-61a4-46a8-bd47-1f7a501079ee,3bda3baa-41a2-4033-85b9-fb3b03b83013,BEV-002,2,960.33
18d86fe9-8146-4736-ba41-a00335e20258,2912f467-d99e-4552-8aae-9a3f28663e33,BEV-003,5,172.52
6c31182c-adde-4821-ab42-e05a0b741542,c3b0d3a4-223d-4453-a64d-d1f6a3db2de5,BEV-002,2,36.12
b9e68ae3-a677-465e-b832-d18626f6fb38,efe47eee-a380-4659-8425-75f8db4eb872,BEV-005,8,811.36
a4a1a76f-e2f5-4a5b-afde-754dc4e5a095,efe47eee-a380-4659-8425-75f8db4eb872,BEV-001,8,288.3
fef1d6a0-cd95-496a-b882-77e62cf94333,fe0815fd-c882-4d0a-ab92-be3e6342411e,BEV-003,8,649.35
9e1713e3-52dc-401f-a982-4606c78ce24d,20e5a9cb-013e-4acb-9db3-e93fb3046897,BEV-003,8,341.79
c8afbbdc-8932-4637-b37d-4dbaee181084,82bfc80c-d4ab-4c89-94ff-64b5658a61df,BEV-003,7,304.61
9d8a4b69-9113-451f-8bef-2c6320d0396d,82bfc80c-d4ab-4c89-94ff-64b5658a61df,BEV-005,10,518.5
b68b0151-141c-496c-9baa-5a242ca2f734,82bfc80c-d4ab-4c89-94ff-64b5658a61df,JAF-001,2,438.25
03ca7df5-082b-400e-94d4-3c99f2f19d90,8e1f8d19-c620-4323-a46c-f30d499cfcc8,BEV-003,5,802.56
c80ebaf9-a867-45b5-8f03-32a4ba090c05,e90967a5-f4b6-4817-8419-0333ee446af6,BEV-001,3,484.25
0320144a-5afe-482d-b4d4-ee0bb0975b19,df8a48eb-b25e-496a-ae0a-28ec0f550228,BEV-005,5,100.14
ff8cbf10-02ab-488d-8fbd-022ea766d7f9,c1d18503-e23e-4f86-972f-a83a0ace4e48,BEV-003,1,26.71
1077d5f7-a1b8-4ed1-b851-328ba36c05d9,c1d18503-e23e-4f86-972f-a83a0ace4e48,BEV-005,4,330.55
e216698e-12fa-4553-a5cb-a2e675ef1036,c1d18503-e23e-4f86-972f-a83a0ace4e48,JAF-005,10,887.21
4b12eab0-5075-40d1-9a2c-77e4452df009,cfc27122-25b1-4f4a-82c4-04dc9cf7b011,BEV-004,10,277.14
93e45784-ba0d-4009-a6fc-bfd61fe27f82,cfc27122-25b1-4f4a-82c4-04dc9cf7b011,JAF-005,9,680.4
276202a6-78bd-4c81-bccd-745107069398,cfc27122-25b1-4f4a-82c4-04dc9cf7b011,JAF-004,7,894.03
a30a44cc-4894-47f5-a776-3bd9a125dd0a,cfc27122-25b1-4f4a-82c4-04dc9cf7b011,JAF-005,2,367.53
5bc1bb30-a19a-4577-aaab-20f867511def,04743a93-5f30-47ee-819c-6f3ccde99e87,BEV-005,8,392.67
91c1ae52-6ba8-4805-a60a-63a479ea51c8,ebda7c73-dce8-4baf-88d2-43ab6e4b6136,BEV-002,6,279.24
642124f5-f9f9-4858-aa5a-f11436a1c816,3b399ac9-e248-454e-8f08-c6d66bc0f21c,BEV-001,6,888.15
2f9ff1dd-fde5-48e6-bec4-b84f5268c925,3b399ac9-e248-454e-8f08-c6d66bc0f21c,BEV-004,5,203.19
b2d47591-92e5-48a3-8d39-ce3db3270048,3b399ac9-e248-454e-8f08-c6d66bc0f21c,JAF-002,3,792.82
3f36c941-aa85-4888-a293-3a79c3d42261,3b399ac9-e248-454e-8f08-c6d66bc0f21c,JAF-002,8,487.21
6a91ff56-fac4-4e0c-bd94-ce0785138dcd,f9e9cba2-df90-4f47-9956-03f2b0e3e1ed,BEV-004,8,844.71
8b2a4620-afdb-468d-9f79-4d41cc49e65a,e8ad310a-4817-4fb8-a816-d3de1d91a9e9,BEV-002,4,221.4
2de317c2-f35d-4b4f-bb0d-55e8fac4d82b,d0fd095a-2ebb-44c4-a862-7d466a688267,BEV-005,8,275.73
e15d5179-84b6-4826-8677-689ca45d7961,d0fd095a-2ebb-44c4-a862-7d466a688267,BEV-005,1,837.88
41e14dbf-9c3a-4410-84c4-75ab7db32c2b,d0fd095a-2ebb-44c4-a862-7d466a688267,JAF-005,9,798.41
1790dc35-c2e4-4570-a7cc-f66224a43f1c,888dbecf-caaa-4bf4-b035-fd9b0f991fa0,BEV-005,8,81.38
fd71416b-eeb4-4f84-958b-3cd6ef2bed06,16ee89d9-4a2e-40e9-8618-3117374e1ab9,BEV-001,3,85.35
64d6f080-05ff-451b-b56d-6d392fb7084b,64a501d0-2bf9-4c18-b625-e6056a01b239,BEV-005,8,274.75
9ac02d23-8f59-4642-ba3d-c2443791ed0b,b173f4d8-b920-4d4f-9468-d50d540f1311,BEV-004,5,926.47
c28275a5-b2f6-4565-92b4-721b2ca80a0f,d3048e08-eb91-492e-b497-342c9ad52bff,BEV-005,2,217.89
4f7cb678-4007-4dff-b802-be36d4fb8cce,c34c330c-6548-4fda-82ee-1f0669e80bea,BEV-002,9,704.76
7ded2a37-775f-4efb-953e-100b84bdf077,c0cedd6b-985e-4044-8750-c333c3833fc3,BEV-004,9,49.86
15e48550-2b9e-47e7-ab0e-df65a166516b,189d1ce8-c1ff-43aa-af89-2ff9e892b0de,BEV-002,10,121.8
72ec255e-e299-4bef-b7eb-dbe4c64fa1d2,a668bb30-0ecf-4be4-9e3d-e04acd4c1e09,JAF-004,8,180.42
26619da1-7f33-4034-a443-92d193a34b90,a668bb30-0ecf-4be4-9e3d-e04acd4c1e09,JAF-004,8,910.33
4bc0e286-227a-41b2-b8a9-1c5231fe47d8,a668bb30-0ecf-4be4-9e3d-e04acd4c1e09,JAF-001,6,384.23
8d64409f-0de2-4b7c-8471-06d10445ae2b,0cd58642-1d5a-4e14-8a5d-72f340ecebcf,BEV-002,3,633.87
ca9d6628-7a4b-4b93-b9bc-98d9343d2220,885bd4f0-abe4-40fc-b259-44b9574b0c4a,BEV-002,9,335.2
5f06e600-cfc6-4250-9686-136d39ecb36b,49f6416d-3eb8-47a5-a7d7-1d4e23f12f45,JAF-005,4,639.37
7460ac7d-793a-46d7-9357-3f0072ddc93a,f9761910-31b0-4e9e-8be8-9db2c43cc1c2,BEV-003,10,77.61
0d316faf-5f9f-4f83-81ae-af580276413f,aa697e22-8e10-4de9-abf7-ddee045ee225,BEV-004,2,41.33
8cd57a6f-7cfe-42b1-8cfb-9ccce6272275,701b4741-449f-4a9f-84e4-277b2f863b48,BEV-001,6,91.96
5e4a119b-fcb1-4455-9731-962242ed4cb2,abdf1611-f787-4e80-aec2-0261d2012fa0,BEV-001,10,254.54
d491d668-09f7-42ed-8068-e4dd9066b923,21f76dc6-efb4-4f42-9464-6aba78ef2b32,BEV-001,2,112.08
36605f64-e789-4653-bf3f-f4bf4a92d830,c1c1ad2c-62a9-4572-a396-1f75e5f893a6,BEV-005,1,705.19
178cbb57-60a4-4e38-bcbc-726d53a9efcb,17d092cc-a2cd-43bf-a261-166d889a41ac,BEV-002,7,429.97
6b3a33c0-bb3a-4b68-bc7d-5f7587a89aba,365e692a-f337-4006-b8ee-ef3917da3aa0,BEV-002,5,455.0
0dad6460-2841-4f4e-89e5-d0e408723c24,365e692a-f337-4006-b8ee-ef3917da3aa0,BEV-004,5,888.94
626684a8-529e-4b66-9cdf-faf70b115143,f38b464d-a09b-439f-9d5d-e53fcd4db576,BEV-003,3,158.69
d670a102-e85f-4b35-92db-4528c3eccbfb,f38b464d-a09b-439f-9d5d-e53fcd4db576,BEV-001,10,371.27
1d32e317-8c6c-4628-ab3b-23ac2a0b1d9e,59e8ad79-63ee-4b09-9812-76b62f2965ef,BEV-005,10,585.72
1b4933cc-3489-4686-979c-b977dbdde691,c03d340e-81f4-485a-8b9a-413ab746279a,BEV-003,6,977.06
1ee6e40a-1010-4f9e-ad59-5e3ce3352aea,87ea9c69-d239-4a45-82f0-87be51b3d691,BEV-002,1,975.71
b3121e17-c12b-457f-b3ca-e12fd949b3d1,09b3b31c-b377-4da0-99cf-d04c4f05a579,BEV-001,3,989.08
8998e000-8448-4fef-b984-9086b7788c63,105eb0fc-f220-49c8-8a80-72ca44b24c82,BEV-004,3,932.9
b4521fbd-38f2-4419-a955-bfd28dd52ea9,e070f7c3-5418-425a-a4db-acb5920b9a96,BEV-001,3,654.13
54840ef0-2e82-41a1-b55d-01adf82ce9ca,641ca7cf-e08d-40e8-bb40-e718fba0d937,BEV-004,5,105.55
0c05c8ee-f617-4cd8-9dbf-5f004aef470e,fd882dde-367a-4e92-82f0-f03e68ad17d7,BEV-003,1,51.86
03bf77bb-dafe-4b17-a805-83a79a87b968,1f43949a-a969-4747-9822-15e356eec84a,BEV-001,8,780.55
3d0eb522-f9b8-4529-8d2f-b0228a5d44fc,c86e95c7-8bae-4ad1-9c4d-727d1a8c8e40,BEV-005,4,398.17
3a96b81f-16e4-45ef-a39f-6084f508e448,c86e95c7-8bae-4ad1-9c4d-727d1a8c8e40,BEV-004,9,280.46
77c80cc3-2922-444a-a700-c90ad870d21c,063b0b52-df40-499a-b853-f8cbdecacde6,BEV-003,6,349.7
243afefb-1295-47f2-be50-63bd411772a0,64893df0-1439-41bf-b410-bb552e53f808,BEV-004,5,951.26
5e1eb618-d6b0-4f1d-9961-68505c3ca4c9,7c422b87-2398-4488-8966-f02c2a6a6482,BEV-002,1,604.26
6867451b-5987-484d-a789-98e72776e414,aadba75b-d72f-4db3-bc2b-1c8857fff398,BEV-001,4,959.08
6abfd403-631e-4db3-8d67-d93d61d04742,7f4d88cd-5368-4ea0-91dc-ae08f08c7890,BEV-001,2,62.72
b8c42817-cdf6-4993-acba-d708539f1475,096269bb-8073-4714-a9c2-56e3e393ec7b,BEV-001,7,731.63
8974c074-4560-4549-a7e9-6c9e90eb4fef,9ec353a3-e1e3-45b9-8c26-118e86e877f7,BEV-004,1,524.33
2eb82a33-afc0-472d-917e-b251493f34d0,9ec353a3-e1e3-45b9-8c26-118e86e877f7,BEV-002,8,790.28
6cfe1022-7469-4b17-9e3d-30c1f65564d8,9ec353a3-e1e3-45b9-8c26-118e86e877f7,BEV-002,8,477.7
ec32e19c-c10e-4b3c-a369-4693f61c06ac,9ec353a3-e1e3-45b9-8c26-118e86e877f7,JAF-004,5,583.54
5214ec81-7982-49fd-9381-181b8b030ee5,e74fd96a-22f1-4e4b-9b72-73dd613f969d,BEV-003,4,940.78
04d368e4-78db-4e8b-a3b0-17ceac30bcc5,e74fd96a-22f1-4e4b-9b72-73dd613f969d,BEV-004,3,285.17
eed1e91d-f9e2-417a-9f6f-581cb928b57f,e3501052-4426-4e23-90fb-4b932eb7eafd,BEV-005,2,699.61
23e22a81-7ce5-4dae-ba90-f6bad9a3446c,5d0a57cf-d1fc-439a-a86d-3e7c67f4abf8,BEV-003,8,53.11
b1e7a424-59b8-494a-b00e-4650b31aaaff,31bb9211-a44f-4456-87bb-35b94472cc0f,BEV-005,3,302.03
f89191d4-ff02-4043-b845-e9f742529eb5,66abd098-a57b-41cc-be32-a6463ca47cec,BEV-002,5,223.09
2bbde8a7-e3f4-4cb8-9285-4bbcc2649235,988eff3b-1983-43c3-bea9-9af4af3f4d08,BEV-001,7,334.69
c56c8821-6c1f-4318-92f5-dc2dfa293db9,5a14d6da-ab96-4ef0-bc52-08c91c25e1c2,BEV-003,5,771.05
ff726c33-9578-4512-8854-36c587f5c2f4,a60cc4a0-8ea1-450a-a6d7-a7c828575ff6,BEV-003,4,558.15
19b614a1-57c7-4a38-8989-9b9fa20736c1,490c16f8-9e6b-4d0c-9763-b996e5dd3ea0,BEV-002,8,226.46
c1b0e2fc-110f-46cc-a7ae-b6777dd8ab5d,dcd565a9-e4eb-40a7-bf56-1f8800143a91,BEV-002,7,538.49
ad99d347-e630-4f82-8945-2bf947dfdacc,a452a65e-a19c-441f-aa3d-316b303601e0,BEV-003,6,789.62
93366b88-89c3-418e-b9f0-b85067eb2942,00195ff6-c6cc-4886-b8d1-1c84e8ca94d1,BEV-005,9,200.77
24bcf6bf-a357-4c95-b1c8-72208047caf4,00195ff6-c6cc-4886-b8d1-1c84e8ca94d1,BEV-004,9,280.13
cae55480-8af6-4293-8409-c9e57ca01db2,d0614bd5-f4ea-4add-b860-4c5911f1511e,BEV-001,4,365.63
d4d8f48a-1a88-47df-9ebd-c229d8d05703,d0614bd5-f4ea-4add-b860-4c5911f1511e,BEV-004,6,496.52
76fab564-38ae-47f1-b1bf-d848e467b8f8,67ea6c97-8924-4055-833a-21d943cb9f3a,BEV-003,2,833.26
36a6b933-8580-48ba-a5d4-fe10d530cf66,61ea01d9-6e1f-407e-8654-f020d843e49d,BEV-002,3,193.56
dbc58aa5-0231-4878-a1ea-7247ceaea0d9,aac18f34-df33-4f3c-aa49-4343c1f9e9b3,BEV-002,5,628.92
aa68cf32-8199-4ce2-88d1-31da23fc550b,ce8a092c-7bf6-4643-8d9a-dc2c27950253,BEV-001,7,461.21
b519684f-d63a-4c62-a30f-9c2e216e93a9,41e44515-94cc-44a2-a4c6-2f79443dfaa7,BEV-005,5,353.39
fbe204a2-fbd3-4253-ab0a-cdc51691756d,24c05072-1370-4bcd-a24b-ef32c8ecdbac,BEV-003,8,370.68
015f5966-402e-46d3-9e24-76cf81d45e17,24c05072-1370-4bcd-a24b-ef32c8ecdbac,JAF-001,1,592.66
24860584-dfcd-441c-bfe8-93d6816436e5,3193f069-0468-4cbe-a762-ad065b30a098,BEV-004,7,112.24
6980280d-6a70-46b5-a0ea-58295882bb40,950f9782-6924-49b3-ab4c-8405c5a66dbd,BEV-003,4,400.24
3f2041d8-baff-45cc-bc69-a422f5837b30,0f51728a-5fd5-4777-9723-e23e28ccf6e0,BEV-004,1,697.33
cd8b7db0-0ef7-4d83-91ab-4ae5764a5554,f3ee27fd-baad-44e4-87f0-1f7ed4a164ea,BEV-005,2,19.12
9bd74e22-4d93-4b1b-98d3-bd7d48341e3f,c8e392d6-3986-490e-bf04-81e7cdcba38f,BEV-005,9,123.83
fd4a6bc4-bad7-405d-ae2a-c2201c5d2269,0239219e-be1f-46a7-b825-bab88b9184ac,BEV-001,2,328.42
baf3af18-54d0-49a0-9864-bea44a6a3fbd,8d9f94dc-999c-4cf2-a344-8f1ba0f8d78d,BEV-005,8,795.81
b0f43315-0264-46b4-a812-cfc6aedbcb54,01e28d61-6b12-4d6f-b44f-672046b26d7b,JAF-005,10,757.97
f67c6831-533a-4500-b481-19dc06a4a933,01e28d61-6b12-4d6f-b44f-672046b26d7b,JAF-003,5,637.8
944737e5-235c-4c6f-b566-18bba815a73e,8a387a82-5612-49c0-a99e-1b3bb9b9a454,BEV-001,6,860.0
b23f8c5d-31e3-483f-8976-735c0baeb489,37fcda09-5650-4746-968a-0895e1d2ce74,BEV-002,9,851.76
8b9fff62-def1-4973-afaf-7331d29f8da8,b3adffd7-07f5-40d7-93b7-09470d9b61bf,BEV-002,2,113.93
7f065d82-a76f-4087-8489-70652be48f45,1407755c-3781-49a0-bcc7-7262cca3a5a6,BEV-003,1,135.61
2a9dd73b-c087-41a0-ae54-0392796deada,1275e2b6-b321-460b-aa9b-e8ceedd76493,BEV-004,9,461.65
ea8d5137-651d-40f3-b1d5-bf68d9105136,c82c3435-c6c6-4df3-b6c6-83d3c6f0911d,BEV-001,2,725.39
ab97f49e-2bf7-40bd-9b09-b2ca41de2444,c82c3435-c6c6-4df3-b6c6-83d3c6f0911d,BEV-005,1,659.87
f8454475-f693-49c0-baec-3b246445df07,231bd0d3-c5f6-42a4-87b1-63c43ab699f8,BEV-003,7,747.14
d51f4bdb-5e8b-44c5-bfd6-9ef493b5e221,946b221e-0935-4aa1-91b3-ee7e99f2986f,BEV-003,3,799.15
616d9eea-0030-4ca9-a505-7914d4c1cf89,4ee0b599-ebeb-4140-bfff-98be751aaec5,BEV-002,5,842.11
65874740-8106-4f0e-8da4-d1f02157a694,4ee0b599-ebeb-4140-bfff-98be751aaec5,BEV-003,1,880.76
2d9e071c-9bdd-447a-8773-074da4cad7bb,4ee0b599-ebeb-4140-bfff-98be751aaec5,JAF-002,5,362.47
7192117a-8784-4ef4-9cad-12793b120843,583f7863-86e9-432a-a269-2d98b1c7bc90,BEV-002,4,555.16
580e8757-f2c6-456f-96c9-e6e84a732f5b,60d92c7f-e3a3-47e7-a531-99ffa6c6c955,BEV-001,10,964.12
756022a7-1e21-4203-abf7-1afd8fbf605f,f739106a-6da6-4c48-be85-303415e6033b,BEV-004,1,686.08
89b79aeb-2c23-4757-9af3-b7e0ee31a542,f739106a-6da6-4c48-be85-303415e6033b,BEV-002,3,496.48
003605c0-3da6-48d4-961f-a5b4c808571c,f739106a-6da6-4c48-be85-303415e6033b,JAF-003,2,94.02
05ed997f-3d99-4eda-ac12-457f977c3239,f739106a-6da6-4c48-be85-303415e6033b,JAF-005,5,981.16
9c822a1e-b1f2-43e8-aa8f-0176793cea34,144049f1-8e2b-4679-b9fd-fbe4894b4e3d,BEV-004,10,707.58
94da23bd-071e-4995-a765-6d1a5a614b61,4d18fabd-28ee-4b0b-83f4-6ac45d912db7,BEV-002,5,794.16
b29aae18-1017-49b6-a8fd-bf587a3df21b,c02ace28-caf0-4ae3-a76e-4c9d9659cb7e,BEV-003,6,16.18
af818ee8-c3b5-41b1-a46f-1d3a15ad44ee,32610fcb-eb10-4ed5-9a85-46f31555e5dc,BEV-004,4,346.9
2bc18f34-f9e3-43e8-8d1a-060210c399f0,6127d953-65e5-4316-a592-029237a62c37,BEV-004,8,383.2
c9a63eea-38de-4573-b828-0bddead83bff,cc514529-c0f4-4e9f-b7cc-67003ebe3e2d,BEV-005,7,867.72
020d97c4-7ecd-4b6d-9db3-b6d0149edba4,b1ffeb46-87bf-4ede-8801-104510fc963e,BEV-004,7,649.13
fcf7a4b9-fe1d-4859-9f02-a1be85851316,b1ffeb46-87bf-4ede-8801-104510fc963e,BEV-003,4,670.01
ae7fec1c-e3cf-4ba6-9e7f-830066c5309e,b1ffeb46-87bf-4ede-8801-104510fc963e,JAF-004,9,69.2
c6b628a3-5832-4fd5-ab9c-b8da7c4625ff,b1ffeb46-87bf-4ede-8801-104510fc963e,JAF-002,4,951.66
635d1ec2-2aa7-4eb2-9141-c938f87f01fe,b1ffeb46-87bf-4ede-8801-104510fc963e,JAF-002,8,981.54
185124c5-7485-469b-a838-a040ed1d128c,db2240db-6099-42ba-b413-174649c0e91c,BEV-003,9,175.43
b09b4ae2-983f-4975-951e-7c474957cc84,db2240db-6099-42ba-b413-174649c0e91c,JAF-003,6,625.57
1cf4dedd-bec1-4d9f-bd93-8ffd0bde797a,3384e117-c719-4e9f-a2f5-fe737b46f85e,BEV-001,7,367.86
03556681-51bf-4c6d-a4aa-d6f527925713,bdd95065-ba85-4812-8a62-8e43be24a18d,BEV-004,2,425.38
c4e93131-2ad6-4577-ab3b-e3fb033e3380,a7e347de-6882-48a2-994f-498cbb4e10c2,BEV-005,5,742.74
123533e5-4b2d-4c04-ac9b-806a50b4c210,5ca869b0-3ed6-44cb-9eca-a69ddaa5a949,BEV-002,4,331.55
a2992557-4125-4a95-82e7-0c4ccbea645b,6a7ca0d6-9fd8-4e60-b006-b40d8ae5b54a,BEV-004,9,986.19
3194707e-5943-481b-96a7-8d901f1524b1,52e60ba5-232c-461c-a434-e177f0a5650c,BEV-002,5,791.79
dc9a7e4f-b75d-4e59-a043-5f9488ecf6c0,293f8534-e76a-4eb4-8159-f056481c4e7f,BEV-002,9,249.52
4c25d110-acc9-487d-9f5d-a3346efeb508,7bcb3ef4-27ab-4922-ac8b-8ce46c2994f9,BEV-004,7,624.67
5e2336cd-4363-4e4d-96f4-613a6e7642de,77808dce-8cd8-4cae-9409-5631b87934ee,BEV-001,10,916.45
3e742374-0d45-4dfe-ad94-c7b2c1bdfdd2,77808dce-8cd8-4cae-9409-5631b87934ee,BEV-003,3,863.7
430449ee-32a1-4f61-a145-fcd13e9426fd,3ba4e7e0-406d-4fd9-aadc-8000777360a4,BEV-003,1,149.42
d27e0e29-ab67-4a62-93a0-bcede809023e,3ba4e7e0-406d-4fd9-aadc-8000777360a4,BEV-005,6,103.07
91058b54-8177-4eb2-8f62-212fdb3063ae,efdebcb0-5d0d-4d09-94ce-b380a04090a6,BEV-001,9,531.96
628b5af0-46e6-4ad4-b857-8081f299a764,ce0cd154-e058-4032-9d05-fcefe72524e7,BEV-005,10,378.56
c64fdc4b-d6ef-4993-978c-ceca93fbd935,37f5d653-785b-4b92-834b-33d1b73c2a03,BEV-002,4,93.1
5cb0b2d9-f5c3-4185-b640-232bf5fe0fcf,eebde948-b1f4-431a-8db2-f693b87f2b15,JAF-005,3,115.57
66dc6228-3635-476c-8319-47c91744a3b7,eebde948-b1f4-431a-8db2-f693b87f2b15,JAF-001,9,823.93
5d56cacd-3516-4fa0-afcc-b94f94ec57c8,eebde948-b1f4-431a-8db2-f693b87f2b15,JAF-002,6,904.22
57f8adbc-6821-46df-9ad7-8f8858c3eba7,80da5813-fb81-43a3-bf51-9cec1ea69bea,BEV-001,9,333.11
828535dd-b14c-4e2c-8624-7be7ee50f466,d388c185-13e1-4587-9448-d0f773d5fc92,BEV-001,4,100.62
bc0c6866-f528-4385-a452-42c4945507bd,d388c185-13e1-4587-9448-d0f773d5fc92,BEV-002,6,407.03
42e4ee7b-5ce5-449e-bddd-3581648b7dd2,9b1d4a62-63e6-4a18-8839-9021aece283a,BEV-002,5,598.55
2789d46d-6e5f-4e9c-aa46-2342dbb96915,36329ea1-b106-4d70-9b0c-f707ffe30783,BEV-001,3,748.22
6807c7d7-1dd1-4563-8b49-baebabc62458,36329ea1-b106-4d70-9b0c-f707ffe30783,BEV-004,8,257.64
7cc48b61-3acb-426f-9e58-1423eb6cc950,a77683cb-de2e-40db-a21d-343eda043b29,BEV-002,1,220.84
3e8c82ec-88fc-4853-a8a0-925553c0a072,c0509e5b-22b3-4eef-89c1-9e0ed869a517,BEV-003,2,543.56
12c7c0ce-6b13-4c15-abbe-97c6cfc8cce8,337a4aa1-c891-4391-9b4c-c42d07982794,BEV-002,3,450.19
ddfafc84-6ff8-4e61-8a26-40dd9a2e350e,315000fb-3c53-46bd-8d4e-d74984f00327,BEV-004,8,46.65
915c2648-b2b9-4459-874f-00e95e18a254,3f1b611c-8f5f-4141-8621-f499a27dceb4,BEV-001,10,388.56
ee6229eb-5715-4c36-b967-624560742503,bc9abad3-ca5a-4236-b506-2ab5020cad50,BEV-005,9,547.31
5f163694-a820-41fa-b76b-38e7972f5737,7913cdc1-d2a4-46d1-bd47-ede1e1c78620,BEV-003,7,849.68
5e3292a7-482f-4194-83dd-a9e3913ef57b,8d340ab5-31f0-48bd-b01f-c9413126104a,BEV-001,7,256.8
add03967-e7b9-427c-bf3a-e26a05412090,b96cd2b3-598e-48da-a65e-ed3a0210ea3f,BEV-005,2,967.38
b23052f1-67e8-4768-bb4f-74f725434076,3468d58e-249f-4df3-ab8e-a7dec79f6c07,BEV-004,4,494.74
aef8b5ed-de42-4bb0-8bf8-f3873d5b0da9,d1183e23-d9f3-450c-a870-728c6d11ec3e,BEV-004,3,264.72
fb36e5c9-b3dd-4d14-b104-a7cc784f306a,fe757401-cf08-4127-ac60-a99f0ead401d,BEV-005,7,415.01
a5f1b528-ea6b-4105-80bd-bf6aa345cb45,fe757401-cf08-4127-ac60-a99f0ead401d,JAF-003,10,513.13
5dcbfcc3-195d-49f1-b3d1-ee4400629ac1,4af3044c-1c34-4c69-b8c1-df946962f808,BEV-004,2,91.63
eccf044d-c839-4b88-8f84-6ee16180eb5e,4af3044c-1c34-4c69-b8c1-df946962f808,JAF-003,4,196.11
89f5b1b3-fcd5-485a-b0a7-e322ad97a274,5d201870-18e8-4176-b1ec-c84a15ce7cd5,BEV-005,6,253.26
15539c28-716c-4fb2-b9ee-426e32e4183b,5d201870-18e8-4176-b1ec-c84a15ce7cd5,BEV-005,3,669.43
ea7b87a2-9551-4f2b-acc2-fd74a8540a87,f9166b14-e166-424e-acd2-a8d808146a00,BEV-005,1,13.51
5ef15ff0-2a51-46c7-848e-2d0b6ae6fe0a,f9166b14-e166-424e-acd2-a8d808146a00,BEV-002,8,874.73
61771036-9901-43d1-8a3a-998d047509d1,fd39ef9f-5849-46ae-bbc3-c332a96daf7d,BEV-005,6,880.32
8dbd3037-e814-432b-aad1-d3a113636c16,fd39ef9f-5849-46ae-bbc3-c332a96daf7d,BEV-005,4,715.97
aa8fb2ad-7c00-42be-8838-fcf73ee77632,fd39ef9f-5849-46ae-bbc3-c332a96daf7d,JAF-005,3,50.53
493d0f98-4df5-43ba-ba7b-1aa8fba5f452,71aef51a-1af4-4b18-9cc0-e299169246ca,BEV-003,3,319.43
ee93f7a8-4b9b-4bf8-9330-04fcb486ead2,70e55659-76ae-407a-a4d7-c7221ed99653,BEV-004,3,540.99
589a934b-6acd-43ef-a65e-3fd95e8034c6,70e55659-76ae-407a-a4d7-c7221ed99653,BEV-005,1,884.34
c95dc5d4-d34a-4c9c-beb4-6f0f5a0182ae,70e55659-76ae-407a-a4d7-c7221ed99653,BEV-005,6,323.76
a25c96d7-476a-43c8-8766-1c58011b8ff4,70e55659-76ae-407a-a4d7-c7221ed99653,JAF-001,5,85.59
efdbfdc3-47b2-4cf9-8d47-666a074d16a4,70e55659-76ae-407a-a4d7-c7221ed99653,JAF-005,7,240.38
97529487-437e-4eee-ba4a-4f9cba3418b8,70e55659-76ae-407a-a4d7-c7221ed99653,JAF-003,6,532.68
27dcf59c-0a0a-4708-abb8-2e7948d26ea6,02e0f2af-3516-4fb2-ba30-d56f58a11a6a,BEV-001,4,90.06
d687b556-7baa-40c3-b8ca-103f39fc8a14,cc87b470-fa13-4010-a7ce-1e973620f119,BEV-002,1,357.39
aef6b8ca-2d5d-4879-b1ef-33ffbc7509cf,43b72838-1666-4778-a4fa-590937cd02fe,BEV-001,1,907.56
8d0ea049-3c6a-4449-92ed-b9e55dd7631b,5c9395e0-9edc-4752-bcbf-2ddc2f9239a9,BEV-002,1,627.32
6a853ae4-4f6d-4bb0-8030-2165c03d1c2e,5c9395e0-9edc-4752-bcbf-2ddc2f9239a9,BEV-001,8,727.9
e15a0a35-e8ea-42a9-a198-605398db0194,5c9395e0-9edc-4752-bcbf-2ddc2f9239a9,JAF-005,5,804.2
1c96f713-ce15-4913-98f4-0599cbb68cc8,f616dba8-0730-42c4-8cf7-a411e75ad802,BEV-002,5,825.89
619455ae-8493-4205-9f3a-de5149486aa2,3fe55204-3738-4a29-9a81-a2d1ec78bca3,BEV-004,2,414.24
46b50a52-f87a-4f12-b888-15e101267d1a,39882561-697c-435e-9b2c-029b7674ef81,BEV-001,9,461.65
4b2317d7-1d7d-4c57-9fa0-1e5df2a87493,111b3c87-ce16-420c-8575-73cfedcfd1a4,BEV-005,2,203.61
bb7e9042-fbcc-4a66-8afc-250d46390d16,be1c2d33-0304-4480-86c7-6d9b3b604ee1,BEV-002,9,603.71
e6c1b832-5ff0-400d-8093-8bbdab5e4d85,35ca4ede-c03b-47fb-845e-d691b01e08dd,BEV-001,10,110.67
fadf38b0-f5c2-4d9f-8ed1-d0a0566b8ba3,059adaff-083e-4752-ad2d-ff9dbd39af16,BEV-001,10,644.22
71b0a60b-fa4c-4592-a93a-574d62ecb572,059adaff-083e-4752-ad2d-ff9dbd39af16,BEV-004,10,225.62
b2935079-d273-4ea3-9cc4-bc4a2669a31e,fcc46e11-7f38-449e-a346-45e481a38788,BEV-001,8,129.92
ac4d1543-51e8-4083-b1aa-46ac958f1ead,d8dbff6d-a76f-41b6-a2b8-55fe23224cf0,BEV-003,4,255.25
d06704ac-5048-4023-8c0c-5dbddbce79ba,77eb9a4f-7725-4385-8af6-678d35c25c48,BEV-004,7,316.25
76d7d0ac-cb80-48d8-9173-4c2e17de9ac7,77eb9a4f-7725-4385-8af6-678d35c25c48,BEV-001,2,817.24
a435309e-6a27-402e-ba69-fbb90c5adf83,aa0bb7e9-c9f2-4246-a0a9-67d090b5eada,BEV-005,10,285.28
599b8f7a-3d9e-4c50-ac59-05071bce2bc1,0bd43e57-471c-4b75-a696-53cdeea48c13,BEV-003,2,269.95
ff034371-ee76-407c-a7fb-4535f48ec28c,bd68f237-9bac-4dbb-ac4e-818abbb6b102,BEV-004,4,573.58
45564d71-7be0-4bb3-8f80-299a0178a1e2,3bcf6a8f-f9d4-45ca-a8ce-93ac7e027d3b,BEV-002,8,477.55
9be8289d-947c-4263-a396-283c4d936091,3bcf6a8f-f9d4-45ca-a8ce-93ac7e027d3b,BEV-001,9,784.17
78611eb2-3984-430c-b4f8-3a4a1971e37d,3bcf6a8f-f9d4-45ca-a8ce-93ac7e027d3b,JAF-005,5,127.82
b057a362-d6b0-4917-b63d-256730a552f1,ad5fbe5e-2563-4d3a-8e50-1c6ab8662c96,BEV-005,2,546.63
c5ffcd8d-9629-4f34-aea0-186218735946,419e7c96-3434-43f6-a720-86429ba3d8b1,BEV-003,1,976.84
ea3699f6-ca9e-4d32-bb5b-81728fb7753a,0bb064fe-1d86-4b3c-bf87-8126f5bb4888,BEV-001,3,270.01
8b1d4d63-2663-4164-901d-5ff92993a0a5,0bb064fe-1d86-4b3c-bf87-8126f5bb4888,BEV-002,2,470.76
4d1e689c-ebd5-4d56-9ce7-e87c892e958f,0bb064fe-1d86-4b3c-bf87-8126f5bb4888,BEV-004,4,435.13
bf9d2e94-c58d-4b70-b667-784c49d7b4d7,0bb064fe-1d86-4b3c-bf87-8126f5bb4888,JAF-004,10,499.99
df79a923-d95c-43ca-8e47-4f56457be2dc,0bb064fe-1d86-4b3c-bf87-8126f5bb4888,JAF-005,2,617.61
92a9c202-ecfe-487e-8c94-44ff6b2ddacc,ef8571dd-2dea-4e34-9773-7bc424390294,BEV-005,10,868.55
910c3f24-1b2a-4d6b-861a-eba01aa7d600,191c2705-f0b0-4166-8998-df1f2b3a2bf2,BEV-005,1,189.0
2fcd010e-6149-4207-bb39-cba41fb36a24,451c5f18-148d-4932-a885-393f63c2952f,BEV-002,3,123.32
4878cc63-9ba0-4766-b039-43c2f5f9384a,70648332-ecaf-4787-9d11-a06ca048f5a4,BEV-001,6,641.85
17166075-de1f-480a-91c2-1df23eccaa66,8cd3f7fc-a1c3-440e-bfc2-70e4117738c6,BEV-002,5,944.19
87ab25bd-142a-4d8f-acf8-7c3aca980487,dcf7ec7e-2cf9-4edd-b6b8-6645201f570f,BEV-002,3,600.15
3804bbc2-1e9a-4a7c-b8c0-0b584b0493ee,242c6079-9cab-4a6a-8d6a-a37b7a95b32a,BEV-003,2,129.01
8f418d25-c2b9-48c8-8d48-4e7bddc91c89,628f74d6-7026-4a11-b316-f63dbb270e97,BEV-004,5,970.93
8abbc336-a4ea-447a-98d2-ba2806f0d9f1,628f74d6-7026-4a11-b316-f63dbb270e97,JAF-005,7,710.03
24de74c4-bdb5-48ef-a0b2-631c76334399,d27d5a75-0a44-4f57-9ac5-abd1a4bb6a42,BEV-002,7,542.39
96f61cb0-36e8-4edc-9640-fdba8dd68dd0,b43d459a-14b6-4404-ab25-a2785bb8eb51,BEV-005,6,807.8
014cfc21-fc4d-450a-926c-2956544eb4ee,083da9cd-c1c9-459a-b0c3-03255657bead,BEV-002,5,481.59
f767dc6e-bde1-417d-bb08-61b2c8816d15,a177b985-f235-4d9a-be85-5577e5d70a33,BEV-001,3,300.39
102e2831-1d80-45e6-b0b5-790428026a55,7f55353b-ddd8-410a-973c-daf143f2720a,BEV-004,1,244.42
b13bbd71-c7ae-4783-b9f8-8a2d42541d32,e1a54370-89db-4d76-b2b7-f4c2bcd9c9ba,BEV-004,5,589.52
2c85346f-7bef-4164-8ce2-215c9e100322,2dda7ef4-7723-4bd3-beda-e70383dc770b,BEV-003,7,441.9
5dfe53d6-6dde-4fdb-a290-989681c3f2dc,41090fda-9666-457d-b693-c5fc2a7cbd56,BEV-004,7,193.08
5a4faac1-7974-4ebc-99d8-54c2b00d3c29,8c50487e-547d-4bfb-9324-5433c0aae589,BEV-002,4,297.35
3e8f7629-6625-40ff-aa0e-ec077c10c43e,0fb57de4-084f-45c0-bccf-57c083436ea9,BEV-002,7,394.58
7382b050-eb2f-4bba-a0d0-b20263f627a7,410de94f-9e3a-4be6-947e-d85f13b9e832,BEV-002,6,244.06
8e017ff5-4b74-418a-8956-20d495f7a96c,876c7686-a3f4-4424-b502-5bf20a9aa756,BEV-001,7,618.62
b5e7b848-f1bb-4f19-951a-15defb13cdb3,a1929421-303c-4b73-ba35-73fb56577021,BEV-005,3,769.63
c577d926-420b-4ef3-991c-2f3beabad7e6,a1929421-303c-4b73-ba35-73fb56577021,BEV-004,8,534.28
fcbe5480-1f7e-4418-a7a6-a00fc20000bf,4fb16ef5-e9bf-4783-8375-f1e4cd671224,BEV-001,4,188.12
cc6ffe6e-c5c3-4413-a9b5-fa0659a06d81,462c7825-9c9a-4520-b026-45589fcd0bb7,BEV-001,10,259.2
5bc4ca85-d46f-4e84-85a3-4f6abaf0d9f9,c42c1682-fcd4-4d79-8989-308c90493648,BEV-005,5,947.04
110393ea-3ca0-4228-90dc-5cfb08d4d443,1214e7d1-6861-44af-971a-25aeba29ff22,BEV-001,10,496.54
198563d5-d7e5-4439-aa37-8dcfe07668f6,b91c5775-d3a8-4ec6-a09c-b836c68e2479,BEV-005,6,987.76
2069a175-9e48-4f1b-ad9c-337da78fa013,1ed7b6ea-5404-4e9a-8732-5ca5cf784b51,BEV-005,6,272.11
9a5d4f27-46ce-463c-a46c-c14f04020748,006ed14f-0af8-4f73-9b72-28dc2947d0c2,BEV-005,3,903.65
316367b4-23f9-4810-8a58-06c490899027,006ed14f-0af8-4f73-9b72-28dc2947d0c2,JAF-004,1,801.17
304f544b-44fd-4ede-93f4-302766cb4d38,a72d45ff-2949-4dd0-b549-9ef2b00aa23b,BEV-002,6,752.23
de0d9a15-f8de-4db8-b694-6920cdf5939c,51526e35-07ba-4104-bee1-0e4c25a6be02,BEV-003,3,244.05
0c28f32a-be88-4d47-a8b4-06232011ae4a,bb24656d-da62-42dd-877d-8c8d1ea931bd,BEV-003,10,915.34
e9a26e04-8978-4300-b0f9-682ee28bc664,bb24656d-da62-42dd-877d-8c8d1ea931bd,BEV-005,5,982.21
bd3f454a-a111-460b-8416-f33eed07da07,66c86f52-22ec-4cb1-9e4c-c59fe4a1d7e7,BEV-003,4,492.2
749793cb-625e-42fc-bfa6-db112611f542,66c86f52-22ec-4cb1-9e4c-c59fe4a1d7e7,JAF-005,6,189.92
2351608b-8515-46d9-a762-d0043ab7f873,e39240e7-2087-46f7-b918-81d72978236b,BEV-004,4,967.3
7b358205-469c-4479-91e9-506a7dbea18c,dc7a3be5-dbd9-4c7a-aea2-5a99ae502849,BEV-002,4,710.18
02ede4cb-4820-43d1-ba0e-322a43410233,d9213a19-7356-4d9a-88a4-7a52d2eb04e1,BEV-001,2,955.57
d58dfe78-bea7-4dad-b8f2-cb5ddcb1624a,7ccc2b8b-3c99-42c4-8d2c-e9853e42bc2e,BEV-005,4,899.23
39918e4b-2988-4180-a5c5-29dc852f8439,7ccc2b8b-3c99-42c4-8d2c-e9853e42bc2e,JAF-003,9,236.53
3116e699-edc0-47ba-85f8-c9b32b58523d,cdea5fe5-14a9-46af-b0fa-fe7c514e649f,BEV-001,6,562.68
448c5a45-335b-4f37-9f2d-24695c5be72e,9c60b30c-3f24-4745-b5b6-c1a1f5de7d86,BEV-004,10,766.71
bde484fd-4739-43d8-a6ae-1f7a8baba284,a5d25766-7071-4569-a0e7-8ce03ea072b1,BEV-002,10,993.66
af1c0140-63ac-4e52-8751-581c8887f991,1f1d0503-f49c-4013-a3e9-1bc021577232,BEV-002,2,639.08
fb71fdc5-1880-4cba-84f7-04e051a0887b,ee742bcd-965c-4095-9b06-25f5cc9ec1dd,BEV-002,8,998.78
ed3d656b-e01f-4d5a-9114-3ac6b231d980,25a1365a-e6f8-4a51-95bb-973971df819a,BEV-003,6,990.17
09c73275-2bcf-41e9-89a4-6f49e6a877bc,25a1365a-e6f8-4a51-95bb-973971df819a,JAF-003,8,822.99
b1118dd2-1a9a-4d11-9736-426fd28d08a7,f7ee020e-0594-47d7-8c16-6faa5e2c3fe2,BEV-003,5,631.28
86dc83c8-fea5-4475-b3db-6c449c10a574,f7ee020e-0594-47d7-8c16-6faa5e2c3fe2,JAF-002,1,477.44
312a891f-66bb-434f-aa46-944c6e81b538,ac8ac85e-c60e-4058-aebf-25e6d30b081f,BEV-002,10,402.58
9d8b2bf4-e594-42e6-9423-8cb068a94646,7a09b4ed-d26e-4836-9c86-c0c0ef85ede8,BEV-004,5,216.67
c8aaa7fe-7a01-4b55-970b-b86f1c21e7c5,7a09b4ed-d26e-4836-9c86-c0c0ef85ede8,BEV-002,10,306.12
8fc6a2fc-c797-46d9-9756-4f41b56e044c,7a09b4ed-d26e-4836-9c86-c0c0ef85ede8,JAF-004,7,23.56
d9912712-b255-451d-b6eb-d7f6107629d0,225d95df-1101-4e07-bf00-ac3efbf5a502,BEV-005,8,654.2
5c26111c-864f-44f7-8ebd-31f319c52988,2112b294-7ef7-4a97-b855-6ec1be6a0817,BEV-001,2,58.4
e601c97f-f10e-404e-95a8-6cf52ec8d76a,35786d72-270b-4ac2-894f-8d7347589181,BEV-004,8,721.43
1d90b6c0-3c8e-4a39-9d8e-31944b898bbc,dc1d5854-554b-4bca-b3ac-b1e8181298d6,BEV-004,4,293.51
ac824670-63db-43e7-9f81-6d2f7ccd4063,191e1193-0ef6-4ea4-99e1-37c9ba7ba3ae,BEV-004,3,593.02
4ec40fe7-7ffd-4091-b20b-c5247193756c,191e1193-0ef6-4ea4-99e1-37c9ba7ba3ae,BEV-002,2,64.35
b6d16dcd-91ae-4610-8693-56cc6d6f6de1,74688698-97d9-4228-947a-c5d836cc222b,BEV-001,6,666.91
cbb8c1c1-203e-43d2-92ce-51ec08137f82,2de43ba7-8f92-44cd-b328-ce87defe7865,BEV-005,5,391.74
edf044de-ebe0-4ae3-a7fd-03f3066a475e,aa6209ba-079e-4d2b-90d7-c23817d4c695,BEV-001,4,136.74
99237c00-20a1-4477-907b-fea059f033ca,dbabd3d6-3ca1-4988-acf6-8cc33540ca9e,BEV-001,3,631.63
ec664bc5-734d-4186-99e8-a71e6e70f6e2,dbabd3d6-3ca1-4988-acf6-8cc33540ca9e,JAF-002,2,899.34
cbc950e2-b4fa-4b2f-aac4-54ad64a5c06d,95d4adbd-9387-46ff-a67b-53445c8116e5,BEV-001,8,862.73
29f0cef8-374c-4feb-85d5-f0810186f056,543ceb72-f3da-4d36-b2fa-ab8f54b79503,BEV-004,3,546.74
82e69168-4444-4e49-bc96-97edceb6e3ce,543ceb72-f3da-4d36-b2fa-ab8f54b79503,BEV-004,1,932.34
fa6d0008-6006-4746-bd36-1762cf0183c9,543ceb72-f3da-4d36-b2fa-ab8f54b79503,JAF-003,2,689.32
14c28b17-d5e6-4575-8345-89e42e5be7c1,543ceb72-f3da-4d36-b2fa-ab8f54b79503,JAF-004,10,866.15
54466513-756d-4dd1-bb73-a7139d2211ff,2768f936-ba84-43d7-b7dc-bbba9959baa5,BEV-004,2,854.47
6e207bbe-2b0d-4aeb-81e8-8bd6eb96ca68,f9eca23f-98c7-4bef-a8c0-48e5672766eb,BEV-001,10,648.03
cdf55a14-b8ab-468c-9f89-11957351029e,9d118de2-2a0f-46ba-8ef1-a365ddaef58a,BEV-003,9,820.28
375fdb70-3641-4bc6-a836-cb4dd5ec7ff6,01e05294-e373-4876-94a4-462a990c46fa,BEV-002,4,89.09
729a835d-eaff-4b5a-8fc3-fa1f1ea0ab85,e6928568-7961-4799-ad4e-55e380a0a715,BEV-003,10,772.08
19b43c1c-911c-4a3f-bcb1-1eb770323d64,3b4e802c-19a8-4986-833a-f05871b4fd43,BEV-002,4,354.9
ad0c5b61-eb0a-4536-a8ce-e6e0540a6d05,7ec8fc20-10ed-4a49-a66c-ef6c11243c38,BEV-003,8,205.48
1db89e16-75b5-43cb-9bc1-4f8fa373f100,7b39c6aa-0330-4905-aaf2-c63b693ddb47,BEV-004,2,707.35
74bf743e-a7e4-409f-a244-4141b0b874e8,7b39c6aa-0330-4905-aaf2-c63b693ddb47,BEV-001,10,457.22
ec45e436-883c-4e11-8459-1e534470d3b5,7b39c6aa-0330-4905-aaf2-c63b693ddb47,BEV-004,10,104.89
04a84574-6668-41cb-bc88-bdb6f9271021,7b39c6aa-0330-4905-aaf2-c63b693ddb47,JAF-001,4,717.53
f517b7be-45de-430b-9b60-2326efd1ea6f,75e5f86e-83f2-4479-a065-f5e1422e8f25,BEV-002,4,132.47
340da452-50e0-4772-b2f2-50ff3830c92e,93c38ca9-e02f-4087-a0e4-a6a087e91cfe,BEV-003,3,816.08
3cba49d3-0ed5-4c0b-9913-4c27ef9b9d92,33874b47-6b73-4a50-9ddb-9e039620be9e,BEV-004,3,154.57
76692ea9-9f5e-4aee-9b29-41ce3829eb63,07af2374-3c07-4663-b979-e19cb90b691c,BEV-004,10,262.01
b45624b4-bff5-4794-994f-5a6d26691747,5fe891a7-fd17-4662-a19c-6af9c524f7ea,BEV-003,8,536.27
af522829-a1c5-486b-9335-7b7fe46cedae,9ba86bad-3fe7-4d4a-bd99-66bc55fdce97,BEV-003,1,543.06
decd9b43-36c2-4ab9-a9d3-ca2914d82ae5,954e013b-5991-4163-82ad-59ab3a6a4a95,BEV-004,5,845.54
c53d4f09-ec70-4514-a2ae-9ed2f8559cb5,59d87054-ed91-475e-bc68-0e133c3afea6,BEV-001,9,521.18
ab59151f-c7b8-4243-9c0f-2b098e22b55a,e69c605f-da68-4576-a71d-3c91af89c26b,BEV-003,7,349.57
98a8561b-641f-43d9-a392-fc5af2090a11,426d839a-d15f-4e96-a023-11a1feb459ae,BEV-002,7,404.17
22f03c5b-a06f-4a2a-867e-8abeab85493b,7fdf1a83-2c45-4e9e-acfa-f1953276c027,BEV-002,6,218.81
372a404b-7051-4dbd-83fa-a2da266aeade,4c49eb10-25aa-4834-89c5-a8d00b74915c,BEV-001,9,942.92
bfdbb73c-a341-481e-a870-532fc0c04fb2,15f0e9d4-b756-4150-88d0-409cfab44458,BEV-005,5,661.93
acfdc898-86c1-4c71-b982-c69ce151d4f4,c143da1f-63d8-45a6-a6fa-273aa71ab159,BEV-001,4,239.41
4cba7c5b-ae93-4019-9780-f4cdd74453fa,1ba0c061-a342-4395-a4c6-d76c52a63f7f,BEV-003,7,846.03
700d1802-ced6-4b4d-8b24-93c0c12c03ab,27c680a6-699c-4d9d-8a30-8bea4c0892ab,BEV-002,6,959.42
a001a6a8-b4e7-4fa4-abf1-890b678656a5,78420ead-7a13-4f11-9468-04c7fcc55f3b,BEV-005,4,205.89
aa411167-ba25-4614-9033-6b5b9a7ea6de,7d0d8851-06bd-4dcc-9fd2-23b41eb9ba03,BEV-001,5,450.82
8cbf4ea3-abf0-45dd-adb6-266d8a411038,335c569f-0ebe-4417-9314-be23443b525c,BEV-004,8,784.21
8ccf3612-8730-4f81-95c7-f50dc17dd793,335c569f-0ebe-4417-9314-be23443b525c,JAF-002,5,719.26
91f09b40-3823-43a3-89ac-5ae1d1006ce7,34679b9b-dc0c-4c2b-b1cb-43168e88928d,BEV-003,2,346.4
7ade51f1-f28b-47fc-a1fa-60cea9e6134d,c585dae4-9e31-4bca-8694-307bb97fea2b,BEV-003,7,927.17
ecea1f69-a4c4-4115-81c4-8aa03488b3b2,e8032801-62e2-4633-aae9-c0f6733fc56d,BEV-003,6,595.57
67c1e618-75e8-4c4e-86ff-196a7d5f87bf,64289fb1-1368-4f36-be36-35d34aa7093c,BEV-004,8,57.11
43541333-2aba-4546-8ff5-649224698cb2,29afcfa2-8d16-49a3-b3b0-8dd0588f78fc,BEV-002,8,588.39
dae06166-24a2-44cb-b151-4c6202493caf,d67ae089-6cf0-4fa6-8383-8852d6538b9a,BEV-003,3,521.31
04e71f4d-ee88-4b19-bc19-59864209052b,d67ae089-6cf0-4fa6-8383-8852d6538b9a,BEV-004,10,774.25
a3b11901-2be4-47aa-99a1-03b076025ec3,d44e3fe7-26f9-4075-85e9-df66f2bff92e,BEV-004,4,672.35
4a8fdba3-1c50-4395-a13a-13bea5634f09,82dc9bd4-a4f4-4f0c-be62-c65ccebc0c55,BEV-002,10,393.94
64a168d1-9668-4bee-9427-b5bc6b02e3be,82dc9bd4-a4f4-4f0c-be62-c65ccebc0c55,JAF-004,10,521.74
8ce8efe6-8a1b-4be5-8a2b-121038161957,d12c1448-8b6f-4811-837b-f51ac0e5d6c5,BEV-005,8,80.91
d0015e8b-a553-4f5f-afaf-9409c624b990,5c7f2d66-24b5-4fbb-9730-912d876a9f53,BEV-001,9,402.4
8466b4cd-0032-48ac-ae97-b18b2ad087ab,d25a96e2-6ed5-4ae6-bff5-8be55da8e047,BEV-002,5,782.16
d794adb4-24a3-40f8-8da3-2c208441fc8f,81899a26-8075-40b0-a325-8ed4465e2a92,BEV-001,3,644.32
19719428-8e32-46ec-8c3c-4ea5a613971f,670ddcfb-7dee-49a4-863a-ceb316885b09,BEV-001,8,185.51
a9a26a57-3d52-4cab-a8a0-e20c0ac313b2,670ddcfb-7dee-49a4-863a-ceb316885b09,JAF-003,8,318.54
b935f653-9963-4d34-ba43-219e5e671acb,a55cf0e0-2e70-40c0-a7bb-40fb61134195,BEV-004,4,837.83
ff8fc001-1df5-4cbc-9c38-76fc557add95,5f9d3c58-5d18-415b-b17a-424b50b063ad,BEV-004,6,715.86
716c7632-5c07-4437-bee0-9726c718e35e,bf0e833e-afd9-4bf8-a15c-073484c033dd,JAF-003,5,420.13
d9a696dc-b015-4d49-a249-e9fbebbc617d,309f75eb-c4c1-447b-a84c-8b5b443ef145,BEV-003,10,325.63
5173d71a-a6c9-4b30-8ec2-b8dd49d2fc3a,6bc8e2aa-dc6f-4141-b085-79c9a97502cf,BEV-004,1,850.78
59787dfc-c1c8-4aa1-a546-e7afc8438a77,25d87800-315a-4ed8-98c7-074dd7030380,BEV-001,9,47.0
3040aecc-8a28-4d9b-9f15-3ccc6d24a909,a9dd633b-ed20-4376-bdad-9bdade25019f,BEV-003,2,877.95
e1cf7ece-c7fb-4229-8658-0464adc858bf,19d5fbce-23b0-42c4-ba88-3bc6ac9c5462,BEV-004,5,362.55
7484128c-bfcd-42b6-b145-65d260889fb2,a2b20aeb-98fb-455b-92e0-51dbf29631ac,BEV-002,7,548.57
3eed1fd4-9ed8-4f67-a8dc-3ab07acf51d1,7f35ac79-8893-44d4-a2a8-7cfebcca2dfd,BEV-004,8,765.8
c6970196-f30a-44d9-94f4-01765da8ca2e,f4897d79-b10f-4351-8b0f-a8421eef987a,BEV-004,3,36.98
ebe8d55f-46ea-4822-9a9b-8f05c00d9fc2,f4897d79-b10f-4351-8b0f-a8421eef987a,BEV-004,9,591.35
a431cdb0-ef8a-4b70-bc56-be12630495f7,f4897d79-b10f-4351-8b0f-a8421eef987a,JAF-003,7,255.37
a6184f1a-f736-401d-82bc-549ef60eba01,f4897d79-b10f-4351-8b0f-a8421eef987a,JAF-001,6,439.04
8d2d1b4c-716d-4b5a-aa2a-c49b28ff3e94,f4897d79-b10f-4351-8b0f-a8421eef987a,JAF-002,7,412.75
b6603ae4-57bb-4a48-84f8-4ddb7030868f,8aa7cd2b-fe84-46b3-b17b-ab9957334f28,JAF-005,10,222.08
408717dd-3648-4bfc-a20c-26369f70447a,8aa7cd2b-fe84-46b3-b17b-ab9957334f28,JAF-003,3,281.39
abbcf62e-d3e5-4b08-94e4-55653ebfc2b0,0e84560a-c7f7-4eb3-92de-14d20d6801d9,BEV-005,5,396.57
6da70643-aea2-4d49-b551-76fc022a9e8b,11a7927f-2579-4b15-b323-13e1a89c4e48,BEV-002,8,79.53
d7fadcbc-dde9-4485-836d-72c65827cd90,11a7927f-2579-4b15-b323-13e1a89c4e48,JAF-001,3,538.79
9ef732ad-0d1b-4da1-aa6a-3c9cd2f34d11,244461f9-5b22-4535-90e4-698a8e7eff94,BEV-004,2,868.29
7e2393c1-ae47-4a62-8d66-b1e93fa31fa2,2db05263-eabf-4919-9ea9-22886e7d654b,BEV-001,10,891.91
fa845b86-37da-443d-9ea3-bcabb6d59143,bb595093-50a5-43f7-bc2c-648015800414,BEV-003,3,436.13
608a4e1b-b882-42d4-a0d7-7fd015c53135,e175aef3-fb77-4cf4-8f2f-f6cf265aed22,BEV-005,1,559.78
e5b8a6e0-90fd-4a97-a889-020c53b50fce,e175aef3-fb77-4cf4-8f2f-f6cf265aed22,BEV-003,1,994.24
7134c11c-8440-4823-bb75-0ac2a256ccfc,520b9a80-f838-4d22-9b65-20e5537eaf5d,BEV-002,1,163.68
77b963db-4eb6-4ed3-9374-582618bf68ed,96d4bb1f-70ae-4616-8dd1-80dc4690bb0a,BEV-004,8,544.92
5b623c1b-82a8-4769-bfbd-b92ddc030b0f,e7797ba7-b8cd-4860-85c7-acafbd64c172,BEV-001,1,134.07
c77f7a50-fc15-4eb5-92e6-6b5661bdbd07,c504073b-9b9f-4c5b-ac99-c24f3a390704,BEV-001,9,24.0
edd4bc3b-3286-4340-b307-2e5d7619694f,c504073b-9b9f-4c5b-ac99-c24f3a390704,BEV-005,2,970.4
c741637b-8cb8-4cd3-a5f7-0815ca02dd3e,620e32cd-a7e7-4d2d-864b-b190ea734e2c,BEV-004,6,620.81
940794cb-a61f-443c-8076-c141b42d7365,d214103f-8f18-43c5-91be-e928114c0f17,BEV-005,4,635.03
3ad71b7c-0c94-4ec4-a409-0afa9344153e,0c8f74fd-8aec-415d-8656-bc35fd712935,BEV-003,10,619.46
a3398e49-7afe-46ba-ae96-dd04c6469ab1,8cf8b734-d83a-4415-8026-0d49fc316ad9,BEV-005,4,478.35
a1127077-8b5b-4390-bac0-26cb54228a21,7d9817a8-f755-4e41-915e-f330bc2510be,BEV-004,9,892.09
196a35d4-eeef-4812-bc39-28c2b3eab89b,a1532a42-115d-4371-8c11-e19276e05a60,BEV-004,4,928.69
5acd3d1b-f0e1-4d02-a40d-ec89ce2625fa,e295cf84-5625-4d32-86c1-4ea5cb31c5de,BEV-005,2,329.58
ad621904-f243-441f-acd2-811a248e98fe,cd94e6e5-7b95-44c1-a7ff-f88695048e76,BEV-005,1,888.68
a1c45910-d360-4eb8-9c0f-744145819ae6,42b1cdc5-0934-4fc2-8b5d-b0b0b3576ec3,BEV-001,2,227.98
8691ad41-f915-44eb-8787-36eb3624170a,c43d3bb9-a8d7-4c27-a17b-a5206bf54be2,BEV-005,5,41.12
957e8751-0e33-4cbc-a898-0f10f62fd056,bda42782-0d6b-46e7-8f5b-b84aa305ed9a,BEV-003,5,734.26
f9195837-e878-4b62-b6fe-d7a1c02caa33,3af42ca7-b408-4d17-9e87-1d38bf428bdb,BEV-001,8,424.33
5bfe7818-1ea7-4b91-8b6e-8aac1cf258e6,5c38e0c2-b9c9-46f6-aab4-18e66a384aa1,BEV-003,4,407.02
92cdb262-2eb1-4b85-b351-cd4328bd0b00,1109e94d-c732-41eb-8db5-f1132f0225e5,BEV-005,5,347.0
f9470e42-d7a6-4492-a940-7cb25dd2d937,98b4044c-8b7a-4722-9e2a-8c726774f279,BEV-002,5,11.52
8fa442d7-a814-449e-b127-3a061438414a,f80a1cce-b529-4ab6-a221-7fb0050a531c,BEV-002,6,897.22
df883e73-fda7-4044-ad37-c564f4f3247c,f749fccc-3cae-4c90-8b53-89ecf2137f96,BEV-005,9,277.72
4de402e9-5b74-43ca-948b-ce3c93ee4de6,f4053f8f-c5c5-4871-926a-3057d32482ad,BEV-003,9,523.19
06491998-93cd-4f2a-88d9-8e50ff866857,48caa574-8a5d-4d8c-be39-3a230c55c6f3,BEV-002,1,779.47
ebc53ef7-a8f9-47f8-9ff9-c0b279f6c45d,1a077c11-9b1d-4454-9436-e1edb275ba14,BEV-005,6,68.69
62caea9c-6ad1-4f17-b3b3-1ae0e4dc5615,3faa6e78-7bd7-451d-b7c4-8b7118cb9bd0,BEV-005,10,979.64
46958d63-d72b-469c-aa2c-abc6dc0fc031,20e824af-f3c3-4f80-b20d-d2b38c1bd477,BEV-003,5,747.18
2b5bb4e6-fd8c-4799-8550-54c5c7b0730d,188b4820-a97b-42e2-b97a-4b9a1cb5838a,BEV-005,2,689.15
50a0fff4-7b65-4db8-a05a-7fa520249681,77340e2e-e85b-4a09-8467-f26119cd0ebd,BEV-004,6,950.4
3295aa3b-9123-4b5c-a906-c15a46056885,f595d663-62d0-41fc-a0f3-5ff33cdd21c9,BEV-001,9,250.73
20a7e112-750f-4d78-8ccd-bad5302cdf67,21ca6270-dc4d-4743-a333-6cbc818d779f,BEV-004,8,600.12
ffcb77c4-0aed-4a62-82e1-bc466f05ebc9,4c0573d1-8a9e-49c0-9cd6-b18b43612f9e,BEV-003,7,351.52
cfdf51d4-1120-4c2d-86e7-5d5f13b6536f,25db9d31-5bb7-469a-af65-4bd00b4c8a20,BEV-005,7,578.96
3def0026-4240-4631-bc00-d20fa7781501,ad3063af-5861-4ca8-9bfd-e1eb5befa92e,BEV-002,10,501.83
20020336-dbc0-4ff1-848d-7cd56ca9e16d,127b6ef8-7eea-4990-8db6-e2f87172bd2b,BEV-002,5,277.52
594a384f-ede9-4893-bae6-fe6a2b0287ee,127b6ef8-7eea-4990-8db6-e2f87172bd2b,JAF-005,8,464.62
c4387a30-a6e6-4710-ac73-c331cb7b79c3,127b6ef8-7eea-4990-8db6-e2f87172bd2b,JAF-004,6,944.45
5912acd9-772b-4005-a76a-cda84877f0d2,532afead-e482-4952-b57a-2535f3669c1e,BEV-004,9,433.93
921b13a8-ad2e-4e1a-af86-23f183767e96,caedb2e5-4d70-442d-8ebf-664f37aadb20,BEV-003,6,514.27
2d1cb8e1-445a-40d9-9c39-636ac623d984,f2dfa246-51a1-4820-8da2-28ec9f0d15a0,BEV-003,1,626.93
ef809f1e-c8ae-4851-a011-a0b03366f8b9,f2dfa246-51a1-4820-8da2-28ec9f0d15a0,BEV-001,1,973.27
e03438f0-5680-4540-94b3-3bb25be8925a,f2dfa246-51a1-4820-8da2-28ec9f0d15a0,JAF-003,3,323.6
350363a4-0211-469a-8201-51591dffa1c2,62dad435-6712-485e-b1ef-d2002df4f0ae,BEV-001,2,558.66
1589ebb9-5348-4bc0-b153-74a5d57c644f,62dad435-6712-485e-b1ef-d2002df4f0ae,JAF-004,6,560.23
b494b84d-24fc-4592-99f0-f94359512d53,b4d36ae9-24ca-42a8-9164-f2ed28280b63,BEV-004,10,198.19
f23ea5fe-7dd5-4114-9425-5345eed9c7ac,e6d86dfd-76f1-42f2-a83d-0bcc945111bd,BEV-004,10,249.67
81b1ba79-b90e-4e9d-81b4-1562d4308abc,e6b3584a-6a47-49d2-a2b6-22813235be3b,BEV-004,1,995.49
3828af87-da74-4793-8b1e-eb9f10e1ef9a,6a64ead1-450a-4bf6-ba72-e34c51de60e3,BEV-001,10,303.04
95af5b13-8f16-44d2-869a-b3a46a991def,f4dc28cd-1905-4f05-a7bb-9bddd2923f91,BEV-005,7,838.68
a73fc42f-f4a9-40bc-8151-397d0f53c4d0,b69b7230-a040-436e-a543-1c11a47b66a9,BEV-005,2,342.73
35d6321a-025d-4413-9954-0c790ecf5a9b,b69b7230-a040-436e-a543-1c11a47b66a9,JAF-001,4,621.11
e4bddede-5b2c-4db0-98dc-be076b7ff997,edfe223b-f954-485e-91e7-9b076bd97e71,BEV-004,9,634.39
c527c670-abf0-4220-81d3-330d7479831f,9a656d36-ba4d-4045-842e-e2f1117a9a7b,BEV-001,10,480.09
72d14884-0589-4bdc-878b-ff20b5a4a0c2,9a656d36-ba4d-4045-842e-e2f1117a9a7b,JAF-004,8,52.16
c8cd8c6d-45ca-4c90-a848-3bd1bbc22317,9dd5b29f-d220-4801-9f0f-0d464bbb2c12,BEV-003,10,821.14
e6ff7b30-1db8-4d7e-b8cf-864c76cf1f26,35a94b19-5b85-429b-8280-95fbf3545a02,BEV-003,4,405.55
b0697fdd-6b08-4e7c-b54d-df78587f2bd2,46a42cbe-d3b5-4ba4-b456-822c1bfb7ee9,BEV-005,8,728.39
cf81f1a0-32a8-4be4-af55-962df681f9cb,c58baf88-55b9-497d-b222-7e60c075d848,BEV-001,4,969.35
2c5559b9-0a4b-4516-9088-d4960cc36157,c58baf88-55b9-497d-b222-7e60c075d848,BEV-002,2,922.02
03c9da47-9289-4f86-80e8-636007442e38,c58baf88-55b9-497d-b222-7e60c075d848,JAF-004,3,235.23
fd52d243-4edd-418c-9cb9-939bdd4bd3e2,2ae16fef-1b10-4296-a489-2fb494807db2,BEV-004,10,886.01
6fe61020-2b82-4067-8ef1-66c866045b16,c7ecb83f-58b7-4b6b-9c46-e82d110f509d,BEV-001,2,901.21
45c483d1-9e11-4f08-a229-629a5a86dfa8,9bb4429f-029f-447c-bc52-04402b552a50,BEV-004,2,50.65
c2608595-ace6-4368-8fd9-001c2579bc0b,38324b44-ca1e-4ff2-bd42-900aab817ed9,BEV-002,10,358.28
ded9fe73-c3e1-4caa-a550-74ca19090088,34c6d090-f87d-4de2-a9f4-65d19feaae58,BEV-005,6,359.49
1a6aa973-9973-44d2-b616-a907b0c3d2ef,34c6d090-f87d-4de2-a9f4-65d19feaae58,BEV-003,4,280.74
af359bb6-991d-44d6-8115-30a16d2b6b3b,34c6d090-f87d-4de2-a9f4-65d19feaae58,BEV-005,10,75.45
a3b21893-76a7-4c4d-937a-61174fdd7f12,34c6d090-f87d-4de2-a9f4-65d19feaae58,JAF-003,2,852.93
4fea78d6-a55f-48fe-b5bc-5c47df239feb,38411a18-9cfa-43da-9528-b19e14baa720,BEV-002,1,587.25
61079e9f-9cf9-4e5e-8afc-94d2804a6f02,38411a18-9cfa-43da-9528-b19e14baa720,JAF-004,4,880.82
a8c63ba3-eea9-496a-8cd6-e42162404dda,4d7636c0-15b6-4a38-b572-83b456305a5c,BEV-003,4,112.74
0303f131-cda4-48c8-995e-95045b36c335,05e85a37-4525-4c76-84e7-4f6d5aae7cd4,BEV-002,2,970.24
83aa04b9-a387-4b16-b343-298d064f905c,024a2917-4130-44bb-8af3-815a1469b49f,BEV-003,7,138.02
b19612d2-4ced-4f4d-a120-101421d460d8,c7c02164-a609-41a5-a23a-4c9fc5c69136,BEV-004,3,166.39
4f782563-c224-4aa8-9f74-c4490774537c,e1f05f35-8bad-419c-8487-b9418b1c0350,BEV-002,10,936.49
f5402d3a-e606-454a-8719-02f38fe0fd3c,8a6ca6bd-8207-4f3a-a44e-a1056c308c10,BEV-005,10,189.3
7feed4b6-1adb-4596-a200-74c461f1a674,2ad3c760-823a-405c-a6a8-e014c619cca9,BEV-004,3,436.56
ea000265-d015-4df9-b411-f1bc0513db1a,1a299e81-128b-4cb6-b589-ed39a25fd7b0,BEV-002,8,418.99
8587d3e9-a1cb-4eda-8965-61de9f702f69,1a299e81-128b-4cb6-b589-ed39a25fd7b0,JAF-005,7,10.84
c695b6c8-308b-44c5-af44-96245ba63119,cfa41dc7-d9e3-41f5-8877-19daeae6c91d,BEV-004,3,870.91
d30a9eff-963a-4892-af39-c153a6fbcb97,8cc7c699-71fa-4301-bb36-87bd6c5efe2c,BEV-003,1,963.96
0ceb0c17-736d-4117-a26f-2f8501390f94,cf8e38c0-374d-4fd2-a4b7-bf1e5b91e6a5,BEV-002,3,245.2
1756150e-8070-4b61-9ef2-fb67e6d82001,3b302a3c-c872-49a8-a707-5f0961246888,BEV-001,8,109.73
4dbed42b-d298-45c8-a10c-98c7cbfc1482,e03d2019-dcfc-4ca2-af92-6d0a634735bf,BEV-005,3,952.35
213255a2-033a-4e5b-8490-0b5753976510,762d3fe7-1bb9-43d3-8296-f0912aa37dd3,BEV-005,1,179.81
ff9c12d5-bb2e-4750-81d8-f8fc46fb20e2,762d3fe7-1bb9-43d3-8296-f0912aa37dd3,BEV-002,7,255.56
90b0dba9-56e3-4e9a-9099-d119136e0990,f87d2857-1281-417f-baf0-3f7830fcaba1,BEV-002,1,484.68
94424001-fba6-4bc3-85af-3203ed9c80cf,148f91f9-ec90-4052-8b5d-29e97fa0b68b,BEV-005,6,772.59
cb6b7f91-c311-4884-b383-b699c59f730a,5fef73e7-eb3b-409f-86ba-b1269952eb7f,BEV-001,6,143.79
87f8f7e7-0897-4fee-b40f-5ebd5e1dfc4c,5fef73e7-eb3b-409f-86ba-b1269952eb7f,BEV-005,2,781.76
500d8a90-3ffc-427b-8dc2-e07ef2b44aaf,5fef73e7-eb3b-409f-86ba-b1269952eb7f,JAF-005,10,553.86
c457b518-88e5-4099-9b24-19cf20201c6b,5fef73e7-eb3b-409f-86ba-b1269952eb7f,JAF-002,9,230.03
f54639d2-aafa-4c78-b977-9590e29a5779,3c2ade8e-f090-4cbc-bd25-321562d347bf,BEV-001,8,740.68
899a8421-9cd2-40fb-b6c9-fd1c1c181398,b95b44f3-af94-4d66-8d19-eee467a9c2e0,BEV-005,6,98.52
28190126-8a08-4af8-9102-e5aee3432d5e,bf1e79e3-aa89-457f-a604-678e59880794,BEV-005,9,326.37
a02178ea-e192-415f-9fe1-372e49e8a343,72f89f66-edd9-4c2d-ab96-ef90a6c29634,BEV-003,2,455.83
4bccb6f8-712d-4ac4-a0fd-bb5fa1608c25,72f89f66-edd9-4c2d-ab96-ef90a6c29634,BEV-001,4,277.24
2e6a4f5b-e01e-4a77-ae2d-a191ddbf936f,72f89f66-edd9-4c2d-ab96-ef90a6c29634,BEV-004,4,966.95
de6202ee-5f3c-4b43-b086-50773654ff0b,72f89f66-edd9-4c2d-ab96-ef90a6c29634,JAF-003,8,281.22
a04f3cde-38bd-4aee-a122-f539ed1f3ff6,72f89f66-edd9-4c2d-ab96-ef90a6c29634,JAF-001,10,911.59
ce667bac-4269-4dec-98a6-d140e52ab586,d0a96c85-244d-4cb8-b09f-04972881cb7b,BEV-001,3,546.56
15417e19-798f-459e-9044-fe963af1c074,62624319-0262-4405-b2a0-867a17c9278d,BEV-001,3,259.15
fdab0260-7bcb-41c6-978e-452ba1c3cf3a,62624319-0262-4405-b2a0-867a17c9278d,JAF-004,1,319.23
0e5b2ab1-7121-4960-b27f-e240a8ad8194,87081c50-57f8-454a-9b9d-c10f53b9a9d2,BEV-005,5,524.98
f88fe112-d483-4ba0-b2bf-15b3cdcd308a,6590e4eb-8c38-44dc-a7bb-bdd222158db1,BEV-002,2,198.5
6d9b648f-6987-4980-88fb-8d3784d8c787,6590e4eb-8c38-44dc-a7bb-bdd222158db1,BEV-005,6,38.18
329d5ef7-f874-4d44-8bf2-5cb9be15012d,c2e246f2-c193-4679-9e8d-43900a26c0c3,BEV-004,9,336.18
a86b34b7-c2d8-43f3-a69e-75b07b37f0c9,ea753325-030a-47e6-b485-fd4be3bb23c3,BEV-005,8,748.16
65471fbd-736b-498e-82d6-65b89c6167b6,ea753325-030a-47e6-b485-fd4be3bb23c3,BEV-002,6,990.99
b1ece960-eb90-42ab-9d32-cf59bb282f37,db4996f2-1d7e-4573-b99f-151bc15d45a2,BEV-002,5,649.87
3ebdd36a-e088-4dcf-98e5-24ce6f93668b,8a8870af-3bb6-4d29-a093-ed3bb6ee09ab,BEV-001,3,756.76
9d35438a-c57d-4314-8386-bfc8df2e9262,533211e6-a45f-4a70-b5ef-94479d1fb71b,BEV-002,7,359.89
0906bc09-5d45-48ea-b2d8-60f0e4071f37,b1231b80-a103-46c2-8863-9fa3fd63d321,BEV-003,4,63.07
21c44f52-b222-433c-9d7b-cc3410ac57be,4eac3900-47c2-4747-919c-c48e83dbf21e,BEV-004,5,285.15
4b394cd6-dcbc-45f9-82e2-0f11443f9802,ab9768a0-f3bc-4b26-a0d9-258f5fbce713,BEV-003,5,549.09
58d42086-4f9d-420a-a4db-71ce4af7a857,ab9768a0-f3bc-4b26-a0d9-258f5fbce713,JAF-003,8,504.59
21ac2790-b9b6-43a1-9387-1a325d696e97,89d8950e-f715-4fa8-b138-376b94433371,BEV-004,4,346.36
8b8eb187-4a5c-4f1d-b3e2-726f37e2597f,50f3b7c3-bd32-4c0e-b68b-d43fe133e713,BEV-004,6,306.08
1c5da91c-5ceb-46d9-a99f-468cfbfda31d,b965d5e8-f1c0-4a7e-a433-4a7a34b3874e,BEV-002,6,326.71
d6d578b4-453a-4a76-aef4-b7dfd5aff6e4,c53f66c7-9178-4b0d-a8c2-0a1ac112895e,BEV-002,8,321.96
c13b2e34-6e98-4f2e-8d4a-86c73b2b6cf5,685cb1d1-5991-4bca-8617-236dff89736c,BEV-001,6,361.31
44e54771-e174-410b-bc23-79f51e3a79d1,f5fdbdf5-812d-49db-9a3d-f147bed96aed,BEV-002,2,121.72
0b379e40-538a-4df2-8616-109a22139a42,d94cfaf8-82cd-462a-afe1-f72ccf5829ae,BEV-003,6,395.63
923e1b04-c6fa-40d8-a82b-4f284d214f36,c8c8258e-085a-4ea8-8ee1-c0713f87987d,BEV-003,8,74.33
70a080d4-3391-4a55-afb5-0c62e7d941a6,59dda11d-ab8a-46f1-a991-a3863a2d2ced,BEV-005,4,383.33
9649a40e-b0e0-49dd-ba99-d291ece43042,e3a500d2-9648-4f43-913f-7dd90d1e88bc,BEV-003,9,180.38
a466c1fd-1118-4806-bdd3-7f9ab2fe49a9,982a8f30-7f2e-465e-a724-e62fcfca285a,BEV-005,6,860.64
f61a0633-3e93-4c97-b87b-551048d0ce29,4ce8c4da-8b2e-4f33-93f4-bfea9b10b6d0,BEV-004,7,448.52
8091b0e3-f679-4bde-8731-cb077230132e,4ce8c4da-8b2e-4f33-93f4-bfea9b10b6d0,BEV-003,9,878.53
77badb27-854a-4035-908a-08f81e602c87,6b7d8281-78dc-47ee-9d89-5526e099f97e,BEV-004,10,526.43
c12b17d1-6fff-46fa-96b3-6dd3a18fc283,b98f3eb8-0d89-40e5-8c0f-6c8e1cf03bfc,BEV-002,4,790.09
8bf4d613-c9b0-4d36-8021-78628b9723b9,6f4215ed-fae6-4ca4-b653-a195808430ad,BEV-003,2,310.56
d30a6e63-74a0-4f93-bf09-4afc463fa6da,3551721b-6747-4de2-a198-564a6b82d1f1,BEV-003,4,766.62
16f9f3e0-513a-4a2b-b6db-0f0d120a9e33,c42fd3c5-f989-4e98-8c8c-28fc8bc8199a,BEV-001,7,594.9
32aacd4f-f7e7-48f1-87af-497e29676664,e8dae90e-00fe-4fa2-8068-8a69500c01d6,BEV-003,10,272.48
e886c213-c5c5-429f-8dd1-a99c56a160ce,35f0c27c-fa8b-4f9c-a9ed-dcdb9b2e5efe,BEV-003,6,883.75
9cba232b-cb0c-4e14-9107-3abbd12255a5,c9918e8f-1db7-4821-9e76-4de1d29936f3,BEV-001,5,665.28
e340cbfe-f0d0-4c6c-846a-12f9e027ecee,c9918e8f-1db7-4821-9e76-4de1d29936f3,JAF-002,7,590.05
55bcc7de-115b-4102-ab73-d785f16a8b25,65285084-12f2-4c13-ae19-419d44de89a4,BEV-003,6,141.57
c4b94561-e88a-4bfc-9215-cbf927fe4cbe,47b5f9c1-30a0-47a4-9b3f-6f843f70d01b,BEV-004,5,812.65
eb57365a-86d5-44fc-bd45-6e4f6db6a534,d715adb2-cb45-4da7-8ad5-488a741c1a52,BEV-004,3,580.95
382d9ec8-e13e-4cd5-9dd8-699dbdbe816c,d715adb2-cb45-4da7-8ad5-488a741c1a52,BEV-003,9,808.27
68b5b951-0c29-4d97-8e05-3a67f3ef5bb2,d715adb2-cb45-4da7-8ad5-488a741c1a52,JAF-001,8,793.15
271674c5-1224-4846-8988-bab652249e0b,69d076c9-f87a-4647-a56d-660ad57855e4,BEV-004,3,482.41
9e80902c-2c6b-4789-987d-3d1afec65758,407adb97-f7c1-4792-896a-86738daf7c72,BEV-001,10,330.25
b9d77782-4627-4ee7-91eb-4e0b652110cb,88839b37-2c11-434a-89f1-ffbca7fa4317,BEV-004,3,216.17
a0968242-5340-4f99-b7d8-3da3b8cde258,36677de8-4bf3-462a-8d4e-8c4e523f136b,BEV-005,10,96.68
f6991d75-1f24-4b05-9ca1-9b8eb21475a5,30138e8e-2090-49d3-abbf-f9c609c4db2a,BEV-005,7,687.53
1a030d29-e17a-497d-8114-107e3e319232,16a03bd0-5aac-4052-951e-17bc570e50e9,BEV-001,8,695.49
c89b7369-7949-41fc-ae08-b57f10e5e52a,96d62906-8a08-4b17-bf8c-05ff34c3f2ac,BEV-005,5,990.57
70e24f89-ed90-4e37-858a-74acb38594b0,96d62906-8a08-4b17-bf8c-05ff34c3f2ac,BEV-004,5,897.76
636f221e-b683-4e22-b0cf-91de3560d14e,96d62906-8a08-4b17-bf8c-05ff34c3f2ac,JAF-002,1,968.51
a3a9a0c8-884f-492e-a051-6253f2fb56d0,96d62906-8a08-4b17-bf8c-05ff34c3f2ac,JAF-003,10,669.46
637fbbb9-d240-40d9-8881-08c0acb600ea,6f5fc0ba-b05f-4ffd-bf09-39f1681da6e6,BEV-002,2,149.8
3803816c-9861-47c8-99b8-b5306cde754a,6f5fc0ba-b05f-4ffd-bf09-39f1681da6e6,BEV-005,7,382.94
3749d43d-22a6-4d6a-b448-51dbd325b8eb,153b70ae-12a4-4cef-abf7-e0d972590149,BEV-002,10,714.93
e03b10ac-d300-4caa-86dc-4e53e6441f77,1c7807ed-6d36-454b-8007-e9935d1177b6,BEV-004,6,141.68
53b6beb3-0689-4d35-a937-d6fa62326075,f4f9a22e-3e28-4b2b-9ec5-23545d65d0cc,BEV-001,6,645.56
cf4e0544-3cb1-4ee7-995d-889b10c4dc8c,f90bc397-f6e2-4a6c-95b2-cc6dcd9fdad8,BEV-001,6,504.29
db0754cd-85cb-412a-929f-1c4c65505ab8,c93e089a-7c68-482c-9e7b-b3d9e36e9da4,BEV-001,10,844.78
6dcebe66-b2aa-49f8-af10-47bddd5818be,c93e089a-7c68-482c-9e7b-b3d9e36e9da4,BEV-003,10,748.87
8970e313-e215-4499-bc95-d3e54f3fb7ac,3172db1f-16f3-4a40-855d-b36afcec808c,BEV-004,9,832.03
f1829b3c-9bb3-4429-b44e-2a0d0ee905de,7b695af0-4829-4548-a9de-9a0f0b76ff29,BEV-002,8,693.98
f33516f2-5359-4cf4-b54e-a3b211e26c43,428f4f52-c1ff-4510-b62c-76ed8baff2ca,BEV-005,10,857.85
4f6d1eb6-6ead-4888-91aa-e93280f8d8e2,8c1648cc-dfa8-424f-9abc-88a75f2fbd2e,BEV-003,2,92.76
39666150-7215-4ed0-85ea-e0eeb853a9bf,56eda9af-6b81-4e60-8d8e-ed50400ee7c0,BEV-004,8,419.54
2d1219eb-aa7e-44b8-9438-43a9517860ed,04fea290-bc32-4a1d-b5bf-ccab66e3ed2d,BEV-001,7,453.79
1310cba8-4cb3-438d-9063-3ebf3a590351,964d2ff3-bd47-45b5-b091-5910189e3ea5,BEV-003,4,500.72
14594817-7bfc-44c0-8841-f72892362ae1,c1fb2fbc-8d6c-413b-a405-e4ff42c5c4b0,JAF-005,5,797.81
173a32e3-c1bd-40ae-be4f-5a58b7e98222,6741ce3d-edb7-4bf3-9a39-4b02717fa644,BEV-004,1,565.03
dc1c7a20-c6ef-42e3-8ebf-432af30ae40b,e2a14cc6-10fb-481f-b421-108488fc2a95,BEV-002,6,226.44
08720392-9293-4edc-9d51-cd65eac649d3,f0764e93-6629-4a60-82e3-03c0e7f534ea,BEV-005,3,974.95
ea3ffb28-57ff-4b2f-97b4-34e7860dcdbc,c3b22ac1-90d0-40ec-9601-e3763a9c42e0,BEV-001,2,423.77
c17c0d91-652a-486e-819b-0491c5998b36,3daf0de6-b995-4518-a83c-6252621ef8a8,BEV-002,7,260.58
0796cabe-edc0-4184-a4bd-508a8ee90f72,bb57a6f3-ab7e-428c-8d24-c455b1189470,BEV-001,7,270.96
87e0d805-870b-4de0-9ad5-c8595db73e22,5e313b56-d982-43ad-a3d0-573fbfff2c07,BEV-004,9,432.46
9efa3478-b101-47dd-ab73-97129c217a21,b8396460-3c95-4a07-b5ee-ac7ea7f20125,BEV-001,6,736.38
eb6012fc-15f0-4698-ab13-cf59e366baef,6b07ce8f-ff25-4934-8f83-4e658d32f1a5,BEV-004,4,399.4
e5abf6dd-09ad-407d-8a06-173c0f317b16,6b07ce8f-ff25-4934-8f83-4e658d32f1a5,JAF-002,4,714.88
ea68bc09-24be-4a8b-b744-2cab27e36b27,97a46da5-5f18-45af-bcbd-c9de7d0b622a,BEV-004,1,127.83
6d787947-11cd-468a-9773-4eb0881b7a2e,a931aa21-cb7e-4745-aeaf-7570a3100555,BEV-002,2,596.69
f3068da7-8d5b-4372-8d6e-7aea7ebd8ae4,0bc0293a-3d75-4c43-a735-8bdb4e19976e,BEV-001,6,145.47
28af1b7a-bbe6-412f-81a7-c42f7d156f9f,89c044ac-2676-4d6b-a0a5-6521a41a0cab,BEV-001,5,374.62
b018172b-14a3-42d5-a280-5cb42564384a,5f4c2adc-cfce-4452-8f31-82b3411358cc,JAF-005,3,602.4
9411e26e-5723-42ec-84be-c0211435b44a,5f4c2adc-cfce-4452-8f31-82b3411358cc,JAF-001,10,253.7
3a9fc249-2643-4831-891a-4357658d1c7b,4884e355-fdcb-4bc4-a637-c70f2f124001,BEV-004,10,163.75
51b3c649-7dc8-4266-9bef-bf7d586c1588,e7b2845f-f4f2-4145-8dcf-32fafff2dc50,BEV-004,3,708.81
811fc369-7aa1-4723-9cf4-531c849c8129,bf1f9d7e-0dca-4044-958d-2d8d6dbac184,BEV-004,4,532.07
59e72d7a-cd5a-43ea-ad51-5a19be162e3c,d0bb3402-8fbd-47ee-918c-c467ae63af53,BEV-004,8,963.45
1e55d421-daa6-4521-8aab-c283d9306b5c,c6837eef-4928-4d09-8d49-993b86ba851d,BEV-003,9,238.4
a1947344-8ab8-439a-8c46-53f523728b7c,339f5aa1-8ef3-473c-903c-29a051e9fd58,BEV-001,6,918.81
8e51127a-3255-4fff-92a2-242e70b0170c,8ec8815d-6837-4cde-88ba-ba7b22b0cca9,BEV-001,7,840.64
13493051-87ae-46e8-a0d7-78808a67bf31,b790c52f-29c9-4736-a36d-6fa47ffaee73,BEV-005,2,296.73
77607eae-4f01-4d12-b2b6-d3f5be8fdeee,b790c52f-29c9-4736-a36d-6fa47ffaee73,JAF-005,7,675.05
425a887d-26a6-4b71-828a-d6e9c930cb43,f7bfa127-9229-445c-82cc-3bd3bd826f7d,BEV-001,4,707.14
7e663eb3-c714-49b5-89a7-02ff780d9082,711844d0-fc94-4b49-b012-430a55b7001d,BEV-004,3,938.32
9db9beaa-1bac-4599-b231-3d7c4c9b6672,1c552084-30cf-4eff-a337-ec9501b62d15,BEV-002,6,712.14
5add679f-4fc8-4903-8478-54ee28b76bd2,f06607b5-0173-4fd9-8965-ba3006b227f2,BEV-002,4,688.35
3a75a46a-65a0-49a3-96ba-7ff93bb37796,d4a70d9e-5b38-4af8-8921-5815e91ab7a0,BEV-005,6,928.39
0fb24eee-43b3-4054-b989-f6f0cb38e56a,a1e76178-c49a-4d46-9e2b-865fb085d8a1,BEV-005,3,909.35
2cab79d3-cf81-4461-9aa3-37618b834b89,a1e76178-c49a-4d46-9e2b-865fb085d8a1,BEV-005,10,118.79
b7f4b41b-3be0-4599-aba7-d1ed9eb4db76,50b29c0e-1197-4ee8-8f71-da0c4d1ccc72,BEV-003,8,360.39
5fac6bdb-8685-4d01-8a94-9f5e393b9045,55c9553b-da2b-483a-adae-4a0c68aaabd5,BEV-003,10,773.03
8915d24a-5c75-45d1-964e-86016913f69f,541b2b32-dbb0-4866-8a8e-c29080ea597e,BEV-004,3,118.76
85db0262-4294-40b7-a65c-85b71fc14da7,f32851c6-fde8-4dae-8aba-274daba5601a,BEV-005,3,125.68
6b2eb554-d9e2-4e4e-88f7-1f86216c7012,ade32c35-b9a0-4b33-a3e6-1e1f1832630c,BEV-003,8,392.18
9fa3c33e-37b0-433d-9cfb-4adcfc32aa9e,ade32c35-b9a0-4b33-a3e6-1e1f1832630c,BEV-001,9,228.92
2e67a2db-7069-438f-82d1-fb6dffd1a942,ade32c35-b9a0-4b33-a3e6-1e1f1832630c,JAF-004,3,368.39
03967fac-45f0-4975-af5d-fef47c25e3e7,bbda63aa-4e04-4fdb-beb2-6addbfdef762,BEV-005,8,488.09
17ee45f4-c08e-431e-b707-8a4c03438b12,bbda63aa-4e04-4fdb-beb2-6addbfdef762,JAF-005,4,835.53
d91e627b-c89c-4d01-8d5f-ae421de65bd8,64ac3e76-83b0-42ae-a269-20d6bba2ac15,BEV-001,3,815.45
c538580a-b6d2-42dc-b3ed-5019de61f4fc,2676acdf-0df2-4e20-b216-81914d1fd072,BEV-004,8,711.01
301d1d75-4646-4a1f-bedc-797b99462228,2676acdf-0df2-4e20-b216-81914d1fd072,JAF-003,1,949.57
c8204a94-dff3-46bb-a810-8b4acb5f9410,da95909a-53c4-4938-8c13-3f71f86a43d9,BEV-004,10,146.55
38966b42-f6ef-4b65-b280-015658541f15,3e023908-2106-43aa-b362-d59294f1a5a9,BEV-005,4,594.9
66cb1b9c-fa9f-4eb5-a957-f541453d309b,a0b6aa9d-7bd4-4ec8-b0f2-152f39efb958,BEV-004,7,506.5
f65e7c5f-7470-4890-9436-7877fc7ad104,a0b6aa9d-7bd4-4ec8-b0f2-152f39efb958,BEV-003,1,94.74
4844950f-2044-4cd3-83ff-578058a416a3,a0b6aa9d-7bd4-4ec8-b0f2-152f39efb958,JAF-003,8,292.77
f2e3b315-4143-4fe5-b862-ade6eff1a838,c1933a3d-ac5e-4df2-b43a-f6f062ff6a90,BEV-005,1,250.34
6aad986f-5899-4588-9a0e-5e97f25114ba,dcea8c67-b124-4283-be0e-a8d5771eebd9,BEV-003,10,965.12
611762b5-c779-407b-bc10-f8358508ec8a,b3a51ee3-8f68-4f4f-a934-2634ddbcadc7,BEV-001,10,505.21
efc98cfc-404d-4e78-a260-a19afa1bd52e,6ffdd602-ec3b-4f9f-bf20-0f96cff92bd9,BEV-004,6,137.01
d80aa51d-ab52-46aa-acc0-e618c7bf211d,b2db8fae-815e-4f9d-acb5-b99e3a5ce3b3,BEV-005,6,885.45
de2052d3-b2db-4ba6-8aa0-fe23971cbf3d,78c9f7b1-ebd0-474e-af13-1f3c3eab85a3,BEV-002,6,930.48
557de3ac-d06c-4e25-a135-54f6cda7a1f5,cf01f645-d543-4f36-ac6b-8b3de95af071,BEV-001,7,860.0
e62a80c9-3782-49aa-a987-7c2c30031e56,dd7910da-0b00-40f8-a695-1b63bfeb3157,BEV-003,1,563.58
2caeabd2-eb24-4fde-a7cd-e5b67409473c,e35f863b-2897-4b4c-b4fa-1f38befa74d5,BEV-005,8,787.25
efdd1533-3164-4088-bcbb-fd142eee1677,833dc21a-3ef5-47ce-a7d0-a70af0f0633f,BEV-003,1,785.46
76916023-de46-4350-a2eb-81a0eb280df0,e21ac675-277f-4cd2-bd8a-92b43e792ff8,BEV-001,8,379.24
51e471c4-8a6d-4ae1-aa73-32b7874af1b6,e21ac675-277f-4cd2-bd8a-92b43e792ff8,JAF-005,3,999.41
83874e67-3c78-449f-b1fe-ca55544772b7,788d8da2-5638-4ef2-8057-3f3e537b7dc6,BEV-003,5,388.37
96baa0cf-af3e-43c3-8a1f-2fc02c3c9ec0,498c2088-72b5-4c5b-a69a-9b0942a25702,BEV-002,8,32.47
b5b2e878-4754-45c5-8d81-fe8c900c1def,180f69a1-6227-4486-85a1-2edb0e2c1ac2,BEV-003,1,816.66
01411271-5d63-4e2d-9792-3a5d13bc9b25,180f69a1-6227-4486-85a1-2edb0e2c1ac2,JAF-003,1,709.87
e761bbd3-f083-4be0-84c8-79b0ee0b4053,60d3118c-ccef-4b8f-a07d-a9abd5a7bc38,BEV-002,4,565.18
a206d4fb-b5e0-4844-981a-62db728b900c,e509bbc4-a8ff-4740-a244-5cb2b2ccdac1,BEV-004,5,927.94
1e03bf44-3348-4426-8832-e65e9f718166,fbedc2fd-2863-4651-b965-f94d88b828b4,BEV-001,9,347.31
cf0a4e58-f19c-4a22-8b6b-702d519172f7,625c1c2b-db7f-4ef3-946b-cb8d7cd3505b,BEV-002,2,100.89
74661bdd-2013-4461-93d0-aa7ca8bec9e8,6de8aef4-a6c5-45e2-8114-4d51af0df62d,BEV-001,5,794.67
8936df1e-4ed0-41ae-8b02-b856c67b6925,2a0d8d9e-868b-4cf6-93be-26c6b835fd62,BEV-003,9,56.82
3d4492a6-52af-485d-a44e-63b47d9d7e8b,506b0af8-83d2-4512-a341-377ea1471ccc,BEV-001,3,115.23
0a4bba28-9b49-409c-b46a-bdd3b3781fa3,c274cec3-2760-488f-8dc9-95f459e0f121,BEV-005,2,663.01
89e47683-815a-48dd-9e7b-608b439b0c25,e0434e4d-2a0e-40c1-9eff-a716f0a8ac71,BEV-004,8,450.42
c1f3618b-520e-4960-8cf3-4d9744cea812,e0434e4d-2a0e-40c1-9eff-a716f0a8ac71,BEV-003,9,144.69
bc05c553-6bc7-4f1b-8c56-a9fd6063ddc8,e0434e4d-2a0e-40c1-9eff-a716f0a8ac71,JAF-002,7,694.63
8ae87459-d734-4ae6-b7a5-4a60518af30f,d84524b1-0c56-4c3e-b35e-c86a9911168d,BEV-004,8,181.17
f652912b-0c23-4e89-b798-16fc521e4d17,c1001c01-02a1-4055-a115-aba6c87eec0c,BEV-004,9,64.27
0271e217-c526-48c5-9406-4296babba3fd,628ab6f5-fc1c-4066-a9e7-86dc3984bba6,BEV-005,9,631.51
5059710a-7bb5-4ce7-b686-259244739633,eabe81bc-1c12-41ae-b2fb-fbc3f91c4548,BEV-005,7,218.97
1ab60108-72a6-4d30-b8cd-15b9d5e89194,95175eb2-20eb-4a54-802b-7807b9cbe9e5,BEV-002,10,37.25
0a25e33c-3931-489d-84bf-89b30f22907c,d3be45d1-56a4-44b4-b692-e1a06f3cb392,BEV-005,5,102.47
3c380e32-c9e9-4335-a4a8-f01672e29fba,618e1d4f-0306-4f82-9da3-7c77d9e1f83c,JAF-001,5,44.23
ac53f985-d55f-49d9-b94f-eca293ec7d1d,618e1d4f-0306-4f82-9da3-7c77d9e1f83c,JAF-004,7,46.93
07836304-721d-464c-9695-17c9f0168cfb,fb22f79f-414a-4f19-b92f-3fb2ee9c2672,BEV-005,2,222.98
7cc324ac-34c7-4628-8c28-c60d58de55f9,fb22f79f-414a-4f19-b92f-3fb2ee9c2672,BEV-003,9,939.67
6db6142c-5e15-4e9c-9369-9dec76fcc76c,b60ec7be-b1f2-4c38-aaca-d8b34750249e,BEV-001,5,872.8
03943afb-cc16-4545-8d89-625304286789,b60ec7be-b1f2-4c38-aaca-d8b34750249e,BEV-003,8,651.07
9a757275-e4b8-4279-91b8-cb34e0b00e83,b60ec7be-b1f2-4c38-aaca-d8b34750249e,BEV-003,2,154.43
cfd70863-be15-4db7-8e67-4686ed87cce0,b60ec7be-b1f2-4c38-aaca-d8b34750249e,JAF-005,4,348.8
5fa25568-9810-41d7-95bb-2f1f63c99545,b60ec7be-b1f2-4c38-aaca-d8b34750249e,JAF-005,7,96.28
6a8f04f9-ef9f-4457-a0f2-d7699dd3b110,ae1354dd-dbbc-4a2a-8dd3-b31f60d19ee7,BEV-005,6,191.95
c229187e-f3f3-450c-8afb-4ccc5f51b836,8ea9c1c1-f673-4f6d-8613-65f1cccc45b0,BEV-004,5,219.74
8eb578c0-04fc-44ef-bd6a-3eeae63da4dd,5dd7bd47-76e0-4b32-8c49-4e3706962139,BEV-003,2,722.79
c38a5a14-85e5-4f9d-8dbd-e580e3b232a6,67d906a4-f06f-48ae-bd73-fbe0c09f63df,BEV-005,8,588.84
6b513d08-fca3-41df-b15e-143b8a8fd50f,8dc211c3-5528-40a1-b308-de1363ad3789,BEV-003,8,588.3
2b26275f-e6c0-4c3a-a5ae-087eff80a126,e5f4a8eb-9e6c-4c4b-9013-0b82573a722d,BEV-001,5,253.67
4a3437f9-4fb9-4d79-8bcd-2f3131db15c2,28e67954-fed1-40ad-8991-041a806e0bb3,BEV-003,6,496.39
4b67a10b-15ff-48a9-8466-764b95d06acc,b7f2e1dd-4c8d-4ea5-9298-4f67d9aac075,BEV-003,2,605.08
f74774ab-d974-4206-93ac-085fc3bd8b64,1df26f86-bc71-4c63-816f-2f5bc1bb0ece,BEV-005,1,651.93
486bb5c7-e2b1-4448-b5d2-5b23e2944d16,1df26f86-bc71-4c63-816f-2f5bc1bb0ece,BEV-004,6,80.57
1af73c9b-9c21-43e8-9a84-24a49d3d34d6,6d5c0549-33b1-49f2-9733-f21ade6b0e57,BEV-005,1,288.6
e621a705-34bb-428c-9830-dbb4b612d895,6f4384cb-1682-48eb-93b4-2fd58ee73588,BEV-004,2,120.24
c8cf60c2-eb81-4796-892b-567b1fdd1bf4,1a284a31-dea1-4118-b803-0d9b3e3de576,BEV-002,10,664.34
13dffb22-2c3d-4bab-9f6d-e77ebecd351d,525cf52b-2fce-458f-982d-23398cc3644a,BEV-002,6,300.04
06447f04-1a91-4820-ad37-3eb402402a71,2c99d0d9-b32c-474f-b3cb-e7c3d45f6d06,BEV-002,9,538.7
f9edd798-f710-495b-8e9d-69fca5420554,2c99d0d9-b32c-474f-b3cb-e7c3d45f6d06,BEV-005,7,242.49
681a9eb0-99bd-49e6-8d19-fa85557fa8c0,c2e7756c-0ca8-409e-9be7-92df246a374a,BEV-005,2,147.18
6c69d54d-6007-4f23-816e-a253a7f89430,eb0b621f-8b7f-463b-a4cb-ba7981527cff,BEV-004,9,435.06
5e255911-f7da-4bc0-a501-78b16304cf79,34b5e3cd-f1f8-43e9-8bb5-451d24b88e97,BEV-004,8,55.81
f5de45a4-49f9-4771-9148-5d0ab88d3654,d4e36a3e-35b6-4451-a614-a5258e870d74,BEV-003,2,724.81
3f36ace8-166e-424a-8f83-22d1e883118c,43843cf8-f65a-4dbc-a183-7a306e5cfa39,BEV-002,10,347.25
ac564161-1062-4462-9ba6-ca400a02f149,5d79b453-d220-4565-b4f7-a380695b2183,BEV-003,1,780.04
40c2246f-0708-4a66-ba97-d873280d8f9e,0c07bd08-bf5f-40aa-a3c0-44a59e0cc2cf,BEV-003,5,215.03
e55a3866-65ae-4331-abab-50dd9ebc7b5d,3349d98e-9ed6-484e-af8a-f5bf9df3d15d,BEV-001,9,358.34
d1cf0ff5-8ce3-4e9a-a930-f8faacc0a3b2,bca23b57-a691-4813-b739-1dd1fd5b72ea,BEV-001,4,176.24
4450aa60-0ebd-4f04-9db9-a02b846899cb,bca23b57-a691-4813-b739-1dd1fd5b72ea,BEV-001,10,695.03
0aa5d3c5-20df-48f1-82c8-a3ffdd81aaf0,bca23b57-a691-4813-b739-1dd1fd5b72ea,JAF-005,10,289.8
956a932c-5f57-4bab-b427-f18da9b493ce,e5c0e466-fc83-4148-b08e-b7685c41ec4b,BEV-004,4,922.1
c1edc51b-e693-499e-be64-87ab01f7a6d1,560459a5-8373-4bfd-b177-ab02d3bba7bc,BEV-004,8,916.96
34c47d06-07b9-4127-8757-5808a1e9d101,682ad5e7-16f8-4abf-9511-de983ada6bfc,BEV-004,3,114.11
7e3c83ea-75f5-4eb1-84b5-ea206cc89a69,cc60b314-ee33-4cd7-9afd-d936f6dcacce,BEV-005,9,503.37
3301924f-ddb3-4606-9450-130d2e09d547,88a9c95b-6f14-4d41-a1e9-ac6646c3932e,BEV-003,7,74.26
a738222c-3de2-4b3b-a661-ef0ec44f8d46,8dae6871-50df-4442-8c37-255f6b85be96,BEV-005,2,36.37
2345cca8-38d6-4cd6-a4da-c06119058954,588e8c57-e70c-43f4-9621-c4a1721cb54e,BEV-004,6,339.31
6824d155-f605-4f1b-90ee-4f9f09b73032,588e8c57-e70c-43f4-9621-c4a1721cb54e,BEV-004,10,529.37
f2596eac-78cf-4dd3-945d-0f1297776902,588e8c57-e70c-43f4-9621-c4a1721cb54e,JAF-003,2,207.53
c9800ecc-e566-40c7-a061-de49644e3780,588e8c57-e70c-43f4-9621-c4a1721cb54e,JAF-001,6,503.55
a415e019-4404-41a9-a705-07510b9aeb9a,11da6e1a-77f7-4646-8600-160ff1bb3728,BEV-005,9,487.79
986ab7a7-a508-4b5d-9784-6cb140c4c4e1,a5c852dd-62f0-4979-aee6-5173ff9b22f1,BEV-004,3,646.79
ef9f48a1-646a-4ab5-adb6-b1a74b7968e9,9a9d244c-1276-4a63-8edd-50a434d88124,BEV-003,6,861.01
c3000016-36c3-48d9-a074-bb02f37739e5,31708e42-1a55-4594-b378-25b2afe018ef,BEV-001,3,678.14
68cbf9fa-7ca9-47c3-97cc-498c7c122ea6,7e305cfd-614a-4569-afda-b5dd561aed15,BEV-001,8,420.3
901d056a-7544-4b09-96c5-bfc3eead7125,062c19be-374d-4807-8e74-db993d0d2a26,BEV-002,7,499.67
62cefaaa-51b0-41ce-b224-281f46b84225,062c19be-374d-4807-8e74-db993d0d2a26,BEV-003,9,183.11
d2b6fae5-f9fa-4127-9868-6ea1f0e29eb6,0d17a621-88c3-4b3c-ad56-d8b41d20ab3d,BEV-005,3,282.33
a1b92240-e934-4df0-8b9e-51651fa94105,a865888b-3cd1-49d8-b461-0ae14d84312a,BEV-001,7,178.94
8ea8307d-1282-4349-ba84-cd94a21018e5,4c8ea4a0-eaa3-4f0a-b111-6b62d1d3332f,BEV-005,1,853.11
2881a701-a922-4268-a6cd-3fb750a860cc,4c8ea4a0-eaa3-4f0a-b111-6b62d1d3332f,BEV-001,8,13.74
0628d6e9-cbd5-47b2-a87c-eb56120a7dea,a541186d-e4c3-49ec-a6b8-61749ed03175,BEV-005,1,189.04
b0abe281-78dc-45e6-9004-78a1a554ae4a,46a5ce7e-7db9-4eae-b1f5-409ed654e091,BEV-002,10,969.31
82ac6cc8-a6d3-4e43-b5bc-7323c04bd11b,09eb83b7-4313-4daa-a13b-8205d9e15f72,BEV-004,8,830.1
190daeca-de72-4345-a2ba-536d91530075,09eb83b7-4313-4daa-a13b-8205d9e15f72,BEV-002,4,865.31
2e4f21bc-f643-454b-b3af-7cedd20775e1,51f1aaf9-faca-45ae-bbea-60c42c7c4e4c,BEV-001,2,164.29
708fd441-528e-45fb-af37-8be2fa0df4ad,39e9127d-62e0-46a6-acdb-d51bb267d2a9,BEV-001,1,76.16
bfda3083-8877-4d9c-bef7-5d64cfde5bfb,6cc7ba31-ebc1-4e6c-aa18-04868a72b69b,BEV-003,6,795.42
78aa0e4a-57ad-40ca-a5e8-b9145d1e2063,739ac244-f593-429c-89ac-9937edce1a0a,BEV-001,7,379.72
2c101e2c-1a6b-4351-b80a-8213501769e1,68e8d35a-746d-4b5b-b659-3aa30c2d9658,BEV-001,2,896.22
9eb27236-8cdf-4f6b-8ed7-31f83249804c,bed6d936-bc1b-4108-9722-02dbf655f4e0,BEV-004,9,552.62
9fe473cd-8410-4fe3-b596-d24bd3e41988,65d673b6-d43f-41d7-9ede-20d1d891948e,BEV-003,6,685.04
a3f38e0c-de25-44c6-ba19-aa8ebdd99394,091d0a4b-75dd-4611-a484-68f2ebd31b41,BEV-003,3,992.64
c1c3c008-2b4e-4722-8c78-dae2af27c3d2,a36346eb-0932-4213-84b6-f06d0ae73ad4,BEV-003,2,864.88
fb83c565-aead-44e7-9cd5-ee6d498f08cf,4f13b252-bec8-4ebe-8bb7-aba7495a6a61,BEV-001,8,766.8
59f9fdad-9221-4066-be62-32b4d2acf7f5,4f13b252-bec8-4ebe-8bb7-aba7495a6a61,BEV-001,4,493.22
bfe2288e-f424-4400-b519-82fe21000138,4f13b252-bec8-4ebe-8bb7-aba7495a6a61,JAF-005,2,382.56
dd12c2de-2c2d-46c1-9bc8-479945c2f99c,76cb45e5-e8c4-4d01-b92e-cd254cb513e9,BEV-001,4,909.01
ce082658-666b-4759-bc1f-e15cb1ed4421,7f9f311f-9700-48ca-953f-348bb960a0f6,BEV-003,10,391.64
42213014-baaf-4210-9ebb-019f2e28228e,7f9f311f-9700-48ca-953f-348bb960a0f6,JAF-005,8,772.41
bdac2c8a-226b-45cd-a41b-b140c9f78fb8,3e25f168-836c-4239-886c-f552b0502b6e,BEV-001,6,356.95
12b5071b-9a6d-48a7-a72b-da9bedb3139a,0e0bba36-ef8e-4057-b6bf-6908d18f4c4d,BEV-001,7,451.23
d6b087a3-d84c-4741-ae7a-2643abc30aee,0e0bba36-ef8e-4057-b6bf-6908d18f4c4d,BEV-004,4,234.18
210002cc-5cee-44f5-aa79-c87a3baf8ebc,0e0bba36-ef8e-4057-b6bf-6908d18f4c4d,JAF-003,4,261.86
c36cb3f8-3589-4538-b41c-f680504c5467,41ec158a-0d19-4bc2-b83c-cdeab14e43a0,BEV-004,5,102.39
00828a8c-9a5c-47c2-b6da-e0f229b02b2e,048e5141-203c-4d55-8d19-c14470254bc3,BEV-001,9,121.43
9cbad0dd-5843-41f2-9860-1b2f9ea793cb,b27047a5-0f9b-445d-8404-58d510810e4d,BEV-004,10,901.5
8b7e1fb2-8c24-4edd-ab97-d1e47751fc0b,51e762ac-8525-4451-a8a4-acd02db289de,BEV-003,9,753.41
902f3d74-be54-4b89-935a-7cc425e58cc8,51e762ac-8525-4451-a8a4-acd02db289de,JAF-001,5,892.27
610657ac-c824-4a4d-bf11-672e63caefea,9aec2f6b-5fb8-426d-bd73-e5a6ae702170,BEV-005,6,489.26
1e441a07-891a-42f3-9597-576e32cf0097,d6b3fcc9-7b24-42fe-9cf7-b13caa8860ec,BEV-003,2,100.71
24cadf43-07ac-4cdc-87a7-ad105e2ba330,083de51e-4b64-4389-a92d-8fd4eeecf297,BEV-003,10,828.15
ac16e1ed-c7ed-4a0f-aa20-c986324c9d9c,f89cdb28-c1f5-453b-abbe-fbd346259bb5,BEV-003,9,980.61
d9712dd4-1a38-43cd-b3e2-23139a26b559,0968921b-a150-407b-a3be-259b85c0484b,BEV-004,2,437.65
e2db4383-80d2-42c9-871d-ed0516af58bf,f3f50003-99ff-4d5e-85a3-bdf9c348a667,BEV-001,10,493.52
3d2ffb5a-9a1e-4309-9b52-3de2f71f7d8b,fb3e5248-56ae-408b-ad4f-a55bdd3dfa94,BEV-004,3,707.2
07445d68-0bde-4a46-9b85-497755863099,7629ccf5-484b-4116-82f2-3557ec9dffa6,BEV-005,2,261.22
51f861ec-cc93-4ad0-ac8d-2aba8331a409,7629ccf5-484b-4116-82f2-3557ec9dffa6,BEV-004,10,110.09
3edd18c8-dd01-4337-bbda-4a5ecf0e554f,7629ccf5-484b-4116-82f2-3557ec9dffa6,JAF-003,2,397.08
dd2314e0-d8ea-4a10-9591-a03d005ec1a6,7629ccf5-484b-4116-82f2-3557ec9dffa6,JAF-001,8,531.1
3dc30fe2-ad77-478f-ba27-f043f25c114d,500f7694-c226-486a-967b-7c483d84bc9f,BEV-005,10,530.36
6250534b-8510-47b3-b6ee-f8a750766b3b,55145103-aeca-4f57-90a6-11c4f61f9fd1,BEV-002,8,196.66
3011e411-2a3a-4e4f-82d4-f497a30b1727,0c9c35ab-9302-4b6e-bd40-5b69d82464b7,BEV-001,8,474.29
65ae8ec7-6d61-40bb-bec7-b07f6589bdcc,df5c8cfb-de4e-401b-bb07-7b23b01f64d2,BEV-003,1,248.39
95ad3a56-8da7-4a2c-ac4e-a85b023d8a92,7a3e9661-7a70-4e1b-bba4-000d8b36ad68,BEV-003,2,987.5
089da5c0-e94f-4c78-82de-fdbebc561b6f,7a3e9661-7a70-4e1b-bba4-000d8b36ad68,BEV-005,3,661.52
040e2021-3b63-4fbc-b2cd-cbb18ae996e6,5fcae57b-8bab-49f4-9df1-ca7a4fa5c57d,BEV-003,10,306.31
48a9ef74-d321-47e3-9a50-71d5e3305a24,2b0f381d-1bdf-4728-b149-c8ae7a2b3e79,BEV-003,9,884.01
8ef58d5f-0032-49aa-b345-a67357968837,d5023509-299c-4ee3-b45f-c58ed483e8b7,BEV-002,1,891.2
efbec957-2076-4e58-b323-94637e83d526,065edefe-b9be-47a8-a95c-daf3d3e08e50,BEV-004,1,103.09
997c2121-1d8b-43d0-b4c7-174b61dd7a43,23c75d3f-fd83-40d0-b5d2-a3d3f51ab6e7,BEV-002,1,650.4
bf0580cd-446b-4831-8f4a-5906b0f73f95,23c75d3f-fd83-40d0-b5d2-a3d3f51ab6e7,BEV-002,10,613.92
a3f6e55d-0946-4d5c-b1ca-323c2b044371,23c75d3f-fd83-40d0-b5d2-a3d3f51ab6e7,JAF-001,6,418.76
8f992408-f9ad-4770-a8b4-853a616dca0a,d55b50b8-ce49-415e-8c18-7a5de5b9e5e2,BEV-002,2,146.69
72de05d5-d5ff-469f-ac89-b0602a2560f7,e3cf81ee-803e-420d-9c55-33050f93f038,BEV-002,1,746.72
f527d1c3-c88b-48b7-892f-b26c0f064063,b1b65dd0-13cc-459c-bed5-5a52598bdd00,BEV-005,3,916.02
5e0133be-686e-46df-9d5f-251033398dac,a0685b91-ad0b-4fa8-b8f1-bb365e07d48f,BEV-001,3,691.66
5679c428-8197-4080-bb3b-6b95ba5dc64e,a0685b91-ad0b-4fa8-b8f1-bb365e07d48f,BEV-005,1,880.63
ab99b048-557a-4db4-bfd6-86db13bc7d99,a0685b91-ad0b-4fa8-b8f1-bb365e07d48f,BEV-005,10,915.77
4ab59f45-5599-4aeb-ae81-c55cfca6fe8c,a0685b91-ad0b-4fa8-b8f1-bb365e07d48f,JAF-001,7,232.11
ba856bb0-addf-41b4-affd-57a391838c11,a0685b91-ad0b-4fa8-b8f1-bb365e07d48f,JAF-004,10,631.4
9353b770-a61d-481f-9a1b-8474b5e8a480,36a01e5d-5e16-425b-8990-44632f5877d5,BEV-001,1,379.24
48b96580-18b8-4cd1-9e13-30e552206e0c,22f5280c-4fa2-4409-b7e8-bb53d1b726fc,BEV-002,2,476.95
7ae748cf-3d16-4a89-bc73-f86e870de53a,5e7afaec-56fb-4364-9cac-ef71cbb17bfa,BEV-001,1,641.91
51612484-ea9c-470d-97a2-666b8db68ae6,247dd06d-9dc5-48c6-8bb2-df81e68132e0,BEV-003,5,424.44
6b41e482-72f1-42a4-8b97-efeac5f9e7d5,adb081fd-ef21-4d59-88bd-f5aeafe7616b,BEV-001,9,771.51
78426b6d-e3df-425f-ae89-0065991cd086,dc1eeb33-b972-4320-86dc-4b45e0580e0c,BEV-004,8,444.3
35ec6d9e-342f-4775-91e9-7c67075077b1,da464fac-4611-4452-92e0-49c102141226,BEV-005,7,71.85
4e41f435-f364-4266-87f0-7829a0f15dbb,da464fac-4611-4452-92e0-49c102141226,JAF-002,9,239.34
4aa487a8-78bb-41ee-8414-9eeb2bb46743,eda29a96-2d49-4323-81e3-bfb73d15e16f,BEV-005,6,35.8
6054d5b1-624a-4875-96dc-5536c32280c4,bff472db-a4dc-4f61-9967-406052faa31a,BEV-001,4,593.28
129fc141-0634-4bdb-a9a8-0f0cc8408eee,e784b9a7-3e58-4efc-84fa-a61b04fdbade,BEV-005,4,711.64
41e6a0a3-72c2-447d-94ba-605ac56ccbec,2f25352d-50c9-4378-aaf3-a2732ff9fa53,BEV-001,6,281.74
51d14f57-66ae-488a-8cf6-4050d18e79b5,e9dd00bb-41be-4952-9a32-d5316a5550e9,BEV-004,2,854.23
9c9eb6f4-a1d8-4a7b-94bd-22f30d7b09f7,46e4b75e-533d-4340-a293-d6751ef2732c,BEV-005,6,113.4
bad194c1-ca2b-4a6b-9a5f-20973bee33b3,22b7752f-550d-401c-8292-bc0149439f6f,BEV-003,7,645.03
1988f6be-e163-4348-ba81-c3b0e1be7315,c2ea249c-6282-4001-9b87-6b4cd31b016b,BEV-002,4,817.66
83691dd2-7040-43b6-be67-865b7924a756,9ce6bb5d-4c5e-433a-90ab-3c880dcba757,BEV-004,7,241.22
3e574b52-b4d1-4676-9b1c-93eb237c659c,de0748aa-9c0a-42f9-abfe-7c5b8e38e411,BEV-003,1,818.25
b9c0b061-5b20-4c39-8d4f-a3b45a96a0bc,89bb61f7-5d03-41e3-8eec-4373320296a8,BEV-001,7,437.44
73a2e4cd-b1e7-42bd-ade7-e05c8b7870a7,89bb61f7-5d03-41e3-8eec-4373320296a8,JAF-005,7,298.82
a5950088-f4b0-4c00-877b-3c9461a2483d,f3a26da1-03b9-4645-8025-d30f17ab2136,BEV-005,5,187.98
fb059fbe-d4cd-441d-8c62-1eaa92d4b4ba,b3c51729-d59c-4fc6-a85b-f186857b92c2,BEV-003,3,58.1
5e4e65ed-99f6-4c98-8269-5e28b90f000d,bb71f0da-d022-4cb9-aebf-6d53da9f1787,BEV-002,3,924.59
9700729b-9bbb-44fb-83ae-c10d7aec96e4,f2ed2793-7368-4a77-b51d-7d8e0c4acc4e,BEV-005,10,967.78
df6a2fab-e8e8-4607-9345-4002847460de,16e071fb-83e2-4e6f-846f-2d03e734437b,BEV-005,4,589.7
b7f27ef3-3104-470c-9993-79ce796f9294,9872cb85-8f76-4cfb-9cc7-da6f9d86a5c7,BEV-003,1,74.71
5f663de8-d0a7-4fe7-821f-317c61d62a72,e4028e3f-300c-4042-8314-a95b1e9904cc,BEV-003,10,368.09
4a4edff6-45b0-4702-ad35-47b695b4b21a,4afa12d4-fbf1-4f50-9efa-8a03275f7f94,BEV-002,6,374.47
9b750d2f-8973-4420-ac31-a2ed9cbea963,4afa12d4-fbf1-4f50-9efa-8a03275f7f94,JAF-003,6,505.84
cdfdd2cf-9da3-44a2-8464-1dcfa8ebbc69,85c0a1e2-40cf-4cce-bf64-3d0d060a4965,BEV-003,3,667.21
0ff17e87-e13b-4ae1-9492-e25a3e85cd7a,c94d8442-f72d-4560-9a35-f7c9828b9c89,BEV-003,6,728.61
31fc72c5-6eb3-49ef-ad03-23af702ef752,c94d8442-f72d-4560-9a35-f7c9828b9c89,BEV-001,3,766.08
2a88cf08-d378-4325-96c6-bf76db4f3af9,257bba46-0b51-469e-becd-59ee45716a99,BEV-004,9,73.58
ca614680-3adb-4c01-9030-5b508dff783a,11b9b660-9aaf-42a7-bcbb-9fe31e247586,BEV-003,3,336.17
dc8e63b2-6d35-41aa-a498-7fa70be9cd45,11b9b660-9aaf-42a7-bcbb-9fe31e247586,BEV-002,4,102.15
10b3ae3a-2ccf-4990-bcab-fb0f6d0ac788,11b9b660-9aaf-42a7-bcbb-9fe31e247586,JAF-001,4,818.27
4f03bc14-5809-48f9-aae1-304fa9a038a2,4d5380c5-08d6-43ff-8342-cac5b2a3f794,BEV-002,10,768.5
375a88ba-5329-4c18-ba22-300889475844,79083c3a-b230-4dac-b1f9-255d31b55a7c,BEV-002,1,585.73
cb25bf75-7e62-4a46-b7d3-a933262cde6e,43d1d501-65f8-4494-9ce7-3cc82cda639d,BEV-001,3,675.85
d2cf3ff2-f2d9-4a8f-9530-595d3c2b3309,b7e45a61-d216-4d1b-a214-8e1f7ea280bd,BEV-001,10,311.31
059e9bbe-ad04-46f3-8d27-afa514bbe299,b5868a78-79a3-46b5-ba88-76e8f6a70723,BEV-004,6,566.98
8e8b60b0-0714-4e24-85ef-9c3a17ac1d0b,33a06daf-4387-4fd4-8c02-5475d4e0d132,BEV-004,4,924.72
a1776acd-9936-41fb-8d4d-959bd4112197,1d2c9784-4d55-4c04-bd14-022324687397,BEV-005,8,707.91
1e0c38e4-df6c-4103-b62a-2a48e094b8ba,7d3a889b-834c-4402-a113-3bfd55d0668c,BEV-004,9,979.7
7aedfe92-409c-4abe-bb84-7b2026d11052,e127f390-711e-4f73-a62e-610e9bbb4689,BEV-001,1,801.3
495877c0-aeff-4909-9cdb-15d5cd1bf40b,e127f390-711e-4f73-a62e-610e9bbb4689,JAF-001,6,301.36
c25d46b5-acc1-44f6-b9ef-3ad57226f4c3,e127f390-711e-4f73-a62e-610e9bbb4689,JAF-001,6,710.05
b93c65be-8523-4874-91f6-ea6d2c541f2e,c67ad66a-c3e0-485d-952a-847b51220bf7,BEV-002,4,274.97
0694eaf7-1748-4339-8db5-532c53131323,238ef2b3-de69-4521-9be1-97529821e726,BEV-005,2,341.06
aa8eec0b-2ba0-44a8-a108-0b19b695b439,a83c6230-0a7c-483c-b2c2-2ed012bcffd7,BEV-001,7,117.92
5db63d7d-a721-4e38-881b-32967e4fae7b,5b93df44-b45c-4111-acd2-65e2e43c8b16,BEV-005,6,74.56
ebfbde80-5a50-4e34-afeb-57dfc91b0f59,d76786a7-2cae-404d-a7c2-5bf419420efc,BEV-001,4,820.56
2c2dae74-1624-4d1c-ae78-c4f68642db66,d76786a7-2cae-404d-a7c2-5bf419420efc,JAF-004,6,406.83
99b845b9-51ab-4cdc-b99b-4e14a7970b8c,5faaaba1-28f6-4356-b9df-769756f93a19,BEV-005,2,999.87
963994f0-51dd-4a54-9429-b72788fefc8e,4646701c-bb23-4a08-85a3-ad0b5d90a8b9,BEV-002,1,642.1
abe58f33-de48-47de-8020-148aa7045114,89caf9c7-6253-4aa7-8375-9dbd21624a83,BEV-003,5,329.34
3f9032e6-d460-420c-bf8c-96d38e21379f,5eecaf4a-72c4-4b65-9ea5-a0a9d7176af4,BEV-005,3,846.66
aa9acf54-6574-47db-b9be-76312c8f02af,5eecaf4a-72c4-4b65-9ea5-a0a9d7176af4,BEV-005,10,712.4
fdd644f1-c20d-4d5d-b137-5c309b7aa18e,d36ac426-919b-492e-8f5c-86b5c0f9b98f,BEV-002,4,438.37
ce0a5161-e504-40bb-8e66-6430abc45d69,9837ad9d-b4de-4cf8-a0f0-c5ecab7aed59,BEV-004,2,793.54
6da72302-c9c7-4b58-a191-93d7d456b8d8,da561bad-0151-468d-a2a4-854f0ff72285,BEV-004,4,473.84
697fb04b-afa1-41a7-b121-47346b525cdc,63dfe2c4-4ad8-4d96-957e-bd8d686baea5,BEV-005,3,455.02
6818c362-01cd-49a3-a477-ef7454c4ce6e,63dfe2c4-4ad8-4d96-957e-bd8d686baea5,BEV-005,8,758.32
46ef2f2a-f197-4936-8891-a880e0ac6215,63dfe2c4-4ad8-4d96-957e-bd8d686baea5,JAF-004,2,52.54
5defad44-cafa-454d-b4f1-445e15884e73,07cea038-662c-4707-a3bd-046f043f209d,BEV-004,1,395.53
8911cfe3-1884-44db-8086-fef7effaffe7,c4f18640-47da-49d7-951e-d5c5d9b5abf1,BEV-002,4,98.16
0404c6b2-663b-440c-800c-a6a0217b5f5c,6e6bb3d5-4fc5-4b6e-b5a4-83497a74bdfc,BEV-002,7,605.83
1251aead-cbc0-49ac-b442-779ff681151b,75bcd313-61db-49a3-a8de-2af88da40abb,BEV-002,3,447.21
c2d4c763-453c-4fdb-adeb-f54de97f1f7c,7d0fc5bd-5237-4671-af84-73b6c5813b5a,BEV-002,4,567.96
0a01cdba-361c-4e0b-be27-46219cc5e6ac,61e7e6cc-bbaa-40d5-9ac2-7c17cf72a179,BEV-005,8,538.73
7b7743ab-d738-4d2f-9bda-6c68ccd4a019,61e7e6cc-bbaa-40d5-9ac2-7c17cf72a179,BEV-005,5,11.6
24f06465-ce99-4ad7-997a-e37e91652ffd,8896e1e5-314e-4b26-8624-88c3f5c3afb0,BEV-005,8,652.95
b6a4b347-5a6b-4401-b7a9-410f04d03659,56443d93-eae6-4b4a-91e9-4c1828de8035,BEV-005,2,442.24
99a9a9e9-0381-4999-a1d5-311b653debf4,845ef401-c53d-4b05-90d8-e7bdcb56b873,BEV-003,3,603.17
71f166b8-caae-4fd3-b682-363801d6764f,81ae2d15-a9ed-4346-9384-c79a138e5efd,BEV-001,9,753.03
a9c97843-0bf8-4579-bc13-53ea8ea4250a,6fb65e19-a8bf-47b7-80fa-3d2fc748ff18,BEV-001,1,285.68
c4519fb3-bd34-4537-b58d-56f7dedea394,21f167bb-6f50-4417-b4cc-5dad5a673a45,BEV-005,9,815.11
6579663b-cd02-4d12-9787-73c79b35ceb3,4c8520d8-3211-476e-b3f3-546e0701103e,BEV-001,1,904.62
e444160c-16eb-4889-aa39-3792aaa8133b,f52b966e-25f1-4097-a6b1-48e9b641e75e,BEV-004,10,861.33
8563a61e-ac08-4131-9189-a7eb21c4aef8,8b19a442-5be7-49d4-a1e0-104ae6a5856d,BEV-001,7,96.8
cc5c4e67-f439-4ad4-aa29-99cd4dd4d91d,84390469-ff80-473b-a7b3-0f440c52feab,BEV-002,6,135.65
98adf261-865e-480f-8b12-dc22fe3e631e,84390469-ff80-473b-a7b3-0f440c52feab,JAF-005,2,734.51
781447e2-2fac-4712-a8c4-5a6bde049490,84390469-ff80-473b-a7b3-0f440c52feab,JAF-003,5,191.83
212cfa28-64fb-42e6-8786-7704dbc41a17,2c20920e-74e7-4dcf-8ff6-fd05f7488310,BEV-004,10,691.82
0e05d07e-5105-4d0a-8db5-54bb3686aedd,8058bd75-90de-4fe9-885c-49da923683c4,BEV-001,9,775.55
aeaefeb1-62ad-4cd4-a9ee-9d84ea2739f5,3a2fd498-cc55-431b-a51e-6951f88f01d1,BEV-002,4,903.57
19dc3760-8036-462b-b302-8f85326f4a55,b5bcdbb7-e8da-47cb-9175-4426a93cf71a,BEV-001,8,820.63
4f896491-5593-4514-9c93-6cec78c825a4,d3c9c4f1-2aab-40a5-a848-fba6d88b397f,BEV-005,3,252.09
d19d098b-954a-4536-881c-490ced7c6218,f2f2a99c-9a23-4f0d-b43f-77f6c7b0d1d0,BEV-001,7,419.17
fa2e65f3-cc6a-4e2f-83ab-b3c7acf6d49e,28d86c67-1aaa-460d-8149-2e90cf27a523,BEV-003,9,273.99
cbebf73e-d825-4f12-be90-07221a259912,28d86c67-1aaa-460d-8149-2e90cf27a523,BEV-002,1,226.78
49f66d2e-9d4e-4005-b9a0-e464ae1d9391,008d0be9-867f-46f8-95ff-8b6903f674ba,BEV-003,8,287.78
73bcd51a-2ba6-40ff-9fa8-6b4085af4173,105e6bdd-a016-4fc9-a931-84679e3b5ce7,BEV-005,5,361.54
e014285f-a848-4cb3-a1f6-b652d480c827,eb0805ea-0ffe-4306-979b-2e992fd52ebb,BEV-003,3,107.69
8de73604-385f-4968-b62b-15678b1197c4,2aba6dd7-b93e-4847-842e-849b07a54888,BEV-003,6,359.98
d4d6ab9b-99c8-4215-9c96-278c7ff3c0b0,1a76d392-214d-4299-b036-bc5abe83bd36,BEV-001,5,672.96
6a0c7792-2a16-412d-9957-931b27ed2b40,dc2e1d33-478b-4cb0-93ff-db33fb1a458f,BEV-003,8,615.74
6eaa45cd-aa3c-4c28-aee6-2be0007469d0,4b45c1a5-9ec8-4f76-b657-1ac6c5e0e77a,BEV-005,3,392.27
02911b2d-05fa-47c8-8850-3c217b4dfa92,630dfa3e-a3f1-4ba0-b507-a64220d1b1a1,BEV-003,3,240.4
e8cf8cb5-7e3a-4b38-94ea-9c1cdf5873d1,630dfa3e-a3f1-4ba0-b507-a64220d1b1a1,BEV-005,4,807.52
806e6f8f-c9d1-41b2-b129-bcd25267523d,630dfa3e-a3f1-4ba0-b507-a64220d1b1a1,JAF-004,6,954.12
cf20bf8a-ba8e-4d61-971b-ef0011eb0a30,630dfa3e-a3f1-4ba0-b507-a64220d1b1a1,JAF-001,5,44.14
dab4f442-a5e2-41c9-bf89-197f9ba154c3,630dfa3e-a3f1-4ba0-b507-a64220d1b1a1,JAF-004,9,186.69
410adcd6-373f-4b15-a80f-392af210a5c1,553bd3a3-4935-4a58-9c48-2349f0a7f412,BEV-002,8,444.15
bdece7fd-2e0d-457c-b52b-ad9e0bd9a5fa,553bd3a3-4935-4a58-9c48-2349f0a7f412,BEV-003,1,64.82
887b084f-234a-4b93-80f1-bb51ec088be6,334f59ad-a693-4c4b-8df3-eb6fbb1e2b84,BEV-005,8,109.62
ae4190e8-0e63-4017-94f1-45fcc3881be2,334f59ad-a693-4c4b-8df3-eb6fbb1e2b84,BEV-005,5,198.59
374af136-6740-4c5e-8c28-026de7c65026,334f59ad-a693-4c4b-8df3-eb6fbb1e2b84,JAF-001,8,913.75
bd8735bb-014e-416a-b42f-cfe9511e93a9,1f11abae-c5bd-4ce7-aace-9fcd4c112e45,BEV-005,3,765.45
eb6d83f6-69ff-4367-aa29-eace4ec5d502,cd418626-68c8-4e76-8eb3-f1f16ed8815c,BEV-001,5,399.87
380c5d1b-83dc-428b-916c-05906f3188e3,cd418626-68c8-4e76-8eb3-f1f16ed8815c,JAF-004,3,643.64
d687727f-abe9-40c2-b822-ce0d5ad09de1,e451b33d-fab9-4960-a72c-86a3f397b1d7,BEV-005,1,655.59
a146f868-e218-4797-b07c-ee9729ec5f2f,e451b33d-fab9-4960-a72c-86a3f397b1d7,BEV-002,2,445.49
7e400f39-521a-42f2-a464-a70b12f3413e,e451b33d-fab9-4960-a72c-86a3f397b1d7,JAF-005,7,866.29
82a293a9-809d-4e6c-8ce0-2c96f51e2b5b,09cc03ef-27e6-43fa-bb46-b034faaeb275,BEV-004,3,595.98
84ff093d-b57f-40e3-9d42-0101e645b9a1,0c1fbb82-529c-4123-b4b5-58c730423ccd,JAF-003,1,175.95
9124aee1-f5a4-4a9e-8d92-2dfb0c8c64f7,0c1fbb82-529c-4123-b4b5-58c730423ccd,JAF-001,4,767.13
3ca9146a-751c-4eb1-9fd5-e912cffd67a8,8aacab6c-0913-42d4-8a65-1fe83395ebfb,BEV-005,8,748.68
961939db-fb9e-4bee-b090-c08f8402271d,cbeb74ef-7810-48fb-8ff9-573d9de95970,BEV-001,4,932.29
c34f5ebd-c830-49ca-a5f7-aaf3e732b394,542dcdc2-1640-4f9f-b932-826537e31197,BEV-005,8,848.07
d528dcfe-4bb0-48cb-9634-ed4aa23a11a6,352b00ef-7890-48b4-836e-cf6c5ae5ab90,BEV-001,2,959.91
c66f0194-6b44-46b2-b63a-81b6995d850d,e1c97cac-05aa-4ae4-a08f-9ef640c0e699,BEV-001,2,438.66
4c108af7-dbfa-46e7-bdf4-15d576d86f1a,08fb3c03-3fa1-41f6-b590-338a9f74cbc6,BEV-004,8,880.28
c5b2afcf-3c0e-43ae-a90a-a97cffe37f60,f2a85978-a430-4144-a184-1381db00812b,BEV-005,2,454.08
714a7d57-ef49-4fbb-bae0-275c0e604fa5,f2a85978-a430-4144-a184-1381db00812b,BEV-001,3,886.16
098b4dc5-cb13-457f-80d8-b7e3c4fa3727,f2a85978-a430-4144-a184-1381db00812b,JAF-005,9,891.36
a549d8ab-3610-4754-873e-ea552955a559,0b57c09b-cc63-4df3-bb50-3f8892721bf1,JAF-004,3,489.55
0eefd691-5ad1-4cc3-a1fe-d38fe4d95cd1,0b57c09b-cc63-4df3-bb50-3f8892721bf1,JAF-005,9,312.91
6d26d25f-be8e-4dfb-9608-c5f81669d4de,97933118-6e0a-456c-ab37-0ca3784c6f58,BEV-003,3,581.58
aefe5f8e-e8c0-4ec0-bef2-674313850214,993c9e34-8782-4a30-8c8f-d04a069ed80c,BEV-002,5,850.76
b1ea9a86-b56f-423f-80fd-4f809b7e7360,13a82457-96c3-429a-95f3-07b340996948,BEV-004,7,826.64
2445d16e-144d-46e8-b852-e6b1e5d320ef,9147f60c-0649-40d0-bcd7-59c60484f399,BEV-005,4,890.64
cc32bde5-927b-4ef0-ac1a-a208d9dbf785,4e864bcd-76a1-42ef-8f44-d9a5ce1e4aaa,BEV-001,2,700.21
a078eba6-93b5-4eda-82a5-160e0f6732f7,766fc729-3657-4e4a-8463-d727894edda3,BEV-004,6,909.37
34d18ee9-a1a8-4e1d-92b7-64901b59b61b,1b1018e7-0877-44a4-a793-3052f83b51d6,BEV-002,5,284.72
401b3245-8ee0-44e0-ba95-e3b12b59d9c8,e7b6c69d-a9bd-46e3-b27e-a7c612caa298,BEV-004,1,621.97
56f6acc1-a904-4430-915a-fd76c2cf51cb,e7b6c69d-a9bd-46e3-b27e-a7c612caa298,BEV-005,1,774.1
1665f926-d9d3-4073-a551-a340ff7426fc,b3d53190-841e-4c25-a108-7f1c9e387de7,BEV-001,8,278.73
b87e0cb1-0d63-47f4-a953-39736b4a55a8,04caa58a-c2c1-48ac-b4d4-dcc71f6442df,BEV-005,9,76.0
edc7b650-4983-40b4-a7f8-f7a1d133863a,04caa58a-c2c1-48ac-b4d4-dcc71f6442df,BEV-005,3,837.62
1b518581-2b9a-4916-bd46-aa344376910c,2df7359c-b2c9-445e-b54e-830c1da32d5a,BEV-001,2,535.23
4da7377f-670d-457e-ac75-e843c6b9b603,2df7359c-b2c9-445e-b54e-830c1da32d5a,BEV-002,7,70.65
ecb350ce-ebe2-4e98-9a36-096fa10004ab,e2f4c83a-417a-4fd5-a42a-af155fc613bf,BEV-004,1,753.97
fee3d4b0-1f78-41bf-867b-9b6f25a8776f,2ae2819b-160b-46cd-b8b2-2ccbc2477a56,BEV-001,3,799.09
e3a5646c-1a60-4580-bd37-ba5a3bae4882,ef490d1e-c8ef-4e49-8015-456d39d21c94,BEV-004,6,554.36
1c0a17dc-05e0-4f38-85ca-2b445576f784,6c4f4851-ffaf-419a-9769-5ce2df69d54a,BEV-004,10,246.57
9726c610-4106-4a7a-9007-8bca6a923476,008eabb8-26d0-4131-8b0e-2f8f04193663,BEV-001,10,307.87
c3be76cf-6871-47e9-8cc0-314edf27123b,2b097262-be41-4ef9-a987-0c5c6a002505,BEV-005,1,783.02
fa481489-da24-4be8-ad1c-008954dfd7c8,473eda41-34c6-48f5-a16f-14e2d24d2cb5,BEV-003,3,199.58
614f7133-f437-4d1b-a581-6e8f878c29f2,09aea985-9bcc-4054-8d80-ed11632b87fa,BEV-001,5,674.34
9c0ce593-ae68-41e8-b322-060d56ad79d5,dbfa7fb5-2886-46e6-abb1-12b331ccca66,BEV-004,5,415.89
1da6e35b-99a0-41c1-9e9d-ae0c03a73001,66bf5d13-beef-4dd9-abf4-6e710071abe6,BEV-003,10,581.87
498095cb-e475-493a-b464-a9a366f69e2e,6ccdeab7-c2b5-49e1-99d2-246fbb2d5078,BEV-004,7,926.14
e65eac5f-a38b-4d66-92d0-13c09486bcc1,b8879855-40c5-4cf8-8e02-d9deb81dd168,BEV-005,4,65.24
96e1a59a-b9c7-421a-b1c5-0ffa4cfe1c60,c43f67d3-455e-4382-9a7b-d2656e58f1f9,BEV-001,9,237.32
070cd1fd-000b-49c5-8a95-cd13d6bc1b83,c43f67d3-455e-4382-9a7b-d2656e58f1f9,BEV-004,8,790.76
d8ee0876-bfe0-45eb-8f8e-b25420ee1bc4,0b969b66-01bc-4924-a8a7-677fb90aabc7,BEV-005,10,366.08
a120836d-8e08-47bc-a854-a32c4ca60cd5,06c0ea48-a7d6-4cf6-a10c-d0ef151c90d9,BEV-003,9,906.68
0273b2dc-4459-43f9-85fc-b946f58715c4,2f32c9a1-4e3f-4d5e-ae45-e362931221d5,BEV-003,10,593.04
22abf648-eb4a-4940-b89d-af5999aa8187,2f32c9a1-4e3f-4d5e-ae45-e362931221d5,JAF-004,7,309.97
80b23f64-8a78-4c42-8bed-0a37d1e87da2,ec24ad1f-beab-431d-8ef6-96d482c30aff,BEV-003,10,207.76
6c4205a1-3419-4a78-9f18-ecefe8a20aad,be69742a-52a1-4854-859a-fdedda946d9b,BEV-003,8,725.48
4c1dbe0c-9471-489d-a6af-2a1de6344319,b5ed737b-bf56-45ef-adf0-25f92d04b421,BEV-003,6,168.99
c41fa268-9948-412d-aab1-9b92fc4871b5,b5ed737b-bf56-45ef-adf0-25f92d04b421,BEV-005,2,137.45
6f3e1ab3-813c-4aa6-830d-9904af857591,05587bf4-299d-4dd8-b28d-535ad5710212,BEV-002,6,633.62
6c85db55-0e0f-4996-b1bb-6ed06d7f70be,05587bf4-299d-4dd8-b28d-535ad5710212,BEV-003,10,173.97
41eeb6be-7992-431f-8717-6b88df773d91,9804735c-057f-4dfc-a323-64383477ac13,BEV-001,8,902.72
5e670066-c561-4620-8fab-6f243de42a59,43018aa0-4230-400e-b96c-368727e1d9c6,BEV-003,9,969.46
d2f36837-1b4f-4012-94ba-e6ac0133b9d4,b64c88e9-9f3d-440e-b8f4-03ca170535fa,BEV-003,1,692.22
f15ca98a-54ff-44d6-b51f-96407987dff3,b64c88e9-9f3d-440e-b8f4-03ca170535fa,JAF-002,1,103.12
4c4ec9f1-739d-45aa-9e96-18b42db90113,163f3dd5-0719-49b3-ac6f-7648879571ca,BEV-001,4,980.34
7caca437-be03-4220-95ef-d927d642264a,0e0c8d07-c53d-4ee3-a96f-418ce10ca903,BEV-005,10,85.56
aba2b903-39d9-44b3-bad3-ac309c723cc8,b418a8d2-a979-4145-ba8e-57fcde38f9f8,BEV-005,1,96.85
3aad8c54-84fb-41e8-9bf4-0ded97b936f6,21a3d8b0-a2e2-4d59-8e4b-d7019691cd3d,BEV-002,5,95.04
a6e96f0e-c35a-4346-81c8-cef67fd44efd,988f0ea4-5fde-4783-a8fa-dcbc8839c5df,BEV-002,5,578.73
3bd1ee3c-5887-4008-969f-aa61ddf9159a,9d0f19c6-4aff-4801-8cd5-2395922278c5,BEV-001,3,494.88
3219f23c-4528-4a5a-81f0-b4c054221719,9d0f19c6-4aff-4801-8cd5-2395922278c5,BEV-002,5,87.25
423f80f0-b4c0-4c8d-be78-1fae357c5163,dd9f78a2-903f-49a3-be51-b1c7cfc11a54,BEV-001,2,317.29
403bfad7-5e82-4d03-bd6d-829d00539dc5,49a6dc93-088e-4680-8f42-2bbb9978b8b1,BEV-005,6,80.3
499815cd-18c7-41ba-b70d-0b5c5388c7ca,49a6dc93-088e-4680-8f42-2bbb9978b8b1,JAF-002,6,183.51
acd6f75c-d1fe-47c5-b8cb-f17aaa62b6d6,49a6dc93-088e-4680-8f42-2bbb9978b8b1,JAF-004,7,612.78
d42bfadb-9b81-47dd-a49e-e10abae9a233,bef0b433-a845-4bab-8565-06b10942de2c,BEV-001,1,116.43
b3b7a879-894d-4305-af03-8b29c0e42412,6dc3b269-4650-4ead-9f13-a0ec90ec00cc,BEV-002,8,383.12
6e16b261-412f-4cb7-82a2-68f3d81bc82c,d47f63e5-8e6c-46a8-99c5-75e460a1e547,BEV-004,9,689.51
cd092ba6-7867-4cd3-88c0-abd98743a9f0,f253e6c1-18cb-41a0-a3d3-1886a3202e6c,BEV-001,5,893.53
f3b45106-d301-4187-a8b8-9e0601a8d07c,8f05ee7e-1d79-48c5-b0f0-0380a529a333,BEV-002,3,344.26
36e8b6e3-ddf9-4149-aee5-9a31c2fbfeeb,87d43770-8be0-49ea-b797-ba1bebbc0715,BEV-003,1,698.9
0f08d2c5-ac36-4940-af75-fc9421dc048f,342ebcaf-5fb0-4351-8af8-14c615758346,BEV-003,4,577.32
7970a119-8036-4c13-b4a3-35c62eb4228b,4c2b5d55-8e79-42c3-a05d-1260a0a611b0,BEV-001,1,509.85
9f4167c6-d166-4d17-bd08-1afa91da1bc9,4c2b5d55-8e79-42c3-a05d-1260a0a611b0,BEV-005,4,333.77
03a3f864-67e0-41bb-beec-53fb21589b1f,5e554c6a-6c3e-4213-acdf-fc584297dbd4,BEV-001,9,277.62
7c01a637-81f0-46ca-bee9-7bdd8a13c6b4,bbf64f77-936b-439e-b9c6-b182035a6516,BEV-002,9,478.43
b1148d65-4a79-436a-aefa-10f49a152b3b,b7432d55-a4a1-42a7-b2fd-c6b546c6a634,BEV-002,8,229.88
8333ca57-c5b4-4984-8d17-ccbfea988e78,b7432d55-a4a1-42a7-b2fd-c6b546c6a634,BEV-003,4,273.1
3cc8a803-71ec-4f57-b8b3-1d6bc4ef4b08,5901f3e0-fd42-4e88-a6a2-ab4c302465bd,JAF-004,4,849.59
dd07d1bc-a94f-4f78-8c23-a0d182047d82,5901f3e0-fd42-4e88-a6a2-ab4c302465bd,JAF-005,5,955.29
b3e2087d-1758-437a-b7ef-1996d5463912,e14cbda4-0bbc-484a-bc22-b9373ab607e5,BEV-002,9,596.49
bcc92e90-461a-4f30-a84a-1944112ed966,116a0557-839c-4007-bc8d-41e1b03e0748,BEV-003,6,887.83
c544cbcb-49c8-43ea-81f2-f6ba94293282,116a0557-839c-4007-bc8d-41e1b03e0748,BEV-002,2,963.3
35924602-2492-4256-827e-e9145aa23122,466754e1-97c3-4547-aa26-292b8db22e47,BEV-004,8,760.88
8535ae73-aaa3-44c4-8455-6a56f2303899,de153389-ea62-4604-bd8c-c908cae24385,BEV-005,3,611.38
455cdfed-ea41-4484-812e-873d8b9e0473,af14d8da-3660-43a8-a6b4-dfbaf42ea009,BEV-002,2,760.92
617f6fd9-65f2-46d3-9475-b0c5e32f4ad3,af14d8da-3660-43a8-a6b4-dfbaf42ea009,BEV-001,10,373.73
1da01280-f006-4f05-80d5-9fa4cbbf195b,b4ce544b-cd9b-490e-a2be-330ccef5a32c,BEV-005,9,828.54
ea09eb1a-641b-4ba5-852d-884196c5e727,35bd4014-b355-484e-8cf8-2942634964e3,BEV-004,7,594.04
485a1b95-b31e-4bab-8e9e-8a87b8e7f354,35bd4014-b355-484e-8cf8-2942634964e3,BEV-001,4,398.65
11bed2ba-3c33-4734-8aee-aef0734c712c,d2853d20-e517-488d-9b02-558689cb8df7,BEV-004,10,999.26
965373c0-214d-48e0-b741-b5fc99421ebd,d2853d20-e517-488d-9b02-558689cb8df7,JAF-001,2,20.08
0e6ad10e-620c-4bb4-b640-ad2f79d0d41b,d2853d20-e517-488d-9b02-558689cb8df7,JAF-003,9,225.0
fb9b06c7-5d68-4081-880c-db628efadd30,6ca8b927-4ed6-4d41-8cc9-78d5bccd86f6,BEV-004,7,178.19
5fec25bc-6e20-4285-8303-794a4d753b30,99142b0e-4435-487b-b3a7-60d4111e3717,BEV-002,4,345.14
616f2a0e-6d3b-47ec-a89e-84e31ff05ef6,99142b0e-4435-487b-b3a7-60d4111e3717,BEV-003,4,827.28
faf76841-a871-454d-8767-b56c35b60b75,0c4f5728-f257-4af0-81b0-b2b162fafd49,BEV-005,3,462.99
ff57c4e9-4140-4385-9f22-121d18b5c617,aa687e0c-74a6-40cc-a64e-0d2867cca261,BEV-005,8,595.23
a1828e37-9ee5-40eb-a87e-35eab26683ce,7853eb11-c29a-443d-9ca8-d673d3f08304,BEV-002,3,427.81
85d601cf-30ca-4c4b-b415-3369ad96e61f,dbe97ed0-3a55-4007-91ea-ae4997ab67b3,BEV-004,10,955.5
44c47f72-ccc7-44c1-9827-b78a8304e24c,09704c47-398b-4533-9420-6baf582ba340,BEV-001,4,157.78
722cea3f-2240-4e96-91db-b49a1d026771,53d6fa61-23b0-47b2-8f2b-6e659b59e259,BEV-003,1,320.1
0db3d84a-da87-48e4-bcd7-b167a902b897,7a16f437-ac05-4dcb-9342-3b751685a0a6,BEV-002,5,555.7
78974927-2e41-406a-b5ac-a973a60bbe07,7a16f437-ac05-4dcb-9342-3b751685a0a6,BEV-003,1,716.07
49eb515a-470f-4433-a8d0-0a9d77bf0434,7a16f437-ac05-4dcb-9342-3b751685a0a6,JAF-005,7,506.22
90a6a610-07fe-4b9a-903e-893d4f4a2082,51c6cbd7-c6d1-45c2-91b0-c682971ccfc5,BEV-005,8,484.09
87edeed5-5709-4ca0-809d-f765d8c44b4c,51c6cbd7-c6d1-45c2-91b0-c682971ccfc5,BEV-001,1,765.96
596a1eb3-ed0f-4cb1-a6c3-558e77ee2948,3fafa261-915b-4183-8f0f-08dbd244cf4d,BEV-004,1,729.75
129db316-53b9-415a-95d2-90d36e891efd,a1a7309b-6fa2-4526-80a2-3dd379852988,BEV-003,2,160.99
1f08a3d7-3bbe-40df-b5d3-ddb67a3c8bf7,2278a43f-1aad-4c9f-89fc-d023af29fb5c,BEV-003,9,71.84
6f5ea2a1-3311-4de5-9fa1-52d39fcf8e5d,e2f65c16-284a-46dc-b3a5-987ea13f9913,BEV-004,6,602.9
d516cc8a-9af5-4939-b813-aa92b95030e9,fb47bec0-ab0b-469a-81c1-6bf9fc2e8430,BEV-002,1,283.37
1e0d565c-ab4c-4b01-ab8e-24219d6e2e80,03dfd1c6-a65d-4b5e-bbd8-b6d1cd915323,BEV-003,9,669.03
9f199dca-0644-451a-9e7d-1e5ab677df13,fdc4b1c5-2f49-4374-9065-b9f4bc211ed9,BEV-002,3,865.02
d9bdca7b-2a70-4ee2-8239-0abb135f6fab,dc0cb2aa-b592-47e7-a005-9ea00569e650,BEV-004,1,82.42
0223a056-caf3-4427-80d0-29ce1a40dd85,5004cb87-0974-4810-ab18-c8307d699191,BEV-001,6,393.31
dc6e2878-a26a-4df8-8327-c89e4aa3667b,f3eb7583-9d9a-4e36-b680-70b9e5ea34e4,BEV-004,2,633.4
ba1e87b7-e93c-4329-a803-4200eb1cb5ec,10c722c0-735c-408f-ae32-792d37b77989,BEV-004,9,935.99
0718f70f-f94f-4a3b-84be-adeeb8dfca0d,10c722c0-735c-408f-ae32-792d37b77989,JAF-005,8,874.88
880f9723-c359-4482-a0b9-3eda4e99b27a,ed8b72aa-79db-460f-9ef9-a99f14380d31,BEV-005,9,769.15
ff078846-ff96-45b9-82c8-63098637f0b9,7953868b-e8d0-44d2-b77b-fd25f576a5de,BEV-001,3,996.9
d057d568-131f-454f-be97-54af9c170981,c69b44e7-795c-44eb-9f88-d91c14ee4c42,BEV-001,2,651.01
f7b94bf4-cede-45d7-8f1d-38003cdd952e,b188f233-6d58-43ae-8e0d-ec44c747b580,BEV-005,4,669.24
c0270a86-ed62-4700-be53-ebfb932f381a,aea063f2-e7c6-4784-acaf-74ed860c85d0,BEV-004,6,937.73
4de3e551-8987-466d-9258-1b6d408adec8,10d65310-fb83-4352-befe-185b0bddcd85,BEV-004,8,197.6
f9246908-3bae-4e04-a218-9127a521d1b4,10d65310-fb83-4352-befe-185b0bddcd85,BEV-003,5,212.41
930031a4-1d19-40b9-93f9-12691a0a8e98,10d65310-fb83-4352-befe-185b0bddcd85,JAF-005,10,904.87
13e19964-a8f1-494a-9848-0946a82d4f51,87caf9d7-0b04-4f1d-9b06-470f442e61c8,BEV-004,10,291.22
4a03e795-ab74-463e-ab1b-13655dc239c8,48a9af52-c9aa-4b20-954d-4250f07bbc1f,BEV-002,5,448.43
c91410d6-fc7f-4c41-9141-32447ebaa879,48a9af52-c9aa-4b20-954d-4250f07bbc1f,JAF-002,5,444.22
6c4258c8-1039-42d9-9283-612bf4790c40,48a9af52-c9aa-4b20-954d-4250f07bbc1f,JAF-004,9,70.55
fbcd5b60-083b-4ab7-849c-0c97ff42242c,785238f1-ff76-4505-be93-ad52020c34e3,BEV-001,3,840.64
fe94b3e0-e330-41d0-8b59-268031f365f0,49e9cb8e-f4d8-4645-975b-e1c8688efd1f,BEV-005,3,142.54
8a4b2ed8-359f-4ba2-9c75-2895784c24a4,c5f5f92b-34dd-4fbe-a2aa-8edaa62391b4,BEV-005,4,946.19
e83e8975-cd88-4508-8aca-e3dfd63a79de,7093597c-f7f6-425c-8eac-b6650848cf7b,BEV-002,1,264.9
27dcfb20-7f04-4981-b72d-08b96bc2ab15,f7381703-a231-4726-8090-f0a3ed5453fc,BEV-003,8,102.72
7d395374-4245-4b57-b07d-207c0f50e607,c0ba618b-37a9-4931-ad5c-ed8d9fb3467c,BEV-002,6,695.62
06f440f7-b63f-4ae1-87d2-8f035ac0be24,390af6ed-fcb5-4a6b-b6db-10f968dd3674,BEV-003,4,865.06
0a2160b8-43b0-4ace-96f2-f80e10d05515,c1fee8fe-4831-4073-9359-c3fceee72b5d,BEV-002,2,892.12
c72f5403-1912-46dc-9b51-c97a61595991,29aca5d5-1859-4330-9e7d-1013038d8332,BEV-001,8,14.0
bd0fc63a-2b1c-48f0-ab61-38e0b5b7eefd,1d1f5ad1-39b7-492f-80e2-0b17b42bbfd0,BEV-001,5,281.38
a8109d3a-1149-4618-82b1-c6d31d56023a,32bcd4df-ec3b-457e-8cfd-fa49d471a3de,BEV-001,6,282.9
e58652b9-c41e-4617-a0c0-705511c17a56,cfbeacb6-9a10-49eb-a958-a5a9b0d3f9cd,BEV-004,4,281.82
32aa71a9-b7fa-4765-993e-6c02cfd5e5b3,a90c3881-288a-469f-bc94-e7ae4d33813d,BEV-001,10,503.47
a9f37b1d-76dd-49d7-9736-6efafeaf8ac1,bec977b0-4057-4d83-95b3-aa214823cc41,BEV-002,9,863.43
126c1e9a-f662-46a8-98f6-41a09a322b49,f798c2a6-c31a-4ed5-ba94-df66a7100d9d,BEV-004,9,891.88
0a18fadf-887c-49d7-b843-8d2f9b2bba4a,5bee7aee-f6e0-4bfd-8075-b6d61c38cbb0,BEV-005,6,699.84
e5e647f0-fb8d-4b2a-b5fa-f06eae33dfa5,aed2ad11-f195-4da9-ad2d-fdd2cdc04f89,BEV-005,10,465.34
60e70dd9-fb5a-43a1-ba21-6ff779cd13bd,2167af1a-5afa-4517-8c32-f9df4081183e,BEV-002,8,40.7
78cf94a4-8f98-4207-a57d-b673144dfbe6,d1505981-abbe-402f-a7f9-18c401626b2a,JAF-004,10,540.61
5967f49e-c8dc-46e7-9b4c-0fc8db9ab02d,538f7f0e-76aa-4df2-8e2b-8fd4cd4348cd,BEV-001,4,959.21
609e2bf2-8551-448a-8830-ac68914a43c0,95828310-a173-4434-93d2-a13faeed9c7b,BEV-005,1,845.1
4893a8a9-a776-49c0-b12d-c9d5d71f5769,b6a568e0-f543-49e9-870f-a36693bcb578,BEV-005,3,908.47
4541600f-383e-4d12-94fe-b604b5c3d767,8fcdeab6-019d-44de-bb61-d0dfe6a978b2,BEV-005,7,128.47
f78d1f1c-a5a0-4060-99df-3e244af654e1,8fcdeab6-019d-44de-bb61-d0dfe6a978b2,JAF-001,3,631.32
eb5a638f-e029-4e25-baf5-87f015ed4f36,8fcdeab6-019d-44de-bb61-d0dfe6a978b2,JAF-001,5,41.99
2043d117-88a5-4402-b996-98704e3ef4a3,832d961f-8863-4dd2-a1a8-a0723bc7174d,BEV-004,2,824.8
a444ce39-e847-4a21-9f56-a4d6b1a8b2ed,5e2490df-5f31-416b-994e-bfecdb57823c,BEV-003,9,178.59
8cdcd00b-d9dd-4d4d-8166-bf3529520396,d95c7050-18c0-49d0-a99e-bfb246a446b8,BEV-001,6,958.08
f5456d4a-dbba-4658-a71d-432033112999,e10484b6-c3f5-4bf9-8237-fa8815182d16,BEV-005,8,386.12
c7e25ad4-3b5a-43a5-a1db-67eaa9d390bf,e10484b6-c3f5-4bf9-8237-fa8815182d16,JAF-002,6,790.78
1b8d8f3e-c960-449d-931c-a51fabe519a8,7700883b-4f25-465a-9c75-38eb7bc93468,BEV-004,1,973.63
42bece04-539e-4dbb-b790-528b0df286a8,de70a83f-b2d9-4113-bd8d-1b7bcceb0e6f,BEV-004,10,384.09
c0cf609f-4ea3-498d-aa71-b900c79b4687,64476db8-855c-4c9b-b0eb-bcb5360f8a98,BEV-004,9,574.07
3f6cd336-1b3d-4bad-b1e8-33c91a788f85,62b23ccb-5440-4adc-928f-3a83d6ef05d3,BEV-003,5,687.44
f4ff7a5e-bf5c-4b79-a805-253a61e19538,62b23ccb-5440-4adc-928f-3a83d6ef05d3,BEV-003,5,256.42
1d15d26a-1e76-42d4-963c-c01ece494f47,49efa387-3d72-4f83-beac-7e43f63afdcc,BEV-005,8,538.83
05f26144-a72a-46c3-9938-819fb98f3408,25e196a4-0351-4bfd-8a1a-54237b4e9207,BEV-001,9,847.28
470543f4-98a2-48ee-920d-5fb55a2689f4,a032e5b0-f63c-40ec-8633-cb7ea488e389,BEV-003,4,728.04
e770cefa-140b-4899-8eec-1937a5e47a79,9c7aa9be-ad37-4bfb-99fa-acd44691bed3,BEV-003,5,57.89
b363fdeb-9854-4d6e-b305-b68713b73465,5373f602-e2e7-4d0e-b29d-804866f1b2f8,BEV-002,8,12.01
fa21c116-326d-428a-86bf-2c21caf62731,8700d809-fb08-4ae7-b24d-b66420c07d22,BEV-005,5,825.3
77f10043-8e07-495f-b4db-44ae08bc1c18,fafe1494-a3d5-4442-b061-e5f50f3cfab8,BEV-004,4,828.96
1bf1cce9-01d1-4a0a-bc47-6e7910f43a4d,9b5ef162-39be-4c16-ac35-aa584a5f70ba,BEV-005,2,180.6
76c822dd-ce7f-40c7-bd8e-4442804dd1c5,70a32e40-03c1-46e9-b3b7-d24b32cb3f0e,BEV-002,2,569.07
ee27612c-e3d7-4577-9c2b-445d8b90e749,acb15f2b-4dfa-4b52-8b0c-895b4d6056a8,BEV-002,5,676.55
5079c8dd-a95c-4e6a-b21a-e07197f602a2,acb15f2b-4dfa-4b52-8b0c-895b4d6056a8,JAF-005,8,782.27
9dd73400-4edf-4ce3-a749-24174a037816,acb15f2b-4dfa-4b52-8b0c-895b4d6056a8,JAF-001,8,864.43
7d8f3271-7e4b-45aa-b1a1-694afdaae0b6,acb15f2b-4dfa-4b52-8b0c-895b4d6056a8,JAF-005,2,576.74
1465faec-ae8b-44bc-bdad-845dc4a047fe,c5af5aed-8dcd-4b29-839f-0cc9b3e81d41,BEV-002,4,783.2
8bce7a4c-5ce9-4da8-8e11-d2246544c8d3,c5af5aed-8dcd-4b29-839f-0cc9b3e81d41,BEV-002,1,158.91
433fcf86-6ec3-46ec-931e-7bee93663304,d79f0a34-b807-4d50-b108-57acb9a3c8a5,BEV-005,4,302.41
4c61fc91-104c-4cb0-b3a8-8e5644bd54cf,20d87844-81cd-4bb1-98aa-0ea4aff5b16b,BEV-001,5,55.82
b3c2d9d0-1980-4321-b54b-618610b15679,3b5f8fd5-3b54-4476-a38d-3c6498474125,BEV-004,9,778.78
339a2b6a-4b88-42bf-9fdd-1bfcf39d9315,b1b1006b-69fd-45dc-bdb5-ed816a754583,BEV-005,5,45.25
32775d7f-1145-4478-914b-66c2b220cdde,ded06772-f364-49e7-827b-1f0cfd94441e,JAF-005,9,69.99
5927698f-01ea-46c7-94e4-16c8694908d7,ded06772-f364-49e7-827b-1f0cfd94441e,JAF-003,2,893.25
a7f41c64-87d3-488a-8aa4-a01a20cb01cb,ddb3231d-772c-4287-9e21-0c9acc9621a5,BEV-003,6,318.99
4ddb2520-360e-46ee-b3a7-8410f22cff25,4ed3fdb3-ae38-471f-af87-d55a7db961f6,BEV-004,2,42.51
cb8198c2-d75a-4e80-990b-1b7064491bc4,20009c04-9d45-42f8-875a-528232c3b3a8,BEV-003,6,244.5
8ec95fe2-78a7-4709-a515-6064872ab51e,20009c04-9d45-42f8-875a-528232c3b3a8,BEV-001,1,917.73
472accb1-6c72-4129-9976-527478d04809,20009c04-9d45-42f8-875a-528232c3b3a8,JAF-005,3,655.98
7f3ad03d-a6d4-46d7-8dc0-c5e8655e1dd4,5132354a-7cb9-4bf1-99a1-704e87e73000,BEV-005,1,479.35
54ca8714-1f93-44ee-b370-a7a01a40b281,fd573d93-7eac-4cf3-b03a-cb0c657fe0e0,BEV-005,10,335.75
24125ca8-086e-4428-8b74-37716effb4cd,0ab68757-1787-4841-9290-f247c8d4f709,BEV-003,10,12.2
4bdd4a34-0fb3-407e-8359-4a8c6ddbde0c,73c68bdb-8ccf-4b84-a5d3-af403e0fc9eb,JAF-002,9,847.09
9541c165-2740-427f-bdaf-134ba646c021,73c68bdb-8ccf-4b84-a5d3-af403e0fc9eb,JAF-005,7,736.9
2b40ab40-69de-423c-94fd-f3118b664eed,7fc2eb2e-067c-491a-935e-c1719c482377,BEV-004,9,692.69
7e141202-c387-41c4-908d-2f919796d8e0,e24bbd09-ded3-4cc2-9a79-8e1b59e6122e,BEV-002,1,473.42
e10856bc-7d01-485e-85e9-ed682b3e66a3,5fb9076e-9a60-4c77-9c83-97edd6849b1e,BEV-001,3,513.31
733742bf-5c0a-4c82-9b97-e0f2cf1c8155,056b3b5d-b86e-41b7-9988-40dd75894820,BEV-004,3,841.77
60143dc1-cf6f-4b89-b201-124a25a0cc3c,5e174372-3bb5-4e5b-b448-95a98567d47d,BEV-004,7,239.73
c3b55ef2-02f6-4f31-87a5-6116a9c54d3c,a9ab345a-4d30-4850-a3f2-a4b13407badf,BEV-001,2,108.63
8b62a647-506f-4915-ae4f-9bf11636d889,3eecb7d0-04cd-4608-b1da-522273011d85,BEV-004,10,979.35
1807501b-d862-4268-a297-387e2c862a51,3eecb7d0-04cd-4608-b1da-522273011d85,JAF-004,10,231.42
2c950448-2279-4045-9447-d6dbbb7718e0,d18f6745-8d30-4082-91e8-f8c42bd29241,BEV-001,6,228.7
95adb4ca-dc96-483b-a207-aafd60b98e6a,17cd20f7-c38f-4f8c-9df6-00561ef73fd8,BEV-004,8,784.55
1444ab6a-cf1e-4328-b962-ccb2aa5fc386,6932880e-11ca-402c-ac90-5f9a074f63de,BEV-001,6,840.38
a3d30abf-9504-4f2a-81b4-57b1f82a58ad,6932880e-11ca-402c-ac90-5f9a074f63de,JAF-001,4,22.67
d96725ce-f29c-4ff4-b41c-b9a33d20f324,a5a0448b-4fb0-42ef-b273-9901c28dc8f4,BEV-004,4,552.37
bf0ae500-aaf5-4d6c-95db-a7556b075706,192c733a-858e-4895-aaa5-6aaed4c09190,BEV-001,10,405.25
ee3e16ec-a476-4621-bddf-ce0e7c985d0f,73e4f0e9-2770-4081-bfc1-fcb7e2e5fe34,BEV-003,8,458.36
c3ed855c-3297-4cb5-936d-1e69d66a4c79,73e4f0e9-2770-4081-bfc1-fcb7e2e5fe34,BEV-001,9,935.42
ce6ddf27-3c58-4161-9dad-c4461aec257f,73e4f0e9-2770-4081-bfc1-fcb7e2e5fe34,JAF-005,3,508.69
e6ca5aa5-2fee-4582-ae1d-dcf07c7eb7e1,4ebc2de4-6c04-4316-b473-a6dd106d3745,BEV-002,9,418.6
00751c45-2e29-4a37-a5a0-b0d34ec01eef,802824fe-c8f5-4fd7-99e4-067fd63090fb,BEV-003,1,549.77
c3da6891-5054-47ee-b944-0c3c8d77c78f,fe666fb5-762d-49c8-9173-498446934de3,BEV-002,10,388.64
d1b7c21e-39e4-4aaa-8b75-2be1806b7266,b38e82af-7d3e-40bf-aade-d730a1c74ade,BEV-002,6,364.28
527dbb68-d8aa-4a7e-9399-4ef268067628,77d45b48-3fd5-47d5-ac07-0586a97d1278,BEV-002,1,743.71
bf57e945-416e-4075-8a30-ceaf3b60e611,1c1656a9-bec1-43d5-9c7d-4e3ebdc257db,BEV-004,2,262.94
3c12d03e-0ce8-41e9-ada5-5e877a5e2964,3dd06bf9-651c-4d3a-a0b7-63d1cd3e7ab8,BEV-001,6,136.78
06bab05b-e5f1-4e55-88c3-daa9f753487f,6a5e5c68-9108-4531-a20e-f113d1960617,BEV-005,7,83.42
9f37c91c-26d4-473c-99f2-0ea3f5f314d3,191f13d2-15b3-4237-b1bf-d542e0b47cd8,BEV-002,5,729.23
5dd8934f-734a-4ee1-b53a-1601cf311f60,7ee50e26-8a4d-414f-92d8-d2c601306333,BEV-005,6,111.34
c501bde8-cb41-4de8-b891-9a64ac38f7fd,5cdee45c-d0bb-41b0-b4d1-113487d94374,BEV-004,6,479.79
6b2cf847-8261-4755-8882-61e036e9eaad,eb2527bc-6364-4ab9-a049-73dc08412a9f,BEV-004,3,365.01
62bf15c8-236a-427e-96e2-4b7d61127139,a32ae62e-a021-44f4-bbe3-a4461cf2b4ce,BEV-001,1,279.67
fe60ea1d-9f83-451f-a64a-2eed03b10be3,6af4606c-3f06-4eda-ae9b-94253d137492,BEV-001,7,481.03
1e644bb6-add4-4dac-8a91-fee3201df7b5,157005c5-e266-43d2-becd-9a226b87a1d8,BEV-003,4,868.65
0b1a96db-0984-4dd8-b0cf-974ff6d432c3,140e1402-6bac-48dd-9953-510d57d66381,BEV-005,2,355.07
e7d62dd7-65c6-4804-914c-1237d448fa55,aecd2361-cb07-477e-89d5-bc20ec96dd83,BEV-002,1,326.0
b0527828-dc69-414e-974f-5695f44ccfa9,553ea7e1-c1f4-441d-a53d-f7cf9be0b2ac,BEV-002,4,41.43
3475d9fd-6ed5-48ce-bc71-275d7e2bdac2,ef1a3e51-d532-4d86-85a1-9da79d6a1bd0,BEV-005,10,36.26
709065c0-c2cb-448f-a354-bd1ad6af1092,ef1a3e51-d532-4d86-85a1-9da79d6a1bd0,JAF-005,9,228.31
173321d3-c62a-48d6-b842-3ef19ffe7131,9e21cc08-2162-4d05-b26d-46c5f7a1efbb,BEV-003,4,427.12
beff2c56-6e7b-4a4a-9cc8-24c5e4dd9d94,edb9c032-51f1-45ee-bfbe-2fa6f2c12cf0,BEV-004,10,705.06
b8f154c5-6fe8-438e-b65c-9511fc9137ad,edb9c032-51f1-45ee-bfbe-2fa6f2c12cf0,BEV-003,5,415.71
2a5cb157-7af9-4b46-b03e-726836ae21e9,711355ea-712e-44db-964b-3c4d0714c0be,BEV-002,9,610.93
b23ce451-6fca-4f9a-8e52-22026ae6004e,f9c89083-5409-494e-9863-b196373fbb83,BEV-004,10,866.73
0212ce1f-4812-4e75-8fb7-fde61bb945fd,6211ccac-61a8-4d8a-9424-b1fe1388d004,BEV-004,4,58.22
0ad14b38-e81a-445e-ad11-e2abca5b44fb,283944e1-771c-4ea1-a1dd-d3072ad4ba2d,BEV-002,8,856.91
900d5975-cfcc-4246-809d-35b7a92f72f2,7e8456d3-71c8-49f0-a620-3a68560077f2,BEV-003,1,78.75
71a7b304-fb87-4bf5-b8c5-2ffa4c45231e,8eed0468-51d3-4d6b-a4b4-26fc4950489b,BEV-005,4,994.91
76c02811-6994-4c11-a346-1dfb8a4b3751,99249081-e92c-44a0-aed4-37bb42d111ee,BEV-005,6,809.5
7fcdab10-9c30-4fd5-9172-d3bf0f334264,188a6442-d568-4ca1-b45a-e47efe8b8f87,BEV-002,7,900.04
f43b801c-0ec4-490e-aa95-2f1382a9bacc,dd39bdc1-5be8-48c4-9c09-fdd7b474742e,BEV-001,3,343.71
8ad676d3-2c1d-4afc-9d46-c99c7bc27817,ecd3d267-d620-4c1b-8720-fb993b9a4cd8,BEV-003,3,491.66
efe63bcd-651d-4f88-8fea-8ef35e394b3b,ecd3d267-d620-4c1b-8720-fb993b9a4cd8,BEV-001,10,436.82
465352fe-442d-4eed-aab8-501430b1bc59,ecd3d267-d620-4c1b-8720-fb993b9a4cd8,JAF-002,9,478.31
be45dd0f-4f77-4487-8c46-4d9e6cf38292,da84550e-d24e-42a6-913a-09f1d11f690a,BEV-002,3,727.95
32b2f8db-b1e9-41e8-b433-f29ef5ab3eb1,ac7cfc18-42ad-4244-8490-88bdf4221cfc,BEV-001,6,193.97
f11a3b5f-f668-4bcc-8d0c-622dd1aaa525,27810481-097a-453c-b86e-95c74334ff2c,BEV-002,3,148.17
10711c32-34b9-4ee2-b065-75c6dc9fbe34,27810481-097a-453c-b86e-95c74334ff2c,JAF-001,10,394.68
33efbcbc-190f-404d-a060-48d7b20ebda8,77dd5bea-b76e-42c4-b17c-69f6cf64f67f,BEV-004,7,799.25
3b14cad6-f8c0-4b00-9396-252b3420b2ca,33d27754-c3c6-4fd1-b7aa-ec98d674fd14,BEV-001,8,317.26
ecc8b3a4-f9e2-4c5f-9422-0f31d5ed029f,cb33998a-a08b-477c-a121-ce31b25ab183,BEV-003,5,543.29
b0ad032d-9e55-4cda-878e-7774edc616a3,a2dce4bb-b194-491d-8a7c-15690c8b3b39,BEV-004,4,76.53
0bf02b8d-f961-4412-9875-4e60841b5a84,b8f9e46c-f0f8-4f44-aa57-5dab871668fd,BEV-001,2,301.58
aff5c93d-1544-4c88-9128-fd8d86288235,b51ddb0f-7017-49a1-8b96-a8effe62007a,BEV-005,7,781.99
08d90eb5-6bd2-483e-b7b9-2943b54728ea,ed0c2484-9b86-4939-ba7a-2766b0f47703,BEV-005,3,185.43
35cd7c46-1b8d-4438-a168-a06808109846,f0c778f6-73a8-4df1-a3f8-d6bcaa3bb187,BEV-001,6,352.35
37c99202-b704-4ac5-a655-a0c968a946eb,8d50c665-c5f1-4ba3-b605-1ed214c734fc,BEV-004,6,164.87
9246bd6f-0d39-4d62-9b28-4c0eafb912fd,2094e87c-30e6-4d7f-86e5-22da7539f2af,BEV-005,5,686.75
99fb5b75-2145-4ae5-a39e-6c437dc5de62,7f79c3d0-0cc3-4211-a9aa-596264acf45c,BEV-003,1,229.9
01831c85-fea2-4f7e-82b2-286346c7cc6a,aca17941-fd94-401a-be24-c989b33c5f2a,BEV-005,6,804.07
b2ff549d-454f-4bf1-9e14-3e5020c1f9b6,9ef9585b-5925-438f-b32f-6cf42d71732a,BEV-005,2,147.19
ffed9eaf-f6b2-4b10-9268-92828c53e326,7a0d0ae2-73c2-4350-9707-1c5fbc22e406,BEV-003,8,447.7
24ce3332-e5a5-45b5-8ee8-3fb73ede9f2b,180af2e3-b835-4125-a5ae-a02634c5720b,BEV-004,8,93.91
63e13f7f-023c-4972-a8e8-42ae29e2a5cf,a7baa760-026f-427d-81ce-eb74eb9a3d28,BEV-002,5,266.93
a1adc1ff-0b36-4b48-a3a6-cf6d44317207,9fce304e-382e-4441-a8ce-409df8ab25a3,BEV-003,4,208.72
93a9a462-bc52-4cbe-8fe6-96cf1124dff2,f755f550-3ac8-4405-8b3d-cc5a9776c0a0,BEV-004,10,190.55
ffa08d6a-0739-4daf-83be-f1b8f0a4328d,ff778bf9-cd88-4205-ba1c-daeb1222e76f,BEV-005,4,793.47
54db6720-2971-4606-a120-d1485819c28a,76d5b7f5-88c9-4b64-931b-4ef0b054b548,BEV-004,2,233.41
5aff18a8-01fb-4ce1-8808-a749e64b1e4b,b16ac320-49c4-403e-9394-7eca701e57b5,BEV-001,10,957.52
8bad453c-ee99-4fcd-bd17-095d89bbde63,b16ac320-49c4-403e-9394-7eca701e57b5,JAF-002,7,442.61
68a5723b-1ff5-4787-acb0-327ee960def8,2adf686f-24f3-4fcb-b10c-a25401dec994,BEV-003,10,287.41
7bc8b2b7-6c6d-49db-9f0b-14acb05fdb74,18e6981b-7781-466a-8e50-fdfc35667561,BEV-003,1,104.91
a74587ef-49dc-441f-9807-7a838f559c91,18e6981b-7781-466a-8e50-fdfc35667561,BEV-001,3,462.04
e75bc4fb-d64d-4afa-9709-03a6e7f599bf,18e6981b-7781-466a-8e50-fdfc35667561,JAF-002,3,804.07
a2a8abd8-51e0-49df-bfce-9866111fb0fe,f03eb2f6-f8d8-417d-820a-be81be17e281,BEV-001,1,240.56
e6446d96-dec0-4da6-923e-d7929375ecfa,a8cbf8c2-a1d6-49c1-94bc-1e2bdcd9831e,BEV-004,7,554.77
b39e1028-6b7a-43ef-9c26-303910dc0780,5b289cc9-533e-49fb-8b46-10a79efc6619,BEV-002,5,363.39
808f16c1-2109-4ee2-a230-8e3d8bd6953a,bf0dafec-32d9-4653-8d1d-7acf1d1c7202,BEV-002,4,987.14
9c663f5e-1908-4a1c-97f1-11022b253427,7032fc98-84d9-4774-9fb7-3e26b1ba8558,BEV-004,1,701.98
44c4de3d-13e8-4f8e-a1d8-761147c5d221,38bb65a0-5723-4939-a50f-fdaf8ad08eb0,BEV-001,8,311.95
3859653d-2de5-4514-8982-2aa4b02c79a7,38bb65a0-5723-4939-a50f-fdaf8ad08eb0,BEV-003,4,811.69
d659c6c4-515c-4865-8851-8ef10f696597,38bb65a0-5723-4939-a50f-fdaf8ad08eb0,JAF-004,5,753.18
ea318e04-2bb0-4c31-87c3-d3a87adff2ee,b18d2a66-0048-4674-8925-428ade60124d,BEV-001,10,693.75
c92fdaec-f802-4ead-b5cd-1137b38e27b8,b18d2a66-0048-4674-8925-428ade60124d,JAF-003,8,643.22
0b3b779c-76ab-41ba-931a-f41b5951173f,b18d2a66-0048-4674-8925-428ade60124d,JAF-005,2,406.71
26d91fe5-84da-431a-bfab-696cf882dd63,b18d2a66-0048-4674-8925-428ade60124d,JAF-003,3,227.66
9d2dcab4-084f-40de-ba2f-abc3da15d3ad,e77142b4-9417-47c6-a29d-6ec14a7116dd,BEV-003,2,644.57
0db659e8-9e42-4da4-94d7-54b07c719c99,604b75b1-212c-408b-ba2d-2066999fbf0a,BEV-005,3,717.86
4ac50006-5b10-429e-8cb7-c102eded57d2,44ee765a-1754-473b-8521-e6b1031bc520,BEV-001,5,88.45
cd443269-23fe-4972-9dc0-fe92257483b2,44ee765a-1754-473b-8521-e6b1031bc520,JAF-005,6,669.4
0d05dc12-1646-4028-9545-1bef279c2b3a,d5dac985-ea92-4fe2-bf21-500caf307918,BEV-002,10,691.6
8ca4f241-7a2c-4064-8c42-985e005a448b,54513170-4af2-4d0e-97bc-3202262d25a2,BEV-002,10,30.25
92ed1b82-cc69-4087-91d4-12d83806ea1b,1384f5db-af31-42f7-8f3f-761ca6e939fd,BEV-003,2,966.58
abb8a48a-75ae-4b33-b26b-1874446cd481,0678af09-e4cd-4d23-b4b6-77fa374de693,BEV-004,4,438.38
8239076d-a972-4730-aef1-7b4ebf1e5a5f,98acf51d-1a13-443e-987e-fca717a302c7,BEV-004,8,863.4
77b04459-95a1-4c62-a4a9-c44919b1432d,98acf51d-1a13-443e-987e-fca717a302c7,BEV-004,6,142.39
0df367cf-7e18-4ea2-8260-1fe36b2b482e,98acf51d-1a13-443e-987e-fca717a302c7,JAF-003,2,742.27
fcd8c855-baad-493d-8525-a99e1f030e86,a2ca8dbf-5847-49c4-ba42-b50303d9e738,BEV-001,4,824.48
21da590a-5395-4abd-b812-a443f3019908,402ac9c0-1603-483c-9606-0f6e5d917b77,BEV-001,6,770.13
d4596bdb-76aa-4c9f-8c8f-6f15d20ff288,d1f65779-72cf-467b-a5b4-73807416856f,BEV-004,1,812.0
3a6eb926-e793-4c7e-9ea6-4f9dd06ab661,87fb5df0-cd8e-4760-82b5-d40bc2987de1,BEV-002,5,501.15
08f8f66b-5ec8-4f98-a9e8-f4c204d7cf0c,231b4e93-6b62-45ac-94df-36ba2ed9b665,BEV-002,4,221.45
040edabb-1f03-4ca5-8954-034579547ef4,65463952-b19e-471a-aa05-fadfc7e837de,BEV-003,1,243.92
f6c8ccd4-2443-447b-9f2c-edee7ce76f20,e408e5d9-cff9-4da3-a32b-fa98fff760a9,BEV-001,1,881.42
82c51909-a088-4235-a984-0cea4518f4b5,418a4dd6-679a-4af2-99cf-be6cc56aea9f,BEV-005,8,886.29
f624804e-1a2a-4288-bbda-063b0613bec6,7ee9d527-03db-412a-a483-0766bb990da0,BEV-003,9,692.97
1ce7287f-4b72-4fca-aa14-b7744f51cff0,46602239-0cc6-4d19-9f9e-6f3fbc68cdeb,BEV-002,3,958.46
bd8507b6-71b6-4bc7-a397-507f14f8d549,46602239-0cc6-4d19-9f9e-6f3fbc68cdeb,BEV-003,4,429.54
22009e41-8d2b-4db5-845e-2bcf90b7e4ec,d50493ab-3926-4114-87d6-093f42d52b1e,BEV-002,8,624.43
25ad3798-86ee-4c82-80c8-2da4f685eb9d,d50493ab-3926-4114-87d6-093f42d52b1e,BEV-004,6,656.64
5c00ceb1-0ec9-4f91-a56a-502bc243b517,3117ffed-56cd-4623-8fe7-069d3bbcaef0,BEV-003,7,337.24
7379cf61-10ab-40dd-95c5-99556d2b252a,3117ffed-56cd-4623-8fe7-069d3bbcaef0,BEV-005,7,675.55
945f229a-bdf8-44a4-b040-dc7a65d437ae,3117ffed-56cd-4623-8fe7-069d3bbcaef0,JAF-004,5,362.26
919e5a3e-65ab-4c4d-ad54-f83436262c65,52a169f8-aa1d-4688-b9d6-abc0157f666f,BEV-001,9,280.66
d214bea6-e6df-4226-a1ed-dee5e0a8185b,b3a52adc-b437-4bc7-9c08-14d0d124639e,BEV-001,8,40.37
a5292f16-53b0-432b-8b89-5f2dbc867a3c,b3a52adc-b437-4bc7-9c08-14d0d124639e,JAF-005,3,983.77
08e46927-764b-41a3-a0e3-8187a3ab9cab,be0a28e8-2dd6-4234-a49e-ee01f235ad3e,BEV-003,7,22.59
95797ed4-b186-4f83-9643-946200f0946c,40cdedfa-89af-4be8-8ac2-26b2693ac681,BEV-002,3,239.68
862f98eb-f653-4faa-92c1-e2321d8fc176,38a692db-c053-4721-8813-7200f2e1d48e,BEV-001,9,545.61
413173ed-81e4-4bd5-83ac-6ac09c7ad23c,062c8fd9-f471-4bb9-bf88-52de0505bab6,BEV-001,6,19.73
d239fa3b-437b-4f2e-af09-d425c84db403,5deb6cc9-cdb3-406e-a70c-fb6c81f78892,BEV-001,10,459.31
1da72505-3eaf-496e-9a78-28e7a8b0d868,cd017a3e-afa6-4afc-9d0a-8b22b6bc071f,BEV-002,3,532.51
6021c0aa-3842-4ac2-b41a-9810abbf9263,996b047d-35e9-47d6-a740-20727ea0da85,BEV-001,8,723.31
1759bdc2-c109-4ce1-9077-fc66edd14429,5ea8da1b-b100-407c-86fe-8cfd8dc6a672,BEV-005,5,754.67
5de3a00b-12eb-4a4b-8fe4-bf3746413151,c32251d3-b4a0-44b6-9411-2c30ce3cfc8a,BEV-005,8,893.9
d23c1faf-39f6-495b-a40c-595105e791d6,d9dfed8d-a7c8-4a9e-b8cd-4b40dea57fc2,BEV-002,8,609.08
33e0aa18-0343-4745-849b-66be8cea11b7,b952c5a2-2fb8-4b51-baec-b4af5b452e0e,BEV-005,5,541.34
e1d0e207-c250-4e1a-a27c-0ae8a4cf6194,4830fda9-87bc-4aae-ad91-8b948c9d9ee6,BEV-003,1,332.33
652e6f40-aa51-4f47-b453-34fad74ceb8e,4528f15c-e306-4708-9f47-668ff7a4d356,BEV-003,7,643.34
a1dbc2f8-8fd3-4681-b5bf-1d808cf4b8cc,4528f15c-e306-4708-9f47-668ff7a4d356,BEV-005,9,430.24
07ba9254-ef18-4e5b-8ecc-b5fda27380e2,4528f15c-e306-4708-9f47-668ff7a4d356,JAF-001,4,102.14
6dc2f332-513a-41f9-8f74-56190974595e,4fc89da2-cee3-43a8-86d7-fbf7676c5626,BEV-004,10,81.31
8d627a6a-dc11-43da-b967-0a88fd65b353,1cdd3c42-e70a-4495-b59d-c297a5c04be2,BEV-003,9,833.19
abd6e3ee-a89d-477f-af16-7c33924c3e0f,0c4b1032-4fe4-482d-ba19-478425656eb3,BEV-004,3,92.77
cb53fd69-e9e6-405e-9f8c-31a4655518b8,578ffe67-823d-4cd6-8c3f-ea677557e1b6,BEV-002,9,761.46
2a0b651d-66f6-4065-92a4-571824fb4858,9bcddb29-4cd1-43f7-a0fe-a566b472d825,BEV-002,2,975.72
e1a0df1c-994d-4cd6-9422-41c6484c5338,9bcddb29-4cd1-43f7-a0fe-a566b472d825,JAF-003,8,78.54
3a214964-4131-4831-adb5-9a1ab7c0980e,088de39a-47ba-492f-8598-716a3d6c20d1,BEV-001,6,102.75
737ded25-3077-4def-b9f5-373505ecd8b3,0924adcd-f0de-4829-ac48-989893102758,BEV-005,2,169.22
10f1eb7a-e387-461d-93a1-0322c734da87,fc72dc66-1893-46d5-8deb-ba9c37f34ccf,BEV-001,10,423.49
a012b1c4-3404-42b0-a3f3-97d63ddb3398,fc72dc66-1893-46d5-8deb-ba9c37f34ccf,JAF-002,1,421.31
88e87f8e-3a37-420d-acd2-0b988b26ee78,1483a0f2-75f4-4177-b759-4ccf965a8b6a,BEV-004,4,455.76
e8c8ce23-7cec-4893-a26d-4b49109b2e53,165647eb-a7a3-486a-8fcb-66a2eec96460,BEV-002,9,490.68
8afbb58b-aaf8-4cff-898e-ab46d8050577,165647eb-a7a3-486a-8fcb-66a2eec96460,BEV-005,7,673.59
eb088c4e-5e5c-432f-b7c4-adc21f17bc08,165647eb-a7a3-486a-8fcb-66a2eec96460,JAF-001,8,656.31
32eb6d7e-3df7-4bce-9256-c192d5cc8e7c,abd2ad29-e567-40fa-8959-92737a23f73f,BEV-004,10,620.93
b475c6a6-b3f9-4265-ac74-dcb5b0b971c9,abd2ad29-e567-40fa-8959-92737a23f73f,BEV-002,8,358.07
32efb9d1-51ee-4181-9bfc-dbb69848120e,abd2ad29-e567-40fa-8959-92737a23f73f,JAF-001,9,140.68
73991fc9-3c6a-4c6d-95f6-dea8019eacf2,6d2e631d-ce14-43a6-bb82-54235d6eb99c,BEV-002,7,368.56
dcd19003-c7dc-4cd5-9e78-65ee27d39e18,6d2e631d-ce14-43a6-bb82-54235d6eb99c,BEV-002,5,647.17
64a02cd8-ea0f-4c2f-b161-be8311471aef,6d2e631d-ce14-43a6-bb82-54235d6eb99c,BEV-002,9,259.4
2af7afaf-06c4-486e-8400-d1d6c1bd758e,6d2e631d-ce14-43a6-bb82-54235d6eb99c,JAF-002,6,470.31
9efcee72-2f47-436f-92fb-c576d9497a9e,6d2e631d-ce14-43a6-bb82-54235d6eb99c,JAF-003,8,408.87
6191b4d0-8582-4f2f-b643-d255c3f459f5,adec25d0-8c01-4218-8d0b-02479d8f3854,JAF-005,5,883.3
ec23b25b-5e71-49e7-a6bc-042ab666b4d2,adec25d0-8c01-4218-8d0b-02479d8f3854,JAF-002,4,657.94
33005c4f-a377-407e-baa0-b7e37eeeb930,ba5685e5-0b4e-42ce-99b1-90bcf579ee69,BEV-005,8,494.17
9360a6e5-b2a2-48ec-b2b4-28c8d19c1236,91a8240c-71ff-439a-ab11-a2fc89f91155,BEV-004,6,219.22
34d2b269-c061-46c0-a046-0c8dcb438d97,1a11f3e8-1559-41b4-b828-a4dda0784b56,JAF-002,7,322.8
30c7dcb3-e807-42d2-afa7-da19b1402f85,05903895-b5a9-41cf-a4cc-22cb9e8a475e,BEV-002,6,235.18
01239a49-5e47-4620-8939-d208b5972611,8344715b-d058-4730-a37e-432f554b618c,BEV-004,6,61.58
9e63c6e1-1bcc-426d-a9cc-236a63bd1c9a,6b442b39-55f9-416c-a49c-d377e2fcc4f4,BEV-002,7,222.19
020b861a-84a9-40ce-b166-db4e5db3c82a,90c2d89d-2a57-4560-b5ec-ee0d9e8ce93f,BEV-005,5,807.99
1e136c00-dc30-4b1c-bce6-d6ae753fff0b,8bd37233-73a3-4401-92b3-424200a83856,BEV-005,2,407.01
eba5160a-fcc2-4e6b-aad7-46ff827491c2,a99eebc6-6380-4c97-b4d5-3771bf75edd0,BEV-001,9,580.1
4f3911bc-155a-4930-9468-2bdc64df5bcd,bc6f9f4e-2449-4209-847b-8d8b53049559,BEV-001,4,710.68
2f2e60e2-4e20-4f54-826d-99a62bdbb3aa,fd3d5042-439e-46dc-ac42-5e411d5e9323,BEV-001,3,194.9
be9b11dd-5e37-453b-9384-fbf3ca208499,fd3d5042-439e-46dc-ac42-5e411d5e9323,BEV-005,8,81.9
0989c9b1-ac51-4cf4-b351-6e8f4f683933,c5095234-661a-46e7-9f9c-b26ddec6f47b,BEV-004,8,583.07
6e96173e-b20c-43d8-8deb-7deee280a855,a2c1868d-99ed-421e-a4f0-d3edcbfde2d0,BEV-005,3,505.21
679c3313-73b9-4a9c-8e92-c4300acac13b,ca303ad5-08e9-4112-9e73-d7f1da5330b3,BEV-004,2,892.85
7f23d0bb-569b-47b8-b9b9-f670b4e72574,ca303ad5-08e9-4112-9e73-d7f1da5330b3,JAF-003,10,881.54
21bb0916-c53a-4751-9584-2ae907f6dfa6,4f9b306d-97ba-4f70-8b76-fc61def51e6e,BEV-003,1,349.07
3dc92287-380e-4c07-b554-71754a29f62e,4a377bf8-1213-4d5b-acfa-57830f3e44f2,BEV-003,10,419.03
0d97a17b-1aed-400e-9e2f-d9a338a98ee5,2b9eba56-734c-4354-85de-2f18d6236ea3,BEV-005,7,693.8
bcc377d9-22b5-40ad-9466-c7781ceaedf1,2b9eba56-734c-4354-85de-2f18d6236ea3,BEV-001,1,475.8
e4be19fd-566c-4cef-8c02-711a4c66a950,2b9eba56-734c-4354-85de-2f18d6236ea3,JAF-005,10,806.15
7cab810e-ae09-473f-9eff-3a525e918e1d,eb4b64ce-5be6-478b-ad4e-1397dcd82b07,BEV-004,6,493.42
690f4246-8374-4a86-a2fe-8108e8d2f3fb,eb4b64ce-5be6-478b-ad4e-1397dcd82b07,BEV-005,2,296.04
71b5e71a-d67e-4804-aea9-d619356434b4,3223a84c-06a8-46ed-a233-afdec281e1eb,BEV-003,2,922.99
5a37d45d-cf81-4ed1-92b3-a50595f80892,d953a4c6-33ce-4d24-a518-2017a06d6a56,BEV-005,9,504.12
4b039ef4-1f0f-44a8-8a2c-869d30eb01c0,5fcf0142-5baf-4f06-ace9-c5c2c2aed48d,BEV-001,1,922.48
c8f19fc8-5fd1-4e38-ae10-64d73eae3337,44e81db6-7cc8-4362-a48a-7d246ad1c45b,BEV-001,1,554.91
d4992a6e-9841-4004-824c-0bce45f6aa72,9480f3b4-c515-4b9e-a2ad-a707dde848fd,BEV-003,10,691.71
157e124f-76af-4785-9d1b-befeb7120ba5,29b19f39-e61b-463b-8ed8-3011b2d62d77,BEV-005,6,490.02
a985a6dd-e3ac-4e1d-b4c9-7bba6f08f9d3,842db337-a34b-4666-a751-c9eef82ee712,BEV-003,10,638.19
eeb2a8ba-3925-4867-84cd-435e593de94f,6f073a12-197f-4b2a-9f30-62a44b44fbb1,BEV-003,1,150.6
226101dc-d47b-472b-b161-4f9f3339de1b,42788470-a4de-4c70-bfcd-484ca5746641,BEV-004,1,607.04
73ccd964-b2d2-4595-bd6d-b77965d446c9,70e97246-ad7a-4abe-be7f-2626cb79060d,BEV-003,4,114.03
9a6a25c0-a00f-4c39-b849-8f93fe59159c,104c7072-8acf-4f2d-932b-76fca90fb558,BEV-004,4,55.96
0b1aa44d-76bc-4d62-9f61-c0315fb4b8cd,15c84807-3bcb-4b59-9535-9737409a511c,BEV-004,6,300.58
1db63d5d-f8a7-4bf8-b258-da042c8c53f5,ee596108-0056-4752-9ab4-d77e675212b7,BEV-004,2,964.94
8f7f58b0-9f70-4184-ac59-d6a8fb668354,9cfc86f7-d840-41b3-bc79-bf1e04fe56e8,BEV-004,9,378.28
30cce366-746d-4192-9283-e7f1744a93b6,a9dd7e9c-118c-4e89-8a25-10933e1192bc,BEV-001,2,626.6
1c3a4ffa-6395-4643-b06c-acbcfb93cb8c,c48e1de1-1821-4d55-8f97-b2fbe5a187dc,BEV-003,9,822.02
b6fee0a9-71fb-4693-a609-13f3a37f12cb,8e444570-95da-4cd3-abcb-020ca59609bf,BEV-002,1,891.53
9500eb97-50a5-4891-802a-827eb52b215b,9e2ffef5-497e-40fa-a83a-c40ce9fae837,BEV-005,3,106.28
c35b6763-3be3-47e5-8a81-9bd52bdd7268,027fd136-ea09-4510-908d-2078eea06930,BEV-002,2,51.81
ff7a4634-093f-4c2c-9f96-1eac5e785179,0c8e7857-273e-44c9-993a-0e481d8fb80e,BEV-001,4,943.02
cd31592e-bd8a-4cd5-b03e-702a802acd95,25179a4f-8477-43bc-9688-cbfb75603def,BEV-001,3,496.96
b7232fa5-4671-422e-8dcd-5f17056ccefa,63f9ded7-f46a-48d6-bed6-e3200b805873,BEV-002,10,682.11
a16884da-13c1-441f-91f9-7d6a6a78d939,ac842c38-80e7-491b-ad88-b38f8cb691b2,BEV-003,4,402.29
00983d29-092c-4874-a982-a5b2bf76ad87,b9299d54-7969-4d5b-a96b-bd171a9a6273,BEV-004,4,390.38
6038727c-bd73-4c2e-b3ee-49c3f643f73e,5ee6bae7-431b-40d7-a4f4-b7af95965a13,BEV-002,8,122.66
d13a0ed9-4f8c-4fb2-961d-9ed65046ad3e,42969767-ebe9-49ef-81ad-e27ed3af584f,BEV-004,2,510.37
c8cd9af9-d358-4bfc-b408-7e22571359f6,51fef200-ce41-4872-af41-9926e8d037be,BEV-005,3,208.22
198dcd5b-2c0e-4c6d-a21c-71e6b2e6a5b7,3bdd2e44-7a33-4784-abb9-6a07f84ca9a4,BEV-005,4,451.01
5e7dcc00-b36f-43c9-b661-ac1342c65154,c61cae19-4780-4e50-ae9b-b8010515a622,BEV-003,9,990.92
ee422de8-1b4b-4f40-b950-b89b0ed96887,df1eb56c-8b3f-44d4-bb32-8c164afdf089,BEV-002,4,731.27
ebdd8482-106c-4252-bd01-a311b9407f10,1ffbbd88-f222-4c92-af35-3b50ae2d62af,BEV-003,7,99.5
db04a779-2b12-435b-912e-016e035e4e9c,ea0f4dcd-c815-407b-8300-ff1457edc82d,BEV-003,6,364.21
d887df77-dc5f-463d-a6be-6f262ea6aa39,4f4c98d7-594b-44e9-a630-3a50487035f3,BEV-005,5,903.82
b1f55f50-a98c-4a8d-8ad1-8ae24cca7fc0,4f4c98d7-594b-44e9-a630-3a50487035f3,BEV-001,10,874.09
842995df-3610-48c4-b6e8-01f6899251d1,4f4c98d7-594b-44e9-a630-3a50487035f3,JAF-002,3,533.6
5a1b4f2a-89d6-4763-a254-b3174d190cfb,fadf2431-9d18-4c58-9b4c-ef6cf3a88a50,BEV-002,8,504.21
33b6e934-612c-49da-8266-5d36b666a4a5,748e4851-bc48-4936-b843-378d0efc592d,BEV-005,8,564.24
215d38bf-7ea3-4123-bb95-df47b0fd7910,74cd6104-39b9-41ff-90c8-495d686c4851,BEV-005,5,55.46
ef507541-0aab-41db-a731-355ab8cd8373,74cd6104-39b9-41ff-90c8-495d686c4851,JAF-002,8,341.15
27758f58-913e-4526-829d-82cbf8a34146,f9c75552-b1c4-49a5-9f32-ff39b8228e4e,BEV-005,6,232.7
7ebad016-bedd-4219-85de-a15dee110c12,32f21167-2545-4f38-88ed-b5be272597f0,BEV-005,3,331.93
059c9033-4d53-4485-a1aa-4f48a6cf9d76,54066c1f-4d86-4cbc-8cc3-201c35bf46fc,BEV-001,7,536.98
081b0d03-eb8e-45b3-916d-6a75cceb844e,904447cb-c90f-4645-9665-8e50b13e8174,BEV-002,1,177.42
98c45f0c-bbf9-49ba-8279-be022bede0f1,a512d0ac-b95d-44a7-86b6-be368a74b4b9,BEV-002,6,744.94
eb219371-dbea-4ed4-81fe-671222f7690c,5481b1d3-15ff-445b-b18c-6a49d174dfb6,BEV-003,3,595.59
d7d8a71d-95c2-4303-a644-c6a515134945,2b95bdb6-5b2a-4422-b496-caa62b9f08e5,BEV-005,7,977.33
3c5c87ee-2e69-4272-93cc-3060a39b9e73,7bbebe20-efa2-4ae4-84f8-7dbd3186d2e1,BEV-005,5,899.13
6cb2cec1-4804-4483-86e2-b7ccc5fb0e87,af7d791f-8930-47ee-b69a-43420761ae6e,BEV-003,6,579.32
d4399d2e-348b-4222-8ea7-e031999b9d26,33dc7738-86e1-458a-afc5-92878ca542db,BEV-004,5,796.2
c03247b5-a9dd-4bc1-99a9-1b2916729ca0,2d175a98-8c95-4b6c-becb-12a1748623b3,BEV-001,4,391.36
2b22dfd2-f529-4db1-880f-96208dde111b,2d175a98-8c95-4b6c-becb-12a1748623b3,JAF-004,6,926.6
7ddcfa54-2fcf-4e96-970a-662a944a7fb1,0fe0bf7a-0a90-47e9-a7f0-1a3f0f2db794,BEV-003,2,349.41
f962f298-d9e4-4034-862e-a92897251e5d,ea7f7606-a40b-42c3-ad4a-e56280f40ef6,BEV-002,4,40.39
05e66d5b-f9e3-4c87-9bd5-1bf4065094b2,971225cd-c527-4af1-875c-cf8a1762ab3f,BEV-003,8,131.55
1681a543-cadf-47d7-b7b4-2ee107219265,695031ca-8c2b-413c-bd26-2cac333db009,BEV-005,3,85.97
c8449a99-de79-400b-aed2-f4dc16b5bc1f,e4edb630-9eb5-4da4-bb37-c43a883aa8b9,BEV-004,9,670.34
4e0f14b4-6864-4fad-97ed-555d8206477e,760bf5fc-6517-4870-a628-36f0ba3a1849,BEV-003,4,614.18
0d682f80-9c1c-43b0-aa16-d140449bd4a0,aa1c29e4-570d-4131-925c-595544149db3,BEV-005,3,95.15
dc09593e-9909-4561-8b53-8a1eb88162ee,f09f1a42-84ab-483f-be32-3558f830046e,BEV-002,8,488.96
d52a8635-42de-4768-bede-7af9748e61b5,861b359f-0a78-4bbd-8f18-9f7e5f8a5dd0,BEV-002,3,224.5
e3c45ac6-59c3-40f6-a6d0-94cb14c90ee6,4b3dc98e-6f96-4739-b234-0a406d149aa1,BEV-004,6,594.62
74c4cda0-8056-419d-8edb-c923addd0a52,dad564fb-7112-4a0a-b67d-ea4388fe2be9,BEV-003,9,533.03
8dbf794d-d056-4615-ac56-5370e5589332,f9bec111-9394-4259-8180-8ed334a702a3,BEV-004,6,322.83
2e4cfeb0-0b96-4ce4-b7e3-00a14f7aea61,e79fa77c-32d6-425c-8988-058ac9f18ef0,BEV-003,7,64.96
6ab31b51-0f02-44ba-8fe1-edb44f841be3,f5dfe456-0b16-4a05-a240-40f5af8f8437,BEV-002,7,691.52
cba70caa-8d9b-45f3-8b7f-f8742d8735d3,bce21cb3-70c9-474b-b5b9-cb8811a87130,BEV-005,9,916.69
816429d8-720a-41d4-80a3-f4ccc5c1556f,bce21cb3-70c9-474b-b5b9-cb8811a87130,BEV-003,10,302.37
1cded3ed-4324-43b7-a41b-1d2d4a23c40d,bce21cb3-70c9-474b-b5b9-cb8811a87130,JAF-001,9,942.63
54bb3e22-0b7c-4a21-8219-bb1bbf427474,bce21cb3-70c9-474b-b5b9-cb8811a87130,JAF-004,6,870.03
3822faae-d5c5-44f0-bc34-c57dab534da1,efca9bdb-6761-4b07-8512-66df8dc63972,BEV-005,2,577.42
598d7624-d609-4229-b28b-987316374624,b9440adc-852c-4082-8122-4fc1a2ad01cc,BEV-005,5,516.1
4ef8b81e-0feb-44b0-a849-a196f7bc1a3c,70801aae-0b56-427d-9070-61abbf45ddc4,BEV-005,7,22.85
8adc5695-10db-4d07-bdf6-1158411c842e,4a3dee58-5c16-483d-86df-4b9ee7db1267,BEV-001,4,759.89
c6e9c9b8-6311-426e-932d-5aac31f74f84,2b720352-4e43-49d0-b3d5-3de8396eb074,BEV-001,10,652.63
7db490ef-6e4d-40d9-a253-2fb53cbf9c94,de675a13-e349-4354-94ad-afd2d4968714,BEV-005,4,41.24
f2e828d7-822d-4fac-961f-f0228d8513a0,19257ea2-dffb-464e-a1ce-85048b386b36,BEV-005,2,458.83
fc51ccae-5517-4b7d-909e-3136625b3b8a,43d19d4f-26d4-4510-ac06-e760c56af539,BEV-003,2,156.15
c50f297b-0dd8-4ced-9365-48e1019e42d1,cbd315ab-c688-46e6-be43-ab3cc72bbca4,BEV-001,9,127.75
2efeee28-978e-4354-8f74-e41408beea59,f916a643-4fdb-43b4-beda-d0ff60c506b5,BEV-002,2,573.13
2ac3347a-afc4-4408-ab1b-73f6b277fbe8,37def023-c249-4bfe-a2b1-e9de01ffd33d,BEV-003,2,884.59
ed14e8e7-7388-47a8-9562-445581370cee,37def023-c249-4bfe-a2b1-e9de01ffd33d,BEV-003,8,88.53
e460760b-ea11-45ba-8751-d526ce4bf012,ee8fe928-bf03-4670-b7ae-1e69a854ae81,BEV-001,8,985.92
5d4dcdb1-299b-4b58-b171-8ff817a83541,ee8fe928-bf03-4670-b7ae-1e69a854ae81,BEV-003,3,156.92
0d8a3b94-f788-43e5-9cc7-0cc656833e42,ee8fe928-bf03-4670-b7ae-1e69a854ae81,JAF-002,3,609.24
930ae987-4942-4108-8e41-366088f16da6,d18d863c-a802-4f9c-9fa5-9e3ba8a79303,BEV-005,5,619.5
5553e652-18f7-48ac-8102-7148befd8e6c,72652a36-4895-4005-ad3c-bbe5225642c3,BEV-004,6,348.74
94e5bc31-5fd4-4294-b749-57326603ece7,fa11a1af-b2b9-4887-9e0a-06538c15119c,BEV-005,8,133.43
b316a98f-6197-4948-8564-9fce34a929c3,ee28df6c-177d-4acf-94a8-72af5332c911,BEV-001,5,939.24
9e304cba-c34a-4ca1-95ad-499d8d7ed65a,ee28df6c-177d-4acf-94a8-72af5332c911,JAF-005,6,17.86
1c3b26cd-8378-4f76-b725-2b4fd7afbec4,dd77f25b-6153-40f3-9740-c1fa8c87c057,BEV-002,7,233.98
0544b7d4-ef61-48ee-a66b-dc818decd852,de5cfa26-a37f-4763-b850-707e201af70c,BEV-005,7,70.14
febcaaa2-1249-4afc-899c-a54fdd66de7e,de5cfa26-a37f-4763-b850-707e201af70c,BEV-001,8,605.66
7e306987-3994-46f9-8a38-150de4d5e9f2,de5cfa26-a37f-4763-b850-707e201af70c,JAF-001,8,159.64
bd5675e0-285d-47b5-8178-c6a36098523f,cd542540-d40a-4950-b8de-d5c9769a2ac0,BEV-003,8,828.78
4d619fe3-a8f7-4b55-9829-598b9617af49,cd542540-d40a-4950-b8de-d5c9769a2ac0,JAF-001,5,975.63
6017cf5d-1fc5-47f5-b55b-365c0409889b,a10e5f5f-b746-46f7-876e-20cf66b663ae,BEV-002,10,148.96
db8f5dac-3b84-4108-8e7b-2c202eafe292,a10e5f5f-b746-46f7-876e-20cf66b663ae,BEV-004,7,720.23
75fcdc6b-af1e-4aec-b9c8-3cd8b19f17dd,96f99283-1681-4bab-8797-cc45df423356,BEV-004,6,402.85
b0d70224-73e0-4447-9e35-89b355a5ec4f,78e541c4-7559-4b2e-8e86-40c1b0a7265d,BEV-002,1,958.87
74faed01-f9d0-4abd-add6-e9e8312e8ca4,77198ad5-2b02-47c5-9a33-66a230788ca3,BEV-005,6,796.54
1cf65f73-714c-4aca-88f4-e8ea4f91bff6,77198ad5-2b02-47c5-9a33-66a230788ca3,JAF-004,5,334.71
df1f5cc3-6b41-4c31-a09c-931961516560,254332ff-22aa-4497-bf0f-951d516cb786,BEV-002,10,938.35
68083e2f-25e2-46a0-86e9-7105893bc1b7,707e080d-223b-4f4b-afc6-79d351f44518,BEV-001,8,624.22
190fc3a6-44a2-42a0-b7a3-c9273cd2abf2,67e789bd-10c0-437e-9ac9-f6d17e1e58cb,BEV-004,10,13.59
2c3a2bfb-97e1-4499-8477-8d380a96e234,e82701b8-0671-4633-8656-34b3ee67698d,BEV-004,6,214.0
9648ce35-78b8-43bb-8d3d-fa892906448f,dc22f6da-0d00-4f19-9e1d-f10e7bd43546,BEV-003,9,846.22
3bb2f51d-9b35-433d-a3ff-f474c0cd5368,dc22f6da-0d00-4f19-9e1d-f10e7bd43546,BEV-002,5,228.14
99a0c786-c602-4904-9dc3-ac46f427c603,dc22f6da-0d00-4f19-9e1d-f10e7bd43546,JAF-002,6,247.43
e088b718-7ce6-4463-9714-08bb044b7549,7b2b32b5-241a-41a0-92dd-38512eaf5c0f,BEV-002,8,589.9
f1078455-b281-454f-a7ac-b4ddb6a298b8,3176b665-16c1-453a-9002-fc4dc97cd2d8,BEV-001,4,761.96
a1f0fb3d-c49d-4d8b-8bf2-d1a7f4a5951c,3176b665-16c1-453a-9002-fc4dc97cd2d8,BEV-004,10,35.54
8739ea5a-64d2-4d03-a0c9-c7bed9cf5e6a,3176b665-16c1-453a-9002-fc4dc97cd2d8,JAF-002,3,245.89
7510d7a7-c13a-4284-8db9-00ca5846bc5d,3176b665-16c1-453a-9002-fc4dc97cd2d8,JAF-002,3,942.26
e9ea1503-c40c-4470-9a32-6075b0292e08,9fd4ef52-18db-4780-9ece-6be0c82c87dc,BEV-001,2,675.75
4bb5df5f-69ff-45ae-9619-f761e526f839,9fd4ef52-18db-4780-9ece-6be0c82c87dc,JAF-002,9,638.08
8ac8c5ab-a5b7-458a-ba82-6165e7cb3908,42a4b5ad-eab1-4fc2-a4bd-851223ac83db,BEV-001,9,329.92
4030dfe6-0025-4522-8400-e5ce3622140b,7ca69b49-b643-476f-a2cf-533c15e902bb,BEV-003,2,495.3
3da0626d-8093-40d2-8d9c-ab5135ca3405,92ffeaea-f073-4df6-a10b-a5d4d415d5a1,BEV-003,3,858.85
e0441157-75d4-4031-9c9c-09f52d402342,92ffeaea-f073-4df6-a10b-a5d4d415d5a1,BEV-004,3,175.47
cbfc820d-efb1-4336-adbb-217eda7fbcda,af30225c-4d91-4c5c-a89c-78aefc9ea342,BEV-001,3,26.98
83808230-2d72-43ad-88b0-dc99ad51a98a,b6eaafe7-913e-4a26-bf70-656119962fcd,BEV-001,8,301.82
38e42669-7aa1-4dfc-8ced-45282ac238b5,b6eaafe7-913e-4a26-bf70-656119962fcd,BEV-005,3,519.26
f918adb7-dfd4-4e6b-8663-de2d7177f5a6,b6eaafe7-913e-4a26-bf70-656119962fcd,JAF-002,9,291.47
7177fbed-e0c5-42c6-a040-ff652651776d,e1163046-eb0a-4d05-920b-2ef7f71c668a,BEV-001,1,479.96
351f5405-0b51-4c24-b97a-f056f89131c7,ed55e3c3-b215-4a79-9437-63dd40f94c40,BEV-004,9,564.79
82422cde-c40b-4d46-8381-43a11cbc4cbf,61983a0d-65aa-4886-b2f1-6faf7836a000,BEV-005,7,37.24
315d3e66-e997-43ce-826a-2b2cee76de85,69e34cb2-4ea8-4a41-b57a-8b4e9e76a1d3,BEV-001,9,657.89
87299685-466f-4456-a477-13b143731b68,69e34cb2-4ea8-4a41-b57a-8b4e9e76a1d3,JAF-005,9,781.67
6623b08e-2a43-4b1c-9cc5-8cc9c2675ff3,2b144e4b-3542-4823-a56c-2d98cc71d60e,BEV-004,1,246.8
85774392-1400-42aa-b1df-ccdfb2298540,c0f2ae2f-cd7c-4b0f-83d0-dd379ab79d4b,BEV-002,6,204.03
a770742a-ef80-4000-993a-b8da10859ec6,014c0f31-fa5c-4c0f-a041-bdbf407312e2,BEV-005,9,389.06
69d19b6a-c229-4656-bd13-86be2337be79,1700bc96-f7c4-47ac-bb08-49cb67ab4535,BEV-003,10,718.57
ebf8dd8b-863c-456e-8985-84810acf3bf0,4fd8321c-d953-4e5e-9fe5-5b140310fb65,BEV-003,4,862.36
02d535cd-60bf-4ef3-ba1e-1639f0a78d7a,3d0990ef-e8a3-4425-9115-52c2b006cb22,BEV-004,3,799.45
e156587d-d472-4e17-923c-ccef0454eb36,a22e5255-7eb4-42fc-9797-2ba9196beb13,BEV-005,1,628.74
3f01706a-e104-4b72-b119-4b2430484209,88997470-0d27-4a57-8945-29debe622a8e,BEV-005,3,660.81
d2ab4425-4cc4-434b-80e0-8fe7c44e527c,4b28b0d6-25dc-4e20-b841-54efe5be7a1e,BEV-003,5,458.62
4eea5801-60c4-4499-accb-6d30a6769d7c,189e48ec-4f6b-4a5f-b25a-f1b347eba978,BEV-002,4,719.63
e7c57ff4-f80e-4fe5-a4dd-fd5bebbefede,6fbee28f-d776-4043-a888-c1d0230d0e41,BEV-004,8,736.43
dd59dcf1-b6fd-46a4-9473-36e4bb1b1ddc,60cadd1d-5c6c-4b52-ba1b-58ae27c9878c,BEV-002,5,946.4
8c5ba5ce-f0b9-4b3b-993a-ec9e397cdc7a,0c7ad2b7-841a-480c-a4c1-af6321e28e9a,BEV-003,7,743.74
88430f31-1624-44c7-a9fb-f76396983e5a,4ba35319-dd39-48ae-9e18-4db272cfe11b,BEV-002,9,416.62
d017fd9f-0278-48cc-b52c-483a5fbd5c11,63e0b3fe-4e0e-4816-8d04-4334d32d1b2c,BEV-005,9,782.0
dbd68cf1-780f-468f-93e9-4b6aec57fb01,0480c63f-6786-4bbd-8b4e-5dc66b311f84,BEV-002,3,408.28
ad40c05a-eb0b-499b-8927-eee0afc12cb9,386b0fdb-1395-4a0b-9d1b-83c520434328,BEV-002,4,484.12
3c40475d-8442-4b1d-a68d-2cfc3b153214,30efa2a2-d18a-45a0-84b6-3ed0bf62c34f,BEV-001,5,203.86
7e3e5959-8032-4a36-a471-1be880b4825b,a9bc0905-eb72-4461-8ca0-8d6834e8f3ce,BEV-003,1,415.86
0b2faf28-b6f4-43a5-992c-8651c97cf75e,8b49aaa8-4a2a-460d-8938-e9c8c0c661b6,BEV-005,6,836.04
fb74d2c4-2f70-4ca2-9113-bdfca683a136,8b49aaa8-4a2a-460d-8938-e9c8c0c661b6,JAF-002,7,218.21
cff70820-13d8-4b5b-b47b-551f0db98cd4,8ec1166a-b6d2-4056-848e-5d385e04314b,BEV-003,1,345.29
aa6edb83-82b6-4864-bad2-a2b3113599e7,bea2e7d3-019a-4e2a-ba51-10ab99d1b062,BEV-004,7,20.65
07a4dcab-c0f7-4a08-8391-1ea13d0ba402,58dac7e0-e788-442f-aaec-ea90938fbd82,BEV-005,5,346.57
7f9e3c5a-aca4-4bfd-9775-eb59d1d94e71,d3d08b04-0da7-4a7d-86a4-fe02120f7588,BEV-005,7,19.45
9538bc9d-9628-4f6c-82bf-ba0fe9c189bd,afcfa702-5cc8-4532-85d6-3d3039bcb694,BEV-003,2,642.39
681a9a95-3458-4b30-ac8e-6126a765d5dd,e287abc6-5c92-49cb-a4df-d656cf13dfdf,BEV-004,6,992.1
dadbcb67-75da-4fe3-b6e3-99f3ff98274e,1babbbd0-a707-4261-b7b6-e24f43eccd18,BEV-004,10,892.92
392b95f5-8dc2-48bb-a690-70b3098914f8,ea1bf11c-fb0f-4cea-b577-acbaff041882,BEV-005,10,599.56
f0909ac6-08b7-45a0-9f92-85de0f3ea7f4,98eb57cb-0e9d-4166-9ed8-f9d5f034f9c5,BEV-002,5,656.1
4f0f7d1d-8053-40eb-8ee0-6b3fbaf06cc9,8cec0aae-e46f-4312-9463-8d244d415702,BEV-001,9,589.46
04247a0c-43c4-43b3-9fea-fc091f9acdb5,6e6296be-7421-4baf-9161-702cb697d2c4,BEV-001,6,429.23
e23e905f-db3b-4bba-9abb-42587993e179,66455a82-7aba-47ee-81f5-373fc5c5e71c,BEV-004,3,41.69
d2de3414-9240-4fbb-b89c-391e48a44cae,66455a82-7aba-47ee-81f5-373fc5c5e71c,BEV-001,4,651.04
f52feb25-5616-40bd-a12c-aa7a28136770,7cad44d9-f18b-4de2-9d0f-29411523051b,BEV-001,2,422.78
af0667bc-d799-4926-b6ab-1a860808d2de,7cad44d9-f18b-4de2-9d0f-29411523051b,BEV-002,9,829.33
da34a91d-c45b-4858-971d-d5b2d4627e7b,d7d8c214-32b9-426e-b76a-a02ca730e2d9,BEV-003,4,708.81
c44a83ca-cd26-4e89-aa0b-9eb471e7f02d,636aa2cd-814e-41f0-aea3-11fa6d44a158,BEV-002,5,17.61
225511ed-4437-4f16-8c4c-3661332319cf,35cd782d-12a9-4152-bccb-161447517676,BEV-005,5,239.13
ad5a004f-907f-43f6-aa4c-017a0a275f27,6e53751a-dce9-45a0-8c0d-f07f30dc8705,BEV-003,8,830.46
86cc3298-6554-4fec-b2cc-af243a073268,4abaa098-c36f-455c-a4fd-7fc60a097bf4,BEV-004,3,928.36
426490ad-2439-43a6-abeb-8b2f8e1386b0,ce21ba10-3603-4058-be6f-885e3c1c170e,BEV-002,7,428.47
d7ddde77-758f-43a4-96c9-368964c8bdc0,f8035a56-c5b8-4850-9f23-49cce9f1a72e,BEV-004,9,656.42
cad86314-c1f2-4e17-8afe-4336ff53c4b4,cfb4de87-e7a9-4be7-aea3-020b0c82a86a,BEV-002,4,676.43
0d8303b2-d812-4306-b99f-b8aad9cb06ab,1b44d585-adeb-42ba-b48c-da5bb4e4befd,BEV-004,1,243.36
990ada5a-6587-4667-85d1-0ac5cfda52f2,d4ce80a8-5f1a-4dc6-9b4f-d42cb3a3d621,BEV-004,3,812.46
91b75976-500a-4c2d-a33b-903b43b22d07,63ce7a6d-44ab-47d3-8b31-3462119dad13,BEV-004,7,310.3
0f9befdd-572a-4e53-818c-70a2790d4c30,63ce7a6d-44ab-47d3-8b31-3462119dad13,JAF-005,8,426.41
0cee42a5-16c6-4f88-86d8-48149535794d,e5636d3b-9722-4842-bf48-095fac22f961,BEV-005,2,574.66
1fe670be-4f0f-493d-9b5a-22c076fc959c,acec288d-5acd-4984-a1b9-f83179c8c8fb,BEV-003,7,762.47
f2ad010d-548f-453f-83e7-2a0af650af26,f5ad2ac5-fd29-49fb-806c-42f5c9f02736,BEV-001,8,212.58
7fed1cd3-13c4-4d2a-8dc1-f07228511495,f5ad2ac5-fd29-49fb-806c-42f5c9f02736,JAF-003,10,324.61
d665f935-4499-4c48-9a65-4ae3355c8821,11f9e966-1de3-4e67-bad6-51008d697919,BEV-003,9,574.56
0b86e260-65e7-4401-a773-e6ccfd0e0d88,11f9e966-1de3-4e67-bad6-51008d697919,BEV-001,4,406.54
d2451fba-f73f-495d-ab06-0fd67a1b997f,11f9e966-1de3-4e67-bad6-51008d697919,JAF-003,6,430.57
069a621a-84dc-4c3f-afde-67b485742b77,af6ca0e5-746d-497d-a298-f3f801adbc51,BEV-004,5,834.02
32ff824d-60d4-48de-a3f0-ef772ad5f451,af6ca0e5-746d-497d-a298-f3f801adbc51,BEV-005,3,19.62
8f1b7aa1-b368-44e7-bd04-004b425db069,d9d6a34e-35ae-4052-a9f7-df123f58c902,BEV-001,2,478.7
81d882f4-8a40-47f8-a659-21f88709fe8a,cda8d8f0-b948-4895-af06-3b68be1524fd,BEV-004,4,579.38
0be9b28e-8be9-4f28-b5db-23f3a7412ea8,78b13330-7cf9-442f-8cf8-7f88278b9bb8,BEV-005,7,396.12
7c9e5df0-dc7e-4f34-a82e-e0d4fd275ca4,a69eb2da-5e06-4ec6-acd5-74c0012f3d5a,BEV-003,3,463.04
9894631e-570f-4465-8df6-6e9e5c45f9af,7a989b1a-ac0f-40a7-805a-f6dd2edd065a,BEV-005,6,101.07
a194f3b5-9934-4181-bb0e-10b9fe5dc469,7a989b1a-ac0f-40a7-805a-f6dd2edd065a,BEV-005,3,331.14
6cc3cfa3-9cbd-465a-9c98-d54ac880b88f,7a989b1a-ac0f-40a7-805a-f6dd2edd065a,JAF-005,10,214.2
c9cfb4d0-d0a2-44bd-b89b-2d7103541464,dac6e991-7e93-4843-a27b-d3c736306a7c,BEV-002,10,331.06
61a4cac0-3d9f-4aea-bda3-9a6ee309abd1,84bc7c06-21f7-4a27-a7b9-0270afb55bac,BEV-002,2,152.72
84edce8a-08c3-42e6-88f1-dfa948811ce3,bf80801e-fe3a-4bac-baa3-f39e60a219b7,BEV-004,6,143.51
836b9972-6443-4427-b009-07a57874adf1,266c3e0b-2739-471f-b630-52a4dc112947,BEV-002,2,205.44
38884ab2-8e9d-4880-bb9c-67e9ff6b3748,efd80ca6-5195-45e5-af82-3285119d2690,BEV-001,7,845.25
781d752e-a706-4e41-a15e-b576f4676017,e12413b1-5180-4bb4-9cd6-4c0279d1b122,BEV-004,2,909.84
4eb52e17-ce6a-431e-9ecc-94e2e1c2c2ce,627cc5a5-957f-4432-bfed-8fb737da615a,BEV-004,10,340.86
a2bd3f17-9a6d-4493-8bbf-636064122f84,09c3d96b-f05f-4bbc-98d6-c6abb77712eb,BEV-005,7,707.49
45cebd40-b241-4ea8-a15e-acdace15645f,deb72a21-b241-4e69-84ba-386762bebc28,BEV-002,8,850.04
c6def5e6-2c98-444d-8b6b-00a5406a41c8,721e07e3-03f0-432e-a230-5d6e18f7bcfc,BEV-005,1,781.78
b1cf82f4-054e-4c08-93b6-4110b2e8e1d2,721e07e3-03f0-432e-a230-5d6e18f7bcfc,BEV-003,4,30.77
4df98795-20c2-48cc-b5dc-9f7517cbd855,72f8ec3c-a833-4cd3-ac3c-7c3dcb1dc132,BEV-004,4,891.88
abbe3781-d213-4154-a5b9-26d850c9ffdb,01870a6e-b8aa-40fd-a7ae-ddeab7e22c5c,BEV-001,9,715.23
d42dfe93-589c-43df-afe3-b9299212d42c,1db44b16-02a2-43c2-bb50-d0abaf99e89b,BEV-004,7,685.09
9a9b3d8f-befb-4f81-a25c-2db1382a817d,a93e1b59-0a35-4285-85a2-787a704fded8,BEV-003,9,444.39
4d929bd4-3a25-4b6e-96b0-9493c7d377a7,11a62064-66f0-43d5-ad3b-506b61131863,BEV-003,6,119.4
ac2a3ef0-ed8f-495d-bce3-e577365e0de9,0ee7f1bb-f6e0-432d-b795-6812e504e116,BEV-002,1,744.67
9daecf56-fc80-46e8-87c8-d968617f1c19,fd2267fa-817a-43ac-92a0-908592b43fe2,BEV-002,1,84.01
a47298e7-cacc-4484-bf8e-f044f15f2632,a941c8c0-b256-4383-9d9a-9c5e6ebd4816,BEV-001,7,13.87
830daa61-b961-4d4c-9eb6-2c6b81b48817,0b1c7467-8991-4ab6-ba16-74ba1d779093,BEV-001,3,800.48
ad6b68a2-143d-4c54-8f55-fede529ceb27,0b1c7467-8991-4ab6-ba16-74ba1d779093,BEV-002,2,253.75
06a9f06e-2510-4636-908a-001d535bc4d6,a852ced7-fd35-43b9-8875-ace83879ccd7,BEV-002,6,31.58
e8ecda29-59f0-4ac2-811b-fb6af32e4701,a852ced7-fd35-43b9-8875-ace83879ccd7,BEV-004,10,99.22
c4b659aa-f48f-43c8-b475-a0149f74daf4,a852ced7-fd35-43b9-8875-ace83879ccd7,BEV-003,1,404.34
38dbaa43-d006-48d2-8f13-fce7784e6ada,697f37c0-b615-47f4-af53-612e0b7da65e,BEV-004,6,314.14
39c7640d-8e6b-49c7-9549-8c1939726496,25675344-1c7c-4e8b-bd2c-732196c910e2,BEV-002,3,967.34
bfa567ef-b595-41c3-8105-adb9099446a3,7e0263e9-8f89-461f-b7ed-9cff16b735dd,JAF-003,7,318.81
c6ad3c9f-fb52-4117-9c34-1b138fc0479e,7ea7193e-5a28-4f16-b94d-fef7d88e6c30,BEV-003,7,235.18
75da8c09-960c-4ddc-b04f-cbe3ff6dc7de,7ea7193e-5a28-4f16-b94d-fef7d88e6c30,JAF-005,5,335.35
e4cf79a1-5895-465a-adfe-3bd6bcdf1889,aa48066f-5c8a-4617-b9f7-07b027903891,BEV-005,8,159.45
075d34cc-dffa-4f92-a9ac-ae24739f04c3,92916318-9f68-4abf-8fe7-9d19298c550f,BEV-003,9,956.52
fd63d1fd-64b1-43f5-8bc5-f73156daa4dc,3e2cd831-1b5f-4476-b7fa-852fc7382b76,BEV-003,9,933.27
8ebc88cd-7c75-477b-a891-7f3d350f47d6,0f1f5be0-179b-48f0-845d-470a83ba09f4,BEV-002,9,374.1
cf50473b-ecee-4011-adff-3b688d8e3538,0aa010fe-66d9-4999-aa99-a24b813d925d,BEV-002,8,867.1
4b4f3f74-6edf-4981-8311-a02764dbff18,74776326-60ef-4818-8e08-5b561fb5b17b,BEV-001,1,138.42
755dbe75-9881-4bc2-815e-589f4c0f09e2,74776326-60ef-4818-8e08-5b561fb5b17b,BEV-005,6,42.42
eab680f8-ee3f-48ec-8b0c-d20efa0fbe2d,74776326-60ef-4818-8e08-5b561fb5b17b,JAF-002,8,35.09
9328c9a4-99d9-464a-b46a-0dbb9afcc6ad,e413bd7c-599f-4617-aff8-af7378275eb9,BEV-003,2,400.23
64f70de6-0ac3-4129-8b33-b4a15e2bc7b9,0b3351ea-c362-468e-b82b-28221678a032,BEV-002,3,183.92
13e39fa1-c0bb-4934-939c-4e576e77488a,87a3225b-e22c-424c-a724-8d20ff8481c6,BEV-002,9,575.06
63ec3a84-8c95-47a0-b329-ff4294da130e,452f4182-384b-45fe-b479-3f753c88cbaf,BEV-003,10,752.2
41b6afaa-c655-46e9-bbf2-be94e2f785af,34496b3b-22eb-48aa-b772-4c66134bde69,BEV-001,5,76.78
740950fb-9562-44aa-941b-2a16be317485,a40b6cc0-2dd7-4b39-8d96-cea1d53397aa,BEV-002,4,159.13
4977cb2b-b806-4071-a10d-4e8a616ad747,6adf1f30-7d31-436f-b05b-9e18897be923,BEV-003,2,747.62
786027bd-a1c4-4799-a5ad-04ab94f45c88,6adf1f30-7d31-436f-b05b-9e18897be923,JAF-001,9,807.58
fb79d61c-46f5-4b41-aefe-331090207942,2874d4fe-db04-4cf4-91df-827ed9e8972f,BEV-005,10,504.61
c713404f-1980-4937-9343-b072b015a2b1,adbaf3a0-0057-4d18-a9bc-531013047a36,BEV-005,5,224.08
6e1cb831-a2b1-4a0f-a478-8fcad635ae39,458992e7-0ed4-4adc-a368-eeccda8b5f6e,BEV-001,6,333.68
d794d9f8-00d5-4330-b86c-6c11026d514f,5cbbee36-37a5-4833-b54d-c316bed6ca1f,BEV-003,7,331.05
6cd5d9ac-e229-4d79-81b9-9185aa6c8fc9,f9232b05-9bda-430e-ba60-ae0c320ce5fe,BEV-004,4,686.88
ba64f935-5123-4b0f-8dc2-bf74aaa27400,e3236638-7a0c-49cc-a35b-be418abe32a1,BEV-001,2,930.63
5cd3314f-5cda-4518-a890-9dc23a9b7482,8ab006cc-c35b-457c-b8a8-c3e246ad91fc,BEV-004,10,837.87
039d4005-17c7-4a96-8e2c-1fead220835c,c4be31a8-9c4f-47a2-b064-be2871bf7884,BEV-005,8,521.93
97c6ab98-23bc-4fe1-819f-7ab512cb73bb,edbdf09c-e1f2-4479-beb4-9ac7c827e902,BEV-005,8,131.38
f92508dd-aa5a-4a1e-aac2-5da7814eb40a,edbdf09c-e1f2-4479-beb4-9ac7c827e902,BEV-003,8,163.02
edfc8451-6b8f-4e6d-845f-e7ebd72f4454,9d7a3884-8cb5-48ab-83d8-379bd9596ca7,BEV-003,5,527.46
8ffa25eb-43ee-4509-ad53-39b050d42aa1,d876b37c-b087-4378-8261-9046af5fe549,BEV-001,4,639.5
d262bebb-b2b8-4040-994c-b9eaa52c9e40,7e28f822-568f-4a91-b522-35a9d3434699,BEV-005,4,252.55
9aaebb9d-c270-4a0c-aa83-cc1bb536f680,7e28f822-568f-4a91-b522-35a9d3434699,BEV-002,8,856.72
af1a3788-e64f-4589-b67f-dd5640c81858,7fdbc90d-e9f2-4686-80b2-2ffc685aa002,BEV-003,3,975.55
3966acb4-9ef9-4529-aa84-64095dcdfaf5,61787a0e-bd4f-47d3-b208-9b1d5d379512,BEV-004,10,25.47
c6ba0a8b-ae8f-4070-b2a9-947ac8f8d1a3,723133c3-456e-4df3-8296-4b4ff66b4f47,BEV-001,5,103.29
987555dd-ebe9-4a00-b8c0-cf9559004be0,da62b1bf-2bb9-4778-936a-c0afe5c1cc4b,BEV-005,3,149.42
b9c434e1-ac07-4b50-8bd6-dc98e9afe5ce,da62b1bf-2bb9-4778-936a-c0afe5c1cc4b,BEV-004,3,733.63
aa9ad7c6-0f52-4ee1-b968-0edd4594db31,0873f152-9184-4560-b6a8-44c285efee07,BEV-005,2,120.67
47542e7d-e495-4b21-b48b-8ccbafb83878,d10e0866-28b0-4f43-9fc9-562eebf56c83,BEV-004,7,430.72
6e9f74ce-ba05-42a6-ad8a-4c3730333913,d10e0866-28b0-4f43-9fc9-562eebf56c83,BEV-004,3,574.81
40dbda7a-4dad-4297-bb3d-2e90a057ff87,d10e0866-28b0-4f43-9fc9-562eebf56c83,JAF-001,5,457.33
debaeb03-9284-45b7-912c-fa60fe277ec3,143d12cb-4dff-4479-bb37-87f2e260c971,BEV-002,9,672.7
e6036f2a-8bbe-42ec-9ac6-9f27295e22c0,143d12cb-4dff-4479-bb37-87f2e260c971,BEV-003,5,721.25
0bcdc0aa-f87c-4265-bbfc-cc6429735b50,b21d384d-472a-47a6-8957-6c1b5e255896,BEV-002,6,392.73
3134a428-5207-46a2-831c-f8f36a007226,836aa23e-1c6c-41d4-ac95-c37c6bd56eb1,BEV-004,7,805.64
45dc1323-ea4f-444a-969a-3cdbee0efbfd,52f902c7-d6d1-4742-ab53-8c5d18a24b4b,BEV-001,4,863.36
20ade0ba-810f-48ef-b3bb-831ca57bc225,548c75f9-4a1b-4ab1-b6a4-de7f17688bd5,BEV-003,10,372.0
7268c8e8-f10b-409b-970b-1e66c7d35207,b5227c6f-66a2-4e9a-891a-9fa34b2b779b,BEV-002,8,563.31
417ee7b7-fe19-47f9-a07a-431488f6eb58,b65d7d15-d0e5-4266-8425-f5908915aa17,BEV-003,4,346.42
2f635931-e306-45bc-a4e1-11eef2b60e55,b65d7d15-d0e5-4266-8425-f5908915aa17,BEV-003,3,827.32
fb38359f-a7e6-4521-ac63-e8424f80b5ca,b65d7d15-d0e5-4266-8425-f5908915aa17,BEV-001,8,622.26
261e467e-f4da-4e91-8566-26c9124e7dd9,b65d7d15-d0e5-4266-8425-f5908915aa17,JAF-001,7,554.93
d20b238a-d86a-4515-853b-9397c8d91929,300c0f5f-aa99-48bc-a273-8e28d65187fb,BEV-001,3,975.19
3b458e98-79ff-4005-a468-5a927b2e9466,3d25db1f-9c41-4f01-9e4d-0652dd88c0b1,BEV-002,7,542.2
6d5faede-9f48-457d-8fdc-cf50d2565cf2,8407a24d-5fb7-4242-9cd6-261f4e948e9f,BEV-003,1,952.52
3cfd7ada-b483-4d56-9be2-32751cece358,d58ea15c-d1c6-465b-80bb-a2d97ccd4ab2,BEV-004,4,52.01
efcd4320-12c2-4689-ab9e-7d95e68cf326,524be875-5589-4377-965a-8f82271ff3f4,BEV-005,6,340.51
0841959f-2ade-47ea-8f2e-8c77ed43535e,524be875-5589-4377-965a-8f82271ff3f4,JAF-004,3,874.18
dc0f677f-571f-4830-84de-26968dad4e0a,943754fb-61bd-4042-ba97-d9263b8c4adc,BEV-002,3,969.27
ca47e4df-4b1d-40f2-b13b-8a301eca8672,9d99528d-f1b0-4fde-9f06-5e0ea000fef4,BEV-004,1,459.54
7e9c2b09-48d9-44d3-9c2b-3563e5d0390e,9d99528d-f1b0-4fde-9f06-5e0ea000fef4,BEV-005,3,46.83
0a1c5822-2d8a-4305-90e3-8decdcab4fb1,9d99528d-f1b0-4fde-9f06-5e0ea000fef4,JAF-003,10,664.55
48c13cb5-3fa9-4b50-baed-66dc67b3dc52,c34f6c13-0093-4377-b1aa-abbd375b45c6,BEV-005,9,409.61
9cd8776a-ea21-4f48-9f0a-b30745f208d1,a7dacb69-9ed0-474a-94dd-c3756c66091e,JAF-003,10,912.54
64e3a0b2-4711-4d69-b37b-fc83b74e8628,a7dacb69-9ed0-474a-94dd-c3756c66091e,JAF-003,4,122.41
f87cb16c-6636-45c5-bd9b-0c6e3cdcbf8e,90b1d8ea-2fb1-48db-840c-bd9042bae028,BEV-001,2,172.52
7215fbbb-b4a5-44a5-baa6-536dd7c23556,83cc942c-a996-4951-bc66-f888551dc527,BEV-005,7,168.57
5d24bac1-4747-4598-b559-f0fa1d5539c6,9cfa94b7-f159-46f4-a84c-16506596e7d7,BEV-004,5,858.22
eccb0f39-6e80-4519-b58e-13f17105a6e8,d6703530-1f3b-4f76-b362-7c0e294b39a7,BEV-001,7,934.34
0d78b974-85f8-413a-b7c6-7a7e0b78e4d8,d79b2d95-4571-4b81-8c24-6e023346b98d,BEV-004,7,934.06
5cb81db9-7be8-49bc-8662-3a5fab47735f,a66825b8-c22d-4ab1-876f-6834448cb8b9,BEV-005,1,802.28
5219225d-63d2-4883-a552-9d689c845fa9,5187b5d0-5869-4566-9f00-cadd14c38485,BEV-003,7,110.28
07f27ffe-d5fe-40e1-9b36-bb54654b7165,7458120d-1d37-4c76-8b23-792292ff1e27,BEV-004,8,670.18
a35e6d69-90ed-4373-820c-1b1f9662bf3a,66e58d67-9c73-4c6f-8ccc-7cdc200080ae,BEV-004,8,223.62
a527f374-5a86-4634-8e63-747e446c7075,dcb6e5ab-5939-4fef-9193-88b5f1462ec5,BEV-002,4,889.95
b26e70c6-9948-4edf-8ca9-4ac67d4df079,2f1b80ea-6666-4ce6-8b73-a0c7a990238f,BEV-002,10,731.92
f6d1d1a5-547a-45ad-92fd-3932d826e1c9,623cd87b-2fa7-45f2-a621-660881228005,BEV-005,6,14.6
93d1b341-2786-443f-8231-8c6b53d6dcaf,59972d7b-4683-450f-8edf-27c3cca5b597,BEV-001,4,680.69
532a0b24-65ad-45a2-afcf-e4c5e055a583,f1e0892f-a2ad-42d6-b070-8dc80eeb7bd9,BEV-005,2,743.4
4aaacef2-b3ea-4f05-a3fa-3b0dbf23d392,77fd63b1-6be2-4b39-acb6-12a356533090,BEV-001,9,879.06
69970200-f97a-4efb-ae9e-4846f0a179a7,2298481f-cc73-437b-93e3-ec978bb4eb04,BEV-001,3,27.33
a5597450-adf7-491f-bcb2-189165f38c17,d88eafda-14d6-4c78-92c5-16969bee3a0d,BEV-001,6,933.26
4553c7f3-7a59-487b-8db8-285646b9cfe1,d88eafda-14d6-4c78-92c5-16969bee3a0d,BEV-005,8,324.24
3e252c70-edba-4020-abd4-cc82cacec737,d88eafda-14d6-4c78-92c5-16969bee3a0d,JAF-001,5,165.15
eddbe297-bb18-4dcd-9bf3-106958aa8480,d88eafda-14d6-4c78-92c5-16969bee3a0d,JAF-004,3,954.84
c354f51c-4503-4c10-bdf6-5560cb456126,163013eb-b15b-471f-97eb-804e83d0bdb6,BEV-002,8,991.75
128f6032-6535-4821-8f50-009f8d4fd4ba,7e958797-cd9a-449b-8bc6-224296e41d00,BEV-003,7,392.16
66d6647d-7bb5-4d1a-b96f-141d004a821a,3dec68f3-e0e7-4cc5-884d-498642da5b22,BEV-004,10,552.44
be3dc0a1-f34f-4a26-b089-9ffaeba84a6d,3dec68f3-e0e7-4cc5-884d-498642da5b22,JAF-002,5,123.26
13c06e4a-37dd-4d8a-b4a6-57d38afcb78f,2f3d90cb-3c66-4565-9662-9997d9370a69,BEV-003,7,899.82
d42bd1b9-7568-4772-94bf-42f2da0609a4,2f3d90cb-3c66-4565-9662-9997d9370a69,BEV-001,1,844.7
23deac84-53af-4875-9dda-e2cd1d031d77,4e8771a8-4fc2-4761-9005-0440e9dcd2ff,BEV-001,2,721.53
75724f38-06da-4324-b3aa-f8045709768c,1d1dcba2-0dd9-42d0-8cde-f240836c68b9,BEV-002,9,515.23
15ff89c7-1992-43c2-bf51-674ce8f4d0fd,99a487a9-7cdb-4b57-8a2b-aa5e0a422955,BEV-004,2,457.39
