ID,CUSTOMER,ORDERED_AT,STORE_ID,SUBTOTAL,TAX_PAID,ORDER_TOTAL
d477fddf-37c5-4ea6-9886-8531e19d72e6,2ad8ff3c-388e-429b-9b1a-67286e82bd20,2024-07-26 07:39:00,7610d689-246f-467d-8d80-991c4eef401a,600,36,636
87fc1188-f7b3-4e1d-977c-f61c6395b936,6b4f3f63-45e6-42ee-b5c4-ac03835a2d5f,2024-07-26 08:09:00,7610d689-246f-467d-8d80-991c4eef401a,400,24,424
888e0f65-072b-4f53-b062-5398b140eea8,d2b935a7-8a2d-491d-b848-a06732301e43,2024-07-26 12:41:00,7610d689-246f-467d-8d80-991c4eef401a,600,36,636
98329b84-481b-413b-bb77-32d8bf2c6042,24c316fc-ad16-45a1-9ef3-3da9d491b0e7,2024-07-26 08:09:00,7610d689-246f-467d-8d80-991c4eef401a,500,30,530
70072734-45a0-4dd1-a964-0f697d9b8bd0,7b1522dc-cd21-4c40-b81b-3532f5b9f3eb,2024-07-26 07:25:00,7610d689-246f-467d-8d80-991c4eef401a,500,30,530
bf10d064-8576-4a81-9a92-51ca88b983d7,344bf269-6f68-41c2-a6ff-a8f4eb6f6ca7,2024-07-26 18:48:00,7610d689-246f-467d-8d80-991c4eef401a,400,24,424
f6014dda-ee8f-447a-a524-076a1372810d,d10a856b-8bc4-4cf8-bb76-ffdcf2a50f1e,2024-07-26 10:42:00,7610d689-246f-467d-8d80-991c4eef401a,600,36,636
3f68b6f1-ce1d-4ac4-821b-70751f75fe74,839b9759-0a61-4c7d-872f-591848c1b431,2024-07-26 08:20:00,7610d689-246f-467d-8d80-991c4eef401a,700,42,742
c3086c9b-2bcf-4e35-9863-dfb2ecd67f4e,934c19cf-d1e4-47fc-9860-39542d7bd56b,2024-07-26 12:01:00,7610d689-246f-467d-8d80-991c4eef401a,400,24,424
787572b1-501b-4cb4-a54d-104e9c4ded94,4bf534e1-0071-43eb-b3ba-cf7da176d8a6,2024-07-26 10:29:00,7610d689-246f-467d-8d80-991c4eef401a,2100,126,2226
f70c74b6-9043-4c2a-8448-59e89b7d6384,3ee8e86e-7163-4316-8dfa-15db0098b81e,2024-07-26 14:20:00,7610d689-246f-467d-8d80-991c4eef401a,1800,108,1908
68a47751-46f7-4c9a-bdfe-fc94ef26893c,d96563d3-24d4-40e6-8f4e-a6c5f015d864,2024-07-26 07:00:00,7610d689-246f-467d-8d80-991c4eef401a,600,36,636
82a7d7ab-6614-444d-9eb0-95d5d5c463f9,78d44e16-ddfd-4429-91bc-9208c7fb2fc8,2024-07-26 07:45:00,7610d689-246f-467d-8d80-991c4eef401a,600,36,636
308d70b0-4c30-4e60-96ac-54a7a7543692,83f67506-7c12-4107-864a-918a35b4fcf9,2024-07-26 08:32:00,7610d689-246f-467d-8d80-991c4eef401a,500,30,530
44aded58-6c19-4543-89ed-301ddb2ee83c,c366eb7d-81d8-46f9-89d9-9d09186d8503,2024-07-26 08:37:00,7610d689-246f-467d-8d80-991c4eef401a,500,30,530
3d146210-0b21-49c1-99ab-94f44edf97c3,d7e9c90f-0dde-41f1-9be4-09fbe640e794,2024-07-26 09:01:00,7610d689-246f-467d-8d80-991c4eef401a,400,24,424
a38137fa-5829-4ad7-9d86-11aca506f60c,47a4b1a8-781d-40e8-bbb2-f769c2c6b5ca,2024-07-26 08:22:00,7610d689-246f-467d-8d80-991c4eef401a,400,24,424
2e370117-1ec8-4afa-9ce1-38dd4c7ad3ef,e4c63951-a231-404c-ad26-f4a492f3447f,2024-07-26 07:47:00,7610d689-246f-467d-8d80-991c4eef401a,700,42,742
0428dda9-2f08-4765-bb52-19bcd70445ea,0f9dcb09-ef47-45c8-9a5e-feff0a288bf2,2024-07-26 18:00:00,7610d689-246f-467d-8d80-991c4eef401a,1200,72,1272
dfb6e198-5b27-4c67-a387-963f76083bfe,4a15f8b9-7c0a-4643-b14d-5ec37ed6b186,2024-07-26 08:28:00,7610d689-246f-467d-8d80-991c4eef401a,500,30,530
0b3ef2e5-9c4d-44a9-9fb9-e8cbdcdda7fb,5248f2d8-0eb8-420f-9ea5-77ec82307b9b,2024-07-26 08:17:00,7610d689-246f-467d-8d80-991c4eef401a,700,42,742
540beb79-1317-4891-aad8-165c507f8be5,fb56c2c7-1769-4c97-9197-2ffa8b82ea0e,2024-07-26 15:07:00,7610d689-246f-467d-8d80-991c4eef401a,1800,108,1908
574b0e00-f1bd-4a20-bea4-1d3d5a496f23,d656f95b-6c2e-4372-ab17-a3bbc93812c1,2024-07-26 08:06:00,7610d689-246f-467d-8d80-991c4eef401a,600,36,636
f9bcd801-6462-48de-953a-0233eddbf9a7,5e90dd7a-de2a-412d-88fc-7641dd8da9fd,2024-07-26 11:17:00,7610d689-246f-467d-8d80-991c4eef401a,500,30,530
31d8cc6d-5b98-4e67-927b-5e20d0519585,62626d20-2e67-4f1d-9386-1b0a5e25956c,2024-07-26 07:07:00,7610d689-246f-467d-8d80-991c4eef401a,700,42,742
f671c307-d967-44d0-8437-f2f7117eaf5b,146f68d0-ad70-4af9-9210-f25d25cdd39f,2024-07-26 12:11:00,7610d689-246f-467d-8d80-991c4eef401a,900,54,954
8873b4c5-8e6a-4e62-b643-0bf4f54c5d11,1ae36efc-f7b6-45de-8646-8775a98651b1,2024-07-26 13:23:00,7610d689-246f-467d-8d80-991c4eef401a,1500,89,1589
b3f7bf12-0904-4fd7-96c3-d3043fb836ac,f50ff9af-29c0-4629-9c9c-1c0c6fade0f6,2024-07-26 13:22:00,7610d689-246f-467d-8d80-991c4eef401a,700,42,742
886a24d5-ce4a-48f4-8957-33dde63f8776,95ac520d-f0fc-435a-b0b4-2dcf6b90bd80,2024-07-26 08:09:00,7610d689-246f-467d-8d80-991c4eef401a,700,42,742
7f8c3cce-ab5b-4ca8-a87e-18c5cabefd2d,7b802864-fcee-410c-bdbf-7774ce4cfd97,2024-07-26 08:14:00,7610d689-246f-467d-8d80-991c4eef401a,500,30,530
fe38610d-c974-42d4-9d64-b120187da7e9,8d19687a-737e-45da-b0d4-d686d57620d6,2024-07-26 13:05:00,7610d689-246f-467d-8d80-991c4eef401a,600,36,636
b7c0ca47-5a32-47da-b2e2-cfc5039b9e93,de57e4f7-4879-435d-a9e1-c9a1763d4961,2024-07-26 10:03:00,7610d689-246f-467d-8d80-991c4eef401a,700,42,742
37a33439-88d8-48fa-9ffb-c3cfa4e3ee67,aec16166-ed24-473e-a071-c5dc834ca0e4,2024-07-26 08:10:00,7610d689-246f-467d-8d80-991c4eef401a,700,42,742
ce502fbe-1b36-4b3b-96cb-a1c9ca9d2adf,c9832d9c-549d-4a87-b495-d09238d3bbed,2024-07-26 11:07:00,7610d689-246f-467d-8d80-991c4eef401a,400,24,424
e44df4ab-d07a-4ef5-855b-b4d3ebb9c7a4,2f08d074-f43f-4139-b02d-87d7b52beb3a,2024-07-26 08:01:00,7610d689-246f-467d-8d80-991c4eef401a,600,36,636
854ece0a-1b1a-43b3-b41e-8ca9f715da22,d2c2719d-f10f-4693-a227-9c4dd85e7d30,2024-07-26 11:32:00,7610d689-246f-467d-8d80-991c4eef401a,2700,162,2862
a2b10189-3587-4053-8027-f5cfd8eef095,9a65f806-8121-4335-941d-d0326c2e4675,2024-07-26 07:30:00,7610d689-246f-467d-8d80-991c4eef401a,500,30,530
8749566c-323d-499f-aa19-fd4e5c1e4c10,edad01ae-d0e3-498a-8dad-7210358c427c,2024-07-26 12:29:00,7610d689-246f-467d-8d80-991c4eef401a,400,24,424
bd77bafc-44cb-4429-a568-30546944b315,31827348-11f6-4c64-ad78-71209fc9944b,2024-07-26 08:04:00,7610d689-246f-467d-8d80-991c4eef401a,700,42,742
bba093c0-561d-46eb-973e-d6056b4a32d8,af5a0e72-a82f-4edc-bf71-94e508485622,2024-07-26 11:54:00,7610d689-246f-467d-8d80-991c4eef401a,1800,108,1908
ed37ed99-4805-4b4d-8f5e-998e04218b85,36b01943-3c96-430b-be52-72d94f53799d,2024-07-26 08:06:00,7610d689-246f-467d-8d80-991c4eef401a,400,24,424
3b4a1184-b1c3-4f9e-b1fc-9577989974d4,456ceb44-1215-4cac-8509-e0ff899b2d08,2024-07-26 09:24:00,7610d689-246f-467d-8d80-991c4eef401a,4000,240,4240
4c8a0d04-11b3-4cb0-ab38-fbb8cd1ebfbd,b139c52e-1d20-4fc1-87e5-f3ef0aba4698,2024-07-26 10:29:00,7610d689-246f-467d-8d80-991c4eef401a,1700,102,1802
0e489c17-588a-4f33-b8d6-902dd49349b6,e4d2e9c5-4db3-42ca-92c6-33624a07b937,2024-07-26 18:45:00,7610d689-246f-467d-8d80-991c4eef401a,1000,60,1060
1567f420-dcbb-4642-a172-fc5ebbde57d2,0d16939d-03a0-4dd0-bc65-3b4ccb36fe79,2024-07-26 07:40:00,7610d689-246f-467d-8d80-991c4eef401a,600,36,636
135c531d-edd5-4632-848b-fcbe4f7d9b51,3a3c7ba2-c0e9-4f2e-a33b-25b75a89c624,2024-07-26 08:51:00,7610d689-246f-467d-8d80-991c4eef401a,400,24,424
82089d14-446e-4b61-9d20-993b25bb1a65,d37b5f57-5b61-4029-91cd-831255b3587b,2024-07-26 08:24:00,7610d689-246f-467d-8d80-991c4eef401a,600,36,636
2afa210f-7bd7-416f-9bb6-7d0b03a03477,ffef49f3-f8f1-4be9-88ff-df81293ec90a,2024-07-26 09:45:00,7610d689-246f-467d-8d80-991c4eef401a,1800,108,1908
9f9d32d7-088b-4226-8804-c3438bae600d,9ef64e35-2590-4115-9d1a-772a11e1b53d,2024-07-26 08:17:00,7610d689-246f-467d-8d80-991c4eef401a,500,30,530
d1a25d20-394a-4dff-89f7-4bca543fc0dc,1939ef2f-c862-4774-bfdc-746117412833,2024-07-26 12:27:00,7610d689-246f-467d-8d80-991c4eef401a,400,24,424
171516bc-764b-4765-9dd1-a386746d8905,1c358914-4b9d-4776-a4b9-32a4bfd77df4,2024-07-26 11:58:00,7610d689-246f-467d-8d80-991c4eef401a,700,42,742
8c318cde-b556-43c4-8bee-f23570b2af29,0e18fa04-ce72-4ff8-b56e-7f088e12c004,2024-07-26 08:12:00,7610d689-246f-467d-8d80-991c4eef401a,600,36,636
67128536-3667-4d9e-85c3-d91239d56ef6,fc6cf27c-b921-4bb5-a3f9-6d90446d79e5,2024-07-26 13:15:00,7610d689-246f-467d-8d80-991c4eef401a,2400,144,2544
05bdf132-8e80-4696-b9b4-b979532345c0,8d6d38a0-38c1-46db-9015-09308fac8af1,2024-07-26 11:53:00,7610d689-246f-467d-8d80-991c4eef401a,700,42,742
23de3c08-3901-4cd2-9a2b-109f065dcf40,57977a86-91ed-41b7-a3ce-5e7ede685b60,2024-07-26 07:22:00,7610d689-246f-467d-8d80-991c4eef401a,600,36,636
21ea7a5e-9f20-4aa8-acd9-e677f78ca9ea,a6d591f5-51c1-47bb-b6d6-99c8b86751d4,2024-07-26 08:44:00,7610d689-246f-467d-8d80-991c4eef401a,700,42,742
680471ad-e065-4bbb-a40d-893a1d8618a7,8785831c-5b13-4d33-9243-3246b8db4437,2024-07-26 13:53:00,7610d689-246f-467d-8d80-991c4eef401a,1200,72,1272
2059079f-fd7b-4bd8-b6d6-81250cad0073,0b3c441f-c735-44c7-8074-4ea0037910ed,2024-07-26 07:45:00,7610d689-246f-467d-8d80-991c4eef401a,600,36,636
900f6579-a871-4e52-866b-ba18e9412db8,3964d6e6-da15-4d05-bfc2-fc2846545d29,2024-07-26 13:36:00,7610d689-246f-467d-8d80-991c4eef401a,600,36,636
7cf5d7de-2ebf-46ba-9e38-778755fd17de,5d6db1ff-21b1-476e-b683-3f3658705c1b,2024-07-26 07:48:00,7610d689-246f-467d-8d80-991c4eef401a,700,42,742
2005c2c5-81ef-4bfc-92b8-72b24d96b46c,9d540d3a-ba2a-4da2-b5b2-8596b612ef7b,2024-07-26 07:48:00,7610d689-246f-467d-8d80-991c4eef401a,700,42,742
8c46187e-9ffe-436b-9998-879048ec380f,29d39df5-9d77-4930-8017-21db53ecf80d,2024-07-26 07:31:00,7610d689-246f-467d-8d80-991c4eef401a,1200,72,1272
3b653f8d-4a93-44e7-9cf0-e3829565e35d,bddfbc57-6f52-4e22-a57a-6002563d154a,2024-07-26 09:04:00,7610d689-246f-467d-8d80-991c4eef401a,600,36,636
16d4016f-8a55-4aaf-912e-b69895461d5c,f34e0784-b761-478c-bae7-e6e58b109334,2024-07-26 13:56:00,7610d689-246f-467d-8d80-991c4eef401a,0,0,0
345b499b-7936-477c-8852-b788e146c827,b984ff09-e77c-4243-8b06-df73a4cfcab4,2024-07-26 17:35:00,7610d689-246f-467d-8d80-991c4eef401a,1000,60,1060
a1a79ec8-07ec-4c2b-8c67-ad7a53cb3b3e,450a1c69-f98e-4b7e-801d-fd2a78341e96,2024-07-26 08:06:00,7610d689-246f-467d-8d80-991c4eef401a,500,30,530
706c762b-19d7-4626-99c0-34f5ab7da1ff,16535d06-8a97-408a-8428-30e93ed759a1,2024-07-26 15:02:00,7610d689-246f-467d-8d80-991c4eef401a,500,30,530
b1222174-e30b-4c13-ae78-6f12d31c33f5,a4072cf8-44ed-4fba-a09c-52ea1253a626,2024-07-26 07:30:00,7610d689-246f-467d-8d80-991c4eef401a,400,24,424
0f048f6a-d550-40b1-b387-8b768879b762,3046aedf-67c1-44e7-ac56-440680327361,2024-07-26 07:37:00,7610d689-246f-467d-8d80-991c4eef401a,400,24,424
5cad5aac-7620-4d82-bb73-936921408132,3edf64a9-16d7-4c40-9f5b-330dc725a080,2024-07-26 14:19:00,7610d689-246f-467d-8d80-991c4eef401a,600,36,636
00c1b098-e40b-4ce9-ac36-38496d5f2377,7b88c165-b4b5-49c8-8bc5-fc7f7f0f2578,2024-07-26 13:15:00,7610d689-246f-467d-8d80-991c4eef401a,500,30,530
9cc06b68-0fa7-4bad-9a8b-4e05568f2513,ed68249a-59e8-4dc6-b38b-0d1e65f681b6,2024-07-26 09:37:00,7610d689-246f-467d-8d80-991c4eef401a,1700,102,1802
32b306d1-5158-47cc-ba3a-8edcc97554b6,bcf395ee-025e-44f8-8f73-484421f6d5fb,2024-07-26 13:59:00,7610d689-246f-467d-8d80-991c4eef401a,700,42,742
29ac3db4-16ab-4a9d-9c24-ba72d66e4a7c,cf070f90-cdd8-4549-b7e2-0c7254a5fa7d,2024-07-26 17:23:00,7610d689-246f-467d-8d80-991c4eef401a,1700,102,1802
72f38e0b-ff0f-4ed4-935a-2f06826d293d,f808081a-9507-47e5-86cb-7bf828d9d4df,2024-07-26 08:05:00,7610d689-246f-467d-8d80-991c4eef401a,400,24,424
bd785f98-85f0-4c1b-b7be-da6b385f4e48,0426d112-e55b-46b3-8cd6-e3a55e386eb0,2024-07-26 12:09:00,7610d689-246f-467d-8d80-991c4eef401a,1900,113,2013
81293b09-039c-475c-b64c-45adcd7f89bd,5d511afd-b502-4192-baad-0548251e5e6d,2024-07-26 08:46:00,7610d689-246f-467d-8d80-991c4eef401a,600,36,636
d00c191d-89d3-4475-8c85-1c33d182f85a,f9841060-a614-481b-94ee-7dfe41607413,2024-07-26 08:20:00,7610d689-246f-467d-8d80-991c4eef401a,600,36,636
74de576d-fef0-408f-8128-302f53c05081,c6bd6d54-a717-4955-a92b-b94a48db42dc,2024-07-26 07:30:00,7610d689-246f-467d-8d80-991c4eef401a,500,30,530
159e59b3-d405-416f-82a2-2e595fcdbe38,eb7d2aec-bc7d-4c51-a03b-eafee6cb1d8a,2024-07-26 07:54:00,7610d689-246f-467d-8d80-991c4eef401a,700,42,742
254b1d38-11fe-43de-a7bb-d1f4f956aa0e,dc1554c4-7966-43d6-989b-d9371615ed70,2024-07-26 07:53:00,7610d689-246f-467d-8d80-991c4eef401a,500,30,530
8e808792-b3ed-4d51-be39-6f080009dfc6,0d210a5d-5016-4929-b467-3c8c4ba1ae9d,2024-07-26 08:08:00,7610d689-246f-467d-8d80-991c4eef401a,600,36,636
6dafe2db-bff0-4191-a9f0-c58739d33c5f,026ceb52-c4fd-4803-bc22-2a3906fb6c46,2024-07-26 08:06:00,7610d689-246f-467d-8d80-991c4eef401a,400,24,424
b7d625b8-f3ac-4f94-a1e3-c175746dcae4,c8bab90c-54a0-4996-b0b2-10caea8d5184,2024-07-26 07:50:00,7610d689-246f-467d-8d80-991c4eef401a,600,36,636
c1395d72-3f16-4c35-8585-bbedd9227b8a,adb75b1e-ebd5-4fb8-9ea1-91af9f74330d,2024-07-26 07:09:00,7610d689-246f-467d-8d80-991c4eef401a,700,42,742
bf5faba9-b5d6-4363-ae99-2865be0e15bf,7523436b-bfe8-439b-8ba3-a6ea6c2c274c,2024-07-26 14:11:00,7610d689-246f-467d-8d80-991c4eef401a,500,30,530
390a79a3-60b3-4122-b0eb-6e23cf13a63b,dafbb152-2434-4963-83a6-66bcca661251,2024-07-26 07:48:00,7610d689-246f-467d-8d80-991c4eef401a,600,36,636
2e1cc766-4556-4967-b5e8-73d2b392c0f3,2e85fe24-c31c-4881-81b3-ad7239cb4f5d,2024-07-26 10:13:00,7610d689-246f-467d-8d80-991c4eef401a,1200,72,1272
bc96a16d-ecda-4b06-afc3-5dc5093a35d7,751581a7-dcae-4cd6-be9c-0170a28ec0f7,2024-07-26 08:09:00,7610d689-246f-467d-8d80-991c4eef401a,600,36,636
239fefd2-dae6-462e-a21d-0e525f8f1378,f2e6c77c-bb0e-4736-8e20-d9a300ad589a,2024-07-26 07:22:00,7610d689-246f-467d-8d80-991c4eef401a,700,42,742
ad44ffaa-6cd7-41b4-8cac-07647a6b065a,2e472783-b556-4793-892b-93e4aae66fe8,2024-07-26 08:41:00,7610d689-246f-467d-8d80-991c4eef401a,400,24,424
c60dfeda-adbf-412a-8747-1e59872c0354,22822edd-5932-40c9-8d1a-0fa99635cd0d,2024-07-26 12:35:00,7610d689-246f-467d-8d80-991c4eef401a,500,30,530
80ab4126-9141-43cc-a2b0-d7304b2cfd58,b33388b4-e129-491e-bcb5-2936b41c9e74,2024-07-26 07:48:00,7610d689-246f-467d-8d80-991c4eef401a,600,36,636
23fcd77b-17cf-4ae4-9762-c0f13de741e1,100b9b88-fbe2-4f5d-ab6f-986c8aabac36,2024-07-26 10:25:00,7610d689-246f-467d-8d80-991c4eef401a,900,54,954
87945bee-74cf-4331-a0ee-72e471533238,8c244f6b-7f16-4409-b513-237f6c53e7f0,2024-07-26 14:09:00,7610d689-246f-467d-8d80-991c4eef401a,900,54,954
0a29fce8-fe70-49a4-a37f-39dabe554057,1fb76357-c7a2-4992-8900-214689f817f6,2024-07-26 16:31:00,7610d689-246f-467d-8d80-991c4eef401a,1000,60,1060
14212778-e989-492f-9e9b-61a92a020ef3,25bf9611-3c9a-425d-8d25-eb3ca453e365,2024-07-26 07:23:00,7610d689-246f-467d-8d80-991c4eef401a,700,42,742
76cf614a-7fcf-472e-a04b-a29010c24ca2,16b323b3-be80-4671-9172-263be1a8bdee,2024-07-26 17:57:00,7610d689-246f-467d-8d80-991c4eef401a,1200,72,1272
7ee2711d-f2a6-4ab4-91a3-620c8b75a6e4,deef47c5-0b09-452c-97a3-88e756de53fb,2024-07-26 10:52:00,7610d689-246f-467d-8d80-991c4eef401a,700,42,742
b5eac6e3-d34a-4ff6-9a79-2f2138059fea,3be0e2aa-b690-4a2f-a42a-323d392a2e56,2024-07-26 08:14:00,7610d689-246f-467d-8d80-991c4eef401a,500,30,530
553fde1b-481e-49e9-94a2-75a863bb1197,eaf1ce75-babd-4767-adc4-c84916d44ea9,2024-07-26 07:50:00,7610d689-246f-467d-8d80-991c4eef401a,500,30,530
adeb0232-9cc8-482a-998c-ea7e2cb71600,799aa08f-1e79-4a82-bf2f-b6f16ac78452,2024-07-26 12:35:00,7610d689-246f-467d-8d80-991c4eef401a,600,36,636
5b5e4d8e-45eb-4d27-b85d-ab6ebe41dcd6,a511fe7a-129e-4a12-977c-655bc6f729cf,2024-07-26 08:24:00,7610d689-246f-467d-8d80-991c4eef401a,400,24,424
1fdee4dc-e46a-4501-9719-25ac992fb11e,f7ba70c3-65ab-41b7-b82e-557e864b3b38,2024-07-26 09:13:00,7610d689-246f-467d-8d80-991c4eef401a,600,36,636
f7db6fa0-8c75-46c1-9268-193409c71ed8,271669e0-565e-4dd1-8b33-5e785cdcb331,2024-07-26 07:57:00,7610d689-246f-467d-8d80-991c4eef401a,400,24,424
825033b5-6368-4448-8a5d-2d3901e830ca,f0f2ae48-dc46-46e7-84ab-80d7a170ba83,2024-07-26 16:42:00,7610d689-246f-467d-8d80-991c4eef401a,700,42,742
9a51b96f-c3b7-4a81-9ba2-2aa279873741,25a1ae12-da1a-47ba-8cc5-93ddde1bdd8a,2024-07-26 10:04:00,7610d689-246f-467d-8d80-991c4eef401a,1000,60,1060
a37068cc-81ba-4e74-88ad-99cd527ed5be,1ce75bf8-af62-46ae-9ec1-bea716d67cd0,2024-07-26 08:47:00,7610d689-246f-467d-8d80-991c4eef401a,600,36,636
2eaf6b27-9c6a-4cc6-b628-fd9c6f2adfc6,9d86b78b-c5a3-4c47-afde-b6f079c7571f,2024-07-26 07:43:00,7610d689-246f-467d-8d80-991c4eef401a,700,42,742
3a9ccd01-9f22-4d0e-85eb-a29ff1a8ffb0,d922bdd6-209c-46aa-88e0-42fa58d126fd,2024-07-26 12:05:00,7610d689-246f-467d-8d80-991c4eef401a,600,36,636
4ef9c5b4-3198-4b26-b4eb-94f5437cb61e,5d0fd1a2-46fb-4f0c-87fd-e8ed66d5d4f1,2024-07-26 11:07:00,7610d689-246f-467d-8d80-991c4eef401a,700,42,742
d942e516-06ec-4b18-b34d-9d29648d958e,9db7710b-d037-4a6e-8d62-d1553af9b074,2024-07-26 08:34:00,7610d689-246f-467d-8d80-991c4eef401a,1100,65,1165
95873108-0cae-4e8c-8601-9cc05350f571,14ea6d96-393f-46a5-8725-05273c037ba8,2024-07-26 14:55:00,7610d689-246f-467d-8d80-991c4eef401a,2300,138,2438
69883044-f6c5-405e-b4c0-d27f943917d0,83c2a0a0-ef47-41c3-8130-f4c4bfada767,2024-07-26 07:35:00,7610d689-246f-467d-8d80-991c4eef401a,600,36,636
a7c199d9-bde7-4c56-8cec-3585fb44b0b6,534e8469-a018-4efb-a1cc-fd23169c8c8e,2024-07-26 11:45:00,7610d689-246f-467d-8d80-991c4eef401a,1300,78,1378
539fc289-52b5-4e4b-b0f0-5e7d630e59be,3cfdfe82-8d38-458a-9cc0-377ce8640d82,2024-07-26 09:28:00,7610d689-246f-467d-8d80-991c4eef401a,1200,72,1272
e01c2e55-9f03-4286-866c-26bcae61418d,201c75dc-d0d2-49d0-8a57-a674c91be28c,2024-07-26 07:39:00,7610d689-246f-467d-8d80-991c4eef401a,400,24,424
61955d80-784b-4fb0-bcf2-19d598e19e6e,66419994-ccb4-4a5e-8104-430d9f05b787,2024-07-26 08:59:00,7610d689-246f-467d-8d80-991c4eef401a,2000,120,2120
16589aef-38dd-4c41-940a-4c6566eb0785,e59558e5-bf1d-4ab7-ab9f-192967a99993,2024-07-26 07:00:00,7610d689-246f-467d-8d80-991c4eef401a,500,30,530
b4d40155-6fba-4fdc-bb76-465f4becd898,50a245b4-409d-40b4-859a-497ffa53d3b5,2024-07-26 07:44:00,7610d689-246f-467d-8d80-991c4eef401a,700,42,742
dce4d81f-a374-4b71-b060-b4e516bed7dc,97d9be9c-5910-4341-9c34-db0a5d21792b,2024-07-26 08:09:00,7610d689-246f-467d-8d80-991c4eef401a,500,30,530
f42a7e61-6147-48b6-9d42-5aec7df4e271,1a5a5d31-a37e-4a9c-a6cd-d2022e17eca7,2024-07-26 15:05:00,7610d689-246f-467d-8d80-991c4eef401a,2500,150,2650
03a35044-5ab1-4c43-afb7-0df90aaaf45e,2168d1cd-b8d0-48cc-bba5-45bde32172ca,2024-07-26 13:38:00,7610d689-246f-467d-8d80-991c4eef401a,700,42,742
4c79e106-3962-41c5-9640-aa68e84b913c,d853c060-bc2e-414d-8d42-8cd0fc37d411,2024-07-26 17:52:00,7610d689-246f-467d-8d80-991c4eef401a,1500,89,1589
c9befecc-12be-4481-be8c-b4336260941e,456fdbb1-8895-420f-8c28-844dbee62b72,2024-07-26 07:25:00,7610d689-246f-467d-8d80-991c4eef401a,500,30,530
0942f9bf-c94d-466e-ac1f-92ab04431897,58ae6de0-40c0-4c65-8c85-52d2e83d9fee,2024-07-26 08:12:00,7610d689-246f-467d-8d80-991c4eef401a,2800,168,2968
ecb9887d-a6ee-4acd-addf-89fa713c0415,1a616871-cf07-4962-8005-fd25b7b631bd,2024-07-26 15:38:00,7610d689-246f-467d-8d80-991c4eef401a,400,24,424
43623b34-4453-4d89-bb6e-76b31cff99a3,0f0fef3b-66fb-4716-9807-7a8a2bcec7e7,2024-07-26 11:44:00,7610d689-246f-467d-8d80-991c4eef401a,600,36,636
3c795461-8f9c-4e4b-a2d2-8637666190c7,d2c80c70-0626-4e92-9115-8ce300b3a153,2024-07-26 08:25:00,7610d689-246f-467d-8d80-991c4eef401a,600,36,636
2bcfbf8e-0a04-4b48-b04f-c25eb9b70be4,87ab0db5-dea7-42ec-9f0c-2845b0311a5e,2024-07-26 08:58:00,7610d689-246f-467d-8d80-991c4eef401a,400,24,424
e741e4e0-fa3a-4ef3-bed3-c6a4399c3059,309669c8-42b3-43b1-8123-2be569933a0c,2024-07-26 11:11:00,7610d689-246f-467d-8d80-991c4eef401a,1100,65,1165
4153ce6d-3958-4710-bac9-d4f662b65f95,2b93a0e5-e89b-480f-9229-d927b0cb04d5,2024-07-26 08:00:00,7610d689-246f-467d-8d80-991c4eef401a,400,24,424
c2179fef-3b60-4ade-801c-82b37c5180d4,5e25b7e9-263f-487e-ab81-22525d48e71b,2024-07-26 07:55:00,7610d689-246f-467d-8d80-991c4eef401a,600,36,636
43529f8f-4519-4739-8eb3-e68aebf688d0,665e2199-3e9c-44d4-ad37-fdaad66a174c,2024-07-26 07:09:00,7610d689-246f-467d-8d80-991c4eef401a,600,36,636
26715e62-bc16-41f9-8298-fd5a5fdd3193,1c9cfb2c-1d6e-42ea-abd2-7970d24360ec,2024-07-26 08:34:00,7610d689-246f-467d-8d80-991c4eef401a,700,42,742
32e1f357-cc59-4e73-b9d4-a91b9b4ed3aa,a81521ff-21dd-4fea-8e3f-fe9c4a1dc1e8,2024-07-26 07:00:00,7610d689-246f-467d-8d80-991c4eef401a,400,24,424
bba3ed29-09a1-4ed5-8ff1-7924cb838b74,a098d142-670c-47f0-9877-a90b05422050,2024-07-26 11:44:00,7610d689-246f-467d-8d80-991c4eef401a,600,36,636
5901eca3-945d-4a4b-8979-e388d67c258f,48959ed8-08dd-4ef2-bffb-7a52f1416a29,2024-07-26 16:09:00,7610d689-246f-467d-8d80-991c4eef401a,1600,96,1696
cb94c790-2744-48b8-903a-40cba8799ffe,86440644-0c75-465f-bdeb-900d87ec40d4,2024-07-26 07:45:00,7610d689-246f-467d-8d80-991c4eef401a,700,42,742
9c31b969-9054-4a1f-bd20-ccdb6914edfa,a35a2470-78bd-43fe-aca9-e82d731daecc,2024-07-26 09:21:00,7610d689-246f-467d-8d80-991c4eef401a,500,30,530
3d5d46ec-ac11-4dfb-b45c-c5540e6c2e9a,22fa3e88-bc50-4934-8b6d-1e16ec124ea5,2024-07-26 13:41:00,7610d689-246f-467d-8d80-991c4eef401a,1700,102,1802
881a0624-72ba-4804-978e-f1efb6e9b26b,d3c6c1f1-8fad-4e3b-b090-1739abc57cf0,2024-07-26 08:48:00,7610d689-246f-467d-8d80-991c4eef401a,400,24,424
982187e3-d541-4b4e-b82c-aa6860de5853,d60e7604-3b35-41cb-91c6-f220b3e8eb3d,2024-07-26 12:26:00,7610d689-246f-467d-8d80-991c4eef401a,500,30,530
32fbf775-96ab-47f8-8318-0f7035564732,6a0d13b3-0aa7-4970-94b1-a9b08fc329d9,2024-07-26 14:38:00,7610d689-246f-467d-8d80-991c4eef401a,600,36,636
49a175fa-2062-4dad-8339-dde7b32c6bc2,16055520-2c72-4e4e-9f92-bac49b61437c,2024-07-26 08:11:00,7610d689-246f-467d-8d80-991c4eef401a,400,24,424
23a809cc-7aa4-453a-afa0-658d5696fa74,d23ca980-dbeb-418a-b89b-bca1590263ee,2024-07-26 14:14:00,7610d689-246f-467d-8d80-991c4eef401a,500,30,530
0b9d0677-5e87-4909-8f3a-58b2fce8961b,ea8db837-54ac-4615-ab01-9e1d9f2d3ec1,2024-07-26 07:41:00,7610d689-246f-467d-8d80-991c4eef401a,500,30,530
a0739901-e590-48b6-b51f-d61a66397570,ef0b0d0b-5ecf-4f39-8937-bb9ddaaadfa3,2024-07-26 11:33:00,7610d689-246f-467d-8d80-991c4eef401a,1800,108,1908
fb9f2c87-96bc-4353-8640-341d2735f6c4,572afe5e-e82a-45af-aaac-35948537d83b,2024-07-26 15:16:00,7610d689-246f-467d-8d80-991c4eef401a,400,24,424
7f8e49da-c178-4c8a-b07d-812f093f8db3,786e1981-a9d6-4f2b-9c24-a4d3dd7c7e17,2024-07-26 16:09:00,7610d689-246f-467d-8d80-991c4eef401a,1700,102,1802
2781dfff-2479-421c-a628-767c12729820,8cfe2de3-d27a-456f-ae33-517251aeee4e,2024-07-26 15:23:00,7610d689-246f-467d-8d80-991c4eef401a,700,42,742
592b361e-3617-4238-8234-af6193f4bdab,df3c2d1d-30e2-4371-9b43-3fd918f475bb,2024-07-26 07:13:00,7610d689-246f-467d-8d80-991c4eef401a,700,42,742
63c6008e-5475-4143-bfb5-b8d1e61bceff,f695d71e-f422-4325-9add-b509be6e4bf1,2024-07-26 14:04:00,7610d689-246f-467d-8d80-991c4eef401a,500,30,530
1268693d-c205-4b12-baf3-2231ace9b25a,25026909-2ede-4661-871d-156396a83b6c,2024-07-26 18:59:00,7610d689-246f-467d-8d80-991c4eef401a,600,36,636
6e4dd056-1b27-4acf-bda6-681ac00fa1de,b95564b0-779d-41ad-9da0-5f65a142d02c,2024-07-26 08:11:00,7610d689-246f-467d-8d80-991c4eef401a,400,24,424
18c3e0ee-4fb9-43d1-a801-4537c41a0c5a,3b549ccd-b818-46d6-bb5c-7b514dc724ff,2024-07-26 07:53:00,7610d689-246f-467d-8d80-991c4eef401a,500,30,530
3ab855d6-5697-4677-ae58-b88aa22d8e23,2df21d90-54d9-4bfc-9b00-12048e94bf7f,2024-07-26 07:30:00,7610d689-246f-467d-8d80-991c4eef401a,400,24,424
ee7dac26-ea8f-4145-9645-65682343a74b,61432b99-679b-4a15-8732-0fcb17a5ef7c,2024-07-26 08:11:00,7610d689-246f-467d-8d80-991c4eef401a,600,36,636
c3ef2746-0fd3-404f-8915-662549b54221,905454f7-790f-4855-9e6d-6506f375381a,2024-07-26 08:37:00,7610d689-246f-467d-8d80-991c4eef401a,600,36,636
74940a79-2f05-4972-9556-1dbf1ade4387,a8d4018e-74dd-481b-9ec0-047653c406bc,2024-07-26 11:30:00,7610d689-246f-467d-8d80-991c4eef401a,1900,113,2013
0c91b56d-0233-4d7b-90c3-863d9da2049f,66eeda05-0d6d-490c-b2b3-a4184a6e593d,2024-07-26 11:23:00,7610d689-246f-467d-8d80-991c4eef401a,700,42,742
b17ef5de-b4e6-4a5a-99f4-df562469ee4a,1fe8a9e9-5e8e-41ed-8f2f-e16bb832f81e,2024-07-26 16:26:00,7610d689-246f-467d-8d80-991c4eef401a,400,24,424
ce4abb45-c3e0-43f4-bd16-38371ca4ab18,beeafc1a-1df5-4e92-b649-9887417b6e99,2024-07-26 09:43:00,7610d689-246f-467d-8d80-991c4eef401a,2100,126,2226
85fbf2b7-b071-487c-924b-448228ee987b,b8e6d5cf-5320-400d-9a7a-d392e280ff9a,2024-07-26 08:39:00,7610d689-246f-467d-8d80-991c4eef401a,400,24,424
5a9d7f81-4500-4cb3-96ff-e2f49a4c3920,55a186ff-9bda-4b51-8717-546300299f58,2024-07-26 08:11:00,7610d689-246f-467d-8d80-991c4eef401a,400,24,424
3cdcc756-73ce-45ca-b2ec-1851842a85ee,3a3d9f52-a1f9-4640-a5ac-3565b6fc94d6,2024-07-26 13:21:00,7610d689-246f-467d-8d80-991c4eef401a,700,42,742
5394409d-6e48-4b18-bbb2-ea11551b99ae,dfe2ecc4-6a89-42bf-809d-eb6d3b80f03c,2024-07-26 08:16:00,7610d689-246f-467d-8d80-991c4eef401a,700,42,742
69c82c44-c395-418e-a143-0c67580a8c5a,5dee43b9-6180-423d-aa66-0c975c7a6254,2024-07-26 12:37:00,7610d689-246f-467d-8d80-991c4eef401a,500,30,530
716adfe3-320c-49e6-86fa-09931d7f86b1,8f860c47-6ffb-400d-a5ea-1b3309f59667,2024-07-26 08:13:00,7610d689-246f-467d-8d80-991c4eef401a,700,42,742
5e150cbf-acf1-4b5f-b3d4-bb4ac06bc3e2,8e668625-bb53-48d3-8a35-337b6bfe0528,2024-07-26 08:20:00,7610d689-246f-467d-8d80-991c4eef401a,700,42,742
8c755067-96a1-41b7-82f8-265ba31f6d39,8b985220-0522-4c7e-9086-b5e3ec1da5ad,2024-07-26 17:29:00,7610d689-246f-467d-8d80-991c4eef401a,1600,96,1696
a6337ae3-463d-4379-b159-a88d2517ee86,c15f166b-5eea-4544-95ba-c06ab6bdfd54,2024-07-26 08:46:00,7610d689-246f-467d-8d80-991c4eef401a,500,30,530
9ddf81a2-20e6-489b-9bfb-7bd7f48ff06a,4c0311a9-36a1-489e-b9a6-d0c6fbb216d0,2024-07-26 14:58:00,7610d689-246f-467d-8d80-991c4eef401a,1700,102,1802
1d17a7b2-3da9-42d8-b349-29b16cc837c5,21b47c14-85e6-4345-8b75-fb865313023c,2024-07-26 08:41:00,7610d689-246f-467d-8d80-991c4eef401a,700,42,742
e33f5e8e-d6eb-48b3-a2f2-ef11a11adcc1,de438868-012e-4090-a23f-435fe782ba8a,2024-07-26 08:02:00,7610d689-246f-467d-8d80-991c4eef401a,400,24,424
07334f7d-0d54-4ddc-a2cb-b86978af86c7,837e09f7-4460-4e4c-9dd1-15e51783c049,2024-07-26 09:36:00,7610d689-246f-467d-8d80-991c4eef401a,600,36,636
1d8da7ec-e8c4-4cca-87b1-06d888ccce2e,76e0ad61-6f0a-4ff9-ac30-b153a4382299,2024-07-26 07:41:00,7610d689-246f-467d-8d80-991c4eef401a,600,36,636
e8d56b1f-ab19-4e54-8e3e-25dab19ce5ce,46f597eb-c54b-4468-9b5f-709bcfed28fb,2024-07-26 13:36:00,7610d689-246f-467d-8d80-991c4eef401a,600,36,636
18cf7444-f66a-46d0-8d8f-f95eaad875b5,74f8b5d2-4353-4a1d-9d09-c4b033ed1e78,2024-07-26 08:06:00,7610d689-246f-467d-8d80-991c4eef401a,500,30,530
4e27b333-6a4e-43bb-ab7b-e17ca305a64a,56b50d24-13a2-45fe-9f11-02b1df86f7ab,2024-07-26 10:36:00,7610d689-246f-467d-8d80-991c4eef401a,1900,113,2013
dfbaf30d-b58a-4e3f-94d6-b1a8debf77c1,472069b9-a61b-4488-b3d3-77fd6e057685,2024-07-26 08:14:00,7610d689-246f-467d-8d80-991c4eef401a,600,36,636
d0dce0be-63e9-46db-afe9-0a87fc44aa1c,c8ecfe04-79be-48af-8d12-9542ae15e266,2024-07-26 08:19:00,7610d689-246f-467d-8d80-991c4eef401a,600,36,636
f4a2c49a-2be5-4a56-b77e-4feb17a03e5a,13e6eb04-6067-4f00-8ee7-5675fcc4f621,2024-07-26 12:34:00,7610d689-246f-467d-8d80-991c4eef401a,500,30,530
16623f94-1c4d-430c-acda-8d75369e09cf,bd2ae4d9-0ea5-49e1-aea9-3370b4716c00,2024-07-26 13:54:00,7610d689-246f-467d-8d80-991c4eef401a,1400,84,1484
eafe1797-3c0c-40e7-99b6-5c0cdbf70b64,42f1d1af-ac2e-42d7-80bc-e1dd04b9bce8,2024-07-26 08:19:00,7610d689-246f-467d-8d80-991c4eef401a,700,42,742
1312eb53-5808-438e-8e38-6252267460cb,e157473f-67c5-4a77-a3c7-1d690227196f,2024-07-26 08:41:00,7610d689-246f-467d-8d80-991c4eef401a,2400,144,2544
19153021-549b-4314-a30d-b43e3765463b,4f29c41c-067d-4f9a-9793-8bae170607bc,2024-07-26 11:39:00,7610d689-246f-467d-8d80-991c4eef401a,600,36,636
6e5e07b4-b6cf-410c-a592-e82ec0156299,9a14fd59-3f1b-40ec-ba02-2b2164bc44d7,2024-07-26 07:37:00,7610d689-246f-467d-8d80-991c4eef401a,400,24,424
d63106bd-b14e-49d0-878c-fe78f96bf561,b973cfc5-c344-4b2d-8fc4-92b69286c494,2024-07-26 14:22:00,7610d689-246f-467d-8d80-991c4eef401a,600,36,636
d5a092e7-8db6-4790-855a-a8bd0d8bfd0c,a6a53f05-a7e5-414f-ba8a-df80c2f23c61,2024-07-26 09:20:00,7610d689-246f-467d-8d80-991c4eef401a,3200,192,3392
624c0715-66d3-4837-a29e-44a9fae36b14,4016b41b-6b04-4ecf-944a-2dec96832f6d,2024-07-26 08:05:00,7610d689-246f-467d-8d80-991c4eef401a,700,42,742
4f6273fa-5302-472e-af51-2cd7ece1665b,1691b5c0-20da-438a-8bc7-8f68cdfc6996,2024-07-26 09:13:00,7610d689-246f-467d-8d80-991c4eef401a,700,42,742
b0add4a1-d1c8-4fe0-aeda-1e888849d21c,9ec80e0e-eb2a-4cd5-8281-acd97008a40e,2024-07-26 12:39:00,7610d689-246f-467d-8d80-991c4eef401a,1200,72,1272
156201c5-97d7-4171-b5a3-535aa96d3491,f57f8c58-ddd5-4ef6-9098-f1f0e6d117ec,2024-07-26 09:11:00,7610d689-246f-467d-8d80-991c4eef401a,400,24,424
adb66892-ffa0-439a-a9e2-df65dbf1e28e,d2a66d78-098a-4e8a-9de8-8f53f73a1a68,2024-07-26 14:19:00,7610d689-246f-467d-8d80-991c4eef401a,400,24,424
6e0c4031-72ae-47fe-9690-bef888528e99,1995fe10-3ace-49c2-a034-9501692d2dd7,2024-07-26 15:41:00,7610d689-246f-467d-8d80-991c4eef401a,2100,126,2226
ef9f24fa-2526-46db-b404-3dc69f2b7a20,3293ca28-2970-404e-a298-f74c760d7810,2024-07-26 08:42:00,7610d689-246f-467d-8d80-991c4eef401a,700,42,742
98687d6c-0b5e-4a32-af98-ad867aa932d1,3029df46-1cef-45bc-9293-520cc8b0255e,2024-07-26 07:27:00,7610d689-246f-467d-8d80-991c4eef401a,600,36,636
37120960-88c3-4686-b3d7-23c26e097918,3981431e-68a6-4f25-8919-294206d4e783,2024-07-26 08:39:00,7610d689-246f-467d-8d80-991c4eef401a,600,36,636
0a2991ec-77a4-400a-b4ae-93289896a944,b79f9939-07ce-4f15-bdca-a9e5a43ab862,2024-07-26 09:42:00,7610d689-246f-467d-8d80-991c4eef401a,400,24,424
475f3f79-f026-4a6d-832c-055660615f0b,4080c176-2d27-43e3-9526-735f9330b06c,2024-07-26 11:21:00,7610d689-246f-467d-8d80-991c4eef401a,600,36,636
43f76190-b035-420d-ba04-1638df67ed19,f8a9b9e5-b4c7-416f-acfd-3b5727417698,2024-07-26 08:33:00,7610d689-246f-467d-8d80-991c4eef401a,600,36,636
882aa17e-85e1-4747-b17f-5c66695d082d,27b1e612-2cfe-43aa-bb58-c92646126951,2024-07-26 07:00:00,7610d689-246f-467d-8d80-991c4eef401a,400,24,424
99189e75-d101-4066-a3b8-f28cdab3567e,6cd42113-cc70-4857-985d-d31a7adf9ab1,2024-07-26 16:17:00,7610d689-246f-467d-8d80-991c4eef401a,500,30,530
694de00e-90f9-4c94-a95f-9ab84461c246,3706d905-3e5a-4227-9c02-f96968365cef,2024-07-26 14:10:00,7610d689-246f-467d-8d80-991c4eef401a,500,30,530
9a4bada0-388b-498a-923b-cc974c8d640f,814c405f-ca8b-4bb0-865c-7c89447ff10a,2024-07-26 14:04:00,7610d689-246f-467d-8d80-991c4eef401a,600,36,636
4af9c98c-3a45-4a3d-806f-b8f481af80e7,800f49c1-d428-4f5a-bdd3-172f56da95b5,2024-07-26 11:16:00,7610d689-246f-467d-8d80-991c4eef401a,1100,65,1165
2ec01621-40f9-489f-81f0-d52c60ebb966,5bfe0dae-1b79-4360-a29c-17e9ca7851f9,2024-07-26 14:47:00,7610d689-246f-467d-8d80-991c4eef401a,700,42,742
ed44177f-8877-47f9-9d59-8099f4fd7279,1995de61-30f6-4038-b73d-34f4948e764f,2024-07-26 16:28:00,7610d689-246f-467d-8d80-991c4eef401a,1600,96,1696
6ef83b82-f1e7-4165-972b-471c16e5fe58,1398234d-baf9-4fee-a245-8bf9b8ec1d4a,2024-07-26 17:01:00,7610d689-246f-467d-8d80-991c4eef401a,2300,138,2438
08a1e801-ad2e-4b3b-b62d-d6a5b29ea143,25c97ef3-e3df-4437-81ea-031cf9228009,2024-07-26 12:49:00,7610d689-246f-467d-8d80-991c4eef401a,2300,138,2438
3a64fc6f-a822-4510-8af9-e7992ac156e1,23e45a32-b6fd-408a-ba27-924b1070c001,2024-07-26 07:45:00,7610d689-246f-467d-8d80-991c4eef401a,400,24,424
ad5dcd51-f3c0-4dac-bfd6-efacb130b05c,32c0dd94-681d-4183-8286-cf088864c11b,2024-07-26 14:20:00,7610d689-246f-467d-8d80-991c4eef401a,1300,78,1378
9e5e964d-b772-4d7b-9403-a74a3a882187,867d1a27-d73e-4645-a7c8-68a8cccc46d6,2024-07-26 16:38:00,7610d689-246f-467d-8d80-991c4eef401a,500,30,530
28735f2a-2bc2-42df-a901-4a2dd2ee329c,f4918a53-6c53-4960-a683-610fd1d3cb26,2024-07-26 07:24:00,7610d689-246f-467d-8d80-991c4eef401a,500,30,530
fed766b4-47d1-4e0d-99b5-705066aa7eb1,67b83532-c6ef-47a9-b708-6fec1ef804c2,2024-07-26 08:23:00,7610d689-246f-467d-8d80-991c4eef401a,700,42,742
970d5e98-a8fa-4beb-9bcd-6a70eb458947,471dd3e1-1cb3-4a37-bd75-154334a05a49,2024-07-26 07:23:00,7610d689-246f-467d-8d80-991c4eef401a,600,36,636
d7d68f1c-a281-4d0a-be40-f6d4d4c6c7c6,946f1cde-d4d1-4fc4-9e42-a82375962636,2024-07-26 10:07:00,7610d689-246f-467d-8d80-991c4eef401a,500,30,530
7aee13ad-9b03-4617-a41c-fb1b3a71705f,2bf81bda-a1ca-4b73-be11-695b1539a339,2024-07-26 10:44:00,7610d689-246f-467d-8d80-991c4eef401a,600,36,636
057624b0-8317-48c8-9846-81b1046770e6,006ebf27-e836-4961-86f8-19a81bd60992,2024-07-26 11:04:00,7610d689-246f-467d-8d80-991c4eef401a,400,24,424
c470d24b-4bfe-44fc-9b93-d8bbf9f541b6,c7b8e8b6-6299-45a6-a446-b172e533d17e,2024-07-26 07:22:00,7610d689-246f-467d-8d80-991c4eef401a,600,36,636
8d385080-b911-4d06-b37c-dfd2bc95b3f5,b0899906-f211-4fe2-a0b9-71b5f9850f75,2024-07-26 07:36:00,7610d689-246f-467d-8d80-991c4eef401a,400,24,424
54bf0ac1-fe00-4c61-b127-6f1dbcc2665a,5b997d2e-38a3-403c-b8d1-441657613eef,2024-07-26 16:22:00,7610d689-246f-467d-8d80-991c4eef401a,3900,234,4134
7e421db5-f855-4e2e-98d9-efe73405a514,563caefa-5675-4645-a701-6272b42dd217,2024-07-26 12:21:00,7610d689-246f-467d-8d80-991c4eef401a,600,36,636
29a972dd-c95f-4273-96db-898553522e0d,4141f701-5633-42c2-b647-4b6fc428802f,2024-07-26 12:03:00,7610d689-246f-467d-8d80-991c4eef401a,3600,216,3816
9f86ea8e-c4b4-438b-917a-8622315a00f5,4c348755-d66d-46bb-9d04-3d6564b49ec0,2024-07-26 16:19:00,399dfec4-01ec-4e84-80b5-cb325d670571,1700,68,1768
40b7f8e6-3f8a-4c31-b9c5-6229d709fee4,37e73f82-c93a-4c41-ade6-e62f4a5b446a,2024-07-26 08:43:00,399dfec4-01ec-4e84-80b5-cb325d670571,2100,84,2184
74facd2e-ba98-46d0-a330-5614e797f519,c5ea4a48-b79a-41fb-8cfb-27cd606cf67c,2024-07-26 07:38:00,399dfec4-01ec-4e84-80b5-cb325d670571,700,28,728
902e0c7a-3a60-4324-947b-9e21b1b656b9,a8f18d60-8666-4c0f-a1db-c2866d583b8d,2024-07-26 08:59:00,399dfec4-01ec-4e84-80b5-cb325d670571,500,20,520
430bad96-75c0-44e6-bd91-e617357fe5aa,0e212e07-1340-414e-b2c5-6ea4fd2b0239,2024-07-26 12:45:00,399dfec4-01ec-4e84-80b5-cb325d670571,1300,52,1352
bcff959a-41f0-4e4f-ada1-5624c8f4693a,7bcb8723-53df-4b44-9780-6f41535407ea,2024-07-26 08:09:00,399dfec4-01ec-4e84-80b5-cb325d670571,500,20,520
1700cce2-6cd7-4b97-89a5-f273335be665,cec3488a-b584-4a3a-a0c8-8e8e9fe62005,2024-07-26 15:03:00,399dfec4-01ec-4e84-80b5-cb325d670571,1000,40,1040
c317dea3-0b25-4e05-8d3c-afff1473b8da,6245ed4d-3f95-4010-9309-114b1b627744,2024-07-26 07:48:00,399dfec4-01ec-4e84-80b5-cb325d670571,400,16,416
88b48590-b055-43a4-b6a9-ea9a3f383355,94b1db00-2098-4afd-b3b7-5eb8983cfc17,2024-07-26 08:34:00,399dfec4-01ec-4e84-80b5-cb325d670571,600,24,624
41acd304-1e92-4d74-90e7-b13f0e623be0,d2b78715-1c35-41d5-a173-86bbde66041c,2024-07-26 13:27:00,399dfec4-01ec-4e84-80b5-cb325d670571,400,16,416
66e21c16-8e8d-4c56-b313-88365798c3e0,f87cf5f2-f133-432b-9698-d97df1d3ea32,2024-07-26 08:26:00,399dfec4-01ec-4e84-80b5-cb325d670571,600,24,624
623fd475-9e6b-4e5d-984a-1b523d8044cc,a4ecfbb7-9d6d-44b3-925d-7d29fdc993d8,2024-07-26 16:11:00,399dfec4-01ec-4e84-80b5-cb325d670571,400,16,416
02825f75-2f92-48fa-a1a9-25128511a311,a0c23a52-fc6d-47ef-b1f6-058a0f3bdd78,2024-07-26 08:17:00,399dfec4-01ec-4e84-80b5-cb325d670571,1800,72,1872
77dadacc-4980-4fa7-94e2-9977ad6007c0,506a6d87-28ad-4107-98f8-eee7ef436e29,2024-07-26 07:54:00,399dfec4-01ec-4e84-80b5-cb325d670571,600,24,624
de386ca5-754f-448e-9626-6a51984bca9c,81f94344-42da-4710-970b-01040337773f,2024-07-26 13:08:00,399dfec4-01ec-4e84-80b5-cb325d670571,700,28,728
9e1c5c3f-1adb-41ae-9c28-f4b4e0fdacb1,ccb5c165-1568-4be3-967f-4081011dbfa8,2024-07-26 19:10:00,399dfec4-01ec-4e84-80b5-cb325d670571,400,16,416
7e2eabf0-4333-43ef-b206-f7d0facb8f34,42c5ea60-f682-47d9-b67c-f6f362147071,2024-07-26 07:33:00,399dfec4-01ec-4e84-80b5-cb325d670571,600,24,624
80ee2d0a-c04d-4199-b82f-b15686131e5e,16b63951-b5de-4976-b337-c7a164051684,2024-07-26 07:51:00,399dfec4-01ec-4e84-80b5-cb325d670571,400,16,416
bfd5faf9-04b1-4264-a1cd-8f8c83c0de30,ecc38f56-849e-4cb2-b90a-63994fc8241e,2024-07-26 11:21:00,399dfec4-01ec-4e84-80b5-cb325d670571,1800,72,1872
8b9dcfa1-43df-4bb6-98c2-c5618b7d75f0,b6e01333-7454-4939-a5ce-c8bef3d60cc0,2024-07-26 07:54:00,399dfec4-01ec-4e84-80b5-cb325d670571,400,16,416
f5e98ea1-adf3-4a8e-a06b-f2825a8739db,6e83b42d-59ed-4466-b35a-d764e9c3cdfc,2024-07-26 07:26:00,399dfec4-01ec-4e84-80b5-cb325d670571,700,28,728
d0f90ee7-3c8b-4153-ab3c-e652b63c18ec,e80559a4-b5da-4434-a7a4-813d513bfd83,2024-07-26 12:41:00,399dfec4-01ec-4e84-80b5-cb325d670571,1200,48,1248
af648254-090f-4f3a-b604-acfbe2a61a26,ddd6bc5c-169a-4f13-aa8d-eb8d78c99e03,2024-07-26 08:31:00,399dfec4-01ec-4e84-80b5-cb325d670571,400,16,416
e5833b77-ae79-4af1-91ac-2327573e761a,df529715-211d-4d44-bce5-8c04f8447eeb,2024-07-26 11:23:00,399dfec4-01ec-4e84-80b5-cb325d670571,500,20,520
7d8a4448-46bb-4bde-9652-d8647d03c7e8,f59319a4-b9b6-458a-aec7-f43d079c3a28,2024-07-26 14:59:00,399dfec4-01ec-4e84-80b5-cb325d670571,2500,100,2600
c48af25c-28ea-451d-a370-e2ab5bb76cc9,87289d4c-37e9-4151-9045-4ba83f3b4c71,2024-07-26 17:54:00,399dfec4-01ec-4e84-80b5-cb325d670571,600,24,624
c0dbb0a2-cb39-4643-b310-39b783ea5d6b,d6af4950-fefc-44bb-8701-d252bd522f00,2024-07-26 07:54:00,399dfec4-01ec-4e84-80b5-cb325d670571,600,24,624
89228039-49a8-40bb-a863-00e483d2fe89,bff5af40-a32d-4898-8a55-eb25f6d0b6ed,2024-07-26 18:40:00,399dfec4-01ec-4e84-80b5-cb325d670571,600,24,624
b7cd554b-b659-4b4f-9e37-d4dbb5f2e227,e4813f2e-1b48-4035-8b99-9dbc490b1182,2024-07-26 16:00:00,399dfec4-01ec-4e84-80b5-cb325d670571,400,16,416
abfe9481-081c-47b4-9346-56b480a2fa4d,48401445-c4c0-4381-a5d3-b47ddffe4ef2,2024-07-26 10:55:00,399dfec4-01ec-4e84-80b5-cb325d670571,2200,88,2288
572d1500-192f-4b2a-9604-2b87276a297d,337e472c-b132-404f-b734-2693796b2745,2024-07-26 13:38:00,399dfec4-01ec-4e84-80b5-cb325d670571,2900,115,3015
7bb74c38-5b05-4fd1-add8-e1bbcf560518,711044e1-8bdf-47ab-b9ab-3d108e5590d9,2024-07-26 11:26:00,399dfec4-01ec-4e84-80b5-cb325d670571,2300,92,2392
86145b51-40e9-445a-957a-3cb15f8ea55f,dcf50ba9-5b3e-448f-9529-f27c246d868a,2024-07-26 07:37:00,399dfec4-01ec-4e84-80b5-cb325d670571,600,24,624
a4d3f3bc-64fa-4b65-ac65-180f8930243b,9d25ed88-d934-4a39-bff2-29dd981edc7b,2024-07-26 08:03:00,399dfec4-01ec-4e84-80b5-cb325d670571,600,24,624
a13634a4-863f-442b-8d02-7aa52364938d,a0ae887b-a1ea-45e2-a49e-fb49cd25e6e8,2024-07-26 13:19:00,399dfec4-01ec-4e84-80b5-cb325d670571,600,24,624
cc952a26-bbde-401a-afa6-7d8da109ddb9,0b281af4-2be3-4d04-9ed7-bddd85812aad,2024-07-26 19:23:00,399dfec4-01ec-4e84-80b5-cb325d670571,500,20,520
601bd627-5070-4eb0-b7fa-671ccad68c6d,1ab8f64c-68df-4705-82aa-f3e046eec9a1,2024-07-26 07:52:00,399dfec4-01ec-4e84-80b5-cb325d670571,400,16,416
43bc3946-f342-4cb7-b9ca-c204d908abec,014d4968-8860-436c-9590-b3172aab71ab,2024-07-26 16:14:00,399dfec4-01ec-4e84-80b5-cb325d670571,600,24,624
28026883-e3ec-44d0-9884-b54af8882b59,50580cce-0003-489b-ac75-1e865cae783d,2024-07-26 15:11:00,399dfec4-01ec-4e84-80b5-cb325d670571,1200,48,1248
7557cdd7-c487-405c-831a-16e4e52e6ef0,b132d7fb-457b-400a-a86e-27a184517bc5,2024-07-26 14:29:00,399dfec4-01ec-4e84-80b5-cb325d670571,600,24,624
ef8379a3-759b-440f-a489-20b20692413f,34fc2867-a0b6-422f-8041-10f81916b1fe,2024-07-26 08:20:00,399dfec4-01ec-4e84-80b5-cb325d670571,600,24,624
704db3ec-c024-47c5-8b25-c97e779cc31c,76c48654-6fd5-4383-9917-f82ad4aea2d6,2024-07-26 08:35:00,399dfec4-01ec-4e84-80b5-cb325d670571,400,16,416
8dad50c3-3355-4990-be5a-fdcd52703e5c,2c57c610-0005-4cad-80d1-645d35f2c1bd,2024-07-26 11:26:00,399dfec4-01ec-4e84-80b5-cb325d670571,700,28,728
430a5585-83df-40a8-8713-ffd0a2e95dcd,aedc7b77-61c3-4a78-b198-3c2c85bdc558,2024-07-26 13:23:00,399dfec4-01ec-4e84-80b5-cb325d670571,1100,44,1144
d1c43555-24f5-44af-a0b2-1a29629163f6,c28b2934-ee10-4572-b543-13b07030b674,2024-07-26 08:52:00,399dfec4-01ec-4e84-80b5-cb325d670571,500,20,520
e59cac48-08fa-4744-9f5b-835e8fa329a8,9e01e8aa-e852-4d14-a1bd-a7099859350b,2024-07-26 07:35:00,399dfec4-01ec-4e84-80b5-cb325d670571,700,28,728
54cf960f-c6bb-4144-b1ff-eb4de1bc7548,6c61d1a8-d299-4add-a628-1e8840673829,2024-07-26 11:31:00,399dfec4-01ec-4e84-80b5-cb325d670571,700,28,728
b00a8831-1bde-4435-85ba-da21be3cf492,0e8e5ba3-41fa-49ca-97f4-c447a239e83f,2024-07-26 11:11:00,399dfec4-01ec-4e84-80b5-cb325d670571,2300,92,2392
c8c38b01-fd03-483e-9c37-4873fefa1bdc,64db26a0-c128-4fd8-8d9d-7d6e8dca816f,2024-07-26 08:01:00,399dfec4-01ec-4e84-80b5-cb325d670571,700,28,728
715be860-78d1-42d4-822b-2edc015e9025,23c9d5aa-b7ac-43fe-9b34-95a885534f3f,2024-07-26 12:30:00,399dfec4-01ec-4e84-80b5-cb325d670571,400,16,416
6ed52631-a369-43f6-b721-cbdfba14ed91,acd3eb6d-6b79-4387-b568-bbae749f77a3,2024-07-26 07:22:00,399dfec4-01ec-4e84-80b5-cb325d670571,500,20,520
24bb859f-1380-4d36-b7d3-1944637aa18b,bc67e790-4d24-486d-807f-451f765d80cd,2024-07-26 07:57:00,399dfec4-01ec-4e84-80b5-cb325d670571,600,24,624
4275442a-db2d-4570-a456-cd3f31b69112,dad7706f-c7f1-48d1-b917-5c159cfffb63,2024-07-26 08:23:00,399dfec4-01ec-4e84-80b5-cb325d670571,400,16,416
47742565-a6cf-4556-8e9a-db0edde4f818,0a355498-5161-4e43-a119-739ad47fce7c,2024-07-26 07:46:00,399dfec4-01ec-4e84-80b5-cb325d670571,400,16,416
5258e092-33be-419e-928e-e1ca7ff968bb,e5c6f80d-f9e5-4adb-9e14-77344fadcb11,2024-07-26 08:09:00,399dfec4-01ec-4e84-80b5-cb325d670571,500,20,520
3d6d8658-cfa2-40e7-8266-e5e42274ba27,411d51f6-44fc-4bb3-b070-d4a8ebc1648e,2024-07-26 08:12:00,399dfec4-01ec-4e84-80b5-cb325d670571,3000,120,3120
062a0147-b6c8-4a5e-a90c-78430e3dab41,8d3da390-2ca0-4b6b-9ede-107ac967da0f,2024-07-26 14:30:00,399dfec4-01ec-4e84-80b5-cb325d670571,1100,44,1144
b6461121-d1ae-44b1-8f44-aad57b5d1f2a,1970761e-30b2-4231-b0c4-e598194512e9,2024-07-26 08:18:00,399dfec4-01ec-4e84-80b5-cb325d670571,700,28,728
2f0e8fcd-a107-42a8-8791-66526bba1ea2,3f44b8aa-7b06-4cbc-b5b8-62c759375abf,2024-07-26 07:58:00,399dfec4-01ec-4e84-80b5-cb325d670571,600,24,624
58682256-17d4-488d-bcfe-24f5f0eec1dc,6fdbcc82-f9bb-4e4f-9213-da734cd8953d,2024-07-26 09:21:00,399dfec4-01ec-4e84-80b5-cb325d670571,900,36,936
2e090cd5-0c51-4bc0-b5df-47b154fdf8fd,e51c17e9-54d2-4d0d-951b-d2e942484e4a,2024-07-26 08:50:00,399dfec4-01ec-4e84-80b5-cb325d670571,700,28,728
04e3a38a-7c3e-411c-b7f9-efab924bff3a,661e7769-737a-4fea-9b2b-61f6ad5f730e,2024-07-26 08:32:00,399dfec4-01ec-4e84-80b5-cb325d670571,600,24,624
23213263-9d82-48eb-bd7d-f831eb3a635f,925b1e7a-db75-46f3-8233-e9a0d1cd3eea,2024-07-26 07:46:00,399dfec4-01ec-4e84-80b5-cb325d670571,600,24,624
ebb121f6-9217-4372-b8f5-b9fcdc997066,60314e03-083b-4c10-8481-e96147ef36b6,2024-07-26 08:25:00,399dfec4-01ec-4e84-80b5-cb325d670571,600,24,624
0a83395f-b7d8-4914-acdd-ab424cf2f557,0632018d-13b0-4b17-8c09-2355784aa5aa,2024-07-26 08:54:00,399dfec4-01ec-4e84-80b5-cb325d670571,500,20,520
e0383b73-f8a6-445d-a139-4437c2b1cfb6,6cc22f29-b88b-4f31-9982-e3fd61a88f01,2024-07-26 12:23:00,399dfec4-01ec-4e84-80b5-cb325d670571,600,24,624
d917ed14-3c41-40bf-8d9f-3ce272d1c1b6,5de2ad61-7d0f-4bd1-976c-54232ea6a2e7,2024-07-26 07:35:00,399dfec4-01ec-4e84-80b5-cb325d670571,600,24,624
c72db6b8-ab41-40f4-9356-f14b4a148ee9,3bb49496-c584-4dca-96ec-46f242a9196e,2024-07-26 12:46:00,399dfec4-01ec-4e84-80b5-cb325d670571,600,24,624
eca64a58-e4ea-48dd-accb-1c2a8f7a21d2,fbc8d614-e3eb-4407-a764-2523025a5ec8,2024-07-26 15:51:00,399dfec4-01ec-4e84-80b5-cb325d670571,1600,64,1664
816ad61e-4207-47ec-b444-1990264e548a,2d6bb117-9504-46a7-85f0-ec0842f450ba,2024-07-26 15:07:00,399dfec4-01ec-4e84-80b5-cb325d670571,600,24,624
38077886-4893-4624-b931-46547e376dad,adb373d5-a395-4255-97af-7d0c6cc6b076,2024-07-26 09:16:00,399dfec4-01ec-4e84-80b5-cb325d670571,600,24,624
1a8d6a0b-3871-48dc-9c78-be0b4671b2f3,af32d332-5348-4db7-b85e-10e8c869b09b,2024-07-26 15:58:00,399dfec4-01ec-4e84-80b5-cb325d670571,400,16,416
6090a253-6e0a-424e-8712-cc01bfe45c64,adb25cda-7b6a-40cf-b406-ad69754ee6b0,2024-07-26 07:29:00,399dfec4-01ec-4e84-80b5-cb325d670571,600,24,624
60468ab0-8d58-4ca1-a509-001fa93f07b9,21682723-7ae2-4cfd-93c9-4947abb44c13,2024-07-26 07:28:00,399dfec4-01ec-4e84-80b5-cb325d670571,3600,144,3744
9530ceb5-45d5-4e3a-b06d-555cd4a7c699,837b4aa0-c89e-4bd4-bb7b-eb47bb546bea,2024-07-26 09:12:00,399dfec4-01ec-4e84-80b5-cb325d670571,500,20,520
c6947f96-298d-4568-ae3b-d9dbf295f512,96e76e0f-05a8-4b35-8c59-a93df15f3359,2024-07-26 08:39:00,399dfec4-01ec-4e84-80b5-cb325d670571,1800,72,1872
a90c3f88-c4d9-412c-8922-8b058f4bf256,2525b843-71b8-49bf-98a1-4233133347d3,2024-07-26 12:30:00,399dfec4-01ec-4e84-80b5-cb325d670571,1700,68,1768
ae8270ea-7172-4a03-8898-cc41ca143936,6d815359-11dd-495a-8d4a-2a0b66de8bbf,2024-07-26 10:30:00,399dfec4-01ec-4e84-80b5-cb325d670571,1600,64,1664
407131f1-714e-4d31-9168-5f1bb9b2459f,0a1048f1-85cc-41f0-b631-2d395fc26b9a,2024-07-26 08:45:00,399dfec4-01ec-4e84-80b5-cb325d670571,500,20,520
b3260c57-2339-47c1-b2ee-504720d77bdf,74273d94-cbf1-411a-8df0-35a4b85b0681,2024-07-26 14:40:00,399dfec4-01ec-4e84-80b5-cb325d670571,1100,44,1144
ec6326e3-df25-4dc1-8c9b-ea706dd785d1,d367c7d7-7060-4d1d-b797-5d47b3ee4dab,2024-07-26 13:27:00,399dfec4-01ec-4e84-80b5-cb325d670571,500,20,520
1db9b81d-0c6e-4eb4-9f72-ac3e4e23183f,b46b4fb3-8cac-4fc1-b866-d8a3911e9ee6,2024-07-26 07:53:00,399dfec4-01ec-4e84-80b5-cb325d670571,700,28,728
324fdbcd-af6b-46e9-ae72-0daaa519e125,4fdc08de-573f-43d1-9124-2486a1325037,2024-07-26 15:19:00,399dfec4-01ec-4e84-80b5-cb325d670571,400,16,416
878cd40e-5b3f-407f-a004-d3140f8b2b2e,6d4c7874-f396-4603-9f6b-243c1b2f5249,2024-07-26 07:43:00,399dfec4-01ec-4e84-80b5-cb325d670571,600,24,624
11100480-2045-4abd-8c6a-20ac65165a5f,b19ade62-28e0-4316-9ad0-505bd4086678,2024-07-26 11:32:00,399dfec4-01ec-4e84-80b5-cb325d670571,2200,88,2288
eee9b3ce-cdf7-4cde-886f-93566fedbdd7,1c7c3326-d10b-4cb5-8266-0d9638b1303e,2024-07-26 07:00:00,399dfec4-01ec-4e84-80b5-cb325d670571,600,24,624
e28431eb-62ed-4ca1-84d1-e5e0decf801d,d28e3df0-016c-4bc4-9440-a810ec9db309,2024-07-26 16:15:00,399dfec4-01ec-4e84-80b5-cb325d670571,1500,60,1560
6e1f7115-18e9-473b-bc5e-ff8c7876d997,2a9ba068-0857-4b4f-b8bf-2a98887be765,2024-07-26 16:04:00,399dfec4-01ec-4e84-80b5-cb325d670571,400,16,416
23b9b652-8817-42f1-8f39-93a0ebe119df,47dabfd4-2050-4494-b080-1a34b1bc9616,2024-07-26 07:31:00,399dfec4-01ec-4e84-80b5-cb325d670571,600,24,624
463dbc3f-a3ef-41db-bec0-5df3eed14918,3750046f-1d16-4403-b390-b0daba002397,2024-07-26 07:00:00,399dfec4-01ec-4e84-80b5-cb325d670571,400,16,416
a2607921-50a2-4912-8913-180d421664d1,733c49b4-b2bb-4b79-8925-2f00ca5f792b,2024-07-26 12:59:00,399dfec4-01ec-4e84-80b5-cb325d670571,0,0,0
35f19db8-1733-45d5-93c4-41993bb35187,e0b213d9-1768-4dcd-bf89-bcd54ccf63c3,2024-07-26 14:38:00,399dfec4-01ec-4e84-80b5-cb325d670571,700,28,728
ec5abbdb-66fe-4c4f-b9cd-f61483c1ffd8,53c74fc1-b133-42b2-a1e9-67c9bf047e1b,2024-07-26 07:16:00,399dfec4-01ec-4e84-80b5-cb325d670571,600,24,624
d6a76057-f32f-4c94-a4be-ab67c4ebf611,f4c58163-72ff-4bb0-bb23-a96e150c760b,2024-07-26 10:41:00,399dfec4-01ec-4e84-80b5-cb325d670571,500,20,520
d750cf0f-3af9-44ed-87d1-e1c640e593f1,34841c77-0ef1-4182-a690-bf7189924a9d,2024-07-26 16:11:00,399dfec4-01ec-4e84-80b5-cb325d670571,0,0,0
bebd595c-2b21-4379-9b3e-fb2570f3bd75,d7d55d7a-adfa-4bca-aca3-e8d9cdef2bbb,2024-07-26 07:37:00,399dfec4-01ec-4e84-80b5-cb325d670571,600,24,624
991ec651-88ff-4cce-9d93-0d5a5e59848c,e49a11b4-2626-4a77-8438-1b4631d3c8cb,2024-07-26 12:15:00,399dfec4-01ec-4e84-80b5-cb325d670571,600,24,624
773dece2-bc7e-419a-9b65-b526ddd8dbe0,044533c1-2a6d-428d-9c51-24fecdb4ab49,2024-07-26 16:00:00,399dfec4-01ec-4e84-80b5-cb325d670571,700,28,728
4601b841-52da-43ae-b18e-05e260566d73,90a4b194-49ac-403f-bdf9-07ac020d3a39,2024-07-26 19:18:00,399dfec4-01ec-4e84-80b5-cb325d670571,1300,52,1352
e6821c9f-6658-4ea6-bb2c-a925180f9138,ea90cf6c-55a0-4b3f-a71f-d545222e1f94,2024-07-26 08:29:00,399dfec4-01ec-4e84-80b5-cb325d670571,700,28,728
ec33aa33-2e50-42c3-89c6-610a14bca35b,efbc7b36-a08a-4e2b-b07b-10ba647ee226,2024-07-26 13:47:00,399dfec4-01ec-4e84-80b5-cb325d670571,700,28,728
38f2fcea-175e-4b71-ac64-501f5a5a7660,9caba1bb-73eb-4a7f-a519-ad2cf648da6f,2024-07-26 08:34:00,399dfec4-01ec-4e84-80b5-cb325d670571,600,24,624
6c41588a-93b9-4901-bb63-07b6ebbe5513,cecb29ab-71b2-4db2-aa1c-82bbaacba8b2,2024-07-26 07:36:00,399dfec4-01ec-4e84-80b5-cb325d670571,600,24,624
33dfb8f2-3631-4907-9f22-947989acdd76,66c46797-fba8-4ed2-9d78-9f782204a10c,2024-07-26 19:04:00,399dfec4-01ec-4e84-80b5-cb325d670571,1900,76,1976
011b6a5e-1464-49fe-a2a2-b3a3a7057efa,59f6cd93-9ddb-4491-92fb-415d9f73dc7d,2024-07-26 07:52:00,399dfec4-01ec-4e84-80b5-cb325d670571,400,16,416
876ffb70-2efb-42a6-8c36-a4a30373ad5a,df581c5b-e78f-4d3d-a853-428b70f3ff95,2024-07-26 12:56:00,399dfec4-01ec-4e84-80b5-cb325d670571,700,28,728
01b31a81-3831-4bc0-a36b-20f27a79b8bb,63bed2a4-3b22-40b0-ba56-8df88ee6c432,2024-07-26 13:49:00,399dfec4-01ec-4e84-80b5-cb325d670571,2000,80,2080
6bab96a1-81b6-4e90-ba86-e34f57bdee38,df0ab0b8-fcfa-4c9e-8185-b51285182ccd,2024-07-26 08:03:00,399dfec4-01ec-4e84-80b5-cb325d670571,700,28,728
461d8231-f08c-4854-a180-bdad7817c208,2a7e56cc-6b2f-40a0-a61f-27bf37a61463,2024-07-26 08:09:00,399dfec4-01ec-4e84-80b5-cb325d670571,500,20,520
fa7db9a0-e564-481e-bb4c-b1992fb76f0a,f6b29537-3df0-46dd-ac88-a11fc5036e04,2024-07-26 08:49:00,399dfec4-01ec-4e84-80b5-cb325d670571,600,24,624
786d8db3-a53d-4f47-ad82-32583ebde725,967a7022-3d32-4b50-b71a-bcf7644a97fc,2024-07-26 08:07:00,399dfec4-01ec-4e84-80b5-cb325d670571,600,24,624
22aeb1e0-cd8e-4573-9da5-7b28d7fa7972,35d0363e-c8ef-4c15-bd00-9aac70b54e5d,2024-07-26 17:13:00,399dfec4-01ec-4e84-80b5-cb325d670571,400,16,416
1cd501f5-6853-4c91-8ca3-df0376517885,446b3f9c-d290-4c3b-a93c-b329d64e2995,2024-07-26 13:20:00,399dfec4-01ec-4e84-80b5-cb325d670571,400,16,416
69325623-104f-4d44-9f57-6637a5223ef3,54c06357-05bb-48e5-9b6a-e20fed5ec1e8,2024-07-26 08:34:00,399dfec4-01ec-4e84-80b5-cb325d670571,600,24,624
714622e0-9afe-4f71-80d9-ac0b286dac46,296f6a4c-2b3f-476b-854b-0d2c759eca2b,2024-07-26 07:45:00,399dfec4-01ec-4e84-80b5-cb325d670571,500,20,520
26d783d2-4a0f-4d4d-ade6-2351042f7018,22fca930-291f-4c23-a67f-13d00786a2cf,2024-07-26 07:51:00,399dfec4-01ec-4e84-80b5-cb325d670571,700,28,728
bc8a7425-d506-4a22-a336-67a2cb745b26,9515927d-5691-4b7b-a235-dffd1b58ebd2,2024-07-26 07:12:00,399dfec4-01ec-4e84-80b5-cb325d670571,600,24,624
108bcd99-8b5f-4da6-8c6c-7e3e6b7ac7fe,b6b02872-b0cd-4e89-abfb-465489960cd6,2024-07-26 08:41:00,399dfec4-01ec-4e84-80b5-cb325d670571,400,16,416
ee626ac2-870f-4123-9686-314ecb200a0e,8b1d2bc3-ebe1-425b-903a-e41320247b12,2024-07-26 08:34:00,399dfec4-01ec-4e84-80b5-cb325d670571,600,24,624
1f04b1cf-a733-4f85-9974-e97c494f887a,9e56e04d-0188-40ad-af1a-57ca2a3831b1,2024-07-26 07:23:00,399dfec4-01ec-4e84-80b5-cb325d670571,400,16,416
d6133bbb-489c-4e98-b4e8-b84e5f5dc782,4ba928b5-ed2b-40d8-9d0e-6832ecd0bfc5,2024-07-26 15:23:00,399dfec4-01ec-4e84-80b5-cb325d670571,1100,44,1144
0a01ca0d-4c77-4466-a5d2-7e8e3629cd58,dae88525-0ebd-4798-b37f-dc8ee311646a,2024-07-26 09:39:00,399dfec4-01ec-4e84-80b5-cb325d670571,1100,44,1144
c5262276-3d33-4456-a106-3bb7b8a4a3d2,8c84dcd6-b688-4626-9015-e867dc2f3b84,2024-07-26 11:57:00,399dfec4-01ec-4e84-80b5-cb325d670571,600,24,624
71b51c04-d085-4c1f-ad5a-1ea6eb58759e,04118228-dc07-47b3-aa7d-8af1dd2612fc,2024-07-26 11:01:00,399dfec4-01ec-4e84-80b5-cb325d670571,400,16,416
a4201625-74d3-4316-8930-89b22b32a0b7,c80f7422-fd62-4bf9-aa1f-e01de5afd158,2024-07-26 13:21:00,399dfec4-01ec-4e84-80b5-cb325d670571,400,16,416
ea5994ba-fe05-4eba-9182-efea51c317d5,62ffd2c6-fb04-45b8-9953-aeaf4dc0e21b,2024-07-26 15:47:00,399dfec4-01ec-4e84-80b5-cb325d670571,400,16,416
0853ae02-ead3-4f32-b502-d90bbac9dd52,62535265-3e0d-4546-bd87-83f41ff4ab86,2024-07-26 14:10:00,399dfec4-01ec-4e84-80b5-cb325d670571,400,16,416
7a1f4853-3042-48c1-aa87-188a2ba91b3f,81f3d088-3350-4505-b96b-337f89915135,2024-07-26 10:28:00,399dfec4-01ec-4e84-80b5-cb325d670571,400,16,416
1186edfc-15ec-4a95-914f-715f0cd8e4c2,2592a05c-b816-4d42-9094-6c4cc1233fb8,2024-07-26 14:14:00,399dfec4-01ec-4e84-80b5-cb325d670571,700,28,728
b2edf979-4537-45d1-a098-2253af0c01ed,1d2bee3a-184a-4cb2-80b3-1dce38b22d22,2024-07-26 08:33:00,399dfec4-01ec-4e84-80b5-cb325d670571,600,24,624
61293e33-a57b-4442-8998-22e5873d61ce,260a02f0-ba27-48e5-b585-ad95614b3ac9,2024-07-26 12:01:00,399dfec4-01ec-4e84-80b5-cb325d670571,1400,56,1456
e9d15b74-e4f4-4892-84c2-d99e53010779,bed25d79-2540-4845-bba9-bf545aa212d5,2024-07-26 07:40:00,399dfec4-01ec-4e84-80b5-cb325d670571,700,28,728
b0a9ed5c-0a52-40bf-b15b-f14c705a035d,d48b8bc6-6b9c-4ea5-ba1f-178d499d6e3c,2024-07-26 08:41:00,399dfec4-01ec-4e84-80b5-cb325d670571,600,24,624
32095db5-6af2-4120-a240-39f3ebf6549c,dc9a9021-d724-497c-9335-ff3a0ee8506e,2024-07-26 17:26:00,399dfec4-01ec-4e84-80b5-cb325d670571,500,20,520
77fa2cb9-ccdf-4822-8044-bcf8f9c1fe64,1a397e98-a315-410a-a7b9-84e908831ab2,2024-07-26 15:26:00,399dfec4-01ec-4e84-80b5-cb325d670571,900,36,936
8b6b7655-ef74-486a-b3cc-9cf936ed80df,113856d3-99ee-41a6-b3f6-e3a0f903c8ab,2024-07-26 14:18:00,399dfec4-01ec-4e84-80b5-cb325d670571,600,24,624
4040e5db-dd7b-4c98-a0b9-82d5c99b9fa6,42edd54e-81f6-441b-8544-03202ee1758b,2024-07-26 07:28:00,399dfec4-01ec-4e84-80b5-cb325d670571,600,24,624
b756faec-eac3-44d0-ace8-435173893045,27d02c94-a3b6-42e8-9008-fa7ce7a0733b,2024-07-26 13:56:00,399dfec4-01ec-4e84-80b5-cb325d670571,600,24,624
b112dd55-e270-4152-ac25-ddf2c912012b,bd71fb03-b338-4c1f-a560-f9b491c9b18b,2024-07-26 10:05:00,399dfec4-01ec-4e84-80b5-cb325d670571,700,28,728
24901822-dc5b-484e-a181-5d2f357cff57,8eaa6afd-6912-40d4-89a5-25edd3277057,2024-07-26 08:28:00,399dfec4-01ec-4e84-80b5-cb325d670571,400,16,416
6460734e-750f-4d14-9c42-7eace562c7c7,da1f4cec-6a00-4809-9474-e6f12290b50a,2024-07-26 08:24:00,399dfec4-01ec-4e84-80b5-cb325d670571,700,28,728
47ec4076-78e4-47bc-a74e-f8001c2929ec,d2bca176-3811-48af-8634-7e79b1e71005,2024-07-26 07:57:00,399dfec4-01ec-4e84-80b5-cb325d670571,600,24,624
6d7708ab-e704-442b-8c6d-4e148cf78a8d,aa619249-0107-432a-b657-1cd8066c6cf1,2024-07-26 07:47:00,399dfec4-01ec-4e84-80b5-cb325d670571,600,24,624
ddfae467-c3e6-4953-92f9-3cb83c549853,8a30d95d-a13d-4ac7-94bd-492255495aa0,2024-07-26 08:06:00,399dfec4-01ec-4e84-80b5-cb325d670571,700,28,728
891ede8a-0ac7-4ba9-8aad-bcfcbb941454,e8433fb9-0159-4aab-891c-4ccd4936cda3,2024-07-26 13:01:00,399dfec4-01ec-4e84-80b5-cb325d670571,1500,60,1560
ffc68a9f-507c-4d7a-b318-b11fe16fec7d,32493412-a54d-44b7-be0f-be74f4848984,2024-07-26 11:25:00,399dfec4-01ec-4e84-80b5-cb325d670571,600,24,624
6b872ca3-e5d1-4520-9973-6e7acc8f35ed,c2122736-645f-4e2c-8798-f50a038cd3ac,2024-07-26 08:44:00,399dfec4-01ec-4e84-80b5-cb325d670571,500,20,520
fa53185c-f1f6-4071-858a-2815898394e1,80ca21f8-93e5-495d-bb56-054227484bee,2024-07-26 07:53:00,399dfec4-01ec-4e84-80b5-cb325d670571,400,16,416
9d5bccee-b60f-407b-ac72-1b2e196fa291,606c5be6-5591-41fb-b082-e672b5a9d227,2024-07-26 12:16:00,399dfec4-01ec-4e84-80b5-cb325d670571,1200,48,1248
4d711a20-f3f3-4cb3-9e4d-bee2b7beaae1,2ac5af80-e8de-4e6b-bf57-7946a6ffa134,2024-07-26 16:26:00,399dfec4-01ec-4e84-80b5-cb325d670571,800,32,832
97ce4bb7-f15a-4c99-b54b-99b995b54ba7,02d95fd6-1019-4486-b901-bb53f5b8a321,2024-07-26 08:12:00,399dfec4-01ec-4e84-80b5-cb325d670571,600,24,624
a3684bd0-f4d7-485c-ab5e-f992b4cf7999,f562c197-2120-4bc3-ad48-f86f3af31d93,2024-07-26 13:14:00,399dfec4-01ec-4e84-80b5-cb325d670571,600,24,624
c1c22fc0-af19-4fff-b118-308ce3a929ef,9d5d41c1-38c8-4da6-9be9-23487ec0ea78,2024-07-26 11:49:00,399dfec4-01ec-4e84-80b5-cb325d670571,400,16,416
938599c1-f274-40f3-b8e3-8733bd686277,4e2f586d-21cc-44d0-8ba0-0ab553f89593,2024-07-26 09:04:00,399dfec4-01ec-4e84-80b5-cb325d670571,500,20,520
9444802f-8587-4338-8931-9b34d9b12e3d,8e38740b-b208-41d8-842e-1d3adbc0061f,2024-07-26 14:50:00,399dfec4-01ec-4e84-80b5-cb325d670571,2300,92,2392
085342af-10fd-4236-8701-0ace2b38994a,8ca41c27-cf82-46d7-a704-e9548ff9b94d,2024-07-26 09:52:00,399dfec4-01ec-4e84-80b5-cb325d670571,2400,96,2496
36c6f1d4-f253-4ef1-a94b-8e68218415d6,6fe3333d-6a89-4f8d-8dc0-da6859f4e921,2024-07-26 11:42:00,399dfec4-01ec-4e84-80b5-cb325d670571,600,24,624
4007e071-f29b-4fa2-8cd5-06f898359d0f,c1bf2415-c749-4874-b0ba-09b667d1e1c7,2024-07-26 13:42:00,399dfec4-01ec-4e84-80b5-cb325d670571,600,24,624
b6f1fbfa-2249-4936-bb15-53ac77e25b12,f9617f0b-4e19-49f8-a48b-8195da86f70c,2024-07-26 10:06:00,399dfec4-01ec-4e84-80b5-cb325d670571,1700,68,1768
9121261c-a4f9-47e4-81b1-4adc848ebe38,b4a3bee3-c8d0-405d-b403-0fdc366a334a,2024-07-26 12:25:00,399dfec4-01ec-4e84-80b5-cb325d670571,1000,40,1040
083200e8-6522-4392-95fe-57f952e22a36,35c48889-9128-49d3-8202-144e3434c195,2024-07-26 07:39:00,399dfec4-01ec-4e84-80b5-cb325d670571,600,24,624
de1a0620-5aaf-430d-a96c-2a4ffbb08d59,66356bfc-72ef-4d2c-bc16-577d3a57383a,2024-07-26 11:27:00,399dfec4-01ec-4e84-80b5-cb325d670571,500,20,520
9a9517c9-72a0-44fc-92b4-9551c4a17679,337caee2-578d-4ff8-8415-bdd171629624,2024-07-26 09:00:00,399dfec4-01ec-4e84-80b5-cb325d670571,600,24,624
aaa3ca2f-143e-4fab-b333-ddd4ead62cf9,df7ab85e-a71c-404b-a801-79763e8311d0,2024-07-26 08:22:00,399dfec4-01ec-4e84-80b5-cb325d670571,700,28,728
7ab88e03-9b3b-41b7-a0ed-9c8cfca0d48c,56523397-5a78-44eb-8c6e-4f63400a088e,2024-07-26 07:36:00,399dfec4-01ec-4e84-80b5-cb325d670571,600,24,624
8568ee3b-2528-43cf-8480-be038ba502d1,191e694f-4bc9-4786-b0b6-1198fbb81cf2,2024-07-26 13:18:00,399dfec4-01ec-4e84-80b5-cb325d670571,500,20,520
102de3b5-eb2b-4381-8b3c-508cbbe121e9,b9892ed8-d7b1-4b54-8ca3-f2eff400a3a2,2024-07-26 08:00:00,399dfec4-01ec-4e84-80b5-cb325d670571,400,16,416
8f3aaf01-7622-4c04-8d24-824cfd222744,629f5d40-70a3-46cc-aa4e-e07f822098ad,2024-07-26 08:37:00,399dfec4-01ec-4e84-80b5-cb325d670571,700,28,728
ac61182b-32c9-48f8-95f3-a60ff580b44c,01ad5e63-5943-467e-a1d9-f9658ba260eb,2024-07-26 07:53:00,399dfec4-01ec-4e84-80b5-cb325d670571,600,24,624
40eecad2-9ca3-4b93-9ffe-4ec8756c8e9c,3ba017e1-3de6-4cf0-986b-4e215573508b,2024-07-26 09:34:00,399dfec4-01ec-4e84-80b5-cb325d670571,600,24,624
dcc31d9c-20ac-4cb9-913d-9a391c9e5f8d,92463bef-cee2-41ce-be98-e21ffd7897bf,2024-07-26 13:47:00,399dfec4-01ec-4e84-80b5-cb325d670571,1100,44,1144
11362376-8b4d-45fe-b4b1-59c73bf9ba4b,d787287a-9b36-46ee-8c9a-3425302d81bc,2024-07-26 08:41:00,399dfec4-01ec-4e84-80b5-cb325d670571,500,20,520
0d61630d-3ab8-4616-93ff-f2e3b01792ce,f8fa33a8-b390-4666-87a1-cebd987d2dee,2024-07-26 07:38:00,399dfec4-01ec-4e84-80b5-cb325d670571,700,28,728
5165b889-0c32-4865-b22b-aaffb3010488,c1aa660d-8170-481b-b06b-b8fd060c8140,2024-07-26 12:15:00,399dfec4-01ec-4e84-80b5-cb325d670571,700,28,728
8617171d-9159-41a9-841a-7f5879d2dfb6,e1ab4bba-e1ba-4de1-861e-8e60f782f0ae,2024-07-26 17:11:00,399dfec4-01ec-4e84-80b5-cb325d670571,1600,64,1664
8c070272-126c-414e-8dd9-18b24881c6b9,fe5970a8-ffd4-4560-8321-418435f93f1d,2024-07-26 07:59:00,399dfec4-01ec-4e84-80b5-cb325d670571,500,20,520
e0a835a2-c5e3-454d-9508-11930390befc,175b56d1-f0a1-4312-80d4-933a026c0757,2024-07-26 07:37:00,399dfec4-01ec-4e84-80b5-cb325d670571,600,24,624
94f47516-3bf3-4352-844f-042bd7f7b3b9,3717e873-e6ac-472e-a8d7-fcf18a19a352,2024-07-26 15:34:00,399dfec4-01ec-4e84-80b5-cb325d670571,1300,52,1352
3cf55bf6-ab9b-4bf6-ac0a-43f18b177143,393e344b-01f0-4b0f-8532-6a69f5448868,2024-07-26 07:50:00,399dfec4-01ec-4e84-80b5-cb325d670571,700,28,728
c7bafccf-d826-4845-a61c-5e7deb262232,f7e7396b-020c-4ce3-876c-1598ff603f5c,2024-07-26 11:37:00,399dfec4-01ec-4e84-80b5-cb325d670571,1000,40,1040
63d5e518-a643-44d4-a293-019a26c2df61,88d6b3c9-5501-4dcc-8870-88d2b5a7d2b7,2024-07-26 08:32:00,399dfec4-01ec-4e84-80b5-cb325d670571,500,20,520
bd653dec-1f29-4fa8-9693-37b82b276ba6,c60b2684-3387-4c5b-9304-ce101427a10e,2024-07-26 08:53:00,399dfec4-01ec-4e84-80b5-cb325d670571,400,16,416
70322ca3-c2de-451a-8ed4-7097cac4665a,190fbfa8-42b6-49cb-bfa2-1f3fa4d2b6c9,2024-07-26 14:10:00,399dfec4-01ec-4e84-80b5-cb325d670571,700,28,728
15dd3174-ba05-4570-9f73-f187fe88ae56,874debbd-986d-4578-8143-0637382cad0d,2024-07-26 13:33:00,399dfec4-01ec-4e84-80b5-cb325d670571,1600,64,1664
16ab2c0c-4f9d-44f2-b28d-cc982ae9db97,49c762bb-3c37-4b70-89e7-915b46aea67e,2024-07-26 08:56:00,399dfec4-01ec-4e84-80b5-cb325d670571,600,24,624
617c28af-d247-4133-82b0-8cafd7ddc7ba,82490db6-c9bd-4a9c-a119-f07fbf6a46b5,2024-07-26 07:47:00,399dfec4-01ec-4e84-80b5-cb325d670571,600,24,624
38f830ba-b808-4288-895f-7305add56af4,6be14bf4-3d0e-4952-bf65-4c65a84d6317,2024-07-26 07:36:00,399dfec4-01ec-4e84-80b5-cb325d670571,600,24,624
7b4090d0-0308-4190-987a-2d9defae0d84,c1b18263-70bc-4b00-99a6-4f17212b6651,2024-07-26 13:05:00,399dfec4-01ec-4e84-80b5-cb325d670571,1700,68,1768
fdf1c246-d7aa-479f-937a-fa611f08ab57,638b7677-d131-4292-886e-bf9c8d6b99ba,2024-07-26 07:59:00,399dfec4-01ec-4e84-80b5-cb325d670571,400,16,416
3ba96cd6-810a-4d9a-b37a-45a47b7cd863,9aadacf8-7794-44fd-a9d6-9841d4462262,2024-07-26 09:18:00,399dfec4-01ec-4e84-80b5-cb325d670571,600,24,624
3a5a88f4-e0ca-4a5e-b12b-01e7ffd11613,3dfec5a1-2732-414d-82de-29395c432266,2024-07-26 07:18:00,399dfec4-01ec-4e84-80b5-cb325d670571,700,28,728
21c97884-0db3-4114-ac82-861b53a4c392,d4b10640-7bc3-4058-80e9-f6ec9935faa6,2024-07-26 12:17:00,399dfec4-01ec-4e84-80b5-cb325d670571,600,24,624
c970f80a-0524-48f6-88bf-32373ff11556,b741bbdf-2063-4577-a506-c8982e3a0323,2024-07-26 08:00:00,399dfec4-01ec-4e84-80b5-cb325d670571,400,16,416
4067505b-4de1-40ce-a3f5-f73d4dfed807,47712520-fdeb-4483-bc9c-cbd3d715ddd0,2024-07-26 12:25:00,399dfec4-01ec-4e84-80b5-cb325d670571,500,20,520
1815f738-6827-48f0-95b3-8ae6f02f5cea,573450ad-16f9-4e5c-a6e9-42642ecc2093,2024-07-26 14:07:00,399dfec4-01ec-4e84-80b5-cb325d670571,1200,48,1248
c9989f9a-a020-4d13-9fbf-165cd2fbeb9d,e425a61c-0b9a-4ede-b145-c4d108321b9e,2024-07-26 11:33:00,399dfec4-01ec-4e84-80b5-cb325d670571,1000,40,1040
d6474bae-32f4-4bed-aa3a-655538741490,37bd0e89-13c9-413d-bad1-249eebfd1bd3,2024-07-26 13:23:00,399dfec4-01ec-4e84-80b5-cb325d670571,700,28,728
082d5f6a-42df-4e04-bc9c-6dc0a2b9faa5,bb9d7ade-1359-411a-b0e7-e27c37588d1c,2024-07-26 07:56:00,399dfec4-01ec-4e84-80b5-cb325d670571,400,16,416
2a90bbfe-732f-492d-982c-283e49e38b7a,a357ce93-5d89-46aa-a14e-af795d356c1f,2024-07-26 13:26:00,399dfec4-01ec-4e84-80b5-cb325d670571,1300,52,1352
e207092b-9dee-4ef4-83bc-68a010b09766,419d1cd0-c9ee-4c57-9ce9-f01e6a0c4637,2024-07-26 08:36:00,399dfec4-01ec-4e84-80b5-cb325d670571,500,20,520
6de254a1-c3c7-4e94-8e68-c1e64b1fe5e8,094b3055-b2cc-40f4-beaa-4b479baede47,2024-07-26 13:55:00,399dfec4-01ec-4e84-80b5-cb325d670571,1700,68,1768
d031a8b9-310f-42aa-be0e-1631fff27d72,2e115436-fac0-48c1-8088-4a199e32aeb8,2024-07-26 08:00:00,399dfec4-01ec-4e84-80b5-cb325d670571,700,28,728
d2045f57-36ca-4ee2-9dec-5a87351872cf,b5cf197e-940c-48e2-b168-b2b93b207616,2024-07-26 15:28:00,399dfec4-01ec-4e84-80b5-cb325d670571,600,24,624
8d62168f-c365-4121-ba00-55b5ada0f89a,0be01822-b3ad-436b-8a28-31a7c0cca801,2024-07-26 11:20:00,399dfec4-01ec-4e84-80b5-cb325d670571,1700,68,1768
83681460-9272-4744-850c-abc2da35359b,c0f66bfa-64b7-407a-bdba-c8e6d01367c8,2024-07-26 13:10:00,399dfec4-01ec-4e84-80b5-cb325d670571,600,24,624
e0ad622a-04e4-4d06-8f54-c530f5a48a40,66c7df80-d945-468b-91db-2a2e7f5333f9,2024-07-26 15:34:00,399dfec4-01ec-4e84-80b5-cb325d670571,700,28,728
8cb25e61-2858-4c20-8c70-64e9526e2777,60a8ecd6-8c8f-4548-a548-223aa3c4717f,2024-07-26 08:34:00,399dfec4-01ec-4e84-80b5-cb325d670571,400,16,416
0f17a5f0-2320-44f9-8fef-76ec85ca0589,9f087b1a-7a86-434b-8ca0-08a841b45429,2024-07-26 07:31:00,399dfec4-01ec-4e84-80b5-cb325d670571,600,24,624
f7f77203-7a2d-4759-9205-1e74a1f7fd55,6fadd350-0f6a-4d1d-bedc-1227fa69f959,2024-07-26 09:09:00,399dfec4-01ec-4e84-80b5-cb325d670571,400,16,416
0e0623f5-ec64-4acb-ac4e-f533e37c4741,d7be0311-c786-4146-a16e-26ffa7c8db08,2024-07-26 12:58:00,399dfec4-01ec-4e84-80b5-cb325d670571,600,24,624
3f78ae4f-3848-43b2-8a94-7f6c9c8ee8c1,733bc17a-6b25-4b2f-9d45-bfe808dc93c0,2024-07-26 10:55:00,399dfec4-01ec-4e84-80b5-cb325d670571,600,24,624
d46d0da8-2393-48d4-ab54-9cd46fbba330,5df5dc39-24da-42e2-b37a-b4d4018ed856,2024-07-26 11:11:00,399dfec4-01ec-4e84-80b5-cb325d670571,400,16,416
0dc8b515-3663-46bd-a10c-fbce3dde008d,077821b6-ff2d-4be0-867b-392285ef7f66,2024-07-26 12:30:00,399dfec4-01ec-4e84-80b5-cb325d670571,1900,76,1976
646510ea-3d31-4cf3-9726-818bfe30e21c,5e65c6d6-a81f-4cee-b034-51aa45e41b4e,2024-07-26 07:27:00,399dfec4-01ec-4e84-80b5-cb325d670571,500,20,520
207d05ca-62e0-4746-9f00-32f7dd09930d,b1cabaa2-6a94-4142-a4be-2bf09e3bb6b2,2024-07-26 10:47:00,399dfec4-01ec-4e84-80b5-cb325d670571,600,24,624
1a824784-f32b-48d0-aee7-a7329bcc73f5,648d484a-86f7-432d-ae8b-dcf99cc85b67,2024-07-26 13:00:00,399dfec4-01ec-4e84-80b5-cb325d670571,600,24,624
6816e2e7-d000-4c8d-b025-678bc5609f5c,e4c49a66-027e-4b84-b22c-e8d611b19dc2,2024-07-26 15:13:00,399dfec4-01ec-4e84-80b5-cb325d670571,400,16,416
34f37666-1afd-409c-9903-1b3da5c4a0a6,422fefa1-9b72-4fdf-a2f6-6d5936e922d3,2024-07-26 11:20:00,399dfec4-01ec-4e84-80b5-cb325d670571,1100,44,1144
f6f7d684-b6da-495f-94e9-b0582f7a9daa,7ff9d476-6e5a-4127-b544-2e2d564cb581,2024-07-26 14:14:00,399dfec4-01ec-4e84-80b5-cb325d670571,2500,100,2600
001ccb94-633d-41a9-ac3a-c7d36ffdfd53,18c151b5-773c-4339-a7b0-5088adfe0740,2024-07-26 11:24:00,399dfec4-01ec-4e84-80b5-cb325d670571,3800,152,3952
98881569-d35a-4864-8c2a-7540ddf76b58,06428c6a-1380-424a-b43e-4531141be890,2024-07-26 07:36:00,399dfec4-01ec-4e84-80b5-cb325d670571,400,16,416
1f32ad5c-8aff-4b8f-b342-a0f59245b6c2,347937b1-a1e4-465a-8806-694910b7f61d,2024-07-26 07:52:00,399dfec4-01ec-4e84-80b5-cb325d670571,700,28,728
60eb0668-bbf5-4540-91b8-64b8a0a7e3e0,8084dcf9-bad2-43a6-8b42-48d6d3918cf6,2024-07-26 14:35:00,399dfec4-01ec-4e84-80b5-cb325d670571,400,16,416
dc75cefd-9667-4e59-9698-81ea9f1c4417,32074f1f-acff-4079-893d-b5ad4572a8c4,2024-07-26 15:13:00,399dfec4-01ec-4e84-80b5-cb325d670571,1800,72,1872
f132670c-c07a-4edb-8293-0d417f25f493,16b577c9-c1e2-4734-82e4-ca1c0c0fa7c3,2024-07-26 18:02:00,399dfec4-01ec-4e84-80b5-cb325d670571,1900,76,1976
89e7ea46-2179-416d-a332-fd360bfc458b,2d58c862-6caf-4e9a-acfe-df194768718b,2024-07-26 11:05:00,399dfec4-01ec-4e84-80b5-cb325d670571,1100,44,1144
3a82a26e-9b01-4225-b151-0731e99ccb40,bfc8a6f1-55b6-4f9b-b049-f0bc3483043f,2024-07-26 15:10:00,399dfec4-01ec-4e84-80b5-cb325d670571,600,24,624
b889cadb-c818-4762-97e0-0fd377e95009,fa3865dd-9ba6-49bf-b39a-bfcfd61455ba,2024-07-26 11:59:00,399dfec4-01ec-4e84-80b5-cb325d670571,500,20,520
6c2e2f42-18d0-4794-a616-e2c4941ec350,0c09e98e-c49b-4490-bccd-36d7bbf30674,2024-07-26 13:22:00,399dfec4-01ec-4e84-80b5-cb325d670571,2300,92,2392
03af4134-46c6-47e6-9bfa-311ee3b45fac,0b7b056b-c902-4224-87b7-f0310af14cd2,2024-07-26 08:14:00,399dfec4-01ec-4e84-80b5-cb325d670571,500,20,520
80f38a0e-e975-4c18-b442-f92431a1f059,e467d5f6-66ab-4541-a74a-f1ba6235240e,2024-07-26 12:00:00,399dfec4-01ec-4e84-80b5-cb325d670571,1500,60,1560
1112cdbd-640b-4611-ac38-9935f7bae674,49d45173-97fb-46fa-b7ab-351eade2898d,2024-07-26 08:14:00,399dfec4-01ec-4e84-80b5-cb325d670571,600,24,624
200d4e48-3d60-4707-bcb7-fb9d92209499,7e04fe6b-5f22-46bc-b418-22d60ac811c0,2024-07-26 08:09:00,399dfec4-01ec-4e84-80b5-cb325d670571,600,24,624
be106f71-3732-43f7-a33f-2c7d7ba2fc28,e86c5af2-7ab5-4de1-a956-c30109f40f15,2024-07-26 12:29:00,399dfec4-01ec-4e84-80b5-cb325d670571,400,16,416
c2f10984-bf97-4f7e-a8d0-2d12e7342d37,996a6380-67cd-421a-8260-817f6575b769,2024-07-26 08:10:00,399dfec4-01ec-4e84-80b5-cb325d670571,600,24,624
6bb1e693-e760-4689-bd34-0f142380d455,d5fbd31a-52ec-4888-a8e9-72d82db651a8,2024-07-26 13:10:00,399dfec4-01ec-4e84-80b5-cb325d670571,700,28,728
df1c3b5f-d900-4f93-a49e-0f485a7d258d,22b25d92-e3ad-493e-84b7-02c1c5bc99c4,2024-07-26 15:30:00,399dfec4-01ec-4e84-80b5-cb325d670571,600,24,624
b3cb8164-d5ab-447e-ad02-655e870dbe10,254bfb81-7794-44ad-ad06-d37904bf0e24,2024-07-26 13:29:00,399dfec4-01ec-4e84-80b5-cb325d670571,500,20,520
d95a2f5e-7a55-4f32-b769-4410fa363706,b255511e-5860-44d3-9bc8-07434bb0377c,2024-07-26 08:22:00,399dfec4-01ec-4e84-80b5-cb325d670571,700,28,728
b8b55906-eb5f-46a3-9962-7aceeb32341b,a666a8c8-399f-42cc-9765-05db56159a3b,2024-07-26 14:04:00,399dfec4-01ec-4e84-80b5-cb325d670571,1200,48,1248
aad4f712-d656-46d2-8066-d8c742c0931c,a4bba0f7-6122-4743-ac59-f8ba8c5a721a,2024-07-26 09:59:00,399dfec4-01ec-4e84-80b5-cb325d670571,4700,188,4888
fae19cd7-cf4e-4f16-af18-dd593ed2c18f,0b8d755b-5279-44f7-bac8-81c2738b1111,2024-07-26 07:33:00,399dfec4-01ec-4e84-80b5-cb325d670571,400,16,416
6460e730-007b-49c6-9f08-8ff81d9186ab,58ce6298-8492-452a-9f99-a55d99e454e4,2024-07-26 07:45:00,399dfec4-01ec-4e84-80b5-cb325d670571,500,20,520
13320032-df1c-466e-a52a-d15a28f5c7e6,b04d849b-94c4-43b6-86ed-cf26dbe24ee8,2024-07-26 08:36:00,399dfec4-01ec-4e84-80b5-cb325d670571,400,16,416
2e49ba6a-44d9-4731-83b8-828d8bbb4fa5,2ae61282-d749-4519-ba0e-6c7e550c7eab,2024-07-26 12:08:00,399dfec4-01ec-4e84-80b5-cb325d670571,700,28,728
63b46267-ec65-45d2-8f95-319c321e8de6,800e0e83-395f-4b3b-9632-78c5071b6fd6,2024-07-26 15:27:00,399dfec4-01ec-4e84-80b5-cb325d670571,1200,48,1248
a10638ac-57b6-4dd5-8638-71b3de076c28,6093872b-6ea0-43af-943c-43da73d77c8a,2024-07-26 14:11:00,399dfec4-01ec-4e84-80b5-cb325d670571,600,24,624
9cad8420-b7a6-41ba-8201-abbaa85dbfb6,e0bed291-1c5f-4aa1-aa2d-c171134f4e2a,2024-07-26 15:19:00,399dfec4-01ec-4e84-80b5-cb325d670571,700,28,728
24b6a47b-640e-4856-82e5-6e78899ce12d,00fe0742-ca1a-462a-ab05-2297bc4cded9,2024-07-26 12:15:00,399dfec4-01ec-4e84-80b5-cb325d670571,500,20,520
ed7c6fdf-f933-4d2c-80e6-9dbe95eceb2b,6c4f79c1-c913-4599-a82a-bc6283855909,2024-07-26 07:50:00,399dfec4-01ec-4e84-80b5-cb325d670571,700,28,728
e3fc35fc-0c91-43bd-afb4-20ff3c093a7a,86e797b8-17cd-4741-b470-d0aa63b5de45,2024-07-26 14:06:00,399dfec4-01ec-4e84-80b5-cb325d670571,1800,72,1872
1ea0a9ac-5a7e-4442-8689-7fba1e0cd604,28c5e573-dbe9-49da-baa8-11eafd9e1473,2024-07-26 07:39:00,399dfec4-01ec-4e84-80b5-cb325d670571,600,24,624
3da88169-1e81-46bc-bca0-5c58915e3249,87bfb92d-66c8-4568-ad61-e0ae0730e8d0,2024-07-26 07:27:00,399dfec4-01ec-4e84-80b5-cb325d670571,400,16,416
85580504-db66-4c72-80c3-6d9c2e40a16e,5252229c-8816-4cc0-9061-86b844313715,2024-07-26 08:25:00,399dfec4-01ec-4e84-80b5-cb325d670571,600,24,624
a9282bb6-3ded-4f10-bb45-42ab5deac51d,c9b3df80-8e43-45a7-87e5-7c1202671a86,2024-07-26 08:25:00,399dfec4-01ec-4e84-80b5-cb325d670571,700,28,728
5af431cd-0266-40ac-b3b8-57194ac13d74,a17cdf1c-0c24-4309-8248-906a4e24c1ed,2024-07-26 13:03:00,399dfec4-01ec-4e84-80b5-cb325d670571,1100,44,1144
9f1172bb-72b1-43d6-b175-7cd9ba042098,16663c3b-6311-46f3-bed7-0bfc02d66eb5,2024-07-26 13:15:00,399dfec4-01ec-4e84-80b5-cb325d670571,600,24,624
ec433ce9-9949-4d61-ada7-a566d6b029e2,6de0fa39-0254-45be-b7c2-a0e59eead219,2024-07-26 07:56:00,399dfec4-01ec-4e84-80b5-cb325d670571,500,20,520
a4df9e4f-667c-4d25-9094-5adb25288df9,e7b464e8-ea2f-4354-bafa-7df3267922ea,2024-07-26 10:47:00,399dfec4-01ec-4e84-80b5-cb325d670571,2700,108,2808
49b54ea8-8fea-47e6-b9c2-26c5077029b3,738675f7-5520-40c8-9a5c-cc66d9fd338c,2024-07-26 16:31:00,399dfec4-01ec-4e84-80b5-cb325d670571,600,24,624
6d3ceb21-6988-4d8e-8c3d-49d59af53dfe,d24e9271-8085-46c5-93e2-744d394a96ce,2024-07-26 07:47:00,399dfec4-01ec-4e84-80b5-cb325d670571,700,28,728
512b1601-f68c-4fca-9519-14a91946d833,80eb4e1f-be85-4e2d-901d-63851a086877,2024-07-26 07:17:00,399dfec4-01ec-4e84-80b5-cb325d670571,400,16,416
9db07f2b-f3a9-4d30-adac-7969680b8f8a,93137d6e-3e68-4f5e-81a4-716212bcb9a9,2024-07-26 08:22:00,399dfec4-01ec-4e84-80b5-cb325d670571,700,28,728
de24f826-a6f8-433c-aadc-a13f84dd40d5,76c96bb4-46b4-420a-9014-633d4fa008ce,2024-07-26 13:43:00,399dfec4-01ec-4e84-80b5-cb325d670571,600,24,624
aa866af3-ffd8-438a-9e07-2ca62e105ca4,38812f12-33f2-493c-860e-166ea6f08176,2024-07-26 07:43:00,399dfec4-01ec-4e84-80b5-cb325d670571,600,24,624
4b3e4651-93a0-4161-8eca-621e10c22a73,6160656f-db8b-4a17-8c32-1b69f0546f58,2024-07-26 07:33:00,399dfec4-01ec-4e84-80b5-cb325d670571,600,24,624
b727b744-fe10-44aa-b391-f1e2a0c6aaad,666f2378-13e2-4fd0-ac37-36749cb0a391,2024-07-26 12:38:00,399dfec4-01ec-4e84-80b5-cb325d670571,600,24,624
c7005da8-3025-4831-9a5a-fa2c559b315a,59cbf0dc-0b3a-4388-855e-5bd669cbf70f,2024-07-26 08:00:00,399dfec4-01ec-4e84-80b5-cb325d670571,400,16,416
71eebcb5-4d5a-45b2-b860-464ae1b0e639,82a6aee8-f1af-4310-ab80-7b40a6812f97,2024-07-26 07:37:00,399dfec4-01ec-4e84-80b5-cb325d670571,700,28,728
85650821-d3ac-43f9-9cd0-633fc60d1bd4,b4795940-db8c-426d-86de-443d77d52769,2024-07-26 07:37:00,399dfec4-01ec-4e84-80b5-cb325d670571,600,24,624
51dbb148-71c3-4f69-9e7e-66f8994494b3,352967a1-2643-437f-9078-5cab0677d6c9,2024-07-26 14:39:00,399dfec4-01ec-4e84-80b5-cb325d670571,600,24,624
33983b8b-d006-4e83-aa07-94ebaf18ca70,a49b4bb7-ff65-4e64-a8f7-d0b69f4dee4a,2024-07-26 07:39:00,399dfec4-01ec-4e84-80b5-cb325d670571,700,28,728
939496de-e282-471d-9010-565c966adf18,cca74689-b99d-4a88-80cc-7e00df041465,2024-07-26 08:01:00,399dfec4-01ec-4e84-80b5-cb325d670571,700,28,728
217188e2-181f-4a3e-bcf0-7bde1fcd74ef,00f745c8-1adc-4d55-8ddf-95a61af4ad4f,2024-07-26 13:55:00,399dfec4-01ec-4e84-80b5-cb325d670571,600,24,624
482bce2b-b411-41aa-a987-7cb2dce6bcfe,2a9f7a07-e7b2-4ca6-a1ae-7769638025f5,2024-07-26 07:57:00,399dfec4-01ec-4e84-80b5-cb325d670571,400,16,416
a5bf7fa9-a76e-4ba6-a396-f0c2227dec50,13b0c9ce-53dc-4c0f-8f07-e25191ae7e9e,2024-07-26 13:53:00,399dfec4-01ec-4e84-80b5-cb325d670571,700,28,728
f5cfef93-95a6-4c58-87bd-3c60785d102a,56e90f70-5a07-4dd8-bd80-329d6cd71beb,2024-07-26 08:58:00,399dfec4-01ec-4e84-80b5-cb325d670571,600,24,624
69ed87b0-6382-4b59-af86-f795fc47952f,e7720da8-4896-4ddf-bef1-2ab577ebe12a,2024-07-26 07:59:00,399dfec4-01ec-4e84-80b5-cb325d670571,600,24,624
166cc6df-5198-4aa4-95f9-26e600e07f61,7a7bd01a-8a8c-4d07-8806-125db5b3f93d,2024-07-26 12:00:00,399dfec4-01ec-4e84-80b5-cb325d670571,2800,112,2912
e186a4b7-3f87-4e9c-92be-0940a6bcb392,79bd7f32-cd59-4ff4-8cdd-fc7c0d35a24c,2024-07-26 08:04:00,399dfec4-01ec-4e84-80b5-cb325d670571,600,24,624
491b2787-c943-41df-b7f7-232d427e7f3c,6c567f96-afe7-4c61-9eb4-ae11aa33af50,2024-07-26 07:37:00,399dfec4-01ec-4e84-80b5-cb325d670571,400,16,416
540e7a47-617d-4c39-abc0-c6569a3d6843,b6135829-98b1-474f-8e0f-c05749688ddc,2024-07-26 14:22:00,399dfec4-01ec-4e84-80b5-cb325d670571,1500,60,1560
23f51619-4e8c-4632-948b-6362572e9b38,cfb91507-0769-4ef6-910f-493cf5dee61d,2024-07-26 07:53:00,399dfec4-01ec-4e84-80b5-cb325d670571,700,28,728
94cbec2b-3128-42e8-9b60-7d8f72ccf065,8087043b-2bf7-4128-b23b-491f8828ab94,2024-07-26 14:07:00,399dfec4-01ec-4e84-80b5-cb325d670571,600,24,624
b5a63ca3-bb0a-45bf-b46e-a2ae5e70b8b3,d3d911e6-991f-4a1c-9323-12711d554974,2024-07-26 10:33:00,399dfec4-01ec-4e84-80b5-cb325d670571,500,20,520
d8b17dd2-7d61-445a-ac56-b4c087e56860,ff9dbf4b-f83a-47df-8149-1d007473c13b,2024-07-26 07:00:00,399dfec4-01ec-4e84-80b5-cb325d670571,400,16,416
8293c3c1-f849-4575-99d0-7afee14dcf5e,fb23375e-1e99-452d-8cfb-5cf70072751a,2024-07-26 19:14:00,399dfec4-01ec-4e84-80b5-cb325d670571,600,24,624
419ec730-4cf9-41a1-9ac5-e33b432d0a94,2d1ced3b-1535-4ab1-bfa3-f91b08a62ce0,2024-07-26 13:16:00,399dfec4-01ec-4e84-80b5-cb325d670571,2200,88,2288
5e661005-9ed6-43d2-8be9-17d3bd703d33,c49fc16b-3bf0-498a-b200-ab3b0a2d21fa,2024-07-26 07:49:00,399dfec4-01ec-4e84-80b5-cb325d670571,400,16,416
87ed56eb-f241-40b8-b12a-51259619cff6,49c08f3b-71bd-4a05-b692-45763689821a,2024-07-26 10:05:00,399dfec4-01ec-4e84-80b5-cb325d670571,2100,84,2184
4cda949c-5b6c-4ef6-bd6c-ebbc2d4a26e8,41ceeb72-6594-49c3-aef3-ed466bac5e5f,2024-07-26 11:01:00,399dfec4-01ec-4e84-80b5-cb325d670571,1100,44,1144
d3f00cbe-0afa-4fd2-accf-aa6c738933bc,6c531190-7a87-48c2-9340-eb99ffe43618,2024-07-26 07:52:00,399dfec4-01ec-4e84-80b5-cb325d670571,400,16,416
ad8e6f37-cf87-438b-a599-1e24d903c0da,07601b5c-7ed9-4968-be5c-2cba1ac5e749,2024-07-26 11:08:00,399dfec4-01ec-4e84-80b5-cb325d670571,400,16,416
c3021f43-df1e-48d9-908b-d3f5c35c64de,656d2889-01cd-40e9-9a0a-d7161f75bdbb,2024-07-26 08:31:00,399dfec4-01ec-4e84-80b5-cb325d670571,700,28,728
5c9730bc-7c67-4222-b77a-d114fd8d1f76,34a667fc-5b95-4873-932b-017bc484fd30,2024-07-26 14:15:00,399dfec4-01ec-4e84-80b5-cb325d670571,500,20,520
71e2e76f-af56-4a43-b44c-d41ec5bd9443,e0becf9b-a169-49bf-95e5-2c33b1622600,2024-07-26 14:41:00,399dfec4-01ec-4e84-80b5-cb325d670571,0,0,0
f65fe05b-37f3-4326-8d41-4e0450930351,7a2aa575-93bb-4e07-b671-715ba4f6e845,2024-07-26 15:58:00,399dfec4-01ec-4e84-80b5-cb325d670571,600,24,624
5356d616-0794-4184-8c0a-dbe5d2182cdb,d7e41540-bff7-4ed0-a86b-5aee9f21788b,2024-07-26 13:27:00,399dfec4-01ec-4e84-80b5-cb325d670571,600,24,624
4ec486b5-80a7-40da-b1bb-be8c78f298c7,a5a7baae-427a-4692-aef7-16eb13b37793,2024-07-26 07:32:00,399dfec4-01ec-4e84-80b5-cb325d670571,600,24,624
2446e989-a27a-4877-81d0-fe3299459c19,847aef98-7eed-484a-b834-f5777f38266f,2024-07-26 07:00:00,399dfec4-01ec-4e84-80b5-cb325d670571,500,20,520
013586ce-f05f-4ed5-b814-b56b6faab38c,86f6bfbd-28b9-468f-80a0-7b3bd1a9db57,2024-07-26 08:54:00,399dfec4-01ec-4e84-80b5-cb325d670571,700,28,728
09229dbd-c61d-47c5-b667-8fb7ef4d6152,fbaac559-7731-4dfe-8b40-bdd6f8010f67,2024-07-26 08:37:00,399dfec4-01ec-4e84-80b5-cb325d670571,500,20,520
a4358edb-fed2-4d8a-aed2-19d058c0a850,ce4f635a-840e-47e0-b57a-df0b63bbafa7,2024-07-26 13:50:00,399dfec4-01ec-4e84-80b5-cb325d670571,600,24,624
3291fcf0-b87c-451d-8d98-0123594de3d1,a95ddb13-ef71-4cf0-a8a8-2ffaecaaf27b,2024-07-26 07:15:00,399dfec4-01ec-4e84-80b5-cb325d670571,600,24,624
4d2016e7-2263-493c-a51e-afdc343f8342,2550c3a5-082c-4582-bf64-ed8cacf87cfc,2024-07-26 08:10:00,399dfec4-01ec-4e84-80b5-cb325d670571,1500,60,1560
89e29027-fa57-4b42-ad56-239874682d31,63b5948f-6961-4db8-b621-892196f7a96e,2024-07-26 07:57:00,399dfec4-01ec-4e84-80b5-cb325d670571,400,16,416
d3da7fcc-8454-4ea3-82ea-9e8b9ac78536,2ab5335d-b429-49b4-a459-2354f849e358,2024-07-26 13:00:00,399dfec4-01ec-4e84-80b5-cb325d670571,3100,124,3224
3a8e18cd-6d69-4f56-a8ef-6986c2fd3e88,6f5d60ad-9a43-4fcb-b497-014613bae8ea,2024-07-26 11:26:00,399dfec4-01ec-4e84-80b5-cb325d670571,1100,44,1144
4c4ff985-9c0f-40fb-b243-79eb5c35d5a3,992b8e45-f532-4d7e-9b77-bd94fd451c79,2024-07-26 07:55:00,399dfec4-01ec-4e84-80b5-cb325d670571,400,16,416
a00cc5d0-cbfd-404f-95f1-e6fd9f8c1e0c,2fcb4006-ca51-44cd-9d87-aa34d745ee90,2024-07-26 08:28:00,399dfec4-01ec-4e84-80b5-cb325d670571,600,24,624
dfb56102-00cf-4691-8b4c-820d6c96a92f,3a95336d-35a9-4b6a-81ac-84714ffa0ea4,2024-07-26 08:21:00,399dfec4-01ec-4e84-80b5-cb325d670571,600,24,624
cab16d19-767c-4942-b075-9e1c61bf4723,3dee0d2d-f11e-4e71-8336-86cb6a9445ad,2024-07-26 08:27:00,399dfec4-01ec-4e84-80b5-cb325d670571,700,28,728
55e9448a-6eb4-481a-9924-903bc7a8fd03,5c6b3c85-be4e-405a-a4a0-6179a7381d2a,2024-07-26 09:21:00,399dfec4-01ec-4e84-80b5-cb325d670571,2800,112,2912
70558216-af15-4551-a3e7-4560317a1e6e,9ca91be3-bfcc-4623-9ef5-a4023693a589,2024-07-26 08:22:00,399dfec4-01ec-4e84-80b5-cb325d670571,700,28,728
bcbcd780-76c5-47bc-8fd4-303639533055,bbac9b57-854a-4f52-aec0-51184f9190c4,2024-07-26 13:00:00,399dfec4-01ec-4e84-80b5-cb325d670571,600,24,624
e2caa1b8-4b8f-4583-a823-be61c5e153ab,c334810a-f8b3-4f0b-b7f5-feab68f07ae0,2024-07-26 07:55:00,399dfec4-01ec-4e84-80b5-cb325d670571,500,20,520
f294daf1-a48b-40c5-a81a-947e3489c955,3d82151b-b0d4-4890-bb63-8f573d494f9d,2024-07-26 09:02:00,399dfec4-01ec-4e84-80b5-cb325d670571,400,16,416
a8bdfd64-caa3-45b2-a8af-2ad2412f393b,899bbf23-4208-4aa2-9723-3f7559dfb891,2024-07-26 18:01:00,399dfec4-01ec-4e84-80b5-cb325d670571,600,24,624
a20da23d-b36b-40ae-9b72-1ecb7a421efd,88d4b95f-8525-47ab-b76f-1a86bdcc7b2b,2024-07-26 08:24:00,399dfec4-01ec-4e84-80b5-cb325d670571,600,24,624
2bf70274-3dc6-4b1a-871a-f435648933d5,bddd0699-14be-4bed-8a03-c3be1c8b86f4,2024-07-26 07:59:00,399dfec4-01ec-4e84-80b5-cb325d670571,500,20,520
2e45f9cc-992f-4886-8184-0affbb142d24,84cdb717-25d5-481f-b814-35cf768ecddb,2024-07-26 08:47:00,399dfec4-01ec-4e84-80b5-cb325d670571,400,16,416
f80bf79d-8b88-4441-b0c0-6ccf6b436ca0,572579ab-5e23-43fd-a1af-8753798c8659,2024-07-26 07:16:00,399dfec4-01ec-4e84-80b5-cb325d670571,600,24,624
4d7904d1-10c4-40fb-9299-cd376b09ab1d,662a13a8-1309-48d5-bf4c-6d48b05418fe,2024-07-26 13:23:00,399dfec4-01ec-4e84-80b5-cb325d670571,1600,64,1664
f5981c41-3301-4130-9732-e4491fdb46f7,e55d222b-7102-42c7-bd28-c147a15b12c5,2024-07-26 07:06:00,399dfec4-01ec-4e84-80b5-cb325d670571,400,16,416
aced3cfc-77c7-4cfd-9dc2-d6b9ff36e435,11dfb8fb-c6ad-44e6-b50b-f390d132d5b1,2024-07-26 13:09:00,399dfec4-01ec-4e84-80b5-cb325d670571,700,28,728
e126a8d7-d25d-4ee2-b409-268005e1252b,48894cb2-296d-4112-88cb-99945e94b978,2024-07-26 08:27:00,399dfec4-01ec-4e84-80b5-cb325d670571,600,24,624
49264dd6-a1d2-4f61-a165-4158eeea7c95,90dc9d88-5875-4bf3-b871-820449a026b2,2024-07-26 13:21:00,399dfec4-01ec-4e84-80b5-cb325d670571,500,20,520
50337db5-f753-4cdb-8a72-f435c2153dc2,b295a4a4-a6b1-4fb7-847e-0b135ed1c18e,2024-07-26 13:24:00,399dfec4-01ec-4e84-80b5-cb325d670571,500,20,520
1ce3f071-7557-4530-bb4b-e758d62b74e2,6ae00ce0-276c-40e1-b26d-ee7c41d7a287,2024-07-26 09:21:00,399dfec4-01ec-4e84-80b5-cb325d670571,600,24,624
07317952-fd5e-44eb-8710-f1bc15f05246,668e5c10-e564-47c7-bf67-1ce9cc3758f6,2024-07-26 08:12:00,399dfec4-01ec-4e84-80b5-cb325d670571,800,32,832
e418eed8-ca7b-405b-a940-7d3e48b11fd3,1641c1fe-b81c-4d56-9441-7a23d922196f,2024-07-26 10:59:00,399dfec4-01ec-4e84-80b5-cb325d670571,600,24,624
c1054fdf-e110-4120-9779-987dc7342321,33bc9426-832e-483d-a623-5760bf8fdf42,2024-07-26 08:12:00,399dfec4-01ec-4e84-80b5-cb325d670571,500,20,520
6a95e050-6719-45d0-aae3-addf28714909,ce1fddc8-7087-4b9e-82c8-bc09e6384345,2024-07-26 15:04:00,399dfec4-01ec-4e84-80b5-cb325d670571,600,24,624
0f3a6cf3-955e-4009-af04-bf097f6d53f1,fb199cad-e920-4319-b1de-7da53844f1ed,2024-07-26 07:56:00,399dfec4-01ec-4e84-80b5-cb325d670571,600,24,624
4210f6df-5d11-4ea5-bffd-af4e054aaec8,cacf77ba-7e15-45a0-a3f4-87fdccd569c4,2024-07-26 08:13:00,399dfec4-01ec-4e84-80b5-cb325d670571,400,16,416
b9f49c7e-a6bf-4948-8b3e-12b7a15b0f07,5a29452c-9230-4b56-9b2a-a1d20ab74781,2024-07-26 07:41:00,399dfec4-01ec-4e84-80b5-cb325d670571,600,24,624
d73d6b24-9898-40fe-aeaa-38c2173a5c81,5c37d040-f5cd-46cf-8acc-43c886d34ad0,2024-07-26 08:10:00,399dfec4-01ec-4e84-80b5-cb325d670571,600,24,624
1ded1682-40d9-4ccd-95fd-f4bfe9bf0c70,82d54037-4259-4dc0-986b-1035beb9e3f5,2024-07-26 14:09:00,399dfec4-01ec-4e84-80b5-cb325d670571,700,28,728
734aa766-bcbf-4eff-b07a-b6c45998c37c,7704c14b-191e-436e-814f-08b0fb28dcfc,2024-07-26 09:30:00,399dfec4-01ec-4e84-80b5-cb325d670571,600,24,624
5e6ee38a-62ba-4813-9757-34f0ed3bff2e,01c86347-415c-4252-814c-a612527d8843,2024-07-26 07:45:00,399dfec4-01ec-4e84-80b5-cb325d670571,600,24,624
f31bb1ca-7d25-416f-a754-0a7b8f752fe4,e82b5b62-7070-47bc-a992-278728911d81,2024-07-26 08:09:00,399dfec4-01ec-4e84-80b5-cb325d670571,600,24,624
5854a8c1-537a-4b85-a643-ae46457a2c2b,9cdb2202-788c-4b47-b58d-609db081bb60,2024-07-26 08:27:00,399dfec4-01ec-4e84-80b5-cb325d670571,600,24,624
3ada1506-f853-4784-9ac9-b08ff253a354,2c15654f-379c-4848-a3e0-4562a56c4da7,2024-07-26 08:06:00,399dfec4-01ec-4e84-80b5-cb325d670571,600,24,624
8ea30f2b-dd86-4df9-aef2-243e7f4ebaca,bcc834b4-d5a5-4283-ba01-2fbe27533479,2024-07-26 07:42:00,399dfec4-01ec-4e84-80b5-cb325d670571,500,20,520
2caae338-5f64-4182-bfd7-cd9dbbe75306,8b2d2cd5-c5eb-47f1-b3e3-41c7c00c5828,2024-07-26 13:13:00,399dfec4-01ec-4e84-80b5-cb325d670571,400,16,416
f06fd8fe-b6f5-41be-92cf-184f407c17c7,dff2f0df-07b7-4c09-8812-8c4a7f83cd94,2024-07-26 08:07:00,399dfec4-01ec-4e84-80b5-cb325d670571,700,28,728
90c5fb87-392d-42b8-b7de-911dd6f2582f,b0c002ee-eddd-4615-a3fc-b0700f7eafc2,2024-07-26 07:32:00,399dfec4-01ec-4e84-80b5-cb325d670571,700,28,728
bdc42284-2d72-4bf9-8d83-fd4b4a65b877,798267d5-be32-437a-8020-542e0498810a,2024-07-26 08:37:00,399dfec4-01ec-4e84-80b5-cb325d670571,700,28,728
2edc0ec1-d889-4dbe-bb34-3b1cb9d1e31a,49ccd473-0d76-45da-8360-02143cb40354,2024-07-26 07:12:00,399dfec4-01ec-4e84-80b5-cb325d670571,400,16,416
9d199acc-ab30-4913-af05-48e7741f2834,6c1f593e-fa25-4522-92a1-002b2f6a6bc7,2024-07-26 10:14:00,399dfec4-01ec-4e84-80b5-cb325d670571,900,36,936
185c05a5-540d-4948-9917-c747bd8cdceb,da90d8e9-37d5-4f64-9642-bc11f542e117,2024-07-26 08:12:00,399dfec4-01ec-4e84-80b5-cb325d670571,500,20,520
bd331465-a2b9-467c-b71a-ca6699071983,060308f5-0857-42a6-813e-96a75cc247ac,2024-07-26 12:37:00,399dfec4-01ec-4e84-80b5-cb325d670571,500,20,520
cc150826-01b1-42a6-866b-26442a277fa0,79f701f0-7977-4b5f-b1cf-f1cdd2d8b96b,2024-07-26 10:56:00,399dfec4-01ec-4e84-80b5-cb325d670571,700,28,728
8e3e40b8-dc78-4ba6-b464-872183543287,0189068c-f3d3-4672-b98b-047d057a0fd5,2024-07-26 07:44:00,399dfec4-01ec-4e84-80b5-cb325d670571,600,24,624
0082c37e-4629-425f-803d-7dc07297db4e,1bc1c9dc-b8d3-4560-97b7-febe15ab0506,2024-07-26 07:28:00,399dfec4-01ec-4e84-80b5-cb325d670571,500,20,520
60bf0117-1c6d-4034-b666-39b2c128fa6a,7a03ca1d-d911-4037-9f11-75d63cfad5e4,2024-07-26 07:34:00,399dfec4-01ec-4e84-80b5-cb325d670571,700,28,728
2bb6b37c-0af3-4cca-aa6b-e87fe1172a12,21b3fd59-4b01-4c9d-844b-6790ed39fddc,2024-07-26 07:41:00,2c7c0b40-21e5-4026-b405-3281a1c094fa,400,25,425
9e26d686-cbb6-491f-9a70-c408f8a01280,5bc0eeb0-31d7-4611-bb9d-71498c761bcb,2024-07-26 11:48:00,2c7c0b40-21e5-4026-b405-3281a1c094fa,700,43,743
5d009877-2562-47e9-aaa0-d042e9629d4e,b4742677-d25f-4cf6-af19-7c4a2d5751fd,2024-07-26 08:00:00,2c7c0b40-21e5-4026-b405-3281a1c094fa,600,37,637
6b16f29e-c070-439a-a866-27fb66e4c1a8,fcef0a47-bbe9-4080-9a24-e276ddb4e0e7,2024-07-26 08:03:00,2c7c0b40-21e5-4026-b405-3281a1c094fa,700,43,743
06dd9a7d-c66a-4fda-8170-0292c2062a27,ed27966a-5ae2-4a05-8772-1cf818c9f87f,2024-07-26 13:19:00,2c7c0b40-21e5-4026-b405-3281a1c094fa,2600,162,2762
36542928-ebe6-49f6-9408-dc400089649d,92c1b8ac-0f8c-4e0d-bf8a-acd3c5a54f25,2024-07-26 17:02:00,2c7c0b40-21e5-4026-b405-3281a1c094fa,2100,131,2231
683b7e92-8a33-4f47-a368-6b79ff96f01a,5672d8ec-d299-4823-941e-e84d29a5aca6,2024-07-26 07:25:00,2c7c0b40-21e5-4026-b405-3281a1c094fa,500,31,531
8437cb2b-6007-4d60-8238-68ef1798f4ad,31d8ef80-b405-4d99-9a0b-e566200ab033,2024-07-26 07:40:00,2c7c0b40-21e5-4026-b405-3281a1c094fa,700,43,743
4f356749-cac7-4c0f-a07e-5eab52017136,cfc196da-1613-48e5-b649-e57a6a927c10,2024-07-26 07:14:00,2c7c0b40-21e5-4026-b405-3281a1c094fa,500,31,531
660aace8-d3d8-49eb-82c2-1be9fce8dc71,f19d8935-9c7f-478c-8a8c-d23218d6fc8b,2024-07-26 10:35:00,2c7c0b40-21e5-4026-b405-3281a1c094fa,500,31,531
6d1d5506-ca3e-47fe-acfd-004ee030ccc0,47d48c6c-58d0-458b-b06f-963d2de8ac91,2024-07-26 08:06:00,2c7c0b40-21e5-4026-b405-3281a1c094fa,1200,75,1275
3032fcca-2931-4e2d-a04d-3bf9713e453d,a26c5d51-ee15-486d-b326-9703275ab2ab,2024-07-26 08:13:00,2c7c0b40-21e5-4026-b405-3281a1c094fa,600,37,637
7a25a852-58ba-4ab3-b0c8-704ffa65fc2f,c8c991b2-ee2e-4dbf-b8aa-6e52e61ac8e8,2024-07-26 15:03:00,2c7c0b40-21e5-4026-b405-3281a1c094fa,1300,81,1381
85d3cbaa-1f77-484e-a0a5-ca4af3275fe0,784c9a3e-b023-4a14-87c3-cb46212c638b,2024-07-26 11:10:00,2c7c0b40-21e5-4026-b405-3281a1c094fa,1300,81,1381
793b3ec1-46e8-4133-9b95-f1a86f46f154,bed501e6-d9e1-40f4-9e7f-d1073803ba16,2024-07-26 09:04:00,2c7c0b40-21e5-4026-b405-3281a1c094fa,500,31,531
9eb9b1ff-8900-4a40-bc12-dcc0600210da,f5b90b38-b61b-42af-a8f4-4815317a3571,2024-07-26 15:29:00,2c7c0b40-21e5-4026-b405-3281a1c094fa,700,43,743
3e6232fc-46ab-46df-bcda-e54e9c70fc22,1d8b9d13-c62c-4446-977d-412869e6c4b6,2024-07-26 07:36:00,2c7c0b40-21e5-4026-b405-3281a1c094fa,400,25,425
535304b2-8948-487f-9ae8-429bc981a295,b239e930-6de8-4346-87b0-1981dc56bb9f,2024-07-26 08:05:00,2c7c0b40-21e5-4026-b405-3281a1c094fa,700,43,743
614ee831-a270-438a-be39-d88ca3accf64,ca73909a-648b-4522-a10d-c4c3c9bfaba1,2024-07-26 08:20:00,2c7c0b40-21e5-4026-b405-3281a1c094fa,700,43,743
8cdc6349-2bcc-4aa9-a0c3-2ef48ceb3929,bcde7da6-a0ce-4721-9a8b-e297fe682d71,2024-07-26 12:36:00,2c7c0b40-21e5-4026-b405-3281a1c094fa,500,31,531
32ffbe8b-a14d-411b-b7ea-e493c0c2395b,70ed100e-695a-40c3-847f-07a87a984c6c,2024-07-26 11:21:00,2c7c0b40-21e5-4026-b405-3281a1c094fa,900,56,956
6e2f075a-bfcc-4512-8917-d2b3e0bb241b,e4515ece-d1b9-4ec7-9b74-b22decc6d435,2024-07-26 17:53:00,2c7c0b40-21e5-4026-b405-3281a1c094fa,600,37,637
4132f24e-fd5b-4715-baf9-11eda3628459,0da8bfd8-a8e8-4bc3-85ae-f527018c2e8b,2024-07-26 08:11:00,2c7c0b40-21e5-4026-b405-3281a1c094fa,500,31,531
df937686-6a8a-4989-9802-3c9ed75351cf,92f85679-d678-4b1f-9343-b97924ced844,2024-07-26 07:47:00,2c7c0b40-21e5-4026-b405-3281a1c094fa,400,25,425
8262348e-8a7a-4d22-a165-e216f1b9c237,1d9773b9-b306-416f-9338-2b1d4cd51e0b,2024-07-26 12:12:00,2c7c0b40-21e5-4026-b405-3281a1c094fa,700,43,743
f8e60865-43a8-4958-8108-03bc540734b9,e61583e8-f052-430d-90fd-68085acfc960,2024-07-26 08:15:00,2c7c0b40-21e5-4026-b405-3281a1c094fa,400,25,425
fd715b9c-0eef-4824-ad62-655082cd6446,4334d3c1-d272-4f31-b4ff-de447c05f4dd,2024-07-26 12:52:00,2c7c0b40-21e5-4026-b405-3281a1c094fa,700,43,743
295ff299-abab-470d-bb63-c14d99cb51e0,9559b3f5-0745-4104-aeff-b4f1f8886bd7,2024-07-26 12:18:00,2c7c0b40-21e5-4026-b405-3281a1c094fa,700,43,743
0a8fd2b1-c979-45b4-a963-1312ce2ab3d7,5b2dc95e-efec-46b9-aa80-1ca5c85a4269,2024-07-26 08:06:00,2c7c0b40-21e5-4026-b405-3281a1c094fa,700,43,743
9492ffe3-5a30-435a-b466-0e73ef855804,842bb7f3-6050-4516-a4c0-191bec3c1ba7,2024-07-26 12:25:00,2c7c0b40-21e5-4026-b405-3281a1c094fa,600,37,637
db5d809b-a320-4a2f-95a9-2cc3703c87e5,e52aaea4-1556-4821-8cd6-a24a8217815f,2024-07-26 07:56:00,2c7c0b40-21e5-4026-b405-3281a1c094fa,600,37,637
10471621-4247-491e-9b25-5bb01ec11027,ab4df321-67bc-425a-8aee-7e81929639d1,2024-07-26 08:18:00,2c7c0b40-21e5-4026-b405-3281a1c094fa,500,31,531
192ba042-6b62-497c-9d5e-9154560462df,4bf036f8-cdd5-4fd4-bb15-96f6fdfb6472,2024-07-26 07:44:00,2c7c0b40-21e5-4026-b405-3281a1c094fa,600,37,637
60b9ce87-2216-4ef2-bbab-edb024af486e,be9a5cd7-728a-4593-b5b5-b13c1f98920d,2024-07-26 07:31:00,2c7c0b40-21e5-4026-b405-3281a1c094fa,700,43,743
9c67ca7c-bae5-4171-8dd1-fcbb3acaf4e5,24796668-1d6a-493c-a0dd-1bafc84036be,2024-07-26 08:29:00,2c7c0b40-21e5-4026-b405-3281a1c094fa,500,31,531
f89834fe-ecdf-4446-8405-eee0284c3c88,5a88b3e4-1ba1-4430-8899-483fd984e89d,2024-07-26 08:56:00,2c7c0b40-21e5-4026-b405-3281a1c094fa,700,43,743
b601860e-564c-4f38-8d83-9b1dff559e2a,0de2aeba-fbe0-42cc-a250-f49f11ccb1b7,2024-07-26 13:28:00,2c7c0b40-21e5-4026-b405-3281a1c094fa,600,37,637
d0f6b8fb-a52b-4319-9fcd-bacfaee7c8de,8c433684-7a25-467e-afb1-be6cb25cb156,2024-07-26 10:38:00,2c7c0b40-21e5-4026-b405-3281a1c094fa,600,37,637
b85c062b-4151-4d33-ada4-ee2ae4704017,6711753d-3774-4e54-9f79-3ebf7762b9f9,2024-07-26 18:18:00,2c7c0b40-21e5-4026-b405-3281a1c094fa,500,31,531
59172b7d-dd16-4011-91da-0defc3c89f77,cc8b427a-fcd6-4d92-8601-2a3c7d54e171,2024-07-26 13:18:00,2c7c0b40-21e5-4026-b405-3281a1c094fa,400,25,425
45308c5b-a50c-4a28-9773-4daa9f44390f,89d86da7-67e0-4324-965d-77ebd26b7396,2024-07-26 08:19:00,2c7c0b40-21e5-4026-b405-3281a1c094fa,600,37,637
b4380a63-b6ce-40cf-ace7-94e4d853a8e1,c4cffa02-aa09-4ae6-a4dc-bb7e26c3b440,2024-07-26 08:34:00,2c7c0b40-21e5-4026-b405-3281a1c094fa,500,31,531
0738b7c2-24b0-4b61-a968-bab7c8d3dcf5,5c298d25-bd60-448d-a828-a1d1c08d3bf4,2024-07-26 08:18:00,2c7c0b40-21e5-4026-b405-3281a1c094fa,500,31,531
13dc0f45-bddb-478f-8f6d-00ae990539a4,0c395bc0-5637-4465-8c77-9232349cf3ee,2024-07-26 16:44:00,2c7c0b40-21e5-4026-b405-3281a1c094fa,600,37,637
9bf234e1-6a8a-4f90-91ad-9eac3e538c63,3c426c6a-4b67-4d8e-a89a-57a563164dee,2024-07-26 07:48:00,2c7c0b40-21e5-4026-b405-3281a1c094fa,600,37,637
9fa54fb6-31e4-4ef3-9a4a-422dfa6d778a,627e216c-0671-47dd-902c-9fb076543b9e,2024-07-26 07:53:00,2c7c0b40-21e5-4026-b405-3281a1c094fa,600,37,637
0c0f9d4d-a2c2-45bc-a146-843753eda680,1409cd42-7e74-4fa2-9ff3-b4d9d56ac42c,2024-07-26 08:43:00,2c7c0b40-21e5-4026-b405-3281a1c094fa,700,43,743
7b9f69c7-45cd-4059-a605-cde3499b55f0,f878e8ca-ab74-463a-8f66-556e0b5213c2,2024-07-26 14:58:00,2c7c0b40-21e5-4026-b405-3281a1c094fa,1600,100,1700
84b27aae-5d70-49c0-95ee-05ef914b7949,1ccc49eb-7f71-45cc-81df-ac385f685028,2024-07-26 08:05:00,2c7c0b40-21e5-4026-b405-3281a1c094fa,700,43,743
d4ebbc7f-c125-4daa-bc59-c36ee914a00c,e9914ccf-1cab-4fc8-9269-8c1a8f85eb5a,2024-07-26 08:27:00,2c7c0b40-21e5-4026-b405-3281a1c094fa,600,37,637
f9a39475-aedb-47ae-a320-20313c65e3fa,f1d05baf-72fd-41ef-8727-c4ea4d23984c,2024-07-26 10:49:00,2c7c0b40-21e5-4026-b405-3281a1c094fa,1000,62,1062
5d740e0b-75e5-4209-bc4e-f8e832db9fe8,7e8d4795-8d8a-4188-acba-390847a8c1ae,2024-07-26 11:32:00,2c7c0b40-21e5-4026-b405-3281a1c094fa,2100,131,2231
497a1e43-918b-4125-81f7-d2263fdc0a5e,16e3010f-92c8-4716-945d-76a4cbabf52a,2024-07-26 14:48:00,2c7c0b40-21e5-4026-b405-3281a1c094fa,700,43,743
208bbcbc-49ce-498d-8c3b-8a64b65df127,1fbcd07d-85bc-4c6a-b8de-d3b6edb361dc,2024-07-26 12:19:00,2c7c0b40-21e5-4026-b405-3281a1c094fa,600,37,637
15f8761d-7131-490a-a06a-3c2b8056634f,9d60be57-1b54-4e56-8191-7fc35fef020c,2024-07-26 10:15:00,2c7c0b40-21e5-4026-b405-3281a1c094fa,600,37,637
0da7951a-5b54-4173-a70e-cf73f0ff18af,cc27fffc-130e-4544-9950-5954536d72d1,2024-07-26 12:55:00,2c7c0b40-21e5-4026-b405-3281a1c094fa,500,31,531
53058c48-d237-4935-b38d-55662e28dad1,a898b31f-c8bd-4f5e-b261-ebe31e5158bc,2024-07-26 10:02:00,2c7c0b40-21e5-4026-b405-3281a1c094fa,600,37,637
0729d861-ce03-4a97-b0dd-5afea2a28004,5e7c7c18-a637-4a6e-bb24-87a77f90ddf1,2024-07-26 14:38:00,2c7c0b40-21e5-4026-b405-3281a1c094fa,1200,75,1275
2f1bd96c-8c8a-498f-bf14-1ba630eb8561,3a580c58-a316-47fb-b0c9-1d95666d47d7,2024-07-26 07:00:00,2c7c0b40-21e5-4026-b405-3281a1c094fa,600,37,637
7df39209-47fe-4c5c-87a2-7cc911b8bd30,fe9d2747-393a-4e72-8e43-6d997f2418d6,2024-07-26 08:27:00,2c7c0b40-21e5-4026-b405-3281a1c094fa,400,25,425
f6def9a9-1656-458b-b2c4-cdab313e33d0,27385e8e-11c9-453d-a177-3a8890bab09a,2024-07-26 11:27:00,2c7c0b40-21e5-4026-b405-3281a1c094fa,700,43,743
6b6f777d-96c9-49cc-8d7c-a14ed12866c5,27d2e3d3-99cb-4478-950f-9cbf9f2cc532,2024-07-26 08:12:00,2c7c0b40-21e5-4026-b405-3281a1c094fa,400,25,425
2ad7636c-654b-41ed-a63d-810e1d13b764,9209c56e-0f5f-493e-a7ad-a5c3f0889aac,2024-07-26 09:41:00,2c7c0b40-21e5-4026-b405-3281a1c094fa,1500,93,1593
a2ec9cbe-5037-4b43-935d-b080aa96369c,09916698-df9d-4be7-a8f4-f7748cbab9a5,2024-07-26 13:09:00,2c7c0b40-21e5-4026-b405-3281a1c094fa,4800,300,5100
e268cafa-8af5-4f08-9a5a-37fefb2749c2,62a52493-e5ec-476f-9bec-c8f82abd3323,2024-07-26 07:57:00,2c7c0b40-21e5-4026-b405-3281a1c094fa,400,25,425
9a46ab68-925c-4943-9fb0-12ca29046041,aad9060e-f28a-4122-9e78-f451247bce13,2024-07-26 12:03:00,2c7c0b40-21e5-4026-b405-3281a1c094fa,700,43,743
ef714e7f-a869-4e41-a7da-a50a42906d42,681cebbd-56fd-4ad3-99b4-726306cbaa73,2024-07-26 07:50:00,2c7c0b40-21e5-4026-b405-3281a1c094fa,700,43,743
60215456-9ddf-49db-bce4-6dec514a68c6,9c02b9e3-3e53-451a-abb0-96f63308bb02,2024-07-26 07:47:00,2c7c0b40-21e5-4026-b405-3281a1c094fa,600,37,637
0c7f9ef5-18dc-4e22-868d-6c691c07ac98,cc5c0c1a-857b-42ec-991b-22ab9d333141,2024-07-26 09:11:00,2c7c0b40-21e5-4026-b405-3281a1c094fa,700,43,743
505e9e60-1bcc-4dbc-922d-ad7a517b82e2,ea97db70-9e3b-4bc2-973f-6e3f2be46e5f,2024-07-26 07:39:00,2c7c0b40-21e5-4026-b405-3281a1c094fa,600,37,637
82c0e296-c564-478e-81e7-56e4cc412605,1cc557ae-f87b-4765-9bc4-0f1dd6f53013,2024-07-26 08:07:00,2c7c0b40-21e5-4026-b405-3281a1c094fa,600,37,637
ebed8697-71f6-46ff-9c15-32c77912e426,f91faf5c-1c47-45c9-aad2-29930f300126,2024-07-26 07:54:00,2c7c0b40-21e5-4026-b405-3281a1c094fa,600,37,637
5f846739-9716-4e14-86ab-8db40308314c,414e72b8-a890-4597-b3f7-d6da0f9d4531,2024-07-26 08:08:00,2c7c0b40-21e5-4026-b405-3281a1c094fa,600,37,637
3d22c249-02f6-4254-9bbd-036092c5a53f,e26fafe1-9a63-43ca-b38b-ed5f0ea96f66,2024-07-26 15:03:00,2c7c0b40-21e5-4026-b405-3281a1c094fa,2300,143,2443
897d938a-fae5-43e4-bac8-18cfe590ddaa,1313316f-0c13-404e-8197-2bde150a1ddd,2024-07-26 08:34:00,2c7c0b40-21e5-4026-b405-3281a1c094fa,600,37,637
709c2788-a692-4624-96eb-37e4aff128fa,de670223-8a3e-4b82-a4d4-b03cc596af73,2024-07-26 07:27:00,2c7c0b40-21e5-4026-b405-3281a1c094fa,400,25,425
6be451ca-53c0-4e5b-9f05-4d12729b65f7,f304ef62-c15a-4a60-ab1c-ad7af392467e,2024-07-26 07:31:00,2c7c0b40-21e5-4026-b405-3281a1c094fa,600,37,637
e62ba0f7-d8bd-4bdf-a4cd-06ea5cb473f4,3cae3cae-a64f-491f-a508-68ff36ecb4af,2024-07-26 08:12:00,2c7c0b40-21e5-4026-b405-3281a1c094fa,600,37,637
3303f34c-a47e-4211-bcbc-d62d1ac20471,96924eb0-a996-4610-ae35-0949499a223a,2024-07-26 07:57:00,2c7c0b40-21e5-4026-b405-3281a1c094fa,400,25,425
c3de5db6-f79d-4df3-83f9-f958a1f271d6,f6a983d2-5104-41f4-a579-38c173229679,2024-07-26 13:34:00,2c7c0b40-21e5-4026-b405-3281a1c094fa,600,37,637
bd4c58f3-d29c-46df-8092-3766fa567ffe,2f0ecbb9-4ae8-45d7-8f01-f82126757ca5,2024-07-26 08:43:00,2c7c0b40-21e5-4026-b405-3281a1c094fa,400,25,425
70d57795-da2f-452a-8bc9-8a2cd470c6ae,104b478d-b925-4eb1-b365-ae2354f1fd19,2024-07-26 07:37:00,2c7c0b40-21e5-4026-b405-3281a1c094fa,600,37,637
d645183e-bd2f-4362-b318-e2026f4147bb,cdea4af0-7c90-48ed-bb8b-411fb9de8b57,2024-07-26 07:54:00,2c7c0b40-21e5-4026-b405-3281a1c094fa,700,43,743
4e94c5d7-b539-4628-9730-3a947d2fab7a,aec1cde7-0627-4bec-a528-fe77ca766b5e,2024-07-26 07:52:00,2c7c0b40-21e5-4026-b405-3281a1c094fa,400,25,425
9f4c70e7-d062-4bea-aaf8-97450979ba3e,d6965668-a794-4ad0-b0a8-93a8001a6500,2024-07-26 13:02:00,2c7c0b40-21e5-4026-b405-3281a1c094fa,2500,156,2656
30e9fa73-3128-451a-9563-e3f79b2a84af,465154fc-21ed-456c-9e03-9b71c66094d5,2024-07-26 07:28:00,2c7c0b40-21e5-4026-b405-3281a1c094fa,700,43,743
5c9251bb-ab4c-4328-bcf3-d16bde682b98,efe6ab20-484e-4550-8eba-b6750c0893a3,2024-07-26 15:11:00,2c7c0b40-21e5-4026-b405-3281a1c094fa,1700,106,1806
149e5264-7664-430b-b60d-c8552463e2fc,2647f821-e1c8-44ee-bc24-7b9932bf9766,2024-07-26 08:06:00,2c7c0b40-21e5-4026-b405-3281a1c094fa,700,43,743
cdc0f777-99ea-4cbb-8435-76cd758f9488,bb7a9f55-4ac3-43cc-bbe9-d1a3c3e8f35e,2024-07-26 12:28:00,2c7c0b40-21e5-4026-b405-3281a1c094fa,600,37,637
0e3554a4-4e65-4d5f-921a-d45e9202ed17,fe4e4be2-2e96-4037-9bdf-28440a160f62,2024-07-26 08:03:00,2c7c0b40-21e5-4026-b405-3281a1c094fa,500,31,531
3a6c8a8b-d527-4001-a875-94060a63c186,08a83635-904a-4c48-8187-470b38512520,2024-07-26 16:43:00,2c7c0b40-21e5-4026-b405-3281a1c094fa,1500,93,1593
226d1aa2-4f2f-45ca-8e89-14fd19aa05fc,a6addfaf-a6de-45ac-940f-5d4614f279d0,2024-07-26 08:27:00,2c7c0b40-21e5-4026-b405-3281a1c094fa,400,25,425
1ded8c18-8b9c-4260-ab43-2bbc06c9b2f9,ed638312-1c1b-49b3-8fb5-9f1ffcf9b352,2024-07-26 07:29:00,2c7c0b40-21e5-4026-b405-3281a1c094fa,500,31,531
a1c010f2-be87-4b70-84b1-881e67e04489,5f978986-a526-43a2-bdc6-828868d49b61,2024-07-26 08:23:00,2c7c0b40-21e5-4026-b405-3281a1c094fa,600,37,637
c7362498-084d-4a56-8366-f188ef242ce2,6dbbc49a-b5ce-4831-ba60-3b12b6a89fc4,2024-07-26 12:34:00,2c7c0b40-21e5-4026-b405-3281a1c094fa,1600,100,1700
9a8577c2-6fd3-482c-953f-dc162fd7ec1a,1230eb6d-8c33-4314-a706-f84212741ea9,2024-07-26 10:39:00,2c7c0b40-21e5-4026-b405-3281a1c094fa,600,37,637
510b4ad4-3fb3-4cfd-8ac2-c5b3ded1d58c,d3cfc0ae-db6e-4a28-b44b-a1dac1061d90,2024-07-26 19:07:00,2c7c0b40-21e5-4026-b405-3281a1c094fa,800,50,850
d3d647f3-4a19-4c4e-b63d-e7ef6e0b7bd8,9ad4b773-20f7-4f08-afaa-931d90d8f229,2024-07-26 11:46:00,2c7c0b40-21e5-4026-b405-3281a1c094fa,400,25,425
7b0dafc9-c464-4545-8971-65f04d8f1006,377bb6d8-437c-4b34-9c11-7bd0c9bec26a,2024-07-26 11:37:00,2c7c0b40-21e5-4026-b405-3281a1c094fa,500,31,531
4b3ab745-2fdc-4433-9d80-8d53fc0485dc,d909260f-5040-471a-9c3f-5651fa8c03ed,2024-07-26 08:22:00,2c7c0b40-21e5-4026-b405-3281a1c094fa,500,31,531
5ff25e6b-b06f-4917-b7c8-8066368020ae,f1098a10-244b-46cb-b192-2ad182a44975,2024-07-26 08:33:00,2c7c0b40-21e5-4026-b405-3281a1c094fa,600,37,637
badf4b0d-0c54-4bf8-b6c5-e7f3618b6ebf,b394c22a-41af-4bae-a9f3-dda0649b45ed,2024-07-26 08:30:00,2c7c0b40-21e5-4026-b405-3281a1c094fa,400,25,425
47629d19-5ece-4537-a87b-ac0b3a411026,fb1214b1-db3f-4cac-bc2e-6b6d585600fb,2024-07-26 08:07:00,2c7c0b40-21e5-4026-b405-3281a1c094fa,600,37,637
9314dd1c-0882-4e53-bf64-d972bfc930cb,c7bf9141-bdf4-4972-89cc-19b540b7964f,2024-07-26 13:39:00,2c7c0b40-21e5-4026-b405-3281a1c094fa,2200,137,2337
a40cba48-037e-4161-bcc6-8111a26ed058,1bcdea75-7acc-492e-a184-a61e51c1cfa5,2024-07-26 07:45:00,2c7c0b40-21e5-4026-b405-3281a1c094fa,400,25,425
fac21d21-85c6-401c-9c37-e64be0236843,f8919ba3-1c0e-4da5-9408-18923a2ad8fb,2024-07-26 07:52:00,2c7c0b40-21e5-4026-b405-3281a1c094fa,400,25,425
0033427e-b874-4176-a571-0ba5be18dc59,d753ccfa-106f-47a3-8e03-44b0e6831af3,2024-07-26 07:57:00,2c7c0b40-21e5-4026-b405-3281a1c094fa,600,37,637
551d03a5-405d-4e87-a85c-15cfaa2f8b05,608b62cf-f498-4f33-9528-de6ffb9555c2,2024-07-26 08:52:00,2c7c0b40-21e5-4026-b405-3281a1c094fa,600,37,637
f86f3645-269b-4e48-bfc1-8526c38fcf87,769dd9bd-a72a-437f-a07e-076c97c4ac9a,2024-07-26 12:20:00,2c7c0b40-21e5-4026-b405-3281a1c094fa,600,37,637
0184b5f3-8ea1-4c81-96f7-b0d561d18970,577d9ba4-08b4-443e-a3dc-495bdb97f58e,2024-07-26 16:14:00,2c7c0b40-21e5-4026-b405-3281a1c094fa,2300,143,2443
13a45cf3-95e0-47eb-8451-2bccda843421,b8ca5b54-3fa9-4f61-91ce-beeaa92f1424,2024-07-26 08:13:00,2c7c0b40-21e5-4026-b405-3281a1c094fa,700,43,743
402e27ae-546b-405f-af78-733e53730a36,6b2f49e4-56bd-446a-97ee-d3ddd9804d7f,2024-07-26 07:27:00,2c7c0b40-21e5-4026-b405-3281a1c094fa,500,31,531
f8902a34-e0ad-48e9-8951-847bc494b999,096383e8-fafc-418f-8cdd-a2ec9f44ddd3,2024-07-26 07:21:00,2c7c0b40-21e5-4026-b405-3281a1c094fa,400,25,425
d618f2ac-6c0d-4940-9656-305619c939cc,4cd24ca3-21c7-43e7-bd3e-65bc863a16d7,2024-07-26 07:38:00,2c7c0b40-21e5-4026-b405-3281a1c094fa,400,25,425
f5a0d5fc-924b-45ad-999b-4a3e4c7ca565,9f8ffc8a-afb8-400e-b77e-4f6a8d204645,2024-07-26 15:08:00,2c7c0b40-21e5-4026-b405-3281a1c094fa,3900,243,4143
24b9fe8b-952e-4dba-b108-f2a0b1f6d42a,aae661ad-0411-4b0f-b7fb-6c26c099cfd7,2024-07-26 07:02:00,2c7c0b40-21e5-4026-b405-3281a1c094fa,400,25,425
f45a30f4-dca9-424a-8aef-6b6458b6ffb2,8391b449-3f7a-47a8-b81f-292dfdb07b53,2024-07-26 07:25:00,2c7c0b40-21e5-4026-b405-3281a1c094fa,600,37,637
9adae80d-3402-463c-8aea-c17494fdea33,762c5a04-e686-4d09-b4c3-40c6aed67774,2024-07-26 09:27:00,2c7c0b40-21e5-4026-b405-3281a1c094fa,400,25,425
dc605a00-3d5e-4125-b588-05fb7f3a34df,377718a4-3157-4608-a4af-666080b15524,2024-07-26 09:14:00,2c7c0b40-21e5-4026-b405-3281a1c094fa,2400,150,2550
f9770eef-7a2a-4ae0-a6dd-0aefcb5878fd,e87d7dd4-253c-4904-856b-2bc3e4610bbc,2024-07-26 07:42:00,2c7c0b40-21e5-4026-b405-3281a1c094fa,500,31,531
bc454cef-5ad4-4682-9826-4ebe2d9d99a9,0716e8f7-31e6-4605-8c33-c9717eb1828b,2024-07-26 07:46:00,2c7c0b40-21e5-4026-b405-3281a1c094fa,600,37,637
79972500-68fc-4690-a008-bd2ae531fa8d,f5ca275f-bdbe-419a-ac47-5ffc48b1f4fe,2024-07-26 08:45:00,2c7c0b40-21e5-4026-b405-3281a1c094fa,600,37,637
aba7284d-1687-42ff-9bae-c41615ddf2e7,770ef8a9-2d3e-436a-8d56-15cbb14191f6,2024-07-26 08:17:00,2c7c0b40-21e5-4026-b405-3281a1c094fa,500,31,531
f28246d0-6c25-4076-b664-9a05c2bc5a5f,9a65900b-27f4-4b08-a09b-f919986f3b7f,2024-07-26 11:57:00,2c7c0b40-21e5-4026-b405-3281a1c094fa,400,25,425
89daf4d4-991a-419c-a7bb-25187176f786,9cf15c00-66f8-446b-aa1e-6cfaa15a28cd,2024-07-26 07:55:00,2c7c0b40-21e5-4026-b405-3281a1c094fa,400,25,425
343941d1-2792-49fe-aebe-b340f7e4229d,48509249-030e-4da5-aabe-34c1bb302e05,2024-07-26 11:33:00,2c7c0b40-21e5-4026-b405-3281a1c094fa,4100,256,4356
95857f7f-bcb4-49b5-9ffc-ea6701965d57,c950e872-765f-41c6-9298-08946b5da33c,2024-07-26 14:08:00,2c7c0b40-21e5-4026-b405-3281a1c094fa,400,25,425
133a4684-c1ea-463b-a1f4-c943f5620e85,0a1537fd-daf7-45b7-9079-4896eebfc105,2024-07-26 07:43:00,2c7c0b40-21e5-4026-b405-3281a1c094fa,400,25,425
bdd790d8-351e-484f-bf67-6aee0148e98a,1481f859-7fad-49a6-8222-7de03bebd7ed,2024-07-26 13:39:00,2c7c0b40-21e5-4026-b405-3281a1c094fa,500,31,531
b5be268e-7c0a-4531-b4c1-4600f5461f93,b261ee63-cdf8-409f-a4d5-5a5f5648f8fd,2024-07-26 07:31:00,2c7c0b40-21e5-4026-b405-3281a1c094fa,700,43,743
6f6bbb60-6d02-4e52-85d2-3c70d4a24c19,17314111-8073-4571-82b0-3cbdaf3672bd,2024-07-26 08:25:00,2c7c0b40-21e5-4026-b405-3281a1c094fa,500,31,531
bb8b1397-091a-46b3-ad9d-cf3caaf7d62c,949fe8f4-8334-4f81-b38c-40be2a439d7a,2024-07-26 07:44:00,2c7c0b40-21e5-4026-b405-3281a1c094fa,400,25,425
31a91f79-53a3-44d0-b68d-1fb0d3b16ef5,2a960d6e-bc31-4bfd-bd29-c7658913ce72,2024-07-26 09:39:00,2c7c0b40-21e5-4026-b405-3281a1c094fa,1700,106,1806
a8bbb7e3-9f6b-412d-b0b2-8fa1886707e5,c00da9ba-d5c6-48cc-a9d7-ae2f6b116876,2024-07-26 07:00:00,2c7c0b40-21e5-4026-b405-3281a1c094fa,700,43,743
a4c0aa0d-2e27-485f-a321-37a7a46e9cc5,7815f514-9fba-4b3a-a396-b1c903e2d5ea,2024-07-26 09:01:00,2c7c0b40-21e5-4026-b405-3281a1c094fa,700,43,743
5250b013-3bca-41b5-8f6c-4520397a6db1,4ceaf012-7044-4c13-9ff6-afb4f9f197eb,2024-07-26 08:16:00,2c7c0b40-21e5-4026-b405-3281a1c094fa,700,43,743
66eb962f-4120-4f2e-87d6-a971ae2a2a55,e5296814-9316-48d8-8b0e-ee925b70e267,2024-07-26 11:57:00,2c7c0b40-21e5-4026-b405-3281a1c094fa,500,31,531
3e409afb-f673-4a65-861a-af07d70aeef8,411bf114-1d91-4d9e-9b2e-2eb1e59d80bb,2024-07-26 07:39:00,2c7c0b40-21e5-4026-b405-3281a1c094fa,500,31,531
5313083c-40b3-4250-af4b-3e5eaea3c65e,95482014-2031-41aa-aed1-10e1966f8211,2024-07-26 09:57:00,2c7c0b40-21e5-4026-b405-3281a1c094fa,700,43,743
3313ad03-eec9-4da8-8fd6-092dd89f9828,5d0a759c-32bd-4362-8ef8-5387885c5bdd,2024-07-26 13:05:00,2c7c0b40-21e5-4026-b405-3281a1c094fa,0,0,0
7c73257d-7c03-49a6-ae55-9f3e46f58d9c,ceac67dd-d360-4dc4-9cc4-c8ae08998559,2024-07-26 15:04:00,2c7c0b40-21e5-4026-b405-3281a1c094fa,1600,100,1700
c2799d44-6c7b-40ca-b28a-ae224273e645,33e4eccb-501b-4aae-89bb-fa7087ab00f6,2024-07-26 12:29:00,2c7c0b40-21e5-4026-b405-3281a1c094fa,3600,225,3825
73e1091f-eef0-452f-8851-e77086d7b204,6cb7ea64-a794-4489-aff9-5d771b62259c,2024-07-26 19:26:00,2c7c0b40-21e5-4026-b405-3281a1c094fa,2200,137,2337
0f27bcb3-3660-4d14-a1d6-741ba776402d,41ced0f3-bdf3-4470-b30c-bc95aa96f228,2024-07-26 14:18:00,2c7c0b40-21e5-4026-b405-3281a1c094fa,400,25,425
d64840c3-8b0f-4714-9679-b2d41f8a9365,9d117cbc-8206-44fc-a784-1b7e26e69f14,2024-07-26 07:52:00,2c7c0b40-21e5-4026-b405-3281a1c094fa,600,37,637
e8c5b3ac-b432-4b2b-a231-4920dfcd4ce5,51a229f5-9725-4489-b94d-d06f0c9c9103,2024-07-26 17:22:00,2c7c0b40-21e5-4026-b405-3281a1c094fa,600,37,637
20ce36b1-912e-4385-9714-4403b4d50d90,c38122f1-bf34-4609-86ba-ffd1f95e88a1,2024-07-26 07:36:00,2c7c0b40-21e5-4026-b405-3281a1c094fa,600,37,637
0a859073-d1fb-4139-93d2-0c9b82cc7565,9fddd59b-8092-44dd-823a-2a10f4a954f3,2024-07-26 08:12:00,2c7c0b40-21e5-4026-b405-3281a1c094fa,700,43,743
39e92d43-bf67-47b0-9ea9-ebd840c379e9,900c8b72-6cf9-41c2-9528-bfd661a2a6c5,2024-07-26 07:31:00,2c7c0b40-21e5-4026-b405-3281a1c094fa,700,43,743
019754a2-99e3-436a-a436-9fbc09ac6723,05d37c9d-0780-45ea-9c41-ae74878ca992,2024-07-26 07:21:00,2c7c0b40-21e5-4026-b405-3281a1c094fa,600,37,637
4e3018b9-2fe7-4efd-b467-7b6487577f48,2d98fe07-303d-43ac-b2c7-b688f0765087,2024-07-26 07:04:00,2c7c0b40-21e5-4026-b405-3281a1c094fa,500,31,531
ab9df706-c924-4830-bc2c-0ea768a0f702,f75a6b15-5908-4701-be73-63cc159dd363,2024-07-26 07:23:00,2c7c0b40-21e5-4026-b405-3281a1c094fa,600,37,637
b22f2e72-f938-45e2-ba99-5dcbde1a1386,325d860f-7129-46e3-84fb-ece38a4a511e,2024-07-26 07:45:00,2c7c0b40-21e5-4026-b405-3281a1c094fa,400,25,425
d2415102-cf29-4dbc-ab90-336646463157,185f50fa-1880-4d33-bffb-0229c00021e1,2024-07-26 08:03:00,2c7c0b40-21e5-4026-b405-3281a1c094fa,400,25,425
65422ec5-01b3-4aa2-a122-1412fcbfec2a,82ebe082-4789-437f-b9ad-9b5af2e151f2,2024-07-26 15:51:00,2c7c0b40-21e5-4026-b405-3281a1c094fa,500,31,531
b6505055-fca3-4db9-b2d9-6bdecfa4a8ce,b20bae30-2c82-4e03-ae3e-c6a9238fa0a2,2024-07-26 07:40:00,2c7c0b40-21e5-4026-b405-3281a1c094fa,400,25,425
a0848cf6-6c28-4170-839d-dca328203932,4e548ed3-d902-4eca-a51d-cde7de665144,2024-07-26 14:49:00,2c7c0b40-21e5-4026-b405-3281a1c094fa,1300,81,1381
45d2c19a-f949-4bd9-b69e-c287f40aee41,8bdfd5f7-e6c8-4213-90f8-290340275705,2024-07-26 08:13:00,2c7c0b40-21e5-4026-b405-3281a1c094fa,700,43,743
cc4f943f-c24a-4b84-aeea-eb3252ef04a7,4930bc83-623f-498d-9657-e6946df34670,2024-07-26 08:28:00,2c7c0b40-21e5-4026-b405-3281a1c094fa,600,37,637
3763e119-f001-4461-ab84-46f5138d5c31,ff0e6672-f5c3-49c3-8641-640328bd5e32,2024-07-26 07:21:00,2c7c0b40-21e5-4026-b405-3281a1c094fa,500,31,531
29de930f-66cf-43f0-b6f4-3f26b244eff2,2126e90c-f785-447f-8084-2c01f266f801,2024-07-26 09:36:00,2c7c0b40-21e5-4026-b405-3281a1c094fa,500,31,531
2a015e18-7af8-4d0f-a57c-ef5f796107ca,86ce2bfe-cfd3-43d7-bf73-302839416a8f,2024-07-26 07:21:00,2c7c0b40-21e5-4026-b405-3281a1c094fa,400,25,425
b96504b9-562a-4668-a37c-499bf84b6ad4,d3a2e187-0d5f-4c0d-889d-aab3ff2fd8ba,2024-07-26 08:10:00,2c7c0b40-21e5-4026-b405-3281a1c094fa,600,37,637
906f4107-91bd-4c42-b12f-15fd4c7f310a,669e7a05-fd01-45bb-8275-04e6656af5a3,2024-07-26 13:41:00,2c7c0b40-21e5-4026-b405-3281a1c094fa,2500,156,2656
080742f8-cbcd-4122-a022-ba52f087514a,b8e42ee1-c094-4f0b-af09-b9952db3e2d9,2024-07-26 11:29:00,2c7c0b40-21e5-4026-b405-3281a1c094fa,600,37,637
1a371961-5f20-4491-b689-b9ea6ada6cd9,2aebbf7f-b775-4c03-9a7c-83deebadf4c0,2024-07-26 08:29:00,2c7c0b40-21e5-4026-b405-3281a1c094fa,500,31,531
517fe482-908a-46ee-a495-8bbf39f8c8e8,6c89e693-e895-44dc-b33d-28f79f7c619b,2024-07-26 07:06:00,2c7c0b40-21e5-4026-b405-3281a1c094fa,600,37,637
1f4efb1f-d2e6-46fb-bbdc-09f6d1869247,7819dde7-1b51-4fa3-8f8a-05d4753ded13,2024-07-26 08:09:00,2c7c0b40-21e5-4026-b405-3281a1c094fa,500,31,531
74fba7b4-b4d1-4767-b111-c88c33e1987f,30a2f263-f55c-4b89-83d1-c19eee532a38,2024-07-26 07:31:00,2c7c0b40-21e5-4026-b405-3281a1c094fa,600,37,637
c57e303a-5eeb-4763-80e5-584f6659b141,2c23560c-f644-4386-bfbe-a9743f443c42,2024-07-26 08:50:00,2c7c0b40-21e5-4026-b405-3281a1c094fa,600,37,637
56220146-b231-4dae-b413-d93cea8bd4c3,696f0c48-8a40-4f8f-8859-0850ae368437,2024-07-26 12:23:00,2c7c0b40-21e5-4026-b405-3281a1c094fa,2200,137,2337
4d4268f2-332d-4ed4-bd44-2d57ecf4df95,0fd9e06a-f844-4443-a59f-a35b876d3990,2024-07-26 08:31:00,2c7c0b40-21e5-4026-b405-3281a1c094fa,3600,225,3825
57b9b1bb-2fce-43e0-88e5-f584cc2d2982,c55efd1e-8a85-45c7-9e8c-443b817ddda8,2024-07-26 11:27:00,2c7c0b40-21e5-4026-b405-3281a1c094fa,600,37,637
b0efc116-7ffd-45cc-a999-201275aac34f,99f8915a-b1ec-40a3-ae24-14f3dd694d12,2024-07-26 07:53:00,2c7c0b40-21e5-4026-b405-3281a1c094fa,400,25,425
e912ac39-4b97-43e1-aefe-6c774c63df4e,8d3cdf25-82d6-4a3d-84c4-f2e0a031b3fe,2024-07-26 12:39:00,2c7c0b40-21e5-4026-b405-3281a1c094fa,600,37,637
5492d8d1-830b-46f8-ab6a-d01f2f9759d2,268ffc49-8df7-491e-a596-028aa31492ef,2024-07-26 07:55:00,2c7c0b40-21e5-4026-b405-3281a1c094fa,700,43,743
64b68cc7-95f5-464a-8435-dac63eb5e834,0f5163de-14a7-4833-a294-13d3aae250f3,2024-07-26 07:48:00,2c7c0b40-21e5-4026-b405-3281a1c094fa,700,43,743
6510ec10-ec0c-4e90-8f01-31be1f7ba29b,60bc1e14-fc8d-459f-9069-ea94123b17f3,2024-07-26 12:59:00,2c7c0b40-21e5-4026-b405-3281a1c094fa,1600,100,1700
b244abca-828b-4d9d-929d-2fbd284e45e6,1f76a524-5999-4128-9a1c-d23931ae721b,2024-07-26 16:24:00,2c7c0b40-21e5-4026-b405-3281a1c094fa,600,37,637
5536775e-6f2b-4fed-b00c-69c70e62979b,2228ab7c-91a4-4cac-bebb-8e8f096524b0,2024-07-26 07:44:00,2c7c0b40-21e5-4026-b405-3281a1c094fa,500,31,531
3c68437f-91dd-43a2-86b3-f88f1329cb21,8e784b74-ab3c-4e1d-ac1d-668719158894,2024-07-26 08:19:00,2c7c0b40-21e5-4026-b405-3281a1c094fa,400,25,425
50a384f7-2183-4dda-b2d5-227a193a2cda,f2ed3dee-af64-4cc3-abb6-22d3764641b7,2024-07-26 08:50:00,2c7c0b40-21e5-4026-b405-3281a1c094fa,500,31,531
417914de-d1d2-4830-9e57-89adc13d5054,c77b07ea-c37e-41a3-95f1-813c1f7879db,2024-07-26 08:47:00,2c7c0b40-21e5-4026-b405-3281a1c094fa,400,25,425
244f8d22-7fe3-4aed-a018-7afbd92a45ef,731a3243-ba6e-4903-ad46-9d414fd8964f,2024-07-26 08:47:00,2c7c0b40-21e5-4026-b405-3281a1c094fa,2300,143,2443
76bea940-a868-471a-b696-d5aee2eed6dd,27ed9719-c79b-40e1-8104-2725a63c045d,2024-07-26 07:40:00,2c7c0b40-21e5-4026-b405-3281a1c094fa,500,31,531
893e5e97-4495-43a1-9925-15feb8a6a512,02642c3e-981a-40f6-8403-7e10f5c62737,2024-07-26 09:28:00,2c7c0b40-21e5-4026-b405-3281a1c094fa,500,31,531
f81c6740-a6ea-40f7-9dc6-d432582b5496,3e5b15ad-2b58-4454-bd44-3bef2aee95bb,2024-07-26 12:38:00,2c7c0b40-21e5-4026-b405-3281a1c094fa,500,31,531
1ba58bcc-d540-47f0-96c7-23c0d4332fcb,f4077df6-3f65-49a0-8b0a-6832b2d150f1,2024-07-26 07:15:00,2c7c0b40-21e5-4026-b405-3281a1c094fa,400,25,425
6ece4f41-3f0d-455c-aef3-fadb922c1bb6,c8d5f897-ee46-4420-9672-70cd7d878c30,2024-07-26 14:02:00,2c7c0b40-21e5-4026-b405-3281a1c094fa,1700,106,1806
a1391553-9c49-4ea4-9f0a-89a48fd131c4,0e0470a9-b5e2-4230-82fe-65e5ca22fb62,2024-07-26 10:58:00,2c7c0b40-21e5-4026-b405-3281a1c094fa,400,25,425
dde4f4e6-a063-4b83-9df9-742de2298d69,ac4afb8d-0558-4ead-8f52-e442e2dd4924,2024-07-26 08:01:00,2c7c0b40-21e5-4026-b405-3281a1c094fa,400,25,425
bfe810e5-f658-4928-beb0-84039cf50f2f,36439b4b-c7f8-4010-8000-f370ee29e661,2024-07-26 18:32:00,2c7c0b40-21e5-4026-b405-3281a1c094fa,2400,150,2550
6a49075c-3fcb-4dab-897c-82562886c13d,b9d253c1-b0be-4045-ad56-78846256bc9b,2024-07-26 08:34:00,2c7c0b40-21e5-4026-b405-3281a1c094fa,400,25,425
3e5822f2-81b6-4508-9976-868893869a9c,a199f995-f93f-450a-9dd2-4747e733f032,2024-07-26 07:08:00,2c7c0b40-21e5-4026-b405-3281a1c094fa,600,37,637
fc000a97-48fe-40b9-b1bf-5584a26c1b0e,6a70bb64-0e00-43ef-9d71-59e6ff9d605f,2024-07-26 08:07:00,2c7c0b40-21e5-4026-b405-3281a1c094fa,600,37,637
6ae486da-e5cc-4eeb-8372-99024a57fe69,e3194d11-8cfa-45a1-bf58-318f63ed3179,2024-07-26 08:03:00,2c7c0b40-21e5-4026-b405-3281a1c094fa,500,31,531
be181ced-3f33-4004-99d7-5f7d373231da,de26451c-3959-420f-a098-380adce42371,2024-07-26 10:30:00,2c7c0b40-21e5-4026-b405-3281a1c094fa,600,37,637
968965c7-824a-4ccf-8012-a8d07d734827,0b4e3ffe-f5f7-4114-b024-c6db96ded07c,2024-07-26 07:52:00,2c7c0b40-21e5-4026-b405-3281a1c094fa,600,37,637
9ef93fb3-b012-499d-b446-4b86b32b3e8a,04f0e58e-9310-4613-9620-9d86a9aac81e,2024-07-26 08:25:00,2c7c0b40-21e5-4026-b405-3281a1c094fa,500,31,531
ae1dcdf8-61c7-4848-b71a-952e590ced58,f108b09a-f3b1-4d80-b3d3-0610542982ea,2024-07-26 08:16:00,2c7c0b40-21e5-4026-b405-3281a1c094fa,500,31,531
9e6a94ab-f893-486b-a4e8-110319b2c953,1d4f1fe4-7afc-4f0f-b019-c1e2b9c4d001,2024-07-26 08:12:00,2c7c0b40-21e5-4026-b405-3281a1c094fa,700,43,743
20a60f6b-fbc7-46f6-97df-cbf04116a4d0,e936075e-f265-47cf-9324-35d6187af866,2024-07-26 11:35:00,2c7c0b40-21e5-4026-b405-3281a1c094fa,400,25,425
5497040a-f37a-4a08-990e-4f45432880fd,e3d19320-c4f4-41ba-b6a0-684f4897e53d,2024-07-26 18:59:00,2c7c0b40-21e5-4026-b405-3281a1c094fa,700,43,743
3da37ea8-cd05-492a-9a46-b637d1888108,2b0dd3ef-74b8-4b6a-bd42-b747870fbd42,2024-07-26 07:52:00,2c7c0b40-21e5-4026-b405-3281a1c094fa,500,31,531
2a616cc9-abef-46b0-9a30-d6da8c8c3729,46b591a6-100d-4561-ab0e-fc8d82150821,2024-07-26 08:57:00,2c7c0b40-21e5-4026-b405-3281a1c094fa,1900,118,2018
d59a6bea-e0f1-4ffe-8dd7-5d356dc755c9,f58ade35-beb2-412f-a459-0684fedf4d28,2024-07-26 08:02:00,2c7c0b40-21e5-4026-b405-3281a1c094fa,600,37,637
29942efd-411e-43f0-a526-bbc6c95a5d6b,e9ed64ae-e9bc-49a1-956f-fb7c07e2f289,2024-07-26 07:11:00,2c7c0b40-21e5-4026-b405-3281a1c094fa,400,25,425
acb0b77b-75e7-4978-b54b-0a8ace1be06c,8cdfd70a-f030-42d1-ac6b-815aa77d768d,2024-07-26 15:22:00,2c7c0b40-21e5-4026-b405-3281a1c094fa,600,37,637
c0719883-6702-41ec-bd74-65b60c039877,58e99619-de64-48c0-adb0-1c722e1a8c04,2024-07-26 10:04:00,2c7c0b40-21e5-4026-b405-3281a1c094fa,600,37,637
09e52e8f-457b-4b8f-a604-c9acfd7b0828,ad406609-038c-4d8f-908b-29eb83eddb40,2024-07-26 08:20:00,2c7c0b40-21e5-4026-b405-3281a1c094fa,400,25,425
4f16ff87-6ce9-488a-8599-d155aee108c6,74c597ea-d195-4bd1-aa04-e427bec2fa17,2024-07-26 07:59:00,2c7c0b40-21e5-4026-b405-3281a1c094fa,500,31,531
93ce4fd1-5e90-43a2-9064-39fb446c955a,4cce8105-937e-47f6-a79a-245b6422e04f,2024-07-26 08:31:00,2c7c0b40-21e5-4026-b405-3281a1c094fa,600,37,637
01309702-5f03-4eca-ae7c-6aaa2e421f0e,2ff62908-2a68-4369-9d9c-86aa573ca4f2,2024-07-26 17:46:00,2c7c0b40-21e5-4026-b405-3281a1c094fa,1700,106,1806
beb723a4-013a-4890-ac4f-a70b3272c33d,d88640a1-b1be-4103-b8e4-b43117d8244c,2024-07-26 12:11:00,2c7c0b40-21e5-4026-b405-3281a1c094fa,400,25,425
8ba173ea-8b10-49c3-9fe3-0109a3cdf9b7,fd31aa05-c88c-426d-9cd4-1bb676a9aab0,2024-07-26 12:47:00,2c7c0b40-21e5-4026-b405-3281a1c094fa,500,31,531
bd84e2de-36f3-4c3c-ae47-db821ac7ccb8,717b775b-5eaa-463e-ba45-ac45e63cc1ca,2024-07-26 12:49:00,2c7c0b40-21e5-4026-b405-3281a1c094fa,0,0,0
5732a011-80be-48ac-bc44-b9aea4094577,33e8b867-e2fc-41c6-9a25-dee67fa2f23f,2024-07-26 10:19:00,2c7c0b40-21e5-4026-b405-3281a1c094fa,1600,100,1700
52102bba-63a2-4609-85be-08586c90fa98,290a6471-6527-42db-8a85-6452a351b89d,2024-07-26 08:44:00,2c7c0b40-21e5-4026-b405-3281a1c094fa,400,25,425
188e190b-78ed-4f0e-b544-f43a9d2cb218,f89fcee5-0944-4ab1-b8f9-7b894803324b,2024-07-26 09:12:00,2c7c0b40-21e5-4026-b405-3281a1c094fa,600,37,637
bf813174-6bf6-4d87-bcf3-07325e3d6cf3,0ddc410e-f67a-4ea5-8b59-8efea281727e,2024-07-26 07:56:00,2c7c0b40-21e5-4026-b405-3281a1c094fa,600,37,637
efc5e95a-03f5-40ed-b970-49e7c643f547,09a6f48f-08f7-4722-876e-34a69cd5afe0,2024-07-26 08:08:00,2c7c0b40-21e5-4026-b405-3281a1c094fa,600,37,637
dd2ed46a-8d4e-4972-842a-973d612f3c24,61221960-ce6c-49aa-9007-6deaee1fe79c,2024-07-26 07:45:00,2c7c0b40-21e5-4026-b405-3281a1c094fa,400,25,425
9dca22d1-75e9-4c3a-a229-39cdc41f3e31,95f8367b-c25a-481d-920e-5020e5aa6357,2024-07-26 13:01:00,2c7c0b40-21e5-4026-b405-3281a1c094fa,400,25,425
61b80c3f-8472-4271-989a-ed5b5dadfb00,9258bdcd-9fa0-41f5-9ea0-8fa72ab25157,2024-07-26 08:10:00,2c7c0b40-21e5-4026-b405-3281a1c094fa,600,37,637
ac71f16e-a577-4a77-917a-346a9c4726dc,edf93937-7467-4cbe-be92-0abc0bc28432,2024-07-26 12:30:00,2c7c0b40-21e5-4026-b405-3281a1c094fa,600,37,637
73c440d5-4f57-4946-a3f2-3f5e01c3b2e2,fa75a7cf-2ade-467f-9125-602e50dd7cda,2024-07-26 15:43:00,2c7c0b40-21e5-4026-b405-3281a1c094fa,600,37,637
71dee28d-ecbf-491d-97d4-2b70c331e3cf,fa86383d-5c05-4a18-b6eb-6f97cf794762,2024-07-26 07:45:00,2c7c0b40-21e5-4026-b405-3281a1c094fa,600,37,637
d9faec3f-c211-4518-8455-e01fad25ca6d,ed2302d8-540f-40f6-b8ba-1a50086e909b,2024-07-26 18:42:00,2c7c0b40-21e5-4026-b405-3281a1c094fa,700,43,743
43120927-a7dc-4df4-b3b6-f103a192b69b,c5456339-d567-4bfb-a8f3-aa558751c7a1,2024-07-26 08:13:00,2c7c0b40-21e5-4026-b405-3281a1c094fa,700,43,743
78461276-9ea4-4e54-9aca-d4edf82da9df,a8dd9b84-ec8e-4a39-b972-077d70029935,2024-07-26 13:51:00,2c7c0b40-21e5-4026-b405-3281a1c094fa,1200,75,1275
1cf06ed0-39e8-45c0-8998-3499c2d8c5d2,af3dc3c6-d7d9-4803-90d7-b55e79b22d76,2024-07-26 08:23:00,2c7c0b40-21e5-4026-b405-3281a1c094fa,700,43,743
37003bd9-6038-4124-b84a-c0815b8c304b,7187df43-a9cd-4d7d-9c30-f9bd4c359acd,2024-07-26 07:32:00,2c7c0b40-21e5-4026-b405-3281a1c094fa,700,43,743
a19b0759-3470-497b-a04f-3f046e1d1952,5ad9d2fc-7fb9-404c-a18e-7ef4de86de05,2024-07-26 10:24:00,2c7c0b40-21e5-4026-b405-3281a1c094fa,600,37,637
6de2075d-bf4d-4db2-93b5-e72e1494d244,d9e29bad-fb1a-4823-b64a-387f3730d778,2024-07-26 07:32:00,2c7c0b40-21e5-4026-b405-3281a1c094fa,600,37,637
db533542-9bba-48a6-accc-1c474a8ffc6c,5d522def-3044-4408-8540-042f8cff562b,2024-07-26 13:55:00,2c7c0b40-21e5-4026-b405-3281a1c094fa,1800,112,1912
b6ef688a-d38f-4682-8a20-e042676ee451,37cde76d-d177-41a0-bb0b-6c40df3f37b1,2024-07-26 07:49:00,2c7c0b40-21e5-4026-b405-3281a1c094fa,600,37,637
c544cc3e-ebdb-4a67-9187-ffd884113980,90b91ce7-46e2-4b12-baa8-2cdfa15656ea,2024-07-26 08:15:00,2c7c0b40-21e5-4026-b405-3281a1c094fa,400,25,425
1a82c70c-e485-4ed0-8cde-2a82b2e6ce0d,6580d0a6-b610-43c9-98b4-0b3a4d35181f,2024-07-26 08:14:00,2c7c0b40-21e5-4026-b405-3281a1c094fa,400,25,425
f99effc6-b304-4fdf-8e4b-a440b515ffa3,8b7c60db-4f5b-40d2-ac84-2a4e24196bd3,2024-07-26 08:09:00,2c7c0b40-21e5-4026-b405-3281a1c094fa,700,43,743
6db31b5a-fa1d-4cba-a54f-281317b23ac0,f09f4350-ea88-425f-a370-f9f2b06c63ac,2024-07-26 14:48:00,2c7c0b40-21e5-4026-b405-3281a1c094fa,1800,112,1912
df4c7628-9115-4e8a-a83d-e8c53b8c5f0d,d9f56e87-a63f-42db-a715-ecfd7c776e6c,2024-07-26 07:53:00,2c7c0b40-21e5-4026-b405-3281a1c094fa,400,25,425
a669b8f6-b435-4eb4-8db7-0d4dcb2b06c6,914a31cb-ac05-4d33-84c3-8ba56558f6fb,2024-07-26 07:27:00,2c7c0b40-21e5-4026-b405-3281a1c094fa,700,43,743
2a6823ed-5761-4e9f-9183-3f3c278a57b8,5ae067ce-c89b-429a-bfd8-835bd4f6c745,2024-07-26 13:34:00,2c7c0b40-21e5-4026-b405-3281a1c094fa,600,37,637
717f6927-2bb1-4bf8-aa42-d8d8f1ae4161,6bb09c4b-0695-44ea-abd7-b1f9ea506814,2024-07-26 13:11:00,2c7c0b40-21e5-4026-b405-3281a1c094fa,500,31,531
565bc28c-1751-4a92-9466-a6e35ecd9de7,73351b1f-87c4-4ec1-a2d3-0c7034a48f70,2024-07-26 18:20:00,2c7c0b40-21e5-4026-b405-3281a1c094fa,500,31,531
7bf6e4aa-7ee0-4150-a73b-c5fb9e83ee4f,3fd3b778-820c-446d-9461-9dfda90aa25e,2024-07-26 07:55:00,2c7c0b40-21e5-4026-b405-3281a1c094fa,400,25,425
bc44a3a7-83ed-4af8-abde-14409c3ae684,163f378a-a94c-4a9c-b6f0-53730585540a,2024-07-26 12:05:00,2c7c0b40-21e5-4026-b405-3281a1c094fa,600,37,637
8db046fe-97da-479f-8954-ed760d14e3f2,d80e2256-edee-4660-8e37-21cb670389f5,2024-07-26 10:13:00,2c7c0b40-21e5-4026-b405-3281a1c094fa,600,37,637
95c7b98a-df62-46f3-bcb4-30c3de78e0e1,6d71309e-800a-463c-80cc-de411ebe5c20,2024-07-26 11:18:00,2c7c0b40-21e5-4026-b405-3281a1c094fa,1800,112,1912
d1267504-4813-4786-b140-47069c31a208,a2a067a7-47b7-4c15-a37f-f29551998f16,2024-07-26 18:20:00,2c7c0b40-21e5-4026-b405-3281a1c094fa,1700,106,1806
af2cbafe-5714-4607-aee9-bdfdaa509432,d9731a0e-c5f3-4a28-a7b7-108045d90039,2024-07-26 13:38:00,2c7c0b40-21e5-4026-b405-3281a1c094fa,600,37,637
ff568d6c-d217-4509-8169-3298e2a2ea2f,af23a8f9-7c01-484b-948c-15c04b633ecb,2024-07-26 08:45:00,2c7c0b40-21e5-4026-b405-3281a1c094fa,600,37,637
1437bfc5-b18d-44b4-9037-0bbf15618e75,d689cb26-458f-402b-aa4a-aae632f9d57d,2024-07-26 07:48:00,2c7c0b40-21e5-4026-b405-3281a1c094fa,500,31,531
67176245-d94f-414e-bab6-8057ae856e6b,69cd8619-b557-40cd-a1a3-dfc242d7154b,2024-07-26 14:12:00,2c7c0b40-21e5-4026-b405-3281a1c094fa,600,37,637
2fea18c1-6b84-4513-98e6-11217dceed51,ec200c8d-8fb0-4370-a443-0ef74c624392,2024-07-26 07:43:00,2c7c0b40-21e5-4026-b405-3281a1c094fa,500,31,531
55dca15e-f149-4426-9f3e-f7ae78b1be80,d9cc6c50-9928-4d4f-8750-24817ff2bc24,2024-07-26 08:06:00,2c7c0b40-21e5-4026-b405-3281a1c094fa,400,25,425
925d909b-853e-40c1-b78a-b08831c98918,4d56719c-923f-4b2e-ad9b-fb3f63869a1c,2024-07-26 12:23:00,2c7c0b40-21e5-4026-b405-3281a1c094fa,1000,62,1062
c1834977-c4e4-42bf-b5e5-6cb750a7e228,cb4b008e-1007-492c-80f1-c341d3956d37,2024-07-26 12:45:00,2c7c0b40-21e5-4026-b405-3281a1c094fa,2100,131,2231
76f349a5-ef55-43a6-8c21-fecc6253f074,549648e0-135e-46c1-b6a0-42895fb5325d,2024-07-26 14:27:00,2c7c0b40-21e5-4026-b405-3281a1c094fa,700,43,743
ed5f62c8-7b08-4134-b1e6-5f9e96f2313d,128657ab-6c0f-4b68-b619-8522913ff958,2024-07-26 15:42:00,2c7c0b40-21e5-4026-b405-3281a1c094fa,700,43,743
07a56cc0-a6e0-4fe8-afd1-4922660b6084,486db919-e6fe-40eb-b3f3-154c0426a1e0,2024-07-26 15:04:00,2c7c0b40-21e5-4026-b405-3281a1c094fa,700,43,743
58d977fe-de77-4491-86f2-63fba3315060,5ef51cb8-5373-43ab-baa8-bc0bf0b1f03a,2024-07-26 07:38:00,2c7c0b40-21e5-4026-b405-3281a1c094fa,700,43,743
bf66adbf-ef8f-489c-8b07-585f1e0c827c,532ea9a3-d791-4781-9da2-01fff6161ac4,2024-07-26 14:26:00,2c7c0b40-21e5-4026-b405-3281a1c094fa,1300,81,1381
fa013585-2f34-4c26-840c-f8b3dd5a5db7,567ad296-7827-479a-904c-03986fcd533f,2024-07-26 11:59:00,2c7c0b40-21e5-4026-b405-3281a1c094fa,500,31,531
89cfd2a8-c120-4bb4-9c6f-f44f68f82895,6ccf4269-e194-462e-8c01-8c5955d6bd1c,2024-07-26 07:28:00,2c7c0b40-21e5-4026-b405-3281a1c094fa,400,25,425
da24c5bd-6755-478a-b4c3-16d886d3bb86,e3031c45-e8dc-4f53-a9d9-d3d2d6da4eab,2024-07-26 07:51:00,2c7c0b40-21e5-4026-b405-3281a1c094fa,500,31,531
10e4f9e7-d50e-437f-b800-42a4d3055ca1,c9cbb253-97c7-485c-b85f-451a18192201,2024-07-26 08:17:00,2c7c0b40-21e5-4026-b405-3281a1c094fa,400,25,425
dd16bf72-7893-45bf-8e43-f092671deb29,6baf1e46-52c6-4e6d-8297-848fe09a0a7d,2024-07-26 15:51:00,2c7c0b40-21e5-4026-b405-3281a1c094fa,2600,162,2762
8b154c6b-8e81-41fa-bc8b-f822f3a0c390,c9caa866-c448-4027-ac51-350ceb472f0a,2024-07-26 07:22:00,2c7c0b40-21e5-4026-b405-3281a1c094fa,600,37,637
bebef4f1-dbfe-4267-8991-8e3318ea3f3b,ee6f24e9-513d-4727-a83d-116c25f2ddf4,2024-07-26 09:12:00,2c7c0b40-21e5-4026-b405-3281a1c094fa,2800,175,2975
9b7683e9-efaf-4af7-91cb-7163476ed8c9,db5e3f4e-dde6-4508-91d0-251e70e0270f,2024-07-26 13:30:00,2c7c0b40-21e5-4026-b405-3281a1c094fa,1200,75,1275
c7dd7eef-4e77-4851-b264-f1b54c3bc53e,870e9d5f-72b4-4c42-a21f-7cdae3df8999,2024-07-26 08:05:00,2c7c0b40-21e5-4026-b405-3281a1c094fa,400,25,425
8baf378f-5d29-463f-9db3-561f5f19d32f,88895029-7409-4d53-bf53-9da65334592c,2024-07-26 11:15:00,2c7c0b40-21e5-4026-b405-3281a1c094fa,500,31,531
7eb3025e-df98-4cfd-a169-30302b306e21,98dd44e0-8267-41d7-9ab7-2ec70d317edd,2024-07-26 07:36:00,2c7c0b40-21e5-4026-b405-3281a1c094fa,400,25,425
57963f2b-99ff-492f-8454-7d7aadc4c475,17533317-5f2a-48ba-96e0-d717d539ddbb,2024-07-26 12:10:00,2c7c0b40-21e5-4026-b405-3281a1c094fa,1700,106,1806
127a7a59-68e9-4cbe-9777-5c80aaf0c56f,a3a3e27d-80d7-45cc-9c5a-cb1314ccedc3,2024-07-26 09:27:00,2c7c0b40-21e5-4026-b405-3281a1c094fa,500,31,531
bd8d1db6-38ad-424f-8500-972172229500,d7ea4503-e929-4df1-b257-8c8741fcf253,2024-07-26 13:35:00,2c7c0b40-21e5-4026-b405-3281a1c094fa,400,25,425
1e97027e-8e76-4ff4-bc0f-4b108be6b3ee,a6ba0baa-029e-4a9f-9825-b8af7fc606db,2024-07-26 08:46:00,2c7c0b40-21e5-4026-b405-3281a1c094fa,2300,143,2443
41ec9249-82b6-4e81-8501-184dd17aedd5,3c55c3b5-53c7-4c08-ae08-36d5c77362e5,2024-07-26 11:55:00,2c7c0b40-21e5-4026-b405-3281a1c094fa,500,31,531
afa16fdc-73ab-48d7-9df2-fa85512e1eea,add5cadc-19b7-496f-be99-3ea4577090a8,2024-07-26 11:30:00,2c7c0b40-21e5-4026-b405-3281a1c094fa,700,43,743
f435f0bc-776d-4db7-85a9-b6e640312f78,86ac6875-25e6-46a1-a433-e627e828fd82,2024-07-26 13:11:00,2c7c0b40-21e5-4026-b405-3281a1c094fa,400,25,425
1b647da1-8cef-4e27-986f-3eb691ce9daf,09a4ab63-59e2-4bb4-ad07-a754cdbbd0f1,2024-07-26 08:35:00,2c7c0b40-21e5-4026-b405-3281a1c094fa,400,25,425
9d822427-c429-45c6-9c3c-f947e3c19420,cfe721e9-2b3c-471c-ab34-165a74d750ea,2024-07-26 07:48:00,2c7c0b40-21e5-4026-b405-3281a1c094fa,400,25,425
13fea835-5e1b-4d9e-a25d-3a42621ad104,a369f7d7-177a-49e5-804f-b41b61109600,2024-07-26 08:19:00,2c7c0b40-21e5-4026-b405-3281a1c094fa,700,43,743
c861952b-9684-4a10-835e-2faf184a4db9,365d2e41-1070-4e46-8033-a297d6ef1a98,2024-07-26 07:43:00,2c7c0b40-21e5-4026-b405-3281a1c094fa,600,37,637
69940edb-ebd2-4715-9aee-643d29ee99fe,26695097-7378-4faa-9f62-d0e0664ff11e,2024-07-26 08:24:00,2c7c0b40-21e5-4026-b405-3281a1c094fa,500,31,531
7f3e0368-263f-4f28-8e01-1fc2830e945c,20cf11ec-8799-4af2-bd7a-9e7f288d535c,2024-07-26 13:27:00,2c7c0b40-21e5-4026-b405-3281a1c094fa,1100,68,1168
f675dafa-5eb7-4111-b857-506c8594053f,186384b9-43b2-44b6-8c1b-43fafd8e5e0f,2024-07-26 09:12:00,2c7c0b40-21e5-4026-b405-3281a1c094fa,500,31,531
2bb6702b-1ebb-49ad-801e-847c7133e461,d48cb31c-5a14-4389-8b0f-0d002d402ecb,2024-07-26 13:13:00,2c7c0b40-21e5-4026-b405-3281a1c094fa,1800,112,1912
6a1a768c-9595-4bb2-9bdc-7e1fa762d1a0,763902ed-d882-4eca-a0f1-0b333eb57c8d,2024-07-26 07:53:00,2c7c0b40-21e5-4026-b405-3281a1c094fa,500,31,531
4de87eda-1993-4393-af1e-5c1aec5abfde,9acce0e8-d045-4d2f-b4b2-a017e0dc7a4a,2024-07-26 16:32:00,2c7c0b40-21e5-4026-b405-3281a1c094fa,1900,118,2018
4b4f837c-3bf7-49b8-9560-50b3c493d3de,44078c2b-ff96-4411-ac21-3ac475d9f62f,2024-07-26 07:09:00,059136e5-beb1-43f4-a3fe-9cc14dd0989b,600,44,644
0223f3e6-618d-412a-908d-ad5f19d4a6e1,09e7c029-5016-4dfa-8e31-77678314c378,2024-07-26 07:13:00,059136e5-beb1-43f4-a3fe-9cc14dd0989b,400,30,430
ea9cabd5-a3bd-4db8-b0f1-3b2ec0698b32,81470d98-dacd-4700-ba0c-0c7913bef08f,2024-07-26 07:19:00,059136e5-beb1-43f4-a3fe-9cc14dd0989b,700,52,752
6b2c5733-c36a-4438-9753-b4bf6a459d3a,d0dc284e-b60f-48e9-9b8d-c12ab1d0424c,2024-07-26 08:01:00,059136e5-beb1-43f4-a3fe-9cc14dd0989b,400,30,430
2c1a5cc2-68c7-4df4-9969-2cec44b7fda5,daeb0a8d-7840-447b-bb99-8952510a6f73,2024-07-26 14:44:00,059136e5-beb1-43f4-a3fe-9cc14dd0989b,600,44,644
b9e59023-729b-400e-83f9-7cf29fa50f87,ff2da684-c201-46c5-8d08-053bd768156b,2024-07-26 15:04:00,059136e5-beb1-43f4-a3fe-9cc14dd0989b,600,44,644
237793ec-646b-4632-b325-540a884c56db,9cc660cc-7431-45e4-a363-dfdc24f40577,2024-07-26 15:18:00,059136e5-beb1-43f4-a3fe-9cc14dd0989b,600,44,644
74503892-e877-45f0-a5f8-008e7cb23275,a2c1254d-0f59-448f-ad1b-3148ddac6759,2024-07-26 13:30:00,059136e5-beb1-43f4-a3fe-9cc14dd0989b,1200,89,1289
542b9f81-4346-4d7a-ae69-f79a7488856b,72b98a5e-a9a4-46ad-b5db-be0120ecdb29,2024-07-26 08:03:00,059136e5-beb1-43f4-a3fe-9cc14dd0989b,600,44,644
c390873d-dd23-4f55-9cce-3ff30ebda83d,f8b78676-afd7-4af9-97ab-f0214590c933,2024-07-26 14:43:00,059136e5-beb1-43f4-a3fe-9cc14dd0989b,1600,120,1720
0cb8be76-7d80-40c8-898d-b600d7ff296e,4beb0ffa-7216-45d7-8f7b-56bf75262d32,2024-07-26 19:10:00,059136e5-beb1-43f4-a3fe-9cc14dd0989b,500,37,537
5f8bb16d-3845-459a-8d05-d319c61300ee,1c1ac51a-3921-40e4-a21e-99f6f6f6f01b,2024-07-26 07:41:00,059136e5-beb1-43f4-a3fe-9cc14dd0989b,500,37,537
c3ffb228-6d20-424e-b099-781282466cf9,3f40e3be-f3ab-4e84-b084-3b2f6f92b1ed,2024-07-26 07:57:00,059136e5-beb1-43f4-a3fe-9cc14dd0989b,400,30,430
910ca23b-68f4-45ae-8bf4-03dff607fb35,c8754fc3-e053-42e0-9cbd-964bf34f51f6,2024-07-26 13:21:00,059136e5-beb1-43f4-a3fe-9cc14dd0989b,400,30,430
dfdfebe5-e670-4ca3-adb7-2f5086cd8322,18b3cb0c-66bf-4610-953a-7d06de368bf4,2024-07-26 07:51:00,059136e5-beb1-43f4-a3fe-9cc14dd0989b,400,30,430
f5353808-076f-4f5a-9dbb-07921f61616f,e3f6c810-39ff-4eb4-8cc8-3700ee849ace,2024-07-26 08:00:00,059136e5-beb1-43f4-a3fe-9cc14dd0989b,400,30,430
85033929-cada-4faa-94cc-7053cf209f02,9692b46e-25c9-4e94-875e-0f631d0b3e28,2024-07-26 11:24:00,059136e5-beb1-43f4-a3fe-9cc14dd0989b,600,44,644
d9365dda-a8ac-4c73-9325-23121681768a,fbbde25c-9726-4609-bf16-18667aaf6916,2024-07-26 12:57:00,059136e5-beb1-43f4-a3fe-9cc14dd0989b,400,30,430
1a678742-d897-429b-bc62-2329b8c8c79e,2a1fde7e-ff9e-41b3-bb63-60756dd3cca3,2024-07-26 13:46:00,059136e5-beb1-43f4-a3fe-9cc14dd0989b,400,30,430
5603146e-d7ae-4aed-8e15-20de3adb54fc,f598c3f9-089b-45ed-bdf2-192ebf4b52a8,2024-07-26 07:58:00,059136e5-beb1-43f4-a3fe-9cc14dd0989b,700,52,752
19f5b581-e572-447f-90c0-03592d613a41,dd6054cf-c805-442d-9ba8-23178af8d01c,2024-07-26 08:47:00,059136e5-beb1-43f4-a3fe-9cc14dd0989b,600,44,644
a57f9c8d-3179-49ae-8a17-84934182d6a0,506e4013-8887-496e-9a04-f0e01887e821,2024-07-26 07:41:00,059136e5-beb1-43f4-a3fe-9cc14dd0989b,600,44,644
b72499ce-dc2f-4343-a1cc-3d1ab5e67b13,59c3fff8-9714-4490-bb0a-91b54d55a88e,2024-07-26 16:34:00,059136e5-beb1-43f4-a3fe-9cc14dd0989b,700,52,752
6c02716f-7cc7-4885-9be2-ef884c0eda7a,db50af94-1909-4313-988e-8695a73ed980,2024-07-26 11:59:00,059136e5-beb1-43f4-a3fe-9cc14dd0989b,700,52,752
8da2f745-c78e-498c-8897-e59c8ea48476,4127a97b-c4ac-4d92-9e5d-e067ee9437c7,2024-07-26 16:10:00,059136e5-beb1-43f4-a3fe-9cc14dd0989b,600,44,644
7c7ce89d-d2e7-4afe-b345-b1e9d2c2f0ba,286c7b1a-c254-4b5a-aed6-0b013043d54d,2024-07-26 09:29:00,059136e5-beb1-43f4-a3fe-9cc14dd0989b,2200,165,2365
40c777f4-0b2a-4dc3-babe-53c00d632130,0bd2b5e2-1051-47d3-9c88-8fe2cce0d72c,2024-07-26 07:46:00,059136e5-beb1-43f4-a3fe-9cc14dd0989b,400,30,430
c12546ce-cf53-456b-bb97-0bcdf64920bd,dce91346-49e1-4dc0-8151-0aee0146f7b0,2024-07-26 07:49:00,059136e5-beb1-43f4-a3fe-9cc14dd0989b,500,37,537
8f0da04c-56fa-4a90-bfe8-24d5b15ae4a2,44cd1c90-3e7d-45f1-b7a7-eb24f631ec62,2024-07-26 14:01:00,059136e5-beb1-43f4-a3fe-9cc14dd0989b,400,30,430
4d053e65-8cc9-4a0f-bbb7-57c34d3a1e9b,3ba06841-e0f5-4986-a061-a20a8d1a9468,2024-07-26 07:00:00,059136e5-beb1-43f4-a3fe-9cc14dd0989b,500,37,537
6d40063e-7314-4b0f-91f6-b4d7c4c1a44b,08a94312-0375-4898-8816-c527f1a9e954,2024-07-26 08:02:00,059136e5-beb1-43f4-a3fe-9cc14dd0989b,600,44,644
d31f71a4-bc48-4dd0-9fbd-2b40ae643b1f,79729105-3697-4b71-a71a-ef98faaff6e9,2024-07-26 07:46:00,059136e5-beb1-43f4-a3fe-9cc14dd0989b,600,44,644
ed465c88-6476-4ed4-b9d7-e38ab565b83e,ab9a0bd4-92b5-4830-85c6-278efca955b1,2024-07-26 14:18:00,059136e5-beb1-43f4-a3fe-9cc14dd0989b,600,44,644
014d7b08-4b3d-48e2-ba3b-9f85c01a04fc,b0307cea-2d3c-4d8b-8a8a-ff40768baf60,2024-07-26 07:12:00,059136e5-beb1-43f4-a3fe-9cc14dd0989b,400,30,430
3d3a057f-e9b7-4346-9472-296f92dffaa4,3c804db9-c8df-4b39-a554-920bb75231af,2024-07-26 08:47:00,059136e5-beb1-43f4-a3fe-9cc14dd0989b,700,52,752
1f5d88be-91b8-4402-a39b-b86aaefef7f0,f7ad63c5-7073-4979-a425-55175695dc63,2024-07-26 07:27:00,059136e5-beb1-43f4-a3fe-9cc14dd0989b,600,44,644
4f966347-90ee-4f72-847a-015011139f5c,c1cfb454-4447-43c5-a7b6-6769a6d3506e,2024-07-26 08:08:00,059136e5-beb1-43f4-a3fe-9cc14dd0989b,600,44,644
0f5475b4-3b52-4bc7-8e10-04398446a2d2,781e5cf8-ed9f-4299-a163-e6a677bbe364,2024-07-26 08:50:00,059136e5-beb1-43f4-a3fe-9cc14dd0989b,600,44,644
77a14faa-12b5-46d9-ad25-b68d4cb46f1d,050ddc48-4654-4eda-bca1-7f1fb8704f7a,2024-07-26 08:51:00,059136e5-beb1-43f4-a3fe-9cc14dd0989b,700,52,752
16ac5e60-061f-42b6-bd7e-19a77387d31a,10302e54-e659-4d7e-ac35-4df71a7d22ea,2024-07-26 18:02:00,059136e5-beb1-43f4-a3fe-9cc14dd0989b,2200,165,2365
ce6ffc3f-bd4c-44e5-9c45-da368c8f0869,004d3f7e-1e0a-4e9c-943e-982484dd3386,2024-07-26 13:11:00,059136e5-beb1-43f4-a3fe-9cc14dd0989b,400,30,430
90b4ff1f-c652-4471-a527-89048f9a1acf,2fa283a1-4467-4a1f-a6eb-da027d38ba02,2024-07-26 07:45:00,059136e5-beb1-43f4-a3fe-9cc14dd0989b,600,44,644
b690be61-e1b4-4c29-bdad-68a57967e46b,f34929ee-3e72-4a33-add6-7a7058bf05d7,2024-07-26 07:00:00,059136e5-beb1-43f4-a3fe-9cc14dd0989b,600,44,644
68772c75-59b3-4de0-85ad-5b2667a71f90,c1d77bb3-f950-455e-9f7e-6dc773482a79,2024-07-26 12:11:00,059136e5-beb1-43f4-a3fe-9cc14dd0989b,1600,120,1720
79323c7f-206c-4b69-b5b3-759120b70ab1,e785b14b-748f-4b64-9589-e822b226f9a8,2024-07-26 07:11:00,059136e5-beb1-43f4-a3fe-9cc14dd0989b,600,44,644
abafef19-45de-4753-b0b0-11272c8b23ae,23bb9204-6575-4bbb-b910-b827f247824b,2024-07-26 08:10:00,059136e5-beb1-43f4-a3fe-9cc14dd0989b,400,30,430
1e60bd9b-d1ff-4b31-868c-3663f24f6fa5,51cad696-8312-4f57-8a0b-4fbdbe11af59,2024-07-26 12:19:00,059136e5-beb1-43f4-a3fe-9cc14dd0989b,600,44,644
152ade66-2df4-43f3-a3b3-62b4149835ce,6d0c0c08-e3f5-4364-b075-cf5316e41b9f,2024-07-26 14:28:00,059136e5-beb1-43f4-a3fe-9cc14dd0989b,400,30,430
7cadf0b5-4e95-4598-887d-3a90e13154ed,7d830ecb-c405-4014-9d03-6443ad08dad7,2024-07-26 07:15:00,059136e5-beb1-43f4-a3fe-9cc14dd0989b,600,44,644
6d1227ab-714e-42b5-9753-c3e0b5fc91a2,eaf16352-4c93-41eb-abe1-239d134b93b6,2024-07-26 10:06:00,059136e5-beb1-43f4-a3fe-9cc14dd0989b,600,44,644
2b5e9f44-1bd3-409d-aaf4-6d3389592974,a72450e6-ac79-41b8-a951-c455c4256bbf,2024-07-26 08:43:00,059136e5-beb1-43f4-a3fe-9cc14dd0989b,500,37,537
c4ab0669-643a-4837-97d4-e9cc824a561b,384c7811-188d-4f66-83fb-2521b09637b5,2024-07-26 08:39:00,059136e5-beb1-43f4-a3fe-9cc14dd0989b,400,30,430
82e6e4d1-b3ff-4e0d-960a-efd4d67a2bb5,16c25ed9-359e-491e-a479-07e803146a44,2024-07-26 11:39:00,059136e5-beb1-43f4-a3fe-9cc14dd0989b,1100,82,1182
90f18422-6788-4b29-bc36-8cecf9aa260b,66284830-04a9-4d43-9b02-ef3ebd475c6b,2024-07-26 11:32:00,059136e5-beb1-43f4-a3fe-9cc14dd0989b,2600,195,2795
77aab268-f0c3-4d0a-bccf-49e695239ccc,2c5c0bb7-5aa6-4531-950e-7a90fe92b74d,2024-07-26 08:15:00,059136e5-beb1-43f4-a3fe-9cc14dd0989b,400,30,430
037ea87a-ecc3-4a34-91a6-18dc27a3bee6,79f9014a-5103-4bc1-9806-b175661422e2,2024-07-26 07:45:00,059136e5-beb1-43f4-a3fe-9cc14dd0989b,600,44,644
4befab1e-671a-4911-a7e2-158718c8811d,37c19acb-9919-48bd-a09a-1caa2a30c694,2024-07-26 13:45:00,059136e5-beb1-43f4-a3fe-9cc14dd0989b,800,60,860
a71e6fe9-e71c-493d-9b43-42a7517e54fa,c133b21a-6b80-4f3a-8b2e-43df0b4514c7,2024-07-26 08:03:00,059136e5-beb1-43f4-a3fe-9cc14dd0989b,600,44,644
8f25dc7c-9530-40f3-9a0b-2933c4b47d77,6051d0e2-7b43-4406-af46-4349d49109fa,2024-07-26 12:56:00,059136e5-beb1-43f4-a3fe-9cc14dd0989b,1200,89,1289
f37bf4c2-c7fa-429b-9a6b-b059405638e8,d0f85214-b373-4e3b-b6fc-0d50802c7e7b,2024-07-26 08:19:00,059136e5-beb1-43f4-a3fe-9cc14dd0989b,400,30,430
d1e10314-4ce6-49b7-81d6-90c797f1948f,a3ccddd5-51c9-48a7-9d7e-de5d5da704a8,2024-07-26 14:05:00,059136e5-beb1-43f4-a3fe-9cc14dd0989b,1900,142,2042
c4950a9b-e115-4963-a234-957d5cda7c3b,efebe247-224d-41d6-8094-612564a8c476,2024-07-26 09:10:00,059136e5-beb1-43f4-a3fe-9cc14dd0989b,900,67,967
bcbabc28-ce9a-4b93-9761-21944e0c067e,fe2c2d66-9698-4bbc-8733-0d8cb1b70a1f,2024-07-26 09:46:00,059136e5-beb1-43f4-a3fe-9cc14dd0989b,400,30,430
c1309f51-84a9-4485-907f-3c9285e0c535,7c3b9a4e-fe3a-42e0-9573-0a14aaf4feeb,2024-07-26 10:54:00,059136e5-beb1-43f4-a3fe-9cc14dd0989b,1200,89,1289
a20959fa-97a1-41ab-883a-771c21235bd6,d5efbc69-fc67-4f1a-87f3-30e57baf632a,2024-07-26 07:00:00,059136e5-beb1-43f4-a3fe-9cc14dd0989b,500,37,537
b37f93b3-b6a3-4886-ad6e-f492cf73b0a6,2423b39c-fa1e-458b-a033-a7d722bc372e,2024-07-26 13:46:00,059136e5-beb1-43f4-a3fe-9cc14dd0989b,600,44,644
d21b4605-dfaa-4687-95be-e9fbcadc03c1,643981ca-358e-445a-9174-e7061f452868,2024-07-26 07:44:00,059136e5-beb1-43f4-a3fe-9cc14dd0989b,600,44,644
0aecf34f-9cf4-431a-adc4-da0d3148dcb1,e14001b0-3932-4497-86c9-3d31d51b3e3e,2024-07-26 16:05:00,059136e5-beb1-43f4-a3fe-9cc14dd0989b,600,44,644
a4e6e753-d262-49e6-bc8b-cf8dd5b2c8ab,5396cc76-d8d6-42e0-9ac3-b8a36f8e9980,2024-07-26 07:06:00,059136e5-beb1-43f4-a3fe-9cc14dd0989b,600,44,644
224da73e-c77c-4bc9-8228-ee015aecab7a,76728cb5-33de-4142-bcc8-61a9a63b3a90,2024-07-26 10:26:00,059136e5-beb1-43f4-a3fe-9cc14dd0989b,500,37,537
1f73f9d6-3b25-4564-94ad-6e6023275fef,3d5cdd64-fe7e-4365-9e1d-97ee8a55f0fd,2024-07-26 08:21:00,059136e5-beb1-43f4-a3fe-9cc14dd0989b,700,52,752
d26fdc6d-304d-4536-b528-831e3d94a607,7609b18e-4057-480c-be36-78507e0021d2,2024-07-26 15:24:00,059136e5-beb1-43f4-a3fe-9cc14dd0989b,1600,120,1720
37cde1d0-2ac1-480f-8c8c-37b8447dd01d,cbe876c8-a324-4ebb-ae69-ae07df7846fd,2024-07-26 07:24:00,059136e5-beb1-43f4-a3fe-9cc14dd0989b,600,44,644
cf63b52f-2ca1-453c-8d8b-8962ae7a1392,fb44c144-83bd-423d-a48c-644991b62aa2,2024-07-26 11:48:00,059136e5-beb1-43f4-a3fe-9cc14dd0989b,600,44,644
2438b53f-0255-4a8b-a6e1-f65b391324d1,6c0e2710-0b52-41d2-b686-1142f546ec64,2024-07-26 13:54:00,059136e5-beb1-43f4-a3fe-9cc14dd0989b,1600,120,1720
3853e15e-b20f-4896-b629-0c3eac37d2e2,7bf95b47-6cc7-4454-8e8d-c6ae37383823,2024-07-26 12:40:00,059136e5-beb1-43f4-a3fe-9cc14dd0989b,400,30,430
00ad2223-3c77-45e2-bcf7-98f1e5e0d822,e34930d8-a95d-4286-b7d2-147d08008c79,2024-07-26 14:55:00,059136e5-beb1-43f4-a3fe-9cc14dd0989b,600,44,644
185e9af6-cec0-4d59-818e-d3dc389a8097,529905cf-561e-4337-9a4a-175121574488,2024-07-26 07:58:00,059136e5-beb1-43f4-a3fe-9cc14dd0989b,700,52,752
0c547dad-79a7-4c55-baa9-4eee4c156a7f,a69aab5f-d0c5-48cd-a234-59717d300573,2024-07-26 11:51:00,059136e5-beb1-43f4-a3fe-9cc14dd0989b,600,44,644
b655bb84-5a30-4143-8360-ef34ffa3cdcc,eaa58131-5fab-42f2-804b-c6ac10286bbe,2024-07-26 07:31:00,059136e5-beb1-43f4-a3fe-9cc14dd0989b,600,44,644
e1217908-fc04-4169-9ddf-c3ba32e7a5a7,478906bc-057a-41da-a756-2ab94b7817b4,2024-07-26 08:24:00,059136e5-beb1-43f4-a3fe-9cc14dd0989b,500,37,537
8342ac42-74ee-440d-980d-e565cc1d7c15,20447c53-4457-454a-92ff-187ee6461822,2024-07-26 08:25:00,059136e5-beb1-43f4-a3fe-9cc14dd0989b,600,44,644
1fdc22c8-564d-471b-bfb1-ff4624c417b2,4744369f-163d-4dd9-b650-9b94350334e7,2024-07-26 08:32:00,059136e5-beb1-43f4-a3fe-9cc14dd0989b,400,30,430
0d8563e8-ecd5-4ac2-8211-b8349bbb16ef,2c8d74ca-99fc-41ee-8373-d44d5f6b83f1,2024-07-26 16:07:00,059136e5-beb1-43f4-a3fe-9cc14dd0989b,400,30,430
8f09a220-c6de-4d12-a77f-b6c2efe2b680,ed697b2d-ca88-4faa-99a4-9c92fa1017e2,2024-07-26 13:18:00,059136e5-beb1-43f4-a3fe-9cc14dd0989b,600,44,644
ee376758-b125-41ec-b028-e9688fbe1ea4,361fcd5d-8d28-433b-abd9-c1e72a5cad2a,2024-07-26 07:58:00,059136e5-beb1-43f4-a3fe-9cc14dd0989b,600,44,644
ca2b3d49-1627-4c64-bb72-8387733c4e82,b5cb0c28-0cc6-4467-8486-0c9eb5e599c1,2024-07-26 12:57:00,059136e5-beb1-43f4-a3fe-9cc14dd0989b,600,44,644
660683f3-94a8-42a7-98e4-eed623878c49,48b85191-c0e7-4f81-96a3-d5f86031cfb9,2024-07-26 07:22:00,059136e5-beb1-43f4-a3fe-9cc14dd0989b,400,30,430
6bac4ab4-f60e-4ee0-be47-32d0db22aad7,beb70ea4-6588-41bb-9999-d1399a467f90,2024-07-26 10:07:00,059136e5-beb1-43f4-a3fe-9cc14dd0989b,2600,195,2795
ba44b8de-6674-49bb-8df6-f3191c0ba82d,3403b172-cee0-45a1-b3b0-bd780462a988,2024-07-26 08:03:00,059136e5-beb1-43f4-a3fe-9cc14dd0989b,600,44,644
49bbd317-9097-4c96-9b5d-2be4a27e888f,f1993284-9f81-43ed-be18-ebfd355bd0af,2024-07-26 08:34:00,059136e5-beb1-43f4-a3fe-9cc14dd0989b,600,44,644
74a5e6cf-d4af-468e-9b1d-f64aae64c870,525add24-e4bb-4a57-a41a-d1eb58ef9533,2024-07-26 16:31:00,059136e5-beb1-43f4-a3fe-9cc14dd0989b,1100,82,1182
8b77196b-d57d-464d-a3f8-04a0028a8796,f3770952-5a51-4000-a02e-03c4918954dd,2024-07-26 13:18:00,059136e5-beb1-43f4-a3fe-9cc14dd0989b,500,37,537
9bd5bcf9-64e2-4db2-9cb1-9d8d614fe3e1,6b830d11-3333-4049-8288-6e208d4bc7f0,2024-07-26 09:06:00,059136e5-beb1-43f4-a3fe-9cc14dd0989b,600,44,644
c12ed17b-ee9b-4c99-ab87-5a2c4b42930f,4b58cedb-94dc-439d-bb7b-7c5c75747a53,2024-07-26 13:44:00,059136e5-beb1-43f4-a3fe-9cc14dd0989b,1100,82,1182
beb37ba9-0fa8-4128-aa79-b7d1f9721013,064f11f5-7bac-4f36-84c6-4971eb44a4a8,2024-07-26 16:12:00,059136e5-beb1-43f4-a3fe-9cc14dd0989b,900,67,967
95d92009-1474-4e83-bf8f-d4d511a53c9a,84345e57-4d88-48e8-823d-ef85cbe1ebea,2024-07-26 12:51:00,059136e5-beb1-43f4-a3fe-9cc14dd0989b,400,30,430
5a9f1a9c-fab3-4142-a837-30d48022597f,40010f7f-b687-44ea-8480-833608955e88,2024-07-26 15:48:00,059136e5-beb1-43f4-a3fe-9cc14dd0989b,1900,142,2042
73bf7acc-396b-4603-9e6d-86fad000e16e,ae8150b4-56c5-4822-abcf-50b46552f222,2024-07-26 07:42:00,059136e5-beb1-43f4-a3fe-9cc14dd0989b,600,44,644
d6e43774-d69d-47e1-9b02-f99d078f71e9,4009b786-5c37-4ffe-82fe-8f1dffb7cf4a,2024-07-26 08:08:00,059136e5-beb1-43f4-a3fe-9cc14dd0989b,400,30,430
e4f1fe8e-31a8-44f9-9acf-6c32a3decf8b,a03939d5-2ed1-48c7-861f-0f54e7c51c5f,2024-07-26 07:42:00,059136e5-beb1-43f4-a3fe-9cc14dd0989b,600,44,644
27c6747c-71be-4991-b9a0-7bf6405422ce,b6432a79-8549-4e4c-8630-5a7e7781031f,2024-07-26 15:18:00,059136e5-beb1-43f4-a3fe-9cc14dd0989b,500,37,537
74d01b4d-049b-46c1-91a7-1b008210eca4,b924a733-86f7-4ff6-9d50-28a20cb80fe6,2024-07-26 14:59:00,059136e5-beb1-43f4-a3fe-9cc14dd0989b,2600,195,2795
1dece938-3f14-406e-82d1-e4ab2f34f2a7,168a6b37-3ff2-4307-8348-321ef39ada37,2024-07-26 08:31:00,059136e5-beb1-43f4-a3fe-9cc14dd0989b,600,44,644
6ab3eb25-6658-44ed-9cb6-dc963ef87a2d,827d9a15-9457-44f3-a39d-8df06d76b159,2024-07-26 12:30:00,059136e5-beb1-43f4-a3fe-9cc14dd0989b,1700,127,1827
a3e16705-bde7-492a-98de-919fb0074942,74363858-755e-4210-b5d9-830b25a965c4,2024-07-26 10:44:00,059136e5-beb1-43f4-a3fe-9cc14dd0989b,1800,135,1935
7e413eca-2580-4a12-9bbb-be7c3b06d337,0fddd792-32d9-4048-ba1f-1bca261a4a84,2024-07-26 13:22:00,059136e5-beb1-43f4-a3fe-9cc14dd0989b,700,52,752
e2aea466-faa1-40db-b3eb-f8b21b907b50,56cff385-b95f-49b9-b34f-c839e39df055,2024-07-26 14:44:00,059136e5-beb1-43f4-a3fe-9cc14dd0989b,1100,82,1182
8d518bae-9b79-4b3c-9598-95c52af4d13c,daffc59b-fd5d-48fc-a81a-311c5e0885a5,2024-07-26 10:14:00,059136e5-beb1-43f4-a3fe-9cc14dd0989b,1200,89,1289
9c996c70-c035-4837-8b22-69a73c291f50,37fc1b50-84ef-40db-b99a-64dd7281c7a7,2024-07-26 08:43:00,059136e5-beb1-43f4-a3fe-9cc14dd0989b,0,0,0
decdb2a9-eaa6-4792-9314-ac1e9c6d721a,d6015423-d5f4-48d9-8dba-5184e114d126,2024-07-26 07:54:00,059136e5-beb1-43f4-a3fe-9cc14dd0989b,600,44,644
19e4f955-5907-46fe-b1a6-a9d7640106ab,7c8432cf-6e17-4e2b-899c-0526eae11ec4,2024-07-26 11:59:00,059136e5-beb1-43f4-a3fe-9cc14dd0989b,500,37,537
73815482-5f07-4c13-a90a-833848ab6c30,187c7384-25b3-4172-bee6-99f83f02b761,2024-07-26 09:39:00,059136e5-beb1-43f4-a3fe-9cc14dd0989b,600,44,644
d513e80f-9347-4d9b-87ec-75c5ee8542e9,e5c397a4-f9c3-4d5d-956c-f4cbac6fc1e1,2024-07-26 13:25:00,059136e5-beb1-43f4-a3fe-9cc14dd0989b,400,30,430
e87d8c14-6f11-43cb-b29a-72b6a1d05cbe,f8a4f769-0195-44be-9cb4-a90210c4047e,2024-07-26 07:51:00,059136e5-beb1-43f4-a3fe-9cc14dd0989b,400,30,430
6cd23baa-5a72-474c-8160-0712b741df26,e0983e91-a701-429d-bc70-28a23527f04c,2024-07-26 09:43:00,059136e5-beb1-43f4-a3fe-9cc14dd0989b,700,52,752
eff14755-c395-4f5f-adc1-15a9cb677f41,b8a55754-7bb6-4a63-9c0d-1acd5d4d49ca,2024-07-26 11:41:00,059136e5-beb1-43f4-a3fe-9cc14dd0989b,500,37,537
0ae95e84-6b4f-481d-ab45-14ee712f426e,83872f19-552c-47b2-9fd3-4db4c2f6753f,2024-07-26 07:45:00,059136e5-beb1-43f4-a3fe-9cc14dd0989b,600,44,644
85c5c61e-4401-488b-9d52-06818a7a0d7a,26fc60b3-85e6-43e5-b371-71877025c8d1,2024-07-26 07:02:00,059136e5-beb1-43f4-a3fe-9cc14dd0989b,700,52,752
f5cf939c-72f3-4727-8317-85457f9066e3,b2bcb97e-4971-4a36-b07b-6441cb1a6192,2024-07-26 10:19:00,059136e5-beb1-43f4-a3fe-9cc14dd0989b,600,44,644
d220dd95-fd8e-41b3-8c6c-4dcc20afd227,c7fe7715-b1b6-47c4-88ca-4a2bf466a61a,2024-07-26 15:18:00,059136e5-beb1-43f4-a3fe-9cc14dd0989b,600,44,644
b0451a98-8599-46d9-93a9-ee2423e1d7e0,cf4cb81b-3231-491c-bff8-a6da05b7b93f,2024-07-26 12:22:00,059136e5-beb1-43f4-a3fe-9cc14dd0989b,700,52,752
028551b2-c7b3-4e66-9458-79f3eb5b757e,27b3d9ff-db39-4ce8-8de0-2090a7e90776,2024-07-26 08:35:00,059136e5-beb1-43f4-a3fe-9cc14dd0989b,500,37,537
21eb836c-1b80-4453-9433-55f53a3a3e07,3c7c5fb0-d621-44e5-9d08-388975ae8faf,2024-07-26 08:29:00,059136e5-beb1-43f4-a3fe-9cc14dd0989b,600,44,644
2b0fda14-5502-4414-b159-c5cefdd70f93,55a28803-2496-4e1a-84e5-f0a46aaead70,2024-07-26 10:42:00,059136e5-beb1-43f4-a3fe-9cc14dd0989b,600,44,644
b259f2a4-0980-4cc2-8ee8-7c23edfc5e5b,c1fadf94-71e8-4d09-b9b0-2af116108a24,2024-07-26 07:00:00,059136e5-beb1-43f4-a3fe-9cc14dd0989b,500,37,537
b184c5a8-c2b1-4f4d-80da-a4776d74dcaf,60c396b2-d634-4be2-9aaa-7f1a832f4305,2024-07-26 11:44:00,059136e5-beb1-43f4-a3fe-9cc14dd0989b,500,37,537
d4d8590d-4b40-4b4e-b514-315b2e2e42f0,cf1cc4db-a760-402c-8f7a-ef9892e05ee8,2024-07-26 17:17:00,059136e5-beb1-43f4-a3fe-9cc14dd0989b,1500,112,1612
5dc97367-555e-4147-a46e-918037b52c0e,2533fffb-72a8-4e71-9e5c-eda4b362c551,2024-07-26 11:44:00,059136e5-beb1-43f4-a3fe-9cc14dd0989b,600,44,644
23b2b143-1256-4f60-a127-ebf3ad9acddc,71c22f51-5140-4058-aca4-e1297f024cd1,2024-07-26 08:05:00,059136e5-beb1-43f4-a3fe-9cc14dd0989b,400,30,430
33dedbed-126d-463c-afb8-59c4882c49b4,0c903c1d-a0ab-4e8e-b1ce-e40f8f7c70ee,2024-07-26 07:04:00,059136e5-beb1-43f4-a3fe-9cc14dd0989b,1200,89,1289
0a559eb6-2ece-4a79-b55d-da175580b7cc,99e72f7b-8e9c-4403-8629-4ba314155564,2024-07-26 16:38:00,059136e5-beb1-43f4-a3fe-9cc14dd0989b,1300,97,1397
1d52fb91-84ed-4f6a-be2d-a1a82fe6dc1b,ca896e2e-2dae-438f-ac59-9b251ce53240,2024-07-26 09:57:00,059136e5-beb1-43f4-a3fe-9cc14dd0989b,400,30,430
b1b744ed-ea6f-4ace-aa91-f4a95f1cc777,7e72fe96-b013-4324-869d-caa2d564f37e,2024-07-26 08:20:00,059136e5-beb1-43f4-a3fe-9cc14dd0989b,400,30,430
245a5f23-fbe4-4780-998f-b225bdca7f63,cae7f2a7-5319-4d2d-b18c-d38b90318742,2024-07-26 12:41:00,059136e5-beb1-43f4-a3fe-9cc14dd0989b,600,44,644
28c667ea-7665-4fa1-838b-449b50e3a89f,9b42559d-e62d-4ab2-ba36-11562c60d296,2024-07-26 07:24:00,059136e5-beb1-43f4-a3fe-9cc14dd0989b,400,30,430
cb75736a-6eef-43b1-99b4-fd993801a430,f637c2f2-576f-420d-bdb7-9836d12af85a,2024-07-26 07:10:00,059136e5-beb1-43f4-a3fe-9cc14dd0989b,400,30,430
501a918d-10b5-4bbf-9745-1197cbcaa75f,0011a704-5681-4123-8dca-1af0bdc2de41,2024-07-26 07:22:00,059136e5-beb1-43f4-a3fe-9cc14dd0989b,600,44,644
3a2a242c-a970-4489-ba34-cbc93bab3449,9c3f8f66-e595-47b4-b696-2ef95c13ed39,2024-07-26 11:22:00,059136e5-beb1-43f4-a3fe-9cc14dd0989b,400,30,430
49061110-46ff-4471-b3ef-6993c5df03fd,7add3d5c-dfe4-41a7-9a61-3b9186a0f846,2024-07-26 07:00:00,059136e5-beb1-43f4-a3fe-9cc14dd0989b,500,37,537
00989a29-0352-4001-80be-01e6b242ab7a,46c2e8d7-6868-4004-8960-1f640fed6c16,2024-07-26 13:14:00,059136e5-beb1-43f4-a3fe-9cc14dd0989b,1200,89,1289
861afa9e-5969-41a5-8a57-7d20a9ea9769,b3f1fd68-97bf-448c-b555-6f57c1700866,2024-07-26 07:15:00,059136e5-beb1-43f4-a3fe-9cc14dd0989b,600,44,644
cef65f9a-49d6-47f6-b793-65dafcc00e8f,39ceb3c4-d968-4af0-8bd1-6010ee5cf91c,2024-07-26 08:52:00,059136e5-beb1-43f4-a3fe-9cc14dd0989b,500,37,537
1de3b599-7f36-4515-9b3a-b7563505756a,6156c2e5-b70a-4109-9e08-c0c9d8dd1210,2024-07-26 08:05:00,059136e5-beb1-43f4-a3fe-9cc14dd0989b,600,44,644
c229730d-980f-4e0a-93bc-45e614aabd45,1578fa35-446f-4174-9169-551e1d5edb6a,2024-07-26 07:33:00,059136e5-beb1-43f4-a3fe-9cc14dd0989b,700,52,752
98949064-0d15-4872-9e0c-2774bf225c9b,da27997d-033a-4572-9ec1-68423b3910b9,2024-07-26 14:49:00,059136e5-beb1-43f4-a3fe-9cc14dd0989b,1100,82,1182
48aa021d-10b5-4d5d-836d-2e74e4879cae,e51ff3e5-c9ac-4a9c-b8d4-2d62d04f9d59,2024-07-26 11:10:00,059136e5-beb1-43f4-a3fe-9cc14dd0989b,600,44,644
2ae4b231-59fe-4dd1-b175-8337630eb50f,63358e1d-e741-46a1-a85b-f5b455bf59d4,2024-07-26 07:25:00,059136e5-beb1-43f4-a3fe-9cc14dd0989b,600,44,644
9db508fb-f951-45c1-b675-fe7cd13324d1,6f1a267d-6197-403b-bea9-2d3f5f9665ae,2024-07-26 09:43:00,059136e5-beb1-43f4-a3fe-9cc14dd0989b,700,52,752
e43db9bc-72d0-4a65-aa92-51aeed0a27db,ec31d820-7060-4567-9f40-46916bc49255,2024-07-26 15:59:00,059136e5-beb1-43f4-a3fe-9cc14dd0989b,800,60,860
ef4a2643-597b-48e9-bae9-d1c393656469,37a5320c-de51-4a39-8c68-2ff5e37f7a0a,2024-07-26 10:26:00,059136e5-beb1-43f4-a3fe-9cc14dd0989b,700,52,752
efecbd3e-b446-49d6-9482-e19fa0e1ac02,879873ef-7ee7-45d1-a0f8-3ab1ff52b1de,2024-07-26 07:55:00,059136e5-beb1-43f4-a3fe-9cc14dd0989b,700,52,752
412b41f1-a498-4588-bb9f-75eea1486da5,2e3f8a56-2251-44a8-8599-fc4cbd175ecb,2024-07-26 16:20:00,059136e5-beb1-43f4-a3fe-9cc14dd0989b,1200,89,1289
805ceca4-2934-466f-9a41-9b599a9339fc,24d003ab-ccb6-4065-91b7-bbca21bc21f8,2024-07-26 10:28:00,059136e5-beb1-43f4-a3fe-9cc14dd0989b,600,44,644
4b486c57-d58b-40e1-8097-0e94f5125fd0,757ad23d-2490-44ac-8683-ac603986068b,2024-07-26 08:05:00,059136e5-beb1-43f4-a3fe-9cc14dd0989b,500,37,537
ee1b20fb-b572-43ce-818f-623d970cdfff,8e41ce23-0858-4778-bac4-f113515f4409,2024-07-26 07:41:00,059136e5-beb1-43f4-a3fe-9cc14dd0989b,600,44,644
ba09b9a6-3fa8-496d-b89b-75d0165da51e,5557ee9c-aeb5-4267-9fc0-6430874d3a0c,2024-07-26 09:53:00,059136e5-beb1-43f4-a3fe-9cc14dd0989b,1500,112,1612
c2ca8a8f-8a68-4d8a-9990-c0ae63f759ce,987ded3d-0eb7-4546-9a65-073dfc15621f,2024-07-26 08:19:00,059136e5-beb1-43f4-a3fe-9cc14dd0989b,400,30,430
c92a1333-7649-4d34-92b0-598243926f7c,71226ce1-aac0-48fa-b99b-05a4ab69dde7,2024-07-26 07:46:00,059136e5-beb1-43f4-a3fe-9cc14dd0989b,700,52,752
26363072-f2bc-4a8a-8027-7be6fb6296ad,83cd5e82-fcef-4b1a-9a26-3889abd99ee9,2024-07-26 08:11:00,059136e5-beb1-43f4-a3fe-9cc14dd0989b,500,37,537
420fe7ff-6fc3-49b0-971b-4e6b9ec502c1,41c9f26f-ad03-4bb6-b0c8-6c4754d887fc,2024-07-26 12:00:00,059136e5-beb1-43f4-a3fe-9cc14dd0989b,700,52,752
97e03fd3-684e-4ce4-b35f-c5247ba1dbbf,bbd60ac7-5fef-454b-aabb-66031f4a499d,2024-07-26 08:00:00,059136e5-beb1-43f4-a3fe-9cc14dd0989b,600,44,644
7e381411-fcab-4634-99c3-d5ecaa702528,7a117ba4-34c0-4a2b-8950-ef18771fe5c7,2024-07-26 10:03:00,059136e5-beb1-43f4-a3fe-9cc14dd0989b,600,44,644
37dec167-cf48-42e2-b4d8-9f3e684f3aa0,e7cb0957-3b8a-4d78-807e-241cdafaf2a3,2024-07-26 14:46:00,059136e5-beb1-43f4-a3fe-9cc14dd0989b,2400,179,2579
f52446bd-a744-4ea5-af2e-a2ff584f7a82,df8e1c87-b450-4bdb-bb3d-982138f86dbf,2024-07-26 08:16:00,059136e5-beb1-43f4-a3fe-9cc14dd0989b,500,37,537
e167443f-5544-491e-902b-0c04f4126951,28bd6a31-b941-4df4-92da-9da703597e5b,2024-07-26 07:52:00,059136e5-beb1-43f4-a3fe-9cc14dd0989b,700,52,752
072037f0-ff49-41aa-9e26-131ed7daf1f3,f813d86e-8dfa-492e-8e09-ac432110ec41,2024-07-26 13:58:00,059136e5-beb1-43f4-a3fe-9cc14dd0989b,600,44,644
034a048b-5e56-4558-8ebc-8cc77d93e247,562a2cec-caac-4d07-918b-b4c60e4b1505,2024-07-26 07:41:00,059136e5-beb1-43f4-a3fe-9cc14dd0989b,700,52,752
7277f255-a696-4e70-b8da-147217473d95,bfaa418f-dc55-4a58-baf3-ae68dd84beb5,2024-07-26 07:48:00,059136e5-beb1-43f4-a3fe-9cc14dd0989b,500,37,537
75ee2821-dacc-4987-96c9-f87d3c8b0d22,c0baed56-16e4-4b70-8dc9-4cd5328cae45,2024-07-26 07:17:00,059136e5-beb1-43f4-a3fe-9cc14dd0989b,500,37,537
50af0e9e-899a-4bb4-ab8d-48a6e4985ebf,48874e5a-841e-48de-9ca3-cd2a04a84721,2024-07-26 10:40:00,059136e5-beb1-43f4-a3fe-9cc14dd0989b,600,44,644
c8f53891-96f0-4420-b102-393e676db172,f27c6496-674b-4200-bd45-ebe8b15fb7dc,2024-07-26 14:39:00,059136e5-beb1-43f4-a3fe-9cc14dd0989b,1200,89,1289
3a3ba5b7-af3e-4d20-b281-89001ac59f8a,5702df61-b819-4715-bb9e-ab49fcca2190,2024-07-26 07:47:00,059136e5-beb1-43f4-a3fe-9cc14dd0989b,700,52,752
a0d3c0bf-0890-44ad-a4c9-8dbde618c457,4b93879c-0737-40dd-b938-754c1fbf0384,2024-07-26 07:00:00,059136e5-beb1-43f4-a3fe-9cc14dd0989b,1700,127,1827
bf4ebf12-c89a-4745-beb0-513da6889370,20a41bf6-7092-4e8e-82b9-8df54688b057,2024-07-26 11:34:00,059136e5-beb1-43f4-a3fe-9cc14dd0989b,600,44,644
9ca65a27-247c-4fed-9fae-ad2716d0f798,5ff6898e-6fbe-41b2-abb0-7bdf107eeb3b,2024-07-26 07:25:00,059136e5-beb1-43f4-a3fe-9cc14dd0989b,600,44,644
b31f62ab-44e2-4499-aea7-1caca651662f,4b9e45a3-6ebf-4492-a4ea-834b7143f962,2024-07-26 17:33:00,059136e5-beb1-43f4-a3fe-9cc14dd0989b,1800,135,1935
e123dfb9-72f1-4888-ba13-7710863afc01,d5ed11cf-a7a8-48e0-8db6-b53ea2b4215b,2024-07-26 07:00:00,059136e5-beb1-43f4-a3fe-9cc14dd0989b,600,44,644
8ab3cdf2-eb7c-4e6c-90b3-73f316c94ff4,4d6aa9ce-769b-41ba-93f7-fd93ac143e2e,2024-07-26 13:36:00,059136e5-beb1-43f4-a3fe-9cc14dd0989b,2400,179,2579
71b28eea-d11f-46d2-8c97-16b851f6c666,4cb59264-ffcc-452a-8b0e-82b2d93a13f8,2024-07-26 16:30:00,059136e5-beb1-43f4-a3fe-9cc14dd0989b,900,67,967
4fa2e8df-4846-4cc8-8559-087a3d1820f4,69b261e6-ada0-48de-94b4-7449a7e44a5f,2024-07-26 08:48:00,059136e5-beb1-43f4-a3fe-9cc14dd0989b,400,30,430
3e9ab51a-ce4d-41c0-b246-5ed520072b2f,5b7ca844-231c-4062-ac6a-4b3b609e5c76,2024-07-26 08:45:00,059136e5-beb1-43f4-a3fe-9cc14dd0989b,700,52,752
7b37f3e1-97b0-46f5-97e2-a865f7a01520,4f346960-fad5-45cb-b2fb-aa2c25662998,2024-07-26 16:46:00,059136e5-beb1-43f4-a3fe-9cc14dd0989b,700,52,752
a0a8d8c7-0e29-49c1-8da9-7cae34cfc9e4,ab97f3ac-1614-471d-82d6-66432507cd64,2024-07-26 07:30:00,059136e5-beb1-43f4-a3fe-9cc14dd0989b,600,44,644
1ec75231-da30-4757-a83d-287dbc1afcaf,07a8b0a6-f708-4fe2-93b6-21978691ae73,2024-07-26 08:24:00,059136e5-beb1-43f4-a3fe-9cc14dd0989b,600,44,644
0eca92be-e9e0-4836-9178-da7d99f355ae,8a23372e-fab4-4779-8f74-6f8a0f73b768,2024-07-26 09:33:00,059136e5-beb1-43f4-a3fe-9cc14dd0989b,2600,195,2795
b4d11a98-05e1-40e7-b27a-c171c74dd9be,34d82b57-4819-4794-9ca9-ea6574b20771,2024-07-26 07:39:00,059136e5-beb1-43f4-a3fe-9cc14dd0989b,600,44,644
dc54db8b-b591-4298-91d1-aafd2e604847,e6e521f9-4263-4abe-8cb3-3aec564ed17b,2024-07-26 07:59:00,059136e5-beb1-43f4-a3fe-9cc14dd0989b,500,37,537
54934c4b-05d0-49eb-9bb2-d3fd76febd76,0b4f304d-8026-4f2c-a91f-b3a7b61b8413,2024-07-26 10:42:00,059136e5-beb1-43f4-a3fe-9cc14dd0989b,600,44,644
2f5b6ed0-134d-44bf-b41a-5706209918b4,d7f9570e-4b88-4892-aee5-c747cf0505ce,2024-07-26 07:38:00,059136e5-beb1-43f4-a3fe-9cc14dd0989b,400,30,430
142541f2-f6d0-4e7e-82c4-b1ecff3ad677,63179edd-cb4d-4c8a-83a4-01a0da3bb534,2024-07-26 15:57:00,059136e5-beb1-43f4-a3fe-9cc14dd0989b,1900,142,2042
ae174daf-c640-47bf-b899-6eb48f05513d,56efbcd8-63c0-44d5-8879-81f6a4ae9706,2024-07-26 07:52:00,059136e5-beb1-43f4-a3fe-9cc14dd0989b,400,30,430
31f4c77d-0031-474f-9e57-fb9443197198,63c89071-7a92-40d7-b793-900c47a5567d,2024-07-26 07:20:00,059136e5-beb1-43f4-a3fe-9cc14dd0989b,600,44,644
fc22b936-b5b2-429d-9e7c-36dff27b6750,34fbe879-d0cc-45b7-bf6b-da9542a4246f,2024-07-26 08:42:00,059136e5-beb1-43f4-a3fe-9cc14dd0989b,400,30,430
63a5303f-44c6-485c-bf93-7d1e212c560a,3ad06998-11c6-4642-bd7b-e7455a4d6da5,2024-07-26 10:10:00,059136e5-beb1-43f4-a3fe-9cc14dd0989b,700,52,752
629264b4-0951-4f42-97d9-6f5b2b43ff69,e8f1ac4f-82cd-44e6-9177-0af3eda24435,2024-07-26 13:59:00,059136e5-beb1-43f4-a3fe-9cc14dd0989b,600,44,644
dee40450-49a1-4eb6-b8e0-0b6454031502,3a515aa3-68cd-44aa-aace-5182631c4705,2024-07-26 10:13:00,059136e5-beb1-43f4-a3fe-9cc14dd0989b,500,37,537
f7f7d9a7-32ab-4dd6-9158-82e51a5b45af,1c40cde4-4c0a-4cc5-8eaa-78b7d34c58eb,2024-07-26 07:28:00,059136e5-beb1-43f4-a3fe-9cc14dd0989b,600,44,644
a6c2f032-882c-4256-926e-221f89f6d4dc,416ddd70-f0ad-4d6c-8d08-827ca7466f48,2024-07-26 08:18:00,059136e5-beb1-43f4-a3fe-9cc14dd0989b,500,37,537
c68a750f-b5f8-4dd3-ad49-d3d881efaa73,6a0e68f2-fede-4f45-b3f8-b0325978c2a8,2024-07-26 08:12:00,059136e5-beb1-43f4-a3fe-9cc14dd0989b,600,44,644
7b649b2c-ced7-4aa5-ad8a-fa2afe743d19,d6e7ed2a-93ac-4751-a20d-44a68642f9a7,2024-07-26 16:59:00,059136e5-beb1-43f4-a3fe-9cc14dd0989b,400,30,430
1c7a1774-1fba-4ffd-a51a-6eee4cb0326e,080b2366-0a35-4def-ac8c-f7d8ddbc407d,2024-07-26 07:46:00,059136e5-beb1-43f4-a3fe-9cc14dd0989b,700,52,752
f25fc5eb-d3b8-4e22-8852-0af0581ab92b,98136fa4-c411-4fb7-9bed-a26308bbdf32,2024-07-26 07:57:00,059136e5-beb1-43f4-a3fe-9cc14dd0989b,600,44,644
76cf18d6-f39e-485d-baf1-fcff665ad0e1,fa8db2f2-318b-4fc3-b288-2523bddf013d,2024-07-26 12:08:00,059136e5-beb1-43f4-a3fe-9cc14dd0989b,500,37,537
ad0eb21e-375b-42d4-b973-2b87ff63aa35,3161ca22-7e0d-46c4-bfb0-c93e62c46ea8,2024-07-26 08:45:00,059136e5-beb1-43f4-a3fe-9cc14dd0989b,500,37,537
f3744a63-5848-49d3-88bd-e0a0b033f503,82f6eacc-b18b-4dec-b170-5510d706e698,2024-07-26 07:08:00,059136e5-beb1-43f4-a3fe-9cc14dd0989b,700,52,752
76761a8f-2d05-4edb-8215-1fc9edd6de24,f3f341b2-c96e-47ce-85ed-17b514090f1f,2024-07-26 12:35:00,059136e5-beb1-43f4-a3fe-9cc14dd0989b,1100,82,1182
e1f7cc2a-4f2b-4075-b40f-47cb115a53ee,e1ae5473-912b-494f-b4e4-c4323ccb5509,2024-07-26 08:41:00,059136e5-beb1-43f4-a3fe-9cc14dd0989b,600,44,644
2b3d7b39-9a6a-4eef-9a9b-f3b481e0d2c6,2dad54bc-4a80-410c-b92d-40030696b367,2024-07-26 18:33:00,059136e5-beb1-43f4-a3fe-9cc14dd0989b,5100,382,5482
737697f4-3701-4a35-8060-8e5d8eb8ec48,335ffb1e-5b15-4ad8-bee9-60b00b39f402,2024-07-26 08:20:00,059136e5-beb1-43f4-a3fe-9cc14dd0989b,400,30,430
a3292d93-68fe-4366-9ccc-0afbf23f176d,3186b251-cfbc-4073-883d-2d622bb79b96,2024-07-26 08:20:00,059136e5-beb1-43f4-a3fe-9cc14dd0989b,400,30,430
0e483eba-1e41-482f-85ee-e94290828c23,ff548053-cb32-4f33-ada3-42db8f5e72d1,2024-07-26 14:38:00,059136e5-beb1-43f4-a3fe-9cc14dd0989b,600,44,644
85c347ca-f6a4-46b6-88be-303fd596e3be,0f5a922a-5641-4941-b276-2b3448dd706f,2024-07-26 08:28:00,059136e5-beb1-43f4-a3fe-9cc14dd0989b,600,44,644
9d544a7d-5262-4956-ac15-6c83a6eb6f70,d40f4cac-3dde-4451-ae26-8817fa0ac508,2024-07-26 07:07:00,059136e5-beb1-43f4-a3fe-9cc14dd0989b,500,37,537
a2571b44-2011-4bff-a407-f9933c214132,ba528372-7be1-417a-8bd9-8b0cfc73b7a3,2024-07-26 13:58:00,059136e5-beb1-43f4-a3fe-9cc14dd0989b,1700,127,1827
dcc891cb-3bd0-4d1c-9bf9-0d8c942ecbad,da5cd671-cf27-4151-8076-5b2369981a8a,2024-07-26 08:00:00,059136e5-beb1-43f4-a3fe-9cc14dd0989b,600,44,644
7993f2a3-3772-4ead-9c00-2fffbf945753,cf2886d3-4bb9-425f-9842-f6ab89f29851,2024-07-26 07:50:00,059136e5-beb1-43f4-a3fe-9cc14dd0989b,600,44,644
23c1feeb-0a3f-42bd-b42b-6ce071a27e6a,8afd022f-4b28-4638-856c-b2eb7da37530,2024-07-26 11:29:00,059136e5-beb1-43f4-a3fe-9cc14dd0989b,500,37,537
333998f0-862e-4d2a-958c-081abfd21d26,a0d40ec8-67bf-4a0a-acba-00984f72b96a,2024-07-26 13:58:00,059136e5-beb1-43f4-a3fe-9cc14dd0989b,500,37,537
829487f4-1ba7-44f4-a96e-137921b656be,c001075b-b254-41b1-9251-e429aff98318,2024-07-26 13:07:00,059136e5-beb1-43f4-a3fe-9cc14dd0989b,600,44,644
217e6bc2-25f4-48b8-90e3-baede5d59481,99cd74d7-57ce-4af8-b7ce-2b0f74150ded,2024-07-26 13:18:00,059136e5-beb1-43f4-a3fe-9cc14dd0989b,500,37,537
92dfe8ee-469f-466f-81fa-29159fbafb42,9929ce1c-11c1-48d6-936f-562518640d5c,2024-07-26 13:11:00,059136e5-beb1-43f4-a3fe-9cc14dd0989b,500,37,537
31e435e9-4934-4731-88b3-1229c9efa728,537f56af-b73f-4cd3-90e9-5901fb0cf6e1,2024-07-26 08:35:00,059136e5-beb1-43f4-a3fe-9cc14dd0989b,600,44,644
75527a1a-3a28-4f31-b042-65cb71257c92,deca356d-a271-49eb-a57e-cefebda03b0d,2024-07-26 08:27:00,059136e5-beb1-43f4-a3fe-9cc14dd0989b,400,30,430
481a9ed9-1c48-4636-9029-f92bb767cf29,cb93f4d2-85c6-416a-9d28-2ebba8219fc2,2024-07-26 07:47:00,059136e5-beb1-43f4-a3fe-9cc14dd0989b,500,37,537
5fc8713e-4e53-4fc6-b46b-e2e59bd0f08c,65587b67-2db3-4f9e-9532-5a8b5168baeb,2024-07-26 10:53:00,059136e5-beb1-43f4-a3fe-9cc14dd0989b,1100,82,1182
6817a529-3da6-4b83-8274-7879aa1e2e69,cc1c106c-69ef-44a0-86c1-76735e4e07ed,2024-07-26 07:42:00,059136e5-beb1-43f4-a3fe-9cc14dd0989b,1200,89,1289
6603f9ba-96da-4ea3-8e4a-eeb4c9f4448a,646780ab-c1fe-4d83-84c6-3a20021869b8,2024-07-26 13:33:00,059136e5-beb1-43f4-a3fe-9cc14dd0989b,600,44,644
78f6fee6-3cbf-41a8-b158-eac2204e3200,5a85894e-8877-4fe8-abc7-25ee8d4f3683,2024-07-26 07:56:00,059136e5-beb1-43f4-a3fe-9cc14dd0989b,700,52,752
b939643b-9ce7-47f2-a027-6cade1dc2687,145a1598-5bd8-4864-b1bc-7daefb193a28,2024-07-26 10:57:00,059136e5-beb1-43f4-a3fe-9cc14dd0989b,600,44,644
94d921cf-6a2c-43dc-ac01-ddf282c6f45d,ff167039-ce55-49a9-a653-d00a88d17fc9,2024-07-26 14:21:00,059136e5-beb1-43f4-a3fe-9cc14dd0989b,600,44,644
2aa61a86-6e58-46d2-970a-d5686758b192,3cd5fd88-7f74-4f00-bf62-641e6d5c8743,2024-07-26 08:54:00,059136e5-beb1-43f4-a3fe-9cc14dd0989b,600,44,644
eedd7d24-f8d9-4707-8873-6ea18920d7e2,525b7cde-507b-42ab-9ca4-f010a9e8de28,2024-07-26 08:55:00,059136e5-beb1-43f4-a3fe-9cc14dd0989b,500,37,537
ac817751-2c5c-42f0-80dd-ac07f49435ba,44224fd5-b92c-4619-9508-d36631045e8a,2024-07-26 11:27:00,059136e5-beb1-43f4-a3fe-9cc14dd0989b,1100,82,1182
500e1c04-3bc7-41a8-919b-7e81679434f3,62f4378e-2f4d-428a-ab62-b2c3950af0f0,2024-07-26 12:53:00,059136e5-beb1-43f4-a3fe-9cc14dd0989b,700,52,752
6ca1380e-8b3b-4649-bb1e-05a519e87a16,35b4c9ee-b015-4921-8fb3-e18d94ba2acf,2024-07-26 08:46:00,059136e5-beb1-43f4-a3fe-9cc14dd0989b,600,44,644
412986f3-d866-4b0a-81c5-71e7f66e6bc3,c1acbc40-5acf-4438-a21b-2b260df6a4bb,2024-07-26 08:01:00,059136e5-beb1-43f4-a3fe-9cc14dd0989b,600,44,644
d78d1097-0a60-4e89-a87d-82df96f1ce4e,29272c1d-470c-4452-b97c-2666adaaa2f1,2024-07-26 12:17:00,059136e5-beb1-43f4-a3fe-9cc14dd0989b,2000,150,2150
dce3e39b-2ce7-4a8f-bbbc-3bbd9c1577c8,eb946b01-b4e4-4e83-921f-8bdfa6bf8779,2024-07-26 08:11:00,059136e5-beb1-43f4-a3fe-9cc14dd0989b,500,37,537
dd5c5107-fd03-4ae4-a433-fb956c2a72ff,081fc5fe-a7fa-4c01-91bc-e6a535fc566e,2024-07-26 14:20:00,059136e5-beb1-43f4-a3fe-9cc14dd0989b,1200,89,1289
8a70b4c5-c3c5-495c-94a2-ed6ca3c6d911,179447a8-7285-4bb4-a34a-03071446d270,2024-07-26 07:46:00,059136e5-beb1-43f4-a3fe-9cc14dd0989b,600,44,644
b66f8aed-d68c-4643-92ac-79d1f3e6a6da,3cd1d06f-f125-41ef-9dc7-06e1953a097b,2024-07-26 12:47:00,059136e5-beb1-43f4-a3fe-9cc14dd0989b,400,30,430
5f647764-e98d-4475-bb29-965659d3cdd8,508ad1fb-30cb-4403-a945-efca555fc603,2024-07-26 15:21:00,059136e5-beb1-43f4-a3fe-9cc14dd0989b,600,44,644
1dbf66ea-14bf-454b-a86a-22c424f1ce8e,c67e5298-2e23-483d-9271-f3a407d60b98,2024-07-26 08:39:00,059136e5-beb1-43f4-a3fe-9cc14dd0989b,600,44,644
38539f42-3398-468b-8a52-6a3c11485ff6,7881f065-465b-4e32-a7e5-688fb2bbb84e,2024-07-26 07:43:00,059136e5-beb1-43f4-a3fe-9cc14dd0989b,400,30,430
3c510ab0-a267-4151-b938-d3fb03984c3e,ec70abb1-0f2b-4f84-8df9-c07a3d01ce2d,2024-07-26 07:46:00,059136e5-beb1-43f4-a3fe-9cc14dd0989b,700,52,752
aaa2a3a8-5f1d-4d7f-a99e-12b633a9e610,4bc8d1b3-b47e-4bb4-8531-37a7694b301a,2024-07-26 08:21:00,059136e5-beb1-43f4-a3fe-9cc14dd0989b,400,30,430
804b0f4b-73dc-43a2-a724-775f847677b6,cfbb01a6-b92f-49e8-b0ad-73c464ec17b0,2024-07-26 08:26:00,059136e5-beb1-43f4-a3fe-9cc14dd0989b,500,37,537
11dc1da8-b8f4-4b68-bf2e-162ad8dd61f9,458069c2-357c-48d5-838d-618b3c991344,2024-07-26 17:22:00,059136e5-beb1-43f4-a3fe-9cc14dd0989b,1300,97,1397
1d7f0f9e-881c-4ce4-ba2f-04fc625ddff5,6760fa7e-0ff8-4391-bc15-ebc006f502a7,2024-07-26 10:39:00,059136e5-beb1-43f4-a3fe-9cc14dd0989b,700,52,752
3794affe-f52e-4dfb-8e5a-788cd24844cd,78fdcf56-3a2e-4c02-b8c1-2268dc126226,2024-07-26 13:20:00,059136e5-beb1-43f4-a3fe-9cc14dd0989b,2500,187,2687
3742de5b-a6e9-43f3-b979-0a2b1bae0f9e,b933b8d1-2777-4f0a-a2da-d98923e7b020,2024-07-26 11:02:00,059136e5-beb1-43f4-a3fe-9cc14dd0989b,400,30,430
33aa212c-9cdf-4bc2-8097-fc73bd451626,c94f282d-c27f-43b3-9a37-89551f87c760,2024-07-26 08:14:00,059136e5-beb1-43f4-a3fe-9cc14dd0989b,700,52,752
7f391bb0-401f-495f-b4e0-4ad955cf147a,223b2d25-636a-4e2e-af36-e18af1f6ede8,2024-07-26 15:13:00,059136e5-beb1-43f4-a3fe-9cc14dd0989b,500,37,537
afbed71b-e8f7-4760-ad7f-2fa67af7ae51,8031e143-2b42-4f78-ab00-4368a3dd4e0f,2024-07-26 15:00:00,059136e5-beb1-43f4-a3fe-9cc14dd0989b,500,37,537
0e7b1971-c154-4f23-b5da-506e63795613,01ebacae-f8e9-436f-8ae1-8a621be9f5e5,2024-07-26 09:59:00,059136e5-beb1-43f4-a3fe-9cc14dd0989b,1700,127,1827
21b03ba0-3777-443a-9a9e-144ecc7cbbd0,b8f59e83-f045-498d-8359-f97af9a52e2a,2024-07-26 12:26:00,059136e5-beb1-43f4-a3fe-9cc14dd0989b,600,44,644
9bc54dff-0987-4e07-bd1a-4f9ab140b137,48a627c0-ee76-49ed-a973-831b71164cf6,2024-07-26 07:45:00,059136e5-beb1-43f4-a3fe-9cc14dd0989b,500,37,537
92248a95-8b13-47ee-8d55-249f6a18a41b,8437dbcc-d837-403b-93dd-6b6b89046f67,2024-07-26 07:01:00,059136e5-beb1-43f4-a3fe-9cc14dd0989b,400,30,430
7db5f12f-d247-4bd4-a3b1-5320f29a4531,b6b3e2f5-352e-401a-967f-e80b22835181,2024-07-26 07:45:00,059136e5-beb1-43f4-a3fe-9cc14dd0989b,600,44,644
264a4130-2cbc-4e11-809c-0b51e8a25532,be772447-4e61-4f84-aaf4-1631d43476f6,2024-07-26 12:23:00,059136e5-beb1-43f4-a3fe-9cc14dd0989b,700,52,752
2e9bd321-d19a-4ca1-aa88-9e1f4e847f08,9ed84a6c-24d1-4a91-91d7-7e3b9667fb75,2024-07-26 13:16:00,059136e5-beb1-43f4-a3fe-9cc14dd0989b,600,44,644
85162bbd-81fe-4f6d-86a1-5af9bac167f0,5c367221-1359-47c9-87cb-44b94201fe2d,2024-07-26 09:53:00,059136e5-beb1-43f4-a3fe-9cc14dd0989b,1200,89,1289
f6413659-b763-40fd-984f-210ed7bc3599,9f4289a0-4b05-47f1-b00d-68800d9fe2ef,2024-07-26 11:22:00,059136e5-beb1-43f4-a3fe-9cc14dd0989b,700,52,752
9427cf5a-ee84-4b24-b871-5d3e9849d782,80cfee9e-8280-492a-b735-a3d2118003c1,2024-07-26 13:24:00,059136e5-beb1-43f4-a3fe-9cc14dd0989b,500,37,537
aa33d8d0-9a5a-474c-bf7b-b358d596606c,86342a05-6726-4583-98d2-568fa9bcb114,2024-07-26 14:03:00,059136e5-beb1-43f4-a3fe-9cc14dd0989b,1900,142,2042
3b8f9f0c-8876-425a-8ec2-e44a3801d1d2,95d94379-7e44-44b8-869c-b0c1a76573f9,2024-07-26 08:25:00,059136e5-beb1-43f4-a3fe-9cc14dd0989b,600,44,644
07c574a6-06a7-4c8c-9572-ffa57166fec5,0a79873f-dfaf-4351-b871-82923dc405c3,2024-07-26 12:39:00,059136e5-beb1-43f4-a3fe-9cc14dd0989b,1800,135,1935
cbdd7d83-0b8f-4d51-ae2a-68bf76b75f0a,bf526f3f-3326-4dee-a147-afdb0b21f9d0,2024-07-26 08:07:00,059136e5-beb1-43f4-a3fe-9cc14dd0989b,600,44,644
4c28724c-f64c-4aed-9631-dd3dac92fcd1,54896ad7-a568-4185-8256-e3d170c8f235,2024-07-26 12:30:00,059136e5-beb1-43f4-a3fe-9cc14dd0989b,1100,82,1182
a8256a47-6622-4b72-bfca-e4a8a41222af,980904e6-1f3f-4d1c-9941-bf341f315e6e,2024-07-26 07:58:00,059136e5-beb1-43f4-a3fe-9cc14dd0989b,400,30,430
3459c0ac-cf3a-4c03-bc5b-17c3efc49340,61658487-1dbc-4dfc-bb5e-cc6862adf39a,2024-07-26 08:02:00,059136e5-beb1-43f4-a3fe-9cc14dd0989b,500,37,537
2dff4188-18bd-4d21-acd0-9d811a701df5,1ab259b8-43b5-44cd-b62a-a043943be6be,2024-07-26 12:09:00,059136e5-beb1-43f4-a3fe-9cc14dd0989b,4600,345,4945
31a652f4-00ab-4be6-aea9-33bd082fec47,35b0a6b4-27a7-4ce4-99e7-e6a4e3bc0deb,2024-07-26 14:25:00,059136e5-beb1-43f4-a3fe-9cc14dd0989b,500,37,537
7c6924e6-3f2f-498e-b50d-1ba58ab7a02d,71febbc1-2d32-460b-adee-3fe28d05d862,2024-07-26 08:03:00,059136e5-beb1-43f4-a3fe-9cc14dd0989b,600,44,644
a451f583-2375-4014-8c6a-d0dab99891b3,1983b588-cc8c-4486-9324-15dde1e28b95,2024-07-26 08:31:00,059136e5-beb1-43f4-a3fe-9cc14dd0989b,600,44,644
a5867be1-941b-46ed-ab6e-370816db36e4,f9235efd-9086-44e7-9a3e-6690eacebd47,2024-07-26 07:32:00,059136e5-beb1-43f4-a3fe-9cc14dd0989b,400,30,430
83edee5c-d508-48e6-8783-628c447a8f2a,9af6a279-c409-4cf3-bd2f-3d6af0389baf,2024-07-26 12:41:00,059136e5-beb1-43f4-a3fe-9cc14dd0989b,400,30,430
875ddd56-d0de-413f-b70a-1280bb4b4a4b,9f0a6984-4240-496d-89c0-001579285282,2024-07-26 13:22:00,059136e5-beb1-43f4-a3fe-9cc14dd0989b,2200,165,2365
dad484d0-3c14-4a27-a141-fcc5f4b10be2,9975d2cb-8b6a-4d55-9cd7-65b71f75b675,2024-07-26 08:12:00,059136e5-beb1-43f4-a3fe-9cc14dd0989b,700,52,752
9e241ffb-256f-4747-8c77-a3383fd319d3,bc2e69d4-ac6e-4377-bf7b-e90fb40aad98,2024-07-26 11:50:00,059136e5-beb1-43f4-a3fe-9cc14dd0989b,2300,172,2472
75951196-4dcf-4b7e-ac64-cc4181572f6d,bc968d3f-f335-49c5-b7d1-a1c1b2c0df9d,2024-07-26 14:19:00,059136e5-beb1-43f4-a3fe-9cc14dd0989b,1600,120,1720
8005ab67-7aa1-4aa2-ae03-8b49caf08ba0,1e221d26-6807-4370-b901-a5ac94702440,2024-07-26 12:24:00,059136e5-beb1-43f4-a3fe-9cc14dd0989b,400,30,430
3119deea-d018-4300-a984-5719426ee722,239b8d39-765a-472e-8b88-611bdc0e7812,2024-07-26 08:01:00,059136e5-beb1-43f4-a3fe-9cc14dd0989b,400,30,430
e0d5c0ff-b2bb-48de-afc5-cbfdb9d39ad5,6fcb3e33-b407-4fad-a95e-92178dcd8a34,2024-07-26 08:07:00,059136e5-beb1-43f4-a3fe-9cc14dd0989b,600,44,644
98a092bd-4a7d-4596-b29c-a825f53f441f,abd171a5-cb8f-42c7-9582-d8c49e9efa3c,2024-07-26 14:22:00,059136e5-beb1-43f4-a3fe-9cc14dd0989b,2500,187,2687
d96b7b7b-52fe-46ef-9fa3-408516b87b97,8164d8c7-ed86-48e2-ba04-4b693a90a81a,2024-07-26 15:20:00,059136e5-beb1-43f4-a3fe-9cc14dd0989b,600,44,644
3b35a6a1-6b29-4cd0-96ed-6450f6360f60,d205e228-5571-48e7-bd0c-046c3e33704e,2024-07-26 15:47:00,059136e5-beb1-43f4-a3fe-9cc14dd0989b,1300,97,1397
73efe74f-18fd-43af-8215-e25c256d5c5c,3888e62f-5ebe-49cf-93e8-70e8eb32a0de,2024-07-26 07:57:00,059136e5-beb1-43f4-a3fe-9cc14dd0989b,600,44,644
15d47792-03ea-4721-ad2a-d41c8eac0bfa,c085eeee-229f-4875-866c-4edc1617d158,2024-07-26 08:28:00,059136e5-beb1-43f4-a3fe-9cc14dd0989b,600,44,644
382090e9-7ee0-4103-8ddd-0f654b953930,b99f585b-4ca3-44d8-ad60-fba8444d6a54,2024-07-26 12:02:00,b5941a70-cf63-407e-8c24-c979e7f61e45,700,28,728
77481e7c-8322-49eb-8f71-dd0058fc2025,c1204cb7-2364-40d5-8a6b-d3c001faae6f,2024-07-26 07:56:00,b5941a70-cf63-407e-8c24-c979e7f61e45,600,24,624
b4dc2003-1414-4cb7-a25a-62fb3d209538,def6a9d5-036b-4315-998b-47908bc1c8ad,2024-07-26 08:01:00,b5941a70-cf63-407e-8c24-c979e7f61e45,400,16,416
eed9afb7-f6d2-4a2e-a070-c27e6e8bf3c0,b348e89f-677a-4d48-a58b-b4c9448f50a1,2024-07-26 08:49:00,b5941a70-cf63-407e-8c24-c979e7f61e45,600,24,624
440ae070-d34a-4a6f-9ada-2191726001ae,8903ed0e-aebe-4557-b8ac-6a0b252ebdbe,2024-07-26 08:00:00,b5941a70-cf63-407e-8c24-c979e7f61e45,700,28,728
f2eb7994-3504-4aaa-9f6a-94830e523ec0,cfe678c2-234b-4b62-809d-8caee64e6323,2024-07-26 08:51:00,b5941a70-cf63-407e-8c24-c979e7f61e45,600,24,624
a1ae9fa3-7ede-494c-b7d5-ebb65fe01ca9,162093d1-12b1-4f06-9ff7-56f2f0a73461,2024-07-26 12:35:00,b5941a70-cf63-407e-8c24-c979e7f61e45,700,28,728
6530f69b-3629-4128-bca6-af8ee764166d,e4d7d41d-35a6-4e84-89d9-d475369a8b15,2024-07-26 16:32:00,b5941a70-cf63-407e-8c24-c979e7f61e45,700,28,728
ee245ef4-d3a5-4e2d-a1e2-6bbf510381ac,3fd94dc1-a86f-4596-88c9-1653eff665a6,2024-07-26 11:04:00,b5941a70-cf63-407e-8c24-c979e7f61e45,1800,72,1872
f870b30e-da79-4735-aed1-913575be93f5,863da1ea-a81b-4946-b9d9-3194617e23d8,2024-07-26 11:15:00,b5941a70-cf63-407e-8c24-c979e7f61e45,700,28,728
bf254375-e211-4645-a99f-71491e3967ce,d3c03d2b-e214-4128-b959-7cbb00080b81,2024-07-26 08:18:00,b5941a70-cf63-407e-8c24-c979e7f61e45,600,24,624
b2683a16-db10-4120-8e02-e898858244a3,e835ed2d-f124-4491-ac98-63c5d43f5b22,2024-07-26 08:46:00,b5941a70-cf63-407e-8c24-c979e7f61e45,500,20,520
bcd73778-0c00-4a91-bcb3-fe835c37f9ae,dba6f48c-a73b-44fd-8ecc-ba0fccc8e67d,2024-07-26 15:15:00,b5941a70-cf63-407e-8c24-c979e7f61e45,600,24,624
c3805bf6-fc8c-4dd8-b12f-3df4f0bb980f,84446a2a-0a45-4348-9c17-8317f660ad1d,2024-07-26 07:28:00,b5941a70-cf63-407e-8c24-c979e7f61e45,500,20,520
a6a627c5-028e-4271-8561-64d8bda0739c,855ad166-da80-4dee-8c53-b239e364b074,2024-07-26 08:38:00,b5941a70-cf63-407e-8c24-c979e7f61e45,600,24,624
a199b6a3-1fe3-46c9-b9a2-bba63882abdd,9f09c473-3854-4d8e-8123-09976c23a1b9,2024-07-26 07:48:00,b5941a70-cf63-407e-8c24-c979e7f61e45,700,28,728
79c1e963-3d7a-44e0-a6cb-db09d41a43c7,665a35f4-221f-4277-8334-627eacce41fd,2024-07-26 12:47:00,b5941a70-cf63-407e-8c24-c979e7f61e45,600,24,624
a113be49-6ba3-4e75-980c-6ae84467c22e,22d560dc-7d37-4c64-a28e-bf2e181c0a81,2024-07-26 13:05:00,b5941a70-cf63-407e-8c24-c979e7f61e45,400,16,416
952a3123-b94f-41e5-a89c-82a78840dec9,5c09e8de-d715-48d6-a75f-b3edcb24f737,2024-07-26 13:51:00,b5941a70-cf63-407e-8c24-c979e7f61e45,600,24,624
52c74434-6fab-4de0-ad75-928a6bce78d0,bf200f85-febd-42c5-be55-f8285e5f92c1,2024-07-26 08:34:00,b5941a70-cf63-407e-8c24-c979e7f61e45,400,16,416
4874d451-e971-4f03-abe4-4f51c7812cf4,783d638a-a73b-4d58-a792-5b07857366ef,2024-07-26 08:56:00,b5941a70-cf63-407e-8c24-c979e7f61e45,400,16,416
cb24245b-f07b-4306-822d-4bbdc647e38d,1dc81d14-661d-4552-afc5-3ac554af03a8,2024-07-26 14:48:00,b5941a70-cf63-407e-8c24-c979e7f61e45,1200,48,1248
ad1480d5-2f5f-4fd4-9253-10944764ba22,eb00c2dc-d709-4af6-801a-5bae8ad2e4da,2024-07-26 16:05:00,b5941a70-cf63-407e-8c24-c979e7f61e45,600,24,624
b79c2e12-3136-44b5-91d1-0150c15f4ca2,3026827e-4594-4e12-9104-4393294a37c1,2024-07-26 07:56:00,b5941a70-cf63-407e-8c24-c979e7f61e45,600,24,624
4cfc3921-f02f-45df-b68d-cc9459de6c0f,a52016eb-4b27-48c0-b3a0-f34fb0fc0ca8,2024-07-26 08:08:00,b5941a70-cf63-407e-8c24-c979e7f61e45,400,16,416
cc258b0d-0512-42a3-aab6-4c1d005f81c1,ce98655e-a7d1-4fd5-88dc-cdba73dd8e31,2024-07-26 12:29:00,b5941a70-cf63-407e-8c24-c979e7f61e45,600,24,624
87dce4e6-e0f2-4199-899c-644aeb10d4df,5f9d6e13-18b2-47d0-8f5d-6acc5cdf4a27,2024-07-26 07:45:00,b5941a70-cf63-407e-8c24-c979e7f61e45,500,20,520
31eedb7b-0a4c-45bc-9cba-96f263b1c48a,6555ae72-a22c-4480-a4e6-26cee8a445be,2024-07-26 13:19:00,b5941a70-cf63-407e-8c24-c979e7f61e45,600,24,624
0dc09613-fb11-4ea1-9448-ae316a683c40,89bb868a-8886-49a5-aa72-5e3a25626304,2024-07-26 07:35:00,b5941a70-cf63-407e-8c24-c979e7f61e45,600,24,624
bda39b6b-8920-4f81-8eb5-4163993c01eb,d77e9950-184e-411c-b78a-a5d36b2bdd7b,2024-07-26 11:49:00,b5941a70-cf63-407e-8c24-c979e7f61e45,600,24,624
8431a152-23b9-42c4-b550-7377e77aa5e5,5bdef59a-94a7-4f55-a527-34a14a8ddcd4,2024-07-26 14:08:00,b5941a70-cf63-407e-8c24-c979e7f61e45,500,20,520
b3a1c949-eea5-4737-8abf-b982eb3fbb61,810f2190-c36f-4061-be67-f071ea5b49f9,2024-07-26 07:40:00,b5941a70-cf63-407e-8c24-c979e7f61e45,500,20,520
38e491dd-bc05-42d3-9da3-1890f65733cd,13bed8da-2e02-4e0b-8258-df34a7c2d850,2024-07-26 12:38:00,b5941a70-cf63-407e-8c24-c979e7f61e45,600,24,624
e9779a16-a7a4-402b-b462-afa3c0852978,58661011-90b9-46de-a9c1-8e1f17803683,2024-07-26 08:03:00,b5941a70-cf63-407e-8c24-c979e7f61e45,700,28,728
cf874b5f-5d34-4424-8767-738d2ec2cea9,82c401a8-0323-4d08-ac5c-94d255bbf98f,2024-07-26 07:30:00,b5941a70-cf63-407e-8c24-c979e7f61e45,700,28,728
07eba55e-5d35-49b5-a6db-8bb1d3f83a0d,57542780-7d0d-4011-a4c6-2130ee9171eb,2024-07-26 17:17:00,b5941a70-cf63-407e-8c24-c979e7f61e45,600,24,624
fa024eeb-f9d7-413e-943a-14a7a44484d8,c72ef573-7104-4b39-b0e3-c1e356d7852d,2024-07-26 11:43:00,b5941a70-cf63-407e-8c24-c979e7f61e45,1200,48,1248
d7abf361-a4c4-407f-adb3-df056e451ce0,3edc512f-6a6e-47a4-8b78-d15efb3b5e04,2024-07-26 07:27:00,b5941a70-cf63-407e-8c24-c979e7f61e45,700,28,728
d810e437-4655-442a-8afb-81dc05ea9aec,ce41a0de-b655-4e68-b41e-43a38e82b5ae,2024-07-26 13:26:00,b5941a70-cf63-407e-8c24-c979e7f61e45,2300,92,2392
5e8c654a-1384-45a2-b37e-af47a3ad6a1e,8c5fa099-c06b-40f4-89d4-8cf99468b397,2024-07-26 07:30:00,b5941a70-cf63-407e-8c24-c979e7f61e45,400,16,416
6e1b33f7-5e9b-497d-aec4-bf13331ab669,3b4c8c25-e309-4e8c-928c-042c56212f80,2024-07-26 13:51:00,b5941a70-cf63-407e-8c24-c979e7f61e45,500,20,520
9668186b-a8df-4e99-b43e-2671c09dd30d,2babb6b1-3132-4f19-9f73-1ffc0feb4354,2024-07-26 08:12:00,b5941a70-cf63-407e-8c24-c979e7f61e45,2400,96,2496
676c1afe-d7c4-46fd-be81-ff185f86db7a,596caac8-7411-4225-9b52-3a11d72f2653,2024-07-26 07:45:00,b5941a70-cf63-407e-8c24-c979e7f61e45,700,28,728
6e9d5181-88f6-4644-8008-191386643374,20d3c912-c56f-4e52-81f5-0270797ca85a,2024-07-26 12:59:00,b5941a70-cf63-407e-8c24-c979e7f61e45,600,24,624
542cbfd8-0199-4836-8e28-a064b88c05a1,46172e79-619e-4077-af99-369c4d7f6c1a,2024-07-26 14:19:00,b5941a70-cf63-407e-8c24-c979e7f61e45,3400,136,3536
5dc681fc-5a0b-4175-8d59-a905935ed750,fc665220-686d-4e6c-aebc-5eccbf9e7900,2024-07-26 12:08:00,b5941a70-cf63-407e-8c24-c979e7f61e45,600,24,624
3cdc6125-bbb2-4bde-bfc4-49e3de004167,612ba113-a667-4f6c-88ff-4719d9b8bd6d,2024-07-26 07:00:00,b5941a70-cf63-407e-8c24-c979e7f61e45,600,24,624
fdc9075a-a1c2-4495-94b4-f7c314737434,4058c008-2139-4019-a484-20f84a44cab9,2024-07-26 15:44:00,b5941a70-cf63-407e-8c24-c979e7f61e45,700,28,728
0c1c370d-de7b-4600-8122-72b4b127b929,d2e1ff33-c440-48ba-bdf6-644644ae2ec5,2024-07-26 14:38:00,b5941a70-cf63-407e-8c24-c979e7f61e45,1300,52,1352
517602bc-6723-405d-8e32-b4d14daa2b65,5f850358-6038-4f2e-a7f6-9ad8be127665,2024-07-26 07:59:00,b5941a70-cf63-407e-8c24-c979e7f61e45,700,28,728
63990184-68f0-4235-b622-0476f2c08cec,2e5a7c29-d023-4b29-bd40-b25b4959d544,2024-07-26 18:30:00,b5941a70-cf63-407e-8c24-c979e7f61e45,600,24,624
f30072cd-afbb-439a-b0a6-0f0e7a32af9a,37ae6c25-9a54-4bd2-b8ce-8ff408aad37c,2024-07-26 11:46:00,b5941a70-cf63-407e-8c24-c979e7f61e45,500,20,520
3e343579-fd69-4109-869d-274dd3a061c8,f25ea7d3-6c3c-4726-8089-64ceb86635c0,2024-07-26 10:54:00,b5941a70-cf63-407e-8c24-c979e7f61e45,700,28,728
fd6813b2-8c3f-4843-ad3a-b676eaac77b9,0ab6cc4a-4d4d-4b0f-bb9e-26934e1b2fb4,2024-07-26 14:31:00,b5941a70-cf63-407e-8c24-c979e7f61e45,500,20,520
b087b9e2-59de-45e2-a12d-d6d2041a3752,9d330313-dfc3-4167-8d1e-7010f0360e77,2024-07-26 11:29:00,b5941a70-cf63-407e-8c24-c979e7f61e45,600,24,624
bff470b7-45a3-492c-bbeb-3fd997f0a665,6faee88c-1462-4014-aab0-303e19e38765,2024-07-26 08:09:00,b5941a70-cf63-407e-8c24-c979e7f61e45,400,16,416
952d5234-eb1c-44b6-829a-24d2e3bccd60,bf8dfc01-63c1-4fad-bc87-f235d190076e,2024-07-26 08:37:00,b5941a70-cf63-407e-8c24-c979e7f61e45,400,16,416
6445e1d1-0f95-4c16-bc70-f3357a24fb7e,d67db81a-4d2e-4a5a-a1e1-70e3b973dad8,2024-07-26 08:36:00,b5941a70-cf63-407e-8c24-c979e7f61e45,600,24,624
0b6c29ff-9810-4bdd-ba7e-b83249488921,99b17443-411b-490a-a48e-a04b3366df95,2024-07-26 07:59:00,b5941a70-cf63-407e-8c24-c979e7f61e45,600,24,624
d1531e10-aac6-46ff-ab48-c1db8fb4b88b,99b32ca4-6c29-4f95-86a4-210f753a423e,2024-07-26 08:35:00,b5941a70-cf63-407e-8c24-c979e7f61e45,400,16,416
e443dc97-ae67-46b9-8cc6-38d0ef5c226d,67a854b8-54c7-40ee-b9f9-e7b0f261bbb1,2024-07-26 11:36:00,b5941a70-cf63-407e-8c24-c979e7f61e45,600,24,624
275a02bf-7adb-4ab6-82ca-3f306d0d12fb,c3faf033-87ae-476c-972d-033dc9c309b3,2024-07-26 08:37:00,b5941a70-cf63-407e-8c24-c979e7f61e45,500,20,520
75e57371-8cad-4d4f-b245-1471fbaa26aa,5e14a984-de53-4d21-b00c-905bad5e3292,2024-07-26 13:39:00,b5941a70-cf63-407e-8c24-c979e7f61e45,500,20,520
40b5e3cd-55bf-47aa-9d43-a1523e12be21,caf3b5dd-09de-4781-9daf-083849d3346b,2024-07-26 15:45:00,b5941a70-cf63-407e-8c24-c979e7f61e45,500,20,520
577ffb4a-a630-43bf-aee9-43919576bc72,c95036c7-b205-4c9e-b14f-2d009d5d0c76,2024-07-26 10:57:00,b5941a70-cf63-407e-8c24-c979e7f61e45,3700,148,3848
4a43f134-4144-4833-8283-ccb44d145603,cf5542a6-e935-4ac0-83e2-0c9ff00c5ed6,2024-07-26 07:38:00,b5941a70-cf63-407e-8c24-c979e7f61e45,600,24,624
7e25a772-fc4b-4f87-9295-60569c846b87,d63b84b0-56cb-4bde-839a-9678e773fa7c,2024-07-26 13:34:00,b5941a70-cf63-407e-8c24-c979e7f61e45,600,24,624
e91f6ad3-9fcb-4451-b3ed-43ee8bedc4e6,dd84de96-1d22-4cc4-a92d-64c9cd3e7d1d,2024-07-26 07:38:00,b5941a70-cf63-407e-8c24-c979e7f61e45,700,28,728
ca647cc7-2949-4a8c-a0d1-55976450e9e8,dc2823ec-0bc9-4530-9ff3-eccb8e52587a,2024-07-26 07:43:00,b5941a70-cf63-407e-8c24-c979e7f61e45,600,24,624
cfdf2307-41a7-48cc-9b61-4e45dd77f723,74b71a0a-315f-4552-9f83-00256329c614,2024-07-26 14:43:00,b5941a70-cf63-407e-8c24-c979e7f61e45,600,24,624
c34620bc-2d39-4ff0-9bb1-7d3d34bb265d,475da3ae-e2eb-4a82-899f-a4d48f805e0e,2024-07-26 07:48:00,b5941a70-cf63-407e-8c24-c979e7f61e45,700,28,728
438d5a30-2f4d-4fb8-b859-33bed40fa375,dea4bee6-4b99-475c-98f3-d45fa666d228,2024-07-26 08:02:00,b5941a70-cf63-407e-8c24-c979e7f61e45,500,20,520
bbb04455-a46e-4725-b650-0f21ec877ab3,a443515b-c5ea-4400-a9b4-1618a5764390,2024-07-26 13:34:00,b5941a70-cf63-407e-8c24-c979e7f61e45,600,24,624
9273037b-9cc0-484e-bd07-16f3857ad242,fb19d959-ff98-44ce-9265-c57eb1f19b1b,2024-07-26 08:50:00,b5941a70-cf63-407e-8c24-c979e7f61e45,400,16,416
f2ac1f54-3910-4c1d-ae17-da93f6c168c9,5014751e-3349-4a92-8345-60743b1f057f,2024-07-26 08:03:00,b5941a70-cf63-407e-8c24-c979e7f61e45,400,16,416
6330e0dc-4e28-4af8-89bb-d964533e65b5,615c2b61-925a-454f-8302-0ff235595665,2024-07-26 11:07:00,b5941a70-cf63-407e-8c24-c979e7f61e45,3600,144,3744
200bdd51-8750-4b7c-85ef-fe66d4ee463d,64ab2edd-3638-4512-8637-f5b092e70b12,2024-07-26 10:48:00,b5941a70-cf63-407e-8c24-c979e7f61e45,2200,88,2288
ffb48fe0-9aaf-4658-9297-bc6350ae8d4e,eea76b70-f6e9-4d1d-8969-112cf1bede15,2024-07-26 08:10:00,b5941a70-cf63-407e-8c24-c979e7f61e45,500,20,520
448feead-70af-47a8-a0a9-f477ebe901cd,78f8bb3f-1498-4095-b11b-a9c643056197,2024-07-26 08:49:00,b5941a70-cf63-407e-8c24-c979e7f61e45,600,24,624
0159a1cc-99f1-4a1c-aaba-8158b0a74db6,575e6a52-60aa-4d2e-88fb-c24afb554e5e,2024-07-26 10:25:00,b5941a70-cf63-407e-8c24-c979e7f61e45,500,20,520
aaaaabb1-5f22-4fe9-a608-6b1a9cf0df27,3ac82e2d-4337-43f2-852f-933842baca7a,2024-07-26 11:58:00,b5941a70-cf63-407e-8c24-c979e7f61e45,400,16,416
db6235b0-2d62-41e0-9167-f7b7c9ed6187,64ae60bd-9702-4342-8766-2996c32f2161,2024-07-26 07:43:00,b5941a70-cf63-407e-8c24-c979e7f61e45,600,24,624
bada1a06-89f9-4cb1-8753-b42e59042394,3a0320ef-2ab5-4253-b221-8e09a98e50a3,2024-07-26 08:00:00,b5941a70-cf63-407e-8c24-c979e7f61e45,600,24,624
7db90bc3-d88f-423f-a4b8-b9e313c0bf5f,e4195e67-3333-4944-8820-2160913bca91,2024-07-26 07:16:00,b5941a70-cf63-407e-8c24-c979e7f61e45,1500,60,1560
7a724fcc-1af0-4c76-8f48-4925a8cdbea6,dab67da9-65e8-4fde-ab3d-3370cdb5a9a3,2024-07-26 08:19:00,b5941a70-cf63-407e-8c24-c979e7f61e45,600,24,624
525347ed-a5c0-4eb1-b043-58253977855b,0d412b28-b5a1-4cea-a1f5-869ea07f821d,2024-07-26 08:44:00,b5941a70-cf63-407e-8c24-c979e7f61e45,400,16,416
39187909-8fc3-4daf-8db3-1b15ec692e9c,a2d5c680-5dfa-4c55-8a64-5f2353ac92e9,2024-07-26 08:27:00,b5941a70-cf63-407e-8c24-c979e7f61e45,600,24,624
d863a20c-3df3-42b7-a3f6-b74645d4b2f5,bb93c5a0-2544-4151-b8e0-8d22fb4b6c8d,2024-07-26 07:23:00,b5941a70-cf63-407e-8c24-c979e7f61e45,700,28,728
3bebd5eb-c0d7-4e73-b431-d5635d97c6a6,1623a070-caac-4de1-be52-23974b2f1806,2024-07-26 08:28:00,b5941a70-cf63-407e-8c24-c979e7f61e45,700,28,728
3d7fd9b6-0bc7-4b91-a6c4-2323e3b76251,c2cff44b-8573-42be-b3e3-d2deb524c228,2024-07-26 08:07:00,b5941a70-cf63-407e-8c24-c979e7f61e45,700,28,728
01d0f1ed-919f-4cce-8df4-e4d6dca0c320,9b5611f7-2998-4617-a471-2a797e4403d5,2024-07-26 09:10:00,b5941a70-cf63-407e-8c24-c979e7f61e45,700,28,728
4851fa21-7dc8-467d-9e96-bb6fbe4ae129,3c05a1bf-1e47-4e78-a5f7-eaa41e8954ce,2024-07-26 11:11:00,b5941a70-cf63-407e-8c24-c979e7f61e45,500,20,520
f29b0df9-d063-4509-b9ec-792dea25c03e,aab76d2f-7bb6-40df-9caf-5bb0239d9be0,2024-07-26 15:03:00,b5941a70-cf63-407e-8c24-c979e7f61e45,400,16,416
0b95314b-67eb-459d-9126-14c4bb1ebc9d,56f5e8d6-f6fa-42d4-b15c-284e8707dbce,2024-07-26 16:12:00,b5941a70-cf63-407e-8c24-c979e7f61e45,1800,72,1872
e8d56437-22c0-4ffe-89af-16a7aa110806,b6560dae-0a2b-4345-8b36-82819baab3ca,2024-07-26 12:59:00,b5941a70-cf63-407e-8c24-c979e7f61e45,2000,80,2080
017f41b6-1024-4b7a-98c8-a79538558af0,3f442476-f77e-4e32-b935-aec1f3c4f788,2024-07-26 11:00:00,b5941a70-cf63-407e-8c24-c979e7f61e45,600,24,624
5e2a2511-3450-400f-8def-bd7b79c4603a,52fe122b-3cb6-4253-b389-dc5abdc3f63b,2024-07-26 14:42:00,b5941a70-cf63-407e-8c24-c979e7f61e45,2000,80,2080
031ae7a0-51f2-42de-a8e7-b8c35cab9a76,347aaca0-4db6-4e60-ad89-2b61a4032cd6,2024-07-26 08:12:00,b5941a70-cf63-407e-8c24-c979e7f61e45,600,24,624
19468e6c-9c78-4811-b8df-8ea275500ac3,84dfa460-b42f-4d62-86a7-14fc86267d3f,2024-07-26 07:48:00,b5941a70-cf63-407e-8c24-c979e7f61e45,500,20,520
f4a3801f-4d2a-4984-8958-adb1eb18ba34,deb2aaa1-a28d-4c98-aa82-8908b5c5704a,2024-07-26 07:55:00,b5941a70-cf63-407e-8c24-c979e7f61e45,500,20,520
4a8a0e07-2da6-429b-a202-d7f155db70c6,c1f1aec3-4baa-4122-85ab-2e030e48d90b,2024-07-26 14:59:00,b5941a70-cf63-407e-8c24-c979e7f61e45,500,20,520
6c515ebe-f865-4261-886d-8ed51765df59,dc5e8e7f-8d11-4bdc-91f5-9e0a2d3c9ad3,2024-07-26 08:45:00,b5941a70-cf63-407e-8c24-c979e7f61e45,500,20,520
d2235352-510f-4c8b-a8e3-185c8d96329e,d155fd8e-22d5-4146-9443-7deca68b07e3,2024-07-26 09:51:00,b5941a70-cf63-407e-8c24-c979e7f61e45,500,20,520
1493ec0e-f6ed-4ac8-a818-20803752763c,5c652666-a538-4cba-8ced-42f0076f90f2,2024-07-26 07:37:00,b5941a70-cf63-407e-8c24-c979e7f61e45,600,24,624
9342b3d8-4039-4037-a941-cfcb07677e93,4f507eab-291e-4c7d-9a7a-3fe2b2913b77,2024-07-26 15:26:00,b5941a70-cf63-407e-8c24-c979e7f61e45,1100,44,1144
817824c2-9af2-45d8-a77e-bbc8f1b02ddf,d780399f-ddd5-43dd-9016-4b8fde6102f6,2024-07-26 08:23:00,b5941a70-cf63-407e-8c24-c979e7f61e45,600,24,624
27357233-b953-4992-8727-9dbefe4ae2e6,4fcc3308-9e40-4b9c-ba8b-1dd327c6d92b,2024-07-26 12:20:00,b5941a70-cf63-407e-8c24-c979e7f61e45,1200,48,1248
4f48fd34-aa05-43ef-8c59-95a77058b1e8,ffbaa8ff-9fbc-4001-a903-59836c797117,2024-07-26 11:01:00,b5941a70-cf63-407e-8c24-c979e7f61e45,1200,48,1248
5aad0191-554f-4863-922c-b9ddbbea0a94,2aebc3e7-9b26-44ea-9a23-0f6a38540dba,2024-07-26 12:08:00,b5941a70-cf63-407e-8c24-c979e7f61e45,4600,184,4784
bdc147ac-a028-4218-a6db-a57fabfde11d,d48775a5-8b7b-44fb-8c0f-dbbee9df0097,2024-07-26 08:49:00,b5941a70-cf63-407e-8c24-c979e7f61e45,600,24,624
e60bf06f-d5b3-4a6e-8cf7-9e7815219268,1dfc436c-1fa3-45d3-ae34-9c1dc98ab63e,2024-07-26 15:10:00,b5941a70-cf63-407e-8c24-c979e7f61e45,500,20,520
62129d7f-51dd-4b85-befa-fe3536c475d6,2f6af405-d569-4a59-bb5c-4a6e120317d8,2024-07-26 07:42:00,b5941a70-cf63-407e-8c24-c979e7f61e45,600,24,624
732b54a9-e9e3-454c-8697-007c75475727,09ff8664-87e2-4157-9c0e-8ce35842860d,2024-07-26 08:43:00,b5941a70-cf63-407e-8c24-c979e7f61e45,400,16,416
6bfbdb58-e891-46b2-8ff7-b87aca570b94,86a75aac-48da-4234-8d9a-c3154e3a2e54,2024-07-26 10:35:00,b5941a70-cf63-407e-8c24-c979e7f61e45,400,16,416
b3a0572f-6305-483c-b4b8-703652884cbe,4f7f7512-8d29-42ff-ab4e-dc85fc8a8263,2024-07-26 14:11:00,b5941a70-cf63-407e-8c24-c979e7f61e45,500,20,520
5de38cd3-dd0b-4b30-8f59-2ad898776a19,57c6c2b0-e2f9-402c-bcf4-0d3c52cd16c8,2024-07-26 07:54:00,b5941a70-cf63-407e-8c24-c979e7f61e45,400,16,416
bb70d345-63f2-4a9d-817b-d680ff79c27f,157e3e8b-d51a-47bc-a86d-07a1fd743c84,2024-07-26 07:57:00,b5941a70-cf63-407e-8c24-c979e7f61e45,600,24,624
f0b00af9-27b5-43f9-80fc-0e3044ac3ffb,e05f0150-7ec1-4c59-8a6a-d2d29675b858,2024-07-26 15:27:00,b5941a70-cf63-407e-8c24-c979e7f61e45,700,28,728
92f76680-4795-4f6b-b2d8-ac554b762469,808a94c7-7a67-4894-bb08-79e474ed271e,2024-07-26 11:26:00,b5941a70-cf63-407e-8c24-c979e7f61e45,3500,140,3640
54f42783-7b07-471b-b082-195abc360a1d,567dfb44-437c-405b-b2ef-0d1f10f47c9d,2024-07-26 07:00:00,b5941a70-cf63-407e-8c24-c979e7f61e45,400,16,416
2d3be047-e0ce-4d96-9014-73d232f82fbf,0036c498-6d2c-40fb-af0f-92432b8718bf,2024-07-26 07:39:00,b5941a70-cf63-407e-8c24-c979e7f61e45,700,28,728
b6bd6949-cfea-4727-be87-e3a511eb97e0,85ebb880-ebb4-472b-ab66-1dabc11c201a,2024-07-26 09:39:00,b5941a70-cf63-407e-8c24-c979e7f61e45,700,28,728
0e9f2fdd-a260-47d4-bd8a-b89499754fcc,13984d5f-4868-4031-8a3b-7240b963cd41,2024-07-26 07:00:00,b5941a70-cf63-407e-8c24-c979e7f61e45,600,24,624
66581e53-7f24-4923-bd34-9606667cee62,6ee92fc3-196c-4f81-b063-115ba8cbc26f,2024-07-26 15:01:00,b5941a70-cf63-407e-8c24-c979e7f61e45,600,24,624
8dd9d5f2-17db-40c4-a9e9-9e220c08d330,cb93d5ec-4d83-458a-9601-f3b8982e5faa,2024-07-26 08:01:00,b5941a70-cf63-407e-8c24-c979e7f61e45,600,24,624
deb5532b-480f-4e75-a687-2b7012b692b2,9792ef5b-b422-458b-bb0d-cfc2e5d9dfb6,2024-07-26 10:51:00,b5941a70-cf63-407e-8c24-c979e7f61e45,2200,88,2288
5c0b4ad8-43ca-45d0-b1d4-4b39fb18f8cd,5df63f2e-723a-455f-83d3-d3918002449b,2024-07-26 08:09:00,b5941a70-cf63-407e-8c24-c979e7f61e45,400,16,416
4484ad4d-6c69-47ee-80a8-51e7caa2c6aa,787f14f1-546f-4170-86a7-d3650975ea5b,2024-07-26 12:52:00,b5941a70-cf63-407e-8c24-c979e7f61e45,500,20,520
8efc64cf-4565-4441-ab19-94063217e9f1,1123f62c-d5c5-4236-a758-c04dd3d967b9,2024-07-26 11:03:00,b5941a70-cf63-407e-8c24-c979e7f61e45,400,16,416
cce3ffd9-a703-4fde-8bff-a73690d66ab3,31c07056-e35a-4038-b4b8-2892cca33dcf,2024-07-26 13:46:00,b5941a70-cf63-407e-8c24-c979e7f61e45,0,0,0
6f3bd128-cf90-4123-abfa-db905314911e,bcfc514d-c182-42a0-b84e-de154eac94c1,2024-07-26 08:40:00,b5941a70-cf63-407e-8c24-c979e7f61e45,400,16,416
12f1445d-9965-4bbd-b0be-a581d61bfe79,4674f5f5-c650-47e0-9055-f8e8b304dd58,2024-07-26 14:46:00,b5941a70-cf63-407e-8c24-c979e7f61e45,400,16,416
88002b1e-40ce-43d7-970e-44e91a7ed798,da4f26c8-8268-4f57-b631-33897a927a9a,2024-07-26 13:35:00,b5941a70-cf63-407e-8c24-c979e7f61e45,1000,40,1040
d995bd62-50b4-4c66-9461-638c7eb4641b,0127f387-2025-4b20-95b4-c7fdfdc08887,2024-07-26 15:02:00,b5941a70-cf63-407e-8c24-c979e7f61e45,1600,64,1664
fe8957f0-b6db-4907-a59f-a4982bd2beaa,ef6ca526-c8a8-4f4f-ba8c-9cf1bd514d0e,2024-07-26 11:18:00,b5941a70-cf63-407e-8c24-c979e7f61e45,1700,68,1768
a358420e-3fec-4dc3-8969-cf2ffa712aa7,ec097b3c-c5fd-41c4-a44b-376431dd9bfc,2024-07-26 16:46:00,b5941a70-cf63-407e-8c24-c979e7f61e45,400,16,416
5bd9a28e-021e-404c-a436-dfc15f9e4ce8,e972e2ef-2344-47cb-91fc-b6e1b2f82ac9,2024-07-26 14:41:00,b5941a70-cf63-407e-8c24-c979e7f61e45,600,24,624
ea72c9ff-99fa-462e-9ad5-cd27f21b589c,310540d1-8503-4470-8f4b-81ccd6135a4a,2024-07-26 07:51:00,b5941a70-cf63-407e-8c24-c979e7f61e45,500,20,520
9df1d959-058d-40a4-9967-3e1b7a13a09b,9331e60b-99c8-461f-90eb-9ddf96020fa5,2024-07-26 12:17:00,b5941a70-cf63-407e-8c24-c979e7f61e45,400,16,416
ff992b51-8144-47c4-8364-9effa97bfc85,9cabb6de-db70-4794-a40c-57d0be0c639c,2024-07-26 08:43:00,b5941a70-cf63-407e-8c24-c979e7f61e45,700,28,728
d509447e-2147-47ac-8413-a6177017c657,23b40fa9-2c00-4076-beb3-52cc40ebecb9,2024-07-26 07:36:00,b5941a70-cf63-407e-8c24-c979e7f61e45,400,16,416
32075ccc-82a9-4e99-8fe4-45597febf7db,afe8270b-5329-4218-a4c8-e6832a92afd8,2024-07-26 07:13:00,b5941a70-cf63-407e-8c24-c979e7f61e45,400,16,416
c0c300e1-cb4b-478d-838b-eb5059a8306f,125ca5d7-df9a-4025-91b8-e0f428d43068,2024-07-26 12:05:00,b5941a70-cf63-407e-8c24-c979e7f61e45,600,24,624
80765641-b66c-4262-b51e-8d8b1a8d18af,45ea5caf-d5c3-4772-a218-c6c7413e64fe,2024-07-26 14:40:00,b5941a70-cf63-407e-8c24-c979e7f61e45,1700,68,1768
65ca76e2-caf2-4f89-bdf1-4d8a6b9779dc,56489e8f-ff4e-46c9-ae0f-1b337da5bfae,2024-07-26 10:10:00,b5941a70-cf63-407e-8c24-c979e7f61e45,1200,48,1248
67639938-504f-4253-86fc-24628f3cdab4,b589328d-e095-4f24-8b43-598650d7987b,2024-07-26 08:07:00,b5941a70-cf63-407e-8c24-c979e7f61e45,500,20,520
3c452197-3f21-4c3a-b83f-484a3b766327,49b9328f-15ce-4610-b926-f7455687982f,2024-07-26 08:00:00,b5941a70-cf63-407e-8c24-c979e7f61e45,500,20,520
0b2a3365-bb0c-4864-9deb-3f2d17b2bfbb,bbed6a52-9761-4c8c-bbee-a25121e2f690,2024-07-26 10:06:00,b5941a70-cf63-407e-8c24-c979e7f61e45,1900,76,1976
2386f1a7-ca1d-4c33-b3a4-2343ce7726ec,01b06b2c-1ad5-4112-a37a-61ebdeb7236d,2024-07-26 08:15:00,b5941a70-cf63-407e-8c24-c979e7f61e45,600,24,624
f0a0b41d-bb78-4105-9290-2e7e89b87c7d,4c13d6e1-6bc1-4d79-ad00-7d8c82d88060,2024-07-26 09:57:00,b5941a70-cf63-407e-8c24-c979e7f61e45,1200,48,1248
496d8ed2-9433-48f6-9da5-6dceada01d7d,afcec46d-e1b4-4419-bf05-9316e3dde336,2024-07-26 07:11:00,b5941a70-cf63-407e-8c24-c979e7f61e45,600,24,624
ac8a02c9-5e71-4a65-b580-d7efa14837bb,58251ac9-f1f8-459a-afc2-e12577112356,2024-07-26 07:59:00,b5941a70-cf63-407e-8c24-c979e7f61e45,600,24,624
fd35f347-698e-44f0-a55e-cfe39b8d5bd4,06fb745a-ae90-4cba-a02e-f293ee607c51,2024-07-26 12:46:00,b5941a70-cf63-407e-8c24-c979e7f61e45,2100,84,2184
67ed680c-9f1f-4a6a-aa84-8b2eeabeb86f,3a9926ef-6401-4560-8b6f-e379a863961c,2024-07-26 07:59:00,b5941a70-cf63-407e-8c24-c979e7f61e45,700,28,728
d117095b-d1eb-4675-9c3b-6544525ed6a2,35ef9a20-373b-49a0-94e7-a652a49ad546,2024-07-26 13:01:00,b5941a70-cf63-407e-8c24-c979e7f61e45,400,16,416
2bb66249-4570-424b-a279-09b23a0c1b1e,1d0db805-775f-4a21-93a9-685c78ded448,2024-07-26 08:13:00,b5941a70-cf63-407e-8c24-c979e7f61e45,700,28,728
8e0fe754-43c3-43f6-b091-a24b37d85000,30fba204-135e-4e71-a1a8-1c94ddb2c0da,2024-07-26 08:23:00,b5941a70-cf63-407e-8c24-c979e7f61e45,400,16,416
a4d7476c-09c1-4995-9829-69471ba2eb4f,fb398617-4d10-4ba7-a36e-b66cd127c45d,2024-07-26 07:46:00,b5941a70-cf63-407e-8c24-c979e7f61e45,400,16,416
89f9445b-082d-474a-b56c-94389dbcbed0,37c34e7b-e45c-47db-9e3b-264d25b1933c,2024-07-26 15:20:00,b5941a70-cf63-407e-8c24-c979e7f61e45,500,20,520
36ab93fb-c743-4ef3-9ab8-a9a634ce923a,3b3487d9-712c-4d93-9cd6-2c8d7e759c76,2024-07-26 07:54:00,b5941a70-cf63-407e-8c24-c979e7f61e45,600,24,624
18606a5a-d0da-4cd8-a6a8-0c1e0f36a8b9,8143b925-a728-45dc-90e2-770dc299a5d0,2024-07-26 07:16:00,b5941a70-cf63-407e-8c24-c979e7f61e45,400,16,416
9601a143-9175-45f8-94d5-09b2c53334f6,c7ba7c0b-dcbd-432b-a25d-5f19f08ee302,2024-07-26 11:14:00,b5941a70-cf63-407e-8c24-c979e7f61e45,400,16,416
1cc078d9-a532-425c-8f8c-5a6b4ca05256,a233190a-52a9-4cf7-9a10-17472b86c1d9,2024-07-26 07:46:00,b5941a70-cf63-407e-8c24-c979e7f61e45,400,16,416
e315feed-d5f9-409f-aff9-0c93862e7f6c,0e36bc6f-6b9f-4c73-bf81-4de9c05bd1f7,2024-07-26 08:15:00,b5941a70-cf63-407e-8c24-c979e7f61e45,600,24,624
3d3d6edd-12e0-4c65-8a37-e3d45924dbde,4818cfac-6545-4c77-b041-6f063a63ddf4,2024-07-26 09:17:00,b5941a70-cf63-407e-8c24-c979e7f61e45,600,24,624
c7f07f91-332a-4a00-a36e-f61b36a5e67f,f3cbed3f-752a-4169-bb29-5bf932fd648c,2024-07-26 10:19:00,b5941a70-cf63-407e-8c24-c979e7f61e45,1900,76,1976
8072abef-8a2e-4503-a64f-f040c5374cec,4b4a5bad-682f-465e-93b0-0b7e74ea0f03,2024-07-26 12:44:00,b5941a70-cf63-407e-8c24-c979e7f61e45,600,24,624
bd56e1e4-aa40-4b8a-92a4-fa8a7f313f15,5729d739-8c7e-469d-9fc7-fb95612fc92e,2024-07-26 09:42:00,b5941a70-cf63-407e-8c24-c979e7f61e45,2700,108,2808
93f09030-066d-432e-87aa-8138a716ede4,735200b4-2828-4349-96cd-860b863fb154,2024-07-26 07:47:00,b5941a70-cf63-407e-8c24-c979e7f61e45,700,28,728
1ae4190e-512b-4989-b3fc-5c9e521875e8,143486b6-dcbd-45d1-9d83-490582574c81,2024-07-26 11:18:00,b5941a70-cf63-407e-8c24-c979e7f61e45,700,28,728
99f213c8-569d-410f-a9ca-afc7097e645d,77312b67-634b-44fa-afff-84cd492294dd,2024-07-26 08:44:00,b5941a70-cf63-407e-8c24-c979e7f61e45,400,16,416
76f6e125-43a3-4c24-a2f5-44211eeb2196,157f19e9-dabb-402d-a24a-1a3daad4390a,2024-07-26 07:56:00,b5941a70-cf63-407e-8c24-c979e7f61e45,500,20,520
d056e494-28bb-432d-915b-ed2534c656b5,057d6adc-0a93-4e10-a0ad-eecde498a471,2024-07-26 11:32:00,b5941a70-cf63-407e-8c24-c979e7f61e45,400,16,416
145cc2fc-b672-4873-b1be-a2235445db7f,c1cfdf53-a54d-4650-b94f-c186d4ef6a33,2024-07-26 08:23:00,b5941a70-cf63-407e-8c24-c979e7f61e45,600,24,624
a15f0b45-9fb1-4fb5-8314-b814752e4a8f,e596c316-2043-4865-87fe-c7f9979aef23,2024-07-26 14:03:00,b5941a70-cf63-407e-8c24-c979e7f61e45,600,24,624
f72614c0-c7fc-4dac-a137-9e349bc13286,6adaa027-c693-435e-89eb-a9bbb5e44b8a,2024-07-26 08:10:00,b5941a70-cf63-407e-8c24-c979e7f61e45,500,20,520
82bc238a-c751-408e-8535-5dd86c3148ba,3e137f30-9049-4d26-b807-213d23a47ff4,2024-07-26 07:52:00,b5941a70-cf63-407e-8c24-c979e7f61e45,400,16,416
3a4e64cb-e363-4275-9638-ea90f75220b9,25c68765-8234-4afa-972a-1bb70ffdf0de,2024-07-26 11:12:00,b5941a70-cf63-407e-8c24-c979e7f61e45,1800,72,1872
a0f1c89f-c157-482a-90bb-9ad4741cb748,8310a031-3027-4e50-9668-13752414d69d,2024-07-26 08:10:00,b5941a70-cf63-407e-8c24-c979e7f61e45,600,24,624
412e1e0e-39a8-4519-9687-bfe1de66263f,11898c7e-ea4f-465e-8729-e6aadfbb23da,2024-07-26 15:54:00,b5941a70-cf63-407e-8c24-c979e7f61e45,2100,84,2184
42880ed0-6056-434f-93ba-70ac9ada2db8,fd116e0a-17ff-4891-b76a-87564104c894,2024-07-26 10:28:00,b5941a70-cf63-407e-8c24-c979e7f61e45,2000,80,2080
c25167ea-d69c-4e46-bde5-c4cf630db54f,4476c00f-aa7a-469a-b999-2d09393919f0,2024-07-26 08:06:00,b5941a70-cf63-407e-8c24-c979e7f61e45,400,16,416
1ec8c8af-d227-4d01-920d-da3aa40a1181,5e2f8308-17ff-4a1b-aaf0-7ee5789d624f,2024-07-26 08:32:00,b5941a70-cf63-407e-8c24-c979e7f61e45,700,28,728
5d847fb0-6e2b-4527-b6ce-be7df4e2ab1f,330cb663-b876-4a71-aad8-b579d5c68a41,2024-07-26 13:28:00,b5941a70-cf63-407e-8c24-c979e7f61e45,700,28,728
135f25a7-72e9-476a-8d86-481f544ca1d9,83a9211f-46b5-46e9-83ff-21fcb2333b9d,2024-07-26 10:06:00,b5941a70-cf63-407e-8c24-c979e7f61e45,500,20,520
43003910-087e-4ade-be45-bf4a1fe04e6e,8a56193e-7740-40eb-84fc-cfbed31c5b23,2024-07-26 08:15:00,b5941a70-cf63-407e-8c24-c979e7f61e45,600,24,624
8ab2540a-ab40-4edc-a9ab-bc410519e603,4bacdb26-77a5-499d-8369-54f7bc613311,2024-07-26 10:37:00,b5941a70-cf63-407e-8c24-c979e7f61e45,3900,156,4056
e693f88c-9d9a-423c-ba98-607cbd6bb699,94eed14f-8001-4b43-8f44-165f49fd933d,2024-07-26 14:01:00,b5941a70-cf63-407e-8c24-c979e7f61e45,700,28,728
ed051ed0-5bb3-418a-a06a-82dd26d69bbb,262fb523-a8a1-4b30-a646-07769b0e0136,2024-07-26 16:41:00,b5941a70-cf63-407e-8c24-c979e7f61e45,2100,84,2184
c07bfc91-c07d-4a28-a26a-69c36b1220b6,b4831ea7-1598-4d5a-8e8f-8f7a3fc9fd2a,2024-07-26 07:45:00,b5941a70-cf63-407e-8c24-c979e7f61e45,400,16,416
156df4eb-c442-432d-b54a-18ac1388f92b,96c03846-9246-4cae-b040-d57ef33aaff7,2024-07-26 14:00:00,b5941a70-cf63-407e-8c24-c979e7f61e45,700,28,728
393ddb7a-8cad-455d-92c4-509a639e91a2,e1381e43-7e52-4fde-bb54-70721c780d75,2024-07-26 08:01:00,b5941a70-cf63-407e-8c24-c979e7f61e45,600,24,624
ef79278d-d696-41e8-8f0a-e554268e5715,51c70362-b335-415c-aedb-b03180cdcc0e,2024-07-26 13:59:00,b5941a70-cf63-407e-8c24-c979e7f61e45,600,24,624
ccac9d07-57a4-4b59-901c-92eedf227df4,ef92459f-9ed1-44f8-bc84-2af20287f25e,2024-07-26 07:15:00,b5941a70-cf63-407e-8c24-c979e7f61e45,400,16,416
b6a8fd3b-bb6e-4994-b309-c3c790b41762,64141f13-bf43-4c2a-86ae-1f78687ace7b,2024-07-26 13:26:00,b5941a70-cf63-407e-8c24-c979e7f61e45,700,28,728
f3235e0d-8897-4382-ac7a-1102369a4043,4c002b7f-15e5-4722-80a2-e29fdacffe4c,2024-07-26 08:18:00,b5941a70-cf63-407e-8c24-c979e7f61e45,700,28,728
1dcca8c3-94a6-418a-8363-6ec3e3bb8f2b,ddcd9df3-9f22-42b9-9ebd-d43096c21260,2024-07-26 19:27:00,b5941a70-cf63-407e-8c24-c979e7f61e45,600,24,624
c1fb35ec-f87f-4694-b56a-ed319a6a2962,7e8c137a-15e2-4556-887f-03064ee78ac4,2024-07-26 14:03:00,b5941a70-cf63-407e-8c24-c979e7f61e45,400,16,416
96d41286-e607-4253-8ca0-77782d6e2fbf,2c53805a-8a5d-4835-a8a5-363ded197da1,2024-07-26 07:00:00,b5941a70-cf63-407e-8c24-c979e7f61e45,700,28,728
12ff82e3-08a3-4860-90bc-459c7400be9b,ab048a38-1f12-4bca-ab42-1b40682f705b,2024-07-26 13:40:00,b5941a70-cf63-407e-8c24-c979e7f61e45,600,24,624
bb3182b8-a328-494e-9ee9-6611c84f7195,4824e242-620a-44a3-b4aa-6d34b7342b87,2024-07-26 07:47:00,b5941a70-cf63-407e-8c24-c979e7f61e45,700,28,728
242fe2ec-be24-4c34-8e9f-acb19750badd,ddbfab2a-b55c-4cf6-92d0-62446994c2e0,2024-07-26 10:24:00,b5941a70-cf63-407e-8c24-c979e7f61e45,600,24,624
471f00ce-c0c7-4ed9-beb5-2317eee3baf0,e54b719a-48b9-4990-b26b-ac3103c62963,2024-07-26 07:59:00,b5941a70-cf63-407e-8c24-c979e7f61e45,700,28,728
c7595620-9950-4a7a-9a8c-298b453adc31,9d6095f7-a9a5-4fb9-aff0-d3e1ac17e3f4,2024-07-26 07:39:00,b5941a70-cf63-407e-8c24-c979e7f61e45,600,24,624
876a0a3a-fc98-4d70-b165-239baa8e1393,8015a6ee-2cb8-4023-bd73-83f79ca11c40,2024-07-26 08:05:00,b5941a70-cf63-407e-8c24-c979e7f61e45,700,28,728
7925f57d-227d-49a0-8aa0-5c8a015cdbf3,f6f7cd36-ad87-48b5-86a4-69c72ffedaf5,2024-07-26 08:18:00,b5941a70-cf63-407e-8c24-c979e7f61e45,400,16,416
183109f5-2064-4f69-ac04-b2152cd61fd5,2dbbf653-fb89-431e-9ce5-5be640628514,2024-07-26 14:57:00,b5941a70-cf63-407e-8c24-c979e7f61e45,600,24,624
a4bcd143-eb1d-47c2-9df6-c717a2c96877,d495194b-5412-4a94-963f-a575a3c050a4,2024-07-26 08:12:00,b5941a70-cf63-407e-8c24-c979e7f61e45,500,20,520
08ecf25e-f3e6-44f3-af7f-1e8baf0b9b34,e43c8ecb-3f23-452b-9898-1b0dc684312f,2024-07-26 08:30:00,b3406af8-c4a9-4d2d-9e30-e06f3da01c15,400,32,432
a5b30e5a-0063-49f1-baa8-f395cbf176d1,c44fedb1-0107-4b01-ad43-16483dd8baed,2024-07-26 07:24:00,b3406af8-c4a9-4d2d-9e30-e06f3da01c15,600,48,648
57fca8df-3d43-4a1f-8a88-76dd818ab138,9486bb2e-4b6e-4d11-b2c7-68422ce31dc8,2024-07-26 08:15:00,b3406af8-c4a9-4d2d-9e30-e06f3da01c15,400,32,432
5f80d4f6-9083-47ce-a05e-07d310e8b295,46ee62e2-9de2-4a65-9acb-9324605c196d,2024-07-26 12:25:00,b3406af8-c4a9-4d2d-9e30-e06f3da01c15,600,48,648
8e1c0f93-0621-4d2f-bccd-96ebb64fe727,e57fd1ce-9431-4eb9-a57e-c7f220b460a0,2024-07-26 10:18:00,b3406af8-c4a9-4d2d-9e30-e06f3da01c15,500,40,540
af4b8075-c5a9-467a-82ad-f89638bae784,575b1246-f573-4082-863e-3db2825636be,2024-07-26 13:09:00,b3406af8-c4a9-4d2d-9e30-e06f3da01c15,600,48,648
ddcf50e4-f642-4b49-8e6d-f9294002ac39,275e94da-aa8e-4a58-a71a-2ed78ee42b09,2024-07-26 12:57:00,b3406af8-c4a9-4d2d-9e30-e06f3da01c15,400,32,432
199b8999-4fa0-4f28-b610-49572d7b070d,4e118a6e-8d00-4fbf-b3a7-1c2dd411d8f0,2024-07-26 07:33:00,b3406af8-c4a9-4d2d-9e30-e06f3da01c15,400,32,432
c02131f2-d4aa-4c93-96a8-eafbe223cc28,22fac9d3-80e8-4460-a840-888ca04de01c,2024-07-26 07:47:00,b3406af8-c4a9-4d2d-9e30-e06f3da01c15,500,40,540
3cf6641e-23b9-4fd9-8e58-e48f4203053b,8358cc3a-5993-44f8-aa25-4fb0dcbbad6e,2024-07-26 12:38:00,b3406af8-c4a9-4d2d-9e30-e06f3da01c15,2200,176,2376
1bd4aa80-1993-48b7-a927-28358fdbd04e,88ceab79-75e6-4db6-a2bc-acd9ba60dbf3,2024-07-26 07:49:00,b3406af8-c4a9-4d2d-9e30-e06f3da01c15,600,48,648
53a7175a-7e5a-42db-a31c-7a9ec65f2118,88effe09-4c26-4803-beff-503926d7cec1,2024-07-26 13:03:00,b3406af8-c4a9-4d2d-9e30-e06f3da01c15,5300,424,5724
1afd004a-5f09-4bb3-bb07-81f6489c555c,8a2408e6-00a5-46d4-924f-b41ebe3d654c,2024-07-26 14:47:00,b3406af8-c4a9-4d2d-9e30-e06f3da01c15,400,32,432
621c3639-77c6-4e6c-ae14-ca6ce8a373a6,3b2e6b11-b740-4416-989f-d333d59d01e3,2024-07-26 14:16:00,b3406af8-c4a9-4d2d-9e30-e06f3da01c15,2200,176,2376
15a93aff-6df4-49bf-b308-42e9373c1218,239435ac-7176-47ce-b7dc-bd339b0a5b87,2024-07-26 12:02:00,b3406af8-c4a9-4d2d-9e30-e06f3da01c15,700,56,756
4cafcf50-892d-4a48-be10-896a1c2ee314,4302cbf3-971a-478c-b463-eb3284027248,2024-07-26 08:51:00,b3406af8-c4a9-4d2d-9e30-e06f3da01c15,600,48,648
f2364cb1-d5e8-4b86-b676-6de9d270510d,4cfbac8b-49fa-4480-b23c-2b3a3206d25c,2024-07-26 12:26:00,b3406af8-c4a9-4d2d-9e30-e06f3da01c15,600,48,648
1d5c499f-e4ea-40a5-8fe3-86f430c6af43,51b16cf1-5300-4593-9472-80ede31dc299,2024-07-26 09:55:00,b3406af8-c4a9-4d2d-9e30-e06f3da01c15,600,48,648
53c93094-8231-467f-a29b-d0070659ecef,842933c0-5512-4685-8352-54b6acbce721,2024-07-26 12:23:00,b3406af8-c4a9-4d2d-9e30-e06f3da01c15,2100,168,2268
68472bb7-f205-4b76-af29-8db944676cd3,3b957f8f-558e-4c9c-b7be-6dd661554b79,2024-07-26 07:44:00,b3406af8-c4a9-4d2d-9e30-e06f3da01c15,500,40,540
2d86b4bb-fb22-4f67-9924-da929cbf0ea9,064cf927-4d76-4a1c-96e2-0e2849fe3247,2024-07-26 09:36:00,b3406af8-c4a9-4d2d-9e30-e06f3da01c15,600,48,648
06dc48a3-8b74-4abc-8ef0-5ab762e2e1ef,e7557980-b703-4b75-9726-ca57793ec2f7,2024-07-26 08:29:00,b3406af8-c4a9-4d2d-9e30-e06f3da01c15,400,32,432
d42d4b92-3fc0-4085-89e5-bcfb1f869536,d7538bff-54f1-40cf-b3e0-cf3244e312de,2024-07-26 14:36:00,b3406af8-c4a9-4d2d-9e30-e06f3da01c15,700,56,756
f9ecf369-0e84-4efd-9204-e7afcc0f5330,f72f6178-4c84-4146-84e0-42c9b2bdd0ef,2024-07-26 10:28:00,b3406af8-c4a9-4d2d-9e30-e06f3da01c15,400,32,432
8d124d82-1a45-4ebd-b11a-67ac9b70f680,84246c00-52db-4135-ac94-c99469e4864f,2024-07-26 17:28:00,b3406af8-c4a9-4d2d-9e30-e06f3da01c15,600,48,648
0291d91d-ce80-41a3-903c-c7ea38fe52a7,253c99a5-b969-491d-8525-0b736e9ffc7f,2024-07-26 07:00:00,b3406af8-c4a9-4d2d-9e30-e06f3da01c15,2300,184,2484
f956b5e5-24fe-474b-9627-cc48375d9d3f,279bb9eb-274e-4d3f-8214-4a0b76d8f3dd,2024-07-26 15:41:00,b3406af8-c4a9-4d2d-9e30-e06f3da01c15,400,32,432
92d6b71e-eb39-41b0-8d5c-726a0ad98c97,b6a5a2fe-4d99-493c-8308-800f7aa53561,2024-07-26 11:23:00,b3406af8-c4a9-4d2d-9e30-e06f3da01c15,700,56,756
ac996651-3029-4329-9e08-f8ce18b59981,18c2a401-ed3f-4f2e-a7fb-e7e29cb6037f,2024-07-26 10:02:00,b3406af8-c4a9-4d2d-9e30-e06f3da01c15,0,0,0
5476309b-4d05-4baf-8553-132b8d90510d,a2091e93-b175-4a4d-a1ad-22e65dd882e2,2024-07-26 16:17:00,b3406af8-c4a9-4d2d-9e30-e06f3da01c15,500,40,540
8e307ab9-d683-4d6d-a7b6-fd5a0b02574d,ec4b1e07-796f-47db-9441-9f4618fe7125,2024-07-26 14:06:00,b3406af8-c4a9-4d2d-9e30-e06f3da01c15,3700,296,3996
9e7507e6-2cbc-4783-93fa-139b7562ddd7,fe61d173-a5a0-4639-9464-a1f7719807fa,2024-07-26 07:21:00,b3406af8-c4a9-4d2d-9e30-e06f3da01c15,400,32,432
2be56f9d-7b95-4438-bff9-184ee5c2293b,feeba5b2-ee35-494f-bf9a-fc5317519eca,2024-07-26 07:00:00,b3406af8-c4a9-4d2d-9e30-e06f3da01c15,700,56,756
41242cc0-56b7-4a4e-8e7a-dd99579eb3df,c6199251-a226-4c23-92e7-d79c30862553,2024-07-26 10:52:00,b3406af8-c4a9-4d2d-9e30-e06f3da01c15,2800,224,3024
ccea6f79-5b88-468e-94c3-bbc31356a2a4,c65ff255-8363-4bfb-9389-cdd7a2336e07,2024-07-26 14:23:00,b3406af8-c4a9-4d2d-9e30-e06f3da01c15,1300,104,1404
a7ef35c1-acc1-42fc-9c3c-67b32d434dd5,f936063f-c76b-4cf1-a9a6-63235e91e4b0,2024-07-26 08:28:00,b3406af8-c4a9-4d2d-9e30-e06f3da01c15,3300,264,3564
f4c284f6-b116-4b25-9dd8-78660738d08a,3a64cc8e-a202-43c8-bd5c-a3261b2413eb,2024-07-26 16:24:00,b3406af8-c4a9-4d2d-9e30-e06f3da01c15,400,32,432
be8de2bb-c8f1-4adf-b648-ce5c1f076cc3,3dcda216-30ce-47c1-b61e-64e7f3fd38dc,2024-07-26 08:43:00,b3406af8-c4a9-4d2d-9e30-e06f3da01c15,600,48,648
23c0b2c4-2daf-4380-a9b5-ab1636223d73,4c14b657-2a3c-4ea5-9948-df7e1566baba,2024-07-26 08:31:00,b3406af8-c4a9-4d2d-9e30-e06f3da01c15,600,48,648
4cbe0c90-a5f2-4e13-a174-362ceab59752,44835168-a3c6-4c3a-afd2-f6c657bb8ed0,2024-07-26 07:51:00,b3406af8-c4a9-4d2d-9e30-e06f3da01c15,500,40,540
f8d1df67-1cdd-49a8-884b-168b2d3fbd15,1b67a578-3e3a-496f-b2db-2e233b75a057,2024-07-26 07:00:00,b3406af8-c4a9-4d2d-9e30-e06f3da01c15,600,48,648
d3a46424-654b-4b23-ab60-a3423e3953b0,05617299-025b-4e35-82e6-3129af08b43b,2024-07-26 07:42:00,b3406af8-c4a9-4d2d-9e30-e06f3da01c15,600,48,648
c385df6c-03da-471a-b90f-f2fee3bbe622,a2000870-ced8-44cc-9747-f8f7d5b5499d,2024-07-26 10:39:00,b3406af8-c4a9-4d2d-9e30-e06f3da01c15,1500,120,1620
38befbca-6faa-404a-abfa-6aaea64417f2,9ad4d7d0-7c6e-4062-b82a-6c1a852fedae,2024-07-26 07:18:00,b3406af8-c4a9-4d2d-9e30-e06f3da01c15,500,40,540
df305a6b-82bb-431c-ae71-c1d2223fcd6d,c42b0f6f-93ab-4eca-8dc6-c5bbece44b0b,2024-07-26 13:25:00,b3406af8-c4a9-4d2d-9e30-e06f3da01c15,1800,144,1944
444d3879-0c46-4cec-be70-52f86b729c27,c4d9214e-1a8a-4572-ab3c-d4d92c02af28,2024-07-26 08:12:00,b3406af8-c4a9-4d2d-9e30-e06f3da01c15,600,48,648
a82f6a00-19a2-476c-83c7-245c55c0f450,4149b269-ecae-4eb4-8545-98839f516b6a,2024-07-26 12:05:00,b3406af8-c4a9-4d2d-9e30-e06f3da01c15,1700,136,1836
f7859258-810b-4471-a547-451e3517137c,96926c2b-1043-47ff-8850-51e5bf2f14d8,2024-07-26 08:31:00,b3406af8-c4a9-4d2d-9e30-e06f3da01c15,500,40,540
165d9a6a-005c-4354-87fe-dbffba810176,4a9277ea-471b-44e3-91d1-812ae38ee0af,2024-07-26 07:03:00,b3406af8-c4a9-4d2d-9e30-e06f3da01c15,500,40,540
665d346e-4a30-4caf-842f-02e997a7ffa6,c363df3a-cefa-46da-aab7-940b980cae89,2024-07-26 08:19:00,b3406af8-c4a9-4d2d-9e30-e06f3da01c15,400,32,432
1f46c03a-0ed7-4240-9b6d-b1c354dbfc35,da1d52ce-844e-47b9-aeb1-873344c86ed5,2024-07-26 12:04:00,b3406af8-c4a9-4d2d-9e30-e06f3da01c15,500,40,540
f3053889-e887-46c3-91f2-3b2ad5f92a3e,88128252-2a15-43e6-9f6b-d087b22720a9,2024-07-26 08:25:00,b3406af8-c4a9-4d2d-9e30-e06f3da01c15,600,48,648
bddd5e54-cde5-46e7-b644-78a2c144cd13,27aa2e5e-189e-4554-bd68-cdc6769ac85e,2024-07-26 08:02:00,b3406af8-c4a9-4d2d-9e30-e06f3da01c15,600,48,648
2c9d2145-cb59-44ed-b438-febe4154cbea,935f8df0-9ed4-421f-a330-c022fd690f49,2024-07-26 07:44:00,b3406af8-c4a9-4d2d-9e30-e06f3da01c15,700,56,756
528dd6fd-7bf9-4cde-9fbc-53c23eaf0e9f,a0adc3c2-77d8-4e4b-a254-525252d95ff2,2024-07-26 12:05:00,b3406af8-c4a9-4d2d-9e30-e06f3da01c15,500,40,540
37268271-8541-43ad-8544-b59cedc84f8b,8b254b72-c00b-42d4-8b23-55801d3496e2,2024-07-26 15:05:00,b3406af8-c4a9-4d2d-9e30-e06f3da01c15,1700,136,1836
c75948b9-a11a-4223-8eb3-7d4ec8e3e8ed,bf98777f-16f7-465d-a17c-31e1ae97506b,2024-07-26 13:32:00,b3406af8-c4a9-4d2d-9e30-e06f3da01c15,600,48,648
ba15fd8e-a48c-493a-8057-761c3f6f995b,4dc43541-9eb4-418a-af40-7b08737d3c43,2024-07-26 07:44:00,b3406af8-c4a9-4d2d-9e30-e06f3da01c15,600,48,648
015d0187-08e5-4aec-b829-c189993939c1,23c89686-b6e1-4cb4-8afe-527a20aeede9,2024-07-26 07:56:00,b3406af8-c4a9-4d2d-9e30-e06f3da01c15,600,48,648
c84fbb74-f685-478b-83e5-0c989e2d628d,095bf03a-d1cd-4d20-abd1-3f4739172cf4,2024-07-26 07:00:00,b3406af8-c4a9-4d2d-9e30-e06f3da01c15,2500,200,2700
ebdfb96e-af14-4542-ac22-f418a496d56c,80beca59-cd9e-4ff3-9d94-e1c6879c1316,2024-07-26 07:53:00,b3406af8-c4a9-4d2d-9e30-e06f3da01c15,400,32,432
19c0dc9d-da07-4f28-935f-ad4e89ce7ca3,2efd88fb-9b50-48f6-817a-ca2c8541cfd1,2024-07-26 08:15:00,b3406af8-c4a9-4d2d-9e30-e06f3da01c15,600,48,648
431b81e7-fd3f-4793-a708-4f9016865dab,39138df5-0ee9-413c-9571-c4df064cba64,2024-07-26 07:32:00,b3406af8-c4a9-4d2d-9e30-e06f3da01c15,600,48,648
bafc9be7-699a-45bf-8e6a-1829201069aa,bb64b1cb-a9ad-41d3-b2fc-4335f2918759,2024-07-26 09:50:00,b3406af8-c4a9-4d2d-9e30-e06f3da01c15,700,56,756
9739d0ec-ad61-42e3-8719-422b1cedcda7,ff60ce7b-ad40-4cfd-b093-f5592bb22810,2024-07-26 13:34:00,b3406af8-c4a9-4d2d-9e30-e06f3da01c15,600,48,648
a4bf60f9-bef1-48e1-9de9-8b234ef260cd,f375e828-1afb-4b45-89c1-26c16035508f,2024-07-26 15:40:00,b3406af8-c4a9-4d2d-9e30-e06f3da01c15,600,48,648
b3880d73-6af6-4653-8af6-172aeb0bf9c0,ecb26b3c-a58f-4237-90c2-d5f78efb30db,2024-07-26 11:16:00,b3406af8-c4a9-4d2d-9e30-e06f3da01c15,1200,96,1296
8fbc3113-d0a1-42e0-a4b5-41892e03eb1b,76c7924f-d1ef-4af5-b145-514191a0d17f,2024-07-26 09:23:00,b3406af8-c4a9-4d2d-9e30-e06f3da01c15,600,48,648
f091db0b-c700-41ee-8ed0-9c68201bb1aa,8aa9665b-27f4-4c93-a9d6-edfa376819e1,2024-07-26 10:05:00,b3406af8-c4a9-4d2d-9e30-e06f3da01c15,500,40,540
695b20e8-3788-490e-bd68-7e05ca3120f3,5e48221c-cae5-43ec-97c4-8c92051a16a4,2024-07-26 13:05:00,b3406af8-c4a9-4d2d-9e30-e06f3da01c15,600,48,648
71823c23-646a-46de-8f19-04c64fc301e4,e153b65e-f6c1-4043-932d-e1357a7d50e7,2024-07-26 08:31:00,b3406af8-c4a9-4d2d-9e30-e06f3da01c15,600,48,648
f82dfb32-8f06-4c11-8c6a-d78464dcca5c,13a7703d-03d1-4063-84ca-b89d789a1738,2024-07-26 08:14:00,b3406af8-c4a9-4d2d-9e30-e06f3da01c15,400,32,432
04f5fcac-f0d7-4841-be59-83364251efbd,47bdc2f3-2221-45ba-87aa-957ae3eca21b,2024-07-26 13:39:00,b3406af8-c4a9-4d2d-9e30-e06f3da01c15,600,48,648
7a951b70-2fe7-4726-8397-b77f94456746,23c6e968-0007-4538-b4a8-90dfd7c6a128,2024-07-26 12:02:00,b3406af8-c4a9-4d2d-9e30-e06f3da01c15,500,40,540
653a8618-24b7-4556-8b05-d8ec11f53a1c,d8b32b5c-b453-46b3-972f-a82740c80425,2024-07-26 18:24:00,b3406af8-c4a9-4d2d-9e30-e06f3da01c15,600,48,648
2b1f0dc0-8372-4977-80ae-ece34ad5ef73,1b4695e3-474d-4a57-8330-b29e2b1e34a4,2024-07-26 07:38:00,b3406af8-c4a9-4d2d-9e30-e06f3da01c15,700,56,756
df5f6d4c-e504-42ee-aed5-196131b9a034,5baa0737-66e1-4769-a9bd-d3f5136cfb42,2024-07-26 16:53:00,b3406af8-c4a9-4d2d-9e30-e06f3da01c15,500,40,540
22cde06c-ebda-41e1-aa14-be67a86065c0,80a49a51-3aad-4ab0-a876-84ac983a1ecb,2024-07-26 07:44:00,b3406af8-c4a9-4d2d-9e30-e06f3da01c15,400,32,432
053e8858-1b02-4ea5-adda-91db8b3d2968,7b930b65-6a9e-4445-8ae1-1503b76ac988,2024-07-26 07:31:00,b3406af8-c4a9-4d2d-9e30-e06f3da01c15,600,48,648
a011b225-f9fb-4885-a49d-05f9149f85d0,d6d9d62c-9cb2-454b-8d33-46481d62557b,2024-07-26 11:41:00,b3406af8-c4a9-4d2d-9e30-e06f3da01c15,600,48,648
cd04686d-a378-47ed-bb41-a4470339c1d2,5d9f037d-9045-46b5-99b7-f51314dfe487,2024-07-26 11:47:00,b3406af8-c4a9-4d2d-9e30-e06f3da01c15,700,56,756
75319702-348e-4f94-8b1d-d351890f4504,8a87962d-68e3-4597-b43e-27b048d4439d,2024-07-26 13:04:00,b3406af8-c4a9-4d2d-9e30-e06f3da01c15,500,40,540
ea1a1ca8-e000-4e32-bbb2-d65c64a3c652,9f3d6f04-8cfa-44c8-9be8-f6257a05765d,2024-07-26 12:11:00,b3406af8-c4a9-4d2d-9e30-e06f3da01c15,600,48,648
51517ca5-2ddd-46b3-85d9-05914f228682,361f6a4e-0eaa-4595-9086-b3ad40e8a618,2024-07-26 08:11:00,b3406af8-c4a9-4d2d-9e30-e06f3da01c15,400,32,432
e980796c-46ab-43ef-b905-e344514adc77,6b6847b1-c79c-4831-969c-e1b95141232c,2024-07-26 07:28:00,b3406af8-c4a9-4d2d-9e30-e06f3da01c15,400,32,432
04c3817d-fb7a-422b-9a8a-20210090e9e2,ab9ec2ba-efbc-40af-a2d9-15186dd81cd4,2024-07-26 12:22:00,b3406af8-c4a9-4d2d-9e30-e06f3da01c15,600,48,648
21f61943-9a79-46ef-a211-02d984c57297,c14a5811-3017-4d1f-bd5b-9ccd885f4dee,2024-07-26 15:20:00,b3406af8-c4a9-4d2d-9e30-e06f3da01c15,600,48,648
86d1068f-4309-4e88-8974-4e7c84d4aac2,6f778558-31ec-4f18-a44e-cc3c6ae30cfb,2024-07-26 09:35:00,b3406af8-c4a9-4d2d-9e30-e06f3da01c15,4000,320,4320
717e951b-c065-4607-8f48-7ba0e4d7e5ba,d1632fc8-d982-4a8a-8ef9-53a6c238f72c,2024-07-26 13:27:00,b3406af8-c4a9-4d2d-9e30-e06f3da01c15,400,32,432
889526dd-f136-44d9-ad46-a04f6f0a0f15,621183af-0262-460a-ba41-8fcd61b78119,2024-07-26 14:50:00,b3406af8-c4a9-4d2d-9e30-e06f3da01c15,1800,144,1944
c7df77d0-7ffe-4543-b096-007a928313bb,a5b4ca03-0415-4ab0-887f-e9c900e32790,2024-07-26 18:47:00,b3406af8-c4a9-4d2d-9e30-e06f3da01c15,1800,144,1944
65b556cc-7f96-499a-a324-8d0d283b0b39,fce60606-1c32-4073-abab-5e73f36b3302,2024-07-26 07:52:00,b3406af8-c4a9-4d2d-9e30-e06f3da01c15,400,32,432
0077947c-e5eb-4773-b40a-8f0fdd111f04,cbcda1f0-7b97-4053-ad4b-cc4b5a76e903,2024-07-26 08:02:00,b3406af8-c4a9-4d2d-9e30-e06f3da01c15,600,48,648
ff98e64c-9204-44c9-b881-11b6f4e6c49b,52b280cc-66a1-4aff-a315-65a3e08ba082,2024-07-26 07:52:00,b3406af8-c4a9-4d2d-9e30-e06f3da01c15,600,48,648
bf639f3c-51a3-4bc5-9039-d16150cb6093,db206fbc-6df6-47aa-9f6c-7d3bdce9e3c5,2024-07-26 07:34:00,b3406af8-c4a9-4d2d-9e30-e06f3da01c15,400,32,432
da3cbf76-b02a-4bd2-ba41-d434672834b9,6ed4fff1-f154-471e-b304-f0a6506925bb,2024-07-26 18:04:00,b3406af8-c4a9-4d2d-9e30-e06f3da01c15,2600,208,2808
f56daeea-ff3a-49e1-a323-2c4d9c10771c,c2085572-8827-4de1-ac06-5f3d40324313,2024-07-26 08:17:00,b3406af8-c4a9-4d2d-9e30-e06f3da01c15,400,32,432
099d0335-efae-4de9-8ac5-72baa68ed964,d4954aec-b60d-426c-9058-f2d3d61ecf7f,2024-07-26 14:24:00,b3406af8-c4a9-4d2d-9e30-e06f3da01c15,2000,160,2160
745e199c-f551-476f-9f8b-d9d3560b2b63,8429261b-8ba3-41d8-beda-f33f31540c22,2024-07-26 09:34:00,b3406af8-c4a9-4d2d-9e30-e06f3da01c15,500,40,540
ca06ce92-0c17-4d99-9831-0a580de72d1c,3254d2fb-f762-4502-ad4f-6f57b4a21620,2024-07-26 08:03:00,b3406af8-c4a9-4d2d-9e30-e06f3da01c15,600,48,648
0da42a11-a043-4e15-8174-5fe63a8328d0,794398f0-d003-410e-81b9-97cfb53b31d1,2024-07-26 19:02:00,b3406af8-c4a9-4d2d-9e30-e06f3da01c15,1700,136,1836
5a411595-a624-40a6-b995-0630eac68bae,39fb828a-b832-4f0a-8967-0e343ba7c360,2024-07-26 16:58:00,b3406af8-c4a9-4d2d-9e30-e06f3da01c15,400,32,432
3c9e82af-188b-4310-a275-19d2a74971a9,e84bffdc-b85d-42a5-900a-67979727373d,2024-07-26 08:00:00,b3406af8-c4a9-4d2d-9e30-e06f3da01c15,600,48,648
341c881f-d377-43b9-8bdc-ff5784fb8137,0acbf411-6839-44f0-8956-631074bb22e0,2024-07-26 10:34:00,b3406af8-c4a9-4d2d-9e30-e06f3da01c15,600,48,648
be13f608-5b19-474b-8a6d-b68f192ead2a,25ac8d3c-f20d-445c-98a5-92ba07716d01,2024-07-26 08:52:00,b3406af8-c4a9-4d2d-9e30-e06f3da01c15,400,32,432
333ecbf5-846a-4e26-a4c1-40f6190f293d,1892dd7a-8ba7-4839-891c-a1faa3c38b01,2024-07-26 10:08:00,b3406af8-c4a9-4d2d-9e30-e06f3da01c15,600,48,648
f3b77c29-ea5e-4e65-8bef-b04a25801dfb,1d402c5f-2fac-4f95-9d30-6ef180da3feb,2024-07-26 15:11:00,b3406af8-c4a9-4d2d-9e30-e06f3da01c15,600,48,648
a3ddbc83-b9b1-4ddd-aed2-b49fa978c29f,235014d2-591b-47a1-bbff-aeb890034fd3,2024-07-26 13:14:00,b3406af8-c4a9-4d2d-9e30-e06f3da01c15,400,32,432
df3d96a7-7edd-4c9b-856a-8b53ecd1f708,f2f7747d-afbe-47b0-b53b-b1befdd2248f,2024-07-26 07:29:00,b3406af8-c4a9-4d2d-9e30-e06f3da01c15,400,32,432
618122a2-2c9d-4c3f-a148-297a295e0e97,9218401a-a3fe-4361-b974-75ab3912ede2,2024-07-26 07:00:00,b3406af8-c4a9-4d2d-9e30-e06f3da01c15,600,48,648
d5a5768f-70e9-4e67-8b8c-1319d523c63a,8d65ca70-f409-4ca5-8358-00184b8ca792,2024-07-26 07:47:00,b3406af8-c4a9-4d2d-9e30-e06f3da01c15,600,48,648
88d0d817-e37f-4ce3-8183-b9afbd92175a,a458afe9-c65f-409f-8219-b305bca5a3cf,2024-07-26 08:01:00,b3406af8-c4a9-4d2d-9e30-e06f3da01c15,500,40,540
9be1846f-8031-481c-a646-87ba4cb79995,b2f61eb0-f9d4-4c93-b37f-26081e1fe30a,2024-07-26 17:57:00,b3406af8-c4a9-4d2d-9e30-e06f3da01c15,800,64,864
7b13ff11-d3b5-4214-a7f3-f79807cd0cc8,2081c2ba-1558-415a-9655-67c39408f146,2024-07-26 16:56:00,b3406af8-c4a9-4d2d-9e30-e06f3da01c15,1200,96,1296
b8a06597-ba24-4538-a802-015455135005,86b0709f-3cb4-4745-a48f-d886fb407676,2024-07-26 07:00:00,b3406af8-c4a9-4d2d-9e30-e06f3da01c15,500,40,540
aa90c663-dda2-4d0e-a4ae-974d230d5376,a007d2c8-f005-484a-9bba-492bde02b53a,2024-07-26 08:02:00,b3406af8-c4a9-4d2d-9e30-e06f3da01c15,600,48,648
b6c19d20-42a5-4d52-806a-829b1f861f2a,e16a6ba6-9dd7-494f-8317-85068747c218,2024-07-26 07:47:00,b3406af8-c4a9-4d2d-9e30-e06f3da01c15,500,40,540
8e6fd113-a12f-47b4-8d87-893f663dd188,2f45a670-e065-4371-8202-083f6698877c,2024-07-26 15:54:00,b3406af8-c4a9-4d2d-9e30-e06f3da01c15,2400,192,2592
c0018e39-ee95-48a3-a6f6-c71fedd90939,0a99f923-70d6-40f5-8870-92a09715bce2,2024-07-26 08:15:00,b3406af8-c4a9-4d2d-9e30-e06f3da01c15,400,32,432
012d59bd-4d9a-4770-a774-f948fb03fa20,c7ae24da-fb5c-469e-b470-e2aea0050b1b,2024-07-26 11:08:00,b3406af8-c4a9-4d2d-9e30-e06f3da01c15,600,48,648
4ee89c0a-37d6-44b5-9dcd-9d423a91d773,31934ece-77ac-425f-a29c-8c5460f3ab19,2024-07-26 14:12:00,b3406af8-c4a9-4d2d-9e30-e06f3da01c15,700,56,756
f6418d27-03b4-46fe-9fd7-48830855180d,27007e99-75c0-4708-bd7c-7d588972a823,2024-07-26 07:31:00,b3406af8-c4a9-4d2d-9e30-e06f3da01c15,500,40,540
54f6e175-4c84-4590-8e0b-a74ee0a92a7c,7d0d3560-9574-4d65-a9b3-a026cb9b0bbe,2024-07-26 10:17:00,b3406af8-c4a9-4d2d-9e30-e06f3da01c15,600,48,648
62ffcdf9-c2e5-49d9-b43d-5df7e7c72a1e,5c34ed01-e5d5-4589-b968-4286a6b2c3cf,2024-07-26 08:04:00,b3406af8-c4a9-4d2d-9e30-e06f3da01c15,400,32,432
3baa7587-b220-4017-b009-cc2a4b4b26a7,f986eceb-8694-41cf-ae4c-2be2024e8781,2024-07-26 07:59:00,b3406af8-c4a9-4d2d-9e30-e06f3da01c15,600,48,648
dbff862b-cd89-4574-bc33-949f1cdb9616,0e12aa9f-f4e0-4e16-93b6-10b7083ca873,2024-07-26 11:02:00,b3406af8-c4a9-4d2d-9e30-e06f3da01c15,700,56,756
4a274dfd-83ba-4e4d-804f-44562839f263,b4d7bbaf-cc87-47f2-a964-1a64d7d18e19,2024-07-26 07:54:00,b3406af8-c4a9-4d2d-9e30-e06f3da01c15,400,32,432
d0bc54f5-7b3c-4400-aadc-8eb0bc775482,6e33e101-a26d-4b95-b7a0-e5a77ebc64dd,2024-07-26 08:12:00,b3406af8-c4a9-4d2d-9e30-e06f3da01c15,400,32,432
49a01268-ef71-4546-9a6d-f18f58ea0c16,25ca8a8e-9061-4213-96b1-6691e7a73e63,2024-07-26 18:05:00,b3406af8-c4a9-4d2d-9e30-e06f3da01c15,500,40,540
433ab945-81c0-4374-aaa0-b966207bf802,4c529355-b86a-410a-bd67-d69a08e26469,2024-07-26 12:12:00,b3406af8-c4a9-4d2d-9e30-e06f3da01c15,600,48,648
af03447d-ecc8-4913-9910-bcf66de7b6a0,e1850c0e-781b-4ab6-9df3-0574ffb34203,2024-07-26 07:57:00,b3406af8-c4a9-4d2d-9e30-e06f3da01c15,600,48,648
ea35883d-4f65-420f-aeda-e6af106f6a07,ec153219-abcb-4073-8ea0-61706b75c2d4,2024-07-26 19:19:00,b3406af8-c4a9-4d2d-9e30-e06f3da01c15,500,40,540
bf38c39e-8239-4b08-9f44-b5f973a78c48,306845f9-3a60-4c21-b7dc-7097dd33a2b5,2024-07-26 09:56:00,b3406af8-c4a9-4d2d-9e30-e06f3da01c15,2300,184,2484
24803cb7-c127-47d0-92e3-9cd20b7f9de0,b8ebe9c1-1add-4673-afe5-93f07113de45,2024-07-26 11:57:00,b3406af8-c4a9-4d2d-9e30-e06f3da01c15,3100,248,3348
22973cb1-4ecc-4f41-a1b7-2898d8b4f4e2,f487f45c-143d-4d73-9d45-d6d9a100bafa,2024-07-26 07:23:00,b3406af8-c4a9-4d2d-9e30-e06f3da01c15,400,32,432
002f158e-cc22-4e78-8156-aa1d0b5018b3,abb9bca3-59ae-4a9f-b115-16c1c3bf57ef,2024-07-26 08:39:00,b3406af8-c4a9-4d2d-9e30-e06f3da01c15,600,48,648
2b4f8095-b779-490a-a6cc-490be733fdcb,4a26cec1-b080-40ee-967d-31caa23f742c,2024-07-26 12:35:00,b3406af8-c4a9-4d2d-9e30-e06f3da01c15,2600,208,2808
127a224b-9962-4899-9be6-a7228b4f3c9c,e7cdd862-6c8e-4af5-91e8-e017767a279b,2024-07-26 13:53:00,b3406af8-c4a9-4d2d-9e30-e06f3da01c15,500,40,540
1ed8065e-649f-4ce6-b9b8-53b32cd661b8,a1932494-1e79-4f11-90d6-2c3d14b17ff9,2024-07-26 07:29:00,b3406af8-c4a9-4d2d-9e30-e06f3da01c15,400,32,432
6dea64fd-1b0c-49b2-85d0-930c5daf14d7,0a996dc6-ec23-473c-964f-78456fbcf5da,2024-07-26 08:43:00,b3406af8-c4a9-4d2d-9e30-e06f3da01c15,600,48,648
a88069db-1529-4211-9808-d382c3ab6fee,598e831c-2388-4cb6-9cf0-22e14fee9400,2024-07-26 12:50:00,b3406af8-c4a9-4d2d-9e30-e06f3da01c15,600,48,648
b9fed9e0-4087-4e6f-b98a-4a05e5bab2b5,09afb464-d131-423d-a7a7-10d3f6093399,2024-07-26 08:15:00,b3406af8-c4a9-4d2d-9e30-e06f3da01c15,600,48,648
37727330-df6b-4327-9ebe-96c645931f0b,3d7bff9e-08f3-4526-8477-6d619bcbaace,2024-07-26 16:32:00,b3406af8-c4a9-4d2d-9e30-e06f3da01c15,1500,120,1620
3ec8b240-7a4e-4e49-82ea-90454576af13,96a08a67-3a4f-4c5f-a78b-79cc00ce235c,2024-07-26 07:02:00,b3406af8-c4a9-4d2d-9e30-e06f3da01c15,700,56,756
dc73a09f-59ff-474f-9f84-57e44f6c6d76,608ca642-8a7f-4061-86a0-b0b6ca27da21,2024-07-26 17:08:00,b3406af8-c4a9-4d2d-9e30-e06f3da01c15,2400,192,2592
72e05970-67fb-44e4-87b2-7487571bdc28,ef1fba28-a42f-40cf-8279-cc78382e4a4d,2024-07-26 10:12:00,b3406af8-c4a9-4d2d-9e30-e06f3da01c15,600,48,648
55654c22-07e6-4eba-bb30-87b522385f09,a1ad81da-9458-4b70-a0ef-c189af7d837c,2024-07-26 09:08:00,b3406af8-c4a9-4d2d-9e30-e06f3da01c15,600,48,648
680ae986-fee6-4189-a332-9fc74cfcb83d,318d3c38-cc45-4e02-bc63-99141525c4f3,2024-07-26 09:00:00,b3406af8-c4a9-4d2d-9e30-e06f3da01c15,600,48,648
74cfed3a-c6a1-4283-b701-60d6eb8a7e20,0a0e52b6-cde9-4602-8769-b9c061d710b3,2024-07-26 16:45:00,b3406af8-c4a9-4d2d-9e30-e06f3da01c15,400,32,432
c9aae44b-ec52-4916-8b3c-2f69e1dc7147,e0a6f2cd-e20c-413e-b17e-49ee6bd43cfa,2024-07-26 11:51:00,b3406af8-c4a9-4d2d-9e30-e06f3da01c15,2300,184,2484
8f9924c3-5b8a-4f49-8277-c9d5839d315a,03e63491-df23-46b5-aa4e-70612e0286c3,2024-07-26 07:13:00,b3406af8-c4a9-4d2d-9e30-e06f3da01c15,700,56,756
b76f2913-9320-4150-8f2b-f047016cb686,f84d9433-99fb-4dc1-a7b4-ed28df01589c,2024-07-26 07:58:00,b3406af8-c4a9-4d2d-9e30-e06f3da01c15,500,40,540
098d7884-1adf-43ea-ba1b-a55a316f9e0a,89f23a88-e155-403c-81b7-74624a2a8b7c,2024-07-26 07:48:00,b3406af8-c4a9-4d2d-9e30-e06f3da01c15,500,40,540
a5832c53-6550-4064-ab40-7c5e84c31c96,6955924f-52b4-4a14-8a1a-4141c64f990f,2024-07-26 08:37:00,b3406af8-c4a9-4d2d-9e30-e06f3da01c15,600,48,648
def7c78f-789f-4cd8-b67f-d22928094847,3ced9be5-34a5-4ecb-b0c6-0914d923f289,2024-07-26 07:48:00,b3406af8-c4a9-4d2d-9e30-e06f3da01c15,400,32,432
c1318449-3db0-4a0f-91d4-96bc9b7dddc9,0f3e973c-42e0-4b6d-8940-db51a4fbdfaf,2024-07-26 08:44:00,b3406af8-c4a9-4d2d-9e30-e06f3da01c15,600,48,648
3f0e6257-9edf-4a48-90ca-cf1c13cfe73a,4a5e57dc-e244-4e0d-8e41-6c0deca10336,2024-07-26 08:54:00,b3406af8-c4a9-4d2d-9e30-e06f3da01c15,600,48,648
01c01b89-a511-4129-8b9c-ed0667e183df,31a4ccea-3d90-4e67-a6f8-8d990cfffd1a,2024-07-26 08:13:00,b3406af8-c4a9-4d2d-9e30-e06f3da01c15,600,48,648
3a1d81d1-53f9-4c4f-a927-06b5edfdddc6,86faf3a1-bcd6-4bd4-8900-ba8ed0ffe0f2,2024-07-26 07:33:00,b3406af8-c4a9-4d2d-9e30-e06f3da01c15,700,56,756
4d11f7d4-28de-4aab-8c09-d2de729b899a,87f0edf1-082f-460b-bc4f-9e72db2598ec,2024-07-26 08:21:00,b3406af8-c4a9-4d2d-9e30-e06f3da01c15,700,56,756
7cbea63c-aee3-433a-9d85-bf18c6db4f05,b7af6b39-c4de-481a-95b9-872e4b399c9e,2024-07-26 11:06:00,b3406af8-c4a9-4d2d-9e30-e06f3da01c15,1000,80,1080
9b0c49ea-e86f-4751-b16e-a97f682c4d3c,44a1345c-83cd-4105-bc81-eb61a59948bc,2024-07-26 08:54:00,b3406af8-c4a9-4d2d-9e30-e06f3da01c15,500,40,540
68b9d854-1f6d-4201-8018-788e136b91e1,abd96f0c-1f71-4940-b799-0029d8748822,2024-07-26 07:25:00,b3406af8-c4a9-4d2d-9e30-e06f3da01c15,400,32,432
02cc7124-192a-4abc-8046-1e98c9a3f675,5f9b70bf-6872-4382-8d21-99901b648a96,2024-07-26 13:18:00,b3406af8-c4a9-4d2d-9e30-e06f3da01c15,600,48,648
e89b6a96-0dff-4084-92b5-5c15207b2dbb,4fc91ffd-8a4a-40c0-bd26-2d6d00721265,2024-07-26 09:31:00,b3406af8-c4a9-4d2d-9e30-e06f3da01c15,1700,136,1836
8a7731a9-3559-4a10-a6fb-19b64a40c921,c26ac399-6c40-4f9c-8b03-1ec608843dee,2024-07-26 07:37:00,b3406af8-c4a9-4d2d-9e30-e06f3da01c15,600,48,648
b93132fb-13d1-4cee-a639-923df7e69247,9b2b7eb4-41b1-4bd2-85fd-8a53ff3daf67,2024-07-26 11:21:00,b3406af8-c4a9-4d2d-9e30-e06f3da01c15,600,48,648
ddc57447-8d8b-4543-b22c-b861af5cc795,41d3c1c8-55d5-47f3-9b6b-15af76bc1687,2024-07-26 11:31:00,b3406af8-c4a9-4d2d-9e30-e06f3da01c15,700,56,756
c9457c1f-3cc9-4ae0-bd8d-7748d98f25b6,d95f31c5-538e-45b8-b561-b1a13cdfef1e,2024-07-26 08:14:00,b3406af8-c4a9-4d2d-9e30-e06f3da01c15,600,48,648
19abafd6-1d1a-45de-a3a1-e5098009c781,d593cb3f-5c32-4ae8-b090-2b2d6cc364e0,2024-07-26 08:24:00,b3406af8-c4a9-4d2d-9e30-e06f3da01c15,500,40,540
02632d5a-b874-46e1-8d2a-8b5c82d3b1ed,722c012f-efd2-49d0-8fd3-047157c22e79,2024-07-26 07:00:00,b3406af8-c4a9-4d2d-9e30-e06f3da01c15,600,48,648
12e3f287-0e1a-4d95-9043-7766ea6852c7,6acbf0ba-f1c3-49cc-963a-d0c2f7c4d8f5,2024-07-26 07:45:00,b3406af8-c4a9-4d2d-9e30-e06f3da01c15,600,48,648
b6129ca4-cc94-48c0-98ff-60b715994a98,2a47cf71-066f-4856-941a-0dcedb495e25,2024-07-26 07:40:00,b3406af8-c4a9-4d2d-9e30-e06f3da01c15,600,48,648
10b7219e-34df-4ab9-b764-df6fa418a38e,dfcbcca6-3b8b-4b74-8b8a-35d542b61bea,2024-07-26 07:05:00,b3406af8-c4a9-4d2d-9e30-e06f3da01c15,600,48,648
9731f238-7c42-4233-9f4a-716b9926f121,5169248c-0343-424f-9004-6c4898defb2e,2024-07-26 13:00:00,b3406af8-c4a9-4d2d-9e30-e06f3da01c15,1200,96,1296
996629ad-4243-4049-998b-31fdc60d82ff,3e0bfbc5-de9c-4029-9e07-9abf3ea45e78,2024-07-26 08:13:00,b3406af8-c4a9-4d2d-9e30-e06f3da01c15,600,48,648
12b3fe49-acb8-466d-8dab-5fff34c1b685,19f5d8a1-6ea7-4cf1-a579-6255b6bfe1a2,2024-07-26 17:01:00,b3406af8-c4a9-4d2d-9e30-e06f3da01c15,2300,184,2484
53525711-8a70-44ec-8d78-3a46385d069a,5f7050b5-70b0-4e68-87ca-3057e2b22fec,2024-07-26 07:53:00,b3406af8-c4a9-4d2d-9e30-e06f3da01c15,600,48,648
4613697c-6cd6-43a3-80c9-d1b468e8449e,58618b9b-fd0a-4274-bbe4-0fe50a9d9a88,2024-07-26 15:10:00,b3406af8-c4a9-4d2d-9e30-e06f3da01c15,700,56,756
38c5d0d0-6bb6-4d21-96b0-550d6404dbe1,a4f9127b-d74a-4f58-810f-420971b161f1,2024-07-26 12:59:00,b3406af8-c4a9-4d2d-9e30-e06f3da01c15,2600,208,2808
84e4cc23-d33a-4c8d-ac29-42075e0e1458,ad313942-5f85-4732-8271-51d684aed9b6,2024-07-26 14:54:00,b3406af8-c4a9-4d2d-9e30-e06f3da01c15,1000,80,1080
993f2828-f1f1-4edf-b2de-0b93768ccc59,69f7975c-4dc8-44dc-a8cd-1ada09c809f4,2024-07-26 08:09:00,b3406af8-c4a9-4d2d-9e30-e06f3da01c15,700,56,756
62a1b9ad-96de-4a19-b546-b68b40fadd8b,93437d2a-3844-4289-b40d-fddae4789e9f,2024-07-26 07:10:00,b3406af8-c4a9-4d2d-9e30-e06f3da01c15,600,48,648
1c08a4dc-4a40-42c1-8646-981721b99a25,96f755ed-3cd7-4c7a-a270-c8decb7e333c,2024-07-26 08:08:00,b3406af8-c4a9-4d2d-9e30-e06f3da01c15,400,32,432
d95ee7b0-9637-44d6-9ff6-d73c9a116d57,5426db7a-b305-431e-981b-30fb5a510434,2024-07-26 07:36:00,b3406af8-c4a9-4d2d-9e30-e06f3da01c15,600,48,648
cebfd7e4-1309-4710-afb0-da8ce9ee2c61,6abd1eaa-ddec-4830-9213-0c88cbf37819,2024-07-26 07:07:00,b3406af8-c4a9-4d2d-9e30-e06f3da01c15,700,56,756
24119cd8-6798-486b-8474-2fe67d8eebae,da5f74ed-37ae-4e24-a565-e28f636b84c1,2024-07-26 07:57:00,b3406af8-c4a9-4d2d-9e30-e06f3da01c15,500,40,540
e6405fb9-af73-46c8-8113-a07047276363,15842696-4fc9-4c29-9996-308a244bddf6,2024-07-26 10:13:00,b3406af8-c4a9-4d2d-9e30-e06f3da01c15,0,0,0
4b9e0923-9202-41d8-954c-6347302a5628,f2c43620-2285-47a4-9419-0fb60eb8d25a,2024-07-26 07:47:00,b3406af8-c4a9-4d2d-9e30-e06f3da01c15,600,48,648
c83e6382-aafe-4ddd-83e6-f20007acaaba,3bd451ff-c133-4697-ac9d-1dfee63011f5,2024-07-26 13:31:00,b3406af8-c4a9-4d2d-9e30-e06f3da01c15,1100,88,1188
9d0726d6-7a16-4ff2-bcb8-5f66e7523a77,780dac38-0863-491a-b46d-bc3cd528c1e4,2024-07-26 08:25:00,b3406af8-c4a9-4d2d-9e30-e06f3da01c15,400,32,432
39c6fd19-e16f-4e62-a83d-7975292fe2be,f0ef0634-7b1f-4088-9657-9ad991d04f64,2024-07-26 07:46:00,b3406af8-c4a9-4d2d-9e30-e06f3da01c15,700,56,756
76070a0f-bc03-4429-ab0d-097e5efc0c50,d9345814-fb89-4e3f-9b22-312557035896,2024-07-26 08:47:00,b3406af8-c4a9-4d2d-9e30-e06f3da01c15,600,48,648
de79cf63-7944-490f-b9bc-42b8b1a6e8a1,b5b8ba14-c913-48ca-8f53-c0634b770bc5,2024-07-26 08:43:00,b3406af8-c4a9-4d2d-9e30-e06f3da01c15,500,40,540
ce70dca7-a3c5-4d59-af0c-b6e7b7381407,7c0b728c-03b2-4074-97b0-820e04f72bc1,2024-07-26 10:16:00,b3406af8-c4a9-4d2d-9e30-e06f3da01c15,700,56,756
d3e12fcc-e588-404a-976a-98131315f054,75c09e8f-8645-4c9f-ac93-1699443c14cb,2024-07-26 08:14:00,b3406af8-c4a9-4d2d-9e30-e06f3da01c15,600,48,648
cb0d7417-6e42-44cd-8b98-bafe057d19b9,a1e6e5bf-8ffb-4a1f-a18f-6e7377165ccc,2024-07-26 11:19:00,b3406af8-c4a9-4d2d-9e30-e06f3da01c15,500,40,540
eab95f1c-e4e6-4ed3-906f-fc5006ba4230,dde07e03-7642-4680-83ea-1d2d9c20a749,2024-07-26 15:10:00,b3406af8-c4a9-4d2d-9e30-e06f3da01c15,700,56,756
17266439-b2d4-48ce-8415-25f8e2e9f847,bb5ab63c-2b60-4ad2-b1b5-a02988e61b69,2024-07-26 16:44:00,b3406af8-c4a9-4d2d-9e30-e06f3da01c15,600,48,648
bcc2b625-8cae-4ad8-aa04-82db7d648a2f,d0fb7f3a-f27f-4d4e-ba9b-df1d3fbc30eb,2024-07-26 12:37:00,b3406af8-c4a9-4d2d-9e30-e06f3da01c15,0,0,0
df46c59a-fcc5-4153-96e9-42c3259938dd,e64930bf-9aea-452b-9770-6d9ab8e75b98,2024-07-26 09:13:00,b3406af8-c4a9-4d2d-9e30-e06f3da01c15,600,48,648
4115a5c5-8132-4689-b385-62268fab3fdf,89beb553-07d8-468a-afb8-475cddc32a77,2024-07-26 07:08:00,b3406af8-c4a9-4d2d-9e30-e06f3da01c15,600,48,648
2945b35d-4db6-4173-b284-8ac385045378,6f62631e-1d5a-4f8f-8e63-0a0f41dbd8ee,2024-07-26 08:06:00,b3406af8-c4a9-4d2d-9e30-e06f3da01c15,700,56,756
da20819e-c5c8-4ad6-b66f-76ebc32c9ac6,16e865e6-eca2-4dba-b362-059d91cbde66,2024-07-26 16:05:00,b3406af8-c4a9-4d2d-9e30-e06f3da01c15,500,40,540
a8a4e89a-03e3-4034-97d2-0b901bcbd489,e719b42e-3376-4371-b1b6-b4fdccad5115,2024-07-26 12:14:00,b3406af8-c4a9-4d2d-9e30-e06f3da01c15,3500,280,3780
9d0d9df0-f858-4fc1-ae3b-9da8f4b12533,ff5a232b-ee8b-4ca2-96b1-ef1650c72b1a,2024-07-26 09:09:00,b3406af8-c4a9-4d2d-9e30-e06f3da01c15,500,40,540
e5a4576a-228a-486f-83cd-302d030bc44a,5f6dc068-c7a6-4b9f-8f6b-cc0a2c0f5920,2024-07-26 07:53:00,b3406af8-c4a9-4d2d-9e30-e06f3da01c15,600,48,648
266cc521-3762-401e-b5d9-680de9c1cce0,e5a9b9ac-c173-44e3-bd7b-273f20532544,2024-07-26 14:46:00,b3406af8-c4a9-4d2d-9e30-e06f3da01c15,1700,136,1836
e03c4878-775e-4a9c-87ed-46f1fa631abc,b1c24d63-af0f-4aba-93b3-c59a8e4101bf,2024-07-26 16:29:00,b3406af8-c4a9-4d2d-9e30-e06f3da01c15,500,40,540
b8cd3296-1172-422c-b77a-f3e2cbf95a16,d4eac3ba-2779-4b21-99f2-198fba33f339,2024-07-26 11:12:00,b3406af8-c4a9-4d2d-9e30-e06f3da01c15,2600,208,2808
15079cb2-739d-4fac-8465-5149bce3671b,fa9e8c55-3724-43ef-bc87-cd18cf46c453,2024-07-26 08:18:00,b3406af8-c4a9-4d2d-9e30-e06f3da01c15,600,48,648
6e140388-34f7-4b2a-b154-3027cdff921e,72e39e59-1d0a-43f5-9fd7-68c18e43f2f1,2024-07-26 12:19:00,b3406af8-c4a9-4d2d-9e30-e06f3da01c15,4600,368,4968
fa8809fc-bdd7-4756-996e-2bde98b1f753,250a707f-0648-4114-aed3-fc271fbdae6e,2024-07-26 07:58:00,b3406af8-c4a9-4d2d-9e30-e06f3da01c15,700,56,756
fa74ce5f-ba82-4ef5-ad97-18c943d3adc2,b17947fc-f4f9-4d4d-82a7-a21c9ef29f08,2024-07-26 12:56:00,b3406af8-c4a9-4d2d-9e30-e06f3da01c15,2400,192,2592
40e180e1-dc0c-47fd-95db-94d8202b047b,0709c8a9-a54b-4f66-94c2-ba1671a61c01,2024-07-26 09:44:00,b3406af8-c4a9-4d2d-9e30-e06f3da01c15,700,56,756
