ID,ORDER_ID,SKU,QUANTITY,PRICE
896e0829-61ea-414e-b8e8-5c1a35763634,19986ea5-535e-4d95-9feb-1682b96e1444,BEV-003,4,210.81
85762ed7-d746-46ee-a52a-896fba5cdff9,f1c0d279-8c62-419b-b2d1-0798bf15037a,BEV-003,3,975.09
ff388674-1180-410a-9ae4-eb57fb2b73d8,984a477e-e4f0-413e-8357-21c61278ee4c,BEV-003,10,106.25
5c57147c-2579-488f-a795-cc76ad9d3afa,984a477e-e4f0-413e-8357-21c61278ee4c,BEV-002,2,476.03
07037fed-8902-4adc-bfc6-4d52fc96fae8,1d62aa0b-307d-4a2d-b4b0-143450c936ea,BEV-003,4,953.98
1f9a218a-8764-48e5-9cca-a58cb5f5f165,1d62aa0b-307d-4a2d-b4b0-143450c936ea,JAF-001,10,891.92
080ba7dd-5333-4427-b931-6c2c15b21834,d9fecba4-779e-4fd0-83a1-68de34f07a54,BEV-003,3,259.68
00045a4d-65ab-41a6-9803-43ea2bf67e0a,2b44fd72-5db4-4aac-91f6-4c3d3ae3183d,BEV-005,1,505.7
215c0779-6270-48e8-b51d-921b603d03ab,b2684f1e-e6b6-409b-a5e6-e7560b96b01a,BEV-005,5,937.67
5ffe8a2b-78ee-4027-9cf1-2285c640dbab,ddd7cb1a-b760-42ed-b439-539a534e369b,BEV-005,10,313.79
646ae6a2-45d8-4a35-b2bc-f3c11a070127,1ebbbe8a-f42c-4451-80b9-bf2ec11ce9af,BEV-005,9,107.95
082745ce-0575-41c6-b65f-43f8da3ef2ab,7f89791d-b269-4ddd-9e00-da31b2547eea,BEV-001,6,715.25
0c39f066-3d23-4b3a-842c-8266ad27b83f,7f89791d-b269-4ddd-9e00-da31b2547eea,BEV-003,1,202.52
5e612119-159a-49d3-918e-ee39b3b8f1b0,697d8406-31ff-470a-afb1-cc38c3b78d7f,BEV-002,1,139.58
817b527e-0796-4058-9a93-dd2c3faa1508,48943831-3aa1-4272-9fcc-ca749b081571,BEV-003,10,223.58
38d6dc17-500c-47b6-a8c4-e89419d099a0,e1281a7d-b852-48d2-bbe2-d307360eb26c,BEV-002,1,354.2
6b3985b8-5e48-4ba5-99d6-50a0bacbd547,e1281a7d-b852-48d2-bbe2-d307360eb26c,JAF-005,6,11.94
8c3a528a-a700-4a8e-942d-35a03a0e9c33,ec6a38c3-292c-464a-9b1a-cc01824f7ac8,BEV-001,9,457.53
29b10048-5123-4676-8b29-31a354f97823,8927e2f6-7323-46f4-a5eb-4af0472f2f29,BEV-003,9,744.84
86324979-1b7e-4708-a829-346906621f50,8927e2f6-7323-46f4-a5eb-4af0472f2f29,JAF-005,8,354.23
850eba34-e66a-4195-8d1e-b62771f87b6b,30fbff44-9263-43fe-a39f-a6e367c6d549,BEV-003,8,348.67
886090c5-84ae-463d-ae1b-d695c3504f5e,30fbff44-9263-43fe-a39f-a6e367c6d549,BEV-004,10,482.03
06deb951-2fb7-4022-9bbe-304ff35e0094,30fbff44-9263-43fe-a39f-a6e367c6d549,JAF-005,9,830.12
1f243317-8b1f-480a-ab76-387d1a06602a,cc2e79fd-2489-4ec9-8bfd-5d2408dcd2dd,BEV-001,2,636.59
067f8673-05f4-4b52-a8bc-2b6542cfcb63,cfb8723f-f105-4039-bee6-ef31791f20ad,BEV-002,9,638.33
dd9d5e89-efc7-403f-a06e-dfbf8a7bbee2,82bf4b54-d410-4574-90c7-10a69450a280,BEV-002,2,984.56
d3d08f38-568b-48f3-8771-24089145ee0c,1cc378b3-9b1b-45f5-b3f9-0fc1fec5a6f9,BEV-001,5,331.92
49b840ce-be92-432e-a5ba-ad4d6a52232b,18bb25c4-c0c2-4348-9d9e-e57bb5a57b96,BEV-001,4,91.81
007b139c-4786-4f89-ba26-6a1554dabbef,ce3f5f82-7cfd-4f1c-a586-f49fc1060e51,BEV-001,1,256.96
ed565a22-1e24-4ad2-b760-5820a0fe88d0,e4a338ab-6ee6-405d-a23b-45b52358dfa1,BEV-003,7,849.44
155e7f53-8e52-4c73-bbe2-02523ae0436e,50ce9006-97eb-44d0-8045-7005e37f1bf6,BEV-005,4,565.67
df154a45-caed-4cf5-a577-1998682ac830,3fa9b5d3-cc48-44e1-8ee7-373db9339b6a,BEV-002,6,953.3
aa8ae5c7-b5c9-4d54-ba71-5df2d02e7444,3fa9b5d3-cc48-44e1-8ee7-373db9339b6a,BEV-004,9,655.14
30db0bc1-f679-4f94-a1f7-3c59dee39d6f,35512029-c0f1-4d98-b785-6f24ffcd12e2,BEV-003,2,185.01
86e09690-b295-4209-887f-c30ff4ed414b,ee2187d5-fe18-461f-b7a5-bdb7dee0e27a,BEV-002,10,82.71
b21174fe-0791-419c-97a5-4875d792c814,f7ec0c1e-6f6c-41e6-9459-e560c81203be,BEV-005,10,724.95
fbd3fe73-e7ad-49ab-99d2-ccd57cd15b21,853b24d7-c5fc-4d13-b9d2-943d20120a99,BEV-003,6,605.32
dac1da08-1a7a-4f0f-a7bd-25e18fe2ac8b,651c8b7a-70dd-41db-abe6-b189bcc50b81,BEV-001,4,100.15
7cd19c60-32fd-4aa1-a1c1-eabcb256550e,651c8b7a-70dd-41db-abe6-b189bcc50b81,JAF-003,8,326.29
e523b188-8dda-4a83-aa0a-0e2aace8cf8c,0149f08d-22d8-4246-9ce8-ed3520dd8f92,BEV-001,10,768.85
76a37d08-17b0-456a-a583-d55da4a5da40,0149f08d-22d8-4246-9ce8-ed3520dd8f92,JAF-003,3,464.38
d4cedcd0-47ee-4d09-a3f3-877df40e1c4b,22fe687f-8a5d-44eb-b620-4439bc7d55fc,BEV-005,3,225.31
6dc637cd-5ebe-4fbb-bf9a-7d2e23fa31ba,22fe687f-8a5d-44eb-b620-4439bc7d55fc,BEV-002,1,57.58
654a2744-eaa5-457a-95b6-0896fb6997af,22fe687f-8a5d-44eb-b620-4439bc7d55fc,JAF-004,5,545.78
150783da-9352-4125-8e3f-eba6f87dcca1,e0ca3855-62f1-4255-b347-80feddf532b3,BEV-001,8,254.57
19f642ef-f448-4fa9-baa9-3a495b0d3947,e0ca3855-62f1-4255-b347-80feddf532b3,BEV-001,10,787.47
cb5cb815-243d-42a1-9ed5-90fbdcc011d9,6d82e2b7-3bc7-4552-a3e2-a0640600476e,BEV-001,10,818.39
7c6fb719-79cc-4806-a9da-34e681a2df2e,cc0e27d9-7388-45e2-a9dc-a4f3a1b44dee,BEV-004,7,225.3
85e0716c-efa8-4ae0-8dc2-3fc3b431f18d,4dfeed4f-1285-4e44-b400-409178846f62,BEV-001,4,987.26
da9054fd-0f12-4071-a9d8-345a4973ad20,0a4dc4dd-e3d0-4028-9f4c-9b7ad1f02d76,BEV-002,6,227.38
27e1fbec-5b40-4b90-a303-84142e16caf0,967c0ff5-1136-4d05-ade2-92397cd169fe,BEV-004,5,623.86
8c79d2e4-2e87-4e9c-a662-fe720662fc09,e20c0f2c-3d91-4427-a599-572b36a8532a,BEV-005,7,80.19
b98de0f4-528b-4901-9ba8-3c838c16aa89,ef55e94c-d045-40f6-a0fe-db902250ce57,BEV-004,5,431.96
1a6c2821-3b57-41d6-9f34-7e2a80e438df,d91a070e-633c-4288-98ea-186446ca8122,BEV-003,2,737.92
8c34492f-8efc-47c4-ad8a-d4b72af44dbe,d91a070e-633c-4288-98ea-186446ca8122,BEV-002,1,354.93
c590828f-a68b-4cf7-bd3c-bd6d19a6db61,d850ee7d-fc31-4335-8c8a-4d65f31e3a64,BEV-004,3,590.77
cce4b8bf-3623-42c8-adc8-147e0578cc95,8ccd2ed8-5db3-413c-93a1-9fa4a2700b5a,BEV-001,3,306.01
5453f885-0976-4cf2-8a99-a9ff37ea1b8e,8ccd2ed8-5db3-413c-93a1-9fa4a2700b5a,BEV-005,10,283.71
8ad39b7b-7170-4846-aa9f-df1a8af80f4d,8ccd2ed8-5db3-413c-93a1-9fa4a2700b5a,BEV-005,7,651.76
5cfa6ad9-75f0-4a72-bdf9-70414c28663c,8ccd2ed8-5db3-413c-93a1-9fa4a2700b5a,JAF-001,6,403.64
bd4f45f3-7b28-4bfd-80c0-3f624f14107f,8ccd2ed8-5db3-413c-93a1-9fa4a2700b5a,JAF-002,6,450.37
fed2a398-6d1e-4257-8f39-8102e074dbaf,b2bcc823-6062-46ac-b6e1-4f0e5540f25d,BEV-004,2,442.15
65fc1cd3-5fe0-44b3-8b65-1f3103303df3,bea45971-bcfb-49c4-9256-1070c4584714,BEV-001,9,932.86
dba3aa94-1f10-428d-bc85-a7054ddedf99,28695ba9-3469-4dec-b6c4-45d186df864d,BEV-004,9,519.17
d88dadcc-ee7b-4ea8-a4d0-7808037ca2b6,28695ba9-3469-4dec-b6c4-45d186df864d,JAF-004,7,81.25
d69ea1bd-b3e0-4add-987b-c9cca3fec8ab,9d2dcd2e-b797-4378-821a-187c10592e4b,BEV-004,6,341.55
a84ee776-9d88-4a06-9ae6-6932e3260806,a0fee505-f03e-463e-a9b9-a3f7141e01f4,BEV-003,8,746.51
627249f8-8075-4b4e-bd18-836e994a9c70,51ab3076-8275-452d-9497-c1ab7af46c33,BEV-002,9,760.28
9bb7d35d-86be-433f-ba9e-a28268effd13,7dce9905-39ba-4b38-ac49-01cbfac19f82,BEV-005,1,105.84
9bd5e698-db4d-445a-b23e-86d31536cb9b,a456429d-6060-4daf-b7fe-e7ad45149a3f,BEV-001,8,51.34
1fd057ec-cf46-4eda-b156-b5b7cc1766b6,64a999ba-3c88-441c-a3d9-f817c768e876,BEV-004,10,19.04
1426a92a-d29e-46aa-8198-76992897b11f,07aa0844-17be-4951-a86d-3b98717eeb45,BEV-002,8,876.35
79df26b7-9a04-4a81-8658-199b87ccb99f,948e41e7-b575-492a-bd75-4be4176360e6,BEV-002,5,98.39
12b955b9-b65a-43dd-a336-d3cb83091caa,2778266d-72ae-488a-8690-a881af4cea61,BEV-003,10,957.85
57023756-c587-4f5f-814f-5d7bd8040217,f9c7a213-9c10-4be9-8e74-57c004afb959,BEV-001,10,170.29
c0825c22-79be-495b-bd41-d902c32b8fe1,2225c359-2597-4e87-acff-365ae83f873d,BEV-005,8,718.07
e0995590-7578-4ad6-adee-dedd9d170d6b,95ef3d6c-3e80-4a35-9959-a37d713c6537,BEV-005,8,268.29
8cc74526-73c9-42d3-a3ee-429434ff5307,8f686759-7057-424d-83db-45f9068c6f3b,BEV-002,3,707.47
5605b08a-9bd2-46d8-ab47-79733ca75278,f55664bd-3a53-4faf-8a71-8ebbfd5f05f8,BEV-005,5,569.38
b9a7aa8d-5afb-4a83-b0c4-c2ef457a18df,f55664bd-3a53-4faf-8a71-8ebbfd5f05f8,JAF-004,6,795.51
640eb9fd-8727-416b-a2dd-ec0ef1b0357a,f212a32a-e80b-40b5-b99a-9982e935e279,BEV-005,9,617.43
267fa684-6c74-4b3f-8837-d4285612745f,e6c50aac-1b97-4830-8d9b-d4e9399c5451,BEV-003,9,640.82
21b9f55b-9805-4446-8927-073dd18cd868,7f2242be-82eb-4533-aa3a-4f57b86d4c9a,BEV-003,3,927.39
b71bc50f-2e1c-46ed-82c3-447a2bba1610,2bc8f671-4805-45ae-85cb-2826eedb3352,BEV-002,5,287.99
6c20ed70-84cf-4810-afed-df687b433edf,2bc8f671-4805-45ae-85cb-2826eedb3352,JAF-001,5,178.5
bea67cb6-9974-4775-8bf7-7b89562625c5,6549bf9f-d514-4862-b871-9b918ce2c413,BEV-001,10,938.43
b7023e78-4d13-4e7b-960b-e14159eb3501,b12a7aff-444a-4e74-8375-c81fd860681f,BEV-003,10,783.74
349e90fa-137b-4159-9eb4-b07a14b33f47,0889a1a0-c2e1-4b8a-9520-f37f4e4bcf6b,BEV-005,10,368.63
8e687a09-ec40-4ee6-8604-82c84fa4e654,3bd5c992-94e4-46a8-acbc-ca38d1461a0e,BEV-005,5,363.92
846d334b-09a8-48cd-a851-f369d506da75,3bd5c992-94e4-46a8-acbc-ca38d1461a0e,JAF-003,7,940.2
7e79e8a0-3aec-4a6b-be36-c3017cbc1dd0,d8ba3994-abfa-4b33-ba91-afea438c27f0,BEV-005,6,52.21
3d53ac91-fdce-4e9b-9fc3-e5817d5d82b6,e1c3bb4c-d1e1-4542-a1a1-efac62183b6e,BEV-002,3,154.97
237ae9a4-e835-444c-93c7-ee50554515cd,e1c3bb4c-d1e1-4542-a1a1-efac62183b6e,JAF-004,1,672.42
4a9886d9-8579-4d38-b81f-9c18d32ae1c0,7412e99a-6293-4d03-9c94-ba9fb3c5bf0a,BEV-003,7,226.01
cbcce401-e211-470e-b7d9-aca6c09bbc5e,3d42d898-b4af-4b8a-981a-a1d539db868f,BEV-001,4,653.41
e60acdc1-231a-4bab-ac3c-21c321f74b81,d9b576bb-c3a3-4f41-ad66-483ee65c5e7a,BEV-004,7,342.0
8a5ffb6e-02d2-4ac8-8b6d-74aed5459146,c19bda00-72b7-4c40-89ff-ec32eea2df55,BEV-003,8,831.39
dcb1a873-1389-41e1-bc7b-3a1d7b5535bb,c19bda00-72b7-4c40-89ff-ec32eea2df55,JAF-001,5,351.71
14db1874-b10d-4b96-831a-40695348b13d,57e4e6d2-7a77-4693-b65f-bd9884ed48d2,BEV-001,10,18.54
7cf73fe3-242a-4d9f-a8e2-c6466352089f,4acaf363-d0df-4d41-9c38-199a67bedd7c,BEV-004,9,307.37
becde06d-927b-4563-9bfc-7950a7d8f78e,4acaf363-d0df-4d41-9c38-199a67bedd7c,JAF-002,6,453.94
7efd37bd-ac72-4fe7-a6d2-453da6a20e0d,7f4039bd-57aa-48e6-a3d5-bca812bf0347,BEV-001,10,549.24
50ad6bea-c51a-433b-a616-3f8956529f1b,1f12104a-7978-4190-b0f9-fab45d3a8fb8,BEV-002,3,716.57
8426605e-3e92-4143-84d6-4e1de877b8f6,1f12104a-7978-4190-b0f9-fab45d3a8fb8,BEV-004,5,308.75
a2fac23e-ea5b-4454-9a1a-0a1498b6b240,1f12104a-7978-4190-b0f9-fab45d3a8fb8,JAF-002,8,56.26
e3e35c0b-ae46-454b-a763-e988d5463874,6ef18813-f645-4a40-ab2f-f1a819d51797,BEV-003,7,414.85
a169a9a5-4ddc-4853-94af-d725d5f51e90,c0ed66ec-25ce-4633-897e-e2cffbb72597,BEV-005,3,576.32
164a39d4-7eff-4f7c-9cc7-410d0f961e61,c0ed66ec-25ce-4633-897e-e2cffbb72597,JAF-005,4,729.8
30d77379-f6f9-4b41-ad48-ad1571c768b5,dbbd2666-56fa-4796-b6e4-b27a6512ab71,BEV-002,4,883.45
27fcf0c9-1e5a-4fcc-bd6b-003682de7702,80a2ca2e-fa00-434d-8dd3-c25a912127f6,BEV-002,1,369.92
fb757110-e83e-4ade-9d78-f17764078ee4,ac12de36-ebbd-468a-93b1-50a1062b849c,BEV-001,9,99.45
5fa0b3f1-a039-4804-b9e9-c17f8eccba73,846d0575-3d09-409f-a8ee-c9222fda5e0a,BEV-005,10,598.09
9d5d727e-b570-4705-b927-92cd0edbdfb6,846d0575-3d09-409f-a8ee-c9222fda5e0a,JAF-002,6,287.89
4cd18c62-ea63-4d78-8b5c-e7e9a74c6652,9da853cd-5a8b-44ca-b2eb-748611d14284,JAF-003,10,155.29
db5cb50b-799e-496d-92e4-8ac18f18c8b8,a9a4a338-eb3b-482d-8469-fbe492bb6f1c,BEV-003,2,608.56
5a721391-d24e-47c0-83eb-5c2305f7899e,a9a4a338-eb3b-482d-8469-fbe492bb6f1c,JAF-003,7,103.18
f12f01a2-c74d-4ac8-af51-fbd5dbb426c1,a5684358-0865-4ab0-b1c5-4d4a3cdce97b,BEV-002,9,260.52
5e97e49d-40ad-4027-965e-8eca97d4c178,7bb0ba43-bd3e-4856-910a-2ea24f080cd7,BEV-005,6,17.08
959cda8a-0b9e-4db9-8dbf-550ee6735c30,7bb0ba43-bd3e-4856-910a-2ea24f080cd7,BEV-002,3,741.41
db9951e4-d550-4b2d-a028-35cdbf078a3e,7bb0ba43-bd3e-4856-910a-2ea24f080cd7,JAF-001,8,344.05
869ed491-9cac-4b69-8e2f-119367b6e484,7bb0ba43-bd3e-4856-910a-2ea24f080cd7,JAF-005,4,336.3
62d2aaa8-a8b8-4ca1-b5b3-26e23e81dc68,0b5e782f-8dce-4ac6-843f-90c17247e2c3,BEV-004,8,452.55
f5d27cf0-0b47-4c67-94e1-af10bdaa1633,0b5e782f-8dce-4ac6-843f-90c17247e2c3,BEV-005,9,791.67
fa70ce6b-8ea1-4581-8ad0-a303043b8b55,25b06ed2-386b-413a-9475-28ed8e65b943,BEV-004,3,860.91
578180f9-c1b7-4156-bb09-f4880d4e94b7,0747368b-5a1c-4d94-8a13-ddbb3fe862d6,BEV-002,9,202.95
faa53287-a423-4f41-a00a-e6b5e9c3839a,dae7a9ee-dade-40ce-94af-b0d1a55d9f96,BEV-004,10,901.5
841cbc3d-5378-4866-8523-9e8947221712,dae7a9ee-dade-40ce-94af-b0d1a55d9f96,BEV-001,6,730.08
9c209dbd-5c70-466c-beea-a028a978954d,71c8b5de-e24f-4ab0-84ac-db26a2204fe9,BEV-005,7,748.83
942263eb-5526-4631-bce5-3a9cb57a5a4c,dcb7bcc8-d40b-4973-99aa-8f127c033bcd,BEV-001,8,736.93
e245ef65-4d7c-4f56-b6f0-613259bbbe9e,0487833d-3e01-4a73-93f8-5ac10eed776e,BEV-004,8,562.86
05f13da8-f2b3-4197-bffc-be831db2e544,7b183c49-c7f9-499c-a361-2e9787948511,BEV-005,3,976.54
c77a9c40-1814-4188-bd9c-985cbbe3577e,7b183c49-c7f9-499c-a361-2e9787948511,BEV-002,6,123.34
ba520b17-ac4a-48c2-a4fa-d679f4ec9c8b,fbf41eec-6fb0-4118-af71-b7a1641eda8e,BEV-005,4,640.53
8720f771-71e0-438b-81c3-a64d1051cdcd,62f71316-cc85-4fff-9b14-e02f9ce0332c,BEV-005,4,831.57
63abe79a-eb69-434f-99a6-8e7a7764f75d,62f71316-cc85-4fff-9b14-e02f9ce0332c,JAF-001,7,538.89
65ac7267-84d5-4e6c-90a2-d1d9542a0801,6f8dfaa6-1d47-4e8f-bfc2-df4d7ef4ae32,BEV-001,2,868.0
fdcecd56-5ad0-4f8e-ac62-21f5f5a15967,1e56e502-2cfe-4c4e-bfbd-9968e29bed73,BEV-005,5,542.71
d60abe84-6ff8-4009-906f-f487b6ab4ea8,8e6b3ddd-9619-44fd-a294-e47c853200c6,BEV-005,8,58.32
db72d2ca-994b-413b-8510-c9d9c8d704c9,41b3fe24-71fb-4b67-998a-ffa6385369ef,BEV-001,1,283.87
493d5c73-463a-46b3-9a86-c68feadb7031,049d5fd1-39e8-4cb1-bd04-d5b860924126,BEV-001,1,371.17
9626dc77-5f8e-41e1-ae15-f206551519d2,2b7db469-c1fc-4e06-9d2f-695fb4c59f1f,BEV-001,5,123.43
dbadf5c4-b40b-47a9-b14a-00a7c17a2c64,3d6d33c8-b4a8-4266-b436-0b0f7d5005b7,BEV-001,3,446.48
d5c336ef-f2a8-424c-859b-2f86b92af517,f30fb7ac-b84d-4f6f-a3e5-d84282fbafeb,BEV-003,7,725.48
f232e82d-1d27-408a-a3cc-dce666c21478,f7ad0fa7-28e5-429a-ad14-c20bb15ece4a,BEV-005,3,593.95
2e8fa73c-006b-4a80-b3a4-192a82bdcf3f,e023a672-f1ba-49fb-8e16-efe032d9999f,BEV-002,2,271.54
6b27289f-0081-4716-bf09-331b4e1fa168,4d41c0a5-839b-46aa-a6dd-b6a193a1091b,BEV-002,5,862.53
fc3329d4-c307-47f2-baf3-c372e8c8eee0,e2d1921b-198d-480e-86db-b5eff827af01,BEV-002,2,341.86
888a0304-fbaa-4d8d-8711-7121f3080a74,e2d1921b-198d-480e-86db-b5eff827af01,JAF-003,5,977.26
7dda8cc9-5129-43b1-a336-92ce0171ad97,9d1c15c4-8f55-410d-bed4-3d125ce800a7,BEV-005,1,761.54
1f99f6b9-adb8-4d35-9d39-f13c9cdd51d7,01da5fe5-de94-40b7-9bdd-4c6f33748a95,BEV-001,2,530.55
06cc7b1c-10da-40c1-95d8-6d95f20aba4c,d0c50aef-046c-45e0-b098-e5df287fe4a5,BEV-003,7,424.05
444c63e0-18e9-48e1-acde-4a176562002c,d0c50aef-046c-45e0-b098-e5df287fe4a5,BEV-002,6,44.78
cc67e0d6-48a7-47c0-809a-85f07a01f54f,5c215258-2241-4736-9128-11ab95ed247e,BEV-003,5,959.79
3f4f3778-a793-4213-b755-ce36eb49ca9d,cc7c6c8e-ee42-418d-bbf5-5cd8f383fc12,BEV-001,9,206.64
3efd975a-2267-4b1d-a8a0-9ea969c44497,6157a058-b876-41c5-815b-c7c5b1277a2b,JAF-005,4,836.14
a60f41eb-0968-4940-9522-e5f8f99c817f,0924fc3b-ad74-4901-99ed-47776d3ba708,BEV-005,3,155.91
87724176-54ad-4bf0-a22d-8495c6bac420,0924fc3b-ad74-4901-99ed-47776d3ba708,JAF-004,2,363.81
4d86b683-a4e2-48ab-b3a1-dc2904e4c3d5,35c55079-9e7f-4043-a6c6-16814ae5a531,BEV-005,6,517.81
a5a26dcb-415b-46bd-86ec-cb8a131d0039,e7f448f1-499d-49df-8204-c11666d0690b,BEV-002,5,401.02
ccdca78a-2da1-4dff-b883-79ef9adf1348,3d49f9ff-bb79-403f-9937-8ebd58fc2378,BEV-003,10,53.38
cdab553d-f0be-45a2-964f-198a4553df5b,806ccf65-5309-406f-95a4-b416131030b9,BEV-001,4,876.7
111d61c0-de3a-4b46-a159-d6acfc2df0b4,7ca6fad9-0f1b-47e3-b9af-93344417c1f5,BEV-005,3,271.93
79cdcc06-17dc-4818-91f2-dd2328e6a1c0,7216b5b3-ed36-4387-b08c-77ccc95afc60,BEV-004,7,101.44
8e146ed7-3480-4aa1-9ea9-74699ea112f1,cdb5a8b5-83a1-4493-a500-461f0d7bd710,BEV-002,5,923.23
9df99a0d-34fa-48e0-bd95-2650c87f4e54,cdb5a8b5-83a1-4493-a500-461f0d7bd710,JAF-001,4,420.97
5e2d3b67-475d-4147-9464-9d51b1110d0e,d3a91bd1-5d16-42b1-80a0-87a3ed5ce9a9,BEV-002,4,746.68
9d012532-f8ab-4f79-b8de-9afecd9e9a72,db0b442e-d721-4775-80ef-0172dc1f8088,BEV-001,10,235.29
b02fefaa-b920-44c4-be8f-14d2f9b08522,34c2f4ee-7e10-43d8-9272-bbc83a42ed1f,BEV-002,10,61.42
4d376500-31ef-4498-9cab-4201fae4354d,c7e36672-2f6d-4335-aeb1-6a0a2900deca,BEV-001,7,508.86
950b8ed1-88ac-4b27-a0a3-b700454286f1,4e33e583-e511-4f64-a92f-dcfed9217466,BEV-004,5,992.53
9ef09d5f-aa1a-43fe-89bc-577bbc13131e,122ee5d1-ebb0-4c13-94dd-8aa53e77279c,BEV-001,3,35.59
8903a0bc-ed5e-4bf8-9c3b-06ba01e5f4f5,09afadb4-0d75-471e-a32c-7d9b1b1695c8,BEV-003,5,623.86
0576b1f9-ef99-4bb9-bd33-4c4914c71f7a,8e9c89ae-7dac-4084-a79b-743769008739,BEV-002,3,127.43
5edda6f4-7812-46b3-bea1-bfd67d7e274b,8e9c89ae-7dac-4084-a79b-743769008739,BEV-001,3,116.63
51d40a24-6acb-474e-a7e2-7e0fa10658d4,8e9c89ae-7dac-4084-a79b-743769008739,JAF-002,9,398.81
e3c18a4d-9cf5-4577-b337-0a91765677e6,8e9c89ae-7dac-4084-a79b-743769008739,JAF-003,1,274.13
1f610c75-4e4d-4781-94bf-8e1303992dd5,19ad33b8-c995-4638-864b-5d68c9ed217a,BEV-002,8,990.76
8398710d-e521-4c5b-8641-ba09b18e5479,666e66dc-1923-4cfe-9ff1-252163fced9c,BEV-001,8,82.47
2e8a50db-324c-429e-83b3-693c92c73b51,666e66dc-1923-4cfe-9ff1-252163fced9c,BEV-004,1,891.76
bb4769a5-fdaf-45dd-917f-d811cbb927e5,666e66dc-1923-4cfe-9ff1-252163fced9c,JAF-005,2,10.1
01fd6b66-5b92-4c44-8125-6c49d627db59,a3b0867b-226c-4430-9bbe-5b78e14daf2f,BEV-002,2,242.58
5114cfaf-f1e0-4259-b050-19b2a06f74a0,b6a07e3b-ede0-4afa-8498-b1a35ec22f60,BEV-002,2,23.31
f2719da8-8b8e-4bf3-be1b-7ded10dde2a8,76d27ed7-03f8-4a82-be9b-28d089eff5b0,BEV-005,9,656.39
c2da0b11-508e-4cc7-bf25-df8f28b27c30,d70ab188-1bb0-4f07-9272-8a4514766732,BEV-002,5,39.37
ab373563-239f-4f96-b731-e4f71ad3c8f3,d70ab188-1bb0-4f07-9272-8a4514766732,JAF-003,8,969.97
7c453ac5-aee9-4575-85be-1824e21368cd,059acc81-f255-48d3-8e57-31aa8172b56a,BEV-002,3,234.69
db29dba8-eeb4-455d-96eb-19a205cf7887,059acc81-f255-48d3-8e57-31aa8172b56a,JAF-003,10,799.45
1c372ce7-47d4-41de-9983-2d1e208694ed,6b83a505-0037-4235-a996-0d6b60d70ef9,BEV-003,5,79.53
99b815cf-a68d-44d8-9bbe-fcd39c9b51ed,8bf86701-1d70-48b8-ad8e-bf0575b71877,BEV-001,10,369.52
b627a320-77ed-4532-a5b4-ccca45ce85fc,48669fdf-b6d7-4e01-b9c2-e8ec92e249c0,BEV-003,3,435.76
62525764-e1c3-4be0-abc6-c4d90a6b8ab5,212b0827-aae9-4428-b203-c60803a1459d,BEV-004,2,782.48
b76340f5-f3a8-4d16-8b67-8dbb7faa2267,6be8e015-034e-4a86-a339-f79bd5e58735,BEV-003,7,911.93
1fc974f6-7f86-4d59-a5da-2e31d7d20c10,fe20ad8b-254c-4a24-ac73-502a1480e408,BEV-004,1,830.37
49db0d96-466b-419d-82d5-1cffa9feca84,962f41dc-d7eb-4d9c-98b2-efd116ff9b04,BEV-005,10,399.64
4e06734e-415b-460b-8ff8-6a86a0f54a59,909db2e6-28b3-43fe-b790-3d4d2e2289af,BEV-005,7,307.33
dfe8a15d-72cc-4602-9f92-6ace867beb37,30734d41-219f-4e5b-99e1-13d7a9b08a66,BEV-001,7,725.22
cb0a03f1-caaa-496b-b9b1-7a3181ec4b84,30734d41-219f-4e5b-99e1-13d7a9b08a66,BEV-002,2,301.15
66585470-cd26-4662-8876-2a114f51e40f,d2d0da46-727d-43a6-8bff-959ab428b14a,BEV-001,7,487.39
c32a76ba-be5d-40a1-95c7-e0eeee6606fc,eadead30-77fc-4c92-9e2c-5ae7dfdd20b2,BEV-005,2,378.32
771b9b89-c52e-4019-9531-2869dbc1ded8,eadead30-77fc-4c92-9e2c-5ae7dfdd20b2,JAF-005,3,52.76
59c25789-b66e-426a-a5ec-35ead98798e7,daa6a32d-9511-465d-ab75-80b2c956d827,BEV-005,3,629.33
7aea5055-ed58-4ac2-acf1-c2dfd21da666,90c1ba55-acdc-4b24-98d8-b93c1b716c92,BEV-003,9,688.12
dbe75a87-a7ed-4dcf-9bd8-b600f3dbbb7a,90c1ba55-acdc-4b24-98d8-b93c1b716c92,JAF-003,5,200.57
ff34a87d-025d-428f-a6ea-061b53ea5589,946c560f-0f4c-456c-988e-ea8c8256edf7,BEV-001,7,751.71
2194af2e-d2e8-43a2-9d03-edc92f84e7d1,55e68f3c-1d27-438a-a1c8-622655861da4,BEV-004,4,777.16
f0b119f7-3c76-4db6-bcf7-783099cdea71,9283bd36-6142-4959-b57e-678027eb2fdc,BEV-004,6,863.02
ce51b5cc-d637-4571-a2d0-6f987d10a2ba,9283bd36-6142-4959-b57e-678027eb2fdc,JAF-003,2,317.24
a4800ec2-cd75-4092-8df2-acf5bb8195da,79b45ebd-a6f7-45ce-8412-a49ee5d81c5c,BEV-002,9,828.6
b0705d2e-1b59-4536-a632-93abb8c987f4,79b45ebd-a6f7-45ce-8412-a49ee5d81c5c,BEV-001,7,737.84
25795154-4b18-4c17-8676-c41b34f563b7,79b45ebd-a6f7-45ce-8412-a49ee5d81c5c,BEV-005,1,225.36
1d86e503-fdbe-40d6-9f84-920ae1042032,1feec6c3-d641-48ba-8d07-42f047dd5b72,BEV-003,9,502.37
dbc77a56-6680-49e2-9851-c32981a6b4ce,ffbde051-5d9e-4694-b7fd-e002b0a63805,BEV-005,8,316.45
4f91c75c-6371-4fdb-9b8c-6a610fd52629,154d91d2-4c98-4eb6-a00c-c70350900814,BEV-005,7,252.55
56aff300-b5aa-4081-a31b-e7d1c9b1ed60,7d3db958-9f33-46a0-8c00-5e3f183051e2,BEV-002,4,755.49
3ec221a5-ac68-4a4c-88fd-5fcf6eebebf1,0dbd123f-6c20-4c21-a71d-c01b9cc5e252,BEV-001,1,271.14
e1225389-044f-46b5-9c51-b8c601d9dbc7,abb1db2d-df49-4c29-a08b-2bd0f288acb2,BEV-004,8,530.73
29c985a8-7701-4e81-b795-699bb8545957,a77a20fe-161a-4971-997a-43ad5d97d957,JAF-002,10,690.19
4fc8a5ec-2862-45e9-85f9-977e8d0f8816,a77a20fe-161a-4971-997a-43ad5d97d957,JAF-003,7,164.27
522938f0-3f9c-4675-a1fb-036e48eb73eb,86d349ef-19d9-4bf5-96cc-990cf529dfe9,BEV-001,1,319.53
e9c82c18-ebdc-43a3-bb1c-58d62ab1e184,3a4ddee3-e638-4a8a-86cb-38b8ece832ad,BEV-003,4,21.48
621ffcc2-c6b9-44f2-b399-1c0cbc577acc,90ea26bc-9dfc-4f72-8d5f-57dd15f339eb,BEV-005,2,28.77
c1c96690-d7dd-4b06-9d8a-3b8359a182a0,6dfd1d20-c688-4219-95f5-86df2c8457d6,BEV-004,4,446.53
16533f93-5904-49f0-b800-a5d25bd723a3,dd4861a8-82bb-4a4d-81db-7c64baed6aee,BEV-005,2,679.11
54049531-b151-45fd-86cd-4af05da5969f,6531b958-e3a1-4266-b250-5197db1bb430,BEV-001,5,959.81
6d50df77-37d7-4b66-97f0-df38cc8e6df9,ab9874d2-1bde-4136-b64d-dea75691db59,BEV-001,9,968.43
7af316a7-7379-4b5a-8c56-04687ceb58fd,ab9874d2-1bde-4136-b64d-dea75691db59,JAF-005,6,697.93
37a8d6f5-36cd-4d65-a915-2213f64be829,0dda5839-5514-4a87-8d44-d992152bb419,BEV-004,2,643.21
1e543f02-cc46-4082-80ca-e48aa04ca7fa,0dda5839-5514-4a87-8d44-d992152bb419,BEV-003,8,182.29
164d99c1-6953-4d7b-bba0-f22f3a3b4c9e,0dda5839-5514-4a87-8d44-d992152bb419,JAF-004,1,60.7
ac39f869-9002-451f-8215-7167c5565bbe,7f5264f1-4ecb-4a15-a96d-3ea3d94423ac,BEV-005,4,771.06
cd0ea5c5-123b-48d0-b822-fc7391ee777f,8d252026-c457-40ce-9a4e-ae0264f8aca3,BEV-005,4,811.1
58519c46-bd4c-40ff-8e6b-1f177309d805,72dc7418-c78f-4dd6-9657-add2a26cc7ad,BEV-001,2,775.19
f727635a-f8db-4725-b0f7-e0e73ce3ad52,72dc7418-c78f-4dd6-9657-add2a26cc7ad,BEV-001,1,813.17
39fcddf3-1737-4178-90e3-e0e4e82fa75c,72dc7418-c78f-4dd6-9657-add2a26cc7ad,JAF-002,5,96.04
8ed88c0d-83e6-4272-a940-57ff45dd47a5,9f7919fd-850d-46c6-ad2e-b69fcd4eeec4,BEV-005,10,882.7
5e9dbe10-d31b-4542-a96e-b0b600bfac93,9f7919fd-850d-46c6-ad2e-b69fcd4eeec4,JAF-001,2,877.81
cecaa1b1-1370-4628-b0c6-76e274729e6d,d306f9ca-2a59-4978-a0cd-a41527045849,BEV-005,7,736.24
d362333d-f973-4fdb-85a0-f6c414413a56,eac24d11-d907-45ab-8179-b00c79f9c10a,BEV-001,10,371.76
78336949-bced-4427-8dbe-fe16addc6f86,55b5d179-cfd2-4ac1-94b7-6f3a725862e3,BEV-005,1,768.73
2cee5fa3-a38a-4ed4-860b-db406601f8f7,55b5d179-cfd2-4ac1-94b7-6f3a725862e3,JAF-004,1,216.6
8d9ff059-dafb-4740-9755-38023fae0d2c,0784029f-ca44-4966-8819-2d8a20b4377d,BEV-005,8,302.49
9574fc80-3190-40ae-a18b-658867c6e18d,535734cd-3591-43b0-ae52-35f121f0170e,BEV-005,4,43.9
a8df7a89-44ef-46f9-bfa0-c17ae7543542,1fc728e6-e4d7-4ab0-b638-e71b5da441a1,BEV-005,3,491.23
88a4df05-e9a2-43eb-b89a-9f65a1f1c9fa,1fc728e6-e4d7-4ab0-b638-e71b5da441a1,BEV-001,10,845.48
909566cf-ba7f-4e4f-800e-eed19f645cf3,7868efea-738e-4446-89da-493c9c31347c,BEV-003,6,301.47
c42d1d65-64f9-4660-9fae-cf5c35b4675b,a6dff473-6ac2-421d-b437-b3f7471f8645,BEV-004,8,899.62
eadecf42-2cfe-4278-86dc-ac518fdd3420,a6dff473-6ac2-421d-b437-b3f7471f8645,JAF-001,1,894.51
90d37eec-4313-481f-8e23-d0eba626ce6a,9ca17cda-32ee-4fa7-9570-48763a31e0ad,BEV-003,9,259.0
5b5a4a08-98f1-4c8d-a5a0-29179fe57239,67f0abe4-2d45-45a8-9208-816b2cf2cf68,BEV-004,1,414.99
584a271a-3c95-4ea4-97dc-b0833220cb95,67f0abe4-2d45-45a8-9208-816b2cf2cf68,JAF-004,6,988.72
7c7af666-28db-4e0d-9c3a-12b6967fe157,f71d76cf-08d6-416d-8de0-467ad959d935,BEV-005,1,70.05
e0cb5946-faf4-445d-9c08-3e0c89281404,d807f298-07d1-4c92-9b2f-248c8db8e0c5,BEV-002,2,872.4
7580e3e2-9d13-459a-99ec-a49758bbc0c9,d807f298-07d1-4c92-9b2f-248c8db8e0c5,JAF-003,3,914.65
6c40dc2c-cd6d-4276-8550-ba8b351d2208,73d292da-8e57-4da3-bbbb-abab18cbd41f,BEV-004,7,126.49
8380425a-1f68-4fdd-a56a-71468f3c4928,73d292da-8e57-4da3-bbbb-abab18cbd41f,JAF-004,5,782.88
823f284e-bdec-4828-a9f2-7d765233ef02,9960b8ab-4024-4af7-9e9f-5616857c6ccb,BEV-002,5,273.82
161143fa-871e-4932-a413-f256ec11898e,488a712c-e6b9-4cdc-8a1f-70e6c9b8f8fe,BEV-004,9,202.08
0d9e8b5a-60e9-449f-b4e4-3fe01412df13,6126b2d4-73f1-4821-b702-6c40e532cdf5,BEV-001,7,852.51
b4417691-d9e8-48be-bf4b-2e52038e72bf,6126b2d4-73f1-4821-b702-6c40e532cdf5,JAF-002,2,241.78
4467f339-1382-4068-bf78-ed5674403446,b4ac2a5e-ab75-450c-9f66-224fa3ce619b,BEV-002,8,315.55
75538c2c-e5ef-42f4-bb31-4a09418b1878,eb17ab15-b5a8-4576-8871-34336f9ee076,BEV-002,5,877.78
661ee378-b924-4a56-81c0-d6cefaaab990,8219d45c-ea8f-45c8-a8a5-a55968647e3c,BEV-002,10,814.14
77b3aa3b-12b0-493b-9de4-77ffef973e66,614cc9ec-e322-4f6a-a97b-1518477f770f,BEV-003,7,117.13
0ed47c6e-ae5c-40ff-83c2-ce04f921147f,0886823c-647f-4872-b88a-76404d5ff5d1,BEV-005,5,985.81
6a442f6c-8f2b-4064-bac3-68c92638f5ad,0886823c-647f-4872-b88a-76404d5ff5d1,BEV-003,4,537.68
04cdb8ef-b4c0-4f60-b74a-5fa8db94b153,25a93101-070d-4c63-bc68-aaf271150762,BEV-001,6,517.62
7b910917-df85-451a-8c99-f4412712bd7c,ffbb4406-6ba2-468a-bedb-c8093d1c280e,BEV-001,5,610.78
c2cfdf63-5016-4d53-911e-cdabfc3770d8,89a8fe4a-8429-4b0c-ad97-b784b712ff38,BEV-004,3,843.3
85321765-6fab-4e3e-89b7-e48e43279c0f,f0611b6b-04e5-4a1b-a515-b0da0932c95a,BEV-004,2,42.84
a1532353-3764-46e2-a483-5f508e6c26bf,91396a91-20ba-41cb-b10e-9919b5f6ebf6,BEV-005,5,590.94
fc5de219-9d8f-4217-a347-e3a17809c540,91396a91-20ba-41cb-b10e-9919b5f6ebf6,JAF-001,2,502.85
fca9029e-9e67-4883-b93d-1af8364f707c,5def58c9-5604-49c4-b9e3-1e4a54ed6be4,BEV-003,2,335.93
8940a751-1704-4805-9454-c7061a7fab66,054f29ed-bc67-4a5a-b6cc-5c1d32d56942,BEV-002,9,866.79
6d618168-6a00-4692-b276-dbfaee9dbde2,7ddbea1f-0ce5-40ca-b105-623c065f865b,BEV-003,10,638.21
0858b26a-cd94-4211-b486-a8ee12a4251c,46455745-146a-4230-88c8-ce5ba8a83e18,BEV-004,9,959.45
fc05a3b0-504b-4d10-987b-4b967a1b9fb0,46455745-146a-4230-88c8-ce5ba8a83e18,JAF-005,1,810.48
a4c7365d-0386-488c-8035-ac146f9c0e1f,d5f61da8-876e-439a-93fb-6dc3c6c5de25,BEV-004,1,922.99
54a7b416-53e0-4284-a9e4-13ce4bdb9d8c,14730c52-8a7d-49e9-b155-fd2d7366a3b3,JAF-003,9,120.48
eab32bb9-a06e-4417-a0a2-e1bb91abe6b9,14730c52-8a7d-49e9-b155-fd2d7366a3b3,JAF-002,5,687.46
25bb410e-77fc-44da-ac9f-29e8e0fe966b,19e3bc0c-45fe-4bf3-9d9f-9cadfd0edbd1,BEV-003,5,817.83
445180ae-816b-4e57-a146-277a1843f378,19e3bc0c-45fe-4bf3-9d9f-9cadfd0edbd1,BEV-003,3,591.42
f8520cd9-5e3d-407d-b2b3-97c1cdd44a7e,19e3bc0c-45fe-4bf3-9d9f-9cadfd0edbd1,JAF-003,2,798.89
fef82ae0-c274-43cc-9759-ff486ed8215e,d1d961b5-cf72-4d8b-9c0a-cee3ddcf6e85,BEV-003,4,771.62
68669257-866e-48b3-8e53-1bad1f45206a,316114de-685e-46cc-8d3c-ef5899d05213,BEV-001,7,792.41
173b6887-3ab7-4230-97c4-04d18a6b7c96,0fb7d7d4-98bd-4ded-84ea-599bd7db70ec,BEV-001,3,368.89
c3975805-9ebf-44a4-9745-a746dd6dd8ef,e013e296-b00c-4323-9958-2c1202f2184c,BEV-001,9,217.33
4550bdbf-c467-46b1-9686-f917bc219eb1,f6ad0164-cfaa-45a5-8287-caddcfe82eda,BEV-003,10,585.57
133c5e86-bad4-4039-b8bb-b887d6b6742b,f6ad0164-cfaa-45a5-8287-caddcfe82eda,JAF-002,6,833.28
3ff785d4-bca2-4824-933d-a9f7876ea6c2,8897d84b-6508-4140-9dbd-3dedd262d2da,BEV-002,7,147.05
d1d4cb07-1717-49b9-a100-bfad4a4038e1,d171aab0-8148-444b-97fb-9864e002b0ca,BEV-001,2,396.45
c1bd919a-a902-4161-b359-6a1d8a8604ec,d927892e-91f5-4585-a507-ea713bda3d23,BEV-001,6,903.23
ac8c123d-535a-4c96-b237-09b736da08e2,487d83d9-27c2-4112-8207-fa5be4325ce6,BEV-003,5,859.53
f8e5c7e2-f78b-4f19-805b-d77f4c9ca0a0,eca966ff-f6a4-41a2-878d-551f5ed5e765,BEV-004,2,444.11
3afe9433-b9ad-4eb7-b713-ece2e258a203,eca966ff-f6a4-41a2-878d-551f5ed5e765,JAF-005,8,982.69
c0a1d29b-d7fd-428f-bfb1-0d96d3a77f28,6d768815-3d57-451c-9058-29d5ec3301e3,BEV-005,5,835.0
98632d89-7987-4b7d-b887-783baa609020,6d768815-3d57-451c-9058-29d5ec3301e3,BEV-005,7,971.29
fd347664-c08a-4b61-8791-0525841a439b,861f511e-71f7-4151-b6f1-7e32c940797d,BEV-003,8,704.3
2d2bb339-0c72-46c6-8827-46a6f889f960,861f511e-71f7-4151-b6f1-7e32c940797d,JAF-001,4,615.87
89e27c94-7053-4e34-b630-5857d6620a27,eab34f2a-6db3-4727-9950-4a59282877cd,BEV-003,1,640.32
d255b1cc-3f56-4c63-9ff3-639222e2cb83,5a38a059-5f2d-4f83-b697-7a7a21ab517d,BEV-001,6,985.93
b2583cee-5cac-490d-b42b-102a3fa16ae1,d005c23f-1048-459b-87b9-28665fe4df09,BEV-005,6,868.38
e3d50a09-b112-4c30-8b08-9ce68d2db389,a76aa12e-0623-45c2-bd55-931fc25a6e52,BEV-002,3,264.28
b11eafbb-c59a-42da-92c3-311409b68471,8a6e78e0-49dd-4775-aaaa-5e72fa518f3e,BEV-001,5,135.06
6f260a1d-0563-44e1-a24b-5e7e3fe30b38,8a6e78e0-49dd-4775-aaaa-5e72fa518f3e,BEV-001,5,668.04
6d5a450d-9a1c-414e-8389-12d0cc1c9b71,8a6e78e0-49dd-4775-aaaa-5e72fa518f3e,JAF-003,10,616.56
f21813ab-1093-419b-82ae-81aa5b850042,8a6e78e0-49dd-4775-aaaa-5e72fa518f3e,JAF-004,1,319.54
903165d6-9c79-400e-8a3a-6bdbe56bf556,9eaba96d-68bb-47ee-9bae-d5761d9f2421,BEV-003,4,338.45
4457c87a-033e-43ca-b3d8-ed4df2ea3a58,58ad4d67-b58d-4e12-93fc-8c1385f0a360,BEV-004,1,599.43
ead78ccf-5e93-4e5c-ba8d-316fa7fe7e72,7776a0f2-0b5a-442e-934a-617607bef696,BEV-003,7,800.37
9b26c465-f0ca-43f3-a22b-6840ffcf8029,7776a0f2-0b5a-442e-934a-617607bef696,JAF-005,1,738.15
fcefa5fc-bd5d-4d95-92df-92c0ccdad967,1cfd0e61-da04-457a-a114-fc02c3fb0d50,BEV-002,2,137.63
ab18de97-bcd4-42e8-afb0-30e15f712b5a,6f021eac-ae5e-4d0f-adeb-87e5858bc8c8,BEV-001,5,429.17
4571e17c-b102-4e9b-b66a-c33ef717328b,dfc67b83-fd46-440a-8eab-49b27285c5e2,BEV-004,6,174.16
026fa3ea-55a3-4ee1-98ab-ece1595bc0fb,dfc67b83-fd46-440a-8eab-49b27285c5e2,JAF-002,7,244.44
8f7ebf2b-e43d-4901-a46c-6d2a4626440e,db9f252a-ad45-4452-894f-2a1c0be3ab04,BEV-005,3,581.27
35d91682-163f-45c0-85dd-1d58c2c9d46b,99ad9cca-6638-4481-af3c-b6da2faa6a1e,BEV-004,2,795.66
f824c8f5-a3b0-42bd-baaf-ca521bb2a1e7,75e6fd5f-973f-4884-83b2-0fe2d51412c5,BEV-001,1,746.66
e9780dcb-6ae9-4ab4-869f-2eaf0f37e878,57f88c3b-4f18-4b8d-b681-7778bb36f7cc,BEV-004,6,450.66
90af6218-cd37-4e72-b105-521efd5bc477,57f88c3b-4f18-4b8d-b681-7778bb36f7cc,BEV-003,8,373.5
4034fc0b-5c13-4f09-98fb-dfdbe83b3c67,abfdf6ce-74c1-4ef3-a709-6bac238d505b,BEV-004,3,227.59
4c1a6195-927d-4e25-b4af-c72f139b7785,4b60f76e-2544-4a9f-b723-7ddc295b7d64,BEV-004,3,310.17
603ed5a7-adae-44ae-82bc-d3b2ab68d65e,5299a10d-e883-4e8d-a986-20a1b2909402,JAF-003,3,111.41
54b5e8ed-2c16-4428-982e-da92207c6e6e,5299a10d-e883-4e8d-a986-20a1b2909402,JAF-004,8,330.57
5c7e4e89-31af-482f-9715-445bf2b4b1dc,2ca0e379-f76a-422a-a89d-238b245b31d6,BEV-004,6,128.02
3a0aee12-88f5-4c86-ad19-741495050143,2ca0e379-f76a-422a-a89d-238b245b31d6,JAF-005,3,798.6
1af286cb-c8fc-4a95-a387-192bba076147,b0e521db-1eb4-48ba-88fe-a5f34bce6731,BEV-004,5,303.77
78699304-9a7b-4247-bc0c-04bab50ee5c4,7770c0c5-93ef-4aed-b10e-9c49849c3dbf,BEV-005,6,79.14
04f3257d-a731-4d97-a3de-0ca18d2cd9e7,e7dec15b-2dde-4066-ba98-972085c86ace,BEV-002,6,485.67
f3c712b5-8f39-4dc5-b781-7b417ea23e7c,64ab2ef2-f9ec-40cb-804f-a84291925ecf,BEV-003,6,45.32
b65b1147-cb96-4fe7-82cb-826f0cf6ce53,69317efd-21e7-4ad1-9b8f-0d09a739f4a7,BEV-005,6,60.56
cf0e4ee9-c8f0-4016-b57b-b79354d0422f,69317efd-21e7-4ad1-9b8f-0d09a739f4a7,BEV-003,9,855.28
c64b1b39-7698-4a0d-90a1-11e70c2baa90,1062204a-825e-44d8-970b-e967c7ae7b32,BEV-003,10,625.93
e9d21d49-6ea6-495d-934e-a79a601f091d,4c73ac12-f1fc-448f-b383-907291a24a0a,BEV-004,7,241.7
8356359a-02a3-4e70-8bb9-ce09ba10dcc2,3acce39b-1523-4bf7-8738-61354f6ae86f,JAF-003,3,825.29
7fcc6d33-b70a-4bc6-b9b1-e9ff402095e3,ebde37cc-2f85-44ab-aaea-92472b8ed8b6,BEV-001,8,378.51
6872a844-9f50-47a5-8618-25dd64c2e023,d40fa2f8-8651-44eb-aa83-58f18438b33c,BEV-005,7,450.68
d797d79e-295a-420c-a769-c23c00674baa,a7b11cab-5a90-4eb6-9ef7-b2c4bafc48c0,BEV-002,2,465.99
97141c1d-e16e-40cf-8bf3-86ca25e2bad5,0a346edb-0e74-4065-9f42-c6d5fa218584,BEV-002,10,723.12
c415fde8-93ba-4097-8136-367880ed8d05,25eaf5f0-12ac-4c16-b2c5-9cf44c232e73,BEV-003,3,580.63
81b6a985-9dea-4f24-9b81-2d1745c8a89d,8ce1d0cb-d9f5-4337-8918-055e9d178f15,BEV-001,4,395.43
417fc597-0161-4927-ae30-d000d6907c2f,8ce1d0cb-d9f5-4337-8918-055e9d178f15,JAF-001,8,100.12
a76bd76b-0f7c-48ef-88b9-cc037371140b,807c0a28-f6ed-4b7e-b819-008fe8fd5bdd,BEV-002,9,833.94
0c970fd1-a642-4e59-bfbc-feb8affb5b61,0b8ba270-ea44-4645-a59f-eda1f9bd54ad,BEV-002,10,145.86
306a47b2-2856-4662-9b41-7ea0d9838668,12d3bea3-4dc1-484f-817f-890469174597,BEV-003,3,508.4
55622156-1b5f-42f5-8fc7-dd327b8a6100,adee80a8-c988-4258-807d-085eec1d4829,BEV-003,8,868.69
fc380620-b511-4136-8b04-9bf69ebf6a83,adee80a8-c988-4258-807d-085eec1d4829,BEV-005,7,581.62
3381eed4-e52d-42d4-9161-3d2c445100dc,adee80a8-c988-4258-807d-085eec1d4829,BEV-004,8,622.38
d19bacf9-41fc-4f49-85cd-ff67a55e3d40,adee80a8-c988-4258-807d-085eec1d4829,JAF-003,9,858.03
c5ac7920-9c7d-49cb-b826-4ef8197bb9ca,18bee82c-5260-4bdf-a738-636d3ee53e8e,BEV-004,2,41.99
7c9c980f-1c75-4b9c-9997-f09c4187c4ec,f10b9c73-b8e6-433c-89a8-827395b152e4,BEV-001,6,771.12
71834fe2-0418-4929-9071-998625d6bbc2,49fe7ac8-a852-4de1-b86e-4f5b313e75a2,BEV-004,7,280.96
72809783-c26c-478c-a6eb-58401887d98b,1669d27e-1083-4523-90a4-2c241561ce5b,BEV-004,6,248.75
622b640c-924a-4146-a124-d33cb592e097,ccd7c267-dc8d-4bff-91d3-ca18b0a9128a,BEV-005,9,815.11
ce073768-79a2-44b5-b786-c9af2e432c6b,ccd7c267-dc8d-4bff-91d3-ca18b0a9128a,JAF-003,7,550.38
4e159ea6-5fc5-42c1-bebc-4dfddef8d1a2,c3be8ecf-7f31-494e-945d-7d9ec4e954fe,BEV-001,8,696.67
4fe39d1a-1d3e-43b7-a85a-f67be6171717,c3be8ecf-7f31-494e-945d-7d9ec4e954fe,BEV-004,10,403.1
ab15ba5c-5a50-4c89-bf78-65c2a8faad0b,15ea1494-a977-4ac5-903e-a4c14c9e1d72,BEV-001,2,409.4
9313e57d-9fe5-4210-a2be-0c54c88727d8,15ea1494-a977-4ac5-903e-a4c14c9e1d72,JAF-001,3,136.22
33d5ef0c-fd42-440b-9237-f82a3b488be1,2d5be614-32c9-4069-8baf-94a802804bee,BEV-001,7,606.7
4ed442fb-6062-42a1-9b6d-7d7ab6942731,90e6bff7-b462-4fc7-9276-02e286b908fe,BEV-005,7,331.68
e901e6c5-2dfa-437b-a8f7-5e5a24dd4383,9a466e04-9bb0-41c3-b040-3605e45215b3,BEV-005,8,145.83
b7aa8cac-74ce-413e-a0a7-2f4a7f8033e7,130fcc04-ed63-41ec-9255-86579ec0e9aa,BEV-003,4,959.48
f9911b9c-9d06-4c78-8609-9a96ed3fdec4,130fcc04-ed63-41ec-9255-86579ec0e9aa,JAF-005,4,609.03
92d826cb-06b5-41c8-8b5f-de83be638873,7d5317f9-3879-4134-8144-fb15fe9e0ea0,BEV-003,8,160.89
7e50a9ed-df5d-48e6-b549-f99b392edfd2,7d5317f9-3879-4134-8144-fb15fe9e0ea0,BEV-002,10,529.25
8e0e8ef9-41a9-45d7-8595-4df9f6022e96,16829a2d-250c-44a4-babe-6edd77665f36,BEV-003,10,548.39
339a67a8-d456-45a4-b291-539c8ef2e4d5,16829a2d-250c-44a4-babe-6edd77665f36,JAF-001,9,402.59
d3ccb79f-a804-4a20-acae-bde779bbf2f0,0f8b5a8d-91b4-4bf1-a39c-e7091c182a61,BEV-005,4,926.65
600c6e33-1a12-440e-ade5-c4a3c562fc03,5b40c699-e1f9-4c69-8ecf-19509385a028,BEV-001,1,13.72
01ddb86f-1123-4344-a967-b9856d3f9f67,90ba2364-40ee-4e2b-b0f1-81fd4cac87ef,BEV-004,7,567.46
ae68441b-a611-4375-9678-f5251ff21313,5f21ba1e-7862-4430-a90f-aedb2a18f14d,BEV-003,9,966.87
d5127a82-528a-4ccc-8e32-2441e7263fe6,9288e0d4-dec5-4a1a-a041-534d024b53a8,BEV-003,8,304.07
fe56b332-34e0-4bbb-80cb-a62a66c5679c,9288e0d4-dec5-4a1a-a041-534d024b53a8,BEV-005,9,284.1
addcf284-cc9a-4312-b29f-cc8334f2c0e3,9288e0d4-dec5-4a1a-a041-534d024b53a8,JAF-001,1,957.1
56c88e6e-1364-48e4-96cc-06bf71f22c9d,75274699-657d-4c47-b5b4-1857d871a9a3,BEV-002,9,163.09
63c9ecf4-72fa-409d-ac63-64dbe0df09fa,e3c547ca-92fb-4057-a61f-8661374f51ec,BEV-005,7,789.48
ae038d8f-ba66-4f10-a780-3d8a14207637,ac75ec92-41ec-4ade-8d20-8430ee18554b,BEV-005,7,245.56
d7886009-e0d8-4afa-ba47-bd42189cb984,8bc96453-2986-42cf-96be-18f3e641de5b,BEV-003,4,84.72
0423544a-2def-4dd6-8654-14b2e71b02c0,275f75cd-1f2f-46bd-842a-e4ee990baea3,BEV-001,6,743.16
8be0e662-551d-42a2-8bb1-d320f0ed7041,98dc89d9-3cbe-4337-9bc9-032d07fc8a4e,BEV-003,9,547.4
093093ba-d66d-4cdd-bdda-4dffb9e8f293,98dc89d9-3cbe-4337-9bc9-032d07fc8a4e,JAF-001,7,568.42
c86f4ff6-dd38-4ee5-8c4e-510ca303e4b2,16d017d2-5acc-41de-a7dd-ebae2b5842da,BEV-001,6,261.93
2991da1d-87d4-4b11-bfa4-eda2d5f7a8ee,0458702c-261b-4dc0-9610-22de7535855a,BEV-004,7,689.33
00332e72-ccc9-4a6c-a10e-2a09b5395a65,0458702c-261b-4dc0-9610-22de7535855a,BEV-003,7,268.43
aedfee3e-5312-4912-b154-432a8c17de2c,b964f514-aa77-4d12-a247-3b069938a8d4,BEV-002,1,701.37
6c7cbb66-7745-4cb7-a722-2a038b89873c,678baf8e-b08c-414e-be4a-02e88a8eab05,BEV-005,9,172.06
d62cab74-3891-415f-9f54-993c7e31dabd,3b088da1-8ddc-457b-acb3-9dfa5c55f627,BEV-003,4,482.04
0a0f5b9c-a143-4f90-b6af-674e7fafae37,1b279ec9-a656-4012-a8db-01a79494e43c,BEV-005,1,259.53
6153f8d7-7466-44af-b399-46bdb09e948d,1b279ec9-a656-4012-a8db-01a79494e43c,BEV-001,10,317.94
bcfdbffc-31b3-4def-a655-1010c622c9fc,1b279ec9-a656-4012-a8db-01a79494e43c,JAF-001,5,344.87
eb5aa323-416a-4208-9b74-4710e08ecc5a,1b279ec9-a656-4012-a8db-01a79494e43c,JAF-001,8,939.88
ee5aff55-3428-4e1d-a2d0-7dd267582e3a,4030bad0-e0bd-40f0-ba9b-2069bfaaec9c,BEV-002,5,983.94
35d84e05-1143-4c83-b38e-d8a34da13dca,4030bad0-e0bd-40f0-ba9b-2069bfaaec9c,JAF-003,6,77.4
50b9caa5-a612-4c8f-8fc3-2bb4739ad0fa,42f439f8-9600-4b76-894d-ea82598e2506,BEV-001,10,932.54
88428fd0-87b4-4b4c-afb6-e487c98c6bbd,338a52a7-9dd7-4102-9d28-4c3eaf5c4c6d,BEV-003,8,63.34
e76415d4-48a6-42c1-ae57-8310e4670b08,d28ec5a7-c146-4080-a7eb-07e5de2f9b73,BEV-004,1,275.55
6f792ab6-db34-46b9-9ff7-c90986f3200f,73ea912d-5ab9-4975-921f-5fe69f6b3ade,BEV-004,8,965.82
6198acd3-46b8-4bf2-a257-3cde9260d9fd,f51a0050-ef6f-4f8c-8087-4438e892362e,BEV-001,4,28.53
7af6181f-29bb-4230-a882-00d869026e21,dba135cf-7c42-4a89-967f-f025a4126e0b,BEV-004,3,517.69
f05574d9-f008-435f-9b85-2e68550f7d57,dba135cf-7c42-4a89-967f-f025a4126e0b,JAF-004,7,815.26
4fc2b77f-8f15-4f0d-aaf6-f68be422f7a1,58f807b1-0c11-4433-bfe8-5ec6c330f28d,BEV-003,9,115.18
83057b03-ddcf-40f5-852e-2bffa852d236,7c1fdd78-8e39-4595-accc-3b8f9f26596a,BEV-003,1,638.44
56cbc8b0-a7b2-4837-a6f9-62e94925d9e7,0666e4be-ea87-4907-8007-d6b8ade0a177,BEV-002,10,749.62
3183d1eb-80bc-4292-ad6e-bde06e932595,669f5434-7f02-4758-999f-30dec6f4b762,BEV-002,8,733.43
2a03056a-fcc7-4214-ad1f-fc1beed849d8,4c596cd3-790e-4624-847e-c8b8d09008ae,BEV-001,9,223.06
ea02efe5-7ae7-4972-86d7-50a5c8c487cc,b68c7a1a-91dd-483b-acf2-ddd630f46e66,BEV-004,1,418.48
3e4b8102-bb3f-471b-941c-a7bfc104b37f,b68c7a1a-91dd-483b-acf2-ddd630f46e66,JAF-001,4,741.01
f507cbba-5638-43c7-8e1b-a4a26209b13c,22a99d85-1511-487f-bc31-fb6201094a0a,BEV-005,2,33.24
25b6d7af-26e7-4fde-8695-b2606302b883,a06f1069-e891-4296-acbe-4d2d244be219,BEV-005,3,761.34
f20b5ea5-39e2-4f3f-a725-e15d4873af83,8346a41c-b5fb-4500-a130-da920a9780ba,BEV-003,1,135.04
5e3d5f02-2d0a-476f-a8c1-1666f88cec4a,8346a41c-b5fb-4500-a130-da920a9780ba,JAF-004,5,494.13
42bd0ef6-a053-4846-b67a-c16735abf232,1896d48c-c468-4348-8f08-28a3f7690c84,BEV-002,8,284.86
189c4aa0-5cc0-4cf0-9943-0f77e4793ddd,11eb7d60-c9ea-4399-be58-b1cd212cb1c4,BEV-003,7,661.34
364c21a6-5298-46a4-9253-f382425671af,4bda9d62-1376-4538-811e-2c608578e179,BEV-002,9,700.25
aa7d792d-d97b-4f1c-9fbc-a4379cce1ecf,4bda9d62-1376-4538-811e-2c608578e179,BEV-005,8,262.03
865a7f3c-87fa-4087-9d5f-77fa0a5b45e7,4bda9d62-1376-4538-811e-2c608578e179,JAF-001,4,81.7
ef7fc738-488b-4004-a9da-956bcf89364e,4bda9d62-1376-4538-811e-2c608578e179,JAF-001,7,57.94
c41dc612-a2cd-46c3-89d4-ecb97122a5a9,4bda9d62-1376-4538-811e-2c608578e179,JAF-002,3,319.2
961ef00a-fb8d-4f27-bf63-6ddc118ebd1b,1acd1ad2-dcce-488e-852a-842cac0be69e,BEV-001,4,153.08
17610d62-9fe1-4afc-a9b2-729ab9264d55,0388bd23-f31b-40e5-9754-823eac08c772,BEV-001,5,760.89
45de9ee5-1600-4d20-8c20-4ac2ca4dda96,0388bd23-f31b-40e5-9754-823eac08c772,JAF-005,10,619.04
fec8f2e6-d998-4bfb-b607-720d5b4edf99,2f430811-5c2d-44e5-a4d1-45cbbc160747,BEV-001,1,105.46
81207b02-a3f5-487b-a245-3632b427b0e6,2f430811-5c2d-44e5-a4d1-45cbbc160747,BEV-001,8,139.02
e3aa7d97-8009-492d-a950-c5033b9c2c49,a0c6c146-de0d-4436-b932-ac359cdf83c2,BEV-001,4,883.19
42a6d95d-9771-4ca3-a676-2acd4e8af00f,4a26c983-ddf3-4b8d-9d7e-883cb7614114,BEV-001,6,424.8
fd6fe6d5-7c7d-4ada-8c83-8b18cd46a297,4a26c983-ddf3-4b8d-9d7e-883cb7614114,JAF-003,7,284.4
03510db5-be90-4f9b-8c10-ed4b921a3236,cd8117c9-5833-4afc-951c-1522f38699ca,BEV-005,3,984.39
146fa9d6-dd70-43f9-9a92-048aab658814,8aa6f200-7b71-497f-9c5f-994e671cbf5f,BEV-003,2,736.77
ff105752-3310-46f9-9591-3f37f375e936,8aa6f200-7b71-497f-9c5f-994e671cbf5f,JAF-005,5,23.43
58151ac9-ad20-41be-a861-9cb93c1a7388,1e9712da-e452-49ae-8f99-c513c6d07931,BEV-005,6,408.9
de7b5efa-50de-4386-b235-642e3303911f,1e9712da-e452-49ae-8f99-c513c6d07931,JAF-005,1,839.72
04c4ee0b-64d8-46ab-90a0-07096172e047,8614dbd3-c684-437e-93e8-95e65d703224,BEV-002,9,292.71
b2865cd8-7508-459d-9428-405f6d2253a5,63f03d74-016b-4255-aa3f-885edf413ec0,BEV-005,6,766.12
749b5fa7-dacd-4786-b6c5-0535edff73d6,63f03d74-016b-4255-aa3f-885edf413ec0,BEV-005,3,102.88
e109c083-ef49-4e0a-8a1e-ad0feab1a8fa,63f03d74-016b-4255-aa3f-885edf413ec0,BEV-004,5,179.4
9dbfc85b-f554-4721-b63f-d8399a84ec7e,63f03d74-016b-4255-aa3f-885edf413ec0,JAF-005,6,224.58
4e37a252-0aa0-4053-909e-03f033156ab3,e24f970d-b0b5-467e-81bc-a68193e10d94,BEV-003,6,332.56
713f8fc1-de10-4a72-bb32-8b328f6c5858,e24f970d-b0b5-467e-81bc-a68193e10d94,JAF-004,5,595.61
4baebcfb-afb1-47bc-b554-6bd2ce49a2f4,c3db1bee-dbbe-4206-8b21-a4328b56613f,BEV-005,9,205.83
07a1ce79-ca58-42e4-be82-3baafee76f96,c3db1bee-dbbe-4206-8b21-a4328b56613f,JAF-004,2,791.88
49bf46ab-0625-40c6-b69d-9f6f3b984a95,59680001-6c19-47a0-b18f-6f37563ea1a4,BEV-001,10,225.28
813732e0-a3c9-4dbf-819d-e426d299cfee,59680001-6c19-47a0-b18f-6f37563ea1a4,JAF-005,6,190.22
64eb23a4-403a-4697-be46-ffd5561e0b54,59680001-6c19-47a0-b18f-6f37563ea1a4,JAF-001,1,971.59
a934b1ba-c91f-45f4-a2e5-b3809d0ecc4b,5b3e4543-c97e-432c-9b1f-60bc18cf3327,BEV-003,4,415.62
e464e919-8003-4302-84d3-70787d0c80e4,f5969768-a35b-4eeb-9d7f-2b9ac4f57a42,BEV-001,9,901.91
0fe9817a-6364-411e-ba06-5ab29243aa4b,3aa88082-82e6-4143-a62b-4684916b4299,BEV-004,3,59.18
c430fd6c-8875-426c-abd0-37288ed84526,3aa88082-82e6-4143-a62b-4684916b4299,JAF-004,3,372.43
9a092c3a-da0b-4f38-bd52-276d2ac1556d,11d14d2d-fca0-4695-b672-0d23ce04dab4,BEV-004,6,939.57
a90d83a8-6a74-4b13-8f69-cfcaecca311d,88490db6-8c4e-4680-86ce-6d75147718bb,BEV-004,7,366.36
ecacd090-35ac-4453-84c9-1ad9b5fab143,efe67063-b1b6-4e3d-880c-d183cb11e67e,BEV-005,7,631.22
193f7525-d916-43c3-8fe6-6faef61e01d2,efe67063-b1b6-4e3d-880c-d183cb11e67e,JAF-005,7,740.74
6ac6d942-d5a8-45d6-84e2-e3d6f24895a0,481ec3fa-f1a1-425f-bf7e-e46609413ed0,BEV-003,8,15.86
97745854-66b2-4a37-9ec7-e0868d43fe42,b6ccd5a8-a17c-492b-8d0e-974f1c589a8d,BEV-004,9,859.53
b8523621-9dea-40d7-88f5-4cf02e42004e,b6ccd5a8-a17c-492b-8d0e-974f1c589a8d,JAF-002,5,477.24
45239e0b-3762-4fd4-b186-9a2b3c84e10a,de8cfe18-a206-4b3d-bf20-5950613ca7c0,BEV-002,3,188.94
413ae82a-82dd-47eb-b2db-f81d0230b3fe,150f4912-e5a6-4dd1-8da6-d7d58efb3387,BEV-001,2,145.92
80a65254-a295-44e9-99b6-0b8342892a2b,032e74bc-d93d-49b4-b4ee-e3a8258b2d39,BEV-003,3,15.08
b60adfa7-fb2c-43a8-8a7a-c6d1d4dc014b,f445e559-9fdc-4758-9f9d-fdde37e1a47f,BEV-004,8,718.7
70bbacd9-4a21-444d-a7ff-550e7ab12962,04bd1f2d-2219-45d2-804a-23cc04a93a9b,BEV-004,10,239.07
425f9f7c-06d7-4ad2-8665-58c4b8bd8a2a,3ee7c6a9-6a02-4273-a934-770225b11ec9,BEV-005,7,853.37
a2762876-3c81-4d53-889c-8d9f0528eb80,4974d293-1aed-46fd-827a-3d60884fa125,BEV-001,2,364.36
11758e15-7650-4349-91a1-8a18de5be71e,4974d293-1aed-46fd-827a-3d60884fa125,JAF-003,2,42.14
c57595b0-d817-4d38-a7f5-427b84dc9ef3,72ec9f6a-934b-4fc8-b6fb-273f29da1db0,BEV-002,4,691.99
ddb6ea46-8118-4d1e-bdc3-411e7df7173b,e84ac78a-08fa-4f71-97ea-7593f61d93cf,BEV-005,5,498.36
bf9efa96-7db2-441f-bd82-eed282e57443,4df8b921-885d-4f8e-8090-e90e2b2b9240,BEV-002,5,791.72
2a375939-7e3f-426f-8fe3-b857694fc040,f21885ef-ce6a-4972-aecc-acc46516f9b1,BEV-001,5,660.56
531369cb-22aa-404b-b6a9-9988b7f98a5e,8c90b258-8fc3-464d-a6ae-945f9b95693e,BEV-001,1,899.48
f050a294-eb7a-4a35-abd2-bb07b4802af0,011d8f1a-000e-433f-a005-5738c29e1a60,BEV-003,4,410.73
76a7e873-3c3b-41d0-b636-2ecd908c1df4,2e3ceffd-1993-48d3-948e-1299323b1d7b,BEV-002,10,714.1
b1a2f1ea-56d6-40c8-8b1f-46c7ef27e908,ca6e6dee-c418-4417-a370-061ea1c7ab24,BEV-002,9,367.56
b8597685-9e67-4a99-8399-58605aed19a7,7f82ec21-d754-4085-a1be-2fb9958fd4eb,BEV-001,7,144.38
ec2206a5-67bb-4752-8583-d041234b36b6,fa1cf334-fc25-47e8-a042-018b2ecca628,BEV-002,2,919.63
0d75c766-0f1b-461a-ad19-f72829315041,44553e1c-8c99-45b5-a285-3ddb29c54c69,BEV-005,4,622.44
3933ad35-9d18-48be-85a2-75c52f6d3567,6b4fd004-96ee-43e7-a1df-8da3a566d028,BEV-005,3,822.07
08bfd440-1311-4fe2-8699-c56e1bf02033,b849317b-df69-4d78-b4c4-663d1a30a1e4,BEV-004,8,809.66
9fd75ce5-5226-4253-8367-039cb77f7cd7,cf0aef72-85d9-4fc1-a0a1-1e4b9ef35eb9,BEV-005,6,176.05
472e5c3d-3c01-48c5-9bbf-4eabbd4d16d3,eea4740c-3eac-433c-9bb9-28a66923b834,BEV-001,1,512.83
2b935b38-d3d7-407b-b222-eb77b93ee4a3,eea4740c-3eac-433c-9bb9-28a66923b834,JAF-005,7,364.48
debca1a3-13c7-4749-a696-78f003b4979e,7aee37d5-0ae6-473a-9d71-16de2d11528b,BEV-002,3,270.09
25f99be2-0dc3-4f59-be5d-ca1718e97ae6,302d0445-af6f-4c1b-b154-e71501569b1b,BEV-005,9,994.36
a226ea76-e27d-4855-996e-2561e35ab857,9a01766a-741a-4482-9684-ef99516c53c9,BEV-002,8,827.76
26682fb0-63d4-4e65-96ba-eb3a9d46ef1a,106b9a2a-3520-46fe-960a-06ca4cc25b87,BEV-004,6,430.83
46ff5a3d-76e4-42b4-a35a-5c106ae17227,106b9a2a-3520-46fe-960a-06ca4cc25b87,JAF-003,4,58.88
d789282b-4f34-487d-b171-696f74604da8,a2f4a2ca-9f5b-49ef-b6f3-20fbe179bfa5,BEV-004,3,841.3
8fcd8e4e-b089-464d-828f-d5d308019fb0,8c4e4652-ddb6-4474-8246-416c9c5ced17,BEV-003,3,461.58
7672dad3-4426-48e5-8d38-5d6c3b32db9f,8c4e4652-ddb6-4474-8246-416c9c5ced17,JAF-005,10,21.72
0de3c713-4e22-44b4-8913-1b34209e2a30,38bf4256-4804-4a5f-b11f-8d9d7ac21960,BEV-004,8,779.45
c30b5133-2f35-4cc7-a6a3-d6b9b56b19ee,17d8605c-0a4e-4764-9019-994c3bc057c2,BEV-001,3,975.61
60765427-eb53-4186-8bac-1c471cce45b8,17d8605c-0a4e-4764-9019-994c3bc057c2,JAF-001,2,143.16
c1122456-7493-4b84-ba3c-8ac184935fba,237df8ba-ef1e-4668-9cbc-2986e2204c2b,BEV-001,8,913.69
fbab7f11-3253-4d7a-8b57-6e48c38a2ba4,526fed8c-1878-4c46-b62e-ad58265b653c,BEV-002,7,187.33
5ba36173-a8e8-4df7-bb1b-4d4f83f6bf84,526fed8c-1878-4c46-b62e-ad58265b653c,JAF-002,7,260.68
1e630ab0-c437-4aca-a21e-b1f50ce0508b,77244b27-80c6-4a84-b9a3-b764114cd34e,BEV-002,3,354.77
b6ca3fe7-c323-4b6c-8720-0f1ce973d235,77244b27-80c6-4a84-b9a3-b764114cd34e,JAF-003,9,170.32
1a7af1c4-bd14-4fe3-af40-74e03a08f032,f649095a-5966-4783-94c3-f0ec47cdb30a,BEV-003,10,353.7
8ef5fbda-0fb4-488f-891c-01e0284fca3a,1fed8abd-7b28-4e57-b8ce-19e7fb59f45d,BEV-003,4,674.73
8b715f01-8989-4c4b-88c1-a16bbc906a5d,1fed8abd-7b28-4e57-b8ce-19e7fb59f45d,JAF-005,2,105.37
ec173f62-b63a-4e18-93f4-cc22c17898c0,899d49b6-68cf-4e1d-a7a5-d1adb21d026b,BEV-002,1,398.0
224a8b78-067e-4fe3-981b-eb8c01c090ee,0836868b-10be-4dcb-8ad3-4bbc5518047e,BEV-004,4,500.29
5658dc47-a7c6-4d35-b566-f03e0c8cb4cf,3761888c-7fdd-4123-983f-060edae5a6c1,BEV-004,5,39.68
c7df1d6e-047f-426f-8b7a-d28b339d38ab,ef7f897f-8bab-4f61-884f-20515880077e,BEV-001,3,417.29
441e7c3b-cf47-4a84-8474-1371b346dd7e,77caab6a-f36a-41be-9276-d284191de293,BEV-002,6,860.52
7eb54b20-8672-497b-ac40-5319161e6b90,9987154b-700a-4131-9f97-a7212792a558,BEV-002,8,248.94
e1712d13-5467-4429-994e-1a6fa0302022,9987154b-700a-4131-9f97-a7212792a558,BEV-001,10,928.0
189a20e4-4fe2-47d7-af18-f96c475c8a7d,21507e4b-cfc8-435d-9329-d04dccb4bfb9,BEV-001,10,808.3
2600e915-6fde-4d95-a1f3-74b623f6891d,21507e4b-cfc8-435d-9329-d04dccb4bfb9,JAF-005,2,65.15
bbcb891d-671f-4000-b95e-90838c504817,60a95385-e63c-4786-b999-89c2bfabcf44,BEV-003,9,351.77
c2fdaef9-85a9-4325-a5f9-3126617043ed,60a95385-e63c-4786-b999-89c2bfabcf44,BEV-001,3,156.93
97ea263c-1292-49bb-bd60-eb64b05f07bf,07e47700-f64c-433c-b96c-e56686e57300,BEV-002,2,775.59
f2f58b7a-e9b5-42cd-9a6d-d8875425b1e1,07e47700-f64c-433c-b96c-e56686e57300,BEV-001,1,124.55
58c99c31-07da-43f6-a9a1-cd6dc6d23820,72567468-8832-464a-a5c7-9ab3f4ac297a,BEV-002,2,381.89
1842eb2c-7cae-44d4-b3ca-3a477a9e0f0e,c9dad4a0-1175-4668-abef-7e73c398ce56,BEV-004,5,604.68
75e2a936-19a6-43d3-b533-11491c9c2b8c,c9dad4a0-1175-4668-abef-7e73c398ce56,JAF-004,6,742.89
9be1e6af-c8aa-4c63-a90d-1fe86b24e80b,11c5757c-55e6-4420-bbcf-e93d13aea787,BEV-004,5,425.35
7693d839-cd22-4e8a-8ec1-33b89aa73068,11c5757c-55e6-4420-bbcf-e93d13aea787,JAF-002,6,284.59
44ff53c7-80e3-4ee5-8944-a79dc74c7f53,9357e931-b689-4256-aa65-34dbe94b48f9,BEV-002,6,695.52
69f6b945-40b5-4583-be27-5557721a8c87,0257a10c-7e42-4e24-b775-a093e06cb244,BEV-004,4,894.81
f11b5410-f754-4e6e-91f8-902a160638af,8f595743-943f-4f3f-93bb-7e1703ea44e8,BEV-003,8,338.39
2acf73e1-04f7-494a-ad4a-da5cf1773fe5,e4047137-cd9e-4e96-b3c2-61e55d5f2f0c,BEV-005,10,906.59
a65f8aab-02e6-40f6-92b5-a4c96eeddcdc,e4047137-cd9e-4e96-b3c2-61e55d5f2f0c,BEV-001,2,201.77
3d9e1b40-97e2-45b3-8f2a-6ac52c5cce06,82f0b1fd-51fe-482e-b64f-c494749c983d,BEV-002,1,834.23
427e2714-7382-4d37-beec-7843321f9ff7,85667ca7-d783-4aa5-8372-e79d9ad238f8,BEV-001,4,404.95
3a31cadf-b195-4b71-bb9b-a0fa980d0787,463214fc-e0f1-4eb8-98ec-0b4a5da42650,BEV-001,3,612.98
0f092c4b-3a4e-42aa-9ed3-c5a42137f6e4,463214fc-e0f1-4eb8-98ec-0b4a5da42650,BEV-003,2,808.39
7a524393-3521-4720-ac74-156b34f7fa0b,463214fc-e0f1-4eb8-98ec-0b4a5da42650,BEV-003,10,251.79
766b293e-462d-4b71-a928-0866f110a805,463214fc-e0f1-4eb8-98ec-0b4a5da42650,JAF-001,4,136.71
7de162b7-2a92-4c76-a0ab-86cb8f4dbb85,463214fc-e0f1-4eb8-98ec-0b4a5da42650,JAF-003,6,702.01
f33b0653-44cb-4c52-acf4-a0faae94de0f,463214fc-e0f1-4eb8-98ec-0b4a5da42650,JAF-001,7,445.11
7130a2a8-8bf1-41b3-b997-ce987957f844,ef7f6fbe-ee85-4a85-9ae5-c8500fb7410d,BEV-002,6,315.86
fb56b120-9d73-4f8c-b9c9-f0aafeaecd12,ef7f6fbe-ee85-4a85-9ae5-c8500fb7410d,BEV-003,9,287.02
40e5fc10-29de-4b46-add3-cb56c8171575,ef7f6fbe-ee85-4a85-9ae5-c8500fb7410d,JAF-004,3,403.04
8629c7e2-6168-4493-85f0-b3cfd0184453,e8e0e049-e993-4332-8e40-3ff282a5460b,BEV-003,5,560.05
662af472-eebe-4bba-bd5e-857081f8c5f4,aae5ff81-ccb4-4967-9e77-555bdfb9549e,BEV-001,6,119.19
60e8c045-ddc0-44a1-9d10-84168cca1681,66276b15-ae4a-4147-8e9f-08de0041bc0e,JAF-002,9,887.13
647d0deb-ff3b-40ed-adfc-9b399b611bf9,66276b15-ae4a-4147-8e9f-08de0041bc0e,JAF-003,1,225.87
9b44e53f-2646-45fe-a670-5029dff11964,a6b0948e-4b51-4f5e-9f8a-f182e10a112a,BEV-001,9,341.46
0423621f-9032-436d-9122-305c1fe7c0dd,a6b0948e-4b51-4f5e-9f8a-f182e10a112a,JAF-003,7,903.24
277c0d5b-f5e8-425f-bafc-fdf7abe39cb1,89c417ea-445f-4329-9927-968d5e7d7925,BEV-001,3,284.0
afca34a7-42a0-4c5b-9d93-aebedb9eaa88,89c417ea-445f-4329-9927-968d5e7d7925,JAF-001,6,539.77
56b4bc06-7e4f-466b-906e-76206fe23bd7,e58d8a5e-be15-43fd-a5fb-ef858ee0bbc1,BEV-001,3,215.36
9cb06571-c203-4561-88e6-cc9c20a83c7c,56114a30-dc4b-47aa-86ea-a0e2679dc848,BEV-002,1,68.34
53c108b8-96a4-4c1b-9826-11b7b225f320,667362ca-4afc-4893-b667-456c0b348249,JAF-003,1,193.8
e2ad434a-55de-4170-acbf-a2c1abc246db,667362ca-4afc-4893-b667-456c0b348249,JAF-001,4,354.66
b49fb27d-83c9-4d20-990d-0c7d5f5f5490,f30e241f-f7ee-4a94-bd07-255d7499b688,BEV-004,2,24.87
753b22a4-2df4-4679-b5f9-f35eb4cbe252,f30e241f-f7ee-4a94-bd07-255d7499b688,JAF-005,3,58.73
7c48ce6d-e948-491c-a905-13911f051d04,eb1f6249-0ce6-4705-a7ae-178295eee4f4,BEV-005,6,233.3
aaa1fd18-3d5c-4f75-b88a-6f4884a37d3d,65df2dd4-4da7-49d3-9226-00932505872f,BEV-004,6,347.35
c2a5f89d-53ee-4392-8e53-57be413e57d8,7f87225c-f38d-4671-a1c6-610fe1158b11,BEV-001,3,347.93
73e20af0-a39d-4129-810c-cbc960c81f1e,c430b3f0-9b84-4d8b-a226-8c9f8846da47,BEV-005,2,163.85
cf3f79ec-aa6a-415a-90a6-fc4885bbf7f2,c430b3f0-9b84-4d8b-a226-8c9f8846da47,JAF-001,8,739.5
1a75f8b4-5bf0-4061-a0b8-aef1a11f0b74,c430b3f0-9b84-4d8b-a226-8c9f8846da47,JAF-002,5,353.58
e85aefe0-4942-4110-92c4-e0337480f07c,c430b3f0-9b84-4d8b-a226-8c9f8846da47,JAF-005,3,487.01
1de690a7-8215-4277-9976-447f1ff28a09,749353af-316d-4e85-b493-b030120a5087,BEV-005,5,740.22
b1a7a57d-23c1-4d3f-ac7d-86710969fdde,2fc4a19e-3095-441f-8906-4b909ca38da0,BEV-005,9,611.95
5ba9781a-2d65-4b0e-be73-f221dd274f8d,f7b2daa7-d9fe-4b76-b2de-4ed4b2ed17a6,BEV-004,8,818.37
6abaa973-f1fa-4439-a04b-c6ac4a9871e2,46d6323a-36a6-4f12-9324-20122bda16a5,BEV-002,3,929.14
f336384c-ea18-41fe-9fe8-7a35bd0e3797,410d50bb-55a9-4cb4-bd4c-ffbc8bae0b2d,BEV-002,7,744.41
02bcf424-3b28-4369-8843-cc73df49a814,58b033df-ae73-47c5-9921-957fd026f390,BEV-003,6,89.26
c251d2fb-7836-42ca-974e-c8f389766fd9,a2891380-e4d2-4021-a1a7-5d54511d2ed6,BEV-002,2,742.47
36cbf9ab-f729-44a8-a207-23fb103f5761,cf62fb70-bbe3-45f3-8455-9e5d772c72c9,BEV-002,9,902.98
18c1fe7c-a5e2-430f-9913-7a28940696e7,cf62fb70-bbe3-45f3-8455-9e5d772c72c9,JAF-003,1,452.9
15c16635-f293-49c6-b6cc-67e65509dbda,60feaa83-23ed-4c1f-bca7-6d1c358c4b3b,BEV-005,2,676.81
5b29b246-9c6c-470b-8966-cdf90433e5f9,f31d8a27-30d7-4279-875b-3b2fe9be1069,BEV-003,9,926.36
a163a4b9-466f-4beb-9d21-34728b1ad460,95d78b96-899a-4339-b997-436c72f0eadd,BEV-004,8,66.37
7714573c-b595-4df1-ab68-73fde6175390,884f7f98-6594-4d67-b6f7-52d5925caec7,BEV-003,10,137.91
dc3e3901-c4ef-4ad1-8923-e86ad4f0583c,22872b73-6a47-4da7-800a-765b5d8d13f7,BEV-005,7,681.86
d16b1cb4-3dfc-4aba-ac1a-715fc96474b3,6b8705d0-a87f-4c89-8a95-cf20471144ff,BEV-002,8,694.32
4a670829-a01f-4ed2-b7dc-89046d0e48a0,60096478-c06a-4f2b-b36d-a7f73e83a952,BEV-002,4,46.87
ba285410-2185-4090-9d30-e2a4ff8f1508,c7e09e3b-ef9e-4677-b3ce-5a8a2818d960,BEV-002,7,351.72
61dde03b-b145-46d0-9f23-4b12a3c2958f,897a513f-ad0f-4675-9e77-2e7d35f4ac18,BEV-002,3,840.48
601dc041-4e52-4b0b-9a90-1a3ee936e107,897a513f-ad0f-4675-9e77-2e7d35f4ac18,JAF-004,6,641.45
5df6803a-2f70-41bc-8173-e0ffb45eeeb0,1322cd97-85ca-4b3f-bbfc-07b6a56c61a5,BEV-003,2,100.01
50bc122a-5607-48a9-ae23-c4708b7555ec,9855c34d-fdeb-4e91-b42b-68da1ad6a22a,BEV-004,1,581.04
fcd3cd56-1043-4f95-ad83-0f318df2c606,9855c34d-fdeb-4e91-b42b-68da1ad6a22a,JAF-003,8,692.38
7c7d56d8-efab-4660-98e1-405f8978504c,9855c34d-fdeb-4e91-b42b-68da1ad6a22a,JAF-003,6,609.11
ad896004-e6cc-4b1e-8696-75da3be1c8a9,824f1a1d-26b0-4349-b919-9f091c6ce1cd,BEV-002,10,267.83
dd64aaf7-7c58-4020-aa63-a8a174f8e648,3e34a4b7-b7ad-493c-a90c-3e57e2b33a77,BEV-001,5,421.86
39d662fa-71f3-4799-b122-47689ebc836a,3e34a4b7-b7ad-493c-a90c-3e57e2b33a77,JAF-004,5,826.65
09193fa4-dde9-49cd-96fa-eb2df8a4e06b,5a7ad2df-7741-4305-aa07-b6ea03b26406,BEV-005,5,133.06
db749f94-3887-4c36-8009-91794c64301c,589b208f-73f7-4fae-a85e-955b77807cad,BEV-003,6,175.26
c2cd59a5-051a-4828-ba9a-3a4af1e463b9,589b208f-73f7-4fae-a85e-955b77807cad,JAF-001,10,692.09
130eb46c-604d-42b0-bc26-ee851c4f1722,2d3f0092-5d0b-4eb5-af9a-de933346e3e4,BEV-001,7,970.72
878e921d-8207-433b-8311-56125de648a5,2d3f0092-5d0b-4eb5-af9a-de933346e3e4,JAF-002,10,556.54
4fd7902e-82e9-4ad7-9d62-dbb91a24311e,7f680b8e-2c4b-45aa-8af6-6ac11f5df8dd,BEV-001,8,630.16
0697365c-4ec7-4b78-a41b-9eb526663950,e45e6a48-9463-4d38-9a20-f53c9bea12ac,BEV-003,3,713.97
d9b86743-e229-4a9a-ac52-c13ad4645958,fedb0e3a-dd87-4503-b32b-549893db5781,BEV-005,4,668.0
9c3b6934-a60b-44b7-a2e3-5c14077cb646,f068fd8f-6908-48b1-bccf-30d2dbd8419c,BEV-005,4,487.25
fbc5c392-8484-44c6-a38d-e8c3e8274451,e4318e18-1def-457c-96da-60d5cf3646b2,BEV-003,2,633.88
79555167-a4b6-478f-af2c-4eb0ff45195e,674d9d5d-0a6e-4c9d-b1ba-5fcb27f77ecb,BEV-005,5,901.46
e2babfb0-ca0f-4e36-ac77-850f043b1af1,674d9d5d-0a6e-4c9d-b1ba-5fcb27f77ecb,JAF-001,2,687.1
d2160a63-a811-4250-b1a5-a4d0d61e6f0b,674d9d5d-0a6e-4c9d-b1ba-5fcb27f77ecb,JAF-002,8,293.49
f6397d9c-2756-4856-a213-9d513f498577,e6740ba4-1758-455c-850d-7eaf7c817e87,BEV-003,1,503.72
0880ef92-d1b2-49a1-aaf0-ae05db104949,01e445e3-3f7b-4d4e-9b6f-bf0b5b976c75,BEV-005,6,890.96
8c7fde51-f60d-461a-8295-920671d5d83e,01e445e3-3f7b-4d4e-9b6f-bf0b5b976c75,BEV-005,9,757.6
26b4001b-52a6-45f0-845d-bc55a78a1073,01e445e3-3f7b-4d4e-9b6f-bf0b5b976c75,JAF-004,4,311.36
f69a6808-64e0-4ebc-affd-c7f36c5c8a4e,01e445e3-3f7b-4d4e-9b6f-bf0b5b976c75,JAF-001,4,258.81
937fe665-6fa0-4613-a81b-addba105c2f6,bba052ff-954d-45fc-ae73-0c5cd1fad6a6,BEV-001,7,85.23
4250eadf-ac1f-487b-8b64-5850f8231c3d,5cd5b373-28f9-4f69-ae52-3d4a798c1573,JAF-005,8,285.43
6bd83356-5bf9-452f-be02-e546b0739c7c,5cd5b373-28f9-4f69-ae52-3d4a798c1573,JAF-001,7,927.96
9de81cdf-0e25-4419-acb5-46697d297591,4b556e12-ebfe-4df9-90e4-a2869895c1e5,BEV-004,2,772.17
154bea8c-6fe2-4632-a10c-b2ee56b8b7bf,4b556e12-ebfe-4df9-90e4-a2869895c1e5,BEV-001,4,869.27
fd2fede1-540f-4c68-ac42-b47c188a833a,dbafaaf2-9041-47d2-bf38-574f8c069b52,BEV-005,4,272.65
17bb0454-7810-4991-a5f3-92d0fe85bcb8,75a7a499-9e26-4009-9ea2-24aa5a34e9a4,BEV-005,10,370.89
136e955a-506c-4611-877b-a2e580461011,75a7a499-9e26-4009-9ea2-24aa5a34e9a4,JAF-004,3,721.33
6796513e-a648-4752-9538-2bd9bbb76708,39805531-5d64-4881-b806-6413d4b420e5,BEV-005,3,472.59
ecda3964-2163-4076-8945-8211784aef26,1dcd4e21-e7d9-4172-bd3d-62e051af3d6d,BEV-003,10,737.8
73bc85f7-c0b7-49a0-a1ee-884971b436aa,1dcd4e21-e7d9-4172-bd3d-62e051af3d6d,BEV-005,10,843.51
faaee44c-b5d6-47f7-8aea-def2f3308f8d,1dcd4e21-e7d9-4172-bd3d-62e051af3d6d,BEV-004,10,211.97
91217e92-7f26-4f50-9475-f7bb80085864,1dcd4e21-e7d9-4172-bd3d-62e051af3d6d,JAF-004,4,465.87
b9c06028-c05c-4105-98de-5dee6200c170,1dcd4e21-e7d9-4172-bd3d-62e051af3d6d,JAF-005,1,665.94
0ff58dae-237b-4e20-9237-2cadacd59bbb,2c8fdd0e-4331-459f-b522-7979ad460641,BEV-004,1,608.76
c81b8d96-4086-4da1-a6b4-0a63aa5baf31,2e3b58f4-266c-4eb5-bb47-6ebc948b5347,BEV-005,5,74.14
6891f2d5-6e7c-4b19-a3d0-d71f0bf03e0c,3e199956-bbda-4f09-9fd3-7c4032832c88,BEV-002,8,973.38
1789dfec-d6ec-4501-a41c-cd16c7246784,3e199956-bbda-4f09-9fd3-7c4032832c88,JAF-005,1,102.95
4a2ad93e-06b2-47e1-852c-06c110d7efe3,20ef5670-2375-473b-9430-ea5aa9ba817b,BEV-001,7,35.5
c3213872-ed64-41dc-9ac4-704495c34b50,20ef5670-2375-473b-9430-ea5aa9ba817b,JAF-001,3,623.33
614bb317-208c-45d4-8410-8859b31f57f0,ac1ea072-000c-47e9-8faa-8eb9d777d4b0,BEV-005,1,694.49
6b681b18-84b6-4e01-afa9-c9dac66b5099,ac1ea072-000c-47e9-8faa-8eb9d777d4b0,BEV-001,6,535.86
ab5c43e3-1ec2-43d5-a4df-d77020522b9d,5f21a6ee-a163-425f-8439-da0ec023b2b8,BEV-002,4,218.28
7b5909b6-214a-4b15-b15e-3cea1c0b2b30,24125e5c-f066-4d5b-a48b-e4e74af0691b,BEV-001,6,595.85
c4fe5326-2aa1-4a7f-8e67-5da9d3d2fc8c,115e21a8-a1a5-4088-baf5-c7f966949247,BEV-004,10,214.12
698b29e5-d7e7-42c4-b514-3ec6effafbe0,6c103d3e-39cb-438c-b45f-ae44a656ba6c,BEV-001,7,867.18
a942fc47-124a-4522-a152-765d2cac154e,095f7052-facc-492c-b29a-a98329483144,BEV-005,7,379.85
9575376d-2af6-432b-bc22-5ca8043f5229,21a2e186-ca96-43bd-ac17-55b722961958,BEV-001,4,844.24
8b20051c-be0a-4f4e-b204-8e846660fa82,fbb02bb4-2243-4d08-bf19-2394dd73422d,BEV-002,8,725.44
20628e49-10d4-4b81-bfd6-bb6931a33843,8ba84b01-a358-4705-9a6f-48b68831fc6c,BEV-005,5,232.17
a698f1cb-dea9-4191-a85b-48ffba5facd4,8ba84b01-a358-4705-9a6f-48b68831fc6c,BEV-005,9,145.89
65c1828b-d751-4899-a9b1-b4384b4d0631,b1c5df03-58e4-4a33-b542-c57a08d33322,BEV-005,1,763.61
aa5f102a-f49c-4241-8766-e5bc4764f30a,943b9406-a426-42e8-a2c1-fb8ebfc9f2a4,BEV-005,4,965.59
87711746-58cc-4c21-8b07-fae89312fa27,43ef54f8-b06a-47d9-8297-9a74dacd500e,BEV-002,5,229.56
fca96cd3-de84-40e9-86c2-213a17b4a213,80f6951e-982b-48f8-908e-9c704144da0b,BEV-003,10,384.22
eaeec765-d2a2-45ef-b98d-f1809f7f9e7d,f4300f75-d125-48cb-8b66-e8e9393786b6,BEV-001,2,373.46
0c4bab0c-6f05-4453-ad2c-aeca3e8f11a6,f3fa04c1-d917-4210-8627-49b976b32255,BEV-001,9,509.21
2e829968-85d1-4c20-9195-ae6d1cf4ae70,83abe012-c1d2-4463-81ec-d7d2f0afe0ad,BEV-001,5,100.85
0e916334-1ae5-49f7-8a05-6cdd12363341,f14d5533-9cf2-47fc-9adb-ee168ad2da3b,BEV-005,9,856.63
8e2ce5c0-dea8-42d2-83a9-d35893774d58,5b9c7856-7564-46ad-bb7d-6254985aebb8,BEV-002,6,434.01
bd7d8959-82dd-4fbe-8f30-84eed16cdb63,d3195029-a07f-4cbf-8ebe-8b6dfcc97cb5,BEV-001,2,575.27
89c95860-a3b4-49d2-a285-0135da00367e,48ff3eb2-6095-4188-ba25-901433a70b83,BEV-002,1,323.63
53baca8d-1108-41db-8574-3e345560ea58,fbe98c7d-8726-4ba5-a21c-298dcd7848a5,BEV-003,5,216.4
fea3a706-bb87-4723-a11b-0082b8d60166,48878479-b93f-442e-97c5-9d1460c1c2a0,BEV-003,7,497.34
63afd0f2-586d-4488-90fd-e6c21c60bb4b,dbec40e3-6fca-4b13-9bc0-cfcc27b82236,BEV-001,3,508.57
9bd4135b-0cdd-4bdf-93bd-66e36a0e6f7e,a23a7409-1e0b-4db1-9331-cdf2471d14cd,BEV-003,5,891.08
01c0e8bf-a792-4f08-9bc8-268d9b921faa,a23a7409-1e0b-4db1-9331-cdf2471d14cd,JAF-005,2,549.32
2a6222a5-4517-4ade-b17c-840e8d7e0f9e,57b23891-41df-4ff4-9143-337ec925d76d,BEV-002,10,54.57
44fdd6cd-35b7-409a-ad52-633bb0da0abe,57b23891-41df-4ff4-9143-337ec925d76d,BEV-001,5,100.72
b0d59cce-57e7-4e9f-b8f2-050de91621dd,57b23891-41df-4ff4-9143-337ec925d76d,JAF-001,10,23.03
e4255327-096e-4a24-af97-112310a1c41b,57b23891-41df-4ff4-9143-337ec925d76d,JAF-002,10,497.89
f2c0c951-8fcf-4b34-a2ea-05666427e05b,f556869d-9b9c-458b-8b07-7ce20bf35aff,BEV-003,3,880.96
a54548a2-6232-4f5d-9ef1-a029e4cb6672,f556869d-9b9c-458b-8b07-7ce20bf35aff,JAF-005,1,56.75
336441a8-5f8e-43a3-ac11-521d20d5688f,0a8d8056-7808-46dc-b8ea-0108d1a15d57,BEV-004,3,935.75
73e44d4d-99f2-41be-a5bc-b6b798d597e1,9584a59b-0611-4221-b14c-e56527407467,BEV-003,3,546.98
6b17a88f-b071-4abe-9647-2f5d7675d075,47f1bf45-755b-4654-8c26-66099b371176,BEV-002,6,592.98
8aba43f5-3d69-47f6-b5ae-2050c9a456f2,cc617562-00f8-42c5-be90-b229e1bc15f4,BEV-003,10,850.7
a70355b8-d5b5-4898-b8d1-b4cbb01652d0,cc617562-00f8-42c5-be90-b229e1bc15f4,JAF-001,2,836.24
e23fcbb1-478a-4b6b-bafe-04c82ff3de2b,a9655325-876a-458d-ad8f-31fca479bf4d,BEV-005,7,64.93
e1117eb2-ecda-40d9-9ebd-d6fcc4e6a058,a9655325-876a-458d-ad8f-31fca479bf4d,JAF-001,8,624.27
bbe3a4cc-60c5-4d31-80b1-870f54686e67,a8632811-959b-4579-a414-a38eb991f48c,BEV-004,8,564.08
c9b040db-0925-468f-82f4-219176487370,a8632811-959b-4579-a414-a38eb991f48c,JAF-004,6,698.91
a63161d2-ce78-4d41-adc9-c8197ce477e6,a8632811-959b-4579-a414-a38eb991f48c,JAF-005,10,59.5
b2d9400a-f511-4034-9fce-0ea83cc99d7f,a8632811-959b-4579-a414-a38eb991f48c,JAF-005,10,944.04
cb618892-d1c6-405c-a641-b8a4a75763bc,cbb44216-c39b-4216-9d64-2af32737fc34,BEV-005,5,677.75
5e1a9fd5-ec20-4cb6-b44b-7c56b3b91786,1dfe0e7b-733c-4e01-9488-5a42ba1c6d7b,BEV-002,3,302.49
7b5c7996-5629-43ff-8d0a-f65b693ba609,4df56c9c-93a1-4a82-8ea5-0993e0dacfdb,BEV-004,8,433.55
79958e60-367e-4c63-9de6-771938478f77,0df9a637-8e02-4491-8f1f-5cff803767c2,BEV-005,1,43.88
e5281e0e-75fd-4e7a-a928-5e94d42c4bb4,7d5895aa-339a-47e9-8708-5684da7b3cb5,BEV-002,6,525.56
52de4d40-8a58-40c9-9130-f4f5e4230ebc,baf08882-3cfd-474d-bae0-6837bed3da45,BEV-003,2,132.2
4c9cd971-08a6-4b0d-9ab1-1ce54ff555fc,27e2e48d-cbec-4523-8c38-84dac9f3944f,BEV-004,7,914.51
24e78453-5e38-47f4-aed3-9af556094428,95071de9-dc26-41be-b685-389ba7955a82,BEV-004,4,16.12
1460a11c-9be7-49fb-9390-6df93ffea5c1,89c5d857-babc-4bf8-b648-266d6ef9f375,BEV-002,7,239.09
c57e0f23-7f6f-433b-aff7-0c21be1a1b73,89c5d857-babc-4bf8-b648-266d6ef9f375,JAF-003,4,268.53
46ca950c-6dfe-4c17-8511-370f560c2570,ac5ff4ac-f3b8-41da-9f7a-a2794208a26e,BEV-003,5,524.83
0be06bc4-ffbf-4c33-9d52-986115b9137f,ff8c26dc-91ad-4432-a14e-8793c902c61c,BEV-005,4,565.05
faa494f8-c7b7-4d4e-83ca-6721a19bae71,20ad374b-cb35-4d90-9898-5ee55b724ae5,BEV-004,9,469.21
586cd3ea-ef08-4454-95b6-36b4f7a0f2b4,ca7dbdbb-8353-4b10-8e2c-b24759bea57d,BEV-005,4,208.38
7abbc40b-49f2-4349-ae17-d084dafd011c,ca7dbdbb-8353-4b10-8e2c-b24759bea57d,JAF-004,8,673.11
3dfb1cee-f24c-4cf9-a0df-0cafc190bd49,d28d8183-9b67-4d1c-af0e-1a0c43117de8,BEV-001,6,256.83
21010a72-8f4a-456a-b793-317730cbb20c,d28d8183-9b67-4d1c-af0e-1a0c43117de8,JAF-005,9,511.19
f0dabdc7-047a-4977-bff4-4ee41abf31a3,56158828-6a61-475c-884e-8cf86cee69e0,BEV-004,2,343.23
0a217337-66c7-42c9-a169-33fbc5c59f9f,14afe0be-1a49-4461-b09c-f650581408ba,BEV-004,6,832.89
b357c5a6-3c07-4a7c-939b-9e20f19215a5,14afe0be-1a49-4461-b09c-f650581408ba,JAF-004,7,368.7
d10ab929-0b46-418d-ad0a-347dd6eb9f34,e7de25e2-c322-47ce-8d94-cf9204357d84,BEV-005,1,733.62
fa60a7c9-cbf6-48a0-af10-72dead81e045,2ea03a03-5487-4c8c-bdc1-b50f2030e7aa,BEV-003,1,353.01
9b635087-4c76-454e-a1ac-16abb19d88d4,2ea03a03-5487-4c8c-bdc1-b50f2030e7aa,JAF-005,9,453.52
e686a130-78d3-4459-a902-e9f42f2a6651,fb346eef-caac-4568-bac4-298be29b96b1,BEV-004,5,494.81
cc248c0f-fbe4-40a9-85fa-474b5ab1581a,fb346eef-caac-4568-bac4-298be29b96b1,JAF-003,8,559.82
41f1a475-8b8a-4dba-a00d-1bb16481a275,fb346eef-caac-4568-bac4-298be29b96b1,JAF-002,2,856.13
31eb91bc-4ada-4940-a715-723193b3b67a,597400e3-50bb-46ae-a3a7-f2d306ea0304,BEV-002,9,556.04
23d98c5e-4be7-4504-a57a-66c0275b608c,7789d913-aa00-44d8-8485-982d91ff3cd4,BEV-003,1,561.1
1a77a0cb-01dc-442f-a257-02bff818edde,2aa74c00-9625-4afb-b5fa-6b642cadaa25,BEV-005,6,526.13
ea0b3386-5e77-45db-90cb-389cd7dbd004,3c2ddddc-f008-4155-888c-eedd1a927d7f,BEV-002,2,949.34
b599ff13-8517-4509-b3b8-7a3460281225,adb27ff9-d5ce-4a7e-a17f-bc5d2c460d1c,BEV-004,2,285.36
00a55eb6-09ce-4270-99fd-a94af1fc7641,8e748e20-8d6a-478c-a232-9945efd7ae73,BEV-002,7,665.61
c1bd3e0a-0783-4de9-8979-a12dd8eb731a,d21327f2-9d11-499a-b9af-aa83e4a171dc,BEV-004,1,655.96
8eef489d-efa7-47c4-81a2-c2d052026840,687dc9fb-6711-424d-97f8-05ef1b603a5c,BEV-002,5,297.96
cf35a418-1f8b-4dc7-bebd-9aa8141d4b4c,150e991d-d429-40fe-99e1-dab6849e6e80,BEV-004,8,737.13
7ec8ec3a-9621-4141-a7b7-91b1edf21ad4,27c36d18-1108-4b9d-ae9d-79107a47ccd0,BEV-004,3,941.01
5448c651-2005-450c-b735-679411402699,7b21f1ba-91b3-4926-afca-b570b0b28dd9,BEV-001,8,907.09
5bf8f399-156b-4d7f-9742-bf7259a0780a,7b21f1ba-91b3-4926-afca-b570b0b28dd9,JAF-001,9,996.85
9b982cca-f957-4536-a230-8b62ad82f785,896fb7e3-6e69-453a-932c-0389f006eb39,BEV-005,4,118.51
e1a93c20-83ad-44bd-9581-7d5fe4a4aa76,4f8f35c3-8d7e-4be0-b3a4-a26f3cbcea75,BEV-005,5,606.27
d82c3743-4f01-4ded-baf1-12de4d61fdab,4f8f35c3-8d7e-4be0-b3a4-a26f3cbcea75,JAF-001,9,699.91
2602d382-fbed-41a0-89c0-eb40d80d5c45,fe10ecc2-ca31-4bcc-afa9-daa7c99ac711,BEV-002,9,994.36
9f718a38-1e20-4bf0-9e7f-b8b6270e2c03,f7c22f6c-a0c6-4ac5-9c30-12c7bccf9961,BEV-001,1,769.58
8543b80c-ea2f-406b-9758-122d1be81f70,e723f38a-d5c6-4c96-88f4-2823bd614a58,BEV-002,5,929.31
c0c23a09-08d8-4acf-91bf-92bdaff3c40c,f25ec7fa-123f-4474-ade0-b186be75c6ea,BEV-002,10,278.83
1587cb70-b3d7-44c2-896b-2d8d16487346,e2ba7c10-4bef-48c1-a02c-9bfd83900ec2,BEV-003,2,412.05
20ad83eb-bf0c-494f-8566-9d2481a92c7b,e2ba7c10-4bef-48c1-a02c-9bfd83900ec2,BEV-005,3,697.64
e67bdf36-b4ba-475e-ac4c-05662df50e4d,e2ba7c10-4bef-48c1-a02c-9bfd83900ec2,BEV-002,1,45.13
9943edb5-2b65-46c2-8cc2-303a292246c8,e2ba7c10-4bef-48c1-a02c-9bfd83900ec2,JAF-005,6,122.3
f8ab64b5-68ff-459a-86bf-bb7fafd16303,e2ba7c10-4bef-48c1-a02c-9bfd83900ec2,JAF-001,8,185.68
301bff01-564c-42d3-a114-2e179821c3d2,d9a3d25c-71b1-4fef-8fa2-230c78313da2,BEV-003,7,653.25
5f98f3ba-280c-4564-8ce7-659e8f3ba24f,d9a3d25c-71b1-4fef-8fa2-230c78313da2,JAF-005,10,383.41
91d992ab-4130-4489-b583-66b1beeb5ab7,6d9840f0-ec86-455b-ab29-5afa85a0f29a,BEV-003,2,411.95
fc3ce478-1db2-4634-848d-667340a080bc,eb01477f-eeb8-44be-a521-6dff4a5d60da,BEV-004,5,124.12
d7f68d97-0d08-4fd9-b720-17ea144f736e,4e436a8d-9b25-4fb8-96a7-17d9c9b0c290,BEV-001,10,736.12
2df2a579-23a1-4218-bb41-ab3934c7a95d,dd5d0232-4b82-472d-9c69-99c39bb87095,BEV-002,10,508.7
6e5d0026-85de-4dcc-9d1f-f464ff88017a,162239f9-6582-4fed-87e9-d295f376e6fe,BEV-002,3,829.56
ed25b756-675c-4a28-a56c-5c2bb468b5f7,1f1a62b8-f726-4758-ae47-376d8b157f5a,BEV-002,9,139.4
5519a75d-9f6a-4803-9aec-fa995e8edc77,1f1a62b8-f726-4758-ae47-376d8b157f5a,JAF-001,1,626.41
ade16bef-793f-492d-8846-3cff1c19c269,7e180ab0-dee2-4030-abd3-5cbaba1f8b5f,BEV-002,8,223.64
74c19536-a861-4b2f-ae0b-0c706cd8b168,9feceb57-cad0-4044-815f-68726c69a176,BEV-003,5,541.57
022db559-7096-4f95-8954-292e2ae17ab6,2233b88e-a1d7-40a2-8a94-8092d4162b95,BEV-003,3,197.51
3b4e6919-3e00-4e4f-9997-db8731fca890,63e01b62-7e78-410f-a51e-3f12823413a7,BEV-004,6,802.9
3d1ddccb-791c-4d18-8b91-f3132a0603e3,58960c9b-c4ac-4a6a-ad1c-880fefa641c0,BEV-001,3,588.81
735f59a9-f0a7-4f72-b7f2-d549141d04f0,fed3e969-93df-4793-af6b-2f58191ef95a,BEV-003,7,533.84
fd7ebe7f-79c5-4736-8a34-51005c64e9a3,ee66906c-b505-462c-addc-d181551daf36,BEV-001,6,132.74
d0468095-98ce-4e6c-bc35-a82f520ef5fa,f3cf5656-339b-4a65-8ce2-5b5c71a04385,BEV-004,1,537.3
5ed31655-4e25-42df-b72d-6582b837bb54,07f17e54-c27b-4f7e-8291-00210c62263a,BEV-005,2,212.23
0d2a0056-47de-4501-84f5-bec175b077f3,07f17e54-c27b-4f7e-8291-00210c62263a,BEV-004,3,250.01
2ee99aea-0b46-402d-ac09-c73ce4947a93,5a62a2e5-5530-4c44-b6fe-5fca4649a4ba,BEV-004,10,715.54
2f9f542c-e5de-48e0-9f8a-b072e635b73e,656b55fb-34ae-4429-ab97-14281f340849,BEV-002,9,821.64
03abef31-97ca-47fb-9e28-c8395d7c0401,313577ed-a1b7-4c56-8ac2-d9940acafb4a,BEV-005,1,938.32
99dcb78f-8f42-4f7a-b4c0-4b29a4e101a2,7664a9f3-349f-4015-aeb1-49b232e525d1,BEV-002,3,322.74
55b8f2d1-b91a-4e10-ba4e-922d440a0b34,7664a9f3-349f-4015-aeb1-49b232e525d1,JAF-001,2,866.76
487b5e79-fea7-4f6b-94e7-ce526823c4a0,31b06b45-78b6-4239-bf9f-e189192c9093,BEV-003,8,581.73
3caed286-ae3a-44c6-8a01-36895c9d4952,5a81aaa4-143d-4bf1-9cd0-4c7d4dac4949,BEV-002,7,759.04
5fbb92be-f26c-4508-99bc-8699e0a2bcc4,15895be7-500d-4c24-9c3b-4a855fffdb0f,BEV-003,5,470.58
0f9c1888-cb82-47f4-ae16-abd5471a16ec,df4490e6-e872-4ebe-95a9-3ad8230ca8a4,BEV-005,4,331.61
1747f231-f958-4abc-bbaf-4f51dc698797,df4490e6-e872-4ebe-95a9-3ad8230ca8a4,JAF-004,5,869.56
c1e961c2-ffb2-4240-a5b0-706ccfbab04e,f1e475c3-891a-4b92-9ca9-ca64e66a296a,BEV-005,4,919.94
61a43b66-dd15-4416-af46-31f3d169b4bc,9590f39b-645a-47f1-a0af-2da76a078a92,BEV-003,6,66.66
9beee031-ef6d-4b43-b584-558f73a1ce6c,9590f39b-645a-47f1-a0af-2da76a078a92,BEV-001,2,801.95
dd917471-15f0-474a-99d1-051c245ede8a,c868d6de-e292-4d57-9a80-0ed95f081b42,BEV-002,9,805.63
17ef0893-daa1-4c70-8fbf-9c2d499a1778,8a6e48ea-6f5c-49d9-8e7c-3a6af06c493f,BEV-002,7,211.18
c5b6eb57-3ea4-4e51-b29f-13871d7db95d,1afad971-a704-4b5d-9ea3-2324c28b4df0,BEV-001,2,166.78
c2215408-f4ae-447f-a1a6-905ef0954c43,1afad971-a704-4b5d-9ea3-2324c28b4df0,JAF-002,5,707.99
b6b97bf6-b3e0-4b22-bf26-a665848b9225,0a701365-fb20-4604-b8af-6d560c31e274,BEV-001,3,522.82
7ac6986b-9ee2-4069-b212-47a679c7cf75,851a56e2-10a8-4562-9c09-be56258a8041,BEV-002,5,833.66
cf6e9ed0-fb18-4a79-a34f-04f1c9bed09b,5b7ef4f0-bc77-4fd7-83c0-7e778e61d32d,BEV-002,3,20.61
76989137-e702-465a-a3ae-c705d3620e84,d581a844-5bdf-4912-ae61-6dc09b066138,BEV-003,2,615.2
bb976268-9881-44b3-93ea-5a2994204211,d581a844-5bdf-4912-ae61-6dc09b066138,JAF-002,3,489.06
650e81a8-3b8c-4101-803a-b7de995c27e5,9a160fab-f393-4ce2-bcf5-e8e0ae0a0420,BEV-002,7,40.61
0c81215d-0d5f-4280-afe3-424c76ceb1b5,899dda39-6288-4829-b123-0c158d7ad1a3,BEV-005,1,641.07
61f4a897-f436-407f-8f55-b5ee9c509213,899dda39-6288-4829-b123-0c158d7ad1a3,JAF-001,10,733.46
9b25f044-8a40-454b-97ad-a0b3ac0c73f7,6cfd7da7-d359-4ba2-9652-67a7370811df,BEV-004,9,33.31
21ae8485-81c4-4da9-a658-0bc81cebbd89,e150f186-4cbe-40a7-ad02-e17be520e713,BEV-004,3,726.94
900203b2-5054-4ba1-a6d2-deb406723585,e150f186-4cbe-40a7-ad02-e17be520e713,JAF-004,3,760.27
750e04f1-ddda-4491-ad38-dd45fade4369,939791e5-3541-42b3-b83b-70058b3ae890,BEV-004,10,403.5
7cd4c93b-2b76-46e2-afed-83fedaf4c2d8,cb8cef3c-06ad-4862-ac38-da8906a386b7,BEV-003,4,742.68
8255c816-321d-45ba-be54-64bea50ba4c6,cb8cef3c-06ad-4862-ac38-da8906a386b7,JAF-003,3,986.34
185a14bd-f89d-4860-99f2-69e19709bc51,3ea8e761-6db7-4199-9274-ce4eb2b69518,BEV-003,9,423.79
c834eb15-9c5e-41e6-8a0a-bd71a89d9543,51311446-f3c5-4b7b-bf40-081fe047ce2e,BEV-003,1,471.49
6c470c27-380a-4617-ba6d-557aae029d0f,51311446-f3c5-4b7b-bf40-081fe047ce2e,BEV-005,4,248.96
5d416d12-ca0c-4071-b77a-6926de08caa2,cbca8e06-09eb-48c4-abb0-3c0ad0e33ddf,BEV-003,9,486.69
5f17ff83-0d8a-43cd-b54a-203ef611e3e2,156a019d-66a7-46b4-a7a9-75a260020f5c,BEV-001,5,569.52
0b47e3e1-480f-43ed-ac45-c2443a774f3c,d27f49cc-3cf7-42b1-a2d3-27ce9b2e7573,BEV-003,9,884.74
d037b8d7-edec-43de-b898-022684ee91ed,9784d2eb-2886-4ead-9a91-bf979f3fd509,BEV-004,6,331.33
23c3faac-f012-4e2e-8f2f-567c7c622fde,5a4b2a36-7e5f-4ef4-b6f9-099d9a6e2a33,BEV-004,8,544.5
09d180eb-3758-4e19-bd98-0a4e332fef6f,9e5de865-0f89-48f8-9902-e052f918e4e0,BEV-005,8,514.04
99588fa1-2475-4f18-8386-ca160d811015,8d370481-c3d1-4e25-8920-0684efd28830,BEV-003,9,276.76
45090976-09a7-4c38-8afb-de6069284262,8d370481-c3d1-4e25-8920-0684efd28830,BEV-001,10,828.12
59ce582d-548e-4667-af1e-24fafbfcb10d,8d370481-c3d1-4e25-8920-0684efd28830,JAF-002,10,426.52
0bf00230-14f3-4127-be8c-f54b60d33581,8d370481-c3d1-4e25-8920-0684efd28830,JAF-001,6,607.35
acf0bfd6-f171-4663-ae5e-46bf5d96b74e,191054f5-f2e3-4b18-aa39-33b4c9cbfadc,BEV-005,10,984.89
19871692-3057-439e-8d95-5c011b4dde55,bbffe3f7-0b50-4bfb-90e9-07862632d2ab,BEV-004,5,939.19
9f4947b1-868b-4f1e-a7f6-dffccfd885ec,6f2f781e-9a00-4ccb-8985-f464bc31c3f6,BEV-002,5,303.04
22fbcc95-0bd8-41a0-ad2f-766f23930e8d,f5f684e9-4df9-4025-9353-1d34a7985078,BEV-002,6,737.45
45be1e92-9e03-4194-bb56-37fc656b76c1,c4589170-9227-4493-95af-7c9ffb75fff4,BEV-002,10,556.23
889fb816-20e3-498e-b37a-333391fad23d,c4589170-9227-4493-95af-7c9ffb75fff4,BEV-003,1,455.62
3656ffc0-4ca4-4b16-8c78-2c9f742f4164,35015441-8b54-41c4-a564-6bc973c33c66,BEV-001,1,447.06
41ba452a-7e16-4b0d-848f-1f3d594f2ab4,35015441-8b54-41c4-a564-6bc973c33c66,BEV-003,1,537.54
8616d3e9-8c9e-425b-a7cd-efd7179171ff,a55eccd2-7b97-44db-9aed-ec6200531e8b,BEV-002,2,668.1
0c11b674-3ee5-46d1-b216-c3da580e2bc3,a55eccd2-7b97-44db-9aed-ec6200531e8b,JAF-001,8,382.96
e169e6ab-3a34-494a-bb5a-acdd4727f354,6e4a8296-dd91-4a39-aad9-25019e0f1380,BEV-001,5,509.1
f995047c-d86b-4324-819e-69ca2aa27ff9,3a16a424-672f-47b8-8f20-21f95100a83b,BEV-004,6,800.92
97577d81-a2e0-4329-b8ce-f7d380664c63,ef6bfba4-1f71-410d-a944-38afc12506f0,BEV-005,2,81.92
4eefa195-9d8f-481a-90c0-3e0fc4eb494c,bec41dbf-f61c-492d-af73-842573e29476,BEV-004,10,25.74
8c6c2b2f-3fad-4540-84d2-18a37c20f446,bec41dbf-f61c-492d-af73-842573e29476,BEV-002,8,524.16
c77ef351-5b3c-40c3-a6b4-96e615514af5,4b880960-c715-4297-9790-7e61636ace4a,BEV-005,7,804.96
3cd27e6d-1e4f-4545-82f4-dd095417adcb,35d5339b-a767-49bb-b1ba-22dda10bd522,BEV-001,3,50.72
a89087dc-a0c7-4dc2-b007-4eed0d37e488,6c7a4b05-0344-408e-b5cf-bd54935b56a9,BEV-004,7,907.53
12f75fd4-60a9-412f-89f6-0ec40fc71b96,c0fd767d-7cf9-47e1-822c-47c015e9f037,BEV-003,9,726.94
c89e00d2-b90f-46bc-ab1c-f75fe3bc07bc,c0fd767d-7cf9-47e1-822c-47c015e9f037,JAF-001,1,945.34
a0bc4014-380d-413f-b5e8-d2e8ed36a474,90b04d79-66fe-4f3d-8d2c-4f69f4838760,BEV-003,10,999.74
dd6714b1-966c-4c67-b9c2-9c6df5615628,38d4e824-f78c-45b9-9a61-279c0b018f41,BEV-002,1,545.13
88ed408f-69df-4f94-9603-301a2fd936cf,673b3987-a6a9-4ad8-b9ce-95efb124dd26,BEV-001,6,876.76
94640948-8c74-45e2-9201-adfbe9fb94b2,673b3987-a6a9-4ad8-b9ce-95efb124dd26,JAF-002,8,57.15
676903c4-1a2f-4894-bf51-a909b1630d17,3b4f0af1-0417-4cc0-ac87-670a3b988a9d,BEV-001,7,659.8
3c201e98-107c-4dc3-9337-ab0e9b4157ec,3b4f0af1-0417-4cc0-ac87-670a3b988a9d,JAF-001,4,88.51
8689e024-9ab3-4c9d-9c07-d420657514ad,8616a031-68f7-4c1d-aec8-a1dbdd253a15,BEV-005,6,755.23
d8b36117-0cc2-4738-b485-5ed64b728959,8616a031-68f7-4c1d-aec8-a1dbdd253a15,BEV-005,1,270.02
4f61add0-b096-4c4a-9352-428e4caa4095,7e17205b-2c70-44ca-ab36-3236eea67437,BEV-001,6,251.15
0e037b86-8d1d-476e-bb9c-bb58bf0db5de,5d0fdbf5-a411-48de-b780-8132d64c4abe,BEV-004,10,329.19
ef8b99e4-43b2-4909-b535-8d23e2813ea2,7d620c47-7144-4d8d-9445-9c80b62023ed,BEV-005,3,282.37
ba9d185a-bccc-4a4b-b15a-47a2aecd98bc,e20ad662-695b-4ac7-b9cc-e70c170b3e8b,BEV-005,8,101.49
22eff088-d92c-4de3-8c4d-d3c627f7e885,f9e2c637-cd64-4176-a775-902d301f8bc9,BEV-004,3,252.68
ee5c393e-98c6-4c72-acb0-f518ae0d37b6,ebaa34da-b3e8-4105-bfa4-3139bde2e297,BEV-003,2,929.68
f91a29b8-1c71-44f5-8bca-3f9fdf3bc76e,ebaa34da-b3e8-4105-bfa4-3139bde2e297,BEV-004,6,881.38
88844923-5154-401c-8fb6-7a18da5f1806,ebaa34da-b3e8-4105-bfa4-3139bde2e297,JAF-001,4,537.22
c9b9691c-b9a1-4026-99e9-4785e729f192,0c5f0c7c-d304-4c27-bc12-a512a03b0109,BEV-001,5,204.5
9a4538e4-5fe4-4f52-9ca4-05bf5daa6dc8,5f4bec95-eb9a-4e65-b939-d826a7416430,BEV-004,4,990.05
79002f31-881e-4861-b314-0a8a1492490f,4240894b-5eda-413b-b800-496bc70da1c2,BEV-004,2,526.45
0ea9c33e-5bda-4221-b1d8-331b9077c952,4240894b-5eda-413b-b800-496bc70da1c2,BEV-003,1,593.61
53e8ab99-6902-4dbd-a457-320ef291a50c,79dddd16-231e-4795-9971-8b6fd77a2ea2,BEV-001,8,191.03
06886e59-2714-4c5f-b011-8b5cf64790f9,79dddd16-231e-4795-9971-8b6fd77a2ea2,JAF-002,6,884.67
43f1fb86-0868-41d4-b672-8094bcb827cc,2a7022b3-00b8-4e4a-9fe3-0660be8ed4ee,BEV-002,4,688.1
5a4d8454-0cef-4113-8764-1dd2510ae957,2a7022b3-00b8-4e4a-9fe3-0660be8ed4ee,JAF-004,3,733.25
e223494c-3e7b-4e09-b6e5-03a24efe3154,9c84e4b8-cf13-4002-a1f9-eb94aa835592,BEV-004,5,949.55
39a187f3-b56e-44bc-bc80-73b830c38907,8e331762-5b4d-4091-a0cf-69243d2f264a,BEV-003,6,37.76
4aba4819-9882-42ae-8c44-a0318de67dd2,02c782ef-854b-4157-8246-1f495f7e757a,BEV-003,9,999.49
286c0188-62a6-455d-9a42-c5bdeb4dcbde,d66c58a7-dae5-4e14-bb41-cc0c9a05cc5f,BEV-003,4,596.02
fc4de97f-d9c0-44e4-9ce6-64fde764a31c,d66c58a7-dae5-4e14-bb41-cc0c9a05cc5f,BEV-005,9,383.96
5e4dee4c-fc2c-4ef8-9cd6-3786a3d21a29,d66c58a7-dae5-4e14-bb41-cc0c9a05cc5f,BEV-002,7,389.74
32851a03-2e6d-419a-9d4c-8ef7ff2ddf95,d66c58a7-dae5-4e14-bb41-cc0c9a05cc5f,JAF-005,8,12.16
da86c069-9482-41da-b66b-36e702e8e3fb,c7a5a24e-1074-4f6d-ac1a-0ae83808484c,BEV-001,7,361.89
3610e394-7e1c-4bdc-94cb-a295240577ea,cf3f3c3f-9266-4dd6-87c8-872ff783ae8f,BEV-001,10,442.37
46e1cf34-f755-4cc4-91b8-c7d13e0cb34e,cb31056f-9311-42c9-9947-b7a4ceae0de6,BEV-003,9,879.78
b60c8cdf-56e3-46bf-a9f3-02e7c932ff1b,dd0f2025-8cc3-4844-9218-be8b66d979c9,BEV-004,1,835.28
e6c85907-5c29-40ce-b756-1a8e63325420,2abd40b4-d7c6-48c2-b5fc-4eedc421cf78,BEV-005,7,437.22
defe00a1-3a4e-490a-9303-70bf7f56664a,8a10a3d6-3a2d-4623-a633-3472fa475d95,BEV-005,2,646.26
2d6fd6e9-9faf-402e-8cc1-561c971715e8,8a10a3d6-3a2d-4623-a633-3472fa475d95,JAF-004,6,693.9
8a0bd5dd-9962-4375-a759-d5482623904a,31f06c44-ce02-48d2-8c74-1c3b0e21433c,BEV-003,3,506.64
f1f7b81a-be18-4c95-a629-33239fbcb599,bc84e97f-601d-4960-827f-0cdb2f5f05e8,BEV-002,7,570.51
9ee81c11-b2e7-4180-a99c-ef26ffffda1f,89849741-3263-4e81-a34c-53104a7dc418,BEV-004,1,975.04
c1e8fabb-5df1-4502-a4bb-260ef41be3e9,89849741-3263-4e81-a34c-53104a7dc418,BEV-003,4,184.16
de8d582f-7d01-4a84-aa93-01c7f42a6ad6,89849741-3263-4e81-a34c-53104a7dc418,JAF-001,4,182.79
3f5deee9-e810-44b0-bb09-61eee0d3aa51,a842e2d1-0e98-4c5a-a313-79685ebae0cc,BEV-003,5,243.76
845179c6-6f56-4dab-978b-f9576f0cc29b,72ad7c02-dd5a-43ee-86a1-50f1268c79f3,BEV-003,10,155.68
edbebe2f-700b-43e7-a6eb-486cd64782f9,ddd06aa9-0d0d-4275-bfa4-45f4ba2d1992,BEV-001,6,855.97
0bf8366e-0c07-47c8-9ce6-1974de7fba46,5bb4676d-0c22-4b6b-969e-e231bec12f7f,BEV-003,10,530.94
e9e82dae-c4ab-462d-b2d0-177eef146b33,f797f79d-fce9-459a-bbab-d2f3e48b9ac4,BEV-002,4,950.8
aa71ab9f-2ffb-433a-a222-751e3120b925,ff4700f9-23bf-4e5d-81d7-b06bb37eb9a5,JAF-004,7,247.58
a36e760a-74d4-4768-b85a-cfe406e9258c,ff4700f9-23bf-4e5d-81d7-b06bb37eb9a5,JAF-001,9,11.97
f2106615-3c18-4ba1-9284-69f82f42c2ad,ff4700f9-23bf-4e5d-81d7-b06bb37eb9a5,JAF-002,3,434.9
6e469f73-f10a-4602-b497-bb02850e85e8,c38cb641-b85d-4fae-a98a-14b233237b67,BEV-003,3,991.26
9f80f651-d5a8-4b9f-9899-52615cf1063b,5ad60f39-54c2-4651-8481-fd072c555701,BEV-001,7,99.07
57f12be5-3a57-423a-afcb-fdd1b61e33a8,a91a76e4-4768-41e4-b851-09b519be7936,BEV-002,8,310.04
2ffd02c1-a36c-4efa-8cd7-a2ad7cd6ccee,9e461b31-bdec-49b6-ac8d-c7191eaf2763,BEV-005,8,284.46
7ff69fbb-8e5d-4e60-a837-242ba2af0427,adef52d0-23ce-4479-b7ca-33e8e353adee,BEV-001,6,831.95
51169af8-7b1f-473b-aa36-c4dc7566ab25,e886cbd9-3e5b-402d-a1b7-4b6f9e20f3fc,BEV-004,7,462.55
5b009351-11b4-449d-8ac9-2caa1a77de98,62c6313c-7347-4be5-b66d-0c04cb163a71,BEV-001,10,887.04
e3fdf11c-393e-4c95-b2b8-02415ef0a803,62c6313c-7347-4be5-b66d-0c04cb163a71,BEV-004,10,486.73
92c2b2a9-5ac5-4c6e-a0cb-2da14725328e,62c6313c-7347-4be5-b66d-0c04cb163a71,JAF-001,4,671.59
d9c6be53-a105-4b8a-9dbe-60554282ebee,50a158e2-ff6c-4990-8ff1-0d3334492ac1,BEV-002,4,963.33
1198e9ed-1d05-4aee-89b2-116da01ab7b0,db9fe813-797b-472f-90c1-8164ceaa1eba,BEV-004,6,520.25
561138a4-ecfd-4dc4-89ae-bf5df778e0a6,d3c34c63-424d-4918-b3e0-34004616e302,BEV-005,3,948.23
9ddd4eac-8914-474a-a30c-017b1a959554,39a79814-0192-48b4-8c8f-c402aa1b215c,BEV-002,3,192.95
d0cc0642-873e-458c-a0e6-ddbfdec06641,3afdc8ed-65d7-4ad0-b6d7-898dd78c9acc,BEV-004,8,408.23
a15173b7-6dbf-4436-9de4-a6f6aee8204f,0388efac-60f7-439f-9121-e3dcb8ec12fa,BEV-004,8,505.3
79840885-abb7-4cf3-b5ee-7907097a5439,bf6fdf20-eed7-4068-81ec-81131592dbcd,BEV-004,9,759.36
e158c100-3068-4c03-80c9-482698db197a,bd71c939-e4b0-4455-91a1-e1ca0c461718,BEV-003,10,646.02
c6fb4af9-a352-499f-8a49-99ff5ccec274,bd71c939-e4b0-4455-91a1-e1ca0c461718,JAF-001,6,481.84
a0000720-d13e-4761-b131-01f4cb96b75d,e4ab19ce-80a0-4b1c-a009-64f201ce1e85,BEV-004,10,54.45
2ccc6690-7b94-4c06-b8bb-a3650b6292e8,77ea7796-6163-4e9a-829b-d285f6b11d23,BEV-002,8,277.44
2c4bab5e-c71b-40d7-a9e1-af8c1e92872a,77aae68e-4298-45ea-9174-8e3b9e99e5a2,BEV-002,2,163.56
145f015e-5d4b-43e2-9465-78dc2f1a1acb,99e3b42c-2ade-4ba4-a314-eeb5d5ee7661,BEV-001,1,549.39
d8690590-751e-448d-8266-28196aa41e49,7de3b992-a7f9-4bd9-99d8-dae1ddd1fe38,BEV-003,7,882.81
f9dffb9a-b641-46f6-b158-e8f5e6a705ad,7de3b992-a7f9-4bd9-99d8-dae1ddd1fe38,JAF-001,4,26.93
10d6233f-8cf6-4c8b-8565-961751669277,20129edb-4399-4457-8bfd-2775b411d369,BEV-001,10,152.66
a6c60ad7-81a2-4fa3-8879-f87a7a0d2b86,b2e2b0f6-99fa-488e-80f5-a9319e04e92a,BEV-004,5,994.21
f2283d68-96d8-4236-96b9-db88302b54af,03fb816e-e0a2-4124-8386-6308bd78d8f2,BEV-001,9,188.97
685bae78-e4f7-4377-85b4-91e796c95615,04cdfb75-d6dd-4498-9aa7-a96a2f5497de,BEV-001,10,237.04
07fc1c38-2531-4216-a6cd-5be4898ecddc,04cdfb75-d6dd-4498-9aa7-a96a2f5497de,JAF-003,6,215.01
0a804d06-7da1-4752-abdc-6b7f84717569,4fbb5506-8638-46f0-bd47-b087788fb2c3,BEV-002,5,290.46
6e12baab-eb77-43f8-9153-3a25b2ddf744,7a3334cf-7f0f-4347-af7b-fbcb369aef65,BEV-002,6,579.41
7d210bdb-e304-44c3-aa56-8ad3892a754e,2da0b278-ba90-447e-8147-ec83c5f70eb0,BEV-005,9,475.74
ff8357eb-ace5-495d-865b-74e8214df62b,157663ff-1a96-49cc-b940-1cebb566176a,BEV-002,1,92.94
ab156236-8582-4d61-8b23-d6b4743391f6,157663ff-1a96-49cc-b940-1cebb566176a,BEV-001,1,300.95
b2a7ad6c-0e95-43ba-9b4b-e765af90d739,157663ff-1a96-49cc-b940-1cebb566176a,JAF-003,2,956.56
320fc2b8-94b8-4f3b-abbb-6f28e09a3a50,157663ff-1a96-49cc-b940-1cebb566176a,JAF-001,6,385.35
f0e6ec2a-b853-4bfa-87c9-f4928b6be5fb,f9a7741e-5908-45c0-ab49-7a9053d39e93,BEV-005,4,773.38
096448d0-90f2-4dba-809e-78292e75fd73,dc5b488c-444e-481d-bbdc-96474f6d482f,BEV-005,8,895.42
139f56ec-bc6a-495e-8923-a18ffd273ee1,89568f8c-7472-4af5-84ee-c2a37178e6ca,BEV-002,6,468.76
4b7a2829-98ff-44a0-8615-6ba94033faa4,19ca8e84-387b-46d5-8dda-e0e01d2ef2bd,BEV-003,5,57.65
3261a8b8-1be2-454c-86d3-c4e06a4d4dc3,3ccb33d8-94ab-4ef1-8598-2def5ee6d112,BEV-001,6,991.13
f1a78c4b-5f9d-42d6-b71d-af42b12842f9,e21230bc-4425-4538-bedb-0130522c3314,BEV-001,4,396.15
01b84db0-82dd-476b-90ba-f92a5d77db90,d6e3bfa3-a342-4d87-bf4d-911c53226c12,BEV-005,7,945.18
06f8b0f5-a87e-4a55-a9c2-8606f127ea54,d6e3bfa3-a342-4d87-bf4d-911c53226c12,JAF-004,8,177.76
ad95bee3-01a5-4da0-9bc2-4a1250c3124e,d6e3bfa3-a342-4d87-bf4d-911c53226c12,JAF-005,1,239.84
7cb1f38b-a9ec-4c44-80b5-c7b2a89a2ba0,d6e3bfa3-a342-4d87-bf4d-911c53226c12,JAF-002,1,182.67
a45be8d4-9a43-44fd-a3a8-2c3dc2cc23c3,a4271357-0a62-4d40-892c-10c962b22be6,BEV-002,6,161.69
b61f6cc9-d33c-4cef-876e-370765070c2b,89c770f8-5104-4a7e-aa9d-d06a1a7de032,BEV-005,7,298.15
79bb1166-4698-4d3a-95f1-678ae105079d,89c770f8-5104-4a7e-aa9d-d06a1a7de032,BEV-003,1,665.81
ec9d644a-346f-4871-ad86-d77b03539c38,b580356d-7c02-4376-98b8-35a33535b2e3,BEV-002,10,63.6
f9c01953-b242-4ae1-bb8c-3f23ffc0adbc,3a74ac26-1dae-4d31-96a6-e7c9f0c0d08b,BEV-004,1,60.32
26dc2b7b-e82a-469c-a121-df658c5206b0,47584e7d-2e4a-4350-9f7f-ee1aecaa87fb,BEV-002,8,903.9
83273afd-03d3-4c49-8e5b-cfd05777011c,ab65f16f-719c-4f76-9598-1c2f1bf92245,BEV-002,2,551.65
20fc716a-f443-497a-a6fc-899e3076356a,5b3596a0-d448-4d21-8c55-36a41fa9a31f,BEV-005,3,683.0
bca14bfd-bac7-4fa8-ac6e-605b79458445,fe563e2d-8533-423b-b676-ef62a7ab2116,BEV-005,9,313.23
fc62f300-933d-4299-8d22-b4652b3022ab,3fc89b4b-c26b-43e7-bec1-e1878e7d6f20,BEV-004,8,698.43
24762052-e220-4b02-9938-afc9cd529f45,3fc89b4b-c26b-43e7-bec1-e1878e7d6f20,JAF-001,3,848.64
b0ce8b4f-8319-4758-aadf-00a07366ef24,c8ebb8e0-2d5c-45d6-be2d-ad3a172cdd1c,BEV-005,6,432.52
f0977e3b-cd7c-473a-9abb-4ea45fceec88,c8ebb8e0-2d5c-45d6-be2d-ad3a172cdd1c,BEV-004,1,430.39
d415beed-a716-40c2-8126-1363f5355d19,2330d751-1000-42c7-b135-6ad73afd42a0,BEV-004,7,538.98
6fc17147-acaa-4a78-9e06-55537e26ce1f,865e5dee-bcfc-4516-9b4f-3e78c19af0f5,JAF-001,3,420.34
7d0f162e-48b8-4dd7-a0f4-3f7bf0ab39a7,220ca904-b51c-4660-9374-14a7afd300ff,BEV-004,9,104.09
009a50ef-a42d-4abe-9ee2-2c6fc2172e26,d500baf2-ab03-4af5-b8d1-068459f866a6,BEV-003,2,454.15
f8d73d61-1a3a-41df-9932-115c34c79a01,51fff139-2b4d-4750-9460-14cbb959199d,BEV-001,8,443.19
95832bc8-66ba-406d-8094-1efe2533b055,51fff139-2b4d-4750-9460-14cbb959199d,JAF-004,4,44.43
3a913817-ab42-4e86-9692-0c5c36ae11a2,8fd2a6ac-f16f-4a9b-8a64-0c5a7d94ae02,BEV-002,7,967.97
7c2cf40f-2c70-4f6b-9661-feffdfc5d89f,5d8ea78a-122c-4eb6-86d7-d533d8bf4094,BEV-002,10,957.03
1720a94d-ff94-486f-b837-671031909161,5d8ea78a-122c-4eb6-86d7-d533d8bf4094,JAF-002,4,420.8
e35ee274-0ed7-43a7-9289-8cbb977ac047,c7de8401-1afb-4383-a5f9-9c4346fd31d8,BEV-003,7,460.73
3696f1e9-9a65-4d84-bb14-1481a9be7622,c7de8401-1afb-4383-a5f9-9c4346fd31d8,JAF-003,9,10.82
15fb2e6c-e996-4e3b-aced-3ebaa2bcc363,c74ff34b-f8b3-464a-abe9-d5a2d3918b49,BEV-001,5,35.53
23747af0-c654-4632-9791-b69df168ded0,f294a433-6d2e-40d0-ad47-5b02f993d5ae,BEV-002,10,923.44
f72c1c2c-deb3-4c04-ace0-686d1b2166ec,46c98d95-93da-42cf-97ca-4c1976aeeb9b,BEV-003,5,556.29
62014fb5-9563-4cf8-9138-8021546c0811,46c98d95-93da-42cf-97ca-4c1976aeeb9b,JAF-002,7,528.19
99cfd799-0bc4-4b95-b0ae-dfa81064c04e,b182dbee-38ca-429c-8a3e-d7769a493747,BEV-002,8,74.81
62d43231-5e15-4a3b-a1d7-bfa71c803c8e,41c50825-d542-43ae-aefc-4f0fc1891023,BEV-002,10,465.13
5af914fc-f98d-4161-ac5d-92df25c0a8c1,2aca1069-8428-4022-bb03-6fa19b843d0d,BEV-003,8,241.43
e312b603-450d-4f20-9391-3e4e3efdd2b3,c06bb77e-911e-4165-ba6b-a7474f339475,BEV-005,10,323.91
c299165c-5c0a-4eb8-a21b-623de770a868,dceb0e4b-72ca-476e-826f-80d7bb20aed2,BEV-002,9,991.21
d28f2250-a930-4db7-8cd8-238de061bd7a,90e01041-2bad-41f8-84ce-4eb910f43a8e,BEV-003,9,452.3
a8eeb469-1876-4afe-8717-b5e698377894,51dcc17f-a597-47e1-9ead-0eebc6df8998,BEV-002,9,384.83
089a5be4-f93a-4dd2-ae96-3d16fc31456e,a02dfd36-fec7-4913-84e9-9c6350451555,BEV-003,3,97.25
bd20436f-577e-4faf-a84e-c0d4edbd7f11,b365f8d6-0708-4d19-95e5-019e33aa4425,BEV-005,10,766.42
f3bc17ad-34d9-4640-9444-ff4537b0addd,edb2ae1b-7ac7-452c-9433-e8f425745b8a,BEV-003,4,503.39
164e7078-ef6b-4008-89ff-bff76139af78,f21ccd00-620e-47a5-9338-67a46580b57b,BEV-001,3,658.48
846ada3f-eb2c-4fff-a82c-9bfc257c9101,f21ccd00-620e-47a5-9338-67a46580b57b,BEV-001,7,849.57
4456a808-1e34-46c9-b0e7-f8a17cd05149,f21ccd00-620e-47a5-9338-67a46580b57b,BEV-002,9,82.59
eef2303d-7d81-4884-b4f5-d16c938bc039,f21ccd00-620e-47a5-9338-67a46580b57b,JAF-005,1,991.75
55d8ed16-0770-4d50-b061-3898dfb1038b,f21ccd00-620e-47a5-9338-67a46580b57b,JAF-001,9,419.3
b692ddde-660c-478e-969b-ea858f1bc884,f21ccd00-620e-47a5-9338-67a46580b57b,JAF-001,9,475.85
0296ca07-17b0-4bf7-b5f3-9cf4806e9219,c4e31cf6-7777-4800-9c1b-e97dabe04afb,BEV-005,10,54.04
ef97d1a2-0a61-4358-91a0-814f2ec00de4,c4e31cf6-7777-4800-9c1b-e97dabe04afb,JAF-002,5,443.02
adb80a81-661a-41e3-8785-73e6c44e7eb1,36bc9598-3aad-4304-a42e-02372e986a2e,BEV-001,2,895.71
7030d175-ad09-443e-97a0-947ceb8d6020,0100c7cf-fa2b-41ab-9458-ce76c9c3a3a9,BEV-001,10,737.69
3b24c8a8-14c4-46a2-baf2-b4b8337c88ae,dae7141e-0af8-4ed2-9539-b9795bd150a6,BEV-004,9,327.75
112181be-076b-460e-ae09-65e5fd0308e3,2d80b91e-22f0-4a28-ae8a-b40b6ac04d29,BEV-003,9,500.56
453461fb-b858-45ad-86bf-092b8ae4f2e9,2d80b91e-22f0-4a28-ae8a-b40b6ac04d29,JAF-001,8,161.92
520fdc79-e8c5-4923-be25-7c784e7c0eaa,c2a843db-aef7-4db5-affc-1889409b7e91,BEV-004,9,222.55
e5789081-4d39-4cf1-baed-2d3b43612dba,656804e0-cfb3-41a5-aad2-efbbaf3fe832,BEV-002,10,671.75
dd2d46b9-ed8d-4b6e-a367-5e4b02ad7c05,656804e0-cfb3-41a5-aad2-efbbaf3fe832,JAF-004,1,964.73
0d46a5a5-7955-4866-be67-c7b476bb73fb,fc718c68-26c1-4297-acfb-a8cdb7d9eea8,BEV-001,10,968.55
1484a733-0a05-4e65-b6c5-2e3d33eeb647,fc718c68-26c1-4297-acfb-a8cdb7d9eea8,JAF-005,5,444.51
dd4687fb-b455-4340-9526-16fd5478fc53,bc3d7e2d-90b5-4af3-8cf3-ebaa4368aaf2,BEV-005,6,251.71
4ecf7414-ec78-4f39-b1f6-65527c333ad5,d99bb137-679e-4474-8f2c-46e4d00da73a,BEV-002,9,751.87
285b2425-f68c-407b-b86c-9ca955ca8f5f,0b75ba87-a68e-4f7b-9e8e-ab9fadaaa12d,BEV-004,3,622.48
c6b1540b-53db-49ed-844e-a2c614560648,94fa2c33-b504-44f0-9c5a-02361a71f40e,BEV-002,6,52.68
370ae780-18b1-4ad6-a4a5-4c403c520763,2351ca31-c699-480b-abfb-a9fc7920489a,BEV-005,7,124.23
8146795d-a6ad-4f2a-adc8-c95f0df8ce49,93df4e5b-7e88-43ce-b490-5cc44d627c0a,BEV-004,7,627.92
8a2581d5-2fb1-45c3-ab12-96070088c49d,93df4e5b-7e88-43ce-b490-5cc44d627c0a,JAF-004,4,763.13
e79be91d-3df4-4fb9-95d2-cf81b9591c38,e3779dcd-aace-4d2c-84e9-1e3636d1c661,BEV-002,1,464.59
1fe1f7b0-68cd-4a42-8af1-e5544d105dd6,139bb38c-5a53-4df0-a02e-dc17cccbbaa4,BEV-003,4,372.45
0b43c8ec-4401-49cb-a087-879f93267d3b,b4549c31-a8aa-4ed1-89d1-059983b06876,BEV-002,7,843.71
48edc4a9-dc3a-45be-a0c3-3fe50ad8b8bc,fb37a984-055e-439a-a8e6-5a9fc114b258,JAF-002,5,637.22
9f713622-93b0-4935-9aa6-d6e11378462d,fb37a984-055e-439a-a8e6-5a9fc114b258,JAF-003,3,94.75
2c6c97af-3786-47de-8592-7531499b15df,fb37a984-055e-439a-a8e6-5a9fc114b258,JAF-003,10,98.45
cca51daa-3419-4335-8813-dc740570e053,0037a5bd-bb49-4afb-89a6-a1356571dd1c,BEV-004,2,420.87
f03f89f2-a75c-4386-b765-d10cbf8a5aea,3523591d-ceab-43ac-be1e-529ad66f6ac2,BEV-002,2,191.55
f8797d6b-ac4b-493d-a30c-6af2abd8d516,03b77f6b-c12c-48ad-a013-eda975c3c12d,BEV-001,2,148.01
15f8c069-806d-43b5-83e2-f3e80eeb1d22,0c5727b7-d2ff-45bd-8638-5e21ed65fbe7,BEV-001,2,34.83
39accf0c-e3e0-4e8b-b269-b36987413c75,03124de2-eaec-4c05-90f7-ab20c9113325,BEV-004,8,259.26
0c1f98de-f60d-4f9e-93c6-4a4eaf38ebd2,03124de2-eaec-4c05-90f7-ab20c9113325,JAF-002,6,501.89
ba210c86-4204-408b-a36f-219490bdda15,6e4617da-0bfc-4fd6-9a57-415291772fe8,BEV-005,8,529.89
2f4bea88-5e09-459d-b2b4-78f8c22644be,5ef524a6-a0eb-450d-9798-99e02ed43984,BEV-001,5,439.42
0f4611ad-6d4b-40dc-9052-a4cd26d32e32,22a244da-033d-4626-8783-e6e1bd1de727,BEV-001,2,796.23
bac01ed5-f5a5-4149-be67-bc8792c05870,3ea2b39c-5c54-4e28-92f3-2fdb96082c58,BEV-002,8,290.92
68e50ec2-c156-4ded-9d33-aab174451914,d4fddcf3-924e-4784-9cea-7aa1a64d0a41,BEV-003,6,443.79
c735a2e2-3d81-4807-9a49-aca81e8f508d,eba0ccc1-3544-4020-a75d-cb0667570058,BEV-003,2,721.91
52a66d79-9ca7-4bc2-8908-685883e44906,fd571898-5bc0-403e-b1fa-ea6a3182542c,BEV-004,2,137.05
0537b42f-24e1-4163-9bf6-fdad14263cce,3c9188f7-a233-466d-bb48-d65ce17c2f99,BEV-003,4,443.88
0764ab44-1aca-45d5-825d-bdb303e49c25,8caa6b1a-f0c5-4ad5-8084-87efef633106,BEV-003,6,399.89
28f8a013-a790-4b9c-88ac-65ddf25bc961,8a72df73-bccb-4bd4-a99c-5bc790974aff,BEV-002,10,448.96
27e43a67-aa06-4eff-896f-f4180fd2ac75,8a72df73-bccb-4bd4-a99c-5bc790974aff,JAF-003,10,280.54
ae007c66-a887-4d69-980d-348a4f9c36cb,6b839ee7-f9f4-4283-a4b5-99895d9085d7,BEV-004,10,55.77
7563a345-d3e7-4a25-a688-77541c4e6644,771b1632-1054-406f-9380-5ede1fc4d648,BEV-004,9,730.09
ef508652-caba-4ee6-9404-ba3d98d47c30,771b1632-1054-406f-9380-5ede1fc4d648,BEV-001,9,783.52
b416b88e-0c08-46b6-8f54-e64809fa6664,771b1632-1054-406f-9380-5ede1fc4d648,JAF-005,3,644.17
7726db98-eb67-4b62-a88f-312ec1c3fbd2,ffe444fd-4525-48f2-aeaf-b5389d0e9767,BEV-001,2,79.06
fd626491-beb5-4bee-b6c0-ed23db8cbe60,55f2d9a6-7939-47a0-b984-ac3cf265568b,BEV-001,2,978.64
82013251-3f20-4bc6-aaec-187f60d52a3c,0a97dea8-110a-48c1-b681-197ded32fa1b,BEV-005,2,240.2
c508718c-1a60-4be7-a698-ad3a57b07f19,bb30b4f2-ec91-4c50-9bc4-1e52fdd62be7,BEV-004,1,697.85
7b1bd067-24d4-4573-a0eb-e05a6f295857,c96f6872-f35d-410c-9ae7-d0edc77456d8,BEV-001,9,893.59
134356ee-981e-4e74-b934-142286effc8c,3c01bfaa-ff92-4b26-b16b-544a0b35fbd4,BEV-003,10,426.2
63526780-7780-4e5c-9b30-ccc1eb9b1cb3,e9b08641-5cef-4e22-977c-63f1b2655bc1,BEV-004,9,753.43
79bc1c72-71aa-42af-b306-5aeb81ed51ab,7c1e4278-8268-477e-8d37-937aad735fd9,BEV-005,9,10.27
e035e994-9216-47f2-bdec-48322db2b4b2,e1878d4a-9c6c-4134-980a-faf0a5e5762c,BEV-003,7,557.87
6f92df68-104c-404f-aa00-159d84abce39,84cd1613-267e-4548-9a54-43f905078dfa,BEV-001,5,807.0
680dc172-0a65-4ee1-bc2e-9afd64a4c9cb,4945f015-9452-49d9-98c3-71171b1860e6,BEV-004,4,727.2
cf34b8bf-8a51-4705-8b6e-b96e1a8eb028,497ac50c-1d52-4b0a-929e-f05a9b45dfe8,BEV-004,7,984.83
b3db42a3-4c69-4e49-950e-f14126ace990,bfb07910-fd23-40ed-a664-9ad6c5a65cac,BEV-005,3,994.89
d0be4071-acdf-41cf-a764-d0d80d14c2ba,c429152f-f9d9-45b9-93d6-00c7f3dbcc53,BEV-003,2,463.97
6dd1da55-38e4-4343-b881-ecb3fa40f3c8,945f3ea9-9bee-4574-b430-f7417286c1d0,BEV-001,4,59.72
931e74e7-9717-4daf-a171-6c924ab4c547,bfd9e0d8-6bbc-4d52-b0f4-aa0cc2498f64,BEV-005,4,21.08
f01c7ae5-96cb-4815-921e-c867b00bab61,b459bb53-8630-43cf-b43b-fd339a3c4720,BEV-001,7,57.13
f966346d-ffee-44dc-a081-64d479c31685,8431508c-73bf-4ae1-a97a-61b4d2b56f93,BEV-004,8,639.17
b6540d9c-e03d-4442-b616-9c2b23403ae9,8431508c-73bf-4ae1-a97a-61b4d2b56f93,JAF-004,5,898.06
01d21e63-d76c-443b-9521-e1df2ff7b015,85570f4c-4e2b-4696-83bd-d134ae083494,BEV-001,2,25.73
d75e3e54-081c-4e2c-8d66-f3ec83c934cc,85570f4c-4e2b-4696-83bd-d134ae083494,JAF-002,3,877.29
bd05f267-8154-4b8f-8b52-1d5df7cc34d2,9b57fa1b-e48f-4f92-a359-51ff7e01134d,BEV-004,9,92.49
20b26208-ecce-447f-9448-f60db01981f2,06a56576-3165-4195-9a65-e0b20ba416ac,BEV-004,3,410.53
74694e68-364a-4827-a438-d2c5758a5320,c5eeb14b-c19f-408f-a4c9-48ce4801c315,BEV-001,8,755.43
035d52f3-6dc0-47a5-93b6-c66c753eb419,ad128a55-e9d0-4f97-8f19-77136e1fedc1,BEV-001,10,783.01
5848590d-1e9c-4ca4-811b-7490dc9890f7,e5c78417-b45c-4315-8ae4-99fa79122bfb,BEV-001,7,987.7
27250a5f-0a65-46cd-8be2-305b7cfaad1e,e5c78417-b45c-4315-8ae4-99fa79122bfb,BEV-004,1,640.96
5904b17a-378a-4e22-88bf-3a890da07a6d,e17e87ac-a915-4fac-b908-36787bb95a4e,BEV-003,8,689.61
256f827f-4659-477c-8aa0-9fa2feab5947,3532f125-7226-4ad6-8310-2949fc11ffc6,BEV-005,7,992.14
18c99f5b-6eb6-4f8f-9ab1-7fdb0dae8a4f,2264cbe9-2b13-42c6-b8ab-09744bb06dc0,BEV-004,7,556.03
3aad295c-e4b8-426b-a979-e67fb5a5bb98,58ae8f2b-4b9d-43c2-bde0-49d5161b24ee,BEV-005,5,106.04
c3ef8a54-50af-4d90-9569-4ffa19eda572,efbb1f43-ba7e-4b63-97f6-523cd7f2980a,BEV-004,2,415.64
9e92178e-8ff8-45f4-bb9e-832ba5097be8,efbb1f43-ba7e-4b63-97f6-523cd7f2980a,JAF-002,8,732.82
6616a5e5-809f-4587-b128-8ae087f0302d,5364e652-ec15-4d69-b172-140c84664b8f,BEV-002,9,18.36
edc9a1ab-bc16-4b0d-9cc8-066973fd2d6e,5c724e85-9a4e-4d8b-93d6-0b21f6314e6f,BEV-002,10,932.3
8c6a6e9a-1a2d-4d05-8f15-f17c84cecfc3,e5f23d74-9b6e-4f59-bce8-4c45d7827373,BEV-002,5,636.04
e8a7eef6-20ec-4e70-ac9c-c415df2a9f85,377a72fd-7d59-4a39-ac62-288ac5a2a419,BEV-003,1,966.81
3086b63e-f018-41e0-88fc-249df2bca7bd,703aa300-27ad-41df-bfe9-b97d9f0fe454,BEV-002,8,907.93
677b406b-3da2-4747-8712-353bb77b1a4a,99a2290b-560a-448b-b4cc-d9c10dacef10,BEV-004,6,588.96
1e6342b1-9d6d-444d-8cb0-3ab0e4dd9510,68de4dd1-5046-4c87-a834-f4f0be5398eb,BEV-001,3,795.47
07e9360e-bcc6-47fe-b830-32848552dbaa,d7a4bd5f-c5cf-4a35-b569-52cde7cf297c,BEV-003,2,41.52
c9f5267d-e25f-40c9-86e0-76bd343b46aa,56807aa0-fc57-415d-ba17-bca271bf16d1,BEV-003,6,831.66
e510b071-de27-4e2e-831d-661bfa23137e,9349352b-a91e-43fb-95a2-b8c160924d92,BEV-004,8,381.03
1c3832af-dd21-4c72-89b0-40abfd4cb00d,9349352b-a91e-43fb-95a2-b8c160924d92,BEV-005,3,232.25
4156182a-a93a-4868-ae37-b9a41489b86f,78e2587f-4494-4249-8305-f9405b75f65d,BEV-004,10,444.78
f0ce6dae-53d9-47e3-9493-8f586a558cd3,a5802e4d-5cb4-42a7-aebc-f09ebc0e8521,BEV-003,10,92.03
72846819-2b4c-49ff-a05d-c12a577fb46a,09255385-fe7f-4361-8ede-c8473733c32b,BEV-004,9,416.97
00266a0a-feb9-4a76-babd-18368239ee84,81e56bd9-f7c2-4f24-b174-d4450492666f,BEV-002,5,807.92
08d2f734-03b9-43d0-876c-5e3034e6a53a,73889483-082c-46a2-8106-697b89d478a4,BEV-005,8,767.46
2e600813-ae0e-44b3-acd7-0a519543b93c,73889483-082c-46a2-8106-697b89d478a4,JAF-004,4,429.62
0a5c6898-cf09-41bd-abab-be1657af514c,993f5bd8-2b82-4727-9f75-a2e93e727871,BEV-001,7,498.01
3e81eacc-23b0-48d9-b6be-16d16ce78431,5414e139-91e6-493e-a287-057a7caa7d39,BEV-005,9,722.99
4dbd550e-6b61-41eb-a82e-08028500493f,5414e139-91e6-493e-a287-057a7caa7d39,JAF-001,3,758.33
40846f64-7762-4a53-be23-1dbc5e57f2e0,59e193cf-d4ec-4225-b687-0f9c3d2aaf61,BEV-002,7,341.53
62413989-8e9c-43bb-a52d-9c00354271aa,57444cf8-909b-4737-a7fc-d196fb86a3ca,BEV-001,1,266.66
021f644a-eca1-4f8d-80d4-5869aee810bf,0250a02c-d4a6-4581-bb6d-aec22ba2acea,BEV-005,4,351.5
acae154b-efab-4492-99bb-453da166b666,0250a02c-d4a6-4581-bb6d-aec22ba2acea,JAF-003,8,417.22
0a21f437-3f4f-4bb4-8367-81bce5b57720,5eff1038-db4e-4c7d-9847-6da5dc6b2019,BEV-001,8,539.33
8a339b64-0b7a-40a3-9f90-e52cc8e88845,5eff1038-db4e-4c7d-9847-6da5dc6b2019,BEV-003,1,475.96
e11858d9-7c8c-4929-a567-16b1501e1ce8,a35f855b-3572-4628-a68c-d5f3678db440,BEV-004,4,371.5
d43d3ef0-0a30-46ba-84be-9b0defa56b72,6e740727-d123-46ae-9b5c-a0d41dbc4d32,BEV-002,8,612.46
634c646e-c1f1-48e0-b3b5-43ba50fb9436,78aad944-1ead-403f-a87c-c96ba4204f61,BEV-004,6,367.79
417573e6-0ba2-4873-ab05-b6247b610fb2,b90966e7-2e41-4683-b8e1-03b9597fb9dd,BEV-001,9,890.94
990d2b0d-8fa8-470a-85c2-e2ea28ea1832,b90966e7-2e41-4683-b8e1-03b9597fb9dd,BEV-004,7,366.91
7791f1e7-1de7-4029-ab44-4eb33395876c,4194d8d5-a2a1-4282-a7e2-38e496cbe2a2,BEV-005,1,79.47
7bc5068a-d271-4f53-ba94-9156c5521e8a,5b4ec0c0-4e11-4f38-a18a-91120b4806e0,BEV-005,8,938.59
4f94c1da-7054-4c67-a30d-152058437db5,4951a46b-1254-4e50-a318-6c7cd6265290,BEV-005,1,806.76
e80a0ed8-ff93-4765-883f-2e54b681b6bc,b0cabdfb-4e68-4e67-a940-b75beebf503d,BEV-001,4,521.3
04c36c3b-307e-4044-96ba-762fb9c87ca2,fa3c22ce-3452-436c-a148-7f3b70e15f51,BEV-003,7,292.03
095bc78f-df0d-4f7c-843a-4f7b0d8623ef,fa3c22ce-3452-436c-a148-7f3b70e15f51,JAF-005,4,523.56
3d66c1fe-7c36-4b8d-9269-11e3b2d0edbf,1cfdae3f-9ada-494f-8d1c-e4c782073081,BEV-001,9,630.08
ae1eda18-1e1c-4041-8abd-244a54a615f2,7911c1ae-5c8b-4cf1-be07-cc83b5b8e732,BEV-003,3,499.02
72a251c9-770b-49cf-b0e8-00c1f8240320,39840bc3-5ff4-4631-b46e-228e9f1bc2a7,BEV-001,8,449.05
3a19e780-5827-493a-80e9-8a6a5b710efd,f450a9d6-9b85-4a33-a7f9-87c709b2f1b6,BEV-002,4,117.76
679b3b8e-b226-4ded-ac9c-1177e0a6255a,d292a2ec-5225-49c8-96ff-a333c7ada9ef,BEV-004,5,413.95
7516e3ed-c4bf-41aa-b80b-b1527cdc1ebd,fcfe676e-242b-4af6-a257-6674f7023e9a,BEV-004,1,409.32
05d947a5-ca49-437c-88e2-b697a15af8a9,3307e7f0-fa28-4fb1-824a-17811db195dc,BEV-004,6,587.2
772832df-0a6d-468e-8e40-08321cbcd282,3307e7f0-fa28-4fb1-824a-17811db195dc,JAF-004,1,989.35
ab89f2e9-2f78-4a42-8f19-ecb0a4ae1ae5,71ffadbc-b5d2-4190-9840-72198412c285,BEV-003,3,704.12
0f96e50b-1637-421a-86be-7ce645b72dcc,4335dcf0-20c8-4990-bab7-3ef0d6cebf0c,BEV-003,9,712.26
ac97afff-6754-4f50-94cc-a1f4d3f72cb7,fb561441-0840-4f6a-8a02-0fa32fb5e642,BEV-003,9,864.87
3e4c88b7-8cf2-4893-aaef-d6f93c7f5418,cc7b13f0-eacf-41f8-9714-6ed5fa02ed18,BEV-003,8,182.38
3aef1e64-5c47-4fdd-9044-e244acbcd4db,1005802b-3aa9-4bf2-af78-90ed27d87319,BEV-001,6,859.9
71707777-2e3a-42ff-b7d0-e40a3b6cebed,0cf58e62-77b8-4289-8ccb-17214b9c9a2b,BEV-001,4,586.64
75c033d6-4176-405d-a141-9dbc74c74026,ac023081-ab95-4dc9-8e20-16c9eca24639,BEV-001,10,937.64
b13ddba7-2a33-4fc4-9c88-79093099a93c,47ef9981-ebd3-4c89-8c1e-e8bdf490fc5e,BEV-004,4,434.9
da45acab-d980-465c-bd4a-9faf04fbf243,47ef9981-ebd3-4c89-8c1e-e8bdf490fc5e,BEV-003,2,844.41
f94456a6-e9f1-461a-87bc-406d6b7fe1cd,fe33446d-1f03-4ce6-9a56-2952708567b3,BEV-003,9,42.6
942868b0-742f-4fda-859c-a88944021799,fe33446d-1f03-4ce6-9a56-2952708567b3,JAF-003,3,257.84
2415ab09-e9b2-40a0-939e-1469670ac2b1,fe33446d-1f03-4ce6-9a56-2952708567b3,JAF-004,7,205.43
83d6fc56-d8d1-4a56-a26d-f5041568f5c2,36185a77-a06b-48eb-9d4a-a136b7d4e643,BEV-002,4,935.83
757d28fb-5f5c-4d41-ab8f-2b979f8d66a9,36185a77-a06b-48eb-9d4a-a136b7d4e643,JAF-005,9,774.8
39edb845-acea-4ca8-869a-a0462445ce0f,ead25571-3d5f-44cc-9865-19ae9561f915,BEV-005,8,122.76
1d4bc8c6-e773-4a7e-9cd6-429deaefcfda,ead25571-3d5f-44cc-9865-19ae9561f915,JAF-005,4,360.04
851d11e5-ac86-4fad-8023-0fc4ee204264,cf495eb7-86b1-41be-8ebc-49698225fa87,BEV-001,2,215.37
6d11f92e-5600-4e36-9773-d01a2333aa6f,c912f3f9-6227-4637-9eee-d33826fd97b9,BEV-004,4,900.13
9ce00d76-a25f-444b-84c9-732b3a7338d7,5f704f88-1197-4668-b8fa-2859bc00b42b,BEV-004,3,138.48
02181427-21fb-4302-81da-ec9669b168df,4db195a9-9290-4b00-a9db-e5e3dbc6e579,BEV-001,10,596.71
364374dc-7c28-4988-a945-330fed3c46dd,4db195a9-9290-4b00-a9db-e5e3dbc6e579,JAF-005,10,67.51
234f4693-815c-433c-bbf8-3d039e70c314,82e65d37-c16d-4bc1-876d-05942a00baba,BEV-005,8,458.6
82b7877d-289a-4f3c-a87d-41c0bd46a9e0,82e65d37-c16d-4bc1-876d-05942a00baba,BEV-002,4,516.52
d78e2b9f-17a6-44cb-915a-9b2a06e074a3,982ead13-e7d3-4d09-bc5c-2548510ca908,BEV-005,6,931.73
c004e86a-11a3-453a-8048-f40986848a41,cf960f5c-1b91-45f4-8c7c-66204fb3412e,BEV-002,6,841.86
f4610be6-35a2-4a79-ba61-03a7e90f7b6c,608270a8-79a8-415e-acd6-dac5cf56569d,BEV-002,3,325.0
ce168490-31e3-4c1c-86a8-c720ffbb9900,08444e74-8984-409f-8d60-849280ca9178,BEV-002,10,447.25
e5df57d2-e446-4816-89af-c441c983df66,1079ed76-4c08-4751-8c1d-8b0a0a12ba2d,BEV-005,9,405.46
4f449763-5f8a-4fc3-87ca-5be0a2b00c68,cf50a4d2-457a-46eb-a26b-bc623be9503d,BEV-005,1,901.21
1314d631-1ad9-4d23-8c8f-69f14efcdd4f,61bddcd4-74ba-4e28-9e66-5e190698e97d,BEV-003,3,998.21
29f3dbe3-4819-45c0-ba57-2453e0b39a35,61bddcd4-74ba-4e28-9e66-5e190698e97d,BEV-004,4,110.38
a1240779-0ea3-4d5f-a71b-03773b04c25e,61bddcd4-74ba-4e28-9e66-5e190698e97d,JAF-002,5,560.77
be912933-d5db-49d3-8672-471e6f33e8e4,6ce7a0ff-66db-47c7-818d-188e27729f13,BEV-004,9,235.95
78b98b2c-7386-4f82-b87e-413e8b03c0dd,f81f8ca0-301d-47ca-8414-1b0507f34bf5,BEV-001,8,602.44
7fe97654-a1da-4285-9da8-dea66c81bc6b,4fe7d8b9-132e-4165-95ae-cffb9940d4ce,BEV-002,9,679.86
6fbcf382-fd1c-4907-9739-3c0b7984120c,adbac69c-bd1d-4278-914a-0e63c02d5362,BEV-004,1,569.81
0b82e5b4-746d-4bd4-aab2-893a6a58e7da,25d7439c-c17d-40f7-9287-6b30085fd923,BEV-001,6,996.73
b102da1f-7ae4-4d5d-be9f-a9abd97be5ba,53a0e732-0748-4c6e-b925-d0498f0a6ff7,BEV-004,3,833.35
7d8da509-dd15-41f4-b9f4-47f2292e2afe,8c391e09-08bc-49cf-a855-d9b29c8bfdb2,BEV-003,3,134.63
5fdcd686-abf0-4ce1-be27-41ae840f56b1,4a4b272c-5747-4bb4-8da3-d189fd9cfeae,BEV-003,9,178.74
9c805d12-de55-4fa8-bc05-dba741c8b047,20006996-fdd7-4f00-8fef-85a0db4c3ac2,BEV-002,5,866.78
59e39c38-2077-49f1-a03e-83d99bfce518,20006996-fdd7-4f00-8fef-85a0db4c3ac2,BEV-003,5,962.95
349d2a9d-d89e-4811-a3f8-ca49ef2d7043,eafdcfae-c614-4761-a47f-1c7386310377,BEV-001,9,258.35
430a956e-9bfa-4ee5-b631-f3cda1641e54,e1007593-0d94-4941-a8da-7f72a804d50b,BEV-005,6,157.69
99520f57-b93c-486e-a1a6-4604da6335e0,e1b45d64-c529-4943-9c8a-cb5077c407fa,BEV-004,6,651.6
41e98b57-0cff-4197-8489-b0b0f11a3e07,9c75ea9c-aa84-493a-b70f-6be66d724b0c,BEV-002,7,188.52
f694f58c-940d-47f3-b68e-f10cc8e3e896,10049c37-855e-4aed-ba0f-0f532a7d3b4f,BEV-002,2,676.66
a49a2a5c-6d2a-45d9-9be1-193f3e0a77e7,10049c37-855e-4aed-ba0f-0f532a7d3b4f,JAF-002,4,355.05
0d54ecd0-0cb6-44a5-86c1-26918c21cf31,f7a90ea9-ca22-4bc9-afbb-b5f4ceb818b9,BEV-003,9,928.89
e6f0724b-e037-4c87-9a09-c3fb80bb1609,ecf3e947-136a-4d9a-9d8b-88edc54d167a,BEV-001,2,12.21
edbd2a31-f8c0-48d1-8114-53a3adcc4af3,95fb51a9-08ec-407b-a1fd-4027b61a72eb,BEV-002,3,63.25
3cceda26-9e7c-4f99-98b9-41115e69a5c9,755170a4-752d-450a-8eaa-3ec276485e04,BEV-002,8,725.74
631494b1-43d5-47b5-bdbb-e85c827ec9bf,e39ef30f-e5d9-485e-a9ad-4f75a63b0e7e,BEV-004,8,530.4
acad52b4-8a07-4ab7-8de9-ccbf55820823,b953e932-59a1-4743-9fd3-ed3305709083,BEV-005,6,55.92
8aec0a44-3c50-4232-9cfc-657c1b92b1bd,a9203203-776c-496f-aee1-a309f581016b,BEV-004,3,402.61
aa343df4-a1c4-4d21-a180-f233e6bfc6bf,814f30e2-6a66-41ec-a8f8-d48d7552d944,BEV-001,9,861.07
eab7ea41-3168-472c-ab8e-94db288dd579,66082b57-4542-40b9-90ff-34e24e8a2863,BEV-004,8,520.83
de9c5e40-1283-4997-8fe2-36b7fc154c67,e1ffc634-3103-4b7a-88eb-499b031b1967,BEV-002,2,683.1
92877976-ef75-4af5-9c56-f237d58d9e72,6647ca29-b715-4d05-9840-673f0938cec8,BEV-001,5,645.81
2c008798-74b3-4fef-8e38-ead9c7276f16,ac0fa5d0-3c16-4dda-9e3a-bce888701c51,BEV-001,6,175.84
5500a121-ee93-485f-a296-95dfcbe8e0e7,88b8c1c1-4bb3-4b0a-872d-271babc63ab8,BEV-003,5,966.26
d0b9058f-8035-4eb3-9140-91967fe03814,bc3c3524-51ed-46c8-a1c3-15d08866f648,BEV-005,2,99.57
c3c70102-6e45-4703-b322-3c05dd153ab7,bc3c3524-51ed-46c8-a1c3-15d08866f648,BEV-005,2,782.72
d3ce5cd8-25c5-406a-8495-09b585194476,bc3c3524-51ed-46c8-a1c3-15d08866f648,BEV-002,3,38.17
4bb4ee41-9b9d-4c35-8f7e-2aba296982d1,eae171ea-c14a-499b-a6c8-d26fdc89eda6,BEV-001,3,717.93
b92f65a1-4dbe-4f6d-9d39-cda5dd2b5585,5412194a-4548-400e-9d7c-5af2c1c526eb,BEV-002,2,719.98
8bb26ca4-12d5-4fd3-ad25-382004c03135,9cad065e-9f20-4755-97d4-5eb9ad1b9af8,BEV-002,4,59.97
aa7fd2fd-9793-479c-92b7-3eb454eb015a,8996d893-5ed8-4c54-b452-aa88df6ac314,BEV-005,6,356.5
46cd0aab-48d1-4162-8b0a-f73c987767f9,2501d256-7094-467d-b7e6-d2f9e049edd5,BEV-002,10,799.03
ee441e9d-5929-4710-bb98-a0d6dd904aca,2501d256-7094-467d-b7e6-d2f9e049edd5,JAF-001,8,41.41
149e9079-6317-4019-93c2-a4dc6ed47761,21b411a2-ad28-477b-9aa3-63804e5e340d,BEV-001,4,952.88
b0ce350a-2ead-41ea-9c6e-03292470d4ff,4450c1bc-5424-42a9-8045-a3bcea36c928,BEV-004,5,583.42
2787971b-44b2-4c07-b3bf-9846850fd1e8,bf6f46d0-6f95-4e71-a830-544f59984a75,BEV-004,10,524.52
fa533c97-72f8-4250-b1b1-d6c09f9d6e31,141af05f-9a54-449c-8046-83d5b56c3298,JAF-002,8,499.98
98f87de9-330e-4c03-85f8-7071cff95d36,141af05f-9a54-449c-8046-83d5b56c3298,JAF-004,1,478.85
7e317562-1872-4d04-ab96-477c0f10b691,141af05f-9a54-449c-8046-83d5b56c3298,JAF-004,3,202.12
ff2c6f2c-1cb4-445e-9bfc-2714392b3db8,777895ec-28d2-4680-86a1-4980ce07082d,BEV-002,2,771.07
0c5a0d12-5987-4014-8752-6b3230be90cb,da207257-8f3b-4a63-86f4-e73703d1842c,BEV-002,10,507.56
aef766a1-a32e-4166-a0f0-34cb4981d491,a37f7232-aafe-48af-8c95-6d8cd24d24e6,BEV-004,10,607.91
f1ef7d4f-54ba-4cee-a353-53b4c4f0a040,a61ab4dd-739a-43e5-a917-2a18d8c07d48,BEV-001,4,510.98
0f15f0ac-9228-49ce-b912-642b7dc8477d,8ccfb299-0f90-41ff-80f3-f602e2f10751,BEV-005,9,665.54
bf9efe98-4144-44c4-a74a-010096219c55,a5027ebc-2ef4-4ba2-adc3-d6934c680107,BEV-003,4,689.67
dee27e1c-181c-45a0-a248-2ace9a43c3f5,a5027ebc-2ef4-4ba2-adc3-d6934c680107,JAF-003,9,872.58
62d1a6a4-4ccc-4e48-aa8e-ccb413855469,597bd819-534d-45d6-bcad-bff6dcfa4d02,BEV-004,7,661.96
30c361ac-0add-4328-ace7-dba1f4108381,6f5145d9-4c5c-4446-9bce-317c067dbdb6,BEV-005,3,691.49
04c53726-50a3-4168-bda0-7c2c9dbfd58f,6f5145d9-4c5c-4446-9bce-317c067dbdb6,BEV-001,1,191.01
a0d748ce-086b-4cb3-a259-844156231eb2,99e815bb-8b1d-46bb-9b96-2cd3a42414bd,BEV-003,10,33.69
569b7881-5a63-4424-a5ef-b4da57c0b5c4,642d9456-859d-46b0-af11-0a18dd042fae,BEV-004,7,529.27
fc1e0bbb-c611-4982-b2ac-a408e576417a,bc4b66ad-61cc-497b-95d0-08bf8a593b29,BEV-003,7,805.7
8a104c83-7f1a-475d-bee5-d7b31a165d37,95f405e5-2de2-49c7-b5d5-93574b370eaa,BEV-001,3,584.2
c7b72a5e-fa82-4db0-8cd1-ba5ffe662a99,935123fd-b803-462e-bd19-8c0e6e72b3b6,BEV-004,1,159.78
7983d15d-20d1-4042-b06a-9f14170e9233,3fa56165-ab94-4799-ad01-9d530220bd87,BEV-002,4,251.83
0a3fe71f-d493-48ac-a5ef-7ef34d74124d,0e2510c9-5c58-47b5-bce9-b39c64f7ac86,BEV-002,9,799.86
d2443464-77f6-459a-a82c-091656c95b31,64fc57d5-bf3a-474f-89b7-6ef5d312784e,BEV-001,10,241.02
1a04907c-6da8-4cb9-87cd-556260119f14,c9ed0999-5d33-47ef-9431-3676ffc9ab9a,BEV-005,6,951.39
a121de5e-5bb5-4485-afc3-1799dfd4a0f5,c9ed0999-5d33-47ef-9431-3676ffc9ab9a,JAF-003,7,279.86
8cadc188-29a4-4d33-901f-44f27623a1e2,6a0deb02-2d19-4ccd-8455-c95bf14b5eb3,BEV-005,3,592.1
b07229c4-66c9-421b-a020-5e783d6f7aab,af2e01fb-2dbb-4508-ad66-460a68d06f2c,BEV-005,7,820.03
3862d6ab-aeb7-4f02-89e6-1990aae69494,93a31563-60e0-4ca0-a4b9-76a1859018e3,BEV-004,6,256.73
434b2bd7-6780-489b-a753-276e19a0d409,3e37eefd-0fde-4889-ae59-145bec812963,BEV-004,8,506.85
5c70cad0-d669-4d3d-9484-fce8f72b4a9c,975b5a43-70a3-47ab-8b94-0379edac0496,BEV-001,6,261.58
7a4bb45b-7a21-4d6c-9c9c-1166a02da08b,560670bd-ff97-4fa7-8b16-d5c059e2a08f,BEV-005,10,904.12
1089aae6-3794-4b66-a143-600b82aa32d3,560670bd-ff97-4fa7-8b16-d5c059e2a08f,JAF-005,4,480.63
d4c2f5d4-814c-4c8a-a368-2b2c3a99c601,064f1ec1-d95e-412a-ad07-224d3b6320fd,BEV-005,6,271.99
93026f3b-4eec-4c2d-892f-43a4c24cd7e1,ab202e99-8b87-498c-aaa0-5109e332b587,BEV-001,8,975.5
4a3e7498-3423-42cd-b746-f1c7615d1e61,da3e3f48-7c98-4066-89eb-d8167af0dbd7,BEV-002,8,662.83
a8304f33-92a5-4296-ac98-bb8ffda3b324,52c8c316-70ed-442d-9a69-ec3bc3129a3f,BEV-003,10,861.05
4c1c2963-e80b-42e0-b11a-0efa515c85f4,cfe37d6f-20f3-4420-80ab-21643b27acda,BEV-005,5,108.02
afaadc8e-b2be-48e4-96b8-12ff8e685a67,bc5d722e-817c-45c3-beaa-7187e69fc6ae,BEV-004,5,12.42
7921fd17-fcf5-4f0c-9d6a-c2bc3cf4ba2e,c5119b07-705e-4718-9795-58ed634aa463,BEV-004,5,109.0
ff4635fd-2632-4c81-9c01-9de737dcdd5d,fed4994d-741b-4f46-ab0d-0f78134f6f94,BEV-002,3,990.17
b93a9bab-542c-43dd-9896-a3fb3c0248c4,fed4994d-741b-4f46-ab0d-0f78134f6f94,BEV-004,5,897.26
8eb8bf07-203e-4724-861c-b33946966fae,2ce23d74-9f5f-4f49-a79f-63319ec802c4,BEV-004,7,323.27
567fde33-8610-4c19-9588-75aef7d0e94b,fdcb6482-bbf9-43a3-8807-13b021f55505,BEV-004,1,596.37
954ffcda-c569-4399-bd85-a8ae82c8708e,ce0c9e71-cd32-4e4a-b09c-35578d9c8c84,BEV-001,4,507.99
1ea7f810-ee55-4a5a-bfba-03bc94930bc2,ce0c9e71-cd32-4e4a-b09c-35578d9c8c84,JAF-005,6,855.98
43fd1dc1-3346-42fa-943d-8024aad9a688,4fc3f7ae-6a3f-46e9-a8ea-b7fe02fa243c,BEV-001,9,591.89
ac9903d1-2872-4fd8-888a-bef82c0c6196,b6d3173a-f85a-469d-bc75-c9eabc9c3595,BEV-004,10,581.39
079c7678-e129-49ac-a3c9-4014cf898486,06264f9c-d082-4f29-a617-cad341dcc546,BEV-005,1,676.64
652e1fa2-2609-4770-acc4-a5c542007387,efb7ee87-fcf2-4e6e-a451-67b98e6e2ccc,BEV-005,5,784.4
f7010af9-1651-45d9-92c8-870021f9a694,4cddcb69-55d8-493c-9baf-3dee4adcbfee,BEV-001,5,53.38
ae4dec43-44bc-4ec8-8492-9e904d06e473,64486678-70c2-44fc-8499-6a0fca542d5d,BEV-004,8,306.01
9f4eb2d6-d60b-4da9-ad94-e34d8e6f7b61,9a8d2c60-fcf9-4bb5-b392-43cd20619b95,BEV-002,8,585.91
e8ecae1f-ace1-4bbc-825b-c1029e234f4a,43150b4a-fa33-4546-847f-1b5362c11669,BEV-001,8,541.36
aacdda4f-8585-428c-b250-9e73c6744f0c,43150b4a-fa33-4546-847f-1b5362c11669,JAF-003,1,945.04
ffcbe2e1-0148-4297-bbda-a2dfe756341a,7a9ddf5a-632b-4c77-9295-927b27f286cf,BEV-003,1,673.55
c9d2333d-dbc3-4daf-8c9d-f3de622c5791,7a9ddf5a-632b-4c77-9295-927b27f286cf,JAF-003,8,912.05
86b6d3fd-ba47-4fc3-b26e-d1a38bc5ec33,89f1f000-80b2-4329-87df-ffe12bf016d7,BEV-003,7,588.24
0ef6bb8c-46f2-4ec1-bca4-c11f09027e44,89f1f000-80b2-4329-87df-ffe12bf016d7,BEV-001,8,413.56
4e9e821e-3326-4e22-b465-2aaa8e8dc9f4,2e9b8a56-6db4-4edf-b377-460a60ed3f79,BEV-001,6,763.58
0ad070f8-ec13-4c78-8e83-353eb9827129,6d1684fa-f037-4b53-a241-3e57837d7087,BEV-005,9,296.07
1a7ee6a2-abd1-4198-88a4-18692c614fe6,18b4846d-f60a-4db7-9a57-5513004af165,BEV-005,5,729.3
f433e7e1-3b14-4614-9b99-773908e9478a,375ece9e-e2ab-453b-a59b-f5d8bb6bb949,BEV-005,9,442.77
dcbe9a09-b0ef-4d1c-b507-28ddaeb75326,baeab6bf-d292-4319-a534-8e7a4d91dc80,BEV-005,1,966.37
1773edd8-1d08-4618-a8ac-4c87acce002f,ee6ea201-87cf-43fa-9b55-c67eee8edb1d,BEV-004,5,664.77
b753f0fb-a84a-483e-bce1-0aa1539ee820,f6e5e5e2-653b-4103-986f-26ea54950844,BEV-002,8,775.71
7e22ffab-9e57-4d77-9fc9-9cbf6aea80d3,2869ad5a-f7bc-4315-9828-45a06728f911,BEV-003,2,327.07
c682dc71-0119-41db-9117-5b06ba828de3,96108c29-fdc1-4cd3-afa6-e640cf2be2e6,BEV-001,3,961.76
08d8b6c8-0a67-4856-b3fd-a1cfb196c551,76eeb121-046a-4968-98c2-5755b9af7583,BEV-003,4,864.18
4d7ce66c-93d8-41db-8ebb-b00bef8876ea,de83ee34-aa33-4f95-a420-9a13cd3ca8dd,BEV-001,7,315.46
00305143-65ba-4c1f-b365-feef7a87ea76,dd1ffc98-8edd-49e9-a8df-bfcd9db6969d,BEV-003,3,852.74
7cceb9f1-2b4e-4a41-be09-56334ced3f4d,cf604b3d-72bb-4e03-bdf0-80922a2d1e7d,BEV-001,8,954.63
819164b2-24a1-4783-b08b-3af1c7899309,a1a6d3b6-0055-4d1d-8957-d9b110162cb1,BEV-004,6,488.14
a377f84b-bc30-4bd2-8363-9b9654afb060,53957044-46d8-455d-89e2-6025edf91fcd,BEV-002,7,562.34
6eccdfc2-a284-46f3-b996-9e159081404f,e1d2d2ce-9f70-49d9-9da6-f2d83eef2590,BEV-001,10,84.68
4abb3a54-9b67-4687-a06a-9e60d611999e,0bd851fb-2a0a-4182-a151-c3ac720effb5,BEV-002,10,422.82
7d99bc1f-ca46-46dd-8111-c7daa7225d13,e933143d-c3c0-43ff-9916-a5240d8516fb,BEV-005,9,279.52
63124a15-bef5-4e75-a249-ae27c100526a,e933143d-c3c0-43ff-9916-a5240d8516fb,JAF-003,1,903.65
e2b20d90-da6f-4ef7-8c3d-3281d3c2e4ce,cb11fb25-add2-461a-84d8-1d487b5643b1,BEV-003,3,13.08
06acf99f-9030-45a2-ad70-4704449155f0,572ecea6-cf85-4ef4-9d3f-af9c7b8da768,BEV-004,10,303.9
489e487e-6add-4628-b874-7eb3266b03b2,572ecea6-cf85-4ef4-9d3f-af9c7b8da768,JAF-002,6,798.12
a2908d65-8f6f-4a5f-b71b-3f69b297fce5,e20707d7-d1ee-4bed-b507-0302ccef9c2d,BEV-004,2,23.05
34a27442-d769-4f62-80f7-eba5b42db918,d1a0b1b0-b61e-4f2f-b664-1e139979fec9,BEV-002,7,895.14
33594b0a-b10c-446b-9467-3afce97ee09a,c7fcb1cf-0662-415b-8942-9d7f17e8b317,BEV-001,2,864.14
72b38637-d4b0-427e-8da6-e1c52b29d526,13b4714f-dc60-43b5-a6b2-9c93f5ab2074,BEV-005,2,22.84
60ebbfe8-fa1f-4a5a-b00f-ce432ae805b8,0891c2da-009b-4c4b-9ef8-904c30ec13c3,BEV-003,3,999.18
2a61d691-7ec6-490e-ace7-040a27cf6016,0891c2da-009b-4c4b-9ef8-904c30ec13c3,BEV-001,8,76.38
e27ac884-403f-4819-9d1d-990fca7e94b9,0891c2da-009b-4c4b-9ef8-904c30ec13c3,JAF-001,9,567.38
6de154df-df7d-42c1-bbe3-090ce7bfdc95,1c89189f-45ec-4445-a56f-3409b8f98a4d,BEV-005,1,509.51
07f30a6e-c3ed-47dd-b0e9-18fab150fb22,d055b1ae-ef45-4b8f-a005-d1913e4d455d,BEV-001,9,605.98
18f90e7f-2d3f-4eda-aed7-408a9e51790f,ad49ac0f-7b64-4149-a62b-84dfa3a4ba61,BEV-005,7,801.78
2e8fac02-f747-4b17-931f-427c17062503,ad49ac0f-7b64-4149-a62b-84dfa3a4ba61,JAF-002,6,930.47
0560ffb7-570b-4b21-8f6f-8dbb9cde4957,3a032668-0da1-4868-80c2-f09d7bb67136,BEV-001,8,870.81
17f128ed-79ff-4a57-8be0-676e8711c963,3a032668-0da1-4868-80c2-f09d7bb67136,JAF-004,8,212.41
88393e11-f36b-4d91-b0e1-efce8066377d,355f71d5-4364-48ad-9564-b88c0a2fbfc2,BEV-002,2,228.03
1b0dcba4-c5dc-43b8-93c9-49444b6ecd6f,7de0c96c-a76d-4196-b88a-6b276397db69,BEV-004,10,52.84
be330660-bddd-4753-804b-ea995216a257,acf755fe-aaf8-46aa-97aa-b025ffd18eba,BEV-003,4,285.81
f4779002-4fe8-424b-b90e-ccd7bace1910,9797a282-26a4-49e9-9c00-1ad96373667d,BEV-002,2,311.51
0009070e-a588-422b-b7a2-b5253d831d4e,ae14c8e2-0658-4197-950c-9e35d8341ffd,BEV-002,6,693.53
e4bea6a5-5404-4a29-86af-3e7549e6bcd2,af23d84a-3346-48ad-bc8b-f76a33d882a8,BEV-005,9,128.58
eaba646d-9a60-4585-af9a-a90eba3ef7c7,0be7f6dd-90b0-4133-864d-e509841aa461,BEV-005,8,408.36
431ac3bf-5633-4114-b37f-252ab55fb0df,0be7f6dd-90b0-4133-864d-e509841aa461,JAF-002,2,715.26
d5de3b4b-c822-4daf-a82e-e5c82cfb2623,87356dc0-d8cb-4434-863b-6c264de9e87b,BEV-004,10,165.19
c2530b19-bfe0-464b-a666-967041bd68f1,87356dc0-d8cb-4434-863b-6c264de9e87b,JAF-005,5,222.6
da6950c0-412b-4c78-9adf-030be8661c0b,5aff496a-7d32-45ae-9689-c32f78a3aae8,BEV-005,7,976.93
3853e445-7fc3-45b8-8f3b-bbc4712512bd,bf5b5269-2180-43c4-9268-0ddcae2ad76c,BEV-001,4,297.56
e41aa889-79a3-4777-8849-9b2d14a98be4,bf5b5269-2180-43c4-9268-0ddcae2ad76c,JAF-003,7,144.5
17e2ad99-b1df-4a55-afc2-517abf71e2a2,7290df49-3410-4fd5-8e05-90c625d57331,BEV-001,6,583.18
ef64dddb-b57d-4bdb-9c0f-01d6c399e6fc,7290df49-3410-4fd5-8e05-90c625d57331,JAF-005,1,354.53
c42631ec-b33d-4e43-a76f-e2b602cc7ab5,2f5c38ff-c3f2-489d-99b6-4de2231cb480,BEV-001,3,565.39
502eda8b-91dd-4395-b9f5-8376b683405d,cfa3b0ba-ccbe-4717-a0fd-58b1d9084fd3,BEV-001,9,473.99
bc942fb5-c7d8-4a59-99f3-11defcf5199c,86f546d5-47dd-4020-b8f2-5fced5fcc2fa,BEV-002,1,306.28
156f85dc-0b3b-4b90-831a-a9876044afe2,0edaa0b8-0430-4abe-b8a5-16ffe3c7f62f,BEV-001,10,215.59
5861e683-c8fd-45ef-9ec6-9880bfd893f7,0edaa0b8-0430-4abe-b8a5-16ffe3c7f62f,BEV-005,5,484.32
d1a8e65c-cea9-4665-8680-3e227b96e108,74b3a0a2-653a-41e4-8df0-13c29020bf98,BEV-003,6,298.01
5b144bbf-d912-42bc-a1fc-7587bdbf0e92,51df82e5-8c85-4233-94a4-31c4f1a756df,BEV-002,3,216.32
f2778a55-ba3d-4cae-acc2-07f76b1374d2,2210d82c-329a-483f-9efd-d5dec2e36e32,BEV-003,8,212.27
706b1f15-5dba-402d-b246-a97988a9104e,5b417ae1-5e3f-4873-959b-e12098433348,BEV-003,9,840.83
43930583-a2f5-498f-bc05-68ec6f11df8b,db279192-c401-40f0-8ac2-9280a0f1fbab,BEV-005,4,548.77
a5e685b5-3644-4797-af73-31fe7af53393,8f89811f-2d5c-4c7f-b694-de9c79b4ca78,BEV-003,1,128.33
35027193-617d-4460-8fbf-2a3dc8c0a09c,8f89811f-2d5c-4c7f-b694-de9c79b4ca78,JAF-001,5,551.34
bed032e1-2352-4be4-adf7-14738b408c31,167bd47e-1f14-46e1-b7e1-d17df696dce7,BEV-005,5,374.53
c9e8adc1-9fc0-4beb-b8ac-9459dace6443,167bd47e-1f14-46e1-b7e1-d17df696dce7,JAF-001,3,61.17
ce808e07-36f2-4251-a0e2-88489bc35f62,30969393-53ca-4a4d-a8e4-45b078cb82c9,BEV-002,7,929.66
a6da3e69-2891-4628-8324-7bd9fe2a5ba9,77405ae9-df4a-4f29-9d9b-ea50fd2e163b,BEV-004,4,13.42
9fc1e1bf-029b-4301-9698-e5ba6c80bd76,1d3d1a4f-da76-41a0-9ee3-78291d825021,BEV-003,9,114.62
435e7401-4c8f-47ed-b496-98b5b1d5c7d5,bf7398f4-adfc-45a7-a967-6ab7d3161726,BEV-003,8,554.65
858f3a8f-3158-45dc-95f4-5108b73f98db,36500f0d-ad3b-44ed-9ae7-86a12212abeb,BEV-003,9,154.96
0cb1a8a6-d25e-4a1b-b5b9-fcaf00daefa5,36500f0d-ad3b-44ed-9ae7-86a12212abeb,JAF-005,1,698.76
4a541ddd-c469-4480-ae84-be44b196b761,082d2f2c-dc98-4b42-ae37-8bab0709431c,BEV-003,6,605.04
1e5ba107-76fc-4819-ac23-f9eceff8f3de,082d2f2c-dc98-4b42-ae37-8bab0709431c,JAF-002,4,815.14
df4a3178-9df7-4505-ac55-3e94b6782c73,ac35c128-5f1b-4833-bd4b-9ae519f19899,BEV-001,10,183.95
6c325062-b090-4cd0-9472-d44b96baabc8,753158f0-8c24-44f8-b231-9bc9cb925aa9,BEV-004,8,421.11
2d74d120-3929-4ed0-99b1-d9e4b72aeceb,9b259a69-e0dc-4868-8f8e-f3eeb6bc90a8,BEV-005,6,729.65
aa6f8774-c257-4c11-a235-c3f0b028d34d,9b259a69-e0dc-4868-8f8e-f3eeb6bc90a8,BEV-002,10,131.16
138def77-02c2-4315-935e-b3b66cb079b9,5b88f437-1619-44a6-a54c-c7dfc8dbaab8,BEV-002,5,100.71
d1e8ed6b-d142-4918-b80c-40842f0f6cb3,5b88f437-1619-44a6-a54c-c7dfc8dbaab8,JAF-003,6,934.62
bcfc1de9-360f-45a8-bd20-1cc631e32bff,5b88f437-1619-44a6-a54c-c7dfc8dbaab8,JAF-005,3,963.95
44a1beca-d7bf-4353-8e60-3815d297bf77,3089d512-aa87-49fe-90ea-3a7eb4fbfc27,BEV-005,10,572.3
ee51a352-0889-4aab-9e87-034fd97b35d6,3089d512-aa87-49fe-90ea-3a7eb4fbfc27,JAF-005,3,954.48
3ad15fcb-eb4f-4129-b948-494167ae283e,ab590889-8dc9-47d5-a590-b21709289300,BEV-004,4,407.67
0fca5e04-cee4-479e-a9c6-306f0d6d977e,ab590889-8dc9-47d5-a590-b21709289300,BEV-004,4,233.46
7315b2be-1a14-461e-b3e9-705739fd4ea8,1d9a8c32-9cd7-4f6a-bfd5-1cd1ec90420c,BEV-002,9,362.71
ca959ddf-723d-48c8-a6dd-fada8f199489,7daf1a6c-8200-4761-b2bd-f72b1f2bc19e,BEV-003,9,706.98
0e4acff6-06e0-4320-9ac0-f9639ae6847d,9e753a55-e553-4818-abec-c055a77bb50a,BEV-001,1,655.08
b2cec31d-5399-4eab-a112-bad49ab1896b,9e753a55-e553-4818-abec-c055a77bb50a,JAF-005,7,328.41
8495a733-291f-497c-8257-70306297d37a,1b62a42a-87ef-41db-9729-b324d2b417e5,BEV-003,1,328.98
44e48b4f-7f16-4095-bf0b-bf5ebf6052ba,c768eea5-ceec-494e-a8f0-e8836a76d836,BEV-003,7,725.1
a21c62a4-6ab8-4203-905a-d844a4901dae,e1f81990-3f36-4a1d-a686-5ea553f95ba3,JAF-004,6,105.5
6894289f-6ccc-4836-9c26-47cd79b4a63c,e1f81990-3f36-4a1d-a686-5ea553f95ba3,JAF-002,10,720.4
2e9b8ed5-576f-4b98-a2c8-aac9d39ff2ba,30372798-7495-43f2-adbf-a0275b7931e9,BEV-003,2,905.88
c9f29ecc-9c9a-42b7-9267-13c32959bd2e,70cb3d3f-dfe7-4227-8433-c760a85f738a,BEV-004,1,986.24
1503e15e-07ab-4aba-aec6-741bdb5f7582,a0e6b025-175c-42ff-94ce-b7bbb25cfbef,BEV-001,9,650.81
3a0b1b0f-2c54-47fd-add5-062d5ce2d62f,a0e6b025-175c-42ff-94ce-b7bbb25cfbef,BEV-005,7,304.22
8bb09da1-9210-4c1c-99c5-00bfb188a21a,a0e6b025-175c-42ff-94ce-b7bbb25cfbef,JAF-005,1,69.07
00182b63-59ba-4456-ba97-206e3dc0cf2e,a0e6b025-175c-42ff-94ce-b7bbb25cfbef,JAF-002,6,416.13
0b083ae5-3d08-41d6-ae81-ecc6e8d7345d,158b7960-40fd-46fc-9993-635ca653180d,BEV-004,2,730.73
f17094ec-c6ac-4ef1-bc8d-f8ec687c320d,c684a77e-4062-4d72-aabd-386cddd45f5d,BEV-001,4,809.87
a8273408-fc87-4225-9a87-f08921231699,a5645bd8-087f-4c40-9584-9cf719a48810,BEV-001,2,596.73
8995eba1-97dc-439d-ae71-c3de751ef2bc,4b8e06cd-4e89-4d33-82ff-f3fec8ce4f2d,BEV-001,3,456.07
2e68b993-e316-4be2-b3e4-90af4f36aa5c,5f5edb04-2cc7-4759-9ae8-f617521370d2,BEV-005,9,64.47
6e3eefb7-e057-4fbf-a56f-0b0a89cba199,f5358a48-d399-4c27-88fe-613f24df45f2,BEV-004,9,250.64
61e04fca-b99f-4481-8c18-6c1ca40f4fa2,5bd9a354-04b6-4cc1-b862-47089536af97,BEV-003,5,648.46
a72d7efc-71ae-413e-be07-694e65a767b1,382e2480-7e0e-48e5-af6c-c76a8c7e162d,BEV-004,2,940.07
3bcf3024-5677-4a90-9a22-d5885fd223bc,4e9a98c4-eead-4e12-9e8c-7df2f0684146,BEV-003,10,241.32
ef5ebcef-6a87-46bf-a996-e75bd49c5b4d,7b3bfb0e-e3ab-4807-876a-cf53587aa8b6,BEV-004,7,215.12
1bba3fdd-1926-4c35-b36a-e334b93043a2,f70a7d76-5809-483e-8077-dfee53aa2d2d,BEV-001,7,90.7
c1c79177-0431-4bca-bb91-60caed6c2e7e,826671ee-2963-4baf-afd0-4d6aea8a6824,BEV-003,2,912.95
6e5cdec0-8f7d-418a-8f1d-53b63c1f9762,a2fbb15c-dc43-41ce-aef5-0f7290cc1552,BEV-005,10,921.34
bf7eb4c5-36e8-476b-9cc1-454dcf7cf46b,27ae0058-af03-4702-81dd-82881c80f280,BEV-004,9,742.71
bec2b2f6-39f7-431e-a81f-34620e19ed34,7ae14e9a-36eb-4107-a5d0-29d232570fc1,BEV-001,2,415.3
244a1862-6bd7-4f7c-abe7-d9d94e2b45ba,2149b9b1-295c-4660-844f-243542e2dfb0,BEV-003,3,577.37
2d1d15d8-9dd7-43ee-8bea-b2608b4d4d60,fcf4226d-8e71-47c3-b4a1-e2155e169ca5,BEV-003,3,666.51
52d740b5-2137-44d5-a311-8ffce71cab59,fcf4226d-8e71-47c3-b4a1-e2155e169ca5,JAF-003,3,378.0
260132ab-910b-4a44-a313-1220ceee8e9d,474e2bc9-f76b-41b8-b43d-cb82cdd94fc9,BEV-003,8,723.78
279909b5-14b9-406c-81e9-98393637c41f,505bb607-c8c2-4ce3-b72d-79c5f282e5e1,BEV-003,4,581.42
7f8362dd-fa36-4622-b6bb-47cadeb88eed,505bb607-c8c2-4ce3-b72d-79c5f282e5e1,BEV-004,9,191.31
e138d5b4-c4e0-4906-97a7-6cc3aff6821b,505bb607-c8c2-4ce3-b72d-79c5f282e5e1,BEV-003,8,466.71
56f62008-3196-4887-b1f1-e0ce7701ca50,505bb607-c8c2-4ce3-b72d-79c5f282e5e1,JAF-005,9,265.5
c37aba20-da62-47c2-9975-dadd92374ca1,505bb607-c8c2-4ce3-b72d-79c5f282e5e1,JAF-004,5,925.72
418c5a22-7e4b-4bdb-b27b-66a2f5a4698f,505bb607-c8c2-4ce3-b72d-79c5f282e5e1,JAF-002,1,94.15
248a9e9a-4967-41ed-afb2-7e81485a5665,76e1d2c1-c65e-42a0-b5cf-236b0bada801,BEV-005,4,538.89
3cacbaea-768d-47d9-bb56-b09bd14b06a9,8a743342-5d89-4b1e-aa50-76f5631425b4,BEV-004,4,86.76
d88203da-7391-4a8d-98df-11897ac873e5,8a743342-5d89-4b1e-aa50-76f5631425b4,JAF-005,5,731.35
100ca5d5-d3fd-4b9a-9794-1b34f40a2f56,2c4f4da2-163e-4c7b-9f00-8a428855f9d2,BEV-002,10,212.91
68fbeff3-252b-4341-8348-809b00bdbdfa,e8be58c1-8de7-426f-94e3-1c833327fcad,BEV-002,10,921.9
c74b2611-4945-4a59-be1a-7ea76357936c,e8be58c1-8de7-426f-94e3-1c833327fcad,JAF-005,5,896.14
5a252e96-98ce-417f-96d4-ec4fac74e14b,5379913c-a642-4869-b1a1-219ab1db1e61,BEV-005,4,101.81
5cccc1f1-a370-4ab0-9e19-bde7d1b18a84,5379913c-a642-4869-b1a1-219ab1db1e61,BEV-001,10,232.38
014d8513-b529-4d9f-93a7-b833c9761f7e,b77ee1c1-1282-4a31-aa66-59b4d36dc2a8,BEV-003,10,345.03
4205395b-aa8b-486c-b538-a3ebc78addd9,b77ee1c1-1282-4a31-aa66-59b4d36dc2a8,JAF-002,3,662.8
ea7be56f-fc05-4089-803f-85b0af0844f4,c63ed34a-1387-4c63-9076-ef8d8c5043b4,BEV-005,2,734.74
e64b204b-bc01-481f-ae49-edaf33be971e,6d93875c-e39c-4601-bd76-0492fcd65f88,BEV-005,2,24.29
09370df7-2596-4c73-a120-a1e2956e4067,3637431f-203e-494c-b90e-bc0cb9ffbed0,BEV-003,1,690.88
33332597-4dde-4fea-9f18-07b1d8b9e7dd,3637431f-203e-494c-b90e-bc0cb9ffbed0,JAF-003,3,992.61
2239a5cd-37c8-4a8e-a665-f170d5e32ed9,99654ae1-8fc3-4c88-a839-bacaa6a8d4c3,BEV-002,1,785.21
39aeb691-1e70-4d9e-a047-da4aa13a00c4,5769d54f-fea4-4e92-b2e1-fe4458dbcaba,BEV-004,10,333.5
4ad7dcfb-6d8b-4a5d-9ca5-c1d6324c54a5,195a51cf-bcd4-4e50-bc6e-1cfcca702bd3,BEV-003,7,592.0
f9d2f510-09f8-4c5d-bc00-bda02b7787af,601e2828-382e-4048-8a90-46fd6e7ca99f,BEV-001,1,76.03
007f7891-a63d-42f1-9aa9-28e0f593649d,601e2828-382e-4048-8a90-46fd6e7ca99f,JAF-001,4,853.7
36e57f2b-cf16-461a-a060-dbfbdee653de,f586b470-0144-4a20-abaf-51a99921effa,BEV-004,9,701.28
a9c49ef3-5ffd-4bcb-bda3-70adad9d1bdc,f586b470-0144-4a20-abaf-51a99921effa,JAF-002,5,639.73
204c5907-bbbd-479c-bc85-eeab1aa0ee93,e448215d-f47d-4a8d-8980-b8d3a9f59f27,BEV-001,4,482.02
6882b4ed-b702-4de6-89cf-5fa028a92027,87a40c20-faa3-41cb-9dae-9d6c507073af,BEV-001,1,538.02
af2212ff-2b46-4e1b-b1ce-7e33da9bd069,6e929c79-149f-46fc-8c1f-87d9c8bae819,BEV-005,2,907.2
6b369186-6831-4667-89d4-42e73afd52e2,6e929c79-149f-46fc-8c1f-87d9c8bae819,BEV-005,3,362.54
7cc16a54-93f6-4e9f-a3da-a7e1af107ca0,0eb00d84-5bcb-47bb-9e7a-9ff74fd5a4f9,BEV-001,2,224.78
f8ceddab-89e5-4ca3-83fa-bd5849975630,0eb00d84-5bcb-47bb-9e7a-9ff74fd5a4f9,JAF-001,9,282.32
740a85e6-525b-457a-9143-a4000fac2d57,d8898c33-0950-4ac0-b7a5-18030deb1815,BEV-005,2,355.47
cad8cde7-d64f-441e-a432-d7d9882699f7,d8898c33-0950-4ac0-b7a5-18030deb1815,BEV-005,10,621.82
e02985ca-4ecd-4bad-b74a-24f75a5810bd,d8898c33-0950-4ac0-b7a5-18030deb1815,JAF-004,4,881.85
d65af19e-a821-49d9-8dd6-f18e9723873a,469f7163-fc70-4ae8-9540-7f2de64b833e,BEV-002,8,595.12
d4c9cd10-5f53-4f39-a517-a415baf6321d,8fddfb8a-4d3f-4f07-ac79-89c15ff95b4b,BEV-005,6,755.3
b380c58b-5d04-4ec0-83cb-965b9fc3d6bf,20301d7a-9805-4c33-963e-6b8238014a5e,BEV-003,4,179.3
5f01f1c6-4bd4-43eb-b0c6-ceca0d686c31,0124b83e-4112-45c5-9491-e02bdbbfdc80,BEV-004,5,202.04
224a82bd-9b82-40db-82e2-fee4480558cc,c91dbb65-4c61-439f-ac42-8433d674065d,BEV-001,4,329.58
78ff3b6d-fd32-4f10-9824-9a661ca7c145,642c7832-b36a-49dc-8b0c-f94638f012b9,BEV-002,2,70.32
73d47279-4682-428a-9192-a378c627695f,df3e43a0-d066-4c54-964d-08663baec992,BEV-001,1,882.07
02cf758f-569a-407b-9868-491214a55004,3a7a907d-39b0-42e6-aa07-afdee7336227,BEV-004,3,58.33
0bd725a8-a34f-4cc2-b44f-9fee788e93d8,beff58bd-f0ad-4129-a87a-90fbb97332b4,BEV-004,5,606.56
08a6b55d-5f8d-4d5d-90f7-8862f737a667,cb5f533d-841e-4710-ad4c-8274a23867b3,BEV-003,2,478.76
152c0426-60ed-471b-bf26-3dc5dc20c268,5f7f991d-db63-4734-8918-d97db0a8e5ea,BEV-005,3,163.76
11c6ad64-20e0-4200-b0a6-4d9d55c01540,77d519df-696a-4a23-a323-2f167ce90e64,BEV-005,2,786.14
906c3aa7-f3e4-44f3-ac19-abe7749279d7,49a45700-2eff-4b27-bd76-33bbde0902fc,BEV-004,3,320.39
673a5b15-383c-4155-bc0d-a48829d4a776,49a45700-2eff-4b27-bd76-33bbde0902fc,JAF-004,1,905.16
0d693e78-3bde-4050-b74d-d29055a2a722,4c82b9fc-04ec-4f9a-a5dd-3049206b1ac8,BEV-004,3,598.37
7eb77d40-0333-45e3-8ada-6b6813989fa6,1823e7e7-6ec5-48a8-afd2-0af0b08ef2d7,BEV-002,6,525.24
eea5018e-4986-4890-824d-86db6c3e1068,a6d95d10-dc2f-4a20-9979-495885905e00,BEV-004,1,183.21
3cc653ea-1904-4d7b-a172-1c8423a544bb,a6d95d10-dc2f-4a20-9979-495885905e00,JAF-003,5,372.94
b1cedd74-78a3-4272-87ca-5e279a9e0ddb,4e421c00-7c8f-4c96-b439-e38cd54d4d0e,BEV-005,4,329.74
d9b047a9-3009-4c15-94ce-6f66b586e041,4e421c00-7c8f-4c96-b439-e38cd54d4d0e,JAF-004,1,479.29
1dad963c-6ccb-4382-9162-fff50ce270f5,76ecfbb2-c899-4581-ac66-b70368105597,BEV-001,7,859.43
d54f88f0-61cd-42a5-84e1-4cf23e7cfa32,76ecfbb2-c899-4581-ac66-b70368105597,JAF-005,8,482.73
725fb833-78b4-4fe4-bd2e-d5a29407d6d3,0ff63649-c4ba-407c-8416-4526528bac78,BEV-002,3,918.73
96b3a5c7-fc51-4992-81be-55c255e9f4e7,0ac4527a-2317-48ff-85b9-8e27ae8c2510,BEV-005,2,342.96
f90d5acd-0225-4ad1-9dcf-44a9eb72a835,0ac4527a-2317-48ff-85b9-8e27ae8c2510,BEV-002,5,636.23
52ad5efc-33ab-4c0a-bf55-1a8e2d8d4c37,0ac4527a-2317-48ff-85b9-8e27ae8c2510,JAF-003,5,54.86
79c45c95-72d1-491d-ad2f-aa4864302968,a8f6ead4-addb-4213-a9c2-70cf9ccb6cef,BEV-003,7,637.39
9bbc48fc-5fab-481d-a5b0-e5255a2a963c,a8f6ead4-addb-4213-a9c2-70cf9ccb6cef,BEV-004,6,656.44
a3ba2880-0f51-4447-b649-ba85dfc928a0,8d19a434-5178-47b0-b563-fea1453121da,BEV-004,2,149.29
ef5957e5-99fd-442e-aaa7-e7aa7954df14,467abdd6-9ece-4952-9c54-5639212136cd,BEV-003,8,650.01
4f927935-4c29-48e0-acd0-66a275adf277,7ce8c0a4-83e4-4716-adec-33f4c8099e5f,BEV-001,5,182.17
79b66b32-2d55-40a3-9b9c-b375d64fb3a1,7ce8c0a4-83e4-4716-adec-33f4c8099e5f,JAF-001,8,466.32
4d777178-95e2-4a64-8097-a1a388763f9c,7954aaa9-f5fa-4ae0-a8b3-75000a25f891,BEV-002,3,104.09
e54f8e0d-3aa6-4170-acc4-1b9929dc6f7b,156e64fa-d3fe-435e-a5b3-57110c2d6523,BEV-001,9,595.63
5ae68c3a-52a2-4240-8a95-e60c93f70c89,b08d0097-42f7-4c2a-b400-8d7ae8ff0214,BEV-002,8,228.27
162dba17-7f34-4579-91d4-8b963fff456e,b08d0097-42f7-4c2a-b400-8d7ae8ff0214,JAF-003,5,594.33
88989e78-6b67-4b47-88e3-d4cdf17b6ba1,5f296fa2-1523-411b-9008-4fcb3fab5052,BEV-004,7,313.46
8d4764ac-767b-403d-ae92-cbd2e30460a3,19f5f9e1-ce06-49ab-acc8-3da752d573e8,BEV-002,2,363.19
b82aac26-0fe7-4a10-be7e-6487a485b828,e60d508a-1677-43ab-b1db-28ac40389bd5,BEV-005,7,871.26
a1641d58-68dc-4265-8f24-29a9b84a4e80,a41e2411-b0c3-4426-882a-3b65d2507a7f,BEV-003,4,138.53
708d6c4a-62d2-4f78-8f17-d014d8ee2397,bb010921-1361-4615-9093-eeb41d8cd3f9,BEV-004,6,86.89
6d3dc4aa-adef-4297-a77d-da16e6f41bcf,c2f6319d-00a6-4110-80c8-7d95877a8bbb,BEV-003,10,341.01
1faa3006-34d6-4962-9b2c-50841bbee356,7b18e94b-be83-44b5-bef9-3fe46e7df2c7,BEV-005,7,266.98
b4d7334e-15ea-48c8-a906-efa6f0761d82,16caeed0-8858-4eb4-b268-b810582a632d,BEV-002,9,830.34
f1abe92d-cd52-44fa-92e7-924ce4ca7e6d,c29b8db1-d316-4cb5-a862-517fec380e90,BEV-001,6,374.8
da319be4-949e-412d-af7c-04c46bc618ab,9517f47e-928d-4bac-b8f5-93fcccc08241,BEV-003,5,887.02
9e903fb7-e521-46d3-9946-d542a9d55056,2254a2fe-d19c-4a9c-8e06-a9c00917dbb8,BEV-003,2,786.08
a113f7de-2da0-41b7-a57c-0880883e5aed,69e48b98-c3cf-40d0-bf4f-110e80c0dfea,BEV-003,7,617.48
119cc711-d6f2-4e98-b402-ba04c386cdeb,69e48b98-c3cf-40d0-bf4f-110e80c0dfea,JAF-001,6,570.45
4bd47479-5908-44d0-82c1-688bfeebd02f,2ee7b5ab-f43c-4615-bb36-5158691cf0a4,BEV-003,6,230.9
573f4c30-d33c-4c68-8cc7-13bbdf1f312d,3164986a-3791-4a1a-af37-e226a5efa732,BEV-001,10,726.0
c0af91b5-e647-4388-9c2b-13977f886e9c,ca11880a-d834-4aa0-bfc9-3f430f510f05,BEV-003,2,431.32
8b225fdc-18f1-435c-a0ea-dbcab638a868,39652e69-b967-4f0e-b217-938b2c06b14d,BEV-005,7,512.95
bd286400-b8b1-4ebf-857d-53f97f541c63,4e8bbbc1-84f8-4309-84f7-ac1cc72e3ed7,BEV-001,10,756.57
f224f3cd-c6cb-483d-8de7-3a8755d3319d,0f807a08-1aa7-40f1-b25f-3ee262bf4404,BEV-003,8,633.32
268959b2-a98f-4338-b7d9-c41f9662a55c,0f807a08-1aa7-40f1-b25f-3ee262bf4404,JAF-005,8,528.52
e377d523-cac4-457d-858f-e71264d6019c,21713892-0b6b-4b73-8ac8-550402b346ef,BEV-002,8,493.75
7ef3e05e-01e7-4ed5-b15d-d2f086ec64e3,c3b0712d-e37a-420d-898c-7241cb4611be,BEV-002,5,856.44
ef80a0a6-8284-4931-abef-dac0c5f8882d,c3b0712d-e37a-420d-898c-7241cb4611be,BEV-005,7,607.48
a9bb5d6c-2cd0-495a-b037-8b2f5e6433f8,d82b2af5-7411-4097-9c9e-946dd5e92e33,BEV-002,7,929.24
3588d9f0-113a-4b96-99f1-5bf14737f43f,4f818e0d-96e6-4ee8-824b-f814ea464c0d,BEV-005,9,88.64
5d1e610e-128b-4a41-adcb-f0baf7b15321,05e2bb7a-95b2-4c19-8863-317d112c8d89,BEV-002,5,693.88
f7ffdb15-10d0-40a3-9a39-8f553d68b5c2,05e2bb7a-95b2-4c19-8863-317d112c8d89,BEV-005,10,230.43
a48f5f7b-21dd-42c6-a15f-66ab5f58fff1,f37bb943-0f15-4fd5-903f-bd6a4a94fc66,BEV-005,10,842.28
4ce6ca04-bf86-406b-a1f1-658b605279af,c1542c84-0484-4c3b-a546-bbe3bd901758,BEV-002,9,297.22
2fc75357-900e-4954-9fbf-27cc9b7d132d,8217cda4-1d0e-4e0d-936e-647bf3ff1f56,BEV-001,8,350.69
add8210d-1f16-4e2c-abdd-37d3a3f5aa38,8217cda4-1d0e-4e0d-936e-647bf3ff1f56,JAF-003,10,349.71
373af877-01e4-43fc-8c09-cc1aec2d7f82,f7915a66-c6cf-4d3f-9838-682040fe389f,BEV-005,4,321.57
ceb72518-eb22-4605-b13f-ea1acbf60a27,4ecd43c9-c06b-4318-a250-c575bf61401d,BEV-003,3,948.5
25e58746-3107-433c-8193-0718d129244d,e10ca92a-6380-4ae0-99e5-33018777eca1,BEV-001,10,431.12
e48359f3-fb17-4296-ac1c-243d753884f4,aee71f70-b4a6-4743-9a0c-10636629e5ec,BEV-004,7,743.62
d840cbe6-1140-42aa-b50c-50fddcb2513c,0c40a313-7ce1-4b50-a9c5-272ca28412bb,BEV-002,4,100.12
02340d69-91a8-42e2-9bbc-a7b5399f6460,4e963631-2abd-421a-96d3-2ae7cf659aab,BEV-005,3,931.95
8359eacf-7ed8-477d-8605-0f2d90f4346e,4e963631-2abd-421a-96d3-2ae7cf659aab,BEV-001,5,934.67
906f7462-f684-4fac-a192-ead1a99e3f82,4170982b-4db1-4f5e-9756-0067a46fae8a,BEV-002,6,879.58
58ae1dd3-9ef1-4bd8-99bc-da3acd1a5684,539829dd-82b5-40eb-bc2e-3c859d80be3f,BEV-004,2,89.51
ff4c93c3-faa2-4782-b9d7-2d925c904a75,18d6e1b8-0796-4b18-ae17-f0a2b94983e4,BEV-004,2,381.98
938ba3b5-fa25-4880-972a-64337a746dde,b9b42840-a88e-48b7-a214-b8bd6a6873ed,BEV-004,6,826.46
8000622a-ae7c-444d-bc35-70fd42dc5f76,0ccb0fd7-6f6b-4a8f-862d-ec32e3056016,BEV-003,6,496.88
959c2a96-51c7-44b2-b43f-422ad99a3278,adcaff8b-c39e-482d-a90a-3617e59866b1,BEV-003,7,950.98
250a4506-ee33-445b-bdca-2fbacd71307a,adcaff8b-c39e-482d-a90a-3617e59866b1,JAF-005,1,701.86
c9a33c53-3556-4cb0-9585-3675a70bad22,cf6d3658-d26d-4306-9398-8b6df7bd62ea,BEV-003,5,992.49
bc998554-9920-440e-8a8d-70d4f6ed88ea,a03682bf-d320-4b1c-91c5-3e936f26786e,BEV-004,8,704.11
031ef289-6b64-46dd-92d0-0aaee1af0383,a03682bf-d320-4b1c-91c5-3e936f26786e,JAF-003,10,822.47
122a795f-9df2-43c9-b380-ba44c2de151a,13fe64af-2395-460a-be7e-07c7deb20cee,BEV-005,1,106.82
c7d4b642-7733-4af2-a780-7405bb5fd59b,f703287a-d155-4af9-a353-97a57a091dd5,BEV-004,5,220.06
d756ca70-ce28-4402-b325-ba146f3e2233,dd942610-e97f-4100-9f2d-e9d3e9ad894c,BEV-005,6,658.56
39969292-156e-49fb-9a5d-b244468bc2d4,755151e2-b1bd-42d5-995d-aeeb2f454983,BEV-002,9,361.29
f3ba1e05-4442-43b4-be24-fec5f81766a3,57f532a5-275c-4aa4-9cad-c809e30c25df,BEV-003,8,269.08
a8f36bda-981a-496d-bcd9-d8070c5a8896,57f532a5-275c-4aa4-9cad-c809e30c25df,JAF-005,10,444.46
92fbe389-811c-48e3-91ff-08a3cbb54c36,bf0f0735-38a4-400c-b2e0-b6939b4b7ed9,BEV-004,4,93.09
4bca1490-b1f7-4ec4-a731-e133e99733bb,bf0f0735-38a4-400c-b2e0-b6939b4b7ed9,JAF-005,2,165.92
7a16fbb5-8b76-4259-b984-b4c8729a8450,cbc6f112-02d6-4903-a3d8-3345ad644b24,BEV-002,8,901.24
2022deb9-1fbe-43a0-ac94-791e9d292107,cbc6f112-02d6-4903-a3d8-3345ad644b24,BEV-005,3,547.37
d4a1db65-4533-4bda-ba2b-1cd23e5414aa,e74627b7-9585-4a73-b140-4d0c636e0a70,BEV-004,4,356.66
fb585860-241b-49d7-b61f-6effba8665c8,99401e4a-4c1a-478b-8bdf-14f6f2645463,BEV-005,3,376.35
aec4ec6e-a088-46f4-8505-a604dc15ab2f,99401e4a-4c1a-478b-8bdf-14f6f2645463,JAF-003,7,182.71
c1954e20-c5ff-4372-83ed-f4d8b1d82df4,833be0b3-311f-4444-aff0-244d11a267f8,BEV-005,4,116.41
66339214-aa4e-4fa6-b6a2-2356cd20de85,833be0b3-311f-4444-aff0-244d11a267f8,JAF-001,9,157.75
92aca752-99a2-4fa2-9b35-8ace29b4957d,f9571eb2-e6d7-40e5-8612-431a2d126d1c,BEV-004,5,359.23
838326c6-369e-4349-ba3c-dcbd23a71e58,f9571eb2-e6d7-40e5-8612-431a2d126d1c,JAF-002,2,139.26
a253ba86-eef5-416f-a77f-060904d01c3f,480003b2-963d-42cc-b349-b1bec0e804cd,BEV-005,9,788.52
de79d9c5-af50-4ba8-914f-e34867bb8782,480003b2-963d-42cc-b349-b1bec0e804cd,JAF-005,7,552.65
41efa5e3-4e5f-4449-a152-b343d4a63446,5a14986b-b22a-4145-80f3-4ddb8cff443f,BEV-005,9,196.93
7f938e62-c06d-4fd6-983d-ba214c880817,1171dd54-993d-4211-81cf-275b2bd9adb9,BEV-005,7,241.88
08353c7e-a56d-482a-890a-c0ff6e172135,1171dd54-993d-4211-81cf-275b2bd9adb9,JAF-001,2,273.92
27df9a8d-2432-4806-a195-e77d2c4c4d8d,de19b774-ab13-46e9-97f5-14d2b7fe1a8f,BEV-001,6,804.88
4168461b-09e4-4e29-9bd5-16053d751127,bdbcf14f-e53d-4dc3-89f8-d47f4e1c70d0,BEV-005,5,299.79
fda7bff4-6956-4aae-a7b0-daa048a7c4cf,3ee901bb-8312-43e9-ac70-b2dd4fdc844c,BEV-001,6,110.04
35538e1f-0638-42ef-b2e7-6efe7ec6c6e3,f3653943-e3f5-4753-8a99-91f4fc4bc312,BEV-004,4,491.34
78d5a6c8-4f03-4bd8-90a8-bd4d6f6b67f7,f3653943-e3f5-4753-8a99-91f4fc4bc312,JAF-003,4,506.19
9d75b0ae-ddc3-462f-8537-656b1fc96870,48882684-c1c3-4baa-8728-a7cf89aaf2fd,BEV-004,2,554.64
194b5441-7c0d-4111-aa7c-07a876764fbe,f2df2f40-f766-40d2-8f2d-9526d05ecf95,BEV-001,2,825.7
a274ace6-5be1-420b-803b-6b76e431d510,f2df2f40-f766-40d2-8f2d-9526d05ecf95,JAF-002,3,517.85
06f92103-b60b-41ac-9eb6-640b7e49a91e,e9b9c38e-5bd7-47bd-8a5e-3f0c86d57709,BEV-001,8,415.59
ad72581b-d7df-4fa3-8c99-d1db9a443ac3,74cd3466-1b78-4da6-b0c4-65ded3847dfc,BEV-004,3,73.69
15966311-44c1-429e-84bd-7641124eeebc,74cd3466-1b78-4da6-b0c4-65ded3847dfc,JAF-001,9,623.84
0e79a47f-574b-4003-9558-d72994b3b7ff,7d5b13f5-1963-47d8-a2d4-b1d9a4966f76,BEV-003,1,595.09
2fa7808c-6e97-4cdf-8c90-63290f964c53,2980f375-2d05-49e5-8195-e58a5554cd29,BEV-001,9,452.44
f54778ff-2b5a-4484-b693-0e4db14d53f4,0a1db3fb-9cfc-4d99-8aec-db9e3d7663d9,BEV-005,3,437.75
e85dcc80-3e69-4dd5-8511-3599292b7f20,0a1db3fb-9cfc-4d99-8aec-db9e3d7663d9,BEV-002,3,111.49
98cc9f2a-16bb-41d1-b0f6-ab822890fe38,0a1db3fb-9cfc-4d99-8aec-db9e3d7663d9,JAF-003,9,733.28
63da8103-c0b3-4234-9e40-48dacc82d0c6,0a1db3fb-9cfc-4d99-8aec-db9e3d7663d9,JAF-004,5,735.46
77974752-a0b9-40f5-abcb-091c00445cc4,0a1db3fb-9cfc-4d99-8aec-db9e3d7663d9,JAF-003,2,128.95
075f0b95-42f0-48a5-a1ae-0b0b8fdcd42b,82d74d8c-7c48-4606-8484-53abb7af30b8,BEV-003,1,203.81
3e80ca94-6e13-4def-8a72-d5a1f1bbebcd,82d74d8c-7c48-4606-8484-53abb7af30b8,BEV-003,4,148.06
e19481fd-449e-4812-8bee-ff7d8e751258,82d74d8c-7c48-4606-8484-53abb7af30b8,JAF-001,3,109.11
8bd91c38-0617-47db-aa08-cb20c7b0fccd,82d74d8c-7c48-4606-8484-53abb7af30b8,JAF-001,10,122.81
7ee5651b-a0eb-4e4b-b886-28181f564822,c978149b-96ff-4797-9fdb-f232ba1b035d,BEV-002,6,344.88
404af1c4-c56f-4016-a38b-99b91dd6846d,39aa12db-7af0-416b-b857-e5e553bbe74d,BEV-002,3,333.87
c7de189b-8e3b-482a-84bb-395c518c3022,ba7304b0-0c56-4727-86c4-ba2f43ca9218,BEV-004,2,473.2
3e43f3b7-7116-44b6-9f57-b99ea27bf8ca,a2d40cae-5600-4680-aca6-ad7fc074c997,BEV-002,9,996.18
a1c97cc8-fd02-4bda-a69d-f19e7bf25450,a2d40cae-5600-4680-aca6-ad7fc074c997,BEV-001,1,460.11
466d231f-79d3-4d67-bf59-1e9e0ceb102d,dc335d50-3451-4388-b032-ec6e42bdb2ea,BEV-005,6,945.44
1734b297-51c7-49b8-91c7-de19342f2fc3,05980b33-6e98-401b-aa6e-81fc5bdba843,BEV-005,10,842.82
fd59dbf7-ebbe-437e-9569-ecdd35316845,5e4f8610-2eca-42d2-a2a8-4d934527f22b,BEV-003,3,85.85
fec6346b-a516-4d97-850d-d343d9d9c920,8a324aea-2a0c-4a96-adfd-836cad2abf6f,BEV-004,5,786.93
afea6642-b874-4064-8d62-9c2f861bc245,26e5965c-ec7a-4dd2-99a3-ffdc5d4b55d5,BEV-005,4,983.46
3bf31400-7549-4b12-8204-525c46e4e1f8,26e5965c-ec7a-4dd2-99a3-ffdc5d4b55d5,JAF-002,8,590.22
47c4d8e2-05d2-4240-a36d-bebbbac200c9,d79b2f76-673d-49f1-acef-447da9754096,BEV-003,6,850.9
0be2b8c3-46a2-4671-afc2-c3a1db096e8f,ef6f4e8e-de8b-4a0f-9339-85b6211f1eef,BEV-001,2,889.6
81c901eb-d66d-43d6-9795-87358bd31b9e,dfd2d1dc-1e45-45fc-80db-f91463ed6ea5,BEV-004,6,353.49
d9834533-2f0e-45f5-bd3a-d4a915af1ebc,ae9fd7c7-35cb-410e-89f0-0c73d0223f57,BEV-001,8,308.7
8e9d8a6c-8598-4d58-a062-6dbe595f7820,cd21a4f7-a134-4f22-bdb4-be42ce7d09dd,BEV-001,10,767.32
f060c257-8312-410f-a383-a35a5e39b872,cd21a4f7-a134-4f22-bdb4-be42ce7d09dd,JAF-005,1,79.36
7c18a757-4da8-449a-b596-506b82592017,a9ba664f-7082-4bb8-b1cf-93953960c825,BEV-005,1,651.32
134ac4c9-4fb1-4fb9-a33a-f09e68692e86,a9ba664f-7082-4bb8-b1cf-93953960c825,JAF-005,5,940.31
1d2d4a6a-1bf2-4fa0-ba12-2ca03d0c73ad,514d6966-2fe1-42e0-9adf-7056ee2d1ef2,BEV-003,10,620.43
f6072c5b-b6e2-48a3-9eb8-8bad174504ff,0905abc5-3390-43fb-ab2d-7f72fdf87bd7,BEV-001,2,181.06
b3992d8e-32fc-4b67-a949-892fef9ce5d4,7ca0feac-609c-4d09-a8ed-5820b68d4115,BEV-005,3,201.94
e61ce3f4-0178-44d7-819e-629f94979c6e,8f88c973-ecc7-4d8d-8780-c0131f656ebd,BEV-001,6,430.68
4de80f22-c5a5-4848-8b0e-9e90e7e417dd,87d37119-242b-4df8-8fcd-dfabf87eaa3c,BEV-001,4,817.05
5e72cf7f-ebb9-4cc0-bc4b-9a0ebaf930ea,87d37119-242b-4df8-8fcd-dfabf87eaa3c,JAF-001,7,321.68
bd3c8a3a-3d4c-49fe-bb8e-c61fa0e3ae01,eb1df020-bfb7-48fb-b3d3-32b2dfc22f95,BEV-004,9,861.47
18805e2a-dd04-4773-be07-273482d08c2d,5c90efaa-d318-44fc-9afd-26ecec03cd5f,BEV-004,2,434.13
39f866f1-b00b-42e5-8fc0-f7cd16c42c87,a3a38031-5717-483f-80be-59a85cf5b97e,BEV-003,5,347.47
aa8b43c5-6161-4e3d-8f93-499cdf24af55,df45c70a-dc4f-4a0b-a01b-bd3be84dc4bc,BEV-003,1,977.59
00b586ba-1762-431c-80e6-1d34fcbc5eaf,df45c70a-dc4f-4a0b-a01b-bd3be84dc4bc,BEV-002,8,719.87
3d248b55-c1a0-4c85-952a-64726d229429,926bc58d-e3e1-49dc-9467-c54754271d18,BEV-005,9,933.53
002bc728-1473-409c-876c-f827193fc8c0,73b7987e-017e-4839-957c-d13733ee67c6,BEV-003,9,894.81
86f3d6f5-cb91-453f-9180-9a83ef8f9d61,d9ebf922-68ed-4af8-a0be-75a414d985fc,BEV-002,9,638.02
84e09954-04df-4b12-9dd9-d3b77d5319f5,2424775f-fece-4487-971f-0d7480b04ca3,BEV-002,4,824.48
7d69d58a-86ca-4a54-a5d9-846c82924a58,0936d387-e6ae-4949-8863-0cf91c379097,BEV-003,6,741.15
7bcd3d14-79f0-4ce4-b663-79aedbac2307,0936d387-e6ae-4949-8863-0cf91c379097,JAF-002,1,679.39
3f153432-52d7-4edc-8ef7-9bed0860c850,65f51ada-5943-407d-87f0-ea79308da737,BEV-005,8,756.56
b020b55a-26dc-4dca-9202-f0c71471d813,7de4bfa4-1a6b-4914-b54b-59ea62c9f202,BEV-001,2,740.27
7584165e-bf10-4d33-a5d4-d124af15c367,448b5fbd-aec4-4260-919b-7f9061648ed7,BEV-004,6,839.86
e9c6ea9e-a0fd-41a4-95d4-7251e9aa3e12,58254298-5712-4cf3-b72c-fd7da0c98bd6,BEV-003,3,818.89
e1ecbcd3-1edf-4eab-97a2-8569f6aa13a4,4921959b-1ff2-4e1c-939d-d0bdad3bfefa,BEV-004,7,527.4
471674d5-09d8-4d5b-8f2e-746fbf4e8355,4921959b-1ff2-4e1c-939d-d0bdad3bfefa,BEV-001,5,685.94
44ea8667-878b-4db6-a879-b2af135e5e8e,04082174-7036-485a-9d8a-5503dfa4a544,BEV-004,1,723.47
0ec91ec0-06cd-4618-91b5-a23f0484c0a7,04082174-7036-485a-9d8a-5503dfa4a544,JAF-002,10,996.93
e25ea97e-aa7f-44c7-bb56-b0faf2e9b76e,506d7583-44fe-4bbd-bad7-c9904b0b59f7,BEV-004,5,695.22
e0962523-622c-4551-a143-5a8eb5617765,5fd56712-22f8-483e-89d3-7af2cf9f0b5c,BEV-004,2,120.86
3f54bbe7-eaf5-4316-b8fd-e095e7ca3d2b,f0b5ca4c-4b94-4449-819f-725ae7ba0fe4,BEV-003,5,956.06
43dc1a2f-cd3e-421b-abe9-b458b3d600de,f0b5ca4c-4b94-4449-819f-725ae7ba0fe4,JAF-003,4,343.51
a00aeaa6-f3cf-463b-a1fb-2bba0f2bb541,b2597b63-fb13-422a-a84c-ac69a869b3f7,BEV-003,1,434.08
28a9aa6e-ac3d-41cd-b8fa-3009988fb684,b2597b63-fb13-422a-a84c-ac69a869b3f7,JAF-004,8,272.04
2e39283d-5bfc-4942-b36a-96fbf984ad52,62170233-012e-485c-8be6-a366c07aeb63,BEV-001,8,527.2
71bcf785-ad3f-47cf-b3a8-c88453937137,62170233-012e-485c-8be6-a366c07aeb63,JAF-003,1,712.84
3838dcb8-1683-474a-9c7c-6f94bfca6c4b,62170233-012e-485c-8be6-a366c07aeb63,JAF-002,5,343.08
dfa15e55-fee9-4f56-92b6-20885a77adb5,cabdf316-1441-49c8-9e55-4c7d8cea09f6,BEV-005,10,63.4
92233bf8-d603-4eca-8e93-1c225fd75632,fef0103a-b3b4-4481-a506-5a69e83c94a2,BEV-005,3,226.41
371b16b0-2e45-43ca-938c-7dadd000a4b8,9e348af4-d246-46cc-92ce-a2fdecae722d,BEV-003,2,900.72
47c3535d-e202-419f-8fe5-0d5ba8e01305,35633df9-9b0f-46d5-9139-29eed98d6f63,BEV-001,10,931.03
5012a286-774b-4f06-a946-95d77a699a52,b259264c-cded-4f2e-8cb0-ea2f7941e0a0,BEV-001,1,131.43
13911ec4-a9ee-4f35-ad45-cc2a7e2e3e7b,c3b9246e-d06e-45e4-9e12-4f45947319d2,BEV-001,8,607.29
78ba8445-7bf1-4d31-b9f8-b40e70bd9290,c3b9246e-d06e-45e4-9e12-4f45947319d2,JAF-004,1,258.74
b6c06019-858c-4737-8b02-f07c6022f905,21886e51-f872-490b-9178-cd09bc537031,BEV-005,6,80.2
bba0410c-1c18-4c2a-9c7e-50b8039fc42a,21886e51-f872-490b-9178-cd09bc537031,BEV-005,7,755.2
eb12d324-173e-4759-968d-9b068721bc82,41b10da4-bbbb-46ce-9b4a-c4cc11747c3d,BEV-004,3,106.88
bdb35e97-1357-4792-a85f-6d7640e1d9e7,6b24534e-a6a4-4423-987a-665a859ab65e,BEV-002,7,737.54
51c2ee8f-dd15-4a9d-8068-b561158b9add,d62b7d0b-ade6-41e9-9b25-a4c02f804b43,BEV-004,2,22.91
9a324ae3-eaa1-4ea6-be47-903e23944ab2,d62b7d0b-ade6-41e9-9b25-a4c02f804b43,JAF-004,1,22.25
c3de5e0d-f316-4af5-ad3b-8a0613d0f4aa,ba34c5cd-4ce6-4f11-b771-f5a009b94598,JAF-003,4,570.89
226714ad-05ac-490c-b63b-30713df97c14,ba34c5cd-4ce6-4f11-b771-f5a009b94598,JAF-005,5,800.16
d4adaa7b-9781-4e2d-8fcc-a57543193ef5,fba96825-ffc0-42d4-8bcf-58a9c199b746,BEV-002,5,464.66
8a08ce2f-f908-4100-974c-be06b4ed642c,411fbe40-2eec-42f1-9103-362a0d8a3e95,BEV-003,6,742.45
b6a6c7c6-d1b5-48fc-b944-be4d2fd590a0,2d515994-1b72-406b-ab1d-3dc7fd209a81,BEV-002,7,363.11
f23ade3b-7904-40b5-a0c2-ba987b4a3472,f8d75094-13a8-40ef-9f06-668293369752,BEV-003,6,461.71
aca09333-c48a-4e7e-912b-8296e8237e3c,7901d2e6-d3b9-41cf-a416-40e8fb5a9907,JAF-003,3,432.5
5565501d-74c6-4136-ae8c-2dac7c92e2fc,7901d2e6-d3b9-41cf-a416-40e8fb5a9907,JAF-004,4,121.74
89e4e41a-667f-4fb6-b15f-ddbf52df2253,d83b1d10-deca-4f81-8ed0-9fabf3f88d6e,BEV-004,8,593.19
17d093bc-c7e7-4564-ace7-c652e78b8417,f9f39627-7111-4a5b-8e1d-2e97fe8d066d,BEV-001,3,991.7
220e43dc-b5ac-4604-a70f-01ad66819e41,229c13c7-7b85-439e-a724-28948f30e2c4,BEV-002,2,791.62
823053bc-7863-4388-b3d5-0c510746ba0f,e19cf834-042d-4805-942e-dde11f5c2135,BEV-001,3,672.24
e68b32a9-3b15-4cec-8eef-72c6483132fe,4593d1f9-5572-460d-976c-2f13c3cde070,BEV-005,3,133.09
0f8fe231-3d20-4fa5-bb93-b8e2c565a527,fa736c87-74cf-4ec4-ae07-a5f56e47e563,BEV-002,6,262.92
1554bab4-b3f1-48c0-92c1-e75d59b4b875,fa736c87-74cf-4ec4-ae07-a5f56e47e563,JAF-004,8,583.49
9c7a6db2-6dc3-4acf-9e6f-56171ecdca50,aa4d6bd6-364e-4e48-8aa0-3d10864fdd82,BEV-002,6,86.64
f86ec398-d15e-45a9-994b-e2247cd9d47c,c5ca3f7a-77e6-456d-bcdd-445b7ef196df,BEV-005,8,71.98
49d5a20a-4459-4d55-992d-dc36f1b1dff4,c5ca3f7a-77e6-456d-bcdd-445b7ef196df,JAF-003,2,140.81
4740895d-75ef-465b-a1a1-2233b0f101d6,19f81511-5ab8-4b1b-b554-c9fcbefe66a4,BEV-005,6,471.48
5dc41c2e-b3f0-4aee-8a39-01816e530ca4,3e458fa2-c5f3-4b8d-80df-561e76930602,BEV-002,9,916.54
be312d00-6d43-4582-8773-bca360b58447,154e3569-c3f3-40bd-be41-ee443a845aef,BEV-003,8,259.26
83da1b73-53a4-4b17-bcbe-53371d178b01,778486e4-30d3-4469-91bd-83d79cac434d,BEV-002,7,901.46
ef3e42df-95ed-4f76-9237-2f136c4dce59,c1d758af-c92e-40cc-a584-97a76e0bd232,BEV-001,4,583.2
b651445b-27da-4648-94b4-005aeb503201,c1d758af-c92e-40cc-a584-97a76e0bd232,BEV-004,3,706.7
d4a36da4-91e2-478f-b268-08b757fd67f2,ea04aaeb-2e56-4b83-b381-10b83da371df,BEV-002,2,619.67
23d0a558-c2ca-463d-ac6d-f9251a22ac30,38e8ac28-a88c-4279-a22f-26220758f2a1,BEV-005,3,172.19
3fa0d3f8-a350-4c3a-b5ed-85c97fdefac6,296672f8-8a9d-4bfb-b01e-ccc2e889d751,BEV-003,10,409.93
8136f8d3-6c42-4791-8e6f-831394efe26a,6291f387-f6e1-4ad2-a852-d827210b38a6,BEV-005,6,274.14
4f63a8ec-36b3-4020-bf03-4b500bc8942a,6291f387-f6e1-4ad2-a852-d827210b38a6,JAF-002,9,248.69
4ead25cc-703e-4177-8c25-832dcc48111f,21b50141-644f-4ac1-aeb0-0e20160efe06,BEV-001,5,991.31
a40e6d89-c0df-464e-98c5-989d9cc2615d,2d89f4c2-4e0b-4d5c-bda7-daefea00d7ee,BEV-003,4,245.53
f8bcf0cc-ce4d-48d7-979a-e4de4dbce59c,b92a7ed3-777a-4250-93a4-f9dede8f1184,BEV-002,9,558.68
2141c71a-0767-4229-bb91-f3f8789f553a,b92a7ed3-777a-4250-93a4-f9dede8f1184,BEV-001,1,67.92
9dd46b3f-e8c9-4072-868b-4aba0df2de75,b92a7ed3-777a-4250-93a4-f9dede8f1184,JAF-005,4,355.23
8d4b0ca1-69d6-4c8a-9845-f55ad7e9ea0f,d6463feb-7670-4636-9bcb-11dd55278258,BEV-003,6,808.56
a2c51ec3-693d-4d0c-b385-c4a1441d4d83,1d856119-ed2a-471f-877f-508eab769a45,BEV-002,2,397.24
3c46a640-aee9-4fef-8027-47462ab67f24,e5977f66-2704-4050-9432-e7f832d7b9b6,BEV-004,1,601.31
404d2a60-e872-4299-bc69-4e563b86a10b,a5eda788-6c14-4619-92e9-a0e5f45dd566,BEV-004,9,66.15
68cda588-99d0-4b2b-977c-720b0025944c,da230dca-4104-4d14-a4f0-36f5a5f00292,BEV-002,9,770.91
7a625acc-de98-44ac-b2af-cba2bce51856,bc9ae1ae-1cd1-4d36-9e8d-6c6569aeb1cd,BEV-002,6,779.15
ff0329b0-79e3-44f6-ad36-9b30a44e3627,dd7a7d84-f544-44b7-bca0-853d6f9e6e1f,BEV-001,3,755.42
da83a791-d4fa-4629-98ef-2f4280ac7c00,8219dbcb-91e3-46a0-b179-0d5004ebefd3,BEV-001,7,875.97
427b8770-a8b6-473c-83cb-eae5d221f9d5,faf7fee5-6f9b-4726-a549-7ca26fa681cc,BEV-002,9,902.85
bc665ee6-9e04-4b5b-867d-3399af298de4,faf7fee5-6f9b-4726-a549-7ca26fa681cc,JAF-003,6,96.98
337a3ec1-337e-4eb6-9bd6-86d180de2d1c,faf7fee5-6f9b-4726-a549-7ca26fa681cc,JAF-002,6,982.37
e7080c32-f8cb-44f8-bdee-9c65db834b16,29e2f439-40ff-4535-aedd-f4feb0e6cb0f,BEV-004,3,122.44
9dc188b9-9fb3-4f7d-a6e7-4b76bd12321f,be0be740-33b0-4457-9177-b0e13477c467,BEV-002,9,524.03
cd6528de-ca30-4f3e-a2ff-bf768b45f2be,f86bd732-f74d-4659-90e1-9105be78b21b,BEV-005,9,919.34
0c3be2da-db74-4ee0-87eb-42c28f379669,f86bd732-f74d-4659-90e1-9105be78b21b,JAF-003,2,444.84
292051eb-7e79-4d9a-96c1-e593d9d88e15,1cb8f595-780f-421e-a8ee-1d439cbac0b2,BEV-003,1,469.31
6ad78b93-df46-4918-a450-6dddb79d9d03,1cb8f595-780f-421e-a8ee-1d439cbac0b2,JAF-003,10,537.96
fd070bf8-1cda-4c8b-a18c-b9ba728bd674,7c755614-0af3-4534-a723-4139bbf9bc1e,BEV-001,4,289.94
feab1688-ca48-4524-99c4-919a1e3319dc,97ff1a11-0fe6-4691-8a9d-25f8e7d7628d,BEV-001,10,988.21
f24794ec-cafd-49ec-9002-8af450da2f03,68b4d3de-b685-4c4e-bd8a-c9c98d72d310,BEV-004,2,73.79
2451e4bd-1f5d-4580-a745-979b76efd842,a173e5c9-206b-442b-9fe3-cf9e598a2211,BEV-005,4,819.03
f9cd1242-d27b-4e92-bca8-c9287ee96048,59592fcd-f55a-426b-802a-0cbc4d71e1db,BEV-002,3,705.36
56a85ee8-f405-426f-89a3-4ca4f70053f4,59592fcd-f55a-426b-802a-0cbc4d71e1db,JAF-005,5,791.06
b2e2ac6c-3bff-4c23-8962-2dee5bac8917,b8f4310b-05a1-4520-8db8-254464be0989,BEV-001,9,835.25
b58d41ee-58a7-42da-ba3b-50e39e530a4e,61868eff-7c44-4059-a9ac-34865f23e394,BEV-003,10,960.06
4f27a0b2-a1df-4a6c-a0a7-f34b9fee4896,626c54ff-7ac7-49fe-9fdf-d1ae8b30d19f,BEV-004,2,168.37
02d2dba3-bf50-4328-ad44-1dc1337f0d30,dc5ce96a-e80d-4f80-8889-b7ecabe49f16,BEV-005,4,449.31
1d39bd6c-35f5-4f29-b1af-3240ef6fc866,dc5ce96a-e80d-4f80-8889-b7ecabe49f16,BEV-003,10,336.29
1c4373a7-f565-4789-8e23-f4aa828dc153,8deda03a-0466-4331-bdf8-7f9912869b06,BEV-003,8,637.14
f630e3c2-3a9a-4417-95f4-d6cb1cd7a71a,86b89a76-5a5d-4af1-a8a6-b7c5fac97c66,BEV-002,2,156.05
3f662a19-fc1a-48bb-837e-a2732605e3b1,86b89a76-5a5d-4af1-a8a6-b7c5fac97c66,BEV-002,1,803.23
fd80a8be-90d6-45cf-977c-defa611eb894,7949964d-7c99-4f42-ab7a-0ec9d2bdfd07,BEV-005,2,314.91
0f990f48-69e5-4643-8851-fb1102417a83,70822d61-28be-4810-83ac-65435ee2dc71,BEV-002,6,498.03
db08893f-7779-4300-a2d9-b2ac2a05aa46,3ab9e312-fdbe-4701-b582-55c08a5f4c57,BEV-004,8,905.22
5ffb32fc-381b-4ce5-8e20-a395ebea92ca,09db62be-c763-468c-afd9-a6014ee3670d,BEV-005,1,16.75
544a3e6f-9f25-49e0-9152-0cb334e672e8,57cffe5c-cd45-46b6-a4be-a1c9f981a830,BEV-004,3,372.15
09dea25c-86af-4c35-8960-dec7ed41f4c3,5f835dad-c440-43fa-9aa3-f8b7c45aea53,BEV-001,2,416.79
0a35588d-6d00-4d02-b02a-7f4ca182b1e3,5ec6067e-d5a1-4ef1-9bfa-53873aa60a7a,BEV-003,8,353.41
8713a161-a1d7-469b-a087-e5f79dcfe269,5ec6067e-d5a1-4ef1-9bfa-53873aa60a7a,JAF-001,1,338.82
c932fba0-dfed-4be8-819d-896626aad366,b2f7ec0e-fa88-4bca-ad34-1be25ad25467,BEV-003,2,29.59
924e91fd-e2ff-467a-bfb8-ade6442b7997,b2f7ec0e-fa88-4bca-ad34-1be25ad25467,JAF-003,1,450.45
fced9452-3d14-4c97-af36-ead90fbecd2d,3e047d3d-42e5-49d0-b48a-d84bd24e49b1,BEV-005,5,327.63
0389a28b-3802-4c4a-9acf-6e93c279c7da,449232b9-ba2d-4323-894c-8a0704919742,BEV-004,2,600.68
d54b5053-3229-4af2-af63-b67f28ae0082,449232b9-ba2d-4323-894c-8a0704919742,JAF-002,1,427.58
85ad67bc-1b76-4702-a9d5-68e2d5c6728a,e71fa1dc-4ece-4e73-98e8-479ef3349944,BEV-004,10,524.99
779cf10d-9400-4cf0-9232-2b4010700701,e71fa1dc-4ece-4e73-98e8-479ef3349944,JAF-004,9,731.94
c4d8bed2-62c6-47c2-87d6-0c3e35cb8cb9,5a5208dc-263a-40cf-a858-0e37a7f9a0b9,BEV-002,2,658.19
08bf1317-7915-4ef6-86bf-d1209106377a,b513be92-ac53-4f37-9ee7-dfed162ff726,BEV-001,10,202.81
f21e7da1-9f3d-4838-90bf-73b1cd1f321a,746236df-97ed-4354-acca-446aaa40791a,BEV-005,5,697.34
d196536f-3350-4ec3-99fc-a90aacf3fd59,6699c145-830e-4284-956a-b033bccbd8c4,BEV-002,3,289.37
8b0305df-e46d-4cf7-a84a-4f7273d377fa,6699c145-830e-4284-956a-b033bccbd8c4,JAF-002,2,354.64
8285987d-22af-42ee-b35c-c8ddf0a5cc5f,20e40d17-0305-4c02-95a1-7add103afd27,BEV-005,10,756.02
34c7e442-0df0-4e5d-ac52-6c374d575e9e,7ad7c5d8-6802-4011-88b9-439af4614acb,BEV-003,10,205.83
36dee2f0-58d4-4cac-bf91-c9d4d5714456,843e7aa4-f059-4737-b3fe-333b4cc0e28a,BEV-005,3,362.13
877cde46-220d-4080-a557-f8de247c3ef8,9f3374e7-46a7-4197-86cd-19d97e752207,BEV-001,2,626.78
050bd44c-663b-4c4e-a3a8-09e7dae7c43f,7ec131de-e306-4168-b587-02b78fba7b02,BEV-001,5,743.15
3c57e0b8-83ae-4283-97d0-4dfcf9d583d2,9a1d132b-980b-47c3-8530-ae7151c131bd,BEV-002,4,555.71
e9cc2cf9-3576-4f2b-b8fa-2aca9d28fe29,e66ae8d4-8239-4ed2-9594-a0597042115c,BEV-004,4,33.52
c33bc56b-2d62-4c2f-8398-bc177ee976b7,eeefd045-85c7-471d-b531-8c8cd6fc51c4,BEV-001,7,872.58
88626c36-5763-43c6-80ff-9ce2b1985e0f,24561905-dc59-405a-955b-499e2a0e41f0,BEV-002,3,213.88
4a0b64a5-657c-471a-b58e-0dd3b9749979,24561905-dc59-405a-955b-499e2a0e41f0,BEV-002,10,885.71
810e1ad3-62b2-4ba8-a06a-d38026d839e9,704cb37d-e40c-4262-8f4b-507977191819,BEV-005,1,934.35
b4b8f9a0-18e6-40fe-bd31-1436fa4bf22e,704cb37d-e40c-4262-8f4b-507977191819,JAF-003,2,724.78
6090b8d1-6e9c-477c-8f49-b575e4c63a14,557a5639-93bb-40ec-b81e-06880dca7420,BEV-001,8,359.26
2a443fdc-dc1d-4e21-b08d-633ea8c75552,cf1e2e45-fbe9-48f0-998c-b60a370dd8a4,BEV-002,7,146.21
9e713fb3-3592-46a2-b49a-a07b566fcb3f,f4f1e261-5848-48b1-a992-b9fd04db4309,JAF-002,4,857.47
33c39d49-2839-4aed-a9ec-217ef344ecd2,f4f1e261-5848-48b1-a992-b9fd04db4309,JAF-005,2,829.6
949f0fc8-8996-4d2d-a52a-9c0a3734ec0d,ddc8e50d-cef1-4c8e-a59b-1ba723222be3,BEV-002,5,499.4
55ed8a20-2221-42b8-ba12-08ead2014137,ddc8e50d-cef1-4c8e-a59b-1ba723222be3,BEV-001,9,861.69
ac827541-906b-4e72-8a25-f4b06c67073c,ddc8e50d-cef1-4c8e-a59b-1ba723222be3,BEV-003,6,743.22
f7fb1312-212b-4076-ae48-7e6929eacffb,ddc8e50d-cef1-4c8e-a59b-1ba723222be3,JAF-004,7,821.13
472cb05b-d4a9-4fbd-9f2b-c65b91297cd3,ddc8e50d-cef1-4c8e-a59b-1ba723222be3,JAF-003,4,340.29
be2da180-d8fe-4a85-9659-f328bcc7fc06,fc99f5e2-82d7-416c-a979-42e055faec98,BEV-003,1,200.8
290b0d63-0285-46a5-b69c-4f4daac7a070,0fb5cc9d-dfd4-44de-9fff-a3d3aa78b015,BEV-003,1,138.14
63dab232-19ed-488a-b7de-185a0f91d66e,afc5abde-0f78-4184-a070-e0891ff171cc,BEV-002,7,965.78
0d295e82-3f82-4943-b8d2-fd96a3416bfa,1b3c21c2-5fe0-466e-b257-2c579042d45f,BEV-001,8,849.32
b0c8cfde-0ff7-4275-bf02-762be0e34c48,50e77322-8b68-40d2-ba8b-6bce91cca230,BEV-003,3,424.08
70bf69b8-c3b0-4e2a-9a25-53e36352f8b4,9c9c4459-f28c-41b4-837b-105e31b1fbbd,BEV-004,3,740.11
df3e337e-9cc7-4101-bfc1-a658e9578062,9c9c4459-f28c-41b4-837b-105e31b1fbbd,BEV-003,10,139.39
9933e75c-e1b0-4954-b6bb-40a48e1f5a09,866e933a-8deb-4646-ba09-5c9f42ad9132,BEV-001,2,548.25
24267f87-a4b0-4d2d-a188-591706103fd6,350558f2-d3aa-420c-8c2d-6fd84b0a0914,BEV-002,7,143.62
1a7e8ca1-35bf-40c8-a566-b1f5fc4e9653,4c6d5ec4-b7e4-4376-8289-c83143d8e6ef,BEV-001,4,697.21
08d5ecb1-d5e5-4225-8e7d-fb6eeeabc05f,d8416c0c-bef7-42e5-ab4a-b402343ffa2c,BEV-002,8,319.21
857d0fe3-3148-496b-b4a2-ff4398e33405,51580953-acb6-45fb-85fd-324733879268,BEV-004,4,532.82
0b269f67-cf3f-4890-9577-626cdd0592c4,95eebc95-1c97-4947-94a9-378829fdf4c6,BEV-005,2,497.36
8b85cd85-9b61-4f7c-b991-23a4d556f890,2742f92c-dcac-4e00-b089-6bf3452c9c34,BEV-003,4,257.28
ed6378de-228a-421d-bdbd-86413abe022c,2742f92c-dcac-4e00-b089-6bf3452c9c34,JAF-003,9,405.27
9732b02e-af61-41fd-b940-52224fa0dd7f,d91f9f43-41ec-4b07-9803-46f2611f9300,BEV-004,3,158.45
1e2fff24-534c-4a0d-abf4-57d46b0c1ebb,d91f9f43-41ec-4b07-9803-46f2611f9300,JAF-003,3,783.38
74edd844-4362-485c-9fc9-2837b85a5da5,b04b8d30-8a34-478e-9291-9cf2ae95ad32,BEV-001,10,380.39
9c26daab-20a7-4142-8d62-d6014e6023eb,b04b8d30-8a34-478e-9291-9cf2ae95ad32,JAF-004,10,677.85
39f5148c-9fc3-4e45-bbfb-d6d7bd2a77ac,85b67d57-b39a-4e33-b79f-765f9347c763,BEV-005,10,240.23
926127ca-2338-4594-9a8f-0e08f5ee9991,e1265293-0681-490e-ae95-dc09dd500de2,BEV-005,1,975.52
ac1db47f-44e6-4ce4-9ed8-d401bddaaf26,54b79a8e-456f-45f9-931b-3cd3eb833d58,BEV-002,2,89.13
c9a17ec0-dafb-4e6e-9dcc-8d9e81fe84aa,54b79a8e-456f-45f9-931b-3cd3eb833d58,BEV-003,6,693.3
29b5817c-e355-41d5-9b51-d9149028e161,ad3d4a98-ee03-47e1-b99d-30740df0bb41,BEV-002,10,527.96
db8a52d7-1408-4e56-b5fe-43e1d335c8d0,ad3d4a98-ee03-47e1-b99d-30740df0bb41,BEV-003,8,470.59
d37bf33b-a4c0-49c4-9523-c5d085e35a3c,ad3d4a98-ee03-47e1-b99d-30740df0bb41,JAF-004,8,734.69
cfd8b74a-0b41-4049-8e5c-91290b64de72,ad3d4a98-ee03-47e1-b99d-30740df0bb41,JAF-002,4,628.2
642274c2-0851-4914-82cb-eb584404b636,a2912890-8ce1-46ed-8005-f8c3f5ba4faf,BEV-005,2,424.17
39dfef34-a7dc-488e-91b5-fc13fd19009a,a2912890-8ce1-46ed-8005-f8c3f5ba4faf,JAF-003,8,788.71
ad0cf9a2-5622-4353-8471-d4202856b877,4b25d79c-1492-4ae2-9eeb-c27b4f470d1c,BEV-005,6,139.48
79c985a5-72ae-42e8-bb03-cdfc0b74d7af,4b25d79c-1492-4ae2-9eeb-c27b4f470d1c,JAF-002,10,964.0
0a790946-83d9-46de-9651-aedf6a07051d,6a16a99d-87dc-4e34-8af8-4494d99f5553,BEV-004,2,212.26
ad880849-c972-4218-a72d-54dca5c425ab,6a16a99d-87dc-4e34-8af8-4494d99f5553,BEV-002,9,339.57
8d280faa-fb5b-46c1-aef1-abcf93599336,6a16a99d-87dc-4e34-8af8-4494d99f5553,BEV-003,4,363.0
a0b1c21a-c30e-4dea-9639-0fa0ad9e38f5,6a16a99d-87dc-4e34-8af8-4494d99f5553,JAF-004,7,72.57
438dda15-2ad9-41ea-a1f7-07ce3946c88f,9ccc7760-4ebc-4acf-9025-d02dc43bb34b,BEV-004,3,887.67
769c515d-c869-46f9-aefb-adcd93d69752,9ccc7760-4ebc-4acf-9025-d02dc43bb34b,JAF-001,5,989.06
ed33e674-ab37-426c-ac21-4e36022223ae,670e3b15-8b19-44bd-a88b-882a0b9e2a15,BEV-003,6,733.13
45424dec-a347-4e03-8bef-9a3093c2a994,8185aeb7-e3f2-4f4f-8ab5-d33680277f26,BEV-003,2,341.85
44a5d6b4-4e9b-4a3e-8a15-a438fe805b0c,acca754b-cf81-4cad-960e-aca9f24b75bd,BEV-003,6,934.45
0d04f694-609a-4c0b-bf44-0232f8a12ed3,e41d1716-e46a-4244-b7b7-a26145b9a291,BEV-001,3,979.8
457e7306-6f74-4be1-900a-3002fc612b66,1134463d-b0a2-4a1f-bdfb-68501ec2c8ea,BEV-004,6,722.31
d2b1510c-7742-467c-924a-a3567f214350,94394c40-b1e0-4cf4-b542-f9e756796f8d,BEV-002,5,562.86
70d03753-cc58-4055-ba54-63c72beb8c2a,847ae52c-f4a8-44a9-a0d9-c338e7c774f4,BEV-003,8,68.18
cc056f44-948a-4da8-92c9-229a25ad0e95,85186685-5210-4a0e-9bb3-6f079cb0db29,BEV-003,3,293.65
a10c1f20-577b-41b4-9dda-bfca435619ef,1718c101-d7c4-415f-b5be-422460d913ac,BEV-002,7,722.1
c27f2296-2772-4ab7-8809-b81fb26d4940,618cfbfe-9aee-4403-8cd4-ed236cbd01a4,BEV-002,8,38.25
6577ab7b-d561-4da5-8ab2-da1cb13ef02a,dd1b42a8-b710-4935-8492-b34546167b5b,BEV-003,3,891.36
33d256c6-8e5f-4475-b110-75486ba40287,2acad836-05c9-44b5-869f-3c9d1d3b50d5,JAF-003,10,488.83
32ec1bed-162f-41ef-a4cd-f297befeb495,2acad836-05c9-44b5-869f-3c9d1d3b50d5,JAF-003,2,158.3
42c15218-e217-4826-aed0-d0e7627a8979,2acad836-05c9-44b5-869f-3c9d1d3b50d5,JAF-001,3,464.73
5e372bc5-20f3-48c8-9229-14b6c8227229,5a509fa1-2152-41f9-b80d-3880f2af78d5,BEV-003,9,173.42
7f96e6bd-41bd-4478-a28e-4ea9c3d77f33,6ae0a40e-cc8f-4a27-a26f-16d4be02d766,BEV-004,4,364.97
3d68e082-f77c-4b70-b3f5-efcf6c3f2657,545b1c79-32ee-4c1b-bbab-e7fe855dcb83,BEV-002,9,617.43
a79c2abd-e6b5-470a-862d-aeefee9d41eb,545b1c79-32ee-4c1b-bbab-e7fe855dcb83,JAF-002,5,642.9
9ed1d92d-dac5-4f93-9c36-108d3a204e54,fc74cadc-a0aa-4c05-916d-928138b4df3b,BEV-004,6,81.94
a18c366c-8bfe-4f15-bebc-15be898b98e2,02b6a48b-1e26-49fd-a254-0938fae79983,BEV-002,6,87.69
4af9ece3-605a-4c74-b670-19fd9cd2ec90,02b6a48b-1e26-49fd-a254-0938fae79983,JAF-002,2,615.51
4fd3ea93-9e9c-43e0-b551-cee6ff19ffec,8b6538e4-b69a-4b16-af7a-d282ebf4ebeb,BEV-002,1,703.75
38d48dad-6e9c-4311-9b5a-e26c1568a8ba,370cfe5a-a682-459d-95bc-fc3701d9b973,BEV-004,2,458.4
68760a01-1f61-4a45-851b-7dfa66cda3d2,205e5858-28e5-4507-ae75-72855016142e,BEV-005,9,926.59
0c8a3df2-7fdf-4f4c-add4-38db5002197f,205e5858-28e5-4507-ae75-72855016142e,JAF-002,8,348.81
4f80a21d-a3ad-4772-820e-3e95aef829ca,a1644c8b-167b-4487-8146-98e8a448cae3,BEV-002,5,628.99
20cd1c58-089c-4f33-90f9-e2d154166fa4,465b7250-be95-41f8-aabb-493477ab912e,BEV-005,2,246.2
0041a90d-f4b2-424d-bc72-e95e12368bbe,f6be37b1-c39b-40a1-b5d9-93aa645f62dd,BEV-002,3,88.8
6bdbea09-8406-477e-925c-c9a72254e0d8,f6be37b1-c39b-40a1-b5d9-93aa645f62dd,JAF-001,3,249.04
b31e4d55-fd13-4096-9443-b910672c398f,12886fd9-c48e-4521-818a-eeaf7813aca6,BEV-003,9,402.14
55c79a63-2a82-43bb-bf2d-495801b5f352,30cfb62a-7956-4b3f-9e23-65bd7e02f8b5,BEV-004,2,929.06
3e6b2475-fe92-487d-88f7-58463be272b7,73d6adc9-6bad-43fd-9514-d08d4497228b,BEV-004,1,860.97
51326092-0618-45ca-acf8-a3d30045ba26,73d6adc9-6bad-43fd-9514-d08d4497228b,JAF-003,2,329.79
8666d582-7960-4d53-8a14-ab17ac5cd55b,606db601-a5c4-4552-9ada-e0333df07014,BEV-001,4,905.42
30209454-6e4c-4574-a92d-8a7254305868,606db601-a5c4-4552-9ada-e0333df07014,BEV-003,6,627.46
29e02ec5-cdfd-4e5c-ab6b-3ed725bf073e,2b3916da-5c8d-428a-bc47-8ecade85d36b,BEV-005,1,460.77
392efeff-ee96-4d94-be01-0b9899627763,2402eb9c-ac86-4f7d-b2e2-61bd267f9a1b,BEV-001,5,403.94
c511421a-2a40-4493-aa6c-3705fef2c7f3,168b38b5-69c5-4783-ba36-d7bff5dbdf59,BEV-002,10,962.11
71b2de00-e6fd-46e8-9a30-e3b5c870894c,11391c1d-579b-4f5c-b784-37ada725c831,BEV-001,7,717.4
2d1a8f0d-5df2-441f-992a-701e6c9fcbc3,712f9eb9-31e6-47b4-ac9e-4bd37e6f8081,BEV-005,6,668.41
592c915b-3184-4dcf-afdf-1e14f26a2e3a,4821cc44-7b6a-4426-8f15-8166dbb6b1ac,BEV-002,10,68.06
cf627e1e-9ba1-44f1-b706-ae39d7fd77d2,18ace8a9-1eb9-4d61-83ba-6384f83d2f0e,BEV-001,6,266.86
7dc17854-068e-48a7-9f05-05b57c0d7f3c,5859187d-8e92-47b5-b8d9-e8037e2db3be,BEV-003,1,272.75
56e175a5-8fd8-46a9-9425-dcf52656fe17,258695a2-410c-44cd-9bb0-a10d7a667c3f,BEV-003,10,214.99
d98bd70d-7f48-4f6f-9f9b-1e763632a6fc,4919374d-aca0-4405-ad6a-e80f426a21cf,BEV-001,7,816.38
db4435ca-11ab-4f50-bd58-fa91f83b24e2,4919374d-aca0-4405-ad6a-e80f426a21cf,BEV-001,1,764.25
a23b0f73-534e-4cfb-a282-b8930ed5e034,8bdeeed7-0312-47be-8e04-5ec794561586,BEV-002,2,614.76
53330c7e-be82-4fee-aa26-273dc43c20a0,229e4f0e-acf4-4aa4-be30-a81998231b8e,BEV-001,9,536.96
fde39bf3-92d9-49b9-a624-9c1b0362a490,229e4f0e-acf4-4aa4-be30-a81998231b8e,JAF-002,7,922.2
53dca160-27cb-4d81-9f4d-a206ed106709,52542a8d-f51f-4bc3-8186-3d1b15fc5a17,BEV-002,4,859.04
e2f3c858-4d5f-466b-b194-2ff37fec7195,3b2b680a-2448-49ee-805d-fb136b8a0377,BEV-001,4,20.92
ce73bf75-5416-4ead-8004-5aaeca3639de,0029ce3f-a349-480a-9cba-668e426db027,BEV-002,2,471.65
e6e40495-33ec-4160-8de4-dcf41726d637,5d0a7912-d300-4a7a-958f-3c452191eed5,BEV-003,3,757.89
8e3724fb-125d-4e54-865f-d047933c913a,5d0a7912-d300-4a7a-958f-3c452191eed5,JAF-001,2,780.9
083f8770-77c6-4f92-8864-8c9d9404b9a9,396a0d65-b20d-4b7e-b575-cc8dab63cdb5,BEV-002,8,415.93
d7cf4333-950b-4085-b14f-cea8de079d55,9d9feed2-3c70-41ce-85d1-7a86972fc7d4,BEV-004,5,866.03
cbe53063-c189-4b52-a904-d06a5f3bd522,5af72d42-747a-47d1-8384-eda858e3cdb8,BEV-005,5,563.81
aea6b04b-adbd-48ba-85c5-d6709fa9e145,5af72d42-747a-47d1-8384-eda858e3cdb8,JAF-005,9,403.63
57258297-edb4-4c26-8904-ea913f60fe83,0daf8298-a7f1-4baa-9bed-e06317d0ce4d,BEV-005,6,22.77
822ad1f9-a185-400f-bc1b-091965bb8c3f,0daf8298-a7f1-4baa-9bed-e06317d0ce4d,BEV-004,6,298.06
bf021d68-5d68-4fcf-af29-379fbecae534,0daf8298-a7f1-4baa-9bed-e06317d0ce4d,JAF-004,5,170.47
bfbf5e4d-5586-44f2-91ff-744ae82a9e5f,63f186a6-8192-446d-ac9d-316a0cb86a53,BEV-003,9,91.87
830e8e3a-e468-420d-81fb-2107ccf79296,5b6cd488-f992-40c1-8973-f9a8245e37db,BEV-001,4,500.52
a8acfd3e-e174-4d77-a6c9-050cedec52ab,dc0294cb-a275-428c-b708-da8fa7fa066b,BEV-004,1,936.12
edc8d770-9e36-45f9-a79c-c669f041bc20,a2cf85d5-88bc-48a5-9b2a-67a9a1ddfc54,BEV-001,2,117.54
d325712f-2382-417e-9733-173b51b95f7f,3fccf253-aeac-4cfc-b887-11332f2272da,BEV-003,5,40.0
9b3b5618-d394-4896-a48d-ade3b5cdcc60,f7e7d704-abd5-4bb3-8e3e-bf6385f94190,BEV-003,5,864.8
41af8235-6bbe-481d-a1a8-ee6f98a0d06b,f7e7d704-abd5-4bb3-8e3e-bf6385f94190,JAF-002,9,427.53
e9a4a874-119b-41a4-8947-e8acded35d78,888b8c6e-6639-4c52-bf8c-c868737c96db,BEV-004,10,565.14
76c9ab67-0ce5-4831-bca6-aa42b326cd41,44411187-b546-4f1a-b02e-65796d839a2e,BEV-005,4,259.59
b9ccbc12-0124-4c9b-8564-71db324f1c76,44411187-b546-4f1a-b02e-65796d839a2e,BEV-005,4,103.38
74739de5-249b-4cce-b60e-201caf7052a5,ac400547-1db8-4366-b801-d4cd7f95dfa8,BEV-005,9,525.74
1d6750d6-fbfc-4dcd-8b58-5c00c48272ba,289c4c22-b229-42e3-8335-c9ee84915603,BEV-005,3,246.61
f8e8f021-8f13-40d8-8d12-2004cb430516,289c4c22-b229-42e3-8335-c9ee84915603,BEV-003,2,669.47
3288b19e-7000-4453-aa9b-ee338dfd596c,d0978241-e4fa-45e1-b08f-3c35b0f5ee2e,BEV-001,4,636.74
f258ece3-4f72-4196-afb3-018419c991df,7d72faf1-cf09-46f8-8091-c0e708c71acb,BEV-003,2,438.09
4910a716-ff72-4a73-90df-e4723cf35817,1eedb6f5-6fc4-44d3-9a65-6829cf87f904,BEV-003,8,494.3
49195217-128b-4a5b-a42d-2f61d44e360b,85c93eca-2836-4b7f-8c66-d98d9bc19749,BEV-002,2,595.37
3bf194a2-27d9-4395-8763-5ad9f491dc05,f86ceb02-c295-4f82-9f13-a102f23f2749,BEV-003,10,674.24
58f1284e-b75f-4fc9-92ff-79493a1a438a,f86ceb02-c295-4f82-9f13-a102f23f2749,JAF-003,8,573.75
a4a2d25b-5b5d-4edb-aefc-727ba7a22466,04526895-eb7d-4825-bb6c-e7ff3094f257,BEV-004,1,527.29
f8436592-9d4a-4d3b-902d-0b1118bb5e68,9fee9178-8b78-4e43-bae5-345ed1fb89ac,BEV-004,5,498.43
d98a25a0-1980-48c2-8c81-fdc2e4b88d0b,87537c64-1a4d-4e59-88a6-13929528715d,BEV-002,5,850.77
541798c8-623a-4be0-afad-8ff2a507b693,87537c64-1a4d-4e59-88a6-13929528715d,JAF-003,10,741.68
7ba1700f-0ffb-40a4-a515-4ef50172248c,d084a01c-a662-4628-8b2a-a3494b215935,BEV-005,8,511.88
2cd1273d-135c-4cdb-b08b-282fb4c1e69a,1fefd1e2-cce8-458d-9d72-1506967e803a,BEV-004,8,778.39
afeb38e2-b0a2-4cbc-a5f3-2875cfa23da1,38282e68-7ac4-47c1-b71d-fce37360155b,BEV-004,7,540.67
8b1e1890-acc0-4a2a-9eb9-a94ef0061840,9466a73f-ef3d-4914-a7fc-7f28e346f9c2,BEV-005,9,811.52
d9bdb256-0a17-41e7-a63f-16b15936ed72,8f7c0e18-4b4c-491b-9147-d65e46545a41,BEV-005,5,93.71
1a95039e-f210-44ff-a8a4-dd14ba6a42fc,32f19395-202b-4fc2-bee5-70d0b0bef862,BEV-001,8,121.68
ba398748-53d5-4888-a7d9-45fcde473a54,0f19a75d-b921-4281-ae66-006d984c59ba,BEV-001,9,683.15
13cc7499-8846-4ba9-b750-acedad8894a4,780907a7-7a93-4b7f-9c7f-a78201ec72a8,BEV-003,4,261.15
b5aeda5e-4c60-444a-bff0-605e0fc98941,780907a7-7a93-4b7f-9c7f-a78201ec72a8,JAF-001,5,414.06
7ad63808-08df-4b84-8c0b-279e596ad3c9,29683fa4-038e-462e-8f63-cb43e7cb6970,BEV-001,6,891.72
85c6f52a-bd8c-4788-a843-b8995f1ee4a4,29683fa4-038e-462e-8f63-cb43e7cb6970,JAF-004,5,130.62
92537050-5dbe-4a35-a250-8d103d5b40e3,09e5277f-d2e9-4ec8-9dfe-2988bd3aff96,BEV-003,3,523.13
fb513848-ef24-4360-b3ba-cab9dbc60592,09e5277f-d2e9-4ec8-9dfe-2988bd3aff96,BEV-004,5,924.24
6b21cb6b-6c65-4643-b854-0cd57b003936,3c943c41-82dc-4081-a941-c45f0636673c,BEV-004,2,193.67
615d50ef-9dc9-4d9c-a13d-b8538a7995fe,3c943c41-82dc-4081-a941-c45f0636673c,JAF-001,4,681.45
823ca0d1-6f97-4746-8d79-99cb0a165661,3c943c41-82dc-4081-a941-c45f0636673c,JAF-003,3,899.02
fb8ebbae-40bb-4465-9635-ff645423de45,56a57a30-59e1-4858-a156-013a7a3c4856,BEV-005,2,297.47
7fbe1fcd-e51b-4eb1-84fc-dffc9b83fd46,a8ce920f-74d7-443b-8e83-c927e5215c15,BEV-003,1,307.86
fbfcaaa7-3233-46e4-bf98-4403d66fa019,22236814-d9f5-4c28-b443-76a22434641c,BEV-002,7,774.72
d693ee2e-e936-4866-8923-977112761b99,22236814-d9f5-4c28-b443-76a22434641c,JAF-002,4,465.44
de116bb8-6799-426c-93ce-7a1d64c03e83,e88fa2d6-5d7e-4726-ae08-ac7ebbcddcdd,BEV-002,4,948.6
8f22ba24-6edf-428a-b287-e9d753226a24,f5199800-2c40-4456-8f4b-70a8d39cac8a,BEV-005,6,948.79
82ae33ef-09ec-4cd9-af32-2c93eabdccde,bfb8fe4f-faed-485f-b2c0-1327a8cb9d2a,BEV-003,1,111.81
2adce9eb-ec8e-420f-b1b4-ab0012a803a2,e1cb26f3-a177-4e47-b9d2-3c431167264d,BEV-002,3,88.64
b11317b7-fe7c-4f31-8233-d52a413e0771,8585eb83-1859-4f12-a870-4b0e1b73c9b2,BEV-004,5,585.59
a926730d-cd85-4d26-bfe0-7b6219089540,97b6b9a9-7bcb-4f57-9cf7-be2e66c9a81d,BEV-001,1,560.63
ac99b0cc-3a50-4afb-be3d-cfea673be059,97b6b9a9-7bcb-4f57-9cf7-be2e66c9a81d,JAF-003,4,726.57
9176b962-a20f-486c-80d7-f2301fe6709b,80b16098-5973-4548-9fa1-8164b4cb6aa0,BEV-001,3,397.88
998f301a-5004-46f3-98a4-31fa4f07d2dd,90073fef-e317-4240-8885-346b43b862f5,BEV-005,10,294.04
dc8fa27f-b78f-47bd-a774-f889e5c22059,90073fef-e317-4240-8885-346b43b862f5,BEV-003,7,191.81
3dee9fa6-57f6-4d62-a6e8-e24a4709ffe9,8399c9c4-01dd-452d-8a8a-042729fbab32,BEV-002,7,831.09
65c3b897-1e8d-408c-bfbb-432d0434aca1,4c53c657-f66b-4e99-939d-0b7edb08f727,JAF-004,9,774.36
180af78a-7643-4b9c-a26d-ea06ad62a1da,e3a5b93c-4569-485a-8f6a-18f3d98d8478,BEV-005,1,214.75
a275123c-1f63-463d-867b-69bb725d80ac,e3a5b93c-4569-485a-8f6a-18f3d98d8478,JAF-004,8,430.08
32013a7e-b242-4f1b-877c-aa74e4fd1f30,9e2c3862-4319-4a0f-8d8b-b05248a7fdb1,BEV-002,9,984.92
42bf74a5-0f6d-4607-aa62-bf8f536207ca,dc32c039-4149-46c2-880e-75496d033ecc,BEV-003,8,943.58
0a8b920a-a3d6-4aae-b52a-607e4ea49707,dc32c039-4149-46c2-880e-75496d033ecc,JAF-001,7,658.56
43ad08e5-f0a4-44b0-a1e4-c1b99d6d8427,921f1543-03ea-4463-8b40-437a15fedeeb,BEV-003,4,490.1
7559231f-8d57-4b4b-89a0-c76f14533e3f,b2c35b1a-963c-4684-9d09-d7a7b3301376,BEV-002,1,113.83
a43bf279-239e-4e20-ae57-ae704ec80607,b2c35b1a-963c-4684-9d09-d7a7b3301376,JAF-002,8,10.37
f6fdefd4-a107-49e3-9689-88dec45962bc,2e5b41c3-d38d-475e-aca1-a1642eba19fa,BEV-001,2,114.76
306bb2e9-5c0d-4d90-8cac-366e997badd8,2e5b41c3-d38d-475e-aca1-a1642eba19fa,BEV-005,6,172.57
8a2706c1-c100-485c-ae10-e13340abe4f2,4947f160-8745-445e-aba9-9e6d77f37faa,BEV-004,7,266.44
5cfd0404-fd58-480c-b2ac-5d0ed4c0066e,dcac6558-1ef0-4450-9801-9953a28fecf5,BEV-005,10,992.76
e4a69ea0-d357-439f-96eb-aaa632e0653b,194e9d0a-49b8-41f8-83b9-24d14640319d,BEV-001,6,275.11
7bc2cdd7-6756-4ea2-8f9e-8f32ffe15a39,f8f7c370-cd26-4c58-8f7b-974f059d9a20,BEV-003,6,663.13
a49706cc-e9ea-443d-ada6-c69500db7a04,89548686-eaab-4d80-a0ff-d195135f450b,BEV-002,5,359.06
d6d955e3-8075-454e-add5-9b24c91fa7c4,950bf6db-91f7-4634-9f4c-6285de05bef2,BEV-004,7,665.84
3d7b465b-4658-4e2a-b0d6-801d2796d326,95d0a21c-2c63-4b65-b466-dc8ee82f754b,BEV-001,4,174.87
0abeed8a-6a56-4da4-9e6f-e2d044d3d2a1,ed4cca87-ad1b-4844-8ace-95eecd4ab982,BEV-005,3,114.14
1c21c9c9-6ca1-443d-8b7d-1d4bb2f84db4,ed4cca87-ad1b-4844-8ace-95eecd4ab982,BEV-005,3,539.38
c6054952-4c74-4f1e-ac60-96b22f20319d,ed4cca87-ad1b-4844-8ace-95eecd4ab982,JAF-005,8,46.45
6922ecc7-e584-469a-bd43-9827f441b20b,ed4cca87-ad1b-4844-8ace-95eecd4ab982,JAF-001,9,533.97
b4e6d0d0-a3bd-4d13-975a-53c6f391f5b4,2f825de4-1789-4007-963d-292252f6a01f,BEV-005,6,431.41
1a1c3b8d-0492-47dd-9395-58da239ad183,2f825de4-1789-4007-963d-292252f6a01f,BEV-003,1,92.4
0ea8b511-51f9-4279-b9c0-08d52bbf0ba6,2f825de4-1789-4007-963d-292252f6a01f,JAF-005,3,902.17
2ca5ea8c-3624-49e0-99cf-833093830540,2f825de4-1789-4007-963d-292252f6a01f,JAF-005,10,578.15
17e4717c-20f4-453a-82e1-79bf34b7fab8,c2c59795-ff8c-4ed0-bd20-a30c154ea052,BEV-001,1,744.05
57a4270e-92fd-4114-9263-9c4470d4fd65,c2c59795-ff8c-4ed0-bd20-a30c154ea052,JAF-004,7,37.34
9c3b1268-a19b-4bc9-9807-d15b33ec4fcc,556b6021-52c1-4576-a5bc-3eb6ec7fd0b9,BEV-005,7,255.92
88bd04d7-3d43-4c2d-a6ca-f481de10f930,dd7af839-d46d-4748-a843-ca7ca210e1dc,BEV-002,5,894.99
a2628c29-4826-4393-aedd-89d11d503f72,dd7af839-d46d-4748-a843-ca7ca210e1dc,JAF-002,7,573.4
981bac42-7533-4c1c-886d-d02f3a56db6b,4aa3e761-66f2-46dd-8366-eae7945c711f,BEV-003,3,504.24
f73d1ae5-6756-4198-a439-070ba62c3ec6,4aa3e761-66f2-46dd-8366-eae7945c711f,JAF-004,5,795.61
c88987a2-bec7-4b2e-be01-ae012706e26a,2463939d-a8b2-47b0-b4b6-32a5057a827c,BEV-001,3,914.22
869cf3b2-8f23-4cfa-b2d4-113f51e895e4,7559212e-de97-45a8-8c71-e0dd61c7a709,BEV-002,9,522.54
2f0ec3a9-024e-4fd2-bba8-795c9ec30a28,fd91c654-24e7-4972-9943-234ad6d27f34,BEV-005,2,959.29
c6f4845d-468c-4048-925e-741f1ccd0d4c,fd91c654-24e7-4972-9943-234ad6d27f34,JAF-005,2,802.51
77bd952c-8b1a-4b20-b312-44d9682d87f5,e3611ecf-10c6-4aa5-928a-7792d4ec0cb2,BEV-001,9,676.46
cc9005ce-34b0-47e6-9887-98c3792ff388,71e2b699-049a-4ff6-9e48-f399114193c4,BEV-005,10,906.53
b7590dc7-b987-426a-986f-1e3ff0f95b1a,8ce176c2-9d20-4c30-b2ad-689bf86682a6,BEV-004,6,376.39
7c3781fb-9927-47ee-87a9-ed07a1c0eeee,76a33028-6686-47a0-a66d-bfee8a0fb162,BEV-003,3,888.78
ae4057d3-5a00-4ebf-b677-6b2d76180fa1,a999e97f-a258-4139-913e-107d3d8e4da2,BEV-002,2,278.43
ad25602e-87bd-4c37-8800-465655ebb9a4,60d3d387-60ed-4c1c-b5c7-ad1327a88c48,BEV-002,7,690.11
f09e8c88-1f55-48f8-8ef0-591794364b43,60d3d387-60ed-4c1c-b5c7-ad1327a88c48,JAF-001,8,715.31
ca633c64-5af4-4d28-88c4-f0e0553db828,71f603e1-010e-4643-9c18-8bebc927a551,BEV-003,9,591.04
f2541076-caeb-4441-9cad-36b8d9181fe3,daa69a36-2e6a-4d34-98dd-75d48b8312b0,BEV-004,4,989.58
763717e9-43cf-474b-8531-5c1c7ef4c8b9,daa69a36-2e6a-4d34-98dd-75d48b8312b0,JAF-005,8,214.65
20c67a92-b22e-40ba-8c32-035ac054648d,c547b281-2280-4878-a41e-bfc9483cb1ec,BEV-004,3,647.27
0237dfbd-0777-4fa6-b036-f49c7eb53da8,0ff0e7f5-2008-4bfe-a2bd-a238daa7ec1a,BEV-005,5,446.31
39a6d032-0d59-445b-bbe4-2e8b67eae8ec,f5330a13-c51a-47d5-8483-7cbab0423127,BEV-001,7,271.85
9deca472-30b1-4839-87a1-1a9bb761a877,fb9913d2-0250-4bf3-be42-2d561d8e77bc,BEV-002,4,281.16
8dd252a9-3c0a-4644-b087-9cd87ff38277,3ba31f5e-57d8-40e9-839e-e25dfd9a121f,BEV-003,3,863.09
a0fdcf15-4864-4f28-ba09-c2e4912fe6d5,772479b9-3ae7-4125-8888-1343191f52ad,BEV-001,2,967.7
c4eecc5f-a143-41af-ae0b-4b246891fddb,772479b9-3ae7-4125-8888-1343191f52ad,JAF-002,4,260.26
52024fcc-ee45-4bdb-82a4-853ffc188768,de987614-ecd0-4923-8e5c-6f2f03acafae,BEV-003,8,477.56
94ed7f28-86f9-40dc-b5a9-cf7b36815300,82a4de46-669d-429c-867c-c6ad7d0f57f6,BEV-002,6,887.0
3e9d50dc-8690-4e41-83b2-bde5db129500,569727cb-596d-49db-bcfa-1af809ca47e7,BEV-005,2,494.51
519c0fe6-ba1c-4261-ab28-97d2eb0f77ae,718db739-2a70-4aad-8256-ddc0b12b2b1c,BEV-005,1,307.69
75347334-e57f-416e-8eab-4559c9d609ef,6e52d2ae-99e1-42cd-af1e-456dbfd68987,BEV-003,1,73.72
7b89ce08-d6a2-4d0f-a583-7c53b6099dad,a2e4ac70-fbe4-40ad-9e05-df9e432c3b7a,BEV-003,9,134.38
6246547e-0fc9-4bd2-8f98-6637c869c5d8,08180f9d-f9a5-4b4d-b1b2-f159b8ee6835,BEV-003,5,705.68
40f540ab-cc3c-4cd9-a2b2-7f44598f5bc7,400d9a5e-1f7b-479b-9a14-62f71cf8e375,BEV-004,7,687.71
0138fc16-8aa1-4b0a-9793-d81664330e42,400d9a5e-1f7b-479b-9a14-62f71cf8e375,JAF-004,1,43.81
06057df3-bbeb-450a-9a57-f911013bcbc8,d121132d-33d9-4e36-b055-97354afc6daf,BEV-003,9,331.68
d2c4f148-c758-4c94-833e-ee796c8e2f5b,997d978b-3eeb-4b41-b42e-86bcb3eea520,BEV-003,1,884.12
47bbf087-4e27-4481-9824-49477abb1c72,ee7246ac-1e8d-4e60-8373-de08f1f5e6ba,BEV-002,8,431.03
0307e31d-f1d8-420c-849b-713caf58db18,aad0e36c-9a2e-4b97-8ea2-2b7bd8f2371c,BEV-005,2,657.68
475d3b6d-759a-4732-98ad-b71810b5d302,aad0e36c-9a2e-4b97-8ea2-2b7bd8f2371c,JAF-005,9,297.85
0d710cdf-789c-40ba-b31f-a96f754dac9b,092a9a65-a5ad-4811-9dfb-9169d2ba4433,BEV-004,1,533.44
2d15412d-c204-4d3d-bb66-c8f17c427545,9fbe3e95-e69e-49ca-af25-d14a658e7c2b,BEV-003,5,913.63
b5e4f1d5-3d19-4258-90ed-3f7816791583,228d0cf4-8c8d-40a1-8b29-2a8e56d71a39,BEV-002,2,473.25
45fb340f-aaf3-4d74-89c3-b11d6ae3364a,9c65ab20-f13a-4932-b07d-98f9900e49c1,BEV-005,1,171.82
0203a5d0-0ead-467b-8b05-300aeb1d2d6e,24319c51-f018-402d-8311-77768dacdceb,BEV-002,9,861.29
fde95155-0b1a-43f5-93ab-65f338f52808,931ec9a5-164a-4697-a47d-cee23a9bdcf6,BEV-001,5,896.6
e6851544-b643-45a9-951c-f38c1d02df5f,12c876bf-ea24-4ce0-83a4-4c3a123ab224,BEV-002,6,760.3
b699707d-2522-454e-a584-6309b24b3862,f4cf90e1-b9c1-4b7d-b990-4096a2242d82,BEV-001,7,281.33
078af070-077d-4bbc-8bc6-97851a56bd7a,6662595a-fe9e-4548-919c-1078105a4854,BEV-003,2,363.86
c500d7cd-a749-48d1-b427-b95b23768afb,6662595a-fe9e-4548-919c-1078105a4854,BEV-005,4,886.96
9bd7a65a-ec65-4688-8dbd-ec8d9513fc26,6662595a-fe9e-4548-919c-1078105a4854,JAF-005,4,558.72
5730030d-7756-4ec0-b56c-440f3e655a88,6662595a-fe9e-4548-919c-1078105a4854,JAF-004,5,792.99
3ccddb11-505a-46d6-b3db-08b9d22866e9,5f00ad5c-8e82-459b-9d14-c64af28cc2c7,BEV-004,8,557.75
537314cf-b345-4ff5-8027-ac20336b466c,a374bcdf-8c16-4cd9-a556-efad09a34d59,BEV-005,6,219.25
aae13c92-22a5-435d-8923-e7a2f38186a5,ee1427fa-5886-458e-9b35-7ce378909001,BEV-003,1,331.23
bf4e8676-c854-4445-bd6e-54e2241000dc,8cf088d1-fd5d-4a2c-88dc-7225161583ba,BEV-001,8,907.89
2a1f0965-5737-4f85-a4f9-429333c83c21,d2b771aa-e5c7-4d4d-b62d-a8e170ade9fc,BEV-004,5,805.2
612cda87-ca63-4c70-96d5-c1244a860d1c,d2b771aa-e5c7-4d4d-b62d-a8e170ade9fc,JAF-002,10,663.99
5fa8a024-66ce-470e-939f-23f1f179c91a,30eff287-d66b-469f-a6ec-20589d8e5f6c,BEV-001,4,749.21
afc797ba-08b5-49e7-b5e6-ed9fc1a5b92c,30eff287-d66b-469f-a6ec-20589d8e5f6c,JAF-001,3,468.39
2ee4bb7e-6094-464c-aed1-316cbb405751,c6e4b398-5bd7-4b07-b97a-e499d037d4e4,BEV-003,5,181.22
54313911-11f1-46ee-9ebd-94c37ca7fdce,9e8506fc-46b4-4634-908b-2395e5274b12,BEV-003,6,979.35
48bac07c-ea94-4654-ba10-6d2868cf0b5d,ee4e8344-f5f7-4d77-b37f-e599712610f3,BEV-005,8,693.74
5ea4d5e7-ca7c-436a-b5fd-b90807ad3d8b,33c9f2e2-3057-4619-8ef7-8590c8469e8d,BEV-005,3,37.15
cef8bcbe-6db5-451d-997d-75a446739d1a,d2e037b5-c60a-41b9-a879-5dda9687d9c4,BEV-004,10,627.75
e41dcc03-3d61-4956-b519-c96d03b4a609,479ee8f8-850a-473f-a1ce-7ce9d874f32c,BEV-004,5,96.88
d779a78e-aa29-4384-937b-c57306b3433c,345acf98-a7f3-4103-9489-7fe48a3c9d33,BEV-001,6,28.28
a0a8ca65-e4ec-429e-8e71-c9a8d9940994,4a1c0514-5bd6-4931-a83a-c16b20b991b0,BEV-004,10,368.3
a0e17134-3040-4bce-890d-c951365237ff,c157f816-a3f1-47eb-83ee-6ab37a44043d,BEV-003,5,673.67
de6c1aa5-7719-44d4-8cf8-f21e0d7746a2,c157f816-a3f1-47eb-83ee-6ab37a44043d,JAF-001,7,842.98
20c5b38d-e189-4ed8-90ef-2e912c495171,c8e2600f-85b9-4980-b06c-c692af77d025,BEV-003,2,755.85
287a38f8-2d13-4398-8ed5-19ba007c7d3f,0fc37188-2a09-4505-9729-044c3ab4a5e7,BEV-001,8,140.59
a0aa416e-03a6-4e36-9bdd-deaf064d9926,bf067d25-c484-437d-9298-4091a7fe5bbf,BEV-002,4,534.55
e2426f8c-c6c2-4a56-81da-20f995997ff4,a593cd7a-5ac1-46da-bef4-2f8866b39448,BEV-002,7,802.8
6fc95840-dcdc-4adb-ab2d-e50cbd337eb6,dcc5707a-9c09-4da5-b7c5-8f4e752f0504,BEV-004,1,473.67
730bba6f-b930-4dd5-a60c-263ad9db72ba,ad7188d9-da21-40a0-a85a-61f8de69e52f,BEV-001,3,200.41
d79c401e-f5a2-42ab-bf44-55e2c0ffccd5,ad7188d9-da21-40a0-a85a-61f8de69e52f,JAF-004,9,933.76
51014199-1466-4abc-81cb-11ca6a49dbf4,ad7188d9-da21-40a0-a85a-61f8de69e52f,JAF-002,9,867.15
e16f62bb-94df-48f2-b19a-35d24c3debb3,2f6fd289-efd1-4f58-9623-3ec4c3c2a99b,BEV-002,1,224.82
3cc5c6f2-6b3c-45b6-86a3-faf83f0c5cd3,9873c3ea-9a84-49ab-87db-4b743c98cd8e,BEV-001,10,893.28
d34662d4-7199-4e24-a3b2-51021f2a3b15,d3ff48f2-60bd-4c13-83ce-d6c9ce7486f1,BEV-004,2,231.14
e07bfbbf-b8b0-441a-bdd4-77d300292d47,22e7bdb3-e78e-4ce4-a165-c110e0edfee2,BEV-005,3,626.43
3ac9d28c-3ddd-4a47-bb41-a460479c269b,22e7bdb3-e78e-4ce4-a165-c110e0edfee2,BEV-001,1,946.9
e6cc4afa-a5bf-4bb4-aadf-464d5e355d37,4e899f9d-5808-42c8-9ff3-4f5b8ac060d8,BEV-004,4,440.11
ab651693-4220-46cc-bae5-70b3eb1af59b,4e899f9d-5808-42c8-9ff3-4f5b8ac060d8,BEV-001,4,289.49
7c7f3525-5b79-4d34-ad34-389f13f83cda,4e899f9d-5808-42c8-9ff3-4f5b8ac060d8,JAF-005,8,919.33
790a2468-9af4-4ae6-9d3e-10a17ea3ed45,71a38d74-93f6-414f-83e2-6442f3058b05,BEV-003,6,912.14
0d643e23-3734-4899-b713-09818bb95fef,6710a982-0c05-4964-be5b-909497b62a9c,BEV-002,2,486.93
87d6f02b-9191-440a-a4ed-2a3dad121b00,7e8c57dd-2ddb-4fba-8899-e0e745a4a4fa,BEV-005,10,356.3
71984ab1-99fa-43bd-ae84-815729c704e0,61a9ca52-7fb2-4a9e-8e38-242f0be0cc4d,BEV-003,3,818.84
4b64f04f-7607-4686-a3fa-4a13e7dbdd78,5f2c9844-241f-44bf-8966-3214c01a230d,BEV-003,9,635.46
31077511-50ac-4693-a259-2827766c7174,53b08f93-bbd0-471a-8a17-67e257f1dd53,BEV-003,3,330.36
de73d4ba-0550-4b17-8521-75c52bedceb4,53b08f93-bbd0-471a-8a17-67e257f1dd53,JAF-003,10,879.97
4e4d633b-e804-42ba-89d1-c9827bc40db9,53b08f93-bbd0-471a-8a17-67e257f1dd53,JAF-001,8,597.63
eb76be00-ebb1-4726-99a8-6ba5def843c6,53b08f93-bbd0-471a-8a17-67e257f1dd53,JAF-004,8,232.08
c37b2977-a996-4e79-948e-b7ea04467d8d,95f1c4b4-c6c7-4f79-bb42-84fd18fd0d3d,BEV-004,6,458.89
f1f7bf59-3747-42fe-a8b5-80baff6207fb,199b18dd-1e53-464e-b97a-3f5191c73e1b,BEV-005,6,661.06
eed0803c-bb1f-45ff-86b9-b093133e36a7,ce439da8-eafd-45ce-9714-e697b7df25c4,BEV-002,7,942.2
62e05202-beb4-4147-a88c-6d57d1c8d382,ce439da8-eafd-45ce-9714-e697b7df25c4,JAF-005,7,111.68
f6420818-1323-48af-b798-2902b4d3eb07,79ed5900-52e5-466e-b98d-a132e8074960,BEV-001,10,283.83
b249d06e-0ecb-46d7-840c-6ba0d762deb2,b5659855-3829-4726-99ee-a2fa4ee4abc1,BEV-002,7,710.41
c8a5fe80-e724-4394-ad58-8919f08772ca,b5659855-3829-4726-99ee-a2fa4ee4abc1,JAF-003,5,815.26
7390af34-d555-42e8-8e44-b02d732e22b6,72c17bbb-9fde-466f-a498-f7628365a342,BEV-005,2,220.46
35983923-8f24-4757-b051-54296e8be13d,ec505046-c6c4-49c0-a614-e5c1beeaf972,BEV-005,7,16.13
06254b1c-d99e-4a9e-b9a4-67a4f98d1c87,389c7b54-fb59-4dac-a1b6-f68f346bd4da,BEV-003,2,449.34
55cf0970-97d0-4b92-ab7b-c26bb8fe35ba,68020a5f-6e7b-420c-8ef4-61c7e7c1538d,BEV-003,10,230.81
8ef32f79-3501-4d2b-b7c7-6d080df9fc45,e2727a91-bff9-4196-947a-5a1f4c820411,BEV-003,9,740.24
c30d6328-d53b-4e4d-a365-6469cab90f8b,c44ec649-4241-4ba0-ab8d-edaa9f5e460f,BEV-001,10,457.4
31ef0d02-700f-46a1-9963-bc8882ac94bf,e501d7b8-dcc9-4f6a-8365-dfb348d9573f,BEV-001,7,564.9
fb53d564-fc5e-415e-84da-919aa74e9f45,2f6c8fb0-bb2f-4271-8a70-05e24f269dd5,BEV-002,1,835.33
3e4a44fc-867e-46e5-9c65-628f0d749bcc,2f6c8fb0-bb2f-4271-8a70-05e24f269dd5,JAF-003,8,100.09
cab1e63c-4a09-4e54-a26f-9d1aa688363b,7144f8b2-7004-4e11-85c9-2d7a9603924a,BEV-004,10,430.62
74e13efd-d3a5-4860-85ac-7cc17eb97f8f,7144f8b2-7004-4e11-85c9-2d7a9603924a,BEV-001,9,773.25
1c324a1e-2d83-4051-a692-9a5c609e0d5e,eb438b39-6bd4-4f3f-9605-d0457d6a7f60,BEV-004,5,344.04
ccc80215-1f7b-4520-ae63-3f8be9ee5128,1332bdfb-5935-46f0-a2c6-a50d04ca9f00,BEV-003,7,687.73
bb3e7e88-f804-44b5-9486-03893c9715fa,efc9ab81-8285-4cf8-ad63-ab7bb8d0bae9,BEV-003,4,960.47
16ffac88-0c37-416c-b7a3-db154fe7a702,efc9ab81-8285-4cf8-ad63-ab7bb8d0bae9,JAF-004,8,932.3
b7c2b1ea-7b3e-41ac-b14d-fd4962ac97e0,db4f4ff1-1e2e-4f9b-99ce-ad71103d2427,BEV-004,5,447.77
4944d210-729f-4448-a9cc-96e952821401,363dc323-e012-4ce5-850d-a2601b4055d9,BEV-002,4,463.95
56f5fa2e-7750-42ec-957a-60d795f89c1b,363dc323-e012-4ce5-850d-a2601b4055d9,JAF-004,1,380.93
a9d742a2-00b3-454e-9e5e-edc649d8c2d7,e74221b3-93bc-447f-bb90-d22af915622e,BEV-001,7,12.15
80f13865-ae09-4c4b-9a85-69bd750997a8,e74221b3-93bc-447f-bb90-d22af915622e,JAF-003,7,180.81
a5822c6e-1880-4d5d-81cd-aa6ce8c47f8a,e59cc1fe-09cf-490e-8a42-3c973ffa3a38,BEV-003,8,556.87
48aebd41-e082-4c8f-878e-4f1e1a0a896f,ee0e41fe-90c8-4846-b15d-1ad6bb155b76,BEV-002,6,398.35
279fcb15-71eb-4508-b949-c2e832dc63dd,ee0e41fe-90c8-4846-b15d-1ad6bb155b76,BEV-003,6,324.17
1427f72b-18eb-4dbf-b122-6c55c86823e9,ee0e41fe-90c8-4846-b15d-1ad6bb155b76,JAF-003,1,37.41
041eb81c-407c-469e-bceb-c9dfe7e08bca,9c4994f1-4056-4ccd-991a-8790a560e3e3,BEV-002,4,543.0
404ada9c-d981-4ca9-9323-e23851956610,38a1ea0e-e457-4cdb-801d-fb355892a5c1,BEV-004,1,516.71
e21f23c5-6381-47c0-a441-149439b42ebd,8b5fc1c2-923b-4897-8223-f7596e929fb4,BEV-003,1,91.87
d173e398-7b8a-42dd-a0fe-45a6028d61fc,f56440d0-63de-4411-ac98-5247a890fcb6,BEV-002,5,452.95
3491ac89-563b-424d-92b3-8622e5a770ea,603e7d27-68ca-4f3e-8140-3ae08ff874f5,BEV-002,10,259.36
1a357a67-0c8c-4e5d-9ca9-3464255fd12c,f4cd9000-c901-42e6-bf8c-bb9ecbb16fd2,BEV-005,1,445.39
a167c3cc-f815-4c76-9b18-fa705c432db5,9c65cadb-1aaf-4260-82ae-3123877ecff1,BEV-004,2,150.75
4b43b229-dd61-4ea3-a342-2d0dcef67f4c,9c65cadb-1aaf-4260-82ae-3123877ecff1,BEV-005,4,894.71
b347a024-89a6-435d-af89-214ca745bee4,9c65cadb-1aaf-4260-82ae-3123877ecff1,JAF-002,2,109.46
07e90d3b-98a2-43fc-8d6d-cc1c68ce1e42,b791c87b-534c-4725-9d8e-49dc2080359e,BEV-003,9,331.56
e658d887-f205-4012-a030-0d9740b63fa6,9d88c83a-dbeb-4796-b97b-2098ea53d435,BEV-004,8,246.08
e899c717-f00b-413b-a040-88be30ad42a5,9d88c83a-dbeb-4796-b97b-2098ea53d435,JAF-003,4,671.79
7824d50a-9cff-4840-91b9-5391b230a286,1dc6e1a7-2a74-4b94-b10d-3cdddd00a77f,BEV-005,6,383.64
130d4993-d398-4f0c-8a3d-ba9a00b6d43e,35ec48cc-c6f4-4049-a84f-c5e4e5640890,BEV-002,4,358.34
48046716-b3cf-4dab-b571-5fdce9750924,35ec48cc-c6f4-4049-a84f-c5e4e5640890,BEV-004,9,376.86
41d8ee4d-ae61-4e0e-b235-54412ae2841c,35ec48cc-c6f4-4049-a84f-c5e4e5640890,JAF-004,8,43.61
64c23292-2db4-4a24-8833-702534649ec3,67c39e7e-781b-4273-aec2-3c8ebdea810c,BEV-003,10,112.72
9dd287d4-0332-40f4-8a69-1d316a592365,066c60e5-9ec6-4124-8883-22322b755764,JAF-004,5,346.02
eb13c9c6-f0aa-41a3-888c-6f5e6198b490,988e4d5a-28f0-42fb-a15a-2717e47bf984,BEV-005,8,488.99
3fee4ce3-2b79-4d1f-af0b-d6d718c3f5c7,8ee38958-4c0a-42a1-af75-d2a46a69f06a,BEV-004,6,39.81
3b2373f8-b1a5-442e-ad60-5e93624c07fc,8ee38958-4c0a-42a1-af75-d2a46a69f06a,BEV-003,9,86.83
c35b7bed-e0b1-43f6-a588-59a74c044ca8,673cd385-62b0-4acd-bd47-4cea93db2f0d,BEV-001,6,523.44
2b239620-341b-4507-a08a-34fc60badc99,01d1123a-c94b-4d68-beab-7ed8c15b7413,BEV-004,1,841.38
0d875ac2-3f89-4c91-b4c0-6bc682a2213f,63156d6d-ee47-4210-aeba-2ae8de027269,BEV-002,4,885.2
f266db18-ae44-46ac-b565-c351364b919a,a1149a2f-6952-471e-92d3-f42a67156985,BEV-001,5,637.23
7ecb152d-1281-4111-afcf-2a879d67239d,ea5cae93-9e45-41c8-88f1-ebf5984c3124,BEV-004,10,39.18
390f2858-4fa9-46a2-af35-b652c9a98130,b5198745-9216-4d45-9aee-40139f7f36de,BEV-003,4,688.04
2c91e3f8-2c86-42b3-a08f-b73d4ca85723,b5198745-9216-4d45-9aee-40139f7f36de,BEV-003,7,395.63
7a50fd79-9600-4312-9b05-7902e34a9842,b5198745-9216-4d45-9aee-40139f7f36de,JAF-004,1,525.54
3a0e9119-fe6b-427e-ad51-a81669a2b038,55e3aeef-c81d-4667-82af-0c98b89f4df6,BEV-005,5,849.85
eb854ecc-e353-45c0-babc-c6de29846137,ae21a2d2-7fa2-4922-b5e5-01161685202d,BEV-004,8,511.38
a7199dbc-82cb-48f7-b901-67857785a8b8,d617f61d-8a26-4941-a265-3d7e2e326b66,BEV-004,5,798.57
7c0f8161-a349-4829-83e1-3a8837ab849b,d33a63ca-a7d3-49de-bbfa-1601830825cd,BEV-002,7,642.15
e79ab876-3822-4532-b3e9-1ed433e1d5e1,8137ac46-1610-413c-a1b7-800963b92126,BEV-001,5,646.99
aba56764-3b38-4994-ad6f-57ce09d1610a,3f3f16ae-1c85-49c1-8947-c7084d327c96,JAF-003,8,683.14
5c644d4a-61e1-406e-9a2a-5cf52e802921,99c37e9c-1d7f-4b83-8017-dd669c9cf2bf,BEV-005,7,238.29
46bcdd10-27ab-42df-8aaf-b1d4374f38f5,e87d09e6-7bbf-444a-823f-9fe78f68951b,JAF-003,9,582.95
24fd3d7b-d031-4137-936e-7912d4cef406,e87d09e6-7bbf-444a-823f-9fe78f68951b,JAF-004,6,988.85
d3493dd4-a478-4a98-8ad9-fcbc53efafb6,a4f1c966-1a80-4684-a91d-4074bc2abba0,BEV-003,2,379.35
3efe7171-298a-4363-b10f-0685ce62c90a,785abf45-01dc-4bea-aaf2-f3403771d748,BEV-004,1,607.39
f6ff8597-a7da-46bc-bc70-a73abe670791,a05286ed-3181-48cd-b4eb-14e121ceecb0,BEV-005,2,154.43
289514c4-0179-472a-9559-0f7b26f75442,b1458725-bb68-4fad-8182-37304f544b02,BEV-002,5,609.03
7b4014be-cdae-4fca-8b4f-7f4e2610cd85,b1458725-bb68-4fad-8182-37304f544b02,JAF-002,5,980.04
cf1deaa9-c9b4-48da-b2d4-79dd75792d8f,23a7c80d-5cd5-48c7-924d-268ae387415b,BEV-001,5,435.2
398f570c-b8cd-4e98-8e57-01164bd049f7,f7f6f927-d477-4ee9-b5d8-6839bafbcdf3,BEV-004,3,674.4
037277d7-cbe9-40a0-973c-b948726b1530,5b0d9417-ad25-4ff8-86ec-b4d035a33d52,BEV-005,7,607.8
22ab9b2d-d1b8-46b3-901f-eddc354db4f5,5b0d9417-ad25-4ff8-86ec-b4d035a33d52,JAF-004,7,186.16
82eb0975-2a15-4cdb-83b9-9cafe2fe0ea5,ddeaee1b-4250-4d52-9d0e-94a73e94c25b,BEV-003,3,459.3
37a7c7ca-b8ae-4e5e-88ca-68db751b5f79,ddeaee1b-4250-4d52-9d0e-94a73e94c25b,JAF-005,7,459.87
8586e256-8f8f-431f-a0b0-3605061fe5a1,808f5980-3e9a-436e-abe2-e1184d373129,BEV-005,6,772.3
3676ad25-6b2e-4e9a-9a2c-27356ae2f1e9,3fccc9ae-3a71-430e-9751-16dbb5ce35c1,BEV-001,1,301.81
cd2ce752-49d3-4552-818a-06fca4a0d707,994fa104-8942-41a7-ac97-73f27355f50d,BEV-002,9,114.04
eb4607bb-59f9-4921-bc66-cdf3f0b7b536,3e531e39-576f-4c4a-bd39-515768677af7,BEV-002,5,290.33
9b0a31dd-47bc-4f94-a8f0-418523e93cee,6e38d4f6-ce3c-42c7-8fe0-1a35b427ee96,BEV-004,3,787.88
4e806c94-abc3-48ad-ab57-dfb9d6a363b8,44724f27-269b-452c-a863-9a5a03a31e31,BEV-004,1,929.48
25208a3c-a322-4496-b23d-e8803a7b26a3,d4c110a1-c52f-419c-951d-6a03ed7f78f1,BEV-004,2,101.86
05afdbaa-5fd7-4c9f-b16a-2d99c5e3bc9c,82c97fbf-1ebf-4528-9fc0-dd2a2aaa097d,BEV-005,2,692.08
7fe42487-9e94-45f3-9885-b341bed6b2dd,82c97fbf-1ebf-4528-9fc0-dd2a2aaa097d,JAF-004,10,222.29
481efc50-1272-405f-b53d-4f0874503fb1,0fa67d23-c544-4ad0-8e22-c1ab992c01ec,BEV-004,8,28.13
8d9a1526-2683-4f78-b28e-91e73ee89ec3,a955eab6-2a22-4cda-b8cb-f487890af406,BEV-002,7,272.8
38ff5cde-95ae-4583-bd86-f994dff27237,edd7c54d-e1e8-4550-9f13-3f11518b4095,BEV-003,5,504.07
081ca917-3f49-407f-8836-0d42aaae8917,8715780c-9811-41df-9fa3-b6df11ecd9a5,BEV-004,3,342.16
918e0dbd-9d93-4857-86b2-265639e03f37,bbe36ea8-d3b8-4950-a0d5-89a6cb3cc3b0,BEV-004,3,176.12
408e5319-35c0-464a-9ccf-12b9520969fc,eb72cfaf-0989-403b-927a-7fbe313470d1,BEV-005,6,36.22
0190bdc4-2976-4a67-a9fa-d2c09a57f989,0a0df6bd-6217-437c-a301-c75b626f9864,BEV-003,10,284.18
369bdcb5-0c43-4a0d-8e31-66693fcf18ee,0f8eca9b-29b9-4a2f-ac0c-cfc38c2f7377,BEV-005,7,636.46
b938c66b-3d56-4b1c-b963-40b451cb06a7,2f2ef1b8-069d-4fc6-a621-9d96e85a34b9,BEV-004,9,49.91
ba54cb0f-07d6-41e9-a88b-24e4ef11c000,de65a579-0dce-498e-8247-96e8f17a969b,BEV-001,5,529.33
4ee1e86c-0c3f-4f49-8f9d-efd04fe60a14,dd8d7356-7ed7-4805-b274-74b43e6de140,BEV-004,7,426.09
bea207c4-f63f-457c-b37b-43fd96194960,4d53ca42-d3a1-4c76-854e-692f8ef6e830,BEV-003,5,747.02
f8cdce48-20c7-46d8-9803-61ad73045d9e,4d53ca42-d3a1-4c76-854e-692f8ef6e830,BEV-004,6,115.79
5973b30f-d398-4e13-830c-9bfc9d09d12e,16d4b259-8ce6-470f-b7b4-a72abf6ed88e,BEV-003,10,719.3
0121c549-920b-4692-9730-24504c7a4c55,26d385b3-56fb-4226-bde7-81b91cb871e8,BEV-001,2,307.84
8790b3d5-fb9d-4e3f-a60e-df2948810d03,ee14efad-f4c6-46af-96df-73ca157db3c2,BEV-003,5,632.59
a3356834-bad8-4556-a37d-b382adfaa57f,cf05a2c3-0a44-47da-ad3c-4c8e4b8cd03b,BEV-004,2,669.41
a3f7b129-5acb-46af-ab46-a26ae518b2fb,3e737398-abea-42e2-a8ce-88e547cec7f3,BEV-002,3,31.61
d650dc93-347b-42fd-9312-7a3ec278c9e0,2fb069f7-b092-4767-bc3f-90705b103646,BEV-004,4,799.87
4168a219-867e-422e-9162-02f52597c7c0,9b4b753e-849e-4a8b-9b56-29fe9f75bc88,BEV-002,4,542.57
61607897-53e3-4fdc-a45a-ef7ae8c9d343,6e7f8da6-5a4b-4b8d-a2e2-0b9eeae99549,BEV-005,4,624.69
3ccafd98-3bc4-4a81-9c77-b2920254c320,7111b145-a3bc-44a1-b650-c35b219fd044,BEV-004,8,185.37
caf102b2-63f0-4f0a-90c5-f8ce81601948,70b41e08-f85f-4f55-a464-df9248ee3470,BEV-001,7,299.51
7f215b16-ba9c-48a9-8d1e-5809aac21429,8f0414d2-d724-411c-b73a-befd64dd4869,BEV-004,9,58.42
3eabdd63-aad7-4f53-b942-6e9b1db85399,b79240b2-a82f-45e0-80cc-045a3bbfe58f,BEV-001,1,684.82
22b4fbb5-aafb-45bd-83f7-70697590a82e,99837b1a-d53e-4662-a611-bc1301bee698,BEV-004,2,707.46
1918f317-ed12-4799-86b3-94cf258802d9,43510c26-ec81-479c-9a4a-49118e52a708,BEV-003,6,896.72
725c6289-00b4-412b-b885-f2fc9dc10aff,ded065e6-ece5-4f3a-8ac2-a3ecb19cfa92,BEV-003,10,671.62
a320d0a0-30bc-4b22-a9a5-163d77773a28,18b090c2-6188-4aa4-87df-e4c3f08762a9,BEV-005,10,805.38
5f473e77-5b5a-41e0-a459-9702e163ba78,23487921-1d73-43f3-980f-28318a737c47,JAF-004,5,872.14
95fbede5-5ffe-40b3-b894-16d35505d509,23487921-1d73-43f3-980f-28318a737c47,JAF-001,7,306.56
9cb0f8ca-8ac0-49b5-87c6-6df8b0d180d0,ceb1a0d1-2017-4629-b603-65debbe657b1,BEV-003,5,821.38
36fddeee-154a-428b-a7cb-915909db6a83,ceb1a0d1-2017-4629-b603-65debbe657b1,JAF-002,9,647.24
570222ad-306d-49a7-91e3-227e174cdfd9,84666009-252b-4971-94a2-d58d285b4e8c,BEV-004,2,201.18
b3abd837-ef1e-484a-8820-7b98753e18ea,68c85517-4ef5-4fc7-8b41-404cef8d0a20,BEV-004,5,811.96
2c8d2ea2-4b1d-43a6-9006-0f9859997b0d,68c85517-4ef5-4fc7-8b41-404cef8d0a20,JAF-003,3,841.97
236c5e56-4245-4a4b-a136-d43fc428a696,251c3d5f-04cb-4be1-98c9-e8d2ce65e005,BEV-003,7,993.77
c6bd602c-4f38-48e0-96b2-417d09302150,5cd59128-0303-4a07-a5a9-657ea9f3d0a0,BEV-003,7,708.8
441da5af-0cd4-4309-944c-c14099435ffc,5cd59128-0303-4a07-a5a9-657ea9f3d0a0,BEV-004,5,476.63
83522da5-3462-4cf6-9fa6-7fde63ba19eb,5cd59128-0303-4a07-a5a9-657ea9f3d0a0,JAF-002,1,241.98
4b360557-236f-4228-8149-a2826e7cc1e4,054e4afa-cdb3-4ed6-8bf8-0a9da5c7af56,BEV-005,10,777.61
24659b09-ba8e-4be9-b591-48f5e11f2cfd,054e4afa-cdb3-4ed6-8bf8-0a9da5c7af56,BEV-002,9,202.23
311f2d92-70e1-492c-badb-73827ec9e18d,054e4afa-cdb3-4ed6-8bf8-0a9da5c7af56,JAF-005,6,838.36
5e9f78f4-ac27-479c-ae05-3b354c918339,971aabf9-2fc9-4c4a-8b0d-0ccd52f66731,BEV-005,5,263.03
e33f9c35-908a-4849-92e9-7ece565e1ee9,fcec15d2-9b02-411d-b851-3a675ba07d4d,BEV-005,7,411.37
dce4a491-2764-4b30-8f57-87c4e05866b0,98449199-b923-4182-bc24-8bd84657cf69,BEV-004,3,750.81
3ebc442b-30fd-436e-ad0f-96e3e3297821,68dcdc6c-58a4-4b27-b6e1-98275e399dc4,BEV-001,10,570.23
259c5cfe-618c-4ea9-9964-bd86fb8a0b66,ce2379c0-2267-4204-924f-a011be197183,BEV-002,6,185.18
a0bf6a72-fc22-4cac-8731-280b9a5c4558,0f451ba2-772b-4c74-9088-acc7dd427e3a,BEV-003,3,979.35
7b670a50-0c3d-491c-87c2-eb66d494a31d,0f451ba2-772b-4c74-9088-acc7dd427e3a,JAF-004,10,465.01
57582bec-6a10-4fd2-a21a-85673ed0b548,ceff6dd2-9b15-4419-94ea-e8110d4833a2,BEV-003,2,657.48
4741d119-1b0f-4fc6-9e79-108752a91d1e,151cd411-ee95-4d15-9e60-e646b4bd8e87,BEV-005,7,286.72
c93aa2a6-fef1-4135-a51d-5e70cfb79230,e6b3cef5-06ca-468e-8bc9-0859d7022ac1,BEV-001,10,58.68
e25f7e87-a8a0-4582-928f-00998ff27572,e6b3cef5-06ca-468e-8bc9-0859d7022ac1,JAF-002,10,338.07
060dde56-a1c7-447e-98ca-3985c7dd0eb9,63a44f79-2e11-4775-b2a3-0cc34e2e40e4,BEV-002,10,335.89
31990d93-d874-4423-b6dc-229ebd04af87,63a44f79-2e11-4775-b2a3-0cc34e2e40e4,JAF-004,1,678.04
8380cc68-9bab-4c75-add5-f57bff5826bd,d80760a0-0431-4e7f-a682-aebc4f36701f,BEV-002,3,354.11
69c213c7-a88f-4187-8761-6d1a7e27b070,fc432840-ab15-4b46-9b43-c0325bc441c5,BEV-005,3,851.15
e61717e6-4f6a-45b3-90e0-73a7f82d2b34,fc432840-ab15-4b46-9b43-c0325bc441c5,JAF-004,5,939.75
05ef2be1-d035-4e61-b2ea-435f3d1cb5cb,4408517f-495b-4972-a861-5ba754634daa,BEV-004,8,466.11
98769c8e-30e0-41b5-8a6c-7659598d5a65,bc122786-76b6-4c26-bc01-9b19cf2806f1,BEV-001,7,173.1
e6112199-4e94-46b0-8bc5-b0fd9bdabde9,bc122786-76b6-4c26-bc01-9b19cf2806f1,JAF-003,8,534.67
e1a6d07d-8c63-49ad-b9f7-29cb45bd52be,bc122786-76b6-4c26-bc01-9b19cf2806f1,JAF-004,2,582.77
4b6aaab1-28b2-47d6-984f-6912fa7ff307,09e178ed-9532-4981-9674-d3a826b76d37,BEV-005,10,612.26
8927a79c-2107-4798-b672-3d27b358c56c,c1de6de8-fca9-406d-9326-6fe652b14d9b,BEV-001,8,726.52
a7c672be-5a74-4a6b-a93b-4f8c1355dd05,c1de6de8-fca9-406d-9326-6fe652b14d9b,BEV-005,6,649.31
350b74ac-19ff-4e27-b708-6c225ae1b999,8170df76-10a9-4a84-9bfb-81f0401a9cd9,BEV-003,6,904.43
e3c76f13-302b-46cb-86ac-b7645c77742a,f81fad8e-38b9-4ad2-9750-5138b22abec0,BEV-001,6,12.96
17780013-a9c7-4ed4-b1dd-5a39820138d2,f81fad8e-38b9-4ad2-9750-5138b22abec0,JAF-005,8,522.14
6dda2dd4-416c-45d4-9c65-154c4f52ee80,6e7ac57a-9059-461b-ace4-1c26c5ca0246,BEV-003,10,316.54
b9fac134-4405-4228-80ef-8e01452f40af,6e7ac57a-9059-461b-ace4-1c26c5ca0246,JAF-001,1,555.59
1e488d72-55d8-4b1b-8732-0e5fb59d9f3d,92b6c92e-d416-4a55-a274-bdc859ba48bf,BEV-004,10,907.3
69323f98-66c2-452d-82aa-2b586cb08f1f,b1dff31c-c882-4921-95d8-ae8abdecb947,BEV-001,4,748.07
13b3fbfc-cfef-4def-9f5e-995ff4e850e7,b1dff31c-c882-4921-95d8-ae8abdecb947,BEV-003,2,628.1
4cf8f858-561c-42eb-a2c2-42cba6606863,b1dff31c-c882-4921-95d8-ae8abdecb947,JAF-001,6,120.06
4b66b62a-da89-48c8-b3fd-948f0f0adda4,62f9f032-7ff9-469f-84f1-90f6cfc0b2a7,BEV-004,3,637.06
f4d86360-6f24-4d63-87f9-d42685df05a5,bd1d51aa-8611-47c0-8ea8-b67571448adb,BEV-004,4,711.42
2db2c2a4-0ecf-4083-aece-5805e5b267a6,bd1d51aa-8611-47c0-8ea8-b67571448adb,JAF-005,4,235.34
31226347-21b3-4a6f-86b0-bd8058a87556,86cfa12b-efe4-4e4a-a412-140b8dd0b3f1,BEV-005,4,491.53
a98bfc53-db1c-48bf-8c1c-976b0703e7d0,b66cb5cb-9ff8-49a7-bd98-8f5f40705d17,BEV-005,8,899.05
bfc0c924-b0c6-4a00-aff4-053fdb332bd6,dda62643-1dfe-444f-a93f-c1568d54d868,BEV-003,4,983.62
2ec6c33f-9efe-419d-ab38-18525c2deb42,47ee0464-62b1-4a6f-9f37-fbed16cb6449,BEV-002,9,552.15
02670a7d-2246-44e6-8766-2e6ede3b3d45,f818b240-48c2-40f8-bcd1-2028c293301d,BEV-001,9,599.3
418aeeb4-4c61-460e-8203-634ec33aef01,701b64af-10c6-4da6-be71-ca73e3b5d537,BEV-004,7,940.69
357c4673-ad87-41bb-85a5-b99889973ee3,701b64af-10c6-4da6-be71-ca73e3b5d537,JAF-005,1,509.47
d38f7e82-b93b-4432-84f4-0d6434d76abd,3cb51934-964f-4136-9a93-bc6623740496,BEV-001,8,121.42
25eb1120-1412-4d1f-b512-6ba6b95a3e66,b568d6b2-e8b3-4092-8641-2d3d298bb980,BEV-004,4,990.29
bb4a4d85-5cf1-49dd-ac5b-c87d324a4d42,0d7947e7-1b39-4679-af78-4d7323fa7c90,BEV-001,9,997.24
a7a8b47d-d164-49cc-932f-2e514a00ef5f,d7dceab5-8851-486b-83cc-3a488e0c0c3a,BEV-003,3,407.07
9c83bf8c-981f-46fb-bb60-c29f8e6d37f5,695c9696-2419-4729-a28b-4c7cffd3f8d1,BEV-002,1,772.1
f2f042cf-fcc5-4778-8b58-913535f6a0c1,4a3de085-fecc-4a4f-8ae5-2c4505c07dce,BEV-005,6,131.5
c7eb09db-d173-4988-a1eb-8eb44db04008,4a3de085-fecc-4a4f-8ae5-2c4505c07dce,JAF-004,4,166.38
b6c93f95-abe4-4bb2-bb2d-294263bc26dc,aef552c0-5de4-44b1-ab08-82339fcab2c1,BEV-005,2,52.55
bb88240b-a646-4a9a-99f2-68bb462ffa80,ac289a6b-b1d0-450a-86e2-5c52b1f4af5f,BEV-002,7,780.77
a281da2e-2af5-496d-9d58-589a55c5e629,dd818433-2592-436c-a110-1d44b3df2329,BEV-004,1,546.83
2223d832-72c6-4e7a-88f4-1cf446040b76,dd818433-2592-436c-a110-1d44b3df2329,BEV-002,9,937.38
a8e5c453-e7de-412f-8342-a8d19fe3209d,dd818433-2592-436c-a110-1d44b3df2329,BEV-005,6,637.11
d99ddbd3-32a0-4506-9413-b1b556d1e33e,30d8d297-fa5d-4a27-8a45-e4971ecd4688,BEV-004,3,274.71
0488075d-c356-4a8d-9732-f58eb402972b,3de8e2c8-0287-4006-8aae-d5612e27e42f,BEV-003,6,194.34
09e33a42-aeda-47c2-8007-f7f7ad67faeb,3de8e2c8-0287-4006-8aae-d5612e27e42f,JAF-004,8,247.75
093b2f26-e16e-462e-9f15-0d79134690fc,89e8beca-1099-4b18-b333-560151d50649,BEV-005,10,328.12
d1320a18-2fbd-4a28-9b2c-7607d21704e9,2b4fb1ec-fccd-4dc5-aa6a-2c92f7b47332,BEV-002,8,123.61
9f1e096b-341a-4b36-a41f-f7b04039cd96,8e68fcad-7c53-4ea4-a6ac-b81bd7609412,BEV-001,2,512.27
7ded96ac-d906-4ba3-a058-ddccb2918a66,8e68fcad-7c53-4ea4-a6ac-b81bd7609412,JAF-005,1,978.24
a88f01ca-a7df-4185-808d-f0893351aee4,05588018-db27-405a-88fb-87c28b7217ba,BEV-003,9,114.4
ca1f1040-7e8a-4277-b35b-9a0e4a521195,7438b166-0e62-4cc0-98c9-69660b5e84b4,BEV-004,9,687.88
267dfef6-daf0-4dbf-b4bc-bca37479828e,b0dc9459-49c8-4455-858d-d0befecc4bed,BEV-001,7,398.86
2961b70e-e518-4d3f-8399-fafc9e692760,4bac3917-1637-4f94-823b-c60688b626cb,BEV-003,3,881.55
fe9f425e-b5b2-4427-9de4-b8b95968f3e4,b3e4533f-6182-4cb4-b830-8dba1a9dbb93,BEV-003,2,362.23
7bb9ced5-c969-401c-a146-a9450cf6b156,03e4022d-663f-4afc-9d54-40c966990c5d,BEV-004,8,962.41
70319bc7-191a-48f5-bed7-d7817687f29f,03e4022d-663f-4afc-9d54-40c966990c5d,JAF-001,5,13.16
ad4ab1c7-a155-46c3-b153-cfe7972958a7,03e4022d-663f-4afc-9d54-40c966990c5d,JAF-001,1,276.49
ded01815-a2fc-4496-903e-68e9f3db6bb1,a346aa52-11c8-4ccd-98a1-9fa50aff4ae8,BEV-004,3,104.04
e18e777c-9d7c-4296-a8ef-e9f36b3c0b71,a346aa52-11c8-4ccd-98a1-9fa50aff4ae8,JAF-003,7,179.52
056efa74-d355-4f93-b217-c1107b22252b,5e2eee65-6eaa-4d61-9a10-a1d4c57a01b1,BEV-003,2,998.8
fc560614-41ac-4186-b711-bea2b673653b,04ab8448-ba83-4d26-8f48-dc316515ee23,BEV-002,4,994.31
ef30e50c-6700-4117-9474-646a74502968,4d21a12f-d19b-4e7e-a727-5b09bc9b6612,BEV-002,3,990.57
b5825d83-d7a7-443d-8717-e8b3f9e6f2c8,f59b56a6-b27d-44bf-af7f-70d863c027d0,BEV-005,5,39.73
5544edb7-c907-4b76-9889-83e2fe48f3f9,f59b56a6-b27d-44bf-af7f-70d863c027d0,BEV-001,5,424.69
3785fb72-c585-4c90-8f57-d0ef3060d928,38d878ea-3d91-477d-ae01-004e6c329f5d,BEV-001,7,974.03
37b9800b-a8b4-4d59-a7a7-e4d0e6a2cbbf,9c10bc87-48c9-4b72-b647-457f8e2d9913,BEV-001,1,741.0
d415c414-f577-47e7-8ab5-1292781756e1,adc89ec5-b11e-4c27-9210-f1fbb892bcc7,BEV-001,2,554.82
3caf2b1d-aa7e-48fe-a5ad-e808e80ecf3e,ad84a66c-1d4c-45e5-8929-def681710000,BEV-005,3,123.22
5eb553e9-4a12-4f5a-9d0f-4a4387c4b4bc,ad84a66c-1d4c-45e5-8929-def681710000,JAF-003,10,284.07
54e079e8-e0d0-44d6-88b4-3aaedae21ef3,678b3817-e3bc-43b3-9797-207124ee4cdb,BEV-005,3,20.73
9dc37eed-bf53-4a5c-95f0-da29edc1d746,678b3817-e3bc-43b3-9797-207124ee4cdb,JAF-004,3,555.18
3838ce89-1c8f-4190-adbf-a8252721d0a6,6a1d3165-b2a6-46ce-98aa-6071ddbbd115,BEV-002,9,74.03
000de29b-2414-43c5-a874-cfa0b10bea00,6a1d3165-b2a6-46ce-98aa-6071ddbbd115,JAF-002,2,525.25
f5f91115-3d2f-4321-85c8-49c4a29c5a29,ca25f6ab-f879-4df7-b2c0-179fac9c71f7,JAF-005,10,396.25
50c6a5ac-fcae-4d03-82e2-c719df23db3b,ca25f6ab-f879-4df7-b2c0-179fac9c71f7,JAF-004,2,822.68
57d000af-ca06-4e11-a1ea-2e3af469b6ba,ca25f6ab-f879-4df7-b2c0-179fac9c71f7,JAF-001,4,720.42
40f97655-c38c-4df2-a4d1-21210339c0cf,27ae1dc0-4a64-4d24-b6c9-e6827a819e1e,BEV-004,7,455.38
a0b22925-682b-4475-a3cf-564b77a05a2e,fbead190-f91e-443a-89a9-adbc7cd2b332,BEV-004,7,348.94
395b1cc7-a44a-434a-a0c1-adfdc6cf731f,fbead190-f91e-443a-89a9-adbc7cd2b332,JAF-003,8,983.38
f053f8b8-0041-4459-a8d7-092bb2274cdc,2bc886d5-699e-4636-827f-076c58fbff83,BEV-001,3,654.22
2597ab03-4c69-4183-992b-aa549e267316,2bc886d5-699e-4636-827f-076c58fbff83,BEV-003,10,461.71
5a225c7d-5b91-49e2-94b1-55bb4379f3a5,8557183a-2309-433d-82b2-d6241804e4cb,BEV-004,2,166.83
9e5a90f8-8ce7-4a96-9ff5-9b4ae39695c8,e0acea22-3c1b-4961-9b0a-3bb9495c59dc,BEV-001,10,503.69
d4583a55-34b3-4a25-93d9-ca9946200110,f56e8c5c-5277-4096-8b4c-9ee2acae2463,BEV-002,3,460.09
e73c6bc8-7626-41bb-9575-bcd0c1e87a2a,3a3881a0-2614-4c0a-8d3c-892a84cdeae1,BEV-003,2,996.55
3e290bbe-b38b-4482-9d93-046e9efd25a3,487c9cce-521f-4b45-a3f2-97f550011460,BEV-002,4,604.39
9457c536-3485-4eb5-88e6-aceffd55291b,487c9cce-521f-4b45-a3f2-97f550011460,JAF-005,1,975.23
fa5f89cd-7d77-4dee-9e28-48d5f3b3c01a,ab725598-48a3-479a-9ccc-2bcbfd608fff,BEV-001,6,55.6
6c4ae71e-abb3-4929-912d-d8aeb1d269e1,52b1a743-b822-4395-95a6-13e1f8e72de5,BEV-004,10,498.18
535050d1-8790-497f-ba1b-c0d0f4f02426,5d47675f-9e53-4ad6-97af-8fc60b2ae343,BEV-001,5,836.44
d90d1c36-19e2-45d3-bdbf-59aebbfb0cff,5d47675f-9e53-4ad6-97af-8fc60b2ae343,JAF-002,2,910.39
f7d57b3f-8298-49ab-b521-2bb4ae997d80,7acc7c50-d66c-4284-89d8-2dcbbe093d41,BEV-003,1,513.55
a9790369-f2c1-4b39-a0f6-6c21a5c29978,e9d42e4a-3b7a-4af1-8081-989f0366c0cc,BEV-002,8,680.5
39f189af-4166-46d1-a048-17e4f1dfaf5f,85155e44-8256-4d18-ac66-3d4745a0cbcf,BEV-002,5,790.65
d8537b98-395c-4f2e-818c-ef3ff7138968,bbf44ce1-3c45-4fef-a1b5-1087bb6e0159,BEV-001,7,518.62
e545f648-94f4-40f2-acdd-46999d8bf775,bbf44ce1-3c45-4fef-a1b5-1087bb6e0159,JAF-002,2,661.6
00a8f88c-9bb6-428c-ad6a-f9e8a1a2c2b8,aef9174c-fbca-41bd-9f33-2a326fe0af47,BEV-005,8,999.33
d3984ecd-b00f-4185-9c58-1ec06e077d77,f76b16c9-759e-42f0-8612-e23461f10c39,BEV-001,9,904.4
e939a46f-c58f-4090-8ac2-4057031bd9bf,8a65a980-d4ec-443b-a6a2-3b62a7d95c07,BEV-001,1,330.23
712aeb3a-1257-4881-87f9-051f1dc5f418,3e7657e2-c0f7-42c4-9043-d78eda09fda8,BEV-005,8,788.87
c8c57f90-7b95-4d83-bf1b-a44878a3c8a4,f36876fb-fb81-4373-866d-6a90e17c2773,BEV-002,6,882.1
e4e010c2-37c7-40b8-9c1d-1c3001c19771,5121ad04-3722-49a9-bb0d-9219ee446dd3,BEV-004,7,99.9
112c2eb4-743b-4c20-b4ff-90662777aea3,5121ad04-3722-49a9-bb0d-9219ee446dd3,JAF-005,1,633.35
2a3afa9f-ff01-4242-bdff-e4f563a9ed99,04fc15c9-6c94-4687-9141-3c419ba113d7,BEV-001,2,77.54
9160553f-5c36-40f9-a176-7228ee5902ae,dfecefcf-1afe-440f-b2bf-2e99fdb4b68f,BEV-004,10,466.62
8f43b044-32da-4df8-9cae-de57974946a5,dfecefcf-1afe-440f-b2bf-2e99fdb4b68f,BEV-002,6,22.41
4d28a222-34c8-4000-b20e-7aef97bea79a,dfecefcf-1afe-440f-b2bf-2e99fdb4b68f,BEV-002,10,435.15
edc68b74-99e4-4075-9cbc-ac017a3f9c89,dfecefcf-1afe-440f-b2bf-2e99fdb4b68f,JAF-005,5,878.2
2eddaf66-83be-46c0-bd6b-fb5a069a4297,fd6da37b-6fb4-4e26-93dd-ce80069137d9,BEV-005,5,633.64
d90d8093-739a-4214-8e62-de45c17a40de,fd6da37b-6fb4-4e26-93dd-ce80069137d9,BEV-001,10,251.66
3e6890fe-e7a4-41d6-9cd1-1171acf0d7e6,1cb6ea18-6908-46d5-b018-1e1cdf285840,BEV-002,3,382.0
73c0ee24-70c1-43bc-aa63-747343866b67,7c53563d-a945-4cf8-9b6d-c453b25baafc,BEV-003,9,244.33
1bde6528-ada7-4634-bc53-5d72bad1cb2c,7c53563d-a945-4cf8-9b6d-c453b25baafc,JAF-003,4,870.95
c0c6c3cd-c2df-43c6-811c-f39e51a9b66e,7c53563d-a945-4cf8-9b6d-c453b25baafc,JAF-003,3,259.36
5c8a03a4-22bc-41a1-86a2-ba1f7c160288,84dd733a-071c-49fc-9234-501f1c0a7bfa,BEV-001,5,197.15
4830f211-849d-4f6e-8235-fdf16ed4994b,45172642-d881-474e-9573-c786c9c97ce8,BEV-001,9,85.34
06aa23a9-9a43-45f4-8c47-cf92503d8a72,7be9ebab-c229-4614-b107-c41d4284932d,JAF-002,4,586.68
1296a9ba-2632-4783-9403-9022bce2c2df,7be9ebab-c229-4614-b107-c41d4284932d,JAF-004,6,547.62
c6434979-827c-4683-8f88-5a6d5bcdb14b,7be9ebab-c229-4614-b107-c41d4284932d,JAF-003,4,811.47
43579040-e62e-4894-b653-5bb97bc53ed4,315ffb55-5112-4951-b52f-cd25f87af7b4,BEV-002,9,902.92
3b256b43-add4-4557-866a-c067e0337fe8,315ffb55-5112-4951-b52f-cd25f87af7b4,JAF-004,10,205.39
8756ed22-e4a2-4e0e-b7fa-16deaeacbbe9,92901e1b-0145-4dda-9f68-2aa3924e53f1,BEV-004,6,848.92
7124c575-1043-4fa7-bc78-cce324f110dd,ad7082c6-ecde-421d-bbe9-ccd009990b37,BEV-001,10,261.52
ffe281b3-b9b3-4296-95c0-eb673d750fb2,ad7082c6-ecde-421d-bbe9-ccd009990b37,JAF-004,7,768.35
9feb81da-0d23-495e-a7a8-5a91d024c1aa,af1afbd2-c59a-4ee5-91c7-add66ec1aee7,BEV-003,7,846.74
be31ff01-9eac-4bcb-92b8-cca7986d0fda,ab6da5ef-112f-4986-9f3f-0a4b3df8c4e9,BEV-005,1,575.95
b651f6bf-7180-4eec-a41c-bab49cd965ee,a9931aab-4d13-4f10-ad50-95f7ff26888e,BEV-002,5,378.73
522204ee-d254-499b-af83-9206aeef20e7,00edf086-1061-40fe-8ece-cd8ee4de6690,BEV-001,6,720.09
01f70b93-16a1-4927-bbdf-4ecd52e338a0,082ef38b-e849-4642-9334-f541eae66437,BEV-001,7,93.4
c289d4cb-9e36-48cf-96c0-d055e6cb6b21,e251af54-6781-4c36-8063-96030e343346,BEV-002,3,792.4
2c81c5f8-7a98-4ded-8695-7aade4e1380c,e251af54-6781-4c36-8063-96030e343346,JAF-005,6,284.33
90a793c5-7060-4604-87b2-6148dcde3a06,85ab45dc-92ee-4ab7-984f-84ce300051b0,BEV-003,3,371.54
63fecc63-9249-4f4b-8209-d10a9233345b,dd82f1c3-1cf6-4309-9e90-2ac5c194245a,BEV-002,2,240.9
6574e4a5-3bfc-4a42-9441-a1bc04506477,25e44ebc-0555-48f3-ae8c-9d581b100e0a,BEV-001,1,99.6
1c354cac-0d74-4c1d-bb72-377af82847b0,25e44ebc-0555-48f3-ae8c-9d581b100e0a,BEV-002,10,897.86
3f201845-017b-46a0-b667-d4acd90f257f,25e44ebc-0555-48f3-ae8c-9d581b100e0a,BEV-002,1,549.29
c5d5e8f7-be6a-4134-8b72-b00d53b6383f,25e44ebc-0555-48f3-ae8c-9d581b100e0a,JAF-003,1,839.77
517b2a7c-f6a9-479d-8092-d8aa079b571f,a568afd8-3c16-423a-8aa7-df6c32b6f5a8,BEV-003,5,719.01
72944c8a-baa5-42cd-8c6f-954cd03ba519,93cbc8cf-05c5-463f-adc6-02c3383ae0b6,BEV-004,10,972.14
3c2159c1-df4a-4740-b6ae-56c60dfe276e,8266e063-c96d-44bb-a67e-d34a1abcd5bf,BEV-004,1,183.85
5ef23bc8-feed-4089-aa6c-6b82a74e7469,8266e063-c96d-44bb-a67e-d34a1abcd5bf,JAF-004,6,244.67
8f31c0ab-0061-4f55-8650-b0744119f5b6,b9b5ccbd-51cf-47cf-8826-38d3e13fe25e,BEV-005,9,532.35
796aac14-84e1-4e4f-bac6-09266a60bc29,b2faccdd-1189-4645-8171-b8c5679c75fe,BEV-004,7,256.31
7c4b04f4-3c3e-4260-a94f-32e33a2f790d,67553c89-fb09-406b-8ff6-ad28c89c6b82,BEV-001,6,658.49
a48139bf-d989-4694-bf60-536b4ddfd2fb,4a248365-6d7b-4df9-ae46-39b4cf8a87b1,BEV-004,6,374.73
c3e60f5b-2a78-4d8d-a717-846be5084fde,745f8458-eeae-4595-9691-4b3cd6878487,BEV-005,9,396.26
b9657f5a-0afe-4dcb-a4d6-312a289a5504,745f8458-eeae-4595-9691-4b3cd6878487,BEV-003,5,722.31
3b8cdaae-1c92-4bb1-82d6-720888da4bbb,745f8458-eeae-4595-9691-4b3cd6878487,JAF-005,7,118.72
316012a0-326f-4707-86c7-6ebfeda03369,59731d73-87fe-46b9-9b7f-6713672eed89,BEV-001,7,665.84
de43feeb-6e9a-46b1-8f6a-ac0ea41c3f65,e7c49f4e-1f6b-4b37-ae00-d92584aecdb3,BEV-003,2,547.05
f25804d5-bf28-4357-930e-da8eccd9c09a,e8cf2e0d-0a2a-4737-bc19-019b2c86d2e8,BEV-005,5,667.14
ed02cb3d-0b26-408c-89eb-991bea7b5a2f,e8cf2e0d-0a2a-4737-bc19-019b2c86d2e8,JAF-001,10,219.85
47b9dd2d-0f59-4001-bbf0-953908f2d317,57faa22c-e9d0-4b9f-b945-4b18eac72b3a,BEV-001,3,573.92
41255d7f-38d7-4bc3-addc-1064771df4d4,8aca73ba-99b4-4b77-a443-9136425a9d4a,BEV-003,8,427.38
24f55d4a-1bab-4748-a5eb-9a0b0c4e8c58,8aca73ba-99b4-4b77-a443-9136425a9d4a,JAF-001,10,93.51
ade8271f-741d-49fb-b4f3-aec8f2b01e81,dc71bbcb-4f51-44f5-b7d0-9a299468b9f9,JAF-001,7,806.21
c6495ce2-7e6c-4124-ae75-b2fdf4d283b7,dc71bbcb-4f51-44f5-b7d0-9a299468b9f9,JAF-005,10,86.81
cd7f6b98-48c1-4c02-a4ec-6e6246cb6a83,fb1f6394-5f55-4f83-b378-8a439bd27030,BEV-002,4,708.45
f9bcadc0-5955-4fa6-a08c-2b40a379548d,fb1f6394-5f55-4f83-b378-8a439bd27030,BEV-003,9,496.07
75fa126d-3deb-4926-b289-b4ca14c9c8f9,fb1f6394-5f55-4f83-b378-8a439bd27030,JAF-005,8,251.54
81cb3cd6-32a2-466a-85e0-d17032a71c29,fb1f6394-5f55-4f83-b378-8a439bd27030,JAF-004,5,310.14
a8ec424d-0c07-4fa2-bae8-da80e81a0e44,72c6927b-44a4-48ab-94e8-1d3b7c11fe4a,BEV-002,9,302.69
53f561dc-29a7-4fd6-a6d0-5aa48b951c7b,8686fe08-bdd6-48d2-adbe-55035e8658b3,BEV-001,2,162.75
13a8a9cd-11f2-45de-a09b-4dba0d7793e7,831c0a8a-1ecb-40d1-a50c-6bffec904ec6,BEV-004,5,211.36
3ab563a0-40f2-4474-8929-6e0cef144d93,abbd9b84-27a6-48df-aaa2-13c6f68e9569,BEV-003,4,550.54
0c9b3f85-39e2-4a7e-b229-263eed19fd59,abbd9b84-27a6-48df-aaa2-13c6f68e9569,JAF-005,6,106.49
c3afc9a1-98bf-4d6d-9658-b6f52fbf0337,4bff64e8-fbdc-4838-9186-7d51d8f46d02,BEV-001,1,627.68
3b549eec-4158-4e5e-9ce9-43046495de21,e9ebd997-f5a1-4127-ae26-2644019afec7,BEV-002,1,43.36
1498ff67-8e08-4ae5-89a8-a373208be8cf,7499826e-e497-47b6-ab88-67f4b6a11558,BEV-002,9,297.52
99c54eb7-4bf7-4438-99e3-3ce2387d195b,aabffeda-4885-4570-a111-02b9199bbcbb,BEV-005,10,895.25
76279482-cebe-409e-b524-485c2ae9ee53,941d8b88-d5b7-47a8-a91f-cbd1605af40b,BEV-004,3,439.16
60fb0964-87f4-4889-88a7-0637d6191cda,0c0a26eb-4826-4aef-aecb-31ae12cdd96a,BEV-005,6,512.38
5ec1d5c3-c3c0-478f-bffb-f6a43b5f8bb1,63f84d6b-e887-44de-9de5-240742f6b349,BEV-001,10,288.21
e2805e29-abe1-4012-a3a8-a26c20645952,63f84d6b-e887-44de-9de5-240742f6b349,JAF-005,8,326.39
e68a17bf-3062-407a-b723-4cbfcd08aa02,5e2ea62e-ecf6-430a-9286-c3d19d8af152,BEV-002,7,642.05
cedd8caf-4d68-4934-af00-857c06036109,5e2ea62e-ecf6-430a-9286-c3d19d8af152,BEV-003,7,23.97
92d0c197-3398-43e5-9273-a06b46b7813d,ae61b906-57c7-4da0-9760-9c8db4eccf0d,BEV-001,8,848.46
448850f1-3529-4c1e-8495-94bd7f917efe,73e86e05-96c8-4821-809d-6ad7b216b123,BEV-001,4,806.29
d6f1fa5e-8df2-48c9-9ef8-61b96ee2e7d2,d9994a35-5736-4179-b068-b03ba65bce84,BEV-005,2,958.2
69472a3d-214b-4c67-869c-9bb77511db96,074d276d-1d8f-4ed5-860a-7f22349f4f5b,JAF-005,2,902.49
3a6109e3-6136-47d2-bb01-7f6b5437f369,074d276d-1d8f-4ed5-860a-7f22349f4f5b,JAF-004,2,633.91
57b7edfe-5d69-4ab6-86af-92c56ddaddcc,6d9e0090-4dfc-4b49-a322-45121c408813,BEV-003,4,879.14
4d3d3632-d592-4de0-95a8-8829dca9a624,3bb847da-10fa-46e5-af9f-b0aac8d51639,BEV-002,6,735.47
ba6f84bb-92a5-49ca-991e-543651d30f05,8840f86c-6da9-4847-a9e7-158b0b913cf1,BEV-005,1,133.14
dba7de28-5fb7-47a0-a9d8-d842ab3209df,00aea00e-7de1-46fd-b4e2-5f6d61cc7bb7,BEV-001,3,185.67
4e20052a-75a0-4895-893e-602f9127d996,e2b82321-8814-408a-ab85-ab71c34cd716,BEV-003,1,338.79
a98315cd-3b69-4a3f-9f3b-49e82b7f51bf,11324c20-16ae-484a-9a78-757e8710eb1b,BEV-004,3,393.81
32681490-4d87-4a40-86be-67f4a4465e6e,50a19401-5f4c-4547-87d4-42a530f20446,BEV-005,1,10.63
cfc38f74-63ce-4230-bd94-621363b5b294,67fb64f7-8497-4e3e-82f0-5afa570dcdfd,BEV-004,7,101.8
e899b171-4a9b-4a61-a208-3bca5adcc380,3b8db1fe-7895-41f1-8b6a-65ff428cb61f,BEV-003,9,724.12
a104b1c0-e08c-416e-9e73-51e7715e29ee,4aadb4c8-fecd-4431-af43-67df781d6280,BEV-005,1,242.06
fa963b8e-aa3f-41c0-9574-c0540b7936f8,4aadb4c8-fecd-4431-af43-67df781d6280,JAF-003,10,48.82
d1b9e4d1-8297-49d4-b546-455ea5cc2801,8079d75b-454c-4f31-8453-51b80e56cdeb,BEV-001,3,158.68
5793a539-e6a2-46e1-a260-1fc78690c3cf,a8f2ebae-36fb-45d7-ba09-90a7f28a2a46,BEV-002,1,46.48
88ce20f8-d076-453e-91c2-dac60ef42dba,c578faa6-25a6-4355-8ee9-39d2f15dd9a9,BEV-002,5,421.89
4fa51b91-34ca-4b1c-acfe-75592026f38c,c578faa6-25a6-4355-8ee9-39d2f15dd9a9,BEV-003,3,326.04
2a2f801b-3ff3-4633-9a4c-dfbb5cd09cf6,87f326d7-0a53-4a70-a9a8-65b690e46ab7,BEV-001,2,30.07
38b564ae-02af-4400-9b3f-f68f57449d45,32f1cf23-1c7e-4c2f-a750-fde8261e2e7e,BEV-002,6,267.58
f0672ece-c1e2-4a88-94d0-c8f41c5c8e06,e87a28c2-5a8d-4c3e-a99b-1b4d3f5bdf5e,BEV-003,9,199.22
587ac6e9-3b34-4390-8267-736ef7202098,e87a28c2-5a8d-4c3e-a99b-1b4d3f5bdf5e,BEV-002,9,20.92
bc67d7e5-f07a-408f-bbb5-8cd17e102be9,e87a28c2-5a8d-4c3e-a99b-1b4d3f5bdf5e,JAF-005,9,655.32
5068b987-8dc8-4ad0-ab82-f33ff9791820,d70ca3bb-812d-4678-b802-8f2a111b890a,BEV-004,10,551.9
f633868b-ee30-4b6b-b0cf-7d38a8b63a46,2972748c-c2c1-4d8d-9368-52f633b75349,BEV-005,3,188.0
86203142-d8b1-4d67-bf1f-7f1e44a6c1c3,bfaa4845-49a2-4f4c-b5b1-31e8d862f797,BEV-002,9,36.95
33aafd9d-d348-4a27-b57c-4da82b7b8b91,943f32fc-9184-4053-9b42-ae51589e3f5c,BEV-005,5,275.79
8f2db793-6bb3-4204-a967-c1e4642671ae,2c7ce502-c238-4157-81e4-8a9ecde166ea,BEV-004,8,690.9
c7c46103-d9f4-45e7-975c-480c8a2fca90,4877441c-a178-4532-8ee2-96eb4961be89,BEV-003,6,437.16
a7d17f9d-eb0d-43d9-bad2-2b3c76f747ec,7d0a1044-e0b9-4335-87f3-dbd4f31e0b05,BEV-002,8,544.99
fc337011-99fb-4b16-abf4-7c29a421fab2,7d0a1044-e0b9-4335-87f3-dbd4f31e0b05,BEV-002,4,438.08
0b8ad7a4-5c69-440f-880e-d7976512d920,7d0a1044-e0b9-4335-87f3-dbd4f31e0b05,JAF-004,4,200.54
d2c7398b-4b57-427b-b7b6-5199633add9d,d65244a5-40dd-4c5d-bf9c-b53cc6313102,BEV-003,3,696.63
1b2573a5-b275-4ed2-84f9-3de379a38103,0fc6531c-1c06-4860-8d57-a2acd2f236f5,BEV-005,7,850.95
3d56aea2-e4d2-4c96-a4bb-cc492a7e6856,04eddaa1-a648-411d-b2ae-e483da2c43db,BEV-004,2,837.11
21b615aa-a0e6-447f-987d-5984942016ed,7634ed7d-fcdb-433e-b431-f01614bb62df,BEV-002,10,156.55
550fc4fd-0018-460f-b09d-aa6a955ba8d4,13041a91-00a1-4a8e-95ae-b94f14120b0b,BEV-002,1,920.46
ad2a2c59-dcfd-44f2-aad9-fa6ec513a84e,4ed2a3c1-0127-4e89-be86-6091048353d6,BEV-001,1,596.05
3c034f4c-49ec-48ce-b391-237ac4141346,46c290ce-4c08-41b0-a90c-004a65a83821,BEV-005,8,131.02
ae8087b3-64e9-42a7-a00f-0b2f985b7534,46c290ce-4c08-41b0-a90c-004a65a83821,JAF-002,6,433.09
e98bf339-050b-4ae9-b0c8-cd9ae0b3802a,f47d56a4-7fe1-42e7-a9d0-e3f0228ff084,BEV-001,9,64.03
7b1cca85-d7fd-4962-816a-0e3d11a932c0,f21d66a3-e94c-4c68-bcae-fc503a9e3f60,BEV-002,5,667.21
f088b290-5935-4e61-b48d-e2e76f58a539,93a3900f-8931-4cb8-8d2d-0a89a9279576,BEV-002,3,907.07
0e5a419a-24c6-471e-ba3b-943554547af8,93a3900f-8931-4cb8-8d2d-0a89a9279576,JAF-005,7,721.82
288602e7-07da-4f28-8a4c-4f8b876db6ab,cf1aa953-aa9e-4416-bc9d-f2ab7b3a8eb9,BEV-003,7,145.73
e8c4fffe-3644-45ab-8bc4-d463a22e1e94,cf1aa953-aa9e-4416-bc9d-f2ab7b3a8eb9,BEV-002,5,554.87
7dd08abd-3a97-4065-a6d5-6718115f47de,cf1aa953-aa9e-4416-bc9d-f2ab7b3a8eb9,BEV-001,1,941.39
cd2acb3c-3d64-45ef-ae54-f81fceeb5052,cf1aa953-aa9e-4416-bc9d-f2ab7b3a8eb9,JAF-002,5,949.64
5327213a-1feb-42f2-a944-1343bc56e36f,cf1aa953-aa9e-4416-bc9d-f2ab7b3a8eb9,JAF-005,2,652.42
ed99288f-a3cb-40f3-ac0e-3d47ae0ebba6,eda2647c-8732-483e-988b-8afda63dfdf7,BEV-004,5,628.58
199aa817-3b19-4d6a-a610-5ce5a32425af,26b49985-382b-4c5f-80f9-df8b24ee589e,BEV-002,5,471.9
b14fd95e-b684-46bc-bdf3-b4062dfb81c1,1d0bc792-80ad-40e8-86a1-8f2194109fb7,BEV-003,8,255.36
32d83c7a-913d-4042-bab1-f8ff3fb6d3fb,1d0bc792-80ad-40e8-86a1-8f2194109fb7,JAF-002,3,83.06
88b3fb75-8aac-4fb0-8200-3858a06f1753,a95b32a0-0876-4ccf-8296-5194394823f6,BEV-005,1,559.93
aff3b8dd-44a5-499e-b61c-21e8cef2bcc4,d453cb1d-f27d-4031-b4e1-54fd1a1f7462,BEV-002,5,597.98
0ded0ee0-1608-444f-a9a3-a2de14ba0ecb,a29ad428-6e6d-44eb-be6f-9663ab07c425,BEV-003,2,177.42
c203722e-8659-4da7-8fa7-133fb0b0bd51,052cf428-5b74-4d53-b11b-26555dd64a56,BEV-004,3,41.34
12044473-3c7c-4188-aabf-d4fec7a1eeda,052cf428-5b74-4d53-b11b-26555dd64a56,BEV-004,10,884.26
91085b59-9595-4156-9cab-3f718cb25aa4,af3dfdb3-fe67-4e0b-8b95-34bc4a9014df,BEV-004,3,801.41
d276cc23-e52f-44af-9f80-cdc5d3c06605,8385cd26-fbfd-49ac-b164-7e6e1efb343c,BEV-002,1,200.45
eb68b1f4-cfd8-4405-aad2-a1ff3505fa3e,e2ef6c7b-9415-4f79-9e87-501bc76f2e55,BEV-001,10,880.61
ee1bd4e5-8ff6-4dde-bb96-95051efe59fd,84e0b832-955d-415d-bdf6-ef53f8079701,BEV-002,10,287.78
3ce2427f-338a-4d7b-9725-4d4bbef68407,0e9dd067-11b7-498e-a10b-c54ac02f89bb,BEV-002,3,114.42
072008fb-34a0-4c4c-91b7-65440fc53fb1,286807b4-a0e7-4d17-b95b-91b07dd674ca,BEV-002,1,961.39
317fbb86-f486-4ee4-8f1c-3397e17d615c,286807b4-a0e7-4d17-b95b-91b07dd674ca,JAF-001,6,596.59
f7a3405d-4279-4c25-a11c-9cc9f74eb7cb,14f76798-5e3c-4da7-82fe-50aee4f7c936,BEV-001,7,175.29
bbdd11f0-5854-41e3-ae72-2739117cc2d1,3a89745c-ea6b-47f0-b09f-291dfae1f47c,BEV-004,1,909.29
a675070c-cb7f-47f0-8d29-6579ef25560a,64129af2-450e-4149-b3ad-862a0d333261,BEV-004,9,668.51
1fa03b5d-be16-4918-a46b-329d198cb114,7c094694-719a-481a-bac7-38cdef4c3fbb,BEV-002,9,578.1
5cdbdb87-7e55-4348-88d9-d63673f2e2dc,7c094694-719a-481a-bac7-38cdef4c3fbb,BEV-001,7,531.29
997d6006-c816-4d18-98df-4f42d05bc795,69f3e63d-4bc4-4349-b6ae-03c71040e0dc,BEV-001,3,495.72
70f94bad-bc79-4475-afab-dc6077fb1043,53f8e634-23ca-4683-9403-882b0f4aceab,BEV-005,10,488.4
18dc74fb-71f5-46c6-884a-930860f8bad8,a0aa4ad8-af13-475a-a6d8-b9d8c07bc28a,BEV-001,6,565.96
4dcdc6fd-a998-4712-a5cb-28d75fad8a57,a0aa4ad8-af13-475a-a6d8-b9d8c07bc28a,JAF-004,7,343.33
d4c8f068-2852-4f57-b65c-34a0606e72c5,126cabdb-06c3-4e73-83c0-1999aacfd43d,BEV-002,2,499.49
ab345c95-20d8-4169-a1cd-9dd1ea51cdd4,452ad01f-e863-481f-81b4-367403dc4484,BEV-004,1,756.64
67cce836-3f60-4971-bf4f-b74c692d3124,ba96ec65-4cc0-488c-837f-9ed06543ce91,BEV-005,2,98.67
7b73abbe-0aaa-492a-af8b-6d31d4b74b84,ba96ec65-4cc0-488c-837f-9ed06543ce91,BEV-003,8,324.05
ee784b5c-b159-41ed-a244-1a340bcb9bf1,ba96ec65-4cc0-488c-837f-9ed06543ce91,JAF-004,4,999.27
5b2f0004-e16d-4fa6-9d06-ba0ea11c3dd5,ba96ec65-4cc0-488c-837f-9ed06543ce91,JAF-001,6,944.1
b1e55535-5789-47ea-a29e-261329ec291b,4d1a897f-1f36-4765-89c9-07a18cba2a8a,BEV-005,5,903.78
c193e4a5-1198-41f9-9ed2-d6f9073d18c8,67672c4d-34d2-4e53-84a9-f4a814710761,BEV-001,3,237.87
f89e4bdc-e814-4ca1-a6f1-e6cbd93c5e22,67672c4d-34d2-4e53-84a9-f4a814710761,JAF-001,8,478.87
993e7b0f-28af-4f0a-a1cc-0a090286f46e,b8ffc5fc-e737-4467-b028-de58e3e6640b,BEV-005,3,501.79
ff00f3ee-1d86-4f69-a755-a56f6863ca96,36519844-0386-4350-bb5d-7edb9c2bd2f7,BEV-004,8,688.57
c3202928-1264-480d-8c16-3c36aac30b27,133375c5-cc86-4a57-948a-8dda7f152a05,BEV-005,6,945.66
761d54db-85b9-47a7-93de-84dd69020334,ec862a09-87c4-43d9-86b4-a23d358f24a8,BEV-005,6,978.01
6ca3bb3e-0076-4a44-9ee6-151fd0aafd04,ec862a09-87c4-43d9-86b4-a23d358f24a8,BEV-004,8,15.18
67db0c65-3a17-48e2-909b-dbd5b931d711,b492b958-e61d-4fbf-a2f1-142c3b20075a,BEV-001,7,724.1
0e521133-699f-4a6b-b6c5-714d4835953e,b492b958-e61d-4fbf-a2f1-142c3b20075a,BEV-005,5,511.43
9f66c86d-0939-4289-8bfc-208230f01881,2ed319b2-b8b8-42c6-965d-96944540cadc,BEV-002,1,986.7
58a6c137-6474-453a-b3be-8bc614a99d33,418b4521-f4d3-4e31-88c6-2832c0e6ee73,BEV-001,3,531.59
502adbfa-e28a-4376-8b2c-aa8e7458a30f,dc74f8d5-be0e-44a1-8734-5988c47c7890,BEV-001,7,998.84
3d7d1409-045e-4d91-bc50-99ac8d7e5135,d23449df-b5d8-4afe-816f-19277bea34d6,BEV-002,6,753.85
fc4e2b55-00a2-4f33-a2d7-17e7f8d7871f,a9eea16e-5e0a-4bc8-9592-43cd4665a802,BEV-002,1,172.38
a83541ac-c9bd-483a-8fac-54c986434948,a9eea16e-5e0a-4bc8-9592-43cd4665a802,JAF-005,6,297.21
5da40873-07ca-4b04-9197-4396beb151b7,c41d2478-015e-47a2-85df-a7d5fdea473d,BEV-002,1,694.37
5e9da27a-e6be-46b0-b0f7-87ba601cd693,32d1ab87-6361-45e1-99ca-2221a3b3850a,BEV-001,7,143.85
415a9875-c9b6-40e3-8d1e-2a9a2f69d2f8,c95ba3d9-0678-4e1b-aa28-15a2009ef7f8,BEV-003,5,932.04
d1085870-d12f-4908-bd46-90aa7509445a,a05329b3-16e0-4ce0-838b-f494b0911b3e,BEV-004,8,651.95
af6ee451-b9df-4c45-9162-987af2b12b2a,a05329b3-16e0-4ce0-838b-f494b0911b3e,JAF-004,10,214.86
8d48235c-0e1d-4cc4-aef5-73e5cea746cc,0284749b-ac05-4a42-abbe-6d7a32756be0,BEV-001,4,232.32
abf4e7d2-548f-43e9-b7c4-234677e095c9,0284749b-ac05-4a42-abbe-6d7a32756be0,JAF-001,7,455.65
072bb7a9-1e1c-4a18-9bea-3df951e7a32d,1934bc74-e23e-4f72-9d18-d591309586e5,BEV-003,3,839.15
a53c752c-9bb6-404f-9118-5743a3267d6e,ed357d77-8762-410c-8875-ed2f8c045aa7,BEV-005,9,333.68
4ec624ab-1aaf-4c32-a015-86346827e47a,76588fc1-6428-47d8-8762-9284809be68a,BEV-003,9,734.44
dd3b7df0-5a33-4912-bec3-48f76f69f1af,29450481-208b-4a1e-b4d6-6f406d5d114a,BEV-002,2,735.72
00c3dd21-b1a4-4ae7-81c5-3ed3f29a955c,29450481-208b-4a1e-b4d6-6f406d5d114a,JAF-003,9,337.38
b49280ff-e07d-444d-b495-3d4c45792578,29e2f349-f534-44a9-bae0-b156b5ff3898,BEV-003,6,947.34
bbd1afd3-af87-453e-a394-0013a82b72a2,1ad0b7f4-b0de-41ae-aa9d-c49ccd5f9aa5,BEV-002,4,654.24
44020b85-f930-4981-a5ab-e2c2092cb151,1ad0b7f4-b0de-41ae-aa9d-c49ccd5f9aa5,BEV-003,5,585.95
c2f97bbd-bdf8-401a-a6d5-12c9cf91df6e,1ad0b7f4-b0de-41ae-aa9d-c49ccd5f9aa5,BEV-002,10,789.66
85c9d2a1-7299-4f7f-b27b-bd24cfb29a24,1ad0b7f4-b0de-41ae-aa9d-c49ccd5f9aa5,JAF-004,1,907.51
74a7991b-bdcc-4aee-b462-46358f53d5ee,3cb840e0-d7b1-4c56-999a-07c7ee257a9b,BEV-004,7,858.1
dccf3d03-b74a-4dd4-b42f-c4e225844412,b0167dfc-4c55-47e7-81fc-d6839e19a841,BEV-004,8,527.41
9c67266c-19b3-4e95-8609-7cff7e5344d6,b0167dfc-4c55-47e7-81fc-d6839e19a841,BEV-003,4,633.89
aeb59c85-26e3-4ff1-88ad-b52049adcefe,b0167dfc-4c55-47e7-81fc-d6839e19a841,JAF-004,4,335.59
974611ec-2fe5-4dc0-9b51-5a94ad361cd4,38ec65ea-e29f-4478-823d-251d7971425f,BEV-003,2,917.21
fb45614f-f32c-43e2-8981-8d7ea140dde6,ca4941cb-0fb3-4d27-bf80-99fc844b3e1b,BEV-003,8,434.21
ac2c4a33-b4fc-4a24-b3ed-fef8910a76d0,2cbdd6c8-c4a2-4024-81ce-ac9edbfcf73e,BEV-005,7,653.51
e7e4a308-a66a-4ba5-8164-d9252d7a0e51,5cd99059-b3d9-4902-9571-c831b9955114,BEV-005,3,627.02
97149e0d-8a32-4e28-b93f-b21624bf7329,5cd99059-b3d9-4902-9571-c831b9955114,JAF-004,3,337.71
41efc479-bc8e-4fd7-97cc-e0bd964658cb,7d57e039-b172-4d73-9ab2-3bef4ec9441e,BEV-003,8,116.79
bd10697e-076a-438a-8cfc-233cfa1efc59,35a05cdf-4808-4cf0-8ab8-31f8a1e077ad,BEV-005,2,508.75
fb5f0dbc-525b-45cc-9a04-b898e27cd823,82263296-f0dc-4353-986e-0e6ad43cec0e,BEV-004,8,719.95
450f743b-23c6-4d57-8be1-43e7c2998289,02fe3799-74ad-473d-958d-33dd1053c7e7,BEV-002,3,933.78
90e4f82d-4137-4b02-a14f-67f157a50ec0,53b85ae0-a4c4-40f8-a57e-7acb008e31d0,BEV-003,6,626.44
84558363-5101-43ba-a5fe-744dc4fbeba1,191e1e3d-e859-4d0d-88eb-e900b701843f,BEV-004,2,136.24
9d8ac8e3-fbac-42db-bec9-b689cac3536e,33a985ae-a865-4385-8294-02a48f9ccbcf,BEV-003,9,813.56
faa07e0f-256b-4c69-bfe2-70a2dfddebf9,33a985ae-a865-4385-8294-02a48f9ccbcf,JAF-003,2,478.66
d2115e0c-1825-4913-8f35-bb0f71ffcb7c,1975bae4-7cbe-4ce2-b00f-0ff49b780aac,BEV-003,8,492.19
e0c93884-27ee-4ad1-b50e-75de19332fee,37a47818-330d-446c-8da8-4250bd47692b,BEV-002,1,607.52
606172fa-1f4c-4827-b090-8fd26db7d48f,37a47818-330d-446c-8da8-4250bd47692b,BEV-005,6,291.3
727312d4-4cbb-4697-8dca-dbb4a5d1aaea,55ebf5cd-0551-4fa1-b0a9-8bfdc3609093,BEV-003,8,239.01
4eead0d5-62b0-48c9-92a4-0fe22ee28594,07f5a66c-7116-42f9-bc6e-9184c4ddf69b,BEV-003,7,400.78
21a00921-9703-4750-8f1d-1374e8bbe31c,c3a5f0c2-4ed7-4b7d-8014-90b217b8bde5,BEV-002,3,150.95
015d5fcd-f3e0-4450-9545-27e0ee0ffec8,cf532995-a6cc-42d8-9d32-6abe646258c3,BEV-004,7,620.45
51953759-b474-4c24-b7ad-4ae582e1283d,cf532995-a6cc-42d8-9d32-6abe646258c3,JAF-003,3,841.34
550093d4-d447-48ef-beac-8c20fd31730a,cf532995-a6cc-42d8-9d32-6abe646258c3,JAF-002,6,677.4
2561da0e-0989-42a8-be7f-1b84e9be6d99,ac45260c-594f-4f68-98d4-99db92402bce,BEV-001,1,494.04
cbd21f8a-3bae-4df6-8102-2803b5ebdeb2,c4b7cb88-1eb4-4005-ae80-95679d5c77f6,BEV-003,6,105.83
81994e0c-0b54-485c-896c-b45833e32a3f,8767a6ef-5cd0-4bbd-a032-eafa3e999f5d,BEV-001,7,405.12
cb48b09c-d6ad-490c-9362-fbbcdcc5ea28,8767a6ef-5cd0-4bbd-a032-eafa3e999f5d,JAF-004,9,904.9
6895760f-1e38-4673-8369-37d1c3c3e997,23759353-30a7-41dc-be47-290c7ff55a76,BEV-001,2,652.94
1ebab4e0-4a01-44ce-ae6c-2e1c9bb8544a,519fde91-5002-4dca-b9d5-ff3e82af4d14,BEV-002,8,156.26
0bcbdcaa-1605-48f6-a0b0-b6c763394a82,7eea3c26-66c7-4d3f-adaf-5eefdfc8b4bc,BEV-005,9,30.45
284bf8a5-d81e-4c61-b16e-e1284240d347,a86fa137-ad91-4030-95a5-0a5742ee7c31,BEV-004,3,534.79
0c31a802-5409-4e75-90bd-aa547e312b4d,1fe24665-68b7-4215-97bd-370511834795,BEV-005,8,632.77
fe42ecb8-5fbd-4cd8-853a-fbc2d3ed37c0,5f98d1c5-c5bc-4d31-912e-42f4543936e2,BEV-002,3,824.82
5e1a30e7-849d-4314-b7b6-48e8cd7be7bb,f9791e44-6df4-4a36-929f-86da36515dc7,BEV-002,7,288.68
c98fddad-6bb6-4e26-a414-1c4c5d089d5e,f9791e44-6df4-4a36-929f-86da36515dc7,BEV-003,6,210.37
23717051-c6c6-4d2d-b8b0-f885a1c2af1d,d5723d25-c962-4861-96c8-2d54ec4095cc,BEV-001,2,969.19
aaae57dc-f0f0-4c91-be2c-de1cf1748272,e14bbcb3-4c6d-4548-bcde-4af99787e5ad,BEV-001,6,194.79
2f8144d5-47e6-492c-8071-8880ea7b6004,6b96dce0-2d85-4867-8ae8-158843690823,BEV-002,1,932.25
6da00b61-6c58-4aad-b192-079765b7d0f6,6b96dce0-2d85-4867-8ae8-158843690823,JAF-005,5,507.39
7488deee-058f-49e8-a542-1b4d90673b9f,afb3742d-e1a0-45ae-8678-a1f26a7bc730,BEV-005,2,189.87
5bbe5b17-ad20-4ce9-8d12-8a5f2e4a7e17,1bf03e2a-d164-45a6-8a22-0621abbb941d,JAF-004,1,826.92
cc509cb5-d97d-4d99-b02d-c98ef8dfec7c,bb40a765-a3ee-490d-abae-fcf75e5e0519,BEV-004,9,30.87
8e084a67-e2a7-421e-90bb-320bd6903dad,7461956d-9403-4a02-8968-30e0bb13c77c,BEV-001,3,241.47
a1a420ef-c177-4db8-a93f-025849ce9d5e,382f770b-dbd6-4d12-a3c4-1e8d139fc67e,JAF-005,7,762.86
f95b8281-4693-452b-bfa5-a15482cec8fe,382f770b-dbd6-4d12-a3c4-1e8d139fc67e,JAF-004,4,152.91
900df270-d552-4f7b-9033-2ea624bde7f5,7c687eca-c821-4f16-9536-5aa6ad1c848d,BEV-002,8,141.11
0a4d0d3a-a321-4424-a98c-973da60ff68f,88ca2c72-ce4b-4b7b-a908-8776a2bb2bd1,BEV-005,6,778.64
619d86c4-9640-4079-8750-150fd7d1123a,ff48107b-9f36-4ae8-a51d-586171e94c85,BEV-001,4,953.68
ad26269f-610f-4dd4-8878-85792283e4e1,b5f60161-09f9-4be8-8e13-4a2aec55aa53,BEV-004,5,869.58
9153827b-2522-415b-8b99-82aa743ca87d,22ef8a4e-d32e-460b-8278-6a5b42056064,BEV-002,4,715.09
949cd83b-09b2-4dd0-9ecf-f475a66bf944,22ef8a4e-d32e-460b-8278-6a5b42056064,BEV-003,4,553.32
81fea956-b806-4104-915a-98ff4e007c18,22ef8a4e-d32e-460b-8278-6a5b42056064,BEV-005,4,789.51
6bfbaf17-e236-4fa6-b04a-46aedc110615,22ef8a4e-d32e-460b-8278-6a5b42056064,JAF-003,9,327.08
ed223721-eee3-4e15-9e9f-99f652ea4586,aebf1017-2729-4694-8ba3-ffc72722cd6a,BEV-004,4,851.86
f4484921-b60f-462b-8462-1a3b2395428f,aebf1017-2729-4694-8ba3-ffc72722cd6a,JAF-001,5,421.91
d454aa4f-df95-4a10-83c3-8b82c38e97a2,44cbee3a-590b-4c52-9ae4-be246ff1e3e6,BEV-004,8,291.14
4dc846f0-e7c4-4bdf-a129-f82d15fe4d0f,44cbee3a-590b-4c52-9ae4-be246ff1e3e6,JAF-002,1,145.76
f5c58eba-e436-4e84-a7d6-f8ced95616e5,eba55ab7-26d6-4199-bb99-9f0e35cd82cb,BEV-001,10,73.19
4898f8d7-3299-4d41-81a7-4ba0bd2c465e,707e9d3f-bbf3-437e-9f56-8e17734b3f5d,BEV-005,7,655.46
f221f05f-784c-4d59-a5ad-a0be21f9ff05,1e47311c-970f-42da-92ef-95f1b53eaedb,BEV-001,6,239.92
1db6c749-bbbd-47ce-970a-36101cf60986,22dddc7a-7e41-4d87-b888-93459d8abcdc,BEV-005,10,32.96
b288a6df-ff27-4a95-9625-413b59a675fa,989f13fb-9b1f-4a83-97bd-5153f2039f94,BEV-005,3,187.5
0e70b8c2-2ba5-4bdd-ac31-a790903a00f7,3d3e3375-2ecc-4166-8171-7ae6f1455905,BEV-005,1,360.86
740671b1-2332-47df-80b3-1162c89fb672,e2b017cd-d007-43ea-8c67-88945b2aca16,BEV-004,6,167.06
4469455b-e5b1-4307-b6c5-c9e1c150f4cb,aab5f0d2-82f7-41b0-8bf5-dde98d1cc2b0,BEV-004,3,603.2
61e5e957-e8ff-43be-8e0d-13e2107d062e,aab5f0d2-82f7-41b0-8bf5-dde98d1cc2b0,JAF-003,7,604.3
f70cd2f3-4725-4a7b-a748-08993aa08e65,aea20ecf-0493-48eb-a064-3fadbc2fd50e,BEV-001,9,296.68
e36984d8-b025-4a3d-b072-f2a02aa472d8,39c1949a-5b2a-4853-820c-41f5b5c05e71,BEV-004,1,340.87
1e8e195a-1f98-4da3-85d8-48c598c924ef,39c1949a-5b2a-4853-820c-41f5b5c05e71,BEV-005,7,612.9
aef43986-b445-4948-aeaf-8aebce8b5ad5,39c1949a-5b2a-4853-820c-41f5b5c05e71,BEV-002,1,33.09
12078ebc-76af-40be-95fa-94fd97ce7f67,50dce5fb-519e-4504-9c1b-8489e4a7c676,BEV-003,3,120.82
a3229a32-f411-4c83-b6e2-c4d08a13d5eb,d72d1e1b-f060-4109-a82c-0caa1e46393a,BEV-004,2,150.57
c5d9d7c9-f5ee-4081-bb85-02d9210d8e23,df7aedff-86fd-4d03-8b2b-7cf0486d1064,BEV-004,10,128.1
cd753ac8-92c6-4d2f-a5c6-dd33d8ca7939,b86c6365-2623-44c7-982d-4e2e8fe86e66,JAF-001,8,67.72
2767646d-92c4-437b-849b-6b489b09cb2e,b86c6365-2623-44c7-982d-4e2e8fe86e66,JAF-005,2,460.18
4965f8b0-d596-4a44-99ba-cc2d1d8c7c0b,b86c6365-2623-44c7-982d-4e2e8fe86e66,JAF-005,2,972.89
6c768b69-9910-4ff4-a1ed-f657814f2899,0e0d7284-40bd-4a54-8d30-4a4cbbbd6d73,BEV-003,10,186.86
d4832c5b-65cf-40de-ba0b-6caf9838529a,746cdb90-0fe2-4db5-bb92-f9829a1f7161,BEV-005,7,725.77
72377ca2-5920-4289-b5f9-78f7e122210e,864f0a1c-69ee-449a-846e-9813d2793f45,BEV-005,3,331.81
d0472a50-074b-4ebf-ac1c-73a876a3f620,e1591e0b-9f2b-4924-b02a-0804a8d617a8,BEV-005,4,98.81
44c790f4-2295-44e0-8243-7ed536e487ae,7028ee5e-02d0-4453-9f07-07db12a2d400,BEV-005,1,786.15
d6675c8d-5192-4b58-82a8-173a6a142fd1,3e642197-78d0-4596-84a8-ec53913ae442,BEV-004,10,656.46
1f8586f6-07d5-402b-a5be-6fa72b8301c8,3054031b-aa77-4a62-b6b7-6c61c62e983c,BEV-002,9,279.06
4f7e4b39-a61f-48ae-bebf-38eecf39fdf3,86f58467-4fee-4274-a94f-19d3cb39a175,BEV-001,4,759.74
9f3593dc-9d58-4a6f-890b-2aedbe29ba68,f89c2c82-1168-4686-8dee-d8c08a98dfcf,BEV-004,9,830.14
3452108e-0468-4420-b501-16bcd1156e97,91d1ee04-1c24-4051-89a2-c798f8fc0fb8,BEV-003,8,114.03
6e37d101-d412-4db3-a6e6-b9cd8add7d43,cc4e5428-ebd2-4510-9739-76de5fc2fbb4,JAF-002,4,732.95
6e28cccc-c177-4831-9449-d716e3a82834,cc4e5428-ebd2-4510-9739-76de5fc2fbb4,JAF-003,9,752.22
132fdd8f-b6cf-4295-9675-589c371aa3eb,57c37020-8db0-4dd7-868c-3a9ffaf6b6df,BEV-001,6,500.14
1f1dab8e-cb66-4abb-b9f3-481e603b6073,b33d009c-7aea-497b-98eb-6a3e37212e1c,BEV-001,4,608.04
483a5c33-8367-4e31-a738-a9e9e8e03116,91194062-563f-4f5b-8abb-972900142a98,BEV-003,10,312.41
7e466fa1-d9fd-4fac-9fea-777c8c1491a9,91194062-563f-4f5b-8abb-972900142a98,JAF-001,4,897.3
092cd4cf-de35-41ce-adb7-742b5a7ea3a4,1ecf1d09-cd53-4b78-aab6-caf11e6b25fa,BEV-003,4,849.91
7ab3ff7f-fb37-4df1-bf4a-fc46c9cb05cb,26b60011-8a0a-4bab-9c5e-c6afc47f5136,BEV-002,9,605.2
57f7e840-a643-4c95-8aa3-f6142eca00dd,05f07edf-ad53-4524-a932-f5cea2464ee9,BEV-002,5,572.65
d864a7b9-45ac-4dc6-bcdd-97585671d32e,05f07edf-ad53-4524-a932-f5cea2464ee9,BEV-001,5,433.91
1a7d9319-628d-4293-a646-2db6b02bf46f,a45b9078-7cd1-425c-b0ce-4ea59892c9b7,BEV-004,7,929.51
065c81b4-98b5-4494-b30d-40f7eef1e3fa,a45b9078-7cd1-425c-b0ce-4ea59892c9b7,JAF-004,5,354.51
c748636a-4a64-4c58-9c9c-5e30c87bc39e,a45b9078-7cd1-425c-b0ce-4ea59892c9b7,JAF-005,8,480.18
ee7fb6d0-1e29-47f4-a952-945011237da7,b75ce2a0-f26e-4f33-90bb-7d11a9251553,BEV-001,3,889.24
a570ffb4-2b3c-4cc3-84a0-49d1cdbeaa9d,72ac0024-77b7-485e-bb78-e69172c6e73b,BEV-001,1,857.2
ba6b956e-ecea-4531-83d3-7e2ae614ee1b,5c5392d0-4408-4fba-bb4a-2fc492611b29,BEV-005,7,431.76
bc86ee04-e4f9-4e9d-acce-0f9c4fcb60d2,7e67ccb4-24ce-4840-acad-fe11c7ccb149,BEV-005,8,669.52
a172973c-73e2-4f45-b50f-99bbd2fbccc0,7e67ccb4-24ce-4840-acad-fe11c7ccb149,JAF-003,4,508.88
19dfacd1-1fed-4953-b2e8-43d3f3bdd197,04bdc626-5bc0-4c48-b422-8139eaed442e,BEV-004,8,986.09
c949d796-2ef3-49d8-9d6a-b59f2ef9a372,c061d0ea-1437-48e1-a7cb-8b3163ffc6ad,BEV-004,1,596.08
e6b38d64-907b-4a22-8110-cacf67cdef15,4042f472-41f5-43c2-8be0-e8286f3807ad,BEV-001,4,705.96
e1c770b2-d62a-4a59-8ec3-402669767e40,4042f472-41f5-43c2-8be0-e8286f3807ad,JAF-004,6,77.38
5609d79b-9ba7-4728-86e0-b5987a6682f5,948c0024-0946-4f27-9a18-26dafad1a294,BEV-004,5,567.49
f7a76329-f45c-467e-aaa4-fbee5860984e,451be108-e248-4373-bad6-da37223cbf90,BEV-005,2,291.01
7edef28b-02e9-44c1-87d7-58af755b3190,451be108-e248-4373-bad6-da37223cbf90,BEV-002,9,341.68
7ac167cc-4e60-461b-9e3e-e2f604c56902,451be108-e248-4373-bad6-da37223cbf90,JAF-001,3,312.73
17254968-51a6-459a-9edb-f6a014b7ebd0,e276b654-3511-4d96-ae13-10953c42302a,JAF-001,6,702.76
36e7f055-e37b-4644-9598-0433612177d8,e276b654-3511-4d96-ae13-10953c42302a,JAF-003,5,679.62
235e88de-faf4-421e-9775-2bd59c5bd08c,8e45cab5-f36c-4336-a257-876b7ebd3a82,BEV-005,7,243.13
5b1abc44-7e88-4830-9d63-9a57d69d089a,8e45cab5-f36c-4336-a257-876b7ebd3a82,JAF-005,6,180.4
ac102938-a65b-4e2d-989d-cbdfb45251d1,172a82c7-d796-479d-9e76-9c9f190f44a3,BEV-003,6,812.54
d64f9874-a0d7-4f3e-a93e-3a901c220a86,696e54b0-a36e-48a2-91b8-b4df66bad034,BEV-003,7,393.36
87b28cb5-2d20-4503-8b52-da97c04a6a55,144f09b0-272d-4024-b16b-ea79f7106670,BEV-005,2,838.48
34bdc9d6-7b8e-46a9-b292-ccfe87c90be5,77b145eb-563a-4634-9145-f76514a5efc0,BEV-001,3,682.61
aea8c80c-174f-4478-8a85-35247061551a,65871f36-d385-4a28-8f6b-04ca8594f819,BEV-002,4,281.75
73e8d26e-e8e4-4f46-a0b1-a00af63245f1,65871f36-d385-4a28-8f6b-04ca8594f819,JAF-002,7,251.18
aa431d68-04fb-4306-b2f6-ed32e4672b76,fb3a6caa-a8fd-42b2-b4d5-49e4ee451cfb,BEV-002,8,207.24
3fe25343-2d5e-4240-9304-cfb98fefb04d,fb3a6caa-a8fd-42b2-b4d5-49e4ee451cfb,JAF-005,2,593.57
6a735b10-4ef0-480a-8e4e-2f651ec2dc57,85a85bb8-6246-4adf-99c8-cc7c256d6b03,BEV-001,5,370.79
97e73ece-a4e4-4354-aff6-92c208355afc,85a85bb8-6246-4adf-99c8-cc7c256d6b03,JAF-003,5,708.82
876213bd-60b4-487d-af6a-9822f1b73a5a,3cc168e3-c2c4-464d-870f-8b616e3da467,BEV-003,1,159.04
1ea8299a-164d-413b-8b7a-0422580029c7,2683ec49-6c44-4803-8111-6c1201e9555e,BEV-004,1,865.86
9af557a3-e9e7-4061-bf08-b9b4bd7d1c7e,7bfa319b-127f-4e32-8df2-c2f649b277d9,BEV-003,5,868.01
9c10358f-f1ba-4700-b8a7-30dea3d4610e,e41bd78d-caed-46de-9929-3687ed12be03,BEV-002,3,173.06
08cf6b0f-b1a7-4d85-8876-4bc6a8c4763c,9bcd716a-28af-4256-856f-9d21ee8a2133,BEV-003,4,445.85
8068185e-b20c-478f-be37-9304f3c68cf0,9bcd716a-28af-4256-856f-9d21ee8a2133,JAF-003,5,933.81
e94c0c8f-189c-4503-a655-1b3aabf64bd7,eb5f4a60-821c-4f9b-a104-4d14b8993b64,BEV-004,1,513.91
40351a39-be0c-4de6-aab3-0c6dc76804e8,7ee2d513-e374-4312-80bc-f45b22006fb6,BEV-002,2,468.28
40e02638-a3a6-47f1-9fa4-b0c3fe892aa2,306914e1-0f30-4339-93eb-d20bbc5656e9,BEV-002,7,689.36
9b153594-eba5-4b2e-9b3d-a928875149c7,5cc40d4d-5bec-4904-9ed1-8441a40803fe,BEV-004,7,393.36
a629e918-3974-417c-affc-e83e62267eee,5cc40d4d-5bec-4904-9ed1-8441a40803fe,BEV-001,3,737.54
3ef47c96-8fe6-4688-944c-805e0c8d7a26,c9621bd6-1811-411f-a549-683ad5154ae2,BEV-005,8,487.21
bf64dc3b-5a7d-4d09-9b67-91a6e5465c8b,c9621bd6-1811-411f-a549-683ad5154ae2,BEV-003,6,840.88
940cab30-be6d-4188-a6fc-ccaf4015ad50,7ce1ef6b-ec06-4372-aabf-929f02ba5496,BEV-005,5,371.67
9eff5c86-26e9-47f4-9e54-4fd0f0f3da85,e550cfdf-7e0f-444d-b5c6-7000d4803bd5,BEV-002,7,195.53
56b91b0b-698f-4b33-84de-c3b65f750d19,f8955d1e-2ba1-4a43-9f37-6564811c443e,BEV-003,8,32.8
0d34ca20-0a28-43c3-b324-dbd9a69fa124,f8955d1e-2ba1-4a43-9f37-6564811c443e,JAF-003,6,611.82
f73ce542-a21f-44d6-8fa9-d1d402b9ae5b,391983f1-7ce0-4647-896a-594151f0208d,BEV-001,6,789.9
ac463125-bac1-4092-9a08-7e3510cda3ae,391983f1-7ce0-4647-896a-594151f0208d,BEV-004,10,67.36
6ca404da-cd1c-4a77-bc5f-d35e6f9c9d1b,391983f1-7ce0-4647-896a-594151f0208d,JAF-004,9,628.38
5910b0de-7df5-45ee-bc59-7373c78f1d04,6a6e6099-f190-4975-9312-689d1b952f84,BEV-005,3,168.45
71c1a3dc-4269-493e-b525-6df3f4eb7ca2,6a6e6099-f190-4975-9312-689d1b952f84,JAF-001,5,320.55
8f86fddf-99f4-47d6-8cc6-8c2505b3c6db,6e5c9f30-4084-42b9-8787-84fd0af0ed42,BEV-002,5,388.4
d1266b65-8c4b-475b-9616-7aa5876e4143,2da9a589-b9a9-4c86-b9a6-99d8ff63cee1,BEV-002,8,210.31
0721800f-5520-4bf4-87e5-c612db81b7b4,f9e2fb1b-a37d-4793-81ea-af78ac6760a1,BEV-001,4,313.86
75fea851-d422-4a8e-9fc6-002d6e7a51cc,f9e2fb1b-a37d-4793-81ea-af78ac6760a1,BEV-005,6,389.27
94549ca5-0266-4301-a31d-3d2e15f6bbef,7c5cfae0-59db-4cc3-92d5-592e7b210efc,BEV-005,7,589.92
67fd02e7-c1f1-4323-bc59-5b0c3800880d,bf696ba2-39b5-4019-828d-c832ea8a4865,BEV-001,3,689.24
f16b3543-6bde-40de-af1b-ef88a9d30317,3085a755-856a-48ac-a452-1f27c1a52aa5,BEV-002,2,261.99
6e3394b1-a00d-402b-adc9-c55ca5ae4855,c969af6e-f6e6-4dd4-9035-0c217adabe04,BEV-003,4,32.04
67c12751-8a8d-4af7-8bbe-f015d0ca535c,ed93a8bc-7155-4962-8d19-d02507bcfdb5,BEV-003,3,527.12
0c3b729c-ac0d-41a6-8eb5-85a8f89be61c,b1cc0229-dcf1-41c1-9ed9-121c60c30d77,BEV-004,2,825.0
7e5c0c72-cc0f-4c4a-baf0-614034dc7bef,b1cc0229-dcf1-41c1-9ed9-121c60c30d77,BEV-005,5,333.61
9f03799b-b1b3-402b-89c8-7e6c93850c0c,b1cc0229-dcf1-41c1-9ed9-121c60c30d77,JAF-004,1,735.8
703ffc2a-1c91-40b6-8f77-3b2c6d7a4ef9,e86943d4-78a3-4ab4-a7b1-750d42ae5b7f,BEV-005,6,361.68
d3784993-6fb2-4724-af92-1fe89e46cb6e,22d72085-2dcb-4bad-a007-204fd3608e64,BEV-003,6,592.19
2e87ff20-6c53-4d86-a403-3676db6a93a2,937f38bf-a5c4-4240-9e7e-8d6144e97d65,BEV-002,8,616.65
9a8ffaae-65a4-4057-8291-d8d87556e321,2441727a-f0e6-4cb4-b777-b66e6260e933,BEV-003,7,596.09
4df8facb-ba47-41b4-b077-8f0c1bad411e,2586e497-3741-4c8f-a6ef-a5cc39e89ee1,BEV-002,1,699.75
3ec38542-528f-4d13-a5da-a76d0f309991,3095078b-32cc-49db-a402-ec890fec7b37,BEV-003,9,568.0
08b18cc1-4baf-4a5f-b778-8d74a5125fa6,3095078b-32cc-49db-a402-ec890fec7b37,JAF-005,10,628.74
e0405df1-7488-4873-80f4-d1f5a595e843,354cac8f-78b1-4976-b184-9226a731c42d,BEV-002,5,75.46
3c9603d3-fdcf-4a0a-91ab-b5cc4d9a3ca3,354cac8f-78b1-4976-b184-9226a731c42d,BEV-005,4,136.65
85ba89b9-a899-4138-b4ea-34c461075c56,e4442f5d-11a6-4a87-b364-28f0cb852f74,BEV-001,9,138.19
cb2b048b-d949-4acb-9b74-bf1c8a973547,d5b0a35c-d506-4876-a340-99695f453c80,BEV-003,10,323.88
60651c7b-60fc-4d4d-aeeb-98f8db575a51,f7c6ecde-7925-4738-b212-65190b100a52,BEV-003,8,318.17
27198540-5037-4d2e-bc54-872f3e188916,24e5eb93-10b0-4a74-8af0-f0e699aba0fa,BEV-001,9,54.74
db36bca3-44eb-42fd-85ad-91ba4d9a4366,85cd3b95-1258-4592-9f65-d5850635ad2b,BEV-001,9,404.59
c36c1730-afb4-4083-a7ae-a112934af4f5,09175ff7-239e-45b5-9816-fb43c6eb773d,BEV-001,2,66.83
e6e8a04e-4602-4f54-a14d-23de682b746e,09175ff7-239e-45b5-9816-fb43c6eb773d,JAF-001,3,276.28
54877f96-f2db-4c0f-affb-9e6e2c963034,7fdba6b0-e68d-4def-a629-d564dc2aa836,BEV-002,8,706.83
bcf4195b-539b-44dc-b428-b1995fcce0de,d26d5071-5b53-49da-ae0b-d820f42efad0,BEV-005,6,435.38
08689a38-1c54-4d8e-a5e8-e9647a6a3aeb,2e595104-dfa3-4222-a5c8-9588f5d10799,BEV-004,4,148.13
367c7543-f938-46b2-a1b1-3c36703ebe92,b0c80544-5f66-48fd-bb45-0ae3265b2771,BEV-005,1,508.89
1a030a3b-315b-4cad-a6ce-bea7cdfe5ddc,1508d3c6-e6a4-491a-9ec7-2882e7f262c0,BEV-003,2,229.58
20d9814e-0c60-4233-a7c3-4b56a24026ba,47ed7e6a-70bb-49cf-ab3e-06e901f1a878,BEV-001,5,225.72
a8826a10-cc73-42c5-bbd9-d718eb0e0236,d2f821ba-f934-4e79-88d3-92a9fc272816,BEV-001,1,86.64
7ac60fad-b5eb-4b0d-83e8-ae8bec34abca,a909228e-9f3f-4f52-92b7-6773f4cac208,BEV-002,1,283.5
9efbb8ba-aa48-465a-ba62-e495b766236d,6826ab26-09bf-42a4-87da-4160a1b119ea,BEV-004,3,473.16
d22f0fc2-f210-40ef-ae28-d2d475e497db,385e34ce-ea85-43a5-8eb5-cbbde83ab89b,BEV-003,8,367.42
d5b368c3-3cfe-4f4f-9a2e-93e1019872aa,fc14003e-0de8-4890-90ad-7bacc3c45b44,BEV-003,2,164.33
84f5a80d-1a44-43b0-9750-38ca31c932d0,e46e1cf7-2230-4424-887c-0f8848bff0df,BEV-003,2,668.42
3ee89786-d041-486b-85a4-29c892e06d26,5f16a3fc-7cfc-4a5a-81d2-f4529429ad34,BEV-002,1,306.05
1852262d-9df3-4dd2-a76d-e913fa212561,5f16a3fc-7cfc-4a5a-81d2-f4529429ad34,JAF-003,6,192.51
f0ec6470-e150-4642-987c-3956abd4c14b,bccf8889-2746-4b0a-b152-c2743b04eade,BEV-004,10,114.03
275f9725-5007-4bac-925d-cc764cd69950,c32b3fe5-627a-452f-ba49-d18b2573d2f5,BEV-005,9,547.26
22b91418-7964-4fa5-b257-396aba4db49e,67f900ee-f3a3-4b74-bd41-c46fc7eae42a,BEV-003,4,317.33
dccbde10-0958-4e62-b606-6983974f4726,f95ba7f1-1b16-4009-93f1-e8795fba4b9a,BEV-001,2,74.4
12b3140f-f7e3-43cb-a725-75fc0c4f4148,635aba35-ddc1-454e-a024-90c7a99fcb8a,BEV-001,10,112.38
0918e775-9c86-4d9d-af59-9365b40692f1,635aba35-ddc1-454e-a024-90c7a99fcb8a,JAF-003,3,732.25
def3e9f9-2222-46f6-874e-d0ad8528b38a,70656199-167a-4866-8e78-970ad51cc2cd,BEV-002,7,103.16
87de091f-c839-4fc1-b124-87f4bc25e532,ca819894-7ead-4bf5-9fee-0182956e8806,BEV-005,4,725.07
befe89a1-2c84-4d65-a290-3667fd182290,12c6eddc-4be4-4e03-88ce-693a73afd7cf,BEV-004,8,984.64
81d61b9c-9af2-414c-8987-e180126580e6,219acfd5-f7c2-44c3-8b04-e4830fc7eb85,BEV-002,3,528.52
d31a3600-af32-4439-b3d5-c38862756deb,8a447196-b99e-44f9-9ff6-014f51cb3aa0,BEV-004,2,216.53
f72cdde6-eeb5-49a1-96ec-95abbb6c865e,077928f6-1e1d-473d-9a4b-9df3fc8bf966,BEV-001,7,510.74
c5bd8364-a25b-45ad-a3d0-7b56fee99a7b,077928f6-1e1d-473d-9a4b-9df3fc8bf966,JAF-003,5,415.81
f425be71-1c6a-42c7-8844-78547b4f7005,9c223af3-d8f9-4d1e-84d4-9f78baf62fc6,JAF-003,4,963.9
a387fe9a-102b-4481-af59-4d39e244fc88,9c223af3-d8f9-4d1e-84d4-9f78baf62fc6,JAF-005,7,34.31
2e89bd81-8794-46ff-b231-312299c1d594,9c223af3-d8f9-4d1e-84d4-9f78baf62fc6,JAF-001,7,588.54
f0aefbdb-3340-45b1-9ce6-a6ee7b016009,6eaf0482-51a8-4678-8eaa-f831c6b14500,BEV-001,7,851.95
f0c60baa-db83-41d6-9cb2-905b00e95649,972917de-0e75-4b2e-ae8f-b5c89ec02c23,BEV-005,1,83.21
e0ad5a13-88d9-436c-b81c-1c99ea1ed72f,e67e6162-eb5a-4a65-8638-91b5d3b1da2b,BEV-001,5,818.37
ed734664-b471-4d81-9188-7eb7c8d4735c,062ba4ba-b36e-4198-a04c-a05a3e999a11,BEV-004,9,462.43
c33ee05f-cc28-4bdf-aee5-37f63d7c8c9f,062ba4ba-b36e-4198-a04c-a05a3e999a11,BEV-005,2,506.04
8669f059-5a51-47c8-bdf5-07f16809efa1,062ba4ba-b36e-4198-a04c-a05a3e999a11,BEV-002,8,206.28
5aa01c1c-6f6d-4a3a-9f47-68666db173b3,062ba4ba-b36e-4198-a04c-a05a3e999a11,JAF-001,6,807.93
02b6f805-cb27-4524-b530-154fabd58726,f3256883-b659-4224-9b96-3e64cce1e0af,JAF-001,1,328.69
e888c018-60b6-4a26-86a9-b9ccb0c9c548,f3256883-b659-4224-9b96-3e64cce1e0af,JAF-003,8,181.93
7e8dc7f2-db9f-4bf3-9935-d85d7e4a0452,142ff13e-8b4e-45eb-ad63-f350b60d248f,BEV-005,2,272.45
8afd1f49-6561-4a2f-b075-e87ea85a3e91,4899515e-7325-4197-ae4f-0e2ebdb5bfd4,BEV-005,6,165.55
3889a94c-7eae-4cf0-a78e-a9b67bf6a446,24b7056a-c1cb-4b3a-9b4e-04d2b3bc4f0c,BEV-004,2,433.14
1099940a-9700-4e26-9521-32aca17aa5ca,24b7056a-c1cb-4b3a-9b4e-04d2b3bc4f0c,BEV-001,8,625.79
7467b7a5-8cb1-49bc-9e6f-eeaa6019bb1e,24b7056a-c1cb-4b3a-9b4e-04d2b3bc4f0c,JAF-005,3,306.43
65187efd-6913-4fe7-8dc1-f26e2d75f227,24b7056a-c1cb-4b3a-9b4e-04d2b3bc4f0c,JAF-004,3,251.33
8c8d03fe-45a1-4495-95bc-966d0f1fc9f8,fdf1daed-2a07-4d66-b022-533bfc8dc453,BEV-002,9,298.33
43371832-36f1-4aa3-9fba-31e13d345b0c,8a1b6c5d-a899-4360-8a42-52a46b0a5ccb,BEV-001,5,910.2
7e579cc3-cb5d-44dd-95f3-313e921df121,8a1b6c5d-a899-4360-8a42-52a46b0a5ccb,JAF-004,6,812.07
4c0ab016-3839-4147-b36b-36aa819e4af5,0b90e533-3ee3-445f-b2b1-6355ac047f40,BEV-001,3,176.41
ee2e4618-ae24-4833-b113-8c684d83ba82,86a591c3-b4dd-4fa4-8f60-caf00c56ee0d,BEV-004,9,22.64
453ffd84-b050-4e95-a0bf-2e72fdb29f52,4a452f3e-6c70-4d28-ab5a-6f3f7744d46d,BEV-002,5,470.8
25b8cca8-a353-4189-9fb4-dbc73df470a2,19a32100-cf95-429d-9974-8b13719845bf,BEV-004,9,219.48
312a3817-08f7-4a80-8862-db0ce95c283e,19a32100-cf95-429d-9974-8b13719845bf,JAF-003,9,140.38
b86b1af4-69f9-4cef-ad74-d35e20f4e14f,c4357d68-2779-4ff1-b703-8ba91528d7e8,BEV-004,5,502.0
1bdb518b-f600-4294-a2a2-b5c7c627ae64,c4357d68-2779-4ff1-b703-8ba91528d7e8,JAF-004,10,422.21
0f43c125-6ac1-4886-a35b-ee0a5038a6e6,99b72f6d-e8fa-44b9-8e0b-a6690cf35411,BEV-001,10,23.43
8d5db74a-a4ed-41df-b052-a27bc2238b9c,6ed0ff64-c2a9-4113-8278-cf49399c1f35,BEV-002,9,362.13
06765adf-d95c-4eda-8ba2-aaec5d42a1a3,601617c5-c3ce-419c-99c3-5ac5ab2d5e11,BEV-004,3,461.65
76dddcb3-bad8-47bf-8d42-3652330fc29a,6fb0af67-0aea-42ea-b652-8273ddf289a8,BEV-004,7,828.51
051e16e2-ee33-4ab8-9ecb-d707cbde659d,16a6bc1f-d4d7-4f79-85b6-06e9ed85e85a,BEV-002,8,940.95
0e1d8d40-14a6-4961-9a1b-57dad900ba87,16a6bc1f-d4d7-4f79-85b6-06e9ed85e85a,BEV-002,8,640.63
5bddd0cf-b6b8-47ec-b0db-21f6ff333966,2ac54e9f-ef9b-4ee8-a4c8-41b257e48ff5,BEV-002,7,541.49
488c6f59-440b-40e0-8d97-b52aefa9e0aa,f117d486-4b7a-4e86-9997-167e776539e9,BEV-005,2,866.34
85425c76-6719-441d-9a98-92645981364b,f117d486-4b7a-4e86-9997-167e776539e9,JAF-002,8,128.71
02e2d855-4a46-44a9-8770-97086bb54807,f0ca22b4-442b-44e1-91fb-201dd4a9af0a,BEV-004,3,869.22
ef06b642-972a-4e0c-90e5-6ae316c02bba,06a77657-1774-4843-bd67-c1c63030d34e,BEV-005,10,156.13
9ddc7035-cb91-4c1c-8764-b45c3234dfef,06a77657-1774-4843-bd67-c1c63030d34e,BEV-003,4,419.75
bdb345cc-7e33-4afe-b11f-783fca0ae050,cf9ffb33-ba79-4b39-8972-2f1b2531f121,BEV-004,3,926.63
071ff3c1-cce3-467c-be5b-b3a600c5c5eb,24d4ed8d-af84-404a-8b87-469862ebd8cf,BEV-003,9,414.08
77f63e39-6a4e-4b9d-b8c9-d82e1c851903,ca231f81-3dcd-4b2e-8f0a-f1bae59c35d4,BEV-002,6,664.0
0c42542b-35b7-4449-8b6b-93c780db9e8d,a260cc94-af25-4d25-b4cf-023cdc5eb98d,BEV-001,4,108.81
a155d766-aff0-4d0f-a5ae-afe0a626e963,9e386b60-4c8c-43b8-8e91-a1c710130c7d,BEV-001,2,137.79
5391c80e-cb09-4fb8-93df-4d11cdd33d7d,9e386b60-4c8c-43b8-8e91-a1c710130c7d,JAF-003,7,614.22
f02c2804-aeba-4e02-bc1d-a0968c236f50,fe73436e-0a8c-461f-8261-d7ea2688f2d8,BEV-003,10,751.58
41ea26ab-e422-42ab-b702-63a64d8f1955,e0862a4d-7653-4f7c-aad3-546161ede0f5,BEV-001,5,397.79
c98e7b68-cebc-440d-8728-bbe4c1587b40,9b4a892a-29cf-45f3-8e42-7dcc1e889343,BEV-005,10,463.05
173927d2-778f-4e52-a774-04e0989c7f2a,37be8a22-8a58-4071-83c4-436961ccf78b,BEV-001,2,594.13
4794be01-f5a2-4954-b5ca-a8e72773ce92,b88c186d-ba84-476e-a762-bcafdd6540f0,BEV-003,8,318.08
1ff292f6-95a8-4e2b-8993-e62e0639c1d9,f4cc0900-b1e6-4e2c-a663-78a28948f061,BEV-004,3,939.19
90462856-8167-4a54-bd16-0c1b2f92e1eb,f4cc0900-b1e6-4e2c-a663-78a28948f061,BEV-004,9,492.18
60af5b0f-4849-412d-acfc-64af64126dbd,f4cc0900-b1e6-4e2c-a663-78a28948f061,JAF-005,4,511.55
865ed38c-5871-44c8-8c3e-cea4709ff868,f4cc0900-b1e6-4e2c-a663-78a28948f061,JAF-002,7,522.22
8dfa95e6-1f07-4f2f-a441-f746d663ba7e,f4cc0900-b1e6-4e2c-a663-78a28948f061,JAF-002,4,487.73
a0c59cf3-428b-4070-90fd-d07e57a83da7,fa9ff0d9-8eff-4930-8b6b-9483b85a21e8,BEV-002,9,42.32
de3ec25d-e4a1-496f-90cc-7bcd5b31474e,fa9ff0d9-8eff-4930-8b6b-9483b85a21e8,JAF-004,4,395.22
2f282292-8ef7-4c0d-8387-1743128087d9,e9f81afb-fc71-4239-861e-f4269cd8cceb,BEV-002,7,96.83
a7e19b7f-5ee9-46fd-9e07-c3e7b0095799,61ca7b39-c74e-418b-955d-109955f04cc6,BEV-005,2,365.19
c6282484-4396-47a4-acff-8164e8f96095,ce138687-48ef-4bd8-8660-ad647d02f3a1,BEV-001,8,277.84
06ee8713-c30e-4d1e-87da-d375d14f21ab,b0b98ce7-1ba4-41b2-a834-b0f786830cb5,BEV-003,6,874.46
76a5fc77-eea3-4cc6-9f9e-39864e3b78b6,2ab1e0bb-621f-4d8a-b524-9e7f7d50a130,BEV-003,8,700.59
1ec59d78-d7cc-46c5-a4c1-4222bf4984af,2ab1e0bb-621f-4d8a-b524-9e7f7d50a130,BEV-002,4,736.71
5199472f-ac1b-4f73-a652-db0b4a7c9f37,2ab1e0bb-621f-4d8a-b524-9e7f7d50a130,JAF-003,9,524.14
0fa3475f-95d5-41dd-8554-060a37fd5aae,23522c10-d91f-42ee-876e-416bf6e2b537,JAF-001,5,778.17
c5c95b9a-4bc2-4186-bdc2-42801c97a970,23522c10-d91f-42ee-876e-416bf6e2b537,JAF-001,6,840.1
f2a5b610-f2f7-4f63-845e-5188e05b48ab,eae3856f-201d-4366-88da-9dba1d64feda,BEV-004,7,197.38
c3d55229-4a7c-4912-b1d9-ec5aff9d4489,0da7e219-a466-4be5-bc64-7aebda6b8c00,BEV-003,4,970.6
3c878ae9-7311-43ca-a596-8b76cbaa273c,aece49a5-0f4e-4bb1-844e-146a5a339a1e,BEV-005,8,77.15
326f7d84-6f9e-4279-b563-8965cc857ab2,c16c43cd-3b37-42ce-b9eb-ff0dec956f95,BEV-002,4,126.18
fdcb996a-4772-4dc2-ad58-6faffda9311a,c16c43cd-3b37-42ce-b9eb-ff0dec956f95,JAF-002,6,170.38
5111e29a-02fc-40e8-9aa9-e4200343b34b,c0fc09bb-d96f-48e0-8b4e-053d668ede1f,BEV-003,9,115.08
0c858556-1d3a-4805-a41d-d02102e9e55e,ab824321-27e0-4481-a051-1d2737fae7a0,BEV-002,9,802.13
dd77705a-8b9b-45e4-a929-d03d9f4a3529,d0867b71-2613-4203-9e5b-51b4fbda779f,BEV-002,6,950.29
8a5257ff-8e8e-4963-805a-bc964b52b5a8,bacf780a-bb92-407d-a42d-262ed29f7423,BEV-004,5,907.88
e2981dbf-5530-4fb8-a722-6c87f583483b,dbf22af3-f2db-4d60-8a15-c2e055f3e059,BEV-004,9,558.75
f420f5f8-c717-4d8c-b3a1-c19c11ed11ae,8b30cf8a-fcf0-4945-bf48-a43afd74e0ef,BEV-003,9,29.37
6dc563ff-803c-42de-b657-dd840759ad58,f37d114b-403b-4675-844b-6dfb6cb63027,BEV-005,4,697.46
7ab90878-422d-4499-95ca-706eee9eecd2,f37d114b-403b-4675-844b-6dfb6cb63027,BEV-004,2,344.68
61ca35bb-110f-4eca-a569-2aa8c35a6a3a,c4710ebd-aa33-4198-a26e-710c0c95306c,BEV-001,6,535.75
5a140643-5eb3-4a7e-9d47-c94d8573b9bf,c0501633-078f-480c-9aae-98874fad57c0,BEV-002,9,594.94
2c4656e6-073b-4181-a6f4-c73dfbceac23,912c5def-2a80-44d5-8f8a-306e0276e41c,BEV-004,10,160.26
d2ddbfb8-0044-44ce-856b-a894ef42fe89,912c5def-2a80-44d5-8f8a-306e0276e41c,JAF-005,10,836.74
1493446f-8e46-4145-a47b-0d9472e5bbf9,fb5275a0-2997-40f2-8139-6b399c35a628,BEV-001,5,163.71
66c3e9f9-2d03-41de-9c95-fa190a63780f,dbaf3a9c-1331-419b-90b0-a212d3e70a50,BEV-003,3,214.73
c2624094-ad28-4909-8ce7-a8938985887a,a29fc68d-35bb-4d00-af5e-63269ba32029,BEV-004,3,841.22
079d39f3-1a88-46ca-9c8a-66f98f5f85eb,7ae51b13-2418-4fdb-a3a6-b7926697e6ed,BEV-003,5,889.67
6629dfb6-d68e-4e4d-af93-6b81ac7698b2,c2a51ab6-36d2-474a-abea-74cb8bca3eb8,BEV-005,1,354.71
c72e5713-c380-4996-9ab5-2c80b098c6d9,3b5aa18c-808c-40e8-aef7-5ff165406334,BEV-003,10,151.44
fd7fe632-4e64-4c10-9287-f3bb489802c0,18cb58fb-f74f-4495-b29c-9f24a5ef0aa6,BEV-003,4,511.14
370d71f0-be5b-4863-bf9c-6dec9c98974a,cd99ad35-2ecb-4723-9669-2864d140630c,BEV-001,2,708.63
621368ba-e6e2-4d09-9d6b-920fb52d06c2,edb97a7b-7f11-4a21-be8a-ecd646af47b5,BEV-001,10,748.58
e7574b5d-f503-4666-8435-dcc7b2b9c3c8,ac9a2985-da15-4544-840f-d5fa30a87c86,BEV-005,8,331.3
3391c37e-dcc6-4d67-8f0f-6de52a1d291c,4c67bb87-b30e-4dc3-b822-836beb7563e3,BEV-004,3,68.23
309474ec-d72d-4ddf-8481-1ec06cc79411,4c67bb87-b30e-4dc3-b822-836beb7563e3,BEV-003,10,30.33
0484952b-cd4e-4895-bda2-7dc89e16ad36,4c67bb87-b30e-4dc3-b822-836beb7563e3,BEV-005,1,141.03
af049784-9fb9-4b24-a30e-e66406a49770,2b32d48d-d68a-4410-bf9e-42012df0641e,BEV-003,10,968.71
44cf5129-21d5-4b1f-bda4-87a20875c4ee,f5573b19-e00e-40fb-9406-008e62f3f6b8,BEV-005,3,903.61
af9d5b51-b93b-49d8-a2f5-7f68d5813b70,c07d6408-39b1-4ad7-b3ba-e36b9b45f217,BEV-002,1,476.93
722f9ff8-44e7-422d-8716-33b3ffcf0b92,647f3fe9-83c0-46b6-be57-8f2e7a52ee8a,BEV-002,3,898.13
6e1445ba-148b-47b9-b0ec-8226fea89f48,a6e0b9ae-96e3-490e-9aa3-8632bc18d096,BEV-002,8,608.75
1cb24102-098b-4d9d-a2ff-f0cccf2085fc,1d31f50a-8e7b-471f-af70-b8dc2d633b1a,BEV-002,5,306.06
9a73f82c-f192-4994-beac-7f3456d73227,e201803f-3700-434e-a8f3-00ce8ff3d4a2,BEV-004,6,260.97
bd282b15-31e5-4a63-a61d-5b73546b6d67,e201803f-3700-434e-a8f3-00ce8ff3d4a2,JAF-003,1,328.35
1dbf3cca-8238-45a1-bfce-914ad75eee43,58c95969-8aeb-48b9-99f5-7ab1195a09cb,BEV-003,8,197.1
ee49498b-fa6a-4d13-9b76-59a853f91e1d,2704cb5c-507d-4d7f-897b-1d5367237aa2,BEV-005,9,18.55
4cb1f6b4-e1e7-47c0-86ae-3f1b2342ee90,451cd88f-af59-4911-ba83-46b48befae0f,BEV-001,8,85.97
b1678e38-a3ec-478b-8db7-f875ac501259,a47eb68b-3f94-4ab0-8424-b38e9e0fb74b,BEV-003,1,864.89
520eea10-347e-4102-a3a7-9df4c94e0d01,a47eb68b-3f94-4ab0-8424-b38e9e0fb74b,JAF-001,3,522.96
66f47297-af9b-4aed-ba08-9677c5fb5d01,9dd41429-8254-4d87-b093-174cb9fb9ef0,BEV-003,10,47.89
4ee7499f-41c4-4b69-b8b6-2205ca9c745e,ba99bafa-a5f1-4b3a-9595-0814863507fb,BEV-001,10,512.56
35d8687e-139e-476e-a46b-8c1be46933a7,79c54828-b080-47be-b1a4-c0d7a7cbd44a,BEV-003,7,19.02
896979ac-c4a1-42ef-b968-b100b185baeb,7ca9a2c4-7061-4cdb-b62e-442e43e56650,BEV-002,9,459.93
591470f4-5e9c-48d3-a2f9-0fa29eb5d40f,1ff4a561-63f7-4b38-b8c6-23f915a0dc26,BEV-005,6,32.47
3bb82ad1-d0cb-4d0c-b5a8-2b9cfcf55068,015bc479-bd6d-4855-bc15-68a135b0ae6e,BEV-005,6,114.3
7a8dd0ac-9a9a-4ac6-8171-4ccb8cb49acb,a5834d14-56d4-42ea-974f-b7999cf0050b,BEV-003,6,779.81
3093f00c-9f7a-4192-8cda-7e5462729939,bb3d9a73-4c03-41c0-be42-1cc5d6911f6d,BEV-001,2,772.11
0bdebb1e-919f-4635-bb4b-d9222ebf0276,aee53910-7bfd-4f49-a2d6-16ad45f9a26f,BEV-004,7,193.5
ceb967a0-0276-4b3e-8232-a1187a529e0f,60b09d2c-f723-4070-bd71-fd181eb2b66d,BEV-002,9,730.36
1ce4926f-3292-42fd-b953-3bc52807313a,60b09d2c-f723-4070-bd71-fd181eb2b66d,JAF-002,5,944.94
f9fbe1a5-3607-4d45-81e7-7bfebef042fd,4d572bf3-ec7e-478c-9ffc-7aec85448caa,BEV-002,8,174.11
ce03518d-bcfe-41aa-a423-88fa1c535d31,4d572bf3-ec7e-478c-9ffc-7aec85448caa,JAF-001,4,269.18
8581c447-446d-4c03-922c-3f69a9d61c9e,b6fdddfc-1f35-490f-867f-d15f91c6b52e,BEV-002,8,997.3
c15bbb17-680d-4a69-8093-d172ea5401f6,b6fdddfc-1f35-490f-867f-d15f91c6b52e,BEV-004,5,460.63
d28e00ec-da33-4aa2-8e4c-5fe4020c6fc6,b6fdddfc-1f35-490f-867f-d15f91c6b52e,JAF-001,8,962.37
b3ed9062-f03d-431b-aaad-a38ebf373438,b6fdddfc-1f35-490f-867f-d15f91c6b52e,JAF-005,3,686.22
df59c6e9-48e5-4d6a-bb4a-cb40aee75b98,b6fdddfc-1f35-490f-867f-d15f91c6b52e,JAF-001,4,884.6
5ec33f07-a276-45de-83bf-912ed276f721,db8eeb13-ff72-4ce4-88ef-09f3832f7554,BEV-001,10,486.27
341f74a0-4e20-4b00-9e32-dc612acfd899,26ee789f-07bb-42fe-9936-c15c4d79c5a9,BEV-005,5,76.2
df90e9d8-4792-49b0-9370-e2a58181ea44,26ee789f-07bb-42fe-9936-c15c4d79c5a9,JAF-001,3,422.23
052fe158-298e-4925-afaa-e149eb0d0f90,9fc49955-2ff3-4c14-adb4-1d0a8c317c0c,BEV-001,9,267.16
48ffc45b-dcea-4489-8ee5-f08345716af2,9fc49955-2ff3-4c14-adb4-1d0a8c317c0c,JAF-005,2,146.5
d0b2de74-2490-40c7-8b78-2ecda45c3c5b,0dd8e09f-468a-4bb3-926a-f6bce5476900,BEV-004,9,61.77
2215b737-1ac6-4efb-a83a-7f80968a5ada,8024a641-7030-4a75-8d76-051315000403,BEV-005,2,252.93
3cd4c655-afc8-49fb-8654-851b7f740be9,bdcc1782-dedd-4de2-980f-0f3bf5bf8036,BEV-002,8,510.46
743acc9d-af9e-4b03-af9c-e357eae2e7f2,9d2a9f8f-ad02-42a7-bef8-9bed7361d947,BEV-001,6,912.72
da1d2653-3db8-4d43-a4eb-6c1490817e36,9d2a9f8f-ad02-42a7-bef8-9bed7361d947,JAF-002,5,615.99
8a98451a-509b-4e61-9b34-bf91f43fd2fb,c07ea030-d84b-4c64-9684-b69bf339d9fb,BEV-005,10,359.66
4bd49da6-8316-49da-a394-64bae7b9ad4a,dc4a5864-916d-4ee2-85df-0e487a698fbc,BEV-003,3,228.92
319a6cfa-da5d-4b14-9633-2596e4382465,dc4a5864-916d-4ee2-85df-0e487a698fbc,BEV-002,5,821.48
b6e92d44-b74a-4030-93d8-6dbc9ad903c9,be41ca8c-65bd-4670-bb70-fc08e0c89a24,BEV-003,7,814.38
6c58302a-14b4-4fc1-b923-eb58ccd4586d,6d5ff3e2-449a-469f-be06-00db78c7ced5,BEV-003,4,191.57
779e1ea6-0e65-4d12-beb2-e1e3783a1f9c,d8fcb4f7-4c9a-43df-b985-21402664b1fb,BEV-002,7,169.94
314d1754-74df-48b0-9d6d-4d50500711e4,d8fcb4f7-4c9a-43df-b985-21402664b1fb,JAF-001,2,450.94
ded0e7b2-1d57-4a77-a81e-ff9e5dd00cb0,f3510380-314e-4558-90f6-548fbba1dca1,BEV-005,4,793.45
042203f0-70d0-4d31-8c16-94d194606c1e,38cbb43f-d2a7-4839-a98e-3d70355a40ad,BEV-004,2,642.66
9be862b7-b0be-4ec1-bbf4-a2a6bf0abfbc,38cbb43f-d2a7-4839-a98e-3d70355a40ad,JAF-002,7,20.11
32864a2b-bd97-4361-867a-c47121154423,d5edec2c-a0f9-4b43-9f95-126c619383d9,BEV-004,3,512.37
90349fe7-c131-4352-a2ce-48e0c9b81782,d5edec2c-a0f9-4b43-9f95-126c619383d9,BEV-001,1,761.74
6e3dcf12-6d52-498a-9a57-e2cf038b97ed,d5edec2c-a0f9-4b43-9f95-126c619383d9,JAF-005,8,524.3
95edd838-ab86-46d2-9b4f-51e6649bb8e9,d5edec2c-a0f9-4b43-9f95-126c619383d9,JAF-002,3,601.43
1f1e5386-4f87-4c2b-a26f-50737b613a2b,d5f1e72e-f86d-437a-96ea-e351b2630c3a,BEV-001,5,446.54
1fad475d-b97f-4a8c-97f5-e9efba5e7a23,eac00509-eefe-4fe6-85a8-1a5ba702530a,BEV-005,9,558.36
e809f1af-8121-4b66-887a-371d3969b5bf,31c442ba-df7f-4ddc-8210-da4812473a40,BEV-003,9,182.88
33f79325-4880-41b1-bd60-155a086679a8,31c442ba-df7f-4ddc-8210-da4812473a40,BEV-004,3,343.53
7c6ce7a0-8dcd-457d-88f1-e343d7692a8d,31c442ba-df7f-4ddc-8210-da4812473a40,JAF-005,9,455.72
6ee4ba8a-6d80-4f9d-9cfa-bf3e5777d5b9,31c442ba-df7f-4ddc-8210-da4812473a40,JAF-001,6,798.59
f411adf1-4242-4402-aaa3-99368afd010a,e67364b6-7a4c-41fc-bea4-8af1f501ba77,BEV-001,9,979.5
f50f2df7-ca7c-4752-9359-8f73ff19f36a,e67364b6-7a4c-41fc-bea4-8af1f501ba77,BEV-004,9,956.87
12cb623e-938a-44c4-a8ce-34bc83546eff,e67364b6-7a4c-41fc-bea4-8af1f501ba77,JAF-003,3,726.52
3299a2ef-dc56-470b-a431-3ba0b5ac4a4f,010dbbaa-6a7d-4f07-b4af-a350f68e49c5,BEV-005,2,416.24
d210f2a2-1032-40cb-a9ca-7471feada282,010dbbaa-6a7d-4f07-b4af-a350f68e49c5,JAF-005,8,797.33
baac746f-322e-48e8-a5bb-d871b1bb276b,c5f8e014-32d1-4ef8-97d9-ac25c59f885b,BEV-004,4,714.1
1d748a06-a809-462f-9595-2b47eb6693c9,c5f8e014-32d1-4ef8-97d9-ac25c59f885b,JAF-001,9,147.36
05c30ace-ef11-4565-96d1-ee91599a4459,48434620-9159-4e95-b2ea-0ca6e4447927,BEV-003,3,450.04
084b32be-ab37-41db-9300-ab5a49a628f5,fbaeb421-b656-4e20-a2c5-4bdb65b14074,BEV-004,3,843.69
1419d6a8-e7ee-4a9a-af91-e4f7cc927d2e,0310e255-72b4-43e3-b2bc-5d8e5890eae7,BEV-004,5,752.4
616caf1a-f3d2-42cb-a4d4-f9cef395345d,0310e255-72b4-43e3-b2bc-5d8e5890eae7,JAF-003,8,176.1
9c43894d-07c4-4028-ba43-7b378fac7c0c,0310e255-72b4-43e3-b2bc-5d8e5890eae7,JAF-004,7,436.29
49194a12-1a50-4e71-a6de-fc4fe9660458,0310e255-72b4-43e3-b2bc-5d8e5890eae7,JAF-001,2,271.02
73c37032-c215-47ce-961f-af3d58cc5b6c,e0456ebc-a1e5-4d12-9654-925f4fcbb2e5,BEV-003,6,115.75
