ID,CUSTOMER,ORDERED_AT,STORE_ID,SUBTOTAL,TAX_PAID,ORDER_TOTAL
c1df1a62-4559-4f89-8479-b8945ceed62f,2ad8ff3c-388e-429b-9b1a-67286e82bd20,2022-05-12 07:49:00,7610d689-246f-467d-8d80-991c4eef401a,600,36,636
09475320-c205-4dab-a486-a7f02c8dfa0b,6b4f3f63-45e6-42ee-b5c4-ac03835a2d5f,2022-05-12 07:33:00,7610d689-246f-467d-8d80-991c4eef401a,600,36,636
355381f9-e886-4657-97c4-9573391ad2b0,3850daab-891a-45e9-a8de-8be8febc3137,2022-05-12 14:03:00,7610d689-246f-467d-8d80-991c4eef401a,500,30,530
ca3c6c9b-240c-4da9-b8eb-8476e969bc5d,d2b935a7-8a2d-491d-b848-a06732301e43,2022-05-12 10:36:00,7610d689-246f-467d-8d80-991c4eef401a,2300,138,2438
f959e2db-3116-4db1-87c2-5a9ac5bc5ede,879ff208-ac40-47d2-9c15-e475f635ccbe,2022-05-12 14:30:00,7610d689-246f-467d-8d80-991c4eef401a,600,36,636
0a655fcd-b51f-4c45-a0e1-88289d3cff88,24c316fc-ad16-45a1-9ef3-3da9d491b0e7,2022-05-12 07:03:00,7610d689-246f-467d-8d80-991c4eef401a,400,24,424
53de5f26-21d1-4a0e-ae4a-4402f547820c,7b1522dc-cd21-4c40-b81b-3532f5b9f3eb,2022-05-12 07:43:00,7610d689-246f-467d-8d80-991c4eef401a,500,30,530
8e03b189-7036-4af4-acfd-00a809ab90c4,344bf269-6f68-41c2-a6ff-a8f4eb6f6ca7,2022-05-12 10:10:00,7610d689-246f-467d-8d80-991c4eef401a,1100,65,1165
74165981-d5bd-47ba-91a1-86a9014001cd,839b9759-0a61-4c7d-872f-591848c1b431,2022-05-12 08:14:00,7610d689-246f-467d-8d80-991c4eef401a,400,24,424
f5d6c0fb-1cbc-4144-adae-1d296ec41532,78e869b8-1d23-4f38-b562-7cd5072dcd5a,2022-05-12 17:09:00,7610d689-246f-467d-8d80-991c4eef401a,1600,96,1696
860fde28-51cc-4c5b-8ade-0e295125c0d5,4bf534e1-0071-43eb-b3ba-cf7da176d8a6,2022-05-12 12:38:00,7610d689-246f-467d-8d80-991c4eef401a,1000,60,1060
7b205487-748c-46c3-b74a-3a4b1080caf2,3ee8e86e-7163-4316-8dfa-15db0098b81e,2022-05-12 14:54:00,7610d689-246f-467d-8d80-991c4eef401a,400,24,424
42a885d3-068d-4223-b8bb-16cb50a691d1,d96563d3-24d4-40e6-8f4e-a6c5f015d864,2022-05-12 07:54:00,7610d689-246f-467d-8d80-991c4eef401a,600,36,636
ac65949d-73d5-4621-9404-e170c01f6459,120ecf2b-f133-45a8-bab0-875cb5523df5,2022-05-12 12:35:00,7610d689-246f-467d-8d80-991c4eef401a,600,36,636
97c9ccd2-6af2-40d0-a8e6-7a9df7b762be,78d44e16-ddfd-4429-91bc-9208c7fb2fc8,2022-05-12 08:56:00,7610d689-246f-467d-8d80-991c4eef401a,600,36,636
d40bc55b-4639-4de8-8c22-3bc7209f7c09,eccd1acd-eac1-49d7-ad10-8883982cdf7d,2022-05-12 16:01:00,7610d689-246f-467d-8d80-991c4eef401a,1500,89,1589
8c347fbd-3201-4108-b781-8da3b56cf518,1e43ae86-f777-4ee7-b336-8e3bc60294ef,2022-05-12 17:18:00,7610d689-246f-467d-8d80-991c4eef401a,600,36,636
8e09f63c-6df7-4cd4-9902-371184b195fe,83f67506-7c12-4107-864a-918a35b4fcf9,2022-05-12 15:46:00,7610d689-246f-467d-8d80-991c4eef401a,400,24,424
16380ecb-11e7-4818-a404-35b8b164c121,c366eb7d-81d8-46f9-89d9-9d09186d8503,2022-05-12 07:24:00,7610d689-246f-467d-8d80-991c4eef401a,500,30,530
c03e02eb-3e07-4867-9fb2-cd8f94eb620d,d7e9c90f-0dde-41f1-9be4-09fbe640e794,2022-05-12 08:11:00,7610d689-246f-467d-8d80-991c4eef401a,600,36,636
6f6e34db-fec8-4a98-8f21-9234f60853bc,47a4b1a8-781d-40e8-bbb2-f769c2c6b5ca,2022-05-12 08:52:00,7610d689-246f-467d-8d80-991c4eef401a,600,36,636
5cc3f9e6-2d01-406c-98c4-cb490ec317d5,935ecf18-cf34-41be-be72-c814ef6ded61,2022-05-12 08:03:00,7610d689-246f-467d-8d80-991c4eef401a,500,30,530
b20ae9e5-36d4-42f7-8d2b-ea11ce7f5ee2,e4c63951-a231-404c-ad26-f4a492f3447f,2022-05-12 07:55:00,7610d689-246f-467d-8d80-991c4eef401a,600,36,636
f1e7d24a-c52d-4b72-95fd-723046d3e560,c1bbb819-8747-488a-a071-62209789dfd5,2022-05-12 15:50:00,7610d689-246f-467d-8d80-991c4eef401a,700,42,742
084868f0-a0e7-40ba-98be-963155aae213,4a15f8b9-7c0a-4643-b14d-5ec37ed6b186,2022-05-12 08:17:00,7610d689-246f-467d-8d80-991c4eef401a,600,36,636
ca5e51f2-bf99-4f17-bb63-cb47f8206fab,5248f2d8-0eb8-420f-9ea5-77ec82307b9b,2022-05-12 07:46:00,7610d689-246f-467d-8d80-991c4eef401a,700,42,742
f9cb3c6b-364a-4b72-b602-4d2c22721e62,fb56c2c7-1769-4c97-9197-2ffa8b82ea0e,2022-05-12 15:02:00,7610d689-246f-467d-8d80-991c4eef401a,1500,89,1589
acb24b11-6c14-48da-aba4-0e79fa6b2c2f,d656f95b-6c2e-4372-ab17-a3bbc93812c1,2022-05-12 08:12:00,7610d689-246f-467d-8d80-991c4eef401a,500,30,530
8fd23160-85ee-4c95-9041-8d5dcbc04d74,321d4178-6652-49bf-9663-4b6887811080,2022-05-12 16:34:00,7610d689-246f-467d-8d80-991c4eef401a,700,42,742
80e66c48-2705-49fe-b655-a717a49d2f4f,5e90dd7a-de2a-412d-88fc-7641dd8da9fd,2022-05-12 15:58:00,7610d689-246f-467d-8d80-991c4eef401a,700,42,742
9ecbde00-cb12-4225-b1e3-bf9a8c980789,315fd00b-6f86-43d0-97ec-4e56811af6a0,2022-05-12 14:32:00,7610d689-246f-467d-8d80-991c4eef401a,1500,89,1589
ea859a7f-d81f-4b9a-aaf3-1ca6dc250923,62626d20-2e67-4f1d-9386-1b0a5e25956c,2022-05-12 08:07:00,7610d689-246f-467d-8d80-991c4eef401a,400,24,424
1ed0444b-0fd4-4d81-98e7-1a6496cc35df,4799ec1e-d9b9-4322-9d76-9221b4bf723f,2022-05-12 15:55:00,7610d689-246f-467d-8d80-991c4eef401a,500,30,530
2c7cd0f3-0c01-43ed-a985-6679f5d5d416,971087ab-63dd-4337-bf42-188e6bc92ea8,2022-05-12 13:17:00,7610d689-246f-467d-8d80-991c4eef401a,600,36,636
64f0c3f8-1710-4edd-81a5-cba4e672c3d7,1ae36efc-f7b6-45de-8646-8775a98651b1,2022-05-12 14:58:00,7610d689-246f-467d-8d80-991c4eef401a,400,24,424
bbc3b00a-cf89-43a3-91b8-9aa542bd7a81,95ac520d-f0fc-435a-b0b4-2dcf6b90bd80,2022-05-12 08:28:00,7610d689-246f-467d-8d80-991c4eef401a,500,30,530
e8461279-ff9f-4c5a-9dfe-7aa2c50769a0,c9a69c9a-6aea-40eb-95b6-9605c84b1f5f,2022-05-12 15:02:00,7610d689-246f-467d-8d80-991c4eef401a,1300,78,1378
9fdd009f-29b5-4e88-9129-59c835369e2f,7b802864-fcee-410c-bdbf-7774ce4cfd97,2022-05-12 07:52:00,7610d689-246f-467d-8d80-991c4eef401a,700,42,742
69157fe9-4046-4262-91d3-89688f2bddb1,e821bf99-a819-4aa4-89e9-8b82a338484a,2022-05-12 15:36:00,7610d689-246f-467d-8d80-991c4eef401a,500,30,530
7f8a6d65-6e1c-4580-9320-a6813aeaac13,de57e4f7-4879-435d-a9e1-c9a1763d4961,2022-05-12 10:16:00,7610d689-246f-467d-8d80-991c4eef401a,500,30,530
cfa0222e-f4ea-4729-9f12-3a63ec4bd4be,aec16166-ed24-473e-a071-c5dc834ca0e4,2022-05-12 07:00:00,7610d689-246f-467d-8d80-991c4eef401a,500,30,530
5a1365ea-2859-4394-8a47-b3a8b323625e,c9832d9c-549d-4a87-b495-d09238d3bbed,2022-05-12 07:00:00,7610d689-246f-467d-8d80-991c4eef401a,600,36,636
0f4a6d03-cf43-4d18-8ee2-d0ee1e299b35,2f08d074-f43f-4139-b02d-87d7b52beb3a,2022-05-12 07:36:00,7610d689-246f-467d-8d80-991c4eef401a,400,24,424
3857a335-3d1e-4091-8caa-8d9b3d546727,0bdabea4-30de-4ef8-b11a-a4c8de37ebd9,2022-05-12 15:17:00,7610d689-246f-467d-8d80-991c4eef401a,600,36,636
ac573780-2287-4102-b074-389986e3a568,9a65f806-8121-4335-941d-d0326c2e4675,2022-05-12 07:40:00,7610d689-246f-467d-8d80-991c4eef401a,400,24,424
cd3d189d-ef57-4313-ab39-8e47aa2e9509,6995e59e-47cf-4387-a52d-ad45ca6a518d,2022-05-12 11:27:00,7610d689-246f-467d-8d80-991c4eef401a,1800,108,1908
fe7bb48f-a644-4a15-a61f-db3953e2b333,edad01ae-d0e3-498a-8dad-7210358c427c,2022-05-12 14:52:00,7610d689-246f-467d-8d80-991c4eef401a,700,42,742
b6105039-459f-4cb6-b4a3-55f244ad1aa3,31827348-11f6-4c64-ad78-71209fc9944b,2022-05-12 08:10:00,7610d689-246f-467d-8d80-991c4eef401a,400,24,424
c3986884-94f7-4b9a-bb93-faaca29c011a,dea739e8-98c1-4dbb-ba66-3b78d7f0e319,2022-05-12 16:11:00,7610d689-246f-467d-8d80-991c4eef401a,700,42,742
7ffc0dca-54f1-427d-ad16-8bd31471b8e3,36b01943-3c96-430b-be52-72d94f53799d,2022-05-12 08:32:00,7610d689-246f-467d-8d80-991c4eef401a,700,42,742
6e7eef71-588f-4cab-99af-96261af568f6,e4d2e9c5-4db3-42ca-92c6-33624a07b937,2022-05-12 16:13:00,7610d689-246f-467d-8d80-991c4eef401a,700,42,742
6a11253c-b505-4863-9330-b7377b9a9387,0d16939d-03a0-4dd0-bc65-3b4ccb36fe79,2022-05-12 08:26:00,7610d689-246f-467d-8d80-991c4eef401a,400,24,424
ac4b9701-ba1e-42ad-95ec-cb63aeef90b8,3a3c7ba2-c0e9-4f2e-a33b-25b75a89c624,2022-05-12 07:45:00,7610d689-246f-467d-8d80-991c4eef401a,400,24,424
a044882e-8bf8-435c-b5d2-a18992b891f3,d37b5f57-5b61-4029-91cd-831255b3587b,2022-05-12 08:47:00,7610d689-246f-467d-8d80-991c4eef401a,600,36,636
169b5216-2371-4d94-a235-2d396c15df49,ffef49f3-f8f1-4be9-88ff-df81293ec90a,2022-05-12 13:31:00,7610d689-246f-467d-8d80-991c4eef401a,0,0,0
9fa74bce-01f4-4c7e-abbc-998f5cf670b6,823dfb43-74fa-4fac-a977-99bcf899257e,2022-05-12 14:36:00,7610d689-246f-467d-8d80-991c4eef401a,2300,138,2438
213829ee-db91-4d86-8809-2675dc9b6d0e,e79b9228-3f3d-46b5-8374-fedb9dda3735,2022-05-12 17:51:00,7610d689-246f-467d-8d80-991c4eef401a,500,30,530
a71ce2cc-1470-439a-88b8-685a2bfbe0db,cc9d7a30-c27e-472f-ac48-8c5985c795f8,2022-05-12 13:20:00,7610d689-246f-467d-8d80-991c4eef401a,600,36,636
8cfcebe5-3030-452a-a2dc-572731b92a80,9ef64e35-2590-4115-9d1a-772a11e1b53d,2022-05-12 07:57:00,7610d689-246f-467d-8d80-991c4eef401a,700,42,742
d7951c2c-1325-40f2-a076-bd0154902d66,1c358914-4b9d-4776-a4b9-32a4bfd77df4,2022-05-12 13:05:00,7610d689-246f-467d-8d80-991c4eef401a,600,36,636
2037b5dd-a0ef-4612-a273-2ac0f309e46d,451da3da-7087-4d36-9ab1-436c9a4f095f,2022-05-12 14:56:00,7610d689-246f-467d-8d80-991c4eef401a,600,36,636
25dca6c5-6db4-4df7-acee-8e41ee826507,0e18fa04-ce72-4ff8-b56e-7f088e12c004,2022-05-12 07:15:00,7610d689-246f-467d-8d80-991c4eef401a,600,36,636
492aa0a4-5981-45e6-b093-d6dc8d6adaa7,fc6cf27c-b921-4bb5-a3f9-6d90446d79e5,2022-05-12 19:02:00,7610d689-246f-467d-8d80-991c4eef401a,500,30,530
df378a97-d7bb-4f1d-b08f-bc0da006acb9,57977a86-91ed-41b7-a3ce-5e7ede685b60,2022-05-12 08:06:00,7610d689-246f-467d-8d80-991c4eef401a,600,36,636
3696d4c8-0e74-4216-a29a-d3054e345341,79d9eb18-1591-4372-ad4d-893033109e57,2022-05-12 16:41:00,7610d689-246f-467d-8d80-991c4eef401a,700,42,742
ebd7fac0-1149-4fd8-86cc-2674ae998ded,f0a48cc6-0574-42fa-be95-4d97d8329d9d,2022-05-12 17:51:00,7610d689-246f-467d-8d80-991c4eef401a,700,42,742
6002ba3d-e893-4bd3-9167-24845533544a,b4fcea36-9cc0-4960-91a9-75c9a5a42d37,2022-05-12 16:48:00,7610d689-246f-467d-8d80-991c4eef401a,600,36,636
a074621b-43fd-4971-aa92-ce8dc9b0334f,a6d591f5-51c1-47bb-b6d6-99c8b86751d4,2022-05-12 07:27:00,7610d689-246f-467d-8d80-991c4eef401a,400,24,424
a561d984-de37-44f7-bcb5-b4d409ab645d,0b3c441f-c735-44c7-8074-4ea0037910ed,2022-05-12 07:28:00,7610d689-246f-467d-8d80-991c4eef401a,600,36,636
1e863fee-55ef-431f-9d5e-8f196a92bed8,3964d6e6-da15-4d05-bfc2-fc2846545d29,2022-05-12 13:02:00,7610d689-246f-467d-8d80-991c4eef401a,700,42,742
4d19cb40-cac6-4563-b8a0-084d49001a55,a2fe1103-58db-4c4a-bac9-3af97a20c6e0,2022-05-12 14:01:00,7610d689-246f-467d-8d80-991c4eef401a,2000,120,2120
0dbad03a-f395-44fd-b5f3-bc22dd6158ec,3edb5ca6-a87b-40f7-bd9d-fcebccd767f7,2022-05-12 10:21:00,7610d689-246f-467d-8d80-991c4eef401a,3000,179,3179
1dc42284-46d1-4bbe-8dc2-1445caf0327a,5d6db1ff-21b1-476e-b683-3f3658705c1b,2022-05-12 07:41:00,7610d689-246f-467d-8d80-991c4eef401a,600,36,636
0bb66a76-7e91-446f-9509-fecd20594cb0,18412373-d87e-4d56-8449-fdd7446eee92,2022-05-12 16:24:00,7610d689-246f-467d-8d80-991c4eef401a,1800,108,1908
ec0f9ef9-4421-4ad6-bae2-e0a3defa9259,9d540d3a-ba2a-4da2-b5b2-8596b612ef7b,2022-05-12 08:31:00,7610d689-246f-467d-8d80-991c4eef401a,600,36,636
ba3fd779-4639-4aac-a61d-3a2d955571a1,29d39df5-9d77-4930-8017-21db53ecf80d,2022-05-12 08:06:00,7610d689-246f-467d-8d80-991c4eef401a,1900,113,2013
d8d6a38c-a44a-49bf-97dd-f43ca86cf131,bddfbc57-6f52-4e22-a57a-6002563d154a,2022-05-12 08:35:00,7610d689-246f-467d-8d80-991c4eef401a,400,24,424
00b1865b-6cc0-4912-bba4-6b4379e80bba,b984ff09-e77c-4243-8b06-df73a4cfcab4,2022-05-12 10:59:00,7610d689-246f-467d-8d80-991c4eef401a,700,42,742
0209b8e7-bed4-4dd5-aeb6-4c7beb6ee76b,450a1c69-f98e-4b7e-801d-fd2a78341e96,2022-05-12 07:00:00,7610d689-246f-467d-8d80-991c4eef401a,400,24,424
b2f50040-967d-4d44-8cc1-bd5b8f00f07e,a4072cf8-44ed-4fba-a09c-52ea1253a626,2022-05-12 08:40:00,7610d689-246f-467d-8d80-991c4eef401a,500,30,530
14cd5ebc-bfe9-4582-a0eb-2ca14dad6455,3046aedf-67c1-44e7-ac56-440680327361,2022-05-12 07:36:00,7610d689-246f-467d-8d80-991c4eef401a,700,42,742
58743c93-8079-4218-9e9b-3f635b5a0094,3edf64a9-16d7-4c40-9f5b-330dc725a080,2022-05-12 11:20:00,7610d689-246f-467d-8d80-991c4eef401a,400,24,424
a2c12353-0395-425e-ad0a-090370e2d9c5,f61d0b9b-34aa-4b2d-8245-1b56c9c94307,2022-05-12 10:03:00,7610d689-246f-467d-8d80-991c4eef401a,1800,108,1908
70e1b247-37db-458a-a7c4-b0dc3f796c90,82f489f1-31c5-4763-91dd-3afd04165450,2022-05-12 16:19:00,7610d689-246f-467d-8d80-991c4eef401a,700,42,742
c342cb19-4a75-4937-98a7-bb66f42baafd,7b88c165-b4b5-49c8-8bc5-fc7f7f0f2578,2022-05-12 11:00:00,7610d689-246f-467d-8d80-991c4eef401a,1400,84,1484
3babe5b2-13fc-4e00-a384-61ce758ed99d,6b9b009b-216f-42fb-8b64-a596a810d02b,2022-05-12 14:57:00,7610d689-246f-467d-8d80-991c4eef401a,1900,113,2013
2716a8c1-69ae-44cb-9afd-6af94ff55412,94d0a0fe-75c6-43be-bb84-168e040bc6d5,2022-05-12 13:44:00,7610d689-246f-467d-8d80-991c4eef401a,400,24,424
aa77e4de-6a02-4ff6-a892-41d97ed8bdd4,23a97ea4-4910-41fc-b79e-db7367a51abe,2022-05-12 11:04:00,7610d689-246f-467d-8d80-991c4eef401a,500,30,530
0fa95ca4-a026-4281-97dc-df8cd0f61145,a6b53394-b08a-4498-b7c3-91454743d0a8,2022-05-12 14:29:00,7610d689-246f-467d-8d80-991c4eef401a,600,36,636
af1a9d27-41bb-4614-b95d-b8493df6ea5d,f808081a-9507-47e5-86cb-7bf828d9d4df,2022-05-12 07:30:00,7610d689-246f-467d-8d80-991c4eef401a,700,42,742
5717b06c-4f16-4f18-bc36-36b527cd4f04,0426d112-e55b-46b3-8cd6-e3a55e386eb0,2022-05-12 12:10:00,7610d689-246f-467d-8d80-991c4eef401a,600,36,636
a6d5e0bf-0fa1-418a-84a5-5f9e442e42ec,f5d008c2-6621-46ef-a6cd-0886f0fe7f96,2022-05-12 17:30:00,7610d689-246f-467d-8d80-991c4eef401a,1900,113,2013
a4ee8075-fb53-4d6f-aaf8-320898d3823f,5d511afd-b502-4192-baad-0548251e5e6d,2022-05-12 07:22:00,7610d689-246f-467d-8d80-991c4eef401a,400,24,424
27c5504f-f64d-45ba-a4b1-aab76269fc4a,4d4c7b21-8990-4720-990f-7746db61168d,2022-05-12 11:23:00,7610d689-246f-467d-8d80-991c4eef401a,500,30,530
ffd52032-ca7b-4ebd-8005-646edd35b523,f9841060-a614-481b-94ee-7dfe41607413,2022-05-12 09:05:00,7610d689-246f-467d-8d80-991c4eef401a,400,24,424
b66f7fbf-5980-4202-9225-7d64f157b2bd,c6bd6d54-a717-4955-a92b-b94a48db42dc,2022-05-12 07:56:00,7610d689-246f-467d-8d80-991c4eef401a,700,42,742
775edc98-fe63-4dc5-83ed-1b3f0436e02e,eb7d2aec-bc7d-4c51-a03b-eafee6cb1d8a,2022-05-12 07:15:00,7610d689-246f-467d-8d80-991c4eef401a,400,24,424
4fcc6510-3fa9-45e9-b9c3-80594e985d23,dc1554c4-7966-43d6-989b-d9371615ed70,2022-05-12 08:11:00,7610d689-246f-467d-8d80-991c4eef401a,700,42,742
29510f44-0014-4f60-89fb-2362f2c1973c,0d210a5d-5016-4929-b467-3c8c4ba1ae9d,2022-05-12 07:46:00,7610d689-246f-467d-8d80-991c4eef401a,500,30,530
87f3b523-fc0d-423c-90e4-6fe0c6c4a8d1,4387d265-a651-45ac-b32f-8dc31bff999a,2022-05-12 17:20:00,7610d689-246f-467d-8d80-991c4eef401a,700,42,742
a1116ab7-1a10-4041-9ce9-b0f7711f2a62,9db10769-95d8-4f4d-8c28-5aa3495a23f0,2022-05-12 14:44:00,7610d689-246f-467d-8d80-991c4eef401a,3900,234,4134
fee6a87a-8b93-4800-a2c7-fae166b40f49,026ceb52-c4fd-4803-bc22-2a3906fb6c46,2022-05-12 07:32:00,7610d689-246f-467d-8d80-991c4eef401a,400,24,424
60a3bb7d-2eef-40e1-82a1-9dfaa671be4b,c8bab90c-54a0-4996-b0b2-10caea8d5184,2022-05-12 08:03:00,7610d689-246f-467d-8d80-991c4eef401a,400,24,424
2eb50acb-62e4-40dd-9975-2b05f0a5bb32,766271ed-188f-4288-b9f4-5a3f1a22c810,2022-05-12 15:41:00,7610d689-246f-467d-8d80-991c4eef401a,600,36,636
bd47223b-8094-4d68-bc50-6537ef9c52d4,adb75b1e-ebd5-4fb8-9ea1-91af9f74330d,2022-05-12 08:12:00,7610d689-246f-467d-8d80-991c4eef401a,700,42,742
1f490e6c-195c-4695-b7b5-78dd21342ceb,7523436b-bfe8-439b-8ba3-a6ea6c2c274c,2022-05-12 09:59:00,7610d689-246f-467d-8d80-991c4eef401a,1600,96,1696
bfb262aa-72d5-42f9-b44e-606d400bf943,7246a425-986b-4cc7-9db5-e2a4f0f36b37,2022-05-12 13:57:00,7610d689-246f-467d-8d80-991c4eef401a,500,30,530
d1f7ea56-a620-4bd2-85df-2a746b30f926,dafbb152-2434-4963-83a6-66bcca661251,2022-05-12 07:49:00,7610d689-246f-467d-8d80-991c4eef401a,700,42,742
4d59183d-5a97-4541-86d5-f80baf4d7db1,751581a7-dcae-4cd6-be9c-0170a28ec0f7,2022-05-12 07:37:00,7610d689-246f-467d-8d80-991c4eef401a,400,24,424
d797c361-2980-43a4-85a3-cde84bf47c52,2e472783-b556-4793-892b-93e4aae66fe8,2022-05-12 08:06:00,7610d689-246f-467d-8d80-991c4eef401a,500,30,530
c0bc62eb-6d42-4ff6-87b4-6a37d842b860,22822edd-5932-40c9-8d1a-0fa99635cd0d,2022-05-12 18:32:00,7610d689-246f-467d-8d80-991c4eef401a,500,30,530
697bb35e-5346-4115-81e8-73828cd5da0f,b33388b4-e129-491e-bcb5-2936b41c9e74,2022-05-12 08:23:00,7610d689-246f-467d-8d80-991c4eef401a,400,24,424
d74a1ea4-3a52-4538-b278-aa62c4079e7b,e3591c6f-a528-4df8-bbaa-8c969c574113,2022-05-12 19:28:00,7610d689-246f-467d-8d80-991c4eef401a,1700,102,1802
9971a872-c330-455b-abb6-89562306abb5,100b9b88-fbe2-4f5d-ab6f-986c8aabac36,2022-05-12 12:52:00,7610d689-246f-467d-8d80-991c4eef401a,600,36,636
fa641507-547c-432e-a3d1-95523f18d764,25bf9611-3c9a-425d-8d25-eb3ca453e365,2022-05-12 07:46:00,7610d689-246f-467d-8d80-991c4eef401a,500,30,530
297fd032-6143-4660-a1bd-ae2cf760875f,deef47c5-0b09-452c-97a3-88e756de53fb,2022-05-12 13:38:00,7610d689-246f-467d-8d80-991c4eef401a,600,36,636
a5cfd77e-fa56-4513-b58b-99291c8d9ed7,3be0e2aa-b690-4a2f-a42a-323d392a2e56,2022-05-12 07:49:00,7610d689-246f-467d-8d80-991c4eef401a,600,36,636
2077fadb-62ee-4541-9f28-95cecb45605e,eaf1ce75-babd-4767-adc4-c84916d44ea9,2022-05-12 07:46:00,7610d689-246f-467d-8d80-991c4eef401a,400,24,424
00834999-44fc-478b-b207-239dd4a1215f,8ed958e2-d38f-4836-a244-19f7f1ac0ab9,2022-05-12 14:14:00,7610d689-246f-467d-8d80-991c4eef401a,1900,113,2013
24928397-040b-49ec-8e15-672a30c70ec2,7a631e31-0f36-480d-9d91-b4f11b6b3531,2022-05-12 12:23:00,7610d689-246f-467d-8d80-991c4eef401a,1700,102,1802
ae12e331-1094-4026-8d12-80abf13b6eb9,a511fe7a-129e-4a12-977c-655bc6f729cf,2022-05-12 07:20:00,7610d689-246f-467d-8d80-991c4eef401a,400,24,424
0df276d0-71b1-42f1-a95b-0efc087748e2,f7ba70c3-65ab-41b7-b82e-557e864b3b38,2022-05-12 09:11:00,7610d689-246f-467d-8d80-991c4eef401a,400,24,424
35751d4e-4dc5-49e3-8e60-63e3d62d3ba8,cb35d391-3f6e-4b75-9150-0d9b47d1a9fb,2022-05-12 09:44:00,7610d689-246f-467d-8d80-991c4eef401a,2000,120,2120
a8057260-ed7d-4fb0-8967-da9575746182,271669e0-565e-4dd1-8b33-5e785cdcb331,2022-05-12 08:28:00,7610d689-246f-467d-8d80-991c4eef401a,500,30,530
adde6e0b-6e76-4909-91a1-31533cb36df2,f0f2ae48-dc46-46e7-84ab-80d7a170ba83,2022-05-12 11:46:00,7610d689-246f-467d-8d80-991c4eef401a,500,30,530
c2db881a-6d39-4b01-b53b-4b4d3bc8cd9a,3a4bfb82-86e6-493d-a5c5-7f5f15da46b2,2022-05-12 17:30:00,7610d689-246f-467d-8d80-991c4eef401a,600,36,636
def7c3f7-52fb-4643-b891-ccaea646ca53,1ce75bf8-af62-46ae-9ec1-bea716d67cd0,2022-05-12 08:06:00,7610d689-246f-467d-8d80-991c4eef401a,400,24,424
7d84a3ff-d0fd-4819-a5ee-91549142a176,9d86b78b-c5a3-4c47-afde-b6f079c7571f,2022-05-12 07:10:00,7610d689-246f-467d-8d80-991c4eef401a,700,42,742
45dc760c-9c2a-4870-a72a-83b5eca7acdc,d922bdd6-209c-46aa-88e0-42fa58d126fd,2022-05-12 12:59:00,7610d689-246f-467d-8d80-991c4eef401a,600,36,636
fb48be11-9144-4e5f-a2cc-1e0c64493198,5d0fd1a2-46fb-4f0c-87fd-e8ed66d5d4f1,2022-05-12 16:51:00,7610d689-246f-467d-8d80-991c4eef401a,600,36,636
6b1e665b-48f8-43f8-ba33-f06d6d70540c,83c2a0a0-ef47-41c3-8130-f4c4bfada767,2022-05-12 07:49:00,7610d689-246f-467d-8d80-991c4eef401a,400,24,424
f0eef6f4-ed58-454a-b712-b26b3128c4ca,534e8469-a018-4efb-a1cc-fd23169c8c8e,2022-05-12 13:55:00,7610d689-246f-467d-8d80-991c4eef401a,2300,138,2438
3e35de04-8ee2-4f59-9c32-a4489d064511,a5789ae7-87e8-4e02-a0f5-ed465d5b9332,2022-05-12 15:49:00,7610d689-246f-467d-8d80-991c4eef401a,400,24,424
036c3834-2bb3-4e10-9239-0b718f1a5574,201c75dc-d0d2-49d0-8a57-a674c91be28c,2022-05-12 07:23:00,7610d689-246f-467d-8d80-991c4eef401a,700,42,742
b95f30e9-6357-4e42-a557-95b81b64ac9c,b7810a3b-3aa5-4ebb-9d33-273cfc9007c2,2022-05-12 18:52:00,7610d689-246f-467d-8d80-991c4eef401a,1700,102,1802
a3a62bf4-57ce-4317-8715-36d0ec027fb9,66419994-ccb4-4a5e-8104-430d9f05b787,2022-05-12 13:38:00,7610d689-246f-467d-8d80-991c4eef401a,1300,78,1378
63efca7b-0dac-48a7-9369-c523cddea25d,50a245b4-409d-40b4-859a-497ffa53d3b5,2022-05-12 08:22:00,7610d689-246f-467d-8d80-991c4eef401a,600,36,636
7574404c-10bb-421b-ae60-183c6ca8ae8a,97d9be9c-5910-4341-9c34-db0a5d21792b,2022-05-12 08:03:00,7610d689-246f-467d-8d80-991c4eef401a,400,24,424
23170618-bab9-45dc-af30-e449a82f6c9f,b670279c-0a52-495b-b3aa-e023c2cc127f,2022-05-12 16:11:00,7610d689-246f-467d-8d80-991c4eef401a,1700,102,1802
6e363aaf-2322-4d67-9322-a0ba5eaa1eb7,1a5a5d31-a37e-4a9c-a6cd-d2022e17eca7,2022-05-12 17:25:00,7610d689-246f-467d-8d80-991c4eef401a,1900,113,2013
dbbd5305-6667-4918-b2ca-0acef403d900,d853c060-bc2e-414d-8d42-8cd0fc37d411,2022-05-12 12:01:00,7610d689-246f-467d-8d80-991c4eef401a,600,36,636
23471b69-32c3-4d39-8ca9-b2ecd34f1b80,456fdbb1-8895-420f-8c28-844dbee62b72,2022-05-12 07:04:00,7610d689-246f-467d-8d80-991c4eef401a,700,42,742
2115d8fe-c209-4216-96c5-38d70d9b6c93,1a616871-cf07-4962-8005-fd25b7b631bd,2022-05-12 11:53:00,7610d689-246f-467d-8d80-991c4eef401a,2200,131,2331
894f5301-8e01-486e-bb03-6865c59e20bb,535833dc-00da-4d3d-89a5-24d05500e1a0,2022-05-12 09:49:00,7610d689-246f-467d-8d80-991c4eef401a,700,42,742
3a3ac598-ded8-4eb1-b364-adc6d641715e,0f0fef3b-66fb-4716-9807-7a8a2bcec7e7,2022-05-12 09:55:00,7610d689-246f-467d-8d80-991c4eef401a,600,36,636
1e28be37-71e3-44e6-b4ad-c8f0fcf09534,0f8daf38-9d2e-4979-a40a-9994e1096dcf,2022-05-12 12:47:00,7610d689-246f-467d-8d80-991c4eef401a,1200,72,1272
ee599ade-cd00-4314-bf3e-558ea93afd9a,d2c80c70-0626-4e92-9115-8ce300b3a153,2022-05-12 07:29:00,7610d689-246f-467d-8d80-991c4eef401a,700,42,742
12366b33-0f58-4964-b387-50ffd023b661,87ab0db5-dea7-42ec-9f0c-2845b0311a5e,2022-05-12 08:14:00,7610d689-246f-467d-8d80-991c4eef401a,400,24,424
ec62fe34-3378-4cda-8ca5-a4093de47970,309669c8-42b3-43b1-8123-2be569933a0c,2022-05-12 13:17:00,7610d689-246f-467d-8d80-991c4eef401a,1800,108,1908
621afd15-97b9-4794-a8c9-3cf8e2631d16,2b93a0e5-e89b-480f-9229-d927b0cb04d5,2022-05-12 08:03:00,7610d689-246f-467d-8d80-991c4eef401a,500,30,530
35419830-3df6-43dd-a71d-91395d4605c0,5e25b7e9-263f-487e-ab81-22525d48e71b,2022-05-12 08:09:00,7610d689-246f-467d-8d80-991c4eef401a,700,42,742
51854f56-8fab-431a-b686-19acd75c65d6,665e2199-3e9c-44d4-ad37-fdaad66a174c,2022-05-12 07:44:00,7610d689-246f-467d-8d80-991c4eef401a,600,36,636
97355f4b-ee07-4f12-bbc4-c9eb701f8ed5,1c9cfb2c-1d6e-42ea-abd2-7970d24360ec,2022-05-12 08:06:00,7610d689-246f-467d-8d80-991c4eef401a,500,30,530
9a347c5e-234b-446f-aa40-a8c908a6ff25,a81521ff-21dd-4fea-8e3f-fe9c4a1dc1e8,2022-05-12 07:37:00,7610d689-246f-467d-8d80-991c4eef401a,600,36,636
6bd2e4b4-980c-4710-ad0a-8c3b1f61a225,a098d142-670c-47f0-9877-a90b05422050,2022-05-12 13:13:00,7610d689-246f-467d-8d80-991c4eef401a,700,42,742
82eb1e6b-f422-4a91-935c-5da88ff52035,2c3b36b1-b188-488e-b426-1cb1ed10393a,2022-05-12 15:43:00,7610d689-246f-467d-8d80-991c4eef401a,1600,96,1696
6ec662d0-63ca-440d-a1b2-f828c7a676f7,48959ed8-08dd-4ef2-bffb-7a52f1416a29,2022-05-12 16:29:00,7610d689-246f-467d-8d80-991c4eef401a,1900,113,2013
7d610cac-c903-4cc1-93a0-7cc61e15b43a,86440644-0c75-465f-bdeb-900d87ec40d4,2022-05-12 08:21:00,7610d689-246f-467d-8d80-991c4eef401a,500,30,530
4ef20c1d-d1f4-437e-ac9d-087f95700231,ab65ad9c-95b5-49a5-8338-0a5c83d5817f,2022-05-12 16:06:00,7610d689-246f-467d-8d80-991c4eef401a,2400,144,2544
00be158e-4535-4ac9-bce0-b2e7d449c5fb,3fccd325-23ce-47e6-a2e5-3f5b609113a9,2022-05-12 16:13:00,7610d689-246f-467d-8d80-991c4eef401a,400,24,424
bd773d85-c4a8-45d5-8de9-92195367c461,a35a2470-78bd-43fe-aca9-e82d731daecc,2022-05-12 11:08:00,7610d689-246f-467d-8d80-991c4eef401a,700,42,742
05e3fc77-2bcb-4f41-afce-8fdf755b3e0c,22fa3e88-bc50-4934-8b6d-1e16ec124ea5,2022-05-12 14:26:00,7610d689-246f-467d-8d80-991c4eef401a,2500,150,2650
a29d39d2-6c94-4aab-b565-32f5ceadf22a,d3c6c1f1-8fad-4e3b-b090-1739abc57cf0,2022-05-12 08:02:00,7610d689-246f-467d-8d80-991c4eef401a,400,24,424
fc7e9ed0-1830-48c3-8148-a40c77ae65e1,d60e7604-3b35-41cb-91c6-f220b3e8eb3d,2022-05-12 12:02:00,7610d689-246f-467d-8d80-991c4eef401a,600,36,636
43a75f17-0f04-4398-aa29-68e61c1044b9,6a0d13b3-0aa7-4970-94b1-a9b08fc329d9,2022-05-12 16:57:00,7610d689-246f-467d-8d80-991c4eef401a,600,36,636
8b452d60-5940-438b-9ab4-4414dff53300,16055520-2c72-4e4e-9f92-bac49b61437c,2022-05-12 09:08:00,7610d689-246f-467d-8d80-991c4eef401a,600,36,636
6948f028-c7fb-4f90-8b12-57b40cd04776,f19d0ad1-80ee-47f5-97ff-186e003f3e38,2022-05-12 11:43:00,7610d689-246f-467d-8d80-991c4eef401a,700,42,742
2a2ef322-eb56-45f4-9447-4b53b9a92f59,ea8db837-54ac-4615-ab01-9e1d9f2d3ec1,2022-05-12 08:55:00,7610d689-246f-467d-8d80-991c4eef401a,600,36,636
68b7e92a-57b8-4a5e-8d92-01aafd0ff641,ef0b0d0b-5ecf-4f39-8937-bb9ddaaadfa3,2022-05-12 12:17:00,7610d689-246f-467d-8d80-991c4eef401a,1700,102,1802
944097f5-b7bc-469c-8898-831f052425c5,218ceda7-f404-433d-b810-fe322bfdf660,2022-05-12 14:01:00,7610d689-246f-467d-8d80-991c4eef401a,2900,174,3074
87e7a874-b160-43b9-a1e7-79116c0b5ef6,3e6e1b4a-51e9-407e-b8ab-ed1e11fd056f,2022-05-12 17:03:00,7610d689-246f-467d-8d80-991c4eef401a,500,30,530
5d3d3b16-b13e-41f1-b60a-78d7baf7549d,572afe5e-e82a-45af-aaac-35948537d83b,2022-05-12 13:21:00,7610d689-246f-467d-8d80-991c4eef401a,400,24,424
7e5a9d4a-753a-4ac5-be38-12fbec83e12b,786e1981-a9d6-4f2b-9c24-a4d3dd7c7e17,2022-05-12 12:39:00,7610d689-246f-467d-8d80-991c4eef401a,600,36,636
db982122-37ce-4a87-96ee-57605d901903,7fe3d1b7-4c1f-4ba2-9a83-9b48c757dcd2,2022-05-12 18:22:00,7610d689-246f-467d-8d80-991c4eef401a,1900,113,2013
f284c70f-607b-4f60-bfdc-e2ce568ffab1,e59b4e1f-ba7c-401c-8106-d4745af1b66c,2022-05-12 17:19:00,7610d689-246f-467d-8d80-991c4eef401a,2000,120,2120
4db64cac-09d4-4ae2-bff8-a4c4b2790ae3,df3c2d1d-30e2-4371-9b43-3fd918f475bb,2022-05-12 07:42:00,7610d689-246f-467d-8d80-991c4eef401a,600,36,636
de9aa751-41b1-4375-bc6f-a82e4a03e9b3,25026909-2ede-4661-871d-156396a83b6c,2022-05-12 18:41:00,7610d689-246f-467d-8d80-991c4eef401a,1100,65,1165
3995463e-a838-451c-8c64-ac0d85d3c6c2,b95564b0-779d-41ad-9da0-5f65a142d02c,2022-05-12 08:51:00,7610d689-246f-467d-8d80-991c4eef401a,400,24,424
16db48d7-59ba-420f-9704-150670c503bf,3b549ccd-b818-46d6-bb5c-7b514dc724ff,2022-05-12 07:07:00,7610d689-246f-467d-8d80-991c4eef401a,600,36,636
cf79422b-03ac-4639-8797-5dfdc36e39e7,33312611-32f7-45e9-a1ba-76224a4efaf1,2022-05-12 15:21:00,7610d689-246f-467d-8d80-991c4eef401a,700,42,742
992fc83e-21cf-4a11-af31-4692a8a1a1a0,2df21d90-54d9-4bfc-9b00-12048e94bf7f,2022-05-12 07:44:00,7610d689-246f-467d-8d80-991c4eef401a,600,36,636
97d3cead-7817-4517-b98d-0c18c7b4fcdf,b27ac96b-45a5-4ca0-924e-eecc8894d365,2022-05-12 18:04:00,7610d689-246f-467d-8d80-991c4eef401a,700,42,742
7f72a97a-1ff4-45ac-a48d-f4a2ba222c79,61432b99-679b-4a15-8732-0fcb17a5ef7c,2022-05-12 07:55:00,7610d689-246f-467d-8d80-991c4eef401a,500,30,530
671cc3c3-7dad-4645-8a8f-bb453b2c7e93,905454f7-790f-4855-9e6d-6506f375381a,2022-05-12 08:16:00,7610d689-246f-467d-8d80-991c4eef401a,400,24,424
5778e350-d4f3-493e-8d41-279f59aa919e,e44343af-786f-460f-afe9-276fafd4ab72,2022-05-12 12:35:00,7610d689-246f-467d-8d80-991c4eef401a,500,30,530
508d6693-2280-4b03-aa85-37279a65bdc1,ec2d7fac-e43b-47bb-9667-8389825d6201,2022-05-12 15:49:00,7610d689-246f-467d-8d80-991c4eef401a,600,36,636
26ec3613-aa7e-40de-b1ea-b7553fbd47d0,a8d4018e-74dd-481b-9ec0-047653c406bc,2022-05-12 11:52:00,7610d689-246f-467d-8d80-991c4eef401a,2000,120,2120
35a99eea-edeb-4b9a-b44d-a58a13fb72cc,66eeda05-0d6d-490c-b2b3-a4184a6e593d,2022-05-12 07:48:00,7610d689-246f-467d-8d80-991c4eef401a,400,24,424
bee95b22-a17d-4a0a-9f8d-42ba8f92beb4,1fe8a9e9-5e8e-41ed-8f2f-e16bb832f81e,2022-05-12 17:01:00,7610d689-246f-467d-8d80-991c4eef401a,500,30,530
b7d8bead-31a9-4e27-a515-3f50a8817eb8,beeafc1a-1df5-4e92-b649-9887417b6e99,2022-05-12 14:26:00,7610d689-246f-467d-8d80-991c4eef401a,600,36,636
78770d0e-89ad-4297-ac23-89b04584de20,52286fbc-9f9b-4692-9e88-c27eb229055b,2022-05-12 13:12:00,7610d689-246f-467d-8d80-991c4eef401a,800,48,848
ac7aa712-809c-450a-99e1-2926adc74365,c3113d55-77b9-4b5b-91d0-905284ede6e8,2022-05-12 07:00:00,7610d689-246f-467d-8d80-991c4eef401a,400,24,424
c345c5bd-96da-4b0e-8eb0-86de0244fd79,b8e6d5cf-5320-400d-9a7a-d392e280ff9a,2022-05-12 08:47:00,7610d689-246f-467d-8d80-991c4eef401a,600,36,636
0a5e08fc-a0a4-470f-b0c9-934d4598e598,55a186ff-9bda-4b51-8717-546300299f58,2022-05-12 07:53:00,7610d689-246f-467d-8d80-991c4eef401a,600,36,636
c5a4b45a-c4ec-4b0f-bdcc-a87512c473d6,90127bdb-59ee-4e26-83af-f34b0bf9f9b5,2022-05-12 14:08:00,7610d689-246f-467d-8d80-991c4eef401a,1600,96,1696
3373f105-dc3a-44d1-8a52-78377c7edaa3,dfe2ecc4-6a89-42bf-809d-eb6d3b80f03c,2022-05-12 08:07:00,7610d689-246f-467d-8d80-991c4eef401a,400,24,424
0845cecf-456d-409a-a7b9-9b6308f5ca1d,8f860c47-6ffb-400d-a5ea-1b3309f59667,2022-05-12 08:16:00,7610d689-246f-467d-8d80-991c4eef401a,500,30,530
df7b18b1-3668-4a35-8275-0683f60955cf,8e668625-bb53-48d3-8a35-337b6bfe0528,2022-05-12 08:05:00,7610d689-246f-467d-8d80-991c4eef401a,400,24,424
2b6de008-e0a3-4f36-abb1-f69b62a94faa,4cabdc2c-b086-49e3-8537-89e9ff05bfc2,2022-05-12 15:51:00,7610d689-246f-467d-8d80-991c4eef401a,1800,108,1908
90ff6cfb-f27b-473d-8a77-f90bc35a35f0,8b985220-0522-4c7e-9086-b5e3ec1da5ad,2022-05-12 14:50:00,7610d689-246f-467d-8d80-991c4eef401a,400,24,424
f71f24fd-2ca1-4461-853d-912b5329b608,ff579c5a-cd8c-4e66-9fa5-5efd193c7c97,2022-05-12 16:19:00,7610d689-246f-467d-8d80-991c4eef401a,400,24,424
70ca7642-ae2f-4bff-bd16-90d4ec4eb1a4,c15f166b-5eea-4544-95ba-c06ab6bdfd54,2022-05-12 10:45:00,7610d689-246f-467d-8d80-991c4eef401a,600,36,636
27431765-ab4d-45c6-b069-c61ea126fb73,4c0311a9-36a1-489e-b9a6-d0c6fbb216d0,2022-05-12 15:16:00,7610d689-246f-467d-8d80-991c4eef401a,1300,78,1378
ce1ed36f-2353-4682-ab2b-c6e03ce17041,21b47c14-85e6-4345-8b75-fb865313023c,2022-05-12 07:54:00,7610d689-246f-467d-8d80-991c4eef401a,400,24,424
654f9b73-75d1-43bf-9487-736b99c3394f,de438868-012e-4090-a23f-435fe782ba8a,2022-05-12 07:25:00,7610d689-246f-467d-8d80-991c4eef401a,600,36,636
c25a9a9c-32a3-4144-8547-e6f92502b51f,837e09f7-4460-4e4c-9dd1-15e51783c049,2022-05-12 15:42:00,7610d689-246f-467d-8d80-991c4eef401a,1600,96,1696
8fef67f8-3b13-4a2f-be0a-f1d8052600e1,76e0ad61-6f0a-4ff9-ac30-b153a4382299,2022-05-12 08:54:00,7610d689-246f-467d-8d80-991c4eef401a,500,30,530
92b7db8a-6732-4f45-885b-2b449cbb7511,74f8b5d2-4353-4a1d-9d09-c4b033ed1e78,2022-05-12 08:37:00,7610d689-246f-467d-8d80-991c4eef401a,600,36,636
278308a9-09f2-47fa-aac7-cf6a4082e204,56b50d24-13a2-45fe-9f11-02b1df86f7ab,2022-05-12 15:30:00,7610d689-246f-467d-8d80-991c4eef401a,600,36,636
9cbd1fc5-bd1c-4ace-8198-ba455824d0ae,b072f983-a206-4f65-a800-d1b376f074a7,2022-05-12 18:04:00,7610d689-246f-467d-8d80-991c4eef401a,2100,126,2226
7fd6ef44-38ef-4ed1-8443-3a4330fb2388,468be53a-0f82-4ec2-9400-cfb722feb061,2022-05-12 13:23:00,7610d689-246f-467d-8d80-991c4eef401a,1800,108,1908
63525f45-e2be-4def-958c-1a9faf7afb66,c986bb68-164c-4e7f-a21e-3a9ca1a37de2,2022-05-12 15:36:00,7610d689-246f-467d-8d80-991c4eef401a,700,42,742
07c78a43-ab24-4666-a273-3ff811132a62,472069b9-a61b-4488-b3d3-77fd6e057685,2022-05-12 07:26:00,7610d689-246f-467d-8d80-991c4eef401a,400,24,424
1635417b-142f-4cfb-a9f1-a1259cba1cb6,c8ecfe04-79be-48af-8d12-9542ae15e266,2022-05-12 08:29:00,7610d689-246f-467d-8d80-991c4eef401a,700,42,742
b05d189e-765c-44db-9e42-0c5165b5119c,3537b7e3-6daa-487d-8d73-2d9adc9bbc2f,2022-05-12 14:51:00,7610d689-246f-467d-8d80-991c4eef401a,700,42,742
7652abe1-e0d0-4acc-aedb-2b0e5e1490e4,02af6d80-129a-42e4-99b4-70b2f68dc3b9,2022-05-12 16:26:00,7610d689-246f-467d-8d80-991c4eef401a,2000,120,2120
0832e955-3aa9-44df-aeee-90f4078e5edb,13e6eb04-6067-4f00-8ee7-5675fcc4f621,2022-05-12 10:59:00,7610d689-246f-467d-8d80-991c4eef401a,2100,126,2226
a9570d2c-b9af-4c20-ac35-a4fb89165da7,22f6747d-37ca-4921-ad9b-a28cfb59861f,2022-05-12 14:17:00,7610d689-246f-467d-8d80-991c4eef401a,1800,108,1908
a5cc10c5-8997-4daa-930e-d3ef21f4cc3b,42f1d1af-ac2e-42d7-80bc-e1dd04b9bce8,2022-05-12 08:36:00,7610d689-246f-467d-8d80-991c4eef401a,600,36,636
42dafd2c-9adf-490f-9870-d9619b0b9d94,6784c527-d377-48d4-95b3-6d31959e6715,2022-05-12 13:34:00,7610d689-246f-467d-8d80-991c4eef401a,1800,108,1908
960d1439-2698-42c3-9031-3a678652a630,4f29c41c-067d-4f9a-9793-8bae170607bc,2022-05-12 09:45:00,7610d689-246f-467d-8d80-991c4eef401a,1900,113,2013
808878b5-65d2-43c9-b705-a1dab54f5e3a,027e3ca9-84de-4e85-8dfd-499df27dd3e9,2022-05-12 15:27:00,7610d689-246f-467d-8d80-991c4eef401a,2000,120,2120
db5b0d44-6d17-4a9d-b16e-c9c23fe645df,9a14fd59-3f1b-40ec-ba02-2b2164bc44d7,2022-05-12 08:20:00,7610d689-246f-467d-8d80-991c4eef401a,400,24,424
ee0c0a8e-5561-4208-81ac-d19cb173a7c1,b973cfc5-c344-4b2d-8fc4-92b69286c494,2022-05-12 09:59:00,7610d689-246f-467d-8d80-991c4eef401a,600,36,636
1acffac6-940a-4828-a263-093b2f74b68f,4016b41b-6b04-4ecf-944a-2dec96832f6d,2022-05-12 07:18:00,7610d689-246f-467d-8d80-991c4eef401a,600,36,636
78f06d3e-21ec-4591-94dd-86e53b42557f,636b3d28-0139-4e15-93c7-8953b8835726,2022-05-12 18:00:00,7610d689-246f-467d-8d80-991c4eef401a,1700,102,1802
a1a4598c-0ed4-4283-b56e-bac523ae2b96,9ec80e0e-eb2a-4cd5-8281-acd97008a40e,2022-05-12 16:21:00,7610d689-246f-467d-8d80-991c4eef401a,600,36,636
f005f9fd-b43b-4979-a8c2-9c1110e2ee5c,4a9dcd92-3db5-4302-a109-4688ef1daf51,2022-05-12 19:31:00,7610d689-246f-467d-8d80-991c4eef401a,700,42,742
1df0f6be-a619-45aa-bd8a-a33c658a3461,d2a66d78-098a-4e8a-9de8-8f53f73a1a68,2022-05-12 12:41:00,7610d689-246f-467d-8d80-991c4eef401a,1300,78,1378
b4bc636a-f38f-4fc0-adfd-a79937b52566,f4898a14-5fe5-48dc-b6bb-1f435392dede,2022-05-12 14:06:00,7610d689-246f-467d-8d80-991c4eef401a,700,42,742
54c85dfa-7f5c-4ff9-8d4c-4be2344a16f4,1995fe10-3ace-49c2-a034-9501692d2dd7,2022-05-12 15:17:00,7610d689-246f-467d-8d80-991c4eef401a,500,30,530
e3ada19b-09cb-480e-8deb-c6f25e8a24b3,3293ca28-2970-404e-a298-f74c760d7810,2022-05-12 08:34:00,7610d689-246f-467d-8d80-991c4eef401a,500,30,530
2171af63-007f-4099-9665-652ecd8c43f0,3029df46-1cef-45bc-9293-520cc8b0255e,2022-05-12 08:22:00,7610d689-246f-467d-8d80-991c4eef401a,600,36,636
806db11f-310e-4d36-b4d7-dbdbc7891748,7fdb55c5-62a9-432b-b904-0c8667b2e7aa,2022-05-12 16:03:00,7610d689-246f-467d-8d80-991c4eef401a,600,36,636
0b9013f9-a3c6-4e9e-b787-72a18aab2d58,3981431e-68a6-4f25-8919-294206d4e783,2022-05-12 07:34:00,7610d689-246f-467d-8d80-991c4eef401a,600,36,636
5f500ccb-ae08-4bf6-97b3-c61163d931f9,25e6bad5-7ed0-46b3-b595-aa6cfe8d5e51,2022-05-12 09:46:00,7610d689-246f-467d-8d80-991c4eef401a,400,24,424
7cfd58a8-c3da-48fb-bccf-37b7f94dc430,b79f9939-07ce-4f15-bdca-a9e5a43ab862,2022-05-12 15:34:00,7610d689-246f-467d-8d80-991c4eef401a,500,30,530
2c57cfdb-c3c7-472e-b53c-32d2911bd680,3bf43252-3e01-4d5b-afd5-8aa6abc59e89,2022-05-12 10:37:00,7610d689-246f-467d-8d80-991c4eef401a,1200,72,1272
db61cab8-7d0b-4f9a-91f4-dc7d19fff560,f8a9b9e5-b4c7-416f-acfd-3b5727417698,2022-05-12 08:46:00,7610d689-246f-467d-8d80-991c4eef401a,500,30,530
34f0e8d2-0428-414e-a198-baef98043d62,0b59d505-e47a-4f76-9b72-d038854b68e6,2022-05-12 13:12:00,7610d689-246f-467d-8d80-991c4eef401a,700,42,742
07eb191d-a826-4c6a-ae2c-8c69380eb087,33544b8a-3b0f-4d97-afaa-a5018e66ee32,2022-05-12 16:33:00,7610d689-246f-467d-8d80-991c4eef401a,600,36,636
f883a754-ea0d-4ec7-974d-4297a504ad82,27b1e612-2cfe-43aa-bb58-c92646126951,2022-05-12 08:15:00,7610d689-246f-467d-8d80-991c4eef401a,700,42,742
4041f2f4-9b2b-4aba-be78-b14603e58465,3706d905-3e5a-4227-9c02-f96968365cef,2022-05-12 12:56:00,7610d689-246f-467d-8d80-991c4eef401a,500,30,530
671282a5-d713-4879-a9fd-94861d68df65,b5184b09-3ae6-4520-bc09-912e7eec1e67,2022-05-12 16:18:00,7610d689-246f-467d-8d80-991c4eef401a,400,24,424
f7e291a2-93a9-4445-a682-e2f9aed2ac39,814c405f-ca8b-4bb0-865c-7c89447ff10a,2022-05-12 15:53:00,7610d689-246f-467d-8d80-991c4eef401a,2000,120,2120
0df33aef-ff0d-43d5-a1c0-b7ae2d6ea443,5cc04c18-22fc-4740-a0eb-1525efaf23ad,2022-05-12 12:27:00,7610d689-246f-467d-8d80-991c4eef401a,1700,102,1802
04d6c475-5c48-470f-9a33-8b3d0a9a6199,b7fb5b2f-9636-4e7b-be18-b43d0df3c929,2022-05-12 08:29:00,7610d689-246f-467d-8d80-991c4eef401a,600,36,636
a0be6acf-a4fd-41bc-a901-39d7c81d8824,25c97ef3-e3df-4437-81ea-031cf9228009,2022-05-12 13:13:00,7610d689-246f-467d-8d80-991c4eef401a,700,42,742
d8307d34-1adb-403b-ac57-2a5c5c84bd08,23e45a32-b6fd-408a-ba27-924b1070c001,2022-05-12 08:09:00,7610d689-246f-467d-8d80-991c4eef401a,500,30,530
b7987803-31d9-4419-8225-04cd0d3b716b,26ab928d-c37b-47c3-8949-f5c62e9b8d76,2022-05-12 14:51:00,7610d689-246f-467d-8d80-991c4eef401a,1800,108,1908
9763049d-9fb3-4cf9-b37a-f4779c173f8f,32c0dd94-681d-4183-8286-cf088864c11b,2022-05-12 11:50:00,7610d689-246f-467d-8d80-991c4eef401a,1500,89,1589
ca3158b6-3aa2-4558-bfc1-aab4121454c3,867d1a27-d73e-4645-a7c8-68a8cccc46d6,2022-05-12 11:42:00,7610d689-246f-467d-8d80-991c4eef401a,500,30,530
005e2bad-4cda-47ae-a425-1144693a49c4,67b83532-c6ef-47a9-b708-6fec1ef804c2,2022-05-12 07:45:00,7610d689-246f-467d-8d80-991c4eef401a,700,42,742
80c7fa97-c84f-4eca-87a9-6a3d8560cc0c,471dd3e1-1cb3-4a37-bd75-154334a05a49,2022-05-12 08:06:00,7610d689-246f-467d-8d80-991c4eef401a,700,42,742
aa445399-55a9-459e-847c-8a5b48413354,946f1cde-d4d1-4fc4-9e42-a82375962636,2022-05-12 12:54:00,7610d689-246f-467d-8d80-991c4eef401a,400,24,424
684d5141-4f6c-4787-8814-c2010dc13b5f,006ebf27-e836-4961-86f8-19a81bd60992,2022-05-12 13:25:00,7610d689-246f-467d-8d80-991c4eef401a,400,24,424
461182ae-5f0b-439a-98a0-595669381b7e,f612ad73-fdb5-410f-9383-ba51fdc92a8f,2022-05-12 16:59:00,7610d689-246f-467d-8d80-991c4eef401a,1500,89,1589
e5ade22d-cf0a-4fef-ba2e-ade384e26b6c,c7b8e8b6-6299-45a6-a446-b172e533d17e,2022-05-12 07:31:00,7610d689-246f-467d-8d80-991c4eef401a,600,36,636
ace99ce1-07aa-42ba-a9a0-242ec40d052e,b0899906-f211-4fe2-a0b9-71b5f9850f75,2022-05-12 08:38:00,7610d689-246f-467d-8d80-991c4eef401a,700,42,742
eb29db22-83f6-4b7c-86ca-3f36bd24d296,563caefa-5675-4645-a701-6272b42dd217,2022-05-12 10:00:00,7610d689-246f-467d-8d80-991c4eef401a,600,36,636
a3af8d65-88fa-435c-85e3-5fdbc9c49c79,69cec439-ef37-47e6-be3f-4ca6604a2334,2022-05-12 14:34:00,7610d689-246f-467d-8d80-991c4eef401a,700,42,742
1c4268cb-5a4c-41db-b72c-e20da76229e5,8b820ff8-72b5-4b9f-99d5-3c7ece118523,2022-05-12 14:36:00,7610d689-246f-467d-8d80-991c4eef401a,1800,108,1908
34201f7a-e342-495f-adcb-b2560f3a5e56,e9194bfe-47f4-429d-8a9c-67f9bf10476c,2022-05-12 12:26:00,7610d689-246f-467d-8d80-991c4eef401a,1900,113,2013
05aa9a46-0a03-4eb2-b189-a8182a8f9ae7,4141f701-5633-42c2-b647-4b6fc428802f,2022-05-12 12:34:00,7610d689-246f-467d-8d80-991c4eef401a,4900,294,5194
ac1dd4e7-f7de-45a0-8c63-dd7b34dd3482,d79a67a2-6d28-43ad-ad61-2384151bc636,2022-05-12 14:34:00,7610d689-246f-467d-8d80-991c4eef401a,400,24,424
c6c6146c-67f0-4b20-b0d9-dabc91c66f5c,650550ef-4a36-40d5-9125-f24e9c9a7bab,2022-05-12 15:31:00,7610d689-246f-467d-8d80-991c4eef401a,1700,102,1802
b4b2cbb7-67b2-4182-b183-a945e9f46dd2,4c348755-d66d-46bb-9d04-3d6564b49ec0,2022-05-12 14:01:00,399dfec4-01ec-4e84-80b5-cb325d670571,1000,40,1040
dade8295-b9bb-4100-ae47-cb9545c45205,37e73f82-c93a-4c41-ade6-e62f4a5b446a,2022-05-12 12:15:00,399dfec4-01ec-4e84-80b5-cb325d670571,400,16,416
20b4df0e-fd07-498e-b585-3e60360ba68c,bae6e37f-8462-411c-8e89-c0bd2e10d8be,2022-05-12 12:13:00,399dfec4-01ec-4e84-80b5-cb325d670571,1200,48,1248
0966fb50-4362-4326-920a-8c36f7531570,11c514d0-814d-4379-aa5e-87eaaf3758af,2022-05-12 15:50:00,399dfec4-01ec-4e84-80b5-cb325d670571,1600,64,1664
4182468a-7de9-4ab6-8ca3-9b943beec76f,c5ea4a48-b79a-41fb-8cfb-27cd606cf67c,2022-05-12 07:33:00,399dfec4-01ec-4e84-80b5-cb325d670571,400,16,416
dca18076-ac0a-4da5-b79d-9ab4e9f3ba30,a8f18d60-8666-4c0f-a1db-c2866d583b8d,2022-05-12 07:14:00,399dfec4-01ec-4e84-80b5-cb325d670571,600,24,624
72565a28-ca95-4ac9-a1df-d441555729cb,7bcb8723-53df-4b44-9780-6f41535407ea,2022-05-12 08:00:00,399dfec4-01ec-4e84-80b5-cb325d670571,500,20,520
2ed997c6-28bf-43c8-a21d-17eae37d4cbd,63133c36-0c0c-4819-8883-c8fe0f7bb97f,2022-05-12 15:25:00,399dfec4-01ec-4e84-80b5-cb325d670571,1700,68,1768
08c5f511-5aa7-46a8-a18e-a324fad46ea0,6245ed4d-3f95-4010-9309-114b1b627744,2022-05-12 08:22:00,399dfec4-01ec-4e84-80b5-cb325d670571,500,20,520
ee0b33fa-3b2b-4f56-8c3d-a312b066760d,94b1db00-2098-4afd-b3b7-5eb8983cfc17,2022-05-12 07:50:00,399dfec4-01ec-4e84-80b5-cb325d670571,600,24,624
5ff2deb4-a806-44a5-ad51-091ede99af64,d2b78715-1c35-41d5-a173-86bbde66041c,2022-05-12 07:00:00,399dfec4-01ec-4e84-80b5-cb325d670571,500,20,520
72a3971c-d0ed-41ec-ba93-f54644dd26c3,f87cf5f2-f133-432b-9698-d97df1d3ea32,2022-05-12 07:00:00,399dfec4-01ec-4e84-80b5-cb325d670571,600,24,624
d039c08b-3782-4375-a64b-c0a4ac4c5dca,a0c23a52-fc6d-47ef-b1f6-058a0f3bdd78,2022-05-12 10:40:00,399dfec4-01ec-4e84-80b5-cb325d670571,400,16,416
4468b53e-d70a-4554-acec-2b2b7fc98927,2ca44b2d-a2dd-4f21-80a2-d1042637712e,2022-05-12 14:51:00,399dfec4-01ec-4e84-80b5-cb325d670571,700,28,728
95491a90-c843-489d-aab5-d14ef057f490,506a6d87-28ad-4107-98f8-eee7ef436e29,2022-05-12 08:35:00,399dfec4-01ec-4e84-80b5-cb325d670571,700,28,728
6b630a00-598e-40c9-85d1-305383bd671d,42c5ea60-f682-47d9-b67c-f6f362147071,2022-05-12 07:43:00,399dfec4-01ec-4e84-80b5-cb325d670571,400,16,416
81983cec-62f3-4903-a2b6-b4342d6e9edc,16b63951-b5de-4976-b337-c7a164051684,2022-05-12 08:03:00,399dfec4-01ec-4e84-80b5-cb325d670571,500,20,520
29f2218d-5677-452a-96d1-a9e24d1a5565,41aec400-dd32-4254-a52f-0d6fb2d03888,2022-05-12 19:18:00,399dfec4-01ec-4e84-80b5-cb325d670571,400,16,416
82221a5f-1389-4de5-bb8b-052c750a6632,b6e01333-7454-4939-a5ce-c8bef3d60cc0,2022-05-12 07:47:00,399dfec4-01ec-4e84-80b5-cb325d670571,700,28,728
aa2a347b-cb1f-4573-9282-2b3f01b6c25a,6e83b42d-59ed-4466-b35a-d764e9c3cdfc,2022-05-12 08:23:00,399dfec4-01ec-4e84-80b5-cb325d670571,600,24,624
77fe2dd5-5942-4ff0-9dc8-246ae94f2012,e80559a4-b5da-4434-a7a4-813d513bfd83,2022-05-12 13:43:00,399dfec4-01ec-4e84-80b5-cb325d670571,700,28,728
0ef59e92-65b8-49fd-9264-a916e8aaf672,0f9c9c26-3320-4837-8235-6386bcbdbf06,2022-05-12 17:28:00,399dfec4-01ec-4e84-80b5-cb325d670571,500,20,520
b2d89b42-71db-411a-ab98-5a0ad7003551,ddd6bc5c-169a-4f13-aa8d-eb8d78c99e03,2022-05-12 08:21:00,399dfec4-01ec-4e84-80b5-cb325d670571,600,24,624
7d4296fc-d1e8-49b8-b869-43ff2d6fbd31,4debb8bc-c00e-4117-8d9b-0bc00ffd8637,2022-05-12 16:58:00,399dfec4-01ec-4e84-80b5-cb325d670571,700,28,728
8b80ab27-ddc9-4060-a68e-070994364c85,f59319a4-b9b6-458a-aec7-f43d079c3a28,2022-05-12 16:37:00,399dfec4-01ec-4e84-80b5-cb325d670571,1200,48,1248
d6c3b46f-ac6b-4a45-ad94-f14724cb4259,6ba6cff4-9c59-4c33-be13-cbb47b31b82b,2022-05-12 16:28:00,399dfec4-01ec-4e84-80b5-cb325d670571,1500,60,1560
16d56bd9-e6d8-4a18-9afe-61adbfeca0f9,d6af4950-fefc-44bb-8701-d252bd522f00,2022-05-12 07:53:00,399dfec4-01ec-4e84-80b5-cb325d670571,600,24,624
b59e2850-9f6f-4323-99d6-38fb1c2dd734,bff5af40-a32d-4898-8a55-eb25f6d0b6ed,2022-05-12 11:38:00,399dfec4-01ec-4e84-80b5-cb325d670571,1200,48,1248
9590b679-7877-489f-b710-db9451910e6d,e3f4b9eb-48b3-4b16-a2ad-8388c37cb821,2022-05-12 16:05:00,399dfec4-01ec-4e84-80b5-cb325d670571,1500,60,1560
6d6b59c2-221b-47fd-995c-a8462b93ddcf,3f9ce19d-dc65-49bd-81d5-de27d736b5bf,2022-05-12 14:40:00,399dfec4-01ec-4e84-80b5-cb325d670571,2000,80,2080
c543f470-42f9-4243-b2f3-0b0cfc6c2e20,e4813f2e-1b48-4035-8b99-9dbc490b1182,2022-05-12 15:00:00,399dfec4-01ec-4e84-80b5-cb325d670571,700,28,728
d528cecb-1d04-4765-aa9f-536bc2861327,f58667e7-433a-4871-adf6-e74224ae1a7a,2022-05-12 15:05:00,399dfec4-01ec-4e84-80b5-cb325d670571,600,24,624
4abc5b9e-ea9c-4cc4-a134-96932362a494,b1d2776c-dcae-4587-a995-f535c29a0ad8,2022-05-12 11:15:00,399dfec4-01ec-4e84-80b5-cb325d670571,600,24,624
b9bb8325-35b3-4296-a05d-3298e34f412c,711044e1-8bdf-47ab-b9ab-3d108e5590d9,2022-05-12 08:03:00,399dfec4-01ec-4e84-80b5-cb325d670571,0,0,0
4681c237-b7c5-4901-a340-8f466d65b33f,dcf50ba9-5b3e-448f-9529-f27c246d868a,2022-05-12 08:51:00,399dfec4-01ec-4e84-80b5-cb325d670571,400,16,416
df18eab0-e5bf-4253-9d6d-c4c0f7db2f25,03098dcc-92b6-420b-b161-2027c6c298b7,2022-05-12 11:22:00,399dfec4-01ec-4e84-80b5-cb325d670571,1900,76,1976
e73e03e8-ceeb-4f1a-bf7c-64bd1e16d23e,be16a404-7434-4076-aca0-04338270f0b2,2022-05-12 12:27:00,399dfec4-01ec-4e84-80b5-cb325d670571,1700,68,1768
7a64d13a-1121-426c-8aae-7a42b64e4c18,9d25ed88-d934-4a39-bff2-29dd981edc7b,2022-05-12 07:45:00,399dfec4-01ec-4e84-80b5-cb325d670571,600,24,624
22b3e02c-da06-48ac-9c51-cadd0dda7007,0b281af4-2be3-4d04-9ed7-bddd85812aad,2022-05-12 16:00:00,399dfec4-01ec-4e84-80b5-cb325d670571,700,28,728
58fb0a58-7a51-4e8d-afd8-48c798cbed05,1ab8f64c-68df-4705-82aa-f3e046eec9a1,2022-05-12 08:46:00,399dfec4-01ec-4e84-80b5-cb325d670571,400,16,416
b134842e-a2b8-451e-b2ad-6932464ef8b8,b132d7fb-457b-400a-a86e-27a184517bc5,2022-05-12 12:08:00,399dfec4-01ec-4e84-80b5-cb325d670571,600,24,624
9a3abdf5-2010-4889-a5c8-386c8fb7aabd,bc4c6cb7-8df0-4cf8-abec-003f7fd6b556,2022-05-12 15:29:00,399dfec4-01ec-4e84-80b5-cb325d670571,1800,72,1872
bb39f420-959c-4718-8558-da32b5d5fabd,34fc2867-a0b6-422f-8041-10f81916b1fe,2022-05-12 07:20:00,399dfec4-01ec-4e84-80b5-cb325d670571,400,16,416
17b3e8b9-dec5-4aa6-b284-5a058467baa6,97c95c72-e129-4e60-b61c-603aee90014e,2022-05-12 18:23:00,399dfec4-01ec-4e84-80b5-cb325d670571,1100,44,1144
058f2dad-2c8d-4b03-8628-12a8847edc38,76c48654-6fd5-4383-9917-f82ad4aea2d6,2022-05-12 08:22:00,399dfec4-01ec-4e84-80b5-cb325d670571,700,28,728
50f6934c-2cf5-435d-b81a-9f3d0fc63ce4,2c57c610-0005-4cad-80d1-645d35f2c1bd,2022-05-12 10:34:00,399dfec4-01ec-4e84-80b5-cb325d670571,700,28,728
8ab95d31-7836-4aae-8f72-922d8046d3b7,aedc7b77-61c3-4a78-b198-3c2c85bdc558,2022-05-12 11:53:00,399dfec4-01ec-4e84-80b5-cb325d670571,1400,56,1456
5b75fb27-02a5-419f-afa9-2ee293fc5f8f,d2ce1916-ff3f-4dc8-8c68-6bd3cb205c68,2022-05-12 07:34:00,399dfec4-01ec-4e84-80b5-cb325d670571,400,16,416
c409e175-cbd6-480c-828d-8b97c31e9799,c28b2934-ee10-4572-b543-13b07030b674,2022-05-12 07:45:00,399dfec4-01ec-4e84-80b5-cb325d670571,400,16,416
fb61b74e-d186-44f1-b1eb-ceff4f71c99e,bf7f88d3-f1c0-4522-88c4-82330c4449ec,2022-05-12 18:56:00,399dfec4-01ec-4e84-80b5-cb325d670571,2000,80,2080
639bf374-f34d-44d4-ad6c-3f3f1590f57c,b0b82342-e156-448f-b2e6-660a34223ea6,2022-05-12 10:05:00,399dfec4-01ec-4e84-80b5-cb325d670571,1100,44,1144
96f21182-ad32-4b29-9888-73f01859e269,9e01e8aa-e852-4d14-a1bd-a7099859350b,2022-05-12 07:08:00,399dfec4-01ec-4e84-80b5-cb325d670571,600,24,624
b105ee79-0cb7-4c14-ac85-9c1062d78f2a,64db26a0-c128-4fd8-8d9d-7d6e8dca816f,2022-05-12 08:24:00,399dfec4-01ec-4e84-80b5-cb325d670571,500,20,520
d4381d06-95b7-4632-bb9a-a385195c7089,5e245f8b-8a35-48fc-bfd1-8d70aae8c168,2022-05-12 14:20:00,399dfec4-01ec-4e84-80b5-cb325d670571,1200,48,1248
ef076815-7757-4e46-8984-33ca9b2896d7,acd3eb6d-6b79-4387-b568-bbae749f77a3,2022-05-12 08:24:00,399dfec4-01ec-4e84-80b5-cb325d670571,700,28,728
acaa64eb-a38f-4ce4-8094-31b754d45c65,ed4fcf59-fb75-4666-8d20-f06e2aba1167,2022-05-12 16:40:00,399dfec4-01ec-4e84-80b5-cb325d670571,500,20,520
83cdf232-2f18-4718-96a5-436170a271ab,bc67e790-4d24-486d-807f-451f765d80cd,2022-05-12 08:14:00,399dfec4-01ec-4e84-80b5-cb325d670571,600,24,624
5d9afb92-9f16-46c5-8757-c4e0b44858e3,dad7706f-c7f1-48d1-b917-5c159cfffb63,2022-05-12 08:29:00,399dfec4-01ec-4e84-80b5-cb325d670571,600,24,624
31a38ab7-4c4e-4a58-ae5b-fba61263bea6,0a355498-5161-4e43-a119-739ad47fce7c,2022-05-12 08:30:00,399dfec4-01ec-4e84-80b5-cb325d670571,600,24,624
ca6867d8-2c61-43c3-918b-bbbe2a86f477,e5c6f80d-f9e5-4adb-9e14-77344fadcb11,2022-05-12 07:45:00,399dfec4-01ec-4e84-80b5-cb325d670571,500,20,520
f78108bb-482e-4625-bdcd-a68d1ccad729,db76ab32-831a-4cda-966d-d6da473fe822,2022-05-12 11:42:00,399dfec4-01ec-4e84-80b5-cb325d670571,400,16,416
8bd0fd37-959f-4aa5-a26d-7cf5b73d7bcd,cdcb2920-cc0f-45c8-a08d-f245414cc4d1,2022-05-12 07:00:00,399dfec4-01ec-4e84-80b5-cb325d670571,1700,68,1768
faff3290-732f-4eb2-bfe3-d1845e47fd2d,166c3999-d2fd-4356-8470-fbf1029cab0c,2022-05-12 13:23:00,399dfec4-01ec-4e84-80b5-cb325d670571,1800,72,1872
0ce40dd8-d0d5-421e-b050-d5306f9b2433,1970761e-30b2-4231-b0c4-e598194512e9,2022-05-12 07:58:00,399dfec4-01ec-4e84-80b5-cb325d670571,600,24,624
81cd5c2d-5f2c-46aa-9cd1-bb4fe70bb0d0,05717c12-ddbb-4d36-a0d8-f248cae6a710,2022-05-12 17:52:00,399dfec4-01ec-4e84-80b5-cb325d670571,1700,68,1768
0bec3c9f-1e04-452f-a867-919ea1ca7755,3f44b8aa-7b06-4cbc-b5b8-62c759375abf,2022-05-12 07:12:00,399dfec4-01ec-4e84-80b5-cb325d670571,600,24,624
18db06f3-76fb-4185-a331-2b6bc4e6c23c,e51c17e9-54d2-4d0d-951b-d2e942484e4a,2022-05-12 08:02:00,399dfec4-01ec-4e84-80b5-cb325d670571,600,24,624
736d2e22-ece8-4862-8a9e-a12b67773fda,661e7769-737a-4fea-9b2b-61f6ad5f730e,2022-05-12 07:41:00,399dfec4-01ec-4e84-80b5-cb325d670571,400,16,416
9d285feb-8858-4825-b55e-f339a3591fe3,52a20272-6bdc-4d6e-abb9-dabf740d6785,2022-05-12 13:41:00,399dfec4-01ec-4e84-80b5-cb325d670571,400,16,416
c0a0c0c5-6e84-4dfb-8c2c-040e76e35b88,925b1e7a-db75-46f3-8233-e9a0d1cd3eea,2022-05-12 08:39:00,399dfec4-01ec-4e84-80b5-cb325d670571,600,24,624
855a1c3e-c837-4ed4-8272-3df281aec6c3,a7b3a12d-695c-4f09-8f51-70f12068de94,2022-05-12 14:05:00,399dfec4-01ec-4e84-80b5-cb325d670571,400,16,416
7a3d22d7-17eb-4092-a67e-b456597e0677,60314e03-083b-4c10-8481-e96147ef36b6,2022-05-12 08:14:00,399dfec4-01ec-4e84-80b5-cb325d670571,400,16,416
8100b0a6-f234-434a-b57f-d2f044372a2c,1e9b8783-1cf3-480c-ade5-2c44cee664c3,2022-05-12 16:06:00,399dfec4-01ec-4e84-80b5-cb325d670571,600,24,624
5b2d579c-dc6c-4af1-a02a-8e280081c183,0632018d-13b0-4b17-8c09-2355784aa5aa,2022-05-12 08:07:00,399dfec4-01ec-4e84-80b5-cb325d670571,700,28,728
798d9a61-5798-4d76-9dd4-d1a4052046a7,cbfe5614-8eaa-4e55-8eb0-280ca8c3b206,2022-05-12 15:34:00,399dfec4-01ec-4e84-80b5-cb325d670571,400,16,416
120f0a23-b72d-4150-89da-0d8a5b572b8a,86e5e6c3-4891-4fc4-8c11-9b25569b7cdf,2022-05-12 19:25:00,399dfec4-01ec-4e84-80b5-cb325d670571,1800,72,1872
b23e3530-e89e-4810-904f-4aabf7a26237,463da9b3-4b76-4010-ac18-6f8dc077f5f0,2022-05-12 10:39:00,399dfec4-01ec-4e84-80b5-cb325d670571,500,20,520
2a18a994-718a-4d75-9f61-77d7458e576d,6cc22f29-b88b-4f31-9982-e3fd61a88f01,2022-05-12 17:40:00,399dfec4-01ec-4e84-80b5-cb325d670571,2000,80,2080
d4bfa36b-af6b-47e6-92ca-0f2fc041729d,5de2ad61-7d0f-4bd1-976c-54232ea6a2e7,2022-05-12 08:38:00,399dfec4-01ec-4e84-80b5-cb325d670571,600,24,624
59d76794-1e9e-4bd9-bfbe-3b640f4b5a7e,fbc8d614-e3eb-4407-a764-2523025a5ec8,2022-05-12 15:51:00,399dfec4-01ec-4e84-80b5-cb325d670571,1100,44,1144
b643ba43-adfd-4667-9163-27e6ed8712af,2d6bb117-9504-46a7-85f0-ec0842f450ba,2022-05-12 15:03:00,399dfec4-01ec-4e84-80b5-cb325d670571,2600,104,2704
c1281790-9200-4914-9c4c-5b2bc778c42e,adb373d5-a395-4255-97af-7d0c6cc6b076,2022-05-12 07:00:00,399dfec4-01ec-4e84-80b5-cb325d670571,500,20,520
9957861b-71fb-4fcc-bd3a-7b948abf80b5,ec49d138-10a8-4728-b374-f0787bc58520,2022-05-12 16:38:00,399dfec4-01ec-4e84-80b5-cb325d670571,600,24,624
b41e028b-bb1b-44cd-95e8-d872ef92fbf2,adb25cda-7b6a-40cf-b406-ad69754ee6b0,2022-05-12 07:46:00,399dfec4-01ec-4e84-80b5-cb325d670571,700,28,728
1b93c22d-1a63-45ac-9415-a7f23a8045d8,21682723-7ae2-4cfd-93c9-4947abb44c13,2022-05-12 12:00:00,399dfec4-01ec-4e84-80b5-cb325d670571,2500,100,2600
d220fc15-6dfe-42cd-882d-e66f06ec034d,5287ce91-88ed-4f3c-97ab-9e4b1a54601b,2022-05-12 14:32:00,399dfec4-01ec-4e84-80b5-cb325d670571,600,24,624
07475a50-c107-412e-a671-bd2b0ee04a25,837b4aa0-c89e-4bd4-bb7b-eb47bb546bea,2022-05-12 12:39:00,399dfec4-01ec-4e84-80b5-cb325d670571,600,24,624
0c24b2d3-64ef-4360-87b8-7ea2d09512cb,2525b843-71b8-49bf-98a1-4233133347d3,2022-05-12 10:09:00,399dfec4-01ec-4e84-80b5-cb325d670571,1300,52,1352
2d9ff1b2-107f-448c-943c-9e1b4286a6fa,0a1048f1-85cc-41f0-b631-2d395fc26b9a,2022-05-12 07:27:00,399dfec4-01ec-4e84-80b5-cb325d670571,400,16,416
2379fe4c-1e5d-4e15-8d4a-1858950867ab,74273d94-cbf1-411a-8df0-35a4b85b0681,2022-05-12 12:35:00,399dfec4-01ec-4e84-80b5-cb325d670571,400,16,416
14900fc4-54e6-43ae-877f-6e4384f31cae,56283449-e2f6-4698-8bc2-66b1eb74eb69,2022-05-12 13:53:00,399dfec4-01ec-4e84-80b5-cb325d670571,1700,68,1768
0cc6f1cf-8ac0-41f5-aafc-f2393274ef14,b46b4fb3-8cac-4fc1-b866-d8a3911e9ee6,2022-05-12 08:15:00,399dfec4-01ec-4e84-80b5-cb325d670571,600,24,624
a2b5967c-9679-496a-8f32-5e951778be64,4fdc08de-573f-43d1-9124-2486a1325037,2022-05-12 12:41:00,399dfec4-01ec-4e84-80b5-cb325d670571,1200,48,1248
482c9142-4ea9-4670-8eb0-2bc5321ff175,6d4c7874-f396-4603-9f6b-243c1b2f5249,2022-05-12 08:02:00,399dfec4-01ec-4e84-80b5-cb325d670571,700,28,728
431753ff-2374-4b01-bd4d-20d7d5944061,1fd4af81-2e12-4ed4-8893-dd4eaee5ae1a,2022-05-12 09:40:00,399dfec4-01ec-4e84-80b5-cb325d670571,500,20,520
adcd2379-5809-4bc2-8503-fdf46820048e,b19ade62-28e0-4316-9ad0-505bd4086678,2022-05-12 09:34:00,399dfec4-01ec-4e84-80b5-cb325d670571,3700,148,3848
fb7a7ba3-38e3-457a-9462-1e2d3dc1e414,32feea46-a436-43d4-b088-7f86ddf34e8f,2022-05-12 15:31:00,399dfec4-01ec-4e84-80b5-cb325d670571,600,24,624
598fc937-558b-4b70-bfac-109fe88be329,1c7c3326-d10b-4cb5-8266-0d9638b1303e,2022-05-12 07:26:00,399dfec4-01ec-4e84-80b5-cb325d670571,600,24,624
a6ed80a1-ed54-4fee-b2dd-2c91f63a3291,d28e3df0-016c-4bc4-9440-a810ec9db309,2022-05-12 11:14:00,399dfec4-01ec-4e84-80b5-cb325d670571,1200,48,1248
311caef0-5b1b-4943-9609-9c567be9d1d5,fce510d3-f373-4c57-b604-886eb0d21db0,2022-05-12 16:31:00,399dfec4-01ec-4e84-80b5-cb325d670571,700,28,728
40e416cc-1361-4bbe-8211-5333081f66bc,2a9ba068-0857-4b4f-b8bf-2a98887be765,2022-05-12 13:11:00,399dfec4-01ec-4e84-80b5-cb325d670571,700,28,728
1afc6e9a-5705-45be-acfc-524fc5ac8f00,322e4136-8305-4e1b-b14a-5c106d516790,2022-05-12 11:01:00,399dfec4-01ec-4e84-80b5-cb325d670571,600,24,624
e1440461-e99e-4603-80c2-82330fa064a2,3750046f-1d16-4403-b390-b0daba002397,2022-05-12 07:15:00,399dfec4-01ec-4e84-80b5-cb325d670571,500,20,520
a173c37e-c47d-4831-a6ef-88512838f0d7,e0b213d9-1768-4dcd-bf89-bcd54ccf63c3,2022-05-12 14:38:00,399dfec4-01ec-4e84-80b5-cb325d670571,1800,72,1872
47419de5-7676-4b28-8232-104cbd0aa16d,706032a5-7ec5-4263-9b19-a692736a7b4d,2022-05-12 15:04:00,399dfec4-01ec-4e84-80b5-cb325d670571,1000,40,1040
a73f82eb-b865-46f3-b248-bbb921dfc795,c060f105-5ba2-4a34-b2d1-bd98d37213fe,2022-05-12 13:43:00,399dfec4-01ec-4e84-80b5-cb325d670571,2300,92,2392
c3567e60-1ea3-4907-a95d-f5e6b7c16288,d6d0eeb7-92ab-49be-a540-70ee3478c470,2022-05-12 13:35:00,399dfec4-01ec-4e84-80b5-cb325d670571,3200,128,3328
56fa5675-cea5-4417-bfe6-593b53d173cd,53c74fc1-b133-42b2-a1e9-67c9bf047e1b,2022-05-12 08:11:00,399dfec4-01ec-4e84-80b5-cb325d670571,700,28,728
49904b6e-d496-46bc-ad5f-8e5895f35714,f4c58163-72ff-4bb0-bb23-a96e150c760b,2022-05-12 09:16:00,399dfec4-01ec-4e84-80b5-cb325d670571,600,24,624
2d65fa47-2ef0-4deb-ba02-580c3358421b,d7d55d7a-adfa-4bca-aca3-e8d9cdef2bbb,2022-05-12 07:26:00,399dfec4-01ec-4e84-80b5-cb325d670571,500,20,520
b5078fc1-cc60-4406-bca8-70b28b1ca67b,d9f1e50b-9f13-4b29-84b4-58bce0b318e9,2022-05-12 13:21:00,399dfec4-01ec-4e84-80b5-cb325d670571,500,20,520
9b108c85-f9d2-4847-ae5b-a7c34f563c9f,ea90cf6c-55a0-4b3f-a71f-d545222e1f94,2022-05-12 08:11:00,399dfec4-01ec-4e84-80b5-cb325d670571,500,20,520
99476001-4e12-4a68-8ac2-e147ed80a57b,efbc7b36-a08a-4e2b-b07b-10ba647ee226,2022-05-12 15:48:00,399dfec4-01ec-4e84-80b5-cb325d670571,1400,56,1456
cfddd73f-5958-4565-b8b0-521a9a44ffa5,ae7befdb-3eb2-46eb-be5d-57581dd6e1ce,2022-05-12 15:53:00,399dfec4-01ec-4e84-80b5-cb325d670571,1700,68,1768
5039d824-9629-400b-999c-d63def4f48af,934baca2-0258-4116-9849-fc75dbc9c6f0,2022-05-12 16:04:00,399dfec4-01ec-4e84-80b5-cb325d670571,1800,72,1872
101a9c11-a8e8-47e0-a6ad-50462079c361,9caba1bb-73eb-4a7f-a519-ad2cf648da6f,2022-05-12 07:21:00,399dfec4-01ec-4e84-80b5-cb325d670571,500,20,520
058b324d-dd36-4b09-9bfe-d521d0372ad3,cecb29ab-71b2-4db2-aa1c-82bbaacba8b2,2022-05-12 07:31:00,399dfec4-01ec-4e84-80b5-cb325d670571,600,24,624
cefd1daf-72e4-44f4-9099-5f454575d192,66c46797-fba8-4ed2-9d78-9f782204a10c,2022-05-12 11:43:00,399dfec4-01ec-4e84-80b5-cb325d670571,1000,40,1040
8e73b3e7-e8c3-472a-bd75-a2374012a3ab,59f6cd93-9ddb-4491-92fb-415d9f73dc7d,2022-05-12 07:46:00,399dfec4-01ec-4e84-80b5-cb325d670571,500,20,520
ba5f55f5-b3b2-485d-910f-0ffb3a15d33e,63bed2a4-3b22-40b0-ba56-8df88ee6c432,2022-05-12 15:18:00,399dfec4-01ec-4e84-80b5-cb325d670571,400,16,416
8a590787-9316-44c2-84e0-67788842e188,df0ab0b8-fcfa-4c9e-8185-b51285182ccd,2022-05-12 08:10:00,399dfec4-01ec-4e84-80b5-cb325d670571,700,28,728
627ea4e6-0553-486d-8791-f05d6ca279bd,2a7e56cc-6b2f-40a0-a61f-27bf37a61463,2022-05-12 08:20:00,399dfec4-01ec-4e84-80b5-cb325d670571,700,28,728
4823ad44-b22a-4c03-a4a2-74570b9b7364,c2e46f89-14b1-43c3-ac54-bfa75042db0e,2022-05-12 14:11:00,399dfec4-01ec-4e84-80b5-cb325d670571,2500,100,2600
14fae00c-0be1-49fa-ad7a-20cd2c9832de,f6b29537-3df0-46dd-ac88-a11fc5036e04,2022-05-12 07:42:00,399dfec4-01ec-4e84-80b5-cb325d670571,600,24,624
a618bd31-4945-4e07-9e9d-a8a5df6ce7a6,81491293-27fa-4b4d-a857-fb81998a5f13,2022-05-12 17:34:00,399dfec4-01ec-4e84-80b5-cb325d670571,1900,76,1976
320354ce-a9fb-4c2e-8010-ca62f9345ef0,967a7022-3d32-4b50-b71a-bcf7644a97fc,2022-05-12 08:37:00,399dfec4-01ec-4e84-80b5-cb325d670571,600,24,624
968e65cf-9797-4afd-a043-f82eb270447a,9492ca1a-2489-42b2-b0c9-6adacca9b1c5,2022-05-12 16:39:00,399dfec4-01ec-4e84-80b5-cb325d670571,2100,84,2184
4b222cae-8d3a-4b13-8cc7-b74006d1d699,78642928-cbcd-48ba-bda3-d180d488a8c5,2022-05-12 16:28:00,399dfec4-01ec-4e84-80b5-cb325d670571,700,28,728
7dbbdbad-fd99-472a-8df9-a1c7dd9f92db,860569f1-2232-4cd9-9978-262abc401880,2022-05-12 15:31:00,399dfec4-01ec-4e84-80b5-cb325d670571,1800,72,1872
9f05c696-24de-44a5-94b7-6bfb053f5127,446b3f9c-d290-4c3b-a93c-b329d64e2995,2022-05-12 08:37:00,399dfec4-01ec-4e84-80b5-cb325d670571,500,20,520
96823d88-e215-4cdc-a279-606ebfb7761a,d575cd71-0ddd-4bb1-8b77-0b5fde2bcd72,2022-05-12 15:05:00,399dfec4-01ec-4e84-80b5-cb325d670571,2800,112,2912
1845c792-9aa4-4194-9a24-31565b37252c,54c06357-05bb-48e5-9b6a-e20fed5ec1e8,2022-05-12 07:07:00,399dfec4-01ec-4e84-80b5-cb325d670571,500,20,520
6f6912d4-6f19-459c-8b0f-a3b02f695883,55517e0f-2b21-41dc-8065-d5e01b41691d,2022-05-12 16:05:00,399dfec4-01ec-4e84-80b5-cb325d670571,2100,84,2184
b0cb0d64-88ec-404a-a056-e95e02224480,296f6a4c-2b3f-476b-854b-0d2c759eca2b,2022-05-12 08:22:00,399dfec4-01ec-4e84-80b5-cb325d670571,600,24,624
24000b33-b644-47d6-8e70-25313c4b42c1,deb78c99-39dc-4bc6-945d-b40d9b610cc8,2022-05-12 18:54:00,399dfec4-01ec-4e84-80b5-cb325d670571,500,20,520
ad4b3354-5d8f-4eea-812d-d70641d5a92c,22fca930-291f-4c23-a67f-13d00786a2cf,2022-05-12 07:54:00,399dfec4-01ec-4e84-80b5-cb325d670571,600,24,624
2e109bb9-bbe0-4c28-8f4e-3f9aa00c2dfe,9515927d-5691-4b7b-a235-dffd1b58ebd2,2022-05-12 07:59:00,399dfec4-01ec-4e84-80b5-cb325d670571,700,28,728
ad94bc1c-eca1-4de7-810f-6aae6d4845d0,b6b02872-b0cd-4e89-abfb-465489960cd6,2022-05-12 08:08:00,399dfec4-01ec-4e84-80b5-cb325d670571,500,20,520
401894de-1203-4dd3-bf64-db58ff5ab90c,8b1d2bc3-ebe1-425b-903a-e41320247b12,2022-05-12 08:04:00,399dfec4-01ec-4e84-80b5-cb325d670571,500,20,520
6c363778-d29f-4b54-b0fb-23262943e7cd,c6f07dd8-f835-4d99-b7bb-8312d4a48768,2022-05-12 10:57:00,399dfec4-01ec-4e84-80b5-cb325d670571,1500,60,1560
1232f1b2-7f18-4590-b9bd-82e460aa20e8,9e56e04d-0188-40ad-af1a-57ca2a3831b1,2022-05-12 07:51:00,399dfec4-01ec-4e84-80b5-cb325d670571,400,16,416
66bf2b05-5d21-499f-9738-d8bca40e350e,aa148367-0783-4df7-86ab-187e074f6b1e,2022-05-12 12:24:00,399dfec4-01ec-4e84-80b5-cb325d670571,1700,68,1768
e0eb0058-e1f1-4384-9f80-ebb404b472d7,07ff8e56-5871-42fd-8bdd-0fb60a37b543,2022-05-12 14:23:00,399dfec4-01ec-4e84-80b5-cb325d670571,600,24,624
6d132bfe-54aa-4f09-8526-8fa450957d7e,8c84dcd6-b688-4626-9015-e867dc2f3b84,2022-05-12 12:06:00,399dfec4-01ec-4e84-80b5-cb325d670571,600,24,624
af2f01ee-77d4-4eb4-8adf-c3ced1614fd0,3b038156-d454-4b44-b32d-706f0f2da264,2022-05-12 16:49:00,399dfec4-01ec-4e84-80b5-cb325d670571,600,24,624
c353ca29-2ea1-4f95-bbf6-3e248fdd0cc9,c80f7422-fd62-4bf9-aa1f-e01de5afd158,2022-05-12 14:34:00,399dfec4-01ec-4e84-80b5-cb325d670571,400,16,416
1c557b63-1645-44a0-9aba-bf41f0c8706c,62ffd2c6-fb04-45b8-9953-aeaf4dc0e21b,2022-05-12 12:59:00,399dfec4-01ec-4e84-80b5-cb325d670571,700,28,728
398865f6-12ac-4232-a19f-dd98c97fe1ef,792943df-db3f-4147-9a2e-52694cbb3f9f,2022-05-12 19:10:00,399dfec4-01ec-4e84-80b5-cb325d670571,600,24,624
1fc2e42d-2adc-411c-a5bd-5dce69519e90,1d2bee3a-184a-4cb2-80b3-1dce38b22d22,2022-05-12 07:39:00,399dfec4-01ec-4e84-80b5-cb325d670571,700,28,728
7c1a9f7d-13de-496d-9b10-947f0b97c3d3,b531b498-2a6e-4860-986c-f8afddc6cdae,2022-05-12 10:39:00,399dfec4-01ec-4e84-80b5-cb325d670571,2400,96,2496
40b01168-8bee-47b0-8867-1361ee29bb59,bed25d79-2540-4845-bba9-bf545aa212d5,2022-05-12 08:28:00,399dfec4-01ec-4e84-80b5-cb325d670571,700,28,728
3b9f0e96-105d-49aa-99bc-be30433c4c19,d48b8bc6-6b9c-4ea5-ba1f-178d499d6e3c,2022-05-12 08:22:00,399dfec4-01ec-4e84-80b5-cb325d670571,600,24,624
8e939229-a6ac-45e6-9c2f-2caae4165175,6f365f6f-1754-4a30-bcde-ebbb019f50cb,2022-05-12 18:12:00,399dfec4-01ec-4e84-80b5-cb325d670571,1800,72,1872
be99b9ee-1013-4d44-9e23-9f7f80cc7804,47202b7f-f02c-4fa7-bc76-f0a8a6c3c6f4,2022-05-12 19:08:00,399dfec4-01ec-4e84-80b5-cb325d670571,2000,80,2080
7ca3ed67-41a9-4c1d-8ec0-062432946622,1a397e98-a315-410a-a7b9-84e908831ab2,2022-05-12 08:48:00,399dfec4-01ec-4e84-80b5-cb325d670571,600,24,624
5f9032c8-b372-412e-b421-3b42a5087cf0,41987941-1c75-4899-82ce-059f829fe6a7,2022-05-12 14:09:00,399dfec4-01ec-4e84-80b5-cb325d670571,1700,68,1768
4a2f3013-c048-4705-9f46-943de5127858,42edd54e-81f6-441b-8544-03202ee1758b,2022-05-12 07:49:00,399dfec4-01ec-4e84-80b5-cb325d670571,600,24,624
408414ff-a80f-44d8-b927-621e0ba5bc9c,27d02c94-a3b6-42e8-9008-fa7ce7a0733b,2022-05-12 15:47:00,399dfec4-01ec-4e84-80b5-cb325d670571,500,20,520
5524e51a-0fea-4d90-95ff-1db74c5d3b7f,bd71fb03-b338-4c1f-a560-f9b491c9b18b,2022-05-12 12:18:00,399dfec4-01ec-4e84-80b5-cb325d670571,700,28,728
e839432b-3bdd-4d0b-a90f-1ba8fd5190a1,8eaa6afd-6912-40d4-89a5-25edd3277057,2022-05-12 07:16:00,399dfec4-01ec-4e84-80b5-cb325d670571,700,28,728
f13d7af7-9d9a-44c6-8c06-3acc6a713f37,047917ca-7ab2-453c-9301-f95121c3fe26,2022-05-12 17:36:00,399dfec4-01ec-4e84-80b5-cb325d670571,2000,80,2080
51a16c9c-e95a-4602-a257-dccc6e60849b,da1f4cec-6a00-4809-9474-e6f12290b50a,2022-05-12 07:19:00,399dfec4-01ec-4e84-80b5-cb325d670571,600,24,624
b6b7e1c6-f93a-4f86-b32a-47af5f8d7dbc,d2bca176-3811-48af-8634-7e79b1e71005,2022-05-12 08:40:00,399dfec4-01ec-4e84-80b5-cb325d670571,700,28,728
554f8711-fda7-4d30-af26-0cbeac60994e,aa619249-0107-432a-b657-1cd8066c6cf1,2022-05-12 08:02:00,399dfec4-01ec-4e84-80b5-cb325d670571,400,16,416
3b6f10be-a254-4408-92eb-547b6941a1d6,8a30d95d-a13d-4ac7-94bd-492255495aa0,2022-05-12 07:33:00,399dfec4-01ec-4e84-80b5-cb325d670571,600,24,624
200bc578-a7d8-4dbe-95cc-2f7750febc00,e8433fb9-0159-4aab-891c-4ccd4936cda3,2022-05-12 14:22:00,399dfec4-01ec-4e84-80b5-cb325d670571,900,36,936
9a345c81-34e4-425d-9838-981acd14c993,bca7ccae-c4ad-44f6-bac2-61812db72e3c,2022-05-12 14:42:00,399dfec4-01ec-4e84-80b5-cb325d670571,500,20,520
8dee0188-a353-4bfd-a73f-3520148b6d82,32493412-a54d-44b7-be0f-be74f4848984,2022-05-12 13:24:00,399dfec4-01ec-4e84-80b5-cb325d670571,500,20,520
5b620cdc-d97e-422c-b33e-2d89cd905dc0,c2122736-645f-4e2c-8798-f50a038cd3ac,2022-05-12 07:54:00,399dfec4-01ec-4e84-80b5-cb325d670571,500,20,520
fcce3234-09d8-4249-b3a9-a74df1655397,80ca21f8-93e5-495d-bb56-054227484bee,2022-05-12 07:30:00,399dfec4-01ec-4e84-80b5-cb325d670571,600,24,624
a97590b4-490c-4029-b8c6-5e9501d421bb,78786d33-bad0-48cc-beb9-8f5be69b253a,2022-05-12 14:34:00,399dfec4-01ec-4e84-80b5-cb325d670571,600,24,624
cfe85259-7b2f-437e-a9d4-0b16564514a1,c5eee5d1-adab-4f6c-b0f6-f734e29aaeb9,2022-05-12 13:30:00,399dfec4-01ec-4e84-80b5-cb325d670571,1900,76,1976
14353c81-f557-4e72-af17-ea93537185bd,2ac5af80-e8de-4e6b-bf57-7946a6ffa134,2022-05-12 13:25:00,399dfec4-01ec-4e84-80b5-cb325d670571,600,24,624
ca6499df-e637-4fa5-9962-a624fcc605f7,31bcc2b0-1949-4bf8-b3a1-bba8b307b63b,2022-05-12 17:00:00,399dfec4-01ec-4e84-80b5-cb325d670571,1700,68,1768
a7475523-aa03-409a-9936-47a7f3e4ae31,02d95fd6-1019-4486-b901-bb53f5b8a321,2022-05-12 07:45:00,399dfec4-01ec-4e84-80b5-cb325d670571,600,24,624
022e3bf8-53ce-48fe-9e9a-cc13c999d1d5,bfc3820c-66de-4a51-910b-4ddc3d9ccc64,2022-05-12 15:56:00,399dfec4-01ec-4e84-80b5-cb325d670571,600,24,624
6ea1c832-0c10-47e7-bc10-daa7cafc3f94,386340af-6088-4f1f-ae02-2c9b5354c3a8,2022-05-12 07:46:00,399dfec4-01ec-4e84-80b5-cb325d670571,1200,48,1248
2e8f3f2f-820c-4dc5-81c1-d34c3741709d,f562c197-2120-4bc3-ad48-f86f3af31d93,2022-05-12 09:15:00,399dfec4-01ec-4e84-80b5-cb325d670571,600,24,624
79aa1f10-a088-4cd9-ac57-a0a9920798b3,9d5d41c1-38c8-4da6-9be9-23487ec0ea78,2022-05-12 15:30:00,399dfec4-01ec-4e84-80b5-cb325d670571,700,28,728
0661363c-9b25-489f-b41f-671d503b90e1,0e83b29c-870a-4a62-a84b-e7db2a461c34,2022-05-12 12:25:00,399dfec4-01ec-4e84-80b5-cb325d670571,700,28,728
acf9925f-278f-49f4-8f80-429942752d83,4e2f586d-21cc-44d0-8ba0-0ab553f89593,2022-05-12 07:56:00,399dfec4-01ec-4e84-80b5-cb325d670571,700,28,728
16f2f7ef-a6cd-4ea7-88fa-196af1bbc5df,1f318b87-a217-4382-9920-052ed8c34a02,2022-05-12 17:58:00,399dfec4-01ec-4e84-80b5-cb325d670571,700,28,728
ec1f9a69-f7de-431e-8ea3-5959077c481f,8e38740b-b208-41d8-842e-1d3adbc0061f,2022-05-12 18:11:00,399dfec4-01ec-4e84-80b5-cb325d670571,1600,64,1664
391299b9-c35c-448b-b75d-9e3f3c96299e,4c7de6c4-7bb8-4a14-a7e5-7073faf72cfe,2022-05-12 14:33:00,399dfec4-01ec-4e84-80b5-cb325d670571,700,28,728
cb9ba4d5-16cf-4b0f-a460-a1ec573f78cc,c1bf2415-c749-4874-b0ba-09b667d1e1c7,2022-05-12 11:42:00,399dfec4-01ec-4e84-80b5-cb325d670571,1700,68,1768
d37194cd-5dd1-4f4d-9cbf-9f96383d31b1,4c902353-eb78-41c4-bdea-e19c5de3d638,2022-05-12 17:26:00,399dfec4-01ec-4e84-80b5-cb325d670571,500,20,520
7ab4f8e6-7865-4745-b8a4-0d07aee36e5a,f9617f0b-4e19-49f8-a48b-8195da86f70c,2022-05-12 08:59:00,399dfec4-01ec-4e84-80b5-cb325d670571,1100,44,1144
4a836e7a-8f4c-4f8e-9f41-aa46a8928725,35c48889-9128-49d3-8202-144e3434c195,2022-05-12 07:14:00,399dfec4-01ec-4e84-80b5-cb325d670571,700,28,728
6927f57b-c725-4b07-8927-837659aaadb5,5a7695c2-a2b0-4fa9-b900-f13d94db2390,2022-05-12 15:48:00,399dfec4-01ec-4e84-80b5-cb325d670571,700,28,728
418b65be-d8c2-48b9-ba3e-7e1b5e65c96d,337caee2-578d-4ff8-8415-bdd171629624,2022-05-12 08:19:00,399dfec4-01ec-4e84-80b5-cb325d670571,400,16,416
ddd150f0-8559-46af-8a37-da2a08874407,f5c4c3cb-5637-4cda-9b83-fd6d23e3269e,2022-05-12 19:22:00,399dfec4-01ec-4e84-80b5-cb325d670571,1600,64,1664
f7728389-fd0b-44b3-a806-4a11c79c6d11,df7ab85e-a71c-404b-a801-79763e8311d0,2022-05-12 08:16:00,399dfec4-01ec-4e84-80b5-cb325d670571,600,24,624
f3a0a7c8-78f3-4dbe-93d2-372739838228,56523397-5a78-44eb-8c6e-4f63400a088e,2022-05-12 08:39:00,399dfec4-01ec-4e84-80b5-cb325d670571,400,16,416
b44d1752-ad13-46b9-a28a-9a0e3220c04b,3fd9454f-29e8-4ea8-8fba-538c0c968c03,2022-05-12 15:01:00,399dfec4-01ec-4e84-80b5-cb325d670571,700,28,728
b3cff3f2-73f5-40cf-bf4c-b105ba367e11,b9892ed8-d7b1-4b54-8ca3-f2eff400a3a2,2022-05-12 07:20:00,399dfec4-01ec-4e84-80b5-cb325d670571,600,24,624
8b909e47-6b3b-4e0f-9dcc-cc730b217910,629f5d40-70a3-46cc-aa4e-e07f822098ad,2022-05-12 08:03:00,399dfec4-01ec-4e84-80b5-cb325d670571,600,24,624
a28a5439-ad85-48c7-8d91-15b0a131da58,94fa38c4-08f6-410a-a684-f73ecb423350,2022-05-12 08:18:00,399dfec4-01ec-4e84-80b5-cb325d670571,4000,160,4160
eea12549-ac07-4797-9f5a-fe5fc4f20cbc,01ad5e63-5943-467e-a1d9-f9658ba260eb,2022-05-12 08:25:00,399dfec4-01ec-4e84-80b5-cb325d670571,400,16,416
33fea013-3b79-4bb5-be0a-871e49beccfb,74f04e64-1a60-443e-9276-1d86972df9ff,2022-05-12 12:47:00,399dfec4-01ec-4e84-80b5-cb325d670571,1900,76,1976
a41efcb8-f7af-4b5e-81ba-fca4e11d26c4,ae2fbb8f-0ed4-4a44-9b72-66606afefc2a,2022-05-12 07:26:00,399dfec4-01ec-4e84-80b5-cb325d670571,2400,96,2496
9beb2657-e00d-49bc-84bb-88259b6efdc0,3ba017e1-3de6-4cf0-986b-4e215573508b,2022-05-12 11:58:00,399dfec4-01ec-4e84-80b5-cb325d670571,600,24,624
b9e3fc0d-9ee9-4535-97ca-07a671f6f28a,d787287a-9b36-46ee-8c9a-3425302d81bc,2022-05-12 07:58:00,399dfec4-01ec-4e84-80b5-cb325d670571,400,16,416
303f66bf-f24e-4e5f-a3e5-adfbfdc225d2,f8fa33a8-b390-4666-87a1-cebd987d2dee,2022-05-12 08:38:00,399dfec4-01ec-4e84-80b5-cb325d670571,700,28,728
9e173796-a646-4e04-969b-be740a04dfb5,fab0de85-1e9d-4a30-abed-e99da282f7a9,2022-05-12 13:21:00,399dfec4-01ec-4e84-80b5-cb325d670571,1200,48,1248
3e198a9a-d9af-4b17-b8ee-7dabe38e0394,4820e533-6ef9-474a-93c4-7d85c2f425a1,2022-05-12 19:09:00,399dfec4-01ec-4e84-80b5-cb325d670571,1600,64,1664
eba282fa-dee1-40c3-a8ba-35177f5f75ee,e1e9b8c7-d134-4c0b-bcaa-e9fe90851348,2022-05-12 12:24:00,399dfec4-01ec-4e84-80b5-cb325d670571,4600,184,4784
ccb29c4d-752c-4a9a-b2ba-09796d3cf68a,e1ab4bba-e1ba-4de1-861e-8e60f782f0ae,2022-05-12 16:21:00,399dfec4-01ec-4e84-80b5-cb325d670571,400,16,416
0223747b-d414-4914-9e18-feba7ad73569,fe5970a8-ffd4-4560-8321-418435f93f1d,2022-05-12 07:44:00,399dfec4-01ec-4e84-80b5-cb325d670571,700,28,728
bf5abab4-0edf-438a-8916-4230256b1ab5,175b56d1-f0a1-4312-80d4-933a026c0757,2022-05-12 07:15:00,399dfec4-01ec-4e84-80b5-cb325d670571,400,16,416
65feb428-1ce8-4b9b-8804-892195d8c3d4,3717e873-e6ac-472e-a8d7-fcf18a19a352,2022-05-12 12:34:00,399dfec4-01ec-4e84-80b5-cb325d670571,1600,64,1664
76ad0474-bc1f-4de8-bc42-1fc6e21ead1e,4258d2e3-929f-4c61-9d8a-ecfbebf28309,2022-05-12 12:33:00,399dfec4-01ec-4e84-80b5-cb325d670571,600,24,624
f479af00-daaf-4ef3-bc3a-db1dc0458a3f,393e344b-01f0-4b0f-8532-6a69f5448868,2022-05-12 08:29:00,399dfec4-01ec-4e84-80b5-cb325d670571,400,16,416
0e50d504-c66d-4d22-b9f2-ec4838ad8ba0,f7e7396b-020c-4ce3-876c-1598ff603f5c,2022-05-12 12:18:00,399dfec4-01ec-4e84-80b5-cb325d670571,400,16,416
1e763320-886a-45fd-b2f8-a912c532d731,88d6b3c9-5501-4dcc-8870-88d2b5a7d2b7,2022-05-12 07:46:00,399dfec4-01ec-4e84-80b5-cb325d670571,400,16,416
1c308457-5712-4baf-903f-330e6abaa179,56ca389d-e4ed-4ef5-aad9-06921244e5fa,2022-05-12 15:16:00,399dfec4-01ec-4e84-80b5-cb325d670571,500,20,520
8425d9b5-0b39-4799-8d7a-9eda85a2b254,c60b2684-3387-4c5b-9304-ce101427a10e,2022-05-12 08:36:00,399dfec4-01ec-4e84-80b5-cb325d670571,400,16,416
f9966bab-531d-4193-8a08-723aeb1fec7c,190fbfa8-42b6-49cb-bfa2-1f3fa4d2b6c9,2022-05-12 14:54:00,399dfec4-01ec-4e84-80b5-cb325d670571,600,24,624
c58db10a-5667-4529-8aac-3a78e993b08e,bbd4a2a1-6d78-49be-847b-042067ac5461,2022-05-12 14:00:00,399dfec4-01ec-4e84-80b5-cb325d670571,1200,48,1248
cf9f3739-12d7-40e6-bf30-a1c093465f8e,6ebef4bf-63b8-4e88-a3ee-5371e37ad7d2,2022-05-12 11:29:00,399dfec4-01ec-4e84-80b5-cb325d670571,700,28,728
48250ef9-28d4-4bf1-b585-e7f3ac9781d1,d47ee806-33f9-40d8-82a9-6f70032affaf,2022-05-12 13:14:00,399dfec4-01ec-4e84-80b5-cb325d670571,400,16,416
61f1e791-cdc9-4737-af91-39c546981f2d,49f333a5-ceed-47fa-bb47-d3312f0c3caf,2022-05-12 16:27:00,399dfec4-01ec-4e84-80b5-cb325d670571,3700,148,3848
37aa4e05-1221-49c0-834d-8dad9197be37,874debbd-986d-4578-8143-0637382cad0d,2022-05-12 15:09:00,399dfec4-01ec-4e84-80b5-cb325d670571,500,20,520
e0576df3-e355-4060-a2e5-6eb0b51575e0,49c762bb-3c37-4b70-89e7-915b46aea67e,2022-05-12 17:09:00,399dfec4-01ec-4e84-80b5-cb325d670571,1600,64,1664
a274243d-2537-4aef-886f-8f6a6202330b,82490db6-c9bd-4a9c-a119-f07fbf6a46b5,2022-05-12 08:31:00,399dfec4-01ec-4e84-80b5-cb325d670571,700,28,728
29327140-939f-49bc-9e82-4af6d5fc08d4,6be14bf4-3d0e-4952-bf65-4c65a84d6317,2022-05-12 08:14:00,399dfec4-01ec-4e84-80b5-cb325d670571,600,24,624
02b34cdb-2d62-48eb-9d6c-13ac8ef39467,c1b18263-70bc-4b00-99a6-4f17212b6651,2022-05-12 09:15:00,399dfec4-01ec-4e84-80b5-cb325d670571,1800,72,1872
7d6fcd88-9b01-49ae-8ec5-2c426b3bfeb6,638b7677-d131-4292-886e-bf9c8d6b99ba,2022-05-12 08:27:00,399dfec4-01ec-4e84-80b5-cb325d670571,600,24,624
d3a09415-f2a7-402c-bba7-9999f33538ac,7f2bc1a6-5b0e-4be8-8a21-d5c3591749cb,2022-05-12 15:10:00,399dfec4-01ec-4e84-80b5-cb325d670571,400,16,416
bec6ec0c-7eeb-4e93-8a8b-92307743b99b,38b04a00-25c3-4cc0-9de5-c5c9807752fb,2022-05-12 16:28:00,399dfec4-01ec-4e84-80b5-cb325d670571,500,20,520
3bc74cf8-7fd6-411f-973a-effb163ef862,f256cbdd-6aa1-4b99-a1c6-9ab67f9c3223,2022-05-12 15:39:00,399dfec4-01ec-4e84-80b5-cb325d670571,500,20,520
8bbab6b2-15b4-45e6-9f41-5692818e437c,3dfec5a1-2732-414d-82de-29395c432266,2022-05-12 08:42:00,399dfec4-01ec-4e84-80b5-cb325d670571,600,24,624
14b161f8-7a99-44b0-b172-6f96f7a5bd7b,e9ef1eb3-db11-4e4b-b0f6-55acc47d73e7,2022-05-12 17:40:00,399dfec4-01ec-4e84-80b5-cb325d670571,400,16,416
6ddf6425-441a-4c53-9908-9ae7d8509bed,b741bbdf-2063-4577-a506-c8982e3a0323,2022-05-12 08:07:00,399dfec4-01ec-4e84-80b5-cb325d670571,700,28,728
265faf3a-2d7a-4abc-a555-bdeb7518fd83,47102ecf-be37-4a37-adaa-b5ed933ebf2a,2022-05-12 10:05:00,399dfec4-01ec-4e84-80b5-cb325d670571,600,24,624
ec3804b9-702f-491d-8c04-b437123da45e,3e144863-036b-4f7e-8ab5-d3d4a50195f7,2022-05-12 16:37:00,399dfec4-01ec-4e84-80b5-cb325d670571,2000,80,2080
58bad03e-f459-4251-a76f-3fa0dec94f1a,bb9d7ade-1359-411a-b0e7-e27c37588d1c,2022-05-12 08:35:00,399dfec4-01ec-4e84-80b5-cb325d670571,600,24,624
f74cec72-3ce0-4165-bc2c-cb061aed3663,4f61cbd1-9a7f-481c-9f5c-ceb21aa6e571,2022-05-12 17:43:00,399dfec4-01ec-4e84-80b5-cb325d670571,1800,72,1872
790cffd2-8076-4e95-a1c3-32d72ae3eb32,269df0b9-75f1-4f95-b858-ab8527a08573,2022-05-12 15:42:00,399dfec4-01ec-4e84-80b5-cb325d670571,600,24,624
39905380-d3e7-4933-bfa4-83f0c66bc5fe,90c4aa98-bd75-46e4-b7ee-0d5e3c7d7e57,2022-05-12 10:22:00,399dfec4-01ec-4e84-80b5-cb325d670571,600,24,624
ed35a89f-408e-427b-bc9d-95e18123b0ba,a357ce93-5d89-46aa-a14e-af795d356c1f,2022-05-12 11:40:00,399dfec4-01ec-4e84-80b5-cb325d670571,0,0,0
fc8b5e15-1362-4c0a-aba5-29190369b1be,419d1cd0-c9ee-4c57-9ce9-f01e6a0c4637,2022-05-12 07:03:00,399dfec4-01ec-4e84-80b5-cb325d670571,400,16,416
d1b01ac2-3015-4d61-a2cb-c507778867d9,9385e880-136f-4853-bb94-87d293e455f9,2022-05-12 15:01:00,399dfec4-01ec-4e84-80b5-cb325d670571,1800,72,1872
aac09c22-0208-4441-b143-80e3b62f8053,9350c210-10a7-4b2f-ba74-5f52c9f4319b,2022-05-12 19:52:00,399dfec4-01ec-4e84-80b5-cb325d670571,1400,56,1456
bc336783-3c2c-40af-a172-e9ab103e54bd,2e115436-fac0-48c1-8088-4a199e32aeb8,2022-05-12 07:47:00,399dfec4-01ec-4e84-80b5-cb325d670571,600,24,624
1875ee54-4ec4-4764-bd14-9fda40395fb9,c0f66bfa-64b7-407a-bdba-c8e6d01367c8,2022-05-12 12:32:00,399dfec4-01ec-4e84-80b5-cb325d670571,700,28,728
a3fc27be-1b02-4882-948b-85604db23598,66c7df80-d945-468b-91db-2a2e7f5333f9,2022-05-12 09:35:00,399dfec4-01ec-4e84-80b5-cb325d670571,600,24,624
ef3d5366-3dbf-410e-b0d8-af9dd52a1876,3a49ef30-840a-49cf-9af7-2950d5d6314b,2022-05-12 17:01:00,399dfec4-01ec-4e84-80b5-cb325d670571,400,16,416
115d3f21-efe1-4a54-a61b-9c2386151d40,1cf7c15b-9c7e-4885-9240-b1459da8b9d3,2022-05-12 13:19:00,399dfec4-01ec-4e84-80b5-cb325d670571,500,20,520
ce514c23-8177-42f1-bd76-dc79da637adf,5436b071-d444-4632-9ab0-847c7a37dc90,2022-05-12 16:00:00,399dfec4-01ec-4e84-80b5-cb325d670571,2100,84,2184
d511a220-08b3-4ccf-acfa-f498425a77c8,60a8ecd6-8c8f-4548-a548-223aa3c4717f,2022-05-12 07:34:00,399dfec4-01ec-4e84-80b5-cb325d670571,600,24,624
90b18e2c-6bb4-4e21-a960-8d1f156b81ae,9f087b1a-7a86-434b-8ca0-08a841b45429,2022-05-12 07:00:00,399dfec4-01ec-4e84-80b5-cb325d670571,600,24,624
90e4111f-c934-4f90-bed8-ece71cae1779,b259e63d-c998-4f0c-ab7f-8d3a22fd7aa7,2022-05-12 14:53:00,399dfec4-01ec-4e84-80b5-cb325d670571,400,16,416
c37dfa3b-3f72-4354-bfe2-332060375bac,6fadd350-0f6a-4d1d-bedc-1227fa69f959,2022-05-12 15:29:00,399dfec4-01ec-4e84-80b5-cb325d670571,600,24,624
5e29886e-5503-4257-8661-40c3e0296e4b,d21877bf-b729-4e1d-bc29-a1f08b1cece4,2022-05-12 14:44:00,399dfec4-01ec-4e84-80b5-cb325d670571,600,24,624
5c33230b-e365-4a38-8169-14ec16035cf9,d7be0311-c786-4146-a16e-26ffa7c8db08,2022-05-12 11:48:00,399dfec4-01ec-4e84-80b5-cb325d670571,1800,72,1872
d29d259c-cd0e-488a-a8d7-37367b6d8ba8,0cc755c0-0f54-4056-ae9a-18f3670a8c41,2022-05-12 15:50:00,399dfec4-01ec-4e84-80b5-cb325d670571,500,20,520
e2107d7a-cbff-4f4b-93f8-873240c22dca,733bc17a-6b25-4b2f-9d45-bfe808dc93c0,2022-05-12 12:58:00,399dfec4-01ec-4e84-80b5-cb325d670571,500,20,520
db0cbd3e-38dd-4a96-b2b9-72f314543454,5df5dc39-24da-42e2-b37a-b4d4018ed856,2022-05-12 09:39:00,399dfec4-01ec-4e84-80b5-cb325d670571,600,24,624
917fc8fc-67ea-445f-8ffc-c41ec2e95b55,21b796ce-f7e3-447f-b2fc-b7ab9e3f0d85,2022-05-12 14:00:00,399dfec4-01ec-4e84-80b5-cb325d670571,600,24,624
f4fb7e66-c893-49de-8597-a7dd3f84c080,5e65c6d6-a81f-4cee-b034-51aa45e41b4e,2022-05-12 07:51:00,399dfec4-01ec-4e84-80b5-cb325d670571,500,20,520
4869eafe-c394-4f68-93fd-af431d98897d,e4c49a66-027e-4b84-b22c-e8d611b19dc2,2022-05-12 10:47:00,399dfec4-01ec-4e84-80b5-cb325d670571,500,20,520
72568883-dd83-4177-9e02-54039f16a2d6,408711a0-3260-472a-86c1-07325f01dad7,2022-05-12 13:16:00,399dfec4-01ec-4e84-80b5-cb325d670571,1000,40,1040
a0df1a78-f47a-41e2-b805-85cf26944a2f,749e2083-d8e9-4bad-aa5b-548cf20a6c12,2022-05-12 14:24:00,399dfec4-01ec-4e84-80b5-cb325d670571,400,16,416
395a5723-9b04-4388-95ef-10e7d45964c6,6f03b818-c7d4-4b58-9d22-0b2e4f095638,2022-05-12 16:37:00,399dfec4-01ec-4e84-80b5-cb325d670571,700,28,728
2aecd136-086e-4a65-b71b-ede037ee5ede,7ff9d476-6e5a-4127-b544-2e2d564cb581,2022-05-12 18:26:00,399dfec4-01ec-4e84-80b5-cb325d670571,600,24,624
5daa57b2-7ac7-4083-8b94-b23740547b0d,06428c6a-1380-424a-b43e-4531141be890,2022-05-12 07:42:00,399dfec4-01ec-4e84-80b5-cb325d670571,600,24,624
7ca72708-ae97-4f52-95c9-2b5fadfff7a0,347937b1-a1e4-465a-8806-694910b7f61d,2022-05-12 08:29:00,399dfec4-01ec-4e84-80b5-cb325d670571,600,24,624
31313c55-95ca-4a0e-acc9-97ece2ccfd65,32074f1f-acff-4079-893d-b5ad4572a8c4,2022-05-12 11:09:00,399dfec4-01ec-4e84-80b5-cb325d670571,1700,68,1768
20c275f6-ad7f-456c-a25e-751c6583bcc8,81accf64-8081-482a-ba4f-b9ab41a42f91,2022-05-12 15:13:00,399dfec4-01ec-4e84-80b5-cb325d670571,1900,76,1976
54b47713-c657-42a0-b5d5-ef9d73dc29e5,c8f546ab-e1bc-475e-951f-b7d04fedfd6c,2022-05-12 16:42:00,399dfec4-01ec-4e84-80b5-cb325d670571,400,16,416
efb776d8-08d1-4f9b-b104-da958635729b,2d58c862-6caf-4e9a-acfe-df194768718b,2022-05-12 13:36:00,399dfec4-01ec-4e84-80b5-cb325d670571,400,16,416
907cbafd-8499-4100-8370-892a549acb32,bf4431e0-408f-46e2-9427-0006512e70f9,2022-05-12 12:14:00,399dfec4-01ec-4e84-80b5-cb325d670571,500,20,520
75798dce-bf25-411d-8f11-c09847e29ec1,0b7b056b-c902-4224-87b7-f0310af14cd2,2022-05-12 07:35:00,399dfec4-01ec-4e84-80b5-cb325d670571,400,16,416
324f9dd4-931e-4a31-bcc1-9bbcd97bc1fa,e467d5f6-66ab-4541-a74a-f1ba6235240e,2022-05-12 17:07:00,399dfec4-01ec-4e84-80b5-cb325d670571,600,24,624
adf45fea-3c34-4676-bb9b-ec38a640da02,49d45173-97fb-46fa-b7ab-351eade2898d,2022-05-12 07:14:00,399dfec4-01ec-4e84-80b5-cb325d670571,600,24,624
289ddbed-e3a1-47d3-b11d-5e9991923535,7e04fe6b-5f22-46bc-b418-22d60ac811c0,2022-05-12 07:45:00,399dfec4-01ec-4e84-80b5-cb325d670571,400,16,416
f993a8ef-7022-4822-8ace-15f359fa3639,c277e494-ed67-421f-9c0a-78ec662fc165,2022-05-12 14:32:00,399dfec4-01ec-4e84-80b5-cb325d670571,1700,68,1768
ce29bf78-8fcd-477a-bbfc-1c07f9495b93,e86c5af2-7ab5-4de1-a956-c30109f40f15,2022-05-12 13:05:00,399dfec4-01ec-4e84-80b5-cb325d670571,700,28,728
dab537ed-bfe8-42ab-8fbd-d5152fa00ef5,996a6380-67cd-421a-8260-817f6575b769,2022-05-12 08:02:00,399dfec4-01ec-4e84-80b5-cb325d670571,700,28,728
85b7e3ba-96e1-4f19-8f03-ca827de13836,d5fbd31a-52ec-4888-a8e9-72d82db651a8,2022-05-12 14:13:00,399dfec4-01ec-4e84-80b5-cb325d670571,600,24,624
2644915e-070e-4e6c-8691-cdb2362ebe93,130e18e8-70ab-44f4-8e32-4df8ec29ff4b,2022-05-12 14:15:00,399dfec4-01ec-4e84-80b5-cb325d670571,1900,76,1976
d1c95689-929b-4aa8-b535-7870ccc3c50e,54a36478-eb04-47c1-a91f-4eaff1d02fef,2022-05-12 14:59:00,399dfec4-01ec-4e84-80b5-cb325d670571,700,28,728
1501149c-a8ea-4022-8748-9bdc721826a2,22b25d92-e3ad-493e-84b7-02c1c5bc99c4,2022-05-12 11:00:00,399dfec4-01ec-4e84-80b5-cb325d670571,1800,72,1872
0b1f4aa9-5fda-4a89-b97d-2e8556291cd1,7fc87d1d-64fc-43a6-a3f4-85eeaf8e1886,2022-05-12 18:36:00,399dfec4-01ec-4e84-80b5-cb325d670571,1700,68,1768
f6379565-515a-471f-a6d9-bd1ce61a19d3,254bfb81-7794-44ad-ad06-d37904bf0e24,2022-05-12 13:19:00,399dfec4-01ec-4e84-80b5-cb325d670571,500,20,520
ea5ded60-b268-4fcd-98e2-4df1c31a396e,b255511e-5860-44d3-9bc8-07434bb0377c,2022-05-12 08:01:00,399dfec4-01ec-4e84-80b5-cb325d670571,600,24,624
e14f9f52-092b-4bcb-9462-7dda0926b234,0b8d755b-5279-44f7-bac8-81c2738b1111,2022-05-12 08:11:00,399dfec4-01ec-4e84-80b5-cb325d670571,400,16,416
bf065917-c816-4ab9-8c8c-b26c972eb052,58ce6298-8492-452a-9f99-a55d99e454e4,2022-05-12 08:19:00,399dfec4-01ec-4e84-80b5-cb325d670571,700,28,728
4ce604d3-ddde-49df-9ddc-96ab45e8d337,df13ac1c-3ad8-4ead-af33-b27d83bb34c0,2022-05-12 12:28:00,399dfec4-01ec-4e84-80b5-cb325d670571,2400,96,2496
ddc02bf9-1bda-4c07-a72f-29fccff9a456,79119db4-69f9-449e-8ce8-a993232bd6f6,2022-05-12 13:28:00,399dfec4-01ec-4e84-80b5-cb325d670571,400,16,416
64b0be6f-e629-4c1f-b29f-564f5bfd8420,b04d849b-94c4-43b6-86ed-cf26dbe24ee8,2022-05-12 08:18:00,399dfec4-01ec-4e84-80b5-cb325d670571,600,24,624
2ca787cb-7762-434c-bb73-a952c7219c74,2ae61282-d749-4519-ba0e-6c7e550c7eab,2022-05-12 13:43:00,399dfec4-01ec-4e84-80b5-cb325d670571,1200,48,1248
2612ec3a-0dbc-4f0f-af74-b3a24e2e1b52,d663fbbf-6362-4dc0-9cff-3f3e00effccc,2022-05-12 15:06:00,399dfec4-01ec-4e84-80b5-cb325d670571,1800,72,1872
6996f808-a84f-4592-83cf-3ca3bfd23a5c,800e0e83-395f-4b3b-9632-78c5071b6fd6,2022-05-12 11:35:00,399dfec4-01ec-4e84-80b5-cb325d670571,700,28,728
65973a5c-60e5-466b-b4d7-b98f561df40f,6093872b-6ea0-43af-943c-43da73d77c8a,2022-05-12 13:48:00,399dfec4-01ec-4e84-80b5-cb325d670571,1300,52,1352
d2f5479f-3947-498d-9aac-46cfe2860120,3f69ef15-abbd-4131-9670-58313d4fd3d1,2022-05-12 12:00:00,399dfec4-01ec-4e84-80b5-cb325d670571,600,24,624
61330860-ed25-4dbb-9fb5-fd8d446ffec6,00fe0742-ca1a-462a-ab05-2297bc4cded9,2022-05-12 12:59:00,399dfec4-01ec-4e84-80b5-cb325d670571,700,28,728
6eb56d3f-ebb9-4164-84d6-37c20ac4bda6,6c4f79c1-c913-4599-a82a-bc6283855909,2022-05-12 08:02:00,399dfec4-01ec-4e84-80b5-cb325d670571,400,16,416
7893ede6-a8fc-4449-8957-9a2ad22ed29b,28c5e573-dbe9-49da-baa8-11eafd9e1473,2022-05-12 08:17:00,399dfec4-01ec-4e84-80b5-cb325d670571,600,24,624
019d3141-47af-4f01-a618-6999c68dcaff,87bfb92d-66c8-4568-ad61-e0ae0730e8d0,2022-05-12 07:48:00,399dfec4-01ec-4e84-80b5-cb325d670571,400,16,416
6c916ea4-5e61-42fe-a783-c98f1ca1acad,a1c6677f-446b-4940-8c40-8e018a7ca815,2022-05-12 11:40:00,399dfec4-01ec-4e84-80b5-cb325d670571,700,28,728
e96f579c-b739-4cda-a5b5-53bf147d27b9,5252229c-8816-4cc0-9061-86b844313715,2022-05-12 08:20:00,399dfec4-01ec-4e84-80b5-cb325d670571,500,20,520
c10b53c9-5919-4aeb-855b-26f7328d40d4,c9b3df80-8e43-45a7-87e5-7c1202671a86,2022-05-12 08:55:00,399dfec4-01ec-4e84-80b5-cb325d670571,400,16,416
bf9492eb-beab-4bec-8574-56bbb666e6a6,6de0fa39-0254-45be-b7c2-a0e59eead219,2022-05-12 08:29:00,399dfec4-01ec-4e84-80b5-cb325d670571,500,20,520
c14c8e13-5caf-4bd6-bb62-54d6fe9996ad,d19ff309-72e3-4a8b-a6c5-26433433c175,2022-05-12 14:08:00,399dfec4-01ec-4e84-80b5-cb325d670571,500,20,520
2c99dcef-4220-48a1-8bf4-415205b12970,738675f7-5520-40c8-9a5c-cc66d9fd338c,2022-05-12 11:53:00,399dfec4-01ec-4e84-80b5-cb325d670571,1400,56,1456
596b1c0f-36e1-4d5e-8872-4755edcaf6bd,f4ad4e1b-cb6c-4d4b-8292-765d32912398,2022-05-12 15:30:00,399dfec4-01ec-4e84-80b5-cb325d670571,600,24,624
533742cf-4916-4f83-98d7-415a0c3b4e89,09768a2d-e30f-4fba-bbea-42c4af3c16d0,2022-05-12 14:19:00,399dfec4-01ec-4e84-80b5-cb325d670571,600,24,624
9638827d-8a20-40da-9124-658acd95b076,d24e9271-8085-46c5-93e2-744d394a96ce,2022-05-12 08:26:00,399dfec4-01ec-4e84-80b5-cb325d670571,500,20,520
057e6782-ff8b-4217-a195-efcb1b0ab6ad,217c5782-039f-4c87-a461-d24c4c75963e,2022-05-12 12:36:00,399dfec4-01ec-4e84-80b5-cb325d670571,3000,120,3120
6bf5be46-4175-43af-bb64-b5b3f800d399,80eb4e1f-be85-4e2d-901d-63851a086877,2022-05-12 07:25:00,399dfec4-01ec-4e84-80b5-cb325d670571,600,24,624
cfcfc286-0796-44b5-8e71-003352a335a1,93137d6e-3e68-4f5e-81a4-716212bcb9a9,2022-05-12 07:48:00,399dfec4-01ec-4e84-80b5-cb325d670571,500,20,520
266a79c4-c8af-4f48-8fa1-549d4b7436ad,76c96bb4-46b4-420a-9014-633d4fa008ce,2022-05-12 12:45:00,399dfec4-01ec-4e84-80b5-cb325d670571,1100,44,1144
b359f6cd-1c8b-4fee-b1c0-66fd5525e6c4,38812f12-33f2-493c-860e-166ea6f08176,2022-05-12 07:37:00,399dfec4-01ec-4e84-80b5-cb325d670571,600,24,624
6d3fcb00-4078-491d-b0d8-56b1ae5eac5b,6160656f-db8b-4a17-8c32-1b69f0546f58,2022-05-12 07:40:00,399dfec4-01ec-4e84-80b5-cb325d670571,700,28,728
eedab0e9-68cf-4406-9005-186aba8c627d,8aa1534d-101a-4387-a192-eadb32347bf3,2022-05-12 16:11:00,399dfec4-01ec-4e84-80b5-cb325d670571,500,20,520
57b08c2a-d636-4277-af06-dd3c1f89def3,e1b1bfdd-31de-442a-b9b4-d9afc8a9b68a,2022-05-12 14:04:00,399dfec4-01ec-4e84-80b5-cb325d670571,600,24,624
5d7d60f4-7a04-4fc7-af11-cabc3be58549,666f2378-13e2-4fd0-ac37-36749cb0a391,2022-05-12 07:00:00,399dfec4-01ec-4e84-80b5-cb325d670571,2100,84,2184
d11f1b5c-7a3e-4033-988a-e539bf64c2d8,7cb36d58-03a5-4fa5-88d3-047d8d9c82c1,2022-05-12 15:40:00,399dfec4-01ec-4e84-80b5-cb325d670571,1800,72,1872
68cb22b2-d7ef-4fd7-8c88-064ebbe604ea,59cbf0dc-0b3a-4388-855e-5bd669cbf70f,2022-05-12 07:26:00,399dfec4-01ec-4e84-80b5-cb325d670571,600,24,624
b5ae1e61-6db4-4110-9436-f934d21215e6,82a6aee8-f1af-4310-ab80-7b40a6812f97,2022-05-12 07:18:00,399dfec4-01ec-4e84-80b5-cb325d670571,600,24,624
a3ef15f6-5767-4388-a261-09a36a7db2fe,b4795940-db8c-426d-86de-443d77d52769,2022-05-12 08:01:00,399dfec4-01ec-4e84-80b5-cb325d670571,600,24,624
6b25349f-4b8d-484d-98c6-473cae3838bc,42a1f840-5dc9-4c3c-99ae-213221725a32,2022-05-12 17:21:00,399dfec4-01ec-4e84-80b5-cb325d670571,1900,76,1976
df36e460-c63d-49ae-bc26-8c568805e35e,352967a1-2643-437f-9078-5cab0677d6c9,2022-05-12 08:17:00,399dfec4-01ec-4e84-80b5-cb325d670571,700,28,728
a3f293e4-21d3-442f-aa62-135605b62004,aee3650e-2a29-49e6-9b76-a014fcb6f488,2022-05-12 15:12:00,399dfec4-01ec-4e84-80b5-cb325d670571,400,16,416
f325ee37-bae8-4884-960b-1de6aac4df64,c0ae5287-fc4d-4f95-9812-fb904bd70178,2022-05-12 08:58:00,399dfec4-01ec-4e84-80b5-cb325d670571,400,16,416
94e0e13e-2687-41dd-a4f9-49a0d79af249,074c11c2-fd9a-4b0f-986f-bc7383f9b376,2022-05-12 11:16:00,399dfec4-01ec-4e84-80b5-cb325d670571,500,20,520
3c34c1b9-cc40-4e47-92bf-5f2678059506,7000f470-f20c-406f-a4ce-0a6b949b0978,2022-05-12 15:55:00,399dfec4-01ec-4e84-80b5-cb325d670571,500,20,520
ffbc5a77-3845-49e5-8cc2-b3ebf9a39da1,a49b4bb7-ff65-4e64-a8f7-d0b69f4dee4a,2022-05-12 07:55:00,399dfec4-01ec-4e84-80b5-cb325d670571,700,28,728
7bfc146d-bc01-4dfd-9bbe-1c898f980339,cca74689-b99d-4a88-80cc-7e00df041465,2022-05-12 07:45:00,399dfec4-01ec-4e84-80b5-cb325d670571,700,28,728
c031dd40-5cd4-4c93-a3d3-4b4bdac939ab,00f745c8-1adc-4d55-8ddf-95a61af4ad4f,2022-05-12 13:36:00,399dfec4-01ec-4e84-80b5-cb325d670571,1700,68,1768
96f27366-7b8f-404d-a253-2ac201e0f9bc,2a9f7a07-e7b2-4ca6-a1ae-7769638025f5,2022-05-12 07:47:00,399dfec4-01ec-4e84-80b5-cb325d670571,700,28,728
05c397f8-0f11-43b1-b7f6-e9e0147851b3,9ac47955-e8be-406d-b9db-02736e13e8f8,2022-05-12 14:54:00,399dfec4-01ec-4e84-80b5-cb325d670571,1500,60,1560
0553fb22-465f-4be7-bd7d-de3cf837feec,468da1b4-7f5f-426f-b731-0a492e5f13a6,2022-05-12 15:55:00,399dfec4-01ec-4e84-80b5-cb325d670571,1700,68,1768
587a5215-7e77-43a1-8eed-9c89f4429577,38b6a9c4-770d-4115-b10f-b873e2e606a2,2022-05-12 19:20:00,399dfec4-01ec-4e84-80b5-cb325d670571,1700,68,1768
be0be7b9-009c-4559-888a-08552478fce7,13b0c9ce-53dc-4c0f-8f07-e25191ae7e9e,2022-05-12 11:45:00,399dfec4-01ec-4e84-80b5-cb325d670571,700,28,728
85bef8ab-2640-416b-b0c2-6d4f14a1d3e2,06556da8-93e9-4079-85b9-c7da03ab6c4e,2022-05-12 16:46:00,399dfec4-01ec-4e84-80b5-cb325d670571,1700,68,1768
c8dcae7f-d907-47cb-ae7b-f27077e4e83d,56e90f70-5a07-4dd8-bd80-329d6cd71beb,2022-05-12 08:39:00,399dfec4-01ec-4e84-80b5-cb325d670571,400,16,416
ac872427-2997-416b-bc46-86bced725aaa,e7720da8-4896-4ddf-bef1-2ab577ebe12a,2022-05-12 07:33:00,399dfec4-01ec-4e84-80b5-cb325d670571,700,28,728
9a1f3a0d-95f4-4d44-82b4-601c5a79e02d,85d95b80-0fe8-4c1a-9da5-c07a6f15dc08,2022-05-12 17:58:00,399dfec4-01ec-4e84-80b5-cb325d670571,600,24,624
5e905b85-09b1-44f9-b9fb-084f180d817a,74c72c23-d7fa-4e25-a8f7-99c5a52ac47a,2022-05-12 13:41:00,399dfec4-01ec-4e84-80b5-cb325d670571,1700,68,1768
01d0947c-004a-4ae7-9c39-f1fb9f5a07d9,79bd7f32-cd59-4ff4-8cdd-fc7c0d35a24c,2022-05-12 07:51:00,399dfec4-01ec-4e84-80b5-cb325d670571,600,24,624
03f239a9-ba42-45cf-b162-5154aa0c1596,6c567f96-afe7-4c61-9eb4-ae11aa33af50,2022-05-12 08:39:00,399dfec4-01ec-4e84-80b5-cb325d670571,600,24,624
a7670fba-d792-4adb-9f32-b4386b443b55,b17ea815-1160-488e-9080-583b70820874,2022-05-12 12:24:00,399dfec4-01ec-4e84-80b5-cb325d670571,1200,48,1248
04a86f95-9afc-426d-aed1-6cada10cde4e,cfb91507-0769-4ef6-910f-493cf5dee61d,2022-05-12 07:26:00,399dfec4-01ec-4e84-80b5-cb325d670571,500,20,520
cb62416c-4eb1-4013-b0bf-0efb23754323,8087043b-2bf7-4128-b23b-491f8828ab94,2022-05-12 11:24:00,399dfec4-01ec-4e84-80b5-cb325d670571,600,24,624
5ede2f22-51e0-4922-81e4-6f9c92e0bfbd,ff9dbf4b-f83a-47df-8149-1d007473c13b,2022-05-12 08:36:00,399dfec4-01ec-4e84-80b5-cb325d670571,400,16,416
c56b3fdd-0305-45aa-8270-0628eadbd37c,2d1ced3b-1535-4ab1-bfa3-f91b08a62ce0,2022-05-12 13:36:00,399dfec4-01ec-4e84-80b5-cb325d670571,4700,188,4888
d08b3019-65da-4bf8-bef0-0872d3ba259c,c49fc16b-3bf0-498a-b200-ab3b0a2d21fa,2022-05-12 08:20:00,399dfec4-01ec-4e84-80b5-cb325d670571,500,20,520
8760b529-47b5-4646-9580-2fcb404e9784,49c08f3b-71bd-4a05-b692-45763689821a,2022-05-12 18:40:00,399dfec4-01ec-4e84-80b5-cb325d670571,700,28,728
ca5ddee3-0713-4e18-9f5c-1801a929a08c,6c531190-7a87-48c2-9340-eb99ffe43618,2022-05-12 08:23:00,399dfec4-01ec-4e84-80b5-cb325d670571,400,16,416
ee373bfc-9fc4-44ee-85e8-e8bee60ba23e,07601b5c-7ed9-4968-be5c-2cba1ac5e749,2022-05-12 14:27:00,399dfec4-01ec-4e84-80b5-cb325d670571,500,20,520
f47287bc-8409-4dc7-a2ed-5aa65249ec00,656d2889-01cd-40e9-9a0a-d7161f75bdbb,2022-05-12 08:09:00,399dfec4-01ec-4e84-80b5-cb325d670571,500,20,520
4526577a-6d72-4bce-ae62-42ba44eac5ff,d4b724c3-5b9f-4070-94f3-9a02569c6869,2022-05-12 16:23:00,399dfec4-01ec-4e84-80b5-cb325d670571,2000,80,2080
42f70a78-fb1a-4716-b208-fad7bb418c98,5db741f4-0237-4a97-952f-4b4d8736d287,2022-05-12 12:09:00,399dfec4-01ec-4e84-80b5-cb325d670571,700,28,728
9da4cfa8-e2e3-4903-af04-e3982f43478e,5c754667-bd0b-413a-97ea-6d494170105d,2022-05-12 12:03:00,399dfec4-01ec-4e84-80b5-cb325d670571,1800,72,1872
ef803b2b-696b-4db3-8b36-f21ac0e9ebe8,dc638163-fb06-4d37-a613-8803a234a3b2,2022-05-12 13:51:00,399dfec4-01ec-4e84-80b5-cb325d670571,1600,64,1664
5b769aa7-2677-4290-8c21-04bca2c4160b,f1db0d0d-94a9-4a4c-856c-121f927fa835,2022-05-12 12:39:00,399dfec4-01ec-4e84-80b5-cb325d670571,1700,68,1768
347ab00a-5b8e-43b2-97dd-959a29b36730,c39f246c-acfc-44c0-95ec-8dd224592299,2022-05-12 12:28:00,399dfec4-01ec-4e84-80b5-cb325d670571,500,20,520
f6ff526b-7446-4f33-af09-897e943885af,074494a3-c96d-425a-ac76-574c3bf0682b,2022-05-12 16:14:00,399dfec4-01ec-4e84-80b5-cb325d670571,400,16,416
92f92625-af0f-4b6e-ad5b-29064791e9ef,930ba1e9-ab55-4962-8226-814b5cff5c6b,2022-05-12 17:05:00,399dfec4-01ec-4e84-80b5-cb325d670571,1600,64,1664
886405bc-5d75-4134-8495-495ff838037c,1af4b301-7794-4092-8944-de7a2c60bab9,2022-05-12 16:38:00,399dfec4-01ec-4e84-80b5-cb325d670571,1800,72,1872
7008a016-f177-4e4e-a38a-ec6086c15738,18ced2bd-3551-425a-87e7-42722bffdd24,2022-05-12 13:53:00,399dfec4-01ec-4e84-80b5-cb325d670571,1800,72,1872
f371d0e1-4e4d-4d13-a62b-45ae1c7f0954,8262a4d4-998d-4133-8f19-2c4db179f4f0,2022-05-12 15:55:00,399dfec4-01ec-4e84-80b5-cb325d670571,500,20,520
ddf48bca-2353-444b-a44f-46b3abb7fda4,b3b324a4-15eb-41b7-9457-400de83b61ea,2022-05-12 14:28:00,399dfec4-01ec-4e84-80b5-cb325d670571,600,24,624
4ba3bf41-07b5-4307-bbb5-b327be2b9776,a5a7baae-427a-4692-aef7-16eb13b37793,2022-05-12 08:23:00,399dfec4-01ec-4e84-80b5-cb325d670571,500,20,520
0341150a-99cb-4f4d-ade2-121ad93f0eb7,847aef98-7eed-484a-b834-f5777f38266f,2022-05-12 08:27:00,399dfec4-01ec-4e84-80b5-cb325d670571,600,24,624
89e07c84-700e-4e5b-b8b7-86ebfee08fa4,328478c8-5184-4102-8cc9-eb3e7b902389,2022-05-12 16:38:00,399dfec4-01ec-4e84-80b5-cb325d670571,500,20,520
851e5410-def5-426b-90f6-b502312a2c5e,9dc4f4a2-e0c9-4e0c-b425-2b1d1c88d3a5,2022-05-12 17:01:00,399dfec4-01ec-4e84-80b5-cb325d670571,700,28,728
bbdf3f32-a90d-4738-ad0d-564dc856b010,86f6bfbd-28b9-468f-80a0-7b3bd1a9db57,2022-05-12 07:52:00,399dfec4-01ec-4e84-80b5-cb325d670571,700,28,728
59251068-dc29-49ab-b53b-f701cc8d4f0b,bf08c871-984b-4bde-99ef-9b6558abd7af,2022-05-12 14:15:00,399dfec4-01ec-4e84-80b5-cb325d670571,500,20,520
b8f637aa-26d0-4437-9930-584bcd7cf179,fbaac559-7731-4dfe-8b40-bdd6f8010f67,2022-05-12 08:26:00,399dfec4-01ec-4e84-80b5-cb325d670571,600,24,624
7ddad641-b8da-422d-ae91-01c63f53f684,1c17c750-fcf1-4a07-b7f0-811f62d52895,2022-05-12 12:51:00,399dfec4-01ec-4e84-80b5-cb325d670571,1400,56,1456
e74ec3b8-812f-492b-a9cc-e7fc78fb3544,ce4f635a-840e-47e0-b57a-df0b63bbafa7,2022-05-12 13:48:00,399dfec4-01ec-4e84-80b5-cb325d670571,600,24,624
65f80c72-295a-4782-adbd-ed4512b40986,22f8b600-cae0-4a84-b021-08740f324c10,2022-05-12 13:22:00,399dfec4-01ec-4e84-80b5-cb325d670571,700,28,728
8606350d-d5e5-4546-91e4-5e48d2af0ed7,277f188c-086a-4f0d-8ade-c147f84d09ac,2022-05-12 11:49:00,399dfec4-01ec-4e84-80b5-cb325d670571,1100,44,1144
63991f5e-f5cd-4601-b70b-9a7c6771a7de,13470635-526f-48e9-9715-e528e1e8dbde,2022-05-12 17:03:00,399dfec4-01ec-4e84-80b5-cb325d670571,700,28,728
9347cf6a-0e08-4871-b86d-c7c370fe727a,38a14cdb-c8f2-4746-a5f7-c8c5cc8c3c95,2022-05-12 15:42:00,399dfec4-01ec-4e84-80b5-cb325d670571,500,20,520
a03868ad-b951-4470-8110-b246b9fb1293,e5194824-f51d-4687-9f60-72df2e41a7a5,2022-05-12 17:26:00,399dfec4-01ec-4e84-80b5-cb325d670571,1600,64,1664
1a646913-4a38-4198-93d5-bd5c9bcd7c37,63b5948f-6961-4db8-b621-892196f7a96e,2022-05-12 09:20:00,399dfec4-01ec-4e84-80b5-cb325d670571,700,28,728
0896a12e-7da3-45bc-b164-70dd59507fcf,7ea4e6f1-5130-41aa-8727-db2db153f14c,2022-05-12 16:27:00,399dfec4-01ec-4e84-80b5-cb325d670571,500,20,520
c86c57b9-cfb2-4527-bbba-a73899808ba2,6d12e477-f54e-429f-9e88-c7f7562792a9,2022-05-12 17:49:00,399dfec4-01ec-4e84-80b5-cb325d670571,500,20,520
d08b0d4c-4d41-4697-94fd-f9cc508980ee,73bf3e3c-44ec-45c9-b2cb-670618e256c2,2022-05-12 12:53:00,399dfec4-01ec-4e84-80b5-cb325d670571,600,24,624
266e412a-5380-463e-b1a2-a1828f85916a,7aec9cdf-282b-43d6-b76a-136094088273,2022-05-12 18:18:00,399dfec4-01ec-4e84-80b5-cb325d670571,1800,72,1872
549809bf-6f2b-4599-b637-e7649c7306b9,992b8e45-f532-4d7e-9b77-bd94fd451c79,2022-05-12 08:12:00,399dfec4-01ec-4e84-80b5-cb325d670571,600,24,624
c6b219ec-44fb-4a69-9e31-376747a1c4b4,2fcb4006-ca51-44cd-9d87-aa34d745ee90,2022-05-12 08:20:00,399dfec4-01ec-4e84-80b5-cb325d670571,700,28,728
0f6dcf49-467e-4ed7-9c0a-bd7ea051ed8e,3a95336d-35a9-4b6a-81ac-84714ffa0ea4,2022-05-12 08:33:00,399dfec4-01ec-4e84-80b5-cb325d670571,600,24,624
7530b263-9e2d-4e15-9c44-8adf0bfe5f9a,3dee0d2d-f11e-4e71-8336-86cb6a9445ad,2022-05-12 07:07:00,399dfec4-01ec-4e84-80b5-cb325d670571,400,16,416
9da298f6-bc03-4958-b608-34c294d9ae60,9ca91be3-bfcc-4623-9ef5-a4023693a589,2022-05-12 07:34:00,399dfec4-01ec-4e84-80b5-cb325d670571,500,20,520
4d06aee5-a7a0-41cb-89e5-944320d9b047,e4f2d67a-5c47-4845-a945-4e923836a9bf,2022-05-12 17:32:00,399dfec4-01ec-4e84-80b5-cb325d670571,500,20,520
0b91775f-1ea1-461a-9b6f-467c1bc633e5,bbac9b57-854a-4f52-aec0-51184f9190c4,2022-05-12 13:13:00,399dfec4-01ec-4e84-80b5-cb325d670571,600,24,624
e7091850-8b6a-490c-a8a3-bba72aeabc43,c334810a-f8b3-4f0b-b7f5-feab68f07ae0,2022-05-12 08:15:00,399dfec4-01ec-4e84-80b5-cb325d670571,600,24,624
9cb8be88-dc5b-48a9-8e4c-dfee182118b5,3d82151b-b0d4-4890-bb63-8f573d494f9d,2022-05-12 08:14:00,399dfec4-01ec-4e84-80b5-cb325d670571,500,20,520
d8c17ec9-204e-4f2a-ac95-4830c866cb81,2445d187-36c8-440f-a8db-1db27e08268e,2022-05-12 17:29:00,399dfec4-01ec-4e84-80b5-cb325d670571,400,16,416
13600ed5-da98-47b6-bb38-9782a2b047c6,899bbf23-4208-4aa2-9723-3f7559dfb891,2022-05-12 09:53:00,399dfec4-01ec-4e84-80b5-cb325d670571,700,28,728
730750c9-007b-4d64-b1ff-c24cf32a0b70,88d4b95f-8525-47ab-b76f-1a86bdcc7b2b,2022-05-12 07:58:00,399dfec4-01ec-4e84-80b5-cb325d670571,600,24,624
71536b04-ac4c-48cc-bcbb-662ff8110f8c,bddd0699-14be-4bed-8a03-c3be1c8b86f4,2022-05-12 07:31:00,399dfec4-01ec-4e84-80b5-cb325d670571,400,16,416
894f394e-5366-4666-968f-90837fdbd760,84cdb717-25d5-481f-b814-35cf768ecddb,2022-05-12 08:01:00,399dfec4-01ec-4e84-80b5-cb325d670571,600,24,624
d186495b-9b40-4c3b-a169-2683b3124e55,572579ab-5e23-43fd-a1af-8753798c8659,2022-05-12 07:15:00,399dfec4-01ec-4e84-80b5-cb325d670571,600,24,624
ac45fafd-8468-47bb-8e1b-be06fbe6714a,e55d222b-7102-42c7-bd28-c147a15b12c5,2022-05-12 07:00:00,399dfec4-01ec-4e84-80b5-cb325d670571,500,20,520
eda2a1aa-fd9d-41fe-85bc-96dd16b4950c,48894cb2-296d-4112-88cb-99945e94b978,2022-05-12 07:10:00,399dfec4-01ec-4e84-80b5-cb325d670571,400,16,416
83eef5de-38cf-4d77-91a0-4a7458f14cee,d9f59eed-a691-4ea7-9102-c38914bc0a5b,2022-05-12 11:11:00,399dfec4-01ec-4e84-80b5-cb325d670571,0,0,0
469982e2-4af4-46c1-8025-0d512e7b49ee,6ae00ce0-276c-40e1-b26d-ee7c41d7a287,2022-05-12 07:47:00,399dfec4-01ec-4e84-80b5-cb325d670571,500,20,520
5a8efd60-f020-4980-af5e-1a9aa76f5208,668e5c10-e564-47c7-bf67-1ce9cc3758f6,2022-05-12 17:24:00,399dfec4-01ec-4e84-80b5-cb325d670571,400,16,416
925ecf25-2bae-4c69-86e5-34b29071f98f,6485d9cb-6a0f-4d0b-9978-518788907afb,2022-05-12 09:39:00,399dfec4-01ec-4e84-80b5-cb325d670571,700,28,728
05cc6e14-90db-48c5-a984-5bfec5a45e52,1641c1fe-b81c-4d56-9441-7a23d922196f,2022-05-12 10:10:00,399dfec4-01ec-4e84-80b5-cb325d670571,400,16,416
bcc99c2e-0c5a-433d-bcc1-bf41f64fa9f3,a5dd7747-0bdc-407b-a80d-f266a9dcfdbe,2022-05-12 13:37:00,399dfec4-01ec-4e84-80b5-cb325d670571,600,24,624
eb7212b4-6f2b-4036-a580-a092e947afae,361ab65e-9df9-4140-87fb-724985468016,2022-05-12 17:18:00,399dfec4-01ec-4e84-80b5-cb325d670571,700,28,728
ba856dd0-f37f-4428-a2fe-8cd9c33bf0ae,33bc9426-832e-483d-a623-5760bf8fdf42,2022-05-12 08:11:00,399dfec4-01ec-4e84-80b5-cb325d670571,400,16,416
140d98c5-f41f-4136-9dd0-3c2860edb6b0,fb199cad-e920-4319-b1de-7da53844f1ed,2022-05-12 08:11:00,399dfec4-01ec-4e84-80b5-cb325d670571,600,24,624
dc825100-8ed0-49cc-90b4-d2771161c4d4,cacf77ba-7e15-45a0-a3f4-87fdccd569c4,2022-05-12 07:41:00,399dfec4-01ec-4e84-80b5-cb325d670571,700,28,728
5635b3c7-09d8-4a8d-b840-b45483660f8a,5a29452c-9230-4b56-9b2a-a1d20ab74781,2022-05-12 08:00:00,399dfec4-01ec-4e84-80b5-cb325d670571,400,16,416
1ec9b047-53d7-471c-b852-c8b38323ae20,5c37d040-f5cd-46cf-8acc-43c886d34ad0,2022-05-12 08:11:00,399dfec4-01ec-4e84-80b5-cb325d670571,400,16,416
b0810edf-8bf0-4b44-a707-991d64044c70,82d54037-4259-4dc0-986b-1035beb9e3f5,2022-05-12 14:39:00,399dfec4-01ec-4e84-80b5-cb325d670571,500,20,520
8f0a30da-b7bf-4a78-8621-a0e27bff7ead,7704c14b-191e-436e-814f-08b0fb28dcfc,2022-05-12 13:44:00,399dfec4-01ec-4e84-80b5-cb325d670571,700,28,728
a168b4fc-1ba6-44e9-bb8e-adca72c15fc2,f4a9a1e0-026f-48df-a4d9-b2bb26fe93a0,2022-05-12 16:15:00,399dfec4-01ec-4e84-80b5-cb325d670571,1700,68,1768
c230e09d-aff1-4eb9-80e3-25d8b4361049,01c86347-415c-4252-814c-a612527d8843,2022-05-12 07:52:00,399dfec4-01ec-4e84-80b5-cb325d670571,600,24,624
0c944853-3a8a-4726-ae6f-2b6452ce0410,e82b5b62-7070-47bc-a992-278728911d81,2022-05-12 08:08:00,399dfec4-01ec-4e84-80b5-cb325d670571,600,24,624
d0355f2d-bc45-44b7-8007-14f41a1ef627,9cdb2202-788c-4b47-b58d-609db081bb60,2022-05-12 07:49:00,399dfec4-01ec-4e84-80b5-cb325d670571,600,24,624
5f205c57-5519-469f-963d-e4c0623f0399,876ab495-dc39-43eb-a0b9-19b5e4c4e15c,2022-05-12 10:57:00,399dfec4-01ec-4e84-80b5-cb325d670571,400,16,416
a8b5417d-ceec-4465-aadf-e6e3fb989afb,2c15654f-379c-4848-a3e0-4562a56c4da7,2022-05-12 07:39:00,399dfec4-01ec-4e84-80b5-cb325d670571,600,24,624
ecf6072f-8994-4742-b089-dc8846611226,bcc834b4-d5a5-4283-ba01-2fbe27533479,2022-05-12 07:34:00,399dfec4-01ec-4e84-80b5-cb325d670571,700,28,728
5bf521e8-7cba-4eec-9975-2162ac41d3ac,1539e870-3b19-4449-8cae-3266dd4728d0,2022-05-12 09:45:00,399dfec4-01ec-4e84-80b5-cb325d670571,2500,100,2600
b15acfd2-3b92-4a21-9b3f-4738d4e9d8ab,9b7b008c-1fa5-4375-8f86-1556b93c3043,2022-05-12 13:21:00,399dfec4-01ec-4e84-80b5-cb325d670571,500,20,520
daa69fb1-c98c-43e9-857c-cd353adf7831,dff2f0df-07b7-4c09-8812-8c4a7f83cd94,2022-05-12 07:20:00,399dfec4-01ec-4e84-80b5-cb325d670571,700,28,728
5131adff-1ac9-4006-a7fc-abe3d1f2cae0,b0c002ee-eddd-4615-a3fc-b0700f7eafc2,2022-05-12 07:33:00,399dfec4-01ec-4e84-80b5-cb325d670571,500,20,520
97511688-d98d-45c3-a926-47f08c36be29,798267d5-be32-437a-8020-542e0498810a,2022-05-12 07:12:00,399dfec4-01ec-4e84-80b5-cb325d670571,500,20,520
417b58e8-3771-4139-b281-bd853a0a1611,49ccd473-0d76-45da-8360-02143cb40354,2022-05-12 07:51:00,399dfec4-01ec-4e84-80b5-cb325d670571,600,24,624
ed0fb786-c78f-4497-9c4e-49c891e9182f,00530b16-28e8-4e45-82e0-ffe495b7ff89,2022-05-12 17:11:00,399dfec4-01ec-4e84-80b5-cb325d670571,500,20,520
ca8283fb-d86e-4ca2-9ca1-f267a48279fa,da90d8e9-37d5-4f64-9642-bc11f542e117,2022-05-12 07:18:00,399dfec4-01ec-4e84-80b5-cb325d670571,500,20,520
f3fbdd93-b9b7-4046-bc45-f4d1d7aa6021,0189068c-f3d3-4672-b98b-047d057a0fd5,2022-05-12 07:46:00,399dfec4-01ec-4e84-80b5-cb325d670571,400,16,416
0d053aff-769f-4f49-9cff-acf8cd1c920b,1bc1c9dc-b8d3-4560-97b7-febe15ab0506,2022-05-12 08:16:00,399dfec4-01ec-4e84-80b5-cb325d670571,600,24,624
b6503147-3513-43bc-a21a-72b3b287c973,7a03ca1d-d911-4037-9f11-75d63cfad5e4,2022-05-12 08:27:00,399dfec4-01ec-4e84-80b5-cb325d670571,600,24,624
c7d76617-8d1a-4e61-bf1e-615b4f042029,21b3fd59-4b01-4c9d-844b-6790ed39fddc,2022-05-12 07:49:00,2c7c0b40-21e5-4026-b405-3281a1c094fa,700,43,743
2b5a852a-279c-40cd-b134-830ee3a94d1a,b4742677-d25f-4cf6-af19-7c4a2d5751fd,2022-05-12 07:40:00,2c7c0b40-21e5-4026-b405-3281a1c094fa,600,37,637
8edce0a7-abdb-447d-899c-7c8310e7c4c4,fcef0a47-bbe9-4080-9a24-e276ddb4e0e7,2022-05-12 08:05:00,2c7c0b40-21e5-4026-b405-3281a1c094fa,700,43,743
1e59a3cc-4bef-423d-9b23-0105b4290c85,ed27966a-5ae2-4a05-8772-1cf818c9f87f,2022-05-12 13:19:00,2c7c0b40-21e5-4026-b405-3281a1c094fa,1800,112,1912
5fda82ac-0986-443e-a8ab-f1c696f1e40d,f099b990-a8b3-492f-8974-61e3112a060e,2022-05-12 07:00:00,2c7c0b40-21e5-4026-b405-3281a1c094fa,0,0,0
426c36e8-2d79-4604-b610-e34a375b1f8e,b8bb90a8-dfd1-476e-95b8-c329a425e221,2022-05-12 12:00:00,2c7c0b40-21e5-4026-b405-3281a1c094fa,1400,87,1487
61808e98-4d75-4b58-9ba7-52e65f7ff0a9,5672d8ec-d299-4823-941e-e84d29a5aca6,2022-05-12 08:07:00,2c7c0b40-21e5-4026-b405-3281a1c094fa,500,31,531
17f56a5f-05cb-406e-9ef7-3944af089643,31d8ef80-b405-4d99-9a0b-e566200ab033,2022-05-12 08:20:00,2c7c0b40-21e5-4026-b405-3281a1c094fa,400,25,425
f2e9625f-52d9-49d3-930d-ea4a6ab42e44,c601f733-7fe7-415c-b872-d63e8f49066b,2022-05-12 13:49:00,2c7c0b40-21e5-4026-b405-3281a1c094fa,700,43,743
4e14cdba-012c-4948-b74d-7670577073c6,cfc196da-1613-48e5-b649-e57a6a927c10,2022-05-12 07:11:00,2c7c0b40-21e5-4026-b405-3281a1c094fa,700,43,743
8244a040-1d28-427e-86cf-2e19654ffe99,f19d8935-9c7f-478c-8a8c-d23218d6fc8b,2022-05-12 13:35:00,2c7c0b40-21e5-4026-b405-3281a1c094fa,400,25,425
cdbe96f5-d2be-4017-b594-20e377239545,47d48c6c-58d0-458b-b06f-963d2de8ac91,2022-05-12 13:59:00,2c7c0b40-21e5-4026-b405-3281a1c094fa,3400,212,3612
ce712c22-c582-4295-b281-22bdb98a8418,a26c5d51-ee15-486d-b326-9703275ab2ab,2022-05-12 07:53:00,2c7c0b40-21e5-4026-b405-3281a1c094fa,400,25,425
785a10be-0da0-4f14-8be6-6d41e11f8699,784c9a3e-b023-4a14-87c3-cb46212c638b,2022-05-12 17:27:00,2c7c0b40-21e5-4026-b405-3281a1c094fa,1800,112,1912
cdb15a7b-c5a9-4130-8885-1e5152c6c648,f5b90b38-b61b-42af-a8f4-4815317a3571,2022-05-12 16:03:00,2c7c0b40-21e5-4026-b405-3281a1c094fa,400,25,425
0ac675a5-32d5-4fee-97cd-ec7ab42fe60b,1d8b9d13-c62c-4446-977d-412869e6c4b6,2022-05-12 07:45:00,2c7c0b40-21e5-4026-b405-3281a1c094fa,400,25,425
068c9e6d-1800-4bb6-a4ae-7524f08a8c7c,a0e48668-90fd-471e-979c-455e5d4e532c,2022-05-12 18:33:00,2c7c0b40-21e5-4026-b405-3281a1c094fa,500,31,531
a3864e8b-99e5-4fe8-89d5-e730e0209de1,b239e930-6de8-4346-87b0-1981dc56bb9f,2022-05-12 08:28:00,2c7c0b40-21e5-4026-b405-3281a1c094fa,500,31,531
b4ec9828-4530-44b8-8be9-b163e33ce435,94e8bb75-d618-4999-8bea-b7fc6888523f,2022-05-12 14:59:00,2c7c0b40-21e5-4026-b405-3281a1c094fa,1900,118,2018
2e628897-a419-42b3-8ee8-adde84836bc4,ca73909a-648b-4522-a10d-c4c3c9bfaba1,2022-05-12 07:38:00,2c7c0b40-21e5-4026-b405-3281a1c094fa,400,25,425
7b5fc9e8-b0b1-4191-966f-258a07c36329,e4515ece-d1b9-4ec7-9b74-b22decc6d435,2022-05-12 16:06:00,2c7c0b40-21e5-4026-b405-3281a1c094fa,600,37,637
02c6d531-4b2f-4372-ac08-5d58319b7909,0da8bfd8-a8e8-4bc3-85ae-f527018c2e8b,2022-05-12 07:49:00,2c7c0b40-21e5-4026-b405-3281a1c094fa,700,43,743
091509dd-c636-4b97-9b3c-a04502b638b1,92f85679-d678-4b1f-9343-b97924ced844,2022-05-12 08:16:00,2c7c0b40-21e5-4026-b405-3281a1c094fa,500,31,531
1ce04782-2cf3-4d34-8ad9-32183d60a8a6,e61583e8-f052-430d-90fd-68085acfc960,2022-05-12 07:40:00,2c7c0b40-21e5-4026-b405-3281a1c094fa,600,37,637
5c8c0741-c072-4c42-b943-507c806736fe,4334d3c1-d272-4f31-b4ff-de447c05f4dd,2022-05-12 14:56:00,2c7c0b40-21e5-4026-b405-3281a1c094fa,600,37,637
bc46f493-9e9b-40c7-935d-014006584554,5b2dc95e-efec-46b9-aa80-1ca5c85a4269,2022-05-12 08:10:00,2c7c0b40-21e5-4026-b405-3281a1c094fa,500,31,531
108f45a4-625e-4acc-bff0-73e5d606ed90,2b2611ec-0afe-4c68-9361-65b0cda595e3,2022-05-12 15:22:00,2c7c0b40-21e5-4026-b405-3281a1c094fa,400,25,425
04a5b680-eafe-4093-b595-d3ea4f1748a4,842bb7f3-6050-4516-a4c0-191bec3c1ba7,2022-05-12 07:00:00,2c7c0b40-21e5-4026-b405-3281a1c094fa,2500,156,2656
1f314bfb-66ac-481f-98ab-3082a229dd13,e52aaea4-1556-4821-8cd6-a24a8217815f,2022-05-12 07:10:00,2c7c0b40-21e5-4026-b405-3281a1c094fa,500,31,531
614e1960-a776-46a4-8b3d-8606fc96779d,ab4df321-67bc-425a-8aee-7e81929639d1,2022-05-12 07:42:00,2c7c0b40-21e5-4026-b405-3281a1c094fa,400,25,425
139c41d4-173f-4788-8691-dde70b6891d6,4bf036f8-cdd5-4fd4-bb15-96f6fdfb6472,2022-05-12 07:32:00,2c7c0b40-21e5-4026-b405-3281a1c094fa,600,37,637
0b36daf9-be52-4a2c-aba2-fdcb4976a701,be9a5cd7-728a-4593-b5b5-b13c1f98920d,2022-05-12 07:49:00,2c7c0b40-21e5-4026-b405-3281a1c094fa,400,25,425
668af014-8afe-47a6-87a1-76d827b7b7be,a56eaf67-ae11-49c8-ad29-20271c45924b,2022-05-12 13:50:00,2c7c0b40-21e5-4026-b405-3281a1c094fa,3500,218,3718
fe3c0656-5a04-4ca2-83c6-7844732234a9,17813273-d6cb-446d-a0cc-5df31fb0263f,2022-05-12 15:16:00,2c7c0b40-21e5-4026-b405-3281a1c094fa,1600,100,1700
22b69034-5a69-47d4-83ab-0b3206c1c38d,24796668-1d6a-493c-a0dd-1bafc84036be,2022-05-12 08:22:00,2c7c0b40-21e5-4026-b405-3281a1c094fa,700,43,743
997ebb72-535d-4865-a067-f2061bea1e51,5a88b3e4-1ba1-4430-8899-483fd984e89d,2022-05-12 08:03:00,2c7c0b40-21e5-4026-b405-3281a1c094fa,600,37,637
1cb0ea47-fd8a-45e8-9701-6dbb9d41933a,b5e90877-2a83-4959-9512-8328d9403492,2022-05-12 15:10:00,2c7c0b40-21e5-4026-b405-3281a1c094fa,700,43,743
a90b8013-3eb7-42ca-b643-b4829b0412a9,9739993f-f502-493c-a220-bfc05e1635a7,2022-05-12 16:22:00,2c7c0b40-21e5-4026-b405-3281a1c094fa,1700,106,1806
792d12dc-10d8-45cf-9fe9-96559ac923c4,de14b04b-3662-48cd-8bf6-16eae90fbc67,2022-05-12 13:07:00,2c7c0b40-21e5-4026-b405-3281a1c094fa,500,31,531
54b83735-fe78-4455-9357-1d716b0cbbb4,0de2aeba-fbe0-42cc-a250-f49f11ccb1b7,2022-05-12 11:19:00,2c7c0b40-21e5-4026-b405-3281a1c094fa,2100,131,2231
7560240a-81a0-4b3a-b06e-16698deb61ad,8c433684-7a25-467e-afb1-be6cb25cb156,2022-05-12 11:20:00,2c7c0b40-21e5-4026-b405-3281a1c094fa,400,25,425
03c86734-ed04-4536-be71-6af5501d7068,c21472e1-f6ab-489f-9f36-de3ff9aea42c,2022-05-12 15:35:00,2c7c0b40-21e5-4026-b405-3281a1c094fa,2300,143,2443
c4cfd596-1ec5-483d-9e85-d1b05c4fd752,6711753d-3774-4e54-9f79-3ebf7762b9f9,2022-05-12 15:23:00,2c7c0b40-21e5-4026-b405-3281a1c094fa,400,25,425
18f1846a-464c-42e8-819f-a58a95964a80,cc8b427a-fcd6-4d92-8601-2a3c7d54e171,2022-05-12 13:02:00,2c7c0b40-21e5-4026-b405-3281a1c094fa,1700,106,1806
4994a1c9-4c24-4d9b-8e77-dfa78fd563c4,89d86da7-67e0-4324-965d-77ebd26b7396,2022-05-12 08:19:00,2c7c0b40-21e5-4026-b405-3281a1c094fa,400,25,425
74563a1f-b4fe-4ba4-b81b-352bc2b55b05,c4cffa02-aa09-4ae6-a4dc-bb7e26c3b440,2022-05-12 08:30:00,2c7c0b40-21e5-4026-b405-3281a1c094fa,600,37,637
021f7cc2-0951-4a52-867c-814f9f2e718a,e2a09e44-912c-47c0-9386-7145291fb06f,2022-05-12 13:07:00,2c7c0b40-21e5-4026-b405-3281a1c094fa,700,43,743
f9c780b6-45ca-43a7-a999-854af71033d8,5c298d25-bd60-448d-a828-a1d1c08d3bf4,2022-05-12 08:43:00,2c7c0b40-21e5-4026-b405-3281a1c094fa,400,25,425
8de16cfc-2152-43e1-9e2a-00b28fefb1ec,f231f357-ff6c-4960-938f-a5596a13fb07,2022-05-12 17:47:00,2c7c0b40-21e5-4026-b405-3281a1c094fa,700,43,743
a58750c5-0bb5-45d8-aeed-95b7934b1b76,0c395bc0-5637-4465-8c77-9232349cf3ee,2022-05-12 17:10:00,2c7c0b40-21e5-4026-b405-3281a1c094fa,1500,93,1593
46899df0-6f16-44bd-88c2-2ba0e3263871,b612256d-3418-40c1-97fc-fbbf395ac791,2022-05-12 17:58:00,2c7c0b40-21e5-4026-b405-3281a1c094fa,600,37,637
623df9e7-aa5b-42d8-aeaf-c4ad63a23228,3c426c6a-4b67-4d8e-a89a-57a563164dee,2022-05-12 07:37:00,2c7c0b40-21e5-4026-b405-3281a1c094fa,500,31,531
3afda003-2c37-4fae-bb8e-c27ed87c217d,627e216c-0671-47dd-902c-9fb076543b9e,2022-05-12 07:16:00,2c7c0b40-21e5-4026-b405-3281a1c094fa,400,25,425
207df564-52da-4cb4-99f8-590627ac99e6,1409cd42-7e74-4fa2-9ff3-b4d9d56ac42c,2022-05-12 08:06:00,2c7c0b40-21e5-4026-b405-3281a1c094fa,600,37,637
3a9ef712-3fc1-4f3e-a5ad-1ccc3df223e0,f878e8ca-ab74-463a-8f66-556e0b5213c2,2022-05-12 13:10:00,2c7c0b40-21e5-4026-b405-3281a1c094fa,2700,168,2868
0efeba02-2487-489e-8afd-e64322de16bd,1ccc49eb-7f71-45cc-81df-ac385f685028,2022-05-12 07:35:00,2c7c0b40-21e5-4026-b405-3281a1c094fa,600,37,637
c4050a6b-ba8f-475c-91a0-5c97db875b5c,e9914ccf-1cab-4fc8-9269-8c1a8f85eb5a,2022-05-12 08:03:00,2c7c0b40-21e5-4026-b405-3281a1c094fa,500,31,531
93f74f0d-b75e-408d-b8ef-0919f600c1c8,7e8d4795-8d8a-4188-acba-390847a8c1ae,2022-05-12 14:36:00,2c7c0b40-21e5-4026-b405-3281a1c094fa,600,37,637
407544ed-9722-4feb-8cf7-edd25b11e114,7a976727-d6b6-45e6-a9ec-9f9bee01295b,2022-05-12 17:32:00,2c7c0b40-21e5-4026-b405-3281a1c094fa,1500,93,1593
7f46149f-fb68-47e9-afdc-738832c41b0b,16e3010f-92c8-4716-945d-76a4cbabf52a,2022-05-12 14:03:00,2c7c0b40-21e5-4026-b405-3281a1c094fa,1700,106,1806
cd864303-7571-43c3-992c-753ff069d234,f8fc32d0-0cfc-4f1e-bc9f-01400e52201b,2022-05-12 14:29:00,2c7c0b40-21e5-4026-b405-3281a1c094fa,600,37,637
3fe73b2a-f9f9-4d85-a9a0-fef2ea26a866,1fbcd07d-85bc-4c6a-b8de-d3b6edb361dc,2022-05-12 07:00:00,2c7c0b40-21e5-4026-b405-3281a1c094fa,500,31,531
24dc9ea6-8b23-4cbf-8623-70c79681362c,9d60be57-1b54-4e56-8191-7fc35fef020c,2022-05-12 13:40:00,2c7c0b40-21e5-4026-b405-3281a1c094fa,1800,112,1912
73ee0bbf-a19f-476d-85f2-8365782d4ffa,a898b31f-c8bd-4f5e-b261-ebe31e5158bc,2022-05-12 15:47:00,2c7c0b40-21e5-4026-b405-3281a1c094fa,500,31,531
0d0f54ef-e5ed-4dba-9ab5-e3dee98145f7,5e7c7c18-a637-4a6e-bb24-87a77f90ddf1,2022-05-12 09:13:00,2c7c0b40-21e5-4026-b405-3281a1c094fa,1800,112,1912
82ddb537-fd2a-45b6-86da-ab504d6fc168,d27d7182-0397-4734-b076-2f556218e9f1,2022-05-12 18:04:00,2c7c0b40-21e5-4026-b405-3281a1c094fa,1700,106,1806
940066b1-cc96-4bf4-8b56-e677d0d1e9c9,3a580c58-a316-47fb-b0c9-1d95666d47d7,2022-05-12 08:09:00,2c7c0b40-21e5-4026-b405-3281a1c094fa,400,25,425
cb78b35c-135b-40f3-8e63-1a49b232e823,86fa6d80-37ef-4cca-8727-173b1a366c48,2022-05-12 13:48:00,2c7c0b40-21e5-4026-b405-3281a1c094fa,600,37,637
3f1efd81-bfa0-4b0e-86a3-e0a619b81cd6,712b6fc7-31e6-42bd-a5b4-302a27f6d4be,2022-05-12 15:12:00,2c7c0b40-21e5-4026-b405-3281a1c094fa,1700,106,1806
76e8a342-4d6d-4eb7-8c13-f466b5312c3a,fe9d2747-393a-4e72-8e43-6d997f2418d6,2022-05-12 08:37:00,2c7c0b40-21e5-4026-b405-3281a1c094fa,400,25,425
55f67461-9dcf-4277-b538-42997b75ceca,27d2e3d3-99cb-4478-950f-9cbf9f2cc532,2022-05-12 08:29:00,2c7c0b40-21e5-4026-b405-3281a1c094fa,600,37,637
90dacb59-df7f-49cc-acb7-290de1600baa,e44dcf8d-2ef5-40ca-8d77-f21cb1c148b8,2022-05-12 11:11:00,2c7c0b40-21e5-4026-b405-3281a1c094fa,3400,212,3612
a5ec2aa5-9184-4342-b798-21e895352009,74081b13-72f9-4b54-8152-940c5aa59b4a,2022-05-12 14:24:00,2c7c0b40-21e5-4026-b405-3281a1c094fa,1600,100,1700
845c73ef-16dd-4b45-92f0-ab44e37b8931,9209c56e-0f5f-493e-a7ad-a5c3f0889aac,2022-05-12 18:55:00,2c7c0b40-21e5-4026-b405-3281a1c094fa,600,37,637
55828ffb-c62a-4f56-86d7-47f40adb3360,09916698-df9d-4be7-a8f4-f7748cbab9a5,2022-05-12 13:00:00,2c7c0b40-21e5-4026-b405-3281a1c094fa,2500,156,2656
027651f4-11a7-4d12-9382-55511227a06e,62a52493-e5ec-476f-9bec-c8f82abd3323,2022-05-12 08:28:00,2c7c0b40-21e5-4026-b405-3281a1c094fa,500,31,531
571405b9-dc17-43a5-9b0a-f6b617f272ab,aad9060e-f28a-4122-9e78-f451247bce13,2022-05-12 12:26:00,2c7c0b40-21e5-4026-b405-3281a1c094fa,2100,131,2231
140b09dc-fba8-4b50-bdfd-a235e30d51f9,681cebbd-56fd-4ad3-99b4-726306cbaa73,2022-05-12 08:10:00,2c7c0b40-21e5-4026-b405-3281a1c094fa,500,31,531
66460d9f-4554-464f-b810-753b397d5827,9c02b9e3-3e53-451a-abb0-96f63308bb02,2022-05-12 08:30:00,2c7c0b40-21e5-4026-b405-3281a1c094fa,500,31,531
af756047-7b45-4671-9ddd-a1c9b683b5b8,cc5c0c1a-857b-42ec-991b-22ab9d333141,2022-05-12 08:29:00,2c7c0b40-21e5-4026-b405-3281a1c094fa,400,25,425
81d53588-27f8-4ea7-b9dd-a9842557b961,ea97db70-9e3b-4bc2-973f-6e3f2be46e5f,2022-05-12 08:10:00,2c7c0b40-21e5-4026-b405-3281a1c094fa,500,31,531
d1512b23-975f-49f8-8525-7d0d643fe70e,1cc557ae-f87b-4765-9bc4-0f1dd6f53013,2022-05-12 07:51:00,2c7c0b40-21e5-4026-b405-3281a1c094fa,400,25,425
bfce56bf-f20d-4956-8a85-fe133f1cd219,f91faf5c-1c47-45c9-aad2-29930f300126,2022-05-12 08:06:00,2c7c0b40-21e5-4026-b405-3281a1c094fa,500,31,531
8d4074ab-b6f4-45c8-beb3-87f4228886e8,414e72b8-a890-4597-b3f7-d6da0f9d4531,2022-05-12 07:52:00,2c7c0b40-21e5-4026-b405-3281a1c094fa,600,37,637
8d1d4573-d2fd-4613-9c0a-2e08ec32787a,e26fafe1-9a63-43ca-b38b-ed5f0ea96f66,2022-05-12 11:40:00,2c7c0b40-21e5-4026-b405-3281a1c094fa,1300,81,1381
35b49e5b-9f4b-4a1d-8430-f6659651eb60,905a1a14-02a3-4d80-a710-d9769750a63d,2022-05-12 17:19:00,2c7c0b40-21e5-4026-b405-3281a1c094fa,400,25,425
0eb10e1d-0636-484d-8741-e890111ac2fb,1313316f-0c13-404e-8197-2bde150a1ddd,2022-05-12 08:06:00,2c7c0b40-21e5-4026-b405-3281a1c094fa,600,37,637
f4b1c783-51fc-4a8a-add4-b72ac081b201,32a8b8e6-453f-4153-b08b-aaeedc146c9d,2022-05-12 16:06:00,2c7c0b40-21e5-4026-b405-3281a1c094fa,600,37,637
2d9d435c-74bc-4c28-a35c-e3a1e22ecfba,de670223-8a3e-4b82-a4d4-b03cc596af73,2022-05-12 09:11:00,2c7c0b40-21e5-4026-b405-3281a1c094fa,500,31,531
1ee22181-18fb-404f-ab2a-aae82b95ebfc,319f2657-c818-4212-a934-1bc84152b2d5,2022-05-12 12:59:00,2c7c0b40-21e5-4026-b405-3281a1c094fa,1300,81,1381
cd3f6690-d468-4a66-b5dc-d676d8168ac2,f304ef62-c15a-4a60-ab1c-ad7af392467e,2022-05-12 09:02:00,2c7c0b40-21e5-4026-b405-3281a1c094fa,400,25,425
f98fab3b-dcb9-4cc1-abfe-4e955351d975,dc0bde54-b18c-450d-a2a5-7ec3e3bce7c3,2022-05-12 12:37:00,2c7c0b40-21e5-4026-b405-3281a1c094fa,500,31,531
cd73e0e1-0fb2-4582-98cb-4f1017386082,3cae3cae-a64f-491f-a508-68ff36ecb4af,2022-05-12 07:14:00,2c7c0b40-21e5-4026-b405-3281a1c094fa,600,37,637
56bc2d13-2461-4d1a-a511-012fa2fd49d3,7dd6c618-4f1f-4481-8212-0ca877effb17,2022-05-12 17:05:00,2c7c0b40-21e5-4026-b405-3281a1c094fa,1700,106,1806
53332e18-f40a-40f8-9504-43616874a42b,96924eb0-a996-4610-ae35-0949499a223a,2022-05-12 07:00:00,2c7c0b40-21e5-4026-b405-3281a1c094fa,700,43,743
b5985ee7-0923-4c27-b2a3-9ffc51414a27,6c98f86b-b539-4054-a6da-a0f41d26ae4b,2022-05-12 11:19:00,2c7c0b40-21e5-4026-b405-3281a1c094fa,500,31,531
47d75f8b-cbd6-44e5-8b82-282b266ae662,90be0a7e-945b-4bb7-b8e8-47e877d61e85,2022-05-12 17:12:00,2c7c0b40-21e5-4026-b405-3281a1c094fa,600,37,637
6edfb810-f0f6-4b53-b529-b825141129c5,685c96af-5c89-414f-a885-bfb3740026ed,2022-05-12 17:58:00,2c7c0b40-21e5-4026-b405-3281a1c094fa,1800,112,1912
46e7ee95-5b31-4298-baf3-fd2735662294,f6a983d2-5104-41f4-a579-38c173229679,2022-05-12 13:16:00,2c7c0b40-21e5-4026-b405-3281a1c094fa,700,43,743
416cbc01-b135-4c22-a192-74d9db03a99c,2f0ecbb9-4ae8-45d7-8f01-f82126757ca5,2022-05-12 08:39:00,2c7c0b40-21e5-4026-b405-3281a1c094fa,600,37,637
3f74b82a-a945-4dec-a70f-3a89925fa0c9,746e0e2f-a988-4e0c-b475-91c509254f38,2022-05-12 11:27:00,2c7c0b40-21e5-4026-b405-3281a1c094fa,2400,150,2550
3bd10bdf-a794-4319-a4fe-d193466933bf,104b478d-b925-4eb1-b365-ae2354f1fd19,2022-05-12 07:48:00,2c7c0b40-21e5-4026-b405-3281a1c094fa,600,37,637
99669798-7a12-4962-bb71-08d75f9b6272,cdea4af0-7c90-48ed-bb8b-411fb9de8b57,2022-05-12 08:16:00,2c7c0b40-21e5-4026-b405-3281a1c094fa,700,43,743
3a5b4893-bcb5-4c48-a620-0e0c1ffbee0e,f3e64264-67a2-42fb-878a-17ff2055ab31,2022-05-12 15:36:00,2c7c0b40-21e5-4026-b405-3281a1c094fa,700,43,743
b2078f1d-99d2-4119-89cf-e977a5214317,aec1cde7-0627-4bec-a528-fe77ca766b5e,2022-05-12 08:37:00,2c7c0b40-21e5-4026-b405-3281a1c094fa,500,31,531
d7e4b2e0-5e18-4df2-8bf6-09999c201727,aa4ec845-d8fb-4eed-855a-86968f2d2ef4,2022-05-12 16:03:00,2c7c0b40-21e5-4026-b405-3281a1c094fa,500,31,531
83bfeb68-cc18-4aa5-b951-935759ee2c3a,465154fc-21ed-456c-9e03-9b71c66094d5,2022-05-12 08:30:00,2c7c0b40-21e5-4026-b405-3281a1c094fa,600,37,637
74601860-6a6f-4552-8561-fe88f762c82b,88d1c02d-6775-4e15-8928-89781add052b,2022-05-12 14:26:00,2c7c0b40-21e5-4026-b405-3281a1c094fa,400,25,425
748f41de-e083-4080-891c-36eee82c0c03,e81bf9e1-6bf3-4f86-9ca7-47469c22b55f,2022-05-12 09:07:00,2c7c0b40-21e5-4026-b405-3281a1c094fa,600,37,637
633b5869-2f6d-428f-b689-fccaaf281255,efe6ab20-484e-4550-8eba-b6750c0893a3,2022-05-12 12:22:00,2c7c0b40-21e5-4026-b405-3281a1c094fa,700,43,743
b7c2e595-4764-4470-bf1d-b5d2aee043d3,bafdbd24-482a-4926-ad19-d5f2929c3e93,2022-05-12 13:10:00,2c7c0b40-21e5-4026-b405-3281a1c094fa,700,43,743
369b2211-6c30-4ac6-a338-a1a5c44486aa,2647f821-e1c8-44ee-bc24-7b9932bf9766,2022-05-12 08:00:00,2c7c0b40-21e5-4026-b405-3281a1c094fa,700,43,743
03265128-9059-47ec-87d1-7211f76af209,bb7a9f55-4ac3-43cc-bbe9-d1a3c3e8f35e,2022-05-12 15:46:00,2c7c0b40-21e5-4026-b405-3281a1c094fa,2000,125,2125
5ceb9ed1-47d5-471e-8bb2-9c03fc9e7837,fe4e4be2-2e96-4037-9bdf-28440a160f62,2022-05-12 08:21:00,2c7c0b40-21e5-4026-b405-3281a1c094fa,400,25,425
36161fbd-2ab0-425d-bccb-c2890599a8ac,08a83635-904a-4c48-8187-470b38512520,2022-05-12 08:59:00,2c7c0b40-21e5-4026-b405-3281a1c094fa,2100,131,2231
368a409d-959f-4d21-b06b-c62719f32b31,a6addfaf-a6de-45ac-940f-5d4614f279d0,2022-05-12 09:01:00,2c7c0b40-21e5-4026-b405-3281a1c094fa,600,37,637
bddae024-4d79-4876-8277-a48aef5d6c91,ed638312-1c1b-49b3-8fb5-9f1ffcf9b352,2022-05-12 11:21:00,2c7c0b40-21e5-4026-b405-3281a1c094fa,700,43,743
d89b0c6b-6c8e-4b43-ba35-f80d8708ee4a,c166c928-03f6-4635-b322-14421afbbbaa,2022-05-12 16:53:00,2c7c0b40-21e5-4026-b405-3281a1c094fa,1000,62,1062
c7978a9f-e3ba-4576-9b42-4856635cdcf0,5f978986-a526-43a2-bdc6-828868d49b61,2022-05-12 07:49:00,2c7c0b40-21e5-4026-b405-3281a1c094fa,700,43,743
c0ad2865-d34e-41aa-874a-dbd85099a7c8,e7e3f127-04db-4c6a-b6fd-13f7df091a78,2022-05-12 18:52:00,2c7c0b40-21e5-4026-b405-3281a1c094fa,1900,118,2018
8f7d3519-cc00-4551-9f96-b171daf6f4e5,6dbbc49a-b5ce-4831-ba60-3b12b6a89fc4,2022-05-12 12:57:00,2c7c0b40-21e5-4026-b405-3281a1c094fa,1300,81,1381
fae72ced-521b-4846-8dd3-2af37b7ffe6a,098e9f20-15e3-45dd-8771-7dc4fe836ca7,2022-05-12 16:33:00,2c7c0b40-21e5-4026-b405-3281a1c094fa,700,43,743
658b7689-85f0-4c3a-ac12-5b7510867aa5,1230eb6d-8c33-4314-a706-f84212741ea9,2022-05-12 07:54:00,2c7c0b40-21e5-4026-b405-3281a1c094fa,400,25,425
9978a894-fe70-4f79-8213-7033fd16ed9e,d3cfc0ae-db6e-4a28-b44b-a1dac1061d90,2022-05-12 08:21:00,2c7c0b40-21e5-4026-b405-3281a1c094fa,700,43,743
81aa195c-df05-474e-8eac-cffe790da252,377bb6d8-437c-4b34-9c11-7bd0c9bec26a,2022-05-12 09:35:00,2c7c0b40-21e5-4026-b405-3281a1c094fa,400,25,425
0edb44f2-8fcb-42f9-8100-189d0a7dfc09,d909260f-5040-471a-9c3f-5651fa8c03ed,2022-05-12 07:38:00,2c7c0b40-21e5-4026-b405-3281a1c094fa,500,31,531
85330a42-4141-4045-ad58-be6d96b0b1c3,f1098a10-244b-46cb-b192-2ad182a44975,2022-05-12 07:32:00,2c7c0b40-21e5-4026-b405-3281a1c094fa,500,31,531
7a43ba68-f44e-4339-983f-f02deb6a7e3d,81dc0475-225a-4cd3-bb26-cdfeb86390df,2022-05-12 17:37:00,2c7c0b40-21e5-4026-b405-3281a1c094fa,700,43,743
8329dced-944b-4ba0-a66a-5036970df356,b394c22a-41af-4bae-a9f3-dda0649b45ed,2022-05-12 07:45:00,2c7c0b40-21e5-4026-b405-3281a1c094fa,700,43,743
49acde20-0561-4fd8-bd1e-ec2b1151ef31,7fb83cc2-710f-4e1e-84ca-bfef31448d68,2022-05-12 11:23:00,2c7c0b40-21e5-4026-b405-3281a1c094fa,1200,75,1275
c94f1668-dd77-4844-8611-d70910b2e7c2,fb1214b1-db3f-4cac-bc2e-6b6d585600fb,2022-05-12 07:26:00,2c7c0b40-21e5-4026-b405-3281a1c094fa,400,25,425
583384a0-0bb3-471e-92ec-cf88981b20dd,1bcdea75-7acc-492e-a184-a61e51c1cfa5,2022-05-12 08:18:00,2c7c0b40-21e5-4026-b405-3281a1c094fa,500,31,531
09e28790-595b-4f70-b3d0-f5439a6f7e39,f8919ba3-1c0e-4da5-9408-18923a2ad8fb,2022-05-12 08:16:00,2c7c0b40-21e5-4026-b405-3281a1c094fa,500,31,531
02bd0e35-87ab-4736-9fc4-8d62125d33fc,89e0be6f-b800-46b3-b14a-d6c78ced2780,2022-05-12 13:06:00,2c7c0b40-21e5-4026-b405-3281a1c094fa,700,43,743
eaf4fcbb-ceea-4890-9749-24c621d4d54f,68633904-669b-4fec-a191-293eab108c93,2022-05-12 14:51:00,2c7c0b40-21e5-4026-b405-3281a1c094fa,400,25,425
4dd92e66-0d70-4a63-819b-f64a2d2b7f5f,d753ccfa-106f-47a3-8e03-44b0e6831af3,2022-05-12 08:38:00,2c7c0b40-21e5-4026-b405-3281a1c094fa,400,25,425
d258a5cd-cf4a-40c3-bcbf-6441cf6a4d48,608b62cf-f498-4f33-9528-de6ffb9555c2,2022-05-12 07:34:00,2c7c0b40-21e5-4026-b405-3281a1c094fa,700,43,743
fd81e93d-96e2-472b-8958-4cea0fe8a585,769dd9bd-a72a-437f-a07e-076c97c4ac9a,2022-05-12 15:23:00,2c7c0b40-21e5-4026-b405-3281a1c094fa,400,25,425
9cd56013-2db7-44e0-9acb-89fef32e76d2,577d9ba4-08b4-443e-a3dc-495bdb97f58e,2022-05-12 13:12:00,2c7c0b40-21e5-4026-b405-3281a1c094fa,500,31,531
0cc7c5e8-7d90-4910-b981-745ccd5ed89c,b8ca5b54-3fa9-4f61-91ce-beeaa92f1424,2022-05-12 08:27:00,2c7c0b40-21e5-4026-b405-3281a1c094fa,500,31,531
e040546e-02f1-476b-9ce3-0ab7ffa02020,84dfad87-6db7-49e5-9691-023247bed167,2022-05-12 08:15:00,2c7c0b40-21e5-4026-b405-3281a1c094fa,600,37,637
70988ec5-cf4e-4795-8bc6-62895afb5f82,6b2f49e4-56bd-446a-97ee-d3ddd9804d7f,2022-05-12 07:47:00,2c7c0b40-21e5-4026-b405-3281a1c094fa,600,37,637
e3e7286c-3792-44f7-8f2f-466fda9da895,7a493345-f39f-41ad-bde0-d580c0b49953,2022-05-12 16:32:00,2c7c0b40-21e5-4026-b405-3281a1c094fa,1800,112,1912
bc40fa34-f753-48be-9eaa-7845af746b60,096383e8-fafc-418f-8cdd-a2ec9f44ddd3,2022-05-12 07:31:00,2c7c0b40-21e5-4026-b405-3281a1c094fa,600,37,637
6cb50a04-bd8e-4a16-a44d-a66e3ac7af17,b3f8d609-aecf-4d7a-9323-cd10ba08a44a,2022-05-12 15:48:00,2c7c0b40-21e5-4026-b405-3281a1c094fa,600,37,637
4dce1358-c6d5-4fc0-bac4-2f6a63a08ed2,aae661ad-0411-4b0f-b7fb-6c26c099cfd7,2022-05-12 07:56:00,2c7c0b40-21e5-4026-b405-3281a1c094fa,500,31,531
4ee75b26-eaba-41c8-ae74-cf7f4aa3ed70,8391b449-3f7a-47a8-b81f-292dfdb07b53,2022-05-12 08:02:00,2c7c0b40-21e5-4026-b405-3281a1c094fa,700,43,743
fbf75307-71dc-452e-90fa-51e6b1f14477,b7269c9b-2132-4217-b89e-d49b2d674311,2022-05-12 16:56:00,2c7c0b40-21e5-4026-b405-3281a1c094fa,1300,81,1381
20ad515f-534d-4035-a074-9f120f5f3d29,377718a4-3157-4608-a4af-666080b15524,2022-05-12 16:40:00,2c7c0b40-21e5-4026-b405-3281a1c094fa,500,31,531
1237b65d-6c57-4d96-9b6d-3592459bdcf8,e87d7dd4-253c-4904-856b-2bc3e4610bbc,2022-05-12 07:56:00,2c7c0b40-21e5-4026-b405-3281a1c094fa,600,37,637
025ea1f4-a987-4456-b433-8956c33534f6,0716e8f7-31e6-4605-8c33-c9717eb1828b,2022-05-12 07:06:00,2c7c0b40-21e5-4026-b405-3281a1c094fa,500,31,531
d446b309-4d45-45ea-9c48-4236f117d90a,f5ca275f-bdbe-419a-ac47-5ffc48b1f4fe,2022-05-12 08:04:00,2c7c0b40-21e5-4026-b405-3281a1c094fa,600,37,637
64c84ce1-7665-409b-a22f-3b4ad0e3182b,770ef8a9-2d3e-436a-8d56-15cbb14191f6,2022-05-12 08:31:00,2c7c0b40-21e5-4026-b405-3281a1c094fa,500,31,531
b3527ea2-658c-475a-9474-1fbed0402287,9a65900b-27f4-4b08-a09b-f919986f3b7f,2022-05-12 13:04:00,2c7c0b40-21e5-4026-b405-3281a1c094fa,500,31,531
92dfc84f-31d3-4c59-b7d0-c0951a64b2a0,9cf15c00-66f8-446b-aa1e-6cfaa15a28cd,2022-05-12 07:47:00,2c7c0b40-21e5-4026-b405-3281a1c094fa,400,25,425
b5f8a1cd-c630-4099-99e5-44d67c2234b2,48509249-030e-4da5-aabe-34c1bb302e05,2022-05-12 11:38:00,2c7c0b40-21e5-4026-b405-3281a1c094fa,400,25,425
aab0deb1-74f0-4d4d-85c7-32b60c778ad8,0a1537fd-daf7-45b7-9079-4896eebfc105,2022-05-12 08:30:00,2c7c0b40-21e5-4026-b405-3281a1c094fa,400,25,425
d5aaa1b4-c677-4890-b754-8e3d40c4fd37,d9f23164-9fc0-4804-9b89-c220b8f14417,2022-05-12 12:30:00,2c7c0b40-21e5-4026-b405-3281a1c094fa,500,31,531
7957edc1-5f03-4af4-ba3c-9ad8ff8c4268,e3954c8f-706c-4955-aa47-53462acf95f6,2022-05-12 18:58:00,2c7c0b40-21e5-4026-b405-3281a1c094fa,1700,106,1806
81988853-e015-493a-97fe-5c67486fe296,e57fd108-3118-442c-b5b5-7c1add68fb8a,2022-05-12 16:48:00,2c7c0b40-21e5-4026-b405-3281a1c094fa,1700,106,1806
d8c36e6e-4801-493a-92ee-204e98368494,7f07fcee-dd67-4eff-8f85-b102c1043eb8,2022-05-12 12:36:00,2c7c0b40-21e5-4026-b405-3281a1c094fa,400,25,425
09c921c2-0054-4454-bcaf-8ebdc4dfc436,1481f859-7fad-49a6-8222-7de03bebd7ed,2022-05-12 10:43:00,2c7c0b40-21e5-4026-b405-3281a1c094fa,600,37,637
6a084ae6-1b54-402e-941e-423dc694a56a,f31a1202-5968-4ef4-9fab-c9c3e9e6d12a,2022-05-12 13:33:00,2c7c0b40-21e5-4026-b405-3281a1c094fa,1700,106,1806
1891f81e-ad8a-45a9-8a78-4e6e8601f553,b261ee63-cdf8-409f-a4d5-5a5f5648f8fd,2022-05-12 07:59:00,2c7c0b40-21e5-4026-b405-3281a1c094fa,400,25,425
27816b59-debb-4884-9148-d813364da3fc,17314111-8073-4571-82b0-3cbdaf3672bd,2022-05-12 08:01:00,2c7c0b40-21e5-4026-b405-3281a1c094fa,400,25,425
e8ba124e-539c-4a14-8251-c0b3be32fed9,949fe8f4-8334-4f81-b38c-40be2a439d7a,2022-05-12 07:47:00,2c7c0b40-21e5-4026-b405-3281a1c094fa,500,31,531
a5c32ba2-59df-49bf-bdad-fdf735ed7874,c00da9ba-d5c6-48cc-a9d7-ae2f6b116876,2022-05-12 08:14:00,2c7c0b40-21e5-4026-b405-3281a1c094fa,400,25,425
67fb0fad-14bd-4c4c-8b06-c8d8e5e79aa1,7b07cdef-7550-4398-a827-0f166702558d,2022-05-12 10:21:00,2c7c0b40-21e5-4026-b405-3281a1c094fa,500,31,531
3f37be89-8db5-4e42-824f-fafe0d036b4b,7815f514-9fba-4b3a-a396-b1c903e2d5ea,2022-05-12 07:26:00,2c7c0b40-21e5-4026-b405-3281a1c094fa,600,37,637
e6920821-9fc8-4578-a595-4f5464d76dd6,cda4a9bc-f8e6-4524-9544-d93d4a610a47,2022-05-12 19:56:00,2c7c0b40-21e5-4026-b405-3281a1c094fa,1800,112,1912
eddeaaef-e559-48e4-aa31-ee890cfd1a60,4ceaf012-7044-4c13-9ff6-afb4f9f197eb,2022-05-12 08:53:00,2c7c0b40-21e5-4026-b405-3281a1c094fa,500,31,531
ad79bb47-85f1-48f4-b0bf-d518a8ca6e26,e5296814-9316-48d8-8b0e-ee925b70e267,2022-05-12 08:37:00,2c7c0b40-21e5-4026-b405-3281a1c094fa,400,25,425
32e6bb5e-2921-4201-8457-61dcf41b0c6a,c6618ebe-a7ef-4995-9121-89db4708048f,2022-05-12 18:27:00,2c7c0b40-21e5-4026-b405-3281a1c094fa,400,25,425
d6d404b2-b753-4dae-aaba-d3294e6bc522,85dc0f8e-0185-44ca-ab0f-e81472fd3739,2022-05-12 15:39:00,2c7c0b40-21e5-4026-b405-3281a1c094fa,400,25,425
0fd95da8-dc5b-49ec-95c4-98684b07e311,411bf114-1d91-4d9e-9b2e-2eb1e59d80bb,2022-05-12 07:50:00,2c7c0b40-21e5-4026-b405-3281a1c094fa,600,37,637
39fb0e01-8dcd-4be6-ac64-39c47b0aa322,db840a3d-ae8a-4f70-93d0-a7ceb56ce5d4,2022-05-12 16:41:00,2c7c0b40-21e5-4026-b405-3281a1c094fa,600,37,637
c36263cb-b47f-4e05-a6e8-6e3ac4792c6a,ede97af1-6cfd-49bc-abd6-1dbfd267d239,2022-05-12 14:45:00,2c7c0b40-21e5-4026-b405-3281a1c094fa,700,43,743
b3ad7e43-6f69-46ff-9292-9a1d147e9ba2,ceac67dd-d360-4dc4-9cc4-c8ae08998559,2022-05-12 13:47:00,2c7c0b40-21e5-4026-b405-3281a1c094fa,600,37,637
c85a2594-3432-45df-85ee-5972edf0b6cc,6cb7ea64-a794-4489-aff9-5d771b62259c,2022-05-12 10:19:00,2c7c0b40-21e5-4026-b405-3281a1c094fa,600,37,637
2a7e602a-5c69-468d-983e-e6220bf506a9,41ced0f3-bdf3-4470-b30c-bc95aa96f228,2022-05-12 10:08:00,2c7c0b40-21e5-4026-b405-3281a1c094fa,600,37,637
9b84becd-b83d-4cad-9248-47a29738a093,9d117cbc-8206-44fc-a784-1b7e26e69f14,2022-05-12 09:08:00,2c7c0b40-21e5-4026-b405-3281a1c094fa,600,37,637
f8dc6b1d-80c7-477d-a427-05e06b214c65,ea21e050-07b9-4cfa-9099-53c33cccabdd,2022-05-12 12:57:00,2c7c0b40-21e5-4026-b405-3281a1c094fa,600,37,637
090508ca-b31f-4245-9eaa-b2346ec409d4,c38122f1-bf34-4609-86ba-ffd1f95e88a1,2022-05-12 07:21:00,2c7c0b40-21e5-4026-b405-3281a1c094fa,600,37,637
ca11956d-8be4-46df-9eda-3f6a6ec3c065,33403027-f2f6-4d5b-b72a-f9a6bd0f75d6,2022-05-12 19:36:00,2c7c0b40-21e5-4026-b405-3281a1c094fa,2000,125,2125
06673915-c372-4e13-b262-281edc2d4abd,b29427fc-5839-43aa-8cce-5fabfae85302,2022-05-12 15:14:00,2c7c0b40-21e5-4026-b405-3281a1c094fa,1800,112,1912
d40aa1e9-b3e8-4613-9fc2-ad50ea255518,9fddd59b-8092-44dd-823a-2a10f4a954f3,2022-05-12 07:39:00,2c7c0b40-21e5-4026-b405-3281a1c094fa,600,37,637
d31d2957-860c-46fa-b63a-0d594f42f8a4,3d0f7b2e-b6d1-44b5-8756-a848f2eab391,2022-05-12 14:54:00,2c7c0b40-21e5-4026-b405-3281a1c094fa,1700,106,1806
3be906e4-fcb8-4a5d-b36a-a6004455e1fc,900c8b72-6cf9-41c2-9528-bfd661a2a6c5,2022-05-12 07:33:00,2c7c0b40-21e5-4026-b405-3281a1c094fa,600,37,637
dc10abe0-1114-4ad7-bf40-9b8b35cac654,d3bb9c17-e481-425d-884d-b62ab58bc9e7,2022-05-12 19:18:00,2c7c0b40-21e5-4026-b405-3281a1c094fa,1800,112,1912
55072198-80d5-44d3-8014-f812a6f32dd7,fd0a14de-47c2-4cc3-a067-321ea46cfacb,2022-05-12 15:06:00,2c7c0b40-21e5-4026-b405-3281a1c094fa,1800,112,1912
b20dc4e6-b5bd-4786-84de-24cbf1f7e964,05d37c9d-0780-45ea-9c41-ae74878ca992,2022-05-12 07:29:00,2c7c0b40-21e5-4026-b405-3281a1c094fa,500,31,531
06bb4fe6-4eb2-47bd-8a64-b80d61e8e668,2d98fe07-303d-43ac-b2c7-b688f0765087,2022-05-12 07:11:00,2c7c0b40-21e5-4026-b405-3281a1c094fa,400,25,425
a4ba0ff5-ff00-45bb-ad6b-6692af66ba34,f75a6b15-5908-4701-be73-63cc159dd363,2022-05-12 07:52:00,2c7c0b40-21e5-4026-b405-3281a1c094fa,600,37,637
bee9b441-4dc7-44ea-ad3c-5877936aa126,8ba73904-d8b0-484e-9571-8f4fb405a99a,2022-05-12 19:28:00,2c7c0b40-21e5-4026-b405-3281a1c094fa,600,37,637
3a4ce2de-dab8-4861-9636-321abfec2331,325d860f-7129-46e3-84fb-ece38a4a511e,2022-05-12 08:18:00,2c7c0b40-21e5-4026-b405-3281a1c094fa,700,43,743
168f8480-ed0e-4da8-96a1-09e175620d50,185f50fa-1880-4d33-bffb-0229c00021e1,2022-05-12 08:00:00,2c7c0b40-21e5-4026-b405-3281a1c094fa,700,43,743
536c6507-5008-4f4f-9968-31538df770d2,70de3474-e117-42f3-8d50-5371e1acae17,2022-05-12 18:23:00,2c7c0b40-21e5-4026-b405-3281a1c094fa,1600,100,1700
17d683a7-4076-4fd6-b82a-b6f749c5b1ae,b20bae30-2c82-4e03-ae3e-c6a9238fa0a2,2022-05-12 07:47:00,2c7c0b40-21e5-4026-b405-3281a1c094fa,400,25,425
dc8eec3a-d966-411a-a753-fa023e87da0f,0b1434d8-87fe-40c9-9029-702c51ba0dc8,2022-05-12 16:37:00,2c7c0b40-21e5-4026-b405-3281a1c094fa,2100,131,2231
ea1beb7f-fab9-43e1-a99f-46360492eb59,d1d9e650-9178-4395-b1e9-36d4bf78b10b,2022-05-12 18:03:00,2c7c0b40-21e5-4026-b405-3281a1c094fa,400,25,425
2b2d1f96-c55e-4135-a4d5-58990ce6ff97,4e548ed3-d902-4eca-a51d-cde7de665144,2022-05-12 10:43:00,2c7c0b40-21e5-4026-b405-3281a1c094fa,600,37,637
d81e8cd7-d2a6-4f69-a7d9-3ed1d81388c5,77679713-afd0-4b0c-84b3-755462888e28,2022-05-12 18:02:00,2c7c0b40-21e5-4026-b405-3281a1c094fa,500,31,531
614fabad-c1f4-4b83-a5b6-a943f10696a7,6a0564fc-7a6d-481e-b89e-3ff39fde4e6f,2022-05-12 14:06:00,2c7c0b40-21e5-4026-b405-3281a1c094fa,500,31,531
50baa0a5-3260-44e9-8999-291a728c51bc,54cf7510-06ec-4749-8608-47e47e4bae7e,2022-05-12 17:52:00,2c7c0b40-21e5-4026-b405-3281a1c094fa,500,31,531
0d581ed0-0c1b-4174-aaa6-688b00247994,8bdfd5f7-e6c8-4213-90f8-290340275705,2022-05-12 08:03:00,2c7c0b40-21e5-4026-b405-3281a1c094fa,600,37,637
f273d7d0-f5da-4a61-95ef-1074750e132f,cbeee0fc-3284-458f-93fd-3c8b150ac383,2022-05-12 11:31:00,2c7c0b40-21e5-4026-b405-3281a1c094fa,600,37,637
402c372f-71aa-4995-a155-da0986644472,4930bc83-623f-498d-9657-e6946df34670,2022-05-12 08:15:00,2c7c0b40-21e5-4026-b405-3281a1c094fa,600,37,637
b83b6e81-d6f8-426d-9333-658b25f74500,ff0e6672-f5c3-49c3-8641-640328bd5e32,2022-05-12 07:58:00,2c7c0b40-21e5-4026-b405-3281a1c094fa,400,25,425
7ae3e909-6081-47b1-8dde-4e7aedadf7da,eb7f58bc-0664-4ace-ae93-92e55562d42c,2022-05-12 13:23:00,2c7c0b40-21e5-4026-b405-3281a1c094fa,600,37,637
4019c630-91a3-4f37-866f-ef96e6aeb9e2,2126e90c-f785-447f-8084-2c01f266f801,2022-05-12 12:24:00,2c7c0b40-21e5-4026-b405-3281a1c094fa,400,25,425
c8dafaff-c4be-4be9-81a0-530ca720f05c,86ce2bfe-cfd3-43d7-bf73-302839416a8f,2022-05-12 07:45:00,2c7c0b40-21e5-4026-b405-3281a1c094fa,600,37,637
93308f95-a5b2-4694-9e7f-2b4f8b439f55,4166ac83-e288-40a4-a9b4-e991ecb409e1,2022-05-12 15:26:00,2c7c0b40-21e5-4026-b405-3281a1c094fa,1700,106,1806
cd620361-9420-4c83-b5bd-e7ef5f52d18b,d3a2e187-0d5f-4c0d-889d-aab3ff2fd8ba,2022-05-12 08:31:00,2c7c0b40-21e5-4026-b405-3281a1c094fa,700,43,743
b2ed0960-d709-4a69-b436-f847d55ee076,9f15e740-2f82-40a0-be8d-3d0d64c9dd5c,2022-05-12 14:39:00,2c7c0b40-21e5-4026-b405-3281a1c094fa,1100,68,1168
21151ad8-fc84-4d36-bd18-63903156902b,7e704409-e995-4e26-8eae-5d89eeb90107,2022-05-12 17:20:00,2c7c0b40-21e5-4026-b405-3281a1c094fa,600,37,637
ae63d1f9-a851-48d7-a6ac-f10eeee91cd5,b8e42ee1-c094-4f0b-af09-b9952db3e2d9,2022-05-12 09:06:00,2c7c0b40-21e5-4026-b405-3281a1c094fa,500,31,531
04e55a52-7e03-488e-bd69-fbf31a4e4b94,6c89e693-e895-44dc-b33d-28f79f7c619b,2022-05-12 08:15:00,2c7c0b40-21e5-4026-b405-3281a1c094fa,700,43,743
399ab568-0ab7-463b-bd08-4f5a4eeef907,32e90055-dc31-432b-8858-e6a60f312009,2022-05-12 18:45:00,2c7c0b40-21e5-4026-b405-3281a1c094fa,400,25,425
4368e65d-daa2-46ef-9b6a-4868b9d48177,7819dde7-1b51-4fa3-8f8a-05d4753ded13,2022-05-12 07:30:00,2c7c0b40-21e5-4026-b405-3281a1c094fa,600,37,637
58cfd35c-ca01-4577-8e4b-2365665a0c7e,30a2f263-f55c-4b89-83d1-c19eee532a38,2022-05-12 07:57:00,2c7c0b40-21e5-4026-b405-3281a1c094fa,600,37,637
5c7d2654-edc4-4615-afbc-660dc5b6dd40,3e682e33-7cbe-4994-9744-100e97f4af69,2022-05-12 11:45:00,2c7c0b40-21e5-4026-b405-3281a1c094fa,1100,68,1168
4f815c55-7930-467b-ad6e-90c7942de927,2c23560c-f644-4386-bfbe-a9743f443c42,2022-05-12 08:42:00,2c7c0b40-21e5-4026-b405-3281a1c094fa,700,43,743
afd0529b-283e-4614-a4be-d2c1f38c0bb3,e083c7ff-a159-4823-9314-09d3984c3785,2022-05-12 17:50:00,2c7c0b40-21e5-4026-b405-3281a1c094fa,600,37,637
4156981d-9461-4d70-9936-278d16de1ccf,017ee500-8ec5-4a50-b74c-95520f0a8958,2022-05-12 15:17:00,2c7c0b40-21e5-4026-b405-3281a1c094fa,500,31,531
a42c87cb-f577-4b90-a54f-3f6ae084cd00,99f8915a-b1ec-40a3-ae24-14f3dd694d12,2022-05-12 09:10:00,2c7c0b40-21e5-4026-b405-3281a1c094fa,500,31,531
338e0444-e152-4415-85a7-a6fe388e1d3a,268ffc49-8df7-491e-a596-028aa31492ef,2022-05-12 08:11:00,2c7c0b40-21e5-4026-b405-3281a1c094fa,600,37,637
974466a1-1a53-4ff8-ade2-f39f45208d83,3220d599-e583-4cac-9428-261bd8e3b069,2022-05-12 14:02:00,2c7c0b40-21e5-4026-b405-3281a1c094fa,2600,162,2762
9aca2c8d-634e-463d-8d7f-cea257ad8371,31f31b8a-1ee1-4be0-8d9d-246512c978f5,2022-05-12 14:38:00,2c7c0b40-21e5-4026-b405-3281a1c094fa,600,37,637
fa25523e-04df-450b-86a5-c5c784ef3099,0f5163de-14a7-4833-a294-13d3aae250f3,2022-05-12 07:59:00,2c7c0b40-21e5-4026-b405-3281a1c094fa,600,37,637
aa4c79e2-e429-4fa8-9f50-2da37f8d6c55,539ad641-1092-4ba1-aca8-56e07c8ea39f,2022-05-12 16:14:00,2c7c0b40-21e5-4026-b405-3281a1c094fa,1100,68,1168
3aaa90e4-944d-4b11-a182-bc62fbc5f276,1f76a524-5999-4128-9a1c-d23931ae721b,2022-05-12 14:15:00,2c7c0b40-21e5-4026-b405-3281a1c094fa,500,31,531
7e8dd665-fe22-44cc-b06f-9fa27c00f5d7,2228ab7c-91a4-4cac-bebb-8e8f096524b0,2022-05-12 08:34:00,2c7c0b40-21e5-4026-b405-3281a1c094fa,500,31,531
9f066cfd-bd8c-44c5-8d34-71118ab815cf,8e784b74-ab3c-4e1d-ac1d-668719158894,2022-05-12 07:48:00,2c7c0b40-21e5-4026-b405-3281a1c094fa,600,37,637
bff2ad9b-7f53-4f2f-b289-cc77ade7c96f,151f36a5-f3cb-4188-b34c-1964b4fcebbe,2022-05-12 14:57:00,2c7c0b40-21e5-4026-b405-3281a1c094fa,500,31,531
b9508153-6a7c-4167-96a6-c76d06bbf6f0,f2ed3dee-af64-4cc3-abb6-22d3764641b7,2022-05-12 07:23:00,2c7c0b40-21e5-4026-b405-3281a1c094fa,700,43,743
fed5cc4d-1573-42d7-9cc0-8d26c93cc8db,d8051266-420e-48a9-b0e7-e23cef1ec950,2022-05-12 16:52:00,2c7c0b40-21e5-4026-b405-3281a1c094fa,1700,106,1806
172e4386-30d2-4994-aa8f-110ab73e3c3a,c77b07ea-c37e-41a3-95f1-813c1f7879db,2022-05-12 07:56:00,2c7c0b40-21e5-4026-b405-3281a1c094fa,700,43,743
110bbd98-1775-48f9-a1e1-b81bcd624033,8fb4658e-e123-42df-8e77-a6ed29fc5f38,2022-05-12 18:17:00,2c7c0b40-21e5-4026-b405-3281a1c094fa,500,31,531
8ff4d502-bcc8-466d-bae0-169c567e7ed5,731a3243-ba6e-4903-ad46-9d414fd8964f,2022-05-12 14:24:00,2c7c0b40-21e5-4026-b405-3281a1c094fa,600,37,637
c8198869-f6fc-474b-ab67-02fa57153c1f,27ed9719-c79b-40e1-8104-2725a63c045d,2022-05-12 07:49:00,2c7c0b40-21e5-4026-b405-3281a1c094fa,400,25,425
92990820-59d8-42f8-9503-6208d584a112,02642c3e-981a-40f6-8403-7e10f5c62737,2022-05-12 11:29:00,2c7c0b40-21e5-4026-b405-3281a1c094fa,700,43,743
2f6eaf50-51a3-4ed6-b9b6-8ef73941cd14,198d803b-ea1a-4a2f-8e03-df5350c8f196,2022-05-12 15:56:00,2c7c0b40-21e5-4026-b405-3281a1c094fa,2000,125,2125
3e6b4741-6f29-40ef-9108-405b2088e1d5,f4077df6-3f65-49a0-8b0a-6832b2d150f1,2022-05-12 07:54:00,2c7c0b40-21e5-4026-b405-3281a1c094fa,500,31,531
a68d68d5-c740-4593-8623-5d88af0c2ab9,c8d5f897-ee46-4420-9672-70cd7d878c30,2022-05-12 09:49:00,2c7c0b40-21e5-4026-b405-3281a1c094fa,2500,156,2656
9af06ae1-d9a9-4ff7-b70c-c3124d766bb4,0e0470a9-b5e2-4230-82fe-65e5ca22fb62,2022-05-12 07:44:00,2c7c0b40-21e5-4026-b405-3281a1c094fa,600,37,637
2cf5adcf-9b85-4c68-827f-0ee182066e6f,7ccf52c5-9a61-4cdd-b066-1861d44d7118,2022-05-12 18:11:00,2c7c0b40-21e5-4026-b405-3281a1c094fa,500,31,531
6be8f128-8959-445c-a838-5e263ffd048f,2c03dde5-9104-4078-95cc-262c4d4e306c,2022-05-12 19:26:00,2c7c0b40-21e5-4026-b405-3281a1c094fa,1600,100,1700
b9588155-3881-42d4-84fe-b796d6eb3ec5,ac4afb8d-0558-4ead-8f52-e442e2dd4924,2022-05-12 07:57:00,2c7c0b40-21e5-4026-b405-3281a1c094fa,500,31,531
796aacd0-236c-4db4-afac-79c4813ea270,877008e3-94f7-4843-a311-34a98d98fade,2022-05-12 15:41:00,2c7c0b40-21e5-4026-b405-3281a1c094fa,500,31,531
87346fd6-1ddd-4231-88ce-39ed40dc5133,3751b71a-1197-4375-b25c-da8de1782910,2022-05-12 13:57:00,2c7c0b40-21e5-4026-b405-3281a1c094fa,2000,125,2125
a9a49d6d-f444-4c50-9ef7-73076d917c8f,01eafdd9-7ae4-4fc1-81eb-f1b2360d17f6,2022-05-12 14:52:00,2c7c0b40-21e5-4026-b405-3281a1c094fa,1700,106,1806
af608288-4fdb-4994-9840-94a5834ffe7b,36439b4b-c7f8-4010-8000-f370ee29e661,2022-05-12 10:01:00,2c7c0b40-21e5-4026-b405-3281a1c094fa,2200,137,2337
ed7143fd-5a30-4922-84d2-02928bd0c5f0,b9d253c1-b0be-4045-ad56-78846256bc9b,2022-05-12 07:51:00,2c7c0b40-21e5-4026-b405-3281a1c094fa,500,31,531
b561c16e-b850-4400-baaf-c9ad96cf99cf,a199f995-f93f-450a-9dd2-4747e733f032,2022-05-12 08:23:00,2c7c0b40-21e5-4026-b405-3281a1c094fa,500,31,531
1159c638-2c9b-4c7e-9a1c-daa6d4c8a0ff,6aa2e9f4-298e-4a00-ae30-40341edc970b,2022-05-12 13:11:00,2c7c0b40-21e5-4026-b405-3281a1c094fa,1300,81,1381
3e3d3117-f2e4-46d0-9cbe-23865dc3e566,9e954843-2542-4dcb-b42b-15afeb6f54b1,2022-05-12 15:30:00,2c7c0b40-21e5-4026-b405-3281a1c094fa,600,37,637
ad53883f-7fda-4bc3-b987-121fb0550b96,6a70bb64-0e00-43ef-9d71-59e6ff9d605f,2022-05-12 07:51:00,2c7c0b40-21e5-4026-b405-3281a1c094fa,500,31,531
004611ce-2f2c-46ed-aeca-786380ac2a1b,e3194d11-8cfa-45a1-bf58-318f63ed3179,2022-05-12 08:28:00,2c7c0b40-21e5-4026-b405-3281a1c094fa,600,37,637
baf4e6e3-4c3d-4639-b489-5d3bd1d02e04,c75de8fa-cf9b-43b7-b3e5-f64a81426a44,2022-05-12 13:44:00,2c7c0b40-21e5-4026-b405-3281a1c094fa,1700,106,1806
bd0b69d2-1e85-4ab1-959a-b15d94bd908f,f558905d-ff4a-41c3-9033-b5c2e2a25d25,2022-05-12 15:13:00,2c7c0b40-21e5-4026-b405-3281a1c094fa,600,37,637
7afeaa3f-ef67-4a62-ab20-33355d8593ef,0b4e3ffe-f5f7-4114-b024-c6db96ded07c,2022-05-12 08:16:00,2c7c0b40-21e5-4026-b405-3281a1c094fa,700,43,743
d96ae640-b277-4433-9261-92b544e9fad8,af2f7eac-f0fd-47b3-950c-56407269efef,2022-05-12 13:56:00,2c7c0b40-21e5-4026-b405-3281a1c094fa,400,25,425
900e816a-0719-4408-92cb-453c3fb6559b,f76e7677-2b6c-436a-b99c-2c46889222e6,2022-05-12 12:44:00,2c7c0b40-21e5-4026-b405-3281a1c094fa,700,43,743
6883f987-22de-4ce9-adb3-e55268bf94af,04f0e58e-9310-4613-9620-9d86a9aac81e,2022-05-12 08:15:00,2c7c0b40-21e5-4026-b405-3281a1c094fa,400,25,425
73ff99d8-91b7-444c-814f-49691ef0f4dc,f108b09a-f3b1-4d80-b3d3-0610542982ea,2022-05-12 07:55:00,2c7c0b40-21e5-4026-b405-3281a1c094fa,600,37,637
5f63b0ca-c06f-4475-ac44-f2c7b29b7931,1d4f1fe4-7afc-4f0f-b019-c1e2b9c4d001,2022-05-12 08:36:00,2c7c0b40-21e5-4026-b405-3281a1c094fa,500,31,531
39fd6c6e-95f4-4868-9699-d59c3415ad4d,e936075e-f265-47cf-9324-35d6187af866,2022-05-12 14:52:00,2c7c0b40-21e5-4026-b405-3281a1c094fa,1700,106,1806
5a87e865-8053-4eb3-b847-fbc2fabdfd28,5ee74f0a-6394-489c-9731-e60841833a9f,2022-05-12 12:00:00,2c7c0b40-21e5-4026-b405-3281a1c094fa,1000,62,1062
6db6fd74-96c2-4f4e-8729-5f9d0de28044,a0e231cb-637d-4493-85da-e7abb1fe936a,2022-05-12 10:59:00,2c7c0b40-21e5-4026-b405-3281a1c094fa,600,37,637
9c48fd06-a1e1-48ba-ac95-75c6e056791d,2b0dd3ef-74b8-4b6a-bd42-b747870fbd42,2022-05-12 08:15:00,2c7c0b40-21e5-4026-b405-3281a1c094fa,600,37,637
5816a4c9-8604-4ecc-9a01-b75222ca2d38,73e150b4-e63b-40f5-8b1e-e3b0017300f7,2022-05-12 15:26:00,2c7c0b40-21e5-4026-b405-3281a1c094fa,700,43,743
0c430c09-5007-4f66-ad53-c3bab170ae4a,46b591a6-100d-4561-ab0e-fc8d82150821,2022-05-12 14:55:00,2c7c0b40-21e5-4026-b405-3281a1c094fa,700,43,743
99112ae3-476c-4a1b-8b57-5b04a9f40d2e,e514ebbf-5c53-4da6-a747-46f269467d0a,2022-05-12 11:27:00,2c7c0b40-21e5-4026-b405-3281a1c094fa,1000,62,1062
1316fde3-0c47-4d03-8611-09014ab5843d,f58ade35-beb2-412f-a459-0684fedf4d28,2022-05-12 08:34:00,2c7c0b40-21e5-4026-b405-3281a1c094fa,600,37,637
f6588b6e-0f45-405e-b78e-fd0f313aa2f4,e9ed64ae-e9bc-49a1-956f-fb7c07e2f289,2022-05-12 08:47:00,2c7c0b40-21e5-4026-b405-3281a1c094fa,600,37,637
d1d33c5d-d32f-490e-aa86-ad5eae593d67,8cdfd70a-f030-42d1-ac6b-815aa77d768d,2022-05-12 07:39:00,2c7c0b40-21e5-4026-b405-3281a1c094fa,500,31,531
67650f26-d194-4974-b7c4-798204f0a81c,58e99619-de64-48c0-adb0-1c722e1a8c04,2022-05-12 10:45:00,2c7c0b40-21e5-4026-b405-3281a1c094fa,700,43,743
51f6aa0e-2a1f-4a89-8a5c-dacf53099dc0,ad406609-038c-4d8f-908b-29eb83eddb40,2022-05-12 07:50:00,2c7c0b40-21e5-4026-b405-3281a1c094fa,500,31,531
4a9d81eb-d1f6-43a7-99e2-1de1f9bb92b1,74c597ea-d195-4bd1-aa04-e427bec2fa17,2022-05-12 08:55:00,2c7c0b40-21e5-4026-b405-3281a1c094fa,600,37,637
36748061-e1c8-4887-b1bf-6e2b507b029e,4cce8105-937e-47f6-a79a-245b6422e04f,2022-05-12 08:24:00,2c7c0b40-21e5-4026-b405-3281a1c094fa,700,43,743
f58eeae0-2809-4d3e-92c5-4ad7715d78c6,2ff62908-2a68-4369-9d9c-86aa573ca4f2,2022-05-12 14:45:00,2c7c0b40-21e5-4026-b405-3281a1c094fa,600,37,637
c024a327-4e4e-48da-8460-bf6fd6a9b314,54505263-9477-4b44-99d7-c3c1cb5b9ae8,2022-05-12 14:05:00,2c7c0b40-21e5-4026-b405-3281a1c094fa,2100,131,2231
3243bda1-6bcd-4a85-9629-0832e84f8ee7,d88640a1-b1be-4103-b8e4-b43117d8244c,2022-05-12 09:43:00,2c7c0b40-21e5-4026-b405-3281a1c094fa,400,25,425
cef2a2a8-229c-4627-b672-0ad7e0f36ad6,f09b7477-29b1-4d00-800b-d12d278ac830,2022-05-12 17:59:00,2c7c0b40-21e5-4026-b405-3281a1c094fa,600,37,637
44f837ad-466b-45c6-b67b-52a63fdf4bda,33e8b867-e2fc-41c6-9a25-dee67fa2f23f,2022-05-12 12:11:00,2c7c0b40-21e5-4026-b405-3281a1c094fa,600,37,637
19c39c0f-9a5b-4820-a802-b2219e2614f5,290a6471-6527-42db-8a85-6452a351b89d,2022-05-12 07:48:00,2c7c0b40-21e5-4026-b405-3281a1c094fa,400,25,425
ae7a7638-b25f-47ff-9150-f31f38eade17,f89fcee5-0944-4ab1-b8f9-7b894803324b,2022-05-12 09:53:00,2c7c0b40-21e5-4026-b405-3281a1c094fa,400,25,425
11c9885a-705b-42a6-bec7-fc7e9e1afd63,5ce71596-3a6b-4485-b3e0-f1ea2226a655,2022-05-12 15:29:00,2c7c0b40-21e5-4026-b405-3281a1c094fa,500,31,531
535336fe-8b99-40d5-88e5-98b46633661a,0ddc410e-f67a-4ea5-8b59-8efea281727e,2022-05-12 08:55:00,2c7c0b40-21e5-4026-b405-3281a1c094fa,700,43,743
e46600c4-fb4d-478c-bdd0-d8198309a8dc,09a6f48f-08f7-4722-876e-34a69cd5afe0,2022-05-12 08:21:00,2c7c0b40-21e5-4026-b405-3281a1c094fa,500,31,531
000b8f2f-f4ec-4532-b394-47aaa3e2e96c,da04cf5e-9160-4b55-b29b-bac89e3efdef,2022-05-12 14:40:00,2c7c0b40-21e5-4026-b405-3281a1c094fa,700,43,743
52e0c2fc-d1c0-4b58-925e-5602c665fb84,61221960-ce6c-49aa-9007-6deaee1fe79c,2022-05-12 07:48:00,2c7c0b40-21e5-4026-b405-3281a1c094fa,700,43,743
d200ab83-c8e5-42b2-8bd8-079339e730f7,e4f06dfc-7b35-4388-8282-b5649cafa195,2022-05-12 17:25:00,2c7c0b40-21e5-4026-b405-3281a1c094fa,700,43,743
a1c0e4e3-4da1-4088-a60c-d66b1c8f2648,9258bdcd-9fa0-41f5-9ea0-8fa72ab25157,2022-05-12 08:10:00,2c7c0b40-21e5-4026-b405-3281a1c094fa,400,25,425
f9508581-51a7-4146-891b-a640057c8351,183fa501-3888-47e3-a4ed-901c09ef0c11,2022-05-12 11:22:00,2c7c0b40-21e5-4026-b405-3281a1c094fa,2200,137,2337
3a1c7887-b1bc-41d8-a3ac-b6919695c722,edf93937-7467-4cbe-be92-0abc0bc28432,2022-05-12 14:28:00,2c7c0b40-21e5-4026-b405-3281a1c094fa,400,25,425
b951d123-349c-42f6-9e73-f290df900b18,fa86383d-5c05-4a18-b6eb-6f97cf794762,2022-05-12 08:29:00,2c7c0b40-21e5-4026-b405-3281a1c094fa,700,43,743
41ee3637-8641-4570-b617-de1a5013d5f7,225cedf2-e2bb-48d4-9737-4b90a89aa988,2022-05-12 13:14:00,2c7c0b40-21e5-4026-b405-3281a1c094fa,1600,100,1700
af6b4ba5-df03-4ee7-b08c-2e8f05a8a6c9,a8dd9b84-ec8e-4a39-b972-077d70029935,2022-05-12 14:59:00,2c7c0b40-21e5-4026-b405-3281a1c094fa,500,31,531
23a5500e-48f9-4253-bfa1-e9f6455a137a,b330ba9a-70a3-47c1-9e4d-5ee87da77593,2022-05-12 16:34:00,2c7c0b40-21e5-4026-b405-3281a1c094fa,400,25,425
542907ce-b83e-4748-90cb-0ea98b2bc04f,4b733367-6af0-4554-9c5b-0dd8387cf875,2022-05-12 14:42:00,2c7c0b40-21e5-4026-b405-3281a1c094fa,2300,143,2443
f4ade688-f837-4469-9d49-a60a5acc6939,af3dc3c6-d7d9-4803-90d7-b55e79b22d76,2022-05-12 08:35:00,2c7c0b40-21e5-4026-b405-3281a1c094fa,600,37,637
8ed4b87b-5462-438e-87c3-be4e203ef3ab,ffaf2c96-a99d-4903-a02b-7e5eb0994fa5,2022-05-12 14:49:00,2c7c0b40-21e5-4026-b405-3281a1c094fa,400,25,425
2efc6abd-3f93-4aca-934f-3d84ec1bb1bc,7187df43-a9cd-4d7d-9c30-f9bd4c359acd,2022-05-12 08:34:00,2c7c0b40-21e5-4026-b405-3281a1c094fa,700,43,743
c9205219-0b18-449f-8136-4f0dc08a7ab2,341cc826-b57e-4bbd-8201-efedaf4c92d1,2022-05-12 08:47:00,2c7c0b40-21e5-4026-b405-3281a1c094fa,0,0,0
c3c9c2f5-35c8-4133-80e2-2f77e287a5d8,5ad9d2fc-7fb9-404c-a18e-7ef4de86de05,2022-05-12 12:06:00,2c7c0b40-21e5-4026-b405-3281a1c094fa,600,37,637
70b626bf-592a-4d61-8ad9-eb626a66301a,d9e29bad-fb1a-4823-b64a-387f3730d778,2022-05-12 07:15:00,2c7c0b40-21e5-4026-b405-3281a1c094fa,600,37,637
b7b30299-2bcb-4778-b8e3-e49c066bd89c,5d20b1af-4da2-4c21-9162-be96e4a17e16,2022-05-12 18:56:00,2c7c0b40-21e5-4026-b405-3281a1c094fa,500,31,531
9b0824b4-c78b-49f8-b18a-73f318896ded,1edc0be5-374b-4971-b3e7-22d6827cc5af,2022-05-12 13:06:00,2c7c0b40-21e5-4026-b405-3281a1c094fa,1800,112,1912
f1d5c90d-a0ba-4318-8d38-b8a61dd10021,cb8bd320-aaf1-407a-97f2-0810af6121c8,2022-05-12 12:18:00,2c7c0b40-21e5-4026-b405-3281a1c094fa,1600,100,1700
9daeeb7a-e2be-4a7c-96b6-fa84527406f6,5d522def-3044-4408-8540-042f8cff562b,2022-05-12 10:32:00,2c7c0b40-21e5-4026-b405-3281a1c094fa,400,25,425
d612cf30-7579-47f9-8656-dd86303c3451,37cde76d-d177-41a0-bb0b-6c40df3f37b1,2022-05-12 07:30:00,2c7c0b40-21e5-4026-b405-3281a1c094fa,600,37,637
cb115acd-f19f-441c-b83e-26710bcef86a,90b91ce7-46e2-4b12-baa8-2cdfa15656ea,2022-05-12 08:07:00,2c7c0b40-21e5-4026-b405-3281a1c094fa,600,37,637
afc589a0-485a-4034-a43c-1332de1ba21e,fadca7a4-2277-45c8-88aa-ee9f34bf341f,2022-05-12 11:25:00,2c7c0b40-21e5-4026-b405-3281a1c094fa,2500,156,2656
1cc7eccf-c678-42f6-a0b3-3f1a38afb264,4f65c9cf-09ca-407b-9eb9-d1927236fed1,2022-05-12 16:18:00,2c7c0b40-21e5-4026-b405-3281a1c094fa,1600,100,1700
894c2adb-3e78-40f0-82f8-279455c9c79f,6580d0a6-b610-43c9-98b4-0b3a4d35181f,2022-05-12 08:00:00,2c7c0b40-21e5-4026-b405-3281a1c094fa,500,31,531
059bbc82-6a6d-4cfa-9670-e1eb695ff1ee,ea7f3c07-7866-45ed-9af2-75c96025c924,2022-05-12 15:05:00,2c7c0b40-21e5-4026-b405-3281a1c094fa,1800,112,1912
2daba9ee-8ea3-40c0-a0e6-e6e2c0ae9d69,3b910127-b73e-48af-add0-951120f9c1c7,2022-05-12 17:33:00,2c7c0b40-21e5-4026-b405-3281a1c094fa,2100,131,2231
87df5c77-cd31-4092-9efd-59fedcfa628c,8b7c60db-4f5b-40d2-ac84-2a4e24196bd3,2022-05-12 08:08:00,2c7c0b40-21e5-4026-b405-3281a1c094fa,700,43,743
b4d83d3b-bb78-4ac4-851a-456d3cb976ff,f09f4350-ea88-425f-a370-f9f2b06c63ac,2022-05-12 11:48:00,2c7c0b40-21e5-4026-b405-3281a1c094fa,600,37,637
67749455-5aa5-4b6d-9f87-84349749125a,d9f56e87-a63f-42db-a715-ecfd7c776e6c,2022-05-12 08:38:00,2c7c0b40-21e5-4026-b405-3281a1c094fa,600,37,637
bcb68194-942f-46b1-9234-d677086c6154,914a31cb-ac05-4d33-84c3-8ba56558f6fb,2022-05-12 08:30:00,2c7c0b40-21e5-4026-b405-3281a1c094fa,600,37,637
5ab2b47b-7cfa-4724-8d67-7b4cbf168bb3,5ae067ce-c89b-429a-bfd8-835bd4f6c745,2022-05-12 13:14:00,2c7c0b40-21e5-4026-b405-3281a1c094fa,400,25,425
9b1ee7bc-0253-4fd7-b43c-485906390f13,13762769-d697-4b42-a879-4f97cf15f390,2022-05-12 13:14:00,2c7c0b40-21e5-4026-b405-3281a1c094fa,3800,237,4037
8394310d-5dd9-4dff-a6d0-b5fa6b0fd2dd,73351b1f-87c4-4ec1-a2d3-0c7034a48f70,2022-05-12 12:52:00,2c7c0b40-21e5-4026-b405-3281a1c094fa,1800,112,1912
bf47d03f-702f-4125-908f-5f90f2cb0c1c,3fd3b778-820c-446d-9461-9dfda90aa25e,2022-05-12 07:35:00,2c7c0b40-21e5-4026-b405-3281a1c094fa,700,43,743
aa26ae24-b2b4-4f86-9beb-35d47245946a,42e5a617-ec38-425c-aec8-2dc4ef5a53d7,2022-05-12 19:44:00,2c7c0b40-21e5-4026-b405-3281a1c094fa,1800,112,1912
80449fbf-99d8-44fa-abad-b35b67e2d710,163f378a-a94c-4a9c-b6f0-53730585540a,2022-05-12 13:44:00,2c7c0b40-21e5-4026-b405-3281a1c094fa,500,31,531
2d76f505-4a4a-4496-99ac-70133a6fc66c,d80e2256-edee-4660-8e37-21cb670389f5,2022-05-12 11:16:00,2c7c0b40-21e5-4026-b405-3281a1c094fa,2300,143,2443
f8507059-e9a7-491c-bc6c-ba6d2bce6c7a,6d71309e-800a-463c-80cc-de411ebe5c20,2022-05-12 15:29:00,2c7c0b40-21e5-4026-b405-3281a1c094fa,600,37,637
2a73b516-196e-4961-bbd2-373f1d192104,a2a067a7-47b7-4c15-a37f-f29551998f16,2022-05-12 12:54:00,2c7c0b40-21e5-4026-b405-3281a1c094fa,1700,106,1806
e6564834-e2fc-4be4-9c70-9a40e930e8c6,e7e3fcdf-879d-45fc-b066-362dfd474354,2022-05-12 14:50:00,2c7c0b40-21e5-4026-b405-3281a1c094fa,1600,100,1700
300e101c-77f0-4799-8cb2-1faac83b9520,6a4c7390-cd12-4f21-867f-1fd27ed0529f,2022-05-12 16:59:00,2c7c0b40-21e5-4026-b405-3281a1c094fa,600,37,637
42d74d89-f034-4669-98c2-196ddb2ed264,d689cb26-458f-402b-aa4a-aae632f9d57d,2022-05-12 07:49:00,2c7c0b40-21e5-4026-b405-3281a1c094fa,700,43,743
eafc0bfb-fd21-4daf-a0ed-3407938781ed,bd05b338-26ea-4d55-b01c-de4c82c0f0e3,2022-05-12 11:50:00,2c7c0b40-21e5-4026-b405-3281a1c094fa,1000,62,1062
696b86af-37c2-41a8-b01e-cfc48a8a3d07,866ddb83-d4a7-4c92-a1a0-f675b6330e2f,2022-05-12 12:30:00,2c7c0b40-21e5-4026-b405-3281a1c094fa,1300,81,1381
60af0db0-0a80-4523-8311-0187f7992db3,ec200c8d-8fb0-4370-a443-0ef74c624392,2022-05-12 08:02:00,2c7c0b40-21e5-4026-b405-3281a1c094fa,600,37,637
b5a5c76d-9b0f-4393-ab80-4b9471e204fe,d9cc6c50-9928-4d4f-8750-24817ff2bc24,2022-05-12 07:28:00,2c7c0b40-21e5-4026-b405-3281a1c094fa,600,37,637
223576df-6c96-479c-871f-59abe2b9bb6d,cb4b008e-1007-492c-80f1-c341d3956d37,2022-05-12 12:46:00,2c7c0b40-21e5-4026-b405-3281a1c094fa,1100,68,1168
97394761-1743-4f75-9095-46d0c4971285,f42f9a30-6970-4860-a605-2683706990ab,2022-05-12 10:18:00,2c7c0b40-21e5-4026-b405-3281a1c094fa,3200,200,3400
3cd776df-95a8-4650-b71c-be85a59deecd,a0928352-1d2e-4ed9-99d4-1322339e4cc0,2022-05-12 15:19:00,2c7c0b40-21e5-4026-b405-3281a1c094fa,600,37,637
72f76a42-7fd7-4450-a43e-745ee30d1dad,549648e0-135e-46c1-b6a0-42895fb5325d,2022-05-12 15:08:00,2c7c0b40-21e5-4026-b405-3281a1c094fa,500,31,531
d3d14611-1e71-4c04-bcaf-c9e99edb458f,332a1502-92d0-4eca-abc8-3733b038dba7,2022-05-12 12:27:00,2c7c0b40-21e5-4026-b405-3281a1c094fa,400,25,425
87f471d8-80e0-442d-8838-77e655e76c6a,b25cf0ba-5ca4-45e8-b091-a250f62871e0,2022-05-12 15:12:00,2c7c0b40-21e5-4026-b405-3281a1c094fa,1900,118,2018
355f7391-adfc-4fec-80a2-322a51059285,dea24063-82bc-4e4d-8ff1-ce2ad51ba43c,2022-05-12 16:33:00,2c7c0b40-21e5-4026-b405-3281a1c094fa,1900,118,2018
c78cbda7-3b0f-44de-91cd-164dd5697e68,c83203f8-a243-44c6-beb5-6f579475ce13,2022-05-12 15:57:00,2c7c0b40-21e5-4026-b405-3281a1c094fa,600,37,637
c979a6c5-2e1b-4fad-83c2-ad97035231fa,fe756350-263c-4525-8136-c1d02d446a46,2022-05-12 13:39:00,2c7c0b40-21e5-4026-b405-3281a1c094fa,1400,87,1487
d76d28e1-f438-43d5-8f5e-66444bfcc79e,8d221043-e280-4b5b-a3e1-df9e96adc1ef,2022-05-12 16:31:00,2c7c0b40-21e5-4026-b405-3281a1c094fa,600,37,637
9fe39b96-1459-4c00-818e-e75a6f3d254c,5ef51cb8-5373-43ab-baa8-bc0bf0b1f03a,2022-05-12 08:10:00,2c7c0b40-21e5-4026-b405-3281a1c094fa,600,37,637
24efe544-9643-4abc-9584-941c283bb9d1,532ea9a3-d791-4781-9da2-01fff6161ac4,2022-05-12 18:06:00,2c7c0b40-21e5-4026-b405-3281a1c094fa,600,37,637
58b8fa07-601d-4cce-8f13-78b439a45c6a,776c8db3-e7d4-427e-b6ac-9c5b6d3c9a95,2022-05-12 14:19:00,2c7c0b40-21e5-4026-b405-3281a1c094fa,400,25,425
48a48310-9634-45c2-a37e-78ba817e7a03,c63d7b39-84c4-496f-9e49-b022d4c67379,2022-05-12 10:41:00,2c7c0b40-21e5-4026-b405-3281a1c094fa,600,37,637
2d56ac18-dbed-477c-92a1-6a68d43a55f1,80fbd5cc-a16a-4bfc-b2d6-4c96963c7272,2022-05-12 16:45:00,2c7c0b40-21e5-4026-b405-3281a1c094fa,1500,93,1593
d6e86aee-8e1d-4c84-bbfe-48754034e914,6ccf4269-e194-462e-8c01-8c5955d6bd1c,2022-05-12 07:00:00,2c7c0b40-21e5-4026-b405-3281a1c094fa,600,37,637
186e10e5-3377-4799-a161-8d55930e0127,2e832c93-3fe2-48f3-9c75-853ddcc51188,2022-05-12 16:02:00,2c7c0b40-21e5-4026-b405-3281a1c094fa,600,37,637
0f3a398c-19b4-4e90-9b76-f6c44fdb6f14,e3031c45-e8dc-4f53-a9d9-d3d2d6da4eab,2022-05-12 07:24:00,2c7c0b40-21e5-4026-b405-3281a1c094fa,500,31,531
ab414215-e6c5-4770-bbd4-5d0803101d3d,f438a665-870f-4f64-b48e-1ee83bfc1aba,2022-05-12 15:04:00,2c7c0b40-21e5-4026-b405-3281a1c094fa,1700,106,1806
0d422e11-97b7-4dee-9344-295736dd8f79,c9cbb253-97c7-485c-b85f-451a18192201,2022-05-12 07:49:00,2c7c0b40-21e5-4026-b405-3281a1c094fa,500,31,531
d66539ff-ae0a-4d9f-8dcf-1f6ba08df675,c23880b8-861f-4efd-b8d3-ecef7a43da0a,2022-05-12 16:15:00,2c7c0b40-21e5-4026-b405-3281a1c094fa,1800,112,1912
f58d5033-19d5-44b7-8902-73ed1f9ada6f,6baf1e46-52c6-4e6d-8297-848fe09a0a7d,2022-05-12 09:33:00,2c7c0b40-21e5-4026-b405-3281a1c094fa,2600,162,2762
3064c88a-fadb-4fd7-a7bf-82e195b0d981,73ffeb0a-1eff-45da-a196-7ff2b71038cd,2022-05-12 13:58:00,2c7c0b40-21e5-4026-b405-3281a1c094fa,500,31,531
1e74432e-4de9-446f-acf3-89ee95724752,df4b8a9b-7fad-4ccb-aed3-d549db457b35,2022-05-12 14:28:00,2c7c0b40-21e5-4026-b405-3281a1c094fa,600,37,637
98f03574-98f4-47bf-91bb-a67696a9474b,c9caa866-c448-4027-ac51-350ceb472f0a,2022-05-12 07:39:00,2c7c0b40-21e5-4026-b405-3281a1c094fa,700,43,743
faf1b7f3-da2b-4e5f-ba61-f4359cf72424,ee6f24e9-513d-4727-a83d-116c25f2ddf4,2022-05-12 08:44:00,2c7c0b40-21e5-4026-b405-3281a1c094fa,2800,175,2975
748fd698-51cd-421d-8617-758b4409c4d2,db5e3f4e-dde6-4508-91d0-251e70e0270f,2022-05-12 09:31:00,2c7c0b40-21e5-4026-b405-3281a1c094fa,500,31,531
adb7172a-82c4-4926-9065-610440479838,02deee14-c680-46b5-a231-4a5c23642767,2022-05-12 10:33:00,2c7c0b40-21e5-4026-b405-3281a1c094fa,1100,68,1168
03b878c8-cad7-4610-af53-23bf23f1fdbc,870e9d5f-72b4-4c42-a21f-7cdae3df8999,2022-05-12 08:12:00,2c7c0b40-21e5-4026-b405-3281a1c094fa,600,37,637
df1a0ef8-5207-439d-8964-5334950732a7,88895029-7409-4d53-bf53-9da65334592c,2022-05-12 13:52:00,2c7c0b40-21e5-4026-b405-3281a1c094fa,600,37,637
0903d0ee-ff53-47ae-b1ea-4f56c95552a0,98dd44e0-8267-41d7-9ab7-2ec70d317edd,2022-05-12 08:08:00,2c7c0b40-21e5-4026-b405-3281a1c094fa,600,37,637
254bdaac-5916-4742-ae71-279da543cec9,a3a3e27d-80d7-45cc-9c5a-cb1314ccedc3,2022-05-12 12:59:00,2c7c0b40-21e5-4026-b405-3281a1c094fa,500,31,531
3425618a-9dfd-43e0-bf41-a86f53aded9f,21ad42ca-b172-460f-b87d-eb3146cfd7ab,2022-05-12 08:06:00,2c7c0b40-21e5-4026-b405-3281a1c094fa,2000,125,2125
371ecacb-f81a-4e21-a712-c7bc0baaaa0c,bfb0b52c-65c3-43f9-8780-49304c6b8950,2022-05-12 19:53:00,2c7c0b40-21e5-4026-b405-3281a1c094fa,500,31,531
9567aa5a-1c99-4a48-ad78-0157b615155f,3c55c3b5-53c7-4c08-ae08-36d5c77362e5,2022-05-12 15:02:00,2c7c0b40-21e5-4026-b405-3281a1c094fa,700,43,743
b7b7d388-16d3-4ced-8cfa-37128b988716,add5cadc-19b7-496f-be99-3ea4577090a8,2022-05-12 17:13:00,2c7c0b40-21e5-4026-b405-3281a1c094fa,400,25,425
5cf98ca7-5cd0-48d9-8b8d-d5f2f513e789,55fba3bd-b699-4784-aa0f-02eee2bb0505,2022-05-12 17:52:00,2c7c0b40-21e5-4026-b405-3281a1c094fa,500,31,531
3c4f9a10-0ece-4c04-aaac-35d2645d84e0,0152df6e-ca2a-4b7f-992b-a8820c211120,2022-05-12 13:19:00,2c7c0b40-21e5-4026-b405-3281a1c094fa,400,25,425
8e8ec527-a17f-45f4-b26b-dd1199c5fb3e,09a4ab63-59e2-4bb4-ad07-a754cdbbd0f1,2022-05-12 07:30:00,2c7c0b40-21e5-4026-b405-3281a1c094fa,400,25,425
dc5972b4-7c31-4654-8532-a0eab9317b61,cfe721e9-2b3c-471c-ab34-165a74d750ea,2022-05-12 08:14:00,2c7c0b40-21e5-4026-b405-3281a1c094fa,400,25,425
2211030e-1022-4a71-8262-0139232d7430,f5420e35-c6ff-4311-a571-dbf68fbbdb43,2022-05-12 16:13:00,2c7c0b40-21e5-4026-b405-3281a1c094fa,400,25,425
24cf803a-19a4-42e0-b95c-635b19924711,fc9504bc-32d7-4418-9b0a-629f0c180cc8,2022-05-12 14:42:00,2c7c0b40-21e5-4026-b405-3281a1c094fa,1600,100,1700
3fb62ce9-9b69-4d66-b121-2f4185528538,a369f7d7-177a-49e5-804f-b41b61109600,2022-05-12 07:33:00,2c7c0b40-21e5-4026-b405-3281a1c094fa,600,37,637
e72209e9-f548-451a-92ae-cda486cbe6aa,3ea763b7-6fe2-4a79-8f2e-9c04799b7d30,2022-05-12 18:22:00,2c7c0b40-21e5-4026-b405-3281a1c094fa,400,25,425
9dcd5c1e-1fad-4655-b279-05a409b7274a,88cf1fe9-96fa-404e-ba49-767d646c0446,2022-05-12 16:29:00,2c7c0b40-21e5-4026-b405-3281a1c094fa,1500,93,1593
6d69c715-ae2a-47f7-9710-d16ad1177fbb,365d2e41-1070-4e46-8033-a297d6ef1a98,2022-05-12 08:07:00,2c7c0b40-21e5-4026-b405-3281a1c094fa,700,43,743
f8f690fe-db76-49fb-b9a9-8701bb335e6f,26695097-7378-4faa-9f62-d0e0664ff11e,2022-05-12 07:00:00,2c7c0b40-21e5-4026-b405-3281a1c094fa,500,31,531
3ee79dba-2fa3-4b59-8dae-d8df1c4c43fb,20cf11ec-8799-4af2-bd7a-9e7f288d535c,2022-05-12 15:44:00,2c7c0b40-21e5-4026-b405-3281a1c094fa,500,31,531
5c351f29-e594-4039-b29b-ff3330fb2ca5,186384b9-43b2-44b6-8c1b-43fafd8e5e0f,2022-05-12 14:24:00,2c7c0b40-21e5-4026-b405-3281a1c094fa,1600,100,1700
2a08e115-d6f0-42e9-a23f-561ea4fe0a0f,ac66f553-fefe-47d2-bd39-13ed1fcb3330,2022-05-12 15:03:00,2c7c0b40-21e5-4026-b405-3281a1c094fa,400,25,425
b26b4c79-0b59-43a9-bc6f-1dc48198b7f1,879f8d92-cd5a-45b0-a78c-bb13a5542cfe,2022-05-12 17:23:00,2c7c0b40-21e5-4026-b405-3281a1c094fa,600,37,637
8bd36823-e1d6-4e6a-8046-79b1faa6eae4,763902ed-d882-4eca-a0f1-0b333eb57c8d,2022-05-12 08:22:00,2c7c0b40-21e5-4026-b405-3281a1c094fa,500,31,531
5d6f2c51-bf3e-48d3-a16e-6b5934d415f8,690a51c9-e9a4-4ab0-8a98-19b76e98f62a,2022-05-12 15:26:00,2c7c0b40-21e5-4026-b405-3281a1c094fa,1600,100,1700
3600677a-78ff-4b0e-b9fe-75404302d983,9acce0e8-d045-4d2f-b4b2-a017e0dc7a4a,2022-05-12 13:48:00,2c7c0b40-21e5-4026-b405-3281a1c094fa,1700,106,1806
cf007ce8-5d1f-4164-9154-ff2a7f1e1d9d,719bec75-cb6a-47a5-a868-7b80e2ccea71,2022-05-12 11:56:00,2c7c0b40-21e5-4026-b405-3281a1c094fa,700,43,743
55c8e37a-66e1-408b-853d-1289f97bc985,44078c2b-ff96-4411-ac21-3ac475d9f62f,2022-05-12 08:09:00,059136e5-beb1-43f4-a3fe-9cc14dd0989b,600,44,644
b71f29de-2af2-400a-8344-739d2dff5a8c,09e7c029-5016-4dfa-8e31-77678314c378,2022-05-12 08:35:00,059136e5-beb1-43f4-a3fe-9cc14dd0989b,700,52,752
fbf727de-6cda-48a1-8b23-9a0c35fc081d,81470d98-dacd-4700-ba0c-0c7913bef08f,2022-05-12 07:29:00,059136e5-beb1-43f4-a3fe-9cc14dd0989b,600,44,644
aeb8f76f-cd53-4fe7-8bd9-6841faac38d0,a8581b41-551a-4f0c-b260-7d7001b751b1,2022-05-12 16:22:00,059136e5-beb1-43f4-a3fe-9cc14dd0989b,2000,150,2150
62a147ac-845b-42eb-9e3e-191ba56b767d,486f7413-79ea-433d-adb4-14d7e49487e8,2022-05-12 17:46:00,059136e5-beb1-43f4-a3fe-9cc14dd0989b,1700,127,1827
139a5515-88d7-4b5c-9480-a8e578589220,d0dc284e-b60f-48e9-9b8d-c12ab1d0424c,2022-05-12 07:45:00,059136e5-beb1-43f4-a3fe-9cc14dd0989b,500,37,537
43526c20-a828-424d-b553-94a43d88eab8,f1a51900-aed7-4360-a2ff-053803fd229e,2022-05-12 16:44:00,059136e5-beb1-43f4-a3fe-9cc14dd0989b,600,44,644
11f2433d-2c61-4e4e-bbd2-147d86c8517e,daeb0a8d-7840-447b-bb99-8952510a6f73,2022-05-12 12:47:00,059136e5-beb1-43f4-a3fe-9cc14dd0989b,600,44,644
a4d0885d-177a-452c-831b-30c7de096f2e,ff2da684-c201-46c5-8d08-053bd768156b,2022-05-12 09:39:00,059136e5-beb1-43f4-a3fe-9cc14dd0989b,600,44,644
f9b1e7c4-77e0-4971-b371-acee7fc5dbab,a2c1254d-0f59-448f-ad1b-3148ddac6759,2022-05-12 10:24:00,059136e5-beb1-43f4-a3fe-9cc14dd0989b,400,30,430
dab007fb-a1ef-47c6-b0c6-467d739519bc,72b98a5e-a9a4-46ad-b5db-be0120ecdb29,2022-05-12 08:40:00,059136e5-beb1-43f4-a3fe-9cc14dd0989b,500,37,537
7e476beb-fe7f-418f-9fc6-1636cfb64eb2,dcf87a24-5156-453f-b5ef-aac22c14d08c,2022-05-12 11:11:00,059136e5-beb1-43f4-a3fe-9cc14dd0989b,600,44,644
2aaec6cb-5cf8-4afb-8d86-724d3d98904a,f8b78676-afd7-4af9-97ab-f0214590c933,2022-05-12 13:04:00,059136e5-beb1-43f4-a3fe-9cc14dd0989b,1300,97,1397
15ee08d1-d6f4-4fd4-8505-a4ff3c53f4a6,4beb0ffa-7216-45d7-8f7b-56bf75262d32,2022-05-12 11:56:00,059136e5-beb1-43f4-a3fe-9cc14dd0989b,1200,89,1289
46382d70-bf61-4e21-97ff-b5634ec9785e,211dd5c2-004c-4428-a977-ff1d69bd2b17,2022-05-12 13:07:00,059136e5-beb1-43f4-a3fe-9cc14dd0989b,1400,105,1505
551f7918-6f62-4ffc-8738-72b995f254eb,1c1ac51a-3921-40e4-a21e-99f6f6f6f01b,2022-05-12 07:57:00,059136e5-beb1-43f4-a3fe-9cc14dd0989b,600,44,644
5c47e643-4c9a-45dc-8086-ddb6dcae89b6,3f40e3be-f3ab-4e84-b084-3b2f6f92b1ed,2022-05-12 07:39:00,059136e5-beb1-43f4-a3fe-9cc14dd0989b,400,30,430
36443c3a-8512-4423-9ad4-efea0e7ebdb5,c8754fc3-e053-42e0-9cbd-964bf34f51f6,2022-05-12 10:51:00,059136e5-beb1-43f4-a3fe-9cc14dd0989b,400,30,430
60e93c71-e4e4-4af6-840f-d8831b70400d,18b3cb0c-66bf-4610-953a-7d06de368bf4,2022-05-12 08:05:00,059136e5-beb1-43f4-a3fe-9cc14dd0989b,400,30,430
53002967-2ca3-4eb7-bbbb-1cfa2d18be93,e3f6c810-39ff-4eb4-8cc8-3700ee849ace,2022-05-12 07:18:00,059136e5-beb1-43f4-a3fe-9cc14dd0989b,600,44,644
5730eec8-858d-41f3-83b7-997588a47a8e,01edc445-0ab9-4ece-b57d-56073a6a59fd,2022-05-12 16:57:00,059136e5-beb1-43f4-a3fe-9cc14dd0989b,1800,135,1935
46cf7b78-0528-406e-ae7a-14075a2103bb,9692b46e-25c9-4e94-875e-0f631d0b3e28,2022-05-12 12:16:00,059136e5-beb1-43f4-a3fe-9cc14dd0989b,700,52,752
46fcf613-cc59-43be-ae7d-681bd0692cb0,2a1fde7e-ff9e-41b3-bb63-60756dd3cca3,2022-05-12 11:02:00,059136e5-beb1-43f4-a3fe-9cc14dd0989b,400,30,430
4d4de687-ae18-415d-84c7-bf599bebe08e,713959e7-0fde-4b83-b323-d8aaee8a874b,2022-05-12 11:17:00,059136e5-beb1-43f4-a3fe-9cc14dd0989b,500,37,537
0f82538c-5748-46c9-9e16-aa275c804dc9,f598c3f9-089b-45ed-bdf2-192ebf4b52a8,2022-05-12 07:00:00,059136e5-beb1-43f4-a3fe-9cc14dd0989b,700,52,752
be9fba88-9b31-46a2-8e3a-e71ed898f304,d7946036-09c5-4ee9-85d7-05ca1e3757d6,2022-05-12 18:50:00,059136e5-beb1-43f4-a3fe-9cc14dd0989b,700,52,752
fe30833c-7154-497b-a37a-d4a0911ebee6,5afdf85a-b5cb-4e72-b99b-b8094cd17122,2022-05-12 08:31:00,059136e5-beb1-43f4-a3fe-9cc14dd0989b,3500,262,3762
79e9a34e-af4f-413a-b6af-265bdedc1e4d,dd6054cf-c805-442d-9ba8-23178af8d01c,2022-05-12 07:56:00,059136e5-beb1-43f4-a3fe-9cc14dd0989b,400,30,430
76a614ed-e06f-425e-9a95-6be06ab3815f,506e4013-8887-496e-9a04-f0e01887e821,2022-05-12 07:44:00,059136e5-beb1-43f4-a3fe-9cc14dd0989b,500,37,537
3ccf98b5-15cd-4643-9454-80c8b7f8cae5,6b35587c-c967-4880-9328-d1f4642235e4,2022-05-12 17:30:00,059136e5-beb1-43f4-a3fe-9cc14dd0989b,1500,112,1612
14155e8d-2c30-482d-a2fc-406718eb56cc,bccab3fa-d2f0-47b5-b242-b3bd3ca35e31,2022-05-12 16:47:00,059136e5-beb1-43f4-a3fe-9cc14dd0989b,1500,112,1612
ef0858de-d756-4821-a50e-33e86272f85f,0bd2b5e2-1051-47d3-9c88-8fe2cce0d72c,2022-05-12 07:42:00,059136e5-beb1-43f4-a3fe-9cc14dd0989b,500,37,537
6b36b87e-7ed2-470a-8cc6-49aeff812bea,5d0ae589-9d32-4770-b34e-3fce58eafd96,2022-05-12 15:28:00,059136e5-beb1-43f4-a3fe-9cc14dd0989b,1600,120,1720
41f54b32-c158-44b1-b53a-4316b2fabf24,dce91346-49e1-4dc0-8151-0aee0146f7b0,2022-05-12 08:06:00,059136e5-beb1-43f4-a3fe-9cc14dd0989b,500,37,537
a6dc72c0-196e-4fbc-82ba-ad77f6199bd6,44cd1c90-3e7d-45f1-b7a7-eb24f631ec62,2022-05-12 11:12:00,059136e5-beb1-43f4-a3fe-9cc14dd0989b,400,30,430
aca247c3-6c1e-4a02-8e87-7084106859c0,3ba06841-e0f5-4986-a061-a20a8d1a9468,2022-05-12 08:14:00,059136e5-beb1-43f4-a3fe-9cc14dd0989b,700,52,752
f32ae305-0ec2-48d0-b8fa-0bd4983496e2,08a94312-0375-4898-8816-c527f1a9e954,2022-05-12 08:07:00,059136e5-beb1-43f4-a3fe-9cc14dd0989b,600,44,644
76304e0f-1824-4853-885e-fb64fb04b60d,7018d6b2-3bff-425d-9c6b-bdbdc3f5049e,2022-05-12 15:23:00,059136e5-beb1-43f4-a3fe-9cc14dd0989b,500,37,537
2aba5fd8-33d6-4fce-988d-7791634ea3dc,79729105-3697-4b71-a71a-ef98faaff6e9,2022-05-12 07:17:00,059136e5-beb1-43f4-a3fe-9cc14dd0989b,600,44,644
f05f1c5f-984c-4f4a-a39e-8271ec434e1e,ab9a0bd4-92b5-4830-85c6-278efca955b1,2022-05-12 09:52:00,059136e5-beb1-43f4-a3fe-9cc14dd0989b,400,30,430
1e0e918c-3a43-4116-9e8d-516ae210684f,504165b5-1c7f-4bfa-846d-1eb205d06012,2022-05-12 16:08:00,059136e5-beb1-43f4-a3fe-9cc14dd0989b,1800,135,1935
fffeee97-5a64-4bb9-b408-079a5268e3c6,877a7a1a-64dc-41df-8363-8d8e37450087,2022-05-12 16:53:00,059136e5-beb1-43f4-a3fe-9cc14dd0989b,1700,127,1827
1e62b466-f4a6-4050-a412-bfa23ca6c447,3fd47ffa-f416-4856-abda-cb2041e4ab50,2022-05-12 15:39:00,059136e5-beb1-43f4-a3fe-9cc14dd0989b,2400,179,2579
9c333a15-e1a7-4001-ba52-9b0a9757287d,b0307cea-2d3c-4d8b-8a8a-ff40768baf60,2022-05-12 07:32:00,059136e5-beb1-43f4-a3fe-9cc14dd0989b,600,44,644
fdd638d6-574e-4518-976e-e53a5d269ba8,3c804db9-c8df-4b39-a554-920bb75231af,2022-05-12 07:31:00,059136e5-beb1-43f4-a3fe-9cc14dd0989b,600,44,644
c2a2bd15-4498-45ef-8006-483d7bfcfe27,f7ad63c5-7073-4979-a425-55175695dc63,2022-05-12 08:33:00,059136e5-beb1-43f4-a3fe-9cc14dd0989b,700,52,752
34998bdb-72f1-4a2c-9e20-f8d65719fd21,c1cfb454-4447-43c5-a7b6-6769a6d3506e,2022-05-12 07:59:00,059136e5-beb1-43f4-a3fe-9cc14dd0989b,600,44,644
35f15106-cd12-462f-8ef1-d6e00a3f13b9,781e5cf8-ed9f-4299-a163-e6a677bbe364,2022-05-12 09:11:00,059136e5-beb1-43f4-a3fe-9cc14dd0989b,600,44,644
2c0fdaa6-4424-4a90-8c5b-20dbe03d7ba9,050ddc48-4654-4eda-bca1-7f1fb8704f7a,2022-05-12 08:35:00,059136e5-beb1-43f4-a3fe-9cc14dd0989b,700,52,752
7967b936-7fa8-4f13-abcc-e28161560666,10302e54-e659-4d7e-ac35-4df71a7d22ea,2022-05-12 12:39:00,059136e5-beb1-43f4-a3fe-9cc14dd0989b,1100,82,1182
4c8d6d24-7b18-4d1f-95fb-9cae57ea4286,004d3f7e-1e0a-4e9c-943e-982484dd3386,2022-05-12 16:53:00,059136e5-beb1-43f4-a3fe-9cc14dd0989b,1700,127,1827
01c7b7c8-8902-4605-bd7a-8f584adc3fbf,2fa283a1-4467-4a1f-a6eb-da027d38ba02,2022-05-12 07:44:00,059136e5-beb1-43f4-a3fe-9cc14dd0989b,400,30,430
7d3e1513-a542-4823-863d-1bdc71693627,8579dc59-feca-41a5-805a-7ad410476f97,2022-05-12 17:30:00,059136e5-beb1-43f4-a3fe-9cc14dd0989b,500,37,537
7b37b22b-31b8-420e-bfbc-fe7bdcb44b62,f34929ee-3e72-4a33-add6-7a7058bf05d7,2022-05-12 16:57:00,059136e5-beb1-43f4-a3fe-9cc14dd0989b,1800,135,1935
678ef62f-46af-4d8a-b8a2-2c23f555e5ea,e785b14b-748f-4b64-9589-e822b226f9a8,2022-05-12 07:42:00,059136e5-beb1-43f4-a3fe-9cc14dd0989b,600,44,644
48d6134d-75a5-4935-b826-c3a0254e9c97,23bb9204-6575-4bbb-b910-b827f247824b,2022-05-12 08:31:00,059136e5-beb1-43f4-a3fe-9cc14dd0989b,400,30,430
51027fd9-b575-47d2-9240-58f2bef5ba56,51cad696-8312-4f57-8a0b-4fbdbe11af59,2022-05-12 14:40:00,059136e5-beb1-43f4-a3fe-9cc14dd0989b,600,44,644
2f33cc31-c2cd-41ff-80f2-6cf39535131d,6d0c0c08-e3f5-4364-b075-cf5316e41b9f,2022-05-12 16:07:00,059136e5-beb1-43f4-a3fe-9cc14dd0989b,600,44,644
5e72927d-63b9-4309-9393-5e213d34e95f,7d830ecb-c405-4014-9d03-6443ad08dad7,2022-05-12 08:03:00,059136e5-beb1-43f4-a3fe-9cc14dd0989b,700,52,752
223d9b33-9a72-450f-8a78-c81b8c884ec5,eaf16352-4c93-41eb-abe1-239d134b93b6,2022-05-12 12:55:00,059136e5-beb1-43f4-a3fe-9cc14dd0989b,700,52,752
169803d7-08c1-45ef-b869-ca5651b0495f,a72450e6-ac79-41b8-a951-c455c4256bbf,2022-05-12 07:32:00,059136e5-beb1-43f4-a3fe-9cc14dd0989b,600,44,644
a0fb8ce3-7053-4763-845a-0c46119b4fc2,384c7811-188d-4f66-83fb-2521b09637b5,2022-05-12 07:53:00,059136e5-beb1-43f4-a3fe-9cc14dd0989b,400,30,430
16fc0c7c-618c-405b-a004-0f48fa2aa57d,16c25ed9-359e-491e-a479-07e803146a44,2022-05-12 09:20:00,059136e5-beb1-43f4-a3fe-9cc14dd0989b,1800,135,1935
0d3ec192-bbf0-4c03-8587-0dec2fae2fe6,2c5c0bb7-5aa6-4531-950e-7a90fe92b74d,2022-05-12 07:37:00,059136e5-beb1-43f4-a3fe-9cc14dd0989b,600,44,644
12d14315-f28c-44d2-a017-2a74f27bc965,79f9014a-5103-4bc1-9806-b175661422e2,2022-05-12 14:07:00,059136e5-beb1-43f4-a3fe-9cc14dd0989b,400,30,430
57dccf24-6b04-4358-911f-24b5be62463f,e70955bd-402e-406b-9c9b-9a51d74355d6,2022-05-12 15:58:00,059136e5-beb1-43f4-a3fe-9cc14dd0989b,700,52,752
d6c4a427-f360-4b6f-b929-0c7900d3fca7,c133b21a-6b80-4f3a-8b2e-43df0b4514c7,2022-05-12 08:10:00,059136e5-beb1-43f4-a3fe-9cc14dd0989b,400,30,430
be256e09-e05c-4c11-86e4-d2b96f081f74,6051d0e2-7b43-4406-af46-4349d49109fa,2022-05-12 11:04:00,059136e5-beb1-43f4-a3fe-9cc14dd0989b,800,60,860
21752b49-5991-4343-809b-1ec248d59f73,ef81bc0d-732d-47f7-af0c-636149b5e9b0,2022-05-12 13:43:00,059136e5-beb1-43f4-a3fe-9cc14dd0989b,1900,142,2042
d1c1aff0-0c8d-49eb-a50c-a8adca451a91,77867314-f5f6-49f6-a191-06f958efd232,2022-05-12 16:34:00,059136e5-beb1-43f4-a3fe-9cc14dd0989b,400,30,430
c8b4b07b-d79b-4732-9c25-f1831fd78baf,16f20232-3ad4-4294-9cad-8c4139b04da4,2022-05-12 17:18:00,059136e5-beb1-43f4-a3fe-9cc14dd0989b,1700,127,1827
589c333f-468c-4565-af1e-6b8de9e22737,d0f85214-b373-4e3b-b6fc-0d50802c7e7b,2022-05-12 08:12:00,059136e5-beb1-43f4-a3fe-9cc14dd0989b,700,52,752
16942c5c-5751-4028-a37d-828c2b1cdcb4,a3ccddd5-51c9-48a7-9d7e-de5d5da704a8,2022-05-12 13:01:00,059136e5-beb1-43f4-a3fe-9cc14dd0989b,400,30,430
46a9e728-cdd9-4c1f-b098-cba837a11f96,22c9f078-e96b-46ab-bd20-ad8cc11ee13a,2022-05-12 15:03:00,059136e5-beb1-43f4-a3fe-9cc14dd0989b,1600,120,1720
1a7d84a3-9bdf-4d3b-9fe5-f077d2eeed51,efebe247-224d-41d6-8094-612564a8c476,2022-05-12 16:38:00,059136e5-beb1-43f4-a3fe-9cc14dd0989b,1300,97,1397
634f1e84-4ba6-484f-878f-f7b45c2e8fde,3765c425-f1ec-457a-8dec-576eea412dd5,2022-05-12 14:22:00,059136e5-beb1-43f4-a3fe-9cc14dd0989b,3300,247,3547
f7105806-abf0-4d5d-ad97-2425c6f4f36c,3a8c813f-cb84-4c7b-b929-95db99df1811,2022-05-12 12:38:00,059136e5-beb1-43f4-a3fe-9cc14dd0989b,400,30,430
d6a1c0b2-15b4-431a-bf08-0c1d399f202f,d5efbc69-fc67-4f1a-87f3-30e57baf632a,2022-05-12 07:22:00,059136e5-beb1-43f4-a3fe-9cc14dd0989b,600,44,644
c5ea1b9b-06b6-485f-9218-fa96bf084c9d,2423b39c-fa1e-458b-a033-a7d722bc372e,2022-05-12 15:07:00,059136e5-beb1-43f4-a3fe-9cc14dd0989b,1200,89,1289
9ac54647-352f-4bb0-ba22-21e3483a65c2,643981ca-358e-445a-9174-e7061f452868,2022-05-12 13:08:00,059136e5-beb1-43f4-a3fe-9cc14dd0989b,600,44,644
e2861a05-688d-436c-b126-1a29542b7d42,644777dd-2705-4dad-9239-95d9ebf3f348,2022-05-12 16:15:00,059136e5-beb1-43f4-a3fe-9cc14dd0989b,700,52,752
df1cec17-d52c-4e54-9d08-2051c43ba763,e14001b0-3932-4497-86c9-3d31d51b3e3e,2022-05-12 12:21:00,059136e5-beb1-43f4-a3fe-9cc14dd0989b,500,37,537
a636cbbc-2e8c-4d0a-9ba2-b5f90a444072,5396cc76-d8d6-42e0-9ac3-b8a36f8e9980,2022-05-12 08:14:00,059136e5-beb1-43f4-a3fe-9cc14dd0989b,600,44,644
3cbfb532-9ce0-4b31-81a6-d5d7828969e2,3d5cdd64-fe7e-4365-9e1d-97ee8a55f0fd,2022-05-12 08:28:00,059136e5-beb1-43f4-a3fe-9cc14dd0989b,700,52,752
0d774542-9643-49f4-b851-f75b35de100a,1968f52b-fb82-40f5-a5f8-8a81be0ffeab,2022-05-12 14:57:00,059136e5-beb1-43f4-a3fe-9cc14dd0989b,400,30,430
b4d15d38-2058-4335-9390-78d3ea68d227,1ce95b9f-9235-4a87-bcad-3afa90af73ed,2022-05-12 17:45:00,059136e5-beb1-43f4-a3fe-9cc14dd0989b,1600,120,1720
bfdf8d3d-ddcc-4204-859e-4174961b7ca0,4a037cff-561f-4546-a71e-858b06e94940,2022-05-12 12:35:00,059136e5-beb1-43f4-a3fe-9cc14dd0989b,1700,127,1827
ee1aa2e6-df13-4fa3-a151-e444dc9c8d1b,922d5b80-73f4-4f36-aa06-0357112d60f7,2022-05-12 16:54:00,059136e5-beb1-43f4-a3fe-9cc14dd0989b,1800,135,1935
52d0b513-38b0-4df9-a0ea-f32522c9fc45,7609b18e-4057-480c-be36-78507e0021d2,2022-05-12 15:54:00,059136e5-beb1-43f4-a3fe-9cc14dd0989b,1800,135,1935
c3dc400c-c46a-4847-8e36-6aaada0ff245,cbe876c8-a324-4ebb-ae69-ae07df7846fd,2022-05-12 07:23:00,059136e5-beb1-43f4-a3fe-9cc14dd0989b,400,30,430
5acfe7cf-926e-408e-9f34-6e0cba16756b,fb44c144-83bd-423d-a48c-644991b62aa2,2022-05-12 13:17:00,059136e5-beb1-43f4-a3fe-9cc14dd0989b,600,44,644
e639d445-ad82-44b9-bac4-2199bbd2a70b,b6b94f01-4e75-4e65-a9d3-4c45046e90a7,2022-05-12 17:55:00,059136e5-beb1-43f4-a3fe-9cc14dd0989b,600,44,644
a8f2e80c-a427-4110-8799-7ba970aeea2c,3bdd9588-88c1-4e38-a5a2-a2a1cb9c5ba6,2022-05-12 16:55:00,059136e5-beb1-43f4-a3fe-9cc14dd0989b,700,52,752
67d41b08-77f2-4160-a34c-df0945203574,e20a9b34-c8ae-475a-a91f-e59b5e8490e9,2022-05-12 14:46:00,059136e5-beb1-43f4-a3fe-9cc14dd0989b,900,67,967
3760c834-bda9-4ba4-8fd5-d122c3ab1c79,7bf95b47-6cc7-4454-8e8d-c6ae37383823,2022-05-12 11:19:00,059136e5-beb1-43f4-a3fe-9cc14dd0989b,400,30,430
4149ab62-cbba-49b9-bd23-6d4a2480324a,e34930d8-a95d-4286-b7d2-147d08008c79,2022-05-12 14:59:00,059136e5-beb1-43f4-a3fe-9cc14dd0989b,1100,82,1182
96900cf5-ed69-442c-8e30-0c174507c276,529905cf-561e-4337-9a4a-175121574488,2022-05-12 07:00:00,059136e5-beb1-43f4-a3fe-9cc14dd0989b,700,52,752
1c9b3b7e-641a-40ad-ac0f-f295ce39afca,eaa58131-5fab-42f2-804b-c6ac10286bbe,2022-05-12 15:07:00,059136e5-beb1-43f4-a3fe-9cc14dd0989b,1000,75,1075
04bf0624-73c0-4ff4-950a-1c5b149c2039,478906bc-057a-41da-a756-2ab94b7817b4,2022-05-12 07:57:00,059136e5-beb1-43f4-a3fe-9cc14dd0989b,600,44,644
aec43327-e64f-4c33-8493-46d62846c2e1,20447c53-4457-454a-92ff-187ee6461822,2022-05-12 07:00:00,059136e5-beb1-43f4-a3fe-9cc14dd0989b,700,52,752
99135a95-8885-425c-892a-8b261cbdb86d,4744369f-163d-4dd9-b650-9b94350334e7,2022-05-12 07:49:00,059136e5-beb1-43f4-a3fe-9cc14dd0989b,700,52,752
bbe1f84d-49bc-4b09-94da-779e38c453a4,ed697b2d-ca88-4faa-99a4-9c92fa1017e2,2022-05-12 14:35:00,059136e5-beb1-43f4-a3fe-9cc14dd0989b,400,30,430
b96c523d-5d83-4645-ad83-9ea992df6fe5,361fcd5d-8d28-433b-abd9-c1e72a5cad2a,2022-05-12 08:02:00,059136e5-beb1-43f4-a3fe-9cc14dd0989b,400,30,430
0fa25a7f-b577-4f6f-977f-0541f67c0919,82d6e5b0-c058-4190-b376-53c5e56df29c,2022-05-12 13:59:00,059136e5-beb1-43f4-a3fe-9cc14dd0989b,2200,165,2365
7fa3019b-e70b-44ef-b142-133f881d0dad,b5cb0c28-0cc6-4467-8486-0c9eb5e599c1,2022-05-12 10:54:00,059136e5-beb1-43f4-a3fe-9cc14dd0989b,700,52,752
5df4a85f-9f31-4040-a07b-a993f599530c,48b85191-c0e7-4f81-96a3-d5f86031cfb9,2022-05-12 07:52:00,059136e5-beb1-43f4-a3fe-9cc14dd0989b,700,52,752
32bb9698-6911-4a2e-821e-1e28f80878d0,3d124ee1-f3d6-4123-9a83-c89c2ae04dee,2022-05-12 11:12:00,059136e5-beb1-43f4-a3fe-9cc14dd0989b,2300,172,2472
5a91a4ab-43fc-4530-8718-f7910a65f60d,3403b172-cee0-45a1-b3b0-bd780462a988,2022-05-12 08:04:00,059136e5-beb1-43f4-a3fe-9cc14dd0989b,400,30,430
ea758c18-d7b5-4602-af2d-ecec62cf3555,f1993284-9f81-43ed-be18-ebfd355bd0af,2022-05-12 08:17:00,059136e5-beb1-43f4-a3fe-9cc14dd0989b,500,37,537
1e7b1cf1-1dfa-41de-8c8d-a86d4c8f12f3,525add24-e4bb-4a57-a41a-d1eb58ef9533,2022-05-12 08:30:00,059136e5-beb1-43f4-a3fe-9cc14dd0989b,600,44,644
fff28fa6-7851-40f9-bf1e-b475f53b4c11,f3770952-5a51-4000-a02e-03c4918954dd,2022-05-12 13:43:00,059136e5-beb1-43f4-a3fe-9cc14dd0989b,400,30,430
3709583f-1cea-4c6a-8374-96dd5da77a5a,84345e57-4d88-48e8-823d-ef85cbe1ebea,2022-05-12 15:02:00,059136e5-beb1-43f4-a3fe-9cc14dd0989b,700,52,752
fb53a43f-ba9d-47e0-9324-13c937f3dfb4,65b2039b-39ba-48d6-b2e7-293dbc866025,2022-05-12 08:42:00,059136e5-beb1-43f4-a3fe-9cc14dd0989b,800,60,860
c0717550-ecf7-46d8-95a8-2a3f16d61bb8,ec3e334b-eb4d-460d-a9a9-ed604e92bdf0,2022-05-12 14:03:00,059136e5-beb1-43f4-a3fe-9cc14dd0989b,1700,127,1827
ea2fb3d6-2819-4ea4-9e59-14a11074f91c,40010f7f-b687-44ea-8480-833608955e88,2022-05-12 08:02:00,059136e5-beb1-43f4-a3fe-9cc14dd0989b,500,37,537
006490bb-5d29-489c-8756-b7402d689c9d,ae8150b4-56c5-4822-abcf-50b46552f222,2022-05-12 08:25:00,059136e5-beb1-43f4-a3fe-9cc14dd0989b,500,37,537
8e1f49ba-9ce2-44cd-98e3-ba0a8457c20a,4009b786-5c37-4ffe-82fe-8f1dffb7cf4a,2022-05-12 07:09:00,059136e5-beb1-43f4-a3fe-9cc14dd0989b,500,37,537
ea630e06-6078-43a5-9feb-bf493df6ea32,a03939d5-2ed1-48c7-861f-0f54e7c51c5f,2022-05-12 07:55:00,059136e5-beb1-43f4-a3fe-9cc14dd0989b,500,37,537
2f639d79-eb32-4301-bca8-97fd5834659d,b6432a79-8549-4e4c-8630-5a7e7781031f,2022-05-12 17:32:00,059136e5-beb1-43f4-a3fe-9cc14dd0989b,1700,127,1827
7a6a8a46-c31b-41b5-9bd0-2c1065df9b23,41635a49-5cce-4aab-9afc-00d493262797,2022-05-12 15:20:00,059136e5-beb1-43f4-a3fe-9cc14dd0989b,1900,142,2042
74ece930-baff-47c0-938f-ea288434fd9f,8444b032-8cb2-4a63-9fd1-f6d09e140bec,2022-05-12 16:05:00,059136e5-beb1-43f4-a3fe-9cc14dd0989b,1800,135,1935
a1cc6a4b-a975-4f64-9fc6-7f5df7c919a7,b924a733-86f7-4ff6-9d50-28a20cb80fe6,2022-05-12 12:50:00,059136e5-beb1-43f4-a3fe-9cc14dd0989b,1000,75,1075
81229add-8bcf-46f9-bca1-6c8824458468,890d1303-bf49-48c4-ab4d-73f9a0187dd2,2022-05-12 15:23:00,059136e5-beb1-43f4-a3fe-9cc14dd0989b,1700,127,1827
ec4aa93a-4dd3-4037-b369-df393033c43e,168a6b37-3ff2-4307-8348-321ef39ada37,2022-05-12 07:47:00,059136e5-beb1-43f4-a3fe-9cc14dd0989b,500,37,537
42cfef30-9f99-4b3c-9102-7392cd519ab7,d0f9f637-0052-4a42-b957-622f2985434a,2022-05-12 11:08:00,059136e5-beb1-43f4-a3fe-9cc14dd0989b,0,0,0
3a04d360-833d-41b8-a080-8ace0ae84763,56cff385-b95f-49b9-b34f-c839e39df055,2022-05-12 15:10:00,059136e5-beb1-43f4-a3fe-9cc14dd0989b,1900,142,2042
e92e4737-1595-450a-8053-8e001b2836c8,daffc59b-fd5d-48fc-a81a-311c5e0885a5,2022-05-12 09:59:00,059136e5-beb1-43f4-a3fe-9cc14dd0989b,1700,127,1827
e2eca455-4f2d-48b3-94d0-c160fd6feab5,2031ab1b-c0c0-4875-81ef-63f6ec7db843,2022-05-12 15:03:00,059136e5-beb1-43f4-a3fe-9cc14dd0989b,4000,300,4300
acbf0d8a-05cc-4f6d-8d04-033e1c20be4a,4fd07c23-bed4-4ca7-b140-7652784aa802,2022-05-12 16:04:00,059136e5-beb1-43f4-a3fe-9cc14dd0989b,500,37,537
fc245e61-6570-4676-9ca8-78ac797a5f81,751e632c-7341-4671-95d2-e348460b3fab,2022-05-12 17:19:00,059136e5-beb1-43f4-a3fe-9cc14dd0989b,1500,112,1612
0e769772-ab54-4b2a-b613-dcce933d9158,8413f205-78b2-441a-8916-79cc2820f5d0,2022-05-12 08:23:00,059136e5-beb1-43f4-a3fe-9cc14dd0989b,500,37,537
88e11fad-b3ab-49dc-b9a2-4562dd5c574c,d6015423-d5f4-48d9-8dba-5184e114d126,2022-05-12 07:13:00,059136e5-beb1-43f4-a3fe-9cc14dd0989b,400,30,430
4db3f5bf-0bbb-4f1a-89fb-4b3f67d5a20a,187c7384-25b3-4172-bee6-99f83f02b761,2022-05-12 10:19:00,059136e5-beb1-43f4-a3fe-9cc14dd0989b,700,52,752
11d45754-03af-4a54-9f5c-87ad901736e3,f8a4f769-0195-44be-9cb4-a90210c4047e,2022-05-12 07:44:00,059136e5-beb1-43f4-a3fe-9cc14dd0989b,700,52,752
fdbc2746-c027-4be1-8971-2d836a1c686c,e0983e91-a701-429d-bc70-28a23527f04c,2022-05-12 12:22:00,059136e5-beb1-43f4-a3fe-9cc14dd0989b,500,37,537
3c13823f-0374-48c6-a5b6-86aef775955f,40ec592a-e3ab-417e-ad8f-8f4c3f5dc8cd,2022-05-12 12:26:00,059136e5-beb1-43f4-a3fe-9cc14dd0989b,700,52,752
b6abd7f8-a1a2-4d8d-9226-524bf1c94ff3,83872f19-552c-47b2-9fd3-4db4c2f6753f,2022-05-12 07:47:00,059136e5-beb1-43f4-a3fe-9cc14dd0989b,400,30,430
2f05a6c9-54da-4e15-a9bc-f33e3ebb8219,0b4320be-1aed-4451-b8d4-bfe6e56b3281,2022-05-12 10:28:00,059136e5-beb1-43f4-a3fe-9cc14dd0989b,400,30,430
41ddbd05-7958-42b6-b200-e45741335d31,26fc60b3-85e6-43e5-b371-71877025c8d1,2022-05-12 07:23:00,059136e5-beb1-43f4-a3fe-9cc14dd0989b,500,37,537
296a872e-e84d-4acb-ab47-5b7c64d6c9f2,b2bcb97e-4971-4a36-b07b-6441cb1a6192,2022-05-12 11:03:00,059136e5-beb1-43f4-a3fe-9cc14dd0989b,1100,82,1182
3e96315b-4fcb-4c37-af10-0811e851b08a,c7fe7715-b1b6-47c4-88ca-4a2bf466a61a,2022-05-12 13:24:00,059136e5-beb1-43f4-a3fe-9cc14dd0989b,700,52,752
fb9c893f-601d-460f-820f-95581b688301,27b3d9ff-db39-4ce8-8de0-2090a7e90776,2022-05-12 08:09:00,059136e5-beb1-43f4-a3fe-9cc14dd0989b,600,44,644
f846dfe3-daea-4834-a312-bff9d793d49b,4b9435bc-6b50-4369-903d-6d7d6deab46a,2022-05-12 09:25:00,059136e5-beb1-43f4-a3fe-9cc14dd0989b,1500,112,1612
eb459bb7-d577-4987-bb02-1e41cf697287,3c7c5fb0-d621-44e5-9d08-388975ae8faf,2022-05-12 07:55:00,059136e5-beb1-43f4-a3fe-9cc14dd0989b,700,52,752
ce780ec9-f516-4be3-a1df-092ac59b50c0,4e749dde-0bfb-45f8-bfb7-cee60c7f5012,2022-05-12 14:06:00,059136e5-beb1-43f4-a3fe-9cc14dd0989b,1700,127,1827
5eb5ad8b-d857-4740-8130-0361ea339fd4,55a28803-2496-4e1a-84e5-f0a46aaead70,2022-05-12 11:07:00,059136e5-beb1-43f4-a3fe-9cc14dd0989b,600,44,644
bf317ce3-1f2f-4f6e-a87d-fdf639c3f942,057baaf5-263c-4e24-b8e5-85f8c4ed8a5c,2022-05-12 12:02:00,059136e5-beb1-43f4-a3fe-9cc14dd0989b,400,30,430
5de736cb-9cc2-4a01-b617-05bef83dec01,cf121e2f-237d-4246-92e7-b175553e7a78,2022-05-12 12:27:00,059136e5-beb1-43f4-a3fe-9cc14dd0989b,700,52,752
307c4a53-1c90-4526-a277-85df6d42e74e,a978d5d4-d1da-4b56-bd60-9b92205a925f,2022-05-12 12:11:00,059136e5-beb1-43f4-a3fe-9cc14dd0989b,1900,142,2042
af0c3b97-7dbd-469b-bdc6-79f22aa9d7c3,c1fadf94-71e8-4d09-b9b0-2af116108a24,2022-05-12 08:00:00,059136e5-beb1-43f4-a3fe-9cc14dd0989b,600,44,644
c704b1f5-98be-4c45-89b2-abed7e22ffae,771dfa76-30ed-43e7-9aab-d026b7b2e4de,2022-05-12 17:13:00,059136e5-beb1-43f4-a3fe-9cc14dd0989b,600,44,644
5aa0082b-e99d-4858-83c9-ed94cf87a677,cf1cc4db-a760-402c-8f7a-ef9892e05ee8,2022-05-12 13:35:00,059136e5-beb1-43f4-a3fe-9cc14dd0989b,500,37,537
453f7a77-aa21-42c9-9c7b-a1077dd2ae84,2533fffb-72a8-4e71-9e5c-eda4b362c551,2022-05-12 15:06:00,059136e5-beb1-43f4-a3fe-9cc14dd0989b,1100,82,1182
1b1b3547-cb3e-47c3-bb29-770c95abfe18,2c5d1d6e-4f03-4d2d-8a79-72df062b408d,2022-05-12 14:28:00,059136e5-beb1-43f4-a3fe-9cc14dd0989b,600,44,644
116850df-4b3e-4ce6-9462-7da4f6a3cace,71c22f51-5140-4058-aca4-e1297f024cd1,2022-05-12 07:57:00,059136e5-beb1-43f4-a3fe-9cc14dd0989b,600,44,644
9016a993-6800-473d-99b2-c0edf9cdf94d,d8196da5-366a-49ed-8e90-a15d0e70dabb,2022-05-12 14:40:00,059136e5-beb1-43f4-a3fe-9cc14dd0989b,1900,142,2042
ba0d279f-8d75-4220-917d-4d6468912a8f,99e72f7b-8e9c-4403-8629-4ba314155564,2022-05-12 11:38:00,059136e5-beb1-43f4-a3fe-9cc14dd0989b,1000,75,1075
54fa7241-2a99-45d4-9360-ec75df6621fd,ca896e2e-2dae-438f-ac59-9b251ce53240,2022-05-12 12:50:00,059136e5-beb1-43f4-a3fe-9cc14dd0989b,600,44,644
7759bee7-76c9-4b78-a1f1-1f33e7182aa9,7e72fe96-b013-4324-869d-caa2d564f37e,2022-05-12 08:14:00,059136e5-beb1-43f4-a3fe-9cc14dd0989b,600,44,644
f68162f1-6fd9-48b5-8f96-615f1547df35,cae7f2a7-5319-4d2d-b18c-d38b90318742,2022-05-12 15:14:00,059136e5-beb1-43f4-a3fe-9cc14dd0989b,400,30,430
a67c83d2-3487-4000-ac56-cef1e4f9b142,9b42559d-e62d-4ab2-ba36-11562c60d296,2022-05-12 07:46:00,059136e5-beb1-43f4-a3fe-9cc14dd0989b,700,52,752
6555b14d-1feb-4035-a874-851ce049098a,f637c2f2-576f-420d-bdb7-9836d12af85a,2022-05-12 08:27:00,059136e5-beb1-43f4-a3fe-9cc14dd0989b,600,44,644
d5690335-3fd8-488b-a924-e54a1a47b8fb,0011a704-5681-4123-8dca-1af0bdc2de41,2022-05-12 08:46:00,059136e5-beb1-43f4-a3fe-9cc14dd0989b,700,52,752
8abefe4f-354e-4118-a1b7-8e5bed2e1b06,9c3f8f66-e595-47b4-b696-2ef95c13ed39,2022-05-12 12:09:00,059136e5-beb1-43f4-a3fe-9cc14dd0989b,600,44,644
52fac945-1098-4790-8b51-d521501e3ead,70101c56-1cff-4c85-bf95-5f237f43dab5,2022-05-12 16:15:00,059136e5-beb1-43f4-a3fe-9cc14dd0989b,2300,172,2472
0a828ba3-1930-42c1-8404-cc55188a2d0a,e78f3127-094d-45f2-bbcb-dcb3cf718f7f,2022-05-12 18:06:00,059136e5-beb1-43f4-a3fe-9cc14dd0989b,2300,172,2472
42225679-df92-42c2-ad60-78e61c4e4f7c,7add3d5c-dfe4-41a7-9a61-3b9186a0f846,2022-05-12 08:00:00,059136e5-beb1-43f4-a3fe-9cc14dd0989b,600,44,644
e3c2e886-9843-47b4-9c3f-b7996bb8452e,46c2e8d7-6868-4004-8960-1f640fed6c16,2022-05-12 11:44:00,059136e5-beb1-43f4-a3fe-9cc14dd0989b,500,37,537
9aa9d857-bd4e-48d3-869f-bdab84aeff6a,b3f1fd68-97bf-448c-b555-6f57c1700866,2022-05-12 08:27:00,059136e5-beb1-43f4-a3fe-9cc14dd0989b,600,44,644
41cfa9c8-d2c1-4d39-a48e-ceaeaa4a8ad2,9811ec22-d635-41a7-a89e-82847322d546,2022-05-12 12:29:00,059136e5-beb1-43f4-a3fe-9cc14dd0989b,600,44,644
4234de31-817f-4531-a6ed-368bb3f15b8b,39ceb3c4-d968-4af0-8bd1-6010ee5cf91c,2022-05-12 08:01:00,059136e5-beb1-43f4-a3fe-9cc14dd0989b,500,37,537
0ed6d490-3bb7-41ab-8b4e-ee7463e73dcd,6156c2e5-b70a-4109-9e08-c0c9d8dd1210,2022-05-12 07:53:00,059136e5-beb1-43f4-a3fe-9cc14dd0989b,400,30,430
efb4392a-0f9e-4df0-b84a-4b5b0c3b12e2,1578fa35-446f-4174-9169-551e1d5edb6a,2022-05-12 07:27:00,059136e5-beb1-43f4-a3fe-9cc14dd0989b,500,37,537
e5646392-1cf8-4880-a081-d02b0cee6fde,5dcbf303-9411-496a-9470-405f2c60a4a9,2022-05-12 15:29:00,059136e5-beb1-43f4-a3fe-9cc14dd0989b,600,44,644
051bdd54-626b-4324-9efc-27a1bcb9ba1e,63358e1d-e741-46a1-a85b-f5b455bf59d4,2022-05-12 08:14:00,059136e5-beb1-43f4-a3fe-9cc14dd0989b,600,44,644
312ed2bb-727c-492e-9d67-43d0472772c7,4a1cb362-b9e9-4214-bb0a-12df6b1ff970,2022-05-12 10:04:00,059136e5-beb1-43f4-a3fe-9cc14dd0989b,4600,345,4945
85d597a9-28b0-4cf1-8e71-0ab17f069b9e,19d93d29-786d-4ecb-b11f-1fda12e23d03,2022-05-12 14:11:00,059136e5-beb1-43f4-a3fe-9cc14dd0989b,400,30,430
5988ec09-816b-4f89-b94d-6997dffef77f,ec31d820-7060-4567-9f40-46916bc49255,2022-05-12 15:24:00,059136e5-beb1-43f4-a3fe-9cc14dd0989b,2000,150,2150
fcb31e60-ac9f-4281-9828-cf0e194528ad,3c5d20b1-e38f-466d-a6ed-e54fa6bc4d3a,2022-05-12 16:04:00,059136e5-beb1-43f4-a3fe-9cc14dd0989b,600,44,644
b7243c4e-cde1-4e28-bcfd-1c164d65d4fd,24695eb9-42ed-4f0e-a598-7d6015e38e12,2022-05-12 15:55:00,059136e5-beb1-43f4-a3fe-9cc14dd0989b,1900,142,2042
c85b3b8e-0179-48ca-9025-b389c7f332e8,37a5320c-de51-4a39-8c68-2ff5e37f7a0a,2022-05-12 09:58:00,059136e5-beb1-43f4-a3fe-9cc14dd0989b,700,52,752
932930d3-21bf-4e6d-8bf7-026b3932b5cf,da3c426d-80b6-4bc0-b424-a51a461fdf70,2022-05-12 15:09:00,059136e5-beb1-43f4-a3fe-9cc14dd0989b,1900,142,2042
5201bab3-5cc6-487b-b8cd-a41cf43fcb5c,79aa2e3c-4191-4214-8732-6ece67a8c904,2022-05-12 13:23:00,059136e5-beb1-43f4-a3fe-9cc14dd0989b,1600,120,1720
81af6db4-d58b-41c6-95d8-3b2bace95f2a,879873ef-7ee7-45d1-a0f8-3ab1ff52b1de,2022-05-12 07:27:00,059136e5-beb1-43f4-a3fe-9cc14dd0989b,600,44,644
d131a8a4-523e-41c2-8337-d8e3783c8aa2,94f6387a-97ef-43f5-b203-90565c727538,2022-05-12 08:44:00,059136e5-beb1-43f4-a3fe-9cc14dd0989b,1600,120,1720
e301c180-d909-43f3-b8ee-bcb7a28b55c5,2e3f8a56-2251-44a8-8599-fc4cbd175ecb,2022-05-12 09:14:00,059136e5-beb1-43f4-a3fe-9cc14dd0989b,400,30,430
be930058-69ad-49f5-8262-f5add62d6af3,4a85d967-5582-41b9-886e-b8899e3bb7ac,2022-05-12 13:15:00,059136e5-beb1-43f4-a3fe-9cc14dd0989b,2300,172,2472
0aa05fc1-d326-4e8f-b4e4-a4c24698646a,24d003ab-ccb6-4065-91b7-bbca21bc21f8,2022-05-12 13:41:00,059136e5-beb1-43f4-a3fe-9cc14dd0989b,500,37,537
83520bee-fe0a-41aa-9e7d-8e9863dcc430,9bed6524-997f-46c1-a4d7-37e566808f48,2022-05-12 17:06:00,059136e5-beb1-43f4-a3fe-9cc14dd0989b,1000,75,1075
6e25def5-cf3d-47cd-93b3-f162c25330ec,dbd8ef76-a438-4dc2-b931-58294ab0fdd3,2022-05-12 16:52:00,059136e5-beb1-43f4-a3fe-9cc14dd0989b,600,44,644
124c59eb-3192-427f-84d3-5238fb0e481b,757ad23d-2490-44ac-8683-ac603986068b,2022-05-12 08:13:00,059136e5-beb1-43f4-a3fe-9cc14dd0989b,600,44,644
795acc3b-2f54-43b1-bfbd-21a94b0810d3,8e41ce23-0858-4778-bac4-f113515f4409,2022-05-12 08:48:00,059136e5-beb1-43f4-a3fe-9cc14dd0989b,700,52,752
f0b5772f-47eb-4bad-bbe8-633569ead330,d3721883-cbf4-403c-86f4-addf916ec123,2022-05-12 10:41:00,059136e5-beb1-43f4-a3fe-9cc14dd0989b,400,30,430
9b431327-afc5-434f-aa3a-01de2422bab4,ba2dedc4-88f5-4a08-868d-6687a7a2282f,2022-05-12 15:09:00,059136e5-beb1-43f4-a3fe-9cc14dd0989b,1600,120,1720
751c2ab4-cbd8-4bd5-b64d-6bd1e674b437,987ded3d-0eb7-4546-9a65-073dfc15621f,2022-05-12 08:16:00,059136e5-beb1-43f4-a3fe-9cc14dd0989b,600,44,644
a41fae2e-71c8-4a6e-a07d-3f94f8edacbf,71226ce1-aac0-48fa-b99b-05a4ab69dde7,2022-05-12 08:46:00,059136e5-beb1-43f4-a3fe-9cc14dd0989b,600,44,644
b8f3426e-996b-437c-b5ad-f0a5812b7f19,83cd5e82-fcef-4b1a-9a26-3889abd99ee9,2022-05-12 07:51:00,059136e5-beb1-43f4-a3fe-9cc14dd0989b,500,37,537
01a4971f-9f26-4793-952b-f28b945f9850,b3b08149-77d3-430b-b761-2b06c3d11e7a,2022-05-12 10:46:00,059136e5-beb1-43f4-a3fe-9cc14dd0989b,1700,127,1827
a62273d0-d8bb-49b1-a8bb-bf3d6b3f2c9f,41c9f26f-ad03-4bb6-b0c8-6c4754d887fc,2022-05-12 12:17:00,059136e5-beb1-43f4-a3fe-9cc14dd0989b,700,52,752
3ad1b498-3e17-46ff-aebb-f1caef9cf45c,bbd60ac7-5fef-454b-aabb-66031f4a499d,2022-05-12 07:00:00,059136e5-beb1-43f4-a3fe-9cc14dd0989b,600,44,644
f9aaa789-6edc-4e49-8d9f-66245a82d459,aca90745-0103-44ba-b561-ead73d1be7f6,2022-05-12 17:27:00,059136e5-beb1-43f4-a3fe-9cc14dd0989b,700,52,752
2bb8dd40-7e7a-4bf2-88fb-80e9f5d55d5d,7a117ba4-34c0-4a2b-8950-ef18771fe5c7,2022-05-12 18:38:00,059136e5-beb1-43f4-a3fe-9cc14dd0989b,1000,75,1075
cffd38a6-922b-4250-8efe-e75ed49e8176,e7cb0957-3b8a-4d78-807e-241cdafaf2a3,2022-05-12 10:47:00,059136e5-beb1-43f4-a3fe-9cc14dd0989b,4000,300,4300
7f20313d-8034-4345-8efd-34537a641b19,df8e1c87-b450-4bdb-bb3d-982138f86dbf,2022-05-12 09:08:00,059136e5-beb1-43f4-a3fe-9cc14dd0989b,600,44,644
64c84a0e-3583-4aee-b6d6-fc58dc332178,2c6d229d-2be8-4b3f-b969-77e0a1b902ae,2022-05-12 14:04:00,059136e5-beb1-43f4-a3fe-9cc14dd0989b,600,44,644
05532ad8-d094-4a43-8509-25e73a3bf9d9,28bd6a31-b941-4df4-92da-9da703597e5b,2022-05-12 08:19:00,059136e5-beb1-43f4-a3fe-9cc14dd0989b,400,30,430
955e1822-1f0a-479b-a061-ed6bf95320c3,f813d86e-8dfa-492e-8e09-ac432110ec41,2022-05-12 12:10:00,059136e5-beb1-43f4-a3fe-9cc14dd0989b,600,44,644
9a07eefe-2fea-4a8b-a031-c3e7fd24e792,562a2cec-caac-4d07-918b-b4c60e4b1505,2022-05-12 08:53:00,059136e5-beb1-43f4-a3fe-9cc14dd0989b,600,44,644
9aba614b-1553-4466-b12a-2c5dc2e148ed,bfaa418f-dc55-4a58-baf3-ae68dd84beb5,2022-05-12 08:02:00,059136e5-beb1-43f4-a3fe-9cc14dd0989b,500,37,537
b45ca33d-5338-4b08-84ee-c57431b14531,1f1cd553-ae63-4f46-9f5f-36c05ed4d698,2022-05-12 15:56:00,059136e5-beb1-43f4-a3fe-9cc14dd0989b,400,30,430
1ba408b2-8df1-4e31-b206-816dbcc72d4e,c0baed56-16e4-4b70-8dc9-4cd5328cae45,2022-05-12 07:58:00,059136e5-beb1-43f4-a3fe-9cc14dd0989b,400,30,430
3851dea0-5178-4904-9e4b-070654f43d95,48874e5a-841e-48de-9ca3-cd2a04a84721,2022-05-12 13:23:00,059136e5-beb1-43f4-a3fe-9cc14dd0989b,2200,165,2365
af7a6843-7f2d-4e3c-b824-f38877990ba0,5702df61-b819-4715-bb9e-ab49fcca2190,2022-05-12 08:06:00,059136e5-beb1-43f4-a3fe-9cc14dd0989b,600,44,644
ab1896ec-ff02-4cfb-b63b-3f72d0a1e544,3485fe65-fd37-4579-9269-5e83713d1159,2022-05-12 16:50:00,059136e5-beb1-43f4-a3fe-9cc14dd0989b,500,37,537
34e8a07b-34f1-4312-8bc8-1c8eb522d6a7,4dd3cdca-7c84-4a3c-bee1-4cc40fe4f6c1,2022-05-12 13:47:00,059136e5-beb1-43f4-a3fe-9cc14dd0989b,600,44,644
96991c8d-c56e-4db3-ab0f-b16515bce436,9f63dc82-925f-46ec-a127-dc0231bc789c,2022-05-12 14:37:00,059136e5-beb1-43f4-a3fe-9cc14dd0989b,1700,127,1827
fef65b7d-5845-46ad-95af-4dab955b93f9,4b93879c-0737-40dd-b938-754c1fbf0384,2022-05-12 12:52:00,059136e5-beb1-43f4-a3fe-9cc14dd0989b,700,52,752
45690284-bb66-43dc-bddc-272639a3ba44,f3eb936d-74aa-4b98-8acd-fb9136933e38,2022-05-12 15:12:00,059136e5-beb1-43f4-a3fe-9cc14dd0989b,1600,120,1720
4025a4cf-57c6-4028-9d27-d4c1c075d3f3,5ff6898e-6fbe-41b2-abb0-7bdf107eeb3b,2022-05-12 07:16:00,059136e5-beb1-43f4-a3fe-9cc14dd0989b,600,44,644
a5f2bac8-06ba-44c6-8dc3-9d7f74020b27,e03d6e06-c748-4b67-bc54-1902c85555f0,2022-05-12 12:31:00,059136e5-beb1-43f4-a3fe-9cc14dd0989b,600,44,644
34a5d67a-1f4d-4d6f-824f-07c4b67cd155,d5ed11cf-a7a8-48e0-8db6-b53ea2b4215b,2022-05-12 08:23:00,059136e5-beb1-43f4-a3fe-9cc14dd0989b,600,44,644
88d5ff5f-47eb-4dd3-9d6b-b99d301d0030,4cb59264-ffcc-452a-8b0e-82b2d93a13f8,2022-05-12 08:07:00,059136e5-beb1-43f4-a3fe-9cc14dd0989b,600,44,644
2e6e963d-a152-4f3d-b6b2-8937c8916fdd,52713a79-bbcf-4dae-b373-094c94cdaa42,2022-05-12 12:29:00,059136e5-beb1-43f4-a3fe-9cc14dd0989b,0,0,0
45e8d511-68f4-49de-bed8-159af5205638,22b6850d-b14f-4bfc-8ad5-1b8e5dd86415,2022-05-12 13:37:00,059136e5-beb1-43f4-a3fe-9cc14dd0989b,1800,135,1935
e1e88770-679a-4857-b1bc-7237748c3e6d,4c363bb4-2a15-432c-9495-92cadf72cce8,2022-05-12 17:16:00,059136e5-beb1-43f4-a3fe-9cc14dd0989b,700,52,752
4f26a433-ed0c-43f4-9886-225c642bbbb8,123f76cb-3dbe-4a9c-aa85-e0dc3091b169,2022-05-12 16:13:00,059136e5-beb1-43f4-a3fe-9cc14dd0989b,600,44,644
957771f1-d495-43e6-a84d-c96b260e40b9,86936775-52b3-40ab-9529-3d70c1d85b96,2022-05-12 16:26:00,059136e5-beb1-43f4-a3fe-9cc14dd0989b,1600,120,1720
61500cba-408b-43e2-9e6d-1bbd908dd656,69b261e6-ada0-48de-94b4-7449a7e44a5f,2022-05-12 08:20:00,059136e5-beb1-43f4-a3fe-9cc14dd0989b,400,30,430
085b4547-33e0-49f0-9762-86a89452f21d,f0df6a71-0e23-4623-b363-cd454d8545bb,2022-05-12 12:24:00,059136e5-beb1-43f4-a3fe-9cc14dd0989b,2500,187,2687
d415a082-b144-4c71-baba-d81d767c9bfd,5b7ca844-231c-4062-ac6a-4b3b609e5c76,2022-05-12 08:35:00,059136e5-beb1-43f4-a3fe-9cc14dd0989b,600,44,644
44f962c0-5d4e-4244-a0b5-32e2e74c1c60,4f346960-fad5-45cb-b2fb-aa2c25662998,2022-05-12 12:05:00,059136e5-beb1-43f4-a3fe-9cc14dd0989b,600,44,644
0d41c26f-d2e3-4efc-9dbb-c7e5b4d32829,53760b90-8462-4a28-9982-1a996cdbc8a2,2022-05-12 18:05:00,059136e5-beb1-43f4-a3fe-9cc14dd0989b,1800,135,1935
229b25b0-7fd6-411d-beb1-1e0db8380408,59fb0d19-c3ef-4659-9b3d-dfb568b3fedf,2022-05-12 12:50:00,059136e5-beb1-43f4-a3fe-9cc14dd0989b,500,37,537
a4090523-7f27-4026-a133-3aab08c1da98,ab97f3ac-1614-471d-82d6-66432507cd64,2022-05-12 08:50:00,059136e5-beb1-43f4-a3fe-9cc14dd0989b,500,37,537
ee931342-80bf-4242-9edc-36d0fe61bb6f,07a8b0a6-f708-4fe2-93b6-21978691ae73,2022-05-12 07:22:00,059136e5-beb1-43f4-a3fe-9cc14dd0989b,400,30,430
c730a8fb-1f48-48dc-85b0-5db66fc3453e,34d82b57-4819-4794-9ca9-ea6574b20771,2022-05-12 08:04:00,059136e5-beb1-43f4-a3fe-9cc14dd0989b,500,37,537
2386ce1d-9509-47fa-bcc9-3315060709fc,e6e521f9-4263-4abe-8cb3-3aec564ed17b,2022-05-12 07:00:00,059136e5-beb1-43f4-a3fe-9cc14dd0989b,500,37,537
d6de0f1c-e661-4f56-8c93-5ca845099302,06b0a9b7-2b18-413f-9a81-47b63b8ddb40,2022-05-12 19:58:00,059136e5-beb1-43f4-a3fe-9cc14dd0989b,500,37,537
527b1912-0b07-4a08-9169-281d3e377ff0,dd182f76-63eb-4173-848a-8c03f76c83b7,2022-05-12 15:40:00,059136e5-beb1-43f4-a3fe-9cc14dd0989b,400,30,430
2b19734c-b3ff-4c75-bc34-170cdc481580,71955bb5-1c02-47ff-9b9e-c336437f515f,2022-05-12 16:42:00,059136e5-beb1-43f4-a3fe-9cc14dd0989b,1700,127,1827
cda1fa99-c74f-4106-ba32-13f1adb37e58,5ae0ad28-397e-48ae-b74c-cf5304acb96f,2022-05-12 16:39:00,059136e5-beb1-43f4-a3fe-9cc14dd0989b,600,44,644
0e5324f4-d747-44c8-a072-5384ec8d1734,d7f9570e-4b88-4892-aee5-c747cf0505ce,2022-05-12 08:23:00,059136e5-beb1-43f4-a3fe-9cc14dd0989b,400,30,430
717c4113-40fb-42cb-b144-e0ff0c23b15a,65d98288-db49-45ad-8275-fe8812494280,2022-05-12 16:48:00,059136e5-beb1-43f4-a3fe-9cc14dd0989b,600,44,644
931e9f29-faf8-496b-b66c-a4c08226f360,1b6c6a19-0dc9-4bb0-b2c0-dc05e526aeb6,2022-05-12 19:57:00,059136e5-beb1-43f4-a3fe-9cc14dd0989b,1700,127,1827
a53b567a-6430-49f4-997e-f0841826f135,56efbcd8-63c0-44d5-8879-81f6a4ae9706,2022-05-12 08:20:00,059136e5-beb1-43f4-a3fe-9cc14dd0989b,600,44,644
870cd4b1-5b1c-44c6-8236-c1e7c54ce3a7,63c89071-7a92-40d7-b793-900c47a5567d,2022-05-12 08:53:00,059136e5-beb1-43f4-a3fe-9cc14dd0989b,600,44,644
b65e38be-0b9c-4611-bc24-13183ff81529,34fbe879-d0cc-45b7-bf6b-da9542a4246f,2022-05-12 10:53:00,059136e5-beb1-43f4-a3fe-9cc14dd0989b,600,44,644
1b7384b5-36b2-43f7-b67a-95eeba6a2f78,3ad06998-11c6-4642-bd7b-e7455a4d6da5,2022-05-12 11:08:00,059136e5-beb1-43f4-a3fe-9cc14dd0989b,500,37,537
26412421-a608-42df-9733-40ce99201a9d,e8f1ac4f-82cd-44e6-9177-0af3eda24435,2022-05-12 14:25:00,059136e5-beb1-43f4-a3fe-9cc14dd0989b,700,52,752
560d50a5-bce8-437f-bc32-3a4da544af4d,9c2859ae-e58b-45d1-a0fb-3efdd7401deb,2022-05-12 18:30:00,059136e5-beb1-43f4-a3fe-9cc14dd0989b,700,52,752
44e714b3-e958-46c6-b58f-381c748f42b9,87013cfb-6a3d-4e3c-9e31-884b9f979690,2022-05-12 13:25:00,059136e5-beb1-43f4-a3fe-9cc14dd0989b,600,44,644
0e8b7383-a62b-4766-92a8-b0648437f12f,3a515aa3-68cd-44aa-aace-5182631c4705,2022-05-12 10:32:00,059136e5-beb1-43f4-a3fe-9cc14dd0989b,500,37,537
68546f8a-0cd2-42b4-aac9-014bf02a266c,1c40cde4-4c0a-4cc5-8eaa-78b7d34c58eb,2022-05-12 07:39:00,059136e5-beb1-43f4-a3fe-9cc14dd0989b,500,37,537
a75adb4e-16dd-4040-8079-3d903c5caccb,416ddd70-f0ad-4d6c-8d08-827ca7466f48,2022-05-12 07:49:00,059136e5-beb1-43f4-a3fe-9cc14dd0989b,500,37,537
4f7a4252-cd95-454c-afcd-33b16c555ce3,6a0e68f2-fede-4f45-b3f8-b0325978c2a8,2022-05-12 07:48:00,059136e5-beb1-43f4-a3fe-9cc14dd0989b,400,30,430
306ff5ce-e9a7-4594-93e3-d20287857772,d6e7ed2a-93ac-4751-a20d-44a68642f9a7,2022-05-12 12:58:00,059136e5-beb1-43f4-a3fe-9cc14dd0989b,2400,179,2579
86261a95-75f1-4bea-80f9-71a957bdcfee,3e2dd302-520d-45bd-a7b8-b43652be9e88,2022-05-12 17:00:00,059136e5-beb1-43f4-a3fe-9cc14dd0989b,1800,135,1935
1993144c-94dd-40eb-a759-7a858c033344,080b2366-0a35-4def-ac8c-f7d8ddbc407d,2022-05-12 08:04:00,059136e5-beb1-43f4-a3fe-9cc14dd0989b,600,44,644
0e332ba2-7d85-48f6-9132-17655b5cd433,98136fa4-c411-4fb7-9bed-a26308bbdf32,2022-05-12 08:30:00,059136e5-beb1-43f4-a3fe-9cc14dd0989b,400,30,430
de9a44c2-d6c6-4498-9be8-34683dba6c47,05345af9-f758-4bca-bb47-3233aedbf543,2022-05-12 15:44:00,059136e5-beb1-43f4-a3fe-9cc14dd0989b,1900,142,2042
3dfba9e0-03c3-4108-83b5-44067fa39d4e,3161ca22-7e0d-46c4-bfb0-c93e62c46ea8,2022-05-12 08:28:00,059136e5-beb1-43f4-a3fe-9cc14dd0989b,600,44,644
1d9e0326-8924-46da-ae8e-27ed458b97a0,82f6eacc-b18b-4dec-b170-5510d706e698,2022-05-12 07:27:00,059136e5-beb1-43f4-a3fe-9cc14dd0989b,700,52,752
6d881df9-a579-4040-ac15-8961272f667f,509898dd-5cbb-4917-ba83-cc39383ed6e1,2022-05-12 11:34:00,059136e5-beb1-43f4-a3fe-9cc14dd0989b,2600,195,2795
a19b21f6-573c-4f24-b87a-1a886284320f,f3f341b2-c96e-47ce-85ed-17b514090f1f,2022-05-12 12:32:00,059136e5-beb1-43f4-a3fe-9cc14dd0989b,3800,285,4085
4149dc79-8380-45bd-901e-09fb9714ff28,e1ae5473-912b-494f-b4e4-c4323ccb5509,2022-05-12 08:23:00,059136e5-beb1-43f4-a3fe-9cc14dd0989b,600,44,644
040d1c36-f1aa-45f5-97b6-35dfca56fe0c,2dad54bc-4a80-410c-b92d-40030696b367,2022-05-12 12:09:00,059136e5-beb1-43f4-a3fe-9cc14dd0989b,3100,232,3332
f4fecb56-5ea0-4d48-8626-84ded0184043,335ffb1e-5b15-4ad8-bee9-60b00b39f402,2022-05-12 08:34:00,059136e5-beb1-43f4-a3fe-9cc14dd0989b,600,44,644
683a8ff2-636f-494d-8d3f-995235dc728a,3186b251-cfbc-4073-883d-2d622bb79b96,2022-05-12 08:42:00,059136e5-beb1-43f4-a3fe-9cc14dd0989b,600,44,644
7764318f-c8b3-463e-becd-a9cb3aa1fec3,ff548053-cb32-4f33-ada3-42db8f5e72d1,2022-05-12 11:21:00,059136e5-beb1-43f4-a3fe-9cc14dd0989b,1200,89,1289
3c4e5ca3-379b-4d8e-ab74-8b82d1887444,0f5a922a-5641-4941-b276-2b3448dd706f,2022-05-12 07:05:00,059136e5-beb1-43f4-a3fe-9cc14dd0989b,500,37,537
09308f12-f741-4287-8214-a9405e16ddb0,d40f4cac-3dde-4451-ae26-8817fa0ac508,2022-05-12 07:35:00,059136e5-beb1-43f4-a3fe-9cc14dd0989b,500,37,537
8cb508f9-12a9-47ba-8ca5-26131f647c55,a685acd1-4a20-43ad-b355-36cf38348906,2022-05-12 14:00:00,059136e5-beb1-43f4-a3fe-9cc14dd0989b,2000,150,2150
4a3aba47-8006-49d4-b21d-daabd9b4e3cd,3ddc09e5-5df2-48d6-8451-ab82ed8489e2,2022-05-12 12:24:00,059136e5-beb1-43f4-a3fe-9cc14dd0989b,1000,75,1075
2a7cc2e6-0562-4850-bc3a-acf1e5db3022,1ceec0f9-a0bb-40ff-a5cb-2bc97c25fdab,2022-05-12 08:56:00,059136e5-beb1-43f4-a3fe-9cc14dd0989b,600,44,644
f64cdab1-531d-4ca8-975d-a62f9cbe3700,ba528372-7be1-417a-8bd9-8b0cfc73b7a3,2022-05-12 12:48:00,059136e5-beb1-43f4-a3fe-9cc14dd0989b,2100,157,2257
7fdd99e6-8db7-4f60-85ad-583db3ce863c,da5cd671-cf27-4151-8076-5b2369981a8a,2022-05-12 08:24:00,059136e5-beb1-43f4-a3fe-9cc14dd0989b,400,30,430
2bad5368-9ab4-483e-8951-4a7cc6435a2a,cf2886d3-4bb9-425f-9842-f6ab89f29851,2022-05-12 07:09:00,059136e5-beb1-43f4-a3fe-9cc14dd0989b,700,52,752
997adc9f-f5c1-4f94-8800-cca62bdf2ff6,8afd022f-4b28-4638-856c-b2eb7da37530,2022-05-12 12:36:00,059136e5-beb1-43f4-a3fe-9cc14dd0989b,700,52,752
54d8afbf-9496-42b3-8cbf-09520b2d44d6,e09bada2-10c3-44d2-9a3f-d595396ed00a,2022-05-12 14:39:00,059136e5-beb1-43f4-a3fe-9cc14dd0989b,1800,135,1935
bd28d42b-f0ff-4b2e-901b-dcdadf466d19,c001075b-b254-41b1-9251-e429aff98318,2022-05-12 12:23:00,059136e5-beb1-43f4-a3fe-9cc14dd0989b,1700,127,1827
8395a130-6ee3-4545-be61-ad389ade84b0,f2ea92ed-0bee-479f-80a4-d186c2c16020,2022-05-12 12:24:00,059136e5-beb1-43f4-a3fe-9cc14dd0989b,500,37,537
e8602238-90f0-4100-ba75-4924bee7e64b,99cd74d7-57ce-4af8-b7ce-2b0f74150ded,2022-05-12 15:38:00,059136e5-beb1-43f4-a3fe-9cc14dd0989b,1700,127,1827
e6d1c087-f42c-4551-8fb5-238d8fa1e078,f5b542da-7d69-4d0d-93d2-004996d805d9,2022-05-12 17:40:00,059136e5-beb1-43f4-a3fe-9cc14dd0989b,700,52,752
557835d6-47c7-4a7b-83a3-888fc90e874c,537f56af-b73f-4cd3-90e9-5901fb0cf6e1,2022-05-12 07:41:00,059136e5-beb1-43f4-a3fe-9cc14dd0989b,700,52,752
d0babc55-a24c-42d3-80b1-a013fc31bfaa,f7feb52a-5089-47fd-8310-0376fc9e61c1,2022-05-12 17:33:00,059136e5-beb1-43f4-a3fe-9cc14dd0989b,500,37,537
3a5494d0-0040-465d-abde-c0f7b15bcb2a,deca356d-a271-49eb-a57e-cefebda03b0d,2022-05-12 07:51:00,059136e5-beb1-43f4-a3fe-9cc14dd0989b,600,44,644
f16986b9-ec0e-4049-9323-a7a73dc43f93,cb93f4d2-85c6-416a-9d28-2ebba8219fc2,2022-05-12 08:34:00,059136e5-beb1-43f4-a3fe-9cc14dd0989b,600,44,644
4925ca14-1bce-4207-8979-807b8c92565a,b6a07bfc-cfe5-4301-acf5-599ec671ed33,2022-05-12 16:07:00,059136e5-beb1-43f4-a3fe-9cc14dd0989b,1600,120,1720
0345eabe-22c0-4c14-8a34-c2716c88bc13,bdb34ac4-1425-4a78-ab36-06203eb04d7e,2022-05-12 16:30:00,059136e5-beb1-43f4-a3fe-9cc14dd0989b,700,52,752
bd13500c-20f1-401b-8e9b-be3e1ad90862,646780ab-c1fe-4d83-84c6-3a20021869b8,2022-05-12 14:57:00,059136e5-beb1-43f4-a3fe-9cc14dd0989b,700,52,752
75f84cb8-fde1-40dc-be47-c2cbfcd00972,5893c78f-be68-4535-87e4-b9e0a3100d8a,2022-05-12 15:58:00,059136e5-beb1-43f4-a3fe-9cc14dd0989b,500,37,537
2dbf906e-9c52-4438-b44c-74079d05c8d0,5a85894e-8877-4fe8-abc7-25ee8d4f3683,2022-05-12 07:46:00,059136e5-beb1-43f4-a3fe-9cc14dd0989b,500,37,537
32b14ebe-6228-447f-a7e6-4741e910f5d3,145a1598-5bd8-4864-b1bc-7daefb193a28,2022-05-12 17:05:00,059136e5-beb1-43f4-a3fe-9cc14dd0989b,600,44,644
b4d49a4f-766e-486d-902b-50ab63e5bd1b,ff167039-ce55-49a9-a653-d00a88d17fc9,2022-05-12 13:38:00,059136e5-beb1-43f4-a3fe-9cc14dd0989b,1400,105,1505
c0eb8858-f9f2-4a8e-85f4-c92868d0bebd,3cd5fd88-7f74-4f00-bf62-641e6d5c8743,2022-05-12 08:31:00,059136e5-beb1-43f4-a3fe-9cc14dd0989b,400,30,430
05191e5c-585e-4eb7-93e2-7feb73e5d895,525b7cde-507b-42ab-9ca4-f010a9e8de28,2022-05-12 08:14:00,059136e5-beb1-43f4-a3fe-9cc14dd0989b,600,44,644
e79a3875-d213-4d7c-bc5b-920d2b362b07,62f4378e-2f4d-428a-ab62-b2c3950af0f0,2022-05-12 11:17:00,059136e5-beb1-43f4-a3fe-9cc14dd0989b,400,30,430
034467fd-0cf4-4a77-bd3c-ecd5caf55d43,35b4c9ee-b015-4921-8fb3-e18d94ba2acf,2022-05-12 08:07:00,059136e5-beb1-43f4-a3fe-9cc14dd0989b,400,30,430
036d90b6-aa99-409c-89f9-2c3112d5a836,c1acbc40-5acf-4438-a21b-2b260df6a4bb,2022-05-12 08:01:00,059136e5-beb1-43f4-a3fe-9cc14dd0989b,600,44,644
9d45881a-5f10-4956-8e8c-ba0eec38ec03,eb946b01-b4e4-4e83-921f-8bdfa6bf8779,2022-05-12 08:36:00,059136e5-beb1-43f4-a3fe-9cc14dd0989b,400,30,430
7635a97d-9f4c-48ed-9788-a672441089d4,081fc5fe-a7fa-4c01-91bc-e6a535fc566e,2022-05-12 15:46:00,059136e5-beb1-43f4-a3fe-9cc14dd0989b,600,44,644
1537793a-e5b7-46b7-a357-0cb4b872906a,179447a8-7285-4bb4-a34a-03071446d270,2022-05-12 08:36:00,059136e5-beb1-43f4-a3fe-9cc14dd0989b,500,37,537
408bb50c-9d8a-44ac-af7f-4e93df567f11,508ad1fb-30cb-4403-a945-efca555fc603,2022-05-12 15:53:00,059136e5-beb1-43f4-a3fe-9cc14dd0989b,700,52,752
d415b16c-b527-4e6a-aff4-b9fa282fbeef,c67e5298-2e23-483d-9271-f3a407d60b98,2022-05-12 07:13:00,059136e5-beb1-43f4-a3fe-9cc14dd0989b,400,30,430
08a610f8-fd93-4e88-8164-859e647fe5a5,cc0e1091-f21f-4062-a932-82374bcee4ac,2022-05-12 13:19:00,059136e5-beb1-43f4-a3fe-9cc14dd0989b,3500,262,3762
c3e12fe2-4772-451c-baf7-7b8759b5d60f,7881f065-465b-4e32-a7e5-688fb2bbb84e,2022-05-12 08:03:00,059136e5-beb1-43f4-a3fe-9cc14dd0989b,600,44,644
2e7792aa-09d2-4b7f-8595-fcd683abbb28,ec70abb1-0f2b-4f84-8df9-c07a3d01ce2d,2022-05-12 08:17:00,059136e5-beb1-43f4-a3fe-9cc14dd0989b,400,30,430
36bb9e2c-1ac1-431d-97af-95e0141f2db0,4bc8d1b3-b47e-4bb4-8531-37a7694b301a,2022-05-12 07:59:00,059136e5-beb1-43f4-a3fe-9cc14dd0989b,400,30,430
88e68933-4eb6-4777-8feb-73601b150196,cfbb01a6-b92f-49e8-b0ad-73c464ec17b0,2022-05-12 07:04:00,059136e5-beb1-43f4-a3fe-9cc14dd0989b,600,44,644
99c105ba-f81f-4461-a082-822d60360de3,3e0a9ecf-66f7-42c2-8ff6-28dbe97fadce,2022-05-12 15:21:00,059136e5-beb1-43f4-a3fe-9cc14dd0989b,500,37,537
9c3ffed1-5176-4c7c-8415-dc9029d389f1,458069c2-357c-48d5-838d-618b3c991344,2022-05-12 12:39:00,059136e5-beb1-43f4-a3fe-9cc14dd0989b,500,37,537
cfcdac50-c0f2-4fe3-a8f1-498a61c2e10b,6760fa7e-0ff8-4391-bc15-ebc006f502a7,2022-05-12 11:11:00,059136e5-beb1-43f4-a3fe-9cc14dd0989b,1900,142,2042
10d15fc9-75d7-4f6a-bc0a-d8b5041ff920,78fdcf56-3a2e-4c02-b8c1-2268dc126226,2022-05-12 18:30:00,059136e5-beb1-43f4-a3fe-9cc14dd0989b,1200,89,1289
5d03c639-2037-4c67-ad6c-793b2bc518b8,b933b8d1-2777-4f0a-a2da-d98923e7b020,2022-05-12 10:29:00,059136e5-beb1-43f4-a3fe-9cc14dd0989b,700,52,752
0a8f6ac7-68b4-4165-956b-74d0e5d03db9,c94f282d-c27f-43b3-9a37-89551f87c760,2022-05-12 08:38:00,059136e5-beb1-43f4-a3fe-9cc14dd0989b,700,52,752
e888ee3b-984b-428a-ad5a-326b53c504c4,223b2d25-636a-4e2e-af36-e18af1f6ede8,2022-05-12 13:35:00,059136e5-beb1-43f4-a3fe-9cc14dd0989b,2300,172,2472
3ed9796d-3d84-4f4d-9b19-2bb7ae20cdad,8031e143-2b42-4f78-ab00-4368a3dd4e0f,2022-05-12 16:20:00,059136e5-beb1-43f4-a3fe-9cc14dd0989b,500,37,537
ae5b496e-abcd-43d5-a35a-e32edc6b12cc,01ebacae-f8e9-436f-8ae1-8a621be9f5e5,2022-05-12 14:00:00,059136e5-beb1-43f4-a3fe-9cc14dd0989b,2700,202,2902
4501a4eb-6013-4358-94f2-4068de0e74e0,3096fdce-e3a2-4362-9436-618b55f584e1,2022-05-12 11:17:00,059136e5-beb1-43f4-a3fe-9cc14dd0989b,500,37,537
a65776ad-aa92-4673-9598-1093563de804,c99be7e2-14e8-4887-a6a1-c3840ca440e4,2022-05-12 09:54:00,059136e5-beb1-43f4-a3fe-9cc14dd0989b,1800,135,1935
1a03a6dc-28ec-4db2-9fde-171b6fc38883,b8f59e83-f045-498d-8359-f97af9a52e2a,2022-05-12 10:49:00,059136e5-beb1-43f4-a3fe-9cc14dd0989b,600,44,644
d8238608-3a60-423a-b1e6-b1947e976d54,34481e71-4145-49cc-8497-35c0025c84c3,2022-05-12 12:52:00,059136e5-beb1-43f4-a3fe-9cc14dd0989b,2200,165,2365
bd0ea52e-4802-437f-ba2c-0d335e28dee5,48a627c0-ee76-49ed-a973-831b71164cf6,2022-05-12 07:24:00,059136e5-beb1-43f4-a3fe-9cc14dd0989b,500,37,537
aea34e5b-0e98-4043-bdae-451e55497f6e,8437dbcc-d837-403b-93dd-6b6b89046f67,2022-05-12 08:02:00,059136e5-beb1-43f4-a3fe-9cc14dd0989b,600,44,644
3c3e5abe-1126-485e-9710-50c2f8330ed4,b6b3e2f5-352e-401a-967f-e80b22835181,2022-05-12 08:19:00,059136e5-beb1-43f4-a3fe-9cc14dd0989b,700,52,752
8ec1e7ad-cdaf-46d2-8a20-6329b08434e3,be772447-4e61-4f84-aaf4-1631d43476f6,2022-05-12 15:15:00,059136e5-beb1-43f4-a3fe-9cc14dd0989b,2300,172,2472
44a395ab-c420-4617-a09c-bd958a018789,529aeb1a-d311-4a43-884e-e717d5e3cad0,2022-05-12 17:18:00,059136e5-beb1-43f4-a3fe-9cc14dd0989b,500,37,537
cb4010af-7078-4481-b7b2-778c1313b673,90cc7c61-1525-466e-96a5-004a27f62856,2022-05-12 16:10:00,059136e5-beb1-43f4-a3fe-9cc14dd0989b,1500,112,1612
5f83a5ab-616f-4959-84aa-dac8e280344f,80cfee9e-8280-492a-b735-a3d2118003c1,2022-05-12 13:12:00,059136e5-beb1-43f4-a3fe-9cc14dd0989b,1100,82,1182
131c4de6-0f30-43af-b0ac-44d316a9295d,a733246c-0410-466a-bd38-18b2581844f8,2022-05-12 16:49:00,059136e5-beb1-43f4-a3fe-9cc14dd0989b,600,44,644
87b8323f-4e64-40d8-b4fe-af81ba6445c7,86342a05-6726-4583-98d2-568fa9bcb114,2022-05-12 12:34:00,059136e5-beb1-43f4-a3fe-9cc14dd0989b,4100,307,4407
a66af75a-d0dd-4a7d-b793-386924e5d0ce,96ebbc87-f9c3-4880-b19d-6b115c1d06a9,2022-05-12 15:11:00,059136e5-beb1-43f4-a3fe-9cc14dd0989b,2000,150,2150
44c280be-546c-4c26-94c3-ac8246545ce7,95d94379-7e44-44b8-869c-b0c1a76573f9,2022-05-12 07:55:00,059136e5-beb1-43f4-a3fe-9cc14dd0989b,500,37,537
582bf740-bc8e-44a1-9ed9-3df6b10e39b9,2753b71d-8872-4b48-8234-a6fc8ba92d23,2022-05-12 09:16:00,059136e5-beb1-43f4-a3fe-9cc14dd0989b,900,67,967
3ea407eb-856e-416e-ae93-dedb91b1d883,bf526f3f-3326-4dee-a147-afdb0b21f9d0,2022-05-12 07:52:00,059136e5-beb1-43f4-a3fe-9cc14dd0989b,700,52,752
af75f612-27e7-4e1d-9182-c4e5ba5cfaf2,980904e6-1f3f-4d1c-9941-bf341f315e6e,2022-05-12 08:12:00,059136e5-beb1-43f4-a3fe-9cc14dd0989b,400,30,430
05de48b3-1836-41ee-97d2-f39d29fa143d,fc4e6603-cce0-44d4-b235-be8819d5525a,2022-05-12 18:08:00,059136e5-beb1-43f4-a3fe-9cc14dd0989b,500,37,537
810fc596-2188-48be-8b5b-d49f3a310bfc,61658487-1dbc-4dfc-bb5e-cc6862adf39a,2022-05-12 07:53:00,059136e5-beb1-43f4-a3fe-9cc14dd0989b,700,52,752
a8809505-6da6-45b1-a609-aeff6159d1dc,71febbc1-2d32-460b-adee-3fe28d05d862,2022-05-12 08:26:00,059136e5-beb1-43f4-a3fe-9cc14dd0989b,600,44,644
f68acb74-fdde-4dde-a9db-5d21341881a3,1983b588-cc8c-4486-9324-15dde1e28b95,2022-05-12 07:46:00,059136e5-beb1-43f4-a3fe-9cc14dd0989b,600,44,644
aaa61fbe-a814-4603-b331-cb9ac3648c53,f9235efd-9086-44e7-9a3e-6690eacebd47,2022-05-12 08:06:00,059136e5-beb1-43f4-a3fe-9cc14dd0989b,600,44,644
9cad170d-4a8c-4261-a931-7892e6698944,b5cb4ced-80b0-42b7-aa05-6b3107491038,2022-05-12 12:33:00,059136e5-beb1-43f4-a3fe-9cc14dd0989b,600,44,644
e0928104-d6d8-4f9d-aed7-bd7951cf758c,a3f5c8d9-09af-4512-a5a5-a334d3fba9f3,2022-05-12 12:17:00,059136e5-beb1-43f4-a3fe-9cc14dd0989b,400,30,430
fffb244f-f64c-40cc-8cf4-fdbd89076ed0,9af6a279-c409-4cf3-bd2f-3d6af0389baf,2022-05-12 07:55:00,059136e5-beb1-43f4-a3fe-9cc14dd0989b,400,30,430
dc597d95-164f-4767-a4c1-47a4327ff89b,9975d2cb-8b6a-4d55-9cd7-65b71f75b675,2022-05-12 08:18:00,059136e5-beb1-43f4-a3fe-9cc14dd0989b,600,44,644
cbb61bda-4424-494d-9487-6932213ecda9,a3087371-9834-41e5-b616-5906186f66e7,2022-05-12 11:43:00,059136e5-beb1-43f4-a3fe-9cc14dd0989b,0,0,0
d7d51dcb-84a3-47d4-b6f1-6a316c7ec3f4,8241d5ee-dc4e-4450-adeb-952f814563f6,2022-05-12 13:00:00,059136e5-beb1-43f4-a3fe-9cc14dd0989b,600,44,644
e211a5df-d118-4ee6-a800-129f2d8758b3,bc2e69d4-ac6e-4377-bf7b-e90fb40aad98,2022-05-12 13:56:00,059136e5-beb1-43f4-a3fe-9cc14dd0989b,2800,210,3010
01993f60-8dcd-4b32-b4f3-3d3e8117d88a,bc968d3f-f335-49c5-b7d1-a1c1b2c0df9d,2022-05-12 16:54:00,059136e5-beb1-43f4-a3fe-9cc14dd0989b,900,67,967
ae16d116-8c9b-4e6f-bf28-2468281df77e,1e221d26-6807-4370-b901-a5ac94702440,2022-05-12 07:59:00,059136e5-beb1-43f4-a3fe-9cc14dd0989b,1500,112,1612
c75f149d-6b5d-4234-a313-6e74538fe51e,239b8d39-765a-472e-8b88-611bdc0e7812,2022-05-12 08:20:00,059136e5-beb1-43f4-a3fe-9cc14dd0989b,600,44,644
f92ce755-b8c6-453b-a840-5dd2dc9d45c0,6fcb3e33-b407-4fad-a95e-92178dcd8a34,2022-05-12 08:59:00,059136e5-beb1-43f4-a3fe-9cc14dd0989b,600,44,644
2d2aab3a-364f-4855-bc69-3a77cfde46c1,abd171a5-cb8f-42c7-9582-d8c49e9efa3c,2022-05-12 13:30:00,059136e5-beb1-43f4-a3fe-9cc14dd0989b,3600,270,3870
50f0006c-f7db-4b5b-b25f-ed11afee2e25,04c195d4-4dc6-47ab-8951-45427e72b536,2022-05-12 10:28:00,059136e5-beb1-43f4-a3fe-9cc14dd0989b,600,44,644
c7363b26-383c-4e6d-b658-a9dd49c770c2,3888e62f-5ebe-49cf-93e8-70e8eb32a0de,2022-05-12 08:09:00,059136e5-beb1-43f4-a3fe-9cc14dd0989b,400,30,430
f02cbe5b-c6bf-4f07-a37d-390961ee368e,c085eeee-229f-4875-866c-4edc1617d158,2022-05-12 07:56:00,059136e5-beb1-43f4-a3fe-9cc14dd0989b,600,44,644
36145256-a0fe-4673-8614-4ab8384f09cb,07802969-246c-489b-9096-7642f0c1b45d,2022-05-12 13:53:00,b5941a70-cf63-407e-8c24-c979e7f61e45,1600,64,1664
699604a5-c9eb-4423-902c-95cf427192f5,c1204cb7-2364-40d5-8a6b-d3c001faae6f,2022-05-12 07:41:00,b5941a70-cf63-407e-8c24-c979e7f61e45,500,20,520
00597765-6af0-44ce-94d1-904147762349,def6a9d5-036b-4315-998b-47908bc1c8ad,2022-05-12 07:30:00,b5941a70-cf63-407e-8c24-c979e7f61e45,600,24,624
6e3b2bbc-5ab6-440c-a011-86024949a7ee,fa793654-137e-43d4-b206-81e8119b1b4e,2022-05-12 14:04:00,b5941a70-cf63-407e-8c24-c979e7f61e45,1600,64,1664
4c4d8dd6-653c-4d1c-8ed3-7e219b448052,b348e89f-677a-4d48-a58b-b4c9448f50a1,2022-05-12 08:14:00,b5941a70-cf63-407e-8c24-c979e7f61e45,400,16,416
d05736f0-a435-421f-b6ba-998aa260adbd,2b95812c-96e3-4c71-b994-40bd090d6422,2022-05-12 14:04:00,b5941a70-cf63-407e-8c24-c979e7f61e45,500,20,520
600b2424-dece-4301-b226-82a6cc4b083b,cfe678c2-234b-4b62-809d-8caee64e6323,2022-05-12 07:46:00,b5941a70-cf63-407e-8c24-c979e7f61e45,600,24,624
d84d6b86-cdad-452f-9662-234fd57866ab,c736210a-434f-4b33-955c-6fdf5e35768c,2022-05-12 17:02:00,b5941a70-cf63-407e-8c24-c979e7f61e45,1700,68,1768
4bccf141-0de9-4a57-9a87-1077e3808d45,48fb38a1-f0ff-46e0-964c-df51a0ba2612,2022-05-12 16:35:00,b5941a70-cf63-407e-8c24-c979e7f61e45,2100,84,2184
01beb512-2138-4e04-836b-22a5c6a995a6,162093d1-12b1-4f06-9ff7-56f2f0a73461,2022-05-12 13:41:00,b5941a70-cf63-407e-8c24-c979e7f61e45,700,28,728
8ecd6fb2-2089-4564-becd-850a1617f570,e4d7d41d-35a6-4e84-89d9-d475369a8b15,2022-05-12 15:38:00,b5941a70-cf63-407e-8c24-c979e7f61e45,2000,80,2080
629fbae9-6e4b-4f07-9b2e-1bc9fd421bd0,3fd94dc1-a86f-4596-88c9-1653eff665a6,2022-05-12 13:19:00,b5941a70-cf63-407e-8c24-c979e7f61e45,1300,52,1352
72f3590f-35cd-4724-8092-93981acee1b5,863da1ea-a81b-4946-b9d9-3194617e23d8,2022-05-12 11:58:00,b5941a70-cf63-407e-8c24-c979e7f61e45,1300,52,1352
6655d5b4-d052-4922-8584-e74dcd8e60b1,2db91672-0332-4092-8333-8b59707f1744,2022-05-12 18:04:00,b5941a70-cf63-407e-8c24-c979e7f61e45,1600,64,1664
0a2fb8bb-90fe-47c2-90f3-02a7bb8c8995,d3c03d2b-e214-4128-b959-7cbb00080b81,2022-05-12 07:09:00,b5941a70-cf63-407e-8c24-c979e7f61e45,600,24,624
e907d3be-9097-413d-a16c-e46fa1a4daed,e835ed2d-f124-4491-ac98-63c5d43f5b22,2022-05-12 07:59:00,b5941a70-cf63-407e-8c24-c979e7f61e45,700,28,728
3abc10b1-549f-4f8a-8335-9b8e54d34f0a,84446a2a-0a45-4348-9c17-8317f660ad1d,2022-05-12 08:13:00,b5941a70-cf63-407e-8c24-c979e7f61e45,600,24,624
b0c22a74-5ac6-4ef9-b030-b6a92664af5c,855ad166-da80-4dee-8c53-b239e364b074,2022-05-12 07:15:00,b5941a70-cf63-407e-8c24-c979e7f61e45,700,28,728
4c87ae0e-ef34-48d2-bc80-a85b79d27b90,9f09c473-3854-4d8e-8123-09976c23a1b9,2022-05-12 08:50:00,b5941a70-cf63-407e-8c24-c979e7f61e45,500,20,520
e449477e-c40a-49b3-9b9c-7dbbfdb9c5a6,ec867770-aa2f-425e-8f03-4269cb2c8432,2022-05-12 15:35:00,b5941a70-cf63-407e-8c24-c979e7f61e45,1600,64,1664
e5d1dd36-040f-4a15-a5dd-a71def101112,bf200f85-febd-42c5-be55-f8285e5f92c1,2022-05-12 07:51:00,b5941a70-cf63-407e-8c24-c979e7f61e45,500,20,520
6371ea08-0978-4de3-9ddf-d5afae3dd195,783d638a-a73b-4d58-a792-5b07857366ef,2022-05-12 07:34:00,b5941a70-cf63-407e-8c24-c979e7f61e45,500,20,520
d9897caf-6935-4569-aa01-0f09b83eb6c8,9bc4dd2a-a233-4f6a-a56d-5855cf3ba908,2022-05-12 16:52:00,b5941a70-cf63-407e-8c24-c979e7f61e45,1800,72,1872
9a296ce4-c3f5-4d17-b64b-6ec5eedb2979,1dc81d14-661d-4552-afc5-3ac554af03a8,2022-05-12 14:01:00,b5941a70-cf63-407e-8c24-c979e7f61e45,500,20,520
4118b71d-9774-4576-a47d-e73c7af25f03,3026827e-4594-4e12-9104-4393294a37c1,2022-05-12 07:00:00,b5941a70-cf63-407e-8c24-c979e7f61e45,700,28,728
d0ab15fc-6d39-4691-9d4a-e6c325c6c986,a52016eb-4b27-48c0-b3a0-f34fb0fc0ca8,2022-05-12 08:16:00,b5941a70-cf63-407e-8c24-c979e7f61e45,600,24,624
279d9d6d-a82b-4eda-824b-01735f545c1d,49eeffff-dad6-4307-984c-99e7add468e3,2022-05-12 18:55:00,b5941a70-cf63-407e-8c24-c979e7f61e45,1500,60,1560
acf82bb2-c0f5-4a01-af19-e5e4de52bd2e,ce98655e-a7d1-4fd5-88dc-cdba73dd8e31,2022-05-12 12:36:00,b5941a70-cf63-407e-8c24-c979e7f61e45,3000,120,3120
1c4e06cc-1a21-41e6-a0e1-c8689a81842e,b634ac19-b773-47fa-9bea-3e85ba225eab,2022-05-12 14:14:00,b5941a70-cf63-407e-8c24-c979e7f61e45,1900,76,1976
12cd66c5-0521-470c-85cb-d6b4020e8348,5f9d6e13-18b2-47d0-8f5d-6acc5cdf4a27,2022-05-12 08:00:00,b5941a70-cf63-407e-8c24-c979e7f61e45,400,16,416
c83842f3-342f-4cae-a15d-f237a3e8a67e,6555ae72-a22c-4480-a4e6-26cee8a445be,2022-05-12 10:24:00,b5941a70-cf63-407e-8c24-c979e7f61e45,600,24,624
c55445e7-ca0d-4801-b582-b892f11d67e7,89bb868a-8886-49a5-aa72-5e3a25626304,2022-05-12 08:36:00,b5941a70-cf63-407e-8c24-c979e7f61e45,500,20,520
06204382-941c-4360-9bd0-25ed0fd6ac4b,7ce0aab9-aea5-4b2d-9d51-2bb242a7386b,2022-05-12 13:23:00,b5941a70-cf63-407e-8c24-c979e7f61e45,600,24,624
bb5af3d4-8934-4e30-97a3-b75e233bb178,810f2190-c36f-4061-be67-f071ea5b49f9,2022-05-12 09:13:00,b5941a70-cf63-407e-8c24-c979e7f61e45,700,28,728
c5f413e1-482a-4d18-bca0-07b0af3d0778,13bed8da-2e02-4e0b-8258-df34a7c2d850,2022-05-12 18:37:00,b5941a70-cf63-407e-8c24-c979e7f61e45,1700,68,1768
9554a749-08d0-4381-9d28-5916228eed71,58661011-90b9-46de-a9c1-8e1f17803683,2022-05-12 08:01:00,b5941a70-cf63-407e-8c24-c979e7f61e45,700,28,728
276d0ca2-4bf6-4563-8a14-ebb3db39d29f,0cc54e37-2408-4b86-9b5e-307919784f57,2022-05-12 16:21:00,b5941a70-cf63-407e-8c24-c979e7f61e45,1700,68,1768
af98afdd-d2ad-4e22-a561-dee192432855,82c401a8-0323-4d08-ac5c-94d255bbf98f,2022-05-12 07:36:00,b5941a70-cf63-407e-8c24-c979e7f61e45,600,24,624
af096790-1e3f-484b-a6e3-d95c6b2d2ee4,57542780-7d0d-4011-a4c6-2130ee9171eb,2022-05-12 15:55:00,b5941a70-cf63-407e-8c24-c979e7f61e45,1000,40,1040
f4acb4aa-e91a-494e-8cd7-d2d4f3734992,3edc512f-6a6e-47a4-8b78-d15efb3b5e04,2022-05-12 07:57:00,b5941a70-cf63-407e-8c24-c979e7f61e45,600,24,624
a34265db-2cd8-4205-859a-c259fe8f9a60,c7c559d5-03ff-4091-8ad8-9a0334051778,2022-05-12 10:31:00,b5941a70-cf63-407e-8c24-c979e7f61e45,400,16,416
9e32dfad-cebf-48d4-aace-deae322267df,8c5fa099-c06b-40f4-89d4-8cf99468b397,2022-05-12 07:27:00,b5941a70-cf63-407e-8c24-c979e7f61e45,400,16,416
92dd2304-78dd-423c-819e-f2233a3a7a93,ca5ef5f0-0607-4476-b0a6-40717d0c8a13,2022-05-12 18:10:00,b5941a70-cf63-407e-8c24-c979e7f61e45,1500,60,1560
b21daa57-1feb-4785-9a47-4154a620a6e3,3b4c8c25-e309-4e8c-928c-042c56212f80,2022-05-12 10:51:00,b5941a70-cf63-407e-8c24-c979e7f61e45,600,24,624
f25aeeb2-c549-45c0-8fa2-3b0fd6a33267,e16637ca-b05a-4c31-a176-d2419ec2e18a,2022-05-12 19:35:00,b5941a70-cf63-407e-8c24-c979e7f61e45,600,24,624
3f1f44be-fc54-42da-ad48-feafda17523f,596caac8-7411-4225-9b52-3a11d72f2653,2022-05-12 07:53:00,b5941a70-cf63-407e-8c24-c979e7f61e45,700,28,728
ef9005fe-15f4-4680-a639-af62e3abb829,a921920a-817e-4311-8a3b-c77f11b97964,2022-05-12 19:18:00,b5941a70-cf63-407e-8c24-c979e7f61e45,400,16,416
9863dacc-8926-450d-9413-ac1df4ba668a,20d3c912-c56f-4e52-81f5-0270797ca85a,2022-05-12 13:28:00,b5941a70-cf63-407e-8c24-c979e7f61e45,600,24,624
0ef64e51-9ae9-49e8-9b9d-5e1da040e1ca,a539224e-6827-4978-a90a-98965dc8bf1a,2022-05-12 18:23:00,b5941a70-cf63-407e-8c24-c979e7f61e45,1900,76,1976
756de7f8-77e9-481d-b175-3b6525963292,b5e4f088-535a-4d1a-9dfc-1f0f1a5bbb31,2022-05-12 12:05:00,b5941a70-cf63-407e-8c24-c979e7f61e45,1800,72,1872
6e88ff53-7a8b-483d-b1c2-e39fe6005e27,fc665220-686d-4e6c-aebc-5eccbf9e7900,2022-05-12 07:45:00,b5941a70-cf63-407e-8c24-c979e7f61e45,400,16,416
4885302e-7721-4718-9bea-c609beaa1388,612ba113-a667-4f6c-88ff-4719d9b8bd6d,2022-05-12 08:06:00,b5941a70-cf63-407e-8c24-c979e7f61e45,600,24,624
2010a7c3-e6a6-4eb9-a760-8d5e3bef990f,4058c008-2139-4019-a484-20f84a44cab9,2022-05-12 11:33:00,b5941a70-cf63-407e-8c24-c979e7f61e45,600,24,624
0f1316cd-f9f5-47ac-8662-37e4881ca085,d2e1ff33-c440-48ba-bdf6-644644ae2ec5,2022-05-12 15:14:00,b5941a70-cf63-407e-8c24-c979e7f61e45,2300,92,2392
36a72f64-7985-473f-9bc6-2453fe7182a1,5f850358-6038-4f2e-a7f6-9ad8be127665,2022-05-12 07:29:00,b5941a70-cf63-407e-8c24-c979e7f61e45,700,28,728
12d49e40-fe45-499e-a08f-56cdc4f7b941,2e5a7c29-d023-4b29-bd40-b25b4959d544,2022-05-12 08:57:00,b5941a70-cf63-407e-8c24-c979e7f61e45,600,24,624
ebf0faa6-ea62-42ae-b071-1b1ccaff9a9e,37ae6c25-9a54-4bd2-b8ce-8ff408aad37c,2022-05-12 11:39:00,b5941a70-cf63-407e-8c24-c979e7f61e45,700,28,728
2712b8d1-54fb-4ecd-a7f5-bb1e964f61dd,f25ea7d3-6c3c-4726-8089-64ceb86635c0,2022-05-12 08:40:00,b5941a70-cf63-407e-8c24-c979e7f61e45,1900,76,1976
3a220f3a-95cc-42dd-8be7-e0f8f36ea2fa,0ab6cc4a-4d4d-4b0f-bb9e-26934e1b2fb4,2022-05-12 14:04:00,b5941a70-cf63-407e-8c24-c979e7f61e45,700,28,728
98d229c4-619b-403d-8a9d-c174e0b90f5c,9d330313-dfc3-4167-8d1e-7010f0360e77,2022-05-12 12:32:00,b5941a70-cf63-407e-8c24-c979e7f61e45,400,16,416
a7003b7a-1734-4855-91b0-cc09f74e5a1b,6faee88c-1462-4014-aab0-303e19e38765,2022-05-12 07:53:00,b5941a70-cf63-407e-8c24-c979e7f61e45,500,20,520
e0793ea6-a178-4858-a72e-293e03318d48,9a766643-2dbf-43fa-9a8f-67151b2f85bb,2022-05-12 13:06:00,b5941a70-cf63-407e-8c24-c979e7f61e45,1000,40,1040
53b9c451-d48f-4591-a1b7-242846fdab45,bf8dfc01-63c1-4fad-bc87-f235d190076e,2022-05-12 07:57:00,b5941a70-cf63-407e-8c24-c979e7f61e45,600,24,624
8ed5d13f-918d-4fde-9bbf-3b420d54d031,d67db81a-4d2e-4a5a-a1e1-70e3b973dad8,2022-05-12 08:02:00,b5941a70-cf63-407e-8c24-c979e7f61e45,600,24,624
1ca0724f-4128-4740-8aaa-46847afcb18b,805df221-8701-4577-bc0b-d5ecfbf9334b,2022-05-12 15:46:00,b5941a70-cf63-407e-8c24-c979e7f61e45,1100,44,1144
7dbacf62-07e6-4a72-a474-4aefd9059dc8,99b17443-411b-490a-a48e-a04b3366df95,2022-05-12 07:32:00,b5941a70-cf63-407e-8c24-c979e7f61e45,600,24,624
fc2fe5dc-817c-49c0-b0d6-5e66e50e19fd,0dbe6d07-7913-408a-94b4-8f22812b02b7,2022-05-12 15:00:00,b5941a70-cf63-407e-8c24-c979e7f61e45,700,28,728
75979ad0-364c-4cd0-ac61-1bafe553879c,92426ac9-fb06-489a-b934-4d0a34e875a2,2022-05-12 15:27:00,b5941a70-cf63-407e-8c24-c979e7f61e45,600,24,624
e4d3ac2f-727a-44ed-a128-b954748288f8,99b32ca4-6c29-4f95-86a4-210f753a423e,2022-05-12 07:42:00,b5941a70-cf63-407e-8c24-c979e7f61e45,600,24,624
6985532f-b3ed-46aa-b621-68ddb6e532c0,67a854b8-54c7-40ee-b9f9-e7b0f261bbb1,2022-05-12 11:56:00,b5941a70-cf63-407e-8c24-c979e7f61e45,600,24,624
37e734bc-ed88-44bf-8ec1-563bc6df4b7c,c3faf033-87ae-476c-972d-033dc9c309b3,2022-05-12 08:08:00,b5941a70-cf63-407e-8c24-c979e7f61e45,500,20,520
44691e75-8549-44fc-b8ea-b316de591863,a5aa723a-1b47-4aad-9428-6a1375022eef,2022-05-12 17:22:00,b5941a70-cf63-407e-8c24-c979e7f61e45,1700,68,1768
067e285f-bd81-4660-a9e8-50710defe835,c95036c7-b205-4c9e-b14f-2d009d5d0c76,2022-05-12 09:45:00,b5941a70-cf63-407e-8c24-c979e7f61e45,2800,112,2912
36b430fb-06ca-4fba-8104-2f5821e0fae0,cf5542a6-e935-4ac0-83e2-0c9ff00c5ed6,2022-05-12 07:37:00,b5941a70-cf63-407e-8c24-c979e7f61e45,700,28,728
7f7c556f-1be0-4f10-a723-f59f0b8aefa6,d63b84b0-56cb-4bde-839a-9678e773fa7c,2022-05-12 11:02:00,b5941a70-cf63-407e-8c24-c979e7f61e45,700,28,728
95f438bf-8db7-4726-a10f-d7555e52452f,ff577722-6ee8-4cc1-982c-667b02662534,2022-05-12 09:58:00,b5941a70-cf63-407e-8c24-c979e7f61e45,2300,92,2392
dcf4711d-faf3-4b3a-b22c-160f01b481ae,34cb0169-3ac1-4245-9231-04033d687345,2022-05-12 14:08:00,b5941a70-cf63-407e-8c24-c979e7f61e45,700,28,728
748a6be2-5e1a-4915-811d-660b02ddd503,dd84de96-1d22-4cc4-a92d-64c9cd3e7d1d,2022-05-12 07:15:00,b5941a70-cf63-407e-8c24-c979e7f61e45,400,16,416
340b96ec-473b-415f-bcbd-276c866ad735,dc2823ec-0bc9-4530-9ff3-eccb8e52587a,2022-05-12 08:02:00,b5941a70-cf63-407e-8c24-c979e7f61e45,500,20,520
cd6e7441-a927-4f51-b4ee-12fd9e4e5b59,1bb7c24c-4831-468b-bef3-93d9c1ac3849,2022-05-12 13:21:00,b5941a70-cf63-407e-8c24-c979e7f61e45,400,16,416
be9befcb-6070-4ad6-bb4d-4c4c0dcc739a,74b71a0a-315f-4552-9f83-00256329c614,2022-05-12 14:33:00,b5941a70-cf63-407e-8c24-c979e7f61e45,600,24,624
fd590376-da10-46ae-9696-77540ca8aad3,475da3ae-e2eb-4a82-899f-a4d48f805e0e,2022-05-12 07:56:00,b5941a70-cf63-407e-8c24-c979e7f61e45,400,16,416
2f6da272-6d7f-44ef-b1bf-0dbcb8f70d45,281dca33-a2f6-49ab-8e09-565598b69e26,2022-05-12 14:41:00,b5941a70-cf63-407e-8c24-c979e7f61e45,1600,64,1664
44c24548-a03d-4df4-8f15-a37ac008b329,5fd88fba-3fdd-4be3-b693-023235215d66,2022-05-12 08:11:00,b5941a70-cf63-407e-8c24-c979e7f61e45,0,0,0
a19e714b-817b-4248-a04f-16aabaa792a6,c797a15c-8e33-48e1-a362-afd706f8cbaa,2022-05-12 12:28:00,b5941a70-cf63-407e-8c24-c979e7f61e45,2100,84,2184
1d1abd6f-bded-4b69-b730-fc4ee48a4346,dea4bee6-4b99-475c-98f3-d45fa666d228,2022-05-12 07:23:00,b5941a70-cf63-407e-8c24-c979e7f61e45,500,20,520
a90dbfc8-03d1-43a3-8327-686150ca98cb,f66664e6-6ea7-4524-95fb-4ecd18c7a220,2022-05-12 13:28:00,b5941a70-cf63-407e-8c24-c979e7f61e45,800,32,832
a0936e05-0a5d-4703-beb6-f4c65dcfa47c,a443515b-c5ea-4400-a9b4-1618a5764390,2022-05-12 11:40:00,b5941a70-cf63-407e-8c24-c979e7f61e45,400,16,416
924a9cd1-a287-405b-82b7-8e166f086145,fb19d959-ff98-44ce-9265-c57eb1f19b1b,2022-05-12 08:26:00,b5941a70-cf63-407e-8c24-c979e7f61e45,600,24,624
9fb5eea7-fdf1-4029-ba65-df620aa6c1ee,5014751e-3349-4a92-8345-60743b1f057f,2022-05-12 08:07:00,b5941a70-cf63-407e-8c24-c979e7f61e45,500,20,520
26460bd4-bd4b-469b-805c-230583831ea2,18d1b601-fd5c-4893-827a-f391df2d07dc,2022-05-12 14:21:00,b5941a70-cf63-407e-8c24-c979e7f61e45,1000,40,1040
87b7fe90-678d-438f-b8e9-763af78cb6c0,18f2f19f-5893-49ed-94d6-e0ff3e31fdbc,2022-05-12 13:22:00,b5941a70-cf63-407e-8c24-c979e7f61e45,1700,68,1768
8e85a0b8-5481-4a35-8931-430428d17686,64ab2edd-3638-4512-8637-f5b092e70b12,2022-05-12 09:35:00,b5941a70-cf63-407e-8c24-c979e7f61e45,3800,152,3952
92c2c0e0-a921-4967-9995-73004321c181,eea76b70-f6e9-4d1d-8969-112cf1bede15,2022-05-12 07:51:00,b5941a70-cf63-407e-8c24-c979e7f61e45,600,24,624
a02efc0b-e940-46f9-bfc3-24f60b47e9fb,fc0a74be-b00b-4fee-a08a-b65438c8f712,2022-05-12 17:49:00,b5941a70-cf63-407e-8c24-c979e7f61e45,400,16,416
e7ec2558-e1df-46af-9132-2eab8e9fb2bb,78f8bb3f-1498-4095-b11b-a9c643056197,2022-05-12 08:33:00,b5941a70-cf63-407e-8c24-c979e7f61e45,600,24,624
32bf6600-c32b-4c27-95e4-f327c1c6a4f1,575e6a52-60aa-4d2e-88fb-c24afb554e5e,2022-05-12 08:21:00,b5941a70-cf63-407e-8c24-c979e7f61e45,600,24,624
9ce3e139-191f-4607-b250-100cc2429227,ade7a602-ff8c-44e4-a906-b65fa89e2cf9,2022-05-12 11:38:00,b5941a70-cf63-407e-8c24-c979e7f61e45,700,28,728
fdd9d994-bb26-4510-8902-35e0176bd818,45772ecd-ec76-4928-9f56-9853b21d12fd,2022-05-12 12:53:00,b5941a70-cf63-407e-8c24-c979e7f61e45,600,24,624
715a2bb8-7cf8-4e81-8779-317c4f0410c7,3ac82e2d-4337-43f2-852f-933842baca7a,2022-05-12 12:46:00,b5941a70-cf63-407e-8c24-c979e7f61e45,500,20,520
6994082b-65ed-4721-9ae8-a95cbac1aaba,2de13ec9-859e-41d0-bda4-b848cf153f54,2022-05-12 14:46:00,b5941a70-cf63-407e-8c24-c979e7f61e45,700,28,728
efb1ac6f-44cd-4f15-b96b-9e2a801ac940,64ae60bd-9702-4342-8766-2996c32f2161,2022-05-12 08:12:00,b5941a70-cf63-407e-8c24-c979e7f61e45,600,24,624
65f63326-778f-4820-b752-d279231e4f55,3a0320ef-2ab5-4253-b221-8e09a98e50a3,2022-05-12 15:24:00,b5941a70-cf63-407e-8c24-c979e7f61e45,600,24,624
ab48fb4a-b511-45e5-a420-824809eac0a3,e4195e67-3333-4944-8820-2160913bca91,2022-05-12 13:56:00,b5941a70-cf63-407e-8c24-c979e7f61e45,400,16,416
e3c803e5-4385-4971-a139-429ef835e7c4,dab67da9-65e8-4fde-ab3d-3370cdb5a9a3,2022-05-12 08:16:00,b5941a70-cf63-407e-8c24-c979e7f61e45,400,16,416
d5f3d328-bdad-4bd0-a569-d45fd894ab24,33f1d392-7275-48b2-a60d-cdff021d282e,2022-05-12 07:00:00,b5941a70-cf63-407e-8c24-c979e7f61e45,600,24,624
cda7f516-e263-4554-b5b7-36fefeb85370,0d412b28-b5a1-4cea-a1f5-869ea07f821d,2022-05-12 07:32:00,b5941a70-cf63-407e-8c24-c979e7f61e45,600,24,624
ecc498dc-b24b-4fc9-b277-e152ba7d7760,a2d5c680-5dfa-4c55-8a64-5f2353ac92e9,2022-05-12 08:06:00,b5941a70-cf63-407e-8c24-c979e7f61e45,600,24,624
89bfa2d9-7c7f-4da7-9d2a-a363c48bb232,96a0e34a-c91b-43c3-a6b7-c87030bc1171,2022-05-12 15:46:00,b5941a70-cf63-407e-8c24-c979e7f61e45,1500,60,1560
0150ba22-1359-4da8-805b-acd31ec36ed4,bb93c5a0-2544-4151-b8e0-8d22fb4b6c8d,2022-05-12 07:40:00,b5941a70-cf63-407e-8c24-c979e7f61e45,600,24,624
7cba95a1-c349-4760-a5d3-9992ff306fe7,1623a070-caac-4de1-be52-23974b2f1806,2022-05-12 08:51:00,b5941a70-cf63-407e-8c24-c979e7f61e45,600,24,624
362dc098-ec85-4234-9a1b-87cfd2b508e8,a61f8fb8-cfeb-418f-8c0b-5d790aa1879d,2022-05-12 19:21:00,b5941a70-cf63-407e-8c24-c979e7f61e45,1700,68,1768
82128631-0697-4c09-b71d-f292694df0b8,c2cff44b-8573-42be-b3e3-d2deb524c228,2022-05-12 08:06:00,b5941a70-cf63-407e-8c24-c979e7f61e45,500,20,520
955e2c6e-132b-4480-a5e4-26a44a029742,9b5611f7-2998-4617-a471-2a797e4403d5,2022-05-12 07:31:00,b5941a70-cf63-407e-8c24-c979e7f61e45,400,16,416
e7e9ea24-8eae-4526-8494-aa0196e63d96,3c05a1bf-1e47-4e78-a5f7-eaa41e8954ce,2022-05-12 12:57:00,b5941a70-cf63-407e-8c24-c979e7f61e45,600,24,624
4d76426c-7c40-4399-839a-7426b9f3e634,425df887-0eb3-4c9d-bc2d-7f0a38912f14,2022-05-12 14:22:00,b5941a70-cf63-407e-8c24-c979e7f61e45,1800,72,1872
e26d7f18-9a67-4950-bc42-172d9fe761c0,aab76d2f-7bb6-40df-9caf-5bb0239d9be0,2022-05-12 12:27:00,b5941a70-cf63-407e-8c24-c979e7f61e45,600,24,624
55f33870-8a54-4fa8-8e5d-dcf5d017fd01,56f5e8d6-f6fa-42d4-b15c-284e8707dbce,2022-05-12 14:09:00,b5941a70-cf63-407e-8c24-c979e7f61e45,2200,88,2288
79e0981a-8774-4437-bcd1-1b8e485a99c4,242de275-bad2-4f2e-afa4-7dd9ad56d239,2022-05-12 15:34:00,b5941a70-cf63-407e-8c24-c979e7f61e45,1700,68,1768
8d8bd7c3-f48a-4cc9-9607-fa0424b340ec,936d1ff6-3e00-4b99-8b1b-239b29bdf6a7,2022-05-12 15:22:00,b5941a70-cf63-407e-8c24-c979e7f61e45,600,24,624
053de49b-8c6d-4fdd-a2f1-f5dc5b958130,d7fb7e89-b4b9-4504-ba2a-2e421619e418,2022-05-12 14:26:00,b5941a70-cf63-407e-8c24-c979e7f61e45,600,24,624
6e023992-8127-4e84-ab32-5603b9448bcc,b6560dae-0a2b-4345-8b36-82819baab3ca,2022-05-12 11:00:00,b5941a70-cf63-407e-8c24-c979e7f61e45,600,24,624
4d492b8e-e783-4dfc-bc16-9cbc0a90ace3,9ecb6f7d-bfec-4f50-b3d6-0f49ead22191,2022-05-12 09:47:00,b5941a70-cf63-407e-8c24-c979e7f61e45,700,28,728
d93d204f-2d3e-4c47-826e-f0e5bc313258,731a8880-f07b-4135-95e7-7cadecd6c7b6,2022-05-12 18:00:00,b5941a70-cf63-407e-8c24-c979e7f61e45,900,36,936
a7ce4ded-8a95-4919-8c9b-48eb852baa8b,3f442476-f77e-4e32-b935-aec1f3c4f788,2022-05-12 15:35:00,b5941a70-cf63-407e-8c24-c979e7f61e45,400,16,416
dc8db52f-501b-4c81-b472-f3e4b0118322,52fe122b-3cb6-4253-b389-dc5abdc3f63b,2022-05-12 14:34:00,b5941a70-cf63-407e-8c24-c979e7f61e45,500,20,520
fc08c518-93db-4d01-8f4b-7b051ff9aa4c,347aaca0-4db6-4e60-ad89-2b61a4032cd6,2022-05-12 07:27:00,b5941a70-cf63-407e-8c24-c979e7f61e45,600,24,624
be323d18-e547-420c-975e-8697fc4c39a4,ed222830-2cb7-4340-a033-588bb4d49e67,2022-05-12 12:19:00,b5941a70-cf63-407e-8c24-c979e7f61e45,700,28,728
e0c6bc1c-fcb0-4426-aea2-01e5bd1ac176,8d1bb153-3cbc-4d4c-8bb1-542dea3e3ac7,2022-05-12 17:12:00,b5941a70-cf63-407e-8c24-c979e7f61e45,400,16,416
9ea529f9-af58-4f05-a34d-92ef1c17eadd,84dfa460-b42f-4d62-86a7-14fc86267d3f,2022-05-12 07:43:00,b5941a70-cf63-407e-8c24-c979e7f61e45,600,24,624
95288cb5-4ddb-4adc-ae42-c8e343eaa49c,cee21671-06de-4819-8862-21cc56c74858,2022-05-12 10:03:00,b5941a70-cf63-407e-8c24-c979e7f61e45,500,20,520
6c639a9b-a389-41a3-af0c-1978898d8ed1,deb2aaa1-a28d-4c98-aa82-8908b5c5704a,2022-05-12 07:56:00,b5941a70-cf63-407e-8c24-c979e7f61e45,400,16,416
d63f7926-8714-45f6-8255-036d074ee84f,c1f1aec3-4baa-4122-85ab-2e030e48d90b,2022-05-12 10:24:00,b5941a70-cf63-407e-8c24-c979e7f61e45,500,20,520
2c18f7fd-6f05-41ff-a692-880006c0fce5,dc5e8e7f-8d11-4bdc-91f5-9e0a2d3c9ad3,2022-05-12 07:10:00,b5941a70-cf63-407e-8c24-c979e7f61e45,700,28,728
875ce2b1-a061-430b-b314-f532e6505870,d155fd8e-22d5-4146-9443-7deca68b07e3,2022-05-12 07:36:00,b5941a70-cf63-407e-8c24-c979e7f61e45,600,24,624
e8d7c17f-822b-4b20-88f5-cd3a479814d5,5c652666-a538-4cba-8ced-42f0076f90f2,2022-05-12 08:17:00,b5941a70-cf63-407e-8c24-c979e7f61e45,400,16,416
8963a4dd-4568-4188-930d-c01e31581133,4f507eab-291e-4c7d-9a7a-3fe2b2913b77,2022-05-12 15:47:00,b5941a70-cf63-407e-8c24-c979e7f61e45,1800,72,1872
b37b919a-17e7-444f-b783-b293c49c8c5c,d780399f-ddd5-43dd-9016-4b8fde6102f6,2022-05-12 08:03:00,b5941a70-cf63-407e-8c24-c979e7f61e45,400,16,416
f7e80310-ff12-4f92-a12d-6fbdb469ed19,d48775a5-8b7b-44fb-8c0f-dbbee9df0097,2022-05-12 07:29:00,b5941a70-cf63-407e-8c24-c979e7f61e45,600,24,624
47a1dc5c-016a-49ed-88d0-0f0f6cefc78c,2f6af405-d569-4a59-bb5c-4a6e120317d8,2022-05-12 07:36:00,b5941a70-cf63-407e-8c24-c979e7f61e45,500,20,520
9926d866-a2ee-4aa0-993c-0106f16e1566,09ff8664-87e2-4157-9c0e-8ce35842860d,2022-05-12 07:47:00,b5941a70-cf63-407e-8c24-c979e7f61e45,700,28,728
1d060ff0-ff30-44e3-a96c-9849b126a0db,4f7f7512-8d29-42ff-ab4e-dc85fc8a8263,2022-05-12 13:08:00,b5941a70-cf63-407e-8c24-c979e7f61e45,700,28,728
7a67976a-2e9d-40cc-af32-d614dff4ab2d,57c6c2b0-e2f9-402c-bcf4-0d3c52cd16c8,2022-05-12 07:59:00,b5941a70-cf63-407e-8c24-c979e7f61e45,700,28,728
4644c0d1-7408-4291-9c0c-4188375ef53d,157e3e8b-d51a-47bc-a86d-07a1fd743c84,2022-05-12 07:47:00,b5941a70-cf63-407e-8c24-c979e7f61e45,700,28,728
47768bfa-9924-49a1-963a-3ebcea06d3c9,220ce8d0-aa81-4e3e-ab19-72030bbc4861,2022-05-12 16:26:00,b5941a70-cf63-407e-8c24-c979e7f61e45,2000,80,2080
512b33d5-696b-4f63-bd55-23e6f0b18cb4,aa39b158-e991-4356-a09b-49dcf3d28b08,2022-05-12 14:49:00,b5941a70-cf63-407e-8c24-c979e7f61e45,1500,60,1560
387fc740-2efa-418f-a293-b1a2ec01392f,e05f0150-7ec1-4c59-8a6a-d2d29675b858,2022-05-12 14:58:00,b5941a70-cf63-407e-8c24-c979e7f61e45,700,28,728
4f9d81a7-d421-411b-9f0f-19ec99aaeb60,96644abe-2cf5-4106-9ac1-bdfb88e3fa95,2022-05-12 07:03:00,b5941a70-cf63-407e-8c24-c979e7f61e45,1300,52,1352
f0891220-8f87-4fe6-9696-e25b2c3f6cbb,808a94c7-7a67-4894-bb08-79e474ed271e,2022-05-12 11:44:00,b5941a70-cf63-407e-8c24-c979e7f61e45,3800,152,3952
f739be96-624b-4ef4-8d02-c85931642804,6132247f-6f8b-44b1-b413-ba0496c400d4,2022-05-12 15:33:00,b5941a70-cf63-407e-8c24-c979e7f61e45,600,24,624
e22fe3b6-33cf-4b7c-8065-5c3be5a7d7f4,567dfb44-437c-405b-b2ef-0d1f10f47c9d,2022-05-12 08:23:00,b5941a70-cf63-407e-8c24-c979e7f61e45,600,24,624
ee399808-4b70-4d36-bb5d-6306f497327e,0036c498-6d2c-40fb-af0f-92432b8718bf,2022-05-12 07:36:00,b5941a70-cf63-407e-8c24-c979e7f61e45,600,24,624
446cec13-e319-407a-9ef8-5f79ad321fe3,27cfdd1c-0f4b-49fc-be05-69c85ca32ec9,2022-05-12 15:53:00,b5941a70-cf63-407e-8c24-c979e7f61e45,1300,52,1352
9690a3c1-9435-4333-b449-e786a6ce67f0,4fa84c10-1eeb-4d1e-a0eb-a9cad5d3857a,2022-05-12 17:51:00,b5941a70-cf63-407e-8c24-c979e7f61e45,1500,60,1560
a71349f5-3e4f-4359-acf8-425eb9ff1f9f,85ebb880-ebb4-472b-ab66-1dabc11c201a,2022-05-12 15:02:00,b5941a70-cf63-407e-8c24-c979e7f61e45,500,20,520
9f4a76f7-b23c-4926-960b-30bd5ec3b3fb,13984d5f-4868-4031-8a3b-7240b963cd41,2022-05-12 07:53:00,b5941a70-cf63-407e-8c24-c979e7f61e45,500,20,520
0af8b51a-da87-4ae7-badb-f9bf2151e463,cb93d5ec-4d83-458a-9601-f3b8982e5faa,2022-05-12 08:08:00,b5941a70-cf63-407e-8c24-c979e7f61e45,600,24,624
613c2d83-2d55-46ba-8eca-ba74c406faf3,9792ef5b-b422-458b-bb0d-cfc2e5d9dfb6,2022-05-12 14:01:00,b5941a70-cf63-407e-8c24-c979e7f61e45,2600,104,2704
d277e3b4-84e1-4a48-8d78-f0363d1db2f1,5df63f2e-723a-455f-83d3-d3918002449b,2022-05-12 07:59:00,b5941a70-cf63-407e-8c24-c979e7f61e45,600,24,624
21c6ac07-12a6-450c-ba17-014715798fea,fc774722-89fe-4438-ada1-786425c11614,2022-05-12 17:03:00,b5941a70-cf63-407e-8c24-c979e7f61e45,1800,72,1872
42aaf8a0-c8a9-457b-aa24-b96bc1f26b79,88ccbcfa-ed30-47c5-bbf4-0bef6725123b,2022-05-12 07:00:00,b5941a70-cf63-407e-8c24-c979e7f61e45,600,24,624
d789bb1c-9201-428b-968a-54240a479361,186a4f42-32f6-456d-922d-b2d8c2a9d0bd,2022-05-12 16:44:00,b5941a70-cf63-407e-8c24-c979e7f61e45,600,24,624
f619e3ad-7bd5-4c78-9ed6-aa85f01abdee,bcfc514d-c182-42a0-b84e-de154eac94c1,2022-05-12 08:48:00,b5941a70-cf63-407e-8c24-c979e7f61e45,700,28,728
164e77d8-b114-4ca8-83c8-8064e26aa87d,8c28837e-8305-429a-be35-17afd80d2dff,2022-05-12 12:24:00,b5941a70-cf63-407e-8c24-c979e7f61e45,1100,44,1144
df0ce469-2e3d-4ac4-919a-c0ac33477038,da4f26c8-8268-4f57-b631-33897a927a9a,2022-05-12 14:09:00,b5941a70-cf63-407e-8c24-c979e7f61e45,600,24,624
c61377e8-bc30-410e-87c0-3e27ee374cc3,3f396eff-3b67-454d-a783-e6306bf440e8,2022-05-12 10:11:00,b5941a70-cf63-407e-8c24-c979e7f61e45,600,24,624
1a459270-8a5d-4ed7-8083-3bb51a6d18e4,5809f003-2708-420f-bcea-034ef0c1ca3c,2022-05-12 15:43:00,b5941a70-cf63-407e-8c24-c979e7f61e45,600,24,624
258e4fa5-801b-44b0-a20e-bd9cbd55ad74,c9193ac6-0dbf-45a7-ab09-d2dbcb8e3cbf,2022-05-12 17:04:00,b5941a70-cf63-407e-8c24-c979e7f61e45,700,28,728
28c1ce8f-318e-4a19-a00c-69e813b3da1e,a38f7258-c871-49d4-89e1-f535dcb60dc3,2022-05-12 18:06:00,b5941a70-cf63-407e-8c24-c979e7f61e45,600,24,624
ddc1ed84-1770-4989-896b-ae305509c695,310540d1-8503-4470-8f4b-81ccd6135a4a,2022-05-12 07:19:00,b5941a70-cf63-407e-8c24-c979e7f61e45,600,24,624
880978f8-2394-47a5-a17b-d04a6c6717bf,9cabb6de-db70-4794-a40c-57d0be0c639c,2022-05-12 07:52:00,b5941a70-cf63-407e-8c24-c979e7f61e45,600,24,624
0a7a1d53-c69a-471e-ba5f-8c9cacb8faab,23b40fa9-2c00-4076-beb3-52cc40ebecb9,2022-05-12 08:11:00,b5941a70-cf63-407e-8c24-c979e7f61e45,600,24,624
529f07d7-9a1d-4060-ba6a-f35b8ed0c5a1,afe8270b-5329-4218-a4c8-e6832a92afd8,2022-05-12 08:47:00,b5941a70-cf63-407e-8c24-c979e7f61e45,600,24,624
efb1f347-3385-47b7-ac98-b2a4f317eb7e,9038b25f-a757-4ad9-957c-bf9c897bf7f7,2022-05-12 16:37:00,b5941a70-cf63-407e-8c24-c979e7f61e45,1900,76,1976
0a182b91-65bb-4105-81f9-2a4871aa26e1,125ca5d7-df9a-4025-91b8-e0f428d43068,2022-05-12 12:59:00,b5941a70-cf63-407e-8c24-c979e7f61e45,600,24,624
fe0e1632-9b66-41f7-b6ba-de265d516f64,ee57713c-2156-4af8-80fc-599f34f1ec60,2022-05-12 16:27:00,b5941a70-cf63-407e-8c24-c979e7f61e45,1600,64,1664
ed3a5929-6add-4c6e-ae28-19a7173c6df8,56489e8f-ff4e-46c9-ae0f-1b337da5bfae,2022-05-12 15:21:00,b5941a70-cf63-407e-8c24-c979e7f61e45,2400,96,2496
d504470a-7093-46c9-91c3-85d501bf4efe,b589328d-e095-4f24-8b43-598650d7987b,2022-05-12 14:13:00,b5941a70-cf63-407e-8c24-c979e7f61e45,1200,48,1248
a4e9e239-79b8-4c24-b20c-375e6fcee961,6ab56a90-712e-4866-8d4a-fb1b7a086de2,2022-05-12 19:22:00,b5941a70-cf63-407e-8c24-c979e7f61e45,500,20,520
04fbc95a-0217-4e31-9b9d-86d3e977ba7a,49b9328f-15ce-4610-b926-f7455687982f,2022-05-12 08:05:00,b5941a70-cf63-407e-8c24-c979e7f61e45,600,24,624
c32c0e96-ecac-405b-994d-0987464e01f8,01b06b2c-1ad5-4112-a37a-61ebdeb7236d,2022-05-12 08:36:00,b5941a70-cf63-407e-8c24-c979e7f61e45,400,16,416
fa1b6259-7145-4818-9151-a4ceb469a41e,1c89a296-5309-47e6-8cb0-36a6b4c63880,2022-05-12 19:21:00,b5941a70-cf63-407e-8c24-c979e7f61e45,1900,76,1976
6705f2d6-5dc4-4a01-a1f0-338cfec09fd1,afcec46d-e1b4-4419-bf05-9316e3dde336,2022-05-12 07:38:00,b5941a70-cf63-407e-8c24-c979e7f61e45,700,28,728
c84940d6-e0d0-482a-b81e-31ab5c84806a,58251ac9-f1f8-459a-afc2-e12577112356,2022-05-12 08:08:00,b5941a70-cf63-407e-8c24-c979e7f61e45,500,20,520
b1b95574-4808-42e3-97ab-f53cf86b2d2e,06fb745a-ae90-4cba-a02e-f293ee607c51,2022-05-12 13:53:00,b5941a70-cf63-407e-8c24-c979e7f61e45,600,24,624
50a17e6f-bf2e-484e-84bb-98ba16097f9d,3a9926ef-6401-4560-8b6f-e379a863961c,2022-05-12 08:05:00,b5941a70-cf63-407e-8c24-c979e7f61e45,600,24,624
9120b79a-60a4-4c5c-8e6e-8c885eda8eae,35ef9a20-373b-49a0-94e7-a652a49ad546,2022-05-12 13:46:00,b5941a70-cf63-407e-8c24-c979e7f61e45,700,28,728
61508cff-60e9-41ac-83b5-0c2192a29672,1d0db805-775f-4a21-93a9-685c78ded448,2022-05-12 08:17:00,b5941a70-cf63-407e-8c24-c979e7f61e45,600,24,624
edda5269-0f3a-4dd1-8b20-6196bc9939b2,30fba204-135e-4e71-a1a8-1c94ddb2c0da,2022-05-12 08:54:00,b5941a70-cf63-407e-8c24-c979e7f61e45,700,28,728
011ba34f-12cd-40b5-a4f0-493054b5cce6,fb398617-4d10-4ba7-a36e-b66cd127c45d,2022-05-12 08:20:00,b5941a70-cf63-407e-8c24-c979e7f61e45,700,28,728
6037baf8-ddd3-4e4d-92ab-050b8227b364,37c34e7b-e45c-47db-9e3b-264d25b1933c,2022-05-12 12:45:00,b5941a70-cf63-407e-8c24-c979e7f61e45,500,20,520
d945c3a5-3ede-4457-8e49-d9bdaf06b875,3b3487d9-712c-4d93-9cd6-2c8d7e759c76,2022-05-12 07:26:00,b5941a70-cf63-407e-8c24-c979e7f61e45,400,16,416
3645e0c9-b359-4f18-a7d2-c0e56cd1db29,8143b925-a728-45dc-90e2-770dc299a5d0,2022-05-12 07:13:00,b5941a70-cf63-407e-8c24-c979e7f61e45,700,28,728
12ad91fc-07cf-445c-9e7b-2cd773e36340,079c5ccc-da93-4cd1-836d-38c631bf48a6,2022-05-12 12:41:00,b5941a70-cf63-407e-8c24-c979e7f61e45,600,24,624
33c42322-4da7-4e92-bc33-1aab646e8e68,a233190a-52a9-4cf7-9a10-17472b86c1d9,2022-05-12 07:54:00,b5941a70-cf63-407e-8c24-c979e7f61e45,400,16,416
8cc48eef-15b2-420e-9cf6-47b8457b6bac,0e36bc6f-6b9f-4c73-bf81-4de9c05bd1f7,2022-05-12 08:30:00,b5941a70-cf63-407e-8c24-c979e7f61e45,500,20,520
d879660d-fa59-42bd-aece-32e0991580e2,1a675d7b-a1eb-4f6f-95dc-3e742f3773c9,2022-05-12 13:25:00,b5941a70-cf63-407e-8c24-c979e7f61e45,700,28,728
5ce4250a-75ac-4ff9-bd50-3964044e5409,c1582622-5de3-4f41-846c-28d3d78fedaa,2022-05-12 18:40:00,b5941a70-cf63-407e-8c24-c979e7f61e45,500,20,520
8ff2fed3-5362-4925-b3b4-5f26d6156d68,b0f4cef9-ee4a-4cdb-97fc-9f091c007881,2022-05-12 08:15:00,b5941a70-cf63-407e-8c24-c979e7f61e45,2100,84,2184
183483a5-ae6f-47af-ad40-e1bbb160fcf2,4818cfac-6545-4c77-b041-6f063a63ddf4,2022-05-12 07:00:00,b5941a70-cf63-407e-8c24-c979e7f61e45,700,28,728
846491f9-70e3-48da-9df6-75032306eef0,4b4a5bad-682f-465e-93b0-0b7e74ea0f03,2022-05-12 11:20:00,b5941a70-cf63-407e-8c24-c979e7f61e45,400,16,416
52dd4915-f874-40b4-8b6e-2495bda41db2,5729d739-8c7e-469d-9fc7-fb95612fc92e,2022-05-12 15:23:00,b5941a70-cf63-407e-8c24-c979e7f61e45,4000,160,4160
262cecc2-1307-4d34-bae0-2d0ac2a372ab,81175ca9-2369-4e1b-823e-472ff9cb0241,2022-05-12 17:18:00,b5941a70-cf63-407e-8c24-c979e7f61e45,700,28,728
64ab362f-83eb-414c-a735-a5f14114ee1b,735200b4-2828-4349-96cd-860b863fb154,2022-05-12 07:29:00,b5941a70-cf63-407e-8c24-c979e7f61e45,700,28,728
e9d4b1e2-d100-43cf-8fd3-d2bb91387b38,8ecaec4c-7372-4d3c-9e1a-067e0f658cde,2022-05-12 14:36:00,b5941a70-cf63-407e-8c24-c979e7f61e45,700,28,728
aad6b806-a358-4797-9dd7-06c14f98804a,77312b67-634b-44fa-afff-84cd492294dd,2022-05-12 08:40:00,b5941a70-cf63-407e-8c24-c979e7f61e45,400,16,416
285cd25c-a8f5-41bf-bcab-400837241005,157f19e9-dabb-402d-a24a-1a3daad4390a,2022-05-12 07:02:00,b5941a70-cf63-407e-8c24-c979e7f61e45,600,24,624
aeb15835-5813-4444-8fd9-6abd20e0c550,057d6adc-0a93-4e10-a0ad-eecde498a471,2022-05-12 13:19:00,b5941a70-cf63-407e-8c24-c979e7f61e45,600,24,624
4faee0ff-3ad2-45e5-bd5f-4790643a8688,c1cfdf53-a54d-4650-b94f-c186d4ef6a33,2022-05-12 08:15:00,b5941a70-cf63-407e-8c24-c979e7f61e45,500,20,520
079680cf-923b-4b25-9385-0924f6c6745d,e596c316-2043-4865-87fe-c7f9979aef23,2022-05-12 14:03:00,b5941a70-cf63-407e-8c24-c979e7f61e45,700,28,728
b15af25c-2bd0-4ff8-86c9-b7f2d36ee8e4,6adaa027-c693-435e-89eb-a9bbb5e44b8a,2022-05-12 07:00:00,b5941a70-cf63-407e-8c24-c979e7f61e45,500,20,520
ea9c50b7-a8ae-4191-8037-fa266a9d5f5d,3e137f30-9049-4d26-b807-213d23a47ff4,2022-05-12 08:49:00,b5941a70-cf63-407e-8c24-c979e7f61e45,500,20,520
092f764a-4b2b-4258-93d7-5c028179df53,25c68765-8234-4afa-972a-1bb70ffdf0de,2022-05-12 08:49:00,b5941a70-cf63-407e-8c24-c979e7f61e45,1600,64,1664
fad52faf-1e6d-4816-ac1b-265a94f1b1e8,12bb6504-a73d-4841-9f4b-f77ff5056ebb,2022-05-12 15:28:00,b5941a70-cf63-407e-8c24-c979e7f61e45,1800,72,1872
08f614f4-94ce-44c4-bb01-e8a26c73cb13,8310a031-3027-4e50-9668-13752414d69d,2022-05-12 08:19:00,b5941a70-cf63-407e-8c24-c979e7f61e45,700,28,728
94142fc5-f6d2-4ac7-81fe-4fb28c65843c,11898c7e-ea4f-465e-8729-e6aadfbb23da,2022-05-12 11:15:00,b5941a70-cf63-407e-8c24-c979e7f61e45,500,20,520
b28fdb40-6725-4522-b467-0f39b1c4a05f,fd116e0a-17ff-4891-b76a-87564104c894,2022-05-12 14:51:00,b5941a70-cf63-407e-8c24-c979e7f61e45,1500,60,1560
ba092da2-85f9-4b60-9bd5-cd3a811a42dd,4476c00f-aa7a-469a-b999-2d09393919f0,2022-05-12 08:23:00,b5941a70-cf63-407e-8c24-c979e7f61e45,600,24,624
734861ce-e7af-4cb1-a405-b3105f8cf9cc,5e2f8308-17ff-4a1b-aaf0-7ee5789d624f,2022-05-12 08:45:00,b5941a70-cf63-407e-8c24-c979e7f61e45,500,20,520
31c90114-1f12-4e46-b7fd-3d4b789ef78f,ce73e748-777f-45ec-9020-2d2cfdb45972,2022-05-12 15:59:00,b5941a70-cf63-407e-8c24-c979e7f61e45,2000,80,2080
6720d3ca-87a3-4d57-89f3-523f43262b87,330cb663-b876-4a71-aad8-b579d5c68a41,2022-05-12 14:52:00,b5941a70-cf63-407e-8c24-c979e7f61e45,400,16,416
d10a9a42-3da6-4e3d-b599-db2fda314a6f,83a9211f-46b5-46e9-83ff-21fcb2333b9d,2022-05-12 14:32:00,b5941a70-cf63-407e-8c24-c979e7f61e45,600,24,624
c799836c-d717-4e30-8a83-369e8ad3e1bc,8a56193e-7740-40eb-84fc-cfbed31c5b23,2022-05-12 08:09:00,b5941a70-cf63-407e-8c24-c979e7f61e45,400,16,416
5add9d6e-ba1c-4988-b832-ec198a62ec11,4bacdb26-77a5-499d-8369-54f7bc613311,2022-05-12 10:56:00,b5941a70-cf63-407e-8c24-c979e7f61e45,3300,132,3432
053ca0f4-0ebf-4e0c-89b0-4286b3ffd70a,94eed14f-8001-4b43-8f44-165f49fd933d,2022-05-12 07:57:00,b5941a70-cf63-407e-8c24-c979e7f61e45,600,24,624
79786811-c1d8-4cec-971d-205b1c035b4d,b47a07e8-cf4b-416d-baf5-4eab119a0a08,2022-05-12 15:09:00,b5941a70-cf63-407e-8c24-c979e7f61e45,1800,72,1872
69ed0a19-5fe2-4625-ac08-c6cd9c85bcc9,711f6709-f3ba-47b2-a1b8-64c4ee16d2f8,2022-05-12 16:42:00,b5941a70-cf63-407e-8c24-c979e7f61e45,600,24,624
bbaf4a74-c74d-49ae-81d4-a43ba51d074c,b4831ea7-1598-4d5a-8e8f-8f7a3fc9fd2a,2022-05-12 07:28:00,b5941a70-cf63-407e-8c24-c979e7f61e45,600,24,624
384e6966-4c42-462e-84bc-c42c01fb3f2b,e1381e43-7e52-4fde-bb54-70721c780d75,2022-05-12 08:24:00,b5941a70-cf63-407e-8c24-c979e7f61e45,700,28,728
44e923de-59cc-413e-9eec-9aaa0cf6256f,51c70362-b335-415c-aedb-b03180cdcc0e,2022-05-12 11:49:00,b5941a70-cf63-407e-8c24-c979e7f61e45,400,16,416
17945dd2-f256-4ded-abe2-abb067446277,ef92459f-9ed1-44f8-bc84-2af20287f25e,2022-05-12 07:18:00,b5941a70-cf63-407e-8c24-c979e7f61e45,600,24,624
8ff2ec59-73bb-4800-9c65-b5d25dbb2ce5,aca4d865-17e7-4668-be18-d81a17da3466,2022-05-12 12:58:00,b5941a70-cf63-407e-8c24-c979e7f61e45,1900,76,1976
224e7bb9-774f-4eee-90d7-3704342c9d03,9f66b951-f268-4c8b-956b-2e2f46f067ed,2022-05-12 11:20:00,b5941a70-cf63-407e-8c24-c979e7f61e45,600,24,624
6b6249ef-914d-4403-b466-f35597a4aee5,413bce01-ac7a-4af0-8c49-23cd68b4aab5,2022-05-12 12:44:00,b5941a70-cf63-407e-8c24-c979e7f61e45,700,28,728
b354208e-230d-4756-8f64-8cb102fe13b2,4c002b7f-15e5-4722-80a2-e29fdacffe4c,2022-05-12 08:55:00,b5941a70-cf63-407e-8c24-c979e7f61e45,500,20,520
fec22e69-f9c4-47aa-85d8-107c1bc858be,ddcd9df3-9f22-42b9-9ebd-d43096c21260,2022-05-12 16:04:00,b5941a70-cf63-407e-8c24-c979e7f61e45,600,24,624
3ac53b27-d5ae-46d8-9838-498eadd951e3,da512c5b-68aa-469a-aea3-35b60e5aa607,2022-05-12 11:54:00,b5941a70-cf63-407e-8c24-c979e7f61e45,500,20,520
153bf077-b84e-4dd9-8761-91390cc3dc4d,6e64cd75-e932-49b0-b502-2525f0d050d0,2022-05-12 15:18:00,b5941a70-cf63-407e-8c24-c979e7f61e45,1900,76,1976
e0e69e30-48b2-4bf7-9665-fd99ccb58d4e,2c53805a-8a5d-4835-a8a5-363ded197da1,2022-05-12 08:32:00,b5941a70-cf63-407e-8c24-c979e7f61e45,400,16,416
5d05f61c-539d-4e56-bd00-b56df5af4876,ab048a38-1f12-4bca-ab42-1b40682f705b,2022-05-12 13:35:00,b5941a70-cf63-407e-8c24-c979e7f61e45,600,24,624
b7b1c332-4bbd-4df2-bb52-4b95788c1a54,4824e242-620a-44a3-b4aa-6d34b7342b87,2022-05-12 07:29:00,b5941a70-cf63-407e-8c24-c979e7f61e45,700,28,728
c41a4b10-32f5-4a98-a5c1-48cadb45bb46,e33acab5-9a67-4a77-9171-e8674a44c7c9,2022-05-12 09:37:00,b5941a70-cf63-407e-8c24-c979e7f61e45,0,0,0
9893c6fe-398f-4c75-8039-c184c1aebffc,f27dbbe4-c022-49a0-978f-6e63a21a1f18,2022-05-12 13:21:00,b5941a70-cf63-407e-8c24-c979e7f61e45,1700,68,1768
868a9ece-01a6-43a7-9878-aea750a55429,31841c6e-3c17-459f-825f-4fe37783068f,2022-05-12 16:22:00,b5941a70-cf63-407e-8c24-c979e7f61e45,1900,76,1976
34cc4836-4c47-49c2-be2a-69d2fc98af07,c7d32c1e-66a6-463c-9d0e-1a62583fa6c5,2022-05-12 15:32:00,b5941a70-cf63-407e-8c24-c979e7f61e45,500,20,520
8aceab48-cb1e-4eda-97d7-b0d2d1b12363,e54b719a-48b9-4990-b26b-ac3103c62963,2022-05-12 07:42:00,b5941a70-cf63-407e-8c24-c979e7f61e45,600,24,624
e12147e9-e7db-4269-b599-772d36c2b1f5,8015a6ee-2cb8-4023-bd73-83f79ca11c40,2022-05-12 07:36:00,b5941a70-cf63-407e-8c24-c979e7f61e45,600,24,624
7ab5cacb-77df-49ff-b556-00ee9f5465fe,026619ec-74af-42f0-81e5-1ae8f32fa526,2022-05-12 13:42:00,b5941a70-cf63-407e-8c24-c979e7f61e45,2000,80,2080
a2499528-4579-4342-a508-90af691cbd85,f6f7cd36-ad87-48b5-86a4-69c72ffedaf5,2022-05-12 08:08:00,b5941a70-cf63-407e-8c24-c979e7f61e45,700,28,728
00abe2c5-177e-4b50-8bb5-8b0dcd28e6c2,d495194b-5412-4a94-963f-a575a3c050a4,2022-05-12 08:08:00,b5941a70-cf63-407e-8c24-c979e7f61e45,400,16,416
6ecd8da7-f98e-4bb4-b674-9f5232c4187e,c8be7249-034b-44a3-b015-48a629b09aa0,2022-05-12 15:42:00,b3406af8-c4a9-4d2d-9e30-e06f3da01c15,700,56,756
6ab249be-f8f3-4f95-8a67-ec81c88f2d46,e43c8ecb-3f23-452b-9898-1b0dc684312f,2022-05-12 07:44:00,b3406af8-c4a9-4d2d-9e30-e06f3da01c15,500,40,540
73a53619-c902-40b3-9356-fc29cc2d7947,c44fedb1-0107-4b01-ad43-16483dd8baed,2022-05-12 07:41:00,b3406af8-c4a9-4d2d-9e30-e06f3da01c15,700,56,756
f708a0a8-8083-407a-947d-c503b9ee583c,72da3aec-c83f-4145-a832-15352c7930af,2022-05-12 14:51:00,b3406af8-c4a9-4d2d-9e30-e06f3da01c15,700,56,756
f59390d4-adcb-4ee9-9afd-f9defd123679,b25edaa5-c388-4731-911b-13dec1c9f0f4,2022-05-12 14:50:00,b3406af8-c4a9-4d2d-9e30-e06f3da01c15,600,48,648
fd9c1566-8e54-41d2-b123-2940575e865c,9486bb2e-4b6e-4d11-b2c7-68422ce31dc8,2022-05-12 07:31:00,b3406af8-c4a9-4d2d-9e30-e06f3da01c15,400,32,432
540e3cd1-529a-4fc5-a8a3-a0baf67ee4b4,46ee62e2-9de2-4a65-9acb-9324605c196d,2022-05-12 12:42:00,b3406af8-c4a9-4d2d-9e30-e06f3da01c15,500,40,540
fabb00b4-0de5-44c6-8b58-9a303e5219fa,e57fd1ce-9431-4eb9-a57e-c7f220b460a0,2022-05-12 11:34:00,b3406af8-c4a9-4d2d-9e30-e06f3da01c15,600,48,648
c6c46768-1410-4d05-8a3f-d6d3b17fd31b,74f2776c-daf7-46e8-a7dd-53b610532bc4,2022-05-12 13:47:00,b3406af8-c4a9-4d2d-9e30-e06f3da01c15,600,48,648
6745a108-28d3-4310-bae9-0e3357b44120,575b1246-f573-4082-863e-3db2825636be,2022-05-12 11:18:00,b3406af8-c4a9-4d2d-9e30-e06f3da01c15,2100,168,2268
f3948d26-3a2d-4c6c-a33a-b7e8dd6d5acc,275e94da-aa8e-4a58-a71a-2ed78ee42b09,2022-05-12 18:42:00,b3406af8-c4a9-4d2d-9e30-e06f3da01c15,400,32,432
bb2bde6e-e5f6-4ea2-a2d0-351aeb30eb58,4e118a6e-8d00-4fbf-b3a7-1c2dd411d8f0,2022-05-12 07:32:00,b3406af8-c4a9-4d2d-9e30-e06f3da01c15,700,56,756
0ca4cc03-e5cb-4250-b3e0-56c0484b0216,98dda004-b8b8-4899-b938-93da30a150a1,2022-05-12 13:01:00,b3406af8-c4a9-4d2d-9e30-e06f3da01c15,400,32,432
f482fa9d-b812-42b0-ae0d-7b7eab827c02,22fac9d3-80e8-4460-a840-888ca04de01c,2022-05-12 08:38:00,b3406af8-c4a9-4d2d-9e30-e06f3da01c15,400,32,432
0d2be202-429c-498b-8bfa-13fcf8dc4d60,8358cc3a-5993-44f8-aa25-4fb0dcbbad6e,2022-05-12 15:45:00,b3406af8-c4a9-4d2d-9e30-e06f3da01c15,700,56,756
a00290ee-ef4e-4392-a782-c1f900df0c16,88ceab79-75e6-4db6-a2bc-acd9ba60dbf3,2022-05-12 08:10:00,b3406af8-c4a9-4d2d-9e30-e06f3da01c15,700,56,756
d19b466b-99a8-4df2-ba7c-723ddc2b14d6,88effe09-4c26-4803-beff-503926d7cec1,2022-05-12 17:09:00,b3406af8-c4a9-4d2d-9e30-e06f3da01c15,2500,200,2700
f5001955-8bdc-4493-bd85-48c1b66a4d1b,abf424d5-d0e8-4868-8cc4-ec6715b3ff90,2022-05-12 17:36:00,b3406af8-c4a9-4d2d-9e30-e06f3da01c15,500,40,540
266e20ba-726f-46a3-93d8-4553b8d31b86,239435ac-7176-47ce-b7dc-bd339b0a5b87,2022-05-12 13:28:00,b3406af8-c4a9-4d2d-9e30-e06f3da01c15,600,48,648
f58b36be-665c-4610-98c0-ae8640107800,4302cbf3-971a-478c-b463-eb3284027248,2022-05-12 08:24:00,b3406af8-c4a9-4d2d-9e30-e06f3da01c15,700,56,756
5bcdfbd5-f8a8-4b7d-91b9-740d049b086f,57af21e0-6171-4029-a116-f9a48606f197,2022-05-12 16:11:00,b3406af8-c4a9-4d2d-9e30-e06f3da01c15,400,32,432
0bd84f0d-7190-4024-97ca-f766a1900da6,4cfbac8b-49fa-4480-b23c-2b3a3206d25c,2022-05-12 09:12:00,b3406af8-c4a9-4d2d-9e30-e06f3da01c15,1500,120,1620
98b4e556-ccd6-489d-ae5a-6d00ce1fc33d,3b957f8f-558e-4c9c-b7be-6dd661554b79,2022-05-12 08:03:00,b3406af8-c4a9-4d2d-9e30-e06f3da01c15,600,48,648
9c24add1-8356-4f4b-835a-93f8807b5378,064cf927-4d76-4a1c-96e2-0e2849fe3247,2022-05-12 14:45:00,b3406af8-c4a9-4d2d-9e30-e06f3da01c15,500,40,540
b7e0688a-9385-4388-b1e7-1bc5c05d941b,e7557980-b703-4b75-9726-ca57793ec2f7,2022-05-12 09:09:00,b3406af8-c4a9-4d2d-9e30-e06f3da01c15,600,48,648
54d7c4d9-a019-4c41-befd-fe259069d1fb,868bf638-2fcc-4fad-b6a8-ddf22051c14e,2022-05-12 17:54:00,b3406af8-c4a9-4d2d-9e30-e06f3da01c15,1600,128,1728
6a6493cf-5ead-457d-ad21-3ccd216950eb,2a926631-d774-40c9-9a04-d52c882b6edc,2022-05-12 17:38:00,b3406af8-c4a9-4d2d-9e30-e06f3da01c15,1900,152,2052
e7b8755a-0ca5-465d-9b21-d6baace7e2b6,d7538bff-54f1-40cf-b3e0-cf3244e312de,2022-05-12 14:41:00,b3406af8-c4a9-4d2d-9e30-e06f3da01c15,700,56,756
a25b0cd0-d701-44e6-b4c3-d3d91c9402d2,f72f6178-4c84-4146-84e0-42c9b2bdd0ef,2022-05-12 13:09:00,b3406af8-c4a9-4d2d-9e30-e06f3da01c15,600,48,648
8a5ef6ae-2327-486e-8f64-04c49c318dfe,2232f985-677f-4201-a2ef-b9936516db2a,2022-05-12 13:37:00,b3406af8-c4a9-4d2d-9e30-e06f3da01c15,1800,144,1944
494d553a-3b82-4d9a-ae9b-8822801a818d,84246c00-52db-4135-ac94-c99469e4864f,2022-05-12 08:20:00,b3406af8-c4a9-4d2d-9e30-e06f3da01c15,1200,96,1296
0342df70-f884-4d9d-ac54-02358ae09392,8de39f64-531f-4acd-af32-84ff0317bbd6,2022-05-12 17:01:00,b3406af8-c4a9-4d2d-9e30-e06f3da01c15,500,40,540
6e553b96-534e-4b4d-bffe-50fd34d5b03f,1555720b-72a8-48bb-805c-f18499ea4cf5,2022-05-12 10:23:00,b3406af8-c4a9-4d2d-9e30-e06f3da01c15,700,56,756
366067b8-7dea-4edd-aa41-e90ebd2c9845,279bb9eb-274e-4d3f-8214-4a0b76d8f3dd,2022-05-12 13:24:00,b3406af8-c4a9-4d2d-9e30-e06f3da01c15,1800,144,1944
4f2964cf-6ad8-452a-888c-d6d121e85389,b6a5a2fe-4d99-493c-8308-800f7aa53561,2022-05-12 10:48:00,b3406af8-c4a9-4d2d-9e30-e06f3da01c15,400,32,432
53418e52-36a8-40d2-8202-5e267be5f5d0,18c2a401-ed3f-4f2e-a7fb-e7e29cb6037f,2022-05-12 12:31:00,b3406af8-c4a9-4d2d-9e30-e06f3da01c15,1300,104,1404
58f97ad1-6b23-4693-bcf0-7b99771446a9,10422004-7b53-4701-ae2d-788d043f119d,2022-05-12 15:37:00,b3406af8-c4a9-4d2d-9e30-e06f3da01c15,500,40,540
0bcf60ae-7e63-4d81-a2d6-c92d2231d75c,a2091e93-b175-4a4d-a1ad-22e65dd882e2,2022-05-12 14:01:00,b3406af8-c4a9-4d2d-9e30-e06f3da01c15,500,40,540
9b4fb472-67ef-44a6-aa93-39d9d2110f17,fe61d173-a5a0-4639-9464-a1f7719807fa,2022-05-12 08:23:00,b3406af8-c4a9-4d2d-9e30-e06f3da01c15,700,56,756
2f3de06e-9067-470e-ae00-7dfa7ca42c6d,feeba5b2-ee35-494f-bf9a-fc5317519eca,2022-05-12 07:32:00,b3406af8-c4a9-4d2d-9e30-e06f3da01c15,500,40,540
009f927b-774a-4ba0-a109-f36e520e10d6,53dad1bc-76f9-4977-806f-e5433e273d58,2022-05-12 18:10:00,b3406af8-c4a9-4d2d-9e30-e06f3da01c15,400,32,432
7a5bff7d-07d6-4dba-8e50-5790548d49b5,856e13e3-732e-4d27-b681-554c8d89d267,2022-05-12 15:23:00,b3406af8-c4a9-4d2d-9e30-e06f3da01c15,1800,144,1944
f11c9904-69a4-4e12-b8ca-fa302d526874,3a64cc8e-a202-43c8-bd5c-a3261b2413eb,2022-05-12 11:38:00,b3406af8-c4a9-4d2d-9e30-e06f3da01c15,2500,200,2700
b0bd4118-dffa-4744-8b5c-b875e85cc62b,3dcda216-30ce-47c1-b61e-64e7f3fd38dc,2022-05-12 08:05:00,b3406af8-c4a9-4d2d-9e30-e06f3da01c15,500,40,540
460033fd-18be-46e0-b85d-882e95dd6d97,f27a3372-0d29-4d6a-b883-f6e124a1f046,2022-05-12 15:00:00,b3406af8-c4a9-4d2d-9e30-e06f3da01c15,1600,128,1728
a2043851-d8ba-4355-85f6-ac95c6825d30,4c14b657-2a3c-4ea5-9948-df7e1566baba,2022-05-12 08:09:00,b3406af8-c4a9-4d2d-9e30-e06f3da01c15,500,40,540
a79a0cdb-2608-451f-81b5-de586e80dec3,44835168-a3c6-4c3a-afd2-f6c657bb8ed0,2022-05-12 08:34:00,b3406af8-c4a9-4d2d-9e30-e06f3da01c15,600,48,648
c29e43e7-073d-4199-9ea0-53b460423a96,1b67a578-3e3a-496f-b2db-2e233b75a057,2022-05-12 08:44:00,b3406af8-c4a9-4d2d-9e30-e06f3da01c15,400,32,432
69be6cb4-dd92-45c8-a8b1-6340999bc90d,8c60eddd-f0d2-4fac-ae0d-7e455baf9e20,2022-05-12 13:33:00,b3406af8-c4a9-4d2d-9e30-e06f3da01c15,1400,112,1512
89de4758-8f0c-48ac-8b7a-9bc07d1aca62,e113f431-60c7-41f5-82ca-610abb42f9a3,2022-05-12 10:37:00,b3406af8-c4a9-4d2d-9e30-e06f3da01c15,1100,88,1188
c8b211e3-9152-4da1-b2e3-092694ee956b,05617299-025b-4e35-82e6-3129af08b43b,2022-05-12 08:15:00,b3406af8-c4a9-4d2d-9e30-e06f3da01c15,600,48,648
00e65b36-5dde-446e-9878-d5dc37f360ab,a2000870-ced8-44cc-9747-f8f7d5b5499d,2022-05-12 10:51:00,b3406af8-c4a9-4d2d-9e30-e06f3da01c15,2300,184,2484
19cbd493-364f-4c1f-82c1-3cda53659066,1e4d3a76-718d-4aaa-ab5c-e0ddba35223d,2022-05-12 18:35:00,b3406af8-c4a9-4d2d-9e30-e06f3da01c15,1600,128,1728
3c8dcae7-97fc-4b29-8c63-9f00d6c1c4ad,03530b0b-2cc6-45c8-9658-efd1cdcb84b1,2022-05-12 18:23:00,b3406af8-c4a9-4d2d-9e30-e06f3da01c15,500,40,540
873a1393-c62b-4109-9d3b-4fb287610291,9ad4d7d0-7c6e-4062-b82a-6c1a852fedae,2022-05-12 08:31:00,b3406af8-c4a9-4d2d-9e30-e06f3da01c15,500,40,540
1fe23dc8-0678-4e73-9c48-86b3eb659b30,c4d9214e-1a8a-4572-ab3c-d4d92c02af28,2022-05-12 08:29:00,b3406af8-c4a9-4d2d-9e30-e06f3da01c15,600,48,648
fa484be9-a7d1-497b-ae27-661dbb904b86,4149b269-ecae-4eb4-8545-98839f516b6a,2022-05-12 09:23:00,b3406af8-c4a9-4d2d-9e30-e06f3da01c15,3000,240,3240
d9306204-1448-4cbc-9fce-ac6cd31cb9f8,96926c2b-1043-47ff-8850-51e5bf2f14d8,2022-05-12 07:00:00,b3406af8-c4a9-4d2d-9e30-e06f3da01c15,700,56,756
b4112fa3-7c39-43c2-92a0-ec3aceba199a,4a9277ea-471b-44e3-91d1-812ae38ee0af,2022-05-12 08:11:00,b3406af8-c4a9-4d2d-9e30-e06f3da01c15,400,32,432
bb523283-199d-4006-b277-7db401ea9302,c363df3a-cefa-46da-aab7-940b980cae89,2022-05-12 08:52:00,b3406af8-c4a9-4d2d-9e30-e06f3da01c15,400,32,432
0bdfc25b-e1f6-4143-8954-ba90268f06c0,da1d52ce-844e-47b9-aeb1-873344c86ed5,2022-05-12 10:19:00,b3406af8-c4a9-4d2d-9e30-e06f3da01c15,1200,96,1296
396f0539-f1ce-48f5-bb05-39e86904e418,06747680-9930-4877-b467-a5cb4396185d,2022-05-12 15:19:00,b3406af8-c4a9-4d2d-9e30-e06f3da01c15,1800,144,1944
2283e5ab-1199-4ef0-a69e-3696b7bec742,5779e275-8994-4267-9474-f3a509802221,2022-05-12 18:10:00,b3406af8-c4a9-4d2d-9e30-e06f3da01c15,1100,88,1188
d84ba138-7a74-425d-aba2-619bd7b59164,88128252-2a15-43e6-9f6b-d087b22720a9,2022-05-12 08:23:00,b3406af8-c4a9-4d2d-9e30-e06f3da01c15,400,32,432
019372cd-3fb6-4094-aa41-b631280d5de5,b8a0bca5-a3fe-47b5-b54c-f11d3b3566b3,2022-05-12 13:16:00,b3406af8-c4a9-4d2d-9e30-e06f3da01c15,600,48,648
2145c2a0-b068-4522-8b3d-22c53fc0f6f2,27aa2e5e-189e-4554-bd68-cdc6769ac85e,2022-05-12 07:44:00,b3406af8-c4a9-4d2d-9e30-e06f3da01c15,700,56,756
da67dc9b-2b9f-456f-bff9-a15c47f88c7f,d038e662-59d6-4144-86f3-341b3ffade9a,2022-05-12 07:55:00,b3406af8-c4a9-4d2d-9e30-e06f3da01c15,2300,184,2484
1be2c2c0-52fb-437a-a6cf-c4c8cb5eed70,935f8df0-9ed4-421f-a330-c022fd690f49,2022-05-12 07:26:00,b3406af8-c4a9-4d2d-9e30-e06f3da01c15,500,40,540
6ea95be9-86a7-4258-a9f7-83f3a3530805,a0adc3c2-77d8-4e4b-a254-525252d95ff2,2022-05-12 11:32:00,b3406af8-c4a9-4d2d-9e30-e06f3da01c15,500,40,540
b280582b-e423-4dff-bb8c-499d013b8bd7,8b254b72-c00b-42d4-8b23-55801d3496e2,2022-05-12 17:03:00,b3406af8-c4a9-4d2d-9e30-e06f3da01c15,1200,96,1296
c894d217-ea81-4b01-9d56-ae51ab2d4654,bf98777f-16f7-465d-a17c-31e1ae97506b,2022-05-12 09:46:00,b3406af8-c4a9-4d2d-9e30-e06f3da01c15,500,40,540
86393097-0c67-429e-aec0-fdcb57ec5443,4dc43541-9eb4-418a-af40-7b08737d3c43,2022-05-12 08:18:00,b3406af8-c4a9-4d2d-9e30-e06f3da01c15,600,48,648
3febcb19-89d5-4afb-8fba-10e02266dc0e,23c89686-b6e1-4cb4-8afe-527a20aeede9,2022-05-12 07:55:00,b3406af8-c4a9-4d2d-9e30-e06f3da01c15,600,48,648
a63412fa-366b-42b1-a996-ecfea62e7e3f,095bf03a-d1cd-4d20-abd1-3f4739172cf4,2022-05-12 10:08:00,b3406af8-c4a9-4d2d-9e30-e06f3da01c15,1000,80,1080
a4701ae8-6688-491c-8ec4-326f0e3f826b,c7758618-5de9-4f71-ae03-b51042e88f76,2022-05-12 15:42:00,b3406af8-c4a9-4d2d-9e30-e06f3da01c15,1800,144,1944
1e7b414f-6acb-4293-ba4f-2bea9126ee36,d22e0d48-9bf2-4a43-b32f-2c2607d00dd5,2022-05-12 10:15:00,b3406af8-c4a9-4d2d-9e30-e06f3da01c15,4000,320,4320
d224973a-dc07-4483-a2a7-786b81daf409,80beca59-cd9e-4ff3-9d94-e1c6879c1316,2022-05-12 07:51:00,b3406af8-c4a9-4d2d-9e30-e06f3da01c15,500,40,540
925f3af3-438d-497b-9667-8f075c1d9360,2efd88fb-9b50-48f6-817a-ca2c8541cfd1,2022-05-12 07:24:00,b3406af8-c4a9-4d2d-9e30-e06f3da01c15,500,40,540
babdd4de-d5f3-47c1-b3f5-ebd4ff4e2483,268cd69b-28ea-4af8-9538-9fa9498732b9,2022-05-12 13:13:00,b3406af8-c4a9-4d2d-9e30-e06f3da01c15,2100,168,2268
7b8f1d82-0f44-45c7-af9a-f376cc1a5bf8,39138df5-0ee9-413c-9571-c4df064cba64,2022-05-12 07:54:00,b3406af8-c4a9-4d2d-9e30-e06f3da01c15,400,32,432
1d44803a-07d8-4ed4-ae19-142b25569397,99237b9e-22d6-4ea4-bdfd-187420c78483,2022-05-12 16:51:00,b3406af8-c4a9-4d2d-9e30-e06f3da01c15,400,32,432
2a37504b-3b92-4e37-92c3-1e06cf0bd1ed,ff60ce7b-ad40-4cfd-b093-f5592bb22810,2022-05-12 10:16:00,b3406af8-c4a9-4d2d-9e30-e06f3da01c15,600,48,648
ed42e7ae-ed93-4777-9823-f27d3f3c545a,f375e828-1afb-4b45-89c1-26c16035508f,2022-05-12 15:55:00,b3406af8-c4a9-4d2d-9e30-e06f3da01c15,400,32,432
de8f3e1f-fb08-4cc8-8e4d-8093d57f3284,f851a187-0388-4c20-9b76-18bdd3c92dec,2022-05-12 14:02:00,b3406af8-c4a9-4d2d-9e30-e06f3da01c15,1700,136,1836
b6268d83-ab00-48eb-aaad-335f525c0074,5771b79c-6f7a-4469-b773-289af03e59c9,2022-05-12 11:04:00,b3406af8-c4a9-4d2d-9e30-e06f3da01c15,1200,96,1296
acb51ac1-bec9-4269-88d6-0cb685033d4e,ecb26b3c-a58f-4237-90c2-d5f78efb30db,2022-05-12 14:49:00,b3406af8-c4a9-4d2d-9e30-e06f3da01c15,700,56,756
f714d7a3-145f-40ce-a596-aac73456c4d5,76c7924f-d1ef-4af5-b145-514191a0d17f,2022-05-12 11:52:00,b3406af8-c4a9-4d2d-9e30-e06f3da01c15,600,48,648
7e433999-75f3-47b1-86a3-ba019281597a,4cc1e57b-b471-4656-987b-ef25a03ca42e,2022-05-12 14:03:00,b3406af8-c4a9-4d2d-9e30-e06f3da01c15,600,48,648
6f6c8b6f-7ff7-4643-a3a1-e62b4111571b,e153b65e-f6c1-4043-932d-e1357a7d50e7,2022-05-12 08:41:00,b3406af8-c4a9-4d2d-9e30-e06f3da01c15,500,40,540
d1da9807-d4ae-4401-bfc3-62649f5f41cb,13a7703d-03d1-4063-84ca-b89d789a1738,2022-05-12 07:51:00,b3406af8-c4a9-4d2d-9e30-e06f3da01c15,700,56,756
3e1cbd41-a7dd-41f2-a892-37177c943ceb,13f6fed2-fd76-4b9a-afe2-38d310642ae3,2022-05-12 17:13:00,b3406af8-c4a9-4d2d-9e30-e06f3da01c15,2100,168,2268
8aba66ae-3106-48c0-a29c-7a20248be31e,47bdc2f3-2221-45ba-87aa-957ae3eca21b,2022-05-12 12:49:00,b3406af8-c4a9-4d2d-9e30-e06f3da01c15,400,32,432
95301110-93e2-4608-8add-9642eb1d0141,1b4695e3-474d-4a57-8330-b29e2b1e34a4,2022-05-12 09:14:00,b3406af8-c4a9-4d2d-9e30-e06f3da01c15,700,56,756
174c6fdc-7f81-486b-8cda-ce19b794664b,80a49a51-3aad-4ab0-a876-84ac983a1ecb,2022-05-12 07:57:00,b3406af8-c4a9-4d2d-9e30-e06f3da01c15,700,56,756
212017fa-e127-4657-961f-ba953fec5ff4,7b930b65-6a9e-4445-8ae1-1503b76ac988,2022-05-12 07:53:00,b3406af8-c4a9-4d2d-9e30-e06f3da01c15,600,48,648
0260f456-02f5-4870-8650-1584c6d05a1e,449f4341-9f93-4cc5-8e2a-f00ea11228b8,2022-05-12 18:11:00,b3406af8-c4a9-4d2d-9e30-e06f3da01c15,2000,160,2160
7a14e157-9ec0-4873-9424-d0666b3bd2e3,ea9d5fbe-aa7d-4e34-9eac-a2d38103cf4d,2022-05-12 09:35:00,b3406af8-c4a9-4d2d-9e30-e06f3da01c15,700,56,756
1ebb87de-7f78-473b-9c07-089936c619d3,8a87962d-68e3-4597-b43e-27b048d4439d,2022-05-12 10:30:00,b3406af8-c4a9-4d2d-9e30-e06f3da01c15,600,48,648
7d48bc7b-54d9-44ae-95b4-6c26a38b0f85,9f3d6f04-8cfa-44c8-9be8-f6257a05765d,2022-05-12 13:28:00,b3406af8-c4a9-4d2d-9e30-e06f3da01c15,600,48,648
f778f3dc-017a-4c07-9c76-d6a1728470e2,361f6a4e-0eaa-4595-9086-b3ad40e8a618,2022-05-12 07:22:00,b3406af8-c4a9-4d2d-9e30-e06f3da01c15,400,32,432
3581a856-2cb8-497a-8e9d-c8bf84b08fef,6b6847b1-c79c-4831-969c-e1b95141232c,2022-05-12 08:02:00,b3406af8-c4a9-4d2d-9e30-e06f3da01c15,600,48,648
bc2bcf55-6a71-4e1b-a0e3-71d05d7a228d,c05af6ca-529b-48e3-9cbf-d11a290da116,2022-05-12 16:50:00,b3406af8-c4a9-4d2d-9e30-e06f3da01c15,700,56,756
f69364d3-985b-4ecb-9732-4a91c23f6960,1dbd8c01-5471-4c5a-b2e4-db6418673cb3,2022-05-12 17:32:00,b3406af8-c4a9-4d2d-9e30-e06f3da01c15,600,48,648
9d45d886-7bd4-4802-95c8-8f0f2f557815,310b49e2-458d-4fc5-8c04-f4ab394152fe,2022-05-12 15:28:00,b3406af8-c4a9-4d2d-9e30-e06f3da01c15,600,48,648
03bb57c6-474a-4334-9935-c6ff4cba95ec,a5b4ca03-0415-4ab0-887f-e9c900e32790,2022-05-12 12:53:00,b3406af8-c4a9-4d2d-9e30-e06f3da01c15,400,32,432
01352d2b-4844-436e-b29f-6de4851aa441,fce60606-1c32-4073-abab-5e73f36b3302,2022-05-12 08:10:00,b3406af8-c4a9-4d2d-9e30-e06f3da01c15,500,40,540
3d342b85-8641-4c93-9837-5887dcd6ce4f,cbcda1f0-7b97-4053-ad4b-cc4b5a76e903,2022-05-12 08:31:00,b3406af8-c4a9-4d2d-9e30-e06f3da01c15,500,40,540
b1b43da9-bbab-4878-b6db-c699d2f5f491,52b280cc-66a1-4aff-a315-65a3e08ba082,2022-05-12 07:57:00,b3406af8-c4a9-4d2d-9e30-e06f3da01c15,600,48,648
916759d2-c4cb-44bc-a050-91891f606089,db206fbc-6df6-47aa-9f6c-7d3bdce9e3c5,2022-05-12 08:19:00,b3406af8-c4a9-4d2d-9e30-e06f3da01c15,600,48,648
7fc02d22-69c4-4ddd-94e6-51dd8f606eca,c2085572-8827-4de1-ac06-5f3d40324313,2022-05-12 08:42:00,b3406af8-c4a9-4d2d-9e30-e06f3da01c15,400,32,432
2f6ae401-6823-41f2-9cd1-015bf449b497,d4954aec-b60d-426c-9058-f2d3d61ecf7f,2022-05-12 18:21:00,b3406af8-c4a9-4d2d-9e30-e06f3da01c15,2500,200,2700
1211f73b-6f87-420a-89a6-ef5c29173b8b,663ea5e3-7ce6-4aad-b8d2-4125e48ff362,2022-05-12 12:06:00,b3406af8-c4a9-4d2d-9e30-e06f3da01c15,400,32,432
1a84293b-79b1-4a8a-bda2-6a82f8cb46de,8429261b-8ba3-41d8-beda-f33f31540c22,2022-05-12 15:16:00,b3406af8-c4a9-4d2d-9e30-e06f3da01c15,700,56,756
a7c6ba65-df42-4d0b-bd18-92909bd246ce,3254d2fb-f762-4502-ad4f-6f57b4a21620,2022-05-12 07:16:00,b3406af8-c4a9-4d2d-9e30-e06f3da01c15,700,56,756
33d1567c-a619-4137-a281-3574071e46be,a2fcb9a7-aaa5-4383-a4fb-21687e933dde,2022-05-12 16:51:00,b3406af8-c4a9-4d2d-9e30-e06f3da01c15,500,40,540
ae7d3f1f-836b-4ac3-8391-ebf64cf555e9,794398f0-d003-410e-81b9-97cfb53b31d1,2022-05-12 13:18:00,b3406af8-c4a9-4d2d-9e30-e06f3da01c15,600,48,648
c900c20c-8d9b-4793-9860-28f27701c0da,39fb828a-b832-4f0a-8967-0e343ba7c360,2022-05-12 13:25:00,b3406af8-c4a9-4d2d-9e30-e06f3da01c15,600,48,648
fa5e1b37-1b2f-4c17-a5e1-155ce96b5285,e84bffdc-b85d-42a5-900a-67979727373d,2022-05-12 08:18:00,b3406af8-c4a9-4d2d-9e30-e06f3da01c15,400,32,432
d6d294c3-fb0f-4914-898e-01d90142e766,0acbf411-6839-44f0-8956-631074bb22e0,2022-05-12 16:33:00,b3406af8-c4a9-4d2d-9e30-e06f3da01c15,500,40,540
f6113796-76e2-4d91-b4d3-86ea85af41b0,25ac8d3c-f20d-445c-98a5-92ba07716d01,2022-05-12 07:17:00,b3406af8-c4a9-4d2d-9e30-e06f3da01c15,600,48,648
be0972ec-5756-448c-99fd-4e6377cd8d28,1892dd7a-8ba7-4839-891c-a1faa3c38b01,2022-05-12 13:19:00,b3406af8-c4a9-4d2d-9e30-e06f3da01c15,500,40,540
d8ecc0bc-b1dc-46a2-a04e-5e0eeb807d02,423631a6-92ea-471b-88bc-c47f120439ff,2022-05-12 19:58:00,b3406af8-c4a9-4d2d-9e30-e06f3da01c15,2100,168,2268
d56610ad-21b5-448e-aecf-730ea73f8110,1d402c5f-2fac-4f95-9d30-6ef180da3feb,2022-05-12 17:54:00,b3406af8-c4a9-4d2d-9e30-e06f3da01c15,1600,128,1728
b5c7620a-103a-4a1f-bbfd-323c93772224,c9a27e2e-04e1-4bb4-b573-24236a552b08,2022-05-12 11:07:00,b3406af8-c4a9-4d2d-9e30-e06f3da01c15,5200,416,5616
487c6c26-71f7-4698-b620-4c5019b99b97,881b46ba-02e1-4cbb-8806-031dc3bbeca7,2022-05-12 16:24:00,b3406af8-c4a9-4d2d-9e30-e06f3da01c15,1900,152,2052
71a66c62-3e12-4d81-afc9-bd23e42823b0,d3873be4-b64c-42ee-84b6-5bb82cfc5320,2022-05-12 16:47:00,b3406af8-c4a9-4d2d-9e30-e06f3da01c15,1600,128,1728
ae3480fa-e620-45ec-b014-3cd91ccdc236,f2f7747d-afbe-47b0-b53b-b1befdd2248f,2022-05-12 07:02:00,b3406af8-c4a9-4d2d-9e30-e06f3da01c15,600,48,648
f1aed175-b31c-44e2-bfec-bad2b820aa6a,9218401a-a3fe-4361-b974-75ab3912ede2,2022-05-12 08:42:00,b3406af8-c4a9-4d2d-9e30-e06f3da01c15,600,48,648
4a247f8b-7944-4037-8f7a-29e90f01e0c2,8d65ca70-f409-4ca5-8358-00184b8ca792,2022-05-12 07:40:00,b3406af8-c4a9-4d2d-9e30-e06f3da01c15,600,48,648
54c43bd0-37cf-42bf-94f4-28cba4ad4314,a458afe9-c65f-409f-8219-b305bca5a3cf,2022-05-12 08:43:00,b3406af8-c4a9-4d2d-9e30-e06f3da01c15,500,40,540
13c5d099-6a2b-458a-8e8d-7f7969a32358,86b0709f-3cb4-4745-a48f-d886fb407676,2022-05-12 08:19:00,b3406af8-c4a9-4d2d-9e30-e06f3da01c15,700,56,756
f26744d1-d556-4556-aca9-cc85fe7c3175,a007d2c8-f005-484a-9bba-492bde02b53a,2022-05-12 07:45:00,b3406af8-c4a9-4d2d-9e30-e06f3da01c15,400,32,432
0e3d543f-70b4-4186-ad14-c8914172aee0,e16a6ba6-9dd7-494f-8317-85068747c218,2022-05-12 08:57:00,b3406af8-c4a9-4d2d-9e30-e06f3da01c15,600,48,648
52350dde-c837-446d-85a4-bd7209ccd4cf,2f45a670-e065-4371-8202-083f6698877c,2022-05-12 08:59:00,b3406af8-c4a9-4d2d-9e30-e06f3da01c15,700,56,756
017922b7-061c-472d-969f-79acb393a635,0a99f923-70d6-40f5-8870-92a09715bce2,2022-05-12 08:20:00,b3406af8-c4a9-4d2d-9e30-e06f3da01c15,700,56,756
ef8f106a-40d1-493a-a793-e7ce8a39d4e2,ed5ab19d-1777-4342-ab81-aa1bc6f6b498,2022-05-12 12:13:00,b3406af8-c4a9-4d2d-9e30-e06f3da01c15,400,32,432
1329ca75-640a-4592-ab9e-dfd43260d336,27007e99-75c0-4708-bd7c-7d588972a823,2022-05-12 08:13:00,b3406af8-c4a9-4d2d-9e30-e06f3da01c15,600,48,648
5aa595a8-7a41-465d-91c8-8e2e6368f171,7d0d3560-9574-4d65-a9b3-a026cb9b0bbe,2022-05-12 18:22:00,b3406af8-c4a9-4d2d-9e30-e06f3da01c15,1200,96,1296
8b0ee43b-81e1-4535-b5c2-bdc11b11fc51,5c34ed01-e5d5-4589-b968-4286a6b2c3cf,2022-05-12 07:43:00,b3406af8-c4a9-4d2d-9e30-e06f3da01c15,500,40,540
1e2ac481-5626-426a-be14-6959f48978e0,f986eceb-8694-41cf-ae4c-2be2024e8781,2022-05-12 07:54:00,b3406af8-c4a9-4d2d-9e30-e06f3da01c15,500,40,540
b6bd87a1-8c9b-4e38-b477-d526b0f0013b,b4d7bbaf-cc87-47f2-a964-1a64d7d18e19,2022-05-12 07:56:00,b3406af8-c4a9-4d2d-9e30-e06f3da01c15,400,32,432
be4fa4a3-5d5f-44ba-8c4e-60129cdaf8f0,6e33e101-a26d-4b95-b7a0-e5a77ebc64dd,2022-05-12 07:02:00,b3406af8-c4a9-4d2d-9e30-e06f3da01c15,700,56,756
b2b733f9-b7f2-49d2-a8de-ddbf9610a6fa,4c529355-b86a-410a-bd67-d69a08e26469,2022-05-12 13:50:00,b3406af8-c4a9-4d2d-9e30-e06f3da01c15,700,56,756
e0340b13-9ba3-4f69-b094-91ca938dcadb,e1850c0e-781b-4ab6-9df3-0574ffb34203,2022-05-12 07:10:00,b3406af8-c4a9-4d2d-9e30-e06f3da01c15,600,48,648
0f6de36e-9df5-4aeb-a5c3-52e73acc0894,ec153219-abcb-4073-8ea0-61706b75c2d4,2022-05-12 13:43:00,b3406af8-c4a9-4d2d-9e30-e06f3da01c15,1500,120,1620
04821296-0186-4642-a979-865232c0752e,b8ebe9c1-1add-4673-afe5-93f07113de45,2022-05-12 12:52:00,b3406af8-c4a9-4d2d-9e30-e06f3da01c15,4900,392,5292
a808cc0c-6474-44b0-80de-742a7a5ee34f,f487f45c-143d-4d73-9d45-d6d9a100bafa,2022-05-12 07:58:00,b3406af8-c4a9-4d2d-9e30-e06f3da01c15,600,48,648
00ef8c78-692c-40dd-9bbd-56edc156580e,abb9bca3-59ae-4a9f-b115-16c1c3bf57ef,2022-05-12 07:38:00,b3406af8-c4a9-4d2d-9e30-e06f3da01c15,500,40,540
a8a90372-1b9e-441a-beac-a23102113c21,2bd22f13-76a5-4011-bef8-686940d3ba2d,2022-05-12 10:16:00,b3406af8-c4a9-4d2d-9e30-e06f3da01c15,1400,112,1512
b9d3b0fe-66c8-407c-81b0-200f2bf1a51a,a1932494-1e79-4f11-90d6-2c3d14b17ff9,2022-05-12 08:13:00,b3406af8-c4a9-4d2d-9e30-e06f3da01c15,500,40,540
3ece9379-f805-4620-894f-09cddfb82a1f,6dd8ff30-cee1-4a7a-9ccd-dfa7018493e7,2022-05-12 11:15:00,b3406af8-c4a9-4d2d-9e30-e06f3da01c15,3600,288,3888
88b5b1ce-e130-451a-ba32-0cdce5527f11,0a996dc6-ec23-473c-964f-78456fbcf5da,2022-05-12 07:22:00,b3406af8-c4a9-4d2d-9e30-e06f3da01c15,400,32,432
32ab66f5-5dc0-4120-ba9e-aa1a88c6a7f6,ff396751-b162-46df-8c81-61f6062eab97,2022-05-12 15:35:00,b3406af8-c4a9-4d2d-9e30-e06f3da01c15,600,48,648
d46fb03e-e9dc-4152-ae91-7ddf8f2b4f91,598e831c-2388-4cb6-9cf0-22e14fee9400,2022-05-12 13:33:00,b3406af8-c4a9-4d2d-9e30-e06f3da01c15,400,32,432
03bbc490-f9f8-4114-8b7a-61eded613b6c,09afb464-d131-423d-a7a7-10d3f6093399,2022-05-12 09:00:00,b3406af8-c4a9-4d2d-9e30-e06f3da01c15,700,56,756
c80e9635-2752-4d88-be31-5cf8f0ea4ad7,aa665be8-f1e3-4044-9620-f83b294f8b69,2022-05-12 15:38:00,b3406af8-c4a9-4d2d-9e30-e06f3da01c15,600,48,648
c6706b6c-972a-4795-b065-bc9fe9b69bd6,30bb7b4b-20a7-4691-a3fc-4b196f282c03,2022-05-12 16:06:00,b3406af8-c4a9-4d2d-9e30-e06f3da01c15,500,40,540
976d8f75-9a51-4e3b-bb7e-eed6b62d376a,96a08a67-3a4f-4c5f-a78b-79cc00ce235c,2022-05-12 07:32:00,b3406af8-c4a9-4d2d-9e30-e06f3da01c15,500,40,540
610d5892-3e5a-41e0-a52a-f8a40e05b555,608ca642-8a7f-4061-86a0-b0b6ca27da21,2022-05-12 15:38:00,b3406af8-c4a9-4d2d-9e30-e06f3da01c15,600,48,648
c75fccf4-77c7-45e4-ac81-ef0b6ad83d75,f2786374-fd22-43a8-96d8-929e18656d5a,2022-05-12 18:37:00,b3406af8-c4a9-4d2d-9e30-e06f3da01c15,2300,184,2484
adcdbd77-ba58-4bb5-88d5-a12968b7aa48,a1ad81da-9458-4b70-a0ef-c189af7d837c,2022-05-12 11:27:00,b3406af8-c4a9-4d2d-9e30-e06f3da01c15,600,48,648
92928018-2499-4d0e-9c2e-c22741dfca53,318d3c38-cc45-4e02-bc63-99141525c4f3,2022-05-12 08:19:00,b3406af8-c4a9-4d2d-9e30-e06f3da01c15,600,48,648
d814789f-77d5-4026-93f2-f466bd7a1aed,6f84ddb9-2ff6-47b8-a17c-3768afb7c1de,2022-05-12 15:15:00,b3406af8-c4a9-4d2d-9e30-e06f3da01c15,600,48,648
5e8310b3-c2a9-4680-9dba-e59172dad576,03e63491-df23-46b5-aa4e-70612e0286c3,2022-05-12 08:02:00,b3406af8-c4a9-4d2d-9e30-e06f3da01c15,400,32,432
68fb4629-cc33-434a-bf6a-15b0f4a60872,f84d9433-99fb-4dc1-a7b4-ed28df01589c,2022-05-12 07:14:00,b3406af8-c4a9-4d2d-9e30-e06f3da01c15,600,48,648
dc7b1850-7bb8-4776-b402-f315b6b12049,89f23a88-e155-403c-81b7-74624a2a8b7c,2022-05-12 08:38:00,b3406af8-c4a9-4d2d-9e30-e06f3da01c15,600,48,648
132c1edd-b201-41fe-b640-8fb9a1b58adb,6955924f-52b4-4a14-8a1a-4141c64f990f,2022-05-12 07:44:00,b3406af8-c4a9-4d2d-9e30-e06f3da01c15,600,48,648
33887f07-e540-4a64-b892-5d3915cf8597,3a34f173-2b77-44ba-92da-28e10ad98f0f,2022-05-12 16:27:00,b3406af8-c4a9-4d2d-9e30-e06f3da01c15,1900,152,2052
4a10f54a-4d5a-4413-b5e9-5b669e979b1c,528277e8-4ab5-4238-8977-eef05607a07b,2022-05-12 15:04:00,b3406af8-c4a9-4d2d-9e30-e06f3da01c15,1900,152,2052
a5c11a8c-5b79-4ef8-bc8f-f8188343d278,3ced9be5-34a5-4ecb-b0c6-0914d923f289,2022-05-12 08:21:00,b3406af8-c4a9-4d2d-9e30-e06f3da01c15,500,40,540
74c37434-97e7-46fb-ba3d-6353194b26be,0f3e973c-42e0-4b6d-8940-db51a4fbdfaf,2022-05-12 08:13:00,b3406af8-c4a9-4d2d-9e30-e06f3da01c15,400,32,432
3c37620f-7036-48e0-9ca1-1e1e7760eff5,4a5e57dc-e244-4e0d-8e41-6c0deca10336,2022-05-12 08:24:00,b3406af8-c4a9-4d2d-9e30-e06f3da01c15,400,32,432
894e044a-4fac-4024-aa36-9faa8d6e5fe5,31a4ccea-3d90-4e67-a6f8-8d990cfffd1a,2022-05-12 08:30:00,b3406af8-c4a9-4d2d-9e30-e06f3da01c15,400,32,432
7d357ab3-bd1a-421c-946e-ff6c35d84a4a,86faf3a1-bcd6-4bd4-8900-ba8ed0ffe0f2,2022-05-12 07:05:00,b3406af8-c4a9-4d2d-9e30-e06f3da01c15,700,56,756
c366093e-6aef-4584-b1b7-82fcb78894ac,a709f29f-6f8e-4f51-b1b6-0d7e99fe176a,2022-05-12 12:32:00,b3406af8-c4a9-4d2d-9e30-e06f3da01c15,3400,272,3672
424a59fc-945f-4edd-b099-c634c1271ec4,50823f14-a532-448f-a310-02980e02795d,2022-05-12 17:49:00,b3406af8-c4a9-4d2d-9e30-e06f3da01c15,1600,128,1728
a9805d8d-a895-4a83-a339-828ea229e32a,87f0edf1-082f-460b-bc4f-9e72db2598ec,2022-05-12 08:04:00,b3406af8-c4a9-4d2d-9e30-e06f3da01c15,500,40,540
62d61a7a-8cbf-44a0-b4a9-c3a1ebfb93ff,06a02b8b-8290-49eb-a59a-1ed359cee4d9,2022-05-12 08:02:00,b3406af8-c4a9-4d2d-9e30-e06f3da01c15,600,48,648
59d57f5a-a001-439a-8ccc-8c883647862e,b7af6b39-c4de-481a-95b9-872e4b399c9e,2022-05-12 08:43:00,b3406af8-c4a9-4d2d-9e30-e06f3da01c15,1200,96,1296
f20eed0e-a363-4c91-9e71-c948f3574feb,44a1345c-83cd-4105-bc81-eb61a59948bc,2022-05-12 07:54:00,b3406af8-c4a9-4d2d-9e30-e06f3da01c15,400,32,432
5b09eeed-1d09-4f0b-acc9-3516baf1baa5,abd96f0c-1f71-4940-b799-0029d8748822,2022-05-12 07:43:00,b3406af8-c4a9-4d2d-9e30-e06f3da01c15,500,40,540
a6704f80-b96b-43be-adb1-c0bf4c6e63d9,c26ac399-6c40-4f9c-8b03-1ec608843dee,2022-05-12 07:27:00,b3406af8-c4a9-4d2d-9e30-e06f3da01c15,500,40,540
4af5ef06-77ef-498e-a4f0-f580b8a7ac2a,41d3c1c8-55d5-47f3-9b6b-15af76bc1687,2022-05-12 12:03:00,b3406af8-c4a9-4d2d-9e30-e06f3da01c15,600,48,648
c6a3a8c7-ed17-428c-9e35-1659fb4c0d28,4190f662-1219-4f03-803f-413f95e73ac8,2022-05-12 16:18:00,b3406af8-c4a9-4d2d-9e30-e06f3da01c15,1800,144,1944
0465112c-3e41-42ae-8657-08afc9aaa3f9,e035ac52-ddc6-40b9-8ff0-323f85959735,2022-05-12 14:09:00,b3406af8-c4a9-4d2d-9e30-e06f3da01c15,2400,192,2592
465615e4-8d48-4432-bed2-857a37c462a5,a8998506-bf65-496e-b0cd-f9f69e104054,2022-05-12 10:54:00,b3406af8-c4a9-4d2d-9e30-e06f3da01c15,700,56,756
34234b50-ffb9-485e-bf06-42b36b657768,d95f31c5-538e-45b8-b561-b1a13cdfef1e,2022-05-12 07:52:00,b3406af8-c4a9-4d2d-9e30-e06f3da01c15,600,48,648
94825150-7d7b-413e-8985-50ac801203b5,5d57c1e8-4c29-4872-bde9-61fb5e8111cb,2022-05-12 16:20:00,b3406af8-c4a9-4d2d-9e30-e06f3da01c15,1500,120,1620
108a92d6-9b24-4569-803d-44d5bd3216bc,d593cb3f-5c32-4ae8-b090-2b2d6cc364e0,2022-05-12 08:15:00,b3406af8-c4a9-4d2d-9e30-e06f3da01c15,600,48,648
1f48d7d2-7c03-486b-9265-c72321e38902,f99ecdb6-6f31-4a22-a1bb-a9151ecd5616,2022-05-12 12:12:00,b3406af8-c4a9-4d2d-9e30-e06f3da01c15,1300,104,1404
5592dce6-2b99-423e-b407-6fbd0722d0f2,722c012f-efd2-49d0-8fd3-047157c22e79,2022-05-12 08:04:00,b3406af8-c4a9-4d2d-9e30-e06f3da01c15,400,32,432
40b4493e-b911-403f-add6-415c8be9d496,6acbf0ba-f1c3-49cc-963a-d0c2f7c4d8f5,2022-05-12 08:00:00,b3406af8-c4a9-4d2d-9e30-e06f3da01c15,600,48,648
eb510665-4261-4309-baad-118d3ef99c74,2a47cf71-066f-4856-941a-0dcedb495e25,2022-05-12 07:39:00,b3406af8-c4a9-4d2d-9e30-e06f3da01c15,400,32,432
ee7b8430-b90f-4fa8-bbd8-d9745ae1ecc8,709e1ebc-a13e-4513-af01-7be3db5969f0,2022-05-12 17:19:00,b3406af8-c4a9-4d2d-9e30-e06f3da01c15,600,48,648
5ac8b779-a858-4268-8b3d-5c1cecc84338,dfcbcca6-3b8b-4b74-8b8a-35d542b61bea,2022-05-12 07:59:00,b3406af8-c4a9-4d2d-9e30-e06f3da01c15,700,56,756
c2580b78-7bf9-4198-9cf1-3bb92e209538,5169248c-0343-424f-9004-6c4898defb2e,2022-05-12 15:13:00,b3406af8-c4a9-4d2d-9e30-e06f3da01c15,1100,88,1188
4b647310-8849-45d7-8500-710cd8fb0bc5,3e0bfbc5-de9c-4029-9e07-9abf3ea45e78,2022-05-12 09:09:00,b3406af8-c4a9-4d2d-9e30-e06f3da01c15,600,48,648
53c0e072-fc37-485a-9fac-364fd8324a57,19f5d8a1-6ea7-4cf1-a579-6255b6bfe1a2,2022-05-12 16:49:00,b3406af8-c4a9-4d2d-9e30-e06f3da01c15,400,32,432
61ceae9f-87cc-4e2d-8505-72f41da76b37,5f7050b5-70b0-4e68-87ca-3057e2b22fec,2022-05-12 07:57:00,b3406af8-c4a9-4d2d-9e30-e06f3da01c15,600,48,648
c0d50b0a-a937-4a5a-b461-f399ec4a147b,cf232296-6a6b-4d24-9a71-2649bcbac8c1,2022-05-12 13:37:00,b3406af8-c4a9-4d2d-9e30-e06f3da01c15,1300,104,1404
e7c588a5-6749-4cb0-b448-865b336317f8,58618b9b-fd0a-4274-bbe4-0fe50a9d9a88,2022-05-12 16:02:00,b3406af8-c4a9-4d2d-9e30-e06f3da01c15,1900,152,2052
69ce8cb5-84bf-4555-8a0a-9f9178fc6b87,a4f9127b-d74a-4f58-810f-420971b161f1,2022-05-12 15:05:00,b3406af8-c4a9-4d2d-9e30-e06f3da01c15,400,32,432
bd979edf-2aba-4cec-93b9-442fa57b9abf,69f7975c-4dc8-44dc-a8cd-1ada09c809f4,2022-05-12 08:04:00,b3406af8-c4a9-4d2d-9e30-e06f3da01c15,500,40,540
e4daa07b-37d5-4278-9efb-f8da7961b911,93437d2a-3844-4289-b40d-fddae4789e9f,2022-05-12 07:48:00,b3406af8-c4a9-4d2d-9e30-e06f3da01c15,400,32,432
d200d45c-e054-4b01-993f-f8a4766355f4,96f755ed-3cd7-4c7a-a270-c8decb7e333c,2022-05-12 08:00:00,b3406af8-c4a9-4d2d-9e30-e06f3da01c15,500,40,540
4fe06b42-b03a-4c8e-94ab-522c57561d63,5426db7a-b305-431e-981b-30fb5a510434,2022-05-12 07:48:00,b3406af8-c4a9-4d2d-9e30-e06f3da01c15,400,32,432
f86a2a71-7877-4e21-934a-5824476fc281,783a4c82-83fb-4f38-8f75-4a7e4824221c,2022-05-12 15:21:00,b3406af8-c4a9-4d2d-9e30-e06f3da01c15,500,40,540
4be167bc-41a3-4b5f-a937-67ece166880a,679485b7-5dd6-41b6-b898-8ef7079bc93a,2022-05-12 17:54:00,b3406af8-c4a9-4d2d-9e30-e06f3da01c15,400,32,432
4a8c2cfc-0184-4b7d-a1f6-10d759fc1e60,6abd1eaa-ddec-4830-9213-0c88cbf37819,2022-05-12 07:50:00,b3406af8-c4a9-4d2d-9e30-e06f3da01c15,500,40,540
17342688-ba12-4973-82b2-c9936d1dd719,da5f74ed-37ae-4e24-a565-e28f636b84c1,2022-05-12 07:29:00,b3406af8-c4a9-4d2d-9e30-e06f3da01c15,600,48,648
6ba1e9f6-fbea-4338-b41e-277632f1ab65,f2c43620-2285-47a4-9419-0fb60eb8d25a,2022-05-12 08:28:00,b3406af8-c4a9-4d2d-9e30-e06f3da01c15,500,40,540
107cf822-1277-4542-8bc4-18e482f7c17d,3bd451ff-c133-4697-ac9d-1dfee63011f5,2022-05-12 09:35:00,b3406af8-c4a9-4d2d-9e30-e06f3da01c15,1700,136,1836
64bc048f-9a06-44ca-9037-76cfdcbada3c,780dac38-0863-491a-b46d-bc3cd528c1e4,2022-05-12 08:21:00,b3406af8-c4a9-4d2d-9e30-e06f3da01c15,700,56,756
ae2890ee-760e-4df0-a4ee-b55be69a6562,2a2621d7-3929-4b01-ba9c-c91bc485bd78,2022-05-12 09:57:00,b3406af8-c4a9-4d2d-9e30-e06f3da01c15,400,32,432
e6b51918-53d5-4cec-8c6e-3476e71cd72a,4c25cfbb-7971-47e1-be1f-7a5110941d8e,2022-05-12 15:19:00,b3406af8-c4a9-4d2d-9e30-e06f3da01c15,600,48,648
